date_time,id,box
2016-04-29 21:16:24,00075D1338,K8
2016-04-29 21:29:10,00075D1338,K8
2016-04-29 21:51:27,00075D1338,K8
2016-04-29 22:00:44,0006B35440,K8
2016-04-29 22:09:44,0006B35440,K8
2016-04-29 22:09:46,00075D1338,K8
2016-04-29 22:34:22,0006B34FCA,K8
2016-04-29 22:42:32,00075D1338,K8
2016-04-29 22:53:30,00075D1338,K8
2016-04-29 23:21:22,00074F4107,K8
2016-04-29 23:23:39,00074F4107,K8
2016-04-29 23:23:41,00075D1338,K8
2016-04-30 01:20:07,00061D4D10,K8
2016-04-30 01:30:57,00065EBF3C,K8
2016-04-30 01:37:13,00065EBF3C,K8
2016-04-30 02:11:27,00075D1338,K8
2016-04-30 02:13:56,00065EBF3C,K8
2016-04-30 02:48:28,00068E1A0D,K8
2016-04-30 03:05:27,00075D1338,K8
2016-04-30 03:28:22,0006B3A093,K8
2016-04-30 03:36:48,0006B294D3,K8
2016-04-30 03:46:30,00074F0832,K8
2016-04-30 03:56:18,0006B35440,K8
2016-04-30 04:04:27,00075D1338,K8
2016-04-30 04:18:18,0006B34FCA,K8
2016-04-30 04:41:41,0006B3775E,K8
2016-04-30 04:45:16,0006B3775E,K8
2016-04-30 04:54:55,0006B34F91,K8
2016-04-30 21:18:48,00075D1338,K8
2016-04-30 21:20:06,00075D8712,K8
2016-04-30 21:21:00,0006B34FCA,K8
2016-04-30 21:27:17,00075D1338,K8
2016-04-30 21:46:21,00074F4107,K8
2016-04-30 21:55:10,00074F4107,K8
2016-04-30 21:55:13,00075D1338,K8
2016-04-30 22:02:58,00074F4107,K8
2016-04-30 22:48:24,0006B3A093,K8
2016-04-30 22:49:57,00075D1338,K8
2016-04-30 22:53:21,00065EBF3C,K8
2016-04-30 23:04:54,0006B34FCA,K8
2016-04-30 23:17:00,00075D1338,K8
2016-04-30 23:18:27,0006B34F91,K8
2016-04-30 23:35:39,00065EBF3C,K8
2016-04-30 23:42:19,00074F0832,K8
2016-04-30 23:43:05,0006B34FCA,K8
2016-04-30 23:50:25,0006B35440,K8
2016-04-30 23:54:51,00075D1338,K8
2016-04-30 23:59:15,00074F0832,K8
2016-05-01 00:03:05,00068E1A0D,K8
2016-05-01 00:08:08,0006B34F91,K8
2016-05-01 00:14:26,00074FA4F8,K8
2016-05-01 00:26:10,00075D1338,K8
2016-05-01 00:40:26,0006B34FCA,K8
2016-05-01 00:45:49,00068E1A0D,K8
2016-05-01 00:45:56,00075D8712,K8
2016-05-01 00:57:32,00065EBF3C,K8
2016-05-01 00:58:52,00074FA4F8,K8
2016-05-01 00:59:50,00068E1A0D,K8
2016-05-01 01:22:31,0006B34FCA,K8
2016-05-01 01:25:06,00068E1A0D,K8
2016-05-01 01:27:57,0006B34FCA,K8
2016-05-01 01:30:24,00075D1338,K8
2016-05-01 01:57:08,00075D1338,K8
2016-05-01 02:25:21,00075D1338,K8
2016-05-01 02:49:06,00075D1338,K8
2016-05-01 03:19:59,00065EBF3C,K8
2016-05-01 03:29:46,00065EBF3C,K8
2016-05-01 03:45:15,00075D1338,K8
2016-05-01 03:56:06,00065EBF3C,K8
2016-05-01 03:58:35,0006B39900,K8
2016-05-01 04:07:14,00075D1338,K8
2016-05-01 04:13:31,00065EBF3C,K8
2016-05-01 04:14:03,0006B39900,K8
2016-05-01 04:14:43,00068E1A0D,K8
2016-05-01 04:18:36,0006B294D3,K8
2016-05-01 04:20:40,0006B39900,K8
2016-05-01 04:22:45,0006B34FCA,K8
2016-05-01 04:35:55,00068E1A0D,K8
2016-05-01 04:36:49,00061D4D10,K8
2016-05-01 04:41:29,00075D1338,K8
2016-05-01 04:46:03,0006B34FCA,K8
2016-05-01 04:47:59,00074FA4F8,K8
2016-05-01 04:49:20,0006B34F91,K8
2016-05-01 04:50:08,00068E1A0D,K8
2016-05-01 04:50:49,00074F0832,K8
2016-05-01 04:51:19,00065EBF3C,K8
2016-05-01 04:52:54,00075D8712,K8
2016-05-01 04:55:31,0006B34FCA,K8
2016-05-01 04:59:02,0006B3775E,K8
2016-05-01 05:04:37,00074F4107,K8
2016-05-01 21:35:29,0006B34FCA,K8
2016-05-01 21:59:36,00075D1338,K8
2016-05-01 22:13:44,00075D1338,K8
2016-05-01 22:21:28,00065EBF3C,K8
2016-05-01 22:27:26,0006CC2E5A,K8
2016-05-01 22:52:05,0006CC2E5A,K8
2016-05-02 03:44:54,00075D1338,K8
2016-05-02 03:48:34,0006B39900,K8
2016-05-02 03:49:08,00074F0832,K8
2016-05-02 03:52:58,0006B39900,K8
2016-05-02 03:52:59,00075D1338,K8
2016-05-02 03:53:04,00074F0832,K8
2016-05-02 04:23:56,00061D4D10,K8
2016-05-02 04:24:22,0006B3775E,K8
2016-05-02 04:24:39,00068E1A0D,K8
2016-05-02 04:29:00,0006B294D3,K8
2016-05-02 04:31:25,00075D1338,K8
2016-05-02 04:32:30,00074FA4F8,K8
2016-05-02 04:34:07,0006B34FCA,K8
2016-05-02 04:34:18,0006B39900,K8
2016-05-02 04:40:05,00074FA290,K8
2016-05-02 04:40:11,00074F238E,K8
2016-05-02 04:40:29,0006B3A093,K8
2016-05-02 04:40:34,0006B2A1D2,K8
2016-05-02 04:44:35,00065EBF3C,K8
2016-05-02 04:46:58,0006B34F91,K8
2016-05-02 04:50:18,00074F4107,K8
2016-05-02 23:48:53,00065EBF3C,K8
2016-05-03 00:17:22,00065EBF3C,K8
2016-05-03 00:21:49,00074FA290,K8
2016-05-03 01:47:10,00074FA290,K8
2016-05-03 01:53:04,00065EBF3C,K8
2016-05-03 02:06:03,00065EBF3C,K8
2016-05-03 03:15:46,0006B3775E,K8
2016-05-03 03:24:42,0006B3775E,K8
2016-05-03 03:26:55,0006B35440,K8
2016-05-03 03:28:22,00074FA290,K8
2016-05-03 04:03:46,00061D4D10,K8
2016-05-03 04:16:30,00074F4107,K8
2016-05-03 04:18:00,0006B294D3,K8
2016-05-03 04:20:34,00074F0832,K8
2016-05-03 04:23:12,00075D1338,K8
2016-05-03 04:31:17,0006B34F91,K8
2016-05-03 04:32:59,00068E1A0D,K8
2016-05-03 04:41:19,00074FA4F8,K8
2016-05-03 04:42:15,0006B34FCA,K8
2016-05-03 04:50:27,0006B3775E,K8
2016-05-03 04:50:59,00065EBF3C,K8
2016-05-03 04:51:28,0006B3A093,K8
2016-05-03 04:52:01,0006B39900,K8
2016-05-03 21:34:08,00074F4107,K8
2016-05-03 21:34:58,00074FA290,K8
2016-05-03 21:38:56,00075D1338,K8
2016-05-03 21:39:01,0006B39900,K8
2016-05-03 21:39:11,0006B34F91,K8
2016-05-03 21:39:28,0006B3775E,K8
2016-05-03 21:40:00,00075D8712,K8
2016-05-03 21:40:40,00074F238E,K8
2016-05-03 21:49:51,0006B3A093,K8
2016-05-03 21:51:03,00075D8712,K8
2016-05-03 21:53:04,00068E1A0D,K8
2016-05-03 21:53:06,00074F0832,K8
2016-05-03 21:53:27,0006B2A1D2,K8
2016-05-03 21:54:41,0006B35440,K8
2016-05-03 21:55:59,0006B34FCA,K8
2016-05-03 22:00:25,00075D8712,K8
2016-05-04 03:25:52,00065EBF3C,K8
2016-05-04 03:29:21,00065EBF3C,K8
2016-05-04 04:24:56,00065EBF3C,K8
2016-05-04 04:27:55,0006B3A093,K8
2016-05-04 04:28:14,00068E1A0D,K8
2016-05-04 04:31:43,00075D1338,K8
2016-05-04 04:41:42,0006B3775E,K8
2016-05-04 04:41:51,0006B294D3,K8
2016-05-04 04:42:00,0006B34FCA,K8
2016-05-04 04:42:16,0006B34F91,K8
2016-05-04 04:44:05,0006B39900,K8
2016-05-04 04:53:14,00074FA4F8,K8
2016-05-04 05:10:57,00074FA4F8,K8
2016-05-04 21:18:43,00074F4107,K8
2016-05-04 21:20:10,00065EBF3C,K8
2016-05-04 21:22:12,00074F0832,K8
2016-05-04 21:22:54,00074FA290,K8
2016-05-04 21:23:44,00075D1338,K8
2016-05-04 21:26:19,0006B39900,K8
2016-05-04 21:26:39,00074F238E,K8
2016-05-04 21:26:50,0006B2A1D2,K8
2016-05-04 21:27:17,0006B35440,K8
2016-05-04 21:27:22,0006B34FCA,K8
2016-05-04 21:27:25,00068E1A0D,K8
2016-05-04 21:27:31,0006B3775E,K8
2016-05-04 21:27:41,00074FA4F8,K8
2016-05-04 21:27:45,00075D8712,K8
2016-05-04 21:29:08,0006B3A093,K8
2016-05-04 21:55:02,00074FA290,K8
2016-05-04 22:27:32,00074FA290,K8
2016-05-04 23:14:21,00075D1338,K8
2016-05-05 04:32:20,00065EBF3C,K8
2016-05-05 04:32:54,00068E1A0D,K8
2016-05-05 04:33:42,0006B3775E,K8
2016-05-05 04:36:29,00075D8712,K8
2016-05-05 04:37:46,0006B2A1D2,K8
2016-05-05 04:38:08,00074F4107,K8
2016-05-05 04:40:32,00075D1338,K8
2016-05-05 04:40:59,00074FA290,K8
2016-05-05 04:41:07,0006B294D3,K8
2016-05-05 04:41:24,00061D4D10,K8
2016-05-05 04:42:49,00075D1338,K8
2016-05-05 04:44:59,0006B34FCA,K8
2016-05-05 04:55:57,0006B35440,K8
2016-05-05 04:59:28,0006B34F91,K8
2016-05-05 05:16:44,0006B39900,K8
2016-05-05 05:19:05,0006B3A093,K8
2016-05-06 02:50:37,00061D4D10,K8
2016-05-06 03:12:25,00075D1338,K8
2016-05-06 03:17:25,00075D1338,K8
2016-05-06 03:21:20,00074FA4F8,K8
2016-05-06 03:23:37,00061D4D10,K8
2016-05-06 03:50:20,00074F4107,K8
2016-05-06 04:17:00,00061D4D10,K8
2016-05-06 04:28:34,00061D4D10,K8
2016-05-06 21:15:26,0006B35440,K9
2016-05-06 21:21:48,0006B34FCA,K9
2016-05-07 21:17:45,0006B35440,K30
2016-05-07 21:17:59,00075D1338,K30
2016-05-07 21:18:53,0006B34FCA,K30
2016-05-08 21:18:48,00074F4107,K1
2016-05-08 21:20:10,00074F0832,K1
2016-05-08 21:22:47,00075D1338,K1
2016-05-08 21:23:25,0006B3775E,K1
2016-05-08 21:24:47,00075D8712,K1
2016-05-08 23:04:46,0006B34FCA,K1
2016-05-09 03:33:04,00061D4D10,K1
2016-05-09 03:41:03,0006B3A093,K1
2016-05-11 20:29:56,00075D1338,K13
2016-05-11 21:15:05,00065EBF3C,K13
2016-05-11 21:17:26,00074FA290,K19
2016-05-11 21:19:23,00075D1338,K13
2016-05-11 21:20:49,0006B3775E,K13
2016-05-11 21:21:09,00074F238E,K13
2016-05-11 21:21:12,00074F0832,K13
2016-05-11 21:21:18,00074FA4F8,K13
2016-05-11 21:23:37,0006B2A1D2,K13
2016-05-11 21:23:58,0006B39900,K13
2016-05-11 21:24:02,00075D8712,K13
2016-05-11 21:25:39,00074F4107,K13
2016-05-11 21:25:59,00068E1A0D,K19
2016-05-11 21:26:04,0006B35440,K13
2016-05-11 21:26:50,0006B294D3,K13
2016-05-11 21:27:45,0006B3A093,K13
2016-05-11 21:27:58,0006B34F91,K13
2016-05-12 02:22:24,0006CC2E5A,K13
2016-05-12 04:18:17,00061D4D10,K19
2016-05-12 04:24:12,00074F238E,K19
2016-05-12 04:25:38,00068E1A0D,K19
2016-05-12 04:31:21,00074F0832,K19
2016-05-12 04:34:48,0006B294D3,K19
2016-05-12 04:41:01,00074F0832,K19
2016-05-12 04:41:36,00074FA4F8,K19
2016-05-12 04:44:37,00075D1338,K19
2016-05-12 04:44:53,0006B35440,K19
2016-05-12 04:45:06,00074BE89B,K19
2016-05-12 04:48:39,00074F4107,K19
2016-05-12 04:56:48,0006B34F91,K19
2016-05-12 04:57:14,0006B3775E,K19
2016-05-12 05:00:21,0006B3775E,K19
2016-05-12 05:01:30,0006B39900,K19
2016-05-12 05:01:42,00065EBF3C,K19
2016-05-12 05:15:54,0006B3775E,K19
2016-05-12 21:21:30,00074F4107,K19
2016-05-12 21:22:08,0006B3775E,K19
2016-05-12 21:22:11,00075D8712,K19
2016-05-12 21:23:30,00074BE89B,K19
2016-05-12 21:23:53,0006B39900,K19
2016-05-12 21:30:10,00074F238E,K19
2016-05-12 21:30:14,00074FA4F8,K19
2016-05-12 21:30:42,00061D4D10,K19
2016-05-12 21:31:23,00068E1A0D,K19
2016-05-12 21:31:29,0006B35440,K19
2016-05-12 21:33:51,0006B2A1D2,K19
2016-05-12 21:33:54,00075D1338,K19
2016-05-12 21:34:16,00074FA290,K19
2016-05-12 21:34:23,0006B34FCA,K19
2016-05-12 21:34:46,0006B3A093,K19
2016-05-12 21:35:54,0006B294D3,K19
2016-05-12 22:41:46,00061D4D10,K19
2016-05-13 03:59:10,00068E1A0D,K19
2016-05-13 04:28:05,00068E1A0D,K19
2016-05-13 04:44:04,00068E1A0D,K19
2016-05-13 04:44:34,00075D1338,K19
2016-05-13 04:45:24,00065EBF3C,K19
2016-05-13 04:45:26,0006B35440,K19
2016-05-13 04:45:37,0006B294D3,K19
2016-05-13 04:47:27,0006B39900,K19
2016-05-13 04:58:21,0006B3775E,K19
2016-05-13 05:01:30,00074FA4F8,K19
2016-05-13 05:05:59,00074BE89B,K19
2016-05-13 21:16:11,00074F238E,K19
2016-05-13 21:26:49,00065EBF3C,K19
2016-05-13 21:32:03,00074F4107,K19
2016-05-13 21:32:52,0006B34FCA,K19
2016-05-13 21:33:00,00068E1A0D,K19
2016-05-13 21:33:43,0006B3775E,K19
2016-05-13 21:34:33,00074BE89B,K19
2016-05-13 21:34:34,00075D8712,K19
2016-05-13 21:35:01,0006B35440,K19
2016-05-13 21:36:06,00075D1338,K19
2016-05-13 21:36:25,0006B2A1D2,K19
2016-05-13 21:36:37,00061D4D10,K19
2016-05-13 21:36:39,00074FA4F8,K19
2016-05-13 21:37:58,0006B34F91,K19
2016-05-13 21:38:06,0006B39900,K19
2016-05-13 21:38:37,00074FA290,K19
2016-05-13 21:40:34,0006B3A093,K19
2016-05-14 04:32:48,00068E1A0D,K19
2016-05-14 04:33:35,0006B39900,K19
2016-05-14 04:34:19,00074F0832,K19
2016-05-14 04:39:09,00075D1338,K19
2016-05-14 04:39:38,0006B3775E,K19
2016-05-14 04:50:00,0006B35440,K19
2016-05-14 04:55:21,00075D8712,K19
2016-05-14 04:56:13,0006B34F91,K19
2016-05-14 05:09:09,0006B34F91,K19
2016-05-15 21:25:45,0006B34F91,K9
2016-05-15 21:27:33,0006B39900,K9
2016-05-15 21:27:56,0006B3775E,K9
2016-05-15 21:28:14,00068E1A0D,K9
2016-05-15 21:28:19,00074FA4F8,K9
2016-05-15 21:29:56,00074FA290,K9
2016-05-16 02:09:35,00068E1A0D,K9
2016-05-16 02:43:31,00068E1A0D,K9
2016-05-16 21:30:01,00074F238E,K8
2016-05-16 21:33:54,00068E1A0D,K8
2016-05-16 21:34:01,0006B39900,K8
2016-05-16 21:34:47,00061D4D10,K8
2016-05-16 21:35:12,0006B2A1D2,K8
2016-05-16 21:35:45,00065EBF3C,K8
2016-05-16 21:37:22,00074F4107,K8
2016-05-16 21:37:29,00075D1338,K8
2016-05-16 21:37:50,00075D8712,K8
2016-05-16 21:38:42,0006B34FCA,K8
2016-05-16 21:39:33,0006B35440,K8
2016-05-16 21:39:42,00074FA4F8,K8
2016-05-16 21:39:46,0006B3775E,K8
2016-05-16 21:40:40,00074BE89B,K8
2016-05-16 21:41:07,0006B3A093,K8
2016-05-16 21:41:18,0006B294D3,K8
2016-05-17 04:12:18,00061D4D10,K8
2016-05-17 04:13:10,00074F4107,K8
2016-05-17 04:15:20,00074F238E,K8
2016-05-17 04:22:33,0006B3775E,K8
2016-05-17 04:23:17,00075D1338,K8
2016-05-17 04:24:01,0006B39900,K8
2016-05-17 04:28:29,00074F0832,K8
2016-05-17 04:29:11,00074FA4F8,K8
2016-05-17 04:33:44,0006B294D3,K8
2016-05-17 04:34:20,0006B3A093,K8
2016-05-17 04:35:10,0006B35440,K8
2016-05-17 04:35:21,00068E1A0D,K8
2016-05-17 04:37:54,0006B34FCA,K8
2016-05-17 04:38:08,00065EBF3C,K8
2016-05-17 04:38:38,00074FA4F8,K8
2016-05-17 04:41:48,00074FA4F8,K8
2016-05-17 04:41:58,00075D8712,K8
2016-05-17 04:46:26,0006B34F91,K8
2016-05-17 04:46:31,00074F4107,K8
2016-05-17 04:50:36,00074BE89B,K8
2016-05-17 21:22:33,00061D4D10,K8
2016-05-17 21:31:08,00074F238E,K8
2016-05-17 21:31:23,00065EBF3C,K8
2016-05-17 21:33:28,00068E1A0D,K8
2016-05-17 21:34:11,0006B39900,K8
2016-05-17 21:34:23,00074FA4F8,K8
2016-05-17 21:34:57,0006B34FCA,K8
2016-05-17 21:35:00,00074F0832,K8
2016-05-17 21:35:05,00075D8712,K8
2016-05-17 21:36:28,0006B35440,K8
2016-05-17 21:36:31,0006B3775E,K8
2016-05-17 21:38:08,00075D1338,K8
2016-05-17 21:40:28,0006B2A1D2,K8
2016-05-17 21:40:43,0006B3A093,K8
2016-05-17 21:41:08,00074FA290,K8
2016-05-17 21:41:15,00074BE89B,K8
2016-05-18 04:34:45,00061D4D10,K8
2016-05-18 04:37:16,00075D1338,K8
2016-05-18 04:38:04,00068E1A0D,K8
2016-05-18 04:38:13,0006B294D3,K8
2016-05-18 04:39:10,00074F238E,K8
2016-05-18 04:47:34,00074F0832,K8
2016-05-18 04:48:11,0006B39900,K8
2016-05-18 04:48:14,0006B3A093,K8
2016-05-18 04:48:19,0006B3775E,K8
2016-05-18 04:48:57,00074BE89B,K8
2016-05-18 04:49:28,0006B35440,K8
2016-05-18 04:51:22,00075D8712,K8
2016-05-18 04:54:49,00065EBF3C,K8
2016-05-18 04:56:05,00074FA4F8,K8
2016-05-18 04:56:32,0006B34FCA,K8
2016-05-18 04:57:30,0006B34F91,K8
2016-05-18 04:59:29,00061D4D10,K8
2016-05-19 04:24:43,00075D1338,K8
2016-05-19 04:24:59,00068E1A0D,K8
2016-05-19 04:25:07,0006B294D3,K8
2016-05-19 04:28:36,0006B3775E,K8
2016-05-19 04:30:53,00074F0832,K8
2016-05-19 04:31:00,00074FA290,K8
2016-05-19 04:31:07,0006B34F91,K8
2016-05-19 04:32:03,0006B34FCA,K8
2016-05-19 04:32:57,00065EBF3C,K8
2016-05-19 04:33:52,00061D4D10,K8
2016-05-19 04:34:40,00075D8712,K8
2016-05-19 04:35:42,0006B35440,K8
2016-05-19 04:39:59,00074BE89B,K8
2016-05-19 04:50:17,00074FA4F8,K8
2016-05-20 21:36:12,0006B39900,K8
2016-05-20 21:36:28,00061D4D10,K8
2016-05-20 21:37:14,00074F4107,K8
2016-05-20 21:38:10,0006B294D3,K8
2016-05-20 21:40:12,0006B34FCA,K29
2016-05-21 21:29:48,00061D4D10,K11
2016-05-21 21:32:58,00074BE89B,K26
2016-05-21 21:35:47,00074F238E,K11
2016-05-21 21:36:10,00074F4107,K11
2016-05-21 21:36:24,0006B2A1D2,K11
2016-05-21 21:36:25,0006B34FCA,K26
2016-05-21 21:36:51,0006B39900,K11
2016-05-21 21:37:25,00065EBF3C,K11
2016-05-21 21:37:55,0006B3775E,K11
2016-05-21 21:38:57,00068E1A0D,K11
2016-05-21 21:39:00,00074FA290,K11
2016-05-21 21:39:07,00075D1338,K11
2016-05-21 21:39:48,00075D8712,K11
2016-05-21 21:39:51,00074FA4F8,K11
2016-05-21 21:40:12,0006B3A093,K11
2016-05-21 21:40:29,00074F0832,K11
2016-05-21 21:40:37,0006B35440,K11
2016-05-21 21:41:15,0006B294D3,K11
2016-05-22 04:28:40,00061D4D10,K26
2016-05-22 04:30:08,00074F0832,K26
2016-05-22 04:30:59,00065EBF3C,K26
2016-05-22 04:31:37,00074FA4F8,K26
2016-05-22 04:31:59,00074FA290,K26
2016-05-22 04:36:12,0006B3775E,K26
2016-05-22 04:37:23,00075D1338,K26
2016-05-22 04:37:29,00074F238E,K26
2016-05-22 04:37:48,00075D8712,K26
2016-05-22 04:39:09,00068E1A0D,K26
2016-05-22 04:39:14,0006B39900,K26
2016-05-22 04:45:27,00074F4107,K26
2016-05-22 04:45:38,0006B34FCA,K26
2016-05-22 04:45:47,00074BE89B,K26
2016-05-22 04:52:57,0006B34F91,K26
2016-05-22 21:47:53,00074F238E,K26
2016-05-22 21:51:06,0006B34FCA,K26
2016-05-22 21:56:39,0006B39900,K26
2016-05-22 21:57:03,00061D4D10,K26
2016-05-22 21:57:09,00074F0832,K26
2016-05-22 21:57:13,00074F4107,K26
2016-05-22 21:57:21,00075D8712,K26
2016-05-22 21:57:25,0006B2A1D2,K26
2016-05-22 21:58:05,0006B34F91,K26
2016-05-22 21:58:09,00074FA290,K26
2016-05-22 21:58:15,00075D1338,K26
2016-05-22 21:58:30,00074BE89B,K26
2016-05-22 21:58:40,0006B3A093,K26
2016-05-22 21:58:52,00065EBF3C,K26
2016-05-22 21:58:58,0006B35440,K26
2016-05-22 21:59:00,0006B3775E,K26
2016-05-22 21:59:25,00068E1A0D,K26
2016-05-22 21:59:40,00074FA4F8,K26
2016-05-22 22:02:37,0006B294D3,K26
2016-05-22 22:58:21,00068E1A0D,K26
2016-05-22 23:05:17,00068E1A0D,K26
2016-05-22 23:13:41,00074FA4F8,K26
2016-05-22 23:16:03,00074FA4F8,K26
2016-05-22 23:29:19,00068E1A0D,K26
2016-05-23 04:24:29,00061D4D10,K26
2016-05-23 04:24:44,00068E1A0D,K26
2016-05-23 04:25:58,00065EBF3C,K26
2016-05-23 04:26:04,0006B2A1D2,K26
2016-05-23 04:26:42,00074F0832,K26
2016-05-23 04:30:33,00075D1338,K26
2016-05-23 04:35:35,00074BE89B,K26
2016-05-23 04:35:44,00075D1338,K26
2016-05-23 04:36:01,0006B39900,K26
2016-05-23 04:38:03,0006B3A093,K26
2016-05-23 04:38:43,0006B3775E,K26
2016-05-23 04:38:50,00075D8712,K26
2016-05-23 04:39:38,0006B35440,K26
2016-05-23 04:40:32,00074FA4F8,K26
2016-05-23 04:43:15,00074F4107,K26
2016-05-23 04:43:29,0006B34F91,K26
2016-05-23 04:43:44,00074F238E,K26
2016-05-23 04:44:23,0006B34FCA,K26
2016-05-23 04:47:52,00074FA290,K26
2016-05-23 21:36:30,00074F238E,K26
2016-05-23 21:39:02,00065EBF3C,K26
2016-05-23 21:42:55,0006B39900,K26
2016-05-23 21:43:54,00074F0832,K26
2016-05-23 21:46:56,00075D1338,K26
2016-05-23 21:47:30,0006B34FCA,K26
2016-05-23 21:47:41,0006B2A1D2,K26
2016-05-23 21:48:15,00061D4D10,K26
2016-05-23 21:48:18,00074F4107,K26
2016-05-23 21:49:11,00068E1A0D,K26
2016-05-23 21:49:18,00074FA290,K26
2016-05-23 21:49:40,00074BE89B,K26
2016-05-23 21:49:46,0006B3A093,K26
2016-05-23 21:49:57,0006B35440,K26
2016-05-23 21:50:35,00074FA4F8,K26
2016-05-23 21:50:56,0006B294D3,K26
2016-05-23 21:51:06,00075D8712,K26
2016-05-23 21:51:19,0006B3775E,K26
2016-05-23 21:52:17,00074BE89B,K26
2016-05-24 03:24:38,00068E1A0D,K26
2016-05-24 03:47:01,00068E1A0D,K26
2016-05-24 21:47:03,00061D4D10,K8
2016-05-24 21:47:34,00074F238E,K8
2016-05-24 21:47:42,00074FA290,K236
2016-05-24 21:47:53,0006B34F91,K8
2016-05-24 21:47:59,00074F0832,K8
2016-05-24 21:49:03,00075D8712,K8
2016-05-24 21:49:29,00068E1A0D,K8
2016-05-24 21:49:38,00074FA4F8,K8
2016-05-24 21:49:56,00074FA290,K236
2016-05-24 21:51:18,0006B39900,K236
2016-05-24 21:51:26,00065EBF3C,K236
2016-05-24 21:52:02,0006B2A1D2,K236
2016-05-24 21:52:44,00074F4107,K236
2016-05-24 21:52:51,0006B34FCA,K236
2016-05-24 21:53:06,00075D1338,K236
2016-05-24 21:53:23,0006B3775E,K236
2016-05-24 21:53:27,00074BE89B,K236
2016-05-24 21:58:08,0006B3A093,K236
2016-05-24 21:59:25,0006B294D3,K236
2016-05-24 21:59:31,0006B35440,K236
2016-05-25 21:44:05,00061D4D10,K238
2016-05-25 21:44:08,0006B39900,K238
2016-05-25 21:44:25,00068E1A0D,K238
2016-05-25 21:46:26,00065EBF3C,K238
2016-05-25 21:46:31,0006B34F91,K238
2016-05-25 21:49:50,0006B3A093,K238
2016-05-25 21:50:10,00074BE89B,K238
2016-05-25 21:50:15,0006B294D3,K238
2016-05-26 21:41:09,00074FA290,K6
2016-05-26 21:41:19,0006B39900,K6
2016-05-26 21:45:12,00065EBF3C,K6
2016-05-26 21:46:07,0006B3775E,K6
2016-05-26 21:46:22,0006B34F91,K6
2016-05-26 21:48:22,0006B294D3,K6
2016-05-26 21:48:43,0006B34FCA,K6
2016-05-26 21:49:33,00074FA4F8,K6
2016-05-26 21:50:42,0006B3A093,K6
2016-05-27 21:49:58,00061D4D10,K21
2016-05-27 21:52:00,0006B39900,K21
2016-05-27 21:54:03,00068E1A0D,K21
2016-05-27 21:54:11,0006B34FCA,K21
2016-05-27 21:54:25,00074BE89B,K21
2016-05-27 21:54:52,00074FA290,K21
2016-05-27 21:55:36,00075D1338,K21
2016-05-27 21:56:24,00074F238E,K21
2016-05-27 21:56:28,00074F4107,K21
2016-05-27 21:56:37,00075D8712,K21
2016-05-27 21:56:50,00074F0832,K21
2016-05-27 21:59:00,0006B35440,K21
2016-05-27 21:59:07,00065EBF3C,K21
2016-05-27 22:01:03,0006B294D3,K21
2016-05-27 22:01:18,00074FA4F8,K21
2016-05-27 22:01:20,0006B3A093,K21
2016-05-27 22:02:01,0006B3775E,K21
2016-05-27 22:02:09,0006B34F91,K21
2016-05-28 22:08:22,00065EBF3C,K238
2016-05-28 22:09:59,0006B39900,K238
2016-05-28 22:25:00,0006B34F91,K241
2016-05-28 22:25:06,00074F238E,K241
2016-05-28 22:25:12,00074FA290,K241
2016-05-28 22:25:29,0006B35440,K241
2016-05-28 22:25:31,00074F0832,K241
2016-05-28 22:25:48,00068E1A0D,K241
2016-05-28 22:25:51,0006B3775E,K241
2016-05-28 22:25:55,0006B34FCA,K241
2016-05-28 22:26:00,0006B2A1D2,K241
2016-05-28 22:28:52,0006B3A093,K241
2016-05-28 22:28:55,00074F4107,K241
2016-05-28 22:29:43,00075D1338,K241
2016-05-28 22:29:48,0006B294D3,K241
2016-05-29 23:17:53,0006B3775E,K235
2016-05-29 23:26:31,00074F238E,K235
2016-05-30 00:04:50,00074F0832,K235
2016-05-30 00:17:32,0006B3A093,K235
2016-05-30 00:19:15,00075D8712,K235
2016-05-30 00:19:34,00074F4107,K235
2016-05-30 00:27:49,00074F4107,K235
2016-05-30 00:29:11,0006B34FCA,K235
2016-05-30 00:29:42,00065EBF3C,K235
2016-05-30 00:30:43,00074FA290,K235
2016-05-30 00:31:19,00074BE89B,K235
2016-05-30 00:32:13,0006B39900,K235
2016-05-30 00:32:22,0006B294D3,K235
2016-05-30 00:32:39,00074FA4F8,K235
2016-05-30 00:32:46,0006B35440,K235
2016-05-30 00:32:49,00075D1338,K235
2016-05-30 00:33:10,0006B2A1D2,K235
2016-05-30 00:52:57,00068E1A0D,K235
2016-05-30 00:54:37,0006B34F91,K235
2016-05-30 00:54:49,00075D1338,K235
2016-05-30 00:55:43,00061D4D10,K235
2016-05-30 04:33:19,00068E1A0D,K235
2016-05-30 04:33:37,0006B39900,K235
2016-05-30 04:33:46,00074F0832,K235
2016-05-30 04:33:54,0006B3775E,K235
2016-05-30 04:34:29,00075D1338,K235
2016-05-30 04:34:59,00074BE89B,K235
2016-05-30 04:35:23,0006B294D3,K235
2016-05-30 04:35:38,0006B34FCA,K235
2016-05-30 04:36:28,00074F238E,K235
2016-05-30 04:37:09,00074FA4F8,K235
2016-05-30 04:37:28,00065EBF3C,K235
2016-05-30 04:39:05,0006B3A093,K235
2016-05-30 04:43:48,0006B35440,K235
2016-05-30 04:44:34,0006B34F91,K235
2016-05-30 04:47:31,00074FA290,K235
2016-05-30 21:35:00,00068E1A0D,K235
2016-05-30 21:39:38,00065EBF3C,K235
2016-05-30 21:40:10,00074FA290,K235
2016-05-30 21:41:31,00075D1338,K235
2016-05-30 21:42:36,0006B2A1D2,K235
2016-05-30 21:43:52,00074F0832,K235
2016-05-30 21:45:24,00074F4107,K235
2016-05-30 21:46:26,0006B34F91,K235
2016-05-30 21:47:32,0006B39900,K235
2016-05-30 21:49:52,0006B294D3,K235
2016-05-30 21:50:55,00074FA4F8,K235
2016-05-30 21:51:02,0006B35440,K235
2016-05-30 21:51:39,0006B3775E,K235
2016-05-30 21:52:14,0006B34FCA,K235
2016-05-30 21:52:33,0006B3A093,K235
2016-05-30 21:55:58,00075D8712,K235
2016-05-30 21:56:50,00074BE89B,K235
2016-05-31 04:30:38,00074F0832,K235
2016-05-31 04:30:59,00061D4D10,K235
2016-05-31 04:31:40,0006B35440,K235
2016-05-31 04:31:55,0006B34FCA,K235
2016-05-31 04:31:56,00068E1A0D,K235
2016-05-31 04:32:17,00075D1338,K235
2016-05-31 04:32:26,0006B39900,K235
2016-05-31 04:32:28,00074FA4F8,K235
2016-05-31 04:32:40,0006B3A093,K235
2016-05-31 04:32:44,0006B3775E,K235
2016-05-31 04:32:53,00074FA290,K235
2016-05-31 04:33:09,00074BE89B,K235
2016-05-31 04:34:41,00074F238E,K235
2016-05-31 04:35:45,00074F4107,K235
2016-05-31 04:36:07,0006B34F91,K235
2016-05-31 21:41:25,00061D4D10,K235
2016-05-31 21:41:34,00074BE89B,K235
2016-05-31 21:43:43,00074F238E,K235
2016-05-31 21:43:59,00075D1338,K235
2016-05-31 21:44:36,0006B2A1D2,K235
2016-05-31 21:44:43,0006B34F91,K235
2016-05-31 21:44:58,0006B39900,K235
2016-05-31 21:45:13,00074F0832,K235
2016-05-31 21:45:58,00075D8712,K235
2016-05-31 21:46:18,00074F4107,K235
2016-05-31 21:46:33,0006B35440,K235
2016-05-31 21:47:53,00074FA290,K235
2016-05-31 21:47:59,0006B34FCA,K235
2016-05-31 21:48:04,0006B3A093,K235
2016-05-31 21:48:08,0006B294D3,K235
2016-05-31 21:49:05,00074FA4F8,K235
2016-05-31 21:50:03,0006B3775E,K235
2016-06-01 21:27:05,0006B2A1D2,K29
2016-06-01 21:34:24,00074F238E,K29
2016-06-01 21:36:16,0006B3775E,K29
2016-06-01 21:36:55,00065EBF3C,K29
2016-06-01 21:37:55,00074F4107,K29
2016-06-01 21:38:25,00074FA4F8,K29
2016-06-01 21:52:25,00074FA290,K238
2016-06-01 21:52:46,00068E1A0D,K238
2016-06-01 21:52:55,00075D8712,K238
2016-06-01 21:53:20,0006B3A093,K238
2016-06-01 21:53:26,00074F0832,K238
2016-06-01 21:55:08,00075D1338,K238
2016-06-01 21:55:18,00061D4D10,K238
2016-06-01 21:55:58,0006B39900,K238
2016-06-01 21:56:07,0006B34F91,K238
2016-06-01 21:56:41,0006B35440,K238
2016-06-01 21:56:56,00074BE89B,K238
2016-06-01 21:57:12,0006B34FCA,K238
2016-06-01 21:57:16,0006B294D3,K238
2016-06-02 21:46:21,00061D4D10,K23
2016-06-02 21:49:03,0006B2A1D2,K23
2016-06-02 21:53:13,00074F238E,K23
2016-06-02 21:53:48,00074FA290,K23
2016-06-02 21:54:00,00075D1338,K23
2016-06-02 21:54:13,00065EBF3C,K23
2016-06-02 21:56:14,00074F4107,K23
2016-06-02 21:56:22,0006B39900,K23
2016-06-02 21:56:28,0006B3A093,K23
2016-06-02 21:56:38,00074FA4F8,K23
2016-06-02 21:56:42,00074F0832,K23
2016-06-02 21:56:47,0006B294D3,K23
2016-06-02 21:56:53,00075D8712,K23
2016-06-02 21:57:02,00068E1A0D,K23
2016-06-02 21:57:09,0006B35440,K23
2016-06-02 21:57:14,0006B34FCA,K23
2016-06-02 21:57:17,0006B3775E,K23
2016-06-02 21:57:29,00074BE89B,K23
2016-06-02 21:58:03,0006B34F91,K23
2016-06-03 22:19:54,00074F238E,K21
2016-06-03 22:23:59,00074FA290,K21
2016-06-03 22:27:55,00074F4107,K21
2016-06-03 22:30:04,00068E1A0D,K21
2016-06-03 22:30:17,0006B34FCA,K21
2016-06-03 22:30:36,00074BE89B,K21
2016-06-03 22:30:44,0006B39900,K21
2016-06-03 22:30:53,0006B35440,K21
2016-06-03 22:30:59,00075D8712,K21
2016-06-03 22:31:24,00065EBF3C,K21
2016-06-03 22:31:46,0006B3A093,K21
2016-06-03 22:32:33,00074FA4F8,K21
2016-06-03 22:33:13,0006B34F91,K21
2016-06-03 22:36:21,0006B3775E,K21
2016-06-03 22:36:42,00061D4D10,K21
2016-06-03 22:37:07,0006B294D3,K21
2016-06-04 04:21:07,0006B39900,K21
2016-06-04 04:21:40,00074FA290,K21
2016-06-04 04:22:56,00074F238E,K21
2016-06-04 04:23:43,0006B2A1D2,K21
2016-06-04 04:25:42,0006B34F91,K21
2016-06-04 04:26:38,00068E1A0D,K21
2016-06-04 04:26:59,0006B3775E,K21
2016-06-04 04:27:14,00074FA290,K21
2016-06-04 04:27:32,0006B34FCA,K21
2016-06-04 04:38:25,00074FA290,K21
2016-06-04 04:38:33,0006B39900,K21
2016-06-04 04:41:00,0006B34FCA,K21
2016-06-04 04:41:42,0006B2A1D2,K21
2016-06-04 04:44:46,00074F238E,K21
2016-06-04 04:45:05,00068E1A0D,K21
2016-06-04 04:45:15,0006B34F91,K21
2016-06-04 04:45:52,0006B3775E,K21
2016-06-04 04:53:04,0006B3775E,K21
2016-06-04 21:46:29,00074F238E,K18
2016-06-04 21:46:42,00074FA290,K18
2016-06-04 21:51:13,00068E1A0D,K18
2016-06-04 21:52:12,00074F4107,K18
2016-06-04 21:52:23,00061D4D10,K18
2016-06-04 21:52:54,0006B2A1D2,K18
2016-06-04 21:52:59,00074F0832,K18
2016-06-04 21:53:44,0006B34F91,K18
2016-06-04 21:53:47,00075D1338,K18
2016-06-04 21:53:52,0006B39900,K18
2016-06-04 21:54:17,0006B3775E,K18
2016-06-04 21:54:57,00065EBF3C,K18
2016-06-04 21:55:20,00075D8712,K18
2016-06-04 21:58:03,00074FA4F8,K18
2016-06-04 21:58:19,0006B34FCA,K18
2016-06-04 21:58:31,0006B3A093,K18
2016-06-04 21:58:34,0006B35440,K18
2016-06-04 22:00:38,0006B294D3,K18
2016-06-04 22:00:45,00074BE89B,K18
2016-06-05 21:34:36,00061D4D10,K21
2016-06-05 21:37:34,00074FA290,K21
2016-06-05 21:40:20,00074F4107,K21
2016-06-05 21:41:29,0006B2A1D2,K21
2016-06-05 21:43:04,00074F238E,K21
2016-06-05 21:45:23,0006B39900,K21
2016-06-05 21:48:48,00074F0832,K21
2016-06-05 21:51:00,00075D1338,K21
2016-06-05 21:51:07,00065EBF3C,K21
2016-06-05 21:51:09,00068E1A0D,K21
2016-06-05 21:51:14,0006B35440,K21
2016-06-05 21:52:05,0006B34F91,K21
2016-06-05 21:52:17,00074FA4F8,K21
2016-06-05 21:53:08,0006B3775E,K21
2016-06-05 21:53:15,00075D8712,K21
2016-06-05 21:53:33,00074BE89B,K21
2016-06-05 21:54:11,0006B294D3,K21
2016-06-05 21:55:01,0006B3A093,K21
2016-06-05 21:55:43,0006B34FCA,K21
2016-06-06 00:50:14,00061D4D10,K21
2016-06-06 01:11:00,00061D4D10,K21
2016-06-06 04:02:31,00061D4D10,K21
2016-06-06 04:07:22,0006B39900,K21
2016-06-06 04:07:47,0006B294D3,K21
2016-06-06 04:08:51,00075D8712,K21
2016-06-06 04:15:22,0006B34FCA,K21
2016-06-06 04:15:34,00075D1338,K21
2016-06-06 04:15:46,00074F0832,K21
2016-06-06 04:16:07,0006B3775E,K21
2016-06-06 04:18:28,0006B35440,K21
2016-06-06 04:18:32,00065EBF3C,K21
2016-06-06 04:20:23,0006B2A1D2,K21
2016-06-06 04:22:42,00074FA4F8,K21
2016-06-06 04:23:41,00074FA290,K21
2016-06-06 04:24:44,0006B3A093,K21
2016-06-06 04:25:11,00074BE89B,K21
2016-06-06 04:34:35,00074F238E,K21
2016-06-06 04:37:18,00068E1A0D,K21
2016-06-06 04:37:35,00074F4107,K21
2016-06-06 04:38:15,0006B34F91,K21
2016-06-06 21:40:48,00074F238E,K21
2016-06-06 21:41:54,00061D4D10,K21
2016-06-06 21:48:15,00074FA290,K21
2016-06-06 21:48:32,00068E1A0D,K21
2016-06-06 21:48:38,00075D8712,K21
2016-06-06 21:49:46,0006B2A1D2,K21
2016-06-06 21:50:16,00074FA4F8,K21
2016-06-06 21:51:07,00075D1338,K21
2016-06-06 21:51:12,0006B39900,K21
2016-06-06 21:52:32,00074F0832,K21
2016-06-06 21:53:26,0006B3775E,K21
2016-06-06 21:53:33,0006B35440,K21
2016-06-06 21:53:35,0006B294D3,K21
2016-06-06 21:54:09,0006B34F91,K21
2016-06-06 21:55:27,00074BE89B,K21
2016-06-06 21:55:47,00065EBF3C,K21
2016-06-06 21:57:28,0006B34FCA,K21
2016-06-06 21:58:02,0006B3A093,K21
2016-06-07 04:15:14,00074F0832,K21
2016-06-07 04:15:36,0006B39900,K21
2016-06-07 04:16:17,00074FA290,K21
2016-06-07 04:16:25,00074FA4F8,K21
2016-06-07 04:17:05,0006B294D3,K21
2016-06-07 04:17:41,0006B2A1D2,K21
2016-06-07 04:18:34,0006B3A093,K21
2016-06-07 04:18:53,00075D1338,K21
2016-06-07 04:25:04,0006B34F91,K21
2016-06-07 04:26:57,00074FA290,K21
2016-06-07 04:28:32,00074F4107,K21
2016-06-07 04:28:38,00074BE89B,K21
2016-06-07 04:28:44,00074F238E,K21
2016-06-07 04:31:50,0006B3775E,K21
2016-06-07 04:44:14,00068E1A0D,K21
2016-06-07 04:45:35,00074FA290,K21
2016-06-07 21:46:36,00068E1A0D,K21
2016-06-07 21:47:36,00074F4107,K21
2016-06-07 21:52:48,00074F238E,K21
2016-06-07 21:53:51,00074FA290,K21
2016-06-07 21:56:24,00075D1338,K21
2016-06-07 21:58:18,00074BE89B,K21
2016-06-07 21:58:30,0006B34F91,K21
2016-06-07 21:58:42,0006B3775E,K21
2016-06-07 21:59:07,00074FA4F8,K21
2016-06-07 21:59:19,00074F0832,K21
2016-06-07 21:59:47,0006B3A093,K21
2016-06-07 22:00:25,0006B294D3,K21
2016-06-08 21:47:46,00074F4107,K235
2016-06-08 21:53:04,00068E1A0D,K235
2016-06-08 21:53:46,00061D4D10,K235
2016-06-08 21:54:22,00074F238E,K235
2016-06-08 21:57:42,00074FA290,K235
2016-06-08 21:57:45,00074BE89B,K235
2016-06-08 21:57:58,00074F0832,K235
2016-06-08 21:58:39,0006B294D3,K235
2016-06-08 21:58:54,0006B2A1D2,K235
2016-06-08 21:59:56,00075D8712,K235
2016-06-08 22:00:47,0006B39900,K235
2016-06-08 22:01:47,0006B3775E,K235
2016-06-08 22:02:25,00075D1338,K235
2016-06-08 22:02:34,0006B34F91,K235
2016-06-08 22:02:42,00074FA4F8,K235
2016-06-08 22:03:00,0006B35440,K235
2016-06-08 22:05:06,0006B3A093,K235
2016-06-08 22:05:50,0006B34FCA,K235
2016-06-08 22:06:20,00065EBF3C,K235
2016-06-09 03:59:35,0006B2A1D2,K235
2016-06-09 04:00:24,0006B294D3,K235
2016-06-09 04:02:49,00074F4107,K235
2016-06-09 04:02:59,00065EBF3C,K235
2016-06-09 04:03:24,0006B39900,K235
2016-06-09 04:03:43,0006B3A093,K235
2016-06-09 04:04:24,00075D1338,K235
2016-06-09 04:10:54,0006B3775E,K235
2016-06-09 04:11:05,0006B35440,K235
2016-06-09 04:11:49,0006B34FCA,K235
2016-06-09 04:11:54,00074BE89B,K235
2016-06-09 04:14:00,00075D8712,K235
2016-06-09 04:18:16,0006B34F91,K235
2016-06-09 04:19:37,00074FA4F8,K235
2016-06-09 04:22:07,00068E1A0D,K235
2016-06-09 21:50:22,0006B2A1D2,K235
2016-06-09 21:52:15,00074F238E,K235
2016-06-09 21:52:29,00074F4107,K235
2016-06-09 21:56:18,00074FA290,K235
2016-06-09 21:59:54,00061D4D10,K235
2016-06-09 21:59:56,00074F0832,K235
2016-06-09 22:00:00,00075D8712,K235
2016-06-09 22:00:36,00065EBF3C,K235
2016-06-09 22:00:43,00075D1338,K235
2016-06-09 22:02:05,0006B39900,K235
2016-06-09 22:02:09,00074FA4F8,K235
2016-06-09 22:02:19,00074BE89B,K235
2016-06-09 22:02:29,0006B35440,K235
2016-06-09 22:03:20,0006B34F91,K235
2016-06-09 22:03:34,0006B3775E,K235
2016-06-09 22:04:01,0006B294D3,K235
2016-06-09 22:06:25,0006B3A093,K235
2016-06-09 22:06:45,0006B34FCA,K235
2016-06-10 04:00:43,0006B2A1D2,K235
2016-06-10 04:01:35,00065EBF3C,K235
2016-06-10 04:01:58,0006B3A093,K235
2016-06-10 04:02:00,0006B39900,K235
2016-06-10 04:02:27,0006B35440,K235
2016-06-10 04:03:16,00074F0832,K235
2016-06-10 04:03:56,00074BE89B,K235
2016-06-10 04:05:41,00074FA290,K235
2016-06-10 04:06:13,0006B3775E,K235
2016-06-10 04:08:24,0006B34FCA,K235
2016-06-10 04:08:32,00068E1A0D,K235
2016-06-10 04:08:55,00074F4107,K235
2016-06-10 04:09:21,00075D1338,K235
2016-06-10 04:17:08,00074FA4F8,K235
2016-06-10 04:25:01,0006B34F91,K235
2016-06-10 21:50:38,00074F4107,K235
2016-06-10 21:51:31,00074F238E,K235
2016-06-10 21:56:21,00061D4D10,K235
2016-06-10 21:56:51,00074FA290,K235
2016-06-10 21:57:12,00068E1A0D,K235
2016-06-10 21:57:25,00065EBF3C,K235
2016-06-10 21:58:04,0006B39900,K235
2016-06-10 21:58:16,00075D1338,K235
2016-06-10 21:58:19,00074FA4F8,K235
2016-06-10 21:59:52,0006B34F91,K235
2016-06-10 21:59:55,00074F0832,K235
2016-06-10 22:00:36,00075D8712,K235
2016-06-10 22:01:22,0006B35440,K235
2016-06-10 22:05:03,0006B3A093,K235
2016-06-10 22:05:14,00074BE89B,K235
2016-06-10 22:05:29,0006B3775E,K235
2016-06-10 22:07:12,0006B294D3,K235
2016-06-10 22:09:29,0006B34FCA,K235
2016-06-11 21:51:44,00068E1A0D,K23
2016-06-11 21:53:46,00074BE89B,K23
2016-06-11 21:54:21,0006B2A1D2,K23
2016-06-11 21:57:31,00074F4107,K23
2016-06-11 21:58:10,00061D4D10,K23
2016-06-11 21:59:08,00065EBF3C,K23
2016-06-11 21:59:17,00074F238E,K23
2016-06-11 21:59:20,00074F0832,K23
2016-06-11 21:59:31,00074FA290,K23
2016-06-11 22:00:24,00074FA4F8,K23
2016-06-11 22:00:41,00075D8712,K23
2016-06-11 22:01:53,00075D1338,K23
2016-06-11 22:02:36,0006B39900,K23
2016-06-11 22:02:55,0006B34F91,K23
2016-06-11 22:06:41,0006B3A093,K23
2016-06-11 22:06:45,0006B294D3,K23
2016-06-11 22:06:51,0006B3775E,K23
2016-06-11 22:07:05,0006B35440,K23
2016-06-11 22:08:35,0006B34FCA,K23
2016-06-12 21:49:55,00065EBF3C,K21
2016-06-12 21:50:03,00074F4107,K21
2016-06-12 21:51:12,00061D4D10,K21
2016-06-12 21:52:09,0006B2A1D2,K21
2016-06-12 21:54:04,00068E1A0D,K21
2016-06-12 21:54:47,00074F238E,K21
2016-06-12 21:55:49,00074FA290,K21
2016-06-12 21:56:06,00074FA4F8,K21
2016-06-12 21:56:21,00074F0832,K21
2016-06-12 21:57:12,00075D1338,K21
2016-06-12 21:57:22,0006B35440,K21
2016-06-12 21:58:00,0006B3775E,K21
2016-06-12 21:58:22,0006B39900,K21
2016-06-12 21:58:28,00074BE89B,K21
2016-06-12 21:59:16,0006B3A093,K21
2016-06-12 21:59:19,0006B294D3,K21
2016-06-12 21:59:59,0006B34F91,K21
2016-06-12 22:00:00,00075D8712,K21
2016-06-12 22:06:02,0006B34FCA,K21
2016-06-13 03:38:01,00065EBF3C,K21
2016-06-13 03:48:33,00065EBF3C,K21
2016-06-13 04:06:38,0006B39900,K21
2016-06-13 04:06:54,0006B2A1D2,K21
2016-06-13 04:07:26,0006B34F91,K21
2016-06-13 04:08:19,00075D8712,K21
2016-06-13 04:08:38,00075D1338,K21
2016-06-13 04:16:29,0006B3775E,K21
2016-06-13 04:16:38,00074F0832,K21
2016-06-13 04:17:42,00074FA290,K21
2016-06-13 04:18:10,00074BE89B,K21
2016-06-13 04:20:38,00074F0832,K21
2016-06-13 04:20:52,00074FA4F8,K21
2016-06-13 04:21:00,00068E1A0D,K21
2016-06-13 04:21:08,0006B294D3,K21
2016-06-13 04:25:53,0006B35440,K21
2016-06-13 04:26:03,0006B34FCA,K21
2016-06-13 04:28:08,00074F0832,K21
2016-06-13 04:29:40,00075D1338,K21
2016-06-13 04:31:09,00065EBF3C,K21
2016-06-13 04:31:31,0006B3A093,K21
2016-06-13 04:34:55,00075D1338,K21
2016-06-13 04:35:16,00074F238E,K21
2016-06-13 04:37:27,00074F4107,K21
2016-06-13 04:38:25,00061D4D10,K21
2016-06-13 04:41:05,00074FA290,K21
2016-06-13 04:44:17,00074FA290,K21
2016-06-13 21:50:10,00074F238E,K21
2016-06-13 21:50:47,00061D4D10,K21
2016-06-13 21:51:24,0006B2A1D2,K21
2016-06-13 21:51:34,00074BE89B,K21
2016-06-13 21:53:11,00065EBF3C,K21
2016-06-13 21:54:15,0006B34F91,K21
2016-06-13 21:54:52,00068E1A0D,K21
2016-06-13 21:55:46,00074FA4F8,K21
2016-06-13 21:57:10,00074F4107,K21
2016-06-13 21:57:14,00075D1338,K21
2016-06-13 21:57:22,00074F0832,K21
2016-06-13 22:00:52,0006B3775E,K21
2016-06-13 22:01:20,00075D8712,K21
2016-06-13 22:01:27,0006B35440,K21
2016-06-13 22:02:17,0006B3A093,K21
2016-06-13 22:02:25,00074FA290,K21
2016-06-13 22:03:16,0006B34FCA,K21
2016-06-14 03:08:57,00065EBF3C,K21
2016-06-14 03:51:29,0006B39900,K21
2016-06-14 03:51:40,00074F0832,K21
2016-06-14 03:56:28,0006B35440,K21
2016-06-14 03:59:36,00065EBF3C,K21
2016-06-14 04:04:59,0006B34F91,K21
2016-06-14 04:06:14,0006B294D3,K21
2016-06-14 04:06:37,00075D8712,K21
2016-06-14 04:08:03,0006B2A1D2,K21
2016-06-14 04:10:07,0006B34FCA,K21
2016-06-14 04:13:16,0006B3A093,K21
2016-06-14 04:17:53,00075D1338,K21
2016-06-14 04:21:30,0006B3775E,K21
2016-06-14 04:22:01,00074FA290,K21
2016-06-14 04:23:44,00074F4107,K21
2016-06-14 04:24:55,00074FA4F8,K21
2016-06-14 04:26:17,00065EBF3C,K21
2016-06-14 04:30:13,00074F238E,K21
2016-06-14 04:30:46,00061D4D10,K21
2016-06-14 04:36:03,00068E1A0D,K21
2016-06-14 04:41:02,00065EBF3C,K21
2016-06-14 04:47:22,00074BE89B,K21
2016-06-14 22:09:03,00075D1338,K21
2016-06-14 22:09:55,00065EBF3C,K21
2016-06-14 22:10:01,0006B2A1D2,K21
2016-06-14 22:11:23,00074F4107,K21
2016-06-14 22:11:52,00068E1A0D,K21
2016-06-14 22:14:35,0006B3A093,K21
2016-06-14 22:14:39,00075D8712,K21
2016-06-14 22:16:10,00074F238E,K21
2016-06-14 22:16:26,00074FA290,K21
2016-06-14 22:16:47,00061D4D10,K21
2016-06-14 22:17:01,00074F0832,K21
2016-06-14 22:19:11,00074FA4F8,K21
2016-06-14 22:23:01,0006B34F91,K21
2016-06-14 22:23:46,0006B3775E,K21
2016-06-14 22:24:03,0006B34FCA,K21
2016-06-14 22:24:38,0006B39900,K21
2016-06-14 22:25:07,00074BE89B,K21
2016-06-14 22:25:11,0006B294D3,K21
2016-06-14 22:25:17,0006B35440,K21
2016-06-14 22:35:34,00065EBF3C,K21
2016-06-14 23:25:38,00065EBF3C,K21
2016-06-14 23:46:43,00065EBF3C,K21
2016-06-15 00:13:52,0006B294D3,K21
2016-06-15 00:20:42,00065EBF3C,K21
2016-06-15 00:21:09,0006B294D3,K21
2016-06-15 00:37:40,00065EBF3C,K21
2016-06-15 00:58:08,00065EBF3C,K21
2016-06-15 01:29:18,00065EBF3C,K21
2016-06-15 01:49:20,00065EBF3C,K21
2016-06-15 03:41:51,00065EBF3C,K21
2016-06-15 03:57:13,0006B294D3,K21
2016-06-15 04:19:46,0006B3775E,K21
2016-06-15 22:00:04,00068E1A0D,K9
2016-06-15 22:00:15,00074BE89B,K9
2016-06-15 22:02:32,0006B2A1D2,K9
2016-06-15 22:04:29,00074F238E,K9
2016-06-15 22:06:48,00075D1338,K9
2016-06-15 22:07:30,00074FA290,K9
2016-06-15 22:07:53,00074FA4F8,K9
2016-06-15 22:08:02,00075D8712,K9
2016-06-15 22:08:46,0006B3775E,K9
2016-06-15 22:09:22,00074F0832,K9
2016-06-15 22:10:00,00065EBF3C,K9
2016-06-15 22:10:03,0006B294D3,K9
2016-06-15 22:10:52,0006B35440,K9
2016-06-15 22:13:23,0006B34F91,K9
2016-06-15 22:13:27,0006B3A093,K9
2016-06-15 22:14:29,0006B39900,K9
2016-06-15 22:18:21,0006B34FCA,K9
2016-06-15 22:50:32,00065EBF3C,K9
2016-06-15 22:56:20,00065EBF3C,K9
2016-06-16 00:02:57,00065EBF3C,K9
2016-06-16 00:19:38,0006B35440,K9
2016-06-16 00:24:35,00065EBF3C,K9
2016-06-16 00:25:16,0006B35440,K9
2016-06-16 00:55:20,00065EBF3C,K9
2016-06-16 01:29:46,00074F4107,K9
2016-06-16 01:32:26,00074F4107,K9
2016-06-16 01:41:43,0006B35440,K9
2016-06-16 01:42:27,00065EBF3C,K9
2016-06-16 02:46:34,00065EBF3C,K9
2016-06-16 03:09:49,00065EBF3C,K9
2016-06-16 03:11:43,00074F4107,K9
2016-06-16 03:20:36,00065EBF3C,K9
2016-06-16 03:20:40,00074F4107,K9
2016-06-16 03:20:53,0006B294D3,K9
2016-06-16 03:23:07,00065EBF3C,K9
2016-06-16 03:28:48,00065EBF3C,K9
2016-06-16 21:09:47,00074F0832,K8
2016-06-16 21:11:48,00074F0832,K8
2016-06-16 21:13:57,00074F0832,K8
2016-06-16 21:15:58,00074F0832,K8
2016-06-16 21:43:20,00061D4D10,K8
2016-06-16 21:45:45,00074F238E,K8
2016-06-16 21:47:16,00074F4107,K8
2016-06-16 21:47:21,00074BE89B,K8
2016-06-16 21:48:51,0006B2A1D2,K8
2016-06-16 21:53:18,00065EBF3C,K8
2016-06-16 21:53:35,00074FA290,K8
2016-06-16 21:54:32,0006B34F91,K8
2016-06-16 21:54:39,00075D8712,K8
2016-06-16 21:55:41,00074FA4F8,K8
2016-06-16 21:55:52,0006B294D3,K8
2016-06-16 21:56:19,00068E1A0D,K8
2016-06-16 21:57:52,00075D1338,K8
2016-06-16 21:59:21,0006B35440,K8
2016-06-16 21:59:23,0006B3A093,K8
2016-06-16 21:59:56,0006B3775E,K8
2016-06-16 22:00:06,0006B34FCA,K8
2016-06-16 22:00:20,0006B39900,K8
2016-06-16 22:11:01,00074F0832,K8
2016-06-16 22:41:14,00065EBF3C,K8
2016-06-16 22:46:32,00074F0832,K8
2016-06-16 23:14:40,00074F0832,K8
2016-06-16 23:16:38,00065EBF3C,K8
2016-06-16 23:38:50,00074F0832,K8
2016-06-16 23:40:55,00065EBF3C,K8
2016-06-16 23:45:50,0006B294D3,K8
2016-06-17 00:06:44,0006B35440,K8
2016-06-17 00:11:48,0006B294D3,K8
2016-06-17 00:18:01,00065EBF3C,K8
2016-06-17 00:26:59,00074F0832,K8
2016-06-17 00:32:21,0006B35440,K8
2016-06-17 00:46:25,00074F0832,K8
2016-06-17 01:00:43,00065EBF3C,K8
2016-06-17 01:12:08,00074F0832,K8
2016-06-17 01:13:48,0006B294D3,K8
2016-06-17 01:19:08,0006B294D3,K8
2016-06-17 01:19:52,00065EBF3C,K8
2016-06-17 01:32:34,00074F0832,K8
2016-06-17 01:44:43,00074F0832,K8
2016-06-17 01:53:42,00065EBF3C,K8
2016-06-17 01:56:26,0006B294D3,K8
2016-06-17 02:03:17,00074F0832,K8
2016-06-17 02:20:16,00074F0832,K8
2016-06-17 02:20:56,0006B294D3,K8
2016-06-17 02:20:58,00065EBF3C,K8
2016-06-17 03:12:23,00074F0832,K8
2016-06-17 03:17:44,00065EBF3C,K8
2016-06-17 03:34:14,00074F0832,K8
2016-06-17 03:37:27,00065EBF3C,K8
2016-06-17 03:49:57,00074F0832,K8
2016-06-17 03:52:50,00074F0832,K8
2016-06-17 03:58:57,0006B35440,K8
2016-06-17 04:03:54,00074F0832,K8
2016-06-17 04:04:05,00075D1338,K8
2016-06-17 04:05:34,0006B35440,K8
2016-06-17 04:08:04,0006B294D3,K8
2016-06-17 04:09:46,0006B39900,K8
2016-06-17 04:14:03,0006B34FCA,K8
2016-06-17 04:15:37,00061D4D10,K8
2016-06-17 04:15:48,00074F0832,K8
2016-06-17 04:16:44,00075D8712,K8
2016-06-17 04:17:49,0006B3775E,K8
2016-06-17 04:20:13,00074BE89B,K8
2016-06-17 04:22:32,00074FA4F8,K8
2016-06-17 04:27:55,0006B3A093,K8
2016-06-17 04:31:03,0006B34F91,K8
2016-06-17 04:32:33,00068E1A0D,K8
2016-06-17 04:38:15,00065EBF3C,K8
2016-06-17 04:45:25,00074F0832,K8
2016-06-17 21:27:59,00074F0832,K8
2016-06-17 21:33:13,0006B39900,K8
2016-06-17 21:33:23,0006B34F91,K8
2016-06-17 21:33:27,00075D1338,K8
2016-06-17 21:37:14,0006B2A1D2,K8
2016-06-17 21:37:22,00074F238E,K8
2016-06-17 21:39:29,0006B39900,K8
2016-06-17 21:40:43,00075D8712,K8
2016-06-17 21:40:51,00074FA4F8,K8
2016-06-17 21:41:56,00061D4D10,K8
2016-06-17 21:44:28,00061D4D10,K8
2016-06-17 21:44:52,0006B3A093,K8
2016-06-17 21:45:11,00068E1A0D,K8
2016-06-17 21:49:11,0006B3775E,K8
2016-06-17 21:49:16,0006B35440,K8
2016-06-17 21:49:20,00074F4107,K8
2016-06-17 21:49:23,00074BE89B,K8
2016-06-17 21:49:26,0006B294D3,K8
2016-06-17 21:49:50,0006B34FCA,K8
2016-06-17 21:49:59,00074FA290,K8
2016-06-17 21:57:40,0006B39900,K8
2016-06-17 22:13:39,0006B39900,K8
2016-06-17 22:19:29,0006B35440,K8
2016-06-17 22:31:48,0006B39900,K8
2016-06-17 22:41:17,0006B35440,K8
2016-06-17 22:43:36,0006B294D3,K8
2016-06-17 22:49:57,0006B39900,K8
2016-06-17 22:52:05,0006B2A1D2,K8
2016-06-17 22:52:23,0006B294D3,K8
2016-06-17 22:56:24,0006B3775E,K8
2016-06-17 23:00:43,00065EBF3C,K8
2016-06-17 23:01:15,00074F0832,K8
2016-06-17 23:02:56,0006B39900,K8
2016-06-17 23:15:57,0006B2A1D2,K8
2016-06-17 23:25:53,00065EBF3C,K8
2016-06-17 23:28:28,0006B35440,K8
2016-06-17 23:29:22,0006B39900,K8
2016-06-17 23:31:18,00074F0832,K8
2016-06-17 23:32:00,0006B3775E,K8
2016-06-17 23:36:16,0006B2A1D2,K8
2016-06-17 23:38:00,0006B294D3,K8
2016-06-17 23:44:57,00074F0832,K8
2016-06-17 23:47:01,0006B39900,K8
2016-06-17 23:47:35,0006B35440,K8
2016-06-17 23:48:33,00074F0832,K8
2016-06-17 23:50:05,0006B294D3,K8
2016-06-17 23:58:43,00074F0832,K8
2016-06-17 23:59:24,0006B3775E,K8
2016-06-18 00:01:47,00065EBF3C,K8
2016-06-18 00:08:26,0006B39900,K8
2016-06-18 00:15:22,0006B35440,K8
2016-06-18 00:18:15,0006B39900,K8
2016-06-18 00:25:00,0006B3775E,K8
2016-06-18 00:25:30,0006B294D3,K8
2016-06-18 00:27:39,00065EBF3C,K8
2016-06-18 00:28:16,00074F0832,K8
2016-06-18 00:37:56,0006B2A1D2,K8
2016-06-18 00:40:38,0006B39900,K8
2016-06-18 00:42:38,0006B294D3,K8
2016-06-18 00:43:43,0006B3A093,K8
2016-06-18 00:46:26,0006B35440,K8
2016-06-18 00:55:58,00074FA4F8,K8
2016-06-18 00:56:21,0006B3775E,K8
2016-06-18 00:56:34,00074F0832,K8
2016-06-18 00:57:58,0006B39900,K8
2016-06-18 00:59:50,0006B3A093,K8
2016-06-18 01:06:36,0006B294D3,K8
2016-06-18 01:07:20,0006B35440,K8
2016-06-18 01:08:39,00065EBF3C,K8
2016-06-18 01:09:48,00074F0832,K8
2016-06-18 01:13:27,0006B3775E,K8
2016-06-18 01:15:17,0006B39900,K8
2016-06-18 01:18:53,00074FA4F8,K8
2016-06-18 01:22:45,0006B3A093,K8
2016-06-18 01:32:55,0006B294D3,K8
2016-06-18 01:41:36,0006B3775E,K8
2016-06-18 01:42:29,0006B2A1D2,K8
2016-06-18 01:44:08,0006B3A093,K8
2016-06-18 01:45:10,0006B39900,K8
2016-06-18 01:49:38,00065EBF3C,K8
2016-06-18 01:56:18,0006B35440,K8
2016-06-18 01:58:16,0006B294D3,K8
2016-06-18 02:03:51,0006B3775E,K8
2016-06-18 02:13:10,0006B39900,K8
2016-06-18 02:15:16,00074F0832,K8
2016-06-18 02:17:42,00074FA4F8,K8
2016-06-18 02:21:53,0006B294D3,K8
2016-06-18 02:27:12,0006B35440,K8
2016-06-18 02:33:32,0006B39900,K8
2016-06-18 02:36:58,0006B3775E,K8
2016-06-18 02:39:10,00074FA4F8,K8
2016-06-18 02:39:43,00065EBF3C,K8
2016-06-18 02:41:30,00074F0832,K8
2016-06-18 02:50:25,0006B3775E,K8
2016-06-18 02:50:45,0006B2A1D2,K8
2016-06-18 02:54:24,0006B35440,K8
2016-06-18 02:58:11,0006B294D3,K8
2016-06-18 03:00:05,0006B39900,K8
2016-06-18 03:03:06,00065EBF3C,K8
2016-06-18 03:11:12,00074FA4F8,K8
2016-06-18 03:11:21,00075D1338,K8
2016-06-18 03:17:41,0006B39900,K8
2016-06-18 03:18:19,00075D1338,K8
2016-06-18 03:18:45,0006B294D3,K8
2016-06-18 03:20:14,0006B3775E,K8
2016-06-18 03:23:44,00074FA4F8,K8
2016-06-18 03:32:40,0006B2A1D2,K8
2016-06-18 03:37:35,0006B3775E,K8
2016-06-18 03:54:54,0006B35440,K8
2016-06-18 04:05:28,00075D1338,K8
2016-06-18 04:10:38,00074FA4F8,K8
2016-06-18 04:14:47,00075D8712,K8
2016-06-18 04:18:15,00074F0832,K8
2016-06-18 04:18:32,0006B34FCA,K8
2016-06-18 04:18:58,00074BE89B,K8
2016-06-18 04:20:27,0006B34F91,K8
2016-06-18 04:21:15,0006B294D3,K8
2016-06-18 04:27:44,0006B39900,K8
2016-06-18 04:28:21,00074F238E,K8
2016-06-18 04:29:14,00065EBF3C,K8
2016-06-18 04:30:38,0006B2A1D2,K8
2016-06-18 04:33:57,0006B3775E,K8
2016-06-18 04:35:06,00068E1A0D,K8
2016-06-18 04:39:50,00074BE89B,K8
2016-06-18 04:40:15,00061D4D10,K8
2016-06-18 20:56:38,00065EBF3C,K8
2016-06-18 21:48:39,00068E1A0D,K8
2016-06-18 21:51:56,00065EBF3C,K8
2016-06-18 21:54:14,00074F0832,K8
2016-06-18 21:54:18,00075D1338,K8
2016-06-18 21:57:09,0006B39900,K8
2016-06-18 21:59:52,00074F238E,K8
2016-06-18 22:00:39,0006B2A1D2,K8
2016-06-18 22:01:30,0006B3A093,K8
2016-06-18 22:02:47,00074BE89B,K8
2016-06-18 22:03:03,00075D8712,K8
2016-06-18 22:04:12,0006B35440,K8
2016-06-18 22:05:23,0006B34F91,K8
2016-06-18 22:07:04,00074FA290,K8
2016-06-18 22:07:21,0006B3775E,K8
2016-06-18 22:08:11,0006B34FCA,K8
2016-06-18 22:08:44,00074FA4F8,K8
2016-06-18 22:09:06,00074F4107,K8
2016-06-18 22:11:50,00061D4D10,K8
2016-06-18 22:16:21,0006B294D3,K8
2016-06-18 22:33:33,0006B294D3,K8
2016-06-18 22:45:30,00065EBF3C,K8
2016-06-18 22:46:30,0006B35440,K8
2016-06-18 22:50:12,0006B294D3,K8
2016-06-18 22:59:19,0006B3775E,K8
2016-06-18 23:06:33,00065EBF3C,K8
2016-06-18 23:07:32,0006B34F91,K8
2016-06-18 23:08:29,0006B39900,K8
2016-06-18 23:15:07,0006B34F91,K8
2016-06-18 23:16:00,0006B2A1D2,K8
2016-06-18 23:17:34,0006B294D3,K8
2016-06-18 23:26:46,00074F0832,K8
2016-06-18 23:26:55,0006B35440,K8
2016-06-18 23:27:15,00065EBF3C,K8
2016-06-18 23:30:15,0006B3775E,K8
2016-06-18 23:30:31,0006B3A093,K8
2016-06-18 23:30:54,00065EBF3C,K8
2016-06-18 23:36:48,0006B39900,K8
2016-06-18 23:44:15,0006B39900,K8
2016-06-18 23:45:50,0006B34F91,K8
2016-06-18 23:46:16,0006B294D3,K8
2016-06-18 23:46:21,00074F0832,K8
2016-06-18 23:49:47,00065EBF3C,K8
2016-06-18 23:50:42,0006B3775E,K8
2016-06-18 23:59:15,0006B39900,K8
2016-06-19 00:01:20,0006B3775E,K8
2016-06-19 00:02:36,0006B294D3,K8
2016-06-19 00:10:22,00074FA4F8,K8
2016-06-19 00:10:58,0006B35440,K8
2016-06-19 00:18:01,00074F0832,K8
2016-06-19 00:18:05,0006B3775E,K8
2016-06-19 00:19:04,0006B2A1D2,K8
2016-06-19 00:22:39,0006B34F91,K8
2016-06-19 00:24:55,0006B294D3,K8
2016-06-19 00:28:19,0006B3775E,K8
2016-06-19 00:28:24,00074FA4F8,K8
2016-06-19 00:33:51,00074F0832,K8
2016-06-19 00:37:06,0006B35440,K8
2016-06-19 00:37:42,00065EBF3C,K8
2016-06-19 00:39:45,0006B39900,K8
2016-06-19 00:40:58,0006B3A093,K8
2016-06-19 00:44:51,0006B294D3,K8
2016-06-19 00:50:25,00074FA4F8,K8
2016-06-19 00:51:27,00074F0832,K8
2016-06-19 00:55:00,00074F0832,K8
2016-06-19 00:57:24,00065EBF3C,K8
2016-06-19 01:02:09,0006B3775E,K8
2016-06-19 01:04:07,0006B294D3,K8
2016-06-19 01:15:35,0006B2A1D2,K8
2016-06-19 01:18:06,0006B39900,K8
2016-06-19 01:20:16,0006B3775E,K8
2016-06-19 01:22:24,0006B294D3,K8
2016-06-19 01:24:34,0006B34F91,K8
2016-06-19 01:25:47,0006B35440,K8
2016-06-19 01:29:38,0006B39900,K8
2016-06-19 01:35:05,00074F0832,K8
2016-06-19 01:44:01,0006B294D3,K8
2016-06-19 01:44:20,0006B3A093,K8
2016-06-19 01:45:42,0006B39900,K8
2016-06-19 01:55:20,00075D1338,K8
2016-06-19 01:58:30,0006B34F91,K8
2016-06-19 02:03:04,0006B2A1D2,K8
2016-06-19 02:03:29,00074F0832,K8
2016-06-19 02:04:02,0006B39900,K8
2016-06-19 02:06:03,0006B3775E,K8
2016-06-19 02:07:06,00075D1338,K8
2016-06-19 02:07:55,0006B294D3,K8
2016-06-19 02:08:03,0006B35440,K8
2016-06-19 02:12:22,00065EBF3C,K8
2016-06-19 02:19:04,0006B2A1D2,K8
2016-06-19 02:21:08,0006B39900,K8
2016-06-19 02:23:08,0006B3775E,K8
2016-06-19 02:23:30,0006B3A093,K8
2016-06-19 02:24:33,00074F238E,K8
2016-06-19 02:33:04,0006B294D3,K8
2016-06-19 02:44:42,0006B39900,K8
2016-06-19 02:50:31,00065EBF3C,K8
2016-06-19 02:57:32,0006B294D3,K8
2016-06-19 02:57:51,0006B39900,K8
2016-06-19 02:59:12,0006B35440,K8
2016-06-19 03:01:59,0006B3A093,K8
2016-06-19 03:08:14,00074FA4F8,K8
2016-06-19 03:18:26,0006B294D3,K8
2016-06-19 03:22:43,0006B34F91,K8
2016-06-19 03:22:54,00074FA4F8,K8
2016-06-19 03:23:16,00074F0832,K8
2016-06-19 03:28:35,00074F0832,K8
2016-06-19 03:33:45,0006B35440,K8
2016-06-19 03:42:07,0006B34F91,K8
2016-06-19 04:09:17,00075D1338,K8
2016-06-19 04:09:53,0006B34FCA,K8
2016-06-19 04:17:07,0006B39900,K8
2016-06-19 04:24:44,00074F0832,K8
2016-06-19 04:28:51,00074FA4F8,K8
2016-06-19 04:38:01,00074F238E,K8
2016-06-19 04:38:12,00068E1A0D,K8
2016-06-19 04:39:50,0006B3775E,K8
2016-06-19 04:40:07,0006B294D3,K8
2016-06-19 04:40:16,0006B34F91,K8
2016-06-19 04:41:11,0006B35440,K8
2016-06-19 04:50:08,00061D4D10,K8
2016-06-19 04:57:51,00074BE89B,K8
2016-06-19 21:51:23,00074F238E,K8
2016-06-19 21:54:18,00074F0832,K8
2016-06-19 21:54:34,00065EBF3C,K8
2016-06-19 21:54:37,0006B2A1D2,K8
2016-06-19 21:54:39,00068E1A0D,K8
2016-06-19 21:55:01,0006B3775E,K8
2016-06-19 21:55:40,0006B39900,K8
2016-06-19 21:58:34,0006B3A093,K8
2016-06-19 21:59:02,00075D1338,K8
2016-06-19 22:00:23,00074F4107,K8
2016-06-19 22:00:49,0006B35440,K8
2016-06-19 22:00:53,00075D8712,K8
2016-06-19 22:01:18,00074FA4F8,K8
2016-06-19 22:01:43,00074BE89B,K8
2016-06-19 22:01:50,00074FA290,K8
2016-06-19 22:02:10,00061D4D10,K8
2016-06-19 22:02:48,0006B34FCA,K8
2016-06-19 22:07:10,0006B294D3,K8
2016-06-19 22:21:21,00075D1338,K8
2016-06-19 22:31:34,0006B294D3,K8
2016-06-19 22:37:39,0006B39900,K8
2016-06-19 22:41:44,00074FA4F8,K8
2016-06-19 22:46:02,00075D1338,K8
2016-06-19 22:48:17,00074F0832,K8
2016-06-19 22:51:40,0006B35440,K8
2016-06-19 22:52:25,0006B294D3,K8
2016-06-19 22:53:22,0006B39900,K8
2016-06-19 22:53:53,00074F0832,K8
2016-06-19 22:57:51,00074FA4F8,K8
2016-06-19 23:02:09,0006B34FCA,K8
2016-06-19 23:06:38,00065EBF3C,K8
2016-06-19 23:07:10,0006B34F91,K8
2016-06-19 23:10:04,0006B3A093,K8
2016-06-19 23:13:56,0006B2A1D2,K8
2016-06-19 23:14:06,00075D8712,K8
2016-06-19 23:14:07,0006B34F91,K8
2016-06-19 23:16:21,0006B294D3,K8
2016-06-19 23:18:27,0006B3A093,K8
2016-06-19 23:19:36,00075D1338,K8
2016-06-19 23:23:33,0006B3775E,K8
2016-06-19 23:24:28,00074F0832,K8
2016-06-19 23:26:52,00065EBF3C,K8
2016-06-19 23:30:22,00074FA4F8,K8
2016-06-19 23:38:01,0006B3775E,K8
2016-06-19 23:38:59,0006B294D3,K8
2016-06-19 23:39:21,0006B34F91,K8
2016-06-19 23:40:07,0006B3A093,K8
2016-06-19 23:41:30,0006B35440,K8
2016-06-19 23:46:51,0006B34F91,K8
2016-06-19 23:46:57,0006B34FCA,K8
2016-06-19 23:47:46,00065EBF3C,K8
2016-06-19 23:48:02,00075D1338,K8
2016-06-19 23:48:43,00074F0832,K8
2016-06-19 23:52:56,0006B39900,K8
2016-06-19 23:53:06,0006B34F91,K8
2016-06-19 23:55:52,0006B2A1D2,K8
2016-06-20 00:00:41,00074FA4F8,K8
2016-06-20 00:01:53,00075D8712,K8
2016-06-20 00:05:51,0006B294D3,K8
2016-06-20 00:10:53,00075D1338,K8
2016-06-20 00:15:03,0006B39900,K8
2016-06-20 00:15:20,00065EBF3C,K8
2016-06-20 00:16:00,0006B294D3,K8
2016-06-20 00:17:25,0006B34FCA,K8
2016-06-20 00:21:40,0006B35440,K8
2016-06-20 00:22:06,0006B2A1D2,K8
2016-06-20 00:27:33,0006B294D3,K8
2016-06-20 00:30:58,0006B34F91,K8
2016-06-20 00:36:53,0006B39900,K8
2016-06-20 00:42:37,00074F238E,K8
2016-06-20 00:43:20,00075D1338,K8
2016-06-20 00:45:02,0006B3775E,K8
2016-06-20 00:50:44,0006B3A093,K8
2016-06-20 00:52:56,00075D8712,K8
2016-06-20 00:53:38,00074FA4F8,K8
2016-06-20 00:56:23,0006B39900,K8
2016-06-20 00:56:27,00074F238E,K8
2016-06-20 00:57:16,0006B35440,K8
2016-06-20 00:59:01,0006B3775E,K8
2016-06-20 00:59:56,0006B34FCA,K8
2016-06-20 01:03:10,00074F0832,K8
2016-06-20 01:05:54,0006B34F91,K8
2016-06-20 01:09:46,00065EBF3C,K8
2016-06-20 01:10:09,0006B294D3,K8
2016-06-20 01:12:40,00074F0832,K8
2016-06-20 01:13:50,0006B39900,K8
2016-06-20 01:22:42,0006B294D3,K8
2016-06-20 01:24:34,00075D8712,K8
2016-06-20 01:31:05,00074F238E,K8
2016-06-20 01:33:38,0006B3A093,K8
2016-06-20 01:35:47,00075D1338,K8
2016-06-20 01:37:51,0006B294D3,K8
2016-06-20 01:38:56,0006B34F91,K8
2016-06-20 01:40:20,0006B34FCA,K8
2016-06-20 01:45:53,0006B2A1D2,K8
2016-06-20 01:46:08,0006B39900,K8
2016-06-20 01:46:49,00075D1338,K8
2016-06-20 01:49:48,0006B3775E,K8
2016-06-20 01:54:30,00074F0832,K8
2016-06-20 01:55:28,00074F238E,K8
2016-06-20 01:55:54,0006B294D3,K8
2016-06-20 02:03:02,00065EBF3C,K8
2016-06-20 02:03:05,00074F0832,K8
2016-06-20 02:07:28,0006B3775E,K8
2016-06-20 02:12:17,00074F0832,K8
2016-06-20 02:14:38,00075D1338,K8
2016-06-20 02:16:59,0006B3A093,K8
2016-06-20 02:24:30,0006B34F91,K8
2016-06-20 02:24:37,00075D8712,K8
2016-06-20 02:25:42,00065EBF3C,K8
2016-06-20 02:34:03,00074F238E,K8
2016-06-20 02:34:21,0006B294D3,K8
2016-06-20 02:34:28,0006B34FCA,K8
2016-06-20 02:37:42,00074F0832,K8
2016-06-20 02:43:02,00074FA4F8,K8
2016-06-20 02:45:15,0006B3A093,K8
2016-06-20 02:45:28,00075D1338,K8
2016-06-20 02:49:15,0006B39900,K8
2016-06-20 02:56:01,00065EBF3C,K8
2016-06-20 02:59:59,00075D8712,K8
2016-06-20 03:00:06,0006B294D3,K8
2016-06-20 03:03:21,0006B39900,K8
2016-06-20 03:06:01,0006B2A1D2,K8
2016-06-20 03:10:57,0006B3775E,K8
2016-06-20 03:17:56,0006B34FCA,K8
2016-06-20 03:20:55,0006B294D3,K8
2016-06-20 03:26:27,0006B3775E,K8
2016-06-20 03:26:52,0006B34F91,K8
2016-06-20 03:31:57,00074FA4F8,K8
2016-06-20 03:38:19,0006B34FCA,K8
2016-06-20 03:42:25,00075D8712,K8
2016-06-20 04:01:37,00065EBF3C,K8
2016-06-20 04:02:32,00074FA4F8,K8
2016-06-20 04:06:35,00075D1338,K8
2016-06-20 04:16:12,0006B2A1D2,K8
2016-06-20 04:16:29,0006B3775E,K8
2016-06-20 04:17:06,0006B34FCA,K8
2016-06-20 04:19:18,00075D8712,K8
2016-06-20 04:20:15,00074F0832,K8
2016-06-20 04:20:19,00068E1A0D,K8
2016-06-20 04:21:19,0006B3A093,K8
2016-06-20 04:21:40,0006B35440,K8
2016-06-20 04:26:59,0006B39900,K8
2016-06-20 04:28:06,0006B34F91,K8
2016-06-20 04:29:03,0006B294D3,K8
2016-06-20 04:31:31,00074FA4F8,K8
2016-06-20 21:36:59,00065EBF3C,K8
2016-06-20 21:42:04,0006B2A1D2,K8
2016-06-20 21:42:45,00074F238E,K8
2016-06-20 21:42:48,0006B34F91,K8
2016-06-20 21:43:19,0006B39900,K8
2016-06-20 21:43:20,00075D8712,K8
2016-06-20 21:43:49,00074F0832,K8
2016-06-20 21:43:51,0006B3A093,K8
2016-06-20 21:43:54,00075D1338,K8
2016-06-20 21:44:01,0006B35440,K8
2016-06-20 21:44:53,0006B3775E,K8
2016-06-20 21:45:34,00068E1A0D,K8
2016-06-20 21:47:10,00074FA4F8,K8
2016-06-20 21:47:31,00074FA290,K8
2016-06-20 21:48:26,0006B294D3,K8
2016-06-20 21:52:52,0006B34FCA,K8
2016-06-20 22:15:08,00074F0832,K8
2016-06-20 22:30:29,00074F0832,K8
2016-06-20 22:40:27,00075D8712,K8
2016-06-20 22:43:20,0006B3A093,K8
2016-06-20 22:43:27,00075D1338,K8
2016-06-20 23:04:53,0006B294D3,K8
2016-06-20 23:07:52,0006B34F91,K8
2016-06-20 23:12:18,00074F238E,K8
2016-06-20 23:14:24,00074F238E,K8
2016-06-20 23:21:07,00074FA4F8,K8
2016-06-20 23:22:53,0006B3A093,K8
2016-06-20 23:24:56,0006B39900,K8
2016-06-20 23:32:52,00074F0832,K8
2016-06-20 23:34:57,0006B34FCA,K8
2016-06-20 23:43:11,00075D1338,K8
2016-06-20 23:44:57,0006B34F91,K8
2016-06-20 23:46:50,0006B294D3,K8
2016-06-20 23:47:26,00075D8712,K8
2016-06-20 23:48:30,00074F238E,K8
2016-06-20 23:49:43,0006B35440,K8
2016-06-20 23:56:35,00074F238E,K8
2016-06-20 23:56:55,00065EBF3C,K8
2016-06-20 23:57:07,0006B3775E,K8
2016-06-21 00:00:57,00074F0832,K8
2016-06-21 00:02:26,00074F238E,K8
2016-06-21 00:12:28,0006B34FCA,K8
2016-06-21 00:13:53,0006B34F91,K8
2016-06-21 00:14:28,00075D1338,K8
2016-06-21 00:17:53,0006B3775E,K8
2016-06-21 00:23:00,00074FA4F8,K8
2016-06-21 00:30:24,00075D8712,K8
2016-06-21 00:32:30,0006B2A1D2,K8
2016-06-21 00:33:47,00074F238E,K8
2016-06-21 00:35:45,00065EBF3C,K8
2016-06-21 00:36:28,0006B3A093,K8
2016-06-21 00:37:05,0006B35440,K8
2016-06-21 00:37:11,00074F238E,K8
2016-06-21 00:39:06,00074BE89B,K8
2016-06-21 00:42:14,0006B294D3,K8
2016-06-21 00:42:42,00074F238E,K8
2016-06-21 00:46:49,00074F0832,K8
2016-06-21 01:00:30,0006B34FCA,K8
2016-06-21 01:17:58,0006B34F91,K8
2016-06-21 01:18:03,0006B294D3,K8
2016-06-21 01:19:43,00075D1338,K8
2016-06-21 01:22:02,0006B39900,K8
2016-06-21 01:22:09,00075D8712,K8
2016-06-21 01:22:12,00074BE89B,K8
2016-06-21 01:26:17,00074FA4F8,K8
2016-06-21 01:28:52,00074F238E,K8
2016-06-21 01:30:41,0006B35440,K8
2016-06-21 01:32:39,0006B3775E,K8
2016-06-21 01:33:26,00065EBF3C,K8
2016-06-21 01:46:45,0006B2A1D2,K8
2016-06-21 01:53:08,0006B34FCA,K8
2016-06-21 01:53:30,0006B3A093,K8
2016-06-21 01:53:39,00074F0832,K8
2016-06-21 01:54:03,0006B34F91,K8
2016-06-21 01:54:17,0006B3775E,K8
2016-06-21 01:56:02,00075D8712,K8
2016-06-21 01:59:13,00075D1338,K8
2016-06-21 01:59:51,00074FA4F8,K8
2016-06-21 02:07:42,00065EBF3C,K8
2016-06-21 02:09:40,0006B35440,K8
2016-06-21 02:16:38,0006B294D3,K8
2016-06-21 02:18:21,0006B39900,K8
2016-06-21 02:25:46,0006B294D3,K8
2016-06-21 02:26:28,0006B2A1D2,K8
2016-06-21 02:28:44,0006B39900,K8
2016-06-21 02:31:15,00074F0832,K8
2016-06-21 02:33:20,00075D1338,K8
2016-06-21 02:40:23,0006B294D3,K8
2016-06-21 02:42:29,00074F238E,K8
2016-06-21 02:43:11,0006B34F91,K8
2016-06-21 02:49:34,00075D8712,K8
2016-06-21 02:58:01,0006B294D3,K8
2016-06-21 03:05:19,00074F0832,K8
2016-06-21 03:08:40,0006B39900,K8
2016-06-21 03:09:24,00065EBF3C,K8
2016-06-21 03:15:35,00074FA4F8,K8
2016-06-21 03:18:44,0006B3A093,K8
2016-06-21 03:26:12,00065EBF3C,K8
2016-06-21 03:30:15,00075D1338,K8
2016-06-21 03:41:24,00074FA4F8,K8
2016-06-21 03:51:15,00075D1338,K8
2016-06-21 04:04:56,00074F0832,K8
2016-06-21 04:05:03,0006B3775E,K8
2016-06-21 04:09:16,00075D8712,K8
2016-06-21 04:20:18,0006B34F91,K8
2016-06-21 04:20:48,0006B294D3,K8
2016-06-21 04:23:48,00074F0832,K8
2016-06-21 04:26:41,0006B34FCA,K8
2016-06-21 04:27:37,0006B35440,K8
2016-06-21 04:31:48,00074F238E,K8
2016-06-21 04:32:26,00074FA290,K8
2016-06-21 04:34:25,0006B39900,K8
2016-06-21 04:35:32,00068E1A0D,K8
2016-06-21 04:38:54,00074F0832,K8
2016-06-21 04:42:40,00075D1338,K8
2016-06-21 04:42:56,0006B3A093,K8
2016-06-21 04:43:31,00074FA4F8,K8
2016-06-21 04:45:45,00074F4107,K8
2016-06-21 04:46:04,0006B2A1D2,K8
2016-06-21 04:46:28,00065EBF3C,K8
2016-06-21 04:48:15,00074BE89B,K8
2016-06-21 21:42:19,00074F238E,K8
2016-06-21 21:42:29,00075D1338,K8
2016-06-21 21:42:47,0006B3775E,K8
2016-06-21 21:43:42,00075D8712,K8
2016-06-21 21:44:09,00074FA4F8,K8
2016-06-21 21:44:51,0006B2A1D2,K8
2016-06-21 21:44:58,00074F4107,K8
2016-06-21 21:45:10,00068E1A0D,K8
2016-06-21 21:45:51,0006B35440,K8
2016-06-21 21:45:56,0006B294D3,K8
2016-06-21 21:46:02,00065EBF3C,K8
2016-06-21 21:46:25,0006B39900,K8
2016-06-21 21:46:56,0006B3A093,K8
2016-06-21 21:47:47,0006B34FCA,K8
2016-06-21 21:47:50,00074BE89B,K8
2016-06-21 21:48:19,00074F0832,K8
2016-06-21 21:49:26,00074FA290,K8
2016-06-21 22:24:11,0006B39900,K8
2016-06-21 22:31:44,00075D1338,K8
2016-06-21 22:39:55,0006B39900,K8
2016-06-21 22:48:14,00074F238E,K8
2016-06-21 22:49:18,00075D1338,K8
2016-06-21 22:51:24,00075D8712,K8
2016-06-21 22:53:28,0006B2A1D2,K8
2016-06-21 22:54:10,0006B35440,K8
2016-06-21 22:55:20,0006B3775E,K8
2016-06-21 22:57:24,0006B3A093,K8
2016-06-21 22:58:20,0006B3775E,K8
2016-06-21 23:04:21,00065EBF3C,K8
2016-06-21 23:05:22,00074F0832,K8
2016-06-21 23:05:52,0006B35440,K8
2016-06-21 23:07:18,0006B34F91,K8
2016-06-21 23:07:24,0006B34FCA,K8
2016-06-21 23:07:46,00065EBF3C,K8
2016-06-21 23:08:23,00074F0832,K8
2016-06-21 23:10:07,0006B3A093,K8
2016-06-21 23:11:36,0006B294D3,K8
2016-06-21 23:12:25,0006B2A1D2,K8
2016-06-21 23:12:35,00074FA4F8,K8
2016-06-21 23:13:11,00075D8712,K8
2016-06-21 23:18:13,0006B294D3,K8
2016-06-21 23:19:06,00074F238E,K8
2016-06-21 23:19:57,0006B34FCA,K8
2016-06-21 23:21:17,0006B3775E,K8
2016-06-21 23:25:23,0006B34F91,K8
2016-06-21 23:30:25,00074FA4F8,K8
2016-06-21 23:32:49,0006B3775E,K8
2016-06-21 23:33:57,0006B294D3,K8
2016-06-21 23:34:05,00074F0832,K8
2016-06-21 23:34:26,00075D1338,K8
2016-06-21 23:39:31,00074F0832,K8
2016-06-21 23:41:33,0006B39900,K8
2016-06-21 23:45:06,00065EBF3C,K8
2016-06-21 23:47:08,0006B39900,K8
2016-06-21 23:48:09,00074FA4F8,K8
2016-06-21 23:48:47,0006B294D3,K8
2016-06-21 23:50:53,00065EBF3C,K8
2016-06-21 23:52:52,00074F238E,K8
2016-06-21 23:55:02,00074F238E,K8
2016-06-21 23:56:08,0006B34F91,K8
2016-06-21 23:58:16,00075D1338,K8
2016-06-22 00:00:11,00074F238E,K8
2016-06-22 00:02:06,0006B3A093,K8
2016-06-22 00:04:30,0006B39900,K8
2016-06-22 00:06:11,00075D8712,K8
2016-06-22 00:06:17,0006B35440,K8
2016-06-22 00:07:50,0006B3775E,K8
2016-06-22 00:12:01,00075D8712,K8
2016-06-22 00:13:00,00074F0832,K8
2016-06-22 00:14:00,0006B35440,K8
2016-06-22 00:15:33,00074FA4F8,K8
2016-06-22 00:18:20,00065EBF3C,K8
2016-06-22 00:19:04,0006B294D3,K8
2016-06-22 00:21:02,0006B39900,K8
2016-06-22 00:21:26,0006B3775E,K8
2016-06-22 00:24:03,0006B34FCA,K8
2016-06-22 00:27:24,0006B2A1D2,K8
2016-06-22 00:32:29,00075D8712,K8
2016-06-22 00:34:19,00074F0832,K8
2016-06-22 00:35:03,00074F238E,K8
2016-06-22 00:35:28,00075D1338,K8
2016-06-22 00:36:33,0006B294D3,K8
2016-06-22 00:36:58,00065EBF3C,K8
2016-06-22 00:47:51,0006B34FCA,K8
2016-06-22 00:53:20,0006B35440,K8
2016-06-22 00:57:14,0006B3775E,K8
2016-06-22 00:58:41,0006B294D3,K8
2016-06-22 00:59:36,00074F0832,K8
2016-06-22 01:00:47,00075D1338,K8
2016-06-22 01:04:26,00074F0832,K8
2016-06-22 01:04:58,0006B3A093,K8
2016-06-22 01:07:48,0006B3775E,K8
2016-06-22 01:14:27,0006B35440,K8
2016-06-22 01:16:05,0006B294D3,K8
2016-06-22 01:19:27,00075D8712,K8
2016-06-22 01:21:08,00074F0832,K8
2016-06-22 01:21:17,0006B39900,K8
2016-06-22 01:23:47,00074FA4F8,K8
2016-06-22 01:24:25,0006B34F91,K8
2016-06-22 01:31:08,00074FA290,K8
2016-06-22 01:33:46,0006B34F91,K8
2016-06-22 01:34:28,0006B2A1D2,K8
2016-06-22 01:36:49,00074FA290,K8
2016-06-22 01:37:21,0006B34FCA,K8
2016-06-22 01:38:17,00074F238E,K8
2016-06-22 01:39:24,00065EBF3C,K8
2016-06-22 01:45:05,00074F0832,K8
2016-06-22 01:46:07,0006B39900,K8
2016-06-22 01:50:06,0006B3775E,K8
2016-06-22 01:50:54,00075D1338,K8
2016-06-22 01:53:20,0006B34F91,K8
2016-06-22 02:02:42,0006B2A1D2,K8
2016-06-22 02:02:56,0006B3775E,K8
2016-06-22 02:04:29,00075D8712,K8
2016-06-22 02:04:49,0006B34FCA,K8
2016-06-22 02:10:23,00075D1338,K8
2016-06-22 02:11:05,0006B3A093,K8
2016-06-22 02:12:03,00074FA4F8,K8
2016-06-22 02:15:11,0006B34F91,K8
2016-06-22 02:18:48,00065EBF3C,K8
2016-06-22 02:20:59,0006B39900,K8
2016-06-22 02:22:26,00074F0832,K8
2016-06-22 02:25:27,0006B294D3,K8
2016-06-22 02:40:28,0006B39900,K8
2016-06-22 02:41:52,00065EBF3C,K8
2016-06-22 02:45:49,0006B294D3,K8
2016-06-22 02:51:39,0006B35440,K8
2016-06-22 02:53:51,00075D8712,K8
2016-06-22 02:55:38,00074F0832,K8
2016-06-22 02:58:16,0006B34FCA,K8
2016-06-22 03:03:03,0006B34F91,K8
2016-06-22 03:10:08,00074FA4F8,K8
2016-06-22 03:12:20,0006B35440,K8
2016-06-22 03:12:50,00065EBF3C,K8
2016-06-22 03:18:10,00074F238E,K8
2016-06-22 03:19:15,0006B3A093,K8
2016-06-22 03:20:39,00075D1338,K8
2016-06-22 03:24:19,0006B34F91,K8
2016-06-22 03:25:53,00075D8712,K8
2016-06-22 03:26:45,0006B3775E,K8
2016-06-22 03:26:54,00074F0832,K8
2016-06-22 03:27:03,0006B294D3,K8
2016-06-22 03:27:15,0006B34FCA,K8
2016-06-22 03:28:21,00074FA4F8,K8
2016-06-22 03:29:23,0006B2A1D2,K8
2016-06-22 03:33:30,00074F0832,K8
2016-06-22 03:34:39,0006B3775E,K8
2016-06-22 03:39:36,0006B294D3,K8
2016-06-22 03:46:48,00075D1338,K8
2016-06-22 04:20:33,00075D8712,K8
2016-06-22 04:24:49,0006B34FCA,K8
2016-06-22 04:25:34,00074FA290,K8
2016-06-22 04:26:46,00074FA4F8,K8
2016-06-22 04:32:40,0006B3A093,K8
2016-06-22 04:35:40,0006B39900,K8
2016-06-22 04:35:46,0006B294D3,K8
2016-06-22 04:35:50,00074F238E,K8
2016-06-22 04:35:54,0006B34F91,K8
2016-06-22 04:35:58,0006B2A1D2,K8
2016-06-22 04:36:21,00065EBF3C,K8
2016-06-22 04:39:05,00068E1A0D,K8
2016-06-22 04:40:13,0006B3775E,K8
2016-06-22 04:40:14,0006B35440,K8
2016-06-22 04:40:15,00075D1338,K8
2016-06-22 04:41:46,00074F0832,K8
2016-06-22 04:44:13,00074BE89B,K8
2016-06-22 04:45:33,00061D4D10,K8
2016-06-22 21:35:35,00065EBF3C,K8
2016-06-22 21:37:59,00065EBF3C,K8
2016-06-22 21:41:09,00065EBF3C,K8
2016-06-22 21:41:18,0006B39900,K8
2016-06-22 21:42:32,00075D8712,K8
2016-06-22 21:42:34,00075D1338,K8
2016-06-22 21:42:56,00074FA4F8,K8
2016-06-22 21:43:17,00074F238E,K8
2016-06-22 21:44:22,00074F0832,K8
2016-06-22 21:44:29,0006B3775E,K8
2016-06-22 21:45:34,0006B35440,K8
2016-06-22 21:46:19,0006B294D3,K8
2016-06-22 21:46:20,0006B3A093,K8
2016-06-22 21:46:31,0006B2A1D2,K8
2016-06-22 21:47:07,0006B34FCA,K8
2016-06-22 21:49:13,00068E1A0D,K8
2016-06-22 21:49:14,00074F4107,K8
2016-06-22 21:49:19,00074BE89B,K8
2016-06-22 21:49:35,00074FA290,K8
2016-06-22 21:49:39,00061D4D10,K8
2016-06-22 22:30:01,00075D1338,K8
2016-06-22 22:40:59,0006B39900,K8
2016-06-22 22:42:21,0006B294D3,K8
2016-06-22 22:46:15,00075D8712,K8
2016-06-22 22:46:41,00075D1338,K8
2016-06-22 22:49:31,00074FA4F8,K8
2016-06-22 22:54:30,0006B39900,K8
2016-06-22 22:57:15,0006B294D3,K8
2016-06-22 22:59:04,00074F0832,K8
2016-06-22 23:04:49,00075D8712,K8
2016-06-22 23:05:48,0006B2A1D2,K8
2016-06-22 23:09:03,00074F238E,K8
2016-06-22 23:14:41,0006B34FCA,K8
2016-06-22 23:17:02,00075D8712,K8
2016-06-22 23:19:47,00075D8712,K8
2016-06-22 23:20:43,0006B3A093,K8
2016-06-22 23:21:13,00065EBF3C,K8
2016-06-22 23:21:59,0006B3775E,K8
2016-06-22 23:24:58,0006B39900,K8
2016-06-22 23:28:56,00075D1338,K8
2016-06-22 23:29:03,0006B34F91,K8
2016-06-22 23:29:13,0006B3775E,K8
2016-06-22 23:31:45,0006B35440,K8
2016-06-22 23:32:00,0006B34FCA,K8
2016-06-22 23:36:11,00065EBF3C,K8
2016-06-22 23:38:40,0006B39900,K8
2016-06-22 23:40:12,00065EBF3C,K8
2016-06-22 23:41:01,00074F0832,K8
2016-06-22 23:45:13,00075D1338,K8
2016-06-22 23:47:04,00074F0832,K8
2016-06-22 23:47:55,00075D8712,K8
2016-06-22 23:48:08,00074F238E,K8
2016-06-22 23:53:29,00074FA4F8,K8
2016-06-22 23:54:16,00074FA290,K8
2016-06-22 23:54:30,0006B35440,K8
2016-06-22 23:56:54,00074FA290,K8
2016-06-23 00:03:53,00074F238E,K8
2016-06-23 00:03:58,0006B3A093,K8
2016-06-23 00:09:08,00075D8712,K8
2016-06-23 00:09:50,00074F0832,K8
2016-06-23 00:14:17,0006B294D3,K8
2016-06-23 00:19:05,0006B2A1D2,K8
2016-06-23 00:21:09,0006B39900,K8
2016-06-23 00:21:58,0006B3775E,K8
2016-06-23 00:25:08,00074FA4F8,K8
2016-06-23 00:25:28,00065EBF3C,K8
2016-06-23 00:28:23,00074F0832,K8
2016-06-23 00:31:16,00075D1338,K8
2016-06-23 00:31:24,0006B294D3,K8
2016-06-23 00:32:33,00075D8712,K8
2016-06-23 00:35:39,0006B2A1D2,K8
2016-06-23 00:36:49,0006B34FCA,K8
2016-06-23 00:36:53,0006B3775E,K8
2016-06-23 00:42:38,0006B39900,K8
2016-06-23 00:44:02,00065EBF3C,K8
2016-06-23 00:45:39,0006B34F91,K8
2016-06-23 00:46:38,00075D8712,K8
2016-06-23 00:46:52,00075D1338,K8
2016-06-23 00:52:37,0006B35440,K8
2016-06-23 00:58:31,00074FA4F8,K8
2016-06-23 00:59:23,0006B3A093,K8
2016-06-23 01:01:24,0006B34FCA,K8
2016-06-23 01:02:40,0006B34F91,K8
2016-06-23 01:03:38,00065EBF3C,K8
2016-06-23 01:07:20,0006B294D3,K8
2016-06-23 01:08:35,00074F0832,K8
2016-06-23 01:14:23,0006B294D3,K8
2016-06-23 01:17:12,0006B35440,K8
2016-06-23 01:22:37,00075D1338,K8
2016-06-23 01:31:17,0006B39900,K8
2016-06-23 01:31:22,00075D8712,K8
2016-06-23 01:34:11,00074F0832,K8
2016-06-23 01:35:53,00065EBF3C,K8
2016-06-23 01:37:16,0006B3A093,K8
2016-06-23 01:40:23,00074F238E,K8
2016-06-23 01:40:59,0006B2A1D2,K8
2016-06-23 01:41:30,00074FA4F8,K8
2016-06-23 01:44:41,0006B39900,K8
2016-06-23 01:50:01,00075D1338,K8
2016-06-23 01:55:37,0006B3A093,K8
2016-06-23 01:57:37,00075D8712,K8
2016-06-23 01:58:20,0006B34FCA,K8
2016-06-23 01:58:29,0006B294D3,K8
2016-06-23 01:58:38,0006B3775E,K8
2016-06-23 02:00:38,0006B34F91,K8
2016-06-23 02:08:46,0006B35440,K8
2016-06-23 02:10:07,0006B2A1D2,K8
2016-06-23 02:14:30,00075D8712,K8
2016-06-23 02:15:25,0006B3775E,K8
2016-06-23 02:17:23,00075D8712,K8
2016-06-23 02:23:00,0006B294D3,K8
2016-06-23 02:25:22,0006B34F91,K8
2016-06-23 02:26:27,0006B35440,K8
2016-06-23 02:26:49,0006B34FCA,K8
2016-06-23 02:26:58,00065EBF3C,K8
2016-06-23 02:28:05,00074FA4F8,K8
2016-06-23 02:31:23,00075D1338,K8
2016-06-23 02:34:31,00074F238E,K8
2016-06-23 02:36:16,00074F0832,K8
2016-06-23 02:36:48,0006B3A093,K8
2016-06-23 02:46:38,00075D8712,K8
2016-06-23 02:46:50,0006B3A093,K8
2016-06-23 02:46:58,00075D1338,K8
2016-06-23 02:49:27,0006B39900,K8
2016-06-23 02:51:18,00074F238E,K8
2016-06-23 02:52:37,00074FA4F8,K8
2016-06-23 02:59:00,00065EBF3C,K8
2016-06-23 03:00:04,00074F0832,K8
2016-06-23 03:01:44,0006B39900,K8
2016-06-23 03:04:30,00075D8712,K8
2016-06-23 03:07:59,0006B2A1D2,K8
2016-06-23 03:14:38,0006B3A093,K8
2016-06-23 03:14:46,0006B34FCA,K8
2016-06-23 03:25:32,0006B34F91,K8
2016-06-23 03:27:02,0006B3775E,K8
2016-06-23 03:27:48,0006B2A1D2,K8
2016-06-23 03:27:55,0006B35440,K8
2016-06-23 03:29:10,0006B3A093,K8
2016-06-23 03:30:07,0006B294D3,K8
2016-06-23 03:30:52,0006B34FCA,K8
2016-06-23 03:34:34,0006B3775E,K8
2016-06-23 03:45:16,0006B294D3,K8
2016-06-23 03:47:16,0006B35440,K8
2016-06-23 03:47:41,00074F238E,K8
2016-06-23 04:11:55,00074FA4F8,K8
2016-06-23 04:12:16,00074FA290,K8
2016-06-23 04:21:31,00075D1338,K8
2016-06-23 04:22:25,00075D8712,K8
2016-06-23 04:24:38,0006B34FCA,K8
2016-06-23 04:26:34,00065EBF3C,K8
2016-06-23 04:29:18,0006B294D3,K8
2016-06-23 04:31:33,00061D4D10,K8
2016-06-23 04:31:41,00068E1A0D,K8
2016-06-23 04:32:22,00074F0832,K8
2016-06-23 04:34:06,0006B35440,K8
2016-06-23 04:34:26,0006B34F91,K8
2016-06-23 04:34:58,0006B2A1D2,K8
2016-06-23 04:35:52,0006B3775E,K8
2016-06-23 04:36:33,00074F238E,K8
2016-06-23 04:40:36,00074BE89B,K8
2016-06-23 04:40:41,0006B39900,K8
2016-06-23 04:44:45,00074F4107,K8
2016-06-23 21:36:02,00074F238E,K8
2016-06-23 21:36:30,0006B3775E,K8
2016-06-23 21:38:05,0006B34F91,K8
2016-06-23 21:38:06,00075D8712,K8
2016-06-23 21:39:49,00065EBF3C,K8
2016-06-23 21:39:57,0006B294D3,K8
2016-06-23 21:43:01,0006B2A1D2,K8
2016-06-23 21:43:29,0006B39900,K8
2016-06-23 21:43:46,0006B34FCA,K8
2016-06-23 21:45:23,0006B35440,K8
2016-06-23 21:45:26,00075D1338,K8
2016-06-23 21:46:38,00074F4107,K8
2016-06-23 21:47:14,00074FA4F8,K8
2016-06-23 21:47:50,00061D4D10,K8
2016-06-23 21:48:31,0006B3A093,K8
2016-06-23 21:49:06,00074F0832,K8
2016-06-23 21:49:15,00074BE89B,K8
2016-06-23 21:49:42,00074FA290,K8
2016-06-23 21:49:52,00068E1A0D,K8
2016-06-23 22:53:23,00074FA4F8,K8
2016-06-23 22:55:38,0006B39900,K8
2016-06-23 22:57:37,0006B3775E,K8
2016-06-23 22:59:39,00074F0832,K8
2016-06-23 23:00:26,00074F238E,K8
2016-06-23 23:02:36,0006B294D3,K8
2016-06-23 23:03:29,00074FA4F8,K8
2016-06-23 23:03:38,0006B39900,K8
2016-06-23 23:04:04,00075D1338,K8
2016-06-23 23:04:47,00074F238E,K8
2016-06-23 23:06:14,0006B3775E,K8
2016-06-23 23:06:48,0006B35440,K8
2016-06-23 23:07:33,00075D8712,K8
2016-06-23 23:07:41,00074F0832,K8
2016-06-23 23:13:51,00075D1338,K8
2016-06-23 23:15:11,0006B2A1D2,K8
2016-06-23 23:16:01,0006B294D3,K8
2016-06-23 23:16:04,0006B35440,K8
2016-06-23 23:16:41,0006B34F91,K8
2016-06-23 23:19:50,00075D8712,K8
2016-06-23 23:20:57,0006B3A093,K8
2016-06-23 23:28:55,0006B34F91,K8
2016-06-23 23:47:48,0006B34FCA,K8
2016-06-23 23:54:15,00075D1338,K8
2016-06-23 23:57:31,00065EBF3C,K8
2016-06-23 23:58:10,0006B39900,K8
2016-06-23 23:58:43,00075D8712,K8
2016-06-24 00:02:40,00074FA4F8,K8
2016-06-24 00:03:43,00075D1338,K8
2016-06-24 00:04:12,0006B34FCA,K8
2016-06-24 00:06:54,0006B35440,K8
2016-06-24 00:08:11,00075D8712,K8
2016-06-24 00:10:23,00065EBF3C,K8
2016-06-24 00:11:00,0006B35440,K8
2016-06-24 00:14:16,0006B39900,K8
2016-06-24 00:17:48,0006B3775E,K8
2016-06-24 00:23:10,00074FA4F8,K8
2016-06-24 00:26:32,00074F238E,K8
2016-06-24 00:28:23,0006B3775E,K8
2016-06-24 00:30:31,0006B2A1D2,K8
2016-06-24 00:35:14,0006B34F91,K8
2016-06-24 00:44:16,0006B294D3,K8
2016-06-24 00:49:48,00074F0832,K8
2016-06-24 00:50:06,00075D8712,K8
2016-06-24 00:52:30,0006B34F91,K8
2016-06-24 00:53:00,00075D1338,K8
2016-06-24 00:53:31,0006B35440,K8
2016-06-24 00:56:59,0006B34FCA,K8
2016-06-24 00:57:12,0006B3A093,K8
2016-06-24 01:01:57,0006B3775E,K8
2016-06-24 01:06:44,0006B294D3,K8
2016-06-24 01:07:10,00075D8712,K8
2016-06-24 01:10:32,0006B39900,K8
2016-06-24 01:10:57,00065EBF3C,K8
2016-06-24 01:12:16,0006B3775E,K8
2016-06-24 01:12:21,0006B34FCA,K8
2016-06-24 01:14:50,0006B35440,K8
2016-06-24 01:15:32,00075D1338,K8
2016-06-24 01:17:47,00074FA4F8,K8
2016-06-24 01:24:44,0006B39900,K8
2016-06-24 01:37:55,00065EBF3C,K8
2016-06-24 01:43:39,00074FA4F8,K8
2016-06-24 01:50:33,00074F238E,K8
2016-06-24 01:50:45,0006B34FCA,K8
2016-06-24 02:00:47,0006B2A1D2,K8
2016-06-24 02:01:00,00074F0832,K8
2016-06-24 02:01:47,00075D8712,K8
2016-06-24 02:02:49,0006B294D3,K8
2016-06-24 02:09:09,00075D1338,K8
2016-06-24 02:12:05,0006B34FCA,K8
2016-06-24 02:13:28,00075D8712,K8
2016-06-24 02:14:37,0006B35440,K8
2016-06-24 02:14:49,0006B39900,K8
2016-06-24 02:15:30,0006B34F91,K8
2016-06-24 02:18:59,0006B294D3,K8
2016-06-24 02:26:41,00065EBF3C,K8
2016-06-24 02:27:26,00075D1338,K8
2016-06-24 02:30:04,0006B3A093,K8
2016-06-24 02:31:34,0006B39900,K8
2016-06-24 02:33:44,0006B35440,K8
2016-06-24 02:34:32,0006B3775E,K8
2016-06-24 02:35:39,00065EBF3C,K8
2016-06-24 02:39:36,0006B34F91,K8
2016-06-24 02:40:40,00074F238E,K8
2016-06-24 02:44:41,00074FA4F8,K8
2016-06-24 02:51:54,0006B3775E,K8
2016-06-24 02:54:07,00074F0832,K8
2016-06-24 03:00:07,00074FA4F8,K8
2016-06-24 03:06:41,0006B2A1D2,K8
2016-06-24 03:11:35,00075D8712,K8
2016-06-24 03:12:33,00074F0832,K8
2016-06-24 03:18:55,00075D1338,K8
2016-06-24 03:21:49,0006B3A093,K8
2016-06-24 03:23:05,0006B34FCA,K8
2016-06-24 03:23:50,00065EBF3C,K8
2016-06-24 03:26:59,0006B294D3,K8
2016-06-24 03:31:44,00075D8712,K8
2016-06-24 03:33:57,00075D1338,K8
2016-06-24 03:35:40,0006B34FCA,K8
2016-06-24 03:36:57,0006B34F91,K8
2016-06-24 03:38:50,0006B294D3,K8
2016-06-24 03:43:13,00065EBF3C,K8
2016-06-24 03:48:23,0006B34F91,K8
2016-06-24 04:15:31,00074FA4F8,K8
2016-06-24 04:18:21,00074F0832,K8
2016-06-24 04:18:39,0006B39900,K8
2016-06-24 04:20:04,00075D8712,K8
2016-06-24 04:20:29,00075D1338,K8
2016-06-24 04:21:57,00065EBF3C,K8
2016-06-24 04:22:37,0006B34FCA,K8
2016-06-24 04:24:11,0006B3A093,K8
2016-06-24 04:25:00,0006B35440,K8
2016-06-24 04:31:59,00068E1A0D,K8
2016-06-24 04:32:11,00074FA290,K8
2016-06-24 04:33:32,00061D4D10,K8
2016-06-24 04:33:59,00074BE89B,K8
2016-06-24 04:39:54,0006B294D3,K8
2016-06-24 04:39:59,0006B3775E,K8
2016-06-24 04:43:17,0006B34F91,K8
2016-06-24 21:33:14,00075D8712,K8
2016-06-24 21:33:25,0006B294D3,K8
2016-06-24 21:33:53,00074F238E,K8
2016-06-24 21:35:23,0006B34F91,K8
2016-06-24 21:35:42,00065EBF3C,K8
2016-06-24 21:37:07,00075D1338,K8
2016-06-24 21:38:24,00074FA4F8,K8
2016-06-24 21:38:55,00075D8712,K8
2016-06-24 21:39:24,0006B39900,K8
2016-06-24 21:39:26,00074F4107,K8
2016-06-24 21:40:27,0006B3775E,K8
2016-06-24 21:40:31,00074F0832,K8
2016-06-24 21:43:02,0006B2A1D2,K8
2016-06-24 21:43:15,00074FA290,K8
2016-06-24 21:44:40,0006B3A093,K8
2016-06-24 21:44:53,00075D1338,K8
2016-06-24 21:45:20,0006B34F91,K8
2016-06-24 21:47:14,00074BE89B,K8
2016-06-24 21:48:59,00068E1A0D,K8
2016-06-24 21:49:38,0006B35440,K8
2016-06-24 21:51:03,0006B34FCA,K8
2016-06-24 21:53:25,00075D1338,K8
2016-06-24 22:53:31,00075D1338,K8
2016-06-24 22:58:55,00074F0832,K8
2016-06-24 23:00:37,0006B294D3,K8
2016-06-24 23:08:16,00074F0832,K8
2016-06-24 23:08:24,00075D1338,K8
2016-06-24 23:11:55,0006B294D3,K8
2016-06-24 23:12:41,0006B3A093,K8
2016-06-24 23:18:42,0006B39900,K8
2016-06-24 23:18:44,00075D8712,K8
2016-06-24 23:27:42,0006B3A093,K8
2016-06-24 23:28:36,0006B39900,K8
2016-06-24 23:29:06,00065EBF3C,K8
2016-06-24 23:29:30,0006B2A1D2,K8
2016-06-24 23:33:29,00075D8712,K8
2016-06-24 23:33:36,00065EBF3C,K8
2016-06-24 23:35:00,00074FA4F8,K8
2016-06-24 23:38:24,0006B2A1D2,K8
2016-06-24 23:44:25,00074F238E,K8
2016-06-24 23:46:29,0006B3775E,K8
2016-06-24 23:46:35,00074FA4F8,K8
2016-06-24 23:48:08,00065EBF3C,K8
2016-06-24 23:53:02,0006B3775E,K8
2016-06-24 23:54:19,0006B34F91,K8
2016-06-24 23:59:52,0006B34FCA,K8
2016-06-24 23:59:57,00065EBF3C,K8
2016-06-25 00:09:10,0006B3775E,K8
2016-06-25 00:11:52,0006B3775E,K8
2016-06-25 00:13:39,00075D1338,K8
2016-06-25 00:15:35,0006B34FCA,K8
2016-06-25 00:18:30,00075D8712,K8
2016-06-25 00:21:38,0006B39900,K8
2016-06-25 00:25:51,0006B2A1D2,K8
2016-06-25 00:29:02,00074F238E,K8
2016-06-25 00:29:23,00074F0832,K8
2016-06-25 00:31:09,00075D1338,K8
2016-06-25 00:32:43,00075D8712,K8
2016-06-25 00:35:30,0006B294D3,K8
2016-06-25 00:35:45,0006B35440,K8
2016-06-25 00:37:07,0006B39900,K8
2016-06-25 00:37:32,0006B2A1D2,K8
2016-06-25 00:45:36,00074FA4F8,K8
2016-06-25 00:46:55,0006B3A093,K8
2016-06-25 00:57:05,0006B294D3,K8
2016-06-25 01:01:53,00074FA4F8,K8
2016-06-25 01:06:39,00074F238E,K8
2016-06-25 01:11:41,00075D1338,K8
2016-06-25 01:12:43,0006B34FCA,K8
2016-06-25 01:13:15,00074F0832,K8
2016-06-25 01:19:45,0006B34F91,K8
2016-06-25 01:21:17,0006B3775E,K8
2016-06-25 01:23:15,00074F238E,K8
2016-06-25 01:28:10,00075D8712,K8
2016-06-25 01:29:52,0006B3775E,K8
2016-06-25 01:30:58,0006B3A093,K8
2016-06-25 01:33:01,00075D1338,K8
2016-06-25 01:33:55,0006B34F91,K8
2016-06-25 01:34:07,0006B2A1D2,K8
2016-06-25 01:34:47,0006B294D3,K8
2016-06-25 01:35:22,00074F0832,K8
2016-06-25 01:54:49,00075D1338,K8
2016-06-25 01:59:34,0006B39900,K8
2016-06-25 02:03:49,0006B34F91,K8
2016-06-25 02:04:09,0006B35440,K8
2016-06-25 02:13:37,0006B34FCA,K8
2016-06-25 02:47:00,00075D8712,K8
2016-06-25 02:47:38,00074F0832,K8
2016-06-25 02:48:37,00074BE89B,K8
2016-06-25 02:48:51,00075D1338,K8
2016-06-25 02:50:09,00074F0832,K8
2016-06-25 02:53:39,0006B3A093,K8
2016-06-25 02:57:05,00074F0832,K8
2016-06-25 02:57:44,00065EBF3C,K8
2016-06-25 03:01:51,0006B294D3,K8
2016-06-25 03:10:21,0006B35440,K8
2016-06-25 03:14:49,00065EBF3C,K8
2016-06-25 03:17:53,0006B3A093,K8
2016-06-25 03:25:07,00074BE89B,K8
2016-06-25 03:38:13,00074FA4F8,K8
2016-06-25 03:45:42,00065EBF3C,K8
2016-06-25 03:49:23,0006B2A1D2,K8
2016-06-25 03:50:22,00074FA4F8,K8
2016-06-25 03:59:51,00065EBF3C,K8
2016-06-25 04:03:09,00074F238E,K8
2016-06-25 04:16:14,0006B39900,K8
2016-06-25 04:17:38,0006B34FCA,K8
2016-06-25 04:17:45,0006B34F91,K8
2016-06-25 04:17:49,00074FA290,K8
2016-06-25 04:18:52,00061D4D10,K8
2016-06-25 04:20:22,0006B294D3,K8
2016-06-25 04:23:52,00075D8712,K8
2016-06-25 04:27:40,00074F0832,K8
2016-06-25 04:29:00,00075D1338,K8
2016-06-25 04:35:39,00074FA4F8,K8
2016-06-25 04:36:09,00074BE89B,K8
2016-06-25 04:37:41,0006B2A1D2,K8
2016-06-25 04:39:10,00065EBF3C,K8
2016-06-25 04:39:23,0006B3775E,K8
2016-06-25 04:45:51,00061D4D10,K8
2016-06-25 04:48:23,00074F238E,K8
2016-06-25 04:52:28,0006B35440,K8
2016-06-25 04:59:58,00061D4D10,K8
2016-06-25 05:00:04,00068E1A0D,K8
2016-06-25 21:45:16,00074F238E,K8
2016-06-25 21:46:54,00065EBF3C,K8
2016-06-25 21:48:43,00075D8712,K8
2016-06-25 21:49:47,0006B2A1D2,K8
2016-06-25 21:50:34,0006B39900,K8
2016-06-25 21:51:02,0006B3775E,K8
2016-06-25 21:51:20,00075D1338,K8
2016-06-25 21:51:24,00074BE89B,K8
2016-06-25 21:52:16,00065EBF3C,K8
2016-06-25 21:52:41,00074F0832,K8
2016-06-25 21:53:30,0006B34FCA,K8
2016-06-25 21:56:01,00068E1A0D,K8
2016-06-25 21:56:03,00074FA4F8,K8
2016-06-25 21:56:09,00074F4107,K8
2016-06-25 21:57:22,0006B3A093,K8
2016-06-25 21:59:43,00074FA290,K8
2016-06-25 22:00:01,0006B35440,K8
2016-06-25 22:00:12,0006B294D3,K8
2016-06-25 22:49:32,00075D1338,K8
2016-06-25 23:00:03,00075D1338,K8
2016-06-25 23:04:08,0006B3A093,K8
2016-06-25 23:15:02,0006B3A093,K8
2016-06-25 23:21:28,0006B35440,K8
2016-06-25 23:30:41,0006B35440,K8
2016-06-25 23:35:58,00075D8712,K8
2016-06-25 23:41:46,00065EBF3C,K8
2016-06-25 23:50:05,00075D1338,K8
2016-06-25 23:51:44,0006B39900,K8
2016-06-25 23:52:26,00074F238E,K8
2016-06-25 23:55:59,0006B34F91,K8
2016-06-25 23:57:06,00065EBF3C,K8
2016-06-25 23:57:16,0006B294D3,K8
2016-06-25 23:57:36,00075D8712,K8
2016-06-25 23:58:27,0006B34FCA,K8
2016-06-26 00:00:18,0006B34F91,K8
2016-06-26 00:02:32,00075D1338,K8
2016-06-26 00:03:06,0006B3775E,K8
2016-06-26 00:06:04,0006B34FCA,K8
2016-06-26 00:06:29,0006B39900,K8
2016-06-26 00:06:51,0006B2A1D2,K8
2016-06-26 00:09:30,00074FA4F8,K8
2016-06-26 00:10:01,0006B3775E,K8
2016-06-26 00:11:20,00074F0832,K8
2016-06-26 00:13:42,0006B294D3,K8
2016-06-26 00:14:57,0006B3A093,K8
2016-06-26 00:16:42,0006B34FCA,K8
2016-06-26 00:22:40,0006B39900,K8
2016-06-26 00:27:46,00074FA4F8,K8
2016-06-26 00:28:02,0006B39900,K8
2016-06-26 00:40:26,0006B39900,K8
2016-06-26 00:42:07,0006B35440,K8
2016-06-26 00:49:56,0006B34F91,K8
2016-06-26 00:52:40,0006B39900,K8
2016-06-26 00:57:23,00075D8712,K8
2016-06-26 01:02:16,00074F238E,K8
2016-06-26 01:03:10,0006B294D3,K8
2016-06-26 01:05:39,0006B34F91,K8
2016-06-26 01:06:27,0006B35440,K8
2016-06-26 01:09:33,0006B3775E,K8
2016-06-26 01:11:43,0006B3775E,K8
2016-06-26 01:11:46,00074F238E,K8
2016-06-26 01:16:51,00075D1338,K8
2016-06-26 01:21:04,00075D8712,K8
2016-06-26 01:23:32,0006B3A093,K8
2016-06-26 01:29:19,0006B294D3,K8
2016-06-26 01:33:03,0006B2A1D2,K8
2016-06-26 01:40:37,00075D1338,K8
2016-06-26 01:40:41,0006B3A093,K8
2016-06-26 01:44:37,00075D8712,K8
2016-06-26 01:46:06,00074F0832,K8
2016-06-26 01:51:09,0006B34FCA,K8
2016-06-26 01:52:15,00065EBF3C,K8
2016-06-26 01:58:14,00075D8712,K8
2016-06-26 01:59:26,0006B39900,K8
2016-06-26 01:59:58,00074FA4F8,K8
2016-06-26 02:03:38,00065EBF3C,K8
2016-06-26 02:06:30,0006B34F91,K8
2016-06-26 02:09:08,0006B34FCA,K8
2016-06-26 02:15:47,0006B39900,K8
2016-06-26 02:21:54,0006B34F91,K8
2016-06-26 02:25:24,00074FA4F8,K8
2016-06-26 02:29:22,0006B3775E,K8
2016-06-26 02:31:15,0006B294D3,K8
2016-06-26 02:35:23,0006B3A093,K8
2016-06-26 02:39:01,0006B3775E,K8
2016-06-26 02:42:41,0006B35440,K8
2016-06-26 02:45:32,00075D1338,K8
2016-06-26 02:49:28,00074F0832,K8
2016-06-26 02:52:50,0006B2A1D2,K8
2016-06-26 02:55:52,00074F0832,K8
2016-06-26 02:57:09,0006B3A093,K8
2016-06-26 02:57:33,0006B294D3,K8
2016-06-26 02:57:49,00065EBF3C,K8
2016-06-26 02:58:21,0006B35440,K8
2016-06-26 02:59:33,00075D8712,K8
2016-06-26 03:02:30,00075D1338,K8
2016-06-26 03:04:40,0006B2A1D2,K8
2016-06-26 03:08:49,00065EBF3C,K8
2016-06-26 03:20:02,00074F238E,K8
2016-06-26 04:07:09,0006B39900,K8
2016-06-26 04:07:21,00074FA290,K8
2016-06-26 04:12:46,00074FA4F8,K8
2016-06-26 04:18:02,00075D1338,K8
2016-06-26 04:19:23,0006B294D3,K8
2016-06-26 04:21:54,00074F0832,K8
2016-06-26 04:23:49,00075D8712,K8
2016-06-26 04:27:13,0006B3A093,K8
2016-06-26 04:27:21,0006B34FCA,K8
2016-06-26 04:27:54,00074BE89B,K8
2016-06-26 04:31:55,00065EBF3C,K8
2016-06-26 04:33:59,0006B2A1D2,K8
2016-06-26 04:34:08,0006B3775E,K8
2016-06-26 04:35:59,00068E1A0D,K8
2016-06-26 04:37:33,0006B34F91,K8
2016-06-26 04:38:35,00061D4D10,K8
2016-06-26 04:43:03,0006B35440,K8
2016-06-26 04:44:37,00074F238E,K8
2016-06-26 04:54:59,00068E1A0D,K8
2016-06-26 04:57:47,00068E1A0D,K8
2016-06-26 21:46:57,00074F238E,K8
2016-06-26 21:48:22,00075D8712,K8
2016-06-26 21:48:33,00074F0832,K8
2016-06-26 21:51:05,00074F4107,K8
2016-06-26 21:51:07,0006B39900,K8
2016-06-26 21:51:48,0006B2A1D2,K8
2016-06-26 21:52:22,00065EBF3C,K8
2016-06-26 21:52:39,0006B34FCA,K8
2016-06-26 21:52:44,00075D1338,K8
2016-06-26 21:53:16,0006B3775E,K8
2016-06-26 21:53:40,0006B3A093,K8
2016-06-26 21:54:33,0006B294D3,K8
2016-06-26 21:55:19,00061D4D10,K8
2016-06-26 21:58:08,00068E1A0D,K8
2016-06-26 21:58:16,00074FA290,K8
2016-06-26 21:58:25,0006B35440,K8
2016-06-26 21:58:44,00074BE89B,K8
2016-06-26 23:04:56,00075D1338,K8
2016-06-26 23:08:05,00075D1338,K8
2016-06-26 23:15:57,00075D8712,K8
2016-06-26 23:27:56,00075D8712,K8
2016-06-26 23:41:01,0006B39900,K8
2016-06-26 23:42:57,00074F0832,K8
2016-06-26 23:44:03,0006B2A1D2,K8
2016-06-26 23:46:19,00065EBF3C,K8
2016-06-26 23:47:02,0006B35440,K8
2016-06-26 23:50:33,0006B3A093,K8
2016-06-26 23:50:50,00075D1338,K8
2016-06-26 23:53:56,0006B3775E,K8
2016-06-26 23:54:27,00065EBF3C,K8
2016-06-26 23:54:55,00074F0832,K8
2016-06-26 23:58:53,0006B34FCA,K8
2016-06-26 23:59:03,0006B34F91,K8
2016-06-27 00:01:56,0006B3775E,K8
2016-06-27 00:02:11,0006B3A093,K8
2016-06-27 00:04:09,00075D1338,K8
2016-06-27 00:07:27,00074FA4F8,K8
2016-06-27 00:08:01,0006B35440,K8
2016-06-27 00:11:29,0006B294D3,K8
2016-06-27 00:15:13,0006B34FCA,K8
2016-06-27 00:22:31,00074FA4F8,K8
2016-06-27 00:29:42,00075D8712,K8
2016-06-27 00:31:11,0006B39900,K8
2016-06-27 00:32:52,0006B294D3,K8
2016-06-27 00:35:45,00065EBF3C,K8
2016-06-27 00:41:35,00065EBF3C,K8
2016-06-27 00:42:46,00075D8712,K8
2016-06-27 00:45:08,0006B39900,K8
2016-06-27 00:46:25,00074F0832,K8
2016-06-27 00:48:55,00074F238E,K8
2016-06-27 00:54:51,0006B3A093,K8
2016-06-27 01:00:34,00074F0832,K8
2016-06-27 01:01:12,0006B34FCA,K8
2016-06-27 01:06:08,0006B35440,K8
2016-06-27 01:09:24,00075D1338,K8
2016-06-27 01:10:15,0006B2A1D2,K8
2016-06-27 01:10:24,0006B3A093,K8
2016-06-27 01:11:13,00065EBF3C,K8
2016-06-27 01:16:01,0006B35440,K8
2016-06-27 01:16:46,00075D1338,K8
2016-06-27 01:19:07,0006B3775E,K8
2016-06-27 01:20:57,0006B34FCA,K8
2016-06-27 01:23:01,0006B34F91,K8
2016-06-27 01:28:19,0006B3775E,K8
2016-06-27 01:28:32,00065EBF3C,K8
2016-06-27 01:36:32,0006B34F91,K8
2016-06-27 01:37:30,0006B294D3,K8
2016-06-27 01:40:18,00074FA4F8,K8
2016-06-27 01:43:01,0006B39900,K8
2016-06-27 01:44:11,00074F238E,K8
2016-06-27 01:50:45,0006B35440,K8
2016-06-27 01:56:27,0006B39900,K8
2016-06-27 01:57:07,0006B294D3,K8
2016-06-27 01:58:08,00075D1338,K8
2016-06-27 02:00:17,00075D8712,K8
2016-06-27 02:00:56,00074FA4F8,K8
2016-06-27 02:03:02,00074F0832,K8
2016-06-27 02:05:44,0006B3A093,K8
2016-06-27 02:09:24,0006B35440,K8
2016-06-27 02:11:46,00074BE89B,K8
2016-06-27 02:13:45,00075D8712,K8
2016-06-27 02:16:42,00074F0832,K8
2016-06-27 02:19:07,00075D1338,K8
2016-06-27 02:23:42,00074BE89B,K8
2016-06-27 02:23:51,0006B34FCA,K8
2016-06-27 02:25:28,0006B3A093,K8
2016-06-27 02:28:05,0006B3775E,K8
2016-06-27 02:31:15,0006B2A1D2,K8
2016-06-27 02:36:50,00074FA290,K8
2016-06-27 02:37:02,0006B34FCA,K8
2016-06-27 02:40:20,00074FA290,K8
2016-06-27 02:40:35,0006B3775E,K8
2016-06-27 02:44:29,0006B2A1D2,K8
2016-06-27 02:49:59,0006B294D3,K8
2016-06-27 02:51:02,0006B34F91,K8
2016-06-27 02:56:36,00065EBF3C,K8
2016-06-27 03:01:44,0006B34F91,K8
2016-06-27 03:03:36,0006B39900,K8
2016-06-27 03:07:08,00075D8712,K8
2016-06-27 03:10:52,0006B294D3,K8
2016-06-27 03:11:34,00065EBF3C,K8
2016-06-27 03:12:09,00074FA4F8,K8
2016-06-27 03:13:05,0006B39900,K8
2016-06-27 03:16:05,00074F238E,K8
2016-06-27 03:19:55,00075D8712,K8
2016-06-27 03:21:50,0006B3A093,K8
2016-06-27 03:22:11,00074FA4F8,K8
2016-06-27 03:26:37,0006B3775E,K8
2016-06-27 03:32:47,0006B3A093,K8
2016-06-27 03:32:54,0006B3775E,K8
2016-06-27 03:43:37,0006B35440,K8
2016-06-27 03:50:47,00074F0832,K8
2016-06-27 03:52:04,0006B35440,K8
2016-06-27 03:59:58,00074FA290,K8
2016-06-27 04:08:15,0006B39900,K8
2016-06-27 04:10:14,0006B34FCA,K8
2016-06-27 04:10:20,00068E1A0D,K8
2016-06-27 04:13:03,00074FA4F8,K8
2016-06-27 04:15:21,0006B2A1D2,K8
2016-06-27 04:21:34,00075D1338,K8
2016-06-27 04:21:40,0006B34F91,K8
2016-06-27 04:22:00,0006B3A093,K8
2016-06-27 04:22:45,0006B294D3,K8
2016-06-27 04:23:11,00075D8712,K8
2016-06-27 04:30:38,00074BE89B,K8
2016-06-27 04:32:56,00065EBF3C,K8
2016-06-27 04:33:28,0006B35440,K8
2016-06-27 04:40:18,00061D4D10,K8
2016-06-27 04:41:27,0006B3775E,K8
2016-06-27 21:40:15,0006B39900,K8
2016-06-27 21:40:19,00075D8712,K8
2016-06-27 21:43:17,00074F238E,K8
2016-06-27 21:44:15,00075D1338,K8
2016-06-27 21:44:53,0006B34F91,K8
2016-06-27 21:45:14,0006B3775E,K8
2016-06-27 21:45:21,00065EBF3C,K8
2016-06-27 21:45:26,00074BE89B,K8
2016-06-27 21:46:42,0006B35440,K8
2016-06-27 21:47:33,0006B34FCA,K8
2016-06-27 21:47:51,00074F0832,K8
2016-06-27 21:48:01,0006B2A1D2,K8
2016-06-27 21:48:04,00074F4107,K8
2016-06-27 21:50:11,0006B294D3,K8
2016-06-27 21:50:19,0006B3A093,K8
2016-06-27 21:52:09,00074FA4F8,K8
2016-06-27 21:52:56,00061D4D10,K8
2016-06-27 21:53:56,00068E1A0D,K8
2016-06-27 23:12:13,00075D8712,K8
2016-06-27 23:24:02,0006B35440,K8
2016-06-27 23:28:22,00075D8712,K8
2016-06-27 23:30:26,0006B3A093,K8
2016-06-27 23:31:48,0006B294D3,K8
2016-06-27 23:33:28,00074F0832,K8
2016-06-27 23:42:02,00074F0832,K8
2016-06-27 23:43:59,00075D1338,K8
2016-06-27 23:44:20,0006B294D3,K8
2016-06-27 23:44:23,0006B35440,K8
2016-06-27 23:49:23,0006B2A1D2,K8
2016-06-27 23:50:12,0006B34FCA,K8
2016-06-27 23:56:20,00075D1338,K8
2016-06-27 23:57:11,00065EBF3C,K8
2016-06-27 23:57:51,0006B39900,K8
2016-06-28 00:04:30,0006B2A1D2,K8
2016-06-28 00:06:29,00065EBF3C,K8
2016-06-28 00:06:47,0006B34FCA,K8
2016-06-28 00:09:29,00074F238E,K8
2016-06-28 00:15:39,00074F0832,K8
2016-06-28 00:16:34,0006B3775E,K8
2016-06-28 00:20:29,00074FA4F8,K8
2016-06-28 00:20:41,0006B3775E,K8
2016-06-28 00:23:02,00074F0832,K8
2016-06-28 00:25:14,0006B34F91,K8
2016-06-28 00:27:56,0006B3775E,K8
2016-06-28 00:33:23,00074FA4F8,K8
2016-06-28 00:33:42,0006B34F91,K8
2016-06-28 00:34:09,0006B39900,K8
2016-06-28 00:35:47,0006B3775E,K8
2016-06-28 00:43:14,00075D8712,K8
2016-06-28 00:46:05,00074FA4F8,K8
2016-06-28 00:47:05,0006B39900,K8
2016-06-28 00:47:07,0006B3775E,K8
2016-06-28 00:48:38,00075D1338,K8
2016-06-28 00:48:58,0006B35440,K8
2016-06-28 00:50:33,0006B3A093,K8
2016-06-28 00:52:40,0006B3775E,K8
2016-06-28 00:53:37,00075D8712,K8
2016-06-28 00:56:51,00075D1338,K8
2016-06-28 00:57:42,00074FA4F8,K8
2016-06-28 01:05:46,0006B35440,K8
2016-06-28 01:10:19,00074F238E,K8
2016-06-28 01:12:39,0006B3A093,K8
2016-06-28 01:19:00,0006B34FCA,K8
2016-06-28 01:19:06,00074F0832,K8
2016-06-28 01:20:44,0006B3A093,K8
2016-06-28 01:28:15,0006B34F91,K8
2016-06-28 01:33:15,00074FA4F8,K8
2016-06-28 01:33:18,0006B3775E,K8
2016-06-28 01:33:24,0006B2A1D2,K8
2016-06-28 01:37:30,00074F0832,K8
2016-06-28 01:37:40,0006B34F91,K8
2016-06-28 01:38:06,0006B34FCA,K8
2016-06-28 01:41:28,0006B3775E,K8
2016-06-28 01:42:01,0006B294D3,K8
2016-06-28 01:44:19,0006B2A1D2,K8
2016-06-28 01:48:04,00074F238E,K8
2016-06-28 01:48:21,00074FA4F8,K8
2016-06-28 01:50:25,0006B39900,K8
2016-06-28 01:51:52,00075D8712,K8
2016-06-28 01:55:15,0006B294D3,K8
2016-06-28 01:58:41,00075D1338,K8
2016-06-28 01:58:50,0006B3775E,K8
2016-06-28 02:01:56,0006B39900,K8
2016-06-28 02:02:05,00065EBF3C,K8
2016-06-28 02:02:12,0006B35440,K8
2016-06-28 02:04:52,0006B3775E,K8
2016-06-28 02:05:24,00074F238E,K8
2016-06-28 02:06:58,00075D8712,K8
2016-06-28 02:07:54,00075D1338,K8
2016-06-28 02:14:12,0006B39900,K8
2016-06-28 02:14:13,00074F0832,K8
2016-06-28 02:14:18,0006B35440,K8
2016-06-28 02:20:27,00065EBF3C,K8
2016-06-28 02:20:30,0006B3A093,K8
2016-06-28 02:21:12,0006B39900,K8
2016-06-28 02:28:57,00074F0832,K8
2016-06-28 02:30:10,0006B34FCA,K8
2016-06-28 02:40:30,00074F0832,K8
2016-06-28 02:42:17,0006B34FCA,K8
2016-06-28 02:48:24,00074F238E,K8
2016-06-28 02:50:03,0006B34F91,K8
2016-06-28 02:53:35,00075D1338,K8
2016-06-28 02:55:29,00074F238E,K8
2016-06-28 02:57:49,00075D1338,K8
2016-06-28 02:58:06,0006B34F91,K8
2016-06-28 03:07:59,0006B35440,K8
2016-06-28 03:10:04,0006B3A093,K8
2016-06-28 03:11:12,00075D8712,K8
2016-06-28 03:12:07,00074F0832,K8
2016-06-28 03:16:18,0006B3775E,K8
2016-06-28 03:17:10,0006B35440,K8
2016-06-28 03:19:03,00074F0832,K8
2016-06-28 03:20:06,00075D8712,K8
2016-06-28 03:22:29,0006B3A093,K8
2016-06-28 03:23:04,0006B3775E,K8
2016-06-28 03:38:12,0006B2A1D2,K8
2016-06-28 03:40:08,00065EBF3C,K8
2016-06-28 03:47:30,00065EBF3C,K8
2016-06-28 04:03:46,00068E1A0D,K8
2016-06-28 04:12:02,0006B39900,K8
2016-06-28 04:15:48,00074FA290,K8
2016-06-28 04:19:04,00075D1338,K8
2016-06-28 04:20:40,0006B294D3,K8
2016-06-28 04:23:24,0006B3A093,K8
2016-06-28 04:28:53,00074FA4F8,K8
2016-06-28 04:35:00,00074F0832,K8
2016-06-28 04:37:27,00074BE89B,K8
2016-06-28 04:41:02,00065EBF3C,K8
2016-06-28 04:42:49,00075D8712,K8
2016-06-28 04:44:02,00061D4D10,K8
2016-06-28 04:44:15,0006B2A1D2,K8
2016-06-28 04:45:06,0006B35440,K8
2016-06-28 04:46:40,0006B3775E,K8
2016-06-28 04:55:45,0006B34F91,K8
2016-06-28 21:37:42,00074FA4F8,K8
2016-06-28 21:38:41,0006B294D3,K8
2016-06-28 21:40:43,00074F4107,K8
2016-06-28 21:42:15,0006B3775E,K8
2016-06-28 21:43:19,0006B39900,K8
2016-06-28 21:44:10,0006B34FCA,K8
2016-06-28 21:44:33,00074F238E,K8
2016-06-28 21:45:24,0006B35440,K8
2016-06-28 21:46:02,00065EBF3C,K8
2016-06-28 21:46:11,00074F0832,K8
2016-06-28 21:46:16,00074BE89B,K8
2016-06-28 21:46:22,00075D8712,K8
2016-06-28 21:46:34,0006B3A093,K8
2016-06-28 21:47:16,0006B2A1D2,K8
2016-06-28 21:47:27,00075D1338,K8
2016-06-28 21:47:34,00074FA290,K8
2016-06-28 21:49:30,00061D4D10,K8
2016-06-28 21:51:59,00068E1A0D,K8
2016-06-28 23:02:14,0006B294D3,K8
2016-06-28 23:04:49,0006B294D3,K8
2016-06-28 23:08:26,00075D1338,K8
2016-06-28 23:11:23,00074F0832,K8
2016-06-28 23:18:59,00074F0832,K8
2016-06-28 23:28:51,0006B35440,K8
2016-06-28 23:31:55,0006B39900,K8
2016-06-28 23:33:17,0006B3775E,K8
2016-06-28 23:34:17,0006B35440,K8
2016-06-28 23:37:33,0006B2A1D2,K8
2016-06-28 23:39:46,0006B3775E,K8
2016-06-28 23:40:36,0006B39900,K8
2016-06-28 23:41:39,0006B3A093,K8
2016-06-28 23:42:39,00075D1338,K8
2016-06-28 23:45:37,0006B2A1D2,K8
2016-06-28 23:46:02,00075D1338,K8
2016-06-28 23:50:40,0006B34FCA,K8
2016-06-28 23:56:30,00074FA4F8,K8
2016-06-28 23:57:53,00074F238E,K8
2016-06-29 00:00:28,0006B34FCA,K8
2016-06-29 00:01:57,00075D8712,K8
2016-06-29 00:02:26,0006B35440,K8
2016-06-29 00:07:01,0006B294D3,K8
2016-06-29 00:08:36,00074FA4F8,K8
2016-06-29 00:08:49,0006B35440,K8
2016-06-29 00:10:28,0006B34F91,K8
2016-06-29 00:12:31,00074F0832,K8
2016-06-29 00:16:37,00075D8712,K8
2016-06-29 00:16:50,00074FA4F8,K8
2016-06-29 00:17:15,0006B35440,K8
2016-06-29 00:17:27,00074F0832,K8
2016-06-29 00:20:08,00065EBF3C,K8
2016-06-29 00:21:46,00075D1338,K8
2016-06-29 00:26:01,0006B34F91,K8
2016-06-29 00:27:02,0006B294D3,K8
2016-06-29 00:29:11,00065EBF3C,K8
2016-06-29 00:30:16,00075D1338,K8
2016-06-29 00:41:32,0006B3A093,K8
2016-06-29 00:42:28,00074F0832,K8
2016-06-29 00:45:23,00074F0832,K8
2016-06-29 00:47:55,0006B39900,K8
2016-06-29 01:00:25,0006B39900,K8
2016-06-29 01:08:38,0006B34FCA,K8
2016-06-29 01:14:47,00075D8712,K8
2016-06-29 01:14:50,0006B3775E,K8
2016-06-29 01:15:37,00074BE89B,K8
2016-06-29 01:17:37,0006B294D3,K8
2016-06-29 01:18:40,00075D8712,K8
2016-06-29 01:19:13,0006B34FCA,K8
2016-06-29 01:20:58,0006B34F91,K8
2016-06-29 01:21:36,00074BE89B,K8
2016-06-29 01:22:53,00074F238E,K8
2016-06-29 01:23:40,0006B2A1D2,K8
2016-06-29 01:24:19,0006B3775E,K8
2016-06-29 01:26:03,00074F0832,K8
2016-06-29 01:31:36,00074F238E,K8
2016-06-29 01:31:51,0006B35440,K8
2016-06-29 01:31:53,00065EBF3C,K8
2016-06-29 01:33:04,0006B294D3,K8
2016-06-29 01:35:15,0006B34F91,K8
2016-06-29 01:36:47,0006B2A1D2,K8
2016-06-29 01:39:45,00074F0832,K8
2016-06-29 01:46:09,0006B35440,K8
2016-06-29 01:47:18,0006B3A093,K8
2016-06-29 01:48:37,00075D8712,K8
2016-06-29 01:49:15,00065EBF3C,K8
2016-06-29 01:54:01,00074FA4F8,K8
2016-06-29 01:56:55,0006B3A093,K8
2016-06-29 01:58:10,00075D1338,K8
2016-06-29 02:03:02,00074FA4F8,K8
2016-06-29 02:04:31,00075D1338,K8
2016-06-29 02:08:24,00075D8712,K8
2016-06-29 02:19:31,0006B39900,K8
2016-06-29 02:24:03,0006B34FCA,K8
2016-06-29 02:30:53,0006B39900,K8
2016-06-29 02:31:02,0006B34FCA,K8
2016-06-29 02:34:42,00074F0832,K8
2016-06-29 02:39:36,0006B3775E,K8
2016-06-29 02:39:42,0006B2A1D2,K8
2016-06-29 02:45:11,00075D1338,K8
2016-06-29 02:45:18,00074F0832,K8
2016-06-29 02:47:30,0006B3775E,K8
2016-06-29 02:48:39,0006B2A1D2,K8
2016-06-29 02:49:04,00074F238E,K8
2016-06-29 02:50:59,0006B35440,K8
2016-06-29 02:52:36,00075D1338,K8
2016-06-29 02:57:39,0006B34F91,K8
2016-06-29 02:58:41,0006B3A093,K8
2016-06-29 03:06:43,0006B35440,K8
2016-06-29 03:08:05,0006B34F91,K8
2016-06-29 03:20:49,00075D8712,K8
2016-06-29 03:21:07,00065EBF3C,K8
2016-06-29 03:21:12,00074F0832,K8
2016-06-29 03:29:55,00074F238E,K8
2016-06-29 03:31:16,00075D8712,K8
2016-06-29 03:32:05,00065EBF3C,K8
2016-06-29 04:08:30,0006B39900,K8
2016-06-29 04:25:20,00075D1338,K8
2016-06-29 04:25:23,00074FA4F8,K8
2016-06-29 04:25:54,00068E1A0D,K8
2016-06-29 04:26:07,00074BE89B,K8
2016-06-29 04:31:04,00074FA290,K8
2016-06-29 04:34:42,0006B294D3,K8
2016-06-29 04:34:46,0006B35440,K8
2016-06-29 04:35:00,0006B34FCA,K8
2016-06-29 04:36:36,0006B3A093,K8
2016-06-29 04:39:35,00075D8712,K8
2016-06-29 04:40:07,00065EBF3C,K8
2016-06-29 04:42:21,0006B2A1D2,K8
2016-06-29 04:43:07,00074F0832,K8
2016-06-29 04:43:59,0006B3775E,K8
2016-06-29 04:47:16,00074F238E,K8
2016-06-29 04:54:26,0006B34F91,K8
2016-06-29 21:36:12,0006B3775E,K8
2016-06-29 21:36:42,00065EBF3C,K8
2016-06-29 21:38:07,0006B34F91,K8
2016-06-29 21:38:11,0006B39900,K8
2016-06-29 21:38:48,00074F238E,K8
2016-06-29 21:39:17,0006B294D3,K8
2016-06-29 21:40:00,0006B34FCA,K8
2016-06-29 21:40:02,0006B35440,K8
2016-06-29 21:40:07,00074F0832,K8
2016-06-29 21:40:16,00074BE89B,K8
2016-06-29 21:41:06,00075D1338,K8
2016-06-29 21:41:09,00074FA4F8,K8
2016-06-29 21:41:45,00075D8712,K8
2016-06-29 21:44:15,0006B2A1D2,K8
2016-06-29 21:44:19,00074FA290,K8
2016-06-29 21:44:56,0006B3A093,K8
2016-06-29 21:46:49,00068E1A0D,K8
2016-06-29 23:19:06,0006B2A1D2,K8
2016-06-29 23:20:48,00074F0832,K8
2016-06-29 23:22:46,00074FA4F8,K8
2016-06-29 23:23:16,0006B294D3,K8
2016-06-29 23:24:10,00074F0832,K8
2016-06-29 23:26:28,0006B2A1D2,K8
2016-06-29 23:27:32,0006B294D3,K8
2016-06-29 23:32:40,00074FA4F8,K8
2016-06-29 23:33:23,0006B3A093,K8
2016-06-29 23:33:50,00075D1338,K8
2016-06-29 23:38:15,0006B39900,K8
2016-06-29 23:38:24,00074F0832,K8
2016-06-29 23:41:54,0006B3A093,K8
2016-06-29 23:43:01,00075D8712,K8
2016-06-29 23:44:55,00074F0832,K8
2016-06-29 23:45:07,00075D1338,K8
2016-06-29 23:48:45,0006B39900,K8
2016-06-29 23:49:19,0006B3775E,K8
2016-06-29 23:49:39,0006B35440,K8
2016-06-29 23:51:19,00075D8712,K8
2016-06-29 23:54:15,0006B3775E,K8
2016-06-29 23:55:46,0006B35440,K8
2016-06-29 23:59:06,0006B34FCA,K8
2016-06-30 00:02:53,0006B294D3,K8
2016-06-30 00:07:07,00074F238E,K8
2016-06-30 00:08:30,0006B34FCA,K8
2016-06-30 00:09:42,0006B2A1D2,K8
2016-06-30 00:11:42,0006B34F91,K8
2016-06-30 00:11:53,0006B294D3,K8
2016-06-30 00:16:10,00065EBF3C,K8
2016-06-30 00:16:18,0006B2A1D2,K8
2016-06-30 00:19:34,0006B34F91,K8
2016-06-30 00:24:57,00065EBF3C,K8
2016-06-30 00:31:05,00074FA4F8,K8
2016-06-30 00:40:19,00074FA4F8,K8
2016-06-30 00:44:53,0006B39900,K8
2016-06-30 00:45:27,00075D1338,K8
2016-06-30 00:50:14,0006B3A093,K8
2016-06-30 00:52:21,0006B39900,K8
2016-06-30 00:57:49,00074F0832,K8
2016-06-30 01:00:24,0006B3775E,K8
2016-06-30 01:00:43,0006B3A093,K8
2016-06-30 01:01:51,00075D1338,K8
2016-06-30 01:05:00,00075D8712,K8
2016-06-30 01:05:10,00074F0832,K8
2016-06-30 01:05:23,0006B3775E,K8
2016-06-30 01:05:57,0006B294D3,K8
2016-06-30 01:15:25,0006B35440,K8
2016-06-30 01:17:14,00075D8712,K8
2016-06-30 01:17:33,0006B2A1D2,K8
2016-06-30 01:18:59,00074F238E,K8
2016-06-30 01:19:04,0006B294D3,K8
2016-06-30 01:22:15,0006B35440,K8
2016-06-30 01:23:02,0006B2A1D2,K8
2016-06-30 01:26:17,00074F238E,K8
2016-06-30 01:32:41,0006B34FCA,K8
2016-06-30 01:41:37,0006B34FCA,K8
2016-06-30 01:43:25,0006B34F91,K8
2016-06-30 01:51:55,0006B39900,K8
2016-06-30 01:57:13,0006B3775E,K8
2016-06-30 01:57:41,00075D8712,K8
2016-06-30 01:59:19,0006B39900,K8
2016-06-30 02:00:27,00065EBF3C,K8
2016-06-30 02:01:04,0006B3A093,K8
2016-06-30 02:03:02,0006B3775E,K8
2016-06-30 02:04:51,0006B34F91,K8
2016-06-30 02:07:13,00074F0832,K8
2016-06-30 02:09:49,0006B3775E,K8
2016-06-30 02:10:25,00074FA4F8,K8
2016-06-30 02:10:54,00075D8712,K8
2016-06-30 02:12:02,00065EBF3C,K8
2016-06-30 02:12:13,0006B3A093,K8
2016-06-30 02:12:23,00074F0832,K8
2016-06-30 02:12:49,0006B3775E,K8
2016-06-30 02:13:14,00075D1338,K8
2016-06-30 02:15:32,0006B34F91,K8
2016-06-30 02:15:45,0006B2A1D2,K8
2016-06-30 02:19:50,0006B39900,K8
2016-06-30 02:19:54,00075D8712,K8
2016-06-30 02:20:31,00074F0832,K8
2016-06-30 02:21:14,0006B3A093,K8
2016-06-30 02:22:36,00074F0832,K8
2016-06-30 02:22:47,00075D8712,K8
2016-06-30 02:22:49,0006B39900,K8
2016-06-30 02:24:17,00075D1338,K8
2016-06-30 02:24:38,0006B34F91,K8
2016-06-30 02:26:07,0006B294D3,K8
2016-06-30 02:26:18,0006B35440,K8
2016-06-30 02:26:35,0006B39900,K8
2016-06-30 02:27:20,00074FA4F8,K8
2016-06-30 02:27:51,0006B2A1D2,K8
2016-06-30 02:28:20,0006B3A093,K8
2016-06-30 02:29:12,0006B39900,K8
2016-06-30 02:32:01,00074FA4F8,K8
2016-06-30 02:33:20,00075D1338,K8
2016-06-30 02:33:52,0006B39900,K8
2016-06-30 02:33:59,0006B2A1D2,K8
2016-06-30 02:35:25,0006B34F91,K8
2016-06-30 02:36:16,0006B294D3,K8
2016-06-30 02:38:47,0006B2A1D2,K8
2016-06-30 02:39:15,00075D1338,K8
2016-06-30 02:39:41,0006B35440,K8
2016-06-30 02:40:10,0006B34F91,K8
2016-06-30 02:42:40,0006B294D3,K8
2016-06-30 02:44:34,00075D1338,K8
2016-06-30 02:46:46,0006B294D3,K8
2016-06-30 02:47:36,00075D1338,K8
2016-06-30 02:49:47,00075D1338,K8
2016-06-30 02:59:22,00065EBF3C,K8
2016-06-30 02:59:39,0006B34FCA,K8
2016-06-30 03:07:48,00065EBF3C,K8
2016-06-30 03:09:30,0006B34FCA,K8
2016-06-30 03:11:44,00075D8712,K8
2016-06-30 03:15:39,0006B3A093,K8
2016-06-30 03:15:45,0006B34FCA,K8
2016-06-30 03:15:59,00065EBF3C,K8
2016-06-30 03:18:19,0006B34FCA,K8
2016-06-30 03:19:27,00075D8712,K8
2016-06-30 03:20:37,00075D1338,K8
2016-06-30 03:21:10,0006B3A093,K8
2016-06-30 03:21:59,00065EBF3C,K8
2016-06-30 03:22:56,00074F238E,K8
2016-06-30 03:23:34,0006B2A1D2,K8
2016-06-30 03:23:44,0006B34FCA,K8
2016-06-30 03:23:45,00074FA4F8,K8
2016-06-30 03:24:15,00075D8712,K8
2016-06-30 03:25:49,00065EBF3C,K8
2016-06-30 03:26:31,0006B3A093,K8
2016-06-30 03:26:59,00075D1338,K8
2016-06-30 03:27:24,00075D8712,K8
2016-06-30 03:28:01,0006B35440,K8
2016-06-30 03:28:15,0006B34FCA,K8
2016-06-30 03:30:41,0006B3A093,K8
2016-06-30 03:31:26,0006B2A1D2,K8
2016-06-30 03:32:56,00075D1338,K8
2016-06-30 03:33:26,00074F238E,K8
2016-06-30 03:34:55,0006B2A1D2,K8
2016-06-30 03:35:10,00075D1338,K8
2016-06-30 03:35:24,0006B3A093,K8
2016-06-30 03:35:33,00074FA4F8,K8
2016-06-30 03:35:47,0006B35440,K8
2016-06-30 03:35:50,0006B34F91,K8
2016-06-30 03:36:25,00074F238E,K8
2016-06-30 03:37:43,0006B2A1D2,K8
2016-06-30 03:38:53,00074FA4F8,K8
2016-06-30 03:39:02,0006B3A093,K8
2016-06-30 03:39:44,0006B2A1D2,K8
2016-06-30 03:40:28,0006B34F91,K8
2016-06-30 04:46:13,0006B35440,K8
2016-06-30 04:50:34,0006B35440,K8
2016-06-30 17:05:30,00074FA4F8,K235
2016-06-30 21:38:23,00074F238E,K235
2016-06-30 21:44:56,00074F238E,K235
2016-06-30 21:45:05,00065EBF3C,K235
2016-06-30 21:45:38,0006B2A1D2,K235
2016-06-30 21:45:53,0006B294D3,K235
2016-06-30 21:45:56,0006B34F91,K235
2016-06-30 21:48:10,00075D1338,K235
2016-06-30 21:48:16,00074F4107,K235
2016-06-30 21:48:19,00061D4D10,K235
2016-06-30 21:48:22,0006B39900,K235
2016-06-30 21:48:44,00075D8712,K235
2016-06-30 21:48:52,0006B3775E,K235
2016-06-30 21:49:36,0006B34FCA,K235
2016-06-30 21:49:53,0006B3A093,K235
2016-06-30 21:49:58,00074FA4F8,K235
2016-06-30 21:51:09,00074BE89B,K235
2016-06-30 21:51:39,00074F0832,K235
2016-06-30 21:52:47,00074FA290,K235
2016-06-30 21:53:26,00068E1A0D,K235
2016-06-30 22:46:20,0006B35440,K235
2016-06-30 22:54:43,0006B35440,K235
2016-06-30 23:17:55,0006B39900,K235
2016-06-30 23:29:33,0006B2A1D2,K235
2016-06-30 23:30:00,0006B3A093,K235
2016-06-30 23:36:30,00075D8712,K235
2016-06-30 23:37:09,0006B2A1D2,K235
2016-06-30 23:37:52,0006B39900,K235
2016-06-30 23:39:37,00074F0832,K235
2016-06-30 23:46:36,0006B294D3,K235
2016-06-30 23:47:23,00075D8712,K235
2016-06-30 23:48:35,0006B39900,K235
2016-06-30 23:49:30,0006B34F91,K235
2016-06-30 23:52:35,00075D1338,K235
2016-06-30 23:56:22,0006B34FCA,K235
2016-06-30 23:58:33,0006B294D3,K235
2016-07-01 00:00:32,00075D1338,K235
2016-07-01 00:03:39,0006B34FCA,K235
2016-07-01 00:04:47,00074F238E,K235
2016-07-01 00:10:06,0006B35440,K235
2016-07-01 00:13:06,00074BE89B,K235
2016-07-01 00:16:20,0006B2A1D2,K235
2016-07-01 00:20:07,0006B35440,K235
2016-07-01 00:23:44,0006B3A093,K235
2016-07-01 00:31:43,00074FA4F8,K235
2016-07-01 00:38:21,00065EBF3C,K235
2016-07-01 00:39:31,00074FA4F8,K235
2016-07-01 00:45:06,00065EBF3C,K235
2016-07-01 00:46:23,0006B39900,K235
2016-07-01 00:48:37,0006B3775E,K235
2016-07-01 00:52:11,0006B2A1D2,K235
2016-07-01 00:53:13,0006B39900,K235
2016-07-01 00:55:47,0006B3775E,K235
2016-07-01 00:56:59,00075D1338,K235
2016-07-01 01:03:46,00074F238E,K235
2016-07-01 01:04:44,00075D1338,K235
2016-07-01 01:15:23,0006B34F91,K235
2016-07-01 01:19:54,0006B294D3,K235
2016-07-01 01:22:03,0006B3A093,K235
2016-07-01 01:25:45,0006B2A1D2,K235
2016-07-01 01:25:52,0006B35440,K235
2016-07-01 01:29:46,0006B34F91,K235
2016-07-01 01:31:59,0006B3A093,K235
2016-07-01 01:32:14,0006B35440,K235
2016-07-01 01:34:33,0006B2A1D2,K235
2016-07-01 01:35:29,0006B34FCA,K235
2016-07-01 01:40:44,0006B294D3,K235
2016-07-01 01:42:14,00074FA4F8,K235
2016-07-01 01:43:10,0006B34FCA,K235
2016-07-01 01:45:02,00075D8712,K235
2016-07-01 01:52:18,0006B34F91,K235
2016-07-01 01:54:51,00075D1338,K235
2016-07-01 01:55:15,0006B3775E,K235
2016-07-01 01:57:42,00074FA4F8,K235
2016-07-01 01:58:06,00074F0832,K235
2016-07-01 02:00:35,00065EBF3C,K235
2016-07-01 02:01:37,0006B39900,K235
2016-07-01 02:03:03,0006B34F91,K235
2016-07-01 02:04:26,0006B3775E,K235
2016-07-01 02:06:00,00075D8712,K235
2016-07-01 02:08:18,00075D1338,K235
2016-07-01 02:10:17,00065EBF3C,K235
2016-07-01 02:12:41,0006B39900,K235
2016-07-01 02:15:50,0006B3A093,K235
2016-07-01 02:17:10,0006B2A1D2,K235
2016-07-01 02:22:16,0006B2A1D2,K235
2016-07-01 02:27:15,0006B3A093,K235
2016-07-01 02:29:48,0006B35440,K235
2016-07-01 02:30:16,0006B39900,K235
2016-07-01 02:33:32,0006B39900,K235
2016-07-01 02:35:37,00074F238E,K235
2016-07-01 02:35:59,00074F0832,K235
2016-07-01 02:40:23,0006B35440,K235
2016-07-01 02:47:16,00074FA4F8,K235
2016-07-01 02:54:35,0006B34FCA,K235
2016-07-01 02:55:55,00075D8712,K235
2016-07-01 02:58:55,0006B34F91,K235
2016-07-01 03:00:16,00075D1338,K235
2016-07-01 03:04:42,00074F0832,K235
2016-07-01 03:05:06,00074FA4F8,K235
2016-07-01 03:06:19,00075D8712,K235
2016-07-01 03:07:27,00075D1338,K235
2016-07-01 03:13:25,0006B34F91,K235
2016-07-01 03:14:07,0006B294D3,K235
2016-07-01 03:17:09,0006B2A1D2,K235
2016-07-01 03:22:36,00065EBF3C,K235
2016-07-01 03:24:22,0006B3A093,K235
2016-07-01 03:24:54,0006B294D3,K235
2016-07-01 03:31:42,00065EBF3C,K235
2016-07-01 03:36:06,0006B3A093,K235
2016-07-01 03:36:48,0006B35440,K235
2016-07-01 03:44:21,0006B35440,K235
2016-07-01 04:04:38,0006B35440,K235
2016-07-01 04:12:10,0006B39900,K235
2016-07-01 04:14:49,00068E1A0D,K235
2016-07-01 04:17:07,00074BE89B,K235
2016-07-01 04:25:08,0006B34F91,K235
2016-07-01 04:27:57,0006B34FCA,K235
2016-07-01 04:30:16,00075D8712,K235
2016-07-01 04:30:26,00074FA4F8,K235
2016-07-01 04:31:16,00075D1338,K235
2016-07-01 04:31:18,0006B294D3,K235
2016-07-01 04:34:44,00061D4D10,K235
2016-07-01 04:44:23,0006B3775E,K235
2016-07-01 04:44:26,0006B2A1D2,K235
2016-07-01 04:47:05,0006B35440,K235
2016-07-01 21:40:40,0006B294D3,K235
2016-07-01 21:42:29,0006B34F91,K235
2016-07-01 21:46:24,00074FA4F8,K235
2016-07-01 21:46:36,00075D8712,K235
2016-07-01 21:47:30,0006B2A1D2,K235
2016-07-01 21:47:38,0006B3775E,K235
2016-07-01 21:47:49,00074F238E,K235
2016-07-01 21:47:56,0006B39900,K235
2016-07-01 21:48:08,0006B35440,K235
2016-07-01 21:48:13,00074F0832,K235
2016-07-01 21:48:51,00065EBF3C,K235
2016-07-01 21:49:46,0006B3A093,K235
2016-07-01 21:49:54,00074BE89B,K235
2016-07-01 21:50:03,00074F4107,K235
2016-07-01 21:51:34,00061D4D10,K235
2016-07-01 21:51:56,0006B34FCA,K235
2016-07-01 21:52:21,00074FA290,K235
2016-07-01 21:53:54,00075D1338,K235
2016-07-01 21:54:26,00068E1A0D,K235
2016-07-01 23:03:10,0006B39900,K235
2016-07-01 23:10:11,0006B3A093,K235
2016-07-01 23:17:36,0006B39900,K235
2016-07-01 23:20:05,00075D8712,K235
2016-07-01 23:23:42,00075D8712,K235
2016-07-01 23:36:05,0006B35440,K235
2016-07-01 23:36:08,00075D1338,K235
2016-07-01 23:39:57,00075D1338,K235
2016-07-01 23:41:01,0006B35440,K235
2016-07-01 23:48:39,0006B294D3,K235
2016-07-01 23:54:58,00074F0832,K235
2016-07-01 23:55:11,00065EBF3C,K235
2016-07-01 23:58:09,0006B294D3,K235
2016-07-01 23:58:43,0006B34F91,K235
2016-07-01 23:59:27,0006B3A093,K235
2016-07-02 00:02:17,0006B34F91,K235
2016-07-02 00:04:10,0006B3A093,K235
2016-07-02 00:04:23,0006B34FCA,K235
2016-07-02 00:08:23,0006B2A1D2,K235
2016-07-02 00:10:01,0006B3775E,K235
2016-07-02 00:12:29,0006B34FCA,K235
2016-07-02 00:14:02,00074F238E,K235
2016-07-02 00:15:18,0006B3775E,K235
2016-07-02 00:21:04,00075D8712,K235
2016-07-02 00:23:55,00074FA4F8,K235
2016-07-02 00:26:46,00075D1338,K235
2016-07-02 00:29:46,00075D8712,K235
2016-07-02 00:33:07,00075D1338,K235
2016-07-02 00:34:57,00074FA4F8,K235
2016-07-02 00:39:55,0006B35440,K235
2016-07-02 00:48:17,0006B294D3,K235
2016-07-02 00:57:35,00074F0832,K235
2016-07-02 00:58:43,0006B2A1D2,K235
2016-07-02 00:59:30,0006B39900,K235
2016-07-02 01:04:30,00074F238E,K235
2016-07-02 01:05:20,00074F0832,K235
2016-07-02 01:11:26,0006B39900,K235
2016-07-02 01:11:44,00074F238E,K235
2016-07-02 01:13:36,0006B3A093,K235
2016-07-02 01:15:29,00065EBF3C,K235
2016-07-02 01:19:27,0006B3775E,K235
2016-07-02 01:19:55,0006B35440,K235
2016-07-02 01:20:21,0006B3A093,K235
2016-07-02 01:21:01,0006B34FCA,K235
2016-07-02 01:24:32,0006B3775E,K235
2016-07-02 01:25:12,0006B35440,K235
2016-07-02 01:27:11,0006B2A1D2,K235
2016-07-02 01:27:32,0006B34FCA,K235
2016-07-02 01:32:54,0006B34F91,K235
2016-07-02 01:33:56,00075D8712,K235
2016-07-02 01:35:53,0006B2A1D2,K235
2016-07-02 01:38:54,00075D1338,K235
2016-07-02 01:39:27,0006B34F91,K235
2016-07-02 01:43:04,00075D8712,K235
2016-07-02 01:44:56,00075D1338,K235
2016-07-02 01:47:17,0006B39900,K235
2016-07-02 01:50:48,0006B39900,K235
2016-07-02 01:52:32,00074FA4F8,K235
2016-07-02 01:58:08,00074F238E,K235
2016-07-02 02:02:59,00074F238E,K235
2016-07-02 02:04:32,0006B3A093,K235
2016-07-02 02:05:36,00074FA4F8,K235
2016-07-02 02:06:24,00074F0832,K235
2016-07-02 02:13:39,0006B294D3,K235
2016-07-02 02:22:18,0006B294D3,K235
2016-07-02 02:25:09,0006B39900,K235
2016-07-02 02:25:42,00065EBF3C,K235
2016-07-02 02:31:41,0006B39900,K235
2016-07-02 02:33:26,00075D8712,K235
2016-07-02 02:35:59,0006B35440,K235
2016-07-02 02:37:19,00065EBF3C,K235
2016-07-02 02:39:00,0006B2A1D2,K235
2016-07-02 02:41:19,0006B3775E,K235
2016-07-02 02:43:20,0006B35440,K235
2016-07-02 02:48:04,00075D8712,K235
2016-07-02 02:48:41,0006B3775E,K235
2016-07-02 02:50:34,0006B34F91,K235
2016-07-02 02:53:37,00075D1338,K235
2016-07-02 02:56:17,0006B34FCA,K235
2016-07-02 02:56:26,0006B34F91,K235
2016-07-02 03:00:50,00075D1338,K235
2016-07-02 03:03:33,0006B3A093,K235
2016-07-02 03:05:51,0006B2A1D2,K235
2016-07-02 03:06:24,00074F0832,K235
2016-07-02 03:07:55,0006B294D3,K235
2016-07-02 03:13:25,00074FA4F8,K235
2016-07-02 03:17:24,0006B2A1D2,K235
2016-07-02 03:22:44,00074F238E,K235
2016-07-02 03:27:51,00074F238E,K235
2016-07-02 03:31:37,00075D8712,K235
2016-07-02 03:38:38,00075D8712,K235
2016-07-02 03:39:25,0006B35440,K235
2016-07-02 03:45:02,0006B35440,K235
2016-07-02 03:53:17,00075D1338,K235
2016-07-02 03:57:49,00075D1338,K235
2016-07-02 04:27:44,0006B34F91,K235
2016-07-02 04:28:05,0006B39900,K235
2016-07-02 04:29:26,00074FA4F8,K235
2016-07-02 04:29:43,00068E1A0D,K235
2016-07-02 04:33:42,00068E1A0D,K235
2016-07-02 04:37:03,00074FA290,K235
2016-07-02 04:38:17,00074F4107,K235
2016-07-02 04:42:26,00075D1338,K235
2016-07-02 04:43:11,0006B34FCA,K235
2016-07-02 04:43:12,0006B35440,K235
2016-07-02 04:44:39,00074F4107,K235
2016-07-02 04:45:24,00075D8712,K235
2016-07-02 04:45:32,00074BE89B,K235
2016-07-02 04:46:26,00068E1A0D,K235
2016-07-02 04:47:47,00074F238E,K235
2016-07-02 04:48:04,0006B3775E,K235
2016-07-02 04:52:08,00061D4D10,K235
2016-07-02 04:53:40,0006B2A1D2,K235
2016-07-02 04:55:32,00068E1A0D,K235
2016-07-02 04:57:28,00061D4D10,K235
2016-07-02 05:02:15,00061D4D10,K235
2016-07-02 22:03:03,00065EBF3C,K235
2016-07-02 22:04:25,00074F4107,K235
2016-07-02 22:06:15,00075D8712,K235
2016-07-02 22:09:45,00074F0832,K235
2016-07-02 22:10:47,0006B34F91,K235
2016-07-02 22:11:42,00075D1338,K235
2016-07-02 22:11:51,00074F238E,K235
2016-07-02 22:15:25,0006B2A1D2,K235
2016-07-02 22:15:28,0006B39900,K235
2016-07-02 22:17:09,00074FA290,K235
2016-07-02 22:18:15,0006B3775E,K235
2016-07-02 22:18:33,0006B35440,K235
2016-07-02 22:19:34,0006B3A093,K235
2016-07-02 22:23:07,0006B34FCA,K235
2016-07-02 22:23:21,00074FA4F8,K235
2016-07-02 22:24:51,0006B294D3,K235
2016-07-02 22:26:17,00061D4D10,K235
2016-07-02 22:28:39,00074BE89B,K235
2016-07-02 22:29:28,00068E1A0D,K235
2016-07-02 23:12:39,0006B3A093,K235
2016-07-02 23:17:36,00074F0832,K235
2016-07-02 23:21:24,0006B34F91,K235
2016-07-02 23:21:47,0006B3A093,K235
2016-07-02 23:25:23,0006B294D3,K235
2016-07-02 23:31:07,00065EBF3C,K235
2016-07-02 23:35:41,00075D8712,K235
2016-07-02 23:39:21,0006B34FCA,K235
2016-07-02 23:39:52,0006B34F91,K235
2016-07-02 23:43:24,00075D8712,K235
2016-07-02 23:47:17,0006B39900,K235
2016-07-02 23:48:45,00075D1338,K235
2016-07-02 23:52:34,0006B34FCA,K235
2016-07-02 23:52:43,0006B3775E,K235
2016-07-02 23:54:20,00065EBF3C,K235
2016-07-03 00:03:29,00075D1338,K235
2016-07-03 00:04:53,0006B39900,K235
2016-07-03 00:06:50,0006B3775E,K235
2016-07-03 00:09:52,0006B35440,K235
2016-07-03 00:10:03,00074F238E,K235
2016-07-03 00:25:27,0006B35440,K235
2016-07-03 00:26:25,0006B3A093,K235
2016-07-03 00:39:19,0006B2A1D2,K235
2016-07-03 00:42:22,00074FA4F8,K235
2016-07-03 00:46:06,00075D8712,K235
2016-07-03 00:51:57,00075D8712,K235
2016-07-03 00:54:01,00074F0832,K235
2016-07-03 00:58:32,0006B34FCA,K235
2016-07-03 01:01:58,00074FA4F8,K235
2016-07-03 01:07:24,00074F0832,K235
2016-07-03 01:17:50,0006B294D3,K235
2016-07-03 01:18:07,0006B34FCA,K235
2016-07-03 01:21:39,00075D1338,K235
2016-07-03 01:22:53,0006B34F91,K235
2016-07-03 01:27:59,0006B3A093,K235
2016-07-03 01:32:40,00075D1338,K235
2016-07-03 01:34:27,0006B3775E,K235
2016-07-03 01:36:00,00065EBF3C,K235
2016-07-03 01:39:58,00074F238E,K235
2016-07-03 01:40:48,0006B34F91,K235
2016-07-03 01:45:34,0006B39900,K235
2016-07-03 01:46:31,0006B3775E,K235
2016-07-03 01:52:28,00065EBF3C,K235
2016-07-03 01:56:32,0006B39900,K235
2016-07-03 02:06:12,00074FA4F8,K235
2016-07-03 02:06:16,0006B35440,K235
2016-07-03 02:16:31,0006B34FCA,K235
2016-07-03 02:17:48,00074FA4F8,K235
2016-07-03 02:21:10,0006B35440,K235
2016-07-03 02:22:07,00075D8712,K235
2016-07-03 02:28:06,0006B34FCA,K235
2016-07-03 02:31:36,00074F0832,K235
2016-07-03 02:39:27,00075D8712,K235
2016-07-03 02:51:26,0006B34F91,K235
2016-07-03 02:53:40,00075D1338,K235
2016-07-03 03:00:28,0006B39900,K235
2016-07-03 03:01:34,0006B294D3,K235
2016-07-03 03:02:10,0006B34F91,K235
2016-07-03 03:03:55,00075D1338,K235
2016-07-03 03:04:53,0006B3A093,K235
2016-07-03 03:08:43,00075D8712,K235
2016-07-03 03:12:36,0006B39900,K235
2016-07-03 03:13:45,0006B3A093,K235
2016-07-03 03:26:40,00075D8712,K235
2016-07-03 03:39:11,00074FA4F8,K235
2016-07-03 03:46:02,00074FA4F8,K235
2016-07-03 03:50:05,00074FA4F8,K235
2016-07-03 03:52:26,0006B35440,K235
2016-07-03 03:52:40,00074FA4F8,K235
2016-07-03 04:00:30,0006B35440,K235
2016-07-03 04:12:59,0006B34FCA,K235
2016-07-03 04:18:07,0006B39900,K235
2016-07-03 04:21:03,0006B294D3,K235
2016-07-03 04:27:58,0006B3A093,K235
2016-07-03 04:28:57,00075D1338,K235
2016-07-03 04:31:20,00074F238E,K235
2016-07-03 04:31:31,00074FA4F8,K235
2016-07-03 04:32:05,00065EBF3C,K235
2016-07-03 04:33:22,0006B34F91,K235
2016-07-03 04:35:53,0006B3775E,K235
2016-07-03 04:36:35,00075D8712,K235
2016-07-03 04:37:03,00074FA290,K235
2016-07-03 04:48:36,0006B35440,K235
2016-07-03 21:28:44,00074F238E,K235
2016-07-03 21:37:47,00074F238E,K235
2016-07-03 21:39:48,0006B294D3,K235
2016-07-03 21:43:45,0006B39900,K235
2016-07-03 21:44:08,00075D8712,K235
2016-07-03 21:44:10,00074FA4F8,K235
2016-07-03 21:44:29,00065EBF3C,K235
2016-07-03 21:46:32,0006B2A1D2,K235
2016-07-03 21:46:48,0006B3775E,K235
2016-07-03 21:47:06,0006B34F91,K235
2016-07-03 21:47:21,00074FA290,K235
2016-07-03 21:49:54,00075D1338,K235
2016-07-03 21:52:06,00074F0832,K235
2016-07-03 21:52:24,0006B35440,K235
2016-07-03 21:55:32,0006B3A093,K235
2016-07-03 22:08:43,0006B34FCA,K235
2016-07-03 23:12:34,0006B3A093,K235
2016-07-03 23:15:24,0006B34F91,K235
2016-07-03 23:17:22,00075D1338,K235
2016-07-03 23:18:11,0006B3A093,K235
2016-07-03 23:21:42,0006B34F91,K235
2016-07-03 23:22:06,00075D1338,K235
2016-07-03 23:26:24,00074FA4F8,K235
2016-07-03 23:27:08,00075D8712,K235
2016-07-03 23:28:46,00074F238E,K235
2016-07-03 23:35:54,00075D8712,K235
2016-07-03 23:36:45,00074FA4F8,K235
2016-07-03 23:43:03,00074F0832,K235
2016-07-03 23:48:36,00074F0832,K235
2016-07-03 23:54:37,0006B294D3,K235
2016-07-04 00:04:09,0006B39900,K235
2016-07-04 00:12:46,0006B34FCA,K235
2016-07-04 00:14:29,0006B39900,K235
2016-07-04 00:16:25,00074F238E,K235
2016-07-04 00:18:39,0006B3775E,K235
2016-07-04 00:21:58,0006B34FCA,K235
2016-07-04 00:23:13,0006B3A093,K235
2016-07-04 00:25:52,0006B2A1D2,K235
2016-07-04 00:30:21,0006B3A093,K235
2016-07-04 00:32:57,00075D8712,K235
2016-07-04 00:33:42,0006B35440,K235
2016-07-04 00:37:43,00065EBF3C,K235
2016-07-04 00:41:14,0006B3775E,K235
2016-07-04 00:46:41,00075D1338,K235
2016-07-04 00:47:15,0006B35440,K235
2016-07-04 00:48:19,00075D8712,K235
2016-07-04 00:55:22,0006B294D3,K235
2016-07-04 00:59:18,00074FA4F8,K235
2016-07-04 00:59:58,00075D1338,K235
2016-07-04 01:00:43,0006B39900,K235
2016-07-04 01:05:03,00074F238E,K235
2016-07-04 01:07:46,0006B39900,K235
2016-07-04 01:09:41,00074FA4F8,K235
2016-07-04 01:11:46,0006B294D3,K235
2016-07-04 01:20:57,00074F0832,K235
2016-07-04 01:21:25,0006B3A093,K235
2016-07-04 01:27:52,00074BE89B,K235
2016-07-04 01:33:47,0006B3775E,K235
2016-07-04 01:38:27,0006B34FCA,K235
2016-07-04 01:45:29,00074BE89B,K235
2016-07-04 01:51:29,0006B34F91,K235
2016-07-04 01:51:40,0006B34FCA,K235
2016-07-04 01:54:46,0006B3775E,K235
2016-07-04 02:02:05,0006B34F91,K235
2016-07-04 02:14:57,00074FA4F8,K235
2016-07-04 02:14:59,0006B39900,K235
2016-07-04 02:18:05,00065EBF3C,K235
2016-07-04 02:20:53,0006B2A1D2,K235
2016-07-04 02:23:41,00075D8712,K235
2016-07-04 02:26:04,00075D1338,K235
2016-07-04 02:27:08,0006B39900,K235
2016-07-04 02:31:46,0006B3A093,K235
2016-07-04 02:32:50,00075D1338,K235
2016-07-04 02:33:19,00065EBF3C,K235
2016-07-04 02:33:32,00074FA4F8,K235
2016-07-04 02:33:56,00075D8712,K235
2016-07-04 02:42:54,0006B294D3,K235
2016-07-04 02:46:43,00074F0832,K235
2016-07-04 02:55:33,0006B294D3,K235
2016-07-04 02:56:23,00074F0832,K235
2016-07-04 03:01:11,0006B35440,K235
2016-07-04 03:03:32,00075D1338,K235
2016-07-04 03:11:56,0006B35440,K235
2016-07-04 03:14:48,00075D1338,K235
2016-07-04 03:16:12,00074F238E,K235
2016-07-04 03:21:57,00074F238E,K235
2016-07-04 03:23:58,0006B34FCA,K235
2016-07-04 03:26:19,00074F238E,K235
2016-07-04 03:30:03,0006B34FCA,K235
2016-07-04 03:34:51,00074F0832,K235
2016-07-04 03:37:43,00075D8712,K235
2016-07-04 03:43:28,0006B2A1D2,K235
2016-07-04 03:48:21,0006B34F91,K235
2016-07-04 03:50:15,0006B2A1D2,K235
2016-07-04 03:51:17,00075D8712,K235
2016-07-04 03:52:34,0006B34F91,K235
2016-07-04 04:20:23,0006B35440,K235
2016-07-04 04:21:01,00074BE89B,K235
2016-07-04 04:24:25,00074FA4F8,K235
2016-07-04 04:24:34,0006B39900,K235
2016-07-04 04:32:18,0006B35440,K235
2016-07-04 04:33:57,00068E1A0D,K235
2016-07-04 04:35:42,00075D1338,K235
2016-07-04 04:38:03,00074FA290,K235
2016-07-04 04:40:30,0006B3A093,K235
2016-07-04 04:40:47,0006B34FCA,K235
2016-07-04 04:43:21,0006B3775E,K235
2016-07-04 04:45:00,0006B34F91,K235
2016-07-04 04:45:06,00065EBF3C,K235
2016-07-04 04:45:53,00075D8712,K235
2016-07-04 04:49:21,00074F4107,K235
2016-07-04 04:49:49,00068E1A0D,K235
2016-07-04 04:50:05,00061D4D10,K235
2016-07-04 04:54:17,0006B35440,K235
2016-07-04 05:04:03,00068E1A0D,K235
2016-07-04 21:30:37,00074F238E,K235
2016-07-04 21:37:55,00074F238E,K235
2016-07-04 21:42:03,0006B3775E,K235
2016-07-04 21:42:07,00075D8712,K235
2016-07-04 21:42:09,00074F4107,K235
2016-07-04 21:44:13,00074FA4F8,K235
2016-07-04 21:44:36,0006B39900,K235
2016-07-04 21:45:13,0006B294D3,K235
2016-07-04 21:45:51,0006B34F91,K235
2016-07-04 21:46:17,0006B2A1D2,K235
2016-07-04 21:47:18,00065EBF3C,K235
2016-07-04 21:47:51,00074F0832,K235
2016-07-04 21:47:58,00068E1A0D,K235
2016-07-04 21:48:15,00061D4D10,K235
2016-07-04 21:48:46,0006B35440,K235
2016-07-04 21:49:27,0006B34FCA,K235
2016-07-04 21:49:58,00075D1338,K235
2016-07-04 21:51:38,0006B3A093,K235
2016-07-04 21:52:13,00074BE89B,K235
2016-07-04 21:52:56,00074FA290,K235
2016-07-04 23:11:14,0006B39900,K235
2016-07-04 23:13:54,0006B3A093,K235
2016-07-04 23:18:57,0006B39900,K235
2016-07-04 23:51:03,0006B294D3,K235
2016-07-04 23:53:02,00075D8712,K235
2016-07-05 00:01:15,00074FA4F8,K235
2016-07-05 00:03:33,00074FA4F8,K235
2016-07-05 00:03:46,0006B2A1D2,K235
2016-07-05 00:07:50,00074F238E,K235
2016-07-05 00:10:06,00075D8712,K235
2016-07-05 00:10:15,0006B2A1D2,K235
2016-07-05 00:10:36,00074FA4F8,K235
2016-07-05 00:11:29,0006B35440,K235
2016-07-05 00:15:34,00075D8712,K235
2016-07-05 00:18:43,00074FA4F8,K235
2016-07-05 00:21:28,00074F238E,K235
2016-07-05 00:21:34,00074F0832,K235
2016-07-05 00:22:52,00075D1338,K235
2016-07-05 00:25:09,00074FA4F8,K235
2016-07-05 00:28:35,00074FA4F8,K235
2016-07-05 00:28:43,00075D1338,K235
2016-07-05 00:30:33,00074F0832,K235
2016-07-05 00:31:47,0006B34F91,K235
2016-07-05 00:36:14,0006B34F91,K235
2016-07-05 00:39:21,00065EBF3C,K235
2016-07-05 00:48:06,0006B39900,K235
2016-07-05 00:48:19,0006B3775E,K235
2016-07-05 00:50:35,0006B3775E,K235
2016-07-05 00:50:53,0006B39900,K235
2016-07-05 00:55:35,0006B39900,K235
2016-07-05 00:56:18,0006B294D3,K235
2016-07-05 00:56:45,0006B2A1D2,K235
2016-07-05 00:57:37,0006B39900,K235
2016-07-05 00:59:07,0006B34FCA,K235
2016-07-05 01:00:54,0006B294D3,K235
2016-07-05 01:01:38,0006B3A093,K235
2016-07-05 01:06:41,0006B294D3,K235
2016-07-05 01:09:10,0006B34FCA,K235
2016-07-05 01:10:09,0006B3A093,K235
2016-07-05 01:15:20,00074F238E,K235
2016-07-05 01:15:59,00075D1338,K235
2016-07-05 01:22:49,0006B39900,K235
2016-07-05 01:23:31,00075D1338,K235
2016-07-05 01:25:24,0006B39900,K235
2016-07-05 01:26:38,00074F0832,K235
2016-07-05 01:31:00,00074F0832,K235
2016-07-05 01:34:23,0006B2A1D2,K235
2016-07-05 01:36:40,00075D8712,K235
2016-07-05 01:39:58,0006B2A1D2,K235
2016-07-05 01:42:03,00075D8712,K235
2016-07-05 01:42:33,00074FA4F8,K235
2016-07-05 01:42:37,0006B34F91,K235
2016-07-05 01:45:14,0006B35440,K235
2016-07-05 01:46:02,0006B2A1D2,K235
2016-07-05 01:46:30,00074FA4F8,K235
2016-07-05 01:48:20,0006B34F91,K235
2016-07-05 01:48:28,0006B2A1D2,K235
2016-07-05 01:49:37,0006B35440,K235
2016-07-05 01:49:56,00074FA4F8,K235
2016-07-05 01:50:06,0006B3A093,K235
2016-07-05 01:51:03,00075D8712,K235
2016-07-05 01:52:00,00074FA4F8,K235
2016-07-05 01:53:26,00075D8712,K235
2016-07-05 01:55:51,0006B3A093,K235
2016-07-05 02:09:24,0006B2A1D2,K235
2016-07-05 02:11:30,00065EBF3C,K235
2016-07-05 02:13:31,00065EBF3C,K235
2016-07-05 02:16:48,00074F238E,K235
2016-07-05 02:17:38,0006B34FCA,K235
2016-07-05 02:17:54,0006B2A1D2,K235
2016-07-05 02:22:54,00065EBF3C,K235
2016-07-05 02:23:38,00074F238E,K235
2016-07-05 02:24:15,0006B34FCA,K235
2016-07-05 02:24:55,00065EBF3C,K235
2016-07-05 02:26:32,0006B35440,K235
2016-07-05 02:26:48,00074F238E,K235
2016-07-05 02:26:50,0006B34F91,K235
2016-07-05 02:27:42,0006B2A1D2,K235
2016-07-05 02:29:35,0006B34F91,K235
2016-07-05 02:29:59,0006B34FCA,K235
2016-07-05 02:30:14,0006B2A1D2,K235
2016-07-05 02:32:58,0006B35440,K235
2016-07-05 02:34:52,0006B2A1D2,K235
2016-07-05 02:35:21,0006B34FCA,K235
2016-07-05 02:35:59,0006B35440,K235
2016-07-05 02:37:07,0006B2A1D2,K235
2016-07-05 02:40:07,0006B34FCA,K235
2016-07-05 02:42:08,0006B34FCA,K235
2016-07-05 02:43:30,0006B35440,K235
2016-07-05 02:49:35,0006B3A093,K235
2016-07-05 02:51:37,0006B3A093,K235
2016-07-05 03:17:16,0006B34F91,K235
2016-07-05 03:20:30,0006B34F91,K235
2016-07-05 21:22:21,00065EBF3C,K24
2016-07-05 21:29:55,00065EBF3C,K24
2016-07-05 21:30:24,0006B34F91,K24
2016-07-05 21:31:08,00074F238E,K24
2016-07-05 21:31:27,00074FA4F8,K24
2016-07-05 21:31:43,0006B3775E,K24
2016-07-05 21:32:22,0006B294D3,K24
2016-07-05 21:32:29,00061D4D10,K24
2016-07-05 21:33:14,0006B34FCA,K24
2016-07-05 21:33:47,0006B34F91,K24
2016-07-05 21:34:16,00074F0832,K24
2016-07-05 21:34:51,0006B35440,K24
2016-07-05 21:34:58,0006B39900,K24
2016-07-05 21:35:39,0006B34FCA,K24
2016-07-05 21:35:59,00075D8712,K24
2016-07-05 21:37:35,00074F0832,K24
2016-07-05 21:38:03,0006B34F91,K24
2016-07-05 21:39:36,00075D8712,K24
2016-07-05 21:40:09,0006B2A1D2,K24
2016-07-05 21:40:59,0006B34FCA,K24
2016-07-05 21:41:36,00061D4D10,K24
2016-07-05 21:41:54,00075D1338,K24
2016-07-05 21:42:23,00074FA290,K24
2016-07-05 21:43:40,00068E1A0D,K24
2016-07-05 21:45:42,0006B3A093,K24
2016-07-05 21:50:58,00074BE89B,K24
2016-07-05 21:51:18,00074F4107,K24
2016-07-05 23:30:00,0006B3775E,K24
2016-07-05 23:34:40,0006B3775E,K24
2016-07-05 23:44:00,00075D8712,K24
2016-07-05 23:46:30,0006B39900,K24
2016-07-05 23:48:02,00075D8712,K24
2016-07-05 23:52:18,0006B39900,K24
2016-07-05 23:58:51,0006B294D3,K24
2016-07-06 00:02:36,00075D1338,K24
2016-07-06 00:05:18,0006B34F91,K24
2016-07-06 00:08:00,00075D1338,K24
2016-07-06 00:10:03,0006B294D3,K24
2016-07-06 00:11:54,00065EBF3C,K24
2016-07-06 00:12:18,0006B34FCA,K24
2016-07-06 00:20:03,0006B34FCA,K24
2016-07-06 00:20:09,0006B35440,K24
2016-07-06 00:22:07,0006B3A093,K24
2016-07-06 00:25:46,00074F238E,K24
2016-07-06 00:30:46,00074F238E,K24
2016-07-06 00:35:44,0006B2A1D2,K24
2016-07-06 00:44:35,0006B2A1D2,K24
2016-07-06 00:50:25,00075D1338,K24
2016-07-06 00:54:31,0006B39900,K24
2016-07-06 00:54:34,00074FA4F8,K24
2016-07-06 00:56:10,00075D1338,K24
2016-07-06 00:56:21,0006B3775E,K24
2016-07-06 00:58:16,0006B39900,K24
2016-07-06 01:01:41,0006B294D3,K24
2016-07-06 01:02:21,0006B3775E,K24
2016-07-06 01:04:09,00074FA4F8,K24
2016-07-06 01:04:11,00075D8712,K24
2016-07-06 01:13:35,00075D8712,K24
2016-07-06 01:15:42,0006B34F91,K24
2016-07-06 01:18:21,0006B294D3,K24
2016-07-06 01:24:59,00074F0832,K24
2016-07-06 01:25:01,0006B34FCA,K24
2016-07-06 01:28:43,00075D1338,K24
2016-07-06 01:30:30,00074F0832,K24
2016-07-06 01:31:49,0006B34FCA,K24
2016-07-06 01:38:28,00075D1338,K24
2016-07-06 01:40:59,0006B34F91,K24
2016-07-06 01:50:03,0006B34F91,K24
2016-07-06 01:52:09,0006B35440,K24
2016-07-06 01:55:25,00074F238E,K24
2016-07-06 01:57:49,0006B3A093,K24
2016-07-06 01:59:00,0006B294D3,K24
2016-07-06 02:00:39,00074F238E,K24
2016-07-06 02:03:30,0006B39900,K24
2016-07-06 02:05:19,00065EBF3C,K24
2016-07-06 02:07:03,00074FA4F8,K24
2016-07-06 02:12:13,0006B39900,K24
2016-07-06 02:16:42,00065EBF3C,K24
2016-07-06 02:17:58,00074FA4F8,K24
2016-07-06 02:19:40,00074F0832,K24
2016-07-06 02:23:21,0006B294D3,K24
2016-07-06 02:29:32,0006B2A1D2,K24
2016-07-06 02:30:01,00074F0832,K24
2016-07-06 02:47:37,0006B34F91,K24
2016-07-06 02:48:31,0006B34FCA,K24
2016-07-06 02:54:26,00075D8712,K24
2016-07-06 02:55:04,0006B34FCA,K24
2016-07-06 02:57:18,0006B3775E,K24
2016-07-06 02:58:27,0006B34F91,K24
2016-07-06 02:58:37,00075D1338,K24
2016-07-06 03:01:44,0006B3A093,K24
2016-07-06 03:04:23,00075D8712,K24
2016-07-06 03:04:25,0006B3775E,K24
2016-07-06 03:06:08,00065EBF3C,K24
2016-07-06 03:06:47,00075D1338,K24
2016-07-06 03:12:56,0006B35440,K24
2016-07-06 03:17:36,00065EBF3C,K24
2016-07-06 03:17:41,00074F238E,K24
2016-07-06 03:21:44,0006B35440,K24
2016-07-06 03:22:06,00074F238E,K24
2016-07-06 03:30:49,00074F0832,K24
2016-07-06 03:39:11,00074F0832,K24
2016-07-06 04:11:25,00068E1A0D,K24
2016-07-06 04:16:41,00074FA290,K24
2016-07-06 04:22:56,00074FA4F8,K24
2016-07-06 04:28:15,00074BE89B,K24
2016-07-06 04:29:10,0006B294D3,K24
2016-07-06 04:30:31,00075D1338,K24
2016-07-06 04:32:11,0006B2A1D2,K24
2016-07-06 04:35:43,0006B34FCA,K24
2016-07-06 04:36:53,00061D4D10,K24
2016-07-06 04:40:14,0006B34F91,K24
2016-07-06 04:40:45,0006B3A093,K24
2016-07-06 04:41:34,00075D8712,K24
2016-07-06 04:42:10,0006B39900,K24
2016-07-06 04:43:15,00074F0832,K24
2016-07-06 04:45:33,0006B3775E,K24
2016-07-06 04:50:18,00065EBF3C,K24
2016-07-06 04:57:47,00074F238E,K24
2016-07-06 21:36:22,0006B34F91,K24
2016-07-06 21:39:15,00065EBF3C,K24
2016-07-06 21:40:33,00074F238E,K24
2016-07-06 21:40:49,0006B34F91,K24
2016-07-06 21:41:05,00074F0832,K24
2016-07-06 21:41:19,0006B34FCA,K24
2016-07-06 21:42:23,0006B3775E,K24
2016-07-06 21:42:26,0006B294D3,K24
2016-07-06 21:42:28,00075D8712,K24
2016-07-06 21:44:27,00075D1338,K24
2016-07-06 21:44:35,0006B3A093,K24
2016-07-06 21:45:12,0006B39900,K24
2016-07-06 21:45:18,0006B2A1D2,K24
2016-07-06 21:45:59,00074F4107,K24
2016-07-06 21:46:15,00074FA4F8,K24
2016-07-06 21:47:23,00061D4D10,K24
2016-07-06 21:49:10,0006B35440,K24
2016-07-06 21:49:19,00074BE89B,K24
2016-07-06 21:50:16,00074FA290,K24
2016-07-06 23:15:01,00075D1338,K24
2016-07-06 23:21:40,00075D1338,K24
2016-07-06 23:27:17,00074F0832,K24
2016-07-06 23:32:50,00074F0832,K24
2016-07-06 23:33:38,0006B39900,K24
2016-07-06 23:37:10,0006B294D3,K24
2016-07-06 23:37:19,0006B34FCA,K24
2016-07-06 23:40:19,0006B3775E,K24
2016-07-06 23:41:04,0006B39900,K24
2016-07-06 23:42:04,00074F238E,K24
2016-07-06 23:44:23,0006B34FCA,K24
2016-07-06 23:44:30,0006B3775E,K24
2016-07-06 23:45:02,0006B294D3,K24
2016-07-06 23:45:53,0006B35440,K24
2016-07-06 23:49:12,00074F238E,K24
2016-07-06 23:50:27,00065EBF3C,K24
2016-07-06 23:58:02,0006B3A093,K24
2016-07-06 23:59:00,00075D8712,K24
2016-07-06 23:59:48,00065EBF3C,K24
2016-07-07 00:05:45,00074FA4F8,K24
2016-07-07 00:06:05,00075D8712,K24
2016-07-07 00:15:38,00075D1338,K24
2016-07-07 00:17:11,00074FA4F8,K24
2016-07-07 00:19:40,00074F0832,K24
2016-07-07 00:23:14,00075D1338,K24
2016-07-07 00:27:59,0006B34F91,K24
2016-07-07 00:30:36,00074F0832,K24
2016-07-07 00:35:08,0006B2A1D2,K24
2016-07-07 00:39:24,0006B34F91,K24
2016-07-07 00:40:40,0006B3775E,K24
2016-07-07 00:51:44,00075D8712,K24
2016-07-07 00:56:48,0006B3A093,K24
2016-07-07 00:56:50,0006B39900,K24
2016-07-07 01:00:36,00075D8712,K24
2016-07-07 01:05:38,0006B39900,K24
2016-07-07 01:14:12,00075D1338,K24
2016-07-07 01:27:26,00074F238E,K24
2016-07-07 01:27:53,00075D1338,K24
2016-07-07 01:31:04,0006B34FCA,K24
2016-07-07 01:33:11,00074F238E,K24
2016-07-07 01:34:38,0006B294D3,K24
2016-07-07 01:36:49,00074FA4F8,K24
2016-07-07 01:41:59,00065EBF3C,K24
2016-07-07 01:49:30,0006B294D3,K24
2016-07-07 01:54:50,0006B2A1D2,K24
2016-07-07 01:56:34,0006B39900,K24
2016-07-07 01:57:16,0006B3A093,K24
2016-07-07 02:02:16,00065EBF3C,K24
2016-07-07 02:02:35,0006B39900,K24
2016-07-07 02:04:04,00074F0832,K24
2016-07-07 02:09:27,0006B2A1D2,K24
2016-07-07 02:11:10,0006B3A093,K24
2016-07-07 02:12:30,0006B35440,K24
2016-07-07 02:12:54,00075D1338,K24
2016-07-07 02:20:20,0006B3775E,K24
2016-07-07 02:27:38,0006B3775E,K24
2016-07-07 02:29:58,00075D1338,K24
2016-07-07 02:33:51,00074F238E,K24
2016-07-07 02:36:52,00075D8712,K24
2016-07-07 02:39:10,00074F238E,K24
2016-07-07 02:42:12,00075D8712,K24
2016-07-07 02:47:11,0006B34F91,K24
2016-07-07 02:54:13,0006B34FCA,K24
2016-07-07 02:58:50,0006B34F91,K24
2016-07-07 03:00:52,0006B39900,K24
2016-07-07 03:01:30,0006B34FCA,K24
2016-07-07 03:04:03,00074F0832,K24
2016-07-07 03:10:50,0006B39900,K24
2016-07-07 03:12:30,00074F0832,K24
2016-07-07 03:17:29,0006B3775E,K24
2016-07-07 03:17:34,00074FA4F8,K24
2016-07-07 03:22:04,0006B3775E,K24
2016-07-07 03:23:50,00065EBF3C,K24
2016-07-07 03:24:31,0006B294D3,K24
2016-07-07 03:28:43,00075D1338,K24
2016-07-07 03:33:14,0006B294D3,K24
2016-07-07 03:36:10,00065EBF3C,K24
2016-07-07 03:37:04,00075D1338,K24
2016-07-07 04:22:15,00068E1A0D,K24
2016-07-07 04:30:40,0006B39900,K24
2016-07-07 04:34:04,0006B294D3,K24
2016-07-07 04:34:13,00074BE89B,K24
2016-07-07 04:37:07,0006B34F91,K24
2016-07-07 04:37:13,0006B34FCA,K24
2016-07-07 04:40:03,00075D8712,K24
2016-07-07 04:40:09,00074FA290,K24
2016-07-07 04:42:10,00074F0832,K24
2016-07-07 04:42:52,00075D1338,K24
2016-07-07 04:47:13,00074FA4F8,K24
2016-07-07 04:52:04,0006B3775E,K24
2016-07-07 04:54:29,00065EBF3C,K24
2016-07-07 05:01:40,00075D8712,K24
2016-07-07 05:02:47,00061D4D10,K24
2016-07-07 05:04:05,00074F238E,K24
2016-07-07 05:05:23,00074FA290,K24
2016-07-07 21:36:55,00065EBF3C,K24
2016-07-07 21:36:58,0006B39900,K24
2016-07-07 21:40:31,00074F238E,K24
2016-07-07 21:42:33,0006B3775E,K24
2016-07-07 21:43:03,0006B34FCA,K24
2016-07-07 21:44:00,0006B294D3,K24
2016-07-07 21:44:11,00074BE89B,K24
2016-07-07 21:44:59,0006B2A1D2,K24
2016-07-07 21:45:10,0006B34F91,K24
2016-07-07 21:46:01,0006B3A093,K24
2016-07-07 21:46:34,0006B35440,K24
2016-07-07 21:47:00,00074F0832,K24
2016-07-07 21:48:22,00061D4D10,K24
2016-07-07 21:48:36,00075D8712,K24
2016-07-07 21:48:51,00075D1338,K24
2016-07-07 21:52:11,00074FA4F8,K24
2016-07-07 21:52:16,00068E1A0D,K24
2016-07-07 21:52:26,00074FA290,K24
2016-07-07 21:57:56,00074F4107,K24
2016-07-07 23:15:14,0006B39900,K24
2016-07-07 23:17:58,0006B39900,K24
2016-07-07 23:19:57,00075D1338,K24
2016-07-07 23:19:59,0006B39900,K24
2016-07-07 23:22:07,0006B39900,K24
2016-07-07 23:24:16,0006B39900,K24
2016-07-07 23:27:32,0006B39900,K24
2016-07-07 23:28:23,00074F238E,K24
2016-07-07 23:30:32,00075D1338,K24
2016-07-07 23:33:39,00065EBF3C,K24
2016-07-07 23:33:48,00074F238E,K24
2016-07-07 23:34:29,0006B39900,K24
2016-07-07 23:41:33,00065EBF3C,K24
2016-07-07 23:42:07,00074F0832,K24
2016-07-07 23:42:31,0006B35440,K24
2016-07-07 23:46:39,0006B34FCA,K24
2016-07-07 23:47:51,00074F0832,K24
2016-07-07 23:49:38,0006B35440,K24
2016-07-07 23:55:47,0006B34F91,K24
2016-07-07 23:55:51,0006B3775E,K24
2016-07-07 23:56:10,00075D8712,K24
2016-07-07 23:57:50,00074FA4F8,K24
2016-07-07 23:58:31,0006B3775E,K24
2016-07-08 00:02:30,00075D8712,K24
2016-07-08 00:02:44,0006B3775E,K24
2016-07-08 00:08:15,00074FA4F8,K24
2016-07-08 00:21:08,0006B2A1D2,K24
2016-07-08 00:24:22,0006B3A093,K24
2016-07-08 00:24:35,0006B294D3,K24
2016-07-08 00:27:50,0006B3775E,K24
2016-07-08 00:30:15,0006B2A1D2,K24
2016-07-08 00:31:40,00074F238E,K24
2016-07-08 00:34:12,0006B3A093,K24
2016-07-08 00:37:11,00074F238E,K24
2016-07-08 00:38:52,0006B3775E,K24
2016-07-08 00:41:01,0006B3775E,K24
2016-07-08 00:41:18,0006B294D3,K24
2016-07-08 00:41:37,00074F238E,K24
2016-07-08 00:42:05,00074F0832,K24
2016-07-08 00:47:44,0006B39900,K24
2016-07-08 00:49:50,00074F0832,K24
2016-07-08 00:58:17,0006B39900,K24
2016-07-08 00:59:24,0006B35440,K24
2016-07-08 01:02:34,00075D1338,K24
2016-07-08 01:10:59,00065EBF3C,K24
2016-07-08 01:15:02,00075D1338,K24
2016-07-08 01:17:17,0006B3775E,K24
2016-07-08 01:19:19,0006B3775E,K24
2016-07-08 01:20:42,00065EBF3C,K24
2016-07-08 01:23:08,0006B3775E,K24
2016-07-08 01:32:41,0006B3775E,K24
2016-07-08 01:35:04,0006B3775E,K24
2016-07-08 01:38:39,0006B3A093,K24
2016-07-08 01:38:59,00074FA4F8,K24
2016-07-08 01:39:50,00074F238E,K24
2016-07-08 01:44:05,00075D8712,K24
2016-07-08 01:47:07,00074F238E,K24
2016-07-08 01:51:43,0006B34F91,K24
2016-07-08 01:53:51,00074F0832,K24
2016-07-08 01:54:25,00074FA4F8,K24
2016-07-08 01:54:57,00075D8712,K24
2016-07-08 01:56:42,0006B39900,K24
2016-07-08 01:56:45,0006B34FCA,K24
2016-07-08 01:57:25,00075D8712,K24
2016-07-08 02:00:19,0006B34F91,K24
2016-07-08 02:04:16,0006B294D3,K24
2016-07-08 02:04:27,0006B35440,K24
2016-07-08 02:04:36,00074F0832,K24
2016-07-08 02:04:43,0006B34FCA,K24
2016-07-08 02:06:16,0006B3775E,K24
2016-07-08 02:08:19,0006B39900,K24
2016-07-08 02:10:09,0006B2A1D2,K24
2016-07-08 02:10:56,00075D1338,K24
2016-07-08 02:15:33,0006B35440,K24
2016-07-08 02:15:54,0006B39900,K24
2016-07-08 02:20:21,0006B2A1D2,K24
2016-07-08 02:21:37,00075D1338,K24
2016-07-08 02:21:43,0006B39900,K24
2016-07-08 02:24:34,0006B294D3,K24
2016-07-08 02:41:57,0006B3775E,K24
2016-07-08 02:46:13,0006B3775E,K24
2016-07-08 02:47:38,00074F238E,K24
2016-07-08 02:49:33,0006B3A093,K24
2016-07-08 02:51:49,00065EBF3C,K24
2016-07-08 02:52:46,00074F238E,K24
2016-07-08 02:53:09,0006B34F91,K24
2016-07-08 02:57:49,0006B3A093,K24
2016-07-08 02:58:03,00074F0832,K24
2016-07-08 02:58:08,0006B3775E,K24
2016-07-08 02:58:11,0006B34FCA,K24
2016-07-08 03:00:13,00075D8712,K24
2016-07-08 03:05:02,00074FA4F8,K24
2016-07-08 03:10:16,00074F0832,K24
2016-07-08 03:10:25,0006B34FCA,K24
2016-07-08 03:10:41,00065EBF3C,K24
2016-07-08 03:16:07,00075D8712,K24
2016-07-08 03:20:03,0006B35440,K24
2016-07-08 03:20:15,00074FA4F8,K24
2016-07-08 03:27:33,0006B35440,K24
2016-07-08 03:29:13,00075D8712,K24
2016-07-08 03:30:30,00075D1338,K24
2016-07-08 03:39:08,00075D1338,K24
2016-07-08 04:16:41,0006B34F91,K24
2016-07-08 04:21:26,0006B39900,K24
2016-07-08 04:21:30,00074FA290,K24
2016-07-08 04:22:36,0006B294D3,K24
2016-07-08 04:26:13,00068E1A0D,K24
2016-07-08 04:29:30,0006B34FCA,K24
2016-07-08 04:29:43,00074BE89B,K24
2016-07-08 04:29:47,0006B3A093,K24
2016-07-08 04:37:10,00075D1338,K24
2016-07-08 04:40:43,00065EBF3C,K24
2016-07-08 04:43:42,00074F0832,K24
2016-07-08 04:48:57,0006B3775E,K24
2016-07-08 04:49:45,00074FA4F8,K24
2016-07-08 04:56:47,0006B35440,K24
2016-07-08 04:57:25,00061D4D10,K24
2016-07-08 05:02:39,00074F238E,K24
2016-07-08 21:09:55,00074F238E,K24
2016-07-08 21:15:03,00074F238E,K24
2016-07-08 21:17:53,00074F238E,K24
2016-07-08 21:18:19,00075D8712,K24
2016-07-08 21:22:36,00075D8712,K24
2016-07-08 21:24:09,00065EBF3C,K24
2016-07-08 21:24:24,00074F238E,K24
2016-07-08 21:25:16,0006B294D3,K24
2016-07-08 21:27:11,0006B34F91,K24
2016-07-08 21:27:46,00065EBF3C,K24
2016-07-08 21:27:54,00075D8712,K24
2016-07-08 21:29:38,0006B34FCA,K24
2016-07-08 21:30:10,0006B3775E,K24
2016-07-08 21:30:18,0006B39900,K24
2016-07-08 21:30:21,0006B34F91,K24
2016-07-08 21:30:26,0006B2A1D2,K24
2016-07-08 21:33:49,0006B34F91,K24
2016-07-08 21:33:53,0006B34FCA,K24
2016-07-08 21:33:59,0006B35440,K24
2016-07-08 21:34:07,00074BE89B,K24
2016-07-08 21:34:37,0006B2A1D2,K24
2016-07-08 21:34:45,00075D8712,K24
2016-07-08 21:36:19,00074FA4F8,K24
2016-07-08 21:38:35,00074F0832,K24
2016-07-08 21:40:31,0006B3A093,K24
2016-07-08 21:43:50,00061D4D10,K24
2016-07-08 21:45:33,00074F4107,K24
2016-07-08 21:46:04,00068E1A0D,K24
2016-07-08 21:46:37,00075D1338,K24
2016-07-08 21:46:54,00074FA290,K24
2016-07-08 22:47:43,0006B39900,K24
2016-07-08 22:52:05,0006B39900,K24
2016-07-08 23:04:04,0006B39900,K24
2016-07-08 23:13:57,0006B39900,K24
2016-07-08 23:17:22,0006B39900,K24
2016-07-08 23:19:35,0006B39900,K24
2016-07-08 23:22:59,0006B39900,K24
2016-07-08 23:29:59,0006B39900,K24
2016-07-08 23:39:44,0006B294D3,K24
2016-07-08 23:46:43,0006B294D3,K24
2016-07-08 23:49:17,00075D1338,K24
2016-07-08 23:55:13,00065EBF3C,K24
2016-07-08 23:56:57,00074F0832,K24
2016-07-09 00:01:27,00074F0832,K24
2016-07-09 00:05:40,00065EBF3C,K24
2016-07-09 00:06:39,00074FA4F8,K24
2016-07-09 00:07:32,0006B34F91,K24
2016-07-09 00:08:18,00074F0832,K24
2016-07-09 00:10:41,00074F0832,K24
2016-07-09 00:14:13,00074F0832,K24
2016-07-09 00:14:49,00074FA4F8,K24
2016-07-09 00:15:59,0006B34FCA,K24
2016-07-09 00:18:40,00074F0832,K24
2016-07-09 00:20:41,00074F0832,K24
2016-07-09 00:22:00,0006B34FCA,K24
2016-07-09 00:26:06,00074F238E,K24
2016-07-09 00:26:15,00075D1338,K24
2016-07-09 00:26:25,00075D8712,K24
2016-07-09 00:30:32,00075D1338,K24
2016-07-09 00:31:23,00074F238E,K24
2016-07-09 00:32:17,0006B35440,K24
2016-07-09 00:32:33,00075D8712,K24
2016-07-09 00:32:36,00075D1338,K24
2016-07-09 00:38:53,0006B3A093,K24
2016-07-09 00:39:19,00075D1338,K24
2016-07-09 00:39:47,0006B35440,K24
2016-07-09 00:42:52,00075D1338,K24
2016-07-09 00:43:55,00074F0832,K24
2016-07-09 00:44:36,0006B3775E,K24
2016-07-09 00:45:37,00075D1338,K24
2016-07-09 00:47:01,0006B39900,K24
2016-07-09 00:50:45,0006B3775E,K24
2016-07-09 00:51:06,00074F0832,K24
2016-07-09 01:00:03,0006B34F91,K24
2016-07-09 01:00:19,0006B39900,K24
2016-07-09 01:05:10,0006B34F91,K24
2016-07-09 01:10:03,0006B2A1D2,K24
2016-07-09 01:19:58,00074F238E,K24
2016-07-09 01:23:58,0006B2A1D2,K24
2016-07-09 01:27:12,00074F238E,K24
2016-07-09 01:32:24,00065EBF3C,K24
2016-07-09 01:36:32,0006B35440,K24
2016-07-09 01:38:17,0006B294D3,K24
2016-07-09 01:41:53,00065EBF3C,K24
2016-07-09 01:47:08,00074F0832,K24
2016-07-09 01:48:07,0006B35440,K24
2016-07-09 01:49:59,0006B294D3,K24
2016-07-09 01:50:01,00075D1338,K24
2016-07-09 01:50:53,0006B34F91,K24
2016-07-09 01:54:13,0006B34FCA,K24
2016-07-09 01:54:38,00074F0832,K24
2016-07-09 01:54:47,0006B34F91,K24
2016-07-09 01:55:39,00075D1338,K24
2016-07-09 01:59:11,0006B3A093,K24
2016-07-09 01:59:24,00075D8712,K24
2016-07-09 01:59:45,0006B39900,K24
2016-07-09 02:02:03,0006B34FCA,K24
2016-07-09 02:03:33,00074FA4F8,K24
2016-07-09 02:05:50,00075D8712,K24
2016-07-09 02:07:08,0006B3A093,K24
2016-07-09 02:07:31,0006B39900,K24
2016-07-09 02:15:59,00074FA4F8,K24
2016-07-09 02:29:26,00074F238E,K24
2016-07-09 02:32:04,00075D8712,K24
2016-07-09 02:33:21,00074F238E,K24
2016-07-09 02:35:01,00074FA4F8,K24
2016-07-09 02:37:45,00075D1338,K24
2016-07-09 02:40:24,0006B34F91,K24
2016-07-09 02:43:10,0006B34F91,K24
2016-07-09 02:43:26,00075D1338,K24
2016-07-09 02:43:33,00074F0832,K24
2016-07-09 02:44:05,00074FA4F8,K24
2016-07-09 02:44:17,00075D8712,K24
2016-07-09 02:45:36,0006B34F91,K24
2016-07-09 02:49:40,00074F0832,K24
2016-07-09 02:51:40,0006B3775E,K24
2016-07-09 02:52:16,0006B39900,K24
2016-07-09 02:56:57,0006B3775E,K24
2016-07-09 02:59:02,0006B294D3,K24
2016-07-09 02:59:08,0006B35440,K24
2016-07-09 03:02:27,0006B3A093,K24
2016-07-09 03:02:56,00065EBF3C,K24
2016-07-09 03:03:26,0006B39900,K24
2016-07-09 03:08:33,0006B35440,K24
2016-07-09 03:09:44,00065EBF3C,K24
2016-07-09 03:10:29,0006B294D3,K24
2016-07-09 03:21:57,0006B2A1D2,K24
2016-07-09 03:27:37,0006B34FCA,K24
2016-07-09 03:35:22,0006B3775E,K24
2016-07-09 03:36:05,00074F0832,K24
2016-07-09 03:38:32,00075D1338,K24
2016-07-09 03:40:58,0006B3775E,K24
2016-07-09 03:41:55,00074F0832,K24
2016-07-09 03:45:22,00075D1338,K24
2016-07-09 04:32:07,0006B39900,K24
2016-07-09 04:40:48,00065EBF3C,K24
2016-07-09 04:44:48,00074F238E,K24
2016-07-09 04:45:00,0006B294D3,K24
2016-07-09 04:45:19,00075D8712,K24
2016-07-09 04:45:44,0006B34F91,K24
2016-07-09 04:47:35,0006B34FCA,K24
2016-07-09 04:48:41,0006B3775E,K24
2016-07-09 04:49:36,00074F0832,K24
2016-07-09 04:54:26,00075D1338,K24
2016-07-09 05:00:02,00074FA4F8,K24
2016-07-09 05:00:28,0006B35440,K24
2016-07-09 21:35:26,00065EBF3C,K24
2016-07-09 21:35:33,00074F238E,K24
2016-07-09 21:35:49,00075D8712,K24
2016-07-09 21:37:14,0006B39900,K24
2016-07-09 21:37:24,00074FA4F8,K24
2016-07-09 21:37:46,0006B2A1D2,K24
2016-07-09 21:39:58,00075D1338,K24
2016-07-09 21:40:13,0006B294D3,K24
2016-07-09 21:40:51,0006B34FCA,K24
2016-07-09 21:41:54,00074F0832,K24
2016-07-09 21:42:04,0006B34F91,K24
2016-07-09 21:42:59,0006B3775E,K24
2016-07-09 21:46:45,0006B3A093,K24
2016-07-09 21:47:14,0006B35440,K24
2016-07-09 21:48:02,00061D4D10,K21
2016-07-09 21:48:13,00074BE89B,K21
2016-07-09 22:29:00,00074FA4F8,K21
2016-07-09 22:32:52,00074FA4F8,K21
2016-07-09 22:35:12,00074FA4F8,K21
2016-07-09 22:40:44,00074FA4F8,K21
2016-07-09 22:44:03,00074FA4F8,K24
2016-07-09 22:49:02,00074FA4F8,K24
2016-07-09 22:49:47,0006B39900,K24
2016-07-09 22:52:10,0006B39900,K24
2016-07-09 22:54:14,0006B39900,K24
2016-07-09 23:04:06,0006B39900,K24
2016-07-09 23:17:56,0006B3A093,K24
2016-07-09 23:31:37,00074FA4F8,K21
2016-07-09 23:35:35,00074FA4F8,K24
2016-07-09 23:36:01,0006B39900,K24
2016-07-09 23:36:40,0006B294D3,K24
2016-07-09 23:40:40,0006B39900,K24
2016-07-09 23:42:21,00074FA4F8,K24
2016-07-09 23:44:05,00075D1338,K24
2016-07-09 23:44:19,00074F0832,K24
2016-07-09 23:47:17,0006B294D3,K24
2016-07-09 23:47:23,00074FA4F8,K24
2016-07-09 23:51:05,00075D1338,K24
2016-07-09 23:52:51,00074FA4F8,K24
2016-07-09 23:55:15,00074F238E,K24
2016-07-09 23:55:45,00074FA4F8,K24
2016-07-09 23:57:16,0006B35440,K24
2016-07-09 23:59:46,00074FA4F8,K24
2016-07-10 00:02:01,0006B35440,K24
2016-07-10 00:02:29,00074FA4F8,K24
2016-07-10 00:03:16,00075D8712,K24
2016-07-10 00:05:39,00074FA4F8,K24
2016-07-10 00:05:56,0006B2A1D2,K24
2016-07-10 00:08:11,00074FA4F8,K24
2016-07-10 00:08:22,0006B3A093,K24
2016-07-10 00:14:34,0006B2A1D2,K24
2016-07-10 00:15:39,0006B3775E,K24
2016-07-10 00:15:57,00074FA4F8,K24
2016-07-10 00:18:08,00074F238E,K24
2016-07-10 00:19:22,0006B3775E,K24
2016-07-10 00:20:51,0006B2A1D2,K21
2016-07-10 00:25:25,00074F0832,K24
2016-07-10 00:25:44,0006B34F91,K24
2016-07-10 00:31:10,00074F0832,K24
2016-07-10 00:33:07,00075D8712,K24
2016-07-10 00:33:37,0006B34F91,K24
2016-07-10 00:36:06,00075D8712,K24
2016-07-10 00:39:01,0006B34F91,K24
2016-07-10 00:42:15,00075D1338,K24
2016-07-10 00:42:23,00075D8712,K24
2016-07-10 00:43:58,00065EBF3C,K24
2016-07-10 00:45:48,00075D8712,K24
2016-07-10 00:46:17,0006B34FCA,K24
2016-07-10 00:48:21,00075D8712,K24
2016-07-10 00:50:03,0006B34FCA,K24
2016-07-10 00:50:12,00065EBF3C,K24
2016-07-10 00:50:56,00075D8712,K24
2016-07-10 00:52:50,0006B34FCA,K24
2016-07-10 00:54:59,0006B34FCA,K24
2016-07-10 00:55:58,00075D1338,K24
2016-07-10 00:57:44,00075D8712,K24
2016-07-10 00:58:15,0006B34FCA,K24
2016-07-10 01:00:47,0006B35440,K24
2016-07-10 01:04:19,0006B35440,K24
2016-07-10 01:04:40,0006B34FCA,K24
2016-07-10 01:07:51,0006B3A093,K24
2016-07-10 01:11:35,00074F238E,K24
2016-07-10 01:12:51,0006B3A093,K24
2016-07-10 01:14:51,0006B39900,K24
2016-07-10 01:17:11,00074F238E,K24
2016-07-10 01:23:51,0006B39900,K24
2016-07-10 01:33:07,0006B35440,K24
2016-07-10 01:33:57,0006B3775E,K24
2016-07-10 01:35:13,0006B35440,K24
2016-07-10 01:35:30,00075D8712,K24
2016-07-10 01:35:43,0006B2A1D2,K21
2016-07-10 01:35:51,00074F0832,K24
2016-07-10 01:39:05,0006B3775E,K24
2016-07-10 01:39:39,0006B294D3,K24
2016-07-10 01:40:13,00074FA4F8,K24
2016-07-10 01:41:16,00075D8712,K24
2016-07-10 01:41:52,00074F0832,K24
2016-07-10 01:43:23,0006B2A1D2,K24
2016-07-10 01:48:13,00074FA4F8,K24
2016-07-10 01:50:46,0006B294D3,K24
2016-07-10 01:55:35,0006B3A093,K24
2016-07-10 01:58:32,00065EBF3C,K24
2016-07-10 02:06:39,00075D1338,K24
2016-07-10 02:08:39,00065EBF3C,K24
2016-07-10 02:10:59,00074F238E,K24
2016-07-10 02:15:06,00075D1338,K24
2016-07-10 02:15:32,0006B34F91,K24
2016-07-10 02:15:47,00074F238E,K24
2016-07-10 02:23:22,0006B34F91,K24
2016-07-10 02:26:36,0006B39900,K24
2016-07-10 02:26:38,0006B35440,K24
2016-07-10 02:26:40,00074FA290,K24
2016-07-10 02:26:44,0006B294D3,K24
2016-07-10 02:29:20,00075D8712,K24
2016-07-10 02:31:58,00074FA290,K24
2016-07-10 02:33:30,00065EBF3C,K24
2016-07-10 02:36:27,0006B39900,K24
2016-07-10 02:37:15,0006B294D3,K24
2016-07-10 02:38:16,0006B34FCA,K24
2016-07-10 02:40:53,0006B35440,K24
2016-07-10 02:41:57,00075D8712,K24
2016-07-10 02:45:27,00074FA4F8,K24
2016-07-10 02:50:21,00074F0832,K24
2016-07-10 02:53:44,00065EBF3C,K24
2016-07-10 02:55:45,0006B3775E,K24
2016-07-10 02:56:42,0006B3A093,K24
2016-07-10 02:57:01,00074F0832,K24
2016-07-10 02:58:10,00074FA4F8,K24
2016-07-10 02:58:42,0006B3775E,K24
2016-07-10 03:09:01,00075D1338,K24
2016-07-10 03:13:43,00075D1338,K24
2016-07-10 03:14:31,0006B2A1D2,K24
2016-07-10 03:16:53,0006B34F91,K24
2016-07-10 03:22:58,0006B34F91,K24
2016-07-10 03:36:09,00074F0832,K24
2016-07-10 03:44:43,00074F0832,K24
2016-07-10 03:46:01,0006B35440,K24
2016-07-10 03:56:12,0006B35440,K24
2016-07-10 04:18:47,0006B34F91,K24
2016-07-10 04:27:09,0006B39900,K24
2016-07-10 04:33:55,00065EBF3C,K24
2016-07-10 04:34:21,0006B294D3,K24
2016-07-10 04:34:41,0006B34FCA,K24
2016-07-10 04:44:57,00074F238E,K24
2016-07-10 04:45:27,00074FA4F8,K24
2016-07-10 04:46:19,00075D1338,K24
2016-07-10 04:46:33,00074FA290,K24
2016-07-10 04:48:29,00068E1A0D,K24
2016-07-10 04:49:23,00074BE89B,K24
2016-07-10 04:50:56,00074F0832,K24
2016-07-10 04:51:30,00068E1A0D,K24
2016-07-10 04:51:43,00075D8712,K24
2016-07-10 04:57:02,0006B3775E,K24
2016-07-10 04:57:22,00068E1A0D,K24
2016-07-10 04:57:29,00061D4D10,K24
2016-07-10 04:59:04,0006B2A1D2,K24
2016-07-10 05:00:57,00074F4107,K21
2016-07-10 05:02:52,0006B35440,K24
2016-07-10 05:03:01,00074F4107,K21
2016-07-10 05:03:36,0006B2A1D2,K21
2016-07-10 05:09:29,0006B2A1D2,K24
2016-07-10 14:39:36,0006B294D3,K24
2016-07-10 18:07:05,0006B294D3,K24
2016-07-10 18:09:07,0006B294D3,K24
2016-07-10 18:11:09,0006B294D3,K24
2016-07-10 18:31:16,0006B294D3,K24
2016-07-10 18:54:36,0006B294D3,K24
2016-07-10 18:56:50,0006B294D3,K24
2016-07-10 18:58:51,0006B294D3,K24
2016-07-10 19:00:52,0006B294D3,K24
2016-07-10 19:04:10,0006B294D3,K24
2016-07-10 19:06:11,0006B294D3,K24
2016-07-10 19:08:12,0006B294D3,K24
2016-07-10 19:10:13,0006B294D3,K24
2016-07-10 19:12:14,0006B294D3,K24
2016-07-10 20:19:14,0006B3775E,K24
2016-07-10 20:21:16,0006B3775E,K24
2016-07-10 20:23:19,0006B3775E,K24
2016-07-10 20:37:03,00074BE89B,K24
2016-07-10 21:24:00,0006B3A093,K24
2016-07-10 21:26:16,0006B34F91,K24
2016-07-10 21:28:26,0006B3A093,K24
2016-07-10 21:30:05,0006B34F91,K24
2016-07-10 21:30:35,0006B3A093,K24
2016-07-10 21:30:52,00075D8712,K24
2016-07-10 21:31:41,00074F238E,K24
2016-07-10 21:31:57,00065EBF3C,K24
2016-07-10 21:32:29,0006B34F91,K24
2016-07-10 21:33:41,0006B3775E,K24
2016-07-10 21:34:55,0006B3A093,K24
2016-07-10 21:36:21,00074F0832,K24
2016-07-10 21:36:25,0006B35440,K24
2016-07-10 21:36:33,0006B39900,K24
2016-07-10 21:37:26,0006B294D3,K24
2016-07-10 21:38:01,0006B2A1D2,K24
2016-07-10 21:39:34,00074FA290,K24
2016-07-10 21:40:14,0006B34FCA,K24
2016-07-10 21:40:33,00074BE89B,K24
2016-07-10 21:42:37,00068E1A0D,K24
2016-07-10 21:44:39,00074F4107,K24
2016-07-10 21:44:50,00075D1338,K24
2016-07-10 22:51:36,00074FA4F8,K24
2016-07-10 22:54:15,00074FA4F8,K24
2016-07-11 00:51:12,0006B3A093,K24
2016-07-11 00:51:22,0006B34FCA,K24
2016-07-11 00:51:25,00075D8712,K24
2016-07-11 00:51:48,00074F238E,K24
2016-07-11 00:51:51,0006B2A1D2,K24
2016-07-11 00:54:12,00065EBF3C,K24
2016-07-11 00:58:00,00065EBF3C,K24
2016-07-11 00:59:02,00075D8712,K24
2016-07-11 21:30:55,00074F238E,K9
2016-07-11 21:31:14,0006B34F91,K9
2016-07-11 21:31:18,0006B3775E,K9
2016-07-11 21:33:33,0006B39900,K9
2016-07-11 21:35:00,00065EBF3C,K9
2016-07-11 21:35:06,0006B2A1D2,K9
2016-07-11 21:36:32,0006B294D3,K9
2016-07-11 21:36:38,0006B34FCA,K9
2016-07-11 21:36:44,00074F0832,K9
2016-07-11 21:36:51,00074FA4F8,K9
2016-07-11 21:40:40,00075D8712,K9
2016-07-11 21:46:19,00074F4107,K9
2016-07-11 21:48:06,00074FA290,K9
2016-07-11 21:48:22,0006B3A093,K9
2016-07-11 21:50:28,0006B35440,K9
2016-07-11 21:50:39,00075D1338,K9
2016-07-11 21:50:44,00074BE89B,K9
2016-07-11 21:51:32,00061D4D10,K9
2016-07-11 23:27:40,0006B39900,K9
2016-07-11 23:29:26,0006B3A093,K9
2016-07-11 23:44:17,0006B39900,K9
2016-07-11 23:50:44,0006B39900,K9
2016-07-11 23:54:14,0006B39900,K9
2016-07-11 23:55:15,00074F0832,K9
2016-07-11 23:57:49,0006B34FCA,K9
2016-07-12 00:01:10,00074F238E,K9
2016-07-12 00:01:15,00074FA4F8,K9
2016-07-12 00:03:53,0006B34FCA,K9
2016-07-12 00:05:12,00074F0832,K9
2016-07-12 00:07:39,00075D1338,K9
2016-07-12 00:08:40,00074FA4F8,K9
2016-07-12 00:15:04,0006B35440,K9
2016-07-12 00:16:09,00075D1338,K9
2016-07-12 00:21:33,0006B3775E,K9
2016-07-12 00:24:24,0006B34F91,K9
2016-07-12 00:26:42,0006B3775E,K9
2016-07-12 00:30:49,0006B34F91,K9
2016-07-12 00:40:08,0006B294D3,K9
2016-07-12 00:44:43,00065EBF3C,K9
2016-07-12 00:47:19,00075D8712,K9
2016-07-12 00:48:30,0006B3A093,K9
2016-07-12 00:49:10,0006B2A1D2,K9
2016-07-12 00:51:40,0006B2A1D2,K9
2016-07-12 00:52:41,00075D8712,K9
2016-07-12 01:00:18,00065EBF3C,K9
2016-07-12 01:07:20,0006B39900,K9
2016-07-12 01:10:25,00065EBF3C,K9
2016-07-12 01:19:24,00074F0832,K9
2016-07-12 01:27:19,0006B39900,K9
2016-07-12 01:30:01,0006B2A1D2,K9
2016-07-12 01:33:46,00074FA4F8,K9
2016-07-12 01:38:05,0006B34FCA,K9
2016-07-12 01:43:03,0006B34F91,K9
2016-07-12 01:43:19,0006B35440,K9
2016-07-12 01:43:57,00074FA4F8,K9
2016-07-12 01:45:36,00074F238E,K9
2016-07-12 01:45:40,00075D1338,K9
2016-07-12 01:46:39,0006B35440,K9
2016-07-12 01:48:10,0006B3775E,K9
2016-07-12 01:52:42,0006B39900,K9
2016-07-12 01:53:13,00074F238E,K9
2016-07-12 01:57:53,0006B294D3,K9
2016-07-12 01:58:12,0006B35440,K9
2016-07-12 01:58:40,00075D1338,K9
2016-07-12 02:00:10,0006B3775E,K9
2016-07-12 02:00:49,0006B39900,K9
2016-07-12 02:03:07,0006B39900,K9
2016-07-12 02:11:30,00074F0832,K9
2016-07-12 02:20:35,00075D8712,K9
2016-07-12 02:39:22,0006B3A093,K9
2016-07-12 02:46:02,00075D8712,K9
2016-07-12 02:51:36,00075D8712,K9
2016-07-12 02:52:35,0006B34F91,K9
2016-07-12 02:53:10,0006B294D3,K9
2016-07-12 02:53:45,0006B34FCA,K9
2016-07-12 02:55:51,0006B34F91,K9
2016-07-12 03:04:38,00074FA4F8,K9
2016-07-12 03:05:15,00074F238E,K9
2016-07-12 03:10:50,00075D1338,K9
2016-07-12 03:13:44,0006B2A1D2,K9
2016-07-12 03:17:17,0006B2A1D2,K9
2016-07-12 03:21:43,0006B2A1D2,K9
2016-07-12 03:23:12,00075D1338,K9
2016-07-12 03:23:18,0006B34F91,K9
2016-07-12 03:25:44,00065EBF3C,K9
2016-07-12 03:31:00,0006B35440,K9
2016-07-12 03:35:51,00074F0832,K9
2016-07-12 03:41:36,00074F0832,K9
2016-07-12 03:46:57,0006B3A093,K9
2016-07-12 03:52:45,0006B3775E,K9
2016-07-12 03:58:47,0006B3775E,K9
2016-07-12 04:37:23,0006B39900,K9
2016-07-12 04:48:15,00074BE89B,K9
2016-07-12 04:50:07,00075D1338,K9
2016-07-12 04:54:55,00074FA4F8,K9
2016-07-12 04:59:15,0006B34FCA,K9
2016-07-12 04:59:45,00068E1A0D,K9
2016-07-12 05:01:55,00074F4107,K9
2016-07-12 05:02:12,00074FA290,K9
2016-07-12 05:06:08,00074F0832,K9
2016-07-12 05:13:18,0006B3775E,K9
2016-07-12 05:13:54,0006B34F91,K9
2016-07-12 21:40:36,0006B294D3,K9
2016-07-12 21:41:19,00074F238E,K9
2016-07-12 21:43:21,00065EBF3C,K9
2016-07-12 21:43:36,0006B34F91,K9
2016-07-12 21:44:22,0006B3775E,K9
2016-07-12 21:45:14,0006B34FCA,K9
2016-07-12 21:45:17,00074FA290,K9
2016-07-12 21:45:20,0006B39900,K9
2016-07-12 21:45:25,00074F4107,K9
2016-07-12 21:45:32,00075D8712,K9
2016-07-12 21:48:59,00075D1338,K9
2016-07-12 21:50:26,00074F0832,K9
2016-07-12 21:50:36,0006B35440,K9
2016-07-12 21:50:52,0006B2A1D2,K9
2016-07-12 21:51:47,00074BE89B,K9
2016-07-12 21:51:48,00074FA4F8,K9
2016-07-12 21:53:29,0006B3A093,K9
2016-07-12 22:00:16,00068E1A0D,K9
2016-07-12 22:12:17,00061D4D10,K9
2016-07-12 23:40:42,0006B35440,K9
2016-07-12 23:45:14,0006B3775E,K9
2016-07-12 23:49:29,0006B34FCA,K9
2016-07-12 23:50:44,00074F0832,K9
2016-07-12 23:52:41,0006B34FCA,K9
2016-07-12 23:58:35,0006B294D3,K9
2016-07-13 00:01:04,0006B3775E,K9
2016-07-13 00:04:14,00075D1338,K9
2016-07-13 00:05:56,0006B3775E,K9
2016-07-13 00:07:20,00074F0832,K9
2016-07-13 00:08:23,00074F238E,K9
2016-07-13 00:08:58,00075D1338,K9
2016-07-13 00:11:55,00075D1338,K9
2016-07-13 00:14:21,00075D1338,K9
2016-07-13 00:16:36,00074F238E,K9
2016-07-13 00:16:59,00075D8712,K9
2016-07-13 00:20:51,00075D1338,K9
2016-07-13 00:24:05,00075D1338,K9
2016-07-13 00:26:17,00075D8712,K9
2016-07-13 00:40:47,0006B2A1D2,K9
2016-07-13 00:47:50,00074FA4F8,K9
2016-07-13 00:53:14,0006B35440,K9
2016-07-13 00:53:49,0006B3A093,K9
2016-07-13 00:56:13,00074FA4F8,K9
2016-07-13 00:59:00,0006B3A093,K9
2016-07-13 01:02:29,0006B35440,K9
2016-07-13 01:16:58,0006B35440,K9
2016-07-13 01:27:37,00065EBF3C,K9
2016-07-13 01:39:31,0006B34FCA,K9
2016-07-13 01:40:23,0006B39900,K9
2016-07-13 01:42:56,0006B34FCA,K9
2016-07-13 01:44:13,00075D1338,K9
2016-07-13 01:44:57,0006B34FCA,K9
2016-07-13 01:49:36,00074F0832,K9
2016-07-13 01:50:08,0006B34FCA,K9
2016-07-13 01:53:13,00075D1338,K9
2016-07-13 01:59:04,0006B34F91,K9
2016-07-13 02:01:48,0006B34F91,K9
2016-07-13 02:05:32,0006B3775E,K9
2016-07-13 02:09:09,0006B3775E,K9
2016-07-13 02:11:17,0006B34F91,K9
2016-07-13 02:13:09,0006B3775E,K9
2016-07-13 02:15:45,0006B3775E,K9
2016-07-13 02:17:00,0006B3A093,K9
2016-07-13 02:18:08,00074F238E,K9
2016-07-13 02:18:35,0006B3775E,K9
2016-07-13 02:24:44,0006B39900,K9
2016-07-13 02:26:28,0006B3A093,K9
2016-07-13 02:27:06,0006B35440,K9
2016-07-13 02:29:00,0006B39900,K9
2016-07-13 02:33:29,0006B294D3,K9
2016-07-13 02:33:59,00075D8712,K9
2016-07-13 02:35:08,0006B39900,K9
2016-07-13 02:35:54,0006B35440,K9
2016-07-13 02:40:00,0006B34F91,K9
2016-07-13 02:43:00,0006B39900,K9
2016-07-13 02:45:11,00075D1338,K9
2016-07-13 02:45:38,0006B34F91,K9
2016-07-13 02:52:31,00065EBF3C,K9
2016-07-13 02:53:32,0006B2A1D2,K9
2016-07-13 02:57:35,00075D1338,K9
2016-07-13 02:57:40,0006B3A093,K9
2016-07-13 03:01:23,0006B294D3,K9
2016-07-13 03:02:36,00074FA4F8,K9
2016-07-13 03:04:36,00065EBF3C,K9
2016-07-13 03:06:19,00074F0832,K9
2016-07-13 03:11:56,00074F0832,K9
2016-07-13 03:13:16,0006B3775E,K9
2016-07-13 03:14:18,00074FA4F8,K9
2016-07-13 03:25:56,0006B3775E,K9
2016-07-13 03:29:43,0006B35440,K9
2016-07-13 03:35:38,00074F238E,K9
2016-07-13 03:38:45,0006B34FCA,K9
2016-07-13 03:40:43,00074F238E,K9
2016-07-13 03:44:14,0006B35440,K9
2016-07-13 03:45:53,0006B34FCA,K9
2016-07-13 03:54:44,0006B34FCA,K9
2016-07-13 04:24:25,0006B39900,K9
2016-07-13 04:35:15,0006B2A1D2,K9
2016-07-13 04:36:49,0006B294D3,K9
2016-07-13 04:36:56,00074FA4F8,K9
2016-07-13 04:41:39,00075D1338,K9
2016-07-13 04:41:50,00074F238E,K9
2016-07-13 04:55:54,0006B34FCA,K9
2016-07-13 05:06:21,00074F0832,K9
2016-07-13 05:07:39,0006B3775E,K9
2016-07-13 05:11:56,0006B34F91,K9
2016-07-13 21:19:40,00065EBF3C,K9
2016-07-13 21:28:38,00065EBF3C,K9
2016-07-13 21:29:54,00074F238E,K9
2016-07-13 21:33:19,0006B34F91,K9
2016-07-13 21:36:23,0006B2A1D2,K9
2016-07-13 21:42:18,0006B3A093,K9
2016-07-13 21:42:29,00075D1338,K9
2016-07-13 21:42:35,0006B3775E,K9
2016-07-13 21:44:01,00074FA4F8,K9
2016-07-13 21:44:24,0006B39900,K9
2016-07-13 21:44:28,00074F0832,K9
2016-07-13 21:45:55,0006B35440,K9
2016-07-13 21:46:36,00074FA290,K21
2016-07-13 21:47:17,0006B34FCA,K9
2016-07-13 21:48:33,0006B294D3,K9
2016-07-13 21:48:42,00075D8712,K9
2016-07-13 21:50:01,00074F4107,K21
2016-07-13 21:54:22,00074BE89B,K21
2016-07-13 21:55:04,00068E1A0D,K21
2016-07-13 21:56:27,00061D4D10,K21
2016-07-13 23:41:30,00075D1338,K9
2016-07-13 23:44:15,0006B34FCA,K9
2016-07-13 23:47:23,00074F0832,K9
2016-07-13 23:47:39,00075D1338,K9
2016-07-13 23:51:45,0006B34FCA,K9
2016-07-13 23:54:25,00075D1338,K9
2016-07-14 00:04:25,0006B294D3,K9
2016-07-14 00:07:11,0006B35440,K9
2016-07-14 00:10:31,00074F238E,K9
2016-07-14 00:21:20,0006B35440,K9
2016-07-14 00:33:02,0006B34F91,K9
2016-07-14 00:33:37,00074FA4F8,K9
2016-07-14 00:39:55,00074F0832,K9
2016-07-14 00:44:24,00074FA4F8,K9
2016-07-14 00:49:12,00074F0832,K9
2016-07-14 00:52:18,00075D8712,K9
2016-07-14 00:53:50,0006B3775E,K9
2016-07-14 00:54:45,0006B3A093,K9
2016-07-14 00:58:07,0006B39900,K9
2016-07-14 01:00:39,0006B3775E,K9
2016-07-14 01:02:12,00075D1338,K9
2016-07-14 01:02:27,0006B294D3,K9
2016-07-14 01:03:43,00075D8712,K9
2016-07-14 01:05:00,0006B2A1D2,K9
2016-07-14 01:05:38,0006B39900,K9
2016-07-14 01:07:02,0006B34F91,K9
2016-07-14 01:09:50,00075D1338,K9
2016-07-14 01:20:22,00065EBF3C,K9
2016-07-14 01:22:28,0006B34F91,K9
2016-07-14 01:25:19,00074F238E,K9
2016-07-14 01:27:45,0006B294D3,K9
2016-07-14 01:55:38,0006B294D3,K9
2016-07-14 02:00:11,00075D1338,K9
2016-07-14 02:01:37,00074F238E,K9
2016-07-14 02:06:44,00074F0832,K9
2016-07-14 02:08:18,0006B35440,K9
2016-07-14 02:09:22,00074BE89B,K9
2016-07-14 02:11:20,00075D1338,K9
2016-07-14 02:11:30,0006B2A1D2,K21
2016-07-14 02:14:58,0006B3A093,K9
2016-07-14 02:18:05,00074BE89B,K9
2016-07-14 02:22:09,0006B3775E,K9
2016-07-14 02:26:10,0006B34FCA,K9
2016-07-14 02:28:00,0006B3775E,K9
2016-07-14 02:31:06,0006B34FCA,K9
2016-07-14 02:31:09,00074FA4F8,K9
2016-07-14 02:39:35,0006B294D3,K9
2016-07-14 02:40:12,0006B35440,K9
2016-07-14 02:44:28,00075D8712,K9
2016-07-14 02:46:04,00074FA4F8,K9
2016-07-14 02:46:40,0006B3775E,K9
2016-07-14 02:48:55,0006B3775E,K9
2016-07-14 02:53:02,0006B39900,K9
2016-07-14 02:53:26,00074FA290,K9
2016-07-14 02:55:03,0006B294D3,K9
2016-07-14 02:55:53,0006B39900,K9
2016-07-14 02:56:50,0006B3A093,K9
2016-07-14 03:03:15,0006B3A093,K9
2016-07-14 03:03:54,00075D8712,K9
2016-07-14 03:04:08,0006B39900,K9
2016-07-14 03:10:50,0006B39900,K9
2016-07-14 03:13:41,0006B294D3,K9
2016-07-14 03:15:13,0006B34F91,K9
2016-07-14 03:15:48,00075D1338,K9
2016-07-14 03:19:12,00065EBF3C,K9
2016-07-14 03:24:15,0006B34F91,K9
2016-07-14 03:31:44,00075D1338,K9
2016-07-14 03:33:38,00074F238E,K9
2016-07-14 03:40:33,0006B3775E,K9
2016-07-14 03:45:07,0006B3775E,K9
2016-07-14 03:47:49,0006B34FCA,K9
2016-07-14 03:56:21,0006B34FCA,K9
2016-07-14 04:02:34,00074F0832,K9
2016-07-14 04:08:04,00074F0832,K9
2016-07-14 04:31:03,0006B39900,K9
2016-07-14 04:34:54,0006B294D3,K9
2016-07-14 04:40:09,00068E1A0D,K9
2016-07-14 04:41:10,00074FA4F8,K9
2016-07-14 04:42:17,00061D4D10,K21
2016-07-14 04:48:52,0006B2A1D2,K9
2016-07-14 04:52:36,00074BE89B,K21
2016-07-14 04:53:35,00075D1338,K9
2016-07-14 04:55:49,0006B34F91,K9
2016-07-14 04:57:32,00074BE89B,K21
2016-07-14 04:59:33,00074BE89B,K9
2016-07-14 04:59:48,00074F4107,K21
2016-07-14 05:01:19,0006B34FCA,K9
2016-07-14 05:09:21,0006B3775E,K9
2016-07-14 05:09:56,00074F4107,K9
2016-07-14 05:10:18,00061D4D10,K21
2016-07-14 05:10:29,00074F0832,K9
2016-07-14 05:14:26,00074F4107,K9
2016-07-14 05:18:00,0006B35440,K9
2016-07-14 21:41:17,0006B3775E,K9
2016-07-14 21:42:21,00074F0832,K9
2016-07-14 21:43:03,0006B3A093,K9
2016-07-14 21:43:12,00075D8712,K9
2016-07-14 21:43:39,00065EBF3C,K9
2016-07-14 21:43:46,0006B39900,K9
2016-07-14 21:44:42,00061D4D10,K9
2016-07-14 21:44:46,00074FA290,K9
2016-07-14 21:45:46,00074F238E,K9
2016-07-14 21:46:00,00074FA4F8,K9
2016-07-14 21:47:19,0006B294D3,K9
2016-07-14 21:49:02,00074F4107,K9
2016-07-14 21:49:40,0006B2A1D2,K9
2016-07-14 21:49:45,00074BE89B,K9
2016-07-14 21:49:52,00075D1338,K9
2016-07-14 21:51:08,00068E1A0D,K9
2016-07-14 21:51:31,0006B34FCA,K9
2016-07-14 21:51:57,0006B35440,K9
2016-07-14 23:49:05,00075D1338,K9
2016-07-14 23:59:49,0006B39900,K9
2016-07-15 00:02:25,00075D1338,K9
2016-07-15 00:03:06,0006B39900,K9
2016-07-15 00:04:19,0006B34FCA,K9
2016-07-15 00:08:37,00074F238E,K9
2016-07-15 00:09:26,0006B34FCA,K9
2016-07-15 00:13:23,00074F238E,K9
2016-07-15 00:25:10,0006B3A093,K9
2016-07-15 00:26:05,0006B294D3,K9
2016-07-15 00:31:36,0006B35440,K9
2016-07-15 00:35:37,0006B3A093,K9
2016-07-15 00:39:39,0006B294D3,K9
2016-07-15 00:44:17,00074FA4F8,K9
2016-07-15 01:07:50,00075D8712,K9
2016-07-15 01:10:18,0006B34F91,K9
2016-07-15 01:14:47,0006B3775E,K9
2016-07-15 01:14:57,0006B2A1D2,K9
2016-07-15 01:18:10,0006B34F91,K9
2016-07-15 01:20:12,00065EBF3C,K9
2016-07-15 01:24:34,0006B3775E,K9
2016-07-15 01:27:35,0006B2A1D2,K9
2016-07-15 01:28:41,00075D8712,K9
2016-07-15 01:29:33,0006B39900,K9
2016-07-15 01:34:42,00075D1338,K9
2016-07-15 01:36:16,0006B39900,K9
2016-07-15 01:38:50,0006B34FCA,K9
2016-07-15 01:42:40,00075D1338,K9
2016-07-15 01:42:57,0006B34FCA,K9
2016-07-15 01:45:07,0006B3A093,K9
2016-07-15 01:45:14,00075D1338,K9
2016-07-15 01:49:54,00075D1338,K9
2016-07-15 01:50:37,0006B3A093,K9
2016-07-15 01:53:09,00075D1338,K9
2016-07-15 01:59:10,00075D1338,K9
2016-07-15 02:07:11,0006B35440,K9
2016-07-15 02:10:19,00074F238E,K9
2016-07-15 02:21:31,00074F238E,K9
2016-07-15 02:25:52,0006B35440,K9
2016-07-15 02:42:50,0006B294D3,K9
2016-07-15 02:46:31,00075D1338,K9
2016-07-15 02:56:18,0006B3A093,K9
2016-07-15 02:57:51,0006B294D3,K9
2016-07-15 02:58:34,0006B39900,K9
2016-07-15 02:58:45,00074FA4F8,K9
2016-07-15 03:01:08,0006B34FCA,K9
2016-07-15 03:09:01,00075D1338,K9
2016-07-15 03:09:23,00074FA4F8,K9
2016-07-15 03:10:43,0006B39900,K9
2016-07-15 03:13:47,00075D1338,K9
2016-07-15 03:18:17,00075D1338,K9
2016-07-15 03:25:24,00065EBF3C,K9
2016-07-15 03:25:56,00074F0832,K9
2016-07-15 03:26:21,00075D1338,K9
2016-07-15 03:27:00,0006B34F91,K9
2016-07-15 03:31:41,00075D8712,K9
2016-07-15 03:32:20,00075D1338,K9
2016-07-15 03:35:27,00074F0832,K9
2016-07-15 03:36:30,0006B34F91,K9
2016-07-15 03:43:24,00075D1338,K9
2016-07-15 03:43:47,0006B35440,K9
2016-07-15 03:46:35,00075D1338,K9
2016-07-15 03:46:43,00075D8712,K9
2016-07-15 03:48:36,0006B3775E,K9
2016-07-15 03:56:39,0006B3775E,K9
2016-07-15 03:57:21,0006B35440,K9
2016-07-15 04:10:32,00075D1338,K9
2016-07-15 04:15:57,00075D1338,K9
2016-07-15 04:30:29,0006B39900,K9
2016-07-15 04:30:58,00074F238E,K9
2016-07-15 04:33:22,0006B294D3,K9
2016-07-15 04:33:27,00074F0832,K9
2016-07-15 04:33:43,00074FA290,K9
2016-07-15 04:33:53,00068E1A0D,K9
2016-07-15 04:40:24,00074FA4F8,K9
2016-07-15 04:40:49,00074BE89B,K9
2016-07-15 04:41:36,0006B35440,K9
2016-07-15 04:41:47,0006B34F91,K9
2016-07-15 04:43:13,00075D8712,K9
2016-07-15 04:47:12,0006B3775E,K9
2016-07-15 04:49:16,00075D1338,K9
2016-07-15 05:00:06,00074F4107,K9
2016-07-15 05:11:29,00061D4D10,K9
2016-07-15 21:39:30,0006B34F91,K9
2016-07-15 21:42:02,0006B3775E,K9
2016-07-15 21:42:28,00065EBF3C,K9
2016-07-15 21:44:20,00074F0832,K9
2016-07-15 21:45:07,0006B39900,K9
2016-07-15 21:45:24,0006B3A093,K9
2016-07-15 21:45:55,00075D8712,K9
2016-07-15 21:48:39,00074F238E,K9
2016-07-15 21:48:41,00074FA4F8,K9
2016-07-15 21:50:43,0006B2A1D2,K9
2016-07-15 21:51:13,00061D4D10,K9
2016-07-15 21:51:27,00074BE89B,K9
2016-07-15 21:53:13,0006B35440,K9
2016-07-15 21:53:54,00075D1338,K9
2016-07-15 21:56:25,0006B34FCA,K9
2016-07-15 21:59:17,0006B294D3,K9
2016-07-15 22:09:18,00068E1A0D,K9
2016-07-15 22:33:46,0006B2A1D2,K9
2016-07-15 23:31:41,0006B294D3,K9
2016-07-15 23:32:04,0006B34F91,K9
2016-07-15 23:32:16,0006B2A1D2,K9
2016-07-15 23:34:32,00075D8712,K9
2016-07-15 23:34:38,0006B35440,K9
2016-07-15 23:45:17,0006B2A1D2,K9
2016-07-15 23:45:41,0006B3775E,K9
2016-07-15 23:53:59,00074FA4F8,K9
2016-07-15 23:56:32,0006B34F91,K9
2016-07-15 23:57:38,0006B3775E,K9
2016-07-15 23:58:48,0006B294D3,K9
2016-07-15 23:59:23,00065EBF3C,K9
2016-07-16 00:01:00,0006B35440,K9
2016-07-16 00:03:57,00074F0832,K9
2016-07-16 00:08:28,00074FA4F8,K9
2016-07-16 00:08:34,00075D8712,K9
2016-07-16 00:10:34,00075D1338,K9
2016-07-16 00:13:54,0006B3775E,K9
2016-07-16 00:19:31,0006B3775E,K9
2016-07-16 00:22:53,00075D1338,K9
2016-07-16 00:26:02,0006B3A093,K9
2016-07-16 00:29:43,00074F238E,K9
2016-07-16 00:48:12,0006B39900,K9
2016-07-16 00:53:05,0006B39900,K9
2016-07-16 01:05:38,0006B39900,K9
2016-07-16 01:15:42,0006B39900,K9
2016-07-16 01:19:44,0006B2A1D2,K9
2016-07-16 01:20:37,00075D8712,K9
2016-07-16 01:26:59,0006B34FCA,K9
2016-07-16 01:29:45,00074FA4F8,K9
2016-07-16 01:29:49,0006B3775E,K9
2016-07-16 01:35:25,0006B294D3,K9
2016-07-16 01:42:20,00075D8712,K9
2016-07-16 01:43:49,00074FA4F8,K9
2016-07-16 01:44:23,0006B3775E,K9
2016-07-16 01:51:57,00075D1338,K9
2016-07-16 01:56:21,0006B35440,K9
2016-07-16 01:59:39,00074F238E,K9
2016-07-16 02:02:43,0006B294D3,K9
2016-07-16 02:06:13,00075D1338,K9
2016-07-16 02:15:41,0006B34F91,K9
2016-07-16 02:24:48,0006B34F91,K9
2016-07-16 02:29:34,00065EBF3C,K9
2016-07-16 02:34:23,0006B39900,K9
2016-07-16 02:48:36,0006B39900,K9
2016-07-16 02:49:55,00075D8712,K9
2016-07-16 02:55:16,0006B39900,K9
2016-07-16 03:03:34,0006B2A1D2,K9
2016-07-16 03:09:20,0006B2A1D2,K9
2016-07-16 03:12:17,0006B3A093,K9
2016-07-16 03:13:31,0006B34FCA,K9
2016-07-16 03:14:13,0006B2A1D2,K9
2016-07-16 03:17:52,00075D1338,K9
2016-07-16 03:20:33,0006B294D3,K9
2016-07-16 03:33:03,0006B294D3,K9
2016-07-16 03:35:51,0006B294D3,K9
2016-07-16 03:40:49,00075D8712,K9
2016-07-16 03:45:22,0006B294D3,K9
2016-07-16 03:49:50,00075D8712,K9
2016-07-16 03:49:56,0006B35440,K9
2016-07-16 03:53:04,00074F0832,K9
2016-07-16 04:00:16,00074F0832,K9
2016-07-16 04:02:00,00075D8712,K9
2016-07-16 04:16:46,00074FA4F8,K9
2016-07-16 04:32:44,00074FA4F8,K9
2016-07-16 04:33:19,0006B294D3,K9
2016-07-16 04:34:11,0006B3775E,K9
2016-07-16 04:43:01,0006B34FCA,K9
2016-07-16 04:44:52,00075D8712,K9
2016-07-16 04:45:21,0006B2A1D2,K9
2016-07-16 04:48:14,00075D1338,K9
2016-07-16 04:55:05,00074F0832,K9
2016-07-16 04:59:42,0006B2A1D2,K9
2016-07-16 05:00:01,00074FA4F8,K9
2016-07-16 05:02:38,0006B34F91,K9
2016-07-16 05:05:03,0006B39900,K9
2016-07-16 05:06:27,0006B2A1D2,K9
2016-07-16 21:09:09,00074F238E,K9
2016-07-16 21:11:10,00074F238E,K9
2016-07-16 21:15:05,00074F238E,K9
2016-07-16 21:16:23,00074F0832,K9
2016-07-16 21:17:06,0006B39900,K9
2016-07-16 21:17:15,0006B35440,K9
2016-07-16 21:17:22,0006B34F91,K9
2016-07-16 21:17:57,00065EBF3C,K9
2016-07-16 21:22:09,00074FA4F8,K9
2016-07-16 21:27:19,0006B294D3,K9
2016-07-16 21:30:20,0006B3A093,K9
2016-07-16 21:31:38,00075D1338,K9
2016-07-16 21:31:41,00075D8712,K9
2016-07-16 21:32:41,0006B34FCA,K9
2016-07-16 21:34:02,00074FA290,K21
2016-07-16 21:34:28,00068E1A0D,K21
2016-07-16 21:34:30,0006B3775E,K9
2016-07-16 21:43:16,00074BE89B,K21
2016-07-16 21:44:31,00074F4107,K21
2016-07-16 21:45:28,0006B2A1D2,K21
2016-07-16 21:46:35,00061D4D10,K21
2016-07-16 22:49:36,0006B2A1D2,K21
2016-07-16 22:55:15,0006B2A1D2,K21
2016-07-16 23:36:37,0006B39900,K21
2016-07-16 23:44:26,00075D1338,K21
2016-07-16 23:53:34,00075D1338,K21
2016-07-17 00:12:05,00074FA4F8,K21
2016-07-17 00:12:38,0006B35440,K21
2016-07-17 00:15:08,0006B35440,K21
2016-07-17 00:22:08,0006B39900,K21
2016-07-17 00:22:23,0006B3A093,K21
2016-07-17 00:25:42,0006B3A093,K21
2016-07-17 00:26:32,0006B39900,K21
2016-07-17 00:28:03,00074FA4F8,K21
2016-07-17 00:29:32,0006B35440,K21
2016-07-17 00:35:55,00074F0832,K21
2016-07-17 00:36:01,0006B39900,K21
2016-07-17 00:36:12,0006B3A093,K21
2016-07-17 00:37:23,0006B35440,K21
2016-07-17 00:38:18,00074F0832,K21
2016-07-17 00:39:06,0006B39900,K21
2016-07-17 00:39:52,0006B3A093,K21
2016-07-17 01:31:27,00065EBF3C,K9
2016-07-17 01:32:41,00074FA4F8,K21
2016-07-17 01:33:08,00075D1338,K21
2016-07-17 01:37:06,00065EBF3C,K21
2016-07-17 01:38:04,0006B39900,K21
2016-07-17 01:40:04,00074BE89B,K21
2016-07-17 01:41:51,00075D1338,K21
2016-07-17 01:42:32,00065EBF3C,K21
2016-07-17 01:42:50,00074BE89B,K21
2016-07-17 01:43:28,0006B39900,K21
2016-07-17 01:43:41,00074FA4F8,K21
2016-07-17 01:50:37,00075D1338,K21
2016-07-17 01:51:46,0006B35440,K21
2016-07-17 01:52:54,0006B39900,K21
2016-07-17 01:55:38,00074F0832,K21
2016-07-17 01:56:31,0006B39900,K21
2016-07-17 02:01:11,00074F0832,K21
2016-07-17 02:06:37,0006B39900,K21
2016-07-17 02:08:21,0006B35440,K21
2016-07-17 02:09:11,00075D1338,K21
2016-07-17 02:09:29,0006B3A093,K21
2016-07-17 02:14:08,0006B3A093,K21
2016-07-17 02:22:03,0006B3A093,K21
2016-07-17 02:23:45,00074FA4F8,K21
2016-07-17 02:25:51,0006B3A093,K21
2016-07-17 02:31:41,00074FA4F8,K21
2016-07-17 03:21:21,00075D1338,K21
2016-07-17 03:21:45,00074F0832,K21
2016-07-17 03:31:24,0006B34F91,K21
2016-07-17 03:31:30,00074F0832,K21
2016-07-17 03:32:25,00074FA4F8,K21
2016-07-17 03:33:41,0006B34F91,K21
2016-07-17 03:38:46,00068E1A0D,K21
2016-07-17 03:39:20,00074F0832,K21
2016-07-17 03:42:53,00074FA4F8,K21
2016-07-17 03:45:20,0006B35440,K21
2016-07-17 03:51:08,0006B35440,K21
2016-07-17 03:56:18,00075D1338,K21
2016-07-17 03:58:59,0006B35440,K21
2016-07-17 04:02:12,00075D1338,K21
2016-07-17 04:51:19,00068E1A0D,K21
2016-07-17 04:53:52,00075D1338,K21
2016-07-17 04:55:36,00074FA290,K21
2016-07-17 04:56:42,00075D1338,K21
2016-07-17 05:04:08,00074BE89B,K21
2016-07-17 05:04:20,00068E1A0D,K21
2016-07-17 05:04:52,00074FA290,K21
2016-07-17 05:08:06,0006B35440,K21
2016-07-17 05:09:03,00074FA290,K21
2016-07-17 05:12:22,00068E1A0D,K21
2016-07-17 05:12:26,0006B35440,K21
2016-07-17 05:13:36,00074BE89B,K21
2016-07-17 21:27:14,0006B2A1D2,K23
2016-07-17 21:27:34,0006B3775E,K23
2016-07-17 21:27:46,00074FA4F8,K23
2016-07-17 21:28:08,0006B35440,K23
2016-07-17 21:28:40,0006B34FCA,K23
2016-07-17 21:29:27,0006B39900,K23
2016-07-17 21:29:33,00074F0832,K23
2016-07-17 21:29:40,00065EBF3C,K23
2016-07-17 21:29:59,0006B294D3,K23
2016-07-17 21:30:28,00074F238E,K23
2016-07-17 21:34:46,00074FA290,K23
2016-07-17 21:38:49,00068E1A0D,K23
2016-07-17 21:38:58,00074BE89B,K23
2016-07-17 21:39:00,0006B34F91,K23
2016-07-17 21:39:47,0006B3A093,K23
2016-07-17 21:40:23,00074F4107,K23
2016-07-17 21:40:40,00061D4D10,K23
2016-07-17 21:41:15,00075D1338,K23
2016-07-17 21:43:38,00075D8712,K23
2016-07-18 00:40:25,00075D8712,K23
2016-07-18 00:51:23,00075D8712,K23
2016-07-18 00:59:36,0006B294D3,K23
2016-07-18 01:04:50,00074FA4F8,K23
2016-07-18 01:10:49,00074F238E,K23
2016-07-18 01:15:21,00074FA4F8,K23
2016-07-18 02:24:41,0006B294D3,K23
2016-07-18 02:24:46,00074F0832,K23
2016-07-18 02:49:37,00075D8712,K23
2016-07-18 21:28:40,0006B34F91,K21
2016-07-18 21:31:02,0006B2A1D2,K21
2016-07-18 21:33:22,00065EBF3C,K21
2016-07-18 21:35:15,00074F0832,K21
2016-07-18 21:36:00,0006B294D3,K21
2016-07-18 21:36:31,00074F238E,K21
2016-07-18 21:37:31,0006B3775E,K21
2016-07-18 21:39:41,00074FA4F8,K21
2016-07-18 21:39:48,00074F4107,K21
2016-07-18 21:40:03,0006B39900,K21
2016-07-18 21:40:57,00068E1A0D,K21
2016-07-18 21:41:02,00075D8712,K21
2016-07-18 21:42:22,0006B34FCA,K21
2016-07-18 21:43:59,00075D1338,K21
2016-07-18 21:44:08,0006B35440,K21
2016-07-18 21:44:46,00074FA290,K21
2016-07-18 21:44:55,00074BE89B,K21
2016-07-18 21:48:42,0006B3A093,K21
2016-07-18 21:50:43,00061D4D10,K21
2016-07-19 00:45:01,00074FA4F8,K21
2016-07-19 00:46:04,00075D8712,K21
2016-07-19 00:50:55,0006B39900,K21
2016-07-19 00:51:03,00075D8712,K21
2016-07-19 00:51:08,00074FA4F8,K21
2016-07-19 00:54:25,0006B39900,K21
2016-07-19 00:54:47,00075D8712,K21
2016-07-19 00:55:19,00074FA4F8,K21
2016-07-19 00:57:22,00074FA4F8,K21
2016-07-19 01:17:33,0006B294D3,K21
2016-07-19 01:17:53,0006B39900,K21
2016-07-19 01:29:15,00074FA4F8,K21
2016-07-19 01:29:25,00074F238E,K21
2016-07-19 01:29:26,0006B39900,K21
2016-07-19 01:31:44,00074F238E,K21
2016-07-19 01:31:57,00074FA4F8,K21
2016-07-19 01:50:12,00074FA4F8,K21
2016-07-19 01:50:46,0006B39900,K21
2016-07-19 01:51:18,0006B3775E,K21
2016-07-19 01:51:53,00074F238E,K21
2016-07-19 01:55:48,00074F238E,K21
2016-07-19 01:56:55,00074FA4F8,K21
2016-07-19 01:58:40,0006B294D3,K21
2016-07-19 02:02:54,0006B3A093,K21
2016-07-19 02:03:39,0006B294D3,K21
2016-07-19 02:12:29,0006B3A093,K21
2016-07-19 02:14:50,0006B39900,K21
2016-07-19 02:18:07,0006B39900,K21
2016-07-19 02:24:03,00075D1338,K21
2016-07-19 02:28:57,00065EBF3C,K21
2016-07-19 02:31:02,00075D1338,K21
2016-07-19 02:35:05,00065EBF3C,K21
2016-07-19 02:36:47,00074FA4F8,K21
2016-07-19 02:39:06,00074F0832,K21
2016-07-19 02:39:32,00075D8712,K21
2016-07-19 02:40:36,00075D1338,K21
2016-07-19 02:42:20,0006B3775E,K21
2016-07-19 02:44:21,00074F0832,K21
2016-07-19 02:46:49,0006B3775E,K21
2016-07-19 02:46:51,00074FA4F8,K21
2016-07-19 02:48:41,00075D1338,K21
2016-07-19 02:51:08,00075D8712,K21
2016-07-19 02:54:05,0006B39900,K21
2016-07-19 03:02:20,0006B39900,K21
2016-07-19 03:04:59,0006B2A1D2,K21
2016-07-19 03:06:15,0006B39900,K21
2016-07-19 03:08:06,00074F0832,K21
2016-07-19 03:08:50,00065EBF3C,K21
2016-07-19 03:09:43,0006B39900,K21
2016-07-19 03:10:26,0006B2A1D2,K21
2016-07-19 03:12:09,0006B35440,K21
2016-07-19 03:14:18,00065EBF3C,K21
2016-07-19 03:14:29,0006B34FCA,K21
2016-07-19 03:17:08,0006B35440,K21
2016-07-19 03:18:11,0006B34FCA,K21
2016-07-19 03:19:54,00074F0832,K21
2016-07-19 03:23:22,0006B35440,K21
2016-07-19 03:23:28,0006B34F91,K21
2016-07-19 03:25:45,00074F238E,K21
2016-07-19 03:29:07,00074F238E,K21
2016-07-19 03:30:44,0006B35440,K21
2016-07-19 03:32:21,0006B34FCA,K21
2016-07-19 03:32:51,0006B2A1D2,K21
2016-07-19 03:35:39,00065EBF3C,K21
2016-07-19 03:36:47,00074FA4F8,K21
2016-07-19 03:36:53,00074F238E,K21
2016-07-19 03:37:26,0006B34FCA,K21
2016-07-19 03:42:32,0006B2A1D2,K21
2016-07-19 03:42:50,0006B294D3,K21
2016-07-19 03:43:57,00065EBF3C,K21
2016-07-19 03:47:12,0006B294D3,K21
2016-07-19 03:48:06,00074FA4F8,K21
2016-07-19 03:49:44,0006B294D3,K21
2016-07-19 03:55:27,00074FA4F8,K21
2016-07-19 03:56:12,0006B3A093,K21
2016-07-19 04:39:12,00075D8712,K21
2016-07-19 04:45:15,0006B294D3,K21
2016-07-19 04:45:29,00061D4D10,K21
2016-07-19 04:47:20,0006B39900,K21
2016-07-19 04:47:26,00074FA290,K21
2016-07-19 04:49:04,00075D1338,K21
2016-07-19 04:52:39,0006B3A093,K21
2016-07-19 04:52:44,00065EBF3C,K21
2016-07-19 04:56:31,0006B2A1D2,K21
2016-07-19 04:59:27,00074BE89B,K21
2016-07-19 05:02:46,00068E1A0D,K21
2016-07-19 05:04:22,00074F0832,K21
2016-07-19 05:05:53,00074F4107,K21
2016-07-19 05:06:30,0006B34FCA,K21
2016-07-19 05:07:35,0006B34F91,K21
2016-07-19 05:11:19,00074FA4F8,K21
2016-07-19 05:14:25,0006B35440,K21
2016-07-19 05:16:31,0006B3775E,K21
2016-07-19 05:26:07,00074F238E,K21
2016-07-19 21:26:58,00074F238E,K21
2016-07-19 21:29:17,0006B34F91,K21
2016-07-19 21:29:22,00074F4107,K21
2016-07-19 21:30:17,00065EBF3C,K21
2016-07-19 21:32:42,00074FA4F8,K21
2016-07-19 21:32:59,0006B3775E,K21
2016-07-19 21:33:29,00074F0832,K21
2016-07-19 21:34:41,0006B39900,K21
2016-07-19 21:35:11,00075D8712,K21
2016-07-19 21:35:45,0006B34FCA,K21
2016-07-19 21:35:51,00068E1A0D,K21
2016-07-19 21:36:47,0006B35440,K21
2016-07-19 21:36:57,0006B294D3,K21
2016-07-19 21:37:36,0006B2A1D2,K21
2016-07-19 21:39:49,0006B3A093,K21
2016-07-19 21:43:02,00061D4D10,K21
2016-07-19 21:43:05,00075D1338,K21
2016-07-19 21:43:45,00074FA290,K21
2016-07-19 21:43:54,00074BE89B,K21
2016-07-20 04:55:15,00065EBF3C,K21
2016-07-20 04:59:11,00074F238E,K21
2016-07-20 05:05:46,00065EBF3C,K21
2016-07-20 15:36:45,00074BE89B,K7
2016-07-20 16:35:12,0006B34F91,K7
2016-07-20 16:52:02,0006B39900,K7
2016-07-20 16:53:01,00065EBF3C,K7
2016-07-20 16:55:04,00065EBF3C,K7
2016-07-20 16:57:05,00065EBF3C,K7
2016-07-20 16:59:06,00065EBF3C,K7
2016-07-20 17:01:07,00065EBF3C,K7
2016-07-20 17:03:08,00065EBF3C,K7
2016-07-20 17:05:09,00065EBF3C,K7
2016-07-20 17:07:10,00065EBF3C,K7
2016-07-20 17:50:58,00074FA4F8,K7
2016-07-20 18:08:19,0006B3775E,K7
2016-07-20 19:00:21,0006B3775E,K7
2016-07-20 19:02:24,0006B3775E,K7
2016-07-20 19:04:48,0006B3775E,K7
2016-07-20 19:09:02,0006B3775E,K7
2016-07-20 19:11:04,0006B3775E,K7
2016-07-20 19:14:43,0006B3775E,K7
2016-07-20 20:19:51,00074FA4F8,K7
2016-07-20 21:27:20,00074F238E,K7
2016-07-20 21:27:56,00065EBF3C,K7
2016-07-20 21:28:02,0006B3775E,K7
2016-07-20 21:28:25,0006B34F91,K7
2016-07-20 21:31:21,00075D8712,K7
2016-07-20 21:32:22,0006B294D3,K7
2016-07-20 21:33:00,0006B39900,K7
2016-07-20 21:35:21,00074F0832,K7
2016-07-20 21:35:44,00074FA4F8,K7
2016-07-20 21:36:41,00074FA290,K7
2016-07-20 21:37:03,0006B2A1D2,K7
2016-07-20 21:37:38,0006B3A093,K7
2016-07-20 21:38:29,0006B34FCA,K7
2016-07-20 21:40:01,00075D1338,K7
2016-07-20 21:40:43,00074BE89B,K7
2016-07-20 21:40:48,0006B35440,K7
2016-07-20 21:43:30,00074F4107,K7
2016-07-21 05:00:01,00065EBF3C,K7
2016-07-21 05:05:56,00074F0832,K7
2016-07-21 05:08:18,00074FA290,K7
2016-07-21 05:08:22,0006B35440,K7
2016-07-21 05:09:15,00074F0832,K7
2016-07-21 05:12:03,0006B35440,K7
2016-07-21 05:12:25,00074FA290,K7
2016-07-21 05:15:52,00074F0832,K7
2016-07-21 05:18:02,00074F0832,K7
2016-07-21 05:19:23,0006B2A1D2,K7
2016-07-21 05:35:32,0006B35440,K7
2016-07-21 21:27:51,00075D8712,K17
2016-07-21 21:29:14,00074F238E,K17
2016-07-21 21:29:51,0006B294D3,K17
2016-07-21 21:30:13,00074FA4F8,K17
2016-07-21 21:31:43,00065EBF3C,K7
2016-07-21 21:34:07,00075D1338,K17
2016-07-21 21:34:18,0006B39900,K17
2016-07-21 21:34:21,0006B3775E,K17
2016-07-21 21:34:22,0006B2A1D2,K7
2016-07-21 21:35:04,00074F0832,K17
2016-07-21 21:38:08,0006B34FCA,K17
2016-07-21 21:40:23,00074F4107,K17
2016-07-21 21:40:50,00074FA290,K17
2016-07-21 21:41:40,00074BE89B,K17
2016-07-21 21:41:46,0006B3A093,K17
2016-07-21 21:44:15,0006B35440,K7
2016-07-21 21:45:14,00061D4D10,K17
2016-07-21 21:47:15,00068E1A0D,K17
2016-07-22 02:17:49,00074FA4F8,K17
2016-07-22 02:18:03,0006B3775E,K17
2016-07-22 02:22:59,0006B2A1D2,K17
2016-07-22 02:26:26,0006B3775E,K17
2016-07-22 02:34:49,0006B34F91,K17
2016-07-22 02:37:08,0006B39900,K17
2016-07-22 02:37:23,0006B34FCA,K17
2016-07-22 02:41:25,0006B34FCA,K17
2016-07-22 02:42:35,0006B34F91,K17
2016-07-22 02:43:13,0006B39900,K17
2016-07-22 02:47:52,0006B2A1D2,K17
2016-07-22 02:50:09,0006B34FCA,K17
2016-07-22 02:55:49,0006B2A1D2,K17
2016-07-22 02:56:52,00074FA4F8,K17
2016-07-22 02:58:04,00074F238E,K17
2016-07-22 02:58:54,0006B34FCA,K17
2016-07-22 02:59:04,0006B39900,K17
2016-07-22 03:12:34,00074FA4F8,K17
2016-07-22 03:13:40,00065EBF3C,K17
2016-07-22 03:15:54,0006B39900,K17
2016-07-22 03:23:45,00074F238E,K17
2016-07-22 03:25:03,00075D8712,K17
2016-07-22 03:28:11,0006B294D3,K17
2016-07-22 03:30:15,00074F238E,K17
2016-07-22 03:33:24,00075D8712,K17
2016-07-22 03:35:57,00065EBF3C,K17
2016-07-22 03:43:26,0006B3A093,K17
2016-07-22 03:43:45,00074FA4F8,K17
2016-07-22 03:45:42,0006B3A093,K17
2016-07-22 03:47:09,0006B3775E,K17
2016-07-22 03:49:25,0006B35440,K17
2016-07-22 03:51:35,0006B3A093,K17
2016-07-22 03:54:11,0006B35440,K17
2016-07-22 03:55:19,00074FA4F8,K17
2016-07-22 03:55:40,0006B3775E,K17
2016-07-22 03:56:51,0006B3A093,K17
2016-07-22 04:06:51,0006B3775E,K17
2016-07-22 04:19:57,0006B35440,K17
2016-07-22 04:26:30,0006B35440,K17
2016-07-22 04:44:41,00065EBF3C,K17
2016-07-22 04:45:21,00061D4D10,K17
2016-07-22 04:45:37,0006B39900,K17
2016-07-22 04:46:11,00075D8712,K17
2016-07-22 04:46:33,00074F0832,K17
2016-07-22 04:46:57,00074FA4F8,K17
2016-07-22 04:50:03,00068E1A0D,K17
2016-07-22 04:50:20,0006B3775E,K17
2016-07-22 04:51:17,00075D1338,K17
2016-07-22 04:51:47,00074BE89B,K17
2016-07-22 04:57:33,00074FA290,K17
2016-07-22 04:59:03,0006B34F91,K17
2016-07-22 05:00:25,0006B35440,K17
2016-07-22 05:02:07,0006B34FCA,K17
2016-07-22 21:31:06,00075D1338,K17
2016-07-22 21:31:30,00065EBF3C,K17
2016-07-22 21:32:18,0006B34F91,K17
2016-07-22 21:33:35,0006B3775E,K17
2016-07-22 21:33:59,00074F0832,K17
2016-07-22 21:34:03,00074FA290,K17
2016-07-22 21:34:40,0006B2A1D2,K17
2016-07-22 21:34:50,0006B35440,K17
2016-07-22 21:35:51,0006B294D3,K17
2016-07-22 21:37:15,00074FA4F8,K17
2016-07-22 21:37:25,0006B3A093,K17
2016-07-22 21:38:07,0006B39900,K17
2016-07-22 21:39:29,00074BE89B,K17
2016-07-22 21:39:58,00068E1A0D,K17
2016-07-23 01:34:09,00074F0832,K17
2016-07-23 01:39:24,00074FA4F8,K17
2016-07-23 02:04:36,0006B3A093,K17
2016-07-23 02:11:47,00074F238E,K17
2016-07-23 02:18:09,0006B294D3,K17
2016-07-23 02:21:20,0006B3775E,K17
2016-07-23 02:32:58,00074F0832,K17
2016-07-23 02:34:49,0006B3775E,K17
2016-07-23 03:57:54,0006B3775E,K17
2016-07-23 04:03:52,0006B2A1D2,K17
2016-07-23 04:06:59,0006B3775E,K17
2016-07-23 04:10:32,0006B34FCA,K17
2016-07-23 04:11:40,0006B2A1D2,K17
2016-07-23 04:13:40,00075D8712,K17
2016-07-23 04:17:08,0006B3A093,K17
2016-07-23 04:17:57,0006B34FCA,K17
2016-07-23 04:20:40,0006B3A093,K17
2016-07-23 04:20:53,00075D8712,K17
2016-07-23 04:51:43,0006B39900,K17
2016-07-23 04:54:11,0006B3A093,K17
2016-07-23 04:55:39,00074F0832,K17
2016-07-23 05:03:43,0006B34FCA,K17
2016-07-23 05:03:47,00061D4D10,K17
2016-07-23 05:05:01,0006B35440,K17
2016-07-23 05:05:16,00075D1338,K17
2016-07-23 05:10:44,00074BE89B,K17
2016-07-23 05:11:04,00074FA4F8,K17
2016-07-23 05:11:40,00065EBF3C,K17
2016-07-23 05:12:53,00075D8712,K17
2016-07-23 05:13:43,0006B3775E,K17
2016-07-23 05:14:56,0006B2A1D2,K17
2016-07-23 05:16:12,0006B34F91,K17
2016-07-23 05:16:35,00068E1A0D,K17
2016-07-23 21:21:20,0006B2A1D2,K17
2016-07-23 21:23:45,00075D8712,K17
2016-07-23 21:24:56,00065EBF3C,K17
2016-07-23 21:28:25,00074F0832,K17
2016-07-23 21:28:27,0006B34F91,K17
2016-07-23 21:30:34,0006B39900,K17
2016-07-23 21:32:46,00075D1338,K17
2016-07-23 21:34:01,0006B3775E,K17
2016-07-23 21:34:38,00074FA4F8,K17
2016-07-23 21:36:13,00074FA290,K17
2016-07-23 21:36:19,0006B3A093,K17
2016-07-23 21:42:04,0006B35440,K17
2016-07-24 21:29:05,00065EBF3C,K16
2016-07-24 21:31:20,00074F4107,K16
2016-07-24 21:32:26,0006B294D3,K16
2016-07-24 21:33:30,0006B39900,K16
2016-07-24 21:33:42,00074FA4F8,K16
2016-07-24 21:33:47,00075D1338,K16
2016-07-24 21:34:11,0006B3A093,K16
2016-07-24 21:34:22,0006B2A1D2,K16
2016-07-24 21:36:28,0006B35440,K16
2016-07-24 21:37:36,00075D8712,K16
2016-07-24 21:38:27,00074BE89B,K16
2016-07-24 21:38:31,00074F0832,K16
2016-07-24 21:39:04,0006B35440,K16
2016-07-25 04:53:03,0006B294D3,K16
2016-07-25 04:54:47,00074F0832,K16
2016-07-25 04:54:57,0006B35440,K16
2016-07-25 04:55:10,0006B294D3,K16
2016-07-25 04:55:57,0006B3A093,K16
2016-07-25 04:59:54,00074FA4F8,K16
2016-07-25 05:02:29,00075D8712,K16
2016-07-25 05:03:21,0006B2A1D2,K16
2016-07-25 05:03:38,0006B3775E,K16
2016-07-25 05:08:42,00075D8712,K16
2016-07-25 05:13:29,0006B34F91,K16
2016-07-25 05:16:53,0006B3A093,K16
2016-07-25 05:18:57,0006B3A093,K16
2016-07-25 21:17:32,00075D8712,K16
2016-07-25 21:18:26,0006B2A1D2,K16
2016-07-25 21:20:26,00065EBF3C,K16
2016-07-25 21:21:29,0006B35440,K16
2016-07-25 21:24:16,0006B294D3,K16
2016-07-25 21:26:37,0006B3775E,K16
2016-07-25 21:27:14,00074F0832,K16
2016-07-25 21:27:31,00075D1338,K16
2016-07-25 21:29:22,00074BE89B,K16
2016-07-25 21:29:37,0006B3A093,K16
2016-07-26 21:40:36,0006B34FCA,K2
2016-07-26 21:40:54,00074F4107,K2
2016-07-26 21:41:01,00074FA4F8,K2
2016-07-26 21:41:13,00065EBF3C,K2
2016-07-26 21:42:59,0006B34F91,K2
2016-07-26 21:43:10,0006B3A093,K2
2016-07-26 21:43:28,0006B2A1D2,K2
2016-07-26 21:44:34,00075D8712,K2
2016-07-26 21:48:14,0006B3775E,K2
2016-07-26 21:51:03,00075D1338,K2
2016-07-27 04:52:10,00074F0832,K2
2016-07-27 04:53:45,0006B39900,K2
2016-07-27 04:55:27,0006B34F91,K2
2016-07-27 04:57:05,00074BE89B,K2
2016-07-27 05:02:52,00075D1338,K2
2016-07-27 05:03:05,00074FA4F8,K2
2016-07-27 05:18:37,00074F4107,K2
2016-07-27 21:25:03,00074F238E,K2
2016-07-27 21:25:44,00065EBF3C,K2
2016-07-27 21:25:54,00075D8712,K2
2016-07-27 21:27:53,0006B3775E,K2
2016-07-27 21:28:01,00074FA4F8,K2
2016-07-27 21:28:06,00074FA290,K2
2016-07-27 21:28:12,00074F4107,K2
2016-07-27 21:29:16,0006B39900,K2
2016-07-27 21:29:23,0006B34F91,K2
2016-07-27 21:29:34,00074F0832,K2
2016-07-27 21:31:49,0006B35440,K2
2016-07-27 21:31:51,0006B2A1D2,K2
2016-07-27 21:32:52,0006B34FCA,K2
2016-07-27 21:34:18,00075D1338,K2
2016-07-27 21:38:56,0006B3A093,K2
2016-07-28 21:23:35,00074F238E,K10
2016-07-28 21:26:00,00065EBF3C,K10
2016-07-28 21:29:38,0006B3775E,K10
2016-07-28 21:29:49,00061D4D10,K10
2016-07-28 21:29:52,00074F0832,K10
2016-07-28 21:30:02,00074FA290,K10
2016-07-28 21:30:36,0006B39900,K10
2016-07-28 21:30:44,00075D8712,K10
2016-07-28 21:32:01,00074F4107,K10
2016-07-28 21:32:31,0006B35440,K10
2016-07-28 21:32:44,00068E1A0D,K10
2016-07-28 21:33:58,0006B34F91,K10
2016-07-28 21:34:14,0006B2A1D2,K10
2016-07-28 21:34:19,0006B294D3,K10
2016-07-28 21:34:24,00074BE89B,K10
2016-07-28 21:34:37,0006B34FCA,K10
2016-07-28 21:35:16,00074FA4F8,K10
2016-07-28 21:37:02,0006B3A093,K10
2016-07-28 21:37:47,00075D1338,K10
2016-07-30 21:23:45,0006B34F91,K5
2016-07-30 21:24:02,0006B39900,K5
2016-07-30 21:25:31,00074F0832,K5
2016-07-30 21:26:09,00074F238E,K5
2016-07-30 21:26:26,00074FA4F8,K5
2016-07-30 21:26:39,0006B3775E,K17
2016-07-30 21:29:13,00068E1A0D,K17
2016-07-30 21:30:09,00065EBF3C,K5
2016-07-30 21:30:53,00075CFA6F,K17
2016-07-30 21:31:16,00075D8712,K5
2016-07-30 21:31:35,00075D175F,K5
2016-07-30 21:32:27,0006B294D3,K5
2016-07-30 21:33:02,0006B2A1D2,K5
2016-07-30 21:33:16,00061D4D10,K17
2016-07-30 21:33:26,0006B34FCA,K5
2016-07-30 21:33:36,00074FA290,K5
2016-07-30 21:33:37,00075D1E39,K5
2016-07-30 21:33:42,0006B3A093,K5
2016-07-30 21:34:42,0006B35440,K5
2016-07-30 21:35:12,00075D110D,K5
2016-07-30 21:35:17,00075D2562,K5
2016-07-30 21:35:35,00075D0E3A,K5
2016-07-30 21:35:41,00075D1338,K5
2016-07-31 21:33:22,0006B34F91,K14
2016-07-31 21:34:28,0006B3775E,K14
2016-07-31 21:34:31,00074FA4F8,K14
2016-07-31 21:36:00,00065EBF3C,K14
2016-07-31 21:36:26,00074F238E,K14
2016-07-31 21:36:34,0006B34FCA,K14
2016-07-31 21:37:15,00075D2562,K14
2016-07-31 21:37:39,00075CFA6F,K14
2016-07-31 21:37:43,00075D8712,K14
2016-07-31 21:37:45,00075D0E3A,K14
2016-07-31 21:37:58,0006B2A1D2,K14
2016-07-31 21:38:00,00075D175F,K14
2016-07-31 21:39:12,00074BE89B,K14
2016-07-31 21:40:03,00075D110D,K14
2016-07-31 21:40:41,0006B3A093,K14
2016-07-31 21:41:58,00075D1E39,K14
2016-07-31 21:42:10,0006B35440,K14
2016-07-31 21:42:47,00075D28F0,K14
2016-07-31 21:43:12,00075D1338,K14
2016-08-01 21:28:52,00074F4107,K17
2016-08-01 21:30:26,0006B39900,K17
2016-08-01 21:30:38,00074BE89B,K17
2016-08-01 21:30:52,0006B3775E,K17
2016-08-01 21:31:10,00074F238E,K17
2016-08-01 21:31:17,00074FA4F8,K17
2016-08-01 21:31:39,00075D175F,K17
2016-08-01 21:32:03,00075D8712,K17
2016-08-01 21:32:59,0006B35440,K17
2016-08-01 21:35:07,00075D0E3A,K17
2016-08-01 21:35:11,00075D2562,K17
2016-08-01 21:35:16,00075CFA6F,K17
2016-08-01 21:36:07,0006B2A1D2,K17
2016-08-01 21:36:20,00068E1A0D,K17
2016-08-01 21:37:34,0006B3A093,K17
2016-08-01 21:37:41,0006B294D3,K17
2016-08-01 21:37:48,00075D1338,K17
2016-08-01 21:38:35,00074FA290,K17
2016-08-01 21:38:37,00075D28F0,K17
2016-08-01 21:40:48,00075D1E39,K17
2016-08-01 21:40:57,0006B34FCA,K17
2016-08-01 21:41:02,00075D110D,K17
2016-08-02 21:44:24,00074BE89B,K26
2016-08-02 21:44:43,00075D0E3A,K26
2016-08-02 21:45:08,00075D1E39,K26
2016-08-02 21:46:30,00074F238E,K26
2016-08-02 21:46:57,00075D2562,K26
2016-08-02 21:47:11,00075CFA6F,K26
2016-08-02 21:47:18,00074FA290,K26
2016-08-02 21:47:30,00075D0E3A,K26
2016-08-02 21:47:48,00075D28F0,K26
2016-08-02 21:48:40,00075D175F,K26
2016-08-02 21:48:52,0006B3775E,K26
2016-08-02 21:49:25,0006B3A093,K26
2016-08-02 21:49:29,00075D8712,K26
2016-08-02 21:52:33,0006B34FCA,K26
2016-08-02 21:53:06,00075D110D,K26
2016-08-02 21:54:03,0006B294D3,K26
2016-08-02 21:54:41,0006B2A1D2,K26
2016-08-02 21:55:48,00075D1338,K26
2016-08-02 21:56:00,00074FA4F8,K26
2016-08-03 01:54:08,00065EBF3C,K26
2016-08-03 01:54:36,00075D28F0,K26
2016-08-03 01:56:35,00065EBF3C,K26
2016-08-03 01:56:42,00075D28F0,K26
2016-08-03 21:19:08,00075D2562,K21
2016-08-03 21:19:44,00075CFA6F,K21
2016-08-03 21:19:48,00074FA4F8,K21
2016-08-03 21:20:33,00074F238E,K21
2016-08-03 21:20:42,0006B2A1D2,K21
2016-08-03 21:21:00,00075D175F,K21
2016-08-03 21:21:47,00068E1A0D,K21
2016-08-03 21:21:59,0006B34F91,K21
2016-08-03 21:22:39,00061D4D10,K21
2016-08-03 21:23:04,00074FA290,K21
2016-08-03 21:23:10,0006B39900,K21
2016-08-03 21:24:32,00075D8712,K21
2016-08-03 21:25:34,0006B3A093,K21
2016-08-03 21:26:00,00075D1338,K21
2016-08-03 21:26:06,0006B34FCA,K21
2016-08-03 21:27:32,00075D28F0,K21
2016-08-03 21:27:39,00074BE89B,K21
2016-08-03 21:27:47,0006B3775E,K21
2016-08-03 21:27:53,00074F0832,K21
2016-08-03 21:28:13,00075D1E39,K21
2016-08-03 21:30:23,0006B294D3,K21
2016-08-03 21:30:40,00075D110D,K21
2016-08-04 21:54:52,0006B3775E,K26
2016-08-04 21:58:34,00075D1E39,K26
2016-08-04 22:03:19,00075D28F0,K26
2016-08-04 22:03:43,00074F238E,K26
2016-08-04 22:05:01,0006B3A093,K26
2016-08-04 22:07:20,0006B3A093,K26
2016-08-04 22:10:35,00068E1A0D,K26
2016-08-04 22:10:56,0006B2A1D2,K26
2016-08-04 22:11:02,0006B3A093,K26
2016-08-04 22:11:22,00074F0832,K26
2016-08-04 22:12:40,0006B34F91,K26
2016-08-04 22:12:56,0006B39900,K26
2016-08-04 22:13:06,0006B35440,K26
2016-08-04 22:19:26,00075D1338,K26
2016-08-04 22:20:09,00074BE89B,K26
2016-08-04 22:21:35,00075D175F,K26
2016-08-04 22:21:58,00075D110D,K26
2016-08-04 22:27:01,00061D4D10,K26
2016-08-04 22:28:55,0006B294D3,K26
2016-08-04 22:29:23,00075D8712,K26
2016-08-04 22:30:34,00075D0E3A,K26
2016-08-04 22:31:35,00075D2562,K26
2016-08-04 22:32:00,00075CFA6F,K26
2016-08-04 22:44:52,00074FA4F8,K26
2016-08-04 22:46:13,00065EBF3C,K26
2016-08-04 22:49:18,00075D0E3A,K26
2016-08-04 22:51:33,00075D0E3A,K26
2016-08-04 23:04:35,00075D28F0,K26
2016-08-04 23:06:45,00075D28F0,K26
2016-08-04 23:08:16,00075D0E3A,K26
2016-08-05 21:19:23,00075D2562,K8
2016-08-05 21:21:12,0006B34F91,K8
2016-08-05 21:22:26,00075D175F,K8
2016-08-05 21:23:08,00075D110D,K8
2016-08-05 21:24:20,00075CFA6F,K8
2016-08-05 21:24:56,00075D8712,K8
2016-08-05 21:25:28,00074F238E,K8
2016-08-05 21:25:50,0006B3775E,K8
2016-08-05 21:28:26,00074BE89B,K8
2016-08-05 21:29:03,0006B34FCA,K8
2016-08-05 21:30:02,00075D1338,K8
2016-08-05 21:30:14,0006B39900,K8
2016-08-05 21:30:44,00068E1A0D,K8
2016-08-06 21:01:15,00074F238E,K26
2016-08-06 21:07:53,00065EBF3C,K26
2016-08-06 21:08:46,00074FA290,K26
2016-08-06 21:09:19,00075D28F0,K26
2016-08-06 21:12:34,0006B3A093,K26
2016-08-06 21:13:19,00074F0832,K26
2016-08-06 21:15:00,0006B2A1D2,K7
2016-08-06 21:15:22,0006B34F91,K7
2016-08-06 21:15:25,00075D175F,K7
2016-08-06 21:15:28,0006B34FCA,K26
2016-08-06 21:15:59,00075D1E39,K26
2016-08-06 21:16:09,0006B39900,K7
2016-08-06 21:16:15,00075D8712,K26
2016-08-06 21:16:54,00075CFA6F,K7
2016-08-06 21:17:50,00075D2562,K7
2016-08-06 21:17:58,00074BE89B,K7
2016-08-06 21:18:37,00074F4107,K7
2016-08-06 21:18:45,0006B3775E,K7
2016-08-06 21:19:03,00074FA4F8,K7
2016-08-06 21:20:39,00075D1338,K7
2016-08-06 21:21:42,0006B294D3,K7
2016-08-06 23:07:17,00075D0E3A,K26
2016-08-07 10:33:38,00075D0E3A,K26
2016-08-07 10:35:58,00075D0E3A,K26
2016-08-07 10:37:59,00075D0E3A,K26
2016-08-07 10:40:00,00075D0E3A,K26
2016-08-07 10:42:01,00075D0E3A,K26
2016-08-07 10:44:02,00075D0E3A,K26
2016-08-07 10:46:03,00075D0E3A,K26
2016-08-07 10:56:24,00075D0E3A,K26
2016-08-07 10:58:25,00075D0E3A,K26
2016-08-07 11:00:26,00075D0E3A,K26
2016-08-07 11:03:26,00075D0E3A,K26
2016-08-07 21:03:40,00075D0E3A,K26
2016-08-07 21:15:42,00061D4D10,K235
2016-08-07 21:17:38,00065EBF3C,K235
2016-08-07 21:19:14,00068E1A0D,K235
2016-08-07 21:20:26,00074F238E,K235
2016-08-07 21:21:23,0006B39900,K235
2016-08-07 21:21:49,0006B34F91,K235
2016-08-07 21:21:54,00074FA290,K235
2016-08-07 21:22:21,00074F4107,K235
2016-08-07 21:24:37,0006B35440,K235
2016-08-07 21:25:20,00075D2562,K235
2016-08-07 21:25:47,0006B2A1D2,K235
2016-08-07 21:26:54,00075CFA6F,K235
2016-08-07 21:27:20,0006B3A093,K235
2016-08-07 21:27:50,0006B3775E,K235
2016-08-07 21:27:58,00075D175F,K235
2016-08-07 21:28:11,00075D1E39,K235
2016-08-07 21:28:56,00074F0832,K235
2016-08-07 21:29:06,00075D8712,K235
2016-08-07 21:29:10,0006B294D3,K235
2016-08-07 21:29:23,00075D28F0,K235
2016-08-07 21:30:03,00075D1338,K235
2016-08-07 21:30:42,0006B34FCA,K235
2016-08-07 21:34:01,00075D110D,K235
2016-08-07 23:10:43,00075D0E3A,K26
2016-08-08 00:32:05,00075D0E3A,K26
2016-08-08 01:18:50,00075D0E3A,K26
2016-08-08 01:36:49,00075D0E3A,K26
2016-08-08 05:11:16,00065EBF3C,K235
2016-08-08 05:12:31,0006B39900,K235
2016-08-08 05:13:58,00068E1A0D,K235
2016-08-08 05:14:08,0006B34F91,K235
2016-08-08 05:14:39,00074FA4F8,K235
2016-08-08 05:14:45,0006B35440,K235
2016-08-08 05:14:52,00075D1338,K235
2016-08-08 05:15:30,0006B3775E,K235
2016-08-08 05:17:38,00074BE89B,K235
2016-08-08 05:19:50,00075D110D,K235
2016-08-08 05:19:52,00075D2562,K235
2016-08-08 05:20:51,00075CFA6F,K235
2016-08-08 05:35:30,00074F238E,K235
2016-08-08 05:38:19,00075D175F,K235
2016-08-08 15:17:48,00075D0E3A,K235
2016-08-08 15:19:49,00075D0E3A,K235
2016-08-08 15:26:07,00075D0E3A,K235
2016-08-08 15:29:49,00075D0E3A,K235
2016-08-08 15:31:50,00075D0E3A,K235
2016-08-08 15:33:51,00075D0E3A,K235
2016-08-08 15:35:52,00075D0E3A,K235
2016-08-08 15:37:53,00075D0E3A,K235
2016-08-08 15:39:54,00075D0E3A,K235
2016-08-08 15:41:55,00075D0E3A,K235
2016-08-08 15:43:56,00075D0E3A,K235
2016-08-08 15:45:57,00075D0E3A,K235
2016-08-08 15:49:56,00075D0E3A,K235
2016-08-08 16:01:18,00075D0E3A,K235
2016-08-08 16:41:24,00075D0E3A,K235
2016-08-08 16:46:14,00075D0E3A,K235
2016-08-08 16:48:16,00075D0E3A,K235
2016-08-08 16:50:30,00075D0E3A,K235
2016-08-08 16:52:35,00075D0E3A,K235
2016-08-08 16:54:39,00075D0E3A,K235
2016-08-08 16:56:40,00075D0E3A,K235
2016-08-08 16:58:41,00075D0E3A,K235
2016-08-08 17:00:42,00075D0E3A,K235
2016-08-08 17:20:08,00075D0E3A,K235
2016-08-08 17:22:09,00075D0E3A,K235
2016-08-08 17:24:10,00075D0E3A,K235
2016-08-08 17:26:11,00075D0E3A,K235
2016-08-08 17:31:11,00075D0E3A,K235
2016-08-08 17:33:12,00075D0E3A,K235
2016-08-08 17:35:13,00075D0E3A,K235
2016-08-08 17:37:14,00075D0E3A,K235
2016-08-08 17:39:15,00075D0E3A,K235
2016-08-08 17:41:16,00075D0E3A,K235
2016-08-08 17:43:17,00075D0E3A,K235
2016-08-08 17:45:18,00075D0E3A,K235
2016-08-08 17:47:19,00075D0E3A,K235
2016-08-08 17:49:20,00075D0E3A,K235
2016-08-08 17:51:21,00075D0E3A,K235
2016-08-08 17:53:26,00075D0E3A,K235
2016-08-08 17:55:27,00075D0E3A,K235
2016-08-08 20:31:24,00075D0E3A,K235
2016-08-08 20:33:25,00075D0E3A,K235
2016-08-08 21:11:27,00065EBF3C,K235
2016-08-08 21:13:33,0006B2A1D2,K235
2016-08-08 21:14:13,00075D175F,K235
2016-08-08 21:15:26,00075D2562,K235
2016-08-08 21:15:36,00068E1A0D,K235
2016-08-08 21:17:03,00074FA4F8,K235
2016-08-08 21:17:21,00075D0E3A,K235
2016-08-08 21:17:41,0006B3775E,K235
2016-08-08 21:17:52,0006B34F91,K235
2016-08-08 21:17:57,0006B39900,K235
2016-08-08 21:18:02,00074BE89B,K235
2016-08-08 21:19:28,0006B2A1D2,K235
2016-08-08 21:21:04,00075CFA6F,K235
2016-08-08 21:22:14,0006B34FCA,K235
2016-08-08 21:23:51,00075D1E39,K235
2016-08-08 21:24:01,00074F0832,K235
2016-08-08 21:24:25,00075D28F0,K235
2016-08-08 21:24:32,0006B294D3,K235
2016-08-08 21:24:55,00075D110D,K235
2016-08-08 21:26:02,0006B3A093,K235
2016-08-08 21:27:26,00075D1338,K235
2016-08-08 21:27:46,00075D8712,K235
2016-08-08 23:34:16,00075D0E3A,K235
2016-08-09 01:26:44,00075D0E3A,K235
2016-08-09 05:09:25,00065EBF3C,K235
2016-08-09 05:09:52,00074F0832,K235
2016-08-09 05:16:43,00075D28F0,K235
2016-08-09 05:16:57,0006B35440,K235
2016-08-09 05:18:51,0006B34FCA,K235
2016-08-09 05:21:20,00075D110D,K235
2016-08-09 05:21:34,0006B39900,K235
2016-08-09 05:23:06,00075D175F,K235
2016-08-09 05:23:13,00075D1E39,K235
2016-08-09 05:24:21,00075D1338,K235
2016-08-09 05:24:30,00074F238E,K235
2016-08-09 05:25:35,00075D2562,K235
2016-08-09 05:31:35,00075CFA6F,K235
2016-08-09 05:32:21,0006B34F91,K235
2016-08-09 05:33:45,00061D4D10,K235
2016-08-09 05:34:00,00074FA4F8,K235
2016-08-09 05:37:14,00068E1A0D,K235
2016-08-09 05:37:30,00074BE89B,K235
2016-08-09 05:38:01,00074F4107,K235
2016-08-09 05:46:21,0006B3775E,K235
2016-08-09 06:31:49,00075CFA6F,K235
2016-08-09 21:14:11,00074F4107,K235
2016-08-09 21:14:17,00075D1E39,K235
2016-08-09 21:16:42,0006B2A1D2,K235
2016-08-09 21:17:46,00061D4D10,K235
2016-08-09 21:17:48,0006B3775E,K235
2016-08-09 21:17:57,00074F238E,K235
2016-08-09 21:18:31,00065EBF3C,K235
2016-08-09 21:19:34,00074FA290,K235
2016-08-09 21:19:45,00074FA4F8,K235
2016-08-09 21:19:59,00075D175F,K235
2016-08-09 21:23:38,00075D0E3A,K235
2016-08-09 21:23:45,00074BE89B,K235
2016-08-09 21:23:46,0006B34F91,K235
2016-08-09 21:23:54,00068E1A0D,K235
2016-08-09 21:24:18,00075D110D,K235
2016-08-09 21:25:55,0006B39900,K235
2016-08-09 21:26:19,00075D8712,K235
2016-08-09 21:26:32,00074F0832,K235
2016-08-09 21:28:18,00075D28F0,K235
2016-08-09 21:28:45,00075D2562,K235
2016-08-09 21:29:32,00075D1338,K235
2016-08-09 21:29:35,0006B34FCA,K235
2016-08-09 21:31:25,0006B3A093,K235
2016-08-09 21:31:52,00075CFA6F,K235
2016-08-09 21:32:04,0006B35440,K235
2016-08-10 01:05:27,00075D0E3A,K235
2016-08-10 01:09:45,00075D0E3A,K235
2016-08-10 15:08:09,00075D0E3A,K235
2016-08-10 15:10:10,00075D0E3A,K235
2016-08-10 15:12:11,00075D0E3A,K235
2016-08-10 15:14:12,00075D0E3A,K235
2016-08-10 15:16:13,00075D0E3A,K235
2016-08-10 15:18:14,00075D0E3A,K235
2016-08-10 15:20:15,00075D0E3A,K235
2016-08-10 15:22:16,00075D0E3A,K235
2016-08-10 15:24:17,00075D0E3A,K235
2016-08-10 15:26:18,00075D0E3A,K235
2016-08-10 15:28:19,00075D0E3A,K235
2016-08-10 15:30:20,00075D0E3A,K235
2016-08-10 15:32:22,00075D0E3A,K235
2016-08-10 15:34:23,00075D0E3A,K235
2016-08-10 15:36:25,00075D0E3A,K235
2016-08-10 15:38:26,00075D0E3A,K235
2016-08-10 15:40:27,00075D0E3A,K235
2016-08-10 21:06:58,00074F4107,K7
2016-08-10 21:10:26,00074F238E,K7
2016-08-10 21:11:15,0006B34F91,K7
2016-08-10 21:11:24,00075D175F,K7
2016-08-10 21:13:48,00065EBF3C,K7
2016-08-10 21:14:41,0006B3775E,K7
2016-08-10 21:15:11,0006B2A1D2,K7
2016-08-10 21:15:50,00075D2562,K7
2016-08-10 21:16:35,0006B3A093,K7
2016-08-10 21:17:17,00074FA290,K7
2016-08-10 21:19:19,00075CFA6F,K7
2016-08-10 21:19:40,00074BE89B,K7
2016-08-10 21:21:03,00074FA4F8,K7
2016-08-10 21:21:11,00068E1A0D,K7
2016-08-10 21:21:36,0006B39900,K7
2016-08-10 21:22:05,00075D1E39,K7
2016-08-10 21:22:31,0006B294D3,K7
2016-08-10 21:24:28,00075D8712,K7
2016-08-10 21:24:30,00075D28F0,K7
2016-08-10 21:24:53,0006B34FCA,K7
2016-08-10 21:25:14,0006B35440,K7
2016-08-10 21:26:11,00074F0832,K7
2016-08-10 21:27:10,00075D110D,K7
2016-08-10 21:27:26,00075D1338,K7
2016-08-11 01:49:05,00075D28F0,K7
2016-08-11 02:29:09,00065EBF3C,K7
2016-08-11 02:34:45,00065EBF3C,K7
2016-08-11 02:35:16,0006B39900,K7
2016-08-11 02:49:40,0006B34F91,K7
2016-08-11 04:48:18,00065EBF3C,K7
2016-08-11 04:49:05,0006B39900,K7
2016-08-11 04:49:42,0006B35440,K7
2016-08-11 04:51:30,0006B3A093,K7
2016-08-11 05:09:30,00075D1E39,K7
2016-08-11 05:09:42,00075D2562,K7
2016-08-11 05:10:25,00075D175F,K7
2016-08-11 05:37:10,0006B3A093,K7
2016-08-11 05:44:13,00075D110D,K7
2016-08-11 21:15:50,00075D8712,K7
2016-08-11 21:19:31,00074F238E,K7
2016-08-11 21:24:16,0006B39900,K7
2016-08-11 21:24:40,00075D1E39,K7
2016-08-11 21:25:35,0006B35440,K7
2016-08-11 21:27:25,00065EBF3C,K7
2016-08-11 21:28:04,00075D175F,K7
2016-08-11 21:28:45,0006B294D3,K7
2016-08-11 21:29:19,00075D2562,K7
2016-08-11 21:30:17,00075D110D,K7
2016-08-12 21:03:41,00075D2562,K23
2016-08-12 21:13:24,00075D110D,K23
2016-08-12 21:13:26,00075D175F,K23
2016-08-12 21:14:57,00075D8712,K23
2016-08-12 21:16:02,00075D1E39,K23
2016-08-12 21:17:18,00074F238E,K23
2016-08-13 05:07:53,0006B39900,K23
2016-08-13 05:08:28,0006B34F91,K23
2016-08-13 05:13:21,00075D8712,K23
2016-08-13 05:13:54,0006B34FCA,K23
2016-08-13 05:14:00,00074F4107,K23
2016-08-13 05:14:19,00075D110D,K23
2016-08-13 05:14:56,00075D28F0,K23
2016-08-13 05:18:36,0006B3775E,K23
2016-08-13 05:20:13,00074F4107,K23
2016-08-13 05:22:09,00075D28F0,K23
2016-08-13 05:24:54,00075D28F0,K23
2016-08-13 05:29:15,00075D2562,K23
2016-08-13 05:29:55,00075D1338,K23
2016-08-13 05:53:25,00075D175F,K23
2016-08-13 05:55:49,00065EBF3C,K23
2016-08-13 05:55:51,00075CFA6F,K23
2016-08-13 20:42:38,00075D175F,K23
2016-08-13 20:43:48,0006B39900,K23
2016-08-13 20:43:50,00068E1A0D,K23
2016-08-13 20:44:42,00075D175F,K23
2016-08-13 20:46:58,00065EBF3C,K23
2016-08-13 20:49:08,00065EBF3C,K23
2016-08-13 20:49:41,00074F238E,K23
2016-08-13 20:55:02,00074F238E,K23
2016-08-13 20:55:36,00074FA290,K23
2016-08-13 20:56:15,00075D8712,K23
2016-08-13 20:56:42,00075D1E39,K23
2016-08-13 20:56:49,00061D4D10,K23
2016-08-13 20:56:54,00074FA4F8,K23
2016-08-13 20:57:20,00074F4107,K23
2016-08-13 20:57:44,00075CFA6F,K23
2016-08-13 20:58:26,0006B2A1D2,K23
2016-08-13 20:58:35,00075D2562,K23
2016-08-13 20:58:41,00075D8712,K23
2016-08-13 20:58:46,0006B34F91,K23
2016-08-13 20:59:33,0006B3775E,K23
2016-08-13 20:59:46,00074F0832,K23
2016-08-13 21:00:30,0006B294D3,K23
2016-08-13 21:00:34,00075D28F0,K23
2016-08-13 21:02:46,0006B34FCA,K23
2016-08-13 21:03:50,00075D110D,K23
2016-08-13 21:04:20,0006B35440,K23
2016-08-13 21:04:34,0006B3A093,K23
2016-08-13 21:06:08,00075D1338,K23
2016-08-14 04:52:06,00075D0E3A,K23
2016-08-14 04:54:46,00075D0E3A,K23
2016-08-14 05:03:20,00075D0E3A,K23
2016-08-14 05:06:51,00075D0E3A,K23
2016-08-14 05:08:43,00065EBF3C,K23
2016-08-14 05:08:52,00075D0E3A,K23
2016-08-14 05:10:53,00075D0E3A,K23
2016-08-14 05:12:00,0006B3775E,K23
2016-08-14 05:12:54,00075D0E3A,K23
2016-08-14 05:14:55,00075D0E3A,K23
2016-08-14 05:16:07,00075D8712,K23
2016-08-14 05:16:56,00075D0E3A,K23
2016-08-14 05:19:01,00075D0E3A,K23
2016-08-14 05:20:36,0006B34F91,K23
2016-08-14 05:21:40,00075D0E3A,K23
2016-08-14 05:23:44,00075D0E3A,K23
2016-08-14 05:24:19,0006B39900,K23
2016-08-14 05:24:29,00074BE89B,K23
2016-08-14 05:25:04,00075D28F0,K23
2016-08-14 05:25:16,00075D110D,K23
2016-08-14 05:25:45,00075D0E3A,K23
2016-08-14 05:26:07,00068E1A0D,K23
2016-08-14 05:26:36,0006B34FCA,K23
2016-08-14 05:27:47,00075D0E3A,K23
2016-08-14 05:28:16,0006B2A1D2,K23
2016-08-14 05:30:43,00075CFA6F,K23
2016-08-14 05:31:18,00075D0E3A,K23
2016-08-14 05:32:25,0006B2A1D2,K23
2016-08-14 05:33:16,00074F4107,K23
2016-08-14 05:33:25,00075D0E3A,K23
2016-08-14 05:35:12,00075D2562,K23
2016-08-14 05:37:51,0006B39900,K23
2016-08-14 05:41:25,00075D0E3A,K23
2016-08-14 05:43:26,00075D0E3A,K23
2016-08-14 05:43:33,00075D1338,K23
2016-08-14 05:45:32,00075D0E3A,K23
2016-08-14 05:47:31,00075D1338,K23
2016-08-14 05:47:34,00075D0E3A,K23
2016-08-14 05:49:35,00075D0E3A,K23
2016-08-14 05:51:36,00075D0E3A,K23
2016-08-14 05:53:37,00075D0E3A,K23
2016-08-14 06:10:23,00075D0E3A,K23
2016-08-14 06:12:25,00075D0E3A,K23
2016-08-14 06:14:28,00075D0E3A,K23
2016-08-14 06:16:29,00075D0E3A,K23
2016-08-14 06:18:30,00075D0E3A,K23
2016-08-14 06:20:31,00075D0E3A,K23
2016-08-14 06:22:32,00075D0E3A,K23
2016-08-14 06:24:33,00075D0E3A,K23
2016-08-14 06:26:34,00075D0E3A,K23
2016-08-14 06:28:35,00075D0E3A,K23
2016-08-14 06:30:36,00075D0E3A,K23
2016-08-14 06:32:37,00075D0E3A,K23
2016-08-14 06:34:39,00075D0E3A,K23
2016-08-14 06:36:40,00075D0E3A,K23
2016-08-14 06:38:41,00075D0E3A,K23
2016-08-14 06:40:42,00075D0E3A,K23
2016-08-14 06:42:43,00075D0E3A,K23
2016-08-14 06:44:44,00075D0E3A,K23
2016-08-14 06:46:45,00075D0E3A,K23
2016-08-14 20:54:17,0006B3775E,K23
2016-08-14 21:02:26,00065EBF3C,K23
2016-08-14 21:02:37,00075D175F,K23
2016-08-14 21:04:22,0006B39900,K23
2016-08-14 21:05:12,00074F238E,K23
2016-08-14 21:05:54,00061D4D10,K23
2016-08-14 21:06:00,00075CFA6F,K23
2016-08-14 21:06:48,00075D2562,K23
2016-08-14 21:07:07,0006B2A1D2,K23
2016-08-14 21:08:41,00074FA4F8,K23
2016-08-14 21:09:01,00075D1E39,K23
2016-08-14 21:09:05,00074BE89B,K23
2016-08-14 21:09:19,00074FA290,K23
2016-08-14 21:09:48,0006B34FCA,K23
2016-08-14 21:10:16,0006B294D3,K23
2016-08-14 21:10:19,00068E1A0D,K23
2016-08-14 21:11:17,00074F0832,K23
2016-08-14 21:11:24,0006B35440,K23
2016-08-14 21:11:37,00075D1338,K23
2016-08-14 21:11:59,00075D110D,K23
2016-08-14 21:12:16,0006B34F91,K23
2016-08-14 21:13:04,00075D8712,K23
2016-08-14 21:14:02,00074F4107,K23
2016-08-14 21:14:11,0006B3A093,K23
2016-08-14 21:14:34,00075D28F0,K23
2016-08-14 21:16:15,00075D0E3A,K23
2016-08-15 05:29:21,00065EBF3C,K23
2016-08-15 05:30:45,00075D175F,K23
2016-08-15 05:31:05,0006B39900,K23
2016-08-15 05:31:16,0006B3775E,K23
2016-08-15 05:32:03,0006B34F91,K23
2016-08-15 05:32:15,00074FA4F8,K23
2016-08-15 05:32:19,00075D1338,K23
2016-08-15 05:32:45,00075D8712,K23
2016-08-15 05:32:49,00075D110D,K23
2016-08-15 05:33:07,00075D2562,K23
2016-08-15 05:34:01,00075CFA6F,K23
2016-08-15 05:34:23,00075D1E39,K23
2016-08-15 05:37:36,00068E1A0D,K23
2016-08-15 06:02:57,00075CFA6F,K23
2016-08-15 06:08:11,00075D0E3A,K23
2016-08-15 21:00:32,00065EBF3C,K23
2016-08-15 21:02:33,00074F238E,K23
2016-08-15 21:03:01,00075D175F,K23
2016-08-15 21:03:39,00061D4D10,K23
2016-08-15 21:05:47,00075D28F0,K23
2016-08-15 21:06:38,00075CFA6F,K23
2016-08-15 21:07:55,00068E1A0D,K23
2016-08-15 21:08:02,0006B3775E,K23
2016-08-15 21:08:18,00074FA4F8,K23
2016-08-15 21:08:20,00075D0E3A,K23
2016-08-15 21:08:23,0006B2A1D2,K23
2016-08-15 21:08:27,00074FA290,K23
2016-08-15 21:08:34,00075D110D,K23
2016-08-15 21:09:36,0006B35440,K23
2016-08-15 21:10:13,0006B34FCA,K23
2016-08-15 21:11:52,00075D1E39,K23
2016-08-15 21:12:00,00075D1338,K23
2016-08-15 21:12:07,00075D2562,K23
2016-08-15 21:15:29,00075D8712,K23
2016-08-15 21:16:27,0006B294D3,K23
2016-08-15 23:02:28,00075D0E3A,K23
2016-08-16 05:25:22,00061D4D10,K23
2016-08-16 11:04:05,00075D0E3A,K23
2016-08-16 11:06:07,00075D0E3A,K23
2016-08-16 11:08:08,00075D0E3A,K23
2016-08-16 11:10:09,00075D0E3A,K23
2016-08-16 11:12:11,00075D0E3A,K23
2016-08-16 11:14:12,00075D0E3A,K23
2016-08-16 11:16:13,00075D0E3A,K23
2016-08-16 11:18:14,00075D0E3A,K23
2016-08-16 11:20:15,00075D0E3A,K23
2016-08-16 11:22:16,00075D0E3A,K23
2016-08-16 11:24:17,00075D0E3A,K23
2016-08-16 11:26:18,00075D0E3A,K23
2016-08-16 11:28:19,00075D0E3A,K23
2016-08-16 11:30:20,00075D0E3A,K23
2016-08-16 11:32:31,00075D0E3A,K23
2016-08-16 11:34:33,00075D0E3A,K23
2016-08-16 11:36:34,00075D0E3A,K23
2016-08-16 11:38:35,00075D0E3A,K23
2016-08-16 11:40:36,00075D0E3A,K23
2016-08-16 11:42:37,00075D0E3A,K23
2016-08-16 11:44:40,00075D0E3A,K23
2016-08-16 11:46:41,00075D0E3A,K23
2016-08-16 11:48:42,00075D0E3A,K23
2016-08-16 11:50:43,00075D0E3A,K23
2016-08-16 12:06:31,00075D0E3A,K23
2016-08-16 14:22:20,00075D0E3A,K23
2016-08-16 16:02:52,00075D0E3A,K23
2016-08-16 16:08:35,00075D0E3A,K23
2016-08-16 17:13:02,00075D0E3A,K23
2016-08-16 19:30:59,00075D0E3A,K23
2016-08-16 20:46:53,00075CFA6F,K26
2016-08-16 20:50:37,00075D175F,K26
2016-08-16 20:51:14,00065EBF3C,K26
2016-08-16 20:52:09,00075CFA6F,K26
2016-08-16 20:52:56,00061D4D10,K26
2016-08-16 20:53:46,00075D0E3A,K23
2016-08-16 20:56:01,00074F4107,K26
2016-08-16 20:56:13,0006B2A1D2,K26
2016-08-16 20:56:47,00075D28F0,K26
2016-08-16 20:57:10,00074F0832,K26
2016-08-16 20:57:13,00074FA4F8,K26
2016-08-16 20:57:44,0006B3775E,K26
2016-08-16 20:57:46,0006B34F91,K26
2016-08-16 20:58:20,00075D2562,K26
2016-08-16 20:58:28,0006B39900,K26
2016-08-16 20:58:40,00074F238E,K26
2016-08-16 20:59:35,00074FA290,K26
2016-08-16 20:59:40,0006B34FCA,K26
2016-08-16 21:03:08,00075D110D,K26
2016-08-16 21:03:20,0006B294D3,K26
2016-08-16 21:03:40,00075D1E39,K26
2016-08-16 21:04:19,00075D8712,K26
2016-08-16 21:04:44,00075D1338,K26
2016-08-16 21:04:53,0006B35440,K26
2016-08-16 21:07:41,0006B3A093,K26
2016-08-16 21:25:29,00075D0E3A,K23
2016-08-17 05:21:28,00065EBF3C,K26
2016-08-17 05:23:45,0006B39900,K26
2016-08-17 05:23:50,00074BE89B,K26
2016-08-17 05:24:55,00074FA290,K26
2016-08-17 05:25:43,00074F0832,K26
2016-08-17 05:25:55,00074FA4F8,K26
2016-08-17 05:26:02,0006B35440,K26
2016-08-17 05:26:05,00075D110D,K26
2016-08-17 05:26:12,00075D8712,K26
2016-08-17 05:26:35,00075D175F,K26
2016-08-17 05:29:08,00061D4D10,K26
2016-08-17 05:29:17,00068E1A0D,K26
2016-08-17 05:33:28,0006B34FCA,K26
2016-08-17 05:34:41,0006B34F91,K26
2016-08-17 05:37:10,00075D2562,K26
2016-08-17 05:37:42,0006B3775E,K26
2016-08-17 05:38:02,00075CFA6F,K26
2016-08-17 05:39:03,00075D1338,K26
2016-08-17 05:40:39,00075D28F0,K26
2016-08-17 05:49:47,00075D1E39,K26
2016-08-17 05:50:00,00074F4107,K26
2016-08-17 05:50:47,00074FA4F8,K26
2016-08-17 20:52:34,00075CFA6F,K26
2016-08-17 20:52:43,00074BE89B,K26
2016-08-17 20:54:50,00065EBF3C,K26
2016-08-17 20:55:33,00075D175F,K26
2016-08-17 20:55:58,0006B39900,K26
2016-08-17 20:59:47,00074F238E,K26
2016-08-17 21:00:19,0006B2A1D2,K26
2016-08-17 21:00:46,0006B3775E,K26
2016-08-17 21:01:01,0006B34F91,K26
2016-08-17 21:01:14,00068E1A0D,K26
2016-08-17 21:02:53,00075D1E39,K26
2016-08-17 21:03:01,00075D2562,K26
2016-08-17 21:03:07,00075D28F0,K26
2016-08-17 21:03:28,00074F4107,K26
2016-08-17 21:04:44,00074FA290,K26
2016-08-17 21:05:07,00075D1338,K26
2016-08-17 21:05:12,0006B34FCA,K26
2016-08-17 21:05:15,00074F0832,K26
2016-08-17 21:05:21,00075D8712,K26
2016-08-17 21:05:27,0006B35440,K26
2016-08-17 21:07:20,00075D110D,K26
2016-08-17 21:09:44,0006B294D3,K26
2016-08-17 21:12:13,0006B3A093,K26
2016-08-18 20:40:39,00065EBF3C,K2
2016-08-18 20:41:17,00074F4107,K2
2016-08-18 20:46:14,00075D175F,K2
2016-08-18 20:47:35,0006B3775E,K2
2016-08-18 20:47:39,00074F0832,K2
2016-08-18 20:47:49,0006B35440,K2
2016-08-18 20:48:02,00068E1A0D,K2
2016-08-18 20:48:05,00075CFA6F,K2
2016-08-18 20:48:18,0006B3A093,K2
2016-08-18 20:48:28,00075D8712,K2
2016-08-18 20:49:42,00074FA4F8,K2
2016-08-18 20:49:46,0006B39900,K2
2016-08-18 20:50:18,0006B34FCA,K2
2016-08-18 20:51:00,00074F238E,K2
2016-08-18 20:51:37,00075D2562,K2
2016-08-18 20:53:07,0006B294D3,K2
2016-08-18 20:53:14,0006B2A1D2,K2
2016-08-18 20:53:47,00075D1338,K2
2016-08-18 20:54:17,00075D110D,K2
2016-08-18 20:54:40,00075D1E39,K2
2016-08-18 20:54:58,00075D28F0,K2
2016-08-19 20:12:56,00075CFA6F,K9
2016-08-19 20:38:53,00074FA290,K9
2016-08-19 20:39:03,00065EBF3C,K9
2016-08-19 20:39:51,0006B3775E,K9
2016-08-19 20:43:05,00075CFA6F,K9
2016-08-19 20:44:31,00074F238E,K9
2016-08-19 20:46:25,00075D175F,K9
2016-08-19 20:46:42,00074BE89B,K9
2016-08-19 20:47:06,0006B2A1D2,K9
2016-08-19 20:47:10,00074F0832,K9
2016-08-19 20:47:27,0006B39900,K9
2016-08-19 20:47:58,00061D4D10,K9
2016-08-19 20:48:55,0006B34FCA,K9
2016-08-19 20:48:57,00074F4107,K9
2016-08-19 20:49:27,00075D28F0,K9
2016-08-19 20:50:45,00075D1E39,K9
2016-08-19 20:50:56,00074FA4F8,K9
2016-08-19 20:51:04,0006B294D3,K9
2016-08-19 20:51:13,00075D2562,K9
2016-08-19 20:52:48,00075D8712,K9
2016-08-19 20:55:24,0006B3A093,K9
2016-08-19 20:56:42,00075D110D,K9
2016-08-19 20:56:46,00075D1338,K9
2016-08-22 20:44:51,00074F4107,K235
2016-08-22 20:45:56,00074F238E,K235
2016-08-22 20:46:00,00075CFA6F,K235
2016-08-22 20:47:34,00075D1E39,K235
2016-08-22 20:47:53,00068E1A0D,K235
2016-08-22 20:47:55,0006B2A1D2,K235
2016-08-22 20:48:00,00075D28F0,K235
2016-08-22 20:48:19,00075D175F,K235
2016-08-22 20:48:39,00065EBF3C,K235
2016-08-22 20:50:11,0006B39900,K235
2016-08-22 20:50:15,0006B34F91,K235
2016-08-22 20:50:40,0006B3775E,K235
2016-08-22 20:51:39,0006B35440,K235
2016-08-22 20:52:03,00074FA4F8,K235
2016-08-22 20:52:41,0006B34FCA,K235
2016-08-22 20:53:21,00074F0832,K235
2016-08-22 20:54:03,0006B294D3,K235
2016-08-22 20:55:01,00074BE89B,K235
2016-08-22 20:55:38,00074FA290,K235
2016-08-22 20:55:49,00075D2562,K235
2016-08-22 20:56:05,00075D8712,K235
2016-08-22 20:57:08,00075D110D,K235
2016-08-22 20:57:14,00075D1338,K235
2016-08-22 20:58:49,0006B3A093,K235
2016-08-23 05:52:38,00075D2562,K235
2016-08-23 05:52:57,00075D28F0,K235
2016-08-23 05:53:11,00075CFA6F,K235
2016-08-23 05:56:10,0006B39900,K235
2016-08-23 05:57:00,00075D1338,K235
2016-08-23 06:02:52,00074BE89B,K235
2016-08-23 20:47:42,00065EBF3C,K235
2016-08-23 20:48:45,00075CFA6F,K235
2016-08-23 20:48:57,00074F238E,K235
2016-08-23 20:50:10,00074FA4F8,K235
2016-08-23 20:50:18,00075D28F0,K235
2016-08-23 20:52:56,00074F0832,K235
2016-08-23 20:53:11,00074BE89B,K235
2016-08-23 20:53:36,0006B39900,K235
2016-08-23 20:53:58,00075D8712,K235
2016-08-23 20:54:16,00075D1E39,K235
2016-08-23 20:55:10,0006B2A1D2,K235
2016-08-23 20:55:44,00075D2562,K235
2016-08-23 20:57:10,00075D1338,K235
2016-08-23 20:58:25,0006B34FCA,K235
2016-08-23 20:59:58,0006B3A093,K235
2016-08-24 19:26:34,00074F4107,K7
2016-08-24 20:30:40,00075CFA6F,K7
2016-08-24 20:32:05,0006B3775E,K7
2016-08-24 20:32:47,00065EBF3C,K7
2016-08-24 20:37:22,00068E1A0D,K7
2016-08-24 20:38:29,00075D175F,K7
2016-08-24 20:38:33,00075D28F0,K7
2016-08-24 20:38:35,00074FA4F8,K7
2016-08-24 20:40:10,0006B34FCA,K7
2016-08-24 20:40:23,00075D8712,K7
2016-08-24 20:40:26,0006B34F91,K7
2016-08-24 20:42:02,00075D110D,K7
2016-08-24 20:42:15,0006B39900,K7
2016-08-24 20:43:54,00074F4107,K7
2016-08-24 20:44:26,0006B294D3,K7
2016-08-25 05:57:35,00065EBF3C,K7
2016-08-25 05:58:23,00075CFA6F,K7
2016-08-25 05:58:36,00075D28F0,K7
2016-08-25 05:59:04,00075D110D,K7
2016-08-25 05:59:39,00075D1E39,K7
2016-08-25 06:00:14,00074FA4F8,K7
2016-08-25 06:01:26,00075D175F,K7
2016-08-25 06:02:57,0006B34FCA,K7
2016-08-25 06:03:11,0006B3775E,K7
2016-08-25 06:15:20,0006B39900,K7
2016-08-25 20:36:23,00075D175F,K7
2016-08-25 20:36:34,0006B3A093,K7
2016-08-25 20:37:02,00075CFA6F,K7
2016-08-25 20:38:10,00065EBF3C,K7
2016-08-25 20:38:52,00075D28F0,K7
2016-08-25 20:39:14,0006B39900,K7
2016-08-25 20:40:51,0006B3775E,K7
2016-08-25 20:40:54,00074FA4F8,K7
2016-08-25 20:42:41,0006B294D3,K7
2016-08-25 20:42:48,0006B34FCA,K7
2016-08-25 20:44:05,00075D8712,K7
2016-08-25 20:44:28,00074F4107,K7
2016-08-25 20:45:23,00075D1E39,K7
2016-08-25 20:46:56,00075D110D,K7
2016-08-31 20:31:32,00075D175F,K10
2016-08-31 20:32:02,00075CFA6F,K10
2016-08-31 20:32:05,0006B2A1D2,K10
2016-08-31 20:32:26,00075D2562,K10
2016-08-31 20:32:39,0006B39900,K10
2016-08-31 20:33:33,00075D8712,K10
2016-08-31 20:34:02,00074FA4F8,K10
2016-08-31 20:35:00,00075D110D,K10
2016-09-01 06:07:52,0006B39900,K10
2016-09-01 06:08:24,00075D175F,K10
2016-09-01 06:09:08,00075D1E39,K10
2016-09-01 06:10:58,00075D2562,K10
2016-09-01 06:17:30,00075CFA6F,K10
2016-09-01 06:17:34,00075D110D,K10
2016-09-01 20:18:35,00075D175F,K10
2016-09-01 20:20:39,00075CFA6F,K10
2016-09-01 20:22:07,00075D1E39,K10
2016-09-01 20:23:50,00075D2562,K10
2016-09-01 20:25:49,0006B2A1D2,K10
2016-09-01 20:25:53,0006B39900,K10
2016-09-01 20:26:32,00075D110D,K10
2016-09-02 06:03:16,00075CFA6F,K10
2016-09-02 06:03:30,00075D110D,K10
2016-09-02 06:03:39,00075D2562,K10
2016-09-02 06:06:07,00075D175F,K10
2016-09-02 06:10:05,00075D1E39,K10
2016-09-02 06:11:23,00075D8712,K10
2016-09-02 06:19:36,00075D8712,K10
2016-09-06 20:23:46,00074F238E,K10
2016-09-06 20:24:05,00074FA4F8,K10
2016-09-06 20:25:19,00075D1E39,K10
2016-09-06 20:25:35,0006B39900,K10
2016-09-06 20:26:07,00074BE89B,K10
2016-09-06 20:32:32,00075D2562,K10
2016-09-06 20:32:41,00075D110D,K10
2016-09-06 20:33:04,0006B35440,K10
2016-09-07 06:00:49,0006B35440,K10
2016-09-07 06:01:37,00074BE89B,K10
2016-09-07 06:01:43,00074FA4F8,K10
2016-09-07 06:01:46,00074FA290,K10
2016-09-07 06:02:01,0006B39900,K10
2016-09-07 06:02:20,00075D2562,K10
2016-09-07 06:02:23,00074F4107,K10
2016-09-07 06:02:34,00075D1E39,K10
2016-09-07 06:02:42,00075D175F,K10
2016-09-07 06:03:37,00075D8712,K10
2016-09-07 06:08:59,00075CFA6F,K10
2016-09-07 06:09:13,00075D110D,K10
2016-09-07 20:23:50,00075D175F,K10
2016-09-07 20:24:18,00075D8712,K10
2016-09-07 20:28:05,00074FA290,K10
2016-09-07 20:29:52,00075CFA6F,K10
2016-09-07 20:30:04,00075D1E39,K10
2016-09-07 20:30:06,0006B39900,K10
2016-09-07 20:32:45,00074F4107,K10
2016-09-07 20:34:16,00075D110D,K10
2016-09-07 20:35:31,00075D2562,K10
2016-09-07 20:35:37,0006B35440,K10
2016-09-08 06:07:09,0006B39900,K10
2016-09-08 06:07:29,00074FA290,K10
2016-09-08 06:07:34,00075D175F,K10
2016-09-08 06:08:11,00075D8712,K10
2016-09-08 06:08:52,00074FA4F8,K10
2016-09-08 06:10:12,00075D28F0,K10
2016-09-08 06:10:18,0006B35440,K10
2016-09-08 06:11:23,00075CFA6F,K10
2016-09-08 06:13:05,00075D28F0,K10
2016-09-08 06:15:31,00075D2562,K10
2016-09-08 06:18:06,00074BE89B,K10
2016-09-08 06:21:33,00075D28F0,K10
2016-09-08 20:14:10,00075D175F,K10
2016-09-08 20:14:23,00074F238E,K10
2016-09-08 20:19:28,00075D2562,K10
2016-09-08 20:20:48,00075D28F0,K10
2016-09-08 20:21:54,00075D8712,K10
2016-09-08 20:22:42,0006B35440,K10
2016-09-08 20:22:48,0006B39900,K10
2016-09-08 20:22:55,00075CFA6F,K10
2016-09-09 06:10:23,0006B39900,K10
2016-09-09 06:10:41,0006B35440,K10
2016-09-09 06:10:49,00074FA290,K10
2016-09-09 06:10:55,00074BE89B,K10
2016-09-09 06:11:39,00075D2562,K10
2016-09-09 06:12:14,00075D8712,K10
2016-09-09 06:12:28,00075D28F0,K10
2016-09-09 06:16:35,00075CFA6F,K10
2016-09-09 06:16:56,00075D1E39,K10
2016-09-09 06:19:27,00075D110D,K10
2016-09-09 06:19:37,00075D175F,K10
2016-09-09 20:09:04,00075D1E39,K10
2016-09-09 20:13:49,00075CFA6F,K10
2016-09-09 20:16:14,0006B35440,K10
2016-09-09 20:16:18,00075D2562,K10
2016-09-09 20:16:30,00075D175F,K10
2016-09-09 20:17:37,00075D28F0,K10
2016-09-09 20:19:07,00075D8712,K10
2016-09-09 20:19:57,00074BE89B,K10
2016-09-09 20:20:06,00075D110D,K10
2016-09-09 20:21:20,00074FA290,K10
2016-09-10 06:17:35,0006B39900,K10
2016-09-10 06:18:10,00075CFA6F,K10
2016-09-10 06:18:21,0006B35440,K10
2016-09-10 06:18:33,00075D8712,K10
2016-09-10 06:19:04,00075D110D,K10
2016-09-10 06:20:24,00075D28F0,K10
2016-09-10 06:20:51,00074BE89B,K10
2016-09-10 06:21:16,00075D2562,K10
2016-09-10 20:06:25,00075D28F0,K10
2016-09-10 20:09:26,00075D2562,K10
2016-09-10 20:12:13,00075D8712,K10
2016-09-10 20:12:36,0006B35440,K10
2016-09-10 20:15:27,00075D110D,K10
2016-09-10 20:16:13,00074BE89B,K10
2016-09-11 06:06:09,0006B39900,K10
2016-09-11 06:06:28,00074FA290,K10
2016-09-11 06:08:32,0006B35440,K10
2016-09-11 06:08:39,00075CFA6F,K10
2016-09-11 06:10:24,00075D175F,K10
2016-09-11 06:11:18,0006B35440,K10
2016-09-11 06:11:31,00075D8712,K10
2016-09-11 06:16:22,00075D28F0,K10
2016-09-11 06:16:40,00075D110D,K10
2016-09-11 06:17:12,00075D2562,K10
2016-09-11 06:22:57,00074FA4F8,K10
2016-09-11 20:11:00,00075D175F,K10
2016-09-11 20:11:06,00075D28F0,K10
2016-09-11 20:13:51,00075D2562,K10
2016-09-11 20:14:08,0006B35440,K10
2016-09-11 20:14:28,00075D8712,K10
2016-09-11 20:16:00,00074FA290,K10
2016-09-11 20:19:21,00075D110D,K10
