date_time,id,box
2014-04-21 21:03:01,00065EBF3C,K16
2014-04-21 21:03:56,0006B2A1D2,K16
2014-04-21 21:04:56,00074FA4F8,K16
2014-04-21 21:05:43,0006B35DED,K16
2014-04-21 21:06:37,00061D4D10,K16
2014-04-21 21:06:47,000697CE1D,K16
2014-04-21 21:06:59,0006B35971,K16
2014-04-21 21:07:58,0006B35440,K16
2014-04-21 21:09:11,000697A0CF,K16
2014-04-21 21:09:14,0006B34F91,K16
2014-04-21 21:13:32,0006B294D3,K16
2014-04-21 21:17:45,00068E1A0D,K16
2014-04-22 01:16:08,0006B35DED,K16
2014-04-22 04:57:27,00074F0832,K16
2014-04-22 04:59:18,00068E1A0D,K16
2014-04-22 04:59:27,0006B39900,K16
2014-04-22 05:02:06,00074FA4F8,K16
2014-04-22 05:10:06,00061D4D10,K16
2014-04-22 05:18:28,00065EBF3C,K16
2014-04-22 05:20:52,0006B34F91,K16
2014-04-22 05:34:57,0006B35971,K16
2014-04-22 05:36:17,0006B3775E,K16
2014-04-22 20:53:46,0006B39900,K16
2014-04-22 20:59:26,00061D4D10,K16
2014-04-22 21:02:59,00074F0832,K16
2014-04-22 21:03:09,0006B35440,K16
2014-04-22 21:05:51,0006B34F91,K16
2014-04-22 21:06:50,0006B35971,K16
2014-04-22 21:07:02,0006B3775E,K16
2014-04-22 21:07:26,00065EBF3C,K16
2014-04-22 21:08:35,00074FA4F8,K16
2014-04-22 21:09:22,000697A0CF,K16
2014-04-22 21:09:25,0006B2A1D2,K16
2014-04-22 21:12:01,0006B35DED,K16
2014-04-22 21:16:24,00068E1A0D,K16
2014-04-22 21:16:29,0006B294D3,K16
2014-04-23 00:46:26,0006B3775E,K16
2014-04-23 00:47:25,0006B3775E,K16
2014-04-23 02:28:30,0006B39900,K16
2014-04-23 02:33:11,0006B39900,K16
2014-04-23 05:01:05,00074F0832,K16
2014-04-23 05:01:44,00074FA4F8,K16
2014-04-23 05:02:28,0006B34F91,K16
2014-04-23 05:03:59,0006B39900,K16
2014-04-23 05:08:29,0006B34FCA,K16
2014-04-23 05:12:53,00068E1A0D,K16
2014-04-23 05:19:19,0006B35DED,K16
2014-04-23 05:20:13,000697CE1D,K16
2014-04-23 05:21:27,0006B35971,K16
2014-04-23 20:56:19,00061D4D10,K16
2014-04-23 21:03:14,000697A0CF,K16
2014-04-23 21:03:50,0006B35971,K16
2014-04-23 21:03:57,0006B34F91,K16
2014-04-23 21:04:51,0006B34FCA,K16
2014-04-23 21:05:06,00074F0832,K16
2014-04-23 21:05:16,0006B35440,K16
2014-04-23 21:05:19,00065EBF3C,K16
2014-04-23 21:06:28,0006B2A1D2,K16
2014-04-23 21:06:55,0006B2A1D2,K16
2014-04-23 21:06:58,00074FA4F8,K16
2014-04-23 21:08:07,0006B39900,K16
2014-04-23 21:10:11,0006B35DED,K16
2014-04-23 21:10:57,000697CE1D,K16
2014-04-23 21:11:26,0006B294D3,K16
2014-04-23 21:11:45,00068E1A0D,K16
2014-04-24 02:51:33,0006B34FCA,K16
2014-04-24 03:20:13,0006B34FCA,K16
2014-04-24 05:07:28,0006B34FCA,K16
2014-04-24 05:08:51,00074F0832,K16
2014-04-24 05:11:05,0006B3775E,K16
2014-04-24 05:20:00,0006B35DED,K16
2014-04-24 05:25:48,0006B34F91,K16
2014-04-24 05:27:29,0006B39900,K16
2014-04-24 05:34:20,00074FA4F8,K16
2014-04-24 05:34:48,00074FA4F8,K16
2014-04-24 05:42:26,0006B35971,K16
2014-04-24 20:58:54,00061D4D10,K16
2014-04-24 21:01:15,00074F0832,K16
2014-04-24 21:02:12,0006B35440,K16
2014-04-24 21:02:53,0006B35971,K16
2014-04-24 21:03:12,0006B35971,K16
2014-04-24 21:03:27,000697A0CF,K16
2014-04-24 21:03:29,0006B34F91,K16
2014-04-24 21:03:31,0006B2C073,K16
2014-04-24 21:03:35,0006B35971,K16
2014-04-24 21:03:42,0006B3775E,K16
2014-04-24 21:03:56,0006B2A1D2,K16
2014-04-24 21:04:03,00074FA4F8,K16
2014-04-24 21:05:13,0006B35DED,K16
2014-04-24 21:05:24,0006B35DED,K16
2014-04-24 21:05:37,00065E61B2,K16
2014-04-24 21:08:25,00068E1A0D,K16
2014-04-24 21:08:44,0006B34FCA,K16
2014-04-24 21:09:24,0006B294D3,K16
2014-04-24 21:09:46,0006B39900,K16
2014-04-25 05:05:02,000697A0CF,K16
2014-04-25 05:05:59,0006B39900,K16
2014-04-25 05:07:29,00068E1A0D,K16
2014-04-25 05:17:24,00074F0832,K16
2014-04-25 05:19:05,0006B35971,K16
2014-04-25 05:19:27,0006B3775E,K16
2014-04-25 05:25:16,0006B34F91,K16
2014-04-25 05:26:56,0006B34FCA,K16
2014-04-25 05:32:43,00074FA4F8,K16
2014-04-25 05:33:01,00074FA4F8,K16
2014-04-25 21:05:00,00061D4D10,K16
2014-04-25 21:06:51,00074F0832,K16
2014-04-25 21:07:12,0006B3A093,K16
2014-04-25 21:07:50,0006B35440,K16
2014-04-25 21:07:54,0006B34F91,K16
2014-04-25 21:08:07,0006B2A1D2,K16
2014-04-25 21:09:31,0006B35971,K16
2014-04-25 21:09:45,0006B35DED,K16
2014-04-25 21:09:57,00074FA4F8,K16
2014-04-25 21:10:37,000697A0CF,K16
2014-04-25 21:10:41,0006B3775E,K16
2014-04-25 21:10:46,000697CE1D,K16
2014-04-25 21:11:37,0006B34FCA,K16
2014-04-25 21:11:47,00065E61B2,K16
2014-04-25 21:13:49,0006B2C073,K16
2014-04-25 21:17:24,0006B294D3,K16
2014-04-25 21:17:43,0006B39900,K16
2014-04-26 05:26:56,0006B35971,K16
2014-04-26 05:28:00,00074F0832,K16
2014-04-26 05:32:35,0006B34FCA,K16
2014-04-26 05:40:38,0006B3775E,K16
2014-04-26 05:41:06,0006B34F91,K16
2014-04-26 21:07:08,0006B35DED,K5
2014-04-26 21:07:39,00061D4D10,K16
2014-04-26 21:10:30,0006B3A093,K16
2014-04-26 21:11:08,000697CE1D,K16
2014-04-26 21:11:52,00074FA4F8,K5
2014-04-26 21:12:32,00065E61B2,K5
2014-04-26 21:12:35,0006B39900,K5
2014-04-26 21:12:42,0006B2C073,K5
2014-04-26 21:13:24,0006B35971,K16
2014-04-26 21:13:31,0006B3775E,K16
2014-04-28 21:06:15,00065E61B2,K18
2014-04-28 21:06:43,0006B2C073,K18
2014-04-29 00:10:13,0006B3A093,K18
2014-04-29 00:36:55,0006B2C073,K18
2014-04-29 21:03:11,00061D4D10,K16
2014-04-29 21:10:08,00074F0832,K16
2014-04-29 21:10:49,0006B2A1D2,K16
2014-04-29 21:10:59,0006B35971,K16
2014-04-29 21:11:57,0006B35440,K16
2014-04-29 21:12:04,0006B3A093,K16
2014-04-29 21:13:34,0006B35DED,K16
2014-04-29 21:13:42,000697A0CF,K16
2014-04-29 21:14:02,0006B3775E,K16
2014-04-29 21:15:46,0006B34FCA,K16
2014-04-29 21:16:11,000697CE1D,K16
2014-04-29 21:18:22,00065E61B2,K16
2014-04-29 21:18:25,00068E1A0D,K16
2014-04-29 21:18:39,0006B39900,K16
2014-04-29 21:18:42,0006B2C073,K16
2014-04-29 21:19:05,00074FA4F8,K16
2014-04-30 12:54:54,00074FA4F8,K3
2014-04-30 21:04:28,0006B2A1D2,K3
2014-04-30 21:04:35,0006B3775E,K3
2014-04-30 21:05:51,00065EBF3C,K3
2014-04-30 21:08:18,0006B34F91,K3
2014-04-30 21:08:29,0006B3A093,K3
2014-04-30 21:09:20,0006B35971,K3
2014-04-30 21:10:06,00074FA4F8,K3
2014-04-30 21:10:09,0006B35971,K3
2014-04-30 21:10:12,000697A0CF,K3
2014-04-30 21:10:45,0006B34FCA,K3
2014-04-30 21:11:52,00065E61B2,K3
2014-04-30 21:29:53,0006B294D3,K3
2014-04-30 21:32:42,0006B2C073,K3
2014-05-01 05:03:49,0006B39900,K3
2014-05-01 21:22:33,0006B35971,K20
2014-05-01 21:22:37,00074F0832,K20
2014-05-01 21:25:24,00065EBF3C,K20
2014-05-01 21:28:09,0006B35DED,K20
2014-05-01 21:28:14,0006B2A1D2,K20
2014-05-01 21:28:18,0006B35440,K20
2014-05-01 21:29:01,00065E61B2,K20
2014-05-01 21:31:10,000697CE1D,K20
2014-05-01 21:32:41,0006B34FCA,K20
2014-05-01 21:32:51,0006B2C073,K20
2014-05-01 21:33:14,0006B3A093,K20
2014-05-01 21:33:28,0006B39900,K20
2014-05-01 21:35:17,000697A0CF,K20
2014-05-01 21:35:42,0006B294D3,K20
2014-05-01 23:35:08,0006B35DED,K20
2014-05-02 02:23:48,0006B2C073,K32
2014-05-02 03:19:46,0006B35971,K20
2014-05-02 03:19:59,0006B35971,K20
2014-05-02 04:36:55,0006B3A093,K20
2014-05-02 04:40:23,0006B39900,K20
2014-05-02 04:52:05,00074F0832,K20
2014-05-02 04:58:04,0006B3775E,K20
2014-05-02 05:00:49,00065EBF3C,K20
2014-05-02 05:03:00,0006B34FCA,K20
2014-05-02 05:04:01,0006B34F91,K20
2014-05-02 05:06:14,0006B35971,K20
2014-05-02 05:11:33,00068E1A0D,K20
2014-05-02 05:12:43,0006B3A093,K20
2014-05-02 05:12:45,0006B2C073,K20
2014-05-02 16:03:49,00074FA4F8,K20
2014-05-02 21:22:11,00074F0832,K20
2014-05-02 21:23:18,00074F0832,K20
2014-05-02 21:26:09,0006B39900,K20
2014-05-02 21:26:26,0006B35440,K20
2014-05-02 21:27:15,00061D4D10,K20
2014-05-02 21:27:18,00065EBF3C,K20
2014-05-02 21:28:51,0006B35971,K20
2014-05-02 21:29:13,00068E1A0D,K20
2014-05-02 21:29:23,0006B35DED,K20
2014-05-02 21:29:34,0006B35971,K20
2014-05-02 21:29:37,0006B3775E,K20
2014-05-02 21:30:12,0006B3A093,K20
2014-05-02 21:32:08,00074FA4F8,K20
2014-05-02 21:33:25,00074FA4F8,K20
2014-05-02 21:33:45,0006B34F91,K20
2014-05-02 21:33:55,00074FA4F8,K20
2014-05-02 21:34:40,0006B34FCA,K20
2014-05-02 21:34:59,0006B2A1D2,K20
2014-05-02 21:36:22,0006B2C073,K20
2014-05-02 21:36:41,00065E61B2,K20
2014-05-02 21:36:45,000697A0CF,K20
2014-05-02 21:43:06,0006B294D3,K20
2014-05-03 05:07:13,0006B34FCA,K20
2014-05-03 05:08:40,0006B34FCA,K20
2014-05-03 05:11:30,000697A0CF,K20
2014-05-03 05:24:18,0006B34F91,K20
2014-05-03 05:25:28,0006B34F91,K20
2014-05-03 21:18:20,0006B35DED,K16
2014-05-03 21:19:24,00061D4D10,K16
2014-05-03 21:19:50,0006B35971,K16
2014-05-03 21:22:56,00074F0832,K16
2014-05-03 21:23:11,00065E61B2,K16
2014-05-03 21:24:38,0006B2A1D2,K16
2014-05-03 21:26:15,0006B39900,K16
2014-05-03 21:26:30,0006B3775E,K16
2014-05-03 21:26:39,00074FA4F8,K16
2014-05-03 21:26:42,00068E1A0D,K16
2014-05-03 21:27:00,0006B35440,K16
2014-05-03 21:27:15,000697CE1D,K16
2014-05-03 21:29:02,0006B2C073,K16
2014-05-03 21:29:17,0006B294D3,K16
2014-05-03 21:29:48,0006B34FCA,K16
2014-05-05 21:19:00,0006B3A093,K3
2014-05-05 21:19:59,00065E61B2,K3
2014-05-05 21:22:25,00061D4D10,K3
2014-05-05 21:22:30,00074F0832,K3
2014-05-05 21:22:33,0006B3775E,K3
2014-05-05 21:22:59,0006B34FCA,K3
2014-05-05 21:23:16,0006B35DED,K3
2014-05-05 21:24:02,0006B2A1D2,K3
2014-05-05 21:25:44,0006B35440,K3
2014-05-05 21:25:47,0006B2A1D2,K3
2014-05-05 21:25:49,0006B35971,K3
2014-05-05 21:25:52,00074FA4F8,K3
2014-05-05 21:26:28,0006B34F91,K3
2014-05-05 21:26:34,0006B2C073,K3
2014-05-05 21:26:36,000697A0CF,K3
2014-05-05 21:26:52,00068E1A0D,K3
2014-05-05 21:27:13,0006B294D3,K3
2014-05-05 21:27:30,0006B39900,K3
2014-05-06 21:04:20,0006B3900E,K235
2014-05-06 21:04:31,0006B3900E,K235
2014-05-06 21:04:42,0006B3900E,K235
2014-05-06 21:04:53,0006B3900E,K235
2014-05-06 21:05:04,0006B3900E,K235
2014-05-06 21:05:15,0006B3900E,K235
2014-05-06 21:05:26,0006B3900E,K235
2014-05-06 21:05:37,0006B3900E,K235
2014-05-06 21:05:48,0006B3900E,K235
2014-05-06 21:06:00,0006B3900E,K235
2014-05-06 21:06:12,0006B3900E,K235
2014-05-06 21:06:30,0006B3900E,K235
2014-05-06 21:06:41,0006B3900E,K235
2014-05-06 21:06:52,0006B3900E,K235
2014-05-06 21:07:03,0006B3900E,K235
2014-05-06 21:07:14,0006B3900E,K235
2014-05-06 21:07:25,0006B3900E,K235
2014-05-06 21:07:36,0006B3900E,K235
2014-05-06 21:07:47,0006B3900E,K235
2014-05-06 21:07:58,0006B3900E,K235
2014-05-06 21:08:09,0006B3900E,K235
2014-05-06 21:08:20,0006B3900E,K235
2014-05-06 21:08:31,0006B3900E,K235
2014-05-06 21:10:10,0006B3900E,K235
2014-05-06 21:10:21,0006B3900E,K235
2014-05-06 21:10:32,0006B3900E,K235
2014-05-06 21:10:43,0006B3900E,K235
2014-05-06 21:10:54,0006B3900E,K235
2014-05-06 21:11:05,0006B3900E,K235
2014-05-06 21:11:16,0006B3900E,K235
2014-05-06 21:11:27,0006B3900E,K235
2014-05-06 21:11:38,0006B3900E,K235
2014-05-06 21:11:49,0006B3900E,K235
2014-05-06 21:12:00,0006B3900E,K235
2014-05-06 21:12:14,0006B3900E,K235
2014-05-06 21:12:25,0006B3900E,K235
2014-05-06 21:12:36,0006B3900E,K235
2014-05-07 02:54:19,00074FA4F8,K235
2014-05-07 02:55:04,00074FA4F8,K235
2014-05-07 05:15:36,0006B3900E,K235
2014-05-07 14:30:45,0006B39900,K27
2014-05-07 15:25:57,0006B35440,K27
2014-05-07 21:29:21,00061D4D10,K27
2014-05-07 21:29:56,0006B2A1D2,K27
2014-05-07 21:31:33,00074F0832,K32
2014-05-07 21:31:51,0006B35440,K27
2014-05-07 21:32:00,0006B34FCA,K32
2014-05-07 21:32:06,0006B35DED,K27
2014-05-07 21:32:09,000697CE1D,K32
2014-05-07 21:32:13,00065E61B2,K27
2014-05-07 21:32:20,0006B34F91,K32
2014-05-07 21:32:26,000697A0CF,K32
2014-05-07 21:32:30,0006B3775E,K32
2014-05-07 21:33:20,00074FA4F8,K32
2014-05-07 21:33:31,00065EBF3C,K27
2014-05-07 21:33:36,0006B2C073,K32
2014-05-07 21:33:46,00068E1A0D,K27
2014-05-07 21:35:01,0006B35971,K27
2014-05-07 21:35:08,0006B39900,K27
2014-05-07 21:35:24,0006B294D3,K27
2014-05-07 21:35:35,0006B3A093,K27
2014-05-07 21:46:28,0006B3900E,K235
2014-05-08 03:18:51,0006B34FCA,K27
2014-05-08 03:20:04,0006B3775E,K27
2014-05-08 03:21:17,0006B3775E,K27
2014-05-08 03:21:32,0006B34FCA,K27
2014-05-08 21:41:08,0006B35971,K2
2014-05-08 21:43:02,00068E1A0D,K2
2014-05-08 21:43:40,0006B35971,K2
2014-05-08 21:52:20,0006B2C073,K2
2014-05-08 21:54:35,0006B34FCA,K2
2014-05-08 21:54:42,00074FA4F8,K2
2014-05-08 21:58:44,0006B35DED,K2
2014-05-08 22:04:12,0006B35DED,K2
2014-05-08 22:05:00,0006B35DED,K2
2014-05-08 22:07:56,0006B35DED,K2
2014-05-08 22:09:38,00065E61B2,K2
2014-05-08 23:36:29,00068E1A0D,K2
2014-05-09 00:22:25,0006B35971,K2
2014-05-09 00:22:31,0006B39900,K2
2014-05-09 00:27:49,0006B39900,K2
2014-05-09 00:27:57,0006B35971,K2
2014-05-09 00:28:14,0006B39900,K2
2014-05-09 21:31:02,000697A0CF,K22
2014-05-09 21:33:44,0006B2C073,K22
2014-05-09 21:33:51,000697CE1D,K22
2014-05-09 21:34:42,00074FA4F8,K22
2014-05-09 21:36:17,0006B3A093,K22
2014-05-09 21:36:45,0006B3A093,K22
2014-05-09 21:36:59,0006B35971,K22
2014-05-09 21:37:23,0006B34FCA,K22
2014-05-09 21:37:32,0006B39900,K22
2014-05-09 21:38:08,0006B34F91,K22
2014-05-09 21:40:29,0006B294D3,K22
2014-05-10 00:14:30,0006B39900,K22
2014-05-10 00:23:04,0006B39900,K22
2014-05-10 04:41:10,00074F0832,K22
2014-05-10 04:43:22,0006B39900,K22
2014-05-10 04:44:25,00065EBF3C,K22
2014-05-10 04:45:37,00074FA4F8,K22
2014-05-10 04:46:54,0006B2A1D2,K22
2014-05-10 04:55:29,00061D4D10,K22
2014-05-10 04:56:31,0006B2C073,K22
2014-05-10 04:57:02,0006B35971,K22
2014-05-10 04:57:11,0006B3775E,K22
2014-05-10 05:01:02,0006B294D3,K22
2014-05-10 05:05:40,000697CE1D,K22
2014-05-10 05:10:00,00068E1A0D,K22
2014-05-10 21:30:34,0006B2A1D2,K22
2014-05-10 21:30:39,00074F0832,K22
2014-05-10 21:30:44,0006B3A093,K22
2014-05-10 21:31:39,0006B35DED,K22
2014-05-10 21:31:45,000697CE1D,K22
2014-05-10 21:33:18,0006B35971,K22
2014-05-10 21:36:10,00068E1A0D,K22
2014-05-10 21:37:32,0006B35971,K22
2014-05-10 21:37:39,0006B3775E,K22
2014-05-10 21:40:11,0006B34FCA,K22
2014-05-10 21:40:24,0006B35440,K22
2014-05-10 21:40:47,00061D4D10,K22
2014-05-10 21:42:57,0006B2C073,K22
2014-05-10 21:43:05,00065EBF3C,K22
2014-05-10 21:43:35,000697A0CF,K22
2014-05-10 21:44:03,0006B39900,K22
2014-05-10 21:44:17,00074FA4F8,K22
2014-05-10 21:45:29,0006B294D3,K22
2014-05-10 21:46:06,00065E61B2,K22
2014-05-11 04:38:26,00061D4D10,K22
2014-05-11 04:38:51,0006B2C073,K22
2014-05-11 04:39:56,00074F0832,K22
2014-05-11 04:40:48,0006B39900,K22
2014-05-11 04:41:46,0006B294D3,K22
2014-05-11 04:42:39,0006B3775E,K22
2014-05-11 04:48:27,0006B35971,K22
2014-05-11 04:56:03,00068E1A0D,K22
2014-05-11 05:00:09,00074FA4F8,K22
2014-05-11 05:03:38,000697CE1D,K22
2014-05-11 05:09:43,0006B34F91,K22
2014-05-12 21:30:52,0006B35971,K238
2014-05-12 21:31:19,0006B35971,K238
2014-05-12 21:31:33,0006B35971,K238
2014-05-12 21:35:05,0006B2A1D2,K238
2014-05-12 21:36:07,00061D4D10,K238
2014-05-12 21:36:40,0006B35DED,K238
2014-05-12 21:36:53,00065E61B2,K238
2014-05-12 21:37:08,00074F0832,K238
2014-05-12 21:37:30,0006B35DED,K238
2014-05-12 21:39:23,0006B35440,K238
2014-05-12 21:39:56,00065EBF3C,K238
2014-05-12 21:41:35,0006B3775E,K238
2014-05-12 21:41:44,0006B39900,K238
2014-05-12 21:44:10,00068E1A0D,K238
2014-05-12 21:44:13,0006B2C073,K238
2014-05-13 04:25:55,0006B39900,K238
2014-05-13 04:28:16,0006B294D3,K238
2014-05-13 04:30:57,0006B35971,K238
2014-05-13 04:41:47,00065E61B2,K238
2014-05-13 04:42:07,00065EBF3C,K238
2014-05-13 04:45:36,00061D4D10,K238
2014-05-13 04:46:47,0006B3775E,K238
2014-05-13 04:54:31,0006B2C073,K238
2014-05-13 04:55:18,0006B34F91,K238
2014-05-13 04:58:14,00068E1A0D,K238
2014-05-13 21:19:30,0006B35971,K238
2014-05-13 21:19:41,0006B35971,K238
2014-05-13 21:22:25,00065EBF3C,K238
2014-05-13 21:22:37,0006B35DED,K238
2014-05-13 21:24:01,00074F0832,K238
2014-05-13 21:27:19,0006B3900E,K235
2014-05-13 21:30:29,0006B2A1D2,K238
2014-05-13 21:31:15,0006B34F91,K238
2014-05-13 21:31:22,00061D4D10,K238
2014-05-13 21:32:04,00065E61B2,K238
2014-05-13 21:32:28,0006B39900,K238
2014-05-13 21:33:50,0006B3775E,K238
2014-05-13 21:34:00,0006B2C073,K238
2014-05-13 21:34:50,0006B294D3,K238
2014-05-14 04:43:47,00065EBF3C,K238
2014-05-14 04:44:37,0006B3775E,K238
2014-05-14 04:45:00,0006B35971,K238
2014-05-14 04:45:36,00074FA4F8,K238
2014-05-14 04:46:28,0006B2C073,K238
2014-05-14 04:48:19,0006B294D3,K238
2014-05-14 04:50:20,00068E1A0D,K238
2014-05-14 04:53:51,0006B39900,K238
2014-05-14 04:57:01,0006B34F91,K238
2014-05-14 05:10:25,0006B2A1D2,K238
2014-05-14 21:33:49,0006B34FCA,K238
2014-05-14 21:35:28,0006B3A093,K238
2014-05-14 21:35:50,0006B2A1D2,K238
2014-05-14 21:36:18,00074F0832,K238
2014-05-14 21:38:30,00065E61B2,K238
2014-05-14 21:39:34,00061D4D10,K238
2014-05-14 21:42:11,0006B35971,K238
2014-05-14 21:43:44,0006B2C073,K238
2014-05-14 21:43:56,0006B34F91,K238
2014-05-14 21:44:08,00074FA4F8,K238
2014-05-14 21:44:27,0006B35DED,K238
2014-05-14 21:47:15,00068E1A0D,K238
2014-05-14 21:47:31,0006B39900,K238
2014-05-14 21:47:46,0006B35440,K238
2014-05-14 21:47:56,0006B3775E,K238
2014-05-14 21:48:04,0006B294D3,K238
2014-05-15 04:58:12,00065EBF3C,K238
2014-05-15 04:58:46,0006B39900,K238
2014-05-15 05:01:26,00068E1A0D,K238
2014-05-15 05:01:45,00074F0832,K238
2014-05-15 05:02:18,0006B294D3,K238
2014-05-15 05:02:20,0006B2C073,K238
2014-05-15 05:02:24,0006B35971,K238
2014-05-15 05:02:26,00065E61B2,K238
2014-05-15 05:02:47,0006B35440,K238
2014-05-15 05:03:03,00074FA4F8,K238
2014-05-15 05:03:37,0006B34F91,K238
2014-05-15 05:14:16,0006B3775E,K238
2014-05-15 21:40:06,0006B35971,K238
2014-05-15 21:42:01,0006B34F91,K238
2014-05-15 21:43:55,0006B2A1D2,K238
2014-05-15 21:45:34,0006B39900,K238
2014-05-15 21:45:43,00065EBF3C,K238
2014-05-15 21:45:46,0006B39900,K238
2014-05-15 21:45:53,0006B35DED,K238
2014-05-15 21:46:43,0006B2C073,K238
2014-05-15 21:46:47,0006B35440,K238
2014-05-15 21:46:52,00074F0832,K238
2014-05-15 21:48:34,00068E1A0D,K238
2014-05-15 21:48:39,00065E61B2,K238
2014-05-15 21:49:49,0006B294D3,K238
2014-05-15 21:50:17,00074FA4F8,K238
2014-05-15 21:50:30,0006B34FCA,K238
2014-05-15 21:52:50,0006B3775E,K238
2014-05-16 04:53:41,00068E1A0D,K238
2014-05-16 04:55:11,0006B2C073,K238
2014-05-16 04:55:18,0006B3A093,K238
2014-05-16 04:55:54,0006B2C073,K238
2014-05-16 04:56:53,00074F0832,K238
2014-05-16 04:57:17,0006B39900,K238
2014-05-16 04:57:42,00074FA4F8,K238
2014-05-16 04:58:55,0006B34FCA,K238
2014-05-16 05:00:19,0006B2C073,K238
2014-05-16 05:00:29,0006B294D3,K238
2014-05-16 05:00:49,00065EBF3C,K238
2014-05-16 05:01:14,0006B35971,K238
2014-05-16 05:02:27,0006B3775E,K238
2014-05-16 05:10:30,0006B34F91,K238
2014-05-17 21:43:21,0006B2A1D2,K18
2014-05-17 21:45:27,00065E61B2,K18
2014-05-17 21:45:30,00074FA4F8,K18
2014-05-17 21:45:51,0006B35971,K18
2014-05-17 21:46:38,00074F0832,K18
2014-05-17 21:47:12,0006B3A093,K18
2014-05-17 21:48:18,000697A0CF,K18
2014-05-17 21:50:36,0006B34FCA,K18
2014-05-18 04:28:11,0006B240A2,K18
2014-05-19 21:42:47,0006B35440,K1
2014-05-19 21:43:05,00065E61B2,K1
2014-05-19 21:43:12,0006B2A1D2,K1
2014-05-19 21:43:59,0006B294D3,K1
2014-05-19 21:44:08,000697A0CF,K1
2014-05-19 21:44:16,0006B35971,K1
2014-05-19 21:45:01,0006B3775E,K1
2014-05-19 21:45:03,00074FA4F8,K1
2014-05-19 21:45:35,000697CE1D,K1
2014-05-19 21:45:41,00074F0832,K1
2014-05-19 21:46:02,00065EBF3C,K1
2014-05-19 21:46:15,0006B34F91,K1
2014-05-19 21:46:52,0006B3A093,K1
2014-05-19 21:48:07,00061D4D10,K1
2014-05-19 21:48:54,00068E1A0D,K1
2014-05-19 21:50:16,0006B34FCA,K1
2014-05-19 21:50:23,0006B2C073,K1
2014-05-20 04:44:38,0006B35440,K1
2014-05-20 04:44:54,00074F0832,K1
2014-05-20 04:46:08,0006B39900,K1
2014-05-20 04:47:04,0006B35971,K1
2014-05-20 04:47:56,000697CE1D,K1
2014-05-20 04:49:25,0006B2C073,K1
2014-05-20 04:52:16,0006B3775E,K1
2014-05-20 04:57:13,00068E1A0D,K1
2014-05-20 21:38:44,0006B3775E,K1
2014-05-20 21:38:57,0006B2A1D2,K1
2014-05-20 21:45:11,0006B34F91,K1
2014-05-20 21:45:24,00061D4D10,K1
2014-05-20 21:45:33,0006B294D3,K1
2014-05-20 21:45:40,000697CE1D,K1
2014-05-20 21:45:45,0006B35971,K1
2014-05-20 21:45:49,0006B35440,K1
2014-05-20 21:46:03,00065EBF3C,K1
2014-05-20 21:46:07,0006B2C073,K1
2014-05-20 21:46:08,000697A0CF,K1
2014-05-20 21:46:48,0006B34FCA,K1
2014-05-20 21:47:34,00074FA4F8,K1
2014-05-20 21:47:58,00074F0832,K1
2014-05-20 21:48:09,0006B35DED,K1
2014-05-20 21:48:23,0006B3A093,K1
2014-05-20 21:48:28,00065E61B2,K1
2014-05-20 21:50:19,0006B39900,K1
2014-05-21 04:44:30,0006B2C073,K1
2014-05-21 04:44:51,00074F0832,K1
2014-05-21 04:44:57,0006B3775E,K1
2014-05-21 04:45:18,0006B39900,K1
2014-05-21 04:46:06,00065EBF3C,K1
2014-05-21 04:46:51,00068E1A0D,K1
2014-05-21 04:51:55,000697CE1D,K1
2014-05-21 21:37:12,0006B35971,K17
2014-05-21 21:40:40,00074FA4F8,K17
2014-05-21 21:42:00,00061D4D10,K17
2014-05-21 21:42:48,0006B34F91,K17
2014-05-21 21:42:53,0006B3A093,K17
2014-05-21 21:43:09,0006B35440,K17
2014-05-21 21:43:33,0006B2A1D2,K1
2014-05-21 21:48:06,0006B3775E,K1
2014-05-21 21:48:22,000697A0CF,K1
2014-05-21 21:49:01,000697CE1D,K1
2014-05-21 21:50:52,0006B2C073,K1
2014-05-21 21:50:58,0006B294D3,K1
2014-05-21 21:51:06,0006B34FCA,K1
2014-05-21 21:51:17,00065E61B2,K1
2014-05-21 21:51:28,00065EBF3C,K1
2014-05-21 21:51:31,00074F0832,K1
2014-05-21 21:51:57,0006B39900,K1
2014-05-21 21:52:16,00068E1A0D,K1
2014-05-21 21:58:57,0006B35DED,K1
2014-05-21 22:46:56,0006B35DED,K1
2014-05-21 23:31:22,0006B35DED,K1
2014-05-21 23:31:51,0006B35DED,K1
2014-05-22 00:28:25,0006B2A1D2,K17
2014-05-22 00:31:09,000697A0CF,K17
2014-05-22 00:39:18,0006B2A1D2,K17
2014-05-22 00:39:29,0006B2A1D2,K17
2014-05-22 01:55:46,0006B35971,K17
2014-05-22 01:56:04,000697CE1D,K17
2014-05-22 01:57:43,000697CE1D,K17
2014-05-22 01:59:05,0006B35971,K17
2014-05-22 02:28:09,0006B34FCA,K17
2014-05-22 02:29:33,000697CE1D,K17
2014-05-22 02:30:03,0006B34FCA,K17
2014-05-22 04:17:50,0006B2A1D2,K17
2014-05-22 04:35:50,0006B2A1D2,K17
2014-05-22 04:37:16,000697A0CF,K17
2014-05-22 04:50:35,0006B2C073,K1
2014-05-22 04:51:04,00074FA4F8,K1
2014-05-22 04:55:14,00074FA4F8,K1
2014-05-22 04:57:05,0006B3775E,K1
2014-05-22 05:09:17,0006B35440,K17
2014-05-22 05:11:25,0006B35440,K1
2014-05-22 05:12:05,00074FA4F8,K1
2014-05-22 05:13:29,000697A0CF,K17
2014-05-22 05:18:04,00074FA4F8,K1
2014-05-22 05:18:17,0006B3A093,K17
2014-05-22 05:18:30,0006B3A093,K17
2014-05-22 05:18:37,0006B35971,K17
2014-05-22 05:19:41,0006B35971,K17
2014-05-22 05:19:50,00074FA4F8,K17
2014-05-22 05:19:59,0006B3A093,K17
2014-05-22 05:21:10,0006B34F91,K17
2014-05-22 21:43:01,0006B35DED,K3
2014-05-22 21:48:51,0006B35971,K17
2014-05-22 21:50:41,00074FA4F8,K17
2014-05-22 21:50:51,000697A0CF,K17
2014-05-22 21:51:14,0006B34F91,K17
2014-05-22 21:52:14,0006B3A093,K17
2014-05-22 21:53:20,00061D4D10,K17
2014-05-22 21:53:45,00065E61B2,K17
2014-05-22 22:00:04,0006B2C073,K1
2014-05-22 22:04:46,00065EBF3C,K1
2014-05-22 22:05:59,0006B34FCA,K1
2014-05-23 00:33:29,0006B34F91,K17
2014-05-23 00:33:43,0006B34FCA,K17
2014-05-23 00:35:44,0006B34FCA,K17
2014-05-23 00:35:55,0006B34FCA,K17
2014-05-23 00:36:37,0006B34F91,K17
2014-05-23 01:08:14,0006B34FCA,K17
2014-05-23 01:12:31,000697CE1D,K17
2014-05-23 01:13:21,0006B34FCA,K17
2014-05-23 01:14:07,0006B35DED,K17
2014-05-23 01:25:16,0006B35DED,K17
2014-05-23 04:39:26,0006B2A1D2,K17
2014-05-23 04:39:50,00068E1A0D,K17
2014-05-23 04:46:22,0006B2C073,K17
2014-05-23 04:46:31,00074F0832,K17
2014-05-23 04:48:30,00061D4D10,K17
2014-05-23 04:48:34,0006B35971,K17
2014-05-23 04:48:46,00074FA4F8,K17
2014-05-23 04:48:53,0006B3775E,K17
2014-05-23 04:49:12,00065E61B2,K17
2014-05-23 04:51:06,0006B34F91,K17
2014-05-23 04:51:15,0006B34FCA,K17
2014-05-23 05:04:42,0006B39900,K17
2014-05-23 05:14:08,0006B3900E,K17
2014-05-23 05:16:44,0006B3900E,K17
2014-05-23 21:50:06,0006B35971,K17
2014-05-23 21:50:57,0006B2A1D2,K17
2014-05-23 21:51:03,00074F0832,K17
2014-05-23 21:51:49,0006B3A093,K17
2014-05-23 21:51:52,0006B3900E,K11
2014-05-23 21:53:09,0006B3775E,K17
2014-05-23 21:53:33,000697A0CF,K17
2014-05-23 21:54:44,0006B35440,K17
2014-05-23 21:55:34,0006B2C073,K17
2014-05-23 21:56:23,000697CE1D,K17
2014-05-23 21:57:01,00074FA4F8,K17
2014-05-23 21:57:29,0006B35DED,K17
2014-05-23 21:57:40,00065E61B2,K17
2014-05-23 21:58:06,0006B39900,K17
2014-05-23 21:58:50,0006B34FCA,K17
2014-05-23 21:58:53,00068E1A0D,K17
2014-05-24 00:30:11,0006B35DED,K17
2014-05-24 03:14:52,0006B35DED,K17
2014-05-24 04:20:29,00074F0832,K17
2014-05-24 04:25:04,00061D4D10,K17
2014-05-24 04:25:58,0006B35971,K17
2014-05-24 04:32:46,00068E1A0D,K17
2014-05-24 04:33:14,0006B2C073,K17
2014-05-24 04:37:05,0006B34FCA,K17
2014-05-24 04:37:10,0006B3775E,K17
2014-05-24 04:38:31,0006B35440,K17
2014-05-24 04:42:09,0006B39900,K17
2014-05-24 04:43:56,00074FA4F8,K17
2014-05-24 04:45:10,0006B35971,K17
2014-05-24 04:47:46,0006B34F91,K17
2014-05-24 04:49:51,0006B3900E,K17
2014-05-24 04:50:22,0006B3900E,K17
2014-05-24 04:52:26,0006B3900E,K11
2014-05-24 04:54:03,0006B35971,K11
2014-05-24 04:54:30,0006B35971,K11
2014-05-24 04:56:47,0006B35971,K17
2014-05-24 21:43:10,0006B35971,K17
2014-05-24 21:47:43,00074FA4F8,K17
2014-05-24 21:49:55,0006B2A1D2,K17
2014-05-24 21:50:19,0006B35DED,K17
2014-05-24 21:50:38,00065EBF3C,K17
2014-05-24 21:50:43,000697A0CF,K17
2014-05-24 21:51:54,0006B3775E,K17
2014-05-24 21:51:57,0006B2C073,K17
2014-05-24 21:51:59,00074F0832,K17
2014-05-24 21:52:20,00065E61B2,K17
2014-05-24 21:52:24,0006B35440,K17
2014-05-24 21:53:02,000697CE1D,K17
2014-05-24 21:53:21,00061D4D10,K17
2014-05-24 21:54:21,0006B39900,K17
2014-05-24 21:54:29,0006B34F91,K17
2014-05-24 21:55:15,0006B3900E,K11
2014-05-24 21:55:25,0006B294D3,K17
2014-05-24 21:56:13,0006B34FCA,K17
2014-05-24 21:56:16,0006B3A093,K17
2014-05-24 21:56:52,00068E1A0D,K17
2014-05-24 22:46:32,0006B35DED,K17
2014-05-24 23:56:29,0006B35DED,K17
2014-05-25 01:58:57,0006B35DED,K17
2014-05-25 02:51:01,0006B35DED,K17
2014-05-25 21:43:45,0006B35971,K27
2014-05-25 21:46:38,00061D4D10,K27
2014-05-25 21:46:45,0006B3775E,K27
2014-05-25 21:47:13,00065E61B2,K27
2014-05-25 21:47:16,0006B2A1D2,K27
2014-05-25 21:47:24,000697A0CF,K27
2014-05-25 21:47:36,0006B35440,K27
2014-05-25 21:49:05,000697CE1D,K27
2014-05-25 21:49:08,00074FA4F8,K27
2014-05-25 21:49:36,00065EBF3C,K27
2014-05-25 21:50:09,0006B294D3,K27
2014-05-25 21:50:18,0006B34F91,K27
2014-05-25 21:50:46,0006B34FCA,K27
2014-05-25 21:50:52,00074F0832,K27
2014-05-25 21:51:39,00068E1A0D,K27
2014-05-25 21:51:53,0006B2C073,K27
2014-05-25 21:51:57,0006B39900,K27
2014-05-26 22:29:46,000697CE1D,K17
2014-05-26 22:42:49,00074F0832,K17
2014-05-26 22:44:07,0006B34FCA,K17
2014-05-26 22:49:41,0006B3A093,K17
2014-05-26 22:50:03,0006B294D3,K17
2014-05-26 22:50:30,0006B35971,K17
2014-05-26 22:53:40,0006B3900E,K11
2014-05-26 22:54:01,0006B35DED,K17
2014-05-26 22:54:23,0006B35440,K17
2014-05-26 22:55:40,00074FA4F8,K17
2014-05-26 22:55:53,00065EBF3C,K17
2014-05-26 22:56:07,0006B2A1D2,K17
2014-05-26 22:56:34,0006B3A093,K17
2014-05-26 22:57:07,0006B39900,K17
2014-05-26 22:57:41,0006B2C073,K17
2014-05-26 22:57:51,0006B3775E,K17
2014-05-26 22:57:53,0006B34F91,K17
2014-05-26 22:58:01,00065E61B2,K17
2014-05-26 22:58:25,00068E1A0D,K17
2014-05-26 23:03:38,00061D4D10,K17
2014-05-26 23:35:21,00074F0832,K17
2014-05-26 23:54:22,00074F0832,K17
2014-05-26 23:56:00,0006B3A093,K17
2014-05-26 23:56:12,0006B3A093,K17
2014-05-26 23:56:43,0006B2C073,K17
2014-05-27 00:06:13,000697CE1D,K17
2014-05-27 00:06:27,0006B2C073,K17
2014-05-27 00:06:32,0006B34FCA,K17
2014-05-27 00:06:38,0006B2C073,K17
2014-05-27 00:28:42,0006B34FCA,K17
2014-05-27 00:37:25,000697CE1D,K17
2014-05-27 00:43:26,0006B3A093,K17
2014-05-27 00:43:56,00065E61B2,K17
2014-05-27 00:50:52,0006B34FCA,K17
2014-05-27 00:51:52,000697CE1D,K17
2014-05-27 01:07:54,0006B34FCA,K17
2014-05-27 01:11:03,000697CE1D,K17
2014-05-27 01:12:53,0006B39900,K17
2014-05-27 01:20:04,0006B34FCA,K17
2014-05-27 01:54:08,0006B34FCA,K17
2014-05-27 02:03:02,0006B294D3,K17
2014-05-27 04:31:23,00068E1A0D,K17
2014-05-27 04:36:24,0006B3775E,K17
2014-05-27 04:40:25,000697CE1D,K17
2014-05-27 04:43:38,0006B2C073,K17
2014-05-27 04:55:36,0006B34F91,K17
2014-05-27 21:51:50,0006B34F91,K17
2014-05-27 21:54:23,000697CE1D,K17
2014-05-27 21:59:45,0006B294D3,K17
2014-05-27 22:00:56,0006B35440,K17
2014-05-27 22:03:10,00061D4D10,K17
2014-05-27 22:08:31,0006B34FCA,K17
2014-05-27 22:09:03,0006B39900,K17
2014-05-27 22:09:33,0006B2C073,K17
2014-05-27 22:09:52,000697A0CF,K17
2014-05-27 22:09:59,0006B2A1D2,K17
2014-05-27 22:10:13,0006B3775E,K17
2014-05-27 22:13:36,0006B35DED,K17
2014-05-27 22:14:31,00068E1A0D,K17
2014-05-27 23:42:50,0006B35DED,K17
2014-05-28 02:10:18,0006B35DED,K17
2014-05-28 04:12:13,0006B2A1D2,K17
2014-05-28 04:25:05,0006B35DED,K17
2014-05-28 04:25:23,0006B2A1D2,K17
2014-05-28 04:27:01,0006B35DED,K17
2014-05-28 04:29:57,0006B35DED,K17
2014-05-28 04:32:12,0006B35971,K17
2014-05-28 04:33:12,00068E1A0D,K17
2014-05-28 04:38:15,0006B2C073,K17
2014-05-28 04:39:56,000697CE1D,K17
2014-05-28 04:44:02,00074FA4F8,K17
2014-05-28 04:45:48,00074F0832,K17
2014-05-28 04:47:59,00065EBF3C,K17
2014-05-28 04:48:41,0006B39900,K17
2014-05-28 04:51:23,0006B3775E,K17
2014-05-28 04:53:45,0006B34F91,K17
2014-05-28 05:08:42,0006B35971,K17
2014-05-28 05:08:56,0006B35971,K17
2014-05-28 21:14:57,00068E1A0D,K17
2014-05-28 21:15:10,0006B35971,K17
2014-05-28 21:15:33,00074F0832,K17
2014-05-28 21:15:37,0006B2A1D2,K17
2014-05-28 21:18:09,00061D4D10,K17
2014-05-28 21:18:54,0006B35440,K17
2014-05-28 21:21:49,0006B39900,K17
2014-05-28 21:22:20,0006B294D3,K17
2014-05-28 21:22:35,00065E61B2,K17
2014-05-28 21:25:37,00074FA4F8,K17
2014-05-28 21:25:41,0006B2C073,K17
2014-05-28 21:25:51,00065EBF3C,K17
2014-05-28 21:27:45,000697CE1D,K17
2014-05-28 21:28:05,0006B3A093,K17
2014-05-28 21:29:15,0006B3775E,K17
2014-05-28 21:30:54,000697CE1D,K17
2014-05-28 21:34:06,000697CE1D,K17
2014-05-28 21:34:15,0006B34FCA,K17
2014-05-28 21:37:47,000697A0CF,K17
2014-05-28 21:39:17,0006B35DED,K17
2014-05-28 21:50:05,0006B35DED,K17
2014-05-29 01:29:16,0006B35DED,K17
2014-05-29 02:16:40,0006B35DED,K17
2014-05-29 03:15:13,0006B35DED,K17
2014-05-29 04:47:32,000697CE1D,K17
2014-05-29 04:48:31,00074F0832,K17
2014-05-29 04:50:08,0006B39900,K17
2014-05-29 04:55:35,0006B3900E,K17
2014-05-29 04:56:04,0006B3900E,K17
2014-05-29 05:05:16,00061D4D10,K17
2014-05-29 05:05:58,0006B34F91,K17
2014-05-29 05:15:09,0006B39900,K17
2014-05-29 05:17:46,00074FA4F8,K17
2014-05-29 05:21:02,0006B3A093,K17
2014-05-29 05:21:13,0006B3A093,K17
2014-05-29 05:28:40,00074FA4F8,K17
2014-05-29 05:29:05,0006B34F91,K17
2014-05-29 05:29:20,00074FA4F8,K17
2014-05-29 22:21:21,000697A0CF,K281
2014-05-29 22:44:49,00074F0832,K281
2014-05-29 22:48:15,0006B34F91,K17
2014-05-29 22:50:37,0006B2C073,K281
2014-05-29 22:52:54,000697CE1D,K17
2014-05-29 22:56:28,00074FA4F8,K17
2014-05-29 22:58:32,0006B34FCA,K281
2014-05-29 23:02:55,00065E61B2,K281
2014-05-29 23:22:18,0006B2A1D2,K281
2014-05-29 23:23:15,0006B35971,K281
2014-05-29 23:31:21,0006B39900,K281
2014-05-29 23:35:01,0006B3775E,K281
2014-05-30 22:28:39,0006B35DED,K17
2014-05-30 23:22:10,0006B35DED,K17
2014-05-31 21:37:17,00065E61B2,K18
2014-05-31 21:43:58,0006B2C073,K18
2014-05-31 21:44:25,0006B34FCA,K18
2014-05-31 21:45:03,0006B39900,K281
2014-06-01 02:59:19,0006B35DED,K281
2014-06-01 21:25:58,0006B35971,K17
2014-06-01 21:27:14,0006B2A1D2,K17
2014-06-01 21:27:35,0006B35971,K17
2014-06-01 21:27:46,0006B35971,K17
2014-06-01 21:28:05,0006B35971,K17
2014-06-01 21:28:28,0006B2A1D2,K17
2014-06-01 21:29:32,0006B2A1D2,K17
2014-06-01 21:31:35,0006B2A1D2,K17
2014-06-01 21:31:48,0006B2A1D2,K17
2014-06-01 21:33:31,00068E1A0D,K17
2014-06-01 21:33:36,00065EBF3C,K17
2014-06-01 21:33:56,00061D4D10,K17
2014-06-01 21:34:10,0006B35440,K17
2014-06-01 21:36:22,0006B3775E,K17
2014-06-01 21:38:41,0006B294D3,K17
2014-06-01 21:38:45,00074F0832,K17
2014-06-01 21:41:15,0006B34F91,K17
2014-06-01 21:44:07,00074FA4F8,K17
2014-06-01 21:44:21,0006B39900,K17
2014-06-01 21:47:14,000697A0CF,K17
2014-06-01 21:49:52,00065E61B2,K17
2014-06-01 21:50:35,000697CE1D,K17
2014-06-01 21:57:50,0006B35DED,K17
2014-06-01 21:58:43,0006B3A093,K17
2014-06-01 21:59:00,0006B2C073,K17
2014-06-01 21:59:50,0006B34FCA,K17
2014-06-01 22:56:25,0006B35DED,K17
2014-06-02 00:17:36,0006B35DED,K17
2014-06-02 01:44:10,0006B3900E,K17
2014-06-02 01:44:38,0006B3900E,K17
2014-06-02 03:09:25,0006B35DED,K17
2014-06-02 03:55:30,0006B35DED,K17
2014-06-02 04:12:09,0006B35DED,K17
2014-06-02 04:37:47,00068E1A0D,K17
2014-06-02 04:40:00,0006B3900E,K17
2014-06-02 04:40:13,0006B39900,K17
2014-06-02 04:44:39,00061D4D10,K17
2014-06-02 04:46:35,00074FA4F8,K17
2014-06-02 04:46:40,0006B2A1D2,K17
2014-06-02 04:48:22,0006B34F91,K17
2014-06-02 04:58:38,0006B3775E,K17
2014-06-02 05:06:27,00074F0832,K17
2014-06-02 05:10:55,000697A0CF,K17
2014-06-02 05:17:43,0006B35971,K17
2014-06-02 05:26:45,0006B3900E,K17
2014-06-02 05:27:00,0006B3900E,K17
2014-06-02 05:27:11,0006B3900E,K17
2014-06-02 05:27:22,0006B3900E,K17
2014-06-02 05:27:33,0006B3900E,K17
2014-06-02 05:27:44,0006B3900E,K17
2014-06-02 05:27:55,0006B3900E,K17
2014-06-02 05:28:06,0006B3900E,K17
2014-06-02 05:28:17,0006B3900E,K17
2014-06-02 05:28:28,0006B3900E,K17
2014-06-02 05:28:39,0006B3900E,K17
2014-06-02 05:28:50,0006B3900E,K17
2014-06-02 05:29:01,0006B3900E,K17
2014-06-02 05:29:12,0006B3900E,K17
2014-06-02 05:29:23,0006B3900E,K17
2014-06-02 05:29:34,0006B3900E,K17
2014-06-02 05:29:45,0006B3900E,K17
2014-06-02 05:29:56,0006B3900E,K17
2014-06-02 05:30:07,0006B3900E,K17
2014-06-02 05:30:18,0006B3900E,K17
2014-06-02 21:47:20,0006B3775E,K17
2014-06-02 21:47:52,0006B35971,K17
2014-06-02 21:56:05,00074FA4F8,K17
2014-06-02 21:56:13,00061D4D10,K17
2014-06-02 21:56:26,00074F0832,K17
2014-06-02 21:57:43,00065E61B2,K17
2014-06-02 21:58:01,0006B34F91,K17
2014-06-02 21:58:09,00065EBF3C,K17
2014-06-02 22:00:16,0006B39900,K17
2014-06-02 22:00:45,000697A0CF,K17
2014-06-02 22:00:59,0006B3A093,K17
2014-06-02 22:01:19,0006B3900E,K11
2014-06-02 22:01:42,0006B2A1D2,K17
2014-06-02 22:05:53,00068E1A0D,K17
2014-06-03 00:50:56,0006B34FCA,K17
2014-06-03 00:55:04,0006B34FCA,K17
2014-06-03 01:10:43,0006B35DED,K17
2014-06-03 02:00:04,0006B34F91,K17
2014-06-03 02:19:23,0006B34F91,K17
2014-06-03 02:47:32,000697CE1D,K17
2014-06-03 02:53:40,00061D4D10,K17
2014-06-03 02:58:05,000697CE1D,K17
2014-06-03 04:34:35,0006B35971,K281
2014-06-03 04:35:21,0006B35971,K281
2014-06-03 04:36:56,0006B35971,K281
2014-06-03 04:42:22,0006B2A1D2,K281
2014-06-03 04:42:49,000697CE1D,K281
2014-06-03 04:42:57,0006B3A093,K281
2014-06-03 04:44:28,0006B35971,K281
2014-06-03 21:46:36,00065EBF3C,K1
2014-06-03 21:48:48,0006B2A1D2,K1
2014-06-03 21:50:16,00074F0832,K1
2014-06-03 21:52:22,00061D4D10,K1
2014-06-03 21:52:26,0006B35971,K1
2014-06-03 21:52:58,00074FA4F8,K1
2014-06-03 21:56:31,0006B2C073,K1
2014-06-03 21:56:41,0006B3A093,K1
2014-06-03 21:57:13,0006B39900,K1
2014-06-03 21:57:45,0006B34FCA,K1
2014-06-03 21:58:20,0006B35DED,K17
2014-06-04 00:20:45,0006B35DED,K17
2014-06-04 00:59:51,0006B35DED,K17
2014-06-04 01:59:14,0006B35DED,K17
2014-06-04 02:29:39,0006B35DED,K17
2014-06-04 21:58:06,00065E61B2,K281
2014-06-04 21:59:34,00074F0832,K281
2014-06-04 22:00:06,000697CE1D,K281
2014-06-04 22:00:53,0006B2C073,K281
2014-06-04 22:01:10,00065EBF3C,K281
2014-06-04 22:01:50,0006B2A1D2,K281
2014-06-04 22:01:54,0006B35440,K281
2014-06-04 22:02:21,0006B35971,K281
2014-06-04 22:02:32,0006B35971,K281
2014-06-04 22:02:43,0006B34FCA,K281
2014-06-04 22:04:01,0006B34F91,K281
2014-06-04 22:06:30,0006B3775E,K281
2014-06-04 22:06:38,000697A0CF,K281
2014-06-04 22:07:56,00061D4D10,K281
2014-06-04 22:08:24,00074FA4F8,K281
2014-06-04 22:11:41,0006B294D3,K281
2014-06-04 22:11:52,0006B39900,K281
2014-06-04 22:13:43,0006B35DED,K281
2014-06-04 22:17:22,00068E1A0D,K281
2014-06-04 23:25:22,0006B35971,K281
2014-06-04 23:26:22,00061D4D10,K281
2014-06-04 23:26:26,0006B35971,K281
2014-06-04 23:53:42,0006B35DED,K281
2014-06-05 00:43:49,0006B35DED,K281
2014-06-05 02:27:56,0006B34F91,K281
2014-06-05 03:12:35,0006B3A093,K281
2014-06-05 04:24:19,0006B39900,K281
2014-06-05 04:26:54,0006B2A1D2,K281
2014-06-05 04:34:35,00068E1A0D,K281
2014-06-05 04:34:43,00065EBF3C,K281
2014-06-05 04:34:59,00065EBF3C,K281
2014-06-05 04:37:03,000697A0CF,K281
2014-06-05 04:37:43,0006B35971,K281
2014-06-05 04:40:25,0006B3775E,K281
2014-06-05 04:43:36,0006B39900,K281
2014-06-05 04:43:44,0006B34F91,K281
2014-06-05 04:48:39,00065E61B2,K281
2014-06-05 04:53:01,00065EBF3C,K281
2014-06-05 05:00:57,0006B3775E,K281
2014-06-05 05:02:31,0006B35971,K281
2014-06-05 05:05:03,00074F0832,K281
2014-06-05 05:07:43,0006B2C073,K281
2014-06-05 05:21:19,00065E61B2,K281
2014-06-05 21:48:00,00074FA4F8,K32
2014-06-05 21:53:34,0006B35971,K32
2014-06-05 21:54:01,00061D4D10,K281
2014-06-05 21:55:02,0006B2A1D2,K32
2014-06-05 21:55:44,000697A0CF,K32
2014-06-05 21:56:23,0006B34F91,K281
2014-06-05 21:57:37,000697CE1D,K281
2014-06-05 22:00:19,0006B2C073,K281
2014-06-05 22:02:27,0006B39900,K281
2014-06-05 22:02:48,0006B35440,K281
2014-06-05 22:05:26,00068E1A0D,K281
2014-06-05 22:06:34,0006B35DED,K281
2014-06-05 22:09:12,0006B34FCA,K281
2014-06-05 23:44:42,0006B35DED,K281
2014-06-05 23:58:27,0006B35DED,K281
2014-06-06 02:11:22,0006B35DED,K281
2014-06-06 03:35:11,0006B35971,K32
2014-06-06 03:38:52,0006B35971,K32
2014-06-06 03:41:04,0006B35971,K32
2014-06-06 03:49:53,00074FA4F8,K32
2014-06-06 03:57:23,0006B34F91,K32
2014-06-06 04:03:45,00074F0832,K32
2014-06-06 04:17:32,00068E1A0D,K32
2014-06-06 04:44:23,0006B35971,K32
2014-06-06 04:44:50,0006B39900,K32
2014-06-06 21:46:09,00061D4D10,K32
2014-06-06 21:47:18,0006B39900,K32
2014-06-06 21:51:43,0006B2A1D2,K32
2014-06-06 21:52:58,0006B3A093,K32
2014-06-06 21:54:53,0006B35971,K32
2014-06-06 21:54:57,0006B2C073,K32
2014-06-06 21:55:10,000697A0CF,K32
2014-06-06 21:56:17,00074FA4F8,K32
2014-06-06 21:58:04,0006B34FCA,K32
2014-06-06 22:03:09,0006B35DED,K235
2014-06-07 00:25:31,00065EBF3C,K235
2014-06-07 00:25:40,0006B3775E,K235
2014-06-07 00:26:38,0006B3775E,K235
2014-06-07 00:26:45,00068E1A0D,K235
2014-06-07 00:27:43,0006B3775E,K235
2014-06-07 00:27:57,00065EBF3C,K235
2014-06-07 00:28:15,0006B3775E,K235
2014-06-07 00:28:20,00068E1A0D,K235
2014-06-07 03:34:23,00065EBF3C,K235
2014-06-07 03:34:30,0006B3900E,K235
2014-06-07 03:37:29,00065EBF3C,K235
2014-06-07 03:37:38,0006B3900E,K235
2014-06-07 03:54:00,0006B35DED,K235
2014-06-07 04:41:41,0006B3900E,K235
2014-06-07 04:55:53,000697CE1D,K235
2014-06-07 05:02:16,0006B3900E,K235
2014-06-07 05:02:27,0006B3900E,K235
2014-06-07 05:05:47,0006B3900E,K235
2014-06-07 21:54:56,0006B3775E,K19
2014-06-07 21:56:14,00061D4D10,K19
2014-06-07 21:57:13,0006B35971,K19
2014-06-07 21:59:13,00074FA4F8,K19
2014-06-07 22:00:36,00065EBF3C,K19
2014-06-07 22:01:04,00068E1A0D,K19
2014-06-07 22:01:39,0006B3900E,K235
2014-06-07 22:01:57,000697A0CF,K19
2014-06-07 22:02:16,0006B39900,K19
2014-06-07 22:02:26,00065E61B2,K19
2014-06-07 22:02:27,0006B2C073,K19
2014-06-07 22:02:34,00074F0832,K19
2014-06-07 22:03:19,000697CE1D,K19
2014-06-07 22:03:54,0006B294D3,K19
2014-06-07 22:04:02,0006B3A093,K19
2014-06-07 22:04:13,0006B35440,K19
2014-06-07 22:04:20,0006B2A1D2,K19
2014-06-07 22:05:29,0006B34FCA,K19
2014-06-08 03:03:27,0006B3900E,K235
2014-06-08 03:15:25,0006B3900E,K235
2014-06-08 04:20:10,0006B2C073,K19
2014-06-08 04:21:04,00074F0832,K19
2014-06-08 04:21:31,0006B294D3,K19
2014-06-08 04:33:08,0006B35DED,K31
2014-06-08 04:38:13,00074FA4F8,K19
2014-06-08 04:38:14,0006B35DED,K31
2014-06-08 04:38:18,0006B3A093,K31
2014-06-08 04:45:26,0006B35971,K19
2014-06-08 04:55:36,0006B3900E,K235
2014-06-08 12:45:34,0006B35440,K19
2014-06-08 12:46:00,0006B35440,K19
2014-06-08 12:50:41,0006B35971,K19
2014-06-08 21:53:34,0006B35971,K19
2014-06-08 21:54:05,0006B35971,K19
2014-06-08 21:56:09,00061D4D10,K19
2014-06-08 21:59:26,0006B3900E,K235
2014-06-08 22:00:25,0006B34F91,K19
2014-06-08 22:02:26,000697A0CF,K19
2014-06-08 22:02:39,0006B2C073,K19
2014-06-08 22:02:54,0006B3A093,K19
2014-06-08 22:03:19,000697CE1D,K19
2014-06-08 22:04:19,0006B294D3,K19
2014-06-08 22:04:23,00074FA4F8,K19
2014-06-08 22:04:49,00065EBF3C,K19
2014-06-08 22:06:28,0006B2A1D2,K19
2014-06-08 22:07:13,00068E1A0D,K19
2014-06-08 22:09:00,0006B34FCA,K19
2014-06-08 22:09:03,0006B35DED,K19
2014-06-08 22:09:17,00074F0832,K19
2014-06-08 23:59:32,00068E1A0D,K19
2014-06-09 00:00:07,0006B39900,K19
2014-06-09 00:02:37,00068E1A0D,K19
2014-06-09 02:49:17,0006B3900E,K235
2014-06-09 02:49:28,0006B3900E,K235
2014-06-09 03:08:57,0006B3775E,K235
2014-06-09 03:11:47,00068E1A0D,K235
2014-06-09 03:31:22,0006B34FCA,K235
2014-06-09 03:31:39,0006B34FCA,K235
2014-06-09 03:39:24,0006B3900E,K235
2014-06-09 03:45:40,0006B3900E,K235
2014-06-09 03:53:26,0006B3900E,K235
2014-06-09 04:40:46,0006B3900E,K235
2014-06-09 04:53:52,0006B35971,K235
2014-06-09 05:02:51,0006B3900E,K235
2014-06-09 05:03:02,0006B3900E,K235
2014-06-09 05:03:15,0006B3900E,K235
2014-06-09 05:03:26,0006B3900E,K235
2014-06-09 05:03:37,0006B3900E,K235
2014-06-09 05:04:52,0006B3900E,K235
2014-06-09 21:46:54,0006B35971,K2
2014-06-09 21:51:55,00065EBF3C,K2
2014-06-09 21:52:38,000697CE1D,K2
2014-06-09 21:53:46,00065E61B2,K2
2014-06-09 21:54:03,0006B3A093,K2
2014-06-09 21:54:09,0006B34F91,K2
2014-06-09 21:54:18,0006B3775E,K2
2014-06-09 21:55:11,00074FA4F8,K26
2014-06-09 21:56:01,0006B35DED,K26
2014-06-09 21:56:09,000697A0CF,K2
2014-06-09 21:56:12,00074F0832,K2
2014-06-09 21:56:22,0006B3900E,K235
2014-06-09 21:58:24,0006B2C073,K26
2014-06-09 21:59:21,00061D4D10,K26
2014-06-09 21:59:58,00068E1A0D,K26
2014-06-09 22:00:25,0006B34FCA,K2
2014-06-09 22:01:29,0006B294D3,K26
2014-06-09 22:01:31,0006B35440,K26
2014-06-09 22:02:00,0006B34FCA,K2
2014-06-09 22:02:11,0006B34FCA,K2
2014-06-09 22:03:08,0006B39900,K26
2014-06-09 22:10:12,0006B2A1D2,K2
2014-06-09 22:18:59,0006B2A1D2,K2
2014-06-09 22:47:40,0006B2A1D2,K2
2014-06-09 23:04:50,00068E1A0D,K2
2014-06-09 23:07:47,00068E1A0D,K2
2014-06-09 23:15:11,00068E1A0D,K2
2014-06-09 23:16:40,00068E1A0D,K2
2014-06-09 23:21:08,0006B2A1D2,K2
2014-06-09 23:31:01,0006B2A1D2,K2
2014-06-09 23:54:24,0006B2A1D2,K2
2014-06-10 00:00:08,0006B2A1D2,K2
2014-06-10 00:06:06,0006B2A1D2,K2
2014-06-10 00:09:18,0006B2A1D2,K2
2014-06-10 00:14:10,0006B2A1D2,K2
2014-06-10 00:18:02,0006B2A1D2,K2
2014-06-10 00:26:03,00068E1A0D,K2
2014-06-10 00:26:58,0006B2A1D2,K2
2014-06-10 00:27:05,00068E1A0D,K2
2014-06-10 00:40:48,0006B2A1D2,K2
2014-06-10 00:57:31,0006B2A1D2,K2
2014-06-10 01:02:51,0006B2A1D2,K26
2014-06-10 01:03:02,0006B2A1D2,K2
2014-06-10 01:05:07,0006B2A1D2,K2
2014-06-10 01:22:06,0006B2A1D2,K26
2014-06-10 01:32:58,0006B2A1D2,K2
2014-06-10 01:33:13,0006B2A1D2,K2
2014-06-10 01:58:59,0006B2A1D2,K26
2014-06-10 02:31:09,0006B2A1D2,K26
2014-06-10 02:42:23,0006B3775E,K26
2014-06-10 02:42:55,0006B35DED,K2
2014-06-10 02:43:43,0006B3775E,K26
2014-06-10 02:46:13,0006B3900E,K235
2014-06-10 02:53:03,0006B35DED,K2
2014-06-10 02:53:14,0006B35DED,K2
2014-06-10 02:53:25,0006B35DED,K2
2014-06-10 02:53:34,0006B39900,K2
2014-06-10 02:53:39,0006B35DED,K2
2014-06-10 02:54:34,00074F0832,K26
2014-06-10 02:57:16,00074F0832,K26
2014-06-10 02:57:21,0006B39900,K2
2014-06-10 02:57:45,00074F0832,K2
2014-06-10 02:57:50,0006B39900,K26
2014-06-10 02:58:37,0006B39900,K26
2014-06-10 03:00:35,00074F0832,K2
2014-06-10 03:00:54,0006B39900,K235
2014-06-10 03:01:27,0006B2A1D2,K26
2014-06-10 03:01:28,0006B39900,K235
2014-06-10 03:01:46,00061D4D10,K2
2014-06-10 03:04:24,00074FA4F8,K2
2014-06-10 03:05:37,00061D4D10,K2
2014-06-10 03:06:33,00074FA4F8,K235
2014-06-10 03:06:52,00074FA4F8,K235
2014-06-10 03:09:28,0006B35DED,K2
2014-06-10 03:14:59,0006B3900E,K235
2014-06-10 03:15:55,0006B2A1D2,K2
2014-06-10 03:16:07,0006B2A1D2,K2
2014-06-10 03:30:18,0006B2A1D2,K26
2014-06-10 03:49:08,0006B2A1D2,K26
2014-06-10 04:26:23,0006B39900,K26
2014-06-10 04:28:24,00065EBF3C,K2
2014-06-10 04:31:37,00065EBF3C,K2
2014-06-10 04:31:49,00065EBF3C,K2
2014-06-10 04:32:00,00065EBF3C,K2
2014-06-10 04:39:05,00074F0832,K26
2014-06-10 04:40:47,0006B3900E,K235
2014-06-10 04:40:51,0006B35971,K26
2014-06-10 04:46:52,00065EBF3C,K2
2014-06-10 04:47:59,00074FA4F8,K2
2014-06-10 04:51:12,00074FA4F8,K2
2014-06-10 04:51:28,00074FA4F8,K2
2014-06-10 04:51:37,00065EBF3C,K2
2014-06-10 04:51:50,00065EBF3C,K2
2014-06-10 04:53:11,0006B3A093,K26
2014-06-10 04:54:02,00074FA4F8,K26
2014-06-10 04:59:33,0006B3900E,K235
2014-06-10 05:00:14,0006B3900E,K235
2014-06-10 05:04:44,0006B3900E,K235
2014-06-10 05:06:30,0006B3900E,K235
2014-06-10 21:46:58,0006B3A093,K26
2014-06-10 21:47:09,0006B3A093,K26
2014-06-10 21:52:06,0006B35440,K26
2014-06-10 21:55:05,00074FA4F8,K26
2014-06-10 21:55:55,0006B2A1D2,K26
2014-06-10 21:56:04,000697A0CF,K26
2014-06-10 21:57:05,000697CE1D,K26
2014-06-10 21:59:53,00065EBF3C,K26
2014-06-10 22:00:43,00068E1A0D,K19
2014-06-10 22:00:58,0006B35971,K26
2014-06-10 22:01:55,0006B39900,K19
2014-06-10 22:02:00,0006B2C073,K19
2014-06-10 22:02:31,0006B34FCA,K26
2014-06-10 22:06:01,0006B35DED,K19
2014-06-10 22:06:07,0006B294D3,K19
2014-06-10 22:11:49,0006B35971,K26
2014-06-10 22:29:33,0006B35971,K26
2014-06-10 22:36:37,0006B2A1D2,K26
2014-06-10 22:49:05,0006B35971,K26
2014-06-10 23:15:33,0006B2A1D2,K26
2014-06-10 23:18:52,00068E1A0D,K26
2014-06-10 23:22:13,00068E1A0D,K26
2014-06-10 23:30:26,0006B35971,K26
2014-06-10 23:34:20,0006B2A1D2,K26
2014-06-10 23:46:14,0006B35971,K26
2014-06-10 23:59:35,0006B2A1D2,K26
2014-06-11 00:25:11,0006B35971,K26
2014-06-11 00:37:51,0006B39900,K26
2014-06-11 00:39:04,0006B39900,K26
2014-06-11 00:40:18,0006B35971,K26
2014-06-11 00:53:19,0006B2A1D2,K26
2014-06-11 00:59:45,0006B39900,K26
2014-06-11 01:08:13,0006B35971,K26
2014-06-11 01:33:53,0006B35971,K26
2014-06-11 01:40:20,0006B35971,K26
2014-06-11 01:57:00,0006B2A1D2,K26
2014-06-11 02:14:59,0006B3900E,K19
2014-06-11 02:15:10,0006B3900E,K19
2014-06-11 02:19:00,0006B35971,K26
2014-06-11 02:28:22,0006B35971,K26
2014-06-11 02:40:12,0006B35971,K26
2014-06-11 02:44:12,00074F0832,K26
2014-06-11 02:46:35,0006B2A1D2,K26
2014-06-11 02:56:53,0006B35971,K26
2014-06-11 03:09:42,0006B35971,K26
2014-06-11 03:11:32,0006B2A1D2,K26
2014-06-11 03:29:00,0006B35971,K26
2014-06-11 03:44:14,0006B35971,K26
2014-06-11 04:50:19,0006B34F91,K26
2014-06-11 21:50:57,0006B35971,K26
2014-06-11 21:51:08,0006B35971,K26
2014-06-11 21:52:05,0006B35971,K26
2014-06-11 21:58:08,00074FA4F8,K26
2014-06-11 21:58:13,0006B2A1D2,K26
2014-06-11 21:59:23,00065E61B2,K26
2014-06-11 21:59:47,000697A0CF,K26
2014-06-11 22:02:11,0006B35440,K26
2014-06-11 22:05:56,0006B34F91,K26
2014-06-11 22:08:24,0006B34FCA,K26
2014-06-11 22:08:51,0006B2C073,K26
2014-06-11 22:09:02,0006B34FCA,K26
2014-06-11 22:11:23,0006B35DED,K26
2014-06-11 22:17:14,0006B35971,K26
2014-06-11 22:19:46,0006B294D3,K26
2014-06-11 22:28:47,0006B35971,K26
2014-06-11 22:37:34,0006B2A1D2,K26
2014-06-11 22:40:47,0006B35971,K26
2014-06-11 22:49:32,0006B35971,K26
2014-06-11 22:52:41,0006B2A1D2,K26
2014-06-11 22:52:51,0006B294D3,K26
2014-06-11 22:56:50,00061D4D10,K26
2014-06-11 23:25:14,0006B35971,K26
2014-06-11 23:45:16,0006B35971,K26
2014-06-11 23:57:57,0006B2A1D2,K26
2014-06-11 23:58:06,0006B294D3,K26
2014-06-12 00:01:22,0006B35971,K26
2014-06-12 00:11:40,0006B35971,K26
2014-06-12 00:28:17,0006B35971,K26
2014-06-12 00:29:53,00061D4D10,K26
2014-06-12 00:48:30,0006B35971,K26
2014-06-12 01:05:40,0006B35971,K26
2014-06-12 02:09:34,0006B35971,K26
2014-06-12 02:11:45,0006B34F91,K26
2014-06-12 02:21:12,0006B35971,K26
2014-06-12 02:26:09,0006B2A1D2,K26
2014-06-12 02:59:22,0006B35971,K26
2014-06-12 02:59:38,0006B35971,K26
2014-06-12 03:14:23,0006B2A1D2,K26
2014-06-12 03:27:16,0006B35971,K26
2014-06-12 04:12:35,0006B2C073,K26
2014-06-12 21:54:23,0006B35971,K26
2014-06-12 21:54:43,0006B3900E,K2
2014-06-12 21:59:12,00074FA4F8,K26
2014-06-12 22:00:04,0006B2A1D2,K26
2014-06-12 22:03:13,0006B2C073,K26
2014-06-12 22:04:36,000697A0CF,K26
2014-06-12 22:04:54,0006B34FCA,K26
2014-06-12 22:05:29,000697CE1D,K26
2014-06-12 22:22:28,000697CE1D,K26
2014-06-12 22:25:05,0006B35971,K26
2014-06-12 22:32:28,0006B34F91,K26
2014-06-12 22:47:01,0006B35971,K26
2014-06-12 22:50:25,0006B294D3,K26
2014-06-12 22:53:28,00065EBF3C,K26
2014-06-12 22:58:40,0006B35440,K26
2014-06-12 23:17:12,0006B2A1D2,K26
2014-06-12 23:26:00,0006B294D3,K26
2014-06-12 23:31:18,0006B35971,K26
2014-06-12 23:57:51,0006B35971,K26
2014-06-12 23:59:51,0006B35440,K26
2014-06-13 00:09:01,0006B2A1D2,K26
2014-06-13 00:30:09,0006B35971,K26
2014-06-13 00:51:22,0006B35971,K26
2014-06-13 01:08:55,00061D4D10,K26
2014-06-13 01:15:29,00065EBF3C,K26
2014-06-13 01:16:50,0006B35971,K26
2014-06-13 01:16:58,00061D4D10,K26
2014-06-13 01:29:38,0006B35DED,K2
2014-06-13 01:30:08,0006B35971,K26
2014-06-13 01:30:25,0006B2A1D2,K2
2014-06-13 01:30:52,0006B2A1D2,K2
2014-06-13 01:35:29,0006B35DED,K2
2014-06-13 21:54:07,0006B35971,K26
2014-06-13 21:57:09,000697CE1D,K26
2014-06-13 21:57:12,0006B2C073,K26
2014-06-13 21:58:43,0006B3A093,K26
2014-06-13 22:00:25,0006B34FCA,K26
2014-06-13 22:01:17,0006B39900,K26
2014-06-13 22:01:21,000697A0CF,K26
2014-06-13 22:47:18,0006B35971,K26
2014-06-14 00:11:36,0006B35971,K26
2014-06-14 00:54:46,00061D4D10,K26
2014-06-14 00:55:28,000697CE1D,K26
2014-06-14 01:50:55,0006B34FCA,K26
2014-06-14 02:18:26,0006B39900,K26
2014-06-14 02:26:31,0006B35971,K26
2014-06-14 03:42:22,0006B35971,K26
2014-06-14 04:08:04,00074F0832,K26
2014-06-14 21:59:43,00074FA4F8,K18
2014-06-14 22:00:24,00068E1A0D,K18
2014-06-14 22:01:12,0006B3A093,K18
2014-06-14 22:03:37,0006B39900,K18
2014-06-14 22:03:43,0006B34FCA,K26
2014-06-14 22:03:47,000697A0CF,K26
2014-06-14 23:17:05,00074F0832,K26
2014-06-15 00:09:16,0006B35971,K26
2014-06-15 00:13:21,0006B35971,K26
2014-06-15 02:16:38,0006B35440,K26
2014-06-15 04:11:01,00074F0832,K18
2014-06-15 04:11:36,00074F0832,K18
2014-06-15 21:56:09,0006B35971,K26
2014-06-15 21:56:37,000697CE1D,K26
2014-06-15 21:58:44,00074F0832,K26
2014-06-15 21:59:29,0006B294D3,K26
2014-06-15 21:59:59,00065EBF3C,K26
2014-06-15 22:01:08,0006B2A1D2,K26
2014-06-15 22:06:58,0006B34FCA,K26
2014-06-15 22:07:37,0006B3A093,K26
2014-06-15 22:09:23,0006B2C073,K26
2014-06-15 22:21:47,0006B3900E,K31
2014-06-15 22:27:20,0006B39900,K26
2014-06-15 22:32:40,0006B2C073,K26
2014-06-15 22:39:57,0006B34FCA,K26
2014-06-15 22:46:46,0006B35971,K26
2014-06-15 22:48:58,0006B2C073,K26
2014-06-15 22:57:00,00061D4D10,K26
2014-06-15 23:02:03,0006B35971,K26
2014-06-15 23:22:19,0006B35440,K26
2014-06-15 23:28:43,0006B294D3,K26
2014-06-15 23:39:36,00061D4D10,K26
2014-06-16 00:02:25,0006B35971,K26
2014-06-16 00:06:54,0006B34FCA,K26
2014-06-16 00:19:28,0006B35440,K26
2014-06-16 00:33:08,0006B2C073,K26
2014-06-16 01:09:26,0006B35971,K26
2014-06-16 01:20:15,0006B34FCA,K26
2014-06-16 02:18:59,0006B2C073,K26
2014-06-16 02:36:18,0006B35971,K26
2014-06-16 03:08:08,0006B2C073,K26
2014-06-16 03:31:48,0006B3900E,K31
2014-06-16 03:54:10,0006B3900E,K31
2014-06-16 04:12:40,0006B294D3,K26
2014-06-16 04:33:01,0006B3900E,K31
2014-06-16 04:33:12,0006B3900E,K31
2014-06-16 04:35:03,000697CE1D,K26
2014-06-16 04:37:10,0006B3900E,K31
2014-06-16 04:41:29,0006B35971,K26
2014-06-16 04:43:44,0006B3A093,K26
2014-06-16 04:44:20,0006B3775E,K31
2014-06-16 04:44:51,0006B3900E,K31
2014-06-16 04:55:28,0006B3A093,K26
2014-06-16 04:56:40,0006B3900E,K31
2014-06-16 21:58:43,0006B2A1D2,K26
2014-06-16 22:04:05,0006B2C073,K26
2014-06-16 22:04:17,0006B3900E,K31
2014-06-16 22:04:32,000697A0CF,K26
2014-06-16 22:04:58,0006B34FCA,K26
2014-06-16 22:05:55,00068E1A0D,K26
2014-06-16 22:25:52,0006B39900,K26
2014-06-16 22:46:14,0006B35971,K26
2014-06-16 23:00:59,00074F0832,K26
2014-06-16 23:55:11,0006B2A1D2,K26
2014-06-17 00:31:27,0006B2C073,K26
2014-06-17 00:31:42,00074F0832,K26
2014-06-17 00:47:30,0006B34FCA,K26
2014-06-17 01:06:38,0006B2C073,K26
2014-06-17 01:09:30,00074F0832,K26
2014-06-17 01:15:29,0006B2C073,K26
2014-06-17 01:17:55,0006B2C073,K26
2014-06-17 01:19:23,0006B294D3,K26
2014-06-17 01:21:58,0006B2A1D2,K26
2014-06-17 01:26:20,0006B35971,K26
2014-06-17 01:35:15,0006B35440,K26
2014-06-17 01:40:33,00065E61B2,K26
2014-06-17 01:59:37,0006B34FCA,K26
2014-06-17 02:19:25,0006B2A1D2,K26
2014-06-17 21:48:26,00074F0832,K1
2014-06-17 21:48:43,000697CE1D,K1
2014-06-17 21:50:18,0006B35971,K1
2014-06-17 21:50:41,0006B35971,K1
2014-06-17 21:51:10,0006B34F91,K1
2014-06-17 21:52:05,0006B39900,K1
2014-06-17 21:52:19,00065E61B2,K1
2014-06-17 21:54:24,00061D4D10,K1
2014-06-17 21:54:33,0006B294D3,K1
2014-06-17 21:55:57,0006B2A1D2,K1
2014-06-17 21:57:03,0006B34FCA,K1
2014-06-17 21:58:16,0006B2C073,K1
2014-06-17 22:01:40,00068E1A0D,K1
2014-06-17 22:02:04,00074FA4F8,K1
2014-06-17 22:03:54,000697A0CF,K1
2014-06-17 22:05:27,0006B3A093,K1
2014-06-17 22:39:48,0006B39900,K1
2014-06-17 22:43:26,0006B2C073,K1
2014-06-17 22:47:20,0006B35440,K1
2014-06-17 22:52:29,0006B35971,K1
2014-06-17 22:53:28,0006B39900,K1
2014-06-17 22:58:07,00074F0832,K1
2014-06-17 23:00:46,0006B34F91,K1
2014-06-17 23:08:28,0006B39900,K1
2014-06-17 23:09:29,000697CE1D,K1
2014-06-17 23:12:51,0006B34F91,K1
2014-06-17 23:19:54,0006B39900,K1
2014-06-17 23:22:36,000697CE1D,K1
2014-06-17 23:22:45,0006B2C073,K1
2014-06-17 23:22:52,0006B35971,K1
2014-06-17 23:30:39,0006B34FCA,K1
2014-06-17 23:38:15,0006B39900,K1
2014-06-17 23:50:01,00065E61B2,K1
2014-06-17 23:54:51,00065EBF3C,K1
2014-06-17 23:56:02,0006B39900,K1
2014-06-17 23:56:19,0006B2A1D2,K1
2014-06-17 23:57:09,00061D4D10,K1
2014-06-18 00:17:31,0006B35971,K1
2014-06-18 00:21:12,0006B35440,K1
2014-06-18 00:24:39,0006B34F91,K1
2014-06-18 00:25:40,0006B34FCA,K1
2014-06-18 00:28:06,0006B2C073,K1
2014-06-18 00:29:15,000697CE1D,K1
2014-06-18 00:31:30,00074F0832,K1
2014-06-18 00:38:42,0006B35971,K1
2014-06-18 00:39:17,00074F0832,K1
2014-06-18 00:49:32,000697CE1D,K1
2014-06-18 00:55:23,0006B2C073,K1
2014-06-18 00:56:16,0006B34F91,K1
2014-06-18 00:58:40,00068E1A0D,K1
2014-06-18 01:03:25,00068E1A0D,K1
2014-06-18 01:05:26,0006B39900,K1
2014-06-18 01:08:37,0006B35440,K1
2014-06-18 01:08:55,00065EBF3C,K1
2014-06-18 01:17:40,0006B39900,K1
2014-06-18 01:19:26,0006B294D3,K1
2014-06-18 01:21:10,00074F0832,K1
2014-06-18 01:24:45,0006B35440,K1
2014-06-18 01:27:01,00061D4D10,K1
2014-06-18 01:28:38,0006B34FCA,K1
2014-06-18 01:37:52,0006B2C073,K1
2014-06-18 01:38:03,0006B2C073,K1
2014-06-18 01:38:40,0006B35971,K1
2014-06-18 01:41:58,0006B2A1D2,K1
2014-06-18 01:42:30,00074F0832,K1
2014-06-18 01:55:43,0006B39900,K1
2014-06-18 01:57:53,000697CE1D,K1
2014-06-18 02:00:31,0006B35971,K1
2014-06-18 02:06:35,0006B35440,K1
2014-06-18 02:07:22,00061D4D10,K1
2014-06-18 02:10:36,00065E61B2,K1
2014-06-18 02:14:15,0006B2C073,K1
2014-06-18 02:19:03,00065EBF3C,K1
2014-06-18 02:19:25,000697CE1D,K1
2014-06-18 02:20:42,0006B35440,K1
2014-06-18 02:21:33,0006B39900,K1
2014-06-18 02:33:07,0006B34F91,K1
2014-06-18 02:37:29,00061D4D10,K1
2014-06-18 02:41:10,0006B3900E,K1
2014-06-18 02:49:12,0006B34F91,K1
2014-06-18 02:50:23,0006B34FCA,K1
2014-06-18 02:52:11,0006B2C073,K1
2014-06-18 02:53:45,0006B35971,K1
2014-06-18 02:58:44,0006B35971,K1
2014-06-18 02:59:10,0006B294D3,K1
2014-06-18 03:04:30,00074F0832,K1
2014-06-18 03:10:10,0006B2A1D2,K1
2014-06-18 03:14:28,0006B294D3,K1
2014-06-18 03:16:07,0006B2C073,K1
2014-06-18 03:16:08,0006B35971,K1
2014-06-18 03:30:27,0006B2C073,K1
2014-06-18 03:33:16,00061D4D10,K1
2014-06-18 03:40:14,0006B3900E,K1
2014-06-18 03:41:51,0006B2C073,K1
2014-06-18 04:19:13,00068E1A0D,K1
2014-06-18 04:23:38,0006B39900,K1
2014-06-18 04:26:45,00074FA4F8,K1
2014-06-18 04:27:24,0006B294D3,K1
2014-06-18 04:30:56,0006B35440,K1
2014-06-18 04:31:37,00065EBF3C,K1
2014-06-18 04:31:42,0006B35971,K1
2014-06-18 04:33:08,000697CE1D,K1
2014-06-18 04:34:15,00074F0832,K1
2014-06-18 04:37:37,0006B2C073,K1
2014-06-18 04:38:16,0006B3775E,K1
2014-06-18 04:46:29,0006B3900E,K1
2014-06-18 04:48:10,0006B3900E,K1
2014-06-18 04:56:45,0006B34F91,K1
2014-06-18 05:00:05,0006B3900E,K1
2014-06-18 05:01:05,0006B3900E,K1
2014-06-18 21:48:40,0006B35971,K1
2014-06-18 21:48:48,0006B34F91,K1
2014-06-18 21:52:28,0006B34FCA,K1
2014-06-18 21:53:03,00065E61B2,K1
2014-06-18 21:53:10,00074F0832,K1
2014-06-18 21:54:08,0006B2A1D2,K1
2014-06-18 21:54:54,000697CE1D,K1
2014-06-18 21:55:19,0006B35440,K1
2014-06-18 21:56:32,0006B2C073,K1
2014-06-18 21:59:52,00074FA4F8,K1
2014-06-18 22:00:03,00068E1A0D,K1
2014-06-18 22:00:05,0006B35DED,K1
2014-06-18 22:04:23,000697A0CF,K1
2014-06-18 22:07:21,0006B3A093,K1
2014-06-18 22:40:10,0006B39900,K1
2014-06-18 22:49:08,0006B35971,K1
2014-06-18 22:55:02,0006B39900,K1
2014-06-18 22:55:52,0006B2C073,K1
2014-06-18 22:56:48,0006B35971,K1
2014-06-18 22:57:04,00074F0832,K1
2014-06-18 23:20:35,000697CE1D,K1
2014-06-18 23:22:48,00074F0832,K1
2014-06-18 23:24:13,0006B35971,K1
2014-06-18 23:32:14,0006B39900,K1
2014-06-18 23:36:32,00065EBF3C,K1
2014-06-18 23:36:46,0006B2C073,K1
2014-06-18 23:39:42,0006B34FCA,K1
2014-06-18 23:47:15,0006B34F91,K1
2014-06-18 23:49:29,00065EBF3C,K1
2014-06-18 23:55:51,0006B2A1D2,K1
2014-06-19 00:11:19,0006B39900,K1
2014-06-19 00:13:00,00061D4D10,K1
2014-06-19 00:17:21,0006B294D3,K1
2014-06-19 00:18:48,000697CE1D,K1
2014-06-19 00:23:43,00061D4D10,K1
2014-06-19 00:23:58,0006B2C073,K1
2014-06-19 00:24:09,0006B2C073,K1
2014-06-19 00:27:46,00074F0832,K1
2014-06-19 00:29:10,0006B35440,K1
2014-06-19 00:32:08,0006B34F91,K1
2014-06-19 00:36:14,0006B34FCA,K1
2014-06-19 00:44:25,00065EBF3C,K1
2014-06-19 00:45:57,0006B39900,K1
2014-06-19 00:53:46,0006B35971,K1
2014-06-19 00:53:49,0006B34FCA,K1
2014-06-19 01:02:48,00074F0832,K1
2014-06-19 01:04:55,00065EBF3C,K1
2014-06-19 01:08:23,0006B34FCA,K1
2014-06-19 01:13:01,0006B39900,K1
2014-06-19 01:13:13,0006B2A1D2,K1
2014-06-19 01:15:04,0006B35971,K1
2014-06-19 01:16:41,00065E61B2,K1
2014-06-19 01:21:18,0006B294D3,K1
2014-06-19 01:21:41,000697CE1D,K1
2014-06-19 01:25:21,0006B2C073,K1
2014-06-19 01:33:50,000697CE1D,K1
2014-06-19 01:41:07,00061D4D10,K1
2014-06-19 01:47:51,0006B35440,K1
2014-06-19 01:49:36,0006B34F91,K1
2014-06-19 01:51:33,0006B35971,K1
2014-06-19 02:01:59,0006B294D3,K1
2014-06-19 02:08:13,0006B35971,K1
2014-06-19 02:18:39,0006B39900,K1
2014-06-19 02:21:03,00074F0832,K1
2014-06-19 02:24:14,000697CE1D,K1
2014-06-19 02:30:07,0006B35971,K1
2014-06-19 02:41:16,00065EBF3C,K1
2014-06-19 02:41:29,000697CE1D,K1
2014-06-19 02:43:09,00074F0832,K1
2014-06-19 02:43:36,0006B35971,K1
2014-06-19 02:46:42,0006B39900,K1
2014-06-19 02:49:14,0006B2C073,K1
2014-06-19 02:51:35,0006B2A1D2,K1
2014-06-19 02:57:38,0006B34F91,K1
2014-06-19 03:01:31,0006B39900,K1
2014-06-19 03:07:42,0006B34FCA,K1
2014-06-19 03:11:25,0006B34F91,K1
2014-06-19 03:16:54,000697CE1D,K1
2014-06-19 03:20:06,0006B2C073,K1
2014-06-19 03:23:55,00074F0832,K1
2014-06-19 03:24:47,000697CE1D,K1
2014-06-19 03:26:37,00061D4D10,K1
2014-06-19 04:17:01,00068E1A0D,K1
2014-06-19 04:23:01,0006B2C073,K1
2014-06-19 04:27:09,00074F0832,K1
2014-06-19 04:27:19,0006B39900,K1
2014-06-19 04:28:53,0006B294D3,K1
2014-06-19 04:30:57,00065EBF3C,K1
2014-06-19 04:34:11,0006B35971,K1
2014-06-19 04:35:24,0006B3775E,K1
2014-06-19 04:38:01,00074FA4F8,K1
2014-06-19 04:44:09,0006B3775E,K1
2014-06-19 04:44:56,000697CE1D,K1
2014-06-19 04:47:19,0006B3775E,K1
2014-06-19 04:54:11,0006B35440,K1
2014-06-19 04:57:46,0006B34F91,K1
2014-06-19 21:49:13,00065E61B2,K1
2014-06-19 21:49:40,0006B34F91,K1
2014-06-19 21:49:56,00074F0832,K1
2014-06-19 21:53:16,0006B35971,K1
2014-06-19 21:53:20,0006B39900,K1
2014-06-19 21:54:53,0006B2A1D2,K1
2014-06-19 21:54:57,000697CE1D,K1
2014-06-19 21:55:02,0006B34FCA,K1
2014-06-19 21:55:47,0006B35440,K1
2014-06-19 21:58:20,0006B2C073,K1
2014-06-19 21:59:05,0006B3A093,K1
2014-06-19 22:02:39,00068E1A0D,K1
2014-06-19 22:06:21,0006B35DED,K1
2014-06-19 22:08:35,0006B3900E,K235
2014-06-19 22:09:11,000697A0CF,K1
2014-06-19 23:08:40,0006B39900,K1
2014-06-19 23:12:45,000697CE1D,K1
2014-06-19 23:24:33,000697CE1D,K1
2014-06-19 23:36:13,0006B34F91,K1
2014-06-19 23:41:28,0006B35971,K1
2014-06-19 23:46:39,00074F0832,K1
2014-06-19 23:47:02,0006B2C073,K1
2014-06-19 23:49:22,0006B34F91,K1
2014-06-19 23:49:43,00065EBF3C,K1
2014-06-19 23:54:00,0006B35440,K1
2014-06-20 00:03:22,0006B39900,K1
2014-06-20 00:06:24,0006B35440,K1
2014-06-20 00:09:30,0006B294D3,K1
2014-06-20 00:10:24,000697CE1D,K1
2014-06-20 00:12:47,0006B2C073,K1
2014-06-20 00:16:12,00074F0832,K1
2014-06-20 00:18:43,0006B2A1D2,K1
2014-06-20 00:24:08,00061D4D10,K1
2014-06-20 00:27:50,0006B35440,K1
2014-06-20 00:30:01,0006B34F91,K1
2014-06-20 00:32:09,0006B34FCA,K1
2014-06-20 00:33:46,00065E61B2,K1
2014-06-20 00:36:33,0006B294D3,K1
2014-06-20 00:37:50,0006B34F91,K1
2014-06-20 00:45:34,0006B35440,K1
2014-06-20 00:48:03,0006B39900,K1
2014-06-20 00:50:07,0006B35971,K1
2014-06-20 00:57:48,0006B35971,K1
2014-06-20 01:02:49,0006B39900,K1
2014-06-20 01:07:57,0006B2C073,K1
2014-06-20 01:08:52,00065EBF3C,K1
2014-06-20 01:17:54,0006B35DED,K1
2014-06-20 01:18:22,0006B2C073,K1
2014-06-20 01:18:37,0006B2C073,K1
2014-06-20 01:22:51,0006B34F91,K1
2014-06-20 01:24:22,0006B34FCA,K1
2014-06-20 01:29:10,000697CE1D,K1
2014-06-20 01:38:02,00074F0832,K1
2014-06-20 01:42:39,0006B35440,K1
2014-06-20 01:45:59,0006B39900,K1
2014-06-20 01:46:18,0006B2A1D2,K1
2014-06-20 01:48:57,000697CE1D,K1
2014-06-20 01:51:15,0006B35971,K1
2014-06-20 01:54:23,0006B2A1D2,K235
2014-06-20 01:54:35,0006B35440,K1
2014-06-20 01:54:52,0006B34FCA,K235
2014-06-20 02:12:12,000697A0CF,K235
2014-06-20 02:15:52,0006B2C073,K1
2014-06-20 02:16:50,0006B294D3,K1
2014-06-20 02:19:19,0006B2C073,K1
2014-06-20 02:29:42,0006B39900,K1
2014-06-20 02:31:18,0006B34FCA,K1
2014-06-20 02:35:40,00065E61B2,K1
2014-06-20 02:38:06,0006B39900,K1
2014-06-20 02:41:30,0006B34F91,K1
2014-06-20 02:43:06,00074F0832,K1
2014-06-20 02:44:48,0006B2C073,K1
2014-06-20 02:48:58,00074F0832,K1
2014-06-20 02:54:10,0006B34F91,K1
2014-06-20 02:56:48,0006B2A1D2,K1
2014-06-20 03:00:00,0006B35440,K1
2014-06-20 03:03:28,00065EBF3C,K1
2014-06-20 03:04:21,000697CE1D,K1
2014-06-20 03:04:58,0006B35DED,K1
2014-06-20 03:15:58,000697CE1D,K1
2014-06-20 03:17:50,0006B35440,K1
2014-06-20 03:29:16,0006B35971,K1
2014-06-20 04:19:31,00068E1A0D,K1
2014-06-20 04:21:32,0006B39900,K1
2014-06-20 04:28:37,0006B2C073,K1
2014-06-20 04:30:37,0006B35440,K1
2014-06-20 04:35:20,0006B294D3,K1
2014-06-20 04:37:16,0006B2A1D2,K1
2014-06-20 04:40:28,0006B35971,K1
2014-06-20 04:43:08,00074F0832,K1
2014-06-20 04:43:50,0006B3900E,K1
2014-06-20 04:44:05,0006B3900E,K1
2014-06-20 04:48:23,00074FA4F8,K1
2014-06-20 04:54:09,0006B3775E,K1
2014-06-20 05:03:43,0006B34F91,K1
2014-06-20 21:48:45,00061D4D10,K1
2014-06-20 21:53:13,0006B34F91,K1
2014-06-20 21:54:04,0006B35971,K1
2014-06-20 21:56:16,000697CE1D,K1
2014-06-20 21:59:04,0006B2C073,K1
2014-06-20 21:59:35,00074F0832,K1
2014-06-20 22:00:32,0006B2A1D2,K1
2014-06-20 22:02:57,0006B34FCA,K1
2014-06-20 22:08:55,0006B3A093,K1
2014-06-20 22:10:10,000697A0CF,K1
2014-06-20 22:12:23,00074FA4F8,K1
2014-06-20 22:27:16,0006B35DED,K1
2014-06-20 23:09:44,0006B39900,K1
2014-06-20 23:11:09,0006B2A1D2,K1
2014-06-20 23:26:49,0006B39900,K1
2014-06-20 23:29:48,00074F0832,K1
2014-06-20 23:33:52,0006B2A1D2,K1
2014-06-20 23:34:48,00074F0832,K1
2014-06-20 23:44:39,0006B2C073,K1
2014-06-20 23:44:49,0006B34F91,K1
2014-06-20 23:44:53,0006B35440,K1
2014-06-20 23:56:08,0006B294D3,K1
2014-06-20 23:58:06,00065E61B2,K1
2014-06-20 23:58:43,0006B39900,K1
2014-06-20 23:58:44,00074F0832,K1
2014-06-21 00:00:26,0006B34F91,K1
2014-06-21 00:03:33,0006B35440,K1
2014-06-21 00:03:54,0006B2C073,K1
2014-06-21 00:08:03,0006B35971,K1
2014-06-21 00:14:23,0006B294D3,K1
2014-06-21 00:15:26,00065EBF3C,K1
2014-06-21 00:16:15,0006B35971,K1
2014-06-21 00:20:01,0006B2A1D2,K1
2014-06-21 00:20:17,000697CE1D,K1
2014-06-21 00:28:15,00074F0832,K1
2014-06-21 00:28:28,000697CE1D,K1
2014-06-21 00:30:22,0006B35DED,K1
2014-06-21 00:32:55,0006B2A1D2,K1
2014-06-21 00:35:59,00074F0832,K1
2014-06-21 00:36:32,00074F0832,K1
2014-06-21 00:40:24,00074F0832,K1
2014-06-21 00:41:36,0006B35440,K1
2014-06-21 00:44:13,00074F0832,K1
2014-06-21 00:47:36,0006B39900,K1
2014-06-21 00:58:40,0006B35440,K1
2014-06-21 01:00:16,0006B39900,K1
2014-06-21 01:02:43,0006B34FCA,K1
2014-06-21 01:13:46,0006B35971,K1
2014-06-21 01:16:13,0006B294D3,K1
2014-06-21 01:18:02,0006B34F91,K1
2014-06-21 01:23:52,0006B294D3,K1
2014-06-21 01:27:34,00065E61B2,K1
2014-06-21 01:31:50,0006B2C073,K1
2014-06-21 01:32:01,0006B2C073,K1
2014-06-21 01:32:16,00065EBF3C,K1
2014-06-21 01:44:23,0006B35440,K1
2014-06-21 01:45:39,0006B39900,K1
2014-06-21 01:48:43,000697CE1D,K1
2014-06-21 01:49:14,0006B34F91,K1
2014-06-21 01:49:45,0006B39900,K1
2014-06-21 01:52:25,00065EBF3C,K1
2014-06-21 01:55:33,0006B39900,K1
2014-06-21 01:55:59,0006B35971,K1
2014-06-21 01:57:20,0006B34FCA,K1
2014-06-21 01:57:51,00065E61B2,K1
2014-06-21 01:58:39,000697CE1D,K1
2014-06-21 01:59:52,0006B34F91,K1
2014-06-21 02:01:18,00065EBF3C,K1
2014-06-21 02:01:36,0006B39900,K1
2014-06-21 02:04:45,00065EBF3C,K1
2014-06-21 02:06:38,00065EBF3C,K1
2014-06-21 02:07:06,0006B35440,K1
2014-06-21 02:07:35,0006B2A1D2,K1
2014-06-21 02:09:13,0006B35971,K1
2014-06-21 02:10:02,00074F0832,K1
2014-06-21 02:10:16,0006B35DED,K1
2014-06-21 02:10:36,00061D4D10,K1
2014-06-21 02:10:48,00074F0832,K1
2014-06-21 02:19:15,00074F0832,K1
2014-06-21 02:21:54,00074F0832,K1
2014-06-21 02:38:45,0006B39900,K1
2014-06-21 02:39:54,0006B34F91,K1
2014-06-21 02:43:56,0006B39900,K1
2014-06-21 02:45:15,0006B35DED,K1
2014-06-21 02:45:48,0006B34F91,K1
2014-06-21 02:47:54,00061D4D10,K1
2014-06-21 02:48:05,00061D4D10,K1
2014-06-21 02:48:16,00061D4D10,K1
2014-06-21 02:50:15,0006B35440,K1
2014-06-21 02:59:34,0006B35440,K1
2014-06-21 03:22:25,0006B34FCA,K1
2014-06-21 03:22:36,0006B34FCA,K1
2014-06-21 03:22:47,0006B34FCA,K1
2014-06-21 03:22:58,0006B34FCA,K1
2014-06-21 03:28:03,00065EBF3C,K1
2014-06-21 03:33:40,00065EBF3C,K1
2014-06-21 03:33:51,00065EBF3C,K1
2014-06-21 04:38:48,0006B35971,K1
2014-06-21 04:40:23,0006B2A1D2,K1
2014-06-21 04:40:34,0006B2A1D2,K1
2014-06-21 04:43:26,0006B2A1D2,K1
2014-06-21 04:44:44,0006B35971,K1
2014-06-21 04:44:55,0006B35971,K1
2014-06-21 04:45:07,0006B35971,K1
2014-06-21 04:45:18,0006B35971,K1
2014-06-21 04:54:16,0006B2A1D2,K1
2014-06-21 04:54:29,0006B2A1D2,K1
2014-06-21 21:40:36,0006B294D3,K31
2014-06-21 21:45:39,0006B35971,K31
2014-06-21 21:58:11,00065E61B2,K31
2014-06-21 21:58:14,0006B3775E,K31
2014-06-21 22:05:44,00074FA4F8,K31
2014-06-21 22:07:09,0006B2C073,K31
2014-06-21 22:07:20,000697A0CF,K31
2014-06-21 22:12:34,0006B3A093,K31
2014-06-21 22:14:52,0006B35DED,K31
2014-06-21 22:54:41,0006B39900,K31
2014-06-21 23:21:21,0006B2C073,K31
2014-06-21 23:37:18,0006B39900,K31
2014-06-21 23:53:12,0006B2C073,K31
2014-06-21 23:56:12,0006B39900,K31
2014-06-22 00:06:29,00065EBF3C,K31
2014-06-22 00:08:55,00074F0832,K31
2014-06-22 01:39:45,0006B2C073,K31
2014-06-22 02:53:05,00061D4D10,K31
2014-06-22 02:54:11,0006B35971,K31
2014-06-22 02:59:02,0006B2C073,K31
2014-06-22 02:59:29,00074F0832,K31
2014-06-22 03:23:43,0006B34FCA,K31
2014-06-22 03:23:53,0006B2C073,K31
2014-06-22 21:39:16,0006B34F91,K31
2014-06-22 21:41:04,00061D4D10,K31
2014-06-22 21:42:02,00074F0832,K31
2014-06-22 21:46:43,0006B2C073,K31
2014-06-22 21:47:03,0006B294D3,K31
2014-06-22 21:47:18,0006B2C073,K31
2014-06-22 21:47:35,00065E61B2,K31
2014-06-22 21:53:29,0006B34FCA,K31
2014-06-22 21:56:31,0006B2A1D2,K31
2014-06-22 22:00:55,000697A0CF,K31
2014-06-22 22:02:23,0006B3775E,K31
2014-06-22 22:06:58,0006B3A093,K31
2014-06-22 23:08:38,0006B39900,K31
2014-06-22 23:18:55,0006B39900,K31
2014-06-22 23:27:26,00065EBF3C,K31
2014-06-22 23:29:03,00065EBF3C,K31
2014-06-22 23:44:24,0006B35971,K31
2014-06-22 23:57:42,0006B34F91,K31
2014-06-22 23:59:12,0006B294D3,K31
2014-06-23 00:07:14,00074F0832,K31
2014-06-23 00:09:25,0006B2A1D2,K31
2014-06-23 00:13:27,0006B34F91,K31
2014-06-23 00:14:14,0006B2C073,K31
2014-06-23 00:35:06,0006B34FCA,K31
2014-06-23 01:12:41,0006B35440,K31
2014-06-23 01:16:17,000697CE1D,K31
2014-06-23 01:16:23,0006B3900E,K31
2014-06-23 01:17:21,0006B3900E,K31
2014-06-23 01:22:40,0006B2C073,K31
2014-06-23 01:24:44,0006B35971,K31
2014-06-23 01:33:22,0006B3900E,K31
2014-06-23 01:33:55,0006B3900E,K31
2014-06-23 01:38:57,0006B294D3,K31
2014-06-23 01:40:16,0006B2C073,K31
2014-06-23 02:09:33,00074F0832,K31
2014-06-23 02:22:15,0006B294D3,K31
2014-06-23 21:58:47,000697A0CF,K31
2014-06-24 00:24:20,0006B34FCA,K31
2014-06-24 00:44:01,0006B35440,K31
2014-06-24 02:04:34,0006B2A1D2,K31
2014-06-24 04:39:03,0006B3900E,K31
2014-06-24 13:35:01,0006B294D3,K19
2014-06-24 13:35:12,0006B294D3,K19
2014-06-24 21:46:35,00061D4D10,K19
2014-06-24 21:47:08,0006B34FCA,K19
2014-06-24 21:47:48,0006B34F91,K19
2014-06-24 21:49:22,000697CE1D,K19
2014-06-24 21:50:40,0006B39900,K19
2014-06-24 21:50:54,0006B2A1D2,K19
2014-06-24 21:51:40,0006B294D3,K19
2014-06-24 21:55:59,0006B35971,K19
2014-06-24 21:56:18,00065E61B2,K19
2014-06-24 21:57:57,0006B2C073,K19
2014-06-24 21:58:04,00074FA4F8,K19
2014-06-24 21:59:47,0006B3A093,K19
2014-06-24 21:59:50,0006B3775E,K19
2014-06-24 22:00:29,0006B35440,K19
2014-06-24 22:01:27,000697A0CF,K19
2014-06-24 22:02:24,00068E1A0D,K19
2014-06-24 22:09:47,0006B294D3,K31
2014-06-24 22:31:07,0006B35440,K19
2014-06-24 22:37:45,0006B35440,K19
2014-06-24 23:14:37,0006B39900,K19
2014-06-24 23:24:33,0006B39900,K19
2014-06-24 23:41:07,000697CE1D,K19
2014-06-24 23:46:10,0006B2C073,K19
2014-06-24 23:49:57,000697CE1D,K19
2014-06-24 23:54:14,00074F0832,K19
2014-06-24 23:56:16,00065EBF3C,K19
2014-06-25 00:00:40,0006B35971,K19
2014-06-25 00:03:09,0006B39900,K19
2014-06-25 00:05:41,00065EBF3C,K19
2014-06-25 00:07:40,00065E61B2,K19
2014-06-25 00:16:56,00074F0832,K19
2014-06-25 00:21:15,0006B294D3,K31
2014-06-25 00:21:23,0006B2A1D2,K19
2014-06-25 00:22:20,0006B35440,K31
2014-06-25 00:22:39,0006B35440,K31
2014-06-25 00:22:55,0006B35440,K19
2014-06-25 00:27:35,0006B34FCA,K19
2014-06-25 00:33:16,0006B39900,K19
2014-06-25 00:33:28,00065E61B2,K19
2014-06-25 00:35:30,0006B2A1D2,K19
2014-06-25 00:35:42,0006B34FCA,K19
2014-06-25 00:35:45,0006B35440,K19
2014-06-25 00:39:15,00074F0832,K19
2014-06-25 00:40:09,0006B2C073,K19
2014-06-25 00:41:33,0006B35971,K19
2014-06-25 00:57:37,0006B34F91,K19
2014-06-25 01:00:14,00074F0832,K19
2014-06-25 01:10:00,000697CE1D,K19
2014-06-25 01:11:21,0006B34F91,K19
2014-06-25 01:16:19,00061D4D10,K19
2014-06-25 01:26:51,000697CE1D,K19
2014-06-25 01:27:55,0006B34FCA,K19
2014-06-25 01:37:56,0006B34FCA,K19
2014-06-25 01:43:02,00061D4D10,K19
2014-06-25 01:50:52,00065EBF3C,K19
2014-06-25 01:52:16,0006B2A1D2,K19
2014-06-25 02:04:48,0006B2C073,K19
2014-06-25 02:05:15,00065E61B2,K19
2014-06-25 02:07:13,0006B39900,K19
2014-06-25 02:07:52,00065EBF3C,K19
2014-06-25 02:08:28,0006B35971,K19
2014-06-25 02:08:40,0006B2A1D2,K19
2014-06-25 02:20:03,0006B2C073,K19
2014-06-25 02:23:09,0006B39900,K19
2014-06-25 02:25:44,0006B35971,K19
2014-06-25 02:34:20,0006B35DED,K19
2014-06-25 02:34:40,000697CE1D,K19
2014-06-25 02:38:42,00065E61B2,K19
2014-06-25 02:40:35,00074F0832,K19
2014-06-25 02:44:48,0006B34F91,K19
2014-06-25 02:46:01,000697CE1D,K19
2014-06-25 02:46:09,00074F0832,K19
2014-06-25 02:53:20,00074F0832,K19
2014-06-25 02:53:28,0006B34FCA,K19
2014-06-25 02:54:30,0006B35971,K19
2014-06-25 03:01:32,0006B35440,K19
2014-06-25 03:01:40,0006B34F91,K19
2014-06-25 03:02:40,0006B34FCA,K19
2014-06-25 03:03:47,00074F0832,K19
2014-06-25 03:11:58,0006B2C073,K19
2014-06-25 03:12:05,0006B35440,K19
2014-06-25 03:12:32,0006B35DED,K19
2014-06-25 03:15:23,00061D4D10,K19
2014-06-25 03:23:43,000697CE1D,K19
2014-06-25 03:25:27,0006B2C073,K19
2014-06-25 03:25:36,0006B35971,K19
2014-06-25 03:30:38,00061D4D10,K19
2014-06-25 03:34:08,000697CE1D,K19
2014-06-25 04:13:28,00068E1A0D,K19
2014-06-25 04:24:06,00065E61B2,K19
2014-06-25 04:26:37,0006B3775E,K19
2014-06-25 04:27:45,0006B35440,K19
2014-06-25 04:29:49,00065EBF3C,K19
2014-06-25 04:30:07,0006B34FCA,K19
2014-06-25 04:30:57,0006B2C073,K19
2014-06-25 04:36:47,00074F0832,K19
2014-06-25 04:36:55,0006B39900,K19
2014-06-25 04:39:03,000697A0CF,K19
2014-06-25 04:42:23,00061D4D10,K19
2014-06-25 04:47:46,0006B35971,K19
2014-06-25 04:47:53,000697CE1D,K19
2014-06-25 04:56:37,0006B34F91,K19
2014-06-25 21:36:02,0006B294D3,K232
2014-06-25 21:49:28,00061D4D10,K19
2014-06-25 21:50:43,0006B34F91,K19
2014-06-25 21:50:48,0006B35971,K19
2014-06-25 21:51:44,00065E61B2,K19
2014-06-25 21:51:54,00061D4D10,K19
2014-06-25 21:51:58,0006B35971,K19
2014-06-25 22:04:58,0006B39900,K19
2014-06-25 22:08:58,0006B34FCA,K19
2014-06-25 22:09:07,00065EBF3C,K19
2014-06-25 22:09:48,0006B2C073,K19
2014-06-25 22:10:12,000697CE1D,K19
2014-06-25 22:10:57,000697A0CF,K19
2014-06-25 22:10:59,0006B3A093,K19
2014-06-25 22:11:17,00074F0832,K19
2014-06-25 22:11:34,0006B35440,K19
2014-06-25 22:14:17,0006B2A1D2,K19
2014-06-25 22:15:57,0006B3775E,K19
2014-06-25 22:16:31,00068E1A0D,K19
2014-06-25 22:16:46,0006B3775E,K19
2014-06-25 22:28:22,0006B35DED,K19
2014-06-25 23:57:46,0006B35440,K19
2014-06-26 00:01:40,0006B2C073,K232
2014-06-26 00:03:25,0006B2A1D2,K232
2014-06-26 00:06:49,0006B2C073,K232
2014-06-26 00:07:40,0006B39900,K19
2014-06-26 00:08:14,0006B2C073,K19
2014-06-26 00:13:19,0006B35440,K19
2014-06-26 00:14:15,000697CE1D,K19
2014-06-26 00:15:19,0006B34FCA,K19
2014-06-26 00:16:30,0006B2A1D2,K19
2014-06-26 00:18:37,0006B294D3,K232
2014-06-26 00:20:21,0006B39900,K19
2014-06-26 00:21:01,0006B35971,K19
2014-06-26 00:23:33,000697CE1D,K19
2014-06-26 00:24:30,00065E61B2,K19
2014-06-26 00:26:53,00074F0832,K19
2014-06-26 00:28:39,0006B35971,K19
2014-06-26 00:32:26,0006B34FCA,K19
2014-06-26 00:37:52,0006B2C073,K19
2014-06-26 00:39:36,00074F0832,K19
2014-06-26 00:42:29,0006B34F91,K19
2014-06-26 00:46:50,00065EBF3C,K19
2014-06-26 00:53:36,00061D4D10,K19
2014-06-26 00:57:02,0006B34F91,K19
2014-06-26 00:57:42,00065EBF3C,K19
2014-06-26 01:05:55,0006B35971,K19
2014-06-26 01:17:52,0006B35440,K19
2014-06-26 01:19:41,00065E61B2,K19
2014-06-26 01:19:43,00074FA4F8,K19
2014-06-26 01:26:28,00061D4D10,K19
2014-06-26 01:29:07,0006B35971,K19
2014-06-26 01:30:42,0006B35440,K19
2014-06-26 01:31:52,00065E61B2,K19
2014-06-26 01:32:49,00074FA4F8,K19
2014-06-26 01:42:34,0006B2A1D2,K19
2014-06-26 01:51:20,0006B39900,K19
2014-06-26 01:58:23,0006B35971,K19
2014-06-26 01:58:30,000697CE1D,K19
2014-06-26 01:58:43,00074F0832,K19
2014-06-26 01:58:45,0006B34FCA,K19
2014-06-26 02:06:33,0006B39900,K19
2014-06-26 02:14:18,0006B34FCA,K19
2014-06-26 02:15:28,000697CE1D,K19
2014-06-26 02:15:34,00074F0832,K19
2014-06-26 02:22:52,00061D4D10,K19
2014-06-26 02:25:38,0006B2C073,K19
2014-06-26 02:27:09,0006B35971,K19
2014-06-26 02:38:01,00074F0832,K19
2014-06-26 02:41:48,0006B2C073,K19
2014-06-26 02:52:36,00074F0832,K19
2014-06-26 02:52:56,0006B35440,K19
2014-06-26 02:55:11,00065E61B2,K19
2014-06-26 03:04:35,0006B35971,K19
2014-06-26 03:06:58,0006B34FCA,K19
2014-06-26 03:07:44,000697CE1D,K19
2014-06-26 03:16:04,0006B35440,K19
2014-06-26 03:16:20,0006B34FCA,K19
2014-06-26 03:19:23,000697CE1D,K19
2014-06-26 03:20:54,0006B35971,K19
2014-06-26 03:23:45,0006B34F91,K19
2014-06-26 03:24:37,00061D4D10,K19
2014-06-26 03:33:43,00074FA4F8,K19
2014-06-26 03:34:56,0006B34F91,K19
2014-06-26 03:52:02,00074FA4F8,K19
2014-06-26 04:00:04,0006B2C073,K19
2014-06-26 04:05:11,0006B3775E,K19
2014-06-26 04:12:33,0006B2C073,K19
2014-06-26 04:12:45,0006B2C073,K19
2014-06-26 04:14:33,00065EBF3C,K19
2014-06-26 04:15:27,00068E1A0D,K19
2014-06-26 04:20:23,0006B2C073,K19
2014-06-26 04:22:03,0006B2C073,K19
2014-06-26 04:22:25,0006B39900,K19
2014-06-26 04:23:12,0006B35440,K19
2014-06-26 04:24:59,00065E61B2,K19
2014-06-26 04:25:02,0006B35971,K19
2014-06-26 04:27:06,0006B2A1D2,K19
2014-06-26 04:27:32,00074F0832,K19
2014-06-26 04:28:25,00061D4D10,K19
2014-06-26 04:29:15,0006B34FCA,K19
2014-06-26 04:34:29,000697CE1D,K19
2014-06-26 04:39:21,0006B34F91,K19
2014-06-26 22:01:00,00065E61B2,K19
2014-06-26 22:06:29,0006B35971,K19
2014-06-26 22:06:46,0006B35440,K19
2014-06-26 22:07:07,00061D4D10,K19
2014-06-26 22:09:07,000697CE1D,K19
2014-06-26 22:09:40,00074F0832,K19
2014-06-26 22:10:31,0006B34F91,K19
2014-06-26 22:11:18,0006B2A1D2,K19
2014-06-26 22:11:34,0006B2C073,K19
2014-06-26 22:12:33,0006B39900,K19
2014-06-26 22:12:56,00065EBF3C,K19
2014-06-26 22:14:11,0006B34FCA,K19
2014-06-26 22:14:58,0006B3775E,K19
2014-06-26 22:15:58,00068E1A0D,K19
2014-06-26 22:16:03,0006B3A093,K19
2014-06-26 22:20:37,000697A0CF,K19
2014-06-26 22:25:01,0006B35DED,K19
2014-06-26 23:31:41,0006B294D3,K19
2014-06-26 23:34:41,0006B294D3,K19
2014-06-27 00:02:01,00065E61B2,K19
2014-06-27 00:02:05,0006B39900,K19
2014-06-27 00:02:12,000697CE1D,K19
2014-06-27 00:04:59,0006B35971,K19
2014-06-27 00:10:28,000697CE1D,K19
2014-06-27 00:13:27,00065E61B2,K19
2014-06-27 00:14:30,0006B2A1D2,K19
2014-06-27 00:15:33,00074F0832,K19
2014-06-27 00:18:27,0006B2A1D2,K19
2014-06-27 00:20:35,0006B35971,K19
2014-06-27 00:24:59,0006B39900,K19
2014-06-27 00:29:00,00061D4D10,K19
2014-06-27 00:31:56,00065EBF3C,K19
2014-06-27 00:32:14,00074F0832,K19
2014-06-27 00:33:21,0006B2C073,K19
2014-06-27 00:42:44,0006B34FCA,K19
2014-06-27 00:48:23,00065EBF3C,K19
2014-06-27 00:49:57,0006B34FCA,K19
2014-06-27 00:51:16,0006B2C073,K19
2014-06-27 00:52:18,0006B35DED,K232
2014-06-27 00:56:27,00061D4D10,K19
2014-06-27 00:58:34,0006B34F91,K19
2014-06-27 01:10:10,0006B34F91,K19
2014-06-27 01:16:10,0006B39900,K19
2014-06-27 01:16:53,0006B2A1D2,K19
2014-06-27 01:17:24,0006B35DED,K19
2014-06-27 01:24:12,0006B35440,K19
2014-06-27 01:30:34,00061D4D10,K19
2014-06-27 01:31:16,0006B39900,K19
2014-06-27 01:35:59,000697CE1D,K19
2014-06-27 01:40:26,0006B35440,K19
2014-06-27 01:59:14,00065E61B2,K19
2014-06-27 02:00:07,000697CE1D,K19
2014-06-27 02:00:45,0006B35DED,K19
2014-06-27 02:01:56,0006B2A1D2,K19
2014-06-27 02:04:34,0006B34FCA,K19
2014-06-27 02:09:04,00074F0832,K19
2014-06-27 02:11:30,0006B35971,K19
2014-06-27 02:11:35,0006B2A1D2,K19
2014-06-27 02:13:52,00074F0832,K19
2014-06-27 02:15:02,00061D4D10,K19
2014-06-27 02:17:49,0006B35971,K19
2014-06-27 02:18:57,0006B34FCA,K19
2014-06-27 02:22:15,0006B35DED,K19
2014-06-27 02:23:16,0006B2C073,K19
2014-06-27 02:28:30,0006B35DED,K19
2014-06-27 02:32:59,0006B34F91,K19
2014-06-27 02:36:43,00065EBF3C,K19
2014-06-27 02:42:27,0006B35971,K19
2014-06-27 02:43:33,0006B2C073,K19
2014-06-27 02:46:30,00065E61B2,K19
2014-06-27 02:47:04,0006B39900,K19
2014-06-27 02:50:19,000697CE1D,K19
2014-06-27 02:53:22,0006B34F91,K19
2014-06-27 02:53:26,00065EBF3C,K19
2014-06-27 02:58:31,00074F0832,K19
2014-06-27 03:01:04,0006B2A1D2,K19
2014-06-27 03:03:30,0006B39900,K19
2014-06-27 03:06:50,0006B35971,K19
2014-06-27 03:06:59,00061D4D10,K19
2014-06-27 03:07:45,000697CE1D,K19
2014-06-27 03:09:37,0006B2C073,K19
2014-06-27 03:09:47,00074F0832,K19
2014-06-27 03:12:36,0006B34FCA,K19
2014-06-27 03:14:20,0006B2C073,K19
2014-06-27 03:23:23,0006B34FCA,K19
2014-06-27 03:27:18,00074F0832,K19
2014-06-27 03:37:25,00074F0832,K19
2014-06-27 03:39:16,00061D4D10,K19
2014-06-27 03:46:41,00061D4D10,K19
2014-06-27 03:51:09,00061D4D10,K19
2014-06-27 03:52:07,00061D4D10,K19
2014-06-27 03:52:18,00061D4D10,K19
2014-06-27 03:52:29,00061D4D10,K19
2014-06-27 03:55:04,00061D4D10,K19
2014-06-27 04:20:23,0006B35440,K19
2014-06-27 04:20:28,00068E1A0D,K19
2014-06-27 04:25:04,0006B39900,K19
2014-06-27 04:27:11,0006B3775E,K19
2014-06-27 04:27:55,00065EBF3C,K19
2014-06-27 04:29:07,0006B35971,K19
2014-06-27 04:34:55,0006B34FCA,K19
2014-06-27 04:35:28,00074FA4F8,K19
2014-06-27 04:35:50,0006B2A1D2,K19
2014-06-27 04:40:32,0006B34F91,K19
2014-06-27 04:43:03,00074F0832,K19
2014-06-27 04:43:59,00061D4D10,K19
2014-06-27 04:45:49,000697CE1D,K19
2014-06-27 04:46:04,000697CE1D,K19
2014-06-27 04:55:56,0006B2A1D2,K19
2014-06-27 05:34:36,0006B35DED,K19
2014-06-27 05:34:51,0006B35DED,K19
2014-06-27 05:35:08,0006B35DED,K19
2014-06-27 05:35:19,0006B35DED,K19
2014-06-27 05:36:17,0006B35DED,K19
2014-06-27 21:38:20,00074F0832,K19
2014-06-27 21:38:31,00074F0832,K19
2014-06-27 21:39:19,00061D4D10,K19
2014-06-27 21:40:50,00074F0832,K19
2014-06-27 21:41:05,0006B35440,K19
2014-06-27 21:41:23,0006B35440,K19
2014-06-27 21:41:27,0006B34F91,K19
2014-06-27 21:42:16,000697CE1D,K19
2014-06-27 21:42:53,000697CE1D,K19
2014-06-27 21:43:28,0006B34FCA,K19
2014-06-27 21:43:46,000697CE1D,K19
2014-06-27 21:43:59,000697CE1D,K19
2014-06-27 21:44:08,0006B39900,K19
2014-06-27 21:44:09,0006B35971,K19
2014-06-27 21:44:23,0006B34FCA,K19
2014-06-27 21:45:55,0006B2A1D2,K19
2014-06-27 21:46:07,0006B2A1D2,K19
2014-06-27 21:51:57,00065E61B2,K19
2014-06-27 21:52:42,0006B3775E,K19
2014-06-27 21:52:48,0006B35DED,K19
2014-06-27 21:52:57,0006B2A1D2,K19
2014-06-27 21:53:01,0006B35DED,K19
2014-06-27 21:53:07,0006B3A093,K19
2014-06-27 21:53:27,00068E1A0D,K19
2014-06-27 21:55:44,00074FA4F8,K19
2014-06-27 21:56:07,000697A0CF,K19
2014-06-27 23:38:23,0006B2C073,K19
2014-06-27 23:39:55,0006B2C073,K19
2014-06-27 23:43:59,0006B2C073,K19
2014-06-27 23:51:53,0006B2C073,K19
2014-06-28 00:01:21,000697CE1D,K19
2014-06-28 00:03:40,0006B34F91,K19
2014-06-28 00:09:56,000697CE1D,K19
2014-06-28 00:10:18,0006B35971,K19
2014-06-28 00:14:56,0006B34F91,K19
2014-06-28 00:18:25,0006B35971,K19
2014-06-28 00:19:13,00065E61B2,K19
2014-06-28 00:19:38,00061D4D10,K19
2014-06-28 00:20:53,0006B2A1D2,K19
2014-06-28 00:23:17,0006B34FCA,K19
2014-06-28 00:28:02,0006B34FCA,K19
2014-06-28 00:32:32,00061D4D10,K19
2014-06-28 00:39:08,00065EBF3C,K19
2014-06-28 00:43:28,00074F0832,K19
2014-06-28 00:44:12,00065EBF3C,K19
2014-06-28 00:49:58,0006B39900,K19
2014-06-28 00:51:20,00074F0832,K19
2014-06-28 00:56:35,0006B39900,K19
2014-06-28 01:03:14,00061D4D10,K19
2014-06-28 01:06:59,00065EBF3C,K19
2014-06-28 01:07:52,0006B35971,K19
2014-06-28 01:13:53,00065EBF3C,K19
2014-06-28 01:14:53,0006B35971,K19
2014-06-28 01:17:05,00061D4D10,K19
2014-06-28 01:17:11,0006B35440,K19
2014-06-28 01:23:27,0006B39900,K19
2014-06-28 01:23:45,0006B39900,K19
2014-06-28 01:24:32,0006B2C073,K19
2014-06-28 01:33:19,0006B35440,K19
2014-06-28 01:36:52,0006B35440,K19
2014-06-28 01:36:55,000697CE1D,K19
2014-06-28 01:39:54,0006B34FCA,K19
2014-06-28 01:40:10,00074F0832,K19
2014-06-28 01:40:16,0006B35440,K19
2014-06-28 01:43:07,0006B39900,K19
2014-06-28 01:43:19,0006B2A1D2,K19
2014-06-28 01:44:53,0006B35971,K19
2014-06-28 01:46:38,0006B2C073,K19
2014-06-28 01:52:47,0006B39900,K19
2014-06-28 01:56:12,0006B35DED,K19
2014-06-28 01:56:55,0006B34FCA,K19
2014-06-28 01:57:29,000697CE1D,K19
2014-06-28 02:00:58,0006B2A1D2,K19
2014-06-28 02:04:37,0006B39900,K19
2014-06-28 02:05:53,0006B35971,K19
2014-06-28 02:10:48,00074F0832,K19
2014-06-28 02:16:34,0006B35440,K19
2014-06-28 02:23:55,0006B34F91,K19
2014-06-28 02:27:09,0006B35440,K19
2014-06-28 02:36:48,00065E61B2,K19
2014-06-28 02:40:17,0006B34F91,K19
2014-06-28 02:41:37,00061D4D10,K19
2014-06-28 02:42:52,0006B35DED,K19
2014-06-28 02:55:54,00065EBF3C,K19
2014-06-28 02:56:05,0006B2C073,K19
2014-06-28 02:56:31,000697CE1D,K19
2014-06-28 03:05:16,0006B34FCA,K19
2014-06-28 03:06:44,00074FA4F8,K19
2014-06-28 03:15:50,0006B35971,K19
2014-06-28 03:17:52,0006B2C073,K19
2014-06-28 03:18:53,0006B39900,K19
2014-06-28 03:22:53,00065EBF3C,K19
2014-06-28 03:23:23,0006B35DED,K19
2014-06-28 03:27:26,0006B2A1D2,K19
2014-06-28 03:27:39,0006B34FCA,K19
2014-06-28 03:28:16,000697CE1D,K19
2014-06-28 03:28:53,00074FA4F8,K19
2014-06-28 03:31:21,0006B39900,K19
2014-06-28 03:39:00,0006B2A1D2,K19
2014-06-28 03:40:19,0006B35440,K19
2014-06-28 03:51:30,0006B35971,K19
2014-06-28 03:58:36,00068E1A0D,K19
2014-06-28 04:08:19,0006B34F91,K19
2014-06-28 04:20:57,000697CE1D,K19
2014-06-28 04:28:22,0006B39900,K19
2014-06-28 04:33:41,0006B2C073,K19
2014-06-28 04:34:08,0006B34FCA,K19
2014-06-28 04:38:19,00065EBF3C,K19
2014-06-28 04:40:30,0006B3775E,K19
2014-06-28 04:40:53,0006B2A1D2,K19
2014-06-28 04:42:02,00074F0832,K19
2014-06-28 04:47:36,000697A0CF,K19
2014-06-28 04:51:37,0006B35971,K19
2014-06-28 05:02:56,000697A0CF,K19
2014-06-28 05:03:13,000697A0CF,K19
2014-06-28 05:09:04,000697A0CF,K19
2014-06-28 05:10:25,0006B2A1D2,K19
2014-06-28 15:08:33,0006B294D3,K2
2014-06-28 15:08:44,0006B294D3,K2
2014-06-28 15:08:55,0006B294D3,K2
2014-06-28 15:09:06,0006B294D3,K2
2014-06-28 15:09:17,0006B294D3,K2
2014-06-28 15:09:28,0006B294D3,K2
2014-06-28 15:09:39,0006B294D3,K2
2014-06-28 15:09:50,0006B294D3,K2
2014-06-28 15:10:02,0006B294D3,K2
2014-06-28 21:33:51,0006B294D3,K19
2014-06-28 21:34:05,0006B294D3,K19
2014-06-28 21:38:18,0006B39900,K19
2014-06-28 21:38:27,000697CE1D,K19
2014-06-28 21:41:17,0006B34F91,K19
2014-06-28 21:42:36,00065E61B2,K19
2014-06-28 21:45:50,00074F0832,K19
2014-06-28 21:45:56,000697CE1D,K19
2014-06-28 21:47:04,00061D4D10,K19
2014-06-28 21:47:57,0006B35971,K19
2014-06-28 21:49:51,0006B3775E,K19
2014-06-28 21:49:52,0006B35440,K19
2014-06-28 21:49:57,0006B34FCA,K19
2014-06-28 21:50:31,0006B2C073,K19
2014-06-28 21:51:49,00065EBF3C,K19
2014-06-28 21:52:08,0006B2A1D2,K19
2014-06-28 21:58:09,0006B35DED,K19
2014-06-28 21:58:30,000697A0CF,K19
2014-06-28 22:12:32,0006B3A093,K19
2014-06-28 22:12:43,00068E1A0D,K19
2014-06-28 22:49:03,0006B2C073,K2
2014-06-28 23:04:01,0006B39900,K19
2014-06-28 23:06:34,00061D4D10,K19
2014-06-28 23:07:56,0006B294D3,K2
2014-06-28 23:08:43,00068E1A0D,K19
2014-06-28 23:10:47,0006B294D3,K2
2014-06-28 23:31:46,0006B35440,K19
2014-06-28 23:34:48,0006B35DED,K2
2014-06-28 23:40:43,000697CE1D,K2
2014-06-28 23:55:41,000697CE1D,K2
2014-06-28 23:58:04,000697CE1D,K2
2014-06-29 00:03:56,000697CE1D,K2
2014-06-29 00:04:26,000697CE1D,K19
2014-06-29 00:06:02,0006B34FCA,K2
2014-06-29 00:10:38,0006B2C073,K2
2014-06-29 00:11:10,0006B2C073,K19
2014-06-29 00:14:28,0006B34FCA,K2
2014-06-29 00:15:07,0006B34FCA,K19
2014-06-29 00:16:13,00074F0832,K19
2014-06-29 00:16:47,000697CE1D,K19
2014-06-29 00:16:52,00074F0832,K19
2014-06-29 00:17:19,000697CE1D,K2
2014-06-29 00:17:21,00074F0832,K2
2014-06-29 00:17:41,0006B2C073,K19
2014-06-29 00:17:52,0006B2C073,K19
2014-06-29 00:18:03,0006B2C073,K19
2014-06-29 00:18:22,000697CE1D,K2
2014-06-29 00:25:13,00065E61B2,K19
2014-06-29 00:29:11,000697CE1D,K2
2014-06-29 00:31:47,00065E61B2,K19
2014-06-29 00:32:02,00065E61B2,K19
2014-06-29 00:33:06,00065E61B2,K2
2014-06-29 00:35:10,00074F0832,K2
2014-06-29 00:35:45,00074F0832,K19
2014-06-29 00:38:56,00074F0832,K19
2014-06-29 00:39:32,00074F0832,K2
2014-06-29 00:44:03,000697CE1D,K2
2014-06-29 00:51:41,0006B35440,K19
2014-06-29 00:52:10,0006B35440,K2
2014-06-29 00:53:39,00074F0832,K2
2014-06-29 00:54:55,0006B2A1D2,K2
2014-06-29 00:57:11,0006B2A1D2,K2
2014-06-29 00:57:48,0006B2A1D2,K19
2014-06-29 00:59:46,00074F0832,K2
2014-06-29 01:04:19,000697CE1D,K2
2014-06-29 01:06:10,0006B2A1D2,K19
2014-06-29 01:06:31,0006B2A1D2,K2
2014-06-29 01:16:09,0006B2A1D2,K2
2014-06-29 01:16:20,0006B2A1D2,K2
2014-06-29 01:17:05,0006B2A1D2,K19
2014-06-29 01:17:57,0006B2A1D2,K19
2014-06-29 01:18:08,0006B2A1D2,K19
2014-06-29 01:18:19,0006B2A1D2,K19
2014-06-29 01:18:30,0006B2A1D2,K19
2014-06-29 01:18:48,0006B2A1D2,K19
2014-06-29 01:19:23,0006B2A1D2,K19
2014-06-29 01:19:44,0006B2A1D2,K19
2014-06-29 01:22:05,000697CE1D,K2
2014-06-29 01:22:38,000697CE1D,K19
2014-06-29 01:24:57,000697CE1D,K19
2014-06-29 01:25:21,000697CE1D,K19
2014-06-29 01:25:32,000697CE1D,K19
2014-06-29 01:25:44,000697CE1D,K19
2014-06-29 01:26:26,00074F0832,K2
2014-06-29 01:36:45,000697CE1D,K2
2014-06-29 01:45:43,0006B2A1D2,K2
2014-06-29 01:46:01,0006B2A1D2,K2
2014-06-29 01:48:05,0006B2A1D2,K19
2014-06-29 01:48:16,0006B2A1D2,K19
2014-06-29 01:53:24,00065EBF3C,K19
2014-06-29 01:58:53,000697CE1D,K2
2014-06-29 02:01:35,00065EBF3C,K19
2014-06-29 02:02:21,00065EBF3C,K19
2014-06-29 02:02:33,00065EBF3C,K19
2014-06-29 02:03:31,00065EBF3C,K19
2014-06-29 02:28:11,000697CE1D,K2
2014-06-29 02:48:32,000697CE1D,K2
2014-06-29 03:00:01,0006B2A1D2,K19
2014-06-29 03:04:02,0006B2A1D2,K19
2014-06-29 03:04:13,0006B2A1D2,K19
2014-06-29 03:16:05,0006B2A1D2,K2
2014-06-29 03:19:09,0006B2A1D2,K2
2014-06-29 03:24:12,0006B2A1D2,K2
2014-06-29 03:28:55,000697CE1D,K2
2014-06-29 03:49:13,000697CE1D,K2
2014-06-29 04:42:19,00074F0832,K2
2014-06-29 04:50:38,000697CE1D,K2
2014-06-29 05:01:22,0006B34F91,K2
2014-06-29 05:04:47,0006B34F91,K19
2014-06-29 05:29:30,0006B34F91,K19
2014-06-29 05:30:03,0006B34F91,K2
2014-06-29 21:59:42,00065E61B2,K2
2014-06-29 22:00:41,000697CE1D,K2
2014-06-29 22:01:34,000697CE1D,K2
2014-06-29 22:02:28,00074F0832,K2
2014-06-29 22:04:06,0006B34F91,K2
2014-06-29 22:04:58,0006B34F91,K19
2014-06-29 22:07:43,0006B294D3,K16
2014-06-29 22:09:17,0006B2A1D2,K2
2014-06-29 22:09:20,0006B35440,K2
2014-06-29 22:10:59,000697CE1D,K2
2014-06-29 22:11:02,0006B35DED,K2
2014-06-29 22:13:22,0006B34F91,K19
2014-06-29 22:13:27,0006B35DED,K2
2014-06-29 22:14:26,0006B35DED,K2
2014-06-29 22:15:24,000697A0CF,K2
2014-06-29 22:23:09,00065EBF3C,K19
2014-06-29 22:29:22,000697CE1D,K2
2014-06-29 22:31:51,0006B39900,K19
2014-06-29 22:32:40,0006B39900,K2
2014-06-29 22:36:12,0006B39900,K2
2014-06-29 22:40:36,00068E1A0D,K19
2014-06-29 22:42:46,000697CE1D,K2
2014-06-29 22:43:28,0006B34FCA,K19
2014-06-29 22:45:00,0006B35440,K19
2014-06-29 22:47:50,0006B35440,K19
2014-06-29 23:04:09,00074F0832,K2
2014-06-29 23:12:18,0006B35971,K2
2014-06-29 23:14:08,0006B35971,K2
2014-06-29 23:14:35,0006B35971,K19
2014-06-29 23:17:24,0006B35971,K19
2014-06-29 23:31:48,0006B294D3,K16
2014-06-29 23:32:01,0006B34F91,K19
2014-06-29 23:38:06,000697CE1D,K2
2014-06-29 23:39:36,0006B39900,K2
2014-06-29 23:47:33,0006B34F91,K19
2014-06-29 23:48:33,0006B34F91,K19
2014-06-29 23:48:54,0006B35440,K19
2014-06-29 23:49:19,0006B35440,K2
2014-06-29 23:50:18,0006B34F91,K19
2014-06-29 23:50:29,0006B34F91,K19
2014-06-29 23:56:31,0006B34F91,K2
2014-06-29 23:57:05,0006B34F91,K2
2014-06-29 23:57:16,0006B34F91,K2
2014-06-29 23:57:23,00074F0832,K2
2014-06-29 23:57:35,0006B35440,K2
2014-06-29 23:57:49,0006B35440,K2
2014-06-29 23:58:23,0006B35440,K19
2014-06-30 00:00:01,0006B34F91,K2
2014-06-30 00:00:12,0006B34F91,K2
2014-06-30 00:03:04,0006B2A1D2,K2
2014-06-30 00:03:30,0006B35440,K19
2014-06-30 00:06:12,0006B35440,K19
2014-06-30 00:06:49,000697CE1D,K2
2014-06-30 00:07:01,0006B35440,K19
2014-06-30 00:09:10,0006B35440,K19
2014-06-30 00:09:50,0006B35440,K2
2014-06-30 00:10:19,00065E61B2,K2
2014-06-30 00:10:25,0006B35440,K2
2014-06-30 00:12:51,00068E1A0D,K2
2014-06-30 00:19:05,00065EBF3C,K2
2014-06-30 00:22:15,0006B35DED,K2
2014-06-30 00:22:21,00074F0832,K2
2014-06-30 00:28:24,000697CE1D,K2
2014-06-30 00:29:05,0006B2A1D2,K2
2014-06-30 00:50:37,0006B35971,K19
2014-06-30 00:53:47,0006B35440,K19
2014-06-30 00:54:58,000697CE1D,K2
2014-06-30 00:59:20,0006B35440,K19
2014-06-30 00:59:32,0006B35440,K19
2014-06-30 00:59:43,0006B35440,K19
2014-06-30 01:02:51,0006B35971,K19
2014-06-30 01:02:52,00074F0832,K2
2014-06-30 01:03:05,0006B35440,K19
2014-06-30 01:03:17,0006B35440,K19
2014-06-30 01:03:49,0006B35440,K19
2014-06-30 01:03:51,0006B35971,K2
2014-06-30 01:06:56,0006B34F91,K2
2014-06-30 01:07:28,00074F0832,K19
2014-06-30 01:11:03,0006B35440,K19
2014-06-30 01:11:14,0006B35440,K19
2014-06-30 01:11:53,0006B35440,K2
2014-06-30 01:19:49,0006B35440,K2
2014-06-30 01:25:40,0006B35DED,K2
2014-06-30 01:26:40,0006B35971,K2
2014-06-30 01:28:45,000697CE1D,K2
2014-06-30 01:35:52,00065EBF3C,K2
2014-06-30 01:49:02,00065E61B2,K2
2014-06-30 01:50:48,00074F0832,K2
2014-06-30 01:52:46,000697CE1D,K2
2014-06-30 02:00:42,00065EBF3C,K2
2014-06-30 02:03:47,0006B34FCA,K2
2014-06-30 02:07:16,00074F0832,K2
2014-06-30 02:11:46,0006B34FCA,K2
2014-06-30 02:12:28,0006B34FCA,K19
2014-06-30 02:15:38,0006B34FCA,K19
2014-06-30 02:15:49,0006B34FCA,K19
2014-06-30 02:16:00,0006B34FCA,K19
2014-06-30 02:16:11,0006B34FCA,K19
2014-06-30 02:16:22,0006B34FCA,K19
2014-06-30 02:16:33,0006B34FCA,K19
2014-06-30 02:23:08,0006B2A1D2,K2
2014-06-30 02:46:28,0006B35971,K2
2014-06-30 02:54:54,0006B35971,K2
2014-06-30 02:55:22,0006B35971,K19
2014-06-30 02:55:52,0006B35971,K19
2014-06-30 03:06:27,000697CE1D,K2
2014-06-30 03:12:49,0006B34F91,K2
2014-06-30 03:17:35,00074F0832,K2
2014-06-30 03:19:59,000697CE1D,K2
2014-06-30 03:35:57,00065E61B2,K2
2014-06-30 03:37:12,00074F0832,K2
2014-06-30 03:47:23,0006B34F91,K2
2014-06-30 04:21:14,0006B34F91,K2
2014-06-30 04:37:13,0006B35440,K2
2014-06-30 04:40:01,000697CE1D,K2
2014-06-30 04:40:22,0006B35971,K2
2014-06-30 04:43:21,00065EBF3C,K2
2014-06-30 04:56:40,00074F0832,K2
2014-06-30 21:42:11,00061D4D10,K19
2014-06-30 21:56:36,00061D4D10,K19
2014-06-30 21:57:09,0006B35971,K2
2014-06-30 21:57:16,00065E61B2,K2
2014-06-30 21:58:50,0006B39900,K2
2014-06-30 21:58:55,00074F0832,K2
2014-06-30 21:59:01,000697CE1D,K2
2014-06-30 21:59:55,0006B34FCA,K2
2014-06-30 22:01:06,0006B2A1D2,K2
2014-06-30 22:01:42,0006B35440,K2
2014-06-30 22:02:33,00065EBF3C,K2
2014-06-30 22:07:21,00068E1A0D,K2
2014-06-30 22:08:29,0006B39900,K19
2014-06-30 22:11:27,0006B3A093,K2
2014-06-30 22:11:33,0006B35DED,K2
2014-06-30 22:12:08,0006B39900,K19
2014-06-30 22:13:09,0006B39900,K2
2014-06-30 22:18:52,000697A0CF,K2
2014-06-30 22:33:48,00065EBF3C,K19
2014-06-30 23:02:41,00061D4D10,K19
2014-06-30 23:24:14,00061D4D10,K19
2014-06-30 23:48:31,000697CE1D,K2
2014-06-30 23:57:47,00065EBF3C,K2
2014-06-30 23:59:59,0006B39900,K2
2014-07-01 00:00:23,00065EBF3C,K2
2014-07-01 00:01:46,00065EBF3C,K19
2014-07-01 00:02:15,000697CE1D,K2
2014-07-01 00:06:43,00065EBF3C,K19
2014-07-01 00:06:54,00065EBF3C,K19
2014-07-01 00:07:05,00065EBF3C,K19
2014-07-01 00:07:08,0006B34FCA,K2
2014-07-01 00:07:11,00065E61B2,K2
2014-07-01 00:07:16,00065EBF3C,K19
2014-07-01 00:08:30,00065EBF3C,K19
2014-07-01 00:10:15,00065EBF3C,K2
2014-07-01 00:11:12,0006B39900,K2
2014-07-01 00:14:54,0006B2A1D2,K2
2014-07-01 00:17:17,0006B34FCA,K2
2014-07-01 00:17:38,00065EBF3C,K2
2014-07-01 00:19:22,0006B35971,K2
2014-07-01 00:29:23,0006B35971,K2
2014-07-01 00:30:12,0006B34F91,K2
2014-07-01 00:38:32,00074F0832,K2
2014-07-01 00:50:58,00065E61B2,K2
2014-07-01 00:55:28,0006B34F91,K2
2014-07-01 01:02:23,000697CE1D,K2
2014-07-01 01:04:56,00061D4D10,K2
2014-07-01 01:05:36,00061D4D10,K19
2014-07-01 01:12:21,00061D4D10,K19
2014-07-01 01:12:32,00061D4D10,K19
2014-07-01 01:12:47,00061D4D10,K19
2014-07-01 01:17:19,0006B34FCA,K2
2014-07-01 01:19:25,0006B35440,K2
2014-07-01 01:23:10,000697CE1D,K2
2014-07-01 01:32:50,0006B39900,K2
2014-07-01 01:41:58,00074F0832,K2
2014-07-01 01:45:59,0006B35DED,K2
2014-07-01 01:48:53,0006B39900,K2
2014-07-01 01:48:57,00074F0832,K2
2014-07-01 01:57:11,0006B35971,K2
2014-07-01 01:59:03,0006B35440,K2
2014-07-01 02:02:35,00074F0832,K2
2014-07-01 02:02:40,0006B35DED,K2
2014-07-01 02:03:10,0006B2A1D2,K2
2014-07-01 02:07:44,00074F0832,K2
2014-07-01 02:09:30,0006B2A1D2,K16
2014-07-01 02:12:15,00065EBF3C,K2
2014-07-01 02:12:31,0006B35971,K2
2014-07-01 02:13:24,0006B34F91,K2
2014-07-01 02:17:49,00065E61B2,K2
2014-07-01 02:18:54,00074F0832,K2
2014-07-01 02:19:35,00065E61B2,K16
2014-07-01 02:22:37,0006B294D3,K2
2014-07-01 02:26:34,00065EBF3C,K2
2014-07-01 02:29:40,000697CE1D,K2
2014-07-01 02:33:24,00061D4D10,K2
2014-07-01 02:34:38,00061D4D10,K19
2014-07-01 02:35:15,00074F0832,K2
2014-07-01 02:38:56,00061D4D10,K2
2014-07-01 02:41:05,000697CE1D,K2
2014-07-01 02:56:58,0006B39900,K2
2014-07-01 02:58:41,00074F0832,K2
2014-07-01 03:00:35,00065E61B2,K2
2014-07-01 03:00:43,0006B39900,K2
2014-07-01 03:02:42,000697CE1D,K2
2014-07-01 03:05:43,00074F0832,K2
2014-07-01 03:06:42,0006B2A1D2,K16
2014-07-01 03:06:52,00065E61B2,K2
2014-07-01 03:07:03,00065E61B2,K2
2014-07-01 03:07:14,00065E61B2,K2
2014-07-01 03:07:21,00074FA4F8,K16
2014-07-01 03:07:30,0006B34FCA,K2
2014-07-01 03:07:39,0006B34F91,K2
2014-07-01 03:07:40,00065E61B2,K2
2014-07-01 03:07:52,00065E61B2,K2
2014-07-01 03:08:41,0006B39900,K16
2014-07-01 03:13:11,000697CE1D,K2
2014-07-01 03:15:31,0006B2A1D2,K2
2014-07-01 03:19:45,0006B2A1D2,K2
2014-07-01 03:19:59,000697CE1D,K2
2014-07-01 03:20:48,00061D4D10,K2
2014-07-01 03:21:15,000697CE1D,K2
2014-07-01 03:25:49,0006B34F91,K16
2014-07-01 03:26:56,0006B2A1D2,K2
2014-07-01 03:28:35,000697CE1D,K2
2014-07-01 03:28:50,0006B34F91,K2
2014-07-01 03:30:23,00061D4D10,K2
2014-07-01 03:32:11,0006B2A1D2,K2
2014-07-01 03:33:23,0006B2A1D2,K16
2014-07-01 03:36:28,0006B34F91,K2
2014-07-01 03:38:38,0006B2A1D2,K2
2014-07-01 03:38:53,0006B2A1D2,K2
2014-07-01 03:39:07,0006B2A1D2,K2
2014-07-01 03:47:25,0006B2A1D2,K16
2014-07-01 04:04:14,00068E1A0D,K2
2014-07-01 04:08:00,0006B34FCA,K2
2014-07-01 04:10:52,0006B35440,K16
2014-07-01 04:11:43,0006B35440,K2
2014-07-01 04:13:49,0006B3775E,K2
2014-07-01 04:19:00,00074FA4F8,K16
2014-07-01 04:28:30,0006B34FCA,K2
2014-07-01 04:29:26,0006B35971,K2
2014-07-01 04:30:55,00065EBF3C,K2
2014-07-01 04:32:53,0006B35440,K2
2014-07-01 04:33:20,0006B34F91,K2
2014-07-01 04:36:53,000697CE1D,K2
2014-07-01 04:36:59,0006B34FCA,K2
2014-07-01 04:42:11,0006B35440,K2
2014-07-01 04:46:44,0006B35440,K2
2014-07-01 04:50:25,0006B35DED,K2
2014-07-01 04:52:24,0006B35440,K2
2014-07-01 04:56:14,00074F0832,K2
2014-07-01 05:02:34,0006B39900,K2
2014-07-01 05:06:32,0006B39900,K2
2014-07-01 09:34:01,0006B34F91,K2
2014-07-01 09:34:12,000697CE1D,K2
2014-07-01 09:34:20,0006B294D3,K2
2014-07-01 09:34:23,000697CE1D,K2
2014-07-01 16:53:18,0006B294D3,K5
2014-07-01 16:53:29,0006B294D3,K5
2014-07-01 16:53:40,0006B294D3,K5
2014-07-01 16:54:25,0006B294D3,K5
2014-07-01 16:54:59,0006B294D3,K5
2014-07-01 16:55:10,0006B294D3,K5
2014-07-01 21:08:07,0006B294D3,K5
2014-07-01 21:08:18,0006B294D3,K5
2014-07-01 21:50:51,00074F0832,K2
2014-07-01 21:55:13,0006B39900,K16
2014-07-01 21:57:39,0006B3775E,K2
2014-07-01 21:57:42,0006B2A1D2,K16
2014-07-01 21:58:30,0006B35971,K2
2014-07-01 21:58:55,0006B35440,K2
2014-07-01 21:59:47,00065EBF3C,K2
2014-07-01 22:01:29,0006B34F91,K1
2014-07-01 22:03:00,000697CE1D,K5
2014-07-01 22:03:02,0006B34FCA,K2
2014-07-01 22:08:36,00068E1A0D,K2
2014-07-01 22:13:13,0006B3A093,K2
2014-07-01 22:16:02,0006B34F91,K2
2014-07-01 22:17:15,000697CE1D,K2
2014-07-01 22:22:25,0006B34F91,K2
2014-07-01 22:22:45,000697CE1D,K2
2014-07-01 22:24:52,0006B39900,K2
2014-07-01 22:28:26,0006B39900,K2
2014-07-01 23:13:43,0006B34F91,K2
2014-07-01 23:31:33,0006B39900,K2
2014-07-01 23:35:55,000697CE1D,K2
2014-07-01 23:39:29,0006B39900,K2
2014-07-01 23:40:55,0006B34FCA,K2
2014-07-01 23:49:09,0006B34FCA,K2
2014-07-01 23:49:53,000697CE1D,K2
2014-07-01 23:56:12,0006B34FCA,K2
2014-07-01 23:58:53,0006B34F91,K2
2014-07-01 23:59:26,0006B34FCA,K2
2014-07-02 00:04:04,00074F0832,K2
2014-07-02 00:04:18,0006B34F91,K2
2014-07-02 00:06:01,0006B34F91,K16
2014-07-02 00:10:54,0006B34FCA,K16
2014-07-02 00:14:05,00074F0832,K2
2014-07-02 00:19:30,0006B35440,K2
2014-07-02 00:19:44,0006B35971,K2
2014-07-02 00:25:52,00065E61B2,K2
2014-07-02 00:28:02,0006B35440,K2
2014-07-02 00:28:53,00065E61B2,K2
2014-07-02 00:29:26,0006B35440,K16
2014-07-02 00:29:55,00065E61B2,K16
2014-07-02 00:32:03,00065EBF3C,K2
2014-07-02 00:32:11,00065E61B2,K16
2014-07-02 00:33:39,00065E61B2,K2
2014-07-02 00:34:18,0006B35971,K2
2014-07-02 00:35:44,0006B35971,K16
2014-07-02 00:39:25,00065EBF3C,K2
2014-07-02 00:40:06,0006B3A093,K16
2014-07-02 00:41:31,0006B39900,K2
2014-07-02 00:44:35,00065E61B2,K2
2014-07-02 00:51:51,00074F0832,K2
2014-07-02 00:55:09,00074F0832,K2
2014-07-02 00:55:20,00074F0832,K2
2014-07-02 00:55:31,00074F0832,K2
2014-07-02 00:55:44,00074F0832,K2
2014-07-02 00:56:33,0006B34F91,K2
2014-07-02 00:56:49,0006B39900,K2
2014-07-02 00:59:23,00065EBF3C,K2
2014-07-02 00:59:28,0006B2A1D2,K2
2014-07-02 01:00:00,0006B2A1D2,K2
2014-07-02 01:04:22,0006B35440,K2
2014-07-02 01:04:34,00065EBF3C,K2
2014-07-02 01:06:30,0006B34F91,K2
2014-07-02 01:06:45,0006B34F91,K2
2014-07-02 01:07:24,0006B34F91,K2
2014-07-02 01:07:35,0006B34F91,K2
2014-07-02 01:07:44,000697CE1D,K1
2014-07-02 01:08:28,0006B35440,K2
2014-07-02 01:08:56,000697CE1D,K1
2014-07-02 01:09:30,00061D4D10,K1
2014-07-02 01:10:39,0006B35971,K2
2014-07-02 01:12:59,00061D4D10,K2
2014-07-02 01:16:21,0006B35440,K2
2014-07-02 01:20:07,000697CE1D,K2
2014-07-02 01:22:24,0006B35440,K2
2014-07-02 01:22:39,0006B35440,K2
2014-07-02 01:27:51,0006B35971,K2
2014-07-02 01:32:25,000697CE1D,K2
2014-07-02 01:43:08,0006B39900,K2
2014-07-02 01:43:31,000697CE1D,K2
2014-07-02 01:58:18,0006B39900,K2
2014-07-02 02:16:22,0006B2A1D2,K16
2014-07-02 02:16:37,0006B39900,K2
2014-07-02 02:18:29,0006B39900,K2
2014-07-02 02:18:40,0006B39900,K2
2014-07-02 02:18:51,0006B39900,K2
2014-07-02 02:19:02,0006B39900,K2
2014-07-02 02:19:13,0006B39900,K2
2014-07-02 02:19:24,0006B39900,K2
2014-07-02 02:24:53,0006B34FCA,K2
2014-07-02 02:25:08,0006B34FCA,K2
2014-07-02 02:25:43,0006B2A1D2,K16
2014-07-02 02:27:48,0006B34FCA,K16
2014-07-02 02:31:35,00065E61B2,K2
2014-07-02 02:34:58,00065E61B2,K2
2014-07-02 02:42:33,0006B34FCA,K16
2014-07-02 02:44:56,00068E1A0D,K5
2014-07-02 02:46:26,00065E61B2,K16
2014-07-02 02:53:27,00068E1A0D,K5
2014-07-02 03:00:12,0006B39900,K5
2014-07-02 03:00:20,00068E1A0D,K5
2014-07-02 03:00:52,000697CE1D,K5
2014-07-02 03:01:04,00068E1A0D,K5
2014-07-02 03:04:01,00061D4D10,K5
2014-07-02 03:04:17,00068E1A0D,K5
2014-07-02 03:04:25,000697CE1D,K5
2014-07-02 03:07:28,000697A0CF,K5
2014-07-02 03:08:44,000697A0CF,K5
2014-07-02 03:09:23,0006B39900,K5
2014-07-02 03:10:02,00061D4D10,K5
2014-07-02 03:10:09,00068E1A0D,K5
2014-07-02 03:18:51,00068E1A0D,K16
2014-07-02 03:23:21,0006B2A1D2,K16
2014-07-02 03:31:12,00065EBF3C,K16
2014-07-02 03:33:45,0006B35971,K16
2014-07-02 04:38:10,00074FA4F8,K16
2014-07-02 21:51:32,000697A0CF,K16
2014-07-02 21:52:42,0006B2A1D2,K16
2014-07-02 21:54:45,0006B35DED,K16
2014-07-02 21:55:57,0006B3A093,K16
2014-07-02 21:57:56,00074FA4F8,K16
2014-07-03 00:18:03,0006B34F91,K16
2014-07-03 00:29:24,0006B35971,K16
2014-07-03 00:30:07,0006B34FCA,K16
2014-07-03 00:37:38,0006B39900,K16
2014-07-03 00:50:54,0006B2A1D2,K16
2014-07-03 01:45:40,0006B34FCA,K16
2014-07-03 01:54:44,0006B35971,K16
2014-07-03 02:01:14,0006B35971,K16
2014-07-03 02:09:26,000697CE1D,K16
2014-07-03 02:12:35,0006B2A1D2,K16
2014-07-03 02:37:02,0006B35971,K16
2014-07-03 02:44:57,0006B34FCA,K16
2014-07-03 02:46:51,0006B34F91,K16
2014-07-03 02:47:43,0006B2A1D2,K16
2014-07-03 05:00:24,0006B2A1D2,K16
2014-07-03 05:04:11,0006B34FCA,K16
2014-07-03 21:41:52,0006B39900,K235
2014-07-03 21:42:16,000697CE1D,K235
2014-07-03 21:42:37,0006B3775E,K235
2014-07-03 21:42:42,000697CE1D,K235
2014-07-03 21:45:13,0006B294D3,K235
2014-07-03 21:48:03,00061D4D10,K235
2014-07-03 21:50:04,00065E61B2,K235
2014-07-03 21:50:37,00074F0832,K235
2014-07-03 21:51:23,0006B35DED,K235
2014-07-03 21:51:34,00065E61B2,K235
2014-07-03 21:51:35,0006B35DED,K235
2014-07-03 21:54:36,000697A0CF,K235
2014-07-03 21:55:28,00068E1A0D,K235
2014-07-03 21:55:50,000697A0CF,K235
2014-07-03 21:57:44,0006B2A1D2,K235
2014-07-03 21:57:49,0006B3A093,K235
2014-07-03 23:38:19,0006B2A1D2,K235
2014-07-03 23:39:30,0006B2A1D2,K235
2014-07-03 23:39:54,0006B2A1D2,K235
2014-07-03 23:57:51,0006B34F91,K235
2014-07-04 00:01:53,0006B34FCA,K235
2014-07-04 00:03:55,0006B34FCA,K235
2014-07-04 00:06:25,00065EBF3C,K235
2014-07-04 00:08:17,00065EBF3C,K235
2014-07-04 00:08:48,0006B34FCA,K16
2014-07-04 00:09:02,0006B34FCA,K235
2014-07-04 00:09:43,0006B34FCA,K235
2014-07-04 00:12:34,0006B34FCA,K16
2014-07-04 00:32:18,00065E61B2,K235
2014-07-04 00:32:24,0006B35440,K235
2014-07-04 00:32:35,0006B35440,K235
2014-07-04 00:33:13,0006B35440,K235
2014-07-04 00:34:56,00065EBF3C,K235
2014-07-04 00:42:07,00061D4D10,K235
2014-07-04 00:43:08,0006B35440,K235
2014-07-04 00:44:50,00065EBF3C,K235
2014-07-04 00:47:22,00065EBF3C,K235
2014-07-04 00:49:04,0006B35440,K235
2014-07-04 00:50:45,0006B39900,K235
2014-07-04 00:51:03,00065EBF3C,K235
2014-07-04 00:52:15,00065EBF3C,K235
2014-07-04 00:58:26,0006B39900,K235
2014-07-04 01:01:51,00065EBF3C,K235
2014-07-04 01:02:37,0006B34FCA,K235
2014-07-04 01:11:36,0006B34FCA,K235
2014-07-04 01:16:10,0006B34F91,K16
2014-07-04 01:16:54,0006B2A1D2,K16
2014-07-04 01:17:06,0006B2A1D2,K16
2014-07-04 01:17:32,0006B2A1D2,K235
2014-07-04 01:17:59,0006B2A1D2,K235
2014-07-04 01:20:30,0006B34F91,K235
2014-07-04 01:21:22,0006B34F91,K235
2014-07-04 01:43:07,00074FA4F8,K235
2014-07-04 01:48:43,00074FA4F8,K235
2014-07-04 01:53:56,0006B39900,K235
2014-07-04 01:55:02,0006B34F91,K235
2014-07-04 01:57:04,00074F0832,K235
2014-07-04 01:58:57,0006B34F91,K235
2014-07-04 01:59:53,000697CE1D,K235
2014-07-04 02:05:26,000697CE1D,K235
2014-07-04 02:08:10,0006B34F91,K235
2014-07-04 02:16:29,0006B34FCA,K235
2014-07-04 02:20:25,0006B34F91,K235
2014-07-04 02:20:31,0006B35971,K235
2014-07-04 02:21:35,0006B35971,K235
2014-07-04 02:22:17,000697CE1D,K235
2014-07-04 02:22:20,00074F0832,K235
2014-07-04 02:24:39,0006B34FCA,K235
2014-07-04 02:26:08,0006B35971,K235
2014-07-04 02:28:54,00061D4D10,K235
2014-07-04 02:32:20,0006B35971,K235
2014-07-04 02:37:03,0006B2A1D2,K235
2014-07-04 02:37:26,0006B35440,K235
2014-07-04 02:43:33,0006B2A1D2,K235
2014-07-04 02:44:06,0006B2A1D2,K235
2014-07-04 02:45:38,0006B2A1D2,K235
2014-07-04 02:46:52,0006B2A1D2,K235
2014-07-04 02:47:07,0006B2A1D2,K235
2014-07-04 02:54:41,0006B2A1D2,K235
2014-07-04 02:55:47,0006B2A1D2,K235
2014-07-04 03:01:44,00065EBF3C,K235
2014-07-04 03:10:23,0006B2A1D2,K235
2014-07-04 03:25:21,000697CE1D,K235
2014-07-04 03:39:43,000697CE1D,K235
2014-07-04 03:40:03,00061D4D10,K235
2014-07-04 04:11:02,0006B39900,K235
2014-07-04 04:35:19,00065EBF3C,K235
2014-07-04 04:36:13,0006B39900,K235
2014-07-04 04:37:14,0006B2A1D2,K235
2014-07-04 04:40:24,0006B294D3,K235
2014-07-04 04:44:04,00074F0832,K235
2014-07-04 04:52:01,00074FA4F8,K235
2014-07-04 04:57:36,0006B39900,K235
2014-07-04 04:58:23,0006B3775E,K235
2014-07-04 04:59:01,0006B34F91,K235
2014-07-04 05:02:23,0006B35971,K235
2014-07-04 15:08:47,0006B294D3,K235
2014-07-04 18:43:44,0006B294D3,K235
2014-07-04 18:43:56,0006B294D3,K235
2014-07-04 18:44:10,0006B294D3,K235
2014-07-04 21:41:10,0006B35971,K235
2014-07-04 21:42:46,0006B39900,K235
2014-07-04 21:43:46,00061D4D10,K235
2014-07-04 21:44:24,0006B294D3,K235
2014-07-04 21:44:26,0006B34FCA,K235
2014-07-04 21:46:25,00065E61B2,K235
2014-07-04 21:47:21,0006B3775E,K235
2014-07-04 21:48:03,0006B34F91,K235
2014-07-04 21:49:19,0006B35440,K235
2014-07-04 21:51:00,0006B2A1D2,K235
2014-07-04 21:52:18,00065EBF3C,K235
2014-07-04 21:53:50,0006B3A093,K235
2014-07-04 21:53:58,000697A0CF,K235
2014-07-04 21:55:32,0006B35DED,K235
2014-07-04 21:55:43,0006B35DED,K235
2014-07-04 21:56:58,00074FA4F8,K235
2014-07-04 21:57:08,00068E1A0D,K235
2014-07-04 21:57:10,00074FA4F8,K235
2014-07-04 23:57:18,0006B39900,K235
2014-07-05 00:02:16,00074F0832,K235
2014-07-05 00:06:57,0006B35440,K235
2014-07-05 00:08:30,0006B39900,K235
2014-07-05 00:10:07,0006B34FCA,K235
2014-07-05 00:10:21,00074F0832,K235
2014-07-05 00:14:48,0006B34FCA,K235
2014-07-05 00:18:00,00061D4D10,K235
2014-07-05 00:18:06,0006B35971,K235
2014-07-05 00:18:53,0006B35971,K235
2014-07-05 00:20:10,00065EBF3C,K235
2014-07-05 00:23:14,00065E61B2,K235
2014-07-05 00:25:22,00065EBF3C,K235
2014-07-05 00:28:01,00061D4D10,K235
2014-07-05 00:32:36,0006B34F91,K235
2014-07-05 00:34:52,000697CE1D,K235
2014-07-05 00:35:21,0006B34F91,K235
2014-07-05 01:03:23,0006B2A1D2,K235
2014-07-05 01:12:16,0006B34FCA,K235
2014-07-05 01:17:47,0006B35440,K235
2014-07-05 01:17:56,0006B34F91,K235
2014-07-05 01:17:58,0006B35440,K235
2014-07-05 01:22:09,0006B39900,K235
2014-07-05 01:23:22,00065EBF3C,K235
2014-07-05 01:25:29,0006B35440,K235
2014-07-05 01:25:38,0006B34F91,K235
2014-07-05 01:26:17,0006B35971,K235
2014-07-05 01:27:20,0006B34FCA,K235
2014-07-05 01:29:29,00065EBF3C,K235
2014-07-05 01:32:24,0006B35971,K235
2014-07-05 01:35:26,0006B39900,K235
2014-07-05 01:41:26,00074F0832,K235
2014-07-05 01:41:47,00061D4D10,K235
2014-07-05 01:45:41,00074F0832,K235
2014-07-05 01:45:56,000697CE1D,K235
2014-07-05 01:47:23,0006B39900,K235
2014-07-05 01:51:49,0006B39900,K235
2014-07-05 02:20:13,0006B2A1D2,K235
2014-07-05 02:26:26,0006B34F91,K235
2014-07-05 02:31:16,00065E61B2,K235
2014-07-05 02:32:24,0006B34F91,K235
2014-07-05 02:33:14,000697CE1D,K235
2014-07-05 02:40:38,0006B34F91,K235
2014-07-05 02:46:13,000697CE1D,K235
2014-07-05 02:46:26,000697CE1D,K235
2014-07-05 02:46:46,000697CE1D,K235
2014-07-05 02:46:56,00074F0832,K235
2014-07-05 02:46:57,000697CE1D,K235
2014-07-05 02:47:22,00074F0832,K235
2014-07-05 02:47:35,00074F0832,K235
2014-07-05 02:47:50,00074F0832,K235
2014-07-05 02:48:08,00074F0832,K235
2014-07-05 02:48:23,00074F0832,K235
2014-07-05 02:48:34,00074F0832,K235
2014-07-05 02:48:54,00074F0832,K235
2014-07-05 02:49:05,00074F0832,K235
2014-07-05 02:49:26,00074F0832,K235
2014-07-05 02:49:39,00074F0832,K235
2014-07-05 02:49:59,00074F0832,K235
2014-07-05 02:50:10,00074F0832,K235
2014-07-05 02:50:38,00074F0832,K235
2014-07-05 02:50:49,00074F0832,K235
2014-07-05 02:51:00,00074F0832,K235
2014-07-05 02:51:11,00074F0832,K235
2014-07-05 02:51:29,00074F0832,K235
2014-07-05 02:51:45,00074F0832,K235
2014-07-05 02:51:56,00074F0832,K235
2014-07-05 02:52:07,00074F0832,K235
2014-07-05 02:52:18,00074F0832,K235
2014-07-05 02:52:34,00074F0832,K235
2014-07-05 02:52:47,00074F0832,K235
2014-07-05 02:59:29,0006B34FCA,K235
2014-07-05 03:01:08,0006B35971,K235
2014-07-05 03:01:19,0006B35971,K235
2014-07-05 03:04:03,0006B35440,K235
2014-07-05 03:04:21,0006B35440,K235
2014-07-05 03:08:26,0006B39900,K235
2014-07-05 03:08:37,0006B39900,K235
2014-07-05 03:09:53,0006B35971,K235
2014-07-05 03:13:00,000697CE1D,K235
2014-07-05 03:13:11,0006B35440,K235
2014-07-05 03:13:25,0006B39900,K235
2014-07-05 03:15:22,00061D4D10,K235
2014-07-05 03:18:20,0006B35971,K235
2014-07-05 04:45:12,00068E1A0D,K235
2014-07-05 04:46:21,00065EBF3C,K235
2014-07-05 04:47:54,0006B39900,K235
2014-07-05 04:53:10,00065E61B2,K235
2014-07-05 04:55:45,0006B34F91,K235
2014-07-05 05:15:06,0006B35971,K235
2014-07-05 21:35:46,00074F0832,K235
2014-07-05 21:36:22,0006B294D3,K235
2014-07-05 21:36:42,0006B39900,K235
2014-07-05 21:37:29,0006B35971,K235
2014-07-05 21:37:41,0006B2A1D2,K235
2014-07-05 21:37:44,0006B35971,K235
2014-07-05 21:38:11,00065E61B2,K235
2014-07-05 21:41:15,00065EBF3C,K235
2014-07-05 21:41:32,0006B34FCA,K235
2014-07-05 21:41:37,00065EBF3C,K235
2014-07-05 21:58:20,0006B3A093,K235
2014-07-05 21:58:26,0006B35DED,K235
2014-07-05 23:28:40,0006B39900,K235
2014-07-05 23:43:20,00065E61B2,K235
2014-07-05 23:43:48,00061D4D10,K235
2014-07-05 23:58:00,00061D4D10,K235
2014-07-05 23:58:11,00061D4D10,K235
2014-07-06 00:04:14,0006B35440,K235
2014-07-06 00:04:26,0006B35440,K235
2014-07-06 00:11:26,000697CE1D,K235
2014-07-06 00:15:16,0006B39900,K235
2014-07-06 00:16:48,0006B39900,K235
2014-07-06 00:18:08,0006B34FCA,K235
2014-07-06 00:19:23,0006B34FCA,K235
2014-07-06 00:21:51,00074F0832,K235
2014-07-06 00:28:37,0006B34F91,K235
2014-07-06 00:31:28,0006B39900,K235
2014-07-06 00:32:55,0006B34FCA,K235
2014-07-06 00:33:21,0006B34F91,K235
2014-07-06 00:35:12,00074F0832,K235
2014-07-06 00:38:06,0006B34F91,K235
2014-07-06 00:38:20,0006B35971,K235
2014-07-06 00:40:20,0006B34F91,K235
2014-07-06 00:45:05,0006B2A1D2,K235
2014-07-06 00:47:53,0006B35971,K235
2014-07-06 00:48:15,0006B2A1D2,K235
2014-07-06 00:59:20,0006B39900,K235
2014-07-06 01:03:53,00065EBF3C,K235
2014-07-06 01:09:45,0006B34F91,K235
2014-07-06 01:12:17,0006B39900,K235
2014-07-06 01:22:59,0006B34F91,K235
2014-07-06 01:37:56,0006B34FCA,K235
2014-07-06 01:54:26,0006B39900,K235
2014-07-06 02:01:06,0006B35440,K235
2014-07-06 02:02:18,0006B39900,K235
2014-07-06 02:06:10,00065EBF3C,K235
2014-07-06 02:12:09,00065EBF3C,K235
2014-07-06 02:28:10,0006B35971,K235
2014-07-06 02:38:41,0006B35971,K235
2014-07-06 02:53:00,000697CE1D,K235
2014-07-06 02:55:15,00065EBF3C,K235
2014-07-06 02:59:15,0006B34FCA,K235
2014-07-06 03:00:16,00065EBF3C,K235
2014-07-06 03:14:17,0006B39900,K235
2014-07-06 03:31:22,0006B34F91,K235
2014-07-06 03:42:16,00074F0832,K235
2014-07-06 03:48:06,00074F0832,K235
2014-07-06 04:26:20,0006B39900,K235
2014-07-06 04:46:10,00068E1A0D,K235
2014-07-06 04:46:46,00065EBF3C,K235
2014-07-06 05:01:41,00074FA4F8,K235
2014-07-06 05:03:16,0006B3900E,K235
2014-07-06 05:05:43,0006B3900E,K235
2014-07-06 05:13:18,0006B3775E,K235
2014-07-06 08:12:25,0006B294D3,K235
2014-07-08 00:06:31,00074FA4F8,K24
2014-07-08 00:09:00,00074F0832,K24
2014-07-08 00:09:29,00074FA4F8,K24
2014-07-08 01:44:47,00074F0832,K24
2014-07-08 02:00:20,00074FA4F8,K24
2014-07-08 22:43:47,000697CE1D,K24
2014-07-08 23:08:28,000697CE1D,K24
2014-07-08 23:23:29,00074F0832,K24
2014-07-08 23:27:07,00074F0832,K24
2014-07-08 23:28:56,000697CE1D,K24
2014-07-08 23:31:25,00068E1A0D,K24
2014-07-08 23:32:18,00065E61B2,K24
2014-07-09 23:51:10,0006B34F91,K235
2014-07-09 23:54:37,0006B34F91,K235
2014-07-10 00:17:42,0006B34F91,K235
2014-07-10 00:19:07,0006B34F91,K235
2014-07-10 01:19:34,0006B34F91,K235
2014-07-10 02:56:09,0006B34F91,K235
2014-07-10 04:29:08,0006B34F91,K235
2014-07-10 05:07:26,00068E1A0D,K24
2014-07-10 05:13:35,0006B34F91,K235
2014-07-10 05:15:23,00074FA4F8,K24
2014-07-10 21:45:19,0006B294D3,K24
2014-07-10 21:55:57,000697CE1D,K235
2014-07-10 21:56:26,0006B39900,K235
2014-07-10 21:57:15,0006B34F91,K235
2014-07-10 21:59:37,00068E1A0D,K24
2014-07-10 22:02:48,00074FA4F8,K24
2014-07-10 22:03:11,0006B3A093,K24
2014-07-10 22:05:58,00065EBF3C,K235
2014-07-10 22:09:29,00065EBF3C,K235
2014-07-10 22:19:31,0006B2A1D2,K235
2014-07-10 22:27:19,0006B2A1D2,K235
2014-07-10 22:29:02,00065E61B2,K235
2014-07-10 22:30:05,0006B34FCA,K235
2014-07-10 22:38:33,0006B35971,K235
2014-07-10 22:52:15,0006B39900,K235
2014-07-10 22:56:02,0006B35971,K235
2014-07-10 23:07:11,0006B35440,K235
2014-07-10 23:12:46,000697CE1D,K235
2014-07-10 23:39:59,00061D4D10,K235
2014-07-10 23:46:12,0006B35971,K235
2014-07-10 23:46:28,0006B34FCA,K235
2014-07-10 23:53:25,0006B39900,K235
2014-07-10 23:55:32,00065EBF3C,K235
2014-07-11 00:02:47,0006B39900,K235
2014-07-11 00:03:55,0006B35971,K235
2014-07-11 00:05:23,0006B34FCA,K235
2014-07-11 00:42:11,0006B2A1D2,K235
2014-07-11 00:57:13,0006B35DED,K235
2014-07-11 01:07:37,00065E61B2,K235
2014-07-11 01:09:50,0006B34FCA,K235
2014-07-11 01:12:05,0006B39900,K235
2014-07-11 01:12:24,00074F0832,K235
2014-07-11 01:17:20,000697CE1D,K235
2014-07-11 01:17:41,0006B34F91,K235
2014-07-11 01:29:45,0006B35440,K235
2014-07-11 01:30:50,0006B34FCA,K235
2014-07-11 01:32:09,0006B39900,K235
2014-07-11 01:32:49,000697CE1D,K235
2014-07-11 01:33:58,00065EBF3C,K235
2014-07-11 01:37:33,0006B34F91,K235
2014-07-11 01:50:35,00065EBF3C,K235
2014-07-11 01:52:11,00061D4D10,K235
2014-07-11 01:59:54,0006B35DED,K235
2014-07-11 02:01:52,0006B35971,K235
2014-07-11 02:11:00,0006B35971,K235
2014-07-11 02:26:10,0006B35971,K235
2014-07-11 02:28:22,0006B2A1D2,K235
2014-07-11 02:57:35,0006B39900,K235
2014-07-11 03:05:31,00065E61B2,K235
2014-07-11 03:11:35,000697CE1D,K235
2014-07-11 03:11:42,00074F0832,K235
2014-07-11 03:12:07,0006B34F91,K235
2014-07-11 03:13:17,0006B39900,K235
2014-07-11 03:19:52,00065E61B2,K235
2014-07-11 03:23:17,000697CE1D,K235
2014-07-11 03:24:00,00074F0832,K235
2014-07-11 03:24:53,0006B35971,K235
2014-07-11 03:26:43,0006B34F91,K235
2014-07-11 03:33:04,0006B35971,K235
2014-07-11 03:45:09,00061D4D10,K235
2014-07-11 04:29:33,0006B2A1D2,K235
2014-07-11 04:29:59,00068E1A0D,K235
2014-07-11 04:34:50,0006B3775E,K235
2014-07-11 04:34:58,0006B39900,K235
2014-07-11 04:46:36,00065EBF3C,K235
2014-07-11 04:46:55,00074FA4F8,K235
2014-07-11 04:48:02,00065E61B2,K235
2014-07-11 04:49:13,0006B35971,K235
2014-07-11 04:59:17,000697CE1D,K235
2014-07-11 05:02:44,0006B34F91,K235
2014-07-11 21:40:39,0006B34F91,K235
2014-07-11 21:41:01,0006B2A1D2,K235
2014-07-11 21:45:27,0006B39900,K235
2014-07-11 21:48:17,00061D4D10,K235
2014-07-11 21:48:22,0006B35971,K235
2014-07-11 21:49:08,0006B294D3,K235
2014-07-11 21:50:02,00065E61B2,K235
2014-07-11 21:54:21,00074FA4F8,K235
2014-07-11 21:54:40,00074FA4F8,K235
2014-07-11 21:54:54,00065EBF3C,K235
2014-07-11 21:55:16,0006B34FCA,K235
2014-07-11 21:55:29,0006B35440,K235
2014-07-11 22:00:46,000697CE1D,K235
2014-07-11 22:02:22,00068E1A0D,K235
2014-07-11 22:05:11,000697A0CF,K235
2014-07-11 22:06:25,0006B3A093,K235
2014-07-11 22:06:36,0006B3775E,K235
2014-07-11 22:34:04,0006B39900,K235
2014-07-11 22:41:20,0006B39900,K235
2014-07-11 23:30:16,00065EBF3C,K235
2014-07-11 23:35:25,0006B35971,K235
2014-07-11 23:38:54,0006B35971,K235
2014-07-11 23:41:50,00065EBF3C,K235
2014-07-11 23:43:47,00061D4D10,K235
2014-07-12 00:15:13,0006B35971,K235
2014-07-12 00:20:58,0006B35971,K235
2014-07-12 00:30:58,0006B34FCA,K235
2014-07-12 00:33:03,0006B39900,K235
2014-07-12 00:43:07,00074F0832,K235
2014-07-12 00:45:54,0006B39900,K235
2014-07-12 00:52:29,0006B39900,K235
2014-07-12 00:53:32,0006B35440,K235
2014-07-12 00:55:33,0006B34F91,K235
2014-07-12 01:01:03,0006B39900,K235
2014-07-12 01:04:13,00065E61B2,K235
2014-07-12 01:13:45,0006B35440,K235
2014-07-12 01:15:36,000697CE1D,K235
2014-07-12 01:18:06,0006B34F91,K235
2014-07-12 01:18:10,0006B2A1D2,K235
2014-07-12 01:20:06,0006B35971,K235
2014-07-12 01:27:34,0006B35971,K235
2014-07-12 01:46:52,0006B39900,K235
2014-07-12 01:46:56,00065EBF3C,K235
2014-07-12 01:56:55,0006B39900,K235
2014-07-12 02:03:14,00061D4D10,K235
2014-07-12 02:03:46,00065EBF3C,K235
2014-07-12 02:12:05,0006B35971,K235
2014-07-12 02:20:49,0006B35971,K235
2014-07-12 02:23:20,0006B34FCA,K235
2014-07-12 02:34:29,0006B34FCA,K235
2014-07-12 02:34:45,0006B34FCA,K235
2014-07-12 02:42:10,00065E61B2,K235
2014-07-12 03:02:43,0006B39900,K235
2014-07-12 03:03:16,00074F0832,K235
2014-07-12 03:09:04,0006B2A1D2,K235
2014-07-12 03:11:34,00061D4D10,K235
2014-07-12 03:16:30,0006B39900,K235
2014-07-12 03:21:31,0006B34F91,K235
2014-07-12 03:37:24,0006B35971,K235
2014-07-12 03:37:31,0006B34F91,K235
2014-07-12 03:40:03,00065E61B2,K235
2014-07-12 03:51:54,0006B35971,K235
2014-07-12 04:01:18,000697CE1D,K235
2014-07-12 04:08:58,0006B35440,K235
2014-07-12 04:13:27,0006B35440,K235
2014-07-12 04:16:42,000697CE1D,K235
2014-07-12 05:02:25,0006B2A1D2,K235
2014-07-12 05:04:39,00065EBF3C,K235
2014-07-12 05:06:09,0006B39900,K235
2014-07-12 05:07:48,0006B39900,K235
2014-07-12 05:08:27,00068E1A0D,K235
2014-07-12 05:09:34,00061D4D10,K235
2014-07-12 05:12:46,000697CE1D,K235
2014-07-12 05:14:29,0006B39900,K235
2014-07-12 05:15:29,0006B34F91,K235
2014-07-12 05:21:21,0006B35440,K235
2014-07-12 05:22:34,0006B35971,K235
2014-07-12 21:49:17,0006B35971,K235
2014-07-12 21:51:46,00061D4D10,K235
2014-07-12 21:52:23,0006B39900,K235
2014-07-12 21:53:30,000697CE1D,K235
2014-07-12 21:53:44,00065EBF3C,K235
2014-07-12 21:54:03,0006B35440,K235
2014-07-12 21:54:57,0006B34F91,K235
2014-07-12 21:55:28,00074F0832,K235
2014-07-12 21:56:51,0006B2A1D2,K235
2014-07-12 21:59:26,00065E61B2,K235
2014-07-12 22:07:28,00068E1A0D,K235
2014-07-12 22:07:50,0006B34FCA,K235
2014-07-12 22:09:13,0006B35DED,K235
2014-07-12 22:09:26,0006B35DED,K235
2014-07-12 22:11:36,0006B294D3,K24
2014-07-12 22:17:32,0006B3A093,K24
2014-07-12 22:17:40,00074FA4F8,K24
2014-07-12 22:18:44,0006B34FCA,K24
2014-07-12 22:19:45,0006B3775E,K24
2014-07-12 22:19:51,000697A0CF,K24
2014-07-12 22:20:57,0006B34FCA,K24
2014-07-12 22:58:30,00061D4D10,K235
2014-07-12 23:05:46,0006B39900,K235
2014-07-12 23:10:44,0006B39900,K235
2014-07-12 23:34:19,0006B34FCA,K24
2014-07-12 23:35:11,0006B34FCA,K24
2014-07-12 23:42:53,0006B34FCA,K235
2014-07-13 00:08:56,00074F0832,K235
2014-07-13 00:13:26,0006B35971,K235
2014-07-13 00:18:01,0006B39900,K235
2014-07-13 00:18:16,000697CE1D,K235
2014-07-13 00:23:21,0006B35971,K235
2014-07-13 00:24:30,0006B39900,K235
2014-07-13 00:26:33,000697CE1D,K235
2014-07-13 00:31:33,0006B2A1D2,K24
2014-07-13 00:31:42,0006B39900,K24
2014-07-13 00:51:16,0006B2A1D2,K235
2014-07-13 00:54:37,0006B39900,K235
2014-07-13 00:55:08,0006B2A1D2,K24
2014-07-13 01:01:51,0006B39900,K235
2014-07-13 01:10:39,0006B35440,K235
2014-07-13 01:16:23,0006B34F91,K235
2014-07-13 01:17:24,0006B35440,K235
2014-07-13 01:21:41,0006B35971,K235
2014-07-13 01:29:03,0006B39900,K235
2014-07-13 01:29:34,0006B35971,K235
2014-07-13 01:31:23,0006B34FCA,K235
2014-07-13 01:32:52,0006B35971,K235
2014-07-13 01:33:22,00074F0832,K24
2014-07-13 01:33:58,00074F0832,K24
2014-07-13 01:34:48,0006B39900,K235
2014-07-13 01:36:25,00065EBF3C,K235
2014-07-13 01:38:27,0006B35971,K235
2014-07-13 01:41:56,0006B34FCA,K235
2014-07-13 01:49:41,00074F0832,K235
2014-07-13 02:04:23,00074F0832,K235
2014-07-13 02:24:31,00065E61B2,K235
2014-07-13 02:24:43,00065E61B2,K235
2014-07-13 02:34:59,0006B39900,K235
2014-07-13 02:37:55,0006B39900,K235
2014-07-13 02:42:54,0006B34FCA,K235
2014-07-13 02:43:01,0006B39900,K235
2014-07-13 02:45:17,0006B39900,K235
2014-07-13 02:46:01,0006B35DED,K24
2014-07-13 02:50:40,0006B34FCA,K235
2014-07-13 02:52:02,0006B2A1D2,K235
2014-07-13 02:53:45,0006B35971,K235
2014-07-13 02:58:01,0006B35971,K235
2014-07-13 02:58:35,0006B2A1D2,K235
2014-07-13 03:02:14,00065EBF3C,K235
2014-07-13 03:03:54,00065EBF3C,K24
2014-07-13 03:04:42,0006B35971,K235
2014-07-13 03:06:48,0006B35971,K235
2014-07-13 03:07:07,0006B35971,K235
2014-07-13 03:07:19,0006B35971,K235
2014-07-13 03:07:30,0006B35971,K235
2014-07-13 03:08:46,0006B35440,K235
2014-07-13 03:10:11,00074F0832,K235
2014-07-13 03:11:07,0006B35971,K235
2014-07-13 03:14:35,0006B35971,K235
2014-07-13 03:15:01,0006B35440,K235
2014-07-13 03:28:17,0006B35971,K235
2014-07-13 03:30:58,0006B35971,K235
2014-07-13 03:35:59,0006B35971,K235
2014-07-13 03:37:44,0006B35971,K235
2014-07-13 03:47:25,0006B35971,K235
2014-07-13 03:51:54,0006B35971,K235
2014-07-13 03:52:29,0006B34FCA,K235
2014-07-13 03:54:05,0006B35971,K235
2014-07-13 04:01:29,0006B34F91,K235
2014-07-13 04:08:58,0006B35971,K235
2014-07-13 04:11:50,0006B35971,K235
2014-07-13 04:12:11,0006B35971,K235
2014-07-13 04:12:25,0006B35971,K235
2014-07-13 05:00:20,000697A0CF,K24
2014-07-13 05:07:57,00065EBF3C,K235
2014-07-13 05:08:20,0006B2A1D2,K235
2014-07-13 05:11:50,0006B3775E,K24
2014-07-13 05:16:01,00065EBF3C,K235
2014-07-13 05:17:47,0006B2A1D2,K235
2014-07-13 05:18:44,00065EBF3C,K235
2014-07-13 05:18:48,0006B35440,K24
2014-07-13 05:19:23,0006B35440,K24
2014-07-13 05:20:43,0006B34F91,K235
2014-07-13 05:23:09,0006B35DED,K24
2014-07-13 05:24:41,000697A0CF,K24
2014-07-13 05:25:04,0006B3775E,K24
2014-07-13 21:48:42,0006B34F91,K235
2014-07-13 21:54:13,00074F0832,K6
2014-07-13 21:56:50,0006B35440,K235
2014-07-13 21:58:23,0006B34FCA,K235
2014-07-13 21:59:15,00065EBF3C,K235
2014-07-13 21:59:56,000697CE1D,K6
2014-07-13 22:00:05,00074FA4F8,K6
2014-07-13 22:01:19,00065E61B2,K6
2014-07-13 22:04:19,0006B2A1D2,K6
2014-07-13 22:05:11,00068E1A0D,K6
2014-07-13 22:05:16,0006B294D3,K6
2014-07-13 22:06:03,0006B3775E,K6
2014-07-13 22:06:08,000697A0CF,K6
2014-07-13 22:06:59,0006B35DED,K6
2014-07-13 22:09:52,0006B2A1D2,K235
2014-07-13 22:10:38,0006B3A093,K6
2014-07-13 22:11:20,00065EBF3C,K235
2014-07-13 22:29:21,0006B2A1D2,K235
2014-07-13 23:20:13,0006B34F91,K6
2014-07-13 23:22:13,0006B34F91,K6
2014-07-13 23:24:22,00061D4D10,K6
2014-07-13 23:28:43,0006B35971,K6
2014-07-13 23:30:36,0006B2A1D2,K235
2014-07-13 23:33:17,0006B2A1D2,K6
2014-07-13 23:33:46,0006B2A1D2,K6
2014-07-13 23:35:40,00061D4D10,K6
2014-07-13 23:36:42,0006B2A1D2,K6
2014-07-13 23:46:01,0006B35440,K235
2014-07-13 23:51:10,0006B34FCA,K28
2014-07-13 23:55:40,0006B39900,K6
2014-07-13 23:56:58,0006B34FCA,K235
2014-07-13 23:57:22,0006B35440,K235
2014-07-13 23:59:02,0006B35971,K6
2014-07-14 00:00:01,00061D4D10,K6
2014-07-14 00:01:23,000697CE1D,K6
2014-07-14 00:01:36,0006B35971,K6
2014-07-14 00:02:46,00065EBF3C,K235
2014-07-14 00:04:10,0006B34F91,K6
2014-07-14 00:05:30,00065EBF3C,K235
2014-07-14 00:07:37,00065EBF3C,K6
2014-07-14 00:09:06,0006B35971,K6
2014-07-14 00:09:38,0006B34F91,K6
2014-07-14 00:10:59,0006B35440,K6
2014-07-14 00:11:19,0006B34F91,K235
2014-07-14 00:12:06,0006B35440,K235
2014-07-14 00:12:44,00065E61B2,K6
2014-07-14 00:12:46,0006B35440,K235
2014-07-14 00:12:49,0006B34F91,K235
2014-07-14 00:14:10,00074F0832,K6
2014-07-14 00:14:44,000697CE1D,K6
2014-07-14 00:17:11,00065EBF3C,K6
2014-07-14 00:19:49,00061D4D10,K6
2014-07-14 00:21:00,00065E61B2,K6
2014-07-14 00:26:15,0006B35440,K6
2014-07-14 00:26:36,0006B35971,K6
2014-07-14 00:27:22,0006B35440,K6
2014-07-14 00:35:59,0006B35971,K235
2014-07-14 00:37:45,0006B35440,K235
2014-07-14 00:45:03,0006B35440,K6
2014-07-14 00:45:18,0006B34FCA,K6
2014-07-14 00:46:27,0006B34FCA,K235
2014-07-14 00:47:04,0006B35440,K6
2014-07-14 00:48:44,0006B34FCA,K235
2014-07-14 00:52:43,0006B35440,K6
2014-07-14 00:52:51,0006B35971,K6
2014-07-14 00:53:07,0006B35440,K6
2014-07-14 00:54:15,0006B294D3,K6
2014-07-14 00:55:47,0006B34F91,K235
2014-07-14 01:01:31,0006B35440,K6
2014-07-14 01:04:00,0006B34F91,K6
2014-07-14 01:05:04,0006B35971,K6
2014-07-14 01:11:24,0006B35971,K6
2014-07-14 01:11:58,0006B34F91,K6
2014-07-14 01:13:26,0006B35971,K6
2014-07-14 01:16:29,0006B34FCA,K6
2014-07-14 01:22:53,0006B2A1D2,K6
2014-07-14 01:23:01,0006B35971,K6
2014-07-14 01:28:28,0006B39900,K6
2014-07-14 01:45:02,0006B39900,K6
2014-07-14 01:50:59,0006B35971,K6
2014-07-14 01:57:25,00065E61B2,K6
2014-07-14 02:01:55,000697CE1D,K6
2014-07-14 02:10:47,00074F0832,K6
2014-07-14 02:18:56,00065EBF3C,K6
2014-07-14 02:24:36,00074F0832,K6
2014-07-14 02:25:35,0006B35971,K6
2014-07-14 02:32:25,00065EBF3C,K6
2014-07-14 02:43:39,0006B34FCA,K6
2014-07-14 02:46:31,0006B34FCA,K28
2014-07-14 02:49:22,0006B35971,K6
2014-07-14 03:06:37,0006B39900,K6
2014-07-14 03:26:40,0006B35440,K6
2014-07-14 03:30:33,0006B35971,K6
2014-07-14 03:39:13,000697CE1D,K6
2014-07-14 03:41:25,00061D4D10,K6
2014-07-14 03:42:01,0006B35DED,K6
2014-07-14 03:48:55,0006B2A1D2,K6
2014-07-14 04:07:12,0006B35971,K6
2014-07-14 04:12:16,0006B34FCA,K6
2014-07-14 04:15:15,00074F0832,K6
2014-07-14 04:45:36,0006B3A093,K6
2014-07-14 04:47:07,0006B34F91,K6
2014-07-14 04:49:10,00068E1A0D,K6
2014-07-14 04:51:28,0006B34FCA,K6
2014-07-14 04:52:44,00074FA4F8,K6
2014-07-14 05:00:11,0006B35971,K6
2014-07-14 05:21:08,000697A0CF,K6
2014-07-14 05:21:26,000697A0CF,K6
2014-07-14 16:01:55,00074FA4F8,K6
2014-07-14 21:37:29,00074F0832,K6
2014-07-14 21:39:29,00061D4D10,K6
2014-07-14 21:42:24,00065E61B2,K6
2014-07-14 21:42:46,000697CE1D,K6
2014-07-14 21:43:01,0006B294D3,K6
2014-07-14 21:45:07,00074FA4F8,K6
2014-07-14 21:46:19,0006B2A1D2,K6
2014-07-14 21:46:26,00074FA4F8,K6
2014-07-14 21:46:34,0006B39900,K6
2014-07-14 21:47:26,0006B3775E,K6
2014-07-14 21:47:27,0006B34F91,K6
2014-07-14 21:48:35,0006B35971,K6
2014-07-14 21:48:38,00065EBF3C,K6
2014-07-14 21:48:56,0006B35440,K6
2014-07-14 21:48:57,0006B34FCA,K6
2014-07-14 21:52:50,000697A0CF,K6
2014-07-14 21:54:46,0006B35DED,K6
2014-07-14 21:54:57,0006B35DED,K6
2014-07-14 21:55:08,0006B35DED,K6
2014-07-14 21:55:19,0006B35DED,K6
2014-07-14 21:55:30,0006B35DED,K6
2014-07-14 22:00:32,00068E1A0D,K6
2014-07-14 22:02:01,0006B3A093,K6
2014-07-14 23:13:41,0006B39900,K6
2014-07-14 23:18:23,0006B39900,K6
2014-07-14 23:39:16,0006B35971,K6
2014-07-14 23:42:37,0006B35971,K6
2014-07-14 23:54:33,0006B34FCA,K6
2014-07-15 00:00:59,00061D4D10,K6
2014-07-15 00:03:59,0006B34FCA,K6
2014-07-15 00:08:30,00065EBF3C,K6
2014-07-15 00:13:19,0006B35971,K6
2014-07-15 00:25:37,0006B39900,K6
2014-07-15 00:26:45,00074F0832,K6
2014-07-15 00:27:16,0006B35971,K6
2014-07-15 00:29:09,00065E61B2,K6
2014-07-15 00:33:22,00074F0832,K6
2014-07-15 00:40:36,0006B34FCA,K6
2014-07-15 00:41:36,00065E61B2,K6
2014-07-15 00:42:27,0006B34F91,K6
2014-07-15 00:43:40,0006B34FCA,K6
2014-07-15 00:50:29,0006B35440,K6
2014-07-15 00:53:17,0006B34F91,K6
2014-07-15 01:22:15,0006B2A1D2,K6
2014-07-15 01:27:16,000697CE1D,K6
2014-07-15 01:28:12,0006B2A1D2,K6
2014-07-15 01:38:15,0006B39900,K6
2014-07-15 01:38:32,00074F0832,K6
2014-07-15 01:43:43,0006B35971,K6
2014-07-15 01:53:50,0006B35971,K6
2014-07-15 01:56:57,0006B39900,K6
2014-07-15 01:58:18,00061D4D10,K6
2014-07-15 01:59:57,0006B34FCA,K6
2014-07-15 02:02:41,00065EBF3C,K6
2014-07-15 02:10:22,0006B34FCA,K6
2014-07-15 02:15:01,0006B2A1D2,K6
2014-07-15 02:21:58,0006B35DED,K6
2014-07-15 02:22:07,0006B35440,K6
2014-07-15 02:41:43,00065E61B2,K6
2014-07-15 02:42:00,0006B35971,K6
2014-07-15 02:44:58,00074F0832,K6
2014-07-15 02:48:26,0006B34F91,K6
2014-07-15 02:53:01,0006B35971,K6
2014-07-15 02:55:28,000697CE1D,K6
2014-07-15 03:01:19,0006B34F91,K6
2014-07-15 03:01:40,0006B39900,K6
2014-07-15 03:13:45,0006B39900,K6
2014-07-15 03:16:15,0006B35971,K6
2014-07-15 03:19:26,00061D4D10,K6
2014-07-15 03:25:19,0006B34FCA,K6
2014-07-15 03:26:11,0006B34F91,K6
2014-07-15 03:32:12,0006B35440,K6
2014-07-15 03:34:19,0006B35971,K6
2014-07-15 03:36:28,0006B34FCA,K6
2014-07-15 03:38:24,00074F0832,K6
2014-07-15 03:38:53,00065E61B2,K6
2014-07-15 03:41:29,0006B34F91,K6
2014-07-15 03:47:03,00065E61B2,K6
2014-07-15 03:59:42,00065EBF3C,K6
2014-07-15 04:03:33,00065EBF3C,K6
2014-07-15 04:05:13,00061D4D10,K6
2014-07-15 04:09:36,000697CE1D,K6
2014-07-15 04:12:44,000697CE1D,K6
2014-07-15 04:41:45,0006B3A093,K6
2014-07-15 04:45:28,0006B35DED,K6
2014-07-15 04:56:26,00065EBF3C,K6
2014-07-15 04:56:43,0006B34FCA,K6
2014-07-15 04:57:45,0006B2A1D2,K6
2014-07-15 04:58:08,00074F0832,K6
2014-07-15 04:58:54,0006B3A093,K6
2014-07-15 05:00:00,0006B35971,K6
2014-07-15 05:00:40,0006B35DED,K6
2014-07-15 05:09:03,00074FA4F8,K6
2014-07-15 05:17:15,0006B34F91,K6
2014-07-15 05:31:33,0006B2A1D2,K6
2014-07-15 21:41:25,000697CE1D,K6
2014-07-15 21:42:09,00065EBF3C,K6
2014-07-15 21:42:12,00065E61B2,K6
2014-07-15 21:42:40,0006B34F91,K6
2014-07-15 21:42:45,0006B35971,K6
2014-07-15 21:43:01,0006B35971,K6
2014-07-15 21:45:04,00074FA4F8,K6
2014-07-15 21:46:09,00074F0832,K6
2014-07-15 21:47:17,0006B34FCA,K6
2014-07-15 21:47:35,00061D4D10,K6
2014-07-15 21:48:45,0006B294D3,K6
2014-07-15 21:48:55,0006B39900,K6
2014-07-15 21:49:03,0006B2A1D2,K6
2014-07-15 21:50:43,0006B35440,K6
2014-07-15 21:53:18,0006B2A1D2,K6
2014-07-15 23:21:16,0006B2A1D2,K6
2014-07-15 23:22:59,0006B2A1D2,K6
2014-07-15 23:24:25,0006B39900,K6
2014-07-15 23:25:37,0006B35440,K6
2014-07-15 23:26:53,0006B35440,K6
2014-07-15 23:43:10,0006B39900,K6
2014-07-16 00:01:46,0006B34FCA,K6
2014-07-16 00:02:41,00061D4D10,K6
2014-07-16 00:02:57,0006B35DED,K6
2014-07-16 00:03:12,0006B35DED,K6
2014-07-16 00:03:23,0006B35DED,K6
2014-07-16 00:04:59,00065E61B2,K6
2014-07-16 00:05:15,000697CE1D,K6
2014-07-16 00:08:31,0006B34FCA,K6
2014-07-16 00:12:30,00065E61B2,K6
2014-07-16 00:13:28,0006B2A1D2,K6
2014-07-16 00:15:33,0006B35DED,K6
2014-07-16 00:18:47,00074F0832,K6
2014-07-16 00:19:26,0006B2A1D2,K6
2014-07-16 00:19:30,00061D4D10,K6
2014-07-16 00:20:10,000697CE1D,K6
2014-07-16 00:41:40,0006B35440,K6
2014-07-16 00:43:06,0006B35971,K6
2014-07-16 00:49:44,0006B35440,K6
2014-07-16 00:57:29,0006B39900,K6
2014-07-16 00:58:44,00074F0832,K6
2014-07-16 01:06:16,0006B35971,K6
2014-07-16 01:08:00,0006B35971,K6
2014-07-16 01:11:54,00074F0832,K6
2014-07-16 01:16:10,0006B35971,K6
2014-07-16 01:18:07,0006B34F91,K6
2014-07-16 01:24:01,0006B34F91,K6
2014-07-16 01:42:05,0006B39900,K6
2014-07-16 02:11:19,00065E61B2,K6
2014-07-16 02:12:16,0006B35971,K6
2014-07-16 02:13:04,00065EBF3C,K6
2014-07-16 02:13:54,0006B2A1D2,K6
2014-07-16 02:14:51,0006B35440,K6
2014-07-16 02:20:44,0006B2A1D2,K6
2014-07-16 02:26:30,0006B35440,K6
2014-07-16 02:26:42,0006B35971,K6
2014-07-16 02:28:34,0006B34FCA,K6
2014-07-16 02:32:40,00061D4D10,K6
2014-07-16 02:40:39,0006B34FCA,K6
2014-07-16 02:41:56,0006B39900,K6
2014-07-16 02:48:40,0006B39900,K6
2014-07-16 02:50:19,0006B39900,K6
2014-07-16 02:51:52,00065E61B2,K6
2014-07-16 02:51:56,00074F0832,K6
2014-07-16 02:52:53,0006B39900,K6
2014-07-16 02:55:30,00065E61B2,K6
2014-07-16 02:55:41,00065E61B2,K6
2014-07-16 02:55:52,00065E61B2,K6
2014-07-16 02:56:04,00065E61B2,K6
2014-07-16 02:56:15,00065E61B2,K6
2014-07-16 02:56:26,00065E61B2,K6
2014-07-16 02:56:43,00065E61B2,K6
2014-07-16 02:57:44,00074F0832,K6
2014-07-16 03:08:24,0006B35971,K6
2014-07-16 03:10:44,0006B34FCA,K6
2014-07-16 03:16:12,00074F0832,K6
2014-07-16 03:17:21,0006B35440,K6
2014-07-16 03:18:25,0006B35440,K24
2014-07-16 03:18:42,0006B35440,K6
2014-07-16 03:19:18,0006B35440,K6
2014-07-16 03:20:31,0006B34FCA,K6
2014-07-16 03:21:31,00061D4D10,K6
2014-07-16 03:27:09,0006B34FCA,K6
2014-07-16 03:29:19,0006B34FCA,K6
2014-07-16 03:30:20,0006B35971,K6
2014-07-16 03:31:22,0006B34FCA,K6
2014-07-16 03:38:27,0006B34FCA,K6
2014-07-16 03:38:53,0006B35971,K6
2014-07-16 03:39:40,0006B34FCA,K6
2014-07-16 03:39:52,0006B35971,K6
2014-07-16 21:47:01,00061D4D10,K1
2014-07-16 21:47:11,0006B35440,K1
2014-07-16 21:48:32,00074F0832,K1
2014-07-16 21:48:36,00065EBF3C,K1
2014-07-16 21:48:53,00074FA4F8,K1
2014-07-16 21:49:17,0006B39900,K1
2014-07-16 21:49:28,00065E61B2,K1
2014-07-16 21:50:14,0006B35971,K1
2014-07-16 21:51:44,0006B34FCA,K1
2014-07-16 21:51:52,000697A0CF,K1
2014-07-16 21:53:29,0006B2A1D2,K1
2014-07-16 21:53:49,0006B3775E,K1
2014-07-16 21:53:58,0006B34F91,K1
2014-07-16 21:56:26,0006B294D3,K1
2014-07-16 21:59:14,0006B3A093,K1
2014-07-16 21:59:42,00068E1A0D,K1
2014-07-16 22:00:47,0006B35DED,K1
2014-07-16 23:30:42,0006B39900,K1
2014-07-16 23:35:19,0006B39900,K1
2014-07-16 23:35:32,0006B39900,K1
2014-07-16 23:35:49,0006B39900,K1
2014-07-17 00:02:02,0006B35971,K1
2014-07-17 00:05:14,0006B35971,K1
2014-07-17 00:16:01,000697CE1D,K1
2014-07-17 00:22:49,000697CE1D,K1
2014-07-17 00:23:07,000697CE1D,K1
2014-07-17 00:28:06,00074F0832,K1
2014-07-17 00:30:40,0006B35440,K1
2014-07-17 00:31:19,000697CE1D,K1
2014-07-17 00:38:03,0006B35440,K1
2014-07-17 00:51:06,00074F0832,K1
2014-07-17 00:55:51,0006B39900,K1
2014-07-17 00:56:53,00065E61B2,K1
2014-07-17 00:58:47,00065EBF3C,K1
2014-07-17 00:59:13,0006B35971,K1
2014-07-17 00:59:34,0006B34FCA,K1
2014-07-17 01:04:42,0006B34FCA,K1
2014-07-17 01:05:39,0006B35971,K1
2014-07-17 01:07:33,0006B35971,K1
2014-07-17 01:07:43,00065EBF3C,K1
2014-07-17 01:08:28,00065E61B2,K1
2014-07-17 01:08:46,00065EBF3C,K1
2014-07-17 01:10:26,0006B39900,K1
2014-07-17 01:10:32,0006B35971,K1
2014-07-17 01:12:19,00065EBF3C,K1
2014-07-17 01:12:34,0006B35971,K1
2014-07-17 01:13:07,0006B35971,K1
2014-07-17 01:14:10,0006B35971,K1
2014-07-17 01:14:44,00065EBF3C,K1
2014-07-17 01:17:55,00065EBF3C,K1
2014-07-17 01:20:16,0006B35971,K1
2014-07-17 01:23:02,00061D4D10,K1
2014-07-17 01:33:49,0006B39900,K1
2014-07-17 01:35:16,00065EBF3C,K1
2014-07-17 01:39:52,00065EBF3C,K1
2014-07-17 01:40:48,0006B39900,K1
2014-07-17 01:42:54,0006B39900,K1
2014-07-17 01:44:31,00065EBF3C,K1
2014-07-17 01:52:15,00065EBF3C,K1
2014-07-17 01:55:08,00065EBF3C,K1
2014-07-17 02:00:13,0006B34F91,K1
2014-07-17 02:02:49,0006B34F91,K1
2014-07-17 02:03:19,0006B35440,K1
2014-07-17 02:08:46,00065EBF3C,K1
2014-07-17 02:17:37,0006B34FCA,K1
2014-07-17 02:17:39,0006B35440,K1
2014-07-17 02:21:33,00065EBF3C,K1
2014-07-17 02:29:19,00065E61B2,K1
2014-07-17 02:29:49,000697CE1D,K1
2014-07-17 02:29:59,0006B34F91,K1
2014-07-17 02:42:33,0006B34F91,K1
2014-07-17 02:42:58,00074F0832,K1
2014-07-17 02:44:46,000697CE1D,K1
2014-07-17 02:46:51,00065E61B2,K1
2014-07-17 02:48:02,0006B39900,K1
2014-07-17 02:53:14,00074F0832,K1
2014-07-17 02:59:30,0006B39900,K1
2014-07-17 03:00:37,0006B39900,K1
2014-07-17 03:03:00,00061D4D10,K1
2014-07-17 03:03:06,0006B39900,K1
2014-07-17 03:03:55,0006B39900,K1
2014-07-17 03:05:50,0006B35971,K1
2014-07-17 03:09:34,0006B34FCA,K1
2014-07-17 03:16:30,0006B34FCA,K1
2014-07-17 03:24:25,0006B35971,K1
2014-07-17 03:25:59,000697CE1D,K1
2014-07-17 03:27:30,0006B35440,K1
2014-07-17 03:35:58,0006B2A1D2,K1
2014-07-17 03:37:06,0006B2A1D2,K1
2014-07-17 03:39:00,000697CE1D,K1
2014-07-17 03:42:15,0006B35440,K1
2014-07-17 03:48:38,00065EBF3C,K1
2014-07-17 03:52:44,00074F0832,K1
2014-07-17 03:55:34,00065EBF3C,K1
2014-07-17 03:57:11,00074F0832,K1
2014-07-17 03:57:43,00065EBF3C,K1
2014-07-17 04:02:04,00065EBF3C,K1
2014-07-17 04:02:17,00061D4D10,K1
2014-07-17 04:09:57,00065EBF3C,K1
2014-07-17 04:16:16,00065E61B2,K1
2014-07-17 04:19:33,000697CE1D,K1
2014-07-17 04:23:18,000697CE1D,K1
2014-07-17 04:41:50,0006B35DED,K1
2014-07-17 04:44:14,0006B294D3,K1
2014-07-17 04:45:42,0006B39900,K1
2014-07-17 04:48:47,0006B34FCA,K1
2014-07-17 04:51:51,00068E1A0D,K1
2014-07-17 04:52:47,0006B35440,K1
2014-07-17 04:57:46,00065EBF3C,K1
2014-07-17 04:58:31,00074F0832,K1
2014-07-17 05:00:22,000697CE1D,K1
2014-07-17 05:11:00,0006B3775E,K1
2014-07-17 05:12:21,00074FA4F8,K1
2014-07-17 05:14:51,0006B34F91,K1
2014-07-17 05:18:03,0006B35971,K1
2014-07-17 21:39:36,00074F0832,K1
2014-07-17 21:41:24,0006B34FCA,K1
2014-07-17 21:41:48,0006B2A1D2,K1
2014-07-17 21:41:52,0006B34FCA,K1
2014-07-17 21:41:54,0006B34F91,K1
2014-07-17 21:42:07,0006B35440,K1
2014-07-17 21:44:10,00061D4D10,K1
2014-07-17 21:45:38,00065E61B2,K1
2014-07-17 21:45:51,0006B39900,K1
2014-07-17 21:48:11,00074FA4F8,K1
2014-07-17 21:49:19,00065EBF3C,K1
2014-07-17 21:49:48,0006B294D3,K1
2014-07-17 21:49:54,000697A0CF,K1
2014-07-17 21:52:57,0006B3A093,K1
2014-07-17 21:54:15,0006B35DED,K1
2014-07-17 21:56:33,0006B3775E,K1
2014-07-17 22:01:14,00068E1A0D,K1
2014-07-17 23:30:09,0006B35440,K1
2014-07-17 23:30:21,00074F0832,K1
2014-07-17 23:37:20,00074F0832,K1
2014-07-17 23:41:03,0006B35440,K1
2014-07-18 00:06:45,0006B35971,K1
2014-07-18 00:15:28,0006B35971,K1
2014-07-18 00:37:27,00065E61B2,K1
2014-07-18 00:38:27,0006B39900,K1
2014-07-18 00:47:08,00065E61B2,K1
2014-07-18 00:48:05,0006B39900,K1
2014-07-18 00:50:57,00061D4D10,K1
2014-07-18 00:51:05,0006B34FCA,K1
2014-07-18 00:52:38,0006B39900,K1
2014-07-18 00:53:59,0006B39900,K1
2014-07-18 00:56:40,0006B39900,K1
2014-07-18 01:01:39,0006B34FCA,K1
2014-07-18 01:03:56,00061D4D10,K1
2014-07-18 01:05:53,0006B39900,K1
2014-07-18 01:06:16,0006B39900,K1
2014-07-18 01:08:43,0006B39900,K1
2014-07-18 01:08:56,00065EBF3C,K1
2014-07-18 01:09:53,000697CE1D,K1
2014-07-18 01:20:38,00065EBF3C,K1
2014-07-18 01:20:42,000697CE1D,K1
2014-07-18 01:39:34,00074F0832,K1
2014-07-18 01:42:25,0006B34F91,K1
2014-07-18 01:49:36,00074F0832,K1
2014-07-18 01:53:17,0006B34F91,K1
2014-07-18 02:10:50,0006B2A1D2,K1
2014-07-18 02:18:15,0006B2A1D2,K1
2014-07-18 02:25:16,0006B39900,K1
2014-07-18 02:26:36,00065EBF3C,K1
2014-07-18 02:31:10,00065EBF3C,K1
2014-07-18 02:32:15,0006B35440,K1
2014-07-18 02:37:59,0006B39900,K1
2014-07-18 02:43:30,0006B34FCA,K1
2014-07-18 02:44:47,0006B35440,K1
2014-07-18 02:53:22,00061D4D10,K1
2014-07-18 02:55:30,000697CE1D,K1
2014-07-18 03:03:38,00065E61B2,K1
2014-07-18 03:05:36,00061D4D10,K1
2014-07-18 03:13:51,000697CE1D,K1
2014-07-18 03:23:34,000697CE1D,K1
2014-07-18 03:38:58,0006B35DED,K1
2014-07-18 03:41:19,0006B34FCA,K1
2014-07-18 03:42:59,00074F0832,K1
2014-07-18 03:44:45,000697CE1D,K1
2014-07-18 03:46:10,0006B2A1D2,K1
2014-07-18 03:47:01,0006B2A1D2,K1
2014-07-18 03:49:35,00074F0832,K1
2014-07-18 04:03:03,00065E61B2,K1
2014-07-18 04:09:12,00061D4D10,K1
2014-07-18 04:22:35,0006B35971,K1
2014-07-18 04:23:22,0006B35971,K1
2014-07-18 04:25:24,0006B35971,K1
2014-07-18 04:35:53,0006B39900,K1
2014-07-18 04:50:40,0006B35DED,K1
2014-07-18 04:57:16,0006B294D3,K1
2014-07-18 04:59:37,0006B35440,K1
2014-07-18 05:02:08,00065EBF3C,K1
2014-07-18 05:03:39,00068E1A0D,K1
2014-07-18 05:06:45,00065E61B2,K1
2014-07-18 05:07:25,00074FA4F8,K1
2014-07-18 05:16:59,00074F0832,K1
2014-07-18 05:23:07,0006B34F91,K1
2014-07-18 05:24:40,0006B3775E,K1
2014-07-18 05:26:24,0006B35971,K1
2014-07-18 21:35:53,0006B35971,K1
2014-07-18 21:36:04,00061D4D10,K1
2014-07-18 21:37:51,00074F0832,K1
2014-07-18 21:39:02,0006B34F91,K1
2014-07-18 21:39:07,0006B34FCA,K1
2014-07-18 21:39:11,000697CE1D,K1
2014-07-18 21:42:42,00065EBF3C,K1
2014-07-18 21:43:42,0006B39900,K1
2014-07-18 21:43:45,000697A0CF,K1
2014-07-18 21:44:09,00074FA4F8,K1
2014-07-18 21:45:13,0006B2A1D2,K1
2014-07-18 21:52:01,0006B35DED,K1
2014-07-18 21:52:53,00065E61B2,K1
2014-07-18 21:53:24,0006B35440,K1
2014-07-18 21:54:43,00068E1A0D,K1
2014-07-18 21:57:14,0006B3A093,K1
2014-07-18 21:58:38,0006B294D3,K1
2014-07-19 00:00:46,0006B39900,K1
2014-07-19 00:10:35,0006B35440,K1
2014-07-19 00:11:04,0006B35971,K1
2014-07-19 00:11:10,00074F0832,K1
2014-07-19 00:14:09,0006B35971,K1
2014-07-19 00:15:36,0006B39900,K1
2014-07-19 00:15:45,00065E61B2,K1
2014-07-19 00:20:11,00074F0832,K1
2014-07-19 00:22:43,0006B35440,K1
2014-07-19 00:33:44,0006B34FCA,K1
2014-07-19 00:34:07,00065E61B2,K1
2014-07-19 00:34:43,0006B34FCA,K1
2014-07-19 00:34:54,0006B34FCA,K1
2014-07-19 00:37:15,0006B34FCA,K1
2014-07-19 00:37:26,0006B34FCA,K1
2014-07-19 00:39:20,0006B34FCA,K1
2014-07-19 00:40:37,0006B34FCA,K1
2014-07-19 00:42:08,0006B34FCA,K1
2014-07-19 00:42:42,0006B34FCA,K1
2014-07-19 00:43:03,0006B34FCA,K1
2014-07-19 00:44:51,0006B34FCA,K1
2014-07-19 00:47:06,0006B34FCA,K1
2014-07-19 00:48:27,00061D4D10,K1
2014-07-19 00:48:56,0006B34FCA,K1
2014-07-19 00:51:24,0006B34FCA,K1
2014-07-19 00:51:47,00061D4D10,K1
2014-07-19 00:52:30,0006B34FCA,K1
2014-07-19 00:54:25,0006B34FCA,K1
2014-07-19 00:55:19,0006B34FCA,K1
2014-07-19 00:58:12,0006B34FCA,K1
2014-07-19 01:02:32,0006B34FCA,K1
2014-07-19 01:08:44,0006B34FCA,K1
2014-07-19 01:08:50,00074F0832,K1
2014-07-19 01:11:10,0006B34FCA,K1
2014-07-19 01:11:30,0006B34FCA,K1
2014-07-19 01:14:51,0006B34FCA,K1
2014-07-19 01:17:36,0006B34FCA,K1
2014-07-19 01:18:13,0006B34FCA,K1
2014-07-19 01:19:05,0006B39900,K1
2014-07-19 01:19:57,0006B34FCA,K1
2014-07-19 01:21:08,0006B34FCA,K1
2014-07-19 01:22:44,0006B34FCA,K1
2014-07-19 01:23:15,0006B34FCA,K1
2014-07-19 01:24:00,0006B39900,K1
2014-07-19 01:27:29,0006B39900,K1
2014-07-19 01:27:52,0006B34FCA,K1
2014-07-19 01:29:33,00074F0832,K1
2014-07-19 01:29:47,0006B39900,K1
2014-07-19 01:30:27,0006B39900,K1
2014-07-19 01:30:32,0006B34FCA,K1
2014-07-19 01:31:01,0006B34FCA,K1
2014-07-19 01:31:14,0006B34FCA,K1
2014-07-19 01:32:48,0006B34FCA,K1
2014-07-19 01:34:30,0006B35971,K1
2014-07-19 01:35:03,0006B39900,K1
2014-07-19 01:35:29,0006B39900,K1
2014-07-19 01:35:41,0006B39900,K1
2014-07-19 01:36:40,0006B34FCA,K1
2014-07-19 01:37:35,0006B34FCA,K1
2014-07-19 01:38:15,0006B34FCA,K1
2014-07-19 01:38:41,0006B39900,K1
2014-07-19 01:39:39,0006B34FCA,K1
2014-07-19 01:41:43,0006B35971,K1
2014-07-19 01:42:56,0006B34FCA,K1
2014-07-19 01:45:09,0006B34FCA,K1
2014-07-19 01:46:25,0006B34FCA,K1
2014-07-19 01:46:50,00061D4D10,K1
2014-07-19 01:49:10,0006B34FCA,K1
2014-07-19 01:49:51,0006B34FCA,K1
2014-07-19 01:50:34,0006B34FCA,K1
2014-07-19 01:50:41,000697CE1D,K1
2014-07-19 01:52:03,0006B34FCA,K1
2014-07-19 01:54:23,000697CE1D,K1
2014-07-19 01:54:50,0006B34FCA,K1
2014-07-19 01:57:11,00065EBF3C,K1
2014-07-19 01:58:24,0006B34FCA,K1
2014-07-19 01:58:49,0006B34FCA,K1
2014-07-19 01:59:46,0006B34FCA,K1
2014-07-19 02:04:26,0006B2A1D2,K1
2014-07-19 02:14:02,000697CE1D,K1
2014-07-19 02:19:04,00065E61B2,K1
2014-07-19 02:19:21,0006B2A1D2,K1
2014-07-19 02:31:44,0006B35440,K1
2014-07-19 02:31:55,000697CE1D,K1
2014-07-19 02:36:49,0006B34FCA,K1
2014-07-19 02:37:00,0006B34FCA,K1
2014-07-19 02:37:57,0006B34FCA,K1
2014-07-19 02:38:44,0006B34FCA,K1
2014-07-19 02:43:31,0006B34FCA,K1
2014-07-19 02:43:57,0006B34FCA,K1
2014-07-19 02:44:08,0006B34FCA,K1
2014-07-19 02:47:10,0006B35440,K1
2014-07-19 02:48:36,0006B34FCA,K1
2014-07-19 02:52:01,00074F0832,K1
2014-07-19 02:52:26,0006B34FCA,K1
2014-07-19 02:53:14,0006B34FCA,K1
2014-07-19 02:59:06,000697CE1D,K1
2014-07-19 02:59:18,0006B34FCA,K1
2014-07-19 02:59:34,0006B34FCA,K1
2014-07-19 02:59:45,0006B34FCA,K1
2014-07-19 03:02:35,0006B39900,K1
2014-07-19 03:04:20,0006B34FCA,K1
2014-07-19 03:04:35,0006B34FCA,K1
2014-07-19 03:06:02,00074F0832,K1
2014-07-19 03:11:53,0006B34FCA,K1
2014-07-19 03:12:10,000697CE1D,K1
2014-07-19 03:14:54,0006B34FCA,K1
2014-07-19 03:17:35,0006B39900,K1
2014-07-19 03:20:29,0006B34FCA,K1
2014-07-19 03:20:52,0006B34FCA,K1
2014-07-19 03:21:35,0006B34FCA,K1
2014-07-19 03:21:46,0006B34FCA,K1
2014-07-19 03:21:55,00061D4D10,K1
2014-07-19 03:26:24,0006B34FCA,K1
2014-07-19 03:26:41,0006B34FCA,K1
2014-07-19 03:27:51,0006B34FCA,K1
2014-07-19 03:29:33,0006B34FCA,K1
2014-07-19 03:30:01,0006B34FCA,K1
2014-07-19 03:30:11,0006B35DED,K1
2014-07-19 03:30:18,0006B34FCA,K1
2014-07-19 03:31:59,0006B34FCA,K1
2014-07-19 03:36:39,0006B34FCA,K1
2014-07-19 03:39:55,0006B34FCA,K1
2014-07-19 03:43:35,0006B34FCA,K1
2014-07-19 03:46:53,0006B34FCA,K1
2014-07-19 03:47:24,00074F0832,K1
2014-07-19 03:48:43,0006B34FCA,K1
2014-07-19 03:48:54,0006B34FCA,K1
2014-07-19 03:50:18,0006B34FCA,K1
2014-07-19 03:55:28,00074F0832,K1
2014-07-19 03:56:05,0006B34FCA,K1
2014-07-19 04:07:17,000697CE1D,K1
2014-07-19 04:08:44,000697CE1D,K1
2014-07-19 04:13:35,0006B34FCA,K1
2014-07-19 04:15:16,0006B34FCA,K1
2014-07-19 04:16:59,0006B34FCA,K1
2014-07-19 04:17:12,0006B34FCA,K1
2014-07-19 04:57:44,0006B35DED,K1
2014-07-19 05:00:16,0006B35440,K1
2014-07-19 05:07:06,0006B34FCA,K1
2014-07-19 05:08:42,0006B34FCA,K1
2014-07-19 05:09:59,0006B34FCA,K1
2014-07-19 05:11:19,0006B34FCA,K1
2014-07-19 05:13:42,0006B34FCA,K1
2014-07-19 05:17:35,0006B34FCA,K1
2014-07-19 05:21:03,00074F0832,K1
2014-07-19 05:21:11,0006B34FCA,K1
2014-07-19 05:23:52,0006B39900,K1
2014-07-19 05:25:04,0006B34FCA,K1
2014-07-19 05:25:09,0006B35971,K1
2014-07-19 05:25:13,000697CE1D,K1
2014-07-19 21:33:41,0006B35971,K1
2014-07-19 21:34:52,0006B35971,K1
2014-07-19 21:35:18,0006B35971,K24
2014-07-19 21:37:17,0006B35971,K24
2014-07-19 21:37:30,0006B34FCA,K1
2014-07-19 21:38:01,0006B35440,K1
2014-07-19 21:38:54,0006B2A1D2,K1
2014-07-19 21:39:22,00074F0832,K1
2014-07-19 21:39:27,0006B35440,K1
2014-07-19 21:39:31,0006B34F91,K24
2014-07-19 21:39:47,00074FA4F8,K24
2014-07-19 21:41:32,00065E61B2,K1
2014-07-19 21:45:16,0006B39900,K1
2014-07-19 21:45:37,0006B35DED,K1
2014-07-19 21:47:27,000697A0CF,K24
2014-07-19 21:50:38,0006B3A093,K24
2014-07-19 22:07:53,0006B34FCA,K1
2014-07-19 22:11:24,0006B34FCA,K1
2014-07-19 23:03:48,0006B39900,K24
2014-07-19 23:14:17,0006B39900,K24
2014-07-19 23:33:44,0006B35971,K24
2014-07-19 23:43:55,0006B39900,K24
2014-07-19 23:51:05,0006B39900,K24
2014-07-19 23:54:48,0006B35440,K24
2014-07-19 23:56:50,0006B35440,K24
2014-07-20 00:01:18,0006B35971,K24
2014-07-20 00:08:22,00074F0832,K24
2014-07-20 00:13:25,00074F0832,K24
2014-07-20 00:45:47,00061D4D10,K24
2014-07-20 00:51:56,0006B35971,K24
2014-07-20 00:58:17,0006B35971,K24
2014-07-20 02:36:34,000697CE1D,K24
2014-07-20 02:39:13,0006B35971,K24
2014-07-20 02:42:59,00061D4D10,K24
2014-07-20 02:51:54,0006B35971,K24
2014-07-20 02:54:50,0006B34F91,K24
2014-07-20 03:19:29,0006B35440,K24
2014-07-20 03:41:27,0006B35971,K24
2014-07-20 04:11:41,00061D4D10,K24
2014-07-20 05:25:25,0006B3775E,K24
2014-07-20 05:29:10,0006B35971,K24
2014-07-20 05:36:30,0006B34F91,K24
2014-07-20 12:58:36,00074FA4F8,K21
2014-07-20 21:28:03,0006B35971,K24
2014-07-20 21:28:13,0006B34F91,K24
2014-07-20 21:31:44,0006B3A093,K24
2014-07-20 21:32:35,00074F0832,K21
2014-07-20 21:35:57,0006B34FCA,K21
2014-07-20 21:36:55,0006B39900,K21
2014-07-20 21:39:11,00074FA4F8,K21
2014-07-20 21:42:01,0006B35440,K21
2014-07-20 21:43:37,0006B294D3,K21
2014-07-20 21:46:21,0006B35DED,K21
2014-07-20 21:51:06,00068E1A0D,K21
2014-07-20 22:15:26,00074F0832,K21
2014-07-20 22:44:11,00074F0832,K21
2014-07-20 22:46:33,0006B39900,K21
2014-07-20 23:09:30,0006B294D3,K21
2014-07-20 23:10:21,00074F0832,K21
2014-07-20 23:12:32,0006B35440,K21
2014-07-20 23:34:07,0006B39900,K21
2014-07-20 23:48:08,00074F0832,K21
2014-07-20 23:49:11,00065E61B2,K21
2014-07-20 23:55:26,0006B34FCA,K24
2014-07-21 00:01:28,0006B35440,K21
2014-07-21 00:07:18,00065E61B2,K21
2014-07-21 00:07:50,0006B294D3,K21
2014-07-21 00:07:59,0006B34FCA,K21
2014-07-21 00:12:07,000697CE1D,K21
2014-07-21 00:15:22,0006B34FCA,K21
2014-07-21 00:18:05,000697CE1D,K21
2014-07-21 00:25:29,0006B39900,K21
2014-07-21 00:28:19,0006B39900,K21
2014-07-21 00:29:24,0006B35971,K21
2014-07-21 00:30:22,00061D4D10,K21
2014-07-21 00:30:32,0006B39900,K21
2014-07-21 00:31:47,0006B35440,K21
2014-07-21 00:32:01,0006B35440,K21
2014-07-21 00:32:42,0006B39900,K21
2014-07-21 00:34:35,0006B35971,K21
2014-07-21 00:36:05,00061D4D10,K21
2014-07-21 00:36:39,00074F0832,K21
2014-07-21 00:37:38,0006B35971,K21
2014-07-21 00:43:59,0006B35440,K21
2014-07-21 00:45:25,0006B35971,K21
2014-07-21 00:45:28,00074F0832,K21
2014-07-21 00:59:16,0006B35DED,K21
2014-07-21 01:10:30,0006B294D3,K21
2014-07-21 01:10:40,000697CE1D,K21
2014-07-21 01:10:57,0006B34FCA,K21
2014-07-21 01:15:35,00074F0832,K21
2014-07-21 01:16:33,0006B35440,K21
2014-07-21 01:20:59,00065E61B2,K21
2014-07-21 01:25:00,0006B35971,K21
2014-07-21 01:29:32,000697CE1D,K21
2014-07-21 01:31:28,0006B39900,K21
2014-07-21 01:35:25,0006B34FCA,K21
2014-07-21 01:47:47,000697CE1D,K21
2014-07-21 02:05:51,00074F0832,K21
2014-07-21 02:13:01,00065E61B2,K21
2014-07-21 02:13:45,0006B35971,K21
2014-07-21 02:25:17,000697CE1D,K21
2014-07-21 02:28:03,0006B39900,K21
2014-07-21 02:41:34,00061D4D10,K21
2014-07-21 02:45:33,00065E61B2,K21
2014-07-21 02:47:09,000697CE1D,K21
2014-07-21 03:01:36,0006B294D3,K21
2014-07-21 03:02:41,0006B35971,K21
2014-07-21 03:08:15,00074F0832,K21
2014-07-21 03:13:17,0006B34FCA,K21
2014-07-21 03:16:00,0006B294D3,K21
2014-07-21 03:20:21,0006B35440,K21
2014-07-21 03:20:43,00065E61B2,K21
2014-07-21 03:21:26,0006B34FCA,K21
2014-07-21 03:24:50,0006B35DED,K21
2014-07-21 03:33:51,00061D4D10,K21
2014-07-21 03:34:12,0006B35971,K21
2014-07-21 03:35:46,00074F0832,K21
2014-07-21 03:46:25,0006B294D3,K21
2014-07-21 03:48:38,000697CE1D,K21
2014-07-21 03:50:07,0006B34F91,K21
2014-07-21 04:00:42,000697CE1D,K21
2014-07-21 04:02:52,0006B294D3,K21
2014-07-21 04:06:01,000697CE1D,K21
2014-07-21 04:06:58,00061D4D10,K21
2014-07-21 04:09:38,0006B35971,K21
2014-07-21 04:10:51,00074F0832,K21
2014-07-21 04:10:53,00065E61B2,K21
2014-07-21 04:12:30,0006B35440,K21
2014-07-21 04:15:40,0006B34FCA,K21
2014-07-21 04:16:18,0006B39900,K21
2014-07-21 04:26:49,0006B2A1D2,K21
2014-07-21 04:26:57,0006B3A093,K21
2014-07-21 04:50:45,00074FA4F8,K21
2014-07-21 04:52:12,00068E1A0D,K21
2014-07-21 05:04:15,0006B34F91,K21
2014-07-21 05:24:38,0006B34F91,K21
2014-07-21 21:31:25,00061D4D10,K21
2014-07-21 21:32:26,00065E61B2,K21
2014-07-21 21:32:35,000697CE1D,K21
2014-07-21 21:33:43,0006B35971,K21
2014-07-21 21:34:58,0006B39900,K21
2014-07-21 21:35:01,00074FA4F8,K21
2014-07-21 21:38:42,0006B34FCA,K21
2014-07-21 21:38:47,00074F0832,K21
2014-07-21 21:42:50,0006B35DED,K21
2014-07-21 21:43:21,0006B35440,K21
2014-07-21 21:43:38,0006B35DED,K21
2014-07-21 21:46:41,0006B3A093,K21
2014-07-21 21:49:31,0006B2A1D2,K21
2014-07-21 21:49:33,00068E1A0D,K21
2014-07-21 21:51:23,0006B294D3,K21
2014-07-21 23:37:39,0006B39900,K21
2014-07-21 23:42:30,0006B39900,K21
2014-07-21 23:58:13,0006B39900,K21
2014-07-22 00:10:40,0006B39900,K21
2014-07-22 00:24:12,000697CE1D,K21
2014-07-22 00:33:17,00074F0832,K21
2014-07-22 00:45:41,000697CE1D,K21
2014-07-22 00:47:07,00074F0832,K21
2014-07-22 00:53:42,00061D4D10,K21
2014-07-22 00:54:33,00065E61B2,K21
2014-07-22 01:00:21,00061D4D10,K21
2014-07-22 01:07:36,0006B34FCA,K21
2014-07-22 01:14:52,00065E61B2,K21
2014-07-22 01:18:54,0006B34FCA,K21
2014-07-22 01:23:55,0006B34F91,K21
2014-07-22 01:26:06,0006B34F91,K21
2014-07-22 01:30:00,0006B39900,K21
2014-07-22 01:34:20,0006B35440,K21
2014-07-22 01:51:39,0006B35440,K21
2014-07-22 01:56:56,0006B39900,K21
2014-07-22 02:39:34,000697CE1D,K21
2014-07-22 02:44:21,00074F0832,K21
2014-07-22 02:54:01,00074F0832,K21
2014-07-22 03:00:21,0006B35971,K21
2014-07-22 03:01:01,0006B39900,K21
2014-07-22 03:03:59,0006B39900,K21
2014-07-22 03:05:27,000697CE1D,K21
2014-07-22 03:08:30,0006B35971,K21
2014-07-22 03:10:39,0006B34FCA,K21
2014-07-22 03:15:38,00065E61B2,K21
2014-07-22 03:16:18,0006B35440,K21
2014-07-22 03:27:28,000697CE1D,K21
2014-07-22 03:30:40,0006B34FCA,K21
2014-07-22 03:32:07,0006B39900,K21
2014-07-22 03:39:09,00074F0832,K21
2014-07-22 03:42:30,0006B294D3,K21
2014-07-22 03:42:56,0006B35971,K21
2014-07-22 03:47:35,00061D4D10,K21
2014-07-22 04:17:47,0006B34FCA,K21
2014-07-22 04:27:02,00065EBF3C,K21
2014-07-22 04:27:17,0006B294D3,K21
2014-07-22 04:28:08,0006B2A1D2,K21
2014-07-22 04:30:07,0006B294D3,K21
2014-07-22 04:37:29,00065E61B2,K21
2014-07-22 04:46:09,0006B39900,K21
2014-07-22 04:46:31,00065EBF3C,K21
2014-07-22 04:48:49,0006B35440,K21
2014-07-22 04:53:00,0006B294D3,K21
2014-07-22 04:53:27,000697CE1D,K21
2014-07-22 04:54:02,00074FA4F8,K21
2014-07-22 04:54:06,00074F0832,K21
2014-07-22 04:55:01,0006B294D3,K21
2014-07-22 04:56:13,00065EBF3C,K21
2014-07-22 04:59:43,000697CE1D,K21
2014-07-22 05:00:25,0006B39900,K21
2014-07-22 05:03:19,0006B3775E,K21
2014-07-22 05:04:53,0006B2A1D2,K21
2014-07-22 05:07:59,00074F0832,K21
2014-07-22 05:11:47,0006B35440,K21
2014-07-22 05:12:18,00068E1A0D,K21
2014-07-22 05:15:09,00065E61B2,K21
2014-07-22 05:16:48,0006B34F91,K21
2014-07-22 21:39:15,0006B34F91,K21
2014-07-22 21:40:47,0006B35971,K21
2014-07-22 21:42:56,0006B34FCA,K21
2014-07-22 21:43:58,000697CE1D,K21
2014-07-22 21:45:17,0006B39900,K21
2014-07-22 21:46:14,00074F0832,K21
2014-07-22 21:47:08,0006B35440,K21
2014-07-22 21:47:34,00074FA4F8,K21
2014-07-22 21:48:19,00061D4D10,K21
2014-07-22 21:48:39,00065E61B2,K21
2014-07-22 21:51:47,0006B3A093,K21
2014-07-22 21:52:10,0006B2A1D2,K21
2014-07-22 21:54:02,0006B294D3,K21
2014-07-22 21:55:32,00068E1A0D,K21
2014-07-22 21:55:47,0006B3775E,K21
2014-07-22 21:59:21,0006B35DED,K21
2014-07-23 00:08:23,0006B39900,K21
2014-07-23 00:08:46,0006B39900,K21
2014-07-23 00:16:43,00074F0832,K21
2014-07-23 00:17:08,00074F0832,K21
2014-07-23 00:49:33,000697CE1D,K21
2014-07-23 00:50:31,000697CE1D,K21
2014-07-23 00:53:29,0006B35440,K21
2014-07-23 00:54:15,0006B35440,K21
2014-07-23 01:12:59,0006B39900,K21
2014-07-23 01:14:32,000697CE1D,K21
2014-07-23 01:15:00,0006B34FCA,K21
2014-07-23 01:15:43,0006B34FCA,K21
2014-07-23 01:20:02,0006B34FCA,K21
2014-07-23 01:20:06,000697CE1D,K21
2014-07-23 01:20:39,0006B39900,K21
2014-07-23 01:22:35,0006B39900,K21
2014-07-23 01:23:54,0006B34FCA,K21
2014-07-23 01:28:33,0006B34FCA,K21
2014-07-23 01:31:32,0006B34FCA,K21
2014-07-23 01:32:02,0006B39900,K21
2014-07-23 01:32:54,0006B34FCA,K21
2014-07-23 01:34:37,000697CE1D,K21
2014-07-23 01:38:41,0006B34FCA,K21
2014-07-23 01:43:39,000697CE1D,K21
2014-07-23 01:56:58,0006B39900,K21
2014-07-23 02:03:37,0006B39900,K21
2014-07-23 02:04:47,0006B39900,K21
2014-07-23 02:13:28,0006B39900,K21
2014-07-23 02:13:53,0006B39900,K21
2014-07-23 02:20:33,0006B35440,K21
2014-07-23 02:25:03,0006B39900,K21
2014-07-23 02:31:49,0006B39900,K21
2014-07-23 02:32:16,0006B35440,K21
2014-07-23 02:34:00,00074F0832,K21
2014-07-23 02:42:13,00074F0832,K21
2014-07-23 02:52:49,00061D4D10,K21
2014-07-23 02:54:19,0006B3900E,K21
2014-07-23 02:54:30,0006B3900E,K21
2014-07-23 02:54:48,00061D4D10,K21
2014-07-23 03:01:14,00065E61B2,K21
2014-07-23 03:02:04,00065E61B2,K21
2014-07-23 03:02:35,0006B39900,K21
2014-07-23 03:08:54,0006B39900,K21
2014-07-23 03:12:37,0006B2A1D2,K21
2014-07-23 03:13:46,0006B34FCA,K21
2014-07-23 03:19:01,0006B39900,K21
2014-07-23 03:19:39,0006B39900,K21
2014-07-23 03:22:51,00061D4D10,K21
2014-07-23 03:23:21,0006B34FCA,K21
2014-07-23 03:23:52,00065E61B2,K21
2014-07-23 03:25:07,0006B39900,K21
2014-07-23 03:25:33,0006B39900,K21
2014-07-23 03:34:08,00065E61B2,K21
2014-07-23 03:38:12,0006B35440,K21
2014-07-23 03:38:35,0006B2A1D2,K21
2014-07-23 03:50:13,00074F0832,K21
2014-07-23 03:50:41,000697CE1D,K21
2014-07-23 03:50:50,0006B2A1D2,K21
2014-07-23 03:51:42,0006B35440,K21
2014-07-23 03:53:35,0006B39900,K21
2014-07-23 03:54:12,0006B39900,K21
2014-07-23 03:55:11,00074F0832,K21
2014-07-23 03:55:58,000697CE1D,K21
2014-07-23 03:58:26,0006B35971,K21
2014-07-23 04:01:36,00065E61B2,K21
2014-07-23 04:09:31,00065E61B2,K21
2014-07-23 04:20:29,000697CE1D,K21
2014-07-23 04:25:26,0006B35971,K21
2014-07-23 04:29:00,000697CE1D,K21
2014-07-23 04:55:13,0006B294D3,K21
2014-07-23 04:59:31,0006B2A1D2,K21
2014-07-23 05:00:09,00065EBF3C,K21
2014-07-23 05:01:19,0006B34FCA,K21
2014-07-23 05:09:25,00074F0832,K21
2014-07-23 05:10:48,00068E1A0D,K21
2014-07-23 05:12:45,00061D4D10,K21
2014-07-23 05:14:52,0006B35440,K21
2014-07-23 05:16:47,00074FA4F8,K21
2014-07-23 05:17:29,0006B3900E,K21
2014-07-23 05:17:40,0006B3900E,K21
2014-07-23 05:19:44,0006B39900,K21
2014-07-23 05:21:15,00065E61B2,K21
2014-07-23 05:27:03,0006B3775E,K21
2014-07-23 05:27:38,0006B35971,K21
2014-07-23 05:31:32,0006B34F91,K21
2014-07-23 05:31:56,000697CE1D,K21
2014-07-23 21:30:17,0006B34F91,K21
2014-07-23 21:30:18,00074F0832,K21
2014-07-23 21:31:15,0006B35440,K21
2014-07-23 21:34:49,000697CE1D,K21
2014-07-23 21:35:24,0006B34FCA,K21
2014-07-23 21:35:28,0006B3775E,K21
2014-07-23 21:35:42,0006B35440,K21
2014-07-23 21:35:49,000697CE1D,K21
2014-07-23 21:36:09,0006B2A1D2,K21
2014-07-23 21:37:29,00065E61B2,K21
2014-07-23 21:37:45,00061D4D10,K21
2014-07-23 21:37:48,0006B39900,K21
2014-07-23 21:37:52,0006B35971,K21
2014-07-23 21:38:02,00074FA4F8,K21
2014-07-23 21:38:47,00074FA4F8,K21
2014-07-23 21:39:30,0006B294D3,K21
2014-07-23 21:45:06,0006B3A093,K21
2014-07-23 21:51:01,00068E1A0D,K21
2014-07-23 21:55:14,0006B35DED,K21
2014-07-24 15:49:02,00074FA4F8,K10
2014-07-24 21:33:30,0006B35971,K10
2014-07-24 21:33:35,00074F0832,K10
2014-07-24 21:35:48,00061D4D10,K10
2014-07-24 21:36:16,000697CE1D,K10
2014-07-24 21:36:56,0006B34F91,K10
2014-07-24 21:38:39,0006B34FCA,K10
2014-07-24 21:39:53,0006B35440,K10
2014-07-24 21:40:09,00065E61B2,K10
2014-07-24 21:41:06,0006B35DED,K10
2014-07-24 21:41:22,0006B3775E,K10
2014-07-24 21:41:34,0006B2A1D2,K10
2014-07-24 21:44:07,00074FA4F8,K10
2014-07-24 21:45:06,0006B3A093,K10
2014-07-24 21:46:43,0006B294D3,K10
2014-07-24 21:48:50,00068E1A0D,K10
2014-07-24 21:49:30,0006B39900,K10
2014-07-25 01:09:29,00074F0832,K10
2014-07-25 01:09:58,00074F0832,K10
2014-07-25 01:38:42,0006B39900,K10
2014-07-25 01:39:35,0006B39900,K10
2014-07-25 03:17:24,00061D4D10,K10
2014-07-25 03:17:25,00074F0832,K10
2014-07-25 03:17:38,00061D4D10,K10
2014-07-25 03:18:05,00074F0832,K10
2014-07-25 03:27:31,00074F0832,K10
2014-07-25 03:29:30,00074F0832,K10
2014-07-25 03:39:31,000697CE1D,K10
2014-07-25 03:43:02,000697CE1D,K10
2014-07-25 03:44:25,000697CE1D,K10
2014-07-25 03:50:10,00074F0832,K10
2014-07-25 03:52:39,00074F0832,K10
2014-07-25 04:31:47,0006B35971,K10
2014-07-25 04:37:48,0006B35971,K10
2014-07-25 05:04:12,0006B2A1D2,K10
2014-07-25 05:05:40,00065EBF3C,K10
2014-07-25 05:06:02,00068E1A0D,K10
2014-07-25 05:06:15,0006B2A1D2,K10
2014-07-25 05:12:45,0006B35440,K10
2014-07-25 05:15:16,0006B3900E,K10
2014-07-25 05:15:29,000697CE1D,K10
2014-07-25 05:15:35,0006B3900E,K10
2014-07-25 05:15:47,0006B35440,K10
2014-07-25 05:18:30,00074FA4F8,K10
2014-07-25 05:18:58,0006B3775E,K10
2014-07-25 05:25:36,0006B3900E,K10
2014-07-25 05:31:24,0006B35971,K10
2014-07-25 21:33:08,0006B35971,K10
2014-07-25 21:34:23,000697CE1D,K10
2014-07-25 21:34:38,0006B3900E,K10
2014-07-25 21:43:18,00074FA4F8,K10
2014-07-25 21:43:50,0006B3775E,K10
2014-07-25 21:44:27,00065EBF3C,K10
2014-07-25 21:44:44,0006B294D3,K10
2014-07-25 21:45:12,00068E1A0D,K10
2014-07-26 00:13:46,0006B3900E,K10
2014-07-26 00:13:57,0006B3900E,K10
2014-07-26 00:15:58,0006B35440,K10
2014-07-26 00:16:10,0006B35440,K10
2014-07-26 00:18:37,0006B35440,K10
2014-07-26 00:51:12,0006B3900E,K10
2014-07-26 01:20:28,0006B34FCA,K5
2014-07-26 02:32:00,0006B34FCA,K5
2014-07-26 02:42:14,0006B34FCA,K5
2014-07-26 02:49:14,0006B35440,K5
2014-07-26 02:55:46,00074FA4F8,K5
2014-07-26 02:57:49,00074FA4F8,K5
2014-07-26 03:38:30,0006B35971,K5
2014-07-26 03:41:04,0006B35971,K5
2014-07-26 03:54:55,00061D4D10,K5
2014-07-26 05:11:40,0006B3900E,K5
2014-07-26 05:12:32,0006B3900E,K5
2014-07-26 05:17:57,0006B3900E,K5
2014-07-26 05:19:12,000697A0CF,K5
2014-07-26 05:23:51,00074FA4F8,K5
2014-07-26 05:24:07,0006B3900E,K5
2014-07-26 05:26:19,0006B3900E,K10
2014-07-26 21:09:27,0006B3900E,K10
2014-07-26 21:09:38,0006B3900E,K10
2014-07-26 21:09:49,0006B3900E,K10
2014-07-28 21:26:30,00074F0832,K26
2014-07-28 21:28:53,000697CE1D,K26
2014-07-28 21:31:17,0006B35971,K26
2014-07-28 21:31:21,0006B34F91,K26
2014-07-28 21:31:39,00061D4D10,K26
2014-07-28 21:31:40,00075D8712,K26
2014-07-28 21:34:21,0006B34FCA,K26
2014-07-28 21:35:38,0006B34FCA,K26
2014-07-28 21:36:31,0006B35440,K26
2014-07-28 21:36:34,00075CE453,K26
2014-07-28 21:38:32,0006B3775E,K26
2014-07-28 21:39:13,00068E1A0D,K26
2014-07-28 21:39:29,00075B5876,K26
2014-07-28 21:39:45,00065E61B2,K26
2014-07-28 21:41:47,00075B5876,K26
2014-07-28 21:42:26,0006B35DED,K26
2014-07-28 21:42:37,00074FA4F8,K8
2014-07-28 21:43:32,0006B3900E,K26
2014-07-28 21:44:48,00075D1338,K26
2014-07-28 21:44:54,0006B39900,K26
2014-07-28 21:49:55,0006B294D3,K8
2014-07-28 21:56:14,0006B2A1D2,K26
2014-07-29 00:09:40,00074F0832,K8
2014-07-29 00:09:54,00074F0832,K8
2014-07-29 19:04:47,00074FA4F8,K23
2014-07-29 21:45:50,00065E61B2,K23
2014-07-29 21:45:58,0006B34FCA,K23
2014-07-29 21:46:32,000697CE1D,K23
2014-07-29 21:47:59,00074F0832,K23
2014-07-29 21:48:11,0006B35DED,K23
2014-07-29 21:48:31,00074FA4F8,K23
2014-07-29 21:52:13,0006B3900E,K23
2014-07-29 21:52:48,00065EBF3C,K23
2014-07-29 21:53:32,0006B35971,K23
2014-07-29 21:53:49,00061D4D10,K23
2014-07-29 21:54:07,0006B2A1D2,K23
2014-07-29 21:54:12,0006B35DED,K23
2014-07-29 21:54:31,0006B34F91,K23
2014-07-29 21:54:39,0006B35440,K23
2014-07-29 21:54:52,00075CE453,K23
2014-07-29 21:55:17,0006B3A093,K23
2014-07-29 21:55:22,00075D8712,K23
2014-07-29 21:55:40,0006B3775E,K23
2014-07-29 21:57:05,00075D1338,K23
2014-07-29 21:57:15,0006B39900,K23
2014-07-29 21:57:17,00068E1A0D,K23
2014-07-29 21:58:33,0006B294D3,K23
2014-07-29 21:58:54,00075B5876,K23
2014-07-29 21:59:05,00075B5876,K23
2014-07-29 21:59:17,00075B5876,K23
2014-07-29 23:35:50,00074F0832,K23
2014-07-30 00:06:22,00075D8712,K23
2014-07-30 00:12:37,0006B35440,K23
2014-07-30 00:19:47,00075D8712,K23
2014-07-30 00:25:40,0006B3900E,K23
2014-07-30 00:26:22,0006B3900E,K23
2014-07-30 01:01:23,000697CE1D,K23
2014-07-30 01:04:14,000697CE1D,K23
2014-07-30 05:01:43,00074F0832,K23
2014-07-30 05:03:50,00075B5876,K23
2014-07-30 05:08:18,00075D8712,K23
2014-07-30 05:11:15,0006B35971,K23
2014-07-30 05:16:20,0006B3900E,K23
2014-07-30 05:23:45,0006B34F91,K23
2014-07-30 13:11:02,000697CE1D,K9
2014-07-30 13:48:41,00074FA4F8,K9
2014-07-30 13:50:00,00074FA4F8,K9
2014-07-30 21:25:06,000697CE1D,K9
2014-07-30 21:29:23,0006B2A1D2,K9
2014-07-30 21:30:38,00074FA4F8,K9
2014-07-30 21:34:14,0006B3900E,K23
2014-07-30 21:37:13,00068E1A0D,K9
2014-07-30 21:37:22,0006B294D3,K9
2014-07-30 21:37:27,0006B3A093,K9
2014-07-30 21:37:31,0006B35971,K23
2014-07-30 21:38:08,00074F0832,K23
2014-07-30 21:39:51,00061D4D10,K23
2014-07-30 21:39:54,00065EBF3C,K23
2014-07-30 21:39:54,0006B3775E,K9
2014-07-30 21:40:08,0006B34FCA,K23
2014-07-30 21:40:37,0006B39900,K23
2014-07-30 21:41:04,00075D8712,K23
2014-07-30 21:41:54,00075CE453,K23
2014-07-30 21:42:20,0006B34F91,K23
2014-07-30 21:42:45,00065E61B2,K23
2014-07-30 21:43:12,0006B35DED,K23
2014-07-30 21:46:07,0006B35440,K23
2014-07-30 21:48:30,00075B5876,K23
2014-07-30 21:50:10,00075D1338,K23
2014-07-31 02:36:10,000697CE1D,K9
2014-07-31 02:47:37,000697CE1D,K9
2014-07-31 05:11:31,0006B35440,K9
2014-07-31 05:11:38,0006B34FCA,K9
2014-07-31 05:11:53,00075D1338,K9
2014-07-31 05:12:10,0006B2A1D2,K9
2014-07-31 05:12:37,00075D8712,K9
2014-07-31 05:13:03,00074FA4F8,K9
2014-07-31 05:13:54,00075CE453,K9
2014-07-31 05:15:32,00075D1338,K9
2014-07-31 05:17:43,0006B3900E,K9
2014-07-31 05:18:48,00075B5876,K9
2014-07-31 05:20:25,00068E1A0D,K9
2014-07-31 05:21:24,0006B39900,K9
2014-07-31 05:23:35,0006B3775E,K9
2014-07-31 05:24:37,0006B34F91,K9
2014-07-31 05:24:54,000697CE1D,K9
2014-07-31 14:33:43,00075B5876,K9
2014-07-31 14:33:58,00075B5876,K9
2014-07-31 14:52:52,00075D8712,K9
2014-07-31 18:04:23,00075CE453,K9
2014-07-31 18:04:34,00075CE453,K9
2014-07-31 18:04:45,00075CE453,K9
2014-07-31 18:04:56,00075CE453,K9
2014-07-31 18:05:07,00075CE453,K9
2014-07-31 18:05:23,00075CE453,K9
2014-07-31 21:31:50,00074F0832,K9
2014-07-31 21:32:20,00061D4D10,K9
2014-07-31 21:33:52,000697CE1D,K9
2014-07-31 21:33:55,00074FA4F8,K9
2014-07-31 21:34:05,00075D8712,K9
2014-07-31 21:35:06,0006B39900,K9
2014-07-31 21:35:44,0006B2A1D2,K9
2014-07-31 21:36:04,0006B34FCA,K9
2014-07-31 21:36:18,00075CE453,K9
2014-07-31 21:37:08,0006B3A093,K9
2014-07-31 21:37:10,0006B3900E,K9
2014-07-31 21:37:15,0006B3775E,K9
2014-07-31 21:37:36,0006B35440,K9
2014-07-31 21:38:51,0006B34F91,K9
2014-07-31 21:39:18,00065E61B2,K28
2014-07-31 21:39:32,00068E1A0D,K9
2014-07-31 21:40:42,0006B294D3,K9
2014-07-31 21:41:55,0006B35971,K28
2014-07-31 21:44:47,0006B35DED,K28
2014-07-31 21:47:37,00075D1338,K28
2014-07-31 23:36:22,0006B3900E,K9
2014-07-31 23:52:40,00075B5876,K9
2014-08-01 00:00:23,00075B5876,K9
2014-08-01 00:07:33,0006B3900E,K9
2014-08-01 02:19:11,000697CE1D,K28
2014-08-01 02:19:35,0006B34FCA,K28
2014-08-01 02:21:18,0006B34FCA,K28
2014-08-01 02:21:38,000697CE1D,K28
2014-08-01 02:21:40,00065EBF3C,K28
2014-08-01 03:25:40,00074F0832,K28
2014-08-01 03:25:56,00065E61B2,K28
2014-08-01 03:26:00,00065EBF3C,K28
2014-08-01 03:33:49,00065E61B2,K28
2014-08-01 03:34:47,00074F0832,K28
2014-08-01 03:39:14,000697CE1D,K28
2014-08-01 03:39:37,00065EBF3C,K28
2014-08-01 03:43:14,000697CE1D,K28
2014-08-01 03:46:36,0006B34FCA,K28
2014-08-01 03:46:39,00075B5876,K28
2014-08-01 03:49:35,0006B34FCA,K28
2014-08-01 03:49:36,00075B5876,K28
2014-08-01 05:05:54,00075B5876,K28
2014-08-01 05:08:21,0006B2A1D2,K9
2014-08-01 05:09:13,00075CE453,K9
2014-08-01 05:09:17,0006B3900E,K9
2014-08-01 05:11:22,0006B35440,K9
2014-08-01 05:11:39,0006B39900,K9
2014-08-01 05:13:43,000697CE1D,K9
2014-08-01 05:14:06,00075D8712,K28
2014-08-01 05:19:34,00068E1A0D,K9
2014-08-01 05:21:01,0006B35971,K28
2014-08-01 05:24:43,00074FA4F8,K9
2014-08-01 05:25:09,0006B3775E,K9
2014-08-01 05:37:57,0006B34F91,K9
2014-08-01 05:47:46,00075D8712,K28
2014-08-01 18:46:41,00075B5876,K28
2014-08-01 21:32:35,00061D4D10,K9
2014-08-01 21:33:13,00074FA4F8,K9
2014-08-01 21:34:23,0006B34F91,K9
2014-08-01 21:34:31,000697CE1D,K9
2014-08-01 21:34:43,00075CE453,K9
2014-08-01 21:34:48,00074F0832,K9
2014-08-01 21:35:58,00068E1A0D,K9
2014-08-01 21:37:38,0006B39900,K9
2014-08-01 21:38:44,0006B35971,K28
2014-08-01 21:38:51,00065E61B2,K28
2014-08-01 21:39:07,0006B34FCA,K28
2014-08-01 21:40:30,00075D8712,K28
2014-08-01 21:40:51,0006B3775E,K9
2014-08-01 21:40:58,0006B35440,K9
2014-08-01 21:41:03,0006B2A1D2,K9
2014-08-01 21:41:26,000697A0CF,K9
2014-08-01 21:42:02,0006B294D3,K9
2014-08-01 21:43:28,0006B3900E,K9
2014-08-01 21:43:40,0006B35DED,K9
2014-08-01 21:46:46,00075D1338,K28
2014-08-01 21:47:10,00075B5876,K28
2014-08-02 00:07:06,0006B3900E,K9
2014-08-02 02:07:41,0006B3900E,K9
2014-08-02 02:08:23,0006B3900E,K9
2014-08-02 05:13:00,00065EBF3C,K28
2014-08-02 05:17:00,0006B35440,K28
2014-08-02 05:17:30,00075D1338,K28
2014-08-02 05:17:44,00075D8712,K28
2014-08-02 05:18:44,00074F0832,K28
2014-08-02 05:20:20,0006B3900E,K9
2014-08-02 05:21:05,0006B34FCA,K9
2014-08-02 05:22:02,00075CE453,K9
2014-08-02 05:22:23,00075B5876,K28
2014-08-02 05:23:59,00068E1A0D,K9
2014-08-02 05:25:42,00061D4D10,K9
2014-08-02 05:28:20,0006B34F91,K9
2014-08-02 05:28:28,0006B3775E,K9
2014-08-02 05:28:48,0006B39900,K9
2014-08-02 05:31:19,00074FA4F8,K9
2014-08-02 05:35:37,00074F0832,K28
2014-08-02 05:37:45,0006B3A093,K9
2014-08-02 05:40:53,000697CE1D,K28
2014-08-02 15:30:28,00075CE453,K9
2014-08-02 21:21:16,0006B3A093,K9
2014-08-02 21:21:27,0006B3A093,K9
2014-08-02 21:21:38,0006B3A093,K9
2014-08-02 21:27:36,00074F0832,K9
2014-08-02 21:27:51,00074FA4F8,K9
2014-08-02 21:28:21,0006B3A093,K9
2014-08-02 21:28:37,0006B3775E,K9
2014-08-02 21:30:54,0006B34F91,K9
2014-08-02 21:34:13,00068E1A0D,K9
2014-08-02 21:34:54,00075CE453,K9
2014-08-02 21:34:58,0006B34FCA,K9
2014-08-02 21:35:26,000697CE1D,K28
2014-08-02 21:35:39,0006B2A1D2,K9
2014-08-02 21:36:04,0006B35971,K9
2014-08-02 21:36:17,0006B35DED,K9
2014-08-02 21:39:14,0006B35440,K28
2014-08-02 21:39:23,00065EBF3C,K28
2014-08-02 21:39:47,00065E61B2,K9
2014-08-02 21:39:54,0006B39900,K9
2014-08-02 21:39:54,00075B5876,K28
2014-08-02 21:40:12,0006B3900E,K9
2014-08-02 21:40:27,00075D8712,K28
2014-08-02 21:41:15,0006B294D3,K9
2014-08-02 21:41:59,00075D1338,K28
2014-08-03 05:06:31,0006B35971,K9
2014-08-03 05:06:54,00065E61B2,K9
2014-08-03 05:06:59,000697CE1D,K9
2014-08-03 05:07:11,000697CE1D,K9
2014-08-03 05:07:15,0006B39900,K9
2014-08-03 05:11:11,00061D4D10,K9
2014-08-03 05:12:03,000697CE1D,K9
2014-08-03 05:15:10,0006B3900E,K9
2014-08-03 05:16:20,00074F0832,K9
2014-08-03 05:17:37,0006B35DED,K9
2014-08-03 05:17:44,00075B5876,K9
2014-08-03 05:17:57,0006B34FCA,K9
2014-08-03 05:18:58,0006B34F91,K9
2014-08-03 05:20:24,00075CE453,K9
2014-08-03 05:23:17,0006B35440,K9
2014-08-03 05:27:09,000697CE1D,K9
2014-08-03 05:30:42,00068E1A0D,K9
2014-08-03 05:34:29,0006B3775E,K9
2014-08-03 05:41:44,00074FA4F8,K9
2014-08-03 21:22:15,00061D4D10,K9
2014-08-03 21:28:37,00074FA4F8,K9
2014-08-03 21:30:20,000697CE1D,K9
2014-08-03 21:31:03,0006B3775E,K9
2014-08-03 21:31:21,0006B2A1D2,K9
2014-08-03 21:32:03,0006B35440,K9
2014-08-03 21:33:03,0006B34F91,K9
2014-08-03 21:33:17,0006B34FCA,K9
2014-08-03 21:33:59,00075D8712,K9
2014-08-03 21:34:24,0006B35DED,K9
2014-08-03 21:36:00,0006B3A093,K9
2014-08-03 21:36:13,00075CE453,K9
2014-08-03 21:37:06,0006B35971,K9
2014-08-03 21:38:44,00065E61B2,K9
2014-08-03 21:40:30,00068E1A0D,K9
2014-08-03 21:41:41,0006B39900,K9
2014-08-03 21:42:37,00075D1338,K9
2014-08-03 21:45:49,00075B5876,K9
2014-08-03 21:46:33,0006B294D3,K9
2014-08-03 21:47:44,0006B3900E,K9
2014-08-04 21:39:45,00075CE453,K8
2014-08-04 21:40:47,0006B35DED,K8
2014-08-04 21:44:16,00068E1A0D,K8
2014-08-04 21:44:22,0006B2A1D2,K8
2014-08-04 21:45:11,0006B3A093,K8
2014-08-04 21:45:57,0006B39900,K8
2014-08-04 21:47:42,00075D1338,K21
2014-08-04 21:52:20,00075B5876,K21
2014-08-04 21:53:06,0006B3900E,K21
2014-08-04 21:53:09,00075B5876,K21
2014-08-04 23:30:44,0006B3900E,K21
2014-08-05 00:22:16,0006B3900E,K21
2014-08-05 05:13:09,0006B35971,K21
2014-08-05 05:20:00,0006B34FCA,K21
2014-08-05 05:33:53,00074FA4F8,K21
2014-08-05 21:29:48,00074FA4F8,K21
2014-08-05 21:40:25,00075D8712,K21
2014-08-05 21:40:34,00075B5876,K21
2014-08-05 21:52:32,0006B3900E,K21
2014-08-05 23:25:36,0006B3900E,K21
2014-08-06 04:58:33,00061D4D10,K21
2014-08-06 05:15:01,0006B34FCA,K21
2014-08-06 05:15:59,00075B5876,K21
2014-08-06 05:17:18,00068E1A0D,K21
2014-08-06 05:18:18,00075D8712,K21
2014-08-06 05:20:09,000697CE1D,K21
2014-08-06 05:20:58,00075D1338,K21
2014-08-06 05:24:32,0006B3A093,K21
2014-08-06 05:26:39,0006B3A093,K21
2014-08-06 05:44:24,0006B3A093,K21
2014-08-06 21:24:45,00074FA4F8,K21
2014-08-06 21:25:37,0006B34FCA,K21
2014-08-06 21:30:15,00075CE453,K21
2014-08-06 21:31:34,00065EBF3C,K21
2014-08-06 21:35:41,00075D8712,K21
2014-08-06 21:36:02,00075D1338,K21
2014-08-06 21:37:14,0006B35440,K21
2014-08-06 21:38:07,00075B5876,K21
2014-08-06 21:39:54,0006B3900E,K21
2014-08-07 05:26:52,00075D8712,K21
2014-08-07 21:24:52,00075D8712,K21
2014-08-07 21:26:56,00075CE453,K21
2014-08-07 21:27:03,0006B35440,K21
2014-08-07 21:29:47,0006B2A1D2,K21
2014-08-07 21:34:22,00075B5876,K21
2014-08-07 21:35:44,00075D1338,K21
2014-08-07 21:38:43,0006B3A093,K21
2014-08-08 05:30:24,00065E61B2,K21
2014-08-08 05:30:43,00075B5876,K21
2014-08-08 21:13:57,00074F0832,K21
2014-08-08 21:14:12,000697CE1D,K21
2014-08-08 21:17:59,0006B34FCA,K21
2014-08-08 21:18:36,00074FA4F8,K8
2014-08-08 21:23:05,00075D8712,K21
2014-08-08 21:23:12,0006B3775E,K21
2014-08-08 21:24:24,00075CE453,K8
2014-08-08 21:25:38,00075B5876,K21
2014-08-08 21:25:50,0006B35971,K21
2014-08-08 21:27:53,0006B2A1D2,K8
2014-08-08 21:27:55,00075D1338,K21
2014-08-08 21:29:27,0006B35440,K21
2014-08-08 21:30:00,0006B294D3,K21
2014-08-08 21:34:21,0006B3900E,K21
2014-08-10 21:11:57,00075CE453,K28
2014-08-10 21:12:16,00075D8712,K28
2014-08-10 21:30:19,000697CE1D,K28
2014-08-10 21:31:12,00075B5876,K28
2014-08-10 21:31:36,0006B35971,K28
2014-08-10 21:31:55,0006B34F91,K28
2014-08-10 21:32:08,00074F0832,K28
2014-08-10 21:33:25,00075D1338,K28
2014-08-10 21:33:45,0006B34FCA,K28
2014-08-10 21:33:59,00061D4D10,K28
2014-08-10 21:34:18,00065E61B2,K28
2014-08-10 21:35:03,0006B39900,K28
2014-08-10 21:42:03,0006B294D3,K28
2014-08-10 21:44:57,0006B3900E,K28
2014-08-10 22:21:00,0006B3900E,K28
2014-08-10 22:53:14,00075B5876,K28
2014-08-10 22:58:15,0006B3900E,K28
2014-08-11 05:59:40,00075B5876,K28
2014-08-11 06:00:54,00075B5876,K28
2014-08-11 21:10:10,00075D8712,K17
2014-08-11 21:14:31,000697CE1D,K17
2014-08-11 21:17:37,00075B5876,K31
2014-08-11 21:20:05,00075CE453,K8
2014-08-11 21:20:34,00074F0832,K8
2014-08-11 21:20:34,0006B39900,K24
2014-08-11 21:20:45,00075D1338,K17
2014-08-11 21:20:55,0006B34F91,K17
2014-08-11 21:21:39,0006B35DED,K8
2014-08-11 21:23:34,00068E1A0D,K8
2014-08-11 21:23:46,0006B34FCA,K17
2014-08-11 21:24:22,0006B35971,K17
2014-08-11 21:24:34,00065EBF3C,K24
2014-08-11 21:24:40,00065E61B2,K17
2014-08-11 21:27:03,0006B35440,K8
2014-08-11 21:27:34,0006B3775E,K24
2014-08-11 21:30:36,0006B294D3,K24
2014-08-11 21:31:22,0006B3900E,K24
2014-08-11 23:52:27,00075B5876,K17
2014-08-11 23:53:00,0006B34FCA,K17
2014-08-11 23:53:08,00075B5876,K17
2014-08-12 00:14:51,0006B34FCA,K17
2014-08-12 00:14:58,00075B5876,K17
2014-08-12 00:39:09,00075B5876,K17
2014-08-12 00:55:47,00075B5876,K17
2014-08-12 01:10:59,00075B5876,K17
2014-08-12 01:26:51,00075D1338,K17
2014-08-12 01:34:33,00075B5876,K17
2014-08-12 01:34:56,00075D1338,K17
2014-08-12 01:40:50,00075D1338,K17
2014-08-12 01:56:17,00075D1338,K17
2014-08-12 02:01:28,00075B5876,K17
2014-08-12 02:23:57,00075B5876,K17
2014-08-12 02:59:58,00075B5876,K17
2014-08-12 03:00:14,00074F0832,K17
2014-08-12 03:04:46,00074F0832,K17
2014-08-12 03:04:56,00075B5876,K17
2014-08-12 03:16:50,00075B5876,K17
2014-08-12 03:28:50,00075B5876,K17
2014-08-12 03:32:37,00068E1A0D,K17
2014-08-12 03:35:29,00068E1A0D,K17
2014-08-12 03:46:14,00075B5876,K17
2014-08-12 03:58:27,000697CE1D,K17
2014-08-12 04:05:08,000697CE1D,K17
2014-08-12 04:16:38,00075B5876,K17
2014-08-12 04:21:15,00074FA4F8,K17
2014-08-12 04:24:21,00074FA4F8,K17
2014-08-12 04:41:25,00075B5876,K17
2014-08-12 05:01:19,00075B5876,K17
2014-08-12 05:12:43,00075B5876,K17
2014-08-12 05:22:22,00061D4D10,K24
2014-08-12 05:28:31,00074F0832,K17
2014-08-12 05:29:07,0006B35971,K17
2014-08-12 05:29:11,00065E61B2,K17
2014-08-12 05:30:26,0006B39900,K24
2014-08-12 05:30:28,0006B35440,K24
2014-08-12 05:30:49,0006B294D3,K24
2014-08-12 05:31:12,00065EBF3C,K24
2014-08-12 05:31:16,00075B5876,K17
2014-08-12 05:31:21,00068E1A0D,K24
2014-08-12 05:31:47,0006B35DED,K17
2014-08-12 05:31:50,0006B3775E,K24
2014-08-12 05:32:36,00074FA4F8,K17
2014-08-12 05:35:14,00075D8712,K17
2014-08-12 05:35:54,00068E1A0D,K24
2014-08-12 05:36:29,0006B34F91,K17
2014-08-12 05:37:02,00068E1A0D,K17
2014-08-12 05:38:58,000697CE1D,K17
2014-08-12 05:39:31,0006B3900E,K17
2014-08-12 05:40:01,0006B39900,K24
2014-08-12 05:41:23,00075CE453,K24
2014-08-12 05:41:28,0006B34FCA,K17
2014-08-12 05:42:53,0006B2A1D2,K24
2014-08-12 05:51:56,0006B39900,K24
2014-08-12 21:13:58,0006B39900,K24
2014-08-12 21:15:31,00074FA4F8,K17
2014-08-12 21:19:09,00075CE453,K24
2014-08-12 21:19:35,00075B5876,K17
2014-08-12 21:19:48,0006B3775E,K24
2014-08-12 21:20:23,0006B2A1D2,K17
2014-08-12 21:21:00,0006B35DED,K17
2014-08-12 21:21:08,00074F0832,K17
2014-08-12 21:22:26,0006B34FCA,K17
2014-08-12 21:23:29,0006B35440,K24
2014-08-12 21:23:39,00075B5876,K17
2014-08-12 21:24:05,00075D1338,K17
2014-08-12 21:24:48,0006B294D3,K24
2014-08-12 21:24:54,0006B35971,K17
2014-08-12 21:25:52,0006B34F91,K17
2014-08-12 21:26:03,00068E1A0D,K17
2014-08-12 21:26:04,00075D8712,K17
2014-08-12 21:26:32,00075B5876,K17
2014-08-12 21:27:04,0006B3A093,K24
2014-08-12 21:32:32,0006B3900E,K17
2014-08-12 21:58:13,00075B5876,K17
2014-08-12 21:59:42,00075B5876,K17
2014-08-12 22:13:24,00075B5876,K17
2014-08-12 22:48:08,00075B5876,K17
2014-08-12 22:52:06,00075B5876,K17
2014-08-12 22:52:24,00075B5876,K17
2014-08-12 23:39:20,00075B5876,K17
2014-08-12 23:39:50,00075B5876,K17
2014-08-13 00:28:38,00075B5876,K17
2014-08-13 00:40:31,00075B5876,K17
2014-08-13 01:32:19,00075B5876,K17
2014-08-13 01:37:09,0006B35DED,K17
2014-08-13 01:52:33,0006B35971,K17
2014-08-13 01:55:56,00075B5876,K17
2014-08-13 01:56:19,0006B35DED,K17
2014-08-13 01:56:30,0006B35971,K17
2014-08-13 02:24:28,0006B35DED,K17
2014-08-13 02:25:08,0006B35DED,K17
2014-08-13 02:46:55,0006B35DED,K17
2014-08-13 02:53:33,00075B5876,K17
2014-08-13 02:55:53,000697CE1D,K17
2014-08-13 03:04:17,0006B34F91,K17
2014-08-13 03:11:15,0006B34F91,K17
2014-08-13 03:12:21,000697CE1D,K17
2014-08-13 03:16:13,0006B3900E,K17
2014-08-13 03:27:05,0006B3900E,K17
2014-08-13 03:29:09,00075B5876,K17
2014-08-13 04:03:09,00075B5876,K17
2014-08-13 04:20:30,0006B3900E,K17
2014-08-13 04:34:00,0006B3900E,K17
2014-08-13 04:35:15,00075B5876,K17
2014-08-13 05:13:49,00075B5876,K17
2014-08-13 05:15:27,0006B294D3,K17
2014-08-13 05:16:25,00074F0832,K17
2014-08-13 05:18:32,0006B35DED,K17
2014-08-13 05:23:13,0006B35971,K17
2014-08-13 05:26:14,0006B3900E,K17
2014-08-13 05:27:06,0006B294D3,K17
2014-08-13 05:27:30,0006B35440,K17
2014-08-13 05:35:31,000697CE1D,K17
2014-08-13 05:35:37,0006B34FCA,K17
2014-08-13 05:37:40,00068E1A0D,K17
2014-08-13 05:37:57,0006B34F91,K17
2014-08-13 05:38:56,00065E61B2,K17
2014-08-13 05:39:11,0006B39900,K17
2014-08-13 05:39:28,00065EBF3C,K17
2014-08-13 05:39:39,00074FA4F8,K17
2014-08-13 05:39:53,0006B3775E,K17
2014-08-13 05:40:41,00075CE453,K17
2014-08-13 05:45:23,00075D8712,K17
2014-08-13 05:46:10,0006B3A093,K17
2014-08-13 05:46:30,00075CE453,K17
2014-08-13 05:47:44,0006B2A1D2,K17
2014-08-13 06:02:36,00075B5876,K17
2014-08-13 06:05:52,00075B5876,K17
2014-08-13 21:49:16,00075CE453,K17
2014-08-13 21:51:47,0006B35DED,K17
2014-08-13 21:53:08,00065E61B2,K17
2014-08-13 21:54:19,0006B3775E,K17
2014-08-13 21:55:01,0006B39900,K17
2014-08-13 21:56:39,0006B34F91,K17
2014-08-13 21:56:53,00075B5876,K17
2014-08-13 21:57:04,00075B5876,K17
2014-08-13 21:57:53,00075D8712,K17
2014-08-13 21:58:28,0006B35971,K17
2014-08-13 22:00:03,00074FA4F8,K17
2014-08-13 22:02:10,0006B2A1D2,K17
2014-08-13 22:02:51,00074F0832,K17
2014-08-13 22:03:00,0006B34FCA,K17
2014-08-13 22:03:49,0006B35440,K17
2014-08-13 22:03:54,0006B294D3,K17
2014-08-13 22:05:06,0006B3A093,K17
2014-08-13 22:05:13,00065EBF3C,K17
2014-08-13 22:05:35,00075D1338,K17
2014-08-13 22:07:27,00061D4D10,K17
2014-08-13 22:10:04,00075B5876,K17
2014-08-13 22:10:25,0006B3900E,K17
2014-08-13 22:52:45,00074F0832,K17
2014-08-13 23:08:27,00074F0832,K17
2014-08-13 23:22:41,00075D1338,K17
2014-08-13 23:22:52,00075D1338,K17
2014-08-13 23:23:20,00075D1338,K17
2014-08-13 23:35:31,00075D1338,K17
2014-08-14 21:44:51,0006B39900,K24
2014-08-15 00:02:08,0006B35DED,K17
2014-08-15 05:33:44,0006B34F91,K17
2014-08-15 05:34:01,0006B34F91,K17
2014-08-15 05:40:58,0006B3900E,K17
2014-08-15 05:41:32,0006B39900,K17
2014-08-15 05:41:40,0006B3775E,K17
2014-08-15 05:41:47,0006B34FCA,K17
2014-08-15 05:44:28,0006B34F91,K17
2014-08-15 05:45:40,00075D1338,K17
2014-08-15 05:49:49,00075D8712,K17
2014-08-15 21:15:59,0006B39900,K17
2014-08-15 21:23:24,0006B34F91,K17
2014-08-15 21:24:13,00075D8712,K17
2014-08-15 21:24:19,0006B3775E,K17
2014-08-15 21:26:24,00075B5876,K17
2014-08-15 21:27:58,00075D1338,K17
2014-08-15 21:32:24,0006B34FCA,K17
2014-08-15 21:35:19,00075CE453,K17
2014-08-15 21:38:45,0006B3900E,K17
2014-08-15 22:42:14,00075B5876,K17
2014-08-15 22:55:18,00075B5876,K17
2014-08-15 23:26:54,000697CE1D,K17
2014-08-15 23:31:18,0006B34FCA,K17
2014-08-15 23:41:41,000697CE1D,K17
2014-08-15 23:41:49,0006B34FCA,K17
2014-08-16 00:02:57,0006B3900E,K17
2014-08-16 00:28:33,0006B3900E,K17
2014-08-16 01:43:08,0006B35DED,K17
2014-08-16 21:03:27,00075CE453,K24
2014-08-16 21:07:35,00068E1A0D,K24
2014-08-16 21:09:53,0006B39900,K24
2014-08-16 21:10:48,0006B35440,K24
2014-08-16 21:12:20,0006B2A1D2,K24
2014-08-16 21:12:24,0006B35971,K24
2014-08-16 21:13:35,00074F0832,K24
2014-08-16 21:14:07,00074FA4F8,K24
2014-08-16 21:15:56,000697CE1D,K24
2014-08-16 21:16:12,0006B35DED,K24
2014-08-16 21:16:55,0006B3775E,K24
2014-08-16 21:19:18,00065EBF3C,K24
2014-08-16 21:20:49,00075B5876,K24
2014-08-16 21:21:00,00075D1338,K24
2014-08-16 21:22:43,00075D8712,K24
2014-08-16 21:23:10,00065E61B2,K24
2014-08-16 21:26:10,0006B34FCA,K24
2014-08-16 21:30:31,0006B3900E,K24
2014-08-16 21:31:16,0006B3A093,K24
2014-08-17 02:00:46,0006B35DED,K24
2014-08-17 19:37:24,00075D1338,K9
2014-08-17 20:53:28,00074FA4F8,K9
2014-08-17 21:04:13,00074F0832,K9
2014-08-17 21:08:38,0006B39900,K9
2014-08-17 21:09:45,00075CE453,K9
2014-08-17 21:11:41,00075B5876,K9
2014-08-17 21:13:35,00065EBF3C,K9
2014-08-17 21:15:42,00075D8712,K9
2014-08-17 21:15:45,00075D1338,K9
2014-08-17 21:18:05,0006B2A1D2,K9
2014-08-17 21:18:29,0006B34F91,K9
2014-08-17 21:19:27,0006B294D3,K9
2014-08-17 21:19:53,0006B34FCA,K9
2014-08-17 21:20:12,0006B35440,K9
2014-08-17 21:20:23,00068E1A0D,K9
2014-08-17 21:20:47,00065E61B2,K9
2014-08-17 21:21:28,0006B3900E,K9
2014-08-17 21:23:37,0006B3A093,K9
2014-08-18 05:31:40,0006B39900,K9
2014-08-18 05:32:07,00075D1338,K9
2014-08-18 05:34:27,0006B34FCA,K9
2014-08-18 05:36:39,00074FA4F8,K9
2014-08-18 05:37:09,00074FA4F8,K9
2014-08-18 05:37:18,00068E1A0D,K9
2014-08-18 05:37:35,0006B35440,K9
2014-08-18 05:41:55,00075B5876,K9
2014-08-18 05:47:41,00075D8712,K9
2014-08-18 05:52:52,00075CE453,K9
2014-08-18 05:54:00,0006B34F91,K9
2014-08-18 05:54:47,0006B2A1D2,K9
2014-08-18 06:10:23,00075CE453,K9
2014-08-18 21:16:14,00075CE453,K9
2014-08-18 21:17:22,00075D8712,K9
2014-08-18 21:19:19,00074FA4F8,K9
2014-08-18 21:19:50,0006B34F91,K9
2014-08-18 21:20:46,0006B39900,K9
2014-08-18 21:20:53,000697CE1D,K19
2014-08-18 21:20:57,00075B5876,K9
2014-08-18 21:21:23,0006B35DED,K19
2014-08-18 21:22:11,00075D1338,K9
2014-08-18 21:22:33,00074F0832,K9
2014-08-18 21:22:53,0006B3A093,K9
2014-08-18 21:23:49,00068E1A0D,K9
2014-08-18 21:24:49,00065EBF3C,K19
2014-08-18 21:25:33,0006B35971,K9
2014-08-18 21:26:58,0006B3775E,K19
2014-08-18 21:28:40,00065E61B2,K9
2014-08-18 21:28:54,0006B34FCA,K9
2014-08-18 21:30:01,0006B3900E,K9
2014-08-18 21:30:37,0006B35440,K9
2014-08-18 21:31:34,0006B2A1D2,K9
2014-08-18 21:35:47,0006B294D3,K9
2014-08-19 01:52:30,00074F0832,K19
2014-08-19 01:52:45,00074F0832,K19
2014-08-19 02:53:59,0006B35DED,K19
2014-08-19 03:29:55,0006B35DED,K19
2014-08-19 04:06:24,0006B35DED,K19
2014-08-19 05:06:51,0006B35971,K19
2014-08-19 05:08:08,00074F0832,K19
2014-08-19 05:14:49,0006B39900,K19
2014-08-19 05:14:59,0006B3900E,K19
2014-08-19 05:16:50,00061D4D10,K19
2014-08-19 05:16:52,0006B35440,K19
2014-08-19 05:18:03,00065EBF3C,K19
2014-08-19 05:18:24,00075B5876,K19
2014-08-19 05:19:20,0006B3775E,K19
2014-08-19 05:19:43,0006B294D3,K19
2014-08-19 05:22:00,00075D1338,K19
2014-08-19 05:23:39,00074FA4F8,K19
2014-08-19 05:24:16,00068E1A0D,K19
2014-08-19 05:24:53,0006B34F91,K19
2014-08-19 05:28:10,0006B34FCA,K19
2014-08-19 05:29:16,00075D8712,K19
2014-08-19 21:01:18,0006B35DED,K19
2014-08-19 21:08:47,0006B39900,K19
2014-08-19 21:11:04,0006B35971,K19
2014-08-19 21:12:23,00075B5876,K19
2014-08-19 21:13:04,00074FA4F8,K19
2014-08-19 21:13:24,0006B3775E,K19
2014-08-19 21:13:55,00065E61B2,K19
2014-08-19 21:15:18,00068E1A0D,K19
2014-08-19 21:15:22,00075D1338,K19
2014-08-19 21:17:49,00075D8712,K19
2014-08-19 21:17:54,00074F0832,K19
2014-08-19 21:18:18,00061D4D10,K19
2014-08-19 21:18:35,0006B34F91,K19
2014-08-19 21:19:27,00075CE453,K19
2014-08-19 21:21:52,0006B35440,K19
2014-08-19 21:25:51,0006B3900E,K19
2014-08-19 21:25:57,0006B3A093,K19
2014-08-19 21:26:30,0006B294D3,K19
2014-08-20 02:20:05,000697CE1D,K19
2014-08-20 02:38:22,0006B34FCA,K19
2014-08-20 02:39:58,000697CE1D,K19
2014-08-20 03:28:45,000697CE1D,K19
2014-08-20 03:28:54,00075B5876,K19
2014-08-20 03:29:47,00075B5876,K19
2014-08-20 03:30:27,00075B5876,K19
2014-08-20 03:31:30,00075B5876,K19
2014-08-20 03:40:24,000697CE1D,K19
2014-08-20 04:31:34,0006B35DED,K19
2014-08-20 04:41:57,000697CE1D,K19
2014-08-20 04:48:31,0006B3900E,K19
2014-08-20 04:57:48,00074F0832,K19
2014-08-20 04:59:56,0006B3900E,K19
2014-08-20 05:03:26,00061D4D10,K19
2014-08-20 05:06:24,0006B39900,K19
2014-08-20 05:08:18,00075B5876,K19
2014-08-20 05:11:09,0006B35971,K19
2014-08-20 05:26:19,00068E1A0D,K19
2014-08-20 05:27:36,0006B294D3,K19
2014-08-20 05:28:05,0006B3775E,K19
2014-08-20 05:30:24,00075D8712,K19
2014-08-20 05:37:16,0006B3900E,K19
2014-08-20 05:37:32,0006B34F91,K19
2014-08-20 05:37:39,00075D1338,K19
2014-08-20 05:38:13,0006B35440,K19
2014-08-20 05:50:36,0006B3A093,K19
2014-08-20 05:51:20,00074FA4F8,K19
2014-08-20 20:57:46,00075B5876,K19
2014-08-20 20:59:55,00075D1338,K19
2014-08-20 21:11:23,00075D8712,K19
2014-08-21 21:05:31,00065EBF3C,K19
2014-08-21 21:06:47,0006B39900,K19
2014-08-21 21:07:31,00074FA4F8,K19
2014-08-21 21:07:39,00075B5876,K19
2014-08-21 21:08:27,000697CE1D,K19
2014-08-21 21:08:47,0006B3775E,K19
2014-08-21 21:09:25,00061D4D10,K19
2014-08-21 21:10:58,00074F0832,K19
2014-08-21 21:11:29,00075CE453,K19
2014-08-21 21:12:33,0006B35971,K19
2014-08-21 21:12:43,0006B35DED,K19
2014-08-21 21:12:54,00068E1A0D,K19
2014-08-21 21:13:25,0006B35440,K19
2014-08-21 21:16:16,00075D8712,K19
2014-08-21 21:16:23,00075D1338,K19
2014-08-21 21:16:29,0006B2A1D2,K19
2014-08-21 21:17:37,0006B34FCA,K19
2014-08-21 21:18:01,00065E61B2,K19
2014-08-21 21:19:02,0006B294D3,K19
2014-08-21 21:23:18,0006B34F91,K19
2014-08-21 21:27:40,0006B3900E,K19
2014-08-22 00:18:44,000697CE1D,K19
2014-08-22 00:18:55,00075B5876,K19
2014-08-22 00:19:32,00075B5876,K19
2014-08-22 00:23:27,000697CE1D,K19
2014-08-22 05:01:26,0006B35DED,K19
2014-08-22 05:06:28,00074F0832,K19
2014-08-22 05:09:27,00074F0832,K19
2014-08-22 05:11:13,0006B35DED,K19
2014-08-22 21:01:11,0006B39900,K8
2014-08-22 21:01:21,00074FA4F8,K8
2014-08-22 21:02:12,00075CE453,K8
2014-08-22 21:03:45,0006B35971,K8
2014-08-22 21:03:59,00075D8712,K8
2014-08-22 21:05:25,000697CE1D,K8
2014-08-22 21:06:04,0006B2A1D2,K8
2014-08-22 21:07:41,00065EBF3C,K8
2014-08-22 21:09:10,0006B35DED,K8
2014-08-22 21:10:03,00075B5876,K8
2014-08-22 21:10:09,00075D1338,K8
2014-08-22 21:10:35,0006B3775E,K8
2014-08-22 21:11:59,00074F0832,K8
2014-08-22 21:12:59,0006B3A093,K8
2014-08-22 21:13:03,0006B35440,K8
2014-08-22 21:13:32,0006B34FCA,K8
2014-08-22 21:13:46,0006B294D3,K8
2014-08-22 21:21:05,0006B3900E,K8
2014-08-23 03:08:21,00074F0832,K8
2014-08-23 03:08:38,00074F0832,K8
2014-08-23 05:26:02,0006B35440,K8
2014-08-23 05:28:39,00075D8712,K8
2014-08-23 05:29:05,0006B35440,K8
2014-08-23 05:31:03,00075D8712,K8
2014-08-23 05:31:11,0006B294D3,K8
2014-08-23 05:33:58,00075B5876,K8
2014-08-23 05:34:06,00075CE453,K8
2014-08-23 05:34:11,00075D1338,K8
2014-08-23 05:34:24,00075D8712,K8
2014-08-23 05:35:25,00061D4D10,K8
2014-08-23 05:35:38,00061D4D10,K8
2014-08-23 05:39:09,00074F0832,K8
2014-08-23 05:44:30,0006B3900E,K8
2014-08-23 05:49:27,0006B34FCA,K8
2014-08-23 05:49:59,00065EBF3C,K8
2014-08-23 05:50:12,0006B39900,K8
2014-08-23 05:53:05,00068E1A0D,K8
2014-08-23 05:54:20,0006B35440,K8
2014-08-23 06:01:49,0006B34F91,K8
2014-08-23 06:02:09,0006B34F91,K8
2014-08-23 06:04:44,00074FA4F8,K8
2014-08-23 20:56:15,00074FA4F8,K8
2014-08-23 21:00:53,00075B5876,K8
2014-08-23 21:02:20,00075D8712,K8
2014-08-23 21:02:31,000697CE1D,K8
2014-08-23 21:07:30,00075CE453,K8
2014-08-23 21:08:08,0006B3775E,K8
2014-08-23 21:10:49,0006B39900,K8
2014-08-23 21:11:01,0006B35DED,K8
2014-08-23 21:12:51,0006B35DED,K8
2014-08-23 21:13:53,0006B34FCA,K8
2014-08-23 21:14:05,00065E61B2,K8
2014-08-23 21:15:38,0006B35971,K8
2014-08-23 21:15:58,0006B35440,K8
2014-08-23 21:18:45,0006B294D3,K8
2014-08-23 21:18:57,0006B2A1D2,K8
2014-08-23 21:18:59,000697A0CF,K8
2014-08-23 21:19:08,0006B34F91,K8
2014-08-23 21:20:36,0006B3A093,K8
2014-08-23 21:21:03,00075D1338,K8
2014-08-23 21:23:18,0006B3900E,K8
2014-08-23 22:03:51,0006CC2E5A,K8
2014-08-23 22:05:42,0006CC2E5A,K8
2014-08-24 05:05:24,0006B294D3,K8
2014-08-24 05:09:13,000697CE1D,K8
2014-08-24 05:16:07,00074F0832,K8
2014-08-24 05:20:43,00061D4D10,K8
2014-08-24 05:20:58,00061D4D10,K8
2014-08-24 05:23:43,0006B34FCA,K8
2014-08-24 05:31:29,0006B3900E,K8
2014-08-24 05:33:39,0006B3900E,K8
2014-08-24 05:33:47,00065EBF3C,K8
2014-08-24 05:33:55,00068E1A0D,K8
2014-08-24 05:34:32,00068E1A0D,K8
2014-08-24 05:34:55,00075B5876,K8
2014-08-24 05:35:14,00075B5876,K8
2014-08-24 05:35:29,00075D8712,K8
2014-08-24 05:36:06,00075D1338,K8
2014-08-24 05:37:17,0006B39900,K8
2014-08-24 05:37:30,0006B35971,K8
2014-08-24 05:38:25,0006B35440,K8
2014-08-24 05:40:30,00065E61B2,K8
2014-08-24 05:40:55,0006B34F91,K8
2014-08-24 05:41:00,00074FA4F8,K8
2014-08-24 21:06:26,00075CE453,K8
2014-08-24 21:06:49,00074FA4F8,K8
2014-08-24 21:07:06,0006B39900,K8
2014-08-24 21:08:01,000697CE1D,K8
2014-08-24 21:08:02,0006B294D3,K8
2014-08-24 21:09:19,00075B5876,K8
2014-08-24 21:10:05,00075D1338,K8
2014-08-24 21:13:18,0006B35971,K8
2014-08-24 21:14:07,00068E1A0D,K8
2014-08-24 21:14:25,0006B3775E,K8
2014-08-24 21:15:16,00065EBF3C,K8
2014-08-24 21:15:34,0006B35DED,K8
2014-08-24 21:16:15,00065E61B2,K8
2014-08-24 21:16:32,00075D8712,K8
2014-08-24 21:18:50,00074F0832,K8
2014-08-24 21:19:32,0006B34FCA,K8
2014-08-24 21:20:00,0006B3900E,K8
2014-08-24 21:20:23,0006B3A093,K8
2014-08-25 12:59:20,00075CE453,K7
2014-08-25 12:59:31,00075CE453,K7
2014-08-25 12:59:44,00075CE453,K7
2014-08-25 12:59:55,00075CE453,K7
2014-08-25 21:06:39,00075CE453,K7
2014-08-25 21:06:49,0006B39900,K20
2014-08-25 21:08:14,00075D8712,K7
2014-08-25 21:09:35,0006B34F91,K7
2014-08-25 21:09:46,0006B35440,K7
2014-08-25 21:10:50,00065E61B2,K7
2014-08-25 21:10:50,00075B5876,K20
2014-08-25 21:14:32,0006B3900E,K7
2014-08-25 21:15:24,00068E1A0D,K20
2014-08-25 21:15:38,00074F0832,K20
2014-08-25 21:15:41,00061D4D10,K20
2014-08-25 21:16:34,0006B35971,K20
2014-08-25 21:19:57,0006B294D3,K20
2014-08-25 21:20:35,0006B3A093,K20
2014-08-25 21:20:57,0006B34FCA,K20
2014-08-25 21:21:45,0006B2A1D2,K20
2014-08-26 00:16:21,0006B240A2,K7
2014-08-26 00:16:32,0006B240A2,K7
2014-08-26 02:09:57,00075B5876,K20
2014-08-26 02:10:20,00075B5876,K20
2014-08-26 02:10:40,00075B5876,K20
2014-08-26 02:11:17,00075B5876,K20
2014-08-27 03:01:52,00075B5876,K20
2014-08-28 11:43:10,00075D8712,K20
2014-08-28 20:49:02,00075CE453,K20
2014-08-28 20:51:36,0006B39900,K20
2014-08-28 20:54:50,00075B5876,K20
2014-08-28 20:55:37,00074F0832,K20
2014-08-28 20:55:43,00068E1A0D,K20
2014-08-28 20:56:27,0006B3775E,K20
2014-08-28 20:56:44,0006B35971,K20
2014-08-28 20:58:14,0006B35DED,K20
2014-08-28 20:59:25,0006B3A093,K20
2014-08-28 20:59:40,0006B3A093,K20
2014-08-28 20:59:43,0006B294D3,K20
2014-08-28 20:59:50,0006B35440,K20
2014-08-28 20:59:59,00075D1338,K20
2014-08-28 21:00:14,000697CE1D,K20
2014-08-28 21:01:30,00075D8712,K20
2014-08-28 21:01:59,00074FA4F8,K20
2014-08-28 21:03:37,0006B34F91,K20
2014-08-28 21:04:18,00065E61B2,K20
2014-08-28 21:06:12,0006B34FCA,K20
2014-08-28 21:11:51,0006B3900E,K20
2014-08-28 23:49:29,0006B240A2,K20
2014-08-28 23:50:02,0006B240A2,K20
2014-08-28 23:50:26,0006B240A2,K20
2014-08-28 23:50:37,0006B240A2,K20
2014-08-28 23:51:37,0006B240A2,K20
2014-08-28 23:51:48,0006B240A2,K20
2014-08-29 00:15:31,0006B240A2,K20
2014-08-29 00:16:13,0006B240A2,K20
2014-08-29 02:25:26,0006B240A2,K20
2014-08-29 02:38:51,0006B240A2,K20
2014-08-29 02:39:02,0006B240A2,K20
2014-08-29 02:39:13,0006B240A2,K20
2014-08-29 02:39:24,0006B240A2,K20
2014-08-29 02:39:35,0006B240A2,K20
2014-08-29 02:39:46,0006B240A2,K20
2014-08-29 02:39:57,0006B240A2,K20
2014-08-29 02:40:08,0006B240A2,K20
2014-08-29 02:40:19,0006B240A2,K20
2014-08-29 02:40:30,0006B240A2,K20
2014-08-29 02:40:41,0006B240A2,K20
2014-08-29 02:40:52,0006B240A2,K20
2014-08-29 02:41:03,0006B240A2,K20
2014-08-29 05:20:48,0006B240A2,K20
2014-08-29 05:21:48,0006B240A2,K20
2014-08-29 05:21:59,0006B240A2,K20
2014-08-29 20:42:20,00075CE453,K9
2014-08-29 20:43:00,0006B39900,K9
2014-08-29 20:43:33,00075B5876,K9
2014-08-29 20:43:45,00065E61B2,K9
2014-08-29 20:48:01,0006B3775E,K9
2014-08-29 20:48:09,00074FA4F8,K9
2014-08-29 20:48:22,00061D4D10,K9
2014-08-29 20:50:20,00074F0832,K9
2014-08-29 20:50:35,0006B34FCA,K9
2014-08-29 20:50:44,0006B2A1D2,K9
2014-08-29 20:51:29,0006B3900E,K9
2014-08-29 20:52:45,00075D8712,K9
2014-08-29 20:52:49,0006B35971,K9
2014-08-29 20:53:48,00075D1338,K9
2014-08-29 20:54:14,000697A0CF,K9
2014-08-29 20:54:19,0006B294D3,K9
2014-08-29 20:54:43,0006B34F91,K9
2014-08-29 20:54:54,0006B35DED,K9
2014-08-29 20:56:04,0006B35440,K9
2014-08-30 05:31:34,00074F0832,K9
2014-08-30 05:40:50,0006B39900,K9
2014-08-30 05:44:39,00061D4D10,K9
2014-08-30 05:54:00,0006B35440,K9
2014-08-30 05:57:20,0006B3A093,K9
2014-08-30 05:57:25,00075B5876,K9
2014-08-30 05:57:55,0006B34F91,K9
2014-08-30 06:00:35,00075CE453,K9
2014-08-30 06:03:55,00074FA4F8,K9
2014-08-30 06:04:20,0006B34FCA,K9
2014-08-31 21:04:58,00075CE453,K7
2014-09-01 05:52:13,00075D1338,K7
2014-09-01 05:54:27,00075D1338,K7
2014-09-01 20:56:06,00075CE453,K7
2014-09-01 20:59:56,0006B35971,K7
2014-09-01 21:02:19,00075D1338,K7
2014-09-02 20:39:36,00075B5876,K235
2014-09-02 20:42:24,00074FA4F8,K235
2014-09-02 20:44:15,00061D4D10,K235
2014-09-02 20:45:28,00075CE453,K235
2014-09-02 20:45:50,000697CE1D,K235
2014-09-02 20:45:59,00065EBF3C,K235
2014-09-02 20:47:50,0006B35DED,K28
2014-09-02 20:49:06,0006B39900,K28
2014-09-02 20:50:02,0006B3775E,K28
2014-09-02 20:50:52,0006B35440,K28
2014-09-02 20:51:44,00075D8712,K235
2014-09-02 20:51:50,0006B3900E,K28
2014-09-02 20:51:56,00074F0832,K235
2014-09-02 20:52:02,0006B34FCA,K235
2014-09-02 20:52:23,0006B3A093,K28
2014-09-02 20:53:42,00075D1338,K235
2014-09-02 20:53:59,00068E1A0D,K235
2014-09-02 22:05:10,0006B3900E,K28
2014-09-02 22:05:51,0006B3900E,K28
2014-09-03 05:53:28,0006B2A1D2,K28
2014-09-03 05:54:34,00075CE453,K28
2014-09-03 05:54:56,0006B2A1D2,K28
2014-09-03 05:59:21,0006B39900,K28
2014-09-03 06:02:03,0006B3A093,K28
2014-09-03 06:02:37,00075D8712,K28
2014-09-03 06:02:44,0006B3900E,K28
2014-09-03 06:03:34,00065EBF3C,K235
2014-09-03 06:04:03,0006B34F91,K235
2014-09-03 06:04:15,0006B35971,K235
2014-09-03 06:11:02,00074FA4F8,K28
2014-09-03 06:34:15,0006B2A1D2,K28
2014-09-03 06:34:45,00075CE453,K28
2014-09-03 06:38:34,00075D1338,K28
2014-09-03 17:28:17,00075CE453,K235
2014-09-03 17:47:20,00075D1338,K235
2014-09-03 20:52:17,00075B5876,K28
2014-09-03 20:52:43,00074FA4F8,K28
2014-09-03 20:53:09,0006B39900,K28
2014-09-03 20:55:11,0006B3775E,K28
2014-09-03 20:55:23,0006B35971,K235
2014-09-03 20:58:08,00075D1338,K235
2014-09-03 20:59:19,0006B35DED,K28
2014-09-03 20:59:30,0006B35440,K28
2014-09-03 21:00:57,00075D8712,K28
2014-09-03 21:01:01,00074F0832,K28
2014-09-03 21:01:07,00075CE453,K235
2014-09-03 21:01:35,0006B2A1D2,K235
2014-09-03 21:02:20,0006B34FCA,K235
2014-09-03 21:02:42,0006B3A093,K28
2014-09-03 21:03:05,0006B294D3,K28
2014-09-03 21:03:38,0006B3900E,K28
2014-09-04 01:03:21,0006B240A2,K28
2014-09-04 01:03:42,0006B240A2,K28
2014-09-04 06:11:26,0006B2A1D2,K235
2014-09-04 06:17:39,00065EBF3C,K235
2014-09-04 06:17:40,0006B34F91,K235
2014-09-04 06:18:49,0006B35971,K235
2014-09-04 06:22:37,0006B34FCA,K235
2014-09-04 06:22:41,000697CE1D,K235
2014-09-04 06:24:18,00075D1338,K235
2014-09-04 06:28:22,0006B35971,K235
2014-09-04 06:28:25,00075D1338,K235
2014-09-04 20:34:25,0006B34F91,K235
2014-09-04 20:35:32,00075CE453,K17
2014-09-04 20:35:55,0006B2A1D2,K17
2014-09-04 20:37:22,00074FA4F8,K17
2014-09-04 20:37:55,000697CE1D,K17
2014-09-04 20:38:42,0006B35440,K17
2014-09-04 20:39:31,0006B39900,K17
2014-09-04 20:42:58,0006B3900E,K17
2014-09-04 20:43:46,0006B34FCA,K17
2014-09-04 20:44:33,00075B5876,K17
2014-09-04 20:45:27,00075D1338,K17
2014-09-04 20:46:07,00075B5876,K17
2014-09-04 20:47:33,0006B35971,K17
2014-09-04 20:49:44,00075D8712,K17
2014-09-05 04:48:46,0006B3900E,K17
2014-09-05 05:49:40,0006B3900E,K17
2014-09-05 05:53:49,0006B39900,K17
2014-09-05 06:03:25,0006B34FCA,K17
2014-09-05 06:04:26,00075CE453,K17
2014-09-05 06:06:39,0006B34F91,K17
2014-09-05 06:08:21,0006B35971,K17
2014-09-05 06:08:46,00075D8712,K17
2014-09-05 06:11:11,000697CE1D,K17
2014-09-05 06:13:37,00068E1A0D,K17
2014-09-05 06:15:05,0006B3900E,K17
2014-09-05 06:16:11,00075B5876,K17
2014-09-05 20:28:01,00065EBF3C,K17
2014-09-05 20:28:30,00075CE453,K17
2014-09-05 20:35:12,00068E1A0D,K17
2014-09-05 20:36:25,00075B5876,K17
2014-09-05 20:36:32,00065E61B2,K17
2014-09-05 20:36:34,0006B35971,K17
2014-09-05 20:36:44,00075D1338,K17
2014-09-05 20:38:03,00075D8712,K17
2014-09-05 20:40:34,0006B34FCA,K17
2014-09-05 20:41:44,0006B3900E,K17
2014-09-05 20:41:50,0006B35DED,K17
2014-09-05 20:44:18,0006B2A1D2,K17
2014-09-05 20:44:49,0006B34F91,K17
2014-09-05 20:45:26,0006B294D3,K17
2014-09-05 20:45:47,0006B3A093,K17
2014-09-06 06:01:27,00074F0832,K17
2014-09-06 06:02:06,0006B39900,K17
2014-09-06 06:02:19,000697CE1D,K17
2014-09-06 06:03:20,0006B35971,K17
2014-09-06 06:03:48,0006B3900E,K17
2014-09-06 06:05:45,0006B3A093,K17
2014-09-06 06:06:01,0006B34FCA,K17
2014-09-06 06:06:06,00074FA4F8,K17
2014-09-06 06:07:29,00075B5876,K17
2014-09-06 06:17:10,0006B34F91,K17
2014-09-06 06:26:56,00075D8712,K17
2014-09-06 20:26:48,00061D4D10,K17
2014-09-06 20:28:02,00074FA4F8,K17
2014-09-06 20:32:00,00074F0832,K17
2014-09-06 20:32:24,00075D8712,K17
2014-09-06 20:32:33,00075CE453,K17
2014-09-06 20:35:02,00075D1338,K17
2014-09-06 20:35:07,000697CE1D,K17
2014-09-06 20:35:25,0006B39900,K17
2014-09-06 20:38:32,00075B5876,K17
2014-09-06 20:39:38,0006B35440,K17
2014-09-06 20:39:43,0006B294D3,K17
2014-09-06 20:41:05,0006B3900E,K17
2014-09-06 20:43:56,0006B34FCA,K17
2014-09-06 20:44:06,0006B3A093,K17
2014-09-07 03:42:21,0006B34FCA,K17
2014-09-07 03:53:05,0006B34FCA,K17
2014-09-07 04:08:16,0006CC3461,K17
2014-09-07 04:09:12,0006CC3461,K17
2014-09-07 04:21:26,0006B35DED,K17
2014-09-07 06:06:05,00075B5876,K17
2014-09-07 06:07:18,000697CE1D,K17
2014-09-07 06:07:27,00075D1338,K17
2014-09-07 06:07:55,00061D4D10,K17
2014-09-07 06:09:54,0006B34F91,K17
2014-09-07 06:10:02,00074FA4F8,K17
2014-09-07 06:17:38,0006B39900,K17
2014-09-07 06:18:00,0006B3900E,K17
2014-09-07 06:18:36,00075D8712,K17
2014-09-07 06:20:15,0006B35971,K17
2014-09-07 20:29:39,000697CE1D,K17
2014-09-07 20:32:03,00074F0832,K17
2014-09-07 20:32:49,00075D1338,K17
2014-09-07 20:32:57,00075B5876,K17
2014-09-07 20:33:08,0006B294D3,K17
2014-09-07 20:33:16,00075CE453,K17
2014-09-07 20:33:39,00074FA4F8,K17
2014-09-07 20:35:20,0006B3900E,K17
2014-09-07 20:35:35,0006B35440,K17
2014-09-07 20:35:38,00075D8712,K17
2014-09-07 20:35:41,0006B39900,K17
2014-09-07 20:36:18,0006B34FCA,K17
2014-09-07 20:38:43,0006B3A093,K17
2014-09-08 20:24:47,000697CE1D,K7
2014-09-08 20:26:27,00075CE453,K7
2014-09-08 20:27:14,00075B5876,K7
2014-09-08 20:29:16,0006B35DED,K7
2014-09-08 20:30:54,0006B34FCA,K7
2014-09-08 20:31:00,0006B3900E,K7
2014-09-08 20:31:50,0006B294D3,K7
2014-09-08 20:31:58,0006B35971,K7
2014-09-08 20:32:37,0006B39900,K7
2014-09-08 20:33:05,0006B35440,K7
2014-09-08 20:33:52,00075D1338,K7
2014-09-08 20:34:29,00074FA4F8,K7
2014-09-08 20:35:55,00075D8712,K7
2014-09-08 20:40:46,0006B3A093,K7
2014-09-09 02:16:14,0006B35DED,K7
2014-09-09 02:41:58,0006B35DED,K7
2014-09-09 04:00:59,0006B35DED,K7
2014-09-09 04:06:35,00075B5876,K7
2014-09-09 04:52:53,0006B35DED,K7
2014-09-09 06:00:47,0006B39900,K7
2014-09-09 06:05:57,0006B294D3,K7
2014-09-09 06:13:49,000697CE1D,K7
2014-09-09 06:18:40,0006B3900E,K7
2014-09-09 06:19:27,0006B35971,K7
2014-09-09 06:21:21,0006B34F91,K7
2014-09-09 06:24:17,00074F0832,K7
2014-09-09 06:27:08,0006B35440,K7
2014-09-09 20:28:35,00065EBF3C,K7
2014-09-09 20:29:09,00075D8712,K7
2014-09-09 20:29:20,0006B35DED,K7
2014-09-09 20:29:35,00075CE453,K7
2014-09-09 20:32:22,0006B35971,K7
2014-09-09 20:33:55,00075B5876,K7
2014-09-09 20:34:15,000697CE1D,K7
2014-09-09 20:36:14,0006B35440,K7
2014-09-09 20:36:16,00074F0832,K7
2014-09-09 20:36:28,0006B3900E,K7
2014-09-09 20:37:18,00075D1338,K7
2014-09-09 20:37:31,0006B294D3,K7
2014-09-09 20:37:54,0006B39900,K7
2014-09-09 20:39:18,0006B34F91,K7
2014-09-09 20:39:30,0006B34FCA,K7
2014-09-09 20:42:03,0006B3A093,K7
2014-09-09 20:42:33,0006B3A093,K7
2014-09-10 06:26:38,0006B35971,K7
2014-09-10 06:26:47,0006B35440,K7
2014-09-10 06:27:17,0006B3900E,K7
2014-09-10 06:28:44,00075CE453,K7
2014-09-10 20:31:27,00075D8712,K7
2014-09-10 20:36:04,00075D1338,K7
2014-09-10 20:36:11,0006B35971,K7
2014-09-10 20:37:06,00075B5876,K7
2014-09-10 20:37:24,00074FA4F8,K7
2014-09-10 20:37:43,00075CE453,K7
2014-09-10 20:42:12,0006B3900E,K7
2014-09-11 06:34:57,0006B3900E,K7
2014-09-11 20:34:58,00075B5876,K7
2014-09-11 20:35:30,00075D8712,K7
2014-09-11 20:45:51,0006B3900E,K7
2014-09-13 20:05:22,00075D8712,K7
2014-09-13 20:05:54,00075CE453,K7
2014-09-13 20:12:07,00075D1338,K7
2014-09-13 20:18:52,0006B3900E,K7
2014-09-14 04:50:07,0006B35DED,K7
2014-09-14 05:51:54,0006B35DED,K7
2014-09-14 06:13:22,0006B39900,K7
2014-09-14 06:14:05,00074F0832,K7
2014-09-14 06:17:11,00074F0832,K7
2014-09-14 06:18:44,000697CE1D,K7
2014-09-14 06:21:31,0006B3775E,K7
2014-09-14 06:23:47,0006B34FCA,K7
2014-09-14 06:24:48,00075CE453,K7
2014-09-14 06:25:08,00074FA4F8,K7
2014-09-14 06:27:24,00074F0832,K7
2014-09-14 06:27:30,00075D1338,K7
2014-09-14 06:36:28,0006B3900E,K7
2014-09-14 20:09:23,00074FA4F8,K7
2014-09-14 20:11:31,00075B5876,K7
2014-09-14 20:18:08,00075D1338,K7
2014-09-14 20:19:40,0006B35DED,K7
2014-09-14 20:20:46,00075CE453,K7
2014-09-14 20:23:26,0006B39900,K7
2014-09-14 20:23:33,0006B35440,K7
2014-09-14 20:23:38,00061D4D10,K7
2014-09-14 20:23:56,00074F0832,K7
2014-09-14 20:25:00,00075D8712,K7
2014-09-14 20:30:24,0006B3900E,K7
2014-09-14 20:31:20,0006B35971,K7
2014-09-14 20:32:27,000697CE1D,K7
2014-09-14 20:32:42,0006B34FCA,K7
2014-09-14 20:33:31,0006B3A093,K7
2014-09-15 04:41:17,0006B35DED,K7
2014-09-15 05:11:19,0006B35DED,K7
2014-09-15 06:15:18,0006B39900,K7
2014-09-15 06:16:58,0006B3A093,K7
2014-09-15 06:18:54,0006B3775E,K7
2014-09-15 06:21:57,000697CE1D,K7
2014-09-15 06:24:28,0006B34FCA,K7
2014-09-15 06:25:21,00075B5876,K7
2014-09-15 06:26:48,0006B35440,K7
2014-09-15 06:27:52,0006B34F91,K7
2014-09-15 06:28:08,00075D1338,K7
2014-09-15 06:28:14,00074FA4F8,K7
2014-09-15 06:41:23,0006B3900E,K7
2014-09-15 20:22:31,0006B35DED,K7
2014-09-15 20:23:10,00075D8712,K7
2014-09-15 20:24:47,000697CE1D,K7
2014-09-15 20:25:00,00074FA4F8,K7
2014-09-15 20:25:29,00075CE453,K7
2014-09-15 20:26:07,0006B3900E,K7
2014-09-15 20:26:39,00075D1338,K7
2014-09-15 20:27:14,00075B5876,K7
2014-09-15 20:30:44,0006B34F91,K7
2014-09-15 20:36:52,0006B34FCA,K7
2014-09-15 20:37:43,0006B3A093,K7
2014-09-15 22:07:37,0006B35440,K7
2014-09-15 22:23:04,0006B34F91,K7
2014-09-15 22:48:55,0006B35DED,K7
2014-09-15 22:49:33,0006B34F91,K7
2014-09-16 00:13:18,0006B3900E,K7
2014-09-16 00:14:09,0006B3900E,K7
2014-09-16 02:11:48,0006B34F91,K7
2014-09-16 02:12:16,0006B34F91,K7
2014-09-16 06:22:49,000697CE1D,K7
2014-09-16 06:27:25,0006B35440,K7
2014-09-16 06:27:33,00075D1338,K7
2014-09-16 06:29:39,0006B3900E,K7
2014-09-16 06:30:41,0006B34F91,K7
2014-09-16 20:16:46,0006B35DED,K7
2014-09-16 20:20:29,00075CE453,K7
2014-09-16 20:20:32,00075D1338,K7
2014-09-16 20:23:45,0006B3900E,K7
2014-09-16 20:24:20,0006B35971,K7
2014-09-16 20:24:31,00075B5876,K7
2014-09-16 20:25:06,00061D4D10,K7
2014-09-16 20:25:20,0006B35440,K7
2014-09-16 20:35:37,0006B34FCA,K25
2014-09-16 20:36:38,00074F0832,K25
2014-09-16 20:37:23,0006B3A093,K25
2014-09-17 05:49:43,000697CE1D,K7
2014-09-17 05:50:08,000697CE1D,K7
2014-09-17 05:58:02,000697CE1D,K7
2014-09-17 06:02:22,0006B39900,K7
2014-09-17 06:20:58,00074FA4F8,K25
2014-09-17 06:27:55,0006B3900E,K7
2014-09-17 20:08:09,00075CE453,K7
2014-09-17 20:08:43,00075D8712,K7
2014-09-17 20:14:02,0006B35440,K7
2014-09-17 20:15:48,0006B3900E,K7
2014-09-17 20:16:41,00075B5876,K7
2014-09-17 20:19:22,00074FA4F8,K25
2014-09-17 20:36:40,0006B3A093,K25
2014-09-18 06:28:53,0006B39900,K7
2014-09-18 06:31:59,000697CE1D,K7
2014-09-18 06:32:30,00074FA4F8,K25
2014-09-18 06:32:58,00075D1338,K25
2014-09-18 06:35:22,00075D1338,K25
2014-09-18 06:45:30,00074FA4F8,K25
2014-09-18 06:45:41,00074FA4F8,K25
2014-09-18 06:45:55,00074FA4F8,K25
2014-09-18 06:45:58,0006B3900E,K7
2014-09-18 20:06:05,00075B5876,K7
2014-09-18 20:06:46,00075D1338,K7
2014-09-18 20:09:29,0006B3900E,K7
2014-09-18 20:10:22,00074FA4F8,K25
2014-09-18 21:23:05,00075D1338,K25
2014-09-19 06:23:44,0006B39900,K7
2014-09-19 06:26:09,00074FA4F8,K7
2014-09-19 06:26:26,0006B35440,K7
2014-09-19 06:28:19,000697CE1D,K7
2014-09-19 06:28:34,00075CE453,K7
2014-09-19 06:33:01,0006B3900E,K7
2014-09-19 06:52:29,0006B3A093,K25
2014-09-19 06:52:40,0006B3A093,K25
2014-09-19 06:52:51,0006B3A093,K25
2014-09-19 06:53:02,0006B3A093,K25
2014-09-19 20:09:11,0006B35440,K7
2014-09-19 20:09:26,00075D1338,K7
2014-09-19 20:10:47,00075B5876,K7
2014-09-19 20:11:27,00074FA4F8,K7
2014-09-19 20:11:43,00075CE453,K7
2014-09-19 20:12:59,0006B3900E,K7
2014-09-19 20:14:51,0006B39900,K7
2014-09-20 06:36:46,0006B3900E,K7
2014-09-20 06:37:02,00075D1338,K7
2014-09-20 06:37:47,000697CE1D,K7
2014-09-20 06:43:13,00075D1338,K7
2014-09-20 06:43:24,00075D1338,K7
