date_time,id,box
2009-05-04 17:42:27,00065E632D,Unknown
2009-05-04 18:05:01,00065E632D,Unknown
2009-05-04 18:30:40,00065E632D,Unknown
2009-05-04 18:31:23,00065E632D,Unknown
2009-05-04 18:32:15,00065E632D,Unknown
2009-05-04 20:56:04,0006979BE8,Unknown
2009-05-04 20:56:05,0006979C67,Unknown
2009-05-04 20:56:15,0006979BE8,Unknown
2009-05-04 20:56:24,00068E0587,Unknown
2009-05-04 20:56:29,0006979BE8,Unknown
2009-05-04 20:56:35,00068E0587,Unknown
2009-05-04 20:57:03,00065D9BC6,Unknown
2009-05-04 20:57:09,00068E0587,Unknown
2009-05-04 21:04:06,00068E17E7,Unknown
2009-05-04 21:05:16,00068E3D73,Unknown
2009-05-04 21:11:30,00065D7D8B,Unknown
2009-05-04 21:11:34,00065D81D3,Unknown
2009-05-04 21:12:41,000697B0DE,Unknown
2009-05-04 21:12:49,00065DD7F6,Unknown
2009-05-04 21:14:32,00068E19F7,Unknown
2009-05-04 21:19:56,00068E1A46,Unknown
2009-05-04 21:20:01,00065EB019,Unknown
2009-05-04 21:21:42,000697C596,Unknown
2009-05-04 21:24:11,000644514C,Unknown
2009-05-04 21:24:25,0006242035,Unknown
2009-05-04 21:25:21,00065EC1B3,Unknown
2009-05-04 21:27:52,000697C596,Unknown
2009-05-04 21:28:04,00060F600D,Unknown
2009-05-04 21:29:03,000697D368,Unknown
2009-05-04 22:10:58,00065DD7F6,Unknown
2009-05-04 22:21:08,0006979BE8,Unknown
2009-05-04 22:28:05,00068E17E7,Unknown
2009-05-04 22:48:01,00068E3D73,Unknown
2009-05-04 23:05:27,00065DD7F6,Unknown
2009-05-04 23:15:48,00068E17E7,Unknown
2009-05-04 23:15:59,00068E3D73,Unknown
2009-05-04 23:17:43,0006979BE8,Unknown
2009-05-04 23:37:16,00065DD7F6,Unknown
2009-05-04 23:40:46,000697B0DE,Unknown
2009-05-04 23:41:35,00065D7D8B,Unknown
2009-05-04 23:45:45,00068E3D73,Unknown
2009-05-04 23:50:59,00068E17E7,Unknown
2009-05-04 23:59:37,0006979BE8,Unknown
2009-05-05 00:17:48,00065DD7F6,Unknown
2009-05-05 00:18:00,00065D7D8B,Unknown
2009-05-05 00:22:42,000697B0DE,Unknown
2009-05-05 00:27:25,00068E3D73,Unknown
2009-05-05 00:27:36,00068E17E7,Unknown
2009-05-05 00:30:08,0006979BE8,Unknown
2009-05-05 00:44:52,00065DD7F6,Unknown
2009-05-05 00:55:31,00068E3D73,Unknown
2009-05-05 01:01:33,0006979BE8,Unknown
2009-05-05 01:08:54,000697B0DE,Unknown
2009-05-05 01:25:44,00065DD7F6,Unknown
2009-05-05 01:26:15,00068E17E7,Unknown
2009-05-05 01:32:55,00065D7D8B,Unknown
2009-05-05 01:50:23,00068E3D73,Unknown
2009-05-05 01:50:57,000697B0DE,Unknown
2009-05-05 01:55:31,0006979BE8,Unknown
2009-05-05 01:55:43,00065D7D8B,Unknown
2009-05-05 01:56:41,00068E17E7,Unknown
2009-05-05 02:01:58,00065DD7F6,Unknown
2009-05-05 02:10:26,00068E3D73,Unknown
2009-05-05 02:15:25,00065D7D8B,Unknown
2009-05-05 02:23:37,0006979BE8,Unknown
2009-05-05 02:24:32,00068E17E7,Unknown
2009-05-05 02:25:08,00065DD7F6,Unknown
2009-05-05 02:35:09,0006979BE8,Unknown
2009-05-05 02:41:18,00065D7D8B,Unknown
2009-05-05 02:42:32,00068E3D73,Unknown
2009-05-05 02:43:22,00068E17E7,Unknown
2009-05-05 02:44:45,0006979BE8,Unknown
2009-05-05 02:45:24,00065DD7F6,Unknown
2009-05-05 02:46:23,000697B0DE,Unknown
2009-05-05 03:05:14,00068E3D73,Unknown
2009-05-05 03:17:44,00068E17E7,Unknown
2009-05-05 03:19:47,00065D7D8B,Unknown
2009-05-05 03:47:46,000697B0DE,Unknown
2009-05-05 03:59:06,00065D7D8B,Unknown
2009-05-05 04:01:56,00068E17E7,Unknown
2009-05-05 04:02:23,00068E3D73,Unknown
2009-05-05 04:13:29,000697D368,Unknown
2009-05-05 04:23:43,000697D368,Unknown
2009-05-05 04:23:54,000697D368,Unknown
2009-05-05 04:24:06,000697D368,Unknown
2009-05-05 04:28:53,00068E19F7,Unknown
2009-05-05 04:36:26,00065EC1B3,Unknown
2009-05-05 04:37:11,00065D7D8B,Unknown
2009-05-05 04:40:05,00068E17E7,Unknown
2009-05-05 04:57:33,00068E17E7,Unknown
2009-05-05 04:59:02,000644514C,Unknown
2009-05-05 04:59:36,00068E17E7,Unknown
2009-05-05 05:00:06,00065D7D8B,Unknown
2009-05-05 05:00:20,00068E17E7,Unknown
2009-05-05 05:00:32,00001F5C08,Unknown
2009-05-05 05:01:50,00068E17E7,Unknown
2009-05-05 05:02:44,000697B0DE,Unknown
2009-05-05 05:04:30,0001F7D573,Unknown
2009-05-05 05:22:26,0006242035,Unknown
2009-05-05 09:00:33,00065E632D,Unknown
2009-05-05 09:10:12,00065E632D,Unknown
2009-05-05 09:17:53,00065E632D,Unknown
2009-05-05 17:54:54,00065E632D,Unknown
2009-05-05 21:34:29,00001F5C08,Unknown
2009-05-05 21:39:21,0006242035,Unknown
2009-05-05 21:39:25,000697C596,Unknown
2009-05-05 21:39:38,00068EA92B,Unknown
2009-05-05 21:41:38,00068E1A46,Unknown
2009-05-05 21:41:51,00065EC1B3,Unknown
2009-05-05 21:46:25,00060F600D,Unknown
2009-05-05 21:47:07,000697D368,Unknown
2009-05-06 05:22:17,00068E19F7,Unknown
2009-05-06 05:22:40,00068E19F7,Unknown
2009-05-06 05:28:31,0001F7D573,Unknown
2009-05-06 09:21:03,00065E632D,Unknown
2009-05-06 19:07:31,00065E632D,Unknown
2009-05-06 19:15:05,00065E632D,Unknown
2009-05-06 21:07:08,00068EA92B,Unknown
2009-05-06 21:07:52,00065DD7F6,Unknown
2009-05-06 21:08:05,00065DD7F6,Unknown
2009-05-06 21:09:22,000697C596,Unknown
2009-05-06 21:13:22,0001F7D573,Unknown
2009-05-06 21:14:59,00068E1A46,Unknown
2009-05-06 21:15:44,000697D368,Unknown
2009-05-06 21:18:53,0006242035,Unknown
2009-05-06 21:19:05,00060F600D,Unknown
2009-05-06 22:44:19,00065EB019,Unknown
2009-05-06 22:50:23,00060F600D,Unknown
2009-05-06 22:53:43,0006242035,Unknown
2009-05-06 22:55:49,0001F7D573,Unknown
2009-05-06 23:00:56,00068E1A46,Unknown
2009-05-06 23:17:56,0006242035,Unknown
2009-05-06 23:35:14,00060F600D,Unknown
2009-05-06 23:43:10,00068EA92B,Unknown
2009-05-06 23:52:22,00060F600D,Unknown
2009-05-07 00:28:24,00068E1A46,Unknown
2009-05-07 00:42:06,0000F8007E,Unknown
2009-05-07 01:01:43,00068EA92B,Unknown
2009-05-07 01:42:00,00068E17E7,Unknown
2009-05-07 02:03:11,0001F7D573,Unknown
2009-05-07 02:03:16,00068E19F7,Unknown
2009-05-07 02:09:44,00068E17E7,Unknown
2009-05-07 02:24:34,00068E17E7,Unknown
2009-05-07 02:25:39,00068EA92B,Unknown
2009-05-07 02:28:44,0000F8007E,Unknown
2009-05-07 02:48:01,00068E17E7,Unknown
2009-05-07 03:05:29,00068E1A46,Unknown
2009-05-07 03:56:45,0006242035,Unknown
2009-05-07 03:57:53,0001F7D573,Unknown
2009-05-07 04:15:43,00065DD7F6,Unknown
2009-05-07 04:16:09,00065DD7F6,Unknown
2009-05-07 04:17:02,00065DD7F6,Unknown
2009-05-07 04:17:06,00068E17E7,Unknown
2009-05-07 04:44:34,00060FA7EA,Unknown
2009-05-07 04:45:06,00060FA7EA,Unknown
2009-05-07 04:48:56,00065EC57E,Unknown
2009-05-07 04:50:03,00065EC57E,Unknown
2009-05-07 04:50:54,00068E3D73,Unknown
2009-05-07 04:52:27,00065D7D8B,Unknown
2009-05-07 04:52:55,00065EC57E,Unknown
2009-05-07 04:53:59,0006979BE8,Unknown
2009-05-07 04:58:16,00068E3D73,Unknown
2009-05-07 05:17:29,00065D81D3,Unknown
2009-05-07 05:21:15,000697B0DE,Unknown
2009-05-07 09:21:42,00065E632D,Unknown
2009-05-07 09:27:34,00065E632D,Unknown
2009-05-07 18:34:05,00065E632D,Unknown
2009-05-07 19:22:55,00065E632D,Unknown
2009-05-07 19:42:54,00065E632D,Unknown
2009-05-07 19:43:05,00065E632D,Unknown
2009-05-07 19:50:06,00065E632D,Unknown
2009-05-07 20:51:46,0006979C67,Unknown
2009-05-07 20:51:58,0006979C67,Unknown
2009-05-07 20:52:09,0006979C67,Unknown
2009-05-07 20:52:24,0006979C67,Unknown
2009-05-07 20:57:54,00065EC57E,Unknown
2009-05-07 21:00:32,00061D5FA0,Unknown
2009-05-07 21:00:36,00060F66F2,Unknown
2009-05-07 21:00:58,00065EB6E2,Unknown
2009-05-07 21:01:02,0005FE0832,Unknown
2009-05-07 21:01:05,0006160637,Unknown
2009-05-07 21:01:06,00065DD7F6,Unknown
2009-05-07 21:01:12,00065D81D3,Unknown
2009-05-07 21:02:10,00068E0587,Unknown
2009-05-07 21:02:23,00060D7AE7,Unknown
2009-05-07 21:02:56,00068E17E7,Unknown
2009-05-07 21:03:03,0006979BE8,Unknown
2009-05-07 21:04:51,00068E3D73,Unknown
2009-05-07 21:05:09,0006444F30,Unknown
2009-05-07 21:05:51,00065D9BC6,Unknown
2009-05-07 21:06:43,00068E3D57,Unknown
2009-05-07 21:06:52,00060FA7EA,Unknown
2009-05-07 21:07:17,00061013E4,Unknown
2009-05-07 21:08:05,000697B0DE,Unknown
2009-05-07 21:08:09,00068E0F02,Unknown
2009-05-07 21:08:41,0005FE0DAC,Unknown
2009-05-07 21:08:45,00065D7D8B,Unknown
2009-05-07 21:08:47,00068E0DE6,Unknown
2009-05-07 21:12:41,00065EB019,Unknown
2009-05-07 21:15:01,00068E19F7,Unknown
2009-05-07 21:15:44,0006242035,Unknown
2009-05-07 21:17:03,00068E1A46,Unknown
2009-05-07 21:18:53,000644514C,Unknown
2009-05-07 21:18:55,00001F5C08,Unknown
2009-05-07 21:18:58,00065EC1B3,Unknown
2009-05-07 21:19:33,00068EA92B,Unknown
2009-05-07 21:20:24,000697C596,Unknown
2009-05-07 21:20:47,00060F600D,Unknown
2009-05-07 21:29:00,000697D368,Unknown
2009-05-08 00:24:59,00068E17E7,Unknown
2009-05-08 00:52:21,00068E17E7,Unknown
2009-05-08 03:37:38,000697A268,Unknown
2009-05-08 03:57:05,000697A268,Unknown
2009-05-08 05:02:08,000697A268,Unknown
2009-05-08 05:02:26,00065DD7F6,Unknown
2009-05-08 05:03:14,00068E17E7,Unknown
2009-05-08 05:09:06,0006979BE8,Unknown
2009-05-08 05:09:18,0006979BE8,Unknown
2009-05-08 05:18:19,000697B0DE,Unknown
2009-05-08 08:47:32,00065E632D,Unknown
2009-05-08 09:00:55,00065E632D,Unknown
2009-05-08 09:04:27,00065E632D,Unknown
2009-05-08 09:04:56,00065E632D,Unknown
2009-05-08 09:08:55,00065E632D,Unknown
2009-05-08 09:16:42,00065E632D,Unknown
2009-05-08 19:52:53,00065E632D,Unknown
2009-05-08 20:00:35,00065E632D,Unknown
2009-05-08 20:10:32,00065E632D,Unknown
2009-05-08 20:18:41,00065E632D,Unknown
2009-05-08 20:45:11,00061D3DC5,Unknown
2009-05-08 20:45:18,0005FE0832,Unknown
2009-05-08 20:45:24,0006160637,Unknown
2009-05-08 20:45:35,0006160637,Unknown
2009-05-08 20:55:29,00068E0F02,Unknown
2009-05-08 20:55:32,0006160637,Unknown
2009-05-08 20:56:44,00060F66F2,Unknown
2009-05-08 20:57:02,00068E3D57,Unknown
2009-05-08 20:57:42,00065EB6E2,Unknown
2009-05-08 20:58:09,00065EB6E2,Unknown
2009-05-08 21:03:08,00068E3D57,Unknown
2009-05-08 21:04:58,00060D7AE7,Unknown
2009-05-08 21:05:35,00068E3D57,Unknown
2009-05-08 21:05:46,00068E3D57,Unknown
2009-05-08 21:06:01,00068E0587,Unknown
2009-05-08 21:06:11,0006444F30,Unknown
2009-05-08 21:06:13,00060FA7EA,Unknown
2009-05-08 21:06:24,0006979C67,Unknown
2009-05-08 21:09:42,000697A268,Unknown
2009-05-08 21:09:45,0005FE0DAC,Unknown
2009-05-08 21:10:20,00065D9BC6,Unknown
2009-05-08 21:10:50,00068E0DE6,Unknown
2009-05-08 21:17:14,00068E2227,Unknown
2009-05-08 21:19:30,00068E2227,Unknown
2009-05-08 21:24:24,0000F8007E,Unknown
2009-05-08 21:25:35,00068E3546,Unknown
2009-05-08 21:26:31,00065EB019,Unknown
2009-05-08 21:27:07,000697D368,Unknown
2009-05-08 21:27:22,000697D368,Unknown
2009-05-08 21:27:26,00068E3546,Unknown
2009-05-08 21:28:13,00068E19F7,Unknown
2009-05-08 21:28:19,00068E3546,Unknown
2009-05-08 21:28:20,00068EA92B,Unknown
2009-05-08 21:28:26,00068E3435,Unknown
2009-05-08 21:29:00,00068E1A46,Unknown
2009-05-08 21:29:28,0001F7D573,Unknown
2009-05-08 21:30:34,00065EC1B3,Unknown
2009-05-08 21:31:41,0006242035,Unknown
2009-05-08 21:33:35,00068EAF1A,Unknown
2009-05-08 21:33:44,000644514C,Unknown
2009-05-08 21:34:41,00060F600D,Unknown
2009-05-08 21:39:17,00068E1878,Unknown
2009-05-08 21:39:44,00068E1878,Unknown
2009-05-09 01:14:04,00068E0F02,Unknown
2009-05-09 05:07:19,000697A268,Unknown
2009-05-09 05:13:46,00061013E4,Unknown
2009-05-09 05:14:06,00061D5FA0,Unknown
2009-05-09 08:07:42,00065E632D,Unknown
2009-05-09 08:23:15,00065E632D,Unknown
2009-05-09 08:30:01,00065E632D,Unknown
2009-05-09 08:35:11,00065E632D,Unknown
2009-05-09 17:02:17,00065E632D,Unknown
2009-05-09 17:52:40,00065E632D,Unknown
2009-05-09 17:58:33,00065E632D,Unknown
2009-05-09 20:01:49,00065EC57E,Unknown
2009-05-09 20:01:52,00065D81D3,Unknown
2009-05-09 20:02:00,00068E17E7,Unknown
2009-05-09 20:02:24,00065DD7F6,Unknown
2009-05-09 20:03:07,00068E3D73,Unknown
2009-05-09 20:03:39,0006979BE8,Unknown
2009-05-09 20:05:47,00065D7D8B,Unknown
2009-05-09 20:05:53,000697B0DE,Unknown
2009-05-09 20:52:17,00061D3DC5,Unknown
2009-05-09 20:56:12,00060FA7EA,Unknown
2009-05-09 21:00:23,00068E3D57,Unknown
2009-05-09 21:00:33,0006979C67,Unknown
2009-05-09 21:00:44,0005FE0832,Unknown
2009-05-09 21:02:16,00068E0587,Unknown
2009-05-09 21:02:39,00068E0F02,Unknown
2009-05-09 21:03:12,00065D9BC6,Unknown
2009-05-09 21:03:17,0006444F30,Unknown
2009-05-09 21:03:33,000697A268,Unknown
2009-05-09 21:04:44,00060F66F2,Unknown
2009-05-09 21:04:55,00065DA08A,Unknown
2009-05-09 21:05:18,00061D5FA0,Unknown
2009-05-09 21:07:51,0005FE0DAC,Unknown
2009-05-09 21:10:48,00068E0DE6,Unknown
2009-05-09 21:10:55,00061013E4,Unknown
2009-05-09 22:06:38,0005FE0832,Unknown
2009-05-09 22:23:06,0005FE0832,Unknown
2009-05-09 22:35:15,00060F66F2,Unknown
2009-05-09 22:43:26,00060F66F2,Unknown
2009-05-10 01:02:37,0005FE0832,Unknown
2009-05-10 01:02:42,0006160637,Unknown
2009-05-10 01:03:36,0006979C67,Unknown
2009-05-10 01:09:19,00065DD7F6,Unknown
2009-05-10 01:21:20,0005FE0832,Unknown
2009-05-10 01:21:37,0006979C67,Unknown
2009-05-10 01:21:55,00065DD7F6,Unknown
2009-05-10 01:23:24,0006160637,Unknown
2009-05-10 03:50:19,00065DD7F6,Unknown
2009-05-10 03:51:53,00065EC57E,Unknown
2009-05-10 04:02:03,000697B0DE,Unknown
2009-05-10 04:02:31,0006979BE8,Unknown
2009-05-10 04:58:16,0005FE0832,Unknown
2009-05-10 04:58:37,00068E3D57,Unknown
2009-05-10 04:58:41,00068E0587,Unknown
2009-05-10 04:59:26,00061D3DC5,Unknown
2009-05-10 05:00:30,0005FE0832,Unknown
2009-05-10 05:01:41,00068E3D57,Unknown
2009-05-10 05:04:02,00061D3DC5,Unknown
2009-05-10 05:04:31,00068E0587,Unknown
2009-05-10 05:06:26,00068E0587,Unknown
2009-05-10 05:07:14,00068E3D57,Unknown
2009-05-10 05:07:25,00061D3DC5,Unknown
2009-05-10 05:08:59,00068E0DE6,Unknown
2009-05-10 05:10:47,0006160637,Unknown
2009-05-10 05:12:35,000697A268,Unknown
2009-05-10 05:15:21,0005FE0832,Unknown
2009-05-10 05:15:39,00060FA7EA,Unknown
2009-05-10 07:59:25,00065E632D,Unknown
2009-05-10 08:02:54,00065E632D,Unknown
2009-05-10 09:12:16,00065E632D,Unknown
2009-05-10 19:43:41,00065E632D,Unknown
2009-05-10 19:51:55,00065E632D,Unknown
2009-05-10 19:59:40,00065E632D,Unknown
2009-05-10 20:05:01,00065E632D,Unknown
2009-05-10 20:50:09,00061D3DC5,Unknown
2009-05-10 20:50:20,00061D3DC5,Unknown
2009-05-10 20:55:01,00060FA7EA,Unknown
2009-05-10 20:55:16,00060FA7EA,Unknown
2009-05-10 20:55:51,0006160637,Unknown
2009-05-10 20:56:05,0006160637,Unknown
2009-05-10 20:56:16,0006160637,Unknown
2009-05-10 20:56:21,00065EC57E,Unknown
2009-05-10 20:56:28,00068E3D57,Unknown
2009-05-10 20:56:31,00060FA7EA,Unknown
2009-05-10 20:56:35,00068E17E7,Unknown
2009-05-10 20:56:55,0005FE0832,Unknown
2009-05-10 20:58:05,00068E0587,Unknown
2009-05-10 20:58:16,00068E0587,Unknown
2009-05-10 21:00:59,00068E0F02,Unknown
2009-05-10 21:01:10,00068E0F02,Unknown
2009-05-10 21:01:21,00068E0F02,Unknown
2009-05-10 21:01:25,00065DD7F6,Unknown
2009-05-10 21:01:32,00068E0F02,Unknown
2009-05-10 21:01:44,00068E0F02,Unknown
2009-05-10 21:02:03,000697A268,Unknown
2009-05-10 21:02:04,00068E0F02,Unknown
2009-05-10 21:02:08,0006979BE8,Unknown
2009-05-10 21:02:32,000697B0DE,Unknown
2009-05-10 21:02:44,00065D7D8B,Unknown
2009-05-10 21:02:55,00065D7D8B,Unknown
2009-05-10 21:03:06,00065D7D8B,Unknown
2009-05-10 21:03:57,00068E2227,Unknown
2009-05-10 21:05:55,00060F66F2,Unknown
2009-05-10 21:06:02,0005FE0DAC,Unknown
2009-05-10 21:08:18,00065EB019,Unknown
2009-05-10 21:08:38,00068E0DE6,Unknown
2009-05-10 21:09:35,00068E3435,Unknown
2009-05-10 21:10:26,00068E1A46,Unknown
2009-05-10 21:11:24,00001F5C08,Unknown
2009-05-10 21:12:22,0001F7D573,Unknown
2009-05-10 21:12:35,00068E19F7,Unknown
2009-05-10 21:12:39,00068E3546,Unknown
2009-05-10 21:13:14,00065EC1B3,Unknown
2009-05-10 21:13:18,0006242035,Unknown
2009-05-10 21:14:22,00068EA92B,Unknown
2009-05-10 21:14:58,00060F600D,Unknown
2009-05-10 21:15:15,00068E1878,Unknown
2009-05-10 21:17:12,000697C596,Unknown
2009-05-10 21:17:33,000697D368,Unknown
2009-05-10 21:17:35,00068EAF1A,Unknown
2009-05-10 21:24:42,000644514C,Unknown
2009-05-11 03:27:56,00060FA7EA,Unknown
2009-05-11 03:28:11,00060FA7EA,Unknown
2009-05-11 03:30:26,00060FA7EA,Unknown
2009-05-11 03:30:40,00060FA7EA,Unknown
2009-05-11 03:34:29,000697A268,Unknown
2009-05-11 03:36:41,000697A268,Unknown
2009-05-11 03:39:13,000697A268,Unknown
2009-05-11 03:39:16,0005FE0DAC,Unknown
2009-05-11 04:08:00,00065DD7F6,Unknown
2009-05-11 04:44:22,0006242035,Unknown
2009-05-11 04:44:25,00068E1878,Unknown
2009-05-11 05:01:08,0006979BE8,Unknown
2009-05-11 05:04:09,00068E2227,Unknown
2009-05-11 05:04:59,00068E3546,Unknown
2009-05-11 05:06:54,00068E1878,Unknown
2009-05-11 05:07:04,00068E2227,Unknown
2009-05-11 05:07:36,00068E1878,Unknown
2009-05-11 05:12:01,00068E19F7,Unknown
2009-05-11 05:12:05,00068E3546,Unknown
2009-05-11 05:13:58,0006242035,Unknown
2009-05-11 05:14:40,0006242035,Unknown
2009-05-11 05:14:51,0006242035,Unknown
2009-05-11 05:15:24,0006242035,Unknown
2009-05-11 05:16:01,0006242035,Unknown
2009-05-11 05:16:08,00068E1878,Unknown
2009-05-11 05:17:17,0006979BE8,Unknown
2009-05-11 05:21:27,00065DD7F6,Unknown
2009-05-11 05:21:31,0006979BE8,Unknown
2009-05-11 05:22:38,00068E3546,Unknown
2009-05-11 05:23:04,00068E3546,Unknown
2009-05-11 05:23:28,00065DD7F6,Unknown
2009-05-11 05:23:37,0006979BE8,Unknown
2009-05-11 08:23:54,00065E632D,Unknown
2009-05-11 08:39:19,00065E632D,Unknown
2009-05-11 08:42:08,00065E632D,Unknown
2009-05-11 08:45:34,00065E632D,Unknown
2009-05-11 19:03:57,00065E632D,Unknown
2009-05-11 19:05:57,00065E632D,Unknown
2009-05-11 19:14:49,00065E632D,Unknown
2009-05-11 20:52:02,0005FE0DAC,Unknown
2009-05-11 20:55:06,00060F66F2,Unknown
2009-05-11 20:55:17,00060F66F2,Unknown
2009-05-11 20:55:28,00060F66F2,Unknown
2009-05-11 20:55:35,00068E0F02,Unknown
2009-05-11 20:55:46,000697A268,Unknown
2009-05-11 20:55:56,00068E0F02,Unknown
2009-05-11 20:56:07,00068E0F02,Unknown
2009-05-11 20:56:18,00068E0F02,Unknown
2009-05-11 20:56:29,00068E0F02,Unknown
2009-05-11 20:56:51,00068E0F02,Unknown
2009-05-11 20:56:54,00060F66F2,Unknown
2009-05-11 21:09:27,0006242035,Unknown
2009-05-11 21:10:35,00068E2227,Unknown
2009-05-11 21:11:00,00068E3546,Unknown
2009-05-11 21:11:56,00068E19F7,Unknown
2009-05-11 21:13:16,00068E1878,Unknown
2009-05-11 21:13:27,00068E1878,Unknown
2009-05-12 03:03:16,00068E0F02,Unknown
2009-05-12 05:19:35,00068E0F02,Unknown
2009-05-12 08:24:14,00065E632D,Unknown
2009-05-12 08:59:23,00065E632D,Unknown
2009-05-12 18:21:03,00065E632D,Unknown
2009-05-12 18:28:55,00065E632D,Unknown
2009-05-12 18:51:19,00065E632D,Unknown
2009-05-12 18:53:45,00065E632D,Unknown
2009-05-12 21:01:50,00068E35E1,Unknown
2009-05-12 21:02:01,00068E35E1,Unknown
2009-05-12 21:02:12,00068E35E1,Unknown
2009-05-12 21:02:23,0005FE0DAC,Unknown
2009-05-12 21:15:51,00068E9C1A,Unknown
2009-05-12 21:15:59,00065EA1D4,Unknown
2009-05-12 21:16:15,00068E9134,Unknown
2009-05-12 21:16:16,00060F66F2,Unknown
2009-05-12 21:17:36,00065DA08A,Unknown
2009-05-12 21:18:07,00068E9134,Unknown
2009-05-12 21:18:10,00061013E4,Unknown
2009-05-12 21:18:18,00068E9134,Unknown
2009-05-12 21:18:34,00068E0DE6,Unknown
2009-05-12 21:18:43,0006179D52,Unknown
2009-05-12 21:19:00,00068E059C,Unknown
2009-05-12 21:22:34,00068E0DE6,Unknown
2009-05-12 21:22:47,00068E0DE6,Unknown
2009-05-12 21:23:06,00068E0DE6,Unknown
2009-05-12 21:23:35,0006979863,Unknown
2009-05-12 21:23:46,0006979863,Unknown
2009-05-12 21:24:38,00068E8B1B,Unknown
2009-05-12 21:24:51,00068E8B1B,Unknown
2009-05-12 21:25:07,00068E8B1B,Unknown
2009-05-12 21:26:25,00068E1C26,Unknown
2009-05-12 21:26:32,00068E2227,Unknown
2009-05-12 21:26:39,00065EC37B,Unknown
2009-05-12 21:26:40,00068E19F7,Unknown
2009-05-12 21:26:47,0006979B84,Unknown
2009-05-12 21:26:51,00065EC37B,Unknown
2009-05-12 21:27:42,000697BD11,Unknown
2009-05-12 21:28:36,00065EB019,Unknown
2009-05-12 21:32:04,00068EA92B,Unknown
2009-05-12 21:32:40,00068E1A46,Unknown
2009-05-12 21:34:03,00065EC1B3,Unknown
2009-05-12 21:34:19,00068E1878,Unknown
2009-05-12 21:35:42,00068E3435,Unknown
2009-05-12 21:36:09,0006242035,Unknown
2009-05-12 21:36:36,00068EAF1A,Unknown
2009-05-12 21:39:52,000697D368,Unknown
2009-05-12 21:40:00,00060F600D,Unknown
2009-05-12 21:40:37,000644514C,Unknown
2009-05-12 21:43:17,000697A268,Unknown
2009-05-12 21:56:11,00068E1878,Unknown
2009-05-12 22:09:16,00068E1A46,Unknown
2009-05-12 22:15:29,00068E1878,Unknown
2009-05-12 22:15:40,00068E1878,Unknown
2009-05-13 08:25:36,00065E632D,Unknown
2009-05-13 08:32:37,00065E632D,Unknown
2009-05-13 09:08:44,00065E632D,Unknown
2009-05-13 09:28:25,00065E632D,Unknown
2009-05-13 09:33:02,00065E632D,Unknown
2009-05-13 10:34:11,00061D3DC5,Unknown
2009-05-13 10:35:15,0006979C67,Unknown
2009-05-13 10:36:37,0006160637,Unknown
2009-05-13 10:39:43,0005FE0832,Unknown
2009-05-13 10:42:58,0006444F30,Unknown
2009-05-13 10:43:19,00060D7AE7,Unknown
2009-05-13 10:45:21,00065EB6E2,Unknown
2009-05-13 10:45:32,00065EB6E2,Unknown
2009-05-13 10:48:19,00060FA7EA,Unknown
2009-05-13 10:49:38,00068E3D57,Unknown
2009-05-13 10:49:49,00068E3D57,Unknown
2009-05-13 10:50:05,00065D9BC6,Unknown
2009-05-13 10:50:35,00068E0587,Unknown
2009-05-13 12:22:13,00065EB6E2,Unknown
2009-05-13 12:38:27,00065D9BC6,Unknown
2009-05-13 12:38:43,00065D9BC6,Unknown
2009-05-13 19:59:13,00065E632D,Unknown
2009-05-13 20:02:51,00065E632D,Unknown
2009-05-13 21:12:08,00065EC57E,Unknown
2009-05-13 21:12:37,00068E2227,Unknown
2009-05-13 21:14:02,00065D81D3,Unknown
2009-05-13 21:14:29,00068E3D73,Unknown
2009-05-13 21:14:57,0006979BE8,Unknown
2009-05-13 21:16:16,00068E17E7,Unknown
2009-05-13 21:16:19,00065DD7F6,Unknown
2009-05-13 21:17:14,00065D7D8B,Unknown
2009-05-13 21:21:39,0001F7D573,Unknown
2009-05-13 21:22:13,000697B0DE,Unknown
2009-05-13 21:24:47,00068E19F7,Unknown
2009-05-13 21:25:28,0006242035,Unknown
2009-05-13 21:25:59,00068E1878,Unknown
2009-05-13 21:26:06,00068E3435,Unknown
2009-05-13 21:26:07,00068E3546,Unknown
2009-05-13 21:27:56,000697C596,Unknown
2009-05-13 21:31:37,00068E1A46,Unknown
2009-05-13 21:32:57,00060F600D,Unknown
2009-05-13 21:33:24,0000F8007E,Unknown
2009-05-13 21:33:42,00065EC1B3,Unknown
2009-05-13 21:34:24,00068EAF1A,Unknown
2009-05-13 21:38:09,000697D368,Unknown
2009-05-13 21:39:01,00068EA92B,Unknown
2009-05-13 21:40:24,000644514C,Unknown
2009-05-13 21:58:27,00065E632D,Unknown
2009-05-13 22:02:03,00065E632D,Unknown
2009-05-13 23:11:00,00065EB6E2,Unknown
2009-05-14 00:50:55,00068E2227,Unknown
2009-05-14 01:06:06,00068E19F7,Unknown
2009-05-14 01:08:59,0000F8007E,Unknown
2009-05-14 01:13:05,00068E1878,Unknown
2009-05-14 01:14:23,00068E3546,Unknown
2009-05-14 01:19:32,00068E3435,Unknown
2009-05-14 01:19:33,000697D368,Unknown
2009-05-14 01:20:47,0006242035,Unknown
2009-05-14 01:20:52,00068EAF1A,Unknown
2009-05-14 01:22:20,000697C596,Unknown
2009-05-14 01:28:10,00065EC1B3,Unknown
2009-05-14 01:28:38,00068E1A46,Unknown
2009-05-14 01:42:21,00068E1A46,Unknown
2009-05-14 01:43:54,00060F600D,Unknown
2009-05-14 02:34:43,0001F7D573,Unknown
2009-05-14 02:35:17,0000F8007E,Unknown
2009-05-14 02:44:59,00068E1A46,Unknown
2009-05-14 02:54:38,0006242035,Unknown
2009-05-14 02:54:53,00068E1878,Unknown
2009-05-14 02:59:07,00065EB019,Unknown
2009-05-14 03:13:24,00068E1A46,Unknown
2009-05-14 03:13:30,0000F8007E,Unknown
2009-05-14 03:17:41,0006242035,Unknown
2009-05-14 03:26:12,00065EB019,Unknown
2009-05-14 03:31:53,00065EB019,Unknown
2009-05-14 03:33:05,00065EB019,Unknown
2009-05-14 03:35:19,00068E1878,Unknown
2009-05-14 04:15:32,00065EB019,Unknown
2009-05-14 04:30:27,00068E1878,Unknown
2009-05-14 04:30:46,00068EA92B,Unknown
2009-05-14 04:31:07,00068E3435,Unknown
2009-05-14 04:31:44,00068EAF1A,Unknown
2009-05-14 04:33:36,00068EAF1A,Unknown
2009-05-14 04:44:21,00068E1A46,Unknown
2009-05-14 04:55:38,00068E1A46,Unknown
2009-05-14 04:58:53,000697C596,Unknown
2009-05-14 05:08:14,00065D81D3,Unknown
2009-05-14 05:17:15,00065D81D3,Unknown
2009-05-14 05:17:36,00065D81D3,Unknown
2009-05-14 05:17:47,00065D81D3,Unknown
2009-05-14 05:22:03,00068E1A46,Unknown
2009-05-14 05:22:34,00068E1878,Unknown
2009-05-14 05:30:53,0001F7D573,Unknown
2009-05-14 05:33:08,00068E1A46,Unknown
2009-05-14 05:33:13,00065EB019,Unknown
2009-05-14 05:35:31,0006242035,Unknown
2009-05-14 05:35:33,000697C596,Unknown
2009-05-14 08:29:10,00065E632D,Unknown
2009-05-14 08:33:14,00065E632D,Unknown
2009-05-14 12:29:12,00065E632D,Unknown
2009-05-14 18:24:22,00065E632D,Unknown
2009-05-14 21:07:52,00065EC37B,Unknown
2009-05-14 21:08:04,00065EC37B,Unknown
2009-05-14 21:10:37,00065EA1D4,Unknown
2009-05-14 21:11:14,00068E059C,Unknown
2009-05-14 21:12:28,0006179D52,Unknown
2009-05-14 21:12:39,0006179D52,Unknown
2009-05-14 21:12:42,00068E9C1A,Unknown
2009-05-14 21:12:52,00068E9134,Unknown
2009-05-14 21:16:01,00068E8B1B,Unknown
2009-05-14 21:16:24,0006979863,Unknown
2009-05-14 21:16:27,00068E8B1B,Unknown
2009-05-14 21:16:37,00065DA08A,Unknown
2009-05-14 21:16:45,000697BD11,Unknown
2009-05-15 08:59:29,00065E632D,Unknown
2009-05-15 17:25:28,00065E632D,Unknown
2009-05-15 17:28:20,00065E632D,Unknown
2009-05-15 20:57:48,0006160637,Unknown
2009-05-15 20:58:23,0005FE0832,Unknown
2009-05-15 21:00:12,00065EB6E2,Unknown
2009-05-15 21:01:02,00068E2063,Unknown
2009-05-15 21:01:59,0006979C67,Unknown
2009-05-15 21:02:10,0006979C67,Unknown
2009-05-15 21:02:17,00060FA7EA,Unknown
2009-05-15 21:03:12,00060D7AE7,Unknown
2009-05-15 21:03:25,00068E3D57,Unknown
2009-05-15 21:03:34,00068E0587,Unknown
2009-05-15 21:03:53,000697BE7E,Unknown
2009-05-15 21:38:54,000697BE7E,Unknown
2009-05-15 21:47:10,0006979C67,Unknown
2009-05-15 22:06:01,000697BE7E,Unknown
2009-05-15 22:06:12,000697BE7E,Unknown
2009-05-15 22:09:16,00068E2227,Unknown
2009-05-15 22:12:08,0006979C67,Unknown
2009-05-15 22:12:43,0001F7D573,Unknown
2009-05-15 22:13:14,00068E1A46,Unknown
2009-05-15 22:14:28,00068E19F7,Unknown
2009-05-15 22:14:33,00068E3546,Unknown
2009-05-15 22:14:44,00001F5C08,Unknown
2009-05-15 22:15:20,00065EB019,Unknown
2009-05-15 22:19:34,00068E1878,Unknown
2009-05-15 22:21:17,0000F8007E,Unknown
2009-05-15 22:22:14,000697C596,Unknown
2009-05-15 22:22:15,0006242035,Unknown
2009-05-15 22:23:38,00068E3435,Unknown
2009-05-15 22:23:48,00068EA92B,Unknown
2009-05-15 22:27:00,000644514C,Unknown
2009-05-15 22:27:02,00068EAF1A,Unknown
2009-05-15 22:27:19,00065EC1B3,Unknown
2009-05-15 22:30:03,000697D368,Unknown
2009-05-15 22:35:16,00060F600D,Unknown
2009-05-15 23:25:49,00068EA92B,Unknown
2009-05-15 23:27:44,00068EA92B,Unknown
2009-05-15 23:31:07,00068E3546,Unknown
2009-05-15 23:43:28,00068E1878,Unknown
2009-05-15 23:50:06,00068E3546,Unknown
2009-05-15 23:55:10,00068E1878,Unknown
2009-05-15 23:59:07,00068EA92B,Unknown
2009-05-16 00:27:35,00068E1878,Unknown
2009-05-16 00:28:21,00068E1878,Unknown
2009-05-16 01:00:00,00068E3D57,Unknown
2009-05-16 01:00:52,00068E3D57,Unknown
2009-05-16 01:01:03,00068E3D57,Unknown
2009-05-16 01:01:26,00068E3D57,Unknown
2009-05-16 01:01:42,00068E3D57,Unknown
2009-05-16 03:42:43,0005FE0832,Unknown
2009-05-16 03:42:59,00060D7AE7,Unknown
2009-05-16 03:43:14,00065D9BC6,Unknown
2009-05-16 03:47:11,00065D9BC6,Unknown
2009-05-16 03:49:18,0005FE0832,Unknown
2009-05-16 03:57:04,00060D7AE7,Unknown
2009-05-16 08:38:04,00065E632D,Unknown
2009-05-16 08:44:09,00065E632D,Unknown
2009-05-16 16:43:03,00065E632D,Unknown
2009-05-16 16:51:36,00065E632D,Unknown
2009-05-16 21:28:15,00068E2227,Unknown
2009-05-16 21:30:29,00065EB019,Unknown
2009-05-16 21:30:51,0001F7D573,Unknown
2009-05-16 21:31:15,00068E19F7,Unknown
2009-05-16 21:33:02,00001F5C08,Unknown
2009-05-16 21:35:48,00068E3435,Unknown
2009-05-16 21:36:28,00068E3546,Unknown
2009-05-16 21:36:46,00068E1878,Unknown
2009-05-16 21:37:01,0000F8007E,Unknown
2009-05-16 21:37:02,00068EAF1A,Unknown
2009-05-16 21:38:41,0006242035,Unknown
2009-05-16 21:40:56,000697D368,Unknown
2009-05-16 21:43:34,000697C596,Unknown
2009-05-16 21:44:50,00068E1A46,Unknown
2009-05-16 21:45:08,00068EA92B,Unknown
2009-05-16 21:45:21,00065EC1B3,Unknown
2009-05-16 21:48:17,00060F600D,Unknown
2009-05-16 21:48:52,000644514C,Unknown
2009-05-17 08:19:41,00065E632D,Unknown
2009-05-17 08:20:29,00065E632D,Unknown
2009-05-17 08:31:57,00065E632D,Unknown
2009-05-17 19:27:39,00065E632D,Unknown
2009-05-17 19:33:40,00065E632D,Unknown
2009-05-17 19:38:29,00065E632D,Unknown
2009-05-17 21:11:32,00061D3DC5,Unknown
2009-05-17 21:17:56,0005FE0832,Unknown
2009-05-17 21:18:13,0006160637,Unknown
2009-05-17 21:19:09,00068E1A38,Unknown
2009-05-17 21:20:52,000697BE7E,Unknown
2009-05-17 21:20:59,00060FA7EA,Unknown
2009-05-17 21:21:05,00068E2063,Unknown
2009-05-17 21:21:10,000697BE7E,Unknown
2009-05-17 21:21:17,00065EB6E2,Unknown
2009-05-17 21:21:21,00068E3D57,Unknown
2009-05-17 21:21:24,00060D7AE7,Unknown
2009-05-17 21:25:13,00068EAD8A,Unknown
2009-05-17 21:25:20,00065EC57E,Unknown
2009-05-17 21:25:50,00065DD7F6,Unknown
2009-05-17 21:26:38,00068E2227,Unknown
2009-05-17 21:27:01,00068E17E7,Unknown
2009-05-17 21:27:44,00065D9BC6,Unknown
2009-05-17 21:27:53,000697B0DE,Unknown
2009-05-17 21:31:59,00065D7D8B,Unknown
2009-05-17 21:37:16,00068E1878,Unknown
2009-05-17 21:37:38,00065EB019,Unknown
2009-05-17 21:37:47,00068E1878,Unknown
2009-05-17 21:38:18,00068E19F7,Unknown
2009-05-17 21:39:16,0001F7D573,Unknown
2009-05-17 21:39:19,00068E3546,Unknown
2009-05-17 21:39:41,000697D368,Unknown
2009-05-17 21:39:51,00001F5C08,Unknown
2009-05-17 21:39:58,00068E3435,Unknown
2009-05-17 21:41:02,000697C596,Unknown
2009-05-17 21:42:33,00068E1A46,Unknown
2009-05-17 21:42:58,0006242035,Unknown
2009-05-17 21:43:07,00060F600D,Unknown
2009-05-17 21:43:46,000644514C,Unknown
2009-05-17 21:43:51,00068EA92B,Unknown
2009-05-17 22:31:51,00068E1A46,Unknown
2009-05-17 22:33:12,0006242035,Unknown
2009-05-17 22:36:17,00068E1878,Unknown
2009-05-17 22:56:11,00068E1A46,Unknown
2009-05-17 23:00:58,0006242035,Unknown
2009-05-17 23:01:11,00068E1878,Unknown
2009-05-17 23:06:38,00060F600D,Unknown
2009-05-17 23:29:40,00068E1878,Unknown
2009-05-17 23:33:31,000697BE7E,Unknown
2009-05-17 23:33:53,000697BE7E,Unknown
2009-05-17 23:43:23,000697D368,Unknown
2009-05-17 23:53:41,00068E1A46,Unknown
2009-05-17 23:55:53,00060F600D,Unknown
2009-05-18 00:05:21,00065DD7F6,Unknown
2009-05-18 00:10:10,00065DD7F6,Unknown
2009-05-18 00:16:39,00068E3435,Unknown
2009-05-18 00:19:03,0001F7D573,Unknown
2009-05-18 00:45:18,0006242035,Unknown
2009-05-18 00:47:52,000697D368,Unknown
2009-05-18 00:47:59,00068E3435,Unknown
2009-05-18 00:50:37,00068E1878,Unknown
2009-05-18 00:53:00,00060F600D,Unknown
2009-05-18 01:16:02,00068E3435,Unknown
2009-05-18 01:19:10,00068E3435,Unknown
2009-05-18 01:19:46,0001F7D573,Unknown
2009-05-18 04:47:54,00065D9BC6,Unknown
2009-05-18 04:48:07,00068E0587,Unknown
2009-05-18 04:50:36,00065D9BC6,Unknown
2009-05-18 04:50:44,00068E0587,Unknown
2009-05-18 04:51:58,000697BE7E,Unknown
2009-05-18 04:53:14,000697BE7E,Unknown
2009-05-18 04:58:17,00060D7AE7,Unknown
2009-05-18 04:58:31,00068E3D57,Unknown
2009-05-18 04:58:35,00065EB6E2,Unknown
2009-05-18 05:00:44,00068E2063,Unknown
2009-05-18 05:04:03,000697BE7E,Unknown
2009-05-18 08:18:57,00065E632D,Unknown
2009-05-18 08:27:51,00065E632D,Unknown
2009-05-18 08:39:14,00065E632D,Unknown
2009-05-18 19:50:33,00065E632D,Unknown
2009-05-18 19:58:57,00065E632D,Unknown
2009-05-18 21:02:59,00065E632D,Unknown
2009-05-18 21:19:57,00068E17E7,Unknown
2009-05-18 21:20:21,00068EAD8A,Unknown
2009-05-18 21:20:57,0006979BE8,Unknown
2009-05-18 21:21:08,00060D7AE7,Unknown
2009-05-18 21:21:20,00068E2063,Unknown
2009-05-18 21:21:54,00065EB6E2,Unknown
2009-05-18 21:22:08,000697BE7E,Unknown
2009-05-18 21:22:13,00068E3D57,Unknown
2009-05-18 21:24:25,00065EC57E,Unknown
2009-05-18 21:26:36,00065D81D3,Unknown
2009-05-18 21:26:41,00068E1FDB,Unknown
2009-05-18 21:26:58,00068E3D73,Unknown
2009-05-18 21:29:27,00065DD7F6,Unknown
2009-05-18 21:29:45,00065D7D8B,Unknown
2009-05-18 21:33:10,0001F7D573,Unknown
2009-05-18 21:33:17,00065EB019,Unknown
2009-05-18 21:33:49,000697B0DE,Unknown
2009-05-18 21:34:39,00068E3435,Unknown
2009-05-18 21:35:09,0000F8007E,Unknown
2009-05-18 21:40:01,000697D368,Unknown
2009-05-18 21:40:53,000697D368,Unknown
2009-05-18 21:41:05,00068E1878,Unknown
2009-05-18 21:41:15,00068E19F7,Unknown
2009-05-18 21:41:21,00068E1878,Unknown
2009-05-18 21:42:20,00001F5C08,Unknown
2009-05-18 22:34:28,000644514C,Unknown
2009-05-18 22:36:25,00068E1A46,Unknown
2009-05-18 22:36:37,00068E1A46,Unknown
2009-05-18 22:51:38,00060F600D,Unknown
2009-05-18 22:51:57,00068E3546,Unknown
2009-05-18 23:01:22,000697C596,Unknown
2009-05-18 23:01:51,00068E3546,Unknown
2009-05-18 23:02:57,00065D9BC6,Unknown
2009-05-18 23:03:02,00068EA92B,Unknown
2009-05-18 23:03:10,00068E0587,Unknown
2009-05-18 23:07:39,00065D9BC6,Unknown
2009-05-18 23:07:51,00068E0587,Unknown
2009-05-18 23:28:31,000697D368,Unknown
2009-05-18 23:29:12,00001F5C08,Unknown
2009-05-18 23:29:53,000697D368,Unknown
2009-05-19 05:16:59,00068E3D57,Unknown
2009-05-19 05:17:30,00068E3D57,Unknown
2009-05-19 08:54:21,00065E632D,Unknown
2009-05-19 09:01:30,00065E632D,Unknown
2009-05-19 09:01:30,00065EB019,Unknown
2009-05-19 09:01:30,0006242035,Unknown
2009-05-19 09:01:30,00060F600D,Unknown
2009-05-19 09:01:30,000697D368,Unknown
2009-05-19 09:01:30,00001F5C08,Unknown
2009-05-19 09:01:30,00068E3546,Unknown
2009-05-19 09:01:30,00068E1878,Unknown
2009-05-19 09:01:31,00068E1A46,Unknown
2009-05-19 09:01:31,000697C596,Unknown
2009-05-19 09:01:31,000644514C,Unknown
2009-05-19 09:01:31,00065EC1B3,Unknown
2009-05-19 09:01:31,00068E2227,Unknown
2009-05-19 09:01:31,00068E3435,Unknown
2009-05-19 09:02:45,00065E632D,Unknown
2009-05-19 09:12:47,00065E632D,Unknown
2009-05-19 16:12:09,00065E632D,Unknown
2009-05-19 16:14:42,00065E632D,Unknown
2009-05-19 16:21:18,00065E632D,Unknown
2009-05-19 16:26:59,00065E632D,Unknown
2009-05-19 17:29:23,00068E1A38,Unknown
2009-05-19 17:29:34,00068E1A38,Unknown
2009-05-19 21:10:09,0005FE0832,Unknown
2009-05-19 21:10:21,00061D3DC5,Unknown
2009-05-19 21:13:38,00068E1A38,Unknown
2009-05-19 21:13:52,00068E1A38,Unknown
2009-05-19 21:14:09,0006160637,Unknown
2009-05-19 21:14:17,00068E2063,Unknown
2009-05-19 21:14:24,00068E3D57,Unknown
2009-05-19 21:14:28,00068E2D0E,Unknown
2009-05-19 21:14:36,00068E1A38,Unknown
2009-05-19 21:15:08,0006979D37,Unknown
2009-05-19 21:15:30,00068E3862,Unknown
2009-05-19 21:16:36,00060FA7EA,Unknown
2009-05-19 21:20:14,0006979C67,Unknown
2009-05-19 21:21:21,00065EB6E2,Unknown
2009-05-19 21:21:36,00060D7AE7,Unknown
2009-05-19 21:21:43,000697BE7E,Unknown
2009-05-19 21:21:52,00068E1FDB,Unknown
2009-05-19 21:22:03,00068E1FDB,Unknown
2009-05-19 21:22:37,0006444F30,Unknown
2009-05-19 21:22:46,00065EC57E,Unknown
2009-05-19 21:24:28,00068E17E7,Unknown
2009-05-19 21:25:12,00065D9BC6,Unknown
2009-05-19 21:25:23,00065D9BC6,Unknown
2009-05-19 21:25:34,00065D81D3,Unknown
2009-05-19 21:25:34,00068E0587,Unknown
2009-05-19 21:25:41,00068EAD8A,Unknown
2009-05-19 21:26:00,0006979BE8,Unknown
2009-05-19 21:27:12,00068E3D73,Unknown
2009-05-19 21:27:56,00065D7D8B,Unknown
2009-05-19 21:28:07,00065D7D8B,Unknown
2009-05-19 21:28:26,00065D7D8B,Unknown
2009-05-19 21:28:40,00065D7D8B,Unknown
2009-05-19 21:28:51,00065D7D8B,Unknown
2009-05-19 21:28:57,00065DD7F6,Unknown
2009-05-19 21:29:00,000697B0DE,Unknown
2009-05-19 22:47:00,00065D9BC6,Unknown
2009-05-19 22:47:32,0005FE0832,Unknown
2009-05-19 22:50:15,0005FE0832,Unknown
2009-05-19 22:51:06,0006444F30,Unknown
2009-05-19 22:51:30,00065EB6E2,Unknown
2009-05-19 22:52:19,0006160637,Unknown
2009-05-19 22:56:17,0006444F30,Unknown
2009-05-19 22:57:58,00068E3D57,Unknown
2009-05-19 22:59:49,00060D7AE7,Unknown
2009-05-19 23:00:35,0006160637,Unknown
2009-05-19 23:00:39,00061D3DC5,Unknown
2009-05-19 23:02:49,00065D9BC6,Unknown
2009-05-19 23:03:01,00065EB6E2,Unknown
2009-05-19 23:53:13,00068E3D57,Unknown
2009-05-20 01:56:51,0001F7D573,Unknown
2009-05-20 02:48:06,0006160637,Unknown
2009-05-20 02:53:39,00068E2D0E,Unknown
2009-05-20 02:58:03,0006160637,Unknown
2009-05-20 02:58:41,00068E2D0E,Unknown
2009-05-20 03:01:05,00068E0587,Unknown
2009-05-20 03:01:21,00068E3D57,Unknown
2009-05-20 03:01:25,000697BE7E,Unknown
2009-05-20 03:07:32,00065D9BC6,Unknown
2009-05-20 03:07:52,000697BE7E,Unknown
2009-05-20 03:10:27,000697BE7E,Unknown
2009-05-20 03:12:54,00065D9BC6,Unknown
2009-05-20 03:13:40,00068E0587,Unknown
2009-05-20 03:13:49,0006979C67,Unknown
2009-05-20 03:13:50,00065D9BC6,Unknown
2009-05-20 03:26:42,000697BE7E,Unknown
2009-05-20 03:29:22,00065D9BC6,Unknown
2009-05-20 03:30:48,00068E0587,Unknown
2009-05-20 03:32:26,0006979C67,Unknown
2009-05-20 03:33:11,00068E3D57,Unknown
2009-05-20 03:33:31,000697BE7E,Unknown
2009-05-20 03:35:29,00065D9BC6,Unknown
2009-05-20 03:36:09,00068E3862,Unknown
2009-05-20 03:36:14,0006160637,Unknown
2009-05-20 03:37:33,00068E3862,Unknown
2009-05-20 03:37:40,0006979C67,Unknown
2009-05-20 03:43:16,0006979C67,Unknown
2009-05-20 03:44:07,00068E3D57,Unknown
2009-05-20 03:46:08,00065D81D3,Unknown
2009-05-20 03:46:22,000697BE7E,Unknown
2009-05-20 03:46:24,00065D81D3,Unknown
2009-05-20 03:46:56,00065D9BC6,Unknown
2009-05-20 03:47:01,0006160637,Unknown
2009-05-20 04:29:08,00065D9BC6,Unknown
2009-05-20 04:31:01,0006979C67,Unknown
2009-05-20 04:37:43,00068E0587,Unknown
2009-05-20 04:38:51,0006160637,Unknown
2009-05-20 04:39:28,00060D7AE7,Unknown
2009-05-20 04:40:22,00068E2D0E,Unknown
2009-05-20 04:41:24,00065EC57E,Unknown
2009-05-20 04:42:26,00068E3D73,Unknown
2009-05-20 04:44:44,0005FE0832,Unknown
2009-05-20 04:45:08,0006444F30,Unknown
2009-05-20 04:45:51,00068E2063,Unknown
2009-05-20 04:46:29,0006979D37,Unknown
2009-05-20 04:46:39,00068E1A38,Unknown
2009-05-20 04:48:54,00068E1A38,Unknown
2009-05-20 04:49:07,00068E1A38,Unknown
2009-05-20 04:53:48,0005FE0832,Unknown
2009-05-20 04:54:46,00068E1A38,Unknown
2009-05-20 04:57:50,00065D7D8B,Unknown
2009-05-20 04:59:14,00068E3862,Unknown
2009-05-20 05:12:12,0005FE0832,Unknown
2009-05-20 07:58:27,00065E632D,Unknown
2009-05-20 08:12:05,00065E632D,Unknown
2009-05-20 08:31:36,00065E632D,Unknown
2009-05-20 08:39:01,00065E632D,Unknown
2009-05-20 16:16:55,00065E632D,Unknown
2009-05-20 16:26:58,00065E632D,Unknown
2009-05-20 17:13:52,00065E632D,Unknown
2009-05-20 17:21:55,00065E632D,Unknown
2009-05-20 17:21:55,00068E1A46,Unknown
2009-05-20 17:21:55,00065EB019,Unknown
2009-05-20 17:21:55,000644514C,Unknown
2009-05-20 17:21:55,0006242035,Unknown
2009-05-20 17:21:55,00060F600D,Unknown
2009-05-20 17:21:55,000697D368,Unknown
2009-05-20 17:21:55,00068EA92B,Unknown
2009-05-20 17:21:55,0000F8007E,Unknown
2009-05-20 17:21:55,00068E2227,Unknown
2009-05-20 17:21:55,00068E3546,Unknown
2009-05-20 17:21:55,00068E3435,Unknown
2009-05-20 17:21:55,00068EAF1A,Unknown
2009-05-20 17:21:55,00068E1878,Unknown
2009-05-20 17:26:11,00065E632D,Unknown
2009-05-20 17:31:30,00065E632D,Unknown
2009-05-20 21:11:11,00061D3DC5,Unknown
2009-05-20 21:11:58,0006979C67,Unknown
2009-05-20 21:22:44,00068E1FDB,Unknown
2009-05-20 21:23:24,0005FE0832,Unknown
2009-05-20 21:24:16,00068EAD8A,Unknown
2009-05-20 21:25:16,00065EB6E2,Unknown
2009-05-20 21:25:19,0006160637,Unknown
2009-05-20 21:26:29,00068E17E7,Unknown
2009-05-20 21:26:34,00065D81D3,Unknown
2009-05-20 21:26:41,000697BE7E,Unknown
2009-05-20 21:26:57,00068E3862,Unknown
2009-05-20 21:27:00,00065EC57E,Unknown
2009-05-20 21:27:08,00068E1A38,Unknown
2009-05-20 21:27:20,000697B0DE,Unknown
2009-05-20 21:27:24,0006979BE8,Unknown
2009-05-20 21:27:27,00068E3D73,Unknown
2009-05-20 21:27:30,00065DD7F6,Unknown
2009-05-20 21:28:02,00065D7D8B,Unknown
2009-05-20 21:28:16,0006444F30,Unknown
2009-05-20 21:28:32,00068E2D0E,Unknown
2009-05-20 21:28:47,00068E3D57,Unknown
2009-05-20 21:30:04,0006979D37,Unknown
2009-05-20 21:30:15,0006979D37,Unknown
2009-05-20 21:30:23,00060FA7EA,Unknown
2009-05-20 21:30:26,0006979D37,Unknown
2009-05-20 21:30:28,00068E2063,Unknown
2009-05-20 21:32:27,00060D7AE7,Unknown
2009-05-20 21:34:21,00068E0587,Unknown
2009-05-20 21:36:59,00065D9BC6,Unknown
2009-05-20 21:41:10,0006B29397,Unknown
2009-05-20 21:41:22,0006B29397,Unknown
2009-05-20 21:41:28,0006B23FC3,Unknown
2009-05-20 21:41:33,0006B29397,Unknown
2009-05-20 21:41:44,0006B29397,Unknown
2009-05-20 21:41:55,0006B29397,Unknown
2009-05-20 21:42:00,0006B29E36,Unknown
2009-05-20 21:42:02,0006B2C54B,Unknown
2009-05-20 21:42:16,0006B24793,Unknown
2009-05-20 21:42:27,0006B24793,Unknown
2009-05-20 21:42:44,00068E393F,Unknown
2009-05-20 21:42:51,0006B2B86F,Unknown
2009-05-20 21:42:57,0006B29CA8,Unknown
2009-05-20 21:43:04,0006B247DD,Unknown
2009-05-20 21:43:09,0006B29397,Unknown
2009-05-20 21:43:11,0006B22C00,Unknown
2009-05-20 21:43:22,0006B2A99B,Unknown
2009-05-20 21:44:19,0006B21BA7,Unknown
2009-05-20 21:44:30,0006B21BA7,Unknown
2009-05-20 21:46:30,0006B2BB54,Unknown
2009-05-20 21:46:49,0006B296A1,Unknown
2009-05-20 21:47:30,00068E3439,Unknown
2009-05-20 21:48:32,0006B2BB73,Unknown
2009-05-20 21:48:37,0006B2245D,Unknown
2009-05-20 21:48:51,0006B21CF7,Unknown
2009-05-20 21:49:07,0006B29991,Unknown
2009-05-20 21:49:22,00068E96EC,Unknown
2009-05-20 21:50:45,0006B245C0,Unknown
2009-05-20 21:50:56,0006B245C0,Unknown
2009-05-20 21:51:13,00068E96EC,Unknown
2009-05-20 21:51:15,0006B245C0,Unknown
2009-05-21 08:09:12,00065E632D,Unknown
2009-05-21 08:12:44,00065E632D,Unknown
2009-05-21 09:02:21,00065E632D,Unknown
2009-05-21 09:05:30,00065E632D,Unknown
2009-05-21 09:12:02,00065E632D,Unknown
2009-05-21 09:24:04,00065E632D,Unknown
2009-05-21 09:25:58,00065E632D,Unknown
2009-05-21 19:26:18,00065E632D,Unknown
2009-05-21 19:30:18,00065E632D,Unknown
2009-05-21 19:36:04,00065E632D,Unknown
2009-05-21 19:40:40,00065E632D,Unknown
2009-05-21 19:45:55,00065E632D,Unknown
2009-05-21 19:46:50,00068E3862,Unknown
2009-05-21 21:03:22,00060FA7EA,Unknown
2009-05-21 21:17:58,0006979D37,Unknown
2009-05-21 21:18:09,0006979D37,Unknown
2009-05-21 21:18:41,00068EAD8A,Unknown
2009-05-21 21:18:53,00068EAD8A,Unknown
2009-05-21 21:19:04,00068EAD8A,Unknown
2009-05-21 21:19:17,0005FE0832,Unknown
2009-05-21 21:20:57,00068E3862,Unknown
2009-05-21 21:21:08,00068E3862,Unknown
2009-05-21 21:21:21,00068E2D0E,Unknown
2009-05-21 21:21:56,0006979C67,Unknown
2009-05-21 21:22:02,00068E2D0E,Unknown
2009-05-21 21:22:26,00068EAD8A,Unknown
2009-05-21 21:24:00,00068E2063,Unknown
2009-05-21 21:24:21,00068E17E7,Unknown
2009-05-21 21:25:11,00061D3DC5,Unknown
2009-05-21 21:25:33,00068E1FDB,Unknown
2009-05-21 21:25:35,00065EB6E2,Unknown
2009-05-21 21:25:40,0006160637,Unknown
2009-05-21 21:25:49,00068E1FDB,Unknown
2009-05-21 21:26:00,00068E1FDB,Unknown
2009-05-21 21:27:47,00068E3D73,Unknown
2009-05-21 21:28:01,0006979BE8,Unknown
2009-05-21 21:28:11,00065D81D3,Unknown
2009-05-21 21:28:28,00068E2063,Unknown
2009-05-21 21:28:41,000697BE7E,Unknown
2009-05-21 21:29:28,00068E2227,Unknown
2009-05-21 21:29:30,00065EC57E,Unknown
2009-05-21 21:29:40,00065DD7F6,Unknown
2009-05-21 21:29:51,00065DD7F6,Unknown
2009-05-21 21:29:54,000697BE7E,Unknown
2009-05-21 21:29:58,0006444F30,Unknown
2009-05-21 21:30:06,0006979D37,Unknown
2009-05-21 21:33:19,00060FA7EA,Unknown
2009-05-21 21:33:23,00068E1A38,Unknown
2009-05-21 21:33:31,00068E3D57,Unknown
2009-05-21 21:34:00,0000F8007E,Unknown
2009-05-21 21:34:06,00065EB019,Unknown
2009-05-21 21:36:17,00060D7AE7,Unknown
2009-05-21 21:36:51,00068E0587,Unknown
2009-05-21 21:37:06,00068E0587,Unknown
2009-05-21 21:37:17,00065D7D8B,Unknown
2009-05-21 21:37:17,00068E1A46,Unknown
2009-05-21 21:37:40,00068EAF1A,Unknown
2009-05-21 21:38:33,000697B0DE,Unknown
2009-05-21 21:38:56,00068E19F7,Unknown
2009-05-21 21:39:14,00068E3435,Unknown
2009-05-21 21:40:26,00065D9BC6,Unknown
2009-05-21 21:43:23,0006242035,Unknown
2009-05-21 21:43:53,00068E1878,Unknown
2009-05-21 21:49:58,00068E3546,Unknown
2009-05-21 21:50:42,0001F7D573,Unknown
2009-05-21 21:50:54,00065EC1B3,Unknown
2009-05-21 21:50:58,000697C596,Unknown
2009-05-21 21:51:15,000644514C,Unknown
2009-05-21 21:52:48,00068EA92B,Unknown
2009-05-21 21:53:32,000697D368,Unknown
2009-05-21 21:55:21,00060F600D,Unknown
2009-05-22 01:07:39,00001F5C08,Unknown
2009-05-22 04:14:29,00068E1A46,Unknown
2009-05-22 04:15:25,00068E1A46,Unknown
2009-05-22 04:15:39,00068E1A46,Unknown
2009-05-22 04:33:39,000697D368,Unknown
2009-05-22 04:34:03,00068E1878,Unknown
2009-05-22 04:34:45,00068EAF1A,Unknown
2009-05-22 04:38:09,00068E1878,Unknown
2009-05-22 04:38:18,000697D368,Unknown
2009-05-22 05:01:16,00068E1A46,Unknown
2009-05-22 05:01:39,00068E2227,Unknown
2009-05-22 05:03:53,00068E1A46,Unknown
2009-05-22 05:04:01,0006242035,Unknown
2009-05-22 08:56:14,00065E632D,Unknown
2009-05-22 09:04:16,00065E632D,Unknown
2009-05-22 09:10:27,00065E632D,Unknown
2009-05-22 09:17:03,00065E632D,Unknown
2009-05-22 15:57:50,00065E632D,Unknown
2009-05-22 15:59:37,00065E632D,Unknown
2009-05-22 16:03:43,00065E632D,Unknown
2009-05-22 21:20:26,0005FE0832,Unknown
2009-05-22 21:20:51,00068E3862,Unknown
2009-05-22 21:21:02,00068E3862,Unknown
2009-05-22 21:24:56,00060FA7EA,Unknown
2009-05-22 21:25:39,0006979C67,Unknown
2009-05-22 21:25:54,00068E1FDB,Unknown
2009-05-22 21:26:05,00068E1FDB,Unknown
2009-05-22 21:26:16,00068E1FDB,Unknown
2009-05-22 21:26:39,0006444F30,Unknown
2009-05-22 21:26:41,00068E1A38,Unknown
2009-05-22 21:27:24,00068E3862,Unknown
2009-05-22 21:27:25,00068E3D73,Unknown
2009-05-22 21:27:38,00068E3862,Unknown
2009-05-22 21:28:03,00068E3862,Unknown
2009-05-22 21:28:11,00068E1A38,Unknown
2009-05-22 21:28:22,00068E1A38,Unknown
2009-05-22 21:28:54,0006160637,Unknown
2009-05-22 21:29:25,0006979D37,Unknown
2009-05-22 21:29:40,0006979D37,Unknown
2009-05-22 21:30:30,00068E17E7,Unknown
2009-05-22 21:31:21,00065D81D3,Unknown
2009-05-22 21:31:36,00065D81D3,Unknown
2009-05-22 21:31:47,00065D81D3,Unknown
2009-05-22 21:32:10,00065EC57E,Unknown
2009-05-22 21:32:12,000697B0DE,Unknown
2009-05-22 21:32:23,000697B0DE,Unknown
2009-05-22 21:32:24,00065DD7F6,Unknown
2009-05-22 21:33:32,00065D81D3,Unknown
2009-05-22 21:33:43,00065D81D3,Unknown
2009-05-22 21:33:54,00065D81D3,Unknown
2009-05-22 21:33:55,00061D3DC5,Unknown
2009-05-22 21:34:02,000697BE7E,Unknown
2009-05-22 21:34:51,00068E3D57,Unknown
2009-05-22 21:35:46,00068E2D0E,Unknown
2009-05-22 21:35:56,00060D7AE7,Unknown
2009-05-22 21:37:03,00068E2227,Unknown
2009-05-22 21:37:19,00065EB6E2,Unknown
2009-05-22 21:37:37,00068E2063,Unknown
2009-05-22 21:37:44,0006979D37,Unknown
2009-05-22 21:43:22,00065D9BC6,Unknown
2009-05-22 21:43:25,00068E0587,Unknown
2009-05-22 21:47:13,0006242035,Unknown
2009-05-22 21:47:33,00068E3546,Unknown
2009-05-22 21:48:31,00068E3435,Unknown
2009-05-22 21:48:46,000697C596,Unknown
2009-05-22 21:49:46,00068E1878,Unknown
2009-05-22 21:51:17,00001F5C08,Unknown
2009-05-22 21:54:28,000697D368,Unknown
2009-05-22 21:54:41,00068EAF1A,Unknown
2009-05-22 21:54:57,00068E1A46,Unknown
2009-05-22 21:55:08,00068E1A46,Unknown
2009-05-22 21:56:16,000644514C,Unknown
2009-05-22 21:58:27,00060F600D,Unknown
2009-05-22 21:59:36,00068EA92B,Unknown
2009-05-23 04:22:47,00065EB019,Unknown
2009-05-23 04:33:51,0006B29E36,Unknown
2009-05-23 04:34:32,00068E1878,Unknown
2009-05-23 04:35:33,0006242035,Unknown
2009-05-23 04:36:31,00068E3435,Unknown
2009-05-23 04:37:19,0000F8007E,Unknown
2009-05-23 04:37:25,00068EAF1A,Unknown
2009-05-23 04:38:45,00068EAD8A,Unknown
2009-05-23 04:39:09,00065D81D3,Unknown
2009-05-23 04:39:22,00065D7D8B,Unknown
2009-05-23 04:39:38,00068E2227,Unknown
2009-05-23 04:39:43,00065D7D8B,Unknown
2009-05-23 04:41:01,00065DD7F6,Unknown
2009-05-23 04:42:54,00065D81D3,Unknown
2009-05-23 04:43:59,00068E3546,Unknown
2009-05-23 04:48:10,00068E1A46,Unknown
2009-05-23 04:51:04,0006979BE8,Unknown
2009-05-23 04:52:34,00065EC57E,Unknown
2009-05-23 04:54:13,000697B0DE,Unknown
2009-05-23 04:54:17,00068E1FDB,Unknown
2009-05-23 05:02:02,00065D81D3,Unknown
2009-05-23 08:15:33,00065E632D,Unknown
2009-05-23 08:27:08,00065E632D,Unknown
2009-05-23 08:33:05,00065E632D,Unknown
2009-05-23 15:27:33,00065E632D,Unknown
2009-05-23 15:29:09,00065E632D,Unknown
2009-05-23 15:32:43,00065E632D,Unknown
2009-05-23 21:03:04,00061D3DC5,Unknown
2009-05-23 21:09:35,0006160637,Unknown
2009-05-23 21:09:47,0006160637,Unknown
2009-05-23 21:09:59,0006160637,Unknown
2009-05-23 21:10:10,0006160637,Unknown
2009-05-23 21:10:13,00060FA7EA,Unknown
2009-05-23 21:10:46,00068E3D57,Unknown
2009-05-23 21:12:12,0005FE0832,Unknown
2009-05-23 21:12:19,0006979C67,Unknown
2009-05-23 21:12:50,000697BE7E,Unknown
2009-05-23 21:12:52,00068E2063,Unknown
2009-05-23 21:12:59,00060D7AE7,Unknown
2009-05-23 21:13:58,00068E1A38,Unknown
2009-05-23 21:16:24,00065EB6E2,Unknown
2009-05-23 21:24:17,00068E3862,Unknown
2009-05-23 21:25:40,0006444F30,Unknown
2009-05-23 21:30:23,00068E0587,Unknown
2009-05-23 21:30:33,0006979D37,Unknown
2009-05-23 21:31:18,00065D9BC6,Unknown
2009-05-23 21:33:05,00068E2227,Unknown
2009-05-23 21:33:45,00068EAD8A,Unknown
2009-05-23 21:33:59,00068E3D73,Unknown
2009-05-23 21:34:05,0006979BE8,Unknown
2009-05-23 21:35:14,00068E17E7,Unknown
2009-05-23 21:35:26,00065EC57E,Unknown
2009-05-23 21:35:28,00068E1FDB,Unknown
2009-05-23 21:35:39,00068E1FDB,Unknown
2009-05-23 21:35:49,00065DD7F6,Unknown
2009-05-23 21:35:59,00065D81D3,Unknown
2009-05-23 21:36:10,00065D81D3,Unknown
2009-05-23 21:36:20,000697B0DE,Unknown
2009-05-23 21:36:57,00065D7D8B,Unknown
2009-05-23 21:42:30,00065EB019,Unknown
2009-05-23 21:43:02,00068E3546,Unknown
2009-05-23 21:43:24,0001F7D573,Unknown
2009-05-23 21:45:53,0006242035,Unknown
2009-05-23 21:45:59,00068E19F7,Unknown
2009-05-23 21:46:58,00068E3435,Unknown
2009-05-23 21:48:13,000697D368,Unknown
2009-05-23 21:51:08,00068E1878,Unknown
2009-05-23 21:51:28,00068EA92B,Unknown
2009-05-23 21:53:49,000644514C,Unknown
2009-05-23 21:54:04,00068E1A46,Unknown
2009-05-23 21:55:25,00060F600D,Unknown
2009-05-24 01:59:56,0001F7D573,Unknown
2009-05-24 02:00:08,000644514C,Unknown
2009-05-24 02:03:17,000644514C,Unknown
2009-05-24 02:10:12,000697D368,Unknown
2009-05-24 02:11:23,000644514C,Unknown
2009-05-24 02:16:55,00065D81D3,Unknown
2009-05-24 02:17:09,00065D81D3,Unknown
2009-05-24 02:18:54,00068E3D73,Unknown
2009-05-24 02:36:13,00068E3D73,Unknown
2009-05-24 04:31:14,00065D7D8B,Unknown
2009-05-24 04:33:30,00068EAD8A,Unknown
2009-05-24 04:39:50,00065DD7F6,Unknown
2009-05-24 04:43:15,00065EC57E,Unknown
2009-05-24 04:43:58,00068E17E7,Unknown
2009-05-24 04:47:02,00068E1FDB,Unknown
2009-05-24 04:47:41,0006979BE8,Unknown
2009-05-24 04:49:59,00065D81D3,Unknown
2009-05-24 04:54:51,000697B0DE,Unknown
2009-05-24 08:28:13,00065E632D,Unknown
2009-05-24 08:38:28,00065E632D,Unknown
2009-05-24 08:45:16,00065E632D,Unknown
2009-05-24 14:33:48,00065E632D,Unknown
2009-05-24 14:36:30,00065E632D,Unknown
2009-05-24 14:38:22,00065E632D,Unknown
2009-05-24 14:41:25,00065E632D,Unknown
2009-05-24 21:16:38,00068E3862,Unknown
2009-05-24 21:16:51,00068E3862,Unknown
2009-05-24 21:17:19,00068E3862,Unknown
2009-05-24 21:17:30,00068E3862,Unknown
2009-05-24 21:21:31,0006979C67,Unknown
2009-05-24 21:21:42,0006979C67,Unknown
2009-05-24 21:22:41,00060FA7EA,Unknown
2009-05-24 21:22:49,00061D3DC5,Unknown
2009-05-24 21:23:02,00068E2D0E,Unknown
2009-05-24 21:28:57,00068E2227,Unknown
2009-05-24 21:31:55,0005FE0832,Unknown
2009-05-24 21:32:33,00065EB6E2,Unknown
2009-05-24 21:32:44,000697BE7E,Unknown
2009-05-24 21:35:00,0006979C67,Unknown
2009-05-24 21:36:13,00065EB019,Unknown
2009-05-24 21:36:25,00068E3D57,Unknown
2009-05-24 21:37:10,00068E1FDB,Unknown
2009-05-24 21:37:20,0006242035,Unknown
2009-05-24 21:37:32,00068E1FDB,Unknown
2009-05-24 21:37:36,0006979D37,Unknown
2009-05-24 21:37:40,00060D7AE7,Unknown
2009-05-24 21:37:42,00068E3D73,Unknown
2009-05-24 21:37:57,00065EC57E,Unknown
2009-05-24 21:38:55,00068EAD8A,Unknown
2009-05-24 21:38:56,00065D81D3,Unknown
2009-05-24 21:40:16,00068E3546,Unknown
2009-05-24 21:42:20,00065DD7F6,Unknown
2009-05-24 21:42:24,00068E17E7,Unknown
2009-05-24 21:42:45,000697B0DE,Unknown
2009-05-24 21:42:47,00068E19F7,Unknown
2009-05-24 21:42:52,0006979BE8,Unknown
2009-05-24 21:42:52,00068EAF1A,Unknown
2009-05-24 21:43:17,0001F7D573,Unknown
2009-05-24 21:43:48,00065D7D8B,Unknown
2009-05-24 21:43:57,00068E3435,Unknown
2009-05-24 21:45:39,0000F8007E,Unknown
2009-05-24 21:48:25,00060F600D,Unknown
2009-05-24 21:49:20,000697D368,Unknown
2009-05-24 21:50:18,00068E1878,Unknown
2009-05-24 21:51:31,000697C596,Unknown
2009-05-24 21:55:31,00068E1A46,Unknown
2009-05-24 21:55:42,000644514C,Unknown
2009-05-25 00:36:53,000697C596,Unknown
2009-05-25 00:54:42,00068E1A46,Unknown
2009-05-25 00:54:54,0000F8007E,Unknown
2009-05-25 00:55:20,00068E1A46,Unknown
2009-05-25 01:12:34,00068E19F7,Unknown
2009-05-25 02:26:00,00068E3D73,Unknown
2009-05-25 02:53:15,000697BE7E,Unknown
2009-05-25 02:53:32,0006160637,Unknown
2009-05-25 02:54:04,00068E1A38,Unknown
2009-05-25 02:58:31,0006160637,Unknown
2009-05-25 02:59:22,00068E1A38,Unknown
2009-05-25 02:59:39,000697BE7E,Unknown
2009-05-25 03:07:09,00065D9BC6,Unknown
2009-05-25 03:07:43,0006160637,Unknown
2009-05-25 03:07:49,00068E1A38,Unknown
2009-05-25 03:08:35,00068E0587,Unknown
2009-05-25 03:14:33,00068E0587,Unknown
2009-05-25 03:14:53,00068E1A38,Unknown
2009-05-25 03:14:59,0006160637,Unknown
2009-05-25 03:15:19,00065D9BC6,Unknown
2009-05-25 03:32:31,00065D9BC6,Unknown
2009-05-25 03:32:37,0006444F30,Unknown
2009-05-25 03:32:55,0006979C67,Unknown
2009-05-25 03:34:45,00065D9BC6,Unknown
2009-05-25 03:36:34,0006979C67,Unknown
2009-05-25 03:36:59,0006444F30,Unknown
2009-05-25 04:13:30,00065E632D,Unknown
2009-05-25 04:13:30,00065DA08A,Unknown
2009-05-25 04:13:30,00068E9C1A,Unknown
2009-05-25 04:13:30,00065EA1D4,Unknown
2009-05-25 04:13:30,00068E9134,Unknown
2009-05-25 04:13:30,0006179D52,Unknown
2009-05-25 04:13:30,0006979863,Unknown
2009-05-25 04:13:30,00065EC37B,Unknown
2009-05-25 04:13:30,000697BD11,Unknown
2009-05-25 04:32:41,00065DD7F6,Unknown
2009-05-25 04:33:10,00065EC57E,Unknown
2009-05-25 04:33:19,00068EAD8A,Unknown
2009-05-25 04:33:46,00065D7D8B,Unknown
2009-05-25 04:34:40,000697BE7E,Unknown
2009-05-25 04:34:44,00065D9BC6,Unknown
2009-05-25 04:35:01,00068E17E7,Unknown
2009-05-25 04:35:06,00068E0587,Unknown
2009-05-25 04:35:27,00061D3DC5,Unknown
2009-05-25 04:35:40,0006444F30,Unknown
2009-05-25 04:36:11,00068E3D57,Unknown
2009-05-25 04:36:36,00068E2063,Unknown
2009-05-25 04:36:40,0006979D37,Unknown
2009-05-25 04:36:54,0006160637,Unknown
2009-05-25 04:39:30,0006979BE8,Unknown
2009-05-25 04:41:09,0006979C67,Unknown
2009-05-25 04:41:57,00068E1878,Unknown
2009-05-25 04:42:42,00068E3546,Unknown
2009-05-25 04:42:53,00068E3546,Unknown
2009-05-25 04:43:04,00068E2D0E,Unknown
2009-05-25 04:43:09,00068EAF1A,Unknown
2009-05-25 04:43:29,00068E3435,Unknown
2009-05-25 04:45:46,00068E3862,Unknown
2009-05-25 04:46:24,00068E1A38,Unknown
2009-05-25 04:46:27,0005FE0832,Unknown
2009-05-25 04:46:59,00060D7AE7,Unknown
2009-05-25 04:48:20,00065EC1B3,Unknown
2009-05-25 04:49:07,00065EC1B3,Unknown
2009-05-25 04:50:56,00068E1FDB,Unknown
2009-05-25 04:50:57,00068E1A46,Unknown
2009-05-25 04:55:52,000697B0DE,Unknown
2009-05-25 05:12:28,00068E2227,Unknown
2009-05-25 08:39:51,00065E632D,Unknown
2009-05-25 08:51:14,00065E632D,Unknown
2009-05-25 08:59:04,00065E632D,Unknown
2009-05-25 09:04:05,00065E632D,Unknown
2009-05-25 13:55:23,00065E632D,Unknown
2009-05-25 13:59:03,00065E632D,Unknown
2009-05-25 14:02:13,00065E632D,Unknown
2009-05-25 16:07:43,00068E1FDB,Unknown
2009-05-25 21:14:15,00061D3DC5,Unknown
2009-05-25 21:16:52,0005FE0832,Unknown
2009-05-25 21:17:03,0005FE0832,Unknown
2009-05-25 21:19:40,00068E3862,Unknown
2009-05-25 21:19:46,0006160637,Unknown
2009-05-25 21:19:57,0006160637,Unknown
2009-05-25 21:20:08,0006160637,Unknown
2009-05-25 21:26:44,00068E2063,Unknown
2009-05-25 21:27:56,00060FA7EA,Unknown
2009-05-25 21:28:11,0006979C67,Unknown
2009-05-25 21:28:14,00068E3D57,Unknown
2009-05-25 21:29:41,00068EAD8A,Unknown
2009-05-25 21:29:53,00068EAD8A,Unknown
2009-05-25 21:29:56,00065EB6E2,Unknown
2009-05-25 21:30:07,00065EB6E2,Unknown
2009-05-25 21:30:18,00065EB6E2,Unknown
2009-05-25 21:30:29,00065EB6E2,Unknown
2009-05-25 21:30:41,00065EB6E2,Unknown
2009-05-25 21:31:25,00068E17E7,Unknown
2009-05-25 21:31:28,00068E2227,Unknown
2009-05-25 21:31:53,0006444F30,Unknown
2009-05-25 21:32:07,00068E2D0E,Unknown
2009-05-25 21:32:09,00065D81D3,Unknown
2009-05-25 21:32:21,00065D81D3,Unknown
2009-05-25 21:32:32,00065D81D3,Unknown
2009-05-25 21:33:25,000697BE7E,Unknown
2009-05-25 21:34:51,00068E1A38,Unknown
2009-05-25 21:39:25,0006242035,Unknown
2009-05-25 21:39:54,00068EAF1A,Unknown
2009-05-25 21:40:41,00060D7AE7,Unknown
2009-05-25 21:40:45,00068E3D73,Unknown
2009-05-25 21:42:00,000697B0DE,Unknown
2009-05-25 21:42:07,0006979BE8,Unknown
2009-05-25 21:42:10,00068E3435,Unknown
2009-05-25 21:42:20,00068E1FDB,Unknown
2009-05-25 21:42:26,00068E1878,Unknown
2009-05-25 21:42:32,00068EA92B,Unknown
2009-05-25 21:42:51,00068E3546,Unknown
2009-05-25 21:43:20,00065EC57E,Unknown
2009-05-25 21:43:48,00065DD7F6,Unknown
2009-05-25 21:44:52,00065D7D8B,Unknown
2009-05-25 21:45:03,00065D7D8B,Unknown
2009-05-25 21:45:08,00068E19F7,Unknown
2009-05-25 21:45:14,00065D7D8B,Unknown
2009-05-25 21:45:16,00068E0587,Unknown
2009-05-25 21:45:34,0006979D37,Unknown
2009-05-25 21:48:57,00065D9BC6,Unknown
2009-05-25 21:50:08,00065EC1B3,Unknown
2009-05-25 21:50:12,00001F5C08,Unknown
2009-05-25 21:50:18,000644514C,Unknown
2009-05-25 21:51:43,00068E1A46,Unknown
2009-05-25 21:52:02,00060F600D,Unknown
2009-05-26 00:28:28,00061D3DC5,Unknown
2009-05-26 00:28:39,00061D3DC5,Unknown
2009-05-26 04:30:22,00065DD7F6,Unknown
2009-05-26 04:38:31,00065DD7F6,Unknown
2009-05-26 04:43:48,00065D81D3,Unknown
2009-05-26 04:44:02,00065D7D8B,Unknown
2009-05-26 04:44:09,00068EAD8A,Unknown
2009-05-26 04:44:50,00065DD7F6,Unknown
2009-05-26 04:48:18,000697B0DE,Unknown
2009-05-26 04:52:25,00068EA92B,Unknown
2009-05-26 04:52:48,00065EC57E,Unknown
2009-05-26 04:53:03,00068E1FDB,Unknown
2009-05-26 04:53:57,00068E17E7,Unknown
2009-05-26 04:54:09,00068EAF1A,Unknown
2009-05-26 04:54:53,00068EAF1A,Unknown
2009-05-26 04:56:22,00068EAF1A,Unknown
2009-05-26 04:56:23,0000F8007E,Unknown
2009-05-26 04:59:46,00068EA92B,Unknown
2009-05-26 05:01:12,0006979BE8,Unknown
2009-05-26 05:04:12,00068EA92B,Unknown
2009-05-26 05:04:45,00068EAF1A,Unknown
2009-05-26 05:04:59,00068E1A46,Unknown
2009-05-26 05:05:25,00068E3435,Unknown
2009-05-26 05:05:37,00068E2227,Unknown
2009-05-26 08:16:12,00065E632D,Unknown
2009-05-26 08:24:30,00065E632D,Unknown
2009-05-26 08:30:24,00065E632D,Unknown
2009-05-26 11:52:48,00065E632D,Unknown
2009-05-26 11:54:42,00065E632D,Unknown
2009-05-26 11:56:58,00065E632D,Unknown
2009-05-26 11:59:48,00065E632D,Unknown
2009-05-26 21:23:04,00060FA7EA,Unknown
2009-05-26 21:24:19,00061D3DC5,Unknown
2009-05-26 21:26:51,0006160637,Unknown
2009-05-26 21:31:02,00060D7AE7,Unknown
2009-05-26 21:31:39,00068E2227,Unknown
2009-05-26 21:36:08,000697BE7E,Unknown
2009-05-26 21:36:19,000697BE7E,Unknown
2009-05-26 21:37:37,0006444F30,Unknown
2009-05-26 21:41:33,0006979C67,Unknown
2009-05-26 21:42:11,00065EB6E2,Unknown
2009-05-26 21:42:55,00065D81D3,Unknown
2009-05-26 21:43:06,00065D81D3,Unknown
2009-05-26 21:43:15,00068E2063,Unknown
2009-05-26 21:43:17,00065D81D3,Unknown
2009-05-26 21:43:25,0006979BE8,Unknown
2009-05-26 21:43:41,0005FE0832,Unknown
2009-05-26 21:43:55,00068E2D0E,Unknown
2009-05-26 21:44:03,0006979D37,Unknown
2009-05-26 21:45:20,00068E1FDB,Unknown
2009-05-26 21:46:10,00068E3D57,Unknown
2009-05-26 21:46:17,00068E3D73,Unknown
2009-05-26 21:46:19,00065EC57E,Unknown
2009-05-26 21:46:44,00068EAF1A,Unknown
2009-05-26 21:47:10,00068EAD8A,Unknown
2009-05-26 21:47:12,00068E17E7,Unknown
2009-05-26 21:47:19,00065DD7F6,Unknown
2009-05-26 21:47:19,00068E0587,Unknown
2009-05-26 21:47:24,000697BE7E,Unknown
2009-05-26 21:47:42,000697B0DE,Unknown
2009-05-26 21:47:51,00065DD7F6,Unknown
2009-05-26 21:48:03,00065DD7F6,Unknown
2009-05-26 21:48:08,00065D7D8B,Unknown
2009-05-26 21:48:56,00068E1878,Unknown
2009-05-26 21:49:11,00065EB019,Unknown
2009-05-26 21:50:58,00065D9BC6,Unknown
2009-05-26 21:52:26,00068E3546,Unknown
2009-05-26 21:54:35,0006242035,Unknown
2009-05-26 21:55:09,00068E19F7,Unknown
2009-05-26 21:55:34,00068E3435,Unknown
2009-05-26 21:56:41,00001F5C08,Unknown
2009-05-26 21:57:20,000644514C,Unknown
2009-05-26 21:59:00,0000F8007E,Unknown
2009-05-26 21:59:04,00068E1A46,Unknown
2009-05-26 21:59:55,0001F7D573,Unknown
2009-05-26 22:01:19,00065EC1B3,Unknown
2009-05-26 22:03:18,00060F600D,Unknown
2009-05-26 22:03:34,000697D368,Unknown
2009-05-26 23:27:23,00068E3546,Unknown
2009-05-26 23:28:31,00068E19F7,Unknown
2009-05-26 23:28:33,00068E3546,Unknown
2009-05-27 00:16:45,00068E1A46,Unknown
2009-05-27 00:44:29,00065D9BC6,Unknown
2009-05-27 02:06:57,00068E3D73,Unknown
2009-05-27 04:06:04,00068E1A46,Unknown
2009-05-27 04:06:53,00068E1A46,Unknown
2009-05-27 04:07:05,00068E1A46,Unknown
2009-05-27 04:07:11,00065EB019,Unknown
2009-05-27 04:17:55,00065DD7F6,Unknown
2009-05-27 04:30:24,00065DD7F6,Unknown
2009-05-27 04:32:42,00065DD7F6,Unknown
2009-05-27 04:47:22,00065DD7F6,Unknown
2009-05-27 04:57:43,00065DD7F6,Unknown
2009-05-27 08:48:00,00065E632D,Unknown
2009-05-27 08:56:36,00065E632D,Unknown
2009-05-27 09:05:24,00065E632D,Unknown
2009-05-27 09:12:27,00065E632D,Unknown
2009-05-27 15:04:51,00065E632D,Unknown
2009-05-27 15:13:18,00065E632D,Unknown
2009-05-27 15:14:47,00065E632D,Unknown
2009-05-27 21:20:27,00065EB6E2,Unknown
2009-05-27 21:20:39,00065EB6E2,Unknown
2009-05-27 21:20:50,00065EB6E2,Unknown
2009-05-27 21:22:58,00068E3862,Unknown
2009-05-27 21:24:44,00060FA7EA,Unknown
2009-05-27 21:26:30,000697BE7E,Unknown
2009-05-27 21:26:33,0005FE0832,Unknown
2009-05-27 21:30:00,00068E2063,Unknown
2009-05-27 21:30:42,00065EB6E2,Unknown
2009-05-27 21:30:46,0006979C67,Unknown
2009-05-27 21:31:14,00068E1FDB,Unknown
2009-05-27 21:31:29,00068E1FDB,Unknown
2009-05-27 21:31:44,00068E1FDB,Unknown
2009-05-27 21:31:53,0006160637,Unknown
2009-05-27 21:31:55,00068E1FDB,Unknown
2009-05-27 21:32:18,00065EC57E,Unknown
2009-05-27 21:32:25,00068E1A38,Unknown
2009-05-27 21:32:32,00060D7AE7,Unknown
2009-05-27 21:33:15,0006444F30,Unknown
2009-05-27 21:34:37,00068E3D57,Unknown
2009-05-27 21:35:50,00065D81D3,Unknown
2009-05-27 21:36:33,00068E17E7,Unknown
2009-05-27 21:36:47,0006979BE8,Unknown
2009-05-27 21:37:21,00065D81D3,Unknown
2009-05-27 21:37:23,00065D9BC6,Unknown
2009-05-27 21:37:40,00065D81D3,Unknown
2009-05-27 21:37:43,00068E3D73,Unknown
2009-05-27 21:37:45,00068EAD8A,Unknown
2009-05-27 21:38:02,00068E0587,Unknown
2009-05-27 21:38:32,00065EC57E,Unknown
2009-05-27 21:39:21,000697B0DE,Unknown
2009-05-27 21:47:02,00068E1878,Unknown
2009-05-27 21:48:14,0000F8007E,Unknown
2009-05-27 21:48:25,00068E3546,Unknown
2009-05-27 21:49:13,0006242035,Unknown
2009-05-27 21:49:45,00068E3435,Unknown
2009-05-27 21:49:51,0001F7D573,Unknown
2009-05-27 21:52:09,00068E19F7,Unknown
2009-05-27 21:52:31,000697D368,Unknown
2009-05-27 21:54:23,00068EA92B,Unknown
2009-05-27 21:57:14,00065EC1B3,Unknown
2009-05-27 21:58:51,000644514C,Unknown
2009-05-28 00:02:03,000697BE7E,Unknown
2009-05-28 00:02:30,000697BE7E,Unknown
2009-05-28 00:09:46,00065EB6E2,Unknown
2009-05-28 00:17:29,00068E17E7,Unknown
2009-05-28 00:17:40,00068E17E7,Unknown
2009-05-28 00:17:51,00068E17E7,Unknown
2009-05-28 01:52:14,000697B0DE,Unknown
2009-05-28 01:52:45,00065DD7F6,Unknown
2009-05-28 01:53:47,00068EAD8A,Unknown
2009-05-28 01:58:33,00065DD7F6,Unknown
2009-05-28 02:03:24,00068EAD8A,Unknown
2009-05-28 02:04:28,00068E17E7,Unknown
2009-05-28 02:04:41,000697B0DE,Unknown
2009-05-28 02:08:24,000697B0DE,Unknown
2009-05-28 02:08:31,0006979BE8,Unknown
2009-05-28 02:08:50,00065EC57E,Unknown
2009-05-28 02:09:22,00068E17E7,Unknown
2009-05-28 02:16:27,00065EC57E,Unknown
2009-05-28 02:16:42,000697B0DE,Unknown
2009-05-28 02:18:13,00068E1878,Unknown
2009-05-28 02:19:33,00068E17E7,Unknown
2009-05-28 02:20:10,0006979BE8,Unknown
2009-05-28 02:27:58,00068E1A46,Unknown
2009-05-28 02:28:06,0000F8007E,Unknown
2009-05-28 02:29:00,0000F8007E,Unknown
2009-05-28 02:29:48,00068E1A46,Unknown
2009-05-28 02:33:22,00068E1878,Unknown
2009-05-28 02:34:17,00065EC57E,Unknown
2009-05-28 02:36:15,000697D368,Unknown
2009-05-28 02:36:30,00068E3D73,Unknown
2009-05-28 02:45:45,00065DD7F6,Unknown
2009-05-28 02:50:36,00065EC57E,Unknown
2009-05-28 02:50:50,00068E3D73,Unknown
2009-05-28 03:14:32,00068E17E7,Unknown
2009-05-28 03:19:56,00068E17E7,Unknown
2009-05-28 04:02:15,00068EAD8A,Unknown
2009-05-28 04:05:25,00065EC57E,Unknown
2009-05-28 04:07:11,00065EC57E,Unknown
2009-05-28 04:13:54,00068EAD8A,Unknown
2009-05-28 04:24:05,000697C596,Unknown
2009-05-28 04:24:15,0006979BE8,Unknown
2009-05-28 04:25:04,00068E1878,Unknown
2009-05-28 04:25:36,00068E3435,Unknown
2009-05-28 04:25:53,000697B0DE,Unknown
2009-05-28 04:26:45,00068EAD8A,Unknown
2009-05-28 04:26:59,00068E1A46,Unknown
2009-05-28 04:27:09,00068E3546,Unknown
2009-05-28 04:27:50,00065EC57E,Unknown
2009-05-28 04:29:26,00065D7D8B,Unknown
2009-05-28 04:30:25,00068E17E7,Unknown
2009-05-28 04:34:03,00068E3D73,Unknown
2009-05-28 04:34:37,00068E2227,Unknown
2009-05-28 04:35:05,0001F7D573,Unknown
2009-05-28 04:35:43,00065DD7F6,Unknown
2009-05-28 04:39:28,000644514C,Unknown
2009-05-28 04:39:57,0006979BE8,Unknown
2009-05-28 04:45:29,00068E1FDB,Unknown
2009-05-28 04:46:05,0006979BE8,Unknown
2009-05-28 08:26:06,00065E632D,Unknown
2009-05-28 08:31:03,00065E632D,Unknown
2009-05-28 08:42:08,00065E632D,Unknown
2009-05-28 14:56:11,00065E632D,Unknown
2009-05-28 14:58:46,00065E632D,Unknown
2009-05-28 15:06:25,00065E632D,Unknown
2009-05-28 15:20:29,00065E632D,Unknown
2009-05-28 21:24:45,00068E3D57,Unknown
2009-05-28 21:24:50,0005FE0832,Unknown
2009-05-28 21:25:01,0005FE0832,Unknown
2009-05-28 21:25:07,00068E3D57,Unknown
2009-05-28 21:25:34,00068E3D57,Unknown
2009-05-28 21:28:07,00068E3862,Unknown
2009-05-28 21:28:18,00068E3862,Unknown
2009-05-28 21:29:17,000697BE7E,Unknown
2009-05-28 21:29:25,0006160637,Unknown
2009-05-28 21:33:30,00060FA7EA,Unknown
2009-05-28 21:33:41,00060FA7EA,Unknown
2009-05-28 21:33:52,00060FA7EA,Unknown
2009-05-28 21:34:03,00060FA7EA,Unknown
2009-05-28 21:34:15,00065EB6E2,Unknown
2009-05-28 21:34:23,00068E2063,Unknown
2009-05-28 21:34:57,00060D7AE7,Unknown
2009-05-28 21:35:44,0006979ABE,Unknown
2009-05-28 21:35:52,00068E1C26,Unknown
2009-05-28 21:36:30,00061013E4,Unknown
2009-05-28 21:36:42,00061013E4,Unknown
2009-05-28 21:37:47,0005FE0DAC,Unknown
2009-05-28 21:37:53,00068E0DE6,Unknown
2009-05-28 21:38:09,00068E3D73,Unknown
2009-05-28 21:38:11,0006444F30,Unknown
2009-05-28 21:38:13,00068EAD8A,Unknown
2009-05-28 21:38:14,00065D9BC6,Unknown
2009-05-28 21:38:16,000697A268,Unknown
2009-05-28 21:38:37,00060F66F2,Unknown
2009-05-28 21:38:44,0006979D37,Unknown
2009-05-28 21:38:45,0006979B84,Unknown
2009-05-28 21:39:19,0006979C67,Unknown
2009-05-28 21:39:27,00068E1A38,Unknown
2009-05-28 21:39:35,00068E0587,Unknown
2009-05-28 21:39:37,00068E0F02,Unknown
2009-05-28 21:39:41,00065EC57E,Unknown
2009-05-28 21:39:46,00068E0587,Unknown
2009-05-28 21:39:58,00068E0587,Unknown
2009-05-28 21:40:55,00068E35E1,Unknown
2009-05-28 21:41:15,00068E1FDB,Unknown
2009-05-28 21:41:21,00068E0DE6,Unknown
2009-05-28 21:42:25,0006979BE8,Unknown
2009-05-28 21:42:38,00068E17E7,Unknown
2009-05-28 21:42:41,00065DD7F6,Unknown
2009-05-28 21:42:52,00065DD7F6,Unknown
2009-05-28 21:43:13,00065D81D3,Unknown
2009-05-28 21:49:44,00065D7D8B,Unknown
2009-05-28 21:50:06,000697B0DE,Unknown
2009-05-28 21:55:20,00065EB019,Unknown
2009-05-28 21:57:51,00068E1878,Unknown
2009-05-28 21:58:50,00068E3546,Unknown
2009-05-28 22:00:41,00068E19F7,Unknown
2009-05-28 22:01:02,00068E3435,Unknown
2009-05-28 22:02:45,0006242035,Unknown
2009-05-28 22:07:44,0001F7D573,Unknown
2009-05-28 22:09:28,000697D368,Unknown
2009-05-28 22:13:40,00060F600D,Unknown
2009-05-28 22:14:03,000644514C,Unknown
2009-05-28 22:14:27,00065EC1B3,Unknown
2009-05-28 23:16:37,000697BE7E,Unknown
2009-05-28 23:17:04,000697BE7E,Unknown
2009-05-28 23:46:51,00068E3546,Unknown
2009-05-28 23:47:02,00068E3546,Unknown
2009-05-28 23:47:13,00068E19F7,Unknown
2009-05-28 23:48:03,0000F8007E,Unknown
2009-05-28 23:49:30,00068E19F7,Unknown
2009-05-29 00:16:33,00068E17E7,Unknown
2009-05-29 01:01:02,00065DD7F6,Unknown
2009-05-29 01:05:41,00068E3D73,Unknown
2009-05-29 01:10:31,00065D9BC6,Unknown
2009-05-29 01:11:35,00065DD7F6,Unknown
2009-05-29 01:12:51,00065D81D3,Unknown
2009-05-29 01:13:02,00065D81D3,Unknown
2009-05-29 01:13:57,00068E3D73,Unknown
2009-05-29 01:20:01,00065DD7F6,Unknown
2009-05-29 01:20:29,0006979BE8,Unknown
2009-05-29 01:21:13,00068E1FDB,Unknown
2009-05-29 01:22:51,00068E1FDB,Unknown
2009-05-29 01:23:02,00068E1FDB,Unknown
2009-05-29 01:23:18,00068E1FDB,Unknown
2009-05-29 01:25:28,00065EC57E,Unknown
2009-05-29 01:32:17,00060F66F2,Unknown
2009-05-29 01:33:20,00065DD7F6,Unknown
2009-05-29 01:35:23,0006979BE8,Unknown
2009-05-29 01:38:14,00065EC57E,Unknown
2009-05-29 01:40:51,00068E3D73,Unknown
2009-05-29 01:41:42,00068E3D73,Unknown
2009-05-29 01:54:57,00060F66F2,Unknown
2009-05-29 01:55:05,00068E1C26,Unknown
2009-05-29 02:02:11,00068E3D73,Unknown
2009-05-29 02:02:18,00068E17E7,Unknown
2009-05-29 02:12:02,0006979B84,Unknown
2009-05-29 02:13:13,0006979B84,Unknown
2009-05-29 02:13:23,00065EC57E,Unknown
2009-05-29 02:13:24,00060F66F2,Unknown
2009-05-29 02:17:16,00068E1C26,Unknown
2009-05-29 02:17:27,00068E1C26,Unknown
2009-05-29 02:19:31,00065D7D8B,Unknown
2009-05-29 02:40:26,00068EAD8A,Unknown
2009-05-29 02:42:16,00068E17E7,Unknown
2009-05-29 02:42:35,00065D7D8B,Unknown
2009-05-29 02:47:33,00065EC57E,Unknown
2009-05-29 02:47:40,00068E3D73,Unknown
2009-05-29 03:12:45,00068E3D73,Unknown
2009-05-29 03:15:59,00065EC57E,Unknown
2009-05-29 03:28:30,00065DD7F6,Unknown
2009-05-29 03:35:02,00068EAD8A,Unknown
2009-05-29 03:35:22,00060F66F2,Unknown
2009-05-29 03:42:24,00068E3D73,Unknown
2009-05-29 03:42:30,00065DD7F6,Unknown
2009-05-29 03:47:27,00065EC57E,Unknown
2009-05-29 03:49:25,00068EAD8A,Unknown
2009-05-29 04:01:48,00060F66F2,Unknown
2009-05-29 04:01:58,00061013E4,Unknown
2009-05-29 04:04:34,0006979B84,Unknown
2009-05-29 04:05:49,00068E3D73,Unknown
2009-05-29 04:06:23,00068EAD8A,Unknown
2009-05-29 04:08:48,00065D7D8B,Unknown
2009-05-29 04:08:53,000697B0DE,Unknown
2009-05-29 04:09:32,00068E35E1,Unknown
2009-05-29 04:09:50,0006979ABE,Unknown
2009-05-29 04:10:15,00068E0F02,Unknown
2009-05-29 04:10:20,0005FE0DAC,Unknown
2009-05-29 04:10:32,000697A268,Unknown
2009-05-29 04:11:34,00068E17E7,Unknown
2009-05-29 04:16:39,00065DD7F6,Unknown
2009-05-29 04:25:09,00068E1FDB,Unknown
2009-05-29 04:25:43,0006979BE8,Unknown
2009-05-29 04:26:04,00065EC57E,Unknown
2009-05-29 04:30:58,00068E1A46,Unknown
2009-05-29 04:31:41,00068E1A46,Unknown
2009-05-29 04:37:23,000697D368,Unknown
2009-05-29 04:37:39,0006242035,Unknown
2009-05-29 04:45:16,000697D368,Unknown
2009-05-29 08:08:19,00065E632D,Unknown
2009-05-29 08:40:11,00065E632D,Unknown
2009-05-29 08:52:28,00065E632D,Unknown
2009-05-29 09:00:55,00065E632D,Unknown
2009-05-29 15:42:25,00065E632D,Unknown
2009-05-29 15:51:15,00065E632D,Unknown
2009-05-29 15:53:57,00065E632D,Unknown
2009-05-29 16:02:56,00065E632D,Unknown
2009-05-29 21:26:08,00068E2063,Unknown
2009-05-29 21:26:17,00068E3862,Unknown
2009-05-29 21:27:24,00065D9BC6,Unknown
2009-05-29 21:27:35,00065D9BC6,Unknown
2009-05-29 21:27:41,0005FE0832,Unknown
2009-05-29 21:29:26,00068E1C26,Unknown
2009-05-29 21:30:00,0005FE0DAC,Unknown
2009-05-29 21:30:54,0006979ABE,Unknown
2009-05-29 21:31:00,00060FA7EA,Unknown
2009-05-29 21:31:12,00060FA7EA,Unknown
2009-05-29 21:31:23,00060FA7EA,Unknown
2009-05-29 21:31:41,000697A268,Unknown
2009-05-29 21:32:20,0006979C67,Unknown
2009-05-29 21:32:28,00061013E4,Unknown
2009-05-29 21:33:50,000697BE7E,Unknown
2009-05-29 21:34:10,00068E0F02,Unknown
2009-05-29 21:34:17,00060F66F2,Unknown
2009-05-29 21:34:21,0006979B84,Unknown
2009-05-29 21:34:32,00068E0DE6,Unknown
2009-05-29 21:34:38,00068E35E1,Unknown
2009-05-29 21:35:41,0006444F30,Unknown
2009-05-29 21:35:53,0006160637,Unknown
2009-05-29 21:36:01,00068E3D57,Unknown
2009-05-29 21:36:39,00065EB6E2,Unknown
2009-05-29 21:36:59,00060D7AE7,Unknown
2009-05-29 21:37:08,00068E0587,Unknown
2009-05-29 21:37:19,00068E0587,Unknown
2009-05-29 21:37:34,00068E1A38,Unknown
2009-05-29 21:40:39,00068EAD8A,Unknown
2009-05-29 21:40:44,00068E17E7,Unknown
2009-05-29 21:40:46,00068E3D73,Unknown
2009-05-29 21:41:18,00065EC57E,Unknown
2009-05-29 21:42:07,00068E1FDB,Unknown
2009-05-29 21:42:21,0006979BE8,Unknown
2009-05-29 21:45:28,00065D81D3,Unknown
2009-05-29 21:45:39,00065D81D3,Unknown
2009-05-29 21:48:08,00065D7D8B,Unknown
2009-05-29 21:48:14,00065DD7F6,Unknown
2009-05-29 21:49:16,000697B0DE,Unknown
2009-05-29 23:43:07,00068E17E7,Unknown
2009-05-29 23:43:33,00068E17E7,Unknown
2009-05-29 23:55:41,00065DD7F6,Unknown
2009-05-29 23:59:07,00068EAD8A,Unknown
2009-05-30 00:00:55,00068EAD8A,Unknown
2009-05-30 00:00:59,00065DD7F6,Unknown
2009-05-30 00:07:55,00065DD7F6,Unknown
2009-05-30 00:09:14,00065DD7F6,Unknown
2009-05-30 00:52:45,00068EAD8A,Unknown
2009-05-30 00:53:05,00068EAD8A,Unknown
2009-05-30 01:28:24,00065EC57E,Unknown
2009-05-30 01:32:48,00065EC57E,Unknown
2009-05-30 01:33:24,00065D81D3,Unknown
2009-05-30 01:33:36,00065DD7F6,Unknown
2009-05-30 01:38:43,00065DD7F6,Unknown
2009-05-30 01:39:18,000697B0DE,Unknown
2009-05-30 01:43:46,00065DD7F6,Unknown
2009-05-30 01:44:05,000697B0DE,Unknown
2009-05-30 02:14:46,00065DD7F6,Unknown
2009-05-30 02:15:03,00065EC57E,Unknown
2009-05-30 02:17:29,00065DD7F6,Unknown
2009-05-30 02:17:35,00065EC57E,Unknown
2009-05-30 02:59:15,00068E35E1,Unknown
2009-05-30 02:59:18,00068E0F02,Unknown
2009-05-30 03:01:51,0006979ABE,Unknown
2009-05-30 03:08:14,0006979ABE,Unknown
2009-05-30 03:08:43,0006979B84,Unknown
2009-05-30 03:17:25,0006979B84,Unknown
2009-05-30 03:18:26,00068E0F02,Unknown
2009-05-30 03:20:52,00068E35E1,Unknown
2009-05-30 03:22:11,00068E35E1,Unknown
2009-05-30 03:22:22,00068E35E1,Unknown
2009-05-30 04:13:14,00060F66F2,Unknown
2009-05-30 04:13:22,00068E35E1,Unknown
2009-05-30 04:24:14,000697A268,Unknown
2009-05-30 04:24:28,00060F66F2,Unknown
2009-05-30 04:27:28,00060F66F2,Unknown
2009-05-30 04:28:22,00068E1C26,Unknown
2009-05-30 04:28:29,0006979B84,Unknown
2009-05-30 04:32:08,00068E1FDB,Unknown
2009-05-30 04:33:34,00068E1FDB,Unknown
2009-05-30 04:33:45,0005FE0DAC,Unknown
2009-05-30 04:34:07,00065DD7F6,Unknown
2009-05-30 04:35:19,00065DD7F6,Unknown
2009-05-30 04:44:49,00061013E4,Unknown
2009-05-30 04:47:28,00068E0F02,Unknown
2009-05-30 08:04:16,00065E632D,Unknown
2009-05-30 08:41:55,00065E632D,Unknown
2009-05-30 09:12:44,00065E632D,Unknown
2009-05-30 09:19:11,00065E632D,Unknown
2009-05-30 20:18:12,00065E632D,Unknown
2009-05-30 20:20:25,00065E632D,Unknown
2009-05-30 20:29:40,00065E632D,Unknown
2009-05-30 20:45:32,00065E632D,Unknown
2009-05-30 21:24:28,00068E1C26,Unknown
2009-05-30 21:24:39,00068E1C26,Unknown
2009-05-30 21:24:50,00068E1C26,Unknown
2009-05-30 21:25:01,00068E1C26,Unknown
2009-05-30 21:28:28,0005FE0832,Unknown
2009-05-30 21:28:39,0005FE0832,Unknown
2009-05-30 21:28:41,00068E3D73,Unknown
2009-05-30 21:28:50,0005FE0832,Unknown
2009-05-30 21:29:01,0005FE0832,Unknown
2009-05-30 21:29:12,0005FE0832,Unknown
2009-05-30 21:29:28,0006979C67,Unknown
2009-05-30 21:29:39,0006979C67,Unknown
2009-05-30 21:29:51,0006979C67,Unknown
2009-05-30 21:29:52,00060FA7EA,Unknown
2009-05-30 21:29:54,00068EAD8A,Unknown
2009-05-30 21:29:57,000697BE7E,Unknown
2009-05-30 21:30:04,0006979C67,Unknown
2009-05-30 21:30:08,00068E2063,Unknown
2009-05-30 21:30:10,00068EAD8A,Unknown
2009-05-30 21:31:14,00068E17E7,Unknown
2009-05-30 21:31:29,0006979BE8,Unknown
2009-05-30 21:33:47,00068E0F02,Unknown
2009-05-30 21:34:01,0006979B84,Unknown
2009-05-30 21:34:05,0005FE0DAC,Unknown
2009-05-30 21:34:08,0006979ABE,Unknown
2009-05-30 21:35:16,00061013E4,Unknown
2009-05-30 21:35:38,00065D9BC6,Unknown
2009-05-30 21:35:49,00065D9BC6,Unknown
2009-05-30 21:35:49,00060F66F2,Unknown
2009-05-30 21:36:00,00065D9BC6,Unknown
2009-05-30 21:36:03,0006979BE8,Unknown
2009-05-30 21:36:11,00065D9BC6,Unknown
2009-05-30 21:36:25,00065EC57E,Unknown
2009-05-30 21:36:43,00068E0DE6,Unknown
2009-05-30 21:36:49,00068E1FDB,Unknown
2009-05-30 21:36:57,0006160637,Unknown
2009-05-30 21:37:00,00068E1FDB,Unknown
2009-05-30 21:37:23,00068E35E1,Unknown
2009-05-30 21:37:36,000697A268,Unknown
2009-05-30 21:38:05,00068E1A38,Unknown
2009-05-30 21:38:14,00068E3862,Unknown
2009-05-30 21:38:24,00068E3D57,Unknown
2009-05-30 21:38:38,0006444F30,Unknown
2009-05-30 21:39:00,00065EB6E2,Unknown
2009-05-30 21:39:04,00068E0587,Unknown
2009-05-30 21:39:09,00060D7AE7,Unknown
2009-05-30 21:39:25,0006979D37,Unknown
2009-05-30 21:42:36,00065D81D3,Unknown
2009-05-30 21:43:21,00065D81D3,Unknown
2009-05-30 21:43:29,00065DD7F6,Unknown
2009-05-30 21:44:01,000697B0DE,Unknown
2009-05-30 21:44:56,00065D7D8B,Unknown
2009-05-30 21:52:09,0006242035,Unknown
2009-05-30 21:53:47,00068E2227,Unknown
2009-05-30 21:55:52,00068E3546,Unknown
2009-05-30 21:57:01,00068E3435,Unknown
2009-05-30 21:57:11,00068E19F7,Unknown
2009-05-30 21:57:37,00068E1878,Unknown
2009-05-30 22:00:13,0000F8007E,Unknown
2009-05-30 22:00:47,00065EC1B3,Unknown
2009-05-30 22:01:47,00068EA92B,Unknown
2009-05-30 22:03:43,000644514C,Unknown
2009-05-30 22:03:50,00060F600D,Unknown
2009-05-31 01:10:47,00068E3D73,Unknown
2009-05-31 01:11:40,00065DD7F6,Unknown
2009-05-31 01:11:47,00068E17E7,Unknown
2009-05-31 01:18:03,00068EAD8A,Unknown
2009-05-31 01:24:33,00068E3D73,Unknown
2009-05-31 01:24:38,00065DD7F6,Unknown
2009-05-31 01:25:20,00068E17E7,Unknown
2009-05-31 01:26:01,00068EAD8A,Unknown
2009-05-31 01:28:56,00068EAD8A,Unknown
2009-05-31 01:29:34,00068EAD8A,Unknown
2009-05-31 04:26:05,00068EAD8A,Unknown
2009-05-31 04:32:28,00068EAD8A,Unknown
2009-05-31 04:32:41,00068E1A46,Unknown
2009-05-31 04:33:16,00068E1A46,Unknown
2009-05-31 04:33:29,00068E1A46,Unknown
2009-05-31 04:33:46,00068E1A46,Unknown
2009-05-31 04:40:14,00068E1A46,Unknown
2009-05-31 04:40:39,00068E1A46,Unknown
2009-05-31 04:43:01,00068E1A46,Unknown
2009-05-31 04:43:22,00068E1A46,Unknown
2009-05-31 04:44:17,00060F66F2,Unknown
2009-05-31 04:45:50,00060F66F2,Unknown
2009-05-31 04:59:06,0005FE0DAC,Unknown
2009-05-31 04:59:51,0006979B84,Unknown
2009-05-31 05:00:07,00068E0DE6,Unknown
2009-05-31 09:02:10,00065E632D,Unknown
2009-05-31 09:30:38,00065E632D,Unknown
2009-05-31 09:43:21,00065E632D,Unknown
2009-05-31 09:50:50,00065E632D,Unknown
2009-05-31 20:20:06,00065E632D,Unknown
2009-05-31 20:36:07,00065E632D,Unknown
2009-05-31 20:45:42,00065E632D,Unknown
2009-05-31 21:34:13,0006979ABE,Unknown
2009-05-31 21:34:58,00068E3D73,Unknown
2009-05-31 21:36:11,0005FE0DAC,Unknown
2009-05-31 21:37:57,00068E0DE6,Unknown
2009-05-31 21:38:28,00068EAD8A,Unknown
2009-05-31 21:38:42,00068E0F02,Unknown
2009-05-31 21:38:54,0006979B84,Unknown
2009-05-31 21:39:24,00068EAD8A,Unknown
2009-05-31 21:39:46,00065EC57E,Unknown
2009-05-31 21:41:03,00068E17E7,Unknown
2009-05-31 21:41:33,0006979BE8,Unknown
2009-05-31 21:41:44,0006979BE8,Unknown
2009-05-31 21:42:44,00068E1FDB,Unknown
2009-05-31 21:45:23,00068E1FDB,Unknown
2009-05-31 21:45:34,00068E1FDB,Unknown
2009-05-31 21:46:46,00068E2227,Unknown
2009-05-31 21:47:27,00065D81D3,Unknown
2009-05-31 21:47:47,00065D81D3,Unknown
2009-05-31 21:48:01,00065D81D3,Unknown
2009-05-31 21:48:02,00065DD7F6,Unknown
2009-05-31 21:50:04,00068E1FDB,Unknown
2009-05-31 21:50:15,00068E1FDB,Unknown
2009-05-31 21:50:58,00068E1FDB,Unknown
2009-05-31 21:51:30,000697B0DE,Unknown
2009-05-31 21:51:36,00068E1FDB,Unknown
2009-05-31 21:51:52,00065D7D8B,Unknown
2009-05-31 21:55:34,00068E1878,Unknown
2009-05-31 21:55:43,00068E3435,Unknown
2009-05-31 21:56:50,00068E3546,Unknown
2009-05-31 21:58:18,00068E3546,Unknown
2009-05-31 21:59:01,000697D368,Unknown
2009-05-31 21:59:44,00065EC1B3,Unknown
2009-05-31 22:01:00,0001F7D573,Unknown
2009-05-31 22:02:30,00068E19F7,Unknown
2009-05-31 22:03:40,000644514C,Unknown
2009-05-31 22:03:46,000697C596,Unknown
2009-05-31 22:04:56,00068EA92B,Unknown
2009-05-31 22:58:58,00065DD7F6,Unknown
2009-05-31 23:07:34,00068E17E7,Unknown
2009-05-31 23:09:33,00065DD7F6,Unknown
2009-05-31 23:12:20,00068E17E7,Unknown
2009-06-01 01:09:40,000697D368,Unknown
2009-06-01 01:09:51,00065EC1B3,Unknown
2009-06-01 01:10:06,00068E1A46,Unknown
2009-06-01 01:10:42,00065EC1B3,Unknown
2009-06-01 01:28:23,000697D368,Unknown
2009-06-01 01:30:12,00068E1A46,Unknown
2009-06-01 02:06:28,00068E1A46,Unknown
2009-06-01 02:06:59,00068E1A46,Unknown
2009-06-01 04:02:51,0006979BE8,Unknown
2009-06-01 04:03:18,00068E1FDB,Unknown
2009-06-01 04:05:29,0006979BE8,Unknown
2009-06-01 04:06:38,00068E1FDB,Unknown
2009-06-01 04:26:37,00068EAD8A,Unknown
2009-06-01 04:31:06,00065DD7F6,Unknown
2009-06-01 04:34:35,00065D7D8B,Unknown
2009-06-01 04:39:05,00068E17E7,Unknown
2009-06-01 04:42:54,00065DD7F6,Unknown
2009-06-01 04:44:45,00068EAD8A,Unknown
2009-06-01 04:44:56,000697B0DE,Unknown
2009-06-01 04:45:06,00068E17E7,Unknown
2009-06-01 04:51:45,00068EAD8A,Unknown
2009-06-01 08:20:11,00065E632D,Unknown
2009-06-01 08:55:41,00065E632D,Unknown
2009-06-01 09:11:19,00065E632D,Unknown
2009-06-01 18:07:40,8E602D0D0F,Unknown
2009-06-01 18:08:13,00065E632D,Unknown
2009-06-01 18:40:36,8E602D0D0F,Unknown
2009-06-01 18:40:56,00065E632D,Unknown
2009-06-01 18:42:14,8E602D0D0F,Unknown
2009-06-01 18:42:50,00065E632D,Unknown
2009-06-01 18:49:12,8E602D0D0F,Unknown
2009-06-01 18:49:37,00065E632D,Unknown
2009-06-01 20:12:39,00068E0F02,Unknown
2009-06-01 20:12:59,00068E0F02,Unknown
2009-06-01 20:13:20,00068E0F02,Unknown
2009-06-01 20:13:32,00068E0F02,Unknown
2009-06-01 20:13:45,00068E0F02,Unknown
2009-06-01 20:14:04,00068E0F02,Unknown
2009-06-01 20:14:15,00068E0F02,Unknown
2009-06-01 20:15:25,00068E0F02,Unknown
2009-06-01 20:16:19,00068E0F02,Unknown
2009-06-01 20:19:44,00068E0F02,Unknown
2009-06-01 20:20:03,00068E0F02,Unknown
2009-06-01 20:21:24,00068E0F02,Unknown
2009-06-01 20:21:56,00068E0F02,Unknown
2009-06-01 20:24:20,00068E0F02,Unknown
2009-06-01 20:24:41,00068E0F02,Unknown
2009-06-01 20:24:52,00068E0F02,Unknown
2009-06-01 20:25:07,00068E0F02,Unknown
2009-06-01 20:25:50,00068E0F02,Unknown
2009-06-01 20:26:01,00068E0F02,Unknown
2009-06-01 20:57:45,00068E0F02,Unknown
2009-06-01 20:57:56,00068E0F02,Unknown
2009-06-01 20:58:37,00068E0F02,Unknown
2009-06-01 21:39:04,00068E1C26,Unknown
2009-06-01 21:39:14,00068E0F02,Unknown
2009-06-01 21:39:39,00068E1F71,Unknown
2009-06-01 21:40:49,00065D81D3,Unknown
2009-06-01 21:40:56,000697A268,Unknown
2009-06-01 21:41:13,00065D81D3,Unknown
2009-06-01 21:41:30,00065D81D3,Unknown
2009-06-01 21:41:57,00061013E4,Unknown
2009-06-01 21:43:05,00068E35E1,Unknown
2009-06-01 21:43:35,0006979B84,Unknown
2009-06-01 21:43:39,00068E0DE6,Unknown
2009-06-01 21:43:49,00068EAD8A,Unknown
2009-06-01 21:43:53,00068E17E7,Unknown
2009-06-01 21:43:53,00060F66F2,Unknown
2009-06-01 21:44:08,0006979ABE,Unknown
2009-06-01 21:44:20,0005FE0DAC,Unknown
2009-06-01 21:44:38,0006979BE8,Unknown
2009-06-01 21:45:27,00068E1FDB,Unknown
2009-06-01 21:47:05,00065D7D8B,Unknown
2009-06-01 21:47:17,00065DD7F6,Unknown
2009-06-01 21:47:46,00068E3D73,Unknown
2009-06-01 21:47:51,00065EC57E,Unknown
2009-06-01 21:48:13,00068E2227,Unknown
2009-06-01 21:49:50,00065EB019,Unknown
2009-06-01 21:50:38,00068E3435,Unknown
2009-06-01 21:50:51,000697B0DE,Unknown
2009-06-01 21:51:03,00068E3546,Unknown
2009-06-01 21:52:41,00068E1878,Unknown
2009-06-01 21:52:58,00068E19F7,Unknown
2009-06-01 21:57:42,0006242035,Unknown
2009-06-01 21:59:49,00065EC1B3,Unknown
2009-06-01 22:00:24,000697C596,Unknown
2009-06-01 22:00:57,0001F7D573,Unknown
2009-06-01 22:03:52,00060F600D,Unknown
2009-06-01 22:04:05,000697D368,Unknown
2009-06-01 22:07:28,000644514C,Unknown
2009-06-01 22:07:34,00001F5C08,Unknown
2009-06-01 22:07:39,00068EA92B,Unknown
2009-06-01 22:14:36,00068E1A46,Unknown
2009-06-01 23:31:37,00065DD7F6,Unknown
2009-06-01 23:44:20,00065DD7F6,Unknown
2009-06-01 23:53:02,00068E3D73,Unknown
2009-06-01 23:54:40,000697B0DE,Unknown
2009-06-01 23:55:42,00065D7D8B,Unknown
2009-06-01 23:55:55,00068EAD8A,Unknown
2009-06-02 00:00:10,00068EAD8A,Unknown
2009-06-02 00:11:52,00065D7D8B,Unknown
2009-06-02 00:15:12,00068E3D73,Unknown
2009-06-02 00:15:29,000697B0DE,Unknown
2009-06-02 00:30:07,00068E3D73,Unknown
2009-06-02 00:34:10,00068E3D73,Unknown
2009-06-02 00:57:20,00065D81D3,Unknown
2009-06-02 00:58:02,00065D81D3,Unknown
2009-06-02 01:38:54,00068E3D73,Unknown
2009-06-02 01:40:05,00065D7D8B,Unknown
2009-06-02 01:50:56,00065D7D8B,Unknown
2009-06-02 01:51:40,00068E3D73,Unknown
2009-06-02 02:03:56,00068E3D73,Unknown
2009-06-02 02:10:13,00068E3D73,Unknown
2009-06-02 02:26:02,00068E3D73,Unknown
2009-06-02 02:26:29,00065EC57E,Unknown
2009-06-02 02:27:29,00068E17E7,Unknown
2009-06-02 02:29:16,00065D81D3,Unknown
2009-06-02 02:33:42,00068E17E7,Unknown
2009-06-02 02:37:30,00068E3D73,Unknown
2009-06-02 02:37:57,00065D81D3,Unknown
2009-06-02 02:38:18,00065EC57E,Unknown
2009-06-02 02:46:12,00065DD7F6,Unknown
2009-06-02 02:46:33,00065DD7F6,Unknown
2009-06-02 03:14:46,00068EAD8A,Unknown
2009-06-02 03:14:48,000697B0DE,Unknown
2009-06-02 03:16:34,00065EC57E,Unknown
2009-06-02 03:18:03,000697B0DE,Unknown
2009-06-02 03:20:12,00065EC57E,Unknown
2009-06-02 03:20:15,00068EAD8A,Unknown
2009-06-02 04:22:37,00068EAD8A,Unknown
2009-06-02 04:23:41,00068E1878,Unknown
2009-06-02 04:23:58,00068E3435,Unknown
2009-06-02 04:24:04,0001F7D573,Unknown
2009-06-02 04:24:07,000697D368,Unknown
2009-06-02 04:24:54,00068E2227,Unknown
2009-06-02 04:25:37,00068E3546,Unknown
2009-06-02 04:26:22,000644514C,Unknown
2009-06-02 04:26:55,00068EAD8A,Unknown
2009-06-02 04:28:20,0006242035,Unknown
2009-06-02 04:30:58,00065DD7F6,Unknown
2009-06-02 04:31:17,00065EC1B3,Unknown
2009-06-02 04:32:50,00065D81D3,Unknown
2009-06-02 04:33:18,0006979BE8,Unknown
2009-06-02 04:33:35,00068EAD8A,Unknown
2009-06-02 04:35:39,00065EC57E,Unknown
2009-06-02 04:38:31,00065D7D8B,Unknown
2009-06-02 04:39:46,000697B0DE,Unknown
2009-06-02 04:39:56,0006979BE8,Unknown
2009-06-02 04:41:18,00068E3D73,Unknown
2009-06-02 04:43:17,00068E17E7,Unknown
2009-06-02 04:46:15,00065D81D3,Unknown
2009-06-02 04:46:32,00065D81D3,Unknown
2009-06-02 04:47:00,00068EAD8A,Unknown
2009-06-02 04:47:07,00065DD7F6,Unknown
2009-06-02 04:47:30,00065DD7F6,Unknown
2009-06-02 04:48:03,00068E1FDB,Unknown
2009-06-02 04:49:55,0006979BE8,Unknown
2009-06-02 04:51:36,00068EAD8A,Unknown
2009-06-02 04:52:00,00065DD7F6,Unknown
2009-06-02 04:56:00,00065D81D3,Unknown
2009-06-02 08:35:43,00065E632D,Unknown
2009-06-02 09:22:41,00065E632D,Unknown
2009-06-02 09:29:37,00065E632D,Unknown
2009-06-02 10:07:27,00065E632D,Unknown
2009-06-02 18:50:05,8E602D0D0F,Unknown
2009-06-02 18:50:24,00065E632D,Unknown
2009-06-02 19:20:58,8E602D0D0F,Unknown
2009-06-02 19:21:29,00065E632D,Unknown
2009-06-02 21:43:19,00068E2227,Unknown
2009-06-02 21:46:53,00068E3435,Unknown
2009-06-02 21:46:54,00068EAD8A,Unknown
2009-06-02 21:47:15,00068E1FDB,Unknown
2009-06-02 21:48:08,00065D81D3,Unknown
2009-06-02 21:48:32,00065D81D3,Unknown
2009-06-02 21:48:48,0006242035,Unknown
2009-06-02 21:49:23,00068E19F7,Unknown
2009-06-02 21:50:52,00065EB019,Unknown
2009-06-02 21:50:56,00068E19F7,Unknown
2009-06-02 21:52:02,0001F7D573,Unknown
2009-06-02 21:52:29,00068E17E7,Unknown
2009-06-02 21:52:29,00068E3546,Unknown
2009-06-02 21:52:36,00068E3D73,Unknown
2009-06-02 21:52:36,00068E1878,Unknown
2009-06-02 21:54:24,0006979BE8,Unknown
2009-06-02 21:54:42,000697C596,Unknown
2009-06-02 21:56:03,00065EC57E,Unknown
2009-06-02 21:56:29,000697D368,Unknown
2009-06-02 21:56:47,00065DD7F6,Unknown
2009-06-02 21:57:30,000697B0DE,Unknown
2009-06-02 21:57:45,00001F5C08,Unknown
2009-06-02 21:58:26,00065D7D8B,Unknown
2009-06-02 21:59:32,00068EA92B,Unknown
2009-06-02 21:59:58,00065EC1B3,Unknown
2009-06-02 22:01:11,000644514C,Unknown
2009-06-02 22:01:29,00068E1A46,Unknown
2009-06-02 22:01:57,00060F600D,Unknown
2009-06-03 02:58:28,000697B0DE,Unknown
2009-06-03 02:59:31,00065DD7F6,Unknown
2009-06-03 02:59:55,00068E17E7,Unknown
2009-06-03 03:03:07,000697B0DE,Unknown
2009-06-03 03:08:04,00068E3D73,Unknown
2009-06-03 03:15:48,00065DD7F6,Unknown
2009-06-03 03:16:05,00068E17E7,Unknown
2009-06-03 03:16:23,00068E3D73,Unknown
2009-06-03 04:21:08,00068E1A46,Unknown
2009-06-03 04:21:33,00065EB019,Unknown
2009-06-03 04:21:57,000697D368,Unknown
2009-06-03 04:22:16,00068E19F7,Unknown
2009-06-03 04:22:29,00068E2227,Unknown
2009-06-03 04:22:34,00068E3546,Unknown
2009-06-03 04:30:15,00065DD7F6,Unknown
2009-06-03 04:31:06,00068EAD8A,Unknown
2009-06-03 04:31:33,00065D7D8B,Unknown
2009-06-03 04:31:33,00001F5C08,Unknown
2009-06-03 04:34:45,000697B0DE,Unknown
2009-06-03 04:38:03,0006979BE8,Unknown
2009-06-03 04:39:42,00068E17E7,Unknown
2009-06-03 04:39:46,000697D368,Unknown
2009-06-03 04:39:57,00068E3546,Unknown
2009-06-03 04:40:35,00065EC57E,Unknown
2009-06-03 04:40:46,00065D81D3,Unknown
2009-06-03 04:42:36,00068E3D73,Unknown
2009-06-03 04:43:16,00068E1FDB,Unknown
2009-06-03 09:00:47,00065E632D,Unknown
2009-06-03 09:18:10,00065E632D,Unknown
2009-06-03 10:13:48,8E602D0D0F,Unknown
2009-06-03 18:46:12,8E602D0D0F,Unknown
2009-06-03 18:46:35,00065E632D,Unknown
2009-06-03 19:01:29,8E602D0D0F,Unknown
2009-06-03 19:02:03,00065E632D,Unknown
2009-06-03 19:17:32,8E602D0D0F,Unknown
2009-06-03 19:18:01,00065E632D,Unknown
2009-06-03 21:33:56,00061D3DC5,Unknown
2009-06-03 21:34:55,00068E2227,Unknown
2009-06-03 21:36:07,00065EB6E2,Unknown
2009-06-03 21:36:12,00068E2063,Unknown
2009-06-03 21:37:37,000697BE7E,Unknown
2009-06-03 21:38:49,00068E3862,Unknown
2009-06-03 21:38:52,00068E1FDB,Unknown
2009-06-03 21:39:01,0006160637,Unknown
2009-06-03 21:39:12,0006160637,Unknown
2009-06-03 21:39:12,00068EAD8A,Unknown
2009-06-03 21:39:23,0006160637,Unknown
2009-06-03 21:39:35,00068E3D57,Unknown
2009-06-03 21:40:08,00065D81D3,Unknown
2009-06-03 21:40:14,00065D9BC6,Unknown
2009-06-03 21:40:17,00060FA7EA,Unknown
2009-06-03 21:40:21,00065D81D3,Unknown
2009-06-03 21:40:30,0005FE0832,Unknown
2009-06-03 21:41:11,0000F8007E,Unknown
2009-06-03 21:42:01,000697BE7E,Unknown
2009-06-03 21:42:22,00065EB019,Unknown
2009-06-03 21:42:38,00068E1A38,Unknown
2009-06-03 21:42:52,0006444F30,Unknown
2009-06-03 21:43:28,0006979BE8,Unknown
2009-06-03 21:43:55,0006979BE8,Unknown
2009-06-03 21:44:47,00068E19F7,Unknown
2009-06-03 21:45:12,0006979C67,Unknown
2009-06-03 21:45:24,0006979D37,Unknown
2009-06-03 21:45:30,00068E3D73,Unknown
2009-06-03 21:45:38,00068E1A46,Unknown
2009-06-03 21:45:50,00068E1A46,Unknown
2009-06-03 21:46:01,00068E1A46,Unknown
2009-06-03 21:47:08,00068E17E7,Unknown
2009-06-03 21:49:22,00001F5C08,Unknown
2009-06-03 21:49:29,00068EA92B,Unknown
2009-06-03 21:50:41,00065EC57E,Unknown
2009-06-03 21:50:44,000697B0DE,Unknown
2009-06-03 21:51:30,00065DD7F6,Unknown
2009-06-03 21:51:37,00065D7D8B,Unknown
2009-06-03 21:51:45,00068E0587,Unknown
2009-06-03 22:40:41,00065D9BC6,Unknown
2009-06-03 22:51:23,0006979C67,Unknown
2009-06-03 22:51:50,0005FE0832,Unknown
2009-06-03 23:01:52,00068E0587,Unknown
2009-06-03 23:02:03,00068E3D73,Unknown
2009-06-03 23:09:34,000697BE7E,Unknown
2009-06-03 23:15:19,0006444F30,Unknown
2009-06-03 23:21:16,00065D9BC6,Unknown
2009-06-03 23:21:53,00068E3D73,Unknown
2009-06-03 23:22:59,0005FE0832,Unknown
2009-06-03 23:25:13,00068E3D57,Unknown
2009-06-03 23:34:57,00068E3862,Unknown
2009-06-03 23:35:14,00068E3862,Unknown
2009-06-03 23:47:51,00065EB6E2,Unknown
2009-06-03 23:48:24,00060D7AE7,Unknown
2009-06-03 23:52:20,00068E2063,Unknown
2009-06-03 23:58:04,0005FE0832,Unknown
2009-06-03 23:58:32,0006160637,Unknown
2009-06-04 00:04:15,00065D9BC6,Unknown
2009-06-04 00:05:05,000697BE7E,Unknown
2009-06-04 00:07:08,0006444F30,Unknown
2009-06-04 00:07:22,00068EAD8A,Unknown
2009-06-04 00:07:57,00068EAD8A,Unknown
2009-06-04 00:12:44,00060FA7EA,Unknown
2009-06-04 00:13:02,00068E0587,Unknown
2009-06-04 00:13:55,00068E3D57,Unknown
2009-06-04 00:28:05,00068E3862,Unknown
2009-06-04 00:28:21,00068E2063,Unknown
2009-06-04 00:28:56,0005FE0832,Unknown
2009-06-04 00:47:11,00060D7AE7,Unknown
2009-06-04 00:48:03,0006979C67,Unknown
2009-06-04 00:48:17,00065D9BC6,Unknown
2009-06-04 00:48:28,00065D9BC6,Unknown
2009-06-04 00:48:41,00065D9BC6,Unknown
2009-06-04 00:49:01,00065D9BC6,Unknown
2009-06-04 00:49:42,00060FA7EA,Unknown
2009-06-04 00:50:10,00065EB6E2,Unknown
2009-06-04 00:50:34,0006160637,Unknown
2009-06-04 00:54:04,00068E0587,Unknown
2009-06-04 00:59:12,00065EB6E2,Unknown
2009-06-04 01:08:25,000697BE7E,Unknown
2009-06-04 01:10:56,00068E3D73,Unknown
2009-06-04 01:12:00,00065EC57E,Unknown
2009-06-04 01:12:18,00065D81D3,Unknown
2009-06-04 01:12:58,00068E17E7,Unknown
2009-06-04 01:13:10,0005FE0832,Unknown
2009-06-04 01:20:34,000644514C,Unknown
2009-06-04 01:21:12,000644514C,Unknown
2009-06-04 01:21:49,00068E2063,Unknown
2009-06-04 01:23:40,00060FA7EA,Unknown
2009-06-04 01:27:32,00068E3D57,Unknown
2009-06-04 01:30:53,0006979C67,Unknown
2009-06-04 01:31:37,00068E3862,Unknown
2009-06-04 01:32:29,0006444F30,Unknown
2009-06-04 01:45:21,00060D7AE7,Unknown
2009-06-04 01:54:48,00068E2063,Unknown
2009-06-04 01:55:15,00068E17E7,Unknown
2009-06-04 01:55:46,00065D9BC6,Unknown
2009-06-04 02:06:00,00068E3D73,Unknown
2009-06-04 02:07:34,00065EC57E,Unknown
2009-06-04 02:07:39,00065D81D3,Unknown
2009-06-04 02:29:30,00065EB6E2,Unknown
2009-06-04 02:29:39,0005FE0832,Unknown
2009-06-04 02:29:58,00060D7AE7,Unknown
2009-06-04 02:30:01,0006979C67,Unknown
2009-06-04 02:30:04,000697BE7E,Unknown
2009-06-04 02:30:15,00068E0587,Unknown
2009-06-04 02:30:40,00068E3D57,Unknown
2009-06-04 02:31:10,00060FA7EA,Unknown
2009-06-04 02:31:15,0006160637,Unknown
2009-06-04 02:34:18,0005FE0832,Unknown
2009-06-04 02:34:34,00068E1FDB,Unknown
2009-06-04 02:34:59,00068E1FDB,Unknown
2009-06-04 02:35:45,00068E3862,Unknown
2009-06-04 02:47:18,00065EC57E,Unknown
2009-06-04 02:49:45,0006444F30,Unknown
2009-06-04 02:55:06,0005FE0832,Unknown
2009-06-04 02:57:39,0005FE0832,Unknown
2009-06-04 02:57:49,00065D9BC6,Unknown
2009-06-04 03:00:40,00068E3D73,Unknown
2009-06-04 03:04:24,00068E2063,Unknown
2009-06-04 03:07:14,0006979C67,Unknown
2009-06-04 03:07:35,000697BE7E,Unknown
2009-06-04 03:08:53,00065EB6E2,Unknown
2009-06-04 03:10:17,00068EAD8A,Unknown
2009-06-04 03:12:37,00068E0587,Unknown
2009-06-04 03:12:42,00065D7D8B,Unknown
2009-06-04 03:14:41,00060FA7EA,Unknown
2009-06-04 03:16:20,00060D7AE7,Unknown
2009-06-04 03:23:10,00068EAD8A,Unknown
2009-06-04 03:23:39,0006160637,Unknown
2009-06-04 03:23:55,00065D7D8B,Unknown
2009-06-04 03:31:35,00068EAD8A,Unknown
2009-06-04 03:32:16,00065EC57E,Unknown
2009-06-04 03:33:04,00068E3D73,Unknown
2009-06-04 03:35:42,00068E3862,Unknown
2009-06-04 03:42:22,00068E2063,Unknown
2009-06-04 03:43:51,00060D7AE7,Unknown
2009-06-04 03:43:58,000697BE7E,Unknown
2009-06-04 03:48:40,00065EB6E2,Unknown
2009-06-04 03:50:42,0005FE0832,Unknown
2009-06-04 03:51:28,00068E0587,Unknown
2009-06-04 03:51:39,0006979C67,Unknown
2009-06-04 03:52:56,0006160637,Unknown
2009-06-04 03:56:38,00060FA7EA,Unknown
2009-06-04 04:04:25,00068E3862,Unknown
2009-06-04 04:10:01,00065D9BC6,Unknown
2009-06-04 04:21:53,0006160637,Unknown
2009-06-04 04:22:32,0006979C67,Unknown
2009-06-04 04:26:40,0006979D37,Unknown
2009-06-04 04:29:17,00068EAD8A,Unknown
2009-06-04 04:32:48,00068EAD8A,Unknown
2009-06-04 04:34:01,00065DD7F6,Unknown
2009-06-04 04:34:09,00068EAD8A,Unknown
2009-06-04 04:34:47,00068E1A38,Unknown
2009-06-04 04:37:21,00068E17E7,Unknown
2009-06-04 04:37:28,00060D7AE7,Unknown
2009-06-04 04:38:12,000697BE7E,Unknown
2009-06-04 04:38:57,00068E3D57,Unknown
2009-06-04 04:41:24,000697B0DE,Unknown
2009-06-04 04:43:30,00068E0587,Unknown
2009-06-04 04:44:52,00068E1FDB,Unknown
2009-06-04 04:44:59,0006979BE8,Unknown
2009-06-04 04:45:39,00065EC57E,Unknown
2009-06-04 04:46:50,00065D7D8B,Unknown
2009-06-04 04:47:25,00065D81D3,Unknown
2009-06-04 04:48:58,00065EB6E2,Unknown
2009-06-04 04:49:26,00065D9BC6,Unknown
2009-06-04 04:50:02,0005FE0832,Unknown
2009-06-04 04:50:15,00068E3862,Unknown
2009-06-04 04:50:57,00068E3D73,Unknown
2009-06-04 04:52:31,0006444F30,Unknown
2009-06-04 04:52:45,00068E2063,Unknown
2009-06-04 04:59:50,00060FA7EA,Unknown
2009-06-04 08:58:47,00065E632D,Unknown
2009-06-04 09:17:43,00065E632D,Unknown
2009-06-04 09:36:35,00065E632D,Unknown
2009-06-04 10:08:53,8E602D0D0F,Unknown
2009-06-04 10:49:20,8E602D0D0F,Unknown
2009-06-04 17:44:56,8E602D0D0F,Unknown
2009-06-04 17:45:00,00065E632D,Unknown
2009-06-04 18:17:31,8E602D0D0F,Unknown
2009-06-04 18:17:34,00065E632D,Unknown
2009-06-04 21:30:46,00068EAD8A,Unknown
2009-06-04 21:33:50,00068E1A38,Unknown
2009-06-04 21:34:01,00068E1A38,Unknown
2009-06-04 21:34:12,00068E1A38,Unknown
2009-06-04 21:36:20,00060FA7EA,Unknown
2009-06-04 21:36:25,00068E2063,Unknown
2009-06-04 21:37:42,0006160637,Unknown
2009-06-04 21:37:48,00065D81D3,Unknown
2009-06-04 21:37:59,00065D81D3,Unknown
2009-06-04 21:38:12,00065D81D3,Unknown
2009-06-04 21:38:56,000697BE7E,Unknown
2009-06-04 21:39:51,0006444F30,Unknown
2009-06-04 21:39:55,00065D9BC6,Unknown
2009-06-04 21:39:59,00068E3862,Unknown
2009-06-04 21:40:01,00068E1A38,Unknown
2009-06-04 21:40:03,00065EB6E2,Unknown
2009-06-04 21:40:53,00068E3D73,Unknown
2009-06-04 21:42:11,00060D7AE7,Unknown
2009-06-04 21:42:35,0005FE0832,Unknown
2009-06-04 21:43:53,00065DD7F6,Unknown
2009-06-04 21:43:58,0006979BE8,Unknown
2009-06-04 21:44:16,00068E1FDB,Unknown
2009-06-04 21:44:26,00065EC57E,Unknown
2009-06-04 21:44:27,00068E17E7,Unknown
2009-06-04 21:44:33,00068E3D57,Unknown
2009-06-04 21:45:55,0006979C67,Unknown
2009-06-04 21:46:24,00065D7D8B,Unknown
2009-06-04 21:46:57,0006979D37,Unknown
2009-06-04 21:47:24,000697B0DE,Unknown
2009-06-04 21:47:39,000697B0DE,Unknown
2009-06-04 21:49:28,00068E0587,Unknown
2009-06-04 22:51:49,00065D9BC6,Unknown
2009-06-04 22:59:26,0006979C67,Unknown
2009-06-04 23:09:13,0006444F30,Unknown
2009-06-04 23:12:49,00068E3D57,Unknown
2009-06-04 23:13:42,00060FA7EA,Unknown
2009-06-04 23:16:56,000697BE7E,Unknown
2009-06-04 23:19:49,00068E0587,Unknown
2009-06-04 23:36:35,0006444F30,Unknown
2009-06-04 23:38:05,0006979C67,Unknown
2009-06-04 23:41:11,00068E3862,Unknown
2009-06-04 23:41:42,00061D3DC5,Unknown
2009-06-04 23:51:24,00060D7AE7,Unknown
2009-06-04 23:51:39,00065D9BC6,Unknown
2009-06-04 23:53:11,0006444F30,Unknown
2009-06-04 23:54:19,00065EB6E2,Unknown
2009-06-04 23:59:18,00068E2063,Unknown
2009-06-04 23:59:55,00068E3D57,Unknown
2009-06-05 00:03:17,0005FE0832,Unknown
2009-06-05 00:04:20,0006979C67,Unknown
2009-06-05 00:10:13,00060FA7EA,Unknown
2009-06-05 00:11:02,00061D3DC5,Unknown
2009-06-05 00:13:04,00060FA7EA,Unknown
2009-06-05 00:14:55,000697BE7E,Unknown
2009-06-05 00:17:02,0006160637,Unknown
2009-06-05 00:19:43,000697BE7E,Unknown
2009-06-05 00:27:35,00061D3DC5,Unknown
2009-06-05 00:29:18,00068E3862,Unknown
2009-06-05 00:34:08,00068E3D57,Unknown
2009-06-05 00:40:56,0006444F30,Unknown
2009-06-05 00:42:35,00060FA7EA,Unknown
2009-06-05 00:44:03,00060D7AE7,Unknown
2009-06-05 00:44:10,00068E0587,Unknown
2009-06-05 00:50:50,000697BE7E,Unknown
2009-06-05 00:56:32,00065EB6E2,Unknown
2009-06-05 00:56:56,00068E3862,Unknown
2009-06-05 01:02:41,00068E2063,Unknown
2009-06-05 01:03:15,00065D9BC6,Unknown
2009-06-05 01:21:48,0005FE0832,Unknown
2009-06-05 01:22:13,0006979C67,Unknown
2009-06-05 01:22:20,00068E3D57,Unknown
2009-06-05 01:22:47,00061D3DC5,Unknown
2009-06-05 01:24:07,0006160637,Unknown
2009-06-05 01:25:29,00068E3862,Unknown
2009-06-05 01:26:46,0006160637,Unknown
2009-06-05 01:27:22,0006444F30,Unknown
2009-06-05 01:27:27,00068E3862,Unknown
2009-06-05 01:28:43,00061D3DC5,Unknown
2009-06-05 01:42:13,00068E0587,Unknown
2009-06-05 01:48:15,000697BE7E,Unknown
2009-06-05 01:50:47,00060FA7EA,Unknown
2009-06-05 01:54:48,00060D7AE7,Unknown
2009-06-05 01:58:29,00065EB6E2,Unknown
2009-06-05 01:59:20,0006979D37,Unknown
2009-06-05 02:06:00,0006160637,Unknown
2009-06-05 02:10:31,0005FE0832,Unknown
2009-06-05 02:10:54,00068EAD8A,Unknown
2009-06-05 02:12:16,00068E3D57,Unknown
2009-06-05 02:13:42,00068E2063,Unknown
2009-06-05 02:16:32,00068EAD8A,Unknown
2009-06-05 02:33:10,000697BE7E,Unknown
2009-06-05 02:34:09,00068E3862,Unknown
2009-06-05 02:34:16,00060D7AE7,Unknown
2009-06-05 02:34:45,0006160637,Unknown
2009-06-05 02:39:13,00068E0587,Unknown
2009-06-05 02:43:03,0006979C67,Unknown
2009-06-05 02:59:46,0006979D37,Unknown
2009-06-05 03:03:02,0006444F30,Unknown
2009-06-05 03:06:28,00068E2063,Unknown
2009-06-05 03:15:42,00068E3D57,Unknown
2009-06-05 03:23:23,00065D9BC6,Unknown
2009-06-05 03:23:41,00068E3862,Unknown
2009-06-05 03:24:41,00065EB6E2,Unknown
2009-06-05 03:28:43,0006979C67,Unknown
2009-06-05 03:28:50,00061D3DC5,Unknown
2009-06-05 03:32:24,0006160637,Unknown
2009-06-05 03:32:41,00060FA7EA,Unknown
2009-06-05 03:33:42,0005FE0832,Unknown
2009-06-05 03:35:42,00068E0587,Unknown
2009-06-05 03:42:07,000697BE7E,Unknown
2009-06-05 03:43:11,00068E0587,Unknown
2009-06-05 03:49:39,000697BE7E,Unknown
2009-06-05 03:50:45,00068E3862,Unknown
2009-06-05 03:53:05,0005FE0832,Unknown
2009-06-05 03:59:35,0005FE0832,Unknown
2009-06-05 04:16:43,00065D9BC6,Unknown
2009-06-05 04:22:30,0006979C67,Unknown
2009-06-05 04:29:24,00068E3D57,Unknown
2009-06-05 04:29:30,0006160637,Unknown
2009-06-05 04:34:28,00060D7AE7,Unknown
2009-06-05 04:38:54,0005FE0832,Unknown
2009-06-05 04:39:45,000697BE7E,Unknown
2009-06-05 04:41:14,00065D9BC6,Unknown
2009-06-05 04:44:05,00068E0587,Unknown
2009-06-05 04:44:20,00068E1A38,Unknown
2009-06-05 04:45:03,00068E2063,Unknown
2009-06-05 04:49:43,00065EB6E2,Unknown
2009-06-05 04:50:03,0006444F30,Unknown
2009-06-05 04:57:43,00068E3862,Unknown
2009-06-05 04:58:07,00065D9BC6,Unknown
2009-06-05 05:02:49,00060FA7EA,Unknown
2009-06-05 08:58:29,00065E632D,Unknown
2009-06-05 09:18:07,00065E632D,Unknown
2009-06-05 18:46:31,8E602D0D0F,Unknown
2009-06-05 18:46:50,00065E632D,Unknown
2009-06-05 19:07:36,8E602D0D0F,Unknown
2009-06-05 19:07:59,00065E632D,Unknown
2009-06-05 21:33:23,00065D81D3,Unknown
2009-06-05 21:33:35,00065D81D3,Unknown
2009-06-05 21:33:47,00065D81D3,Unknown
2009-06-05 21:33:59,00065D81D3,Unknown
2009-06-05 21:34:32,00068EAD8A,Unknown
2009-06-05 21:35:42,00068E17E7,Unknown
2009-06-05 21:35:50,00068E3D73,Unknown
2009-06-05 21:36:17,00068E3862,Unknown
2009-06-05 21:36:32,00068EAD8A,Unknown
2009-06-05 21:38:42,00065EC57E,Unknown
2009-06-05 21:40:25,00068E1FDB,Unknown
2009-06-05 21:40:37,00068E1FDB,Unknown
2009-06-05 21:40:57,00068E1FDB,Unknown
2009-06-05 21:41:22,00065EB6E2,Unknown
2009-06-05 21:41:25,00060FA7EA,Unknown
2009-06-05 21:42:07,0005FE0832,Unknown
2009-06-05 21:42:16,0006160637,Unknown
2009-06-05 21:42:42,00068E3D57,Unknown
2009-06-05 21:42:50,00068EAD8A,Unknown
2009-06-05 21:43:07,00068E2063,Unknown
2009-06-05 21:43:40,00065D9BC6,Unknown
2009-06-05 21:43:43,00060D7AE7,Unknown
2009-06-05 21:44:19,0006979C67,Unknown
2009-06-05 21:44:30,00065DD7F6,Unknown
2009-06-05 21:44:38,0006979BE8,Unknown
2009-06-05 21:44:39,0006444F30,Unknown
2009-06-05 21:44:40,00068E1A38,Unknown
2009-06-05 21:44:41,000697B0DE,Unknown
2009-06-05 21:44:47,00065D7D8B,Unknown
2009-06-05 21:45:11,000697BE7E,Unknown
2009-06-05 21:49:31,00068E0587,Unknown
2009-06-05 22:36:43,0005FE0832,Unknown
2009-06-05 22:41:58,00065D9BC6,Unknown
2009-06-05 22:44:53,0006444F30,Unknown
2009-06-05 22:49:32,00068E3D73,Unknown
2009-06-05 22:50:46,00068E3862,Unknown
2009-06-05 22:58:10,0006979C67,Unknown
2009-06-05 23:01:56,00068E3D73,Unknown
2009-06-05 23:02:57,00068E0587,Unknown
2009-06-05 23:04:17,0006444F30,Unknown
2009-06-05 23:05:22,00068E17E7,Unknown
2009-06-05 23:10:12,00060D7AE7,Unknown
2009-06-05 23:11:06,00068E17E7,Unknown
2009-06-05 23:12:25,0005FE0832,Unknown
2009-06-05 23:13:34,000697BE7E,Unknown
2009-06-05 23:14:56,00065D9BC6,Unknown
2009-06-05 23:17:36,00068E3862,Unknown
2009-06-05 23:22:46,00065D9BC6,Unknown
2009-06-05 23:27:42,00068E3D57,Unknown
2009-06-05 23:31:35,0006444F30,Unknown
2009-06-05 23:39:11,00065EB6E2,Unknown
2009-06-05 23:40:46,00061D3DC5,Unknown
2009-06-05 23:51:02,00065D9BC6,Unknown
2009-06-05 23:53:58,00068E0587,Unknown
2009-06-05 23:57:21,00060FA7EA,Unknown
2009-06-05 23:59:51,00068E3862,Unknown
2009-06-06 00:04:37,00068E3D57,Unknown
2009-06-06 00:07:50,00068E2063,Unknown
2009-06-06 00:14:13,0006979C67,Unknown
2009-06-06 00:14:18,00060D7AE7,Unknown
2009-06-06 00:16:34,0005FE0832,Unknown
2009-06-06 00:17:44,0006444F30,Unknown
2009-06-06 00:19:50,0006160637,Unknown
2009-06-06 00:38:50,00061D3DC5,Unknown
2009-06-06 00:39:43,00060FA7EA,Unknown
2009-06-06 00:41:25,000697BE7E,Unknown
2009-06-06 00:41:52,00068E1A38,Unknown
2009-06-06 00:43:31,000697BE7E,Unknown
2009-06-06 00:52:20,0006979C67,Unknown
2009-06-06 00:55:50,0006444F30,Unknown
2009-06-06 00:59:52,00065EB6E2,Unknown
2009-06-06 01:00:00,0006444F30,Unknown
2009-06-06 01:00:01,0005FE0832,Unknown
2009-06-06 01:00:05,00068E3862,Unknown
2009-06-06 01:00:06,0006979C67,Unknown
2009-06-06 01:01:15,00068E1A38,Unknown
2009-06-06 01:01:32,00068E2063,Unknown
2009-06-06 01:01:36,0006160637,Unknown
2009-06-06 01:03:47,0006160637,Unknown
2009-06-06 01:04:59,00060D7AE7,Unknown
2009-06-06 01:05:30,000697BE7E,Unknown
2009-06-06 01:14:03,00060FA7EA,Unknown
2009-06-06 01:14:14,0006979C67,Unknown
2009-06-06 01:25:30,00065D9BC6,Unknown
2009-06-06 01:29:23,0006979D37,Unknown
2009-06-06 01:37:31,00068E3D57,Unknown
2009-06-06 01:45:36,000697BE7E,Unknown
2009-06-06 01:46:39,0005FE0832,Unknown
2009-06-06 01:54:34,00068E3862,Unknown
2009-06-06 01:55:11,0006160637,Unknown
2009-06-06 01:59:08,00068E2063,Unknown
2009-06-06 02:13:56,00060D7AE7,Unknown
2009-06-06 02:36:13,0006160637,Unknown
2009-06-06 02:38:03,00065DD7F6,Unknown
2009-06-06 02:41:00,00065D81D3,Unknown
2009-06-06 02:42:35,00068EAD8A,Unknown
2009-06-06 02:43:53,00068E17E7,Unknown
2009-06-06 02:44:15,00065EC57E,Unknown
2009-06-06 02:44:58,00068E3D73,Unknown
2009-06-06 02:46:45,00068E0587,Unknown
2009-06-06 02:47:11,00068E3D57,Unknown
2009-06-06 02:52:46,00060FA7EA,Unknown
2009-06-06 02:53:14,0006979D37,Unknown
2009-06-06 02:53:57,00068E2063,Unknown
2009-06-06 02:58:28,00068E17E7,Unknown
2009-06-06 02:59:50,00065D81D3,Unknown
2009-06-06 03:00:00,00065EC57E,Unknown
2009-06-06 03:00:01,00065D81D3,Unknown
2009-06-06 03:00:12,00065D81D3,Unknown
2009-06-06 03:00:14,00065EC57E,Unknown
2009-06-06 03:00:18,00065DD7F6,Unknown
2009-06-06 03:00:18,00068EAD8A,Unknown
2009-06-06 03:00:23,00068E3D73,Unknown
2009-06-06 03:00:55,000697BE7E,Unknown
2009-06-06 03:03:18,0006979C67,Unknown
2009-06-06 03:05:29,00068E0587,Unknown
2009-06-06 03:06:24,0005FE0832,Unknown
2009-06-06 03:10:16,00065D9BC6,Unknown
2009-06-06 03:10:25,00068E3862,Unknown
2009-06-06 03:11:41,0006160637,Unknown
2009-06-06 03:19:46,00065D9BC6,Unknown
2009-06-06 03:32:28,00065D9BC6,Unknown
2009-06-06 03:46:48,000697BE7E,Unknown
2009-06-06 03:46:54,00065D9BC6,Unknown
2009-06-06 03:47:15,0006979D37,Unknown
2009-06-06 03:47:57,0006979D37,Unknown
2009-06-06 03:48:49,00068E3862,Unknown
2009-06-06 03:52:46,00065D9BC6,Unknown
2009-06-06 03:53:09,00065D9BC6,Unknown
2009-06-06 03:53:16,00060FA7EA,Unknown
2009-06-06 03:53:46,0006979D37,Unknown
2009-06-06 03:56:23,0006979D37,Unknown
2009-06-06 04:02:55,00068E2063,Unknown
2009-06-06 04:07:50,000697BE7E,Unknown
2009-06-06 04:08:44,00068E2063,Unknown
2009-06-06 04:13:00,00065D9BC6,Unknown
2009-06-06 04:13:02,00060FA7EA,Unknown
2009-06-06 04:13:39,00068E3862,Unknown
2009-06-06 04:14:48,00068EAD8A,Unknown
2009-06-06 04:23:41,00068EAD8A,Unknown
2009-06-06 04:24:00,00068EAD8A,Unknown
2009-06-06 04:24:19,00068EAD8A,Unknown
2009-06-06 04:26:52,0006160637,Unknown
2009-06-06 04:27:06,00068E3D57,Unknown
2009-06-06 04:27:12,00060D7AE7,Unknown
2009-06-06 04:33:14,00068E2063,Unknown
2009-06-06 04:33:45,00065DD7F6,Unknown
2009-06-06 04:33:52,00068EAD8A,Unknown
2009-06-06 04:34:21,0006979BE8,Unknown
2009-06-06 04:34:41,00065D7D8B,Unknown
2009-06-06 04:36:17,000697BE7E,Unknown
2009-06-06 04:37:00,0005FE0832,Unknown
2009-06-06 04:37:09,0006979C67,Unknown
2009-06-06 04:43:43,00065EB6E2,Unknown
2009-06-06 04:43:56,00068E0587,Unknown
2009-06-06 04:44:09,00068E1A38,Unknown
2009-06-06 04:46:59,00065EC57E,Unknown
2009-06-06 04:47:05,00068E3D73,Unknown
2009-06-06 04:47:25,00065D81D3,Unknown
2009-06-06 04:50:10,00068E1FDB,Unknown
2009-06-06 04:51:34,00060FA7EA,Unknown
2009-06-06 04:53:03,00068E3862,Unknown
2009-06-06 04:55:03,00065D9BC6,Unknown
2009-06-06 04:58:07,0006444F30,Unknown
2009-06-06 08:50:40,00065E632D,Unknown
2009-06-06 09:27:25,00065E632D,Unknown
2009-06-06 16:31:42,8E602D0D0F,Unknown
2009-06-06 17:37:49,8E602D0D0F,Unknown
2009-06-06 17:38:06,00065E632D,Unknown
2009-06-06 17:50:05,8E602D0D0F,Unknown
2009-06-06 17:50:29,00065E632D,Unknown
2009-06-06 21:41:54,00065D81D3,Unknown
2009-06-06 21:42:18,00065D81D3,Unknown
2009-06-06 21:43:59,00068E1FDB,Unknown
2009-06-06 21:44:12,00068E1FDB,Unknown
2009-06-06 21:44:29,00068EAD8A,Unknown
2009-06-06 21:44:41,00068EAD8A,Unknown
2009-06-06 21:44:43,00068E1FDB,Unknown
2009-06-06 21:47:53,00068E2063,Unknown
2009-06-06 21:48:27,0006979BE8,Unknown
2009-06-06 21:49:11,00065EC57E,Unknown
2009-06-06 21:49:17,00068E3D73,Unknown
2009-06-06 21:50:35,00068E3862,Unknown
2009-06-06 21:50:38,00068E3D57,Unknown
2009-06-06 21:51:10,000697BE7E,Unknown
2009-06-06 21:51:29,00068E17E7,Unknown
2009-06-06 21:52:04,000697B0DE,Unknown
2009-06-06 21:53:32,00065D7D8B,Unknown
2009-06-06 21:54:20,00065EB6E2,Unknown
2009-06-06 21:54:27,00060D7AE7,Unknown
2009-06-06 21:54:55,0006444F30,Unknown
2009-06-06 21:55:01,00065D9BC6,Unknown
2009-06-06 21:55:33,0005FE0832,Unknown
2009-06-06 21:55:58,0006160637,Unknown
2009-06-06 21:56:44,00060FA7EA,Unknown
2009-06-06 21:58:06,00068E1A38,Unknown
2009-06-06 21:58:17,00068E0587,Unknown
2009-06-06 21:58:21,00065DD7F6,Unknown
2009-06-06 21:58:25,0006979C67,Unknown
2009-06-06 22:36:30,0006979C67,Unknown
2009-06-06 22:37:00,0006979C67,Unknown
2009-06-06 23:06:16,00068EAD8A,Unknown
2009-06-06 23:06:32,00068EAD8A,Unknown
2009-06-06 23:06:43,00068EAD8A,Unknown
2009-06-06 23:10:37,000697BE7E,Unknown
2009-06-06 23:17:40,00065D9BC6,Unknown
2009-06-06 23:24:27,00060D7AE7,Unknown
2009-06-06 23:33:39,00060FA7EA,Unknown
2009-06-06 23:38:51,00065EC57E,Unknown
2009-06-06 23:39:12,00065EC57E,Unknown
2009-06-06 23:47:16,00068E0587,Unknown
2009-06-06 23:47:30,00068E0587,Unknown
2009-06-06 23:49:21,0006160637,Unknown
2009-06-06 23:57:16,00065EB6E2,Unknown
2009-06-06 23:57:54,00068E2063,Unknown
2009-06-07 00:05:42,00065EC57E,Unknown
2009-06-07 00:12:53,00068E3D57,Unknown
2009-06-07 00:14:31,00061D3DC5,Unknown
2009-06-07 00:16:09,00061D3DC5,Unknown
2009-06-07 00:21:40,000697BE7E,Unknown
2009-06-07 00:29:27,00068E3862,Unknown
2009-06-07 00:34:21,00060D7AE7,Unknown
2009-06-07 00:42:33,00065D9BC6,Unknown
2009-06-07 00:46:28,000697BE7E,Unknown
2009-06-07 00:46:53,0006979C67,Unknown
2009-06-07 00:47:23,00061D3DC5,Unknown
2009-06-07 01:00:28,00068E2063,Unknown
2009-06-07 01:23:08,00061D3DC5,Unknown
2009-06-07 01:23:16,00068E3D57,Unknown
2009-06-07 01:25:16,00068E0587,Unknown
2009-06-07 01:26:35,0006160637,Unknown
2009-06-07 01:27:01,0006160637,Unknown
2009-06-07 01:27:07,00060FA7EA,Unknown
2009-06-07 01:27:13,00065EB6E2,Unknown
2009-06-07 01:28:50,0006979C67,Unknown
2009-06-07 01:32:34,00068E3862,Unknown
2009-06-07 01:33:05,000697BE7E,Unknown
2009-06-07 01:44:24,00065DD7F6,Unknown
2009-06-07 01:47:49,00065DD7F6,Unknown
2009-06-07 01:50:05,00068E2063,Unknown
2009-06-07 01:50:28,00068E2063,Unknown
2009-06-07 01:50:39,00068E2063,Unknown
2009-06-07 01:53:35,00068E2063,Unknown
2009-06-07 01:53:58,00068E2063,Unknown
2009-06-07 01:58:20,00068E3D57,Unknown
2009-06-07 01:58:43,00068E3D57,Unknown
2009-06-07 02:08:58,00068E3862,Unknown
2009-06-07 02:09:54,00068E3862,Unknown
2009-06-07 02:15:38,0006160637,Unknown
2009-06-07 02:16:56,0006160637,Unknown
2009-06-07 02:30:38,00060D7AE7,Unknown
2009-06-07 02:32:57,00060D7AE7,Unknown
2009-06-07 02:33:04,000697BE7E,Unknown
2009-06-07 02:33:14,00065D9BC6,Unknown
2009-06-07 02:33:37,00060FA7EA,Unknown
2009-06-07 02:33:54,00060D7AE7,Unknown
2009-06-07 02:36:10,0006160637,Unknown
2009-06-07 02:43:26,00068E2063,Unknown
2009-06-07 02:45:27,00068E3862,Unknown
2009-06-07 03:18:35,00060D7AE7,Unknown
2009-06-07 03:35:29,000697BE7E,Unknown
2009-06-07 03:41:32,00068E2063,Unknown
2009-06-07 03:48:10,00065D9BC6,Unknown
2009-06-07 03:48:57,0006160637,Unknown
2009-06-07 03:52:10,00068EAD8A,Unknown
2009-06-07 03:52:28,00068EAD8A,Unknown
2009-06-07 03:54:46,00065D9BC6,Unknown
2009-06-07 03:55:13,00065D9BC6,Unknown
2009-06-07 03:55:21,00068E3862,Unknown
2009-06-07 03:55:27,00060FA7EA,Unknown
2009-06-07 04:01:11,00068EAD8A,Unknown
2009-06-07 04:01:24,00068EAD8A,Unknown
2009-06-07 04:06:41,00068EAD8A,Unknown
2009-06-07 04:07:02,00068EAD8A,Unknown
2009-06-07 04:13:47,00068E3D57,Unknown
2009-06-07 04:14:48,00068E3D57,Unknown
2009-06-07 04:14:59,00068E3D57,Unknown
2009-06-07 04:26:01,0006160637,Unknown
2009-06-07 04:26:46,0006160637,Unknown
2009-06-07 04:31:31,00068E3D57,Unknown
2009-06-07 04:33:19,00068EAD8A,Unknown
2009-06-07 04:33:34,00068EAD8A,Unknown
2009-06-07 04:33:57,000697BE7E,Unknown
2009-06-07 04:34:25,00068EAD8A,Unknown
2009-06-07 04:34:38,00068EAD8A,Unknown
2009-06-07 04:35:00,00068EAD8A,Unknown
2009-06-07 04:35:13,00068EAD8A,Unknown
2009-06-07 04:35:16,00065D7D8B,Unknown
2009-06-07 04:35:25,0006979BE8,Unknown
2009-06-07 04:35:30,00068EAD8A,Unknown
2009-06-07 04:35:39,00065DD7F6,Unknown
2009-06-07 04:36:08,00065D81D3,Unknown
2009-06-07 04:38:25,00060D7AE7,Unknown
2009-06-07 04:41:13,00068E3D73,Unknown
2009-06-07 04:44:31,00068E1FDB,Unknown
2009-06-07 04:50:06,00068E17E7,Unknown
2009-06-07 04:50:12,00065EC57E,Unknown
2009-06-07 04:50:23,00065EC57E,Unknown
2009-06-07 04:51:57,00065D9BC6,Unknown
2009-06-07 04:54:43,00068E3862,Unknown
2009-06-07 04:55:51,00068E2063,Unknown
2009-06-07 05:07:58,00060FA7EA,Unknown
2009-06-07 08:55:04,00065E632D,Unknown
2009-06-07 09:06:15,00065E632D,Unknown
2009-06-07 10:52:19,8E602D0D0F,Unknown
2009-06-07 12:37:37,8E602D0D0F,Unknown
2009-06-07 20:07:02,8E602D0D0F,Unknown
2009-06-07 20:07:34,00065E632D,Unknown
2009-06-07 20:20:43,8E602D0D0F,Unknown
2009-06-07 20:21:09,00065E632D,Unknown
2009-06-07 20:31:20,8E602D0D0F,Unknown
2009-06-07 20:31:43,00065E632D,Unknown
2009-06-07 21:37:06,0006979ABE,Unknown
2009-06-07 21:37:27,0006979ABE,Unknown
2009-06-07 21:42:49,00065D9BC6,Unknown
2009-06-07 21:45:29,00068EAD8A,Unknown
2009-06-07 21:45:49,0006979ABE,Unknown
2009-06-07 21:46:31,0006979ABE,Unknown
2009-06-07 21:46:41,00068E17E7,Unknown
2009-06-07 21:47:05,00068E3862,Unknown
2009-06-07 21:47:34,00068E2063,Unknown
2009-06-07 21:47:45,00068E2063,Unknown
2009-06-07 21:48:17,00060FA7EA,Unknown
2009-06-07 21:48:34,00065D81D3,Unknown
2009-06-07 21:48:54,00065D81D3,Unknown
2009-06-07 21:49:10,00068E1C26,Unknown
2009-06-07 21:49:20,00065D81D3,Unknown
2009-06-07 21:49:28,00068E3D73,Unknown
2009-06-07 21:49:55,00068E1F71,Unknown
2009-06-07 21:50:17,0006979B84,Unknown
2009-06-07 21:50:28,00068E35E1,Unknown
2009-06-07 21:50:34,00068E0DE6,Unknown
2009-06-07 21:50:45,00068E0DE6,Unknown
2009-06-07 21:51:27,00068E0F02,Unknown
2009-06-07 21:51:52,000697BE7E,Unknown
2009-06-07 21:51:57,000697A268,Unknown
2009-06-07 21:51:58,00060D7AE7,Unknown
2009-06-07 21:51:59,00060F66F2,Unknown
2009-06-07 21:52:04,00061013E4,Unknown
2009-06-07 21:53:44,00065EC57E,Unknown
2009-06-07 21:54:11,00068E3D57,Unknown
2009-06-07 21:54:16,00068E1FDB,Unknown
2009-06-07 21:57:37,00065D7D8B,Unknown
2009-06-07 21:58:05,000697B0DE,Unknown
2009-06-07 21:58:15,0006979BE8,Unknown
2009-06-07 21:58:40,00065DD7F6,Unknown
2009-06-07 21:59:01,00065DD7F6,Unknown
2009-06-07 22:37:38,00065D9BC6,Unknown
2009-06-07 22:38:43,00065D9BC6,Unknown
2009-06-07 22:58:47,00065D9BC6,Unknown
2009-06-07 23:01:33,00068E3862,Unknown
2009-06-07 23:13:06,00068E3862,Unknown
2009-06-07 23:18:26,00065D9BC6,Unknown
2009-06-07 23:36:02,00068E1C26,Unknown
2009-06-07 23:36:14,00068E1C26,Unknown
2009-06-07 23:37:03,00068E3D57,Unknown
2009-06-07 23:37:26,00068E3D57,Unknown
2009-06-07 23:41:35,00065D9BC6,Unknown
2009-06-07 23:42:48,00060D7AE7,Unknown
2009-06-07 23:43:45,00065D9BC6,Unknown
2009-06-07 23:46:53,00060D7AE7,Unknown
2009-06-08 00:00:03,000697BE7E,Unknown
2009-06-08 00:00:07,00065D9BC6,Unknown
2009-06-08 00:01:13,00065D9BC6,Unknown
2009-06-08 00:01:24,00065D9BC6,Unknown
2009-06-08 00:02:05,00061D3DC5,Unknown
2009-06-08 00:02:09,00065D9BC6,Unknown
2009-06-08 00:02:31,00061D3DC5,Unknown
2009-06-08 00:02:44,000697BE7E,Unknown
2009-06-08 00:08:54,00068E3862,Unknown
2009-06-08 00:09:27,000697BE7E,Unknown
2009-06-08 00:09:45,00068E3862,Unknown
2009-06-08 00:09:55,000697BE7E,Unknown
2009-06-08 00:13:04,00060F66F2,Unknown
2009-06-08 00:15:27,0006979B84,Unknown
2009-06-08 00:17:08,000697A268,Unknown
2009-06-08 00:20:49,00068E2063,Unknown
2009-06-08 00:22:04,00068E0DE6,Unknown
2009-06-08 00:25:43,00068E2063,Unknown
2009-06-08 00:29:32,00068E0F02,Unknown
2009-06-08 00:41:20,00068E1C26,Unknown
2009-06-08 00:41:38,0006979B84,Unknown
2009-06-08 00:44:16,0006979B84,Unknown
2009-06-08 00:51:48,0006979B84,Unknown
2009-06-08 00:56:05,0006979ABE,Unknown
2009-06-08 01:13:20,00068E0F02,Unknown
2009-06-08 01:19:10,000697A268,Unknown
2009-06-08 01:24:10,00060F66F2,Unknown
2009-06-08 01:24:29,00068E1C26,Unknown
2009-06-08 01:24:43,00068E1C26,Unknown
2009-06-08 01:25:57,0006979ABE,Unknown
2009-06-08 01:26:06,00068E0DE6,Unknown
2009-06-08 01:39:23,00060F66F2,Unknown
2009-06-08 01:40:23,00060F66F2,Unknown
2009-06-08 01:53:55,00068E1C26,Unknown
2009-06-08 01:54:07,00068E0F02,Unknown
2009-06-08 01:55:29,00061013E4,Unknown
2009-06-08 01:55:45,00068E17E7,Unknown
2009-06-08 01:56:09,00068E17E7,Unknown
2009-06-08 02:28:33,0006979B84,Unknown
2009-06-08 02:29:24,00068E1C26,Unknown
2009-06-08 02:29:35,00068E1C26,Unknown
2009-06-08 02:30:23,00061013E4,Unknown
2009-06-08 02:50:22,00060F66F2,Unknown
2009-06-08 03:06:19,00068E0F02,Unknown
2009-06-08 03:11:06,0006979B84,Unknown
2009-06-08 03:12:14,00060F66F2,Unknown
2009-06-08 03:28:13,00068E17E7,Unknown
2009-06-08 03:29:47,00068E17E7,Unknown
2009-06-08 03:30:13,00065DD7F6,Unknown
2009-06-08 03:30:43,00065DD7F6,Unknown
2009-06-08 03:38:17,00068E17E7,Unknown
2009-06-08 03:39:13,00065DD7F6,Unknown
2009-06-08 04:30:42,00065DD7F6,Unknown
2009-06-08 04:32:27,00068E0DE6,Unknown
2009-06-08 04:32:31,00065DD7F6,Unknown
2009-06-08 04:33:33,00068E1C26,Unknown
2009-06-08 04:34:07,00068E35E1,Unknown
2009-06-08 04:36:11,00065DD7F6,Unknown
2009-06-08 04:36:31,00068E0F02,Unknown
2009-06-08 04:36:36,00068E3D73,Unknown
2009-06-08 04:37:21,00060F66F2,Unknown
2009-06-08 04:37:24,00065D7D8B,Unknown
2009-06-08 04:37:41,00065EC57E,Unknown
2009-06-08 04:38:39,00068E17E7,Unknown
2009-06-08 04:38:49,00068E0DE6,Unknown
2009-06-08 04:39:05,00061013E4,Unknown
2009-06-08 04:39:11,0006979B84,Unknown
2009-06-08 04:39:26,00061013E4,Unknown
2009-06-08 04:39:42,00061013E4,Unknown
2009-06-08 04:41:19,0006979BE8,Unknown
2009-06-08 04:41:23,000697B0DE,Unknown
2009-06-08 04:41:28,00065D81D3,Unknown
2009-06-08 04:41:52,0006979863,Unknown
2009-06-08 04:42:02,00065D81D3,Unknown
2009-06-08 04:42:04,00068E1FDB,Unknown
2009-06-08 04:42:20,000697A268,Unknown
2009-06-08 04:42:44,0006979ABE,Unknown
2009-06-08 04:43:47,0006979863,Unknown
2009-06-08 04:44:04,0006979863,Unknown
2009-06-08 04:48:04,00068EAD8A,Unknown
2009-06-08 08:32:34,00065E632D,Unknown
2009-06-08 09:03:16,00065E632D,Unknown
2009-06-08 09:21:22,00065E632D,Unknown
2009-06-08 10:29:37,8E602D0D0F,Unknown
2009-06-08 18:18:46,8E602D0D0F,Unknown
2009-06-08 18:18:50,00065E632D,Unknown
2009-06-08 18:49:10,8E602D0D0F,Unknown
2009-06-08 18:49:35,00065E632D,Unknown
2009-06-08 18:57:42,8E602D0D0F,Unknown
2009-06-08 18:58:05,00065E632D,Unknown
2009-06-08 21:41:07,00068EAD8A,Unknown
2009-06-08 21:42:36,00068E17E7,Unknown
2009-06-08 21:42:38,00068E3D73,Unknown
2009-06-08 21:44:29,00065D81D3,Unknown
2009-06-08 21:44:59,00065D81D3,Unknown
2009-06-08 21:45:27,00065D81D3,Unknown
2009-06-08 21:46:02,00065D81D3,Unknown
2009-06-08 21:46:16,00065D81D3,Unknown
2009-06-08 21:46:20,00060F66F2,Unknown
2009-06-08 21:46:37,00065D81D3,Unknown
2009-06-08 21:47:13,00068E0F02,Unknown
2009-06-08 21:47:24,00068E0F02,Unknown
2009-06-08 21:47:39,000697A268,Unknown
2009-06-08 21:47:57,000697A268,Unknown
2009-06-08 21:48:56,0006979ABE,Unknown
2009-06-08 21:49:00,00068E35E1,Unknown
2009-06-08 21:49:56,00068E1C26,Unknown
2009-06-08 21:50:10,00065D81D3,Unknown
2009-06-08 21:52:07,00068E2227,Unknown
2009-06-08 21:52:31,00065DD7F6,Unknown
2009-06-08 21:52:44,00061013E4,Unknown
2009-06-08 21:52:54,00068E0DE6,Unknown
2009-06-08 21:53:08,0006979B84,Unknown
2009-06-08 21:54:15,0006979BE8,Unknown
2009-06-08 21:54:18,00068E1878,Unknown
2009-06-08 21:54:23,00065D7D8B,Unknown
2009-06-08 21:54:29,00068E1878,Unknown
2009-06-08 21:54:41,00068E1FDB,Unknown
2009-06-08 21:54:49,00065EC57E,Unknown
2009-06-08 21:57:19,00065EB019,Unknown
2009-06-08 21:57:36,000697B0DE,Unknown
2009-06-08 21:57:49,000697B0DE,Unknown
2009-06-08 21:57:55,00068E19F7,Unknown
2009-06-08 21:58:00,0006242035,Unknown
2009-06-08 21:58:14,000697B0DE,Unknown
2009-06-08 21:58:49,00068E3435,Unknown
2009-06-08 21:59:10,0000F8007E,Unknown
2009-06-08 22:00:14,00068E3546,Unknown
2009-06-08 22:01:58,000697C596,Unknown
2009-06-08 22:02:27,00001F5C08,Unknown
2009-06-08 22:02:47,0001F7D573,Unknown
2009-06-08 22:03:15,000697D368,Unknown
2009-06-08 22:04:11,00068E1A46,Unknown
2009-06-08 22:05:31,00065EC1B3,Unknown
2009-06-08 22:05:36,00068EA92B,Unknown
2009-06-08 22:05:37,000644514C,Unknown
2009-06-08 22:07:52,000697B0DE,Unknown
2009-06-08 22:08:56,00065D7D8B,Unknown
2009-06-08 22:09:15,00065D7D8B,Unknown
2009-06-08 22:10:02,00065D7D8B,Unknown
2009-06-08 22:11:31,00060F600D,Unknown
2009-06-08 23:50:31,00060F66F2,Unknown
2009-06-08 23:50:38,000697A268,Unknown
2009-06-09 00:12:56,00060F66F2,Unknown
2009-06-09 00:13:12,000697A268,Unknown
2009-06-09 01:26:24,00068E1C26,Unknown
2009-06-09 01:26:31,00060F66F2,Unknown
2009-06-09 01:27:16,00061013E4,Unknown
2009-06-09 01:27:29,00065EC57E,Unknown
2009-06-09 01:29:04,00065DD7F6,Unknown
2009-06-09 01:34:41,0006979B84,Unknown
2009-06-09 01:40:38,00061013E4,Unknown
2009-06-09 01:43:49,00065DD7F6,Unknown
2009-06-09 01:47:00,00065EC57E,Unknown
2009-06-09 01:50:07,00068E1C26,Unknown
2009-06-09 01:52:45,000697A268,Unknown
2009-06-09 02:08:51,0006979B84,Unknown
2009-06-09 02:09:57,00068E1C26,Unknown
2009-06-09 02:14:04,00060F66F2,Unknown
2009-06-09 02:21:40,0006979ABE,Unknown
2009-06-09 02:28:17,00068E1C26,Unknown
2009-06-09 02:28:48,00068E1C26,Unknown
2009-06-09 02:28:54,000697A268,Unknown
2009-06-09 02:29:02,0006979ABE,Unknown
2009-06-09 02:51:12,00068E3D73,Unknown
2009-06-09 02:52:16,00068E17E7,Unknown
2009-06-09 02:52:54,00065D81D3,Unknown
2009-06-09 02:59:42,00065D81D3,Unknown
2009-06-09 02:59:57,00068E3D73,Unknown
2009-06-09 03:00:02,00068E17E7,Unknown
2009-06-09 03:01:02,00068E1C26,Unknown
2009-06-09 03:01:06,0006979B84,Unknown
2009-06-09 03:01:15,0006979ABE,Unknown
2009-06-09 03:10:17,00068E1C26,Unknown
2009-06-09 03:17:06,0006979ABE,Unknown
2009-06-09 03:17:12,0006979B84,Unknown
2009-06-09 03:56:24,0006979B84,Unknown
2009-06-09 04:08:57,0006979B84,Unknown
2009-06-09 04:32:09,000697A268,Unknown
2009-06-09 04:33:14,00061013E4,Unknown
2009-06-09 04:33:44,0006979B84,Unknown
2009-06-09 04:34:57,00065EC57E,Unknown
2009-06-09 04:35:52,00065D81D3,Unknown
2009-06-09 04:36:06,00065DD7F6,Unknown
2009-06-09 04:36:12,00065D7D8B,Unknown
2009-06-09 04:37:36,00068E1C26,Unknown
2009-06-09 04:37:49,00060F66F2,Unknown
2009-06-09 04:38:13,00068E3D73,Unknown
2009-06-09 04:39:06,000697B0DE,Unknown
2009-06-09 04:39:36,00061D27AC,Unknown
2009-06-09 04:39:49,00061D27AC,Unknown
2009-06-09 04:40:00,00061D27AC,Unknown
2009-06-09 04:40:22,0006979BE8,Unknown
2009-06-09 04:41:35,00061D27AC,Unknown
2009-06-09 04:41:52,00061D27AC,Unknown
2009-06-09 04:42:03,00068E0DE6,Unknown
2009-06-09 04:42:04,00068E35E1,Unknown
2009-06-09 04:42:15,0006979ABE,Unknown
2009-06-09 04:44:26,00068E17E7,Unknown
2009-06-09 04:44:43,00068E1F71,Unknown
2009-06-09 04:45:15,00068E0F02,Unknown
2009-06-09 04:46:00,00068E1FDB,Unknown
2009-06-09 04:49:34,00068EAD8A,Unknown
2009-06-09 04:50:10,00061D27AC,Unknown
2009-06-09 04:55:11,00061D27AC,Unknown
2009-06-09 04:57:08,00061D27AC,Unknown
2009-06-09 04:57:24,00061D27AC,Unknown
2009-06-09 04:57:51,00061D27AC,Unknown
2009-06-09 04:58:02,00061D27AC,Unknown
2009-06-09 04:58:22,00061D27AC,Unknown
2009-06-09 04:58:43,00061D27AC,Unknown
2009-06-09 04:58:57,00061D27AC,Unknown
2009-06-09 04:59:26,00061D27AC,Unknown
2009-06-09 08:19:13,00065E632D,Unknown
2009-06-09 08:52:11,00065E632D,Unknown
2009-06-09 09:24:27,00065E632D,Unknown
2009-06-09 20:09:22,8E602D0D0F,Unknown
2009-06-09 20:09:49,00065E632D,Unknown
2009-06-09 20:27:33,8E602D0D0F,Unknown
2009-06-09 20:27:58,00065E632D,Unknown
2009-06-09 20:36:14,8E602D0D0F,Unknown
2009-06-09 20:36:45,00065E632D,Unknown
2009-06-09 20:46:31,8E602D0D0F,Unknown
2009-06-09 20:46:50,00065E632D,Unknown
2009-06-09 22:07:26,00065D81D3,Unknown
2009-06-09 22:07:59,00065D81D3,Unknown
2009-06-09 22:08:22,00060F66F2,Unknown
2009-06-09 22:08:46,000697B0DE,Unknown
2009-06-09 22:10:05,00065D9BC6,Unknown
2009-06-09 22:10:36,000697B0DE,Unknown
2009-06-09 22:12:39,0006979BE8,Unknown
2009-06-09 22:13:08,00068E1FDB,Unknown
2009-06-09 22:13:46,000697B0DE,Unknown
2009-06-09 22:14:00,00068E17E7,Unknown
2009-06-09 22:14:02,00068E0587,Unknown
2009-06-09 22:14:06,00065EC57E,Unknown
2009-06-09 22:14:13,00068E0587,Unknown
2009-06-09 22:14:16,000697BE7E,Unknown
2009-06-09 22:14:25,00068E0587,Unknown
2009-06-09 22:14:27,000697BE7E,Unknown
2009-06-09 22:14:29,00068E3D57,Unknown
2009-06-09 22:15:28,0006979D37,Unknown
2009-06-09 22:15:46,0005FE0832,Unknown
2009-06-09 22:15:47,0006979D37,Unknown
2009-06-09 22:15:52,00068E1A38,Unknown
2009-06-09 22:17:19,00068EAD8A,Unknown
2009-06-09 22:17:39,0006160637,Unknown
2009-06-09 22:17:46,00065DD7F6,Unknown
2009-06-09 22:18:02,00065DD7F6,Unknown
2009-06-09 22:18:03,00068E3D73,Unknown
2009-06-09 22:18:07,0006979C67,Unknown
2009-06-09 22:18:08,00060D7AE7,Unknown
2009-06-09 22:18:09,00065D7D8B,Unknown
2009-06-09 22:18:10,00060FA7EA,Unknown
2009-06-09 22:18:55,00068E1878,Unknown
2009-06-09 22:19:04,00065EC57E,Unknown
2009-06-09 22:19:15,00068E2227,Unknown
2009-06-09 22:20:21,0006444F30,Unknown
2009-06-09 22:20:48,00068E3546,Unknown
2009-06-09 22:20:50,00068E3862,Unknown
2009-06-09 22:21:01,00068E3862,Unknown
2009-06-09 22:21:12,00068E3862,Unknown
2009-06-09 22:21:43,00068E2063,Unknown
2009-06-09 22:21:59,00068E19F7,Unknown
2009-06-09 22:22:00,00065EB6E2,Unknown
2009-06-09 22:22:18,00068E0587,Unknown
2009-06-09 22:22:34,00065EB019,Unknown
2009-06-09 22:22:36,0000F8007E,Unknown
2009-06-09 22:23:10,00068E1A46,Unknown
2009-06-09 22:23:14,0006242035,Unknown
2009-06-09 22:25:18,00001F5C08,Unknown
2009-06-09 22:25:38,00068E3435,Unknown
2009-06-09 22:25:53,000697C596,Unknown
2009-06-09 22:26:34,00061013E4,Unknown
2009-06-09 22:26:39,0001F7D573,Unknown
2009-06-09 22:27:02,000697A268,Unknown
2009-06-09 22:27:41,0006979C67,Unknown
2009-06-09 22:28:01,00068EA92B,Unknown
2009-06-09 22:28:19,00068E0F02,Unknown
2009-06-09 22:28:32,00068E0F02,Unknown
2009-06-09 22:28:54,00068E0DE6,Unknown
2009-06-09 22:28:58,00068E1C26,Unknown
2009-06-09 22:29:04,0006979ABE,Unknown
2009-06-09 22:29:10,00065EC57E,Unknown
2009-06-09 22:29:10,00068E0DE6,Unknown
2009-06-09 22:29:11,00061D3DC5,Unknown
2009-06-09 22:29:28,000697D368,Unknown
2009-06-09 22:30:07,00061D27AC,Unknown
2009-06-09 22:30:34,00068E1F71,Unknown
2009-06-09 22:30:45,00068E1F71,Unknown
2009-06-09 22:31:16,00068E35E1,Unknown
2009-06-09 22:31:19,00065EB6E2,Unknown
2009-06-09 22:31:25,00065EC1B3,Unknown
2009-06-09 22:31:27,00068E35E1,Unknown
2009-06-09 22:31:31,0006979B84,Unknown
2009-06-09 22:31:49,0006979B84,Unknown
2009-06-09 22:32:02,0006979B84,Unknown
2009-06-09 22:32:13,0006979B84,Unknown
2009-06-09 22:34:31,00060F600D,Unknown
2009-06-09 22:34:44,00068E3862,Unknown
2009-06-09 22:36:38,00065D9BC6,Unknown
2009-06-09 22:36:46,000644514C,Unknown
2009-06-09 22:38:22,00065EC57E,Unknown
2009-06-09 22:39:52,00068E0587,Unknown
2009-06-09 22:42:05,0006979C67,Unknown
2009-06-09 22:42:15,0006160637,Unknown
2009-06-09 22:45:30,0006979C67,Unknown
2009-06-09 22:45:43,00068E0587,Unknown
2009-06-09 22:46:17,00068E0587,Unknown
2009-06-09 22:47:40,00065EB6E2,Unknown
2009-06-09 22:50:35,000644514C,Unknown
2009-06-09 22:51:27,00065EC57E,Unknown
2009-06-09 22:54:04,00068E0587,Unknown
2009-06-09 22:56:36,00068E0587,Unknown
2009-06-09 22:56:47,00068E0587,Unknown
2009-06-09 22:58:07,000644514C,Unknown
2009-06-09 22:58:28,00068E0587,Unknown
2009-06-09 22:59:26,00068E0587,Unknown
2009-06-09 23:00:49,0005FE0832,Unknown
2009-06-09 23:06:35,00065EC57E,Unknown
2009-06-09 23:07:03,00065D9BC6,Unknown
2009-06-09 23:08:01,0006979C67,Unknown
2009-06-09 23:12:00,00068E1C26,Unknown
2009-06-09 23:13:02,000644514C,Unknown
2009-06-09 23:16:46,000697A268,Unknown
2009-06-09 23:17:51,00068E0587,Unknown
2009-06-09 23:21:36,000644514C,Unknown
2009-06-09 23:26:04,00060D7AE7,Unknown
2009-06-09 23:28:13,00068E1A46,Unknown
2009-06-09 23:29:59,00065EC57E,Unknown
2009-06-09 23:30:28,000697BE7E,Unknown
2009-06-09 23:33:22,00065EB6E2,Unknown
2009-06-09 23:34:04,0006242035,Unknown
2009-06-09 23:35:03,0006979C67,Unknown
2009-06-09 23:38:17,00068E1C26,Unknown
2009-06-09 23:41:08,000697A268,Unknown
2009-06-09 23:41:31,00068E0587,Unknown
2009-06-09 23:43:21,00065EC57E,Unknown
2009-06-09 23:43:46,0006444F30,Unknown
2009-06-09 23:46:46,00068E3435,Unknown
2009-06-09 23:47:46,00068E1A46,Unknown
2009-06-09 23:51:30,00068E2063,Unknown
2009-06-09 23:53:34,0001F7D573,Unknown
2009-06-09 23:53:37,0006979C67,Unknown
2009-06-09 23:54:12,0006242035,Unknown
2009-06-09 23:55:55,00065D9BC6,Unknown
2009-06-09 23:57:26,00060F66F2,Unknown
2009-06-09 23:59:20,00068E3435,Unknown
2009-06-10 00:01:44,0006160637,Unknown
2009-06-10 00:02:11,0005FE0832,Unknown
2009-06-10 00:04:09,00065EB019,Unknown
2009-06-10 00:04:45,00065EC57E,Unknown
2009-06-10 00:04:56,00065EC1B3,Unknown
2009-06-10 00:07:48,00065DD7F6,Unknown
2009-06-10 00:08:37,00068E2227,Unknown
2009-06-10 00:09:44,00068E1A46,Unknown
2009-06-10 00:10:09,00068E35E1,Unknown
2009-06-10 00:10:26,00068E3862,Unknown
2009-06-10 00:12:54,00065EC57E,Unknown
2009-06-10 00:18:02,00065EB019,Unknown
2009-06-10 00:18:29,00065DD7F6,Unknown
2009-06-10 00:18:45,00065DD7F6,Unknown
2009-06-10 00:19:21,0001F7D573,Unknown
2009-06-10 00:20:43,0006242035,Unknown
2009-06-10 00:21:42,00065EC1B3,Unknown
2009-06-10 00:21:49,00068E0587,Unknown
2009-06-10 00:22:54,00068E2227,Unknown
2009-06-10 00:23:06,00068E1C26,Unknown
2009-06-10 00:23:26,000697C596,Unknown
2009-06-10 00:23:42,0006979C67,Unknown
2009-06-10 00:23:49,00060FA7EA,Unknown
2009-06-10 00:24:04,0006444F30,Unknown
2009-06-10 00:24:22,00068E3D57,Unknown
2009-06-10 00:24:22,0006979ABE,Unknown
2009-06-10 00:24:34,0006160637,Unknown
2009-06-10 00:26:01,0005FE0832,Unknown
2009-06-10 00:26:58,00068E0DE6,Unknown
2009-06-10 00:29:18,00068E1A46,Unknown
2009-06-10 00:29:31,00068EA92B,Unknown
2009-06-10 00:30:22,000697A268,Unknown
2009-06-10 00:31:03,000644514C,Unknown
2009-06-10 00:31:34,000644514C,Unknown
2009-06-10 00:38:09,0006242035,Unknown
2009-06-10 00:38:55,00068E19F7,Unknown
2009-06-10 00:39:53,000644514C,Unknown
2009-06-10 00:41:13,0006979C67,Unknown
2009-06-10 00:41:24,00068E0587,Unknown
2009-06-10 00:43:19,00065EB6E2,Unknown
2009-06-10 00:43:45,00068E1A46,Unknown
2009-06-10 00:43:57,00068E0587,Unknown
2009-06-10 00:45:29,00068E0587,Unknown
2009-06-10 00:45:31,0006979B84,Unknown
2009-06-10 00:46:31,00068E0587,Unknown
2009-06-10 00:47:04,00061D27AC,Unknown
2009-06-10 00:50:29,00068E3546,Unknown
2009-06-10 00:50:50,0001F7D573,Unknown
2009-06-10 00:51:57,00068E0587,Unknown
2009-06-10 00:52:37,000644514C,Unknown
2009-06-10 00:52:52,00065D9BC6,Unknown
2009-06-10 00:57:32,0006242035,Unknown
2009-06-10 00:58:17,00065EB019,Unknown
2009-06-10 00:59:51,00068E1878,Unknown
2009-06-10 01:00:07,00068E19F7,Unknown
2009-06-10 01:00:36,00068E2063,Unknown
2009-06-10 01:01:28,00060D7AE7,Unknown
2009-06-10 01:02:18,0000F8007E,Unknown
2009-06-10 01:05:31,00068E3D57,Unknown
2009-06-10 01:08:10,00065EC1B3,Unknown
2009-06-10 01:08:57,00068E1A46,Unknown
2009-06-10 01:09:01,000697D368,Unknown
2009-06-10 01:10:32,0001F7D573,Unknown
2009-06-10 01:12:29,0006444F30,Unknown
2009-06-10 01:13:27,00068EA92B,Unknown
2009-06-10 01:13:58,00068E3546,Unknown
2009-06-10 01:14:04,00068E3435,Unknown
2009-06-10 01:14:39,00068E3546,Unknown
2009-06-10 01:14:50,00068E35E1,Unknown
2009-06-10 01:16:08,0006979ABE,Unknown
2009-06-10 01:16:28,00068EA92B,Unknown
2009-06-10 01:16:42,0006242035,Unknown
2009-06-10 01:17:55,000644514C,Unknown
2009-06-10 01:18:28,00065EB6E2,Unknown
2009-06-10 01:18:49,00068E1878,Unknown
2009-06-10 01:19:04,000697C596,Unknown
2009-06-10 01:19:16,00065EC1B3,Unknown
2009-06-10 01:22:27,000697BE7E,Unknown
2009-06-10 01:23:46,00068E1A46,Unknown
2009-06-10 01:24:03,00060F66F2,Unknown
2009-06-10 01:24:28,00068EA92B,Unknown
2009-06-10 01:25:11,0006160637,Unknown
2009-06-10 01:26:06,00068E0587,Unknown
2009-06-10 01:27:43,0006979C67,Unknown
2009-06-10 01:27:43,00068E3435,Unknown
2009-06-10 01:32:28,0006979B84,Unknown
2009-06-10 01:33:43,0005FE0832,Unknown
2009-06-10 01:35:53,00060D7AE7,Unknown
2009-06-10 01:36:00,00068E1C26,Unknown
2009-06-10 01:36:12,00068E1C26,Unknown
2009-06-10 01:36:59,00068E0587,Unknown
2009-06-10 01:37:06,00068E1A46,Unknown
2009-06-10 01:37:27,00068E2227,Unknown
2009-06-10 01:37:40,00068E0587,Unknown
2009-06-10 01:37:51,00068E0587,Unknown
2009-06-10 01:37:56,0001F7D573,Unknown
2009-06-10 01:38:50,00068E0DE6,Unknown
2009-06-10 01:38:52,0006979ABE,Unknown
2009-06-10 01:40:08,00060FA7EA,Unknown
2009-06-10 01:40:18,00068E0587,Unknown
2009-06-10 01:41:41,00068E2063,Unknown
2009-06-10 01:41:42,00068E3435,Unknown
2009-06-10 01:42:40,00068E0587,Unknown
2009-06-10 01:43:16,0006242035,Unknown
2009-06-10 01:43:28,00060F600D,Unknown
2009-06-10 01:44:34,0006160637,Unknown
2009-06-10 01:45:12,0006979C67,Unknown
2009-06-10 01:45:40,00065D9BC6,Unknown
2009-06-10 01:46:55,00068E0587,Unknown
2009-06-10 01:47:38,00068E0587,Unknown
2009-06-10 01:47:56,00068E0587,Unknown
2009-06-10 01:48:54,00068E3862,Unknown
2009-06-10 01:50:13,00065EB019,Unknown
2009-06-10 01:50:29,00068E3546,Unknown
2009-06-10 01:52:17,00068E0587,Unknown
2009-06-10 01:54:06,00068E2227,Unknown
2009-06-10 01:55:47,00068E1878,Unknown
2009-06-10 01:55:52,00068E19F7,Unknown
2009-06-10 01:56:43,00068E3D57,Unknown
2009-06-10 01:57:01,0006242035,Unknown
2009-06-10 01:57:31,000697BE7E,Unknown
2009-06-10 01:57:40,00065D9BC6,Unknown
2009-06-10 01:57:59,00068E1A46,Unknown
2009-06-10 01:59:03,000697A268,Unknown
2009-06-10 01:59:56,00068EA92B,Unknown
2009-06-10 02:00:19,00065D9BC6,Unknown
2009-06-10 02:01:32,00068E3435,Unknown
2009-06-10 02:01:51,00065EB019,Unknown
2009-06-10 02:01:53,0000F8007E,Unknown
2009-06-10 02:02:27,000644514C,Unknown
2009-06-10 02:03:48,0006979ABE,Unknown
2009-06-10 02:05:42,00065EC1B3,Unknown
2009-06-10 02:06:35,0001F7D573,Unknown
2009-06-10 02:08:06,00068E1878,Unknown
2009-06-10 02:11:29,00061D27AC,Unknown
2009-06-10 02:11:44,0005FE0832,Unknown
2009-06-10 02:11:48,00060F66F2,Unknown
2009-06-10 02:12:40,00068E3546,Unknown
2009-06-10 02:14:12,000697C596,Unknown
2009-06-10 02:14:23,00068E19F7,Unknown
2009-06-10 02:14:41,00068E1C26,Unknown
2009-06-10 02:14:47,00068E1A46,Unknown
2009-06-10 02:17:42,00060D7AE7,Unknown
2009-06-10 02:21:45,00065D9BC6,Unknown
2009-06-10 02:23:33,000644514C,Unknown
2009-06-10 02:23:53,00068E0DE6,Unknown
2009-06-10 02:24:23,00065D9BC6,Unknown
2009-06-10 02:26:10,0006444F30,Unknown
2009-06-10 02:26:26,0006979B84,Unknown
2009-06-10 02:29:39,00068E0587,Unknown
2009-06-10 02:35:58,00068E2063,Unknown
2009-06-10 02:36:39,00060FA7EA,Unknown
2009-06-10 02:36:55,00068E3D57,Unknown
2009-06-10 02:37:17,00065EC1B3,Unknown
2009-06-10 02:38:47,0006242035,Unknown
2009-06-10 02:40:07,00068E3862,Unknown
2009-06-10 02:42:20,00060D7AE7,Unknown
2009-06-10 02:42:22,00068E1A46,Unknown
2009-06-10 02:43:06,00068E1878,Unknown
2009-06-10 02:43:39,00068E0587,Unknown
2009-06-10 02:43:43,0006979C67,Unknown
2009-06-10 02:44:23,0006160637,Unknown
2009-06-10 02:45:31,00068E3435,Unknown
2009-06-10 02:47:34,00061D27AC,Unknown
2009-06-10 02:47:40,0006979ABE,Unknown
2009-06-10 02:49:17,000697A268,Unknown
2009-06-10 02:51:05,0006444F30,Unknown
2009-06-10 02:57:16,000697D368,Unknown
2009-06-10 02:58:43,0006979C67,Unknown
2009-06-10 02:59:43,0006160637,Unknown
2009-06-10 03:00:26,000644514C,Unknown
2009-06-10 03:00:43,00065EB6E2,Unknown
2009-06-10 03:01:54,00065D9BC6,Unknown
2009-06-10 03:02:39,00068E1A46,Unknown
2009-06-10 03:03:15,00060FA7EA,Unknown
2009-06-10 03:03:35,0006242035,Unknown
2009-06-10 03:05:16,00068E0DE6,Unknown
2009-06-10 03:05:22,00068E3435,Unknown
2009-06-10 03:05:38,00068E1878,Unknown
2009-06-10 03:07:23,000697C596,Unknown
2009-06-10 03:08:36,00068E1C26,Unknown
2009-06-10 03:10:08,00060F66F2,Unknown
2009-06-10 03:10:21,00068EA92B,Unknown
2009-06-10 03:10:45,0006979ABE,Unknown
2009-06-10 03:11:18,0006979B84,Unknown
2009-06-10 03:11:29,0006979B84,Unknown
2009-06-10 03:20:28,00068E0587,Unknown
2009-06-10 03:21:57,0006160637,Unknown
2009-06-10 03:23:04,0006979C67,Unknown
2009-06-10 03:23:49,00060D7AE7,Unknown
2009-06-10 03:26:38,000697A268,Unknown
2009-06-10 03:26:58,00065EB6E2,Unknown
2009-06-10 03:27:56,000697BE7E,Unknown
2009-06-10 03:30:27,00061D27AC,Unknown
2009-06-10 03:31:18,0006444F30,Unknown
2009-06-10 03:34:20,00068E3862,Unknown
2009-06-10 03:35:04,00060FA7EA,Unknown
2009-06-10 03:37:30,00068E2063,Unknown
2009-06-10 03:41:38,0005FE0832,Unknown
2009-06-10 03:41:41,00068EA92B,Unknown
2009-06-10 03:48:12,0006979C67,Unknown
2009-06-10 03:48:26,00068E1A46,Unknown
2009-06-10 03:52:13,00068E0587,Unknown
2009-06-10 03:52:36,00068E1A38,Unknown
2009-06-10 03:52:55,000644514C,Unknown
2009-06-10 03:56:28,0006160637,Unknown
2009-06-10 03:56:45,00068E1A46,Unknown
2009-06-10 04:03:51,000644514C,Unknown
2009-06-10 04:05:02,00068E1A38,Unknown
2009-06-10 04:06:31,00068E2063,Unknown
2009-06-10 04:06:51,00065EB6E2,Unknown
2009-06-10 04:12:44,0006160637,Unknown
2009-06-10 04:12:59,0006979C67,Unknown
2009-06-10 04:13:15,00068E0587,Unknown
2009-06-10 04:19:14,0001F7D573,Unknown
2009-06-10 04:19:55,0006242035,Unknown
2009-06-10 04:22:07,00068E3D57,Unknown
2009-06-10 04:22:22,00060F66F2,Unknown
2009-06-10 04:22:58,0001F7D573,Unknown
2009-06-10 04:23:03,00060F600D,Unknown
2009-06-10 04:23:06,0006242035,Unknown
2009-06-10 04:25:32,00060D7AE7,Unknown
2009-06-10 04:31:28,000697BE7E,Unknown
2009-06-10 04:33:08,00068E1C26,Unknown
2009-06-10 04:33:39,00068E35E1,Unknown
2009-06-10 04:33:56,00061013E4,Unknown
2009-06-10 04:35:03,0006979D37,Unknown
2009-06-10 04:35:40,000697A268,Unknown
2009-06-10 04:35:59,0006444F30,Unknown
2009-06-10 04:36:13,00068E0DE6,Unknown
2009-06-10 04:36:27,00061D27AC,Unknown
2009-06-10 04:36:52,0006979B84,Unknown
2009-06-10 04:37:09,00068E3862,Unknown
2009-06-10 04:37:25,0005FE0832,Unknown
2009-06-10 04:37:30,00068E0587,Unknown
2009-06-10 04:37:35,00068E1A38,Unknown
2009-06-10 04:37:48,0006979C67,Unknown
2009-06-10 04:38:05,00065EB6E2,Unknown
2009-06-10 04:38:14,00065D9BC6,Unknown
2009-06-10 04:39:29,0006979ABE,Unknown
2009-06-10 04:42:26,0006160637,Unknown
2009-06-10 04:43:00,00068E1F71,Unknown
2009-06-10 04:43:42,00068E2063,Unknown
2009-06-10 04:44:10,00060FA7EA,Unknown
2009-06-10 08:55:58,00065E632D,Unknown
2009-06-10 09:33:28,00065E632D,Unknown
2009-06-10 09:54:17,00065E632D,Unknown
2009-06-10 10:10:17,00065E632D,Unknown
2009-06-10 10:59:04,8E602D0D0F,Unknown
2009-06-10 11:55:11,8E602D0D0F,Unknown
2009-06-10 20:13:58,8E602D0D0F,Unknown
2009-06-10 20:14:25,00065E632D,Unknown
2009-06-10 20:15:48,8E602D0D0F,Unknown
2009-06-10 20:16:11,00065E632D,Unknown
2009-06-10 20:48:17,8E602D0D0F,Unknown
2009-06-10 20:48:41,00065E632D,Unknown
2009-06-10 20:55:59,8E602D0D0F,Unknown
2009-06-10 20:56:18,00065E632D,Unknown
2009-06-10 21:31:05,0006160637,Unknown
2009-06-10 21:34:35,00065D9BC6,Unknown
2009-06-10 21:35:15,00065D9BC6,Unknown
2009-06-10 21:36:22,0005FE0832,Unknown
2009-06-10 21:36:33,0005FE0832,Unknown
2009-06-10 21:37:21,000697BE7E,Unknown
2009-06-10 21:38:51,00060FA7EA,Unknown
2009-06-10 21:39:02,00060FA7EA,Unknown
2009-06-10 21:40:12,00065D9BC6,Unknown
2009-06-10 21:40:16,0006444F30,Unknown
2009-06-10 21:41:20,00068E2227,Unknown
2009-06-10 21:41:50,00068E3D57,Unknown
2009-06-10 21:42:00,00068E1A38,Unknown
2009-06-10 21:42:28,00060D7AE7,Unknown
2009-06-10 21:43:07,00068E3862,Unknown
2009-06-10 21:43:38,0006979C67,Unknown
2009-06-10 21:44:53,00065EB6E2,Unknown
2009-06-10 21:44:57,0006979D37,Unknown
2009-06-10 21:46:38,00068E2063,Unknown
2009-06-10 21:48:14,00065DD7F6,Unknown
2009-06-10 21:48:25,00068E0587,Unknown
2009-06-10 21:48:36,00068E3D73,Unknown
2009-06-10 21:48:47,00068EAD8A,Unknown
2009-06-10 21:49:08,00068E17E7,Unknown
2009-06-10 21:49:26,0006160637,Unknown
2009-06-10 21:50:38,00065EB019,Unknown
2009-06-10 21:50:47,0006242035,Unknown
2009-06-10 21:51:18,00068E0F02,Unknown
2009-06-10 21:51:36,00065EB6E2,Unknown
2009-06-10 21:51:46,00060F66F2,Unknown
2009-06-10 21:51:48,00068E1F71,Unknown
2009-06-10 21:51:51,000697A268,Unknown
2009-06-10 21:52:05,00065D81D3,Unknown
2009-06-10 21:52:12,00068E1FDB,Unknown
2009-06-10 21:52:13,00068E1878,Unknown
2009-06-10 21:52:18,00065D81D3,Unknown
2009-06-10 21:52:23,00068E1FDB,Unknown
2009-06-10 21:52:29,00065D81D3,Unknown
2009-06-10 21:52:46,0006979C67,Unknown
2009-06-10 21:53:44,00068E2063,Unknown
2009-06-10 21:53:48,0006979ABE,Unknown
2009-06-10 21:54:02,00068E1C26,Unknown
2009-06-10 21:54:10,0006979BE8,Unknown
2009-06-10 21:54:16,00061D27AC,Unknown
2009-06-10 21:54:45,00068E35E1,Unknown
2009-06-10 21:54:57,00068E3546,Unknown
2009-06-10 21:55:39,00065D7D8B,Unknown
2009-06-10 21:55:42,00068E2063,Unknown
2009-06-10 21:56:00,00068E19F7,Unknown
2009-06-10 21:56:23,00068E0587,Unknown
2009-06-10 21:57:33,0006979B84,Unknown
2009-06-10 21:57:59,000644514C,Unknown
2009-06-10 21:58:59,000697C596,Unknown
2009-06-10 21:59:17,00065EB6E2,Unknown
2009-06-10 21:59:47,00068E1A46,Unknown
2009-06-10 22:00:06,00061013E4,Unknown
2009-06-10 22:00:09,00068E3435,Unknown
2009-06-10 22:00:10,0006979B84,Unknown
2009-06-10 22:00:27,0006979B84,Unknown
2009-06-10 22:00:41,0006979B84,Unknown
2009-06-10 22:00:43,00068E0DE6,Unknown
2009-06-10 22:01:01,00065DD7F6,Unknown
2009-06-10 22:02:04,00065EC1B3,Unknown
2009-06-10 22:02:17,000697D368,Unknown
2009-06-10 22:02:55,0006160637,Unknown
2009-06-10 22:04:44,00068EA92B,Unknown
2009-06-10 22:05:14,00060F600D,Unknown
2009-06-10 22:05:23,000697B0DE,Unknown
2009-06-10 22:05:29,00068E2063,Unknown
2009-06-10 22:05:59,00065EB6E2,Unknown
2009-06-10 22:07:17,00068E0587,Unknown
2009-06-10 22:08:18,00065EB6E2,Unknown
2009-06-10 22:08:33,0006979C67,Unknown
2009-06-10 22:08:50,00068E2063,Unknown
2009-06-10 22:17:50,00065DD7F6,Unknown
2009-06-10 22:19:47,0006979C67,Unknown
2009-06-10 22:20:43,00068E0587,Unknown
2009-06-10 22:21:42,0006160637,Unknown
2009-06-10 22:22:00,00068E2063,Unknown
2009-06-10 22:22:09,00065D9BC6,Unknown
2009-06-10 22:22:23,0006979C67,Unknown
2009-06-10 22:22:45,000697B0DE,Unknown
2009-06-10 22:23:35,00068E0587,Unknown
2009-06-10 22:25:49,00065EB6E2,Unknown
2009-06-10 22:26:09,0006160637,Unknown
2009-06-10 22:26:13,00068E2063,Unknown
2009-06-10 22:31:18,00065D9BC6,Unknown
2009-06-10 22:32:44,000644514C,Unknown
2009-06-10 22:42:13,00065EB6E2,Unknown
2009-06-10 22:43:04,0006160637,Unknown
2009-06-10 22:43:08,000697B0DE,Unknown
2009-06-10 22:45:58,00065DD7F6,Unknown
2009-06-10 22:50:12,000697B0DE,Unknown
2009-06-10 22:52:20,0006160637,Unknown
2009-06-10 23:06:10,000697B0DE,Unknown
2009-06-10 23:12:45,000644514C,Unknown
2009-06-10 23:13:19,000697B0DE,Unknown
2009-06-10 23:15:43,00065EB6E2,Unknown
2009-06-10 23:15:53,00065DD7F6,Unknown
2009-06-10 23:24:19,0006160637,Unknown
2009-06-10 23:26:07,0006160637,Unknown
2009-06-10 23:33:07,00065DD7F6,Unknown
2009-06-10 23:36:52,000697B0DE,Unknown
2009-06-10 23:37:51,000644514C,Unknown
2009-06-10 23:48:25,00068E1A46,Unknown
2009-06-10 23:48:47,000644514C,Unknown
2009-06-10 23:52:53,00065EB6E2,Unknown
2009-06-10 23:55:18,00065EB6E2,Unknown
2009-06-10 23:55:29,00065EB6E2,Unknown
2009-06-10 23:58:14,000644514C,Unknown
2009-06-10 23:58:22,00068E3435,Unknown
2009-06-10 23:59:54,00060F600D,Unknown
2009-06-11 00:00:11,00068E1A46,Unknown
2009-06-11 00:01:09,000697B0DE,Unknown
2009-06-11 00:01:34,00060D7AE7,Unknown
2009-06-11 00:01:34,00068EAD8A,Unknown
2009-06-11 00:02:25,00065D7D8B,Unknown
2009-06-11 00:02:33,00068E3435,Unknown
2009-06-11 00:03:56,00068E1FDB,Unknown
2009-06-11 00:04:56,00068E3D73,Unknown
2009-06-11 00:06:25,00065EB019,Unknown
2009-06-11 00:10:03,00065D9BC6,Unknown
2009-06-11 00:11:55,000644514C,Unknown
2009-06-11 00:12:13,00065EC1B3,Unknown
2009-06-11 00:14:24,00065DD7F6,Unknown
2009-06-11 00:15:10,00068EAD8A,Unknown
2009-06-11 00:15:55,00060FA7EA,Unknown
2009-06-11 00:16:47,00068E1FDB,Unknown
2009-06-11 00:17:45,00068E1878,Unknown
2009-06-11 00:20:06,00068E3D73,Unknown
2009-06-11 00:20:45,00065EB019,Unknown
2009-06-11 00:21:00,000697C596,Unknown
2009-06-11 00:23:09,00068E3D73,Unknown
2009-06-11 00:23:29,00068E1878,Unknown
2009-06-11 00:25:45,00068E1A46,Unknown
2009-06-11 00:26:38,00065D7D8B,Unknown
2009-06-11 00:27:28,00068E3D73,Unknown
2009-06-11 00:29:04,00068EA92B,Unknown
2009-06-11 00:34:02,00065EB6E2,Unknown
2009-06-11 00:34:48,00060FA7EA,Unknown
2009-06-11 00:34:50,00068E19F7,Unknown
2009-06-11 00:35:54,00068E2063,Unknown
2009-06-11 00:36:48,00068E2063,Unknown
2009-06-11 00:37:18,00060D7AE7,Unknown
2009-06-11 00:38:34,0006242035,Unknown
2009-06-11 00:38:43,000644514C,Unknown
2009-06-11 00:40:52,00065DD7F6,Unknown
2009-06-11 00:43:29,00068E17E7,Unknown
2009-06-11 00:44:48,000697B0DE,Unknown
2009-06-11 00:45:43,00068EA92B,Unknown
2009-06-11 00:55:49,00060F600D,Unknown
2009-06-11 00:57:07,0006242035,Unknown
2009-06-11 00:58:52,00068E17E7,Unknown
2009-06-11 01:01:35,000697D368,Unknown
2009-06-11 01:08:25,000697C596,Unknown
2009-06-11 01:08:46,00068E3435,Unknown
2009-06-11 01:10:22,00065EB6E2,Unknown
2009-06-11 01:11:19,000697B0DE,Unknown
2009-06-11 01:12:24,00068E0587,Unknown
2009-06-11 01:12:42,00068E0587,Unknown
2009-06-11 01:15:42,0006242035,Unknown
2009-06-11 01:18:53,000644514C,Unknown
2009-06-11 01:22:56,00068E3435,Unknown
2009-06-11 01:24:29,000697D368,Unknown
2009-06-11 01:33:49,00068E1A46,Unknown
2009-06-11 01:34:06,000697C596,Unknown
2009-06-11 01:38:06,0006242035,Unknown
2009-06-11 01:42:41,00065EB6E2,Unknown
2009-06-11 01:43:14,000644514C,Unknown
2009-06-11 01:43:50,00060F600D,Unknown
2009-06-11 01:44:01,00060F600D,Unknown
2009-06-11 01:45:28,000697B0DE,Unknown
2009-06-11 01:45:33,00065DD7F6,Unknown
2009-06-11 01:49:22,00065EB019,Unknown
2009-06-11 01:53:37,00065EB6E2,Unknown
2009-06-11 01:54:56,00065EB6E2,Unknown
2009-06-11 02:10:01,0006979B84,Unknown
2009-06-11 02:19:52,00060F66F2,Unknown
2009-06-11 02:20:05,00061D27AC,Unknown
2009-06-11 02:20:14,000644514C,Unknown
2009-06-11 02:20:28,0006979B84,Unknown
2009-06-11 02:21:24,00068E1A46,Unknown
2009-06-11 02:23:03,000644514C,Unknown
2009-06-11 02:23:25,00068E1A46,Unknown
2009-06-11 02:27:10,00068E0DE6,Unknown
2009-06-11 02:31:59,000644514C,Unknown
2009-06-11 02:32:13,00065DD7F6,Unknown
2009-06-11 02:32:18,00068E3435,Unknown
2009-06-11 02:32:34,00065DD7F6,Unknown
2009-06-11 02:33:14,00068E3435,Unknown
2009-06-11 02:34:21,00061D3DC5,Unknown
2009-06-11 02:34:34,00061D3DC5,Unknown
2009-06-11 02:35:57,000697D368,Unknown
2009-06-11 02:37:29,000697C596,Unknown
2009-06-11 02:37:36,00068E3435,Unknown
2009-06-11 02:41:21,00065DD7F6,Unknown
2009-06-11 02:43:35,0006242035,Unknown
2009-06-11 02:43:36,00065DD7F6,Unknown
2009-06-11 02:49:14,0006979ABE,Unknown
2009-06-11 02:52:01,00065DD7F6,Unknown
2009-06-11 02:52:22,00065DD7F6,Unknown
2009-06-11 02:52:26,0006242035,Unknown
2009-06-11 02:53:42,00068E0DE6,Unknown
2009-06-11 02:54:50,0006979B84,Unknown
2009-06-11 02:55:01,0006979ABE,Unknown
2009-06-11 02:55:15,00060F600D,Unknown
2009-06-11 02:55:20,00068E3435,Unknown
2009-06-11 02:55:44,00060F66F2,Unknown
2009-06-11 02:56:25,00061D27AC,Unknown
2009-06-11 02:57:14,00065DD7F6,Unknown
2009-06-11 02:57:48,00065DD7F6,Unknown
2009-06-11 02:59:18,000697C596,Unknown
2009-06-11 03:02:32,000697D368,Unknown
2009-06-11 03:02:48,000644514C,Unknown
2009-06-11 03:04:56,000644514C,Unknown
2009-06-11 03:07:02,00065DD7F6,Unknown
2009-06-11 03:07:15,00065DD7F6,Unknown
2009-06-11 03:11:26,000644514C,Unknown
2009-06-11 03:21:04,000644514C,Unknown
2009-06-11 03:31:43,000644514C,Unknown
2009-06-11 03:33:45,000644514C,Unknown
2009-06-11 03:37:48,000644514C,Unknown
2009-06-11 03:42:34,0006979B84,Unknown
2009-06-11 03:45:45,000644514C,Unknown
2009-06-11 03:54:24,0006979B84,Unknown
2009-06-11 04:09:14,00068E1A46,Unknown
2009-06-11 04:12:00,00060F600D,Unknown
2009-06-11 04:13:30,00061D27AC,Unknown
2009-06-11 04:14:58,0001F7D573,Unknown
2009-06-11 04:15:01,000697A268,Unknown
2009-06-11 04:16:23,00068E3435,Unknown
2009-06-11 04:16:36,00068E2227,Unknown
2009-06-11 04:16:42,00068E1878,Unknown
2009-06-11 04:16:44,00065EC1B3,Unknown
2009-06-11 04:17:01,0006979B84,Unknown
2009-06-11 04:17:56,00068E0DE6,Unknown
2009-06-11 04:18:27,0000F8007E,Unknown
2009-06-11 04:19:54,000644514C,Unknown
2009-06-11 04:20:15,000697D368,Unknown
2009-06-11 04:21:27,00060F66F2,Unknown
2009-06-11 04:21:37,00068E19F7,Unknown
2009-06-11 04:22:05,00068E1C26,Unknown
2009-06-11 04:27:49,00068E3546,Unknown
2009-06-11 04:29:19,0006979B84,Unknown
2009-06-11 04:30:51,000697A268,Unknown
2009-06-11 04:32:28,00068E0DE6,Unknown
2009-06-11 04:32:40,00068E0DE6,Unknown
2009-06-11 04:32:46,00068E1C26,Unknown
2009-06-11 04:33:39,00060F66F2,Unknown
2009-06-11 04:38:51,00061D27AC,Unknown
2009-06-11 04:39:22,00061D27AC,Unknown
2009-06-11 04:40:52,00061D27AC,Unknown
2009-06-11 04:42:51,00068E35E1,Unknown
2009-06-11 04:43:14,00068E35E1,Unknown
2009-06-11 04:43:15,00061D27AC,Unknown
2009-06-11 04:43:34,00061013E4,Unknown
2009-06-11 04:44:06,00068E0F02,Unknown
2009-06-11 04:45:00,000697A268,Unknown
2009-06-11 04:45:43,0006979ABE,Unknown
2009-06-11 04:47:37,00068E0DE6,Unknown
2009-06-11 04:49:00,00060F66F2,Unknown
2009-06-11 04:50:14,0006979B84,Unknown
2009-06-11 04:56:06,00068E1C26,Unknown
2009-06-11 04:59:45,00068E1F71,Unknown
2009-06-11 09:22:36,00065E632D,Unknown
2009-06-11 09:54:48,00065E632D,Unknown
2009-06-11 10:18:45,00065E632D,Unknown
2009-06-11 10:20:34,00065E632D,Unknown
2009-06-11 11:13:54,8E602D0D0F,Unknown
2009-06-11 11:15:10,EEEEEEEEEE,Unknown
2009-06-11 11:15:11,6EEEEEEEEE,Unknown
2009-06-11 11:17:15,EEEEEEEEEE,Unknown
2009-06-11 11:17:15,6EEEEEEEEE,Unknown
2009-06-11 11:19:23,8E602D0D0F,Unknown
2009-06-11 18:01:34,8E602D0D0F,Unknown
2009-06-11 18:02:02,00065E632D,Unknown
2009-06-11 18:26:38,8E602D0D0F,Unknown
2009-06-11 18:27:22,00065E632D,Unknown
2009-06-11 18:33:45,8E602D0D0F,Unknown
2009-06-11 18:34:05,00065E632D,Unknown
2009-06-11 18:58:39,8E602D0D0F,Unknown
2009-06-11 18:58:57,00065E632D,Unknown
2009-06-11 20:27:12,0006979D37,Unknown
2009-06-11 21:22:50,0005FE0832,Unknown
2009-06-11 21:24:28,00068E3D57,Unknown
2009-06-11 21:27:34,00068E0587,Unknown
2009-06-11 21:28:26,00068E3862,Unknown
2009-06-11 21:29:59,0006979C67,Unknown
2009-06-11 21:30:05,0005FE0832,Unknown
2009-06-11 21:31:26,000697BE7E,Unknown
2009-06-11 21:31:42,000697BE7E,Unknown
2009-06-11 21:31:57,000697BE7E,Unknown
2009-06-11 21:32:03,0006160637,Unknown
2009-06-11 21:32:09,000697BE7E,Unknown
2009-06-11 21:32:17,00068E2063,Unknown
2009-06-11 21:32:21,0006444F30,Unknown
2009-06-11 21:36:25,00065D9BC6,Unknown
2009-06-11 21:36:31,00068E3D57,Unknown
2009-06-11 21:37:22,000697BE7E,Unknown
2009-06-11 21:37:29,0006979D37,Unknown
2009-06-11 21:37:35,00068EAD8A,Unknown
2009-06-11 21:38:14,0006979C67,Unknown
2009-06-11 21:38:50,00068E0F02,Unknown
2009-06-11 21:39:14,00068E0F02,Unknown
2009-06-11 21:40:01,000697BE7E,Unknown
2009-06-11 21:40:37,00068EAD8A,Unknown
2009-06-11 21:46:37,0006979D37,Unknown
2009-06-11 21:53:10,0006979C67,Unknown
2009-06-11 22:00:23,00061D3DC5,Unknown
2009-06-11 22:00:35,00061D3DC5,Unknown
2009-06-11 22:00:53,00061D3DC5,Unknown
2009-06-11 22:02:11,00065EB6E2,Unknown
2009-06-11 22:02:58,00068E1A38,Unknown
2009-06-11 22:03:12,00060D7AE7,Unknown
2009-06-11 22:07:39,00068E0587,Unknown
2009-06-11 22:10:49,00068EAD8A,Unknown
2009-06-11 22:12:05,000644514C,Unknown
2009-06-11 22:12:25,000644514C,Unknown
2009-06-11 22:13:42,00068E1878,Unknown
2009-06-11 22:14:22,00065D81D3,Unknown
2009-06-11 22:14:51,0006979D37,Unknown
2009-06-11 22:18:49,00068E1FDB,Unknown
2009-06-11 22:18:50,0006160637,Unknown
2009-06-11 22:19:08,000697BE7E,Unknown
2009-06-11 22:19:17,00068E1FDB,Unknown
2009-06-11 22:19:37,00068E17E7,Unknown
2009-06-11 22:20:29,00068E3546,Unknown
2009-06-11 22:20:56,00068E2227,Unknown
2009-06-11 22:23:48,0006160637,Unknown
2009-06-11 22:24:01,00068E19F7,Unknown
2009-06-11 22:24:58,0006979C67,Unknown
2009-06-11 22:25:24,0000F8007E,Unknown
2009-06-11 22:26:00,00068E3435,Unknown
2009-06-11 22:26:30,00068E1A46,Unknown
2009-06-11 22:26:34,00065EB019,Unknown
2009-06-11 22:27:46,00068E3D73,Unknown
2009-06-11 22:27:58,0006979C67,Unknown
2009-06-11 22:28:28,000697D368,Unknown
2009-06-11 22:28:34,0006242035,Unknown
2009-06-11 22:28:49,00001F5C08,Unknown
2009-06-11 22:29:01,00065D81D3,Unknown
2009-06-11 22:29:07,00065DD7F6,Unknown
2009-06-11 22:29:24,00065DD7F6,Unknown
2009-06-11 22:29:35,00065DD7F6,Unknown
2009-06-11 22:30:37,000697A268,Unknown
2009-06-11 22:30:42,0006979B84,Unknown
2009-06-11 22:30:51,0005FE0832,Unknown
2009-06-11 22:31:12,00068E0587,Unknown
2009-06-11 22:31:13,00068E1A46,Unknown
2009-06-11 22:31:36,00068E35E1,Unknown
2009-06-11 22:31:43,00068E0F02,Unknown
2009-06-11 22:31:54,0006979BE8,Unknown
2009-06-11 22:32:22,00068E1C26,Unknown
2009-06-11 22:32:32,00068E1F71,Unknown
2009-06-11 22:32:55,00068E3D73,Unknown
2009-06-11 22:33:05,00060F66F2,Unknown
2009-06-11 22:34:33,0006979ABE,Unknown
2009-06-11 22:36:11,00061013E4,Unknown
2009-06-11 22:38:40,00065D7D8B,Unknown
2009-06-11 22:38:51,000697A268,Unknown
2009-06-11 22:38:58,00068E3862,Unknown
2009-06-11 22:39:03,000697BE7E,Unknown
2009-06-11 22:39:19,00068E1C26,Unknown
2009-06-11 22:39:36,000697C596,Unknown
2009-06-11 22:39:55,00068EA92B,Unknown
2009-06-11 22:40:45,00060F600D,Unknown
2009-06-11 22:42:14,0006979BE8,Unknown
2009-06-11 22:43:18,00065EC1B3,Unknown
2009-06-11 22:43:58,00065D9BC6,Unknown
2009-06-11 22:45:07,00068E0DE6,Unknown
2009-06-11 22:45:17,00060FA7EA,Unknown
2009-06-11 22:45:41,00060FA7EA,Unknown
2009-06-11 22:46:14,0006979C67,Unknown
2009-06-11 22:46:18,000697BE7E,Unknown
2009-06-11 22:47:00,00068E1A46,Unknown
2009-06-11 22:48:00,00065EC1B3,Unknown
2009-06-11 22:49:53,00060F66F2,Unknown
2009-06-11 22:51:24,00068E0587,Unknown
2009-06-11 22:56:36,00065DD7F6,Unknown
2009-06-11 22:59:13,000697B0DE,Unknown
2009-06-11 23:00:37,00065EC1B3,Unknown
2009-06-11 23:00:41,00068E3862,Unknown
2009-06-11 23:00:52,00065EB6E2,Unknown
2009-06-11 23:02:38,00065EB6E2,Unknown
2009-06-11 23:05:56,00068E0DE6,Unknown
2009-06-11 23:07:34,00065DD7F6,Unknown
2009-06-11 23:08:17,00060D7AE7,Unknown
2009-06-11 23:14:37,0006979C67,Unknown
2009-06-11 23:14:37,0006979ABE,Unknown
2009-06-11 23:15:06,00061D27AC,Unknown
2009-06-11 23:18:19,000697B0DE,Unknown
2009-06-11 23:18:59,00068E3862,Unknown
2009-06-11 23:25:46,0006979C67,Unknown
2009-06-11 23:27:18,00065EC1B3,Unknown
2009-06-11 23:28:55,00068E3862,Unknown
2009-06-11 23:29:22,00065D81D3,Unknown
2009-06-11 23:29:26,000697BE7E,Unknown
2009-06-11 23:32:11,0006979ABE,Unknown
2009-06-11 23:34:54,000697BE7E,Unknown
2009-06-11 23:35:12,000697BE7E,Unknown
2009-06-11 23:36:10,000697BE7E,Unknown
2009-06-11 23:41:19,00065EC1B3,Unknown
2009-06-11 23:42:06,00068E3D73,Unknown
2009-06-11 23:42:44,000644514C,Unknown
2009-06-11 23:42:55,000644514C,Unknown
2009-06-11 23:43:35,00068E35E1,Unknown
2009-06-11 23:43:46,00061D27AC,Unknown
2009-06-11 23:45:56,000697BE7E,Unknown
2009-06-11 23:47:48,000697BE7E,Unknown
2009-06-11 23:48:26,00065EB6E2,Unknown
2009-06-11 23:59:18,00065D81D3,Unknown
2009-06-12 00:03:34,00065EB6E2,Unknown
2009-06-12 00:05:19,00065EB6E2,Unknown
2009-06-12 00:05:42,00065EB6E2,Unknown
2009-06-12 00:06:47,00060D7AE7,Unknown
2009-06-12 00:10:56,00068E0F02,Unknown
2009-06-12 00:11:15,00068E0F02,Unknown
2009-06-12 00:11:30,00068E0F02,Unknown
2009-06-12 00:11:48,00068E0F02,Unknown
2009-06-12 00:11:52,00068E3D73,Unknown
2009-06-12 00:30:40,00061013E4,Unknown
2009-06-12 00:54:46,00060D7AE7,Unknown
2009-06-12 00:58:44,00065D81D3,Unknown
2009-06-12 01:02:56,00065D81D3,Unknown
2009-06-12 01:03:40,00065D81D3,Unknown
2009-06-12 01:20:03,00060D7AE7,Unknown
2009-06-12 01:49:42,00060D7AE7,Unknown
2009-06-12 02:19:34,0006979B84,Unknown
2009-06-12 02:38:21,0006979B84,Unknown
2009-06-12 02:45:44,0006979B84,Unknown
2009-06-12 03:24:06,00068E17E7,Unknown
2009-06-12 08:54:59,00065E632D,Unknown
2009-06-12 09:29:27,00065E632D,Unknown
2009-06-12 09:36:05,00065E632D,Unknown
2009-06-12 09:54:51,00065E632D,Unknown
2009-06-12 10:14:00,8E602D0D0F,Unknown
2009-06-12 11:18:16,8E602D0D0F,Unknown
2009-06-12 18:10:48,8E602D0D0F,Unknown
2009-06-12 18:11:12,00065E632D,Unknown
2009-06-12 18:19:59,8E602D0D0F,Unknown
2009-06-12 18:20:23,00065E632D,Unknown
2009-06-12 18:24:35,00068E1878,Unknown
2009-06-12 18:32:57,00001F5C08,Unknown
2009-06-12 18:34:56,000644514C,Unknown
2009-06-12 18:41:06,8E602D0D0F,Unknown
2009-06-12 18:41:26,00065E632D,Unknown
2009-06-12 18:48:11,00001F5C08,Unknown
2009-06-12 18:53:57,8E602D0D0F,Unknown
2009-06-12 18:54:20,00065E632D,Unknown
2009-06-12 19:08:10,00068E3546,Unknown
2009-06-12 19:20:33,00068E1A46,Unknown
2009-06-12 20:26:54,000697C596,Unknown
2009-06-12 21:24:25,00068E3546,Unknown
2009-06-12 21:34:42,0005FE0832,Unknown
2009-06-12 21:35:33,00068E17E7,Unknown
2009-06-12 21:35:54,00068E17E7,Unknown
2009-06-12 21:37:33,00068E17E7,Unknown
2009-06-12 21:39:50,00068E0587,Unknown
2009-06-12 21:39:54,00060D7AE7,Unknown
2009-06-12 21:40:22,00065DD7F6,Unknown
2009-06-12 21:41:03,000697BE7E,Unknown
2009-06-12 21:44:48,00065EB6E2,Unknown
2009-06-12 21:47:06,0006979ABE,Unknown
2009-06-12 21:47:26,00068E3D73,Unknown
2009-06-12 21:47:48,0006979BE8,Unknown
2009-06-12 21:47:50,00068E2063,Unknown
2009-06-12 21:48:13,000697A268,Unknown
2009-06-12 21:49:06,00060F66F2,Unknown
2009-06-12 21:49:18,00061013E4,Unknown
2009-06-12 21:49:21,00068E1C26,Unknown
2009-06-12 21:49:25,00068E35E1,Unknown
2009-06-12 21:50:47,00065D9BC6,Unknown
2009-06-12 21:51:18,00068E0DE6,Unknown
2009-06-12 21:51:32,000697B0DE,Unknown
2009-06-12 21:51:35,0006979B84,Unknown
2009-06-12 21:51:46,0006979B84,Unknown
2009-06-12 21:52:01,00061D27AC,Unknown
2009-06-12 21:53:01,00068E0587,Unknown
2009-06-12 21:54:09,0005FE0832,Unknown
2009-06-12 21:59:53,00068E2063,Unknown
2009-06-12 22:02:33,00065EB6E2,Unknown
2009-06-12 22:02:34,0005FE0832,Unknown
2009-06-12 22:02:50,00068E3435,Unknown
2009-06-12 22:02:58,000697BE7E,Unknown
2009-06-12 22:03:02,00068E2227,Unknown
2009-06-12 22:03:46,00068E19F7,Unknown
2009-06-12 22:04:10,00068E1A46,Unknown
2009-06-12 22:04:34,00068E0587,Unknown
2009-06-12 22:05:39,0006242035,Unknown
2009-06-12 22:05:56,00065EC1B3,Unknown
2009-06-12 22:08:06,00065EB019,Unknown
2009-06-12 22:08:58,00068EA92B,Unknown
2009-06-12 22:09:21,00068E3546,Unknown
2009-06-12 22:09:50,00068E1878,Unknown
2009-06-12 22:10:19,00065EB019,Unknown
2009-06-12 22:10:28,0000F8007E,Unknown
2009-06-12 22:10:29,000644514C,Unknown
2009-06-12 22:11:18,00068EA92B,Unknown
2009-06-12 22:12:00,000697D368,Unknown
2009-06-12 22:13:12,00001F5C08,Unknown
2009-06-12 22:13:20,0001F7D573,Unknown
2009-06-12 22:14:23,0005FE0832,Unknown
2009-06-12 22:14:42,00060F600D,Unknown
2009-06-12 22:16:23,000697C596,Unknown
2009-06-12 22:20:50,00065EB6E2,Unknown
2009-06-12 22:21:16,0006979C67,Unknown
2009-06-12 22:21:46,00068E2063,Unknown
2009-06-12 22:23:29,0006160637,Unknown
2009-06-12 22:24:01,0006979C67,Unknown
2009-06-12 22:26:08,00065EC1B3,Unknown
2009-06-12 22:26:41,0005FE0832,Unknown
2009-06-12 22:27:20,00065D9BC6,Unknown
2009-06-12 22:28:16,000697BE7E,Unknown
2009-06-12 22:31:18,00068E2063,Unknown
2009-06-12 22:31:29,0006979C67,Unknown
2009-06-12 22:33:44,00068E0587,Unknown
2009-06-12 22:35:28,00068E1A46,Unknown
2009-06-12 22:35:44,000697BE7E,Unknown
2009-06-12 22:39:30,00068E0587,Unknown
2009-06-12 22:39:50,00068E0587,Unknown
2009-06-12 22:41:16,00068E0587,Unknown
2009-06-12 22:44:11,00065D9BC6,Unknown
2009-06-12 22:44:47,00068E1A46,Unknown
2009-06-12 22:45:24,00065EC1B3,Unknown
2009-06-12 22:46:57,00068E0587,Unknown
2009-06-12 22:47:40,0006444F30,Unknown
2009-06-12 22:50:58,00068E3862,Unknown
2009-06-12 22:51:01,00068E1A46,Unknown
2009-06-12 22:51:07,00065EB6E2,Unknown
2009-06-12 22:51:30,00068E3546,Unknown
2009-06-12 22:55:31,00068E0587,Unknown
2009-06-12 22:56:21,00068E0587,Unknown
2009-06-12 22:56:24,0006979C67,Unknown
2009-06-12 22:59:19,0006160637,Unknown
2009-06-12 22:59:22,0006444F30,Unknown
2009-06-12 23:02:37,0005FE0832,Unknown
2009-06-12 23:03:27,000697BE7E,Unknown
2009-06-12 23:04:03,00068E1A46,Unknown
2009-06-12 23:04:44,0006979BE8,Unknown
2009-06-12 23:05:16,00068E3546,Unknown
2009-06-12 23:07:09,000697B0DE,Unknown
2009-06-12 23:07:40,000644514C,Unknown
2009-06-12 23:08:48,00065D9BC6,Unknown
2009-06-12 23:08:55,00068E2063,Unknown
2009-06-12 23:09:05,00065EC1B3,Unknown
2009-06-12 23:09:22,00060F600D,Unknown
2009-06-12 23:09:25,00068E0587,Unknown
2009-06-12 23:09:32,00060D7AE7,Unknown
2009-06-12 23:09:36,00068E3546,Unknown
2009-06-12 23:10:41,00068E3546,Unknown
2009-06-12 23:10:46,0006979ABE,Unknown
2009-06-12 23:11:53,0006979C67,Unknown
2009-06-12 23:13:18,0006979BE8,Unknown
2009-06-12 23:13:22,00068E2063,Unknown
2009-06-12 23:13:24,0006242035,Unknown
2009-06-12 23:13:30,0006979BE8,Unknown
2009-06-12 23:13:41,0006979BE8,Unknown
2009-06-12 23:13:52,0006979BE8,Unknown
2009-06-12 23:14:05,0006979BE8,Unknown
2009-06-12 23:14:20,0006979BE8,Unknown
2009-06-12 23:14:31,0006979BE8,Unknown
2009-06-12 23:14:57,0006979BE8,Unknown
2009-06-12 23:15:09,0006979BE8,Unknown
2009-06-12 23:15:37,0006979BE8,Unknown
2009-06-12 23:15:43,0006979ABE,Unknown
2009-06-12 23:15:49,0006979BE8,Unknown
2009-06-12 23:16:00,0006979BE8,Unknown
2009-06-12 23:16:16,0006979BE8,Unknown
2009-06-12 23:16:28,0006979BE8,Unknown
2009-06-12 23:16:39,0006979BE8,Unknown
2009-06-12 23:16:51,0006979BE8,Unknown
2009-06-12 23:16:54,00065EB6E2,Unknown
2009-06-12 23:17:02,0006979BE8,Unknown
2009-06-12 23:17:04,00068E3D57,Unknown
2009-06-12 23:17:28,0006979BE8,Unknown
2009-06-12 23:18:16,0006444F30,Unknown
2009-06-12 23:20:03,00068E1A46,Unknown
2009-06-12 23:24:34,00060FA7EA,Unknown
2009-06-12 23:24:55,00060F600D,Unknown
2009-06-12 23:25:39,00065EC1B3,Unknown
2009-06-12 23:26:47,000644514C,Unknown
2009-06-12 23:27:52,00068EA92B,Unknown
2009-06-12 23:28:23,0006979ABE,Unknown
2009-06-12 23:28:24,0006242035,Unknown
2009-06-12 23:28:28,000697BE7E,Unknown
2009-06-12 23:29:04,00068E3862,Unknown
2009-06-12 23:29:31,00068E3435,Unknown
2009-06-12 23:30:31,0006444F30,Unknown
2009-06-12 23:30:52,0005FE0832,Unknown
2009-06-12 23:33:56,0006160637,Unknown
2009-06-12 23:34:19,00068E1A46,Unknown
2009-06-12 23:34:59,0006979ABE,Unknown
2009-06-12 23:35:31,00068E2063,Unknown
2009-06-12 23:35:50,000697BE7E,Unknown
2009-06-12 23:36:07,0006979C67,Unknown
2009-06-12 23:36:13,00060D7AE7,Unknown
2009-06-12 23:36:40,00065DD7F6,Unknown
2009-06-12 23:37:30,000697BE7E,Unknown
2009-06-12 23:37:42,000697D368,Unknown
2009-06-12 23:38:23,00068E3D57,Unknown
2009-06-12 23:39:01,00068EA92B,Unknown
2009-06-12 23:39:06,00068E19F7,Unknown
2009-06-12 23:39:10,000697C596,Unknown
2009-06-12 23:39:12,00068EA92B,Unknown
2009-06-12 23:43:56,00068E3D73,Unknown
2009-06-12 23:44:10,00065EC1B3,Unknown
2009-06-12 23:44:36,0001F7D573,Unknown
2009-06-12 23:45:29,00065D9BC6,Unknown
2009-06-12 23:46:16,00068EAD8A,Unknown
2009-06-12 23:47:42,00068E1A46,Unknown
2009-06-12 23:48:54,0006242035,Unknown
2009-06-12 23:49:36,00068E3435,Unknown
2009-06-12 23:49:44,0006160637,Unknown
2009-06-12 23:50:38,00068E3546,Unknown
2009-06-12 23:50:52,00060F600D,Unknown
2009-06-12 23:54:32,00065DD7F6,Unknown
2009-06-12 23:55:23,00068E2227,Unknown
2009-06-12 23:56:29,00065D7D8B,Unknown
2009-06-12 23:56:48,0006979C67,Unknown
2009-06-12 23:57:56,00065DD7F6,Unknown
2009-06-12 23:58:19,00068E19F7,Unknown
2009-06-12 23:58:24,00060FA7EA,Unknown
2009-06-12 23:58:33,00068E0587,Unknown
2009-06-12 23:59:02,00068E3546,Unknown
2009-06-12 23:59:12,000697D368,Unknown
2009-06-13 00:00:02,00068E3546,Unknown
2009-06-13 00:00:38,00065EC1B3,Unknown
2009-06-13 00:01:21,00065DD7F6,Unknown
2009-06-13 00:01:32,00068E3546,Unknown
2009-06-13 00:01:33,00065DD7F6,Unknown
2009-06-13 00:01:41,000697C596,Unknown
2009-06-13 00:02:09,00065DD7F6,Unknown
2009-06-13 00:03:23,000697B0DE,Unknown
2009-06-13 00:03:54,0006242035,Unknown
2009-06-13 00:04:02,00065DD7F6,Unknown
2009-06-13 00:04:13,00068E3862,Unknown
2009-06-13 00:04:32,0006979BE8,Unknown
2009-06-13 00:04:51,0001F7D573,Unknown
2009-06-13 00:05:56,00068E1A46,Unknown
2009-06-13 00:06:03,00068EA92B,Unknown
2009-06-13 00:07:22,0005FE0832,Unknown
2009-06-13 00:08:40,00068E3435,Unknown
2009-06-13 00:09:47,00068E1A46,Unknown
2009-06-13 00:11:49,00060F600D,Unknown
2009-06-13 00:11:59,00068E2227,Unknown
2009-06-13 00:12:49,00065EB6E2,Unknown
2009-06-13 00:15:48,00065EC1B3,Unknown
2009-06-13 00:16:14,000697BE7E,Unknown
2009-06-13 00:18:09,00068E2063,Unknown
2009-06-13 00:19:33,0006979C67,Unknown
2009-06-13 00:19:38,000697D368,Unknown
2009-06-13 00:20:49,00068EAD8A,Unknown
2009-06-13 00:21:33,00068E3D73,Unknown
2009-06-13 00:22:08,00068E1A46,Unknown
2009-06-13 00:22:20,000644514C,Unknown
2009-06-13 00:22:22,00065DD7F6,Unknown
2009-06-13 00:23:55,0001F7D573,Unknown
2009-06-13 00:24:26,0006242035,Unknown
2009-06-13 00:25:24,000697C596,Unknown
2009-06-13 00:25:38,0006979BE8,Unknown
2009-06-13 00:25:49,00068E3546,Unknown
2009-06-13 00:27:20,000697BE7E,Unknown
2009-06-13 00:28:15,00068EA92B,Unknown
2009-06-13 00:29:53,00065EC1B3,Unknown
2009-06-13 00:30:20,00068E19F7,Unknown
2009-06-13 00:30:29,00068E3435,Unknown
2009-06-13 00:31:55,00068E2227,Unknown
2009-06-13 00:33:12,00065EB6E2,Unknown
2009-06-13 00:36:28,0006242035,Unknown
2009-06-13 00:36:47,00068E3862,Unknown
2009-06-13 00:36:58,000697BE7E,Unknown
2009-06-13 00:37:06,00060FA7EA,Unknown
2009-06-13 00:38:21,0006979C67,Unknown
2009-06-13 00:39:42,000697BE7E,Unknown
2009-06-13 00:40:00,00068E3D73,Unknown
2009-06-13 00:41:08,00068E1878,Unknown
2009-06-13 00:41:55,000697BE7E,Unknown
2009-06-13 00:44:01,000697BE7E,Unknown
2009-06-13 00:44:56,00065D7D8B,Unknown
2009-06-13 00:45:05,00068E3546,Unknown
2009-06-13 00:45:21,000697D368,Unknown
2009-06-13 00:47:05,00068E2063,Unknown
2009-06-13 00:48:04,00068E2227,Unknown
2009-06-13 00:48:49,000697C596,Unknown
2009-06-13 00:49:23,000644514C,Unknown
2009-06-13 00:49:59,0006242035,Unknown
2009-06-13 00:51:30,00060F600D,Unknown
2009-06-13 00:52:56,00068E1A46,Unknown
2009-06-13 00:55:55,00065D81D3,Unknown
2009-06-13 00:56:16,00065EC1B3,Unknown
2009-06-13 00:57:10,00068E19F7,Unknown
2009-06-13 00:57:21,00068E19F7,Unknown
2009-06-13 00:57:21,00068EA92B,Unknown
2009-06-13 00:57:23,00065D7D8B,Unknown
2009-06-13 00:57:35,00068E19F7,Unknown
2009-06-13 00:58:13,0006444F30,Unknown
2009-06-13 01:00:17,00068E1878,Unknown
2009-06-13 01:00:41,0001F7D573,Unknown
2009-06-13 01:00:44,00068E3D57,Unknown
2009-06-13 01:03:53,00068EAD8A,Unknown
2009-06-13 01:04:18,0006242035,Unknown
2009-06-13 01:04:31,00068E3435,Unknown
2009-06-13 01:04:33,0006242035,Unknown
2009-06-13 01:07:16,00068E1A46,Unknown
2009-06-13 01:07:54,0006160637,Unknown
2009-06-13 01:08:15,0005FE0832,Unknown
2009-06-13 01:08:32,00068E19F7,Unknown
2009-06-13 01:09:44,00065D9BC6,Unknown
2009-06-13 01:10:01,00068E0587,Unknown
2009-06-13 01:10:17,00060FA7EA,Unknown
2009-06-13 01:10:36,00060D7AE7,Unknown
2009-06-13 01:10:57,00065EC1B3,Unknown
2009-06-13 01:11:06,000697D368,Unknown
2009-06-13 01:11:10,000697C596,Unknown
2009-06-13 01:11:16,00068E3862,Unknown
2009-06-13 01:11:36,0006979BE8,Unknown
2009-06-13 01:15:09,0006160637,Unknown
2009-06-13 01:18:06,00068E3435,Unknown
2009-06-13 01:19:58,00068E1A46,Unknown
2009-06-13 01:20:18,0001F7D573,Unknown
2009-06-13 01:21:13,00068E19F7,Unknown
2009-06-13 01:21:32,0006160637,Unknown
2009-06-13 01:21:57,00068EA92B,Unknown
2009-06-13 01:23:07,00068E3D73,Unknown
2009-06-13 01:23:21,00068E2227,Unknown
2009-06-13 01:24:42,0006979C67,Unknown
2009-06-13 01:25:39,000697BE7E,Unknown
2009-06-13 01:25:49,00065D7D8B,Unknown
2009-06-13 01:26:20,0006979BE8,Unknown
2009-06-13 01:28:56,00065EC1B3,Unknown
2009-06-13 01:29:47,00060F600D,Unknown
2009-06-13 01:30:01,00065EC1B3,Unknown
2009-06-13 01:30:17,00060F600D,Unknown
2009-06-13 01:31:11,00065EB6E2,Unknown
2009-06-13 01:37:17,00065DD7F6,Unknown
2009-06-13 01:37:30,00068E1A46,Unknown
2009-06-13 01:37:36,000697B0DE,Unknown
2009-06-13 01:38:31,0006444F30,Unknown
2009-06-13 01:40:03,000644514C,Unknown
2009-06-13 01:40:48,00068E2063,Unknown
2009-06-13 01:41:06,000697C596,Unknown
2009-06-13 01:41:11,00068E17E7,Unknown
2009-06-13 01:43:44,00068E3D57,Unknown
2009-06-13 01:44:19,00060D7AE7,Unknown
2009-06-13 01:44:30,00060D7AE7,Unknown
2009-06-13 01:44:43,00068EA92B,Unknown
2009-06-13 01:44:55,00068E3D73,Unknown
2009-06-13 01:45:56,00060D7AE7,Unknown
2009-06-13 01:46:59,00068E3435,Unknown
2009-06-13 01:47:19,00068E3546,Unknown
2009-06-13 01:47:26,00068EAD8A,Unknown
2009-06-13 01:47:57,000697D368,Unknown
2009-06-13 01:48:33,00065EC1B3,Unknown
2009-06-13 01:48:47,00068E1A46,Unknown
2009-06-13 01:50:18,00061D3DC5,Unknown
2009-06-13 01:50:56,0001F7D573,Unknown
2009-06-13 01:52:17,00065EB019,Unknown
2009-06-13 01:53:05,00065D9BC6,Unknown
2009-06-13 01:57:32,00068E1878,Unknown
2009-06-13 01:58:53,0006242035,Unknown
2009-06-13 01:59:29,000697BE7E,Unknown
2009-06-13 02:02:05,00068E3435,Unknown
2009-06-13 02:02:29,00060FA7EA,Unknown
2009-06-13 02:03:12,0006444F30,Unknown
2009-06-13 02:03:25,00068E3862,Unknown
2009-06-13 02:05:57,0006979D37,Unknown
2009-06-13 02:07:30,00068E2227,Unknown
2009-06-13 02:08:22,0006979BE8,Unknown
2009-06-13 02:08:27,000697C596,Unknown
2009-06-13 02:08:39,00065EC1B3,Unknown
2009-06-13 02:09:31,00068E1A46,Unknown
2009-06-13 02:09:40,00065D7D8B,Unknown
2009-06-13 02:11:23,00065EC1B3,Unknown
2009-06-13 02:11:59,00068E3546,Unknown
2009-06-13 02:13:47,00065EC1B3,Unknown
2009-06-13 02:14:13,00065EC1B3,Unknown
2009-06-13 02:15:47,00068EA92B,Unknown
2009-06-13 02:18:18,0006979C67,Unknown
2009-06-13 02:18:23,000644514C,Unknown
2009-06-13 02:20:51,0006242035,Unknown
2009-06-13 02:21:33,00068E1A46,Unknown
2009-06-13 02:22:10,0006160637,Unknown
2009-06-13 02:22:12,00068E3435,Unknown
2009-06-13 02:22:44,000697B0DE,Unknown
2009-06-13 02:23:42,00001F5C08,Unknown
2009-06-13 02:23:58,000697D368,Unknown
2009-06-13 02:25:38,00068E3D73,Unknown
2009-06-13 02:26:48,00065D81D3,Unknown
2009-06-13 02:29:17,00060D7AE7,Unknown
2009-06-13 02:30:49,00068E0587,Unknown
2009-06-13 02:30:54,000697BE7E,Unknown
2009-06-13 02:31:49,00068E1878,Unknown
2009-06-13 02:32:08,00068E2227,Unknown
2009-06-13 02:33:19,000697C596,Unknown
2009-06-13 02:34:21,00065EB019,Unknown
2009-06-13 02:34:47,00068E1A46,Unknown
2009-06-13 02:36:01,0005FE0832,Unknown
2009-06-13 02:36:25,00001F5C08,Unknown
2009-06-13 02:37:36,00068EAD8A,Unknown
2009-06-13 02:39:21,0006979D37,Unknown
2009-06-13 02:39:39,00068E3435,Unknown
2009-06-13 02:39:54,0006444F30,Unknown
2009-06-13 02:40:04,00065EC1B3,Unknown
2009-06-13 02:42:31,00060FA7EA,Unknown
2009-06-13 02:43:43,00068E3D57,Unknown
2009-06-13 02:45:39,0006242035,Unknown
2009-06-13 02:49:26,00068E3546,Unknown
2009-06-13 02:51:07,000697C596,Unknown
2009-06-13 02:53:07,00068E2227,Unknown
2009-06-13 02:54:43,00068E2063,Unknown
2009-06-13 02:54:48,00065EB6E2,Unknown
2009-06-13 02:55:25,00068EA92B,Unknown
2009-06-13 02:56:26,00068E17E7,Unknown
2009-06-13 02:58:31,00068E3862,Unknown
2009-06-13 02:59:03,0006242035,Unknown
2009-06-13 02:59:23,000697D368,Unknown
2009-06-13 03:01:59,00060F600D,Unknown
2009-06-13 03:06:31,00060D7AE7,Unknown
2009-06-13 03:07:38,00065D7D8B,Unknown
2009-06-13 03:09:49,00068EAD8A,Unknown
2009-06-13 03:10:37,000697C596,Unknown
2009-06-13 03:10:55,00068E3546,Unknown
2009-06-13 03:11:34,00068E1A46,Unknown
2009-06-13 03:12:50,00060FA7EA,Unknown
2009-06-13 03:13:27,00068E2227,Unknown
2009-06-13 03:13:57,00068E3435,Unknown
2009-06-13 03:14:15,000697BE7E,Unknown
2009-06-13 03:14:58,00065DD7F6,Unknown
2009-06-13 03:16:35,000697BE7E,Unknown
2009-06-13 03:17:24,00065EC1B3,Unknown
2009-06-13 03:19:24,00068EA92B,Unknown
2009-06-13 03:23:09,0006979C67,Unknown
2009-06-13 03:23:41,000697BE7E,Unknown
2009-06-13 03:24:17,0006979C67,Unknown
2009-06-13 03:25:02,00068E3435,Unknown
2009-06-13 03:25:22,00068E3D57,Unknown
2009-06-13 03:25:52,00060F600D,Unknown
2009-06-13 03:26:36,0006979BE8,Unknown
2009-06-13 03:27:49,00068E0587,Unknown
2009-06-13 03:28:33,00068E1A46,Unknown
2009-06-13 03:30:12,00068EAD8A,Unknown
2009-06-13 03:31:58,0005FE0832,Unknown
2009-06-13 03:32:16,00065EC1B3,Unknown
2009-06-13 03:33:09,00068EA92B,Unknown
2009-06-13 03:34:36,00068E1A46,Unknown
2009-06-13 03:40:55,00068EA92B,Unknown
2009-06-13 03:44:50,00068E1A46,Unknown
2009-06-13 03:44:52,000697BE7E,Unknown
2009-06-13 03:45:14,0006979C67,Unknown
2009-06-13 03:46:38,00065D9BC6,Unknown
2009-06-13 03:47:40,0006979BE8,Unknown
2009-06-13 03:49:36,00060D7AE7,Unknown
2009-06-13 03:50:24,00065D9BC6,Unknown
2009-06-13 03:51:14,00068E1A46,Unknown
2009-06-13 03:53:47,00068E2063,Unknown
2009-06-13 03:55:00,00061D3DC5,Unknown
2009-06-13 03:55:12,00068E3862,Unknown
2009-06-13 03:57:01,00065EB6E2,Unknown
2009-06-13 03:57:22,00065DD7F6,Unknown
2009-06-13 03:57:39,00068E1A46,Unknown
2009-06-13 03:58:06,00065D7D8B,Unknown
2009-06-13 03:59:33,00060FA7EA,Unknown
2009-06-13 04:01:00,00068E0587,Unknown
2009-06-13 04:01:47,00068E3435,Unknown
2009-06-13 04:01:53,0005FE0832,Unknown
2009-06-13 04:03:46,00065EB019,Unknown
2009-06-13 04:04:19,0006242035,Unknown
2009-06-13 04:05:24,00001F5C08,Unknown
2009-06-13 04:06:20,0001F7D573,Unknown
2009-06-13 04:07:15,000697C596,Unknown
2009-06-13 04:07:59,00068E19F7,Unknown
2009-06-13 04:08:23,00068EA92B,Unknown
2009-06-13 04:09:58,00068E1878,Unknown
2009-06-13 04:11:31,00060F600D,Unknown
2009-06-13 04:13:47,0000F8007E,Unknown
2009-06-13 04:14:00,00068E1A46,Unknown
2009-06-13 04:15:33,00068E3546,Unknown
2009-06-13 04:15:37,00068EAD8A,Unknown
2009-06-13 04:15:42,000644514C,Unknown
2009-06-13 04:16:04,00068E2227,Unknown
2009-06-13 04:17:02,000697D368,Unknown
2009-06-13 04:20:44,00068E3D57,Unknown
2009-06-13 04:21:29,00065D7D8B,Unknown
2009-06-13 04:22:31,00065EC1B3,Unknown
2009-06-13 04:22:54,000697B0DE,Unknown
2009-06-13 04:26:53,00060F600D,Unknown
2009-06-13 04:28:41,00065DD7F6,Unknown
2009-06-13 04:29:01,0006979C67,Unknown
2009-06-13 04:30:26,000697BE7E,Unknown
2009-06-13 04:30:56,0006979D37,Unknown
2009-06-13 04:32:22,00065D7D8B,Unknown
2009-06-13 04:33:43,00068E1A38,Unknown
2009-06-13 04:36:31,00068E1FDB,Unknown
2009-06-13 04:37:14,00068E17E7,Unknown
2009-06-13 04:38:11,00065D81D3,Unknown
2009-06-13 04:40:05,0006979BE8,Unknown
2009-06-13 04:41:13,00068EAD8A,Unknown
2009-06-13 04:42:46,00068E3D73,Unknown
2009-06-13 04:44:17,00061D3DC5,Unknown
2009-06-13 04:45:07,0006444F30,Unknown
2009-06-13 04:45:29,00068E0587,Unknown
2009-06-13 04:45:40,00060D7AE7,Unknown
2009-06-13 04:47:35,0005FE0832,Unknown
2009-06-13 04:47:55,0006160637,Unknown
2009-06-13 04:49:37,00065D9BC6,Unknown
2009-06-13 04:51:31,00065EB6E2,Unknown
2009-06-13 04:52:24,00068E3862,Unknown
2009-06-13 04:53:39,00068E2063,Unknown
2009-06-13 04:55:15,00060FA7EA,Unknown
2009-06-13 05:11:23,00068E1878,Unknown
2009-06-13 05:14:38,00068EA92B,Unknown
2009-06-13 05:19:46,00065EB019,Unknown
2009-06-13 05:46:04,00068E3435,Unknown
2009-06-13 05:57:38,000697D368,Unknown
2009-06-13 06:05:01,00068E1878,Unknown
2009-06-13 06:34:35,00060F600D,Unknown
2009-06-13 06:38:03,00065EC1B3,Unknown
2009-06-13 06:49:11,00068E3435,Unknown
2009-06-13 06:57:54,00065EB019,Unknown
2009-06-13 07:03:09,000644514C,Unknown
2009-06-13 07:07:38,000697C596,Unknown
2009-06-13 07:09:37,00065EC1B3,Unknown
2009-06-13 07:13:25,00068E3435,Unknown
2009-06-13 07:13:40,00068E19F7,Unknown
2009-06-13 07:50:33,0001F7D573,Unknown
2009-06-13 07:51:26,00065EC1B3,Unknown
2009-06-13 07:52:57,00068E19F7,Unknown
2009-06-13 07:54:08,000644514C,Unknown
2009-06-13 07:56:45,00068E1A46,Unknown
2009-06-13 07:57:07,00068E3546,Unknown
2009-06-13 07:59:14,000697D368,Unknown
2009-06-13 08:03:23,00068EA92B,Unknown
2009-06-13 08:09:15,00065EC1B3,Unknown
2009-06-13 08:12:50,00068E1878,Unknown
2009-06-13 08:25:00,00068EA92B,Unknown
2009-06-13 08:26:12,00068E2227,Unknown
2009-06-13 08:48:06,00065E632D,Unknown
2009-06-13 09:00:37,00068E1878,Unknown
2009-06-13 09:11:28,0001F7D573,Unknown
2009-06-13 09:13:30,0006242035,Unknown
2009-06-13 09:18:04,00068EA92B,Unknown
2009-06-13 09:20:00,0006242035,Unknown
2009-06-13 09:20:41,00068EA92B,Unknown
2009-06-13 09:26:01,00065E632D,Unknown
2009-06-13 09:33:02,00065E632D,Unknown
2009-06-13 09:51:31,00065E632D,Unknown
2009-06-13 10:14:29,8E602D0D0F,Unknown
2009-06-13 11:09:17,8E602D0D0F,Unknown
2009-06-13 11:24:45,8E602D0D0F,Unknown
2009-06-13 17:41:03,8E602D0D0F,Unknown
2009-06-13 17:41:27,00065E632D,Unknown
2009-06-13 18:05:19,8E602D0D0F,Unknown
2009-06-13 18:05:50,00065E632D,Unknown
2009-06-13 18:11:27,8E602D0D0F,Unknown
2009-06-13 18:11:51,00065E632D,Unknown
2009-06-13 18:32:14,8E602D0D0F,Unknown
2009-06-13 18:32:38,00065E632D,Unknown
2009-06-13 18:38:57,00001F5C08,Unknown
2009-06-13 18:39:54,00065EC1B3,Unknown
2009-06-13 19:03:13,00068E2227,Unknown
2009-06-13 19:03:21,00065EC1B3,Unknown
2009-06-13 19:06:20,00068EA92B,Unknown
2009-06-13 19:15:29,00001F5C08,Unknown
2009-06-13 19:33:42,00068E1878,Unknown
2009-06-13 19:45:35,00068EA92B,Unknown
2009-06-13 19:45:44,0000F8007E,Unknown
2009-06-13 19:46:26,00065EC1B3,Unknown
2009-06-13 20:12:37,0001F7D573,Unknown
2009-06-13 20:14:29,0006242035,Unknown
2009-06-13 20:53:48,00068E19F7,Unknown
2009-06-13 20:54:05,00065EB019,Unknown
2009-06-13 21:06:13,00068E3546,Unknown
2009-06-13 21:10:01,000644514C,Unknown
2009-06-13 21:17:50,00065D9BC6,Unknown
2009-06-13 21:18:12,00065D9BC6,Unknown
2009-06-13 21:20:24,00065D9BC6,Unknown
2009-06-13 21:23:10,00065D9BC6,Unknown
2009-06-13 21:23:21,00065D9BC6,Unknown
2009-06-13 21:23:45,00068E3435,Unknown
2009-06-13 21:28:10,0005FE0832,Unknown
2009-06-13 21:28:37,0005FE0832,Unknown
2009-06-13 21:28:45,00060FA7EA,Unknown
2009-06-13 21:29:26,0000F8007E,Unknown
2009-06-13 21:29:36,00068E3D57,Unknown
2009-06-13 21:32:18,00068E1FDB,Unknown
2009-06-13 21:32:30,00068E1FDB,Unknown
2009-06-13 21:32:42,00068E1FDB,Unknown
2009-06-13 21:32:43,0006979ABE,Unknown
2009-06-13 21:33:19,00065D81D3,Unknown
2009-06-13 21:33:35,00065D81D3,Unknown
2009-06-13 21:34:41,0006160637,Unknown
2009-06-13 21:35:50,0006444F30,Unknown
2009-06-13 21:36:28,00068E3862,Unknown
2009-06-13 21:36:47,000697BE7E,Unknown
2009-06-13 21:37:14,00068E17E7,Unknown
2009-06-13 21:37:18,00068E2063,Unknown
2009-06-13 21:37:38,0005FE0832,Unknown
2009-06-13 21:38:17,00065D81D3,Unknown
2009-06-13 21:38:26,00061D3DC5,Unknown
2009-06-13 21:38:28,00068E3D57,Unknown
2009-06-13 21:38:33,00065D81D3,Unknown
2009-06-13 21:39:27,0006979C67,Unknown
2009-06-13 21:41:19,00068E1FDB,Unknown
2009-06-13 21:41:34,00068E0F02,Unknown
2009-06-13 21:41:38,00068E1FDB,Unknown
2009-06-13 21:41:49,00068E0F02,Unknown
2009-06-13 21:41:50,00068E1FDB,Unknown
2009-06-13 21:42:16,00068E1A38,Unknown
2009-06-13 21:42:19,00060D7AE7,Unknown
2009-06-13 21:43:36,0005FE0832,Unknown
2009-06-13 21:43:45,0006979BE8,Unknown
2009-06-13 21:43:46,00068E35E1,Unknown
2009-06-13 21:43:50,0005FE0832,Unknown
2009-06-13 21:44:33,00061013E4,Unknown
2009-06-13 21:45:13,00065DD7F6,Unknown
2009-06-13 21:45:24,0006979D37,Unknown
2009-06-13 21:45:37,00065EB6E2,Unknown
2009-06-13 21:45:44,00068E1C26,Unknown
2009-06-13 21:46:08,0005FE0832,Unknown
2009-06-13 21:46:40,00060F66F2,Unknown
2009-06-13 21:46:46,000697A268,Unknown
2009-06-13 21:47:27,00068E3D57,Unknown
2009-06-13 21:47:41,00068EAD8A,Unknown
2009-06-13 21:48:01,00068E0587,Unknown
2009-06-13 21:48:03,00068EAD8A,Unknown
2009-06-13 21:48:14,00068EAD8A,Unknown
2009-06-13 21:48:27,00068EAD8A,Unknown
2009-06-13 21:48:31,0006979B84,Unknown
2009-06-13 21:48:36,00068E3D57,Unknown
2009-06-13 21:48:55,00068E0DE6,Unknown
2009-06-13 21:49:02,00068E3D57,Unknown
2009-06-13 21:49:10,00061D27AC,Unknown
2009-06-13 21:49:16,00068EAD8A,Unknown
2009-06-13 21:49:19,00068E3D57,Unknown
2009-06-13 21:49:29,00068E3D73,Unknown
2009-06-13 21:49:54,00068EAD8A,Unknown
2009-06-13 21:50:10,00068EAD8A,Unknown
2009-06-13 21:50:59,00068EAD8A,Unknown
2009-06-13 21:51:11,00068EAD8A,Unknown
2009-06-13 21:51:22,00068EAD8A,Unknown
2009-06-13 21:51:34,00065D7D8B,Unknown
2009-06-13 21:51:38,00068EAD8A,Unknown
2009-06-13 21:53:00,0005FE0832,Unknown
2009-06-13 21:53:38,00065EC1B3,Unknown
2009-06-13 21:54:50,00068EAD8A,Unknown
2009-06-13 21:54:57,00068E2227,Unknown
2009-06-13 21:55:17,00068EAD8A,Unknown
2009-06-13 21:55:28,00068EAD8A,Unknown
2009-06-13 21:56:16,00065EB019,Unknown
2009-06-13 21:56:23,000697D368,Unknown
2009-06-13 21:56:46,0006242035,Unknown
2009-06-13 21:57:24,00068EAD8A,Unknown
2009-06-13 21:57:39,00068EAD8A,Unknown
2009-06-13 21:57:53,00068EAD8A,Unknown
2009-06-13 21:58:10,00068E3862,Unknown
2009-06-13 21:58:21,0006979C67,Unknown
2009-06-13 21:58:28,00068E3D57,Unknown
2009-06-13 21:58:41,000697BE7E,Unknown
2009-06-13 21:58:52,00068EAD8A,Unknown
2009-06-13 21:58:55,00068E1878,Unknown
2009-06-13 21:59:18,00068E19F7,Unknown
2009-06-13 21:59:20,00068EAD8A,Unknown
2009-06-13 21:59:31,00068EAD8A,Unknown
2009-06-13 21:59:35,00068E3435,Unknown
2009-06-13 22:00:44,00068EAD8A,Unknown
2009-06-13 22:00:56,00068EAD8A,Unknown
2009-06-13 22:01:01,00068E3546,Unknown
2009-06-13 22:01:08,000697BE7E,Unknown
2009-06-13 22:01:09,00068EAD8A,Unknown
2009-06-13 22:01:23,00065EB019,Unknown
2009-06-13 22:01:33,00068EAD8A,Unknown
2009-06-13 22:01:37,0000F8007E,Unknown
2009-06-13 22:01:45,000644514C,Unknown
2009-06-13 22:05:12,000697B0DE,Unknown
2009-06-13 22:05:26,0001F7D573,Unknown
2009-06-13 22:06:00,00001F5C08,Unknown
2009-06-13 22:06:09,0006979C67,Unknown
2009-06-13 22:06:20,0006979C67,Unknown
2009-06-13 22:07:04,0006979C67,Unknown
2009-06-13 22:07:36,000697D368,Unknown
2009-06-13 22:08:00,000697D368,Unknown
2009-06-13 22:08:19,000697C596,Unknown
2009-06-13 22:08:21,00068E3D57,Unknown
2009-06-13 22:08:22,00068E1A46,Unknown
2009-06-13 22:08:43,00060F600D,Unknown
2009-06-13 22:14:26,0006160637,Unknown
2009-06-13 22:14:49,00068E3862,Unknown
2009-06-13 22:15:44,00068E2063,Unknown
2009-06-13 22:15:48,00068E0587,Unknown
2009-06-13 22:16:10,000697BE7E,Unknown
2009-06-13 22:17:33,0006979C67,Unknown
2009-06-13 22:18:05,000697BE7E,Unknown
2009-06-13 22:18:17,000697BE7E,Unknown
2009-06-13 22:18:20,00068E3D57,Unknown
2009-06-13 22:18:25,00068E2063,Unknown
2009-06-13 22:18:33,000697BE7E,Unknown
2009-06-13 22:18:44,000697C596,Unknown
2009-06-13 22:18:44,0005FE0832,Unknown
2009-06-13 22:18:46,000697BE7E,Unknown
2009-06-13 22:18:53,00068E0587,Unknown
2009-06-13 22:18:58,000697BE7E,Unknown
2009-06-13 22:19:03,00065D9BC6,Unknown
2009-06-13 22:19:29,0006160637,Unknown
2009-06-13 22:19:33,000697BE7E,Unknown
2009-06-13 22:19:48,0006979C67,Unknown
2009-06-13 22:19:51,000697BE7E,Unknown
2009-06-13 22:20:36,000697BE7E,Unknown
2009-06-13 22:21:18,000697BE7E,Unknown
2009-06-13 22:21:28,0006160637,Unknown
2009-06-13 22:21:41,000697BE7E,Unknown
2009-06-13 22:22:01,00065D9BC6,Unknown
2009-06-13 22:22:54,0005FE0832,Unknown
2009-06-13 22:24:36,00068EA92B,Unknown
2009-06-13 22:25:15,00065EC1B3,Unknown
2009-06-13 22:28:20,00068E3D57,Unknown
2009-06-13 22:31:58,000697C596,Unknown
2009-06-13 22:32:58,000697C596,Unknown
2009-06-13 22:33:29,00068EAD8A,Unknown
2009-06-13 22:33:44,000697C596,Unknown
2009-06-13 22:34:08,00068EAD8A,Unknown
2009-06-13 22:34:25,00068EAD8A,Unknown
2009-06-13 22:35:03,00068EA92B,Unknown
2009-06-13 22:35:49,00068EAD8A,Unknown
2009-06-13 22:37:03,00068EAD8A,Unknown
2009-06-13 22:37:18,0006979ABE,Unknown
2009-06-13 22:37:39,00065EC1B3,Unknown
2009-06-13 22:38:28,00068EAD8A,Unknown
2009-06-13 22:39:32,000697C596,Unknown
2009-06-13 22:39:50,00068E1A46,Unknown
2009-06-13 22:40:52,00068E3D57,Unknown
2009-06-13 22:41:14,00065DD7F6,Unknown
2009-06-13 22:41:46,00068EAD8A,Unknown
2009-06-13 22:42:01,00068EAD8A,Unknown
2009-06-13 22:42:13,00068EAD8A,Unknown
2009-06-13 22:42:55,00068E3862,Unknown
2009-06-13 22:43:53,0006979ABE,Unknown
2009-06-13 22:43:54,000697C596,Unknown
2009-06-13 22:44:31,00068EAD8A,Unknown
2009-06-13 22:44:58,00068E3D57,Unknown
2009-06-13 22:47:27,00068E3862,Unknown
2009-06-13 22:48:51,00065EC1B3,Unknown
2009-06-13 22:56:09,00068EA92B,Unknown
2009-06-13 22:56:29,000697C596,Unknown
2009-06-13 22:56:49,00068E1A46,Unknown
2009-06-13 22:59:04,00065EC1B3,Unknown
2009-06-13 23:02:44,00065EB6E2,Unknown
2009-06-13 23:04:05,000644514C,Unknown
2009-06-13 23:04:27,0006979ABE,Unknown
2009-06-13 23:04:50,000697BE7E,Unknown
2009-06-13 23:05:29,00065EB6E2,Unknown
2009-06-13 23:05:35,000697BE7E,Unknown
2009-06-13 23:05:51,000697BE7E,Unknown
2009-06-13 23:06:20,000697C596,Unknown
2009-06-13 23:06:50,00068EA92B,Unknown
2009-06-13 23:06:52,0006979BE8,Unknown
2009-06-13 23:06:54,00065EC1B3,Unknown
2009-06-13 23:07:37,000697B0DE,Unknown
2009-06-13 23:07:37,0006979ABE,Unknown
2009-06-13 23:07:56,00068EA92B,Unknown
2009-06-13 23:09:23,000644514C,Unknown
2009-06-13 23:10:13,00065EC1B3,Unknown
2009-06-13 23:11:44,00068EAD8A,Unknown
2009-06-13 23:11:58,00068E3546,Unknown
2009-06-13 23:12:04,00065EC1B3,Unknown
2009-06-13 23:12:36,0006979ABE,Unknown
2009-06-13 23:13:05,000644514C,Unknown
2009-06-13 23:13:34,000697B0DE,Unknown
2009-06-13 23:16:06,000697B0DE,Unknown
2009-06-13 23:16:27,00065DD7F6,Unknown
2009-06-13 23:16:50,00068E3546,Unknown
2009-06-13 23:19:52,00065EC1B3,Unknown
2009-06-13 23:20:48,000697C596,Unknown
2009-06-13 23:22:16,0006242035,Unknown
2009-06-13 23:22:49,000697C596,Unknown
2009-06-13 23:23:46,0006979ABE,Unknown
2009-06-13 23:25:16,000644514C,Unknown
2009-06-13 23:26:26,000644514C,Unknown
2009-06-13 23:28:53,00065DD7F6,Unknown
2009-06-13 23:30:00,000697C596,Unknown
2009-06-13 23:30:40,00068E3D73,Unknown
2009-06-13 23:33:36,000697B0DE,Unknown
2009-06-13 23:33:49,00065DD7F6,Unknown
2009-06-13 23:36:45,00065EC1B3,Unknown
2009-06-13 23:38:07,00068E17E7,Unknown
2009-06-13 23:41:58,00068EAD8A,Unknown
2009-06-13 23:44:22,00068E3546,Unknown
2009-06-13 23:44:28,00065EC1B3,Unknown
2009-06-13 23:44:50,00068E3546,Unknown
2009-06-13 23:44:59,00068EA92B,Unknown
2009-06-13 23:45:53,00068E1A46,Unknown
2009-06-13 23:46:14,0006979ABE,Unknown
2009-06-13 23:46:42,00065EB6E2,Unknown
2009-06-13 23:46:46,000697C596,Unknown
2009-06-13 23:47:30,00065EB6E2,Unknown
2009-06-13 23:47:32,0006979BE8,Unknown
2009-06-13 23:50:16,00068E3D73,Unknown
2009-06-13 23:53:03,00068E17E7,Unknown
2009-06-13 23:53:03,000644514C,Unknown
2009-06-13 23:54:27,0006979ABE,Unknown
2009-06-13 23:55:03,00068E1A46,Unknown
2009-06-13 23:55:49,00068EA92B,Unknown
2009-06-13 23:56:01,00068EA92B,Unknown
2009-06-13 23:56:58,00068E3D73,Unknown
2009-06-13 23:58:02,00065EC1B3,Unknown
2009-06-13 23:59:52,00068EA92B,Unknown
2009-06-14 00:01:00,000697C596,Unknown
2009-06-14 00:02:03,00068EA92B,Unknown
2009-06-14 00:03:08,0006979BE8,Unknown
2009-06-14 00:03:09,00065EC1B3,Unknown
2009-06-14 00:03:20,00065EC1B3,Unknown
2009-06-14 00:04:21,00068E3D73,Unknown
2009-06-14 00:04:50,000697C596,Unknown
2009-06-14 00:07:01,00065D7D8B,Unknown
2009-06-14 00:10:23,00068E1A46,Unknown
2009-06-14 00:13:21,00068EAD8A,Unknown
2009-06-14 00:15:37,000644514C,Unknown
2009-06-14 00:15:50,000697C596,Unknown
2009-06-14 00:16:46,00068EA92B,Unknown
2009-06-14 00:16:52,00068E1A46,Unknown
2009-06-14 00:17:08,0006242035,Unknown
2009-06-14 00:22:59,00065D7D8B,Unknown
2009-06-14 00:23:58,0006979BE8,Unknown
2009-06-14 00:28:47,000697C596,Unknown
2009-06-14 00:29:19,00068EA92B,Unknown
2009-06-14 00:29:25,00065D7D8B,Unknown
2009-06-14 00:31:41,00068E3546,Unknown
2009-06-14 00:31:47,0006242035,Unknown
2009-06-14 00:32:30,00068E3546,Unknown
2009-06-14 00:33:21,000697C596,Unknown
2009-06-14 00:36:30,000697C596,Unknown
2009-06-14 00:37:23,00068E1A46,Unknown
2009-06-14 00:38:27,00065EB019,Unknown
2009-06-14 00:39:05,00065D7D8B,Unknown
2009-06-14 00:41:43,00068E1878,Unknown
2009-06-14 00:44:07,00065D81D3,Unknown
2009-06-14 00:44:13,00065EC1B3,Unknown
2009-06-14 00:44:55,00065EC1B3,Unknown
2009-06-14 00:45:15,000697B0DE,Unknown
2009-06-14 00:47:06,00068EA92B,Unknown
2009-06-14 00:47:45,00065EB019,Unknown
2009-06-14 00:50:26,00068E19F7,Unknown
2009-06-14 00:50:40,00065EC1B3,Unknown
2009-06-14 00:51:32,00068E1A46,Unknown
2009-06-14 00:56:56,00068E2227,Unknown
2009-06-14 00:57:03,0001F7D573,Unknown
2009-06-14 00:57:26,000697C596,Unknown
2009-06-14 00:58:51,00065EC1B3,Unknown
2009-06-14 00:59:21,00068E1878,Unknown
2009-06-14 01:00:13,00068E2227,Unknown
2009-06-14 01:01:12,0001F7D573,Unknown
2009-06-14 01:01:20,00068E19F7,Unknown
2009-06-14 01:01:31,00068E19F7,Unknown
2009-06-14 01:02:15,00068EA92B,Unknown
2009-06-14 01:07:41,00068E1A46,Unknown
2009-06-14 01:09:01,00068EAD8A,Unknown
2009-06-14 01:13:25,000697B0DE,Unknown
2009-06-14 01:17:23,00065D81D3,Unknown
2009-06-14 01:19:16,00060F600D,Unknown
2009-06-14 01:19:32,00068E1A46,Unknown
2009-06-14 01:20:48,000697C596,Unknown
2009-06-14 01:21:04,00065DD7F6,Unknown
2009-06-14 01:21:50,00060F600D,Unknown
2009-06-14 01:21:51,00068EA92B,Unknown
2009-06-14 01:22:08,000644514C,Unknown
2009-06-14 01:27:27,00068EA92B,Unknown
2009-06-14 01:27:40,00065EC1B3,Unknown
2009-06-14 01:28:36,00065EC1B3,Unknown
2009-06-14 01:28:59,00068EA92B,Unknown
2009-06-14 01:29:53,00068EA92B,Unknown
2009-06-14 01:31:26,000644514C,Unknown
2009-06-14 01:31:29,00068EA92B,Unknown
2009-06-14 01:31:32,000697C596,Unknown
2009-06-14 01:31:36,00065EC1B3,Unknown
2009-06-14 01:31:40,0006242035,Unknown
2009-06-14 01:38:30,00068EAD8A,Unknown
2009-06-14 01:39:50,0006979BE8,Unknown
2009-06-14 01:55:06,0006979BE8,Unknown
2009-06-14 01:57:12,0006979BE8,Unknown
2009-06-14 02:05:21,00065DD7F6,Unknown
2009-06-14 02:05:24,0006979BE8,Unknown
2009-06-14 02:13:11,00068E1A46,Unknown
2009-06-14 02:19:16,00068E1A46,Unknown
2009-06-14 02:28:10,00068E17E7,Unknown
2009-06-14 02:28:58,000697B0DE,Unknown
2009-06-14 02:31:10,00060F66F2,Unknown
2009-06-14 02:31:30,00060F66F2,Unknown
2009-06-14 02:34:37,00068EAD8A,Unknown
2009-06-14 02:56:04,00068E17E7,Unknown
2009-06-14 03:10:19,00065DD7F6,Unknown
2009-06-14 03:11:24,0006979BE8,Unknown
2009-06-14 03:11:46,00068EAD8A,Unknown
2009-06-14 03:12:40,00068E1FDB,Unknown
2009-06-14 03:21:31,00068E1FDB,Unknown
2009-06-14 03:21:36,00065DD7F6,Unknown
2009-06-14 03:25:13,00065DD7F6,Unknown
2009-06-14 03:31:01,000697B0DE,Unknown
2009-06-14 03:31:03,00065DD7F6,Unknown
2009-06-14 03:33:22,00065DD7F6,Unknown
2009-06-14 03:34:22,0006979BE8,Unknown
2009-06-14 03:54:39,00068EAD8A,Unknown
2009-06-14 04:02:13,00065DD7F6,Unknown
2009-06-14 04:18:36,00068EAD8A,Unknown
2009-06-14 04:30:46,00065D7D8B,Unknown
2009-06-14 04:30:47,00068E35E1,Unknown
2009-06-14 04:30:59,00061D27AC,Unknown
2009-06-14 04:31:59,00061013E4,Unknown
2009-06-14 04:32:25,0006979BE8,Unknown
2009-06-14 04:34:56,00068E1FDB,Unknown
2009-06-14 04:36:24,000697B0DE,Unknown
2009-06-14 04:39:09,00068E1C26,Unknown
2009-06-14 04:39:32,0006979B84,Unknown
2009-06-14 04:39:39,00068E3D73,Unknown
2009-06-14 04:41:15,00068E0DE6,Unknown
2009-06-14 04:41:38,000697A268,Unknown
2009-06-14 04:41:39,0006979ABE,Unknown
2009-06-14 04:41:58,00060F66F2,Unknown
2009-06-14 04:42:43,00065DD7F6,Unknown
2009-06-14 04:45:20,00065D81D3,Unknown
2009-06-14 04:45:53,00068E0F02,Unknown
2009-06-14 04:46:24,0006979ABE,Unknown
2009-06-14 04:48:45,00068EAD8A,Unknown
2009-06-14 04:49:06,00068E17E7,Unknown
2009-06-14 04:58:28,0006979ABE,Unknown
2009-06-14 08:34:24,00065E632D,Unknown
2009-06-14 09:17:26,00065E632D,Unknown
2009-06-14 09:34:51,00065E632D,Unknown
2009-06-14 09:41:06,00065E632D,Unknown
2009-06-14 09:56:12,8E602D0D0F,Unknown
2009-06-14 10:49:09,8E602D0D0F,Unknown
2009-06-14 10:52:53,EEEEEEEEEE,Unknown
2009-06-14 10:52:53,8EEEEEEEEE,Unknown
2009-06-14 10:52:54,6EEEEEEEEE,Unknown
2009-06-14 11:04:21,8E602D0D0F,Unknown
2009-06-14 19:59:00,8E602D0D0F,Unknown
2009-06-14 19:59:21,00065E632D,Unknown
2009-06-14 20:21:58,8E602D0D0F,Unknown
2009-06-14 20:22:16,00065E632D,Unknown
2009-06-14 20:41:48,8E602D0D0F,Unknown
2009-06-14 20:42:08,00065E632D,Unknown
2009-06-14 21:26:32,0006979ABE,Unknown
2009-06-14 21:26:48,0006979ABE,Unknown
2009-06-14 21:33:34,0006979ABE,Unknown
2009-06-14 21:34:05,0006979ABE,Unknown
2009-06-14 21:34:26,0006979ABE,Unknown
2009-06-14 21:35:00,0006979ABE,Unknown
2009-06-14 21:35:15,00068E0F02,Unknown
2009-06-14 21:35:21,0006979ABE,Unknown
2009-06-14 21:35:29,00068E1C26,Unknown
2009-06-14 21:35:30,00068E0F02,Unknown
2009-06-14 21:38:38,0006979ABE,Unknown
2009-06-14 21:39:05,00068E0F02,Unknown
2009-06-14 21:39:17,00068E0F02,Unknown
2009-06-14 21:39:31,00068E0F02,Unknown
2009-06-14 21:40:28,00060F66F2,Unknown
2009-06-14 21:40:39,00060F66F2,Unknown
2009-06-14 21:40:42,0006979ABE,Unknown
2009-06-14 21:41:21,000697A268,Unknown
2009-06-14 21:42:19,00061D27AC,Unknown
2009-06-14 21:42:30,00061D27AC,Unknown
2009-06-14 21:43:08,00068E0F02,Unknown
2009-06-14 21:43:22,0006979ABE,Unknown
2009-06-14 21:43:55,0006160637,Unknown
2009-06-14 21:44:16,00061013E4,Unknown
2009-06-14 21:44:27,00061013E4,Unknown
2009-06-14 21:44:38,00061013E4,Unknown
2009-06-14 21:45:11,0006979B84,Unknown
2009-06-14 21:45:22,00068E35E1,Unknown
2009-06-14 21:45:33,00061D27AC,Unknown
2009-06-14 21:45:44,0005FE0832,Unknown
2009-06-14 21:45:59,00060FA7EA,Unknown
2009-06-14 21:46:14,00060FA7EA,Unknown
2009-06-14 21:46:27,00060FA7EA,Unknown
2009-06-14 21:46:39,00060FA7EA,Unknown
2009-06-14 21:46:40,00065D9BC6,Unknown
2009-06-14 21:46:50,00068E1A38,Unknown
2009-06-14 21:47:52,0006979BE8,Unknown
2009-06-14 21:47:54,00065DD7F6,Unknown
2009-06-14 21:47:57,00068E17E7,Unknown
2009-06-14 21:47:57,00068E0DE6,Unknown
2009-06-14 21:47:58,00068E0F02,Unknown
2009-06-14 21:48:44,0006979C67,Unknown
2009-06-14 21:49:05,0006444F30,Unknown
2009-06-14 21:49:59,00068E2063,Unknown
2009-06-14 21:50:05,00068E1FDB,Unknown
2009-06-14 21:50:39,00068EAD8A,Unknown
2009-06-14 21:50:53,00068E3862,Unknown
2009-06-14 21:53:25,00068E1C26,Unknown
2009-06-14 21:53:34,00068E3D57,Unknown
2009-06-14 21:55:02,00068E0587,Unknown
2009-06-14 21:55:17,00065EB6E2,Unknown
2009-06-14 21:55:33,0006979D37,Unknown
2009-06-14 21:55:48,0006979D37,Unknown
2009-06-14 21:55:49,00061D3DC5,Unknown
2009-06-14 21:56:01,000697BE7E,Unknown
2009-06-14 21:58:28,00065D7D8B,Unknown
2009-06-14 21:58:35,00060D7AE7,Unknown
2009-06-14 22:00:17,00068E3D73,Unknown
2009-06-14 22:02:06,00068E3D73,Unknown
2009-06-14 22:03:52,000697B0DE,Unknown
2009-06-14 22:06:26,00065D81D3,Unknown
2009-06-14 22:09:19,00068E3D73,Unknown
2009-06-14 22:12:05,0005FE0832,Unknown
2009-06-14 22:12:09,0006979C67,Unknown
2009-06-14 22:16:13,00068E1C26,Unknown
2009-06-14 22:16:36,000697BE7E,Unknown
2009-06-14 22:16:44,000697A268,Unknown
2009-06-14 22:16:59,00068E0F02,Unknown
2009-06-14 22:21:17,0006979C67,Unknown
2009-06-14 22:21:36,0005FE0832,Unknown
2009-06-14 22:21:46,000697BE7E,Unknown
2009-06-14 22:23:47,00065D7D8B,Unknown
2009-06-14 22:28:30,0006979ABE,Unknown
2009-06-14 22:29:38,0006979ABE,Unknown
2009-06-14 22:31:08,00068E3862,Unknown
2009-06-14 22:31:33,00065D7D8B,Unknown
2009-06-14 22:31:47,00065D7D8B,Unknown
2009-06-14 22:32:00,00065D7D8B,Unknown
2009-06-14 22:32:11,00065D7D8B,Unknown
2009-06-14 22:32:25,00065D7D8B,Unknown
2009-06-14 22:32:28,0006160637,Unknown
2009-06-14 22:32:31,00068E2063,Unknown
2009-06-14 22:32:36,00060D7AE7,Unknown
2009-06-14 22:32:38,00068E1C26,Unknown
2009-06-14 22:34:23,00068E0587,Unknown
2009-06-14 22:34:45,00068E2063,Unknown
2009-06-14 22:35:27,00068E3D73,Unknown
2009-06-14 22:35:29,0006979ABE,Unknown
2009-06-14 22:35:38,000697BE7E,Unknown
2009-06-14 22:35:39,00065D7D8B,Unknown
2009-06-14 22:37:40,000697BE7E,Unknown
2009-06-14 22:37:56,000697BE7E,Unknown
2009-06-14 22:39:17,00068E0587,Unknown
2009-06-14 22:39:41,0006160637,Unknown
2009-06-14 22:39:50,00068E3862,Unknown
2009-06-14 22:41:41,0006979ABE,Unknown
2009-06-14 22:41:52,0006979ABE,Unknown
2009-06-14 22:42:54,0006979ABE,Unknown
2009-06-14 22:43:35,0005FE0832,Unknown
2009-06-14 22:43:53,0006979ABE,Unknown
2009-06-14 22:44:13,0006979C67,Unknown
2009-06-14 22:45:11,00068E0587,Unknown
2009-06-14 22:46:32,0006979ABE,Unknown
2009-06-14 22:47:07,00068E0F02,Unknown
2009-06-14 22:47:18,000697A268,Unknown
2009-06-14 22:48:39,0006979ABE,Unknown
2009-06-14 22:50:05,00065D81D3,Unknown
2009-06-14 22:51:47,00065DD7F6,Unknown
2009-06-14 22:52:55,00065D9BC6,Unknown
2009-06-14 22:53:01,00068E1C26,Unknown
2009-06-14 22:55:37,00065D81D3,Unknown
2009-06-14 22:55:49,00065DD7F6,Unknown
2009-06-14 22:55:55,00065D81D3,Unknown
2009-06-14 22:56:04,00065DD7F6,Unknown
2009-06-14 22:56:34,0006979C67,Unknown
2009-06-14 22:58:01,0005FE0832,Unknown
2009-06-14 22:58:02,00065DD7F6,Unknown
2009-06-14 22:58:55,00060D7AE7,Unknown
2009-06-14 22:59:49,00068E0587,Unknown
2009-06-14 23:00:58,00068E2063,Unknown
2009-06-14 23:02:37,00065DD7F6,Unknown
2009-06-14 23:02:37,00068E2063,Unknown
2009-06-14 23:03:35,000697B0DE,Unknown
2009-06-14 23:05:38,00065D9BC6,Unknown
2009-06-14 23:06:31,00068E2063,Unknown
2009-06-14 23:06:34,00068E3862,Unknown
2009-06-14 23:07:10,00068E1C26,Unknown
2009-06-14 23:07:51,0006160637,Unknown
2009-06-14 23:08:16,00068E1C26,Unknown
2009-06-14 23:08:25,00068EAD8A,Unknown
2009-06-14 23:10:07,0006979C67,Unknown
2009-06-14 23:10:12,00065EB6E2,Unknown
2009-06-14 23:10:23,00065EB6E2,Unknown
2009-06-14 23:10:28,000697B0DE,Unknown
2009-06-14 23:10:37,00065D7D8B,Unknown
2009-06-14 23:13:33,000697B0DE,Unknown
2009-06-14 23:14:43,00065D81D3,Unknown
2009-06-14 23:16:15,00068E3D73,Unknown
2009-06-14 23:16:24,00068EAD8A,Unknown
2009-06-14 23:17:10,000697B0DE,Unknown
2009-06-14 23:19:21,00068E1C26,Unknown
2009-06-14 23:19:44,000697B0DE,Unknown
2009-06-14 23:20:13,0006979BE8,Unknown
2009-06-14 23:20:14,00068E1C26,Unknown
2009-06-14 23:20:18,00068E3D73,Unknown
2009-06-14 23:21:21,00068EAD8A,Unknown
2009-06-14 23:21:28,00065D81D3,Unknown
2009-06-14 23:21:31,000697A268,Unknown
2009-06-14 23:21:40,0006979ABE,Unknown
2009-06-14 23:22:56,00068E0F02,Unknown
2009-06-14 23:23:57,00068E3862,Unknown
2009-06-14 23:24:25,00068E1C26,Unknown
2009-06-14 23:24:53,00068EAD8A,Unknown
2009-06-14 23:24:58,00068E1C26,Unknown
2009-06-14 23:25:09,000697B0DE,Unknown
2009-06-14 23:25:09,000697BE7E,Unknown
2009-06-14 23:25:15,00065D9BC6,Unknown
2009-06-14 23:25:21,000697B0DE,Unknown
2009-06-14 23:25:28,00068E3D57,Unknown
2009-06-14 23:25:51,00068E1C26,Unknown
2009-06-14 23:26:06,00068E1C26,Unknown
2009-06-14 23:26:16,00068EAD8A,Unknown
2009-06-14 23:26:23,00068E1C26,Unknown
2009-06-14 23:26:48,00068E1C26,Unknown
2009-06-14 23:26:49,0006979C67,Unknown
2009-06-14 23:27:01,000697B0DE,Unknown
2009-06-14 23:27:13,000697B0DE,Unknown
2009-06-14 23:27:27,00060D7AE7,Unknown
2009-06-14 23:28:25,0006979ABE,Unknown
2009-06-14 23:28:50,000697B0DE,Unknown
2009-06-14 23:28:54,0005FE0832,Unknown
2009-06-14 23:29:45,000697B0DE,Unknown
2009-06-14 23:30:56,00065D81D3,Unknown
2009-06-14 23:31:57,0005FE0832,Unknown
2009-06-14 23:32:22,00065D81D3,Unknown
2009-06-14 23:32:24,0006160637,Unknown
2009-06-14 23:32:36,000697B0DE,Unknown
2009-06-14 23:32:58,0005FE0832,Unknown
2009-06-14 23:34:40,00068E1C26,Unknown
2009-06-14 23:35:44,000697BE7E,Unknown
2009-06-14 23:35:46,00068E2063,Unknown
2009-06-14 23:36:02,00065D9BC6,Unknown
2009-06-14 23:36:39,0005FE0832,Unknown
2009-06-14 23:37:20,0005FE0832,Unknown
2009-06-14 23:37:50,0005FE0832,Unknown
2009-06-14 23:39:16,0005FE0832,Unknown
2009-06-14 23:39:30,000697B0DE,Unknown
2009-06-14 23:40:28,000697B0DE,Unknown
2009-06-14 23:40:31,0005FE0832,Unknown
2009-06-14 23:41:05,00065D7D8B,Unknown
2009-06-14 23:41:42,00065D81D3,Unknown
2009-06-14 23:41:59,00065DD7F6,Unknown
2009-06-14 23:42:56,00065EB6E2,Unknown
2009-06-14 23:43:36,00068EAD8A,Unknown
2009-06-14 23:46:05,00060D7AE7,Unknown
2009-06-14 23:50:18,00065EB6E2,Unknown
2009-06-14 23:50:52,0006160637,Unknown
2009-06-14 23:51:41,00068E3D73,Unknown
2009-06-14 23:52:07,00068E3D73,Unknown
2009-06-14 23:52:17,0006979ABE,Unknown
2009-06-14 23:52:39,00068E0F02,Unknown
2009-06-14 23:53:50,00065EB6E2,Unknown
2009-06-14 23:54:15,00068E0F02,Unknown
2009-06-14 23:54:55,00068E3D57,Unknown
2009-06-14 23:57:13,0006979ABE,Unknown
2009-06-14 23:57:26,0006979BE8,Unknown
2009-06-15 00:00:06,000697BE7E,Unknown
2009-06-15 00:00:41,0006979BE8,Unknown
2009-06-15 00:02:01,00068E0587,Unknown
2009-06-15 00:02:43,00068E1C26,Unknown
2009-06-15 00:05:24,0006979C67,Unknown
2009-06-15 00:05:52,00065D81D3,Unknown
2009-06-15 00:07:45,00065D81D3,Unknown
2009-06-15 00:08:34,00065D81D3,Unknown
2009-06-15 00:09:33,000697BE7E,Unknown
2009-06-15 00:09:38,0005FE0832,Unknown
2009-06-15 00:13:20,00068E3862,Unknown
2009-06-15 00:13:33,00060D7AE7,Unknown
2009-06-15 00:13:58,00068E3D57,Unknown
2009-06-15 00:14:57,000697BE7E,Unknown
2009-06-15 00:15:45,00068E0F02,Unknown
2009-06-15 00:16:45,0006979C67,Unknown
2009-06-15 00:16:47,000697BE7E,Unknown
2009-06-15 00:17:04,00068E3D57,Unknown
2009-06-15 00:17:10,000697A268,Unknown
2009-06-15 00:17:15,00068E3D57,Unknown
2009-06-15 00:17:19,000697B0DE,Unknown
2009-06-15 00:17:20,000697BE7E,Unknown
2009-06-15 00:17:32,00068E2063,Unknown
2009-06-15 00:18:04,00065D81D3,Unknown
2009-06-15 00:19:49,00068E1C26,Unknown
2009-06-15 00:20:00,00068E2063,Unknown
2009-06-15 00:20:38,00068E1C26,Unknown
2009-06-15 00:20:45,0006979BE8,Unknown
2009-06-15 00:22:35,00068E3D73,Unknown
2009-06-15 00:23:58,0006979BE8,Unknown
2009-06-15 00:24:49,00068E0587,Unknown
2009-06-15 00:25:19,00065D7D8B,Unknown
2009-06-15 00:26:22,0006979ABE,Unknown
2009-06-15 00:26:54,00068E3D57,Unknown
2009-06-15 00:27:04,0006979ABE,Unknown
2009-06-15 00:27:09,0006160637,Unknown
2009-06-15 00:28:19,0006979ABE,Unknown
2009-06-15 00:29:28,00068E1C26,Unknown
2009-06-15 00:29:30,0006979BE8,Unknown
2009-06-15 00:29:59,00068E1C26,Unknown
2009-06-15 00:30:39,00060D7AE7,Unknown
2009-06-15 00:34:05,000697BE7E,Unknown
2009-06-15 00:35:31,0006979ABE,Unknown
2009-06-15 00:38:27,00068E1C26,Unknown
2009-06-15 00:41:42,00068E3862,Unknown
2009-06-15 00:46:42,000697A268,Unknown
2009-06-15 00:49:55,00068E3D73,Unknown
2009-06-15 00:51:14,00068EAD8A,Unknown
2009-06-15 00:53:37,00065EB6E2,Unknown
2009-06-15 00:54:34,00060D7AE7,Unknown
2009-06-15 00:54:49,00068E1C26,Unknown
2009-06-15 00:55:25,0005FE0832,Unknown
2009-06-15 00:56:32,00065D81D3,Unknown
2009-06-15 00:57:14,00068E0F02,Unknown
2009-06-15 00:57:48,00065D7D8B,Unknown
2009-06-15 01:00:18,0006979ABE,Unknown
2009-06-15 01:00:55,00065EB6E2,Unknown
2009-06-15 01:03:45,00065D9BC6,Unknown
2009-06-15 01:04:58,00065D7D8B,Unknown
2009-06-15 01:05:32,0006979ABE,Unknown
2009-06-15 01:06:19,00065D7D8B,Unknown
2009-06-15 01:10:07,000697A268,Unknown
2009-06-15 01:12:50,00065D9BC6,Unknown
2009-06-15 01:13:59,0006979ABE,Unknown
2009-06-15 01:14:34,0006979ABE,Unknown
2009-06-15 01:14:40,00068E3D57,Unknown
2009-06-15 01:14:50,0006979C67,Unknown
2009-06-15 01:15:21,0005FE0832,Unknown
2009-06-15 01:16:21,00060D7AE7,Unknown
2009-06-15 01:20:01,00068E1C26,Unknown
2009-06-15 01:20:06,0006979C67,Unknown
2009-06-15 01:20:41,0006979C67,Unknown
2009-06-15 01:21:55,0006979C67,Unknown
2009-06-15 01:22:11,0006979C67,Unknown
2009-06-15 01:23:32,0006979C67,Unknown
2009-06-15 01:23:51,0006979C67,Unknown
2009-06-15 01:24:57,0006979C67,Unknown
2009-06-15 01:24:59,000697BE7E,Unknown
2009-06-15 01:25:11,00068E3862,Unknown
2009-06-15 01:25:18,0006160637,Unknown
2009-06-15 01:25:31,0006160637,Unknown
2009-06-15 01:26:09,00068E0587,Unknown
2009-06-15 01:28:46,000697B0DE,Unknown
2009-06-15 01:30:27,000697BE7E,Unknown
2009-06-15 01:30:41,000697BE7E,Unknown
2009-06-15 01:30:56,000697BE7E,Unknown
2009-06-15 01:31:48,00068EAD8A,Unknown
2009-06-15 01:31:51,000697B0DE,Unknown
2009-06-15 01:32:03,0006979ABE,Unknown
2009-06-15 01:32:25,0006979ABE,Unknown
2009-06-15 01:32:54,000697BE7E,Unknown
2009-06-15 01:33:08,00065D81D3,Unknown
2009-06-15 01:33:08,00068E0F02,Unknown
2009-06-15 01:33:29,000697B0DE,Unknown
2009-06-15 01:33:37,000697BE7E,Unknown
2009-06-15 01:34:41,00068EAD8A,Unknown
2009-06-15 01:35:48,000697A268,Unknown
2009-06-15 01:35:51,00068E0F02,Unknown
2009-06-15 01:36:03,00068E0F02,Unknown
2009-06-15 01:36:05,00065D81D3,Unknown
2009-06-15 01:36:20,0006979BE8,Unknown
2009-06-15 01:36:27,00065DD7F6,Unknown
2009-06-15 01:36:46,000697BE7E,Unknown
2009-06-15 01:38:31,0006979ABE,Unknown
2009-06-15 01:39:25,00068E3D73,Unknown
2009-06-15 01:40:37,00065EB6E2,Unknown
2009-06-15 01:41:21,00060FA7EA,Unknown
2009-06-15 01:44:32,00065DD7F6,Unknown
2009-06-15 01:44:55,00068E3862,Unknown
2009-06-15 01:45:14,0006979ABE,Unknown
2009-06-15 01:45:22,00068EAD8A,Unknown
2009-06-15 01:46:04,00068E0587,Unknown
2009-06-15 01:47:04,0006979ABE,Unknown
2009-06-15 01:47:31,0006979ABE,Unknown
2009-06-15 01:49:31,00068E2063,Unknown
2009-06-15 01:49:45,00065DD7F6,Unknown
2009-06-15 01:50:10,0006979C67,Unknown
2009-06-15 01:50:23,00068E0F02,Unknown
2009-06-15 01:50:33,00068E3D57,Unknown
2009-06-15 01:50:35,00068E1C26,Unknown
2009-06-15 01:52:16,000697BE7E,Unknown
2009-06-15 01:53:52,00065DD7F6,Unknown
2009-06-15 01:55:37,000697BE7E,Unknown
2009-06-15 01:56:21,00068E2063,Unknown
2009-06-15 01:58:15,000697BE7E,Unknown
2009-06-15 01:59:54,000697BE7E,Unknown
2009-06-15 02:00:00,00065D9BC6,Unknown
2009-06-15 02:00:43,00068E2063,Unknown
2009-06-15 02:02:35,0006979B84,Unknown
2009-06-15 02:02:36,00065DD7F6,Unknown
2009-06-15 02:03:26,0006444F30,Unknown
2009-06-15 02:05:09,0006160637,Unknown
2009-06-15 02:07:08,0006979ABE,Unknown
2009-06-15 02:07:24,000697A268,Unknown
2009-06-15 02:07:30,00065EB6E2,Unknown
2009-06-15 02:07:56,0006979B84,Unknown
2009-06-15 02:08:06,00060FA7EA,Unknown
2009-06-15 02:08:24,00068E17E7,Unknown
2009-06-15 02:08:45,000697B0DE,Unknown
2009-06-15 02:09:01,0006979ABE,Unknown
2009-06-15 02:14:12,00068E1C26,Unknown
2009-06-15 02:14:29,00060D7AE7,Unknown
2009-06-15 02:14:35,00065EB6E2,Unknown
2009-06-15 02:15:07,00068E1C26,Unknown
2009-06-15 02:15:13,00065EB6E2,Unknown
2009-06-15 02:16:04,00065EB6E2,Unknown
2009-06-15 02:16:35,00068E1C26,Unknown
2009-06-15 02:16:48,00068E3862,Unknown
2009-06-15 02:17:38,00068E1C26,Unknown
2009-06-15 02:18:04,00065EB6E2,Unknown
2009-06-15 02:18:16,0006979ABE,Unknown
2009-06-15 02:18:31,0006979ABE,Unknown
2009-06-15 02:19:14,00068E17E7,Unknown
2009-06-15 02:19:54,00065EB6E2,Unknown
2009-06-15 02:20:26,00068E2063,Unknown
2009-06-15 02:20:50,00065EB6E2,Unknown
2009-06-15 02:21:22,00065EB6E2,Unknown
2009-06-15 02:22:03,00065EB6E2,Unknown
2009-06-15 02:22:23,00065EB6E2,Unknown
2009-06-15 02:22:28,0006444F30,Unknown
2009-06-15 02:23:23,00065D9BC6,Unknown
2009-06-15 02:25:48,0006979ABE,Unknown
2009-06-15 02:25:52,0005FE0832,Unknown
2009-06-15 02:26:44,0006979ABE,Unknown
2009-06-15 02:27:24,00065EB6E2,Unknown
2009-06-15 02:30:49,00068E1C26,Unknown
2009-06-15 02:31:47,00068E1C26,Unknown
2009-06-15 02:32:02,00068E1C26,Unknown
2009-06-15 02:32:27,000697BE7E,Unknown
2009-06-15 02:34:47,00068E3862,Unknown
2009-06-15 02:35:29,00068E3D73,Unknown
2009-06-15 02:37:48,00068E1C26,Unknown
2009-06-15 02:40:08,00065D7D8B,Unknown
2009-06-15 02:40:47,0006979BE8,Unknown
2009-06-15 02:41:26,00068E0F02,Unknown
2009-06-15 02:42:22,00068E3D57,Unknown
2009-06-15 02:42:57,00068E0587,Unknown
2009-06-15 02:43:05,000697A268,Unknown
2009-06-15 02:43:52,00065D81D3,Unknown
2009-06-15 02:44:10,00060FA7EA,Unknown
2009-06-15 02:45:06,00068E1F71,Unknown
2009-06-15 02:45:18,00068E1F71,Unknown
2009-06-15 02:45:45,00068E1F71,Unknown
2009-06-15 02:47:03,0006979C67,Unknown
2009-06-15 02:48:54,00065D81D3,Unknown
2009-06-15 02:49:46,00060D7AE7,Unknown
2009-06-15 02:51:08,0006979ABE,Unknown
2009-06-15 02:51:51,0006979ABE,Unknown
2009-06-15 02:52:08,00065D81D3,Unknown
2009-06-15 02:57:06,00068EAD8A,Unknown
2009-06-15 02:57:22,00065EB6E2,Unknown
2009-06-15 02:59:49,00065DD7F6,Unknown
2009-06-15 03:00:42,00068E3862,Unknown
2009-06-15 03:02:04,00060FA7EA,Unknown
2009-06-15 03:02:59,0006979ABE,Unknown
2009-06-15 03:04:25,0006979ABE,Unknown
2009-06-15 03:06:32,00068E3D57,Unknown
2009-06-15 03:08:16,0006160637,Unknown
2009-06-15 03:09:40,000697BE7E,Unknown
2009-06-15 03:09:58,00065D81D3,Unknown
2009-06-15 03:12:04,00065D81D3,Unknown
2009-06-15 03:12:31,00065D81D3,Unknown
2009-06-15 03:12:40,0006979ABE,Unknown
2009-06-15 03:13:29,00065D81D3,Unknown
2009-06-15 03:13:31,00068E0587,Unknown
2009-06-15 03:13:39,0006979ABE,Unknown
2009-06-15 03:13:48,0005FE0832,Unknown
2009-06-15 03:15:43,00068E3D73,Unknown
2009-06-15 03:16:45,00068E3D73,Unknown
2009-06-15 03:17:05,00068EAD8A,Unknown
2009-06-15 03:17:40,000697B0DE,Unknown
2009-06-15 03:18:43,00068E3862,Unknown
2009-06-15 03:20:41,0006979B84,Unknown
2009-06-15 03:20:45,0006979C67,Unknown
2009-06-15 03:20:54,000697A268,Unknown
2009-06-15 03:23:15,0006160637,Unknown
2009-06-15 03:24:09,00065D81D3,Unknown
2009-06-15 03:25:42,00068E0F02,Unknown
2009-06-15 03:26:08,00068E1C26,Unknown
2009-06-15 03:26:20,0006979B84,Unknown
2009-06-15 03:28:15,000697BE7E,Unknown
2009-06-15 03:28:18,00065D7D8B,Unknown
2009-06-15 03:32:38,00068E3D73,Unknown
2009-06-15 03:33:15,0006979B84,Unknown
2009-06-15 03:39:44,00065EB6E2,Unknown
2009-06-15 03:40:30,0006979ABE,Unknown
2009-06-15 03:41:35,0006979ABE,Unknown
2009-06-15 03:42:22,0006979BE8,Unknown
2009-06-15 03:42:48,0006979B84,Unknown
2009-06-15 03:43:30,00065EB6E2,Unknown
2009-06-15 03:45:56,0006160637,Unknown
2009-06-15 03:46:53,000697B0DE,Unknown
2009-06-15 03:47:07,00065D9BC6,Unknown
2009-06-15 03:51:25,0006160637,Unknown
2009-06-15 03:52:45,00068E3862,Unknown
2009-06-15 03:53:09,00065D7D8B,Unknown
2009-06-15 03:56:07,00068E3862,Unknown
2009-06-15 03:57:29,0006979BE8,Unknown
2009-06-15 03:58:14,00065D9BC6,Unknown
2009-06-15 04:04:13,00068E1C26,Unknown
2009-06-15 04:12:57,00061D3DC5,Unknown
2009-06-15 04:16:06,00060D7AE7,Unknown
2009-06-15 04:23:16,00061D27AC,Unknown
2009-06-15 04:25:59,00068E2063,Unknown
2009-06-15 04:27:41,000697A268,Unknown
2009-06-15 04:27:47,00068E3D57,Unknown
2009-06-15 04:31:26,00068E2063,Unknown
2009-06-15 04:32:42,00068E1C26,Unknown
2009-06-15 04:33:08,0006979BE8,Unknown
2009-06-15 04:33:13,0006444F30,Unknown
2009-06-15 04:33:22,0006979BE8,Unknown
2009-06-15 04:33:29,00065DD7F6,Unknown
2009-06-15 04:33:38,00068E35E1,Unknown
2009-06-15 04:33:54,00068E0DE6,Unknown
2009-06-15 04:34:01,00068E1A38,Unknown
2009-06-15 04:34:32,000697BE7E,Unknown
2009-06-15 04:36:31,00068E1FDB,Unknown
2009-06-15 04:37:05,00065D81D3,Unknown
2009-06-15 04:39:08,0006979ABE,Unknown
2009-06-15 04:40:32,000697B0DE,Unknown
2009-06-15 04:41:07,00060F66F2,Unknown
2009-06-15 04:41:49,00068E0F02,Unknown
2009-06-15 04:42:20,00061013E4,Unknown
2009-06-15 04:42:53,00065D7D8B,Unknown
2009-06-15 04:43:21,00068E1F71,Unknown
2009-06-15 04:44:38,00068EAD8A,Unknown
2009-06-15 04:45:43,0006979C67,Unknown
2009-06-15 04:46:09,00065D9BC6,Unknown
2009-06-15 04:46:17,00068E17E7,Unknown
2009-06-15 04:46:29,0006979B84,Unknown
2009-06-15 04:46:40,0006979D37,Unknown
2009-06-15 04:46:48,00068E3D73,Unknown
2009-06-15 04:50:03,00068E2063,Unknown
2009-06-15 04:50:33,00065EB6E2,Unknown
2009-06-15 04:50:56,00068E3862,Unknown
2009-06-15 04:51:22,00060FA7EA,Unknown
2009-06-15 04:51:41,00065EB6E2,Unknown
2009-06-15 04:51:49,00068E0587,Unknown
2009-06-15 04:52:48,0006979C67,Unknown
2009-06-15 04:53:46,0006160637,Unknown
2009-06-15 04:53:47,000697B0DE,Unknown
2009-06-15 04:53:54,00068E1C26,Unknown
2009-06-15 04:54:04,0005FE0832,Unknown
2009-06-15 04:54:08,000697B0DE,Unknown
2009-06-15 04:54:20,000697B0DE,Unknown
2009-06-15 04:54:32,000697B0DE,Unknown
2009-06-15 04:54:43,000697B0DE,Unknown
2009-06-15 04:54:54,000697B0DE,Unknown
2009-06-15 04:55:23,000697B0DE,Unknown
2009-06-15 04:55:49,0006979ABE,Unknown
2009-06-15 04:56:48,00065EB6E2,Unknown
2009-06-15 04:57:00,00065EB6E2,Unknown
2009-06-15 04:57:11,00065EB6E2,Unknown
2009-06-15 04:57:18,0005FE0832,Unknown
2009-06-15 04:59:07,00068E3862,Unknown
2009-06-15 05:00:07,00068E3862,Unknown
2009-06-15 05:00:11,000697BE7E,Unknown
2009-06-15 05:01:25,00065EB6E2,Unknown
2009-06-15 05:01:36,00065EB6E2,Unknown
2009-06-15 05:01:56,00065EB6E2,Unknown
2009-06-15 05:02:45,00065EB6E2,Unknown
2009-06-15 05:03:03,00065EB6E2,Unknown
2009-06-15 05:04:08,00068E3862,Unknown
2009-06-15 05:04:50,00068E3862,Unknown
2009-06-15 05:04:54,00065EB6E2,Unknown
2009-06-15 05:05:01,00068E3862,Unknown
2009-06-15 05:05:12,00068E3862,Unknown
2009-06-15 05:22:51,0006979ABE,Unknown
2009-06-15 05:23:17,0006979ABE,Unknown
2009-06-15 05:23:28,0006979ABE,Unknown
2009-06-15 07:15:32,00068E3D57,Unknown
2009-06-15 08:36:40,0006979D37,Unknown
2009-06-15 09:27:20,00065E632D,Unknown
2009-06-15 09:38:59,00065E632D,Unknown
2009-06-15 09:39:07,8E602D0D0F,Unknown
2009-06-15 11:18:51,8E602D0D0F,Unknown
2009-06-15 12:03:33,8E602D0D0F,Unknown
2009-06-15 18:00:39,8E602D0D0F,Unknown
2009-06-15 18:01:08,00065E632D,Unknown
2009-06-15 18:02:26,00065D7D8B,Unknown
2009-06-15 18:23:36,8E602D0D0F,Unknown
2009-06-15 18:23:52,00065E632D,Unknown
2009-06-15 18:48:59,000697B0DE,Unknown
2009-06-15 18:49:16,000697B0DE,Unknown
2009-06-15 18:54:09,000697B0DE,Unknown
2009-06-15 18:58:51,8E602D0D0F,Unknown
2009-06-15 18:59:19,00065E632D,Unknown
2009-06-15 19:54:19,00065EB6E2,Unknown
2009-06-15 20:00:48,00065EB6E2,Unknown
2009-06-15 20:01:00,00060D7AE7,Unknown
2009-06-15 20:01:11,00060D7AE7,Unknown
2009-06-15 22:35:36,00068E1A38,Unknown
2009-06-15 22:43:27,00068E0587,Unknown
2009-06-15 22:53:35,00068E0587,Unknown
2009-06-15 22:54:40,00060D7AE7,Unknown
2009-06-15 22:54:55,00060D7AE7,Unknown
2009-06-15 22:55:33,00060D7AE7,Unknown
2009-06-15 22:55:56,00060D7AE7,Unknown
2009-06-15 22:56:07,0006979D37,Unknown
2009-06-15 22:58:10,00068E2063,Unknown
2009-06-15 22:58:28,0005FE0832,Unknown
2009-06-15 23:00:17,00065EB6E2,Unknown
2009-06-15 23:00:32,00068E3D57,Unknown
2009-06-15 23:02:12,00065D9BC6,Unknown
2009-06-15 23:02:38,00061D3DC5,Unknown
2009-06-15 23:03:46,0006979ABE,Unknown
2009-06-15 23:04:31,0006160637,Unknown
2009-06-15 23:08:41,000697BE7E,Unknown
2009-06-15 23:11:57,0006979ABE,Unknown
2009-06-15 23:14:34,0006979B84,Unknown
2009-06-15 23:14:37,0006444F30,Unknown
2009-06-15 23:14:41,00068E35E1,Unknown
2009-06-15 23:15:52,0006979C67,Unknown
2009-06-15 23:16:37,00068E1F71,Unknown
2009-06-15 23:16:52,0006979ABE,Unknown
2009-06-15 23:17:19,00061D27AC,Unknown
2009-06-15 23:18:00,000697A268,Unknown
2009-06-15 23:18:05,00061013E4,Unknown
2009-06-15 23:18:14,00065D9BC6,Unknown
2009-06-15 23:18:17,00068E3862,Unknown
2009-06-15 23:18:48,00068EAD8A,Unknown
2009-06-15 23:23:10,00060FA7EA,Unknown
2009-06-15 23:25:04,00065DD7F6,Unknown
2009-06-15 23:31:04,00068E17E7,Unknown
2009-06-15 23:31:06,00060F66F2,Unknown
2009-06-15 23:31:15,00068E17E7,Unknown
2009-06-15 23:34:49,00068E0DE6,Unknown
2009-06-15 23:36:55,00065D81D3,Unknown
2009-06-15 23:38:14,00068E3D73,Unknown
2009-06-15 23:38:58,0006979BE8,Unknown
2009-06-15 23:39:17,00068E0F02,Unknown
2009-06-15 23:40:53,00068E1C26,Unknown
2009-06-15 23:42:07,000697B0DE,Unknown
2009-06-15 23:48:33,0006979ABE,Unknown
2009-06-15 23:50:59,0006979ABE,Unknown
2009-06-15 23:53:00,00068E1FDB,Unknown
2009-06-16 00:01:57,00060D7AE7,Unknown
2009-06-16 00:03:58,00068E3862,Unknown
2009-06-16 00:05:27,0006444F30,Unknown
2009-06-16 00:06:43,00068E3D73,Unknown
2009-06-16 00:07:47,00065D9BC6,Unknown
2009-06-16 00:10:11,00068E3D57,Unknown
2009-06-16 00:12:03,00068E3862,Unknown
2009-06-16 00:12:14,00068E3862,Unknown
2009-06-16 00:14:41,00068EAD8A,Unknown
2009-06-16 00:14:47,00068E3862,Unknown
2009-06-16 00:16:05,0006160637,Unknown
2009-06-16 00:16:56,000697A268,Unknown
2009-06-16 00:17:10,00065EB6E2,Unknown
2009-06-16 00:19:54,0006979ABE,Unknown
2009-06-16 00:22:32,0006979ABE,Unknown
2009-06-16 00:23:02,00061D27AC,Unknown
2009-06-16 00:27:14,00068E2063,Unknown
2009-06-16 00:29:56,00068E1C26,Unknown
2009-06-16 00:33:06,000697BE7E,Unknown
2009-06-16 00:35:43,0006979C67,Unknown
2009-06-16 00:39:14,0006979BE8,Unknown
2009-06-16 00:46:50,00068E3D73,Unknown
2009-06-16 00:48:15,00068E3862,Unknown
2009-06-16 00:48:22,00068EAD8A,Unknown
2009-06-16 00:50:14,00068E0F02,Unknown
2009-06-16 00:50:27,00068E0587,Unknown
2009-06-16 00:53:09,00060F66F2,Unknown
2009-06-16 00:53:16,0006979ABE,Unknown
2009-06-16 00:54:13,0006979ABE,Unknown
2009-06-16 00:54:42,00065D9BC6,Unknown
2009-06-16 00:56:20,0006444F30,Unknown
2009-06-16 01:00:10,000697A268,Unknown
2009-06-16 01:01:47,00068E1C26,Unknown
2009-06-16 01:03:23,00065D81D3,Unknown
2009-06-16 01:04:20,0006979ABE,Unknown
2009-06-16 01:04:42,0006979ABE,Unknown
2009-06-16 01:13:31,0005FE0832,Unknown
2009-06-16 01:13:35,00068E0DE6,Unknown
2009-06-16 01:13:46,00068E35E1,Unknown
2009-06-16 01:15:16,0006444F30,Unknown
2009-06-16 01:19:21,00065DD7F6,Unknown
2009-06-16 01:21:12,00068E1C26,Unknown
2009-06-16 01:32:09,0006979ABE,Unknown
2009-06-16 01:37:06,0006979ABE,Unknown
2009-06-16 01:37:40,00068E3862,Unknown
2009-06-16 01:38:49,00068E0587,Unknown
2009-06-16 01:39:35,00068E0F02,Unknown
2009-06-16 01:40:27,000697B0DE,Unknown
2009-06-16 01:47:51,00068E1C26,Unknown
2009-06-16 01:47:52,000697B0DE,Unknown
2009-06-16 01:48:25,00068E2063,Unknown
2009-06-16 01:48:58,000697B0DE,Unknown
2009-06-16 01:49:01,000697BE7E,Unknown
2009-06-16 01:50:16,00061D27AC,Unknown
2009-06-16 01:50:28,000697A268,Unknown
2009-06-16 01:53:00,00060D7AE7,Unknown
2009-06-16 01:53:29,00065EB6E2,Unknown
2009-06-16 02:00:41,00068E3D73,Unknown
2009-06-16 02:04:48,0006979BE8,Unknown
2009-06-16 02:04:55,00060FA7EA,Unknown
2009-06-16 02:07:03,00065D81D3,Unknown
2009-06-16 02:09:09,0006979ABE,Unknown
2009-06-16 02:10:21,000697B0DE,Unknown
2009-06-16 02:11:10,0006979ABE,Unknown
2009-06-16 02:11:23,0006979ABE,Unknown
2009-06-16 02:11:55,000697B0DE,Unknown
2009-06-16 02:12:12,0006979C67,Unknown
2009-06-16 02:12:23,00068EAD8A,Unknown
2009-06-16 02:12:24,0006979C67,Unknown
2009-06-16 02:12:29,00068E1FDB,Unknown
2009-06-16 02:16:17,000697B0DE,Unknown
2009-06-16 02:16:44,000697B0DE,Unknown
2009-06-16 02:17:45,000697B0DE,Unknown
2009-06-16 02:18:47,00068E3D57,Unknown
2009-06-16 02:19:18,00068EAD8A,Unknown
2009-06-16 02:19:40,000697B0DE,Unknown
2009-06-16 02:20:53,00060D7AE7,Unknown
2009-06-16 02:21:15,00060D7AE7,Unknown
2009-06-16 02:21:54,00068E35E1,Unknown
2009-06-16 02:22:35,000697A268,Unknown
2009-06-16 02:23:58,000697B0DE,Unknown
2009-06-16 02:24:34,00068E2063,Unknown
2009-06-16 02:24:48,000697B0DE,Unknown
2009-06-16 02:24:53,00068EAD8A,Unknown
2009-06-16 02:25:18,00060F66F2,Unknown
2009-06-16 02:26:59,000697B0DE,Unknown
2009-06-16 02:28:50,000697BE7E,Unknown
2009-06-16 02:29:06,00068E0F02,Unknown
2009-06-16 02:29:20,000697B0DE,Unknown
2009-06-16 02:29:21,0006979D37,Unknown
2009-06-16 02:31:11,00068E1C26,Unknown
2009-06-16 02:31:37,000697B0DE,Unknown
2009-06-16 02:33:44,000697B0DE,Unknown
2009-06-16 02:34:19,000697B0DE,Unknown
2009-06-16 02:35:22,000697B0DE,Unknown
2009-06-16 02:38:03,000697B0DE,Unknown
2009-06-16 02:39:06,000697B0DE,Unknown
2009-06-16 02:40:38,000697B0DE,Unknown
2009-06-16 02:41:30,000697B0DE,Unknown
2009-06-16 02:43:22,000697B0DE,Unknown
2009-06-16 02:45:24,0006979C67,Unknown
2009-06-16 02:45:58,000697B0DE,Unknown
2009-06-16 02:46:18,00068E17E7,Unknown
2009-06-16 02:46:34,000697B0DE,Unknown
2009-06-16 02:50:05,000697B0DE,Unknown
2009-06-16 02:50:08,00065D9BC6,Unknown
2009-06-16 02:50:17,000697B0DE,Unknown
2009-06-16 02:51:05,000697B0DE,Unknown
2009-06-16 02:53:42,00065D81D3,Unknown
2009-06-16 02:53:55,00065D81D3,Unknown
2009-06-16 02:54:30,00065D81D3,Unknown
2009-06-16 02:54:42,00065D81D3,Unknown
2009-06-16 02:54:51,0006979ABE,Unknown
2009-06-16 02:54:53,00065D81D3,Unknown
2009-06-16 02:57:41,0005FE0832,Unknown
2009-06-16 02:57:51,0006979ABE,Unknown
2009-06-16 03:02:19,0006979BE8,Unknown
2009-06-16 03:02:22,000697BE7E,Unknown
2009-06-16 03:02:34,00068EAD8A,Unknown
2009-06-16 03:02:46,00065EB6E2,Unknown
2009-06-16 03:02:58,000697BE7E,Unknown
2009-06-16 03:03:19,00068E0587,Unknown
2009-06-16 03:03:52,0006444F30,Unknown
2009-06-16 03:06:10,000697BE7E,Unknown
2009-06-16 03:07:21,00068E0F02,Unknown
2009-06-16 03:08:36,00068E1C26,Unknown
2009-06-16 03:09:52,00068E3D73,Unknown
2009-06-16 03:13:14,0006979D37,Unknown
2009-06-16 03:14:51,00068E2063,Unknown
2009-06-16 03:22:56,00060D7AE7,Unknown
2009-06-16 03:23:56,00060F66F2,Unknown
2009-06-16 03:26:49,000697BE7E,Unknown
2009-06-16 03:28:24,00068E0587,Unknown
2009-06-16 03:29:00,00068E17E7,Unknown
2009-06-16 03:35:55,0006979BE8,Unknown
2009-06-16 03:37:32,0006979BE8,Unknown
2009-06-16 03:41:20,0006979C67,Unknown
2009-06-16 03:44:59,000697B0DE,Unknown
2009-06-16 03:45:17,0006979BE8,Unknown
2009-06-16 03:45:49,00068E1FDB,Unknown
2009-06-16 03:46:03,00068E1FDB,Unknown
2009-06-16 03:48:33,000697BE7E,Unknown
2009-06-16 03:49:30,00068E1C26,Unknown
2009-06-16 03:50:38,00068E1C26,Unknown
2009-06-16 03:50:57,00065DD7F6,Unknown
2009-06-16 03:53:30,00060F66F2,Unknown
2009-06-16 03:53:40,0006160637,Unknown
2009-06-16 03:58:54,00068E3862,Unknown
2009-06-16 03:59:52,000697B0DE,Unknown
2009-06-16 04:04:39,00065D9BC6,Unknown
2009-06-16 04:07:10,00065EB6E2,Unknown
2009-06-16 04:16:18,00065D7D8B,Unknown
2009-06-16 04:28:43,00068E3D57,Unknown
2009-06-16 04:28:46,00068E35E1,Unknown
2009-06-16 04:31:17,0006979ABE,Unknown
2009-06-16 04:33:49,000697A268,Unknown
2009-06-16 04:35:09,00068EAD8A,Unknown
2009-06-16 04:35:42,0006444F30,Unknown
2009-06-16 04:35:58,00065DD7F6,Unknown
2009-06-16 04:37:22,00061013E4,Unknown
2009-06-16 04:38:32,000697BE7E,Unknown
2009-06-16 04:38:50,00068E2063,Unknown
2009-06-16 04:39:34,0006979D37,Unknown
2009-06-16 04:39:39,00060D7AE7,Unknown
2009-06-16 04:39:54,0006979C67,Unknown
2009-06-16 04:39:58,00068E1A38,Unknown
2009-06-16 04:40:21,0005FE0832,Unknown
2009-06-16 04:40:23,00068E1FDB,Unknown
2009-06-16 04:40:32,00068E17E7,Unknown
2009-06-16 04:41:36,00068E0F02,Unknown
2009-06-16 04:42:02,0006979BE8,Unknown
2009-06-16 04:42:12,000697B0DE,Unknown
2009-06-16 04:42:42,00068E3D73,Unknown
2009-06-16 04:43:27,00060F66F2,Unknown
2009-06-16 04:46:11,0006979B84,Unknown
2009-06-16 04:48:13,00068E1C26,Unknown
2009-06-16 04:49:52,00065D9BC6,Unknown
2009-06-16 04:51:38,00068EAD8A,Unknown
2009-06-16 04:58:07,00065D7D8B,Unknown
2009-06-16 05:00:07,00068E3862,Unknown
2009-06-16 05:02:23,00065EB6E2,Unknown
2009-06-16 05:06:11,00068E0587,Unknown
2009-06-16 05:07:41,0006160637,Unknown
2009-06-16 05:27:50,00065EB6E2,Unknown
2009-06-16 08:27:23,00065E632D,Unknown
2009-06-16 08:53:58,00065E632D,Unknown
2009-06-16 09:12:07,00065E632D,Unknown
2009-06-16 15:30:59,8E602D0D0F,Unknown
2009-06-16 15:31:02,00068E3A41,Unknown
2009-06-16 18:20:54,8E602D0D0F,Unknown
2009-06-16 18:21:25,00065E632D,Unknown
2009-06-16 18:47:50,8E602D0D0F,Unknown
2009-06-16 18:48:13,00065E632D,Unknown
2009-06-16 19:11:30,8E602D0D0F,Unknown
2009-06-16 19:11:51,00065E632D,Unknown
2009-06-16 21:31:02,00068E3862,Unknown
2009-06-16 21:31:23,00068E3862,Unknown
2009-06-16 21:34:39,0006979C67,Unknown
2009-06-16 21:34:55,0006979C67,Unknown
2009-06-16 21:35:23,0006979C67,Unknown
2009-06-16 21:38:15,00065D81D3,Unknown
2009-06-16 21:38:27,00065D81D3,Unknown
2009-06-16 21:38:40,00065D81D3,Unknown
2009-06-16 21:38:51,00065D81D3,Unknown
2009-06-16 21:38:55,000697B0DE,Unknown
2009-06-16 21:39:04,00065D81D3,Unknown
2009-06-16 21:39:08,000697B0DE,Unknown
2009-06-16 21:40:01,00068E3D73,Unknown
2009-06-16 21:40:30,00065D81D3,Unknown
2009-06-16 21:40:35,00068E1FDB,Unknown
2009-06-16 21:40:57,00068E1FDB,Unknown
2009-06-16 21:41:03,00065D7D8B,Unknown
2009-06-16 21:41:05,0006444F30,Unknown
2009-06-16 21:41:23,00068EAD8A,Unknown
2009-06-16 21:41:50,00060FA7EA,Unknown
2009-06-16 21:42:19,00068E3862,Unknown
2009-06-16 21:44:27,0006160637,Unknown
2009-06-16 21:44:51,0006160637,Unknown
2009-06-16 21:44:56,0006979C67,Unknown
2009-06-16 21:45:04,0006160637,Unknown
2009-06-16 21:46:24,000697B0DE,Unknown
2009-06-16 21:47:55,00068E2063,Unknown
2009-06-16 21:47:57,00068E17E7,Unknown
2009-06-16 21:48:19,00068E0F02,Unknown
2009-06-16 21:48:59,0006979C67,Unknown
2009-06-16 21:50:29,0006979BE8,Unknown
2009-06-16 21:50:36,00068E17E7,Unknown
2009-06-16 21:51:29,00068E1A38,Unknown
2009-06-16 21:51:58,00060FA7EA,Unknown
2009-06-16 21:52:10,00060FA7EA,Unknown
2009-06-16 21:52:16,0006979C67,Unknown
2009-06-16 21:53:07,00068E3862,Unknown
2009-06-16 21:53:16,00068E3D57,Unknown
2009-06-16 21:54:02,000697A268,Unknown
2009-06-16 21:54:14,00065D9BC6,Unknown
2009-06-16 21:54:35,00060D7AE7,Unknown
2009-06-16 21:54:58,00068E1C26,Unknown
2009-06-16 21:55:12,0005FE0832,Unknown
2009-06-16 21:55:20,00068E35E1,Unknown
2009-06-16 21:55:41,0006979ABE,Unknown
2009-06-16 21:55:46,00061013E4,Unknown
2009-06-16 21:56:45,000697BE7E,Unknown
2009-06-16 21:58:33,0006979D37,Unknown
2009-06-16 21:58:34,0006979B84,Unknown
2009-06-16 21:58:47,0006979B84,Unknown
2009-06-16 21:59:02,00068E0DE6,Unknown
2009-06-16 21:59:13,00060F66F2,Unknown
2009-06-16 21:59:13,00068E0DE6,Unknown
2009-06-16 21:59:33,00065DD7F6,Unknown
2009-06-16 21:59:46,00068E0587,Unknown
2009-06-16 22:11:37,0006979C67,Unknown
2009-06-16 22:11:43,0005FE0832,Unknown
2009-06-16 22:20:02,00068E3D73,Unknown
2009-06-16 22:20:28,0006444F30,Unknown
2009-06-16 22:20:29,00068E1C26,Unknown
2009-06-16 22:23:34,00068E1C26,Unknown
2009-06-16 22:24:01,0006979C67,Unknown
2009-06-16 22:26:44,00068E0587,Unknown
2009-06-16 22:27:25,0005FE0832,Unknown
2009-06-16 22:27:49,00065D9BC6,Unknown
2009-06-16 22:27:54,00068E35E1,Unknown
2009-06-16 22:29:35,00068E3862,Unknown
2009-06-16 22:30:46,00060D7AE7,Unknown
2009-06-16 22:34:51,00068E0F02,Unknown
2009-06-16 22:35:00,0006444F30,Unknown
2009-06-16 22:39:50,0006979C67,Unknown
2009-06-16 22:40:49,00065D7D8B,Unknown
2009-06-16 22:41:01,00068E0587,Unknown
2009-06-16 22:41:38,00068E3862,Unknown
2009-06-16 22:45:00,00068E3D73,Unknown
2009-06-16 22:49:17,00065D9BC6,Unknown
2009-06-16 22:51:01,0006444F30,Unknown
2009-06-16 22:51:25,00068E0F02,Unknown
2009-06-16 22:54:16,00068E1C26,Unknown
2009-06-16 22:56:10,00060D7AE7,Unknown
2009-06-16 22:56:50,0006979C67,Unknown
2009-06-16 22:59:08,0006979ABE,Unknown
2009-06-16 22:59:25,0006444F30,Unknown
2009-06-16 23:01:16,0006979ABE,Unknown
2009-06-16 23:05:15,0006979BE8,Unknown
2009-06-16 23:06:19,00068E35E1,Unknown
2009-06-16 23:07:08,00068E35E1,Unknown
2009-06-16 23:09:20,00065D7D8B,Unknown
2009-06-16 23:13:59,00060D7AE7,Unknown
2009-06-16 23:15:32,00068E1C26,Unknown
2009-06-16 23:15:46,00068E3D57,Unknown
2009-06-16 23:16:03,00068E35E1,Unknown
2009-06-16 23:16:16,0006979C67,Unknown
2009-06-16 23:16:57,00065D81D3,Unknown
2009-06-16 23:17:57,00065EB6E2,Unknown
2009-06-16 23:18:20,000697A268,Unknown
2009-06-16 23:20:29,00068E2063,Unknown
2009-06-16 23:21:19,00065D81D3,Unknown
2009-06-16 23:21:38,00068E2063,Unknown
2009-06-16 23:23:38,00065D7D8B,Unknown
2009-06-16 23:24:47,00065D81D3,Unknown
2009-06-16 23:27:09,00060F66F2,Unknown
2009-06-16 23:27:27,00065D7D8B,Unknown
2009-06-16 23:28:41,0006979BE8,Unknown
2009-06-16 23:29:13,00068E3D57,Unknown
2009-06-16 23:30:45,00068E3862,Unknown
2009-06-16 23:31:03,00068E2063,Unknown
2009-06-16 23:34:12,00068E2063,Unknown
2009-06-16 23:36:15,00068EAD8A,Unknown
2009-06-16 23:36:26,0006979C67,Unknown
2009-06-16 23:37:31,00068E3862,Unknown
2009-06-16 23:39:04,0006979ABE,Unknown
2009-06-16 23:44:12,00060D7AE7,Unknown
2009-06-16 23:44:19,0006979ABE,Unknown
2009-06-16 23:47:31,00068E1C26,Unknown
2009-06-16 23:50:38,000697BE7E,Unknown
2009-06-16 23:51:07,0005FE0832,Unknown
2009-06-16 23:51:13,00065EB6E2,Unknown
2009-06-16 23:56:00,000697BE7E,Unknown
2009-06-16 23:56:32,000697BE7E,Unknown
2009-06-16 23:57:57,00068E35E1,Unknown
2009-06-16 23:58:30,00065D81D3,Unknown
2009-06-16 23:58:45,00068EAD8A,Unknown
2009-06-17 00:03:51,00068E3D73,Unknown
2009-06-17 00:04:51,000697B0DE,Unknown
2009-06-17 00:05:20,0005FE0832,Unknown
2009-06-17 00:07:10,000697A268,Unknown
2009-06-17 00:08:18,00065D81D3,Unknown
2009-06-17 00:08:26,000697BE7E,Unknown
2009-06-17 00:09:53,000697BE7E,Unknown
2009-06-17 00:13:19,00068E2063,Unknown
2009-06-17 00:14:06,00068E2063,Unknown
2009-06-17 00:14:32,00068E1C26,Unknown
2009-06-17 00:18:06,000697BE7E,Unknown
2009-06-17 00:23:31,000697B0DE,Unknown
2009-06-17 00:24:24,00065D81D3,Unknown
2009-06-17 00:26:07,00060F66F2,Unknown
2009-06-17 00:27:19,00060F66F2,Unknown
2009-06-17 00:28:52,00068E3862,Unknown
2009-06-17 00:32:31,00060F66F2,Unknown
2009-06-17 00:33:29,00068E3D73,Unknown
2009-06-17 00:34:04,00060F66F2,Unknown
2009-06-17 00:37:50,000697BE7E,Unknown
2009-06-17 00:39:04,00068E1C26,Unknown
2009-06-17 00:41:35,00068E1C26,Unknown
2009-06-17 00:41:39,00065D7D8B,Unknown
2009-06-17 00:42:12,00060F66F2,Unknown
2009-06-17 00:43:09,00065DD7F6,Unknown
2009-06-17 00:47:45,00068E17E7,Unknown
2009-06-17 00:48:14,00068E3862,Unknown
2009-06-17 00:49:27,0006979ABE,Unknown
2009-06-17 00:51:24,0005FE0832,Unknown
2009-06-17 00:54:06,0006979ABE,Unknown
2009-06-17 00:58:43,00068E35E1,Unknown
2009-06-17 00:59:48,00068E0F02,Unknown
2009-06-17 01:00:13,000697BE7E,Unknown
2009-06-17 01:01:46,00061D3DC5,Unknown
2009-06-17 01:08:26,00065EB6E2,Unknown
2009-06-17 01:08:32,00068E2063,Unknown
2009-06-17 01:09:28,0006979ABE,Unknown
2009-06-17 01:09:51,0006979ABE,Unknown
2009-06-17 01:10:47,00068E1C26,Unknown
2009-06-17 01:12:10,0005FE0832,Unknown
2009-06-17 01:13:07,00068E1C26,Unknown
2009-06-17 01:16:56,00068E17E7,Unknown
2009-06-17 01:20:10,0006979BE8,Unknown
2009-06-17 01:20:51,000697A268,Unknown
2009-06-17 01:24:09,00065D9BC6,Unknown
2009-06-17 01:24:35,00068E3862,Unknown
2009-06-17 01:31:22,00068E2063,Unknown
2009-06-17 01:34:32,00068EAD8A,Unknown
2009-06-17 01:34:41,00060FA7EA,Unknown
2009-06-17 01:36:11,0006160637,Unknown
2009-06-17 01:37:38,00068EAD8A,Unknown
2009-06-17 01:37:49,00068EAD8A,Unknown
2009-06-17 01:38:46,000697A268,Unknown
2009-06-17 01:38:57,00068EAD8A,Unknown
2009-06-17 01:40:19,00068E0587,Unknown
2009-06-17 01:40:33,00068EAD8A,Unknown
2009-06-17 01:40:45,00068EAD8A,Unknown
2009-06-17 01:41:32,00065D7D8B,Unknown
2009-06-17 01:42:14,0006444F30,Unknown
2009-06-17 01:42:47,00068E2063,Unknown
2009-06-17 01:43:30,0006979ABE,Unknown
2009-06-17 01:43:45,0006979C67,Unknown
2009-06-17 01:45:17,00068EAD8A,Unknown
2009-06-17 01:45:59,0006979BE8,Unknown
2009-06-17 01:46:48,00068EAD8A,Unknown
2009-06-17 01:47:01,00068EAD8A,Unknown
2009-06-17 01:47:22,00068E3862,Unknown
2009-06-17 01:48:33,0006979BE8,Unknown
2009-06-17 01:49:48,0006979ABE,Unknown
2009-06-17 01:50:00,00068E1C26,Unknown
2009-06-17 01:50:37,0006979BE8,Unknown
2009-06-17 01:50:48,0006979BE8,Unknown
2009-06-17 01:53:43,00068E3D73,Unknown
2009-06-17 01:53:47,00065D81D3,Unknown
2009-06-17 01:53:58,00065D81D3,Unknown
2009-06-17 01:54:16,00065D81D3,Unknown
2009-06-17 01:55:49,00061D27AC,Unknown
2009-06-17 01:56:37,00068E0F02,Unknown
2009-06-17 01:56:51,00065D9BC6,Unknown
2009-06-17 01:56:52,00061D27AC,Unknown
2009-06-17 01:57:15,00060D7AE7,Unknown
2009-06-17 01:57:56,00068E35E1,Unknown
2009-06-17 01:57:58,00060F66F2,Unknown
2009-06-17 01:58:05,00068E0F02,Unknown
2009-06-17 01:58:18,00061D27AC,Unknown
2009-06-17 01:59:49,00065DD7F6,Unknown
2009-06-17 02:02:36,00068E3D57,Unknown
2009-06-17 02:04:33,00068EAD8A,Unknown
2009-06-17 02:07:43,0006979B84,Unknown
2009-06-17 02:09:41,00068E0587,Unknown
2009-06-17 02:11:57,0006979BE8,Unknown
2009-06-17 02:16:55,00068E35E1,Unknown
2009-06-17 02:16:58,00061D27AC,Unknown
2009-06-17 02:17:03,0006979B84,Unknown
2009-06-17 02:18:13,0006160637,Unknown
2009-06-17 02:18:16,000697B0DE,Unknown
2009-06-17 02:18:57,00065EB6E2,Unknown
2009-06-17 02:19:52,00068E0DE6,Unknown
2009-06-17 02:25:09,00060D7AE7,Unknown
2009-06-17 02:26:01,0006979ABE,Unknown
2009-06-17 02:26:45,00068E3D57,Unknown
2009-06-17 02:29:55,00060FA7EA,Unknown
2009-06-17 02:32:06,0006979C67,Unknown
2009-06-17 02:32:54,000697A268,Unknown
2009-06-17 02:34:22,00068E0F02,Unknown
2009-06-17 02:34:26,000697A268,Unknown
2009-06-17 02:34:40,000697A268,Unknown
2009-06-17 02:35:22,00065D81D3,Unknown
2009-06-17 02:35:34,0006979ABE,Unknown
2009-06-17 02:37:33,00068E3862,Unknown
2009-06-17 02:38:35,000697BE7E,Unknown
2009-06-17 02:39:10,00068E1C26,Unknown
2009-06-17 02:41:27,00068E1C26,Unknown
2009-06-17 02:41:39,00068E1C26,Unknown
2009-06-17 02:41:40,00061013E4,Unknown
2009-06-17 02:46:52,00068E1C26,Unknown
2009-06-17 02:47:43,00060F66F2,Unknown
2009-06-17 02:50:20,000697BE7E,Unknown
2009-06-17 02:50:33,0006444F30,Unknown
2009-06-17 02:51:29,00068E1C26,Unknown
2009-06-17 02:52:06,000697BE7E,Unknown
2009-06-17 02:55:53,00068E17E7,Unknown
2009-06-17 02:56:43,00068E3D73,Unknown
2009-06-17 02:57:25,000697BE7E,Unknown
2009-06-17 02:57:52,00061D3DC5,Unknown
2009-06-17 02:58:20,0006979ABE,Unknown
2009-06-17 02:58:25,000697BE7E,Unknown
2009-06-17 02:58:34,00065D7D8B,Unknown
2009-06-17 02:58:52,00068E3D73,Unknown
2009-06-17 02:59:24,000697B0DE,Unknown
2009-06-17 02:59:38,00061D3DC5,Unknown
2009-06-17 03:02:15,00060FA7EA,Unknown
2009-06-17 03:02:34,000697A268,Unknown
2009-06-17 03:04:56,0005FE0832,Unknown
2009-06-17 03:07:54,00068E1F71,Unknown
2009-06-17 03:08:14,0006979ABE,Unknown
2009-06-17 03:08:50,00068E0F02,Unknown
2009-06-17 03:13:10,00065D9BC6,Unknown
2009-06-17 03:13:24,00068E2063,Unknown
2009-06-17 03:13:27,00068E17E7,Unknown
2009-06-17 03:16:35,0006979ABE,Unknown
2009-06-17 03:17:52,0006444F30,Unknown
2009-06-17 03:17:56,00068E1C26,Unknown
2009-06-17 03:18:36,00068EAD8A,Unknown
2009-06-17 03:18:56,0006979BE8,Unknown
2009-06-17 03:19:00,00061013E4,Unknown
2009-06-17 03:19:07,00068E1FDB,Unknown
2009-06-17 03:20:17,00068E3862,Unknown
2009-06-17 03:20:32,0006979ABE,Unknown
2009-06-17 03:21:03,00068E2063,Unknown
2009-06-17 03:22:00,0006160637,Unknown
2009-06-17 03:22:45,000697BE7E,Unknown
2009-06-17 03:23:32,00068E2063,Unknown
2009-06-17 03:24:39,00068EAD8A,Unknown
2009-06-17 03:24:43,000697BE7E,Unknown
2009-06-17 03:25:59,00068E2063,Unknown
2009-06-17 03:26:17,000697BE7E,Unknown
2009-06-17 03:26:22,00068E2063,Unknown
2009-06-17 03:26:25,00068E3D73,Unknown
2009-06-17 03:26:28,000697BE7E,Unknown
2009-06-17 03:26:47,00068E0587,Unknown
2009-06-17 03:26:54,00068EAD8A,Unknown
2009-06-17 03:28:02,0006979B84,Unknown
2009-06-17 03:29:02,00068EAD8A,Unknown
2009-06-17 03:30:31,00068EAD8A,Unknown
2009-06-17 03:32:19,00065DD7F6,Unknown
2009-06-17 03:33:02,00068EAD8A,Unknown
2009-06-17 03:33:52,00068EAD8A,Unknown
2009-06-17 03:33:56,0006979BE8,Unknown
2009-06-17 03:34:24,00068E1FDB,Unknown
2009-06-17 03:36:41,00068EAD8A,Unknown
2009-06-17 03:38:49,00068E0DE6,Unknown
2009-06-17 03:38:49,00068EAD8A,Unknown
2009-06-17 03:39:16,00068EAD8A,Unknown
2009-06-17 03:39:42,00068E0F02,Unknown
2009-06-17 03:40:43,00068E2063,Unknown
2009-06-17 03:40:44,0006979B84,Unknown
2009-06-17 03:42:38,00068EAD8A,Unknown
2009-06-17 03:44:44,00060FA7EA,Unknown
2009-06-17 03:44:50,00065D9BC6,Unknown
2009-06-17 03:45:04,00065D9BC6,Unknown
2009-06-17 03:45:32,00068E0587,Unknown
2009-06-17 03:48:47,0006979C67,Unknown
2009-06-17 03:49:40,0005FE0832,Unknown
2009-06-17 03:51:59,0006160637,Unknown
2009-06-17 03:52:36,00065D9BC6,Unknown
2009-06-17 03:55:14,00065D7D8B,Unknown
2009-06-17 03:56:21,0006979C67,Unknown
2009-06-17 03:56:36,00061D3DC5,Unknown
2009-06-17 04:02:01,0006444F30,Unknown
2009-06-17 04:07:13,00065DD7F6,Unknown
2009-06-17 04:13:57,00068E3862,Unknown
2009-06-17 04:14:20,00068EAD8A,Unknown
2009-06-17 04:19:27,0006979C67,Unknown
2009-06-17 04:25:48,00068E3862,Unknown
2009-06-17 04:26:43,00060D7AE7,Unknown
2009-06-17 04:28:20,00060F66F2,Unknown
2009-06-17 04:29:07,00068E3D57,Unknown
2009-06-17 04:30:17,00065EB6E2,Unknown
2009-06-17 04:30:37,00065DD7F6,Unknown
2009-06-17 04:30:41,00061D27AC,Unknown
2009-06-17 04:31:34,0006979D37,Unknown
2009-06-17 04:32:11,00061D3DC5,Unknown
2009-06-17 04:33:13,00068E17E7,Unknown
2009-06-17 04:33:43,00068E35E1,Unknown
2009-06-17 04:34:06,0006444F30,Unknown
2009-06-17 04:34:27,0006979ABE,Unknown
2009-06-17 04:34:53,0006979BE8,Unknown
2009-06-17 04:35:45,00068E1F71,Unknown
2009-06-17 04:36:22,00068E1A38,Unknown
2009-06-17 04:37:23,000697B0DE,Unknown
2009-06-17 04:39:05,00068E0DE6,Unknown
2009-06-17 04:39:26,0006979C67,Unknown
2009-06-17 04:39:44,0006979B84,Unknown
2009-06-17 04:39:56,00065D81D3,Unknown
2009-06-17 04:40:13,0006979ABE,Unknown
2009-06-17 04:40:23,00068E1FDB,Unknown
2009-06-17 04:40:45,0006979ABE,Unknown
2009-06-17 04:43:00,000697BE7E,Unknown
2009-06-17 04:45:11,000697A268,Unknown
2009-06-17 04:45:58,0006979ABE,Unknown
2009-06-17 04:46:11,00065D7D8B,Unknown
2009-06-17 04:47:01,00068E2063,Unknown
2009-06-17 04:47:02,00068E3D73,Unknown
2009-06-17 04:47:09,00060FA7EA,Unknown
2009-06-17 04:49:05,00068EAD8A,Unknown
2009-06-17 04:49:32,00068E0F02,Unknown
2009-06-17 04:51:00,00065D9BC6,Unknown
2009-06-17 04:51:17,0006160637,Unknown
2009-06-17 04:51:21,00061013E4,Unknown
2009-06-17 04:51:35,00068E1C26,Unknown
2009-06-17 04:53:25,00068E0587,Unknown
2009-06-17 04:54:11,0005FE0832,Unknown
2009-06-17 04:59:08,00068E3862,Unknown
2009-06-17 08:38:07,00065E632D,Unknown
2009-06-17 09:25:00,00065E632D,Unknown
2009-06-17 09:40:26,00065E632D,Unknown
2009-06-17 10:07:39,8E602D0D0F,Unknown
2009-06-17 11:58:46,8E602D0D0F,Unknown
2009-06-17 17:36:35,8E602D0D0F,Unknown
2009-06-17 17:37:05,00065E632D,Unknown
2009-06-17 17:56:59,8E602D0D0F,Unknown
2009-06-17 17:57:14,00065E632D,Unknown
2009-06-17 18:22:11,8E602D0D0F,Unknown
2009-06-17 18:22:33,00065E632D,Unknown
2009-06-17 21:28:22,00065EB6E2,Unknown
2009-06-17 21:28:40,00065EB6E2,Unknown
2009-06-17 21:29:17,00065EB6E2,Unknown
2009-06-17 21:29:46,00065EB6E2,Unknown
2009-06-17 21:30:05,00065EB6E2,Unknown
2009-06-17 21:30:16,00068E2063,Unknown
2009-06-17 21:37:25,00060FA7EA,Unknown
2009-06-17 21:37:44,00060FA7EA,Unknown
2009-06-17 21:38:05,00065D9BC6,Unknown
2009-06-17 21:40:06,0005FE0832,Unknown
2009-06-17 21:40:21,00065D81D3,Unknown
2009-06-17 21:40:54,00065D81D3,Unknown
2009-06-17 21:41:08,00065D81D3,Unknown
2009-06-17 21:42:09,00068E17E7,Unknown
2009-06-17 21:42:20,00065DD7F6,Unknown
2009-06-17 21:42:38,00065D81D3,Unknown
2009-06-17 21:42:38,000697BE7E,Unknown
2009-06-17 21:42:50,00065D7D8B,Unknown
2009-06-17 21:43:15,00068E1FDB,Unknown
2009-06-17 21:43:33,00068E1FDB,Unknown
2009-06-17 21:43:36,0006160637,Unknown
2009-06-17 21:44:51,00068E3D73,Unknown
2009-06-17 21:45:12,00068E1C26,Unknown
2009-06-17 21:45:57,0006979ABE,Unknown
2009-06-17 21:46:49,00068E0F02,Unknown
2009-06-17 21:46:53,00068E1F71,Unknown
2009-06-17 21:46:55,0006160637,Unknown
2009-06-17 21:46:57,00068E0587,Unknown
2009-06-17 21:47:06,0006979C67,Unknown
2009-06-17 21:47:30,00068EAD8A,Unknown
2009-06-17 21:47:33,00068E35E1,Unknown
2009-06-17 21:47:38,000697A268,Unknown
2009-06-17 21:47:43,00068E3D57,Unknown
2009-06-17 21:48:22,0006444F30,Unknown
2009-06-17 21:48:26,00060D7AE7,Unknown
2009-06-17 21:48:35,00060F66F2,Unknown
2009-06-17 21:48:56,0006979B84,Unknown
2009-06-17 21:50:36,00061D27AC,Unknown
2009-06-17 21:52:58,00065D7D8B,Unknown
2009-06-17 21:53:22,0006979BE8,Unknown
2009-06-17 21:53:58,00068E35E1,Unknown
2009-06-17 21:54:16,00061013E4,Unknown
2009-06-17 21:55:32,00068E3862,Unknown
2009-06-17 21:56:40,00061D3DC5,Unknown
2009-06-17 21:58:24,00068E1A38,Unknown
2009-06-17 22:00:13,000697B0DE,Unknown
2009-06-17 22:00:40,0006979D37,Unknown
2009-06-17 22:01:18,00068E35E1,Unknown
2009-06-17 22:03:59,00065D7D8B,Unknown
2009-06-17 22:06:46,00068E35E1,Unknown
2009-06-17 22:11:54,00068E0F02,Unknown
2009-06-17 22:15:12,00068E35E1,Unknown
2009-06-17 22:19:06,00060F66F2,Unknown
2009-06-17 22:19:21,00068E0DE6,Unknown
2009-06-17 22:33:58,00068E35E1,Unknown
2009-06-17 22:35:10,00068E0F02,Unknown
2009-06-17 22:35:28,00068E0F02,Unknown
2009-06-17 22:44:06,00060F66F2,Unknown
2009-06-17 22:45:43,00060F66F2,Unknown
2009-06-17 22:48:26,0006979C67,Unknown
2009-06-17 22:49:52,00068E1C26,Unknown
2009-06-17 22:54:17,00068E35E1,Unknown
2009-06-17 22:56:40,00068E35E1,Unknown
2009-06-17 22:58:08,00068E3D57,Unknown
2009-06-17 23:00:08,00068E3D73,Unknown
2009-06-17 23:00:21,00060F66F2,Unknown
2009-06-17 23:00:46,00068EAD8A,Unknown
2009-06-17 23:01:08,00068E1C26,Unknown
2009-06-17 23:01:21,00068E1C26,Unknown
2009-06-17 23:01:32,00068E1C26,Unknown
2009-06-17 23:01:39,0006979C67,Unknown
2009-06-17 23:01:44,00068E1C26,Unknown
2009-06-17 23:02:20,00068E35E1,Unknown
2009-06-17 23:02:40,00068E1C26,Unknown
2009-06-17 23:06:46,00068E2063,Unknown
2009-06-17 23:09:48,00068E3D57,Unknown
2009-06-17 23:10:33,00065D81D3,Unknown
2009-06-17 23:13:26,00068EAD8A,Unknown
2009-06-17 23:14:28,00065D7D8B,Unknown
2009-06-17 23:15:42,00068E1C26,Unknown
2009-06-17 23:16:35,0006979C67,Unknown
2009-06-17 23:17:58,00065D81D3,Unknown
2009-06-17 23:19:32,00068E0F02,Unknown
2009-06-17 23:20:47,00068E0DE6,Unknown
2009-06-17 23:20:51,00068E2063,Unknown
2009-06-17 23:22:15,000697A268,Unknown
2009-06-17 23:22:45,00060D7AE7,Unknown
2009-06-17 23:23:33,00068E3862,Unknown
2009-06-17 23:24:38,000697A268,Unknown
2009-06-17 23:24:49,000697A268,Unknown
2009-06-17 23:28:41,00065D81D3,Unknown
2009-06-17 23:29:55,0006444F30,Unknown
2009-06-17 23:30:18,0005FE0832,Unknown
2009-06-17 23:31:21,00068E3D57,Unknown
2009-06-17 23:33:12,0006979C67,Unknown
2009-06-17 23:34:01,00068E3D73,Unknown
2009-06-17 23:34:04,000697A268,Unknown
2009-06-17 23:34:30,00068E0F02,Unknown
2009-06-17 23:35:05,00068E3D73,Unknown
2009-06-17 23:35:53,00065D7D8B,Unknown
2009-06-17 23:36:29,00068E0587,Unknown
2009-06-17 23:38:22,0006444F30,Unknown
2009-06-17 23:39:19,00068E3862,Unknown
2009-06-17 23:40:19,0006979C67,Unknown
2009-06-17 23:41:08,0006160637,Unknown
2009-06-17 23:41:36,0006160637,Unknown
2009-06-17 23:41:40,0006979C67,Unknown
2009-06-17 23:44:02,00065D81D3,Unknown
2009-06-17 23:44:53,00065EB6E2,Unknown
2009-06-17 23:45:54,00068E3D73,Unknown
2009-06-17 23:45:57,0006979C67,Unknown
2009-06-17 23:46:04,00068E1C26,Unknown
2009-06-17 23:46:08,00068E3D57,Unknown
2009-06-17 23:47:04,00068E3D73,Unknown
2009-06-17 23:47:21,00065EB6E2,Unknown
2009-06-17 23:47:45,00068E1C26,Unknown
2009-06-17 23:49:07,0006160637,Unknown
2009-06-17 23:53:03,000697B0DE,Unknown
2009-06-17 23:55:28,00068E1C26,Unknown
2009-06-17 23:55:51,0006979BE8,Unknown
2009-06-17 23:57:49,00065EB6E2,Unknown
2009-06-17 23:58:16,000697A268,Unknown
2009-06-17 23:58:49,00068E3D73,Unknown
2009-06-17 23:59:07,00060D7AE7,Unknown
2009-06-18 00:03:33,00068E0587,Unknown
2009-06-18 00:04:21,00068EAD8A,Unknown
2009-06-18 00:06:49,0006160637,Unknown
2009-06-18 00:09:00,000697BE7E,Unknown
2009-06-18 00:09:31,00065EB6E2,Unknown
2009-06-18 00:10:17,00068E1C26,Unknown
2009-06-18 00:11:39,0005FE0832,Unknown
2009-06-18 00:12:41,00068E35E1,Unknown
2009-06-18 00:12:47,00065DD7F6,Unknown
2009-06-18 00:12:58,00068E0F02,Unknown
2009-06-18 00:16:38,00065DD7F6,Unknown
2009-06-18 00:16:57,0006979BE8,Unknown
2009-06-18 00:17:30,000697A268,Unknown
2009-06-18 00:17:40,000697B0DE,Unknown
2009-06-18 00:20:18,00068E3862,Unknown
2009-06-18 00:20:43,000697BE7E,Unknown
2009-06-18 00:20:54,0006160637,Unknown
2009-06-18 00:21:00,00068E17E7,Unknown
2009-06-18 00:23:56,0006979BE8,Unknown
2009-06-18 00:23:57,0005FE0832,Unknown
2009-06-18 00:25:05,0005FE0832,Unknown
2009-06-18 00:26:43,0006979BE8,Unknown
2009-06-18 00:27:26,000697B0DE,Unknown
2009-06-18 00:28:37,00065DD7F6,Unknown
2009-06-18 00:30:32,00068E2063,Unknown
2009-06-18 00:30:47,00068E3862,Unknown
2009-06-18 00:31:54,00068E0587,Unknown
2009-06-18 00:32:36,00065D81D3,Unknown
2009-06-18 00:32:38,0006979ABE,Unknown
2009-06-18 00:32:43,000697A268,Unknown
2009-06-18 00:32:50,0006979ABE,Unknown
2009-06-18 00:32:51,0006979C67,Unknown
2009-06-18 00:32:54,00068E2063,Unknown
2009-06-18 00:32:57,0006979BE8,Unknown
2009-06-18 00:33:07,00068E0F02,Unknown
2009-06-18 00:33:21,0006160637,Unknown
2009-06-18 00:33:31,00060D7AE7,Unknown
2009-06-18 00:33:34,000697BE7E,Unknown
2009-06-18 00:34:45,000697BE7E,Unknown
2009-06-18 00:35:12,0006979C67,Unknown
2009-06-18 00:35:19,000697B0DE,Unknown
2009-06-18 00:35:28,0006160637,Unknown
2009-06-18 00:35:36,0006979C67,Unknown
2009-06-18 00:35:41,00060D7AE7,Unknown
2009-06-18 00:35:49,00068E0587,Unknown
2009-06-18 00:37:20,000697BE7E,Unknown
2009-06-18 00:37:35,00068E1C26,Unknown
2009-06-18 00:37:48,00068EAD8A,Unknown
2009-06-18 00:37:51,00068E3862,Unknown
2009-06-18 00:38:20,000697BE7E,Unknown
2009-06-18 00:39:07,00068E0DE6,Unknown
2009-06-18 00:39:18,00068E1C26,Unknown
2009-06-18 00:39:47,00065D81D3,Unknown
2009-06-18 00:40:06,00065D81D3,Unknown
2009-06-18 00:40:33,00060F66F2,Unknown
2009-06-18 00:41:19,00068E3862,Unknown
2009-06-18 00:41:21,00060FA7EA,Unknown
2009-06-18 00:41:31,00068E3862,Unknown
2009-06-18 00:41:46,00068E3862,Unknown
2009-06-18 00:45:10,00065D81D3,Unknown
2009-06-18 00:45:35,00068E17E7,Unknown
2009-06-18 00:46:35,00068E17E7,Unknown
2009-06-18 00:47:03,00068E35E1,Unknown
2009-06-18 00:56:40,00065DD7F6,Unknown
2009-06-18 00:57:15,00060FA7EA,Unknown
2009-06-18 00:58:56,00068E3D57,Unknown
2009-06-18 00:59:23,00068E1C26,Unknown
2009-06-18 01:00:29,00065D7D8B,Unknown
2009-06-18 01:02:58,0006979BE8,Unknown
2009-06-18 01:03:02,00068E17E7,Unknown
2009-06-18 01:04:32,00068E0F02,Unknown
2009-06-18 01:04:48,0006979BE8,Unknown
2009-06-18 01:05:07,00068E35E1,Unknown
2009-06-18 01:08:13,0006979BE8,Unknown
2009-06-18 01:08:33,00065D81D3,Unknown
2009-06-18 01:09:29,00060D7AE7,Unknown
2009-06-18 01:10:18,00060D7AE7,Unknown
2009-06-18 01:15:03,00065EB6E2,Unknown
2009-06-18 01:15:25,00065EB6E2,Unknown
2009-06-18 01:16:17,00068E1C26,Unknown
2009-06-18 01:18:03,00068E3D57,Unknown
2009-06-18 01:18:06,00068E3D73,Unknown
2009-06-18 01:19:42,00060F66F2,Unknown
2009-06-18 01:20:05,00068E35E1,Unknown
2009-06-18 01:20:43,0006979ABE,Unknown
2009-06-18 01:22:23,0006979ABE,Unknown
2009-06-18 01:26:32,00068E3D57,Unknown
2009-06-18 01:27:31,00068E3D57,Unknown
2009-06-18 01:36:14,00068E0DE6,Unknown
2009-06-18 01:39:07,00068E0F02,Unknown
2009-06-18 01:41:10,00065D9BC6,Unknown
2009-06-18 01:45:15,00068E35E1,Unknown
2009-06-18 01:46:17,00068E3D73,Unknown
2009-06-18 01:47:11,000697B0DE,Unknown
2009-06-18 01:47:52,00068E3D73,Unknown
2009-06-18 01:48:39,00065D9BC6,Unknown
2009-06-18 01:51:24,00065D9BC6,Unknown
2009-06-18 01:52:24,00065D7D8B,Unknown
2009-06-18 01:53:03,000697A268,Unknown
2009-06-18 01:54:05,00068EAD8A,Unknown
2009-06-18 01:55:12,00061D27AC,Unknown
2009-06-18 01:56:25,00061013E4,Unknown
2009-06-18 01:59:22,00068E0F02,Unknown
2009-06-18 02:00:12,00068E3D73,Unknown
2009-06-18 02:02:10,000697B0DE,Unknown
2009-06-18 02:03:34,00068E3D73,Unknown
2009-06-18 02:09:04,00068E0F02,Unknown
2009-06-18 02:09:44,00068E0F02,Unknown
2009-06-18 02:09:59,00068E0F02,Unknown
2009-06-18 02:11:06,00061013E4,Unknown
2009-06-18 02:12:09,00068E0F02,Unknown
2009-06-18 02:12:16,00068E35E1,Unknown
2009-06-18 02:12:49,00061D27AC,Unknown
2009-06-18 02:14:42,00068EAD8A,Unknown
2009-06-18 02:17:10,00068E3D73,Unknown
2009-06-18 02:17:50,00060F66F2,Unknown
2009-06-18 02:18:06,0006979B84,Unknown
2009-06-18 02:21:34,00068E3D73,Unknown
2009-06-18 02:22:10,00068E1C26,Unknown
2009-06-18 02:22:20,00068EAD8A,Unknown
2009-06-18 02:23:57,00068EAD8A,Unknown
2009-06-18 02:24:03,00068E3D73,Unknown
2009-06-18 02:29:13,0006979B84,Unknown
2009-06-18 02:29:32,00068E0F02,Unknown
2009-06-18 02:29:36,0006979BE8,Unknown
2009-06-18 02:29:56,000697A268,Unknown
2009-06-18 02:31:55,00068E0DE6,Unknown
2009-06-18 02:40:06,00065DD7F6,Unknown
2009-06-18 02:49:33,00065D81D3,Unknown
2009-06-18 02:50:32,00065DD7F6,Unknown
2009-06-18 02:50:56,00065DD7F6,Unknown
2009-06-18 02:52:31,00065DD7F6,Unknown
2009-06-18 02:53:35,00068E1C26,Unknown
2009-06-18 02:55:09,00065DD7F6,Unknown
2009-06-18 02:55:24,00065D81D3,Unknown
2009-06-18 02:55:35,00065D81D3,Unknown
2009-06-18 02:55:49,00065EB6E2,Unknown
2009-06-18 02:55:59,00060F66F2,Unknown
2009-06-18 02:57:07,0006979BE8,Unknown
2009-06-18 02:57:21,0006979BE8,Unknown
2009-06-18 03:01:28,00065D81D3,Unknown
2009-06-18 03:02:24,0006979BE8,Unknown
2009-06-18 03:03:18,00065D81D3,Unknown
2009-06-18 03:04:07,00065D81D3,Unknown
2009-06-18 03:04:15,0006979BE8,Unknown
2009-06-18 03:21:46,00068E17E7,Unknown
2009-06-18 03:21:58,00068E17E7,Unknown
2009-06-18 03:22:36,00065D7D8B,Unknown
2009-06-18 03:25:56,00060FA7EA,Unknown
2009-06-18 03:41:57,00068E1C26,Unknown
2009-06-18 03:47:21,0006979B84,Unknown
2009-06-18 03:51:06,0006979B84,Unknown
2009-06-18 03:57:50,00068EAD8A,Unknown
2009-06-18 03:59:18,00068EAD8A,Unknown
2009-06-18 04:01:31,00065D7D8B,Unknown
2009-06-18 04:21:45,00068E1C26,Unknown
2009-06-18 04:26:08,00068E35E1,Unknown
2009-06-18 04:27:46,00060F66F2,Unknown
2009-06-18 04:31:11,00068E0DE6,Unknown
2009-06-18 04:33:37,00061D27AC,Unknown
2009-06-18 04:37:13,00061013E4,Unknown
2009-06-18 04:37:18,000697A268,Unknown
2009-06-18 04:37:47,00068E1F71,Unknown
2009-06-18 04:38:02,0006979ABE,Unknown
2009-06-18 04:39:21,00068E0F02,Unknown
2009-06-18 04:45:08,0006979B84,Unknown
2009-06-18 04:45:58,00065D7D8B,Unknown
2009-06-18 04:51:47,00068E1C26,Unknown
2009-06-18 08:30:25,00065E632D,Unknown
2009-06-18 09:20:48,00065E632D,Unknown
2009-06-18 09:36:10,00065E632D,Unknown
2009-06-18 09:49:56,8E602D0D0F,Unknown
2009-06-18 10:47:45,8E602D0D0F,Unknown
2009-06-18 18:55:13,8E602D0D0F,Unknown
2009-06-18 18:55:20,00065E632D,Unknown
2009-06-18 19:00:19,8E602D0D0F,Unknown
2009-06-18 19:18:28,8E602D0D0F,Unknown
2009-06-18 19:18:39,00065E632D,Unknown
2009-06-18 19:20:12,00068E3862,Unknown
2009-06-18 19:41:31,8E602D0D0F,Unknown
2009-06-18 19:41:35,00065E632D,Unknown
2009-06-18 20:04:36,0006160637,Unknown
2009-06-18 20:49:42,0006160637,Unknown
2009-06-18 20:51:45,0006160637,Unknown
2009-06-18 21:35:48,0006444F30,Unknown
2009-06-18 21:35:59,0006444F30,Unknown
2009-06-18 21:39:45,00060FA7EA,Unknown
2009-06-18 21:40:15,00060FA7EA,Unknown
2009-06-18 21:42:52,0006160637,Unknown
2009-06-18 21:44:21,0006979C67,Unknown
2009-06-18 21:44:46,00065D9BC6,Unknown
2009-06-18 21:44:58,00065D9BC6,Unknown
2009-06-18 21:45:09,00065D9BC6,Unknown
2009-06-18 21:45:56,000697BE7E,Unknown
2009-06-18 21:46:13,000697BE7E,Unknown
2009-06-18 21:47:46,0006444F30,Unknown
2009-06-18 21:48:23,00068E0587,Unknown
2009-06-18 21:50:48,0005FE0832,Unknown
2009-06-18 21:51:59,00068E3D57,Unknown
2009-06-18 21:52:05,00060D7AE7,Unknown
2009-06-18 21:52:48,0006979ABE,Unknown
2009-06-18 21:52:56,00065EB6E2,Unknown
2009-06-18 21:53:36,00068E2063,Unknown
2009-06-18 21:53:45,000697A268,Unknown
2009-06-18 21:54:19,00068E1C26,Unknown
2009-06-18 21:54:21,00065D7D8B,Unknown
2009-06-18 21:54:41,00068E1A38,Unknown
2009-06-18 21:54:51,0006979B84,Unknown
2009-06-18 21:54:59,00068E0F02,Unknown
2009-06-18 21:55:39,00061013E4,Unknown
2009-06-18 21:55:44,0006979B84,Unknown
2009-06-18 21:55:50,00068E35E1,Unknown
2009-06-18 21:56:00,0006444F30,Unknown
2009-06-18 21:56:47,00068E3862,Unknown
2009-06-18 21:57:10,0006979D37,Unknown
2009-06-18 21:57:38,00068E1F71,Unknown
2009-06-18 21:57:53,00060F66F2,Unknown
2009-06-18 22:00:58,00061D3DC5,Unknown
2009-06-18 22:03:00,00068E0DE6,Unknown
2009-06-18 22:04:16,00061D27AC,Unknown
2009-06-18 22:10:19,0006444F30,Unknown
2009-06-18 22:18:32,00068E35E1,Unknown
2009-06-18 22:20:14,00068E0587,Unknown
2009-06-18 22:26:07,0006444F30,Unknown
2009-06-18 22:33:00,00068E35E1,Unknown
2009-06-18 22:35:09,00068E0587,Unknown
2009-06-18 22:37:29,00068E2063,Unknown
2009-06-18 22:38:41,0006444F30,Unknown
2009-06-18 22:40:31,00068E2063,Unknown
2009-06-18 22:43:31,00068E2063,Unknown
2009-06-18 22:45:06,00060FA7EA,Unknown
2009-06-18 22:53:33,0006444F30,Unknown
2009-06-18 22:55:54,0006979C67,Unknown
2009-06-18 22:56:31,00068E0F02,Unknown
2009-06-18 22:59:29,00068E35E1,Unknown
2009-06-18 22:59:40,00068E0F02,Unknown
2009-06-18 23:01:06,00068E35E1,Unknown
2009-06-18 23:02:49,00068E3862,Unknown
2009-06-18 23:04:56,00068E1C26,Unknown
2009-06-18 23:06:22,00065D9BC6,Unknown
2009-06-18 23:08:01,00068E1C26,Unknown
2009-06-18 23:10:59,00060FA7EA,Unknown
2009-06-18 23:11:25,00068E3D57,Unknown
2009-06-18 23:11:31,00060FA7EA,Unknown
2009-06-18 23:15:57,00068E3862,Unknown
2009-06-18 23:16:29,00068E3862,Unknown
2009-06-18 23:16:50,00068E3862,Unknown
2009-06-18 23:17:17,0006979C67,Unknown
2009-06-18 23:19:13,00060FA7EA,Unknown
2009-06-18 23:21:05,00065D9BC6,Unknown
2009-06-18 23:25:28,00068E3D57,Unknown
2009-06-18 23:25:34,00068E0F02,Unknown
2009-06-18 23:26:05,00068E0F02,Unknown
2009-06-18 23:31:38,00068E3862,Unknown
2009-06-18 23:31:44,00060F66F2,Unknown
2009-06-18 23:33:19,00060F66F2,Unknown
2009-06-18 23:33:54,00060F66F2,Unknown
2009-06-18 23:35:17,00060F66F2,Unknown
2009-06-18 23:35:28,00060F66F2,Unknown
2009-06-18 23:36:04,0006444F30,Unknown
2009-06-18 23:36:32,0006979C67,Unknown
2009-06-18 23:42:03,00068E3862,Unknown
2009-06-18 23:42:24,00065D9BC6,Unknown
2009-06-18 23:43:17,0006979C67,Unknown
2009-06-18 23:48:06,0006160637,Unknown
2009-06-18 23:52:36,00065EB6E2,Unknown
2009-06-18 23:52:49,000697BE7E,Unknown
2009-06-18 23:54:10,00065D9BC6,Unknown
2009-06-18 23:56:24,000697A268,Unknown
2009-06-18 23:56:42,000697A268,Unknown
2009-06-18 23:58:00,000697A268,Unknown
2009-06-19 00:00:20,00068E0DE6,Unknown
2009-06-19 00:00:56,000697A268,Unknown
2009-06-19 00:01:29,0006444F30,Unknown
2009-06-19 00:03:57,0006160637,Unknown
2009-06-19 00:04:00,000697BE7E,Unknown
2009-06-19 00:04:12,000697BE7E,Unknown
2009-06-19 00:06:33,00060D7AE7,Unknown
2009-06-19 00:08:34,00068E0DE6,Unknown
2009-06-19 00:09:58,0005FE0832,Unknown
2009-06-19 00:10:24,000697BE7E,Unknown
2009-06-19 00:10:49,00068E2063,Unknown
2009-06-19 00:14:32,0005FE0832,Unknown
2009-06-19 00:18:14,0005FE0832,Unknown
2009-06-19 00:20:54,0005FE0832,Unknown
2009-06-19 00:21:17,0005FE0832,Unknown
2009-06-19 00:21:58,0005FE0832,Unknown
2009-06-19 00:26:21,00068E3862,Unknown
2009-06-19 00:26:24,00068E2063,Unknown
2009-06-19 00:31:02,000697BE7E,Unknown
2009-06-19 00:38:04,00065EB6E2,Unknown
2009-06-19 00:41:15,00060D7AE7,Unknown
2009-06-19 00:42:52,00060D7AE7,Unknown
2009-06-19 00:44:13,0005FE0832,Unknown
2009-06-19 00:44:26,00068E3862,Unknown
2009-06-19 00:52:51,00060D7AE7,Unknown
2009-06-19 01:03:57,0006979C67,Unknown
2009-06-19 01:04:20,0006444F30,Unknown
2009-06-19 01:04:28,00068E0587,Unknown
2009-06-19 01:05:19,0006160637,Unknown
2009-06-19 01:05:29,00060FA7EA,Unknown
2009-06-19 01:06:20,0005FE0832,Unknown
2009-06-19 01:08:21,00068E3D57,Unknown
2009-06-19 01:08:31,00068E0587,Unknown
2009-06-19 01:11:15,00068E0587,Unknown
2009-06-19 01:12:04,0006160637,Unknown
2009-06-19 01:16:13,0006160637,Unknown
2009-06-19 01:17:49,00060FA7EA,Unknown
2009-06-19 01:18:03,0006444F30,Unknown
2009-06-19 01:22:20,000697BE7E,Unknown
2009-06-19 01:22:51,00068E3D57,Unknown
2009-06-19 01:24:28,0005FE0832,Unknown
2009-06-19 01:26:39,0006979C67,Unknown
2009-06-19 01:33:43,0006160637,Unknown
2009-06-19 01:36:04,00065EB6E2,Unknown
2009-06-19 01:37:52,00068E0587,Unknown
2009-06-19 01:38:04,00065EB6E2,Unknown
2009-06-19 01:39:05,00065D9BC6,Unknown
2009-06-19 01:39:09,00065EB6E2,Unknown
2009-06-19 01:42:26,0006444F30,Unknown
2009-06-19 01:42:41,000697A268,Unknown
2009-06-19 01:45:20,000697A268,Unknown
2009-06-19 01:45:44,000697A268,Unknown
2009-06-19 01:46:09,00065EB6E2,Unknown
2009-06-19 01:48:34,00065D9BC6,Unknown
2009-06-19 01:49:20,00068E0587,Unknown
2009-06-19 01:49:34,00068E0587,Unknown
2009-06-19 01:50:39,00068E0587,Unknown
2009-06-19 01:51:07,000697BE7E,Unknown
2009-06-19 01:54:45,00068E0587,Unknown
2009-06-19 01:56:08,00068E0587,Unknown
2009-06-19 01:59:30,00068E0587,Unknown
2009-06-19 02:00:53,00068E0587,Unknown
2009-06-19 02:01:04,00068E0587,Unknown
2009-06-19 02:01:55,00068E0587,Unknown
2009-06-19 02:03:08,00068E0587,Unknown
2009-06-19 02:14:11,00065EB6E2,Unknown
2009-06-19 02:17:39,00068E3862,Unknown
2009-06-19 02:18:22,0006444F30,Unknown
2009-06-19 02:18:33,00068E2063,Unknown
2009-06-19 02:19:55,00065D9BC6,Unknown
2009-06-19 02:22:43,00068E3D57,Unknown
2009-06-19 02:22:59,00065D9BC6,Unknown
2009-06-19 02:24:48,0006979C67,Unknown
2009-06-19 02:25:30,00065D9BC6,Unknown
2009-06-19 02:29:05,00065D9BC6,Unknown
2009-06-19 02:31:27,00060D7AE7,Unknown
2009-06-19 02:33:13,00068E3862,Unknown
2009-06-19 02:34:49,00065EB6E2,Unknown
2009-06-19 02:37:29,00065D9BC6,Unknown
2009-06-19 02:40:02,00065D9BC6,Unknown
2009-06-19 02:40:50,00065D9BC6,Unknown
2009-06-19 02:41:00,00068E3D57,Unknown
2009-06-19 02:41:46,00068E2063,Unknown
2009-06-19 02:42:43,00068E3D57,Unknown
2009-06-19 02:43:07,0006444F30,Unknown
2009-06-19 02:46:08,0006979C67,Unknown
2009-06-19 02:48:08,00068E0587,Unknown
2009-06-19 02:49:29,0005FE0832,Unknown
2009-06-19 02:53:12,00068E3D57,Unknown
2009-06-19 02:54:18,00060D7AE7,Unknown
2009-06-19 02:55:17,00065D9BC6,Unknown
2009-06-19 02:56:06,00060D7AE7,Unknown
2009-06-19 03:04:44,0006160637,Unknown
2009-06-19 03:08:41,0005FE0832,Unknown
2009-06-19 03:08:44,00068E0587,Unknown
2009-06-19 03:10:43,00060D7AE7,Unknown
2009-06-19 03:11:58,00060FA7EA,Unknown
2009-06-19 03:14:35,00068E3862,Unknown
2009-06-19 03:22:06,00068E3862,Unknown
2009-06-19 03:25:47,0006444F30,Unknown
2009-06-19 03:32:31,00060FA7EA,Unknown
2009-06-19 03:39:29,000697BE7E,Unknown
2009-06-19 03:43:29,00068E3862,Unknown
2009-06-19 03:47:41,0006444F30,Unknown
2009-06-19 03:52:52,0006160637,Unknown
2009-06-19 03:53:47,000697BE7E,Unknown
2009-06-19 04:07:38,00068E0587,Unknown
2009-06-19 04:11:34,00068E0587,Unknown
2009-06-19 04:16:02,00068E0587,Unknown
2009-06-19 04:18:07,00068E2063,Unknown
2009-06-19 04:19:29,00068E0587,Unknown
2009-06-19 04:19:32,00068E2063,Unknown
2009-06-19 04:30:36,0005FE0832,Unknown
2009-06-19 04:30:57,0006444F30,Unknown
2009-06-19 04:31:20,00061D3DC5,Unknown
2009-06-19 04:32:07,00065EB6E2,Unknown
2009-06-19 04:39:06,00068E3D57,Unknown
2009-06-19 04:40:29,0005FE0832,Unknown
2009-06-19 04:41:04,00060D7AE7,Unknown
2009-06-19 04:42:28,0005FE0832,Unknown
2009-06-19 04:44:51,0005FE0832,Unknown
2009-06-19 04:45:03,0005FE0832,Unknown
2009-06-19 04:45:40,00068E35E1,Unknown
2009-06-19 04:46:24,00060F66F2,Unknown
2009-06-19 04:46:55,00061013E4,Unknown
2009-06-19 04:47:10,00068E1A38,Unknown
2009-06-19 04:47:13,000697A268,Unknown
2009-06-19 04:47:37,0006979D37,Unknown
2009-06-19 04:48:03,00060F66F2,Unknown
2009-06-19 04:48:15,000697A268,Unknown
2009-06-19 04:51:25,00061D27AC,Unknown
2009-06-19 04:51:37,00061D27AC,Unknown
2009-06-19 04:51:48,00061D27AC,Unknown
2009-06-19 04:52:08,0006979B84,Unknown
2009-06-19 04:53:11,0006979C67,Unknown
2009-06-19 04:53:16,00061D27AC,Unknown
2009-06-19 04:53:27,000697BE7E,Unknown
2009-06-19 04:54:00,00068E0F02,Unknown
2009-06-19 04:55:08,0006160637,Unknown
2009-06-19 04:55:18,00068E0587,Unknown
2009-06-19 04:55:19,00068E2063,Unknown
2009-06-19 04:55:30,00065D9BC6,Unknown
2009-06-19 04:55:31,00060F66F2,Unknown
2009-06-19 04:55:41,00060FA7EA,Unknown
2009-06-19 04:55:49,000697A268,Unknown
2009-06-19 04:55:51,00068E3862,Unknown
2009-06-19 04:56:18,00068E1C26,Unknown
2009-06-19 04:58:17,00068E1F71,Unknown
2009-06-19 05:00:06,00068E0DE6,Unknown
2009-06-19 05:00:07,00068E3862,Unknown
2009-06-19 05:00:54,00068E1C26,Unknown
2009-06-19 05:01:32,00068E0DE6,Unknown
2009-06-19 05:02:30,0006979ABE,Unknown
2009-06-19 05:02:31,00068E1C26,Unknown
2009-06-19 05:05:14,00068E1C26,Unknown
2009-06-19 05:05:28,00068E1C26,Unknown
2009-06-19 05:05:39,00068E1C26,Unknown
2009-06-19 05:06:06,00068E1C26,Unknown
2009-06-19 05:08:44,00068E0DE6,Unknown
2009-06-19 05:10:16,00068E1C26,Unknown
2009-06-19 05:10:25,00068E0DE6,Unknown
2009-06-19 05:19:24,0006444F30,Unknown
2009-06-19 05:19:40,00068E0DE6,Unknown
2009-06-19 09:08:45,00065E632D,Unknown
2009-06-19 09:58:08,00065E632D,Unknown
2009-06-19 10:15:46,00065E632D,Unknown
2009-06-19 10:45:07,8E602D0D0F,Unknown
2009-06-19 11:08:49,8E602D0D0F,Unknown
2009-06-19 11:23:34,8E602D0D0F,Unknown
2009-06-19 18:07:38,8E602D0D0F,Unknown
2009-06-19 18:07:56,00065E632D,Unknown
2009-06-19 18:21:44,8E602D0D0F,Unknown
2009-06-19 18:22:25,8E602D0D0F,Unknown
2009-06-19 18:22:45,00065E632D,Unknown
2009-06-19 19:04:08,8E602D0D0F,Unknown
2009-06-19 19:04:30,00065E632D,Unknown
2009-06-19 21:41:27,00060FA7EA,Unknown
2009-06-19 21:41:39,00060FA7EA,Unknown
2009-06-19 21:41:47,00061D3DC5,Unknown
2009-06-19 21:41:48,00068E2063,Unknown
2009-06-19 21:42:12,0006979C67,Unknown
2009-06-19 21:42:45,000697BE7E,Unknown
2009-06-19 21:42:54,0006160637,Unknown
2009-06-19 21:43:16,0006979ABE,Unknown
2009-06-19 21:43:20,0006979D37,Unknown
2009-06-19 21:43:30,0006979ABE,Unknown
2009-06-19 21:43:33,00068E1F71,Unknown
2009-06-19 21:45:15,0005FE0832,Unknown
2009-06-19 21:45:30,00065D9BC6,Unknown
2009-06-19 21:46:25,00068E1A38,Unknown
2009-06-19 21:47:14,00068E1C26,Unknown
2009-06-19 21:47:18,00068E0F02,Unknown
2009-06-19 21:47:27,00068E3D57,Unknown
2009-06-19 21:47:37,0006444F30,Unknown
2009-06-19 21:48:51,00068EAD8A,Unknown
2009-06-19 21:48:55,00068E1FDB,Unknown
2009-06-19 21:49:10,00060D7AE7,Unknown
2009-06-19 21:49:19,00068E3862,Unknown
2009-06-19 21:50:06,00068E0587,Unknown
2009-06-19 21:50:09,00060F66F2,Unknown
2009-06-19 21:50:21,0006979BE8,Unknown
2009-06-19 21:50:27,00068E3D73,Unknown
2009-06-19 21:50:56,00068E17E7,Unknown
2009-06-19 21:51:04,00065D81D3,Unknown
2009-06-19 21:51:20,0006979B84,Unknown
2009-06-19 21:51:25,00065DD7F6,Unknown
2009-06-19 21:51:37,0006979B84,Unknown
2009-06-19 21:53:12,000697A268,Unknown
2009-06-19 21:56:05,00068E35E1,Unknown
2009-06-19 21:56:17,00061D27AC,Unknown
2009-06-19 21:56:42,00061013E4,Unknown
2009-06-19 21:56:57,00065D7D8B,Unknown
2009-06-19 21:58:18,00065EB6E2,Unknown
2009-06-19 22:00:05,000697B0DE,Unknown
2009-06-19 22:04:26,00068E0DE6,Unknown
2009-06-19 22:05:20,00068E17E7,Unknown
2009-06-19 22:16:30,0006444F30,Unknown
2009-06-19 22:16:38,0006979C67,Unknown
2009-06-19 22:17:40,0006979C67,Unknown
2009-06-19 22:21:20,00068E35E1,Unknown
2009-06-19 22:21:34,00068E35E1,Unknown
2009-06-19 22:22:53,0006444F30,Unknown
2009-06-19 22:22:57,00068E35E1,Unknown
2009-06-19 22:24:10,00068E35E1,Unknown
2009-06-19 22:24:22,00068E35E1,Unknown
2009-06-19 22:24:45,00068E17E7,Unknown
2009-06-19 22:26:09,00068E17E7,Unknown
2009-06-19 22:26:32,00068E0F02,Unknown
2009-06-19 22:27:52,00068E17E7,Unknown
2009-06-19 22:28:22,00068E17E7,Unknown
2009-06-19 22:29:15,00068E17E7,Unknown
2009-06-19 22:31:04,000697BE7E,Unknown
2009-06-19 22:31:21,00068E2063,Unknown
2009-06-19 22:33:37,00068E1C26,Unknown
2009-06-19 22:33:39,00068E17E7,Unknown
2009-06-19 22:34:35,00068E2063,Unknown
2009-06-19 22:35:09,00068E0F02,Unknown
2009-06-19 22:35:15,00068E1C26,Unknown
2009-06-19 22:36:05,00065D9BC6,Unknown
2009-06-19 22:36:23,00068E0F02,Unknown
2009-06-19 22:43:06,00068E0F02,Unknown
2009-06-19 22:43:53,0006979C67,Unknown
2009-06-19 22:45:17,00068E17E7,Unknown
2009-06-19 22:46:36,000697B0DE,Unknown
2009-06-19 22:49:43,000697BE7E,Unknown
2009-06-19 22:50:15,00060F66F2,Unknown
2009-06-19 22:50:39,0006979C67,Unknown
2009-06-19 22:52:13,0006444F30,Unknown
2009-06-19 22:52:20,00068E35E1,Unknown
2009-06-19 22:52:22,00065D9BC6,Unknown
2009-06-19 22:53:25,0006979C67,Unknown
2009-06-19 22:54:25,00060F66F2,Unknown
2009-06-19 22:55:07,0006979C67,Unknown
2009-06-19 22:58:13,00068E3862,Unknown
2009-06-19 23:01:25,000697A268,Unknown
2009-06-19 23:02:34,0006979C67,Unknown
2009-06-19 23:03:31,0006979C67,Unknown
2009-06-19 23:03:38,00068E35E1,Unknown
2009-06-19 23:04:22,00068E3862,Unknown
2009-06-19 23:06:08,00068E2063,Unknown
2009-06-19 23:07:40,00068E2063,Unknown
2009-06-19 23:08:33,0006444F30,Unknown
2009-06-19 23:10:21,00060FA7EA,Unknown
2009-06-19 23:11:46,000697A268,Unknown
2009-06-19 23:14:47,000697B0DE,Unknown
2009-06-19 23:15:54,00068E3862,Unknown
2009-06-19 23:18:48,00068E3862,Unknown
2009-06-19 23:19:36,00060FA7EA,Unknown
2009-06-19 23:19:36,00068E35E1,Unknown
2009-06-19 23:20:01,00068E35E1,Unknown
2009-06-19 23:23:22,00068E17E7,Unknown
2009-06-19 23:26:13,00068E3D73,Unknown
2009-06-19 23:29:19,00065D7D8B,Unknown
2009-06-19 23:29:35,00065D81D3,Unknown
2009-06-19 23:33:27,0006979BE8,Unknown
2009-06-19 23:34:03,00060F66F2,Unknown
2009-06-19 23:37:19,00060F66F2,Unknown
2009-06-19 23:37:50,00065DD7F6,Unknown
2009-06-19 23:37:55,0006979C67,Unknown
2009-06-19 23:43:52,0006444F30,Unknown
2009-06-19 23:44:28,00065D81D3,Unknown
2009-06-19 23:45:24,00065DD7F6,Unknown
2009-06-19 23:48:22,0006979C67,Unknown
2009-06-19 23:49:41,0006979C67,Unknown
2009-06-19 23:50:02,0006979BE8,Unknown
2009-06-19 23:51:08,00068E3D57,Unknown
2009-06-19 23:51:54,00065DD7F6,Unknown
2009-06-19 23:52:25,00068E0F02,Unknown
2009-06-19 23:53:22,00068E3D73,Unknown
2009-06-19 23:53:33,00065EB6E2,Unknown
2009-06-19 23:56:29,00068E3D73,Unknown
2009-06-19 23:56:48,0006160637,Unknown
2009-06-19 23:58:58,0006979C67,Unknown
2009-06-20 00:00:37,00065DD7F6,Unknown
2009-06-20 00:00:45,00068E1C26,Unknown
2009-06-20 00:01:33,0006444F30,Unknown
2009-06-20 00:01:44,00068E3D57,Unknown
2009-06-20 00:01:51,00068E17E7,Unknown
2009-06-20 00:03:39,0005FE0832,Unknown
2009-06-20 00:04:22,00065D7D8B,Unknown
2009-06-20 00:04:35,00060FA7EA,Unknown
2009-06-20 00:04:47,00068E3D73,Unknown
2009-06-20 00:08:13,00068E0F02,Unknown
2009-06-20 00:09:48,00068E1C26,Unknown
2009-06-20 00:25:07,00060FA7EA,Unknown
2009-06-20 00:26:45,000697A268,Unknown
2009-06-20 00:26:50,00068E2063,Unknown
2009-06-20 00:26:55,00061D3DC5,Unknown
2009-06-20 00:27:44,00068E0587,Unknown
2009-06-20 00:30:07,000697A268,Unknown
2009-06-20 00:34:26,00068EAD8A,Unknown
2009-06-20 00:34:39,00068EAD8A,Unknown
2009-06-20 00:34:51,00060F66F2,Unknown
2009-06-20 00:35:01,00068EAD8A,Unknown
2009-06-20 00:35:18,00060F66F2,Unknown
2009-06-20 00:36:46,00060D7AE7,Unknown
2009-06-20 00:38:12,00068E35E1,Unknown
2009-06-20 00:39:01,00068EAD8A,Unknown
2009-06-20 00:42:43,00061D27AC,Unknown
2009-06-20 00:45:01,00068EAD8A,Unknown
2009-06-20 00:45:56,00068E2063,Unknown
2009-06-20 00:46:15,0006160637,Unknown
2009-06-20 00:47:29,0005FE0832,Unknown
2009-06-20 00:49:47,00061D3DC5,Unknown
2009-06-20 00:51:42,000697B0DE,Unknown
2009-06-20 00:51:53,00068E0F02,Unknown
2009-06-20 00:52:41,00068EAD8A,Unknown
2009-06-20 00:55:17,00068E2063,Unknown
2009-06-20 00:56:49,00065EB6E2,Unknown
2009-06-20 00:57:03,00065EB6E2,Unknown
2009-06-20 00:57:04,00068E0587,Unknown
2009-06-20 00:57:50,00068E2063,Unknown
2009-06-20 01:01:30,00068E0F02,Unknown
2009-06-20 01:02:39,00061D27AC,Unknown
2009-06-20 01:05:37,0005FE0832,Unknown
2009-06-20 01:05:54,00068E2063,Unknown
2009-06-20 01:06:19,00060D7AE7,Unknown
2009-06-20 01:06:52,00065D7D8B,Unknown
2009-06-20 01:07:36,0005FE0832,Unknown
2009-06-20 01:07:59,00068E2063,Unknown
2009-06-20 01:12:08,00068E0DE6,Unknown
2009-06-20 01:12:16,0006160637,Unknown
2009-06-20 01:13:03,00068E0587,Unknown
2009-06-20 01:13:54,0006160637,Unknown
2009-06-20 01:13:59,00068E0587,Unknown
2009-06-20 01:14:11,00068E0587,Unknown
2009-06-20 01:14:37,0006444F30,Unknown
2009-06-20 01:14:58,00060D7AE7,Unknown
2009-06-20 01:15:45,00068E35E1,Unknown
2009-06-20 01:17:05,00060D7AE7,Unknown
2009-06-20 01:17:06,00068E3D73,Unknown
2009-06-20 01:18:19,00068E0F02,Unknown
2009-06-20 01:19:17,00068E0587,Unknown
2009-06-20 01:19:18,00068E17E7,Unknown
2009-06-20 01:19:35,0006160637,Unknown
2009-06-20 01:19:49,00065D81D3,Unknown
2009-06-20 01:20:32,00068E0F02,Unknown
2009-06-20 01:20:42,0006160637,Unknown
2009-06-20 01:21:09,0006160637,Unknown
2009-06-20 01:21:34,00068E17E7,Unknown
2009-06-20 01:22:05,00065D9BC6,Unknown
2009-06-20 01:24:22,00068E3D57,Unknown
2009-06-20 01:24:34,00068E17E7,Unknown
2009-06-20 01:24:50,00065D9BC6,Unknown
2009-06-20 01:25:07,00065D9BC6,Unknown
2009-06-20 01:25:08,00068E35E1,Unknown
2009-06-20 01:25:18,00065D9BC6,Unknown
2009-06-20 01:27:28,00065DD7F6,Unknown
2009-06-20 01:29:41,000697B0DE,Unknown
2009-06-20 01:33:10,00068E0DE6,Unknown
2009-06-20 01:34:02,0006444F30,Unknown
2009-06-20 01:35:08,00068E3D57,Unknown
2009-06-20 01:35:54,00068E35E1,Unknown
2009-06-20 01:42:10,00065D81D3,Unknown
2009-06-20 01:44:01,00065D7D8B,Unknown
2009-06-20 01:44:21,00068E3D57,Unknown
2009-06-20 01:44:37,000697BE7E,Unknown
2009-06-20 01:46:07,00068E3D57,Unknown
2009-06-20 01:46:30,00068E3D57,Unknown
2009-06-20 01:47:44,000697BE7E,Unknown
2009-06-20 01:48:19,000697BE7E,Unknown
2009-06-20 01:54:53,0006979C67,Unknown
2009-06-20 01:55:15,00068E17E7,Unknown
2009-06-20 01:59:22,00068E3D73,Unknown
2009-06-20 02:00:18,00060FA7EA,Unknown
2009-06-20 02:01:18,0006979C67,Unknown
2009-06-20 02:01:49,0006979C67,Unknown
2009-06-20 02:01:59,00068E3D73,Unknown
2009-06-20 02:02:10,0006979C67,Unknown
2009-06-20 02:02:17,00060FA7EA,Unknown
2009-06-20 02:09:07,0006979BE8,Unknown
2009-06-20 02:14:16,00068E3862,Unknown
2009-06-20 02:17:02,00068E0DE6,Unknown
2009-06-20 02:17:15,00068E0DE6,Unknown
2009-06-20 02:18:32,00068E3862,Unknown
2009-06-20 02:21:05,00068E0DE6,Unknown
2009-06-20 02:21:14,00068E0F02,Unknown
2009-06-20 02:21:41,00065DD7F6,Unknown
2009-06-20 02:22:50,00068E0F02,Unknown
2009-06-20 02:23:10,00068E0F02,Unknown
2009-06-20 02:23:26,00068E0F02,Unknown
2009-06-20 02:25:22,00068E0DE6,Unknown
2009-06-20 02:25:38,0006979BE8,Unknown
2009-06-20 02:26:21,00068E0DE6,Unknown
2009-06-20 02:26:41,00068E0DE6,Unknown
2009-06-20 02:26:52,00068E0DE6,Unknown
2009-06-20 02:27:42,00068E0DE6,Unknown
2009-06-20 02:27:55,00065D81D3,Unknown
2009-06-20 02:28:01,00068E0DE6,Unknown
2009-06-20 02:28:07,00068E3D73,Unknown
2009-06-20 02:28:15,00068E0DE6,Unknown
2009-06-20 02:28:32,00068E0DE6,Unknown
2009-06-20 02:28:42,00061D27AC,Unknown
2009-06-20 02:28:47,00068E0DE6,Unknown
2009-06-20 02:28:53,00061D27AC,Unknown
2009-06-20 02:28:59,00068E0DE6,Unknown
2009-06-20 02:29:04,00061D27AC,Unknown
2009-06-20 02:29:19,00068E0DE6,Unknown
2009-06-20 02:29:21,00061D27AC,Unknown
2009-06-20 02:32:06,00061D27AC,Unknown
2009-06-20 02:33:40,00068E0DE6,Unknown
2009-06-20 02:35:25,000697B0DE,Unknown
2009-06-20 02:41:11,00068E17E7,Unknown
2009-06-20 02:45:26,00065D81D3,Unknown
2009-06-20 02:49:44,00068E2063,Unknown
2009-06-20 02:51:21,00068E2063,Unknown
2009-06-20 02:52:01,00068E2063,Unknown
2009-06-20 02:52:20,00068E35E1,Unknown
2009-06-20 02:54:40,0005FE0832,Unknown
2009-06-20 02:55:04,0005FE0832,Unknown
2009-06-20 02:55:17,0005FE0832,Unknown
2009-06-20 02:55:32,0005FE0832,Unknown
2009-06-20 02:55:45,0005FE0832,Unknown
2009-06-20 02:55:57,0005FE0832,Unknown
2009-06-20 02:55:58,00068E3D57,Unknown
2009-06-20 02:56:18,0005FE0832,Unknown
2009-06-20 02:56:25,000697B0DE,Unknown
2009-06-20 02:57:38,00068E3D57,Unknown
2009-06-20 03:04:54,00068E3D57,Unknown
2009-06-20 03:05:27,00065D9BC6,Unknown
2009-06-20 03:05:56,00065D9BC6,Unknown
2009-06-20 03:07:23,00068EAD8A,Unknown
2009-06-20 03:09:08,00065D9BC6,Unknown
2009-06-20 03:09:29,0006979B84,Unknown
2009-06-20 03:09:50,00065D9BC6,Unknown
2009-06-20 03:10:20,00068E17E7,Unknown
2009-06-20 03:10:34,0006979B84,Unknown
2009-06-20 03:13:27,0005FE0832,Unknown
2009-06-20 03:13:32,00065D9BC6,Unknown
2009-06-20 03:14:04,00065D9BC6,Unknown
2009-06-20 03:14:54,00068E35E1,Unknown
2009-06-20 03:15:11,00068E3D57,Unknown
2009-06-20 03:16:01,00068EAD8A,Unknown
2009-06-20 03:18:27,00068E35E1,Unknown
2009-06-20 03:21:39,00065D9BC6,Unknown
2009-06-20 03:22:20,00065D9BC6,Unknown
2009-06-20 03:24:53,00068E3D57,Unknown
2009-06-20 03:26:22,00068E3D57,Unknown
2009-06-20 03:28:59,0005FE0832,Unknown
2009-06-20 03:36:01,00068E35E1,Unknown
2009-06-20 03:40:20,0005FE0832,Unknown
2009-06-20 03:41:06,0005FE0832,Unknown
2009-06-20 04:26:51,00065D7D8B,Unknown
2009-06-20 04:29:23,00068E3D73,Unknown
2009-06-20 04:32:21,00061013E4,Unknown
2009-06-20 04:35:28,0006979BE8,Unknown
2009-06-20 04:36:54,00065DD7F6,Unknown
2009-06-20 04:41:27,000697B0DE,Unknown
2009-06-20 04:42:08,00068EAD8A,Unknown
2009-06-20 04:42:19,0006979B84,Unknown
2009-06-20 04:43:23,00068E1FDB,Unknown
2009-06-20 04:43:46,00060F66F2,Unknown
2009-06-20 04:44:03,00068E17E7,Unknown
2009-06-20 04:44:26,0006979ABE,Unknown
2009-06-20 04:44:33,00065D81D3,Unknown
2009-06-20 04:47:09,00068E35E1,Unknown
2009-06-20 04:50:19,00061D27AC,Unknown
2009-06-20 04:50:40,00061D27AC,Unknown
2009-06-20 04:50:45,000697A268,Unknown
2009-06-20 04:51:30,000697A268,Unknown
2009-06-20 05:02:44,00068E0F02,Unknown
2009-06-20 05:02:59,000697A268,Unknown
2009-06-20 05:03:07,00068E1F71,Unknown
2009-06-20 05:04:52,00068E1C26,Unknown
2009-06-20 05:06:34,000697A268,Unknown
2009-06-20 05:08:09,00068E0F02,Unknown
2009-06-20 05:08:33,00068E0F02,Unknown
2009-06-20 05:14:17,000697A268,Unknown
2009-06-20 05:16:50,00068E0F02,Unknown
2009-06-20 08:47:57,00065E632D,Unknown
2009-06-20 09:32:58,00065E632D,Unknown
2009-06-20 09:47:30,00065E632D,Unknown
2009-06-20 10:52:27,8E602D0D0F,Unknown
2009-06-20 11:17:54,8E602D0D0F,Unknown
2009-06-20 17:44:54,8E602D0D0F,Unknown
2009-06-20 17:45:16,00065E632D,Unknown
2009-06-20 17:52:57,8E602D0D0F,Unknown
2009-06-20 17:53:12,00065E632D,Unknown
2009-06-20 18:13:14,8E602D0D0F,Unknown
2009-06-20 18:13:29,00065E632D,Unknown
2009-06-20 18:31:26,00068E0F02,Unknown
2009-06-20 18:31:37,00068E0F02,Unknown
2009-06-20 18:32:00,00068E0F02,Unknown
2009-06-20 18:32:18,00068E0F02,Unknown
2009-06-20 21:26:39,00068E2063,Unknown
2009-06-20 21:27:50,00065D9BC6,Unknown
2009-06-20 21:28:01,00065D9BC6,Unknown
2009-06-20 21:28:14,00065D9BC6,Unknown
2009-06-20 21:28:29,00065D9BC6,Unknown
2009-06-20 21:28:45,00065D9BC6,Unknown
2009-06-20 21:30:49,00068E1C26,Unknown
2009-06-20 21:31:02,00068E2063,Unknown
2009-06-20 21:31:25,00065D9BC6,Unknown
2009-06-20 21:31:39,00065D9BC6,Unknown
2009-06-20 21:32:07,00065D9BC6,Unknown
2009-06-20 21:33:06,00068E0587,Unknown
2009-06-20 21:33:16,0006444F30,Unknown
2009-06-20 21:33:21,00068E3862,Unknown
2009-06-20 21:33:39,00068E0587,Unknown
2009-06-20 21:33:44,0006444F30,Unknown
2009-06-20 21:34:13,00068E0F02,Unknown
2009-06-20 21:34:27,00068E0F02,Unknown
2009-06-20 21:34:27,0006979ABE,Unknown
2009-06-20 21:34:45,0006979ABE,Unknown
2009-06-20 21:34:50,000697A268,Unknown
2009-06-20 21:35:41,00068E35E1,Unknown
2009-06-20 21:35:53,00068E35E1,Unknown
2009-06-20 21:38:14,00068E0F02,Unknown
2009-06-20 21:38:39,00068E0F02,Unknown
2009-06-20 21:38:43,0006979C67,Unknown
2009-06-20 21:39:04,000697BE7E,Unknown
2009-06-20 21:39:09,00068E0F02,Unknown
2009-06-20 21:39:19,000697BE7E,Unknown
2009-06-20 21:39:28,00068E0F02,Unknown
2009-06-20 21:39:42,00068E1F71,Unknown
2009-06-20 21:39:45,00060D7AE7,Unknown
2009-06-20 21:39:45,00068E1C26,Unknown
2009-06-20 21:40:02,00060D7AE7,Unknown
2009-06-20 21:40:07,00068E0587,Unknown
2009-06-20 21:40:15,00060D7AE7,Unknown
2009-06-20 21:40:29,0006160637,Unknown
2009-06-20 21:40:34,0006444F30,Unknown
2009-06-20 21:41:06,000697BE7E,Unknown
2009-06-20 21:41:09,00065EB6E2,Unknown
2009-06-20 21:41:17,00068E35E1,Unknown
2009-06-20 21:41:25,00065D9BC6,Unknown
2009-06-20 21:41:36,00065D9BC6,Unknown
2009-06-20 21:41:46,00060FA7EA,Unknown
2009-06-20 21:42:42,00060F66F2,Unknown
2009-06-20 21:43:05,0006979D37,Unknown
2009-06-20 21:43:30,00068E1A38,Unknown
2009-06-20 21:43:42,0005FE0832,Unknown
2009-06-20 21:43:45,00068E3D73,Unknown
2009-06-20 21:43:51,0006979D37,Unknown
2009-06-20 21:47:02,0006979B84,Unknown
2009-06-20 21:47:13,0006979B84,Unknown
2009-06-20 21:50:10,00068E3D57,Unknown
2009-06-20 21:50:50,00061D3DC5,Unknown
2009-06-20 21:51:33,00068E17E7,Unknown
2009-06-20 21:51:59,00065D81D3,Unknown
2009-06-20 21:52:22,00068EAD8A,Unknown
2009-06-20 21:53:00,00065DD7F6,Unknown
2009-06-20 21:54:45,0006979BE8,Unknown
2009-06-20 21:56:54,00061013E4,Unknown
2009-06-20 21:57:09,00061D27AC,Unknown
2009-06-20 21:58:36,000697B0DE,Unknown
2009-06-20 21:58:39,00068E1FDB,Unknown
2009-06-20 21:58:54,00068E1FDB,Unknown
2009-06-20 21:59:08,00068E1FDB,Unknown
2009-06-20 22:02:23,00068E0DE6,Unknown
2009-06-20 22:07:07,00065D7D8B,Unknown
2009-06-20 22:12:12,00068E0DE6,Unknown
2009-06-20 22:13:30,00068E0DE6,Unknown
2009-06-20 22:16:36,00068E0DE6,Unknown
2009-06-20 22:17:30,00068E0DE6,Unknown
2009-06-20 22:18:26,00068E0DE6,Unknown
2009-06-20 22:22:21,000697A268,Unknown
2009-06-20 22:23:19,000697A268,Unknown
2009-06-20 22:27:39,0006444F30,Unknown
2009-06-20 22:37:54,00068E17E7,Unknown
2009-06-20 22:48:35,0006444F30,Unknown
2009-06-20 22:52:08,00068E1C26,Unknown
2009-06-20 22:52:41,00061013E4,Unknown
2009-06-20 22:52:54,00068E17E7,Unknown
2009-06-20 22:54:19,00068E1C26,Unknown
2009-06-20 22:56:58,00068E1C26,Unknown
2009-06-20 22:57:37,00068E0F02,Unknown
2009-06-20 22:58:16,00068E0F02,Unknown
2009-06-20 22:58:27,00068E0F02,Unknown
2009-06-20 22:59:03,00068E0F02,Unknown
2009-06-20 22:59:23,00068E1C26,Unknown
2009-06-20 23:00:10,00068E0F02,Unknown
2009-06-20 23:01:07,000697A268,Unknown
2009-06-20 23:02:25,000697A268,Unknown
2009-06-20 23:03:33,000697A268,Unknown
2009-06-20 23:04:31,00068E0F02,Unknown
2009-06-20 23:04:45,000697A268,Unknown
2009-06-20 23:06:29,00068E3D73,Unknown
2009-06-20 23:07:28,00068E0F02,Unknown
2009-06-20 23:09:37,00068E0F02,Unknown
2009-06-20 23:09:50,00068E0F02,Unknown
2009-06-20 23:10:27,00068E0F02,Unknown
2009-06-20 23:12:40,00068E0F02,Unknown
2009-06-20 23:13:15,00068E0F02,Unknown
2009-06-20 23:13:28,00068E0F02,Unknown
2009-06-20 23:15:09,00068E0F02,Unknown
2009-06-20 23:16:23,00068E0F02,Unknown
2009-06-20 23:17:02,00068E0F02,Unknown
2009-06-20 23:17:23,00068E0F02,Unknown
2009-06-20 23:18:44,00068E17E7,Unknown
2009-06-20 23:19:12,00068E0F02,Unknown
2009-06-20 23:19:59,00068E0F02,Unknown
2009-06-20 23:23:02,00068E0F02,Unknown
2009-06-20 23:23:17,00068E0F02,Unknown
2009-06-20 23:25:32,00068EAD8A,Unknown
2009-06-20 23:26:30,00068E0F02,Unknown
2009-06-20 23:26:41,00068E0F02,Unknown
2009-06-20 23:28:31,00068E0F02,Unknown
2009-06-20 23:29:05,00068E0F02,Unknown
2009-06-20 23:29:16,00068E0F02,Unknown
2009-06-20 23:29:32,00068EAD8A,Unknown
2009-06-20 23:29:55,00068E0F02,Unknown
2009-06-20 23:30:31,00068E0F02,Unknown
2009-06-20 23:31:33,000697BE7E,Unknown
2009-06-20 23:32:26,00068E0F02,Unknown
2009-06-20 23:33:21,00068E3D73,Unknown
2009-06-20 23:36:58,00068E3D73,Unknown
2009-06-20 23:40:04,00068E17E7,Unknown
2009-06-20 23:40:16,00060F66F2,Unknown
2009-06-20 23:45:51,000697BE7E,Unknown
2009-06-20 23:49:50,00068E3D73,Unknown
2009-06-20 23:50:06,0006979C67,Unknown
2009-06-20 23:54:02,0006444F30,Unknown
2009-06-20 23:58:04,000697B0DE,Unknown
2009-06-21 00:00:50,00060FA7EA,Unknown
2009-06-21 00:02:18,00068E1C26,Unknown
2009-06-21 00:03:58,00068E1C26,Unknown
2009-06-21 00:05:06,00060F66F2,Unknown
2009-06-21 00:05:58,00061013E4,Unknown
2009-06-21 00:06:47,0006444F30,Unknown
2009-06-21 00:10:09,0005FE0832,Unknown
2009-06-21 00:11:02,000697B0DE,Unknown
2009-06-21 00:14:41,00061013E4,Unknown
2009-06-21 00:16:37,00065EB6E2,Unknown
2009-06-21 00:18:25,00065EB6E2,Unknown
2009-06-21 00:18:47,000697A268,Unknown
2009-06-21 00:19:11,00065D81D3,Unknown
2009-06-21 00:19:45,00065DD7F6,Unknown
2009-06-21 00:19:52,000697A268,Unknown
2009-06-21 00:21:37,00065EB6E2,Unknown
2009-06-21 00:22:51,0006979C67,Unknown
2009-06-21 00:23:22,00065D81D3,Unknown
2009-06-21 00:24:13,00068E3D57,Unknown
2009-06-21 00:25:42,00065D81D3,Unknown
2009-06-21 00:26:04,0006979C67,Unknown
2009-06-21 00:26:16,00068E0F02,Unknown
2009-06-21 00:26:32,00061013E4,Unknown
2009-06-21 00:28:12,00068E0F02,Unknown
2009-06-21 00:29:31,00068E0F02,Unknown
2009-06-21 00:31:30,00061D3DC5,Unknown
2009-06-21 00:33:19,0005FE0832,Unknown
2009-06-21 00:34:26,00060FA7EA,Unknown
2009-06-21 00:35:51,0005FE0832,Unknown
2009-06-21 00:36:07,00065D81D3,Unknown
2009-06-21 00:39:11,00060FA7EA,Unknown
2009-06-21 00:39:46,0006979C67,Unknown
2009-06-21 00:41:35,00065D7D8B,Unknown
2009-06-21 00:44:09,00065EB6E2,Unknown
2009-06-21 00:45:11,00068E3D57,Unknown
2009-06-21 00:46:52,00060FA7EA,Unknown
2009-06-21 00:47:35,00065D9BC6,Unknown
2009-06-21 00:53:27,000697A268,Unknown
2009-06-21 00:55:32,000697A268,Unknown
2009-06-21 00:56:04,000697A268,Unknown
2009-06-21 00:56:37,00068E3862,Unknown
2009-06-21 00:57:13,000697A268,Unknown
2009-06-21 00:58:43,000697A268,Unknown
2009-06-21 00:59:16,000697A268,Unknown
2009-06-21 01:01:57,00068E0587,Unknown
2009-06-21 01:02:24,0005FE0832,Unknown
2009-06-21 01:02:38,00065D9BC6,Unknown
2009-06-21 01:02:47,00068E0F02,Unknown
2009-06-21 01:06:20,00065DD7F6,Unknown
2009-06-21 01:07:59,00068E0587,Unknown
2009-06-21 01:09:59,00068E0587,Unknown
2009-06-21 01:12:41,00065D7D8B,Unknown
2009-06-21 01:20:42,00061D3DC5,Unknown
2009-06-21 01:22:49,00068E3862,Unknown
2009-06-21 01:22:58,00061013E4,Unknown
2009-06-21 01:23:43,00068E2063,Unknown
2009-06-21 01:23:45,00061D27AC,Unknown
2009-06-21 01:26:21,00068E0DE6,Unknown
2009-06-21 01:26:48,00068E1C26,Unknown
2009-06-21 01:30:55,00068E1C26,Unknown
2009-06-21 01:31:02,00061D27AC,Unknown
2009-06-21 01:31:43,0006160637,Unknown
2009-06-21 01:33:06,0006160637,Unknown
2009-06-21 01:34:30,00068E0587,Unknown
2009-06-21 01:36:49,0006979BE8,Unknown
2009-06-21 01:37:40,00060F66F2,Unknown
2009-06-21 01:38:40,00068E2063,Unknown
2009-06-21 01:41:45,00068E3D73,Unknown
2009-06-21 01:50:57,000697B0DE,Unknown
2009-06-21 01:51:45,0006979BE8,Unknown
2009-06-21 01:53:00,00060D7AE7,Unknown
2009-06-21 01:53:03,0006979BE8,Unknown
2009-06-21 01:55:50,000697BE7E,Unknown
2009-06-21 01:56:06,0006160637,Unknown
2009-06-21 01:57:21,0006979BE8,Unknown
2009-06-21 01:59:31,00060FA7EA,Unknown
2009-06-21 02:03:32,00068E17E7,Unknown
2009-06-21 02:05:14,000697BE7E,Unknown
2009-06-21 02:07:43,00068E3862,Unknown
2009-06-21 02:07:53,000697BE7E,Unknown
2009-06-21 02:10:15,00068E35E1,Unknown
2009-06-21 02:15:09,00068E35E1,Unknown
2009-06-21 02:15:21,00068E35E1,Unknown
2009-06-21 02:15:53,00068EAD8A,Unknown
2009-06-21 02:16:25,00065D9BC6,Unknown
2009-06-21 02:16:57,00068E35E1,Unknown
2009-06-21 02:17:08,00068E35E1,Unknown
2009-06-21 02:17:09,00060F66F2,Unknown
2009-06-21 02:18:12,00065D81D3,Unknown
2009-06-21 02:19:20,00068E35E1,Unknown
2009-06-21 02:21:30,00068E35E1,Unknown
2009-06-21 02:21:32,00068E1C26,Unknown
2009-06-21 02:21:44,00068E35E1,Unknown
2009-06-21 02:22:39,00068E35E1,Unknown
2009-06-21 02:22:56,00068E35E1,Unknown
2009-06-21 02:23:06,00061013E4,Unknown
2009-06-21 02:23:36,00060F66F2,Unknown
2009-06-21 02:24:10,000697B0DE,Unknown
2009-06-21 02:24:26,0006979C67,Unknown
2009-06-21 02:24:29,00068E3D73,Unknown
2009-06-21 02:25:04,00065EB6E2,Unknown
2009-06-21 02:25:04,00068E1C26,Unknown
2009-06-21 02:26:40,000697BE7E,Unknown
2009-06-21 02:26:57,00068E3D57,Unknown
2009-06-21 02:27:13,00060D7AE7,Unknown
2009-06-21 02:27:31,00068EAD8A,Unknown
2009-06-21 02:27:45,00068E3D73,Unknown
2009-06-21 02:28:33,0006444F30,Unknown
2009-06-21 02:30:35,00065D9BC6,Unknown
2009-06-21 02:30:57,00068E0F02,Unknown
2009-06-21 02:31:02,00065D81D3,Unknown
2009-06-21 02:33:30,00068E0587,Unknown
2009-06-21 02:34:21,00068E17E7,Unknown
2009-06-21 02:34:21,00060F66F2,Unknown
2009-06-21 02:35:16,00068E3862,Unknown
2009-06-21 02:41:50,00068E3D73,Unknown
2009-06-21 02:43:24,00068E3D73,Unknown
2009-06-21 02:43:42,00065DD7F6,Unknown
2009-06-21 02:46:11,00068E3D57,Unknown
2009-06-21 02:46:36,00060FA7EA,Unknown
2009-06-21 02:49:15,00068E3D73,Unknown
2009-06-21 02:49:41,0006160637,Unknown
2009-06-21 02:50:11,00068E35E1,Unknown
2009-06-21 02:50:46,00068E0F02,Unknown
2009-06-21 02:53:20,00068E0587,Unknown
2009-06-21 02:53:32,00065D7D8B,Unknown
2009-06-21 02:54:20,00068E0F02,Unknown
2009-06-21 02:55:53,00060FA7EA,Unknown
2009-06-21 02:55:57,00068E0F02,Unknown
2009-06-21 03:03:49,00068E2063,Unknown
2009-06-21 03:04:09,00068E0DE6,Unknown
2009-06-21 03:04:47,0006979C67,Unknown
2009-06-21 03:05:05,00068E0F02,Unknown
2009-06-21 03:06:19,0006979C67,Unknown
2009-06-21 03:09:07,000697A268,Unknown
2009-06-21 03:15:03,000697A268,Unknown
2009-06-21 03:21:16,0006979C67,Unknown
2009-06-21 03:24:41,0006160637,Unknown
2009-06-21 03:26:03,0006979B84,Unknown
2009-06-21 03:26:26,00068E0F02,Unknown
2009-06-21 03:26:44,0006979B84,Unknown
2009-06-21 03:29:22,00068E2063,Unknown
2009-06-21 03:29:26,00060FA7EA,Unknown
2009-06-21 03:29:42,0006444F30,Unknown
2009-06-21 03:30:27,0006444F30,Unknown
2009-06-21 03:33:08,00061013E4,Unknown
2009-06-21 03:34:15,00065D7D8B,Unknown
2009-06-21 03:34:41,00065EB6E2,Unknown
2009-06-21 03:36:52,00060FA7EA,Unknown
2009-06-21 03:37:32,00068E3862,Unknown
2009-06-21 03:37:53,00061D27AC,Unknown
2009-06-21 03:41:22,00065DD7F6,Unknown
2009-06-21 03:48:04,0005FE0832,Unknown
2009-06-21 03:52:54,0006444F30,Unknown
2009-06-21 03:55:35,00060FA7EA,Unknown
2009-06-21 03:59:27,00061013E4,Unknown
2009-06-21 03:59:31,00068E17E7,Unknown
2009-06-21 04:05:03,00068E3862,Unknown
2009-06-21 04:05:23,0005FE0832,Unknown
2009-06-21 04:10:58,0006979C67,Unknown
2009-06-21 04:14:10,0006979C67,Unknown
2009-06-21 04:14:43,0006979C67,Unknown
2009-06-21 04:18:45,00068E17E7,Unknown
2009-06-21 04:26:18,0006979BE8,Unknown
2009-06-21 04:26:35,0006979D37,Unknown
2009-06-21 04:26:52,0006979D37,Unknown
2009-06-21 04:27:58,00068E3D57,Unknown
2009-06-21 04:28:43,00068E3D57,Unknown
2009-06-21 04:34:59,0006979BE8,Unknown
2009-06-21 04:35:42,000697B0DE,Unknown
2009-06-21 04:36:29,00068E3D57,Unknown
2009-06-21 04:36:48,00060F66F2,Unknown
2009-06-21 04:37:28,00068E3D57,Unknown
2009-06-21 04:38:22,0006160637,Unknown
2009-06-21 04:38:40,00068E35E1,Unknown
2009-06-21 04:40:42,00060D7AE7,Unknown
2009-06-21 04:41:03,00068E3D57,Unknown
2009-06-21 04:44:04,00068E3D57,Unknown
2009-06-21 04:44:16,00068E3D57,Unknown
2009-06-21 04:44:48,000697A268,Unknown
2009-06-21 04:45:20,0006979D37,Unknown
2009-06-21 04:45:40,00061D3DC5,Unknown
2009-06-21 04:46:31,000697BE7E,Unknown
2009-06-21 04:46:33,00068E3D57,Unknown
2009-06-21 04:46:49,00068E1FDB,Unknown
2009-06-21 04:48:44,00065DD7F6,Unknown
2009-06-21 04:48:52,00068EAD8A,Unknown
2009-06-21 04:50:39,00068E3D73,Unknown
2009-06-21 04:51:10,00061013E4,Unknown
2009-06-21 04:51:18,0006979B84,Unknown
2009-06-21 04:51:38,0006979ABE,Unknown
2009-06-21 04:51:58,00068E1F71,Unknown
2009-06-21 04:52:48,00065EB6E2,Unknown
2009-06-21 04:52:57,00068E1A38,Unknown
2009-06-21 04:53:08,00065EB6E2,Unknown
2009-06-21 04:53:20,00065D7D8B,Unknown
2009-06-21 04:53:22,00065EB6E2,Unknown
2009-06-21 04:53:33,00068E0F02,Unknown
2009-06-21 04:53:40,00065EB6E2,Unknown
2009-06-21 04:53:52,00065EB6E2,Unknown
2009-06-21 04:54:12,00068E17E7,Unknown
2009-06-21 04:56:22,0006444F30,Unknown
2009-06-21 04:56:24,0005FE0832,Unknown
2009-06-21 04:56:38,0006444F30,Unknown
2009-06-21 04:57:02,0006444F30,Unknown
2009-06-21 04:57:14,0006444F30,Unknown
2009-06-21 04:57:26,0006444F30,Unknown
2009-06-21 04:57:42,00068E0587,Unknown
2009-06-21 04:57:43,0006444F30,Unknown
2009-06-21 04:58:17,0006444F30,Unknown
2009-06-21 04:58:31,00065D9BC6,Unknown
2009-06-21 04:58:52,00065D9BC6,Unknown
2009-06-21 04:59:16,00060FA7EA,Unknown
2009-06-21 04:59:21,00065EB6E2,Unknown
2009-06-21 05:00:27,00065D81D3,Unknown
2009-06-21 05:00:29,00068E0587,Unknown
2009-06-21 05:01:16,00065EB6E2,Unknown
2009-06-21 05:02:30,00060FA7EA,Unknown
2009-06-21 05:02:37,00065EB6E2,Unknown
2009-06-21 05:02:45,00068E2063,Unknown
2009-06-21 05:03:16,0006979BE8,Unknown
2009-06-21 05:03:46,0005FE0832,Unknown
2009-06-21 05:03:58,0005FE0832,Unknown
2009-06-21 05:04:09,0005FE0832,Unknown
2009-06-21 05:04:30,0005FE0832,Unknown
2009-06-21 05:05:14,00065D9BC6,Unknown
2009-06-21 05:05:40,00065D9BC6,Unknown
2009-06-21 05:06:03,00065D9BC6,Unknown
2009-06-21 05:06:05,0005FE0832,Unknown
2009-06-21 05:06:15,00065D9BC6,Unknown
2009-06-21 05:06:40,00065D9BC6,Unknown
2009-06-21 05:07:06,00065D9BC6,Unknown
2009-06-21 05:07:18,00065D9BC6,Unknown
2009-06-21 05:07:22,00068E1C26,Unknown
2009-06-21 05:07:29,00065D9BC6,Unknown
2009-06-21 05:07:41,00065D9BC6,Unknown
2009-06-21 05:07:52,00065D9BC6,Unknown
2009-06-21 05:08:14,0005FE0832,Unknown
2009-06-21 05:08:26,0005FE0832,Unknown
2009-06-21 05:08:32,00065D9BC6,Unknown
2009-06-21 05:08:44,0006979C67,Unknown
2009-06-21 05:08:48,00065EB6E2,Unknown
2009-06-21 05:09:16,00065D9BC6,Unknown
2009-06-21 05:09:27,00068E3862,Unknown
2009-06-21 05:09:34,00065D9BC6,Unknown
2009-06-21 05:09:49,00065D9BC6,Unknown
2009-06-21 05:10:01,00065D9BC6,Unknown
2009-06-21 05:10:13,00065D9BC6,Unknown
2009-06-21 05:10:29,00065D9BC6,Unknown
2009-06-21 05:10:49,00065D9BC6,Unknown
2009-06-21 05:11:16,0005FE0832,Unknown
2009-06-21 05:11:44,0005FE0832,Unknown
2009-06-21 05:12:03,0005FE0832,Unknown
2009-06-21 05:12:19,0005FE0832,Unknown
2009-06-21 05:12:30,0005FE0832,Unknown
2009-06-21 05:12:54,0005FE0832,Unknown
2009-06-21 05:13:05,0005FE0832,Unknown
2009-06-21 05:13:34,0005FE0832,Unknown
2009-06-21 05:13:38,00065D9BC6,Unknown
2009-06-21 05:14:21,0005FE0832,Unknown
2009-06-21 05:14:23,00068E0DE6,Unknown
2009-06-21 05:14:39,00065D9BC6,Unknown
2009-06-21 05:14:55,0005FE0832,Unknown
2009-06-21 05:15:14,00065D9BC6,Unknown
2009-06-21 05:15:18,0005FE0832,Unknown
2009-06-21 05:15:30,00065D9BC6,Unknown
2009-06-21 05:15:49,00065D9BC6,Unknown
2009-06-21 05:16:31,00065D9BC6,Unknown
2009-06-21 05:19:36,0005FE0832,Unknown
2009-06-21 05:19:57,0005FE0832,Unknown
2009-06-21 05:20:25,0005FE0832,Unknown
2009-06-21 05:20:58,0005FE0832,Unknown
2009-06-21 05:22:50,0005FE0832,Unknown
2009-06-21 05:23:01,0005FE0832,Unknown
2009-06-21 05:26:49,0005FE0832,Unknown
2009-06-21 05:27:13,0005FE0832,Unknown
2009-06-21 05:27:27,0005FE0832,Unknown
2009-06-21 05:28:03,0005FE0832,Unknown
2009-06-21 05:51:59,0005FE0832,Unknown
2009-06-21 05:52:14,0005FE0832,Unknown
2009-06-21 05:52:45,0005FE0832,Unknown
2009-06-21 06:05:16,0006160637,Unknown
2009-06-21 06:05:39,0006160637,Unknown
2009-06-21 06:05:53,0006160637,Unknown
2009-06-21 06:06:06,0006160637,Unknown
2009-06-21 06:06:49,0006160637,Unknown
2009-06-21 06:15:45,0006160637,Unknown
2009-06-21 06:16:02,0006160637,Unknown
2009-06-21 06:28:37,0006160637,Unknown
2009-06-21 06:31:35,0006160637,Unknown
2009-06-21 06:38:13,0006160637,Unknown
2009-06-21 06:46:55,0006160637,Unknown
2009-06-21 07:02:12,0006160637,Unknown
2009-06-21 07:02:37,0006160637,Unknown
2009-06-21 07:02:48,0006160637,Unknown
2009-06-21 07:02:59,0006160637,Unknown
2009-06-21 07:03:12,0006160637,Unknown
2009-06-21 08:18:37,00065E632D,Unknown
2009-06-21 09:07:19,00065E632D,Unknown
2009-06-21 09:15:39,00065E632D,Unknown
2009-06-21 10:12:49,8E602D0D0F,Unknown
2009-06-21 10:38:34,8E602D0D0F,Unknown
2009-06-21 20:31:13,8E602D0D0F,Unknown
2009-06-21 20:31:30,00065E632D,Unknown
2009-06-21 20:54:04,8E602D0D0F,Unknown
2009-06-21 20:54:26,00065E632D,Unknown
2009-06-21 22:05:44,0006979ABE,Unknown
2009-06-21 22:06:16,00068E1C26,Unknown
2009-06-21 22:06:20,00068E1F71,Unknown
2009-06-21 22:10:40,0006979D37,Unknown
2009-06-21 22:11:15,00065EB6E2,Unknown
2009-06-21 22:12:12,00061D3DC5,Unknown
2009-06-21 22:13:54,00060F66F2,Unknown
2009-06-21 22:19:19,00068E1A38,Unknown
2009-06-21 22:19:28,00068E35E1,Unknown
2009-06-21 22:19:35,0006979B84,Unknown
2009-06-21 22:20:03,000697A268,Unknown
2009-06-21 22:20:22,00068E0F02,Unknown
2009-06-21 22:20:35,00068E0F02,Unknown
2009-06-21 22:21:16,000697BE7E,Unknown
2009-06-21 22:21:47,00068E3D57,Unknown
2009-06-21 22:22:41,0006444F30,Unknown
2009-06-21 22:23:15,00061013E4,Unknown
2009-06-21 22:24:49,0006444F30,Unknown
2009-06-21 22:25:05,00068E0DE6,Unknown
2009-06-21 22:25:34,00060D7AE7,Unknown
2009-06-21 22:26:25,0006444F30,Unknown
2009-06-21 22:26:40,0006444F30,Unknown
2009-06-21 22:27:07,0006444F30,Unknown
2009-06-21 22:27:26,0006444F30,Unknown
2009-06-21 22:27:40,0006444F30,Unknown
2009-06-21 22:27:55,00068E0587,Unknown
2009-06-21 22:28:25,0006444F30,Unknown
2009-06-21 22:28:37,0006444F30,Unknown
2009-06-21 22:29:06,0006444F30,Unknown
2009-06-21 22:29:30,0006444F30,Unknown
2009-06-21 22:32:53,00065D9BC6,Unknown
2009-06-21 22:34:15,00061D27AC,Unknown
2009-06-21 22:34:27,0005FE0832,Unknown
2009-06-21 22:34:38,0005FE0832,Unknown
2009-06-21 22:36:02,00068E3862,Unknown
2009-06-21 22:37:58,0006160637,Unknown
2009-06-21 22:38:09,0006160637,Unknown
2009-06-21 22:38:37,00068E2063,Unknown
2009-06-21 22:39:14,0005FE0832,Unknown
2009-06-21 22:42:40,0006444F30,Unknown
2009-06-21 22:43:12,0006444F30,Unknown
2009-06-21 22:44:07,0006444F30,Unknown
2009-06-21 22:44:39,0006160637,Unknown
2009-06-21 22:44:50,0006160637,Unknown
2009-06-21 22:44:54,00068E2063,Unknown
2009-06-21 22:45:24,0006444F30,Unknown
2009-06-21 22:45:52,00065D9BC6,Unknown
2009-06-21 22:58:44,0005FE0832,Unknown
2009-06-21 23:02:30,0006979C67,Unknown
2009-06-21 23:02:38,00068E2063,Unknown
2009-06-21 23:03:07,00068E2063,Unknown
2009-06-21 23:04:30,000697BE7E,Unknown
2009-06-21 23:21:36,00060FA7EA,Unknown
2009-06-21 23:22:42,00068E2063,Unknown
2009-06-21 23:26:25,00068E2063,Unknown
2009-06-21 23:27:30,00068E2063,Unknown
2009-06-21 23:27:46,00068E2063,Unknown
2009-06-21 23:28:51,00068E2063,Unknown
2009-06-21 23:29:19,00068E2063,Unknown
2009-06-21 23:29:30,00068E2063,Unknown
2009-06-21 23:29:33,00068E3862,Unknown
2009-06-21 23:29:46,00068E2063,Unknown
2009-06-21 23:31:11,00068E2063,Unknown
2009-06-21 23:35:51,0006160637,Unknown
2009-06-21 23:43:36,00068E0DE6,Unknown
2009-06-21 23:52:24,00060D7AE7,Unknown
2009-06-21 23:55:39,00068E3D57,Unknown
2009-06-21 23:57:53,00068E0587,Unknown
2009-06-22 00:05:03,00068E35E1,Unknown
2009-06-22 00:08:07,00061013E4,Unknown
2009-06-22 00:09:09,00065EB6E2,Unknown
2009-06-22 00:09:46,00060F66F2,Unknown
2009-06-22 00:26:09,00068E0F02,Unknown
2009-06-22 00:43:05,00068E1C26,Unknown
2009-06-22 00:50:29,00068E2063,Unknown
2009-06-22 01:01:01,0006444F30,Unknown
2009-06-22 01:01:40,0006444F30,Unknown
2009-06-22 01:02:10,0006444F30,Unknown
2009-06-22 01:03:11,00068E3D57,Unknown
2009-06-22 01:04:02,0006979C67,Unknown
2009-06-22 01:04:40,00068E3D57,Unknown
2009-06-22 01:09:18,00068E0587,Unknown
2009-06-22 01:09:30,00068E0587,Unknown
2009-06-22 01:28:01,00061013E4,Unknown
2009-06-22 01:28:49,0005FE0832,Unknown
2009-06-22 01:33:09,0005FE0832,Unknown
2009-06-22 01:33:20,0005FE0832,Unknown
2009-06-22 01:34:09,0005FE0832,Unknown
2009-06-22 01:34:32,00068E0587,Unknown
2009-06-22 01:44:27,00068E1C26,Unknown
2009-06-22 01:45:09,00068E3D57,Unknown
2009-06-22 01:46:51,00068E35E1,Unknown
2009-06-22 01:56:26,00068E0F02,Unknown
2009-06-22 02:13:11,00068E0587,Unknown
2009-06-22 02:14:58,00068E0587,Unknown
2009-06-22 02:15:42,00068E0587,Unknown
2009-06-22 02:16:53,00061013E4,Unknown
2009-06-22 02:20:05,00068E0587,Unknown
2009-06-22 02:55:43,00065D9BC6,Unknown
2009-06-22 02:55:59,0006979C67,Unknown
2009-06-22 03:00:09,00068E0587,Unknown
2009-06-22 03:01:57,0006979C67,Unknown
2009-06-22 03:02:41,00065D9BC6,Unknown
2009-06-22 03:06:27,00068E35E1,Unknown
2009-06-22 03:07:08,00065EB6E2,Unknown
2009-06-22 03:15:55,00068E35E1,Unknown
2009-06-22 03:16:39,00068E35E1,Unknown
2009-06-22 03:22:07,0006979C67,Unknown
2009-06-22 03:25:46,00068E0587,Unknown
2009-06-22 03:42:06,00068E35E1,Unknown
2009-06-22 03:43:49,00068E3862,Unknown
2009-06-22 03:46:37,00068E3862,Unknown
2009-06-22 04:14:21,00068E3D57,Unknown
2009-06-22 04:19:01,0005FE0832,Unknown
2009-06-22 04:19:41,00065D9BC6,Unknown
2009-06-22 04:34:30,0006979C67,Unknown
2009-06-22 04:35:28,00065EB6E2,Unknown
2009-06-22 04:39:47,00068E35E1,Unknown
2009-06-22 08:45:00,00065E632D,Unknown
2009-06-22 09:48:52,00065E632D,Unknown
2009-06-22 12:06:45,8E602D0D0F,Unknown
2009-06-22 12:36:04,8E602D0D0F,Unknown
2009-06-22 18:48:10,8E602D0D0F,Unknown
2009-06-22 18:48:36,00065E632D,Unknown
2009-06-22 18:59:05,8E602D0D0F,Unknown
2009-06-22 18:59:24,00065E632D,Unknown
2009-06-22 19:17:05,8E602D0D0F,Unknown
2009-06-22 19:17:21,00065E632D,Unknown
2009-06-22 21:29:58,00068E3862,Unknown
2009-06-22 21:30:30,00068E3862,Unknown
2009-06-22 21:32:02,00068E3862,Unknown
2009-06-22 21:33:03,00068E3862,Unknown
2009-06-22 21:39:31,00068E3862,Unknown
2009-06-22 21:47:56,00068E3D57,Unknown
2009-06-22 21:51:30,00068E35E1,Unknown
2009-06-22 21:51:46,00068E35E1,Unknown
2009-06-22 21:52:06,00065D81D3,Unknown
2009-06-22 21:52:26,00065D81D3,Unknown
2009-06-22 21:52:27,00068E3D73,Unknown
2009-06-22 21:52:29,0006444F30,Unknown
2009-06-22 21:53:18,00068E0587,Unknown
2009-06-22 21:53:52,000697B0DE,Unknown
2009-06-22 21:54:16,000697B0DE,Unknown
2009-06-22 21:54:31,00068E17E7,Unknown
2009-06-22 21:55:04,00060F66F2,Unknown
2009-06-22 21:55:17,0006979BE8,Unknown
2009-06-22 21:58:40,00060D7AE7,Unknown
2009-06-22 21:58:45,00061013E4,Unknown
2009-06-22 21:58:53,00068E0DE6,Unknown
2009-06-22 21:59:49,00065EB6E2,Unknown
2009-06-22 22:02:36,000697BE7E,Unknown
2009-06-22 22:02:48,00065DD7F6,Unknown
2009-06-22 22:12:30,00065D7D8B,Unknown
2009-06-22 22:16:28,0006979C67,Unknown
2009-06-22 22:55:02,00068E0587,Unknown
2009-06-22 23:03:13,00068E0587,Unknown
2009-06-22 23:05:47,00068E17E7,Unknown
2009-06-22 23:07:44,00068E17E7,Unknown
2009-06-22 23:11:51,00068E17E7,Unknown
2009-06-22 23:12:12,0006979BE8,Unknown
2009-06-22 23:22:48,0006979C67,Unknown
2009-06-22 23:29:42,0006979BE8,Unknown
2009-06-22 23:35:03,00061D27AC,Unknown
2009-06-22 23:35:19,00060F66F2,Unknown
2009-06-22 23:36:08,00068E17E7,Unknown
2009-06-22 23:41:50,0006160637,Unknown
2009-06-22 23:46:50,00068E0DE6,Unknown
2009-06-23 00:02:23,00068E3862,Unknown
2009-06-23 00:03:01,00061D27AC,Unknown
2009-06-23 00:04:36,00068E3D73,Unknown
2009-06-23 00:05:39,00068E3862,Unknown
2009-06-23 00:05:55,00068E3862,Unknown
2009-06-23 00:06:55,00065D7D8B,Unknown
2009-06-23 00:07:34,0006160637,Unknown
2009-06-23 00:08:28,00068E3862,Unknown
2009-06-23 00:10:46,00061013E4,Unknown
2009-06-23 00:10:58,00065D81D3,Unknown
2009-06-23 00:12:23,00068E0DE6,Unknown
2009-06-23 00:12:50,00068E0DE6,Unknown
2009-06-23 00:14:57,00065D81D3,Unknown
2009-06-23 00:15:23,00068E3D57,Unknown
2009-06-23 00:15:40,00068E0DE6,Unknown
2009-06-23 00:17:13,00065D81D3,Unknown
2009-06-23 00:18:01,00068E1FDB,Unknown
2009-06-23 00:18:30,00068E1C26,Unknown
2009-06-23 00:19:16,00065EB6E2,Unknown
2009-06-23 00:20:35,00065D81D3,Unknown
2009-06-23 00:20:38,0006979C67,Unknown
2009-06-23 00:21:35,0006979C67,Unknown
2009-06-23 00:22:15,0005FE0832,Unknown
2009-06-23 00:23:03,00065D81D3,Unknown
2009-06-23 00:24:19,0006444F30,Unknown
2009-06-23 00:24:29,00068E0587,Unknown
2009-06-23 00:25:03,00068E1C26,Unknown
2009-06-23 00:25:16,00068E1C26,Unknown
2009-06-23 00:26:41,00068E1FDB,Unknown
2009-06-23 00:26:46,0006160637,Unknown
2009-06-23 00:26:56,00068E0DE6,Unknown
2009-06-23 00:28:05,00060F66F2,Unknown
2009-06-23 00:29:33,00068E0F02,Unknown
2009-06-23 00:29:48,0006979C67,Unknown
2009-06-23 00:30:53,00068E3862,Unknown
2009-06-23 00:31:35,00060F66F2,Unknown
2009-06-23 00:31:53,00061013E4,Unknown
2009-06-23 00:32:37,00065D7D8B,Unknown
2009-06-23 00:33:14,00065D81D3,Unknown
2009-06-23 00:33:56,00068E3D57,Unknown
2009-06-23 00:35:25,00068E3D73,Unknown
2009-06-23 00:41:01,00065D9BC6,Unknown
2009-06-23 00:41:52,0006979C67,Unknown
2009-06-23 00:43:26,00060D7AE7,Unknown
2009-06-23 00:44:51,00068E0DE6,Unknown
2009-06-23 00:46:14,00068E0DE6,Unknown
2009-06-23 00:47:16,00061D27AC,Unknown
2009-06-23 00:48:53,00068EAD8A,Unknown
2009-06-23 00:52:19,000697BE7E,Unknown
2009-06-23 00:53:13,00068E0587,Unknown
2009-06-23 00:54:46,0005FE0832,Unknown
2009-06-23 00:56:09,00065D9BC6,Unknown
2009-06-23 00:58:24,00060FA7EA,Unknown
2009-06-23 00:59:17,00068E2063,Unknown
2009-06-23 00:59:29,000697BE7E,Unknown
2009-06-23 00:59:35,00068E0F02,Unknown
2009-06-23 00:59:42,000697BE7E,Unknown
2009-06-23 01:00:49,0006444F30,Unknown
2009-06-23 01:01:50,00068EAD8A,Unknown
2009-06-23 01:04:55,000697BE7E,Unknown
2009-06-23 01:09:41,00060F66F2,Unknown
2009-06-23 01:13:57,00060D7AE7,Unknown
2009-06-23 01:15:57,0006160637,Unknown
2009-06-23 01:19:09,00060F66F2,Unknown
2009-06-23 01:19:49,00061013E4,Unknown
2009-06-23 01:20:15,0006979B84,Unknown
2009-06-23 01:27:01,000697BE7E,Unknown
2009-06-23 01:27:03,00060FA7EA,Unknown
2009-06-23 01:29:02,000697BE7E,Unknown
2009-06-23 01:30:27,000697B0DE,Unknown
2009-06-23 01:30:41,0006979B84,Unknown
2009-06-23 01:32:11,00065D9BC6,Unknown
2009-06-23 01:32:44,00065DD7F6,Unknown
2009-06-23 01:32:47,00068E35E1,Unknown
2009-06-23 01:33:21,00060F66F2,Unknown
2009-06-23 01:35:14,00060F66F2,Unknown
2009-06-23 01:35:37,000697B0DE,Unknown
2009-06-23 01:36:56,00065DD7F6,Unknown
2009-06-23 01:38:15,00068E2063,Unknown
2009-06-23 01:38:37,00068E1C26,Unknown
2009-06-23 01:41:32,00068E17E7,Unknown
2009-06-23 01:42:04,00065D7D8B,Unknown
2009-06-23 01:43:41,00068E1C26,Unknown
2009-06-23 01:43:55,00068E1C26,Unknown
2009-06-23 01:45:32,00065D9BC6,Unknown
2009-06-23 01:45:58,00060FA7EA,Unknown
2009-06-23 01:46:02,00068E3862,Unknown
2009-06-23 01:46:16,00060FA7EA,Unknown
2009-06-23 01:46:58,00065D7D8B,Unknown
2009-06-23 01:47:22,00065D7D8B,Unknown
2009-06-23 01:48:16,000697BE7E,Unknown
2009-06-23 01:49:08,00065D7D8B,Unknown
2009-06-23 01:52:25,00065D7D8B,Unknown
2009-06-23 01:54:33,00065D7D8B,Unknown
2009-06-23 01:58:26,00065D7D8B,Unknown
2009-06-23 02:00:25,000697B0DE,Unknown
2009-06-23 02:00:41,000697B0DE,Unknown
2009-06-23 02:05:03,00060F66F2,Unknown
2009-06-23 02:05:19,00060FA7EA,Unknown
2009-06-23 02:06:39,00061013E4,Unknown
2009-06-23 02:07:28,0006979C67,Unknown
2009-06-23 02:07:33,00068E35E1,Unknown
2009-06-23 02:08:13,00061D27AC,Unknown
2009-06-23 02:12:43,00068E0DE6,Unknown
2009-06-23 02:13:04,00068E3D57,Unknown
2009-06-23 02:15:33,0006979B84,Unknown
2009-06-23 02:18:13,00068E1A38,Unknown
2009-06-23 02:18:20,000697B0DE,Unknown
2009-06-23 02:20:59,00060FA7EA,Unknown
2009-06-23 02:21:04,00068E17E7,Unknown
2009-06-23 02:21:57,00068E3862,Unknown
2009-06-23 02:22:12,00065EB6E2,Unknown
2009-06-23 02:24:31,0006979B84,Unknown
2009-06-23 02:26:27,00068E17E7,Unknown
2009-06-23 02:26:43,000697B0DE,Unknown
2009-06-23 02:28:33,00068E17E7,Unknown
2009-06-23 02:29:20,000697B0DE,Unknown
2009-06-23 02:31:55,00068E3D73,Unknown
2009-06-23 02:32:25,0006444F30,Unknown
2009-06-23 02:35:29,00068E3D73,Unknown
2009-06-23 02:35:40,00068E3D73,Unknown
2009-06-23 02:45:14,00065D9BC6,Unknown
2009-06-23 02:46:00,0006979BE8,Unknown
2009-06-23 02:46:28,00068E3D73,Unknown
2009-06-23 02:47:40,00068E17E7,Unknown
2009-06-23 02:49:22,00068E17E7,Unknown
2009-06-23 02:49:43,00068E17E7,Unknown
2009-06-23 02:49:48,00065D81D3,Unknown
2009-06-23 02:51:03,00068E3D73,Unknown
2009-06-23 02:51:06,00068E17E7,Unknown
2009-06-23 02:53:41,00068E1C26,Unknown
2009-06-23 02:53:56,0006979BE8,Unknown
2009-06-23 02:56:34,00068E1C26,Unknown
2009-06-23 02:56:55,0006979C67,Unknown
2009-06-23 03:02:05,00068E0587,Unknown
2009-06-23 03:02:32,000697BE7E,Unknown
2009-06-23 03:02:52,00065D81D3,Unknown
2009-06-23 03:03:29,00068E3D57,Unknown
2009-06-23 03:03:59,00065D81D3,Unknown
2009-06-23 03:04:11,00068E3D57,Unknown
2009-06-23 03:04:13,00065D81D3,Unknown
2009-06-23 03:04:24,0006160637,Unknown
2009-06-23 03:04:33,00065D81D3,Unknown
2009-06-23 03:04:45,00065D81D3,Unknown
2009-06-23 03:05:07,00065D81D3,Unknown
2009-06-23 03:05:31,00065D81D3,Unknown
2009-06-23 03:09:55,00068E2063,Unknown
2009-06-23 03:10:01,0005FE0832,Unknown
2009-06-23 03:12:14,000697BE7E,Unknown
2009-06-23 03:15:29,000697BE7E,Unknown
2009-06-23 03:18:52,00068E3D57,Unknown
2009-06-23 03:18:54,00065D9BC6,Unknown
2009-06-23 03:18:59,00068EAD8A,Unknown
2009-06-23 03:22:46,00060FA7EA,Unknown
2009-06-23 03:25:15,00068E0F02,Unknown
2009-06-23 03:25:38,00068E1A38,Unknown
2009-06-23 03:28:30,00068E0587,Unknown
2009-06-23 03:28:43,00068E35E1,Unknown
2009-06-23 03:30:48,000697BE7E,Unknown
2009-06-23 03:33:44,00068EAD8A,Unknown
2009-06-23 03:34:20,00068E2063,Unknown
2009-06-23 03:35:55,00068E35E1,Unknown
2009-06-23 03:38:23,00068E0DE6,Unknown
2009-06-23 03:39:27,00068EAD8A,Unknown
2009-06-23 03:39:47,00068EAD8A,Unknown
2009-06-23 03:40:54,0005FE0832,Unknown
2009-06-23 03:41:34,0006444F30,Unknown
2009-06-23 03:41:55,00068EAD8A,Unknown
2009-06-23 03:50:23,00068EAD8A,Unknown
2009-06-23 03:52:19,00060FA7EA,Unknown
2009-06-23 03:52:33,00060FA7EA,Unknown
2009-06-23 03:52:45,00060FA7EA,Unknown
2009-06-23 03:53:05,00060FA7EA,Unknown
2009-06-23 03:53:47,00060FA7EA,Unknown
2009-06-23 03:54:28,00068E0F02,Unknown
2009-06-23 03:55:40,0006979D37,Unknown
2009-06-23 03:55:41,00060FA7EA,Unknown
2009-06-23 03:57:02,0006160637,Unknown
2009-06-23 04:02:54,00061013E4,Unknown
2009-06-23 04:09:35,00060FA7EA,Unknown
2009-06-23 04:09:47,00060FA7EA,Unknown
2009-06-23 04:26:23,0006979C67,Unknown
2009-06-23 04:28:41,00061D3DC5,Unknown
2009-06-23 04:30:04,00061013E4,Unknown
2009-06-23 04:30:08,00060FA7EA,Unknown
2009-06-23 04:30:50,00068E3D57,Unknown
2009-06-23 04:31:55,00060F66F2,Unknown
2009-06-23 04:33:06,000697A268,Unknown
2009-06-23 04:34:11,00060D7AE7,Unknown
2009-06-23 04:35:49,0006444F30,Unknown
2009-06-23 04:37:39,00068E3862,Unknown
2009-06-23 04:37:55,00068E1A38,Unknown
2009-06-23 04:39:38,00068E2063,Unknown
2009-06-23 04:40:34,000697BE7E,Unknown
2009-06-23 04:41:04,00065EB6E2,Unknown
2009-06-23 04:41:29,00065EB6E2,Unknown
2009-06-23 04:41:49,0006979B84,Unknown
2009-06-23 04:42:02,00068E0DE6,Unknown
2009-06-23 04:43:26,0006979ABE,Unknown
2009-06-23 04:43:27,00068E35E1,Unknown
2009-06-23 04:45:36,00068E0F02,Unknown
2009-06-23 04:45:54,00068E1F71,Unknown
2009-06-23 04:45:56,00068EAD8A,Unknown
2009-06-23 04:47:28,00068EAD8A,Unknown
2009-06-23 04:48:39,0005FE0832,Unknown
2009-06-23 04:50:34,00068E0587,Unknown
2009-06-23 04:51:05,00061013E4,Unknown
2009-06-23 04:52:17,0006160637,Unknown
2009-06-23 04:52:37,00068EAD8A,Unknown
2009-06-23 04:53:04,00068EAD8A,Unknown
2009-06-23 04:55:09,00068E1C26,Unknown
2009-06-23 04:56:04,00068EAD8A,Unknown
2009-06-23 04:58:18,00068EAD8A,Unknown
2009-06-23 04:59:41,00068E0DE6,Unknown
2009-06-23 05:00:09,00068E1FDB,Unknown
2009-06-23 05:00:12,00068EAD8A,Unknown
2009-06-23 05:02:48,00068EAD8A,Unknown
2009-06-23 05:02:52,00068E1FDB,Unknown
2009-06-23 05:04:55,00065D9BC6,Unknown
2009-06-23 05:05:38,00068EAD8A,Unknown
2009-06-23 05:14:30,00068EAD8A,Unknown
2009-06-23 05:15:30,00068EAD8A,Unknown
2009-06-23 05:16:10,00068EAD8A,Unknown
2009-06-23 05:16:23,00068EAD8A,Unknown
2009-06-23 08:44:24,00065E632D,Unknown
2009-06-23 09:18:21,00065E632D,Unknown
2009-06-23 09:30:30,00065E632D,Unknown
2009-06-23 10:48:38,8E602D0D0F,Unknown
2009-06-23 11:12:56,8E602D0D0F,Unknown
2009-06-23 17:56:43,8E602D0D0F,Unknown
2009-06-23 17:57:08,00065E632D,Unknown
2009-06-23 18:47:30,8E602D0D0F,Unknown
2009-06-23 18:47:45,00065E632D,Unknown
2009-06-23 21:34:45,000697BE7E,Unknown
2009-06-23 21:36:26,00068E2063,Unknown
2009-06-23 21:41:16,00068E3862,Unknown
2009-06-23 21:41:27,00068E3862,Unknown
2009-06-23 21:41:38,00068E3862,Unknown
2009-06-23 21:41:50,00068E3862,Unknown
2009-06-23 21:42:01,00068E3862,Unknown
2009-06-23 21:42:13,00068E3862,Unknown
2009-06-23 21:42:24,00068E3862,Unknown
2009-06-23 21:42:41,00068E3862,Unknown
2009-06-23 21:42:52,00068E3862,Unknown
2009-06-23 21:44:24,00068E3D57,Unknown
2009-06-23 21:45:44,0006979ABE,Unknown
2009-06-23 21:45:57,0006979ABE,Unknown
2009-06-23 21:45:58,000697A268,Unknown
2009-06-23 21:46:38,00068E35E1,Unknown
2009-06-23 21:46:55,0005FE0832,Unknown
2009-06-23 21:46:59,00068E2063,Unknown
2009-06-23 21:47:04,00068E1F71,Unknown
2009-06-23 21:47:09,00068E0F02,Unknown
2009-06-23 21:47:14,0006979C67,Unknown
2009-06-23 21:50:42,00068E0587,Unknown
2009-06-23 21:51:46,00060F66F2,Unknown
2009-06-23 21:51:49,00061013E4,Unknown
2009-06-23 21:52:31,0006979B84,Unknown
2009-06-23 21:52:52,00060D7AE7,Unknown
2009-06-23 21:52:54,00068E1C26,Unknown
2009-06-23 21:53:07,00061D27AC,Unknown
2009-06-23 21:54:32,00068E3862,Unknown
2009-06-23 21:56:15,00065EB6E2,Unknown
2009-06-23 21:58:00,00061D3DC5,Unknown
2009-06-23 21:59:04,0006160637,Unknown
2009-06-23 21:59:42,00065D9BC6,Unknown
2009-06-23 22:00:07,00068E0DE6,Unknown
2009-06-23 22:01:23,0006444F30,Unknown
2009-06-23 22:01:25,00068E1A38,Unknown
2009-06-23 22:03:50,0006979D37,Unknown
2009-06-23 22:04:07,00060FA7EA,Unknown
2009-06-23 22:05:49,0005FE0832,Unknown
2009-06-23 22:20:30,0005FE0832,Unknown
2009-06-23 22:25:02,0006444F30,Unknown
2009-06-23 22:33:17,00061D3DC5,Unknown
2009-06-23 22:37:01,00065D9BC6,Unknown
2009-06-23 22:37:20,0006979C67,Unknown
2009-06-23 22:45:11,00061D3DC5,Unknown
2009-06-23 22:48:03,0006444F30,Unknown
2009-06-23 22:50:44,00065D9BC6,Unknown
2009-06-23 22:57:45,00068E3862,Unknown
2009-06-23 23:07:37,0006444F30,Unknown
2009-06-23 23:10:26,0006979C67,Unknown
2009-06-23 23:12:52,000697BE7E,Unknown
2009-06-23 23:20:38,00068E3D57,Unknown
2009-06-23 23:21:13,000697BE7E,Unknown
2009-06-23 23:23:52,00061013E4,Unknown
2009-06-23 23:24:20,000697BE7E,Unknown
2009-06-23 23:25:38,00068E35E1,Unknown
2009-06-23 23:26:19,00061013E4,Unknown
2009-06-23 23:26:30,00061013E4,Unknown
2009-06-23 23:26:41,00061013E4,Unknown
2009-06-23 23:26:46,00068E3862,Unknown
2009-06-23 23:27:09,00061013E4,Unknown
2009-06-23 23:27:27,00061013E4,Unknown
2009-06-23 23:27:41,0006444F30,Unknown
2009-06-23 23:28:11,0006444F30,Unknown
2009-06-23 23:31:11,0006160637,Unknown
2009-06-23 23:32:23,00068E2063,Unknown
2009-06-23 23:33:25,00060FA7EA,Unknown
2009-06-23 23:35:10,00068E0587,Unknown
2009-06-23 23:37:19,0006444F30,Unknown
2009-06-23 23:40:02,00060F66F2,Unknown
2009-06-23 23:40:06,00068E3D57,Unknown
2009-06-23 23:49:46,00068E2063,Unknown
2009-06-23 23:50:50,000697BE7E,Unknown
2009-06-23 23:51:31,0006160637,Unknown
2009-06-23 23:51:48,0006160637,Unknown
2009-06-23 23:56:41,00060FA7EA,Unknown
2009-06-24 00:00:33,00068E0587,Unknown
2009-06-24 00:03:23,00068E35E1,Unknown
2009-06-24 00:13:14,00060F66F2,Unknown
2009-06-24 00:13:17,00061013E4,Unknown
2009-06-24 00:22:04,0006160637,Unknown
2009-06-24 00:26:53,00065EB6E2,Unknown
2009-06-24 00:30:58,00060D7AE7,Unknown
2009-06-24 00:33:10,0005FE0832,Unknown
2009-06-24 00:36:15,0006979C67,Unknown
2009-06-24 00:50:58,0006160637,Unknown
2009-06-24 00:51:52,00060F66F2,Unknown
2009-06-24 00:53:08,00068E35E1,Unknown
2009-06-24 00:54:01,00068E0F02,Unknown
2009-06-24 00:54:27,00068E3D57,Unknown
2009-06-24 00:54:33,00068E3862,Unknown
2009-06-24 00:54:59,00060F66F2,Unknown
2009-06-24 00:57:04,00068E0F02,Unknown
2009-06-24 01:02:31,00068E0F02,Unknown
2009-06-24 01:04:07,00060F66F2,Unknown
2009-06-24 01:04:50,0006979C67,Unknown
2009-06-24 01:10:07,00068E3D57,Unknown
2009-06-24 01:10:22,00068E0F02,Unknown
2009-06-24 01:10:34,00068E0F02,Unknown
2009-06-24 01:11:46,00060F66F2,Unknown
2009-06-24 01:13:36,00060D7AE7,Unknown
2009-06-24 01:14:22,00068E35E1,Unknown
2009-06-24 01:15:18,0005FE0832,Unknown
2009-06-24 01:21:31,00065EB6E2,Unknown
2009-06-24 01:23:48,00068E35E1,Unknown
2009-06-24 01:24:34,00068E0F02,Unknown
2009-06-24 01:25:08,00068E0F02,Unknown
2009-06-24 01:26:00,00068E35E1,Unknown
2009-06-24 01:26:20,00068E2063,Unknown
2009-06-24 01:26:34,00060F66F2,Unknown
2009-06-24 01:26:55,00060F66F2,Unknown
2009-06-24 01:27:31,00068E3862,Unknown
2009-06-24 01:27:33,00061013E4,Unknown
2009-06-24 01:27:44,00068E2063,Unknown
2009-06-24 01:30:24,00060F66F2,Unknown
2009-06-24 01:30:24,00068E2063,Unknown
2009-06-24 01:30:30,00061013E4,Unknown
2009-06-24 01:32:27,00060F66F2,Unknown
2009-06-24 01:33:00,00060F66F2,Unknown
2009-06-24 01:33:11,00060F66F2,Unknown
2009-06-24 01:41:27,0006444F30,Unknown
2009-06-24 01:46:33,00068E2063,Unknown
2009-06-24 01:51:32,00068E1C26,Unknown
2009-06-24 01:52:11,00068E1C26,Unknown
2009-06-24 01:54:50,00061D27AC,Unknown
2009-06-24 01:58:37,0006444F30,Unknown
2009-06-24 02:04:57,00065D9BC6,Unknown
2009-06-24 02:05:05,000697BE7E,Unknown
2009-06-24 02:09:27,00061D27AC,Unknown
2009-06-24 02:12:35,00060D7AE7,Unknown
2009-06-24 02:13:45,00060D7AE7,Unknown
2009-06-24 02:14:37,00060D7AE7,Unknown
2009-06-24 02:16:02,00068E0DE6,Unknown
2009-06-24 02:16:14,00068E0DE6,Unknown
2009-06-24 02:16:50,0006979C67,Unknown
2009-06-24 02:17:13,00068E0DE6,Unknown
2009-06-24 02:19:06,00068E3D57,Unknown
2009-06-24 02:19:37,00060FA7EA,Unknown
2009-06-24 02:19:49,00068E0DE6,Unknown
2009-06-24 02:21:26,00068E0DE6,Unknown
2009-06-24 02:22:43,00065EB6E2,Unknown
2009-06-24 02:25:25,0006160637,Unknown
2009-06-24 02:26:02,0006160637,Unknown
2009-06-24 02:27:07,0006979B84,Unknown
2009-06-24 02:27:27,00068E0DE6,Unknown
2009-06-24 02:27:35,0006979B84,Unknown
2009-06-24 02:28:07,00065D9BC6,Unknown
2009-06-24 02:32:43,000697BE7E,Unknown
2009-06-24 02:33:27,00068E0DE6,Unknown
2009-06-24 02:33:53,000697BE7E,Unknown
2009-06-24 02:34:35,00068E0DE6,Unknown
2009-06-24 02:36:29,00065EB6E2,Unknown
2009-06-24 02:39:13,0006979C67,Unknown
2009-06-24 02:40:43,0006979C67,Unknown
2009-06-24 02:42:31,00068E0587,Unknown
2009-06-24 02:44:51,00068E0DE6,Unknown
2009-06-24 02:46:10,00068E0DE6,Unknown
2009-06-24 02:46:51,00068E3D57,Unknown
2009-06-24 02:46:54,00060FA7EA,Unknown
2009-06-24 02:50:39,000697BE7E,Unknown
2009-06-24 02:52:56,0006979C67,Unknown
2009-06-24 02:56:12,00068E0587,Unknown
2009-06-24 02:57:35,0006160637,Unknown
2009-06-24 02:57:40,00060D7AE7,Unknown
2009-06-24 02:59:06,00068E0DE6,Unknown
2009-06-24 03:05:00,00068E0DE6,Unknown
2009-06-24 03:05:11,00068E0DE6,Unknown
2009-06-24 03:19:28,0006444F30,Unknown
2009-06-24 03:23:16,00068E3862,Unknown
2009-06-24 03:31:17,00065D9BC6,Unknown
2009-06-24 03:33:24,0006979B84,Unknown
2009-06-24 03:33:27,00068E0DE6,Unknown
2009-06-24 03:33:32,0005FE0832,Unknown
2009-06-24 03:38:09,0006444F30,Unknown
2009-06-24 03:38:40,00068E2063,Unknown
2009-06-24 03:39:26,0006979B84,Unknown
2009-06-24 03:39:58,00068E0DE6,Unknown
2009-06-24 03:40:10,00068E0DE6,Unknown
2009-06-24 03:48:05,00065D9BC6,Unknown
2009-06-24 03:52:06,00068E2063,Unknown
2009-06-24 03:52:22,00068E3862,Unknown
2009-06-24 03:58:07,0005FE0832,Unknown
2009-06-24 04:30:09,00068E3D57,Unknown
2009-06-24 04:30:14,0006160637,Unknown
2009-06-24 04:30:29,0006979C67,Unknown
2009-06-24 04:30:38,0006160637,Unknown
2009-06-24 04:32:29,0006444F30,Unknown
2009-06-24 04:34:00,00061D3DC5,Unknown
2009-06-24 04:41:22,000697BE7E,Unknown
2009-06-24 04:42:09,00068E1A38,Unknown
2009-06-24 04:44:05,00061D27AC,Unknown
2009-06-24 04:45:08,00068E2063,Unknown
2009-06-24 04:49:41,00068E1F71,Unknown
2009-06-24 04:52:38,00068E3862,Unknown
2009-06-24 04:53:59,00065D9BC6,Unknown
2009-06-24 04:54:10,0005FE0832,Unknown
2009-06-24 04:54:26,00065EB6E2,Unknown
2009-06-24 04:55:50,00060FA7EA,Unknown
2009-06-24 04:56:47,00060D7AE7,Unknown
2009-06-24 04:58:54,00068E0DE6,Unknown
2009-06-24 05:02:41,00068E0DE6,Unknown
2009-06-24 05:03:00,00068E0DE6,Unknown
2009-06-24 05:03:16,00068E0DE6,Unknown
2009-06-24 05:03:27,00068E0DE6,Unknown
2009-06-24 05:03:53,00068E0DE6,Unknown
2009-06-24 05:04:04,00068E0DE6,Unknown
2009-06-24 05:04:05,00068E0587,Unknown
2009-06-24 05:04:35,00061D27AC,Unknown
2009-06-24 05:04:56,00061D27AC,Unknown
2009-06-24 05:05:13,00061D27AC,Unknown
2009-06-24 05:11:01,00068E0DE6,Unknown
2009-06-24 05:13:03,00061D27AC,Unknown
2009-06-24 05:29:29,00068E0DE6,Unknown
2009-06-24 05:30:01,00068E0DE6,Unknown
2009-06-24 05:30:12,00068E0DE6,Unknown
2009-06-24 05:30:13,00061D27AC,Unknown
2009-06-24 05:30:27,00068E0DE6,Unknown
2009-06-24 08:38:11,00065E632D,Unknown
2009-06-24 09:25:35,00065E632D,Unknown
2009-06-24 11:06:27,8E602D0D0F,Unknown
2009-06-24 18:07:20,8E602D0D0F,Unknown
2009-06-24 18:07:46,00065E632D,Unknown
2009-06-24 18:18:22,8E602D0D0F,Unknown
2009-06-24 18:18:43,00065E632D,Unknown
2009-06-24 18:53:10,8E602D0D0F,Unknown
2009-06-24 18:53:50,00065E632D,Unknown
2009-06-24 21:17:12,000697BE7E,Unknown
2009-06-24 21:17:49,000697BE7E,Unknown
2009-06-24 21:20:06,0005FE0832,Unknown
2009-06-24 21:20:20,0005FE0832,Unknown
2009-06-24 21:20:27,000697BE7E,Unknown
2009-06-24 21:20:54,0005FE0832,Unknown
2009-06-24 21:26:17,000697BE7E,Unknown
2009-06-24 21:26:34,000697BE7E,Unknown
2009-06-24 21:26:36,0005FE0832,Unknown
2009-06-24 21:26:51,0005FE0832,Unknown
2009-06-24 21:27:04,000697BE7E,Unknown
2009-06-24 21:27:15,0005FE0832,Unknown
2009-06-24 21:27:15,000697BE7E,Unknown
2009-06-24 21:27:25,00065D9BC6,Unknown
2009-06-24 21:27:37,000697BE7E,Unknown
2009-06-24 21:27:44,00068EAD8A,Unknown
2009-06-24 21:28:05,00065D81D3,Unknown
2009-06-24 21:28:08,00065D9BC6,Unknown
2009-06-24 21:28:30,00068E3D57,Unknown
2009-06-24 21:29:07,0006979C67,Unknown
2009-06-24 21:30:22,00068E3862,Unknown
2009-06-24 21:30:33,00068E3862,Unknown
2009-06-24 21:30:35,00068E1A38,Unknown
2009-06-24 21:30:42,00068E0587,Unknown
2009-06-24 21:34:13,00068E3D57,Unknown
2009-06-24 21:34:58,00065D9BC6,Unknown
2009-06-24 21:35:47,00060D7AE7,Unknown
2009-06-24 21:35:51,00060FA7EA,Unknown
2009-06-24 21:38:45,0006160637,Unknown
2009-06-24 21:39:45,00068E3D73,Unknown
2009-06-24 21:40:09,00060F66F2,Unknown
2009-06-24 21:40:18,00068E1FDB,Unknown
2009-06-24 21:40:20,0006979BE8,Unknown
2009-06-24 21:40:39,00065DD7F6,Unknown
2009-06-24 21:41:32,0006444F30,Unknown
2009-06-24 21:41:35,00061D3DC5,Unknown
2009-06-24 21:41:39,00068E2063,Unknown
2009-06-24 21:42:11,000697B0DE,Unknown
2009-06-24 21:42:27,00068E35E1,Unknown
2009-06-24 21:43:09,00068E0F02,Unknown
2009-06-24 21:43:24,00068E0F02,Unknown
2009-06-24 21:47:15,00068E0F02,Unknown
2009-06-24 21:47:29,00068E0F02,Unknown
2009-06-24 21:49:03,00068E1C26,Unknown
2009-06-24 21:49:07,00068E0F02,Unknown
2009-06-24 21:50:10,00065EB6E2,Unknown
2009-06-24 21:50:43,0006979ABE,Unknown
2009-06-24 21:50:57,0006979ABE,Unknown
2009-06-24 21:51:03,000697A268,Unknown
2009-06-24 21:51:43,0006979B84,Unknown
2009-06-24 21:52:15,00068E0DE6,Unknown
2009-06-24 21:55:21,00061013E4,Unknown
2009-06-24 21:57:40,00065D7D8B,Unknown
2009-06-24 22:08:57,00065EB6E2,Unknown
2009-06-24 22:09:31,00065EB6E2,Unknown
2009-06-24 22:15:40,000697B0DE,Unknown
2009-06-24 22:16:32,00068E3D57,Unknown
2009-06-24 22:16:36,000697B0DE,Unknown
2009-06-24 22:22:11,00068EAD8A,Unknown
2009-06-24 22:23:52,0006444F30,Unknown
2009-06-24 22:23:58,00068E2063,Unknown
2009-06-24 22:24:44,0005FE0832,Unknown
2009-06-24 22:25:10,00068E0587,Unknown
2009-06-24 22:27:11,00068E3D57,Unknown
2009-06-24 22:29:04,00060D7AE7,Unknown
2009-06-24 22:30:06,00068E2063,Unknown
2009-06-24 22:31:31,000697B0DE,Unknown
2009-06-24 22:35:38,00068EAD8A,Unknown
2009-06-24 22:35:57,00068E3862,Unknown
2009-06-24 22:37:03,0006444F30,Unknown
2009-06-24 22:37:30,0005FE0832,Unknown
2009-06-24 22:38:20,00060D7AE7,Unknown
2009-06-24 22:38:28,00065D9BC6,Unknown
2009-06-24 22:38:41,00068E0587,Unknown
2009-06-24 22:39:13,00068E3862,Unknown
2009-06-24 23:02:40,00068E17E7,Unknown
2009-06-24 23:08:27,00065D9BC6,Unknown
2009-06-24 23:09:15,00065D9BC6,Unknown
2009-06-24 23:17:48,00060D7AE7,Unknown
2009-06-24 23:23:12,00068E3862,Unknown
2009-06-24 23:24:02,00068E17E7,Unknown
2009-06-24 23:24:05,00068E3862,Unknown
2009-06-24 23:25:57,00068E3862,Unknown
2009-06-24 23:27:01,00060F66F2,Unknown
2009-06-24 23:27:46,0006979C67,Unknown
2009-06-24 23:29:20,00065EB6E2,Unknown
2009-06-24 23:29:30,00068E17E7,Unknown
2009-06-24 23:29:42,00061013E4,Unknown
2009-06-24 23:33:34,00068E17E7,Unknown
2009-06-24 23:36:16,00060D7AE7,Unknown
2009-06-24 23:40:00,00068E3862,Unknown
2009-06-24 23:41:03,000697BE7E,Unknown
2009-06-24 23:47:21,00068E0F02,Unknown
2009-06-24 23:47:34,00068E17E7,Unknown
2009-06-24 23:47:35,0006979C67,Unknown
2009-06-24 23:47:47,00068E17E7,Unknown
2009-06-24 23:48:13,00065EB6E2,Unknown
2009-06-24 23:50:24,000697BE7E,Unknown
2009-06-24 23:54:09,00061013E4,Unknown
2009-06-24 23:54:42,00060F66F2,Unknown
2009-06-24 23:55:57,00065D7D8B,Unknown
2009-06-24 23:58:12,00065D7D8B,Unknown
2009-06-25 00:00:57,00065D81D3,Unknown
2009-06-25 00:01:08,00065D81D3,Unknown
2009-06-25 00:02:35,00068E0DE6,Unknown
2009-06-25 00:02:41,00068E17E7,Unknown
2009-06-25 00:07:21,00068E3D73,Unknown
2009-06-25 00:09:06,00068EAD8A,Unknown
2009-06-25 00:09:20,00068EAD8A,Unknown
2009-06-25 00:09:38,00068E0F02,Unknown
2009-06-25 00:12:01,00065D7D8B,Unknown
2009-06-25 00:12:42,0006444F30,Unknown
2009-06-25 00:13:43,00068E17E7,Unknown
2009-06-25 00:13:50,00065EB6E2,Unknown
2009-06-25 00:13:59,00065D81D3,Unknown
2009-06-25 00:13:59,0006979C67,Unknown
2009-06-25 00:15:30,0006160637,Unknown
2009-06-25 00:15:41,0006160637,Unknown
2009-06-25 00:15:46,00060F66F2,Unknown
2009-06-25 00:16:03,00061013E4,Unknown
2009-06-25 00:19:09,00068E3D57,Unknown
2009-06-25 00:19:29,0006979C67,Unknown
2009-06-25 00:24:27,00060F66F2,Unknown
2009-06-25 00:26:17,00068E3D73,Unknown
2009-06-25 00:27:54,00068E17E7,Unknown
2009-06-25 00:29:55,00068EAD8A,Unknown
2009-06-25 00:31:21,00068E3D57,Unknown
2009-06-25 00:31:26,00061013E4,Unknown
2009-06-25 00:31:55,00068E17E7,Unknown
2009-06-25 00:35:31,0006160637,Unknown
2009-06-25 00:36:15,00060F66F2,Unknown
2009-06-25 00:38:44,00065EB6E2,Unknown
2009-06-25 00:39:15,00068E17E7,Unknown
2009-06-25 00:39:46,00068E3D57,Unknown
2009-06-25 00:40:41,00060FA7EA,Unknown
2009-06-25 00:41:53,00065D7D8B,Unknown
2009-06-25 00:42:04,00068E35E1,Unknown
2009-06-25 00:43:14,00068E3862,Unknown
2009-06-25 00:44:05,00060F66F2,Unknown
2009-06-25 00:46:17,00068E17E7,Unknown
2009-06-25 00:48:11,00068E3D73,Unknown
2009-06-25 00:49:07,00065DD7F6,Unknown
2009-06-25 00:49:46,00060FA7EA,Unknown
2009-06-25 00:49:58,0006444F30,Unknown
2009-06-25 00:50:06,00068E3862,Unknown
2009-06-25 00:50:29,00068E3D57,Unknown
2009-06-25 00:54:38,00068E3D73,Unknown
2009-06-25 00:56:18,00065D7D8B,Unknown
2009-06-25 00:56:43,0005FE0832,Unknown
2009-06-25 00:58:48,00065DD7F6,Unknown
2009-06-25 00:58:59,000697B0DE,Unknown
2009-06-25 00:59:10,000697B0DE,Unknown
2009-06-25 01:00:35,00068E17E7,Unknown
2009-06-25 01:01:01,0006444F30,Unknown
2009-06-25 01:01:19,000697A268,Unknown
2009-06-25 01:02:45,00068E35E1,Unknown
2009-06-25 01:05:16,0006979BE8,Unknown
2009-06-25 01:05:57,000697B0DE,Unknown
2009-06-25 01:14:35,0006444F30,Unknown
2009-06-25 01:15:30,000697A268,Unknown
2009-06-25 01:17:32,00065D9BC6,Unknown
2009-06-25 01:17:56,00060D7AE7,Unknown
2009-06-25 01:19:52,0006979BE8,Unknown
2009-06-25 01:27:53,0005FE0832,Unknown
2009-06-25 01:34:33,00068EAD8A,Unknown
2009-06-25 01:34:57,0006979C67,Unknown
2009-06-25 01:36:53,00060D7AE7,Unknown
2009-06-25 01:37:59,00068E2063,Unknown
2009-06-25 01:40:31,00061013E4,Unknown
2009-06-25 01:40:51,0006979B84,Unknown
2009-06-25 01:42:05,00068E0587,Unknown
2009-06-25 01:42:06,0006979B84,Unknown
2009-06-25 01:42:50,00060F66F2,Unknown
2009-06-25 01:44:29,0005FE0832,Unknown
2009-06-25 01:44:34,00068E3862,Unknown
2009-06-25 01:49:38,0005FE0832,Unknown
2009-06-25 01:54:53,00068E2063,Unknown
2009-06-25 01:55:41,00068EAD8A,Unknown
2009-06-25 01:55:51,0006979C67,Unknown
2009-06-25 01:56:30,00065D9BC6,Unknown
2009-06-25 01:57:29,00068E3862,Unknown
2009-06-25 01:59:07,00068E3D57,Unknown
2009-06-25 02:01:32,0005FE0832,Unknown
2009-06-25 02:01:48,00065EB6E2,Unknown
2009-06-25 02:02:58,0006979C67,Unknown
2009-06-25 02:03:01,00068E2063,Unknown
2009-06-25 02:03:13,00060D7AE7,Unknown
2009-06-25 02:03:25,00065D9BC6,Unknown
2009-06-25 02:04:07,00068E3862,Unknown
2009-06-25 02:04:12,00068E2063,Unknown
2009-06-25 02:05:07,00068E3862,Unknown
2009-06-25 02:07:34,00065D9BC6,Unknown
2009-06-25 02:07:39,00068E3D57,Unknown
2009-06-25 02:08:12,00065D81D3,Unknown
2009-06-25 02:08:54,00065D81D3,Unknown
2009-06-25 02:10:02,00068E2063,Unknown
2009-06-25 02:10:24,00065D81D3,Unknown
2009-06-25 02:12:10,0005FE0832,Unknown
2009-06-25 02:14:53,00068E3D73,Unknown
2009-06-25 02:15:04,0006979C67,Unknown
2009-06-25 02:17:02,00068E0587,Unknown
2009-06-25 02:17:39,00065EB6E2,Unknown
2009-06-25 02:18:00,00065EB6E2,Unknown
2009-06-25 02:18:01,00068E2063,Unknown
2009-06-25 02:18:14,000697B0DE,Unknown
2009-06-25 02:18:17,00065EB6E2,Unknown
2009-06-25 02:19:20,00065D81D3,Unknown
2009-06-25 02:19:36,00061013E4,Unknown
2009-06-25 02:20:06,0006979C67,Unknown
2009-06-25 02:22:17,00060D7AE7,Unknown
2009-06-25 02:23:03,00060F66F2,Unknown
2009-06-25 02:23:14,00068E3D73,Unknown
2009-06-25 02:23:40,0006979C67,Unknown
2009-06-25 02:24:00,00068E17E7,Unknown
2009-06-25 02:24:11,00068E17E7,Unknown
2009-06-25 02:26:39,0006444F30,Unknown
2009-06-25 02:26:43,00068E0DE6,Unknown
2009-06-25 02:26:58,00065EB6E2,Unknown
2009-06-25 02:27:04,00065D7D8B,Unknown
2009-06-25 02:27:22,00065D7D8B,Unknown
2009-06-25 02:27:24,00068E0587,Unknown
2009-06-25 02:28:10,00068E3D73,Unknown
2009-06-25 02:28:42,000697BE7E,Unknown
2009-06-25 02:29:13,00065EB6E2,Unknown
2009-06-25 02:29:53,00060F66F2,Unknown
2009-06-25 02:29:54,00065D81D3,Unknown
2009-06-25 02:30:07,00068E0587,Unknown
2009-06-25 02:30:53,00068E3862,Unknown
2009-06-25 02:31:50,0006444F30,Unknown
2009-06-25 02:32:22,00068E35E1,Unknown
2009-06-25 02:32:39,00068E3862,Unknown
2009-06-25 02:33:04,0006160637,Unknown
2009-06-25 02:33:13,00060D7AE7,Unknown
2009-06-25 02:35:38,00060D7AE7,Unknown
2009-06-25 02:35:44,00065DD7F6,Unknown
2009-06-25 02:35:55,00065DD7F6,Unknown
2009-06-25 02:38:00,00068E0F02,Unknown
2009-06-25 02:38:48,00065D81D3,Unknown
2009-06-25 02:38:51,00068E17E7,Unknown
2009-06-25 02:39:28,00065D7D8B,Unknown
2009-06-25 02:40:03,00068E3D73,Unknown
2009-06-25 02:44:00,00065D7D8B,Unknown
2009-06-25 02:44:17,00068E3D73,Unknown
2009-06-25 02:46:26,00060F66F2,Unknown
2009-06-25 02:48:42,00065D9BC6,Unknown
2009-06-25 02:49:56,0006160637,Unknown
2009-06-25 02:52:26,00065D7D8B,Unknown
2009-06-25 02:53:04,00068E3D73,Unknown
2009-06-25 02:54:41,00065D9BC6,Unknown
2009-06-25 02:55:50,00065DD7F6,Unknown
2009-06-25 03:01:33,000697BE7E,Unknown
2009-06-25 03:03:47,0006979B84,Unknown
2009-06-25 03:04:18,00068E35E1,Unknown
2009-06-25 03:04:37,0006160637,Unknown
2009-06-25 03:04:58,0006979B84,Unknown
2009-06-25 03:05:47,0006160637,Unknown
2009-06-25 03:05:55,0006979BE8,Unknown
2009-06-25 03:05:59,0006160637,Unknown
2009-06-25 03:06:10,0006160637,Unknown
2009-06-25 03:06:21,0006160637,Unknown
2009-06-25 03:08:48,000697BE7E,Unknown
2009-06-25 03:10:11,000697BE7E,Unknown
2009-06-25 03:10:44,000697BE7E,Unknown
2009-06-25 03:12:13,0006979BE8,Unknown
2009-06-25 03:16:00,0006979BE8,Unknown
2009-06-25 03:18:58,00068E2063,Unknown
2009-06-25 03:20:11,00068E2063,Unknown
2009-06-25 03:21:50,0006979BE8,Unknown
2009-06-25 03:22:19,0005FE0832,Unknown
2009-06-25 03:23:25,0005FE0832,Unknown
2009-06-25 03:25:02,00068E3D57,Unknown
2009-06-25 03:26:05,0006979C67,Unknown
2009-06-25 03:26:36,00068E3D57,Unknown
2009-06-25 03:26:54,00068E3D57,Unknown
2009-06-25 03:27:27,00068EAD8A,Unknown
2009-06-25 03:27:42,00068EAD8A,Unknown
2009-06-25 03:28:05,0006979C67,Unknown
2009-06-25 03:28:26,0006979C67,Unknown
2009-06-25 03:28:37,0006979C67,Unknown
2009-06-25 03:30:31,0006979C67,Unknown
2009-06-25 03:31:00,00060FA7EA,Unknown
2009-06-25 03:31:13,0006979C67,Unknown
2009-06-25 03:32:03,0006979C67,Unknown
2009-06-25 03:32:39,00060FA7EA,Unknown
2009-06-25 03:33:33,00060FA7EA,Unknown
2009-06-25 03:39:43,00068EAD8A,Unknown
2009-06-25 04:08:43,00061013E4,Unknown
2009-06-25 04:14:47,00068E17E7,Unknown
2009-06-25 04:16:02,00068E1C26,Unknown
2009-06-25 04:18:49,00068E1C26,Unknown
2009-06-25 04:22:26,00068E0DE6,Unknown
2009-06-25 04:25:48,00068E17E7,Unknown
2009-06-25 04:39:18,000697A268,Unknown
2009-06-25 04:39:18,0006979ABE,Unknown
2009-06-25 04:39:29,00061013E4,Unknown
2009-06-25 04:41:31,0006979B84,Unknown
2009-06-25 04:47:15,00068EAD8A,Unknown
2009-06-25 04:47:37,00060F66F2,Unknown
2009-06-25 04:47:42,00061D27AC,Unknown
2009-06-25 04:47:54,00068EAD8A,Unknown
2009-06-25 04:47:57,00068E1F71,Unknown
2009-06-25 04:48:39,00068E1FDB,Unknown
2009-06-25 04:50:44,00068E17E7,Unknown
2009-06-25 04:50:47,00068E3D73,Unknown
2009-06-25 04:51:00,00068E0F02,Unknown
2009-06-25 04:51:29,00068E35E1,Unknown
2009-06-25 04:51:44,000697B0DE,Unknown
2009-06-25 04:51:55,0006979BE8,Unknown
2009-06-25 04:52:08,0006979BE8,Unknown
2009-06-25 04:52:12,00065D81D3,Unknown
2009-06-25 04:52:22,00065DD7F6,Unknown
2009-06-25 04:52:28,00065D7D8B,Unknown
2009-06-25 04:53:21,00065D81D3,Unknown
2009-06-25 04:53:36,00065D81D3,Unknown
2009-06-25 04:53:50,00061013E4,Unknown
2009-06-25 04:54:08,00065D81D3,Unknown
2009-06-25 05:26:28,00068E35E1,Unknown
2009-06-25 05:32:14,00068E35E1,Unknown
2009-06-25 05:32:27,00068E35E1,Unknown
2009-06-25 05:33:12,00068E35E1,Unknown
2009-06-25 05:36:11,00068E35E1,Unknown
2009-06-25 05:36:30,00068E35E1,Unknown
2009-06-25 05:56:14,00068E35E1,Unknown
2009-06-25 08:39:03,00065E632D,Unknown
2009-06-25 09:35:16,00065E632D,Unknown
2009-06-25 09:44:24,00065E632D,Unknown
2009-06-25 10:54:24,8E602D0D0F,Unknown
2009-06-25 11:19:57,8E602D0D0F,Unknown
2009-06-25 18:30:17,8E602D0D0F,Unknown
2009-06-25 18:30:35,00065E632D,Unknown
2009-06-25 18:35:18,8E602D0D0F,Unknown
2009-06-25 18:37:09,8E602D0D0F,Unknown
2009-06-25 18:52:35,8E602D0D0F,Unknown
2009-06-25 19:09:51,8E602D0D0F,Unknown
2009-06-25 21:39:00,00065EA1D4,Unknown
2009-06-25 21:39:14,00065EA1D4,Unknown
2009-06-25 21:39:26,00065EA1D4,Unknown
2009-06-25 21:39:35,00065EC37B,Unknown
2009-06-25 21:39:37,00065EA1D4,Unknown
2009-06-25 21:39:43,000697BD11,Unknown
2009-06-25 21:40:21,00065DA08A,Unknown
2009-06-25 21:43:08,0005FE0832,Unknown
2009-06-25 21:43:20,0005FE0832,Unknown
2009-06-25 21:44:02,0005FE0832,Unknown
2009-06-25 21:44:42,0006979C67,Unknown
2009-06-25 21:44:47,00065DA08A,Unknown
2009-06-25 21:44:51,0006179D52,Unknown
2009-06-25 21:44:53,0006979C67,Unknown
2009-06-25 21:44:54,00068E3D73,Unknown
2009-06-25 21:45:05,0006179D52,Unknown
2009-06-25 21:45:32,00060F66F2,Unknown
2009-06-25 21:45:58,00060F66F2,Unknown
2009-06-25 21:46:25,00060F66F2,Unknown
2009-06-25 21:46:26,0006979BE8,Unknown
2009-06-25 21:47:07,00068E8B1B,Unknown
2009-06-25 21:47:20,00068E9134,Unknown
2009-06-25 21:48:00,0005FE0832,Unknown
2009-06-25 21:48:02,00068E17E7,Unknown
2009-06-25 21:48:14,00068E2063,Unknown
2009-06-25 21:48:28,00060F66F2,Unknown
2009-06-25 21:48:28,00060D7AE7,Unknown
2009-06-25 21:49:15,00068E0587,Unknown
2009-06-25 21:49:37,000697A268,Unknown
2009-06-25 21:49:49,00065DD7F6,Unknown
2009-06-25 21:50:09,000697BE7E,Unknown
2009-06-25 21:50:33,0006979863,Unknown
2009-06-25 21:50:43,00065D9BC6,Unknown
2009-06-25 21:50:56,00065D9BC6,Unknown
2009-06-25 21:51:22,0006444F30,Unknown
2009-06-25 21:52:24,0006160637,Unknown
2009-06-25 21:52:33,00068EA92B,Unknown
2009-06-25 21:52:40,00068E35E1,Unknown
2009-06-25 21:52:52,00068E1A46,Unknown
2009-06-25 21:52:59,00068E3546,Unknown
2009-06-25 21:53:24,00068E0F02,Unknown
2009-06-25 21:53:24,00068E3D57,Unknown
2009-06-25 21:54:01,0006979ABE,Unknown
2009-06-25 21:54:08,00068E1FDB,Unknown
2009-06-25 21:54:09,00061D3DC5,Unknown
2009-06-25 21:54:14,0006979ABE,Unknown
2009-06-25 21:54:17,00068E3862,Unknown
2009-06-25 21:54:25,0006979ABE,Unknown
2009-06-25 21:54:38,000697B0DE,Unknown
2009-06-25 21:55:02,00068E9134,Unknown
2009-06-25 21:55:03,00068E3546,Unknown
2009-06-25 21:55:08,00068E9C1A,Unknown
2009-06-25 21:55:23,00065D81D3,Unknown
2009-06-25 21:55:32,00068E3546,Unknown
2009-06-25 21:55:35,00065D81D3,Unknown
2009-06-25 21:55:42,00068E2227,Unknown
2009-06-25 21:57:46,00068E3435,Unknown
2009-06-25 21:57:55,0006979B84,Unknown
2009-06-25 21:58:07,0006979B84,Unknown
2009-06-25 21:58:27,00068E19F7,Unknown
2009-06-25 21:58:57,00065EC1B3,Unknown
2009-06-25 21:59:30,00060F600D,Unknown
2009-06-25 21:59:31,0001F7D573,Unknown
2009-06-25 21:59:49,00061013E4,Unknown
2009-06-25 21:59:56,00065D7D8B,Unknown
2009-06-25 22:00:10,000644514C,Unknown
2009-06-25 22:00:24,00065EB019,Unknown
2009-06-25 22:01:01,0000F8007E,Unknown
2009-06-25 22:01:12,0000F8007E,Unknown
2009-06-25 22:01:18,00061D27AC,Unknown
2009-06-25 22:01:21,00068E1F71,Unknown
2009-06-25 22:01:26,00068E1A38,Unknown
2009-06-25 22:01:51,00068E1C26,Unknown
2009-06-25 22:02:06,00068E1878,Unknown
2009-06-25 22:02:13,0006242035,Unknown
2009-06-25 22:02:34,0006979D37,Unknown
2009-06-25 22:02:49,000697D368,Unknown
2009-06-25 22:03:07,00068E0DE6,Unknown
2009-06-25 22:03:49,000697C596,Unknown
2009-06-25 22:04:47,00065EB6E2,Unknown
2009-06-25 22:08:40,00065EC37B,Unknown
2009-06-25 22:13:11,0006444F30,Unknown
2009-06-25 22:16:25,00065EC37B,Unknown
2009-06-25 22:17:22,00060FA7EA,Unknown
2009-06-25 22:20:18,0006979C67,Unknown
2009-06-25 22:20:22,00068E0587,Unknown
2009-06-25 22:20:35,0006444F30,Unknown
2009-06-25 22:21:11,0005FE0832,Unknown
2009-06-25 22:27:04,0006979C67,Unknown
2009-06-25 22:29:31,0005FE0832,Unknown
2009-06-25 22:29:35,00068E0587,Unknown
2009-06-25 22:30:09,00068E1A46,Unknown
2009-06-25 22:30:17,00068E3D73,Unknown
2009-06-25 22:30:31,00068E3D73,Unknown
2009-06-25 22:30:57,00068E3D73,Unknown
2009-06-25 22:32:27,0006444F30,Unknown
2009-06-25 22:34:22,0006444F30,Unknown
2009-06-25 22:34:31,00068E9134,Unknown
2009-06-25 22:37:10,00068EAD8A,Unknown
2009-06-25 22:37:21,00068EAD8A,Unknown
2009-06-25 22:38:04,00068EAD8A,Unknown
2009-06-25 22:39:01,00068E3D73,Unknown
2009-06-25 22:40:45,00065D9BC6,Unknown
2009-06-25 22:43:17,00065D9BC6,Unknown
2009-06-25 22:43:43,00065D9BC6,Unknown
2009-06-25 22:45:38,00068E9134,Unknown
2009-06-25 22:45:54,00068E2227,Unknown
2009-06-25 22:47:23,00068EAD8A,Unknown
2009-06-25 22:47:33,00068E1A46,Unknown
2009-06-25 22:47:46,00068E8B1B,Unknown
2009-06-25 22:48:00,00065EC37B,Unknown
2009-06-25 22:49:38,00068E2227,Unknown
2009-06-25 22:53:36,00068E3546,Unknown
2009-06-25 22:54:35,00068E17E7,Unknown
2009-06-25 22:54:56,00068E3862,Unknown
2009-06-25 22:55:03,00060D7AE7,Unknown
2009-06-25 22:56:04,00065D9BC6,Unknown
2009-06-25 22:56:17,00068E3862,Unknown
2009-06-25 22:57:53,00065D9BC6,Unknown
2009-06-25 22:59:21,00068E3435,Unknown
2009-06-25 22:59:33,00068E0587,Unknown
2009-06-25 23:00:28,00060D7AE7,Unknown
2009-06-25 23:00:45,000697C596,Unknown
2009-06-25 23:00:58,00068E0587,Unknown
2009-06-25 23:01:51,00068E3862,Unknown
2009-06-25 23:02:45,00060D7AE7,Unknown
2009-06-25 23:03:34,00068E0587,Unknown
2009-06-25 23:03:34,00060D7AE7,Unknown
2009-06-25 23:05:19,00068E3546,Unknown
2009-06-25 23:05:43,00001F5C08,Unknown
2009-06-25 23:06:02,00068E19F7,Unknown
2009-06-25 23:06:25,00068E17E7,Unknown
2009-06-25 23:07:00,00068E2063,Unknown
2009-06-25 23:07:07,00068E1A46,Unknown
2009-06-25 23:07:53,000697D368,Unknown
2009-06-25 23:07:55,00068E2063,Unknown
2009-06-25 23:08:17,00068E3435,Unknown
2009-06-25 23:09:15,00068E3862,Unknown
2009-06-25 23:11:23,00068E0587,Unknown
2009-06-25 23:11:46,00068EA92B,Unknown
2009-06-25 23:11:57,000697C596,Unknown
2009-06-25 23:12:12,00068E9C1A,Unknown
2009-06-25 23:12:42,0001F7D573,Unknown
2009-06-25 23:12:59,00068E35E1,Unknown
2009-06-25 23:13:34,00060F600D,Unknown
2009-06-25 23:13:57,00068E19F7,Unknown
2009-06-25 23:14:23,00068E17E7,Unknown
2009-06-25 23:15:38,00060F600D,Unknown
2009-06-25 23:16:58,00065EB019,Unknown
2009-06-25 23:18:32,00065EC37B,Unknown
2009-06-25 23:18:40,00068E9C1A,Unknown
2009-06-25 23:18:50,00068EA92B,Unknown
2009-06-25 23:18:58,00001F5C08,Unknown
2009-06-25 23:20:01,00068E1A46,Unknown
2009-06-25 23:20:04,00068E17E7,Unknown
2009-06-25 23:20:18,000697D368,Unknown
2009-06-25 23:21:37,00068E8B1B,Unknown
2009-06-25 23:24:54,00068E2227,Unknown
2009-06-25 23:25:08,00068E2063,Unknown
2009-06-25 23:25:47,0006444F30,Unknown
2009-06-25 23:26:06,00065EB019,Unknown
2009-06-25 23:26:35,0006444F30,Unknown
2009-06-25 23:27:25,00068E2063,Unknown
2009-06-25 23:29:26,00068E35E1,Unknown
2009-06-25 23:30:18,0006979863,Unknown
2009-06-25 23:31:14,00068E1878,Unknown
2009-06-25 23:31:25,00068E0DE6,Unknown
2009-06-25 23:31:29,00068E35E1,Unknown
2009-06-25 23:32:45,00068E35E1,Unknown
2009-06-25 23:33:42,00068E9134,Unknown
2009-06-25 23:34:33,00068E0DE6,Unknown
2009-06-25 23:35:51,0006979863,Unknown
2009-06-25 23:36:14,00065DD7F6,Unknown
2009-06-25 23:36:25,00065DD7F6,Unknown
2009-06-25 23:36:42,0001F7D573,Unknown
2009-06-25 23:36:49,0006242035,Unknown
2009-06-25 23:36:51,000644514C,Unknown
2009-06-25 23:36:55,0001F7D573,Unknown
2009-06-25 23:37:07,00065DD7F6,Unknown
2009-06-25 23:37:15,00065EA1D4,Unknown
2009-06-25 23:37:20,00068E19F7,Unknown
2009-06-25 23:37:26,00065EC37B,Unknown
2009-06-25 23:39:20,00060F66F2,Unknown
2009-06-25 23:39:40,00065D7D8B,Unknown
2009-06-25 23:39:58,00065D7D8B,Unknown
2009-06-25 23:39:59,00065EC37B,Unknown
2009-06-25 23:41:10,00068E2227,Unknown
2009-06-25 23:42:02,00068E0F02,Unknown
2009-06-25 23:42:08,00068E0587,Unknown
2009-06-25 23:43:46,00060F66F2,Unknown
2009-06-25 23:44:39,00068E19F7,Unknown
2009-06-25 23:44:41,00068E9134,Unknown
2009-06-25 23:45:43,00068E1878,Unknown
2009-06-25 23:47:04,00068E0587,Unknown
2009-06-25 23:47:11,000697BD11,Unknown
2009-06-25 23:48:07,00065EA1D4,Unknown
2009-06-25 23:48:40,00061013E4,Unknown
2009-06-25 23:49:46,000697B0DE,Unknown
2009-06-25 23:51:00,00068EA92B,Unknown
2009-06-25 23:51:20,00065EA1D4,Unknown
2009-06-25 23:52:00,000644514C,Unknown
2009-06-25 23:54:03,00068E0587,Unknown
2009-06-25 23:55:02,00065DA08A,Unknown
2009-06-25 23:55:18,000697B0DE,Unknown
2009-06-25 23:55:27,0006242035,Unknown
2009-06-25 23:57:09,00060F600D,Unknown
2009-06-25 23:57:10,00068E3862,Unknown
2009-06-25 23:57:19,000697B0DE,Unknown
2009-06-25 23:57:38,00065D7D8B,Unknown
2009-06-25 23:57:59,00065DD7F6,Unknown
2009-06-25 23:58:30,000697D368,Unknown
2009-06-25 23:58:36,00068E3862,Unknown
2009-06-25 23:58:49,00060F66F2,Unknown
2009-06-25 23:59:50,00065EA1D4,Unknown
2009-06-26 00:01:18,00060F66F2,Unknown
2009-06-26 00:01:24,00068E0587,Unknown
2009-06-26 00:01:39,00068E8B1B,Unknown
2009-06-26 00:02:14,00068E3435,Unknown
2009-06-26 00:03:33,00061013E4,Unknown
2009-06-26 00:04:37,00060F600D,Unknown
2009-06-26 00:05:00,00068E3D73,Unknown
2009-06-26 00:08:40,00065EC37B,Unknown
2009-06-26 00:10:08,00065EC1B3,Unknown
2009-06-26 00:10:20,0005FE0832,Unknown
2009-06-26 00:10:42,0005FE0832,Unknown
2009-06-26 00:12:59,00068EA92B,Unknown
2009-06-26 00:13:02,000697D368,Unknown
2009-06-26 00:13:04,00065EB019,Unknown
2009-06-26 00:13:06,00065D7D8B,Unknown
2009-06-26 00:13:07,00001F5C08,Unknown
2009-06-26 00:13:19,00065D7D8B,Unknown
2009-06-26 00:13:48,00068E3435,Unknown
2009-06-26 00:13:51,00068E9C1A,Unknown
2009-06-26 00:15:14,0005FE0832,Unknown
2009-06-26 00:15:27,0005FE0832,Unknown
2009-06-26 00:15:53,000697BD11,Unknown
2009-06-26 00:16:29,00068E0587,Unknown
2009-06-26 00:18:12,00065EC1B3,Unknown
2009-06-26 00:19:07,00068E1A46,Unknown
2009-06-26 00:20:30,00065EB019,Unknown
2009-06-26 00:20:38,00068E0587,Unknown
2009-06-26 00:22:27,00068E3D73,Unknown
2009-06-26 00:24:29,00001F5C08,Unknown
2009-06-26 00:24:41,00068E3D57,Unknown
2009-06-26 00:25:09,00068E1A46,Unknown
2009-06-26 00:25:09,0006179D52,Unknown
2009-06-26 00:25:26,000697BE7E,Unknown
2009-06-26 00:25:39,00068E0587,Unknown
2009-06-26 00:26:33,00065D7D8B,Unknown
2009-06-26 00:27:12,00068E0587,Unknown
2009-06-26 00:28:06,00068E3546,Unknown
2009-06-26 00:28:07,000697BE7E,Unknown
2009-06-26 00:28:22,0006160637,Unknown
2009-06-26 00:28:54,00060F66F2,Unknown
2009-06-26 00:29:33,00061013E4,Unknown
2009-06-26 00:30:26,00068E3D57,Unknown
2009-06-26 00:30:47,00068E9C1A,Unknown
2009-06-26 00:30:56,00065EC37B,Unknown
2009-06-26 00:31:10,00065DA08A,Unknown
2009-06-26 00:32:07,0006979C67,Unknown
2009-06-26 00:32:35,00061013E4,Unknown
2009-06-26 00:32:40,0006242035,Unknown
2009-06-26 00:32:42,00060F66F2,Unknown
2009-06-26 00:32:44,00068E1878,Unknown
2009-06-26 00:33:57,00068E3D57,Unknown
2009-06-26 00:34:43,00065EC37B,Unknown
2009-06-26 00:35:33,00068E19F7,Unknown
2009-06-26 00:36:18,00068E1878,Unknown
2009-06-26 00:36:23,00068E2227,Unknown
2009-06-26 00:36:32,00068E1878,Unknown
2009-06-26 00:39:23,00065D81D3,Unknown
2009-06-26 00:39:34,00065EA1D4,Unknown
2009-06-26 00:39:59,00068E3546,Unknown
2009-06-26 00:40:02,00068E19F7,Unknown
2009-06-26 00:40:15,00068E3D73,Unknown
2009-06-26 00:40:17,000697C596,Unknown
2009-06-26 00:41:14,00060F66F2,Unknown
2009-06-26 00:41:31,00068E3D57,Unknown
2009-06-26 00:41:57,00065DA08A,Unknown
2009-06-26 00:42:12,00061013E4,Unknown
2009-06-26 00:42:50,00065EA1D4,Unknown
2009-06-26 00:43:15,0001F7D573,Unknown
2009-06-26 00:44:10,00068E3D73,Unknown
2009-06-26 00:44:43,00068E3546,Unknown
2009-06-26 00:45:01,00068E19F7,Unknown
2009-06-26 00:45:08,00068E0F02,Unknown
2009-06-26 00:46:30,00065EC37B,Unknown
2009-06-26 00:46:34,00060F66F2,Unknown
2009-06-26 00:46:39,0006160637,Unknown
2009-06-26 00:47:44,00065D81D3,Unknown
2009-06-26 00:48:01,00068E9C1A,Unknown
2009-06-26 00:48:05,00065EB019,Unknown
2009-06-26 00:48:09,00065EA1D4,Unknown
2009-06-26 00:48:34,0006979C67,Unknown
2009-06-26 00:48:43,00068E3546,Unknown
2009-06-26 00:48:46,00068E19F7,Unknown
2009-06-26 00:49:21,00068E2227,Unknown
2009-06-26 00:49:41,00068E3546,Unknown
2009-06-26 00:50:14,00068E3546,Unknown
2009-06-26 00:50:35,0005FE0832,Unknown
2009-06-26 00:51:18,00068EA92B,Unknown
2009-06-26 00:51:33,00061013E4,Unknown
2009-06-26 00:51:48,00065EB019,Unknown
2009-06-26 00:52:07,0006979C67,Unknown
2009-06-26 00:52:46,00065DA08A,Unknown
2009-06-26 00:53:03,0006979C67,Unknown
2009-06-26 00:53:20,00068E17E7,Unknown
2009-06-26 00:53:46,0006979C67,Unknown
2009-06-26 00:56:00,00060F600D,Unknown
2009-06-26 00:56:46,0006242035,Unknown
2009-06-26 00:56:53,00060F66F2,Unknown
2009-06-26 00:57:23,00068E1A46,Unknown
2009-06-26 00:57:36,00065EB6E2,Unknown
2009-06-26 00:58:13,00068E0F02,Unknown
2009-06-26 00:58:37,00065EB6E2,Unknown
2009-06-26 00:59:08,00068EAD8A,Unknown
2009-06-26 00:59:13,00065EB6E2,Unknown
2009-06-26 01:02:02,000644514C,Unknown
2009-06-26 01:02:27,00068E3435,Unknown
2009-06-26 01:02:52,00060F66F2,Unknown
2009-06-26 01:03:23,00065EC37B,Unknown
2009-06-26 01:03:43,00068E19F7,Unknown
2009-06-26 01:04:42,00060FA7EA,Unknown
2009-06-26 01:05:36,000697BD11,Unknown
2009-06-26 01:06:08,00068E2227,Unknown
2009-06-26 01:07:00,00060F600D,Unknown
2009-06-26 01:07:17,00068E1A46,Unknown
2009-06-26 01:07:32,00068E1A46,Unknown
2009-06-26 01:07:39,00068E17E7,Unknown
2009-06-26 01:07:39,00060FA7EA,Unknown
2009-06-26 01:07:58,0006160637,Unknown
2009-06-26 01:08:09,0006160637,Unknown
2009-06-26 01:08:33,00065EC37B,Unknown
2009-06-26 01:09:38,0006160637,Unknown
2009-06-26 01:10:49,00068E2227,Unknown
2009-06-26 01:10:55,00068E19F7,Unknown
2009-06-26 01:12:54,0006979863,Unknown
2009-06-26 01:13:01,00068E35E1,Unknown
2009-06-26 01:13:44,00068E3435,Unknown
2009-06-26 01:15:15,0005FE0832,Unknown
2009-06-26 01:16:30,00068EAD8A,Unknown
2009-06-26 01:17:52,00068E3D73,Unknown
2009-06-26 01:19:19,00068E0DE6,Unknown
2009-06-26 01:19:51,00065EB019,Unknown
2009-06-26 01:19:51,000697D368,Unknown
2009-06-26 01:20:34,000644514C,Unknown
2009-06-26 01:20:53,00068E0DE6,Unknown
2009-06-26 01:22:22,0005FE0832,Unknown
2009-06-26 01:23:14,00068E1A46,Unknown
2009-06-26 01:23:48,00065DA08A,Unknown
2009-06-26 01:23:58,0005FE0832,Unknown
2009-06-26 01:24:42,00068E3D73,Unknown
2009-06-26 01:24:46,00001F5C08,Unknown
2009-06-26 01:25:32,00068EA92B,Unknown
2009-06-26 01:26:56,00065EA1D4,Unknown
2009-06-26 01:27:23,000697BD11,Unknown
2009-06-26 01:28:09,00065EA1D4,Unknown
2009-06-26 01:28:55,000697C596,Unknown
2009-06-26 01:29:44,00065EC37B,Unknown
2009-06-26 01:31:02,00068E2227,Unknown
2009-06-26 01:31:18,00068E1878,Unknown
2009-06-26 01:31:26,000697D368,Unknown
2009-06-26 01:33:39,0006979ABE,Unknown
2009-06-26 01:33:52,00068E35E1,Unknown
2009-06-26 01:34:08,0006979ABE,Unknown
2009-06-26 01:34:49,00068E17E7,Unknown
2009-06-26 01:37:46,00068E3546,Unknown
2009-06-26 01:38:46,0006979BE8,Unknown
2009-06-26 01:39:04,00065EC1B3,Unknown
2009-06-26 01:39:08,00068E1A46,Unknown
2009-06-26 01:39:11,0006979BE8,Unknown
2009-06-26 01:40:33,00065EC1B3,Unknown
2009-06-26 01:40:42,00065EA1D4,Unknown
2009-06-26 01:44:04,00068E2227,Unknown
2009-06-26 01:44:43,0006979BE8,Unknown
2009-06-26 01:45:11,00001F5C08,Unknown
2009-06-26 01:46:07,00061013E4,Unknown
2009-06-26 01:46:21,00061013E4,Unknown
2009-06-26 01:47:39,00068E3546,Unknown
2009-06-26 01:48:37,00068E3435,Unknown
2009-06-26 01:49:16,00068E1878,Unknown
2009-06-26 01:49:45,0006979ABE,Unknown
2009-06-26 01:50:54,0006979BE8,Unknown
2009-06-26 01:51:04,0006979863,Unknown
2009-06-26 01:51:13,00068E3D73,Unknown
2009-06-26 01:52:12,0006979ABE,Unknown
2009-06-26 01:53:41,00068E3546,Unknown
2009-06-26 01:53:46,00065EC37B,Unknown
2009-06-26 01:53:49,00065EC1B3,Unknown
2009-06-26 01:54:05,00065EB019,Unknown
2009-06-26 01:55:16,0006979BE8,Unknown
2009-06-26 01:55:33,00065DA08A,Unknown
2009-06-26 01:55:45,0006242035,Unknown
2009-06-26 01:55:52,00065D81D3,Unknown
2009-06-26 01:56:35,00068E8B1B,Unknown
2009-06-26 01:56:44,0006179D52,Unknown
2009-06-26 01:57:11,00068E3435,Unknown
2009-06-26 01:57:17,00065EC1B3,Unknown
2009-06-26 01:57:25,00068EAD8A,Unknown
2009-06-26 01:58:23,00068EA92B,Unknown
2009-06-26 01:59:26,00068E3546,Unknown
2009-06-26 01:59:58,00068E19F7,Unknown
2009-06-26 02:00:03,00068E3D57,Unknown
2009-06-26 02:00:55,00068E17E7,Unknown
2009-06-26 02:01:05,00065D7D8B,Unknown
2009-06-26 02:02:02,00065EC1B3,Unknown
2009-06-26 02:02:05,00061013E4,Unknown
2009-06-26 02:02:29,00068E3D57,Unknown
2009-06-26 02:02:42,000697BD11,Unknown
2009-06-26 02:02:52,00068E3D57,Unknown
2009-06-26 02:04:16,00065EC1B3,Unknown
2009-06-26 02:04:43,0001F7D573,Unknown
2009-06-26 02:05:11,00068E9134,Unknown
2009-06-26 02:06:14,00068E17E7,Unknown
2009-06-26 02:06:37,000697B0DE,Unknown
2009-06-26 02:06:38,0006979BE8,Unknown
2009-06-26 02:07:21,00068E2227,Unknown
2009-06-26 02:07:23,000697D368,Unknown
2009-06-26 02:07:48,00065EC1B3,Unknown
2009-06-26 02:09:02,00068E19F7,Unknown
2009-06-26 02:09:26,00065EC1B3,Unknown
2009-06-26 02:09:43,00068E2227,Unknown
2009-06-26 02:10:29,000697B0DE,Unknown
2009-06-26 02:11:34,0006979863,Unknown
2009-06-26 02:12:09,00068E3D73,Unknown
2009-06-26 02:13:44,00065D81D3,Unknown
2009-06-26 02:14:20,0006242035,Unknown
2009-06-26 02:14:33,00068E17E7,Unknown
2009-06-26 02:14:43,00068EA92B,Unknown
2009-06-26 02:15:16,00060F600D,Unknown
2009-06-26 02:16:50,000697BD11,Unknown
2009-06-26 02:17:26,00068E9134,Unknown
2009-06-26 02:18:09,00068E1878,Unknown
2009-06-26 02:18:40,00068E9C1A,Unknown
2009-06-26 02:18:57,00065EC37B,Unknown
2009-06-26 02:19:06,00060F66F2,Unknown
2009-06-26 02:19:08,00068E2227,Unknown
2009-06-26 02:19:09,00065EB019,Unknown
2009-06-26 02:19:31,00068E1A46,Unknown
2009-06-26 02:20:30,00068EAD8A,Unknown
2009-06-26 02:20:55,000697D368,Unknown
2009-06-26 02:21:14,00060F600D,Unknown
2009-06-26 02:21:44,00068E35E1,Unknown
2009-06-26 02:22:21,000697A268,Unknown
2009-06-26 02:24:35,00065EB019,Unknown
2009-06-26 02:26:10,0001F7D573,Unknown
2009-06-26 02:26:33,000697BD11,Unknown
2009-06-26 02:27:20,00065DD7F6,Unknown
2009-06-26 02:27:32,00065DD7F6,Unknown
2009-06-26 02:27:49,00065DD7F6,Unknown
2009-06-26 02:28:15,00065DD7F6,Unknown
2009-06-26 02:30:10,00065D7D8B,Unknown
2009-06-26 02:30:12,00065DD7F6,Unknown
2009-06-26 02:30:27,00065DD7F6,Unknown
2009-06-26 02:30:46,00065DD7F6,Unknown
2009-06-26 02:30:56,00068E2227,Unknown
2009-06-26 02:32:30,00065DA08A,Unknown
2009-06-26 02:32:50,000697C596,Unknown
2009-06-26 02:35:50,00068E1878,Unknown
2009-06-26 02:36:05,00001F5C08,Unknown
2009-06-26 02:37:30,00068E1A46,Unknown
2009-06-26 02:38:10,00065EC1B3,Unknown
2009-06-26 02:38:22,00068E3435,Unknown
2009-06-26 02:38:30,00068E3D73,Unknown
2009-06-26 02:41:31,0006979ABE,Unknown
2009-06-26 02:41:36,00068E8B1B,Unknown
2009-06-26 02:42:40,0006979863,Unknown
2009-06-26 02:43:03,00068E9C1A,Unknown
2009-06-26 02:43:20,000697C596,Unknown
2009-06-26 02:43:40,00065EC1B3,Unknown
2009-06-26 02:44:32,00068E35E1,Unknown
2009-06-26 02:46:15,000697A268,Unknown
2009-06-26 02:47:03,000644514C,Unknown
2009-06-26 02:47:10,00068E19F7,Unknown
2009-06-26 02:47:10,0006979ABE,Unknown
2009-06-26 02:47:55,00060F66F2,Unknown
2009-06-26 02:48:21,00068E3546,Unknown
2009-06-26 02:49:11,00068EA92B,Unknown
2009-06-26 02:49:17,000644514C,Unknown
2009-06-26 02:50:01,000644514C,Unknown
2009-06-26 02:50:11,00068E3435,Unknown
2009-06-26 02:50:55,000697BD11,Unknown
2009-06-26 02:51:53,00068E3D73,Unknown
2009-06-26 02:52:29,0006979863,Unknown
2009-06-26 02:52:39,00065DA08A,Unknown
2009-06-26 02:52:56,00060F600D,Unknown
2009-06-26 02:53:08,0006242035,Unknown
2009-06-26 02:53:57,00068E19F7,Unknown
2009-06-26 02:54:47,00065DD7F6,Unknown
2009-06-26 02:56:32,00068E2227,Unknown
2009-06-26 02:56:53,00068E8B1B,Unknown
2009-06-26 02:57:37,00068E9134,Unknown
2009-06-26 02:58:47,00001F5C08,Unknown
2009-06-26 03:00:33,00068E3546,Unknown
2009-06-26 03:00:46,000644514C,Unknown
2009-06-26 03:01:08,0006242035,Unknown
2009-06-26 03:04:41,00060F600D,Unknown
2009-06-26 03:07:44,00068E2227,Unknown
2009-06-26 03:08:45,00068E9C1A,Unknown
2009-06-26 03:09:30,000697D368,Unknown
2009-06-26 03:09:49,00060F66F2,Unknown
2009-06-26 03:10:03,00061013E4,Unknown
2009-06-26 03:11:27,00065D81D3,Unknown
2009-06-26 03:11:51,00065D81D3,Unknown
2009-06-26 03:12:45,00065EC1B3,Unknown
2009-06-26 03:13:08,0001F7D573,Unknown
2009-06-26 03:13:52,00061013E4,Unknown
2009-06-26 03:14:29,00068E9134,Unknown
2009-06-26 03:16:38,00065DA08A,Unknown
2009-06-26 03:17:10,00065EC37B,Unknown
2009-06-26 03:17:37,00065EC1B3,Unknown
2009-06-26 03:17:51,000697D368,Unknown
2009-06-26 03:18:21,00068E9C1A,Unknown
2009-06-26 03:19:16,00068E17E7,Unknown
2009-06-26 03:20:27,00068E1878,Unknown
2009-06-26 03:20:53,000697C596,Unknown
2009-06-26 03:21:14,00065D81D3,Unknown
2009-06-26 03:21:40,00068E1A46,Unknown
2009-06-26 03:22:46,00068E9C1A,Unknown
2009-06-26 03:23:47,00065EA1D4,Unknown
2009-06-26 03:24:33,0006979B84,Unknown
2009-06-26 03:24:52,0001F7D573,Unknown
2009-06-26 03:25:00,00068EA92B,Unknown
2009-06-26 03:25:34,00065D7D8B,Unknown
2009-06-26 03:27:29,00065DA08A,Unknown
2009-06-26 03:27:30,00068E1878,Unknown
2009-06-26 03:30:49,0006979B84,Unknown
2009-06-26 03:34:58,00068E3435,Unknown
2009-06-26 03:36:26,000697BD11,Unknown
2009-06-26 03:36:50,00061013E4,Unknown
2009-06-26 03:39:59,00068E3435,Unknown
2009-06-26 03:40:22,0006979863,Unknown
2009-06-26 03:42:46,00068E8B1B,Unknown
2009-06-26 03:50:37,00065EC37B,Unknown
2009-06-26 03:51:06,000697BD11,Unknown
2009-06-26 03:52:17,00065EA1D4,Unknown
2009-06-26 03:57:15,00061013E4,Unknown
2009-06-26 03:58:32,00065EC37B,Unknown
2009-06-26 04:00:57,00068EAD8A,Unknown
2009-06-26 04:01:09,00068EAD8A,Unknown
2009-06-26 04:03:12,00061013E4,Unknown
2009-06-26 04:03:16,00068E9C1A,Unknown
2009-06-26 04:06:51,00065EA1D4,Unknown
2009-06-26 04:13:58,00068E9C1A,Unknown
2009-06-26 04:17:13,00068EA92B,Unknown
2009-06-26 04:18:03,00065EC1B3,Unknown
2009-06-26 04:21:31,00068EAD8A,Unknown
2009-06-26 04:23:35,00061D3DC5,Unknown
2009-06-26 04:27:50,00068E1878,Unknown
2009-06-26 04:28:25,00065EC37B,Unknown
2009-06-26 04:29:09,00068E9134,Unknown
2009-06-26 04:29:49,00068E3546,Unknown
2009-06-26 04:31:03,000644514C,Unknown
2009-06-26 04:32:14,00068E8B1B,Unknown
2009-06-26 04:36:31,00065EA1D4,Unknown
2009-06-26 04:36:46,00068E19F7,Unknown
2009-06-26 04:38:45,0006979863,Unknown
2009-06-26 04:39:14,00068E1A46,Unknown
2009-06-26 04:39:21,00068E2227,Unknown
2009-06-26 04:39:53,000697D368,Unknown
2009-06-26 04:42:21,00068E9134,Unknown
2009-06-26 04:43:27,00001F5C08,Unknown
2009-06-26 04:43:36,000697BD11,Unknown
2009-06-26 04:44:54,00068E0DE6,Unknown
2009-06-26 04:45:11,000697A268,Unknown
2009-06-26 04:45:42,0006979ABE,Unknown
2009-06-26 04:47:13,00068E3435,Unknown
2009-06-26 04:47:48,00060F600D,Unknown
2009-06-26 04:48:18,00068E3D73,Unknown
2009-06-26 04:50:53,00061013E4,Unknown
2009-06-26 04:51:57,00060F66F2,Unknown
2009-06-26 04:52:45,00065DD7F6,Unknown
2009-06-26 04:53:05,00065DD7F6,Unknown
2009-06-26 04:53:12,00065DA08A,Unknown
2009-06-26 04:53:44,000697D368,Unknown
2009-06-26 04:53:46,00065DD7F6,Unknown
2009-06-26 04:53:54,00068E9134,Unknown
2009-06-26 04:54:16,00065DD7F6,Unknown
2009-06-26 04:54:17,0000F8007E,Unknown
2009-06-26 04:54:30,00065DD7F6,Unknown
2009-06-26 04:54:39,0001F7D573,Unknown
2009-06-26 04:55:01,00065DD7F6,Unknown
2009-06-26 04:55:41,00065DD7F6,Unknown
2009-06-26 04:56:05,00065DD7F6,Unknown
2009-06-26 04:56:18,00065DD7F6,Unknown
2009-06-26 04:56:30,00065D7D8B,Unknown
2009-06-26 04:56:42,00065D7D8B,Unknown
2009-06-26 04:57:02,00065D7D8B,Unknown
2009-06-26 04:57:24,00065D7D8B,Unknown
2009-06-26 04:58:10,0006242035,Unknown
2009-06-26 04:58:49,00068E17E7,Unknown
2009-06-26 04:59:00,00068E17E7,Unknown
2009-06-26 04:59:17,0006979B84,Unknown
2009-06-26 04:59:37,00068E1C26,Unknown
2009-06-26 05:00:26,0006979BE8,Unknown
2009-06-26 05:02:21,00068E1FDB,Unknown
2009-06-26 05:02:32,000697B0DE,Unknown
2009-06-26 05:02:35,00068EAD8A,Unknown
2009-06-26 05:02:43,000697B0DE,Unknown
2009-06-26 05:02:49,00068EAD8A,Unknown
2009-06-26 05:03:02,000697B0DE,Unknown
2009-06-26 05:03:16,00065D81D3,Unknown
2009-06-26 05:03:34,000697B0DE,Unknown
2009-06-26 05:04:12,00065D81D3,Unknown
2009-06-26 05:04:33,00065D81D3,Unknown
2009-06-26 05:04:57,00065D81D3,Unknown
2009-06-26 05:05:11,00065D81D3,Unknown
2009-06-26 08:29:59,00065E632D,Unknown
2009-06-26 09:34:16,00065E632D,Unknown
2009-06-26 09:51:13,00065E632D,Unknown
2009-06-26 09:53:02,00065E632D,Unknown
2009-06-26 10:01:14,00065E632D,Unknown
2009-06-26 11:08:35,8E602D0D0F,Unknown
2009-06-26 11:17:37,8E602D0D0F,Unknown
2009-06-26 11:25:38,8E602D0D0F,Unknown
2009-06-26 19:38:40,8E602D0D0F,Unknown
2009-06-26 19:39:42,00065E632D,Unknown
2009-06-26 20:06:09,8E602D0D0F,Unknown
2009-06-26 20:07:14,00065E632D,Unknown
2009-06-26 20:25:46,8E602D0D0F,Unknown
2009-06-26 20:26:26,00065E632D,Unknown
2009-06-26 20:37:14,8E602D0D0F,Unknown
2009-06-26 20:38:23,00065E632D,Unknown
2009-06-26 21:24:21,00065EB6E2,Unknown
2009-06-26 21:24:36,00065EB6E2,Unknown
2009-06-26 21:24:49,00065EB6E2,Unknown
2009-06-26 21:25:07,00065EB6E2,Unknown
2009-06-26 21:25:40,00065EB6E2,Unknown
2009-06-26 21:31:00,00068E17E7,Unknown
2009-06-26 21:36:32,8E602D0D0F,Unknown
2009-06-26 21:37:20,00065E632D,Unknown
2009-06-26 21:37:54,0005FE0832,Unknown
2009-06-26 21:38:10,0005FE0832,Unknown
2009-06-26 21:39:44,00068E0587,Unknown
2009-06-26 21:40:11,00068E0587,Unknown
2009-06-26 21:40:14,0006160637,Unknown
2009-06-26 21:40:22,00068E3D57,Unknown
2009-06-26 21:40:24,0006444F30,Unknown
2009-06-26 21:40:30,000697BE7E,Unknown
2009-06-26 21:42:27,00065EB6E2,Unknown
2009-06-26 21:44:16,0006979C67,Unknown
2009-06-26 21:44:20,00068E3862,Unknown
2009-06-26 21:44:52,00060D7AE7,Unknown
2009-06-26 21:45:05,00060D7AE7,Unknown
2009-06-26 21:45:17,00068E2063,Unknown
2009-06-26 21:45:29,00068E3D73,Unknown
2009-06-26 21:46:05,00065D9BC6,Unknown
2009-06-26 21:46:18,00065D9BC6,Unknown
2009-06-26 21:46:46,00061D3DC5,Unknown
2009-06-26 21:49:22,00065EA1D4,Unknown
2009-06-26 21:49:41,00065EA1D4,Unknown
2009-06-26 21:50:06,00068E9C1A,Unknown
2009-06-26 21:50:39,00068E8B1B,Unknown
2009-06-26 21:50:47,0001F7D573,Unknown
2009-06-26 21:51:06,00065DA08A,Unknown
2009-06-26 21:51:26,0006979BE8,Unknown
2009-06-26 21:52:00,00068E1A38,Unknown
2009-06-26 21:52:07,00060FA7EA,Unknown
2009-06-26 21:52:51,00068E19F7,Unknown
2009-06-26 21:53:14,0006979D37,Unknown
2009-06-26 21:53:20,000697BD11,Unknown
2009-06-26 21:53:25,0006242035,Unknown
2009-06-26 21:53:40,00068E1FDB,Unknown
2009-06-26 21:54:12,00068EAD8A,Unknown
2009-06-26 21:54:22,00065D81D3,Unknown
2009-06-26 21:54:29,00068E3546,Unknown
2009-06-26 21:54:32,00068E2227,Unknown
2009-06-26 21:54:58,00065DD7F6,Unknown
2009-06-26 21:55:31,00065EC37B,Unknown
2009-06-26 21:56:36,00068E9134,Unknown
2009-06-26 21:56:43,00068E3435,Unknown
2009-06-26 21:57:00,00065EB019,Unknown
2009-06-26 21:57:03,00060F600D,Unknown
2009-06-26 21:57:12,00060F66F2,Unknown
2009-06-26 21:57:22,000697D368,Unknown
2009-06-26 21:57:59,0006979ABE,Unknown
2009-06-26 21:58:20,00065EC1B3,Unknown
2009-06-26 21:58:39,0006979ABE,Unknown
2009-06-26 21:58:48,00068E35E1,Unknown
2009-06-26 21:58:51,0006979B84,Unknown
2009-06-26 21:58:53,00068E1878,Unknown
2009-06-26 21:58:58,0006979863,Unknown
2009-06-26 21:59:21,000697B0DE,Unknown
2009-06-26 22:00:07,0006179D52,Unknown
2009-06-26 22:01:42,00068EA92B,Unknown
2009-06-26 22:02:21,000697C596,Unknown
2009-06-26 22:02:23,00068E0DE6,Unknown
2009-06-26 22:02:29,00068E1F71,Unknown
2009-06-26 22:02:40,00068E0F02,Unknown
2009-06-26 22:02:43,000644514C,Unknown
2009-06-26 22:03:31,00061013E4,Unknown
2009-06-26 22:03:55,00001F5C08,Unknown
2009-06-26 22:04:34,00068E1C26,Unknown
2009-06-26 22:04:52,00061D27AC,Unknown
2009-06-26 22:09:54,00068E8B1B,Unknown
2009-06-26 22:14:50,0006979863,Unknown
2009-06-26 22:15:06,0006444F30,Unknown
2009-06-26 22:18:01,0006979C67,Unknown
2009-06-26 22:18:19,00068E8B1B,Unknown
2009-06-26 22:20:02,0006444F30,Unknown
2009-06-26 22:22:22,0006979C67,Unknown
2009-06-26 22:24:32,00068E1A46,Unknown
2009-06-26 22:28:52,0006444F30,Unknown
2009-06-26 22:32:08,0005FE0832,Unknown
2009-06-26 22:32:19,0005FE0832,Unknown
2009-06-26 22:32:21,0006444F30,Unknown
2009-06-26 22:32:51,000697BE7E,Unknown
2009-06-26 22:32:56,00060D7AE7,Unknown
2009-06-26 22:33:42,000697BE7E,Unknown
2009-06-26 22:34:18,0005FE0832,Unknown
2009-06-26 22:34:48,0006979863,Unknown
2009-06-26 22:36:40,00065D9BC6,Unknown
2009-06-26 22:36:57,00065D9BC6,Unknown
2009-06-26 22:37:01,00060D7AE7,Unknown
2009-06-26 22:37:01,00068E3D57,Unknown
2009-06-26 22:38:05,00068E1A46,Unknown
2009-06-26 22:40:31,0001F7D573,Unknown
2009-06-26 22:40:36,0006979C67,Unknown
2009-06-26 22:40:44,00068E3D57,Unknown
2009-06-26 22:41:52,0006979C67,Unknown
2009-06-26 22:47:54,0005FE0832,Unknown
2009-06-26 22:48:13,00065D9BC6,Unknown
2009-06-26 22:48:53,00068E3862,Unknown
2009-06-26 22:49:09,00068E8B1B,Unknown
2009-06-26 22:49:24,00068E3862,Unknown
2009-06-26 22:49:41,00065EA1D4,Unknown
2009-06-26 22:50:40,0005FE0832,Unknown
2009-06-26 22:50:43,00068E3D57,Unknown
2009-06-26 22:50:51,0005FE0832,Unknown
2009-06-26 22:52:17,00068E3D57,Unknown
2009-06-26 22:53:16,00068E8B1B,Unknown
2009-06-26 22:55:38,0006979863,Unknown
2009-06-26 22:56:12,0005FE0832,Unknown
2009-06-26 22:56:42,00068E3D73,Unknown
2009-06-26 22:57:41,00068E3D73,Unknown
2009-06-26 22:57:55,00068E3D73,Unknown
2009-06-26 22:57:59,0006160637,Unknown
2009-06-26 22:58:07,00068E3D73,Unknown
2009-06-26 22:58:59,000697BE7E,Unknown
2009-06-26 23:01:02,0005FE0832,Unknown
2009-06-26 23:02:22,00068E9134,Unknown
2009-06-26 23:02:27,000697BE7E,Unknown
2009-06-26 23:02:48,00065EA1D4,Unknown
2009-06-26 23:03:10,00065EA1D4,Unknown
2009-06-26 23:03:22,00065EA1D4,Unknown
2009-06-26 23:04:07,0006160637,Unknown
2009-06-26 23:05:15,00065D9BC6,Unknown
2009-06-26 23:06:02,0006979C67,Unknown
2009-06-26 23:06:07,00060F600D,Unknown
2009-06-26 23:06:28,00068E8B1B,Unknown
2009-06-26 23:07:11,00065D9BC6,Unknown
2009-06-26 23:07:54,0006979C67,Unknown
2009-06-26 23:08:41,00068E19F7,Unknown
2009-06-26 23:08:47,0006979C67,Unknown
2009-06-26 23:08:57,00068E35E1,Unknown
2009-06-26 23:09:15,00068E3D57,Unknown
2009-06-26 23:09:34,00068E3D57,Unknown
2009-06-26 23:09:44,00068E3D73,Unknown
2009-06-26 23:10:03,0006979C67,Unknown
2009-06-26 23:10:09,00068E2063,Unknown
2009-06-26 23:10:23,0006979C67,Unknown
2009-06-26 23:10:25,00068E3862,Unknown
2009-06-26 23:11:27,00068E0587,Unknown
2009-06-26 23:11:38,00068E3862,Unknown
2009-06-26 23:13:19,0006979863,Unknown
2009-06-26 23:13:45,0001F7D573,Unknown
2009-06-26 23:14:07,00068E0587,Unknown
2009-06-26 23:14:13,0006242035,Unknown
2009-06-26 23:14:18,00068E0587,Unknown
2009-06-26 23:14:25,00068E8B1B,Unknown
2009-06-26 23:14:30,00065EA1D4,Unknown
2009-06-26 23:14:55,00068E9134,Unknown
2009-06-26 23:15:47,0006979C67,Unknown
2009-06-26 23:16:14,00068E19F7,Unknown
2009-06-26 23:17:11,00060F600D,Unknown
2009-06-26 23:18:24,0006979863,Unknown
2009-06-26 23:18:31,00065EB019,Unknown
2009-06-26 23:18:59,0006979C67,Unknown
2009-06-26 23:21:02,00068E2063,Unknown
2009-06-26 23:21:51,00068E3D57,Unknown
2009-06-26 23:22:03,00068E3435,Unknown
2009-06-26 23:22:18,0006979C67,Unknown
2009-06-26 23:22:24,00068E2063,Unknown
2009-06-26 23:23:13,0006160637,Unknown
2009-06-26 23:23:57,0006242035,Unknown
2009-06-26 23:24:03,0006979C67,Unknown
2009-06-26 23:24:23,0006979C67,Unknown
2009-06-26 23:24:34,0006979C67,Unknown
2009-06-26 23:24:57,00068E3435,Unknown
2009-06-26 23:25:05,00065EC37B,Unknown
2009-06-26 23:25:41,0006160637,Unknown
2009-06-26 23:26:10,00068E3D57,Unknown
2009-06-26 23:26:26,00068E35E1,Unknown
2009-06-26 23:26:42,00068E2227,Unknown
2009-06-26 23:26:48,00068E3D57,Unknown
2009-06-26 23:27:16,000697D368,Unknown
2009-06-26 23:27:43,00068EA92B,Unknown
2009-06-26 23:27:46,00068E17E7,Unknown
2009-06-26 23:28:05,00068E3D57,Unknown
2009-06-26 23:28:17,00068E3D57,Unknown
2009-06-26 23:28:27,000697C596,Unknown
2009-06-26 23:29:58,00068E3546,Unknown
2009-06-26 23:30:10,000697BE7E,Unknown
2009-06-26 23:30:40,000697BE7E,Unknown
2009-06-26 23:32:49,00065EB019,Unknown
2009-06-26 23:34:36,00061013E4,Unknown
2009-06-26 23:35:14,00065EA1D4,Unknown
2009-06-26 23:36:03,00068E3546,Unknown
2009-06-26 23:36:46,00068E1878,Unknown
2009-06-26 23:38:34,0006160637,Unknown
2009-06-26 23:39:29,0006160637,Unknown
2009-06-26 23:40:49,00068E3D73,Unknown
2009-06-26 23:41:23,00068E1878,Unknown
2009-06-26 23:42:39,00001F5C08,Unknown
2009-06-26 23:43:18,00068EAD8A,Unknown
2009-06-26 23:43:38,00068EAD8A,Unknown
2009-06-26 23:43:55,00065EC37B,Unknown
2009-06-26 23:44:00,000697BE7E,Unknown
2009-06-26 23:44:21,00065EA1D4,Unknown
2009-06-26 23:44:59,00068E1A46,Unknown
2009-06-26 23:45:16,00068EA92B,Unknown
2009-06-26 23:46:25,000697BE7E,Unknown
2009-06-26 23:46:36,000697BE7E,Unknown
2009-06-26 23:46:55,000697BE7E,Unknown
2009-06-26 23:48:59,00061013E4,Unknown
2009-06-26 23:49:02,00068E2227,Unknown
2009-06-26 23:52:40,00068EAD8A,Unknown
2009-06-26 23:53:27,00068E8B1B,Unknown
2009-06-26 23:57:27,00068E3D73,Unknown
2009-06-26 23:57:53,00001F5C08,Unknown
2009-06-26 23:59:43,00068E9C1A,Unknown
2009-06-26 23:59:44,00068E1A46,Unknown
2009-06-27 00:00:09,0006979863,Unknown
2009-06-27 00:03:55,00060FA7EA,Unknown
2009-06-27 00:04:15,00060FA7EA,Unknown
2009-06-27 00:04:50,000697BD11,Unknown
2009-06-27 00:05:19,000644514C,Unknown
2009-06-27 00:05:38,00068E9C1A,Unknown
2009-06-27 00:06:04,000644514C,Unknown
2009-06-27 00:06:25,00061013E4,Unknown
2009-06-27 00:07:23,00068E3435,Unknown
2009-06-27 00:11:14,000644514C,Unknown
2009-06-27 00:14:27,00068E9C1A,Unknown
2009-06-27 00:14:38,00068E3435,Unknown
2009-06-27 00:16:02,000644514C,Unknown
2009-06-27 00:16:08,0006242035,Unknown
2009-06-27 00:16:32,00068E1878,Unknown
2009-06-27 00:17:48,00065EC37B,Unknown
2009-06-27 00:20:46,00065EB6E2,Unknown
2009-06-27 00:21:23,00065EB6E2,Unknown
2009-06-27 00:21:36,00065EB6E2,Unknown
2009-06-27 00:22:01,00065DA08A,Unknown
2009-06-27 00:22:08,00065EB6E2,Unknown
2009-06-27 00:23:46,00068E17E7,Unknown
2009-06-27 00:24:03,00060F66F2,Unknown
2009-06-27 00:25:05,00061013E4,Unknown
2009-06-27 00:27:27,00061013E4,Unknown
2009-06-27 00:27:48,00060F66F2,Unknown
2009-06-27 00:27:51,0006242035,Unknown
2009-06-27 00:27:58,00065D7D8B,Unknown
2009-06-27 00:28:52,0006979BE8,Unknown
2009-06-27 00:31:36,00060F66F2,Unknown
2009-06-27 00:32:04,000697B0DE,Unknown
2009-06-27 00:32:23,00068E1878,Unknown
2009-06-27 00:32:46,000697B0DE,Unknown
2009-06-27 00:33:00,000697B0DE,Unknown
2009-06-27 00:34:08,00068E0F02,Unknown
2009-06-27 00:35:24,00061013E4,Unknown
2009-06-27 00:35:51,00068E17E7,Unknown
2009-06-27 00:36:01,00060F66F2,Unknown
2009-06-27 00:36:02,00068E9C1A,Unknown
2009-06-27 00:37:41,0001F7D573,Unknown
2009-06-27 00:39:02,0006979863,Unknown
2009-06-27 00:39:05,00068E19F7,Unknown
2009-06-27 00:39:11,00068EAD8A,Unknown
2009-06-27 00:39:14,000697C596,Unknown
2009-06-27 00:39:24,00068E19F7,Unknown
2009-06-27 00:39:50,00060F600D,Unknown
2009-06-27 00:40:23,00068E35E1,Unknown
2009-06-27 00:40:35,00068E8B1B,Unknown
2009-06-27 00:40:37,00065EC37B,Unknown
2009-06-27 00:40:48,0006979BE8,Unknown
2009-06-27 00:41:06,00065EB019,Unknown
2009-06-27 00:41:38,00068EA92B,Unknown
2009-06-27 00:44:29,00068E19F7,Unknown
2009-06-27 00:44:46,00065DA08A,Unknown
2009-06-27 00:44:48,00068EA92B,Unknown
2009-06-27 00:45:05,00065D7D8B,Unknown
2009-06-27 00:45:10,000697B0DE,Unknown
2009-06-27 00:45:45,00065EB019,Unknown
2009-06-27 00:46:00,00068E35E1,Unknown
2009-06-27 00:46:16,000697C596,Unknown
2009-06-27 00:47:53,00068E35E1,Unknown
2009-06-27 00:50:08,00060F600D,Unknown
2009-06-27 00:50:34,00065EA1D4,Unknown
2009-06-27 00:50:42,00068E35E1,Unknown
2009-06-27 00:51:09,00068E17E7,Unknown
2009-06-27 00:51:11,00060F66F2,Unknown
2009-06-27 00:51:42,00068E2227,Unknown
2009-06-27 00:52:22,000697D368,Unknown
2009-06-27 00:52:26,00065EC1B3,Unknown
2009-06-27 00:52:51,0001F7D573,Unknown
2009-06-27 00:53:07,00068E0F02,Unknown
2009-06-27 00:54:10,00065EA1D4,Unknown
2009-06-27 00:54:15,00068E3435,Unknown
2009-06-27 00:57:51,00068EAD8A,Unknown
2009-06-27 00:58:28,00065D7D8B,Unknown
2009-06-27 00:59:49,00065DD7F6,Unknown
2009-06-27 01:00:08,00065DD7F6,Unknown
2009-06-27 01:00:30,00068E2227,Unknown
2009-06-27 01:00:33,00068E3435,Unknown
2009-06-27 01:00:53,00065EC1B3,Unknown
2009-06-27 01:02:44,00068E3546,Unknown
2009-06-27 01:03:45,00068E17E7,Unknown
2009-06-27 01:03:45,0006979863,Unknown
2009-06-27 01:04:22,00068E3435,Unknown
2009-06-27 01:04:45,00068E9C1A,Unknown
2009-06-27 01:06:59,000697D368,Unknown
2009-06-27 01:07:56,00068E3546,Unknown
2009-06-27 01:10:18,00068E3435,Unknown
2009-06-27 01:10:28,00065D7D8B,Unknown
2009-06-27 01:12:43,00065DA08A,Unknown
2009-06-27 01:15:37,00061013E4,Unknown
2009-06-27 01:15:53,0006179D52,Unknown
2009-06-27 01:15:56,00068E1878,Unknown
2009-06-27 01:16:26,00068EA92B,Unknown
2009-06-27 01:16:47,00068E8B1B,Unknown
2009-06-27 01:17:01,00068E1878,Unknown
2009-06-27 01:17:20,00068E9C1A,Unknown
2009-06-27 01:17:55,00065EA1D4,Unknown
2009-06-27 01:20:49,00068E3D73,Unknown
2009-06-27 01:21:05,00068E3D73,Unknown
2009-06-27 01:22:23,00068E1A46,Unknown
2009-06-27 01:22:33,0006242035,Unknown
2009-06-27 01:23:02,00068E9134,Unknown
2009-06-27 01:23:20,00068E2227,Unknown
2009-06-27 01:24:34,0001F7D573,Unknown
2009-06-27 01:26:20,00065D81D3,Unknown
2009-06-27 01:27:06,00068EA92B,Unknown
2009-06-27 01:27:37,00068E2227,Unknown
2009-06-27 01:27:53,00065DA08A,Unknown
2009-06-27 01:27:58,00065DD7F6,Unknown
2009-06-27 01:28:24,00068E19F7,Unknown
2009-06-27 01:28:34,00001F5C08,Unknown
2009-06-27 01:31:21,00068E1A46,Unknown
2009-06-27 01:31:43,00068E0DE6,Unknown
2009-06-27 01:32:34,0006242035,Unknown
2009-06-27 01:32:41,00065D7D8B,Unknown
2009-06-27 01:32:47,0006242035,Unknown
2009-06-27 01:32:52,00065D7D8B,Unknown
2009-06-27 01:33:03,00060F66F2,Unknown
2009-06-27 01:33:18,00065D7D8B,Unknown
2009-06-27 01:33:29,00068EAD8A,Unknown
2009-06-27 01:33:40,000697C596,Unknown
2009-06-27 01:33:44,00068EAD8A,Unknown
2009-06-27 01:34:24,00068E0DE6,Unknown
2009-06-27 01:35:14,00068E9134,Unknown
2009-06-27 01:35:19,00068E1878,Unknown
2009-06-27 01:36:27,00061013E4,Unknown
2009-06-27 01:36:40,00065EC37B,Unknown
2009-06-27 01:36:50,0001F7D573,Unknown
2009-06-27 01:37:11,00068EAD8A,Unknown
2009-06-27 01:38:28,00065DA08A,Unknown
2009-06-27 01:38:49,00068EAD8A,Unknown
2009-06-27 01:38:52,00068E8B1B,Unknown
2009-06-27 01:39:11,00065D81D3,Unknown
2009-06-27 01:41:37,00068EAD8A,Unknown
2009-06-27 01:42:07,00068E1A46,Unknown
2009-06-27 01:42:20,00068E19F7,Unknown
2009-06-27 01:43:26,000697C596,Unknown
2009-06-27 01:44:58,00068E1A46,Unknown
2009-06-27 01:45:49,000697D368,Unknown
2009-06-27 01:46:49,00065EC37B,Unknown
2009-06-27 01:48:03,000697BD11,Unknown
2009-06-27 01:48:11,00065EC37B,Unknown
2009-06-27 01:50:22,00065D7D8B,Unknown
2009-06-27 01:50:40,00060F66F2,Unknown
2009-06-27 01:50:40,00068E2227,Unknown
2009-06-27 01:51:06,00065EB019,Unknown
2009-06-27 01:51:40,0006979863,Unknown
2009-06-27 01:51:50,00065EB019,Unknown
2009-06-27 01:52:04,00068EAD8A,Unknown
2009-06-27 01:52:58,00068E1878,Unknown
2009-06-27 01:53:33,00068E2227,Unknown
2009-06-27 01:53:56,00068E17E7,Unknown
2009-06-27 01:54:01,00065EC1B3,Unknown
2009-06-27 01:54:19,00068E17E7,Unknown
2009-06-27 01:55:03,00065EA1D4,Unknown
2009-06-27 01:55:50,000697BD11,Unknown
2009-06-27 01:56:42,000697BD11,Unknown
2009-06-27 01:57:26,00065D81D3,Unknown
2009-06-27 01:57:48,00065EA1D4,Unknown
2009-06-27 01:57:54,00061013E4,Unknown
2009-06-27 01:58:04,00068E17E7,Unknown
2009-06-27 01:58:04,00068E2227,Unknown
2009-06-27 01:58:09,000644514C,Unknown
2009-06-27 01:58:13,00068E8B1B,Unknown
2009-06-27 01:59:41,00065D81D3,Unknown
2009-06-27 01:59:45,00068E0F02,Unknown
2009-06-27 02:00:16,00001F5C08,Unknown
2009-06-27 02:00:17,00068E3D73,Unknown
2009-06-27 02:00:18,000697D368,Unknown
2009-06-27 02:00:51,00065D81D3,Unknown
2009-06-27 02:00:51,00065EB019,Unknown
2009-06-27 02:01:03,00065D81D3,Unknown
2009-06-27 02:01:03,00065EC1B3,Unknown
2009-06-27 02:01:15,00068E9C1A,Unknown
2009-06-27 02:01:22,00065D81D3,Unknown
2009-06-27 02:01:50,00068E3D73,Unknown
2009-06-27 02:02:06,00060F600D,Unknown
2009-06-27 02:02:16,00068E35E1,Unknown
2009-06-27 02:02:55,00065D7D8B,Unknown
2009-06-27 02:03:06,00065D7D8B,Unknown
2009-06-27 02:03:57,00068E3435,Unknown
2009-06-27 02:04:01,00065D81D3,Unknown
2009-06-27 02:04:14,00068E3D73,Unknown
2009-06-27 02:05:12,0006179D52,Unknown
2009-06-27 02:06:17,00068E17E7,Unknown
2009-06-27 02:07:03,00068E8B1B,Unknown
2009-06-27 02:07:44,00065D81D3,Unknown
2009-06-27 02:07:52,00068E1A46,Unknown
2009-06-27 02:08:55,000644514C,Unknown
2009-06-27 02:09:06,00068E2227,Unknown
2009-06-27 02:09:11,00065EC37B,Unknown
2009-06-27 02:09:23,00065EC37B,Unknown
2009-06-27 02:09:50,00060F600D,Unknown
2009-06-27 02:09:55,00068E35E1,Unknown
2009-06-27 02:10:25,00068E17E7,Unknown
2009-06-27 02:10:58,00068E3435,Unknown
2009-06-27 02:11:27,00065D81D3,Unknown
2009-06-27 02:11:40,0006979863,Unknown
2009-06-27 02:11:56,00068EA92B,Unknown
2009-06-27 02:12:32,00068E35E1,Unknown
2009-06-27 02:12:48,0006179D52,Unknown
2009-06-27 02:13:30,00060F66F2,Unknown
2009-06-27 02:13:37,00065D7D8B,Unknown
2009-06-27 02:15:11,00061013E4,Unknown
2009-06-27 02:17:04,00065DA08A,Unknown
2009-06-27 02:17:21,00068E35E1,Unknown
2009-06-27 02:17:28,00060F66F2,Unknown
2009-06-27 02:17:32,00068E35E1,Unknown
2009-06-27 02:17:50,00068E0F02,Unknown
2009-06-27 02:18:08,0006179D52,Unknown
2009-06-27 02:18:19,0006179D52,Unknown
2009-06-27 02:18:40,00065D7D8B,Unknown
2009-06-27 02:19:07,00068E1A46,Unknown
2009-06-27 02:19:40,00065DA08A,Unknown
2009-06-27 02:20:01,00065D7D8B,Unknown
2009-06-27 02:20:15,0006242035,Unknown
2009-06-27 02:20:20,00068E17E7,Unknown
2009-06-27 02:21:17,00065EB019,Unknown
2009-06-27 02:22:44,00065DA08A,Unknown
2009-06-27 02:22:50,00068EA92B,Unknown
2009-06-27 02:23:17,00068E17E7,Unknown
2009-06-27 02:23:35,00065DA08A,Unknown
2009-06-27 02:23:46,00065DA08A,Unknown
2009-06-27 02:24:45,00068E19F7,Unknown
2009-06-27 02:25:05,00068E17E7,Unknown
2009-06-27 02:26:29,00068E17E7,Unknown
2009-06-27 02:26:53,000697C596,Unknown
2009-06-27 02:27:53,00068E35E1,Unknown
2009-06-27 02:29:28,000697B0DE,Unknown
2009-06-27 02:29:41,0006242035,Unknown
2009-06-27 02:29:52,000697B0DE,Unknown
2009-06-27 02:30:04,000697B0DE,Unknown
2009-06-27 02:30:15,000697B0DE,Unknown
2009-06-27 02:30:37,00068EAD8A,Unknown
2009-06-27 02:30:43,00068E19F7,Unknown
2009-06-27 02:30:56,00068EAD8A,Unknown
2009-06-27 02:31:08,00061013E4,Unknown
2009-06-27 02:31:08,00068EAD8A,Unknown
2009-06-27 02:31:20,00068EAD8A,Unknown
2009-06-27 02:31:36,00065DD7F6,Unknown
2009-06-27 02:31:55,00065DD7F6,Unknown
2009-06-27 02:32:08,00065DD7F6,Unknown
2009-06-27 02:32:22,000697B0DE,Unknown
2009-06-27 02:32:30,00065DD7F6,Unknown
2009-06-27 02:32:41,00065DD7F6,Unknown
2009-06-27 02:35:15,00065DD7F6,Unknown
2009-06-27 02:35:30,00065EC1B3,Unknown
2009-06-27 02:37:15,0001F7D573,Unknown
2009-06-27 02:37:19,000697C596,Unknown
2009-06-27 02:37:24,00065EC1B3,Unknown
2009-06-27 02:38:08,00068E1A46,Unknown
2009-06-27 02:40:39,00065EC1B3,Unknown
2009-06-27 02:41:15,000697C596,Unknown
2009-06-27 02:44:56,00065EC1B3,Unknown
2009-06-27 02:46:41,00068E1A46,Unknown
2009-06-27 02:47:06,00068E2227,Unknown
2009-06-27 02:47:09,00068E3435,Unknown
2009-06-27 02:47:40,000697C596,Unknown
2009-06-27 02:49:32,000697B0DE,Unknown
2009-06-27 02:51:02,000697D368,Unknown
2009-06-27 02:51:07,0001F7D573,Unknown
2009-06-27 02:51:24,000697B0DE,Unknown
2009-06-27 02:51:56,00068E3546,Unknown
2009-06-27 02:53:03,00068E1878,Unknown
2009-06-27 02:55:09,00061013E4,Unknown
2009-06-27 02:57:19,00068EAD8A,Unknown
2009-06-27 02:59:12,00068E3435,Unknown
2009-06-27 02:59:44,00068E3546,Unknown
2009-06-27 02:59:53,000644514C,Unknown
2009-06-27 02:59:58,00068EAD8A,Unknown
2009-06-27 03:00:02,00068E3546,Unknown
2009-06-27 03:00:09,00068EAD8A,Unknown
2009-06-27 03:00:36,000697D368,Unknown
2009-06-27 03:00:46,00068E2227,Unknown
2009-06-27 03:01:33,00060F600D,Unknown
2009-06-27 03:02:30,00068EAD8A,Unknown
2009-06-27 03:02:44,00068E1878,Unknown
2009-06-27 03:03:06,00068EAD8A,Unknown
2009-06-27 03:04:31,00068E35E1,Unknown
2009-06-27 03:04:36,00068E1A46,Unknown
2009-06-27 03:04:43,00001F5C08,Unknown
2009-06-27 03:05:02,0006242035,Unknown
2009-06-27 03:06:46,00060F600D,Unknown
2009-06-27 03:07:21,00068E9134,Unknown
2009-06-27 03:07:39,000697D368,Unknown
2009-06-27 03:08:18,00068E9134,Unknown
2009-06-27 03:08:40,00068EA92B,Unknown
2009-06-27 03:08:47,0006979BE8,Unknown
2009-06-27 03:09:05,00068E1A46,Unknown
2009-06-27 03:09:39,0006242035,Unknown
2009-06-27 03:10:09,0006979BE8,Unknown
2009-06-27 03:10:56,000644514C,Unknown
2009-06-27 03:12:38,00068EA92B,Unknown
2009-06-27 03:14:55,00068E2227,Unknown
2009-06-27 03:15:12,00068EA92B,Unknown
2009-06-27 03:16:09,00068E2227,Unknown
2009-06-27 03:22:36,00068E19F7,Unknown
2009-06-27 03:25:12,00001F5C08,Unknown
2009-06-27 03:25:48,00068E19F7,Unknown
2009-06-27 03:26:00,00068E19F7,Unknown
2009-06-27 03:26:11,00068E19F7,Unknown
2009-06-27 03:27:12,000697C596,Unknown
2009-06-27 03:27:19,0006242035,Unknown
2009-06-27 03:30:12,00065EC1B3,Unknown
2009-06-27 03:32:34,0001F7D573,Unknown
2009-06-27 03:32:37,00068E1A46,Unknown
2009-06-27 03:33:05,000697C596,Unknown
2009-06-27 03:34:12,0006242035,Unknown
2009-06-27 03:34:31,00065EC1B3,Unknown
2009-06-27 03:36:11,00060F600D,Unknown
2009-06-27 03:40:03,0001F7D573,Unknown
2009-06-27 03:40:07,00068E1A46,Unknown
2009-06-27 03:42:55,00060F600D,Unknown
2009-06-27 04:12:44,00068E2227,Unknown
2009-06-27 04:17:18,00068E2227,Unknown
2009-06-27 04:34:49,00068E3546,Unknown
2009-06-27 04:35:18,00068E1A46,Unknown
2009-06-27 04:43:29,000644514C,Unknown
2009-06-27 04:43:33,00068E2227,Unknown
2009-06-27 04:44:44,000697C596,Unknown
2009-06-27 04:45:13,00068E3435,Unknown
2009-06-27 04:45:27,00061013E4,Unknown
2009-06-27 04:45:45,000697A268,Unknown
2009-06-27 04:45:56,0006979ABE,Unknown
2009-06-27 04:46:33,00068E1878,Unknown
2009-06-27 04:46:45,00068E3546,Unknown
2009-06-27 04:47:56,000697D368,Unknown
2009-06-27 04:48:08,00065EC1B3,Unknown
2009-06-27 04:48:35,0006979B84,Unknown
2009-06-27 04:49:48,00001F5C08,Unknown
2009-06-27 04:51:27,0001F7D573,Unknown
2009-06-27 04:51:41,00060F66F2,Unknown
2009-06-27 04:51:51,00068E1A46,Unknown
2009-06-27 04:54:08,00068E0DE6,Unknown
2009-06-27 04:54:21,00068E3546,Unknown
2009-06-27 04:54:27,00060F600D,Unknown
2009-06-27 04:57:31,00068E0F02,Unknown
2009-06-27 04:57:47,0006242035,Unknown
2009-06-27 04:58:54,00068E1C26,Unknown
2009-06-27 05:00:18,00068E35E1,Unknown
2009-06-27 05:03:21,00068E1A46,Unknown
2009-06-27 08:04:22,0006979ABE,Unknown
2009-06-27 08:04:37,0006979ABE,Unknown
2009-06-27 08:44:49,00065E632D,Unknown
2009-06-27 09:32:02,00065E632D,Unknown
2009-06-27 09:45:31,00065E632D,Unknown
2009-06-27 09:50:44,00065E632D,Unknown
2009-06-27 09:58:11,00065E632D,Unknown
2009-06-27 10:54:39,8E602D0D0F,Unknown
2009-06-27 11:07:31,8E602D0D0F,Unknown
2009-06-27 11:22:57,8E602D0D0F,Unknown
2009-06-27 19:01:54,8E602D0D0F,Unknown
2009-06-27 19:02:14,00065E632D,Unknown
2009-06-27 19:11:01,8E602D0D0F,Unknown
2009-06-27 19:11:23,00065E632D,Unknown
2009-06-27 19:17:49,8E602D0D0F,Unknown
2009-06-27 19:39:12,8E602D0D0F,Unknown
2009-06-27 20:06:20,8E602D0D0F,Unknown
2009-06-27 21:29:37,0006979ABE,Unknown
2009-06-27 21:29:48,0006979ABE,Unknown
2009-06-27 21:40:51,0006979C67,Unknown
2009-06-27 21:41:15,0006160637,Unknown
2009-06-27 21:41:18,00068E3862,Unknown
2009-06-27 21:41:20,0005FE0832,Unknown
2009-06-27 21:41:55,00065D9BC6,Unknown
2009-06-27 21:42:51,00068E0587,Unknown
2009-06-27 21:43:29,00068E3D57,Unknown
2009-06-27 21:43:40,000697BE7E,Unknown
2009-06-27 21:43:46,00068E3D57,Unknown
2009-06-27 21:47:23,00065EA1D4,Unknown
2009-06-27 21:48:08,00065DA08A,Unknown
2009-06-27 21:48:13,00068E8B1B,Unknown
2009-06-27 21:48:50,00068E2227,Unknown
2009-06-27 21:49:21,000697BD11,Unknown
2009-06-27 21:49:29,0001F7D573,Unknown
2009-06-27 21:49:35,00068E3546,Unknown
2009-06-27 21:50:47,00068E1A46,Unknown
2009-06-27 21:51:37,00068E3435,Unknown
2009-06-27 21:51:58,00001F5C08,Unknown
2009-06-27 21:53:17,00060F600D,Unknown
2009-06-27 21:53:29,00065EC1B3,Unknown
2009-06-27 21:53:47,000697C596,Unknown
2009-06-27 21:54:19,00065EC37B,Unknown
2009-06-27 21:54:49,0006179D52,Unknown
2009-06-27 21:54:52,00068E1A38,Unknown
2009-06-27 21:55:13,00060D7AE7,Unknown
2009-06-27 21:55:18,00068E9134,Unknown
2009-06-27 21:56:04,00068E9C1A,Unknown
2009-06-27 21:56:12,0006242035,Unknown
2009-06-27 21:56:49,00065EB6E2,Unknown
2009-06-27 21:56:56,00068E2063,Unknown
2009-06-27 21:57:17,0006444F30,Unknown
2009-06-27 21:57:36,00060F66F2,Unknown
2009-06-27 21:57:40,000644514C,Unknown
2009-06-27 21:57:44,000697D368,Unknown
2009-06-27 21:57:57,00068E1878,Unknown
2009-06-27 21:58:08,00061013E4,Unknown
2009-06-27 21:58:22,000697A268,Unknown
2009-06-27 21:58:27,00061D3DC5,Unknown
2009-06-27 22:00:21,0006979D37,Unknown
2009-06-27 22:00:55,00068E35E1,Unknown
2009-06-27 22:01:47,00068E1C26,Unknown
2009-06-27 22:04:33,00068E1F71,Unknown
2009-06-27 22:05:13,00068E2D0E,Unknown
2009-06-27 22:05:45,00068E2D0E,Unknown
2009-06-27 22:05:59,00068E2D0E,Unknown
2009-06-27 22:06:14,0006979B84,Unknown
2009-06-27 22:07:35,00068E2D0E,Unknown
2009-06-27 22:08:47,00068E0F02,Unknown
2009-06-27 22:10:06,00068E0DE6,Unknown
2009-06-27 22:10:20,0006979ABE,Unknown
2009-06-27 22:10:29,00061D27AC,Unknown
2009-06-27 22:14:26,0006979863,Unknown
2009-06-27 22:18:59,000697BE7E,Unknown
2009-06-27 22:22:29,00060FA7EA,Unknown
2009-06-27 22:25:01,00065EA1D4,Unknown
2009-06-27 22:29:45,0006242035,Unknown
2009-06-27 22:35:41,00065EC37B,Unknown
2009-06-27 22:37:10,00068E8B1B,Unknown
2009-06-27 22:43:52,000697BE7E,Unknown
2009-06-27 22:43:54,0006242035,Unknown
2009-06-27 22:44:27,00065DA08A,Unknown
2009-06-27 22:44:46,00068E2D0E,Unknown
2009-06-27 22:48:44,00068E1A46,Unknown
2009-06-27 22:52:22,00065EB019,Unknown
2009-06-27 22:56:47,0001F7D573,Unknown
2009-06-27 22:57:36,000697D368,Unknown
2009-06-27 22:57:40,00060F600D,Unknown
2009-06-27 22:58:47,00065EA1D4,Unknown
2009-06-27 22:58:52,00068E1A46,Unknown
2009-06-27 22:59:25,00068E8B1B,Unknown
2009-06-27 23:01:35,00068E3435,Unknown
2009-06-27 23:03:16,000697D368,Unknown
2009-06-27 23:06:17,00068E2227,Unknown
2009-06-27 23:06:50,00060F600D,Unknown
2009-06-27 23:06:57,00068E3435,Unknown
2009-06-27 23:09:27,00065EC37B,Unknown
2009-06-27 23:09:57,0001F7D573,Unknown
2009-06-27 23:15:21,00068E9C1A,Unknown
2009-06-27 23:15:50,00068E3546,Unknown
2009-06-27 23:16:15,00068E35E1,Unknown
2009-06-27 23:17:29,00068E2063,Unknown
2009-06-27 23:17:32,00065EB019,Unknown
2009-06-27 23:17:48,00068E3435,Unknown
2009-06-27 23:18:00,00068E2063,Unknown
2009-06-27 23:20:16,00068E3435,Unknown
2009-06-27 23:20:44,00065DA08A,Unknown
2009-06-27 23:21:27,00068E2227,Unknown
2009-06-27 23:21:30,0006979863,Unknown
2009-06-27 23:22:14,00065EB019,Unknown
2009-06-27 23:23:51,00068E3546,Unknown
2009-06-27 23:29:04,000697C596,Unknown
2009-06-27 23:33:57,00068E35E1,Unknown
2009-06-27 23:35:46,00065EC1B3,Unknown
2009-06-27 23:39:52,00065EA1D4,Unknown
2009-06-27 23:39:59,00065EC1B3,Unknown
2009-06-27 23:41:01,00065EC1B3,Unknown
2009-06-27 23:41:12,00065EC1B3,Unknown
2009-06-27 23:41:23,00065EC1B3,Unknown
2009-06-27 23:41:38,00065EC1B3,Unknown
2009-06-27 23:41:45,00065EC37B,Unknown
2009-06-27 23:42:19,00068E3862,Unknown
2009-06-27 23:42:50,00065EB019,Unknown
2009-06-27 23:43:01,00065EB019,Unknown
2009-06-27 23:43:08,000697D368,Unknown
2009-06-27 23:43:57,00068E3862,Unknown
2009-06-27 23:44:30,000697BE7E,Unknown
2009-06-27 23:46:19,00065D9BC6,Unknown
2009-06-27 23:47:28,00001F5C08,Unknown
2009-06-27 23:47:56,0006979863,Unknown
2009-06-27 23:50:59,0006179D52,Unknown
2009-06-27 23:53:31,00001F5C08,Unknown
2009-06-27 23:53:42,00001F5C08,Unknown
2009-06-27 23:54:08,00068E9C1A,Unknown
2009-06-27 23:55:31,0006242035,Unknown
2009-06-27 23:55:40,000697BD11,Unknown
2009-06-27 23:59:15,00061013E4,Unknown
2009-06-28 00:01:20,00065EC1B3,Unknown
2009-06-28 00:01:31,00065EC1B3,Unknown
2009-06-28 00:01:33,00068E1A46,Unknown
2009-06-28 00:01:44,00068E1A46,Unknown
2009-06-28 00:01:45,00065EC1B3,Unknown
2009-06-28 00:01:55,00068E1A46,Unknown
2009-06-28 00:02:08,00068E1A46,Unknown
2009-06-28 00:02:14,00060F600D,Unknown
2009-06-28 00:02:20,00068E1A46,Unknown
2009-06-28 00:02:21,00065EC1B3,Unknown
2009-06-28 00:02:31,00068E1A46,Unknown
2009-06-28 00:02:49,00068E1A46,Unknown
2009-06-28 00:03:05,0006444F30,Unknown
2009-06-28 00:03:17,00068E2063,Unknown
2009-06-28 00:03:54,00068E1A46,Unknown
2009-06-28 00:04:03,00068E3D57,Unknown
2009-06-28 00:04:06,00068E1A46,Unknown
2009-06-28 00:04:10,0006979863,Unknown
2009-06-28 00:04:32,00068E1A46,Unknown
2009-06-28 00:04:44,00068E1A46,Unknown
2009-06-28 00:04:56,00068E1A46,Unknown
2009-06-28 00:05:10,00068E1A46,Unknown
2009-06-28 00:05:12,00060F600D,Unknown
2009-06-28 00:05:24,00068E1A46,Unknown
2009-06-28 00:05:37,00068E1A46,Unknown
2009-06-28 00:06:25,00068E2063,Unknown
2009-06-28 00:06:40,00068E1A46,Unknown
2009-06-28 00:06:53,00068E1A46,Unknown
2009-06-28 00:07:05,00068E1A46,Unknown
2009-06-28 00:07:16,00068E1A46,Unknown
2009-06-28 00:07:40,00060F600D,Unknown
2009-06-28 00:07:51,00060F600D,Unknown
2009-06-28 00:08:02,00060F600D,Unknown
2009-06-28 00:08:41,0006179D52,Unknown
2009-06-28 00:09:16,00068E1A46,Unknown
2009-06-28 00:09:28,00068E1A46,Unknown
2009-06-28 00:09:39,00068E1A46,Unknown
2009-06-28 00:09:46,00065D9BC6,Unknown
2009-06-28 00:12:26,00068E9134,Unknown
2009-06-28 00:13:11,00068E1A46,Unknown
2009-06-28 00:14:21,00068E1A46,Unknown
2009-06-28 00:14:40,00068E3435,Unknown
2009-06-28 00:14:41,00068E1A46,Unknown
2009-06-28 00:16:05,00068E3546,Unknown
2009-06-28 00:16:09,00068E0587,Unknown
2009-06-28 00:17:16,000697BD11,Unknown
2009-06-28 00:17:21,0001F7D573,Unknown
2009-06-28 00:17:22,00065EA1D4,Unknown
2009-06-28 00:17:24,00068E3435,Unknown
2009-06-28 00:17:36,00068E3435,Unknown
2009-06-28 00:18:06,00068E3435,Unknown
2009-06-28 00:18:36,0001F7D573,Unknown
2009-06-28 00:19:28,0001F7D573,Unknown
2009-06-28 00:20:31,00068E3546,Unknown
2009-06-28 00:20:37,00068E1A46,Unknown
2009-06-28 00:20:41,00065EB019,Unknown
2009-06-28 00:20:48,00068E1A46,Unknown
2009-06-28 00:20:52,00068E1878,Unknown
2009-06-28 00:21:03,00068E1A46,Unknown
2009-06-28 00:21:54,00068E3546,Unknown
2009-06-28 00:22:15,00068E3546,Unknown
2009-06-28 00:22:27,00068E3546,Unknown
2009-06-28 00:22:41,00068E3546,Unknown
2009-06-28 00:23:23,00068E3D57,Unknown
2009-06-28 00:25:14,00065EC37B,Unknown
2009-06-28 00:26:27,00065EB6E2,Unknown
2009-06-28 00:27:34,0006979863,Unknown
2009-06-28 00:29:01,0006179D52,Unknown
2009-06-28 00:29:10,0001F7D573,Unknown
2009-06-28 00:29:25,0001F7D573,Unknown
2009-06-28 00:29:29,00068E0587,Unknown
2009-06-28 00:29:42,0001F7D573,Unknown
2009-06-28 00:29:49,00061013E4,Unknown
2009-06-28 00:30:17,0001F7D573,Unknown
2009-06-28 00:31:24,0001F7D573,Unknown
2009-06-28 00:31:45,0001F7D573,Unknown
2009-06-28 00:31:56,0001F7D573,Unknown
2009-06-28 00:32:08,0001F7D573,Unknown
2009-06-28 00:32:21,0001F7D573,Unknown
2009-06-28 00:32:44,0006179D52,Unknown
2009-06-28 00:34:25,0006444F30,Unknown
2009-06-28 00:34:43,000697C596,Unknown
2009-06-28 00:35:24,000697BE7E,Unknown
2009-06-28 00:36:09,00060F66F2,Unknown
2009-06-28 00:36:56,000697C596,Unknown
2009-06-28 00:37:07,000697C596,Unknown
2009-06-28 00:40:47,00068E9C1A,Unknown
2009-06-28 00:41:03,000697C596,Unknown
2009-06-28 00:41:25,0006979863,Unknown
2009-06-28 00:42:22,00068E2227,Unknown
2009-06-28 00:42:36,00068E2227,Unknown
2009-06-28 00:43:05,00068E1878,Unknown
2009-06-28 00:43:27,000697C596,Unknown
2009-06-28 00:43:30,00068E2227,Unknown
2009-06-28 00:44:30,00068E2227,Unknown
2009-06-28 00:44:47,00068E2063,Unknown
2009-06-28 00:45:21,00068E9134,Unknown
2009-06-28 00:45:44,00068E2063,Unknown
2009-06-28 00:46:47,00065DA08A,Unknown
2009-06-28 00:46:53,00060D7AE7,Unknown
2009-06-28 00:48:05,0006160637,Unknown
2009-06-28 00:48:13,00068E1878,Unknown
2009-06-28 00:48:28,0006160637,Unknown
2009-06-28 00:48:29,00065EA1D4,Unknown
2009-06-28 00:49:18,0006979C67,Unknown
2009-06-28 00:49:29,00065D9BC6,Unknown
2009-06-28 00:49:37,0006444F30,Unknown
2009-06-28 00:49:48,00068E3862,Unknown
2009-06-28 00:49:52,00068E1878,Unknown
2009-06-28 00:51:34,00060D7AE7,Unknown
2009-06-28 00:51:45,00060D7AE7,Unknown
2009-06-28 00:51:57,00060D7AE7,Unknown
2009-06-28 00:52:59,00068E3862,Unknown
2009-06-28 00:53:14,00065EB6E2,Unknown
2009-06-28 00:53:31,00068E3862,Unknown
2009-06-28 00:53:42,0006444F30,Unknown
2009-06-28 00:54:39,0006160637,Unknown
2009-06-28 00:55:46,00065D9BC6,Unknown
2009-06-28 00:57:03,00060F66F2,Unknown
2009-06-28 00:57:48,00065EC37B,Unknown
2009-06-28 01:00:36,00068E0F02,Unknown
2009-06-28 01:01:21,00061013E4,Unknown
2009-06-28 01:02:38,0006979863,Unknown
2009-06-28 01:02:55,00065EA1D4,Unknown
2009-06-28 01:04:00,000644514C,Unknown
2009-06-28 01:04:40,00065D9BC6,Unknown
2009-06-28 01:05:47,0006979C67,Unknown
2009-06-28 01:06:04,00065D9BC6,Unknown
2009-06-28 01:07:17,00061013E4,Unknown
2009-06-28 01:10:03,000697A268,Unknown
2009-06-28 01:10:16,00065D9BC6,Unknown
2009-06-28 01:11:17,00065DA08A,Unknown
2009-06-28 01:11:25,00065D9BC6,Unknown
2009-06-28 01:15:11,00065EB6E2,Unknown
2009-06-28 01:16:17,00065D9BC6,Unknown
2009-06-28 01:16:56,00065D9BC6,Unknown
2009-06-28 01:17:19,0005FE0832,Unknown
2009-06-28 01:17:20,00060F66F2,Unknown
2009-06-28 01:17:52,0006160637,Unknown
2009-06-28 01:18:02,0005FE0832,Unknown
2009-06-28 01:19:34,00060F66F2,Unknown
2009-06-28 01:20:12,0006160637,Unknown
2009-06-28 01:20:36,0006160637,Unknown
2009-06-28 01:20:39,00068E0F02,Unknown
2009-06-28 01:21:29,00068E0F02,Unknown
2009-06-28 01:21:35,0006179D52,Unknown
2009-06-28 01:21:44,00068E35E1,Unknown
2009-06-28 01:23:07,000697BD11,Unknown
2009-06-28 01:24:35,00068E9134,Unknown
2009-06-28 01:24:55,0006979C67,Unknown
2009-06-28 01:24:56,00061013E4,Unknown
2009-06-28 01:25:10,00068E9C1A,Unknown
2009-06-28 01:25:53,00068E3862,Unknown
2009-06-28 01:26:03,0005FE0832,Unknown
2009-06-28 01:27:04,00068E0F02,Unknown
2009-06-28 01:30:23,0005FE0832,Unknown
2009-06-28 01:30:52,00068E3862,Unknown
2009-06-28 01:31:01,0006979C67,Unknown
2009-06-28 01:33:35,00065DA08A,Unknown
2009-06-28 01:34:23,000697BE7E,Unknown
2009-06-28 01:35:01,00065EC37B,Unknown
2009-06-28 01:36:11,000697BE7E,Unknown
2009-06-28 01:36:13,00068E8B1B,Unknown
2009-06-28 01:36:22,000697BE7E,Unknown
2009-06-28 01:36:46,000697BE7E,Unknown
2009-06-28 01:37:58,0006979C67,Unknown
2009-06-28 01:38:09,00068E0587,Unknown
2009-06-28 01:38:50,0006979C67,Unknown
2009-06-28 01:39:07,00068E3862,Unknown
2009-06-28 01:39:49,00060FA7EA,Unknown
2009-06-28 01:39:54,00060F66F2,Unknown
2009-06-28 01:40:27,00068E0587,Unknown
2009-06-28 01:40:56,00068E3862,Unknown
2009-06-28 01:40:57,00065DA08A,Unknown
2009-06-28 01:41:36,0006979C67,Unknown
2009-06-28 01:42:01,00068E3D57,Unknown
2009-06-28 01:42:23,0006979C67,Unknown
2009-06-28 01:42:59,0006979C67,Unknown
2009-06-28 01:43:05,00060FA7EA,Unknown
2009-06-28 01:43:25,00065EA1D4,Unknown
2009-06-28 01:43:29,00068E0587,Unknown
2009-06-28 01:44:37,0006979C67,Unknown
2009-06-28 01:45:13,00068E0587,Unknown
2009-06-28 01:47:18,00068E35E1,Unknown
2009-06-28 01:48:00,0006979863,Unknown
2009-06-28 01:48:05,0006179D52,Unknown
2009-06-28 01:48:39,0006979C67,Unknown
2009-06-28 01:48:48,00060F66F2,Unknown
2009-06-28 01:51:34,00061D27AC,Unknown
2009-06-28 01:52:09,000697BD11,Unknown
2009-06-28 01:52:19,00068E9134,Unknown
2009-06-28 01:52:53,00068E3D57,Unknown
2009-06-28 01:57:14,00065EC37B,Unknown
2009-06-28 01:59:48,00065DA08A,Unknown
2009-06-28 02:01:05,00068E8B1B,Unknown
2009-06-28 02:05:37,00068E3D57,Unknown
2009-06-28 02:07:02,00068E3D57,Unknown
2009-06-28 02:09:08,0006179D52,Unknown
2009-06-28 02:10:51,00061D27AC,Unknown
2009-06-28 02:11:58,00065EC37B,Unknown
2009-06-28 02:14:27,0006979863,Unknown
2009-06-28 02:16:20,00060F66F2,Unknown
2009-06-28 02:16:47,00060F66F2,Unknown
2009-06-28 02:17:29,00060F66F2,Unknown
2009-06-28 02:17:55,00061013E4,Unknown
2009-06-28 02:17:59,00060F66F2,Unknown
2009-06-28 02:18:17,00065EA1D4,Unknown
2009-06-28 02:19:15,00060FA7EA,Unknown
2009-06-28 02:19:29,00061013E4,Unknown
2009-06-28 02:19:45,00061013E4,Unknown
2009-06-28 02:19:53,00060F66F2,Unknown
2009-06-28 02:19:55,00060FA7EA,Unknown
2009-06-28 02:20:19,00060F66F2,Unknown
2009-06-28 02:20:25,0006179D52,Unknown
2009-06-28 02:20:43,00060F66F2,Unknown
2009-06-28 02:20:55,00060F66F2,Unknown
2009-06-28 02:21:12,00068E9C1A,Unknown
2009-06-28 02:24:37,00065D9BC6,Unknown
2009-06-28 02:25:19,0006979863,Unknown
2009-06-28 02:25:34,00065D9BC6,Unknown
2009-06-28 02:27:04,0006444F30,Unknown
2009-06-28 02:28:24,00068E9134,Unknown
2009-06-28 02:28:48,00068E0587,Unknown
2009-06-28 02:31:26,0006444F30,Unknown
2009-06-28 02:31:44,00065DA08A,Unknown
2009-06-28 02:32:06,0006444F30,Unknown
2009-06-28 02:32:36,00065EB6E2,Unknown
2009-06-28 02:34:23,00065EB6E2,Unknown
2009-06-28 02:35:33,00065EC37B,Unknown
2009-06-28 02:38:42,00068E8B1B,Unknown
2009-06-28 02:40:25,000697BD11,Unknown
2009-06-28 02:43:27,00068E9C1A,Unknown
2009-06-28 02:43:38,00068E9C1A,Unknown
2009-06-28 02:45:07,00068E35E1,Unknown
2009-06-28 02:46:18,0006979863,Unknown
2009-06-28 02:47:27,00068E9134,Unknown
2009-06-28 02:49:21,00068E9C1A,Unknown
2009-06-28 02:49:23,00068E35E1,Unknown
2009-06-28 02:50:12,00068E35E1,Unknown
2009-06-28 02:54:34,0006179D52,Unknown
2009-06-28 02:59:48,0006979863,Unknown
2009-06-28 03:00:17,00065EC37B,Unknown
2009-06-28 03:00:31,000697BD11,Unknown
2009-06-28 03:01:30,00065DA08A,Unknown
2009-06-28 03:01:39,000697BD11,Unknown
2009-06-28 03:07:06,00068E8B1B,Unknown
2009-06-28 03:09:35,00065EA1D4,Unknown
2009-06-28 03:10:51,00068E9C1A,Unknown
2009-06-28 03:11:43,0006179D52,Unknown
2009-06-28 03:12:34,0006979863,Unknown
2009-06-28 03:17:03,000697BD11,Unknown
2009-06-28 03:19:36,00068E9134,Unknown
2009-06-28 03:25:18,00065EC37B,Unknown
2009-06-28 03:30:24,0006979863,Unknown
2009-06-28 03:36:18,00068E9134,Unknown
2009-06-28 03:36:49,0006979863,Unknown
2009-06-28 03:39:33,00065DA08A,Unknown
2009-06-28 03:40:22,00065EC37B,Unknown
2009-06-28 03:50:03,0006979863,Unknown
2009-06-28 03:53:06,00065DA08A,Unknown
2009-06-28 04:07:27,00065EA1D4,Unknown
2009-06-28 04:09:42,0006979863,Unknown
2009-06-28 04:10:52,00068E9134,Unknown
2009-06-28 04:12:34,00065EC37B,Unknown
2009-06-28 04:14:32,00065EA1D4,Unknown
2009-06-28 04:16:44,00068E9134,Unknown
2009-06-28 04:20:18,00061D27AC,Unknown
2009-06-28 04:26:24,0006979863,Unknown
2009-06-28 04:26:24,00061D27AC,Unknown
2009-06-28 04:30:13,00068E8B1B,Unknown
2009-06-28 04:34:50,00065EC37B,Unknown
2009-06-28 04:37:29,00065DA08A,Unknown
2009-06-28 04:43:17,00068E9134,Unknown
2009-06-28 04:45:16,000697BD11,Unknown
2009-06-28 04:53:28,00068E9C1A,Unknown
2009-06-28 05:29:53,0006179D52,Unknown
2009-06-28 08:36:55,00065E632D,Unknown
2009-06-28 09:21:01,00065E632D,Unknown
2009-06-28 09:46:34,00065E632D,Unknown
2009-06-28 09:58:57,00065E632D,Unknown
2009-06-28 10:50:39,8E602D0D0F,Unknown
2009-06-28 12:21:55,8E602D0D0F,Unknown
2009-06-28 12:32:22,8E602D0D0F,Unknown
2009-06-28 12:57:57,8E602D0D0F,Unknown
2009-06-28 20:12:37,8E602D0D0F,Unknown
2009-06-28 20:33:21,00061D3DC5,Unknown
2009-06-28 20:39:58,8E602D0D0F,Unknown
2009-06-28 20:58:54,8E602D0D0F,Unknown
2009-06-28 21:01:22,8E602D0D0F,Unknown
2009-06-28 21:33:49,00068E3D73,Unknown
2009-06-28 21:33:53,000697BE7E,Unknown
2009-06-28 21:34:30,000697BE7E,Unknown
2009-06-28 21:34:41,000697BD11,Unknown
2009-06-28 21:34:44,00068E9C1A,Unknown
2009-06-28 21:34:54,000697BE7E,Unknown
2009-06-28 21:35:08,00068E2063,Unknown
2009-06-28 21:35:21,0005FE0832,Unknown
2009-06-28 21:35:33,0005FE0832,Unknown
2009-06-28 21:35:52,0006160637,Unknown
2009-06-28 21:36:00,0005FE0832,Unknown
2009-06-28 21:36:12,0005FE0832,Unknown
2009-06-28 21:36:25,0005FE0832,Unknown
2009-06-28 21:36:35,0006444F30,Unknown
2009-06-28 21:37:07,00068E3862,Unknown
2009-06-28 21:37:18,00068E3862,Unknown
2009-06-28 21:37:45,00068E0587,Unknown
2009-06-28 21:37:53,00068E3D57,Unknown
2009-06-28 21:38:00,0006444F30,Unknown
2009-06-28 21:38:19,00065D81D3,Unknown
2009-06-28 21:38:20,000697A268,Unknown
2009-06-28 21:38:26,00068E0587,Unknown
2009-06-28 21:38:29,00068E3862,Unknown
2009-06-28 21:38:31,00068E1F71,Unknown
2009-06-28 21:38:40,00060D7AE7,Unknown
2009-06-28 21:38:41,00068E17E7,Unknown
2009-06-28 21:38:44,00065D81D3,Unknown
2009-06-28 21:38:46,00068EAD8A,Unknown
2009-06-28 21:38:54,0006979BE8,Unknown
2009-06-28 21:38:55,00065D9BC6,Unknown
2009-06-28 21:39:06,00065D9BC6,Unknown
2009-06-28 21:39:15,00065DA08A,Unknown
2009-06-28 21:39:16,00068E1F71,Unknown
2009-06-28 21:39:38,00068E3D57,Unknown
2009-06-28 21:39:49,0006979BE8,Unknown
2009-06-28 21:40:04,0006979BE8,Unknown
2009-06-28 21:40:21,00068E1FDB,Unknown
2009-06-28 21:40:22,0006979C67,Unknown
2009-06-28 21:40:28,00068E3D57,Unknown
2009-06-28 21:40:42,00068E1FDB,Unknown
2009-06-28 21:40:58,00068E1FDB,Unknown
2009-06-28 21:41:09,00068E1FDB,Unknown
2009-06-28 21:41:35,00068E8B1B,Unknown
2009-06-28 21:41:49,00065EA1D4,Unknown
2009-06-28 21:42:22,00065D9BC6,Unknown
2009-06-28 21:42:33,00065D9BC6,Unknown
2009-06-28 21:44:06,0006979BE8,Unknown
2009-06-28 21:44:12,0006160637,Unknown
2009-06-28 21:44:24,0005FE0832,Unknown
2009-06-28 21:44:26,0006160637,Unknown
2009-06-28 21:44:28,00061D3DC5,Unknown
2009-06-28 21:45:41,00065EC37B,Unknown
2009-06-28 21:46:30,00060FA7EA,Unknown
2009-06-28 21:46:43,00068E3D57,Unknown
2009-06-28 21:47:26,00068E0F02,Unknown
2009-06-28 21:47:53,00068E0F02,Unknown
2009-06-28 21:48:14,0006979D37,Unknown
2009-06-28 21:48:48,0006979ABE,Unknown
2009-06-28 21:49:21,0006979ABE,Unknown
2009-06-28 21:50:00,0006179D52,Unknown
2009-06-28 21:50:06,00060F66F2,Unknown
2009-06-28 21:50:35,00068E35E1,Unknown
2009-06-28 21:50:40,00068E1C26,Unknown
2009-06-28 21:51:11,0006979D37,Unknown
2009-06-28 21:52:05,00068E1A38,Unknown
2009-06-28 21:52:20,0006979863,Unknown
2009-06-28 21:52:21,0006979ABE,Unknown
2009-06-28 21:52:34,0006979ABE,Unknown
2009-06-28 21:52:46,0006979ABE,Unknown
2009-06-28 21:52:47,00068E9134,Unknown
2009-06-28 21:53:45,00061013E4,Unknown
2009-06-28 21:54:36,0006979ABE,Unknown
2009-06-28 21:54:40,00068E0DE6,Unknown
2009-06-28 21:55:36,00065DD7F6,Unknown
2009-06-28 21:57:43,0006979B84,Unknown
2009-06-28 21:57:52,00065D7D8B,Unknown
2009-06-28 21:57:55,0006979B84,Unknown
2009-06-28 21:57:58,00065EB6E2,Unknown
2009-06-28 21:58:04,000697B0DE,Unknown
2009-06-28 21:58:07,00061D27AC,Unknown
2009-06-28 21:58:09,00065D7D8B,Unknown
2009-06-28 22:14:17,00068E8B1B,Unknown
2009-06-28 22:17:15,00068E9C1A,Unknown
2009-06-28 22:25:01,00068E9C1A,Unknown
2009-06-28 22:29:50,00068E8B1B,Unknown
2009-06-28 22:32:07,00065DA08A,Unknown
2009-06-28 22:33:49,00068E0587,Unknown
2009-06-28 22:34:42,0006979C67,Unknown
2009-06-28 22:37:16,00068E0587,Unknown
2009-06-28 22:42:39,0006444F30,Unknown
2009-06-28 22:42:56,00065D9BC6,Unknown
2009-06-28 22:48:07,0006979C67,Unknown
2009-06-28 22:50:50,00068E17E7,Unknown
2009-06-28 22:52:00,00065D9BC6,Unknown
2009-06-28 22:55:59,0006444F30,Unknown
2009-06-28 22:57:15,00065D7D8B,Unknown
2009-06-28 22:59:01,0006979BE8,Unknown
2009-06-28 23:03:12,00068E35E1,Unknown
2009-06-28 23:04:31,00068E3D73,Unknown
2009-06-28 23:05:12,00068EAD8A,Unknown
2009-06-28 23:06:05,00068E17E7,Unknown
2009-06-28 23:06:34,0006979C67,Unknown
2009-06-28 23:06:44,00068E3862,Unknown
2009-06-28 23:06:55,0006979C67,Unknown
2009-06-28 23:07:08,00065EB6E2,Unknown
2009-06-28 23:07:19,000697BE7E,Unknown
2009-06-28 23:07:22,0006979C67,Unknown
2009-06-28 23:07:51,0006979C67,Unknown
2009-06-28 23:08:02,0006979C67,Unknown
2009-06-28 23:08:35,0006979C67,Unknown
2009-06-28 23:08:47,00068E2063,Unknown
2009-06-28 23:08:47,00068EAD8A,Unknown
2009-06-28 23:08:57,00065EB6E2,Unknown
2009-06-28 23:09:36,0006979C67,Unknown
2009-06-28 23:09:38,00068E2063,Unknown
2009-06-28 23:09:47,0006160637,Unknown
2009-06-28 23:10:07,00068E3862,Unknown
2009-06-28 23:12:33,00065DA08A,Unknown
2009-06-28 23:12:42,0006979BE8,Unknown
2009-06-28 23:12:48,0006160637,Unknown
2009-06-28 23:13:38,00068E35E1,Unknown
2009-06-28 23:13:39,00068E2063,Unknown
2009-06-28 23:13:47,0006979C67,Unknown
2009-06-28 23:13:59,0006979C67,Unknown
2009-06-28 23:14:19,000697BE7E,Unknown
2009-06-28 23:14:45,0006979C67,Unknown
2009-06-28 23:15:15,00068E2063,Unknown
2009-06-28 23:15:31,0006979C67,Unknown
2009-06-28 23:16:02,00065D7D8B,Unknown
2009-06-28 23:16:30,0006979C67,Unknown
2009-06-28 23:16:42,00068E3D73,Unknown
2009-06-28 23:17:52,00068E9134,Unknown
2009-06-28 23:18:58,0006979C67,Unknown
2009-06-28 23:19:17,0006979C67,Unknown
2009-06-28 23:19:33,0006979C67,Unknown
2009-06-28 23:20:17,0006979C67,Unknown
2009-06-28 23:20:28,0006979C67,Unknown
2009-06-28 23:20:32,000697BD11,Unknown
2009-06-28 23:21:04,0006979C67,Unknown
2009-06-28 23:21:11,0006160637,Unknown
2009-06-28 23:21:23,0006979C67,Unknown
2009-06-28 23:21:35,0006979C67,Unknown
2009-06-28 23:21:54,00068E9134,Unknown
2009-06-28 23:22:22,00068E3D57,Unknown
2009-06-28 23:22:31,0006979C67,Unknown
2009-06-28 23:23:06,0006979C67,Unknown
2009-06-28 23:23:19,0006979C67,Unknown
2009-06-28 23:23:33,0006979C67,Unknown
2009-06-28 23:23:41,0006160637,Unknown
2009-06-28 23:24:22,00068E2063,Unknown
2009-06-28 23:24:49,0006444F30,Unknown
2009-06-28 23:25:36,00068E3D57,Unknown
2009-06-28 23:25:39,00068E2063,Unknown
2009-06-28 23:26:38,00068E8B1B,Unknown
2009-06-28 23:28:05,00068E3D73,Unknown
2009-06-28 23:29:22,00065DA08A,Unknown
2009-06-28 23:29:25,000697BD11,Unknown
2009-06-28 23:30:45,00060D7AE7,Unknown
2009-06-28 23:32:22,00068E17E7,Unknown
2009-06-28 23:32:54,00065D7D8B,Unknown
2009-06-28 23:35:14,0006979863,Unknown
2009-06-28 23:36:00,00061013E4,Unknown
2009-06-28 23:36:37,00061013E4,Unknown
2009-06-28 23:37:23,00068E17E7,Unknown
2009-06-28 23:37:25,0006444F30,Unknown
2009-06-28 23:38:57,00061013E4,Unknown
2009-06-28 23:39:14,00061013E4,Unknown
2009-06-28 23:39:50,00068E3D73,Unknown
2009-06-28 23:40:07,00068E0587,Unknown
2009-06-28 23:42:07,0006444F30,Unknown
2009-06-28 23:43:17,00068E17E7,Unknown
2009-06-28 23:43:51,0006444F30,Unknown
2009-06-28 23:44:22,00068E9C1A,Unknown
2009-06-28 23:44:47,0006444F30,Unknown
2009-06-28 23:44:53,00065D81D3,Unknown
2009-06-28 23:45:00,0006444F30,Unknown
2009-06-28 23:45:29,00068E0F02,Unknown
2009-06-28 23:46:25,00068E0F02,Unknown
2009-06-28 23:47:33,0006979863,Unknown
2009-06-28 23:47:36,00068E0F02,Unknown
2009-06-28 23:47:37,00068E0587,Unknown
2009-06-28 23:48:36,00065EA1D4,Unknown
2009-06-28 23:48:44,00061013E4,Unknown
2009-06-28 23:48:45,00068E0F02,Unknown
2009-06-28 23:48:56,0006160637,Unknown
2009-06-28 23:48:58,00065D81D3,Unknown
2009-06-28 23:49:02,00065D7D8B,Unknown
2009-06-28 23:49:06,00068E0F02,Unknown
2009-06-28 23:50:07,00068E0F02,Unknown
2009-06-28 23:50:22,00068E3D57,Unknown
2009-06-28 23:50:57,00068E0F02,Unknown
2009-06-28 23:52:22,00068E17E7,Unknown
2009-06-28 23:53:22,00060D7AE7,Unknown
2009-06-28 23:53:55,0006160637,Unknown
2009-06-28 23:53:58,00068E8B1B,Unknown
2009-06-28 23:54:12,00068E3D57,Unknown
2009-06-28 23:54:42,00065D9BC6,Unknown
2009-06-28 23:55:50,0006179D52,Unknown
2009-06-28 23:57:25,00068EAD8A,Unknown
2009-06-28 23:57:56,00068EAD8A,Unknown
2009-06-28 23:59:49,00065EA1D4,Unknown
2009-06-29 00:02:00,00068E9C1A,Unknown
2009-06-29 00:03:20,00065EC37B,Unknown
2009-06-29 00:03:49,00068E8B1B,Unknown
2009-06-29 00:05:23,00060F66F2,Unknown
2009-06-29 00:09:56,00068E3D73,Unknown
2009-06-29 00:10:06,00061013E4,Unknown
2009-06-29 00:10:31,0006179D52,Unknown
2009-06-29 00:10:52,00068E0587,Unknown
2009-06-29 00:11:56,0005FE0832,Unknown
2009-06-29 00:13:08,00068EAD8A,Unknown
2009-06-29 00:13:54,00068E8B1B,Unknown
2009-06-29 00:14:37,00068E3D73,Unknown
2009-06-29 00:15:05,00060D7AE7,Unknown
2009-06-29 00:15:34,00068E3D73,Unknown
2009-06-29 00:15:39,00068E9134,Unknown
2009-06-29 00:15:52,00065D9BC6,Unknown
2009-06-29 00:16:07,00068EAD8A,Unknown
2009-06-29 00:16:55,00068E0587,Unknown
2009-06-29 00:17:09,00068E35E1,Unknown
2009-06-29 00:18:07,00065EC37B,Unknown
2009-06-29 00:18:16,00068E35E1,Unknown
2009-06-29 00:20:49,000697BE7E,Unknown
2009-06-29 00:22:14,000697BE7E,Unknown
2009-06-29 00:24:22,00068E35E1,Unknown
2009-06-29 00:25:37,0005FE0832,Unknown
2009-06-29 00:27:07,00068E17E7,Unknown
2009-06-29 00:27:11,00068E3D73,Unknown
2009-06-29 00:28:21,00068E0587,Unknown
2009-06-29 00:28:35,00065EC37B,Unknown
2009-06-29 00:28:37,00060D7AE7,Unknown
2009-06-29 00:31:18,00068E0587,Unknown
2009-06-29 00:31:45,00068E9134,Unknown
2009-06-29 00:32:29,0006979BE8,Unknown
2009-06-29 00:32:41,00065D81D3,Unknown
2009-06-29 00:33:33,00060F66F2,Unknown
2009-06-29 00:33:41,00065EC37B,Unknown
2009-06-29 00:34:50,00065DA08A,Unknown
2009-06-29 00:35:18,0006444F30,Unknown
2009-06-29 00:35:39,00065EC37B,Unknown
2009-06-29 00:36:14,00068E35E1,Unknown
2009-06-29 00:38:32,00068E3D73,Unknown
2009-06-29 00:39:09,000697BD11,Unknown
2009-06-29 00:39:15,00068E17E7,Unknown
2009-06-29 00:39:44,00065D81D3,Unknown
2009-06-29 00:40:24,00068E3D57,Unknown
2009-06-29 00:41:43,00068E0F02,Unknown
2009-06-29 00:42:00,00068E0F02,Unknown
2009-06-29 00:42:14,000697BE7E,Unknown
2009-06-29 00:42:34,00061013E4,Unknown
2009-06-29 00:42:50,000697BE7E,Unknown
2009-06-29 00:42:55,00065EC37B,Unknown
2009-06-29 00:43:38,00068E0F02,Unknown
2009-06-29 00:44:01,0006979BE8,Unknown
2009-06-29 00:45:01,00068E3D57,Unknown
2009-06-29 00:47:35,000697B0DE,Unknown
2009-06-29 00:48:53,0006979B84,Unknown
2009-06-29 00:49:19,00065D7D8B,Unknown
2009-06-29 00:49:59,0006979B84,Unknown
2009-06-29 00:51:00,00068E3D73,Unknown
2009-06-29 00:51:14,0006979863,Unknown
2009-06-29 00:52:04,00060F66F2,Unknown
2009-06-29 00:52:09,00068E35E1,Unknown
2009-06-29 00:52:36,0006979B84,Unknown
2009-06-29 00:52:58,00061013E4,Unknown
2009-06-29 00:53:11,0006444F30,Unknown
2009-06-29 00:53:47,00068E35E1,Unknown
2009-06-29 00:54:38,000697B0DE,Unknown
2009-06-29 00:56:55,00065EC37B,Unknown
2009-06-29 00:57:18,00068E0F02,Unknown
2009-06-29 01:01:26,000697BE7E,Unknown
2009-06-29 01:01:35,0005FE0832,Unknown
2009-06-29 01:01:41,00061013E4,Unknown
2009-06-29 01:02:06,000697BD11,Unknown
2009-06-29 01:02:28,00068E17E7,Unknown
2009-06-29 01:03:36,0006979863,Unknown
2009-06-29 01:03:51,00068E17E7,Unknown
2009-06-29 01:04:04,00065D7D8B,Unknown
2009-06-29 01:06:27,00068E3D73,Unknown
2009-06-29 01:07:29,000697BE7E,Unknown
2009-06-29 01:10:16,0005FE0832,Unknown
2009-06-29 01:10:33,00061013E4,Unknown
2009-06-29 01:10:48,00060F66F2,Unknown
2009-06-29 01:11:11,000697B0DE,Unknown
2009-06-29 01:11:15,00068EAD8A,Unknown
2009-06-29 01:12:11,00065EC37B,Unknown
2009-06-29 01:12:59,00065D9BC6,Unknown
2009-06-29 01:13:04,00065DD7F6,Unknown
2009-06-29 01:18:19,00068E3D73,Unknown
2009-06-29 01:18:27,00068E35E1,Unknown
2009-06-29 01:18:32,00068EAD8A,Unknown
2009-06-29 01:18:34,00065DD7F6,Unknown
2009-06-29 01:18:39,00060D7AE7,Unknown
2009-06-29 01:18:55,0006444F30,Unknown
2009-06-29 01:22:39,000697B0DE,Unknown
2009-06-29 01:23:48,0006444F30,Unknown
2009-06-29 01:24:19,00065D7D8B,Unknown
2009-06-29 01:24:30,00068E17E7,Unknown
2009-06-29 01:25:20,00065DD7F6,Unknown
2009-06-29 01:28:28,0006979BE8,Unknown
2009-06-29 01:31:20,00068E1FDB,Unknown
2009-06-29 01:32:11,00068E0587,Unknown
2009-06-29 01:32:50,00068E9C1A,Unknown
2009-06-29 01:32:59,000697BD11,Unknown
2009-06-29 01:33:19,0006160637,Unknown
2009-06-29 01:33:39,00068E35E1,Unknown
2009-06-29 01:34:40,0006979863,Unknown
2009-06-29 01:37:27,00060D7AE7,Unknown
2009-06-29 01:37:31,00068E17E7,Unknown
2009-06-29 01:38:53,0006160637,Unknown
2009-06-29 01:39:00,00065D9BC6,Unknown
2009-06-29 01:40:30,00068E9C1A,Unknown
2009-06-29 01:41:47,00065D7D8B,Unknown
2009-06-29 01:42:54,00068E9C1A,Unknown
2009-06-29 01:43:10,00068E3862,Unknown
2009-06-29 01:43:51,00061013E4,Unknown
2009-06-29 01:43:53,00065DD7F6,Unknown
2009-06-29 01:45:04,0006979BE8,Unknown
2009-06-29 01:45:28,0006444F30,Unknown
2009-06-29 01:45:44,00068E1FDB,Unknown
2009-06-29 01:45:50,00065EA1D4,Unknown
2009-06-29 01:46:27,00065EA1D4,Unknown
2009-06-29 01:47:17,00068E3862,Unknown
2009-06-29 01:47:37,0006179D52,Unknown
2009-06-29 01:48:16,00068E3D57,Unknown
2009-06-29 01:48:38,00068E9C1A,Unknown
2009-06-29 01:48:58,00068E17E7,Unknown
2009-06-29 01:49:37,000697BD11,Unknown
2009-06-29 01:49:53,00065D81D3,Unknown
2009-06-29 01:50:15,00068E3862,Unknown
2009-06-29 01:50:34,000697BE7E,Unknown
2009-06-29 01:51:52,00068E35E1,Unknown
2009-06-29 01:52:47,0006979863,Unknown
2009-06-29 01:52:49,000697A268,Unknown
2009-06-29 01:53:24,00068E0F02,Unknown
2009-06-29 01:53:59,00065DA08A,Unknown
2009-06-29 01:54:40,000697A268,Unknown
2009-06-29 01:54:49,00068E9C1A,Unknown
2009-06-29 01:54:58,00068E3D57,Unknown
2009-06-29 01:55:27,00068E0587,Unknown
2009-06-29 01:56:34,000697BE7E,Unknown
2009-06-29 01:57:08,00068E9C1A,Unknown
2009-06-29 01:57:48,00068E9C1A,Unknown
2009-06-29 01:58:07,00065D81D3,Unknown
2009-06-29 01:58:23,00068E3862,Unknown
2009-06-29 01:59:08,0006444F30,Unknown
2009-06-29 01:59:20,00068E17E7,Unknown
2009-06-29 02:00:16,00068E0F02,Unknown
2009-06-29 02:01:53,000697A268,Unknown
2009-06-29 02:02:13,00061D27AC,Unknown
2009-06-29 02:02:14,00068EAD8A,Unknown
2009-06-29 02:02:39,0006979ABE,Unknown
2009-06-29 02:04:02,000697A268,Unknown
2009-06-29 02:04:16,00060FA7EA,Unknown
2009-06-29 02:04:35,00060FA7EA,Unknown
2009-06-29 02:06:44,000697BE7E,Unknown
2009-06-29 02:07:06,00065EA1D4,Unknown
2009-06-29 02:07:13,00068E0F02,Unknown
2009-06-29 02:07:41,0006979B84,Unknown
2009-06-29 02:08:41,00068E0DE6,Unknown
2009-06-29 02:08:45,00068E9C1A,Unknown
2009-06-29 02:09:14,0006179D52,Unknown
2009-06-29 02:09:23,00068E35E1,Unknown
2009-06-29 02:10:19,00068EAD8A,Unknown
2009-06-29 02:10:40,00068E0F02,Unknown
2009-06-29 02:11:03,0006979ABE,Unknown
2009-06-29 02:12:22,0006979B84,Unknown
2009-06-29 02:13:48,00068E1FDB,Unknown
2009-06-29 02:14:24,00068E17E7,Unknown
2009-06-29 02:14:46,00065DA08A,Unknown
2009-06-29 02:15:46,00068E9134,Unknown
2009-06-29 02:16:39,000697BE7E,Unknown
2009-06-29 02:17:12,00065EA1D4,Unknown
2009-06-29 02:17:15,00068E0DE6,Unknown
2009-06-29 02:17:37,00061D27AC,Unknown
2009-06-29 02:21:01,00068E8B1B,Unknown
2009-06-29 02:24:36,00068E17E7,Unknown
2009-06-29 02:24:40,00061013E4,Unknown
2009-06-29 02:26:23,0006160637,Unknown
2009-06-29 02:26:39,00068E9134,Unknown
2009-06-29 02:27:51,00065EA1D4,Unknown
2009-06-29 02:30:19,00068E17E7,Unknown
2009-06-29 02:30:33,000697B0DE,Unknown
2009-06-29 02:31:56,00065DD7F6,Unknown
2009-06-29 02:32:29,00060F66F2,Unknown
2009-06-29 02:33:12,000697A268,Unknown
2009-06-29 02:33:26,00065D7D8B,Unknown
2009-06-29 02:34:14,0006979B84,Unknown
2009-06-29 02:34:37,0006160637,Unknown
2009-06-29 02:35:47,00065D9BC6,Unknown
2009-06-29 02:35:53,00068E9134,Unknown
2009-06-29 02:36:02,00065EC37B,Unknown
2009-06-29 02:36:45,00065DD7F6,Unknown
2009-06-29 02:37:06,00068E3862,Unknown
2009-06-29 02:37:45,000697A268,Unknown
2009-06-29 02:37:46,0006979B84,Unknown
2009-06-29 02:37:46,00068EAD8A,Unknown
2009-06-29 02:40:50,0006979863,Unknown
2009-06-29 02:41:26,0005FE0832,Unknown
2009-06-29 02:41:27,000697BD11,Unknown
2009-06-29 02:44:04,00068E3862,Unknown
2009-06-29 02:44:51,000697B0DE,Unknown
2009-06-29 02:45:26,00068E17E7,Unknown
2009-06-29 02:45:43,00068EAD8A,Unknown
2009-06-29 02:46:07,00068E9134,Unknown
2009-06-29 02:46:33,00068E3D73,Unknown
2009-06-29 02:47:04,00065DD7F6,Unknown
2009-06-29 02:47:06,00068E8B1B,Unknown
2009-06-29 02:47:38,00065EC37B,Unknown
2009-06-29 02:48:45,00065D9BC6,Unknown
2009-06-29 02:48:50,00068E1FDB,Unknown
2009-06-29 02:52:05,00068E0DE6,Unknown
2009-06-29 02:52:33,0006979B84,Unknown
2009-06-29 02:54:17,00068E2063,Unknown
2009-06-29 02:54:39,00065D7D8B,Unknown
2009-06-29 02:54:49,0006979863,Unknown
2009-06-29 02:55:00,00068E2063,Unknown
2009-06-29 02:56:35,00068E3D73,Unknown
2009-06-29 02:56:40,0006979B84,Unknown
2009-06-29 02:57:15,00060F66F2,Unknown
2009-06-29 02:57:24,00068E0DE6,Unknown
2009-06-29 02:57:28,00065D9BC6,Unknown
2009-06-29 02:59:11,00061013E4,Unknown
2009-06-29 02:59:21,00068E17E7,Unknown
2009-06-29 02:59:31,0006979BE8,Unknown
2009-06-29 03:00:06,0006444F30,Unknown
2009-06-29 03:00:31,00068E9C1A,Unknown
2009-06-29 03:00:44,00068E9C1A,Unknown
2009-06-29 03:01:01,00065D81D3,Unknown
2009-06-29 03:01:31,000697BD11,Unknown
2009-06-29 03:01:46,0006979863,Unknown
2009-06-29 03:01:51,00065DD7F6,Unknown
2009-06-29 03:02:25,0005FE0832,Unknown
2009-06-29 03:03:17,0006979863,Unknown
2009-06-29 03:05:21,00065D9BC6,Unknown
2009-06-29 03:08:06,00068E17E7,Unknown
2009-06-29 03:08:43,00068E3D73,Unknown
2009-06-29 03:08:59,00068EAD8A,Unknown
2009-06-29 03:09:23,0006979BE8,Unknown
2009-06-29 03:09:29,00068E2063,Unknown
2009-06-29 03:10:04,00068E2063,Unknown
2009-06-29 03:10:29,00065D81D3,Unknown
2009-06-29 03:15:45,00068E9C1A,Unknown
2009-06-29 03:16:08,000697BE7E,Unknown
2009-06-29 03:16:21,00068E3862,Unknown
2009-06-29 03:17:21,00068EAD8A,Unknown
2009-06-29 03:17:43,00065EA1D4,Unknown
2009-06-29 03:18:02,00068E17E7,Unknown
2009-06-29 03:19:10,00068E3D73,Unknown
2009-06-29 03:19:15,00068E0F02,Unknown
2009-06-29 03:21:05,00060D7AE7,Unknown
2009-06-29 03:21:21,0006160637,Unknown
2009-06-29 03:22:39,00068E9C1A,Unknown
2009-06-29 03:23:02,00061013E4,Unknown
2009-06-29 03:26:19,0006179D52,Unknown
2009-06-29 03:27:05,00068E0587,Unknown
2009-06-29 03:28:16,00068E17E7,Unknown
2009-06-29 03:28:31,000697BE7E,Unknown
2009-06-29 03:28:59,0006979BE8,Unknown
2009-06-29 03:29:00,0006160637,Unknown
2009-06-29 03:29:39,00068E3D57,Unknown
2009-06-29 03:31:10,0006444F30,Unknown
2009-06-29 03:31:18,00065EA1D4,Unknown
2009-06-29 03:32:11,00068E3862,Unknown
2009-06-29 03:33:11,00068E0F02,Unknown
2009-06-29 03:33:15,0006979863,Unknown
2009-06-29 03:33:38,00065EC37B,Unknown
2009-06-29 03:35:19,0006979BE8,Unknown
2009-06-29 03:36:03,0006179D52,Unknown
2009-06-29 03:36:30,00060D7AE7,Unknown
2009-06-29 03:37:37,00068E3D57,Unknown
2009-06-29 03:37:45,00068E0DE6,Unknown
2009-06-29 03:38:07,00068E0587,Unknown
2009-06-29 03:38:11,00068E35E1,Unknown
2009-06-29 03:38:11,0006979863,Unknown
2009-06-29 03:39:03,0006979863,Unknown
2009-06-29 03:39:13,00068E1C26,Unknown
2009-06-29 03:41:18,00068E9C1A,Unknown
2009-06-29 03:41:28,00068E0DE6,Unknown
2009-06-29 03:42:35,0006979863,Unknown
2009-06-29 03:42:37,00068E1C26,Unknown
2009-06-29 03:42:57,00065EC37B,Unknown
2009-06-29 03:43:51,00065DA08A,Unknown
2009-06-29 03:43:58,000697BE7E,Unknown
2009-06-29 03:43:59,00068EAD8A,Unknown
2009-06-29 03:47:27,0006979863,Unknown
2009-06-29 03:48:24,00065D9BC6,Unknown
2009-06-29 03:49:05,00068E2063,Unknown
2009-06-29 03:49:32,00068E2063,Unknown
2009-06-29 03:50:52,00065EA1D4,Unknown
2009-06-29 03:51:11,00068E0587,Unknown
2009-06-29 03:51:30,00065DA08A,Unknown
2009-06-29 03:52:41,000697BE7E,Unknown
2009-06-29 03:52:53,00068E35E1,Unknown
2009-06-29 03:54:56,00068E2063,Unknown
2009-06-29 03:56:07,00068E3862,Unknown
2009-06-29 03:56:39,00068EAD8A,Unknown
2009-06-29 03:59:02,00065D9BC6,Unknown
2009-06-29 03:59:34,00068E3862,Unknown
2009-06-29 04:00:49,00068E2063,Unknown
2009-06-29 04:01:05,00065D7D8B,Unknown
2009-06-29 04:01:13,00065EA1D4,Unknown
2009-06-29 04:03:19,00068E0587,Unknown
2009-06-29 04:04:58,00061013E4,Unknown
2009-06-29 04:10:07,00065D7D8B,Unknown
2009-06-29 04:11:11,0005FE0832,Unknown
2009-06-29 04:14:03,00061013E4,Unknown
2009-06-29 04:14:35,00068EAD8A,Unknown
2009-06-29 04:20:07,00068EAD8A,Unknown
2009-06-29 04:27:36,0005FE0832,Unknown
2009-06-29 04:29:37,00068E3D57,Unknown
2009-06-29 04:33:22,00065DD7F6,Unknown
2009-06-29 04:36:54,0006979ABE,Unknown
2009-06-29 04:37:42,00068E17E7,Unknown
2009-06-29 04:39:00,00068E3D57,Unknown
2009-06-29 04:40:09,00060D7AE7,Unknown
2009-06-29 04:40:49,00068E0DE6,Unknown
2009-06-29 04:41:37,00065EA1D4,Unknown
2009-06-29 04:42:53,000697A268,Unknown
2009-06-29 04:43:22,0006444F30,Unknown
2009-06-29 04:43:32,00068E3D57,Unknown
2009-06-29 04:43:52,00068E3D73,Unknown
2009-06-29 04:44:11,000697B0DE,Unknown
2009-06-29 04:44:12,00065EC37B,Unknown
2009-06-29 04:44:33,000697BD11,Unknown
2009-06-29 04:44:44,00061D27AC,Unknown
2009-06-29 04:45:10,00065D7D8B,Unknown
2009-06-29 04:45:46,00068E17E7,Unknown
2009-06-29 04:46:42,00068E1FDB,Unknown
2009-06-29 04:47:17,000697BE7E,Unknown
2009-06-29 04:47:20,00065DA08A,Unknown
2009-06-29 04:47:57,00060F66F2,Unknown
2009-06-29 04:49:18,00068E35E1,Unknown
2009-06-29 04:50:11,00061013E4,Unknown
2009-06-29 04:51:27,00065D9BC6,Unknown
2009-06-29 04:51:30,00068E1C26,Unknown
2009-06-29 04:51:53,00068E1F71,Unknown
2009-06-29 04:52:09,00068E3862,Unknown
2009-06-29 04:52:35,0006979BE8,Unknown
2009-06-29 04:53:52,00068E0F02,Unknown
2009-06-29 04:53:59,00068E0587,Unknown
2009-06-29 04:54:08,0006979B84,Unknown
2009-06-29 04:54:27,0005FE0832,Unknown
2009-06-29 04:55:22,00068EAD8A,Unknown
2009-06-29 04:55:33,0006160637,Unknown
2009-06-29 04:55:38,00068E9134,Unknown
2009-06-29 04:57:07,00068E9C1A,Unknown
2009-06-29 04:57:42,00068E17E7,Unknown
2009-06-29 05:00:05,00068E2063,Unknown
2009-06-29 05:03:47,00065D81D3,Unknown
2009-06-29 06:09:42,0006444F30,Unknown
2009-06-29 06:10:36,0006160637,Unknown
2009-06-29 06:12:43,000697BE7E,Unknown
2009-06-29 08:20:19,00065E632D,Unknown
2009-06-29 08:26:17,00068E3862,Unknown
2009-06-29 08:28:47,00065E632D,Unknown
2009-06-29 09:22:25,00065E632D,Unknown
2009-06-29 09:47:22,00065E632D,Unknown
2009-06-29 09:52:51,00065E632D,Unknown
2009-06-29 10:48:06,8E602D0D0F,Unknown
2009-06-29 11:02:51,8E602D0D0F,Unknown
2009-06-29 11:04:38,8E602D0D0F,Unknown
2009-06-29 19:03:02,8E602D0D0F,Unknown
2009-06-29 19:04:13,00065E632D,Unknown
2009-06-29 19:14:56,8E602D0D0F,Unknown
2009-06-29 19:16:33,00065E632D,Unknown
2009-06-29 20:43:50,8E602D0D0F,Unknown
2009-06-29 20:45:01,00065E632D,Unknown
2009-06-29 21:17:52,8E602D0D0F,Unknown
2009-06-29 21:19:44,00065E632D,Unknown
2009-06-29 21:28:12,00068E3862,Unknown
2009-06-29 21:29:40,00065EA1D4,Unknown
2009-06-29 21:30:52,00065EC37B,Unknown
2009-06-29 21:31:06,00065EC37B,Unknown
2009-06-29 21:31:23,00065EC37B,Unknown
2009-06-29 21:31:34,00065EC37B,Unknown
2009-06-29 21:31:51,00065EA1D4,Unknown
2009-06-29 21:31:53,00065EC37B,Unknown
2009-06-29 21:32:55,000697BD11,Unknown
2009-06-29 21:36:06,00068E17E7,Unknown
2009-06-29 21:36:21,00068E3862,Unknown
2009-06-29 21:36:32,00068E3862,Unknown
2009-06-29 21:36:43,00068E3862,Unknown
2009-06-29 21:36:54,00068E3862,Unknown
2009-06-29 21:37:08,00068E3862,Unknown
2009-06-29 21:37:14,00060D7AE7,Unknown
2009-06-29 21:38:09,000697BE7E,Unknown
2009-06-29 21:38:29,000697BE7E,Unknown
2009-06-29 21:38:58,00068E9134,Unknown
2009-06-29 21:39:04,0006179D52,Unknown
2009-06-29 21:39:25,000697BE7E,Unknown
2009-06-29 21:39:37,0006444F30,Unknown
2009-06-29 21:39:37,000697BE7E,Unknown
2009-06-29 21:39:48,000697BE7E,Unknown
2009-06-29 21:40:00,000697BE7E,Unknown
2009-06-29 21:40:26,000697BE7E,Unknown
2009-06-29 21:40:28,0005FE0832,Unknown
2009-06-29 21:42:18,000697BE7E,Unknown
2009-06-29 21:43:08,0006160637,Unknown
2009-06-29 21:45:10,00065DA08A,Unknown
2009-06-29 21:46:15,00068E0587,Unknown
2009-06-29 21:46:22,00068E2063,Unknown
2009-06-29 21:46:37,00065D9BC6,Unknown
2009-06-29 21:47:12,00065D9BC6,Unknown
2009-06-29 21:47:23,00065D9BC6,Unknown
2009-06-29 21:47:37,00065D9BC6,Unknown
2009-06-29 21:47:42,00068E9C1A,Unknown
2009-06-29 21:47:50,00068E3D73,Unknown
2009-06-29 21:48:27,0006979863,Unknown
2009-06-29 21:49:14,00068E3D57,Unknown
2009-06-29 21:49:26,00068EAD8A,Unknown
2009-06-29 21:49:31,0006979BE8,Unknown
2009-06-29 21:49:53,00065D81D3,Unknown
2009-06-29 21:51:12,00068E35E1,Unknown
2009-06-29 21:51:34,00065D7D8B,Unknown
2009-06-29 21:52:26,00068E8B1B,Unknown
2009-06-29 21:52:47,000697A268,Unknown
2009-06-29 21:53:03,00068E1FDB,Unknown
2009-06-29 21:53:07,00060F66F2,Unknown
2009-06-29 21:53:15,00068E1FDB,Unknown
2009-06-29 21:55:57,00061013E4,Unknown
2009-06-29 21:59:45,0006979ABE,Unknown
2009-06-29 21:59:52,000697B0DE,Unknown
2009-06-29 22:00:01,0006979ABE,Unknown
2009-06-29 22:00:11,00068E0F02,Unknown
2009-06-29 22:00:12,0006979ABE,Unknown
2009-06-29 22:00:15,00068E1C26,Unknown
2009-06-29 22:00:26,00068E1F71,Unknown
2009-06-29 22:00:28,00061D27AC,Unknown
2009-06-29 22:01:00,00065DD7F6,Unknown
2009-06-29 22:01:19,00065DD7F6,Unknown
2009-06-29 22:01:30,0006444F30,Unknown
2009-06-29 22:01:30,0006979B84,Unknown
2009-06-29 22:07:20,00068E0DE6,Unknown
2009-06-29 22:11:08,0006979863,Unknown
2009-06-29 22:11:27,0006444F30,Unknown
2009-06-29 22:12:31,0006979C67,Unknown
2009-06-29 22:14:20,0006979C67,Unknown
2009-06-29 22:15:25,0006979863,Unknown
2009-06-29 22:19:43,00065EA1D4,Unknown
2009-06-29 22:22:43,00065DA08A,Unknown
2009-06-29 22:30:25,00065EA1D4,Unknown
2009-06-29 22:32:08,00065DA08A,Unknown
2009-06-29 22:33:22,0006444F30,Unknown
2009-06-29 22:36:22,0006444F30,Unknown
2009-06-29 22:38:30,00068E0587,Unknown
2009-06-29 22:41:21,00068E0587,Unknown
2009-06-29 22:46:10,0006979C67,Unknown
2009-06-29 22:47:05,00065D7D8B,Unknown
2009-06-29 22:48:28,00065D9BC6,Unknown
2009-06-29 22:50:42,0006979C67,Unknown
2009-06-29 22:52:09,0006979C67,Unknown
2009-06-29 22:52:39,0006979C67,Unknown
2009-06-29 22:53:16,00068E35E1,Unknown
2009-06-29 22:53:40,0006979C67,Unknown
2009-06-29 22:54:05,0006979C67,Unknown
2009-06-29 22:56:09,00068E3D73,Unknown
2009-06-29 22:57:32,000697B0DE,Unknown
2009-06-29 22:58:40,0006979C67,Unknown
2009-06-29 22:59:00,0006444F30,Unknown
2009-06-29 22:59:19,0006979C67,Unknown
2009-06-29 22:59:49,0006979C67,Unknown
2009-06-29 23:00:00,00068E3862,Unknown
2009-06-29 23:00:12,0006979C67,Unknown
2009-06-29 23:00:33,00068E17E7,Unknown
2009-06-29 23:00:42,0006444F30,Unknown
2009-06-29 23:00:43,0006979C67,Unknown
2009-06-29 23:01:14,0006979C67,Unknown
2009-06-29 23:01:26,0006979C67,Unknown
2009-06-29 23:01:55,00068E0587,Unknown
2009-06-29 23:02:01,0006979C67,Unknown
2009-06-29 23:02:32,0006979C67,Unknown
2009-06-29 23:03:47,00068E2063,Unknown
2009-06-29 23:03:52,00068E0587,Unknown
2009-06-29 23:04:06,00068E2063,Unknown
2009-06-29 23:04:59,00068E3862,Unknown
2009-06-29 23:05:09,00068E0F02,Unknown
2009-06-29 23:06:04,00068E8B1B,Unknown
2009-06-29 23:06:05,0006979C67,Unknown
2009-06-29 23:06:08,0006444F30,Unknown
2009-06-29 23:06:21,0006979C67,Unknown
2009-06-29 23:09:02,0006979C67,Unknown
2009-06-29 23:09:12,00068E3D73,Unknown
2009-06-29 23:09:29,0006979C67,Unknown
2009-06-29 23:09:55,00065D7D8B,Unknown
2009-06-29 23:10:17,00065D9BC6,Unknown
2009-06-29 23:11:45,00068E0F02,Unknown
2009-06-29 23:12:44,0006979C67,Unknown
2009-06-29 23:13:27,00068E17E7,Unknown
2009-06-29 23:13:34,0006444F30,Unknown
2009-06-29 23:13:43,00068E35E1,Unknown
2009-06-29 23:15:00,00068E0F02,Unknown
2009-06-29 23:15:09,000697B0DE,Unknown
2009-06-29 23:19:28,0006979C67,Unknown
2009-06-29 23:21:32,00068E8B1B,Unknown
2009-06-29 23:25:40,00068E8B1B,Unknown
2009-06-29 23:28:42,00068E0F02,Unknown
2009-06-29 23:29:30,00061013E4,Unknown
2009-06-29 23:29:51,00068E9134,Unknown
2009-06-29 23:31:31,0006979C67,Unknown
2009-06-29 23:34:25,000697BD11,Unknown
2009-06-29 23:36:30,00068E0587,Unknown
2009-06-29 23:37:40,00068E9134,Unknown
2009-06-29 23:40:25,00068E17E7,Unknown
2009-06-29 23:40:56,00068EAD8A,Unknown
2009-06-29 23:43:23,0006979C67,Unknown
2009-06-29 23:46:36,00068E0587,Unknown
2009-06-29 23:46:36,00068EAD8A,Unknown
2009-06-29 23:47:54,00068E9134,Unknown
2009-06-29 23:48:12,00065EC37B,Unknown
2009-06-29 23:48:21,00065EA1D4,Unknown
2009-06-29 23:50:02,0006979863,Unknown
2009-06-29 23:50:33,00068E9134,Unknown
2009-06-29 23:51:00,0006179D52,Unknown
2009-06-29 23:51:27,00065EA1D4,Unknown
2009-06-29 23:51:39,00065EA1D4,Unknown
2009-06-29 23:51:44,00068E17E7,Unknown
2009-06-29 23:51:50,00065EA1D4,Unknown
2009-06-29 23:52:20,00065EC37B,Unknown
2009-06-29 23:53:28,0006979863,Unknown
2009-06-29 23:54:02,00061013E4,Unknown
2009-06-29 23:54:41,00068E3D73,Unknown
2009-06-29 23:54:46,00065EC37B,Unknown
2009-06-29 23:55:56,0006179D52,Unknown
2009-06-29 23:56:22,00065EC37B,Unknown
2009-06-29 23:56:34,00065EC37B,Unknown
2009-06-29 23:56:42,0006979BE8,Unknown
2009-06-29 23:59:08,00068E2063,Unknown
2009-06-30 00:00:45,0006179D52,Unknown
2009-06-30 00:00:58,0006179D52,Unknown
2009-06-30 00:01:44,00068E17E7,Unknown
2009-06-30 00:01:52,00065D9BC6,Unknown
2009-06-30 00:01:57,0006979C67,Unknown
2009-06-30 00:02:39,0006179D52,Unknown
2009-06-30 00:03:10,0006179D52,Unknown
2009-06-30 00:03:37,00060D7AE7,Unknown
2009-06-30 00:03:43,00068E35E1,Unknown
2009-06-30 00:06:02,0006179D52,Unknown
2009-06-30 00:06:15,00065D81D3,Unknown
2009-06-30 00:06:17,0006179D52,Unknown
2009-06-30 00:06:29,0006179D52,Unknown
2009-06-30 00:06:54,0006179D52,Unknown
2009-06-30 00:07:43,00068E2063,Unknown
2009-06-30 00:08:39,00068E3D73,Unknown
2009-06-30 00:08:44,0006979BE8,Unknown
2009-06-30 00:08:59,00068E17E7,Unknown
2009-06-30 00:09:44,00065D81D3,Unknown
2009-06-30 00:10:11,00065D9BC6,Unknown
2009-06-30 00:10:25,0006979C67,Unknown
2009-06-30 00:10:51,0006179D52,Unknown
2009-06-30 00:12:07,00065D7D8B,Unknown
2009-06-30 00:12:50,0006179D52,Unknown
2009-06-30 00:13:08,00068E35E1,Unknown
2009-06-30 00:15:42,00065DA08A,Unknown
2009-06-30 00:18:19,00060D7AE7,Unknown
2009-06-30 00:18:23,0006979C67,Unknown
2009-06-30 00:18:43,00060F66F2,Unknown
2009-06-30 00:18:45,0006444F30,Unknown
2009-06-30 00:18:55,00061013E4,Unknown
2009-06-30 00:19:01,0005FE0832,Unknown
2009-06-30 00:19:55,00065D9BC6,Unknown
2009-06-30 00:19:57,00061013E4,Unknown
2009-06-30 00:20:23,00061013E4,Unknown
2009-06-30 00:21:09,0006160637,Unknown
2009-06-30 00:21:23,00060F66F2,Unknown
2009-06-30 00:22:20,000697BE7E,Unknown
2009-06-30 00:22:42,0006444F30,Unknown
2009-06-30 00:23:02,0006160637,Unknown
2009-06-30 00:23:10,000697B0DE,Unknown
2009-06-30 00:23:35,0006979C67,Unknown
2009-06-30 00:24:01,00068E3D73,Unknown
2009-06-30 00:26:04,00060D7AE7,Unknown
2009-06-30 00:26:20,00060D7AE7,Unknown
2009-06-30 00:26:24,00068E17E7,Unknown
2009-06-30 00:26:25,00065D9BC6,Unknown
2009-06-30 00:26:37,00065D9BC6,Unknown
2009-06-30 00:28:33,00065D7D8B,Unknown
2009-06-30 00:28:38,000697BE7E,Unknown
2009-06-30 00:29:11,00068E3D57,Unknown
2009-06-30 00:32:16,00060F66F2,Unknown
2009-06-30 00:32:57,0005FE0832,Unknown
2009-06-30 00:33:26,00068EAD8A,Unknown
2009-06-30 00:34:00,00060F66F2,Unknown
2009-06-30 00:34:11,0006160637,Unknown
2009-06-30 00:34:12,00060F66F2,Unknown
2009-06-30 00:34:24,00060F66F2,Unknown
2009-06-30 00:34:46,00068E3D73,Unknown
2009-06-30 00:34:57,00060F66F2,Unknown
2009-06-30 00:35:14,0006979BE8,Unknown
2009-06-30 00:35:29,00068E17E7,Unknown
2009-06-30 00:36:14,000697BD11,Unknown
2009-06-30 00:36:35,00068E3D57,Unknown
2009-06-30 00:36:43,00068E9C1A,Unknown
2009-06-30 00:36:54,000697B0DE,Unknown
2009-06-30 00:38:24,0006444F30,Unknown
2009-06-30 00:38:30,00068EAD8A,Unknown
2009-06-30 00:39:19,00065DA08A,Unknown
2009-06-30 00:41:53,000697BE7E,Unknown
2009-06-30 00:43:06,0006979BE8,Unknown
2009-06-30 00:44:35,0005FE0832,Unknown
2009-06-30 00:48:53,00068E3862,Unknown
2009-06-30 00:50:03,00068E3862,Unknown
2009-06-30 00:51:45,0005FE0832,Unknown
2009-06-30 00:52:17,000697BD11,Unknown
2009-06-30 00:52:27,00065D9BC6,Unknown
2009-06-30 00:52:57,00068E9C1A,Unknown
2009-06-30 00:53:14,000697BE7E,Unknown
2009-06-30 00:55:18,00068E17E7,Unknown
2009-06-30 00:56:17,0006444F30,Unknown
2009-06-30 00:59:03,00060D7AE7,Unknown
2009-06-30 00:59:07,000697BD11,Unknown
2009-06-30 00:59:15,00065D7D8B,Unknown
2009-06-30 01:00:05,000697BD11,Unknown
2009-06-30 01:00:53,00060D7AE7,Unknown
2009-06-30 01:01:14,00068E17E7,Unknown
2009-06-30 01:02:28,000697BD11,Unknown
2009-06-30 01:03:28,00068E3D73,Unknown
2009-06-30 01:04:25,000697BD11,Unknown
2009-06-30 01:04:48,000697BD11,Unknown
2009-06-30 01:05:30,00068E9C1A,Unknown
2009-06-30 01:07:52,00065D7D8B,Unknown
2009-06-30 01:08:06,00068E9C1A,Unknown
2009-06-30 01:09:13,00068E9C1A,Unknown
2009-06-30 01:09:19,00065D9BC6,Unknown
2009-06-30 01:09:57,00065DD7F6,Unknown
2009-06-30 01:09:59,00060D7AE7,Unknown
2009-06-30 01:11:26,00065D81D3,Unknown
2009-06-30 01:11:55,00065D81D3,Unknown
2009-06-30 01:13:05,00065EB6E2,Unknown
2009-06-30 01:13:35,00065D81D3,Unknown
2009-06-30 01:13:53,00068E2063,Unknown
2009-06-30 01:14:00,00065D81D3,Unknown
2009-06-30 01:14:34,000697B0DE,Unknown
2009-06-30 01:14:50,00068E8B1B,Unknown
2009-06-30 01:16:19,00068EAD8A,Unknown
2009-06-30 01:16:51,00068E3D73,Unknown
2009-06-30 01:17:51,00065EB6E2,Unknown
2009-06-30 01:18:01,00068E2063,Unknown
2009-06-30 01:18:27,00068E3862,Unknown
2009-06-30 01:18:32,00060D7AE7,Unknown
2009-06-30 01:19:04,000697B0DE,Unknown
2009-06-30 01:19:29,00068E3862,Unknown
2009-06-30 01:20:21,0006979C67,Unknown
2009-06-30 01:21:51,00065D81D3,Unknown
2009-06-30 01:24:21,00065DD7F6,Unknown
2009-06-30 01:25:16,00068E8B1B,Unknown
2009-06-30 01:26:32,00068EAD8A,Unknown
2009-06-30 01:26:35,00068E3862,Unknown
2009-06-30 01:27:14,00068E0587,Unknown
2009-06-30 01:28:31,00068E3862,Unknown
2009-06-30 01:31:50,0006979C67,Unknown
2009-06-30 01:32:44,00068E8B1B,Unknown
2009-06-30 01:33:01,00068E0F02,Unknown
2009-06-30 01:33:55,00068E8B1B,Unknown
2009-06-30 01:35:19,00068E0F02,Unknown
2009-06-30 01:36:55,00065EB6E2,Unknown
2009-06-30 01:38:39,0006444F30,Unknown
2009-06-30 01:38:53,00060D7AE7,Unknown
2009-06-30 01:39:30,00065EB6E2,Unknown
2009-06-30 01:40:03,00065DA08A,Unknown
2009-06-30 01:41:56,00068E17E7,Unknown
2009-06-30 01:43:58,00068E3D57,Unknown
2009-06-30 01:46:02,00068E8B1B,Unknown
2009-06-30 01:46:42,00068E0587,Unknown
2009-06-30 01:46:50,00068E3D57,Unknown
2009-06-30 01:49:59,00068E17E7,Unknown
2009-06-30 01:50:00,00068E8B1B,Unknown
2009-06-30 01:50:04,00060D7AE7,Unknown
2009-06-30 01:50:19,00068E8B1B,Unknown
2009-06-30 01:50:42,00068E8B1B,Unknown
2009-06-30 01:51:02,00068E8B1B,Unknown
2009-06-30 01:51:31,0006444F30,Unknown
2009-06-30 01:53:11,00068E3862,Unknown
2009-06-30 01:57:23,0006979BE8,Unknown
2009-06-30 01:57:26,00068E17E7,Unknown
2009-06-30 01:57:35,00065D7D8B,Unknown
2009-06-30 01:58:04,00065EB6E2,Unknown
2009-06-30 01:58:46,00065EB6E2,Unknown
2009-06-30 01:59:41,000697B0DE,Unknown
2009-06-30 01:59:56,00068E3D57,Unknown
2009-06-30 02:00:07,00065D9BC6,Unknown
2009-06-30 02:01:38,00068E8B1B,Unknown
2009-06-30 02:01:59,00068E8B1B,Unknown
2009-06-30 02:02:37,00068E17E7,Unknown
2009-06-30 02:03:10,00065D81D3,Unknown
2009-06-30 02:05:25,00068EAD8A,Unknown
2009-06-30 02:05:49,00068E3862,Unknown
2009-06-30 02:08:03,00065D9BC6,Unknown
2009-06-30 02:08:17,00068E3D57,Unknown
2009-06-30 02:10:50,0006979BE8,Unknown
2009-06-30 02:11:26,00068E2063,Unknown
2009-06-30 02:12:24,00068E17E7,Unknown
2009-06-30 02:12:39,0006444F30,Unknown
2009-06-30 02:13:09,00068E3862,Unknown
2009-06-30 02:13:15,000697B0DE,Unknown
2009-06-30 02:13:18,0005FE0832,Unknown
2009-06-30 02:14:07,00068E3862,Unknown
2009-06-30 02:14:14,00065D81D3,Unknown
2009-06-30 02:14:24,00068E2063,Unknown
2009-06-30 02:14:49,00068E0587,Unknown
2009-06-30 02:14:56,0006160637,Unknown
2009-06-30 02:15:33,00068EAD8A,Unknown
2009-06-30 02:15:36,000697BE7E,Unknown
2009-06-30 02:17:10,00065D9BC6,Unknown
2009-06-30 02:17:47,0006444F30,Unknown
2009-06-30 02:18:00,00065D7D8B,Unknown
2009-06-30 02:18:23,000697BE7E,Unknown
2009-06-30 02:18:42,00068E2063,Unknown
2009-06-30 02:21:40,000697BE7E,Unknown
2009-06-30 02:23:36,00068E3862,Unknown
2009-06-30 02:24:43,00065DA08A,Unknown
2009-06-30 02:24:43,00068E2063,Unknown
2009-06-30 02:24:58,00065DA08A,Unknown
2009-06-30 02:25:34,000697BE7E,Unknown
2009-06-30 02:26:34,00065DA08A,Unknown
2009-06-30 02:27:17,00068E0587,Unknown
2009-06-30 02:27:26,00065DA08A,Unknown
2009-06-30 02:27:31,00065EB6E2,Unknown
2009-06-30 02:27:33,000697BE7E,Unknown
2009-06-30 02:27:39,00065DA08A,Unknown
2009-06-30 02:28:13,00060FA7EA,Unknown
2009-06-30 02:28:19,00060D7AE7,Unknown
2009-06-30 02:28:24,00060FA7EA,Unknown
2009-06-30 02:28:38,00065EB6E2,Unknown
2009-06-30 02:28:44,00068E17E7,Unknown
2009-06-30 02:30:34,00068E3862,Unknown
2009-06-30 02:32:54,00065DA08A,Unknown
2009-06-30 02:33:23,00065DA08A,Unknown
2009-06-30 02:35:56,00068E17E7,Unknown
2009-06-30 02:36:47,00065DD7F6,Unknown
2009-06-30 02:37:20,00065D9BC6,Unknown
2009-06-30 02:37:24,00068EAD8A,Unknown
2009-06-30 02:37:45,00068EAD8A,Unknown
2009-06-30 02:37:52,0006979C67,Unknown
2009-06-30 02:38:16,00065DA08A,Unknown
2009-06-30 02:38:18,0006444F30,Unknown
2009-06-30 02:39:48,00065D81D3,Unknown
2009-06-30 02:39:57,0005FE0832,Unknown
2009-06-30 02:43:35,0006160637,Unknown
2009-06-30 02:44:10,00068E3D73,Unknown
2009-06-30 02:44:27,00068EAD8A,Unknown
2009-06-30 02:45:57,000697BE7E,Unknown
2009-06-30 02:47:43,00065EB6E2,Unknown
2009-06-30 02:47:56,00068E17E7,Unknown
2009-06-30 02:48:18,00065EB6E2,Unknown
2009-06-30 02:48:23,00065DD7F6,Unknown
2009-06-30 02:48:58,00065D81D3,Unknown
2009-06-30 02:53:02,0006444F30,Unknown
2009-06-30 02:53:04,00060D7AE7,Unknown
2009-06-30 02:54:36,0006979C67,Unknown
2009-06-30 02:57:36,00068EAD8A,Unknown
2009-06-30 02:58:19,00068E3D73,Unknown
2009-06-30 02:59:52,000697B0DE,Unknown
2009-06-30 03:01:14,00065EB6E2,Unknown
2009-06-30 03:01:53,00065EB6E2,Unknown
2009-06-30 03:03:14,00068E17E7,Unknown
2009-06-30 03:05:44,00065D9BC6,Unknown
2009-06-30 03:06:08,00068E3D73,Unknown
2009-06-30 03:06:29,00065DD7F6,Unknown
2009-06-30 03:07:07,00068E2063,Unknown
2009-06-30 03:09:27,00068E3D57,Unknown
2009-06-30 03:12:23,000697B0DE,Unknown
2009-06-30 03:15:04,00065DD7F6,Unknown
2009-06-30 03:15:26,00065D9BC6,Unknown
2009-06-30 03:15:47,00068E17E7,Unknown
2009-06-30 03:16:27,00068E2063,Unknown
2009-06-30 03:16:32,00068E3D57,Unknown
2009-06-30 03:16:41,00068E3D73,Unknown
2009-06-30 03:17:41,00068EAD8A,Unknown
2009-06-30 03:20:32,00065D7D8B,Unknown
2009-06-30 03:25:05,00065EB6E2,Unknown
2009-06-30 03:25:19,00068E0587,Unknown
2009-06-30 03:26:15,00065EB6E2,Unknown
2009-06-30 03:34:03,00068EAD8A,Unknown
2009-06-30 03:36:41,00065D7D8B,Unknown
2009-06-30 03:37:10,00068E3862,Unknown
2009-06-30 03:37:29,000697BE7E,Unknown
2009-06-30 03:38:44,00068E0587,Unknown
2009-06-30 03:39:45,00065EB6E2,Unknown
2009-06-30 03:40:32,00065EB6E2,Unknown
2009-06-30 03:45:48,000697BE7E,Unknown
2009-06-30 03:48:10,00068E3862,Unknown
2009-06-30 03:49:17,00065D7D8B,Unknown
2009-06-30 03:53:02,00065EB6E2,Unknown
2009-06-30 03:53:19,00065EB6E2,Unknown
2009-06-30 03:54:36,00068EAD8A,Unknown
2009-06-30 03:55:56,00065D7D8B,Unknown
2009-06-30 04:03:42,0006979BE8,Unknown
2009-06-30 04:04:07,00065EB6E2,Unknown
2009-06-30 04:04:19,00065EB6E2,Unknown
2009-06-30 04:05:50,00068EAD8A,Unknown
2009-06-30 04:11:07,0006979BE8,Unknown
2009-06-30 04:13:05,0006444F30,Unknown
2009-06-30 04:23:56,0006444F30,Unknown
2009-06-30 04:27:14,00068EAD8A,Unknown
2009-06-30 04:29:00,00065DD7F6,Unknown
2009-06-30 04:29:47,00068E3D57,Unknown
2009-06-30 04:31:31,00068EAD8A,Unknown
2009-06-30 04:32:35,0006979C67,Unknown
2009-06-30 04:33:49,00060D7AE7,Unknown
2009-06-30 04:43:26,000697B0DE,Unknown
2009-06-30 04:44:39,00068E1FDB,Unknown
2009-06-30 04:46:46,0006444F30,Unknown
2009-06-30 04:47:21,00068E3D73,Unknown
2009-06-30 04:47:41,000697BE7E,Unknown
2009-06-30 04:51:03,0006979BE8,Unknown
2009-06-30 04:51:18,00065D9BC6,Unknown
2009-06-30 04:51:50,00060FA7EA,Unknown
2009-06-30 04:52:16,0006979D37,Unknown
2009-06-30 04:52:18,00065EB6E2,Unknown
2009-06-30 04:52:26,0005FE0832,Unknown
2009-06-30 04:52:38,00068E3862,Unknown
2009-06-30 04:52:43,0006160637,Unknown
2009-06-30 04:53:06,00068E0587,Unknown
2009-06-30 04:53:14,00068E1A38,Unknown
2009-06-30 04:53:54,00065D7D8B,Unknown
2009-06-30 04:54:13,00065EB6E2,Unknown
2009-06-30 04:54:55,00068E17E7,Unknown
2009-06-30 04:57:30,00068E2063,Unknown
2009-06-30 04:59:06,00068EAD8A,Unknown
2009-06-30 04:59:19,00065D81D3,Unknown
2009-06-30 05:03:45,00065EB6E2,Unknown
2009-06-30 05:05:56,00065EB6E2,Unknown
2009-06-30 05:11:21,00065EB6E2,Unknown
2009-06-30 05:45:57,0006979C67,Unknown
2009-06-30 07:27:33,0006444F30,Unknown
2009-06-30 07:47:24,0006160637,Unknown
2009-06-30 08:43:00,00065E632D,Unknown
2009-06-30 09:27:22,00065E632D,Unknown
2009-06-30 09:54:08,00065E632D,Unknown
2009-06-30 09:58:24,00065E632D,Unknown
2009-06-30 11:07:33,8E602D0D0F,Unknown
2009-06-30 18:15:55,8E602D0D0F,Unknown
2009-06-30 18:16:04,00065E632D,Unknown
2009-06-30 18:31:16,8E602D0D0F,Unknown
2009-06-30 18:31:40,00065E632D,Unknown
2009-06-30 18:42:34,8E602D0D0F,Unknown
2009-06-30 18:43:00,00065E632D,Unknown
2009-06-30 19:15:21,8E602D0D0F,Unknown
2009-06-30 20:06:57,00060FA7EA,Unknown
2009-06-30 20:17:01,00068E3862,Unknown
2009-06-30 21:13:22,00065EB6E2,Unknown
2009-06-30 21:34:35,00068E17E7,Unknown
2009-06-30 21:35:10,00065EA1D4,Unknown
2009-06-30 21:35:36,00065EA1D4,Unknown
2009-06-30 21:35:53,00065EA1D4,Unknown
2009-06-30 21:36:09,00065EA1D4,Unknown
2009-06-30 21:36:14,00068E17E7,Unknown
2009-06-30 21:36:38,00065EA1D4,Unknown
2009-06-30 21:37:28,0006160637,Unknown
2009-06-30 21:38:25,00068E1F71,Unknown
2009-06-30 21:39:00,0006979C67,Unknown
2009-06-30 21:39:11,0006979C67,Unknown
2009-06-30 21:39:23,0006979C67,Unknown
2009-06-30 21:39:32,000697BD11,Unknown
2009-06-30 21:39:33,00068E2063,Unknown
2009-06-30 21:39:37,0006979C67,Unknown
2009-06-30 21:39:44,000697BD11,Unknown
2009-06-30 21:39:55,00068E2063,Unknown
2009-06-30 21:39:56,000697BD11,Unknown
2009-06-30 21:39:57,0006979C67,Unknown
2009-06-30 21:40:07,000697BD11,Unknown
2009-06-30 21:40:19,0005FE0832,Unknown
2009-06-30 21:40:23,00061D27AC,Unknown
2009-06-30 21:40:44,00061D27AC,Unknown
2009-06-30 21:40:50,0005FE0832,Unknown
2009-06-30 21:40:57,0006979C67,Unknown
2009-06-30 21:41:01,0006160637,Unknown
2009-06-30 21:41:04,00061D27AC,Unknown
2009-06-30 21:41:14,00061013E4,Unknown
2009-06-30 21:41:18,0006444F30,Unknown
2009-06-30 21:41:18,00068E9C1A,Unknown
2009-06-30 21:41:25,0005FE0832,Unknown
2009-06-30 21:41:28,00061013E4,Unknown
2009-06-30 21:41:29,00068E3862,Unknown
2009-06-30 21:41:40,00061013E4,Unknown
2009-06-30 21:41:41,00068E3862,Unknown
2009-06-30 21:41:43,00068E1F71,Unknown
2009-06-30 21:41:53,000697BE7E,Unknown
2009-06-30 21:41:56,00068E35E1,Unknown
2009-06-30 21:42:05,0006160637,Unknown
2009-06-30 21:42:14,00068E35E1,Unknown
2009-06-30 21:42:20,0006160637,Unknown
2009-06-30 21:42:27,00068EAD8A,Unknown
2009-06-30 21:42:31,0006160637,Unknown
2009-06-30 21:42:42,0006160637,Unknown
2009-06-30 21:42:45,00068EAD8A,Unknown
2009-06-30 21:42:47,00068E3D73,Unknown
2009-06-30 21:42:51,00065D81D3,Unknown
2009-06-30 21:42:58,0006160637,Unknown
2009-06-30 21:43:02,00065D81D3,Unknown
2009-06-30 21:43:03,00068E0587,Unknown
2009-06-30 21:43:06,0006979ABE,Unknown
2009-06-30 21:43:25,0006979ABE,Unknown
2009-06-30 21:43:32,00068EAD8A,Unknown
2009-06-30 21:43:36,0006979ABE,Unknown
2009-06-30 21:43:56,00065EB6E2,Unknown
2009-06-30 21:44:08,00065EB6E2,Unknown
2009-06-30 21:44:23,00065EB6E2,Unknown
2009-06-30 21:44:26,00068E0587,Unknown
2009-06-30 21:44:33,00065D9BC6,Unknown
2009-06-30 21:44:38,00068E0587,Unknown
2009-06-30 21:44:45,00065D9BC6,Unknown
2009-06-30 21:44:46,00065D81D3,Unknown
2009-06-30 21:44:58,00065D9BC6,Unknown
2009-06-30 21:45:20,00060F66F2,Unknown
2009-06-30 21:45:34,0006979BE8,Unknown
2009-06-30 21:45:35,00060F66F2,Unknown
2009-06-30 21:45:48,00060F66F2,Unknown
2009-06-30 21:46:04,00060F66F2,Unknown
2009-06-30 21:46:21,00060F66F2,Unknown
2009-06-30 21:46:34,00060F66F2,Unknown
2009-06-30 21:46:45,00060F66F2,Unknown
2009-06-30 21:46:46,0005FE0832,Unknown
2009-06-30 21:46:57,00060F66F2,Unknown
2009-06-30 21:46:59,00068E0F02,Unknown
2009-06-30 21:47:04,00065EC37B,Unknown
2009-06-30 21:47:12,00068E0F02,Unknown
2009-06-30 21:47:19,00065DA08A,Unknown
2009-06-30 21:47:22,0006979863,Unknown
2009-06-30 21:47:23,00068E1F71,Unknown
2009-06-30 21:47:30,0006979ABE,Unknown
2009-06-30 21:47:42,0006979ABE,Unknown
2009-06-30 21:48:11,0006179D52,Unknown
2009-06-30 21:48:18,00065EC37B,Unknown
2009-06-30 21:48:21,00068E1C26,Unknown
2009-06-30 21:48:51,00068E0DE6,Unknown
2009-06-30 21:48:53,00065D9BC6,Unknown
2009-06-30 21:49:02,00068E8B1B,Unknown
2009-06-30 21:49:12,0006979ABE,Unknown
2009-06-30 21:49:30,0006979B84,Unknown
2009-06-30 21:49:39,00068E3D57,Unknown
2009-06-30 21:50:03,000697A268,Unknown
2009-06-30 21:50:53,00061D27AC,Unknown
2009-06-30 21:50:59,00068E9134,Unknown
2009-06-30 21:51:00,00068E0587,Unknown
2009-06-30 21:51:09,00061D27AC,Unknown
2009-06-30 21:51:27,00065D7D8B,Unknown
2009-06-30 21:51:38,00065D7D8B,Unknown
2009-06-30 21:51:46,00068E1FDB,Unknown
2009-06-30 21:51:51,00060D7AE7,Unknown
2009-06-30 21:51:57,00065DD7F6,Unknown
2009-06-30 21:54:35,000697B0DE,Unknown
2009-06-30 21:57:30,0006979D37,Unknown
2009-06-30 22:00:14,00060FA7EA,Unknown
2009-06-30 22:16:16,0006979C67,Unknown
2009-06-30 22:25:54,00065EA1D4,Unknown
2009-06-30 22:27:05,00065DA08A,Unknown
2009-06-30 22:27:14,00068E8B1B,Unknown
2009-06-30 22:28:57,0006979C67,Unknown
2009-06-30 22:33:41,00065EA1D4,Unknown
2009-06-30 22:35:30,00065DA08A,Unknown
2009-06-30 22:35:48,0006979863,Unknown
2009-06-30 22:38:10,00068E8B1B,Unknown
2009-06-30 22:48:20,00068E3D73,Unknown
2009-06-30 22:58:38,000697B0DE,Unknown
2009-06-30 23:01:20,0006444F30,Unknown
2009-06-30 23:02:05,0006444F30,Unknown
2009-06-30 23:07:31,00068E3D73,Unknown
2009-06-30 23:07:35,000697B0DE,Unknown
2009-06-30 23:11:01,00060F66F2,Unknown
2009-06-30 23:11:27,00068E35E1,Unknown
2009-06-30 23:19:48,00068E2063,Unknown
2009-06-30 23:19:56,00060F66F2,Unknown
2009-06-30 23:20:06,00068E2063,Unknown
2009-06-30 23:22:34,00068E2063,Unknown
2009-06-30 23:22:48,00068E2063,Unknown
2009-06-30 23:27:19,00068E35E1,Unknown
2009-06-30 23:29:26,00065D9BC6,Unknown
2009-06-30 23:30:34,00068E3862,Unknown
2009-06-30 23:30:46,00065D9BC6,Unknown
2009-06-30 23:31:04,00061013E4,Unknown
2009-06-30 23:32:31,00068E3862,Unknown
2009-06-30 23:35:05,00065EA1D4,Unknown
2009-06-30 23:36:52,00065EC37B,Unknown
2009-06-30 23:37:54,00068E17E7,Unknown
2009-06-30 23:41:35,00065D9BC6,Unknown
2009-06-30 23:44:39,00068E0F02,Unknown
2009-06-30 23:44:50,00065EB6E2,Unknown
2009-06-30 23:45:08,00065EB6E2,Unknown
2009-06-30 23:45:17,00068E0587,Unknown
2009-06-30 23:45:39,00068E0587,Unknown
2009-06-30 23:45:51,00068E0587,Unknown
2009-06-30 23:46:05,00065EB6E2,Unknown
2009-06-30 23:46:07,000697BD11,Unknown
2009-06-30 23:46:08,00068E0587,Unknown
2009-06-30 23:46:23,00068E0587,Unknown
2009-06-30 23:46:24,00065EB6E2,Unknown
2009-06-30 23:47:33,00065D9BC6,Unknown
2009-06-30 23:48:12,00065D9BC6,Unknown
2009-06-30 23:48:49,00068E2063,Unknown
2009-06-30 23:50:48,00068E35E1,Unknown
2009-06-30 23:51:27,00065EA1D4,Unknown
2009-06-30 23:51:32,0005FE0832,Unknown
2009-06-30 23:51:49,0005FE0832,Unknown
2009-06-30 23:52:06,0005FE0832,Unknown
2009-06-30 23:52:31,00065DA08A,Unknown
2009-06-30 23:53:35,00065EC37B,Unknown
2009-06-30 23:54:50,00065D7D8B,Unknown
2009-06-30 23:56:12,00065DA08A,Unknown
2009-06-30 23:57:22,00068E35E1,Unknown
2009-06-30 23:57:57,00068E17E7,Unknown
2009-06-30 23:59:33,00065D81D3,Unknown
2009-07-01 00:00:09,00068E0F02,Unknown
2009-07-01 00:00:16,00065D7D8B,Unknown
2009-07-01 00:01:50,00061013E4,Unknown
2009-07-01 00:01:59,00065DA08A,Unknown
2009-07-01 00:02:44,000697BD11,Unknown
2009-07-01 00:05:33,00060D7AE7,Unknown
2009-07-01 00:05:50,00060D7AE7,Unknown
2009-07-01 00:06:42,00068E2063,Unknown
2009-07-01 00:09:44,00065D9BC6,Unknown
2009-07-01 00:14:06,00065DA08A,Unknown
2009-07-01 00:16:46,00060D7AE7,Unknown
2009-07-01 00:17:17,0006444F30,Unknown
2009-07-01 00:17:28,00068E9C1A,Unknown
2009-07-01 00:18:20,0006979C67,Unknown
2009-07-01 00:18:34,00060D7AE7,Unknown
2009-07-01 00:18:42,0006979C67,Unknown
2009-07-01 00:18:51,000697BE7E,Unknown
2009-07-01 00:19:04,00060D7AE7,Unknown
2009-07-01 00:19:51,0006160637,Unknown
2009-07-01 00:20:04,00068E3D57,Unknown
2009-07-01 00:20:15,000697BE7E,Unknown
2009-07-01 00:20:16,0006160637,Unknown
2009-07-01 00:20:43,00068E9134,Unknown
2009-07-01 00:22:26,0005FE0832,Unknown
2009-07-01 00:22:39,00060D7AE7,Unknown
2009-07-01 00:22:45,0005FE0832,Unknown
2009-07-01 00:22:51,00060D7AE7,Unknown
2009-07-01 00:23:15,00065EA1D4,Unknown
2009-07-01 00:23:24,00065D81D3,Unknown
2009-07-01 00:24:13,00065D81D3,Unknown
2009-07-01 00:28:32,0006979863,Unknown
2009-07-01 00:29:54,0006179D52,Unknown
2009-07-01 00:30:25,00065EA1D4,Unknown
2009-07-01 00:32:24,00068E9C1A,Unknown
2009-07-01 00:34:02,00065D7D8B,Unknown
2009-07-01 00:34:56,00068E8B1B,Unknown
2009-07-01 00:35:06,00068E9C1A,Unknown
2009-07-01 00:35:48,00065D7D8B,Unknown
2009-07-01 00:36:15,00065D7D8B,Unknown
2009-07-01 00:36:25,00065D81D3,Unknown
2009-07-01 00:36:32,00065D7D8B,Unknown
2009-07-01 00:36:52,0006979BE8,Unknown
2009-07-01 00:37:21,00065D7D8B,Unknown
2009-07-01 00:37:27,00068EAD8A,Unknown
2009-07-01 00:37:45,00065D81D3,Unknown
2009-07-01 00:38:07,00068E9134,Unknown
2009-07-01 00:40:18,00068E17E7,Unknown
2009-07-01 00:42:22,00068EAD8A,Unknown
2009-07-01 00:42:31,0006979BE8,Unknown
2009-07-01 00:43:28,00068E9C1A,Unknown
2009-07-01 00:44:20,000697B0DE,Unknown
2009-07-01 00:44:45,00068EAD8A,Unknown
2009-07-01 00:45:21,000697B0DE,Unknown
2009-07-01 00:45:27,00068EAD8A,Unknown
2009-07-01 00:45:29,0006979863,Unknown
2009-07-01 00:45:48,00068EAD8A,Unknown
2009-07-01 00:46:14,00068EAD8A,Unknown
2009-07-01 00:47:38,000697B0DE,Unknown
2009-07-01 00:47:50,00065D81D3,Unknown
2009-07-01 00:49:05,000697B0DE,Unknown
2009-07-01 00:49:10,00065D81D3,Unknown
2009-07-01 00:49:12,00060F66F2,Unknown
2009-07-01 00:49:33,00061013E4,Unknown
2009-07-01 00:49:40,00065D81D3,Unknown
2009-07-01 00:49:56,00065D81D3,Unknown
2009-07-01 00:50:07,00065D81D3,Unknown
2009-07-01 00:50:47,00068E8B1B,Unknown
2009-07-01 00:54:41,0006979BE8,Unknown
2009-07-01 00:55:42,0006979BE8,Unknown
2009-07-01 00:56:00,0006979BE8,Unknown
2009-07-01 00:58:05,000697B0DE,Unknown
2009-07-01 00:58:21,000697B0DE,Unknown
2009-07-01 00:59:02,0006979863,Unknown
2009-07-01 01:01:32,00068E9C1A,Unknown
2009-07-01 01:05:47,00068E9C1A,Unknown
2009-07-01 01:05:54,00060F66F2,Unknown
2009-07-01 01:09:52,00065EA1D4,Unknown
2009-07-01 01:09:57,00068E0F02,Unknown
2009-07-01 01:10:01,00065DA08A,Unknown
2009-07-01 01:10:41,000697BD11,Unknown
2009-07-01 01:15:59,00061013E4,Unknown
2009-07-01 01:16:48,0006979863,Unknown
2009-07-01 01:18:14,00065EC37B,Unknown
2009-07-01 01:21:16,00068E9C1A,Unknown
2009-07-01 01:21:47,00065DA08A,Unknown
2009-07-01 01:22:32,000697BD11,Unknown
2009-07-01 01:24:24,00068E8B1B,Unknown
2009-07-01 01:24:55,000697BD11,Unknown
2009-07-01 01:27:20,00068E35E1,Unknown
2009-07-01 01:28:38,000697BD11,Unknown
2009-07-01 01:30:50,00065EC37B,Unknown
2009-07-01 01:30:56,00065EA1D4,Unknown
2009-07-01 01:32:46,00060F66F2,Unknown
2009-07-01 01:33:33,00068E0F02,Unknown
2009-07-01 01:33:39,00068E9C1A,Unknown
2009-07-01 01:36:53,00068E8B1B,Unknown
2009-07-01 01:38:28,00065EC37B,Unknown
2009-07-01 01:39:14,00060F66F2,Unknown
2009-07-01 01:40:28,000697BD11,Unknown
2009-07-01 01:42:49,000697BD11,Unknown
2009-07-01 01:43:00,000697BD11,Unknown
2009-07-01 01:46:08,000697BD11,Unknown
2009-07-01 01:47:00,000697BD11,Unknown
2009-07-01 01:47:30,000697BD11,Unknown
2009-07-01 01:47:44,000697BD11,Unknown
2009-07-01 01:47:55,000697BD11,Unknown
2009-07-01 01:48:17,0006979863,Unknown
2009-07-01 01:48:20,000697BD11,Unknown
2009-07-01 01:48:36,000697BD11,Unknown
2009-07-01 01:48:47,000697BD11,Unknown
2009-07-01 01:49:37,000697BD11,Unknown
2009-07-01 01:49:49,000697BD11,Unknown
2009-07-01 01:51:58,000697BD11,Unknown
2009-07-01 01:53:13,000697BD11,Unknown
2009-07-01 01:53:36,000697BD11,Unknown
2009-07-01 01:54:38,000697BD11,Unknown
2009-07-01 01:55:00,00065EC37B,Unknown
2009-07-01 01:55:02,000697BD11,Unknown
2009-07-01 01:55:13,000697BD11,Unknown
2009-07-01 01:56:10,000697BD11,Unknown
2009-07-01 01:57:50,00061013E4,Unknown
2009-07-01 02:00:31,00068E35E1,Unknown
2009-07-01 02:01:39,0006979863,Unknown
2009-07-01 02:02:59,00065DA08A,Unknown
2009-07-01 02:04:00,000697BD11,Unknown
2009-07-01 02:05:04,0006979863,Unknown
2009-07-01 02:07:53,0006979863,Unknown
2009-07-01 02:13:06,00068E9C1A,Unknown
2009-07-01 02:14:31,00065EA1D4,Unknown
2009-07-01 02:16:04,00065DA08A,Unknown
2009-07-01 02:16:57,00061013E4,Unknown
2009-07-01 02:18:43,0006179D52,Unknown
2009-07-01 02:18:49,00068E9134,Unknown
2009-07-01 02:21:52,0006979863,Unknown
2009-07-01 02:27:38,00060F66F2,Unknown
2009-07-01 02:28:02,00068E9134,Unknown
2009-07-01 02:31:03,00065EA1D4,Unknown
2009-07-01 02:32:33,00068E9C1A,Unknown
2009-07-01 02:32:37,00065EA1D4,Unknown
2009-07-01 02:32:58,0006179D52,Unknown
2009-07-01 02:35:15,0006979863,Unknown
2009-07-01 02:36:30,00068E0DE6,Unknown
2009-07-01 02:39:08,00065EA1D4,Unknown
2009-07-01 02:40:41,00068E0DE6,Unknown
2009-07-01 02:43:36,00060F66F2,Unknown
2009-07-01 02:43:55,00068E9C1A,Unknown
2009-07-01 02:47:24,0006979863,Unknown
2009-07-01 02:50:31,00061013E4,Unknown
2009-07-01 02:54:42,00065EC37B,Unknown
2009-07-01 02:55:05,00068E9134,Unknown
2009-07-01 02:55:21,000697BD11,Unknown
2009-07-01 02:56:08,00060F66F2,Unknown
2009-07-01 02:56:44,00060F66F2,Unknown
2009-07-01 02:58:03,00068E9C1A,Unknown
2009-07-01 03:00:00,0006979863,Unknown
2009-07-01 03:07:30,00068E35E1,Unknown
2009-07-01 03:09:38,000697BD11,Unknown
2009-07-01 03:10:30,00060F66F2,Unknown
2009-07-01 03:11:12,00065EC37B,Unknown
2009-07-01 03:11:30,00068E9134,Unknown
2009-07-01 03:18:10,000697BD11,Unknown
2009-07-01 03:19:10,00061013E4,Unknown
2009-07-01 03:23:05,0006979B84,Unknown
2009-07-01 03:23:16,00065EC37B,Unknown
2009-07-01 03:23:18,00068E0F02,Unknown
2009-07-01 03:23:44,00061D27AC,Unknown
2009-07-01 03:27:28,00068E0F02,Unknown
2009-07-01 03:27:32,0006979B84,Unknown
2009-07-01 03:27:44,00061D27AC,Unknown
2009-07-01 03:29:05,00065EC37B,Unknown
2009-07-01 03:34:14,00068E35E1,Unknown
2009-07-01 03:34:48,00065EC37B,Unknown
2009-07-01 03:35:00,00065EA1D4,Unknown
2009-07-01 03:36:18,00068E8B1B,Unknown
2009-07-01 03:43:23,00065EC37B,Unknown
2009-07-01 03:44:09,00068E8B1B,Unknown
2009-07-01 03:46:14,00065EA1D4,Unknown
2009-07-01 03:47:36,00065DA08A,Unknown
2009-07-01 03:51:43,0006979863,Unknown
2009-07-01 03:54:42,00068E9C1A,Unknown
2009-07-01 03:54:45,00065DA08A,Unknown
2009-07-01 04:01:18,0006979863,Unknown
2009-07-01 04:01:33,00061013E4,Unknown
2009-07-01 04:03:02,00068E8B1B,Unknown
2009-07-01 04:10:24,00068E8B1B,Unknown
2009-07-01 04:12:16,00061013E4,Unknown
2009-07-01 04:14:33,0006979863,Unknown
2009-07-01 04:15:24,00065EA1D4,Unknown
2009-07-01 04:16:34,00068E9C1A,Unknown
2009-07-01 04:19:05,0006979863,Unknown
2009-07-01 04:21:56,00068E9C1A,Unknown
2009-07-01 04:23:10,00065EA1D4,Unknown
2009-07-01 04:34:26,00065EC37B,Unknown
2009-07-01 04:36:25,00068E8B1B,Unknown
2009-07-01 04:38:31,00065DA08A,Unknown
2009-07-01 04:41:56,00065EA1D4,Unknown
2009-07-01 04:49:08,00068E9C1A,Unknown
2009-07-01 04:49:19,00060F66F2,Unknown
2009-07-01 04:49:57,00068E35E1,Unknown
2009-07-01 04:50:46,0006179D52,Unknown
2009-07-01 04:50:58,00068E9134,Unknown
2009-07-01 04:51:58,00061013E4,Unknown
2009-07-01 04:55:45,00068E0F02,Unknown
2009-07-01 04:58:22,00061D27AC,Unknown
2009-07-01 05:00:32,00068E1C26,Unknown
2009-07-01 05:01:22,00065EC37B,Unknown
2009-07-01 05:01:37,00068E1F71,Unknown
2009-07-01 05:01:43,0006979ABE,Unknown
2009-07-01 05:01:52,000697A268,Unknown
2009-07-01 05:02:15,00068E0DE6,Unknown
2009-07-01 05:02:47,0006979B84,Unknown
2009-07-01 05:09:10,00065EC37B,Unknown
2009-07-01 08:49:41,00065E632D,Unknown
2009-07-01 09:38:16,00065E632D,Unknown
2009-07-01 10:06:29,00065E632D,Unknown
2009-07-01 10:10:52,00065E632D,Unknown
2009-07-01 11:07:30,8E602D0D0F,Unknown
2009-07-01 11:16:49,8E602D0D0F,Unknown
2009-07-01 18:29:48,8E602D0D0F,Unknown
2009-07-01 18:30:10,00065E632D,Unknown
2009-07-01 18:34:14,8E602D0D0F,Unknown
2009-07-01 18:34:33,00065E632D,Unknown
2009-07-01 18:52:57,8E602D0D0F,Unknown
2009-07-01 19:12:11,8E602D0D0F,Unknown
2009-07-01 21:37:56,00065DA08A,Unknown
2009-07-01 21:39:05,00065EA1D4,Unknown
2009-07-01 21:39:25,00065EA1D4,Unknown
2009-07-01 21:40:03,00065EA1D4,Unknown
2009-07-01 21:41:00,000697BD11,Unknown
2009-07-01 21:41:06,00065EB6E2,Unknown
2009-07-01 21:41:38,0006179D52,Unknown
2009-07-01 21:42:21,000697BE7E,Unknown
2009-07-01 21:42:32,000697BE7E,Unknown
2009-07-01 21:42:43,000697BE7E,Unknown
2009-07-01 21:43:04,000697BE7E,Unknown
2009-07-01 21:43:15,0006160637,Unknown
2009-07-01 21:43:21,0006444F30,Unknown
2009-07-01 21:44:14,0005FE0832,Unknown
2009-07-01 21:44:29,000697BE7E,Unknown
2009-07-01 21:44:44,0005FE0832,Unknown
2009-07-01 21:45:21,0006979863,Unknown
2009-07-01 21:45:27,00068E9C1A,Unknown
2009-07-01 21:45:38,00068E17E7,Unknown
2009-07-01 21:45:49,00068E17E7,Unknown
2009-07-01 21:46:37,00068E3D73,Unknown
2009-07-01 21:47:26,00068E9134,Unknown
2009-07-01 21:47:31,00061013E4,Unknown
2009-07-01 21:47:42,00061013E4,Unknown
2009-07-01 21:47:43,00068E1F71,Unknown
2009-07-01 21:47:54,00068E1F71,Unknown
2009-07-01 21:48:02,00068E2063,Unknown
2009-07-01 21:48:08,00065DA08A,Unknown
2009-07-01 21:48:12,00068E1A38,Unknown
2009-07-01 21:48:38,0006979C67,Unknown
2009-07-01 21:48:49,00068E3862,Unknown
2009-07-01 21:48:52,0006979C67,Unknown
2009-07-01 21:48:57,00068E2D0E,Unknown
2009-07-01 21:49:25,00068E17E7,Unknown
2009-07-01 21:49:28,00068EAD8A,Unknown
2009-07-01 21:49:29,00065D81D3,Unknown
2009-07-01 21:49:42,0006979BE8,Unknown
2009-07-01 21:49:53,00065EC37B,Unknown
2009-07-01 21:50:11,00068E8B1B,Unknown
2009-07-01 21:50:15,00060F66F2,Unknown
2009-07-01 21:50:30,00060F66F2,Unknown
2009-07-01 21:50:44,00068E35E1,Unknown
2009-07-01 21:50:59,00068E35E1,Unknown
2009-07-01 21:51:00,000697A268,Unknown
2009-07-01 21:51:02,00068E0587,Unknown
2009-07-01 21:51:06,00061D3DC5,Unknown
2009-07-01 21:53:32,00065D9BC6,Unknown
2009-07-01 21:54:18,00065D7D8B,Unknown
2009-07-01 21:54:30,000697B0DE,Unknown
2009-07-01 21:54:35,00060D7AE7,Unknown
2009-07-01 21:54:51,00068E3D57,Unknown
2009-07-01 21:54:53,00068E0DE6,Unknown
2009-07-01 21:54:58,0006979B84,Unknown
2009-07-01 21:55:24,00068E1C26,Unknown
2009-07-01 21:55:29,0006979B84,Unknown
2009-07-01 21:55:44,00068E1FDB,Unknown
2009-07-01 21:55:56,0006979B84,Unknown
2009-07-01 21:55:57,00068E1FDB,Unknown
2009-07-01 21:56:04,00068E0F02,Unknown
2009-07-01 21:56:08,0006979B84,Unknown
2009-07-01 21:56:08,00068E1FDB,Unknown
2009-07-01 21:56:22,00068E1FDB,Unknown
2009-07-01 21:56:53,0006979ABE,Unknown
2009-07-01 21:57:11,0006979ABE,Unknown
2009-07-01 21:57:29,0006979ABE,Unknown
2009-07-01 21:59:02,0006979ABE,Unknown
2009-07-01 21:59:50,0006979ABE,Unknown
2009-07-01 22:02:33,00061D27AC,Unknown
2009-07-01 22:03:57,00068E1FDB,Unknown
2009-07-01 22:04:47,00065DD7F6,Unknown
2009-07-01 22:06:28,0006979D37,Unknown
2009-07-01 22:06:46,00060FA7EA,Unknown
2009-07-01 22:10:21,00065EA1D4,Unknown
2009-07-01 22:12:09,00068E8B1B,Unknown
2009-07-01 22:21:25,00068E8B1B,Unknown
2009-07-01 22:23:01,00065EA1D4,Unknown
2009-07-01 22:30:57,00068E9C1A,Unknown
2009-07-01 22:35:57,00068E9C1A,Unknown
2009-07-01 22:44:31,00065DA08A,Unknown
2009-07-01 22:45:21,0005FE0832,Unknown
2009-07-01 22:48:22,0005FE0832,Unknown
2009-07-01 22:52:36,0006444F30,Unknown
2009-07-01 22:57:33,00065DA08A,Unknown
2009-07-01 22:58:10,0006444F30,Unknown
2009-07-01 23:02:50,00068E3D73,Unknown
2009-07-01 23:15:35,00065D7D8B,Unknown
2009-07-01 23:16:27,00068E0587,Unknown
2009-07-01 23:17:53,00065D9BC6,Unknown
2009-07-01 23:18:24,00068E35E1,Unknown
2009-07-01 23:20:24,00061013E4,Unknown
2009-07-01 23:21:42,00065D9BC6,Unknown
2009-07-01 23:24:56,00068E17E7,Unknown
2009-07-01 23:25:10,00068E17E7,Unknown
2009-07-01 23:29:02,00060F66F2,Unknown
2009-07-01 23:29:10,0006444F30,Unknown
2009-07-01 23:29:31,00068E0587,Unknown
2009-07-01 23:29:34,00068E3862,Unknown
2009-07-01 23:32:48,00068E3862,Unknown
2009-07-01 23:32:52,00065D7D8B,Unknown
2009-07-01 23:34:06,00065D81D3,Unknown
2009-07-01 23:34:31,0006444F30,Unknown
2009-07-01 23:36:17,00065D9BC6,Unknown
2009-07-01 23:36:48,00068E3D73,Unknown
2009-07-01 23:37:03,00068E0587,Unknown
2009-07-01 23:37:12,00060F66F2,Unknown
2009-07-01 23:37:45,00068E35E1,Unknown
2009-07-01 23:37:52,00065EA1D4,Unknown
2009-07-01 23:38:01,0006979863,Unknown
2009-07-01 23:39:14,00061013E4,Unknown
2009-07-01 23:40:14,00068E2063,Unknown
2009-07-01 23:41:42,00068E0F02,Unknown
2009-07-01 23:44:29,000697B0DE,Unknown
2009-07-01 23:45:15,0006179D52,Unknown
2009-07-01 23:45:17,00065D81D3,Unknown
2009-07-01 23:48:50,00065D9BC6,Unknown
2009-07-01 23:49:20,000697B0DE,Unknown
2009-07-01 23:49:51,00065EC37B,Unknown
2009-07-01 23:51:17,00060F66F2,Unknown
2009-07-01 23:51:55,00068E9134,Unknown
2009-07-01 23:52:47,00068E17E7,Unknown
2009-07-01 23:53:02,00068E3D73,Unknown
2009-07-01 23:53:39,00065D7D8B,Unknown
2009-07-01 23:54:11,00065DD7F6,Unknown
2009-07-01 23:54:25,000697BD11,Unknown
2009-07-01 23:54:38,00068E3D57,Unknown
2009-07-01 23:55:14,0006979863,Unknown
2009-07-01 23:55:44,00068E2063,Unknown
2009-07-01 23:57:13,00065EA1D4,Unknown
2009-07-01 23:57:56,00068EAD8A,Unknown
2009-07-02 00:00:49,00068E0F02,Unknown
2009-07-02 00:01:00,00060D7AE7,Unknown
2009-07-02 00:02:11,00060F66F2,Unknown
2009-07-02 00:02:17,0006179D52,Unknown
2009-07-02 00:03:12,0006979C67,Unknown
2009-07-02 00:03:44,00068E3D73,Unknown
2009-07-02 00:07:33,00068EAD8A,Unknown
2009-07-02 00:09:02,0006979863,Unknown
2009-07-02 00:09:04,000697BD11,Unknown
2009-07-02 00:09:34,00068E3D57,Unknown
2009-07-02 00:09:51,0006979BE8,Unknown
2009-07-02 00:09:55,00068E9134,Unknown
2009-07-02 00:10:29,00065DD7F6,Unknown
2009-07-02 00:10:42,00068E17E7,Unknown
2009-07-02 00:11:00,00068E3862,Unknown
2009-07-02 00:11:09,0006979C67,Unknown
2009-07-02 00:12:08,00065D7D8B,Unknown
2009-07-02 00:12:11,000697B0DE,Unknown
2009-07-02 00:12:57,0006979C67,Unknown
2009-07-02 00:13:11,00065D81D3,Unknown
2009-07-02 00:13:43,00060D7AE7,Unknown
2009-07-02 00:15:18,0006979C67,Unknown
2009-07-02 00:16:41,0006979C67,Unknown
2009-07-02 00:16:58,0006979BE8,Unknown
2009-07-02 00:17:07,000697BE7E,Unknown
2009-07-02 00:17:27,00068E3862,Unknown
2009-07-02 00:17:38,0005FE0832,Unknown
2009-07-02 00:18:38,0006979C67,Unknown
2009-07-02 00:19:05,0006979C67,Unknown
2009-07-02 00:20:20,00065EC37B,Unknown
2009-07-02 00:20:26,000697B0DE,Unknown
2009-07-02 00:21:29,00068E3862,Unknown
2009-07-02 00:21:58,0006979C67,Unknown
2009-07-02 00:22:14,0006979863,Unknown
2009-07-02 00:22:24,0006979C67,Unknown
2009-07-02 00:22:42,000697BD11,Unknown
2009-07-02 00:22:56,0006179D52,Unknown
2009-07-02 00:24:57,0006179D52,Unknown
2009-07-02 00:25:50,00065D81D3,Unknown
2009-07-02 00:25:55,00065DA08A,Unknown
2009-07-02 00:26:29,0005FE0832,Unknown
2009-07-02 00:28:52,000697BE7E,Unknown
2009-07-02 00:29:06,0006979C67,Unknown
2009-07-02 00:31:02,00068E9C1A,Unknown
2009-07-02 00:31:06,00065EC37B,Unknown
2009-07-02 00:33:29,0006179D52,Unknown
2009-07-02 00:36:54,00065EA1D4,Unknown
2009-07-02 00:37:25,0006979C67,Unknown
2009-07-02 00:41:35,00068E9C1A,Unknown
2009-07-02 00:43:58,0006444F30,Unknown
2009-07-02 00:44:11,0005FE0832,Unknown
2009-07-02 00:44:22,0005FE0832,Unknown
2009-07-02 00:44:55,00068E17E7,Unknown
2009-07-02 00:44:58,00065EC37B,Unknown
2009-07-02 00:45:56,00061013E4,Unknown
2009-07-02 00:46:02,00065D7D8B,Unknown
2009-07-02 00:47:33,00068E3D73,Unknown
2009-07-02 00:48:11,00068E3862,Unknown
2009-07-02 00:48:27,0006979C67,Unknown
2009-07-02 00:48:29,00065D9BC6,Unknown
2009-07-02 00:48:49,00068E3862,Unknown
2009-07-02 00:48:51,0006179D52,Unknown
2009-07-02 00:48:52,0006444F30,Unknown
2009-07-02 00:49:01,00068EAD8A,Unknown
2009-07-02 00:50:44,0005FE0832,Unknown
2009-07-02 00:51:13,00068E0587,Unknown
2009-07-02 00:51:40,00065EA1D4,Unknown
2009-07-02 00:53:34,00068E0587,Unknown
2009-07-02 00:54:23,00068E3862,Unknown
2009-07-02 00:54:32,0005FE0832,Unknown
2009-07-02 00:55:10,00060FA7EA,Unknown
2009-07-02 00:56:29,00068E3862,Unknown
2009-07-02 00:57:02,00065DA08A,Unknown
2009-07-02 00:57:03,00068E9C1A,Unknown
2009-07-02 00:57:24,00060FA7EA,Unknown
2009-07-02 00:57:35,00065D9BC6,Unknown
2009-07-02 00:58:09,00068E8B1B,Unknown
2009-07-02 00:58:49,0006979C67,Unknown
2009-07-02 00:59:52,0006444F30,Unknown
2009-07-02 01:00:48,0006444F30,Unknown
2009-07-02 01:01:25,00068E17E7,Unknown
2009-07-02 01:02:18,000697B0DE,Unknown
2009-07-02 01:02:36,00065EC37B,Unknown
2009-07-02 01:02:40,00061013E4,Unknown
2009-07-02 01:04:07,00068E0587,Unknown
2009-07-02 01:04:21,00065D81D3,Unknown
2009-07-02 01:04:41,00068E9C1A,Unknown
2009-07-02 01:04:54,00068EAD8A,Unknown
2009-07-02 01:06:16,00068E3D73,Unknown
2009-07-02 01:06:55,00065D7D8B,Unknown
2009-07-02 01:08:17,00065DA08A,Unknown
2009-07-02 01:08:27,00068E35E1,Unknown
2009-07-02 01:09:54,00065EC37B,Unknown
2009-07-02 01:10:05,0005FE0832,Unknown
2009-07-02 01:10:15,0006444F30,Unknown
2009-07-02 01:10:48,00060D7AE7,Unknown
2009-07-02 01:11:43,000697B0DE,Unknown
2009-07-02 01:11:43,00068E0587,Unknown
2009-07-02 01:12:00,00068E8B1B,Unknown
2009-07-02 01:12:12,00068E8B1B,Unknown
2009-07-02 01:12:14,00065D9BC6,Unknown
2009-07-02 01:12:21,0005FE0832,Unknown
2009-07-02 01:13:44,0006444F30,Unknown
2009-07-02 01:14:43,00061013E4,Unknown
2009-07-02 01:15:06,0005FE0832,Unknown
2009-07-02 01:15:38,0005FE0832,Unknown
2009-07-02 01:16:24,00065D81D3,Unknown
2009-07-02 01:18:20,0006160637,Unknown
2009-07-02 01:19:25,0005FE0832,Unknown
2009-07-02 01:19:54,0006444F30,Unknown
2009-07-02 01:20:06,00068E3D57,Unknown
2009-07-02 01:20:29,00068E8B1B,Unknown
2009-07-02 01:21:19,0005FE0832,Unknown
2009-07-02 01:21:22,00068E2063,Unknown
2009-07-02 01:23:04,0005FE0832,Unknown
2009-07-02 01:23:11,00068E9134,Unknown
2009-07-02 01:23:16,00065D9BC6,Unknown
2009-07-02 01:24:31,000697BD11,Unknown
2009-07-02 01:24:33,0006444F30,Unknown
2009-07-02 01:24:42,00068E2063,Unknown
2009-07-02 01:26:20,0006160637,Unknown
2009-07-02 01:26:29,00068E3D57,Unknown
2009-07-02 01:26:41,0005FE0832,Unknown
2009-07-02 01:28:03,00060D7AE7,Unknown
2009-07-02 01:28:33,00068E8B1B,Unknown
2009-07-02 01:29:16,00068E8B1B,Unknown
2009-07-02 01:29:27,00068E8B1B,Unknown
2009-07-02 01:30:10,00068E17E7,Unknown
2009-07-02 01:31:46,0006979B84,Unknown
2009-07-02 01:31:49,0005FE0832,Unknown
2009-07-02 01:31:56,00060F66F2,Unknown
2009-07-02 01:32:44,000697BE7E,Unknown
2009-07-02 01:33:30,0006179D52,Unknown
2009-07-02 01:33:54,0005FE0832,Unknown
2009-07-02 01:34:15,00068E8B1B,Unknown
2009-07-02 01:35:08,00061013E4,Unknown
2009-07-02 01:35:44,0006979B84,Unknown
2009-07-02 01:36:22,00068E35E1,Unknown
2009-07-02 01:37:09,00068E2063,Unknown
2009-07-02 01:37:14,00068E8B1B,Unknown
2009-07-02 01:37:37,00068E2063,Unknown
2009-07-02 01:37:56,00068E9134,Unknown
2009-07-02 01:39:26,00065D7D8B,Unknown
2009-07-02 01:39:34,00068E0587,Unknown
2009-07-02 01:40:31,00068E2063,Unknown
2009-07-02 01:41:51,000697BD11,Unknown
2009-07-02 01:42:16,00068E2063,Unknown
2009-07-02 01:43:35,00068E8B1B,Unknown
2009-07-02 01:43:59,00068E8B1B,Unknown
2009-07-02 01:44:20,00068E8B1B,Unknown
2009-07-02 01:44:38,00068E8B1B,Unknown
2009-07-02 01:45:15,0005FE0832,Unknown
2009-07-02 01:46:19,00068E8B1B,Unknown
2009-07-02 01:46:42,00068E0587,Unknown
2009-07-02 01:47:08,0006979ABE,Unknown
2009-07-02 01:47:28,0005FE0832,Unknown
2009-07-02 01:47:52,0006979ABE,Unknown
2009-07-02 01:47:54,00068E3D57,Unknown
2009-07-02 01:48:43,0006179D52,Unknown
2009-07-02 01:49:15,0005FE0832,Unknown
2009-07-02 01:49:23,000697BE7E,Unknown
2009-07-02 01:50:24,00065EB6E2,Unknown
2009-07-02 01:51:02,00065EA1D4,Unknown
2009-07-02 01:52:39,0005FE0832,Unknown
2009-07-02 01:53:09,0006979863,Unknown
2009-07-02 01:54:30,00068E8B1B,Unknown
2009-07-02 01:54:53,00060FA7EA,Unknown
2009-07-02 01:55:56,00060F66F2,Unknown
2009-07-02 01:56:04,00068EAD8A,Unknown
2009-07-02 01:56:08,00068E17E7,Unknown
2009-07-02 01:56:12,0005FE0832,Unknown
2009-07-02 01:57:53,00068E17E7,Unknown
2009-07-02 01:58:06,00068E3D73,Unknown
2009-07-02 01:58:15,0005FE0832,Unknown
2009-07-02 01:58:29,00068E3D57,Unknown
2009-07-02 01:59:56,00060FA7EA,Unknown
2009-07-02 02:00:58,00065D7D8B,Unknown
2009-07-02 02:02:46,00065EB6E2,Unknown
2009-07-02 02:04:50,0005FE0832,Unknown
2009-07-02 02:05:00,00068E17E7,Unknown
2009-07-02 02:06:15,0005FE0832,Unknown
2009-07-02 02:08:18,00065EA1D4,Unknown
2009-07-02 02:09:18,00068E8B1B,Unknown
2009-07-02 02:10:47,00068E1FDB,Unknown
2009-07-02 02:11:29,00065DA08A,Unknown
2009-07-02 02:12:17,00068E3D73,Unknown
2009-07-02 02:12:27,00068EAD8A,Unknown
2009-07-02 02:12:56,00068E0587,Unknown
2009-07-02 02:14:15,00068E8B1B,Unknown
2009-07-02 02:14:16,00060D7AE7,Unknown
2009-07-02 02:14:22,00065D9BC6,Unknown
2009-07-02 02:14:53,0006444F30,Unknown
2009-07-02 02:15:51,00065D9BC6,Unknown
2009-07-02 02:16:12,0006979863,Unknown
2009-07-02 02:16:17,00065D9BC6,Unknown
2009-07-02 02:16:44,00065D9BC6,Unknown
2009-07-02 02:16:49,00060D7AE7,Unknown
2009-07-02 02:16:56,00068E0587,Unknown
2009-07-02 02:18:41,0006444F30,Unknown
2009-07-02 02:18:55,00065EC37B,Unknown
2009-07-02 02:19:00,0006444F30,Unknown
2009-07-02 02:19:41,00068E2063,Unknown
2009-07-02 02:20:14,00060D7AE7,Unknown
2009-07-02 02:20:18,00065D9BC6,Unknown
2009-07-02 02:20:47,00068E0587,Unknown
2009-07-02 02:21:22,0006979863,Unknown
2009-07-02 02:21:32,00065D9BC6,Unknown
2009-07-02 02:21:57,00068E0587,Unknown
2009-07-02 02:22:00,00068E0F02,Unknown
2009-07-02 02:22:13,00068E0DE6,Unknown
2009-07-02 02:22:16,00060D7AE7,Unknown
2009-07-02 02:22:24,00068E0DE6,Unknown
2009-07-02 02:24:07,00065D81D3,Unknown
2009-07-02 02:24:21,00068EAD8A,Unknown
2009-07-02 02:26:15,00060D7AE7,Unknown
2009-07-02 02:26:27,00068E1FDB,Unknown
2009-07-02 02:26:47,00060D7AE7,Unknown
2009-07-02 02:28:20,00060D7AE7,Unknown
2009-07-02 02:28:34,00060D7AE7,Unknown
2009-07-02 02:29:21,00060F66F2,Unknown
2009-07-02 02:30:44,00065EB6E2,Unknown
2009-07-02 02:31:05,00065EB6E2,Unknown
2009-07-02 02:31:35,00068E17E7,Unknown
2009-07-02 02:31:37,0006979BE8,Unknown
2009-07-02 02:33:05,00068E3D73,Unknown
2009-07-02 02:34:04,0006979863,Unknown
2009-07-02 02:34:22,00060D7AE7,Unknown
2009-07-02 02:34:27,00065DA08A,Unknown
2009-07-02 02:34:41,00060D7AE7,Unknown
2009-07-02 02:35:31,00068E0587,Unknown
2009-07-02 02:35:31,00065EC37B,Unknown
2009-07-02 02:35:50,0006979B84,Unknown
2009-07-02 02:36:06,00068E0587,Unknown
2009-07-02 02:37:02,000697BD11,Unknown
2009-07-02 02:38:22,0006979B84,Unknown
2009-07-02 02:38:24,0006160637,Unknown
2009-07-02 02:38:29,00068E9C1A,Unknown
2009-07-02 02:38:47,00068E35E1,Unknown
2009-07-02 02:39:06,00060D7AE7,Unknown
2009-07-02 02:39:30,00068E3D57,Unknown
2009-07-02 02:39:58,00068E17E7,Unknown
2009-07-02 02:40:11,00068E17E7,Unknown
2009-07-02 02:40:24,00068E2063,Unknown
2009-07-02 02:40:30,00060D7AE7,Unknown
2009-07-02 02:40:42,00061013E4,Unknown
2009-07-02 02:41:01,0006160637,Unknown
2009-07-02 02:41:44,00068EAD8A,Unknown
2009-07-02 02:42:09,00065D81D3,Unknown
2009-07-02 02:43:00,00068E17E7,Unknown
2009-07-02 02:43:37,00068E0F02,Unknown
2009-07-02 02:44:02,00065DD7F6,Unknown
2009-07-02 02:44:09,0006979BE8,Unknown
2009-07-02 02:44:52,00060F66F2,Unknown
2009-07-02 02:44:55,00060D7AE7,Unknown
2009-07-02 02:45:05,00068E3D73,Unknown
2009-07-02 02:45:28,00060D7AE7,Unknown
2009-07-02 02:46:56,00068E1FDB,Unknown
2009-07-02 02:50:03,00065EA1D4,Unknown
2009-07-02 02:50:09,00060D7AE7,Unknown
2009-07-02 02:50:37,00060D7AE7,Unknown
2009-07-02 02:53:15,00068E35E1,Unknown
2009-07-02 02:55:17,00060FA7EA,Unknown
2009-07-02 02:55:31,00068E9C1A,Unknown
2009-07-02 02:55:32,0006160637,Unknown
2009-07-02 02:55:46,00068E17E7,Unknown
2009-07-02 02:56:33,00068E3D57,Unknown
2009-07-02 02:56:51,00060FA7EA,Unknown
2009-07-02 02:56:58,0006160637,Unknown
2009-07-02 02:57:05,000697BD11,Unknown
2009-07-02 02:57:19,000697BD11,Unknown
2009-07-02 02:58:03,00061013E4,Unknown
2009-07-02 02:59:04,00065D81D3,Unknown
2009-07-02 02:59:12,000697BE7E,Unknown
2009-07-02 02:59:36,0006979863,Unknown
2009-07-02 03:01:45,00068E1FDB,Unknown
2009-07-02 03:02:36,0006160637,Unknown
2009-07-02 03:02:39,00065DD7F6,Unknown
2009-07-02 03:04:27,0006160637,Unknown
2009-07-02 03:04:38,0006160637,Unknown
2009-07-02 03:05:19,00061013E4,Unknown
2009-07-02 03:07:22,00065EA1D4,Unknown
2009-07-02 03:07:31,000697B0DE,Unknown
2009-07-02 03:11:57,00065D81D3,Unknown
2009-07-02 03:13:46,00068E17E7,Unknown
2009-07-02 03:14:11,00065D7D8B,Unknown
2009-07-02 03:16:31,00068E9C1A,Unknown
2009-07-02 03:16:41,000697B0DE,Unknown
2009-07-02 03:19:18,0006979863,Unknown
2009-07-02 03:20:18,000697BE7E,Unknown
2009-07-02 03:21:06,00065EA1D4,Unknown
2009-07-02 03:21:47,00061013E4,Unknown
2009-07-02 03:22:51,0006979B84,Unknown
2009-07-02 03:24:11,0006979B84,Unknown
2009-07-02 03:24:23,000697B0DE,Unknown
2009-07-02 03:27:39,0006979863,Unknown
2009-07-02 03:27:56,00068E17E7,Unknown
2009-07-02 03:30:36,0006979863,Unknown
2009-07-02 03:33:05,000697B0DE,Unknown
2009-07-02 03:34:22,00065EA1D4,Unknown
2009-07-02 03:34:22,000697BE7E,Unknown
2009-07-02 03:34:26,00068E9C1A,Unknown
2009-07-02 03:35:15,0006979C67,Unknown
2009-07-02 03:36:02,0006979C67,Unknown
2009-07-02 03:36:52,000697BE7E,Unknown
2009-07-02 03:37:32,00065D7D8B,Unknown
2009-07-02 03:37:51,00065EB6E2,Unknown
2009-07-02 03:38:25,00065EB6E2,Unknown
2009-07-02 03:40:44,00068E2063,Unknown
2009-07-02 03:43:16,00068E2063,Unknown
2009-07-02 03:49:01,00068E9134,Unknown
2009-07-02 03:50:28,00068E9C1A,Unknown
2009-07-02 03:52:26,00065DA08A,Unknown
2009-07-02 03:55:12,0006979863,Unknown
2009-07-02 03:56:26,0006179D52,Unknown
2009-07-02 03:57:39,00068E9134,Unknown
2009-07-02 03:59:31,00068E9C1A,Unknown
2009-07-02 04:00:49,00065DA08A,Unknown
2009-07-02 04:01:04,0006979863,Unknown
2009-07-02 04:04:55,00061013E4,Unknown
2009-07-02 04:11:35,00068EAD8A,Unknown
2009-07-02 04:15:51,00061013E4,Unknown
2009-07-02 04:19:58,0006979863,Unknown
2009-07-02 04:20:47,00068EAD8A,Unknown
2009-07-02 04:27:20,00065DD7F6,Unknown
2009-07-02 04:31:34,00065EA1D4,Unknown
2009-07-02 04:33:56,00068E8B1B,Unknown
2009-07-02 04:34:03,00065EC37B,Unknown
2009-07-02 04:36:26,00068E3D73,Unknown
2009-07-02 04:46:57,0006979ABE,Unknown
2009-07-02 04:48:31,000697B0DE,Unknown
2009-07-02 04:49:45,0006979BE8,Unknown
2009-07-02 04:50:01,00068E35E1,Unknown
2009-07-02 04:50:04,00061D27AC,Unknown
2009-07-02 04:50:09,000697A268,Unknown
2009-07-02 04:52:29,00060F66F2,Unknown
2009-07-02 04:53:23,00068E0F02,Unknown
2009-07-02 04:53:48,0006979B84,Unknown
2009-07-02 04:53:58,00068EAD8A,Unknown
2009-07-02 04:54:19,00061013E4,Unknown
2009-07-02 04:54:59,00068E17E7,Unknown
2009-07-02 04:55:04,00068E9134,Unknown
2009-07-02 04:55:18,00068E1C26,Unknown
2009-07-02 04:55:21,00068E1FDB,Unknown
2009-07-02 04:55:37,00068E1FDB,Unknown
2009-07-02 04:56:40,00068E0DE6,Unknown
2009-07-02 04:57:06,00065D7D8B,Unknown
2009-07-02 04:57:22,00068E1F71,Unknown
2009-07-02 05:00:43,00068E8B1B,Unknown
2009-07-02 05:01:39,00068E9C1A,Unknown
2009-07-02 05:01:59,00068E8B1B,Unknown
2009-07-02 05:03:30,00065D81D3,Unknown
2009-07-02 08:56:27,00065E632D,Unknown
2009-07-02 09:47:24,00065E632D,Unknown
2009-07-02 10:15:54,00065E632D,Unknown
2009-07-02 10:24:38,00065E632D,Unknown
2009-07-02 11:22:51,8E602D0D0F,Unknown
2009-07-02 11:30:03,8E602D0D0F,Unknown
2009-07-02 18:26:41,8E602D0D0F,Unknown
2009-07-02 18:45:07,8E602D0D0F,Unknown
2009-07-02 19:05:26,8E602D0D0F,Unknown
2009-07-02 21:35:47,00068E17E7,Unknown
2009-07-02 21:36:10,000697BD11,Unknown
2009-07-02 21:36:22,000697BD11,Unknown
2009-07-02 21:36:31,0006979863,Unknown
2009-07-02 21:36:33,000697BD11,Unknown
2009-07-02 21:38:19,00065EA1D4,Unknown
2009-07-02 21:38:34,00065EA1D4,Unknown
2009-07-02 21:38:48,00065EA1D4,Unknown
2009-07-02 21:38:53,00068E17E7,Unknown
2009-07-02 21:41:23,00065EC37B,Unknown
2009-07-02 21:41:35,00065EC37B,Unknown
2009-07-02 21:41:45,00068E9C1A,Unknown
2009-07-02 21:42:59,00068E17E7,Unknown
2009-07-02 21:43:08,00065DA08A,Unknown
2009-07-02 21:45:08,00060F66F2,Unknown
2009-07-02 21:45:27,00060F66F2,Unknown
2009-07-02 21:46:00,00068E35E1,Unknown
2009-07-02 21:46:00,0006179D52,Unknown
2009-07-02 21:46:08,00060F66F2,Unknown
2009-07-02 21:47:41,00068E1F71,Unknown
2009-07-02 21:47:42,00068E8B1B,Unknown
2009-07-02 21:48:12,00068E1C26,Unknown
2009-07-02 21:48:28,00068E0F02,Unknown
2009-07-02 21:48:39,00068E0F02,Unknown
2009-07-02 21:48:56,00068EAD8A,Unknown
2009-07-02 21:48:57,00068E3D73,Unknown
2009-07-02 21:49:06,0006979BE8,Unknown
2009-07-02 21:49:29,0006979ABE,Unknown
2009-07-02 21:50:00,0006979ABE,Unknown
2009-07-02 21:50:13,0006979ABE,Unknown
2009-07-02 21:50:14,00061D27AC,Unknown
2009-07-02 21:50:23,00061013E4,Unknown
2009-07-02 21:50:26,00068E0DE6,Unknown
2009-07-02 21:50:38,00068E0DE6,Unknown
2009-07-02 21:50:40,000697A268,Unknown
2009-07-02 21:51:23,00065D7D8B,Unknown
2009-07-02 21:52:35,0006179D52,Unknown
2009-07-02 21:54:52,00065DD7F6,Unknown
2009-07-02 21:55:03,00065D81D3,Unknown
2009-07-02 21:55:48,00068E0F02,Unknown
2009-07-02 21:55:58,000697B0DE,Unknown
2009-07-02 21:57:57,0006979B84,Unknown
2009-07-02 21:58:42,00068E1FDB,Unknown
2009-07-02 21:58:53,00068E9134,Unknown
2009-07-02 21:58:53,00068E1FDB,Unknown
2009-07-02 21:59:06,00068E1FDB,Unknown
2009-07-02 21:59:11,0006979B84,Unknown
2009-07-02 22:00:15,0006979B84,Unknown
2009-07-02 22:00:59,0006979B84,Unknown
2009-07-02 22:01:16,0006979B84,Unknown
2009-07-02 22:01:49,0006979B84,Unknown
2009-07-02 23:12:17,00065EC37B,Unknown
2009-07-02 23:12:29,000697BD11,Unknown
2009-07-02 23:15:22,00065D81D3,Unknown
2009-07-02 23:19:08,00068E3D73,Unknown
2009-07-02 23:20:11,000697B0DE,Unknown
2009-07-02 23:22:29,000697BD11,Unknown
2009-07-02 23:25:05,00065EC37B,Unknown
2009-07-02 23:27:36,000697B0DE,Unknown
2009-07-02 23:28:16,00065D81D3,Unknown
2009-07-02 23:29:02,000697B0DE,Unknown
2009-07-02 23:30:46,00060F66F2,Unknown
2009-07-02 23:30:58,00061013E4,Unknown
2009-07-02 23:31:05,000697B0DE,Unknown
2009-07-02 23:34:38,00065EA1D4,Unknown
2009-07-02 23:34:42,000697B0DE,Unknown
2009-07-02 23:37:52,000697B0DE,Unknown
2009-07-02 23:38:06,000697B0DE,Unknown
2009-07-02 23:39:03,000697B0DE,Unknown
2009-07-02 23:39:42,000697B0DE,Unknown
2009-07-02 23:41:08,000697B0DE,Unknown
2009-07-02 23:41:37,000697B0DE,Unknown
2009-07-02 23:42:28,000697B0DE,Unknown
2009-07-02 23:43:41,000697B0DE,Unknown
2009-07-02 23:45:07,00060F66F2,Unknown
2009-07-02 23:46:38,00065D7D8B,Unknown
2009-07-02 23:47:28,000697B0DE,Unknown
2009-07-02 23:47:47,00061013E4,Unknown
2009-07-02 23:49:54,000697B0DE,Unknown
2009-07-02 23:50:49,00065EA1D4,Unknown
2009-07-02 23:52:42,000697B0DE,Unknown
2009-07-02 23:55:45,00068E17E7,Unknown
2009-07-02 23:55:50,000697B0DE,Unknown
2009-07-02 23:57:20,000697B0DE,Unknown
2009-07-02 23:59:16,0006979863,Unknown
2009-07-03 00:02:21,00068E3D73,Unknown
2009-07-03 00:05:20,00068E35E1,Unknown
2009-07-03 00:07:54,00068E9134,Unknown
2009-07-03 00:09:21,00068E17E7,Unknown
2009-07-03 00:10:58,00065D7D8B,Unknown
2009-07-03 00:12:07,00068E0F02,Unknown
2009-07-03 00:13:00,000697B0DE,Unknown
2009-07-03 00:13:18,0006979863,Unknown
2009-07-03 00:15:14,0006979BE8,Unknown
2009-07-03 00:15:55,000697B0DE,Unknown
2009-07-03 00:17:33,000697B0DE,Unknown
2009-07-03 00:18:07,000697B0DE,Unknown
2009-07-03 00:20:52,00068E9C1A,Unknown
2009-07-03 00:20:57,00068EAD8A,Unknown
2009-07-03 00:22:00,0006179D52,Unknown
2009-07-03 00:23:02,0006979BE8,Unknown
2009-07-03 00:23:43,00068E35E1,Unknown
2009-07-03 00:24:08,0006979863,Unknown
2009-07-03 00:24:24,00068E9134,Unknown
2009-07-03 00:29:26,00068E0F02,Unknown
2009-07-03 00:29:56,000697B0DE,Unknown
2009-07-03 00:30:06,0006179D52,Unknown
2009-07-03 00:30:19,00068E3D73,Unknown
2009-07-03 00:30:34,00065D7D8B,Unknown
2009-07-03 00:31:19,000697B0DE,Unknown
2009-07-03 00:33:53,00068E8B1B,Unknown
2009-07-03 00:33:58,00065EA1D4,Unknown
2009-07-03 00:34:22,000697B0DE,Unknown
2009-07-03 00:36:17,00068E9C1A,Unknown
2009-07-03 00:37:01,00068EAD8A,Unknown
2009-07-03 00:37:45,00068E3D73,Unknown
2009-07-03 00:39:04,00065DA08A,Unknown
2009-07-03 00:41:05,000697B0DE,Unknown
2009-07-03 00:44:08,00065EC37B,Unknown
2009-07-03 00:46:54,00065D7D8B,Unknown
2009-07-03 00:46:59,00068E8B1B,Unknown
2009-07-03 00:47:17,00068E8B1B,Unknown
2009-07-03 00:47:28,00068E8B1B,Unknown
2009-07-03 00:47:47,00068E8B1B,Unknown
2009-07-03 00:49:28,00065DA08A,Unknown
2009-07-03 00:52:20,0006179D52,Unknown
2009-07-03 00:53:24,00065DA08A,Unknown
2009-07-03 00:54:21,00065DA08A,Unknown
2009-07-03 00:55:00,00065EA1D4,Unknown
2009-07-03 01:06:24,00065D81D3,Unknown
2009-07-03 01:06:54,00068E8B1B,Unknown
2009-07-03 01:08:12,00065EC37B,Unknown
2009-07-03 01:13:45,00065EA1D4,Unknown
2009-07-03 01:13:57,00065EC37B,Unknown
2009-07-03 01:17:35,00065DA08A,Unknown
2009-07-03 01:17:49,00065DA08A,Unknown
2009-07-03 01:18:01,00065DA08A,Unknown
2009-07-03 01:19:21,00061013E4,Unknown
2009-07-03 01:19:27,00065DA08A,Unknown
2009-07-03 01:19:55,00065DA08A,Unknown
2009-07-03 01:20:30,00065DA08A,Unknown
2009-07-03 01:20:39,00068E9C1A,Unknown
2009-07-03 01:20:58,00065DA08A,Unknown
2009-07-03 01:22:19,00065DA08A,Unknown
2009-07-03 01:22:32,00065DA08A,Unknown
2009-07-03 01:23:11,00065DA08A,Unknown
2009-07-03 01:24:39,00060F66F2,Unknown
2009-07-03 01:26:28,00068E8B1B,Unknown
2009-07-03 01:27:17,00065EC37B,Unknown
2009-07-03 01:28:22,00065D81D3,Unknown
2009-07-03 01:28:51,00068E17E7,Unknown
2009-07-03 01:31:05,00065DD7F6,Unknown
2009-07-03 01:32:06,00065DD7F6,Unknown
2009-07-03 01:34:20,00068E9C1A,Unknown
2009-07-03 01:35:29,0006979863,Unknown
2009-07-03 01:36:38,00065DA08A,Unknown
2009-07-03 01:36:57,00061013E4,Unknown
2009-07-03 01:38:43,00065EA1D4,Unknown
2009-07-03 01:39:35,00065DD7F6,Unknown
2009-07-03 01:40:02,00060F66F2,Unknown
2009-07-03 01:41:44,00068E35E1,Unknown
2009-07-03 01:42:04,00068E8B1B,Unknown
2009-07-03 01:42:43,000697BD11,Unknown
2009-07-03 01:45:39,00068E17E7,Unknown
2009-07-03 01:48:32,00068E9C1A,Unknown
2009-07-03 01:49:04,0006979863,Unknown
2009-07-03 01:50:52,00065DD7F6,Unknown
2009-07-03 01:55:31,00068EAD8A,Unknown
2009-07-03 02:00:03,0006979BE8,Unknown
2009-07-03 02:01:24,00068E35E1,Unknown
2009-07-03 02:08:12,00068E3D73,Unknown
2009-07-03 02:12:29,0006979BE8,Unknown
2009-07-03 02:13:55,00068EAD8A,Unknown
2009-07-03 02:14:23,00068E9134,Unknown
2009-07-03 02:20:25,0006979B84,Unknown
2009-07-03 02:20:37,00068E0F02,Unknown
2009-07-03 02:20:46,0006979B84,Unknown
2009-07-03 02:22:34,0006979B84,Unknown
2009-07-03 02:23:49,00068E9134,Unknown
2009-07-03 02:27:04,00065D81D3,Unknown
2009-07-03 02:28:51,00065DA08A,Unknown
2009-07-03 02:29:06,00065EA1D4,Unknown
2009-07-03 02:34:05,00068E3D73,Unknown
2009-07-03 02:34:34,00068E0F02,Unknown
2009-07-03 02:36:58,00065D81D3,Unknown
2009-07-03 02:39:41,00068E3D73,Unknown
2009-07-03 02:39:51,000697B0DE,Unknown
2009-07-03 02:43:58,000697B0DE,Unknown
2009-07-03 02:45:22,00065EA1D4,Unknown
2009-07-03 02:45:38,00065DA08A,Unknown
2009-07-03 02:45:39,00068E35E1,Unknown
2009-07-03 02:46:13,000697B0DE,Unknown
2009-07-03 02:46:45,00065D7D8B,Unknown
2009-07-03 02:48:02,00068E3D73,Unknown
2009-07-03 02:48:14,00060F66F2,Unknown
2009-07-03 02:48:44,00068E17E7,Unknown
2009-07-03 02:53:29,00065EC37B,Unknown
2009-07-03 02:56:03,000697B0DE,Unknown
2009-07-03 02:59:21,00061013E4,Unknown
2009-07-03 03:00:10,00068E9134,Unknown
2009-07-03 03:01:44,00065EA1D4,Unknown
2009-07-03 03:03:06,00068E17E7,Unknown
2009-07-03 03:03:16,00060F66F2,Unknown
2009-07-03 03:03:54,0006979863,Unknown
2009-07-03 03:05:43,00065D7D8B,Unknown
2009-07-03 03:06:35,0006979BE8,Unknown
2009-07-03 03:07:03,0006179D52,Unknown
2009-07-03 03:07:34,00065EC37B,Unknown
2009-07-03 03:08:49,00065DD7F6,Unknown
2009-07-03 03:09:02,00068E35E1,Unknown
2009-07-03 03:09:10,00065DD7F6,Unknown
2009-07-03 03:10:25,00068E9C1A,Unknown
2009-07-03 03:11:51,00065EA1D4,Unknown
2009-07-03 03:12:13,0006979BE8,Unknown
2009-07-03 03:12:24,00065DA08A,Unknown
2009-07-03 03:13:08,000697BD11,Unknown
2009-07-03 03:14:57,00068E9134,Unknown
2009-07-03 03:16:06,00068EAD8A,Unknown
2009-07-03 03:17:51,0006179D52,Unknown
2009-07-03 03:20:16,0006979863,Unknown
2009-07-03 03:22:09,0006179D52,Unknown
2009-07-03 03:23:12,00068E1FDB,Unknown
2009-07-03 03:23:43,0006179D52,Unknown
2009-07-03 03:24:02,00061013E4,Unknown
2009-07-03 03:26:14,00068E9C1A,Unknown
2009-07-03 03:26:15,0006179D52,Unknown
2009-07-03 03:29:11,0006179D52,Unknown
2009-07-03 03:33:58,0006179D52,Unknown
2009-07-03 03:35:58,0006979BE8,Unknown
2009-07-03 03:44:20,0006179D52,Unknown
2009-07-03 03:48:44,00068E9C1A,Unknown
2009-07-03 03:56:45,00068E9C1A,Unknown
2009-07-03 03:57:22,00068E9C1A,Unknown
2009-07-03 03:58:01,00061013E4,Unknown
2009-07-03 04:04:04,00068E9C1A,Unknown
2009-07-03 04:08:11,00061013E4,Unknown
2009-07-03 04:22:10,00065EC37B,Unknown
2009-07-03 04:23:07,00068E17E7,Unknown
2009-07-03 04:26:58,00068E17E7,Unknown
2009-07-03 04:27:28,00065EA1D4,Unknown
2009-07-03 04:30:23,00068E8B1B,Unknown
2009-07-03 04:36:55,0006979863,Unknown
2009-07-03 04:38:39,000697A268,Unknown
2009-07-03 04:41:47,0006979863,Unknown
2009-07-03 04:42:43,00065DA08A,Unknown
2009-07-03 04:43:48,00068E9134,Unknown
2009-07-03 04:43:52,000697BD11,Unknown
2009-07-03 04:44:07,00068E0DE6,Unknown
2009-07-03 04:44:13,0006979ABE,Unknown
2009-07-03 04:45:47,0006979B84,Unknown
2009-07-03 04:45:58,00068E9C1A,Unknown
2009-07-03 04:47:03,00061D27AC,Unknown
2009-07-03 04:48:30,00061013E4,Unknown
2009-07-03 04:50:58,00060F66F2,Unknown
2009-07-03 04:51:00,00068E1F71,Unknown
2009-07-03 04:52:11,00068E0F02,Unknown
2009-07-03 04:54:31,00068E35E1,Unknown
2009-07-03 04:54:38,0006179D52,Unknown
2009-07-03 04:54:55,00068E1C26,Unknown
2009-07-03 04:57:16,0006979863,Unknown
2009-07-03 05:02:04,00068E17E7,Unknown
2009-07-03 05:08:35,00068E17E7,Unknown
2009-07-03 05:17:32,00068E17E7,Unknown
2009-07-03 05:20:18,00065D7D8B,Unknown
2009-07-03 05:25:53,00068E17E7,Unknown
2009-07-03 08:29:59,00065E632D,Unknown
2009-07-03 09:12:08,00065E632D,Unknown
2009-07-03 09:38:01,00065E632D,Unknown
2009-07-03 09:38:16,8E602D0D0F,Unknown
2009-07-03 10:42:20,8E602D0D0F,Unknown
2009-07-03 20:11:34,8E602D0D0F,Unknown
2009-07-03 20:28:05,8E602D0D0F,Unknown
2009-07-03 20:46:50,8E602D0D0F,Unknown
2009-07-03 21:41:45,000697BD11,Unknown
2009-07-03 21:43:10,00068E3D73,Unknown
2009-07-03 21:43:48,0006979863,Unknown
2009-07-03 21:44:27,00065D7D8B,Unknown
2009-07-03 21:44:41,00065D7D8B,Unknown
2009-07-03 21:45:10,00065D7D8B,Unknown
2009-07-03 21:45:26,00065D7D8B,Unknown
2009-07-03 21:45:38,00065D7D8B,Unknown
2009-07-03 21:45:51,00065D7D8B,Unknown
2009-07-03 21:46:21,00065D7D8B,Unknown
2009-07-03 21:47:07,00065DA08A,Unknown
2009-07-03 21:47:33,00065EC37B,Unknown
2009-07-03 21:47:58,00068E9C1A,Unknown
2009-07-03 21:48:21,00065EA1D4,Unknown
2009-07-03 21:48:52,0006979ABE,Unknown
2009-07-03 21:48:57,00068E9134,Unknown
2009-07-03 21:49:12,0006979ABE,Unknown
2009-07-03 21:49:22,000697A268,Unknown
2009-07-03 21:49:27,00061013E4,Unknown
2009-07-03 21:49:32,00068E1F71,Unknown
2009-07-03 21:49:58,00068E1F71,Unknown
2009-07-03 21:50:47,00068E1F71,Unknown
2009-07-03 21:50:58,00068E1F71,Unknown
2009-07-03 21:51:22,00065D81D3,Unknown
2009-07-03 21:51:23,00068E1F71,Unknown
2009-07-03 21:52:02,00068E1C26,Unknown
2009-07-03 21:52:03,00068E17E7,Unknown
2009-07-03 21:52:16,00068E17E7,Unknown
2009-07-03 21:52:23,00068EAD8A,Unknown
2009-07-03 21:52:31,0006979ABE,Unknown
2009-07-03 21:52:45,00065D81D3,Unknown
2009-07-03 21:52:45,00060F66F2,Unknown
2009-07-03 21:52:45,0006979ABE,Unknown
2009-07-03 21:52:52,00068E35E1,Unknown
2009-07-03 21:53:57,00068E0DE6,Unknown
2009-07-03 21:54:09,00068E0DE6,Unknown
2009-07-03 21:54:11,0006179D52,Unknown
2009-07-03 21:55:00,000697B0DE,Unknown
2009-07-03 21:55:16,000697B0DE,Unknown
2009-07-03 21:56:02,0006979BE8,Unknown
2009-07-03 21:56:14,00061D27AC,Unknown
2009-07-03 21:56:20,00068E1FDB,Unknown
2009-07-03 21:56:36,00068E0F02,Unknown
2009-07-03 21:56:41,00068E1FDB,Unknown
2009-07-03 21:56:44,0006979B84,Unknown
2009-07-03 21:56:58,00068E1FDB,Unknown
2009-07-03 21:57:02,0006979B84,Unknown
2009-07-03 21:57:36,00061D27AC,Unknown
2009-07-03 21:59:07,00068E8B1B,Unknown
2009-07-03 22:08:45,000697B0DE,Unknown
2009-07-03 22:09:20,00068E17E7,Unknown
2009-07-03 22:10:14,00068E17E7,Unknown
2009-07-03 22:11:24,000697B0DE,Unknown
2009-07-03 22:17:28,00068E17E7,Unknown
2009-07-03 22:18:58,00065D81D3,Unknown
2009-07-03 22:19:57,00065D7D8B,Unknown
2009-07-03 22:21:18,00065D7D8B,Unknown
2009-07-03 22:22:13,000697B0DE,Unknown
2009-07-03 22:25:35,000697B0DE,Unknown
2009-07-03 22:27:09,00065D81D3,Unknown
2009-07-03 22:29:59,00068E17E7,Unknown
2009-07-03 22:41:33,00068E17E7,Unknown
2009-07-03 22:44:42,0006979863,Unknown
2009-07-03 22:49:04,00065EA1D4,Unknown
2009-07-03 22:49:44,00065D7D8B,Unknown
2009-07-03 22:50:58,00068E35E1,Unknown
2009-07-03 22:51:10,00065D7D8B,Unknown
2009-07-03 22:51:43,000697B0DE,Unknown
2009-07-03 22:53:18,000697B0DE,Unknown
2009-07-03 22:53:30,000697B0DE,Unknown
2009-07-03 22:54:08,000697B0DE,Unknown
2009-07-03 22:54:19,000697B0DE,Unknown
2009-07-03 22:54:52,000697B0DE,Unknown
2009-07-03 22:55:04,000697B0DE,Unknown
2009-07-03 22:55:26,000697B0DE,Unknown
2009-07-03 22:55:52,00065EA1D4,Unknown
2009-07-03 22:55:53,000697B0DE,Unknown
2009-07-03 22:56:09,000697B0DE,Unknown
2009-07-03 22:56:24,000697B0DE,Unknown
2009-07-03 22:57:06,00065D81D3,Unknown
2009-07-03 22:58:49,00068E17E7,Unknown
2009-07-03 23:04:51,00065D7D8B,Unknown
2009-07-03 23:05:24,000697BD11,Unknown
2009-07-03 23:06:38,00068E17E7,Unknown
2009-07-03 23:07:53,00068E35E1,Unknown
2009-07-03 23:08:29,000697B0DE,Unknown
2009-07-03 23:12:48,0006979863,Unknown
2009-07-03 23:12:51,00065D81D3,Unknown
2009-07-03 23:13:21,00068E17E7,Unknown
2009-07-03 23:14:25,00065DA08A,Unknown
2009-07-03 23:16:08,000697B0DE,Unknown
2009-07-03 23:20:18,00065DA08A,Unknown
2009-07-03 23:21:26,00068E17E7,Unknown
2009-07-03 23:25:55,0006979863,Unknown
2009-07-03 23:29:16,000697B0DE,Unknown
2009-07-03 23:31:02,00065DA08A,Unknown
2009-07-03 23:31:24,00065D7D8B,Unknown
2009-07-03 23:32:56,00061013E4,Unknown
2009-07-03 23:35:21,00068E17E7,Unknown
2009-07-03 23:35:59,00065DA08A,Unknown
2009-07-03 23:36:12,00068E17E7,Unknown
2009-07-03 23:36:47,00065DA08A,Unknown
2009-07-03 23:37:39,00065DA08A,Unknown
2009-07-03 23:37:50,00068E17E7,Unknown
2009-07-03 23:41:53,00065D81D3,Unknown
2009-07-03 23:43:54,00065D7D8B,Unknown
2009-07-03 23:45:53,00065DD7F6,Unknown
2009-07-03 23:46:19,00065DD7F6,Unknown
2009-07-03 23:47:00,00068E17E7,Unknown
2009-07-03 23:48:27,00065DD7F6,Unknown
2009-07-03 23:50:34,00065DA08A,Unknown
2009-07-03 23:55:26,00061013E4,Unknown
2009-07-03 23:56:23,00065D81D3,Unknown
2009-07-03 23:57:20,00065EA1D4,Unknown
2009-07-03 23:58:45,00068E17E7,Unknown
2009-07-03 23:58:45,00068E9C1A,Unknown
2009-07-03 23:58:56,000697B0DE,Unknown
2009-07-03 23:59:24,00065D7D8B,Unknown
2009-07-04 00:01:41,00065DD7F6,Unknown
2009-07-04 00:07:02,00068E9C1A,Unknown
2009-07-04 00:09:58,00060F66F2,Unknown
2009-07-04 00:10:23,00065EA1D4,Unknown
2009-07-04 00:10:31,00068E3D73,Unknown
2009-07-04 00:12:12,00068E17E7,Unknown
2009-07-04 00:14:31,00065D7D8B,Unknown
2009-07-04 00:17:00,00065EC37B,Unknown
2009-07-04 00:18:14,00068EAD8A,Unknown
2009-07-04 00:23:52,00065D81D3,Unknown
2009-07-04 00:23:56,000697B0DE,Unknown
2009-07-04 00:29:24,00060F66F2,Unknown
2009-07-04 00:29:29,00065DD7F6,Unknown
2009-07-04 00:30:06,00065DA08A,Unknown
2009-07-04 00:32:25,00068E17E7,Unknown
2009-07-04 00:34:27,00065D81D3,Unknown
2009-07-04 00:38:03,00065EA1D4,Unknown
2009-07-04 00:40:09,00065DA08A,Unknown
2009-07-04 00:41:09,00065EC37B,Unknown
2009-07-04 00:42:33,00065D7D8B,Unknown
2009-07-04 00:42:54,00068E8B1B,Unknown
2009-07-04 00:43:56,00065EA1D4,Unknown
2009-07-04 00:45:18,00065DD7F6,Unknown
2009-07-04 00:45:58,0006979BE8,Unknown
2009-07-04 00:48:39,00068E9134,Unknown
2009-07-04 00:52:27,00068E3D73,Unknown
2009-07-04 00:53:22,000697BD11,Unknown
2009-07-04 00:54:07,00065EA1D4,Unknown
2009-07-04 00:54:21,00068EAD8A,Unknown
2009-07-04 00:55:05,00065D7D8B,Unknown
2009-07-04 00:56:30,00068E3D73,Unknown
2009-07-04 00:59:10,00061013E4,Unknown
2009-07-04 01:00:07,00068E8B1B,Unknown
2009-07-04 01:01:48,00068E8B1B,Unknown
2009-07-04 01:02:18,00068E3D73,Unknown
2009-07-04 01:02:40,00065EC37B,Unknown
2009-07-04 01:03:03,00068E9134,Unknown
2009-07-04 01:03:30,0006979BE8,Unknown
2009-07-04 01:04:50,00060F66F2,Unknown
2009-07-04 01:04:53,00068E8B1B,Unknown
2009-07-04 01:05:21,00068E35E1,Unknown
2009-07-04 01:05:23,00065EA1D4,Unknown
2009-07-04 01:06:20,00060F66F2,Unknown
2009-07-04 01:08:01,000697BD11,Unknown
2009-07-04 01:08:02,00061013E4,Unknown
2009-07-04 01:08:55,00065D7D8B,Unknown
2009-07-04 01:13:39,0006179D52,Unknown
2009-07-04 01:15:47,00065EC37B,Unknown
2009-07-04 01:16:25,00068E8B1B,Unknown
2009-07-04 01:21:05,00065EA1D4,Unknown
2009-07-04 01:21:24,00068E0F02,Unknown
2009-07-04 01:24:31,00060F66F2,Unknown
2009-07-04 01:25:24,00068E35E1,Unknown
2009-07-04 01:28:06,00068E17E7,Unknown
2009-07-04 01:32:04,00065D7D8B,Unknown
2009-07-04 01:32:35,00065EA1D4,Unknown
2009-07-04 01:33:10,00065D7D8B,Unknown
2009-07-04 01:33:55,00065D7D8B,Unknown
2009-07-04 01:35:23,00060F66F2,Unknown
2009-07-04 01:35:24,00061013E4,Unknown
2009-07-04 01:37:23,00065EC37B,Unknown
2009-07-04 01:39:20,0006979863,Unknown
2009-07-04 01:40:19,00065D7D8B,Unknown
2009-07-04 01:41:42,00068E17E7,Unknown
2009-07-04 01:42:51,00068E9C1A,Unknown
2009-07-04 01:46:00,00065EC37B,Unknown
2009-07-04 01:48:25,00068E0F02,Unknown
2009-07-04 01:48:26,00065DA08A,Unknown
2009-07-04 01:49:10,00065D7D8B,Unknown
2009-07-04 01:49:51,00061013E4,Unknown
2009-07-04 01:51:05,000697B0DE,Unknown
2009-07-04 01:51:38,00068E17E7,Unknown
2009-07-04 01:51:54,00065D81D3,Unknown
2009-07-04 01:52:02,00065EA1D4,Unknown
2009-07-04 01:56:41,00068E0F02,Unknown
2009-07-04 01:56:50,00068E35E1,Unknown
2009-07-04 01:56:53,00060F66F2,Unknown
2009-07-04 01:57:38,0006979863,Unknown
2009-07-04 02:00:40,00065D7D8B,Unknown
2009-07-04 02:00:53,00068E0F02,Unknown
2009-07-04 02:00:56,000697B0DE,Unknown
2009-07-04 02:01:35,00068E17E7,Unknown
2009-07-04 02:01:35,00068E9C1A,Unknown
2009-07-04 02:02:59,00065D81D3,Unknown
2009-07-04 02:04:14,000697B0DE,Unknown
2009-07-04 02:04:48,000697B0DE,Unknown
2009-07-04 02:05:30,000697B0DE,Unknown
2009-07-04 02:05:52,000697B0DE,Unknown
2009-07-04 02:06:14,0006979863,Unknown
2009-07-04 02:07:33,000697B0DE,Unknown
2009-07-04 02:07:43,00065DA08A,Unknown
2009-07-04 02:09:05,00068E8B1B,Unknown
2009-07-04 02:09:33,00065EA1D4,Unknown
2009-07-04 02:14:16,00060F66F2,Unknown
2009-07-04 02:15:36,00068E9134,Unknown
2009-07-04 02:17:59,00065D7D8B,Unknown
2009-07-04 02:18:16,00065D81D3,Unknown
2009-07-04 02:19:53,0006979863,Unknown
2009-07-04 02:20:31,00068E35E1,Unknown
2009-07-04 02:21:47,00068E8B1B,Unknown
2009-07-04 02:23:58,00065D81D3,Unknown
2009-07-04 02:26:05,000697B0DE,Unknown
2009-07-04 02:26:24,00068E8B1B,Unknown
2009-07-04 02:31:25,00065D7D8B,Unknown
2009-07-04 02:31:33,00065EA1D4,Unknown
2009-07-04 02:32:59,00068E8B1B,Unknown
2009-07-04 02:33:10,00068E8B1B,Unknown
2009-07-04 02:33:38,000697BD11,Unknown
2009-07-04 02:35:39,00068E3D73,Unknown
2009-07-04 02:35:45,00065D81D3,Unknown
2009-07-04 02:38:05,0006979BE8,Unknown
2009-07-04 02:40:08,00065D81D3,Unknown
2009-07-04 02:40:24,00068E8B1B,Unknown
2009-07-04 02:44:09,00068E8B1B,Unknown
2009-07-04 02:46:09,00065EC37B,Unknown
2009-07-04 02:47:22,00068EAD8A,Unknown
2009-07-04 02:47:24,000697B0DE,Unknown
2009-07-04 02:47:29,00065D7D8B,Unknown
2009-07-04 02:48:20,00065DA08A,Unknown
2009-07-04 02:48:43,00068E9C1A,Unknown
2009-07-04 02:49:58,0006979BE8,Unknown
2009-07-04 02:50:24,00068E8B1B,Unknown
2009-07-04 02:52:57,00061013E4,Unknown
2009-07-04 02:58:13,000697B0DE,Unknown
2009-07-04 02:58:49,00068E8B1B,Unknown
2009-07-04 03:00:09,00065D7D8B,Unknown
2009-07-04 03:04:53,00065DD7F6,Unknown
2009-07-04 03:06:05,00068E9C1A,Unknown
2009-07-04 03:06:26,00068E3D73,Unknown
2009-07-04 03:07:34,00065EA1D4,Unknown
2009-07-04 03:08:00,00065EC37B,Unknown
2009-07-04 03:08:55,00065DA08A,Unknown
2009-07-04 03:10:42,00068E9C1A,Unknown
2009-07-04 03:11:05,00065D7D8B,Unknown
2009-07-04 03:12:19,00061013E4,Unknown
2009-07-04 03:13:50,00068E17E7,Unknown
2009-07-04 03:14:12,00061013E4,Unknown
2009-07-04 03:14:24,0006979B84,Unknown
2009-07-04 03:15:59,00068E9C1A,Unknown
2009-07-04 03:16:39,00068EAD8A,Unknown
2009-07-04 03:18:03,0006979B84,Unknown
2009-07-04 03:19:30,00068E0F02,Unknown
2009-07-04 03:20:17,00065DD7F6,Unknown
2009-07-04 03:21:20,00065D7D8B,Unknown
2009-07-04 03:23:32,00068E9C1A,Unknown
2009-07-04 03:25:45,00061013E4,Unknown
2009-07-04 03:27:28,00065EA1D4,Unknown
2009-07-04 03:33:20,00060F66F2,Unknown
2009-07-04 03:34:42,00068E9C1A,Unknown
2009-07-04 03:37:14,00068E0F02,Unknown
2009-07-04 03:39:44,00068E17E7,Unknown
2009-07-04 03:43:27,00065D81D3,Unknown
2009-07-04 03:44:09,00068E1FDB,Unknown
2009-07-04 03:45:16,00060F66F2,Unknown
2009-07-04 03:46:29,00061013E4,Unknown
2009-07-04 03:50:05,000697B0DE,Unknown
2009-07-04 03:51:46,00065D81D3,Unknown
2009-07-04 03:57:22,00068E1FDB,Unknown
2009-07-04 03:57:40,00065D7D8B,Unknown
2009-07-04 03:58:18,00061013E4,Unknown
2009-07-04 04:04:01,000697B0DE,Unknown
2009-07-04 04:06:06,0006979863,Unknown
2009-07-04 04:07:21,00065D7D8B,Unknown
2009-07-04 04:17:21,0006979863,Unknown
2009-07-04 04:29:23,0006979863,Unknown
2009-07-04 04:29:31,00065EC37B,Unknown
2009-07-04 04:29:44,00068E35E1,Unknown
2009-07-04 04:32:26,00065DA08A,Unknown
2009-07-04 04:35:23,000697A268,Unknown
2009-07-04 04:35:54,00068EAD8A,Unknown
2009-07-04 04:37:03,00068E0DE6,Unknown
2009-07-04 04:37:14,00061D27AC,Unknown
2009-07-04 04:37:43,00068E35E1,Unknown
2009-07-04 04:38:13,00060F66F2,Unknown
2009-07-04 04:39:12,0006979B84,Unknown
2009-07-04 04:40:55,00065EA1D4,Unknown
2009-07-04 04:42:18,00065DD7F6,Unknown
2009-07-04 04:42:23,00068E9C1A,Unknown
2009-07-04 04:43:41,0006979BE8,Unknown
2009-07-04 04:43:49,00068E3D73,Unknown
2009-07-04 04:44:13,00068E9134,Unknown
2009-07-04 04:45:11,0006979863,Unknown
2009-07-04 04:45:34,000697BD11,Unknown
2009-07-04 04:47:00,00068E1FDB,Unknown
2009-07-04 04:47:33,0006979ABE,Unknown
2009-07-04 04:47:58,00068E8B1B,Unknown
2009-07-04 04:48:01,00068E17E7,Unknown
2009-07-04 04:48:49,000697B0DE,Unknown
2009-07-04 04:49:00,000697B0DE,Unknown
2009-07-04 04:49:54,00061013E4,Unknown
2009-07-04 04:51:34,00068E1C26,Unknown
2009-07-04 04:52:30,00068E1F71,Unknown
2009-07-04 04:52:47,00068E35E1,Unknown
2009-07-04 04:54:09,0006179D52,Unknown
2009-07-04 04:54:19,00065D7D8B,Unknown
2009-07-04 04:55:31,00068E0F02,Unknown
2009-07-04 05:02:13,00065D81D3,Unknown
2009-07-04 09:01:44,00065E632D,Unknown
2009-07-04 09:49:53,00065E632D,Unknown
2009-07-04 10:14:09,00065E632D,Unknown
2009-07-04 11:19:05,8E602D0D0F,Unknown
2009-07-04 18:09:37,8E602D0D0F,Unknown
2009-07-04 18:37:29,8E602D0D0F,Unknown
2009-07-04 18:55:01,8E602D0D0F,Unknown
2009-07-04 19:13:13,00065D7D8B,Unknown
2009-07-04 21:27:51,00061D27AC,Unknown
2009-07-04 21:28:03,00061D27AC,Unknown
2009-07-04 21:28:14,00061D27AC,Unknown
2009-07-04 21:35:44,000697BD11,Unknown
2009-07-04 21:39:09,0006979863,Unknown
2009-07-04 21:39:56,0006979863,Unknown
2009-07-04 21:40:09,0006979863,Unknown
2009-07-04 21:41:28,00065DA08A,Unknown
2009-07-04 21:42:03,0006979BE8,Unknown
2009-07-04 21:42:14,00068EAD8A,Unknown
2009-07-04 21:42:19,0006979BE8,Unknown
2009-07-04 21:43:30,00065EC37B,Unknown
2009-07-04 21:43:42,00065EC37B,Unknown
2009-07-04 21:44:04,00065EC37B,Unknown
2009-07-04 21:44:07,00065EA1D4,Unknown
2009-07-04 21:44:19,00065EA1D4,Unknown
2009-07-04 21:44:21,00068E9C1A,Unknown
2009-07-04 21:47:05,00065DA08A,Unknown
2009-07-04 21:50:02,00068E3D73,Unknown
2009-07-04 21:51:17,00060F66F2,Unknown
2009-07-04 21:51:26,00068E0DE6,Unknown
2009-07-04 21:51:29,00068E17E7,Unknown
2009-07-04 21:51:54,00061D27AC,Unknown
2009-07-04 21:52:06,00061D27AC,Unknown
2009-07-04 21:52:25,00061D27AC,Unknown
2009-07-04 21:52:39,00068E35E1,Unknown
2009-07-04 21:52:43,00065D81D3,Unknown
2009-07-04 21:52:53,00068E35E1,Unknown
2009-07-04 21:52:54,00061D27AC,Unknown
2009-07-04 21:53:06,00061D27AC,Unknown
2009-07-04 21:53:21,00061D27AC,Unknown
2009-07-04 21:53:32,00061D27AC,Unknown
2009-07-04 21:53:40,000697A268,Unknown
2009-07-04 21:54:01,00061D27AC,Unknown
2009-07-04 21:54:18,00061013E4,Unknown
2009-07-04 21:54:29,00061D27AC,Unknown
2009-07-04 21:54:39,00068E0F02,Unknown
2009-07-04 21:54:41,0006979ABE,Unknown
2009-07-04 21:55:35,0006179D52,Unknown
2009-07-04 21:56:28,00065D7D8B,Unknown
2009-07-04 21:56:32,00065DD7F6,Unknown
2009-07-04 21:56:34,00068E1FDB,Unknown
2009-07-04 21:56:54,00068E1C26,Unknown
2009-07-04 21:56:58,00068E1F71,Unknown
2009-07-04 21:57:42,00068E8B1B,Unknown
2009-07-04 21:59:10,0006979B84,Unknown
2009-07-04 21:59:17,00068E9134,Unknown
2009-07-04 22:00:10,0006979B84,Unknown
2009-07-04 22:03:28,000697B0DE,Unknown
2009-07-04 22:20:08,0006979863,Unknown
2009-07-04 22:45:37,00065EA1D4,Unknown
2009-07-04 22:57:46,00065EA1D4,Unknown
2009-07-04 22:59:41,000697BD11,Unknown
2009-07-04 23:12:13,00065EC37B,Unknown
2009-07-04 23:15:42,00068E3D73,Unknown
2009-07-04 23:17:54,0006979BE8,Unknown
2009-07-04 23:18:56,0006979BE8,Unknown
2009-07-04 23:20:14,00065EC37B,Unknown
2009-07-04 23:21:26,00068E3D73,Unknown
2009-07-04 23:22:29,00065EC37B,Unknown
2009-07-04 23:22:55,00065DA08A,Unknown
2009-07-04 23:24:48,00065EC37B,Unknown
2009-07-04 23:26:11,00065EC37B,Unknown
2009-07-04 23:26:42,00068E35E1,Unknown
2009-07-04 23:27:26,00068E0F02,Unknown
2009-07-04 23:29:14,00065EC37B,Unknown
2009-07-04 23:30:17,00068EAD8A,Unknown
2009-07-04 23:32:16,00068E3D73,Unknown
2009-07-04 23:32:38,00068E35E1,Unknown
2009-07-04 23:33:12,00065D81D3,Unknown
2009-07-04 23:34:17,00068E17E7,Unknown
2009-07-04 23:36:24,00068E3D73,Unknown
2009-07-04 23:38:42,00065EC37B,Unknown
2009-07-04 23:39:36,00065EC37B,Unknown
2009-07-04 23:39:39,00065D81D3,Unknown
2009-07-04 23:40:11,00065DA08A,Unknown
2009-07-04 23:43:02,00068E17E7,Unknown
2009-07-04 23:43:54,00065EC37B,Unknown
2009-07-04 23:44:13,00068EAD8A,Unknown
2009-07-04 23:44:44,00065EC37B,Unknown
2009-07-04 23:45:03,00065EC37B,Unknown
2009-07-04 23:45:57,00068E0F02,Unknown
2009-07-04 23:47:17,00068E3D73,Unknown
2009-07-04 23:48:27,00065D7D8B,Unknown
2009-07-04 23:49:45,00065EC37B,Unknown
2009-07-04 23:50:11,00065EC37B,Unknown
2009-07-04 23:50:40,00065D81D3,Unknown
2009-07-04 23:50:42,00065EC37B,Unknown
2009-07-04 23:51:33,00061013E4,Unknown
2009-07-04 23:53:18,00065EC37B,Unknown
2009-07-04 23:53:54,00065EC37B,Unknown
2009-07-04 23:54:21,00065EC37B,Unknown
2009-07-04 23:54:25,00060F66F2,Unknown
2009-07-04 23:54:28,00068E3D73,Unknown
2009-07-04 23:54:53,00065D81D3,Unknown
2009-07-04 23:55:59,00065EC37B,Unknown
2009-07-04 23:56:12,000697B0DE,Unknown
2009-07-04 23:56:46,00065EC37B,Unknown
2009-07-04 23:56:59,00065EC37B,Unknown
2009-07-04 23:59:44,00065EC37B,Unknown
2009-07-05 00:01:05,00065EC37B,Unknown
2009-07-05 00:01:17,000697B0DE,Unknown
2009-07-05 00:04:36,00065D7D8B,Unknown
2009-07-05 00:05:18,00065EC37B,Unknown
2009-07-05 00:09:52,00068E35E1,Unknown
2009-07-05 00:11:19,00060F66F2,Unknown
2009-07-05 00:11:42,0006979863,Unknown
2009-07-05 00:11:48,00061013E4,Unknown
2009-07-05 00:12:29,00065EA1D4,Unknown
2009-07-05 00:13:11,00065EC37B,Unknown
2009-07-05 00:13:49,00068E9C1A,Unknown
2009-07-05 00:16:08,0006979863,Unknown
2009-07-05 00:18:58,00068E9C1A,Unknown
2009-07-05 00:20:44,00068E35E1,Unknown
2009-07-05 00:21:05,0006979863,Unknown
2009-07-05 00:24:00,00065EA1D4,Unknown
2009-07-05 00:24:10,00065DA08A,Unknown
2009-07-05 00:30:36,00068E9134,Unknown
2009-07-05 00:32:45,0006979863,Unknown
2009-07-05 00:32:54,00065D7D8B,Unknown
2009-07-05 00:35:19,00068E9134,Unknown
2009-07-05 00:42:20,00065D7D8B,Unknown
2009-07-05 00:46:53,00065D81D3,Unknown
2009-07-05 00:52:32,00068E9134,Unknown
2009-07-05 00:52:58,00065DA08A,Unknown
2009-07-05 00:53:14,00065EA1D4,Unknown
2009-07-05 00:55:45,00065D81D3,Unknown
2009-07-05 00:57:53,00068E17E7,Unknown
2009-07-05 00:57:59,00068E8B1B,Unknown
2009-07-05 00:59:21,00068E9134,Unknown
2009-07-05 00:59:23,00065DA08A,Unknown
2009-07-05 00:59:25,00065EA1D4,Unknown
2009-07-05 01:02:38,00068E8B1B,Unknown
2009-07-05 01:09:53,00061013E4,Unknown
2009-07-05 01:11:33,00068EAD8A,Unknown
2009-07-05 01:13:03,0006979BE8,Unknown
2009-07-05 01:14:03,0006979BE8,Unknown
2009-07-05 01:14:48,0006979BE8,Unknown
2009-07-05 01:15:54,00065EA1D4,Unknown
2009-07-05 01:16:04,000697BD11,Unknown
2009-07-05 01:16:57,00065EA1D4,Unknown
2009-07-05 01:17:05,00068E17E7,Unknown
2009-07-05 01:17:22,000697BD11,Unknown
2009-07-05 01:18:55,00068E3D73,Unknown
2009-07-05 01:20:43,00061013E4,Unknown
2009-07-05 01:22:47,000697BD11,Unknown
2009-07-05 01:22:58,00065EC37B,Unknown
2009-07-05 01:22:59,0006979BE8,Unknown
2009-07-05 01:23:48,000697BD11,Unknown
2009-07-05 01:25:55,000697B0DE,Unknown
2009-07-05 01:26:04,00065EA1D4,Unknown
2009-07-05 01:26:32,00065EC37B,Unknown
2009-07-05 01:28:10,00065EC37B,Unknown
2009-07-05 01:28:28,00065EA1D4,Unknown
2009-07-05 01:29:14,0006979863,Unknown
2009-07-05 01:29:53,00065EC37B,Unknown
2009-07-05 01:29:58,00068E9134,Unknown
2009-07-05 01:30:09,00068E8B1B,Unknown
2009-07-05 01:30:19,00065EC37B,Unknown
2009-07-05 01:31:08,000697B0DE,Unknown
2009-07-05 01:31:22,000697B0DE,Unknown
2009-07-05 01:31:46,00068EAD8A,Unknown
2009-07-05 01:31:54,00065EC37B,Unknown
2009-07-05 01:32:09,00068E8B1B,Unknown
2009-07-05 01:32:43,00065EC37B,Unknown
2009-07-05 01:32:57,00065EC37B,Unknown
2009-07-05 01:33:13,000697B0DE,Unknown
2009-07-05 01:33:22,00065EC37B,Unknown
2009-07-05 01:33:52,000697BD11,Unknown
2009-07-05 01:34:23,00065D7D8B,Unknown
2009-07-05 01:34:25,00065EC37B,Unknown
2009-07-05 01:34:55,000697BD11,Unknown
2009-07-05 01:35:48,00068E8B1B,Unknown
2009-07-05 01:36:07,00065EC37B,Unknown
2009-07-05 01:36:14,00065EA1D4,Unknown
2009-07-05 01:36:24,000697B0DE,Unknown
2009-07-05 01:36:42,00065EC37B,Unknown
2009-07-05 01:37:33,00065EC37B,Unknown
2009-07-05 01:38:20,000697BD11,Unknown
2009-07-05 01:39:00,00068E8B1B,Unknown
2009-07-05 01:39:54,00065EA1D4,Unknown
2009-07-05 01:40:01,00068E3D73,Unknown
2009-07-05 01:41:15,00065EA1D4,Unknown
2009-07-05 01:41:26,00065DA08A,Unknown
2009-07-05 01:41:56,000697B0DE,Unknown
2009-07-05 01:42:41,000697B0DE,Unknown
2009-07-05 01:42:57,00068E9C1A,Unknown
2009-07-05 01:43:37,00065EA1D4,Unknown
2009-07-05 01:44:00,00068E0F02,Unknown
2009-07-05 01:44:13,000697B0DE,Unknown
2009-07-05 01:44:49,000697B0DE,Unknown
2009-07-05 01:45:24,00068E8B1B,Unknown
2009-07-05 01:46:19,00068E9134,Unknown
2009-07-05 01:48:53,000697B0DE,Unknown
2009-07-05 01:50:03,000697B0DE,Unknown
2009-07-05 01:50:05,0006979863,Unknown
2009-07-05 01:50:19,00068E8B1B,Unknown
2009-07-05 01:51:30,00065EA1D4,Unknown
2009-07-05 01:52:37,000697BD11,Unknown
2009-07-05 01:52:53,000697B0DE,Unknown
2009-07-05 01:52:57,00068E8B1B,Unknown
2009-07-05 01:53:33,000697B0DE,Unknown
2009-07-05 01:53:35,000697BD11,Unknown
2009-07-05 01:54:00,00061013E4,Unknown
2009-07-05 01:54:17,000697B0DE,Unknown
2009-07-05 01:54:24,00068E35E1,Unknown
2009-07-05 01:54:44,00065EC37B,Unknown
2009-07-05 01:54:47,00068E3D73,Unknown
2009-07-05 01:55:06,000697B0DE,Unknown
2009-07-05 01:57:46,00068E8B1B,Unknown
2009-07-05 01:57:50,00068E9C1A,Unknown
2009-07-05 01:58:41,00065EA1D4,Unknown
2009-07-05 01:59:03,00068E0F02,Unknown
2009-07-05 01:59:09,00065DA08A,Unknown
2009-07-05 01:59:13,000697BD11,Unknown
2009-07-05 02:03:44,00065D7D8B,Unknown
2009-07-05 02:06:10,00068E3D73,Unknown
2009-07-05 02:08:50,000697BD11,Unknown
2009-07-05 02:09:05,00060F66F2,Unknown
2009-07-05 02:11:04,00061013E4,Unknown
2009-07-05 02:15:00,00068E35E1,Unknown
2009-07-05 02:15:48,000697B0DE,Unknown
2009-07-05 02:17:07,00065D81D3,Unknown
2009-07-05 02:20:28,00060F66F2,Unknown
2009-07-05 02:23:54,000697B0DE,Unknown
2009-07-05 02:26:01,00060F66F2,Unknown
2009-07-05 02:26:23,00068E17E7,Unknown
2009-07-05 02:29:07,0006979863,Unknown
2009-07-05 02:32:30,000697BD11,Unknown
2009-07-05 02:32:44,00065D81D3,Unknown
2009-07-05 02:39:26,00068E17E7,Unknown
2009-07-05 02:40:54,00060F66F2,Unknown
2009-07-05 02:41:27,000697BD11,Unknown
2009-07-05 02:42:07,0006979863,Unknown
2009-07-05 02:45:09,00068E17E7,Unknown
2009-07-05 02:49:22,00068E9134,Unknown
2009-07-05 02:50:38,0006979BE8,Unknown
2009-07-05 02:57:42,00068E9134,Unknown
2009-07-05 02:58:26,0006979BE8,Unknown
2009-07-05 02:58:37,00068E9C1A,Unknown
2009-07-05 02:58:38,00068E17E7,Unknown
2009-07-05 02:58:44,00065EC37B,Unknown
2009-07-05 02:59:43,00068E9134,Unknown
2009-07-05 02:59:58,0006179D52,Unknown
2009-07-05 03:02:07,00068E0F02,Unknown
2009-07-05 03:02:08,00065EA1D4,Unknown
2009-07-05 03:02:20,00061013E4,Unknown
2009-07-05 03:02:38,00068E9134,Unknown
2009-07-05 03:03:31,0006179D52,Unknown
2009-07-05 03:06:18,00068EAD8A,Unknown
2009-07-05 03:06:29,00065D7D8B,Unknown
2009-07-05 03:10:58,0006979B84,Unknown
2009-07-05 03:11:00,00068E9C1A,Unknown
2009-07-05 03:11:08,00065EC37B,Unknown
2009-07-05 03:11:09,00065EA1D4,Unknown
2009-07-05 03:11:57,0006979ABE,Unknown
2009-07-05 03:13:39,00068E3D73,Unknown
2009-07-05 03:16:27,0006979ABE,Unknown
2009-07-05 03:16:37,0006979B84,Unknown
2009-07-05 03:17:59,00068E0F02,Unknown
2009-07-05 03:20:42,00068EAD8A,Unknown
2009-07-05 03:22:32,00061013E4,Unknown
2009-07-05 03:24:09,00065D7D8B,Unknown
2009-07-05 03:24:38,00068E3D73,Unknown
2009-07-05 03:30:23,00065EC37B,Unknown
2009-07-05 03:30:55,00065DA08A,Unknown
2009-07-05 03:31:29,00065EA1D4,Unknown
2009-07-05 03:34:25,0006179D52,Unknown
2009-07-05 03:37:42,00065D81D3,Unknown
2009-07-05 03:38:27,0006979863,Unknown
2009-07-05 03:40:53,00065EC37B,Unknown
2009-07-05 03:41:05,000697B0DE,Unknown
2009-07-05 03:41:08,00068E9C1A,Unknown
2009-07-05 03:41:47,00065EA1D4,Unknown
2009-07-05 03:42:25,0006179D52,Unknown
2009-07-05 03:43:46,00065DA08A,Unknown
2009-07-05 03:45:20,000697B0DE,Unknown
2009-07-05 03:46:19,00065D81D3,Unknown
2009-07-05 03:49:11,00068E9C1A,Unknown
2009-07-05 03:50:22,0006979863,Unknown
2009-07-05 03:51:52,000697B0DE,Unknown
2009-07-05 03:54:44,00068E35E1,Unknown
2009-07-05 03:56:45,000697B0DE,Unknown
2009-07-05 04:00:22,0006979863,Unknown
2009-07-05 04:04:42,0006979863,Unknown
2009-07-05 04:14:09,00068E35E1,Unknown
2009-07-05 04:16:45,00068E17E7,Unknown
2009-07-05 04:17:24,0006979863,Unknown
2009-07-05 04:23:00,0006979863,Unknown
2009-07-05 04:24:02,00068E17E7,Unknown
2009-07-05 04:25:21,00068EAD8A,Unknown
2009-07-05 04:29:53,00065EA1D4,Unknown
2009-07-05 04:32:01,00068EAD8A,Unknown
2009-07-05 04:32:30,00065EC37B,Unknown
2009-07-05 04:36:03,00065DA08A,Unknown
2009-07-05 04:37:10,00065DD7F6,Unknown
2009-07-05 04:40:31,0006979BE8,Unknown
2009-07-05 04:43:17,00068E8B1B,Unknown
2009-07-05 04:44:21,00068E9134,Unknown
2009-07-05 04:45:33,00060F66F2,Unknown
2009-07-05 04:45:37,00068E0DE6,Unknown
2009-07-05 04:45:49,00061013E4,Unknown
2009-07-05 04:48:09,000697B0DE,Unknown
2009-07-05 04:49:52,0006979863,Unknown
2009-07-05 04:49:54,00068E9C1A,Unknown
2009-07-05 04:50:15,000697A268,Unknown
2009-07-05 04:50:37,00061D27AC,Unknown
2009-07-05 04:50:38,00068E3D73,Unknown
2009-07-05 04:52:54,00068E1FDB,Unknown
2009-07-05 04:53:29,00068E35E1,Unknown
2009-07-05 04:55:11,00068E1F71,Unknown
2009-07-05 04:55:43,00068EAD8A,Unknown
2009-07-05 04:56:16,00065D7D8B,Unknown
2009-07-05 04:56:19,0006979ABE,Unknown
2009-07-05 04:56:41,00065D81D3,Unknown
2009-07-05 04:57:07,0006979B84,Unknown
2009-07-05 04:59:02,00068E0F02,Unknown
2009-07-05 05:01:37,00068E1C26,Unknown
2009-07-05 05:04:10,00068E17E7,Unknown
2009-07-05 08:25:43,00065E632D,Unknown
2009-07-05 09:11:40,00065E632D,Unknown
2009-07-05 09:35:06,00065E632D,Unknown
2009-07-05 10:35:24,8E602D0D0F,Unknown
2009-07-05 19:23:43,8E602D0D0F,Unknown
2009-07-05 19:24:22,00065E632D,Unknown
2009-07-05 19:45:06,8E602D0D0F,Unknown
2009-07-05 19:45:46,00065E632D,Unknown
2009-07-05 19:57:17,00065E632D,Unknown
2009-07-05 20:24:17,8E602D0D0F,Unknown
2009-07-05 20:25:31,00065E632D,Unknown
2009-07-05 20:39:34,00068E19F7,Unknown
2009-07-05 20:56:21,8E602D0D0F,Unknown
2009-07-05 20:57:34,00065E632D,Unknown
2009-07-05 21:19:02,00065EB6E2,Unknown
2009-07-05 21:28:44,0006979C67,Unknown
2009-07-05 21:29:12,0006979C67,Unknown
2009-07-05 21:29:24,0006979C67,Unknown
2009-07-05 21:29:33,0005FE0832,Unknown
2009-07-05 21:30:22,0005FE0832,Unknown
2009-07-05 21:30:33,0005FE0832,Unknown
2009-07-05 21:31:03,0006444F30,Unknown
2009-07-05 21:32:45,00068E3862,Unknown
2009-07-05 21:32:57,00068E2063,Unknown
2009-07-05 21:34:13,00068E1A38,Unknown
2009-07-05 21:34:25,000697C596,Unknown
2009-07-05 21:34:25,00068E1A38,Unknown
2009-07-05 21:35:01,00060D7AE7,Unknown
2009-07-05 21:36:03,00068E2227,Unknown
2009-07-05 21:36:31,000697BE7E,Unknown
2009-07-05 21:36:45,000697BE7E,Unknown
2009-07-05 21:36:56,000697BE7E,Unknown
2009-07-05 21:36:58,00068E3546,Unknown
2009-07-05 21:37:01,0005FE0832,Unknown
2009-07-05 21:37:09,000697BE7E,Unknown
2009-07-05 21:37:20,00065EB019,Unknown
2009-07-05 21:37:33,00068E1A38,Unknown
2009-07-05 21:37:51,00068E1A46,Unknown
2009-07-05 21:38:02,00068E1A46,Unknown
2009-07-05 21:38:13,00068E1A46,Unknown
2009-07-05 21:38:25,00068E1A46,Unknown
2009-07-05 21:38:31,00068E19F7,Unknown
2009-07-05 21:38:44,000697C596,Unknown
2009-07-05 21:40:37,00068E2227,Unknown
2009-07-05 21:40:48,00068E1878,Unknown
2009-07-05 21:41:08,0006160637,Unknown
2009-07-05 21:41:41,0001F7D573,Unknown
2009-07-05 21:41:46,000697BD11,Unknown
2009-07-05 21:41:48,00068E3435,Unknown
2009-07-05 21:42:00,00065EB019,Unknown
2009-07-05 21:42:10,000697D368,Unknown
2009-07-05 21:42:44,00068E17E7,Unknown
2009-07-05 21:43:19,00001F5C08,Unknown
2009-07-05 21:43:30,0006979863,Unknown
2009-07-05 21:44:05,0006242035,Unknown
2009-07-05 21:44:10,00065DA08A,Unknown
2009-07-05 21:44:44,00065EC37B,Unknown
2009-07-05 21:44:48,000644514C,Unknown
2009-07-05 21:44:57,00061013E4,Unknown
2009-07-05 21:45:04,00068E3D57,Unknown
2009-07-05 21:45:06,00060F600D,Unknown
2009-07-05 21:45:08,00061013E4,Unknown
2009-07-05 21:45:20,00061D3DC5,Unknown
2009-07-05 21:45:27,00068E0587,Unknown
2009-07-05 21:47:12,00068EA92B,Unknown
2009-07-05 21:47:34,00068E2D0E,Unknown
2009-07-05 21:47:45,00068E1F71,Unknown
2009-07-05 21:48:23,0000F8007E,Unknown
2009-07-05 21:48:35,0000F8007E,Unknown
2009-07-05 21:48:54,00068E3D73,Unknown
2009-07-05 21:48:58,0006979BE8,Unknown
2009-07-05 21:49:04,00068EAD8A,Unknown
2009-07-05 21:49:12,00065EA1D4,Unknown
2009-07-05 21:49:23,00065EA1D4,Unknown
2009-07-05 21:49:50,00065EA1D4,Unknown
2009-07-05 21:49:58,00068E9C1A,Unknown
2009-07-05 21:50:07,00065D9BC6,Unknown
2009-07-05 21:50:09,00065D81D3,Unknown
2009-07-05 21:51:08,00065EB6E2,Unknown
2009-07-05 21:51:15,00060FA7EA,Unknown
2009-07-05 21:51:31,00068E35E1,Unknown
2009-07-05 21:51:34,00060F66F2,Unknown
2009-07-05 21:51:38,00068E1C26,Unknown
2009-07-05 21:52:19,00061D27AC,Unknown
2009-07-05 21:52:30,00061D27AC,Unknown
2009-07-05 21:52:47,00061D27AC,Unknown
2009-07-05 21:53:02,00065D7D8B,Unknown
2009-07-05 21:53:11,0006179D52,Unknown
2009-07-05 21:53:20,00061D27AC,Unknown
2009-07-05 21:53:37,0006179D52,Unknown
2009-07-05 21:53:42,00068E0F02,Unknown
2009-07-05 21:53:54,00068E0F02,Unknown
2009-07-05 21:54:12,0006979ABE,Unknown
2009-07-05 21:54:36,0006979ABE,Unknown
2009-07-05 21:54:47,0006979ABE,Unknown
2009-07-05 21:54:56,00061D27AC,Unknown
2009-07-05 21:55:32,00061D27AC,Unknown
2009-07-05 21:55:46,00061D27AC,Unknown
2009-07-05 21:55:57,00061D27AC,Unknown
2009-07-05 21:56:09,00061D27AC,Unknown
2009-07-05 21:56:23,00065DD7F6,Unknown
2009-07-05 21:56:55,000697A268,Unknown
2009-07-05 21:56:57,00061D27AC,Unknown
2009-07-05 21:57:12,0006979D37,Unknown
2009-07-05 21:57:40,00061D27AC,Unknown
2009-07-05 21:57:44,0006979B84,Unknown
2009-07-05 21:58:06,00068E1A46,Unknown
2009-07-05 21:58:36,0006979ABE,Unknown
2009-07-05 21:59:01,0006979ABE,Unknown
2009-07-05 21:59:58,00068E0DE6,Unknown
2009-07-05 22:01:06,00068E9134,Unknown
2009-07-05 22:01:09,00068E1A46,Unknown
2009-07-05 22:01:21,00068E1FDB,Unknown
2009-07-05 22:01:23,00068E1A46,Unknown
2009-07-05 22:01:30,000697B0DE,Unknown
2009-07-05 22:03:52,00068E8B1B,Unknown
2009-07-05 22:34:11,00068E1A46,Unknown
2009-07-05 22:41:45,00068E35E1,Unknown
2009-07-05 22:41:50,00068E2227,Unknown
2009-07-05 22:43:17,00068E1A46,Unknown
2009-07-05 22:48:54,00068E2227,Unknown
2009-07-05 22:49:48,0006444F30,Unknown
2009-07-05 22:53:39,00068E35E1,Unknown
2009-07-05 22:55:53,000697BD11,Unknown
2009-07-05 22:59:03,00060D7AE7,Unknown
2009-07-05 23:02:05,00065EC37B,Unknown
2009-07-05 23:03:19,00068E3546,Unknown
2009-07-05 23:03:31,00068E3546,Unknown
2009-07-05 23:04:28,0006444F30,Unknown
2009-07-05 23:04:58,00068E9C1A,Unknown
2009-07-05 23:06:07,00068E3546,Unknown
2009-07-05 23:06:19,00068E3546,Unknown
2009-07-05 23:06:30,00068E3546,Unknown
2009-07-05 23:06:30,000697BD11,Unknown
2009-07-05 23:08:30,00060D7AE7,Unknown
2009-07-05 23:08:40,00065D81D3,Unknown
2009-07-05 23:12:46,00068E9C1A,Unknown
2009-07-05 23:12:56,00065EC37B,Unknown
2009-07-05 23:14:50,00065D81D3,Unknown
2009-07-05 23:15:02,00065EB019,Unknown
2009-07-05 23:16:47,00065EB019,Unknown
2009-07-05 23:16:58,00065EB019,Unknown
2009-07-05 23:17:09,00065EB019,Unknown
2009-07-05 23:18:12,0006242035,Unknown
2009-07-05 23:18:39,00068E17E7,Unknown
2009-07-05 23:18:49,00068E3435,Unknown
2009-07-05 23:19:01,00068E3435,Unknown
2009-07-05 23:20:22,0006242035,Unknown
2009-07-05 23:20:38,0006242035,Unknown
2009-07-05 23:21:32,00068EAD8A,Unknown
2009-07-05 23:22:00,00068E3D73,Unknown
2009-07-05 23:24:48,00068E3435,Unknown
2009-07-05 23:25:06,00001F5C08,Unknown
2009-07-05 23:25:45,0006242035,Unknown
2009-07-05 23:25:49,00068E1878,Unknown
2009-07-05 23:28:00,00001F5C08,Unknown
2009-07-05 23:28:19,000697BE7E,Unknown
2009-07-05 23:28:26,00001F5C08,Unknown
2009-07-05 23:28:28,00068EAD8A,Unknown
2009-07-05 23:28:32,00060D7AE7,Unknown
2009-07-05 23:28:37,00001F5C08,Unknown
2009-07-05 23:28:38,00068E19F7,Unknown
2009-07-05 23:28:46,00068E2227,Unknown
2009-07-05 23:28:51,00001F5C08,Unknown
2009-07-05 23:29:59,00001F5C08,Unknown
2009-07-05 23:30:20,00060D7AE7,Unknown
2009-07-05 23:30:59,00068E3D73,Unknown
2009-07-05 23:31:28,00001F5C08,Unknown
2009-07-05 23:32:57,00068E3546,Unknown
2009-07-05 23:33:01,00001F5C08,Unknown
2009-07-05 23:33:28,00001F5C08,Unknown
2009-07-05 23:36:57,0006242035,Unknown
2009-07-05 23:37:01,00068E19F7,Unknown
2009-07-05 23:37:30,00068E3546,Unknown
2009-07-05 23:37:48,00068E1878,Unknown
2009-07-05 23:38:04,00068E3D73,Unknown
2009-07-05 23:38:34,00068E2227,Unknown
2009-07-05 23:41:16,00068E3D73,Unknown
2009-07-05 23:41:50,00068E0F02,Unknown
2009-07-05 23:42:11,00001F5C08,Unknown
2009-07-05 23:42:20,00068E3D73,Unknown
2009-07-05 23:45:26,000697B0DE,Unknown
2009-07-05 23:46:00,000697BE7E,Unknown
2009-07-05 23:46:54,00001F5C08,Unknown
2009-07-05 23:47:28,00061013E4,Unknown
2009-07-05 23:47:45,000697D368,Unknown
2009-07-05 23:47:54,000697B0DE,Unknown
2009-07-05 23:48:58,0001F7D573,Unknown
2009-07-05 23:49:10,00060D7AE7,Unknown
2009-07-05 23:50:09,000697C596,Unknown
2009-07-05 23:50:32,00068E3862,Unknown
2009-07-05 23:51:16,00068E0F02,Unknown
2009-07-05 23:52:17,0001F7D573,Unknown
2009-07-05 23:53:03,00060D7AE7,Unknown
2009-07-05 23:53:09,00060F66F2,Unknown
2009-07-05 23:53:32,00068E3862,Unknown
2009-07-05 23:54:33,00065D7D8B,Unknown
2009-07-05 23:54:56,0006444F30,Unknown
2009-07-05 23:55:03,00068EA92B,Unknown
2009-07-05 23:55:49,00065DA08A,Unknown
2009-07-05 23:55:58,000697D368,Unknown
2009-07-05 23:56:21,00065DA08A,Unknown
2009-07-05 23:56:26,0006444F30,Unknown
2009-07-05 23:56:36,00068E3D57,Unknown
2009-07-05 23:56:39,000697B0DE,Unknown
2009-07-05 23:56:54,00065EB019,Unknown
2009-07-05 23:57:53,00068E3D57,Unknown
2009-07-05 23:58:23,00068E3862,Unknown
2009-07-05 23:58:31,000697BE7E,Unknown
2009-07-05 23:58:56,00065EC1B3,Unknown
2009-07-05 23:59:04,00068E3862,Unknown
2009-07-05 23:59:30,000697B0DE,Unknown
2009-07-05 23:59:49,000697BE7E,Unknown
2009-07-05 23:59:57,000697C596,Unknown
2009-07-06 00:00:41,000697B0DE,Unknown
2009-07-06 00:00:41,00065EB019,Unknown
2009-07-06 00:02:34,0006444F30,Unknown
2009-07-06 00:03:32,0006444F30,Unknown
2009-07-06 00:03:40,00068EA92B,Unknown
2009-07-06 00:07:14,00068E3546,Unknown
2009-07-06 00:07:20,00065D9BC6,Unknown
2009-07-06 00:07:24,00068E35E1,Unknown
2009-07-06 00:08:20,00065EC1B3,Unknown
2009-07-06 00:08:50,00065D9BC6,Unknown
2009-07-06 00:09:39,00068E3862,Unknown
2009-07-06 00:09:48,00065EC1B3,Unknown
2009-07-06 00:10:01,00068E3862,Unknown
2009-07-06 00:10:05,00065EB019,Unknown
2009-07-06 00:10:12,00068E3862,Unknown
2009-07-06 00:10:13,0001F7D573,Unknown
2009-07-06 00:10:26,00068E1A46,Unknown
2009-07-06 00:12:12,00065EB019,Unknown
2009-07-06 00:12:55,0001F7D573,Unknown
2009-07-06 00:12:55,00060F66F2,Unknown
2009-07-06 00:13:16,00061013E4,Unknown
2009-07-06 00:13:27,00061013E4,Unknown
2009-07-06 00:13:40,00061013E4,Unknown
2009-07-06 00:14:49,000697B0DE,Unknown
2009-07-06 00:15:31,00068E3D57,Unknown
2009-07-06 00:15:53,00068E2063,Unknown
2009-07-06 00:16:31,00068E3D57,Unknown
2009-07-06 00:16:38,00068E2063,Unknown
2009-07-06 00:16:43,000697BD11,Unknown
2009-07-06 00:16:55,00068E1A46,Unknown
2009-07-06 00:16:58,000697BD11,Unknown
2009-07-06 00:17:05,00068E3546,Unknown
2009-07-06 00:17:18,00065D7D8B,Unknown
2009-07-06 00:18:49,00065DD7F6,Unknown
2009-07-06 00:18:57,0001F7D573,Unknown
2009-07-06 00:19:24,0001F7D573,Unknown
2009-07-06 00:20:25,00060F600D,Unknown
2009-07-06 00:20:32,00068E19F7,Unknown
2009-07-06 00:20:41,00068E35E1,Unknown
2009-07-06 00:21:29,00068E9134,Unknown
2009-07-06 00:21:30,0006979863,Unknown
2009-07-06 00:23:02,0006979863,Unknown
2009-07-06 00:23:05,00068E9134,Unknown
2009-07-06 00:23:06,000697BD11,Unknown
2009-07-06 00:23:57,00065D7D8B,Unknown
2009-07-06 00:24:49,00065D81D3,Unknown
2009-07-06 00:24:56,00065DA08A,Unknown
2009-07-06 00:25:17,00065DA08A,Unknown
2009-07-06 00:25:28,00060D7AE7,Unknown
2009-07-06 00:27:49,0001F7D573,Unknown
2009-07-06 00:29:30,0001F7D573,Unknown
2009-07-06 00:29:52,00068E19F7,Unknown
2009-07-06 00:31:12,00060F600D,Unknown
2009-07-06 00:32:17,0001F7D573,Unknown
2009-07-06 00:32:19,000697D368,Unknown
2009-07-06 00:32:23,00068E1878,Unknown
2009-07-06 00:32:43,00065DD7F6,Unknown
2009-07-06 00:32:45,00065D81D3,Unknown
2009-07-06 00:32:47,00068E9134,Unknown
2009-07-06 00:33:34,0001F7D573,Unknown
2009-07-06 00:33:41,00068E9134,Unknown
2009-07-06 00:34:26,00068E9134,Unknown
2009-07-06 00:34:39,00065EB019,Unknown
2009-07-06 00:34:41,000697C596,Unknown
2009-07-06 00:34:51,00068E3435,Unknown
2009-07-06 00:36:07,00068E9134,Unknown
2009-07-06 00:36:16,00068E2227,Unknown
2009-07-06 00:38:10,00068E1A46,Unknown
2009-07-06 00:38:25,00065D7D8B,Unknown
2009-07-06 00:39:17,00068E3435,Unknown
2009-07-06 00:39:50,00068E9134,Unknown
2009-07-06 00:40:00,00065EB019,Unknown
2009-07-06 00:40:23,000697C596,Unknown
2009-07-06 00:41:55,00068E9134,Unknown
2009-07-06 00:41:57,0001F7D573,Unknown
2009-07-06 00:42:12,00065EB019,Unknown
2009-07-06 00:42:30,00065EB019,Unknown
2009-07-06 00:43:20,00065EB019,Unknown
2009-07-06 00:43:34,0001F7D573,Unknown
2009-07-06 00:43:40,00065EB019,Unknown
2009-07-06 00:43:45,0001F7D573,Unknown
2009-07-06 00:43:56,00065EB019,Unknown
2009-07-06 00:44:01,00068E1878,Unknown
2009-07-06 00:44:13,00065EB019,Unknown
2009-07-06 00:44:15,00068E1878,Unknown
2009-07-06 00:44:24,00065EB019,Unknown
2009-07-06 00:44:27,00068E1878,Unknown
2009-07-06 00:44:44,00068E8B1B,Unknown
2009-07-06 00:46:02,00068E2227,Unknown
2009-07-06 00:46:03,0001F7D573,Unknown
2009-07-06 00:46:45,000697D368,Unknown
2009-07-06 00:46:52,0001F7D573,Unknown
2009-07-06 00:48:54,00065D81D3,Unknown
2009-07-06 00:49:25,0006979BE8,Unknown
2009-07-06 00:49:26,00068E8B1B,Unknown
2009-07-06 00:49:33,00068E1A46,Unknown
2009-07-06 00:49:49,00068E8B1B,Unknown
2009-07-06 00:49:55,0001F7D573,Unknown
2009-07-06 00:50:07,00065EB019,Unknown
2009-07-06 00:50:24,0006979BE8,Unknown
2009-07-06 00:50:32,0001F7D573,Unknown
2009-07-06 00:51:28,00065D81D3,Unknown
2009-07-06 00:52:12,0006979BE8,Unknown
2009-07-06 00:52:13,00060F66F2,Unknown
2009-07-06 00:52:15,00065D81D3,Unknown
2009-07-06 00:53:00,00001F5C08,Unknown
2009-07-06 00:54:35,00061013E4,Unknown
2009-07-06 00:58:00,00068E17E7,Unknown
2009-07-06 00:58:05,0001F7D573,Unknown
2009-07-06 00:58:21,0006242035,Unknown
2009-07-06 00:58:49,0001F7D573,Unknown
2009-07-06 00:59:33,0006242035,Unknown
2009-07-06 01:01:13,000644514C,Unknown
2009-07-06 01:02:49,000644514C,Unknown
2009-07-06 01:03:57,000644514C,Unknown
2009-07-06 01:04:02,0001F7D573,Unknown
2009-07-06 01:04:26,00068E8B1B,Unknown
2009-07-06 01:04:28,000644514C,Unknown
2009-07-06 01:04:39,0001F7D573,Unknown
2009-07-06 01:04:59,00068E3546,Unknown
2009-07-06 01:05:11,00068E8B1B,Unknown
2009-07-06 01:05:35,00068EA92B,Unknown
2009-07-06 01:05:41,00001F5C08,Unknown
2009-07-06 01:05:45,00068E8B1B,Unknown
2009-07-06 01:06:40,00060F66F2,Unknown
2009-07-06 01:08:01,00068E3546,Unknown
2009-07-06 01:08:09,00061013E4,Unknown
2009-07-06 01:08:24,00068EA92B,Unknown
2009-07-06 01:08:38,00068EAD8A,Unknown
2009-07-06 01:08:47,00068E17E7,Unknown
2009-07-06 01:12:47,0001F7D573,Unknown
2009-07-06 01:13:27,0006242035,Unknown
2009-07-06 01:13:31,00068E3546,Unknown
2009-07-06 01:13:37,000644514C,Unknown
2009-07-06 01:13:56,0001F7D573,Unknown
2009-07-06 01:14:13,00068EA92B,Unknown
2009-07-06 01:14:36,00068E3546,Unknown
2009-07-06 01:15:24,000644514C,Unknown
2009-07-06 01:16:14,0006242035,Unknown
2009-07-06 01:16:33,00068E17E7,Unknown
2009-07-06 01:16:54,000644514C,Unknown
2009-07-06 01:18:22,000644514C,Unknown
2009-07-06 01:19:27,00068EA92B,Unknown
2009-07-06 01:19:41,00068E3D57,Unknown
2009-07-06 01:19:47,00068EAD8A,Unknown
2009-07-06 01:19:53,00068E3D57,Unknown
2009-07-06 01:20:43,00068E3435,Unknown
2009-07-06 01:21:48,00068E17E7,Unknown
2009-07-06 01:22:13,000644514C,Unknown
2009-07-06 01:22:20,0006242035,Unknown
2009-07-06 01:22:25,00068E1A46,Unknown
2009-07-06 01:22:52,0001F7D573,Unknown
2009-07-06 01:23:10,0006242035,Unknown
2009-07-06 01:23:14,000644514C,Unknown
2009-07-06 01:24:14,0006242035,Unknown
2009-07-06 01:24:22,0001F7D573,Unknown
2009-07-06 01:25:17,00068E3435,Unknown
2009-07-06 01:27:54,00068E1A46,Unknown
2009-07-06 01:29:25,000644514C,Unknown
2009-07-06 01:31:02,00065EB019,Unknown
2009-07-06 01:31:31,00068E0F02,Unknown
2009-07-06 01:32:05,00065EC1B3,Unknown
2009-07-06 01:32:31,00068E17E7,Unknown
2009-07-06 01:33:22,0001F7D573,Unknown
2009-07-06 01:33:33,000697C596,Unknown
2009-07-06 01:34:10,0001F7D573,Unknown
2009-07-06 01:35:15,00068E19F7,Unknown
2009-07-06 01:36:10,00065DD7F6,Unknown
2009-07-06 01:36:18,0006242035,Unknown
2009-07-06 01:39:36,00065D81D3,Unknown
2009-07-06 01:39:38,00068E35E1,Unknown
2009-07-06 01:40:12,00061013E4,Unknown
2009-07-06 01:40:29,00065D81D3,Unknown
2009-07-06 01:40:57,00065D81D3,Unknown
2009-07-06 01:41:16,000697B0DE,Unknown
2009-07-06 01:42:00,00068E0F02,Unknown
2009-07-06 01:42:19,00065D81D3,Unknown
2009-07-06 01:42:38,0001F7D573,Unknown
2009-07-06 01:43:01,00068E17E7,Unknown
2009-07-06 01:43:44,0001F7D573,Unknown
2009-07-06 01:44:07,000697B0DE,Unknown
2009-07-06 01:44:50,00068E19F7,Unknown
2009-07-06 01:45:02,00065EC1B3,Unknown
2009-07-06 01:47:58,0001F7D573,Unknown
2009-07-06 01:48:02,00068E1A46,Unknown
2009-07-06 01:48:33,0001F7D573,Unknown
2009-07-06 01:49:39,00065D81D3,Unknown
2009-07-06 01:50:14,000697B0DE,Unknown
2009-07-06 01:50:51,00065D81D3,Unknown
2009-07-06 01:52:26,000697B0DE,Unknown
2009-07-06 01:53:31,00068EAD8A,Unknown
2009-07-06 01:53:50,00061013E4,Unknown
2009-07-06 01:57:00,000697D368,Unknown
2009-07-06 01:57:04,00065EB019,Unknown
2009-07-06 01:57:11,000697D368,Unknown
2009-07-06 01:58:07,000697C596,Unknown
2009-07-06 01:58:57,00068EAD8A,Unknown
2009-07-06 01:59:13,0001F7D573,Unknown
2009-07-06 02:01:01,0001F7D573,Unknown
2009-07-06 02:02:10,00068E1A46,Unknown
2009-07-06 02:02:53,00065D81D3,Unknown
2009-07-06 02:03:01,00068E3D73,Unknown
2009-07-06 02:03:08,000644514C,Unknown
2009-07-06 02:03:21,000697B0DE,Unknown
2009-07-06 02:03:23,000644514C,Unknown
2009-07-06 02:03:56,00065D81D3,Unknown
2009-07-06 02:05:42,00065D81D3,Unknown
2009-07-06 02:06:15,00065D7D8B,Unknown
2009-07-06 02:06:31,00068E3546,Unknown
2009-07-06 02:06:48,00068E3D73,Unknown
2009-07-06 02:06:50,00065D81D3,Unknown
2009-07-06 02:07:05,00065D81D3,Unknown
2009-07-06 02:07:24,00065D81D3,Unknown
2009-07-06 02:07:31,00068EA92B,Unknown
2009-07-06 02:07:34,00060F600D,Unknown
2009-07-06 02:07:49,000644514C,Unknown
2009-07-06 02:07:57,0001F7D573,Unknown
2009-07-06 02:08:23,000697B0DE,Unknown
2009-07-06 02:08:39,00068E3435,Unknown
2009-07-06 02:08:49,0001F7D573,Unknown
2009-07-06 02:09:26,00065EB019,Unknown
2009-07-06 02:10:39,00068E35E1,Unknown
2009-07-06 02:10:52,0001F7D573,Unknown
2009-07-06 02:11:24,0001F7D573,Unknown
2009-07-06 02:12:07,00068E3546,Unknown
2009-07-06 02:12:08,00068E3D73,Unknown
2009-07-06 02:12:17,00068E2227,Unknown
2009-07-06 02:12:24,00068E3D73,Unknown
2009-07-06 02:13:15,00060F600D,Unknown
2009-07-06 02:14:18,00068E3435,Unknown
2009-07-06 02:18:14,00068EA92B,Unknown
2009-07-06 02:18:20,0001F7D573,Unknown
2009-07-06 02:18:48,0001F7D573,Unknown
2009-07-06 02:19:57,00068E2227,Unknown
2009-07-06 02:21:25,000697D368,Unknown
2009-07-06 02:23:02,00001F5C08,Unknown
2009-07-06 02:24:12,00068E17E7,Unknown
2009-07-06 02:24:54,0001F7D573,Unknown
2009-07-06 02:27:35,00060F66F2,Unknown
2009-07-06 02:27:47,00065D81D3,Unknown
2009-07-06 02:28:08,00001F5C08,Unknown
2009-07-06 02:28:13,0001F7D573,Unknown
2009-07-06 02:29:11,00001F5C08,Unknown
2009-07-06 02:29:36,00068E1A46,Unknown
2009-07-06 02:30:41,00001F5C08,Unknown
2009-07-06 02:30:57,00065D81D3,Unknown
2009-07-06 02:33:17,00001F5C08,Unknown
2009-07-06 02:33:41,00068E19F7,Unknown
2009-07-06 02:34:37,00001F5C08,Unknown
2009-07-06 02:34:47,00065D7D8B,Unknown
2009-07-06 02:36:24,00068E1878,Unknown
2009-07-06 02:37:17,00001F5C08,Unknown
2009-07-06 02:38:27,00001F5C08,Unknown
2009-07-06 02:39:59,000697B0DE,Unknown
2009-07-06 02:40:01,00001F5C08,Unknown
2009-07-06 02:40:12,00001F5C08,Unknown
2009-07-06 02:40:23,00001F5C08,Unknown
2009-07-06 02:40:35,00001F5C08,Unknown
2009-07-06 02:40:49,00001F5C08,Unknown
2009-07-06 02:41:00,00001F5C08,Unknown
2009-07-06 02:41:27,00068E17E7,Unknown
2009-07-06 02:41:31,00068E19F7,Unknown
2009-07-06 02:41:55,000697B0DE,Unknown
2009-07-06 02:42:42,00068E1A46,Unknown
2009-07-06 02:43:33,00068E3D73,Unknown
2009-07-06 02:44:52,00068E1878,Unknown
2009-07-06 02:46:04,000697B0DE,Unknown
2009-07-06 02:46:38,00068E3546,Unknown
2009-07-06 02:47:38,000697B0DE,Unknown
2009-07-06 02:47:41,0001F7D573,Unknown
2009-07-06 02:47:58,0006242035,Unknown
2009-07-06 02:48:20,00068E19F7,Unknown
2009-07-06 02:49:27,00068E19F7,Unknown
2009-07-06 02:49:38,00065D81D3,Unknown
2009-07-06 02:50:34,00065D81D3,Unknown
2009-07-06 02:50:55,00065D81D3,Unknown
2009-07-06 02:50:55,00065EC1B3,Unknown
2009-07-06 02:51:10,00001F5C08,Unknown
2009-07-06 02:51:12,00065D81D3,Unknown
2009-07-06 02:51:27,00065D81D3,Unknown
2009-07-06 02:51:33,000697B0DE,Unknown
2009-07-06 02:52:18,00061013E4,Unknown
2009-07-06 02:52:39,00065D81D3,Unknown
2009-07-06 02:53:42,0001F7D573,Unknown
2009-07-06 02:55:09,00068E17E7,Unknown
2009-07-06 02:55:56,00060F66F2,Unknown
2009-07-06 02:56:30,00068E3435,Unknown
2009-07-06 02:56:45,00068E3546,Unknown
2009-07-06 02:57:39,00065D81D3,Unknown
2009-07-06 02:57:52,00068EAD8A,Unknown
2009-07-06 02:58:18,00065D81D3,Unknown
2009-07-06 02:58:32,00065D81D3,Unknown
2009-07-06 02:58:42,00065EC1B3,Unknown
2009-07-06 03:00:27,00065D81D3,Unknown
2009-07-06 03:00:55,000697B0DE,Unknown
2009-07-06 03:00:57,00065D81D3,Unknown
2009-07-06 03:01:23,00068E3435,Unknown
2009-07-06 03:03:01,0006242035,Unknown
2009-07-06 03:03:50,00068E1A46,Unknown
2009-07-06 03:05:41,000697C596,Unknown
2009-07-06 03:05:42,00068EA92B,Unknown
2009-07-06 03:06:05,00065EB019,Unknown
2009-07-06 03:07:48,00060F66F2,Unknown
2009-07-06 03:09:45,00060F600D,Unknown
2009-07-06 03:10:28,00068E2227,Unknown
2009-07-06 03:10:38,00068E19F7,Unknown
2009-07-06 03:11:56,00068EA92B,Unknown
2009-07-06 03:12:01,00061013E4,Unknown
2009-07-06 03:12:04,00065D81D3,Unknown
2009-07-06 03:12:25,00068E1A46,Unknown
2009-07-06 03:12:49,000697C596,Unknown
2009-07-06 03:13:17,00068E2227,Unknown
2009-07-06 03:13:48,00060F600D,Unknown
2009-07-06 03:14:26,00068EA92B,Unknown
2009-07-06 03:16:06,00068E1878,Unknown
2009-07-06 03:16:11,00068EAD8A,Unknown
2009-07-06 03:17:27,000697C596,Unknown
2009-07-06 03:18:27,00068E19F7,Unknown
2009-07-06 03:19:46,00060F66F2,Unknown
2009-07-06 03:19:51,00068E2227,Unknown
2009-07-06 03:19:56,00065EB019,Unknown
2009-07-06 03:20:11,000697C596,Unknown
2009-07-06 03:21:15,00068E1878,Unknown
2009-07-06 03:23:10,00068E0F02,Unknown
2009-07-06 03:33:37,00068E1A46,Unknown
2009-07-06 03:33:42,00065EC1B3,Unknown
2009-07-06 03:34:05,000697D368,Unknown
2009-07-06 03:34:39,000697D368,Unknown
2009-07-06 03:34:52,00068E3435,Unknown
2009-07-06 03:34:59,00068EA92B,Unknown
2009-07-06 03:36:08,00065EC1B3,Unknown
2009-07-06 03:38:31,0001F7D573,Unknown
2009-07-06 03:38:38,00068EA92B,Unknown
2009-07-06 03:38:51,00060F600D,Unknown
2009-07-06 03:41:06,00068EA92B,Unknown
2009-07-06 03:41:07,00068E3435,Unknown
2009-07-06 03:41:46,00068E0F02,Unknown
2009-07-06 03:42:29,00068E1A46,Unknown
2009-07-06 03:43:11,000697D368,Unknown
2009-07-06 03:43:43,00060F600D,Unknown
2009-07-06 03:45:39,00060F600D,Unknown
2009-07-06 03:45:54,00068E1878,Unknown
2009-07-06 03:46:07,0001F7D573,Unknown
2009-07-06 03:46:11,00068E2227,Unknown
2009-07-06 03:46:35,00060F600D,Unknown
2009-07-06 03:47:11,0006242035,Unknown
2009-07-06 03:47:31,00065EC1B3,Unknown
2009-07-06 03:49:38,00068E1878,Unknown
2009-07-06 03:49:53,00060F600D,Unknown
2009-07-06 03:49:59,00068E1878,Unknown
2009-07-06 03:51:05,0006242035,Unknown
2009-07-06 03:51:30,0006242035,Unknown
2009-07-06 03:51:36,00068E2227,Unknown
2009-07-06 03:52:16,000644514C,Unknown
2009-07-06 03:52:21,00068E2227,Unknown
2009-07-06 03:53:19,00068E35E1,Unknown
2009-07-06 03:53:52,000644514C,Unknown
2009-07-06 03:59:16,0006242035,Unknown
2009-07-06 04:01:46,0006979BE8,Unknown
2009-07-06 04:02:36,00068E1FDB,Unknown
2009-07-06 04:05:01,00068E1FDB,Unknown
2009-07-06 04:09:15,0006979BE8,Unknown
2009-07-06 04:12:17,00068E35E1,Unknown
2009-07-06 04:15:02,00061013E4,Unknown
2009-07-06 04:16:53,00068E0DE6,Unknown
2009-07-06 04:17:46,000644514C,Unknown
2009-07-06 04:17:56,00068E3435,Unknown
2009-07-06 04:18:50,00068EA92B,Unknown
2009-07-06 04:24:58,00068E2227,Unknown
2009-07-06 04:25:00,00068E1A46,Unknown
2009-07-06 04:25:46,00065EB019,Unknown
2009-07-06 04:26:53,00060F66F2,Unknown
2009-07-06 04:29:25,000697C596,Unknown
2009-07-06 04:31:49,0006242035,Unknown
2009-07-06 04:32:31,00068E35E1,Unknown
2009-07-06 04:36:06,0006979BE8,Unknown
2009-07-06 04:37:13,00068E3546,Unknown
2009-07-06 04:37:39,00068E19F7,Unknown
2009-07-06 04:40:14,00065D7D8B,Unknown
2009-07-06 04:40:27,00068EAD8A,Unknown
2009-07-06 04:41:23,00068E3D73,Unknown
2009-07-06 04:42:02,00068E17E7,Unknown
2009-07-06 04:43:11,000697D368,Unknown
2009-07-06 04:44:07,00065D81D3,Unknown
2009-07-06 04:44:10,000697A268,Unknown
2009-07-06 04:44:38,000697B0DE,Unknown
2009-07-06 04:45:09,00001F5C08,Unknown
2009-07-06 04:45:18,00060F600D,Unknown
2009-07-06 04:46:22,00068E1878,Unknown
2009-07-06 04:46:35,00068E1C26,Unknown
2009-07-06 04:47:04,00061013E4,Unknown
2009-07-06 04:48:25,00068E1FDB,Unknown
2009-07-06 04:48:38,0006979ABE,Unknown
2009-07-06 04:50:29,0001F7D573,Unknown
2009-07-06 04:51:18,0000F8007E,Unknown
2009-07-06 04:51:27,00065EC1B3,Unknown
2009-07-06 04:52:57,00068E0F02,Unknown
2009-07-06 04:53:13,00065EC1B3,Unknown
2009-07-06 04:57:31,0006979B84,Unknown
2009-07-06 06:09:09,00068E1A46,Unknown
2009-07-06 06:10:50,000697D368,Unknown
2009-07-06 06:28:26,00001F5C08,Unknown
2009-07-06 06:43:09,00068E3546,Unknown
2009-07-06 08:00:14,0006242035,Unknown
2009-07-06 08:23:09,00068E1A46,Unknown
2009-07-06 08:32:26,00065E632D,Unknown
2009-07-06 08:34:19,00068E3435,Unknown
2009-07-06 08:34:34,00068E3435,Unknown
2009-07-06 08:57:00,00065E632D,Unknown
2009-07-06 09:05:02,00065E632D,Unknown
2009-07-06 09:18:11,00065E632D,Unknown
2009-07-06 09:27:22,00065E632D,Unknown
2009-07-06 14:11:15,8E602D0D0F,Unknown
2009-07-06 14:23:38,8E602D0D0F,Unknown
2009-07-06 15:17:52,8E602D0D0F,Unknown
2009-07-06 17:45:27,8E602D0D0F,Unknown
2009-07-06 17:54:04,8E602D0D0F,Unknown
2009-07-06 17:54:41,00068EA92B,Unknown
2009-07-06 17:55:14,00068EA92B,Unknown
2009-07-06 18:13:13,000697C596,Unknown
2009-07-06 18:13:33,000697C596,Unknown
2009-07-06 18:25:03,000697D368,Unknown
2009-07-06 18:27:52,8E602D0D0F,Unknown
2009-07-06 18:28:20,00001F5C08,Unknown
2009-07-06 18:47:01,00068E1A38,Unknown
2009-07-06 19:17:51,000697C596,Unknown
2009-07-06 19:17:55,00068E3435,Unknown
2009-07-06 21:20:17,00068E3546,Unknown
2009-07-06 21:22:02,00068EA92B,Unknown
2009-07-06 21:27:04,00060D7AE7,Unknown
2009-07-06 21:27:15,00060D7AE7,Unknown
2009-07-06 21:27:54,00060D7AE7,Unknown
2009-07-06 21:29:47,000697BE7E,Unknown
2009-07-06 21:31:38,000697BE7E,Unknown
2009-07-06 21:32:07,000697BE7E,Unknown
2009-07-06 21:32:10,00060D7AE7,Unknown
2009-07-06 21:32:38,00068E0587,Unknown
2009-07-06 21:33:06,00068E0587,Unknown
2009-07-06 21:33:49,00068E2227,Unknown
2009-07-06 21:34:01,00068E0587,Unknown
2009-07-06 21:34:59,0006160637,Unknown
2009-07-06 21:35:57,0006444F30,Unknown
2009-07-06 21:36:09,00065EB6E2,Unknown
2009-07-06 21:36:33,00068E3862,Unknown
2009-07-06 21:37:32,00068E2227,Unknown
2009-07-06 21:37:51,000697D368,Unknown
2009-07-06 21:37:54,00068E3D57,Unknown
2009-07-06 21:38:49,000697D368,Unknown
2009-07-06 21:38:50,00068E3546,Unknown
2009-07-06 21:39:42,00068E1878,Unknown
2009-07-06 21:40:02,00068E1878,Unknown
2009-07-06 21:40:12,00068E1A46,Unknown
2009-07-06 21:40:52,00068E19F7,Unknown
2009-07-06 21:41:03,00068E3435,Unknown
2009-07-06 21:41:13,0005FE0832,Unknown
2009-07-06 21:41:20,00065EB019,Unknown
2009-07-06 21:41:27,00060F66F2,Unknown
2009-07-06 21:41:31,000697C596,Unknown
2009-07-06 21:41:51,000697A268,Unknown
2009-07-06 21:42:10,0006979BE8,Unknown
2009-07-06 21:42:15,00068E3D73,Unknown
2009-07-06 21:42:25,0006979C67,Unknown
2009-07-06 21:42:31,00061D3DC5,Unknown
2009-07-06 21:42:34,00061013E4,Unknown
2009-07-06 21:42:36,0006979C67,Unknown
2009-07-06 21:42:40,0001F7D573,Unknown
2009-07-06 21:42:47,00068E2063,Unknown
2009-07-06 21:43:01,00068E35E1,Unknown
2009-07-06 21:43:23,00065D9BC6,Unknown
2009-07-06 21:45:27,00068E1C26,Unknown
2009-07-06 21:45:40,00068E1A38,Unknown
2009-07-06 21:46:37,00060FA7EA,Unknown
2009-07-06 21:46:47,0006979ABE,Unknown
2009-07-06 21:47:02,0006979ABE,Unknown
2009-07-06 21:47:09,00068E0F02,Unknown
2009-07-06 21:47:21,00068E0DE6,Unknown
2009-07-06 21:48:07,0006979D37,Unknown
2009-07-06 21:48:12,00060F600D,Unknown
2009-07-06 21:49:47,0006242035,Unknown
2009-07-06 21:50:01,00065D81D3,Unknown
2009-07-06 21:50:29,000644514C,Unknown
2009-07-06 21:50:48,00068E1FDB,Unknown
2009-07-06 21:50:53,00068E17E7,Unknown
2009-07-06 21:51:47,00068EAD8A,Unknown
2009-07-06 21:53:23,00001F5C08,Unknown
2009-07-06 21:54:36,0006979B84,Unknown
2009-07-06 21:54:52,0006979B84,Unknown
2009-07-06 21:55:40,00065D7D8B,Unknown
2009-07-06 22:00:08,000697B0DE,Unknown
2009-07-06 22:24:13,00065D9BC6,Unknown
2009-07-06 22:24:26,00065D9BC6,Unknown
2009-07-06 22:25:08,00068E3862,Unknown
2009-07-06 22:38:50,00065D9BC6,Unknown
2009-07-06 22:39:23,00068E3862,Unknown
2009-07-06 22:39:49,00065D9BC6,Unknown
2009-07-06 22:40:19,00068E2227,Unknown
2009-07-06 22:42:00,00065EB019,Unknown
2009-07-06 22:42:09,00068E1A46,Unknown
2009-07-06 22:42:53,0006242035,Unknown
2009-07-06 22:44:57,00060F600D,Unknown
2009-07-06 22:46:45,00068E3862,Unknown
2009-07-06 22:47:49,00060F66F2,Unknown
2009-07-06 22:50:48,000697BE7E,Unknown
2009-07-06 22:51:04,00068E1A46,Unknown
2009-07-06 22:52:02,00068E1878,Unknown
2009-07-06 22:52:11,0006242035,Unknown
2009-07-06 22:52:18,00065EB019,Unknown
2009-07-06 22:52:35,0006242035,Unknown
2009-07-06 22:53:01,0006242035,Unknown
2009-07-06 22:53:13,00061013E4,Unknown
2009-07-06 22:54:31,00068E2227,Unknown
2009-07-06 22:54:50,00060F600D,Unknown
2009-07-06 22:55:06,00060F600D,Unknown
2009-07-06 22:56:22,00060F600D,Unknown
2009-07-06 23:02:39,00068E2227,Unknown
2009-07-06 23:02:44,000697D368,Unknown
2009-07-06 23:04:08,00068E3435,Unknown
2009-07-06 23:05:14,00065EB019,Unknown
2009-07-06 23:08:19,00068E1878,Unknown
2009-07-06 23:08:21,00065D9BC6,Unknown
2009-07-06 23:09:46,00068E2227,Unknown
2009-07-06 23:09:51,00068E3862,Unknown
2009-07-06 23:10:05,00068E3862,Unknown
2009-07-06 23:10:23,00068E3862,Unknown
2009-07-06 23:10:38,00068E3862,Unknown
2009-07-06 23:10:43,00068E17E7,Unknown
2009-07-06 23:11:25,00065D9BC6,Unknown
2009-07-06 23:16:24,00068E3862,Unknown
2009-07-06 23:17:55,00065EB019,Unknown
2009-07-06 23:18:00,00068E3435,Unknown
2009-07-06 23:19:15,0006242035,Unknown
2009-07-06 23:19:57,00065D9BC6,Unknown
2009-07-06 23:20:34,0006242035,Unknown
2009-07-06 23:24:11,000697BE7E,Unknown
2009-07-06 23:25:51,00068E17E7,Unknown
2009-07-06 23:27:45,00061013E4,Unknown
2009-07-06 23:28:07,00061013E4,Unknown
2009-07-06 23:28:19,00060F66F2,Unknown
2009-07-06 23:28:21,000697D368,Unknown
2009-07-06 23:35:40,00068E3435,Unknown
2009-07-06 23:43:45,00068E3435,Unknown
2009-07-06 23:43:53,00065D7D8B,Unknown
2009-07-06 23:44:56,00060D7AE7,Unknown
2009-07-06 23:47:41,00001F5C08,Unknown
2009-07-06 23:50:27,0006242035,Unknown
2009-07-06 23:54:23,00068EA92B,Unknown
2009-07-06 23:55:49,0006979C67,Unknown
2009-07-06 23:57:11,00068E1A46,Unknown
2009-07-06 23:59:28,0006444F30,Unknown
2009-07-07 00:02:23,00068E2227,Unknown
2009-07-07 00:02:35,0006979C67,Unknown
2009-07-07 00:05:44,00068E3546,Unknown
2009-07-07 00:06:36,00065EC1B3,Unknown
2009-07-07 00:08:18,0006242035,Unknown
2009-07-07 00:08:23,00068E1A46,Unknown
2009-07-07 00:10:32,00001F5C08,Unknown
2009-07-07 00:11:01,0006979BE8,Unknown
2009-07-07 00:12:21,00068E2227,Unknown
2009-07-07 00:12:59,0006979BE8,Unknown
2009-07-07 00:14:22,00060D7AE7,Unknown
2009-07-07 00:17:03,00060F66F2,Unknown
2009-07-07 00:17:41,000697C596,Unknown
2009-07-07 00:17:56,00068E3546,Unknown
2009-07-07 00:19:48,0001F7D573,Unknown
2009-07-07 00:20:19,00060D7AE7,Unknown
2009-07-07 00:21:34,00065D81D3,Unknown
2009-07-07 00:22:57,0006444F30,Unknown
2009-07-07 00:23:06,0001F7D573,Unknown
2009-07-07 00:23:15,000697C596,Unknown
2009-07-07 00:23:49,00065D7D8B,Unknown
2009-07-07 00:24:42,00065EC1B3,Unknown
2009-07-07 00:25:36,00068EAD8A,Unknown
2009-07-07 00:27:29,00068E19F7,Unknown
2009-07-07 00:27:41,000697C596,Unknown
2009-07-07 00:32:33,00068E1878,Unknown
2009-07-07 00:32:50,00065EB019,Unknown
2009-07-07 00:32:53,00068E2227,Unknown
2009-07-07 00:33:46,00068E1A46,Unknown
2009-07-07 00:33:51,0001F7D573,Unknown
2009-07-07 00:34:06,00068E1FDB,Unknown
2009-07-07 00:34:38,00068E3D73,Unknown
2009-07-07 00:36:17,00068E3435,Unknown
2009-07-07 00:36:38,00065D7D8B,Unknown
2009-07-07 00:37:33,0006979BE8,Unknown
2009-07-07 00:37:42,000697B0DE,Unknown
2009-07-07 00:37:43,00068E17E7,Unknown
2009-07-07 00:38:15,000697C596,Unknown
2009-07-07 00:39:02,00001F5C08,Unknown
2009-07-07 00:39:38,00060F600D,Unknown
2009-07-07 00:39:56,00068E1A46,Unknown
2009-07-07 00:40:03,0001F7D573,Unknown
2009-07-07 00:41:46,000697BE7E,Unknown
2009-07-07 00:42:25,00068E0F02,Unknown
2009-07-07 00:44:54,00061013E4,Unknown
2009-07-07 00:45:31,00068E1878,Unknown
2009-07-07 00:45:35,000697D368,Unknown
2009-07-07 00:46:38,00068E19F7,Unknown
2009-07-07 00:50:34,00068E3435,Unknown
2009-07-07 00:51:54,000644514C,Unknown
2009-07-07 00:53:06,00068E3D57,Unknown
2009-07-07 00:53:09,00065D9BC6,Unknown
2009-07-07 00:53:24,00065DD7F6,Unknown
2009-07-07 00:56:39,00068E1878,Unknown
2009-07-07 00:56:44,00068EA92B,Unknown
2009-07-07 00:57:40,00065D81D3,Unknown
2009-07-07 00:57:57,00060F66F2,Unknown
2009-07-07 00:58:09,00068EAD8A,Unknown
2009-07-07 00:59:57,00060D7AE7,Unknown
2009-07-07 01:00:55,00068E35E1,Unknown
2009-07-07 01:01:07,00060F600D,Unknown
2009-07-07 01:01:31,00068E0F02,Unknown
2009-07-07 01:02:55,00065EB019,Unknown
2009-07-07 01:02:58,00068E2227,Unknown
2009-07-07 01:05:19,00068E3546,Unknown
2009-07-07 01:08:23,0006242035,Unknown
2009-07-07 01:10:21,00061013E4,Unknown
2009-07-07 01:10:44,00068E19F7,Unknown
2009-07-07 01:14:39,00068E3862,Unknown
2009-07-07 01:14:49,0005FE0832,Unknown
2009-07-07 01:15:13,0006979BE8,Unknown
2009-07-07 01:15:22,000697B0DE,Unknown
2009-07-07 01:15:24,00065DD7F6,Unknown
2009-07-07 01:16:02,00065D9BC6,Unknown
2009-07-07 01:16:18,00068E3D57,Unknown
2009-07-07 01:18:39,00065DD7F6,Unknown
2009-07-07 01:18:41,000697BE7E,Unknown
2009-07-07 01:20:19,00068E0587,Unknown
2009-07-07 01:23:30,0001F7D573,Unknown
2009-07-07 01:25:30,00068E3D73,Unknown
2009-07-07 01:28:13,00068E3D73,Unknown
2009-07-07 01:29:04,00068E17E7,Unknown
2009-07-07 01:29:13,00065D7D8B,Unknown
2009-07-07 01:30:39,00068EA92B,Unknown
2009-07-07 01:34:31,00068E3546,Unknown
2009-07-07 01:34:46,0006242035,Unknown
2009-07-07 01:35:59,00068E3862,Unknown
2009-07-07 01:36:12,00068E19F7,Unknown
2009-07-07 01:37:19,000644514C,Unknown
2009-07-07 01:38:42,00001F5C08,Unknown
2009-07-07 01:39:30,00068E3435,Unknown
2009-07-07 01:41:16,000697D368,Unknown
2009-07-07 01:41:38,0001F7D573,Unknown
2009-07-07 01:42:50,00068E35E1,Unknown
2009-07-07 01:45:31,00068E3435,Unknown
2009-07-07 01:46:50,00068E19F7,Unknown
2009-07-07 01:48:41,000697B0DE,Unknown
2009-07-07 01:50:27,0005FE0832,Unknown
2009-07-07 01:53:19,00068E1A46,Unknown
2009-07-07 01:55:29,00060F600D,Unknown
2009-07-07 01:55:48,0006979C67,Unknown
2009-07-07 01:57:14,00068E0587,Unknown
2009-07-07 02:00:23,0006444F30,Unknown
2009-07-07 02:02:19,000697BE7E,Unknown
2009-07-07 02:02:48,00065EC1B3,Unknown
2009-07-07 02:04:43,00061013E4,Unknown
2009-07-07 02:05:05,00068E19F7,Unknown
2009-07-07 02:08:14,00068E3D73,Unknown
2009-07-07 02:08:33,000697B0DE,Unknown
2009-07-07 02:10:11,00065EC1B3,Unknown
2009-07-07 02:12:26,00065DD7F6,Unknown
2009-07-07 02:14:57,000697B0DE,Unknown
2009-07-07 02:17:41,00068E1A46,Unknown
2009-07-07 02:19:49,00060F600D,Unknown
2009-07-07 02:20:17,00068E2063,Unknown
2009-07-07 02:20:58,0006160637,Unknown
2009-07-07 02:21:01,00068EA92B,Unknown
2009-07-07 02:21:16,0006160637,Unknown
2009-07-07 02:21:29,0006160637,Unknown
2009-07-07 02:22:20,000697C596,Unknown
2009-07-07 02:22:32,0006979C67,Unknown
2009-07-07 02:23:15,000697BE7E,Unknown
2009-07-07 02:23:27,00068E1FDB,Unknown
2009-07-07 02:23:59,000697D368,Unknown
2009-07-07 02:25:02,00065D81D3,Unknown
2009-07-07 02:26:16,000697B0DE,Unknown
2009-07-07 02:28:03,00065EB019,Unknown
2009-07-07 02:29:04,000697B0DE,Unknown
2009-07-07 02:30:08,00068E3546,Unknown
2009-07-07 02:31:25,00060F66F2,Unknown
2009-07-07 02:32:27,000697B0DE,Unknown
2009-07-07 02:33:11,00068E3435,Unknown
2009-07-07 02:35:16,000697B0DE,Unknown
2009-07-07 02:35:16,00068E2063,Unknown
2009-07-07 02:36:05,000697C596,Unknown
2009-07-07 02:39:38,00068E3435,Unknown
2009-07-07 02:40:47,00060FA7EA,Unknown
2009-07-07 02:41:16,000697B0DE,Unknown
2009-07-07 02:41:18,00068E1878,Unknown
2009-07-07 02:43:05,00061013E4,Unknown
2009-07-07 02:44:11,00068E3546,Unknown
2009-07-07 02:47:05,00065D81D3,Unknown
2009-07-07 02:47:15,0006444F30,Unknown
2009-07-07 02:49:56,0006160637,Unknown
2009-07-07 02:49:59,00060FA7EA,Unknown
2009-07-07 02:50:39,00068E17E7,Unknown
2009-07-07 02:52:31,00068E3D57,Unknown
2009-07-07 02:53:10,00068EA92B,Unknown
2009-07-07 02:54:14,00068E1878,Unknown
2009-07-07 02:56:31,00060F66F2,Unknown
2009-07-07 02:56:35,0001F7D573,Unknown
2009-07-07 03:00:10,00068E0587,Unknown
2009-07-07 03:02:19,00065D7D8B,Unknown
2009-07-07 03:02:37,00068EAD8A,Unknown
2009-07-07 03:03:09,00068E3435,Unknown
2009-07-07 03:03:50,0006979BE8,Unknown
2009-07-07 03:04:21,00068E1FDB,Unknown
2009-07-07 03:05:21,000697D368,Unknown
2009-07-07 03:07:13,0001F7D573,Unknown
2009-07-07 03:10:19,00061D27AC,Unknown
2009-07-07 03:10:22,00068E3D57,Unknown
2009-07-07 03:12:47,00068E3435,Unknown
2009-07-07 03:13:06,00065EC1B3,Unknown
2009-07-07 03:14:40,00060D7AE7,Unknown
2009-07-07 03:15:14,0006242035,Unknown
2009-07-07 03:15:23,00068E0587,Unknown
2009-07-07 03:15:23,00061D27AC,Unknown
2009-07-07 03:16:27,0006979BE8,Unknown
2009-07-07 03:16:41,00061013E4,Unknown
2009-07-07 03:17:00,00068E17E7,Unknown
2009-07-07 03:20:08,00068E2227,Unknown
2009-07-07 03:21:33,00065EC1B3,Unknown
2009-07-07 03:21:36,00065D9BC6,Unknown
2009-07-07 03:22:07,00068EA92B,Unknown
2009-07-07 03:22:48,00068E0587,Unknown
2009-07-07 03:23:22,00068E1A46,Unknown
2009-07-07 03:24:20,0005FE0832,Unknown
2009-07-07 03:24:36,00068E3862,Unknown
2009-07-07 03:25:15,00060FA7EA,Unknown
2009-07-07 03:25:19,00068E2227,Unknown
2009-07-07 03:26:13,00068E2227,Unknown
2009-07-07 03:26:15,00068E0587,Unknown
2009-07-07 03:28:15,00068EAD8A,Unknown
2009-07-07 03:28:18,00068E1FDB,Unknown
2009-07-07 03:29:22,00001F5C08,Unknown
2009-07-07 03:29:55,0006242035,Unknown
2009-07-07 03:30:58,00065D7D8B,Unknown
2009-07-07 03:31:28,000644514C,Unknown
2009-07-07 03:31:46,00068E1A46,Unknown
2009-07-07 03:34:07,000644514C,Unknown
2009-07-07 03:40:27,0006444F30,Unknown
2009-07-07 03:40:59,00061013E4,Unknown
2009-07-07 03:44:14,00068E3862,Unknown
2009-07-07 03:47:09,00001F5C08,Unknown
2009-07-07 03:47:23,00060D7AE7,Unknown
2009-07-07 03:47:34,00068E2227,Unknown
2009-07-07 03:49:02,0005FE0832,Unknown
2009-07-07 03:51:57,0006444F30,Unknown
2009-07-07 03:52:32,000697BE7E,Unknown
2009-07-07 03:53:07,00065D9BC6,Unknown
2009-07-07 03:53:11,00060FA7EA,Unknown
2009-07-07 03:56:35,00068E35E1,Unknown
2009-07-07 04:01:39,00068E2227,Unknown
2009-07-07 04:07:20,00060FA7EA,Unknown
2009-07-07 04:08:25,000697BE7E,Unknown
2009-07-07 04:25:35,00068E35E1,Unknown
2009-07-07 04:32:16,0006242035,Unknown
2009-07-07 04:32:50,000697A268,Unknown
2009-07-07 04:34:16,00068E3D57,Unknown
2009-07-07 04:34:45,00065EB019,Unknown
2009-07-07 04:35:09,00065DD7F6,Unknown
2009-07-07 04:35:12,0006979B84,Unknown
2009-07-07 04:38:06,00068E2063,Unknown
2009-07-07 04:38:09,00068E1A46,Unknown
2009-07-07 04:38:17,00065EB6E2,Unknown
2009-07-07 04:39:05,0006242035,Unknown
2009-07-07 04:39:16,00068EAD8A,Unknown
2009-07-07 04:39:27,00068E3D73,Unknown
2009-07-07 04:41:02,00061D27AC,Unknown
2009-07-07 04:41:46,00068E1A46,Unknown
2009-07-07 04:43:38,000697BE7E,Unknown
2009-07-07 04:44:13,000697B0DE,Unknown
2009-07-07 04:44:14,000697C596,Unknown
2009-07-07 04:46:09,00068E0DE6,Unknown
2009-07-07 04:46:39,0006979C67,Unknown
2009-07-07 04:47:30,00061013E4,Unknown
2009-07-07 04:48:56,00065D9BC6,Unknown
2009-07-07 04:49:24,00060F66F2,Unknown
2009-07-07 04:49:27,0006979BE8,Unknown
2009-07-07 04:50:12,00068E3862,Unknown
2009-07-07 04:50:26,00060D7AE7,Unknown
2009-07-07 04:51:03,00065EC1B3,Unknown
2009-07-07 04:52:00,00068E19F7,Unknown
2009-07-07 04:52:04,00068E1FDB,Unknown
2009-07-07 04:53:41,0006444F30,Unknown
2009-07-07 04:53:49,00068E35E1,Unknown
2009-07-07 04:54:27,0005FE0832,Unknown
2009-07-07 04:54:59,00068E17E7,Unknown
2009-07-07 04:55:18,00068E1A38,Unknown
2009-07-07 04:55:29,0006160637,Unknown
2009-07-07 04:56:42,0006979ABE,Unknown
2009-07-07 04:56:49,00068E3435,Unknown
2009-07-07 04:57:15,00068E0F02,Unknown
2009-07-07 04:57:56,00068E3546,Unknown
2009-07-07 04:58:16,00065D7D8B,Unknown
2009-07-07 04:59:21,0006979D37,Unknown
2009-07-07 05:00:32,000697D368,Unknown
2009-07-07 05:01:07,00068E1878,Unknown
2009-07-07 05:01:08,00060F600D,Unknown
2009-07-07 05:01:29,000644514C,Unknown
2009-07-07 05:03:14,00001F5C08,Unknown
2009-07-07 05:05:18,00068E1A46,Unknown
2009-07-07 05:05:41,00065D81D3,Unknown
2009-07-07 05:07:22,0001F7D573,Unknown
2009-07-07 05:08:00,00068E0587,Unknown
2009-07-07 05:08:49,00068E2227,Unknown
2009-07-07 05:16:23,0006242035,Unknown
2009-07-07 05:17:11,00068EA92B,Unknown
2009-07-07 06:14:25,000697C596,Unknown
2009-07-07 06:29:46,00001F5C08,Unknown
2009-07-07 07:31:31,00068E3435,Unknown
2009-07-07 07:31:38,00068EA92B,Unknown
2009-07-07 08:36:17,00065E632D,Unknown
2009-07-07 08:45:30,00068E3435,Unknown
2009-07-07 09:36:24,00065E632D,Unknown
2009-07-07 09:37:30,00065E632D,Unknown
2009-07-07 09:44:43,00065E632D,Unknown
2009-07-07 11:08:38,8E602D0D0F,Unknown
2009-07-07 11:23:36,8E602D0D0F,Unknown
2009-07-07 18:29:04,8E602D0D0F,Unknown
2009-07-07 18:29:29,00068E1A46,Unknown
2009-07-07 18:37:10,8E602D0D0F,Unknown
2009-07-07 19:07:04,8E602D0D0F,Unknown
2009-07-07 21:19:51,0005FE0832,Unknown
2009-07-07 21:20:06,0005FE0832,Unknown
2009-07-07 21:22:30,0005FE0832,Unknown
2009-07-07 21:22:41,0005FE0832,Unknown
2009-07-07 21:24:23,000697BE7E,Unknown
2009-07-07 21:25:10,000697BE7E,Unknown
2009-07-07 21:25:14,0005FE0832,Unknown
2009-07-07 21:26:13,00068E2063,Unknown
2009-07-07 21:27:55,00065EB6E2,Unknown
2009-07-07 21:28:14,00068E17E7,Unknown
2009-07-07 21:29:08,00060D7AE7,Unknown
2009-07-07 21:29:33,00068E1A38,Unknown
2009-07-07 21:32:29,00068E3862,Unknown
2009-07-07 21:34:58,00068E3435,Unknown
2009-07-07 21:36:17,00068E1878,Unknown
2009-07-07 21:36:30,00068E1878,Unknown
2009-07-07 21:38:04,0005FE0832,Unknown
2009-07-07 21:43:30,00068E1878,Unknown
2009-07-07 21:47:28,000697BE7E,Unknown
2009-07-07 21:47:40,000697BE7E,Unknown
2009-07-07 21:54:35,00068E1878,Unknown
2009-07-07 21:56:56,00065D81D3,Unknown
2009-07-07 21:57:08,00068EAD8A,Unknown
2009-07-07 21:57:09,00065DD7F6,Unknown
2009-07-07 21:57:10,00068E3D73,Unknown
2009-07-07 21:57:45,00068E1878,Unknown
2009-07-07 21:58:01,0006979BE8,Unknown
2009-07-07 21:58:11,0001F7D573,Unknown
2009-07-07 21:58:43,00068E3546,Unknown
2009-07-07 21:58:57,00068E1A38,Unknown
2009-07-07 21:59:05,0005FE0832,Unknown
2009-07-07 21:59:06,00060F66F2,Unknown
2009-07-07 21:59:40,00068E1FDB,Unknown
2009-07-07 21:59:54,00068E1FDB,Unknown
2009-07-07 22:00:04,00068E0F02,Unknown
2009-07-07 22:00:17,0006979B84,Unknown
2009-07-07 22:00:20,00068E1F71,Unknown
2009-07-07 22:00:25,00068E3862,Unknown
2009-07-07 22:00:29,00068E19F7,Unknown
2009-07-07 22:01:10,000697BE7E,Unknown
2009-07-07 22:01:12,00068E19F7,Unknown
2009-07-07 22:01:23,00068E35E1,Unknown
2009-07-07 22:01:33,000697B0DE,Unknown
2009-07-07 22:01:49,00068E3D57,Unknown
2009-07-07 22:02:05,00068E3D57,Unknown
2009-07-07 22:02:16,00068E0587,Unknown
2009-07-07 22:02:20,0006444F30,Unknown
2009-07-07 22:02:24,00065D7D8B,Unknown
2009-07-07 22:02:37,00065D7D8B,Unknown
2009-07-07 22:02:44,000697A268,Unknown
2009-07-07 22:02:46,00068E1A46,Unknown
2009-07-07 22:02:50,00068E3546,Unknown
2009-07-07 22:02:54,0006979D37,Unknown
2009-07-07 22:03:08,0006160637,Unknown
2009-07-07 22:03:36,00061013E4,Unknown
2009-07-07 22:03:46,000697C596,Unknown
2009-07-07 22:03:46,0006979ABE,Unknown
2009-07-07 22:06:36,0006242035,Unknown
2009-07-07 22:07:46,000697BE7E,Unknown
2009-07-07 22:07:49,00060FA7EA,Unknown
2009-07-07 22:08:15,00065D9BC6,Unknown
2009-07-07 22:08:35,00068E2227,Unknown
2009-07-07 22:10:11,00061D27AC,Unknown
2009-07-07 22:10:16,0006979C67,Unknown
2009-07-07 22:10:39,0006979C67,Unknown
2009-07-07 22:10:39,00068EA92B,Unknown
2009-07-07 22:11:39,00068E0DE6,Unknown
2009-07-07 22:14:47,00068E3435,Unknown
2009-07-07 22:16:01,00065EB019,Unknown
2009-07-07 22:16:53,00060F600D,Unknown
2009-07-07 22:17:04,00060F600D,Unknown
2009-07-07 22:17:10,00068EA92B,Unknown
2009-07-07 22:17:23,00060F600D,Unknown
2009-07-07 22:20:13,000644514C,Unknown
2009-07-07 22:22:19,00068E1A46,Unknown
2009-07-07 22:22:46,000697D368,Unknown
2009-07-07 22:23:01,00001F5C08,Unknown
2009-07-07 22:23:21,00065EC1B3,Unknown
2009-07-07 22:27:45,0005FE0832,Unknown
2009-07-07 22:30:30,0005FE0832,Unknown
2009-07-07 22:30:42,0005FE0832,Unknown
2009-07-07 22:34:57,0006242035,Unknown
2009-07-07 22:36:45,0005FE0832,Unknown
2009-07-07 22:37:42,0005FE0832,Unknown
2009-07-07 22:38:27,00068E3546,Unknown
2009-07-07 22:38:38,00068E1A46,Unknown
2009-07-07 22:38:39,00068E3435,Unknown
2009-07-07 22:38:56,0005FE0832,Unknown
2009-07-07 22:40:55,0005FE0832,Unknown
2009-07-07 22:43:31,00060F600D,Unknown
2009-07-07 22:46:56,00068E3435,Unknown
2009-07-07 22:54:41,0006242035,Unknown
2009-07-07 22:57:20,00060F600D,Unknown
2009-07-07 23:00:27,00068E3546,Unknown
2009-07-07 23:02:04,00068E3546,Unknown
2009-07-07 23:02:17,0001F7D573,Unknown
2009-07-07 23:02:48,00068E17E7,Unknown
2009-07-07 23:09:05,00068E1878,Unknown
2009-07-07 23:09:15,0006444F30,Unknown
2009-07-07 23:09:28,0006444F30,Unknown
2009-07-07 23:10:46,00068E3546,Unknown
2009-07-07 23:10:54,0006444F30,Unknown
2009-07-07 23:14:25,0001F7D573,Unknown
2009-07-07 23:15:23,000697C596,Unknown
2009-07-07 23:17:15,00060F66F2,Unknown
2009-07-07 23:17:54,00068E17E7,Unknown
2009-07-07 23:22:06,00060D7AE7,Unknown
2009-07-07 23:22:40,00060F66F2,Unknown
2009-07-07 23:22:41,00068E1878,Unknown
2009-07-07 23:24:31,00060D7AE7,Unknown
2009-07-07 23:29:53,00068E17E7,Unknown
2009-07-07 23:30:23,00068EA92B,Unknown
2009-07-07 23:30:44,00068E2227,Unknown
2009-07-07 23:34:18,000697D368,Unknown
2009-07-07 23:35:32,00065D81D3,Unknown
2009-07-07 23:36:25,00065D81D3,Unknown
2009-07-07 23:37:13,00068E17E7,Unknown
2009-07-07 23:39:11,0006979BE8,Unknown
2009-07-07 23:39:33,000697C596,Unknown
2009-07-07 23:39:39,0006979BE8,Unknown
2009-07-07 23:44:52,00065D81D3,Unknown
2009-07-07 23:45:44,00068E2227,Unknown
2009-07-07 23:46:01,00065D81D3,Unknown
2009-07-07 23:47:48,000697D368,Unknown
2009-07-07 23:48:50,00065D81D3,Unknown
2009-07-07 23:49:55,00068E17E7,Unknown
2009-07-07 23:49:57,00001F5C08,Unknown
2009-07-07 23:50:11,00065D81D3,Unknown
2009-07-07 23:51:08,00068E3435,Unknown
2009-07-07 23:53:11,00061013E4,Unknown
2009-07-07 23:53:42,00068E17E7,Unknown
2009-07-07 23:53:51,000697C596,Unknown
2009-07-07 23:55:09,00061013E4,Unknown
2009-07-07 23:55:31,00061013E4,Unknown
2009-07-07 23:57:48,00065D7D8B,Unknown
2009-07-07 23:58:11,00065EC1B3,Unknown
2009-07-07 23:59:36,000697C596,Unknown
2009-07-08 00:00:16,0006242035,Unknown
2009-07-08 00:02:43,00068E1878,Unknown
2009-07-08 00:02:59,00068E3435,Unknown
2009-07-08 00:12:35,00068E1878,Unknown
2009-07-08 00:15:21,00068E17E7,Unknown
2009-07-08 00:16:24,00068E17E7,Unknown
2009-07-08 00:16:36,00001F5C08,Unknown
2009-07-08 00:17:08,00068E3546,Unknown
2009-07-08 00:19:24,00065EC1B3,Unknown
2009-07-08 00:20:03,00068E2227,Unknown
2009-07-08 00:20:54,00065EB019,Unknown
2009-07-08 00:28:44,000697C596,Unknown
2009-07-08 00:30:37,000697D368,Unknown
2009-07-08 00:36:18,000644514C,Unknown
2009-07-08 00:36:40,00068E3546,Unknown
2009-07-08 00:38:19,00068EA92B,Unknown
2009-07-08 00:39:02,00068E2227,Unknown
2009-07-08 00:40:03,000697C596,Unknown
2009-07-08 00:41:14,0006242035,Unknown
2009-07-08 00:47:16,000644514C,Unknown
2009-07-08 00:48:39,000644514C,Unknown
2009-07-08 00:49:30,00068E1A46,Unknown
2009-07-08 00:50:11,0001F7D573,Unknown
2009-07-08 00:53:51,000644514C,Unknown
2009-07-08 00:54:39,00068EA92B,Unknown
2009-07-08 00:57:26,000697C596,Unknown
2009-07-08 01:01:11,00060F600D,Unknown
2009-07-08 01:04:36,000697C596,Unknown
2009-07-08 01:07:13,00068E3435,Unknown
2009-07-08 01:11:41,00068E19F7,Unknown
2009-07-08 01:12:41,00068E1A46,Unknown
2009-07-08 01:13:39,000697D368,Unknown
2009-07-08 01:19:09,00068E3435,Unknown
2009-07-08 01:20:14,00060F600D,Unknown
2009-07-08 01:20:30,0001F7D573,Unknown
2009-07-08 01:29:41,00068E19F7,Unknown
2009-07-08 01:47:45,00068E1A46,Unknown
2009-07-08 01:49:01,00068E3546,Unknown
2009-07-08 02:00:11,00068E3546,Unknown
2009-07-08 02:03:19,00068E1A46,Unknown
2009-07-08 02:06:04,00068E2227,Unknown
2009-07-08 02:06:34,00068E1878,Unknown
2009-07-08 02:07:43,00065EC1B3,Unknown
2009-07-08 02:13:25,00065EC1B3,Unknown
2009-07-08 02:13:34,00068E3435,Unknown
2009-07-08 02:13:44,00068E1878,Unknown
2009-07-08 02:14:16,0006242035,Unknown
2009-07-08 02:19:34,00065EC1B3,Unknown
2009-07-08 02:20:08,00068E2227,Unknown
2009-07-08 02:26:08,00001F5C08,Unknown
2009-07-08 02:26:45,00068E3435,Unknown
2009-07-08 02:29:11,00065EB019,Unknown
2009-07-08 02:32:19,000697D368,Unknown
2009-07-08 02:35:22,0001F7D573,Unknown
2009-07-08 02:42:59,00001F5C08,Unknown
2009-07-08 02:43:49,00068E1A46,Unknown
2009-07-08 02:46:02,00068EA92B,Unknown
2009-07-08 02:47:38,0001F7D573,Unknown
2009-07-08 02:48:42,000697D368,Unknown
2009-07-08 02:49:37,0006242035,Unknown
2009-07-08 02:51:59,00060F600D,Unknown
2009-07-08 02:55:21,000697C596,Unknown
2009-07-08 03:01:16,000697C596,Unknown
2009-07-08 03:02:48,00068E1A46,Unknown
2009-07-08 03:05:28,000697C596,Unknown
2009-07-08 03:05:45,00065EC1B3,Unknown
2009-07-08 03:09:14,00068E2227,Unknown
2009-07-08 03:10:31,00068E1878,Unknown
2009-07-08 03:11:44,00060F600D,Unknown
2009-07-08 03:17:37,00068E1A46,Unknown
2009-07-08 03:17:53,00068E1878,Unknown
2009-07-08 03:19:28,000697C596,Unknown
2009-07-08 03:19:43,00065EB019,Unknown
2009-07-08 03:21:12,00068E2227,Unknown
2009-07-08 03:23:27,00065EC1B3,Unknown
2009-07-08 03:26:48,00068E1A46,Unknown
2009-07-08 03:27:35,00068E3435,Unknown
2009-07-08 03:27:41,00068EA92B,Unknown
2009-07-08 03:32:58,00068E3435,Unknown
2009-07-08 03:43:32,00068E19F7,Unknown
2009-07-08 03:53:35,00068E19F7,Unknown
2009-07-08 04:01:35,00060F600D,Unknown
2009-07-08 04:02:30,0001F7D573,Unknown
2009-07-08 04:04:43,00068E1A46,Unknown
2009-07-08 04:07:41,00001F5C08,Unknown
2009-07-08 04:16:02,00068E1A46,Unknown
2009-07-08 04:18:21,0001F7D573,Unknown
2009-07-08 04:19:17,00060F600D,Unknown
2009-07-08 04:19:24,00001F5C08,Unknown
2009-07-08 04:27:39,000644514C,Unknown
2009-07-08 04:30:09,000644514C,Unknown
2009-07-08 04:35:40,000644514C,Unknown
2009-07-08 04:35:51,000697C596,Unknown
2009-07-08 04:55:21,00060F600D,Unknown
2009-07-08 04:57:21,0000F8007E,Unknown
2009-07-08 04:57:34,0000F8007E,Unknown
2009-07-08 04:58:45,00065EB019,Unknown
2009-07-08 04:59:20,00068EA92B,Unknown
2009-07-08 04:59:22,000697C596,Unknown
2009-07-08 05:01:59,00068E3546,Unknown
2009-07-08 05:02:39,00068E1878,Unknown
2009-07-08 05:03:38,00065EC1B3,Unknown
2009-07-08 05:04:05,00068E19F7,Unknown
2009-07-08 05:04:31,00068E3435,Unknown
2009-07-08 05:06:42,00068E3546,Unknown
2009-07-08 05:07:20,000644514C,Unknown
2009-07-08 05:09:11,000697D368,Unknown
2009-07-08 05:09:32,00068E1A46,Unknown
2009-07-08 05:09:55,0001F7D573,Unknown
2009-07-08 05:11:35,00001F5C08,Unknown
2009-07-08 05:11:40,00068E2227,Unknown
2009-07-08 05:17:05,0006242035,Unknown
2009-07-08 05:18:58,0006242035,Unknown
2009-07-08 05:26:13,00068E1A46,Unknown
2009-07-08 05:26:26,00060F600D,Unknown
2009-07-08 05:26:57,0006242035,Unknown
2009-07-08 06:44:37,00068E2227,Unknown
2009-07-08 07:18:39,0000F8007E,Unknown
2009-07-08 08:42:53,00065E632D,Unknown
2009-07-08 09:45:14,00065E632D,Unknown
2009-07-08 09:46:15,00065E632D,Unknown
2009-07-08 09:52:01,00065E632D,Unknown
2009-07-08 10:35:27,8E602D0D0F,Unknown
2009-07-08 10:49:35,8E602D0D0F,Unknown
2009-07-08 19:52:03,00065E632D,Unknown
2009-07-08 19:52:17,00065E632D,Unknown
2009-07-08 20:15:06,8E602D0D0F,Unknown
2009-07-08 20:16:58,00065E632D,Unknown
2009-07-08 20:43:24,00001F5C08,Unknown
2009-07-08 20:43:39,00001F5C08,Unknown
2009-07-08 20:48:24,8E602D0D0F,Unknown
2009-07-08 20:49:27,00065E632D,Unknown
2009-07-08 20:49:41,00068E3D57,Unknown
2009-07-08 21:24:07,00068E3862,Unknown
2009-07-08 21:25:44,00065EB6E2,Unknown
2009-07-08 21:46:50,00065D81D3,Unknown
2009-07-08 21:47:05,00065D81D3,Unknown
2009-07-08 21:55:51,000697BE7E,Unknown
2009-07-08 21:56:03,000697BE7E,Unknown
2009-07-08 21:56:20,000697BE7E,Unknown
2009-07-08 21:56:49,000697BE7E,Unknown
2009-07-08 21:57:09,000697BE7E,Unknown
2009-07-08 21:57:32,000697BE7E,Unknown
2009-07-08 21:58:03,000697BE7E,Unknown
2009-07-08 21:58:30,00068E3862,Unknown
2009-07-08 21:58:41,00068E3862,Unknown
2009-07-08 21:58:56,0006160637,Unknown
2009-07-08 21:59:47,0006160637,Unknown
2009-07-08 22:00:01,0006160637,Unknown
2009-07-08 22:00:12,0006160637,Unknown
2009-07-08 22:00:24,0006160637,Unknown
2009-07-08 22:01:00,00068E1FDB,Unknown
2009-07-08 22:04:17,00068EAD8A,Unknown
2009-07-08 22:04:22,00068E17E7,Unknown
2009-07-08 22:04:37,00068EAD8A,Unknown
2009-07-08 22:04:51,00068EAD8A,Unknown
2009-07-08 22:05:03,00068EAD8A,Unknown
2009-07-08 22:05:44,00060FA7EA,Unknown
2009-07-08 22:06:43,00068E3D57,Unknown
2009-07-08 22:08:36,0005FE0832,Unknown
2009-07-08 22:08:56,0005FE0832,Unknown
2009-07-08 22:09:19,0005FE0832,Unknown
2009-07-08 22:14:02,0006979D37,Unknown
2009-07-08 22:14:14,0006979D37,Unknown
2009-07-08 22:15:07,00068E3D57,Unknown
2009-07-08 22:15:09,00068E3D73,Unknown
2009-07-08 22:15:11,00065DD7F6,Unknown
2009-07-08 22:15:18,00060D7AE7,Unknown
2009-07-08 22:15:23,000697B0DE,Unknown
2009-07-08 22:15:35,00068E17E7,Unknown
2009-07-08 22:15:54,00068E2063,Unknown
2009-07-08 22:15:55,0006979BE8,Unknown
2009-07-08 22:16:13,00065EB6E2,Unknown
2009-07-08 22:16:44,00065D7D8B,Unknown
2009-07-08 22:17:01,00068E3862,Unknown
2009-07-08 22:18:08,00060FA7EA,Unknown
2009-07-08 22:18:22,00060FA7EA,Unknown
2009-07-08 22:18:33,00060FA7EA,Unknown
2009-07-08 22:18:37,00068E3862,Unknown
2009-07-08 22:18:56,00068E3862,Unknown
2009-07-08 22:19:06,00068E0587,Unknown
2009-07-08 22:19:18,00068E0587,Unknown
2009-07-08 22:21:19,00060FA7EA,Unknown
2009-07-08 22:21:50,0006444F30,Unknown
2009-07-08 22:22:02,00068E1A38,Unknown
2009-07-08 22:22:45,00068E2D0E,Unknown
2009-07-08 22:23:05,00068E2D0E,Unknown
2009-07-08 22:23:36,0006979C67,Unknown
2009-07-08 22:23:46,00065D9BC6,Unknown
2009-07-08 22:24:08,00065D9BC6,Unknown
2009-07-08 22:32:14,0006242035,Unknown
2009-07-08 22:34:06,00061D3DC5,Unknown
2009-07-08 22:36:30,0006242035,Unknown
2009-07-08 22:46:57,00065EC1B3,Unknown
2009-07-08 22:47:19,00065EC1B3,Unknown
2009-07-08 22:53:57,000697BE7E,Unknown
2009-07-08 22:54:52,00060D7AE7,Unknown
2009-07-08 23:08:36,0000F8007E,Unknown
2009-07-08 23:14:44,00065DD7F6,Unknown
2009-07-08 23:26:38,00065EC1B3,Unknown
2009-07-08 23:28:25,0006242035,Unknown
2009-07-08 23:32:25,00068E1878,Unknown
2009-07-08 23:36:30,00065DD7F6,Unknown
2009-07-08 23:36:40,00065D7D8B,Unknown
2009-07-08 23:38:00,00068E1878,Unknown
2009-07-08 23:41:13,0006242035,Unknown
2009-07-08 23:43:46,00065EC1B3,Unknown
2009-07-08 23:52:36,0006242035,Unknown
2009-07-09 00:14:02,0006444F30,Unknown
2009-07-09 00:51:12,00068E17E7,Unknown
2009-07-09 00:57:04,0006242035,Unknown
2009-07-09 01:03:17,00065D7D8B,Unknown
2009-07-09 01:24:40,00068E3862,Unknown
2009-07-09 01:33:13,0006242035,Unknown
2009-07-09 01:33:40,0006242035,Unknown
2009-07-09 01:40:48,0006242035,Unknown
2009-07-09 01:41:15,00065DD7F6,Unknown
2009-07-09 01:43:39,0006242035,Unknown
2009-07-09 01:43:51,0006242035,Unknown
2009-07-09 01:44:02,0006242035,Unknown
2009-07-09 01:55:30,0006242035,Unknown
2009-07-09 01:56:34,00065D81D3,Unknown
2009-07-09 01:56:53,00065D81D3,Unknown
2009-07-09 02:02:19,00065D81D3,Unknown
2009-07-09 02:02:34,00065D81D3,Unknown
2009-07-09 02:03:40,000697BE7E,Unknown
2009-07-09 02:04:09,000697BE7E,Unknown
2009-07-09 02:06:38,000697BE7E,Unknown
2009-07-09 02:08:54,00065D7D8B,Unknown
2009-07-09 02:11:59,00065D81D3,Unknown
2009-07-09 02:14:24,00065D81D3,Unknown
2009-07-09 02:16:37,00065D81D3,Unknown
2009-07-09 02:28:29,00065D81D3,Unknown
2009-07-09 02:50:27,0006979BE8,Unknown
2009-07-09 02:57:09,00065D7D8B,Unknown
2009-07-09 03:08:29,0006242035,Unknown
2009-07-09 03:17:54,0006242035,Unknown
2009-07-09 03:28:09,000697BE7E,Unknown
2009-07-09 03:29:17,000697B0DE,Unknown
2009-07-09 03:40:31,00065D81D3,Unknown
2009-07-09 03:43:20,00068E3862,Unknown
2009-07-09 03:46:57,0006242035,Unknown
2009-07-09 03:47:36,0006242035,Unknown
2009-07-09 03:53:11,00068E17E7,Unknown
2009-07-09 04:13:04,00065D81D3,Unknown
2009-07-09 04:26:47,00068E3862,Unknown
2009-07-09 04:27:03,00068E3862,Unknown
2009-07-09 04:41:32,000697B0DE,Unknown
2009-07-09 04:42:05,000697B0DE,Unknown
2009-07-09 04:42:53,000697B0DE,Unknown
2009-07-09 04:44:21,00068E1FDB,Unknown
2009-07-09 04:46:05,00068E3862,Unknown
2009-07-09 04:49:37,00068E2D0E,Unknown
2009-07-09 04:57:13,00068E17E7,Unknown
2009-07-09 05:03:51,00065D7D8B,Unknown
2009-07-09 05:08:16,0006160637,Unknown
2009-07-09 09:46:10,00065E632D,Unknown
2009-07-09 09:56:08,00065E632D,Unknown
2009-07-09 10:03:37,00065E632D,Unknown
2009-07-09 10:26:56,8E602D0D0F,Unknown
2009-07-09 11:14:57,8E602D0D0F,Unknown
2009-07-09 18:22:14,8E602D0D0F,Unknown
2009-07-09 18:39:59,8E602D0D0F,Unknown
2009-07-09 19:50:24,00068E1A46,Unknown
2009-07-09 20:44:28,0001F7D573,Unknown
2009-07-09 20:54:58,00060D7AE7,Unknown
2009-07-09 21:25:24,00068E2227,Unknown
2009-07-09 21:29:23,0006444F30,Unknown
2009-07-09 21:35:29,00060D7AE7,Unknown
2009-07-09 21:36:02,00068EAD8A,Unknown
2009-07-09 21:36:49,00068E2227,Unknown
2009-07-09 21:40:19,00065EB019,Unknown
2009-07-09 21:40:21,00068E17E7,Unknown
2009-07-09 21:40:54,00068E3862,Unknown
2009-07-09 21:42:09,000697C596,Unknown
2009-07-09 21:42:39,00068EAD8A,Unknown
2009-07-09 21:42:56,0006979BE8,Unknown
2009-07-09 21:43:53,00068E3435,Unknown
2009-07-09 21:43:56,00065D81D3,Unknown
2009-07-09 21:44:04,00065D7D8B,Unknown
2009-07-09 21:44:16,000697BE7E,Unknown
2009-07-09 21:46:53,00060D7AE7,Unknown
2009-07-09 21:46:58,00068E1878,Unknown
2009-07-09 21:49:49,0006160637,Unknown
2009-07-09 21:50:03,0006160637,Unknown
2009-07-09 21:50:04,00068E19F7,Unknown
2009-07-09 21:50:46,00068E19F7,Unknown
2009-07-09 21:50:56,00068E2D0E,Unknown
2009-07-09 21:52:10,0001F7D573,Unknown
2009-07-09 21:53:07,00068E1FDB,Unknown
2009-07-09 21:53:43,00001F5C08,Unknown
2009-07-09 21:53:50,00068E3546,Unknown
2009-07-09 21:58:11,000697D368,Unknown
2009-07-09 21:58:33,00065DD7F6,Unknown
2009-07-09 22:06:06,000644514C,Unknown
2009-07-09 22:09:58,00068E1A46,Unknown
2009-07-09 22:12:00,0001F7D573,Unknown
2009-07-09 22:12:55,00068EA92B,Unknown
2009-07-09 22:19:28,000697D368,Unknown
2009-07-09 22:20:09,0000F8007E,Unknown
2009-07-09 22:20:54,00068E3435,Unknown
2009-07-09 22:21:47,0001F7D573,Unknown
2009-07-09 22:24:10,00060F600D,Unknown
2009-07-09 22:26:46,00068E3435,Unknown
2009-07-09 22:26:56,00068E2227,Unknown
2009-07-09 22:30:15,00065EC1B3,Unknown
2009-07-09 22:37:23,00068EA92B,Unknown
2009-07-09 22:38:57,00068E2227,Unknown
2009-07-09 22:41:54,00068E1A46,Unknown
2009-07-09 22:43:45,000697D368,Unknown
2009-07-09 22:46:17,00068E19F7,Unknown
2009-07-09 22:46:31,00065D9BC6,Unknown
2009-07-09 22:47:03,00065EC1B3,Unknown
2009-07-09 22:48:31,00068EA92B,Unknown
2009-07-09 22:49:19,000697BE7E,Unknown
2009-07-09 22:49:48,00068E1878,Unknown
2009-07-09 22:49:55,00068E3435,Unknown
2009-07-09 22:51:36,00065D9BC6,Unknown
2009-07-09 22:52:48,00065D9BC6,Unknown
2009-07-09 22:53:09,00068E2063,Unknown
2009-07-09 22:53:41,00060FA7EA,Unknown
2009-07-09 22:54:43,00068E3546,Unknown
2009-07-09 22:58:14,00065D9BC6,Unknown
2009-07-09 22:58:32,00068E3435,Unknown
2009-07-09 22:58:34,00065EB019,Unknown
2009-07-09 22:59:24,00065D9BC6,Unknown
2009-07-09 22:59:55,00068E1A46,Unknown
2009-07-09 23:00:24,00068E3D57,Unknown
2009-07-09 23:01:10,0001F7D573,Unknown
2009-07-09 23:01:52,00068EAD8A,Unknown
2009-07-09 23:02:33,0006979C67,Unknown
2009-07-09 23:03:54,00068E19F7,Unknown
2009-07-09 23:04:17,000697BE7E,Unknown
2009-07-09 23:05:18,00068E3862,Unknown
2009-07-09 23:05:44,00068E3546,Unknown
2009-07-09 23:07:43,00068EA92B,Unknown
2009-07-09 23:09:21,00065EB019,Unknown
2009-07-09 23:09:27,00068E2063,Unknown
2009-07-09 23:09:44,00065D9BC6,Unknown
2009-07-09 23:09:56,00060FA7EA,Unknown
2009-07-09 23:10:18,00065D9BC6,Unknown
2009-07-09 23:10:47,00068EAD8A,Unknown
2009-07-09 23:12:51,00068E3D57,Unknown
2009-07-09 23:15:11,0001F7D573,Unknown
2009-07-09 23:16:31,0006979C67,Unknown
2009-07-09 23:19:18,00068E3862,Unknown
2009-07-09 23:19:55,00068E1878,Unknown
2009-07-09 23:20:47,00068EA92B,Unknown
2009-07-09 23:22:48,00068E0587,Unknown
2009-07-09 23:23:43,00001F5C08,Unknown
2009-07-09 23:24:56,00065D7D8B,Unknown
2009-07-09 23:25:57,00068E1A46,Unknown
2009-07-09 23:26:16,00068E1878,Unknown
2009-07-09 23:26:38,00068E0587,Unknown
2009-07-09 23:26:59,00068E0587,Unknown
2009-07-09 23:27:19,00068E0587,Unknown
2009-07-09 23:28:45,00001F5C08,Unknown
2009-07-09 23:30:44,00065D7D8B,Unknown
2009-07-09 23:31:17,00065D7D8B,Unknown
2009-07-09 23:32:12,00068E3546,Unknown
2009-07-09 23:32:21,00001F5C08,Unknown
2009-07-09 23:32:53,00068E1A46,Unknown
2009-07-09 23:33:35,00001F5C08,Unknown
2009-07-09 23:33:52,00068E17E7,Unknown
2009-07-09 23:36:01,00001F5C08,Unknown
2009-07-09 23:41:58,00068EAD8A,Unknown
2009-07-09 23:44:28,000697B0DE,Unknown
2009-07-09 23:46:09,00068E1878,Unknown
2009-07-09 23:48:04,00001F5C08,Unknown
2009-07-09 23:49:01,00060D7AE7,Unknown
2009-07-09 23:49:16,00068E0587,Unknown
2009-07-09 23:51:49,00068E0587,Unknown
2009-07-09 23:52:15,00068E3435,Unknown
2009-07-09 23:52:56,00065D7D8B,Unknown
2009-07-09 23:54:39,000697BE7E,Unknown
2009-07-09 23:54:46,00068E2227,Unknown
2009-07-09 23:55:59,00060FA7EA,Unknown
2009-07-09 23:56:43,00068E3546,Unknown
2009-07-09 23:57:19,00068E3D73,Unknown
2009-07-09 23:58:29,00065EB019,Unknown
2009-07-09 23:59:07,0006979D37,Unknown
2009-07-09 23:59:27,000697B0DE,Unknown
2009-07-09 23:59:34,00068EAD8A,Unknown
2009-07-10 00:01:57,0006444F30,Unknown
2009-07-10 00:02:05,000697B0DE,Unknown
2009-07-10 00:02:36,00068E2063,Unknown
2009-07-10 00:03:11,0005FE0832,Unknown
2009-07-10 00:03:14,00068E0587,Unknown
2009-07-10 00:03:44,00068E3435,Unknown
2009-07-10 00:05:08,000697B0DE,Unknown
2009-07-10 00:05:28,00065EC1B3,Unknown
2009-07-10 00:05:39,00060D7AE7,Unknown
2009-07-10 00:09:57,00068E2227,Unknown
2009-07-10 00:12:18,00065D9BC6,Unknown
2009-07-10 00:12:27,00065EC1B3,Unknown
2009-07-10 00:13:41,0005FE0832,Unknown
2009-07-10 00:15:57,000697BE7E,Unknown
2009-07-10 00:16:02,000697D368,Unknown
2009-07-10 00:16:27,00068E1878,Unknown
2009-07-10 00:16:39,0006979C67,Unknown
2009-07-10 00:16:43,000697C596,Unknown
2009-07-10 00:16:47,0005FE0832,Unknown
2009-07-10 00:17:31,00068E2063,Unknown
2009-07-10 00:17:37,0006979D37,Unknown
2009-07-10 00:17:49,00068E0587,Unknown
2009-07-10 00:19:11,0006444F30,Unknown
2009-07-10 00:19:52,00060FA7EA,Unknown
2009-07-10 00:20:27,0005FE0832,Unknown
2009-07-10 00:20:39,0005FE0832,Unknown
2009-07-10 00:20:43,00068EAD8A,Unknown
2009-07-10 00:20:56,0005FE0832,Unknown
2009-07-10 00:24:15,00065EB019,Unknown
2009-07-10 00:24:30,0006160637,Unknown
2009-07-10 00:26:03,00068E1A46,Unknown
2009-07-10 00:26:17,00068E3D57,Unknown
2009-07-10 00:27:09,00060F600D,Unknown
2009-07-10 00:29:01,00065D9BC6,Unknown
2009-07-10 00:29:34,00065D81D3,Unknown
2009-07-10 00:30:06,00068E0587,Unknown
2009-07-10 00:30:13,0006979BE8,Unknown
2009-07-10 00:34:30,00068E0587,Unknown
2009-07-10 00:35:18,000697C596,Unknown
2009-07-10 00:35:32,00068E1878,Unknown
2009-07-10 00:36:52,0006979C67,Unknown
2009-07-10 00:38:01,00068E3D57,Unknown
2009-07-10 00:38:06,00068EAD8A,Unknown
2009-07-10 00:38:17,0006979BE8,Unknown
2009-07-10 00:39:01,00068E3D57,Unknown
2009-07-10 00:40:13,00065D81D3,Unknown
2009-07-10 00:40:32,00068E1A46,Unknown
2009-07-10 00:41:47,00060FA7EA,Unknown
2009-07-10 00:42:36,000644514C,Unknown
2009-07-10 00:43:25,0001F7D573,Unknown
2009-07-10 00:46:02,00068E3D57,Unknown
2009-07-10 00:46:40,0006979BE8,Unknown
2009-07-10 00:46:59,0005FE0832,Unknown
2009-07-10 00:48:08,0006160637,Unknown
2009-07-10 00:49:37,00068EA92B,Unknown
2009-07-10 00:50:21,00068E0587,Unknown
2009-07-10 00:50:54,00068E19F7,Unknown
2009-07-10 00:51:51,00068E0587,Unknown
2009-07-10 00:52:05,00068E3546,Unknown
2009-07-10 00:52:22,0006979BE8,Unknown
2009-07-10 00:54:37,00068E3862,Unknown
2009-07-10 00:55:04,00068E2227,Unknown
2009-07-10 00:56:33,0006979BE8,Unknown
2009-07-10 00:57:42,000644514C,Unknown
2009-07-10 00:57:52,0006979BE8,Unknown
2009-07-10 01:01:43,000697C596,Unknown
2009-07-10 01:02:00,0006242035,Unknown
2009-07-10 01:02:35,0006242035,Unknown
2009-07-10 01:03:19,00060F600D,Unknown
2009-07-10 01:04:05,00068E17E7,Unknown
2009-07-10 01:04:59,0001F7D573,Unknown
2009-07-10 01:05:32,00068E2227,Unknown
2009-07-10 01:06:20,00068E3546,Unknown
2009-07-10 01:06:34,00068EA92B,Unknown
2009-07-10 01:07:37,00068E19F7,Unknown
2009-07-10 01:07:41,000697C596,Unknown
2009-07-10 01:08:29,00068E3546,Unknown
2009-07-10 01:09:50,00060FA7EA,Unknown
2009-07-10 01:10:39,00065EB6E2,Unknown
2009-07-10 01:11:55,00065EC1B3,Unknown
2009-07-10 01:12:49,00068E3546,Unknown
2009-07-10 01:13:25,00068E3546,Unknown
2009-07-10 01:13:47,00001F5C08,Unknown
2009-07-10 01:13:51,000644514C,Unknown
2009-07-10 01:14:01,00068E3546,Unknown
2009-07-10 01:15:05,00068E0587,Unknown
2009-07-10 01:15:42,00065EB6E2,Unknown
2009-07-10 01:16:21,000697BE7E,Unknown
2009-07-10 01:16:41,00068E3862,Unknown
2009-07-10 01:17:30,00065EB6E2,Unknown
2009-07-10 01:18:58,000697D368,Unknown
2009-07-10 01:19:24,00068E3435,Unknown
2009-07-10 01:19:49,0006979BE8,Unknown
2009-07-10 01:26:55,00068E3435,Unknown
2009-07-10 01:29:26,00001F5C08,Unknown
2009-07-10 01:35:03,00065EC1B3,Unknown
2009-07-10 01:35:40,0006979BE8,Unknown
2009-07-10 01:35:49,00068E17E7,Unknown
2009-07-10 01:37:32,00068E1A46,Unknown
2009-07-10 01:37:34,00068E17E7,Unknown
2009-07-10 01:38:56,00065EB6E2,Unknown
2009-07-10 01:39:30,0006444F30,Unknown
2009-07-10 01:41:34,00065D9BC6,Unknown
2009-07-10 01:41:38,00068E1878,Unknown
2009-07-10 01:41:44,0006242035,Unknown
2009-07-10 01:46:19,0006979C67,Unknown
2009-07-10 01:50:33,000697BE7E,Unknown
2009-07-10 01:50:41,00068E1A46,Unknown
2009-07-10 01:51:13,000644514C,Unknown
2009-07-10 01:51:21,0006242035,Unknown
2009-07-10 01:51:29,000644514C,Unknown
2009-07-10 01:51:49,00065EC1B3,Unknown
2009-07-10 01:52:26,000697BE7E,Unknown
2009-07-10 01:52:28,00068E3435,Unknown
2009-07-10 01:56:06,00068E3D57,Unknown
2009-07-10 01:58:31,00068E3435,Unknown
2009-07-10 01:59:36,00065EB019,Unknown
2009-07-10 02:00:21,00068E1878,Unknown
2009-07-10 02:00:33,00068E1878,Unknown
2009-07-10 02:00:52,00068E1878,Unknown
2009-07-10 02:01:16,000697B0DE,Unknown
2009-07-10 02:02:06,00065D9BC6,Unknown
2009-07-10 02:05:00,00065D7D8B,Unknown
2009-07-10 02:06:44,0006444F30,Unknown
2009-07-10 02:07:20,000697C596,Unknown
2009-07-10 02:09:04,00065EB019,Unknown
2009-07-10 02:09:56,000697BE7E,Unknown
2009-07-10 02:10:51,0006979C67,Unknown
2009-07-10 02:12:17,000697BE7E,Unknown
2009-07-10 02:12:34,00068E17E7,Unknown
2009-07-10 02:15:06,000697B0DE,Unknown
2009-07-10 02:19:16,000697C596,Unknown
2009-07-10 02:20:20,00068E3D73,Unknown
2009-07-10 02:22:20,00068E3D57,Unknown
2009-07-10 02:22:30,0006160637,Unknown
2009-07-10 02:22:56,00068E0587,Unknown
2009-07-10 02:24:01,000697B0DE,Unknown
2009-07-10 02:25:15,000697BE7E,Unknown
2009-07-10 02:29:23,0005FE0832,Unknown
2009-07-10 02:29:48,00060FA7EA,Unknown
2009-07-10 02:31:36,00068EAD8A,Unknown
2009-07-10 02:33:08,0006979D37,Unknown
2009-07-10 02:33:11,0006444F30,Unknown
2009-07-10 02:33:39,00060F600D,Unknown
2009-07-10 02:35:01,00065EB019,Unknown
2009-07-10 02:35:54,00068E3435,Unknown
2009-07-10 02:36:31,00068E0587,Unknown
2009-07-10 02:36:44,00068E19F7,Unknown
2009-07-10 02:37:15,0006979D37,Unknown
2009-07-10 02:38:53,0005FE0832,Unknown
2009-07-10 02:39:12,0005FE0832,Unknown
2009-07-10 02:41:05,00060D7AE7,Unknown
2009-07-10 02:41:57,00068E3862,Unknown
2009-07-10 02:42:50,0005FE0832,Unknown
2009-07-10 02:45:14,00068E3435,Unknown
2009-07-10 02:45:17,00065D7D8B,Unknown
2009-07-10 02:47:30,0005FE0832,Unknown
2009-07-10 02:48:15,0005FE0832,Unknown
2009-07-10 02:48:33,0005FE0832,Unknown
2009-07-10 02:48:44,0005FE0832,Unknown
2009-07-10 02:49:34,0005FE0832,Unknown
2009-07-10 02:49:46,00065EB019,Unknown
2009-07-10 02:49:54,00068E19F7,Unknown
2009-07-10 02:50:32,00060F600D,Unknown
2009-07-10 02:54:19,00068E3D73,Unknown
2009-07-10 02:57:26,00068E1A46,Unknown
2009-07-10 03:00:02,0006979C67,Unknown
2009-07-10 03:00:56,0006444F30,Unknown
2009-07-10 03:01:34,00068E17E7,Unknown
2009-07-10 03:03:23,00065EC1B3,Unknown
2009-07-10 03:05:08,00060D7AE7,Unknown
2009-07-10 03:06:01,00068E2227,Unknown
2009-07-10 03:06:49,00068EA92B,Unknown
2009-07-10 03:07:33,0006979C67,Unknown
2009-07-10 03:07:35,00068E1A46,Unknown
2009-07-10 03:07:49,00068EAD8A,Unknown
2009-07-10 03:07:50,0001F7D573,Unknown
2009-07-10 03:08:00,0006160637,Unknown
2009-07-10 03:09:35,00068E3862,Unknown
2009-07-10 03:09:57,0006979C67,Unknown
2009-07-10 03:11:51,0006979C67,Unknown
2009-07-10 03:14:22,00068E1FDB,Unknown
2009-07-10 03:15:19,00068E0587,Unknown
2009-07-10 03:15:46,00068E3546,Unknown
2009-07-10 03:16:24,00068E1878,Unknown
2009-07-10 03:16:33,0006979C67,Unknown
2009-07-10 03:17:35,0000F8007E,Unknown
2009-07-10 03:19:10,00001F5C08,Unknown
2009-07-10 03:19:34,00065D81D3,Unknown
2009-07-10 03:21:27,0001F7D573,Unknown
2009-07-10 03:22:46,00068E3435,Unknown
2009-07-10 03:24:05,00068E0587,Unknown
2009-07-10 03:24:58,00068E17E7,Unknown
2009-07-10 03:25:24,0006242035,Unknown
2009-07-10 03:25:51,0005FE0832,Unknown
2009-07-10 03:27:13,00068E2227,Unknown
2009-07-10 03:27:28,00068E3546,Unknown
2009-07-10 03:29:54,00068EA92B,Unknown
2009-07-10 03:31:06,0006444F30,Unknown
2009-07-10 03:32:39,00068E1878,Unknown
2009-07-10 03:33:36,00068E3435,Unknown
2009-07-10 03:34:45,000697BE7E,Unknown
2009-07-10 03:36:37,00068E1A38,Unknown
2009-07-10 03:37:10,000697D368,Unknown
2009-07-10 03:38:02,0006979BE8,Unknown
2009-07-10 03:39:02,0006979C67,Unknown
2009-07-10 03:39:52,00060FA7EA,Unknown
2009-07-10 03:40:55,00065D9BC6,Unknown
2009-07-10 03:41:45,00065D81D3,Unknown
2009-07-10 03:41:56,00001F5C08,Unknown
2009-07-10 03:42:06,0006242035,Unknown
2009-07-10 03:44:47,00068E2063,Unknown
2009-07-10 03:45:09,000697B0DE,Unknown
2009-07-10 03:45:35,00068E3435,Unknown
2009-07-10 03:45:51,000697D368,Unknown
2009-07-10 03:48:16,0006979BE8,Unknown
2009-07-10 03:49:43,00068E1A38,Unknown
2009-07-10 03:51:54,000697D368,Unknown
2009-07-10 03:53:04,00068E1FDB,Unknown
2009-07-10 03:53:32,0006444F30,Unknown
2009-07-10 03:54:00,000697D368,Unknown
2009-07-10 03:54:18,00068E2063,Unknown
2009-07-10 03:55:03,000697D368,Unknown
2009-07-10 03:55:15,000697D368,Unknown
2009-07-10 03:55:54,00068E3435,Unknown
2009-07-10 03:56:27,000697BE7E,Unknown
2009-07-10 03:57:25,00065DD7F6,Unknown
2009-07-10 03:57:39,000697BE7E,Unknown
2009-07-10 03:58:50,00068E1A38,Unknown
2009-07-10 04:01:39,000697D368,Unknown
2009-07-10 04:02:40,000697D368,Unknown
2009-07-10 04:02:48,0006242035,Unknown
2009-07-10 04:02:51,000697D368,Unknown
2009-07-10 04:02:52,000697BE7E,Unknown
2009-07-10 04:03:29,00065D9BC6,Unknown
2009-07-10 04:09:12,00060F600D,Unknown
2009-07-10 04:09:35,000697D368,Unknown
2009-07-10 04:10:23,00068E2227,Unknown
2009-07-10 04:11:30,000697D368,Unknown
2009-07-10 04:12:24,00061D3DC5,Unknown
2009-07-10 04:14:28,00068E3435,Unknown
2009-07-10 04:18:16,00068E3435,Unknown
2009-07-10 04:19:04,00068E3435,Unknown
2009-07-10 04:20:17,00068E2227,Unknown
2009-07-10 04:22:04,00068E3435,Unknown
2009-07-10 04:23:41,00060F600D,Unknown
2009-07-10 04:27:51,0006242035,Unknown
2009-07-10 04:34:46,00061D3DC5,Unknown
2009-07-10 04:38:41,00068E3862,Unknown
2009-07-10 04:39:46,0006242035,Unknown
2009-07-10 04:41:21,0006242035,Unknown
2009-07-10 04:41:32,0006242035,Unknown
2009-07-10 04:41:43,0006242035,Unknown
2009-07-10 04:41:54,0006242035,Unknown
2009-07-10 04:42:05,0006242035,Unknown
2009-07-10 04:42:55,00068E3D57,Unknown
2009-07-10 04:44:59,00068E19F7,Unknown
2009-07-10 04:45:46,00065EB6E2,Unknown
2009-07-10 04:46:55,00068E3546,Unknown
2009-07-10 04:49:35,00068E1FDB,Unknown
2009-07-10 04:50:36,00068E17E7,Unknown
2009-07-10 04:50:36,00060FA7EA,Unknown
2009-07-10 04:51:14,00068E19F7,Unknown
2009-07-10 04:52:07,00065DD7F6,Unknown
2009-07-10 04:52:52,00065EB019,Unknown
2009-07-10 04:53:27,00068E1A46,Unknown
2009-07-10 04:53:53,00068E1878,Unknown
2009-07-10 04:54:19,000697BE7E,Unknown
2009-07-10 04:54:30,00068E1A38,Unknown
2009-07-10 04:54:33,00068E3546,Unknown
2009-07-10 04:55:26,00068E2063,Unknown
2009-07-10 04:55:58,00065D81D3,Unknown
2009-07-10 04:56:07,00068EAD8A,Unknown
2009-07-10 04:56:54,00065EB019,Unknown
2009-07-10 04:58:45,00068E1A46,Unknown
2009-07-10 04:58:58,0006444F30,Unknown
2009-07-10 04:59:19,0006979D37,Unknown
2009-07-10 04:59:27,00060D7AE7,Unknown
2009-07-10 04:59:51,00065EB019,Unknown
2009-07-10 05:00:14,000697C596,Unknown
2009-07-10 05:00:51,00068E1A46,Unknown
2009-07-10 05:01:09,00068E1878,Unknown
2009-07-10 05:02:00,000697BE7E,Unknown
2009-07-10 05:02:06,0006979BE8,Unknown
2009-07-10 05:02:44,000697C596,Unknown
2009-07-10 05:03:02,000697C596,Unknown
2009-07-10 05:03:39,00061D3DC5,Unknown
2009-07-10 05:04:26,00065D9BC6,Unknown
2009-07-10 05:04:46,00068E1A46,Unknown
2009-07-10 05:05:28,00065EB019,Unknown
2009-07-10 05:06:03,000697B0DE,Unknown
2009-07-10 05:06:16,00068EA92B,Unknown
2009-07-10 05:06:30,00068E2227,Unknown
2009-07-10 05:06:59,00068E1A46,Unknown
2009-07-10 05:07:00,00065D7D8B,Unknown
2009-07-10 05:07:32,00065EB019,Unknown
2009-07-10 05:08:58,0001F7D573,Unknown
2009-07-10 05:09:09,0005FE0832,Unknown
2009-07-10 05:09:38,00068EA92B,Unknown
2009-07-10 05:09:51,00068E2227,Unknown
2009-07-10 05:10:06,0006160637,Unknown
2009-07-10 05:10:24,00068E1A46,Unknown
2009-07-10 05:10:36,00068E2227,Unknown
2009-07-10 05:11:25,00068E2227,Unknown
2009-07-10 05:11:54,00068E0587,Unknown
2009-07-10 05:12:22,00068E1A46,Unknown
2009-07-10 05:12:32,00068EA92B,Unknown
2009-07-10 05:12:34,00068E1A46,Unknown
2009-07-10 05:12:54,00068E1A46,Unknown
2009-07-10 05:13:08,00068E2227,Unknown
2009-07-10 05:13:19,00068E1A46,Unknown
2009-07-10 05:13:21,00068E2227,Unknown
2009-07-10 05:13:30,00068E1A46,Unknown
2009-07-10 05:13:32,0006979C67,Unknown
2009-07-10 05:13:38,00068E2227,Unknown
2009-07-10 05:13:41,00068E1A46,Unknown
2009-07-10 05:14:12,00068E1A46,Unknown
2009-07-10 05:14:16,00068E2227,Unknown
2009-07-10 05:14:41,00068E2227,Unknown
2009-07-10 05:15:13,00068E2227,Unknown
2009-07-10 05:16:06,000697BE7E,Unknown
2009-07-10 05:16:19,00068EA92B,Unknown
2009-07-10 05:17:00,0001F7D573,Unknown
2009-07-10 05:17:11,0001F7D573,Unknown
2009-07-10 05:17:22,0001F7D573,Unknown
2009-07-10 05:19:29,0006160637,Unknown
2009-07-10 05:19:59,00061D3DC5,Unknown
2009-07-10 05:20:15,00061D3DC5,Unknown
2009-07-10 05:43:02,000697BE7E,Unknown
2009-07-10 05:55:12,00061D3DC5,Unknown
2009-07-10 05:55:24,00061D3DC5,Unknown
2009-07-10 06:12:09,0005FE0832,Unknown
2009-07-10 06:58:44,00061D3DC5,Unknown
2009-07-10 06:59:21,00061D3DC5,Unknown
2009-07-10 06:59:24,00068E3D57,Unknown
2009-07-10 07:14:22,00065D9BC6,Unknown
2009-07-10 07:22:29,00068E3862,Unknown
2009-07-10 07:24:20,00060D7AE7,Unknown
2009-07-10 08:18:46,00061D3DC5,Unknown
2009-07-10 08:26:17,00068E1A38,Unknown
2009-07-10 09:02:15,000697BE7E,Unknown
2009-07-10 09:33:47,00065E632D,Unknown
2009-07-10 09:40:16,00065E632D,Unknown
2009-07-10 09:46:42,00065E632D,Unknown
2009-07-10 09:46:56,8E602D0D0F,Unknown
2009-07-10 10:07:31,8E602D0D0F,Unknown
2009-07-10 10:48:13,8E602D0D0F,Unknown
2009-07-10 20:00:50,8E602D0D0F,Unknown
2009-07-10 20:19:08,8E602D0D0F,Unknown
2009-07-10 20:37:19,000697BE7E,Unknown
2009-07-10 20:57:24,0006160637,Unknown
2009-07-10 20:57:46,0006160637,Unknown
2009-07-10 21:21:37,00068E3862,Unknown
2009-07-10 21:25:47,00065D9BC6,Unknown
2009-07-10 21:26:48,00068E1A38,Unknown
2009-07-10 21:27:36,00065D9BC6,Unknown
2009-07-10 21:27:58,00068E17E7,Unknown
2009-07-10 21:28:11,00068E2063,Unknown
2009-07-10 21:28:22,00068E2063,Unknown
2009-07-10 21:28:29,00065D81D3,Unknown
2009-07-10 21:28:33,00068E2063,Unknown
2009-07-10 21:28:44,00068E2063,Unknown
2009-07-10 21:28:45,00065D81D3,Unknown
2009-07-10 21:28:58,00068E2063,Unknown
2009-07-10 21:29:09,00068E2063,Unknown
2009-07-10 21:29:10,00068E1A38,Unknown
2009-07-10 21:29:21,00065D81D3,Unknown
2009-07-10 21:29:42,000697BE7E,Unknown
2009-07-10 21:30:08,000697BE7E,Unknown
2009-07-10 21:31:20,00065D9BC6,Unknown
2009-07-10 21:32:06,0005FE0832,Unknown
2009-07-10 21:32:18,0005FE0832,Unknown
2009-07-10 21:35:21,00068EAD8A,Unknown
2009-07-10 21:38:05,00061D3DC5,Unknown
2009-07-10 21:39:01,0006979BE8,Unknown
2009-07-10 21:39:06,00068E3D57,Unknown
2009-07-10 21:39:14,0006444F30,Unknown
2009-07-10 21:39:22,00068E0587,Unknown
2009-07-10 21:39:36,00065EB6E2,Unknown
2009-07-10 21:41:27,000697B0DE,Unknown
2009-07-10 21:42:41,00068E3D73,Unknown
2009-07-10 21:48:52,0006160637,Unknown
2009-07-10 21:49:05,00060D7AE7,Unknown
2009-07-10 21:49:13,0006160637,Unknown
2009-07-10 21:50:26,00065DD7F6,Unknown
2009-07-10 21:50:37,00068E1FDB,Unknown
2009-07-10 21:52:31,00065D7D8B,Unknown
2009-07-10 21:56:57,00060FA7EA,Unknown
2009-07-10 21:57:46,00001F5C08,Unknown
2009-07-10 21:58:04,0006979C67,Unknown
2009-07-10 21:59:09,0006979D37,Unknown
2009-07-10 21:59:16,00001F5C08,Unknown
2009-07-10 21:59:26,0006979D37,Unknown
2009-07-10 21:59:39,0006979D37,Unknown
2009-07-10 22:05:01,00068E1878,Unknown
2009-07-10 22:06:11,00068E1878,Unknown
2009-07-10 22:24:54,00001F5C08,Unknown
2009-07-10 22:25:00,00068EA92B,Unknown
2009-07-10 22:25:35,0006444F30,Unknown
2009-07-10 22:28:11,00001F5C08,Unknown
2009-07-10 22:32:16,0006444F30,Unknown
2009-07-10 22:33:53,0001F7D573,Unknown
2009-07-10 22:36:10,00001F5C08,Unknown
2009-07-10 22:37:00,00068E1878,Unknown
2009-07-10 22:37:24,00001F5C08,Unknown
2009-07-10 22:44:34,00068EA92B,Unknown
2009-07-10 22:51:21,00068E1878,Unknown
2009-07-10 22:51:32,00068E1878,Unknown
2009-07-10 22:51:43,00068E1878,Unknown
2009-07-10 22:51:54,00068E1878,Unknown
2009-07-10 22:52:17,00068E1878,Unknown
2009-07-10 22:59:11,00068E17E7,Unknown
2009-07-10 22:59:53,000697BE7E,Unknown
2009-07-10 23:00:04,000697BE7E,Unknown
2009-07-10 23:00:15,000697BE7E,Unknown
2009-07-10 23:00:27,000697BE7E,Unknown
2009-07-10 23:01:04,00068E17E7,Unknown
2009-07-10 23:01:57,00068E17E7,Unknown
2009-07-10 23:02:50,00068E3546,Unknown
2009-07-10 23:03:18,00068E3546,Unknown
2009-07-10 23:04:57,00001F5C08,Unknown
2009-07-10 23:06:11,000697BE7E,Unknown
2009-07-10 23:11:53,00001F5C08,Unknown
2009-07-10 23:16:22,00068E17E7,Unknown
2009-07-10 23:24:04,0006444F30,Unknown
2009-07-10 23:24:09,00068E3862,Unknown
2009-07-10 23:24:55,00065D9BC6,Unknown
2009-07-10 23:25:53,00068E3D73,Unknown
2009-07-10 23:30:56,00068EA92B,Unknown
2009-07-10 23:31:11,00068E3D73,Unknown
2009-07-10 23:31:39,0001F7D573,Unknown
2009-07-10 23:32:09,0001F7D573,Unknown
2009-07-10 23:32:49,00068EA92B,Unknown
2009-07-10 23:33:21,00068E3862,Unknown
2009-07-10 23:34:04,00068E3D73,Unknown
2009-07-10 23:36:56,00068E3D73,Unknown
2009-07-10 23:38:03,00068E3D73,Unknown
2009-07-10 23:38:36,00065D7D8B,Unknown
2009-07-10 23:39:19,0006444F30,Unknown
2009-07-10 23:40:21,00065D9BC6,Unknown
2009-07-10 23:40:41,00065D9BC6,Unknown
2009-07-10 23:40:52,00065D9BC6,Unknown
2009-07-10 23:41:03,00065D9BC6,Unknown
2009-07-10 23:41:45,00068E3D73,Unknown
2009-07-10 23:42:24,00065D7D8B,Unknown
2009-07-10 23:43:49,00065D7D8B,Unknown
2009-07-10 23:44:33,00065D7D8B,Unknown
2009-07-10 23:44:57,00065D7D8B,Unknown
2009-07-10 23:45:08,00065D7D8B,Unknown
2009-07-10 23:45:10,00065D9BC6,Unknown
2009-07-10 23:45:31,00060D7AE7,Unknown
2009-07-10 23:48:46,00068E1878,Unknown
2009-07-10 23:51:50,00068E1878,Unknown
2009-07-10 23:52:01,00068E1878,Unknown
2009-07-10 23:52:09,00068E3D73,Unknown
2009-07-10 23:55:19,00068E1878,Unknown
2009-07-10 23:56:29,000697BE7E,Unknown
2009-07-10 23:57:21,00068E17E7,Unknown
2009-07-10 23:57:59,00068E17E7,Unknown
2009-07-11 00:00:43,00065D9BC6,Unknown
2009-07-11 00:00:57,00060D7AE7,Unknown
2009-07-11 00:01:21,00068E17E7,Unknown
2009-07-11 00:02:08,00068E17E7,Unknown
2009-07-11 00:02:25,00068E17E7,Unknown
2009-07-11 00:03:05,00068E3D73,Unknown
2009-07-11 00:09:05,00068EAD8A,Unknown
2009-07-11 00:09:44,00068E17E7,Unknown
2009-07-11 00:10:21,00068EAD8A,Unknown
2009-07-11 00:14:34,000697BE7E,Unknown
2009-07-11 00:16:17,00068E3D57,Unknown
2009-07-11 00:17:37,0006979C67,Unknown
2009-07-11 00:26:36,0006979C67,Unknown
2009-07-11 00:27:22,00068E3D57,Unknown
2009-07-11 00:30:03,0006979C67,Unknown
2009-07-11 00:31:47,00065D9BC6,Unknown
2009-07-11 00:32:59,00068E0587,Unknown
2009-07-11 00:38:29,00068E17E7,Unknown
2009-07-11 00:40:59,00065D9BC6,Unknown
2009-07-11 00:44:07,00068E3862,Unknown
2009-07-11 00:44:33,0006979C67,Unknown
2009-07-11 00:45:42,00065D9BC6,Unknown
2009-07-11 00:46:20,00068E17E7,Unknown
2009-07-11 00:50:58,00068E3862,Unknown
2009-07-11 00:52:29,00068E0587,Unknown
2009-07-11 01:00:38,00065D81D3,Unknown
2009-07-11 01:01:02,00068E2063,Unknown
2009-07-11 01:01:28,00065D81D3,Unknown
2009-07-11 01:01:32,0006160637,Unknown
2009-07-11 01:02:36,00065D9BC6,Unknown
2009-07-11 01:02:48,00065D9BC6,Unknown
2009-07-11 01:04:41,00065D81D3,Unknown
2009-07-11 01:05:42,00065D81D3,Unknown
2009-07-11 01:09:15,000697BE7E,Unknown
2009-07-11 01:14:24,0006979BE8,Unknown
2009-07-11 01:17:48,00068E2063,Unknown
2009-07-11 01:19:01,00065D81D3,Unknown
2009-07-11 01:19:49,00065D81D3,Unknown
2009-07-11 01:22:42,0006979BE8,Unknown
2009-07-11 01:26:25,000697BE7E,Unknown
2009-07-11 01:28:11,0006160637,Unknown
2009-07-11 01:37:13,0006444F30,Unknown
2009-07-11 01:44:07,00068E17E7,Unknown
2009-07-11 01:50:55,0006444F30,Unknown
2009-07-11 01:52:38,00068E0587,Unknown
2009-07-11 01:53:51,00068E3862,Unknown
2009-07-11 01:59:40,00068E17E7,Unknown
2009-07-11 02:03:14,0006979C67,Unknown
2009-07-11 02:04:59,00065DD7F6,Unknown
2009-07-11 02:06:20,00065D7D8B,Unknown
2009-07-11 02:06:57,0006979C67,Unknown
2009-07-11 02:08:02,0006979C67,Unknown
2009-07-11 02:09:49,00068E3862,Unknown
2009-07-11 02:14:52,00068E3D73,Unknown
2009-07-11 02:16:02,0006979C67,Unknown
2009-07-11 02:16:40,0006444F30,Unknown
2009-07-11 02:17:12,00068E3862,Unknown
2009-07-11 02:21:04,00068E3862,Unknown
2009-07-11 02:22:57,00068E3862,Unknown
2009-07-11 02:23:13,0006979C67,Unknown
2009-07-11 02:23:31,0005FE0832,Unknown
2009-07-11 02:24:30,00065DD7F6,Unknown
2009-07-11 02:24:37,00068E0587,Unknown
2009-07-11 02:26:55,00065D7D8B,Unknown
2009-07-11 02:28:21,0006979C67,Unknown
2009-07-11 02:30:10,00068E3862,Unknown
2009-07-11 02:31:15,0005FE0832,Unknown
2009-07-11 02:31:42,00065D7D8B,Unknown
2009-07-11 02:32:49,00068E3D73,Unknown
2009-07-11 02:35:25,00060FA7EA,Unknown
2009-07-11 02:36:05,0005FE0832,Unknown
2009-07-11 02:37:24,00065D81D3,Unknown
2009-07-11 02:38:43,0005FE0832,Unknown
2009-07-11 02:38:52,0006444F30,Unknown
2009-07-11 02:39:51,0005FE0832,Unknown
2009-07-11 02:44:21,000697BE7E,Unknown
2009-07-11 02:48:57,00065D7D8B,Unknown
2009-07-11 02:49:48,00065D81D3,Unknown
2009-07-11 02:52:19,0005FE0832,Unknown
2009-07-11 02:53:57,0006444F30,Unknown
2009-07-11 02:57:29,00068EAD8A,Unknown
2009-07-11 02:57:53,00068E1FDB,Unknown
2009-07-11 03:03:20,000697BE7E,Unknown
2009-07-11 03:05:44,000697BE7E,Unknown
2009-07-11 03:11:05,0006444F30,Unknown
2009-07-11 03:12:33,000697BE7E,Unknown
2009-07-11 03:13:33,00065D81D3,Unknown
2009-07-11 03:17:25,00065EB6E2,Unknown
2009-07-11 03:17:45,00060D7AE7,Unknown
2009-07-11 03:19:52,00060FA7EA,Unknown
2009-07-11 03:20:27,00068EAD8A,Unknown
2009-07-11 03:20:55,00065D81D3,Unknown
2009-07-11 03:21:31,00068E3D57,Unknown
2009-07-11 03:22:24,00068E1FDB,Unknown
2009-07-11 03:22:41,00068E3862,Unknown
2009-07-11 03:23:04,000697BE7E,Unknown
2009-07-11 03:23:14,00068E2063,Unknown
2009-07-11 03:24:51,00068E1A38,Unknown
2009-07-11 03:26:21,00068E17E7,Unknown
2009-07-11 03:26:31,000697BE7E,Unknown
2009-07-11 03:26:56,00068E0587,Unknown
2009-07-11 03:29:28,0006979BE8,Unknown
2009-07-11 03:30:41,0006160637,Unknown
2009-07-11 03:33:08,00068E3D57,Unknown
2009-07-11 03:34:08,00068E3862,Unknown
2009-07-11 03:34:21,00068E3862,Unknown
2009-07-11 03:34:39,00068E3862,Unknown
2009-07-11 03:34:45,00060D7AE7,Unknown
2009-07-11 03:34:51,00068E3862,Unknown
2009-07-11 03:35:03,00068E3862,Unknown
2009-07-11 03:36:39,00068EAD8A,Unknown
2009-07-11 03:38:37,0006979BE8,Unknown
2009-07-11 03:40:44,0006444F30,Unknown
2009-07-11 03:41:24,00065EB6E2,Unknown
2009-07-11 03:41:36,00068E1A38,Unknown
2009-07-11 03:43:17,00068E2063,Unknown
2009-07-11 03:45:58,00068E0587,Unknown
2009-07-11 03:48:44,00065D9BC6,Unknown
2009-07-11 03:49:04,0006979BE8,Unknown
2009-07-11 03:51:54,0006979BE8,Unknown
2009-07-11 03:53:09,00068E2D0E,Unknown
2009-07-11 03:53:27,0006444F30,Unknown
2009-07-11 03:53:40,00068E2D0E,Unknown
2009-07-11 04:00:02,0006160637,Unknown
2009-07-11 04:00:51,0006979BE8,Unknown
2009-07-11 04:02:14,0006979BE8,Unknown
2009-07-11 04:03:38,00065D9BC6,Unknown
2009-07-11 04:03:54,00068E2D0E,Unknown
2009-07-11 04:04:05,0006979BE8,Unknown
2009-07-11 04:04:34,0006979BE8,Unknown
2009-07-11 04:07:05,0006979C67,Unknown
2009-07-11 04:10:36,0006979BE8,Unknown
2009-07-11 04:11:12,0006979BE8,Unknown
2009-07-11 04:11:49,0006979BE8,Unknown
2009-07-11 04:16:30,0006979C67,Unknown
2009-07-11 04:19:19,0006979C67,Unknown
2009-07-11 04:20:00,00065D7D8B,Unknown
2009-07-11 04:20:20,0005FE0832,Unknown
2009-07-11 04:22:43,00065D7D8B,Unknown
2009-07-11 04:23:17,00065D7D8B,Unknown
2009-07-11 04:24:00,0006979C67,Unknown
2009-07-11 04:27:39,0005FE0832,Unknown
2009-07-11 04:31:47,00065D7D8B,Unknown
2009-07-11 04:44:00,00065DD7F6,Unknown
2009-07-11 04:48:17,00068E2063,Unknown
2009-07-11 04:48:48,00068E3862,Unknown
2009-07-11 04:49:15,00068EAD8A,Unknown
2009-07-11 04:50:33,00068E3D57,Unknown
2009-07-11 04:50:39,00060FA7EA,Unknown
2009-07-11 04:51:03,000697BE7E,Unknown
2009-07-11 04:52:44,000697B0DE,Unknown
2009-07-11 04:55:20,00068E1FDB,Unknown
2009-07-11 05:00:20,00065EB6E2,Unknown
2009-07-11 05:01:26,0006979BE8,Unknown
2009-07-11 05:01:51,00065D7D8B,Unknown
2009-07-11 05:02:04,00068E2D0E,Unknown
2009-07-11 05:02:34,00065D9BC6,Unknown
2009-07-11 05:05:30,00060D7AE7,Unknown
2009-07-11 05:08:55,0006979C67,Unknown
2009-07-11 05:09:20,00068E17E7,Unknown
2009-07-11 05:09:45,00068E0587,Unknown
2009-07-11 05:12:17,00061D3DC5,Unknown
2009-07-11 05:12:31,00068E1A38,Unknown
2009-07-11 05:12:45,00068E1A38,Unknown
2009-07-11 05:13:23,00068E3D73,Unknown
2009-07-11 05:13:30,0006160637,Unknown
2009-07-11 05:13:37,0005FE0832,Unknown
2009-07-11 05:15:19,00065EB6E2,Unknown
2009-07-11 05:16:03,0006444F30,Unknown
2009-07-11 05:16:39,00065D81D3,Unknown
2009-07-11 05:16:41,0006979D37,Unknown
2009-07-11 05:58:23,00060D7AE7,Unknown
2009-07-11 06:01:20,00068E3D57,Unknown
2009-07-11 06:01:31,00068E3D57,Unknown
2009-07-11 06:10:52,0006444F30,Unknown
2009-07-11 06:12:38,00060D7AE7,Unknown
2009-07-11 06:14:50,0006160637,Unknown
2009-07-11 06:14:53,00065D9BC6,Unknown
2009-07-11 06:23:32,00065D9BC6,Unknown
2009-07-11 06:29:52,000697BE7E,Unknown
2009-07-11 06:32:18,00068E2D0E,Unknown
2009-07-11 06:53:14,0006979C67,Unknown
2009-07-11 06:53:30,0006979C67,Unknown
2009-07-11 07:09:38,00068E0587,Unknown
2009-07-11 07:14:57,00061D3DC5,Unknown
2009-07-11 07:15:11,00061D3DC5,Unknown
2009-07-11 07:30:38,00068E2D0E,Unknown
2009-07-11 07:40:40,00068E0587,Unknown
2009-07-11 07:42:34,00060FA7EA,Unknown
2009-07-11 07:42:48,00060FA7EA,Unknown
2009-07-11 07:59:10,000697BE7E,Unknown
2009-07-11 08:03:53,00068E3D57,Unknown
2009-07-11 08:05:13,0006160637,Unknown
2009-07-11 08:06:59,00060FA7EA,Unknown
2009-07-11 08:18:14,00061D3DC5,Unknown
2009-07-11 08:18:35,00061D3DC5,Unknown
2009-07-11 08:31:46,0006979C67,Unknown
2009-07-11 08:46:38,00068E3862,Unknown
2009-07-11 09:03:14,00065D9BC6,Unknown
2009-07-11 09:20:06,00065EB6E2,Unknown
2009-07-11 09:20:18,00065EB6E2,Unknown
2009-07-11 09:21:40,00061D3DC5,Unknown
2009-07-11 09:21:41,00068E3862,Unknown
2009-07-11 09:36:23,0006160637,Unknown
2009-07-11 09:37:58,00065E632D,Unknown
2009-07-11 09:45:10,00065E632D,Unknown
2009-07-11 09:51:39,00065E632D,Unknown
2009-07-11 10:10:51,8E602D0D0F,Unknown
2009-07-11 11:02:36,8E602D0D0F,Unknown
2009-07-11 18:52:55,8E602D0D0F,Unknown
2009-07-11 19:01:26,0005FE0832,Unknown
2009-07-11 19:08:43,8E602D0D0F,Unknown
2009-07-11 20:11:57,0006979D37,Unknown
2009-07-11 20:12:06,00068E1A38,Unknown
2009-07-11 20:12:18,00068E1A38,Unknown
2009-07-11 20:21:25,0006160637,Unknown
2009-07-11 21:17:20,00068E3D57,Unknown
2009-07-11 21:28:20,00065EB019,Unknown
2009-07-11 21:29:53,00068E1A46,Unknown
2009-07-11 21:30:04,00068E1A46,Unknown
2009-07-11 21:31:04,00068E1A46,Unknown
2009-07-11 21:31:13,0001F7D573,Unknown
2009-07-11 21:31:19,00068E1A46,Unknown
2009-07-11 21:31:21,00068E2063,Unknown
2009-07-11 21:31:34,00068E2063,Unknown
2009-07-11 21:31:44,00068E3435,Unknown
2009-07-11 21:32:38,00068E3D57,Unknown
2009-07-11 21:33:37,000697BE7E,Unknown
2009-07-11 21:33:51,00068E19F7,Unknown
2009-07-11 21:33:53,00068E1878,Unknown
2009-07-11 21:33:53,000697BE7E,Unknown
2009-07-11 21:34:05,000697BE7E,Unknown
2009-07-11 21:34:14,000697C596,Unknown
2009-07-11 21:34:16,000697BE7E,Unknown
2009-07-11 21:34:38,000697BE7E,Unknown
2009-07-11 21:35:11,000697BE7E,Unknown
2009-07-11 21:35:31,000697BE7E,Unknown
2009-07-11 21:35:44,000697BE7E,Unknown
2009-07-11 21:35:59,000697BE7E,Unknown
2009-07-11 21:36:19,00068E3546,Unknown
2009-07-11 21:36:46,00068E2227,Unknown
2009-07-11 21:37:06,0006160637,Unknown
2009-07-11 21:37:09,00068E3546,Unknown
2009-07-11 21:37:23,00068E2227,Unknown
2009-07-11 21:37:37,00061D3DC5,Unknown
2009-07-11 21:37:56,00068EA92B,Unknown
2009-07-11 21:38:07,000697BE7E,Unknown
2009-07-11 21:38:23,000697BE7E,Unknown
2009-07-11 21:38:30,00060F600D,Unknown
2009-07-11 21:38:54,000697D368,Unknown
2009-07-11 21:39:11,0006242035,Unknown
2009-07-11 21:39:40,0006242035,Unknown
2009-07-11 21:39:44,0006979C67,Unknown
2009-07-11 21:39:46,00068E2063,Unknown
2009-07-11 21:39:57,00068E2063,Unknown
2009-07-11 21:40:10,00068E2063,Unknown
2009-07-11 21:40:15,00068E3862,Unknown
2009-07-11 21:40:39,00068E17E7,Unknown
2009-07-11 21:42:14,00068E1A38,Unknown
2009-07-11 21:42:44,00068E3862,Unknown
2009-07-11 21:43:23,0005FE0832,Unknown
2009-07-11 21:43:48,0005FE0832,Unknown
2009-07-11 21:44:03,0006444F30,Unknown
2009-07-11 21:44:38,00068E3D57,Unknown
2009-07-11 21:45:02,0006444F30,Unknown
2009-07-11 21:45:56,00068EAD8A,Unknown
2009-07-11 21:46:26,00068E1FDB,Unknown
2009-07-11 21:46:36,00065EC1B3,Unknown
2009-07-11 21:47:54,00068E3D73,Unknown
2009-07-11 21:47:57,0006979BE8,Unknown
2009-07-11 21:48:00,000644514C,Unknown
2009-07-11 21:48:35,00060D7AE7,Unknown
2009-07-11 21:49:21,00060D7AE7,Unknown
2009-07-11 21:49:26,00065D9BC6,Unknown
2009-07-11 21:49:35,00068E2D0E,Unknown
2009-07-11 21:49:46,00068E2D0E,Unknown
2009-07-11 21:49:48,00068E0587,Unknown
2009-07-11 21:49:49,00065D81D3,Unknown
2009-07-11 21:50:04,00065DD7F6,Unknown
2009-07-11 21:52:15,0006979C67,Unknown
2009-07-11 21:55:54,0006160637,Unknown
2009-07-11 21:57:03,00065D7D8B,Unknown
2009-07-11 21:57:30,0006979D37,Unknown
2009-07-11 22:00:40,00060FA7EA,Unknown
2009-07-11 22:01:18,0006979D37,Unknown
2009-07-11 22:03:17,00065EB6E2,Unknown
2009-07-11 22:04:34,000697B0DE,Unknown
2009-07-11 22:42:15,00068E1A46,Unknown
2009-07-11 22:53:42,00068E1A46,Unknown
2009-07-11 23:02:29,0001F7D573,Unknown
2009-07-11 23:03:15,0001F7D573,Unknown
2009-07-11 23:29:05,000697C596,Unknown
2009-07-11 23:31:48,000697C596,Unknown
2009-07-11 23:33:36,00068E17E7,Unknown
2009-07-11 23:34:11,00068E17E7,Unknown
2009-07-11 23:35:18,0001F7D573,Unknown
2009-07-11 23:43:00,000697D368,Unknown
2009-07-11 23:43:12,0001F7D573,Unknown
2009-07-11 23:48:03,00068EA92B,Unknown
2009-07-11 23:59:38,00068E3546,Unknown
2009-07-12 00:02:59,0006242035,Unknown
2009-07-12 00:03:49,000697D368,Unknown
2009-07-12 00:08:34,00068E3546,Unknown
2009-07-12 00:09:47,00068E1A46,Unknown
2009-07-12 00:10:33,00001F5C08,Unknown
2009-07-12 00:11:10,000644514C,Unknown
2009-07-12 00:16:51,00068E1A46,Unknown
2009-07-12 00:16:55,00001F5C08,Unknown
2009-07-12 00:17:10,000644514C,Unknown
2009-07-12 00:18:16,0006242035,Unknown
2009-07-12 00:20:04,00068EA92B,Unknown
2009-07-12 00:22:58,00065D7D8B,Unknown
2009-07-12 00:23:10,00060D7AE7,Unknown
2009-07-12 00:23:22,00060D7AE7,Unknown
2009-07-12 00:28:01,00068E3435,Unknown
2009-07-12 00:29:22,00065EC1B3,Unknown
2009-07-12 00:30:24,00068E3435,Unknown
2009-07-12 00:36:10,00068E1878,Unknown
2009-07-12 00:39:26,00060D7AE7,Unknown
2009-07-12 00:41:15,00065EB019,Unknown
2009-07-12 00:41:32,00068E2227,Unknown
2009-07-12 00:43:14,00068E17E7,Unknown
2009-07-12 00:46:28,00068EAD8A,Unknown
2009-07-12 00:48:09,00068E1878,Unknown
2009-07-12 00:49:34,00065D7D8B,Unknown
2009-07-12 00:52:11,00068E2227,Unknown
2009-07-12 00:58:43,00001F5C08,Unknown
2009-07-12 01:00:01,00068E3435,Unknown
2009-07-12 01:01:57,00068E17E7,Unknown
2009-07-12 01:03:42,00068E19F7,Unknown
2009-07-12 01:04:14,00060F600D,Unknown
2009-07-12 01:04:24,00068EAD8A,Unknown
2009-07-12 01:12:13,00068E3435,Unknown
2009-07-12 01:14:34,00065D81D3,Unknown
2009-07-12 01:16:43,00068E1A46,Unknown
2009-07-12 01:17:46,00001F5C08,Unknown
2009-07-12 01:19:15,00065D81D3,Unknown
2009-07-12 01:23:58,00068E17E7,Unknown
2009-07-12 01:24:11,00065D81D3,Unknown
2009-07-12 01:25:32,00068E17E7,Unknown
2009-07-12 01:25:57,00068E17E7,Unknown
2009-07-12 01:28:10,00065DD7F6,Unknown
2009-07-12 01:34:50,0001F7D573,Unknown
2009-07-12 01:35:27,00065EC1B3,Unknown
2009-07-12 01:36:07,00065D81D3,Unknown
2009-07-12 01:36:31,00068E17E7,Unknown
2009-07-12 01:37:59,00065DD7F6,Unknown
2009-07-12 01:48:50,00065EC1B3,Unknown
2009-07-12 01:51:30,000697C596,Unknown
2009-07-12 01:54:11,00068E3546,Unknown
2009-07-12 01:58:31,00068E1FDB,Unknown
2009-07-12 01:58:42,00068E1FDB,Unknown
2009-07-12 01:59:37,0006979BE8,Unknown
2009-07-12 02:01:10,0006979BE8,Unknown
2009-07-12 02:02:07,000697D368,Unknown
2009-07-12 02:04:34,000697C596,Unknown
2009-07-12 02:08:37,00068E3546,Unknown
2009-07-12 02:10:21,00068E1A46,Unknown
2009-07-12 02:10:23,00068E3D73,Unknown
2009-07-12 02:11:46,000697D368,Unknown
2009-07-12 02:18:15,00068E2227,Unknown
2009-07-12 02:18:49,000697B0DE,Unknown
2009-07-12 02:19:34,0001F7D573,Unknown
2009-07-12 02:21:02,00065DD7F6,Unknown
2009-07-12 02:22:09,000697B0DE,Unknown
2009-07-12 02:22:22,00065DD7F6,Unknown
2009-07-12 02:24:22,00068E1878,Unknown
2009-07-12 02:24:56,00068E1A46,Unknown
2009-07-12 02:26:18,00068E2227,Unknown
2009-07-12 02:26:51,000697C596,Unknown
2009-07-12 02:30:06,00068E1878,Unknown
2009-07-12 02:32:18,000697C596,Unknown
2009-07-12 02:34:30,0001F7D573,Unknown
2009-07-12 02:34:35,00068E3D73,Unknown
2009-07-12 02:35:35,00068E2227,Unknown
2009-07-12 02:36:52,00068EAD8A,Unknown
2009-07-12 02:38:29,0006242035,Unknown
2009-07-12 02:40:51,00068E3435,Unknown
2009-07-12 02:41:01,00065D7D8B,Unknown
2009-07-12 02:41:13,00068E2227,Unknown
2009-07-12 02:43:34,00065DD7F6,Unknown
2009-07-12 02:44:52,00065EB019,Unknown
2009-07-12 02:47:04,00068EAD8A,Unknown
2009-07-12 02:54:12,00068E3435,Unknown
2009-07-12 02:55:11,0006242035,Unknown
2009-07-12 02:56:07,00068E1A46,Unknown
2009-07-12 02:59:16,00068E19F7,Unknown
2009-07-12 03:00:18,00065DD7F6,Unknown
2009-07-12 03:01:26,00065EC1B3,Unknown
2009-07-12 03:03:29,00060F600D,Unknown
2009-07-12 03:05:06,00065D7D8B,Unknown
2009-07-12 03:05:49,00068E1A46,Unknown
2009-07-12 03:09:11,00068E1878,Unknown
2009-07-12 03:09:38,00068E17E7,Unknown
2009-07-12 03:09:53,000697B0DE,Unknown
2009-07-12 03:10:52,00065D7D8B,Unknown
2009-07-12 03:14:42,00065D7D8B,Unknown
2009-07-12 03:14:55,000697B0DE,Unknown
2009-07-12 03:15:53,00001F5C08,Unknown
2009-07-12 03:16:16,0006979BE8,Unknown
2009-07-12 03:19:05,00065EC1B3,Unknown
2009-07-12 03:24:28,00068E17E7,Unknown
2009-07-12 03:26:07,00068E19F7,Unknown
2009-07-12 03:27:03,00065D81D3,Unknown
2009-07-12 03:28:15,00060F600D,Unknown
2009-07-12 03:28:22,0006979BE8,Unknown
2009-07-12 03:29:58,00068EA92B,Unknown
2009-07-12 03:33:45,000697B0DE,Unknown
2009-07-12 03:38:24,00065D81D3,Unknown
2009-07-12 03:38:37,00001F5C08,Unknown
2009-07-12 03:46:39,000697B0DE,Unknown
2009-07-12 03:52:12,000697B0DE,Unknown
2009-07-12 03:53:30,000697C596,Unknown
2009-07-12 03:54:21,000697D368,Unknown
2009-07-12 03:54:46,000697B0DE,Unknown
2009-07-12 03:55:34,000697C596,Unknown
2009-07-12 03:56:13,00068E3546,Unknown
2009-07-12 03:58:59,0006242035,Unknown
2009-07-12 04:02:46,00068E3546,Unknown
2009-07-12 04:03:48,0006242035,Unknown
2009-07-12 04:09:05,000697D368,Unknown
2009-07-12 04:11:21,00068EAD8A,Unknown
2009-07-12 04:12:18,0006242035,Unknown
2009-07-12 04:13:30,0006242035,Unknown
2009-07-12 04:21:37,00068EAD8A,Unknown
2009-07-12 04:24:53,0006242035,Unknown
2009-07-12 04:32:08,0006242035,Unknown
2009-07-12 04:48:05,00065D7D8B,Unknown
2009-07-12 04:50:40,000644514C,Unknown
2009-07-12 04:53:09,00068E1FDB,Unknown
2009-07-12 04:54:34,00068E3435,Unknown
2009-07-12 04:55:24,00068E3546,Unknown
2009-07-12 04:58:30,00065DD7F6,Unknown
2009-07-12 04:59:13,00065EC1B3,Unknown
2009-07-12 04:59:14,00068E1878,Unknown
2009-07-12 05:00:02,00068E3D73,Unknown
2009-07-12 05:00:05,00068E1A46,Unknown
2009-07-12 05:01:10,00068EAD8A,Unknown
2009-07-12 05:02:26,00001F5C08,Unknown
2009-07-12 05:02:31,000697D368,Unknown
2009-07-12 05:03:32,00060F600D,Unknown
2009-07-12 05:03:41,0001F7D573,Unknown
2009-07-12 05:03:49,00068E19F7,Unknown
2009-07-12 05:04:08,00068E2227,Unknown
2009-07-12 05:04:17,000697B0DE,Unknown
2009-07-12 05:04:47,0006979BE8,Unknown
2009-07-12 05:06:01,000697C596,Unknown
2009-07-12 05:09:47,00065D81D3,Unknown
2009-07-12 05:19:47,0006242035,Unknown
2009-07-12 09:09:30,00065E632D,Unknown
2009-07-12 09:22:02,00065E632D,Unknown
2009-07-12 09:27:51,00065E632D,Unknown
2009-07-12 09:45:16,8E602D0D0F,Unknown
2009-07-12 10:23:38,8E602D0D0F,Unknown
2009-07-12 19:57:59,8E602D0D0F,Unknown
2009-07-12 19:58:58,00065E632D,Unknown
2009-07-12 20:09:11,00065E632D,Unknown
2009-07-12 20:09:22,00065E632D,Unknown
2009-07-12 20:09:33,00065E632D,Unknown
2009-07-12 21:35:26,00065EB019,Unknown
2009-07-12 21:38:37,00068E1A46,Unknown
2009-07-12 21:38:59,00068E3546,Unknown
2009-07-12 21:40:09,00068E1878,Unknown
2009-07-12 21:40:15,00068E3435,Unknown
2009-07-12 21:43:56,00068E19F7,Unknown
2009-07-12 21:44:04,0001F7D573,Unknown
2009-07-12 21:46:48,00068EAD8A,Unknown
2009-07-12 21:47:09,00068E17E7,Unknown
2009-07-12 21:47:23,00068E2227,Unknown
2009-07-12 21:47:58,00068E3D73,Unknown
2009-07-12 21:48:10,000697C596,Unknown
2009-07-12 21:49:01,000697D368,Unknown
2009-07-12 21:49:22,00068EA92B,Unknown
2009-07-12 21:49:31,00001F5C08,Unknown
2009-07-12 21:49:45,0006242035,Unknown
2009-07-12 21:50:37,00065EC1B3,Unknown
2009-07-12 21:50:45,000644514C,Unknown
2009-07-12 21:51:14,00065D7D8B,Unknown
2009-07-12 21:51:45,00065DD7F6,Unknown
2009-07-12 21:51:56,00060F600D,Unknown
2009-07-12 21:53:14,00065D81D3,Unknown
2009-07-12 21:53:27,0006979BE8,Unknown
2009-07-12 21:54:10,00068E1FDB,Unknown
2009-07-12 22:04:22,000697B0DE,Unknown
2009-07-12 23:26:05,00068EA92B,Unknown
2009-07-12 23:32:25,00068EA92B,Unknown
2009-07-12 23:41:54,00068E1A46,Unknown
2009-07-12 23:42:58,00068E1A46,Unknown
2009-07-12 23:43:09,00068E1A46,Unknown
2009-07-12 23:55:17,0006242035,Unknown
2009-07-13 00:00:34,0006242035,Unknown
2009-07-13 00:04:25,00068E3546,Unknown
2009-07-13 00:05:06,00068E1A46,Unknown
2009-07-13 00:05:27,00068E2227,Unknown
2009-07-13 00:05:55,00068E1878,Unknown
2009-07-13 00:09:19,000697D368,Unknown
2009-07-13 00:13:13,00068E1878,Unknown
2009-07-13 00:15:29,00068E2227,Unknown
2009-07-13 00:19:00,00065EB019,Unknown
2009-07-13 00:19:37,00068E1A46,Unknown
2009-07-13 00:23:51,000697D368,Unknown
2009-07-13 00:26:14,00065EB019,Unknown
2009-07-13 00:50:37,000697D368,Unknown
2009-07-13 00:51:39,00068E2227,Unknown
2009-07-13 00:53:10,00068E2227,Unknown
2009-07-13 00:56:12,00068E3435,Unknown
2009-07-13 00:56:41,00068E3435,Unknown
2009-07-13 00:56:56,000697D368,Unknown
2009-07-13 01:06:14,00068E3435,Unknown
2009-07-13 01:06:40,000697D368,Unknown
2009-07-13 01:09:34,00068E3435,Unknown
2009-07-13 01:12:17,000697D368,Unknown
2009-07-13 01:20:56,00068E2227,Unknown
2009-07-13 01:21:42,00068E2227,Unknown
2009-07-13 01:23:19,00068E1A46,Unknown
2009-07-13 01:24:25,00068E1A46,Unknown
2009-07-13 01:29:44,00068E1A46,Unknown
2009-07-13 01:30:08,00068E1A46,Unknown
2009-07-13 01:30:19,00068E1878,Unknown
2009-07-13 01:30:29,00068E1A46,Unknown
2009-07-13 01:32:23,00068E1878,Unknown
2009-07-13 01:34:39,00068E1878,Unknown
2009-07-13 01:35:31,00068E1878,Unknown
2009-07-13 01:35:42,00068E1878,Unknown
2009-07-13 01:35:53,00068E1878,Unknown
2009-07-13 01:36:04,00068E1878,Unknown
2009-07-13 01:36:15,00068E1878,Unknown
2009-07-13 01:36:26,00068E1878,Unknown
2009-07-13 01:36:37,00068E1878,Unknown
2009-07-13 01:36:48,00068E1878,Unknown
2009-07-13 01:37:04,00068E1878,Unknown
2009-07-13 10:11:47,00065E632D,Unknown
2009-07-13 10:17:33,00065E632D,Unknown
2009-07-13 11:10:15,8E602D0D0F,Unknown
2009-07-13 20:07:42,8E602D0D0F,Unknown
2009-07-13 21:18:10,00068E3546,Unknown
2009-07-13 21:18:28,00065EB019,Unknown
2009-07-13 21:18:45,00068E19F7,Unknown
2009-07-13 21:19:24,00068E19F7,Unknown
2009-07-13 21:19:43,00068E2227,Unknown
2009-07-13 21:19:51,00068E1878,Unknown
2009-07-13 21:20:13,00068E3435,Unknown
2009-07-13 21:26:31,00001F5C08,Unknown
2009-07-13 21:26:41,0006242035,Unknown
2009-07-13 21:28:53,00068E1A46,Unknown
2009-07-13 21:29:26,000697C596,Unknown
2009-07-13 21:37:03,00068EA92B,Unknown
2009-07-13 21:37:19,000644514C,Unknown
2009-07-13 21:38:40,000697D368,Unknown
2009-07-13 21:42:11,00060F600D,Unknown
2009-07-13 21:42:45,0006979BE8,Unknown
2009-07-13 21:42:56,0006979BE8,Unknown
2009-07-13 21:43:07,0006979BE8,Unknown
2009-07-13 21:43:09,00068E3D73,Unknown
2009-07-13 21:43:11,00068E17E7,Unknown
2009-07-13 21:45:15,00068EAD8A,Unknown
2009-07-13 21:46:07,0000F8007E,Unknown
2009-07-13 21:47:23,00065EC1B3,Unknown
2009-07-13 21:48:25,00065D7D8B,Unknown
2009-07-13 21:50:57,00065D81D3,Unknown
2009-07-13 21:51:25,00065D81D3,Unknown
2009-07-13 21:53:08,00068E1FDB,Unknown
2009-07-13 21:54:10,00065DD7F6,Unknown
2009-07-13 22:04:08,000697B0DE,Unknown
2009-07-13 22:12:30,00001F5C08,Unknown
2009-07-13 22:21:33,00001F5C08,Unknown
2009-07-13 22:27:05,00068E2227,Unknown
2009-07-13 22:35:12,00068E2227,Unknown
2009-07-13 22:40:30,00065EB019,Unknown
2009-07-13 22:41:24,00065EB019,Unknown
2009-07-13 22:53:48,00068E1878,Unknown
2009-07-13 23:00:54,00068E1878,Unknown
2009-07-13 23:18:23,00068E19F7,Unknown
2009-07-13 23:24:29,0006242035,Unknown
2009-07-13 23:25:03,00065EB019,Unknown
2009-07-13 23:25:17,0006242035,Unknown
2009-07-13 23:25:23,00068E19F7,Unknown
2009-07-13 23:25:25,00068EA92B,Unknown
2009-07-13 23:25:30,00065EB019,Unknown
2009-07-13 23:32:34,000697D368,Unknown
2009-07-13 23:34:31,00068EA92B,Unknown
2009-07-13 23:43:51,00068E3D73,Unknown
2009-07-13 23:44:10,00068E3D73,Unknown
2009-07-14 00:03:00,00068E2227,Unknown
2009-07-14 00:03:13,00068E2227,Unknown
2009-07-14 00:06:58,00068E1A46,Unknown
2009-07-14 00:15:07,000697D368,Unknown
2009-07-14 00:26:31,00068E17E7,Unknown
2009-07-14 00:27:00,00068E17E7,Unknown
2009-07-14 00:27:18,00068E17E7,Unknown
2009-07-14 00:42:57,00065D7D8B,Unknown
2009-07-14 00:43:09,00065D7D8B,Unknown
2009-07-14 00:44:42,00065D7D8B,Unknown
2009-07-14 00:46:09,00068E17E7,Unknown
2009-07-14 00:47:11,00068EAD8A,Unknown
2009-07-14 00:50:53,00068EAD8A,Unknown
2009-07-14 00:58:55,00068E17E7,Unknown
2009-07-14 00:59:01,00065D7D8B,Unknown
2009-07-14 01:00:50,00001F5C08,Unknown
2009-07-14 01:31:27,00065D81D3,Unknown
2009-07-14 01:36:32,00065D81D3,Unknown
2009-07-14 08:53:38,00065E632D,Unknown
2009-07-14 08:58:09,00065E632D,Unknown
2009-07-14 09:11:16,8E602D0D0F,Unknown
2009-07-14 19:15:49,8E602D0D0F,Unknown
2009-07-14 21:26:02,00068EAD8A,Unknown
2009-07-14 21:26:06,00065D81D3,Unknown
2009-07-14 21:27:55,00068E3D73,Unknown
2009-07-14 21:27:59,00068E17E7,Unknown
2009-07-14 21:33:01,00068EAD8A,Unknown
2009-07-14 21:34:03,00065D7D8B,Unknown
2009-07-14 21:35:54,0006979BE8,Unknown
2009-07-14 21:42:40,00068E1FDB,Unknown
2009-07-14 21:42:49,00068EAD8A,Unknown
2009-07-14 21:42:57,00065DD7F6,Unknown
2009-07-14 21:49:00,000697B0DE,Unknown
2009-07-14 23:42:26,00068E17E7,Unknown
2009-07-14 23:44:49,00065D81D3,Unknown
2009-07-14 23:47:44,00065D81D3,Unknown
2009-07-15 00:06:44,00068E17E7,Unknown
2009-07-15 00:06:51,00065D7D8B,Unknown
2009-07-15 00:07:32,00068E17E7,Unknown
2009-07-15 00:07:44,00065D7D8B,Unknown
2009-07-15 01:09:06,00068EAD8A,Unknown
2009-07-15 01:09:18,00068EAD8A,Unknown
2009-07-15 02:06:15,00068E17E7,Unknown
2009-07-15 02:07:19,00065D81D3,Unknown
2009-07-15 02:08:23,00065D81D3,Unknown
2009-07-15 02:29:39,00065D81D3,Unknown
2009-07-15 02:39:20,000697B0DE,Unknown
2009-07-15 02:41:01,0006979BE8,Unknown
2009-07-15 03:05:28,000697B0DE,Unknown
2009-07-15 03:05:47,000697B0DE,Unknown
2009-07-15 03:35:06,00065DD7F6,Unknown
2009-07-15 03:44:21,00065D81D3,Unknown
2009-07-15 03:44:35,00065D81D3,Unknown
2009-07-15 03:47:06,00065D81D3,Unknown
2009-07-15 03:48:07,00065D81D3,Unknown
2009-07-15 03:50:25,00065D81D3,Unknown
2009-07-15 03:52:17,00065D81D3,Unknown
2009-07-15 03:53:18,00065D81D3,Unknown
2009-07-15 03:53:31,00065D81D3,Unknown
2009-07-15 03:55:35,00068E17E7,Unknown
2009-07-15 03:58:32,00068EAD8A,Unknown
2009-07-15 03:58:44,00065D81D3,Unknown
2009-07-15 04:00:42,00068E3D73,Unknown
2009-07-15 04:18:38,00068EAD8A,Unknown
2009-07-15 04:33:49,00068E17E7,Unknown
2009-07-15 04:39:55,0006979BE8,Unknown
2009-07-15 04:41:32,00065D81D3,Unknown
2009-07-15 04:41:46,00065D81D3,Unknown
2009-07-15 04:44:05,00068EAD8A,Unknown
2009-07-15 04:45:46,00065D81D3,Unknown
2009-07-15 04:47:05,00068EAD8A,Unknown
2009-07-15 04:49:49,00068E1FDB,Unknown
2009-07-15 04:51:31,0006979BE8,Unknown
2009-07-15 04:52:22,00068EAD8A,Unknown
2009-07-15 04:53:05,00068EAD8A,Unknown
2009-07-15 04:53:22,00068EAD8A,Unknown
2009-07-15 05:03:57,0006979BE8,Unknown
2009-07-15 05:10:13,00068E3D73,Unknown
2009-07-15 05:10:14,00065D81D3,Unknown
2009-07-15 05:10:31,00065D81D3,Unknown
2009-07-15 05:29:33,00065D81D3,Unknown
2009-07-15 05:31:46,0006979BE8,Unknown
2009-07-15 09:42:59,00065E632D,Unknown
2009-07-15 09:52:20,00065E632D,Unknown
2009-07-15 11:13:57,8E602D0D0F,Unknown
2009-07-15 18:27:46,8E602D0D0F,Unknown
2009-07-15 18:45:53,8E602D0D0F,Unknown
2009-07-15 21:38:12,0006979BE8,Unknown
2009-07-15 21:38:22,0005FE0832,Unknown
2009-07-15 21:38:43,0006444F30,Unknown
2009-07-15 21:41:35,00065D81D3,Unknown
2009-07-15 21:41:57,00060D7AE7,Unknown
2009-07-15 21:41:59,00065D9BC6,Unknown
2009-07-15 21:43:06,00068E3D57,Unknown
2009-07-15 21:46:23,0006160637,Unknown
2009-07-15 21:48:00,00060D7AE7,Unknown
2009-07-15 21:49:11,0006979D37,Unknown
2009-07-15 21:51:15,00065DA08A,Unknown
2009-07-15 21:51:45,00065EB6E2,Unknown
2009-07-15 21:51:55,00068EAD8A,Unknown
2009-07-15 21:53:17,00068E0587,Unknown
2009-07-15 21:53:25,00068E1FDB,Unknown
2009-07-15 21:53:29,00068E17E7,Unknown
2009-07-15 21:53:51,00060FA7EA,Unknown
2009-07-15 21:56:09,00065DD7F6,Unknown
2009-07-15 21:57:03,00060D7AE7,Unknown
2009-07-15 22:06:52,00065D7D8B,Unknown
2009-07-15 22:13:44,000697B0DE,Unknown
2009-07-15 22:14:02,00068E9C1A,Unknown
2009-07-15 22:14:21,0006179D52,Unknown
2009-07-15 22:14:46,00068E8B1B,Unknown
2009-07-15 22:15:04,00065DA08A,Unknown
2009-07-15 22:20:14,00068E9C1A,Unknown
2009-07-15 22:21:32,0006179D52,Unknown
2009-07-15 22:23:15,00065D7D8B,Unknown
2009-07-15 22:25:05,00065DA08A,Unknown
2009-07-15 22:25:30,00068E8B1B,Unknown
2009-07-15 22:31:55,00068E3D73,Unknown
2009-07-15 22:32:30,00068E3D73,Unknown
2009-07-15 22:36:19,00065D9BC6,Unknown
2009-07-15 22:44:17,00068E3D57,Unknown
2009-07-15 22:50:20,00065D9BC6,Unknown
2009-07-15 23:24:09,00068E9C1A,Unknown
2009-07-15 23:26:17,00068E9C1A,Unknown
2009-07-16 00:07:32,00068E3D73,Unknown
2009-07-16 00:08:49,00068E17E7,Unknown
2009-07-16 00:14:03,00068E3D73,Unknown
2009-07-16 00:14:06,00068E17E7,Unknown
2009-07-16 00:17:01,00068E17E7,Unknown
2009-07-16 00:17:13,00068E9C1A,Unknown
2009-07-16 00:17:16,00065EA1D4,Unknown
2009-07-16 00:19:02,00065EA1D4,Unknown
2009-07-16 00:19:08,00068E9C1A,Unknown
2009-07-16 00:20:44,00068E3D73,Unknown
2009-07-16 00:22:38,00065EA1D4,Unknown
2009-07-16 00:24:02,00065EA1D4,Unknown
2009-07-16 00:24:43,00065D7D8B,Unknown
2009-07-16 00:27:19,00068EAD8A,Unknown
2009-07-16 00:28:24,00065DA08A,Unknown
2009-07-16 00:29:33,00068EAD8A,Unknown
2009-07-16 00:31:44,00068EAD8A,Unknown
2009-07-16 00:33:13,00068E17E7,Unknown
2009-07-16 00:33:56,00068E3D73,Unknown
2009-07-16 00:40:53,00068EAD8A,Unknown
2009-07-16 00:44:39,00068E3D73,Unknown
2009-07-16 00:49:35,00068E3D73,Unknown
2009-07-16 00:51:02,00065D7D8B,Unknown
2009-07-16 01:03:12,00068E3D73,Unknown
2009-07-16 01:04:13,00068E3D73,Unknown
2009-07-16 01:04:55,00068E9C1A,Unknown
2009-07-16 01:05:04,0006179D52,Unknown
2009-07-16 01:05:15,0006179D52,Unknown
2009-07-16 01:09:21,00068E9C1A,Unknown
2009-07-16 01:11:40,00068E3D57,Unknown
2009-07-16 01:13:25,0006179D52,Unknown
2009-07-16 01:14:58,00068E3D73,Unknown
2009-07-16 02:29:39,00065D7D8B,Unknown
2009-07-16 02:31:09,00065D81D3,Unknown
2009-07-16 02:32:46,0006444F30,Unknown
2009-07-16 02:33:29,00060D7AE7,Unknown
2009-07-16 02:36:54,00065D81D3,Unknown
2009-07-16 02:37:03,00060D7AE7,Unknown
2009-07-16 02:41:47,0006444F30,Unknown
2009-07-16 02:41:53,00065D81D3,Unknown
2009-07-16 02:43:16,00068E3D57,Unknown
2009-07-16 02:43:41,00065D81D3,Unknown
2009-07-16 02:50:31,000697B0DE,Unknown
2009-07-16 02:58:05,000697B0DE,Unknown
2009-07-16 03:03:06,00065D7D8B,Unknown
2009-07-16 03:14:56,00068E3D73,Unknown
2009-07-16 03:15:20,00068E3D73,Unknown
2009-07-16 03:19:26,0006444F30,Unknown
2009-07-16 03:21:44,00068EAD8A,Unknown
2009-07-16 03:22:01,00068E3D73,Unknown
2009-07-16 03:22:24,00068EAD8A,Unknown
2009-07-16 03:22:34,00065D81D3,Unknown
2009-07-16 03:23:12,00065D81D3,Unknown
2009-07-16 03:23:25,00068E3D73,Unknown
2009-07-16 03:23:56,00065D81D3,Unknown
2009-07-16 03:24:37,00068E17E7,Unknown
2009-07-16 03:25:34,000697BE7E,Unknown
2009-07-16 03:26:38,00068E3D73,Unknown
2009-07-16 03:27:00,00060D7AE7,Unknown
2009-07-16 03:28:36,0006444F30,Unknown
2009-07-16 03:34:21,00065D81D3,Unknown
2009-07-16 03:42:57,00068E17E7,Unknown
2009-07-16 03:43:02,00068E3D73,Unknown
2009-07-16 04:34:44,0006979BE8,Unknown
2009-07-16 04:38:14,0006979BE8,Unknown
2009-07-16 04:40:57,00068EAD8A,Unknown
2009-07-16 04:50:17,00068EAD8A,Unknown
2009-07-16 05:02:09,00065DD7F6,Unknown
2009-07-16 05:02:36,00065D7D8B,Unknown
2009-07-16 05:04:59,000697B0DE,Unknown
2009-07-16 05:08:55,0006979BE8,Unknown
2009-07-16 05:09:30,00068E1FDB,Unknown
2009-07-16 05:10:25,00068E3D57,Unknown
2009-07-16 05:11:28,00068E3D73,Unknown
2009-07-16 05:11:57,00065D81D3,Unknown
2009-07-16 05:12:19,00068E17E7,Unknown
2009-07-16 05:14:44,00060D7AE7,Unknown
2009-07-16 05:17:36,00060D7AE7,Unknown
2009-07-16 05:18:39,00060D7AE7,Unknown
2009-07-16 05:19:54,00068EAD8A,Unknown
2009-07-16 05:34:10,00068E9C1A,Unknown
2009-07-16 05:34:28,00068E9C1A,Unknown
2009-07-16 09:31:46,00065E632D,Unknown
2009-07-16 10:03:10,00065E632D,Unknown
2009-07-16 10:08:13,00065E632D,Unknown
2009-07-16 11:07:59,8E602D0D0F,Unknown
2009-07-16 18:48:34,8E602D0D0F,Unknown
2009-07-16 18:50:15,8E602D0D0F,Unknown
2009-07-16 21:23:15,00068E2227,Unknown
2009-07-16 21:23:29,00068E2227,Unknown
2009-07-16 21:23:34,00068E17E7,Unknown
2009-07-16 21:26:29,00068E1A46,Unknown
2009-07-16 21:26:59,00068EA92B,Unknown
2009-07-16 21:27:12,00068EA92B,Unknown
2009-07-16 21:29:41,00068EA92B,Unknown
2009-07-16 21:31:50,0006242035,Unknown
2009-07-16 21:32:29,00068EAD8A,Unknown
2009-07-16 21:32:30,00065D81D3,Unknown
2009-07-16 21:32:31,00068E3D73,Unknown
2009-07-16 21:34:27,000644514C,Unknown
2009-07-16 21:35:12,00065EC1B3,Unknown
2009-07-16 21:35:51,000644514C,Unknown
2009-07-16 21:36:43,0006979BE8,Unknown
2009-07-16 21:38:43,00068E1FDB,Unknown
2009-07-16 21:41:18,00060D7AE7,Unknown
2009-07-16 21:43:41,00068E3D57,Unknown
2009-07-16 21:44:16,0005FE0832,Unknown
2009-07-16 21:45:11,00065DD7F6,Unknown
2009-07-16 21:45:55,00065EB6E2,Unknown
2009-07-16 21:51:20,00065D7D8B,Unknown
2009-07-16 21:51:45,000697B0DE,Unknown
2009-07-16 22:38:18,00068E1A46,Unknown
2009-07-16 22:43:48,00068E1A46,Unknown
2009-07-16 23:17:08,00068E2227,Unknown
2009-07-16 23:17:20,00068E2227,Unknown
2009-07-16 23:26:02,00068E2227,Unknown
2009-07-16 23:26:24,00068E2227,Unknown
2009-07-16 23:48:50,00068EA92B,Unknown
2009-07-16 23:48:58,00068E2227,Unknown
2009-07-16 23:49:21,00068E2227,Unknown
2009-07-16 23:49:33,00068EA92B,Unknown
2009-07-16 23:55:08,00068E2227,Unknown
2009-07-17 00:06:02,00001F5C08,Unknown
2009-07-17 00:12:25,00001F5C08,Unknown
2009-07-17 00:12:34,00068EA92B,Unknown
2009-07-17 00:25:53,00068E17E7,Unknown
2009-07-17 00:57:07,00068E1A46,Unknown
2009-07-17 00:57:25,00068E1A46,Unknown
2009-07-17 00:57:35,00001F5C08,Unknown
2009-07-17 02:25:53,00068EA92B,Unknown
2009-07-17 02:27:51,00001F5C08,Unknown
2009-07-17 03:54:24,00068E1A46,Unknown
2009-07-17 03:54:39,00068E1A46,Unknown
2009-07-17 03:54:50,00068E1A46,Unknown
2009-07-17 03:55:06,00068E1A46,Unknown
2009-07-17 03:55:42,00068E1A46,Unknown
2009-07-17 03:56:37,00068E1A46,Unknown
2009-07-17 05:26:00,0006242035,Unknown
2009-07-17 05:26:24,0006242035,Unknown
2009-07-17 05:26:35,0006242035,Unknown
2009-07-17 09:50:23,00065E632D,Unknown
2009-07-17 09:52:42,00065E632D,Unknown
2009-07-17 09:55:18,00065E632D,Unknown
2009-07-17 11:10:53,8E602D0D0F,Unknown
2009-07-17 11:19:38,8E602D0D0F,Unknown
2009-07-17 18:03:18,8E602D0D0F,Unknown
2009-07-18 08:34:54,00065E632D,Unknown
2009-07-18 09:37:43,8E602D0D0F,Unknown
2009-07-18 19:38:24,8E602D0D0F,Unknown
2009-07-18 19:39:28,00065E632D,Unknown
2009-07-18 21:51:19,00065D81D3,Unknown
2009-07-19 00:21:10,00065D81D3,Unknown
2009-07-19 00:46:49,00065D7D8B,Unknown
2009-07-19 01:32:45,00065D81D3,Unknown
2009-07-19 01:33:27,00065D81D3,Unknown
2009-07-19 01:37:56,00065D81D3,Unknown
2009-07-19 02:15:29,00065D81D3,Unknown
2009-07-19 03:28:37,00065DD7F6,Unknown
2009-07-19 03:32:48,00065D81D3,Unknown
2009-07-19 03:36:19,00065D7D8B,Unknown
2009-07-19 03:43:14,00065D81D3,Unknown
2009-07-19 05:12:57,00065D7D8B,Unknown
2009-07-19 05:14:16,00065DD7F6,Unknown
2009-07-19 05:26:18,00065D81D3,Unknown
2009-07-19 09:23:52,00065E632D,Unknown
2009-07-19 10:21:54,8E602D0D0F,Unknown
2009-07-19 17:45:26,8E602D0D0F,Unknown
2009-07-19 21:27:46,00068EAD8A,Unknown
2009-07-19 21:28:45,00068E17E7,Unknown
2009-07-19 21:31:18,00065D81D3,Unknown
2009-07-19 21:36:37,00068E1FDB,Unknown
2009-07-19 21:36:59,00068E1FDB,Unknown
2009-07-19 21:39:03,0006979BE8,Unknown
2009-07-19 21:40:00,00065D7D8B,Unknown
2009-07-19 21:45:28,00065DD7F6,Unknown
2009-07-19 22:45:51,00068E17E7,Unknown
2009-07-19 22:58:13,00068E17E7,Unknown
2009-07-19 23:47:26,00065D81D3,Unknown
2009-07-19 23:47:39,00065D81D3,Unknown
2009-07-20 01:01:28,00065D7D8B,Unknown
2009-07-20 01:01:40,00065D7D8B,Unknown
2009-07-20 01:04:37,00065D7D8B,Unknown
2009-07-20 01:05:31,00065D7D8B,Unknown
2009-07-20 01:20:00,00065D7D8B,Unknown
2009-07-20 01:27:01,00068E17E7,Unknown
2009-07-20 01:29:31,00065D81D3,Unknown
2009-07-20 01:30:20,00065D81D3,Unknown
2009-07-20 01:33:33,00065D7D8B,Unknown
2009-07-20 01:44:51,00068E17E7,Unknown
2009-07-20 02:15:56,00068EAD8A,Unknown
2009-07-20 02:17:45,00068EAD8A,Unknown
2009-07-20 02:24:55,00068EAD8A,Unknown
2009-07-20 02:29:06,00068E17E7,Unknown
2009-07-20 02:41:15,00068E17E7,Unknown
2009-07-20 02:57:58,00065D81D3,Unknown
2009-07-20 02:58:44,00065D81D3,Unknown
2009-07-20 03:05:02,00065D81D3,Unknown
2009-07-20 03:06:10,00065D81D3,Unknown
2009-07-20 03:19:00,00065D81D3,Unknown
2009-07-20 03:24:49,00065D81D3,Unknown
2009-07-20 03:32:22,00065D7D8B,Unknown
2009-07-20 03:32:54,0006979BE8,Unknown
2009-07-20 03:34:58,0006979BE8,Unknown
2009-07-20 03:36:25,00065D7D8B,Unknown
2009-07-20 03:41:02,00065D7D8B,Unknown
2009-07-20 03:50:41,00065D7D8B,Unknown
2009-07-20 03:50:56,00065D7D8B,Unknown
2009-07-20 03:55:31,00068E17E7,Unknown
2009-07-20 03:55:52,0006979BE8,Unknown
2009-07-20 03:57:46,00065D7D8B,Unknown
2009-07-20 03:58:51,00065D7D8B,Unknown
2009-07-20 04:06:00,00065D7D8B,Unknown
2009-07-20 04:11:22,00065D7D8B,Unknown
2009-07-20 04:52:29,00068EAD8A,Unknown
2009-07-20 04:56:16,00068EAD8A,Unknown
2009-07-20 04:57:54,00068EAD8A,Unknown
2009-07-20 05:03:17,00068EAD8A,Unknown
2009-07-20 05:08:42,000697B0DE,Unknown
2009-07-20 05:23:09,00068E3D73,Unknown
2009-07-20 05:27:58,00065D7D8B,Unknown
2009-07-20 05:30:22,00068E1FDB,Unknown
2009-07-20 05:34:10,00065D81D3,Unknown
2009-07-20 05:35:20,00068EAD8A,Unknown
2009-07-20 10:05:19,00065E632D,Unknown
2009-07-20 11:10:19,8E602D0D0F,Unknown
2009-07-21 11:38:16,8E602D0D0F,Unknown
2009-07-21 17:45:17,8E602D0D0F,Unknown
2009-07-21 18:01:55,8E602D0D0F,Unknown
2009-07-21 18:12:23,000697D368,Unknown
2009-07-21 21:24:23,00068E17E7,Unknown
2009-07-21 21:30:15,00068E2227,Unknown
2009-07-21 21:30:18,00068EAD8A,Unknown
2009-07-21 21:31:37,00068E3D73,Unknown
2009-07-21 21:32:12,0006979BE8,Unknown
2009-07-21 21:32:35,00068E19F7,Unknown
2009-07-21 21:32:46,00068E19F7,Unknown
2009-07-21 21:32:59,00068E1878,Unknown
2009-07-21 21:33:06,00065EC1B3,Unknown
2009-07-21 21:33:11,00065D81D3,Unknown
2009-07-21 21:33:20,00065EC1B3,Unknown
2009-07-21 21:34:00,00068E19F7,Unknown
2009-07-21 21:34:00,0000F8007E,Unknown
2009-07-21 21:34:07,00068EA92B,Unknown
2009-07-21 21:35:38,00068E3435,Unknown
2009-07-21 21:35:48,0001F7D573,Unknown
2009-07-21 21:36:17,00065DD7F6,Unknown
2009-07-21 21:36:37,00001F5C08,Unknown
2009-07-21 21:36:39,00068E1A46,Unknown
2009-07-21 21:36:42,00065EC1B3,Unknown
2009-07-21 21:39:04,000697C596,Unknown
2009-07-21 21:39:23,000697C596,Unknown
2009-07-21 21:40:15,0006242035,Unknown
2009-07-21 21:40:20,000697D368,Unknown
2009-07-21 21:40:31,000697D368,Unknown
2009-07-21 21:41:11,00068E3546,Unknown
2009-07-21 21:43:38,00060F600D,Unknown
2009-07-21 21:44:38,000644514C,Unknown
2009-07-21 21:46:52,00065D7D8B,Unknown
2009-07-21 21:47:35,00068E1FDB,Unknown
2009-07-21 23:49:12,00068E2227,Unknown
2009-07-21 23:49:41,00068E2227,Unknown
2009-07-22 00:15:00,00065D81D3,Unknown
2009-07-22 00:15:40,00065D81D3,Unknown
2009-07-22 01:08:07,00001F5C08,Unknown
2009-07-22 01:08:25,00001F5C08,Unknown
2009-07-22 02:04:05,00065D7D8B,Unknown
2009-07-22 02:50:53,00065D7D8B,Unknown
2009-07-22 05:24:52,00068E1FDB,Unknown
2009-07-22 05:26:48,00068E1FDB,Unknown
2009-07-22 09:30:38,00065E632D,Unknown
2009-07-22 09:38:17,00065E632D,Unknown
2009-07-22 10:27:05,8E602D0D0F,Unknown
2009-07-22 10:49:41,8E602D0D0F,Unknown
2009-07-22 19:30:23,8E602D0D0F,Unknown
2009-07-22 19:30:41,00065E632D,Unknown
2009-07-22 19:38:57,8E602D0D0F,Unknown
2009-07-22 19:49:56,8E602D0D0F,Unknown
2009-07-22 19:56:21,8E602D0D0F,Unknown
2009-07-22 20:08:10,8E602D0D0F,Unknown
2009-07-22 21:21:07,0005FE0832,Unknown
2009-07-22 21:23:43,00068E2D0E,Unknown
2009-07-22 21:24:09,000697BE7E,Unknown
2009-07-22 21:27:03,00065EB019,Unknown
2009-07-22 21:29:51,0005FE0832,Unknown
2009-07-22 21:31:16,00068E1A46,Unknown
2009-07-22 21:32:16,000697D368,Unknown
2009-07-22 21:32:17,00068E3862,Unknown
2009-07-22 21:32:19,00068E2063,Unknown
2009-07-22 21:33:18,00001F5C08,Unknown
2009-07-22 21:33:23,00068E1878,Unknown
2009-07-22 21:34:28,00068E3D57,Unknown
2009-07-22 21:34:36,00068E3546,Unknown
2009-07-22 21:34:39,00068E3D57,Unknown
2009-07-22 21:34:42,0001F7D573,Unknown
2009-07-22 21:34:57,00060D7AE7,Unknown
2009-07-22 21:35:00,0006979C67,Unknown
2009-07-22 21:36:08,0006979B84,Unknown
2009-07-22 21:37:13,00061013E4,Unknown
2009-07-22 21:37:17,00068E17E7,Unknown
2009-07-22 21:37:19,00065D81D3,Unknown
2009-07-22 21:37:24,00068E3D73,Unknown
2009-07-22 21:37:27,00068E2227,Unknown
2009-07-22 21:37:36,00060F66F2,Unknown
2009-07-22 21:37:38,00068E1C26,Unknown
2009-07-22 21:37:50,00068E3435,Unknown
2009-07-22 21:38:16,0006160637,Unknown
2009-07-22 21:38:35,000697BD11,Unknown
2009-07-22 21:38:57,0006242035,Unknown
2009-07-22 21:39:06,00061D27AC,Unknown
2009-07-22 21:39:17,00061D27AC,Unknown
2009-07-22 21:39:30,00068E0F02,Unknown
2009-07-22 21:39:36,00068E0587,Unknown
2009-07-22 21:39:37,00068E19F7,Unknown
2009-07-22 21:39:45,00068E35E1,Unknown
2009-07-22 21:39:46,0006444F30,Unknown
2009-07-22 21:39:52,00068EA92B,Unknown
2009-07-22 21:40:04,00068EA92B,Unknown
2009-07-22 21:40:27,00061D3DC5,Unknown
2009-07-22 21:40:38,00068E1A38,Unknown
2009-07-22 21:40:43,0006979ABE,Unknown
2009-07-22 21:41:53,00068E9C1A,Unknown
2009-07-22 21:42:03,00068E0DE6,Unknown
2009-07-22 21:42:14,00068E0DE6,Unknown
2009-07-22 21:42:51,000697A268,Unknown
2009-07-22 21:43:06,0006979D37,Unknown
2009-07-22 21:43:14,00068EAD8A,Unknown
2009-07-22 21:43:20,00065EB6E2,Unknown
2009-07-22 21:43:34,000644514C,Unknown
2009-07-22 21:43:45,00065DA08A,Unknown
2009-07-22 21:44:13,0006979BE8,Unknown
2009-07-22 21:44:26,00065EC1B3,Unknown
2009-07-22 21:45:42,00060F600D,Unknown
2009-07-22 21:46:15,00060FA7EA,Unknown
2009-07-22 21:46:23,000697C596,Unknown
2009-07-22 21:46:37,0000F8007E,Unknown
2009-07-22 21:46:40,00068E1FDB,Unknown
2009-07-22 21:46:52,00068E1FDB,Unknown
2009-07-22 21:48:38,00065DD7F6,Unknown
2009-07-22 21:48:48,00065D7D8B,Unknown
2009-07-22 21:51:39,00065D9BC6,Unknown
2009-07-22 21:55:59,00068E8B1B,Unknown
2009-07-22 22:02:18,000697B0DE,Unknown
2009-07-22 22:27:07,00068E3D73,Unknown
2009-07-22 22:48:19,00068E3D73,Unknown
2009-07-22 23:33:47,00065DA08A,Unknown
2009-07-22 23:34:25,00068E8B1B,Unknown
2009-07-22 23:36:41,00068E8B1B,Unknown
2009-07-22 23:38:41,00065D81D3,Unknown
2009-07-22 23:42:41,00065DA08A,Unknown
2009-07-22 23:52:51,00001F5C08,Unknown
2009-07-22 23:52:59,00068E1A46,Unknown
2009-07-22 23:53:27,00068E1A46,Unknown
2009-07-22 23:55:14,00001F5C08,Unknown
2009-07-23 00:18:47,00068E1A46,Unknown
2009-07-23 00:19:23,00068E1A46,Unknown
2009-07-23 00:19:28,00068E1878,Unknown
2009-07-23 00:19:39,00068E1A46,Unknown
2009-07-23 00:19:58,00068E1878,Unknown
2009-07-23 00:40:56,00065EB6E2,Unknown
2009-07-23 00:49:57,00068E3D57,Unknown
2009-07-23 02:38:37,00065DA08A,Unknown
2009-07-23 02:53:59,00065DA08A,Unknown
2009-07-23 03:12:03,000697BD11,Unknown
2009-07-23 03:12:17,000697BD11,Unknown
2009-07-23 03:12:48,000697BD11,Unknown
2009-07-23 03:29:37,00060F66F2,Unknown
2009-07-23 03:29:51,00060F66F2,Unknown
2009-07-23 03:30:02,00060F66F2,Unknown
2009-07-23 03:32:09,00065DA08A,Unknown
2009-07-23 03:32:24,000697BD11,Unknown
2009-07-23 03:33:04,00065EA1D4,Unknown
2009-07-23 03:37:52,00065EA1D4,Unknown
2009-07-23 03:39:19,00065DA08A,Unknown
2009-07-23 03:39:25,000697BD11,Unknown
2009-07-23 03:41:03,00065EA1D4,Unknown
2009-07-23 03:41:16,00065EA1D4,Unknown
2009-07-23 03:44:12,00065EA1D4,Unknown
2009-07-23 05:03:53,00065DA08A,Unknown
2009-07-23 05:04:25,0006979863,Unknown
2009-07-23 05:04:53,000697BD11,Unknown
2009-07-23 05:06:38,0006979863,Unknown
2009-07-23 05:07:46,0006979863,Unknown
2009-07-23 05:08:57,0006979863,Unknown
2009-07-23 05:11:02,00061013E4,Unknown
2009-07-23 05:11:57,00068E8B1B,Unknown
2009-07-23 05:12:07,00060F66F2,Unknown
2009-07-23 05:12:39,000697A268,Unknown
2009-07-23 05:13:56,00068E0F02,Unknown
2009-07-23 05:16:49,00068E1FDB,Unknown
2009-07-23 05:17:38,0006979ABE,Unknown
2009-07-23 05:18:38,00061D27AC,Unknown
2009-07-23 05:19:39,00068E35E1,Unknown
2009-07-23 05:19:51,00065D81D3,Unknown
2009-07-23 05:20:31,00068E9C1A,Unknown
2009-07-23 05:20:57,00061013E4,Unknown
2009-07-23 05:22:13,00068EAD8A,Unknown
2009-07-23 05:24:12,00068E17E7,Unknown
2009-07-23 05:24:42,00068EAD8A,Unknown
2009-07-23 05:25:59,00068E17E7,Unknown
2009-07-23 05:26:01,00068EAD8A,Unknown
2009-07-23 05:26:26,0006979B84,Unknown
2009-07-23 05:30:45,0006979863,Unknown
2009-07-23 08:02:38,00065E632D,Unknown
2009-07-23 08:15:13,00065E632D,Unknown
2009-07-23 08:18:31,00065E632D,Unknown
2009-07-23 08:28:26,00065E632D,Unknown
2009-07-23 08:30:50,00065E632D,Unknown
2009-07-23 08:32:32,00065E632D,Unknown
2009-07-23 18:46:50,8E602D0D0F,Unknown
2009-07-23 18:47:30,00065E632D,Unknown
2009-07-23 19:06:00,8E602D0D0F,Unknown
2009-07-23 19:06:50,00065E632D,Unknown
2009-07-23 19:12:56,8E602D0D0F,Unknown
2009-07-23 19:34:55,8E602D0D0F,Unknown
2009-07-23 19:35:48,00065E632D,Unknown
2009-07-23 19:37:56,8E602D0D0F,Unknown
2009-07-23 19:38:46,00065E632D,Unknown
2009-07-23 20:03:47,8E602D0D0F,Unknown
2009-07-23 21:21:30,00068E17E7,Unknown
2009-07-23 21:22:21,0006242035,Unknown
2009-07-23 21:26:08,00068E3862,Unknown
2009-07-23 21:26:43,00061D3DC5,Unknown
2009-07-23 21:27:10,00060D7AE7,Unknown
2009-07-23 21:27:15,000697BE7E,Unknown
2009-07-23 21:28:04,0005FE0832,Unknown
2009-07-23 21:28:48,00068E2063,Unknown
2009-07-23 21:29:22,00068E3D73,Unknown
2009-07-23 21:29:39,0006160637,Unknown
2009-07-23 21:31:24,00068E1878,Unknown
2009-07-23 21:32:34,00065DD7F6,Unknown
2009-07-23 21:33:38,00068E2227,Unknown
2009-07-23 21:34:08,00068E3546,Unknown
2009-07-23 21:34:19,00065EB019,Unknown
2009-07-23 21:34:32,00068E9C1A,Unknown
2009-07-23 21:34:44,0001F7D573,Unknown
2009-07-23 21:35:15,0006444F30,Unknown
2009-07-23 21:35:23,00068E1FDB,Unknown
2009-07-23 21:35:26,0006979D37,Unknown
2009-07-23 21:35:37,00068E1FDB,Unknown
2009-07-23 21:35:40,000697BD11,Unknown
2009-07-23 21:35:46,0006979C67,Unknown
2009-07-23 21:36:04,00065EB6E2,Unknown
2009-07-23 21:36:15,00068E3D57,Unknown
2009-07-23 21:36:23,00065DA08A,Unknown
2009-07-23 21:36:53,0006979B84,Unknown
2009-07-23 21:36:53,00068E1FDB,Unknown
2009-07-23 21:37:09,00060F66F2,Unknown
2009-07-23 21:37:10,0006979B84,Unknown
2009-07-23 21:37:21,000697B0DE,Unknown
2009-07-23 21:37:35,00068E0DE6,Unknown
2009-07-23 21:38:08,00065D81D3,Unknown
2009-07-23 21:40:11,00068E3435,Unknown
2009-07-23 21:40:20,00068EA92B,Unknown
2009-07-23 21:40:42,00068E19F7,Unknown
2009-07-23 21:40:48,00068E2063,Unknown
2009-07-23 21:41:37,0006242035,Unknown
2009-07-23 21:41:59,00060FA7EA,Unknown
2009-07-23 21:42:34,00065D9BC6,Unknown
2009-07-23 21:42:44,00068E1A46,Unknown
2009-07-23 21:42:55,00068E0587,Unknown
2009-07-23 21:43:04,00068E1C26,Unknown
2009-07-23 21:43:19,00061013E4,Unknown
2009-07-23 21:43:35,00061D27AC,Unknown
2009-07-23 21:43:41,0006979ABE,Unknown
2009-07-23 21:43:44,000697A268,Unknown
2009-07-23 21:44:10,00001F5C08,Unknown
2009-07-23 21:44:25,0000F8007E,Unknown
2009-07-23 21:44:58,00068E35E1,Unknown
2009-07-23 21:45:35,000697D368,Unknown
2009-07-23 21:45:38,00068E0F02,Unknown
2009-07-23 21:46:45,00065EC1B3,Unknown
2009-07-23 21:47:58,00060F600D,Unknown
2009-07-23 21:51:11,00068E8B1B,Unknown
2009-07-23 21:52:25,000644514C,Unknown
2009-07-23 22:23:52,00060F66F2,Unknown
2009-07-23 22:25:17,00060F66F2,Unknown
2009-07-23 23:06:19,00068EA92B,Unknown
2009-07-23 23:48:22,00001F5C08,Unknown
2009-07-24 01:39:19,00068E2227,Unknown
2009-07-24 01:39:39,00068E2227,Unknown
2009-07-24 02:25:08,0006979863,Unknown
2009-07-24 02:28:36,0006979863,Unknown
2009-07-24 02:58:56,000697BD11,Unknown
2009-07-24 02:59:18,000697BD11,Unknown
2009-07-24 03:03:13,00060F66F2,Unknown
2009-07-24 03:24:31,0006979863,Unknown
2009-07-24 03:59:13,00065DA08A,Unknown
2009-07-24 04:00:28,00065DA08A,Unknown
2009-07-24 04:00:55,00065DA08A,Unknown
2009-07-24 04:07:18,00065DA08A,Unknown
2009-07-24 04:16:34,000697BD11,Unknown
2009-07-24 04:18:45,000697BD11,Unknown
2009-07-24 04:42:53,0006979863,Unknown
2009-07-24 05:12:01,00068E35E1,Unknown
2009-07-24 05:13:00,00068E8B1B,Unknown
2009-07-24 05:15:15,000697A268,Unknown
2009-07-24 05:17:00,000697BD11,Unknown
2009-07-24 05:19:37,00061D27AC,Unknown
2009-07-24 05:22:29,00065DA08A,Unknown
2009-07-24 05:23:08,00068E9C1A,Unknown
2009-07-24 05:24:54,00061013E4,Unknown
2009-07-24 05:25:41,0006979ABE,Unknown
2009-07-24 05:29:49,00060F66F2,Unknown
2009-07-24 05:31:21,0006979863,Unknown
2009-07-24 05:32:38,0006979B84,Unknown
2009-07-24 08:43:21,00065E632D,Unknown
2009-07-24 10:04:43,00065E632D,Unknown
2009-07-24 10:25:43,00065E632D,Unknown
2009-07-24 10:33:27,00065E632D,Unknown
2009-07-24 10:34:44,00065E632D,Unknown
2009-07-24 10:40:44,00065E632D,Unknown
2009-07-24 11:21:04,8E602D0D0F,Unknown
2009-07-24 11:55:41,8E602D0D0F,Unknown
2009-07-24 12:03:09,8E602D0D0F,Unknown
2009-07-24 12:16:10,8E602D0D0F,Unknown
2009-07-24 18:09:43,8E602D0D0F,Unknown
2009-07-24 18:10:31,00065E632D,Unknown
2009-07-24 18:26:55,8E602D0D0F,Unknown
2009-07-24 18:31:10,8E602D0D0F,Unknown
2009-07-24 18:43:54,8E602D0D0F,Unknown
2009-07-24 21:11:14,00068E2227,Unknown
2009-07-24 21:13:23,00068E3862,Unknown
2009-07-24 21:13:35,00068E3862,Unknown
2009-07-24 21:13:49,00068E3862,Unknown
2009-07-24 21:14:04,00068E3862,Unknown
2009-07-24 21:18:58,00068E1A46,Unknown
2009-07-24 21:22:57,00068E3546,Unknown
2009-07-24 21:24:10,00068E1878,Unknown
2009-07-24 21:24:49,00068E3435,Unknown
2009-07-24 21:26:50,000697C596,Unknown
2009-07-24 21:27:07,000697D368,Unknown
2009-07-24 21:27:41,00065D81D3,Unknown
2009-07-24 21:28:40,000697BD11,Unknown
2009-07-24 21:28:58,0006979BE8,Unknown
2009-07-24 21:28:58,0005FE0832,Unknown
2009-07-24 21:30:12,00001F5C08,Unknown
2009-07-24 21:30:36,00068E1A38,Unknown
2009-07-24 21:32:00,00060FA7EA,Unknown
2009-07-24 21:32:10,000697BE7E,Unknown
2009-07-24 21:32:41,00068E3D57,Unknown
2009-07-24 21:32:48,00068E19F7,Unknown
2009-07-24 21:33:16,00068E9C1A,Unknown
2009-07-24 21:33:20,00068E1FDB,Unknown
2009-07-24 21:33:22,00060D7AE7,Unknown
2009-07-24 21:33:32,00065DD7F6,Unknown
2009-07-24 21:33:40,00065EA1D4,Unknown
2009-07-24 21:34:09,00065D7D8B,Unknown
2009-07-24 21:34:11,00068E2D0E,Unknown
2009-07-24 21:35:42,00068EA92B,Unknown
2009-07-24 21:35:52,000644514C,Unknown
2009-07-24 21:36:06,0006242035,Unknown
2009-07-24 21:36:20,00068E0587,Unknown
2009-07-24 21:36:44,00060F600D,Unknown
2009-07-24 21:37:44,0006444F30,Unknown
2009-07-24 21:37:58,00065EC1B3,Unknown
2009-07-24 21:38:19,0006160637,Unknown
2009-07-24 21:39:21,00065EB6E2,Unknown
2009-07-24 21:40:00,0006979863,Unknown
2009-07-24 21:40:22,00065DA08A,Unknown
2009-07-24 21:41:23,0006979C67,Unknown
2009-07-24 21:41:49,00061D3DC5,Unknown
2009-07-24 21:44:04,00068E2063,Unknown
2009-07-24 21:44:15,00068E2063,Unknown
2009-07-24 21:45:08,0006979D37,Unknown
2009-07-24 21:45:47,00065D9BC6,Unknown
2009-07-24 21:46:45,000697B0DE,Unknown
2009-07-24 21:49:50,00068E8B1B,Unknown
2009-07-24 22:01:41,00068E1A46,Unknown
2009-07-24 22:08:11,00068E1A46,Unknown
2009-07-24 22:30:12,0001F7D573,Unknown
2009-07-24 22:39:50,00068E3435,Unknown
2009-07-24 22:40:06,00068E3546,Unknown
2009-07-24 22:40:44,00060F600D,Unknown
2009-07-24 22:40:50,000697C596,Unknown
2009-07-24 22:41:08,00068E19F7,Unknown
2009-07-24 22:41:58,00068E1A46,Unknown
2009-07-24 22:43:40,000697C596,Unknown
2009-07-24 22:44:04,00068E2227,Unknown
2009-07-24 22:46:31,00068E3435,Unknown
2009-07-24 22:58:32,00068E1878,Unknown
2009-07-24 23:01:42,000697D368,Unknown
2009-07-24 23:10:21,00068E19F7,Unknown
2009-07-24 23:11:16,00068E19F7,Unknown
2009-07-24 23:13:36,00068E3546,Unknown
2009-07-24 23:17:35,00065DA08A,Unknown
2009-07-24 23:20:47,000697BE7E,Unknown
2009-07-24 23:22:24,000697BE7E,Unknown
2009-07-24 23:22:37,000697BE7E,Unknown
2009-07-24 23:23:05,00065EA1D4,Unknown
2009-07-24 23:26:51,00068E1878,Unknown
2009-07-24 23:28:32,00065EB019,Unknown
2009-07-24 23:29:34,00068E3435,Unknown
2009-07-24 23:29:40,000697C596,Unknown
2009-07-24 23:29:57,00068E3435,Unknown
2009-07-24 23:35:15,00068E3435,Unknown
2009-07-24 23:36:50,00068E2227,Unknown
2009-07-24 23:37:31,000644514C,Unknown
2009-07-24 23:39:21,000644514C,Unknown
2009-07-24 23:41:46,000697C596,Unknown
2009-07-24 23:42:43,00068E19F7,Unknown
2009-07-24 23:43:31,000697D368,Unknown
2009-07-24 23:44:15,000697D368,Unknown
2009-07-24 23:45:01,00065EA1D4,Unknown
2009-07-24 23:45:25,8E602D0D0F,Unknown
2009-07-24 23:49:14,00068E1A46,Unknown
2009-07-24 23:51:14,00068E19F7,Unknown
2009-07-24 23:52:06,00068E19F7,Unknown
2009-07-24 23:52:13,00065EB019,Unknown
2009-07-24 23:53:43,0001F7D573,Unknown
2009-07-24 23:54:17,00068E19F7,Unknown
2009-07-24 23:54:19,00068E3546,Unknown
2009-07-24 23:55:14,000697C596,Unknown
2009-07-24 23:55:58,00068E3435,Unknown
2009-07-25 00:00:17,8E602D0D0F,Unknown
2009-07-25 00:00:39,8E602D0D0F,Unknown
2009-07-25 00:02:10,00068E1878,Unknown
2009-07-25 00:05:42,00068E2227,Unknown
2009-07-25 00:08:54,000697D368,Unknown
2009-07-25 00:13:03,00068EA92B,Unknown
2009-07-25 00:29:35,00001F5C08,Unknown
2009-07-25 00:36:34,00068E3546,Unknown
2009-07-25 00:43:19,000697D368,Unknown
2009-07-25 00:47:21,000697BD11,Unknown
2009-07-25 00:54:58,00068E3435,Unknown
2009-07-25 00:59:01,000697BE7E,Unknown
2009-07-25 00:59:07,00068E1A46,Unknown
2009-07-25 01:03:23,0006242035,Unknown
2009-07-25 01:08:08,00065D9BC6,Unknown
2009-07-25 01:15:30,00068E1A46,Unknown
2009-07-25 01:15:32,000644514C,Unknown
2009-07-25 01:15:52,00068E3546,Unknown
2009-07-25 01:18:07,00065EB019,Unknown
2009-07-25 01:18:11,00068EA92B,Unknown
2009-07-25 01:18:37,00068E2227,Unknown
2009-07-25 01:20:00,000697D368,Unknown
2009-07-25 01:21:04,00001F5C08,Unknown
2009-07-25 01:21:20,00068E3435,Unknown
2009-07-25 01:24:13,000697C596,Unknown
2009-07-25 01:24:49,00068E1878,Unknown
2009-07-25 01:31:59,00068E1878,Unknown
2009-07-25 01:32:53,00068E1878,Unknown
2009-07-25 01:40:25,00068EA92B,Unknown
2009-07-25 02:01:30,000644514C,Unknown
2009-07-25 02:06:27,000697C596,Unknown
2009-07-25 02:08:14,00068E3546,Unknown
2009-07-25 02:15:04,00065EA1D4,Unknown
2009-07-25 02:19:28,00068E3546,Unknown
2009-07-25 02:22:24,000644514C,Unknown
2009-07-25 02:22:43,000644514C,Unknown
2009-07-25 02:26:58,00068E17E7,Unknown
2009-07-25 02:30:37,00068E3546,Unknown
2009-07-25 02:32:12,000644514C,Unknown
2009-07-25 02:34:43,0001F7D573,Unknown
2009-07-25 02:34:59,0006242035,Unknown
2009-07-25 02:36:47,00068EA92B,Unknown
2009-07-25 02:37:49,000697D368,Unknown
2009-07-25 02:38:08,00068E1FDB,Unknown
2009-07-25 02:40:33,00060F600D,Unknown
2009-07-25 02:41:42,00068E1878,Unknown
2009-07-25 02:42:58,00001F5C08,Unknown
2009-07-25 02:46:37,00060F600D,Unknown
2009-07-25 02:51:18,0001F7D573,Unknown
2009-07-25 02:53:43,0001F7D573,Unknown
2009-07-25 02:53:56,0001F7D573,Unknown
2009-07-25 03:00:35,00068E3435,Unknown
2009-07-25 03:10:47,00001F5C08,Unknown
2009-07-25 03:17:43,00065EA1D4,Unknown
2009-07-25 03:24:10,000697D368,Unknown
2009-07-25 03:26:48,00065DA08A,Unknown
2009-07-25 03:27:31,00068EAD8A,Unknown
2009-07-25 03:29:36,000697BD11,Unknown
2009-07-25 03:36:56,000697D368,Unknown
2009-07-25 03:43:02,00068E3546,Unknown
2009-07-25 03:44:30,00068E8B1B,Unknown
2009-07-25 03:46:36,00065D9BC6,Unknown
2009-07-25 03:51:04,00068E3546,Unknown
2009-07-25 03:54:59,0006179D52,Unknown
2009-07-25 03:56:17,00068EA92B,Unknown
2009-07-25 04:03:57,00068E1878,Unknown
2009-07-25 04:04:30,00068E1878,Unknown
2009-07-25 04:05:32,00068E1878,Unknown
2009-07-25 04:12:04,00068EA92B,Unknown
2009-07-25 04:15:03,00065D81D3,Unknown
2009-07-25 04:17:42,00065D7D8B,Unknown
2009-07-25 04:22:18,0006979863,Unknown
2009-07-25 04:22:42,00068E8B1B,Unknown
2009-07-25 04:26:37,0006179D52,Unknown
2009-07-25 04:27:35,00068E1878,Unknown
2009-07-25 04:27:38,00068E1FDB,Unknown
2009-07-25 04:28:10,000697B0DE,Unknown
2009-07-25 04:33:52,00068E1878,Unknown
2009-07-25 04:36:04,00068EAD8A,Unknown
2009-07-25 04:37:20,00068E1878,Unknown
2009-07-25 04:41:14,000644514C,Unknown
2009-07-25 04:45:54,00068E1878,Unknown
2009-07-25 04:59:43,00065D9BC6,Unknown
2009-07-25 05:01:08,00068E1878,Unknown
2009-07-25 05:02:29,00068E3435,Unknown
2009-07-25 05:05:54,000697C596,Unknown
2009-07-25 05:08:08,000697C596,Unknown
2009-07-25 05:08:23,00068E3546,Unknown
2009-07-25 05:09:57,00068E3546,Unknown
2009-07-25 05:10:20,00068E3546,Unknown
2009-07-25 05:10:43,00068E8B1B,Unknown
2009-07-25 05:14:26,0005FE0832,Unknown
2009-07-25 05:16:53,00065D81D3,Unknown
2009-07-25 05:17:40,000697BD11,Unknown
2009-07-25 05:17:59,00065D7D8B,Unknown
2009-07-25 05:19:08,0006979D37,Unknown
2009-07-25 05:20:55,00068E1878,Unknown
2009-07-25 05:21:02,00068EA92B,Unknown
2009-07-25 05:21:26,00065EC1B3,Unknown
2009-07-25 05:22:24,0006179D52,Unknown
2009-07-25 05:23:17,00068E1878,Unknown
2009-07-25 05:23:28,00068E1878,Unknown
2009-07-25 05:25:01,0006979863,Unknown
2009-07-25 05:25:17,00065DA08A,Unknown
2009-07-25 05:25:43,00068E9C1A,Unknown
2009-07-25 05:25:56,00068E1FDB,Unknown
2009-07-25 05:28:22,000697D368,Unknown
2009-07-25 05:28:49,00060D7AE7,Unknown
2009-07-25 05:28:51,00068E1878,Unknown
2009-07-25 05:35:19,000697D368,Unknown
2009-07-25 05:36:55,000697D368,Unknown
2009-07-25 09:04:07,00065E632D,Unknown
2009-07-25 09:15:13,00065E632D,Unknown
2009-07-25 09:15:29,00065E632D,Unknown
2009-07-25 09:16:03,00065E632D,Unknown
2009-07-25 09:30:26,00065E632D,Unknown
2009-07-25 09:34:25,00065E632D,Unknown
2009-07-25 09:44:41,8E602D0D0F,Unknown
2009-07-25 09:48:07,8E602D0D0F,Unknown
2009-07-25 09:57:25,8E602D0D0F,Unknown
2009-07-25 10:06:10,8E602D0D0F,Unknown
2009-07-25 19:49:29,8E602D0D0F,Unknown
2009-07-25 20:07:03,8E602D0D0F,Unknown
2009-07-25 20:11:44,8E602D0D0F,Unknown
2009-07-25 20:24:18,8E602D0D0F,Unknown
2009-07-25 21:21:01,000697D368,Unknown
2009-07-25 21:24:24,00068E2227,Unknown
2009-07-25 21:24:52,00068E1FDB,Unknown
2009-07-25 21:25:43,00068EAD8A,Unknown
2009-07-25 21:25:47,00068E3546,Unknown
2009-07-25 21:26:42,000697BD11,Unknown
2009-07-25 21:26:43,00065EB019,Unknown
2009-07-25 21:26:47,0006979BE8,Unknown
2009-07-25 21:26:57,00068E3435,Unknown
2009-07-25 21:27:44,00068E9C1A,Unknown
2009-07-25 21:28:23,0006242035,Unknown
2009-07-25 21:30:29,00068E19F7,Unknown
2009-07-25 21:30:58,00061013E4,Unknown
2009-07-25 21:30:58,0005FE0832,Unknown
2009-07-25 21:31:14,000697A268,Unknown
2009-07-25 21:32:17,00065D81D3,Unknown
2009-07-25 21:32:36,00068EA92B,Unknown
2009-07-25 21:32:50,00060D7AE7,Unknown
2009-07-25 21:33:05,0006979863,Unknown
2009-07-25 21:33:27,00001F5C08,Unknown
2009-07-25 21:33:37,00065D7D8B,Unknown
2009-07-25 21:34:07,0006979B84,Unknown
2009-07-25 21:34:24,000697BE7E,Unknown
2009-07-25 21:34:55,0006979B84,Unknown
2009-07-25 21:35:02,00068E1C26,Unknown
2009-07-25 21:35:04,00068E1878,Unknown
2009-07-25 21:35:04,00068E35E1,Unknown
2009-07-25 21:35:47,00065DA08A,Unknown
2009-07-25 21:36:39,0006179D52,Unknown
2009-07-25 21:36:44,00068E0F02,Unknown
2009-07-25 21:36:54,00068E0DE6,Unknown
2009-07-25 21:37:13,0006979D37,Unknown
2009-07-25 21:37:15,00065EA1D4,Unknown
2009-07-25 21:37:36,0001F7D573,Unknown
2009-07-25 21:37:58,00065D9BC6,Unknown
2009-07-25 21:38:09,00065D9BC6,Unknown
2009-07-25 21:40:22,000697C596,Unknown
2009-07-25 21:42:54,000644514C,Unknown
2009-07-25 21:44:20,00068E8B1B,Unknown
2009-07-25 21:54:47,00068E1A46,Unknown
2009-07-25 21:54:53,0001F7D573,Unknown
2009-07-25 22:01:14,0001F7D573,Unknown
2009-07-25 22:10:34,00068E1A46,Unknown
2009-07-25 22:16:51,00068E1A46,Unknown
2009-07-25 22:25:10,0006242035,Unknown
2009-07-25 22:27:37,00068E1A46,Unknown
2009-07-25 22:30:32,00068E2227,Unknown
2009-07-25 22:40:34,0006242035,Unknown
2009-07-25 22:41:11,00068E2227,Unknown
2009-07-25 23:04:01,00068E3546,Unknown
2009-07-25 23:04:19,00068E1878,Unknown
2009-07-25 23:15:51,00060F600D,Unknown
2009-07-25 23:20:09,00068E3546,Unknown
2009-07-25 23:24:30,00068E1878,Unknown
2009-07-25 23:27:07,00060F600D,Unknown
2009-07-25 23:30:33,0006242035,Unknown
2009-07-25 23:37:30,0006242035,Unknown
2009-07-25 23:56:47,0001F7D573,Unknown
2009-07-25 23:58:00,000697D368,Unknown
2009-07-26 00:06:20,000697D368,Unknown
2009-07-26 00:09:36,00068E1878,Unknown
2009-07-26 00:10:27,00068E1A46,Unknown
2009-07-26 00:12:20,0001F7D573,Unknown
2009-07-26 00:18:44,00060F600D,Unknown
2009-07-26 00:22:19,00068E3435,Unknown
2009-07-26 00:27:43,00068E1A46,Unknown
2009-07-26 00:28:50,0006242035,Unknown
2009-07-26 00:32:17,000697D368,Unknown
2009-07-26 00:35:01,000697D368,Unknown
2009-07-26 00:37:28,000697D368,Unknown
2009-07-26 00:37:59,000697D368,Unknown
2009-07-26 00:38:10,000697D368,Unknown
2009-07-26 00:38:23,000697D368,Unknown
2009-07-26 00:38:54,000697D368,Unknown
2009-07-26 00:39:35,0006242035,Unknown
2009-07-26 00:40:29,000697D368,Unknown
2009-07-26 00:42:15,00068E2227,Unknown
2009-07-26 00:43:27,000697D368,Unknown
2009-07-26 00:44:27,000697D368,Unknown
2009-07-26 00:44:42,00068E1A46,Unknown
2009-07-26 00:44:52,000697D368,Unknown
2009-07-26 00:49:10,00068E2227,Unknown
2009-07-26 00:50:09,00068E3546,Unknown
2009-07-26 00:56:10,000697D368,Unknown
2009-07-26 01:01:09,000697D368,Unknown
2009-07-26 01:09:47,0001F7D573,Unknown
2009-07-26 01:10:10,000644514C,Unknown
2009-07-26 01:20:54,0001F7D573,Unknown
2009-07-26 01:21:20,00068E3546,Unknown
2009-07-26 01:21:58,00065EB019,Unknown
2009-07-26 01:23:41,00068EA92B,Unknown
2009-07-26 01:24:06,00068E3435,Unknown
2009-07-26 01:24:32,00065EC1B3,Unknown
2009-07-26 01:28:11,00068EA92B,Unknown
2009-07-26 01:33:07,00068E3546,Unknown
2009-07-26 01:36:23,00068E1A46,Unknown
2009-07-26 01:37:27,000644514C,Unknown
2009-07-26 01:39:44,00068E3435,Unknown
2009-07-26 01:40:30,0006242035,Unknown
2009-07-26 01:40:37,00068E19F7,Unknown
2009-07-26 01:57:58,00068E19F7,Unknown
2009-07-26 01:58:14,00068E19F7,Unknown
2009-07-26 02:07:14,0006979863,Unknown
2009-07-26 02:07:31,0006979863,Unknown
2009-07-26 02:08:33,0006242035,Unknown
2009-07-26 02:10:24,00065D81D3,Unknown
2009-07-26 02:19:24,000697D368,Unknown
2009-07-26 02:20:43,00065EB019,Unknown
2009-07-26 02:22:24,00065EB019,Unknown
2009-07-26 02:22:30,000697BD11,Unknown
2009-07-26 02:23:30,0006979863,Unknown
2009-07-26 02:26:36,00068E1A46,Unknown
2009-07-26 02:27:17,00068E1878,Unknown
2009-07-26 02:28:05,00068E1A46,Unknown
2009-07-26 02:30:19,000697BD11,Unknown
2009-07-26 02:37:58,00060F600D,Unknown
2009-07-26 02:38:19,0006979863,Unknown
2009-07-26 02:38:23,000697D368,Unknown
2009-07-26 02:38:43,0001F7D573,Unknown
2009-07-26 02:41:39,000644514C,Unknown
2009-07-26 02:43:50,0006242035,Unknown
2009-07-26 02:45:26,00068E2227,Unknown
2009-07-26 02:50:07,00060F600D,Unknown
2009-07-26 02:50:36,00068E1878,Unknown
2009-07-26 02:51:03,0001F7D573,Unknown
2009-07-26 02:57:22,00065EB019,Unknown
2009-07-26 02:57:30,00068E2227,Unknown
2009-07-26 02:59:25,00065D81D3,Unknown
2009-07-26 02:59:41,00065EB019,Unknown
2009-07-26 02:59:45,00068E2227,Unknown
2009-07-26 03:00:06,00068E1A46,Unknown
2009-07-26 03:03:27,0001F7D573,Unknown
2009-07-26 03:03:57,00068E2227,Unknown
2009-07-26 03:04:57,00068E2227,Unknown
2009-07-26 03:05:20,00065EB019,Unknown
2009-07-26 03:05:35,00068E2227,Unknown
2009-07-26 03:09:31,000644514C,Unknown
2009-07-26 03:09:53,0006242035,Unknown
2009-07-26 03:12:09,0006242035,Unknown
2009-07-26 03:13:53,0006242035,Unknown
2009-07-26 03:21:30,00068E1A46,Unknown
2009-07-26 03:24:57,00060F600D,Unknown
2009-07-26 03:30:07,0005FE0832,Unknown
2009-07-26 03:31:29,0006979863,Unknown
2009-07-26 03:31:47,000697D368,Unknown
2009-07-26 03:35:34,00068E19F7,Unknown
2009-07-26 03:38:04,0006979863,Unknown
2009-07-26 03:40:07,000697D368,Unknown
2009-07-26 03:43:28,00068E1A46,Unknown
2009-07-26 03:43:40,00060F600D,Unknown
2009-07-26 03:48:11,00068E35E1,Unknown
2009-07-26 04:07:27,00068E35E1,Unknown
2009-07-26 04:09:24,00068E1878,Unknown
2009-07-26 04:17:51,00065DA08A,Unknown
2009-07-26 04:18:25,0006179D52,Unknown
2009-07-26 04:20:28,00068E1878,Unknown
2009-07-26 04:21:54,0006179D52,Unknown
2009-07-26 04:27:02,00065DA08A,Unknown
2009-07-26 04:30:37,00068E9C1A,Unknown
2009-07-26 04:32:30,00068E9C1A,Unknown
2009-07-26 04:32:46,00068E9C1A,Unknown
2009-07-26 04:48:39,00068E3435,Unknown
2009-07-26 04:53:04,0006242035,Unknown
2009-07-26 04:53:45,000697C596,Unknown
2009-07-26 05:00:17,000644514C,Unknown
2009-07-26 05:00:45,0006242035,Unknown
2009-07-26 05:00:56,0006242035,Unknown
2009-07-26 05:02:40,00060F600D,Unknown
2009-07-26 05:04:59,00068E19F7,Unknown
2009-07-26 05:05:05,00065EB019,Unknown
2009-07-26 05:05:12,00065EC1B3,Unknown
2009-07-26 05:06:51,00068E3546,Unknown
2009-07-26 05:10:44,00068E1A46,Unknown
2009-07-26 05:10:53,00068E1878,Unknown
2009-07-26 05:11:11,000697C596,Unknown
2009-07-26 05:12:32,00001F5C08,Unknown
2009-07-26 05:14:36,0000F8007E,Unknown
2009-07-26 05:15:23,00065EA1D4,Unknown
2009-07-26 05:18:54,00068E9C1A,Unknown
2009-07-26 05:19:06,00065D7D8B,Unknown
2009-07-26 05:19:38,00068EA92B,Unknown
2009-07-26 05:21:20,0001F7D573,Unknown
2009-07-26 05:23:10,00068E2227,Unknown
2009-07-26 05:23:21,000697D368,Unknown
2009-07-26 05:24:13,00068E35E1,Unknown
2009-07-26 05:24:56,00065DA08A,Unknown
2009-07-26 05:25:50,00068E0DE6,Unknown
2009-07-26 05:26:57,0006979863,Unknown
2009-07-26 05:29:12,000697BD11,Unknown
2009-07-26 05:31:39,00068E9134,Unknown
2009-07-26 05:36:21,0006242035,Unknown
2009-07-26 05:44:14,00068E0DE6,Unknown
2009-07-26 05:49:43,00068E0DE6,Unknown
2009-07-26 05:50:35,00068E0DE6,Unknown
2009-07-26 05:51:07,00068E0DE6,Unknown
2009-07-26 07:17:36,000697D368,Unknown
2009-07-26 07:46:25,00065E632D,Unknown
2009-07-26 08:16:33,0006242035,Unknown
2009-07-26 08:31:57,00065E632D,Unknown
2009-07-26 08:48:12,00065E632D,Unknown
2009-07-26 08:48:41,00065E632D,Unknown
2009-07-26 08:55:33,00065E632D,Unknown
2009-07-26 09:06:10,00065E632D,Unknown
2009-07-26 09:20:29,8E602D0D0F,Unknown
2009-07-26 09:34:33,8E602D0D0F,Unknown
2009-07-26 09:39:47,8E602D0D0F,Unknown
2009-07-26 18:50:44,8E602D0D0F,Unknown
2009-07-26 18:51:23,00065E632D,Unknown
2009-07-26 18:53:12,00065E632D,Unknown
2009-07-26 19:11:19,8E602D0D0F,Unknown
2009-07-26 19:12:17,00065E632D,Unknown
2009-07-26 19:25:59,8E602D0D0F,Unknown
2009-07-26 19:26:46,00065E632D,Unknown
2009-07-26 19:32:59,8E602D0D0F,Unknown
2009-07-26 19:33:10,8E602D0D0F,Unknown
2009-07-26 19:46:26,00068E3435,Unknown
2009-07-26 20:17:12,00065E632D,Unknown
2009-07-26 21:08:58,00065EB019,Unknown
2009-07-26 21:22:06,0006242035,Unknown
2009-07-26 21:22:26,00068E1A38,Unknown
2009-07-26 21:22:37,00068E1A38,Unknown
2009-07-26 21:22:40,0006444F30,Unknown
2009-07-26 21:23:16,00068E3862,Unknown
2009-07-26 21:23:31,0006979C67,Unknown
2009-07-26 21:24:18,00065EB6E2,Unknown
2009-07-26 21:24:40,0005FE0832,Unknown
2009-07-26 21:24:43,000697BE7E,Unknown
2009-07-26 21:24:50,00061D3DC5,Unknown
2009-07-26 21:26:20,00068E2227,Unknown
2009-07-26 21:27:00,0006979863,Unknown
2009-07-26 21:27:25,000697BD11,Unknown
2009-07-26 21:27:30,00068E19F7,Unknown
2009-07-26 21:27:53,00068E19F7,Unknown
2009-07-26 21:28:04,00065EB019,Unknown
2009-07-26 21:29:07,00068E1878,Unknown
2009-07-26 21:29:20,00060D7AE7,Unknown
2009-07-26 21:29:22,00068E3435,Unknown
2009-07-26 21:29:28,00068E35E1,Unknown
2009-07-26 21:29:43,00060FA7EA,Unknown
2009-07-26 21:29:47,00068E2063,Unknown
2009-07-26 21:29:49,00068E0587,Unknown
2009-07-26 21:30:14,00068E3546,Unknown
2009-07-26 21:30:34,00065DD7F6,Unknown
2009-07-26 21:31:00,00068E1A46,Unknown
2009-07-26 21:31:10,00065D9BC6,Unknown
2009-07-26 21:31:52,00068E3D57,Unknown
2009-07-26 21:34:06,00068E0DE6,Unknown
2009-07-26 21:34:38,00001F5C08,Unknown
2009-07-26 21:35:44,0001F7D573,Unknown
2009-07-26 21:35:48,0000F8007E,Unknown
2009-07-26 21:35:51,000697C596,Unknown
2009-07-26 21:36:04,000697D368,Unknown
2009-07-26 21:37:14,00068EA92B,Unknown
2009-07-26 21:37:58,00065EA1D4,Unknown
2009-07-26 21:38:20,00065DA08A,Unknown
2009-07-26 21:39:47,00065EC1B3,Unknown
2009-07-26 21:40:30,0006160637,Unknown
2009-07-26 21:40:47,0006979D37,Unknown
2009-07-26 21:42:06,0006179D52,Unknown
2009-07-26 21:42:21,00068E9134,Unknown
2009-07-26 21:42:29,00068E9C1A,Unknown
2009-07-26 21:49:31,000644514C,Unknown
2009-07-26 21:53:50,00068E8B1B,Unknown
2009-07-26 23:12:08,00065DA08A,Unknown
2009-07-26 23:12:32,00065DA08A,Unknown
2009-07-27 00:57:49,0001F7D573,Unknown
2009-07-27 01:09:10,00068E1878,Unknown
2009-07-27 01:09:41,0001F7D573,Unknown
2009-07-27 01:22:26,00068E1878,Unknown
2009-07-27 02:16:49,000697D368,Unknown
2009-07-27 02:22:18,000697D368,Unknown
2009-07-27 03:09:21,000697BD11,Unknown
2009-07-27 05:21:29,00001F5C08,Unknown
2009-07-27 05:23:29,0006444F30,Unknown
2009-07-27 05:23:34,000697BE7E,Unknown
2009-07-27 05:24:19,0005FE0832,Unknown
2009-07-27 05:24:35,00068E3D57,Unknown
2009-07-27 05:24:42,0005FE0832,Unknown
2009-07-27 05:24:46,00065D9BC6,Unknown
2009-07-27 05:25:03,00060D7AE7,Unknown
2009-07-27 05:28:02,00068E3862,Unknown
2009-07-27 05:28:42,00061D3DC5,Unknown
2009-07-27 05:29:08,00065EB6E2,Unknown
2009-07-27 05:29:17,00068E0587,Unknown
2009-07-27 05:29:25,00068E1A38,Unknown
2009-07-27 05:29:39,0006979D37,Unknown
2009-07-27 05:30:30,0006160637,Unknown
2009-07-27 05:31:11,00060FA7EA,Unknown
2009-07-27 05:32:34,00068E2D0E,Unknown
2009-07-27 09:09:26,00065E632D,Unknown
2009-07-27 09:39:59,00065E632D,Unknown
2009-07-27 09:54:11,00065E632D,Unknown
2009-07-27 09:55:06,00065E632D,Unknown
2009-07-27 10:12:22,00065E632D,Unknown
2009-07-27 11:57:32,8E602D0D0F,Unknown
2009-07-27 12:19:51,8E602D0D0F,Unknown
2009-07-27 18:33:01,8E602D0D0F,Unknown
2009-07-27 18:49:57,8E602D0D0F,Unknown
2009-07-27 19:01:16,8E602D0D0F,Unknown
2009-07-27 21:17:37,0005FE0832,Unknown
2009-07-27 21:18:15,00061D3DC5,Unknown
2009-07-27 21:22:38,000697BE7E,Unknown
2009-07-27 21:24:21,00065D81D3,Unknown
2009-07-27 21:24:36,00065D81D3,Unknown
2009-07-27 21:24:53,00068E17E7,Unknown
2009-07-27 21:27:15,00065EB019,Unknown
2009-07-27 21:27:50,00068E1A46,Unknown
2009-07-27 21:28:23,0006160637,Unknown
2009-07-27 21:29:11,00065EB6E2,Unknown
2009-07-27 21:29:34,00068E3862,Unknown
2009-07-27 21:29:55,0006444F30,Unknown
2009-07-27 21:30:03,00065DD7F6,Unknown
2009-07-27 21:30:11,00068E1A38,Unknown
2009-07-27 21:30:15,00068EAD8A,Unknown
2009-07-27 21:31:06,00068E3D73,Unknown
2009-07-27 21:31:12,0006979BE8,Unknown
2009-07-27 21:32:34,00068E0587,Unknown
2009-07-27 21:34:28,000697C596,Unknown
2009-07-27 21:34:42,000697D368,Unknown
2009-07-27 21:34:55,00065D7D8B,Unknown
2009-07-27 21:35:09,00001F5C08,Unknown
2009-07-27 21:36:14,00068E3D57,Unknown
2009-07-27 21:36:47,00060D7AE7,Unknown
2009-07-27 21:37:20,00068E19F7,Unknown
2009-07-27 21:37:42,00068E2D0E,Unknown
2009-07-27 21:38:57,00065EC1B3,Unknown
2009-07-27 21:38:59,00068E1FDB,Unknown
2009-07-27 21:39:24,00060FA7EA,Unknown
2009-07-27 21:40:00,00060F600D,Unknown
2009-07-27 21:40:45,000697B0DE,Unknown
2009-07-27 21:42:06,00065D9BC6,Unknown
2009-07-27 21:42:26,0006979D37,Unknown
2009-07-27 21:43:56,00068E1A46,Unknown
2009-07-27 21:53:36,00068E1A46,Unknown
2009-07-27 22:07:09,00068E1878,Unknown
2009-07-27 22:08:35,00068E19F7,Unknown
2009-07-27 22:25:31,00068E19F7,Unknown
2009-07-27 22:25:56,00068E1878,Unknown
2009-07-27 22:41:01,0006242035,Unknown
2009-07-27 22:48:55,000644514C,Unknown
2009-07-27 22:56:05,00068E19F7,Unknown
2009-07-27 23:13:56,00065EB019,Unknown
2009-07-27 23:16:36,00068E1878,Unknown
2009-07-27 23:17:49,0006242035,Unknown
2009-07-27 23:21:40,000644514C,Unknown
2009-07-27 23:22:35,00001F5C08,Unknown
2009-07-27 23:23:13,00068E19F7,Unknown
2009-07-27 23:40:30,00068E1878,Unknown
2009-07-27 23:52:06,0006242035,Unknown
2009-07-28 00:28:43,00068E3435,Unknown
2009-07-28 00:29:42,00068E3435,Unknown
2009-07-28 00:29:48,00068E19F7,Unknown
2009-07-28 00:29:56,00068E3435,Unknown
2009-07-28 00:40:07,00068E3435,Unknown
2009-07-28 00:54:43,00068E19F7,Unknown
2009-07-28 01:29:59,0001F7D573,Unknown
2009-07-28 01:44:19,00068E1878,Unknown
2009-07-28 01:52:33,00068E1878,Unknown
2009-07-28 02:05:18,00068E1878,Unknown
2009-07-28 02:05:25,0006242035,Unknown
2009-07-28 02:11:34,0001F7D573,Unknown
2009-07-28 02:17:34,00068E3435,Unknown
2009-07-28 02:19:49,0006242035,Unknown
2009-07-28 02:21:33,0001F7D573,Unknown
2009-07-28 02:23:20,00068E1A46,Unknown
2009-07-28 02:25:40,00068E3435,Unknown
2009-07-28 02:28:51,00068E1A46,Unknown
2009-07-28 02:50:55,00001F5C08,Unknown
2009-07-28 02:53:42,00001F5C08,Unknown
2009-07-28 02:55:46,00068E1A46,Unknown
2009-07-28 03:09:38,00068E1A46,Unknown
2009-07-28 03:11:43,00065EB019,Unknown
2009-07-28 03:26:26,00068E1878,Unknown
2009-07-28 03:27:29,00068E1878,Unknown
2009-07-28 03:33:04,00065EB019,Unknown
2009-07-28 03:40:14,00068E1878,Unknown
2009-07-28 03:44:36,00068E1878,Unknown
2009-07-28 03:56:39,0001F7D573,Unknown
2009-07-28 03:56:54,00068E2227,Unknown
2009-07-28 03:57:59,00068E2227,Unknown
2009-07-28 04:04:37,0001F7D573,Unknown
2009-07-28 04:05:41,00068E2227,Unknown
2009-07-28 04:09:57,00068E2227,Unknown
2009-07-28 04:53:04,00068E3546,Unknown
2009-07-28 05:05:51,000644514C,Unknown
2009-07-28 05:09:53,00068E19F7,Unknown
2009-07-28 05:16:55,00068E3435,Unknown
2009-07-28 05:17:10,00068E1878,Unknown
2009-07-28 05:21:46,00068E3546,Unknown
2009-07-28 05:23:17,00068E2227,Unknown
2009-07-28 05:25:10,00068E2227,Unknown
2009-07-28 05:26:00,0001F7D573,Unknown
2009-07-28 05:27:25,00068E2227,Unknown
2009-07-28 05:27:30,00068E1A46,Unknown
2009-07-28 05:30:41,00068EA92B,Unknown
2009-07-28 09:50:01,00065E632D,Unknown
2009-07-28 10:05:02,00065E632D,Unknown
2009-07-28 10:11:23,00065E632D,Unknown
2009-07-28 10:35:18,8E602D0D0F,Unknown
2009-07-28 11:17:56,8E602D0D0F,Unknown
2009-07-28 11:41:32,8E602D0D0F,Unknown
2009-07-28 18:39:48,8E602D0D0F,Unknown
2009-07-28 21:27:41,00065EB019,Unknown
2009-07-28 21:29:51,00068E2227,Unknown
2009-07-28 21:33:54,00068E3546,Unknown
2009-07-28 21:34:25,00068E1878,Unknown
2009-07-28 21:34:28,00068E3435,Unknown
2009-07-28 21:34:48,00068E19F7,Unknown
2009-07-28 21:39:05,0006242035,Unknown
2009-07-28 21:42:10,00065EC1B3,Unknown
2009-07-28 21:44:20,00060F600D,Unknown
2009-07-28 21:44:50,000697D368,Unknown
2009-07-28 23:23:53,00068E1A46,Unknown
2009-07-28 23:42:10,00068E1A46,Unknown
2009-07-29 01:09:22,00068E19F7,Unknown
2009-07-29 01:51:57,00068E2227,Unknown
2009-07-29 01:52:09,00068E2227,Unknown
2009-07-29 02:12:26,00065EB019,Unknown
2009-07-29 02:58:12,0001F7D573,Unknown
2009-07-29 09:58:20,00065E632D,Unknown
2009-07-29 11:28:48,8E602D0D0F,Unknown
2009-07-29 18:30:42,8E602D0D0F,Unknown
2009-07-29 18:43:41,8E602D0D0F,Unknown
2009-07-29 21:20:11,000697BE7E,Unknown
2009-07-29 21:21:27,000697BE7E,Unknown
2009-07-29 21:22:26,00068E3862,Unknown
2009-07-29 21:22:32,00068E1A38,Unknown
2009-07-29 21:22:42,00060D7AE7,Unknown
2009-07-29 21:23:32,00068E2063,Unknown
2009-07-29 21:26:12,0006444F30,Unknown
2009-07-29 21:32:53,00061D3DC5,Unknown
2009-07-29 21:33:05,00061D3DC5,Unknown
2009-07-29 21:33:33,0006160637,Unknown
2009-07-29 21:34:04,0006979C67,Unknown
2009-07-29 21:34:22,00068E3D57,Unknown
2009-07-29 21:36:10,0005FE0832,Unknown
2009-07-29 21:38:52,00068E0587,Unknown
2009-07-29 21:39:03,00065EB6E2,Unknown
2009-07-29 21:39:23,00060FA7EA,Unknown
2009-07-29 21:39:35,0006979D37,Unknown
2009-07-29 21:40:47,00065D9BC6,Unknown
2009-07-30 01:44:00,000697BE7E,Unknown
2009-07-30 01:49:34,000697BE7E,Unknown
2009-07-30 02:05:59,00068E3D57,Unknown
2009-07-30 02:18:22,00068E3D57,Unknown
2009-07-30 03:06:02,0006979C67,Unknown
2009-07-30 03:06:27,0006444F30,Unknown
2009-07-30 03:13:27,0006444F30,Unknown
2009-07-30 03:14:25,0006979C67,Unknown
2009-07-30 03:16:19,0006979C67,Unknown
2009-07-30 03:26:47,0006444F30,Unknown
2009-07-30 03:28:10,0006979C67,Unknown
2009-07-30 03:32:11,0006444F30,Unknown
2009-07-30 03:40:34,00068E3862,Unknown
2009-07-30 03:45:50,00068E3862,Unknown
2009-07-30 03:51:59,000697BE7E,Unknown
2009-07-30 03:52:40,0006444F30,Unknown
2009-07-30 03:53:00,00068E3862,Unknown
2009-07-30 04:01:12,00065EB6E2,Unknown
2009-07-30 04:01:46,00068E3862,Unknown
2009-07-30 04:01:56,0006444F30,Unknown
2009-07-30 04:04:09,000697BE7E,Unknown
2009-07-30 04:19:57,000697BE7E,Unknown
2009-07-30 04:24:17,000697BE7E,Unknown
2009-07-30 04:24:54,00060FA7EA,Unknown
2009-07-30 04:26:30,000697BE7E,Unknown
2009-07-30 04:29:45,0006160637,Unknown
2009-07-30 04:30:40,00068E3D57,Unknown
2009-07-30 04:31:33,00068E3D57,Unknown
2009-07-30 04:32:02,000697BE7E,Unknown
2009-07-30 04:32:20,00060FA7EA,Unknown
2009-07-30 04:32:32,00068E0587,Unknown
2009-07-30 04:35:14,0006160637,Unknown
2009-07-30 04:35:38,00061D3DC5,Unknown
2009-07-30 05:21:36,000697BE7E,Unknown
2009-07-30 05:21:48,00068E3862,Unknown
2009-07-30 05:23:37,0006979D37,Unknown
2009-07-30 05:23:44,00068E2063,Unknown
2009-07-30 05:26:16,00068E1A38,Unknown
2009-07-30 05:26:58,0006979D37,Unknown
2009-07-30 05:27:29,0006160637,Unknown
2009-07-30 05:27:32,0006444F30,Unknown
2009-07-30 05:31:16,0006979C67,Unknown
2009-07-30 05:33:31,00068E0587,Unknown
2009-07-30 05:38:48,0006979D37,Unknown
2009-07-30 08:10:01,00060D7AE7,Unknown
2009-07-30 08:10:12,00060D7AE7,Unknown
2009-07-30 08:10:25,00060D7AE7,Unknown
2009-07-30 08:10:36,00060D7AE7,Unknown
2009-07-30 08:10:47,00060D7AE7,Unknown
2009-07-30 08:11:01,00060D7AE7,Unknown
2009-07-30 08:11:13,00060D7AE7,Unknown
2009-07-30 08:11:24,00060D7AE7,Unknown
2009-07-30 08:11:35,00060D7AE7,Unknown
2009-07-30 08:11:46,00060D7AE7,Unknown
2009-07-30 09:59:07,00065E632D,Unknown
2009-07-30 10:10:12,00065E632D,Unknown
2009-07-30 13:29:17,8E602D0D0F,Unknown
2009-07-30 14:03:41,8E602D0D0F,Unknown
2009-07-30 18:14:33,8E602D0D0F,Unknown
2009-07-30 18:19:16,0005FE0832,Unknown
2009-07-30 18:19:29,0005FE0832,Unknown
2009-07-30 18:19:41,0005FE0832,Unknown
2009-07-30 18:19:53,0005FE0832,Unknown
2009-07-30 18:20:04,0005FE0832,Unknown
2009-07-30 18:20:15,0005FE0832,Unknown
2009-07-30 18:20:33,0005FE0832,Unknown
2009-07-30 18:20:47,0005FE0832,Unknown
2009-07-30 18:21:04,0005FE0832,Unknown
2009-07-30 18:21:15,0005FE0832,Unknown
2009-07-30 18:22:21,0005FE0832,Unknown
2009-07-30 18:22:32,0005FE0832,Unknown
2009-07-30 18:40:36,8E602D0D0F,Unknown
2009-07-30 18:41:04,00065E632D,Unknown
2009-07-30 19:57:10,00065EB6E2,Unknown
2009-07-30 19:57:21,00065EB6E2,Unknown
2009-07-30 19:57:36,00065EB6E2,Unknown
2009-07-30 19:57:47,00065EB6E2,Unknown
2009-07-30 19:58:23,00065EB6E2,Unknown
2009-07-30 19:58:42,00065EB6E2,Unknown
2009-07-30 21:18:58,0005FE0832,Unknown
2009-07-30 21:19:26,0005FE0832,Unknown
2009-07-30 21:20:14,00068E3862,Unknown
2009-07-30 21:22:37,0006979C67,Unknown
2009-07-30 21:24:06,00068E9C1A,Unknown
2009-07-30 21:25:23,000697BE7E,Unknown
2009-07-30 21:28:16,00065D9BC6,Unknown
2009-07-30 21:28:35,00065D9BC6,Unknown
2009-07-30 21:28:43,00068E2063,Unknown
2009-07-30 21:28:49,00065D9BC6,Unknown
2009-07-30 21:30:16,00068E1A38,Unknown
2009-07-30 21:30:34,00068E0587,Unknown
2009-07-30 21:30:36,00068E1A38,Unknown
2009-07-30 21:31:02,00060D7AE7,Unknown
2009-07-30 21:31:31,00068E3D57,Unknown
2009-07-30 21:31:31,00065DA08A,Unknown
2009-07-30 21:31:50,0006179D52,Unknown
2009-07-30 21:31:53,00068E3D57,Unknown
2009-07-30 21:31:56,0006979D37,Unknown
2009-07-30 21:32:57,0006444F30,Unknown
2009-07-30 21:33:09,0006160637,Unknown
2009-07-30 21:33:22,00065EB6E2,Unknown
2009-07-30 21:35:17,00061D3DC5,Unknown
2009-07-30 21:35:46,00060FA7EA,Unknown
2009-07-31 00:44:34,0006179D52,Unknown
2009-07-31 00:46:02,00068E9134,Unknown
2009-07-31 00:46:16,00068E9134,Unknown
2009-07-31 00:47:13,00068E9134,Unknown
2009-07-31 00:47:24,0006179D52,Unknown
2009-07-31 04:44:02,0006179D52,Unknown
2009-07-31 04:44:28,00065DA08A,Unknown
2009-07-31 04:44:35,00068E9C1A,Unknown
2009-07-31 04:46:35,00068E9C1A,Unknown
2009-07-31 04:47:28,0006179D52,Unknown
2009-07-31 04:47:46,00065DA08A,Unknown
2009-07-31 05:25:20,0006179D52,Unknown
2009-07-31 05:29:21,0006179D52,Unknown
2009-07-31 05:41:30,0006179D52,Unknown
2009-07-31 08:02:23,00065E632D,Unknown
2009-07-31 08:35:58,00065E632D,Unknown
2009-07-31 09:03:39,8E602D0D0F,Unknown
2009-07-31 09:13:53,8E602D0D0F,Unknown
2009-07-31 18:20:26,8E602D0D0F,Unknown
2009-07-31 18:21:26,00065E632D,Unknown
2009-07-31 18:36:13,8E602D0D0F,Unknown
2009-07-31 18:36:31,8E602D0D0F,Unknown
2009-07-31 18:37:18,00065E632D,Unknown
2009-07-31 19:12:14,8E602D0D0F,Unknown
2009-07-31 19:13:28,00065E632D,Unknown
2009-07-31 19:22:22,00065E632D,Unknown
2009-07-31 21:15:29,00068E3862,Unknown
2009-07-31 21:15:47,00068E3862,Unknown
2009-07-31 21:15:58,00068E3862,Unknown
2009-07-31 21:16:18,00068E3862,Unknown
2009-07-31 21:16:22,00068E0587,Unknown
2009-07-31 21:17:04,00060D7AE7,Unknown
2009-07-31 21:17:20,00060D7AE7,Unknown
2009-07-31 21:17:38,000697C596,Unknown
2009-07-31 21:17:58,00060D7AE7,Unknown
2009-07-31 21:18:10,00060D7AE7,Unknown
2009-07-31 21:19:56,0006444F30,Unknown
2009-07-31 21:21:49,00065EB019,Unknown
2009-07-31 21:23:18,00060D7AE7,Unknown
2009-07-31 21:23:26,00065D81D3,Unknown
2009-07-31 21:23:40,00068EAD8A,Unknown
2009-07-31 21:24:37,0006979D37,Unknown
2009-07-31 21:24:57,00060FA7EA,Unknown
2009-07-31 21:25:05,00061D3DC5,Unknown
2009-07-31 21:25:40,000697D368,Unknown
2009-07-31 21:25:57,00068E1FDB,Unknown
2009-07-31 21:26:02,00065EB6E2,Unknown
2009-07-31 21:26:11,00068E1A46,Unknown
2009-07-31 21:26:48,0005FE0832,Unknown
2009-07-31 21:30:26,00068E3546,Unknown
2009-07-31 21:30:26,000697BE7E,Unknown
2009-07-31 21:30:45,00065D9BC6,Unknown
2009-07-31 21:30:58,0006179D52,Unknown
2009-07-31 21:30:59,0006242035,Unknown
2009-07-31 21:32:01,00068E19F7,Unknown
2009-07-31 21:32:17,000697D368,Unknown
2009-07-31 21:37:28,00001F5C08,Unknown
2009-07-31 21:37:31,00060F600D,Unknown
2009-07-31 21:38:03,0001F7D573,Unknown
2009-07-31 21:39:55,000644514C,Unknown
2009-08-01 00:14:21,00068E1A46,Unknown
2009-08-01 00:15:40,00068E1A46,Unknown
2009-08-01 00:45:33,000697BE7E,Unknown
2009-08-01 00:45:50,000697BE7E,Unknown
2009-08-01 03:04:57,00068E9134,Unknown
2009-08-01 03:05:08,00068E9134,Unknown
2009-08-01 03:06:11,00068E9134,Unknown
2009-08-01 03:40:02,00065EB6E2,Unknown
2009-08-01 04:19:31,00001F5C08,Unknown
2009-08-01 04:48:29,00068E19F7,Unknown
2009-08-01 04:49:10,00068E3435,Unknown
2009-08-01 04:49:40,00068E19F7,Unknown
2009-08-01 04:49:43,00068E3435,Unknown
2009-08-01 04:49:55,00068E19F7,Unknown
2009-08-01 08:43:15,00065E632D,Unknown
2009-08-01 08:58:56,00065E632D,Unknown
2009-08-01 09:13:04,00065E632D,Unknown
2009-08-01 09:13:14,8E602D0D0F,Unknown
2009-08-01 09:16:25,00065E632D,Unknown
2009-08-01 19:40:30,8E602D0D0F,Unknown
2009-08-01 19:40:47,8E602D0D0F,Unknown
2009-08-01 19:50:55,8E602D0D0F,Unknown
2009-08-01 20:13:28,8E602D0D0F,Unknown
2009-08-01 21:23:11,0005FE0832,Unknown
2009-08-01 21:27:12,000697BE7E,Unknown
2009-08-01 21:27:19,00061D3DC5,Unknown
2009-08-01 21:28:45,00068E3862,Unknown
2009-08-01 21:29:02,00060FA7EA,Unknown
2009-08-01 21:31:31,00065DA08A,Unknown
2009-08-01 21:31:56,00068E9C1A,Unknown
2009-08-01 21:32:35,0006444F30,Unknown
2009-08-01 21:32:39,00068E9C1A,Unknown
2009-08-01 21:34:41,00068E3D57,Unknown
2009-08-01 21:36:30,00065D9BC6,Unknown
2009-08-01 21:36:42,00060D7AE7,Unknown
2009-08-01 21:36:53,0006979D37,Unknown
2009-08-01 21:36:57,0006979C67,Unknown
2009-08-01 21:37:41,00065EB6E2,Unknown
2009-08-01 21:39:08,0006179D52,Unknown
2009-08-01 21:39:20,0006179D52,Unknown
2009-08-01 21:39:48,00068E9C1A,Unknown
2009-08-02 05:31:29,00065D9BC6,Unknown
2009-08-02 05:31:50,00068E3D57,Unknown
2009-08-02 05:32:13,00060D7AE7,Unknown
2009-08-02 05:32:15,0006444F30,Unknown
2009-08-02 05:32:30,0005FE0832,Unknown
2009-08-02 05:33:07,0006979D37,Unknown
2009-08-02 05:33:23,00060FA7EA,Unknown
2009-08-02 05:33:35,000697BE7E,Unknown
2009-08-02 05:34:37,00065EB6E2,Unknown
2009-08-02 05:34:45,0006979C67,Unknown
2009-08-02 05:34:48,00061D3DC5,Unknown
2009-08-02 05:35:35,00068E9C1A,Unknown
2009-08-02 05:37:12,00068E3862,Unknown
2009-08-02 08:42:39,00065E632D,Unknown
2009-08-02 09:29:52,00065E632D,Unknown
2009-08-02 09:38:29,00065E632D,Unknown
2009-08-02 09:38:44,8E602D0D0F,Unknown
2009-08-02 09:39:28,8E602D0D0F,Unknown
2009-08-02 09:59:13,8E602D0D0F,Unknown
2009-08-02 19:13:16,8E602D0D0F,Unknown
2009-08-02 19:13:41,00065E632D,Unknown
2009-08-02 19:22:21,00065E632D,Unknown
2009-08-02 19:27:35,8E602D0D0F,Unknown
2009-08-02 19:28:30,00065E632D,Unknown
2009-08-02 19:45:14,8E602D0D0F,Unknown
2009-08-02 19:46:12,00065E632D,Unknown
2009-08-02 21:18:51,000697BE7E,Unknown
2009-08-02 21:19:13,00065D81D3,Unknown
2009-08-02 21:20:09,00068E3862,Unknown
2009-08-02 21:21:07,00061D3DC5,Unknown
2009-08-02 21:21:20,00068EAD8A,Unknown
2009-08-02 21:22:23,00068E17E7,Unknown
2009-08-02 21:23:45,0006242035,Unknown
2009-08-02 21:24:04,00068E1878,Unknown
2009-08-02 21:24:30,00068E2227,Unknown
2009-08-02 21:25:19,00068E3D73,Unknown
2009-08-02 21:25:22,0006979BE8,Unknown
2009-08-02 21:25:25,00060D7AE7,Unknown
2009-08-02 21:25:54,00068E3D57,Unknown
2009-08-02 21:26:05,00068E1FDB,Unknown
2009-08-02 21:26:08,00065EB019,Unknown
2009-08-02 21:26:16,00068E1FDB,Unknown
2009-08-02 21:26:18,00068E1A46,Unknown
2009-08-02 21:26:26,00065D7D8B,Unknown
2009-08-02 21:27:35,000697B0DE,Unknown
2009-08-02 21:28:10,000697C596,Unknown
2009-08-02 21:28:34,00065D9BC6,Unknown
2009-08-02 21:29:10,0006444F30,Unknown
2009-08-02 21:29:24,00068E3435,Unknown
2009-08-02 21:29:35,00068E9C1A,Unknown
2009-08-02 21:29:52,0005FE0832,Unknown
2009-08-02 21:29:54,0006979C67,Unknown
2009-08-02 21:32:50,00060F600D,Unknown
2009-08-02 21:33:24,000644514C,Unknown
2009-08-02 21:36:46,00060FA7EA,Unknown
2009-08-02 21:37:08,0006979D37,Unknown
2009-08-02 21:37:26,00065EB6E2,Unknown
2009-08-03 00:27:25,000697BD11,Unknown
2009-08-03 00:37:03,000697BD11,Unknown
2009-08-03 05:29:43,00065D7D8B,Unknown
2009-08-03 05:33:15,00068E3D57,Unknown
2009-08-03 05:33:59,0005FE0832,Unknown
2009-08-03 05:34:35,00065D9BC6,Unknown
2009-08-03 05:34:38,0006979D37,Unknown
2009-08-03 05:35:09,00065EB6E2,Unknown
2009-08-03 05:35:40,00061D3DC5,Unknown
2009-08-03 05:36:51,00060D7AE7,Unknown
2009-08-03 05:41:36,00068E1FDB,Unknown
2009-08-03 09:37:49,00065E632D,Unknown
2009-08-03 10:00:11,00065E632D,Unknown
2009-08-03 10:00:18,8E602D0D0F,Unknown
2009-08-03 10:03:23,00065E632D,Unknown
2009-08-03 10:04:36,00065E632D,Unknown
2009-08-03 10:23:33,8E602D0D0F,Unknown
2009-08-03 10:40:30,8E602D0D0F,Unknown
2009-08-03 18:33:46,8E602D0D0F,Unknown
2009-08-03 18:34:03,00065E632D,Unknown
2009-08-03 18:38:34,00065E632D,Unknown
2009-08-03 18:39:47,8E602D0D0F,Unknown
2009-08-03 18:40:08,00065E632D,Unknown
2009-08-03 18:42:49,8E602D0D0F,Unknown
2009-08-03 18:43:13,00065E632D,Unknown
2009-08-03 18:45:42,8E602D0D0F,Unknown
2009-08-03 18:46:37,8E602D0D0F,Unknown
2009-08-03 18:47:00,00065E632D,Unknown
2009-08-03 21:19:21,00061D3DC5,Unknown
2009-08-03 21:21:29,00068E17E7,Unknown
2009-08-03 21:21:52,00068E3862,Unknown
2009-08-03 21:24:10,000697BE7E,Unknown
2009-08-03 21:24:23,0006979C67,Unknown
2009-08-03 21:25:34,0006444F30,Unknown
2009-08-03 21:25:48,00060FA7EA,Unknown
2009-08-03 21:28:30,0006979D37,Unknown
2009-08-03 21:28:38,00068EAD8A,Unknown
2009-08-03 21:28:41,00065DD7F6,Unknown
2009-08-03 21:28:52,00068E3D57,Unknown
2009-08-03 21:29:00,00065D81D3,Unknown
2009-08-03 21:29:12,0006979BE8,Unknown
2009-08-03 21:29:14,00065D81D3,Unknown
2009-08-03 21:29:43,00068E3D73,Unknown
2009-08-03 21:30:14,0005FE0832,Unknown
2009-08-03 21:31:52,00065D9BC6,Unknown
2009-08-03 21:32:01,00060D7AE7,Unknown
2009-08-03 21:34:07,00068E3435,Unknown
2009-08-03 21:35:03,00065EB6E2,Unknown
2009-08-03 21:35:09,00068E2227,Unknown
2009-08-03 21:35:37,00068E1878,Unknown
2009-08-03 21:35:43,00068EA92B,Unknown
2009-08-03 21:37:17,00068E1A46,Unknown
2009-08-03 21:38:18,00068E19F7,Unknown
2009-08-03 21:39:19,0006242035,Unknown
2009-08-03 21:41:17,00065EC1B3,Unknown
2009-08-03 21:42:39,000697D368,Unknown
2009-08-03 21:42:49,00060F600D,Unknown
2009-08-03 22:08:23,00068E1A46,Unknown
2009-08-03 22:23:53,00068E1A46,Unknown
2009-08-04 03:57:24,00068E3D57,Unknown
2009-08-04 04:33:27,00065D81D3,Unknown
2009-08-04 04:43:06,00065D81D3,Unknown
2009-08-04 05:05:32,00068E1A46,Unknown
2009-08-04 05:12:21,00068E19F7,Unknown
2009-08-04 05:14:05,00068E19F7,Unknown
2009-08-04 05:38:24,0006979BE8,Unknown
2009-08-04 05:38:43,00068E3D73,Unknown
2009-08-04 05:38:57,00068E1FDB,Unknown
2009-08-04 05:40:08,00065D7D8B,Unknown
2009-08-04 05:40:38,00065D81D3,Unknown
2009-08-04 05:40:46,00068EAD8A,Unknown
2009-08-04 05:40:52,0006979C67,Unknown
2009-08-04 05:41:00,00068E3862,Unknown
2009-08-04 05:41:04,00065D9BC6,Unknown
2009-08-04 05:41:14,00068E3D57,Unknown
2009-08-04 05:41:25,00068E17E7,Unknown
2009-08-04 05:41:29,000697BE7E,Unknown
2009-08-04 05:41:49,0005FE0832,Unknown
2009-08-04 05:42:03,000697B0DE,Unknown
2009-08-04 05:43:13,00060D7AE7,Unknown
2009-08-04 05:45:19,0006979D37,Unknown
2009-08-04 10:08:43,00065E632D,Unknown
2009-08-04 10:12:09,00065E632D,Unknown
2009-08-04 10:13:14,00065E632D,Unknown
2009-08-04 10:15:15,00065E632D,Unknown
2009-08-04 10:19:11,00065E632D,Unknown
2009-08-04 11:05:41,8E602D0D0F,Unknown
2009-08-04 11:23:50,8E602D0D0F,Unknown
2009-08-04 11:39:52,8E602D0D0F,Unknown
2009-08-04 17:59:30,8E602D0D0F,Unknown
2009-08-04 17:59:54,00065E632D,Unknown
2009-08-04 18:03:42,8E602D0D0F,Unknown
2009-08-04 18:08:14,8E602D0D0F,Unknown
2009-08-04 18:28:48,8E602D0D0F,Unknown
2009-08-04 21:17:38,0005FE0832,Unknown
2009-08-04 21:17:59,00065EB019,Unknown
2009-08-04 21:19:21,00068E2227,Unknown
2009-08-04 21:19:50,00068E17E7,Unknown
2009-08-04 21:20:16,00068E3546,Unknown
2009-08-04 21:20:22,000697BE7E,Unknown
2009-08-04 21:20:25,00068E3862,Unknown
2009-08-04 21:20:40,00061D3DC5,Unknown
2009-08-04 21:22:10,0006242035,Unknown
2009-08-04 21:22:15,000697A268,Unknown
2009-08-04 21:23:08,00068E3435,Unknown
2009-08-04 21:23:51,00065D81D3,Unknown
2009-08-04 21:24:12,00068E0F02,Unknown
2009-08-04 21:24:19,00060F66F2,Unknown
2009-08-04 21:24:44,00068E1A46,Unknown
2009-08-04 21:26:11,00065D7D8B,Unknown
2009-08-04 21:26:43,0006979B84,Unknown
2009-08-04 21:27:07,00068E1FDB,Unknown
2009-08-04 21:27:12,00068EAD8A,Unknown
2009-08-04 21:27:27,00068E3D73,Unknown
2009-08-04 21:27:45,0006979BE8,Unknown
2009-08-04 21:27:55,00068E1C26,Unknown
2009-08-04 21:28:22,00061013E4,Unknown
2009-08-04 21:28:43,00060D7AE7,Unknown
2009-08-04 21:28:57,00068E0DE6,Unknown
2009-08-04 21:30:24,00060F600D,Unknown
2009-08-04 21:30:29,000697D368,Unknown
2009-08-04 21:30:43,00065EC1B3,Unknown
2009-08-04 21:30:50,00068E3D57,Unknown
2009-08-04 21:31:23,000697B0DE,Unknown
2009-08-04 21:32:24,0006979D37,Unknown
2009-08-04 21:36:28,0006979C67,Unknown
2009-08-04 21:37:50,00065D9BC6,Unknown
2009-08-05 02:34:18,0005FE0832,Unknown
2009-08-05 02:34:30,0005FE0832,Unknown
2009-08-05 03:03:12,00065D81D3,Unknown
2009-08-05 03:03:31,00065D81D3,Unknown
2009-08-05 03:53:03,00068E3D57,Unknown
2009-08-05 03:53:26,00068E3D57,Unknown
2009-08-05 05:31:26,00068E3D57,Unknown
2009-08-05 05:32:25,000697BE7E,Unknown
2009-08-05 05:33:24,00068E3862,Unknown
2009-08-05 05:37:20,00065D7D8B,Unknown
2009-08-05 05:37:36,00068E3D73,Unknown
2009-08-05 05:38:19,00068E17E7,Unknown
2009-08-05 05:39:26,0006979BE8,Unknown
2009-08-05 05:39:35,00065D81D3,Unknown
2009-08-05 05:39:48,00065D81D3,Unknown
2009-08-05 05:39:55,000697B0DE,Unknown
2009-08-05 05:43:23,00068E1FDB,Unknown
2009-08-05 05:43:40,00060D7AE7,Unknown
2009-08-05 05:44:01,0006979C67,Unknown
2009-08-05 05:44:37,0006979D37,Unknown
2009-08-05 05:44:56,00068E0587,Unknown
2009-08-05 05:45:21,0006979C67,Unknown
2009-08-05 05:46:18,00068EAD8A,Unknown
2009-08-05 05:46:52,0006160637,Unknown
2009-08-05 08:07:58,00065E632D,Unknown
2009-08-05 09:18:05,00065E632D,Unknown
2009-08-05 09:24:01,00065E632D,Unknown
2009-08-05 09:29:36,00065E632D,Unknown
2009-08-05 09:38:45,8E602D0D0F,Unknown
2009-08-05 09:52:54,8E602D0D0F,Unknown
2009-08-05 19:06:26,8E602D0D0F,Unknown
2009-08-05 19:07:33,00065E632D,Unknown
2009-08-05 19:11:52,8E602D0D0F,Unknown
2009-08-05 19:13:10,00065E632D,Unknown
2009-08-05 19:21:28,8E602D0D0F,Unknown
2009-08-05 19:22:17,00065E632D,Unknown
2009-08-05 21:14:55,00061D3DC5,Unknown
2009-08-05 21:19:16,00068E2227,Unknown
2009-08-05 21:20:08,00068E17E7,Unknown
2009-08-05 21:21:49,00068E3435,Unknown
2009-08-05 21:22:11,00065D81D3,Unknown
2009-08-05 21:22:24,00065D81D3,Unknown
2009-08-05 21:22:33,00068E1FDB,Unknown
2009-08-05 21:22:43,00065D81D3,Unknown
2009-08-05 21:23:00,00068E3862,Unknown
2009-08-05 21:23:02,000697BE7E,Unknown
2009-08-05 21:23:31,0006242035,Unknown
2009-08-05 21:23:46,0005FE0832,Unknown
2009-08-05 21:24:52,00068E1878,Unknown
2009-08-05 21:25:39,00068E1A46,Unknown
2009-08-05 21:25:41,00065D7D8B,Unknown
2009-08-05 21:25:42,00068E3546,Unknown
2009-08-05 21:26:21,00068E19F7,Unknown
2009-08-05 21:26:29,00068EA92B,Unknown
2009-08-05 21:26:45,00068EAD8A,Unknown
2009-08-05 21:26:48,0006979BE8,Unknown
2009-08-05 21:27:02,00068E3D73,Unknown
2009-08-05 21:27:25,00065EB019,Unknown
2009-08-05 21:27:57,000697B0DE,Unknown
2009-08-05 21:28:30,0000F8007E,Unknown
2009-08-05 21:28:40,0006979C67,Unknown
2009-08-05 21:28:56,00060D7AE7,Unknown
2009-08-05 21:29:17,00065EC1B3,Unknown
2009-08-05 21:29:24,0006160637,Unknown
2009-08-05 21:29:49,00068E3D57,Unknown
2009-08-05 21:30:03,00060FA7EA,Unknown
2009-08-05 21:30:10,0001F7D573,Unknown
2009-08-05 21:31:17,00068E0587,Unknown
2009-08-05 21:31:34,0006979D37,Unknown
2009-08-05 21:31:54,00060F600D,Unknown
2009-08-05 21:32:08,000697D368,Unknown
2009-08-05 21:35:18,000644514C,Unknown
2009-08-05 21:37:44,00065D9BC6,Unknown
2009-08-06 00:50:22,00068E1A46,Unknown
2009-08-06 00:50:32,00068E1878,Unknown
2009-08-06 00:58:09,00068E2227,Unknown
2009-08-06 01:02:40,00068E1878,Unknown
2009-08-06 01:08:20,00068E2227,Unknown
2009-08-06 01:14:28,00068E1A46,Unknown
2009-08-06 02:37:19,00068E19F7,Unknown
2009-08-06 02:47:58,00068E1A46,Unknown
2009-08-06 02:57:08,00068E1878,Unknown
2009-08-06 03:10:47,00068E1878,Unknown
2009-08-06 03:18:00,00068E1A46,Unknown
2009-08-06 03:28:08,0006242035,Unknown
2009-08-06 03:28:39,000697D368,Unknown
2009-08-06 03:53:29,00068E3D57,Unknown
2009-08-06 03:53:49,0006444F30,Unknown
2009-08-06 03:55:55,0001F7D573,Unknown
2009-08-06 03:56:56,00068E2227,Unknown
2009-08-06 03:59:04,000697BE7E,Unknown
2009-08-06 04:06:09,00068E2227,Unknown
2009-08-06 04:17:51,00068E3D57,Unknown
2009-08-06 04:18:22,0006444F30,Unknown
2009-08-06 04:25:25,000697BE7E,Unknown
2009-08-06 05:34:05,00068E3D57,Unknown
2009-08-06 05:34:58,00068E0587,Unknown
2009-08-06 05:35:02,0006979C67,Unknown
2009-08-06 05:35:10,00068E3862,Unknown
2009-08-06 05:35:28,00065D9BC6,Unknown
2009-08-06 05:38:00,00060FA7EA,Unknown
2009-08-06 05:40:31,0006160637,Unknown
2009-08-06 05:40:52,0006444F30,Unknown
2009-08-06 05:46:19,00065EB6E2,Unknown
2009-08-06 05:46:27,00060D7AE7,Unknown
2009-08-06 05:49:40,0006979D37,Unknown
2009-08-06 09:27:26,00065E632D,Unknown
2009-08-06 09:31:13,00065E632D,Unknown
2009-08-06 09:36:46,00065E632D,Unknown
2009-08-06 10:11:06,8E602D0D0F,Unknown
2009-08-06 10:17:02,8E602D0D0F,Unknown
2009-08-06 10:29:00,8E602D0D0F,Unknown
2009-08-06 18:34:14,8E602D0D0F,Unknown
2009-08-06 18:34:37,00065E632D,Unknown
2009-08-06 18:44:12,8E602D0D0F,Unknown
2009-08-06 18:49:21,8E602D0D0F,Unknown
2009-08-06 18:49:39,00065E632D,Unknown
2009-08-06 21:14:08,00068E1A46,Unknown
2009-08-06 21:15:47,00060FA7EA,Unknown
2009-08-06 21:15:54,00068E3546,Unknown
2009-08-06 21:16:03,0006242035,Unknown
2009-08-06 21:16:09,00068E3862,Unknown
2009-08-06 21:16:34,00065EC1B3,Unknown
2009-08-06 21:16:54,00068E3435,Unknown
2009-08-06 21:17:10,0005FE0832,Unknown
2009-08-06 21:17:21,0005FE0832,Unknown
2009-08-06 21:17:35,0005FE0832,Unknown
2009-08-06 21:19:31,00061D3DC5,Unknown
2009-08-06 21:20:32,00001F5C08,Unknown
2009-08-06 21:20:41,000697D368,Unknown
2009-08-06 21:21:40,00068E17E7,Unknown
2009-08-06 21:21:50,00060D7AE7,Unknown
2009-08-06 21:21:57,00065D81D3,Unknown
2009-08-06 21:22:02,00060F600D,Unknown
2009-08-06 21:22:02,00060D7AE7,Unknown
2009-08-06 21:22:08,0006444F30,Unknown
2009-08-06 21:24:11,000697BE7E,Unknown
2009-08-06 21:24:23,0006160637,Unknown
2009-08-06 21:24:40,000644514C,Unknown
2009-08-06 21:25:47,00068EAD8A,Unknown
2009-08-06 21:26:55,0006979BE8,Unknown
2009-08-06 21:28:20,00068E3D57,Unknown
2009-08-06 21:29:45,00065D7D8B,Unknown
2009-08-06 21:29:52,00068E1FDB,Unknown
2009-08-06 21:29:55,00065DD7F6,Unknown
2009-08-06 21:30:00,00068E3D73,Unknown
2009-08-06 21:33:33,00065D9BC6,Unknown
2009-08-06 21:33:52,0006979D37,Unknown
2009-08-06 21:34:14,00068E0587,Unknown
2009-08-06 21:35:12,00065EB6E2,Unknown
2009-08-06 21:35:25,0006979C67,Unknown
2009-08-06 21:37:10,000697B0DE,Unknown
2009-08-07 05:27:10,00068E3D57,Unknown
2009-08-07 05:28:46,00068E3D57,Unknown
2009-08-07 05:36:58,00060FA7EA,Unknown
2009-08-07 05:37:18,00068E3D57,Unknown
2009-08-07 05:37:44,000697BE7E,Unknown
2009-08-07 05:37:48,00068E0587,Unknown
2009-08-07 05:39:46,0006444F30,Unknown
2009-08-07 05:40:18,00068E3862,Unknown
2009-08-07 05:41:32,0006979D37,Unknown
2009-08-07 05:44:34,0006979BE8,Unknown
2009-08-07 05:45:23,00068EAD8A,Unknown
2009-08-07 05:45:56,00068E1FDB,Unknown
2009-08-07 05:46:57,00060D7AE7,Unknown
2009-08-07 05:47:26,00065D81D3,Unknown
2009-08-07 05:47:46,00068E17E7,Unknown
2009-08-07 05:48:47,000697B0DE,Unknown
2009-08-07 05:50:34,00068E3D73,Unknown
2009-08-07 09:45:07,00065E632D,Unknown
2009-08-07 09:52:51,00065E632D,Unknown
2009-08-07 09:56:52,00065E632D,Unknown
2009-08-07 10:17:44,8E602D0D0F,Unknown
2009-08-07 10:34:18,8E602D0D0F,Unknown
2009-08-07 11:17:00,8E602D0D0F,Unknown
2009-08-07 11:20:25,8E602D0D0F,Unknown
2009-08-07 18:31:51,8E602D0D0F,Unknown
2009-08-07 18:32:14,00065E632D,Unknown
2009-08-07 18:37:03,8E602D0D0F,Unknown
2009-08-07 18:37:28,00065E632D,Unknown
2009-08-07 18:50:54,8E602D0D0F,Unknown
2009-08-07 18:57:03,8E602D0D0F,Unknown
2009-08-07 19:04:08,00065E632D,Unknown
2009-08-07 21:13:05,00065EB019,Unknown
2009-08-07 21:14:08,00061D3DC5,Unknown
2009-08-07 21:14:51,00068E3862,Unknown
2009-08-07 21:15:36,00068E17E7,Unknown
2009-08-07 21:17:38,000697BD11,Unknown
2009-08-07 21:19:20,00068E1878,Unknown
2009-08-07 21:20:20,00068E1FDB,Unknown
2009-08-07 21:20:50,000697A268,Unknown
2009-08-07 21:20:51,0006979B84,Unknown
2009-08-07 21:20:55,0005FE0832,Unknown
2009-08-07 21:21:13,00068E1A46,Unknown
2009-08-07 21:21:22,00068E2227,Unknown
2009-08-07 21:21:23,00065D81D3,Unknown
2009-08-07 21:21:34,00068E3D73,Unknown
2009-08-07 21:21:36,00068E3435,Unknown
2009-08-07 21:21:42,00068E35E1,Unknown
2009-08-07 21:21:53,00065DA08A,Unknown
2009-08-07 21:22:06,00060F66F2,Unknown
2009-08-07 21:22:14,0006242035,Unknown
2009-08-07 21:22:19,00068E19F7,Unknown
2009-08-07 21:22:27,00061013E4,Unknown
2009-08-07 21:22:38,00061013E4,Unknown
2009-08-07 21:24:20,00068E8B1B,Unknown
2009-08-07 21:24:52,00068EAD8A,Unknown
2009-08-07 21:25:18,0006979BE8,Unknown
2009-08-07 21:25:38,0006444F30,Unknown
2009-08-07 21:25:45,000697B0DE,Unknown
2009-08-07 21:25:51,00068E3546,Unknown
2009-08-07 21:26:07,00060D7AE7,Unknown
2009-08-07 21:26:18,00065EC1B3,Unknown
2009-08-07 21:26:52,00060F600D,Unknown
2009-08-07 21:27:38,00060FA7EA,Unknown
2009-08-07 21:28:03,000697D368,Unknown
2009-08-07 21:29:16,00068E9134,Unknown
2009-08-07 21:30:19,0006179D52,Unknown
2009-08-07 21:30:39,00065EB6E2,Unknown
2009-08-07 21:30:44,00068E3D57,Unknown
2009-08-07 21:30:54,0006979863,Unknown
2009-08-07 21:30:58,0006979D37,Unknown
2009-08-07 21:31:09,000644514C,Unknown
2009-08-07 21:31:14,00068E9C1A,Unknown
2009-08-07 21:31:16,000697BE7E,Unknown
2009-08-07 21:31:32,00065EA1D4,Unknown
2009-08-07 21:32:02,00068E0587,Unknown
2009-08-07 21:37:14,00065D9BC6,Unknown
2009-08-07 23:06:40,0006979863,Unknown
2009-08-07 23:06:57,0006979863,Unknown
2009-08-07 23:07:17,0006979863,Unknown
2009-08-07 23:44:15,00068E17E7,Unknown
2009-08-07 23:44:26,00068E17E7,Unknown
2009-08-07 23:48:52,00068E17E7,Unknown
2009-08-08 00:32:12,00068E1A46,Unknown
2009-08-08 01:04:31,00068E1A46,Unknown
2009-08-08 05:30:38,0006979863,Unknown
2009-08-08 05:30:45,00068E9C1A,Unknown
2009-08-08 05:33:17,000697BD11,Unknown
2009-08-08 05:34:31,00068E9134,Unknown
2009-08-08 05:35:18,00065EA1D4,Unknown
2009-08-08 05:38:04,00065DA08A,Unknown
2009-08-08 05:40:57,00068E3D57,Unknown
2009-08-08 05:42:46,0006979D37,Unknown
2009-08-08 05:43:30,00060FA7EA,Unknown
2009-08-08 05:44:10,0006179D52,Unknown
2009-08-08 05:44:53,00068E8B1B,Unknown
2009-08-08 05:45:19,000697A268,Unknown
2009-08-08 05:45:49,00060F66F2,Unknown
2009-08-08 05:48:34,00068E35E1,Unknown
2009-08-08 05:48:50,00068E17E7,Unknown
2009-08-08 05:49:13,00068EAD8A,Unknown
2009-08-08 05:50:00,0006979BE8,Unknown
2009-08-08 05:50:06,00060D7AE7,Unknown
2009-08-08 05:50:07,000697B0DE,Unknown
2009-08-08 05:50:41,00068E1FDB,Unknown
2009-08-08 05:50:46,0006444F30,Unknown
2009-08-08 05:50:56,00065D81D3,Unknown
2009-08-08 05:51:42,00068E3862,Unknown
2009-08-08 05:52:08,0006160637,Unknown
2009-08-08 09:17:05,00065E632D,Unknown
2009-08-08 09:35:54,00065E632D,Unknown
2009-08-08 10:00:01,00065E632D,Unknown
2009-08-08 10:04:28,00065E632D,Unknown
2009-08-08 10:15:02,00065E632D,Unknown
2009-08-08 10:33:47,8E602D0D0F,Unknown
2009-08-08 10:50:54,8E602D0D0F,Unknown
2009-08-08 11:22:54,8E602D0D0F,Unknown
2009-08-08 17:29:41,00065E632D,Unknown
2009-08-08 17:57:03,8E602D0D0F,Unknown
2009-08-08 17:57:25,00065E632D,Unknown
2009-08-08 18:03:58,8E602D0D0F,Unknown
2009-08-08 18:04:22,00065E632D,Unknown
2009-08-08 18:06:39,8E602D0D0F,Unknown
2009-08-08 18:21:12,8E602D0D0F,Unknown
2009-08-08 18:21:32,00065E632D,Unknown
2009-08-08 18:28:11,8E602D0D0F,Unknown
2009-08-08 18:28:40,00065E632D,Unknown
2009-08-08 18:37:19,00065E632D,Unknown
2009-08-08 20:59:29,0006160637,Unknown
2009-08-08 21:02:56,00065EB019,Unknown
2009-08-08 21:03:32,00068E35E1,Unknown
2009-08-08 21:06:48,0000F8007E,Unknown
2009-08-08 21:07:49,00060FA7EA,Unknown
2009-08-08 21:08:03,00068E2227,Unknown
2009-08-08 21:08:16,00068E3862,Unknown
2009-08-08 21:08:42,00068E3D57,Unknown
2009-08-08 21:08:59,00060F66F2,Unknown
2009-08-08 21:09:28,00068E17E7,Unknown
2009-08-08 21:09:30,0005FE0832,Unknown
2009-08-08 21:09:52,00065D81D3,Unknown
2009-08-08 21:09:56,000697BE7E,Unknown
2009-08-08 21:10:03,00065D81D3,Unknown
2009-08-08 21:10:11,00068EAD8A,Unknown
2009-08-08 21:10:58,00068E1FDB,Unknown
2009-08-08 21:13:21,00060D7AE7,Unknown
2009-08-08 21:13:39,0006979BE8,Unknown
2009-08-08 21:15:02,0006179D52,Unknown
2009-08-08 21:15:21,00068E9134,Unknown
2009-08-08 21:16:00,0006444F30,Unknown
2009-08-08 21:16:37,000697B0DE,Unknown
2009-08-08 21:17:13,00068E1878,Unknown
2009-08-08 21:17:57,00068E3435,Unknown
2009-08-08 21:18:12,00065EC1B3,Unknown
2009-08-08 21:18:39,00065DA08A,Unknown
2009-08-08 21:19:06,00068EA92B,Unknown
2009-08-08 21:19:09,000644514C,Unknown
2009-08-08 21:19:14,000697D368,Unknown
2009-08-08 21:19:19,00060F600D,Unknown
2009-08-08 21:20:21,0006979863,Unknown
2009-08-08 21:20:45,000697BD11,Unknown
2009-08-08 21:21:05,00068E9C1A,Unknown
2009-08-08 21:21:36,00065EA1D4,Unknown
2009-08-08 21:22:04,0006979D37,Unknown
2009-08-08 21:22:06,00065EB6E2,Unknown
2009-08-08 21:22:06,00068E8B1B,Unknown
2009-08-08 23:52:24,00068E1A46,Unknown
2009-08-08 23:52:38,00068E1A46,Unknown
2009-08-09 00:20:24,0006242035,Unknown
2009-08-09 00:28:09,00068E1A46,Unknown
2009-08-09 00:29:33,00068E2227,Unknown
2009-08-09 00:32:01,00068E1A46,Unknown
2009-08-09 00:41:21,00068E2227,Unknown
2009-08-09 00:52:09,00068E17E7,Unknown
2009-08-09 00:53:46,00068E2227,Unknown
2009-08-09 01:07:09,00068E1878,Unknown
2009-08-09 01:07:47,0006242035,Unknown
2009-08-09 01:10:07,00068E17E7,Unknown
2009-08-09 01:20:49,00068E3435,Unknown
2009-08-09 01:30:38,3B6DDB6FFD,Unknown
2009-08-09 01:32:53,3B6DDB6FFD,Unknown
2009-08-09 01:36:33,00068E1A46,Unknown
2009-08-09 01:39:25,00068E3435,Unknown
2009-08-09 01:45:30,00068E2227,Unknown
2009-08-09 01:53:20,00068E1A46,Unknown
2009-08-09 01:57:51,00068E2227,Unknown
2009-08-09 02:24:42,00068E1878,Unknown
2009-08-09 02:43:58,00060F600D,Unknown
2009-08-09 02:44:40,00068E2227,Unknown
2009-08-09 02:53:06,00068E1A46,Unknown
2009-08-09 02:53:22,00068E1878,Unknown
2009-08-09 03:11:34,00068E1A46,Unknown
2009-08-09 03:36:00,00068E1A46,Unknown
2009-08-09 03:36:44,00068E1A46,Unknown
2009-08-09 03:37:31,00065EB019,Unknown
2009-08-09 03:38:07,00068EA92B,Unknown
2009-08-09 03:53:56,00068EA92B,Unknown
2009-08-09 04:01:22,00065EB019,Unknown
2009-08-09 04:03:12,00068E1A46,Unknown
2009-08-09 04:25:24,00068E1A46,Unknown
2009-08-09 04:29:33,00068E19F7,Unknown
2009-08-09 04:31:00,00068E2227,Unknown
2009-08-09 04:37:08,00068E3435,Unknown
2009-08-09 04:46:50,00068EA92B,Unknown
2009-08-09 04:49:27,00068E3546,Unknown
2009-08-09 05:16:01,00068E19F7,Unknown
2009-08-09 05:31:02,00068E3435,Unknown
2009-08-09 05:36:19,000697BE7E,Unknown
2009-08-09 05:37:24,00068EA92B,Unknown
2009-08-09 05:37:28,0006979D37,Unknown
2009-08-09 05:37:41,0006979D37,Unknown
2009-08-09 05:38:07,00060D7AE7,Unknown
2009-08-09 05:38:46,00068E2227,Unknown
2009-08-09 05:42:59,00068E2227,Unknown
2009-08-09 05:46:13,00068E2227,Unknown
2009-08-09 05:47:28,00068E1A46,Unknown
2009-08-09 05:51:26,00068E2227,Unknown
2009-08-09 05:52:58,0006242035,Unknown
2009-08-09 07:56:54,00065E632D,Unknown
2009-08-09 08:12:33,00065E632D,Unknown
2009-08-09 08:42:44,00065E632D,Unknown
2009-08-09 08:45:29,00065E632D,Unknown
2009-08-09 09:17:42,8E602D0D0F,Unknown
2009-08-09 09:20:27,8E602D0D0F,Unknown
2009-08-09 09:24:56,8E602D0D0F,Unknown
2009-08-09 18:45:08,8E602D0D0F,Unknown
2009-08-09 18:45:30,00065E632D,Unknown
2009-08-09 18:58:54,8E602D0D0F,Unknown
2009-08-09 18:59:14,00065E632D,Unknown
2009-08-09 19:04:45,8E602D0D0F,Unknown
2009-08-09 19:05:11,00065E632D,Unknown
2009-08-09 19:07:31,8E602D0D0F,Unknown
2009-08-09 19:07:51,00065E632D,Unknown
2009-08-09 19:13:55,8E602D0D0F,Unknown
2009-08-09 19:14:26,00065E632D,Unknown
2009-08-09 19:22:39,00065E632D,Unknown
2009-08-09 21:09:06,00068E1A46,Unknown
2009-08-09 21:09:30,0006242035,Unknown
2009-08-09 21:10:28,00068E2227,Unknown
2009-08-09 21:10:30,000697BE7E,Unknown
2009-08-09 21:10:38,00060D7AE7,Unknown
2009-08-09 21:10:54,0006979D37,Unknown
2009-08-09 21:13:55,00065EB019,Unknown
2009-08-09 21:14:42,0006979BE8,Unknown
2009-08-09 21:14:46,00068E3435,Unknown
2009-08-09 21:15:18,00068E1FDB,Unknown
2009-08-09 21:15:50,000697D368,Unknown
2009-08-09 21:15:58,00068E1878,Unknown
2009-08-09 21:16:18,00068E19F7,Unknown
2009-08-09 21:17:32,00068EA92B,Unknown
2009-08-09 21:18:13,0001F7D573,Unknown
2009-08-09 21:18:20,000697BD11,Unknown
2009-08-09 21:18:22,00065EC1B3,Unknown
2009-08-09 21:18:33,00001F5C08,Unknown
2009-08-09 21:18:48,000644514C,Unknown
2009-08-09 21:18:49,00065EA1D4,Unknown
2009-08-09 21:18:56,00068E9134,Unknown
2009-08-09 21:19:10,000697BD11,Unknown
2009-08-09 21:19:34,00065DA08A,Unknown
2009-08-09 21:19:40,0006179D52,Unknown
2009-08-09 21:20:09,00060F600D,Unknown
2009-08-09 21:20:45,00068E3D73,Unknown
2009-08-09 21:22:55,00068E8B1B,Unknown
2009-08-09 21:24:53,0006979863,Unknown
2009-08-09 22:57:40,00068E1A46,Unknown
2009-08-09 23:49:31,00068E1A46,Unknown
2009-08-10 05:48:19,00068E9134,Unknown
2009-08-10 05:48:23,000697BD11,Unknown
2009-08-10 05:48:35,0006979863,Unknown
2009-08-10 05:48:52,00068E9C1A,Unknown
2009-08-10 05:50:01,00068E8B1B,Unknown
2009-08-10 05:50:13,0006179D52,Unknown
2009-08-10 05:50:43,00065DA08A,Unknown
2009-08-10 05:55:42,00068E3D73,Unknown
2009-08-10 05:56:03,00068E3D73,Unknown
2009-08-10 09:10:48,00065E632D,Unknown
2009-08-10 09:27:55,00065E632D,Unknown
2009-08-10 09:46:53,00065E632D,Unknown
2009-08-10 09:46:59,8E602D0D0F,Unknown
2009-08-10 09:47:45,00065E632D,Unknown
2009-08-10 09:57:01,00065E632D,Unknown
2009-08-10 09:57:08,8E602D0D0F,Unknown
2009-08-10 10:02:54,00065E632D,Unknown
2009-08-10 14:42:51,8E602D0D0F,Unknown
2009-08-10 14:59:45,8E602D0D0F,Unknown
2009-08-10 15:51:43,8E602D0D0F,Unknown
2009-08-10 18:01:53,8E602D0D0F,Unknown
2009-08-10 18:02:15,00065E632D,Unknown
2009-08-10 18:30:56,8E602D0D0F,Unknown
2009-08-10 18:31:16,00065E632D,Unknown
2009-08-10 20:46:15,00065EB6E2,Unknown
2009-08-10 20:46:36,00065D9BC6,Unknown
2009-08-10 20:47:12,00065D9BC6,Unknown
2009-08-10 20:47:33,0006444F30,Unknown
2009-08-10 20:48:01,0005FE0832,Unknown
2009-08-10 20:49:27,00068E3862,Unknown
2009-08-10 20:50:45,00060FA7EA,Unknown
2009-08-10 20:52:02,00061D3DC5,Unknown
2009-08-10 20:54:30,000697BE7E,Unknown
2009-08-10 20:54:49,000697BE7E,Unknown
2009-08-10 20:57:40,0006160637,Unknown
2009-08-10 20:59:07,0006979D37,Unknown
2009-08-10 20:59:41,00068E3D57,Unknown
2009-08-10 20:59:56,00068E3D57,Unknown
2009-08-10 21:00:07,00068E3D57,Unknown
2009-08-10 21:00:18,00068E3D57,Unknown
2009-08-10 21:00:26,00060D7AE7,Unknown
2009-08-10 21:12:20,00065DA08A,Unknown
2009-08-10 21:16:37,00068E9C1A,Unknown
2009-08-10 21:17:34,0006179D52,Unknown
2009-08-10 21:19:14,00068E9134,Unknown
2009-08-10 21:21:01,000697BD11,Unknown
2009-08-10 21:22:58,0006979863,Unknown
2009-08-10 21:24:51,00068E8B1B,Unknown
2009-08-11 05:12:48,0006179D52,Unknown
2009-08-11 05:20:50,0006979863,Unknown
2009-08-11 05:21:36,000697BD11,Unknown
2009-08-11 05:21:51,00065EA1D4,Unknown
2009-08-11 05:23:09,00065EA1D4,Unknown
2009-08-11 05:23:29,000697BD11,Unknown
2009-08-11 05:23:48,000697BD11,Unknown
2009-08-11 05:24:01,000697BD11,Unknown
2009-08-11 05:24:12,000697BD11,Unknown
2009-08-11 05:25:27,00065EA1D4,Unknown
2009-08-11 05:27:21,00068E9C1A,Unknown
2009-08-11 05:28:33,00065DA08A,Unknown
2009-08-11 05:29:02,0006979863,Unknown
2009-08-11 05:29:53,00065EA1D4,Unknown
2009-08-11 05:31:48,0006979863,Unknown
2009-08-11 05:36:52,00068E9C1A,Unknown
2009-08-11 05:37:12,0006179D52,Unknown
2009-08-11 05:39:16,00065EA1D4,Unknown
2009-08-11 05:39:37,00068E8B1B,Unknown
2009-08-11 05:41:19,00068E9134,Unknown
2009-08-11 09:34:30,00065E632D,Unknown
2009-08-11 09:51:19,00065E632D,Unknown
2009-08-11 11:54:24,8E602D0D0F,Unknown
2009-08-11 17:30:40,8E602D0D0F,Unknown
2009-08-11 17:46:00,8E602D0D0F,Unknown
2009-08-11 18:04:21,8E602D0D0F,Unknown
2009-08-11 21:09:33,00068E1FDB,Unknown
2009-08-11 21:11:54,00065D81D3,Unknown
2009-08-11 21:12:01,00068EAD8A,Unknown
2009-08-11 21:15:14,0006979BE8,Unknown
2009-08-11 21:15:51,00065DA08A,Unknown
2009-08-11 21:16:28,00065EA1D4,Unknown
2009-08-11 21:17:04,00068E3546,Unknown
2009-08-11 21:17:12,00068E9134,Unknown
2009-08-11 21:17:14,000697C596,Unknown
2009-08-11 21:18:13,000697BD11,Unknown
2009-08-11 21:18:21,0006179D52,Unknown
2009-08-11 21:19:58,00065EC1B3,Unknown
2009-08-11 21:20:26,000697D368,Unknown
2009-08-11 21:22:08,00068EA92B,Unknown
2009-08-11 21:22:21,00068E1A46,Unknown
2009-08-11 21:22:30,0006242035,Unknown
2009-08-11 21:22:37,00068E2227,Unknown
2009-08-11 21:22:49,0006979863,Unknown
2009-08-11 21:23:28,00068E3435,Unknown
2009-08-11 21:23:48,00068E8B1B,Unknown
2009-08-11 21:24:19,00060F600D,Unknown
2009-08-12 00:01:04,00068E1A46,Unknown
2009-08-12 00:01:23,00065EB019,Unknown
2009-08-12 00:01:41,00065EB019,Unknown
2009-08-12 00:15:42,00068E1A46,Unknown
2009-08-12 02:14:55,5B76DBFFF3,Unknown
2009-08-12 02:31:01,5B76DBFFF3,Unknown
2009-08-12 02:37:32,5B76DBFFF3,Unknown
2009-08-12 02:37:44,5B76DBFFF3,Unknown
2009-08-12 05:31:22,00068E9C1A,Unknown
2009-08-12 05:33:26,000697BD11,Unknown
2009-08-12 05:39:39,00068E8B1B,Unknown
2009-08-12 05:41:06,00065DA08A,Unknown
2009-08-12 05:43:16,00068E9134,Unknown
2009-08-12 05:45:37,0006979863,Unknown
2009-08-12 05:52:37,0006179D52,Unknown
2009-08-12 05:52:47,00065EA1D4,Unknown
2009-08-12 05:54:32,00068EAD8A,Unknown
2009-08-12 05:55:10,00065D81D3,Unknown
2009-08-12 05:55:40,00068E1FDB,Unknown
2009-08-12 08:39:07,00065E632D,Unknown
2009-08-12 09:02:59,00065E632D,Unknown
2009-08-12 09:20:11,00065E632D,Unknown
2009-08-12 09:46:30,8E602D0D0F,Unknown
2009-08-12 09:52:07,8E602D0D0F,Unknown
2009-08-12 18:48:15,8E602D0D0F,Unknown
2009-08-12 18:49:11,00065E632D,Unknown
2009-08-12 18:55:40,8E602D0D0F,Unknown
2009-08-12 18:56:34,00065E632D,Unknown
2009-08-12 19:14:45,8E602D0D0F,Unknown
2009-08-12 19:15:31,00065E632D,Unknown
2009-08-12 20:58:31,00068E2227,Unknown
2009-08-12 21:00:52,00065EB019,Unknown
2009-08-12 21:01:21,00068E19F7,Unknown
2009-08-12 21:01:36,00068E1A46,Unknown
2009-08-12 21:04:57,00068E1FDB,Unknown
2009-08-12 21:06:13,00068EA92B,Unknown
2009-08-12 21:06:42,0006242035,Unknown
2009-08-12 21:06:52,000697D368,Unknown
2009-08-12 21:07:07,00068E3435,Unknown
2009-08-12 21:08:19,00068E3546,Unknown
2009-08-12 21:09:09,00065D81D3,Unknown
2009-08-12 21:09:10,00065EC1B3,Unknown
2009-08-12 21:09:19,00060F600D,Unknown
2009-08-12 21:09:27,00068EAD8A,Unknown
2009-08-12 21:10:53,00001F5C08,Unknown
2009-08-12 21:11:16,000697C596,Unknown
2009-08-12 21:11:20,000697BD11,Unknown
2009-08-12 21:12:44,00065EA1D4,Unknown
2009-08-12 21:13:07,0006179D52,Unknown
2009-08-12 21:13:08,000644514C,Unknown
2009-08-12 21:13:42,00068E9134,Unknown
2009-08-12 21:14:12,00065DA08A,Unknown
2009-08-12 21:15:23,0006979863,Unknown
2009-08-12 21:17:20,00068E9C1A,Unknown
2009-08-12 21:18:36,00068E8B1B,Unknown
2009-08-12 22:51:48,00068E3D73,Unknown
2009-08-12 23:13:41,00068E3D73,Unknown
2009-08-12 23:14:00,00068E3D73,Unknown
2009-08-13 02:14:08,5B76DBFFF3,Unknown
2009-08-13 02:17:46,5B76DBFFF3,Unknown
2009-08-13 04:11:45,0006979BE8,Unknown
2009-08-13 04:36:07,0006179D52,Unknown
2009-08-13 04:39:37,0006979863,Unknown
2009-08-13 04:58:05,000697D368,Unknown
2009-08-13 05:01:32,00068EAD8A,Unknown
2009-08-13 05:11:45,00068E9134,Unknown
2009-08-13 05:17:11,00065DA08A,Unknown
2009-08-13 05:19:31,000697C596,Unknown
2009-08-13 05:37:51,00068EAD8A,Unknown
2009-08-13 05:43:51,00068E1FDB,Unknown
2009-08-13 05:47:02,0006179D52,Unknown
2009-08-13 05:47:43,00068EAD8A,Unknown
2009-08-13 09:04:00,00065E632D,Unknown
2009-08-13 09:32:51,00065E632D,Unknown
2009-08-13 09:33:04,8E602D0D0F,Unknown
2009-08-13 09:36:48,00065E632D,Unknown
2009-08-13 11:30:58,8E602D0D0F,Unknown
2009-08-13 11:46:27,8E602D0D0F,Unknown
2009-08-13 11:46:46,8E602D0D0F,Unknown
2009-08-13 18:20:41,8E602D0D0F,Unknown
2009-08-13 18:20:53,8E602D0D0F,Unknown
2009-08-13 18:21:03,00065E632D,Unknown
2009-08-13 18:33:18,8E602D0D0F,Unknown
2009-08-13 18:33:49,00065E632D,Unknown
2009-08-13 21:04:25,0006979BE8,Unknown
2009-08-13 21:05:55,00068E1FDB,Unknown
2009-08-13 21:06:58,00065DA08A,Unknown
2009-08-13 21:08:59,00068EAD8A,Unknown
2009-08-13 21:11:06,00068E9134,Unknown
2009-08-13 21:12:24,0006979863,Unknown
2009-08-13 21:13:04,0006179D52,Unknown
2009-08-14 05:48:47,0006979863,Unknown
2009-08-14 05:48:53,000697BD11,Unknown
2009-08-14 05:48:59,00065DA08A,Unknown
2009-08-14 05:49:04,00068E9C1A,Unknown
2009-08-14 05:49:09,00068E8B1B,Unknown
2009-08-14 05:49:13,00068E9134,Unknown
2009-08-14 05:49:27,0006179D52,Unknown
2009-08-14 05:49:33,00065EA1D4,Unknown
2009-08-14 05:52:39,00068E1FDB,Unknown
2009-08-14 05:53:56,00068EAD8A,Unknown
2009-08-14 05:54:21,00068E17E7,Unknown
2009-08-14 05:58:36,00065D81D3,Unknown
2009-08-14 05:59:34,0006979BE8,Unknown
2009-08-14 09:45:05,00065E632D,Unknown
2009-08-14 10:14:13,00065E632D,Unknown
2009-08-14 11:29:08,8E602D0D0F,Unknown
2009-08-14 11:32:00,8E602D0D0F,Unknown
2009-08-14 17:53:04,8E602D0D0F,Unknown
2009-08-14 17:53:36,00065E632D,Unknown
2009-08-14 18:14:08,8E602D0D0F,Unknown
2009-08-14 18:14:32,00065E632D,Unknown
2009-08-14 18:17:33,00065E632D,Unknown
2009-08-14 18:28:34,8E602D0D0F,Unknown
2009-08-14 20:47:48,00068E2227,Unknown
2009-08-14 20:48:32,00068E1A46,Unknown
2009-08-14 20:48:47,00068E1A46,Unknown
2009-08-14 20:51:15,0006242035,Unknown
2009-08-14 20:51:23,00068E3435,Unknown
2009-08-14 20:51:27,000697C596,Unknown
2009-08-14 20:51:30,00068E3546,Unknown
2009-08-14 20:51:44,00068E1A46,Unknown
2009-08-14 20:52:06,00068E1A46,Unknown
2009-08-14 20:53:51,00068E1878,Unknown
2009-08-14 20:54:03,00068E1A46,Unknown
2009-08-14 20:54:10,000697D368,Unknown
2009-08-14 20:54:16,00068E1878,Unknown
2009-08-14 20:55:25,00068EA92B,Unknown
2009-08-14 20:56:13,00001F5C08,Unknown
2009-08-14 20:56:40,00068E19F7,Unknown
2009-08-14 20:57:07,00068E3546,Unknown
2009-08-14 20:57:14,00001F5C08,Unknown
2009-08-14 20:57:19,00068E3546,Unknown
2009-08-14 20:57:35,00068EA92B,Unknown
2009-08-14 21:00:42,0006179D52,Unknown
2009-08-14 21:01:02,0000F8007E,Unknown
2009-08-14 21:01:14,0000F8007E,Unknown
2009-08-14 21:01:19,00065EC1B3,Unknown
2009-08-14 21:02:26,00065D81D3,Unknown
2009-08-14 21:03:33,00068E17E7,Unknown
2009-08-14 21:03:46,00068E3862,Unknown
2009-08-14 21:05:17,0006160637,Unknown
2009-08-14 21:05:38,00065EA1D4,Unknown
2009-08-14 21:06:11,0005FE0832,Unknown
2009-08-14 21:07:09,00060F600D,Unknown
2009-08-14 21:07:20,00060F600D,Unknown
2009-08-14 21:07:36,00065EB6E2,Unknown
2009-08-14 21:07:38,00065DA08A,Unknown
2009-08-14 21:07:40,00068E1FDB,Unknown
2009-08-14 21:07:46,000697BD11,Unknown
2009-08-14 21:07:48,000644514C,Unknown
2009-08-14 21:07:48,000697BE7E,Unknown
2009-08-14 21:07:50,00068E0587,Unknown
2009-08-14 21:07:57,0006979D37,Unknown
2009-08-14 21:08:00,000644514C,Unknown
2009-08-14 21:08:19,00068EAD8A,Unknown
2009-08-14 21:08:52,00068E8B1B,Unknown
2009-08-14 21:09:31,00068E3D57,Unknown
2009-08-14 21:10:44,00060D7AE7,Unknown
2009-08-14 21:12:12,00068E9C1A,Unknown
2009-08-14 21:12:22,0006979BE8,Unknown
2009-08-14 21:13:03,0006979863,Unknown
2009-08-14 21:13:16,00068E9134,Unknown
2009-08-14 21:13:17,0006444F30,Unknown
2009-08-14 21:17:57,00060FA7EA,Unknown
2009-08-14 21:30:03,5B76DBFFF3,Unknown
2009-08-15 00:19:21,00068E3D57,Unknown
2009-08-15 00:19:37,00068E3D57,Unknown
2009-08-15 00:20:01,00068E3D57,Unknown
2009-08-15 05:15:54,00068E1A46,Unknown
2009-08-15 05:22:03,00068E1878,Unknown
2009-08-15 05:22:53,00068E3546,Unknown
2009-08-15 05:25:49,00068E3435,Unknown
2009-08-15 05:43:41,00068E17E7,Unknown
2009-08-15 05:44:00,00068E17E7,Unknown
2009-08-15 05:47:46,00068E3862,Unknown
2009-08-15 05:50:04,00060D7AE7,Unknown
2009-08-15 05:50:25,00065D9BC6,Unknown
2009-08-15 05:52:18,0006979D37,Unknown
2009-08-15 05:53:05,0006979BE8,Unknown
2009-08-15 05:53:12,00065EB6E2,Unknown
2009-08-15 05:53:14,00068E1FDB,Unknown
2009-08-15 05:53:24,00065DA08A,Unknown
2009-08-15 05:53:38,0006979863,Unknown
2009-08-15 05:54:09,00068E9C1A,Unknown
2009-08-15 05:54:26,00068EAD8A,Unknown
2009-08-15 05:54:30,00065EA1D4,Unknown
2009-08-15 05:54:31,00068E9134,Unknown
2009-08-15 05:54:40,000697BD11,Unknown
2009-08-15 05:54:41,0006179D52,Unknown
2009-08-15 05:54:47,00068E8B1B,Unknown
2009-08-15 05:56:06,00065D81D3,Unknown
2009-08-15 08:54:10,00065E632D,Unknown
2009-08-15 09:05:43,00065E632D,Unknown
2009-08-15 09:20:58,00065E632D,Unknown
2009-08-15 09:21:07,8E602D0D0F,Unknown
2009-08-15 09:23:18,00065E632D,Unknown
2009-08-15 09:57:05,8E602D0D0F,Unknown
2009-08-15 10:54:43,8E602D0D0F,Unknown
2009-08-15 19:34:37,00065E632D,Unknown
2009-08-15 19:40:04,8E602D0D0F,Unknown
2009-08-15 19:40:30,00065E632D,Unknown
2009-08-15 19:59:17,8E602D0D0F,Unknown
2009-08-15 19:59:47,00065E632D,Unknown
2009-08-15 20:02:29,00065E632D,Unknown
2009-08-15 20:10:01,8E602D0D0F,Unknown
2009-08-15 20:56:26,00068E3862,Unknown
2009-08-15 21:04:53,0006242035,Unknown
2009-08-15 21:05:33,00068E3435,Unknown
2009-08-15 21:06:14,00068E2227,Unknown
2009-08-15 21:06:39,0001F7D573,Unknown
2009-08-15 21:06:51,00065EB019,Unknown
2009-08-15 21:07:12,000697C596,Unknown
2009-08-15 21:07:12,0006160637,Unknown
2009-08-15 21:07:20,0001F7D573,Unknown
2009-08-15 21:08:11,00065DA08A,Unknown
2009-08-15 21:09:14,00068E1878,Unknown
2009-08-15 21:09:27,00068E3546,Unknown
2009-08-15 21:09:35,00068E1A46,Unknown
2009-08-15 21:09:51,00068E19F7,Unknown
2009-08-15 21:09:56,000697D368,Unknown
2009-08-15 21:10:11,00065EA1D4,Unknown
2009-08-15 21:10:15,00001F5C08,Unknown
2009-08-15 21:10:25,00060D7AE7,Unknown
2009-08-15 21:10:32,000697BE7E,Unknown
2009-08-15 21:10:44,0000F8007E,Unknown
2009-08-15 21:10:44,00068E3D57,Unknown
2009-08-15 21:10:48,0006979D37,Unknown
2009-08-15 21:11:41,000644514C,Unknown
2009-08-15 21:12:20,00068EA92B,Unknown
2009-08-15 21:12:25,00065EC1B3,Unknown
2009-08-15 21:12:47,00060FA7EA,Unknown
2009-08-15 21:12:50,00068E1FDB,Unknown
2009-08-15 21:13:21,00068EAD8A,Unknown
2009-08-15 21:13:46,0005FE0832,Unknown
2009-08-15 21:13:54,00060F600D,Unknown
2009-08-15 21:14:03,0006179D52,Unknown
2009-08-15 21:14:50,0006444F30,Unknown
2009-08-15 21:14:54,00065D81D3,Unknown
2009-08-15 21:15:00,00068E9C1A,Unknown
2009-08-15 21:15:19,000697BD11,Unknown
2009-08-15 21:15:50,0006979BE8,Unknown
2009-08-15 21:15:59,00068E9134,Unknown
2009-08-15 21:16:26,00065EB6E2,Unknown
2009-08-15 21:19:06,00065D9BC6,Unknown
2009-08-15 21:19:57,0006979863,Unknown
2009-08-15 21:20:12,00068E8B1B,Unknown
2009-08-15 22:27:34,00068E3D73,Unknown
2009-08-15 22:29:02,00068E3D73,Unknown
2009-08-15 22:33:22,00068E0587,Unknown
2009-08-15 22:33:34,00068E0587,Unknown
2009-08-15 23:03:38,00068E3D73,Unknown
2009-08-15 23:04:12,00068E17E7,Unknown
2009-08-15 23:11:35,0006979BE8,Unknown
2009-08-15 23:12:58,00068E17E7,Unknown
2009-08-15 23:14:36,0006444F30,Unknown
2009-08-15 23:23:20,5B76DBBEF3,Unknown
2009-08-15 23:24:55,00068E3D73,Unknown
2009-08-15 23:25:41,0006979BE8,Unknown
2009-08-15 23:26:12,5B76DBFFF3,Unknown
2009-08-15 23:27:04,5B76DBFFF3,Unknown
2009-08-15 23:33:58,5B76DBFFF3,Unknown
2009-08-15 23:36:10,5B76DBBEF3,Unknown
2009-08-16 00:10:45,0006444F30,Unknown
2009-08-16 00:11:18,0006444F30,Unknown
2009-08-16 04:14:44,0005FE0832,Unknown
2009-08-16 04:15:01,00060FA7EA,Unknown
2009-08-16 04:26:20,0006160637,Unknown
2009-08-16 04:41:18,00068E3D57,Unknown
2009-08-16 04:49:14,00068E3D57,Unknown
2009-08-16 04:56:33,000697BE7E,Unknown
2009-08-16 05:01:33,00060FA7EA,Unknown
2009-08-16 05:02:03,0006160637,Unknown
2009-08-16 05:06:25,000697BE7E,Unknown
2009-08-16 05:06:53,0005FE0832,Unknown
2009-08-16 05:31:21,000697BE7E,Unknown
2009-08-16 05:32:07,0006444F30,Unknown
2009-08-16 05:32:13,00068E3862,Unknown
2009-08-16 05:35:25,00068E3862,Unknown
2009-08-16 05:37:51,0005FE0832,Unknown
2009-08-16 05:38:07,00060FA7EA,Unknown
2009-08-16 05:39:34,00068E3D57,Unknown
2009-08-16 05:41:02,00068E0587,Unknown
2009-08-16 05:43:10,00068E3862,Unknown
2009-08-16 05:44:22,00065D9BC6,Unknown
2009-08-16 05:44:40,00060D7AE7,Unknown
2009-08-16 05:45:35,00068E9C1A,Unknown
2009-08-16 05:45:44,0006979BE8,Unknown
2009-08-16 05:45:54,00068E9C1A,Unknown
2009-08-16 05:46:12,00068E17E7,Unknown
2009-08-16 05:46:13,00065DA08A,Unknown
2009-08-16 05:46:47,00068E9C1A,Unknown
2009-08-16 05:47:00,0006179D52,Unknown
2009-08-16 05:47:05,000697BD11,Unknown
2009-08-16 05:47:09,0006979863,Unknown
2009-08-16 05:47:20,00068E1FDB,Unknown
2009-08-16 05:47:38,0006160637,Unknown
2009-08-16 05:48:09,00068E8B1B,Unknown
2009-08-16 05:51:16,0006979D37,Unknown
2009-08-16 05:54:58,00068EAD8A,Unknown
2009-08-16 05:57:17,00068E3D73,Unknown
2009-08-16 08:36:54,00065E632D,Unknown
2009-08-16 08:51:53,00065E632D,Unknown
2009-08-16 08:56:32,00065E632D,Unknown
2009-08-16 08:59:49,00065E632D,Unknown
2009-08-16 09:28:14,00065E632D,Unknown
2009-08-16 09:49:58,8E602D0D0F,Unknown
2009-08-16 09:57:06,8E602D0D0F,Unknown
2009-08-16 19:56:39,8E602D0D0F,Unknown
2009-08-16 20:04:54,8E602D0D0F,Unknown
2009-08-16 20:12:59,8E602D0D0F,Unknown
2009-08-16 20:13:22,00065E632D,Unknown
2009-08-16 20:58:13,000697BE7E,Unknown
2009-08-16 20:59:27,0006160637,Unknown
2009-08-16 21:00:25,00068E3435,Unknown
2009-08-16 21:00:47,0006179D52,Unknown
2009-08-16 21:02:02,00068E19F7,Unknown
2009-08-16 21:02:58,00068E3D57,Unknown
2009-08-16 21:03:38,00060FA7EA,Unknown
2009-08-16 21:05:04,000697C596,Unknown
2009-08-16 21:05:20,00065DA08A,Unknown
2009-08-16 21:05:21,00065EB019,Unknown
2009-08-16 21:05:33,00068EAD8A,Unknown
2009-08-16 21:05:57,00068E1A46,Unknown
2009-08-16 21:06:21,00068E3546,Unknown
2009-08-16 21:06:59,000697BD11,Unknown
2009-08-16 21:07:44,00068E0587,Unknown
2009-08-16 21:07:54,00068E9C1A,Unknown
2009-08-16 21:08:10,0000F8007E,Unknown
2009-08-16 21:08:21,0001F7D573,Unknown
2009-08-16 21:08:27,00068E1FDB,Unknown
2009-08-16 21:09:23,000697D368,Unknown
2009-08-16 21:09:55,00068EA92B,Unknown
2009-08-16 21:10:45,00060F600D,Unknown
2009-08-16 21:10:48,00068E1878,Unknown
2009-08-16 21:11:22,0006979D37,Unknown
2009-08-16 21:12:03,00065EC1B3,Unknown
2009-08-16 21:12:29,00068E3862,Unknown
2009-08-16 21:12:56,0005FE0832,Unknown
2009-08-16 21:13:28,000644514C,Unknown
2009-08-16 21:14:19,00068E8B1B,Unknown
2009-08-16 21:14:53,0006979863,Unknown
2009-08-16 21:15:33,00068E17E7,Unknown
2009-08-16 21:15:55,00060D7AE7,Unknown
2009-08-16 21:17:22,00068E3D73,Unknown
2009-08-16 21:17:40,0006979BE8,Unknown
2009-08-16 21:19:47,000697A268,Unknown
2009-08-16 21:20:45,00065EB6E2,Unknown
2009-08-16 21:20:50,0006444F30,Unknown
2009-08-16 21:21:04,00065D9BC6,Unknown
2009-08-16 21:21:04,00061013E4,Unknown
2009-08-16 21:21:14,00060F66F2,Unknown
2009-08-17 00:20:53,00068EA92B,Unknown
2009-08-17 00:21:00,0000F8007E,Unknown
2009-08-17 00:21:40,0000F8007E,Unknown
2009-08-17 05:25:30,00068EA92B,Unknown
2009-08-17 05:25:41,0000F8007E,Unknown
2009-08-17 05:39:51,00065EB019,Unknown
2009-08-17 05:41:25,0006979BE8,Unknown
2009-08-17 05:41:42,0006979BE8,Unknown
2009-08-17 05:42:32,00065D9BC6,Unknown
2009-08-17 05:42:35,00068E3D73,Unknown
2009-08-17 05:43:21,0006444F30,Unknown
2009-08-17 05:43:26,00068E3D57,Unknown
2009-08-17 05:43:32,00068E3D73,Unknown
2009-08-17 05:43:44,00068E3862,Unknown
2009-08-17 05:44:08,00060FA7EA,Unknown
2009-08-17 05:44:11,00068E0587,Unknown
2009-08-17 05:44:34,00060D7AE7,Unknown
2009-08-17 05:44:40,0005FE0832,Unknown
2009-08-17 05:44:46,0006160637,Unknown
2009-08-17 05:50:44,00068E1FDB,Unknown
2009-08-17 05:51:23,00068E1FDB,Unknown
2009-08-17 05:52:29,000697BE7E,Unknown
2009-08-17 05:53:18,0006979D37,Unknown
2009-08-17 06:00:39,00068EAD8A,Unknown
2009-08-17 08:38:33,00065E632D,Unknown
2009-08-17 08:58:44,00065E632D,Unknown
2009-08-17 09:12:04,00065E632D,Unknown
2009-08-17 09:14:26,00065E632D,Unknown
2009-08-17 09:17:24,00065E632D,Unknown
2009-08-17 10:11:09,8E602D0D0F,Unknown
2009-08-17 18:17:14,8E602D0D0F,Unknown
2009-08-17 18:34:14,8E602D0D0F,Unknown
2009-08-17 20:55:47,000697C596,Unknown
2009-08-17 20:57:47,0005FE0832,Unknown
2009-08-17 20:59:22,00068E19F7,Unknown
2009-08-17 21:00:23,00060FA7EA,Unknown
2009-08-17 21:00:35,00068EAD8A,Unknown
2009-08-17 21:02:02,0006979D37,Unknown
2009-08-17 21:02:20,000697BE7E,Unknown
2009-08-17 21:03:13,00068E3D57,Unknown
2009-08-17 21:03:49,0000F8007E,Unknown
2009-08-17 21:04:01,00068EA92B,Unknown
2009-08-17 21:04:09,0006160637,Unknown
2009-08-17 21:04:17,00068E0587,Unknown
2009-08-17 21:04:19,0001F7D573,Unknown
2009-08-17 21:06:02,00065EB019,Unknown
2009-08-17 21:06:22,00068E3435,Unknown
2009-08-17 21:06:24,00068E3862,Unknown
2009-08-17 21:06:34,00068E2227,Unknown
2009-08-17 21:07:32,000697D368,Unknown
2009-08-17 21:08:38,00060D7AE7,Unknown
2009-08-17 21:08:44,00068E1A46,Unknown
2009-08-17 21:09:19,00065EC1B3,Unknown
2009-08-17 21:09:22,00068E1878,Unknown
2009-08-17 21:09:26,00068E3546,Unknown
2009-08-17 21:11:17,0006444F30,Unknown
2009-08-17 21:11:33,00060F600D,Unknown
2009-08-17 21:11:56,00001F5C08,Unknown
2009-08-17 21:14:43,00065D9BC6,Unknown
2009-08-17 21:17:11,00065EB6E2,Unknown
2009-08-17 22:41:04,00060F600D,Unknown
2009-08-17 22:41:30,0001F7D573,Unknown
2009-08-17 22:44:17,00060F600D,Unknown
2009-08-17 22:44:31,00060F600D,Unknown
2009-08-18 05:16:23,00060F600D,Unknown
2009-08-18 05:19:28,00060F600D,Unknown
2009-08-18 05:20:13,0006242035,Unknown
2009-08-18 05:24:53,000644514C,Unknown
2009-08-18 05:27:20,00068E1878,Unknown
2009-08-18 05:27:44,0001F7D573,Unknown
2009-08-18 05:31:06,0001F7D573,Unknown
2009-08-18 05:35:15,00068E1A46,Unknown
2009-08-18 05:37:39,0006242035,Unknown
2009-08-18 05:37:42,00068E1878,Unknown
2009-08-18 05:38:08,00068E1A46,Unknown
2009-08-18 05:39:17,000697D368,Unknown
2009-08-18 05:40:03,000644514C,Unknown
2009-08-18 05:40:15,00068E1A46,Unknown
2009-08-18 05:40:21,0006242035,Unknown
2009-08-18 05:43:54,00065D9BC6,Unknown
2009-08-18 05:44:24,0006444F30,Unknown
2009-08-18 05:44:32,000697BE7E,Unknown
2009-08-18 05:44:43,00060FA7EA,Unknown
2009-08-18 05:45:47,00068E1878,Unknown
2009-08-18 05:46:50,00068E3D57,Unknown
2009-08-18 05:47:23,00068E1878,Unknown
2009-08-18 05:49:36,0006160637,Unknown
2009-08-18 05:49:43,00068E0587,Unknown
2009-08-18 05:52:10,0001F7D573,Unknown
2009-08-18 05:54:24,00068E3546,Unknown
2009-08-18 05:54:38,00068E3862,Unknown
2009-08-18 05:54:56,0005FE0832,Unknown
2009-08-18 05:56:18,00068E2227,Unknown
2009-08-18 05:56:18,0006979D37,Unknown
2009-08-18 05:56:49,00068E1878,Unknown
2009-08-18 05:57:13,00068E3435,Unknown
2009-08-18 05:58:15,00060D7AE7,Unknown
2009-08-18 06:06:38,00068E2227,Unknown
2009-08-18 06:07:44,00068EA92B,Unknown
2009-08-18 06:09:10,00068E2227,Unknown
2009-08-18 06:45:30,00065E632D,Unknown
2009-08-18 07:06:34,00065E632D,Unknown
2009-08-18 07:06:41,8E602D0D0F,Unknown
2009-08-18 07:10:24,00065E632D,Unknown
2009-08-18 07:14:52,00065E632D,Unknown
2009-08-18 18:01:04,8E602D0D0F,Unknown
2009-08-18 18:13:39,8E602D0D0F,Unknown
2009-08-18 20:50:40,00068E3862,Unknown
2009-08-18 20:52:57,00068E3435,Unknown
2009-08-18 20:53:17,0006242035,Unknown
2009-08-18 20:54:53,00065EB6E2,Unknown
2009-08-18 20:57:20,00068E2227,Unknown
2009-08-18 20:58:06,00068E3546,Unknown
2009-08-18 20:58:10,0005FE0832,Unknown
2009-08-18 20:58:17,00068E1878,Unknown
2009-08-18 20:58:25,000697D368,Unknown
2009-08-18 20:58:30,00068EA92B,Unknown
2009-08-18 21:00:56,0001F7D573,Unknown
2009-08-18 21:01:10,0006160637,Unknown
2009-08-18 21:01:23,00068E0587,Unknown
2009-08-18 21:04:38,00068E3D57,Unknown
2009-08-18 21:05:01,00060F600D,Unknown
2009-08-18 21:09:33,000697BE7E,Unknown
2009-08-18 21:09:48,0006444F30,Unknown
2009-08-18 21:09:51,0006979D37,Unknown
2009-08-18 21:10:27,00060FA7EA,Unknown
2009-08-18 21:11:40,00060D7AE7,Unknown
2009-08-18 21:12:38,00065D9BC6,Unknown
2009-08-19 09:05:48,00065E632D,Unknown
2009-08-19 09:08:16,00065E632D,Unknown
2009-08-20 18:35:11,00065E632D,Unknown
2009-08-20 20:41:55,00068E3435,Unknown
2009-08-20 20:43:33,00065EB019,Unknown
2009-08-20 20:47:35,00068E1A46,Unknown
2009-08-20 20:47:54,00068E19F7,Unknown
2009-08-20 20:50:56,00068E3546,Unknown
2009-08-20 20:50:58,00068E2227,Unknown
2009-08-20 20:51:34,00068E1878,Unknown
2009-08-20 20:52:35,00001F5C08,Unknown
2009-08-20 20:54:08,000697C596,Unknown
2009-08-20 20:54:24,00060F600D,Unknown
2009-08-20 20:54:51,00068EA92B,Unknown
2009-08-20 20:57:20,000697D368,Unknown
2009-08-20 20:58:31,000644514C,Unknown
2009-08-21 05:35:50,00068EA92B,Unknown
2009-08-21 05:39:17,00068E1A46,Unknown
2009-08-21 08:57:54,00065E632D,Unknown
2009-08-21 20:41:43,00068E2227,Unknown
2009-08-21 20:45:04,00065EB019,Unknown
2009-08-21 20:48:09,00068E1878,Unknown
2009-08-21 20:48:58,00068E3435,Unknown
2009-08-21 20:49:47,000697D368,Unknown
2009-08-21 20:49:58,000697D368,Unknown
2009-08-21 20:50:23,000644514C,Unknown
2009-08-21 20:51:08,0006B2AB06,Unknown
2009-08-21 20:52:48,00068E1A46,Unknown
2009-08-21 20:53:17,00068EA92B,Unknown
2009-08-21 20:53:38,00060F600D,Unknown
2009-08-21 20:56:35,0001F7D573,Unknown
2009-08-22 09:17:20,00065E632D,Unknown
2009-08-22 20:54:16,00068E3435,Unknown
2009-08-22 20:55:04,00065EC1B3,Unknown
2009-08-22 20:55:22,00068E19F7,Unknown
2009-08-22 20:55:36,00068E2227,Unknown
2009-08-22 20:55:59,0006B2AB06,Unknown
2009-08-22 20:56:29,00068EA92B,Unknown
2009-08-22 20:57:15,00065EB019,Unknown
2009-08-22 20:57:22,00068E3546,Unknown
2009-08-22 20:59:26,000697D368,Unknown
2009-08-22 20:59:34,0006242035,Unknown
2009-08-22 20:59:45,000697C596,Unknown
2009-08-22 21:00:06,00068E1A46,Unknown
2009-08-22 21:04:33,00068E1878,Unknown
2009-08-22 21:07:16,00060F600D,Unknown
2009-08-22 21:09:10,0001F7D573,Unknown
2009-08-23 08:29:31,00065E632D,Unknown
2009-08-24 18:46:28,00065E632D,Unknown
2009-08-24 20:42:46,00068E3435,Unknown
2009-08-24 20:42:59,00068E1878,Unknown
2009-08-24 20:43:16,00065EB019,Unknown
2009-08-24 20:43:28,000697D368,Unknown
2009-08-24 20:46:23,00068E19F7,Unknown
2009-08-24 20:47:18,00065EC1B3,Unknown
2009-08-24 20:48:40,00068E3546,Unknown
2009-08-24 20:49:04,000697C596,Unknown
2009-08-24 20:49:42,0001F7D573,Unknown
2009-08-24 20:49:44,00068EA92B,Unknown
2009-08-24 20:51:25,000644514C,Unknown
2009-08-24 20:51:30,00060F600D,Unknown
2009-08-25 03:46:04,00065EB019,Unknown
2009-08-25 05:18:52,00065EB019,Unknown
2009-08-25 09:52:57,00065E632D,Unknown
2009-08-25 20:37:55,00068E1878,Unknown
2009-08-25 20:40:11,00065EC1B3,Unknown
2009-08-25 20:40:14,00068E19F7,Unknown
2009-08-25 20:40:54,0006B2AB06,Unknown
2009-08-25 20:41:57,00065EB019,Unknown
2009-08-25 20:44:14,00001F5C08,Unknown
2009-08-25 20:45:43,00068E1A46,Unknown
2009-08-25 20:47:42,00068EA92B,Unknown
2009-08-26 05:40:47,0001F7D573,Unknown
2009-08-26 09:05:35,00065E632D,Unknown
2009-08-26 18:22:41,00065E632D,Unknown
2009-08-27 09:26:32,00065E632D,Unknown
2009-08-29 20:35:31,00068E2227,Unknown
2009-08-29 20:36:37,00068E19F7,Unknown
2009-08-29 20:37:42,00068E1878,Unknown
2009-08-29 20:38:08,00068E3546,Unknown
2009-08-29 20:39:22,00068E3435,Unknown
2009-08-29 20:39:52,00065EB019,Unknown
2009-08-29 20:40:56,000697C596,Unknown
2009-08-29 20:41:14,0006B2AB06,Unknown
2009-08-29 20:41:17,00065EC1B3,Unknown
2009-08-29 20:44:22,00068EA92B,Unknown
2009-08-29 23:33:40,0006B2AB06,Unknown
2009-08-30 00:56:11,00068E2227,Unknown
2009-08-30 01:06:14,0006B2AB06,Unknown
2009-08-30 01:20:46,0006B2AB06,Unknown
2009-08-30 03:07:55,0006B2AB06,Unknown
2009-08-30 05:30:42,00068E19F7,Unknown
2009-08-30 05:31:30,00068E19F7,Unknown
2009-08-30 09:20:50,00065E632D,Unknown
2009-08-30 18:42:42,8E602D0D0F,Unknown
2009-08-30 20:39:52,00068E19F7,Unknown
2009-08-30 20:40:18,00068E3435,Unknown
2009-08-30 20:40:24,00068E1878,Unknown
2009-08-30 20:41:19,00068E3546,Unknown
2009-08-30 20:43:20,00068E2227,Unknown
2009-08-30 20:43:38,00068E1A46,Unknown
2009-08-30 20:43:59,000697D368,Unknown
2009-08-30 20:44:43,0006B2AB06,Unknown
2009-08-30 20:44:50,00068EA92B,Unknown
2009-08-31 04:13:09,00068E1878,Unknown
2009-08-31 04:19:11,00068E1878,Unknown
2009-08-31 04:23:04,000697D368,Unknown
2009-08-31 05:00:17,00068E1878,Unknown
2009-08-31 05:07:20,00068E2227,Unknown
2009-08-31 05:25:11,0001F7D573,Unknown
2009-08-31 05:26:28,00068E2227,Unknown
2009-08-31 05:32:55,00068E1A46,Unknown
2009-08-31 05:37:39,00068E2227,Unknown
2009-08-31 06:05:46,00068E3546,Unknown
2009-08-31 06:12:34,00065EB019,Unknown
2009-08-31 08:08:59,00065E632D,Unknown
2009-08-31 09:52:22,8E602D0D0F,Unknown
2009-08-31 19:45:23,8E602D0D0F,Unknown
2009-08-31 20:39:15,000697C596,Unknown
2009-08-31 20:39:31,00068E3546,Unknown
2009-08-31 20:40:16,0006B2AB06,Unknown
2009-08-31 20:42:16,00068E19F7,Unknown
2009-08-31 20:42:29,000697D368,Unknown
2009-08-31 20:43:00,00068E2227,Unknown
2009-08-31 20:43:26,00065EC1B3,Unknown
2009-08-31 20:44:18,00068EA92B,Unknown
2009-08-31 20:44:45,00068E1878,Unknown
2009-09-01 06:02:36,00068E3435,Unknown
2009-09-01 06:04:55,00068E1878,Unknown
2009-09-01 09:29:42,00065E632D,Unknown
2009-09-01 09:50:22,8E602D0D0F,Unknown
2009-09-01 18:30:53,8E602D0D0F,Unknown
2009-09-01 18:31:21,00065E632D,Unknown
2009-09-01 18:34:03,00065E632D,Unknown
2009-09-01 18:45:12,8E602D0D0F,Unknown
2009-09-01 18:45:42,00065E632D,Unknown
2009-09-01 20:20:42,00068E3435,Unknown
2009-09-01 20:22:10,00065EB019,Unknown
2009-09-01 20:22:22,00068E3546,Unknown
2009-09-01 20:24:51,0006B2AB06,Unknown
2009-09-01 20:24:53,00068E19F7,Unknown
2009-09-01 20:25:44,00068E1878,Unknown
2009-09-01 20:28:13,00065EC1B3,Unknown
2009-09-01 20:29:08,0000F8007E,Unknown
2009-09-01 20:43:04,00068EA92B,Unknown
2009-09-01 20:48:29,000644514C,Unknown
2009-09-01 20:48:42,000644514C,Unknown
2009-09-01 20:54:51,00060F600D,Unknown
2009-09-01 20:54:54,00068E2227,Unknown
2009-09-01 21:00:18,000697D368,Unknown
2009-09-01 21:01:19,00068E1A46,Unknown
2009-09-01 21:02:01,000644514C,Unknown
2009-09-01 22:09:42,0001F7D573,Unknown
2009-09-02 05:34:54,00068E1A46,Unknown
2009-09-02 05:38:08,00068E3546,Unknown
2009-09-02 09:19:07,00065E632D,Unknown
2009-09-02 09:19:11,8E602D0D0F,Unknown
2009-09-02 09:30:18,00065E632D,Unknown
2009-09-02 11:26:03,8E602D0D0F,Unknown
2009-09-02 11:55:42,8E602D0D0F,Unknown
2009-09-02 17:58:40,00065E632D,Unknown
2009-09-02 18:09:13,8E602D0D0F,Unknown
2009-09-02 18:09:33,00065E632D,Unknown
2009-09-02 20:24:44,00065EB019,Unknown
2009-09-02 20:27:33,0006B2AB06,Unknown
2009-09-02 20:32:51,00068E1A46,Unknown
2009-09-02 20:33:35,00068E19F7,Unknown
2009-09-02 20:33:39,00068E3435,Unknown
2009-09-02 20:33:50,0001F7D573,Unknown
2009-09-02 20:35:18,000697D368,Unknown
2009-09-02 20:36:39,00060F600D,Unknown
2009-09-02 20:37:29,00068E1878,Unknown
2009-09-02 20:37:59,00065EC1B3,Unknown
2009-09-02 20:38:51,00068EA92B,Unknown
2009-09-03 05:52:41,00068E3546,Unknown
2009-09-03 05:54:10,00068E3546,Unknown
2009-09-03 05:58:30,00068E3546,Unknown
2009-09-03 06:08:39,00068E19F7,Unknown
2009-09-03 06:11:37,00065EB019,Unknown
2009-09-03 06:11:50,0006B2AB06,Unknown
2009-09-03 06:13:42,00068E3435,Unknown
2009-09-03 06:24:18,000697D368,Unknown
2009-09-03 06:26:55,00068E2227,Unknown
2009-09-03 09:07:49,00065E632D,Unknown
2009-09-03 09:20:34,00065E632D,Unknown
2009-09-03 11:14:05,8E602D0D0F,Unknown
2009-09-03 19:27:51,8E602D0D0F,Unknown
2009-09-03 19:28:21,00065E632D,Unknown
2009-09-03 19:33:05,00065E632D,Unknown
2009-09-03 20:20:41,00065EB019,Unknown
2009-09-03 20:31:19,000697D368,Unknown
2009-09-03 20:31:54,00068E2227,Unknown
2009-09-03 20:32:36,00068E19F7,Unknown
2009-09-03 20:32:48,00068E19F7,Unknown
2009-09-03 20:33:20,0006B2AB06,Unknown
2009-09-03 20:33:39,00068E3435,Unknown
2009-09-03 20:35:56,0001F7D573,Unknown
2009-09-03 20:39:48,0000F8007E,Unknown
2009-09-03 23:00:21,00065EB019,Unknown
2009-09-03 23:02:27,00068E2227,Unknown
2009-09-03 23:26:34,00065EB019,Unknown
2009-09-03 23:27:40,00068E2227,Unknown
2009-09-04 00:44:50,00068E2227,Unknown
2009-09-04 01:13:22,00068E2227,Unknown
2009-09-04 02:04:21,00065EC1B3,Unknown
2009-09-04 02:10:30,000697D368,Unknown
2009-09-04 02:10:35,00068E2227,Unknown
2009-09-04 02:29:54,00068E1878,Unknown
2009-09-04 02:38:45,00068E2227,Unknown
2009-09-04 02:39:53,000697D368,Unknown
2009-09-04 02:41:38,00068E1878,Unknown
2009-09-04 03:19:07,00068E1A46,Unknown
2009-09-04 03:50:38,00068E2227,Unknown
2009-09-04 03:59:13,00065EB019,Unknown
2009-09-04 04:11:30,00068E2227,Unknown
2009-09-04 04:20:23,00065EB019,Unknown
2009-09-04 05:53:44,00068E2227,Unknown
2009-09-04 05:54:39,00068E2227,Unknown
2009-09-04 05:56:25,00068EA92B,Unknown
2009-09-04 05:57:15,00068E1A46,Unknown
2009-09-04 05:59:58,000697D368,Unknown
2009-09-04 06:00:10,00068E3546,Unknown
2009-09-04 06:18:46,00068E1878,Unknown
2009-09-04 09:01:04,00065E632D,Unknown
2009-09-04 09:08:58,00065E632D,Unknown
2009-09-04 09:52:06,8E602D0D0F,Unknown
2009-09-04 19:28:52,00065E632D,Unknown
2009-09-04 20:47:38,00068E3546,Unknown
2009-09-04 20:49:42,00068E2227,Unknown
2009-09-04 20:55:04,00068E1878,Unknown
2009-09-04 20:59:49,000697D368,Unknown
2009-09-04 21:01:46,0001F7D573,Unknown
2009-09-04 21:07:28,00068E1A46,Unknown
2009-09-04 21:18:05,00068E3546,Unknown
2009-09-04 21:34:32,000697D368,Unknown
2009-09-04 21:35:34,00068E1878,Unknown
2009-09-04 22:09:33,00068E1878,Unknown
2009-09-04 22:10:46,00068E1878,Unknown
2009-09-04 22:38:23,000697D368,Unknown
2009-09-04 22:43:06,00068E1878,Unknown
2009-09-04 22:43:54,00068E1878,Unknown
2009-09-04 22:46:24,00068E3546,Unknown
2009-09-04 22:46:41,00068E3546,Unknown
2009-09-05 02:23:19,00068E3546,Unknown
2009-09-05 02:46:24,00068E3546,Unknown
2009-09-05 09:40:20,00065E632D,Unknown
2009-09-05 18:43:06,00065E632D,Unknown
2009-09-05 22:26:10,0001F7D573,Unknown
2009-09-05 23:21:24,000697D368,Unknown
2009-09-05 23:32:30,00068E1878,Unknown
2009-09-06 00:06:23,00068E1878,Unknown
2009-09-06 00:17:34,000697D368,Unknown
2009-09-06 00:28:10,000697D368,Unknown
2009-09-06 00:57:11,00068E1878,Unknown
2009-09-06 01:22:25,000697D368,Unknown
2009-09-06 01:29:15,00068E1878,Unknown
2009-09-06 01:30:02,00068E1878,Unknown
2009-09-06 09:19:46,00065E632D,Unknown
2009-09-06 19:01:35,00065E632D,Unknown
2009-09-06 21:41:38,00068E19F7,Unknown
2009-09-06 22:49:37,00068EA92B,Unknown
2009-09-06 23:28:34,00068E1878,Unknown
2009-09-07 00:08:04,00068EA92B,Unknown
2009-09-07 00:29:35,00068E2227,Unknown
2009-09-07 00:45:02,00068E1A46,Unknown
2009-09-07 01:05:02,00068E1878,Unknown
2009-09-07 01:05:36,000697D368,Unknown
2009-09-07 02:38:41,00068EA92B,Unknown
2009-09-07 02:49:36,00068E1878,Unknown
2009-09-07 04:08:45,00068E2227,Unknown
2009-09-07 04:09:33,00068E1878,Unknown
2009-09-07 05:16:06,00068E3546,Unknown
2009-09-07 05:44:40,00068E1878,Unknown
2009-09-07 05:46:25,00068E2227,Unknown
2009-09-07 06:00:58,00068E1878,Unknown
2009-09-07 09:26:12,00065E632D,Unknown
2009-09-07 19:13:37,8E602D0D0F,Unknown
2009-09-07 19:13:57,00065E632D,Unknown
2009-09-07 19:30:47,00065E632D,Unknown
2009-09-07 20:25:17,00068E2227,Unknown
2009-09-07 20:26:37,000697D368,Unknown
2009-09-07 20:27:32,0001F7D573,Unknown
2009-09-08 01:51:36,00068E1878,Unknown
2009-09-08 02:26:29,00068E1878,Unknown
2009-09-08 02:37:07,000697D368,Unknown
2009-09-08 03:30:55,000697D368,Unknown
2009-09-08 03:37:49,00068E19F7,Unknown
2009-09-08 03:40:40,00068E2227,Unknown
2009-09-08 04:19:07,00068E3546,Unknown
2009-09-08 04:21:41,0006B2AB06,Unknown
2009-09-08 04:27:00,00068EA92B,Unknown
2009-09-08 04:38:31,00068E2227,Unknown
2009-09-08 04:43:16,000697D368,Unknown
2009-09-08 04:52:07,00068E3546,Unknown
2009-09-08 05:47:28,0006B2AB06,Unknown
2009-09-08 05:48:37,00068E3546,Unknown
2009-09-08 06:03:45,00065EB019,Unknown
2009-09-08 06:16:29,0006B2AB06,Unknown
2009-09-08 06:25:15,00068E2227,Unknown
2009-09-08 06:26:58,00068E1878,Unknown
2009-09-08 09:39:45,00065E632D,Unknown
2009-09-08 09:49:31,00065E632D,Unknown
2009-09-08 10:16:39,8E602D0D0F,Unknown
2009-09-08 17:40:00,00065E632D,Unknown
2009-09-08 20:18:15,00065EB019,Unknown
2009-09-08 20:24:45,00068E19F7,Unknown
2009-09-08 20:25:46,00068EA92B,Unknown
2009-09-08 20:26:50,000697D368,Unknown
2009-09-08 20:27:57,0006B2AB06,Unknown
2009-09-09 03:32:44,000697D368,Unknown
2009-09-09 03:37:07,00068E3435,Unknown
2009-09-09 03:38:18,00068E1878,Unknown
2009-09-09 04:37:51,00068E1878,Unknown
2009-09-09 04:37:59,0001F7D573,Unknown
2009-09-09 04:45:02,00068EA92B,Unknown
2009-09-09 05:17:07,000697D368,Unknown
2009-09-09 05:29:54,00068E1878,Unknown
2009-09-09 05:40:42,00068E3546,Unknown
2009-09-09 06:08:51,000644514C,Unknown
2009-09-09 07:37:46,00065E632D,Unknown
2009-09-09 17:46:19,00065E632D,Unknown
2009-09-09 20:12:55,00068E3435,Unknown
2009-09-09 20:16:16,00068E2227,Unknown
2009-09-09 20:17:00,00068E1878,Unknown
2009-09-09 20:18:04,000697D368,Unknown
2009-09-10 05:08:13,000697D368,Unknown
2009-09-10 05:23:01,000697D368,Unknown
2009-09-10 05:51:01,0001F7D573,Unknown
2009-09-10 05:58:39,00068E1878,Unknown
2009-09-10 06:00:58,00068E3546,Unknown
2009-09-10 07:41:33,00065E632D,Unknown
2009-09-10 18:31:42,00065E632D,Unknown
2009-09-10 20:11:25,00068E3546,Unknown
2009-09-10 20:13:11,00068E19F7,Unknown
2009-09-10 20:15:24,000697D368,Unknown
2009-09-10 20:21:08,00068EA92B,Unknown
2009-09-10 20:21:31,00065EC1B3,Unknown
2009-09-10 20:21:36,00068E1878,Unknown
2009-09-10 20:21:38,0001F7D573,Unknown
2009-09-10 20:21:41,00068E2227,Unknown
2009-09-11 09:42:41,00065E632D,Unknown
2009-09-11 17:32:49,00065E632D,Unknown
2009-09-11 19:57:29,00068E3435,Unknown
2009-09-11 20:05:15,00068E19F7,Unknown
2009-09-11 20:10:17,0006B2AB06,Unknown
2009-09-11 20:12:00,000697D368,Unknown
2009-09-11 20:13:50,00068EA92B,Unknown
2009-09-11 20:15:07,00068E1A46,Unknown
2009-09-11 20:19:31,0006242035,Unknown
2009-09-11 22:34:58,0006242035,Unknown
2009-09-11 23:01:22,0006242035,Unknown
2009-09-12 00:07:33,0006B2AB06,Unknown
2009-09-12 00:26:46,0006242035,Unknown
2009-09-12 00:30:27,00068E1A46,Unknown
2009-09-12 00:51:02,00068E3435,Unknown
2009-09-12 00:52:08,00068E3435,Unknown
2009-09-12 00:59:45,0006242035,Unknown
2009-09-12 01:28:02,0006242035,Unknown
2009-09-12 01:54:15,00068E1A46,Unknown
2009-09-12 02:37:28,000697D368,Unknown
2009-09-12 02:38:05,00068E1A46,Unknown
2009-09-12 02:43:30,00068E3435,Unknown
2009-09-12 02:53:28,00065EB019,Unknown
2009-09-12 03:05:06,00068E3435,Unknown
2009-09-12 03:07:58,000697D368,Unknown
2009-09-12 03:24:33,00065EB019,Unknown
2009-09-12 03:31:53,000697D368,Unknown
2009-09-12 03:57:28,0006B2AB06,Unknown
2009-09-12 04:32:20,00065EB019,Unknown
2009-09-12 04:36:49,00068E2227,Unknown
2009-09-12 04:52:45,0006B2AB06,Unknown
2009-09-12 05:13:11,00065EB019,Unknown
2009-09-12 05:13:15,00068E1A46,Unknown
2009-09-12 05:27:03,00068E2227,Unknown
2009-09-12 05:27:55,00068E2227,Unknown
2009-09-12 06:29:57,00068E3435,Unknown
2009-09-12 09:58:13,00065E632D,Unknown
2009-09-12 18:16:13,00065E632D,Unknown
2009-09-12 18:30:38,8E602D0D0F,Unknown
2009-09-12 18:31:01,00065E632D,Unknown
2009-09-12 20:04:24,000697D368,Unknown
2009-09-12 20:05:01,00068E1878,Unknown
2009-09-12 20:05:06,00068E3546,Unknown
2009-09-12 20:07:31,00068E2227,Unknown
2009-09-12 20:09:30,00068E3435,Unknown
2009-09-12 20:11:21,00065EB019,Unknown
2009-09-12 20:12:17,00068EA92B,Unknown
2009-09-12 20:12:23,0006B2AB06,Unknown
2009-09-12 20:13:04,00068E19F7,Unknown
2009-09-12 20:24:19,0006242035,Unknown
2009-09-12 21:22:54,00068E2227,Unknown
2009-09-12 21:23:31,00068E2227,Unknown
2009-09-12 22:07:55,00068E1A46,Unknown
2009-09-12 22:27:15,00068E2227,Unknown
2009-09-12 22:28:10,00068E1A46,Unknown
2009-09-12 22:48:41,00068E2227,Unknown
2009-09-12 22:52:01,0006242035,Unknown
2009-09-12 22:55:08,00068EA92B,Unknown
2009-09-12 23:20:23,00068E2227,Unknown
2009-09-12 23:34:53,00068E1A46,Unknown
2009-09-12 23:47:59,00068E1A46,Unknown
2009-09-13 00:06:12,00065EB019,Unknown
2009-09-13 00:24:30,00068E2227,Unknown
2009-09-13 00:27:30,0006242035,Unknown
2009-09-13 00:37:37,00068EA92B,Unknown
2009-09-13 00:41:29,00068EA92B,Unknown
2009-09-13 00:48:00,00068E2227,Unknown
2009-09-13 01:01:39,00068E2227,Unknown
2009-09-13 01:03:06,00068EA92B,Unknown
2009-09-13 01:17:28,00068E2227,Unknown
2009-09-13 02:00:30,00068E3435,Unknown
2009-09-13 02:10:31,00068E1A46,Unknown
2009-09-13 02:21:35,00068E3435,Unknown
2009-09-13 02:37:10,000697D368,Unknown
2009-09-13 02:46:53,00068E1A46,Unknown
2009-09-13 02:49:24,00068E2227,Unknown
2009-09-13 02:52:25,00065EB019,Unknown
2009-09-13 02:52:43,00065EB019,Unknown
2009-09-13 02:57:12,00068E3435,Unknown
2009-09-13 02:57:44,00068E3435,Unknown
2009-09-13 03:06:33,00068E1A46,Unknown
2009-09-13 03:25:36,00068E2227,Unknown
2009-09-13 03:37:03,00065EB019,Unknown
2009-09-13 03:51:11,00065EB019,Unknown
2009-09-13 03:53:30,000697D368,Unknown
2009-09-13 04:02:52,00068E1A46,Unknown
2009-09-13 04:17:09,0006B2AB06,Unknown
2009-09-13 04:26:02,00068E19F7,Unknown
2009-09-13 04:29:52,000697D368,Unknown
2009-09-13 04:35:02,00068E1A46,Unknown
2009-09-13 04:39:55,0006B2AB06,Unknown
2009-09-13 04:51:41,00068E1A46,Unknown
2009-09-13 04:53:13,000697D368,Unknown
2009-09-13 05:23:45,000697D368,Unknown
2009-09-13 05:24:25,000697D368,Unknown
2009-09-13 05:43:15,00065EC1B3,Unknown
2009-09-13 05:44:02,0006B2AB06,Unknown
2009-09-13 05:54:15,00065EC1B3,Unknown
2009-09-13 06:10:29,00068E19F7,Unknown
2009-09-13 06:12:37,00068E19F7,Unknown
2009-09-13 06:12:37,00065EC1B3,Unknown
2009-09-13 06:32:35,00068E1878,Unknown
2009-09-13 06:34:22,00068E3435,Unknown
2009-09-13 09:33:46,00065E632D,Unknown
2009-09-13 09:44:40,00065E632D,Unknown
2009-09-13 12:10:51,8E602D0D0F,Unknown
2009-09-13 18:40:31,00065E632D,Unknown
2009-09-13 18:51:10,8E602D0D0F,Unknown
2009-09-13 18:51:32,00065E632D,Unknown
2009-09-13 20:36:36,00068E3435,Unknown
2009-09-13 20:47:53,000697D368,Unknown
2009-09-13 20:48:06,000697D368,Unknown
2009-09-13 20:51:24,00068E19F7,Unknown
2009-09-13 21:03:31,00068E1A46,Unknown
2009-09-13 21:04:54,00068E1A46,Unknown
2009-09-13 22:29:51,00068E1A46,Unknown
2009-09-13 23:57:51,00068E1878,Unknown
2009-09-14 05:40:25,00068E1878,Unknown
2009-09-14 05:43:52,00068E1878,Unknown
2009-09-14 06:22:01,00068E1878,Unknown
2009-09-14 10:36:57,00065E632D,Unknown
2009-09-14 10:46:50,00065E632D,Unknown
2009-09-14 13:21:59,8E602D0D0F,Unknown
2009-09-16 18:41:44,00065E632D,Unknown
2009-09-16 18:46:19,8E602D0D0F,Unknown
2009-09-16 18:46:46,00065E632D,Unknown
2009-09-16 19:14:30,8E602D0D0F,Unknown
2009-09-16 19:14:48,00065E632D,Unknown
2009-09-16 19:53:44,0006979B84,Unknown
2009-09-16 19:53:46,00068E3546,Unknown
2009-09-16 19:54:10,0006979B84,Unknown
2009-09-16 19:54:21,0006979B84,Unknown
2009-09-16 19:54:37,0006B2AB06,Unknown
2009-09-16 19:54:48,0006B2AB06,Unknown
2009-09-16 19:54:54,00068EAD8A,Unknown
2009-09-16 19:54:57,00065D81D3,Unknown
2009-09-16 19:55:37,00068E1C26,Unknown
2009-09-16 19:56:50,00068E1878,Unknown
2009-09-16 19:56:51,00061013E4,Unknown
2009-09-16 19:57:32,00068E1878,Unknown
2009-09-16 19:57:54,000697D368,Unknown
2009-09-16 20:03:58,0006979BE8,Unknown
2009-09-16 20:11:06,000697B0DE,Unknown
2009-09-16 20:12:23,00068E3D73,Unknown
2009-09-16 20:12:34,00068E3D73,Unknown
2009-09-16 21:48:57,0006979B84,Unknown
2009-09-16 21:50:53,0006979B84,Unknown
2009-09-17 01:42:29,00068E3435,Unknown
2009-09-17 01:44:37,00068E3435,Unknown
2009-09-17 02:06:34,0006979B84,Unknown
2009-09-17 02:06:45,0006979B84,Unknown
2009-09-17 02:06:51,00068E35E1,Unknown
2009-09-17 02:06:58,0006979B84,Unknown
2009-09-17 02:08:14,00068E35E1,Unknown
2009-09-17 02:08:25,00068E35E1,Unknown
2009-09-17 02:09:09,00068E35E1,Unknown
2009-09-17 02:11:42,00068E35E1,Unknown
2009-09-17 02:11:59,0006979B84,Unknown
2009-09-17 03:56:20,00060F66F2,Unknown
2009-09-17 03:56:41,00060F66F2,Unknown
2009-09-17 04:03:48,00068E3D73,Unknown
2009-09-17 04:03:59,00068E3D73,Unknown
2009-09-17 04:08:11,00060F66F2,Unknown
2009-09-17 04:12:32,00065EA1D4,Unknown
2009-09-17 04:14:35,00060F66F2,Unknown
2009-09-17 04:35:12,00068E35E1,Unknown
2009-09-17 04:43:48,0006979B84,Unknown
2009-09-17 04:58:21,0006979B84,Unknown
2009-09-17 05:06:31,00068E35E1,Unknown
2009-09-17 05:08:56,00068E35E1,Unknown
2009-09-17 05:24:03,000644514C,Unknown
2009-09-17 05:24:08,00060F66F2,Unknown
2009-09-17 05:24:35,0006979ABE,Unknown
2009-09-17 05:24:46,000644514C,Unknown
2009-09-17 05:25:31,00060F66F2,Unknown
2009-09-17 05:25:44,0006979ABE,Unknown
2009-09-17 05:26:26,0006979ABE,Unknown
2009-09-17 05:28:08,0006979ABE,Unknown
2009-09-17 05:28:18,00060F66F2,Unknown
2009-09-17 05:28:26,000644514C,Unknown
2009-09-17 05:38:45,00065DD7F6,Unknown
2009-09-17 05:40:50,000697A268,Unknown
2009-09-17 05:41:16,000644514C,Unknown
2009-09-17 05:42:11,000697A268,Unknown
2009-09-17 05:43:07,000697B0DE,Unknown
2009-09-17 05:59:42,0006979BE8,Unknown
2009-09-17 06:03:04,00068EAD8A,Unknown
2009-09-17 06:12:31,000697A268,Unknown
2009-09-17 06:12:42,000697A268,Unknown
2009-09-17 06:18:02,00065D81D3,Unknown
2009-09-17 06:31:11,0006B2AB06,Unknown
2009-09-17 06:33:11,0006979B84,Unknown
2009-09-17 06:37:22,00068E3546,Unknown
2009-09-17 06:39:44,0006979B84,Unknown
2009-09-17 06:40:00,0006979B84,Unknown
2009-09-17 06:40:37,00068E1878,Unknown
2009-09-17 06:41:13,00068E35E1,Unknown
2009-09-17 06:45:15,00068E1C26,Unknown
2009-09-17 06:46:19,000697D368,Unknown
2009-09-17 06:46:25,00068E3435,Unknown
2009-09-17 07:18:25,00065E632D,Unknown
2009-09-17 07:49:13,00065E632D,Unknown
2009-09-17 07:49:18,8E602D0D0F,Unknown
2009-09-17 07:53:30,00065E632D,Unknown
2009-09-17 17:32:18,8E602D0D0F,Unknown
2009-09-17 18:12:33,8E602D0D0F,Unknown
2009-09-17 18:12:51,00065E632D,Unknown
2009-09-17 18:36:16,8E602D0D0F,Unknown
2009-09-17 18:36:34,00065E632D,Unknown
2009-09-17 19:48:21,00068E35E1,Unknown
2009-09-17 19:48:28,0006979B84,Unknown
2009-09-17 19:49:02,00068E1C26,Unknown
2009-09-17 19:49:35,00068E3435,Unknown
2009-09-17 19:51:39,00068EAD8A,Unknown
2009-09-17 19:51:42,00065D81D3,Unknown
2009-09-17 19:51:45,00065DD7F6,Unknown
2009-09-17 19:54:25,0006B2AB06,Unknown
2009-09-17 19:55:36,00060F600D,Unknown
2009-09-17 19:55:47,00068E3546,Unknown
2009-09-17 19:57:38,00068E1878,Unknown
2009-09-17 20:02:23,0006979BE8,Unknown
2009-09-17 20:02:58,000697D368,Unknown
2009-09-17 20:06:10,000697B0DE,Unknown
2009-09-17 22:49:27,0006979B84,Unknown
2009-09-17 22:49:38,0006979B84,Unknown
2009-09-18 00:57:42,0006979B84,Unknown
2009-09-18 00:58:03,0006979B84,Unknown
2009-09-18 02:55:56,00060F66F2,Unknown
2009-09-18 02:56:08,00060F66F2,Unknown
2009-09-18 03:21:19,00065DD7F6,Unknown
2009-09-18 03:28:01,00065DD7F6,Unknown
2009-09-18 04:27:22,0006979B84,Unknown
2009-09-18 04:35:38,0006979B84,Unknown
2009-09-18 05:19:28,00068EA92B,Unknown
2009-09-18 05:32:09,000644514C,Unknown
2009-09-18 05:49:02,00068E3546,Unknown
2009-09-18 05:57:15,00065DD7F6,Unknown
2009-09-18 06:12:10,00068E3546,Unknown
2009-09-18 06:14:11,00065D81D3,Unknown
2009-09-18 06:15:05,00065D81D3,Unknown
2009-09-18 06:15:19,00065DD7F6,Unknown
2009-09-18 06:16:08,00068EAD8A,Unknown
2009-09-18 06:17:29,0006B2AB06,Unknown
2009-09-18 06:26:27,00060F66F2,Unknown
2009-09-18 06:26:42,0006979B84,Unknown
2009-09-18 06:28:31,0006979BE8,Unknown
2009-09-18 06:28:52,00065DD7F6,Unknown
2009-09-18 06:31:21,00061013E4,Unknown
2009-09-18 06:31:25,00068E3546,Unknown
2009-09-18 06:31:35,00068E1878,Unknown
2009-09-18 06:34:03,00068E35E1,Unknown
2009-09-18 06:40:24,00068E3435,Unknown
2009-09-18 06:42:57,00068E1C26,Unknown
2009-09-18 06:46:31,000697B0DE,Unknown
2009-09-18 06:48:06,0006B2AB06,Unknown
2009-09-18 06:52:04,00065D81D3,Unknown
2009-09-18 08:03:43,00061013E4,Unknown
2009-09-18 08:04:12,00061013E4,Unknown
2009-09-18 08:04:52,00065E632D,Unknown
2009-09-18 09:04:46,00065E632D,Unknown
2009-09-18 09:08:57,00065E632D,Unknown
2009-09-18 09:37:16,8E602D0D0F,Unknown
2009-09-18 18:03:55,00065E632D,Unknown
2009-09-18 18:09:54,8E602D0D0F,Unknown
2009-09-18 18:10:12,8E602D0D0F,Unknown
2009-09-18 18:10:23,8E602D0D0F,Unknown
2009-09-18 18:27:16,8E602D0D0F,Unknown
2009-09-18 18:27:32,00065E632D,Unknown
2009-09-18 19:45:11,00060F66F2,Unknown
2009-09-18 19:46:49,0006979B84,Unknown
2009-09-18 19:47:00,00068E1C26,Unknown
2009-09-18 19:47:22,00061013E4,Unknown
2009-09-18 19:47:53,00068E35E1,Unknown
2009-09-18 19:48:32,00065D81D3,Unknown
2009-09-18 19:49:45,0006979BE8,Unknown
2009-09-18 19:51:22,00065DD7F6,Unknown
2009-09-18 19:55:47,00068EAD8A,Unknown
2009-09-18 19:59:39,000697B0DE,Unknown
2009-09-18 22:00:48,00068E17E7,Unknown
2009-09-18 22:04:45,00068E17E7,Unknown
2009-09-19 00:48:36,0006979B84,Unknown
2009-09-19 00:48:54,0006979B84,Unknown
2009-09-19 06:20:28,00068E35E1,Unknown
2009-09-19 06:21:32,00065DD7F6,Unknown
2009-09-19 06:21:46,00068EAD8A,Unknown
2009-09-19 06:22:09,00068E17E7,Unknown
2009-09-19 06:23:01,0006979BE8,Unknown
2009-09-19 06:24:22,00068E3435,Unknown
2009-09-19 06:25:55,000697D368,Unknown
2009-09-19 06:31:47,00060F66F2,Unknown
2009-09-19 06:36:34,00068E1878,Unknown
2009-09-19 06:39:07,00068E3435,Unknown
2009-09-19 06:39:18,00068E3435,Unknown
2009-09-19 06:39:32,000697B0DE,Unknown
2009-09-19 06:41:00,0006979B84,Unknown
2009-09-19 06:41:14,00061013E4,Unknown
2009-09-19 06:46:02,00068E1C26,Unknown
2009-09-19 07:25:28,00065E632D,Unknown
2009-09-19 08:13:55,00065E632D,Unknown
2009-09-19 08:31:54,00065E632D,Unknown
