date_time,id,box
2023-04-28 21:07:35,000783F429,K5
2023-04-28 21:11:43,0006B3BF04,K5
2023-04-28 21:19:28,0007AC80F1,K5
2023-04-29 03:50:18,0007AC0387,K5
2023-04-30 21:11:35,0007AC0145,K74
2023-04-30 21:12:06,00075D879F,K74
2023-04-30 21:13:56,00071E15BF,K74
2023-04-30 21:15:01,0007AC494F,K74
2023-04-30 21:16:16,000783CB2B,K74
2023-05-01 03:10:07,0007AC9A80,K74
2023-05-01 03:10:40,0007AC9A80,K74
2023-05-01 03:10:51,0007AC9A80,K74
2023-05-01 03:25:49,0007C1922C,K74
2023-05-01 04:59:04,0007CE0F3D,K74
2023-05-01 04:59:29,0007ACA816,K74
2023-05-01 04:59:33,00071E2D31,K74
2023-05-01 05:04:26,0007AC5939,K74
2023-05-01 05:12:15,00071E15BF,K74
2023-05-01 05:15:57,000783F377,K74
2023-05-01 05:17:11,000783F377,K74
2023-05-01 05:20:22,000783F377,K74
2023-05-02 21:10:38,00071E15BF,K74
2023-05-02 21:12:24,0007AC0145,K74
2023-05-02 21:13:02,0007AC8BE4,K74
2023-05-02 21:13:42,00079A0255,K74
2023-05-02 21:18:55,00075D879F,K74
2023-05-02 21:20:00,0007ABD629,K74
2023-05-02 21:20:28,0007C1922C,K74
2023-05-03 04:44:58,0007AC0145,K74
2023-05-03 04:47:28,0007AC0145,K74
2023-05-03 05:01:48,00071E15BF,K74
2023-05-03 21:06:40,00071E15BF,K74
2023-05-03 21:08:38,00071E15BF,K74
2023-05-03 21:10:02,0007AC8BE4,K74
2023-05-03 21:17:38,0007C1922C,K74
2023-05-03 21:20:43,0007AC0145,K74
2023-05-04 04:33:39,0007AC5939,K74
2023-05-04 04:42:39,0007AC5939,K74
2023-05-04 04:43:29,0007AC5939,K74
2023-05-04 04:46:22,0007C1922C,K74
2023-05-04 04:50:26,00079A0255,K74
2023-05-04 04:54:37,00075B29B2,K74
2023-05-04 04:57:33,00071E15BF,K74
2023-05-04 04:59:09,0006B3AC35,K74
2023-05-04 05:14:31,0007AC8BE4,K74
2023-05-04 21:08:25,00071E15BF,K74
2023-05-04 21:10:41,00079A0255,K74
2023-05-04 21:12:16,0007C1922C,K74
2023-05-04 21:12:22,0007AC8BE4,K74
2023-05-04 21:12:56,0007ABD629,K74
2023-05-04 21:14:06,0007AC0145,K74
2023-05-04 21:14:55,00075D879F,K74
2023-05-04 21:16:52,0006B3AC35,K74
2023-05-04 21:19:08,0007AC5939,K74
2023-05-04 21:20:39,00075D076C,K74
2023-05-05 02:37:56,0007AC418B,K74
2023-05-05 02:56:16,0007ABA539,K74
2023-05-05 03:00:32,0007ABA539,K74
2023-05-05 03:36:38,0006E241C1,K74
2023-05-05 04:25:50,0007AC34C9,K74
2023-05-05 05:09:59,000799A5EF,K74
2023-05-05 05:10:18,000783F377,K74
2023-05-05 05:10:24,0007ABA539,K74
2023-05-05 05:10:48,00071E15BF,K74
2023-05-05 05:12:54,000799A5EF,K74
2023-05-05 05:15:16,000786B8A2,K74
2023-05-05 05:16:38,00075CE063,K74
2023-05-05 05:17:11,00071E2D31,K74
2023-05-05 05:17:17,00079AAA3C,K74
2023-05-05 05:19:59,0006B3AC35,K74
2023-05-05 05:21:08,0007AC494F,K74
2023-05-05 05:21:49,000799A5EF,K74
2023-05-05 05:22:57,0007ABD629,K74
2023-05-05 21:00:28,0006E241C1,K74
2023-05-05 21:00:48,0006E241C1,K74
2023-05-05 21:00:59,0006E241C1,K74
2023-05-05 21:01:10,0006E241C1,K74
2023-05-05 21:01:21,0006E241C1,K74
2023-05-05 21:01:32,0006E241C1,K74
2023-05-05 21:01:45,0006E241C1,K74
2023-05-05 21:01:56,0006E241C1,K74
2023-05-05 21:02:14,0006E241C1,K74
2023-05-05 21:02:25,0006E241C1,K74
2023-05-05 21:02:36,0006E241C1,K74
2023-05-05 21:02:47,0006E241C1,K74
2023-05-05 21:02:58,0006E241C1,K74
2023-05-05 21:04:43,00074F663E,K74
2023-05-05 21:04:49,0006E24C7B,K74
2023-05-05 21:12:09,00075CE063,K74
2023-05-05 21:12:13,0007AC80F1,K74
2023-05-05 21:12:17,00075D879F,K74
2023-05-05 21:12:19,00079A0255,K74
2023-05-05 21:12:20,0007ABA539,K74
2023-05-05 21:12:25,0007CDFB4B,K74
2023-05-05 21:14:27,0007AC8BE4,K74
2023-05-05 21:15:45,0007ABF44A,K74
2023-05-05 21:16:41,000799A5EF,K74
2023-05-05 21:16:53,0006E241C1,K74
2023-05-05 21:18:31,0007AC9A80,K74
2023-05-05 21:18:34,00079AAA3C,K74
2023-05-05 21:18:39,0007ABD629,K74
2023-05-05 21:18:45,0007AC8BE4,K74
2023-05-05 21:18:52,00079AAA3C,K74
2023-05-05 21:19:32,0007ACA816,K74
2023-05-05 21:19:34,000786B8A2,K74
2023-05-05 21:19:47,0007AC34C9,K74
2023-05-05 21:20:34,0007AC0387,K74
2023-05-05 21:20:37,0007C1922C,K74
2023-05-05 21:21:00,0007C18C52,K5
2023-05-05 21:23:18,000783CB2B,K74
2023-05-05 21:23:19,00075D076C,K74
2023-05-05 21:23:24,0007CE0636,K5
2023-05-05 21:23:41,00075B29B2,K74
2023-05-05 21:23:51,0007CE0F3D,K74
2023-05-05 21:24:41,0007AC0145,K74
2023-05-05 21:27:54,0006B3AC35,K74
2023-05-05 21:28:55,0006B3BF04,K5
2023-05-05 21:29:33,0006E239ED,K5
2023-05-05 21:29:44,0006E239ED,K5
2023-05-05 21:29:50,000783A42D,K5
2023-05-05 21:30:24,00075B22B0,K5
2023-05-05 21:31:13,0007ACAC37,K5
2023-05-05 21:31:47,0007AC418B,K74
2023-05-05 21:31:59,0007AC494F,K74
2023-05-05 21:32:10,0007AC5939,K74
2023-05-05 21:33:19,00071E2D31,K74
2023-05-05 21:34:01,000783F377,K74
2023-05-05 21:34:31,000788A24D,K74
2023-05-05 21:36:29,0007ABD4DC,K5
2023-05-06 05:17:07,000783F429,K74
2023-05-06 05:17:14,0007AC8BE4,K74
2023-05-06 05:17:27,000783F429,K74
2023-05-06 05:22:38,00071E15BF,K5
2023-05-06 05:24:29,0006B3BF04,K5
2023-05-06 05:26:25,000783F377,K74
2023-05-06 21:06:48,00075D076C,K74
2023-05-06 21:07:08,0007AC80F1,K74
2023-05-06 21:07:15,000783F429,K74
2023-05-06 21:08:16,0007AC8BE4,K74
2023-05-06 21:08:24,000783F377,K74
2023-05-06 21:09:02,00071E15BF,K5
2023-05-06 21:09:04,0006E24ECA,K5
2023-05-06 21:09:15,0007ACAC37,K5
2023-05-06 21:09:25,0006B3BF04,K5
2023-05-06 21:19:05,0007ABC809,K5
2023-05-07 05:06:58,000799A5EF,K5
2023-05-07 05:08:40,0006E239ED,K5
2023-05-07 05:12:14,0006E24C7B,K74
2023-05-07 05:12:50,0006E24C7B,K74
2023-05-07 05:13:01,0007AC418B,K74
2023-05-07 05:13:19,0006E24C7B,K74
2023-05-07 05:13:32,000783F377,K74
2023-05-07 05:13:34,0007C1922C,K74
2023-05-07 05:14:08,0006B3BF04,K5
2023-05-07 05:14:29,0007ABA539,K74
2023-05-07 05:14:30,0007C18B80,K74
2023-05-07 05:14:40,00075B22B0,K5
2023-05-07 05:14:51,000783A42D,K5
2023-05-07 05:15:05,0007CE0A62,K5
2023-05-07 05:15:31,0007AC5939,K74
2023-05-07 05:18:08,0006E241C1,K74
2023-05-07 05:21:14,0006B3AC35,K5
2023-05-07 05:22:29,0007CE0636,K5
2023-05-07 05:23:46,00071E2D31,K74
2023-05-07 10:22:36,0007C18C52,K74
2023-05-07 20:58:23,0007CE0636,K5
2023-05-07 21:02:00,0007CE0F3D,K74
2023-05-07 21:05:13,00075CE063,K74
2023-05-07 21:05:48,0007AC0387,K74
2023-05-07 21:05:57,0007C1922C,K74
2023-05-07 21:06:42,0007ACA816,K74
2023-05-07 21:07:08,0007C18C52,K74
2023-05-07 21:07:19,0007C18C52,K74
2023-05-07 21:07:52,00079A0255,K74
2023-05-07 21:07:56,0007AC8BE4,K74
2023-05-07 21:08:04,000783CB2B,K74
2023-05-07 21:08:17,0006B3BF04,K5
2023-05-07 21:08:25,0007ACAC37,K5
2023-05-07 21:08:29,0007CE0A62,K5
2023-05-07 21:08:38,0007C18B80,K74
2023-05-07 21:08:48,000786B8A2,K74
2023-05-07 21:08:53,00079AAA3C,K74
2023-05-07 21:09:09,0006B3AC35,K5
2023-05-07 21:09:09,0006E241C1,K74
2023-05-07 21:09:12,0006E24C7B,K74
2023-05-07 21:09:17,0007CE0636,K5
2023-05-07 21:09:24,00075D879F,K74
2023-05-07 21:09:42,0007AC80F1,K5
2023-05-07 21:09:43,0007AC34C9,K74
2023-05-07 21:09:45,0007ABA539,K74
2023-05-07 21:10:21,0007AC418B,K74
2023-05-07 21:10:25,0007ABF44A,K74
2023-05-07 21:13:43,000783A42D,K5
2023-05-07 21:13:52,000799A5EF,K5
2023-05-07 21:14:09,000783F429,K5
2023-05-07 21:14:22,000783F377,K74
2023-05-07 21:14:35,00075B22B0,K5
2023-05-07 21:14:36,00071E2D31,K74
2023-05-07 21:14:51,0007AC494F,K74
2023-05-07 21:14:54,000788A24D,K5
2023-05-07 21:15:21,0006E239ED,K5
2023-05-07 21:15:53,0007ABD4DC,K5
2023-05-07 21:17:35,0007AC5939,K74
2023-05-07 23:03:12,0007CE0636,K5
2023-05-07 23:14:31,0007CE0636,K5
2023-05-08 04:22:07,00075B22B0,K74
2023-05-08 05:16:29,0007ACAC37,K5
2023-05-08 05:19:01,0006B3BF04,K5
2023-05-08 05:19:16,0006B3AC35,K5
2023-05-08 05:19:35,000799A5EF,K5
2023-05-08 05:19:43,000783F377,K5
2023-05-08 05:21:40,000783A42D,K5
2023-05-08 05:22:46,0006E239ED,K5
2023-05-08 05:26:40,000783F377,K5
2023-05-08 05:30:17,000786B8A2,K5
2023-05-08 05:31:56,0006E241C1,K74
2023-05-08 05:32:44,0006E241C1,K74
2023-05-08 05:32:51,00075B22B0,K74
2023-05-08 21:01:19,0007CDCC06,K50
2023-05-08 21:05:49,0007CDFB4B,K5
2023-05-08 21:07:17,0007AC0387,K5
2023-05-08 21:07:19,0006B3BF04,K5
2023-05-08 21:08:40,000783F429,K5
2023-05-08 21:09:01,000786B8A2,K5
2023-05-08 21:09:21,000783A42D,K5
2023-05-08 21:09:40,000799A5EF,K5
2023-05-08 21:12:44,0007C1922C,K50
2023-05-08 21:12:55,0007AC34C9,K50
2023-05-08 21:13:41,0007CE0636,K5
2023-05-08 21:13:47,0007AC80F1,K5
2023-05-08 21:14:06,0007C18C52,K50
2023-05-08 21:14:12,00075CE063,K50
2023-05-08 21:14:14,0006B3AC35,K5
2023-05-08 21:14:35,0006E239ED,K5
2023-05-08 21:15:08,00079A0255,K50
2023-05-08 21:15:20,0007AC8BE4,K50
2023-05-08 21:15:38,000788A24D,K5
2023-05-08 21:16:01,000783CB2B,K5
2023-05-08 21:19:22,00075D879F,K50
2023-05-08 21:20:23,00075B22B0,K50
2023-05-08 21:20:40,0006E24C7B,K50
2023-05-08 21:20:46,0007ABD4DC,K5
2023-05-08 21:22:46,0007ABF44A,K50
2023-05-08 21:24:05,0007AC418B,K50
2023-05-08 21:24:10,000783F377,K50
2023-05-08 21:24:18,0007CDF948,K50
2023-05-08 21:24:44,0006E241C1,K50
2023-05-08 21:27:06,0007C18B80,K50
2023-05-08 21:27:27,0007CE0F3D,K50
2023-05-08 21:27:41,00075D076C,K50
2023-05-08 21:28:06,00071E2D31,K50
2023-05-08 21:28:17,0007C18B80,K50
2023-05-08 21:28:34,0007AC494F,K50
2023-05-08 21:28:39,0007AC9A80,K50
2023-05-09 05:01:39,0006E239ED,K5
2023-05-09 05:10:13,0007CE0636,K5
2023-05-09 05:10:15,000783A42D,K5
2023-05-09 05:10:56,0007CE12D7,K5
2023-05-09 05:11:21,0007ABA539,K5
2023-05-09 05:11:30,0007AC9A80,K50
2023-05-09 05:11:48,000783F377,K5
2023-05-09 05:12:28,0006E241C1,K50
2023-05-09 05:12:44,0006B3BF04,K5
2023-05-09 05:15:49,00079A0255,K50
2023-05-09 05:17:40,0006E24ECA,K5
2023-05-09 05:19:59,0007CE0F3D,K50
2023-05-09 05:29:15,000799A5EF,K5
2023-05-09 21:00:19,000799A5EF,K5
2023-05-09 21:01:23,000799A5EF,K5
2023-05-09 21:03:29,0006E24ECA,K5
2023-05-09 21:03:53,0006B3BF04,K5
2023-05-09 21:03:55,0007ACAC37,K5
2023-05-09 21:04:47,000783F429,K5
2023-05-09 21:04:54,0007ABF44A,K5
2023-05-09 21:04:58,000783F377,K5
2023-05-09 21:05:01,000783A42D,K5
2023-05-09 21:05:51,0007CE0636,K5
2023-05-09 21:07:31,0007CDCC06,K5
2023-05-09 21:07:50,00075CE063,K5
2023-05-09 21:08:17,0006E24C7B,K50
2023-05-09 21:08:58,00075B22B0,K50
2023-05-09 21:09:05,00075D076C,K50
2023-05-09 21:09:51,0007ACA816,K5
2023-05-09 21:09:54,0007AC80F1,K5
2023-05-09 21:09:55,000788A24D,K5
2023-05-09 21:10:58,000786B8A2,K5
2023-05-09 21:11:03,0006E239ED,K5
2023-05-09 21:11:10,0007ABA539,K5
2023-05-09 21:11:18,00079A0255,K50
2023-05-09 21:11:21,0007C18C52,K50
2023-05-09 21:11:26,00079AAA3C,K5
2023-05-09 21:11:34,0007ABD4DC,K5
2023-05-09 21:13:01,0007CE0F3D,K50
2023-05-09 21:15:13,0007C18B80,K50
2023-05-09 21:15:20,0007AC494F,K50
2023-05-09 21:15:43,0006E241C1,K50
2023-05-09 23:19:10,0006B3BF04,K50
2023-05-09 23:19:43,0006B3BF04,K50
2023-05-10 05:17:34,000783F429,K5
2023-05-10 05:17:41,00075CE063,K5
2023-05-10 05:18:07,0006E239ED,K5
2023-05-10 05:18:28,0006E239ED,K5
2023-05-10 05:18:56,0006E239ED,K5
2023-05-10 05:21:21,0006B3BF04,K50
2023-05-10 05:21:40,0006E239ED,K50
2023-05-10 05:22:17,0007CE0F3D,K50
2023-05-10 21:04:57,00075B22B0,K50
2023-05-10 21:06:13,0007C18C52,K50
2023-05-10 21:07:32,0007CE0F3D,K50
2023-05-10 21:07:40,00075D879F,K50
2023-05-10 21:07:48,0007AC8BE4,K50
2023-05-10 21:07:57,0006E239ED,K50
2023-05-10 21:08:01,0006B3BF04,K50
2023-05-11 05:12:44,0007CE0F3D,K50
2023-05-11 05:14:34,0007AC9A80,K50
2023-05-11 21:28:26,0007CDCC06,K18
2023-05-11 21:28:40,0007CDCC06,K18
2023-05-11 21:34:36,0007CDFB4B,K18
2023-05-11 21:36:10,0007CE0A62,K18
2023-05-11 21:36:21,0007CE0A62,K18
2023-05-11 21:36:32,0007CE0A62,K18
2023-05-11 21:41:53,00074F663E,K18
2023-05-11 21:42:30,000783A42D,K18
2023-05-11 21:44:21,0007C1922C,K18
2023-05-11 21:44:29,000786B8A2,K18
2023-05-11 21:45:20,00071E2D31,K18
2023-05-11 21:45:46,00075B22B0,K18
2023-05-11 21:48:27,000783CB2B,K18
2023-05-11 21:48:31,0007AC8BE4,K18
2023-05-11 21:53:40,0007CE0F3D,K50
2023-05-11 21:56:39,0006E24ECA,K18
2023-05-11 21:58:55,0007C18C52,K50
2023-05-11 21:58:56,0007AC34C9,K18
2023-05-11 22:01:22,0007ACAC37,K50
2023-05-11 22:06:54,00075D879F,K18
2023-05-11 22:07:53,0007ABD4DC,K18
2023-05-11 22:08:27,000783F377,K18
2023-05-11 22:08:58,0007CDF948,K18
2023-05-11 22:09:53,00075B29B2,K18
2023-05-11 22:10:00,0007AC3CC1,K18
2023-05-11 22:10:22,0007AC44BD,K18
2023-05-11 22:13:25,0007CE12D7,K9
2023-05-11 22:26:17,0007AC9A80,K50
2023-05-11 22:26:23,0006E239ED,K50
2023-05-12 05:14:31,0006B3BF04,K18
2023-05-12 05:14:56,0006B3BF04,K18
2023-05-13 19:48:55,0007AC0387,K18
2023-05-13 20:52:51,0007ACAC37,K18
2023-05-13 20:55:01,0007ABD629,K18
2023-05-13 20:55:32,0007ACAC37,K18
2023-05-13 20:56:00,0007ACAC37,K18
2023-05-13 20:56:24,0007ABD629,K18
2023-05-13 20:57:13,0006E241C1,K18
2023-05-13 20:57:29,0006E241C1,K18
2023-05-13 20:59:28,0007ABD629,K18
2023-05-13 21:02:16,0007AC34C9,K18
2023-05-13 21:02:43,00075B22B0,K18
2023-05-13 21:02:45,0007CE0A62,K18
2023-05-13 21:02:49,0006B3AC35,K18
2023-05-13 21:03:20,00075B29B2,K18
2023-05-13 21:03:48,0007AC3CC1,K18
2023-05-13 21:03:58,0007AC8BE4,K18
2023-05-13 21:04:44,00075B29B2,K18
2023-05-13 21:05:17,0007AC0387,K18
2023-05-13 21:05:21,000783A42D,K18
2023-05-13 21:06:26,0007CE0F3D,K18
2023-05-13 21:07:40,0007CDF948,K18
2023-05-13 21:09:20,0007AC0145,K18
2023-05-14 02:14:06,000783F429,K18
2023-05-14 05:08:01,0006E241C1,K18
2023-05-14 05:09:24,0006E241C1,K18
2023-05-15 21:14:45,0007CE054D,K25
2023-05-15 21:14:56,0007CE054D,K25
2023-05-15 21:15:24,0007CDCC06,K71
2023-05-15 21:15:58,00075B22B0,K71
2023-05-15 21:17:29,0007CDFB4B,K25
2023-05-15 21:17:36,0007CE054D,K25
2023-05-15 21:18:09,0006B3AC35,K25
2023-05-15 21:20:35,0007ACAC37,K71
2023-05-15 21:21:02,0006E24C7B,K71
2023-05-15 21:21:25,000783CB2B,K71
2023-05-15 21:22:32,000783F429,K71
2023-05-15 21:23:06,0007ACA816,K60
2023-05-15 21:23:41,0007C18C52,K71
2023-05-15 21:23:43,0006E24ECA,K71
2023-05-15 21:23:46,0007ABC809,K71
2023-05-15 21:23:50,0007CE0636,K71
2023-05-15 21:24:02,0007AC44BD,K71
2023-05-15 21:24:22,0007CE0A62,K71
2023-05-15 21:24:33,0007CE0F3D,K71
2023-05-15 21:25:09,00075CE063,K71
2023-05-15 21:25:10,0007ABC5F2,K71
2023-05-15 21:25:15,0007AC8BE4,K71
2023-05-15 21:26:14,0007CDEB80,K71
2023-05-15 21:26:34,0007AC3CC1,K71
2023-05-15 21:26:39,00079AAA3C,K71
2023-05-15 21:26:45,0007AC0387,K71
2023-05-15 21:27:30,0007CE12D7,K71
2023-05-15 21:27:41,0007CE12D7,K71
2023-05-15 21:28:10,0006E241C1,K71
2023-05-15 21:28:18,00075B29B2,K71
2023-05-15 21:28:34,0007AC34C9,K71
2023-05-15 21:28:37,0007C1922C,K71
2023-05-15 21:31:36,000783A42D,K71
2023-05-15 21:31:50,00075D879F,K71
2023-05-15 21:32:13,0007CDF948,K71
2023-05-15 21:32:35,0007AC494F,K71
2023-05-15 21:32:44,0007AC0145,K71
2023-05-15 22:29:15,00079AAA3C,K25
2023-05-15 22:36:50,0007ABD629,K25
2023-05-15 22:40:24,00079AAA3C,K25
2023-05-15 22:43:16,000783F429,K25
2023-05-15 22:47:15,0007CE054D,K25
2023-05-15 22:50:03,0007C1922C,K25
2023-05-15 22:50:20,0007C1922C,K25
2023-05-15 22:50:40,0007C1922C,K25
2023-05-15 22:51:39,0007ABD629,K25
2023-05-15 22:51:58,00075D076C,K25
2023-05-15 22:52:25,0007AC494F,K25
2023-05-15 22:52:38,0007AC494F,K25
2023-05-15 22:52:49,0007AC494F,K25
2023-05-16 00:41:19,0007AC9A80,K71
2023-05-16 00:42:19,0007AC9A80,K71
2023-05-16 01:41:36,0007CE054D,K25
2023-05-16 01:47:13,0007CE054D,K25
2023-05-16 01:47:48,0007ABD629,K25
2023-05-16 01:48:21,0006B3BF04,K25
2023-05-16 01:49:44,0006B3BF04,K25
2023-05-16 02:02:27,00079AAA3C,K25
2023-05-16 02:06:15,00074F663E,K25
2023-05-16 02:06:23,00079AAA3C,K25
2023-05-16 02:16:07,0007CE0A62,K25
2023-05-16 02:16:42,0007CE0A62,K25
2023-05-16 03:14:01,0007ABA539,K25
2023-05-16 21:15:02,0007AC0387,K22
2023-05-16 21:22:22,0007CE0636,K22
2023-05-16 21:24:20,000786B8A2,K22
2023-05-16 21:24:25,00075CE063,K22
2023-05-16 21:25:25,0006B3BF04,K22
2023-05-16 21:25:35,0007ACA816,K22
2023-05-16 21:25:38,0007AC0734,K22
2023-05-16 21:25:41,0007ABD629,K22
2023-05-16 21:25:44,000783CB2B,K22
2023-05-16 21:25:45,00079A0255,K22
2023-05-16 21:25:59,0006E24ECA,K22
2023-05-16 21:26:13,0006E241C1,K4
2023-05-16 21:26:13,0006E24C7B,K22
2023-05-16 21:26:21,0007ABF44A,K22
2023-05-16 21:27:13,00071E2D31,K24
2023-05-16 21:27:30,00075B22B0,K22
2023-05-16 21:27:35,00074F663E,K22
2023-05-16 21:27:50,000799A5EF,K4
2023-05-16 21:27:55,0006B3AC35,K4
2023-05-16 21:28:33,0006E239ED,K24
2023-05-16 21:28:43,0007C18B80,K24
2023-05-16 21:29:52,0007C1922C,K22
2023-05-16 21:30:40,0007CDDFAD,K22
2023-05-16 21:31:19,0007AC9A80,K22
2023-05-16 21:31:20,0007ABC5F2,K22
2023-05-16 21:31:43,00079AAA3C,K4
2023-05-16 21:32:00,000783A42D,K4
2023-05-16 21:32:08,0007CE0A62,K4
2023-05-16 21:32:09,0007C18C52,K22
2023-05-16 21:32:12,0007AC44BD,K22
2023-05-16 21:32:17,0007CE12D7,K22
2023-05-16 21:32:42,0007CDEB80,K4
2023-05-16 21:32:58,0007ABA539,K22
2023-05-16 21:33:06,0007CE12D7,K22
2023-05-16 21:33:16,0007AC0387,K22
2023-05-16 21:33:29,00075D879F,K22
2023-05-16 21:33:31,00071E15BF,K22
2023-05-16 21:33:40,0007AC5939,K22
2023-05-16 21:33:58,0007AC34C9,K24
2023-05-16 21:34:02,0007AC494F,K24
2023-05-16 21:34:24,0007ABDCCF,K22
2023-05-16 21:35:24,0007CDF948,K22
2023-05-16 21:36:31,0007CDFB4B,K22
2023-05-16 21:36:34,0007CE0896,K22
2023-05-16 21:37:08,0007ACAC37,K22
2023-05-16 21:38:10,00075B29B2,K22
2023-05-16 21:39:07,0007AC8BE4,K22
2023-05-16 21:39:13,000783F377,K22
2023-05-16 21:39:20,000783F429,K22
2023-05-16 21:40:25,000783F429,K22
2023-05-16 21:40:45,0007AC3CC1,K22
2023-05-16 21:40:57,0007CE0F3D,K22
2023-05-16 21:41:15,0007AC0145,K22
2023-05-16 21:42:02,00075D076C,K22
2023-05-16 21:43:28,0007ABD4DC,K22
2023-05-16 21:43:42,0007AC418B,K22
2023-05-16 21:43:48,000788A24D,K22
2023-05-16 22:31:05,0006E239ED,K4
2023-05-16 22:40:40,0007AC80F1,K4
2023-05-16 22:40:51,0006E239ED,K4
2023-05-16 22:48:19,0006E239ED,K4
2023-05-16 23:04:03,0006E239ED,K4
2023-05-17 21:14:58,00075CE063,K25
2023-05-17 21:22:02,000799A5EF,K15
2023-05-17 21:22:14,0007ABF44A,K103
2023-05-17 21:22:30,0007CDCC06,K15
2023-05-17 21:23:26,00075D076C,K103
2023-05-17 21:24:48,0007AC34C9,K103
2023-05-17 21:26:27,0007C18B80,K103
2023-05-17 21:27:06,0007AC494F,K103
2023-05-17 21:27:30,00075B22B0,K15
2023-05-17 21:27:38,00071E2D31,K15
2023-05-17 21:29:07,0007C1922C,K15
2023-05-17 21:29:19,000783F429,K15
2023-05-17 21:29:30,0007AC9A80,K15
2023-05-17 21:29:52,0007CDDFAD,K15
2023-05-17 21:33:50,000786B8A2,K15
2023-05-17 21:34:06,0007AC418B,K15
2023-05-17 21:34:32,000783F377,K15
2023-05-17 21:34:47,000788A24D,K15
2023-05-17 21:35:04,00071E15BF,K15
2023-05-17 21:38:27,0007CDF948,K15
2023-05-17 21:39:08,00075B29B2,K15
2023-05-17 21:39:59,0007ABD4DC,K15
2023-05-18 01:06:58,0007AC494F,K25
2023-05-18 01:13:29,0007AC0145,K25
2023-05-18 01:14:26,00071E15BF,K25
2023-05-18 01:16:02,00074F663E,K25
2023-05-18 03:08:12,0007AC494F,K25
2023-05-18 03:09:06,0007C18B80,K25
2023-05-18 04:38:20,0007CDDFAD,K15
2023-05-18 04:43:45,0007ABC5F2,K25
2023-05-18 04:44:22,0007CDCC06,K15
2023-05-18 04:47:53,0007AC5939,K25
2023-05-18 04:50:39,0007CDFB4B,K25
2023-05-18 04:52:39,0007AC80F1,K25
2023-05-18 04:59:10,000799A5EF,K15
2023-05-18 05:05:25,00074F663E,K25
2023-05-18 05:05:26,0007ABA539,K25
2023-05-18 05:05:36,00074F663E,K25
2023-05-19 21:29:03,0007C18C52,K52
2023-05-19 21:30:41,00071E2D31,K52
2023-05-19 21:31:07,0007AC8BE4,K52
2023-05-19 21:31:24,0007ABF44A,K52
2023-05-19 21:32:27,0007CE0131,K52
2023-05-19 21:32:32,0007C18B80,K52
2023-05-19 21:33:51,00071E15BF,K52
2023-05-19 21:34:17,0007AC9A80,K52
2023-05-19 21:34:57,0007CDB484,K52
2023-05-19 21:35:14,0007AC418B,K52
2023-05-19 21:35:22,0007AC494F,K52
2023-05-20 02:09:56,00075D879F,KP6
2023-05-20 02:12:06,00075D879F,KP6
2023-05-20 02:12:46,000783CB2B,KP6
2023-05-20 02:12:55,0007C18B80,KP6
2023-05-20 05:14:59,00071E15BF,KP6
2023-05-20 05:15:52,0007C18B80,KP6
2023-05-20 05:19:14,0007C18B80,KP6
2023-05-21 21:32:17,000783F377,K25
2023-05-21 21:33:04,0007CE054D,K81
2023-05-21 21:33:11,0007AC80F1,K81
2023-05-21 21:33:17,0007ABD629,K81
2023-05-21 21:33:40,0006B3BF04,K25
2023-05-21 21:33:50,0007ABC5F2,K25
2023-05-21 21:33:52,0007CE0A62,K25
2023-05-21 21:33:59,0006B3BF04,K25
2023-05-21 21:34:16,0007AC0387,K25
2023-05-21 21:34:20,000786B8A2,K25
2023-05-21 21:34:39,0007CE0636,K25
2023-05-21 21:34:41,0007ABF44A,K25
2023-05-21 21:35:12,000783CB2B,K25
2023-05-21 21:35:27,0007AC3CC1,K25
2023-05-21 21:35:29,0006E24ECA,K81
2023-05-21 21:35:48,0007CE0F3D,K25
2023-05-21 21:35:56,00075D879F,K25
2023-05-21 21:36:20,000788A24D,K25
2023-05-21 21:36:32,00075B29B2,K81
2023-05-21 21:37:02,0007CE12D7,K81
2023-05-21 21:37:12,0007AC0734,K81
2023-05-21 21:37:23,0007ACA816,K25
2023-05-21 21:37:35,0007AC44BD,K81
2023-05-21 21:40:57,00079AAA3C,K25
2023-05-22 16:16:05,0007C18C52,KP6c
2023-05-22 21:20:26,0007CE054D,K102
2023-05-22 21:24:55,0006E24ECA,K102
2023-05-22 21:24:58,0007C1922C,KP6c
2023-05-22 21:25:09,0007C1922C,KP6c
2023-05-22 21:25:29,00075CE063,KP6c
2023-05-22 21:25:40,0007C1922C,KP6c
2023-05-22 21:25:44,0007CDB484,KP6c
2023-05-22 21:26:31,0007CE054D,K102
2023-05-22 21:26:47,00075B22B0,KP6c
2023-05-22 21:27:23,0007CE0A62,KP6c
2023-05-22 21:27:34,0007CE0A62,KP6c
2023-05-22 21:27:45,0007CE0A62,KP6c
2023-05-22 21:27:47,00075B29B2,KP6c
2023-05-22 21:27:52,00075D879F,KP6c
2023-05-22 21:28:08,0007CDDFAD,KP6c
2023-05-22 21:28:27,0007ACAC37,KP6c
2023-05-22 21:28:29,0006B3BF04,KP6c
2023-05-22 21:28:30,0007CE0636,KP6c
2023-05-22 21:28:36,0007CE0F3D,KP6c
2023-05-22 21:29:03,0007AC418B,KP6c
2023-05-22 21:29:09,0007ABC5F2,K102
2023-05-22 21:30:18,0007ABC809,K102
2023-05-22 21:30:27,0007AC0734,K102
2023-05-22 21:30:30,0007C18C52,KP6c
2023-05-22 21:30:43,0007ABF44A,KP6c
2023-05-22 21:31:23,0007ABDCCF,K102
2023-05-22 21:31:27,0007AC44BD,K102
2023-05-22 21:31:28,0007CDDFAD,KP6c
2023-05-22 21:31:53,0007CDDFAD,KP6c
2023-05-22 21:31:59,0007AC5939,KP6c
2023-05-22 21:32:00,0007CDB0C8,KP6c
2023-05-22 21:32:05,0007CDF4D9,K102
2023-05-22 21:32:09,0007C18B80,KP6c
2023-05-22 21:32:11,0007AC3CC1,K102
2023-05-22 21:32:34,000783F377,KP6c
2023-05-22 21:32:41,0007C18C52,KP6c
2023-05-22 21:34:35,000783CB2B,KP6c
2023-05-22 21:34:36,000783F429,K102
2023-05-22 21:34:42,00071E2D31,KP6c
2023-05-22 21:35:01,0007CDEB80,KP6c
2023-05-22 21:35:04,0007AC0145,K102
2023-05-22 21:35:11,000788A24D,KP6c
2023-05-22 21:35:23,00075D076C,KP6c
2023-05-22 21:35:46,0007AC34C9,KP6c
2023-05-23 00:36:25,0007AC494F,KP6c
2023-05-23 00:36:37,0007CDB484,KP6c
2023-05-23 00:36:48,0007CDB484,KP6c
2023-05-23 00:37:44,0007AC494F,KP6c
2023-05-23 01:17:59,0006E239ED,K102
2023-05-23 01:18:16,0006E239ED,K102
2023-05-23 04:45:26,0007ABC809,K102
2023-05-23 04:45:37,0007ABC809,K102
2023-05-23 04:45:48,0007ABC809,K102
2023-05-23 04:48:05,00071E15BF,KP6c
2023-05-23 04:48:18,0007AC8BE4,KP6c
2023-05-23 04:48:58,00075B29B2,KP6c
2023-05-23 04:51:54,0006B3BF04,K102
2023-05-23 04:54:11,0007CE0A62,KP6c
2023-05-23 04:54:12,0007CE0F3D,KP6c
2023-05-23 04:54:46,0006E24ECA,K102
2023-05-23 21:34:02,0007CE054D,K84
2023-05-23 21:35:13,0007AC3CC1,K84
2023-05-23 21:35:25,0007ABC5F2,K84
2023-05-23 21:36:34,0007CE12D7,K84
2023-05-23 21:37:50,0006B3BF04,K102
2023-05-23 21:37:57,0007ABD629,K102
2023-05-23 21:38:07,0007AC0734,K102
2023-05-23 21:42:15,0007CE0A62,KP6
2023-05-23 21:42:45,00075D879F,KP6
2023-05-23 21:42:56,0006E24ECA,K102
2023-05-23 21:43:14,0007AC0145,K84
2023-05-23 21:43:28,00075B29B2,KP6
2023-05-23 21:44:14,0007CDEB80,K84
2023-05-23 21:44:53,0007CDF4D9,K84
2023-05-23 21:45:23,000783F429,KP6
2023-05-23 21:45:41,00075B22B0,KP6
2023-05-23 21:45:43,0007AC8BE4,KP6
2023-05-23 21:46:37,0007ABDCCF,K102
2023-05-23 21:46:43,0007ABC809,K102
2023-05-23 21:47:02,0007CE0F3D,KP6
2023-05-23 21:47:10,0007ABF44A,KP6
2023-05-23 21:47:37,00071E15BF,KP6
2023-05-23 21:49:07,0007C1922C,KP6
2023-05-23 21:50:46,0007AC34C9,KP6
2023-05-23 21:51:08,0007AC494F,KP6
2023-05-23 21:52:42,00075D076C,KP6
2023-05-24 04:54:18,0007CDF4D9,K102
2023-05-24 05:05:46,0007C1922C,KP6
2023-05-24 05:06:07,0007AC8BE4,KP6
2023-05-24 21:33:09,0006E24ECA,K106
2023-05-24 21:34:07,0007CDCC06,KP1c
2023-05-24 21:35:51,0007ABC5F2,K106
2023-05-24 21:35:54,0007CDEE51,KP1c
2023-05-24 21:37:42,00075D879F,KP6c
2023-05-24 21:38:28,0007ABC809,K106
2023-05-24 21:38:44,0007AC8BE4,KP6c
2023-05-24 21:39:21,0007CDB0C8,KP10
2023-05-24 21:39:42,0007C18B80,KP6c
2023-05-24 21:41:03,0007AC0734,K106
2023-05-24 21:41:05,0007C1922C,KP6c
2023-05-24 21:41:17,0007CE12D7,K106
2023-05-24 21:42:38,0007CDF4D9,K106
2023-05-24 21:42:49,0007CDF4D9,K106
2023-05-24 23:38:12,0006E24ECA,KP10
2023-05-24 23:39:18,0006B3AC35,KP10
2023-05-24 23:39:25,0006E24ECA,KP10
2023-05-24 23:42:03,0006E24ECA,KP10
2023-05-25 00:10:20,0006B3AC35,KP10
2023-05-25 00:13:38,00079AAA3C,KP10
2023-05-25 00:14:52,0007ACA816,KP10
2023-05-25 00:24:23,0006E24ECA,KP10
2023-05-25 00:27:07,0006E24ECA,KP10
2023-05-25 00:28:39,0007AC3CC1,KP10
2023-05-25 01:48:41,0006E24ECA,KP10
2023-05-25 03:20:24,0006E24ECA,KP10
2023-05-25 04:45:36,0007CE0A62,KP6c
2023-05-25 04:46:56,0007CE0A62,KP6c
2023-05-25 04:57:27,0007AC8BE4,KP6c
2023-05-25 04:59:21,0007AC8BE4,KP6c
2023-05-25 05:00:57,0007AC8BE4,KP6c
2023-05-25 05:02:31,0007C1922C,KP6c
2023-05-25 21:40:04,0007ABF44A,KP6c
2023-05-25 21:43:21,0007C1922C,KP6c
2023-05-25 21:43:43,0007AC8BE4,KP6c
2023-05-25 23:25:02,0007ACA816,KP10
2023-05-26 00:01:12,0007C18B80,KP6c
2023-05-26 00:01:37,0007C18B80,KP6c
2023-05-26 00:01:54,00071E2D31,KP6c
2023-05-26 00:05:19,00079AAA3C,KP10
2023-05-26 00:07:14,000783A42D,KP10
2023-05-26 00:07:28,00079AAA3C,KP10
2023-05-26 00:10:06,00071E2D31,KP6c
2023-05-26 00:10:39,0007CE0F3D,KP6c
2023-05-26 00:10:42,0007CE0636,KP10
2023-05-26 00:10:45,0007C18C52,KP6c
2023-05-26 00:10:59,0007ABF44A,KP6c
2023-05-26 00:11:30,0006B3AC35,KP10
2023-05-26 00:11:37,0007CE0636,KP10
2023-05-26 00:12:14,0007C18B80,KP6c
2023-05-26 00:22:59,0007AC418B,KP6c
2023-05-26 00:47:19,000799A5EF,KP10
2023-05-26 00:52:38,0007AC0387,KP10
2023-05-26 00:52:51,0007AC0387,KP10
2023-05-26 00:53:38,00071E15BF,KP10
2023-05-26 00:54:46,000799A5EF,KP10
2023-05-26 00:56:30,000783A42D,KP10
2023-05-26 00:57:18,00071E15BF,KP10
2023-05-26 01:00:48,0007AC0387,KP10
2023-05-26 01:03:07,0006B3AC35,KP10
2023-05-26 01:03:57,0007AC0387,KP10
2023-05-26 01:06:37,0007CDCC06,KP10
2023-05-26 01:06:49,0007CDCC06,KP10
2023-05-26 01:20:51,0007ABF44A,KP10
2023-05-26 01:21:11,0007CDCC06,KP10
2023-05-26 01:23:54,000786B8A2,KP10
2023-05-26 01:24:14,00071E15BF,KP10
2023-05-26 01:25:24,0007AC0387,KP10
2023-05-26 01:27:25,0007C18B80,KP6c
2023-05-26 01:27:47,0006E24C7B,KP10
2023-05-26 01:27:52,0007ABD629,KP10
2023-05-26 01:27:55,000783CB2B,KP10
2023-05-26 01:27:58,000783A42D,KP10
2023-05-26 01:38:52,0007CDF948,KP6c
2023-05-26 01:39:03,0007CDF948,KP6c
2023-05-26 01:39:14,0007CDF948,KP6c
2023-05-26 01:39:25,0007CDF948,KP6c
2023-05-26 01:47:09,0007ABA539,KP10
2023-05-26 01:47:29,00074F663E,KP10
2023-05-26 01:47:40,00074F663E,KP10
2023-05-26 01:51:12,0007ABA539,KP10
2023-05-26 01:52:09,00079AAA3C,KP10
2023-05-26 01:52:19,0007ABA539,KP10
2023-05-26 01:52:53,000783F377,KP10
2023-05-26 02:13:16,0006E24C7B,KP10
2023-05-26 02:18:26,000783A42D,KP10
2023-05-26 02:19:51,00079AAA3C,KP10
2023-05-26 02:22:55,000786B8A2,KP10
2023-05-26 02:24:38,0007ABF44A,KP10
2023-05-26 02:26:53,0007ABA539,KP10
2023-05-26 02:32:03,0007ABA539,KP10
2023-05-26 02:32:54,00071E15BF,KP10
2023-05-26 02:33:08,0006B3AC35,KP10
2023-05-26 02:41:22,0007C18B80,KP6c
2023-05-26 02:42:17,00074F663E,KP10
2023-05-26 02:42:18,0007AC34C9,KP6c
2023-05-26 02:44:04,0006E241C1,KP10
2023-05-26 02:44:29,000799A5EF,KP10
2023-05-26 02:44:48,0007CE0A62,KP6c
2023-05-26 02:49:01,000783CB2B,KP10
2023-05-26 02:53:41,0006E24ECA,KP6c
2023-05-26 02:56:13,0007ABD629,KP10
2023-05-26 02:56:33,00074F663E,KP10
2023-05-26 03:03:15,00075B29B2,KP10
2023-05-26 03:07:30,000799A5EF,KP10
2023-05-26 03:08:57,0006E24C7B,KP10
2023-05-26 03:18:23,0007ABF44A,KP10
2023-05-26 03:19:51,0007ABA539,KP10
2023-05-26 03:20:28,0006E241C1,KP10
2023-05-26 03:40:46,0007ABF44A,KP10
2023-05-26 03:44:17,000783A42D,KP10
2023-05-26 03:44:26,0007C18B80,KP10
2023-05-26 03:57:07,0007ABC809,KP10
2023-05-26 03:58:13,0007AC9A80,KP10
2023-05-26 04:37:23,00074F663E,KP10
2023-05-26 04:38:38,0007CE0A62,KP6c
2023-05-26 04:38:54,00079AAA3C,KP10
2023-05-26 04:39:21,0007CDDFAD,KP10
2023-05-26 04:39:44,0007AC34C9,KP6c
2023-05-26 04:40:52,0007CDEE51,KP10
2023-05-26 04:44:58,000799A5EF,KP10
2023-05-26 04:48:34,0006E239ED,KP6c
2023-05-26 04:48:36,0006E241C1,KP10
2023-05-26 04:52:29,0007ABD4DC,KP10
2023-05-26 04:53:34,0007CDF948,KP6c
2023-05-26 05:03:35,0007ABD4DC,KP10
2023-05-26 14:15:18,0007C1922C,KP10c
2023-05-26 21:35:56,0007CDCC06,KP10c
2023-05-26 21:36:01,000786B8A2,KP10c
2023-05-26 21:37:25,00075CE063,KP10c
2023-05-26 21:37:30,0006E24C7B,KP10c
2023-05-26 21:37:55,0007CDFB4B,KP10c
2023-05-26 21:38:02,0007ABF44A,KP10c
2023-05-26 21:38:12,0007C1922C,KP10c
2023-05-26 21:38:17,0007CDFB4B,KP10c
2023-05-26 21:39:37,0007CDDFAD,KP10c
2023-05-26 21:40:00,0007CDB484,KP6c
2023-05-26 21:40:10,0007CE0A62,KP6c
2023-05-26 21:40:59,000799A5EF,KP10c
2023-05-26 21:41:06,0006E24ECA,KP10c
2023-05-26 21:41:10,0006E239ED,KP6c
2023-05-26 21:41:13,0006B3AC35,KP10c
2023-05-26 21:41:24,0006E241C1,KP10c
2023-05-26 21:41:27,00071E2D31,KP6c
2023-05-26 21:42:06,00075B22B0,KP6c
2023-05-26 21:42:19,0007AC44BD,KP10c
2023-05-26 21:45:12,0007CE0636,KP10c
2023-05-26 21:46:05,000788A24D,KP10c
2023-05-26 21:46:10,0007AC0387,KP10c
2023-05-26 21:46:16,0007CDEE51,KP10c
2023-05-26 21:46:21,0007CDF4D9,KP10c
2023-05-26 21:46:53,0007ABD629,KP10c
2023-05-26 21:46:57,000783A42D,KP10c
2023-05-26 21:47:04,0007AC5939,KP10c
2023-05-26 21:47:25,00074F663E,KP10c
2023-05-26 21:47:42,0007C18B80,KP6c
2023-05-26 21:47:44,000783F377,KP10c
2023-05-26 21:47:55,000783CB2B,KP10c
2023-05-26 21:48:00,00071E15BF,KP10c
2023-05-26 21:48:23,0007ABA539,KP10c
2023-05-26 21:48:49,00079AAA3C,KP10c
2023-05-26 21:49:08,0007ACAC37,KP6c
2023-05-26 21:49:16,0007AC418B,KP6c
2023-05-26 21:49:20,0007AC8BE4,KP6c
2023-05-26 21:49:22,0007AC9A80,KP10c
2023-05-26 21:49:35,0007AC34C9,KP6c
2023-05-26 21:50:19,00075D879F,KP6c
2023-05-26 21:52:37,0007CDF948,KP6c
2023-05-26 21:52:49,0007ABD4DC,KP10c
2023-05-26 21:53:00,0007AC494F,KP6c
2023-05-26 23:39:37,0007AC0734,KP10c
2023-05-26 23:39:48,0007AC0734,KP10c
2023-05-26 23:40:09,0007AC0734,KP10c
2023-05-27 01:31:40,0007CDF948,KP6c
2023-05-27 01:33:08,0007CDF948,KP6c
2023-05-27 01:33:19,0007CDF948,KP6c
2023-05-27 01:38:52,0007CDF948,KP6c
2023-05-27 02:01:15,0007ABA539,KP6c
2023-05-27 02:04:56,0007CDF948,KP6c
2023-05-27 02:05:12,00071E15BF,KP6c
2023-05-27 02:15:06,0007AC0734,KP10c
2023-05-27 02:19:03,0007ABF44A,KP6c
2023-05-27 02:22:47,0007AC0734,KP10c
2023-05-27 02:22:58,0007AC0734,KP10c
2023-05-27 04:34:30,0007AC9A80,KP6c
2023-05-27 04:35:34,0007CDF948,KP6c
2023-05-27 04:36:16,0007AC8BE4,KP6c
2023-05-27 04:37:12,00071E15BF,KP6c
2023-05-27 04:37:28,00071E2D31,KP6c
2023-05-27 04:37:29,0007CDB0C8,KP10c
2023-05-27 04:38:19,0007CDDFAD,KP10c
2023-05-27 04:39:39,0006E241C1,KP10c
2023-05-27 04:41:59,0007C18B80,KP6c
2023-05-27 04:42:54,0007CE0F3D,KP6c
2023-05-27 04:43:02,0007CDB0C8,KP10c
2023-05-27 04:45:15,0007C1922C,KP6c
2023-05-27 04:50:33,0007CDCC06,KP10c
2023-05-27 21:40:07,0007CE0F3D,KP6c
2023-05-27 21:40:32,0007C18B80,KP6c
2023-05-27 21:43:39,0007C18C52,KP6c
2023-05-27 21:45:10,0006E24C7B,KP6c
2023-05-27 21:46:52,0007CE0A62,KP6c
2023-05-27 21:47:12,0007AC8BE4,KP6c
2023-05-27 21:47:18,0007AC34C9,KP6c
2023-05-27 21:49:03,0007ACAC37,KP6c
2023-05-27 21:49:56,0007ABF44A,KP6c
2023-05-27 21:51:42,00071E2D31,KP6c
2023-05-27 21:51:49,0007CDF948,KP6c
2023-05-27 21:51:56,0007AC9A80,KP6c
2023-05-27 21:59:05,00071E15BF,KP6c
2023-05-27 21:59:43,0007AC494F,KP6c
2023-05-28 02:58:36,0007AC0387,KP6c
2023-05-28 02:59:14,0007ABA539,KP6c
2023-05-28 04:40:52,0007CE0A62,KP6c
2023-05-28 21:41:24,0007CE054D,K102
2023-05-28 21:42:59,0007C18B80,KP6c
2023-05-28 21:43:22,0007AC0734,K102
2023-05-28 21:43:39,0007AC80F1,K102
2023-05-28 21:44:29,0007CE0A62,KP6c
2023-05-28 21:44:31,0007C18C52,KP6c
2023-05-28 21:44:52,000783F429,K102
2023-05-28 21:44:55,0007CDB0C8,KP10c
2023-05-28 21:45:26,0007CDDFAD,KP10c
2023-05-28 21:45:42,0007ABDCCF,K102
2023-05-28 21:45:56,0007CE0F3D,KP6c
2023-05-28 21:46:04,0007CDDFAD,KP10c
2023-05-28 21:46:15,0007CDDFAD,KP10c
2023-05-28 21:46:27,0007CDDFAD,KP10c
2023-05-28 21:46:29,0006E241C1,KP10c
2023-05-28 21:46:54,00075B22B0,KP6c
2023-05-28 21:47:30,00075CE063,KP10c
2023-05-28 21:48:36,0007AC0387,KP6c
2023-05-28 21:49:55,0007ACAC37,KP6c
2023-05-28 21:50:00,0007CDCC06,KP10c
2023-05-28 21:50:57,0007AC34C9,KP6c
2023-05-28 21:51:53,0007ABA539,KP6c
2023-05-28 21:52:31,00075D879F,KP6c
2023-05-28 21:52:40,0007CE0636,KP10c
2023-05-28 21:53:24,0007AC494F,KP6c
2023-05-28 21:53:39,0007CDF948,KP6c
2023-05-28 21:54:20,0007ABC809,KP10c
2023-05-28 21:57:57,00075D076C,KP10c
2023-05-28 21:58:04,000783A42D,KP10c
2023-05-29 00:23:35,0007AC0734,KP10c
2023-05-29 02:08:43,0007AC0734,K102
2023-05-29 02:08:56,0007AC44BD,K102
2023-05-29 02:09:48,0007AC44BD,K102
2023-05-29 02:10:05,0007AC44BD,K102
2023-05-29 02:10:20,0007AC0734,K102
2023-05-29 04:40:04,0007ABA539,KP6c
2023-05-29 04:41:19,0007AC494F,KP6c
2023-05-29 04:45:13,0007CDEB80,KP6c
2023-05-29 04:46:17,0007CE0A62,KP6c
2023-05-29 04:49:15,0007AC44BD,K102
2023-05-29 04:54:25,0007CDFB4B,K102
2023-05-29 21:38:35,0007C18B80,KP6c
2023-05-29 21:46:55,000783F429,K102
2023-05-29 21:48:43,0007ABF44A,KP6c
2023-05-29 21:48:59,0007AC44BD,K102
2023-05-29 21:49:06,0007CDFB4B,K102
2023-05-29 21:50:00,0007AC0387,KP6c
2023-05-29 21:50:22,0007CE0A62,KP6c
2023-05-29 21:51:57,0007AC8BE4,KP6c
2023-05-29 21:52:07,00071E15BF,KP6c
2023-05-29 21:52:26,0007AC494F,KP6c
2023-05-29 21:54:18,0007ACAC37,KP6c
2023-05-29 21:54:26,0007CE0F3D,KP6c
2023-05-29 21:55:34,0007AC34C9,KP6c
2023-05-29 21:57:17,0007ABA539,KP6c
2023-05-29 21:57:59,0007CDEB80,KP6c
2023-05-30 04:43:02,0007AC0734,K102
2023-05-30 21:47:09,0007CE0F3D,K25
2023-05-30 21:49:10,0007ABDCCF,K25
2023-05-30 21:49:13,0007C18B80,K25
2023-05-30 21:50:19,0007ABF44A,K25
2023-05-30 21:53:02,0007C1922C,K25
2023-05-30 21:56:27,0007ABA539,K25
2023-05-30 21:57:02,0007CDFB4B,K25
2023-05-30 21:57:05,00075B22B0,K25
2023-05-30 21:57:15,0007AC3CC1,K25
2023-05-30 21:59:32,0007CDB484,K25
2023-05-30 22:00:13,00071E2D31,K25
2023-05-30 22:00:59,0007AC494F,K25
2023-05-30 22:01:02,00075D879F,K25
2023-05-30 22:02:12,00075B29B2,K25
2023-05-30 22:02:24,0007ABC809,K25
2023-05-30 22:02:42,000788A24D,K25
2023-05-30 22:03:04,00075D076C,K25
2023-05-31 00:39:32,00075D879F,K25
2023-05-31 04:28:02,0007CDFB4B,K25
2023-05-31 04:37:30,0007ABF44A,K25
2023-05-31 04:42:59,0007ABD4DC,K25
2023-05-31 04:43:10,0007ABD4DC,K25
2023-05-31 04:43:27,0007ABD4DC,K25
2023-05-31 21:42:52,0007CDB0C8,K102
2023-05-31 21:43:35,000786B8A2,K102
2023-05-31 21:44:45,0007AC0734,K102
2023-05-31 21:45:26,0007C18B80,K25
2023-05-31 21:45:36,0006B3BF04,K102
2023-05-31 21:46:05,0007ABA539,K102
2023-05-31 21:47:29,0007ACA816,K102
2023-05-31 21:48:27,0007CE0F3D,K25
2023-05-31 21:49:08,0007AC80F1,K102
2023-05-31 21:49:25,0007AC0387,K25
2023-05-31 21:50:09,0007ABDCCF,K102
2023-05-31 21:50:16,0007CE12D7,K102
2023-05-31 21:50:46,00071E15BF,K102
2023-05-31 21:50:55,0007ABF44A,K25
2023-05-31 21:51:06,0007C1922C,K25
2023-05-31 21:53:02,00079AAA3C,K102
2023-05-31 21:53:06,000783CB2B,K25
2023-05-31 21:54:32,0007CDB484,K25
2023-05-31 21:57:29,00071E2D31,K25
2023-05-31 21:58:30,0007AC3CC1,K25
2023-05-31 21:58:35,00075B29B2,K25
2023-05-31 21:58:44,000788A24D,K25
2023-05-31 21:59:33,0007ACAC37,K25
2023-05-31 21:59:36,0007CDFB4B,K25
2023-05-31 22:01:49,0007ABC809,K25
2023-05-31 22:03:43,0007AC418B,K25
2023-05-31 22:03:45,0007AC494F,K25
2023-05-31 22:04:16,00075D076C,K25
2023-05-31 22:04:22,0007ABD4DC,K25
2023-05-31 23:45:39,0007AC44BD,K102
2023-05-31 23:46:54,0007AC44BD,K102
2023-06-01 00:29:53,0007CE12D7,K102
2023-06-01 00:30:40,0007CE12D7,K102
2023-06-01 00:30:51,0007CE12D7,K102
2023-06-01 00:31:03,0007CE12D7,K102
2023-06-01 04:23:43,0007CDFB4B,K25
2023-06-01 04:27:08,0007AC44BD,K102
2023-06-01 04:29:12,00079AAA3C,K102
2023-06-01 04:30:07,0007CE0F3D,K25
2023-06-01 04:33:38,0007ABA539,K102
2023-06-01 04:36:36,00071E2D31,K25
2023-06-01 04:38:48,0006B3BF04,K102
2023-06-01 04:39:03,0007AC0734,K102
2023-06-01 04:44:05,0007CE0A62,K25
2023-06-01 21:43:21,0007CE0F3D,K25
2023-06-01 21:49:30,0007CDFB4B,K25
2023-06-01 21:49:54,0007CE0A62,K25
2023-06-01 21:50:54,000783A42D,K102
2023-06-01 21:50:56,0007C1922C,K25
2023-06-01 21:51:48,0007CDB0C8,K102
2023-06-01 21:51:51,0007AC44BD,K102
2023-06-01 21:52:05,000786B8A2,K102
2023-06-01 21:52:13,0007AC0734,K102
2023-06-01 21:52:26,0007ACA816,K102
2023-06-01 21:52:31,0007ABA539,K102
2023-06-01 21:52:49,0007C18B80,K25
2023-06-01 21:53:08,0007ABF44A,K25
2023-06-01 21:53:32,0007AC0387,K25
2023-06-01 21:53:45,00071E2D31,K25
2023-06-01 21:54:40,00075D879F,K25
2023-06-01 21:55:04,0007CDB484,K25
2023-06-01 21:57:05,00075B29B2,K25
2023-06-01 21:57:16,0007AC418B,K25
2023-06-01 21:57:51,0007AC80F1,K102
2023-06-01 21:58:12,00071E15BF,K102
2023-06-01 21:59:19,00079AAA3C,K102
2023-06-01 22:00:24,0007ABC809,K25
2023-06-01 22:00:45,0007AC494F,K25
2023-06-01 22:01:02,00075D076C,K25
2023-06-01 22:01:19,0007ACAC37,K25
2023-06-02 04:25:26,00074F663E,K25
2023-06-02 04:26:29,00074F663E,K25
2023-06-02 04:28:14,00079AAA3C,K102
2023-06-02 04:28:54,000786B8A2,K102
2023-06-02 04:29:11,0007CDB0C8,K102
2023-06-02 04:29:33,0007ABC5F2,K25
2023-06-02 04:30:07,0007AC44BD,K102
2023-06-02 04:30:46,0007CDF4D9,K102
2023-06-02 04:31:31,0007ABA539,K102
2023-06-02 04:31:44,0007AC80F1,K102
2023-06-02 04:32:23,0007AC418B,K25
2023-06-02 04:33:34,00074F663E,K102
2023-06-02 04:33:37,0007CE0A62,K25
2023-06-02 04:36:10,0007CDF948,K25
2023-06-02 04:37:52,0006B3BF04,K102
2023-06-02 04:37:52,00071E2D31,K25
2023-06-02 04:38:35,000799A5EF,K102
2023-06-02 04:53:33,0006E241C1,K102
2023-06-02 21:46:40,0007AC0387,K25
2023-06-02 21:48:43,0007CDB0C8,K102
2023-06-02 21:49:19,000799A5EF,K102
2023-06-02 21:51:10,0006E241C1,K102
2023-06-02 21:51:12,0007ABA539,K102
2023-06-02 21:51:16,0007ACA816,K102
2023-06-02 21:52:33,0007AC0734,K102
2023-06-02 21:52:50,0007CE0F3D,K25
2023-06-02 21:53:49,0007CDFB4B,K25
2023-06-02 21:53:58,0007ABC5F2,K25
2023-06-02 21:54:00,0007C1922C,K25
2023-06-02 21:54:20,0007CDF4D9,K102
2023-06-02 21:54:28,0007CE054D,K102
2023-06-02 21:54:31,000783F377,K102
2023-06-02 21:54:58,0006B3BF04,K102
2023-06-02 21:55:09,000786B8A2,K102
2023-06-02 21:55:30,0007AC44BD,K102
2023-06-02 21:55:33,0007ABF44A,K25
2023-06-02 21:55:35,0007C18B80,K25
2023-06-02 21:55:58,0007CE12D7,K102
2023-06-02 21:56:25,00079A0255,K102
2023-06-02 21:56:31,0007AC80F1,K102
2023-06-02 21:56:54,000783F429,K102
2023-06-02 21:57:08,0007CE0896,K25
2023-06-02 21:57:16,0007ABDCCF,K102
2023-06-02 21:58:07,0006E239ED,K25
2023-06-02 21:58:12,0007ACAC37,K25
2023-06-02 21:58:15,00071E15BF,K102
2023-06-02 21:58:44,00075D879F,K25
2023-06-02 21:58:54,0007AC3CC1,K25
2023-06-02 21:58:57,000783A42D,K102
2023-06-02 21:59:24,00075D076C,K25
2023-06-02 21:59:40,0007CE0A62,K25
2023-06-02 21:59:51,00079AAA3C,K102
2023-06-02 22:01:03,0007CDF948,K25
2023-06-02 22:01:44,00071E2D31,K25
2023-06-02 22:02:44,00075B29B2,K25
2023-06-02 22:03:54,000788A24D,K25
2023-06-02 22:04:54,0007AC418B,K25
2023-06-02 22:05:24,0007ABC809,K25
2023-06-03 04:20:21,0007AC0734,K102
2023-06-03 04:21:23,0007CDF4D9,K102
2023-06-03 04:26:54,0007AC44BD,K102
2023-06-03 04:27:32,0007ABA539,K102
2023-06-03 04:27:52,000799A5EF,K102
2023-06-03 04:28:36,000786B8A2,K102
2023-06-03 04:33:24,0007ABDCCF,K102
2023-06-03 04:37:27,0006B3BF04,K102
2023-06-03 04:41:06,0007CDB0C8,K102
2023-06-03 04:42:46,0007CE12D7,K102
2023-06-03 04:44:20,0007CE0F3D,K102
2023-06-03 04:44:32,00079AAA3C,K102
2023-06-03 04:45:02,00079AAA3C,K102
2023-06-03 04:46:37,0007CE0A62,K25
2023-06-03 04:58:56,0006E241C1,K102
2023-06-03 21:47:04,0007CE054D,K102
2023-06-03 21:48:36,0007CE0F3D,K102
2023-06-03 21:48:39,0007ABF44A,K25
2023-06-03 21:49:20,0006B3BF04,K102
2023-06-03 21:50:37,0007CDFB4B,K102
2023-06-03 21:50:48,0007CDFB4B,K102
2023-06-03 21:50:52,0007ABA539,K102
2023-06-03 21:51:09,0007ACA816,K102
2023-06-03 21:51:46,0007CDB0C8,K102
2023-06-03 21:52:41,0007AC0734,K102
2023-06-03 21:53:36,0007AC80F1,K102
2023-06-03 21:54:51,0007CE0A62,K25
2023-06-03 21:55:03,0007C18B80,K25
2023-06-03 21:55:12,000786B8A2,K102
2023-06-03 21:55:13,00075D879F,K25
2023-06-03 21:55:36,000799A5EF,K102
2023-06-03 21:56:31,0007ABC5F2,K25
2023-06-03 21:57:01,0007CDEB80,K102
2023-06-03 21:57:12,0007CDEB80,K102
2023-06-03 21:57:23,0007CDEB80,K102
2023-06-03 21:57:47,0006E239ED,K25
2023-06-03 21:57:48,000783F377,K25
2023-06-03 21:58:28,0007ACAC37,K25
2023-06-03 21:58:29,0007ABD629,K102
2023-06-03 21:58:35,0007CE12D7,K102
2023-06-03 21:58:45,00075B29B2,K25
2023-06-03 21:58:51,000783CB2B,K25
2023-06-03 21:59:03,0007ABDCCF,K102
2023-06-03 21:59:04,0007ABC809,K25
2023-06-03 21:59:15,0007AC44BD,K102
2023-06-03 21:59:26,00079A0255,K102
2023-06-03 21:59:28,0007AC0145,K102
2023-06-03 21:59:34,0007CDF4D9,K102
2023-06-03 21:59:37,000783F429,K102
2023-06-03 22:00:08,0006E241C1,K102
2023-06-03 22:00:15,00079AAA3C,K102
2023-06-03 22:00:19,000783A42D,K102
2023-06-03 22:03:10,00071E15BF,K102
2023-06-04 04:23:21,000788A24D,K25
2023-06-04 04:25:52,0007CE0A62,K25
2023-06-04 04:25:58,00079AAA3C,K102
2023-06-04 04:26:08,0007AC44BD,K102
2023-06-04 04:26:32,0007CDF4D9,K102
2023-06-04 04:27:20,000783F377,K102
2023-06-04 04:27:41,0006E241C1,K102
2023-06-04 04:28:56,0007AC494F,K25
2023-06-04 04:29:31,0007ABA539,K102
2023-06-04 04:29:45,000786B8A2,K102
2023-06-04 04:30:03,00075D879F,K25
2023-06-04 04:33:45,0007CDFB4B,K102
2023-06-04 04:34:15,00075D076C,K25
2023-06-04 04:34:22,0007CDFB4B,K102
2023-06-04 04:34:54,000783F429,K102
2023-06-04 04:37:31,0006B3BF04,K102
2023-06-04 04:38:11,0007CE054D,K102
2023-06-04 21:49:54,0007C1922C,K25
2023-06-04 21:50:24,0007C18B80,K25
2023-06-04 21:51:01,0006E239ED,K25
2023-06-04 21:51:19,0007ABC5F2,K25
2023-06-04 21:53:12,0007CE054D,K102
2023-06-04 21:53:51,0006B3BF04,K102
2023-06-04 21:55:03,0007CDB0C8,K102
2023-06-04 21:55:07,0007AC80F1,K102
2023-06-04 21:55:09,0007CDF4D9,K102
2023-06-04 21:56:01,00075D879F,K25
2023-06-04 21:56:30,0007CE0A62,K25
2023-06-04 21:57:45,0007ABDCCF,K102
2023-06-04 21:58:12,0007AC44BD,K102
2023-06-04 21:58:18,0007AC494F,K25
2023-06-04 21:58:18,0007AC0734,K102
2023-06-04 21:58:22,0007ACAC37,K25
2023-06-04 21:58:24,0007CDFB4B,K102
2023-06-04 21:58:30,0007ABD629,K102
2023-06-04 21:59:09,0007CE12D7,K102
2023-06-04 21:59:40,0007AC3CC1,K102
2023-06-04 21:59:49,00079A0255,K102
2023-06-04 21:59:52,0007ABA539,K102
2023-06-04 21:59:55,000783F377,K102
2023-06-04 21:59:58,0006E241C1,K102
2023-06-04 22:00:04,0007CDEB80,K102
2023-06-04 22:00:15,0007ACA816,K102
2023-06-04 22:00:22,000783F429,K102
2023-06-04 22:00:30,000786B8A2,K102
2023-06-04 22:00:40,0007AC0145,K102
2023-06-04 22:01:12,000788A24D,K25
2023-06-04 22:01:25,000783CB2B,K25
2023-06-05 04:27:22,00075D076C,K25
2023-06-05 04:30:20,0007AC8BE4,K25
2023-06-05 04:36:36,0007CE0A62,K25
2023-06-05 04:37:36,0007C18B80,K25
2023-06-05 04:46:01,00079AAA3C,K25
2023-06-05 21:52:32,0007CE0F3D,K25
2023-06-05 21:53:42,0007AC8BE4,K25
2023-06-05 21:53:59,0007AC8BE4,K25
2023-06-05 21:54:18,0006E24ECA,K25
2023-06-05 21:54:35,0007C18B80,K25
2023-06-05 21:56:13,0007AC0387,K25
2023-06-05 21:58:22,0007CDFB4B,K25
2023-06-05 22:00:09,0006E239ED,K25
2023-06-05 22:00:11,0007CE0896,K25
2023-06-05 22:01:25,00071E2D31,K25
2023-06-05 22:01:36,0007CE0A62,K25
2023-06-05 22:01:46,00075D879F,K25
2023-06-05 22:01:49,00079AAA3C,K25
2023-06-05 22:02:00,0007ABDCCF,K25
2023-06-05 22:07:41,0007AC494F,K25
2023-06-05 22:08:14,000788A24D,K25
2023-06-05 22:08:39,00075D076C,K25
2023-06-06 04:37:23,0007CE0A62,K25
2023-06-06 04:43:00,0007C18B80,K25
2023-06-06 04:44:55,00071E2D31,K25
2023-06-06 04:51:09,0007C18B80,K25
2023-06-06 04:51:10,0007C18C52,K25
2023-06-06 21:50:06,0007C18C52,K25
2023-06-06 21:50:20,0007C18B80,K25
2023-06-06 21:50:32,0007CDFB4B,K25
2023-06-06 21:52:58,0007CE0896,K25
2023-06-06 21:53:02,0007CE0A62,K25
2023-06-06 21:54:48,00075B22B0,K25
2023-06-06 21:56:21,00075D879F,K25
2023-06-06 21:57:16,0007AC0387,K25
2023-06-06 21:59:08,00071E2D31,K25
2023-06-06 21:59:31,0007AC494F,K25
2023-06-07 21:54:05,000783A42D,K4
2023-06-07 22:00:03,000783F377,K4
2023-06-07 22:00:59,0007CE0A62,K4
2023-06-07 22:02:01,000783F429,K4
2023-06-07 22:02:28,0007CDEB80,K4
2023-06-07 22:02:38,00071E15BF,K4
2023-06-07 22:03:08,0007ABD4DC,K4
2023-06-07 23:06:45,00079AAA3C,K4
2023-06-07 23:07:12,000783A42D,K4
2023-06-07 23:14:56,00079AAA3C,K4
2023-06-07 23:14:58,000783A42D,K4
2023-06-08 01:16:26,000783A42D,K4
2023-06-08 02:07:03,000783A42D,K4
2023-06-08 02:18:54,000783A42D,K4
2023-06-08 02:35:18,0007CE0F3D,K4
2023-06-08 02:35:55,00074F663E,K4
2023-06-08 02:36:15,0007ACAC37,K4
2023-06-08 22:02:02,00074F663E,K95
2023-06-08 22:02:05,0006E24C7B,K95
2023-06-08 22:02:27,0007CDDFAD,K95
2023-06-08 22:02:39,000799A5EF,K95
2023-06-08 22:03:23,0007C1922C,K95
2023-06-08 22:05:08,0007C1922C,K95
2023-06-08 22:05:10,0007C18B80,K95
2023-06-08 22:05:17,0007ACA816,K95
2023-06-08 22:05:20,0007CE0F3D,K95
2023-06-08 22:05:28,0007CDB484,K95
2023-06-08 22:06:27,0007ABF44A,K95
2023-06-08 22:06:31,0007CE0A62,K95
2023-06-08 22:06:51,00079AAA3C,K95
2023-06-08 22:07:22,0007CDFB4B,K95
2023-06-08 22:08:04,00075D879F,K95
2023-06-08 22:08:05,000786B8A2,K95
2023-06-08 22:08:13,0006E24ECA,K95
2023-06-08 22:08:15,0007AC0387,K95
2023-06-08 22:08:27,0007AC9A80,K95
2023-06-08 22:08:45,000783A42D,K95
2023-06-08 22:09:10,00075B22B0,K95
2023-06-08 22:10:47,00079A0255,K95
2023-06-08 22:11:08,0006B3AC35,K95
2023-06-08 22:11:15,0007CDEB80,K95
2023-06-08 22:11:40,0007ABA539,K95
2023-06-08 22:11:52,0007ACAC37,K95
2023-06-08 22:14:33,0006E239ED,K95
2023-06-08 22:14:36,0007AC494F,K95
2023-06-08 22:15:04,00075D076C,K95
2023-06-08 22:15:48,0007AC418B,K95
2023-06-09 04:35:11,0007CDDFAD,K95
2023-06-09 04:35:43,0007AC8BE4,K95
2023-06-09 04:36:32,0007AC418B,K95
2023-06-09 04:37:57,00079AAA3C,K95
2023-06-09 04:38:05,0006E24C7B,K95
2023-06-09 04:38:23,0006B3AC35,K95
2023-06-09 04:38:43,0007CE0A62,K95
2023-06-09 04:39:09,00075D076C,K95
2023-06-09 04:39:13,000799A5EF,K95
2023-06-09 04:40:23,000786B8A2,K95
2023-06-09 04:41:02,0007AC494F,K95
2023-06-09 04:41:04,0007ABA539,K95
2023-06-09 04:41:17,0007CDFB4B,K95
2023-06-09 04:54:59,000799A5EF,K95
2023-06-09 21:57:16,0007AC8BE4,K95
2023-06-09 21:58:03,0007C18C52,K95
2023-06-09 21:58:54,0007ABF44A,K95
2023-06-09 22:00:04,0007CE0A62,K95
2023-06-09 22:00:07,00075CE063,K95
2023-06-09 22:00:14,0007CDB484,K95
2023-06-09 22:00:20,0006E24C7B,K95
2023-06-09 22:00:33,0007C18B80,K95
2023-06-09 22:00:44,0007ABA539,K95
2023-06-09 22:00:50,0007CDFB4B,K95
2023-06-09 22:01:05,00075D879F,K95
2023-06-09 22:01:29,0007CDDFAD,K95
2023-06-09 22:02:00,00075B22B0,K95
2023-06-09 22:02:11,0007AC0387,K95
2023-06-09 22:02:27,0007AC9A80,K95
2023-06-09 22:02:32,0007CE0896,K95
2023-06-09 22:04:01,00079AAA3C,K95
2023-06-09 22:04:08,0007C1922C,K95
2023-06-09 22:05:10,0007CE0F3D,K95
2023-06-09 22:05:43,00071E15BF,K95
2023-06-09 22:05:56,000786B8A2,K95
2023-06-09 22:07:21,000783A42D,K95
2023-06-09 22:07:31,0007ACAC37,K95
2023-06-09 22:08:31,0007CE0F3D,K95
2023-06-09 22:08:46,0006B3AC35,K95
2023-06-09 22:14:41,0007AC494F,K95
2023-06-09 22:15:11,00075D076C,K95
2023-06-09 22:15:42,0007AC418B,K95
2023-06-10 00:07:06,0007ACA816,K95
2023-06-10 00:07:39,0007ACA816,K95
2023-06-10 04:59:44,00075B22B0,K95
2023-06-10 05:02:12,0007CE0A62,K95
2023-06-10 05:05:36,0007CDDFAD,K95
2023-06-10 21:50:10,0007CDDFAD,K95
2023-06-10 21:50:14,0007CE0A62,K95
2023-06-10 21:54:33,00075D879F,K95
2023-06-10 21:54:41,00075B22B0,K95
2023-06-11 00:26:16,0006B3AC35,K95
2023-06-11 00:27:29,0007ABA539,K95
2023-06-11 00:29:21,0007ABA539,K95
2023-06-11 00:30:14,0007CE0896,K95
2023-06-11 00:30:57,00079AAA3C,K95
2023-06-11 00:31:35,0007AC0387,K95
2023-06-11 00:31:47,0007ACA816,K95
2023-06-11 00:36:58,0006B3AC35,K95
2023-06-11 00:41:51,0007CDFB4B,K95
2023-06-11 00:42:07,0007CDFB4B,K95
2023-06-11 00:43:35,00079AAA3C,K95
2023-06-11 04:55:49,0006B3AC35,K95
2023-06-11 04:56:27,0006B3AC35,K95
2023-06-12 22:00:07,00075D879F,K41
2023-06-12 22:00:09,0007C18C52,K41
2023-06-12 22:00:45,0007CDB484,K41
2023-06-12 22:01:21,00075B22B0,K41
2023-06-12 22:02:29,0007ABF44A,K41
2023-06-12 22:04:05,0007ACAC37,K41
2023-06-12 22:05:09,0007AC418B,K41
2023-06-12 22:06:53,00075D076C,K41
2023-06-12 22:07:22,0007AC494F,K41
2023-06-13 21:44:15,0007C1922C,K41
2023-06-13 21:44:28,0007C1922C,K41
2023-06-13 21:45:46,0007C1922C,K41
2023-06-13 21:50:46,0007C18B80,K41
2023-06-13 21:53:06,0007CE0F3D,K41
2023-06-13 21:54:14,0007CDB484,K41
2023-06-13 21:54:37,0007ABF44A,K41
2023-06-13 21:55:02,00075B22B0,K41
2023-06-13 21:55:10,0007ACAC37,K41
2023-06-13 22:00:46,0007AC494F,K41
2023-06-13 22:00:58,0007AC418B,K41
2023-06-13 22:04:42,00075D076C,K41
2023-06-14 02:00:01,0007C18C52,K41
2023-06-14 02:01:24,0007AC494F,K41
2023-06-14 04:37:47,00075B22B0,K41
2023-06-14 22:00:06,0007C18C52,K41
2023-06-14 22:00:16,0007C1922C,K41
2023-06-14 22:01:40,0007CE0F3D,K41
2023-06-14 22:01:57,00075B22B0,K41
2023-06-14 22:03:07,00075D879F,K41
2023-06-14 22:04:01,0007C18B80,K41
2023-06-14 22:04:20,0007ABF44A,K41
2023-06-14 22:04:23,0007ACAC37,K41
2023-06-14 22:06:21,0007AC418B,K41
2023-06-14 22:06:37,0007CDB484,K41
2023-06-14 22:09:43,00075D076C,K41
2023-06-14 22:09:48,0007AC494F,K41
2023-06-15 02:45:29,0007C18B80,K41
2023-06-15 02:48:17,00071E2D31,K41
2023-06-15 03:10:28,0007ABF44A,K41
2023-06-15 03:16:18,00071E2D31,K41
2023-06-15 04:24:10,00075D879F,K41
2023-06-15 21:51:39,0007CE0A62,K4
2023-06-15 21:51:57,0007CDDFAD,K4
2023-06-15 21:53:54,0007C1922C,K41
2023-06-15 21:54:02,0007ABD4DC,K4
2023-06-15 21:54:07,0007CDB0C8,K4
2023-06-15 21:54:13,000783A42D,K4
2023-06-15 21:54:36,0007C18C52,K41
2023-06-15 21:56:59,0007CE0F3D,K41
2023-06-15 22:00:23,0007C18B80,K41
2023-06-15 22:02:25,0007ABF44A,K41
2023-06-15 22:02:27,00079AAA3C,K4
2023-06-15 22:02:56,0007CDB484,K41
2023-06-15 22:03:23,00071E2D31,K41
2023-06-15 22:06:36,0007AC494F,K41
2023-06-15 22:06:52,0007AC418B,K41
2023-06-15 22:08:03,00075D076C,K41
2023-06-15 23:57:37,000783A42D,K4
2023-06-15 23:57:48,000783A42D,K4
2023-06-15 23:58:38,00079AAA3C,K4
2023-06-16 00:00:48,0006B3AC35,K4
2023-06-16 00:00:50,000783A42D,K4
2023-06-16 00:01:04,00079AAA3C,K4
2023-06-16 00:56:08,000783A42D,K4
2023-06-16 00:56:23,00079AAA3C,K4
2023-06-16 01:01:58,000783A42D,K4
2023-06-16 01:58:15,00079AAA3C,K4
2023-06-16 02:03:29,00079AAA3C,K4
2023-06-16 02:03:30,000783A42D,K4
2023-06-16 02:29:50,00079AAA3C,K4
2023-06-16 02:31:33,000783A42D,K4
2023-06-16 02:46:03,000783A42D,K4
2023-06-16 02:47:40,00079AAA3C,K4
2023-06-16 03:38:50,0007CDB0C8,K4
2023-06-16 03:38:53,0006B3AC35,K4
2023-06-16 03:39:28,0007CE0636,K4
2023-06-16 04:08:57,0007AC494F,K41
2023-06-16 04:19:54,00079AAA3C,K4
2023-06-16 04:21:38,0007AC418B,K41
2023-06-16 04:25:43,00079AAA3C,K4
2023-06-16 04:36:03,0007CE0A62,K4
2023-06-16 21:50:30,0007CE0A62,K4
2023-06-16 21:50:51,0007CDB0C8,K4
2023-06-16 21:52:49,000783A42D,K4
2023-06-16 21:53:01,0007AC9A80,K4
2023-06-16 21:53:37,00075D879F,K41
2023-06-16 21:53:39,0007C18C52,K41
2023-06-16 21:56:10,0007C18B80,K41
2023-06-16 21:57:23,0007ACAC37,K41
2023-06-16 21:57:53,0007CE0F3D,K41
2023-06-16 21:57:59,00075B22B0,K41
2023-06-16 21:58:09,00071E2D31,K41
2023-06-16 21:58:41,0007ABF44A,K41
2023-06-16 21:59:41,0007CDB484,K41
2023-06-16 22:04:58,0007AC494F,K41
2023-06-16 22:55:04,00079AAA3C,K4
2023-06-16 22:55:14,0007CE0A62,K4
2023-06-16 22:57:54,0007CE0A62,K4
2023-06-17 00:00:52,00079AAA3C,K4
2023-06-17 00:01:10,000783A42D,K4
2023-06-17 00:14:09,000783CB2B,K4
2023-06-17 00:14:11,000783A42D,K4
2023-06-17 00:14:20,00079AAA3C,K4
2023-06-17 01:21:42,0007CE0A62,K4
2023-06-17 01:28:22,000783A42D,K4
2023-06-17 01:35:40,0007CE0A62,K4
2023-06-17 01:36:09,0007CDEB80,K4
2023-06-17 01:36:15,000783A42D,K4
2023-06-17 01:36:27,000783A42D,K4
2023-06-17 01:36:38,000783A42D,K4
2023-06-17 01:38:47,000783A42D,K4
2023-06-17 01:39:14,00079AAA3C,K4
2023-06-17 01:44:14,0006E24ECA,K4
2023-06-17 01:44:45,000783A42D,K4
2023-06-17 01:50:26,0006E241C1,K4
2023-06-17 01:50:43,0007CE0A62,K4
2023-06-17 01:53:07,00079AAA3C,K4
2023-06-17 01:53:19,0007CE0A62,K4
2023-06-17 01:53:26,0007ABDCCF,K4
2023-06-17 01:53:29,0006E24ECA,K4
2023-06-17 01:53:49,0006E241C1,K4
2023-06-17 02:02:47,000783A42D,K4
2023-06-17 02:03:17,000783F429,K4
2023-06-17 02:19:00,00079AAA3C,K4
2023-06-17 02:21:26,0007CE0A62,K4
2023-06-17 02:25:05,000783A42D,K4
2023-06-17 02:26:07,0006E241C1,K4
2023-06-17 02:30:46,0007CE0A62,K4
2023-06-17 02:35:13,00079AAA3C,K4
2023-06-17 02:38:47,0007CE0636,K4
2023-06-17 02:44:38,0006E241C1,K4
2023-06-17 02:46:18,000783A42D,K4
2023-06-17 02:48:01,0007ABD629,K4
2023-06-17 02:58:27,0007CE0A62,K4
2023-06-17 03:00:35,0007CE0A62,K4
2023-06-17 03:07:54,0007CE0A62,K4
2023-06-17 03:08:01,000783A42D,K4
2023-06-17 03:17:29,0007CE0A62,K4
2023-06-17 03:21:13,000783A42D,K4
2023-06-17 04:18:46,0007AC418B,K41
2023-06-17 04:19:35,0007AC418B,K41
2023-06-17 04:22:35,00079AAA3C,K4
2023-06-17 04:27:50,0007AC418B,K41
2023-06-17 04:32:02,0007C18C52,K41
2023-06-17 04:34:14,0007ABD629,K4
2023-06-17 04:41:05,0007CE0A62,K4
2023-06-17 21:50:35,0007C1922C,K41
2023-06-17 21:52:09,0007C18C52,K41
2023-06-17 21:52:49,00079AAA3C,K4
2023-06-17 21:52:56,0007CE0A62,K4
2023-06-17 21:53:01,0007C18B80,K41
2023-06-17 21:53:27,0007CE0F3D,K41
2023-06-17 21:53:30,0007ACAC37,K41
2023-06-17 21:54:14,000783A42D,K4
2023-06-17 21:54:30,0006E24ECA,K4
2023-06-17 21:54:54,0007CDEB80,K4
2023-06-17 21:55:51,00075B22B0,K41
2023-06-17 21:56:02,00075D879F,K41
2023-06-17 21:57:01,0007ABF44A,K41
2023-06-17 21:59:37,0007CDB484,K41
2023-06-17 21:59:50,00071E2D31,K41
2023-06-18 01:15:26,000783A42D,K4
2023-06-18 01:15:49,0007CE0A62,K4
2023-06-18 01:15:59,00079AAA3C,K4
2023-06-18 01:19:45,0007CE0A62,K4
2023-06-18 01:19:50,000783A42D,K4
2023-06-18 01:25:18,00079AAA3C,K4
2023-06-18 01:25:39,0007CE0636,K4
2023-06-18 02:08:18,0007CE0A62,K4
2023-06-18 02:19:38,0007CE0A62,K4
2023-06-19 21:49:39,00079AAA3C,K4
2023-06-19 21:49:50,000783CB2B,K4
2023-06-19 21:49:52,0007CDB0C8,K4
2023-06-19 21:49:57,000783A42D,K4
2023-06-19 21:50:12,0007CE0A62,K4
2023-06-19 21:51:54,0006B3AC35,K4
2023-06-20 01:30:44,00079AAA3C,K4
2023-06-20 01:30:55,0007CE0A62,K4
2023-06-20 01:31:23,0007CE0A62,K4
2023-06-20 01:31:53,00079AAA3C,K4
2023-06-20 02:18:40,0007CE0A62,K4
2023-06-20 02:26:19,000783F429,K4
2023-06-20 02:31:09,0007CE0A62,K4
2023-06-20 02:32:39,000783CB2B,K4
2023-06-20 02:32:53,00079AAA3C,K4
2023-06-20 02:33:00,000783A42D,K4
2023-06-20 02:33:03,000783CB2B,K4
2023-06-20 02:41:42,000783A42D,K4
2023-06-20 02:44:01,00079AAA3C,K4
2023-06-20 02:44:52,000799A5EF,K4
2023-06-20 02:45:01,0007AC8BE4,K4
2023-06-20 02:45:32,0007CDB0C8,K4
2023-06-20 02:45:57,0007AC8BE4,K4
2023-06-20 02:46:10,0007AC8BE4,K4
2023-06-20 02:46:15,0007CDB0C8,K4
2023-06-20 02:49:00,000783CB2B,K4
2023-06-20 02:49:17,000799A5EF,K4
2023-06-20 03:03:54,00079AAA3C,K4
2023-06-20 03:08:55,0007AC8BE4,K4
2023-06-20 03:10:30,00071E15BF,K4
2023-06-20 03:10:32,0007CE0636,K4
2023-06-20 03:11:47,00079AAA3C,K4
2023-06-20 03:14:41,000783A42D,K4
2023-06-20 03:21:37,0007AC8BE4,K4
2023-06-20 03:39:33,0007AC8BE4,K4
2023-06-20 04:11:01,0006E241C1,K4
2023-06-20 04:40:01,00079AAA3C,K4
2023-06-20 04:49:43,0007CE0A62,K4
2023-06-20 16:53:01,0007CE0A62,K4
2023-06-20 16:57:46,0007CE0A62,K4
2023-06-20 16:58:36,0007CE0A62,K4
2023-06-20 17:03:54,0007CE0A62,K4
2023-06-20 17:04:05,0007CE0A62,K4
2023-06-20 17:04:16,0007CE0A62,K4
2023-06-20 17:04:27,0007CE0A62,K4
2023-06-20 21:26:23,0007C1922C,K41
2023-06-20 21:39:19,0006E241C1,K4
2023-06-20 21:39:27,0007AC8BE4,K4
2023-06-20 21:40:58,0007C18B80,K41
2023-06-20 21:41:09,0007CE0F3D,K41
2023-06-20 21:41:26,0007CDB0C8,K4
2023-06-20 21:41:34,0007C18C52,K41
2023-06-20 21:41:52,0007CDB484,K41
2023-06-20 21:43:11,0007AC418B,K41
2023-06-20 21:43:38,0007CE0A62,K4
2023-06-20 21:43:42,0007CE0636,K4
2023-06-20 21:43:47,000783A42D,K4
2023-06-20 21:49:17,0007AC494F,K41
2023-06-20 21:49:28,0007AC494F,K41
2023-06-20 21:49:39,0007AC494F,K41
2023-06-20 21:50:20,0006B3AC35,K4
2023-06-20 21:51:49,000783CB2B,K4
2023-06-20 21:51:54,00079AAA3C,K4
2023-06-20 22:12:06,0007CE0A62,K4
2023-06-20 22:18:46,000783CB2B,K4
2023-06-20 22:25:57,0007CE0A62,K4
2023-06-20 22:27:21,000783CB2B,K4
2023-06-20 23:02:55,000783CB2B,K4
2023-06-20 23:03:17,0007CE0A62,K4
2023-06-20 23:05:59,000783A42D,K4
2023-06-20 23:06:11,000783A42D,K4
2023-06-20 23:06:45,0007CE0A62,K4
2023-06-20 23:07:56,0007C1922C,K41
2023-06-20 23:09:19,0007CDB484,K41
2023-06-20 23:09:25,0007C18C52,K41
2023-06-20 23:29:19,0007AC8BE4,K4
2023-06-20 23:46:07,0007CE0A62,K4
2023-06-20 23:48:23,000783CB2B,K4
2023-06-20 23:48:44,0007CE0A62,K4
2023-06-20 23:50:08,0007AC8BE4,K4
2023-06-20 23:58:17,000783CB2B,K4
2023-06-20 23:58:55,00075D076C,K41
2023-06-20 23:59:18,00075D076C,K41
2023-06-20 23:59:20,00075D879F,K41
2023-06-20 23:59:36,0007AC494F,K41
2023-06-21 00:00:03,000799A5EF,K4
2023-06-21 00:00:12,0006E241C1,K4
2023-06-21 00:01:45,000799A5EF,K4
2023-06-21 00:01:54,0006E241C1,K4
2023-06-21 00:05:10,0007CE0A62,K4
2023-06-21 00:08:13,0007CE0A62,K4
2023-06-21 00:14:18,00071E15BF,K4
2023-06-21 00:14:24,0007AC5939,K4
2023-06-21 00:14:35,0007AC5939,K4
2023-06-21 00:15:41,000783A42D,K4
2023-06-21 00:16:18,0007AC8BE4,K4
2023-06-21 00:16:21,000783A42D,K4
2023-06-21 00:16:33,0007CE054D,K4
2023-06-21 00:16:46,0007AC5939,K4
2023-06-21 00:17:30,0007ABD629,K4
2023-06-21 00:17:41,0007ABD629,K4
2023-06-21 00:21:43,0007CE0A62,K4
2023-06-21 00:30:36,0007C1922C,K41
2023-06-21 00:33:07,0007CE0A62,K4
2023-06-21 00:37:07,000786B8A2,K4
2023-06-21 00:37:21,000783A42D,K4
2023-06-21 00:37:29,0007AC8BE4,K4
2023-06-21 00:37:42,000783A42D,K4
2023-06-21 00:38:06,000799A5EF,K4
2023-06-21 00:39:51,0007CE0636,K4
2023-06-21 00:42:44,00075CE063,K4
2023-06-21 00:44:33,000783CB2B,K4
2023-06-21 00:44:47,0007CDCC06,K4
2023-06-21 00:44:58,0007CDCC06,K4
2023-06-21 00:44:59,000786B8A2,K4
2023-06-21 00:45:17,0007CE0636,K4
2023-06-21 00:47:36,000799A5EF,K4
2023-06-21 00:51:23,00071E15BF,K4
2023-06-21 00:52:59,00075D879F,K4
2023-06-21 00:53:25,0007CE0F3D,K4
2023-06-21 00:54:16,00079AAA3C,K4
2023-06-21 00:54:22,000783CB2B,K4
2023-06-21 00:55:51,00079AAA3C,K4
2023-06-21 00:55:58,0007CDDFAD,K4
2023-06-21 01:00:44,0007AC8BE4,K4
2023-06-21 01:06:27,000783A42D,K4
2023-06-21 01:06:36,0007CE0A62,K4
2023-06-21 01:07:26,000783F429,K4
2023-06-21 01:07:51,0007AC5939,K4
2023-06-21 01:08:16,0007CE0896,K4
2023-06-21 01:09:21,0007CE0896,K4
2023-06-21 01:09:30,0006B3AC35,K4
2023-06-21 01:11:57,000783CB2B,K4
2023-06-21 01:11:59,000783A42D,K4
2023-06-21 01:12:11,0007CE0A62,K4
2023-06-21 01:20:18,0007AC8BE4,K4
2023-06-21 01:20:30,000783A42D,K4
2023-06-21 01:20:50,00079AAA3C,K4
2023-06-21 01:24:10,00079AAA3C,K4
2023-06-21 01:26:03,0007AC34C9,K4
2023-06-21 01:27:41,000783A42D,K4
2023-06-21 01:28:55,000786B8A2,K4
2023-06-21 01:43:15,0007C1922C,K41
2023-06-21 01:43:22,0007ACAC37,K41
2023-06-21 01:44:13,0007CE0A62,K4
2023-06-21 01:44:33,0007AC8BE4,K4
2023-06-21 01:46:32,00071E15BF,K4
2023-06-21 01:50:54,000783A42D,K4
2023-06-21 01:51:02,0007CE0A62,K4
2023-06-21 01:51:14,00079A0255,K4
2023-06-21 01:51:50,00079A0255,K4
2023-06-21 01:53:40,00075D076C,K41
2023-06-21 01:54:43,0007CE0A62,K4
2023-06-21 01:56:17,0007CDB0C8,K4
2023-06-21 01:57:05,00074F663E,K4
2023-06-21 02:00:51,000783CB2B,K4
2023-06-21 02:06:03,0007AC8BE4,K4
2023-06-21 02:08:57,00075D879F,K41
2023-06-21 02:13:33,0007CE0A62,K4
2023-06-21 02:19:07,00075CE063,K4
2023-06-21 02:20:38,0007C1922C,K41
2023-06-21 02:20:58,0007C1922C,K41
2023-06-21 02:21:30,0007CE0A62,K4
2023-06-21 02:21:36,0007AC8BE4,K4
2023-06-21 02:21:57,0007ABDCCF,K4
2023-06-21 02:22:21,000783CB2B,K4
2023-06-21 02:32:38,0007AC80F1,K4
2023-06-21 02:32:51,0007AC5939,K4
2023-06-21 02:33:43,0007C1922C,K41
2023-06-21 02:34:31,000783A42D,K4
2023-06-21 02:39:58,00071E15BF,K4
2023-06-21 02:47:26,0007C1922C,K41
2023-06-21 02:48:11,00071E2D31,K41
2023-06-21 02:49:18,0007CE0A62,K4
2023-06-21 02:50:10,00079A0255,K4
2023-06-21 02:52:11,0007CDCC06,K4
2023-06-21 02:53:28,000783A42D,K4
2023-06-21 02:59:52,00075D879F,K41
2023-06-21 03:05:52,000783CB2B,K4
2023-06-21 03:06:21,000783A42D,K4
2023-06-21 03:07:19,0007CE0636,K4
2023-06-21 03:07:30,0007CE0636,K4
2023-06-21 03:07:42,0007CDCC06,K4
2023-06-21 03:08:52,0007AC8BE4,K4
2023-06-21 03:13:00,0007CE0A62,K4
2023-06-21 03:14:18,00075D879F,K4
2023-06-21 03:14:22,0007ACAC37,K4
2023-06-21 03:26:06,00071E15BF,K4
2023-06-21 03:28:45,0007CDB484,K41
2023-06-21 03:30:51,000783A42D,K4
2023-06-21 03:30:53,0007CE0A62,K4
2023-06-21 03:37:09,0007C1922C,K41
2023-06-21 03:40:30,00075CE063,K4
2023-06-21 03:42:04,000783A42D,K4
2023-06-21 03:43:59,00075D879F,K41
2023-06-21 03:47:30,00071E2D31,K41
2023-06-21 03:49:08,0007CE0A62,K4
2023-06-21 03:50:57,0007ABC809,K4
2023-06-21 03:59:30,00075D076C,K41
2023-06-21 04:03:54,0007AC8BE4,K4
2023-06-21 04:07:00,0007CE0896,K4
2023-06-21 04:08:04,0007CE0896,K4
2023-06-21 04:09:24,00074F663E,K4
2023-06-21 04:09:26,0007AC5939,K4
2023-06-21 04:19:00,0007AC418B,K41
2023-06-21 04:22:41,00071E15BF,K4
2023-06-21 04:24:00,00079AAA3C,K4
2023-06-21 04:26:14,0007CE0896,K4
2023-06-21 04:27:59,0007CDDFAD,K4
2023-06-21 04:35:42,00071E15BF,K4
2023-06-21 04:39:03,000786B8A2,K4
2023-06-21 04:39:13,0007CE0896,K4
2023-06-21 04:45:15,0007AC8BE4,K4
2023-06-21 04:45:27,0007CE0A62,K4
2023-06-21 04:49:44,0007AC8BE4,K4
2023-06-21 04:52:26,00075CE063,K4
2023-06-21 04:55:48,0007ABF44A,K41
2023-06-21 21:41:02,0007C1922C,K41
2023-06-21 21:41:55,0007C1922C,K41
2023-06-21 21:43:12,000783A42D,K4
2023-06-21 21:43:53,0007AC8BE4,K4
2023-06-21 21:44:31,0007AC8BE4,K4
2023-06-21 21:44:59,0007CDDFAD,K4
2023-06-21 21:45:01,00071E15BF,K4
2023-06-21 21:45:21,0007AC8BE4,K4
2023-06-21 21:46:41,0007ABC809,K4
2023-06-21 21:47:50,00075CE063,K4
2023-06-21 21:47:58,0007ABD4DC,K4
2023-06-21 21:48:00,0007CE0A62,K4
2023-06-21 21:48:32,00075D879F,K41
2023-06-21 21:48:37,0007C18B80,K41
2023-06-21 21:51:47,0007C18C52,K41
2023-06-21 21:51:59,0007CDB484,K41
2023-06-21 21:53:30,0007ACAC37,K41
2023-06-21 21:53:43,0007AC418B,K41
2023-06-21 21:54:14,00071E2D31,K41
2023-06-21 21:56:33,0007AC494F,K41
2023-06-21 21:56:45,0007AC494F,K41
2023-06-21 21:57:53,000786B8A2,K4
2023-06-21 21:58:12,000786B8A2,K4
2023-06-21 21:58:31,00075D076C,K41
2023-06-21 21:58:44,0007AC494F,K41
2023-06-21 22:21:27,0007C1922C,K41
2023-06-21 22:49:41,00075D879F,K41
2023-06-21 22:57:11,0007AC8BE4,K4
2023-06-21 23:03:01,00079A0255,K4
2023-06-21 23:08:07,00071E15BF,K4
2023-06-21 23:08:19,0007C1922C,K41
2023-06-21 23:23:30,00075D076C,K41
2023-06-21 23:28:41,0007AC8BE4,K4
2023-06-21 23:28:59,00079A0255,K4
2023-06-21 23:35:03,0007AC8BE4,K4
2023-06-21 23:37:23,00071E15BF,K4
2023-06-21 23:50:26,00075D879F,K41
2023-06-22 00:02:02,0007C1922C,K41
2023-06-22 00:21:41,00075D076C,K41
2023-06-22 00:41:31,0007C1922C,K41
2023-06-22 00:47:50,00075D879F,K41
2023-06-22 00:48:04,0007AC9A80,K41
2023-06-22 00:50:18,0007AC9A80,K41
2023-06-22 00:53:50,0007C18B80,K41
2023-06-22 01:14:00,00075D879F,K41
2023-06-22 01:17:04,00075D879F,K41
2023-06-22 01:17:06,0007CE0A62,K41
2023-06-22 01:17:44,0007CE0A62,K41
2023-06-22 01:18:08,0007CE0A62,K41
2023-06-22 01:18:57,0007CE0A62,K41
2023-06-22 01:23:24,00075D076C,K41
2023-06-22 01:23:35,0007CE0F3D,K41
2023-06-22 01:31:02,0007C1922C,K41
2023-06-22 02:00:33,00075D076C,K41
2023-06-22 02:01:47,0007C1922C,K41
2023-06-22 02:09:50,0007CDB484,K41
2023-06-22 02:13:38,0007AC418B,K41
2023-06-22 02:25:56,00075D879F,K41
2023-06-22 02:30:48,00075D076C,K41
2023-06-22 02:41:46,0007ACAC37,K41
2023-06-22 02:46:12,0007C1922C,K41
2023-06-22 02:48:40,0007ACAC37,K41
2023-06-22 02:48:52,0007CE0F3D,K41
2023-06-22 03:26:06,0007C1922C,K41
2023-06-22 03:47:52,00075D879F,K41
2023-06-22 04:17:58,00075D879F,K41
2023-06-22 04:25:54,00079AAA3C,K4
2023-06-22 04:27:12,00079AAA3C,K4
2023-06-22 04:31:14,00071E2D31,K41
2023-06-22 04:31:36,0007AC9A80,K41
2023-06-22 04:34:36,0007C18B80,K41
2023-06-22 04:42:09,0007ABF44A,K41
2023-06-22 04:48:21,0007CE0A62,K4
2023-06-22 04:49:09,00075CE063,K4
2023-06-22 04:50:34,0007ABD4DC,K4
2023-06-22 04:50:59,0007CE0A62,K4
2023-06-22 04:52:58,000783A42D,K4
2023-06-22 04:53:09,000783A42D,K4
2023-06-22 22:20:28,0007CDB484,K41
2023-06-22 22:22:39,0007C1922C,K41
2023-06-22 22:25:21,0007AC0387,K41
2023-06-22 22:26:26,00075D879F,K41
2023-06-22 22:27:12,00075D076C,K41
2023-06-22 22:27:40,0007C18B80,K41
2023-06-22 22:27:46,0007C18C52,K41
2023-06-22 22:30:09,00071E2D31,K41
2023-06-22 22:33:44,0007ABF44A,K41
2023-06-22 22:34:23,0007AC418B,K41
2023-06-22 22:40:26,0007AC494F,K41
2023-06-22 23:00:38,0007AC494F,K41
2023-06-22 23:05:33,0007ACAC37,K41
2023-06-22 23:08:12,0007ACAC37,K41
2023-06-22 23:20:43,0007C1922C,K41
2023-06-22 23:38:56,0007ABF44A,K41
2023-06-22 23:51:19,0007AC494F,K41
2023-06-23 00:04:48,00075D076C,K41
2023-06-23 00:15:26,0007C1922C,K41
2023-06-23 00:43:09,00075D879F,K41
2023-06-23 00:50:07,0007AC494F,K41
2023-06-23 01:12:35,0007ABF44A,K41
2023-06-23 01:24:14,0007AC494F,K41
2023-06-23 01:30:19,0007C1922C,K41
2023-06-23 01:50:06,0007AC494F,K41
2023-06-23 01:53:45,00075D076C,K41
2023-06-23 01:55:56,0007CE0F3D,K41
2023-06-23 02:24:21,0007C1922C,K41
2023-06-23 02:27:39,0007AC494F,K41
2023-06-23 02:44:50,0007ABF44A,K41
2023-06-23 03:07:02,0007CE0A62,K41
2023-06-23 03:07:44,0007CE0A62,K41
2023-06-23 03:18:04,0007C1922C,K41
2023-06-23 03:19:36,00071E2D31,K41
2023-06-23 03:22:24,00075D076C,K41
2023-06-23 03:23:15,0007AC494F,K41
2023-06-23 03:26:03,00075D879F,K41
2023-06-23 03:27:17,0007ABF44A,K41
2023-06-23 03:39:18,0007CDB484,K41
2023-06-23 03:54:22,00071E2D31,K41
2023-06-23 21:37:10,0007C1922C,K41
2023-06-23 21:37:21,0007C1922C,K41
2023-06-23 21:38:16,0007C1922C,K41
2023-06-23 21:45:30,00075D879F,K41
2023-06-23 21:45:37,0007C18C52,K41
2023-06-23 21:49:06,0007ABF44A,K41
2023-06-23 21:51:09,0007C18B80,K41
2023-06-23 21:51:49,0007C18B80,K41
2023-06-23 21:52:03,0007C18C52,K41
2023-06-23 21:53:02,0007ACAC37,K41
2023-06-23 21:53:44,00071E2D31,K41
2023-06-23 21:56:50,0007CDB484,K41
2023-06-23 21:57:14,00075D076C,K41
2023-06-23 21:57:46,00075B22B0,K41
2023-06-23 22:02:17,0007AC494F,K41
2023-06-23 22:02:36,0007AC9A80,K41
2023-06-23 22:03:01,0007AC418B,K41
2023-06-23 22:03:53,0007CE0F3D,K41
2023-06-23 22:17:14,0007ABF44A,K41
2023-06-23 22:22:24,0007ABF44A,K41
2023-06-23 22:23:23,0007ABF44A,K41
2023-06-23 22:55:54,0007C1922C,K41
2023-06-23 22:56:52,0007AC494F,K41
2023-06-23 23:01:24,0007AC9A80,K41
2023-06-23 23:08:21,00075D879F,K41
2023-06-23 23:11:34,00075D076C,K41
2023-06-23 23:19:08,0007ACAC37,K41
2023-06-23 23:38:38,0007ABF44A,K41
2023-06-23 23:44:25,0007AC9A80,K41
2023-06-23 23:44:39,0007AC0387,K41
2023-06-23 23:56:55,00075D879F,K41
2023-06-23 23:57:00,0007C1922C,K41
2023-06-24 00:05:40,0007CDDFAD,K41
2023-06-24 00:06:57,0007CDDFAD,K41
2023-06-24 00:07:57,0007CDDFAD,K41
2023-06-24 00:08:13,0007CDDFAD,K41
2023-06-24 00:08:50,0007CDDFAD,K41
2023-06-24 00:11:14,0007AC494F,K41
2023-06-24 00:28:32,0007AC494F,K41
2023-06-24 00:28:58,0007ABF44A,K41
2023-06-24 00:36:11,00075D076C,K41
2023-06-24 00:41:25,00075D879F,K41
2023-06-24 00:44:03,0007C1922C,K41
2023-06-24 00:58:37,0007AC9A80,K41
2023-06-24 01:14:22,0007ACAC37,K41
2023-06-24 01:14:46,00071E2D31,K41
2023-06-24 01:15:20,00071E2D31,K41
2023-06-24 01:17:26,0007ACAC37,K41
2023-06-24 01:19:41,0007ABF44A,K41
2023-06-24 01:22:49,0007CDDFAD,K41
2023-06-24 01:23:32,0007CDDFAD,K41
2023-06-24 01:42:59,0007AC494F,K41
2023-06-24 01:50:53,00075D076C,K41
2023-06-24 01:54:29,0007CE0F3D,K41
2023-06-24 02:01:49,0007ACAC37,K41
2023-06-24 02:21:50,00075D076C,K41
2023-06-24 02:25:54,00075D076C,K41
2023-06-24 02:49:36,0007AC494F,K41
2023-06-24 03:00:29,0007C1922C,K41
2023-06-24 03:27:23,00075D076C,K41
2023-06-24 03:28:16,00075D076C,K41
2023-06-24 03:45:41,0007ACAC37,K41
2023-06-24 04:21:51,0007CE0F3D,K41
2023-06-24 04:23:02,0007ACAC37,K41
2023-06-24 21:50:43,0007ACAC37,K41
2023-06-24 21:53:03,0007AC494F,K41
2023-06-24 21:55:56,0007C18C52,K41
2023-06-24 21:56:52,0007CDB484,K41
2023-06-24 22:10:36,0007CE0F3D,K41
2023-06-24 22:41:13,0007ACAC37,K41
2023-06-24 22:50:11,0007AC494F,K41
2023-06-24 22:56:43,00075D076C,K41
2023-06-24 22:58:25,0007CE0F3D,K41
2023-06-24 22:59:44,0007ACAC37,K41
2023-06-24 23:01:58,0007AC418B,K41
2023-06-24 23:15:41,0007CE0F3D,K41
2023-06-24 23:21:23,0007AC494F,K41
2023-06-24 23:21:38,00075D076C,K41
2023-06-24 23:42:23,0007CE0F3D,K41
2023-06-25 00:05:28,0007ACAC37,K41
2023-06-25 00:07:53,0007AC494F,K41
2023-06-25 00:28:01,00075D076C,K41
2023-06-25 00:28:20,0007AC418B,K41
2023-06-25 00:49:57,0007AC9A80,K41
2023-06-25 00:56:19,0007AC494F,K41
2023-06-25 00:59:30,00075D076C,K41
2023-06-25 01:19:44,0007C1922C,K41
2023-06-25 01:19:48,00075D076C,K41
2023-06-25 01:24:42,0007AC9A80,K41
2023-06-25 01:25:05,0007AC9A80,K41
2023-06-25 02:29:27,00075D076C,K41
2023-06-25 02:38:03,0007C1922C,K41
2023-06-25 03:02:58,0007ACAC37,K41
2023-06-25 03:14:22,0007AC9A80,K41
2023-06-25 03:19:12,0007AC494F,K41
2023-06-25 03:26:08,0007CE0F3D,K41
2023-06-25 03:26:20,00075D076C,K41
2023-06-25 03:26:31,00075D076C,K41
2023-06-25 03:43:31,0007AC9A80,K41
2023-06-25 03:54:41,0007AC9A80,K41
2023-06-25 04:30:38,0007C18B80,K41
2023-06-25 04:33:01,0007AC418B,K41
2023-06-25 04:36:43,00075D076C,K41
2023-06-25 04:40:35,00075D076C,K41
2023-06-25 04:40:42,0007C18B80,K41
2023-06-25 04:43:44,0007C18C52,K41
2023-06-25 21:53:18,0007ACAC37,K41
2023-06-25 21:56:08,0007CE0F3D,K41
2023-06-25 21:58:13,00075B22B0,K41
2023-06-25 22:16:01,0007C1922C,K41
2023-06-25 22:19:09,00075B22B0,K41
2023-06-25 22:41:49,00075B22B0,K41
2023-06-25 22:43:02,0007CE0F3D,K41
2023-06-25 22:51:37,0007ACAC37,K41
2023-06-25 22:51:49,00075D879F,K41
2023-06-25 22:59:07,0007CE0F3D,K41
2023-06-25 23:10:14,00075D879F,K41
2023-06-25 23:14:05,0007CE0F3D,K41
2023-06-25 23:24:03,0007C1922C,K41
2023-06-25 23:25:43,0007ACAC37,K41
2023-06-25 23:28:53,00075B22B0,K41
2023-06-25 23:37:55,00075D879F,K41
2023-06-25 23:48:56,00075D076C,K41
2023-06-25 23:57:59,0007CE0F3D,K41
2023-06-26 00:04:06,00075D879F,K41
2023-06-26 00:14:18,0007C1922C,K41
2023-06-26 00:18:15,0007ACAC37,K41
2023-06-26 00:18:44,00075D879F,K41
2023-06-26 00:21:15,00075B22B0,K41
2023-06-26 01:03:55,00075D076C,K41
2023-06-26 01:04:35,0007CE0F3D,K41
2023-06-26 01:14:13,00075D076C,K41
2023-06-26 01:33:30,0007C1922C,K41
2023-06-26 02:05:09,00075D879F,K41
2023-06-26 02:08:27,0007C1922C,K41
2023-06-26 02:10:15,00075B22B0,K41
2023-06-26 02:18:52,00075D076C,K41
2023-06-26 02:29:45,00075B22B0,K41
2023-06-26 02:38:08,0007ABF44A,K41
2023-06-26 02:42:30,00075D076C,K41
2023-06-26 02:48:24,0007C1922C,K41
2023-06-26 02:49:28,0007ACAC37,K41
2023-06-26 02:52:22,0007ABF44A,K41
2023-06-26 03:00:45,00075B22B0,K41
2023-06-26 03:10:15,0007ACAC37,K41
2023-06-26 03:27:17,00075D879F,K41
2023-06-26 03:31:40,0007CE0F3D,K41
2023-06-26 03:41:01,00075D076C,K41
2023-06-26 03:48:18,00075B22B0,K41
2023-06-26 03:54:11,0007ABF44A,K41
2023-06-26 04:41:11,0007C1922C,K41
2023-06-26 21:39:19,00075D879F,K41
2023-06-26 21:43:20,0007CE0F3D,K41
2023-06-26 21:43:24,0007C1922C,K41
2023-06-26 21:43:31,0007ABF44A,K41
2023-06-26 21:43:38,0007C1922C,K41
2023-06-26 21:44:03,0007CE0F3D,K41
2023-06-26 21:44:18,0007ACAC37,K41
2023-06-26 21:44:48,00075B22B0,K41
2023-06-26 21:45:47,0007C18C52,K41
2023-06-26 21:48:51,0007CDB484,K41
2023-06-26 21:49:18,00075D076C,K41
2023-06-26 22:20:57,0007AC418B,K41
2023-06-26 22:36:50,0007CE0F3D,K41
2023-06-26 22:39:06,00075B22B0,K41
2023-06-26 22:47:22,0007C1922C,K41
2023-06-26 22:48:28,0007ABF44A,K41
2023-06-26 22:54:26,0007ACAC37,K41
2023-06-26 23:04:33,0007AC418B,K41
2023-06-26 23:14:48,0007CE0F3D,K41
2023-06-26 23:19:16,00075B22B0,K41
2023-06-26 23:19:23,0007AC9A80,K41
2023-06-26 23:22:08,0007AC9A80,K41
2023-06-26 23:24:26,0007ABF44A,K41
2023-06-26 23:24:38,0007AC9A80,K41
2023-06-26 23:25:33,0007AC494F,K41
2023-06-26 23:25:39,0007AC9A80,K41
2023-06-26 23:31:27,0007CE0F3D,K41
2023-06-26 23:32:02,00075D879F,K41
2023-06-26 23:34:44,0007ABF44A,K41
2023-06-26 23:37:46,00075B22B0,K41
2023-06-26 23:58:28,0007C1922C,K41
2023-06-26 23:59:19,0007AC418B,K41
2023-06-26 23:59:38,0007AC418B,K41
2023-06-27 00:05:49,0007ABF44A,K41
2023-06-27 00:06:19,00075B22B0,K41
2023-06-27 00:09:40,0007ABF44A,K41
2023-06-27 00:12:21,0007ABF44A,K41
2023-06-27 00:12:36,0007ABF44A,K41
2023-06-27 00:12:47,0007ABF44A,K41
2023-06-27 00:13:02,0007ABF44A,K41
2023-06-27 00:26:17,00075B22B0,K41
2023-06-27 00:26:48,0007AC494F,K41
2023-06-27 00:29:34,00075D076C,K41
2023-06-27 00:30:59,0007AC9A80,K41
2023-06-27 00:36:15,0007C1922C,K41
2023-06-27 00:41:00,00075D879F,K41
2023-06-27 00:50:11,0007AC494F,K41
2023-06-27 00:51:11,0007CE0F3D,K41
2023-06-27 00:56:36,0007ACAC37,K41
2023-06-27 01:07:42,0007AC494F,K41
2023-06-27 01:08:53,0007AC494F,K41
2023-06-27 01:22:53,00071E2D31,K41
2023-06-27 01:32:24,0007AC9A80,K41
2023-06-27 01:33:04,0007AC9A80,K41
2023-06-27 01:40:02,00075B22B0,K41
2023-06-27 01:45:53,0007AC418B,K41
2023-06-27 01:46:04,0007AC418B,K41
2023-06-27 01:58:13,00075D879F,K41
2023-06-27 01:59:20,0007C1922C,K41
2023-06-27 02:04:37,0007CE0F3D,K41
2023-06-27 02:12:44,0007AC418B,K41
2023-06-27 02:13:14,0007AC418B,K41
2023-06-27 02:14:58,0007ACAC37,K41
2023-06-27 02:24:20,00075B22B0,K41
2023-06-27 02:31:01,0007C18C52,K41
2023-06-27 02:31:32,0007C1922C,K41
2023-06-27 02:32:07,0007AC34C9,K41
2023-06-27 02:33:34,0007AC34C9,K41
2023-06-27 02:37:07,0007AC9A80,K41
2023-06-27 02:40:24,00075D076C,K41
2023-06-27 02:41:15,00075B22B0,K41
2023-06-27 02:41:40,0007C1922C,K41
2023-06-27 02:46:02,0007ACAC37,K41
2023-06-27 02:49:36,0007AC0387,K41
2023-06-27 03:01:39,00075D879F,K41
2023-06-27 03:02:35,0007ABF44A,K41
2023-06-27 03:06:58,0007CE0F3D,K41
2023-06-27 03:09:48,0007C18B80,K41
2023-06-27 03:11:28,0007AC0387,K41
2023-06-27 03:17:22,0007ABF44A,K41
2023-06-27 03:31:46,00071E2D31,K41
2023-06-27 03:33:28,00071E2D31,K41
2023-06-27 03:33:39,00071E2D31,K41
2023-06-27 03:51:29,0007CE0F3D,K41
2023-06-27 03:51:38,0007C1922C,K41
2023-06-27 03:59:25,00071E2D31,K41
2023-06-27 04:04:03,0007CE0F3D,K41
2023-06-27 04:20:54,0007C18B80,K41
2023-06-27 04:42:10,0007AC494F,K41
2023-06-27 04:48:08,00075D076C,K41
2023-06-27 21:36:31,0007AC0387,K41
2023-06-27 21:36:42,00075B22B0,K41
2023-06-27 21:39:53,0007AC9A80,K41
2023-06-27 21:40:21,0007C1922C,K41
2023-06-27 21:40:37,0007AC418B,K41
2023-06-27 21:41:24,0007CE0F3D,K41
2023-06-27 21:42:21,0007ABF44A,K41
2023-06-27 21:44:00,0007C18B80,K41
2023-06-27 21:45:05,00075D879F,K41
2023-06-27 21:45:21,00071E2D31,K41
2023-06-27 21:48:22,00075D076C,K41
2023-06-27 22:15:07,0007AC9A80,K41
2023-06-27 22:21:21,0007ACAC37,K41
2023-06-27 22:22:48,0007AC494F,K41
2023-06-27 22:31:50,00071E2D31,K41
2023-06-27 22:35:11,0007CE0F3D,K41
2023-06-27 22:40:36,0007AC494F,K41
2023-06-27 22:45:21,0007AC9A80,K41
2023-06-27 22:50:03,0007AC34C9,K41
2023-06-27 22:52:10,0007ABF44A,K41
2023-06-27 22:52:27,0007AC0387,K41
2023-06-27 22:54:52,0007ACAC37,K41
2023-06-27 22:54:54,0007CE0F3D,K41
2023-06-27 22:58:31,0007AC0387,K41
2023-06-27 22:59:36,0007CDDFAD,K41
2023-06-27 23:01:11,0007CDDFAD,K41
2023-06-27 23:04:42,00075B22B0,K41
2023-06-27 23:33:01,0007CDDFAD,K41
2023-06-27 23:34:58,0007CDDFAD,K41
2023-06-27 23:36:38,0007AC9A80,K41
2023-06-27 23:43:54,0007C1922C,K41
2023-06-27 23:50:47,00075D879F,K41
2023-06-27 23:53:33,0007CE0F3D,K41
2023-06-27 23:54:00,0007ABF44A,K41
2023-06-28 00:01:06,0007ABF44A,K41
2023-06-28 00:01:21,0007ABF44A,K41
2023-06-28 00:15:54,00071E2D31,K41
2023-06-28 00:21:38,0007AC418B,K41
2023-06-28 00:29:31,00075B22B0,K41
2023-06-28 00:32:51,0007CDDFAD,K41
2023-06-28 00:34:34,0007CDDFAD,K41
2023-06-28 00:38:06,00075D076C,K41
2023-06-28 00:51:39,0007AC494F,K41
2023-06-28 00:57:00,0007CE0F3D,K41
2023-06-28 00:59:15,0007AC9A80,K41
2023-06-28 01:02:44,0007C1922C,K41
2023-06-28 01:13:47,00075D879F,K41
2023-06-28 01:24:34,0007ACAC37,K41
2023-06-28 01:32:33,0007CDB484,K41
2023-06-28 01:58:14,0007AC418B,K41
2023-06-28 02:02:12,0007AC34C9,K41
2023-06-28 02:03:00,0007AC494F,K41
2023-06-28 02:03:25,0007C18C52,K41
2023-06-28 02:20:05,00075D076C,K41
2023-06-28 02:20:34,0007CE0F3D,K41
2023-06-28 02:22:52,00075D879F,K41
2023-06-28 02:25:59,0007ACAC37,K41
2023-06-28 02:33:46,0007C1922C,K41
2023-06-28 02:53:48,0007ABD4DC,K41
2023-06-28 03:02:26,0007C18B80,K41
2023-06-28 03:05:52,0007ABF44A,K41
2023-06-28 03:08:40,00075D879F,K41
2023-06-28 03:11:19,0007CE0F3D,K41
2023-06-28 03:11:41,0007AC494F,K41
2023-06-28 03:13:12,00075B22B0,K41
2023-06-28 03:26:10,0007ABF44A,K41
2023-06-28 03:44:28,0007C1922C,K41
2023-06-28 03:47:08,0007CE0F3D,K41
2023-06-28 03:58:27,0007CE0F3D,K41
2023-06-28 04:02:49,00075D879F,K41
2023-06-28 04:04:05,00075D076C,K41
2023-06-28 04:40:13,0007C1922C,K41
2023-06-28 21:43:09,0007C1922C,K41
2023-06-28 21:50:45,00075D879F,K41
2023-06-28 21:51:33,0007ABF44A,K41
2023-06-28 21:51:50,00075B22B0,K41
2023-06-28 21:52:00,0007C18C52,K41
2023-06-28 21:52:46,0007ACAC37,K41
2023-06-28 21:53:34,00075D076C,K41
2023-06-28 21:53:57,0007C18B80,K41
2023-06-28 21:54:40,0007AC494F,K41
2023-06-28 22:44:53,0007ABF44A,K41
2023-06-28 23:02:44,0007AC494F,K41
2023-06-28 23:06:07,0007CE0F3D,K41
2023-06-28 23:09:00,00075D879F,K41
2023-06-28 23:13:38,00075B22B0,K41
2023-06-28 23:38:03,0007ABF44A,K41
2023-06-28 23:43:17,0007ABF44A,K41
2023-06-28 23:43:38,0007ABF44A,K41
2023-06-28 23:49:10,0007AC0387,K41
2023-06-28 23:55:05,00075D879F,K41
2023-06-28 23:55:17,0007C1922C,K41
2023-06-29 00:11:41,0007CE0F3D,K41
2023-06-29 00:11:44,0007AC418B,K41
2023-06-29 00:13:29,0007C1922C,K41
2023-06-29 00:16:33,0007AC494F,K41
2023-06-29 00:23:37,00075B22B0,K41
2023-06-29 00:30:39,0007ACAC37,K41
2023-06-29 00:30:50,00075D076C,K41
2023-06-29 00:49:01,0007AC9A80,K41
2023-06-29 01:01:05,0007ACAC37,K41
2023-06-29 01:15:04,00075D879F,K41
2023-06-29 01:18:06,0007AC34C9,K41
2023-06-29 01:20:39,0007AC494F,K41
2023-06-29 01:23:17,0007AC0387,K41
2023-06-29 01:24:25,0007CE0F3D,K41
2023-06-29 01:28:31,0007C18B80,K41
2023-06-29 01:37:21,0007C1922C,K41
2023-06-29 01:40:12,0007AC0387,K41
2023-06-29 01:46:01,00071E2D31,K41
2023-06-29 01:55:59,0007CE0F3D,K41
2023-06-29 02:03:59,00075D879F,K41
2023-06-29 02:11:19,0007C1922C,K41
2023-06-29 02:11:32,0007ACAC37,K41
2023-06-29 02:21:01,0007CDB484,K41
2023-06-29 02:22:27,0007AC494F,K41
2023-06-29 02:24:14,0007C1922C,K41
2023-06-29 02:24:31,0007CDB484,K41
2023-06-29 02:27:31,0007AC418B,K41
2023-06-29 02:28:12,00075D076C,K41
2023-06-29 02:28:27,0007CE0F3D,K41
2023-06-29 02:28:47,00075B22B0,K41
2023-06-29 02:35:22,0007CDDFAD,K41
2023-06-29 02:37:01,0007CDDFAD,K41
2023-06-29 02:47:24,0007AC0387,K41
2023-06-29 02:47:35,00071E2D31,K41
2023-06-29 02:50:30,0007ACAC37,K41
2023-06-29 03:00:42,00071E2D31,K41
2023-06-29 03:04:11,00075D879F,K41
2023-06-29 03:07:09,0007C1922C,K41
2023-06-29 03:07:59,0007C1922C,K41
2023-06-29 03:09:23,0007AC494F,K41
2023-06-29 03:13:51,00075D879F,K41
2023-06-29 03:20:48,0007AC418B,K41
2023-06-29 03:23:29,0007ABF44A,K41
2023-06-29 03:24:34,00071E2D31,K41
2023-06-29 03:28:42,0007CDDFAD,K41
2023-06-29 03:30:13,0007CDDFAD,K41
2023-06-29 03:34:05,0007ABF44A,K41
2023-06-29 03:41:52,00075B22B0,K41
2023-06-29 21:46:53,0007AC0387,K41
2023-06-29 21:47:12,0007ACAC37,K41
2023-06-29 21:52:11,0007ABF44A,K41
2023-06-29 21:54:10,0007CE0F3D,K41
2023-06-29 21:55:11,00075D879F,K41
2023-06-29 21:55:50,0007C18C52,K41
2023-06-29 21:56:14,00075D076C,K41
2023-06-29 21:56:17,0007AC494F,K41
2023-06-29 21:57:50,00071E2D31,K41
2023-06-29 22:03:01,0007CDB484,K41
2023-06-29 22:34:16,0007CDB484,K41
2023-06-29 22:35:31,0007AC418B,K41
2023-06-29 22:47:48,0007AC34C9,K41
2023-06-29 22:57:42,0007ABF44A,K41
2023-06-29 22:57:55,0007ACAC37,K41
2023-06-29 22:59:38,0007AC0387,K41
2023-06-29 23:01:56,0007AC418B,K41
2023-06-29 23:09:37,00071E2D31,K41
2023-06-29 23:18:59,0007CE0F3D,K41
2023-06-29 23:19:19,0007CDB484,K41
2023-06-29 23:29:08,00075D879F,K41
2023-06-29 23:30:30,0007C1922C,K41
2023-06-29 23:35:52,0007AC494F,K41
2023-06-29 23:44:45,00075B22B0,K41
2023-06-29 23:46:26,0007AC494F,K41
2023-06-29 23:47:29,0007ABF44A,K41
2023-06-29 23:47:54,0007ABF44A,K41
2023-06-29 23:48:16,0007ABF44A,K41
2023-06-29 23:48:33,00075D076C,K41
2023-06-29 23:49:53,0007ABF44A,K41
2023-06-29 23:58:30,0007AC418B,K41
2023-06-29 23:59:21,0007AC418B,K41
2023-06-30 00:08:28,0007AC9A80,K41
2023-06-30 00:13:23,0007CDB484,K41
2023-06-30 00:14:19,0007AC9A80,K41
2023-06-30 00:32:15,00071E2D31,K41
2023-06-30 00:32:44,0007ACAC37,K41
2023-06-30 00:43:35,0007CDB484,K41
2023-06-30 00:50:25,0007AC9A80,K41
2023-06-30 00:52:06,0007AC9A80,K41
2023-06-30 00:57:02,00071E2D31,K41
2023-06-30 01:00:59,0007CE0F3D,K41
2023-06-30 01:05:06,0007AC494F,K41
2023-06-30 01:06:15,00075D879F,K41
2023-06-30 01:17:48,00075B22B0,K41
2023-06-30 01:21:15,00071E2D31,K41
2023-06-30 01:25:30,00075D076C,K41
2023-06-30 01:25:42,00075D076C,K41
2023-06-30 01:25:54,00075D076C,K41
2023-06-30 01:28:41,0007AC418B,K41
2023-06-30 01:37:18,0007AC9A80,K41
2023-06-30 01:38:16,0007AC9A80,K41
2023-06-30 01:39:14,0007AC9A80,K41
2023-06-30 01:43:55,0007AC9A80,K41
2023-06-30 01:48:29,0007ABF44A,K41
2023-06-30 01:49:27,0007AC494F,K41
2023-06-30 01:57:32,0007ACAC37,K41
2023-06-30 02:05:44,0007CDB484,K41
2023-06-30 02:07:14,0007CDDFAD,K41
2023-06-30 02:08:25,0007CDDFAD,K41
2023-06-30 02:12:45,0007C1922C,K41
2023-06-30 02:12:56,0007AC34C9,K41
2023-06-30 02:14:58,0007AC418B,K41
2023-06-30 02:18:36,00075D879F,K41
2023-06-30 02:20:25,00071E2D31,K41
2023-06-30 02:25:47,0007C1922C,K41
2023-06-30 02:33:04,0007ABF44A,K41
2023-06-30 02:33:49,0007C1922C,K41
2023-06-30 03:08:22,0007AC9A80,K41
2023-06-30 03:09:52,00075D076C,K41
2023-06-30 03:16:16,00075D879F,K41
2023-06-30 03:23:59,0007ACAC37,K41
2023-06-30 03:25:23,0007CE0F3D,K41
2023-06-30 03:28:36,0007CDB484,K41
2023-06-30 03:34:00,0007ABF44A,K41
2023-06-30 03:36:31,0007AC494F,K41
2023-06-30 03:40:40,0007C1922C,K41
2023-06-30 03:42:54,0007ACAC37,K41
2023-06-30 03:45:57,00071E2D31,K41
2023-06-30 03:46:10,00071E2D31,K41
2023-06-30 03:46:44,00071E2D31,K41
2023-06-30 03:52:56,00075D879F,K41
2023-06-30 03:56:48,0007AC418B,K41
2023-06-30 04:58:24,00071E2D31,K41
2023-06-30 21:50:49,0007CE0F3D,K41
2023-06-30 21:51:42,0007ABF44A,K41
2023-06-30 21:52:12,0007AC9A80,K41
2023-06-30 21:52:28,00075D879F,K41
2023-06-30 21:52:34,00075B22B0,K41
2023-06-30 21:53:00,0007C1922C,K41
2023-06-30 21:53:45,0007C1922C,K41
2023-06-30 21:53:48,0007AC418B,K41
2023-06-30 21:54:02,00071E2D31,K41
2023-06-30 21:54:49,0007AC494F,K41
2023-06-30 21:55:34,00075D076C,K41
2023-06-30 21:57:25,0007CDB484,K41
2023-06-30 21:59:18,0007C18B80,K41
2023-06-30 21:59:30,0007C18C52,K41
2023-06-30 22:46:52,0007AC34C9,K41
2023-06-30 23:07:37,0007AC418B,K41
2023-06-30 23:13:18,0007AC9A80,K41
2023-06-30 23:17:08,000783CB2B,K41
2023-06-30 23:17:37,0007ACAC37,K41
2023-06-30 23:26:40,0007AC494F,K41
2023-06-30 23:29:45,0007CE0F3D,K41
2023-06-30 23:30:40,0007C1922C,K41
2023-06-30 23:33:33,00075B22B0,K41
2023-06-30 23:39:33,00075D879F,K41
2023-06-30 23:43:48,0007C1922C,K41
2023-06-30 23:49:09,0007CDFB4B,K41
2023-06-30 23:50:32,0007ABF44A,K41
2023-06-30 23:51:14,0007AC34C9,K41
2023-06-30 23:51:22,000786B8A2,K41
2023-06-30 23:52:31,000786B8A2,K41
2023-06-30 23:53:09,0007AC0387,K41
2023-06-30 23:53:16,0007CDDFAD,K41
2023-06-30 23:56:43,0007CDDFAD,K41
2023-07-01 00:00:46,0007AC0387,K41
2023-07-01 00:01:24,0007CDFB4B,K41
2023-07-01 00:02:56,0007CDFB4B,K41
2023-07-01 00:03:04,000786B8A2,K41
2023-07-01 00:04:58,0007AC418B,K41
2023-07-01 00:06:48,000786B8A2,K41
2023-07-01 00:09:48,0007CDB484,K41
2023-07-01 00:19:24,0007AC9A80,K41
2023-07-01 00:19:35,00071E2D31,K41
2023-07-01 00:22:15,000786B8A2,K41
2023-07-01 00:29:53,0007AC0387,K41
2023-07-01 00:35:48,000783CB2B,K41
2023-07-01 00:38:02,00075D076C,K41
2023-07-01 00:38:13,00075D076C,K41
2023-07-01 00:44:50,0007CE0F3D,K41
2023-07-01 00:47:28,0007AC494F,K41
2023-07-01 00:48:17,0007AC34C9,K41
2023-07-01 01:00:22,0007AC418B,K41
2023-07-01 01:01:04,0007AC9A80,K41
2023-07-01 01:03:01,00075D879F,K41
2023-07-01 01:05:18,000783CB2B,K41
2023-07-01 01:11:01,0007AC418B,K41
2023-07-01 01:12:09,0007CDFB4B,K41
2023-07-01 01:12:30,0007C1922C,K41
2023-07-01 01:13:48,0007AC9A80,K41
2023-07-01 01:21:55,000786B8A2,K41
2023-07-01 01:25:00,0007ABF44A,K41
2023-07-01 01:26:28,0007CDFB4B,K41
2023-07-01 01:26:57,00071E2D31,K41
2023-07-01 01:28:18,0007AC34C9,K41
2023-07-01 01:34:56,0007ACAC37,K41
2023-07-01 01:45:33,0007C1922C,K41
2023-07-01 01:51:03,0007AC494F,K41
2023-07-01 01:53:57,00075D879F,K41
2023-07-01 01:55:22,0007CDDFAD,K41
2023-07-01 01:56:34,0007CDDFAD,K41
2023-07-01 01:59:13,0007ACAC37,K41
2023-07-01 02:00:16,000786B8A2,K41
2023-07-01 02:03:10,000786B8A2,K41
2023-07-01 02:06:00,0007CE0F3D,K41
2023-07-01 02:10:50,0007CDDFAD,K41
2023-07-01 02:11:43,0007CDDFAD,K41
2023-07-01 02:12:27,00075D879F,K41
2023-07-01 02:13:41,0007AC0387,K41
2023-07-01 02:14:17,0007CDB484,K41
2023-07-01 02:15:49,0007ACAC37,K41
2023-07-01 02:17:51,000786B8A2,K41
2023-07-01 02:19:08,00071E2D31,K41
2023-07-01 02:21:19,0007AC418B,K41
2023-07-01 02:24:49,00075D076C,K41
2023-07-01 02:27:27,0007ABF44A,K41
2023-07-01 02:28:26,0007AC494F,K41
2023-07-01 02:33:10,0007AC418B,K41
2023-07-01 02:34:54,0007AC34C9,K41
2023-07-01 02:41:44,0007CDDFAD,K41
2023-07-01 02:43:14,0007AC494F,K41
2023-07-01 02:44:09,0007CDFB4B,K41
2023-07-01 02:52:17,0007CDDFAD,K41
2023-07-01 02:53:44,0007CDFB4B,K41
2023-07-01 03:01:42,0007C1922C,K41
2023-07-01 03:09:11,00075B22B0,K41
2023-07-01 03:11:48,0007CDFB4B,K41
2023-07-01 03:17:59,0007CDDFAD,K41
2023-07-01 03:19:34,0007ABF44A,K41
2023-07-01 03:19:49,0007AC9A80,K41
2023-07-01 03:21:42,0007CDDFAD,K41
2023-07-01 03:24:46,0007AC418B,K41
2023-07-01 03:24:47,0007CDB484,K41
2023-07-01 03:27:01,0007CE0F3D,K41
2023-07-01 03:28:56,0007ABF44A,K41
2023-07-01 03:30:06,0007AC0387,K41
2023-07-01 03:42:07,000786B8A2,K41
2023-07-01 03:42:15,00075D879F,K41
2023-07-01 03:45:20,00071E2D31,K41
2023-07-01 04:00:42,00075D076C,K41
2023-07-01 04:32:59,0007CDDFAD,K41
2023-07-01 04:47:35,00071E2D31,K41
2023-07-01 04:52:17,0007CDFB4B,K41
2023-07-01 04:54:00,0007ABD4DC,K41
2023-07-01 04:55:42,00074F663E,K41
2023-07-01 21:43:05,0007AC0387,K41
2023-07-01 21:44:37,0007AC0387,K41
2023-07-01 21:44:41,0007C1922C,K41
2023-07-01 21:46:34,00075D879F,K41
2023-07-01 21:46:43,0007ACAC37,K41
2023-07-01 21:46:47,0007CDDFAD,K41
2023-07-01 21:46:53,0007ABF44A,K41
2023-07-01 21:47:04,0007CDDFAD,K41
2023-07-01 21:47:41,000786B8A2,K41
2023-07-01 21:48:02,0007ABF44A,K41
2023-07-01 21:48:38,00075B22B0,K41
2023-07-01 21:48:47,000786B8A2,K41
2023-07-01 21:49:09,0007CDB484,K41
2023-07-01 21:50:12,0007AC9A80,K41
2023-07-01 21:50:45,00075D076C,K41
2023-07-01 21:50:50,0007AC418B,K41
2023-07-01 21:51:37,0007AC494F,K41
2023-07-01 21:51:45,0007CE0F3D,K41
2023-07-01 21:51:47,0007AC34C9,K41
2023-07-01 21:54:32,00071E2D31,K41
2023-07-01 21:54:39,0007C18C52,K41
2023-07-01 21:55:06,0007C18B80,K41
2023-07-01 22:37:19,00074F663E,K41
2023-07-01 22:45:40,0007C1922C,K41
2023-07-01 22:47:04,0007ABF44A,K41
2023-07-01 23:03:02,0007CE0F3D,K41
2023-07-01 23:06:27,0007C1922C,K41
2023-07-01 23:11:29,00074F663E,K41
2023-07-01 23:12:40,0007ABF44A,K41
2023-07-01 23:13:32,0007CDFB4B,K41
2023-07-01 23:13:54,0007AC418B,K41
2023-07-01 23:19:06,0007AC9A80,K41
2023-07-01 23:20:00,0007CDDFAD,K41
2023-07-01 23:21:07,0007AC0387,K41
2023-07-01 23:23:45,00074F663E,K41
2023-07-01 23:24:45,000786B8A2,K41
2023-07-01 23:31:33,0007CDDFAD,K41
2023-07-01 23:36:05,00071E2D31,K41
2023-07-01 23:48:23,0007AC494F,K41
2023-07-01 23:57:52,00071E2D31,K41
2023-07-02 00:02:20,000786B8A2,K41
2023-07-02 00:02:46,0007CDB484,K41
2023-07-02 00:03:32,00075D879F,K41
2023-07-02 00:05:11,0007ACAC37,K41
2023-07-02 00:06:58,0007ABF44A,K41
2023-07-02 00:12:49,0007AC9A80,K41
2023-07-02 00:17:52,0007AC34C9,K41
2023-07-02 00:18:57,00075B22B0,K41
2023-07-02 00:20:07,00075D879F,K41
2023-07-02 00:28:24,0007ABF44A,K41
2023-07-02 00:29:22,0007CDDFAD,K41
2023-07-02 00:29:55,0007AC418B,K41
2023-07-02 00:30:07,0007CE0F3D,K41
2023-07-02 00:30:09,000786B8A2,K41
2023-07-02 00:32:27,0007CDDFAD,K41
2023-07-02 00:39:15,00074F663E,K41
2023-07-02 00:42:54,00075D076C,K41
2023-07-02 00:45:27,0007ACAC37,K41
2023-07-02 00:45:41,0007C1922C,K41
2023-07-02 00:45:43,0007AC0387,K41
2023-07-02 01:01:59,0007CDFB4B,K41
2023-07-02 01:18:30,0007CDDFAD,K41
2023-07-02 01:19:49,0007CE0896,K41
2023-07-02 01:20:07,0007ACAC37,K41
2023-07-02 01:25:49,0007CE0896,K41
2023-07-02 01:25:54,0007CDFB4B,K41
2023-07-02 01:30:19,0007CDB484,K41
2023-07-02 01:31:40,0007AC494F,K41
2023-07-02 01:32:57,00074F663E,K41
2023-07-02 01:35:04,0007AC9A80,K41
2023-07-02 01:35:30,00075D879F,K41
2023-07-02 01:38:43,0007AC34C9,K41
2023-07-02 01:38:56,0007CE0896,K41
2023-07-02 01:43:01,0007CDDFAD,K41
2023-07-02 01:52:46,0007ABF44A,K41
2023-07-02 02:07:54,0007CE0896,K41
2023-07-02 02:09:05,000786B8A2,K41
2023-07-02 02:10:09,00075B22B0,K41
2023-07-02 02:10:42,00071E2D31,K41
2023-07-02 02:10:53,00071E2D31,K41
2023-07-02 02:12:08,0007ACAC37,K41
2023-07-02 02:17:02,0007CDDFAD,K41
2023-07-02 02:24:56,0007C1922C,K41
2023-07-02 02:27:05,0007CDDFAD,K41
2023-07-02 02:30:43,0007CE0896,K41
2023-07-02 02:31:59,0007AC9A80,K41
2023-07-02 02:34:00,00074F663E,K41
2023-07-02 02:37:22,00075D076C,K41
2023-07-02 02:40:56,0007C1922C,K41
2023-07-02 02:41:13,0007CDFB4B,K41
2023-07-02 02:42:36,00075D879F,K41
2023-07-02 02:46:07,0007AC34C9,K41
2023-07-02 02:46:34,0007CE0896,K41
2023-07-02 02:46:41,0007CDFB4B,K41
2023-07-02 02:48:44,0007AC418B,K41
2023-07-02 02:48:53,0007AC34C9,K41
2023-07-02 02:55:23,0007AC494F,K41
2023-07-02 03:08:52,0007AC0387,K41
2023-07-02 03:11:09,0007CDB484,K41
2023-07-02 03:28:14,000786B8A2,K41
2023-07-02 03:31:52,0007CDFB4B,K41
2023-07-02 03:32:45,00075B22B0,K41
2023-07-02 03:37:28,00074F663E,K41
2023-07-02 03:38:18,0007CDDFAD,K41
2023-07-02 03:38:48,00075D076C,K41
2023-07-02 03:41:56,00075D879F,K41
2023-07-02 03:42:09,0007AC34C9,K41
2023-07-02 03:42:52,0007CE0F3D,K41
2023-07-02 03:43:37,0007CDDFAD,K41
2023-07-02 03:43:51,0007ACAC37,K41
2023-07-02 04:33:16,0007CDFB4B,K41
2023-07-02 04:35:53,00071E2D31,K41
2023-07-02 04:41:24,0007AC34C9,K41
2023-07-02 04:41:37,00075D879F,K41
2023-07-02 04:43:12,0007CDDFAD,K41
2023-07-02 21:45:15,00074F663E,K41
2023-07-02 21:47:19,0007CE0896,K41
2023-07-02 21:48:03,0007AC0387,K41
2023-07-02 21:48:05,0007ABF44A,K41
2023-07-02 21:49:14,0007AC9A80,K41
2023-07-02 21:49:17,00075B22B0,K41
2023-07-02 21:49:35,0007CDFB4B,K41
2023-07-02 21:49:39,0007CE0F3D,K41
2023-07-02 21:49:52,0007CDDFAD,K41
2023-07-02 21:50:04,0007CDDFAD,K41
2023-07-02 21:50:29,0007AC418B,K41
2023-07-02 21:50:38,00071E2D31,K41
2023-07-02 21:53:35,0007CDB484,K41
2023-07-02 21:54:30,000783CB2B,K4
2023-07-02 21:54:34,00079A0255,K4
2023-07-02 21:55:24,000786B8A2,K41
2023-07-02 21:55:42,0007AC0145,K4
2023-07-02 21:55:43,0007AC34C9,K41
2023-07-02 21:55:46,0007AC494F,K41
2023-07-02 21:55:50,0007CDB0C8,K4
2023-07-02 21:58:00,00075D076C,K41
2023-07-02 22:02:21,0007C18B80,K41
2023-07-02 22:34:02,00079AAA3C,K4
2023-07-02 22:36:39,000783A42D,K4
2023-07-02 22:38:22,0007CE0A62,K4
2023-07-02 22:38:49,00079AAA3C,K4
2023-07-02 22:48:20,00079AAA3C,K4
2023-07-02 22:52:21,0007AC44BD,K4
2023-07-02 22:52:44,00079AAA3C,K4
2023-07-02 22:52:56,0007AC44BD,K4
2023-07-02 22:59:47,0007AC9A80,K41
2023-07-02 23:03:56,0007ABF44A,K41
2023-07-02 23:09:43,0007CDDFAD,K41
2023-07-02 23:10:55,0007ACAC37,K41
2023-07-02 23:14:30,0007CDDFAD,K41
2023-07-02 23:17:57,00074F663E,K41
2023-07-02 23:26:47,0007CE0896,K41
2023-07-02 23:40:15,000783A42D,K4
2023-07-02 23:41:12,000786B8A2,K41
2023-07-02 23:41:24,0006E241C1,K4
2023-07-02 23:42:12,000783A42D,K4
2023-07-02 23:42:46,0007ABC5F2,K4
2023-07-02 23:43:03,00075B22B0,K41
2023-07-02 23:43:28,00075B22B0,K41
2023-07-02 23:43:38,0007AC418B,K41
2023-07-02 23:44:06,0007CDEB80,K4
2023-07-02 23:44:30,00071E2D31,K41
2023-07-02 23:45:36,0007ABC5F2,K4
2023-07-02 23:45:38,0007AC0145,K4
2023-07-02 23:48:28,00075D076C,K41
2023-07-02 23:50:29,0006E241C1,K4
2023-07-02 23:51:03,0007C1922C,K41
2023-07-02 23:52:45,00075D879F,K41
2023-07-02 23:54:30,0007AC494F,K41
2023-07-02 23:55:08,000799A5EF,K4
2023-07-02 23:58:53,000783F377,K4
2023-07-02 23:58:57,000799A5EF,K4
2023-07-03 00:00:10,000799A5EF,K4
2023-07-03 00:00:53,000799A5EF,K4
2023-07-03 00:01:04,000783F377,K4
2023-07-03 00:04:34,0007AC0387,K41
2023-07-03 00:08:36,00079AAA3C,K4
2023-07-03 00:09:58,000783A42D,K4
2023-07-03 00:10:17,00079AAA3C,K4
2023-07-03 00:12:35,0007CDB484,K41
2023-07-03 00:16:58,0007AC34C9,K41
2023-07-03 00:18:35,0007CE0F3D,K41
2023-07-03 00:24:01,0007AC9A80,K41
2023-07-03 00:24:50,000799A5EF,K4
2023-07-03 00:26:02,0007AC0145,K4
2023-07-03 00:26:15,000783CB2B,K4
2023-07-03 00:27:09,000799A5EF,K4
2023-07-03 00:48:08,00075B29B2,K4
2023-07-03 00:48:13,0007AC0145,K4
2023-07-03 00:52:21,000799A5EF,K4
2023-07-03 00:52:36,000799A5EF,K4
2023-07-03 00:56:41,00075D076C,K41
2023-07-03 00:59:17,0007CDDFAD,K41
2023-07-03 00:59:46,0007AC418B,K41
2023-07-03 01:01:59,0007ABF44A,K41
2023-07-03 01:02:35,0007AC494F,K41
2023-07-03 01:02:50,00074F663E,K41
2023-07-03 01:04:22,00071E2D31,K41
2023-07-03 01:05:32,000786B8A2,K41
2023-07-03 01:06:50,00079AAA3C,K4
2023-07-03 01:07:13,0007CE0A62,K4
2023-07-03 01:08:54,00075D879F,K41
2023-07-03 01:11:35,0007CDDFAD,K41
2023-07-03 01:16:22,0007CE0A62,K4
2023-07-03 01:16:23,00079AAA3C,K4
2023-07-03 01:20:16,0007AC44BD,K4
2023-07-03 01:21:51,0007AC0734,K4
2023-07-03 01:22:24,000783CB2B,K4
2023-07-03 01:22:27,0007AC0734,K4
2023-07-03 01:22:53,0006B3AC35,K4
2023-07-03 01:23:07,0007AC0734,K4
2023-07-03 01:23:48,00075B29B2,K4
2023-07-03 01:23:55,000783CB2B,K4
2023-07-03 01:23:57,0007AC44BD,K4
2023-07-03 01:24:35,0007ABC5F2,K4
2023-07-03 01:25:43,0006B3AC35,K4
2023-07-03 01:26:12,0007ABD4DC,K4
2023-07-03 01:26:22,0007AC0145,K4
2023-07-03 01:30:51,0007CDB484,K41
2023-07-03 01:31:57,0007AC44BD,K4
2023-07-03 01:32:50,00079A0255,K4
2023-07-03 01:32:54,0007AC44BD,K4
2023-07-03 01:32:58,0007ABDCCF,K4
2023-07-03 01:32:59,00075B22B0,K41
2023-07-03 01:35:26,0007ABC5F2,K4
2023-07-03 01:35:55,0007C1922C,K41
2023-07-03 01:36:11,0007ACAC37,K41
2023-07-03 01:36:21,00079AAA3C,K4
2023-07-03 01:38:25,00079AAA3C,K4
2023-07-03 01:46:09,000783A42D,K4
2023-07-03 01:47:07,00075B29B2,K4
2023-07-03 01:47:47,0007AC34C9,K41
2023-07-03 01:47:51,0007AC9A80,K41
2023-07-03 01:48:25,0007ABC5F2,K4
2023-07-03 01:51:11,00079AAA3C,K4
2023-07-03 01:54:09,000783CB2B,K4
2023-07-03 01:54:23,0007CE0F3D,K41
2023-07-03 01:55:13,0007AC8BE4,K4
2023-07-03 01:57:25,0007AC0145,K4
2023-07-03 02:00:28,0007AC8BE4,K4
2023-07-03 02:00:33,00079AAA3C,K4
2023-07-03 02:01:23,00075B29B2,K4
2023-07-03 02:03:26,0007AC418B,K41
2023-07-03 02:03:41,000783A42D,K4
2023-07-03 02:04:39,00079AAA3C,K4
2023-07-03 02:04:54,0006B3AC35,K4
2023-07-03 02:04:56,00074F663E,K41
2023-07-03 02:04:57,000783A42D,K4
2023-07-03 02:05:42,000783A42D,K4
2023-07-03 02:07:03,000786B8A2,K41
2023-07-03 02:07:09,0006B3AC35,K4
2023-07-03 02:08:23,000783F377,K4
2023-07-03 02:08:40,00079A0255,K4
2023-07-03 02:08:57,0007ACAC37,K41
2023-07-03 02:09:46,0007AC0387,K41
2023-07-03 02:10:53,00079AAA3C,K4
2023-07-03 02:10:54,00075D879F,K41
2023-07-03 02:11:00,0007ABDCCF,K4
2023-07-03 02:11:48,0007AC0145,K4
2023-07-03 02:13:23,0006B3AC35,K4
2023-07-03 02:14:10,0007AC494F,K41
2023-07-03 02:14:16,00074F663E,K41
2023-07-03 02:16:15,00079A0255,K4
2023-07-03 02:19:04,0007ABC5F2,K4
2023-07-03 02:19:30,0007CDDFAD,K41
2023-07-03 02:21:59,00079A0255,K4
2023-07-03 02:23:38,0007ABF44A,K41
2023-07-03 02:23:50,000786B8A2,K41
2023-07-03 02:23:53,000799A5EF,K4
2023-07-03 02:24:39,00075D076C,K41
2023-07-03 02:26:43,00075B22B0,K41
2023-07-03 02:27:35,000799A5EF,K4
2023-07-03 02:27:48,0006B3AC35,K4
2023-07-03 02:28:20,0007CDDFAD,K41
2023-07-03 02:28:42,0007CDB484,K41
2023-07-03 02:29:04,0007C18B80,K41
2023-07-03 02:29:38,000783A42D,K4
2023-07-03 02:29:52,0007CE0896,K41
2023-07-03 02:30:20,0007AC0145,K4
2023-07-03 02:32:43,0006E241C1,K4
2023-07-03 02:34:15,000799A5EF,K4
2023-07-03 02:34:50,0007ABDCCF,K4
2023-07-03 02:36:18,0006E241C1,K4
2023-07-03 02:37:40,000783CB2B,K4
2023-07-03 02:43:37,00075B22B0,K41
2023-07-03 02:45:35,0007AC9A80,K41
2023-07-03 02:46:43,0006B3AC35,K4
2023-07-03 02:47:30,00071E2D31,K41
2023-07-03 02:51:10,000799A5EF,K4
2023-07-03 02:51:37,00079AAA3C,K4
2023-07-03 02:52:05,0007AC34C9,K41
2023-07-03 02:52:10,0007AC0145,K4
2023-07-03 02:55:02,000783A42D,K4
2023-07-03 03:03:00,00079AAA3C,K4
2023-07-03 03:04:58,0007AC0145,K4
2023-07-03 03:06:05,0006B3AC35,K4
2023-07-03 03:07:22,0006E241C1,K4
2023-07-03 03:07:26,000799A5EF,K4
2023-07-03 03:07:26,0007CDFB4B,K41
2023-07-03 03:08:39,00074F663E,K41
2023-07-03 03:08:40,000783F377,K4
2023-07-03 03:09:39,0007CE0A62,K4
2023-07-03 03:10:01,0007ABC5F2,K4
2023-07-03 03:10:50,0006E241C1,K4
2023-07-03 03:11:37,0007AC494F,K41
2023-07-03 03:12:56,0007AC0145,K4
2023-07-03 03:13:16,00075B29B2,K4
2023-07-03 03:14:36,0007ABC5F2,K4
2023-07-03 03:14:39,0007CE0A62,K4
2023-07-03 03:15:22,0007CDDFAD,K41
2023-07-03 03:17:04,000783CB2B,K4
2023-07-03 03:18:19,00075D879F,K41
2023-07-03 03:19:53,000799A5EF,K4
2023-07-03 03:19:55,0007CE0636,K4
2023-07-03 03:20:07,000783F377,K4
2023-07-03 03:25:53,0007CDDFAD,K41
2023-07-03 03:26:07,0007AC9A80,K41
2023-07-03 03:26:10,0006B3AC35,K4
2023-07-03 03:26:51,000786B8A2,K41
2023-07-03 03:28:21,0007AC418B,K41
2023-07-03 03:29:09,000783F377,K4
2023-07-03 03:29:28,0007CE0F3D,K41
2023-07-03 03:31:34,00075D076C,K41
2023-07-03 03:33:44,0007ACAC37,K41
2023-07-03 03:34:02,0006E241C1,K4
2023-07-03 03:35:22,0006E241C1,K4
2023-07-03 03:37:51,00079A0255,K4
2023-07-03 03:37:54,0006B3AC35,K4
2023-07-03 03:40:25,000783F377,K4
2023-07-03 03:42:28,00071E2D31,K41
2023-07-03 03:44:48,0006E241C1,K4
2023-07-03 03:59:13,000783CB2B,K4
2023-07-03 04:02:38,0006E241C1,K4
2023-07-03 04:27:19,0007ACAC37,K41
2023-07-03 04:32:07,0007C18B80,K41
2023-07-03 04:40:31,0007CE0A62,K4
2023-07-03 04:40:42,0006B3AC35,K4
2023-07-03 04:45:33,000799A5EF,K4
2023-07-03 04:48:32,0007CDDFAD,K41
2023-07-03 04:49:16,000786B8A2,K41
2023-07-03 04:50:46,000783A42D,K4
2023-07-03 04:51:32,00071E2D31,K41
2023-07-03 04:52:41,00079AAA3C,K4
2023-07-03 04:57:28,0006E241C1,K4
2023-07-03 04:59:56,0007CE0F3D,K41
2023-07-03 05:00:01,0007CDFB4B,K41
2023-07-03 05:00:08,0007CE0F3D,K41
2023-07-03 21:35:05,00075B22B0,K41
2023-07-03 21:40:19,0007CE0896,K41
2023-07-03 21:42:35,00074F663E,K41
2023-07-03 21:42:39,0007CE0896,K41
2023-07-03 21:43:19,000799A5EF,K4
2023-07-03 21:43:30,0007C1922C,K41
2023-07-03 21:43:39,0007AC34C9,K41
2023-07-03 21:44:15,0007CDDFAD,K41
2023-07-03 21:44:23,00075D879F,K41
2023-07-03 21:44:26,0007C1922C,K41
2023-07-03 21:44:27,0007CDFB4B,K41
2023-07-03 21:44:32,0007CDDFAD,K41
2023-07-03 21:44:58,0007AC0387,K41
2023-07-03 21:45:04,0007CE0F3D,K41
2023-07-03 21:46:27,00079AAA3C,K4
2023-07-03 21:46:37,0007AC418B,K41
2023-07-03 21:46:42,0007CDB484,K41
2023-07-03 21:47:13,0007ABF44A,K41
2023-07-03 21:48:01,000783A42D,K4
2023-07-03 21:48:08,0007ACAC37,K41
2023-07-03 21:48:08,0007ABC5F2,K4
2023-07-03 21:48:28,0007ABDCCF,K4
2023-07-03 21:48:34,0007AC9A80,K41
2023-07-03 21:48:39,0006B3AC35,K4
2023-07-03 21:48:47,00079A0255,K4
2023-07-03 21:49:14,000786B8A2,K41
2023-07-03 21:49:39,000783F377,K4
2023-07-03 21:51:12,0007C18C52,K41
2023-07-03 21:51:19,00071E2D31,K41
2023-07-03 21:51:36,0006E241C1,K4
2023-07-03 21:51:48,0007AC494F,K41
2023-07-03 21:52:15,00075D076C,K41
2023-07-03 21:52:54,00075B29B2,K4
2023-07-03 21:52:57,0007AC0145,K4
2023-07-03 21:54:23,0007CE0A62,K4
2023-07-03 21:54:30,0007C18B80,K41
2023-07-03 21:55:31,000783CB2B,K4
2023-07-03 21:55:38,0007CDB0C8,K4
2023-07-03 22:19:07,000799A5EF,K4
2023-07-03 22:21:09,0007ACA816,K4
2023-07-03 22:35:23,000799A5EF,K4
2023-07-03 22:50:29,000783A42D,K4
2023-07-03 22:54:03,0007CDEB80,K4
2023-07-03 22:55:19,0007CDEB80,K4
2023-07-03 23:06:12,00075B22B0,K41
2023-07-03 23:10:18,00074F663E,K41
2023-07-03 23:14:05,0007AC9A80,K41
2023-07-03 23:16:58,0007AC418B,K41
2023-07-03 23:19:56,0007ACA816,K4
2023-07-03 23:21:03,000786B8A2,K41
2023-07-03 23:24:11,00079AAA3C,K4
2023-07-03 23:25:23,0007CDEB80,K4
2023-07-03 23:26:13,0006E241C1,K4
2023-07-03 23:26:51,0007AC0734,K4
2023-07-03 23:33:28,0007CE0F3D,K41
2023-07-03 23:35:21,0007AC44BD,K4
2023-07-03 23:36:01,0007AC0734,K4
2023-07-03 23:36:28,0007CDB484,K41
2023-07-03 23:36:52,0007CDEB80,K4
2023-07-03 23:36:55,0007AC44BD,K4
2023-07-03 23:37:33,0007ABDCCF,K4
2023-07-03 23:38:08,0007ACAC37,K41
2023-07-03 23:39:15,0006E241C1,K4
2023-07-03 23:39:19,0007CE0636,K4
2023-07-03 23:40:19,0007AC0734,K4
2023-07-03 23:40:33,000783A42D,K4
2023-07-03 23:40:49,00075D879F,K41
2023-07-03 23:41:10,0006B3AC35,K4
2023-07-03 23:42:46,0007AC44BD,K4
2023-07-03 23:43:41,00079AAA3C,K4
2023-07-03 23:43:50,0007AC44BD,K4
2023-07-03 23:44:32,0007ACA816,K4
2023-07-03 23:46:10,000783A42D,K4
2023-07-03 23:47:01,0007AC0734,K4
2023-07-03 23:47:11,000799A5EF,K4
2023-07-03 23:48:37,0007AC44BD,K4
2023-07-03 23:49:08,0007AC494F,K41
2023-07-03 23:50:02,0006E24ECA,K4
2023-07-03 23:53:29,0006E239ED,K4
2023-07-03 23:53:49,0007ABC5F2,K4
2023-07-03 23:55:03,0007AC44BD,K4
2023-07-03 23:58:38,0007AC34C9,K41
2023-07-04 00:01:48,0007AC9A80,K41
2023-07-04 00:02:18,0007AC0145,K4
2023-07-04 00:02:34,0006E239ED,K4
2023-07-04 00:04:19,000799A5EF,K4
2023-07-04 00:04:54,0007ABF44A,K41
2023-07-04 00:05:05,0007CE0F3D,K41
2023-07-04 00:05:46,0007ACAC37,K41
2023-07-04 00:06:43,0006B3AC35,K4
2023-07-04 00:07:08,0007CDDFAD,K41
2023-07-04 00:07:45,00075B29B2,K4
2023-07-04 00:08:40,0006E239ED,K4
2023-07-04 00:10:56,0007ABC5F2,K4
2023-07-04 00:12:14,0007CDDFAD,K41
2023-07-04 00:12:18,0006E24ECA,K4
2023-07-04 00:15:36,0007CE0896,K41
2023-07-04 00:16:10,00074F663E,K41
2023-07-04 00:18:15,000786B8A2,K41
2023-07-04 00:19:26,00079A0255,K4
2023-07-04 00:25:29,0006B3BF04,K4
2023-07-04 00:25:48,0006B3BF04,K4
2023-07-04 00:27:03,0007ABD629,K4
2023-07-04 00:27:29,0007CE0636,K4
2023-07-04 00:27:43,00075D076C,K41
2023-07-04 00:27:46,0007AC3CC1,K4
2023-07-04 00:28:48,0007CE0896,K4
2023-07-04 00:29:59,00071E2D31,K41
2023-07-04 00:31:15,000783F377,K4
2023-07-04 00:32:31,0007ABDCCF,K4
2023-07-04 00:34:08,0007AC0387,K41
2023-07-04 00:34:29,000783CB2B,K4
2023-07-04 00:38:52,0007ACA816,K4
2023-07-04 00:39:37,0007C18B80,K41
2023-07-04 00:46:29,0007ABDCCF,K4
2023-07-04 00:47:46,0007AC418B,K41
2023-07-04 00:47:59,0007AC3CC1,K4
2023-07-04 00:48:46,0007CE0896,K41
2023-07-04 00:49:00,0006E239ED,K4
2023-07-04 00:51:02,0007CDB484,K41
2023-07-04 00:51:35,0007AC494F,K41
2023-07-04 00:52:04,0007CE0636,K4
2023-07-04 00:52:30,0007AC9A80,K41
2023-07-04 00:53:35,000783A42D,K4
2023-07-04 00:55:29,0007AC44BD,K4
2023-07-04 00:59:38,0007C1922C,K41
2023-07-04 01:00:05,0006E239ED,K4
2023-07-04 01:00:25,0007ACAC37,K41
2023-07-04 01:02:25,0007ABD629,K4
2023-07-04 01:02:32,0007CDEB80,K4
2023-07-04 01:02:43,0007CDEB80,K4
2023-07-04 01:02:48,00079AAA3C,K4
2023-07-04 01:05:25,0007AC0734,K4
2023-07-04 01:06:12,0007AC44BD,K4
2023-07-04 01:06:33,00075D879F,K41
2023-07-04 01:09:41,0006E241C1,K4
2023-07-04 01:10:39,0007CE0636,K4
2023-07-04 01:11:04,00079AAA3C,K4
2023-07-04 01:17:15,0006B3BF04,K4
2023-07-04 01:21:03,0007CE0F3D,K41
2023-07-04 01:24:38,000786B8A2,K41
2023-07-04 01:25:56,0007AC34C9,K41
2023-07-04 01:28:56,0007AC0387,K41
2023-07-04 01:30:41,0006E241C1,K4
2023-07-04 01:31:32,00075B29B2,K4
2023-07-04 01:32:45,0007CE0636,K4
2023-07-04 01:33:08,000799A5EF,K4
2023-07-04 01:36:40,00074F663E,K41
2023-07-04 01:38:13,0006E24ECA,K4
2023-07-04 01:39:47,0007ACA816,K4
2023-07-04 01:40:50,0006B3AC35,K4
2023-07-04 01:41:13,00075D076C,K41
2023-07-04 01:42:19,0007CDDFAD,K41
2023-07-04 01:42:28,0007CDB484,K41
2023-07-04 01:43:38,000799A5EF,K4
2023-07-04 01:44:22,00075B22B0,K41
2023-07-04 01:45:42,0007ACA816,K4
2023-07-04 01:48:39,0007ABC5F2,K4
2023-07-04 01:48:44,00071E2D31,K41
2023-07-04 01:50:03,0007CDDFAD,K41
2023-07-04 01:52:30,0007CDEB80,K4
2023-07-04 01:52:32,0006B3AC35,K4
2023-07-04 01:56:38,00079AAA3C,K4
2023-07-04 01:58:09,0006E239ED,K4
2023-07-04 01:58:28,0007AC494F,K41
2023-07-04 01:58:40,00079A0255,K4
2023-07-04 02:00:16,00079AAA3C,K4
2023-07-04 02:00:35,0007CDFB4B,K41
2023-07-04 02:03:49,000783A42D,K4
2023-07-04 02:04:01,00071E2D31,K41
2023-07-04 02:04:29,0007ABD4DC,K4
2023-07-04 02:08:50,0007AC9A80,K41
2023-07-04 02:09:23,0007ABF44A,K41
2023-07-04 02:14:47,0007AC3CC1,K4
2023-07-04 02:14:58,0007AC3CC1,K4
2023-07-04 02:15:12,0007AC44BD,K4
2023-07-04 02:15:59,0007AC0734,K4
2023-07-04 02:17:29,0007AC0387,K41
2023-07-04 02:18:02,0006E24ECA,K4
2023-07-04 02:18:14,0007CDDFAD,K41
2023-07-04 02:19:20,0007AC418B,K41
2023-07-04 02:20:11,0006E241C1,K4
2023-07-04 02:20:12,0007CDB484,K41
2023-07-04 02:22:55,0007ABD629,K4
2023-07-04 02:23:08,0007CDDFAD,K41
2023-07-04 02:24:04,0007ACA816,K4
2023-07-04 02:26:20,0007AC44BD,K4
2023-07-04 02:27:45,000783F377,K4
2023-07-04 02:28:21,0007CDEB80,K4
2023-07-04 02:29:31,00075D076C,K41
2023-07-04 02:30:28,000786B8A2,K41
2023-07-04 02:31:20,0007CE0636,K4
2023-07-04 02:31:30,0007AC494F,K41
2023-07-04 02:32:03,0007C1922C,K41
2023-07-04 02:32:17,0007AC34C9,K41
2023-07-04 02:33:08,0006E239ED,K4
2023-07-04 02:35:25,00079AAA3C,K4
2023-07-04 02:36:06,00075D879F,K41
2023-07-04 02:40:21,00074F663E,K41
2023-07-04 02:41:15,000786B8A2,K41
2023-07-04 02:42:58,0007CDB0C8,K4
2023-07-04 02:45:25,0007ABDCCF,K4
2023-07-04 02:45:49,0006E241C1,K4
2023-07-04 02:46:16,00079AAA3C,K4
2023-07-04 02:48:09,00075B22B0,K41
2023-07-04 02:48:19,00079A0255,K4
2023-07-04 02:49:14,000783A42D,K4
2023-07-04 02:55:05,000783CB2B,K4
2023-07-04 02:55:41,000799A5EF,K4
2023-07-04 03:00:15,0007CE0896,K41
2023-07-04 03:02:17,0007AC0145,K4
2023-07-04 03:05:31,000799A5EF,K4
2023-07-04 03:07:17,0006B3AC35,K4
2023-07-04 03:07:47,00075B29B2,K4
2023-07-04 03:10:05,0007CE0F3D,K41
2023-07-04 03:15:24,0007CE0636,K4
2023-07-04 03:15:54,0007ABC5F2,K4
2023-07-04 03:16:16,0007AC0734,K4
2023-07-04 03:16:29,0007CDDFAD,K41
2023-07-04 03:16:57,0007AC44BD,K4
2023-07-04 03:17:28,0006E239ED,K4
2023-07-04 03:18:39,0007ACA816,K4
2023-07-04 03:19:10,0006B3AC35,K4
2023-07-04 03:20:35,0007AC418B,K41
2023-07-04 03:22:00,0007CE0896,K41
2023-07-04 03:22:04,0007ABF44A,K41
2023-07-04 03:23:06,0007C1922C,K41
2023-07-04 03:25:25,0007CDDFAD,K41
2023-07-04 03:26:39,0007AC494F,K41
2023-07-04 03:28:52,0007AC44BD,K4
2023-07-04 03:28:57,00074F663E,K41
2023-07-04 03:29:05,00079AAA3C,K4
2023-07-04 03:29:15,000786B8A2,K41
2023-07-04 03:29:25,0007ABF44A,K41
2023-07-04 03:37:42,0007ACA816,K4
2023-07-04 03:37:51,00079AAA3C,K4
2023-07-04 03:38:43,00071E2D31,K41
2023-07-04 03:40:12,000783A42D,K4
2023-07-04 03:40:50,0007ACAC37,K41
2023-07-04 03:41:36,0007AC34C9,K41
2023-07-04 03:42:29,0006E241C1,K4
2023-07-04 03:45:35,0007AC0387,K41
2023-07-04 03:47:20,0007AC3CC1,K4
2023-07-04 03:47:55,00079A0255,K4
2023-07-04 03:48:09,0007ABD629,K4
2023-07-04 03:57:05,00075D879F,K41
2023-07-04 03:58:38,0007CE0A62,K4
2023-07-04 04:11:46,0006E241C1,K4
2023-07-04 04:12:00,00075D076C,K41
2023-07-04 04:18:25,0007CE0A62,K4
2023-07-04 04:41:48,0007AC34C9,K41
2023-07-04 04:43:30,0007CE0A62,K4
2023-07-04 04:45:16,0007AC44BD,K4
2023-07-04 04:45:44,0006E24ECA,K4
2023-07-04 04:47:57,0007CDB0C8,K4
2023-07-04 04:49:45,00071E2D31,K41
2023-07-04 04:50:20,0007ACAC37,K41
2023-07-04 04:50:24,0007CE0636,K4
2023-07-04 04:51:13,0007CDDFAD,K41
2023-07-04 04:52:25,0006B3AC35,K4
2023-07-04 04:53:29,0006E239ED,K4
2023-07-04 04:53:40,00079AAA3C,K4
2023-07-04 04:54:25,000786B8A2,K41
2023-07-04 04:55:53,0006E24ECA,K4
2023-07-04 04:56:00,000799A5EF,K4
2023-07-04 04:58:42,000783CB2B,K4
2023-07-04 04:58:44,0006E241C1,K4
2023-07-04 05:01:15,00074F663E,K41
2023-07-04 05:02:26,0006E241C1,K4
2023-07-04 14:59:42,0007ACA816,K4
2023-07-04 14:59:53,0007ACA816,K4
2023-07-04 21:28:01,0007ACAC37,K41
2023-07-04 21:41:21,0006E241C1,K4
2023-07-04 21:41:40,0007AC0387,K41
2023-07-04 21:41:50,000783A42D,K4
2023-07-04 21:42:10,000786B8A2,K41
2023-07-04 21:42:41,000799A5EF,K4
2023-07-04 21:42:48,00075D879F,K41
2023-07-04 21:43:07,0007ABF44A,K41
2023-07-04 21:43:11,000786B8A2,K41
2023-07-04 21:43:29,0007ABC5F2,K4
2023-07-04 21:43:33,00079A0255,K4
2023-07-04 21:43:36,0007ABD629,K4
2023-07-04 21:43:44,0007CDDFAD,K41
2023-07-04 21:43:49,0007ACAC37,K41
2023-07-04 21:43:57,00074F663E,K41
2023-07-04 21:44:05,0007ABDCCF,K4
2023-07-04 21:44:09,0007C1922C,K41
2023-07-04 21:44:24,00079AAA3C,K4
2023-07-04 21:44:26,0006E24ECA,K4
2023-07-04 21:44:27,0007AC44BD,K4
2023-07-04 21:44:29,0007ABDCCF,K4
2023-07-04 21:44:32,0007ABD629,K4
2023-07-04 21:44:45,0007AC3CC1,K4
2023-07-04 21:45:52,0007AC9A80,K41
2023-07-04 21:46:18,00075B22B0,K41
2023-07-04 21:46:26,00071E2D31,K41
2023-07-04 21:47:15,0007AC34C9,K41
2023-07-04 21:47:44,0007CDB484,K41
2023-07-04 21:47:47,0007CE0896,K41
2023-07-04 21:48:10,000783F377,K4
2023-07-04 21:48:13,0007ABD629,K4
2023-07-04 21:48:18,00075B29B2,K4
2023-07-04 21:48:23,0007ACA816,K4
2023-07-04 21:48:26,000783CB2B,K4
2023-07-04 21:48:35,0007CDEB80,K4
2023-07-04 21:48:37,0007CE0F3D,K41
2023-07-04 21:48:39,00075B29B2,K4
2023-07-04 21:48:45,0007CE0636,K4
2023-07-04 21:48:56,0007CDB0C8,K4
2023-07-04 21:49:51,0007AC0734,K4
2023-07-04 21:50:45,0006B3AC35,K4
2023-07-04 21:50:47,0007AC0734,K4
2023-07-04 21:50:48,0007CE0A62,K4
2023-07-04 21:52:09,00075D076C,K41
2023-07-04 21:52:18,0007C18C52,K41
2023-07-04 21:53:43,0007AC0145,K4
2023-07-04 21:53:52,0007AC494F,K41
2023-07-04 21:53:57,0007AC0145,K4
2023-07-04 21:54:52,0007C18B80,K41
2023-07-04 21:56:15,0007C18C52,K41
2023-07-04 22:00:42,0007ABD4DC,K4
2023-07-04 22:42:13,000783A42D,K4
2023-07-04 22:50:50,0007AC8BE4,K4
2023-07-04 22:51:58,0007AC8BE4,K4
2023-07-04 22:55:00,0007ABDCCF,K4
2023-07-04 22:55:54,0007ABF44A,K41
2023-07-04 22:56:06,0007CE0636,K4
2023-07-04 23:03:32,0006B3BF04,K4
2023-07-04 23:04:08,0006B3BF04,K4
2023-07-04 23:04:24,0006B3BF04,K4
2023-07-04 23:07:19,0007CE0636,K4
2023-07-04 23:11:45,00075D879F,K41
2023-07-04 23:11:55,000799A5EF,K4
2023-07-04 23:13:41,0006E239ED,K4
2023-07-04 23:14:11,0007AC0145,K4
2023-07-04 23:14:14,0007AC3CC1,K4
2023-07-04 23:16:10,0007AC3CC1,K4
2023-07-04 23:16:45,0006E24C7B,K4
2023-07-04 23:17:15,000786B8A2,K41
2023-07-04 23:19:52,0007ABF44A,K41
2023-07-04 23:20:25,0007ABC5F2,K4
2023-07-04 23:20:31,0007AC0734,K4
2023-07-04 23:20:32,0007AC9A80,K41
2023-07-04 23:20:53,000799A5EF,K4
2023-07-04 23:21:35,0007AC0145,K4
2023-07-04 23:22:26,00075D879F,K41
2023-07-04 23:24:01,0007AC34C9,K41
2023-07-04 23:24:32,00079A0255,K4
2023-07-04 23:26:47,0006E24C7B,K4
2023-07-04 23:27:15,0006E241C1,K4
2023-07-04 23:27:28,0007AC80F1,K4
2023-07-04 23:27:53,00075D076C,K41
2023-07-04 23:30:04,0007ABD629,K4
2023-07-04 23:31:32,0007AC44BD,K4
2023-07-04 23:33:51,0006E24ECA,K4
2023-07-04 23:33:53,0006B3AC35,K4
2023-07-04 23:35:30,0007CDEB80,K4
2023-07-04 23:37:15,0006E241C1,K4
2023-07-04 23:38:23,00074F663E,K41
2023-07-04 23:38:34,0007ACAC37,K41
2023-07-04 23:40:11,0007C1922C,K41
2023-07-04 23:40:24,00079AAA3C,K4
2023-07-04 23:41:03,0007AC494F,K41
2023-07-04 23:43:22,0006E24C7B,K4
2023-07-04 23:43:51,0007CDB484,K41
2023-07-04 23:47:19,00074F663E,K41
2023-07-04 23:48:24,000783F429,K4
2023-07-04 23:48:40,000783CB2B,K4
2023-07-04 23:49:01,000783A42D,K4
2023-07-04 23:49:22,00079AAA3C,K4
2023-07-04 23:49:24,000788A24D,K4
2023-07-04 23:49:28,00071E2D31,K41
2023-07-04 23:50:09,0007AC44BD,K4
2023-07-04 23:51:59,000783F377,K4
2023-07-04 23:53:27,0007CDDFAD,K41
2023-07-04 23:57:14,0007CDB484,K41
2023-07-04 23:59:58,00075B29B2,K4
2023-07-05 00:02:40,0007CE12D7,K4
2023-07-05 00:02:51,0007CE12D7,K4
2023-07-05 00:03:04,0007CE0F3D,K41
2023-07-05 00:03:12,000788A24D,K4
2023-07-05 00:03:14,0007CE12D7,K4
2023-07-05 00:04:20,0007CE054D,K4
2023-07-05 00:11:01,0007ACA816,K4
2023-07-05 00:12:59,0007AC0734,K4
2023-07-05 00:13:43,0007ABC809,K4
2023-07-05 00:14:13,0007AC34C9,K41
2023-07-05 00:15:01,00074F663E,K41
2023-07-05 00:15:06,0007CE0636,K4
2023-07-05 00:15:07,000783F377,K41
2023-07-05 00:16:20,0007CDDFAD,K41
2023-07-05 00:16:53,00075B22B0,K41
2023-07-05 00:17:10,0007AC418B,K41
2023-07-05 00:17:53,0006E24C7B,K4
2023-07-05 00:19:35,000786B8A2,K41
2023-07-05 00:21:08,0007AC34C9,K41
2023-07-05 00:21:13,0007ABF44A,K41
2023-07-05 00:22:49,0006E239ED,K4
2023-07-05 00:23:03,0007CDEB80,K4
2023-07-05 00:25:35,00075D076C,K41
2023-07-05 00:25:52,0007ABDCCF,K4
2023-07-05 00:25:56,0007AC0387,K41
2023-07-05 00:27:04,0007AC5939,K4
2023-07-05 00:29:13,0007ABC809,K4
2023-07-05 00:29:24,0007AC44BD,K4
2023-07-05 00:30:32,0007CDEB80,K4
2023-07-05 00:31:44,0007ACAC37,K41
2023-07-05 00:32:47,00074F663E,K41
2023-07-05 00:33:10,0006E239ED,K4
2023-07-05 00:33:42,0007ABDCCF,K4
2023-07-05 00:35:17,000788A24D,K4
2023-07-05 00:35:45,0007CE0896,K41
2023-07-05 00:37:14,0007AC5939,K4
2023-07-05 00:38:53,0007AC494F,K41
2023-07-05 00:39:28,0007AC9A80,K41
2023-07-05 00:43:19,0007AC3CC1,K4
2023-07-05 00:43:57,0007AC5939,K4
2023-07-05 00:46:29,000783CB2B,K4
2023-07-05 00:46:49,0007ACA816,K4
2023-07-05 00:47:07,0006E241C1,K4
2023-07-05 00:48:32,00079A0255,K4
2023-07-05 00:49:16,0007ABD629,K4
2023-07-05 00:55:50,0007AC44BD,K4
2023-07-05 00:58:32,00075D879F,K41
2023-07-05 01:00:36,0006E24ECA,K4
2023-07-05 01:00:42,0007AC5939,K4
2023-07-05 01:02:27,0007AC0734,K4
2023-07-05 01:07:36,0007CDDFAD,K41
2023-07-05 01:09:33,00071E15BF,K4
2023-07-05 01:10:17,0007CE0636,K4
2023-07-05 01:10:58,000799A5EF,K4
2023-07-05 01:11:03,0007C1922C,K41
2023-07-05 01:11:17,00075CE063,K4
2023-07-05 01:11:25,00075D879F,K41
2023-07-05 01:11:28,00075CE063,K4
2023-07-05 01:11:43,000799A5EF,K4
2023-07-05 01:12:34,0006E241C1,K4
2023-07-05 01:13:06,0007AC8BE4,K4
2023-07-05 01:14:51,00075B22B0,K41
2023-07-05 01:15:35,0007CE0896,K41
2023-07-05 01:15:50,0007ABC5F2,K4
2023-07-05 01:16:23,0007CDFB4B,K41
2023-07-05 01:17:45,00075B22B0,K41
2023-07-05 01:18:02,0007CDDFAD,K41
2023-07-05 01:18:54,00079AAA3C,K4
2023-07-05 01:19:55,00071E2D31,K41
2023-07-05 01:21:04,0007CDB484,K41
2023-07-05 01:21:57,00075B22B0,K41
2023-07-05 01:22:11,00075B22B0,K41
2023-07-05 01:25:35,000783A42D,K4
2023-07-05 01:25:57,0007ACAC37,K41
2023-07-05 01:27:35,00079AAA3C,K4
2023-07-05 01:29:46,0006B3AC35,K4
2023-07-05 01:30:31,0007ABC809,K4
2023-07-05 01:32:29,0007AC418B,K41
2023-07-05 01:34:05,0007AC0145,K4
2023-07-05 01:34:19,0007CDCC06,K4
2023-07-05 01:35:44,000799A5EF,K4
2023-07-05 01:35:58,0006E239ED,K4
2023-07-05 01:37:29,0007AC3CC1,K4
2023-07-05 01:38:08,0006B3AC35,K4
2023-07-05 01:38:24,0007AC34C9,K41
2023-07-05 01:39:33,000783F377,K4
2023-07-05 01:42:00,0006E24C7B,K4
2023-07-05 01:42:14,0007ABF44A,K41
2023-07-05 01:42:55,0007CE0F3D,K41
2023-07-05 01:43:43,000799A5EF,K4
2023-07-05 01:44:47,0006E239ED,K4
2023-07-05 01:45:12,00075B29B2,K4
2023-07-05 01:46:01,00071E2D31,K41
2023-07-05 01:47:45,0007AC3CC1,K4
2023-07-05 01:48:15,0007CE0F3D,K41
2023-07-05 01:56:04,00079A0255,K4
2023-07-05 01:59:49,00075D076C,K41
2023-07-05 02:00:00,0007CE0636,K4
2023-07-05 02:01:29,0006B3BF04,K4
2023-07-05 02:02:08,0006B3BF04,K4
2023-07-05 02:02:30,0007CE0A62,K4
2023-07-05 02:03:54,0007AC5939,K4
2023-07-05 02:07:37,0007AC0387,K41
2023-07-05 02:08:01,0006E24C7B,K4
2023-07-05 02:09:11,0007ABC5F2,K4
2023-07-05 02:09:31,0007ABC5F2,K4
2023-07-05 02:10:14,0007AC9A80,K41
2023-07-05 02:10:21,000788A24D,K4
2023-07-05 02:10:26,00074F663E,K41
2023-07-05 02:11:02,0007ABC5F2,K4
2023-07-05 02:12:03,000783A42D,K4
2023-07-05 02:12:48,0006E241C1,K4
2023-07-05 02:13:39,0007AC44BD,K4
2023-07-05 02:15:43,000786B8A2,K41
2023-07-05 02:15:52,000783CB2B,K4
2023-07-05 02:16:42,0007CDEE51,K4
2023-07-05 02:17:17,0007CDEE51,K4
2023-07-05 02:17:30,0007CDEE51,K4
2023-07-05 02:17:40,0007CE0A62,K4
2023-07-05 02:18:02,0007ACA816,K4
2023-07-05 02:18:30,000786B8A2,K41
2023-07-05 02:18:39,0007CDEB80,K4
2023-07-05 02:18:59,0007AC5939,K4
2023-07-05 02:21:50,0007AC0734,K4
2023-07-05 02:22:49,0007AC44BD,K4
2023-07-05 02:24:42,00075D879F,K41
2023-07-05 02:24:52,00075CE063,K4
2023-07-05 02:25:01,0007ABDCCF,K4
2023-07-05 02:26:53,0007ACAC37,K41
2023-07-05 02:26:54,0006E241C1,K4
2023-07-05 02:27:20,0007AC494F,K41
2023-07-05 02:28:27,000799A5EF,K4
2023-07-05 02:29:22,0007AC5939,K4
2023-07-05 02:29:47,0007ABD629,K4
2023-07-05 02:32:19,0006E24C7B,K4
2023-07-05 02:34:01,0007ABC5F2,K4
2023-07-05 02:34:11,0007C1922C,K41
2023-07-05 02:34:51,0006E239ED,K4
2023-07-05 02:34:55,000783F377,K4
2023-07-05 02:36:11,00075CE063,K4
2023-07-05 02:36:44,000799A5EF,K4
2023-07-05 02:37:54,00075B22B0,K41
2023-07-05 02:38:05,00071E2D31,K41
2023-07-05 02:39:07,0007ABF44A,K41
2023-07-05 02:40:44,0007ABC5F2,K4
2023-07-05 02:40:58,0007ABC5F2,K4
2023-07-05 02:41:10,0007ABC5F2,K4
2023-07-05 02:41:12,0006E239ED,K4
2023-07-05 02:45:58,0007AC34C9,K41
2023-07-05 02:46:56,0006E239ED,K4
2023-07-05 02:47:08,0007AC9A80,K41
2023-07-05 02:49:17,00079AAA3C,K4
2023-07-05 02:50:44,0007C18B80,K41
2023-07-05 02:52:35,0007AC3CC1,K4
2023-07-05 02:53:29,0006B3AC35,K4
2023-07-05 02:55:08,0007CDDFAD,K41
2023-07-05 02:55:17,00075D076C,K41
2023-07-05 02:56:17,00075D879F,K41
2023-07-05 02:57:16,0007AC9A80,K41
2023-07-05 02:57:52,0007AC0145,K4
2023-07-05 02:58:15,0007AC44BD,K4
2023-07-05 02:59:11,0007ACAC37,K41
2023-07-05 02:59:21,000786B8A2,K41
2023-07-05 02:59:23,0007ABC809,K4
2023-07-05 03:00:22,00075B29B2,K4
2023-07-05 03:01:09,000799A5EF,K4
2023-07-05 03:02:10,00079A0255,K4
2023-07-05 03:02:37,0006B3AC35,K4
2023-07-05 03:03:18,000783A42D,K4
2023-07-05 03:04:13,000783CB2B,K4
2023-07-05 03:04:37,0007AC418B,K41
2023-07-05 03:04:40,0007ABDCCF,K4
2023-07-05 03:05:11,00075D879F,K41
2023-07-05 03:05:33,0007CDB484,K41
2023-07-05 03:05:36,0007ABD629,K4
2023-07-05 03:06:52,00074F663E,K41
2023-07-05 03:07:11,0007CDDFAD,K41
2023-07-05 03:08:11,00075CE063,K4
2023-07-05 03:08:47,0007AC8BE4,K4
2023-07-05 03:09:00,000799A5EF,K4
2023-07-05 03:09:20,0007AC44BD,K4
2023-07-05 03:09:35,000788A24D,K4
2023-07-05 03:09:53,0007AC8BE4,K4
2023-07-05 03:10:03,0007ABC809,K4
2023-07-05 03:10:36,0007ACA816,K4
2023-07-05 03:17:09,00075CE063,K4
2023-07-05 03:17:20,0007CDDFAD,K41
2023-07-05 03:18:31,0007AC5939,K4
2023-07-05 03:19:35,0007CDDFAD,K41
2023-07-05 03:22:37,0007AC8BE4,K4
2023-07-05 03:24:03,0007AC0387,K41
2023-07-05 03:24:10,0007AC8BE4,K4
2023-07-05 03:29:38,0007ACA816,K4
2023-07-05 03:30:45,0007CDDFAD,K41
2023-07-05 03:31:14,0007CE0F3D,K41
2023-07-05 03:32:13,0007AC494F,K41
2023-07-05 03:32:26,0007AC494F,K41
2023-07-05 03:34:17,0007ABF44A,K41
2023-07-05 03:37:31,0007CDDFAD,K41
2023-07-05 03:37:32,0006E241C1,K4
2023-07-05 03:38:05,0007CDEB80,K4
2023-07-05 03:38:11,0007ACA816,K4
2023-07-05 03:38:29,00079AAA3C,K4
2023-07-05 03:40:29,0006B3AC35,K4
2023-07-05 03:41:32,00071E2D31,K41
2023-07-05 03:43:09,00075B22B0,K41
2023-07-05 03:44:06,00079AAA3C,K4
2023-07-05 03:44:21,0007AC8BE4,K4
2023-07-05 03:45:03,0007CE0F3D,K41
2023-07-05 03:45:57,00075D879F,K41
2023-07-05 03:47:49,00074F663E,K41
2023-07-05 03:50:17,0006B3AC35,K4
2023-07-05 03:52:23,000783F429,K4
2023-07-05 03:52:57,0006E24C7B,K4
2023-07-05 03:53:15,0006E241C1,K4
2023-07-05 03:55:18,0007AC8BE4,K4
2023-07-05 03:59:11,0007AC9A80,K41
2023-07-05 04:07:01,0007AC418B,K41
2023-07-05 04:10:12,0006E24C7B,K4
2023-07-05 04:19:53,0007CDCC06,K4
2023-07-05 04:19:56,0006B3AC35,K4
2023-07-05 04:21:43,000799A5EF,K4
2023-07-05 04:22:11,000799A5EF,K4
2023-07-05 04:22:19,0007AC0145,K4
2023-07-05 04:25:34,0007CDEB80,K4
2023-07-05 04:26:10,00079AAA3C,K4
2023-07-05 04:28:55,0007AC44BD,K4
2023-07-05 04:33:18,0007CE0A62,K4
2023-07-05 04:35:28,0006E24C7B,K4
2023-07-05 04:35:42,0006E24C7B,K4
2023-07-05 04:38:40,0006E24C7B,K4
2023-07-05 04:40:30,0007CE0636,K4
2023-07-05 04:40:45,0007AC418B,K41
2023-07-05 04:41:58,0007AC494F,K41
2023-07-05 04:42:27,00079AAA3C,K4
2023-07-05 04:49:35,0007AC8BE4,K4
2023-07-05 04:50:30,00079AAA3C,K4
2023-07-05 04:51:33,0006B3AC35,K4
2023-07-05 04:55:06,0007CDDFAD,K41
2023-07-05 04:55:58,0007AC0734,K4
2023-07-05 04:56:09,0007AC0734,K4
2023-07-05 04:56:49,0007ABF44A,K41
2023-07-05 04:57:29,0006B3AC35,K4
2023-07-05 04:57:29,0007ABF44A,K41
2023-07-05 05:01:20,0006E241C1,K4
2023-07-05 21:40:59,0007CDCC06,K4
2023-07-05 21:41:10,0007CDCC06,K4
2023-07-05 21:42:59,00075B22B0,K41
2023-07-05 21:44:55,000799A5EF,K4
2023-07-05 21:45:00,000783A42D,K4
2023-07-05 21:45:05,0007AC0387,K41
2023-07-05 21:46:57,00075CE063,K4
2023-07-05 21:47:00,0007ACA816,K4
2023-07-05 21:47:42,0007AC418B,K41
2023-07-05 21:47:55,00074F663E,K41
2023-07-05 21:48:39,0007CDCC06,K4
2023-07-05 21:49:18,0007ACAC37,K41
2023-07-05 21:49:24,0007C1922C,K41
2023-07-05 21:49:33,0006E24C7B,K4
2023-07-05 21:49:44,0006E24C7B,K4
2023-07-05 21:49:53,00075D879F,K41
2023-07-05 21:50:04,0006E24C7B,K4
2023-07-05 21:50:18,0007CE0636,K4
2023-07-05 21:50:24,0007ABD629,K4
2023-07-05 21:50:28,00079AAA3C,K4
2023-07-05 21:50:30,0007AC5939,K4
2023-07-05 21:50:39,0007AC3CC1,K4
2023-07-05 21:50:41,0006E24C7B,K4
2023-07-05 21:50:53,0006E24C7B,K4
2023-07-05 21:51:12,0006E24C7B,K4
2023-07-05 21:51:23,0006E24C7B,K4
2023-07-05 21:51:35,0006E24C7B,K4
2023-07-05 21:51:36,0007AC44BD,K4
2023-07-05 21:51:41,0007CE0A62,K4
2023-07-05 21:51:41,0007CDDFAD,K41
2023-07-05 21:51:46,0007ABF44A,K41
2023-07-05 21:51:48,00079A0255,K4
2023-07-05 21:52:00,0007CDDFAD,K41
2023-07-05 21:52:02,0007CDEB80,K4
2023-07-05 21:52:06,000788A24D,K4
2023-07-05 21:52:09,0007AC3CC1,K4
2023-07-05 21:52:22,00071E2D31,K41
2023-07-05 21:52:39,000783F377,K4
2023-07-05 21:52:40,0007AC34C9,K41
2023-07-05 21:52:41,0006E241C1,K4
2023-07-05 21:52:51,0007AC9A80,K41
2023-07-05 21:52:55,0007C18C52,K41
2023-07-05 21:53:03,0007AC8BE4,K4
2023-07-05 21:53:49,000786B8A2,K41
2023-07-05 21:53:52,000783CB2B,K4
2023-07-05 21:54:38,0007CDB484,K41
2023-07-05 21:55:03,0007CE0896,K41
2023-07-05 21:55:33,0007CE0F3D,K41
2023-07-05 21:56:45,0007AC494F,K41
2023-07-05 21:56:48,0007AC0145,K4
2023-07-05 21:56:52,00071E15BF,K4
2023-07-05 21:57:15,0006B3AC35,K4
2023-07-05 21:57:18,0007C18B80,K41
2023-07-05 21:59:04,00075D076C,K41
2023-07-05 22:01:15,0007CDB0C8,K4
2023-07-05 22:01:55,0007AC0734,K4
2023-07-05 22:11:37,0006E24C7B,K4
2023-07-05 22:53:13,0007AC80F1,K4
2023-07-05 22:57:11,0007AC418B,K41
2023-07-05 23:02:17,00079AAA3C,K4
2023-07-05 23:03:55,0007CE0636,K4
2023-07-05 23:06:37,0007CDDFAD,K41
2023-07-05 23:09:15,0007CE0636,K4
2023-07-05 23:09:24,0007AC0145,K4
2023-07-05 23:16:04,00074F663E,K41
2023-07-05 23:16:10,00079AAA3C,K4
2023-07-05 23:17:43,0007CE054D,K4
2023-07-05 23:19:49,0007AC0734,K4
2023-07-05 23:20:56,0007AC9A80,K41
2023-07-05 23:21:44,0007ABD629,K4
2023-07-05 23:24:35,00075D879F,K41
2023-07-05 23:25:41,0007CDDFAD,K41
2023-07-05 23:28:57,000788A24D,K4
2023-07-05 23:29:56,0006E241C1,K4
2023-07-05 23:30:06,000799A5EF,K4
2023-07-05 23:32:23,000783F377,K4
2023-07-05 23:33:24,000783F377,K4
2023-07-05 23:33:59,000783F377,K4
2023-07-05 23:34:25,000783F377,K4
2023-07-05 23:36:06,00075B29B2,K4
2023-07-05 23:40:08,00075B29B2,K4
2023-07-05 23:40:31,000786B8A2,K41
2023-07-05 23:41:16,000799A5EF,K4
2023-07-05 23:41:39,00079A0255,K4
2023-07-05 23:42:02,0007AC44BD,K4
2023-07-05 23:42:26,000783F377,K4
2023-07-05 23:42:54,000783F377,K4
2023-07-05 23:43:05,000783F377,K4
2023-07-05 23:43:16,000783F377,K4
2023-07-05 23:43:35,0007ABC5F2,K4
2023-07-05 23:43:40,0007CE0F3D,K41
2023-07-05 23:43:45,000783F377,K4
2023-07-05 23:43:56,000783F377,K4
2023-07-05 23:44:43,0007ABC5F2,K4
2023-07-05 23:44:49,000786B8A2,K4
2023-07-05 23:44:53,000783A42D,K4
2023-07-05 23:46:43,0006E241C1,K4
2023-07-05 23:48:05,0007AC44BD,K4
2023-07-05 23:49:14,0007CE0636,K4
2023-07-05 23:49:57,0006B3AC35,K4
2023-07-05 23:51:04,0007AC8BE4,K4
2023-07-05 23:52:22,0007AC0145,K4
2023-07-05 23:53:59,0007CDEE51,K4
2023-07-05 23:54:15,000786B8A2,K41
2023-07-05 23:54:27,00075B22B0,K41
2023-07-05 23:55:27,0007AC418B,K41
2023-07-05 23:56:15,0007AC5939,K4
2023-07-05 23:56:30,0007ABF44A,K41
2023-07-05 23:59:06,0007AC8BE4,K4
2023-07-06 00:00:31,00071E2D31,K41
2023-07-06 00:02:50,000783CB2B,K4
2023-07-06 00:02:53,0007ABC809,K4
2023-07-06 00:03:11,0007AC34C9,K41
2023-07-06 00:03:42,0006B3AC35,K4
2023-07-06 00:03:48,00075B22B0,K41
2023-07-06 00:09:05,0007CDCC06,K4
2023-07-06 00:11:57,0007AC0145,K4
2023-07-06 00:13:09,0007ABDCCF,K4
2023-07-06 00:13:38,0007ABD629,K4
2023-07-06 00:14:21,0007ACA816,K4
2023-07-06 00:14:22,0007AC0734,K4
2023-07-06 00:18:30,0007ACAC37,K41
2023-07-06 00:20:00,0007AC5939,K4
2023-07-06 00:23:38,0007AC44BD,K4
2023-07-06 00:24:14,0006E239ED,K4
2023-07-06 00:26:55,00075CE063,K4
2023-07-06 00:27:14,000783A42D,K4
2023-07-06 00:27:44,0007AC3CC1,K4
2023-07-06 00:29:01,0007AC44BD,K4
2023-07-06 00:29:31,00079AAA3C,K4
2023-07-06 00:29:56,0007AC44BD,K4
2023-07-06 00:30:43,00071E2D31,K41
2023-07-06 00:32:47,0007AC44BD,K4
2023-07-06 00:33:01,0007AC44BD,K4
2023-07-06 00:33:43,0007AC44BD,K4
2023-07-06 00:33:54,0007AC44BD,K4
2023-07-06 00:34:32,0007AC5939,K4
2023-07-06 00:34:36,0007ABA539,K41
2023-07-06 00:34:40,0007AC44BD,K4
2023-07-06 00:34:53,0007AC44BD,K4
2023-07-06 00:35:02,00075CE063,K4
2023-07-06 00:35:03,0007AC0387,K41
2023-07-06 00:35:14,0007C1922C,K41
2023-07-06 00:39:02,0007CDB484,K41
2023-07-06 00:39:15,0007C18B80,K41
2023-07-06 00:39:47,00074F663E,K41
2023-07-06 00:40:33,00079AAA3C,K4
2023-07-06 00:41:14,0007AC0145,K4
2023-07-06 00:42:33,0007ABD629,K4
2023-07-06 00:43:51,000799A5EF,K4
2023-07-06 00:46:14,0006E239ED,K4
2023-07-06 00:47:50,0006E239ED,K4
2023-07-06 00:48:44,000783A42D,K4
2023-07-06 00:50:46,0007AC494F,K41
2023-07-06 00:51:27,000786B8A2,K4
2023-07-06 00:51:29,000799A5EF,K4
2023-07-06 00:53:30,00075D076C,K41
2023-07-06 00:53:55,0007CDEB80,K4
2023-07-06 00:58:22,000788A24D,K4
2023-07-06 00:59:44,0007CE0896,K41
2023-07-06 01:00:10,0007ABF44A,K41
2023-07-06 01:00:55,0007AC3CC1,K4
2023-07-06 01:01:16,00075D879F,K41
2023-07-06 01:06:16,000786B8A2,K41
2023-07-06 01:06:21,0007ABF44A,K41
2023-07-06 01:08:31,0007AC9A80,K41
2023-07-06 01:08:34,0007CE0636,K4
2023-07-06 01:09:40,000786B8A2,K4
2023-07-06 01:10:14,0007AC0145,K4
2023-07-06 01:13:35,0007ACA816,K4
2023-07-06 01:13:48,0007AC34C9,K41
2023-07-06 01:14:09,0006E24ECA,K4
2023-07-06 01:14:21,0007ABF44A,K41
2023-07-06 01:14:23,000783CB2B,K4
2023-07-06 01:15:45,000786B8A2,K41
2023-07-06 01:18:16,0007AC3CC1,K4
2023-07-06 01:19:43,0006E241C1,K4
2023-07-06 01:21:49,0007AC9A80,K41
2023-07-06 01:22:01,0007AC8BE4,K4
2023-07-06 01:22:31,0007AC9A80,K41
2023-07-06 01:23:09,0007AC8BE4,K4
2023-07-06 01:23:51,0007AC0145,K4
2023-07-06 01:23:57,00071E15BF,K4
2023-07-06 01:23:58,0007AC8BE4,K4
2023-07-06 01:30:09,00079A0255,K4
2023-07-06 01:31:37,0007ABD629,K4
2023-07-06 01:32:23,00079AAA3C,K4
2023-07-06 01:32:28,0007C1922C,K41
2023-07-06 01:33:21,0007ACAC37,K41
2023-07-06 01:34:51,0007AC3CC1,K4
2023-07-06 01:36:56,0007AC0145,K4
2023-07-06 01:36:59,00075B22B0,K41
2023-07-06 01:37:50,00079A0255,K4
2023-07-06 01:38:01,0007CDCC06,K4
2023-07-06 01:38:40,0007CE054D,K4
2023-07-06 01:38:56,0007AC5939,K4
2023-07-06 01:39:23,0007ABD629,K4
2023-07-06 01:40:39,0007CDEE51,K4
2023-07-06 01:40:59,0007AC0734,K4
2023-07-06 01:41:54,0007ABDCCF,K4
2023-07-06 01:41:58,0007ABC809,K4
2023-07-06 01:42:22,0007CDDFAD,K41
2023-07-06 01:44:26,0007ABD629,K4
2023-07-06 01:44:41,00074F663E,K41
2023-07-06 01:46:03,00079AAA3C,K4
2023-07-06 01:46:06,0007AC5939,K4
2023-07-06 01:47:14,0007ACA816,K4
2023-07-06 01:47:50,0007CE054D,K4
2023-07-06 01:47:56,00075CE063,K4
2023-07-06 01:48:09,0007ABD629,K4
2023-07-06 01:50:06,00075B22B0,K41
2023-07-06 01:50:48,000783F429,K4
2023-07-06 01:50:57,0007CDDFAD,K41
2023-07-06 01:52:18,0007ABD629,K4
2023-07-06 01:52:56,00075D076C,K41
2023-07-06 01:53:00,0007AC494F,K41
2023-07-06 01:53:44,0007AC418B,K41
2023-07-06 01:54:40,000783A42D,K4
2023-07-06 01:54:45,0007ABC5F2,K4
2023-07-06 01:55:03,0006B3AC35,K4
2023-07-06 01:55:32,0007CE0F3D,K41
2023-07-06 01:55:40,0007CE0636,K4
2023-07-06 01:56:13,00075CE063,K4
2023-07-06 01:57:15,00074F663E,K41
2023-07-06 01:57:17,0007ABD629,K4
2023-07-06 01:57:43,000799A5EF,K4
2023-07-06 01:59:24,0007CE054D,K4
2023-07-06 01:59:48,0006B3AC35,K4
2023-07-06 02:00:36,0006E241C1,K4
2023-07-06 02:01:05,00075CE063,K4
2023-07-06 02:01:41,0007ABD629,K4
2023-07-06 02:01:57,0007AC34C9,K41
2023-07-06 02:08:10,0007ABD629,K4
2023-07-06 02:08:36,0007ABD629,K4
2023-07-06 02:10:05,000799A5EF,K4
2023-07-06 02:13:43,000786B8A2,K4
2023-07-06 02:14:03,000786B8A2,K4
2023-07-06 02:14:32,0007AC5939,K4
2023-07-06 02:15:38,0007CDB484,K41
2023-07-06 02:16:01,0006B3AC35,K4
2023-07-06 02:16:24,0007ABD629,K4
2023-07-06 02:16:42,0007ABD629,K4
2023-07-06 02:18:08,0007AC34C9,K41
2023-07-06 02:18:10,0007AC9A80,K41
2023-07-06 02:18:12,00075D879F,K41
2023-07-06 02:18:39,0007ABD629,K4
2023-07-06 02:18:50,0007ABD629,K4
2023-07-06 02:19:10,0007ABD629,K4
2023-07-06 02:19:35,0007ABD629,K4
2023-07-06 02:20:20,0006B3AC35,K4
2023-07-06 02:23:50,0007AC5939,K4
2023-07-06 02:23:54,0007ACAC37,K41
2023-07-06 02:25:48,000786B8A2,K41
2023-07-06 02:26:46,000783A42D,K4
2023-07-06 02:27:35,0007ABF44A,K41
2023-07-06 02:27:55,0007CDEB80,K4
2023-07-06 02:32:14,00079AAA3C,K4
2023-07-06 02:32:22,0007CE0A62,K4
2023-07-06 02:33:31,0007AC0387,K41
2023-07-06 02:35:07,0006B3AC35,K4
2023-07-06 02:36:55,0007CDCC06,K4
2023-07-06 02:37:43,0007CDDFAD,K41
2023-07-06 02:38:02,000783CB2B,K4
2023-07-06 02:38:04,00079A0255,K4
2023-07-06 02:39:27,0007ACA816,K4
2023-07-06 02:39:58,0007CE0A62,K4
2023-07-06 02:41:38,0007AC0734,K4
2023-07-06 02:44:32,0007CDEE51,K4
2023-07-06 02:45:13,0007C1922C,K41
2023-07-06 02:45:57,00079AAA3C,K4
2023-07-06 02:47:13,0006B3AC35,K4
2023-07-06 02:48:32,0007CDDFAD,K41
2023-07-06 02:49:29,000788A24D,K4
2023-07-06 02:50:45,0007AC0734,K4
2023-07-06 02:51:17,0007AC8BE4,K4
2023-07-06 02:53:45,0007AC494F,K41
2023-07-06 02:54:15,00071E2D31,K41
2023-07-06 02:57:39,00075B22B0,K41
2023-07-06 02:58:46,0007ACA816,K4
2023-07-06 02:59:09,0007CE054D,K4
2023-07-06 03:00:13,0006E24ECA,K4
2023-07-06 03:01:50,0007AC5939,K4
2023-07-06 03:02:20,0007AC3CC1,K4
2023-07-06 03:03:13,0007CE0636,K4
2023-07-06 03:06:50,0007AC5939,K4
2023-07-06 03:07:52,0007AC34C9,K41
2023-07-06 03:08:00,0006E241C1,K4
2023-07-06 03:10:22,0007AC5939,K4
2023-07-06 03:12:55,0007CE0F3D,K41
2023-07-06 03:12:57,0007AC5939,K4
2023-07-06 03:13:58,0007ABC809,K4
2023-07-06 03:14:05,0007CE0636,K4
2023-07-06 03:14:10,00075D879F,K41
2023-07-06 03:15:29,0006E241C1,K4
2023-07-06 03:16:39,00074F663E,K41
2023-07-06 03:17:23,0007C18B80,K41
2023-07-06 03:18:14,0007ACAC37,K41
2023-07-06 03:18:45,00071E15BF,K4
2023-07-06 03:19:08,0007CE0636,K4
2023-07-06 03:19:33,00075D076C,K41
2023-07-06 03:21:16,0007CE0636,K4
2023-07-06 03:21:51,0007CE0896,K41
2023-07-06 03:26:09,0007ABC809,K4
2023-07-06 03:26:56,0007C1922C,K41
2023-07-06 03:27:03,00075D076C,K41
2023-07-06 03:29:57,0007CE0636,K4
2023-07-06 03:31:03,0007CE0A62,K4
2023-07-06 03:31:10,0007ABC809,K4
2023-07-06 03:31:13,0007AC3CC1,K4
2023-07-06 03:31:18,0007ABDCCF,K4
2023-07-06 03:31:52,0007ABC809,K4
2023-07-06 03:32:08,000783CB2B,K4
2023-07-06 03:32:15,000799A5EF,K4
2023-07-06 03:32:26,0007AC0734,K4
2023-07-06 03:32:51,0007AC0145,K4
2023-07-06 03:33:22,00079AAA3C,K4
2023-07-06 03:35:15,0007ABC809,K4
2023-07-06 03:35:34,0007ABC809,K4
2023-07-06 03:36:23,0007ABC809,K4
2023-07-06 03:39:00,0007ABC809,K4
2023-07-06 03:41:06,000799A5EF,K4
2023-07-06 03:41:24,0006B3AC35,K4
2023-07-06 03:42:15,00079AAA3C,K4
2023-07-06 03:42:22,00079A0255,K4
2023-07-06 03:42:25,0007ABC809,K4
2023-07-06 03:42:55,0007C1922C,K41
2023-07-06 03:43:24,000783CB2B,K4
2023-07-06 03:47:49,0007ABC809,K4
2023-07-06 03:50:45,000786B8A2,K41
2023-07-06 03:50:57,0007CDDFAD,K41
2023-07-06 03:51:25,0007ABC809,K4
2023-07-06 03:52:09,000783A42D,K4
2023-07-06 03:53:15,0007AC494F,K41
2023-07-06 03:54:36,0006B3AC35,K4
2023-07-06 03:55:17,00075D879F,K41
2023-07-06 03:56:11,00071E2D31,K41
2023-07-06 03:56:54,0007CDDFAD,K41
2023-07-06 04:32:22,0007CDB0C8,K4
2023-07-06 04:45:32,0007AC8BE4,K4
2023-07-06 04:45:51,0007AC3CC1,K4
2023-07-06 04:47:03,0007AC0145,K4
2023-07-06 04:50:17,0006B3AC35,K4
2023-07-06 04:50:42,0007CE0896,K41
2023-07-06 04:51:20,000799A5EF,K4
2023-07-06 04:52:46,0007C1922C,K41
2023-07-06 04:53:24,0007CDDFAD,K41
2023-07-06 04:56:22,0007CE054D,K4
2023-07-06 05:00:11,0006E241C1,K4
2023-07-06 05:00:41,0007CDCC06,K4
2023-07-06 05:06:07,00079AAA3C,K4
2023-07-06 21:42:03,000783A42D,K4
2023-07-06 21:42:16,000799A5EF,K4
2023-07-06 21:43:17,00074F663E,K41
2023-07-06 21:43:26,0007CDCC06,K4
2023-07-06 21:43:41,0007AC0387,K41
2023-07-06 21:43:48,0007CDFB4B,K41
2023-07-06 21:43:58,0007AC9A80,K41
2023-07-06 21:44:23,000788A24D,K4
2023-07-06 21:44:24,0007CDDFAD,K41
2023-07-06 21:44:41,0006E241C1,K4
2023-07-06 21:44:43,0007AC0734,K4
2023-07-06 21:44:44,0007CE0F3D,K41
2023-07-06 21:45:01,0007ABF44A,K41
2023-07-06 21:45:14,0007ACAC37,K41
2023-07-06 21:45:45,0007CE0896,K41
2023-07-06 21:46:16,0007AC418B,K41
2023-07-06 21:46:27,0006E24ECA,K4
2023-07-06 21:46:30,0007CE0A62,K4
2023-07-06 21:46:34,0006B3AC35,K4
2023-07-06 21:46:44,0007CDB484,K41
2023-07-06 21:46:57,0007ABDCCF,K4
2023-07-06 21:47:03,000786B8A2,K41
2023-07-06 21:47:10,0007AC8BE4,K4
2023-07-06 21:47:20,000783CB2B,K4
2023-07-06 21:47:42,00075B22B0,K41
2023-07-06 21:47:44,00075D879F,K41
2023-07-06 21:48:22,0007AC8BE4,K4
2023-07-06 21:48:27,00079AAA3C,K4
2023-07-06 21:48:29,0007CDEB80,K4
2023-07-06 21:48:34,0007AC3CC1,K4
2023-07-06 21:48:52,0007C1922C,K41
2023-07-06 21:49:05,0007AC34C9,K41
2023-07-06 21:49:20,0007ABC809,K4
2023-07-06 21:49:23,00079A0255,K4
2023-07-06 21:49:29,0007CDB0C8,K4
2023-07-06 21:49:31,0007AC3CC1,K4
2023-07-06 21:49:55,00071E2D31,K41
2023-07-06 21:50:46,0007C18C52,K41
2023-07-06 21:52:44,0007C18B80,K41
2023-07-06 21:52:49,0007AC494F,K41
2023-07-06 21:53:13,0007AC0145,K4
2023-07-06 21:57:56,00075D076C,K41
2023-07-06 22:29:06,0007AC0145,K4
2023-07-06 22:34:21,0007CDEE51,K4
2023-07-06 22:34:34,0007CDEE51,K4
2023-07-06 22:34:46,0007CDEE51,K4
2023-07-06 22:49:40,0007CDEB80,K4
2023-07-06 22:52:07,0007C1922C,K41
2023-07-06 22:53:41,0007AC0734,K4
2023-07-06 22:53:52,0007AC0734,K4
2023-07-06 22:54:03,0007AC0734,K4
2023-07-06 22:54:18,0007AC0734,K4
2023-07-06 22:54:29,0007AC0734,K4
2023-07-06 22:54:40,0007AC0734,K4
2023-07-06 22:55:41,0007CDEB80,K4
2023-07-06 22:57:57,0007ACAC37,K41
2023-07-06 23:02:27,0007ABF44A,K41
2023-07-06 23:05:19,0007CE0636,K4
2023-07-06 23:10:04,0007CDCC06,K4
2023-07-06 23:18:31,0007AC0145,K4
2023-07-06 23:18:37,000799A5EF,K4
2023-07-06 23:18:42,0006E241C1,K4
2023-07-06 23:23:00,0007AC0145,K4
2023-07-06 23:23:08,000799A5EF,K4
2023-07-06 23:23:27,00079AAA3C,K4
2023-07-06 23:25:21,0006E241C1,K4
2023-07-06 23:26:32,00079AAA3C,K4
2023-07-06 23:26:47,0006E24C7B,K4
2023-07-06 23:27:24,0007AC8BE4,K4
2023-07-06 23:27:39,0007AC8BE4,K4
2023-07-06 23:28:33,0007ABDCCF,K4
2023-07-06 23:29:42,0007AC9A80,K41
2023-07-06 23:30:58,0007AC0145,K4
2023-07-06 23:31:58,00079A0255,K4
2023-07-06 23:38:40,000783A42D,K4
2023-07-06 23:39:24,000786B8A2,K41
2023-07-06 23:42:38,0007CDDFAD,K41
2023-07-06 23:44:08,0007AC34C9,K41
2023-07-06 23:45:03,00075B22B0,K41
2023-07-06 23:45:15,000788A24D,K4
2023-07-06 23:46:22,0007AC0145,K4
2023-07-06 23:46:27,0007ACAC37,K41
2023-07-06 23:47:30,00079AAA3C,K4
2023-07-06 23:48:26,00074F663E,K41
2023-07-06 23:49:05,00075D879F,K41
2023-07-06 23:49:24,0007CDDFAD,K41
2023-07-06 23:50:00,0007AC3CC1,K4
2023-07-06 23:50:10,00075D076C,K41
2023-07-06 23:50:34,0006B3AC35,K4
2023-07-06 23:51:16,0007AC8BE4,K4
2023-07-06 23:53:00,00071E2D31,K41
2023-07-06 23:54:22,0007CDEB80,K4
2023-07-06 23:55:16,000783F377,K4
2023-07-06 23:56:13,00079AAA3C,K4
2023-07-06 23:56:48,0006B3AC35,K4
2023-07-06 23:58:05,0007CDCC06,K4
2023-07-06 23:58:36,0006E24ECA,K4
2023-07-07 00:00:18,0007CDCC06,K4
2023-07-07 00:01:06,0007AC418B,K41
2023-07-07 00:05:30,0007CDB484,K41
2023-07-07 00:07:45,0006E24ECA,K4
2023-07-07 00:08:43,00071E2D31,K41
2023-07-07 00:09:59,0007ABF44A,K41
2023-07-07 00:11:11,000783CB2B,K4
2023-07-07 00:14:56,0007AC0387,K41
2023-07-07 00:16:42,0007AC0145,K4
2023-07-07 00:22:37,0007AC0145,K4
2023-07-07 00:24:51,0007ABC809,K4
2023-07-07 00:26:45,0007AC0145,K4
2023-07-07 00:27:16,0007CE0F3D,K41
2023-07-07 00:29:48,0007AC494F,K41
2023-07-07 00:30:20,0007AC0145,K4
2023-07-07 00:31:44,00075D879F,K41
2023-07-07 00:33:03,0007ABC809,K4
2023-07-07 00:34:48,0007AC0145,K4
2023-07-07 00:36:27,0007ABDCCF,K4
2023-07-07 00:37:12,000786B8A2,K41
2023-07-07 00:39:02,0007AC0145,K4
2023-07-07 00:42:04,00075B22B0,K41
2023-07-07 00:42:14,0007AC0145,K4
2023-07-07 00:43:32,0006E241C1,K4
2023-07-07 00:45:46,0007AC8BE4,K4
2023-07-07 00:46:27,000783CB2B,K4
2023-07-07 00:46:35,000783A42D,K4
2023-07-07 00:47:52,0007CDEB80,K4
2023-07-07 00:48:02,00079AAA3C,K4
2023-07-07 00:50:16,0007AC0145,K4
2023-07-07 00:50:18,0007C1922C,K41
2023-07-07 00:50:49,0007ACAC37,K41
2023-07-07 00:51:12,000799A5EF,K4
2023-07-07 00:54:03,0006E241C1,K4
2023-07-07 00:54:57,00079AAA3C,K4
2023-07-07 00:55:17,00074F663E,K41
2023-07-07 00:57:20,0007CE0896,K41
2023-07-07 00:57:54,000799A5EF,K4
2023-07-07 00:58:21,0007CDEB80,K4
2023-07-07 01:03:31,0007C1922C,K41
2023-07-07 01:03:44,0007AC3CC1,K4
2023-07-07 01:08:19,0007CDDFAD,K41
2023-07-07 01:11:10,0007AC3CC1,K4
2023-07-07 01:11:25,0007AC34C9,K41
2023-07-07 01:13:01,0007AC0145,K4
2023-07-07 01:14:30,000783A42D,K4
2023-07-07 01:15:03,0007CE0896,K41
2023-07-07 01:15:56,0007AC418B,K41
2023-07-07 01:16:36,0007AC3CC1,K4
2023-07-07 01:19:14,0007AC0145,K4
2023-07-07 01:20:11,0007CDDFAD,K41
2023-07-07 01:21:23,0006B3AC35,K4
2023-07-07 01:22:00,0007AC3CC1,K4
2023-07-07 01:22:06,000783CB2B,K4
2023-07-07 01:22:20,000783A42D,K4
2023-07-07 01:23:04,0007AC0145,K4
2023-07-07 01:23:17,0006B3AC35,K4
2023-07-07 01:25:57,00075D879F,K41
2023-07-07 01:25:59,00079A0255,K4
2023-07-07 01:27:52,0007AC3CC1,K4
2023-07-07 01:32:45,000799A5EF,K4
2023-07-07 01:32:54,00075D076C,K41
2023-07-07 01:34:01,00071E2D31,K41
2023-07-07 01:34:02,0007CDCC06,K4
2023-07-07 01:34:49,0007AC0145,K4
2023-07-07 01:34:56,0007CDB484,K41
2023-07-07 01:36:20,0007AC3CC1,K4
2023-07-07 01:36:34,000799A5EF,K4
2023-07-07 01:37:01,0007AC8BE4,K4
2023-07-07 01:40:16,0007AC494F,K41
2023-07-07 01:41:09,0007ABDCCF,K4
2023-07-07 01:43:28,0007AC0145,K4
2023-07-07 01:43:52,0007AC8BE4,K4
2023-07-07 01:47:22,0007AC494F,K41
2023-07-07 01:51:26,0007CDDFAD,K41
2023-07-07 01:51:41,0007AC0145,K4
2023-07-07 01:53:16,0007AC3CC1,K4
2023-07-07 01:53:41,000783F377,K4
2023-07-07 01:58:16,0007CDDFAD,K41
2023-07-07 01:58:41,00079AAA3C,K4
2023-07-07 02:00:19,0007ABF44A,K41
2023-07-07 02:01:48,000783A42D,K4
2023-07-07 02:03:16,0006E24ECA,K4
2023-07-07 02:03:20,0007AC0145,K4
2023-07-07 02:04:48,0007CDEB80,K4
2023-07-07 02:06:20,0006E241C1,K4
2023-07-07 02:06:45,000786B8A2,K41
2023-07-07 02:07:05,0006E24C7B,K4
2023-07-07 02:07:37,00079A0255,K4
2023-07-07 02:07:47,0006E24C7B,K4
2023-07-07 02:08:59,000799A5EF,K4
2023-07-07 02:10:43,00079AAA3C,K4
2023-07-07 02:13:00,0007AC34C9,K41
2023-07-07 02:13:37,0007AC0145,K4
2023-07-07 02:16:42,000799A5EF,K4
2023-07-07 02:19:26,0006E241C1,K4
2023-07-07 02:19:31,000788A24D,K4
2023-07-07 02:19:41,0007ACAC37,K41
2023-07-07 02:21:29,0007CDDFAD,K41
2023-07-07 02:22:48,000783CB2B,K4
2023-07-07 02:23:55,0007AC3CC1,K4
2023-07-07 02:26:58,0007AC8BE4,K4
2023-07-07 02:27:47,00075B22B0,K41
2023-07-07 02:27:55,0007CDDFAD,K41
2023-07-07 02:28:47,000788A24D,K4
2023-07-07 02:29:10,0007AC0145,K4
2023-07-07 02:29:33,00074F663E,K41
2023-07-07 02:30:53,0007AC34C9,K41
2023-07-07 02:32:50,0007AC3CC1,K4
2023-07-07 02:32:51,0007C1922C,K41
2023-07-07 02:32:58,0007CDB484,K41
2023-07-07 02:36:01,0007CDEB80,K4
2023-07-07 02:36:09,0007AC0387,K41
2023-07-07 02:36:36,0007AC9A80,K41
2023-07-07 02:36:47,00075B22B0,K41
2023-07-07 02:40:51,00075D879F,K41
2023-07-07 02:40:54,0007CDEB80,K4
2023-07-07 02:40:57,0007AC3CC1,K4
2023-07-07 02:41:29,00075D076C,K41
2023-07-07 02:42:28,0007AC0145,K4
2023-07-07 02:43:50,0007ACAC37,K41
2023-07-07 02:45:07,00075B29B2,K4
2023-07-07 02:47:29,0007AC494F,K41
2023-07-07 02:54:00,0007AC34C9,K41
2023-07-07 02:55:08,0007AC418B,K41
2023-07-07 02:56:08,0007CDEB80,K4
2023-07-07 02:56:25,0007ABF44A,K41
2023-07-07 02:56:28,000783A42D,K4
2023-07-07 02:56:34,0007AC3CC1,K4
2023-07-07 02:57:50,00075B29B2,K4
2023-07-07 02:58:15,000783CB2B,K4
2023-07-07 02:59:11,0006E24ECA,K4
2023-07-07 02:59:46,000786B8A2,K41
2023-07-07 03:01:33,0007CE0F3D,K41
2023-07-07 03:01:35,0007CE0896,K41
2023-07-07 03:01:46,0007CDDFAD,K41
2023-07-07 03:01:54,0007AC3CC1,K4
2023-07-07 03:02:45,0007ABDCCF,K4
2023-07-07 03:05:51,0007AC3CC1,K4
2023-07-07 03:06:03,0006E24ECA,K4
2023-07-07 03:06:07,0007CDDFAD,K41
2023-07-07 03:07:01,00075B29B2,K4
2023-07-07 03:07:19,00071E2D31,K41
2023-07-07 03:07:54,0007ABDCCF,K4
2023-07-07 03:07:58,00079A0255,K4
2023-07-07 03:08:22,00079AAA3C,K4
2023-07-07 03:12:15,000799A5EF,K4
2023-07-07 03:12:34,000799A5EF,K4
2023-07-07 03:13:29,0006E24ECA,K4
2023-07-07 03:14:43,00075B29B2,K4
2023-07-07 03:16:39,0007AC3CC1,K4
2023-07-07 03:17:21,000788A24D,K4
2023-07-07 03:18:42,000783A42D,K4
2023-07-07 03:18:58,00079AAA3C,K4
2023-07-07 03:20:19,000799A5EF,K4
2023-07-07 03:20:45,0006E24ECA,K4
2023-07-07 03:21:43,00075B22B0,K41
2023-07-07 03:22:52,0007CDEB80,K4
2023-07-07 03:24:33,0007CE0A62,K4
2023-07-07 03:26:02,0006E24ECA,K4
2023-07-07 03:27:10,0007C1922C,K41
2023-07-07 03:28:09,00071E2D31,K41
2023-07-07 03:28:46,0007AC34C9,K41
2023-07-07 03:29:31,0006E241C1,K4
2023-07-07 03:29:40,0007CE0A62,K4
2023-07-07 03:33:17,0007AC8BE4,K4
2023-07-07 03:35:13,00071E2D31,K41
2023-07-07 03:35:43,0007ABF44A,K41
2023-07-07 03:36:46,0007CDDFAD,K41
2023-07-07 03:37:31,0007AC9A80,K41
2023-07-07 03:37:47,0007C1922C,K41
2023-07-07 03:38:28,0006E241C1,K4
2023-07-07 03:41:56,0007CDDFAD,K41
2023-07-07 03:42:40,000783F377,K4
2023-07-07 03:45:11,0007AC9A80,K41
2023-07-07 03:45:58,0007AC8BE4,K4
2023-07-07 03:46:12,00074F663E,K41
2023-07-07 03:46:38,00079A0255,K4
2023-07-07 03:49:25,0007AC494F,K41
2023-07-07 03:50:45,0007AC3CC1,K4
2023-07-07 03:56:57,0007ABDCCF,K4
2023-07-07 04:02:19,00075D076C,K41
2023-07-07 04:02:35,00075D076C,K41
2023-07-07 04:04:11,000783A42D,K4
2023-07-07 04:10:41,00075D076C,K41
2023-07-07 04:17:32,0007ABF44A,K41
2023-07-07 04:17:49,0007AC418B,K41
2023-07-07 04:50:41,0007CDEB80,K4
2023-07-07 04:51:56,0007CDDFAD,K41
2023-07-07 04:53:11,0007CDB0C8,K4
2023-07-07 04:53:21,0007ABDCCF,K4
2023-07-07 04:54:02,000799A5EF,K4
2023-07-07 04:57:22,0006E241C1,K4
2023-07-07 04:58:55,00079AAA3C,K4
2023-07-07 21:38:53,0007AC0387,K41
2023-07-07 21:38:58,00075D879F,K41
2023-07-07 21:39:01,00075B22B0,K41
2023-07-07 21:40:28,00074F663E,K41
2023-07-07 21:40:31,0007CDDFAD,K41
2023-07-07 21:41:40,0007CE0896,K41
2023-07-07 21:41:44,0007AC418B,K41
2023-07-07 21:41:58,000783A42D,K4
2023-07-07 21:42:06,0007C1922C,K41
2023-07-07 21:42:14,000786B8A2,K41
2023-07-07 21:42:17,0007CDB484,K41
2023-07-07 21:43:11,0007C1922C,K41
2023-07-07 21:43:22,00071E2D31,K41
2023-07-07 21:43:27,0007CE0F3D,K41
2023-07-07 21:43:32,0007ACAC37,K41
2023-07-07 21:43:35,000799A5EF,K4
2023-07-07 21:43:38,000788A24D,K4
2023-07-07 21:43:41,0007AC8BE4,K4
2023-07-07 21:44:39,0007AC9A80,K41
2023-07-07 21:44:59,0007ABDCCF,K4
2023-07-07 21:45:18,0007ABF44A,K41
2023-07-07 21:45:23,0007C18C52,K41
2023-07-07 21:45:30,0007AC9A80,K41
2023-07-07 21:45:52,0006E241C1,K4
2023-07-07 21:45:55,0007CDEB80,K4
2023-07-07 21:45:56,0006E24ECA,K4
2023-07-07 21:46:47,00079A0255,K4
2023-07-07 21:47:27,00075D076C,K41
2023-07-07 21:47:42,0007AC34C9,K41
2023-07-07 21:47:56,00075D076C,K41
2023-07-07 21:49:02,00079A0255,K4
2023-07-07 21:50:08,00079AAA3C,K4
2023-07-07 21:51:59,000783CB2B,K4
2023-07-07 21:52:11,00075B29B2,K4
2023-07-07 21:52:46,0007CE0A62,K4
2023-07-07 21:52:49,0007AC3CC1,K4
2023-07-07 21:52:50,0007AC0145,K4
2023-07-07 21:53:36,0007AC494F,K41
2023-07-07 21:56:45,0007CDB0C8,K4
2023-07-07 21:57:37,0007C18B80,K41
2023-07-07 22:40:35,000786B8A2,K41
2023-07-07 22:47:06,0007CDEB80,K4
2023-07-07 22:48:06,0006E241C1,K4
2023-07-07 22:56:07,0006E241C1,K4
2023-07-07 23:01:58,000783CB2B,K4
2023-07-07 23:05:09,0007C1922C,K41
2023-07-07 23:05:20,0007C1922C,K41
2023-07-07 23:11:43,000783CB2B,K4
2023-07-07 23:13:27,0007AC418B,K41
2023-07-07 23:14:51,0007ACAC37,K41
2023-07-07 23:15:09,0007ABDCCF,K4
2023-07-07 23:16:28,00071E2D31,K41
2023-07-07 23:17:17,00079AAA3C,K4
2023-07-07 23:19:46,0007ABDCCF,K4
2023-07-07 23:21:31,0007AC3CC1,K4
2023-07-07 23:22:04,0007AC0145,K4
2023-07-07 23:23:42,0006E24C7B,K4
2023-07-07 23:24:15,0006E24C7B,K4
2023-07-07 23:25:43,00079AAA3C,K4
2023-07-07 23:25:54,000799A5EF,K4
2023-07-07 23:25:55,0007CE0636,K4
2023-07-07 23:26:05,000799A5EF,K4
2023-07-07 23:26:16,000799A5EF,K4
2023-07-07 23:29:45,000799A5EF,K4
2023-07-07 23:33:45,0007AC0387,K41
2023-07-07 23:34:24,000783A42D,K4
2023-07-07 23:34:39,0007AC0145,K4
2023-07-07 23:38:20,0007AC0145,K4
2023-07-07 23:38:51,00074F663E,K41
2023-07-07 23:39:19,000783A42D,K4
2023-07-07 23:40:03,00075D879F,K41
2023-07-07 23:42:10,0007CDEB80,K4
2023-07-07 23:43:18,0007ABD629,K4
2023-07-07 23:43:33,00075D879F,K41
2023-07-07 23:44:29,0007ABD629,K4
2023-07-07 23:44:47,00075B22B0,K41
2023-07-07 23:44:59,00075B22B0,K41
2023-07-07 23:45:22,0007AC34C9,K41
2023-07-07 23:45:29,0007CE054D,K4
2023-07-07 23:45:42,00075D879F,K41
2023-07-07 23:45:57,00075B29B2,K4
2023-07-07 23:46:16,0007AC0145,K4
2023-07-07 23:47:00,00075D879F,K41
2023-07-07 23:47:50,00075D879F,K41
2023-07-07 23:48:01,00075D879F,K41
2023-07-07 23:48:12,00075D879F,K41
2023-07-07 23:48:23,00075D879F,K41
2023-07-07 23:48:34,00075D879F,K41
2023-07-07 23:48:45,00075D879F,K41
2023-07-07 23:49:04,0007CDB484,K41
2023-07-07 23:49:19,0007CDB484,K41
2023-07-07 23:49:31,0007CDB484,K41
2023-07-07 23:50:30,0007AC9A80,K41
2023-07-07 23:50:38,00075D076C,K41
2023-07-07 23:52:17,000788A24D,K4
2023-07-07 23:52:29,00079A0255,K4
2023-07-07 23:52:56,00075B29B2,K4
2023-07-07 23:54:30,00075D879F,K41
2023-07-07 23:56:02,00079A0255,K4
2023-07-07 23:59:05,000788A24D,K4
2023-07-08 00:00:05,000783CB2B,K4
2023-07-08 00:02:49,0007ABF44A,K41
2023-07-08 00:02:52,0007AC418B,K41
2023-07-08 00:06:47,0007AC8BE4,K4
2023-07-08 00:07:08,0006E24ECA,K4
2023-07-08 00:11:23,0007ABDCCF,K4
2023-07-08 00:12:09,000786B8A2,K41
2023-07-08 00:12:26,0007AC494F,K41
2023-07-08 00:14:52,00079AAA3C,K4
2023-07-08 00:15:54,0007CDDFAD,K41
2023-07-08 00:17:07,000783CB2B,K4
2023-07-08 00:17:11,0007CDEB80,K4
2023-07-08 00:18:25,000783A42D,K4
2023-07-08 00:18:37,0007CDEB80,K4
2023-07-08 00:20:27,00079AAA3C,K4
2023-07-08 00:22:05,0007CDEB80,K4
2023-07-08 00:22:11,0007AC3CC1,K4
2023-07-08 00:22:57,0007CDEB80,K4
2023-07-08 00:23:05,000783CB2B,K4
2023-07-08 00:23:38,0007CDDFAD,K41
2023-07-08 00:27:14,00075D879F,K41
2023-07-08 00:28:37,0006E241C1,K4
2023-07-08 00:29:55,000783CB2B,K4
2023-07-08 00:33:05,0007CE0896,K41
2023-07-08 00:33:32,0007CDEB80,K4
2023-07-08 00:34:07,000783CB2B,K4
2023-07-08 00:34:35,0006E241C1,K4
2023-07-08 00:36:30,0007CDEB80,K4
2023-07-08 00:37:00,00075D076C,K41
2023-07-08 00:40:50,0007CDB484,K41
2023-07-08 00:41:44,00075D076C,K41
2023-07-08 00:43:29,00074F663E,K41
2023-07-08 00:43:49,0007CE0F3D,K41
2023-07-08 00:46:56,0007CDEB80,K4
2023-07-08 00:47:30,0007CE0896,K41
2023-07-08 00:49:50,00074F663E,K41
2023-07-08 00:50:43,0007CE0896,K41
2023-07-08 00:51:20,0007CDEB80,K4
2023-07-08 00:51:31,0007CDEB80,K4
2023-07-08 00:54:40,0007CDEB80,K4
2023-07-08 00:55:35,0007AC418B,K41
2023-07-08 00:55:53,00075D076C,K41
2023-07-08 00:56:26,0007CDB484,K41
2023-07-08 00:57:05,0007CDEB80,K4
2023-07-08 00:57:37,000788A24D,K4
2023-07-08 01:00:33,00075D076C,K41
2023-07-08 01:01:25,0007ABF44A,K41
2023-07-08 01:01:39,0007ABF44A,K41
2023-07-08 01:02:15,0007AC0734,K4
2023-07-08 01:02:23,000799A5EF,K4
2023-07-08 01:02:24,0007AC9A80,K41
2023-07-08 01:02:38,000783CB2B,K4
2023-07-08 01:02:40,0007AC0734,K4
2023-07-08 01:03:14,0007ABC809,K4
2023-07-08 01:03:29,0007ACA816,K4
2023-07-08 01:03:42,0007ACA816,K4
2023-07-08 01:03:55,00075D076C,K41
2023-07-08 01:04:42,000783CB2B,K4
2023-07-08 01:05:10,0007ABC809,K4
2023-07-08 01:05:35,0007AC0145,K4
2023-07-08 01:06:01,00075D076C,K41
2023-07-08 01:06:12,00075D076C,K41
2023-07-08 01:06:21,000799A5EF,K4
2023-07-08 01:06:34,000799A5EF,K4
2023-07-08 01:07:52,0007CDEB80,K4
2023-07-08 01:12:00,0007AC0387,K41
2023-07-08 01:14:08,00075B22B0,K41
2023-07-08 01:14:40,00075B22B0,K41
2023-07-08 01:15:00,00079AAA3C,K4
2023-07-08 01:15:58,0007C1922C,K41
2023-07-08 01:15:59,0007AC0145,K4
2023-07-08 01:17:24,000783F377,K4
2023-07-08 01:17:41,0007ABC5F2,K4
2023-07-08 01:18:35,0006E24ECA,K4
2023-07-08 01:19:21,0007AC0145,K4
2023-07-08 01:20:38,00079AAA3C,K4
2023-07-08 01:24:21,0006E241C1,K4
2023-07-08 01:24:32,000799A5EF,K4
2023-07-08 01:24:55,00079A0255,K4
2023-07-08 01:26:52,0006E24ECA,K4
2023-07-08 01:27:00,000783A42D,K4
2023-07-08 01:28:23,0007AC0145,K4
2023-07-08 01:29:06,0007AC418B,K41
2023-07-08 01:29:30,00075D879F,K41
2023-07-08 01:31:06,000799A5EF,K4
2023-07-08 01:31:10,0006E24ECA,K4
2023-07-08 01:32:06,0007CDEB80,K4
2023-07-08 01:33:26,00071E2D31,K41
2023-07-08 01:33:34,0006E241C1,K4
2023-07-08 01:33:42,0007ABDCCF,K4
2023-07-08 01:34:29,0007ACAC37,K41
2023-07-08 01:34:32,000786B8A2,K41
2023-07-08 01:37:39,0006E24ECA,K4
2023-07-08 01:37:41,000783A42D,K4
2023-07-08 01:37:44,000786B8A2,K41
2023-07-08 01:39:23,000786B8A2,K41
2023-07-08 01:40:22,0007CDDFAD,K41
2023-07-08 01:40:26,000786B8A2,K41
2023-07-08 01:40:37,000786B8A2,K41
2023-07-08 01:40:42,0006E24ECA,K4
2023-07-08 01:40:55,0007AC494F,K41
2023-07-08 01:41:00,0007AC8BE4,K4
2023-07-08 01:42:25,000788A24D,K4
2023-07-08 01:43:15,0007CDEB80,K4
2023-07-08 01:43:21,0007CDDFAD,K41
2023-07-08 01:44:45,0006E24ECA,K4
2023-07-08 01:45:42,0007CDDFAD,K41
2023-07-08 01:46:37,0007ACAC37,K41
2023-07-08 01:47:41,0007AC418B,K41
2023-07-08 01:47:42,0007AC8BE4,K4
2023-07-08 01:47:52,0007AC418B,K41
2023-07-08 01:48:03,0007AC418B,K41
2023-07-08 01:48:45,00074F663E,K41
2023-07-08 01:48:54,0007CDDFAD,K41
2023-07-08 01:51:49,0007CDDFAD,K41
2023-07-08 01:52:08,0007CDB484,K41
2023-07-08 01:52:43,00075B22B0,K41
2023-07-08 01:53:31,0007CDDFAD,K41
2023-07-08 01:54:05,000788A24D,K4
2023-07-08 01:54:20,00074F663E,K41
2023-07-08 01:54:50,0007AC0145,K4
2023-07-08 01:56:04,0007AC9A80,K41
2023-07-08 01:56:50,0007CDDFAD,K41
2023-07-08 01:58:15,00074F663E,K41
2023-07-08 01:58:53,0007CDDFAD,K41
2023-07-08 02:00:43,000799A5EF,K4
2023-07-08 02:01:15,00075D076C,K41
2023-07-08 02:01:37,000799A5EF,K4
2023-07-08 02:02:03,000799A5EF,K4
2023-07-08 02:02:14,000799A5EF,K4
2023-07-08 02:02:17,00074F663E,K41
2023-07-08 02:02:25,000799A5EF,K4
2023-07-08 02:02:28,00074F663E,K41
2023-07-08 02:02:39,00074F663E,K41
2023-07-08 02:02:46,0007CE0F3D,K41
2023-07-08 02:03:14,00074F663E,K41
2023-07-08 02:03:18,0007AC9A80,K41
2023-07-08 02:03:44,0007CDB484,K41
2023-07-08 02:04:06,00075D879F,K41
2023-07-08 02:05:11,0007CDB484,K41
2023-07-08 02:05:25,0007AC3CC1,K4
2023-07-08 02:05:35,00079AAA3C,K4
2023-07-08 02:05:42,00075D076C,K41
2023-07-08 02:06:23,00079A0255,K4
2023-07-08 02:07:11,0007CE0F3D,K41
2023-07-08 02:07:57,0007ACAC37,K41
2023-07-08 02:08:00,00079A0255,K4
2023-07-08 02:08:28,000788A24D,K4
2023-07-08 02:08:47,00079A0255,K4
2023-07-08 02:10:05,000788A24D,K4
2023-07-08 02:10:49,0006E241C1,K4
2023-07-08 02:10:59,0007AC34C9,K41
2023-07-08 02:11:49,00075D879F,K41
2023-07-08 02:12:15,0007ABF44A,K41
2023-07-08 02:12:25,00079AAA3C,K4
2023-07-08 02:12:47,0007ACAC37,K41
2023-07-08 02:13:37,00079A0255,K4
2023-07-08 02:17:39,00075D879F,K41
2023-07-08 02:18:40,0007CDEB80,K4
2023-07-08 02:20:37,0007AC9A80,K41
2023-07-08 02:20:43,0007ABF44A,K41
2023-07-08 02:22:14,00075D879F,K41
2023-07-08 02:23:17,0007CDEB80,K4
2023-07-08 02:23:28,0007CDEB80,K4
2023-07-08 02:23:39,0007CDEB80,K4
2023-07-08 02:25:05,00079A0255,K4
2023-07-08 02:25:10,0006E241C1,K4
2023-07-08 02:25:15,00071E2D31,K41
2023-07-08 02:25:20,0007ABF44A,K41
2023-07-08 02:26:26,0007AC0387,K41
2023-07-08 02:27:06,0007C1922C,K41
2023-07-08 02:29:24,0007AC34C9,K41
2023-07-08 02:32:30,0007ABF44A,K41
2023-07-08 02:32:50,0007AC9A80,K41
2023-07-08 02:34:49,0007AC34C9,K41
2023-07-08 02:35:05,00075D076C,K41
2023-07-08 02:35:23,000783A42D,K4
2023-07-08 02:37:19,0007C1922C,K41
2023-07-08 02:38:04,00071E2D31,K41
2023-07-08 02:39:12,0007AC9A80,K41
2023-07-08 02:39:26,0007ABF44A,K41
2023-07-08 02:39:54,000783A42D,K4
2023-07-08 02:40:40,0007AC494F,K41
2023-07-08 02:40:55,00075D879F,K41
2023-07-08 02:43:46,0007AC9A80,K41
2023-07-08 02:46:37,0007AC9A80,K41
2023-07-08 02:48:36,0007AC34C9,K41
2023-07-08 02:49:16,0007AC3CC1,K4
2023-07-08 02:50:18,0007AC9A80,K41
2023-07-08 02:52:16,0006E241C1,K4
2023-07-08 02:53:04,0007AC34C9,K41
2023-07-08 02:54:19,00079AAA3C,K4
2023-07-08 02:54:27,0007AC9A80,K41
2023-07-08 02:55:27,0007AC8BE4,K4
2023-07-08 02:57:32,00075B22B0,K41
2023-07-08 02:57:45,00079AAA3C,K4
2023-07-08 02:58:17,00079AAA3C,K4
2023-07-08 02:59:24,0007AC34C9,K41
2023-07-08 03:00:57,0007ABDCCF,K4
2023-07-08 03:00:59,00079AAA3C,K4
2023-07-08 03:01:02,00079A0255,K4
2023-07-08 03:03:10,0007AC34C9,K41
2023-07-08 03:03:45,00079AAA3C,K4
2023-07-08 03:04:10,0007AC9A80,K41
2023-07-08 03:04:58,00071E2D31,K41
2023-07-08 03:05:21,0007AC3CC1,K4
2023-07-08 03:07:04,0007ABF44A,K41
2023-07-08 03:07:05,00075B22B0,K41
2023-07-08 03:07:27,00079AAA3C,K4
2023-07-08 03:08:44,00079AAA3C,K4
2023-07-08 03:09:26,0006E241C1,K4
2023-07-08 03:09:34,0007ABDCCF,K4
2023-07-08 03:09:50,0007AC3CC1,K4
2023-07-08 03:11:29,0006E241C1,K4
2023-07-08 03:11:33,0007CE0F3D,K41
2023-07-08 03:11:36,00071E2D31,K41
2023-07-08 03:12:05,00079A0255,K4
2023-07-08 03:12:30,00079AAA3C,K4
2023-07-08 03:13:20,00075D879F,K41
2023-07-08 03:13:46,00075B22B0,K41
2023-07-08 03:14:34,0007ABDCCF,K4
2023-07-08 03:15:06,00079AAA3C,K4
2023-07-08 03:16:30,0007AC34C9,K41
2023-07-08 03:17:04,00079AAA3C,K4
2023-07-08 03:17:22,0007ACAC37,K41
2023-07-08 03:18:05,00071E2D31,K41
2023-07-08 03:19:43,00079AAA3C,K4
2023-07-08 03:19:52,00075B22B0,K41
2023-07-08 03:20:13,00075D879F,K41
2023-07-08 03:20:21,0007AC3CC1,K4
2023-07-08 03:20:42,000783A42D,K4
2023-07-08 03:23:00,0007AC3CC1,K4
2023-07-08 03:23:19,00075D076C,K41
2023-07-08 03:24:00,0007AC34C9,K41
2023-07-08 03:24:02,00079AAA3C,K4
2023-07-08 03:26:16,00079AAA3C,K4
2023-07-08 03:26:39,0007AC3CC1,K4
2023-07-08 03:27:19,0007AC3CC1,K4
2023-07-08 03:28:16,0007ABF44A,K41
2023-07-08 03:28:44,0007AC34C9,K41
2023-07-08 03:29:32,0007AC34C9,K41
2023-07-08 03:29:47,00071E2D31,K41
2023-07-08 03:30:29,00079AAA3C,K4
2023-07-08 03:31:01,0007CE0A62,K4
2023-07-08 03:33:39,0007CE0A62,K4
2023-07-08 03:35:10,0007CE0F3D,K41
2023-07-08 03:35:59,00079AAA3C,K4
2023-07-08 03:38:32,00075B22B0,K41
2023-07-08 03:38:36,0007AC9A80,K41
2023-07-08 03:40:04,0007AC0145,K4
2023-07-08 03:40:24,0007AC494F,K41
2023-07-08 03:41:17,00071E2D31,K41
2023-07-08 03:41:47,0007ABF44A,K41
2023-07-08 03:41:51,00075D879F,K41
2023-07-08 03:45:40,000783A42D,K4
2023-07-08 03:45:42,0007AC9A80,K41
2023-07-08 03:46:02,00079AAA3C,K4
2023-07-08 03:46:44,00075D076C,K41
2023-07-08 03:50:30,0007AC34C9,K41
2023-07-08 03:51:21,00079AAA3C,K4
2023-07-08 03:53:22,0007AC34C9,K41
2023-07-08 03:54:07,00075D879F,K41
2023-07-08 03:54:31,00079AAA3C,K4
2023-07-08 03:54:50,0007AC9A80,K41
2023-07-08 03:55:04,0007AC34C9,K41
2023-07-08 03:56:36,00071E2D31,K41
2023-07-08 03:57:20,00079AAA3C,K4
2023-07-08 03:58:35,00075D879F,K41
2023-07-08 03:59:49,00079AAA3C,K4
2023-07-08 04:02:10,0007AC34C9,K41
2023-07-08 04:03:01,00079AAA3C,K4
2023-07-08 04:04:09,00075D879F,K41
2023-07-08 04:04:25,00079A0255,K4
2023-07-08 04:04:26,00079AAA3C,K4
2023-07-08 04:04:47,00071E2D31,K41
2023-07-08 04:08:32,0007ABF44A,K41
2023-07-08 04:08:46,0007AC34C9,K41
2023-07-08 04:08:55,00079AAA3C,K4
2023-07-08 04:11:09,00079AAA3C,K4
2023-07-08 04:14:41,00079AAA3C,K4
2023-07-08 04:17:37,00079AAA3C,K4
2023-07-08 04:25:30,00079AAA3C,K4
2023-07-08 04:27:41,00079AAA3C,K4
2023-07-08 04:46:46,00079AAA3C,K4
2023-07-08 04:48:52,0007CE0A62,K4
2023-07-08 04:49:04,0007CDB484,K41
2023-07-08 04:51:53,0007CE0A62,K4
2023-07-08 05:03:56,00071E2D31,K41
2023-07-08 17:05:07,000783A42D,K4
2023-07-08 21:40:25,000783A42D,K4
2023-07-08 21:41:27,0007AC8BE4,K4
2023-07-08 21:41:45,0007AC9A80,K41
2023-07-08 21:41:51,0007ACAC37,K41
2023-07-08 21:41:58,0007CE0F3D,K41
2023-07-08 21:42:18,0007AC8BE4,K4
2023-07-08 21:42:18,00075B22B0,K41
2023-07-08 21:42:56,0007AC34C9,K41
2023-07-08 21:43:27,00075D879F,K41
2023-07-08 21:44:15,00071E2D31,K41
2023-07-08 21:44:20,0007C1922C,K41
2023-07-08 21:45:05,0007AC0145,K4
2023-07-08 21:45:18,0007AC0145,K4
2023-07-08 21:45:37,0007AC0145,K4
2023-07-08 21:45:48,0007AC0145,K4
2023-07-08 21:46:04,00079A0255,K4
2023-07-08 21:47:33,0007ABF44A,K41
2023-07-08 21:48:37,00075D076C,K41
2023-07-08 21:49:36,0007AC494F,K41
2023-07-08 22:08:37,00079AAA3C,K4
2023-07-08 22:30:03,0007AC0145,K4
2023-07-08 22:32:10,0007AC0145,K4
2023-07-08 22:33:57,0007C1922C,K41
2023-07-08 22:36:46,0007AC34C9,K41
2023-07-08 23:02:04,00079AAA3C,K4
2023-07-08 23:02:46,0007ABF44A,K41
2023-07-08 23:05:55,00071E2D31,K41
2023-07-08 23:07:27,0007CE0F3D,K41
2023-07-08 23:12:01,00071E2D31,K41
2023-07-08 23:12:18,0007CE0F3D,K41
2023-07-08 23:16:09,00071E2D31,K41
2023-07-08 23:18:15,00075D879F,K41
2023-07-08 23:18:28,00075B22B0,K41
2023-07-08 23:21:14,00075B22B0,K41
2023-07-08 23:21:40,00079AAA3C,K4
2023-07-08 23:22:15,0007AC9A80,K41
2023-07-08 23:24:31,00075B22B0,K41
2023-07-08 23:26:37,0007AC8BE4,K4
2023-07-08 23:27:56,000783A42D,K4
2023-07-08 23:30:38,00071E2D31,K41
2023-07-08 23:31:53,0007CE0636,K4
2023-07-08 23:32:23,000783A42D,K4
2023-07-08 23:33:14,0007AC8BE4,K4
2023-07-08 23:33:48,0007CDB484,K41
2023-07-08 23:38:40,00071E2D31,K41
2023-07-08 23:41:29,0007ABF44A,K41
2023-07-08 23:41:51,0007AC0145,K4
2023-07-08 23:42:39,00071E2D31,K41
2023-07-08 23:45:26,0007AC34C9,K41
2023-07-08 23:46:22,00075D076C,K41
2023-07-08 23:47:50,000783CB2B,K4
2023-07-08 23:49:31,00071E2D31,K41
2023-07-08 23:51:24,0007C1922C,K41
2023-07-08 23:51:49,00071E2D31,K41
2023-07-08 23:54:05,0007AC0145,K4
2023-07-08 23:54:07,00071E2D31,K41
2023-07-08 23:54:16,0007AC0145,K4
2023-07-08 23:54:28,0007AC0145,K4
2023-07-08 23:56:33,00071E2D31,K41
2023-07-08 23:56:59,00079AAA3C,K4
2023-07-08 23:57:12,0007AC0734,K4
2023-07-08 23:57:23,0007AC0734,K4
2023-07-08 23:59:26,00079AAA3C,K4
2023-07-09 00:05:18,00071E2D31,K41
2023-07-09 00:14:53,0007ABF44A,K41
2023-07-09 00:17:51,0007AC8BE4,K4
2023-07-09 00:20:16,00071E2D31,K41
2023-07-09 00:20:27,00071E2D31,K41
2023-07-09 00:20:38,00071E2D31,K41
2023-07-09 00:20:49,00071E2D31,K41
2023-07-09 00:21:02,00071E2D31,K41
2023-07-09 00:21:13,00071E2D31,K41
2023-07-09 00:21:24,00071E2D31,K41
2023-07-09 00:21:34,0007CE0F3D,K41
2023-07-09 00:21:49,0007ABF44A,K41
2023-07-09 00:25:23,000783A42D,K4
2023-07-09 00:26:50,000783A42D,K4
2023-07-09 00:26:52,00075B22B0,K41
2023-07-09 00:27:01,000783A42D,K4
2023-07-09 00:27:49,0007AC34C9,K41
2023-07-09 00:33:50,00075D076C,K41
2023-07-09 00:34:36,0007ACAC37,K41
2023-07-09 00:38:36,0007C1922C,K41
2023-07-09 00:39:59,00075D076C,K41
2023-07-09 00:40:23,0007AC494F,K41
2023-07-09 00:48:47,00075B22B0,K41
2023-07-09 00:49:26,0007AC34C9,K41
2023-07-09 00:50:08,0007C1922C,K41
2023-07-09 00:52:12,00075B22B0,K41
2023-07-09 00:54:18,0007ACAC37,K41
2023-07-09 00:55:17,0007AC34C9,K41
2023-07-09 00:56:38,00075B22B0,K41
2023-07-09 00:59:27,0007AC9A80,K41
2023-07-09 01:04:05,00075B22B0,K41
2023-07-09 01:07:06,0007AC9A80,K41
2023-07-09 01:07:17,0007AC9A80,K41
2023-07-09 01:07:28,0007AC9A80,K41
2023-07-09 01:12:08,0007AC9A80,K41
2023-07-09 01:12:37,0007ABF44A,K41
2023-07-09 01:14:25,00075B22B0,K41
2023-07-09 01:14:37,00075B22B0,K41
2023-07-09 01:19:25,00075B22B0,K41
2023-07-09 01:23:38,0007AC34C9,K41
2023-07-09 01:25:50,00075B22B0,K41
2023-07-09 01:26:22,00075B22B0,K41
2023-07-09 01:28:07,00071E2D31,K41
2023-07-09 01:29:05,0007AC9A80,K41
2023-07-09 01:29:36,0007ABF44A,K41
2023-07-09 01:35:04,0007AC418B,K41
2023-07-09 01:40:01,0007AC494F,K41
2023-07-09 01:40:03,0007C1922C,K41
2023-07-09 01:44:18,0007AC34C9,K41
2023-07-09 01:44:49,0007AC34C9,K41
2023-07-09 01:48:30,00075D076C,K41
2023-07-09 01:51:10,0007AC34C9,K41
2023-07-09 01:52:12,0007AC34C9,K41
2023-07-09 01:57:03,0007AC418B,K41
2023-07-09 01:59:14,00075D076C,K41
2023-07-09 01:59:25,00075D076C,K41
2023-07-09 01:59:56,0007AC494F,K41
2023-07-09 02:06:25,00075D879F,K41
2023-07-09 02:07:54,0007AC34C9,K41
2023-07-09 02:08:13,0007AC9A80,K41
2023-07-09 02:09:33,0007AC494F,K41
2023-07-09 02:10:05,0007ACAC37,K41
2023-07-09 02:11:43,00075D076C,K41
2023-07-09 02:12:22,0007AC9A80,K41
2023-07-09 02:12:57,0007CE0F3D,K41
2023-07-09 02:13:12,0007ABF44A,K41
2023-07-09 02:17:52,00075D076C,K41
2023-07-09 02:18:11,0007AC9A80,K41
2023-07-09 02:19:32,0007CE0F3D,K41
2023-07-09 02:19:43,0007ABF44A,K41
2023-07-09 02:20:20,0007ABF44A,K41
2023-07-09 02:23:46,0007ABF44A,K41
2023-07-09 02:24:18,0007ABF44A,K41
2023-07-09 02:24:29,0007ABF44A,K41
2023-07-09 02:24:43,0007ABF44A,K41
2023-07-09 02:24:54,0007ABF44A,K41
2023-07-09 02:25:01,0007AC9A80,K41
2023-07-09 02:26:15,0007ABF44A,K41
2023-07-09 02:26:52,0007ABF44A,K41
2023-07-09 02:31:31,0007CE0F3D,K41
2023-07-09 02:33:53,0007CE0F3D,K41
2023-07-09 02:41:10,0007CE0F3D,K41
2023-07-09 02:43:31,00075D076C,K41
2023-07-09 02:43:42,00075D076C,K41
2023-07-09 02:43:53,00075D076C,K41
2023-07-09 02:44:43,0007C1922C,K41
2023-07-09 02:46:28,0007CE0F3D,K41
2023-07-09 02:51:27,0007C1922C,K41
2023-07-09 02:55:42,0007AC34C9,K41
2023-07-09 03:02:06,0007C1922C,K41
2023-07-09 03:04:23,0007C1922C,K41
2023-07-09 03:07:29,0007AC418B,K41
2023-07-09 03:07:40,0007AC494F,K41
2023-07-09 03:07:58,0007ACAC37,K41
2023-07-09 03:09:50,0007C1922C,K41
2023-07-09 03:12:26,0007CDB484,K41
2023-07-09 03:14:09,0007AC494F,K41
2023-07-09 03:15:06,0007AC34C9,K41
2023-07-09 03:15:40,0007CE0F3D,K41
2023-07-09 03:17:37,0007ACAC37,K41
2023-07-09 03:19:03,0007AC494F,K41
2023-07-09 03:19:37,0007C1922C,K41
2023-07-09 03:19:47,0007CE0F3D,K41
2023-07-09 03:19:49,0007AC494F,K41
2023-07-09 03:20:10,0007ACAC37,K41
2023-07-09 03:26:29,0007C1922C,K41
2023-07-09 03:26:45,0007C1922C,K41
2023-07-09 03:26:56,0007C1922C,K41
2023-07-09 03:29:17,0007AC494F,K41
2023-07-09 03:34:09,0007CE0F3D,K41
2023-07-09 03:38:36,0007CE0F3D,K41
2023-07-09 03:43:07,0007ACAC37,K41
2023-07-09 03:44:29,0007AC494F,K41
2023-07-09 03:45:01,0007AC34C9,K41
2023-07-09 03:46:39,0007AC494F,K41
2023-07-09 03:47:43,0007CE0F3D,K41
2023-07-09 03:54:09,0007AC494F,K41
2023-07-09 04:35:34,0007CE0F3D,K41
2023-07-09 14:36:17,0007AC34C9,K41
2023-07-09 14:36:49,0007AC34C9,K41
2023-07-09 21:42:12,0007CE0F3D,K41
2023-07-09 21:44:17,0007AC34C9,K41
2023-07-09 21:45:15,0007AC494F,K41
2023-07-09 21:45:38,0007ACAC37,K41
2023-07-09 22:29:01,0007AC34C9,K41
2023-07-09 22:32:18,0007AC34C9,K41
2023-07-09 22:58:57,0007ACAC37,K41
2023-07-09 23:01:32,0007AC34C9,K41
2023-07-09 23:04:19,0007AC34C9,K41
2023-07-09 23:04:51,0007CDB484,K41
2023-07-09 23:15:07,0007AC494F,K41
2023-07-09 23:26:59,0007AC34C9,K41
2023-07-09 23:27:08,0007AC494F,K41
2023-07-09 23:29:28,0007AC34C9,K41
2023-07-09 23:30:09,0007AC494F,K41
2023-07-09 23:31:00,0007CE0F3D,K41
2023-07-09 23:34:06,0007AC494F,K41
2023-07-09 23:35:59,0007CE0F3D,K41
2023-07-09 23:36:51,0007AC494F,K41
2023-07-09 23:39:57,0007AC34C9,K41
2023-07-09 23:47:07,0007CE0F3D,K41
2023-07-09 23:49:05,0007AC34C9,K41
2023-07-09 23:49:21,0007AC34C9,K41
2023-07-10 00:01:54,0007CDB484,K41
2023-07-10 00:07:18,0007CE0F3D,K41
2023-07-10 00:14:16,0007CE0F3D,K41
2023-07-10 00:18:07,0007AC418B,K41
2023-07-10 00:23:38,0007ACAC37,K41
2023-07-10 00:26:01,0007AC418B,K41
2023-07-10 00:38:25,0007C1922C,K41
2023-07-10 00:38:29,00075D076C,K41
2023-07-10 00:38:35,0007CE0F3D,K41
2023-07-10 00:58:28,0007ACAC37,K41
2023-07-10 00:58:57,0007ACAC37,K41
2023-07-10 00:59:27,0007ACAC37,K41
2023-07-10 21:37:07,000786B8A2,K52
2023-07-10 21:38:34,0007CE0F3D,K52
2023-07-10 21:39:42,000786B8A2,K52
2023-07-10 21:41:36,000786B8A2,K52
2023-07-10 21:42:09,0007CDB484,K52
2023-07-10 21:44:20,0007CDB484,K52
2023-07-10 21:44:44,0007AC494F,K52
2023-07-10 21:45:17,0007AC418B,K52
2023-07-10 21:46:27,000786B8A2,K52
2023-07-10 22:14:27,00075D076C,K52
2023-07-10 22:15:27,0007AC494F,K52
2023-07-10 22:54:22,000786B8A2,K52
2023-07-10 22:54:28,0007CE0F3D,K52
2023-07-10 22:56:42,0007CDB484,K52
2023-07-10 22:58:23,000786B8A2,K52
2023-07-10 22:59:36,0007AC418B,K52
2023-07-10 23:04:54,0007AC418B,K52
2023-07-10 23:06:56,0007CE0896,K52
2023-07-10 23:07:47,0007CDB484,K52
2023-07-10 23:09:43,0007AC418B,K52
2023-07-10 23:10:14,0007AC9A80,K52
2023-07-10 23:14:18,0007AC418B,K52
2023-07-10 23:15:00,00075D076C,K52
2023-07-10 23:15:53,0007CE0896,K52
2023-07-10 23:19:32,00075D076C,K52
2023-07-10 23:20:05,0007CE0896,K52
2023-07-10 23:23:28,0007CE0896,K52
2023-07-10 23:29:43,0007AC9A80,K52
2023-07-10 23:32:37,0007CE0F3D,K52
2023-07-10 23:34:50,0007CE0F3D,K52
2023-07-10 23:39:52,0007AC418B,K52
2023-07-10 23:40:40,0007CE0896,K52
2023-07-10 23:41:11,000786B8A2,K52
2023-07-10 23:45:03,0007CE0896,K52
2023-07-10 23:47:12,0007AC418B,K52
2023-07-10 23:47:19,000786B8A2,K52
2023-07-10 23:48:37,0007AC494F,K52
2023-07-10 23:51:58,00075D879F,K52
2023-07-10 23:52:10,0007AC0387,K52
2023-07-10 23:57:29,0007AC418B,K52
2023-07-10 23:57:38,00071E2D31,K52
2023-07-11 00:00:32,0007AC0387,K52
2023-07-11 00:01:27,0007AC0387,K52
2023-07-11 00:01:58,0007ABF44A,K52
2023-07-11 00:03:06,0007AC0387,K52
2023-07-11 00:06:06,0007AC418B,K52
2023-07-11 00:07:20,0007AC0387,K52
2023-07-11 00:07:37,0007AC0387,K52
2023-07-11 00:10:27,0007AC0387,K52
2023-07-11 00:12:55,0007CE0896,K52
2023-07-11 00:14:14,0007AC0387,K52
2023-07-11 00:17:42,00071E2D31,K52
2023-07-11 00:20:29,00075D076C,K52
2023-07-11 00:22:11,0007AC494F,K52
2023-07-11 00:22:27,0007CDB484,K52
2023-07-11 00:40:20,000786B8A2,K52
2023-07-11 00:44:11,0007AC418B,K52
2023-07-11 00:45:43,00075D879F,K52
2023-07-11 00:48:07,00071E2D31,K52
2023-07-11 00:49:47,0007CDB484,K52
2023-07-11 00:50:12,000786B8A2,K52
2023-07-11 00:51:35,0007AC9A80,K52
2023-07-11 00:55:13,000786B8A2,K52
2023-07-11 00:57:29,00075D076C,K52
2023-07-11 00:58:03,000786B8A2,K52
2023-07-11 00:58:26,0007CE0F3D,K52
2023-07-11 01:03:28,0007CE0F3D,K52
2023-07-11 01:03:49,00075D879F,K52
2023-07-11 01:04:38,00075D879F,K52
2023-07-11 01:09:48,00075D879F,K52
2023-07-11 01:12:07,0007CE0F3D,K52
2023-07-11 01:17:03,00075D879F,K52
2023-07-11 01:20:33,0007AC418B,K52
2023-07-11 01:38:33,0007AC494F,K52
2023-07-11 01:40:20,0007AC0387,K52
2023-07-11 01:42:21,0007CDB484,K52
2023-07-11 01:45:54,00071E2D31,K52
2023-07-11 01:46:28,000786B8A2,K52
2023-07-11 01:50:34,0007C1922C,K52
2023-07-11 01:50:58,00075D076C,K52
2023-07-11 01:51:19,0007C1922C,K52
2023-07-11 01:53:26,0007C1922C,K52
2023-07-11 02:01:36,0007AC418B,K52
2023-07-11 02:06:40,000786B8A2,K52
2023-07-11 02:11:17,0007AC494F,K52
2023-07-11 02:11:39,000786B8A2,K52
2023-07-11 02:13:59,0007C1922C,K52
2023-07-11 02:17:00,0007AC494F,K52
2023-07-11 02:17:50,00071E2D31,K52
2023-07-11 02:18:03,0007CE0F3D,K52
2023-07-11 02:18:07,0007C1922C,K52
2023-07-11 02:18:23,0007C1922C,K52
2023-07-11 02:18:38,0007C1922C,K52
2023-07-11 02:19:44,000786B8A2,K52
2023-07-11 02:27:24,00075D076C,K52
2023-07-11 02:33:22,00075D076C,K52
2023-07-11 02:33:49,0007C1922C,K52
2023-07-11 02:35:48,00071E2D31,K52
2023-07-11 02:41:44,00075D076C,K52
2023-07-11 02:47:37,0007CDB484,K52
2023-07-11 02:48:30,0007AC9A80,K52
2023-07-11 02:49:45,0007AC494F,K52
2023-07-11 02:54:25,0007AC418B,K52
2023-07-11 02:55:02,0007AC0387,K52
2023-07-11 03:09:13,0007AC34C9,K52
2023-07-11 03:09:59,0007C1922C,K52
2023-07-11 03:18:09,0007CE0896,K52
2023-07-11 03:20:44,0007C1922C,K52
2023-07-11 03:26:11,0007ACAC37,K52
2023-07-11 03:30:21,000786B8A2,K52
2023-07-11 03:34:08,00071E2D31,K52
2023-07-11 03:40:00,0007AC9A80,K52
2023-07-11 03:40:49,0007AC494F,K52
2023-07-11 03:42:41,000786B8A2,K52
2023-07-11 03:47:37,0007AC0387,K52
2023-07-11 04:13:33,0007AC418B,K52
2023-07-11 04:38:09,0007CDB484,K52
2023-07-11 04:41:31,0007AC34C9,K52
2023-07-11 04:45:23,0007AC34C9,K52
2023-07-11 04:55:34,0007AC494F,K52
2023-07-11 04:57:46,000786B8A2,K52
2023-07-11 05:04:41,0007C18B80,K52
2023-07-11 14:10:25,0007AC0387,K52
2023-07-11 21:31:08,0007CE0F3D,K52
2023-07-11 21:32:22,0007CE0F3D,K52
2023-07-11 21:34:35,0007AC9A80,K52
2023-07-11 21:38:19,00075D879F,K52
2023-07-11 21:39:34,0007AC0387,K52
2023-07-11 21:40:10,0007CE0896,K52
2023-07-11 21:44:52,0007CDB484,K52
2023-07-11 21:45:12,00071E2D31,K52
2023-07-11 21:45:37,000786B8A2,K52
2023-07-11 21:46:14,0007C1922C,K52
2023-07-11 21:46:18,0007AC418B,K52
2023-07-11 21:47:16,0007AC494F,K52
2023-07-11 21:52:57,0007C18B80,K52
2023-07-11 22:11:48,00075D076C,K52
2023-07-11 22:22:59,0007ACAC37,K52
2023-07-11 22:26:29,0007ACAC37,K52
2023-07-11 22:31:59,00071E2D31,K52
2023-07-11 22:39:22,000786B8A2,K52
2023-07-11 22:40:13,00075D076C,K52
2023-07-11 22:41:23,00071E2D31,K52
2023-07-11 22:46:08,0007AC9A80,K52
2023-07-11 22:47:35,0007AC34C9,K52
2023-07-11 22:48:56,000786B8A2,K52
2023-07-11 22:49:43,0007C1922C,K52
2023-07-11 22:59:22,0007CE0F3D,K52
2023-07-11 23:01:19,0007CE0F3D,K52
2023-07-11 23:01:32,0007AC418B,K52
2023-07-11 23:04:42,0007ABF44A,K52
2023-07-11 23:05:09,0007AC418B,K52
2023-07-11 23:05:32,0007CE0F3D,K52
2023-07-11 23:07:06,0007ABF44A,K52
2023-07-11 23:17:17,00075D879F,K52
2023-07-11 23:18:06,0007CE0896,K52
2023-07-11 23:18:51,0007CE0F3D,K52
2023-07-11 23:19:27,0007CE0F3D,K52
2023-07-11 23:20:33,00075D076C,K52
2023-07-11 23:35:51,0007ACAC37,K52
2023-07-11 23:37:08,0007ACAC37,K52
2023-07-11 23:37:35,0007AC494F,K52
2023-07-11 23:37:40,0007CDB484,K52
2023-07-11 23:45:08,0007AC418B,K52
2023-07-11 23:46:54,0007CE0F3D,K52
2023-07-11 23:50:46,0007CE0F3D,K52
2023-07-11 23:52:07,0007AC418B,K52
2023-07-11 23:57:35,0007AC9A80,K52
2023-07-12 00:02:00,0007CE0F3D,K52
2023-07-12 00:11:47,00071E2D31,K52
2023-07-12 00:26:36,0007C1922C,K52
2023-07-12 00:27:40,0007AC34C9,K52
2023-07-12 00:41:56,00071E2D31,K52
2023-07-12 00:42:54,000786B8A2,K52
2023-07-12 00:43:01,00074F663E,K52
2023-07-12 00:44:07,00071E2D31,K52
2023-07-12 00:45:30,00071E2D31,K52
2023-07-12 00:47:19,00071E2D31,K52
2023-07-12 00:52:00,00071E2D31,K52
2023-07-12 00:53:12,00071E2D31,K52
2023-07-12 00:53:40,0007AC418B,K52
2023-07-12 00:53:52,0007AC418B,K52
2023-07-12 00:56:31,00071E2D31,K52
2023-07-12 00:57:47,00071E2D31,K52
2023-07-12 01:04:15,0007C1922C,K52
2023-07-12 01:04:19,0007AC0387,K52
2023-07-12 01:14:25,00071E2D31,K52
2023-07-12 01:14:36,00071E2D31,K52
2023-07-12 01:14:55,0007AC494F,K52
2023-07-12 01:15:42,00071E2D31,K52
2023-07-12 01:38:14,0007AC34C9,K52
2023-07-12 01:40:27,0007CDB484,K52
2023-07-12 01:58:00,0007CE0F3D,K52
2023-07-12 01:58:14,00075D879F,K52
2023-07-12 01:59:11,00071E2D31,K52
2023-07-12 02:10:27,000786B8A2,K52
2023-07-12 02:10:46,0007AC9A80,K52
2023-07-12 02:14:12,0007AC9A80,K52
2023-07-12 02:14:15,000786B8A2,K52
2023-07-12 02:16:37,000786B8A2,K52
2023-07-12 02:19:51,000786B8A2,K52
2023-07-12 02:20:06,000786B8A2,K52
2023-07-12 02:20:57,000786B8A2,K52
2023-07-12 02:22:29,000786B8A2,K52
2023-07-12 02:22:59,000786B8A2,K52
2023-07-12 02:23:10,000786B8A2,K52
2023-07-12 02:23:33,0007C18B80,K52
2023-07-12 02:23:46,000786B8A2,K52
2023-07-12 02:24:00,000786B8A2,K52
2023-07-12 02:24:13,000786B8A2,K52
2023-07-12 02:24:35,000786B8A2,K52
2023-07-12 02:25:15,000786B8A2,K52
2023-07-12 02:25:28,0007C1922C,K52
2023-07-12 02:25:30,0007C18B80,K52
2023-07-12 02:25:38,0007ABF44A,K52
2023-07-12 02:26:50,000786B8A2,K52
2023-07-12 02:27:04,0007CE0896,K52
2023-07-12 02:27:16,0007AC34C9,K52
2023-07-12 02:27:50,000786B8A2,K52
2023-07-12 02:28:05,000786B8A2,K52
2023-07-12 02:28:16,000786B8A2,K52
2023-07-12 02:28:46,000786B8A2,K52
2023-07-12 02:29:05,000786B8A2,K52
2023-07-12 02:29:28,000786B8A2,K52
2023-07-12 02:29:43,000786B8A2,K52
2023-07-12 02:29:54,000786B8A2,K52
2023-07-12 02:30:10,000786B8A2,K52
2023-07-12 02:42:54,00071E2D31,K52
2023-07-12 02:48:50,0007AC9A80,K52
2023-07-12 02:52:02,0007AC418B,K52
2023-07-12 03:00:44,0007ABF44A,K52
2023-07-12 03:00:48,0007AC0387,K52
2023-07-12 03:02:30,0007AC9A80,K52
2023-07-12 03:03:34,0007AC494F,K52
2023-07-12 03:05:30,0007AC418B,K52
2023-07-12 03:11:38,000786B8A2,K52
2023-07-12 03:16:59,0007CE0F3D,K52
2023-07-12 03:27:00,000786B8A2,K52
2023-07-12 03:30:23,0007CDB484,K52
2023-07-12 03:35:58,0007CDB484,K52
2023-07-12 03:36:33,0007ACAC37,K52
2023-07-12 03:40:22,0007CDB484,K52
2023-07-12 03:45:26,0007CDB484,K52
2023-07-12 03:47:39,0007AC418B,K52
2023-07-12 04:00:43,0007CE0896,K52
2023-07-12 04:16:17,000786B8A2,K52
2023-07-12 04:27:30,000786B8A2,K52
2023-07-12 04:37:20,0007CDB484,K52
2023-07-12 04:39:49,00071E2D31,K52
2023-07-12 05:06:07,00071E2D31,K52
2023-07-12 21:31:13,0007CE0F3D,K52
2023-07-12 21:31:59,0007CE0F3D,K52
2023-07-12 21:32:17,00075D879F,K52
2023-07-12 21:32:25,0007CE0F3D,K52
2023-07-12 21:33:35,000786B8A2,K52
2023-07-12 21:39:11,000786B8A2,K52
2023-07-12 21:39:19,0007AC0387,K52
2023-07-12 21:41:10,0007AC418B,K52
2023-07-12 21:41:12,0007C1922C,K52
2023-07-12 21:44:57,0007AC494F,K52
2023-07-12 21:45:09,0007C18C52,K52
2023-07-12 21:46:07,0007C18B80,K52
2023-07-12 21:46:53,0007CDB484,K52
2023-07-12 21:47:25,00071E2D31,K52
2023-07-12 21:49:18,00071E2D31,K52
2023-07-12 22:45:41,00075D879F,K52
2023-07-12 22:47:26,0007AC34C9,K52
2023-07-12 22:53:06,00075D879F,K52
2023-07-12 23:02:34,0007AC418B,K52
2023-07-12 23:07:42,000786B8A2,K52
2023-07-12 23:08:30,000786B8A2,K52
2023-07-12 23:09:12,0007AC9A80,K52
2023-07-12 23:10:05,000786B8A2,K52
2023-07-12 23:10:23,00071E2D31,K52
2023-07-12 23:14:21,000786B8A2,K52
2023-07-12 23:15:35,00075D879F,K52
2023-07-12 23:15:41,000786B8A2,K52
2023-07-12 23:17:30,000786B8A2,K52
2023-07-12 23:17:59,0007AC9A80,K52
2023-07-12 23:18:29,000786B8A2,K52
2023-07-12 23:19:18,000786B8A2,K52
2023-07-12 23:20:10,00071E2D31,K52
2023-07-12 23:20:54,00075D879F,K52
2023-07-12 23:24:36,000786B8A2,K52
2023-07-12 23:24:59,000786B8A2,K52
2023-07-12 23:25:49,000786B8A2,K52
2023-07-12 23:27:02,000786B8A2,K52
2023-07-12 23:27:14,000786B8A2,K52
2023-07-12 23:28:24,000786B8A2,K52
2023-07-12 23:29:42,000786B8A2,K52
2023-07-12 23:31:19,000786B8A2,K52
2023-07-12 23:31:47,0007AC418B,K52
2023-07-12 23:33:06,000786B8A2,K52
2023-07-12 23:33:58,000786B8A2,K52
2023-07-12 23:34:36,000786B8A2,K52
2023-07-12 23:36:38,000786B8A2,K52
2023-07-12 23:37:23,000786B8A2,K52
2023-07-12 23:37:42,000786B8A2,K52
2023-07-12 23:37:51,0007AC418B,K52
2023-07-12 23:38:11,00075D879F,K52
2023-07-12 23:38:44,000786B8A2,K52
2023-07-12 23:38:57,0007AC418B,K52
2023-07-12 23:39:12,0007AC418B,K52
2023-07-12 23:39:15,000786B8A2,K52
2023-07-12 23:39:54,000786B8A2,K52
2023-07-12 23:40:07,000786B8A2,K52
2023-07-12 23:40:25,000786B8A2,K52
2023-07-12 23:40:54,000786B8A2,K52
2023-07-12 23:42:01,000786B8A2,K52
2023-07-12 23:42:16,000786B8A2,K52
2023-07-12 23:43:06,00075D076C,K52
2023-07-12 23:43:34,00074F663E,K52
2023-07-12 23:44:17,00074F663E,K52
2023-07-12 23:45:15,0007ACAC37,K52
2023-07-12 23:45:27,0007ACAC37,K52
2023-07-12 23:46:49,0007AC418B,K52
2023-07-12 23:47:14,000786B8A2,K52
2023-07-12 23:47:35,000786B8A2,K52
2023-07-12 23:47:48,000786B8A2,K52
2023-07-12 23:48:07,000786B8A2,K52
2023-07-12 23:48:28,000786B8A2,K52
2023-07-12 23:48:42,0007AC0387,K52
2023-07-12 23:48:46,0007AC9A80,K52
2023-07-12 23:49:12,000786B8A2,K52
2023-07-12 23:50:42,0007AC418B,K52
2023-07-12 23:51:23,0007AC418B,K52
2023-07-12 23:51:43,0007ABF44A,K52
2023-07-12 23:51:55,00071E2D31,K52
2023-07-12 23:53:56,0007ABF44A,K52
2023-07-12 23:54:18,0007AC9A80,K52
2023-07-12 23:54:30,0007AC34C9,K52
2023-07-12 23:54:41,0007CDB484,K52
2023-07-12 23:56:21,000786B8A2,K52
2023-07-12 23:58:19,00071E2D31,K52
2023-07-12 23:59:44,0007C1922C,K52
2023-07-13 00:00:14,00071E2D31,K52
2023-07-13 00:00:28,00071E2D31,K52
2023-07-13 00:00:44,00071E2D31,K52
2023-07-13 00:00:55,00071E2D31,K52
2023-07-13 00:02:39,0007CE0F3D,K52
2023-07-13 00:02:57,00071E2D31,K52
2023-07-13 00:03:44,0007AC34C9,K52
2023-07-13 00:03:46,0007AC9A80,K52
2023-07-13 00:04:23,0007AC0387,K52
2023-07-13 00:05:46,0007CDB484,K52
2023-07-13 00:06:05,00071E2D31,K52
2023-07-13 00:06:48,0007AC0387,K52
2023-07-13 00:06:59,00071E2D31,K52
2023-07-13 00:07:44,0007ACAC37,K52
2023-07-13 00:07:46,0007AC9A80,K52
2023-07-13 00:09:26,0007AC0387,K52
2023-07-13 00:09:44,0007AC0387,K52
2023-07-13 00:10:02,0007AC0387,K52
2023-07-13 00:10:31,0007C1922C,K52
2023-07-13 00:11:41,0007AC0387,K52
2023-07-13 00:11:48,0007AC34C9,K52
2023-07-13 00:12:25,00071E2D31,K52
2023-07-13 00:14:23,00071E2D31,K52
2023-07-13 00:15:39,0007AC9A80,K52
2023-07-13 00:16:08,00074F663E,K52
2023-07-13 00:16:14,00071E2D31,K52
2023-07-13 00:16:25,00071E2D31,K52
2023-07-13 00:16:37,0007AC9A80,K52
2023-07-13 00:16:54,00071E2D31,K52
2023-07-13 00:16:55,0007AC0387,K52
2023-07-13 00:18:07,00071E2D31,K52
2023-07-13 00:19:22,0007AC0387,K52
2023-07-13 00:20:33,0007AC0387,K52
2023-07-13 00:20:58,00074F663E,K52
2023-07-13 00:21:04,00075D879F,K52
2023-07-13 00:21:56,0007ABF44A,K52
2023-07-13 00:22:01,0007AC0387,K52
2023-07-13 00:22:12,0007AC0387,K52
2023-07-13 00:22:42,0007AC0387,K52
2023-07-13 00:25:32,00075D879F,K52
2023-07-13 00:25:38,0007AC0387,K52
2023-07-13 00:26:12,0007AC418B,K52
2023-07-13 00:26:23,0007CDB484,K52
2023-07-13 00:28:29,0007AC9A80,K52
2023-07-13 00:28:52,00075D879F,K52
2023-07-13 00:29:22,0007AC9A80,K52
2023-07-13 00:29:40,0007AC9A80,K52
2023-07-13 00:29:46,0007CE0896,K52
2023-07-13 00:31:31,0007CDB484,K52
2023-07-13 00:32:12,0007AC494F,K52
2023-07-13 00:33:31,0007AC494F,K52
2023-07-13 00:33:52,0007AC0387,K52
2023-07-13 00:35:16,0007AC9A80,K52
2023-07-13 00:35:26,0007AC0387,K52
2023-07-13 00:40:32,0007AC34C9,K52
2023-07-13 00:40:38,00075D879F,K52
2023-07-13 00:41:20,00075D879F,K52
2023-07-13 00:41:30,0007CDB484,K52
2023-07-13 00:45:14,000786B8A2,K52
2023-07-13 00:46:02,0007AC0387,K52
2023-07-13 00:46:38,0007AC9A80,K52
2023-07-13 00:46:43,0007ACAC37,K52
2023-07-13 00:47:08,00075D879F,K52
2023-07-13 00:47:39,00075D076C,K52
2023-07-13 00:48:19,0007AC494F,K52
2023-07-13 00:49:24,0007AC34C9,K52
2023-07-13 00:50:06,0007AC494F,K52
2023-07-13 00:51:41,000786B8A2,K52
2023-07-13 00:51:44,0007CDB484,K52
2023-07-13 00:52:22,000786B8A2,K52
2023-07-13 00:53:09,000786B8A2,K52
2023-07-13 00:54:07,000786B8A2,K52
2023-07-13 00:54:39,000786B8A2,K52
2023-07-13 00:56:55,000786B8A2,K52
2023-07-13 00:59:41,000786B8A2,K52
2023-07-13 01:00:08,000786B8A2,K52
2023-07-13 01:00:38,0007AC0387,K52
2023-07-13 01:00:58,0007AC0387,K52
2023-07-13 01:01:13,000786B8A2,K52
2023-07-13 01:01:25,0007CDB484,K52
2023-07-13 01:02:33,0007CDB484,K52
2023-07-13 01:07:03,0007AC0387,K52
2023-07-13 01:07:20,0007AC494F,K52
2023-07-13 01:07:49,000786B8A2,K52
2023-07-13 01:08:01,0007CDFB4B,K52
2023-07-13 01:12:59,00071E2D31,K52
2023-07-13 01:20:45,0007AC0387,K52
2023-07-13 01:20:59,0007AC0387,K52
2023-07-13 01:25:01,00074F663E,K52
2023-07-13 01:28:18,0007CDB484,K52
2023-07-13 01:32:14,0007AC34C9,K52
2023-07-13 01:33:47,0007AC418B,K52
2023-07-13 01:33:49,0007CDB484,K52
2023-07-13 01:41:20,0007CDB484,K52
2023-07-13 01:46:04,0007AC9A80,K52
2023-07-13 01:50:05,0007CDB484,K52
2023-07-13 01:50:29,0007C1922C,K52
2023-07-13 01:54:34,0007CDB484,K52
2023-07-13 01:55:28,0007ABF44A,K52
2023-07-13 01:57:00,0007C18B80,K52
2023-07-13 01:57:40,0007C1922C,K52
2023-07-13 01:59:29,0007C1922C,K52
2023-07-13 02:02:36,0007CDB484,K52
2023-07-13 02:04:09,00071E2D31,K52
2023-07-13 02:04:53,0007ABF44A,K52
2023-07-13 02:05:20,0007ABF44A,K52
2023-07-13 02:07:51,0007AC9A80,K52
2023-07-13 02:08:33,0007AC9A80,K52
2023-07-13 02:09:34,0007AC9A80,K52
2023-07-13 02:09:45,0007AC9A80,K52
2023-07-13 02:11:10,0007C1922C,K52
2023-07-13 02:12:42,0007AC494F,K52
2023-07-13 02:16:09,00075D076C,K52
2023-07-13 02:18:27,0007AC0387,K52
2023-07-13 02:21:15,000786B8A2,K52
2023-07-13 02:22:10,00074F663E,K52
2023-07-13 02:26:29,0007CE0896,K52
2023-07-13 02:38:24,0007AC34C9,K52
2023-07-13 02:38:44,0007ABF44A,K52
2023-07-13 02:38:49,0007CDB484,K52
2023-07-13 02:39:00,0007CDB484,K52
2023-07-13 02:39:43,000786B8A2,K52
2023-07-13 02:40:49,0007CE0896,K52
2023-07-13 02:44:04,000786B8A2,K52
2023-07-13 02:46:27,0007AC34C9,K52
2023-07-13 02:48:35,00075D879F,K52
2023-07-13 02:54:08,00075D076C,K52
2023-07-13 02:54:19,000786B8A2,K52
2023-07-13 02:54:23,0007AC494F,K52
2023-07-13 02:59:34,00075B22B0,K52
2023-07-13 03:01:51,000786B8A2,K52
2023-07-13 03:05:11,000786B8A2,K52
2023-07-13 03:09:23,000786B8A2,K52
2023-07-13 03:11:54,000786B8A2,K52
2023-07-13 03:22:24,0007AC9A80,K52
2023-07-13 03:24:17,0007AC0387,K52
2023-07-13 03:29:30,0007AC494F,K52
2023-07-13 03:33:17,0007CE0896,K52
2023-07-13 03:36:06,0007ABF44A,K52
2023-07-13 03:36:38,0007CDB484,K52
2023-07-13 03:37:25,0007ACAC37,K52
2023-07-13 03:37:27,0007AC0387,K52
2023-07-13 03:37:59,0007C1922C,K52
2023-07-13 03:38:52,00071E2D31,K52
2023-07-13 03:42:22,0007ABF44A,K52
2023-07-13 03:43:18,00071E2D31,K52
2023-07-13 03:43:51,0007ABF44A,K52
2023-07-13 03:45:13,00074F663E,K52
2023-07-13 03:53:36,0007CE0F3D,K52
2023-07-13 04:22:50,00071E2D31,K52
2023-07-13 04:32:15,00071E2D31,K52
2023-07-13 04:39:09,0007C1922C,K52
2023-07-13 05:08:11,00071E2D31,K52
2023-07-13 05:10:51,00074F663E,K52
2023-07-13 21:36:16,00074F663E,K52
2023-07-13 21:36:54,0007CE0F3D,K52
2023-07-13 21:38:15,0007AC0387,K52
2023-07-13 21:41:14,00075D879F,K52
2023-07-13 21:42:29,0007AC9A80,K52
2023-07-13 21:45:11,0007CE0896,K52
2023-07-13 21:51:20,0007C1922C,K52
2023-07-13 21:51:23,0007CDFB4B,K52
2023-07-13 21:51:46,0007AC494F,K52
2023-07-13 21:51:58,0007CDB484,K52
2023-07-13 21:53:27,0007C18B80,K52
2023-07-13 21:53:39,00071E2D31,K52
2023-07-13 21:57:21,0007C18C52,K52
2023-07-13 23:01:44,0007ACAC37,K52
2023-07-13 23:07:52,0007CDB484,K52
2023-07-13 23:08:06,0007CDB484,K52
2023-07-13 23:17:25,0007CDB484,K52
2023-07-13 23:17:36,0007CDB484,K52
2023-07-13 23:17:47,0007CDB484,K52
2023-07-13 23:17:58,0007CDB484,K52
2023-07-13 23:29:17,00071E2D31,K52
2023-07-13 23:34:03,0007AC9A80,K52
2023-07-13 23:35:01,000786B8A2,K52
2023-07-13 23:39:40,000786B8A2,K52
2023-07-13 23:39:57,00071E2D31,K52
2023-07-13 23:45:04,0007CE0896,K52
2023-07-13 23:45:49,0007CE0F3D,K52
2023-07-13 23:46:58,0007AC9A80,K52
2023-07-13 23:49:23,000786B8A2,K52
2023-07-13 23:50:24,00075B22B0,K52
2023-07-13 23:50:51,0007AC494F,K52
2023-07-13 23:50:58,00075D879F,K52
2023-07-13 23:51:37,0007ABF44A,K52
2023-07-13 23:54:00,00075D076C,K52
2023-07-14 00:00:39,00074F663E,K52
2023-07-14 00:01:00,0007AC9A80,K52
2023-07-14 00:05:37,0007CE0896,K52
2023-07-14 00:07:47,00074F663E,K52
2023-07-14 00:09:42,00074F663E,K52
2023-07-14 00:09:46,0007CE0896,K52
2023-07-14 00:11:06,00074F663E,K52
2023-07-14 00:12:31,00074F663E,K52
2023-07-14 00:13:23,00074F663E,K52
2023-07-14 00:13:57,00074F663E,K52
2023-07-14 00:14:19,00074F663E,K52
2023-07-14 00:15:24,0007C1922C,K52
2023-07-14 00:18:09,0007CE0896,K52
2023-07-14 00:18:40,0007CDDFAD,K52
2023-07-14 00:19:48,0007CDDFAD,K52
2023-07-14 00:22:01,0007CDDFAD,K52
2023-07-14 00:23:07,0007CDDFAD,K52
2023-07-14 00:25:16,0007AC0387,K52
2023-07-14 00:25:44,0007CE0896,K52
2023-07-14 00:28:25,00074F663E,K52
2023-07-14 00:35:51,0007AC494F,K52
2023-07-14 00:42:19,00075D879F,K52
2023-07-14 00:42:20,0007CE0F3D,K52
2023-07-14 00:42:31,0007CE0F3D,K52
2023-07-14 00:42:43,0007CE0896,K52
2023-07-14 00:45:22,00075D879F,K52
2023-07-14 00:47:10,000786B8A2,K52
2023-07-14 00:49:35,00075D076C,K52
2023-07-14 00:49:54,0007CE0F3D,K52
2023-07-14 00:52:44,0007AC494F,K52
2023-07-14 00:52:49,000786B8A2,K52
2023-07-14 00:54:54,0007AC9A80,K52
2023-07-14 00:58:55,000786B8A2,K52
2023-07-14 00:59:08,00071E2D31,K52
2023-07-14 00:59:51,000786B8A2,K52
2023-07-14 01:03:28,0007CE0896,K52
2023-07-14 01:05:31,00071E2D31,K52
2023-07-14 01:13:10,0007AC9A80,K52
2023-07-14 01:21:30,0007AC9A80,K52
2023-07-14 01:23:30,0007AC9A80,K52
2023-07-14 01:26:32,0007AC494F,K52
2023-07-14 01:30:59,0007CE0896,K52
2023-07-14 01:31:55,0007C1922C,K52
2023-07-14 01:35:04,000786B8A2,K52
2023-07-14 01:35:18,0007C1922C,K52
2023-07-14 01:38:28,0007CE0896,K52
2023-07-14 01:42:37,00075D076C,K52
2023-07-14 01:43:31,00071E2D31,K52
2023-07-14 01:43:42,00071E2D31,K52
2023-07-14 01:47:51,000786B8A2,K52
2023-07-14 02:08:53,00074F663E,K52
2023-07-14 02:09:04,00074F663E,K52
2023-07-14 02:13:35,0007AC0387,K52
2023-07-14 02:26:39,00071E2D31,K52
2023-07-14 02:33:09,0007AC0387,K52
2023-07-14 02:37:33,0007AC9A80,K52
2023-07-14 02:39:36,0007C1922C,K52
2023-07-14 02:43:00,000786B8A2,K52
2023-07-14 02:46:58,0007AC494F,K52
2023-07-14 02:51:32,000786B8A2,K52
2023-07-14 02:51:45,0007C1922C,K52
2023-07-14 02:58:33,0007AC9A80,K52
2023-07-14 02:58:45,0007AC494F,K52
2023-07-14 03:05:58,0007AC494F,K52
2023-07-14 03:08:10,0007AC494F,K52
2023-07-14 03:08:38,0007AC494F,K52
2023-07-14 03:09:29,0007AC9A80,K52
2023-07-14 03:12:21,0007AC494F,K52
2023-07-14 03:12:56,0007AC494F,K52
2023-07-14 03:13:54,0007AC494F,K52
2023-07-14 03:14:13,00075D076C,K52
2023-07-14 03:15:43,0007CE0896,K52
2023-07-14 03:19:10,0007AC494F,K52
2023-07-14 03:19:44,00074F663E,K52
2023-07-14 03:26:09,0007ACAC37,K52
2023-07-14 03:28:04,00075D076C,K52
2023-07-14 03:32:25,00071E2D31,K52
2023-07-14 03:36:33,0007C1922C,K52
2023-07-14 03:47:29,000786B8A2,K52
2023-07-14 03:56:40,0007AC0387,K52
2023-07-14 04:01:04,00071E2D31,K52
2023-07-14 04:01:42,000786B8A2,K52
2023-07-14 04:05:54,00071E2D31,K52
2023-07-14 04:06:05,00071E2D31,K52
2023-07-14 04:11:30,0007AC0387,K52
2023-07-14 04:17:36,0007AC9A80,K52
2023-07-14 04:26:13,0007AC9A80,K52
2023-07-14 04:29:35,000786B8A2,K52
2023-07-14 04:34:08,000786B8A2,K52
2023-07-14 04:53:50,0007C1922C,K52
2023-07-14 04:59:04,0007CE0896,K52
2023-07-14 05:02:40,000786B8A2,K52
2023-07-14 05:09:01,0007AC0387,K52
2023-07-14 21:39:41,00074F663E,K52
2023-07-14 21:43:13,0007AC0387,K52
2023-07-14 21:43:38,0007CE0896,K52
2023-07-14 21:45:32,0007C1922C,K52
2023-07-14 21:47:06,000786B8A2,K52
2023-07-15 04:00:07,0007CDDFAD,K52
2023-07-15 04:00:47,0007CDDFAD,K52
2023-07-15 13:12:35,00079AAA3C,K4
2023-07-15 13:46:54,00079AAA3C,K4
2023-07-15 21:33:48,00075D879F,K2
2023-07-15 21:33:59,00074F663E,K2
2023-07-15 21:34:07,0007CDDFAD,K2
2023-07-15 21:34:22,00075D879F,K2
2023-07-15 21:34:31,0007CDDFAD,K2
2023-07-15 21:36:47,0007ACAC37,K2
2023-07-15 21:36:54,0007ACA816,K4
2023-07-15 21:37:05,0007ACA816,K4
2023-07-15 21:37:17,0007ACA816,K4
2023-07-15 21:38:25,000783A42D,K4
2023-07-15 21:38:47,00079AAA3C,K4
2023-07-15 21:40:09,0006B3AC35,K4
2023-07-15 21:42:14,0007CDB0C8,K4
2023-07-15 21:42:30,0007CE0F3D,K2
2023-07-15 21:42:46,0007ABF44A,K2
2023-07-15 21:43:21,0007CE0F3D,K2
2023-07-15 21:43:39,0007ABDCCF,K4
2023-07-15 21:44:44,0007C1922C,K2
2023-07-15 21:45:18,00071E2D31,K2
2023-07-15 21:45:45,00071E2D31,K2
2023-07-15 21:46:13,00075D076C,K2
2023-07-15 21:49:25,0007AC494F,K2
2023-07-15 21:50:28,0007AC418B,K2
2023-07-15 21:50:40,0007C18B80,K2
2023-07-15 21:51:58,0007C18C52,K2
2023-07-15 23:42:14,0007AC494F,K2
2023-07-15 23:43:14,00071E2D31,K2
2023-07-15 23:47:09,0007ABF44A,K2
2023-07-15 23:50:46,00075B22B0,K2
2023-07-15 23:59:11,0007CDB484,K2
2023-07-15 23:59:22,0007CDB484,K2
2023-07-16 00:00:55,0007CDB484,K2
2023-07-16 00:01:42,0007AC9A80,K2
2023-07-16 00:04:22,0007CDB484,K2
2023-07-16 00:04:53,0006B3AC35,K4
2023-07-16 00:06:30,0007CDB484,K2
2023-07-16 00:06:48,0007CDB484,K2
2023-07-16 00:08:40,0007CDB484,K2
2023-07-16 00:12:30,0007AC9A80,K2
2023-07-16 00:15:58,0007AC9A80,K2
2023-07-16 00:21:20,00071E2D31,K2
2023-07-16 00:22:50,0006B3AC35,K4
2023-07-16 00:22:53,00075B22B0,K2
2023-07-16 00:23:30,0007ACA816,K4
2023-07-16 00:24:39,0007AC418B,K2
2023-07-16 00:25:01,00074F663E,K2
2023-07-16 00:25:10,00079AAA3C,K4
2023-07-16 00:25:11,000783A42D,K4
2023-07-16 00:25:35,000783A42D,K4
2023-07-16 00:25:50,00079AAA3C,K4
2023-07-16 00:33:47,0007CDB484,K2
2023-07-16 00:34:53,0007AC9A80,K2
2023-07-16 00:35:42,0007CDDFAD,K2
2023-07-16 00:38:21,0007ABDCCF,K4
2023-07-16 00:51:08,0007AC9A80,K2
2023-07-16 00:52:03,0007AC418B,K2
2023-07-16 00:57:02,0007ABDCCF,K4
2023-07-16 00:59:57,0007ACA816,K4
2023-07-16 01:05:19,0007CDDFAD,K2
2023-07-16 01:10:24,0007ABF44A,K2
2023-07-16 01:11:13,0007AC9A80,K2
2023-07-16 01:12:28,00075D879F,K2
2023-07-16 01:14:36,00079AAA3C,K4
2023-07-16 01:15:04,00079AAA3C,K4
2023-07-16 01:16:49,0007ACA816,K4
2023-07-16 01:17:28,0007ACAC37,K2
2023-07-16 01:18:43,0007ACA816,K4
2023-07-16 01:20:41,0007AC9A80,K2
2023-07-16 01:22:11,000786B8A2,K2
2023-07-16 01:22:27,0007AC9A80,K2
2023-07-16 01:24:18,00079AAA3C,K4
2023-07-16 01:28:16,0007C1922C,K2
2023-07-16 01:29:57,00079AAA3C,K4
2023-07-16 01:30:36,0007ACA816,K4
2023-07-16 01:35:19,00074F663E,K2
2023-07-16 01:36:06,0006B3AC35,K4
2023-07-16 01:39:30,00074F663E,K2
2023-07-16 01:40:34,0007AC494F,K2
2023-07-16 01:49:34,0007AC9A80,K2
2023-07-16 01:50:07,0006B3AC35,K4
2023-07-16 01:58:34,0007AC494F,K2
2023-07-16 02:01:17,0007ABC809,K4
2023-07-16 02:05:58,00071E2D31,K2
2023-07-16 02:25:47,0007CE0F3D,K2
2023-07-16 02:26:00,0007ACAC37,K2
2023-07-16 02:27:31,0007CDB484,K2
2023-07-16 02:33:17,00075B22B0,K2
2023-07-16 02:36:18,0007AC9A80,K2
2023-07-16 02:36:34,0007C18B80,K2
2023-07-16 02:36:39,0007ABF44A,K2
2023-07-16 02:37:18,0007AC418B,K2
2023-07-16 02:42:27,0007ACA816,K4
2023-07-16 02:45:55,00075D879F,K2
2023-07-16 02:53:56,0007AC494F,K2
2023-07-16 02:55:23,000783A42D,K4
2023-07-16 02:55:32,0007ABDCCF,K4
2023-07-16 02:55:54,0006B3AC35,K4
2023-07-16 02:57:02,000783A42D,K4
2023-07-16 03:01:18,000786B8A2,K2
2023-07-16 03:04:42,00079AAA3C,K4
2023-07-16 03:06:34,0007AC418B,K2
2023-07-16 03:07:27,0006B3AC35,K4
2023-07-16 03:07:38,0007ABDCCF,K4
2023-07-16 03:08:43,000783A42D,K4
2023-07-16 03:09:34,0007ABF44A,K2
2023-07-16 03:11:03,00079AAA3C,K4
2023-07-16 03:15:20,0007CDDFAD,K2
2023-07-16 03:21:38,0006B3AC35,K4
2023-07-16 03:25:09,0007ABF44A,K2
2023-07-16 03:28:08,0007CDDFAD,K2
2023-07-16 03:31:28,00075D879F,K2
2023-07-16 03:34:20,0007ACAC37,K2
2023-07-16 03:35:31,0007AC9A80,K2
2023-07-16 03:40:33,0006B3AC35,K4
2023-07-16 03:41:33,00075B22B0,K2
2023-07-16 03:43:15,00071E2D31,K2
2023-07-16 03:45:01,00075D076C,K2
2023-07-16 03:46:47,00075D879F,K2
2023-07-16 03:47:18,00075B22B0,K2
2023-07-16 03:47:30,0006B3AC35,K4
2023-07-16 03:47:44,0007ABDCCF,K4
2023-07-16 03:50:02,00075B22B0,K2
2023-07-16 03:50:17,00075B22B0,K2
2023-07-16 03:50:29,00075B22B0,K2
2023-07-16 03:50:39,0007CDB484,K2
2023-07-16 03:51:27,0006B3AC35,K4
2023-07-16 03:52:42,0007ABDCCF,K4
2023-07-16 03:53:31,0007ABDCCF,K4
2023-07-16 03:56:47,00071E2D31,K2
2023-07-16 03:57:16,0006B3AC35,K4
2023-07-16 04:01:56,0007ACA816,K4
2023-07-16 04:03:23,0007CE0F3D,K2
2023-07-16 04:03:23,0006B3AC35,K4
2023-07-16 04:07:18,0007CE0F3D,K2
2023-07-16 04:18:56,000783A42D,K4
2023-07-16 04:21:21,0007CE0F3D,K2
2023-07-16 04:21:36,0007AC494F,K2
2023-07-16 04:39:12,0007CE0896,K2
2023-07-16 05:01:03,0007AC494F,K2
2023-07-16 05:02:13,0007CE0A62,K4
2023-07-16 05:03:31,0007CDDFAD,K2
2023-07-16 05:05:35,0007ACAC37,K2
2023-07-16 05:06:08,0007ABF44A,K2
2023-07-16 05:07:16,0006B3AC35,K4
2023-07-16 05:11:36,00075D076C,K2
2023-07-16 05:12:47,00071E2D31,K2
2023-07-16 21:38:48,00075B22B0,K2
2023-07-16 21:39:10,00075B22B0,K2
2023-07-16 21:39:37,0007C1922C,K2
2023-07-16 21:39:48,0007CE0F3D,K2
2023-07-16 21:39:52,00071E2D31,K2
2023-07-16 21:40:51,0007CDDFAD,K2
2023-07-16 21:41:19,0007CDDFAD,K2
2023-07-16 21:41:56,0007AC418B,K2
2023-07-16 21:42:11,0007CE0896,K2
2023-07-16 21:42:29,000783A42D,K42
2023-07-16 21:42:41,0007AC9A80,K2
2023-07-16 21:43:30,00075D879F,K2
2023-07-16 21:43:55,0007ACA816,K42
2023-07-16 21:45:30,0007ACA816,K42
2023-07-16 21:45:34,0007ACAC37,K2
2023-07-16 21:45:38,0007AC494F,K2
2023-07-16 21:45:41,00079AAA3C,K42
2023-07-16 21:47:37,0007CDB484,K2
2023-07-16 21:50:15,0006B3AC35,K42
2023-07-16 21:50:16,0007CDB0C8,K42
2023-07-16 21:50:22,0007C18B80,K2
2023-07-16 21:50:45,0007C18C52,K2
2023-07-16 21:52:05,0007CE0A62,K42
2023-07-16 21:52:23,0007ABC809,K42
2023-07-16 23:09:39,000783CB2B,K42
2023-07-16 23:13:51,00075B29B2,K42
2023-07-16 23:16:07,000783CB2B,K42
2023-07-16 23:18:07,0007ABC809,K42
2023-07-16 23:28:49,00075B29B2,K42
2023-07-16 23:29:07,00075B22B0,K2
2023-07-16 23:33:53,0007ABDCCF,K42
2023-07-16 23:34:27,0007ABF44A,K2
2023-07-16 23:37:36,00075B22B0,K2
2023-07-16 23:40:52,0006B3AC35,K42
2023-07-16 23:41:31,00075CE063,K42
2023-07-16 23:42:54,00075CE063,K42
2023-07-16 23:43:20,000783CB2B,K42
2023-07-16 23:44:01,0007ABF44A,K2
2023-07-16 23:44:28,00074F663E,K2
2023-07-16 23:47:09,00074F663E,K2
2023-07-16 23:47:22,00074F663E,K2
2023-07-16 23:52:07,0006B3AC35,K42
2023-07-16 23:53:44,0007ACA816,K42
2023-07-16 23:54:03,0007ABF44A,K2
2023-07-16 23:54:53,0007ABF44A,K2
2023-07-16 23:59:51,00079AAA3C,K42
2023-07-17 00:01:30,000786B8A2,K42
2023-07-17 00:01:33,00075B29B2,K42
2023-07-17 00:06:28,00079AAA3C,K42
2023-07-17 00:07:15,0007AC34C9,K2
2023-07-17 00:12:46,000783CB2B,K42
2023-07-17 00:19:45,00075CE063,K42
2023-07-17 00:19:56,0007ABDCCF,K42
2023-07-17 00:20:29,00075B29B2,K42
2023-07-17 00:21:50,00075CE063,K42
2023-07-17 00:23:43,00075CE063,K42
2023-07-17 00:24:20,00075CE063,K42
2023-07-17 00:32:03,00075CE063,K42
2023-07-17 00:35:02,00079AAA3C,K42
2023-07-17 00:43:06,00079AAA3C,K42
2023-07-17 00:45:46,000783A42D,K42
2023-07-17 00:45:57,000783A42D,K42
2023-07-17 00:46:08,000783A42D,K42
2023-07-17 00:47:07,000783A42D,K42
2023-07-17 00:53:06,0007ACA816,K42
2023-07-17 00:54:40,0007ABDCCF,K42
2023-07-17 00:57:20,000783A42D,K42
2023-07-17 01:02:50,0007ACA816,K42
2023-07-17 01:10:05,0007ABC809,K42
2023-07-17 01:12:22,00075B29B2,K42
2023-07-17 01:19:44,0006B3AC35,K42
2023-07-17 01:29:23,0006B3AC35,K42
2023-07-17 01:31:47,0006B3AC35,K42
2023-07-17 01:33:13,00079AAA3C,K42
2023-07-17 01:38:11,00075CE063,K42
2023-07-17 01:40:37,0006B3AC35,K42
2023-07-17 01:41:22,00075B29B2,K42
2023-07-17 01:41:49,0007AC3CC1,K42
2023-07-17 01:42:26,0007ABDCCF,K42
2023-07-17 01:42:30,0007ABC809,K42
2023-07-17 01:43:29,0007AC8BE4,K42
2023-07-17 01:45:05,0007AC3CC1,K42
2023-07-17 01:45:16,00079AAA3C,K42
2023-07-17 01:52:12,000783CB2B,K42
2023-07-17 01:54:29,000783A42D,K42
2023-07-17 01:55:15,0007ACA816,K42
2023-07-17 01:58:59,000783A42D,K42
2023-07-17 01:59:25,0007AC8BE4,K42
2023-07-17 02:08:15,00075CE063,K42
2023-07-17 02:09:17,0006B3AC35,K42
2023-07-17 02:11:19,0006B3AC35,K42
2023-07-17 02:12:22,0006B3AC35,K42
2023-07-17 02:19:09,0006B3AC35,K42
2023-07-17 02:25:48,000783A42D,K42
2023-07-17 02:32:25,000783CB2B,K42
2023-07-17 02:32:50,000783A42D,K42
2023-07-17 02:41:13,00079AAA3C,K42
2023-07-17 02:52:49,000783CB2B,K42
2023-07-17 02:52:53,00079AAA3C,K42
2023-07-17 02:56:20,0007AC3CC1,K42
2023-07-17 03:08:27,0007ABDCCF,K42
2023-07-17 03:10:33,0007ACA816,K42
2023-07-17 03:10:39,00075CE063,K42
2023-07-17 03:11:22,0007AC8BE4,K42
2023-07-17 03:11:45,0007AC3CC1,K42
2023-07-17 03:13:40,00075B29B2,K42
2023-07-17 03:14:09,0006B3AC35,K42
2023-07-17 03:16:35,0007ACA816,K42
2023-07-17 03:19:42,0007AC8BE4,K42
2023-07-17 03:22:08,0006B3AC35,K42
2023-07-17 03:26:43,0007ABDCCF,K42
2023-07-17 03:33:48,000783CB2B,K42
2023-07-17 03:47:47,00079AAA3C,K42
2023-07-17 03:57:38,000783A42D,K42
2023-07-17 03:58:34,00079AAA3C,K42
2023-07-17 03:59:16,0007AC8BE4,K42
2023-07-17 04:03:26,00075CE063,K42
2023-07-17 04:04:21,0006B3AC35,K42
2023-07-17 04:11:06,0006E24ECA,K42
2023-07-17 04:13:50,00075B29B2,K42
2023-07-17 04:15:24,0006E24ECA,K42
2023-07-17 04:15:30,0006B3AC35,K42
2023-07-17 04:21:58,0006E24ECA,K42
2023-07-17 04:24:30,0007AC3CC1,K42
2023-07-17 04:35:14,000783A42D,K42
2023-07-17 04:43:46,0007CDB0C8,K42
2023-07-17 04:45:52,0007CE0A62,K42
2023-07-17 05:08:47,0006B3AC35,K42
2023-07-17 21:35:46,00074F663E,K8
2023-07-17 21:36:33,0007AC0387,K8
2023-07-17 21:37:35,000783A42D,K42
2023-07-17 21:37:40,00075B22B0,K8
2023-07-17 21:38:02,00075CE063,K42
2023-07-17 21:38:13,0007ACA816,K42
2023-07-17 21:38:51,0007ACAC37,K8
2023-07-17 21:38:54,0007ABDCCF,K42
2023-07-17 21:38:57,0007CDDFAD,K8
2023-07-17 21:38:59,0007ACA816,K42
2023-07-17 21:39:10,0007ACA816,K42
2023-07-17 21:39:21,0007ACA816,K42
2023-07-17 21:39:32,0007ACA816,K42
2023-07-17 21:39:52,00079AAA3C,K42
2023-07-17 21:39:55,0006B3AC35,K42
2023-07-17 21:39:58,0007ABDCCF,K42
2023-07-17 21:40:02,0007ACA816,K42
2023-07-17 21:40:12,0007AC9A80,K8
2023-07-17 21:40:20,0007CE0896,K8
2023-07-17 21:41:41,000786B8A2,K8
2023-07-17 21:42:26,00075D879F,K8
2023-07-17 21:42:30,0007ABF44A,K8
2023-07-17 21:43:53,0007CE0F3D,K8
2023-07-17 21:44:35,0007C1922C,K8
2023-07-17 21:45:04,0006E24ECA,K42
2023-07-17 21:46:16,00071E2D31,K8
2023-07-17 21:46:18,00075B29B2,K42
2023-07-17 21:46:26,0007CDB484,K8
2023-07-17 21:47:05,0007AC418B,K8
2023-07-17 21:47:11,0007AC34C9,K8
2023-07-17 21:48:19,0007CDB0C8,K42
2023-07-17 21:48:24,0007CE0A62,K42
2023-07-17 21:50:04,0007AC8BE4,K42
2023-07-17 21:52:46,000783CB2B,K42
2023-07-17 21:53:10,00075B29B2,K42
2023-07-17 21:53:21,0007AC494F,K8
2023-07-17 21:53:34,0007AC494F,K8
2023-07-17 21:55:27,0007C18B80,K8
2023-07-17 21:56:00,0007C18C52,K8
2023-07-17 21:57:21,00075D076C,K8
2023-07-17 23:40:19,00075B22B0,K8
2023-07-17 23:40:42,0007ABF44A,K8
2023-07-17 23:40:55,00075B22B0,K8
2023-07-17 23:41:06,00075B22B0,K8
2023-07-17 23:46:03,0007CDB484,K8
2023-07-17 23:52:29,0007CDB484,K8
2023-07-17 23:57:46,0007AC34C9,K8
2023-07-17 23:57:55,0007ABF44A,K8
2023-07-18 00:01:26,0007AC0387,K8
2023-07-18 00:01:33,000786B8A2,K8
2023-07-18 00:02:48,0007AC418B,K8
2023-07-18 00:03:18,0007ACA816,K42
2023-07-18 00:04:45,0007ACAC37,K8
2023-07-18 00:06:15,0007AC34C9,K8
2023-07-18 00:06:26,0007AC34C9,K8
2023-07-18 00:06:41,0006E24C7B,K42
2023-07-18 00:06:50,00075B29B2,K42
2023-07-18 00:12:05,0007AC0387,K8
2023-07-18 00:14:11,000786B8A2,K8
2023-07-18 00:14:53,0007ACAC37,K8
2023-07-18 00:15:19,00075B29B2,K42
2023-07-18 00:15:47,0007ABDCCF,K42
2023-07-18 00:16:10,0006E24C7B,K42
2023-07-18 00:17:22,0007ACAC37,K8
2023-07-18 00:20:24,0007AC9A80,K8
2023-07-18 00:24:26,0007CE0896,K8
2023-07-18 00:31:50,00074F663E,K8
2023-07-18 00:33:34,00075B22B0,K8
2023-07-18 00:41:32,0007CE0F3D,K8
2023-07-18 00:45:04,00075B22B0,K8
2023-07-18 00:49:15,0007ACAC37,K8
2023-07-18 00:50:32,0007AC8BE4,K42
2023-07-18 00:52:52,0007AC8BE4,K42
2023-07-18 00:54:58,0006E24ECA,K42
2023-07-18 00:56:36,0007ACAC37,K8
2023-07-18 00:56:39,00075D076C,K8
2023-07-18 01:01:07,00075D076C,K8
2023-07-18 01:04:09,0007CE0F3D,K8
2023-07-18 01:08:19,0006B3AC35,K42
2023-07-18 01:09:57,0007AC34C9,K8
2023-07-18 01:10:49,00079AAA3C,K42
2023-07-18 01:17:17,0006B3AC35,K42
2023-07-18 01:19:28,00079AAA3C,K42
2023-07-18 01:19:47,0007CDB484,K8
2023-07-18 01:21:27,0007C1922C,K8
2023-07-18 01:21:36,0006E24ECA,K42
2023-07-18 01:24:26,00075D076C,K8
2023-07-18 01:24:30,0007AC34C9,K8
2023-07-18 01:27:08,0007C1922C,K8
2023-07-18 01:29:44,000783CB2B,K42
2023-07-18 01:29:49,0006E24ECA,K42
2023-07-18 01:31:01,0007ABDCCF,K42
2023-07-18 01:31:08,0007AC418B,K8
2023-07-18 01:31:14,0006E24C7B,K42
2023-07-18 01:33:22,0007AC8BE4,K42
2023-07-18 01:34:58,0007ABDCCF,K42
2023-07-18 01:36:57,00071E2D31,K8
2023-07-18 01:38:35,0007AC418B,K8
2023-07-18 01:40:34,00075D076C,K8
2023-07-18 01:41:50,0007AC9A80,K8
2023-07-18 01:43:06,00079AAA3C,K42
2023-07-18 01:44:06,0007AC9A80,K8
2023-07-18 01:45:37,0007ACA816,K42
2023-07-18 01:46:21,000786B8A2,K8
2023-07-18 01:49:25,0007AC8BE4,K42
2023-07-18 01:49:42,00079AAA3C,K42
2023-07-18 01:49:59,0007ACA816,K42
2023-07-18 01:51:38,0007ABF44A,K8
2023-07-18 01:53:11,0007CE054D,K42
2023-07-18 01:53:23,0007ACA816,K42
2023-07-18 01:54:17,0007CE0F3D,K8
2023-07-18 01:54:38,0007CDB484,K8
2023-07-18 01:58:23,00074F663E,K8
2023-07-18 01:59:36,0007AC0387,K8
2023-07-18 02:01:01,0007ACAC37,K8
2023-07-18 02:01:38,0007CE0896,K8
2023-07-18 02:01:43,000786B8A2,K8
2023-07-18 02:02:28,00071E2D31,K8
2023-07-18 02:04:12,00074F663E,K8
2023-07-18 02:08:13,0007CDDFAD,K8
2023-07-18 02:10:41,0007C1922C,K8
2023-07-18 02:11:41,0007CDDFAD,K8
2023-07-18 02:11:58,0007CDDFAD,K8
2023-07-18 02:12:48,0007CDB484,K8
2023-07-18 02:13:16,0007CE0896,K8
2023-07-18 02:14:13,000783A42D,K42
2023-07-18 02:15:07,0007ACAC37,K8
2023-07-18 02:15:16,0006B3AC35,K42
2023-07-18 02:18:54,00071E2D31,K8
2023-07-18 02:21:43,00075D879F,K8
2023-07-18 02:25:16,0007CE0F3D,K8
2023-07-18 02:26:45,0006B3AC35,K42
2023-07-18 02:27:57,000783A42D,K42
2023-07-18 02:28:20,00075D879F,K8
2023-07-18 02:31:29,0007AC418B,K8
2023-07-18 02:34:48,0007AC34C9,K8
2023-07-18 02:36:02,0007AC418B,K8
2023-07-18 02:37:03,0007CDDFAD,K8
2023-07-18 02:37:21,00075B22B0,K8
2023-07-18 02:42:32,00075B22B0,K8
2023-07-18 02:43:21,0007AC34C9,K8
2023-07-18 02:43:32,0007AC34C9,K8
2023-07-18 02:46:01,00075B22B0,K8
2023-07-18 02:46:05,00075D879F,K8
2023-07-18 02:46:21,000783CB2B,K42
2023-07-18 02:46:27,0007AC3CC1,K42
2023-07-18 02:46:40,0007C1922C,K8
2023-07-18 02:46:49,00075B22B0,K8
2023-07-18 02:47:15,0007ACAC37,K8
2023-07-18 02:49:28,0007ACAC37,K8
2023-07-18 02:52:40,0007CDDFAD,K8
2023-07-18 02:53:35,0007ACA816,K42
2023-07-18 02:55:27,00075D076C,K8
2023-07-18 02:57:40,00075B22B0,K8
2023-07-18 02:57:55,00075B22B0,K8
2023-07-18 03:00:41,0007AC8BE4,K42
2023-07-18 03:03:22,0007CE0896,K8
2023-07-18 03:03:39,0007CE0896,K8
2023-07-18 03:03:44,00075D076C,K8
2023-07-18 03:03:48,0007AC418B,K8
2023-07-18 03:05:03,0006E24C7B,K42
2023-07-18 03:07:32,00075D879F,K8
2023-07-18 03:07:36,00074F663E,K8
2023-07-18 03:08:11,0007AC8BE4,K42
2023-07-18 03:10:37,0007AC418B,K8
2023-07-18 03:14:48,00079AAA3C,K42
2023-07-18 03:16:25,0007AC0387,K8
2023-07-18 03:16:58,0007ACA816,K42
2023-07-18 03:18:06,000783A42D,K42
2023-07-18 03:20:29,0007AC418B,K8
2023-07-18 03:21:44,00074F663E,K8
2023-07-18 03:23:17,0007AC0387,K8
2023-07-18 03:25:06,00079AAA3C,K42
2023-07-18 03:26:08,0007AC0387,K8
2023-07-18 03:28:10,0006E24C7B,K42
2023-07-18 03:30:24,0007ABF44A,K8
2023-07-18 03:30:54,0007AC0387,K8
2023-07-18 03:31:45,0007AC8BE4,K42
2023-07-18 03:32:00,00079AAA3C,K42
2023-07-18 03:34:22,0006B3AC35,K42
2023-07-18 03:34:46,0007AC9A80,K8
2023-07-18 03:35:03,00079AAA3C,K42
2023-07-18 03:39:50,000786B8A2,K8
2023-07-18 03:46:51,0007ABF44A,K8
2023-07-18 03:48:08,0006B3AC35,K42
2023-07-18 03:50:20,0007AC0387,K8
2023-07-18 03:50:57,0007AC8BE4,K42
2023-07-18 03:51:21,000786B8A2,K8
2023-07-18 03:54:54,0007AC9A80,K8
2023-07-18 04:02:14,00071E2D31,K8
2023-07-18 04:03:28,0007CE0F3D,K8
2023-07-18 04:04:57,000783A42D,K42
2023-07-18 04:06:19,00075D076C,K8
2023-07-18 04:07:10,0007ACA816,K42
2023-07-18 04:08:27,00071E2D31,K8
2023-07-18 04:09:37,00075D076C,K8
2023-07-18 04:10:30,00075B29B2,K42
2023-07-18 04:12:09,00075D076C,K8
2023-07-18 04:14:59,0007AC8BE4,K42
2023-07-18 04:16:49,0007CE0F3D,K8
2023-07-18 04:17:45,00075B29B2,K42
2023-07-18 04:24:40,00075D076C,K8
2023-07-18 04:30:20,0007C1922C,K8
2023-07-18 04:33:00,0007CDB484,K8
2023-07-18 04:36:35,0007AC34C9,K8
2023-07-18 04:41:23,0007ABDCCF,K42
2023-07-18 04:51:33,0007CDB484,K8
2023-07-18 04:51:47,0007ACAC37,K8
2023-07-18 04:53:30,0007CE0896,K8
2023-07-18 04:55:16,00075D076C,K8
2023-07-18 04:55:26,0007ABDCCF,K42
2023-07-18 04:55:41,0007AC418B,K8
2023-07-18 04:57:16,0007AC8BE4,K42
2023-07-18 04:59:04,0007CDDFAD,K8
2023-07-18 05:05:01,0006B3AC35,K42
2023-07-18 05:05:36,00075D879F,K8
2023-07-18 05:06:36,000786B8A2,K8
2023-07-18 05:09:02,00074F663E,K8
2023-07-18 05:10:19,0007CE0F3D,K8
2023-07-18 05:13:35,00071E2D31,K8
2023-07-18 05:14:21,0006E24C7B,K42
2023-07-18 17:32:21,0006E24C7B,K42
2023-07-18 17:32:36,0006E24C7B,K42
2023-07-18 17:32:47,0006E24C7B,K42
2023-07-18 17:32:58,0006E24C7B,K42
2023-07-18 17:33:09,0006E24C7B,K42
2023-07-18 17:33:20,0006E24C7B,K42
2023-07-18 17:33:31,0006E24C7B,K42
2023-07-18 17:33:42,0006E24C7B,K42
2023-07-18 17:41:13,0006E24C7B,K42
2023-07-18 17:41:27,0006E24C7B,K42
2023-07-18 17:41:53,0006E24C7B,K42
2023-07-18 17:42:04,0006E24C7B,K42
2023-07-18 17:42:26,0006E24C7B,K42
2023-07-18 17:42:40,0006E24C7B,K42
2023-07-18 17:42:59,0006E24C7B,K42
2023-07-18 17:43:13,0006E24C7B,K42
2023-07-18 17:43:38,0006E24C7B,K42
2023-07-18 17:43:50,0006E24C7B,K42
2023-07-18 17:44:04,0006E24C7B,K42
2023-07-18 17:44:22,0006E24C7B,K42
2023-07-18 17:44:33,0006E24C7B,K42
2023-07-18 17:44:49,0006E24C7B,K42
2023-07-18 17:45:13,0006E24C7B,K42
2023-07-18 17:45:27,0006E24C7B,K42
2023-07-18 17:45:39,0006E24C7B,K42
2023-07-18 17:45:52,0006E24C7B,K42
2023-07-18 17:46:08,0006E24C7B,K42
2023-07-18 17:46:19,0006E24C7B,K42
2023-07-18 17:46:31,0006E24C7B,K42
2023-07-18 17:46:44,0006E24C7B,K42
2023-07-18 17:46:55,0006E24C7B,K42
2023-07-18 17:47:06,0006E24C7B,K42
2023-07-18 17:47:18,0006E24C7B,K42
2023-07-18 17:47:29,0006E24C7B,K42
2023-07-18 17:47:40,0006E24C7B,K42
2023-07-18 17:47:51,0006E24C7B,K42
2023-07-18 17:48:03,0006E24C7B,K42
2023-07-18 17:48:15,0006E24C7B,K42
2023-07-18 17:48:26,0006E24C7B,K42
2023-07-18 17:48:37,0006E24C7B,K42
2023-07-18 17:48:48,0006E24C7B,K42
2023-07-18 17:48:59,0006E24C7B,K42
2023-07-18 17:49:10,0006E24C7B,K42
2023-07-18 17:49:21,0006E24C7B,K42
2023-07-18 17:49:32,0006E24C7B,K42
2023-07-18 17:49:43,0006E24C7B,K42
2023-07-18 17:49:54,0006E24C7B,K42
2023-07-18 17:50:05,0006E24C7B,K42
2023-07-18 17:50:16,0006E24C7B,K42
2023-07-18 17:50:27,0006E24C7B,K42
2023-07-18 17:50:38,0006E24C7B,K42
2023-07-18 17:50:49,0006E24C7B,K42
2023-07-18 17:51:00,0006E24C7B,K42
2023-07-18 17:51:12,0006E24C7B,K42
2023-07-18 17:51:23,0006E24C7B,K42
2023-07-18 17:51:34,0006E24C7B,K42
2023-07-18 17:51:45,0006E24C7B,K42
2023-07-18 17:51:56,0006E24C7B,K42
2023-07-18 17:52:07,0006E24C7B,K42
2023-07-18 17:52:19,0006E24C7B,K42
2023-07-18 17:52:30,0006E24C7B,K42
2023-07-18 17:52:41,0006E24C7B,K42
2023-07-18 17:52:52,0006E24C7B,K42
2023-07-18 17:53:03,0006E24C7B,K42
2023-07-18 17:53:15,0006E24C7B,K42
2023-07-18 17:53:26,0006E24C7B,K42
2023-07-18 17:53:37,0006E24C7B,K42
2023-07-18 17:53:48,0006E24C7B,K42
2023-07-18 17:54:00,0006E24C7B,K42
2023-07-18 17:54:11,0006E24C7B,K42
2023-07-18 17:54:22,0006E24C7B,K42
2023-07-18 17:54:33,0006E24C7B,K42
2023-07-18 17:54:49,0006E24C7B,K42
2023-07-18 17:55:04,0006E24C7B,K42
2023-07-18 17:55:16,0006E24C7B,K42
2023-07-18 17:55:28,0006E24C7B,K42
2023-07-18 17:55:41,0006E24C7B,K42
2023-07-18 17:55:54,0006E24C7B,K42
2023-07-18 17:56:07,0006E24C7B,K42
2023-07-18 17:56:42,0006E24C7B,K42
2023-07-18 17:56:53,0006E24C7B,K42
2023-07-18 17:57:05,0006E24C7B,K42
2023-07-18 17:57:18,0006E24C7B,K42
2023-07-18 17:57:38,0006E24C7B,K42
2023-07-18 17:57:50,0006E24C7B,K42
2023-07-18 17:58:02,0006E24C7B,K42
2023-07-18 17:58:13,0006E24C7B,K42
2023-07-18 17:58:24,0006E24C7B,K42
2023-07-18 17:58:35,0006E24C7B,K42
2023-07-18 17:58:46,0006E24C7B,K42
2023-07-18 17:58:57,0006E24C7B,K42
2023-07-18 17:59:08,0006E24C7B,K42
2023-07-18 17:59:19,0006E24C7B,K42
2023-07-18 17:59:30,0006E24C7B,K42
2023-07-18 17:59:41,0006E24C7B,K42
2023-07-18 17:59:53,0006E24C7B,K42
2023-07-18 18:00:04,0006E24C7B,K42
2023-07-18 18:00:15,0006E24C7B,K42
2023-07-18 18:00:26,0006E24C7B,K42
2023-07-18 18:00:37,0006E24C7B,K42
2023-07-18 18:00:48,0006E24C7B,K42
2023-07-18 18:00:59,0006E24C7B,K42
2023-07-18 18:01:10,0006E24C7B,K42
2023-07-18 18:01:21,0006E24C7B,K42
2023-07-18 18:01:32,0006E24C7B,K42
2023-07-18 18:01:43,0006E24C7B,K42
2023-07-18 18:01:54,0006E24C7B,K42
2023-07-18 18:02:05,0006E24C7B,K42
2023-07-18 18:02:16,0006E24C7B,K42
2023-07-18 18:02:27,0006E24C7B,K42
2023-07-18 18:02:38,0006E24C7B,K42
2023-07-18 18:02:49,0006E24C7B,K42
2023-07-18 18:03:00,0006E24C7B,K42
2023-07-18 18:03:11,0006E24C7B,K42
2023-07-18 18:03:22,0006E24C7B,K42
2023-07-18 18:03:33,0006E24C7B,K42
2023-07-18 18:03:44,0006E24C7B,K42
2023-07-18 18:03:55,0006E24C7B,K42
2023-07-18 18:37:53,0007AC0387,K8
2023-07-18 19:03:46,0007AC418B,K8
2023-07-18 20:57:29,0006E24C7B,K42
2023-07-18 21:29:19,0006E24C7B,K42
2023-07-18 21:31:55,0007AC0387,K8
2023-07-18 21:32:39,000783A42D,K42
2023-07-18 21:33:26,0007CDDFAD,K8
2023-07-18 21:33:29,0007C1922C,K8
2023-07-18 21:34:30,0007ACAC37,K8
2023-07-18 21:35:19,00075D879F,K8
2023-07-18 21:35:47,00074F663E,K8
2023-07-18 21:36:52,0007AC34C9,K8
2023-07-18 21:37:15,0006B3AC35,K42
2023-07-18 21:37:58,0007ACA816,K42
2023-07-18 21:38:10,000786B8A2,K8
2023-07-18 21:38:27,0007AC418B,K8
2023-07-18 21:38:33,0007CE0F3D,K8
2023-07-18 21:38:49,0007CE0896,K8
2023-07-18 21:39:22,0007AC8BE4,K42
2023-07-18 21:39:43,0007ABDCCF,K42
2023-07-18 21:39:50,00071E2D31,K8
2023-07-18 21:40:00,000786B8A2,K8
2023-07-18 21:40:11,00071E2D31,K8
2023-07-18 21:40:14,0007ABF44A,K8
2023-07-18 21:40:17,0007AC494F,K8
2023-07-18 21:41:57,0007AC9A80,K8
2023-07-18 21:42:09,0007CDB0C8,K42
2023-07-18 21:45:06,00075D076C,K8
2023-07-18 21:45:16,0007C18B80,K8
2023-07-18 21:45:19,00075B29B2,K42
2023-07-18 21:45:24,0007CE0A62,K42
2023-07-18 21:45:42,0007C18C52,K8
2023-07-18 21:47:03,0007CDB484,K8
2023-07-18 21:49:26,000783CB2B,K42
2023-07-19 00:16:39,000786B8A2,K42
2023-07-19 00:17:59,000786B8A2,K42
2023-07-19 00:29:52,0007ABDCCF,K42
2023-07-19 00:30:01,0007AC0145,K42
2023-07-19 00:35:11,0007ABC809,K42
2023-07-19 00:37:46,000783CB2B,K42
2023-07-19 00:40:45,0006B3AC35,K42
2023-07-19 00:41:41,0007ABDCCF,K42
2023-07-19 00:54:59,0006B3AC35,K42
2023-07-19 01:37:12,0007AC0145,K42
2023-07-19 01:39:30,0007AC0145,K42
2023-07-19 01:52:08,0007ABC809,K42
2023-07-19 01:53:29,0006E24ECA,K42
2023-07-19 01:54:21,000799A5EF,K42
2023-07-19 01:55:35,000799A5EF,K42
2023-07-19 02:07:50,0007ACA816,K42
2023-07-19 02:10:47,000786B8A2,K42
2023-07-19 02:11:04,000786B8A2,K42
2023-07-19 02:16:36,00079AAA3C,K42
2023-07-19 02:18:48,0007ABDCCF,K42
2023-07-19 02:19:00,000786B8A2,K42
2023-07-19 02:20:30,0007AC8BE4,K42
2023-07-19 02:20:48,0007AC8BE4,K42
2023-07-19 02:20:59,0007AC8BE4,K42
2023-07-19 02:27:16,00079AAA3C,K42
2023-07-19 02:30:43,0007CDCC06,K42
2023-07-19 02:31:05,00071E15BF,K42
2023-07-19 02:32:29,000783A42D,K42
2023-07-19 02:35:53,00079AAA3C,K42
2023-07-19 02:37:08,0006E241C1,K42
2023-07-19 02:37:25,0006B3AC35,K42
2023-07-19 02:39:40,000783A42D,K42
2023-07-19 02:45:10,0007ABDCCF,K42
2023-07-19 02:45:25,0007AC8BE4,K42
2023-07-19 02:47:30,0006B3AC35,K42
2023-07-19 02:50:40,000786B8A2,K42
2023-07-19 02:53:13,000799A5EF,K42
2023-07-19 02:54:16,000799A5EF,K42
2023-07-19 03:00:49,000783A42D,K42
2023-07-19 03:01:14,000783A42D,K42
2023-07-19 03:17:23,000786B8A2,K42
2023-07-19 03:17:32,000799A5EF,K42
2023-07-19 03:17:43,000799A5EF,K42
2023-07-19 03:18:15,000799A5EF,K42
2023-07-19 03:18:28,000799A5EF,K42
2023-07-19 03:18:42,000799A5EF,K42
2023-07-19 03:18:54,000799A5EF,K42
2023-07-19 03:19:18,000799A5EF,K42
2023-07-19 03:19:35,000799A5EF,K42
2023-07-19 03:19:53,000783A42D,K42
2023-07-19 03:20:11,000799A5EF,K42
2023-07-19 03:21:11,0006E24ECA,K42
2023-07-19 03:21:20,000786B8A2,K42
2023-07-19 03:21:55,00079AAA3C,K42
2023-07-19 03:23:45,0007ABC5F2,K42
2023-07-19 03:24:14,0007ABC5F2,K42
2023-07-19 03:24:34,00079AAA3C,K42
2023-07-19 03:25:55,0007AC3CC1,K42
2023-07-19 03:30:02,000799A5EF,K42
2023-07-19 03:30:40,0007ABC809,K42
2023-07-19 03:30:50,0007ACA816,K42
2023-07-19 03:34:04,0006E24ECA,K42
2023-07-19 03:36:45,0006B3AC35,K42
2023-07-19 03:41:20,0007AC3CC1,K42
2023-07-19 03:41:34,0007ACA816,K42
2023-07-19 03:42:59,00079AAA3C,K42
2023-07-19 03:46:48,000786B8A2,K42
2023-07-19 03:46:58,0006B3AC35,K42
2023-07-19 03:50:53,00079AAA3C,K42
2023-07-19 03:52:11,0006B3AC35,K42
2023-07-19 03:55:07,000786B8A2,K42
2023-07-19 04:01:36,0006B3AC35,K42
2023-07-19 04:17:53,0007ABDCCF,K42
2023-07-19 04:19:25,000783A42D,K42
2023-07-19 04:27:46,0007ABD629,K42
2023-07-19 04:34:24,000799A5EF,K42
2023-07-19 04:42:11,00075B29B2,K42
2023-07-19 04:42:43,000799A5EF,K42
2023-07-19 04:45:29,0007AC3CC1,K42
2023-07-19 04:50:15,0007AC8BE4,K42
2023-07-19 05:08:28,0006B3AC35,K42
2023-07-19 05:09:15,0007CE0A62,K42
2023-07-19 05:17:12,000799A5EF,K42
2023-07-19 21:21:26,000799A5EF,K42
2023-07-19 21:21:37,000799A5EF,K42
2023-07-19 21:21:48,000799A5EF,K42
2023-07-19 21:21:59,000799A5EF,K42
2023-07-19 21:31:21,0007CDB0C8,K42
2023-07-19 21:32:08,000783A42D,K42
2023-07-19 21:32:18,0007ACA816,K42
2023-07-19 21:32:24,0007AC8BE4,K42
2023-07-19 21:32:48,00079AAA3C,K42
2023-07-19 21:33:55,0007AC8BE4,K42
2023-07-19 21:34:13,0007CDB0C8,K42
2023-07-19 21:34:45,0006E24ECA,K42
2023-07-19 21:35:01,0007ABDCCF,K42
2023-07-19 21:35:56,000786B8A2,K42
2023-07-19 21:37:37,0006B3AC35,K42
2023-07-19 21:39:51,0007ABC809,K42
2023-07-19 21:40:26,0007CE0A62,K42
2023-07-19 21:42:55,00075B29B2,K42
2023-07-19 21:45:41,000783CB2B,K42
2023-07-20 01:01:55,0007ACA816,K42
2023-07-20 01:05:53,0007ABC809,K42
2023-07-20 01:08:19,0007CE0896,K42
2023-07-20 01:09:57,0007ABC809,K42
2023-07-20 01:10:45,0006E24ECA,K42
2023-07-20 01:16:15,0007ABC809,K42
2023-07-20 01:21:22,0007ABD629,K42
2023-07-20 01:22:32,0007ABD629,K42
2023-07-20 01:38:22,0006E241C1,K42
2023-07-20 01:40:25,00079AAA3C,K42
2023-07-20 01:41:50,0006E241C1,K42
2023-07-20 01:42:39,00079AAA3C,K42
2023-07-20 01:43:23,0007AC44BD,K42
2023-07-20 01:44:07,0007AC44BD,K42
2023-07-20 01:46:06,0007AC8BE4,K42
2023-07-20 01:46:26,0007ABD629,K42
2023-07-20 01:49:53,0007ACA816,K42
2023-07-20 01:51:24,0007ABD629,K42
2023-07-20 01:52:21,000783A42D,K42
2023-07-20 01:53:04,000783A42D,K42
2023-07-20 01:53:47,000783A42D,K42
2023-07-20 02:01:55,000783A42D,K42
2023-07-20 02:05:56,0007AC8BE4,K42
2023-07-20 02:15:45,00079AAA3C,K42
2023-07-20 02:26:03,00079AAA3C,K42
2023-07-20 03:06:01,0006E241C1,K42
2023-07-20 03:06:18,0006E241C1,K42
2023-07-20 03:07:15,0007ACA816,K42
2023-07-20 03:09:56,0007AC8BE4,K42
2023-07-20 03:10:46,0007ABD629,K42
2023-07-20 03:13:51,0007CE054D,K42
2023-07-20 03:13:55,00071E15BF,K42
2023-07-20 03:15:45,0007ABD629,K42
2023-07-20 03:23:36,0007AC8BE4,K42
2023-07-20 03:32:42,0007ABD629,K42
2023-07-20 03:33:05,0007AC44BD,K42
2023-07-20 03:34:04,0007AC44BD,K42
2023-07-20 03:37:51,0007ACA816,K42
2023-07-20 03:42:21,0007ABDCCF,K42
2023-07-20 03:42:33,0007ABD629,K42
2023-07-20 03:43:57,0007ACA816,K42
2023-07-20 03:44:08,0007ACA816,K42
2023-07-20 03:50:09,0007ACA816,K42
2023-07-20 03:53:51,000783A42D,K42
2023-07-20 03:54:29,00079AAA3C,K42
2023-07-20 03:54:30,000783A42D,K42
2023-07-20 03:55:18,000783A42D,K42
2023-07-20 04:02:57,00079AAA3C,K42
2023-07-20 04:05:28,0007CE054D,K42
2023-07-20 04:08:13,000783A42D,K42
2023-07-20 04:09:09,00079AAA3C,K42
2023-07-20 04:12:07,0007CE0896,K42
2023-07-20 04:51:19,0007CE0A62,K42
2023-07-20 05:02:52,0007CE054D,K42
2023-07-20 05:04:00,0007CE054D,K42
2023-07-20 05:14:53,0007CE0A62,K42
2023-07-20 05:19:38,0007CDB0C8,K42
2023-07-20 05:19:40,0007CE0A62,K42
2023-07-20 05:26:01,000783A42D,K42
2023-07-20 05:26:12,000783A42D,K42
2023-07-20 05:29:24,000783A42D,K42
2023-07-20 21:29:39,000783A42D,K42
2023-07-21 21:36:45,0007AC0387,K29
2023-07-21 21:37:10,0007ABF44A,K29
2023-07-21 21:38:37,00075B22B0,K29
2023-07-21 21:38:44,0007AC9A80,K29
2023-07-21 21:39:54,0007CDDFAD,K29
2023-07-21 21:40:02,00074F663E,K29
2023-07-21 21:40:58,00071E2D31,K29
2023-07-21 21:41:01,0007C1922C,K29
2023-07-21 21:41:04,0007ACAC37,K29
2023-07-21 21:41:49,000786B8A2,K29
2023-07-21 21:42:41,0007CE0F3D,K29
2023-07-21 21:44:08,0007AC34C9,K29
2023-07-21 21:44:17,0007AC418B,K29
2023-07-21 21:44:23,0007CE0896,K29
2023-07-21 21:45:34,00075D879F,K29
2023-07-21 21:47:15,0007CDB484,K29
2023-07-21 21:47:37,0007C18B80,K29
2023-07-21 21:49:45,0007C18C52,K29
2023-07-21 21:50:56,0007AC494F,K29
2023-07-22 21:26:15,00075B22B0,K73
2023-07-22 21:27:18,000786B8A2,K73
2023-07-22 21:30:06,0007AC0387,K73
2023-07-22 21:30:43,0007ACAC37,K73
2023-07-22 21:31:12,000786B8A2,K73
2023-07-22 21:31:28,00074F663E,K73
2023-07-22 21:31:30,0007ABF44A,K73
2023-07-22 21:34:38,0007C1922C,K73
2023-07-22 21:34:44,0007CDDFAD,K73
2023-07-22 21:35:15,0007CE0F3D,K73
2023-07-22 21:36:20,0007CE0896,K73
2023-07-22 21:36:27,0007AC34C9,K73
2023-07-22 21:36:47,0007C18C52,K73
2023-07-22 21:37:38,0007ACA816,K104
2023-07-22 21:37:47,000783A42D,K104
2023-07-22 21:37:53,00079AAA3C,K104
2023-07-22 21:38:23,0007ABD4DC,K73
2023-07-22 21:38:37,00071E2D31,K73
2023-07-22 21:39:16,0007AC9A80,K73
2023-07-22 21:39:47,00079A0255,K84
2023-07-22 21:39:49,00075D076C,K73
2023-07-22 21:39:52,0007CE0A62,K104
2023-07-22 21:39:55,0007ABC5F2,K84
2023-07-22 21:39:58,0007CDB484,K73
2023-07-22 21:40:35,0007CE054D,K84
2023-07-22 21:40:42,0007AC418B,K73
2023-07-22 21:40:58,0007CDB0C8,K104
2023-07-22 21:42:25,0007C18B80,K73
2023-07-22 21:45:51,0007AC3CC1,K84
2023-07-22 21:46:01,0007CDF4D9,K84
2023-07-22 21:46:30,0007ABDCCF,K84
2023-07-22 21:46:47,0007CE12D7,K84
2023-07-22 21:47:14,0007AC0145,K84
2023-07-22 21:48:17,0007AC494F,K73
2023-07-22 23:31:29,0006E24ECA,K104
2023-07-22 23:54:04,000783A42D,K104
2023-07-22 23:59:36,000783A42D,K104
2023-07-23 00:01:33,0007ABC5F2,K104
2023-07-23 00:04:23,0007ABC5F2,K104
2023-07-23 00:04:29,0006E24ECA,K104
2023-07-23 00:04:48,0007AC0145,K104
2023-07-23 00:07:16,00079AAA3C,K104
2023-07-23 00:11:14,0007AC0145,K104
2023-07-23 00:11:16,00079AAA3C,K104
2023-07-23 00:12:47,000783CB2B,K104
2023-07-23 00:19:15,0007AC44BD,K104
2023-07-23 00:23:21,00079AAA3C,K104
2023-07-23 00:26:39,0007AC0145,K104
2023-07-23 00:31:49,00079AAA3C,K104
2023-07-23 00:32:00,0007AC0145,K104
2023-07-23 00:38:46,000783A42D,K104
2023-07-23 00:42:47,000783CB2B,K104
2023-07-23 00:43:24,0007AC3CC1,K104
2023-07-23 00:55:04,000783A42D,K104
2023-07-23 00:55:30,00075D076C,K104
2023-07-23 00:55:42,00075D076C,K104
2023-07-23 01:26:28,000783CB2B,K104
2023-07-23 01:56:40,0007AC0387,K104
2023-07-23 02:00:31,0007AC3CC1,K104
2023-07-23 02:01:05,0007CE0F3D,K73
2023-07-23 02:01:29,00075D879F,K73
2023-07-23 02:01:49,0007ABF44A,K73
2023-07-23 02:02:10,00075D879F,K73
2023-07-23 02:02:21,00075D879F,K73
2023-07-23 02:02:50,0007CE0896,K73
2023-07-23 02:13:47,00079AAA3C,K104
2023-07-23 02:23:19,000783CB2B,K104
2023-07-23 02:23:44,00079AAA3C,K104
2023-07-23 02:31:07,0007AC0145,K104
2023-07-23 02:38:51,0007ACA816,K104
2023-07-23 02:42:38,0007CDFB4B,K104
2023-07-23 02:45:27,0007ABA539,K104
2023-07-23 02:45:38,0007CDFB4B,K104
2023-07-23 02:46:04,0007ACA816,K104
2023-07-23 02:50:11,000783CB2B,K104
2023-07-23 02:50:55,0007AC0387,K104
2023-07-23 03:09:37,00079AAA3C,K104
2023-07-23 03:10:00,000783A42D,K104
2023-07-23 03:13:23,00074F663E,K104
2023-07-23 03:14:25,00075D076C,K104
2023-07-23 03:15:24,0007CDDFAD,K104
2023-07-23 03:15:27,000783A42D,K104
2023-07-23 03:15:33,00079AAA3C,K104
2023-07-23 03:26:13,00075B22B0,K104
2023-07-23 03:27:30,000783A42D,K104
2023-07-23 03:31:44,000783A42D,K104
2023-07-23 03:31:52,000783CB2B,K104
2023-07-23 03:32:31,00075D076C,K104
2023-07-23 03:33:40,000783CB2B,K104
2023-07-23 03:38:12,00079AAA3C,K104
2023-07-23 03:38:54,00075D076C,K104
2023-07-23 03:44:54,00079AAA3C,K104
2023-07-23 03:55:37,000783A42D,K104
2023-07-23 04:05:18,00075B22B0,K104
2023-07-23 04:05:27,000783A42D,K104
2023-07-23 04:21:26,000783CB2B,K104
2023-07-23 04:36:28,0007ACA816,K104
2023-07-23 04:41:18,00079AAA3C,K104
2023-07-23 04:45:03,0007AC0145,K104
2023-07-23 04:53:00,00079AAA3C,K104
2023-07-23 05:04:07,0007CDFB4B,K104
2023-07-23 05:07:37,00079AAA3C,K104
2023-07-23 05:12:06,000783CB2B,K104
2023-07-23 05:12:55,0006B3AC35,K104
2023-07-23 05:24:12,0006B3AC35,K104
2023-07-23 05:24:23,0006B3AC35,K104
2023-07-23 05:24:34,0006B3AC35,K104
2023-07-23 21:33:47,000783A42D,K104
2023-07-23 21:36:43,0007ACA816,K104
2023-07-23 21:37:41,00079AAA3C,K104
2023-07-23 21:37:44,0007ACAC37,K104
2023-07-23 21:37:48,0007CDB0C8,K104
2023-07-23 21:38:32,0006E24ECA,K84
2023-07-23 21:40:29,000786B8A2,K103
2023-07-23 21:41:18,0007ABC809,K84
2023-07-23 21:43:48,0007CE0A62,K104
2023-07-23 21:44:03,000783CB2B,K104
2023-07-23 21:44:12,00075B29B2,K104
2023-07-23 21:44:37,0007AC0145,K104
2023-07-23 21:45:04,0006B3AC35,K104
2023-07-23 21:51:15,00075D076C,K104
2023-07-23 22:05:49,0006B3AC35,K104
2023-07-23 22:08:16,0007CDB0C8,K104
2023-07-23 22:19:44,0006B3AC35,K104
2023-07-24 01:24:47,00079AAA3C,K104
2023-07-24 01:33:12,00079AAA3C,K104
2023-07-24 01:45:55,000786B8A2,K103
2023-07-24 01:46:03,0007AC494F,K103
2023-07-24 01:48:19,0007AC418B,K103
2023-07-24 01:49:38,0007AC494F,K103
2023-07-24 01:51:01,000786B8A2,K103
2023-07-24 01:52:49,0007CDB484,K103
2023-07-24 02:02:46,00075D076C,K103
2023-07-24 02:02:57,00075D076C,K103
2023-07-24 02:03:16,00075B22B0,K103
2023-07-24 02:03:44,00079A0255,K103
2023-07-24 02:04:00,00079A0255,K103
2023-07-24 02:04:05,00075D076C,K103
2023-07-24 02:06:43,00075B22B0,K103
2023-07-24 02:07:22,0007AC9A80,K103
2023-07-24 02:08:33,0007AC9A80,K103
2023-07-24 02:08:51,0007AC9A80,K103
2023-07-24 02:10:00,0007AC0145,K104
2023-07-24 02:10:48,0007AC0734,K104
2023-07-24 02:10:55,0007AC0145,K104
2023-07-24 02:13:15,00075B22B0,K103
2023-07-24 02:16:15,0007CE0896,K103
2023-07-24 02:20:30,00075B22B0,K103
2023-07-24 02:23:02,0007CE0F3D,K103
2023-07-24 02:23:42,0007AC494F,K103
2023-07-24 02:24:03,0007CE0896,K103
2023-07-24 02:25:38,0007CE0F3D,K103
2023-07-24 02:26:03,0007C1922C,K103
2023-07-24 02:26:50,0007AC0387,K103
2023-07-24 02:27:04,0007AC0387,K103
2023-07-24 02:30:56,0006B3AC35,K104
2023-07-24 02:33:13,000786B8A2,K103
2023-07-24 02:38:15,0007AC494F,K103
2023-07-24 02:39:11,0007CE0F3D,K103
2023-07-24 02:39:59,0007ABF44A,K103
2023-07-24 02:43:44,0006B3AC35,K104
2023-07-24 02:44:17,0007AC0145,K104
2023-07-24 02:45:05,00074F663E,K103
2023-07-24 02:46:10,0007ACAC37,K103
2023-07-24 02:47:01,0006E241C1,K103
2023-07-24 02:47:17,0006E241C1,K103
2023-07-24 02:47:19,0007CDEB80,K103
2023-07-24 02:47:26,0007ACAC37,K103
2023-07-24 02:47:35,0006E241C1,K103
2023-07-24 02:48:03,0007ACAC37,K103
2023-07-24 02:48:30,0007ACAC37,K103
2023-07-24 02:48:45,0007CDEB80,K103
2023-07-24 02:48:56,0006E241C1,K103
2023-07-24 02:49:09,0007AC494F,K103
2023-07-24 02:49:13,000783F377,K103
2023-07-24 02:49:52,0007ACA816,K104
2023-07-24 02:52:41,0007AC34C9,K103
2023-07-24 02:53:26,00074F663E,K103
2023-07-24 02:53:43,0007CE0896,K103
2023-07-24 02:56:10,0007CE0896,K103
2023-07-24 02:56:58,0007CE0F3D,K103
2023-07-24 03:04:00,0007AC34C9,K103
2023-07-24 03:04:03,0007CDB484,K103
2023-07-24 03:05:46,0007CE0896,K103
2023-07-24 03:06:41,0006E241C1,K103
2023-07-24 03:06:54,0007CE0636,K103
2023-07-24 03:07:12,0007CE0636,K103
2023-07-24 03:07:59,0006E241C1,K103
2023-07-24 03:15:33,0007AC34C9,K103
2023-07-24 03:17:07,0007AC34C9,K103
2023-07-24 03:17:24,0007ACA816,K103
2023-07-24 03:17:43,0006B3AC35,K103
2023-07-24 03:18:16,00079AAA3C,K104
2023-07-24 03:18:42,0007C1922C,K103
2023-07-24 03:18:44,000783F377,K103
2023-07-24 03:19:04,0007AC418B,K103
2023-07-24 03:19:29,00071E2D31,K103
2023-07-24 03:23:31,0007AC9A80,K103
2023-07-24 03:23:43,0007ACAC37,K103
2023-07-24 03:26:15,0007AC9A80,K103
2023-07-24 03:27:06,0006E241C1,K103
2023-07-24 03:27:19,0007ABC809,K104
2023-07-24 03:28:46,0006E241C1,K103
2023-07-24 03:28:55,000786B8A2,K103
2023-07-24 03:29:00,0006E241C1,K103
2023-07-24 03:29:34,0006E241C1,K103
2023-07-24 03:30:31,00079AAA3C,K104
2023-07-24 03:30:43,00071E2D31,K103
2023-07-24 03:31:24,0007ABC5F2,K104
2023-07-24 03:32:32,000783CB2B,K104
2023-07-24 03:38:07,0007AC34C9,K103
2023-07-24 03:40:00,0007AC418B,K103
2023-07-24 03:40:41,0007ABD629,K104
2023-07-24 03:43:12,00075B22B0,K103
2023-07-24 03:43:42,00075B29B2,K104
2023-07-24 03:43:57,0007ABF44A,K103
2023-07-24 03:44:00,0007CDFB4B,K104
2023-07-24 03:44:18,0007AC418B,K103
2023-07-24 03:44:56,0007ABC5F2,K104
2023-07-24 03:45:49,0007ACA816,K104
2023-07-24 03:46:19,0007AC9A80,K103
2023-07-24 03:46:55,000783CB2B,K104
2023-07-24 03:48:04,0007C18B80,K103
2023-07-24 03:49:44,0007AC418B,K103
2023-07-24 03:52:37,000786B8A2,K103
2023-07-24 03:52:53,000783F377,K104
2023-07-24 03:54:08,0007AC3CC1,K104
2023-07-24 03:58:30,000783A42D,K104
2023-07-24 04:06:29,0007ABD629,K104
2023-07-24 04:07:34,000783CB2B,K104
2023-07-24 04:10:00,0007AC3CC1,K104
2023-07-24 04:10:28,00075B29B2,K104
2023-07-24 04:11:43,0007ABD629,K104
2023-07-24 04:13:51,000783A42D,K104
2023-07-24 04:14:24,0007CDB484,K103
2023-07-24 04:15:26,0007AC0387,K103
2023-07-24 04:18:33,0007AC34C9,K103
2023-07-24 04:18:56,000786B8A2,K103
2023-07-24 04:22:19,000783F377,K103
2023-07-24 04:23:02,00075D076C,K103
2023-07-24 04:23:06,00075B22B0,K103
2023-07-24 04:23:07,000786B8A2,K103
2023-07-24 04:25:23,0007CDB484,K103
2023-07-24 04:30:27,0007ACA816,K104
2023-07-24 04:45:11,0007ACA816,K104
2023-07-24 04:46:00,0007ABC809,K104
2023-07-24 04:47:54,00079AAA3C,K104
2023-07-24 04:50:03,0007ABC809,K104
2023-07-24 04:51:23,0007ACA816,K104
2023-07-24 05:04:25,0007AC3CC1,K104
2023-07-24 05:08:42,0006B3AC35,K104
2023-07-24 05:10:15,0007ACAC37,K104
2023-07-24 05:17:47,000783F377,K104
2023-07-24 05:18:36,0007AC9A80,K103
2023-07-24 05:24:05,0007ACAC37,K104
2023-07-24 21:28:12,0007AC0387,K12
2023-07-24 21:28:16,000783A42D,K104
2023-07-24 21:31:57,00074F663E,K12
2023-07-24 21:33:00,0007ABF44A,K12
2023-07-24 21:33:18,0007AC9A80,K12
2023-07-24 21:34:13,00075D879F,K12
2023-07-24 21:35:07,0007ACA816,K104
2023-07-24 21:35:09,0007CE0896,K12
2023-07-24 21:35:16,0007CE0A62,K104
2023-07-24 21:35:17,0007ABD629,K104
2023-07-24 21:35:38,0007CE0F3D,K12
2023-07-24 21:35:39,00075B22B0,K12
2023-07-24 21:36:59,0007ACAC37,K104
2023-07-24 21:37:04,0007ABC5F2,K104
2023-07-24 21:37:19,00075B29B2,K104
2023-07-24 21:41:30,00079AAA3C,K104
2023-07-24 21:41:55,000783CB2B,K104
2023-07-24 21:42:28,0007C1922C,K12
2023-07-24 21:42:30,0007AC494F,K12
2023-07-24 21:42:38,0007AC34C9,K12
2023-07-24 21:42:51,00071E2D31,K12
2023-07-24 21:43:02,0007C18C52,K12
2023-07-24 21:43:08,0007CDDFAD,K12
2023-07-24 21:43:24,0006B3AC35,K104
2023-07-24 21:43:52,0007C18B80,K12
2023-07-24 21:43:52,0007CDB0C8,K104
2023-07-24 21:44:10,0007AC0145,K104
2023-07-24 21:45:58,0007CDB484,K12
2023-07-24 21:49:11,00075D076C,K12
2023-07-25 01:30:02,00079AAA3C,K104
2023-07-25 01:32:31,0006B3AC35,K104
2023-07-25 01:39:22,00079AAA3C,K104
2023-07-25 01:51:48,0006B3AC35,K104
2023-07-25 04:35:18,0007AC418B,K12
2023-07-25 04:46:45,0007AC418B,K12
2023-07-25 04:59:12,0007CDDFAD,K12
2023-07-25 05:22:50,0006B3AC35,K104
2023-07-25 21:33:31,00075B22B0,K80
2023-07-25 21:33:52,0007AC9A80,K80
2023-07-25 21:34:04,0007ACAC37,KP8c
2023-07-25 21:36:36,00074F663E,K12
2023-07-25 21:36:56,0007CE0896,K80
2023-07-25 21:36:59,0007AC0387,K80
2023-07-25 21:37:50,0007AC34C9,K80
2023-07-25 21:37:56,0007CE0F3D,K12
2023-07-25 21:38:54,0007CDFB4B,K80
2023-07-25 21:39:30,0007CE0A62,K104
2023-07-25 21:39:53,00071E2D31,K80
2023-07-25 21:40:11,000783CB2B,K104
2023-07-25 21:40:13,0007CDDFAD,K12
2023-07-25 21:40:36,0007C18B80,K12
2023-07-25 21:40:59,0007ABF44A,K80
2023-07-25 21:41:50,0007AC418B,K12
2023-07-25 21:42:08,0007CDB484,K80
2023-07-25 21:42:22,0007C1922C,K80
2023-07-25 21:43:35,00075D879F,K80
2023-07-25 21:45:48,0006B3AC35,K104
2023-07-25 21:47:32,0007AC494F,K80
2023-07-25 21:48:09,000786B8A2,K80
2023-07-25 21:48:50,00075D076C,K80
2023-07-25 21:56:07,0007C18C52,K80
2023-07-25 23:04:17,0007AC418B,K80
2023-07-25 23:05:14,0007AC418B,K80
2023-07-25 23:49:48,0007CDB484,K80
2023-07-25 23:55:17,0007CDB484,K80
2023-07-26 00:10:15,00075B22B0,K80
2023-07-26 00:51:37,000786B8A2,K80
2023-07-26 00:57:21,000786B8A2,K80
2023-07-26 01:13:11,0007AC34C9,K80
2023-07-26 01:27:02,0007AC418B,K80
2023-07-26 01:28:06,0007AC418B,K80
2023-07-26 01:28:13,0007CDB484,K80
2023-07-26 01:28:24,0007CDB484,K80
2023-07-26 02:15:27,0007AC0387,K80
2023-07-26 02:19:18,0007AC418B,K80
2023-07-26 02:22:20,0007ABF44A,K80
2023-07-26 02:23:35,0007AC9A80,K80
2023-07-26 02:29:03,0007AC418B,K80
2023-07-26 02:29:10,0007CDB484,K80
2023-07-26 02:49:45,0007C1922C,K80
2023-07-26 03:01:33,0007CE0F3D,K80
2023-07-26 03:07:18,00075B22B0,K80
2023-07-26 03:12:40,0007AC418B,K80
2023-07-26 03:13:14,0007AC418B,K80
2023-07-26 03:13:55,00071E2D31,K80
2023-07-26 03:14:14,0007ACAC37,K80
2023-07-26 03:17:18,0007CDB484,K80
2023-07-26 03:17:39,0007C18C52,K80
2023-07-26 03:18:21,0007ACAC37,K80
2023-07-26 03:26:58,00071E2D31,K80
2023-07-26 03:30:14,0007ABF44A,K80
2023-07-26 03:30:33,0007AC9A80,K80
2023-07-26 03:30:44,0007AC418B,K80
2023-07-26 03:45:52,0007ABF44A,K80
2023-07-26 03:49:28,000786B8A2,K80
2023-07-26 04:08:57,0007CDB484,K80
2023-07-26 04:11:29,0007ACAC37,K80
2023-07-26 04:20:22,0007CDDFAD,K80
2023-07-26 04:33:34,0007CDDFAD,K80
2023-07-26 04:48:08,00075B22B0,K80
2023-07-26 04:58:32,0007CDFB4B,K80
2023-07-26 05:09:58,0007AC418B,K80
2023-07-26 05:11:33,0007CDDFAD,K80
2023-07-26 05:21:32,000786B8A2,K80
2023-07-26 21:26:39,00075B22B0,K80
2023-07-26 21:31:56,0007CE0896,K80
2023-07-26 21:33:24,0007ACAC37,K80
2023-07-26 21:33:26,0007C1922C,K80
2023-07-26 21:35:36,0007CDFB4B,K80
2023-07-26 21:36:18,0007AC9A80,K80
2023-07-26 21:38:51,0007ABF44A,K80
2023-07-26 21:40:30,0007C18B80,K80
2023-07-26 21:41:44,000786B8A2,K80
2023-07-26 21:41:52,00075D879F,K80
2023-07-26 21:42:04,0007AC0387,K80
2023-07-26 21:42:11,0007CE0F3D,K80
2023-07-26 21:42:20,0007AC418B,K80
2023-07-26 21:44:17,00071E2D31,K80
2023-07-26 21:47:00,0007CDB484,K80
2023-07-26 21:47:07,0007C18C52,K80
2023-07-26 21:47:24,0007ABD4DC,K80
2023-07-26 21:48:47,0007AC494F,K80
2023-07-26 21:50:03,00075D076C,K80
2023-07-27 00:25:00,00075D879F,K80
2023-07-27 00:44:59,0007ACAC37,K80
2023-07-27 00:59:05,00075B22B0,K80
2023-07-27 01:08:02,0007CE0F3D,K80
2023-07-27 01:08:41,0007AC418B,K80
2023-07-27 01:12:14,0007AC9A80,K80
2023-07-27 01:17:50,0007ABF44A,K80
2023-07-27 01:29:35,0007AC418B,K80
2023-07-27 01:33:55,0007ACAC37,K80
2023-07-27 01:53:22,00071E2D31,K80
2023-07-27 01:55:55,0007AC418B,K80
2023-07-27 02:04:37,0007CDB484,K80
2023-07-27 02:10:10,00075D076C,K80
2023-07-27 02:12:58,0007ABF44A,K80
2023-07-27 02:13:24,0007AC9A80,K80
2023-07-27 02:16:37,0007CE0F3D,K80
2023-07-27 02:32:50,00071E2D31,K80
2023-07-27 02:41:20,00075D879F,K80
2023-07-27 02:51:48,000786B8A2,K80
2023-07-27 03:05:23,00075B22B0,K80
2023-07-27 03:06:50,0007CDB484,K80
2023-07-27 03:14:52,0007AC494F,K80
2023-07-27 03:19:29,0007CE0F3D,K80
2023-07-27 03:21:06,00075D879F,K80
2023-07-27 03:25:46,0007AC9A80,K80
2023-07-27 03:55:20,00075D076C,K80
2023-07-27 04:03:14,0007ABF44A,K80
2023-07-27 04:20:44,00071E2D31,K80
2023-07-27 04:20:47,00075B22B0,K80
2023-07-27 04:21:24,0007C1922C,K80
2023-07-27 04:23:17,0007AC494F,K80
2023-07-27 04:28:13,0007C18B80,K80
2023-07-27 04:47:07,0007ABF44A,K80
2023-07-27 05:04:42,0007CDDFAD,K80
2023-07-27 05:19:59,000786B8A2,K80
2023-07-27 05:26:20,00075B22B0,K80
2023-07-27 21:38:08,0007CE0896,K80
2023-07-27 21:38:13,0007CDDFAD,K80
2023-07-27 21:41:17,0007CDB484,K80
2023-07-27 21:42:56,0007AC418B,K80
2023-07-27 21:48:20,0007ABF44A,K80
2023-07-27 21:50:59,0007C18B80,K80
2023-07-27 21:51:23,00075B22B0,K80
2023-07-27 21:54:07,0007AC494F,K80
2023-07-27 21:55:36,00075D076C,K80
2023-07-27 21:55:46,00071E2D31,K80
2023-07-27 21:57:25,0007AC9A80,K80
2023-07-27 21:58:34,0007CE0F3D,K80
2023-07-27 21:58:54,0007C1922C,K80
2023-07-27 22:00:13,00075D879F,K80
2023-07-27 22:02:47,000786B8A2,K80
2023-07-27 23:33:40,0007ABF44A,K80
2023-07-28 01:39:12,0007AC9A80,K80
2023-07-28 01:49:31,0007CE0896,K80
2023-07-28 01:54:24,0007CE0896,K80
2023-07-28 01:54:36,0007CE0F3D,K80
2023-07-28 02:01:45,0007AC34C9,K80
2023-07-28 02:08:23,0007ABF44A,K80
2023-07-28 02:20:37,00075B22B0,K80
2023-07-28 02:21:15,0007C1922C,K80
2023-07-28 02:48:29,0007AC34C9,K80
2023-07-28 03:57:14,00075D879F,K80
2023-07-28 04:01:49,0007ABF44A,K80
2023-07-28 04:04:48,0007CE0F3D,K80
2023-07-28 04:05:13,0007C1922C,K80
2023-07-28 04:14:56,0007CDDFAD,K80
2023-07-28 04:34:23,00075D879F,K80
2023-07-28 05:01:18,00075B22B0,K80
2023-07-28 21:15:25,0007AC9A80,K80
2023-07-28 21:17:50,00071E2D31,K80
2023-07-28 21:18:20,00071E2D31,K80
2023-07-28 21:18:30,00075D879F,K80
2023-07-28 21:22:24,00075B22B0,K80
2023-07-28 21:22:28,000786B8A2,K80
2023-07-28 21:22:32,0007CDDFAD,K80
2023-07-28 21:25:22,0007C1922C,K80
2023-07-28 21:26:38,0007AC418B,K80
2023-07-28 21:31:55,0007ABF44A,K80
2023-07-28 21:33:27,0007CDB484,K80
2023-07-28 21:36:07,0007CE0F3D,K80
2023-07-28 21:36:49,00075D076C,K80
2023-07-29 04:25:43,00075B22B0,K80
2023-07-29 04:27:53,0007ACAC37,K80
2023-07-29 04:40:48,0007CDB484,K80
2023-07-29 04:41:04,0007CDB484,K80
2023-07-29 04:44:20,00075B22B0,K80
2023-07-29 04:47:01,000786B8A2,K80
2023-07-29 04:48:14,0007ACAC37,K80
2023-07-29 04:59:15,0007AC418B,K80
2023-07-29 05:04:48,0007ACAC37,K80
2023-07-29 05:06:44,0007CE0896,K80
2023-07-29 05:07:17,00071E2D31,K80
2023-07-29 05:08:17,0007CDDFAD,K80
2023-07-29 21:15:57,00075B22B0,K80
2023-07-29 21:16:01,0007ACAC37,K80
2023-07-29 21:16:11,00075B22B0,K80
2023-07-29 21:16:12,0007CE0F3D,K80
2023-07-29 21:19:26,00075D879F,K80
2023-07-29 21:20:21,0007AC9A80,K80
2023-07-29 21:20:24,0006E241C1,KP1c
2023-07-29 21:20:29,000786B8A2,K80
2023-07-29 21:23:13,00079A0255,KP1c
2023-07-29 21:23:14,0007AC494F,K80
2023-07-29 21:23:30,0006B3AC35,KP1c
2023-07-29 21:24:28,0007AC34C9,K80
2023-07-29 21:24:54,0007ABC5F2,KP1c
2023-07-29 21:25:23,000783A42D,KP1c
2023-07-29 21:25:41,0007CE0896,K80
2023-07-29 21:25:59,0007AC418B,K80
2023-07-29 21:26:01,0006B3AC35,KP1c
2023-07-29 21:26:08,0007AC0387,K80
2023-07-29 21:26:13,0007C18C52,K80
2023-07-29 21:26:20,0007AC0734,KP1c
2023-07-29 21:26:23,0007ABDCCF,KP1c
2023-07-29 21:26:44,0007C18B80,K80
2023-07-29 21:26:55,00079AAA3C,KP1c
2023-07-29 21:27:01,00071E2D31,K80
2023-07-29 21:27:11,0007C1922C,K80
2023-07-29 21:27:20,000788A24D,KP1c
2023-07-29 21:28:07,000783CB2B,KP1c
2023-07-29 21:28:12,00079A0255,KP1c
2023-07-29 21:29:08,0007AC3CC1,KP1c
2023-07-29 21:29:16,0007CDB484,K80
2023-07-29 21:29:36,00075B29B2,KP1c
2023-07-29 21:29:39,0007AC8BE4,KP1c
2023-07-29 21:40:12,00075D076C,K80
2023-07-30 02:39:45,0007ACAC37,K80
2023-07-30 02:40:04,00075D879F,K80
2023-07-30 02:48:00,0007C1922C,K80
2023-07-30 03:00:39,0007CE054D,KP1c
2023-07-30 03:07:26,0007AC44BD,KP1c
2023-07-30 03:07:47,0007AC44BD,KP1c
2023-07-30 03:21:18,00075B22B0,K80
2023-07-30 03:21:27,000786B8A2,K80
2023-07-30 03:39:04,0007AC9A80,K80
2023-07-30 03:40:32,00075B22B0,K80
2023-07-30 04:13:48,00074F663E,KP9c
2023-07-30 04:15:22,0007ABD629,KP1c
2023-07-30 04:53:08,00071E15BF,KP9c
2023-07-30 04:53:31,00071E15BF,KP9c
2023-07-30 04:58:13,0007AC3CC1,KP9c
2023-07-30 04:58:36,0007AC3CC1,KP9c
2023-07-30 05:00:22,0006E24ECA,KP9c
2023-07-30 05:08:53,0007ACAC37,K80
2023-07-30 05:10:14,0007AC0145,KP1c
2023-07-30 05:12:23,0007AC494F,K80
2023-07-30 05:18:45,0007AC418B,K80
2023-07-30 05:19:00,0007CDDFAD,K80
2023-07-30 05:29:21,00071E2D31,K80
2023-07-30 05:30:50,000783F429,K80
2023-07-30 05:41:51,00074F663E,K80
2023-07-30 17:20:47,0007CE054D,K17
2023-07-30 17:24:27,0007AC8BE4,K17
2023-07-30 21:24:36,0007AC34C9,K80
2023-07-30 21:26:30,00075B22B0,K80
2023-07-30 21:28:21,0007CE0636,K17
2023-07-30 21:28:27,0007AC9A80,K80
2023-07-30 21:28:30,0006E241C1,KP10c
2023-07-30 21:28:44,000783A42D,K17
2023-07-30 21:28:50,0007AC0387,K80
2023-07-30 21:29:33,0007ABD629,KP10c
2023-07-30 21:31:03,0007ABC5F2,KP10c
2023-07-30 21:31:13,0007ABF44A,KP10c
2023-07-30 21:31:15,0007CDB484,K80
2023-07-30 21:31:46,00074F663E,K80
2023-07-30 21:31:54,0007C18B80,K80
2023-07-30 21:32:12,0007CDDFAD,K80
2023-07-30 21:32:22,000783F429,K17
2023-07-30 21:32:39,00071E2D31,K80
2023-07-30 21:32:39,0006E24ECA,KP10c
2023-07-30 21:32:59,0007CDCC06,K80
2023-07-30 21:33:07,0007CDEE51,KP10c
2023-07-30 21:33:13,00075D879F,K80
2023-07-30 21:33:15,0007ACAC37,K80
2023-07-30 21:33:17,000799A5EF,KP10c
2023-07-30 21:33:21,0007CE054D,K17
2023-07-30 21:33:23,00075B29B2,KP10c
2023-07-30 21:33:30,0007AC418B,K80
2023-07-30 21:33:31,000786B8A2,K80
2023-07-30 21:33:38,0007AC8BE4,K17
2023-07-30 21:33:44,0007CE12D7,K17
2023-07-30 21:33:53,0007CDEB80,KP10c
2023-07-30 21:34:32,0006B3BF04,K17
2023-07-30 21:34:52,0007CE0F3D,K80
2023-07-30 21:35:13,0006B3AC35,K17
2023-07-30 21:35:15,0007AC3CC1,KP10c
2023-07-30 21:35:17,000783CB2B,K17
2023-07-30 21:35:22,0007ABDCCF,KP10c
2023-07-30 21:35:23,0007AC5939,KP10c
2023-07-30 21:35:39,00079A0255,KP10c
2023-07-30 21:35:50,00075CE063,K80
2023-07-30 21:35:54,0007C18C52,K80
2023-07-30 21:36:03,00079AAA3C,KP10c
2023-07-30 21:36:12,0007AC44BD,KP10c
2023-07-30 21:36:19,0007CDB0C8,K17
2023-07-30 21:36:20,0007ABC809,KP10c
2023-07-30 21:36:41,0007C1922C,K80
2023-07-30 21:36:53,0007AC0734,KP10c
2023-07-30 21:37:07,000783F377,KP10c
2023-07-30 21:38:44,0006E239ED,K17
2023-07-30 21:38:49,0007CDF4D9,KP10c
2023-07-30 21:41:44,0007AC494F,K80
2023-07-30 21:42:12,0007AC0145,K17
2023-07-30 21:44:53,00075D076C,K80
2023-07-30 21:45:09,00071E15BF,K17
2023-07-31 00:40:18,0007AC0145,KP9c
2023-07-31 00:41:51,0007AC0145,KP9c
2023-07-31 00:43:14,0007AC0145,KP9c
2023-07-31 02:40:31,0006E241C1,K17
2023-07-31 02:41:02,000799A5EF,K17
2023-07-31 02:41:55,0007AC0387,K17
2023-07-31 02:42:15,0007AC0387,K17
2023-07-31 02:42:44,0007AC34C9,K17
2023-07-31 02:42:49,000799A5EF,K17
2023-07-31 02:43:51,0007AC34C9,K17
2023-07-31 02:44:17,0006E241C1,K17
2023-07-31 02:44:23,0007AC34C9,K17
2023-07-31 02:44:52,0007AC0734,K17
2023-07-31 02:45:03,00071E15BF,K17
2023-07-31 02:47:39,00071E15BF,K17
2023-07-31 02:53:23,0007AC0734,K17
2023-07-31 04:19:57,0007AC3CC1,KP9c
2023-07-31 04:23:49,00079A0255,KP9c
2023-07-31 04:24:17,0007AC3CC1,KP9c
2023-07-31 05:10:38,0007ABC5F2,KP9c
2023-07-31 05:11:02,00075B22B0,KP9c
2023-07-31 05:14:48,00079A0255,KP9c
2023-07-31 05:24:39,000783CB2B,KP9c
2023-07-31 09:48:42,0007AC0387,KP9c
2023-07-31 19:57:25,00071E2D31,KP9c
2023-07-31 19:57:36,00071E2D31,KP9c
2023-07-31 21:11:07,0007AC0387,KP9c
2023-07-31 21:13:22,0007ACAC37,KP9c
2023-07-31 21:14:09,00075B22B0,KP9c
2023-07-31 21:18:59,00074F663E,KP9c
2023-07-31 21:24:04,0007C1922C,KP9c
2023-07-31 21:24:17,00071E2D31,KP9c
2023-07-31 21:24:30,00075D879F,KP9c
2023-07-31 21:24:45,0007CE0636,KP1c
2023-07-31 21:24:47,0006E241C1,KP1c
2023-07-31 21:25:09,000788A24D,KP1c
2023-07-31 21:25:15,0007AC0734,KP1c
2023-07-31 21:25:21,0007CDEE51,KP1c
2023-07-31 21:25:25,0007CDEB80,KP1c
2023-07-31 21:25:30,0007ABD629,KP1c
2023-07-31 21:25:35,000783F377,KP1c
2023-07-31 21:25:43,0006E24ECA,KP9c
2023-07-31 21:25:44,0007AC44BD,KP1c
2023-07-31 21:25:53,000783CB2B,KP1c
2023-07-31 21:26:47,0007ABD629,KP1c
2023-07-31 21:26:56,000783A42D,KP1c
2023-07-31 21:27:05,000799A5EF,KP1c
2023-07-31 21:28:34,0007CE054D,KP1c
2023-07-31 21:30:44,00075D076C,KP9c
2023-07-31 21:30:46,0007ABDCCF,K108
2023-07-31 21:31:25,0007ABF44A,K108
2023-07-31 21:31:30,00079A0255,K108
2023-07-31 21:32:35,0007CDB0C8,K108
2023-07-31 21:33:52,00071E15BF,KP9c
2023-07-31 21:34:34,0007AC34C9,K108
2023-07-31 21:34:41,00075B29B2,K108
2023-07-31 21:34:56,0006B3AC35,K108
2023-07-31 21:35:48,0007AC0145,KP1c
2023-07-31 21:36:55,00079AAA3C,K108
2023-07-31 21:38:15,0007ABC809,K108
2023-08-01 00:49:40,00075D879F,KP9c
2023-08-01 01:42:21,0006B3BF04,KP1c
2023-08-01 01:45:30,0006B3BF04,KP1c
2023-08-01 02:50:47,00075B22B0,KP9c
2023-08-01 05:03:49,0006E24ECA,KP9c
2023-08-01 05:06:36,00071E15BF,KP9c
2023-08-01 05:11:02,00075B22B0,KP9c
2023-08-01 05:22:45,0007AC0734,KP9c
2023-08-01 05:28:25,0007CDF4D9,KP9c
2023-08-01 21:34:46,0007CE0A62,K86
2023-08-01 21:35:53,0007AC8BE4,K86
2023-08-01 21:37:26,00075B29B2,K86
2023-08-01 21:39:05,0007CDB0C8,K86
2023-08-01 21:40:10,000783CB2B,K86
2023-08-01 21:41:12,00079AAA3C,K86
2023-08-01 21:42:07,0006B3AC35,K86
2023-08-01 21:43:48,00075D879F,K86
2023-08-02 17:44:51,0007CDB0C8,KP12c
2023-08-02 21:17:51,000783F429,KP12c
2023-08-02 21:17:53,00075B22B0,KP9c
2023-08-02 21:18:08,000783F429,KP12c
2023-08-02 21:18:19,000783F429,KP12c
2023-08-02 21:18:39,0006E24ECA,KP12c
2023-08-02 21:20:09,0007CE0A62,KP12c
2023-08-02 21:21:08,00079A0255,KP9c
2023-08-02 21:21:24,000783CB2B,KP12c
2023-08-02 21:22:04,00075CE063,KP9c
2023-08-02 21:22:06,0007AC34C9,KP9c
2023-08-02 21:23:06,0007CDF4D9,KP9c
2023-08-02 21:23:31,0006E241C1,KP12c
2023-08-02 21:23:45,000799A5EF,KP12c
2023-08-02 21:24:13,00071E2D31,KP9c
2023-08-02 21:25:10,00074F663E,KP9c
2023-08-02 21:25:15,0007AC0387,KP9c
2023-08-02 21:25:22,0007CDF4D9,KP9c
2023-08-02 21:26:01,0007ABF44A,KP9c
2023-08-02 21:26:10,0007C1922C,KP9c
2023-08-02 21:27:45,0007CDB0C8,KP12c
2023-08-02 21:28:23,0007CE0896,KP9c
2023-08-02 21:28:24,00071E15BF,KP9c
2023-08-02 21:29:08,000783A42D,KP12c
2023-08-02 21:29:20,0007AC44BD,KP12c
2023-08-02 21:29:47,0006B3AC35,KP12c
2023-08-02 21:29:52,0007AC0734,KP12c
2023-08-02 21:30:36,0007ABD629,KP12c
2023-08-02 21:31:00,00075D076C,KP9c
2023-08-02 21:31:10,00075B29B2,KP12c
2023-08-02 21:41:51,0007CE054D,KP12c
2023-08-02 21:42:02,0007CE054D,KP12c
2023-08-02 21:42:13,0007CE054D,KP12c
2023-08-02 21:42:24,0007CE054D,KP12c
2023-08-03 02:41:30,0007AC418B,KP4c
2023-08-03 02:42:21,0007AC418B,KP4c
2023-08-03 02:42:30,0007C18C52,KP4c
2023-08-03 03:15:03,0007C18C52,KP4c
2023-08-03 21:15:44,0007AC0387,KP
2023-08-03 21:18:35,0007CE0896,K52
2023-08-03 21:21:30,0007CE054D,K86
2023-08-03 21:21:34,00074F663E,KP
2023-08-03 21:22:16,00075B22B0,KP
2023-08-03 21:22:52,0007ABC5F2,KP
2023-08-03 21:26:42,0007ACAC37,KP
2023-08-03 21:26:57,0006E24ECA,KP
2023-08-03 21:28:19,0007AC3CC1,KP
2023-08-03 21:28:29,0007ABD629,KP
2023-08-03 21:29:04,0007AC44BD,K86
2023-08-03 21:29:07,0007ABDCCF,KP
2023-08-03 21:30:07,0007AC0145,KP
2023-08-03 21:30:50,0007CE0A62,K86
2023-08-03 21:31:12,0007C1922C,KP
2023-08-03 21:31:52,0007AC8BE4,KP
2023-08-03 21:33:29,0007CE0F3D,KP
2023-08-03 21:34:16,0007ABC809,KP
2023-08-03 21:35:15,000783CB2B,K86
2023-08-03 21:35:23,0007CDEB80,K86
2023-08-03 21:37:18,0007ABD4DC,K86
2023-08-03 22:01:47,0007CDDFAD,KP3c
2023-08-04 21:16:17,00074F663E,K12
2023-08-04 21:17:32,0007AC34C9,K12
2023-08-04 21:18:16,00075B22B0,K37
2023-08-04 21:18:36,0007C18C52,K12
2023-08-04 21:18:57,0007CE0F3D,K12
2023-08-04 21:19:32,0007ABF44A,K37
2023-08-04 21:20:48,000783CB2B,K37
2023-08-04 21:21:22,0007CDDFAD,K12
2023-08-04 21:21:47,0007CDB484,K12
2023-08-04 21:22:30,00075D879F,K37
2023-08-04 21:22:57,0007CDEB80,K37
2023-08-04 21:23:49,0007C1922C,K37
2023-08-04 21:27:02,00075D076C,K37
2023-08-04 21:27:52,00075B29B2,K46
2023-08-04 21:28:51,0007CE0A62,K46
2023-08-04 21:31:11,00079AAA3C,K46
2023-08-04 21:31:34,0006B3AC35,K46
2023-08-04 21:35:13,000783F429,K46
2023-08-04 23:33:58,000783A42D,KP2c
2023-08-04 23:36:01,000783A42D,KP2c
2023-08-04 23:39:50,0006E241C1,KP2c
2023-08-05 01:29:23,00079AAA3C,KP2c
2023-08-05 01:35:50,0007AC418B,KP8c
2023-08-05 01:35:56,000786B8A2,KP8c
2023-08-05 01:36:44,000786B8A2,KP8c
2023-08-05 01:37:51,000786B8A2,KP8c
2023-08-05 01:38:32,0007AC418B,KP8c
2023-08-05 01:44:41,000783A42D,KP2c
2023-08-05 02:05:25,0006E241C1,KP2c
2023-08-05 02:09:30,0007CE0636,KP2c
2023-08-05 02:12:23,0006E241C1,KP2c
2023-08-05 02:52:48,00079AAA3C,KP2c
2023-08-05 02:59:05,0007ABC5F2,KP2c
2023-08-05 03:00:58,0007AC3CC1,KP2c
2023-08-05 03:01:45,000783A42D,KP2c
2023-08-05 03:56:20,00075B22B0,K37
2023-08-05 04:04:28,00071E2D31,K37
2023-08-05 04:04:33,0007C1922C,K37
2023-08-05 04:49:56,000783A42D,KP2c
2023-08-05 05:14:46,0007CDDFAD,K12
2023-08-05 05:19:43,0007AC34C9,K12
2023-08-05 05:27:28,00071E2D31,K37
2023-08-05 05:39:43,0007C1922C,K37
2023-08-05 19:11:35,0007CE054D,K95
2023-08-05 21:07:32,0007AC0387,K108
2023-08-05 21:07:39,0007CDCC06,K108
2023-08-05 21:11:22,0006E241C1,K95
2023-08-05 21:11:25,0007AC34C9,K12
2023-08-05 21:12:13,00075B22B0,K37
2023-08-05 21:13:46,00074F663E,K12
2023-08-05 21:14:33,0007CDDFAD,K12
2023-08-05 21:15:08,0007CE0A62,K95
2023-08-05 21:15:20,0006B3AC35,K95
2023-08-05 21:16:14,00075CE063,K108
2023-08-05 21:16:30,0007CE0636,K95
2023-08-05 21:16:36,000783A42D,K95
2023-08-05 21:16:38,0007CE0F3D,K12
2023-08-05 21:16:53,0007ABD629,K95
2023-08-05 21:17:02,000783F377,K105
2023-08-05 21:17:06,0007C18B80,K37
2023-08-05 21:18:11,0006E24ECA,K95
2023-08-05 21:18:20,000783CB2B,K95
2023-08-05 21:18:35,0007CDF4D9,K108
2023-08-05 21:18:56,000788A24D,K95
2023-08-05 21:19:06,0007AC0145,K108
2023-08-05 21:19:22,0007CDB0C8,K95
2023-08-05 21:19:36,00075B29B2,K95
2023-08-05 21:19:39,0007ABC5F2,K95
2023-08-05 21:19:48,00075D879F,K37
2023-08-05 21:20:11,0007AC9A80,K50
2023-08-05 21:20:11,0007CE054D,K95
2023-08-05 21:20:18,0007ABDCCF,K95
2023-08-05 21:20:31,0006B3BF04,K105
2023-08-05 21:20:35,0007AC0734,K105
2023-08-05 21:20:47,0007CE12D7,K105
2023-08-05 21:21:04,0007C1922C,K37
2023-08-05 21:21:38,00079A0255,K95
2023-08-05 21:22:03,0007CDB484,K50
2023-08-05 21:22:06,0007AC80F1,K105
2023-08-05 21:22:07,0007AC494F,K50
2023-08-05 21:22:23,000783F429,K105
2023-08-05 21:23:25,0007AC3CC1,K95
2023-08-05 21:23:34,00079AAA3C,K95
2023-08-05 21:23:56,0007AC8BE4,K95
2023-08-05 21:23:58,0007CDEB80,K95
2023-08-05 21:24:00,0007ABF44A,K50
2023-08-05 21:24:10,0007ABC809,K95
2023-08-05 21:24:19,0007ACAC37,K50
2023-08-05 21:25:43,0007CDEE51,K95
2023-08-05 21:29:49,00075D076C,K95
2023-08-05 21:30:52,000786B8A2,K95
2023-08-05 21:30:55,00071E15BF,K95
2023-08-05 21:31:16,0007AC5939,K95
2023-08-05 23:30:45,00075D076C,K50
2023-08-05 23:32:43,00075D076C,K50
2023-08-05 23:47:19,000799A5EF,K95
2023-08-05 23:47:30,000799A5EF,K95
2023-08-05 23:51:10,000799A5EF,K95
2023-08-06 01:06:50,00071E2D31,K37
2023-08-06 01:07:01,00071E2D31,K37
2023-08-06 01:07:06,0007AC9A80,K37
2023-08-06 01:22:35,0006B3AC35,K95
2023-08-06 01:23:16,0007AC494F,K50
2023-08-06 01:23:54,0007AC494F,K50
2023-08-06 01:27:15,0006B3AC35,K95
2023-08-06 02:00:10,0007AC34C9,K37
2023-08-06 02:10:52,0007AC9A80,K37
2023-08-06 02:15:02,0006B3AC35,K95
2023-08-06 05:12:27,000799A5EF,K95
2023-08-06 05:16:14,0007CE054D,K95
2023-08-06 05:24:40,000786B8A2,K95
2023-08-06 05:27:13,0007CDDFAD,K95
2023-08-06 05:29:02,0007AC9A80,K12
2023-08-06 05:29:26,0007CDDFAD,K12
2023-08-06 05:29:27,0007CDEB80,K95
2023-08-06 05:30:38,0007CDEB80,K95
2023-08-06 05:30:49,0007CDEB80,K95
2023-08-06 05:32:17,0007CDEB80,K95
2023-08-06 05:36:33,00079A0255,K95
2023-08-06 05:43:14,0007CE0F3D,K95
2023-08-06 16:06:30,000783A42D,KP2c
2023-08-06 21:17:38,0007CE0636,K105
2023-08-06 21:17:53,0006E241C1,KP2c
2023-08-06 21:24:34,0007ABD629,K105
2023-08-06 21:27:29,0007AC0387,KP2c
2023-08-06 21:27:32,0007CE0A62,KP2c
2023-08-06 21:27:35,0007AC0734,K105
2023-08-06 21:29:35,0007AC80F1,K105
2023-08-06 21:30:31,0007AC80F1,K105
2023-08-06 21:31:20,0007CDCC06,KP2c
2023-08-06 21:31:29,000783CB2B,K95
2023-08-06 21:31:50,0007CDCC06,KP2c
2023-08-06 21:35:08,0007ABC5F2,KP2c
2023-08-06 21:36:54,0006B3BF04,K105
2023-08-06 21:37:23,0007ACAC37,KP2c
2023-08-06 21:37:34,0007ACAC37,KP2c
2023-08-06 21:39:09,000799A5EF,K95
2023-08-06 21:39:31,0007CDF4D9,K17
2023-08-06 21:40:03,0007CE0F3D,K17
2023-08-06 21:41:07,000783F429,KP2c
2023-08-06 21:41:18,000783F429,KP2c
2023-08-06 21:43:31,00074F663E,K12
2023-08-06 21:43:52,000786B8A2,K95
2023-08-06 21:43:53,0007CE12D7,K105
2023-08-06 21:44:54,0006B3AC35,KP2c
2023-08-06 21:49:10,0006E239ED,KP2c
2023-08-06 21:49:21,0006E239ED,KP2c
2023-08-06 21:49:44,000783A42D,KP2c
2023-08-06 21:49:50,0007AC5939,KP2c
2023-08-06 21:50:51,00079AAA3C,KP2c
2023-08-06 21:50:54,0007AC44BD,KP2c
2023-08-06 21:52:52,0007AC3CC1,KP2c
2023-08-06 21:55:11,0007CDDFAD,K12
2023-08-06 21:58:11,0007AC8BE4,K95
2023-08-06 21:59:01,00075D879F,K12
2023-08-06 22:00:11,0007AC0734,K105
2023-08-06 22:00:23,0007AC0734,K105
2023-08-06 22:00:27,00071E15BF,KP2c
2023-08-06 22:00:56,0007AC0734,K105
2023-08-06 22:01:43,00075B22B0,K12
2023-08-06 22:01:53,0007AC9A80,K12
2023-08-06 22:02:02,0007AC0145,KP2c
2023-08-06 22:02:16,0007CE12D7,K105
2023-08-06 22:02:27,00075B29B2,KP2c
2023-08-06 22:02:35,000788A24D,KP2c
2023-08-06 22:03:38,0006E24ECA,KP2c
2023-08-06 22:03:40,000783F377,KP2c
2023-08-06 22:03:46,0007ABC809,KP2c
2023-08-06 22:03:50,0007CDEB80,K95
2023-08-06 22:07:43,0007CDEE51,K95
2023-08-06 22:13:15,0007CE054D,K95
2023-08-06 23:31:07,0007CE12D7,K105
2023-08-06 23:32:17,0007CE12D7,K105
2023-08-09 21:08:22,0007D10B04,K18
2023-08-09 21:08:47,0007D10B04,K18
2023-08-09 21:10:40,0007D10B04,K18
2023-08-09 21:10:51,0007D10B04,K18
2023-08-09 21:17:05,0007ACAC37,K18
2023-08-09 21:19:37,0007CE054D,K18
2023-08-09 21:19:46,0007CE0F3D,K18
2023-08-09 21:20:16,00075B29B2,K18
2023-08-10 03:52:57,0007AC0145,K18
2023-08-10 03:53:14,0007AC3CC1,K18
2023-08-10 13:03:18,0007D10CE1,K50
2023-08-10 13:03:35,0007D10CE1,K50
2023-08-10 20:34:18,0007D104DB,K50
2023-08-10 20:34:29,0007D104DB,K50
2023-08-10 20:34:45,0007D104DB,K50
2023-08-10 21:04:25,0007D10CE1,K50
2023-08-10 21:05:58,0007D110B4,K50
2023-08-10 21:06:18,0007D109B4,K50
2023-08-10 21:06:30,0007D109B4,K50
2023-08-10 21:06:38,0007D110B4,K50
2023-08-10 21:07:20,0007D109B4,K50
2023-08-10 21:07:46,00075B22B0,K50
2023-08-10 21:10:15,00071E2D31,K50
2023-08-10 21:10:18,0007AC0387,K50
2023-08-10 21:11:12,0007ABF44A,K50
2023-08-10 21:11:43,00071E2D31,K50
2023-08-10 21:13:00,00074F663E,K50
2023-08-10 21:13:03,0007ACAC37,K50
2023-08-10 21:13:07,0007C18C52,K50
2023-08-10 21:13:16,000786B8A2,K50
2023-08-10 21:13:24,0007D10B04,K50
2023-08-10 21:13:35,0007D10B04,K50
2023-08-10 21:13:50,0007D10B04,K50
2023-08-10 21:14:12,0007D104DB,K50
2023-08-10 21:14:17,0007AC494F,K50
2023-08-10 21:14:42,0007CDB484,K50
2023-08-10 21:14:57,0007CE0A62,K42
2023-08-10 21:15:16,0007AC9A80,K50
2023-08-10 21:15:49,0007AC418B,K50
2023-08-10 21:15:57,00075D879F,K42
2023-08-10 21:16:00,0006B3AC35,K42
2023-08-10 21:16:06,0007CDB0C8,K42
2023-08-10 21:16:27,0007D10122,K42
2023-08-10 21:16:48,000783CB2B,K42
2023-08-10 21:17:24,0007C1922C,K50
2023-08-10 21:17:47,0007D1104E,K42
2023-08-10 21:17:57,00075B29B2,K42
2023-08-10 21:18:20,0007AC80F1,K42
2023-08-10 21:18:22,0007D104D3,K50
2023-08-10 21:18:24,0007AC34C9,K50
2023-08-10 21:18:45,00079AAA3C,K42
2023-08-10 21:19:18,00075D076C,K50
2023-08-11 00:42:44,0007AC34C9,K18
2023-08-11 05:53:33,0007D104DB,K50
2023-08-11 05:53:54,0007D104DB,K50
2023-08-11 17:32:52,0007D110B4,K45
2023-08-11 21:02:25,0007D104DB,K50
2023-08-11 21:05:15,0007CE0F3D,K45
2023-08-11 21:06:15,0007D110B4,K45
2023-08-11 21:06:52,0007AC0387,K45
2023-08-11 21:07:34,0007D10B04,K45
2023-08-11 21:07:39,000786B8A2,K45
2023-08-11 21:07:43,0007ABF44A,K45
2023-08-11 21:09:57,0007D1104E,K13
2023-08-11 21:10:03,0007D10CE1,K45
2023-08-11 21:12:00,0007AC418B,KP13c
2023-08-11 21:12:34,0007D109B4,KP13c
2023-08-11 21:13:01,0007ABC5F2,K13
2023-08-11 21:13:02,0007C18C52,K45
2023-08-11 21:13:04,00074F663E,K45
2023-08-11 21:13:07,00075D879F,K45
2023-08-11 21:13:10,0007AC34C9,K45
2023-08-11 21:13:18,00071E2D31,K45
2023-08-11 21:13:18,0007ACAC37,KP13c
2023-08-11 21:13:28,0007AC494F,K45
2023-08-11 21:15:12,0007C1922C,K45
2023-08-11 21:15:14,0007C18B80,KP13c
2023-08-11 21:15:35,0007CDB484,KP13c
2023-08-11 21:15:39,00075D076C,K45
2023-08-11 21:15:46,0007AC0145,K13
2023-08-11 21:15:57,00075B29B2,K13
2023-08-11 21:16:04,00079A0255,KP13c
2023-08-11 21:19:38,0007ABC809,K13
2023-08-12 04:50:55,0007CDB484,KP13c
2023-08-12 05:20:47,0007D10CE1,KP13c
2023-08-12 05:26:36,0007D10CE1,KP13c
2023-08-12 05:28:33,0007D109B4,KP13c
2023-08-12 05:38:24,0007C1922C,KP13c
2023-08-12 05:46:04,0007C1922C,KP13c
2023-08-12 05:52:50,0007D10CE1,K45
2023-08-12 07:37:54,0007D109B4,K45
2023-08-12 09:16:29,0007D104D3,K45
2023-08-12 10:47:01,0007D104DB,K45
2023-08-12 11:22:49,0007D109B4,K45
2023-08-14 11:59:43,0007D110B6,K104Mbec
2023-08-14 11:59:55,0007D110B6,K104Mbec
2023-08-14 12:00:13,0007D110B6,K104Mbec
2023-08-14 16:23:30,0007D10BA0,K104Mbec
2023-08-14 17:44:52,0007D110B6,K104Mbec
2023-08-14 17:45:03,0007D110B6,K104Mbec
2023-08-14 17:45:19,0007D110B6,K104Mbec
2023-08-14 17:45:30,0007D110B6,K104Mbec
2023-08-14 17:45:44,0007D110B6,K104Mbec
2023-08-14 17:45:55,0007D110B6,K104Mbec
2023-08-14 20:53:19,0007D110B4,K44
2023-08-14 21:00:05,0007AC0387,K44
2023-08-14 21:00:27,00074F663E,K44
2023-08-14 21:01:22,0007D10CE1,KP5C
2023-08-14 21:05:02,00075B22B0,K44
2023-08-14 21:05:23,0007CE0F3D,K44
2023-08-14 21:05:25,0007C18C52,K44
2023-08-14 21:06:33,0007C1922C,K44
2023-08-14 21:07:28,0007ACAC37,KP5C
2023-08-14 21:07:38,0007D1104E,K104Mbec
2023-08-14 21:08:09,000783A42D,K104Mbec
2023-08-14 21:08:19,0007ABC5F2,K104Mbec
2023-08-14 21:08:20,0007CDB484,KP5C
2023-08-14 21:08:26,0007AC418B,K44
2023-08-14 21:08:35,0007AC34C9,K44
2023-08-14 21:08:45,0007ABF44A,K44
2023-08-14 21:08:49,0007CDB484,KP5C
2023-08-14 21:08:54,00075D879F,KP5C
2023-08-14 21:09:08,0007AC9A80,K44
2023-08-14 21:09:10,0007D10BA0,K104Mbec
2023-08-14 21:09:25,0007CE0A62,K104Mbec
2023-08-14 21:09:37,00075D076C,K44
2023-08-14 21:09:40,0007D104D3,K44
2023-08-14 21:10:26,0007ABDCCF,K104Mbec
2023-08-14 21:10:40,0007CDB0C8,K104Mbec
2023-08-14 21:10:45,0007D10DE4,K104Mbec
2023-08-14 21:11:22,0007AC3CC1,K104Mbec
2023-08-14 21:12:05,0007AC8BE4,K104Mbec
2023-08-14 21:12:15,0006E24ECA,K104Mbec
2023-08-14 21:12:17,0007D110B6,K104Mbec
2023-08-14 21:12:57,0007AC0145,K104Mbec
2023-08-14 21:13:00,0007AC494F,K44
2023-08-14 21:13:04,0007AC44BD,K104Mbec
2023-08-14 21:13:19,0006B3AC35,K104Mbec
2023-08-14 21:13:23,0007ABC809,KP5C
2023-08-14 21:13:51,0007D10B04,KP5C
2023-08-14 21:14:02,0007D10B04,KP5C
2023-08-14 21:14:05,0007D10122,K104Mbec
2023-08-14 21:14:13,0007D10B04,KP5C
2023-08-14 21:14:24,0007D10B04,KP5C
2023-08-14 21:14:30,00079AAA3C,K104Mbec
2023-08-14 21:14:35,0007D10B04,KP5C
2023-08-15 05:16:06,00075D879F,KP5C
2023-08-15 05:28:59,0007AC494F,KP5C
2023-08-15 05:30:03,0007C1922C,KP5C
2023-08-15 05:30:28,0007CDB0C8,K104Mbec
2023-08-15 05:32:35,0007D10BA0,K104Mbec
2023-08-15 05:32:44,0007AC8BE4,K104Mbec
2023-08-15 05:33:04,000788A24D,K104Mbec
2023-08-15 05:34:15,0007ABDCCF,K104Mbec
2023-08-15 05:34:25,000788A24D,K104Mbec
2023-08-15 05:40:14,0007D10CE1,KP5C
2023-08-15 05:43:18,0007D109B4,KP5C
2023-08-15 05:48:21,0006B3AC35,K104Mbec
2023-08-15 20:52:05,0007D10CE1,KP5c
2023-08-15 20:54:02,0007D109B4,KP5c
2023-08-15 20:54:13,0007D109B4,KP5c
2023-08-15 20:59:42,0007D10BA0,K104
2023-08-15 21:00:49,0007D1104E,K104
2023-08-15 21:01:55,0007AC8BE4,K104
2023-08-15 21:02:11,00075B22B0,KP5c
2023-08-15 21:03:41,0007ACAC37,KP5c
2023-08-15 21:04:03,0007ABC5F2,K104
2023-08-15 21:04:37,0007CDB484,KP5c
2023-08-15 21:04:39,0006E24ECA,K104
2023-08-15 21:05:16,000783F429,K105
2023-08-15 21:05:21,0007CDB0C8,K104
2023-08-15 21:05:26,0007ABC809,KP5c
2023-08-15 21:05:55,0007CE054D,K105
2023-08-15 21:06:55,0007CDF4D9,K105
2023-08-15 21:07:00,0007D104D3,KP5c
2023-08-15 21:07:14,000783A42D,K104
2023-08-15 21:07:38,0007ABDCCF,K104
2023-08-15 21:07:44,00075D076C,KP5c
2023-08-15 21:08:03,0007AC494F,KP5c
2023-08-15 21:08:21,0006B3BF04,K105
2023-08-15 21:08:27,00075D879F,KP5c
2023-08-15 21:09:36,00079AAA3C,K104
2023-08-15 21:09:44,00075B29B2,K105
2023-08-15 21:10:21,0007AC0145,K104
2023-08-15 21:10:22,0007AC0734,K105
2023-08-15 21:10:38,0007D10122,K104
2023-08-16 20:57:34,0007D10CE1,KP4r
2023-08-16 21:00:55,0007AC34C9,K75
2023-08-16 21:02:00,00075B22B0,KP4r
2023-08-16 21:02:20,0007CDB0C8,K75
2023-08-16 21:02:32,0007ACAC37,KP4r
2023-08-16 21:02:45,0007D1104E,K75
2023-08-16 21:02:59,0007D10BA0,K75
2023-08-16 21:03:46,0007D0F1D5,K75
2023-08-16 21:04:19,0007D110B6,K75
2023-08-16 21:05:44,0007C18C52,KP4c
2023-08-16 21:05:51,0007D104D3,KP4c
2023-08-16 21:06:47,0006E24ECA,KP4c
2023-08-16 21:08:20,00075D879F,KP4r
2023-08-16 21:08:28,0007D10122,K75
2023-08-16 21:09:03,0007AC418B,KP4c
2023-08-16 21:09:47,00075D076C,KP4r
2023-08-16 21:09:56,0007AC494F,KP4c
2023-08-16 21:10:07,0007CDB484,KP4c
2023-08-16 21:10:10,0007AC8BE4,K75
2023-08-16 21:11:15,0007D10B04,KP4c
2023-08-16 21:11:55,0007ABC809,KP4c
2023-08-17 05:05:50,0007ABF44A,KP4c
2023-08-17 05:06:20,0007ABF44A,KP4c
2023-08-17 05:06:35,0007ABDCCF,KP4c
2023-08-17 05:10:18,0007AC8BE4,K75
2023-08-17 05:10:38,0007D110B6,K75
2023-08-17 05:15:26,0007AC3CC1,K75
2023-08-17 05:16:44,0007AC418B,K75
2023-08-17 05:17:58,0007ACAC37,KP4c
2023-08-17 05:19:58,0007AC418B,K75
2023-08-17 05:20:04,0007ABC809,KP4c
2023-08-17 05:20:28,000783A42D,K75
2023-08-17 05:22:50,0007ABDCCF,K75
2023-08-17 05:25:15,0007D10BA0,K75
2023-08-17 05:27:19,0007D110B6,K75
2023-08-17 05:29:36,0007ABDCCF,K75
2023-08-17 05:30:25,0007ACAC37,KP4c
2023-08-17 05:31:05,0007ACAC37,KP4c
2023-08-17 05:32:13,0007AC3CC1,K75
2023-08-17 05:34:09,00075D076C,K75
2023-08-17 05:40:46,0007D10122,K75
2023-08-17 05:41:02,0007D1088C,K75
2023-08-17 05:42:27,0007D104DB,K75
2023-08-17 05:42:46,0007D109B4,K75
2023-08-17 05:43:16,0007D104D3,K75
2023-08-17 05:48:49,0007AC34C9,K75
2023-08-17 05:52:57,0007D0F1D5,K75
2023-08-17 20:51:38,0007D104DB,KP7c
2023-08-17 20:51:49,0007D104DB,KP7c
2023-08-17 20:52:00,0007D104DB,KP7c
2023-08-17 20:52:13,0007D104DB,KP7c
2023-08-17 20:52:25,0007D104DB,KP7c
2023-08-17 20:53:27,0007D10CE1,KP7c
2023-08-17 20:53:31,0007D104DB,KP7c
2023-08-17 20:53:38,0007D109B4,KP7c
2023-08-17 20:53:52,0007D10B04,KP7c
2023-08-17 20:54:03,0007D10B04,KP7c
2023-08-17 20:55:50,0007ACAC37,KP7c
2023-08-17 20:55:54,00075B22B0,KP7c
2023-08-17 20:56:17,0007C18B80,KP7c
2023-08-17 20:56:23,0007D10B04,KP7c
2023-08-17 20:58:19,0007AC9A80,KP7c
2023-08-17 20:58:46,0007AC494F,KP7c
2023-08-17 21:01:12,00075D879F,KP7c
2023-08-17 21:01:41,0007CDB484,KP7c
2023-08-17 21:01:51,0007C1922C,KP7c
2023-08-17 21:02:12,0007AC34C9,K75
2023-08-17 21:02:41,0007D110B6,K75
2023-08-17 21:03:02,0007CE0F3D,KP7c
2023-08-17 21:03:02,0007D1088C,K75
2023-08-17 21:03:19,0007D0F1D5,K75
2023-08-17 21:03:23,00071E2D31,KP7c
2023-08-17 21:03:46,0007ABF44A,KP7c
2023-08-17 21:03:56,00075D076C,KP7c
2023-08-17 21:04:09,0007D10BA0,K75
2023-08-17 21:05:25,0007AC418B,KP7c
2023-08-17 21:06:44,0007C18C52,K75
2023-08-17 21:08:52,0007D104D3,K75
2023-08-17 21:11:04,0007AC8BE4,K75
2023-08-17 21:11:13,0007D10122,K75
2023-08-19 16:29:12,0007D109B4,K44
2023-08-19 20:44:58,0007D10CE1,K44
2023-08-19 20:50:11,0007C1922C,K23
2023-08-19 20:55:42,0007C18C52,K44
2023-08-19 20:56:08,0007D104D3,K23
2023-08-19 20:56:20,00075B22B0,K44
2023-08-19 20:56:37,0007C18B80,K44
2023-08-19 21:00:46,0007ABF44A,K23
2023-08-19 21:01:04,0007AC418B,K44
2023-08-19 21:01:39,0007D10122,KP12c
2023-08-19 21:02:27,00075D076C,K44
2023-08-19 21:02:52,0007AC494F,K23
2023-08-19 21:03:57,0007D10B04,K23
2023-08-19 21:05:27,0006E24ECA,KP12c
2023-08-19 21:05:59,00075D879F,K44
2023-08-19 21:06:56,0007ABC809,K23
2023-08-19 21:09:45,00079AAA3C,KP12c
2023-08-20 01:30:20,0007C18B80,K23
2023-08-20 01:30:47,00071E2D31,K23
2023-08-20 01:36:51,0007C18B80,K23
2023-08-20 01:38:19,00071E2D31,K23
2023-08-20 03:33:50,0007CDB484,K23
2023-08-20 03:37:28,0007C1922C,K23
2023-08-20 03:37:41,0007C1922C,K23
2023-08-20 05:11:47,0007C1922C,K23
2023-08-20 05:26:12,0007ABC5F2,K23
2023-08-20 05:29:30,0007AC0145,K23
2023-08-20 05:48:16,0007AC0145,K23
2023-08-20 05:53:34,000783A42D,KP12c
2023-08-20 05:53:55,0007AC8BE4,KP12c
2023-08-20 20:48:03,0007D10CE1,K44
2023-08-20 20:50:10,0007D109B4,K44
2023-08-20 20:50:46,0007AC9A80,K44
2023-08-20 20:56:22,0007D10B04,K23
2023-08-20 20:56:58,00075B22B0,K44
2023-08-20 20:57:46,0007CE054D,KP12c
2023-08-20 20:58:09,000783A42D,KP12c
2023-08-20 20:58:10,0007ACAC37,K23
2023-08-20 20:58:13,0006E24ECA,K23
2023-08-20 20:58:19,0007C18C52,K23
2023-08-20 20:58:31,0007D10122,K23
2023-08-20 20:59:13,0007C18B80,K23
2023-08-20 20:59:27,0007ABF44A,K23
2023-08-20 20:59:40,0007AC8BE4,KP12c
2023-08-20 21:00:10,0007CDB484,K23
2023-08-20 21:00:35,0007C1922C,K23
2023-08-20 21:02:36,0007AC418B,K23
2023-08-20 21:02:44,0007D104D3,K23
2023-08-20 21:02:49,0007AC494F,K23
2023-08-20 21:06:00,00075D879F,K44
2023-08-20 21:07:09,00079AAA3C,KP12c
2023-08-20 21:11:28,0007ABC809,K23
2023-08-21 05:24:04,0007C1922C,K23
2023-08-21 05:38:56,00075D879F,K44
2023-08-21 05:38:59,0007CDB484,K23
2023-08-21 05:41:37,0007AC8BE4,K23
2023-08-21 05:42:59,0007D104D3,K23
2023-08-21 05:56:29,0007D1088C,KP12c
2023-08-21 05:57:41,0007D1088C,KP12c
2023-08-21 05:58:01,000783A42D,KP12c
2023-08-21 05:58:12,000783A42D,KP12c
2023-08-21 05:58:25,000783A42D,KP12c
2023-08-21 06:00:30,0007D1088C,KP12c
2023-08-21 20:42:13,0007D109B4,K44
2023-08-21 20:52:10,0007D10B04,K23
2023-08-21 20:52:50,00075B22B0,K44
2023-08-21 20:52:57,0007D1088C,KP12c
2023-08-21 20:53:09,0007D10B04,K23
2023-08-21 20:53:25,0007D10CE1,K23
2023-08-21 20:53:30,0007AC9A80,K44
2023-08-21 20:53:59,0007C18C52,K23
2023-08-21 20:55:11,0007CDB484,K23
2023-08-21 20:56:00,0007AC34C9,K23
2023-08-21 20:56:07,0007ACAC37,K23
2023-08-21 20:56:40,000783A42D,KP12c
2023-08-21 20:56:45,0007D104D3,K23
2023-08-21 20:57:06,0007ABDCCF,K23
2023-08-21 20:58:01,0007C1922C,K23
2023-08-21 20:58:26,0007D10122,K23
2023-08-21 20:58:54,0006E24ECA,K23
2023-08-21 20:59:34,0007AC494F,K23
2023-08-21 21:00:08,0007AC8BE4,K23
2023-08-21 21:00:15,0007ABF44A,K23
2023-08-21 21:02:28,00079AAA3C,KP12c
2023-08-21 21:03:42,00075D879F,K44
2023-08-22 05:42:35,0006E24ECA,K23
2023-08-22 05:53:23,00075B22B0,K23
2023-08-22 05:54:58,0007D10739,KP12c
2023-08-22 05:56:05,0007D10CE1,K23
2023-08-22 05:57:10,0007D10739,KP12c
2023-08-24 20:55:14,0007AC8BE4,KP12c
2023-08-25 20:36:56,0007D10CE1,K82
2023-08-25 20:38:20,0007D110B4,K154
2023-08-25 20:40:41,0007D109B4,K82
2023-08-25 20:41:19,0007C18C52,K82
2023-08-25 20:42:06,0007D10122,K19
2023-08-25 20:42:25,0007D1104E,K19
2023-08-25 20:43:34,0007D1088C,K19
2023-08-25 20:44:26,0006E241C1,K19
2023-08-25 20:45:09,000783A42D,K19
2023-08-25 20:45:26,0007D104DB,K154
2023-08-25 20:45:30,0007AC8BE4,K19
2023-08-25 20:45:38,0007D104DB,K154
2023-08-25 20:45:41,0007D10739,K19
2023-08-25 20:46:17,0007CE0F3D,K82
2023-08-25 20:46:18,00075B22B0,K82
2023-08-25 20:46:24,0007ABC5F2,K19
2023-08-25 20:46:37,0007AC34C9,K82
2023-08-25 20:46:57,0007D104DB,K154
2023-08-25 20:47:04,0007ACAC37,K82
2023-08-25 20:47:07,0007C1922C,K154
2023-08-25 20:47:16,0007D104D3,K154
2023-08-25 20:48:05,00071E2D31,K82
2023-08-25 20:48:13,0007CE0A62,K19
2023-08-25 20:48:48,0006E24ECA,K19
2023-08-25 20:48:50,00075D879F,K82
2023-08-25 20:48:52,0007CE0636,K19
2023-08-25 20:49:37,0007CDB484,K154
2023-08-25 20:50:13,0007D10BA0,K19
2023-08-25 20:50:17,0007ABDCCF,K19
2023-08-25 20:50:26,0007CE054D,K19
2023-08-25 20:50:29,0007AC9A80,K154
2023-08-25 20:51:02,0006B3AC35,K19
2023-08-25 20:51:06,0007AC418B,K154
2023-08-25 20:51:09,000788A24D,K19
2023-08-25 20:51:10,0007ABF44A,K154
2023-08-25 20:51:20,0007ABC809,K19
2023-08-25 20:51:45,0007AC5939,K19
2023-08-25 20:51:47,0007AC3CC1,K19
2023-08-25 20:51:54,0007AC494F,K154
2023-08-25 20:52:57,0007AC0145,K19
2023-08-25 20:59:16,00075D076C,K154
2023-08-26 03:54:36,0007C1922C,K154
2023-08-26 03:54:47,0007C1922C,K154
2023-08-26 04:02:58,0007CDB484,K154
2023-08-26 05:35:00,0007AC494F,K154
2023-08-26 05:35:39,0007C1922C,K154
2023-08-26 05:39:02,0007D104D3,K154
2023-08-26 05:49:58,0007D110B4,K154
2023-08-26 15:15:27,0007D10BA0,K22
2023-08-26 20:41:56,0007D110B4,K154
2023-08-26 20:48:07,0007D104DB,K154
2023-08-26 20:48:20,0007D10CE1,KP3c
2023-08-26 20:49:01,0007D1088C,KP3c
2023-08-26 20:49:22,0007D1088C,KP3c
2023-08-26 20:50:09,0007D10122,KP3c
2023-08-26 20:50:35,0007D109B4,K154
2023-08-26 20:50:45,0007C18B80,K154
2023-08-26 20:50:56,0007AC34C9,K154
2023-08-26 20:51:21,0007D104D3,K154
2023-08-26 20:52:05,00071E2D31,K154
2023-08-26 20:52:15,0006B3AC35,KP3c
2023-08-26 20:52:18,0007D104D3,K154
2023-08-26 20:53:31,0007CDB484,K154
2023-08-26 20:53:52,0007D1104E,K22
2023-08-26 20:54:03,0007D10482,K22
2023-08-26 20:54:09,0007AC8BE4,KP3c
2023-08-26 20:54:19,000783A42D,KP3c
2023-08-26 20:55:35,0007CE0A62,KP3c
2023-08-26 20:55:45,0007AC0145,K22
2023-08-26 20:56:23,0007ABF44A,K154
2023-08-26 20:56:55,0007D10BA0,K22
2023-08-26 20:57:06,00079AAA3C,KP3c
2023-08-26 20:58:10,0007AC494F,K154
2023-08-26 20:58:23,0007AC9A80,K154
2023-08-26 20:59:10,0006E239ED,K22
2023-08-26 21:00:06,000788A24D,KP3c
2023-08-26 21:00:19,00075D076C,K154
2023-08-26 21:00:30,0007ABC809,KP3c
2023-08-27 05:43:50,0007ABC809,KP3c
2023-08-27 05:46:43,00075B29B2,KP3c
2023-08-27 05:52:08,0007C1922C,K154
2023-08-27 05:52:31,0007ACAC37,K154
2023-08-27 05:52:43,0006E239ED,K22
2023-08-27 05:53:56,0007CE0A62,KP3c
2023-08-27 05:56:30,0007ABC809,KP3c
2023-08-27 05:59:08,0007AC8BE4,KP3c
2023-08-27 05:59:10,0007D104DB,K154
2023-08-27 06:01:25,0007D10482,K22
2023-08-27 06:01:57,0007ABD629,KP3c
2023-08-27 06:04:43,0007CDCC06,KP3c
2023-08-27 06:05:04,00074F663E,KP3c
2023-08-27 06:06:54,0007D10482,K22
2023-08-27 06:08:54,0007D10DE4,K22
2023-08-27 06:09:12,0007D1104E,K22
2023-08-27 06:09:23,0007D10DE4,K22
2023-08-27 06:09:39,0007ABD629,KP3c
2023-08-27 06:12:19,0006E241C1,K22
2023-08-27 20:42:24,0007D1088C,K23
2023-08-27 20:43:26,0007D10CE1,K23
2023-08-27 20:44:46,0006E241C1,K22
2023-08-27 20:45:13,0007ABDCCF,K23
2023-08-27 20:45:33,0007D10482,K22
2023-08-27 20:47:16,0006E239ED,K22
2023-08-27 20:47:33,0007AC34C9,K154
2023-08-27 20:48:19,000783A42D,KP3c
2023-08-27 20:48:19,0007D10DE4,K23
2023-08-27 20:49:18,0007CDB484,K154
2023-08-27 20:49:49,000786B8A2,K23
2023-08-27 20:50:16,0007D104DB,K154
2023-08-27 20:50:46,0007AC5939,K23
2023-08-27 20:50:55,00075B22B0,K23
2023-08-27 20:51:03,0007AC0145,K23
2023-08-27 20:51:40,00074F663E,KP3c
2023-08-27 20:52:07,0007C1922C,K154
2023-08-27 20:52:25,0007C18B80,K154
2023-08-27 20:52:34,0007ABF44A,K154
2023-08-27 20:53:35,0007AC418B,K154
2023-08-27 20:53:54,0007CE0636,KP3c
2023-08-27 20:54:09,00075D879F,K23
2023-08-27 20:54:13,0007ACAC37,K154
2023-08-27 20:55:01,0006B3AC35,KP3c
2023-08-27 20:55:35,00079AAA3C,KP3c
2023-08-27 20:55:43,0007D10BA0,KP11c
2023-08-27 20:56:21,0007CDEE51,KP11c
2023-08-27 20:56:24,0007AC8BE4,KP3c
2023-08-27 20:57:08,0007D110B4,K154
2023-08-27 20:57:43,0007ABC809,KP3c
2023-08-27 20:58:24,0007CE0A62,KP3c
2023-08-27 20:58:32,0007AC9A80,K154
2023-08-27 20:58:33,0007D10122,KP3c
2023-08-27 20:59:18,0007CE0F3D,K154
2023-08-27 21:00:53,0007AC494F,K154
2023-08-27 21:00:54,0007D104D3,K154
2023-08-27 21:01:17,00075D076C,K154
2023-08-27 21:04:02,000788A24D,KP11c
2023-08-27 21:04:06,0007ABD629,KP11c
2023-08-27 21:16:50,0007CE0A62,KP3c
2023-08-27 21:17:29,0007CE0A62,KP3c
2023-08-28 02:21:09,0007CE0636,KP3c
2023-08-28 02:21:51,0007CE0636,KP3c
2023-08-28 03:20:37,000783A42D,KP3c
2023-08-28 03:20:51,000783A42D,KP3c
2023-08-28 03:21:20,000783A42D,KP3c
2023-08-28 03:27:08,0007D10122,KP3c
2023-08-28 03:28:32,0007D10122,KP3c
2023-08-28 05:01:24,0007C1922C,K154
2023-08-28 05:13:49,0007ABF44A,K154
2023-08-28 05:21:45,0007AC5939,K23
2023-08-28 05:28:00,0007D1088C,K23
2023-08-28 05:31:52,0006E24ECA,K23
2023-08-28 05:32:04,0007C1922C,K154
2023-08-28 05:32:23,00075D076C,K154
2023-08-28 05:32:46,000783A42D,KP3c
2023-08-28 05:33:12,0007CE0F3D,K154
2023-08-28 05:33:35,0007CDEE51,KP11c
2023-08-28 05:33:59,00075D076C,K154
2023-08-28 05:34:37,0007CDEE51,KP11c
2023-08-28 05:38:22,0006E239ED,KP3c
2023-08-28 05:39:00,0007D1088C,K23
2023-08-28 05:39:23,0007CE0636,KP3c
2023-08-28 05:40:08,0007AC34C9,K154
2023-08-28 05:40:24,0007CE0A62,KP3c
2023-08-28 05:40:54,0006E239ED,K22
2023-08-28 05:41:56,0006E241C1,KP3c
2023-08-28 05:44:36,0007D110B4,K154
2023-08-28 05:46:34,0007CDEE51,KP11c
2023-08-28 05:50:39,0007AC8BE4,KP3c
2023-08-28 05:52:15,0007D1104E,KP3c
2023-08-28 05:52:20,0007D10482,KP3c
2023-08-28 05:52:57,0007D1104E,KP3c
2023-08-28 20:37:43,0007D10122,KP3c
2023-08-28 20:39:38,0007D109B4,K154
2023-08-28 20:39:58,00074F663E,KP3c
2023-08-28 20:40:08,0006E241C1,KP3c
2023-08-28 20:40:31,0007D10CE1,K23
2023-08-28 20:40:33,000783A42D,KP3c
2023-08-28 20:40:56,0007CE0636,KP3c
2023-08-28 20:43:13,0007CDB484,K154
2023-08-28 20:43:19,0007AC0387,K23
2023-08-28 20:43:30,0007D1104E,K23
2023-08-28 20:43:56,0007D104DB,K154
2023-08-28 20:44:35,0007D110B4,K154
2023-08-28 20:44:49,0007ABDCCF,K23
2023-08-28 20:45:17,0007D10BA0,KP3c
2023-08-28 20:45:26,000788A24D,KP3c
2023-08-28 20:45:40,0007CDCC06,KP3c
2023-08-28 20:45:44,00079AAA3C,KP3c
2023-08-28 20:45:49,0007ABC5F2,K23
2023-08-28 20:47:00,0007D1088C,K23
2023-08-28 20:47:23,0007AC34C9,K154
2023-08-28 20:47:25,00075B22B0,K23
2023-08-28 20:48:07,0006B3AC35,KP3c
2023-08-28 20:48:07,0007D10DE4,K23
2023-08-28 20:48:15,0007AC5939,K23
2023-08-28 20:48:38,00075B29B2,KP3c
2023-08-28 20:48:58,0007AC8BE4,KP3c
2023-08-28 20:49:10,0007CE0A62,KP3c
2023-08-28 20:49:11,0007AC9A80,K154
2023-08-28 20:49:27,0007AC418B,K154
2023-08-28 20:49:55,0007C18B80,K154
2023-08-28 20:49:57,0007CDEB80,K23
2023-08-28 20:50:07,0007C1922C,K154
2023-08-28 20:50:12,0007ABF44A,K154
2023-08-28 20:50:17,0007ABD629,K23
2023-08-28 20:52:12,0007AC0145,K23
2023-08-28 20:52:17,0007ACAC37,K154
2023-08-28 20:52:21,000786B8A2,K23
2023-08-28 20:52:25,0007AC494F,K154
2023-08-28 20:52:50,0007CE0F3D,K154
2023-08-28 20:53:14,00071E2D31,K154
2023-08-28 20:53:14,0007ABC809,K23
2023-08-28 20:53:25,0007D104D3,K154
2023-08-28 20:54:01,00075D879F,K23
2023-08-28 22:51:30,0007C1922C,K154
2023-08-28 23:06:43,0007D10CE1,K23
2023-08-28 23:07:16,0007D10CE1,K23
2023-08-29 01:11:14,0007D109B4,K154
2023-08-29 01:31:34,0007D109B4,K154
2023-08-29 01:31:59,0007CE0F3D,K154
2023-08-29 02:21:11,0007D109B4,K154
2023-08-29 02:21:13,0007C1922C,K154
2023-08-29 02:31:12,0007CDB484,K154
2023-08-29 02:46:54,0007C1922C,K154
2023-08-29 02:47:57,0007CDB484,K154
2023-08-29 03:09:15,0006E241C1,KP3c
2023-08-29 03:09:34,0006E241C1,KP3c
2023-08-29 03:18:34,000783A42D,KP3c
2023-08-29 03:18:54,000783A42D,KP3c
2023-08-29 03:52:33,0006E241C1,KP3c
2023-08-29 03:53:13,0006E241C1,KP3c
2023-08-29 04:02:06,0007C1922C,K154
2023-08-29 04:19:05,00071E2D31,K154
2023-08-29 04:55:52,0007D109B4,K154
2023-08-29 04:58:08,0007D104D3,K154
2023-08-29 04:58:14,0007C1922C,K154
2023-08-29 04:58:51,0007D110B4,K23
2023-08-29 04:59:27,0007D10CE1,K23
2023-08-29 05:00:07,00074F663E,K23
2023-08-29 05:03:48,0007D104D3,K23
2023-08-29 05:08:02,0007C1922C,K23
2023-08-29 05:09:08,00079AAA3C,KP3c
2023-08-29 05:16:10,0007D10CE1,K23
2023-08-29 05:26:22,0007AC5939,K23
2023-08-29 05:26:42,0007CE0A62,KP3c
2023-08-29 05:28:39,0007D10CE1,K154
2023-08-29 05:31:16,0006E241C1,KP3c
2023-08-29 05:34:20,0007C1922C,K154
2023-08-29 05:34:36,0007D1088C,KP3c
2023-08-29 05:34:47,0007D1088C,KP3c
2023-08-29 05:35:25,0007AC0734,KP3c
2023-08-29 05:35:57,000783A42D,KP3c
2023-08-29 05:37:00,0007AC0734,KP3c
2023-08-29 05:37:22,0007CE0F3D,K154
2023-08-29 05:43:22,0007ABF44A,K154
2023-08-29 05:46:54,0007CDDFAD,K23
2023-08-29 05:48:24,0007D10CE1,K154
2023-08-29 05:49:53,0006B3BF04,K154
2023-08-29 05:51:17,0007D10CE1,K154
2023-08-29 05:54:49,0007CDEB80,K23
2023-08-29 05:55:11,00075B22B0,K23
2023-08-29 05:56:52,0007AC0387,KP3c
2023-08-29 05:59:05,0007AC0734,KP3c
2023-08-29 05:59:16,0007AC0734,KP3c
2023-08-29 06:03:25,0007D1088C,KP3c
2023-08-29 20:34:49,0007D10122,KP3c
2023-08-29 20:34:57,0007D10CE1,K154
2023-08-29 20:42:19,0007AC34C9,K154
2023-08-29 20:42:30,0007D110B4,K154
2023-08-29 20:42:57,0007CDB484,K154
2023-08-29 20:43:37,0007D1088C,KP3c
2023-08-29 20:43:47,000783A42D,KP3c
2023-08-29 20:43:55,0007CDCC06,KP3c
2023-08-29 20:44:05,0007D109B4,K154
2023-08-29 20:44:14,0006E241C1,KP3c
2023-08-29 20:44:20,0007D10BA0,KP3c
2023-08-29 20:44:22,0007D104DB,K154
2023-08-29 20:44:58,0007CE0636,KP3c
2023-08-29 20:46:26,0007AC0145,KP3c
2023-08-29 20:47:02,00074F663E,KP3c
2023-08-29 20:47:08,000788A24D,KP3c
2023-08-29 20:47:44,0007CE0A62,KP3c
2023-08-29 20:48:03,0007D104D3,K154
2023-08-29 20:48:51,00079AAA3C,KP3c
2023-08-29 20:48:55,0007C1922C,K154
2023-08-29 20:49:18,0007ABF44A,K154
2023-08-29 20:49:41,0007D1104E,K23
2023-08-29 20:49:45,0006E24ECA,K23
2023-08-29 20:50:30,0007CDDFAD,K23
2023-08-29 20:50:39,00075B22B0,K23
2023-08-29 20:50:40,0007ABDCCF,K23
2023-08-29 20:51:37,000786B8A2,K23
2023-08-29 20:51:41,0007AC8BE4,K154
2023-08-29 20:53:23,0006B3AC35,KP3c
2023-08-29 20:53:49,0007AC494F,K154
2023-08-29 20:53:53,00071E2D31,K154
2023-08-29 20:54:53,0007AC9A80,K154
2023-08-29 20:55:24,0007ABC809,K23
2023-08-29 20:56:06,0007AC5939,K23
2023-08-29 20:56:16,00075D879F,K23
2023-08-29 20:56:36,00075D076C,K154
2023-08-29 20:56:49,00075B29B2,K23
2023-08-29 20:56:54,0006E239ED,K154
2023-08-29 22:07:50,0007D10122,KP3c
2023-08-29 22:20:49,0007D10122,KP3c
2023-08-29 22:35:23,0007D104D3,K154
2023-08-29 23:06:03,000783A42D,KP3c
2023-08-29 23:06:20,000783A42D,KP3c
2023-08-29 23:25:00,0007D10122,KP3c
2023-08-29 23:30:40,0007D10122,KP3c
2023-08-29 23:30:44,000783A42D,KP3c
2023-08-29 23:32:19,0007D1088C,KP3c
2023-08-29 23:37:45,0006B3AC35,KP3c
2023-08-29 23:46:01,0007D10122,KP3c
2023-08-29 23:51:27,0007CE0636,KP3c
2023-08-29 23:52:00,0007ABF44A,K154
2023-08-29 23:52:01,0007C1922C,K154
2023-08-30 00:03:35,0007D109B4,K154
2023-08-30 00:04:45,0007D10CE1,K154
2023-08-30 00:08:56,0006B3AC35,KP3c
2023-08-30 00:19:52,0007D1088C,KP3c
2023-08-30 00:19:59,0007CE0636,KP3c
2023-08-30 00:20:36,0007D10122,KP3c
2023-08-30 00:20:44,000783A42D,KP3c
2023-08-30 00:32:07,0007D109B4,K154
2023-08-30 00:32:13,0007C1922C,K154
2023-08-30 00:37:08,0007D1088C,KP3c
2023-08-30 00:43:40,0006E241C1,KP3c
2023-08-30 00:49:53,0007CE0636,KP3c
2023-08-30 01:04:04,0007D10CE1,K154
2023-08-30 01:21:50,0007D1088C,KP3c
2023-08-30 01:33:25,0006B3AC35,KP3c
2023-08-30 01:36:28,0007D109B4,K154
2023-08-30 01:39:52,0007D109B4,K154
2023-08-30 01:42:53,0007ABDCCF,KP3c
2023-08-30 01:45:05,0007D110B4,K154
2023-08-30 01:45:12,0007AC9A80,K154
2023-08-30 01:54:01,0006E241C1,KP3c
2023-08-30 01:56:51,0007D1088C,KP3c
2023-08-30 01:57:55,000788A24D,KP3c
2023-08-30 01:59:36,0007CE0A62,KP3c
2023-08-30 02:02:15,0007D109B4,K154
2023-08-30 02:03:45,000783A42D,KP3c
2023-08-30 02:25:03,00075D076C,K154
2023-08-30 02:29:26,0007CDB484,K154
2023-08-30 02:39:47,0007AC9A80,K154
2023-08-30 02:49:23,0006E241C1,KP3c
2023-08-30 02:51:00,000783A42D,KP3c
2023-08-30 02:58:23,0007CDDFAD,K23
2023-08-30 03:00:24,0007CDDFAD,K23
2023-08-30 03:00:48,0007CDEB80,K23
2023-08-30 03:01:13,0007D104DB,K23
2023-08-30 03:06:35,000783A42D,KP3c
2023-08-30 03:12:26,0007AC8BE4,KP3c
2023-08-30 03:12:54,0007AC418B,K154
2023-08-30 03:27:07,0007CE0A62,KP3c
2023-08-30 03:51:04,0007D1088C,KP3c
2023-08-30 03:56:20,0007AC418B,K154
2023-08-30 04:02:55,0007D110B4,K154
2023-08-30 04:05:12,0007AC34C9,K154
2023-08-30 04:06:02,0007D1088C,KP3c
2023-08-30 04:08:03,000783A42D,KP3c
2023-08-30 04:08:17,0007D109B4,K154
2023-08-30 04:09:24,0007AC8BE4,KP3c
2023-08-30 04:09:58,0007D104DB,K154
2023-08-30 04:14:32,0007CDB484,K154
2023-08-30 04:17:02,000783A42D,KP3c
2023-08-30 04:17:37,0007C1922C,K154
2023-08-30 04:18:47,000788A24D,KP3c
2023-08-30 04:19:56,0007D10122,KP3c
2023-08-30 04:22:55,00075D076C,K154
2023-08-30 04:26:31,0007D10BA0,KP3c
2023-08-30 04:30:28,0007D104D3,K154
2023-08-30 04:31:50,0007D10CE1,K154
2023-08-30 04:34:28,0007D1088C,KP3c
2023-08-30 04:38:13,0007AC494F,K154
2023-08-30 04:38:57,0007D109B4,K154
2023-08-30 04:45:08,0007AC8BE4,KP3c
2023-08-30 04:51:18,000788A24D,KP3c
2023-08-30 04:54:29,0007CE0A62,KP3c
2023-08-30 04:57:22,00079AAA3C,KP3c
2023-08-30 04:58:56,0007D10CE1,K154
2023-08-30 05:10:42,0007D10BA0,KP3c
2023-08-30 05:13:52,00079AAA3C,KP3c
2023-08-30 05:17:28,0007D1088C,KP3c
2023-08-30 05:19:41,0007CE0636,KP3c
2023-08-30 05:20:50,0007D109B4,K154
2023-08-30 05:21:03,0007D10122,KP3c
2023-08-30 05:32:02,0007CDDFAD,K154
2023-08-30 05:37:43,0007D1088C,KP3c
2023-08-30 05:45:37,0007AC8BE4,KP3c
2023-08-30 05:46:14,0007C18B80,K154
2023-08-30 05:48:22,0007D1088C,KP3c
2023-08-30 15:06:46,0007D10482,KP3c
2023-08-30 15:06:57,0007D10482,KP3c
2023-08-30 20:38:03,0007C18B80,K154
2023-08-30 20:42:08,0007D10CE1,K154
2023-08-30 20:44:20,0007D110B4,K154
2023-08-30 20:45:13,0007CDCC06,KP3c
2023-08-30 20:45:42,0007D104DB,K154
2023-08-30 20:46:31,0007AC8BE4,KP3c
2023-08-30 20:47:36,0007D109B4,K154
2023-08-30 20:47:39,0007AC34C9,K154
2023-08-30 20:47:47,0007CDB484,K154
2023-08-30 20:47:58,0007D10482,KP3c
2023-08-30 20:48:04,0006E241C1,KP3c
2023-08-30 20:50:40,0007AC9A80,K154
2023-08-30 20:50:55,0007CE0F3D,K154
2023-08-30 20:51:11,0007AC418B,K154
2023-08-30 20:51:14,0007D1104E,KP3c
2023-08-30 20:51:24,0007AC494F,K154
2023-08-30 20:52:24,000783A42D,KP3c
2023-08-30 20:53:02,0007D1088C,KP3c
2023-08-30 20:53:04,0007D104D3,K154
2023-08-30 20:53:28,0006B3AC35,KP3c
2023-08-30 20:55:56,0007D10BA0,KP3c
2023-08-30 20:56:07,00079AAA3C,KP3c
2023-08-30 20:56:57,0007CE0A62,KP3c
2023-08-30 20:57:03,0007D10122,KP3c
2023-08-30 22:44:04,0007D1088C,KP3c
2023-08-30 22:44:14,0007D10122,KP3c
2023-08-30 22:58:14,000783A42D,KP3c
2023-08-30 23:25:06,0007D1088C,KP3c
2023-08-30 23:46:16,000783A42D,KP3c
2023-08-30 23:46:31,000783A42D,KP3c
2023-08-31 00:01:35,0007D1088C,KP3c
2023-08-31 00:09:14,0007D10122,KP3c
2023-08-31 00:10:13,0007CE0A62,KP3c
2023-08-31 00:11:08,0007CE0A62,KP3c
2023-08-31 00:11:19,0007CE0A62,KP3c
2023-08-31 00:12:11,0007CE0A62,KP3c
2023-08-31 00:19:53,0007D10122,KP3c
2023-08-31 00:55:11,000783A42D,KP3c
2023-08-31 01:00:46,0007D10122,KP3c
2023-08-31 01:05:13,0007D10122,KP3c
2023-08-31 01:14:45,0007D1088C,KP3c
2023-08-31 01:15:00,0007D1088C,KP3c
2023-08-31 01:31:43,0007D10122,KP3c
2023-08-31 01:36:29,0007D10122,KP3c
2023-08-31 01:52:10,000783A42D,KP3c
2023-08-31 01:52:49,000783A42D,KP3c
2023-08-31 02:17:10,000783A42D,KP3c
2023-08-31 02:26:22,0007D10122,KP3c
2023-08-31 02:32:02,0007CE0A62,KP3c
2023-08-31 02:33:08,0007AC8BE4,KP3c
2023-08-31 02:56:34,0007D10BA0,KP3c
2023-08-31 03:03:18,0007AC8BE4,KP3c
2023-08-31 03:03:23,0007D1088C,KP3c
2023-08-31 03:12:02,0007CE0A62,KP3c
2023-08-31 03:17:02,0007D10122,KP3c
2023-08-31 03:23:51,0007D1088C,KP3c
2023-08-31 03:25:00,000783A42D,KP3c
2023-08-31 03:30:09,0007CE0A62,KP3c
2023-08-31 03:30:18,000783A42D,KP3c
2023-08-31 03:33:16,0007AC8BE4,KP3c
2023-08-31 03:33:22,0007CE0A62,KP3c
2023-08-31 03:34:45,0007D10BA0,KP3c
2023-08-31 03:36:00,0007D10122,KP3c
2023-08-31 03:40:03,000783A42D,KP3c
2023-08-31 03:40:37,000783A42D,KP3c
2023-08-31 03:40:56,0007D10122,KP3c
2023-08-31 03:42:44,0007D10BA0,KP3c
2023-08-31 03:50:27,0007CE0A62,KP3c
2023-08-31 03:50:41,0007CE0A62,KP3c
2023-08-31 03:51:21,0007AC8BE4,KP3c
2023-08-31 03:51:40,0007AC8BE4,KP3c
2023-08-31 03:54:16,0007D109B4,K154
2023-08-31 04:07:56,0007D10122,KP3c
2023-08-31 04:16:25,0007D10BA0,KP3c
2023-08-31 04:17:00,0007D1088C,KP3c
2023-08-31 04:43:42,0007D10122,KP3c
2023-08-31 04:54:09,0007D1088C,KP3c
2023-08-31 05:11:26,0007D1088C,KP3c
2023-08-31 05:18:13,0007D10122,KP3c
2023-08-31 05:20:45,0007D1104E,KP3c
2023-08-31 05:41:27,0007CDCC06,KP3c
2023-08-31 05:42:37,0007D104DB,KP3c
2023-08-31 20:39:11,0007D10122,KP3c
2023-08-31 20:41:25,0007D1104E,KP3c
2023-08-31 20:42:07,0007D10482,KP3c
2023-08-31 20:42:41,0007D1088C,KP3c
2023-08-31 20:43:39,0007CDCC06,KP3c
2023-08-31 20:43:52,0007D10BA0,KP3c
2023-09-01 01:28:32,0007D10122,KP3c
2023-09-01 01:38:58,000788A24D,KP3c
2023-09-01 01:39:02,0007D10122,KP3c
2023-09-01 02:31:35,0007D10122,KP3c
2023-09-01 02:44:56,0007D10122,KP3c
2023-09-01 03:06:37,0007D10122,KP3c
2023-09-01 03:06:49,0007D1088C,KP3c
2023-09-01 03:28:42,0007D10122,KP3c
2023-09-01 03:28:53,0007D10122,KP3c
2023-09-01 03:58:08,0007D10122,KP3c
2023-09-01 03:58:56,0007D1088C,KP3c
2023-09-01 03:59:03,0007D10122,KP3c
2023-09-01 04:37:33,0007D10122,KP3c
2023-09-01 05:05:57,0007D10122,KP3c
2023-09-02 12:39:48,0007D0F1D5,KP11c
2023-09-02 12:39:59,0007D0F1D5,KP11c
2023-09-02 12:40:10,0007D0F1D5,KP11c
2023-09-02 20:37:40,0007D0F1D5,KP11c
2023-09-02 20:38:12,0007CDEE51,KP11c
2023-09-02 20:41:21,0007CE0636,KP11c
2023-09-02 20:41:32,0006E241C1,KP11c
2023-09-02 20:45:08,000788A24D,KP11c
2023-09-02 20:47:33,0007AC5939,KP11c
2023-09-02 20:47:38,00079AAA3C,KP11c
2023-09-02 20:47:45,0007CDEB80,KP11c
2023-09-02 20:49:13,0007ABC809,KP11c
2023-09-03 01:51:03,0007AC5939,KP11c
2023-09-03 04:30:15,0007AC5939,KP11c
2023-09-03 04:32:15,0007CDEB80,KP11c
2023-09-03 05:13:57,0007AC5939,KP11c
2023-09-03 05:16:27,0007ABC809,KP11c
2023-09-03 05:31:39,0007CDEB80,KP11c
2023-09-03 05:48:14,0006E241C1,KP11c
2023-09-03 20:26:03,0007D0F1D5,KP11c
2023-09-03 20:27:20,0007CDEE51,KP11c
2023-09-03 20:33:34,0007CE0636,KP11c
2023-09-03 20:33:39,000788A24D,KP11c
2023-09-03 20:33:54,000783A42D,KP11c
2023-09-03 20:33:59,0006E241C1,KP11c
2023-09-03 20:34:56,0007ABC809,KP11c
2023-09-03 20:35:03,0007CDEB80,KP11c
2023-09-03 20:35:36,0007AC5939,KP11c
2023-09-04 01:26:26,0007CDEB80,KP11c
2023-09-04 03:09:29,000788A24D,KP11c
2023-09-04 03:35:49,000788A24D,KP11c
2023-09-04 03:36:49,000783A42D,KP11c
2023-09-04 04:55:30,000783A42D,KP11c
2023-09-04 05:06:33,000788A24D,KP11c
2023-09-04 05:22:13,000788A24D,KP11c
2023-09-04 05:22:32,0006E241C1,KP11c
2023-09-04 12:49:59,0007D10CE1,K154
2023-09-04 20:12:59,0007D110B4,K37
2023-09-04 20:13:11,0007D110B4,K37
2023-09-04 20:21:11,0007D109B4,K37
2023-09-04 20:21:22,0007CDDFAD,K37
2023-09-04 20:21:26,0007CDB484,K37
2023-09-04 20:21:34,0007C1922C,K37
2023-09-04 20:23:27,0007D104DB,K37
2023-09-04 20:23:56,0007AC34C9,K37
2023-09-04 20:24:50,0007C18C52,K37
2023-09-04 20:24:59,0007ABF44A,K37
2023-09-04 20:26:15,0007D10CE1,K154
2023-09-04 20:29:26,0007D104D3,K154
2023-09-04 20:30:19,000783A42D,KP11c
2023-09-04 20:30:44,0007D0F1D5,KP11c
2023-09-04 20:30:59,00071E2D31,K154
2023-09-04 20:31:00,0007CE0636,KP11c
2023-09-04 20:34:03,00075D879F,K154
2023-09-04 20:34:11,0006E241C1,KP11c
2023-09-04 20:34:26,0007CDEE51,KP11c
2023-09-04 20:34:27,0006E239ED,K154
2023-09-04 20:35:46,00075D076C,K154
2023-09-04 20:36:23,00079AAA3C,KP11c
2023-09-04 20:37:11,0007AC494F,K154
2023-09-04 20:37:36,0007CDEB80,KP11c
2023-09-04 20:38:13,0007AC5939,KP11c
2023-09-04 20:38:16,000788A24D,KP11c
2023-09-05 05:46:08,0007AC5939,KP11c
2023-09-05 05:47:13,0007AC8BE4,KP11c
2023-09-05 05:48:14,0007AC8BE4,KP11c
2023-09-05 05:51:33,0007D104DB,K37
2023-09-05 06:06:46,0007D110B4,K37
2023-09-05 06:12:18,0006E241C1,KP11c
2023-09-05 06:17:07,0007D0F1D5,KP11c
2023-09-05 20:17:37,0007D109B4,K37
2023-09-05 20:19:15,0007D110B4,K37
2023-09-05 20:24:19,00075B22B0,K37
2023-09-05 20:24:25,0007C18C52,K37
2023-09-05 20:24:39,0007CE0F3D,K37
2023-09-05 20:24:48,0007D104D3,K37
2023-09-05 20:25:21,0007D104DB,K37
2023-09-05 20:25:28,0007CDB484,K37
2023-09-05 20:25:39,0007AC418B,K44
2023-09-05 20:27:12,0006E241C1,KP11c
2023-09-05 20:27:43,0007D0F1D5,KP11c
2023-09-05 20:28:16,0007AC494F,K37
2023-09-05 20:29:40,0007CE0636,KP11c
2023-09-05 20:30:49,0007CDEE51,KP11c
2023-09-05 20:31:07,0007C1922C,K44
2023-09-05 20:31:37,0007CDDFAD,K44
2023-09-05 20:32:02,000783A42D,KP11c
2023-09-05 20:32:21,00071E2D31,K44
2023-09-05 20:32:22,0007AC8BE4,KP11c
2023-09-05 20:34:19,00075D879F,K44
2023-09-05 20:34:46,000788A24D,KP11c
2023-09-05 20:35:06,0007AC9A80,K44
2023-09-05 20:35:18,0007AC5939,KP11c
2023-09-05 20:35:28,00075D076C,K44
2023-09-06 05:06:29,00075D076C,K44
2023-09-06 05:33:57,0007AC34C9,K37
2023-09-06 05:38:11,0007D104D3,K37
2023-09-06 05:38:22,0007D104D3,K37
2023-09-06 05:38:33,0007D104D3,K37
2023-09-06 05:42:32,000783F377,KP11c
2023-09-06 05:43:37,0007CE0636,KP11c
2023-09-06 05:45:35,0007CE0636,KP11c
2023-09-06 06:00:35,0007D110B4,K37
2023-09-06 06:01:18,0007AC418B,K44
2023-09-06 06:01:37,0006E241C1,KP11c
2023-09-06 06:15:46,0007D10CE1,K37
2023-09-06 20:17:00,0007D10CE1,K37
2023-09-06 20:20:32,0007ACAC37,K44
2023-09-06 20:21:43,0007D110B4,K37
2023-09-06 20:21:59,0007CDDFAD,K44
2023-09-06 20:22:15,0007C1922C,K44
2023-09-06 20:22:30,0007D109B4,K37
2023-09-06 20:22:46,0007C18C52,K37
2023-09-06 20:23:01,0007ABDCCF,KP12c
2023-09-06 20:23:17,00075B22B0,K37
2023-09-06 20:23:47,0007D104DB,K37
2023-09-06 20:24:02,0007CE0F3D,K37
2023-09-06 20:24:07,0007D1088C,KP12c
2023-09-06 20:25:15,0007AC34C9,K37
2023-09-06 20:25:18,0007D104D3,K37
2023-09-06 20:25:26,0007AC418B,K37
2023-09-06 20:25:33,0007D10122,KP12c
2023-09-06 20:26:17,0006E24ECA,KP12c
2023-09-06 20:26:59,0007ABF44A,K44
2023-09-06 20:27:33,0007AC8BE4,KP12c
2023-09-06 20:27:56,00075D879F,K44
2023-09-06 20:28:24,0007CDB484,K44
2023-09-06 20:28:41,0006E241C1,KP11c
2023-09-06 20:29:07,000783A42D,KP12c
2023-09-06 20:29:59,0007AC494F,K37
2023-09-06 20:30:40,0007CDEB80,KP11c
2023-09-06 20:30:48,000786B8A2,KP12c
2023-09-06 20:30:55,00079AAA3C,KP12c
2023-09-06 20:31:07,00075D076C,K44
2023-09-06 20:31:11,0007CE0636,KP11c
2023-09-06 20:31:24,0007CDEE51,KP11c
2023-09-06 20:34:50,0007AC5939,KP11c
2023-09-06 20:34:54,000788A24D,KP11c
2023-09-07 03:35:18,0007ABD629,KP11c
2023-09-07 04:31:09,0007ABD629,KP11c
2023-09-07 05:38:17,0006E24ECA,KP12c
2023-09-07 05:40:59,00079AAA3C,KP12c
2023-09-07 05:43:39,00075D076C,K44
2023-09-07 05:44:46,00075B22B0,K44
2023-09-07 05:44:52,0007CDDFAD,K44
2023-09-07 05:47:46,0007AC494F,K44
2023-09-07 05:54:50,0007AC8BE4,KP12c
2023-09-07 05:55:22,0007AC34C9,K44
2023-09-07 06:02:26,0007CE0A62,KP12c
2023-09-07 06:08:00,0007AC418B,K44
2023-09-07 06:09:18,0007D10122,KP12c
2023-09-07 06:17:41,0007D10CE1,K37
2023-09-07 06:19:15,0006E241C1,KP11c
2023-09-07 20:09:45,0007D10CE1,K37
2023-09-07 20:17:45,0007C18C52,K37
2023-09-07 20:18:10,0006E24ECA,KP12c
2023-09-07 20:18:13,0007D110B4,K44
2023-09-07 20:19:25,0007CE0F3D,K37
2023-09-07 20:20:30,0007AC418B,K37
2023-09-07 20:20:59,0007C1922C,K44
2023-09-07 20:21:10,0007AC34C9,K44
2023-09-07 20:22:20,0007CE0636,KP11c
2023-09-07 20:22:25,0007ABF44A,K44
2023-09-07 20:22:39,0006E241C1,KP11c
2023-09-07 20:23:06,00079AAA3C,KP12c
2023-09-07 20:23:09,0007AC0145,KP12c
2023-09-07 20:23:19,0007D1088C,KP12c
2023-09-07 20:23:58,00075D879F,K44
2023-09-07 20:24:01,0007AC494F,K44
2023-09-07 20:24:01,0007AC8BE4,KP12c
2023-09-07 20:24:18,0007AC9A80,K44
2023-09-07 20:24:27,0007CDEB80,KP11c
2023-09-07 20:25:29,0007AC5939,KP11c
2023-09-07 20:25:58,0007D10122,KP12c
2023-09-07 20:28:00,00075B29B2,KP12c
2023-09-07 20:28:51,00075B29B2,KP12c
2023-09-07 20:29:01,0007ABDCCF,KP12c
2023-09-07 20:29:20,0007CE0A62,KP12c
2023-09-08 05:38:17,0007D10122,KP12c
2023-09-08 05:45:22,00079AAA3C,KP12c
2023-09-08 05:48:27,0007CE0A62,KP12c
2023-09-08 05:57:08,0007CE0131,K44
2023-09-08 06:02:39,0007CE0131,K44
2023-09-08 06:02:50,0007CE0131,K44
2023-09-08 06:12:24,0007D109B4,K44
2023-09-08 06:18:21,0007D10CE1,K44
2023-09-08 06:24:25,0007D10CE1,K44
2023-09-08 06:25:59,0007D10CE1,K44
2023-09-08 20:14:16,0007D109B4,K44
2023-09-08 20:14:53,0007D10CE1,K44
2023-09-08 20:14:59,0007D110B4,K44
2023-09-08 20:16:46,0007CDDFAD,K44
2023-09-08 20:17:00,0007CDB484,K44
2023-09-08 20:19:10,0007CE0F3D,K44
2023-09-08 20:19:13,0007AC9A80,K44
2023-09-08 20:19:26,0007ACAC37,K44
2023-09-08 20:20:30,00075D879F,K44
2023-09-08 20:21:07,0007AC34C9,K44
2023-09-08 20:21:15,0007D104D3,K44
2023-09-08 20:21:50,0007D104DB,K44
2023-09-08 20:21:57,0007ABF44A,K44
2023-09-08 20:23:41,0007AC494F,K44
2023-09-08 20:25:22,0007D10122,KP12c
2023-09-08 20:26:02,0006E24ECA,KP12c
2023-09-08 20:26:28,0007AC0145,KP12c
2023-09-08 20:27:07,0007ABC5F2,KP12c
2023-09-08 20:27:28,0007ABDCCF,KP12c
2023-09-08 20:27:52,000783A42D,KP12c
2023-09-08 20:28:02,0007AC3CC1,KP12c
2023-09-08 20:29:02,00079AAA3C,KP12c
2023-09-08 20:29:19,0007CE0A62,KP12c
2023-09-08 20:29:32,0007AC8BE4,KP12c
2023-09-08 20:30:44,0007CE054D,KP12c
2023-09-08 20:31:30,0007ABC809,KP12c
2023-09-09 03:07:46,0007D109B4,K44
2023-09-09 05:41:53,0007AC5939,KP12c
2023-09-09 05:47:30,00079AAA3C,KP12c
2023-09-09 05:49:37,0007D1088C,KP12c
2023-09-09 05:50:09,0007D104D3,K44
2023-09-09 05:56:55,0007D1088C,KP12c
2023-09-09 05:59:54,0007AC3CC1,KP12c
2023-09-09 06:03:04,0007CDB484,K44
2023-09-09 06:12:12,0007D1088C,KP12c
2023-09-09 20:09:47,0007D10CE1,K44
2023-09-09 20:10:35,0007D110B4,K44
2023-09-09 20:10:40,0007D109B4,K44
2023-09-09 20:14:05,0007ABF44A,K44
2023-09-09 20:15:50,0007D104DB,K44
2023-09-09 20:16:06,0007ACAC37,K44
2023-09-09 20:16:15,0007D1088C,KP12c
2023-09-09 20:17:37,0007ABDCCF,KP12c
2023-09-09 20:17:48,0007C1922C,K44
2023-09-09 20:17:55,0006E24ECA,KP12c
2023-09-09 20:18:34,00075D879F,K44
2023-09-09 20:18:56,0007CDB484,K44
2023-09-09 20:19:36,0007AC494F,K44
2023-09-09 20:20:00,0007D104D3,K44
2023-09-09 20:20:45,0007AC418B,K44
2023-09-09 20:21:31,0007AC8BE4,KP12c
2023-09-09 20:21:38,000783A42D,KP12c
2023-09-09 20:23:14,00079AAA3C,KP12c
2023-09-09 20:23:55,0007AC5939,KP12c
2023-09-09 20:26:30,0007ABC809,KP12c
2023-09-09 20:26:43,00075B29B2,KP12c
2023-09-10 05:58:26,0007C18C52,K44
2023-09-10 05:58:29,0007CDB484,K44
2023-09-10 05:58:41,0007C1922C,K44
2023-09-10 06:03:23,0007CE0131,K44
2023-09-10 06:10:19,0007AC8BE4,KP12c
2023-09-10 06:10:31,0007AC8BE4,KP12c
2023-09-10 06:10:48,00075D879F,K44
2023-09-10 06:12:28,0007D104D3,K44
2023-09-10 06:15:22,00071E2D31,K44
2023-09-10 06:27:29,0007D10CE1,K44
2023-09-10 19:58:59,0007D10CE1,K44
2023-09-10 20:01:41,0007D10CE1,K44
2023-09-10 20:07:39,0007D109B4,K44
2023-09-10 20:10:55,0007CE0F3D,K44
2023-09-10 20:12:02,0007C1922C,K44
2023-09-10 20:13:57,0007ABF44A,K44
2023-09-10 20:14:04,00075D879F,K44
2023-09-10 20:14:17,0007CDB484,K44
2023-09-10 20:14:27,0007C18C52,K44
2023-09-10 20:15:38,0007D104D3,K44
2023-09-10 20:16:38,0007AC494F,K44
2023-09-10 20:19:12,0007AC418B,K44
2023-09-11 05:46:02,0007AC9A80,K44
2023-09-11 05:55:03,0007AC418B,K44
2023-09-11 06:00:51,0007CDB484,K44
2023-09-11 06:01:15,0007D104D3,K44
2023-09-11 06:05:32,0007D109B4,K44
2023-09-11 06:22:08,0007CDB484,K44
2023-09-11 06:32:59,0007D110B4,K44
2023-09-11 19:53:50,0007D110B4,K44
2023-09-11 19:54:01,0007D110B4,K44
2023-09-11 19:56:45,0007D10CE1,K44
2023-09-11 20:05:02,00075B22B0,K44
2023-09-11 20:06:07,0007D104D3,K44
2023-09-11 20:06:22,0007C1922C,K44
2023-09-11 20:07:14,0007C18C52,K44
2023-09-11 20:11:25,0007ABF44A,K44
2023-09-11 20:12:05,0007AC418B,K44
2023-09-12 06:00:57,0007AC418B,K44
2023-09-12 06:01:36,0007D10CE1,K44
2023-09-12 06:02:57,00071E2D31,K44
2023-09-12 06:06:14,0007D10CE1,K44
2023-09-12 06:22:42,00071E2D31,K44
2023-09-12 06:24:53,0007CDB484,K44
2023-09-12 06:28:22,0007C18B80,K44
2023-09-12 20:04:54,0007D110B4,K44
2023-09-12 20:05:28,0007D10CE1,K44
2023-09-12 20:10:00,0007D104DB,K44
2023-09-12 20:10:45,0007C1922C,K44
2023-09-12 20:16:36,0007AC418B,K44
2023-09-13 06:08:12,0007D110B4,K44
2023-09-13 06:16:59,0007D109B4,K44
2023-09-13 06:21:10,0007D10CE1,K44
2023-09-13 06:21:24,0007D110B4,K44
2023-09-13 06:34:08,0007C1922C,K44
