#;Transponder Type:;Transponder Code:;Date:;Time:;Event:;Unit #:;Antenna #:;Memo:;Custom:;
0;Trovan Unique;"000770D8F5";23.08.2017;16:50:37;;-;-;;
1;Trovan Unique;"000770D8F5";23.08.2017;16:50:38;;-;-;;
2;Trovan Unique;"000770D8F5";23.08.2017;16:50:39;;-;-;;
3;Trovan Unique;"000770D8F5";23.08.2017;16:50:40;;-;-;;
4;Trovan Unique;"000770D8F5";23.08.2017;16:50:41;;-;-;;
5;Trovan Unique;"000770D8F5";23.08.2017;16:50:42;;-;-;;
6;Trovan Unique;"000770D8F5";23.08.2017;16:50:43;;-;-;;
7;Trovan Unique;"000770D8F5";23.08.2017;16:50:44;;-;-;;
8;Trovan Unique;"000770D8F5";23.08.2017;16:50:45;;-;-;;
9;Trovan Unique;"000770D8F5";23.08.2017;16:50:46;;-;-;;
10;Trovan Unique;"000770D8F5";23.08.2017;16:50:47;;-;-;;
11;Trovan Unique;"000770D8F5";23.08.2017;16:50:48;;-;-;;
12;Trovan Unique;"000770D8F5";23.08.2017;16:50:49;;-;-;;
13;Trovan Unique;"000770D8F5";23.08.2017;16:50:50;;-;-;;
14;Trovan Unique;"000770D8F5";23.08.2017;16:50:51;;-;-;;
15;Trovan Unique;"000770D8F5";23.08.2017;16:50:52;;-;-;;
16;Trovan Unique;"000770D8F5";23.08.2017;16:50:53;;-;-;;
17;Trovan Unique;"000770D8F5";23.08.2017;16:50:54;;-;-;;
18;Trovan Unique;"000770D8F5";23.08.2017;16:50:55;;-;-;;
19;Trovan Unique;"000770D8F5";23.08.2017;16:50:56;;-;-;;
20;Trovan Unique;"000770D8F5";23.08.2017;16:50:57;;-;-;;
21;Trovan Unique;"000770D8F5";23.08.2017;16:50:58;;-;-;;
22;Trovan Unique;"000770D8F5";23.08.2017;16:50:59;;-;-;;
23;Trovan Unique;"000770D8F5";23.08.2017;16:51:00;;-;-;;
24;Trovan Unique;"000770D8F5";23.08.2017;16:51:01;;-;-;;
25;Trovan Unique;"000770D8F5";23.08.2017;16:51:02;;-;-;;
26;Trovan Unique;"000770D8F5";23.08.2017;16:51:03;;-;-;;
27;Trovan Unique;"000770D8F5";23.08.2017;16:51:04;;-;-;;
28;Trovan Unique;"000770D8F5";23.08.2017;16:51:05;;-;-;;
29;Trovan Unique;"000770D8F5";23.08.2017;16:51:06;;-;-;;
30;Trovan Unique;"000770D8F5";23.08.2017;16:51:07;;-;-;;
31;Trovan Unique;"000770D8F5";23.08.2017;16:51:08;;-;-;;
32;Trovan Unique;"000770D8F5";23.08.2017;16:51:09;;-;-;;
33;Trovan Unique;"000770D8F5";23.08.2017;16:51:10;;-;-;;
34;Trovan Unique;"000770D8F5";23.08.2017;16:51:11;;-;-;;
35;Trovan Unique;"000770D8F5";23.08.2017;16:51:12;;-;-;;
36;Trovan Unique;"000770D8F5";23.08.2017;16:51:13;;-;-;;
37;Trovan Unique;"000770D8F5";23.08.2017;16:51:14;;-;-;;
38;Trovan Unique;"000770D8F5";23.08.2017;16:51:15;;-;-;;
39;Trovan Unique;"000770D8F5";23.08.2017;16:51:16;;-;-;;
40;Trovan Unique;"000770D8F5";23.08.2017;16:51:17;;-;-;;
41;Trovan Unique;"000770D8F5";23.08.2017;16:51:18;;-;-;;
42;Trovan Unique;"000770D8F5";23.08.2017;16:51:19;;-;-;;
43;Trovan Unique;"000770D8F5";23.08.2017;16:51:20;;-;-;;
44;Trovan Unique;"000770D8F5";23.08.2017;16:51:21;;-;-;;
45;Trovan Unique;"000770D8F5";23.08.2017;16:51:22;;-;-;;
46;Trovan Unique;"000770D8F5";23.08.2017;16:51:23;;-;-;;
47;Trovan Unique;"000770D8F5";23.08.2017;16:51:24;;-;-;;
48;Trovan Unique;"000770D8F5";23.08.2017;16:51:25;;-;-;;
49;Trovan Unique;"000770D8F5";23.08.2017;16:51:26;;-;-;;
50;Trovan Unique;"000770D8F5";23.08.2017;16:51:27;;-;-;;
51;Trovan Unique;"000770D8F5";23.08.2017;16:51:28;;-;-;;
52;Trovan Unique;"000770D8F5";23.08.2017;16:51:29;;-;-;;
53;Trovan Unique;"000770D8F5";23.08.2017;16:51:30;;-;-;;
54;Trovan Unique;"000770D8F5";23.08.2017;16:51:31;;-;-;;
55;Trovan Unique;"000770D8F5";23.08.2017;16:51:32;;-;-;;
56;Trovan Unique;"000770D8F5";23.08.2017;16:51:33;;-;-;;
57;Trovan Unique;"000770D8F5";23.08.2017;16:51:34;;-;-;;
58;Trovan Unique;"000770D8F5";23.08.2017;16:51:35;;-;-;;
59;Trovan Unique;"000770D8F5";23.08.2017;16:51:36;;-;-;;
60;Trovan Unique;"000770D8F5";23.08.2017;16:51:37;;-;-;;
61;Trovan Unique;"000770D8F5";23.08.2017;16:51:38;;-;-;;
62;Trovan Unique;"000770D8F5";23.08.2017;16:51:39;;-;-;;
63;Trovan Unique;"000770D8F5";23.08.2017;16:51:40;;-;-;;
64;Trovan Unique;"000770D8F5";23.08.2017;16:51:41;;-;-;;
65;Trovan Unique;"000770D8F5";23.08.2017;16:51:42;;-;-;;
66;Trovan Unique;"000770D8F5";23.08.2017;16:51:43;;-;-;;
67;Trovan Unique;"000770D8F5";23.08.2017;16:51:44;;-;-;;
68;Trovan Unique;"000770D8F5";23.08.2017;16:51:45;;-;-;;
69;Trovan Unique;"000770D8F5";23.08.2017;16:51:46;;-;-;;
70;Trovan Unique;"000770D8F5";23.08.2017;16:51:47;;-;-;;
71;Trovan Unique;"000770D8F5";23.08.2017;16:51:48;;-;-;;
72;Trovan Unique;"000770D8F5";23.08.2017;16:51:49;;-;-;;
73;Trovan Unique;"000770D8F5";23.08.2017;16:51:50;;-;-;;
74;Trovan Unique;"000770D8F5";23.08.2017;16:51:51;;-;-;;
75;Trovan Unique;"000770D8F5";23.08.2017;16:51:52;;-;-;;
76;Trovan Unique;"000770D8F5";23.08.2017;16:51:53;;-;-;;
77;Trovan Unique;"000770D8F5";23.08.2017;16:51:54;;-;-;;
78;Trovan Unique;"000770D8F5";23.08.2017;16:51:55;;-;-;;
79;Trovan Unique;"000770D8F5";23.08.2017;16:51:56;;-;-;;
80;Trovan Unique;"000770D8F5";23.08.2017;16:51:57;;-;-;;
81;Trovan Unique;"000770D8F5";23.08.2017;16:51:58;;-;-;;
82;Trovan Unique;"000770D8F5";23.08.2017;16:51:59;;-;-;;
83;Trovan Unique;"000770D8F5";23.08.2017;16:52:00;;-;-;;
84;Trovan Unique;"000770D8F5";23.08.2017;16:52:01;;-;-;;
85;Trovan Unique;"000770D8F5";23.08.2017;16:52:02;;-;-;;
86;Trovan Unique;"000770D8F5";23.08.2017;16:52:03;;-;-;;
87;Trovan Unique;"000770D8F5";23.08.2017;16:52:04;;-;-;;
88;Trovan Unique;"000770D8F5";23.08.2017;16:52:05;;-;-;;
89;Trovan Unique;"000770D8F5";23.08.2017;16:52:06;;-;-;;
90;Trovan Unique;"000770D8F5";23.08.2017;16:52:07;;-;-;;
91;Trovan Unique;"000770D8F5";23.08.2017;16:52:08;;-;-;;
92;Trovan Unique;"000770D8F5";23.08.2017;16:52:09;;-;-;;
93;Trovan Unique;"000770D8F5";23.08.2017;16:52:10;;-;-;;
94;Trovan Unique;"000770D8F5";23.08.2017;16:52:11;;-;-;;
95;Trovan Unique;"000770D8F5";23.08.2017;16:52:12;;-;-;;
96;Trovan Unique;"000770D8F5";23.08.2017;16:52:13;;-;-;;
97;Trovan Unique;"000770D8F5";23.08.2017;16:52:14;;-;-;;
98;Trovan Unique;"000770D8F5";23.08.2017;16:52:15;;-;-;;
99;Trovan Unique;"000770D8F5";23.08.2017;16:52:16;;-;-;;
100;Trovan Unique;"000770D8F5";23.08.2017;16:52:17;;-;-;;
101;Trovan Unique;"000770D8F5";23.08.2017;16:52:18;;-;-;;
102;Trovan Unique;"000770D8F5";23.08.2017;16:52:19;;-;-;;
103;Trovan Unique;"000770D8F5";23.08.2017;16:52:20;;-;-;;
104;Trovan Unique;"000770D8F5";23.08.2017;16:52:21;;-;-;;
105;Trovan Unique;"000770D8F5";23.08.2017;16:52:22;;-;-;;
106;Trovan Unique;"000770D8F5";23.08.2017;16:52:23;;-;-;;
107;Trovan Unique;"000770D8F5";23.08.2017;16:52:24;;-;-;;
108;Trovan Unique;"000770D8F5";23.08.2017;16:52:25;;-;-;;
109;Trovan Unique;"000770D8F5";23.08.2017;16:52:26;;-;-;;
110;Trovan Unique;"000770D8F5";23.08.2017;16:52:27;;-;-;;
111;Trovan Unique;"000770D8F5";23.08.2017;16:52:28;;-;-;;
112;Trovan Unique;"000770D8F5";23.08.2017;16:52:29;;-;-;;
113;Trovan Unique;"000770D8F5";23.08.2017;16:52:30;;-;-;;
114;Trovan Unique;"000770D8F5";23.08.2017;16:52:31;;-;-;;
115;Trovan Unique;"000770D8F5";23.08.2017;16:52:32;;-;-;;
116;Trovan Unique;"000770D8F5";23.08.2017;16:52:33;;-;-;;
117;Trovan Unique;"000770D8F5";23.08.2017;16:52:34;;-;-;;
118;Trovan Unique;"000770D8F5";23.08.2017;16:52:35;;-;-;;
119;Trovan Unique;"000770D8F5";23.08.2017;16:52:36;;-;-;;
120;Trovan Unique;"000770D8F5";23.08.2017;16:52:37;;-;-;;
121;Trovan Unique;"000770D8F5";23.08.2017;16:52:38;;-;-;;
122;Trovan Unique;"000770D8F5";23.08.2017;16:52:39;;-;-;;
123;Trovan Unique;"000770D8F5";23.08.2017;16:52:40;;-;-;;
124;Trovan Unique;"000770D8F5";23.08.2017;16:52:41;;-;-;;
125;Trovan Unique;"000770D8F5";23.08.2017;16:52:42;;-;-;;
126;Trovan Unique;"000770D8F5";23.08.2017;16:52:43;;-;-;;
127;Trovan Unique;"000770D8F5";23.08.2017;16:52:44;;-;-;;
128;Trovan Unique;"000770D8F5";23.08.2017;16:52:45;;-;-;;
129;Trovan Unique;"000770D8F5";23.08.2017;16:52:46;;-;-;;
130;Trovan Unique;"000770D8F5";23.08.2017;16:52:47;;-;-;;
131;Trovan Unique;"000770D8F5";23.08.2017;16:52:48;;-;-;;
132;Trovan Unique;"000770D8F5";23.08.2017;16:52:49;;-;-;;
133;Trovan Unique;"000770D8F5";23.08.2017;16:52:50;;-;-;;
134;Trovan Unique;"000770D8F5";23.08.2017;16:52:51;;-;-;;
135;Trovan Unique;"000770D8F5";23.08.2017;16:52:52;;-;-;;
136;Trovan Unique;"000770D8F5";23.08.2017;16:52:53;;-;-;;
137;Trovan Unique;"000770D8F5";23.08.2017;16:52:54;;-;-;;
138;Trovan Unique;"000770D8F5";23.08.2017;16:52:55;;-;-;;
139;Trovan Unique;"000770D8F5";23.08.2017;16:52:56;;-;-;;
140;Trovan Unique;"000770D8F5";23.08.2017;16:52:57;;-;-;;
141;Trovan Unique;"000770D8F5";23.08.2017;16:52:58;;-;-;;
142;Trovan Unique;"000770D8F5";23.08.2017;16:52:59;;-;-;;
143;Trovan Unique;"000770D8F5";23.08.2017;16:53:00;;-;-;;
144;Trovan Unique;"000770D8F5";23.08.2017;16:53:01;;-;-;;
145;Trovan Unique;"000770D8F5";23.08.2017;16:53:02;;-;-;;
146;Trovan Unique;"000770D8F5";23.08.2017;16:53:03;;-;-;;
147;Trovan Unique;"000770D8F5";23.08.2017;16:53:04;;-;-;;
148;Trovan Unique;"000770D8F5";23.08.2017;16:53:05;;-;-;;
149;Trovan Unique;"000770D8F5";23.08.2017;16:53:06;;-;-;;
150;Trovan Unique;"000770D8F5";23.08.2017;16:53:07;;-;-;;
151;Trovan Unique;"000770D8F5";23.08.2017;16:53:08;;-;-;;
152;Trovan Unique;"000770D8F5";23.08.2017;16:53:09;;-;-;;
153;Trovan Unique;"000770D8F5";23.08.2017;16:53:10;;-;-;;
154;Trovan Unique;"000770D8F5";23.08.2017;16:53:11;;-;-;;
155;Trovan Unique;"000770D8F5";23.08.2017;16:53:12;;-;-;;
156;Trovan Unique;"000770D8F5";23.08.2017;16:53:13;;-;-;;
157;Trovan Unique;"000770D8F5";23.08.2017;16:53:14;;-;-;;
158;Trovan Unique;"000770D8F5";23.08.2017;16:53:15;;-;-;;
159;Trovan Unique;"000770D8F5";23.08.2017;16:53:16;;-;-;;
160;Trovan Unique;"000770D8F5";23.08.2017;16:53:17;;-;-;;
161;Trovan Unique;"000770D8F5";23.08.2017;16:53:18;;-;-;;
162;Trovan Unique;"000770D8F5";23.08.2017;16:53:19;;-;-;;
163;Trovan Unique;"000770D8F5";23.08.2017;16:53:20;;-;-;;
164;Trovan Unique;"000770D8F5";23.08.2017;16:53:21;;-;-;;
165;Trovan Unique;"000770D8F5";23.08.2017;16:53:22;;-;-;;
166;Trovan Unique;"000770D8F5";23.08.2017;16:53:23;;-;-;;
167;Trovan Unique;"000770D8F5";23.08.2017;16:53:24;;-;-;;
168;Trovan Unique;"000770D8F5";23.08.2017;16:53:25;;-;-;;
169;Trovan Unique;"000770D8F5";23.08.2017;16:53:26;;-;-;;
170;Trovan Unique;"000770D8F5";23.08.2017;16:53:27;;-;-;;
171;Trovan Unique;"000770D8F5";23.08.2017;16:53:28;;-;-;;
172;Trovan Unique;"000770D8F5";23.08.2017;16:53:29;;-;-;;
173;Trovan Unique;"000770D8F5";23.08.2017;16:53:30;;-;-;;
174;Trovan Unique;"000770D8F5";23.08.2017;16:53:31;;-;-;;
175;Trovan Unique;"000770D8F5";23.08.2017;16:53:32;;-;-;;
176;Trovan Unique;"000770D8F5";23.08.2017;16:53:33;;-;-;;
177;Trovan Unique;"000770D8F5";23.08.2017;16:53:34;;-;-;;
178;Trovan Unique;"000770D8F5";23.08.2017;16:53:35;;-;-;;
179;Trovan Unique;"000770D8F5";23.08.2017;16:53:36;;-;-;;
180;Trovan Unique;"000770D8F5";23.08.2017;16:53:37;;-;-;;
181;Trovan Unique;"000770D8F5";23.08.2017;16:53:38;;-;-;;
182;Trovan Unique;"000770D8F5";23.08.2017;16:53:39;;-;-;;
183;Trovan Unique;"000770D8F5";23.08.2017;16:53:40;;-;-;;
184;Trovan Unique;"000770D8F5";23.08.2017;16:53:41;;-;-;;
185;Trovan Unique;"000770D8F5";23.08.2017;16:53:42;;-;-;;
186;Trovan Unique;"000770D8F5";23.08.2017;16:53:43;;-;-;;
187;Trovan Unique;"000770D8F5";23.08.2017;16:53:44;;-;-;;
188;Trovan Unique;"000770D8F5";23.08.2017;16:53:45;;-;-;;
189;Trovan Unique;"000770D8F5";23.08.2017;16:53:46;;-;-;;
190;Trovan Unique;"000770D8F5";23.08.2017;16:53:47;;-;-;;
191;Trovan Unique;"000770D8F5";23.08.2017;16:53:48;;-;-;;
192;Trovan Unique;"000770D8F5";23.08.2017;16:53:49;;-;-;;
193;Trovan Unique;"000770D8F5";23.08.2017;16:53:50;;-;-;;
194;Trovan Unique;"000770D8F5";23.08.2017;16:53:51;;-;-;;
195;Trovan Unique;"000770D8F5";23.08.2017;16:53:52;;-;-;;
196;Trovan Unique;"000770D8F5";23.08.2017;16:53:53;;-;-;;
197;Trovan Unique;"000770D8F5";23.08.2017;16:53:54;;-;-;;
198;Trovan Unique;"000770D8F5";23.08.2017;16:53:55;;-;-;;
199;Trovan Unique;"000770D8F5";23.08.2017;16:53:56;;-;-;;
200;Trovan Unique;"000770D8F5";23.08.2017;16:53:57;;-;-;;
201;Trovan Unique;"000770D8F5";23.08.2017;16:53:58;;-;-;;
202;Trovan Unique;"000770D8F5";23.08.2017;16:53:59;;-;-;;
203;Trovan Unique;"000770D8F5";23.08.2017;16:54:00;;-;-;;
204;Trovan Unique;"000770D8F5";23.08.2017;16:54:01;;-;-;;
205;Trovan Unique;"000770D8F5";23.08.2017;16:54:02;;-;-;;
206;Trovan Unique;"000770D8F5";23.08.2017;16:54:03;;-;-;;
207;Trovan Unique;"000770D8F5";23.08.2017;16:54:04;;-;-;;
208;Trovan Unique;"000770D8F5";23.08.2017;16:54:05;;-;-;;
209;Trovan Unique;"000770D8F5";23.08.2017;16:54:06;;-;-;;
210;Trovan Unique;"000770D8F5";23.08.2017;16:54:07;;-;-;;
211;Trovan Unique;"000770D8F5";23.08.2017;16:54:08;;-;-;;
212;Trovan Unique;"000770D8F5";23.08.2017;16:54:09;;-;-;;
213;Trovan Unique;"000770D8F5";23.08.2017;16:54:10;;-;-;;
214;Trovan Unique;"000770D8F5";23.08.2017;16:54:11;;-;-;;
215;Trovan Unique;"000770D8F5";23.08.2017;16:54:12;;-;-;;
216;Trovan Unique;"000770D8F5";23.08.2017;16:54:13;;-;-;;
217;Trovan Unique;"000770D8F5";23.08.2017;16:54:14;;-;-;;
218;Trovan Unique;"000770D8F5";23.08.2017;16:54:15;;-;-;;
219;Trovan Unique;"000770D8F5";23.08.2017;16:54:16;;-;-;;
220;Trovan Unique;"000770D8F5";23.08.2017;16:54:17;;-;-;;
221;Trovan Unique;"000770D8F5";23.08.2017;16:54:18;;-;-;;
222;Trovan Unique;"000770D8F5";23.08.2017;16:54:19;;-;-;;
223;Trovan Unique;"000770D8F5";23.08.2017;16:54:20;;-;-;;
224;Trovan Unique;"000770D8F5";23.08.2017;16:54:21;;-;-;;
225;Trovan Unique;"000770D8F5";23.08.2017;16:54:22;;-;-;;
226;Trovan Unique;"000770D8F5";23.08.2017;16:54:23;;-;-;;
227;Trovan Unique;"000770D8F5";23.08.2017;16:54:24;;-;-;;
228;Trovan Unique;"000770D8F5";23.08.2017;16:54:25;;-;-;;
229;Trovan Unique;"000770D8F5";23.08.2017;16:54:26;;-;-;;
230;Trovan Unique;"000770D8F5";23.08.2017;16:54:27;;-;-;;
231;Trovan Unique;"000770D8F5";23.08.2017;16:54:28;;-;-;;
232;Trovan Unique;"000770D8F5";23.08.2017;16:54:29;;-;-;;
233;Trovan Unique;"000770D8F5";23.08.2017;16:54:30;;-;-;;
234;Trovan Unique;"000770D8F5";23.08.2017;16:54:31;;-;-;;
235;Trovan Unique;"000770D8F5";23.08.2017;16:54:32;;-;-;;
236;Trovan Unique;"000770D8F5";23.08.2017;16:54:33;;-;-;;
237;Trovan Unique;"000770D8F5";23.08.2017;16:54:34;;-;-;;
238;Trovan Unique;"000770D8F5";23.08.2017;16:54:35;;-;-;;
239;Trovan Unique;"000770D8F5";23.08.2017;16:54:36;;-;-;;
240;Trovan Unique;"000770D8F5";23.08.2017;16:54:37;;-;-;;
241;Trovan Unique;"000770D8F5";23.08.2017;16:54:38;;-;-;;
242;Trovan Unique;"000770D8F5";23.08.2017;16:54:39;;-;-;;
243;Trovan Unique;"000770D8F5";23.08.2017;16:54:40;;-;-;;
244;Trovan Unique;"000770D8F5";23.08.2017;16:54:41;;-;-;;
245;Trovan Unique;"000770D8F5";23.08.2017;16:54:42;;-;-;;
246;Trovan Unique;"000770D8F5";23.08.2017;16:54:43;;-;-;;
247;Trovan Unique;"000770D8F5";23.08.2017;16:54:44;;-;-;;
248;Trovan Unique;"000770D8F5";23.08.2017;16:54:45;;-;-;;
249;Trovan Unique;"000770D8F5";23.08.2017;16:54:46;;-;-;;
250;Trovan Unique;"000770D8F5";23.08.2017;16:54:47;;-;-;;
251;Trovan Unique;"000770D8F5";23.08.2017;16:54:48;;-;-;;
252;Trovan Unique;"000770D8F5";23.08.2017;16:54:49;;-;-;;
253;Trovan Unique;"000770D8F5";23.08.2017;16:54:50;;-;-;;
254;Trovan Unique;"000770D8F5";23.08.2017;16:54:51;;-;-;;
255;Trovan Unique;"000770D8F5";23.08.2017;16:54:52;;-;-;;
256;Trovan Unique;"000770D8F5";23.08.2017;16:54:53;;-;-;;
257;Trovan Unique;"000770D8F5";23.08.2017;16:54:54;;-;-;;
258;Trovan Unique;"000770D8F5";23.08.2017;16:54:55;;-;-;;
259;Trovan Unique;"000770D8F5";23.08.2017;16:54:56;;-;-;;
260;Trovan Unique;"000770D8F5";23.08.2017;16:54:57;;-;-;;
261;Trovan Unique;"000770D8F5";23.08.2017;16:54:58;;-;-;;
262;Trovan Unique;"000770D8F5";23.08.2017;16:54:59;;-;-;;
263;Trovan Unique;"000770D8F5";23.08.2017;16:55:00;;-;-;;
264;Trovan Unique;"000770D8F5";23.08.2017;16:55:01;;-;-;;
265;Trovan Unique;"000770D8F5";23.08.2017;16:55:02;;-;-;;
266;Trovan Unique;"000770D8F5";23.08.2017;16:55:03;;-;-;;
267;Trovan Unique;"000770D8F5";23.08.2017;16:55:04;;-;-;;
268;Trovan Unique;"000770D8F5";23.08.2017;16:55:05;;-;-;;
269;Trovan Unique;"000770D8F5";23.08.2017;16:55:06;;-;-;;
270;Trovan Unique;"000770D8F5";23.08.2017;16:55:07;;-;-;;
271;Trovan Unique;"000770D8F5";23.08.2017;16:55:08;;-;-;;
272;Trovan Unique;"000770D8F5";23.08.2017;16:55:09;;-;-;;
273;Trovan Unique;"000770D8F5";23.08.2017;16:55:10;;-;-;;
274;Trovan Unique;"000770D8F5";23.08.2017;16:55:11;;-;-;;
275;Trovan Unique;"000770D8F5";23.08.2017;16:55:12;;-;-;;
276;Trovan Unique;"000770D8F5";23.08.2017;16:55:13;;-;-;;
277;Trovan Unique;"000770D8F5";23.08.2017;16:55:14;;-;-;;
278;Trovan Unique;"000770D8F5";23.08.2017;16:55:15;;-;-;;
279;Trovan Unique;"000770D8F5";23.08.2017;16:55:16;;-;-;;
280;Trovan Unique;"000770D8F5";23.08.2017;16:55:17;;-;-;;
281;Trovan Unique;"000770D8F5";23.08.2017;16:55:18;;-;-;;
282;Trovan Unique;"000770D8F5";23.08.2017;16:55:19;;-;-;;
283;Trovan Unique;"000770D8F5";23.08.2017;16:55:20;;-;-;;
284;Trovan Unique;"000770D8F5";23.08.2017;16:55:21;;-;-;;
285;Trovan Unique;"000770D8F5";23.08.2017;16:55:22;;-;-;;
286;Trovan Unique;"000770D8F5";23.08.2017;16:55:23;;-;-;;
287;Trovan Unique;"000770D8F5";23.08.2017;16:55:24;;-;-;;
288;Trovan Unique;"000770D8F5";23.08.2017;16:55:25;;-;-;;
289;Trovan Unique;"000770D8F5";23.08.2017;16:55:26;;-;-;;
290;Trovan Unique;"000770D8F5";23.08.2017;16:55:27;;-;-;;
291;Trovan Unique;"000770D8F5";23.08.2017;16:55:28;;-;-;;
292;Trovan Unique;"000770D8F5";23.08.2017;16:55:29;;-;-;;
293;Trovan Unique;"000770D8F5";23.08.2017;16:55:30;;-;-;;
294;Trovan Unique;"000770D8F5";23.08.2017;16:55:31;;-;-;;
295;Trovan Unique;"000770D8F5";23.08.2017;16:55:32;;-;-;;
296;Trovan Unique;"000770D8F5";23.08.2017;16:55:33;;-;-;;
297;Trovan Unique;"000770D8F5";23.08.2017;16:55:34;;-;-;;
298;Trovan Unique;"000770D8F5";23.08.2017;16:55:35;;-;-;;
299;Trovan Unique;"000770D8F5";23.08.2017;16:55:36;;-;-;;
300;Trovan Unique;"000770D8F5";23.08.2017;16:55:37;;-;-;;
301;Trovan Unique;"000770D8F5";23.08.2017;16:55:38;;-;-;;
302;Trovan Unique;"000770D8F5";23.08.2017;16:55:39;;-;-;;
303;Trovan Unique;"000770D8F5";23.08.2017;16:55:40;;-;-;;
304;Trovan Unique;"000770D8F5";23.08.2017;16:55:41;;-;-;;
305;Trovan Unique;"000770D8F5";23.08.2017;16:55:42;;-;-;;
306;Trovan Unique;"000770D8F5";23.08.2017;16:55:43;;-;-;;
307;Trovan Unique;"000770D8F5";23.08.2017;16:55:44;;-;-;;
308;Trovan Unique;"000770D8F5";23.08.2017;16:55:45;;-;-;;
309;Trovan Unique;"000770D8F5";23.08.2017;16:55:46;;-;-;;
310;Trovan Unique;"000770D8F5";23.08.2017;16:55:47;;-;-;;
311;Trovan Unique;"000770D8F5";23.08.2017;16:55:48;;-;-;;
312;Trovan Unique;"000770D8F5";23.08.2017;16:55:49;;-;-;;
313;Trovan Unique;"000770D8F5";23.08.2017;16:55:50;;-;-;;
314;Trovan Unique;"000770D8F5";23.08.2017;16:55:51;;-;-;;
315;Trovan Unique;"000770D8F5";23.08.2017;16:55:52;;-;-;;
316;Trovan Unique;"000770D8F5";23.08.2017;16:55:53;;-;-;;
317;Trovan Unique;"000770D8F5";23.08.2017;16:55:54;;-;-;;
318;Trovan Unique;"000770D8F5";23.08.2017;16:55:55;;-;-;;
319;Trovan Unique;"000770D8F5";23.08.2017;16:55:56;;-;-;;
320;Trovan Unique;"000770D8F5";23.08.2017;16:55:57;;-;-;;
321;Trovan Unique;"000770D8F5";23.08.2017;16:55:58;;-;-;;
322;Trovan Unique;"000770D8F5";23.08.2017;16:55:59;;-;-;;
323;Trovan Unique;"000770D8F5";23.08.2017;16:56:00;;-;-;;
324;Trovan Unique;"000770D8F5";23.08.2017;16:56:01;;-;-;;
325;Trovan Unique;"000770D8F5";23.08.2017;16:56:02;;-;-;;
326;Trovan Unique;"000770D8F5";23.08.2017;16:56:03;;-;-;;
327;Trovan Unique;"000770D8F5";23.08.2017;16:56:04;;-;-;;
328;Trovan Unique;"000770D8F5";23.08.2017;16:56:05;;-;-;;
329;Trovan Unique;"000770D8F5";23.08.2017;16:56:06;;-;-;;
330;Trovan Unique;"000770D8F5";23.08.2017;16:56:07;;-;-;;
331;Trovan Unique;"000770D8F5";23.08.2017;16:56:08;;-;-;;
332;Trovan Unique;"000770D8F5";23.08.2017;16:56:09;;-;-;;
333;Trovan Unique;"000770D8F5";23.08.2017;16:56:10;;-;-;;
334;Trovan Unique;"000770D8F5";23.08.2017;16:56:11;;-;-;;
335;Trovan Unique;"000770D8F5";23.08.2017;16:56:12;;-;-;;
336;Trovan Unique;"000770D8F5";23.08.2017;16:56:13;;-;-;;
337;Trovan Unique;"000770D8F5";23.08.2017;16:56:14;;-;-;;
338;Trovan Unique;"000770D8F5";23.08.2017;16:56:15;;-;-;;
339;Trovan Unique;"000770D8F5";23.08.2017;16:56:16;;-;-;;
340;Trovan Unique;"000770D8F5";23.08.2017;16:56:17;;-;-;;
341;Trovan Unique;"000770D8F5";23.08.2017;16:56:18;;-;-;;
342;Trovan Unique;"000770D8F5";23.08.2017;16:56:19;;-;-;;
343;Trovan Unique;"000770D8F5";23.08.2017;16:56:20;;-;-;;
344;Trovan Unique;"000770D8F5";23.08.2017;16:56:21;;-;-;;
345;Trovan Unique;"000770D8F5";23.08.2017;16:56:22;;-;-;;
346;Trovan Unique;"000770D8F5";23.08.2017;16:56:23;;-;-;;
347;Trovan Unique;"000770D8F5";23.08.2017;16:56:24;;-;-;;
348;Trovan Unique;"000770D8F5";23.08.2017;16:56:25;;-;-;;
349;Trovan Unique;"000770D8F5";23.08.2017;16:56:26;;-;-;;
350;Trovan Unique;"000770D8F5";23.08.2017;16:56:27;;-;-;;
351;Trovan Unique;"000770D8F5";23.08.2017;16:56:28;;-;-;;
352;Trovan Unique;"000770D8F5";23.08.2017;16:56:29;;-;-;;
353;Trovan Unique;"000770D8F5";23.08.2017;16:56:30;;-;-;;
354;Trovan Unique;"000770D8F5";23.08.2017;16:56:31;;-;-;;
355;Trovan Unique;"000770D8F5";23.08.2017;16:56:32;;-;-;;
356;Trovan Unique;"000770D8F5";23.08.2017;16:56:33;;-;-;;
357;Trovan Unique;"000770D8F5";23.08.2017;16:56:34;;-;-;;
358;Trovan Unique;"000770D8F5";23.08.2017;16:56:35;;-;-;;
359;Trovan Unique;"000770D8F5";23.08.2017;16:56:36;;-;-;;
360;Trovan Unique;"000770D8F5";23.08.2017;16:56:37;;-;-;;
361;Trovan Unique;"000770D8F5";23.08.2017;16:56:38;;-;-;;
362;Trovan Unique;"000770D8F5";23.08.2017;16:56:39;;-;-;;
363;Trovan Unique;"000770D8F5";23.08.2017;16:56:40;;-;-;;
364;Trovan Unique;"000770D8F5";23.08.2017;16:56:41;;-;-;;
365;Trovan Unique;"000770D8F5";23.08.2017;16:56:42;;-;-;;
366;Trovan Unique;"000770D8F5";23.08.2017;16:56:43;;-;-;;
367;Trovan Unique;"000770D8F5";23.08.2017;16:56:44;;-;-;;
368;Trovan Unique;"000770D8F5";23.08.2017;16:56:45;;-;-;;
369;Trovan Unique;"000770D8F5";23.08.2017;16:56:46;;-;-;;
370;Trovan Unique;"000770D8F5";23.08.2017;16:56:47;;-;-;;
371;Trovan Unique;"000770D8F5";23.08.2017;16:56:48;;-;-;;
372;Trovan Unique;"000770D8F5";23.08.2017;16:56:49;;-;-;;
373;Trovan Unique;"000770D8F5";23.08.2017;16:56:50;;-;-;;
374;Trovan Unique;"000770D8F5";23.08.2017;16:56:51;;-;-;;
375;Trovan Unique;"000770D8F5";23.08.2017;16:56:52;;-;-;;
376;Trovan Unique;"000770D8F5";23.08.2017;16:56:53;;-;-;;
377;Trovan Unique;"000770D8F5";23.08.2017;16:56:54;;-;-;;
378;Trovan Unique;"000770D8F5";23.08.2017;16:56:55;;-;-;;
379;Trovan Unique;"000770D8F5";23.08.2017;16:56:56;;-;-;;
380;Trovan Unique;"000770D8F5";23.08.2017;16:56:57;;-;-;;
381;Trovan Unique;"000770D8F5";23.08.2017;16:56:58;;-;-;;
382;Trovan Unique;"000770D8F5";23.08.2017;16:56:59;;-;-;;
383;Trovan Unique;"000770D8F5";23.08.2017;16:57:00;;-;-;;
384;Trovan Unique;"000770D8F5";23.08.2017;16:57:01;;-;-;;
385;Trovan Unique;"000770D8F5";23.08.2017;16:57:02;;-;-;;
386;Trovan Unique;"000770D8F5";23.08.2017;16:57:03;;-;-;;
387;Trovan Unique;"000770D8F5";23.08.2017;16:57:04;;-;-;;
388;Trovan Unique;"000770D8F5";23.08.2017;16:57:05;;-;-;;
389;Trovan Unique;"000770D8F5";23.08.2017;16:57:06;;-;-;;
390;Trovan Unique;"000770D8F5";23.08.2017;16:57:07;;-;-;;
391;Trovan Unique;"000770D8F5";23.08.2017;16:57:08;;-;-;;
392;Trovan Unique;"000770D8F5";23.08.2017;16:57:09;;-;-;;
393;Trovan Unique;"000770D8F5";23.08.2017;16:57:10;;-;-;;
394;Trovan Unique;"000770D8F5";23.08.2017;16:57:11;;-;-;;
395;Trovan Unique;"000770D8F5";23.08.2017;16:57:12;;-;-;;
396;Trovan Unique;"000770D8F5";23.08.2017;16:57:13;;-;-;;
397;Trovan Unique;"000770D8F5";23.08.2017;16:57:14;;-;-;;
398;Trovan Unique;"000770D8F5";23.08.2017;16:57:15;;-;-;;
399;Trovan Unique;"000770D8F5";23.08.2017;16:57:16;;-;-;;
400;Trovan Unique;"000770D8F5";23.08.2017;16:57:17;;-;-;;
401;Trovan Unique;"000770D8F5";23.08.2017;16:57:18;;-;-;;
402;Trovan Unique;"000770D8F5";23.08.2017;16:57:19;;-;-;;
403;Trovan Unique;"000770D8F5";23.08.2017;16:57:20;;-;-;;
404;Trovan Unique;"000770D8F5";23.08.2017;16:57:21;;-;-;;
405;Trovan Unique;"000770D8F5";23.08.2017;16:57:22;;-;-;;
406;Trovan Unique;"000770D8F5";23.08.2017;16:57:23;;-;-;;
407;Trovan Unique;"000770D8F5";23.08.2017;16:57:24;;-;-;;
408;Trovan Unique;"000770D8F5";23.08.2017;16:57:25;;-;-;;
409;Trovan Unique;"000770D8F5";23.08.2017;16:57:26;;-;-;;
410;Trovan Unique;"000770D8F5";23.08.2017;16:57:27;;-;-;;
411;Trovan Unique;"000770D8F5";23.08.2017;16:57:28;;-;-;;
412;Trovan Unique;"000770D8F5";23.08.2017;16:57:29;;-;-;;
413;Trovan Unique;"000770D8F5";23.08.2017;16:57:30;;-;-;;
414;Trovan Unique;"000770D8F5";23.08.2017;16:57:31;;-;-;;
415;Trovan Unique;"000770D8F5";23.08.2017;16:57:32;;-;-;;
416;Trovan Unique;"000770D8F5";23.08.2017;16:57:33;;-;-;;
417;Trovan Unique;"000770D8F5";23.08.2017;16:57:34;;-;-;;
418;Trovan Unique;"000770D8F5";23.08.2017;16:57:35;;-;-;;
419;Trovan Unique;"000770D8F5";23.08.2017;16:57:36;;-;-;;
420;Trovan Unique;"000770D8F5";23.08.2017;16:57:37;;-;-;;
421;Trovan Unique;"000770D8F5";23.08.2017;16:57:38;;-;-;;
422;Trovan Unique;"000770D8F5";23.08.2017;16:57:39;;-;-;;
423;Trovan Unique;"000770D8F5";23.08.2017;16:57:40;;-;-;;
424;Trovan Unique;"000770D8F5";23.08.2017;16:57:41;;-;-;;
425;Trovan Unique;"000770D8F5";23.08.2017;16:57:42;;-;-;;
426;Trovan Unique;"000770D8F5";23.08.2017;16:57:43;;-;-;;
427;Trovan Unique;"000770D8F5";23.08.2017;16:57:44;;-;-;;
428;Trovan Unique;"000770D8F5";23.08.2017;16:57:45;;-;-;;
429;Trovan Unique;"000770D8F5";23.08.2017;16:57:46;;-;-;;
430;Trovan Unique;"000770D8F5";23.08.2017;16:57:47;;-;-;;
431;Trovan Unique;"000770D8F5";23.08.2017;16:57:48;;-;-;;
432;Trovan Unique;"000770D8F5";23.08.2017;16:57:49;;-;-;;
433;Trovan Unique;"000770D8F5";23.08.2017;16:57:50;;-;-;;
434;Trovan Unique;"000770D8F5";23.08.2017;16:57:51;;-;-;;
435;Trovan Unique;"000770D8F5";23.08.2017;16:57:52;;-;-;;
436;Trovan Unique;"000770D8F5";23.08.2017;16:57:53;;-;-;;
437;Trovan Unique;"000770D8F5";23.08.2017;16:57:54;;-;-;;
438;Trovan Unique;"000770D8F5";23.08.2017;16:57:55;;-;-;;
439;Trovan Unique;"000770D8F5";23.08.2017;16:57:56;;-;-;;
440;Trovan Unique;"000770D8F5";23.08.2017;16:57:57;;-;-;;
441;Trovan Unique;"000770D8F5";23.08.2017;16:57:58;;-;-;;
442;Trovan Unique;"000770D8F5";23.08.2017;16:57:59;;-;-;;
443;Trovan Unique;"000770D8F5";23.08.2017;16:58:00;;-;-;;
444;Trovan Unique;"000770D8F5";23.08.2017;16:58:01;;-;-;;
445;Trovan Unique;"000770D8F5";23.08.2017;16:58:02;;-;-;;
446;Trovan Unique;"000770D8F5";23.08.2017;16:58:03;;-;-;;
447;Trovan Unique;"000770D8F5";23.08.2017;16:58:04;;-;-;;
448;Trovan Unique;"000770D8F5";23.08.2017;16:58:05;;-;-;;
449;Trovan Unique;"000770D8F5";23.08.2017;16:58:06;;-;-;;
450;Trovan Unique;"000770D8F5";23.08.2017;16:58:07;;-;-;;
451;Trovan Unique;"000770D8F5";23.08.2017;16:58:08;;-;-;;
452;Trovan Unique;"000770D8F5";23.08.2017;16:58:09;;-;-;;
453;Trovan Unique;"000770D8F5";23.08.2017;16:58:10;;-;-;;
454;Trovan Unique;"000770D8F5";23.08.2017;16:58:11;;-;-;;
455;Trovan Unique;"000770D8F5";23.08.2017;16:58:12;;-;-;;
456;Trovan Unique;"000770D8F5";23.08.2017;16:58:13;;-;-;;
457;Trovan Unique;"000770D8F5";23.08.2017;16:58:14;;-;-;;
458;Trovan Unique;"000770D8F5";23.08.2017;16:58:15;;-;-;;
459;Trovan Unique;"000770D8F5";23.08.2017;16:58:16;;-;-;;
460;Trovan Unique;"000770D8F5";23.08.2017;16:58:17;;-;-;;
461;Trovan Unique;"000770D8F5";23.08.2017;16:58:18;;-;-;;
462;Trovan Unique;"000770D8F5";23.08.2017;16:58:19;;-;-;;
463;Trovan Unique;"000770D8F5";23.08.2017;16:58:20;;-;-;;
464;Trovan Unique;"000770D8F5";23.08.2017;16:58:21;;-;-;;
465;Trovan Unique;"000770D8F5";23.08.2017;16:58:22;;-;-;;
466;Trovan Unique;"000770D8F5";23.08.2017;16:58:23;;-;-;;
467;Trovan Unique;"000770D8F5";23.08.2017;16:58:24;;-;-;;
468;Trovan Unique;"000770D8F5";23.08.2017;16:58:25;;-;-;;
469;Trovan Unique;"000770D8F5";23.08.2017;16:58:26;;-;-;;
470;Trovan Unique;"000770D8F5";23.08.2017;16:58:27;;-;-;;
471;Trovan Unique;"000770D8F5";23.08.2017;16:58:28;;-;-;;
472;Trovan Unique;"000770D8F5";23.08.2017;16:58:29;;-;-;;
473;Trovan Unique;"000770D8F5";23.08.2017;16:58:30;;-;-;;
474;Trovan Unique;"000770D8F5";23.08.2017;16:58:31;;-;-;;
475;Trovan Unique;"000770D8F5";23.08.2017;16:58:32;;-;-;;
476;Trovan Unique;"000770D8F5";23.08.2017;16:58:33;;-;-;;
477;Trovan Unique;"000770D8F5";23.08.2017;16:58:34;;-;-;;
478;Trovan Unique;"000770D8F5";23.08.2017;16:58:35;;-;-;;
479;Trovan Unique;"000770D8F5";23.08.2017;16:58:36;;-;-;;
480;Trovan Unique;"000770D8F5";23.08.2017;16:58:37;;-;-;;
481;Trovan Unique;"000770D8F5";23.08.2017;16:58:38;;-;-;;
482;Trovan Unique;"000770D8F5";23.08.2017;16:58:39;;-;-;;
483;Trovan Unique;"000770D8F5";23.08.2017;16:58:40;;-;-;;
484;Trovan Unique;"000770D8F5";23.08.2017;16:58:41;;-;-;;
485;Trovan Unique;"000770D8F5";23.08.2017;16:58:42;;-;-;;
486;Trovan Unique;"000770D8F5";23.08.2017;16:58:43;;-;-;;
487;Trovan Unique;"000770D8F5";23.08.2017;16:58:44;;-;-;;
488;Trovan Unique;"000770D8F5";23.08.2017;16:58:45;;-;-;;
489;Trovan Unique;"000770D8F5";23.08.2017;16:58:46;;-;-;;
490;Trovan Unique;"000770D8F5";23.08.2017;16:58:47;;-;-;;
491;Trovan Unique;"000770D8F5";23.08.2017;16:58:48;;-;-;;
492;Trovan Unique;"000770D8F5";23.08.2017;16:58:49;;-;-;;
493;Trovan Unique;"000770D8F5";23.08.2017;16:58:50;;-;-;;
494;Trovan Unique;"000770D8F5";23.08.2017;16:58:51;;-;-;;
495;Trovan Unique;"000770D8F5";23.08.2017;16:58:52;;-;-;;
496;Trovan Unique;"000770D8F5";23.08.2017;16:58:53;;-;-;;
497;Trovan Unique;"000770D8F5";23.08.2017;16:58:54;;-;-;;
498;Trovan Unique;"000770D8F5";23.08.2017;16:58:55;;-;-;;
499;Trovan Unique;"000770D8F5";23.08.2017;16:58:56;;-;-;;
500;Trovan Unique;"000770D8F5";23.08.2017;16:58:57;;-;-;;
501;Trovan Unique;"000770D8F5";23.08.2017;16:58:58;;-;-;;
502;Trovan Unique;"000770D8F5";23.08.2017;16:58:59;;-;-;;
503;Trovan Unique;"000770D8F5";23.08.2017;16:59:00;;-;-;;
504;Trovan Unique;"000770D8F5";23.08.2017;16:59:01;;-;-;;
505;Trovan Unique;"000770D8F5";23.08.2017;16:59:02;;-;-;;
506;Trovan Unique;"000770D8F5";23.08.2017;16:59:03;;-;-;;
507;Trovan Unique;"000770D8F5";23.08.2017;16:59:04;;-;-;;
508;Trovan Unique;"000770D8F5";23.08.2017;16:59:05;;-;-;;
509;Trovan Unique;"000770D8F5";23.08.2017;16:59:06;;-;-;;
510;Trovan Unique;"000770D8F5";23.08.2017;16:59:07;;-;-;;
511;Trovan Unique;"000770D8F5";23.08.2017;16:59:08;;-;-;;
512;Trovan Unique;"000770D8F5";23.08.2017;16:59:09;;-;-;;
513;Trovan Unique;"000770D8F5";23.08.2017;16:59:10;;-;-;;
514;Trovan Unique;"000770D8F5";23.08.2017;16:59:11;;-;-;;
515;Trovan Unique;"000770D8F5";23.08.2017;16:59:12;;-;-;;
516;Trovan Unique;"000770D8F5";23.08.2017;16:59:13;;-;-;;
517;Trovan Unique;"000770D8F5";23.08.2017;16:59:14;;-;-;;
518;Trovan Unique;"000770D8F5";23.08.2017;16:59:15;;-;-;;
519;Trovan Unique;"000770D8F5";23.08.2017;16:59:16;;-;-;;
520;Trovan Unique;"000770D8F5";23.08.2017;16:59:17;;-;-;;
521;Trovan Unique;"000770D8F5";23.08.2017;16:59:18;;-;-;;
522;Trovan Unique;"000770D8F5";23.08.2017;16:59:19;;-;-;;
523;Trovan Unique;"000770D8F5";23.08.2017;16:59:20;;-;-;;
524;Trovan Unique;"000770D8F5";23.08.2017;16:59:21;;-;-;;
525;Trovan Unique;"000770D8F5";23.08.2017;16:59:22;;-;-;;
526;Trovan Unique;"000770D8F5";23.08.2017;16:59:23;;-;-;;
527;Trovan Unique;"000770D8F5";23.08.2017;16:59:24;;-;-;;
528;Trovan Unique;"000770D8F5";23.08.2017;16:59:25;;-;-;;
529;Trovan Unique;"000770D8F5";23.08.2017;16:59:26;;-;-;;
530;Trovan Unique;"000770D8F5";23.08.2017;16:59:27;;-;-;;
531;Trovan Unique;"000770D8F5";23.08.2017;16:59:28;;-;-;;
532;Trovan Unique;"000770D8F5";23.08.2017;16:59:29;;-;-;;
533;Trovan Unique;"000770D8F5";23.08.2017;16:59:30;;-;-;;
534;Trovan Unique;"000770D8F5";23.08.2017;16:59:31;;-;-;;
535;Trovan Unique;"000770D8F5";23.08.2017;16:59:32;;-;-;;
536;Trovan Unique;"000770D8F5";23.08.2017;16:59:33;;-;-;;
537;Trovan Unique;"000770D8F5";23.08.2017;16:59:34;;-;-;;
538;Trovan Unique;"000770D8F5";23.08.2017;16:59:35;;-;-;;
539;Trovan Unique;"000770D8F5";23.08.2017;16:59:36;;-;-;;
540;Trovan Unique;"000770D8F5";23.08.2017;16:59:37;;-;-;;
541;Trovan Unique;"000770D8F5";23.08.2017;16:59:38;;-;-;;
542;Trovan Unique;"000770D8F5";23.08.2017;16:59:39;;-;-;;
543;Trovan Unique;"000770D8F5";23.08.2017;16:59:40;;-;-;;
544;Trovan Unique;"000770D8F5";23.08.2017;16:59:41;;-;-;;
545;Trovan Unique;"000770D8F5";23.08.2017;16:59:42;;-;-;;
546;Trovan Unique;"000770D8F5";23.08.2017;16:59:43;;-;-;;
547;Trovan Unique;"000770D8F5";23.08.2017;16:59:44;;-;-;;
548;Trovan Unique;"000770D8F5";23.08.2017;16:59:45;;-;-;;
549;Trovan Unique;"000770D8F5";23.08.2017;16:59:46;;-;-;;
550;Trovan Unique;"000770D8F5";23.08.2017;16:59:47;;-;-;;
551;Trovan Unique;"000770D8F5";23.08.2017;16:59:48;;-;-;;
552;Trovan Unique;"000770D8F5";23.08.2017;16:59:49;;-;-;;
553;Trovan Unique;"000770D8F5";23.08.2017;16:59:50;;-;-;;
554;Trovan Unique;"000770D8F5";23.08.2017;16:59:51;;-;-;;
555;Trovan Unique;"000770D8F5";23.08.2017;16:59:52;;-;-;;
556;Trovan Unique;"000770D8F5";23.08.2017;16:59:53;;-;-;;
557;Trovan Unique;"000770D8F5";23.08.2017;16:59:54;;-;-;;
558;Trovan Unique;"000770D8F5";23.08.2017;16:59:55;;-;-;;
559;Trovan Unique;"000770D8F5";23.08.2017;16:59:56;;-;-;;
560;Trovan Unique;"000770D8F5";23.08.2017;16:59:57;;-;-;;
561;Trovan Unique;"000770D8F5";23.08.2017;16:59:58;;-;-;;
562;Trovan Unique;"000770D8F5";23.08.2017;16:59:59;;-;-;;
563;Trovan Unique;"000770D8F5";23.08.2017;17:00:00;;-;-;;
564;Trovan Unique;"000770D8F5";23.08.2017;17:00:01;;-;-;;
565;Trovan Unique;"000770D8F5";23.08.2017;17:00:02;;-;-;;
566;Trovan Unique;"000770D8F5";23.08.2017;17:00:03;;-;-;;
567;Trovan Unique;"000770D8F5";23.08.2017;17:00:04;;-;-;;
568;Trovan Unique;"000770D8F5";23.08.2017;17:00:05;;-;-;;
569;Trovan Unique;"000770D8F5";23.08.2017;17:00:06;;-;-;;
570;Trovan Unique;"000770D8F5";23.08.2017;17:00:07;;-;-;;
571;Trovan Unique;"000770D8F5";23.08.2017;17:00:08;;-;-;;
572;Trovan Unique;"000770D8F5";23.08.2017;17:00:09;;-;-;;
573;Trovan Unique;"000770D8F5";23.08.2017;17:00:10;;-;-;;
574;Trovan Unique;"000770D8F5";23.08.2017;17:00:11;;-;-;;
575;Trovan Unique;"000770D8F5";23.08.2017;17:00:12;;-;-;;
576;Trovan Unique;"000770D8F5";23.08.2017;17:00:13;;-;-;;
577;Trovan Unique;"000770D8F5";23.08.2017;17:00:14;;-;-;;
578;Trovan Unique;"000770D8F5";23.08.2017;17:00:15;;-;-;;
579;Trovan Unique;"000770D8F5";23.08.2017;17:00:16;;-;-;;
580;Trovan Unique;"000770D8F5";23.08.2017;17:00:17;;-;-;;
581;Trovan Unique;"000770D8F5";23.08.2017;17:00:18;;-;-;;
582;Trovan Unique;"000770D8F5";23.08.2017;17:00:20;;-;-;;
583;Trovan Unique;"000770D8F5";23.08.2017;17:00:21;;-;-;;
584;Trovan Unique;"000770D8F5";23.08.2017;17:00:22;;-;-;;
585;Trovan Unique;"000770D8F5";23.08.2017;17:00:23;;-;-;;
586;Trovan Unique;"000770D8F5";23.08.2017;17:00:24;;-;-;;
587;Trovan Unique;"000770D8F5";23.08.2017;17:00:25;;-;-;;
588;Trovan Unique;"000770D8F5";23.08.2017;17:00:26;;-;-;;
589;Trovan Unique;"000770D8F5";23.08.2017;17:00:27;;-;-;;
590;Trovan Unique;"000770D8F5";23.08.2017;17:00:28;;-;-;;
591;Trovan Unique;"000770D8F5";23.08.2017;17:00:29;;-;-;;
592;Trovan Unique;"000770D8F5";23.08.2017;17:00:30;;-;-;;
593;Trovan Unique;"000770D8F5";23.08.2017;17:00:31;;-;-;;
594;Trovan Unique;"000770D8F5";23.08.2017;17:00:32;;-;-;;
595;Trovan Unique;"000770D8F5";23.08.2017;17:00:33;;-;-;;
596;Trovan Unique;"000770D8F5";23.08.2017;17:00:34;;-;-;;
597;Trovan Unique;"000770D8F5";23.08.2017;17:00:35;;-;-;;
598;Trovan Unique;"000770D8F5";23.08.2017;17:00:36;;-;-;;
599;Trovan Unique;"000770D8F5";23.08.2017;17:00:37;;-;-;;
600;Trovan Unique;"000770D8F5";23.08.2017;17:00:38;;-;-;;
601;Trovan Unique;"000770D8F5";23.08.2017;17:00:39;;-;-;;
602;Trovan Unique;"000770D8F5";23.08.2017;17:00:40;;-;-;;
603;Trovan Unique;"000770D8F5";23.08.2017;17:00:41;;-;-;;
604;Trovan Unique;"000770D8F5";23.08.2017;17:00:42;;-;-;;
605;Trovan Unique;"000770D8F5";23.08.2017;17:00:43;;-;-;;
606;Trovan Unique;"000770D8F5";23.08.2017;17:00:44;;-;-;;
607;Trovan Unique;"000770D8F5";23.08.2017;17:00:45;;-;-;;
608;Trovan Unique;"000770D8F5";23.08.2017;17:00:46;;-;-;;
609;Trovan Unique;"000770D8F5";23.08.2017;17:00:47;;-;-;;
610;Trovan Unique;"000770D8F5";23.08.2017;17:00:48;;-;-;;
611;Trovan Unique;"000770D8F5";23.08.2017;17:00:49;;-;-;;
612;Trovan Unique;"000770D8F5";23.08.2017;17:00:50;;-;-;;
613;Trovan Unique;"000770D8F5";23.08.2017;17:00:51;;-;-;;
614;Trovan Unique;"000770D8F5";23.08.2017;17:00:52;;-;-;;
615;Trovan Unique;"000770D8F5";23.08.2017;17:00:53;;-;-;;
616;Trovan Unique;"000770D8F5";23.08.2017;17:00:54;;-;-;;
617;Trovan Unique;"000770D8F5";23.08.2017;17:00:55;;-;-;;
618;Trovan Unique;"000770D8F5";23.08.2017;17:00:56;;-;-;;
619;Trovan Unique;"000770D8F5";23.08.2017;17:00:57;;-;-;;
620;Trovan Unique;"000770D8F5";23.08.2017;17:00:58;;-;-;;
621;Trovan Unique;"000770D8F5";23.08.2017;17:00:59;;-;-;;
622;Trovan Unique;"000770D8F5";23.08.2017;17:01:00;;-;-;;
623;Trovan Unique;"000770D8F5";23.08.2017;17:01:01;;-;-;;
624;Trovan Unique;"000770D8F5";23.08.2017;17:01:02;;-;-;;
625;Trovan Unique;"000770D8F5";23.08.2017;17:01:03;;-;-;;
626;Trovan Unique;"000770D8F5";23.08.2017;17:01:04;;-;-;;
627;Trovan Unique;"000770D8F5";23.08.2017;17:01:05;;-;-;;
628;Trovan Unique;"000770D8F5";23.08.2017;17:01:06;;-;-;;
629;Trovan Unique;"000770D8F5";23.08.2017;17:01:07;;-;-;;
630;Trovan Unique;"000770D8F5";23.08.2017;17:01:08;;-;-;;
631;Trovan Unique;"000770D8F5";23.08.2017;17:01:09;;-;-;;
632;Trovan Unique;"000770D8F5";23.08.2017;17:01:10;;-;-;;
633;Trovan Unique;"000770D8F5";23.08.2017;17:01:11;;-;-;;
634;Trovan Unique;"000770D8F5";23.08.2017;17:01:12;;-;-;;
635;Trovan Unique;"000770D8F5";23.08.2017;17:01:13;;-;-;;
636;Trovan Unique;"000770D8F5";23.08.2017;17:01:14;;-;-;;
637;Trovan Unique;"000770D8F5";23.08.2017;17:01:15;;-;-;;
638;Trovan Unique;"000770D8F5";23.08.2017;17:01:16;;-;-;;
639;Trovan Unique;"000770D8F5";23.08.2017;17:01:17;;-;-;;
640;Trovan Unique;"000770D8F5";23.08.2017;17:01:18;;-;-;;
641;Trovan Unique;"000770D8F5";23.08.2017;17:01:19;;-;-;;
642;Trovan Unique;"000770D8F5";23.08.2017;17:01:20;;-;-;;
643;Trovan Unique;"000770D8F5";23.08.2017;17:01:21;;-;-;;
644;Trovan Unique;"000770D8F5";23.08.2017;17:01:22;;-;-;;
645;Trovan Unique;"000770D8F5";23.08.2017;17:01:23;;-;-;;
646;Trovan Unique;"000770D8F5";23.08.2017;17:01:24;;-;-;;
647;Trovan Unique;"000770D8F5";23.08.2017;17:01:25;;-;-;;
648;Trovan Unique;"000770D8F5";23.08.2017;17:01:26;;-;-;;
649;Trovan Unique;"000770D8F5";23.08.2017;17:01:27;;-;-;;
650;Trovan Unique;"000770D8F5";23.08.2017;17:01:28;;-;-;;
651;Trovan Unique;"000770D8F5";23.08.2017;17:01:29;;-;-;;
652;Trovan Unique;"000770D8F5";23.08.2017;17:01:30;;-;-;;
653;Trovan Unique;"000770D8F5";23.08.2017;17:01:31;;-;-;;
654;Trovan Unique;"000770D8F5";23.08.2017;17:01:32;;-;-;;
655;Trovan Unique;"000770D8F5";23.08.2017;17:01:33;;-;-;;
656;Trovan Unique;"000770D8F5";23.08.2017;17:01:34;;-;-;;
657;Trovan Unique;"000770D8F5";23.08.2017;17:01:35;;-;-;;
658;Trovan Unique;"000770D8F5";23.08.2017;17:01:36;;-;-;;
659;Trovan Unique;"000770D8F5";23.08.2017;17:01:37;;-;-;;
660;Trovan Unique;"000770D8F5";23.08.2017;17:01:38;;-;-;;
661;Trovan Unique;"000770D8F5";23.08.2017;17:01:39;;-;-;;
662;Trovan Unique;"000770D8F5";23.08.2017;17:01:40;;-;-;;
663;Trovan Unique;"000770D8F5";23.08.2017;17:01:41;;-;-;;
664;Trovan Unique;"000770D8F5";23.08.2017;17:01:42;;-;-;;
665;Trovan Unique;"000770D8F5";23.08.2017;17:01:43;;-;-;;
666;Trovan Unique;"000770D8F5";23.08.2017;17:01:44;;-;-;;
667;Trovan Unique;"000770D8F5";23.08.2017;17:01:45;;-;-;;
668;Trovan Unique;"000770D8F5";23.08.2017;17:01:46;;-;-;;
669;Trovan Unique;"000770D8F5";23.08.2017;17:01:47;;-;-;;
670;Trovan Unique;"000770D8F5";23.08.2017;17:01:48;;-;-;;
671;Trovan Unique;"000770D8F5";23.08.2017;17:01:49;;-;-;;
672;Trovan Unique;"000770D8F5";23.08.2017;17:01:50;;-;-;;
673;Trovan Unique;"000770D8F5";23.08.2017;17:01:51;;-;-;;
674;Trovan Unique;"000770D8F5";23.08.2017;17:01:52;;-;-;;
675;Trovan Unique;"000770D8F5";23.08.2017;17:01:53;;-;-;;
676;Trovan Unique;"000770D8F5";23.08.2017;17:01:54;;-;-;;
677;Trovan Unique;"000770D8F5";23.08.2017;17:01:55;;-;-;;
678;Trovan Unique;"000770D8F5";23.08.2017;17:01:56;;-;-;;
679;Trovan Unique;"000770D8F5";23.08.2017;17:01:57;;-;-;;
680;Trovan Unique;"000770D8F5";23.08.2017;17:01:58;;-;-;;
681;Trovan Unique;"000770D8F5";23.08.2017;17:01:59;;-;-;;
682;Trovan Unique;"000770D8F5";23.08.2017;17:02:00;;-;-;;
683;Trovan Unique;"000770D8F5";23.08.2017;17:02:01;;-;-;;
684;Trovan Unique;"000770D8F5";23.08.2017;17:02:02;;-;-;;
685;Trovan Unique;"000770D8F5";23.08.2017;17:02:03;;-;-;;
686;Trovan Unique;"000770D8F5";23.08.2017;17:02:04;;-;-;;
687;Trovan Unique;"000770D8F5";23.08.2017;17:02:05;;-;-;;
688;Trovan Unique;"000770D8F5";23.08.2017;17:02:06;;-;-;;
689;Trovan Unique;"000770D8F5";23.08.2017;17:02:07;;-;-;;
690;Trovan Unique;"000770D8F5";23.08.2017;17:02:08;;-;-;;
691;Trovan Unique;"000770D8F5";23.08.2017;17:02:09;;-;-;;
692;Trovan Unique;"000770D8F5";23.08.2017;17:02:10;;-;-;;
693;Trovan Unique;"000770D8F5";23.08.2017;17:02:11;;-;-;;
694;Trovan Unique;"000770D8F5";23.08.2017;17:02:12;;-;-;;
695;Trovan Unique;"000770D8F5";23.08.2017;17:02:13;;-;-;;
696;Trovan Unique;"000770D8F5";23.08.2017;17:02:14;;-;-;;
697;Trovan Unique;"000770D8F5";23.08.2017;17:02:15;;-;-;;
698;Trovan Unique;"000770D8F5";23.08.2017;17:02:16;;-;-;;
699;Trovan Unique;"000770D8F5";23.08.2017;17:02:17;;-;-;;
700;Trovan Unique;"000770D8F5";23.08.2017;17:02:18;;-;-;;
701;Trovan Unique;"000770D8F5";23.08.2017;17:02:19;;-;-;;
702;Trovan Unique;"000770D8F5";23.08.2017;17:02:20;;-;-;;
703;Trovan Unique;"000770D8F5";23.08.2017;17:02:21;;-;-;;
704;Trovan Unique;"000770D8F5";23.08.2017;17:02:22;;-;-;;
705;Trovan Unique;"000770D8F5";23.08.2017;17:02:23;;-;-;;
706;Trovan Unique;"000770D8F5";23.08.2017;17:02:24;;-;-;;
707;Trovan Unique;"000770D8F5";23.08.2017;17:02:25;;-;-;;
708;Trovan Unique;"000770D8F5";23.08.2017;17:02:26;;-;-;;
709;Trovan Unique;"000770D8F5";23.08.2017;17:02:27;;-;-;;
710;Trovan Unique;"000770D8F5";23.08.2017;17:02:28;;-;-;;
711;Trovan Unique;"000770D8F5";23.08.2017;17:02:29;;-;-;;
712;Trovan Unique;"000770D8F5";23.08.2017;17:02:30;;-;-;;
713;Trovan Unique;"000770D8F5";23.08.2017;17:02:31;;-;-;;
714;Trovan Unique;"000770D8F5";23.08.2017;17:02:32;;-;-;;
715;Trovan Unique;"000770D8F5";23.08.2017;17:02:33;;-;-;;
716;Trovan Unique;"000770D8F5";23.08.2017;17:02:34;;-;-;;
717;Trovan Unique;"000770D8F5";23.08.2017;17:02:35;;-;-;;
718;Trovan Unique;"000770D8F5";23.08.2017;17:02:36;;-;-;;
719;Trovan Unique;"000770D8F5";23.08.2017;17:02:37;;-;-;;
720;Trovan Unique;"000770D8F5";23.08.2017;17:02:38;;-;-;;
721;Trovan Unique;"000770D8F5";23.08.2017;17:02:39;;-;-;;
722;Trovan Unique;"000770D8F5";23.08.2017;17:02:40;;-;-;;
723;Trovan Unique;"000770D8F5";23.08.2017;17:02:41;;-;-;;
724;Trovan Unique;"000770D8F5";23.08.2017;17:02:42;;-;-;;
725;Trovan Unique;"000770D8F5";23.08.2017;17:02:43;;-;-;;
726;Trovan Unique;"000770D8F5";23.08.2017;17:02:44;;-;-;;
727;Trovan Unique;"000770D8F5";23.08.2017;17:02:45;;-;-;;
728;Trovan Unique;"000770D8F5";23.08.2017;17:02:46;;-;-;;
729;Trovan Unique;"000770D8F5";23.08.2017;17:02:47;;-;-;;
730;Trovan Unique;"000770D8F5";23.08.2017;17:02:48;;-;-;;
731;Trovan Unique;"000770D8F5";23.08.2017;17:02:49;;-;-;;
732;Trovan Unique;"000770D8F5";23.08.2017;17:02:50;;-;-;;
733;Trovan Unique;"000770D8F5";23.08.2017;17:02:51;;-;-;;
734;Trovan Unique;"000770D8F5";23.08.2017;17:02:52;;-;-;;
735;Trovan Unique;"000770D8F5";23.08.2017;17:02:53;;-;-;;
736;Trovan Unique;"000770D8F5";23.08.2017;17:02:54;;-;-;;
737;Trovan Unique;"000770D8F5";23.08.2017;17:02:55;;-;-;;
738;Trovan Unique;"000770D8F5";23.08.2017;17:02:56;;-;-;;
739;Trovan Unique;"000770D8F5";23.08.2017;17:02:57;;-;-;;
740;Trovan Unique;"000770D8F5";23.08.2017;17:02:58;;-;-;;
741;Trovan Unique;"000770D8F5";23.08.2017;17:02:59;;-;-;;
742;Trovan Unique;"000770D8F5";23.08.2017;17:03:00;;-;-;;
743;Trovan Unique;"000770D8F5";23.08.2017;17:03:01;;-;-;;
744;Trovan Unique;"000770D8F5";23.08.2017;17:03:02;;-;-;;
745;Trovan Unique;"000770D8F5";23.08.2017;17:03:03;;-;-;;
746;Trovan Unique;"000770D8F5";23.08.2017;17:03:04;;-;-;;
747;Trovan Unique;"000770D8F5";23.08.2017;17:03:05;;-;-;;
748;Trovan Unique;"000770D8F5";23.08.2017;17:03:06;;-;-;;
749;Trovan Unique;"000770D8F5";23.08.2017;17:03:07;;-;-;;
750;Trovan Unique;"000770D8F5";23.08.2017;17:03:08;;-;-;;
751;Trovan Unique;"000770D8F5";23.08.2017;17:03:09;;-;-;;
752;Trovan Unique;"000770D8F5";23.08.2017;17:03:10;;-;-;;
753;Trovan Unique;"000770D8F5";23.08.2017;17:03:11;;-;-;;
754;Trovan Unique;"000770D8F5";23.08.2017;17:03:12;;-;-;;
755;Trovan Unique;"000770D8F5";23.08.2017;17:03:13;;-;-;;
756;Trovan Unique;"000770D8F5";23.08.2017;17:03:14;;-;-;;
757;Trovan Unique;"000770D8F5";23.08.2017;17:03:15;;-;-;;
758;Trovan Unique;"000770D8F5";23.08.2017;17:03:16;;-;-;;
759;Trovan Unique;"000770D8F5";23.08.2017;17:03:17;;-;-;;
760;Trovan Unique;"000770D8F5";23.08.2017;17:03:18;;-;-;;
761;Trovan Unique;"000770D8F5";23.08.2017;17:03:19;;-;-;;
762;Trovan Unique;"000770D8F5";23.08.2017;17:03:20;;-;-;;
763;Trovan Unique;"000770D8F5";23.08.2017;17:03:21;;-;-;;
764;Trovan Unique;"000770D8F5";23.08.2017;17:03:22;;-;-;;
765;Trovan Unique;"000770D8F5";23.08.2017;17:03:23;;-;-;;
766;Trovan Unique;"000770D8F5";23.08.2017;17:03:24;;-;-;;
767;Trovan Unique;"000770D8F5";23.08.2017;17:03:25;;-;-;;
768;Trovan Unique;"000770D8F5";23.08.2017;17:03:26;;-;-;;
769;Trovan Unique;"000770D8F5";23.08.2017;17:03:27;;-;-;;
770;Trovan Unique;"000770D8F5";23.08.2017;17:03:28;;-;-;;
771;Trovan Unique;"000770D8F5";23.08.2017;17:03:29;;-;-;;
772;Trovan Unique;"000770D8F5";23.08.2017;17:03:30;;-;-;;
773;Trovan Unique;"000770D8F5";23.08.2017;17:03:31;;-;-;;
774;Trovan Unique;"000770D8F5";23.08.2017;17:03:32;;-;-;;
775;Trovan Unique;"000770D8F5";23.08.2017;17:03:33;;-;-;;
776;Trovan Unique;"000770D8F5";23.08.2017;17:03:34;;-;-;;
777;Trovan Unique;"000770D8F5";23.08.2017;17:03:35;;-;-;;
778;Trovan Unique;"000770D8F5";23.08.2017;17:03:36;;-;-;;
779;Trovan Unique;"000770D8F5";23.08.2017;17:03:37;;-;-;;
780;Trovan Unique;"000770D8F5";23.08.2017;17:03:38;;-;-;;
781;Trovan Unique;"000770D8F5";23.08.2017;17:03:39;;-;-;;
782;Trovan Unique;"000770D8F5";23.08.2017;17:03:40;;-;-;;
783;Trovan Unique;"000770D8F5";23.08.2017;17:03:41;;-;-;;
784;Trovan Unique;"000770D8F5";23.08.2017;17:03:42;;-;-;;
785;Trovan Unique;"000770D8F5";23.08.2017;17:03:43;;-;-;;
786;Trovan Unique;"000770D8F5";23.08.2017;17:03:44;;-;-;;
787;Trovan Unique;"000770D8F5";23.08.2017;17:03:45;;-;-;;
788;Trovan Unique;"000770D8F5";23.08.2017;17:03:46;;-;-;;
789;Trovan Unique;"000770D8F5";23.08.2017;17:03:47;;-;-;;
790;Trovan Unique;"000770D8F5";23.08.2017;17:03:48;;-;-;;
791;Trovan Unique;"000770D8F5";23.08.2017;17:03:49;;-;-;;
792;Trovan Unique;"000770D8F5";23.08.2017;17:03:50;;-;-;;
793;Trovan Unique;"000770D8F5";23.08.2017;17:03:51;;-;-;;
794;Trovan Unique;"000770D8F5";23.08.2017;17:03:52;;-;-;;
795;Trovan Unique;"000770D8F5";23.08.2017;17:03:53;;-;-;;
796;Trovan Unique;"000770D8F5";23.08.2017;17:03:54;;-;-;;
797;Trovan Unique;"000770D8F5";23.08.2017;17:03:55;;-;-;;
798;Trovan Unique;"000770D8F5";23.08.2017;17:03:56;;-;-;;
799;Trovan Unique;"000770D8F5";23.08.2017;17:03:57;;-;-;;
800;Trovan Unique;"000770D8F5";23.08.2017;17:03:58;;-;-;;
801;Trovan Unique;"000770D8F5";23.08.2017;17:03:59;;-;-;;
802;Trovan Unique;"000770D8F5";23.08.2017;17:04:00;;-;-;;
803;Trovan Unique;"000770D8F5";23.08.2017;17:04:01;;-;-;;
804;Trovan Unique;"000770D8F5";23.08.2017;17:04:02;;-;-;;
805;Trovan Unique;"000770D8F5";23.08.2017;17:04:03;;-;-;;
806;Trovan Unique;"000770D8F5";23.08.2017;17:04:04;;-;-;;
807;Trovan Unique;"000770D8F5";23.08.2017;17:04:05;;-;-;;
808;Trovan Unique;"000770D8F5";23.08.2017;17:04:06;;-;-;;
809;Trovan Unique;"000770D8F5";23.08.2017;17:04:07;;-;-;;
810;Trovan Unique;"000770D8F5";23.08.2017;17:04:08;;-;-;;
811;Trovan Unique;"000770D8F5";23.08.2017;17:04:09;;-;-;;
812;Trovan Unique;"000770D8F5";23.08.2017;17:04:10;;-;-;;
813;Trovan Unique;"000770D8F5";23.08.2017;17:04:11;;-;-;;
814;Trovan Unique;"000770D8F5";23.08.2017;17:04:12;;-;-;;
815;Trovan Unique;"000770D8F5";23.08.2017;17:04:13;;-;-;;
816;Trovan Unique;"000770D8F5";23.08.2017;17:04:14;;-;-;;
817;Trovan Unique;"000770D8F5";23.08.2017;17:04:15;;-;-;;
818;Trovan Unique;"000770D8F5";23.08.2017;17:04:16;;-;-;;
819;Trovan Unique;"000770D8F5";23.08.2017;17:04:17;;-;-;;
820;Trovan Unique;"000770D8F5";23.08.2017;17:04:18;;-;-;;
821;Trovan Unique;"000770D8F5";23.08.2017;17:04:19;;-;-;;
822;Trovan Unique;"000770D8F5";23.08.2017;17:04:20;;-;-;;
823;Trovan Unique;"000770D8F5";23.08.2017;17:04:21;;-;-;;
824;Trovan Unique;"000770D8F5";23.08.2017;17:04:22;;-;-;;
825;Trovan Unique;"000770D8F5";23.08.2017;17:04:23;;-;-;;
826;Trovan Unique;"000770D8F5";23.08.2017;17:04:24;;-;-;;
827;Trovan Unique;"000770D8F5";23.08.2017;17:04:25;;-;-;;
828;Trovan Unique;"000770D8F5";23.08.2017;17:04:26;;-;-;;
829;Trovan Unique;"000770D8F5";23.08.2017;17:04:27;;-;-;;
830;Trovan Unique;"000770D8F5";23.08.2017;17:04:28;;-;-;;
831;Trovan Unique;"000770D8F5";23.08.2017;17:04:29;;-;-;;
832;Trovan Unique;"000770D8F5";23.08.2017;17:04:30;;-;-;;
833;Trovan Unique;"000770D8F5";23.08.2017;17:04:31;;-;-;;
834;Trovan Unique;"000770D8F5";23.08.2017;17:04:32;;-;-;;
835;Trovan Unique;"000770D8F5";23.08.2017;17:04:33;;-;-;;
836;Trovan Unique;"000770D8F5";23.08.2017;17:04:34;;-;-;;
837;Trovan Unique;"000770D8F5";23.08.2017;17:04:35;;-;-;;
838;Trovan Unique;"000770D8F5";23.08.2017;17:04:36;;-;-;;
839;Trovan Unique;"000770D8F5";23.08.2017;17:04:37;;-;-;;
840;Trovan Unique;"000770D8F5";23.08.2017;17:04:38;;-;-;;
841;Trovan Unique;"000770D8F5";23.08.2017;17:04:39;;-;-;;
842;Trovan Unique;"000770D8F5";23.08.2017;17:04:40;;-;-;;
843;Trovan Unique;"000770D8F5";23.08.2017;17:04:41;;-;-;;
844;Trovan Unique;"000770D8F5";23.08.2017;17:04:42;;-;-;;
845;Trovan Unique;"000770D8F5";23.08.2017;17:04:43;;-;-;;
846;Trovan Unique;"000770D8F5";23.08.2017;17:04:44;;-;-;;
847;Trovan Unique;"000770D8F5";23.08.2017;17:04:45;;-;-;;
848;Trovan Unique;"000770D8F5";23.08.2017;17:04:46;;-;-;;
849;Trovan Unique;"000770D8F5";23.08.2017;17:04:47;;-;-;;
850;Trovan Unique;"000770D8F5";23.08.2017;17:04:48;;-;-;;
851;Trovan Unique;"000770D8F5";23.08.2017;17:04:49;;-;-;;
852;Trovan Unique;"000770D8F5";23.08.2017;17:04:50;;-;-;;
853;Trovan Unique;"000770D8F5";23.08.2017;17:04:51;;-;-;;
854;Trovan Unique;"000770D8F5";23.08.2017;17:04:52;;-;-;;
855;Trovan Unique;"000770D8F5";23.08.2017;17:04:53;;-;-;;
856;Trovan Unique;"000770D8F5";23.08.2017;17:04:54;;-;-;;
857;Trovan Unique;"000770D8F5";23.08.2017;17:04:55;;-;-;;
858;Trovan Unique;"000770D8F5";23.08.2017;17:04:56;;-;-;;
859;Trovan Unique;"000770D8F5";23.08.2017;17:04:57;;-;-;;
860;Trovan Unique;"000770D8F5";23.08.2017;17:04:58;;-;-;;
861;Trovan Unique;"000770D8F5";23.08.2017;17:04:59;;-;-;;
862;Trovan Unique;"000770D8F5";23.08.2017;17:05:00;;-;-;;
863;Trovan Unique;"000770D8F5";23.08.2017;17:05:01;;-;-;;
864;Trovan Unique;"000770D8F5";23.08.2017;17:05:02;;-;-;;
865;Trovan Unique;"000770D8F5";23.08.2017;17:05:03;;-;-;;
866;Trovan Unique;"000770D8F5";23.08.2017;17:05:04;;-;-;;
867;Trovan Unique;"000770D8F5";23.08.2017;17:05:05;;-;-;;
868;Trovan Unique;"000770D8F5";23.08.2017;17:05:06;;-;-;;
869;Trovan Unique;"000770D8F5";23.08.2017;17:05:07;;-;-;;
870;Trovan Unique;"000770D8F5";23.08.2017;17:05:08;;-;-;;
871;Trovan Unique;"000770D8F5";23.08.2017;17:05:09;;-;-;;
872;Trovan Unique;"000770D8F5";23.08.2017;17:05:10;;-;-;;
873;Trovan Unique;"000770D8F5";23.08.2017;17:05:11;;-;-;;
874;Trovan Unique;"000770D8F5";23.08.2017;17:05:12;;-;-;;
875;Trovan Unique;"000770D8F5";23.08.2017;17:05:13;;-;-;;
876;Trovan Unique;"000770D8F5";23.08.2017;17:05:14;;-;-;;
877;Trovan Unique;"000770D8F5";23.08.2017;17:05:15;;-;-;;
878;Trovan Unique;"000770D8F5";23.08.2017;17:05:16;;-;-;;
879;Trovan Unique;"000770D8F5";23.08.2017;17:05:17;;-;-;;
880;Trovan Unique;"000770D8F5";23.08.2017;17:05:18;;-;-;;
881;Trovan Unique;"000770D8F5";23.08.2017;17:05:19;;-;-;;
882;Trovan Unique;"000770D8F5";23.08.2017;17:05:20;;-;-;;
883;Trovan Unique;"000770D8F5";23.08.2017;17:05:21;;-;-;;
884;Trovan Unique;"000770D8F5";23.08.2017;17:05:22;;-;-;;
885;Trovan Unique;"000770D8F5";23.08.2017;17:05:23;;-;-;;
886;Trovan Unique;"000770D8F5";23.08.2017;17:05:24;;-;-;;
887;Trovan Unique;"000770D8F5";23.08.2017;17:05:25;;-;-;;
888;Trovan Unique;"000770D8F5";23.08.2017;17:05:26;;-;-;;
889;Trovan Unique;"000770D8F5";23.08.2017;17:05:27;;-;-;;
890;Trovan Unique;"000770D8F5";23.08.2017;17:05:28;;-;-;;
891;Trovan Unique;"000770D8F5";23.08.2017;17:05:29;;-;-;;
892;Trovan Unique;"000770D8F5";23.08.2017;17:05:30;;-;-;;
893;Trovan Unique;"000770D8F5";23.08.2017;17:05:31;;-;-;;
894;Trovan Unique;"000770D8F5";23.08.2017;17:05:32;;-;-;;
895;Trovan Unique;"000770D8F5";23.08.2017;17:05:33;;-;-;;
896;Trovan Unique;"000770D8F5";23.08.2017;17:05:34;;-;-;;
897;Trovan Unique;"000770D8F5";23.08.2017;17:05:35;;-;-;;
898;Trovan Unique;"000770D8F5";23.08.2017;17:05:36;;-;-;;
899;Trovan Unique;"000770D8F5";23.08.2017;17:05:37;;-;-;;
900;Trovan Unique;"000770D8F5";23.08.2017;17:05:38;;-;-;;
901;Trovan Unique;"000770D8F5";23.08.2017;17:05:39;;-;-;;
902;Trovan Unique;"000770D8F5";23.08.2017;17:05:40;;-;-;;
903;Trovan Unique;"000770D8F5";23.08.2017;17:05:41;;-;-;;
904;Trovan Unique;"000770D8F5";23.08.2017;17:05:42;;-;-;;
905;Trovan Unique;"000770D8F5";23.08.2017;17:05:43;;-;-;;
906;Trovan Unique;"000770D8F5";23.08.2017;17:05:44;;-;-;;
907;Trovan Unique;"000770D8F5";23.08.2017;17:05:45;;-;-;;
908;Trovan Unique;"000770D8F5";23.08.2017;17:05:46;;-;-;;
909;Trovan Unique;"000770D8F5";23.08.2017;17:05:47;;-;-;;
910;Trovan Unique;"000770D8F5";23.08.2017;17:05:48;;-;-;;
911;Trovan Unique;"000770D8F5";23.08.2017;17:05:49;;-;-;;
912;Trovan Unique;"000770D8F5";23.08.2017;17:05:50;;-;-;;
913;Trovan Unique;"000770D8F5";23.08.2017;17:05:51;;-;-;;
914;Trovan Unique;"000770D8F5";23.08.2017;17:05:52;;-;-;;
915;Trovan Unique;"000770D8F5";23.08.2017;17:05:53;;-;-;;
916;Trovan Unique;"000770D8F5";23.08.2017;17:05:54;;-;-;;
917;Trovan Unique;"000770D8F5";23.08.2017;17:05:55;;-;-;;
918;Trovan Unique;"000770D8F5";23.08.2017;17:05:56;;-;-;;
919;Trovan Unique;"000770D8F5";23.08.2017;17:05:57;;-;-;;
920;Trovan Unique;"000770D8F5";23.08.2017;17:05:58;;-;-;;
921;Trovan Unique;"000770D8F5";23.08.2017;17:05:59;;-;-;;
922;Trovan Unique;"000770D8F5";23.08.2017;17:06:00;;-;-;;
923;Trovan Unique;"000770D8F5";23.08.2017;17:06:01;;-;-;;
924;Trovan Unique;"000770D8F5";23.08.2017;17:06:02;;-;-;;
925;Trovan Unique;"000770D8F5";23.08.2017;17:06:03;;-;-;;
926;Trovan Unique;"000770D8F5";23.08.2017;17:06:04;;-;-;;
927;Trovan Unique;"000770D8F5";23.08.2017;17:06:05;;-;-;;
928;Trovan Unique;"000770D8F5";23.08.2017;17:06:06;;-;-;;
929;Trovan Unique;"000770D8F5";23.08.2017;17:06:07;;-;-;;
930;Trovan Unique;"000770D8F5";23.08.2017;17:06:08;;-;-;;
931;Trovan Unique;"000770D8F5";23.08.2017;17:06:09;;-;-;;
932;Trovan Unique;"000770D8F5";23.08.2017;17:06:10;;-;-;;
933;Trovan Unique;"000770D8F5";23.08.2017;17:06:11;;-;-;;
934;Trovan Unique;"000770D8F5";23.08.2017;17:06:12;;-;-;;
935;Trovan Unique;"000770D8F5";23.08.2017;17:06:13;;-;-;;
936;Trovan Unique;"000770D8F5";23.08.2017;17:06:14;;-;-;;
937;Trovan Unique;"000770D8F5";23.08.2017;17:06:15;;-;-;;
938;Trovan Unique;"000770D8F5";23.08.2017;17:06:16;;-;-;;
939;Trovan Unique;"000770D8F5";23.08.2017;17:06:17;;-;-;;
940;Trovan Unique;"000770D8F5";23.08.2017;17:06:18;;-;-;;
941;Trovan Unique;"000770D8F5";23.08.2017;17:06:19;;-;-;;
942;Trovan Unique;"000770D8F5";23.08.2017;17:06:20;;-;-;;
943;Trovan Unique;"000770D8F5";23.08.2017;17:06:21;;-;-;;
944;Trovan Unique;"000770D8F5";23.08.2017;17:06:22;;-;-;;
945;Trovan Unique;"000770D8F5";23.08.2017;17:06:23;;-;-;;
946;Trovan Unique;"000770D8F5";23.08.2017;17:06:24;;-;-;;
947;Trovan Unique;"000770D8F5";23.08.2017;17:06:25;;-;-;;
948;Trovan Unique;"000770D8F5";23.08.2017;17:06:26;;-;-;;
949;Trovan Unique;"000770D8F5";23.08.2017;17:06:27;;-;-;;
950;Trovan Unique;"000770D8F5";23.08.2017;17:06:28;;-;-;;
951;Trovan Unique;"000770D8F5";23.08.2017;17:06:29;;-;-;;
952;Trovan Unique;"000770D8F5";23.08.2017;17:06:30;;-;-;;
953;Trovan Unique;"000770D8F5";23.08.2017;17:06:31;;-;-;;
954;Trovan Unique;"000770D8F5";23.08.2017;17:06:32;;-;-;;
955;Trovan Unique;"000770D8F5";23.08.2017;17:06:33;;-;-;;
956;Trovan Unique;"000770D8F5";23.08.2017;17:06:34;;-;-;;
957;Trovan Unique;"000770D8F5";23.08.2017;17:06:35;;-;-;;
958;Trovan Unique;"000770D8F5";23.08.2017;17:06:36;;-;-;;
959;Trovan Unique;"000770D8F5";23.08.2017;17:06:37;;-;-;;
960;Trovan Unique;"000770D8F5";23.08.2017;17:06:38;;-;-;;
961;Trovan Unique;"000770D8F5";23.08.2017;17:06:39;;-;-;;
962;Trovan Unique;"000770D8F5";23.08.2017;17:06:40;;-;-;;
963;Trovan Unique;"000770D8F5";23.08.2017;17:06:41;;-;-;;
964;Trovan Unique;"000770D8F5";23.08.2017;17:06:42;;-;-;;
965;Trovan Unique;"000770D8F5";23.08.2017;17:06:43;;-;-;;
966;Trovan Unique;"000770D8F5";23.08.2017;17:06:44;;-;-;;
967;Trovan Unique;"000770D8F5";23.08.2017;17:06:45;;-;-;;
968;Trovan Unique;"000770D8F5";23.08.2017;17:06:46;;-;-;;
969;Trovan Unique;"000770D8F5";23.08.2017;17:06:47;;-;-;;
970;Trovan Unique;"000770D8F5";23.08.2017;17:06:48;;-;-;;
971;Trovan Unique;"000770D8F5";23.08.2017;17:06:49;;-;-;;
972;Trovan Unique;"000770D8F5";23.08.2017;17:06:50;;-;-;;
973;Trovan Unique;"000770D8F5";23.08.2017;17:06:51;;-;-;;
974;Trovan Unique;"000770D8F5";23.08.2017;17:06:52;;-;-;;
975;Trovan Unique;"000770D8F5";23.08.2017;17:06:53;;-;-;;
976;Trovan Unique;"000770D8F5";23.08.2017;17:06:54;;-;-;;
977;Trovan Unique;"000770D8F5";23.08.2017;17:06:55;;-;-;;
978;Trovan Unique;"000770D8F5";23.08.2017;17:06:56;;-;-;;
979;Trovan Unique;"000770D8F5";23.08.2017;17:06:57;;-;-;;
980;Trovan Unique;"000770D8F5";23.08.2017;17:06:58;;-;-;;
981;Trovan Unique;"000770D8F5";23.08.2017;17:06:59;;-;-;;
982;Trovan Unique;"000770D8F5";23.08.2017;17:07:00;;-;-;;
983;Trovan Unique;"000770D8F5";23.08.2017;17:07:01;;-;-;;
984;Trovan Unique;"000770D8F5";23.08.2017;17:07:02;;-;-;;
985;Trovan Unique;"000770D8F5";23.08.2017;17:07:03;;-;-;;
986;Trovan Unique;"000770D8F5";23.08.2017;17:07:04;;-;-;;
987;Trovan Unique;"000770D8F5";23.08.2017;17:07:05;;-;-;;
988;Trovan Unique;"000770D8F5";23.08.2017;17:07:06;;-;-;;
989;Trovan Unique;"000770D8F5";23.08.2017;17:07:07;;-;-;;
990;Trovan Unique;"000770D8F5";23.08.2017;17:07:08;;-;-;;
991;Trovan Unique;"000770D8F5";23.08.2017;17:07:09;;-;-;;
992;Trovan Unique;"000770D8F5";23.08.2017;17:07:10;;-;-;;
993;Trovan Unique;"000770D8F5";23.08.2017;17:07:11;;-;-;;
994;Trovan Unique;"000770D8F5";23.08.2017;17:07:12;;-;-;;
995;Trovan Unique;"000770D8F5";23.08.2017;17:07:13;;-;-;;
996;Trovan Unique;"000770D8F5";23.08.2017;17:07:14;;-;-;;
997;Trovan Unique;"000770D8F5";23.08.2017;17:07:15;;-;-;;
998;Trovan Unique;"000770D8F5";23.08.2017;17:07:16;;-;-;;
999;Trovan Unique;"000770D8F5";23.08.2017;17:07:17;;-;-;;
1000;Trovan Unique;"000770D8F5";23.08.2017;17:07:18;;-;-;;
1001;Trovan Unique;"000770D8F5";23.08.2017;17:07:19;;-;-;;
1002;Trovan Unique;"000770D8F5";23.08.2017;17:07:20;;-;-;;
1003;Trovan Unique;"000770D8F5";23.08.2017;17:07:21;;-;-;;
1004;Trovan Unique;"000770D8F5";23.08.2017;17:07:22;;-;-;;
1005;Trovan Unique;"000770D8F5";23.08.2017;17:07:23;;-;-;;
1006;Trovan Unique;"000770D8F5";23.08.2017;17:07:24;;-;-;;
1007;Trovan Unique;"000770D8F5";23.08.2017;17:07:25;;-;-;;
1008;Trovan Unique;"000770D8F5";23.08.2017;17:07:26;;-;-;;
1009;Trovan Unique;"000770D8F5";23.08.2017;17:07:27;;-;-;;
1010;Trovan Unique;"000770D8F5";23.08.2017;17:07:28;;-;-;;
1011;Trovan Unique;"000770D8F5";23.08.2017;17:07:29;;-;-;;
1012;Trovan Unique;"000770D8F5";23.08.2017;17:07:30;;-;-;;
1013;Trovan Unique;"000770D8F5";23.08.2017;17:07:31;;-;-;;
1014;Trovan Unique;"000770D8F5";23.08.2017;17:07:32;;-;-;;
1015;Trovan Unique;"000770D8F5";23.08.2017;17:07:33;;-;-;;
1016;Trovan Unique;"000770D8F5";23.08.2017;17:07:34;;-;-;;
1017;Trovan Unique;"000770D8F5";23.08.2017;17:07:35;;-;-;;
1018;Trovan Unique;"000770D8F5";23.08.2017;17:07:36;;-;-;;
1019;Trovan Unique;"000770D8F5";23.08.2017;17:07:37;;-;-;;
1020;Trovan Unique;"000770D8F5";23.08.2017;17:07:38;;-;-;;
1021;Trovan Unique;"000770D8F5";23.08.2017;17:07:39;;-;-;;
1022;Trovan Unique;"000770D8F5";23.08.2017;17:07:40;;-;-;;
1023;Trovan Unique;"000770D8F5";23.08.2017;17:07:41;;-;-;;
1024;Trovan Unique;"000770D8F5";23.08.2017;17:07:42;;-;-;;
1025;Trovan Unique;"000770D8F5";23.08.2017;17:07:43;;-;-;;
1026;Trovan Unique;"000770D8F5";23.08.2017;17:07:44;;-;-;;
1027;Trovan Unique;"000770D8F5";23.08.2017;17:07:45;;-;-;;
1028;Trovan Unique;"000770D8F5";23.08.2017;17:07:46;;-;-;;
1029;Trovan Unique;"000770D8F5";23.08.2017;17:07:47;;-;-;;
1030;Trovan Unique;"000770D8F5";23.08.2017;17:07:48;;-;-;;
1031;Trovan Unique;"000770D8F5";23.08.2017;17:07:49;;-;-;;
1032;Trovan Unique;"000770D8F5";23.08.2017;17:07:50;;-;-;;
1033;Trovan Unique;"000770D8F5";23.08.2017;17:07:51;;-;-;;
1034;Trovan Unique;"000770D8F5";23.08.2017;17:07:52;;-;-;;
1035;Trovan Unique;"000770D8F5";23.08.2017;17:07:53;;-;-;;
1036;Trovan Unique;"000770D8F5";23.08.2017;17:07:54;;-;-;;
1037;Trovan Unique;"000770D8F5";23.08.2017;17:07:55;;-;-;;
1038;Trovan Unique;"000770D8F5";23.08.2017;17:07:56;;-;-;;
1039;Trovan Unique;"000770D8F5";23.08.2017;17:07:57;;-;-;;
1040;Trovan Unique;"000770D8F5";23.08.2017;17:07:58;;-;-;;
1041;Trovan Unique;"000770D8F5";23.08.2017;17:07:59;;-;-;;
1042;Trovan Unique;"000770D8F5";23.08.2017;17:08:00;;-;-;;
1043;Trovan Unique;"000770D8F5";23.08.2017;17:08:01;;-;-;;
1044;Trovan Unique;"000770D8F5";23.08.2017;17:08:02;;-;-;;
1045;Trovan Unique;"000770D8F5";23.08.2017;17:08:03;;-;-;;
1046;Trovan Unique;"000770D8F5";23.08.2017;17:08:04;;-;-;;
1047;Trovan Unique;"000770D8F5";23.08.2017;17:08:05;;-;-;;
1048;Trovan Unique;"000770D8F5";23.08.2017;17:08:06;;-;-;;
1049;Trovan Unique;"000770D8F5";23.08.2017;17:08:07;;-;-;;
1050;Trovan Unique;"000770D8F5";23.08.2017;17:08:08;;-;-;;
1051;Trovan Unique;"000770D8F5";23.08.2017;17:08:09;;-;-;;
1052;Trovan Unique;"000770D8F5";23.08.2017;17:08:10;;-;-;;
1053;Trovan Unique;"000770D8F5";23.08.2017;17:08:11;;-;-;;
1054;Trovan Unique;"000770D8F5";23.08.2017;17:08:12;;-;-;;
1055;Trovan Unique;"000770D8F5";23.08.2017;17:08:13;;-;-;;
1056;Trovan Unique;"000770D8F5";23.08.2017;17:08:14;;-;-;;
1057;Trovan Unique;"000770D8F5";23.08.2017;17:08:15;;-;-;;
1058;Trovan Unique;"000770D8F5";23.08.2017;17:08:16;;-;-;;
1059;Trovan Unique;"000770D8F5";23.08.2017;17:08:17;;-;-;;
1060;Trovan Unique;"000770D8F5";23.08.2017;17:08:18;;-;-;;
1061;Trovan Unique;"000770D8F5";23.08.2017;17:08:19;;-;-;;
1062;Trovan Unique;"000770D8F5";23.08.2017;17:08:20;;-;-;;
1063;Trovan Unique;"000770D8F5";23.08.2017;17:08:21;;-;-;;
1064;Trovan Unique;"000770D8F5";23.08.2017;17:08:22;;-;-;;
1065;Trovan Unique;"000770D8F5";23.08.2017;17:08:23;;-;-;;
1066;Trovan Unique;"000770D8F5";23.08.2017;17:08:24;;-;-;;
1067;Trovan Unique;"000770D8F5";23.08.2017;17:08:25;;-;-;;
1068;Trovan Unique;"000770D8F5";23.08.2017;17:08:26;;-;-;;
1069;Trovan Unique;"000770D8F5";23.08.2017;17:08:27;;-;-;;
1070;Trovan Unique;"000770D8F5";23.08.2017;17:08:28;;-;-;;
1071;Trovan Unique;"000770D8F5";23.08.2017;17:08:29;;-;-;;
1072;Trovan Unique;"000770D8F5";23.08.2017;17:08:30;;-;-;;
1073;Trovan Unique;"000770D8F5";23.08.2017;17:08:31;;-;-;;
1074;Trovan Unique;"000770D8F5";23.08.2017;17:08:32;;-;-;;
1075;Trovan Unique;"000770D8F5";23.08.2017;17:08:33;;-;-;;
1076;Trovan Unique;"000770D8F5";23.08.2017;17:08:34;;-;-;;
1077;Trovan Unique;"000770D8F5";23.08.2017;17:08:35;;-;-;;
1078;Trovan Unique;"000770D8F5";23.08.2017;17:08:36;;-;-;;
1079;Trovan Unique;"000770D8F5";23.08.2017;17:08:37;;-;-;;
1080;Trovan Unique;"000770D8F5";23.08.2017;17:08:38;;-;-;;
1081;Trovan Unique;"000770D8F5";23.08.2017;17:08:39;;-;-;;
1082;Trovan Unique;"000770D8F5";23.08.2017;17:08:40;;-;-;;
1083;Trovan Unique;"000770D8F5";23.08.2017;17:08:41;;-;-;;
1084;Trovan Unique;"000770D8F5";23.08.2017;17:08:42;;-;-;;
1085;Trovan Unique;"000770D8F5";23.08.2017;17:08:43;;-;-;;
1086;Trovan Unique;"000770D8F5";23.08.2017;17:08:44;;-;-;;
1087;Trovan Unique;"000770D8F5";23.08.2017;17:08:45;;-;-;;
1088;Trovan Unique;"000770D8F5";23.08.2017;17:08:46;;-;-;;
1089;Trovan Unique;"000770D8F5";23.08.2017;17:08:47;;-;-;;
1090;Trovan Unique;"000770D8F5";23.08.2017;17:08:48;;-;-;;
1091;Trovan Unique;"000770D8F5";23.08.2017;17:08:49;;-;-;;
1092;Trovan Unique;"000770D8F5";23.08.2017;17:08:50;;-;-;;
1093;Trovan Unique;"000770D8F5";23.08.2017;17:08:51;;-;-;;
1094;Trovan Unique;"000770D8F5";23.08.2017;17:08:52;;-;-;;
1095;Trovan Unique;"000770D8F5";23.08.2017;17:08:53;;-;-;;
1096;Trovan Unique;"000770D8F5";23.08.2017;17:08:54;;-;-;;
1097;Trovan Unique;"000770D8F5";23.08.2017;17:08:55;;-;-;;
1098;Trovan Unique;"000770D8F5";23.08.2017;17:08:56;;-;-;;
1099;Trovan Unique;"000770D8F5";23.08.2017;17:08:57;;-;-;;
1100;Trovan Unique;"000770D8F5";23.08.2017;17:08:58;;-;-;;
1101;Trovan Unique;"000770D8F5";23.08.2017;17:08:59;;-;-;;
1102;Trovan Unique;"000770D8F5";23.08.2017;17:09:00;;-;-;;
1103;Trovan Unique;"000770D8F5";23.08.2017;17:09:01;;-;-;;
1104;Trovan Unique;"000770D8F5";23.08.2017;17:09:02;;-;-;;
1105;Trovan Unique;"000770D8F5";23.08.2017;17:09:03;;-;-;;
1106;Trovan Unique;"000770D8F5";23.08.2017;17:09:04;;-;-;;
1107;Trovan Unique;"000770D8F5";23.08.2017;17:09:05;;-;-;;
1108;Trovan Unique;"000770D8F5";23.08.2017;17:09:06;;-;-;;
1109;Trovan Unique;"000770D8F5";23.08.2017;17:09:07;;-;-;;
1110;Trovan Unique;"000770D8F5";23.08.2017;17:09:08;;-;-;;
1111;Trovan Unique;"000770D8F5";23.08.2017;17:09:09;;-;-;;
1112;Trovan Unique;"000770D8F5";23.08.2017;17:09:10;;-;-;;
1113;Trovan Unique;"000770D8F5";23.08.2017;17:09:11;;-;-;;
1114;Trovan Unique;"000770D8F5";23.08.2017;17:09:12;;-;-;;
1115;Trovan Unique;"000770D8F5";23.08.2017;17:09:13;;-;-;;
1116;Trovan Unique;"000770D8F5";23.08.2017;17:09:14;;-;-;;
1117;Trovan Unique;"000770D8F5";23.08.2017;17:09:15;;-;-;;
1118;Trovan Unique;"000770D8F5";23.08.2017;17:09:16;;-;-;;
1119;Trovan Unique;"000770D8F5";23.08.2017;17:09:17;;-;-;;
1120;Trovan Unique;"000770D8F5";23.08.2017;17:09:18;;-;-;;
1121;Trovan Unique;"000770D8F5";23.08.2017;17:09:19;;-;-;;
1122;Trovan Unique;"000770D8F5";23.08.2017;17:09:20;;-;-;;
1123;Trovan Unique;"000770D8F5";23.08.2017;17:09:21;;-;-;;
1124;Trovan Unique;"000770D8F5";23.08.2017;17:09:22;;-;-;;
1125;Trovan Unique;"000770D8F5";23.08.2017;17:09:23;;-;-;;
1126;Trovan Unique;"000770D8F5";23.08.2017;17:09:24;;-;-;;
1127;Trovan Unique;"000770D8F5";23.08.2017;17:09:25;;-;-;;
1128;Trovan Unique;"000770D8F5";23.08.2017;17:09:26;;-;-;;
1129;Trovan Unique;"000770D8F5";23.08.2017;17:09:27;;-;-;;
1130;Trovan Unique;"000770D8F5";23.08.2017;17:09:28;;-;-;;
1131;Trovan Unique;"000770D8F5";23.08.2017;17:09:29;;-;-;;
1132;Trovan Unique;"000770D8F5";23.08.2017;17:09:30;;-;-;;
1133;Trovan Unique;"000770D8F5";23.08.2017;17:09:31;;-;-;;
1134;Trovan Unique;"000770D8F5";23.08.2017;17:09:32;;-;-;;
1135;Trovan Unique;"000770D8F5";23.08.2017;17:09:33;;-;-;;
1136;Trovan Unique;"000770D8F5";23.08.2017;17:09:34;;-;-;;
1137;Trovan Unique;"000770D8F5";23.08.2017;17:09:35;;-;-;;
1138;Trovan Unique;"000770D8F5";23.08.2017;17:09:36;;-;-;;
1139;Trovan Unique;"000770D8F5";23.08.2017;17:09:37;;-;-;;
1140;Trovan Unique;"000770D8F5";23.08.2017;17:09:38;;-;-;;
1141;Trovan Unique;"000770D8F5";23.08.2017;17:09:39;;-;-;;
1142;Trovan Unique;"000770D8F5";23.08.2017;17:09:40;;-;-;;
1143;Trovan Unique;"000770D8F5";23.08.2017;17:09:41;;-;-;;
1144;Trovan Unique;"000770D8F5";23.08.2017;17:09:42;;-;-;;
1145;Trovan Unique;"000770D8F5";23.08.2017;17:09:43;;-;-;;
1146;Trovan Unique;"000770D8F5";23.08.2017;17:09:44;;-;-;;
1147;Trovan Unique;"000770D8F5";23.08.2017;17:09:45;;-;-;;
1148;Trovan Unique;"000770D8F5";23.08.2017;17:09:46;;-;-;;
1149;Trovan Unique;"000770D8F5";23.08.2017;17:09:47;;-;-;;
1150;Trovan Unique;"000770D8F5";23.08.2017;17:09:48;;-;-;;
1151;Trovan Unique;"000770D8F5";23.08.2017;17:09:49;;-;-;;
1152;Trovan Unique;"000770D8F5";23.08.2017;17:09:50;;-;-;;
1153;Trovan Unique;"000770D8F5";23.08.2017;17:09:51;;-;-;;
1154;Trovan Unique;"000770D8F5";23.08.2017;17:09:52;;-;-;;
1155;Trovan Unique;"000770D8F5";23.08.2017;17:09:53;;-;-;;
1156;Trovan Unique;"000770D8F5";23.08.2017;17:09:54;;-;-;;
1157;Trovan Unique;"000770D8F5";23.08.2017;17:09:55;;-;-;;
1158;Trovan Unique;"000770D8F5";23.08.2017;17:09:56;;-;-;;
1159;Trovan Unique;"000770D8F5";23.08.2017;17:09:57;;-;-;;
1160;Trovan Unique;"000770D8F5";23.08.2017;17:09:58;;-;-;;
1161;Trovan Unique;"000770D8F5";23.08.2017;17:09:59;;-;-;;
1162;Trovan Unique;"000770D8F5";23.08.2017;17:10:00;;-;-;;
1163;Trovan Unique;"000770D8F5";23.08.2017;17:10:01;;-;-;;
1164;Trovan Unique;"000770D8F5";23.08.2017;17:10:02;;-;-;;
1165;Trovan Unique;"000770D8F5";23.08.2017;17:10:03;;-;-;;
1166;Trovan Unique;"000770D8F5";23.08.2017;17:10:04;;-;-;;
1167;Trovan Unique;"000770D8F5";23.08.2017;17:10:05;;-;-;;
1168;Trovan Unique;"000770D8F5";23.08.2017;17:10:06;;-;-;;
1169;Trovan Unique;"000770D8F5";23.08.2017;17:10:07;;-;-;;
1170;Trovan Unique;"000770D8F5";23.08.2017;17:10:08;;-;-;;
1171;Trovan Unique;"000770D8F5";23.08.2017;17:10:09;;-;-;;
1172;Trovan Unique;"000770D8F5";23.08.2017;17:10:10;;-;-;;
1173;Trovan Unique;"000770D8F5";23.08.2017;17:10:11;;-;-;;
1174;Trovan Unique;"000770D8F5";23.08.2017;17:10:12;;-;-;;
1175;Trovan Unique;"000770D8F5";23.08.2017;17:10:13;;-;-;;
1176;Trovan Unique;"000770D8F5";23.08.2017;17:10:14;;-;-;;
1177;Trovan Unique;"000770D8F5";23.08.2017;17:10:15;;-;-;;
1178;Trovan Unique;"000770D8F5";23.08.2017;17:10:16;;-;-;;
1179;Trovan Unique;"000770D8F5";23.08.2017;17:10:17;;-;-;;
1180;Trovan Unique;"000770D8F5";23.08.2017;17:10:18;;-;-;;
1181;Trovan Unique;"000770D8F5";23.08.2017;17:10:19;;-;-;;
1182;Trovan Unique;"000770D8F5";23.08.2017;17:10:20;;-;-;;
1183;Trovan Unique;"000770D8F5";23.08.2017;17:10:21;;-;-;;
1184;Trovan Unique;"000770D8F5";23.08.2017;17:10:22;;-;-;;
1185;Trovan Unique;"000770D8F5";23.08.2017;17:10:23;;-;-;;
1186;Trovan Unique;"000770D8F5";23.08.2017;17:10:24;;-;-;;
1187;Trovan Unique;"000770D8F5";23.08.2017;17:10:25;;-;-;;
1188;Trovan Unique;"000770D8F5";23.08.2017;17:10:26;;-;-;;
1189;Trovan Unique;"000770D8F5";23.08.2017;17:10:27;;-;-;;
1190;Trovan Unique;"000770D8F5";23.08.2017;17:10:28;;-;-;;
1191;Trovan Unique;"000770D8F5";23.08.2017;17:10:29;;-;-;;
1192;Trovan Unique;"000770D8F5";23.08.2017;17:10:30;;-;-;;
1193;Trovan Unique;"000770D8F5";23.08.2017;17:10:31;;-;-;;
1194;Trovan Unique;"000770D8F5";23.08.2017;17:10:32;;-;-;;
1195;Trovan Unique;"000770D8F5";23.08.2017;17:10:33;;-;-;;
1196;Trovan Unique;"000770D8F5";23.08.2017;17:10:34;;-;-;;
1197;Trovan Unique;"000770D8F5";23.08.2017;17:10:35;;-;-;;
1198;Trovan Unique;"000770D8F5";23.08.2017;17:10:36;;-;-;;
1199;Trovan Unique;"000770D8F5";23.08.2017;17:10:37;;-;-;;
1200;Trovan Unique;"000770D8F5";23.08.2017;17:10:38;;-;-;;
1201;Trovan Unique;"000770D8F5";23.08.2017;17:10:39;;-;-;;
1202;Trovan Unique;"000770D8F5";23.08.2017;17:10:40;;-;-;;
1203;Trovan Unique;"000770D8F5";23.08.2017;17:10:41;;-;-;;
1204;Trovan Unique;"000770D8F5";23.08.2017;17:10:42;;-;-;;
1205;Trovan Unique;"000770D8F5";23.08.2017;17:10:43;;-;-;;
1206;Trovan Unique;"000770D8F5";23.08.2017;17:10:44;;-;-;;
1207;Trovan Unique;"000770D8F5";23.08.2017;17:10:45;;-;-;;
1208;Trovan Unique;"000770D8F5";23.08.2017;17:10:46;;-;-;;
1209;Trovan Unique;"000770D8F5";23.08.2017;17:10:47;;-;-;;
1210;Trovan Unique;"000770D8F5";23.08.2017;17:10:48;;-;-;;
1211;Trovan Unique;"000770D8F5";23.08.2017;17:10:49;;-;-;;
1212;Trovan Unique;"000770D8F5";23.08.2017;17:10:50;;-;-;;
1213;Trovan Unique;"000770D8F5";23.08.2017;17:10:51;;-;-;;
1214;Trovan Unique;"000770D8F5";23.08.2017;17:10:52;;-;-;;
1215;Trovan Unique;"000770D8F5";23.08.2017;17:10:53;;-;-;;
1216;Trovan Unique;"000770D8F5";23.08.2017;17:10:54;;-;-;;
1217;Trovan Unique;"000770D8F5";23.08.2017;17:10:55;;-;-;;
1218;Trovan Unique;"000770D8F5";23.08.2017;17:10:56;;-;-;;
1219;Trovan Unique;"000770D8F5";23.08.2017;17:10:57;;-;-;;
1220;Trovan Unique;"000770D8F5";23.08.2017;17:10:58;;-;-;;
1221;Trovan Unique;"000770D8F5";23.08.2017;17:10:59;;-;-;;
1222;Trovan Unique;"000770D8F5";23.08.2017;17:11:00;;-;-;;
1223;Trovan Unique;"000770D8F5";23.08.2017;17:11:01;;-;-;;
1224;Trovan Unique;"000770D8F5";23.08.2017;17:11:02;;-;-;;
1225;Trovan Unique;"000770D8F5";23.08.2017;17:11:03;;-;-;;
1226;Trovan Unique;"000770D8F5";23.08.2017;17:11:04;;-;-;;
1227;Trovan Unique;"000770D8F5";23.08.2017;17:11:05;;-;-;;
1228;Trovan Unique;"000770D8F5";23.08.2017;17:11:06;;-;-;;
1229;Trovan Unique;"000770D8F5";23.08.2017;17:11:07;;-;-;;
1230;Trovan Unique;"000770D8F5";23.08.2017;17:11:08;;-;-;;
1231;Trovan Unique;"000770D8F5";23.08.2017;17:11:09;;-;-;;
1232;Trovan Unique;"000770D8F5";23.08.2017;17:11:10;;-;-;;
1233;Trovan Unique;"000770D8F5";23.08.2017;17:11:11;;-;-;;
1234;Trovan Unique;"000770D8F5";23.08.2017;17:11:12;;-;-;;
1235;Trovan Unique;"000770D8F5";23.08.2017;17:11:13;;-;-;;
1236;Trovan Unique;"000770D8F5";23.08.2017;17:11:14;;-;-;;
1237;Trovan Unique;"000770D8F5";23.08.2017;17:11:15;;-;-;;
1238;Trovan Unique;"000770D8F5";23.08.2017;17:11:16;;-;-;;
1239;Trovan Unique;"000770D8F5";23.08.2017;17:11:17;;-;-;;
1240;Trovan Unique;"000770D8F5";23.08.2017;17:11:18;;-;-;;
1241;Trovan Unique;"000770D8F5";23.08.2017;17:11:19;;-;-;;
1242;Trovan Unique;"000770D8F5";23.08.2017;17:11:20;;-;-;;
1243;Trovan Unique;"000770D8F5";23.08.2017;17:11:21;;-;-;;
1244;Trovan Unique;"000770D8F5";23.08.2017;17:11:22;;-;-;;
1245;Trovan Unique;"000770D8F5";23.08.2017;17:11:23;;-;-;;
1246;Trovan Unique;"000770D8F5";23.08.2017;17:11:24;;-;-;;
1247;Trovan Unique;"000770D8F5";23.08.2017;17:11:25;;-;-;;
1248;Trovan Unique;"000770D8F5";23.08.2017;17:11:26;;-;-;;
1249;Trovan Unique;"000770D8F5";23.08.2017;17:11:27;;-;-;;
1250;Trovan Unique;"000770D8F5";23.08.2017;17:11:28;;-;-;;
1251;Trovan Unique;"000770D8F5";23.08.2017;17:11:29;;-;-;;
1252;Trovan Unique;"000770D8F5";23.08.2017;17:11:30;;-;-;;
1253;Trovan Unique;"000770D8F5";23.08.2017;17:11:31;;-;-;;
1254;Trovan Unique;"000770D8F5";23.08.2017;17:11:32;;-;-;;
1255;Trovan Unique;"000770D8F5";23.08.2017;17:11:33;;-;-;;
1256;Trovan Unique;"000770D8F5";23.08.2017;17:11:34;;-;-;;
1257;Trovan Unique;"000770D8F5";23.08.2017;17:11:35;;-;-;;
1258;Trovan Unique;"000770D8F5";23.08.2017;17:11:36;;-;-;;
1259;Trovan Unique;"000770D8F5";23.08.2017;17:11:37;;-;-;;
1260;Trovan Unique;"000770D8F5";23.08.2017;17:11:38;;-;-;;
1261;Trovan Unique;"000770D8F5";23.08.2017;17:11:39;;-;-;;
1262;Trovan Unique;"000770D8F5";23.08.2017;17:11:40;;-;-;;
1263;Trovan Unique;"000770D8F5";23.08.2017;17:11:41;;-;-;;
1264;Trovan Unique;"000770D8F5";23.08.2017;17:11:42;;-;-;;
1265;Trovan Unique;"000770D8F5";23.08.2017;17:11:43;;-;-;;
1266;Trovan Unique;"000770D8F5";23.08.2017;17:11:44;;-;-;;
1267;Trovan Unique;"000770D8F5";23.08.2017;17:11:45;;-;-;;
1268;Trovan Unique;"000770D8F5";23.08.2017;17:11:46;;-;-;;
1269;Trovan Unique;"000770D8F5";23.08.2017;17:11:47;;-;-;;
1270;Trovan Unique;"000770D8F5";23.08.2017;17:11:48;;-;-;;
1271;Trovan Unique;"000770D8F5";23.08.2017;17:11:49;;-;-;;
1272;Trovan Unique;"000770D8F5";23.08.2017;17:11:50;;-;-;;
1273;Trovan Unique;"000770D8F5";23.08.2017;17:11:51;;-;-;;
1274;Trovan Unique;"000770D8F5";23.08.2017;17:11:52;;-;-;;
1275;Trovan Unique;"000770D8F5";23.08.2017;17:11:53;;-;-;;
1276;Trovan Unique;"000770D8F5";23.08.2017;17:11:54;;-;-;;
1277;Trovan Unique;"000770D8F5";23.08.2017;17:11:55;;-;-;;
1278;Trovan Unique;"000770D8F5";23.08.2017;17:11:56;;-;-;;
1279;Trovan Unique;"000770D8F5";23.08.2017;17:11:57;;-;-;;
1280;Trovan Unique;"000770D8F5";23.08.2017;17:11:58;;-;-;;
1281;Trovan Unique;"000770D8F5";23.08.2017;17:11:59;;-;-;;
1282;Trovan Unique;"000770D8F5";23.08.2017;17:12:00;;-;-;;
1283;Trovan Unique;"000770D8F5";23.08.2017;17:12:01;;-;-;;
1284;Trovan Unique;"000770D8F5";23.08.2017;17:12:02;;-;-;;
1285;Trovan Unique;"000770D8F5";23.08.2017;17:12:03;;-;-;;
1286;Trovan Unique;"000770D8F5";23.08.2017;17:12:04;;-;-;;
1287;Trovan Unique;"000770D8F5";23.08.2017;17:12:05;;-;-;;
1288;Trovan Unique;"000770D8F5";23.08.2017;17:12:06;;-;-;;
1289;Trovan Unique;"000770D8F5";23.08.2017;17:12:07;;-;-;;
1290;Trovan Unique;"000770D8F5";23.08.2017;17:12:08;;-;-;;
1291;Trovan Unique;"000770D8F5";23.08.2017;17:12:09;;-;-;;
1292;Trovan Unique;"000770D8F5";23.08.2017;17:12:10;;-;-;;
1293;Trovan Unique;"000770D8F5";23.08.2017;17:12:11;;-;-;;
1294;Trovan Unique;"000770D8F5";23.08.2017;17:12:12;;-;-;;
1295;Trovan Unique;"000770D8F5";23.08.2017;17:12:13;;-;-;;
1296;Trovan Unique;"000770D8F5";23.08.2017;17:12:14;;-;-;;
1297;Trovan Unique;"000770D8F5";23.08.2017;17:12:15;;-;-;;
1298;Trovan Unique;"000770D8F5";23.08.2017;17:12:16;;-;-;;
1299;Trovan Unique;"000770D8F5";23.08.2017;17:12:17;;-;-;;
1300;Trovan Unique;"000770D8F5";23.08.2017;17:12:18;;-;-;;
1301;Trovan Unique;"000770D8F5";23.08.2017;17:12:19;;-;-;;
1302;Trovan Unique;"000770D8F5";23.08.2017;17:12:20;;-;-;;
1303;Trovan Unique;"000770D8F5";23.08.2017;17:12:21;;-;-;;
1304;Trovan Unique;"000770D8F5";23.08.2017;17:12:22;;-;-;;
1305;Trovan Unique;"000770D8F5";23.08.2017;17:12:23;;-;-;;
1306;Trovan Unique;"000770D8F5";23.08.2017;17:12:24;;-;-;;
1307;Trovan Unique;"000770D8F5";23.08.2017;17:12:25;;-;-;;
1308;Trovan Unique;"000770D8F5";23.08.2017;17:12:26;;-;-;;
1309;Trovan Unique;"000770D8F5";23.08.2017;17:12:27;;-;-;;
1310;Trovan Unique;"000770D8F5";23.08.2017;17:12:28;;-;-;;
1311;Trovan Unique;"000770D8F5";23.08.2017;17:12:29;;-;-;;
1312;Trovan Unique;"000770D8F5";23.08.2017;17:12:30;;-;-;;
1313;Trovan Unique;"000770D8F5";23.08.2017;17:12:31;;-;-;;
1314;Trovan Unique;"000770D8F5";23.08.2017;17:12:32;;-;-;;
1315;Trovan Unique;"000770D8F5";23.08.2017;17:12:33;;-;-;;
1316;Trovan Unique;"000770D8F5";23.08.2017;17:12:34;;-;-;;
1317;Trovan Unique;"000770D8F5";23.08.2017;17:12:35;;-;-;;
1318;Trovan Unique;"000770D8F5";23.08.2017;17:12:36;;-;-;;
1319;Trovan Unique;"000770D8F5";23.08.2017;17:12:37;;-;-;;
1320;Trovan Unique;"000770D8F5";23.08.2017;17:12:38;;-;-;;
1321;Trovan Unique;"000770D8F5";23.08.2017;17:12:39;;-;-;;
1322;Trovan Unique;"000770D8F5";23.08.2017;17:12:40;;-;-;;
1323;Trovan Unique;"000770D8F5";23.08.2017;17:12:41;;-;-;;
1324;Trovan Unique;"000770D8F5";23.08.2017;17:12:42;;-;-;;
1325;Trovan Unique;"000770D8F5";23.08.2017;17:12:43;;-;-;;
1326;Trovan Unique;"000770D8F5";23.08.2017;17:12:44;;-;-;;
1327;Trovan Unique;"000770D8F5";23.08.2017;17:12:45;;-;-;;
1328;Trovan Unique;"000770D8F5";23.08.2017;17:12:46;;-;-;;
1329;Trovan Unique;"000770D8F5";23.08.2017;17:12:47;;-;-;;
1330;Trovan Unique;"000770D8F5";23.08.2017;17:12:48;;-;-;;
1331;Trovan Unique;"000770D8F5";23.08.2017;17:12:49;;-;-;;
1332;Trovan Unique;"000770D8F5";23.08.2017;17:12:50;;-;-;;
1333;Trovan Unique;"000770D8F5";23.08.2017;17:12:51;;-;-;;
1334;Trovan Unique;"000770D8F5";23.08.2017;17:12:52;;-;-;;
1335;Trovan Unique;"000770D8F5";23.08.2017;17:12:53;;-;-;;
1336;Trovan Unique;"000770D8F5";23.08.2017;17:12:54;;-;-;;
1337;Trovan Unique;"000770D8F5";23.08.2017;17:12:55;;-;-;;
1338;Trovan Unique;"000770D8F5";23.08.2017;17:12:56;;-;-;;
1339;Trovan Unique;"000770D8F5";23.08.2017;17:12:57;;-;-;;
1340;Trovan Unique;"000770D8F5";23.08.2017;17:12:58;;-;-;;
1341;Trovan Unique;"000770D8F5";23.08.2017;17:12:59;;-;-;;
1342;Trovan Unique;"000770D8F5";23.08.2017;17:13:00;;-;-;;
1343;Trovan Unique;"000770D8F5";23.08.2017;17:13:01;;-;-;;
1344;Trovan Unique;"000770D8F5";23.08.2017;17:13:02;;-;-;;
1345;Trovan Unique;"000770D8F5";23.08.2017;17:13:03;;-;-;;
1346;Trovan Unique;"000770D8F5";23.08.2017;17:13:04;;-;-;;
1347;Trovan Unique;"000770D8F5";23.08.2017;17:13:05;;-;-;;
1348;Trovan Unique;"000770D8F5";23.08.2017;17:13:06;;-;-;;
1349;Trovan Unique;"000770D8F5";23.08.2017;17:13:07;;-;-;;
1350;Trovan Unique;"000770D8F5";23.08.2017;17:13:08;;-;-;;
1351;Trovan Unique;"000770D8F5";23.08.2017;17:13:09;;-;-;;
1352;Trovan Unique;"000770D8F5";23.08.2017;17:13:10;;-;-;;
1353;Trovan Unique;"000770D8F5";23.08.2017;17:13:11;;-;-;;
1354;Trovan Unique;"000770D8F5";23.08.2017;17:13:12;;-;-;;
1355;Trovan Unique;"000770D8F5";23.08.2017;17:13:13;;-;-;;
1356;Trovan Unique;"000770D8F5";23.08.2017;17:13:14;;-;-;;
1357;Trovan Unique;"000770D8F5";23.08.2017;17:13:16;;-;-;;
1358;Trovan Unique;"000770D8F5";23.08.2017;17:13:17;;-;-;;
1359;Trovan Unique;"000770D8F5";23.08.2017;17:13:18;;-;-;;
1360;Trovan Unique;"000770D8F5";23.08.2017;17:13:19;;-;-;;
1361;Trovan Unique;"000770D8F5";23.08.2017;17:13:20;;-;-;;
1362;Trovan Unique;"000770D8F5";23.08.2017;17:13:21;;-;-;;
1363;Trovan Unique;"000770D8F5";23.08.2017;17:13:22;;-;-;;
1364;Trovan Unique;"000770D8F5";23.08.2017;17:13:23;;-;-;;
1365;Trovan Unique;"000770D8F5";23.08.2017;17:13:24;;-;-;;
1366;Trovan Unique;"000770D8F5";23.08.2017;17:13:25;;-;-;;
1367;Trovan Unique;"000770D8F5";23.08.2017;17:13:26;;-;-;;
1368;Trovan Unique;"000770D8F5";23.08.2017;17:13:27;;-;-;;
1369;Trovan Unique;"000770D8F5";23.08.2017;17:13:28;;-;-;;
1370;Trovan Unique;"000770D8F5";23.08.2017;17:13:29;;-;-;;
1371;Trovan Unique;"000770D8F5";23.08.2017;17:13:30;;-;-;;
1372;Trovan Unique;"000770D8F5";23.08.2017;17:13:31;;-;-;;
1373;Trovan Unique;"000770D8F5";23.08.2017;17:13:32;;-;-;;
1374;Trovan Unique;"000770D8F5";23.08.2017;17:13:33;;-;-;;
1375;Trovan Unique;"000770D8F5";23.08.2017;17:13:34;;-;-;;
1376;Trovan Unique;"000770D8F5";23.08.2017;17:13:35;;-;-;;
1377;Trovan Unique;"000770D8F5";23.08.2017;17:13:36;;-;-;;
1378;Trovan Unique;"000770D8F5";23.08.2017;17:13:37;;-;-;;
1379;Trovan Unique;"000770D8F5";23.08.2017;17:13:38;;-;-;;
1380;Trovan Unique;"000770D8F5";23.08.2017;17:13:39;;-;-;;
1381;Trovan Unique;"000770D8F5";23.08.2017;17:13:40;;-;-;;
1382;Trovan Unique;"000770D8F5";23.08.2017;17:13:41;;-;-;;
1383;Trovan Unique;"000770D8F5";23.08.2017;17:13:42;;-;-;;
1384;Trovan Unique;"000770D8F5";23.08.2017;17:13:43;;-;-;;
1385;Trovan Unique;"000770D8F5";23.08.2017;17:13:44;;-;-;;
1386;Trovan Unique;"000770D8F5";23.08.2017;17:13:45;;-;-;;
1387;Trovan Unique;"000770D8F5";23.08.2017;17:13:46;;-;-;;
1388;Trovan Unique;"000770D8F5";23.08.2017;17:13:47;;-;-;;
1389;Trovan Unique;"000770D8F5";23.08.2017;17:13:48;;-;-;;
1390;Trovan Unique;"000770D8F5";23.08.2017;17:13:49;;-;-;;
1391;Trovan Unique;"000770D8F5";23.08.2017;17:13:50;;-;-;;
1392;Trovan Unique;"000770D8F5";23.08.2017;17:13:51;;-;-;;
1393;Trovan Unique;"000770D8F5";23.08.2017;17:13:52;;-;-;;
1394;Trovan Unique;"000770D8F5";23.08.2017;17:13:53;;-;-;;
1395;Trovan Unique;"000770D8F5";23.08.2017;17:13:54;;-;-;;
1396;Trovan Unique;"000770D8F5";23.08.2017;17:13:55;;-;-;;
1397;Trovan Unique;"000770D8F5";23.08.2017;17:13:56;;-;-;;
1398;Trovan Unique;"000770D8F5";23.08.2017;17:13:57;;-;-;;
1399;Trovan Unique;"000770D8F5";23.08.2017;17:13:58;;-;-;;
1400;Trovan Unique;"000770D8F5";23.08.2017;17:13:59;;-;-;;
1401;Trovan Unique;"000770D8F5";23.08.2017;17:14:00;;-;-;;
1402;Trovan Unique;"000770D8F5";23.08.2017;17:14:01;;-;-;;
1403;Trovan Unique;"000770D8F5";23.08.2017;17:14:02;;-;-;;
1404;Trovan Unique;"000770D8F5";23.08.2017;17:14:03;;-;-;;
1405;Trovan Unique;"000770D8F5";23.08.2017;17:14:04;;-;-;;
1406;Trovan Unique;"000770D8F5";23.08.2017;17:14:05;;-;-;;
1407;Trovan Unique;"000770D8F5";23.08.2017;17:14:06;;-;-;;
1408;Trovan Unique;"000770D8F5";23.08.2017;17:14:07;;-;-;;
1409;Trovan Unique;"000770D8F5";23.08.2017;17:14:08;;-;-;;
1410;Trovan Unique;"000770D8F5";23.08.2017;17:14:09;;-;-;;
1411;Trovan Unique;"000770D8F5";23.08.2017;17:14:10;;-;-;;
1412;Trovan Unique;"000770D8F5";23.08.2017;17:14:11;;-;-;;
1413;Trovan Unique;"000770D8F5";23.08.2017;17:14:12;;-;-;;
1414;Trovan Unique;"000770D8F5";23.08.2017;17:14:13;;-;-;;
1415;Trovan Unique;"000770D8F5";23.08.2017;17:14:14;;-;-;;
1416;Trovan Unique;"000770D8F5";23.08.2017;17:14:15;;-;-;;
1417;Trovan Unique;"000770D8F5";23.08.2017;17:14:16;;-;-;;
1418;Trovan Unique;"000770D8F5";23.08.2017;17:14:17;;-;-;;
1419;Trovan Unique;"000770D8F5";23.08.2017;17:14:18;;-;-;;
1420;Trovan Unique;"000770D8F5";23.08.2017;17:14:19;;-;-;;
1421;Trovan Unique;"000770D8F5";23.08.2017;17:14:20;;-;-;;
1422;Trovan Unique;"000770D8F5";23.08.2017;17:14:21;;-;-;;
1423;Trovan Unique;"000770D8F5";23.08.2017;17:14:22;;-;-;;
1424;Trovan Unique;"000770D8F5";23.08.2017;17:14:23;;-;-;;
1425;Trovan Unique;"000770D8F5";23.08.2017;17:14:24;;-;-;;
1426;Trovan Unique;"000770D8F5";23.08.2017;17:14:25;;-;-;;
1427;Trovan Unique;"000770D8F5";23.08.2017;17:14:26;;-;-;;
1428;Trovan Unique;"000770D8F5";23.08.2017;17:14:27;;-;-;;
1429;Trovan Unique;"000770D8F5";23.08.2017;17:14:28;;-;-;;
1430;Trovan Unique;"000770D8F5";23.08.2017;17:14:29;;-;-;;
1431;Trovan Unique;"000770D8F5";23.08.2017;17:14:30;;-;-;;
1432;Trovan Unique;"000770D8F5";23.08.2017;17:14:31;;-;-;;
1433;Trovan Unique;"000770D8F5";23.08.2017;17:14:32;;-;-;;
1434;Trovan Unique;"000770D8F5";23.08.2017;17:14:33;;-;-;;
1435;Trovan Unique;"000770D8F5";23.08.2017;17:14:34;;-;-;;
1436;Trovan Unique;"000770D8F5";23.08.2017;17:14:35;;-;-;;
1437;Trovan Unique;"000770D8F5";23.08.2017;17:14:36;;-;-;;
1438;Trovan Unique;"000770D8F5";23.08.2017;17:14:37;;-;-;;
1439;Trovan Unique;"000770D8F5";23.08.2017;17:14:38;;-;-;;
1440;Trovan Unique;"000770D8F5";23.08.2017;17:14:39;;-;-;;
1441;Trovan Unique;"000770D8F5";23.08.2017;17:14:40;;-;-;;
1442;Trovan Unique;"000770D8F5";23.08.2017;17:14:41;;-;-;;
1443;Trovan Unique;"000770D8F5";23.08.2017;17:14:42;;-;-;;
1444;Trovan Unique;"000770D8F5";23.08.2017;17:14:43;;-;-;;
1445;Trovan Unique;"000770D8F5";23.08.2017;17:14:44;;-;-;;
1446;Trovan Unique;"000770D8F5";23.08.2017;17:14:45;;-;-;;
1447;Trovan Unique;"000770D8F5";23.08.2017;17:14:46;;-;-;;
1448;Trovan Unique;"000770D8F5";23.08.2017;17:14:47;;-;-;;
1449;Trovan Unique;"000770D8F5";23.08.2017;17:14:48;;-;-;;
1450;Trovan Unique;"000770D8F5";23.08.2017;17:14:49;;-;-;;
1451;Trovan Unique;"000770D8F5";23.08.2017;17:14:50;;-;-;;
1452;Trovan Unique;"000770D8F5";23.08.2017;17:14:51;;-;-;;
1453;Trovan Unique;"000770D8F5";23.08.2017;17:14:52;;-;-;;
1454;Trovan Unique;"000770D8F5";23.08.2017;17:14:53;;-;-;;
1455;Trovan Unique;"000770D8F5";23.08.2017;17:14:54;;-;-;;
1456;Trovan Unique;"000770D8F5";23.08.2017;17:14:55;;-;-;;
1457;Trovan Unique;"000770D8F5";23.08.2017;17:14:56;;-;-;;
1458;Trovan Unique;"000770D8F5";23.08.2017;17:14:57;;-;-;;
1459;Trovan Unique;"000770D8F5";23.08.2017;17:14:58;;-;-;;
1460;Trovan Unique;"000770D8F5";23.08.2017;17:14:59;;-;-;;
1461;Trovan Unique;"000770D8F5";23.08.2017;17:15:00;;-;-;;
1462;Trovan Unique;"000770D8F5";23.08.2017;17:15:01;;-;-;;
1463;Trovan Unique;"000770D8F5";23.08.2017;17:15:02;;-;-;;
1464;Trovan Unique;"000770D8F5";23.08.2017;17:15:03;;-;-;;
1465;Trovan Unique;"000770D8F5";23.08.2017;17:15:04;;-;-;;
1466;Trovan Unique;"000770D8F5";23.08.2017;17:15:05;;-;-;;
1467;Trovan Unique;"000770D8F5";23.08.2017;17:15:06;;-;-;;
1468;Trovan Unique;"000770D8F5";23.08.2017;17:15:07;;-;-;;
1469;Trovan Unique;"000770D8F5";23.08.2017;17:15:08;;-;-;;
1470;Trovan Unique;"000770D8F5";23.08.2017;17:15:09;;-;-;;
1471;Trovan Unique;"000770D8F5";23.08.2017;17:15:10;;-;-;;
1472;Trovan Unique;"000770D8F5";23.08.2017;17:15:11;;-;-;;
1473;Trovan Unique;"000770D8F5";23.08.2017;17:15:12;;-;-;;
1474;Trovan Unique;"000770D8F5";23.08.2017;17:15:13;;-;-;;
1475;Trovan Unique;"000770D8F5";23.08.2017;17:15:14;;-;-;;
1476;Trovan Unique;"000770D8F5";23.08.2017;17:15:15;;-;-;;
1477;Trovan Unique;"000770D8F5";23.08.2017;17:15:16;;-;-;;
1478;Trovan Unique;"000770D8F5";23.08.2017;17:15:17;;-;-;;
1479;Trovan Unique;"000770D8F5";23.08.2017;17:15:18;;-;-;;
1480;Trovan Unique;"000770D8F5";23.08.2017;17:15:19;;-;-;;
1481;Trovan Unique;"000770D8F5";23.08.2017;17:15:20;;-;-;;
1482;Trovan Unique;"000770D8F5";23.08.2017;17:15:21;;-;-;;
1483;Trovan Unique;"000770D8F5";23.08.2017;17:15:22;;-;-;;
1484;Trovan Unique;"000770D8F5";23.08.2017;17:15:23;;-;-;;
1485;Trovan Unique;"000770D8F5";23.08.2017;17:15:24;;-;-;;
1486;Trovan Unique;"000770D8F5";23.08.2017;17:15:25;;-;-;;
1487;Trovan Unique;"000770D8F5";23.08.2017;17:15:26;;-;-;;
1488;Trovan Unique;"000770D8F5";23.08.2017;17:15:27;;-;-;;
1489;Trovan Unique;"000770D8F5";23.08.2017;17:15:28;;-;-;;
1490;Trovan Unique;"000770D8F5";23.08.2017;17:15:29;;-;-;;
1491;Trovan Unique;"000770D8F5";23.08.2017;17:15:30;;-;-;;
1492;Trovan Unique;"000770D8F5";23.08.2017;17:15:31;;-;-;;
1493;Trovan Unique;"000770D8F5";23.08.2017;17:15:32;;-;-;;
1494;Trovan Unique;"000770D8F5";23.08.2017;17:15:33;;-;-;;
1495;Trovan Unique;"000770D8F5";23.08.2017;17:15:34;;-;-;;
1496;Trovan Unique;"000770D8F5";23.08.2017;17:15:35;;-;-;;
1497;Trovan Unique;"000770D8F5";23.08.2017;17:15:36;;-;-;;
1498;Trovan Unique;"000770D8F5";23.08.2017;17:15:37;;-;-;;
1499;Trovan Unique;"000770D8F5";23.08.2017;17:15:38;;-;-;;
1500;Trovan Unique;"000770D8F5";23.08.2017;17:15:39;;-;-;;
1501;Trovan Unique;"000770D8F5";23.08.2017;17:15:40;;-;-;;
1502;Trovan Unique;"000770D8F5";23.08.2017;17:15:41;;-;-;;
1503;Trovan Unique;"000770D8F5";23.08.2017;17:15:42;;-;-;;
1504;Trovan Unique;"000770D8F5";23.08.2017;17:15:43;;-;-;;
1505;Trovan Unique;"000770D8F5";23.08.2017;17:15:44;;-;-;;
1506;Trovan Unique;"000770D8F5";23.08.2017;17:15:45;;-;-;;
1507;Trovan Unique;"000770D8F5";23.08.2017;17:15:46;;-;-;;
1508;Trovan Unique;"000770D8F5";23.08.2017;17:15:47;;-;-;;
1509;Trovan Unique;"000770D8F5";23.08.2017;17:15:48;;-;-;;
1510;Trovan Unique;"000770D8F5";23.08.2017;17:15:49;;-;-;;
1511;Trovan Unique;"000770D8F5";23.08.2017;17:15:50;;-;-;;
1512;Trovan Unique;"000770D8F5";23.08.2017;17:15:51;;-;-;;
1513;Trovan Unique;"000770D8F5";23.08.2017;17:15:52;;-;-;;
1514;Trovan Unique;"000770D8F5";23.08.2017;17:15:53;;-;-;;
1515;Trovan Unique;"000770D8F5";23.08.2017;17:15:54;;-;-;;
1516;Trovan Unique;"000770D8F5";23.08.2017;17:15:55;;-;-;;
1517;Trovan Unique;"000770D8F5";23.08.2017;17:15:56;;-;-;;
1518;Trovan Unique;"000770D8F5";23.08.2017;17:15:57;;-;-;;
1519;Trovan Unique;"000770D8F5";23.08.2017;17:15:58;;-;-;;
1520;Trovan Unique;"000770D8F5";23.08.2017;17:15:59;;-;-;;
1521;Trovan Unique;"000770D8F5";23.08.2017;17:16:00;;-;-;;
1522;Trovan Unique;"000770D8F5";23.08.2017;17:16:01;;-;-;;
1523;Trovan Unique;"000770D8F5";23.08.2017;17:16:02;;-;-;;
1524;Trovan Unique;"000770D8F5";23.08.2017;17:16:03;;-;-;;
1525;Trovan Unique;"000770D8F5";23.08.2017;17:16:04;;-;-;;
1526;Trovan Unique;"000770D8F5";23.08.2017;17:16:05;;-;-;;
1527;Trovan Unique;"000770D8F5";23.08.2017;17:16:06;;-;-;;
1528;Trovan Unique;"000770D8F5";23.08.2017;17:16:07;;-;-;;
1529;Trovan Unique;"000770D8F5";23.08.2017;17:16:08;;-;-;;
1530;Trovan Unique;"000770D8F5";23.08.2017;17:16:09;;-;-;;
1531;Trovan Unique;"000770D8F5";23.08.2017;17:16:10;;-;-;;
1532;Trovan Unique;"000770D8F5";23.08.2017;17:16:11;;-;-;;
1533;Trovan Unique;"000770D8F5";23.08.2017;17:16:12;;-;-;;
1534;Trovan Unique;"000770D8F5";23.08.2017;17:16:13;;-;-;;
1535;Trovan Unique;"000770D8F5";23.08.2017;17:16:14;;-;-;;
1536;Trovan Unique;"000770D8F5";23.08.2017;17:16:15;;-;-;;
1537;Trovan Unique;"000770D8F5";23.08.2017;17:16:16;;-;-;;
1538;Trovan Unique;"000770D8F5";23.08.2017;17:16:17;;-;-;;
1539;Trovan Unique;"000770D8F5";23.08.2017;17:16:18;;-;-;;
1540;Trovan Unique;"000770D8F5";23.08.2017;17:16:19;;-;-;;
1541;Trovan Unique;"000770D8F5";23.08.2017;17:16:20;;-;-;;
1542;Trovan Unique;"000770D8F5";23.08.2017;17:16:21;;-;-;;
1543;Trovan Unique;"000770D8F5";23.08.2017;17:16:22;;-;-;;
1544;Trovan Unique;"000770D8F5";23.08.2017;17:16:23;;-;-;;
1545;Trovan Unique;"000770D8F5";23.08.2017;17:16:24;;-;-;;
1546;Trovan Unique;"000770D8F5";23.08.2017;17:16:25;;-;-;;
1547;Trovan Unique;"000770D8F5";23.08.2017;17:16:26;;-;-;;
1548;Trovan Unique;"000770D8F5";23.08.2017;17:16:27;;-;-;;
1549;Trovan Unique;"000770D8F5";23.08.2017;17:16:28;;-;-;;
1550;Trovan Unique;"000770D8F5";23.08.2017;17:16:29;;-;-;;
1551;Trovan Unique;"000770D8F5";23.08.2017;17:16:30;;-;-;;
1552;Trovan Unique;"000770D8F5";23.08.2017;17:16:31;;-;-;;
1553;Trovan Unique;"000770D8F5";23.08.2017;17:16:32;;-;-;;
1554;Trovan Unique;"000770D8F5";23.08.2017;17:16:33;;-;-;;
1555;Trovan Unique;"000770D8F5";23.08.2017;17:16:34;;-;-;;
1556;Trovan Unique;"000770D8F5";23.08.2017;17:16:35;;-;-;;
1557;Trovan Unique;"000770D8F5";23.08.2017;17:16:36;;-;-;;
1558;Trovan Unique;"000770D8F5";23.08.2017;17:16:37;;-;-;;
1559;Trovan Unique;"000770D8F5";23.08.2017;17:16:38;;-;-;;
1560;Trovan Unique;"000770D8F5";23.08.2017;17:16:39;;-;-;;
1561;Trovan Unique;"000770D8F5";23.08.2017;17:16:40;;-;-;;
1562;Trovan Unique;"000770D8F5";23.08.2017;17:16:41;;-;-;;
1563;Trovan Unique;"000770D8F5";23.08.2017;17:16:42;;-;-;;
1564;Trovan Unique;"000770D8F5";23.08.2017;17:16:43;;-;-;;
1565;Trovan Unique;"000770D8F5";23.08.2017;17:16:44;;-;-;;
1566;Trovan Unique;"000770D8F5";23.08.2017;17:16:45;;-;-;;
1567;Trovan Unique;"000770D8F5";23.08.2017;17:16:46;;-;-;;
1568;Trovan Unique;"000770D8F5";23.08.2017;17:16:47;;-;-;;
1569;Trovan Unique;"000770D8F5";23.08.2017;17:16:48;;-;-;;
1570;Trovan Unique;"000770D8F5";23.08.2017;17:16:49;;-;-;;
1571;Trovan Unique;"000770D8F5";23.08.2017;17:16:50;;-;-;;
1572;Trovan Unique;"000770D8F5";23.08.2017;17:16:51;;-;-;;
1573;Trovan Unique;"000770D8F5";23.08.2017;17:16:52;;-;-;;
1574;Trovan Unique;"000770D8F5";23.08.2017;17:16:53;;-;-;;
1575;Trovan Unique;"000770D8F5";23.08.2017;17:16:54;;-;-;;
1576;Trovan Unique;"000770D8F5";23.08.2017;17:16:55;;-;-;;
1577;Trovan Unique;"000770D8F5";23.08.2017;17:16:56;;-;-;;
1578;Trovan Unique;"000770D8F5";23.08.2017;17:16:57;;-;-;;
1579;Trovan Unique;"000770D8F5";23.08.2017;17:16:58;;-;-;;
1580;Trovan Unique;"000770D8F5";23.08.2017;17:16:59;;-;-;;
1581;Trovan Unique;"000770D8F5";23.08.2017;17:17:00;;-;-;;
1582;Trovan Unique;"000770D8F5";23.08.2017;17:17:01;;-;-;;
1583;Trovan Unique;"000770D8F5";23.08.2017;17:17:02;;-;-;;
1584;Trovan Unique;"000770D8F5";23.08.2017;17:17:03;;-;-;;
1585;Trovan Unique;"000770D8F5";23.08.2017;17:17:04;;-;-;;
1586;Trovan Unique;"000770D8F5";23.08.2017;17:17:05;;-;-;;
1587;Trovan Unique;"000770D8F5";23.08.2017;17:17:06;;-;-;;
1588;Trovan Unique;"000770D8F5";23.08.2017;17:17:07;;-;-;;
1589;Trovan Unique;"000770D8F5";23.08.2017;17:17:08;;-;-;;
1590;Trovan Unique;"000770D8F5";23.08.2017;17:17:09;;-;-;;
1591;Trovan Unique;"000770D8F5";23.08.2017;17:17:10;;-;-;;
1592;Trovan Unique;"000770D8F5";23.08.2017;17:17:11;;-;-;;
1593;Trovan Unique;"000770D8F5";23.08.2017;17:17:12;;-;-;;
1594;Trovan Unique;"000770D8F5";23.08.2017;17:17:13;;-;-;;
1595;Trovan Unique;"000770D8F5";23.08.2017;17:17:14;;-;-;;
1596;Trovan Unique;"000770D8F5";23.08.2017;17:17:15;;-;-;;
1597;Trovan Unique;"000770D8F5";23.08.2017;17:17:16;;-;-;;
1598;Trovan Unique;"000770D8F5";23.08.2017;17:17:17;;-;-;;
1599;Trovan Unique;"000770D8F5";23.08.2017;17:17:18;;-;-;;
1600;Trovan Unique;"000770D8F5";23.08.2017;17:17:19;;-;-;;
1601;Trovan Unique;"000770D8F5";23.08.2017;17:17:20;;-;-;;
1602;Trovan Unique;"000770D8F5";23.08.2017;17:17:21;;-;-;;
1603;Trovan Unique;"000770D8F5";23.08.2017;17:17:22;;-;-;;
1604;Trovan Unique;"000770D8F5";23.08.2017;17:17:23;;-;-;;
1605;Trovan Unique;"000770D8F5";23.08.2017;17:17:24;;-;-;;
1606;Trovan Unique;"000770D8F5";23.08.2017;17:17:25;;-;-;;
1607;Trovan Unique;"000770D8F5";23.08.2017;17:17:26;;-;-;;
1608;Trovan Unique;"000770D8F5";23.08.2017;17:17:27;;-;-;;
1609;Trovan Unique;"000770D8F5";23.08.2017;17:17:28;;-;-;;
1610;Trovan Unique;"000770D8F5";23.08.2017;17:17:29;;-;-;;
1611;Trovan Unique;"000770D8F5";23.08.2017;17:17:30;;-;-;;
1612;Trovan Unique;"000770D8F5";23.08.2017;17:17:31;;-;-;;
1613;Trovan Unique;"000770D8F5";23.08.2017;17:17:32;;-;-;;
1614;Trovan Unique;"000770D8F5";23.08.2017;17:17:33;;-;-;;
1615;Trovan Unique;"000770D8F5";23.08.2017;17:17:34;;-;-;;
1616;Trovan Unique;"000770D8F5";23.08.2017;17:17:35;;-;-;;
1617;Trovan Unique;"000770D8F5";23.08.2017;17:17:36;;-;-;;
1618;Trovan Unique;"000770D8F5";23.08.2017;17:17:37;;-;-;;
1619;Trovan Unique;"000770D8F5";23.08.2017;17:17:38;;-;-;;
1620;Trovan Unique;"000770D8F5";23.08.2017;17:17:39;;-;-;;
1621;Trovan Unique;"000770D8F5";23.08.2017;17:17:40;;-;-;;
1622;Trovan Unique;"000770D8F5";23.08.2017;17:17:41;;-;-;;
1623;Trovan Unique;"000770D8F5";23.08.2017;17:17:42;;-;-;;
1624;Trovan Unique;"000770D8F5";23.08.2017;17:17:43;;-;-;;
1625;Trovan Unique;"000770D8F5";23.08.2017;17:17:44;;-;-;;
1626;Trovan Unique;"000770D8F5";23.08.2017;17:17:45;;-;-;;
1627;Trovan Unique;"000770D8F5";23.08.2017;17:17:46;;-;-;;
1628;Trovan Unique;"000770D8F5";23.08.2017;17:17:47;;-;-;;
1629;Trovan Unique;"000770D8F5";23.08.2017;17:17:48;;-;-;;
1630;Trovan Unique;"000770D8F5";23.08.2017;17:17:49;;-;-;;
1631;Trovan Unique;"000770D8F5";23.08.2017;17:17:50;;-;-;;
1632;Trovan Unique;"000770D8F5";23.08.2017;17:17:51;;-;-;;
1633;Trovan Unique;"000770D8F5";23.08.2017;17:17:52;;-;-;;
1634;Trovan Unique;"000770D8F5";23.08.2017;17:17:53;;-;-;;
1635;Trovan Unique;"000770D8F5";23.08.2017;17:17:54;;-;-;;
1636;Trovan Unique;"000770D8F5";23.08.2017;17:17:55;;-;-;;
1637;Trovan Unique;"000770D8F5";23.08.2017;17:17:56;;-;-;;
1638;Trovan Unique;"000770D8F5";23.08.2017;17:17:57;;-;-;;
1639;Trovan Unique;"000770D8F5";23.08.2017;17:17:58;;-;-;;
1640;Trovan Unique;"000770D8F5";23.08.2017;17:17:59;;-;-;;
1641;Trovan Unique;"000770D8F5";23.08.2017;17:18:00;;-;-;;
1642;Trovan Unique;"000770D8F5";23.08.2017;17:18:01;;-;-;;
1643;Trovan Unique;"000770D8F5";23.08.2017;17:18:02;;-;-;;
1644;Trovan Unique;"000770D8F5";23.08.2017;17:18:03;;-;-;;
1645;Trovan Unique;"000770D8F5";23.08.2017;17:18:04;;-;-;;
1646;Trovan Unique;"000770D8F5";23.08.2017;17:18:05;;-;-;;
1647;Trovan Unique;"000770D8F5";23.08.2017;17:18:06;;-;-;;
1648;Trovan Unique;"000770D8F5";23.08.2017;17:18:07;;-;-;;
1649;Trovan Unique;"000770D8F5";23.08.2017;17:18:08;;-;-;;
1650;Trovan Unique;"000770D8F5";23.08.2017;17:18:09;;-;-;;
1651;Trovan Unique;"000770D8F5";23.08.2017;17:18:10;;-;-;;
1652;Trovan Unique;"000770D8F5";23.08.2017;17:18:11;;-;-;;
1653;Trovan Unique;"000770D8F5";23.08.2017;17:18:12;;-;-;;
1654;Trovan Unique;"000770D8F5";23.08.2017;17:18:13;;-;-;;
1655;Trovan Unique;"000770D8F5";23.08.2017;17:18:14;;-;-;;
1656;Trovan Unique;"000770D8F5";23.08.2017;17:18:15;;-;-;;
1657;Trovan Unique;"000770D8F5";23.08.2017;17:18:16;;-;-;;
1658;Trovan Unique;"000770D8F5";23.08.2017;17:18:17;;-;-;;
1659;Trovan Unique;"000770D8F5";23.08.2017;17:18:18;;-;-;;
1660;Trovan Unique;"000770D8F5";23.08.2017;17:18:19;;-;-;;
1661;Trovan Unique;"000770D8F5";23.08.2017;17:18:20;;-;-;;
1662;Trovan Unique;"000770D8F5";23.08.2017;17:18:21;;-;-;;
1663;Trovan Unique;"000770D8F5";23.08.2017;17:18:22;;-;-;;
1664;Trovan Unique;"000770D8F5";23.08.2017;17:18:23;;-;-;;
1665;Trovan Unique;"000770D8F5";23.08.2017;17:18:24;;-;-;;
1666;Trovan Unique;"000770D8F5";23.08.2017;17:18:25;;-;-;;
1667;Trovan Unique;"000770D8F5";23.08.2017;17:18:26;;-;-;;
1668;Trovan Unique;"000770D8F5";23.08.2017;17:18:27;;-;-;;
1669;Trovan Unique;"000770D8F5";23.08.2017;17:18:28;;-;-;;
1670;Trovan Unique;"000770D8F5";23.08.2017;17:18:29;;-;-;;
1671;Trovan Unique;"000770D8F5";23.08.2017;17:18:30;;-;-;;
1672;Trovan Unique;"000770D8F5";23.08.2017;17:18:31;;-;-;;
1673;Trovan Unique;"000770D8F5";23.08.2017;17:18:32;;-;-;;
1674;Trovan Unique;"000770D8F5";23.08.2017;17:18:33;;-;-;;
1675;Trovan Unique;"000770D8F5";23.08.2017;17:18:34;;-;-;;
1676;Trovan Unique;"000770D8F5";23.08.2017;17:18:35;;-;-;;
1677;Trovan Unique;"000770D8F5";23.08.2017;17:18:36;;-;-;;
1678;Trovan Unique;"000770D8F5";23.08.2017;17:18:37;;-;-;;
1679;Trovan Unique;"000770D8F5";23.08.2017;17:18:38;;-;-;;
1680;Trovan Unique;"000770D8F5";23.08.2017;17:18:39;;-;-;;
1681;Trovan Unique;"000770D8F5";23.08.2017;17:18:40;;-;-;;
1682;Trovan Unique;"000770D8F5";23.08.2017;17:18:41;;-;-;;
1683;Trovan Unique;"000770D8F5";23.08.2017;17:18:42;;-;-;;
1684;Trovan Unique;"000770D8F5";23.08.2017;17:18:43;;-;-;;
1685;Trovan Unique;"000770D8F5";23.08.2017;17:18:44;;-;-;;
1686;Trovan Unique;"000770D8F5";23.08.2017;17:18:45;;-;-;;
1687;Trovan Unique;"000770D8F5";23.08.2017;17:18:46;;-;-;;
1688;Trovan Unique;"000770D8F5";23.08.2017;17:18:47;;-;-;;
1689;Trovan Unique;"000770D8F5";23.08.2017;17:18:48;;-;-;;
1690;Trovan Unique;"000770D8F5";23.08.2017;17:18:49;;-;-;;
1691;Trovan Unique;"000770D8F5";23.08.2017;17:18:50;;-;-;;
1692;Trovan Unique;"000770D8F5";23.08.2017;17:18:51;;-;-;;
1693;Trovan Unique;"000770D8F5";23.08.2017;17:18:52;;-;-;;
1694;Trovan Unique;"000770D8F5";23.08.2017;17:18:53;;-;-;;
1695;Trovan Unique;"000770D8F5";23.08.2017;17:18:54;;-;-;;
1696;Trovan Unique;"000770D8F5";23.08.2017;17:18:55;;-;-;;
1697;Trovan Unique;"000770D8F5";23.08.2017;17:18:56;;-;-;;
1698;Trovan Unique;"000770D8F5";23.08.2017;17:18:57;;-;-;;
1699;Trovan Unique;"000770D8F5";23.08.2017;17:18:58;;-;-;;
1700;Trovan Unique;"000770D8F5";23.08.2017;17:18:59;;-;-;;
1701;Trovan Unique;"000770D8F5";23.08.2017;17:19:00;;-;-;;
1702;Trovan Unique;"000770D8F5";23.08.2017;17:19:01;;-;-;;
1703;Trovan Unique;"000770D8F5";23.08.2017;17:19:02;;-;-;;
1704;Trovan Unique;"000770D8F5";23.08.2017;17:19:03;;-;-;;
1705;Trovan Unique;"000770D8F5";23.08.2017;17:19:04;;-;-;;
1706;Trovan Unique;"000770D8F5";23.08.2017;17:19:05;;-;-;;
1707;Trovan Unique;"000770D8F5";23.08.2017;17:19:06;;-;-;;
1708;Trovan Unique;"000770D8F5";23.08.2017;17:19:07;;-;-;;
1709;Trovan Unique;"000770D8F5";23.08.2017;17:19:08;;-;-;;
1710;Trovan Unique;"000770D8F5";23.08.2017;17:19:09;;-;-;;
1711;Trovan Unique;"000770D8F5";23.08.2017;17:19:10;;-;-;;
1712;Trovan Unique;"000770D8F5";23.08.2017;17:19:11;;-;-;;
1713;Trovan Unique;"000770D8F5";23.08.2017;17:19:12;;-;-;;
1714;Trovan Unique;"000770D8F5";23.08.2017;17:19:13;;-;-;;
1715;Trovan Unique;"000770D8F5";23.08.2017;17:19:14;;-;-;;
1716;Trovan Unique;"000770D8F5";23.08.2017;17:19:15;;-;-;;
1717;Trovan Unique;"000770D8F5";23.08.2017;17:19:16;;-;-;;
1718;Trovan Unique;"000770D8F5";23.08.2017;17:19:17;;-;-;;
1719;Trovan Unique;"000770D8F5";23.08.2017;17:19:18;;-;-;;
1720;Trovan Unique;"000770D8F5";23.08.2017;17:19:19;;-;-;;
1721;Trovan Unique;"000770D8F5";23.08.2017;17:19:20;;-;-;;
1722;Trovan Unique;"000770D8F5";23.08.2017;17:19:21;;-;-;;
1723;Trovan Unique;"000770D8F5";23.08.2017;17:19:22;;-;-;;
1724;Trovan Unique;"000770D8F5";23.08.2017;17:19:23;;-;-;;
1725;Trovan Unique;"000770D8F5";23.08.2017;17:19:24;;-;-;;
1726;Trovan Unique;"000770D8F5";23.08.2017;17:19:25;;-;-;;
1727;Trovan Unique;"000770D8F5";23.08.2017;17:19:26;;-;-;;
1728;Trovan Unique;"000770D8F5";23.08.2017;17:19:27;;-;-;;
1729;Trovan Unique;"000770D8F5";23.08.2017;17:19:28;;-;-;;
1730;Trovan Unique;"000770D8F5";23.08.2017;17:19:29;;-;-;;
1731;Trovan Unique;"000770D8F5";23.08.2017;17:19:30;;-;-;;
1732;Trovan Unique;"000770D8F5";23.08.2017;17:19:31;;-;-;;
1733;Trovan Unique;"000770D8F5";23.08.2017;17:19:32;;-;-;;
1734;Trovan Unique;"000770D8F5";23.08.2017;17:19:33;;-;-;;
1735;Trovan Unique;"000770D8F5";23.08.2017;17:19:34;;-;-;;
1736;Trovan Unique;"000770D8F5";23.08.2017;17:19:35;;-;-;;
1737;Trovan Unique;"000770D8F5";23.08.2017;17:19:36;;-;-;;
1738;Trovan Unique;"000770D8F5";23.08.2017;17:19:37;;-;-;;
1739;Trovan Unique;"000770D8F5";23.08.2017;17:19:38;;-;-;;
1740;Trovan Unique;"000770D8F5";23.08.2017;17:19:39;;-;-;;
1741;Trovan Unique;"000770D8F5";23.08.2017;17:19:40;;-;-;;
1742;Trovan Unique;"000770D8F5";23.08.2017;17:19:41;;-;-;;
1743;Trovan Unique;"000770D8F5";23.08.2017;17:19:42;;-;-;;
1744;Trovan Unique;"000770D8F5";23.08.2017;17:19:43;;-;-;;
1745;Trovan Unique;"000770D8F5";23.08.2017;17:19:44;;-;-;;
1746;Trovan Unique;"000770D8F5";23.08.2017;17:19:45;;-;-;;
1747;Trovan Unique;"000770D8F5";23.08.2017;17:19:46;;-;-;;
1748;Trovan Unique;"000770D8F5";23.08.2017;17:19:47;;-;-;;
1749;Trovan Unique;"000770D8F5";23.08.2017;17:19:48;;-;-;;
1750;Trovan Unique;"000770D8F5";23.08.2017;17:19:49;;-;-;;
1751;Trovan Unique;"000770D8F5";23.08.2017;17:19:50;;-;-;;
1752;Trovan Unique;"000770D8F5";23.08.2017;17:19:51;;-;-;;
1753;Trovan Unique;"000770D8F5";23.08.2017;17:19:52;;-;-;;
1754;Trovan Unique;"000770D8F5";23.08.2017;17:19:53;;-;-;;
1755;Trovan Unique;"000770D8F5";23.08.2017;17:19:54;;-;-;;
1756;Trovan Unique;"000770D8F5";23.08.2017;17:19:55;;-;-;;
1757;Trovan Unique;"000770D8F5";23.08.2017;17:19:56;;-;-;;
1758;Trovan Unique;"000770D8F5";23.08.2017;17:19:57;;-;-;;
1759;Trovan Unique;"000770D8F5";23.08.2017;17:19:58;;-;-;;
1760;Trovan Unique;"000770D8F5";23.08.2017;17:19:59;;-;-;;
1761;Trovan Unique;"000770D8F5";23.08.2017;17:20:00;;-;-;;
1762;Trovan Unique;"000770D8F5";23.08.2017;17:20:01;;-;-;;
1763;Trovan Unique;"000770D8F5";23.08.2017;17:20:02;;-;-;;
1764;Trovan Unique;"000770D8F5";23.08.2017;17:20:03;;-;-;;
1765;Trovan Unique;"000770D8F5";23.08.2017;17:20:04;;-;-;;
1766;Trovan Unique;"000770D8F5";23.08.2017;17:20:05;;-;-;;
1767;Trovan Unique;"000770D8F5";23.08.2017;17:20:06;;-;-;;
1768;Trovan Unique;"000770D8F5";23.08.2017;17:20:07;;-;-;;
1769;Trovan Unique;"000770D8F5";23.08.2017;17:20:08;;-;-;;
1770;Trovan Unique;"000770D8F5";23.08.2017;17:20:09;;-;-;;
1771;Trovan Unique;"000770D8F5";23.08.2017;17:20:10;;-;-;;
1772;Trovan Unique;"000770D8F5";23.08.2017;17:20:11;;-;-;;
1773;Trovan Unique;"000770D8F5";23.08.2017;17:20:12;;-;-;;
1774;Trovan Unique;"000770D8F5";23.08.2017;17:20:13;;-;-;;
1775;Trovan Unique;"000770D8F5";23.08.2017;17:20:14;;-;-;;
1776;Trovan Unique;"000770D8F5";23.08.2017;17:20:15;;-;-;;
1777;Trovan Unique;"000770D8F5";23.08.2017;17:20:16;;-;-;;
1778;Trovan Unique;"000770D8F5";23.08.2017;17:20:17;;-;-;;
1779;Trovan Unique;"000770D8F5";23.08.2017;17:20:18;;-;-;;
1780;Trovan Unique;"000770D8F5";23.08.2017;17:20:19;;-;-;;
1781;Trovan Unique;"000770D8F5";23.08.2017;17:20:20;;-;-;;
1782;Trovan Unique;"000770D8F5";23.08.2017;17:20:21;;-;-;;
1783;Trovan Unique;"000770D8F5";23.08.2017;17:20:22;;-;-;;
1784;Trovan Unique;"000770D8F5";23.08.2017;17:20:23;;-;-;;
1785;Trovan Unique;"000770D8F5";23.08.2017;17:20:24;;-;-;;
1786;Trovan Unique;"000770D8F5";23.08.2017;17:20:25;;-;-;;
1787;Trovan Unique;"000770D8F5";23.08.2017;17:20:26;;-;-;;
1788;Trovan Unique;"000770D8F5";23.08.2017;17:20:27;;-;-;;
1789;Trovan Unique;"000770D8F5";23.08.2017;17:20:28;;-;-;;
1790;Trovan Unique;"000770D8F5";23.08.2017;17:20:29;;-;-;;
1791;Trovan Unique;"000770D8F5";23.08.2017;17:20:30;;-;-;;
1792;Trovan Unique;"000770D8F5";23.08.2017;17:20:31;;-;-;;
1793;Trovan Unique;"000770D8F5";23.08.2017;17:20:32;;-;-;;
1794;Trovan Unique;"000770D8F5";23.08.2017;17:20:33;;-;-;;
1795;Trovan Unique;"000770D8F5";23.08.2017;17:20:34;;-;-;;
1796;Trovan Unique;"000770D8F5";23.08.2017;17:20:35;;-;-;;
1797;Trovan Unique;"000770D8F5";23.08.2017;17:20:36;;-;-;;
1798;Trovan Unique;"000770D8F5";23.08.2017;17:20:37;;-;-;;
1799;Trovan Unique;"000770D8F5";23.08.2017;17:20:38;;-;-;;
1800;Trovan Unique;"000770D8F5";23.08.2017;17:20:39;;-;-;;
1801;Trovan Unique;"000770D8F5";23.08.2017;17:20:40;;-;-;;
1802;Trovan Unique;"000770D8F5";23.08.2017;17:20:41;;-;-;;
1803;Trovan Unique;"000770D8F5";23.08.2017;17:20:42;;-;-;;
1804;Trovan Unique;"000770D8F5";23.08.2017;17:20:43;;-;-;;
1805;Trovan Unique;"000770D8F5";23.08.2017;17:20:44;;-;-;;
1806;Trovan Unique;"000770D8F5";23.08.2017;17:20:45;;-;-;;
1807;Trovan Unique;"000770D8F5";23.08.2017;17:20:46;;-;-;;
1808;Trovan Unique;"000770D8F5";23.08.2017;17:20:47;;-;-;;
1809;Trovan Unique;"000770D8F5";23.08.2017;17:20:48;;-;-;;
1810;Trovan Unique;"000770D8F5";23.08.2017;17:20:49;;-;-;;
1811;Trovan Unique;"000770D8F5";23.08.2017;17:20:50;;-;-;;
1812;Trovan Unique;"000770D8F5";23.08.2017;17:20:51;;-;-;;
1813;Trovan Unique;"000770D8F5";23.08.2017;17:20:52;;-;-;;
1814;Trovan Unique;"000770D8F5";23.08.2017;17:20:53;;-;-;;
1815;Trovan Unique;"000770D8F5";23.08.2017;17:20:54;;-;-;;
1816;Trovan Unique;"000770D8F5";23.08.2017;17:20:55;;-;-;;
1817;Trovan Unique;"000770D8F5";23.08.2017;17:20:56;;-;-;;
1818;Trovan Unique;"000770D8F5";23.08.2017;17:20:57;;-;-;;
1819;Trovan Unique;"000770D8F5";23.08.2017;17:20:58;;-;-;;
1820;Trovan Unique;"000770D8F5";23.08.2017;17:20:59;;-;-;;
1821;Trovan Unique;"000770D8F5";23.08.2017;17:21:00;;-;-;;
1822;Trovan Unique;"000770D8F5";23.08.2017;17:21:01;;-;-;;
1823;Trovan Unique;"000770D8F5";23.08.2017;17:21:02;;-;-;;
1824;Trovan Unique;"000770D8F5";23.08.2017;17:21:03;;-;-;;
1825;Trovan Unique;"000770D8F5";23.08.2017;17:21:04;;-;-;;
1826;Trovan Unique;"000770D8F5";23.08.2017;17:21:05;;-;-;;
1827;Trovan Unique;"000770D8F5";23.08.2017;17:21:06;;-;-;;
1828;Trovan Unique;"000770D8F5";23.08.2017;17:21:07;;-;-;;
1829;Trovan Unique;"000770D8F5";23.08.2017;17:21:08;;-;-;;
1830;Trovan Unique;"000770D8F5";23.08.2017;17:21:09;;-;-;;
1831;Trovan Unique;"000770D8F5";23.08.2017;17:21:10;;-;-;;
1832;Trovan Unique;"000770D8F5";23.08.2017;17:21:11;;-;-;;
1833;Trovan Unique;"000770D8F5";23.08.2017;17:21:12;;-;-;;
1834;Trovan Unique;"000770D8F5";23.08.2017;17:21:13;;-;-;;
1835;Trovan Unique;"000770D8F5";23.08.2017;17:21:14;;-;-;;
1836;Trovan Unique;"000770D8F5";23.08.2017;17:21:15;;-;-;;
1837;Trovan Unique;"000770D8F5";23.08.2017;17:21:16;;-;-;;
1838;Trovan Unique;"000770D8F5";23.08.2017;17:21:17;;-;-;;
1839;Trovan Unique;"000770D8F5";23.08.2017;17:21:18;;-;-;;
1840;Trovan Unique;"000770D8F5";23.08.2017;17:21:19;;-;-;;
1841;Trovan Unique;"000770D8F5";23.08.2017;17:21:20;;-;-;;
1842;Trovan Unique;"000770D8F5";23.08.2017;17:21:21;;-;-;;
1843;Trovan Unique;"000770D8F5";23.08.2017;17:21:22;;-;-;;
1844;Trovan Unique;"000770D8F5";23.08.2017;17:21:23;;-;-;;
1845;Trovan Unique;"000770D8F5";23.08.2017;17:21:24;;-;-;;
1846;Trovan Unique;"000770D8F5";23.08.2017;17:21:25;;-;-;;
1847;Trovan Unique;"000770D8F5";23.08.2017;17:21:26;;-;-;;
1848;Trovan Unique;"000770D8F5";23.08.2017;17:21:27;;-;-;;
1849;Trovan Unique;"000770D8F5";23.08.2017;17:21:28;;-;-;;
1850;Trovan Unique;"000770D8F5";23.08.2017;17:21:29;;-;-;;
1851;Trovan Unique;"000770D8F5";23.08.2017;17:21:30;;-;-;;
1852;Trovan Unique;"000770D8F5";23.08.2017;17:21:31;;-;-;;
1853;Trovan Unique;"000770D8F5";23.08.2017;17:21:32;;-;-;;
1854;Trovan Unique;"000770D8F5";23.08.2017;17:21:33;;-;-;;
1855;Trovan Unique;"000770D8F5";23.08.2017;17:21:34;;-;-;;
1856;Trovan Unique;"000770D8F5";23.08.2017;17:21:35;;-;-;;
1857;Trovan Unique;"000770D8F5";23.08.2017;17:21:36;;-;-;;
1858;Trovan Unique;"000770D8F5";23.08.2017;17:21:37;;-;-;;
1859;Trovan Unique;"000770D8F5";23.08.2017;17:21:38;;-;-;;
1860;Trovan Unique;"000770D8F5";23.08.2017;17:21:39;;-;-;;
1861;Trovan Unique;"000770D8F5";23.08.2017;17:21:40;;-;-;;
1862;Trovan Unique;"000770D8F5";23.08.2017;17:21:41;;-;-;;
1863;Trovan Unique;"000770D8F5";23.08.2017;17:21:42;;-;-;;
1864;Trovan Unique;"000770D8F5";23.08.2017;17:21:43;;-;-;;
1865;Trovan Unique;"000770D8F5";23.08.2017;17:21:44;;-;-;;
1866;Trovan Unique;"000770D8F5";23.08.2017;17:21:45;;-;-;;
1867;Trovan Unique;"000770D8F5";23.08.2017;17:21:46;;-;-;;
1868;Trovan Unique;"000770D8F5";23.08.2017;17:21:47;;-;-;;
1869;Trovan Unique;"000770D8F5";23.08.2017;17:21:48;;-;-;;
1870;Trovan Unique;"000770D8F5";23.08.2017;17:21:49;;-;-;;
1871;Trovan Unique;"000770D8F5";23.08.2017;17:21:50;;-;-;;
1872;Trovan Unique;"000770D8F5";23.08.2017;17:21:51;;-;-;;
1873;Trovan Unique;"000770D8F5";23.08.2017;17:21:52;;-;-;;
1874;Trovan Unique;"000770D8F5";23.08.2017;17:21:53;;-;-;;
1875;Trovan Unique;"000770D8F5";23.08.2017;17:21:54;;-;-;;
1876;Trovan Unique;"000770D8F5";23.08.2017;17:21:55;;-;-;;
1877;Trovan Unique;"000770D8F5";23.08.2017;17:21:56;;-;-;;
1878;Trovan Unique;"000770D8F5";23.08.2017;17:21:57;;-;-;;
1879;Trovan Unique;"000770D8F5";23.08.2017;17:21:58;;-;-;;
1880;Trovan Unique;"000770D8F5";23.08.2017;17:21:59;;-;-;;
1881;Trovan Unique;"000770D8F5";23.08.2017;17:22:00;;-;-;;
1882;Trovan Unique;"000770D8F5";23.08.2017;17:22:01;;-;-;;
1883;Trovan Unique;"000770D8F5";23.08.2017;17:22:02;;-;-;;
1884;Trovan Unique;"000770D8F5";23.08.2017;17:22:03;;-;-;;
1885;Trovan Unique;"000770D8F5";23.08.2017;17:22:04;;-;-;;
1886;Trovan Unique;"000770D8F5";23.08.2017;17:22:05;;-;-;;
1887;Trovan Unique;"000770D8F5";23.08.2017;17:22:06;;-;-;;
1888;Trovan Unique;"000770D8F5";23.08.2017;17:22:07;;-;-;;
1889;Trovan Unique;"000770D8F5";23.08.2017;17:22:08;;-;-;;
1890;Trovan Unique;"000770D8F5";23.08.2017;17:22:09;;-;-;;
1891;Trovan Unique;"000770D8F5";23.08.2017;17:22:10;;-;-;;
1892;Trovan Unique;"000770D8F5";23.08.2017;17:22:11;;-;-;;
1893;Trovan Unique;"000770D8F5";23.08.2017;17:22:12;;-;-;;
1894;Trovan Unique;"000770D8F5";23.08.2017;17:22:13;;-;-;;
1895;Trovan Unique;"000770D8F5";23.08.2017;17:22:14;;-;-;;
1896;Trovan Unique;"000770D8F5";23.08.2017;17:22:15;;-;-;;
1897;Trovan Unique;"000770D8F5";23.08.2017;17:22:16;;-;-;;
1898;Trovan Unique;"000770D8F5";23.08.2017;17:22:17;;-;-;;
1899;Trovan Unique;"000770D8F5";23.08.2017;17:22:18;;-;-;;
1900;Trovan Unique;"000770D8F5";23.08.2017;17:22:19;;-;-;;
1901;Trovan Unique;"000770D8F5";23.08.2017;17:22:20;;-;-;;
1902;Trovan Unique;"000770D8F5";23.08.2017;17:22:21;;-;-;;
1903;Trovan Unique;"000770D8F5";23.08.2017;17:22:22;;-;-;;
1904;Trovan Unique;"000770D8F5";23.08.2017;17:22:23;;-;-;;
1905;Trovan Unique;"000770D8F5";23.08.2017;17:22:24;;-;-;;
1906;Trovan Unique;"000770D8F5";23.08.2017;17:22:25;;-;-;;
1907;Trovan Unique;"000770D8F5";23.08.2017;17:22:26;;-;-;;
1908;Trovan Unique;"000770D8F5";23.08.2017;17:22:27;;-;-;;
1909;Trovan Unique;"000770D8F5";23.08.2017;17:22:28;;-;-;;
1910;Trovan Unique;"000770D8F5";23.08.2017;17:22:29;;-;-;;
1911;Trovan Unique;"000770D8F5";23.08.2017;17:22:30;;-;-;;
1912;Trovan Unique;"000770D8F5";23.08.2017;17:22:31;;-;-;;
1913;Trovan Unique;"000770D8F5";23.08.2017;17:22:32;;-;-;;
1914;Trovan Unique;"000770D8F5";23.08.2017;17:22:33;;-;-;;
1915;Trovan Unique;"000770D8F5";23.08.2017;17:22:34;;-;-;;
1916;Trovan Unique;"000770D8F5";23.08.2017;17:22:35;;-;-;;
1917;Trovan Unique;"000770D8F5";23.08.2017;17:22:36;;-;-;;
1918;Trovan Unique;"000770D8F5";23.08.2017;17:22:37;;-;-;;
1919;Trovan Unique;"000770D8F5";23.08.2017;17:22:38;;-;-;;
1920;Trovan Unique;"000770D8F5";23.08.2017;17:22:39;;-;-;;
1921;Trovan Unique;"000770D8F5";23.08.2017;17:22:40;;-;-;;
1922;Trovan Unique;"000770D8F5";23.08.2017;17:22:41;;-;-;;
1923;Trovan Unique;"000770D8F5";23.08.2017;17:22:42;;-;-;;
1924;Trovan Unique;"000770D8F5";23.08.2017;17:22:43;;-;-;;
1925;Trovan Unique;"000770D8F5";23.08.2017;17:22:44;;-;-;;
1926;Trovan Unique;"000770D8F5";23.08.2017;17:22:45;;-;-;;
1927;Trovan Unique;"000770D8F5";23.08.2017;17:22:46;;-;-;;
1928;Trovan Unique;"000770D8F5";23.08.2017;17:22:47;;-;-;;
1929;Trovan Unique;"000770D8F5";23.08.2017;17:22:48;;-;-;;
1930;Trovan Unique;"000770D8F5";23.08.2017;17:22:49;;-;-;;
1931;Trovan Unique;"000770D8F5";23.08.2017;17:22:50;;-;-;;
1932;Trovan Unique;"000770D8F5";23.08.2017;17:22:51;;-;-;;
1933;Trovan Unique;"000770D8F5";23.08.2017;17:22:52;;-;-;;
1934;Trovan Unique;"000770D8F5";23.08.2017;17:22:53;;-;-;;
1935;Trovan Unique;"000770D8F5";23.08.2017;17:22:54;;-;-;;
1936;Trovan Unique;"000770D8F5";23.08.2017;17:22:55;;-;-;;
1937;Trovan Unique;"000770D8F5";23.08.2017;17:22:56;;-;-;;
1938;Trovan Unique;"000770D8F5";23.08.2017;17:22:57;;-;-;;
1939;Trovan Unique;"000770D8F5";23.08.2017;17:22:58;;-;-;;
1940;Trovan Unique;"000770D8F5";23.08.2017;17:22:59;;-;-;;
1941;Trovan Unique;"000770D8F5";23.08.2017;17:23:00;;-;-;;
1942;Trovan Unique;"000770D8F5";23.08.2017;17:23:01;;-;-;;
1943;Trovan Unique;"000770D8F5";23.08.2017;17:23:02;;-;-;;
1944;Trovan Unique;"000770D8F5";23.08.2017;17:23:03;;-;-;;
1945;Trovan Unique;"000770D8F5";23.08.2017;17:23:04;;-;-;;
1946;Trovan Unique;"000770D8F5";23.08.2017;17:23:05;;-;-;;
1947;Trovan Unique;"000770D8F5";23.08.2017;17:23:06;;-;-;;
1948;Trovan Unique;"000770D8F5";23.08.2017;17:23:07;;-;-;;
1949;Trovan Unique;"000770D8F5";23.08.2017;17:23:08;;-;-;;
1950;Trovan Unique;"000770D8F5";23.08.2017;17:23:09;;-;-;;
1951;Trovan Unique;"000770D8F5";23.08.2017;17:23:10;;-;-;;
1952;Trovan Unique;"000770D8F5";23.08.2017;17:23:11;;-;-;;
1953;Trovan Unique;"000770D8F5";23.08.2017;17:23:12;;-;-;;
1954;Trovan Unique;"000770D8F5";23.08.2017;17:23:13;;-;-;;
1955;Trovan Unique;"000770D8F5";23.08.2017;17:23:14;;-;-;;
1956;Trovan Unique;"000770D8F5";23.08.2017;17:23:15;;-;-;;
1957;Trovan Unique;"000770D8F5";23.08.2017;17:23:16;;-;-;;
1958;Trovan Unique;"000770D8F5";23.08.2017;17:23:17;;-;-;;
1959;Trovan Unique;"000770D8F5";23.08.2017;17:23:18;;-;-;;
1960;Trovan Unique;"000770D8F5";23.08.2017;17:23:19;;-;-;;
1961;Trovan Unique;"000770D8F5";23.08.2017;17:23:20;;-;-;;
1962;Trovan Unique;"000770D8F5";23.08.2017;17:23:21;;-;-;;
1963;Trovan Unique;"000770D8F5";23.08.2017;17:23:22;;-;-;;
1964;Trovan Unique;"000770D8F5";23.08.2017;17:23:23;;-;-;;
1965;Trovan Unique;"000770D8F5";23.08.2017;17:23:24;;-;-;;
1966;Trovan Unique;"000770D8F5";23.08.2017;17:23:25;;-;-;;
1967;Trovan Unique;"000770D8F5";23.08.2017;17:23:26;;-;-;;
1968;Trovan Unique;"000770D8F5";23.08.2017;17:23:27;;-;-;;
1969;Trovan Unique;"000770D8F5";23.08.2017;17:23:28;;-;-;;
1970;Trovan Unique;"000770D8F5";23.08.2017;17:23:29;;-;-;;
1971;Trovan Unique;"000770D8F5";23.08.2017;17:23:30;;-;-;;
1972;Trovan Unique;"000770D8F5";23.08.2017;17:23:31;;-;-;;
1973;Trovan Unique;"000770D8F5";23.08.2017;17:23:32;;-;-;;
1974;Trovan Unique;"000770D8F5";23.08.2017;17:23:33;;-;-;;
1975;Trovan Unique;"000770D8F5";23.08.2017;17:23:34;;-;-;;
1976;Trovan Unique;"000770D8F5";23.08.2017;17:23:35;;-;-;;
1977;Trovan Unique;"000770D8F5";23.08.2017;17:23:36;;-;-;;
1978;Trovan Unique;"000770D8F5";23.08.2017;17:23:37;;-;-;;
1979;Trovan Unique;"000770D8F5";23.08.2017;17:23:38;;-;-;;
1980;Trovan Unique;"000770D8F5";23.08.2017;17:23:39;;-;-;;
1981;Trovan Unique;"000770D8F5";23.08.2017;17:23:40;;-;-;;
1982;Trovan Unique;"000770D8F5";23.08.2017;17:23:41;;-;-;;
1983;Trovan Unique;"000770D8F5";23.08.2017;17:23:42;;-;-;;
1984;Trovan Unique;"000770D8F5";23.08.2017;17:23:43;;-;-;;
1985;Trovan Unique;"000770D8F5";23.08.2017;17:23:44;;-;-;;
1986;Trovan Unique;"000770D8F5";23.08.2017;17:23:45;;-;-;;
1987;Trovan Unique;"000770D8F5";23.08.2017;17:23:46;;-;-;;
1988;Trovan Unique;"000770D8F5";23.08.2017;17:23:47;;-;-;;
1989;Trovan Unique;"000770D8F5";23.08.2017;17:23:48;;-;-;;
1990;Trovan Unique;"000770D8F5";23.08.2017;17:23:49;;-;-;;
1991;Trovan Unique;"000770D8F5";23.08.2017;17:23:50;;-;-;;
1992;Trovan Unique;"000770D8F5";23.08.2017;17:23:51;;-;-;;
1993;Trovan Unique;"000770D8F5";23.08.2017;17:23:52;;-;-;;
1994;Trovan Unique;"000770D8F5";23.08.2017;17:23:53;;-;-;;
1995;Trovan Unique;"000770D8F5";23.08.2017;17:23:54;;-;-;;
1996;Trovan Unique;"000770D8F5";23.08.2017;17:23:55;;-;-;;
1997;Trovan Unique;"000770D8F5";23.08.2017;17:23:56;;-;-;;
1998;Trovan Unique;"000770D8F5";23.08.2017;17:23:57;;-;-;;
1999;Trovan Unique;"000770D8F5";23.08.2017;17:23:58;;-;-;;
2000;Trovan Unique;"000770D8F5";23.08.2017;17:23:59;;-;-;;
2001;Trovan Unique;"000770D8F5";23.08.2017;17:24:00;;-;-;;
2002;Trovan Unique;"000770D8F5";23.08.2017;17:24:01;;-;-;;
2003;Trovan Unique;"000770D8F5";23.08.2017;17:24:02;;-;-;;
2004;Trovan Unique;"000770D8F5";23.08.2017;17:24:03;;-;-;;
2005;Trovan Unique;"000770D8F5";23.08.2017;17:24:04;;-;-;;
2006;Trovan Unique;"000770D8F5";23.08.2017;17:24:05;;-;-;;
2007;Trovan Unique;"000770D8F5";23.08.2017;17:24:06;;-;-;;
2008;Trovan Unique;"000770D8F5";23.08.2017;17:24:07;;-;-;;
2009;Trovan Unique;"000770D8F5";23.08.2017;17:24:08;;-;-;;
2010;Trovan Unique;"000770D8F5";23.08.2017;17:24:09;;-;-;;
2011;Trovan Unique;"000770D8F5";23.08.2017;17:24:10;;-;-;;
2012;Trovan Unique;"000770D8F5";23.08.2017;17:24:11;;-;-;;
2013;Trovan Unique;"000770D8F5";23.08.2017;17:24:12;;-;-;;
2014;Trovan Unique;"000770D8F5";23.08.2017;17:24:13;;-;-;;
2015;Trovan Unique;"000770D8F5";23.08.2017;17:24:14;;-;-;;
2016;Trovan Unique;"000770D8F5";23.08.2017;17:24:15;;-;-;;
2017;Trovan Unique;"000770D8F5";23.08.2017;17:24:16;;-;-;;
2018;Trovan Unique;"000770D8F5";23.08.2017;17:24:17;;-;-;;
2019;Trovan Unique;"000770D8F5";23.08.2017;17:24:18;;-;-;;
2020;Trovan Unique;"000770D8F5";23.08.2017;17:24:19;;-;-;;
2021;Trovan Unique;"000770D8F5";23.08.2017;17:24:20;;-;-;;
2022;Trovan Unique;"000770D8F5";23.08.2017;17:24:21;;-;-;;
2023;Trovan Unique;"000770D8F5";23.08.2017;17:24:22;;-;-;;
2024;Trovan Unique;"000770D8F5";23.08.2017;17:24:23;;-;-;;
2025;Trovan Unique;"000770D8F5";23.08.2017;17:24:24;;-;-;;
2026;Trovan Unique;"000770D8F5";23.08.2017;17:24:25;;-;-;;
2027;Trovan Unique;"000770D8F5";23.08.2017;17:24:26;;-;-;;
2028;Trovan Unique;"000770D8F5";23.08.2017;17:24:27;;-;-;;
2029;Trovan Unique;"000770D8F5";23.08.2017;17:24:28;;-;-;;
2030;Trovan Unique;"000770D8F5";23.08.2017;17:24:29;;-;-;;
2031;Trovan Unique;"000770D8F5";23.08.2017;17:24:30;;-;-;;
2032;Trovan Unique;"000770D8F5";23.08.2017;17:24:31;;-;-;;
2033;Trovan Unique;"000770D8F5";23.08.2017;17:24:32;;-;-;;
2034;Trovan Unique;"000770D8F5";23.08.2017;17:24:33;;-;-;;
2035;Trovan Unique;"000770D8F5";23.08.2017;17:24:34;;-;-;;
2036;Trovan Unique;"000770D8F5";23.08.2017;17:24:35;;-;-;;
2037;Trovan Unique;"000770D8F5";23.08.2017;17:24:36;;-;-;;
2038;Trovan Unique;"000770D8F5";23.08.2017;17:24:37;;-;-;;
2039;Trovan Unique;"000770D8F5";23.08.2017;17:24:38;;-;-;;
2040;Trovan Unique;"000770D8F5";23.08.2017;17:24:39;;-;-;;
2041;Trovan Unique;"000770D8F5";23.08.2017;17:24:40;;-;-;;
2042;Trovan Unique;"000770D8F5";23.08.2017;17:24:41;;-;-;;
2043;Trovan Unique;"000770D8F5";23.08.2017;17:24:42;;-;-;;
2044;Trovan Unique;"000770D8F5";23.08.2017;17:24:43;;-;-;;
2045;Trovan Unique;"000770D8F5";23.08.2017;17:24:44;;-;-;;
2046;Trovan Unique;"000770D8F5";23.08.2017;17:24:45;;-;-;;
2047;Trovan Unique;"000770D8F5";23.08.2017;17:24:46;;-;-;;
2048;Trovan Unique;"000770D8F5";23.08.2017;17:24:47;;-;-;;
2049;Trovan Unique;"000770D8F5";23.08.2017;17:24:48;;-;-;;
2050;Trovan Unique;"000770D8F5";23.08.2017;17:24:49;;-;-;;
2051;Trovan Unique;"000770D8F5";23.08.2017;17:24:50;;-;-;;
2052;Trovan Unique;"000770D8F5";23.08.2017;17:24:51;;-;-;;
2053;Trovan Unique;"000770D8F5";23.08.2017;17:24:52;;-;-;;
2054;Trovan Unique;"000770D8F5";23.08.2017;17:24:53;;-;-;;
2055;Trovan Unique;"000770D8F5";23.08.2017;17:24:54;;-;-;;
2056;Trovan Unique;"000770D8F5";23.08.2017;17:24:55;;-;-;;
2057;Trovan Unique;"000770D8F5";23.08.2017;17:24:56;;-;-;;
2058;Trovan Unique;"000770D8F5";23.08.2017;17:24:57;;-;-;;
2059;Trovan Unique;"000770D8F5";23.08.2017;17:24:58;;-;-;;
2060;Trovan Unique;"000770D8F5";23.08.2017;17:24:59;;-;-;;
2061;Trovan Unique;"000770D8F5";23.08.2017;17:25:00;;-;-;;
2062;Trovan Unique;"000770D8F5";23.08.2017;17:25:01;;-;-;;
2063;Trovan Unique;"000770D8F5";23.08.2017;17:25:02;;-;-;;
2064;Trovan Unique;"000770D8F5";23.08.2017;17:25:03;;-;-;;
2065;Trovan Unique;"000770D8F5";23.08.2017;17:25:04;;-;-;;
2066;Trovan Unique;"000770D8F5";23.08.2017;17:25:05;;-;-;;
2067;Trovan Unique;"000770D8F5";23.08.2017;17:25:06;;-;-;;
2068;Trovan Unique;"000770D8F5";23.08.2017;17:25:07;;-;-;;
2069;Trovan Unique;"000770D8F5";23.08.2017;17:25:08;;-;-;;
2070;Trovan Unique;"000770D8F5";23.08.2017;17:25:09;;-;-;;
2071;Trovan Unique;"000770D8F5";23.08.2017;17:25:10;;-;-;;
2072;Trovan Unique;"000770D8F5";23.08.2017;17:25:11;;-;-;;
2073;Trovan Unique;"000770D8F5";23.08.2017;17:25:12;;-;-;;
2074;Trovan Unique;"000770D8F5";23.08.2017;17:25:13;;-;-;;
2075;Trovan Unique;"000770D8F5";23.08.2017;17:25:14;;-;-;;
2076;Trovan Unique;"000770D8F5";23.08.2017;17:25:15;;-;-;;
2077;Trovan Unique;"000770D8F5";23.08.2017;17:25:16;;-;-;;
2078;Trovan Unique;"000770D8F5";23.08.2017;17:25:17;;-;-;;
2079;Trovan Unique;"000770D8F5";23.08.2017;17:25:18;;-;-;;
2080;Trovan Unique;"000770D8F5";23.08.2017;17:25:19;;-;-;;
2081;Trovan Unique;"000770D8F5";23.08.2017;17:25:20;;-;-;;
2082;Trovan Unique;"000770D8F5";23.08.2017;17:25:21;;-;-;;
2083;Trovan Unique;"000770D8F5";23.08.2017;17:25:22;;-;-;;
2084;Trovan Unique;"000770D8F5";23.08.2017;17:25:23;;-;-;;
2085;Trovan Unique;"000770D8F5";23.08.2017;17:25:24;;-;-;;
2086;Trovan Unique;"000770D8F5";23.08.2017;17:25:25;;-;-;;
2087;Trovan Unique;"000770D8F5";23.08.2017;17:25:26;;-;-;;
2088;Trovan Unique;"000770D8F5";23.08.2017;17:25:27;;-;-;;
2089;Trovan Unique;"000770D8F5";23.08.2017;17:25:28;;-;-;;
2090;Trovan Unique;"000770D8F5";23.08.2017;17:25:29;;-;-;;
2091;Trovan Unique;"000770D8F5";23.08.2017;17:25:30;;-;-;;
2092;Trovan Unique;"000770D8F5";23.08.2017;17:25:31;;-;-;;
2093;Trovan Unique;"000770D8F5";23.08.2017;17:25:32;;-;-;;
2094;Trovan Unique;"000770D8F5";23.08.2017;17:25:33;;-;-;;
2095;Trovan Unique;"000770D8F5";23.08.2017;17:25:34;;-;-;;
2096;Trovan Unique;"000770D8F5";23.08.2017;17:25:35;;-;-;;
2097;Trovan Unique;"000770D8F5";23.08.2017;17:25:36;;-;-;;
2098;Trovan Unique;"000770D8F5";23.08.2017;17:25:37;;-;-;;
2099;Trovan Unique;"000770D8F5";23.08.2017;17:25:38;;-;-;;
2100;Trovan Unique;"000770D8F5";23.08.2017;17:25:39;;-;-;;
2101;Trovan Unique;"000770D8F5";23.08.2017;17:25:40;;-;-;;
2102;Trovan Unique;"000770D8F5";23.08.2017;17:25:41;;-;-;;
2103;Trovan Unique;"000770D8F5";23.08.2017;17:25:42;;-;-;;
2104;Trovan Unique;"000770D8F5";23.08.2017;17:25:43;;-;-;;
2105;Trovan Unique;"000770D8F5";23.08.2017;17:25:44;;-;-;;
2106;Trovan Unique;"000770D8F5";23.08.2017;17:25:45;;-;-;;
2107;Trovan Unique;"000770D8F5";23.08.2017;17:25:46;;-;-;;
2108;Trovan Unique;"000770D8F5";23.08.2017;17:25:47;;-;-;;
2109;Trovan Unique;"000770D8F5";23.08.2017;17:25:48;;-;-;;
2110;Trovan Unique;"000770D8F5";23.08.2017;17:25:49;;-;-;;
2111;Trovan Unique;"000770D8F5";23.08.2017;17:25:50;;-;-;;
2112;Trovan Unique;"000770D8F5";23.08.2017;17:25:51;;-;-;;
2113;Trovan Unique;"000770D8F5";23.08.2017;17:25:52;;-;-;;
2114;Trovan Unique;"000770D8F5";23.08.2017;17:25:53;;-;-;;
2115;Trovan Unique;"000770D8F5";23.08.2017;17:25:54;;-;-;;
2116;Trovan Unique;"000770D8F5";23.08.2017;17:25:55;;-;-;;
2117;Trovan Unique;"000770D8F5";23.08.2017;17:25:56;;-;-;;
2118;Trovan Unique;"000770D8F5";23.08.2017;17:25:57;;-;-;;
2119;Trovan Unique;"000770D8F5";23.08.2017;17:25:58;;-;-;;
2120;Trovan Unique;"000770D8F5";23.08.2017;17:25:59;;-;-;;
2121;Trovan Unique;"000770D8F5";23.08.2017;17:26:00;;-;-;;
2122;Trovan Unique;"000770D8F5";23.08.2017;17:26:01;;-;-;;
2123;Trovan Unique;"000770D8F5";23.08.2017;17:26:02;;-;-;;
2124;Trovan Unique;"000770D8F5";23.08.2017;17:26:03;;-;-;;
2125;Trovan Unique;"000770D8F5";23.08.2017;17:26:04;;-;-;;
2126;Trovan Unique;"000770D8F5";23.08.2017;17:26:05;;-;-;;
2127;Trovan Unique;"000770D8F5";23.08.2017;17:26:06;;-;-;;
2128;Trovan Unique;"000770D8F5";23.08.2017;17:26:07;;-;-;;
2129;Trovan Unique;"000770D8F5";23.08.2017;17:26:08;;-;-;;
2130;Trovan Unique;"000770D8F5";23.08.2017;17:26:09;;-;-;;
2131;Trovan Unique;"000770D8F5";23.08.2017;17:26:10;;-;-;;
2132;Trovan Unique;"000770D8F5";23.08.2017;17:26:11;;-;-;;
2133;Trovan Unique;"000770D8F5";23.08.2017;17:26:12;;-;-;;
2134;Trovan Unique;"000770D8F5";23.08.2017;17:26:13;;-;-;;
2135;Trovan Unique;"000770D8F5";23.08.2017;17:26:14;;-;-;;
2136;Trovan Unique;"000770D8F5";23.08.2017;17:26:15;;-;-;;
2137;Trovan Unique;"000770D8F5";23.08.2017;17:26:16;;-;-;;
2138;Trovan Unique;"000770D8F5";23.08.2017;17:26:17;;-;-;;
2139;Trovan Unique;"000770D8F5";23.08.2017;17:26:18;;-;-;;
2140;Trovan Unique;"000770D8F5";23.08.2017;17:26:19;;-;-;;
2141;Trovan Unique;"000770D8F5";23.08.2017;17:26:20;;-;-;;
2142;Trovan Unique;"000770D8F5";23.08.2017;17:26:21;;-;-;;
2143;Trovan Unique;"000770D8F5";23.08.2017;17:26:22;;-;-;;
2144;Trovan Unique;"000770D8F5";23.08.2017;17:26:23;;-;-;;
2145;Trovan Unique;"000770D8F5";23.08.2017;17:26:25;;-;-;;
2146;Trovan Unique;"000770D8F5";23.08.2017;17:26:26;;-;-;;
2147;Trovan Unique;"000770D8F5";23.08.2017;17:26:27;;-;-;;
2148;Trovan Unique;"000770D8F5";23.08.2017;17:26:28;;-;-;;
2149;Trovan Unique;"000770D8F5";23.08.2017;17:26:29;;-;-;;
2150;Trovan Unique;"000770D8F5";23.08.2017;17:26:30;;-;-;;
2151;Trovan Unique;"000770D8F5";23.08.2017;17:26:31;;-;-;;
2152;Trovan Unique;"000770D8F5";23.08.2017;17:26:32;;-;-;;
2153;Trovan Unique;"000770D8F5";23.08.2017;17:26:33;;-;-;;
2154;Trovan Unique;"000770D8F5";23.08.2017;17:26:34;;-;-;;
2155;Trovan Unique;"000770D8F5";23.08.2017;17:26:35;;-;-;;
2156;Trovan Unique;"000770D8F5";23.08.2017;17:26:36;;-;-;;
2157;Trovan Unique;"000770D8F5";23.08.2017;17:26:37;;-;-;;
2158;Trovan Unique;"000770D8F5";23.08.2017;17:26:38;;-;-;;
2159;Trovan Unique;"000770D8F5";23.08.2017;17:26:39;;-;-;;
2160;Trovan Unique;"000770D8F5";23.08.2017;17:26:40;;-;-;;
2161;Trovan Unique;"000770D8F5";23.08.2017;17:26:41;;-;-;;
2162;Trovan Unique;"000770D8F5";23.08.2017;17:26:42;;-;-;;
2163;Trovan Unique;"000770D8F5";23.08.2017;17:26:43;;-;-;;
2164;Trovan Unique;"000770D8F5";23.08.2017;17:26:44;;-;-;;
2165;Trovan Unique;"000770D8F5";23.08.2017;17:26:45;;-;-;;
2166;Trovan Unique;"000770D8F5";23.08.2017;17:26:46;;-;-;;
2167;Trovan Unique;"000770D8F5";23.08.2017;17:26:47;;-;-;;
2168;Trovan Unique;"000770D8F5";23.08.2017;17:26:48;;-;-;;
2169;Trovan Unique;"000770D8F5";23.08.2017;17:26:49;;-;-;;
2170;Trovan Unique;"000770D8F5";23.08.2017;17:26:50;;-;-;;
2171;Trovan Unique;"000770D8F5";23.08.2017;17:26:51;;-;-;;
2172;Trovan Unique;"000770D8F5";23.08.2017;17:26:52;;-;-;;
2173;Trovan Unique;"000770D8F5";23.08.2017;17:26:53;;-;-;;
2174;Trovan Unique;"000770D8F5";23.08.2017;17:26:54;;-;-;;
2175;Trovan Unique;"000770D8F5";23.08.2017;17:26:55;;-;-;;
2176;Trovan Unique;"000770D8F5";23.08.2017;17:26:56;;-;-;;
2177;Trovan Unique;"000770D8F5";23.08.2017;17:26:57;;-;-;;
2178;Trovan Unique;"000770D8F5";23.08.2017;17:26:58;;-;-;;
2179;Trovan Unique;"000770D8F5";23.08.2017;17:26:59;;-;-;;
2180;Trovan Unique;"000770D8F5";23.08.2017;17:27:00;;-;-;;
2181;Trovan Unique;"000770D8F5";23.08.2017;17:27:01;;-;-;;
2182;Trovan Unique;"000770D8F5";23.08.2017;17:27:02;;-;-;;
2183;Trovan Unique;"000770D8F5";23.08.2017;17:27:03;;-;-;;
2184;Trovan Unique;"000770D8F5";23.08.2017;17:27:04;;-;-;;
2185;Trovan Unique;"000770D8F5";23.08.2017;17:27:05;;-;-;;
2186;Trovan Unique;"000770D8F5";23.08.2017;17:27:06;;-;-;;
2187;Trovan Unique;"000770D8F5";23.08.2017;17:27:07;;-;-;;
2188;Trovan Unique;"000770D8F5";23.08.2017;17:27:08;;-;-;;
2189;Trovan Unique;"000770D8F5";23.08.2017;17:27:09;;-;-;;
2190;Trovan Unique;"000770D8F5";23.08.2017;17:27:10;;-;-;;
2191;Trovan Unique;"000770D8F5";23.08.2017;17:27:11;;-;-;;
2192;Trovan Unique;"000770D8F5";23.08.2017;17:27:12;;-;-;;
2193;Trovan Unique;"000770D8F5";23.08.2017;17:27:13;;-;-;;
2194;Trovan Unique;"000770D8F5";23.08.2017;17:27:14;;-;-;;
2195;Trovan Unique;"000770D8F5";23.08.2017;17:27:15;;-;-;;
2196;Trovan Unique;"000770D8F5";23.08.2017;17:27:16;;-;-;;
2197;Trovan Unique;"000770D8F5";23.08.2017;17:27:17;;-;-;;
2198;Trovan Unique;"000770D8F5";23.08.2017;17:27:18;;-;-;;
2199;Trovan Unique;"000770D8F5";23.08.2017;17:27:19;;-;-;;
2200;Trovan Unique;"000770D8F5";23.08.2017;17:27:20;;-;-;;
2201;Trovan Unique;"000770D8F5";23.08.2017;17:27:21;;-;-;;
2202;Trovan Unique;"000770D8F5";23.08.2017;17:27:22;;-;-;;
2203;Trovan Unique;"000770D8F5";23.08.2017;17:27:23;;-;-;;
2204;Trovan Unique;"000770D8F5";23.08.2017;17:27:24;;-;-;;
2205;Trovan Unique;"000770D8F5";23.08.2017;17:27:25;;-;-;;
2206;Trovan Unique;"000770D8F5";23.08.2017;17:27:26;;-;-;;
2207;Trovan Unique;"000770D8F5";23.08.2017;17:27:27;;-;-;;
2208;Trovan Unique;"000770D8F5";23.08.2017;17:27:28;;-;-;;
2209;Trovan Unique;"000770D8F5";23.08.2017;17:27:29;;-;-;;
2210;Trovan Unique;"000770D8F5";23.08.2017;17:27:30;;-;-;;
2211;Trovan Unique;"000770D8F5";23.08.2017;17:27:31;;-;-;;
2212;Trovan Unique;"000770D8F5";23.08.2017;17:27:32;;-;-;;
2213;Trovan Unique;"000770D8F5";23.08.2017;17:27:33;;-;-;;
2214;Trovan Unique;"000770D8F5";23.08.2017;17:27:34;;-;-;;
2215;Trovan Unique;"000770D8F5";23.08.2017;17:27:35;;-;-;;
2216;Trovan Unique;"000770D8F5";23.08.2017;17:27:36;;-;-;;
2217;Trovan Unique;"000770D8F5";23.08.2017;17:27:37;;-;-;;
2218;Trovan Unique;"000770D8F5";23.08.2017;17:27:38;;-;-;;
2219;Trovan Unique;"000770D8F5";23.08.2017;17:27:39;;-;-;;
2220;Trovan Unique;"000770D8F5";23.08.2017;17:27:40;;-;-;;
2221;Trovan Unique;"000770D8F5";23.08.2017;17:27:41;;-;-;;
2222;Trovan Unique;"000770D8F5";23.08.2017;17:27:42;;-;-;;
2223;Trovan Unique;"000770D8F5";23.08.2017;17:27:43;;-;-;;
2224;Trovan Unique;"000770D8F5";23.08.2017;17:27:44;;-;-;;
2225;Trovan Unique;"000770D8F5";23.08.2017;17:27:45;;-;-;;
2226;Trovan Unique;"000770D8F5";23.08.2017;17:27:46;;-;-;;
2227;Trovan Unique;"000770D8F5";23.08.2017;17:27:47;;-;-;;
2228;Trovan Unique;"000770D8F5";23.08.2017;17:27:48;;-;-;;
2229;Trovan Unique;"000770D8F5";23.08.2017;17:27:49;;-;-;;
2230;Trovan Unique;"000770D8F5";23.08.2017;17:27:50;;-;-;;
2231;Trovan Unique;"000770D8F5";23.08.2017;17:27:51;;-;-;;
2232;Trovan Unique;"000770D8F5";23.08.2017;17:27:52;;-;-;;
2233;Trovan Unique;"000770D8F5";23.08.2017;17:27:53;;-;-;;
2234;Trovan Unique;"000770D8F5";23.08.2017;17:27:54;;-;-;;
2235;Trovan Unique;"000770D8F5";23.08.2017;17:27:55;;-;-;;
2236;Trovan Unique;"000770D8F5";23.08.2017;17:27:56;;-;-;;
2237;Trovan Unique;"000770D8F5";23.08.2017;17:27:57;;-;-;;
2238;Trovan Unique;"000770D8F5";23.08.2017;17:27:58;;-;-;;
2239;Trovan Unique;"000770D8F5";23.08.2017;17:27:59;;-;-;;
2240;Trovan Unique;"000770D8F5";23.08.2017;17:28:00;;-;-;;
2241;Trovan Unique;"000770D8F5";23.08.2017;17:28:01;;-;-;;
2242;Trovan Unique;"000770D8F5";23.08.2017;17:28:02;;-;-;;
2243;Trovan Unique;"000770D8F5";23.08.2017;17:28:03;;-;-;;
2244;Trovan Unique;"000770D8F5";23.08.2017;17:28:04;;-;-;;
2245;Trovan Unique;"000770D8F5";23.08.2017;17:28:05;;-;-;;
2246;Trovan Unique;"000770D8F5";23.08.2017;17:28:06;;-;-;;
2247;Trovan Unique;"000770D8F5";23.08.2017;17:28:07;;-;-;;
2248;Trovan Unique;"000770D8F5";23.08.2017;17:28:08;;-;-;;
2249;Trovan Unique;"000770D8F5";23.08.2017;17:28:09;;-;-;;
2250;Trovan Unique;"000770D8F5";23.08.2017;17:28:10;;-;-;;
2251;Trovan Unique;"000770D8F5";23.08.2017;17:28:11;;-;-;;
2252;Trovan Unique;"000770D8F5";23.08.2017;17:28:12;;-;-;;
2253;Trovan Unique;"000770D8F5";23.08.2017;17:28:13;;-;-;;
2254;Trovan Unique;"000770D8F5";23.08.2017;17:28:14;;-;-;;
2255;Trovan Unique;"000770D8F5";23.08.2017;17:28:15;;-;-;;
2256;Trovan Unique;"000770D8F5";23.08.2017;17:28:16;;-;-;;
2257;Trovan Unique;"000770D8F5";23.08.2017;17:28:17;;-;-;;
2258;Trovan Unique;"000770D8F5";23.08.2017;17:28:18;;-;-;;
2259;Trovan Unique;"000770D8F5";23.08.2017;17:28:19;;-;-;;
2260;Trovan Unique;"000770D8F5";23.08.2017;17:28:20;;-;-;;
2261;Trovan Unique;"000770D8F5";23.08.2017;17:28:21;;-;-;;
2262;Trovan Unique;"000770D8F5";23.08.2017;17:28:22;;-;-;;
2263;Trovan Unique;"000770D8F5";23.08.2017;17:28:23;;-;-;;
2264;Trovan Unique;"000770D8F5";23.08.2017;17:28:24;;-;-;;
2265;Trovan Unique;"000770D8F5";23.08.2017;17:28:25;;-;-;;
2266;Trovan Unique;"000770D8F5";23.08.2017;17:28:26;;-;-;;
2267;Trovan Unique;"000770D8F5";23.08.2017;17:28:27;;-;-;;
2268;Trovan Unique;"000770D8F5";23.08.2017;17:28:28;;-;-;;
2269;Trovan Unique;"000770D8F5";23.08.2017;17:28:29;;-;-;;
2270;Trovan Unique;"000770D8F5";23.08.2017;17:28:30;;-;-;;
2271;Trovan Unique;"000770D8F5";23.08.2017;17:28:31;;-;-;;
2272;Trovan Unique;"000770D8F5";23.08.2017;17:28:32;;-;-;;
2273;Trovan Unique;"000770D8F5";23.08.2017;17:28:33;;-;-;;
2274;Trovan Unique;"000770D8F5";23.08.2017;17:28:34;;-;-;;
2275;Trovan Unique;"000770D8F5";23.08.2017;17:28:35;;-;-;;
2276;Trovan Unique;"000770D8F5";23.08.2017;17:28:36;;-;-;;
2277;Trovan Unique;"000770D8F5";23.08.2017;17:28:37;;-;-;;
2278;Trovan Unique;"000770D8F5";23.08.2017;17:28:38;;-;-;;
2279;Trovan Unique;"000770D8F5";23.08.2017;17:28:39;;-;-;;
2280;Trovan Unique;"000770D8F5";23.08.2017;17:28:40;;-;-;;
2281;Trovan Unique;"000770D8F5";23.08.2017;17:28:41;;-;-;;
2282;Trovan Unique;"000770D8F5";23.08.2017;17:28:42;;-;-;;
2283;Trovan Unique;"000770D8F5";23.08.2017;17:28:43;;-;-;;
2284;Trovan Unique;"000770D8F5";23.08.2017;17:28:44;;-;-;;
2285;Trovan Unique;"000770D8F5";23.08.2017;17:28:45;;-;-;;
2286;Trovan Unique;"000770D8F5";23.08.2017;17:28:46;;-;-;;
2287;Trovan Unique;"000770D8F5";23.08.2017;17:28:47;;-;-;;
2288;Trovan Unique;"000770D8F5";23.08.2017;17:28:48;;-;-;;
2289;Trovan Unique;"000770D8F5";23.08.2017;17:28:49;;-;-;;
2290;Trovan Unique;"000770D8F5";23.08.2017;17:28:50;;-;-;;
2291;Trovan Unique;"000770D8F5";23.08.2017;17:28:51;;-;-;;
2292;Trovan Unique;"000770D8F5";23.08.2017;17:28:52;;-;-;;
2293;Trovan Unique;"000770D8F5";23.08.2017;17:28:53;;-;-;;
2294;Trovan Unique;"000770D8F5";23.08.2017;17:28:54;;-;-;;
2295;Trovan Unique;"000770D8F5";23.08.2017;17:28:55;;-;-;;
2296;Trovan Unique;"000770D8F5";23.08.2017;17:28:56;;-;-;;
2297;Trovan Unique;"000770D8F5";23.08.2017;17:28:57;;-;-;;
2298;Trovan Unique;"000770D8F5";23.08.2017;17:28:58;;-;-;;
2299;Trovan Unique;"000770D8F5";23.08.2017;17:28:59;;-;-;;
2300;Trovan Unique;"000770D8F5";23.08.2017;17:29:00;;-;-;;
2301;Trovan Unique;"000770D8F5";23.08.2017;17:29:01;;-;-;;
2302;Trovan Unique;"000770D8F5";23.08.2017;17:29:02;;-;-;;
2303;Trovan Unique;"000770D8F5";23.08.2017;17:29:03;;-;-;;
2304;Trovan Unique;"000770D8F5";23.08.2017;17:29:04;;-;-;;
2305;Trovan Unique;"000770D8F5";23.08.2017;17:29:05;;-;-;;
2306;Trovan Unique;"000770D8F5";23.08.2017;17:29:06;;-;-;;
2307;Trovan Unique;"000770D8F5";23.08.2017;17:29:07;;-;-;;
2308;Trovan Unique;"000770D8F5";23.08.2017;17:29:08;;-;-;;
2309;Trovan Unique;"000770D8F5";23.08.2017;17:29:09;;-;-;;
2310;Trovan Unique;"000770D8F5";23.08.2017;17:29:10;;-;-;;
2311;Trovan Unique;"000770D8F5";23.08.2017;17:29:11;;-;-;;
2312;Trovan Unique;"000770D8F5";23.08.2017;17:29:12;;-;-;;
2313;Trovan Unique;"000770D8F5";23.08.2017;17:29:13;;-;-;;
2314;Trovan Unique;"000770D8F5";23.08.2017;17:29:14;;-;-;;
2315;Trovan Unique;"000770D8F5";23.08.2017;17:29:15;;-;-;;
2316;Trovan Unique;"000770D8F5";23.08.2017;17:29:16;;-;-;;
2317;Trovan Unique;"000770D8F5";23.08.2017;17:29:17;;-;-;;
2318;Trovan Unique;"000770D8F5";23.08.2017;17:29:18;;-;-;;
2319;Trovan Unique;"000770D8F5";23.08.2017;17:29:19;;-;-;;
2320;Trovan Unique;"000770D8F5";23.08.2017;17:29:20;;-;-;;
2321;Trovan Unique;"000770D8F5";23.08.2017;17:29:21;;-;-;;
2322;Trovan Unique;"000770D8F5";23.08.2017;17:29:22;;-;-;;
2323;Trovan Unique;"000770D8F5";23.08.2017;17:29:23;;-;-;;
2324;Trovan Unique;"000770D8F5";23.08.2017;17:29:24;;-;-;;
2325;Trovan Unique;"000770D8F5";23.08.2017;17:29:25;;-;-;;
2326;Trovan Unique;"000770D8F5";23.08.2017;17:29:26;;-;-;;
2327;Trovan Unique;"000770D8F5";23.08.2017;17:29:27;;-;-;;
2328;Trovan Unique;"000770D8F5";23.08.2017;17:29:28;;-;-;;
2329;Trovan Unique;"000770D8F5";23.08.2017;17:29:29;;-;-;;
2330;Trovan Unique;"000770D8F5";23.08.2017;17:29:30;;-;-;;
2331;Trovan Unique;"000770D8F5";23.08.2017;17:29:31;;-;-;;
2332;Trovan Unique;"000770D8F5";23.08.2017;17:29:32;;-;-;;
2333;Trovan Unique;"000770D8F5";23.08.2017;17:29:33;;-;-;;
2334;Trovan Unique;"000770D8F5";23.08.2017;17:29:34;;-;-;;
2335;Trovan Unique;"000770D8F5";23.08.2017;17:29:35;;-;-;;
2336;Trovan Unique;"000770D8F5";23.08.2017;17:29:36;;-;-;;
2337;Trovan Unique;"000770D8F5";23.08.2017;17:29:37;;-;-;;
2338;Trovan Unique;"000770D8F5";23.08.2017;17:29:38;;-;-;;
2339;Trovan Unique;"000770D8F5";23.08.2017;17:29:39;;-;-;;
2340;Trovan Unique;"000770D8F5";23.08.2017;17:29:40;;-;-;;
2341;Trovan Unique;"000770D8F5";23.08.2017;17:29:41;;-;-;;
2342;Trovan Unique;"000770D8F5";23.08.2017;17:29:42;;-;-;;
2343;Trovan Unique;"000770D8F5";23.08.2017;17:29:43;;-;-;;
2344;Trovan Unique;"000770D8F5";23.08.2017;17:29:44;;-;-;;
2345;Trovan Unique;"000770D8F5";23.08.2017;17:29:45;;-;-;;
2346;Trovan Unique;"000770D8F5";23.08.2017;17:29:46;;-;-;;
2347;Trovan Unique;"000770D8F5";23.08.2017;17:29:47;;-;-;;
2348;Trovan Unique;"000770D8F5";23.08.2017;17:29:48;;-;-;;
2349;Trovan Unique;"000770D8F5";23.08.2017;17:29:49;;-;-;;
2350;Trovan Unique;"000770D8F5";23.08.2017;17:29:50;;-;-;;
2351;Trovan Unique;"000770D8F5";23.08.2017;17:29:51;;-;-;;
2352;Trovan Unique;"000770D8F5";23.08.2017;17:29:52;;-;-;;
2353;Trovan Unique;"000770D8F5";23.08.2017;17:29:53;;-;-;;
2354;Trovan Unique;"000770D8F5";23.08.2017;17:29:54;;-;-;;
2355;Trovan Unique;"000770D8F5";23.08.2017;17:29:55;;-;-;;
2356;Trovan Unique;"000770D8F5";23.08.2017;17:29:56;;-;-;;
2357;Trovan Unique;"000770D8F5";23.08.2017;17:29:57;;-;-;;
2358;Trovan Unique;"000770D8F5";23.08.2017;17:29:58;;-;-;;
2359;Trovan Unique;"000770D8F5";23.08.2017;17:29:59;;-;-;;
2360;Trovan Unique;"000770D8F5";23.08.2017;17:30:00;;-;-;;
2361;Trovan Unique;"000770D8F5";23.08.2017;17:30:01;;-;-;;
2362;Trovan Unique;"000770D8F5";23.08.2017;17:30:02;;-;-;;
2363;Trovan Unique;"000770D8F5";23.08.2017;17:30:03;;-;-;;
2364;Trovan Unique;"000770D8F5";23.08.2017;17:30:04;;-;-;;
2365;Trovan Unique;"000770D8F5";23.08.2017;17:30:05;;-;-;;
2366;Trovan Unique;"000770D8F5";23.08.2017;17:30:06;;-;-;;
2367;Trovan Unique;"000770D8F5";23.08.2017;17:30:07;;-;-;;
2368;Trovan Unique;"000770D8F5";23.08.2017;17:30:08;;-;-;;
2369;Trovan Unique;"000770D8F5";23.08.2017;17:30:09;;-;-;;
2370;Trovan Unique;"000770D8F5";23.08.2017;17:30:10;;-;-;;
2371;Trovan Unique;"000770D8F5";23.08.2017;17:30:11;;-;-;;
2372;Trovan Unique;"000770D8F5";23.08.2017;17:30:12;;-;-;;
2373;Trovan Unique;"000770D8F5";23.08.2017;17:30:13;;-;-;;
2374;Trovan Unique;"000770D8F5";23.08.2017;17:30:14;;-;-;;
2375;Trovan Unique;"000770D8F5";23.08.2017;17:30:15;;-;-;;
2376;Trovan Unique;"000770D8F5";23.08.2017;17:30:16;;-;-;;
2377;Trovan Unique;"000770D8F5";23.08.2017;17:30:17;;-;-;;
2378;Trovan Unique;"000770D8F5";23.08.2017;17:30:18;;-;-;;
2379;Trovan Unique;"000770D8F5";23.08.2017;17:30:19;;-;-;;
2380;Trovan Unique;"000770D8F5";23.08.2017;17:30:20;;-;-;;
2381;Trovan Unique;"000770D8F5";23.08.2017;17:30:21;;-;-;;
2382;Trovan Unique;"000770D8F5";23.08.2017;17:30:22;;-;-;;
2383;Trovan Unique;"000770D8F5";23.08.2017;17:30:23;;-;-;;
2384;Trovan Unique;"000770D8F5";23.08.2017;17:30:24;;-;-;;
2385;Trovan Unique;"000770D8F5";23.08.2017;17:30:25;;-;-;;
2386;Trovan Unique;"000770D8F5";23.08.2017;17:30:26;;-;-;;
2387;Trovan Unique;"000770D8F5";23.08.2017;17:30:27;;-;-;;
2388;Trovan Unique;"000770D8F5";23.08.2017;17:30:28;;-;-;;
2389;Trovan Unique;"000770D8F5";23.08.2017;17:30:29;;-;-;;
2390;Trovan Unique;"000770D8F5";23.08.2017;17:30:30;;-;-;;
2391;Trovan Unique;"000770D8F5";23.08.2017;17:30:31;;-;-;;
2392;Trovan Unique;"000770D8F5";23.08.2017;17:30:32;;-;-;;
2393;Trovan Unique;"000770D8F5";23.08.2017;17:30:33;;-;-;;
2394;Trovan Unique;"000770D8F5";23.08.2017;17:30:34;;-;-;;
2395;Trovan Unique;"000770D8F5";23.08.2017;17:30:35;;-;-;;
2396;Trovan Unique;"000770D8F5";23.08.2017;17:30:36;;-;-;;
2397;Trovan Unique;"000770D8F5";23.08.2017;17:30:37;;-;-;;
2398;Trovan Unique;"000770D8F5";23.08.2017;17:30:38;;-;-;;
2399;Trovan Unique;"000770D8F5";23.08.2017;17:30:39;;-;-;;
2400;Trovan Unique;"000770D8F5";23.08.2017;17:30:40;;-;-;;
2401;Trovan Unique;"000770D8F5";23.08.2017;17:30:41;;-;-;;
2402;Trovan Unique;"000770D8F5";23.08.2017;17:30:42;;-;-;;
2403;Trovan Unique;"000770D8F5";23.08.2017;17:30:43;;-;-;;
2404;Trovan Unique;"000770D8F5";23.08.2017;17:30:44;;-;-;;
2405;Trovan Unique;"000770D8F5";23.08.2017;17:30:45;;-;-;;
2406;Trovan Unique;"000770D8F5";23.08.2017;17:30:46;;-;-;;
2407;Trovan Unique;"000770D8F5";23.08.2017;17:30:47;;-;-;;
2408;Trovan Unique;"000770D8F5";23.08.2017;17:30:48;;-;-;;
2409;Trovan Unique;"000770D8F5";23.08.2017;17:30:49;;-;-;;
2410;Trovan Unique;"000770D8F5";23.08.2017;17:30:50;;-;-;;
2411;Trovan Unique;"000770D8F5";23.08.2017;17:30:51;;-;-;;
2412;Trovan Unique;"000770D8F5";23.08.2017;17:30:52;;-;-;;
2413;Trovan Unique;"000770D8F5";23.08.2017;17:30:53;;-;-;;
2414;Trovan Unique;"000770D8F5";23.08.2017;17:30:54;;-;-;;
2415;Trovan Unique;"000770D8F5";23.08.2017;17:30:55;;-;-;;
2416;Trovan Unique;"000770D8F5";23.08.2017;17:30:56;;-;-;;
2417;Trovan Unique;"000770D8F5";23.08.2017;17:30:57;;-;-;;
2418;Trovan Unique;"000770D8F5";23.08.2017;17:30:58;;-;-;;
2419;Trovan Unique;"000770D8F5";23.08.2017;17:30:59;;-;-;;
2420;Trovan Unique;"000770D8F5";23.08.2017;17:31:00;;-;-;;
2421;Trovan Unique;"000770D8F5";23.08.2017;17:31:01;;-;-;;
2422;Trovan Unique;"000770D8F5";23.08.2017;17:31:02;;-;-;;
2423;Trovan Unique;"000770D8F5";23.08.2017;17:31:03;;-;-;;
2424;Trovan Unique;"000770D8F5";23.08.2017;17:31:04;;-;-;;
2425;Trovan Unique;"000770D8F5";23.08.2017;17:31:05;;-;-;;
2426;Trovan Unique;"000770D8F5";23.08.2017;17:31:06;;-;-;;
2427;Trovan Unique;"000770D8F5";23.08.2017;17:31:07;;-;-;;
2428;Trovan Unique;"000770D8F5";23.08.2017;17:31:08;;-;-;;
2429;Trovan Unique;"000770D8F5";23.08.2017;17:31:09;;-;-;;
2430;Trovan Unique;"000770D8F5";23.08.2017;17:31:10;;-;-;;
2431;Trovan Unique;"000770D8F5";23.08.2017;17:31:11;;-;-;;
2432;Trovan Unique;"000770D8F5";23.08.2017;17:31:12;;-;-;;
2433;Trovan Unique;"000770D8F5";23.08.2017;17:31:13;;-;-;;
2434;Trovan Unique;"000770D8F5";23.08.2017;17:31:14;;-;-;;
2435;Trovan Unique;"000770D8F5";23.08.2017;17:31:15;;-;-;;
2436;Trovan Unique;"000770D8F5";23.08.2017;17:31:16;;-;-;;
2437;Trovan Unique;"000770D8F5";23.08.2017;17:31:17;;-;-;;
2438;Trovan Unique;"000770D8F5";23.08.2017;17:31:18;;-;-;;
2439;Trovan Unique;"000770D8F5";23.08.2017;17:31:19;;-;-;;
2440;Trovan Unique;"000770D8F5";23.08.2017;17:31:20;;-;-;;
2441;Trovan Unique;"000770D8F5";23.08.2017;17:31:21;;-;-;;
2442;Trovan Unique;"000770D8F5";23.08.2017;17:31:22;;-;-;;
2443;Trovan Unique;"000770D8F5";23.08.2017;17:31:23;;-;-;;
2444;Trovan Unique;"000770D8F5";23.08.2017;17:31:24;;-;-;;
2445;Trovan Unique;"000770D8F5";23.08.2017;17:31:25;;-;-;;
2446;Trovan Unique;"000770D8F5";23.08.2017;17:31:26;;-;-;;
2447;Trovan Unique;"000770D8F5";23.08.2017;17:31:27;;-;-;;
2448;Trovan Unique;"000770D8F5";23.08.2017;17:31:28;;-;-;;
2449;Trovan Unique;"000770D8F5";23.08.2017;17:31:29;;-;-;;
2450;Trovan Unique;"000770D8F5";23.08.2017;17:31:30;;-;-;;
2451;Trovan Unique;"000770D8F5";23.08.2017;17:31:31;;-;-;;
2452;Trovan Unique;"000770D8F5";23.08.2017;17:31:32;;-;-;;
2453;Trovan Unique;"000770D8F5";23.08.2017;17:31:33;;-;-;;
2454;Trovan Unique;"000770D8F5";23.08.2017;17:31:34;;-;-;;
2455;Trovan Unique;"000770D8F5";23.08.2017;17:31:35;;-;-;;
2456;Trovan Unique;"000770D8F5";23.08.2017;17:31:36;;-;-;;
2457;Trovan Unique;"000770D8F5";23.08.2017;17:31:37;;-;-;;
2458;Trovan Unique;"000770D8F5";23.08.2017;17:31:38;;-;-;;
2459;Trovan Unique;"000770D8F5";23.08.2017;17:31:39;;-;-;;
2460;Trovan Unique;"000770D8F5";23.08.2017;17:31:40;;-;-;;
2461;Trovan Unique;"000770D8F5";23.08.2017;17:31:41;;-;-;;
2462;Trovan Unique;"000770D8F5";23.08.2017;17:31:42;;-;-;;
2463;Trovan Unique;"000770D8F5";23.08.2017;17:31:43;;-;-;;
2464;Trovan Unique;"000770D8F5";23.08.2017;17:31:44;;-;-;;
2465;Trovan Unique;"000770D8F5";23.08.2017;17:31:45;;-;-;;
2466;Trovan Unique;"000770D8F5";23.08.2017;17:31:46;;-;-;;
2467;Trovan Unique;"000770D8F5";23.08.2017;17:31:47;;-;-;;
2468;Trovan Unique;"000770D8F5";23.08.2017;17:31:48;;-;-;;
2469;Trovan Unique;"000770D8F5";23.08.2017;17:31:49;;-;-;;
2470;Trovan Unique;"000770D8F5";23.08.2017;17:31:50;;-;-;;
2471;Trovan Unique;"000770D8F5";23.08.2017;17:31:51;;-;-;;
2472;Trovan Unique;"000770D8F5";23.08.2017;17:31:52;;-;-;;
2473;Trovan Unique;"000770D8F5";23.08.2017;17:31:53;;-;-;;
2474;Trovan Unique;"000770D8F5";23.08.2017;17:31:54;;-;-;;
2475;Trovan Unique;"000770D8F5";23.08.2017;17:31:55;;-;-;;
2476;Trovan Unique;"000770D8F5";23.08.2017;17:31:56;;-;-;;
2477;Trovan Unique;"000770D8F5";23.08.2017;17:31:57;;-;-;;
2478;Trovan Unique;"000770D8F5";23.08.2017;17:31:58;;-;-;;
2479;Trovan Unique;"000770D8F5";23.08.2017;17:31:59;;-;-;;
2480;Trovan Unique;"000770D8F5";23.08.2017;17:32:00;;-;-;;
2481;Trovan Unique;"000770D8F5";23.08.2017;17:32:01;;-;-;;
2482;Trovan Unique;"000770D8F5";23.08.2017;17:32:02;;-;-;;
2483;Trovan Unique;"000770D8F5";23.08.2017;17:32:03;;-;-;;
2484;Trovan Unique;"000770D8F5";23.08.2017;17:32:04;;-;-;;
2485;Trovan Unique;"000770D8F5";23.08.2017;17:32:05;;-;-;;
2486;Trovan Unique;"000770D8F5";23.08.2017;17:32:06;;-;-;;
2487;Trovan Unique;"000770D8F5";23.08.2017;17:32:07;;-;-;;
2488;Trovan Unique;"000770D8F5";23.08.2017;17:32:08;;-;-;;
2489;Trovan Unique;"000770D8F5";23.08.2017;17:32:09;;-;-;;
2490;Trovan Unique;"000770D8F5";23.08.2017;17:32:10;;-;-;;
2491;Trovan Unique;"000770D8F5";23.08.2017;17:32:11;;-;-;;
2492;Trovan Unique;"000770D8F5";23.08.2017;17:32:12;;-;-;;
2493;Trovan Unique;"000770D8F5";23.08.2017;17:32:13;;-;-;;
2494;Trovan Unique;"000770D8F5";23.08.2017;17:32:14;;-;-;;
2495;Trovan Unique;"000770D8F5";23.08.2017;17:32:15;;-;-;;
2496;Trovan Unique;"000770D8F5";23.08.2017;17:32:16;;-;-;;
2497;Trovan Unique;"000770D8F5";23.08.2017;17:32:17;;-;-;;
2498;Trovan Unique;"000770D8F5";23.08.2017;17:32:18;;-;-;;
2499;Trovan Unique;"000770D8F5";23.08.2017;17:32:19;;-;-;;
2500;Trovan Unique;"000770D8F5";23.08.2017;17:32:20;;-;-;;
2501;Trovan Unique;"000770D8F5";23.08.2017;17:32:21;;-;-;;
2502;Trovan Unique;"000770D8F5";23.08.2017;17:32:22;;-;-;;
2503;Trovan Unique;"000770D8F5";23.08.2017;17:32:23;;-;-;;
2504;Trovan Unique;"000770D8F5";23.08.2017;17:32:24;;-;-;;
2505;Trovan Unique;"000770D8F5";23.08.2017;17:32:25;;-;-;;
2506;Trovan Unique;"000770D8F5";23.08.2017;17:32:26;;-;-;;
2507;Trovan Unique;"000770D8F5";23.08.2017;17:32:27;;-;-;;
2508;Trovan Unique;"000770D8F5";23.08.2017;17:32:28;;-;-;;
2509;Trovan Unique;"000770D8F5";23.08.2017;17:32:29;;-;-;;
2510;Trovan Unique;"000770D8F5";23.08.2017;17:32:30;;-;-;;
2511;Trovan Unique;"000770D8F5";23.08.2017;17:32:31;;-;-;;
2512;Trovan Unique;"000770D8F5";23.08.2017;17:32:32;;-;-;;
2513;Trovan Unique;"000770D8F5";23.08.2017;17:32:33;;-;-;;
2514;Trovan Unique;"000770D8F5";23.08.2017;17:32:34;;-;-;;
2515;Trovan Unique;"000770D8F5";23.08.2017;17:32:35;;-;-;;
2516;Trovan Unique;"000770D8F5";23.08.2017;17:32:36;;-;-;;
2517;Trovan Unique;"000770D8F5";23.08.2017;17:32:37;;-;-;;
2518;Trovan Unique;"000770D8F5";23.08.2017;17:32:38;;-;-;;
2519;Trovan Unique;"000770D8F5";23.08.2017;17:32:39;;-;-;;
2520;Trovan Unique;"000770D8F5";23.08.2017;17:32:40;;-;-;;
2521;Trovan Unique;"000770D8F5";23.08.2017;17:32:41;;-;-;;
2522;Trovan Unique;"000770D8F5";23.08.2017;17:32:42;;-;-;;
2523;Trovan Unique;"000770D8F5";23.08.2017;17:32:43;;-;-;;
2524;Trovan Unique;"000770D8F5";23.08.2017;17:32:44;;-;-;;
2525;Trovan Unique;"000770D8F5";23.08.2017;17:32:45;;-;-;;
2526;Trovan Unique;"000770D8F5";23.08.2017;17:32:46;;-;-;;
2527;Trovan Unique;"000770D8F5";23.08.2017;17:32:47;;-;-;;
2528;Trovan Unique;"000770D8F5";23.08.2017;17:32:48;;-;-;;
2529;Trovan Unique;"000770D8F5";23.08.2017;17:32:49;;-;-;;
2530;Trovan Unique;"000770D8F5";23.08.2017;17:32:50;;-;-;;
2531;Trovan Unique;"000770D8F5";23.08.2017;17:32:51;;-;-;;
2532;Trovan Unique;"000770D8F5";23.08.2017;17:32:52;;-;-;;
2533;Trovan Unique;"000770D8F5";23.08.2017;17:32:53;;-;-;;
2534;Trovan Unique;"000770D8F5";23.08.2017;17:32:54;;-;-;;
2535;Trovan Unique;"000770D8F5";23.08.2017;17:32:55;;-;-;;
2536;Trovan Unique;"000770D8F5";23.08.2017;17:32:56;;-;-;;
2537;Trovan Unique;"000770D8F5";23.08.2017;17:32:57;;-;-;;
2538;Trovan Unique;"000770D8F5";23.08.2017;17:32:58;;-;-;;
2539;Trovan Unique;"000770D8F5";23.08.2017;17:32:59;;-;-;;
2540;Trovan Unique;"000770D8F5";23.08.2017;17:33:00;;-;-;;
2541;Trovan Unique;"000770D8F5";23.08.2017;17:33:01;;-;-;;
2542;Trovan Unique;"000770D8F5";23.08.2017;17:33:02;;-;-;;
2543;Trovan Unique;"000770D8F5";23.08.2017;17:33:03;;-;-;;
2544;Trovan Unique;"000770D8F5";23.08.2017;17:33:04;;-;-;;
2545;Trovan Unique;"000770D8F5";23.08.2017;17:33:05;;-;-;;
2546;Trovan Unique;"000770D8F5";23.08.2017;17:33:06;;-;-;;
2547;Trovan Unique;"000770D8F5";23.08.2017;17:33:07;;-;-;;
2548;Trovan Unique;"000770D8F5";23.08.2017;17:33:08;;-;-;;
2549;Trovan Unique;"000770D8F5";23.08.2017;17:33:09;;-;-;;
2550;Trovan Unique;"000770D8F5";23.08.2017;17:33:10;;-;-;;
2551;Trovan Unique;"000770D8F5";23.08.2017;17:33:11;;-;-;;
2552;Trovan Unique;"000770D8F5";23.08.2017;17:33:12;;-;-;;
2553;Trovan Unique;"000770D8F5";23.08.2017;17:33:13;;-;-;;
2554;Trovan Unique;"000770D8F5";23.08.2017;17:33:14;;-;-;;
2555;Trovan Unique;"000770D8F5";23.08.2017;17:33:15;;-;-;;
2556;Trovan Unique;"000770D8F5";23.08.2017;17:33:16;;-;-;;
2557;Trovan Unique;"000770D8F5";23.08.2017;17:33:17;;-;-;;
2558;Trovan Unique;"000770D8F5";23.08.2017;17:33:18;;-;-;;
2559;Trovan Unique;"000770D8F5";23.08.2017;17:33:19;;-;-;;
2560;Trovan Unique;"000770D8F5";23.08.2017;17:33:20;;-;-;;
2561;Trovan Unique;"000770D8F5";23.08.2017;17:33:21;;-;-;;
2562;Trovan Unique;"000770D8F5";23.08.2017;17:33:22;;-;-;;
2563;Trovan Unique;"000770D8F5";23.08.2017;17:33:23;;-;-;;
2564;Trovan Unique;"000770D8F5";23.08.2017;17:33:24;;-;-;;
2565;Trovan Unique;"000770D8F5";23.08.2017;17:33:25;;-;-;;
2566;Trovan Unique;"000770D8F5";23.08.2017;17:33:26;;-;-;;
2567;Trovan Unique;"000770D8F5";23.08.2017;17:33:27;;-;-;;
2568;Trovan Unique;"000770D8F5";23.08.2017;17:33:28;;-;-;;
2569;Trovan Unique;"000770D8F5";23.08.2017;17:33:29;;-;-;;
2570;Trovan Unique;"000770D8F5";23.08.2017;17:33:30;;-;-;;
2571;Trovan Unique;"000770D8F5";23.08.2017;17:33:31;;-;-;;
2572;Trovan Unique;"000770D8F5";23.08.2017;17:33:32;;-;-;;
2573;Trovan Unique;"000770D8F5";23.08.2017;17:33:33;;-;-;;
2574;Trovan Unique;"000770D8F5";23.08.2017;17:33:34;;-;-;;
2575;Trovan Unique;"000770D8F5";23.08.2017;17:33:35;;-;-;;
2576;Trovan Unique;"000770D8F5";23.08.2017;17:33:36;;-;-;;
2577;Trovan Unique;"000770D8F5";23.08.2017;17:33:37;;-;-;;
2578;Trovan Unique;"000770D8F5";23.08.2017;17:33:38;;-;-;;
2579;Trovan Unique;"000770D8F5";23.08.2017;17:33:39;;-;-;;
2580;Trovan Unique;"000770D8F5";23.08.2017;17:33:40;;-;-;;
2581;Trovan Unique;"000770D8F5";23.08.2017;17:33:41;;-;-;;
2582;Trovan Unique;"000770D8F5";23.08.2017;17:33:42;;-;-;;
2583;Trovan Unique;"000770D8F5";23.08.2017;17:33:43;;-;-;;
2584;Trovan Unique;"000770D8F5";23.08.2017;17:33:44;;-;-;;
2585;Trovan Unique;"000770D8F5";23.08.2017;17:33:45;;-;-;;
2586;Trovan Unique;"000770D8F5";23.08.2017;17:33:46;;-;-;;
2587;Trovan Unique;"000770D8F5";23.08.2017;17:33:47;;-;-;;
2588;Trovan Unique;"000770D8F5";23.08.2017;17:33:48;;-;-;;
2589;Trovan Unique;"000770D8F5";23.08.2017;17:33:49;;-;-;;
2590;Trovan Unique;"000770D8F5";23.08.2017;17:33:50;;-;-;;
2591;Trovan Unique;"000770D8F5";23.08.2017;17:33:51;;-;-;;
2592;Trovan Unique;"000770D8F5";23.08.2017;17:33:52;;-;-;;
2593;Trovan Unique;"000770D8F5";23.08.2017;17:33:53;;-;-;;
2594;Trovan Unique;"000770D8F5";23.08.2017;17:33:54;;-;-;;
2595;Trovan Unique;"000770D8F5";23.08.2017;17:33:55;;-;-;;
2596;Trovan Unique;"000770D8F5";23.08.2017;17:33:56;;-;-;;
2597;Trovan Unique;"000770D8F5";23.08.2017;17:33:57;;-;-;;
2598;Trovan Unique;"000770D8F5";23.08.2017;17:33:58;;-;-;;
2599;Trovan Unique;"000770D8F5";23.08.2017;17:33:59;;-;-;;
2600;Trovan Unique;"000770D8F5";23.08.2017;17:34:00;;-;-;;
2601;Trovan Unique;"000770D8F5";23.08.2017;17:34:01;;-;-;;
2602;Trovan Unique;"000770D8F5";23.08.2017;17:34:02;;-;-;;
2603;Trovan Unique;"000770D8F5";23.08.2017;17:34:03;;-;-;;
2604;Trovan Unique;"000770D8F5";23.08.2017;17:34:04;;-;-;;
2605;Trovan Unique;"000770D8F5";23.08.2017;17:34:05;;-;-;;
2606;Trovan Unique;"000770D8F5";23.08.2017;17:34:06;;-;-;;
2607;Trovan Unique;"000770D8F5";23.08.2017;17:34:07;;-;-;;
2608;Trovan Unique;"000770D8F5";23.08.2017;17:34:08;;-;-;;
2609;Trovan Unique;"000770D8F5";23.08.2017;17:34:09;;-;-;;
2610;Trovan Unique;"000770D8F5";23.08.2017;17:34:10;;-;-;;
2611;Trovan Unique;"000770D8F5";23.08.2017;17:34:11;;-;-;;
2612;Trovan Unique;"000770D8F5";23.08.2017;17:34:12;;-;-;;
2613;Trovan Unique;"000770D8F5";23.08.2017;17:34:13;;-;-;;
2614;Trovan Unique;"000770D8F5";23.08.2017;17:34:14;;-;-;;
2615;Trovan Unique;"000770D8F5";23.08.2017;17:34:15;;-;-;;
2616;Trovan Unique;"000770D8F5";23.08.2017;17:34:16;;-;-;;
2617;Trovan Unique;"000770D8F5";23.08.2017;17:34:17;;-;-;;
2618;Trovan Unique;"000770D8F5";23.08.2017;17:34:18;;-;-;;
2619;Trovan Unique;"000770D8F5";23.08.2017;17:34:19;;-;-;;
2620;Trovan Unique;"000770D8F5";23.08.2017;17:34:20;;-;-;;
2621;Trovan Unique;"000770D8F5";23.08.2017;17:34:21;;-;-;;
2622;Trovan Unique;"000770D8F5";23.08.2017;17:34:22;;-;-;;
2623;Trovan Unique;"000770D8F5";23.08.2017;17:34:23;;-;-;;
2624;Trovan Unique;"000770D8F5";23.08.2017;17:34:24;;-;-;;
2625;Trovan Unique;"000770D8F5";23.08.2017;17:34:25;;-;-;;
2626;Trovan Unique;"000770D8F5";23.08.2017;17:34:26;;-;-;;
2627;Trovan Unique;"000770D8F5";23.08.2017;17:34:27;;-;-;;
2628;Trovan Unique;"000770D8F5";23.08.2017;17:34:28;;-;-;;
2629;Trovan Unique;"000770D8F5";23.08.2017;17:34:29;;-;-;;
2630;Trovan Unique;"000770D8F5";23.08.2017;17:34:30;;-;-;;
2631;Trovan Unique;"000770D8F5";23.08.2017;17:34:31;;-;-;;
2632;Trovan Unique;"000770D8F5";23.08.2017;17:34:32;;-;-;;
2633;Trovan Unique;"000770D8F5";23.08.2017;17:34:33;;-;-;;
2634;Trovan Unique;"000770D8F5";23.08.2017;17:34:34;;-;-;;
2635;Trovan Unique;"000770D8F5";23.08.2017;17:34:35;;-;-;;
2636;Trovan Unique;"000770D8F5";23.08.2017;17:34:36;;-;-;;
2637;Trovan Unique;"000770D8F5";23.08.2017;17:34:37;;-;-;;
2638;Trovan Unique;"000770D8F5";23.08.2017;17:34:38;;-;-;;
2639;Trovan Unique;"000770D8F5";23.08.2017;17:34:39;;-;-;;
2640;Trovan Unique;"000770D8F5";23.08.2017;17:34:40;;-;-;;
2641;Trovan Unique;"000770D8F5";23.08.2017;17:34:41;;-;-;;
2642;Trovan Unique;"000770D8F5";23.08.2017;17:34:42;;-;-;;
2643;Trovan Unique;"000770D8F5";23.08.2017;17:34:43;;-;-;;
2644;Trovan Unique;"000770D8F5";23.08.2017;17:34:44;;-;-;;
2645;Trovan Unique;"000770D8F5";23.08.2017;17:34:45;;-;-;;
2646;Trovan Unique;"000770D8F5";23.08.2017;17:34:46;;-;-;;
2647;Trovan Unique;"000770D8F5";23.08.2017;17:34:47;;-;-;;
2648;Trovan Unique;"000770D8F5";23.08.2017;17:34:48;;-;-;;
2649;Trovan Unique;"000770D8F5";23.08.2017;17:34:49;;-;-;;
2650;Trovan Unique;"000770D8F5";23.08.2017;17:34:50;;-;-;;
2651;Trovan Unique;"000770D8F5";23.08.2017;17:34:51;;-;-;;
2652;Trovan Unique;"000770D8F5";23.08.2017;17:34:52;;-;-;;
2653;Trovan Unique;"000770D8F5";23.08.2017;17:34:53;;-;-;;
2654;Trovan Unique;"000770D8F5";23.08.2017;17:34:54;;-;-;;
2655;Trovan Unique;"000770D8F5";23.08.2017;17:34:55;;-;-;;
2656;Trovan Unique;"000770D8F5";23.08.2017;17:34:56;;-;-;;
2657;Trovan Unique;"000770D8F5";23.08.2017;17:34:57;;-;-;;
2658;Trovan Unique;"000770D8F5";23.08.2017;17:34:58;;-;-;;
2659;Trovan Unique;"000770D8F5";23.08.2017;17:34:59;;-;-;;
2660;Trovan Unique;"000770D8F5";23.08.2017;17:35:00;;-;-;;
2661;Trovan Unique;"000770D8F5";23.08.2017;17:35:01;;-;-;;
2662;Trovan Unique;"000770D8F5";23.08.2017;17:35:02;;-;-;;
2663;Trovan Unique;"000770D8F5";23.08.2017;17:35:03;;-;-;;
2664;Trovan Unique;"000770D8F5";23.08.2017;17:35:04;;-;-;;
2665;Trovan Unique;"000770D8F5";23.08.2017;17:35:05;;-;-;;
2666;Trovan Unique;"000770D8F5";23.08.2017;17:35:06;;-;-;;
2667;Trovan Unique;"000770D8F5";23.08.2017;17:35:07;;-;-;;
2668;Trovan Unique;"000770D8F5";23.08.2017;17:35:08;;-;-;;
2669;Trovan Unique;"000770D8F5";23.08.2017;17:35:09;;-;-;;
2670;Trovan Unique;"000770D8F5";23.08.2017;17:35:10;;-;-;;
2671;Trovan Unique;"000770D8F5";23.08.2017;17:35:11;;-;-;;
2672;Trovan Unique;"000770D8F5";23.08.2017;17:35:12;;-;-;;
2673;Trovan Unique;"000770D8F5";23.08.2017;17:35:13;;-;-;;
2674;Trovan Unique;"000770D8F5";23.08.2017;17:35:14;;-;-;;
2675;Trovan Unique;"000770D8F5";23.08.2017;17:35:15;;-;-;;
2676;Trovan Unique;"000770D8F5";23.08.2017;17:35:16;;-;-;;
2677;Trovan Unique;"000770D8F5";23.08.2017;17:35:17;;-;-;;
2678;Trovan Unique;"000770D8F5";23.08.2017;17:35:18;;-;-;;
2679;Trovan Unique;"000770D8F5";23.08.2017;17:35:19;;-;-;;
2680;Trovan Unique;"000770D8F5";23.08.2017;17:35:20;;-;-;;
2681;Trovan Unique;"000770D8F5";23.08.2017;17:35:21;;-;-;;
2682;Trovan Unique;"000770D8F5";23.08.2017;17:35:22;;-;-;;
2683;Trovan Unique;"000770D8F5";23.08.2017;17:35:23;;-;-;;
2684;Trovan Unique;"000770D8F5";23.08.2017;17:35:24;;-;-;;
2685;Trovan Unique;"000770D8F5";23.08.2017;17:35:25;;-;-;;
2686;Trovan Unique;"000770D8F5";23.08.2017;17:35:26;;-;-;;
2687;Trovan Unique;"000770D8F5";23.08.2017;17:35:27;;-;-;;
2688;Trovan Unique;"000770D8F5";23.08.2017;17:35:28;;-;-;;
2689;Trovan Unique;"000770D8F5";23.08.2017;17:35:29;;-;-;;
2690;Trovan Unique;"000770D8F5";23.08.2017;17:35:30;;-;-;;
2691;Trovan Unique;"000770D8F5";23.08.2017;17:35:31;;-;-;;
2692;Trovan Unique;"000770D8F5";23.08.2017;17:35:32;;-;-;;
2693;Trovan Unique;"000770D8F5";23.08.2017;17:35:33;;-;-;;
2694;Trovan Unique;"000770D8F5";23.08.2017;17:35:34;;-;-;;
2695;Trovan Unique;"000770D8F5";23.08.2017;17:35:35;;-;-;;
2696;Trovan Unique;"000770D8F5";23.08.2017;17:35:36;;-;-;;
2697;Trovan Unique;"000770D8F5";23.08.2017;17:35:37;;-;-;;
2698;Trovan Unique;"000770D8F5";23.08.2017;17:35:38;;-;-;;
2699;Trovan Unique;"000770D8F5";23.08.2017;17:35:39;;-;-;;
2700;Trovan Unique;"000770D8F5";23.08.2017;17:35:40;;-;-;;
2701;Trovan Unique;"000770D8F5";23.08.2017;17:35:41;;-;-;;
2702;Trovan Unique;"000770D8F5";23.08.2017;17:35:42;;-;-;;
2703;Trovan Unique;"000770D8F5";23.08.2017;17:35:43;;-;-;;
2704;Trovan Unique;"000770D8F5";23.08.2017;17:35:44;;-;-;;
2705;Trovan Unique;"000770D8F5";23.08.2017;17:35:45;;-;-;;
2706;Trovan Unique;"000770D8F5";23.08.2017;17:35:46;;-;-;;
2707;Trovan Unique;"000770D8F5";23.08.2017;17:35:47;;-;-;;
2708;Trovan Unique;"000770D8F5";23.08.2017;17:35:48;;-;-;;
2709;Trovan Unique;"000770D8F5";23.08.2017;17:35:49;;-;-;;
2710;Trovan Unique;"000770D8F5";23.08.2017;17:35:50;;-;-;;
2711;Trovan Unique;"000770D8F5";23.08.2017;17:35:51;;-;-;;
2712;Trovan Unique;"000770D8F5";23.08.2017;17:35:52;;-;-;;
2713;Trovan Unique;"000770D8F5";23.08.2017;17:35:53;;-;-;;
2714;Trovan Unique;"000770D8F5";23.08.2017;17:35:54;;-;-;;
2715;Trovan Unique;"000770D8F5";23.08.2017;17:35:55;;-;-;;
2716;Trovan Unique;"000770D8F5";23.08.2017;17:35:56;;-;-;;
2717;Trovan Unique;"000770D8F5";23.08.2017;17:35:57;;-;-;;
2718;Trovan Unique;"000770D8F5";23.08.2017;17:35:58;;-;-;;
2719;Trovan Unique;"000770D8F5";23.08.2017;17:35:59;;-;-;;
2720;Trovan Unique;"000770D8F5";23.08.2017;17:36:00;;-;-;;
2721;Trovan Unique;"000770D8F5";23.08.2017;17:36:01;;-;-;;
2722;Trovan Unique;"000770D8F5";23.08.2017;17:36:02;;-;-;;
2723;Trovan Unique;"000770D8F5";23.08.2017;17:36:03;;-;-;;
2724;Trovan Unique;"000770D8F5";23.08.2017;17:36:04;;-;-;;
2725;Trovan Unique;"000770D8F5";23.08.2017;17:36:05;;-;-;;
2726;Trovan Unique;"000770D8F5";23.08.2017;17:36:06;;-;-;;
2727;Trovan Unique;"000770D8F5";23.08.2017;17:36:07;;-;-;;
2728;Trovan Unique;"000770D8F5";23.08.2017;17:36:08;;-;-;;
2729;Trovan Unique;"000770D8F5";23.08.2017;17:36:09;;-;-;;
2730;Trovan Unique;"000770D8F5";23.08.2017;17:36:10;;-;-;;
2731;Trovan Unique;"000770D8F5";23.08.2017;17:36:11;;-;-;;
2732;Trovan Unique;"000770D8F5";23.08.2017;17:36:12;;-;-;;
2733;Trovan Unique;"000770D8F5";23.08.2017;17:36:13;;-;-;;
2734;Trovan Unique;"000770D8F5";23.08.2017;17:36:14;;-;-;;
2735;Trovan Unique;"000770D8F5";23.08.2017;17:36:15;;-;-;;
2736;Trovan Unique;"000770D8F5";23.08.2017;17:36:16;;-;-;;
2737;Trovan Unique;"000770D8F5";23.08.2017;17:36:17;;-;-;;
2738;Trovan Unique;"000770D8F5";23.08.2017;17:36:18;;-;-;;
2739;Trovan Unique;"000770D8F5";23.08.2017;17:36:19;;-;-;;
2740;Trovan Unique;"000770D8F5";23.08.2017;17:36:20;;-;-;;
2741;Trovan Unique;"000770D8F5";23.08.2017;17:36:21;;-;-;;
2742;Trovan Unique;"000770D8F5";23.08.2017;17:36:22;;-;-;;
2743;Trovan Unique;"000770D8F5";23.08.2017;17:36:23;;-;-;;
2744;Trovan Unique;"000770D8F5";23.08.2017;17:36:24;;-;-;;
2745;Trovan Unique;"000770D8F5";23.08.2017;17:36:25;;-;-;;
2746;Trovan Unique;"000770D8F5";23.08.2017;17:36:26;;-;-;;
2747;Trovan Unique;"000770D8F5";23.08.2017;17:36:27;;-;-;;
2748;Trovan Unique;"000770D8F5";23.08.2017;17:36:28;;-;-;;
2749;Trovan Unique;"000770D8F5";23.08.2017;17:36:29;;-;-;;
2750;Trovan Unique;"000770D8F5";23.08.2017;17:36:30;;-;-;;
2751;Trovan Unique;"000770D8F5";23.08.2017;17:36:31;;-;-;;
2752;Trovan Unique;"000770D8F5";23.08.2017;17:36:32;;-;-;;
2753;Trovan Unique;"000770D8F5";23.08.2017;17:36:33;;-;-;;
2754;Trovan Unique;"000770D8F5";23.08.2017;17:36:34;;-;-;;
2755;Trovan Unique;"000770D8F5";23.08.2017;17:36:35;;-;-;;
2756;Trovan Unique;"000770D8F5";23.08.2017;17:36:36;;-;-;;
2757;Trovan Unique;"000770D8F5";23.08.2017;17:36:37;;-;-;;
2758;Trovan Unique;"000770D8F5";23.08.2017;17:36:38;;-;-;;
2759;Trovan Unique;"000770D8F5";23.08.2017;17:36:39;;-;-;;
2760;Trovan Unique;"000770D8F5";23.08.2017;17:36:40;;-;-;;
2761;Trovan Unique;"000770D8F5";23.08.2017;17:36:41;;-;-;;
2762;Trovan Unique;"000770D8F5";23.08.2017;17:36:42;;-;-;;
2763;Trovan Unique;"000770D8F5";23.08.2017;17:36:43;;-;-;;
2764;Trovan Unique;"000770D8F5";23.08.2017;17:36:44;;-;-;;
2765;Trovan Unique;"000770D8F5";23.08.2017;17:36:45;;-;-;;
2766;Trovan Unique;"000770D8F5";23.08.2017;17:36:46;;-;-;;
2767;Trovan Unique;"000770D8F5";23.08.2017;17:36:47;;-;-;;
2768;Trovan Unique;"000770D8F5";23.08.2017;17:36:48;;-;-;;
2769;Trovan Unique;"000770D8F5";23.08.2017;17:36:49;;-;-;;
2770;Trovan Unique;"000770D8F5";23.08.2017;17:36:50;;-;-;;
2771;Trovan Unique;"000770D8F5";23.08.2017;17:36:51;;-;-;;
2772;Trovan Unique;"000770D8F5";23.08.2017;17:36:52;;-;-;;
2773;Trovan Unique;"000770D8F5";23.08.2017;17:36:53;;-;-;;
2774;Trovan Unique;"000770D8F5";23.08.2017;17:36:54;;-;-;;
2775;Trovan Unique;"000770D8F5";23.08.2017;17:36:55;;-;-;;
2776;Trovan Unique;"000770D8F5";23.08.2017;17:36:56;;-;-;;
2777;Trovan Unique;"000770D8F5";23.08.2017;17:36:57;;-;-;;
2778;Trovan Unique;"000770D8F5";23.08.2017;17:36:58;;-;-;;
2779;Trovan Unique;"000770D8F5";23.08.2017;17:36:59;;-;-;;
2780;Trovan Unique;"000770D8F5";23.08.2017;17:37:00;;-;-;;
2781;Trovan Unique;"000770D8F5";23.08.2017;17:37:01;;-;-;;
2782;Trovan Unique;"000770D8F5";23.08.2017;17:37:02;;-;-;;
2783;Trovan Unique;"000770D8F5";23.08.2017;17:37:03;;-;-;;
2784;Trovan Unique;"000770D8F5";23.08.2017;17:37:04;;-;-;;
2785;Trovan Unique;"000770D8F5";23.08.2017;17:37:05;;-;-;;
2786;Trovan Unique;"000770D8F5";23.08.2017;17:37:06;;-;-;;
2787;Trovan Unique;"000770D8F5";23.08.2017;17:37:07;;-;-;;
2788;Trovan Unique;"000770D8F5";23.08.2017;17:37:08;;-;-;;
2789;Trovan Unique;"000770D8F5";23.08.2017;17:37:09;;-;-;;
2790;Trovan Unique;"000770D8F5";23.08.2017;17:37:10;;-;-;;
2791;Trovan Unique;"000770D8F5";23.08.2017;17:37:11;;-;-;;
2792;Trovan Unique;"000770D8F5";23.08.2017;17:37:12;;-;-;;
2793;Trovan Unique;"000770D8F5";23.08.2017;17:37:13;;-;-;;
2794;Trovan Unique;"000770D8F5";23.08.2017;17:37:14;;-;-;;
2795;Trovan Unique;"000770D8F5";23.08.2017;17:37:15;;-;-;;
2796;Trovan Unique;"000770D8F5";23.08.2017;17:37:16;;-;-;;
2797;Trovan Unique;"000770D8F5";23.08.2017;17:37:17;;-;-;;
2798;Trovan Unique;"000770D8F5";23.08.2017;17:37:18;;-;-;;
2799;Trovan Unique;"000770D8F5";23.08.2017;17:37:19;;-;-;;
2800;Trovan Unique;"000770D8F5";23.08.2017;17:37:20;;-;-;;
2801;Trovan Unique;"000770D8F5";23.08.2017;17:37:21;;-;-;;
2802;Trovan Unique;"000770D8F5";23.08.2017;17:37:22;;-;-;;
2803;Trovan Unique;"000770D8F5";23.08.2017;17:37:23;;-;-;;
2804;Trovan Unique;"000770D8F5";23.08.2017;17:37:24;;-;-;;
2805;Trovan Unique;"000770D8F5";23.08.2017;17:37:25;;-;-;;
2806;Trovan Unique;"000770D8F5";23.08.2017;17:37:26;;-;-;;
2807;Trovan Unique;"000770D8F5";23.08.2017;17:37:27;;-;-;;
2808;Trovan Unique;"000770D8F5";23.08.2017;17:37:28;;-;-;;
2809;Trovan Unique;"000770D8F5";23.08.2017;17:37:29;;-;-;;
2810;Trovan Unique;"000770D8F5";23.08.2017;17:37:30;;-;-;;
2811;Trovan Unique;"000770D8F5";23.08.2017;17:37:31;;-;-;;
2812;Trovan Unique;"000770D8F5";23.08.2017;17:37:32;;-;-;;
2813;Trovan Unique;"000770D8F5";23.08.2017;17:37:33;;-;-;;
2814;Trovan Unique;"000770D8F5";23.08.2017;17:37:34;;-;-;;
2815;Trovan Unique;"000770D8F5";23.08.2017;17:37:35;;-;-;;
2816;Trovan Unique;"000770D8F5";23.08.2017;17:37:36;;-;-;;
2817;Trovan Unique;"000770D8F5";23.08.2017;17:37:37;;-;-;;
2818;Trovan Unique;"000770D8F5";23.08.2017;17:37:38;;-;-;;
2819;Trovan Unique;"000770D8F5";23.08.2017;17:37:39;;-;-;;
2820;Trovan Unique;"000770D8F5";23.08.2017;17:37:40;;-;-;;
2821;Trovan Unique;"000770D8F5";23.08.2017;17:37:41;;-;-;;
2822;Trovan Unique;"000770D8F5";23.08.2017;17:37:42;;-;-;;
2823;Trovan Unique;"000770D8F5";23.08.2017;17:37:43;;-;-;;
2824;Trovan Unique;"000770D8F5";23.08.2017;17:37:44;;-;-;;
2825;Trovan Unique;"000770D8F5";23.08.2017;17:37:45;;-;-;;
2826;Trovan Unique;"000770D8F5";23.08.2017;17:37:46;;-;-;;
2827;Trovan Unique;"000770D8F5";23.08.2017;17:37:47;;-;-;;
2828;Trovan Unique;"000770D8F5";23.08.2017;17:37:48;;-;-;;
2829;Trovan Unique;"000770D8F5";23.08.2017;17:37:49;;-;-;;
2830;Trovan Unique;"000770D8F5";23.08.2017;17:37:50;;-;-;;
2831;Trovan Unique;"000770D8F5";23.08.2017;17:37:51;;-;-;;
2832;Trovan Unique;"000770D8F5";23.08.2017;17:37:52;;-;-;;
2833;Trovan Unique;"000770D8F5";23.08.2017;17:37:53;;-;-;;
2834;Trovan Unique;"000770D8F5";23.08.2017;17:37:54;;-;-;;
2835;Trovan Unique;"000770D8F5";23.08.2017;17:37:55;;-;-;;
2836;Trovan Unique;"000770D8F5";23.08.2017;17:37:56;;-;-;;
2837;Trovan Unique;"000770D8F5";23.08.2017;17:37:57;;-;-;;
2838;Trovan Unique;"000770D8F5";23.08.2017;17:37:58;;-;-;;
2839;Trovan Unique;"000770D8F5";23.08.2017;17:37:59;;-;-;;
2840;Trovan Unique;"000770D8F5";23.08.2017;17:38:00;;-;-;;
2841;Trovan Unique;"000770D8F5";23.08.2017;17:38:01;;-;-;;
2842;Trovan Unique;"000770D8F5";23.08.2017;17:38:02;;-;-;;
2843;Trovan Unique;"000770D8F5";23.08.2017;17:38:03;;-;-;;
2844;Trovan Unique;"000770D8F5";23.08.2017;17:38:04;;-;-;;
2845;Trovan Unique;"000770D8F5";23.08.2017;17:38:05;;-;-;;
2846;Trovan Unique;"000770D8F5";23.08.2017;17:38:06;;-;-;;
2847;Trovan Unique;"000770D8F5";23.08.2017;17:38:07;;-;-;;
2848;Trovan Unique;"000770D8F5";23.08.2017;17:38:08;;-;-;;
2849;Trovan Unique;"000770D8F5";23.08.2017;17:38:09;;-;-;;
2850;Trovan Unique;"000770D8F5";23.08.2017;17:38:10;;-;-;;
2851;Trovan Unique;"000770D8F5";23.08.2017;17:38:11;;-;-;;
2852;Trovan Unique;"000770D8F5";23.08.2017;17:38:12;;-;-;;
2853;Trovan Unique;"000770D8F5";23.08.2017;17:38:13;;-;-;;
2854;Trovan Unique;"000770D8F5";23.08.2017;17:38:14;;-;-;;
2855;Trovan Unique;"000770D8F5";23.08.2017;17:38:15;;-;-;;
2856;Trovan Unique;"000770D8F5";23.08.2017;17:38:16;;-;-;;
2857;Trovan Unique;"000770D8F5";23.08.2017;17:38:17;;-;-;;
2858;Trovan Unique;"000770D8F5";23.08.2017;17:38:18;;-;-;;
2859;Trovan Unique;"000770D8F5";23.08.2017;17:38:19;;-;-;;
2860;Trovan Unique;"000770D8F5";23.08.2017;17:38:20;;-;-;;
2861;Trovan Unique;"000770D8F5";23.08.2017;17:38:21;;-;-;;
2862;Trovan Unique;"000770D8F5";23.08.2017;17:38:22;;-;-;;
2863;Trovan Unique;"000770D8F5";23.08.2017;17:38:23;;-;-;;
2864;Trovan Unique;"000770D8F5";23.08.2017;17:38:24;;-;-;;
2865;Trovan Unique;"000770D8F5";23.08.2017;17:38:25;;-;-;;
2866;Trovan Unique;"000770D8F5";23.08.2017;17:38:26;;-;-;;
2867;Trovan Unique;"000770D8F5";23.08.2017;17:38:27;;-;-;;
2868;Trovan Unique;"000770D8F5";23.08.2017;17:38:28;;-;-;;
2869;Trovan Unique;"000770D8F5";23.08.2017;17:38:29;;-;-;;
2870;Trovan Unique;"000770D8F5";23.08.2017;17:38:30;;-;-;;
2871;Trovan Unique;"000770D8F5";23.08.2017;17:38:31;;-;-;;
2872;Trovan Unique;"000770D8F5";23.08.2017;17:38:32;;-;-;;
2873;Trovan Unique;"000770D8F5";23.08.2017;17:38:33;;-;-;;
2874;Trovan Unique;"000770D8F5";23.08.2017;17:38:34;;-;-;;
2875;Trovan Unique;"000770D8F5";23.08.2017;17:38:35;;-;-;;
2876;Trovan Unique;"000770D8F5";23.08.2017;17:38:36;;-;-;;
2877;Trovan Unique;"000770D8F5";23.08.2017;17:38:37;;-;-;;
2878;Trovan Unique;"000770D8F5";23.08.2017;17:38:38;;-;-;;
2879;Trovan Unique;"000770D8F5";23.08.2017;17:38:39;;-;-;;
2880;Trovan Unique;"000770D8F5";23.08.2017;17:38:40;;-;-;;
2881;Trovan Unique;"000770D8F5";23.08.2017;17:38:41;;-;-;;
2882;Trovan Unique;"000770D8F5";23.08.2017;17:38:42;;-;-;;
2883;Trovan Unique;"000770D8F5";23.08.2017;17:38:43;;-;-;;
2884;Trovan Unique;"000770D8F5";23.08.2017;17:38:44;;-;-;;
2885;Trovan Unique;"000770D8F5";23.08.2017;17:38:45;;-;-;;
2886;Trovan Unique;"000770D8F5";23.08.2017;17:38:46;;-;-;;
2887;Trovan Unique;"000770D8F5";23.08.2017;17:38:47;;-;-;;
2888;Trovan Unique;"000770D8F5";23.08.2017;17:38:48;;-;-;;
2889;Trovan Unique;"000770D8F5";23.08.2017;17:38:49;;-;-;;
2890;Trovan Unique;"000770D8F5";23.08.2017;17:38:50;;-;-;;
2891;Trovan Unique;"000770D8F5";23.08.2017;17:38:51;;-;-;;
2892;Trovan Unique;"000770D8F5";23.08.2017;17:38:52;;-;-;;
2893;Trovan Unique;"000770D8F5";23.08.2017;17:38:53;;-;-;;
2894;Trovan Unique;"000770D8F5";23.08.2017;17:38:54;;-;-;;
2895;Trovan Unique;"000770D8F5";23.08.2017;17:38:55;;-;-;;
2896;Trovan Unique;"000770D8F5";23.08.2017;17:38:56;;-;-;;
2897;Trovan Unique;"000770D8F5";23.08.2017;17:38:57;;-;-;;
2898;Trovan Unique;"000770D8F5";23.08.2017;17:38:58;;-;-;;
2899;Trovan Unique;"000770D8F5";23.08.2017;17:38:59;;-;-;;
2900;Trovan Unique;"000770D8F5";23.08.2017;17:39:00;;-;-;;
2901;Trovan Unique;"000770D8F5";23.08.2017;17:39:01;;-;-;;
2902;Trovan Unique;"000770D8F5";23.08.2017;17:39:02;;-;-;;
2903;Trovan Unique;"000770D8F5";23.08.2017;17:39:03;;-;-;;
2904;Trovan Unique;"000770D8F5";23.08.2017;17:39:04;;-;-;;
2905;Trovan Unique;"000770D8F5";23.08.2017;17:39:05;;-;-;;
2906;Trovan Unique;"000770D8F5";23.08.2017;17:39:06;;-;-;;
2907;Trovan Unique;"000770D8F5";23.08.2017;17:39:07;;-;-;;
2908;Trovan Unique;"000770D8F5";23.08.2017;17:39:08;;-;-;;
2909;Trovan Unique;"000770D8F5";23.08.2017;17:39:09;;-;-;;
2910;Trovan Unique;"000770D8F5";23.08.2017;17:39:10;;-;-;;
2911;Trovan Unique;"000770D8F5";23.08.2017;17:39:11;;-;-;;
2912;Trovan Unique;"000770D8F5";23.08.2017;17:39:12;;-;-;;
2913;Trovan Unique;"000770D8F5";23.08.2017;17:39:13;;-;-;;
2914;Trovan Unique;"000770D8F5";23.08.2017;17:39:14;;-;-;;
2915;Trovan Unique;"000770D8F5";23.08.2017;17:39:15;;-;-;;
2916;Trovan Unique;"000770D8F5";23.08.2017;17:39:16;;-;-;;
2917;Trovan Unique;"000770D8F5";23.08.2017;17:39:17;;-;-;;
2918;Trovan Unique;"000770D8F5";23.08.2017;17:39:18;;-;-;;
2919;Trovan Unique;"000770D8F5";23.08.2017;17:39:19;;-;-;;
2920;Trovan Unique;"000770D8F5";23.08.2017;17:39:20;;-;-;;
2921;Trovan Unique;"000770D8F5";23.08.2017;17:39:21;;-;-;;
2922;Trovan Unique;"000770D8F5";23.08.2017;17:39:22;;-;-;;
2923;Trovan Unique;"000770D8F5";23.08.2017;17:39:23;;-;-;;
2924;Trovan Unique;"000770D8F5";23.08.2017;17:39:24;;-;-;;
2925;Trovan Unique;"000770D8F5";23.08.2017;17:39:25;;-;-;;
2926;Trovan Unique;"000770D8F5";23.08.2017;17:39:26;;-;-;;
2927;Trovan Unique;"000770D8F5";23.08.2017;17:39:27;;-;-;;
2928;Trovan Unique;"000770D8F5";23.08.2017;17:39:28;;-;-;;
2929;Trovan Unique;"000770D8F5";23.08.2017;17:39:29;;-;-;;
2930;Trovan Unique;"000770D8F5";23.08.2017;17:39:30;;-;-;;
2931;Trovan Unique;"000770D8F5";23.08.2017;17:39:31;;-;-;;
2932;Trovan Unique;"000770D8F5";23.08.2017;17:39:32;;-;-;;
2933;Trovan Unique;"000770D8F5";23.08.2017;17:39:33;;-;-;;
2934;Trovan Unique;"000770D8F5";23.08.2017;17:39:34;;-;-;;
2935;Trovan Unique;"000770D8F5";23.08.2017;17:39:35;;-;-;;
2936;Trovan Unique;"000770D8F5";23.08.2017;17:39:36;;-;-;;
2937;Trovan Unique;"000770D8F5";23.08.2017;17:39:37;;-;-;;
2938;Trovan Unique;"000770D8F5";23.08.2017;17:39:38;;-;-;;
2939;Trovan Unique;"000770D8F5";23.08.2017;17:39:39;;-;-;;
2940;Trovan Unique;"000770D8F5";23.08.2017;17:39:40;;-;-;;
2941;Trovan Unique;"000770D8F5";23.08.2017;17:39:41;;-;-;;
2942;Trovan Unique;"000770D8F5";23.08.2017;17:39:42;;-;-;;
2943;Trovan Unique;"000770D8F5";23.08.2017;17:39:43;;-;-;;
2944;Trovan Unique;"000770D8F5";23.08.2017;17:39:44;;-;-;;
2945;Trovan Unique;"000770D8F5";23.08.2017;17:39:45;;-;-;;
2946;Trovan Unique;"000770D8F5";23.08.2017;17:39:46;;-;-;;
2947;Trovan Unique;"000770D8F5";23.08.2017;17:39:47;;-;-;;
2948;Trovan Unique;"000770D8F5";23.08.2017;17:39:48;;-;-;;
2949;Trovan Unique;"000770D8F5";23.08.2017;17:39:49;;-;-;;
2950;Trovan Unique;"000770D8F5";23.08.2017;17:39:50;;-;-;;
2951;Trovan Unique;"000770D8F5";23.08.2017;17:39:51;;-;-;;
2952;Trovan Unique;"000770D8F5";23.08.2017;17:39:52;;-;-;;
2953;Trovan Unique;"000770D8F5";23.08.2017;17:39:53;;-;-;;
2954;Trovan Unique;"000770D8F5";23.08.2017;17:39:54;;-;-;;
2955;Trovan Unique;"000770D8F5";23.08.2017;17:39:55;;-;-;;
2956;Trovan Unique;"000770D8F5";23.08.2017;17:39:56;;-;-;;
2957;Trovan Unique;"000770D8F5";23.08.2017;17:39:57;;-;-;;
2958;Trovan Unique;"000770D8F5";23.08.2017;17:39:58;;-;-;;
2959;Trovan Unique;"000770D8F5";23.08.2017;17:39:59;;-;-;;
2960;Trovan Unique;"000770D8F5";23.08.2017;17:40:01;;-;-;;
2961;Trovan Unique;"000770D8F5";23.08.2017;17:40:02;;-;-;;
2962;Trovan Unique;"000770D8F5";23.08.2017;17:40:03;;-;-;;
2963;Trovan Unique;"000770D8F5";23.08.2017;17:40:04;;-;-;;
2964;Trovan Unique;"000770D8F5";23.08.2017;17:40:05;;-;-;;
2965;Trovan Unique;"000770D8F5";23.08.2017;17:40:06;;-;-;;
2966;Trovan Unique;"000770D8F5";23.08.2017;17:40:07;;-;-;;
2967;Trovan Unique;"000770D8F5";23.08.2017;17:40:08;;-;-;;
2968;Trovan Unique;"000770D8F5";23.08.2017;17:40:09;;-;-;;
2969;Trovan Unique;"000770D8F5";23.08.2017;17:40:10;;-;-;;
2970;Trovan Unique;"000770D8F5";23.08.2017;17:40:11;;-;-;;
2971;Trovan Unique;"000770D8F5";23.08.2017;17:40:12;;-;-;;
2972;Trovan Unique;"000770D8F5";23.08.2017;17:40:13;;-;-;;
2973;Trovan Unique;"000770D8F5";23.08.2017;17:40:14;;-;-;;
2974;Trovan Unique;"000770D8F5";23.08.2017;17:40:15;;-;-;;
2975;Trovan Unique;"000770D8F5";23.08.2017;17:40:16;;-;-;;
2976;Trovan Unique;"000770D8F5";23.08.2017;17:40:17;;-;-;;
2977;Trovan Unique;"000770D8F5";23.08.2017;17:40:18;;-;-;;
2978;Trovan Unique;"000770D8F5";23.08.2017;17:40:19;;-;-;;
2979;Trovan Unique;"000770D8F5";23.08.2017;17:40:20;;-;-;;
2980;Trovan Unique;"000770D8F5";23.08.2017;17:40:21;;-;-;;
2981;Trovan Unique;"000770D8F5";23.08.2017;17:40:22;;-;-;;
2982;Trovan Unique;"000770D8F5";23.08.2017;17:40:23;;-;-;;
2983;Trovan Unique;"000770D8F5";23.08.2017;17:40:24;;-;-;;
2984;Trovan Unique;"000770D8F5";23.08.2017;17:40:25;;-;-;;
2985;Trovan Unique;"000770D8F5";23.08.2017;17:40:26;;-;-;;
2986;Trovan Unique;"000770D8F5";23.08.2017;17:40:27;;-;-;;
2987;Trovan Unique;"000770D8F5";23.08.2017;17:40:28;;-;-;;
2988;Trovan Unique;"000770D8F5";23.08.2017;17:40:29;;-;-;;
2989;Trovan Unique;"000770D8F5";23.08.2017;17:40:30;;-;-;;
2990;Trovan Unique;"000770D8F5";23.08.2017;17:40:31;;-;-;;
2991;Trovan Unique;"000770D8F5";23.08.2017;17:40:32;;-;-;;
2992;Trovan Unique;"000770D8F5";23.08.2017;17:40:33;;-;-;;
2993;Trovan Unique;"000770D8F5";23.08.2017;17:40:34;;-;-;;
2994;Trovan Unique;"000770D8F5";23.08.2017;17:40:35;;-;-;;
2995;Trovan Unique;"000770D8F5";23.08.2017;17:40:36;;-;-;;
2996;Trovan Unique;"000770D8F5";23.08.2017;17:40:37;;-;-;;
2997;Trovan Unique;"000770D8F5";23.08.2017;17:40:38;;-;-;;
2998;Trovan Unique;"000770D8F5";23.08.2017;17:40:39;;-;-;;
2999;Trovan Unique;"000770D8F5";23.08.2017;17:40:40;;-;-;;
3000;Trovan Unique;"000770D8F5";23.08.2017;17:40:41;;-;-;;
3001;Trovan Unique;"000770D8F5";23.08.2017;17:40:42;;-;-;;
3002;Trovan Unique;"000770D8F5";23.08.2017;17:40:43;;-;-;;
3003;Trovan Unique;"000770D8F5";23.08.2017;17:40:44;;-;-;;
3004;Trovan Unique;"000770D8F5";23.08.2017;17:40:45;;-;-;;
3005;Trovan Unique;"000770D8F5";23.08.2017;17:40:46;;-;-;;
3006;Trovan Unique;"000770D8F5";23.08.2017;17:40:47;;-;-;;
3007;Trovan Unique;"000770D8F5";23.08.2017;17:40:48;;-;-;;
3008;Trovan Unique;"000770D8F5";23.08.2017;17:40:49;;-;-;;
3009;Trovan Unique;"000770D8F5";23.08.2017;17:40:50;;-;-;;
3010;Trovan Unique;"000770D8F5";23.08.2017;17:40:51;;-;-;;
3011;Trovan Unique;"000770D8F5";23.08.2017;17:40:52;;-;-;;
3012;Trovan Unique;"000770D8F5";23.08.2017;17:40:53;;-;-;;
3013;Trovan Unique;"000770D8F5";23.08.2017;17:40:54;;-;-;;
3014;Trovan Unique;"000770D8F5";23.08.2017;17:40:55;;-;-;;
3015;Trovan Unique;"000770D8F5";23.08.2017;17:40:56;;-;-;;
3016;Trovan Unique;"000770D8F5";23.08.2017;17:40:57;;-;-;;
3017;Trovan Unique;"000770D8F5";23.08.2017;17:40:58;;-;-;;
3018;Trovan Unique;"000770D8F5";23.08.2017;17:40:59;;-;-;;
3019;Trovan Unique;"000770D8F5";23.08.2017;17:41:00;;-;-;;
3020;Trovan Unique;"000770D8F5";23.08.2017;17:41:01;;-;-;;
3021;Trovan Unique;"000770D8F5";23.08.2017;17:41:02;;-;-;;
3022;Trovan Unique;"000770D8F5";23.08.2017;17:41:03;;-;-;;
3023;Trovan Unique;"000770D8F5";23.08.2017;17:41:04;;-;-;;
3024;Trovan Unique;"000770D8F5";23.08.2017;17:41:05;;-;-;;
3025;Trovan Unique;"000770D8F5";23.08.2017;17:41:06;;-;-;;
3026;Trovan Unique;"000770D8F5";23.08.2017;17:41:07;;-;-;;
3027;Trovan Unique;"000770D8F5";23.08.2017;17:41:08;;-;-;;
3028;Trovan Unique;"000770D8F5";23.08.2017;17:41:09;;-;-;;
3029;Trovan Unique;"000770D8F5";23.08.2017;17:41:10;;-;-;;
3030;Trovan Unique;"000770D8F5";23.08.2017;17:41:11;;-;-;;
3031;Trovan Unique;"000770D8F5";23.08.2017;17:41:12;;-;-;;
3032;Trovan Unique;"000770D8F5";23.08.2017;17:41:13;;-;-;;
3033;Trovan Unique;"000770D8F5";23.08.2017;17:41:14;;-;-;;
3034;Trovan Unique;"000770D8F5";23.08.2017;17:41:15;;-;-;;
3035;Trovan Unique;"000770D8F5";23.08.2017;17:41:16;;-;-;;
3036;Trovan Unique;"000770D8F5";23.08.2017;17:41:17;;-;-;;
3037;Trovan Unique;"000770D8F5";23.08.2017;17:41:18;;-;-;;
3038;Trovan Unique;"000770D8F5";23.08.2017;17:41:19;;-;-;;
3039;Trovan Unique;"000770D8F5";23.08.2017;17:41:20;;-;-;;
3040;Trovan Unique;"000770D8F5";23.08.2017;17:41:21;;-;-;;
3041;Trovan Unique;"000770D8F5";23.08.2017;17:41:22;;-;-;;
3042;Trovan Unique;"000770D8F5";23.08.2017;17:41:23;;-;-;;
3043;Trovan Unique;"000770D8F5";23.08.2017;17:41:24;;-;-;;
3044;Trovan Unique;"000770D8F5";23.08.2017;17:41:25;;-;-;;
3045;Trovan Unique;"000770D8F5";23.08.2017;17:41:26;;-;-;;
3046;Trovan Unique;"000770D8F5";23.08.2017;17:41:27;;-;-;;
3047;Trovan Unique;"000770D8F5";23.08.2017;17:41:28;;-;-;;
3048;Trovan Unique;"000770D8F5";23.08.2017;17:41:29;;-;-;;
3049;Trovan Unique;"000770D8F5";23.08.2017;17:41:30;;-;-;;
3050;Trovan Unique;"000770D8F5";23.08.2017;17:41:31;;-;-;;
3051;Trovan Unique;"000770D8F5";23.08.2017;17:41:32;;-;-;;
3052;Trovan Unique;"000770D8F5";23.08.2017;17:41:33;;-;-;;
3053;Trovan Unique;"000770D8F5";23.08.2017;17:41:34;;-;-;;
3054;Trovan Unique;"000770D8F5";23.08.2017;17:41:35;;-;-;;
3055;Trovan Unique;"000770D8F5";23.08.2017;17:41:36;;-;-;;
3056;Trovan Unique;"000770D8F5";23.08.2017;17:41:37;;-;-;;
3057;Trovan Unique;"000770D8F5";23.08.2017;17:41:38;;-;-;;
3058;Trovan Unique;"000770D8F5";23.08.2017;17:41:39;;-;-;;
3059;Trovan Unique;"000770D8F5";23.08.2017;17:41:40;;-;-;;
3060;Trovan Unique;"000770D8F5";23.08.2017;17:41:41;;-;-;;
3061;Trovan Unique;"000770D8F5";23.08.2017;17:41:42;;-;-;;
3062;Trovan Unique;"000770D8F5";23.08.2017;17:41:43;;-;-;;
3063;Trovan Unique;"000770D8F5";23.08.2017;17:41:44;;-;-;;
3064;Trovan Unique;"000770D8F5";23.08.2017;17:41:45;;-;-;;
3065;Trovan Unique;"000770D8F5";23.08.2017;17:41:46;;-;-;;
3066;Trovan Unique;"000770D8F5";23.08.2017;17:41:47;;-;-;;
3067;Trovan Unique;"000770D8F5";23.08.2017;17:41:48;;-;-;;
3068;Trovan Unique;"000770D8F5";23.08.2017;17:41:49;;-;-;;
3069;Trovan Unique;"000770D8F5";23.08.2017;17:41:50;;-;-;;
3070;Trovan Unique;"000770D8F5";23.08.2017;17:41:51;;-;-;;
3071;Trovan Unique;"000770D8F5";23.08.2017;17:41:52;;-;-;;
3072;Trovan Unique;"000770D8F5";23.08.2017;17:41:53;;-;-;;
3073;Trovan Unique;"000770D8F5";23.08.2017;17:41:54;;-;-;;
3074;Trovan Unique;"000770D8F5";23.08.2017;17:41:55;;-;-;;
3075;Trovan Unique;"000770D8F5";23.08.2017;17:41:56;;-;-;;
3076;Trovan Unique;"000770D8F5";23.08.2017;17:41:57;;-;-;;
3077;Trovan Unique;"000770D8F5";23.08.2017;17:41:58;;-;-;;
3078;Trovan Unique;"000770D8F5";23.08.2017;17:41:59;;-;-;;
3079;Trovan Unique;"000770D8F5";23.08.2017;17:42:00;;-;-;;
3080;Trovan Unique;"000770D8F5";23.08.2017;17:42:01;;-;-;;
3081;Trovan Unique;"000770D8F5";23.08.2017;17:42:02;;-;-;;
3082;Trovan Unique;"000770D8F5";23.08.2017;17:42:03;;-;-;;
3083;Trovan Unique;"000770D8F5";23.08.2017;17:42:04;;-;-;;
3084;Trovan Unique;"000770D8F5";23.08.2017;17:42:05;;-;-;;
3085;Trovan Unique;"000770D8F5";23.08.2017;17:42:06;;-;-;;
3086;Trovan Unique;"000770D8F5";23.08.2017;17:42:07;;-;-;;
3087;Trovan Unique;"000770D8F5";23.08.2017;17:42:08;;-;-;;
3088;Trovan Unique;"000770D8F5";23.08.2017;17:42:09;;-;-;;
3089;Trovan Unique;"000770D8F5";23.08.2017;17:42:10;;-;-;;
3090;Trovan Unique;"000770D8F5";23.08.2017;17:42:11;;-;-;;
3091;Trovan Unique;"000770D8F5";23.08.2017;17:42:13;;-;-;;
3092;Trovan Unique;"000770D8F5";23.08.2017;17:42:14;;-;-;;
3093;Trovan Unique;"000770D8F5";23.08.2017;17:42:15;;-;-;;
3094;Trovan Unique;"000770D8F5";23.08.2017;17:42:16;;-;-;;
3095;Trovan Unique;"000770D8F5";23.08.2017;17:42:17;;-;-;;
3096;Trovan Unique;"000770D8F5";23.08.2017;17:42:18;;-;-;;
3097;Trovan Unique;"000770D8F5";23.08.2017;17:42:19;;-;-;;
3098;Trovan Unique;"000770D8F5";23.08.2017;17:42:20;;-;-;;
3099;Trovan Unique;"000770D8F5";23.08.2017;17:42:21;;-;-;;
3100;Trovan Unique;"000770D8F5";23.08.2017;17:42:22;;-;-;;
3101;Trovan Unique;"000770D8F5";23.08.2017;17:42:23;;-;-;;
3102;Trovan Unique;"000770D8F5";23.08.2017;17:42:24;;-;-;;
3103;Trovan Unique;"000770D8F5";23.08.2017;17:42:25;;-;-;;
3104;Trovan Unique;"000770D8F5";23.08.2017;17:42:26;;-;-;;
3105;Trovan Unique;"000770D8F5";23.08.2017;17:42:27;;-;-;;
3106;Trovan Unique;"000770D8F5";23.08.2017;17:42:28;;-;-;;
3107;Trovan Unique;"000770D8F5";23.08.2017;17:42:29;;-;-;;
3108;Trovan Unique;"000770D8F5";23.08.2017;17:42:30;;-;-;;
3109;Trovan Unique;"000770D8F5";23.08.2017;17:42:31;;-;-;;
3110;Trovan Unique;"000770D8F5";23.08.2017;17:42:32;;-;-;;
3111;Trovan Unique;"000770D8F5";23.08.2017;17:42:33;;-;-;;
3112;Trovan Unique;"000770D8F5";23.08.2017;17:42:34;;-;-;;
3113;Trovan Unique;"000770D8F5";23.08.2017;17:42:35;;-;-;;
3114;Trovan Unique;"000770D8F5";23.08.2017;17:42:41;;-;-;;
3115;Trovan Unique;"000770D8F5";23.08.2017;17:42:42;;-;-;;
3116;Trovan Unique;"000770D8F5";23.08.2017;17:42:43;;-;-;;
3117;Trovan Unique;"000770D8F5";23.08.2017;17:42:44;;-;-;;
3118;Trovan Unique;"000770D8F5";23.08.2017;17:42:45;;-;-;;
3119;Trovan Unique;"000770D8F5";23.08.2017;17:42:46;;-;-;;
3120;Trovan Unique;"000770D8F5";23.08.2017;17:42:47;;-;-;;
3121;Trovan Unique;"000770D8F5";23.08.2017;17:42:48;;-;-;;
3122;Trovan Unique;"000770D8F5";23.08.2017;17:42:49;;-;-;;
3123;Trovan Unique;"000770D8F5";23.08.2017;17:42:50;;-;-;;
3124;Trovan Unique;"000770D8F5";23.08.2017;17:42:51;;-;-;;
3125;Trovan Unique;"000770D8F5";23.08.2017;17:42:53;;-;-;;
3126;Trovan Unique;"000770D8F5";23.08.2017;17:42:54;;-;-;;
3127;Trovan Unique;"000770D8F5";23.08.2017;17:42:55;;-;-;;
3128;Trovan Unique;"000770D8F5";23.08.2017;17:42:56;;-;-;;
3129;Trovan Unique;"000770D8F5";23.08.2017;17:42:57;;-;-;;
3130;Trovan Unique;"000770D8F5";23.08.2017;17:42:58;;-;-;;
3131;Trovan Unique;"000770D8F5";23.08.2017;17:42:59;;-;-;;
3132;Trovan Unique;"000770D8F5";23.08.2017;17:43:00;;-;-;;
3133;Trovan Unique;"000770D8F5";23.08.2017;17:43:01;;-;-;;
3134;Trovan Unique;"000770D8F5";23.08.2017;17:43:02;;-;-;;
3135;Trovan Unique;"000770D8F5";23.08.2017;17:43:03;;-;-;;
3136;Trovan Unique;"000770D8F5";23.08.2017;17:43:04;;-;-;;
3137;Trovan Unique;"000770D8F5";23.08.2017;17:43:05;;-;-;;
3138;Trovan Unique;"000770D8F5";23.08.2017;17:43:06;;-;-;;
3139;Trovan Unique;"000770D8F5";23.08.2017;17:43:07;;-;-;;
3140;Trovan Unique;"000770D8F5";23.08.2017;17:43:08;;-;-;;
3141;Trovan Unique;"000770D8F5";23.08.2017;17:43:09;;-;-;;
3142;Trovan Unique;"000770D8F5";23.08.2017;17:43:10;;-;-;;
3143;Trovan Unique;"000770D8F5";23.08.2017;17:43:11;;-;-;;
3144;Trovan Unique;"000770D8F5";23.08.2017;17:43:12;;-;-;;
3145;Trovan Unique;"000770D8F5";23.08.2017;17:43:13;;-;-;;
3146;Trovan Unique;"000770D8F5";23.08.2017;17:43:14;;-;-;;
3147;Trovan Unique;"000770D8F5";23.08.2017;17:43:15;;-;-;;
3148;Trovan Unique;"000770D8F5";23.08.2017;17:43:16;;-;-;;
3149;Trovan Unique;"000770D8F5";23.08.2017;17:43:17;;-;-;;
3150;Trovan Unique;"000770D8F5";23.08.2017;17:43:18;;-;-;;
3151;Trovan Unique;"000770FA5B";23.08.2017;20:55:36;;-;-;;
3152;Trovan Unique;"000770FA5B";23.08.2017;20:55:37;;-;-;;
3153;Trovan Unique;"000770FA5B";23.08.2017;20:55:38;;-;-;;
3154;Trovan Unique;"00075D1338";23.08.2017;20:56:34;;-;-;;
3155;Trovan Unique;"00075D1338";23.08.2017;20:56:35;;-;-;;
3156;Trovan Unique;"0006B294D3";23.08.2017;20:56:36;;-;-;;
3157;Trovan Unique;"00075D1338";23.08.2017;20:56:39;;-;-;;
3158;Trovan Unique;"00075D1338";23.08.2017;20:56:40;;-;-;;
3159;Trovan Unique;"00075D8712";23.08.2017;20:56:43;;-;-;;
3160;Trovan Unique;"0006B294D3";23.08.2017;20:56:45;;-;-;;
3161;Trovan Unique;"0006B294D3";23.08.2017;20:56:46;;-;-;;
3162;Trovan Unique;"00075D1E39";23.08.2017;20:56:48;;-;-;;
3163;Trovan Unique;"00075D1E39";23.08.2017;20:56:50;;-;-;;
3164;Trovan Unique;"00075D1E39";23.08.2017;20:56:51;;-;-;;
3165;Trovan Unique;"00074BE89B";23.08.2017;20:57:06;;-;-;;
3166;Trovan Unique;"00075D2562";23.08.2017;20:57:29;;-;-;;
3167;Trovan Unique;"00075D2562";23.08.2017;20:57:30;;-;-;;
3168;Trovan Unique;"00074F238E";23.08.2017;20:57:35;;-;-;;
3169;Trovan Unique;"00074F238E";23.08.2017;20:57:36;;-;-;;
3170;Trovan Unique;"00074F4107";23.08.2017;20:59:37;;-;-;;
3171;Trovan Unique;"0006B3B283";24.08.2017;11:53:49;;-;-;;
3172;Trovan Unique;"0006B3B283";24.08.2017;11:53:50;;-;-;;
