date_time,id,box
2020-04-29 21:10:12,00079A0255,K42
2020-04-29 21:10:34,000786D14D,K42
2020-04-29 21:10:37,0006B34FE4,K42
2020-04-29 21:11:12,0007ABF44A,K42
2020-04-29 21:11:48,00074F7C6F,K42
2020-04-29 21:11:54,0006E239ED,K42
2020-04-29 21:12:01,0007AC80F1,K42
2020-04-29 21:12:06,0007AC44BD,K42
2020-04-29 21:13:03,0007ABDCCF,K42
2020-04-29 21:13:28,000783CB2B,K42
2020-04-29 21:13:55,0007ABA539,K42
2020-04-29 21:14:03,00074EEC1A,K42
2020-04-29 21:14:59,0006E24ECA,K42
2020-04-29 21:15:57,000783F377,K42
2020-04-29 21:16:25,0007ABC5F2,K42
2020-04-29 21:16:28,000799A5EF,K42
2020-04-29 21:16:45,00079AAA3C,K42
2020-04-29 21:17:02,00075B29B2,K42
2020-04-29 21:17:40,0006B3BF04,K42
2020-04-29 21:17:50,00075D076C,K42
2020-04-29 21:19:41,0007ABD629,K42
2020-04-29 21:19:50,0006B3AC35,K42
2020-04-29 21:24:27,0006CC24E9,K42
2020-04-29 22:09:10,0006CC24E9,K42
2020-04-29 23:58:18,0006CC24E9,K42
2020-05-05 21:10:02,00079A0255,K15
2020-05-05 21:12:30,00075B22B0,K15
2020-05-05 21:12:46,0007AC5939,K15
2020-05-05 21:13:16,0006B3B75C,K15
2020-05-05 21:14:53,0006B3BF04,K15
2020-05-05 21:17:38,00071E15BF,K15
2020-05-05 21:21:07,000783F377,K15
2020-05-06 21:02:49,00074F7C6F,K80
2020-05-06 21:02:57,00074F663E,K80
2020-05-06 21:04:32,0007AC44BD,K80
2020-05-06 21:05:06,000786D14D,K80
2020-05-06 21:07:12,00075B29B2,K80
2020-05-06 21:07:14,0006E24ECA,K80
2020-05-06 21:07:43,00075D879F,K80
2020-05-06 21:09:17,00079A0255,K80
2020-05-06 21:09:24,00075B22B0,K80
2020-05-06 21:09:57,0006E241C1,K80
2020-05-06 21:10:50,0006B34FE4,K80
2020-05-06 21:11:54,0007AC5939,K80
2020-05-06 21:12:02,0006B3B75C,K80
2020-05-06 21:13:02,0006B3AC35,K80
2020-05-06 21:14:14,000783F377,K80
2020-05-06 21:15:21,00071E15BF,K80
2020-05-06 21:15:42,0007ABC5F2,K80
2020-05-07 05:05:17,000799A5EF,K80
2020-05-07 05:06:30,00071E15BF,K80
2020-05-07 05:08:37,0006E24ECA,K80
2020-05-07 05:10:45,0007ABA539,K80
2020-05-07 05:11:01,0007AC44BD,K80
2020-05-07 05:11:13,0007AC5939,K80
2020-05-07 05:13:14,00075B29B2,K80
2020-05-07 05:13:52,00075B22B0,K80
2020-05-07 05:16:25,00074EEC1A,K80
2020-05-07 05:16:44,0006E241C1,K80
2020-05-07 05:18:43,000786D14D,K80
2020-05-07 05:18:58,0006B3BF04,K80
2020-05-07 05:19:21,00075D879F,K80
2020-05-07 05:20:51,0006B3AC35,K80
2020-05-07 05:21:29,0007ABC5F2,K80
2020-05-07 05:21:48,000783F377,K80
2020-05-07 05:23:22,0007ABDCCF,K80
2020-05-07 05:27:12,000783CB2B,K80
2020-05-07 05:27:20,0006B3B75C,K80
2020-05-07 05:28:12,0007ABF44A,K80
2020-05-07 05:30:30,0006E24C7B,K80
2020-05-07 21:02:32,0007ABF44A,K80
2020-05-07 21:03:55,00074F7C6F,K80
2020-05-07 21:03:57,000799A5EF,K80
2020-05-07 21:05:21,0007AC44BD,K80
2020-05-07 21:06:04,00075D879F,K80
2020-05-07 21:06:34,0007ABA539,K80
2020-05-07 21:06:49,0006B3BF04,K80
2020-05-07 21:07:06,0006B34FE4,K80
2020-05-07 21:09:55,0006E24ECA,K80
2020-05-07 21:09:57,0006E24C7B,K80
2020-05-07 21:11:03,0007AC5939,K80
2020-05-07 21:11:08,00075B22B0,K80
2020-05-07 21:12:04,0007ABC5F2,K80
2020-05-07 21:12:36,00079A0255,K80
2020-05-07 21:12:38,00068E377E,K80
2020-05-07 21:12:55,000786D14D,K80
2020-05-07 21:13:55,00074EEC1A,K80
2020-05-07 21:13:59,00075CE063,K80
2020-05-07 21:14:05,0006E241C1,K80
2020-05-07 21:14:08,00071E15BF,K80
2020-05-07 21:16:24,000783F377,K80
2020-05-07 21:16:43,00075B29B2,K80
2020-05-07 21:16:55,0006B3B75C,K80
2020-05-07 21:17:57,00074F663E,K80
2020-05-07 21:19:32,00075D076C,K80
2020-05-07 21:20:00,0007ABDCCF,K80
2020-05-08 05:10:07,000799A5EF,K80
2020-05-08 05:12:29,0007AC44BD,K80
2020-05-08 05:13:28,0006E24ECA,K80
2020-05-08 05:14:24,00075D076C,K80
2020-05-08 05:16:57,0007AC5939,K80
2020-05-08 05:17:20,0006E24C7B,K80
2020-05-08 05:17:25,0006E239ED,K80
2020-05-08 05:17:39,000783F377,K80
2020-05-08 05:18:00,0006B3B75C,K80
2020-05-08 05:19:55,00071E15BF,K80
2020-05-08 05:20:02,0006B34FE4,K80
2020-05-08 05:20:59,0006B3AC35,K80
2020-05-08 05:21:49,0007ABF44A,K80
2020-05-08 05:22:01,00075D879F,K80
2020-05-08 05:25:46,00074F7C6F,K80
2020-05-08 05:26:05,000786D14D,K80
2020-05-08 05:28:30,0006B3BF04,K80
2020-05-08 05:31:24,00074EEC1A,K80
2020-05-08 20:55:03,000786B8A2,KPGB
2020-05-08 21:02:14,0007ABD629,KPGB
2020-05-08 21:09:09,0006E24C7B,K80
2020-05-08 21:09:19,000783CB2B,K80
2020-05-08 21:09:50,00074F7C6F,K80
2020-05-08 21:12:27,0006E239ED,K80
2020-05-08 21:12:48,000786D14D,K80
2020-05-08 21:12:52,000786B8A2,KPGB
2020-05-08 21:13:11,0006B34FE4,K80
2020-05-08 21:13:54,0007ABDCCF,KPGB
2020-05-08 21:14:03,0006E24ECA,K80
2020-05-08 21:14:05,000799A5EF,K80
2020-05-08 21:14:10,000788A24D,KPGB
2020-05-08 21:14:35,00071E2D31,KPGB
2020-05-08 21:14:49,0006E241C1,KPGB
2020-05-08 21:15:36,0007ABA539,KPGB
2020-05-08 21:15:42,0007ABC5F2,KPGB
2020-05-08 21:15:44,00075CE063,K80
2020-05-08 21:15:55,00075B22B0,K80
2020-05-08 21:16:20,0007AC80F1,K80
2020-05-08 21:16:27,0006B3BF04,K80
2020-05-08 21:17:25,00074F663E,KPGB
2020-05-08 21:18:03,0006B3B75C,K80
2020-05-08 21:18:30,00079AAA3C,KPGB
2020-05-08 21:19:29,0007ABF44A,K80
2020-05-08 21:19:33,00075D879F,K80
2020-05-08 21:20:56,0007AC44BD,K80
2020-05-08 21:21:11,0007AC5939,K80
2020-05-08 21:21:19,00071E15BF,K80
2020-05-08 21:21:48,00075B29B2,K80
2020-05-08 21:25:16,00068E377E,K80
2020-05-08 21:27:13,000783F377,K80
2020-05-08 21:27:31,00075D076C,K80
2020-05-08 21:27:32,00074EEC1A,K80
2020-05-09 01:13:52,000786B8A2,KPGB
2020-05-09 01:31:42,000786B8A2,KPGB
2020-05-09 04:50:21,000786B8A2,KPGB
2020-05-09 04:59:10,0007ABA539,KPGB
2020-05-09 05:02:52,00071E2D31,KPGB
2020-05-09 05:03:29,00071E15BF,KPGB
2020-05-09 05:05:52,00074F663E,KPGB
2020-05-09 05:07:46,0006B3B75C,KPGB
2020-05-09 05:08:17,00075D076C,KPGB
2020-05-09 05:08:31,0006E24ECA,KPGB
2020-05-09 05:09:06,00075CE063,KPGB
2020-05-09 05:09:29,000799A5EF,KPGB
2020-05-09 05:09:42,0006E24C7B,KPGB
2020-05-09 05:10:13,0007ABC5F2,KPGB
2020-05-09 05:10:46,00075D879F,KPGB
2020-05-09 05:11:40,0006B34FE4,KPGB
2020-05-09 05:12:22,00074EEC1A,KPGB
2020-05-09 05:12:42,0007ABDCCF,KPGB
2020-05-09 05:13:45,00075B29B2,KPGB
2020-05-09 05:14:15,00079A0255,KPGB
2020-05-09 05:14:39,00079AAA3C,KPGB
2020-05-09 05:14:47,00068E377E,KPGB
2020-05-09 05:16:30,0006E241C1,KPGB
2020-05-09 05:17:09,000788A24D,KPGB
2020-05-09 05:17:39,0006B3AC35,KPGB
2020-05-09 05:18:34,0007AC44BD,KPGB
2020-05-09 05:19:08,0007ABF44A,KPGB
2020-05-09 05:20:04,000783F377,KPGB
2020-05-09 05:20:11,0006CC24E9,KPGB
2020-05-09 05:20:20,0007AC5939,KPGB
2020-05-09 05:20:27,000786D14D,KPGB
2020-05-09 05:20:40,0007AC80F1,KPGB
2020-05-09 05:20:48,0007ABD629,KPGB
2020-05-09 05:25:00,00068E1731,KPGB
2020-05-09 05:25:50,0006E239ED,K80
2020-05-09 05:31:10,00075CE063,K80
2020-05-09 05:39:38,000799A5EF,KPGB
2020-05-09 05:46:24,000788A24D,KPGB
2020-05-09 05:48:36,00071E2D31,KPGB
2020-05-09 05:52:20,00079AAA3C,KPGB
2020-05-09 06:07:15,000788A24D,KPGB
2020-05-09 06:11:53,00074EEC1A,KPGB
2020-05-09 06:17:42,0007ABC5F2,KPGB
2020-05-09 06:19:27,0006E24ECA,KPGB
2020-05-09 06:25:32,00071E2D31,KPGB
2020-05-09 06:26:28,00079A0255,KPGB
2020-05-09 06:33:05,00079AAA3C,KPGB
2020-05-09 07:21:17,0006CC24E9,KPGB
2020-05-09 07:36:31,00068E1731,KPGB
2020-05-09 07:37:14,0006E241C1,KPGB
2020-05-09 07:44:13,000786B8A2,KPGB
2020-05-09 07:51:06,0007ABC5F2,KPGB
2020-05-09 08:06:17,000788A24D,KPGB
2020-05-09 08:19:20,000786B8A2,KPGB
2020-05-09 09:27:08,000786B8A2,KPGB
2020-05-09 10:17:17,000786D14D,KPGB
2020-05-09 11:03:48,00071E15BF,KPGB
2020-05-09 12:21:09,00079AAA3C,KPGB
2020-05-09 12:26:58,000788A24D,KPGB
2020-05-09 12:31:47,000799A5EF,KPGB
2020-05-09 13:04:06,00079AAA3C,KPGB
2020-05-09 13:15:48,000786B8A2,KPGB
2020-05-09 14:15:50,0006E24C7B,KPGB
2020-05-09 14:23:18,000788A24D,KPGB
2020-05-09 14:29:11,0006E241C1,KPGB
2020-05-09 14:57:16,00074EEC1A,KPGB
2020-05-09 15:16:12,0006CC24E9,KPGB
2020-05-09 15:37:17,000786B8A2,KPGB
2020-05-09 15:52:12,00071E2D31,KPGB
2020-05-09 16:29:01,0007AC80F1,KPGB
2020-05-09 16:32:21,00068E377E,KPGB
2020-05-09 17:13:26,00079AAA3C,KPGB
2020-05-09 18:29:28,00071E2D31,KPGB
2020-05-09 18:30:35,000786B8A2,KPGB
2020-05-09 19:05:31,0007AC80F1,KPGB
2020-05-09 19:12:49,00071E15BF,KPGB
2020-05-09 20:06:41,0007AC44BD,KPGB
2020-05-09 21:14:51,00079A0255,KPGB
2020-05-09 21:16:45,00075CE063,K80
2020-05-09 21:16:59,0007ABF44A,KPGB
2020-05-09 21:17:14,0006E24C7B,KPGB
2020-05-09 21:17:30,000786B8A2,KPGB
2020-05-09 21:17:40,0006E239ED,K80
2020-05-09 21:17:58,0006B3B75C,KPGB
2020-05-09 21:18:48,000799A5EF,KPGB
2020-05-09 21:19:10,00068E377E,KPGB
2020-05-09 21:20:06,00068E1731,KPGB
2020-05-09 21:20:29,0006E241C1,KPGB
2020-05-09 21:20:54,000788A24D,KPGB
2020-05-09 21:21:41,0007AC44BD,KPGB
2020-05-09 21:23:41,0007AC80F1,KPGB
2020-05-09 21:23:56,000786D14D,KPGB
2020-05-09 21:24:09,000783F377,KPGB
2020-05-09 21:24:12,0006B3AC35,KPGB
2020-05-09 21:24:40,0007ABC5F2,KPGB
2020-05-09 21:24:53,0006E24ECA,KPGB
2020-05-09 21:25:11,0006B34FE4,KPGB
2020-05-09 21:25:25,0007AC5939,KPGB
2020-05-09 21:25:28,00079AAA3C,KPGB
2020-05-09 21:25:49,00074F663E,KPGB
2020-05-09 21:25:52,0007ABD629,KPGB
2020-05-09 21:26:27,00071E2D31,KPGB
2020-05-09 21:26:51,0007ABDCCF,KPGB
2020-05-09 21:27:04,00075D879F,KPGB
2020-05-09 21:27:14,00074EEC1A,KPGB
2020-05-09 21:27:25,0007ABA539,KPGB
2020-05-09 21:28:46,0006CC24E9,KPGB
2020-05-09 21:29:19,00075B29B2,KPGB
2020-05-09 21:30:02,00071E15BF,KPGB
2020-05-09 21:30:21,00075D076C,KPGB
2020-05-09 23:34:05,0006CC24E9,KPGB
2020-05-09 23:34:12,000783CB2B,KPGB
2020-05-10 00:36:05,00071E2D31,KPGB
2020-05-10 05:19:56,000786B8A2,KPGB
2020-05-10 05:23:46,0006CC24E9,KPGB
2020-05-10 05:24:05,0006E241C1,KPGB
2020-05-10 05:24:08,000788A24D,KPGB
2020-05-10 05:24:36,0007ABDCCF,KPGB
2020-05-10 05:28:19,00068E1731,KPGB
2020-05-10 21:10:18,0006CC24E9,KPGB
2020-05-10 21:10:52,00068E1731,KPGB
2020-05-10 21:16:03,0006E241C1,KPGB
2020-05-10 21:17:46,0007ABDCCF,KPGB
2020-05-10 21:18:15,000788A24D,KPGB
2020-05-15 21:12:40,00068E1731,K80
2020-05-15 21:12:51,0006B3AC35,K80
2020-05-15 21:13:06,0006E239ED,K80
2020-05-15 21:14:21,0007AC80F1,K80
2020-05-15 21:18:06,00079AAA3C,K80
2020-05-15 21:22:43,000783F377,K80
2020-05-15 21:22:56,000786D14D,K80
2020-05-16 02:07:48,0007ABD629,K80
2020-05-16 02:08:15,0007ABC5F2,K80
2020-05-16 15:48:18,0006E24C7B,K18
2020-05-16 17:22:18,00079AAA3C,K18
2020-05-16 17:36:46,0007AC5939,K18
2020-05-16 18:13:25,0007AC80F1,K18
2020-05-16 21:26:22,00068E377E,K44
2020-05-16 21:27:18,00074F7C6F,K18
2020-05-16 21:29:42,00075B22B0,K44
2020-05-16 21:30:26,00071E2D31,K18
2020-05-16 21:31:44,00074F663E,K18
2020-05-16 21:32:17,00068E1731,K18
2020-05-16 21:32:26,00079A0255,K18
2020-05-16 21:32:35,0007ABA539,K44
2020-05-16 21:33:04,0006E24C7B,K18
2020-05-16 21:33:48,00079AAA3C,K18
2020-05-16 21:34:56,0007ABD629,K18
2020-05-16 21:35:10,0006CC24E9,K18
2020-05-16 21:35:25,000783CB2B,K18
2020-05-16 21:37:01,0007AC5939,K18
2020-05-16 21:38:26,000786D14D,K18
2020-05-16 21:38:34,0007AC80F1,K18
2020-05-16 21:39:31,0006B3AC35,K18
2020-05-16 21:39:44,0006E241C1,K18
2020-05-16 21:41:46,0007ABDCCF,K18
2020-05-16 21:41:53,00075B29B2,K18
2020-05-16 21:42:03,0006E239ED,K18
2020-05-16 21:42:17,00075D076C,K18
2020-05-16 21:42:28,00075D879F,K18
2020-05-16 21:42:33,00074EEC1A,K18
2020-05-17 00:24:36,0007AC44BD,K18
2020-05-17 00:30:38,0006CC24E9,K18
2020-05-17 00:36:19,0007AC44BD,K18
2020-05-17 01:05:26,0006CC24E9,K18
2020-05-17 01:07:14,0006E24ECA,K18
2020-05-17 01:08:11,0007ABDCCF,K18
2020-05-17 01:25:59,0007ABF44A,K18
2020-05-17 01:26:09,0006B34FE4,K18
2020-05-17 01:26:34,00068E1731,K18
2020-05-17 01:30:55,0006E241C1,K18
2020-05-17 01:43:18,00068E1731,K18
2020-05-17 01:47:32,0006CC24E9,K18
2020-05-17 01:54:33,0006E241C1,K18
2020-05-17 02:03:10,0006B34FE4,K18
2020-05-17 02:12:13,0006B3B75C,K18
2020-05-17 02:13:37,0006B34FE4,K18
2020-05-17 02:25:45,0007ABA539,K18
2020-05-17 02:25:54,00079A0255,K18
2020-05-17 02:25:57,00074EEC1A,K18
2020-05-17 02:26:11,0006E24ECA,K18
2020-05-17 02:26:44,00075B29B2,K18
2020-05-17 02:38:24,00074F7C6F,K18
2020-05-17 02:39:46,00079A0255,K18
2020-05-17 02:40:06,0006E24ECA,K18
2020-05-17 02:44:50,00074EEC1A,K18
2020-05-17 02:44:54,00068E377E,K18
2020-05-17 02:45:25,000786B8A2,K18
2020-05-17 02:54:54,00075B29B2,K18
2020-05-17 03:04:33,0006E24ECA,K18
2020-05-17 03:05:00,0006B3AC35,K18
2020-05-17 03:12:16,0006CC24E9,K18
2020-05-17 03:16:12,0007ABF44A,K18
2020-05-17 03:16:20,00075D076C,K18
2020-05-17 03:17:49,00071E2D31,K18
2020-05-17 03:22:48,00074F7C6F,K18
2020-05-17 03:23:19,0007ABC5F2,K18
2020-05-17 03:23:32,0007ABD629,K18
2020-05-17 03:30:49,0006CC24E9,K18
2020-05-17 03:33:59,00071E2D31,K18
2020-05-17 03:34:18,0006E24ECA,K18
2020-05-17 03:35:14,0007ABD629,K18
2020-05-17 03:46:11,00075D076C,K18
2020-05-17 03:48:13,0006B3BF04,K18
2020-05-17 03:50:00,00074F7C6F,K18
2020-05-17 03:51:23,0006CC24E9,K18
2020-05-17 04:47:35,00074EEC1A,K18
2020-05-17 04:49:28,0007AC5939,K18
2020-05-17 04:50:08,00075D879F,K18
2020-05-17 04:50:48,00071E2D31,K18
2020-05-17 04:51:12,00079A0255,K18
2020-05-17 04:51:37,0007ABC5F2,K18
2020-05-17 04:51:43,00075CE063,K18
2020-05-17 04:51:53,0007ABA539,K18
2020-05-17 04:51:57,00075B22B0,K18
2020-05-17 04:52:03,0007ABDCCF,K18
2020-05-17 04:52:05,0006E239ED,K18
2020-05-17 04:52:25,00071E15BF,K18
2020-05-17 04:52:38,0007AC44BD,K18
2020-05-17 04:52:51,0006E24ECA,K18
2020-05-17 04:52:53,00074F663E,K18
2020-05-17 04:53:00,000786B8A2,K18
2020-05-17 04:54:29,00075B29B2,K18
2020-05-17 04:55:17,0006E24C7B,K18
2020-05-17 04:55:29,00074F7C6F,K18
2020-05-17 04:55:42,0006B34FE4,K18
2020-05-17 04:55:52,00079AAA3C,K18
2020-05-17 04:57:03,000799A5EF,K18
2020-05-17 04:57:49,00068E377E,K18
2020-05-17 04:57:57,0007ABF44A,K18
2020-05-17 04:58:02,0006E241C1,K18
2020-05-17 04:58:11,0006B3B75C,K18
2020-05-17 04:58:14,000783F377,K18
2020-05-17 04:59:04,0007AC80F1,K18
2020-05-17 04:59:11,000786D14D,K18
2020-05-17 04:59:13,0006CC24E9,K18
2020-05-17 04:59:55,00075D076C,K18
2020-05-17 05:00:15,0007ABD629,K18
2020-05-17 05:01:20,0006B3BF04,K18
2020-05-17 05:02:30,000783CB2B,K18
2020-05-17 05:02:54,0007AC44BD,K18
2020-05-17 05:04:36,0006B3AC35,K18
2020-05-17 05:06:49,000788A24D,K18
2020-05-17 05:08:14,00068E1731,K18
2020-05-17 05:08:42,0006E24C7B,K18
2020-05-17 05:11:23,0006CC24E9,K18
2020-05-17 05:11:53,00074F663E,K18
2020-05-17 05:12:34,000783F377,K18
2020-05-17 05:12:38,00075CE063,K18
2020-05-17 05:24:05,000786B8A2,K18
2020-05-17 05:27:06,00074F7C6F,K18
2020-05-17 05:27:36,00075D879F,K18
2020-05-17 05:27:51,0007ABF44A,K18
2020-05-17 05:29:28,000799A5EF,K18
2020-05-17 05:30:01,0006CC24E9,K18
2020-05-17 05:33:02,0006B3AC35,K18
2020-05-17 05:33:25,0007AC44BD,K18
2020-05-17 05:33:53,00068E377E,K18
2020-05-17 05:37:02,0007AC80F1,K18
2020-05-17 05:37:58,000786B8A2,K18
2020-05-17 05:38:49,0007AC5939,K18
2020-05-17 05:39:42,0006E241C1,K18
2020-05-17 05:40:44,0007ABA539,K18
2020-05-17 05:41:44,0007ABC5F2,K18
2020-05-17 05:43:14,00074F663E,K18
2020-05-17 05:44:26,00079A0255,K18
2020-05-17 05:45:42,000799A5EF,K18
2020-05-17 05:46:14,00068E377E,K18
2020-05-17 06:00:37,000799A5EF,K18
2020-05-17 06:04:23,00074EEC1A,K18
2020-05-17 06:08:06,00079AAA3C,K18
2020-05-17 06:14:33,00075CE063,K18
2020-05-17 06:15:43,000783CB2B,K18
2020-05-17 06:19:01,0006B3B75C,K18
2020-05-17 06:22:02,00071E2D31,K18
2020-05-17 06:22:27,0006CC24E9,K18
2020-05-17 06:27:16,0007ABD629,K18
2020-05-17 06:33:43,00079AAA3C,K18
2020-05-17 06:39:58,00079A0255,K18
2020-05-17 06:41:38,0006E24C7B,K18
2020-05-17 06:49:42,00071E2D31,K18
2020-05-17 06:50:38,000786B8A2,K18
2020-05-17 07:08:50,0006CC24E9,K18
2020-05-17 07:09:03,0007AC44BD,K18
2020-05-17 07:16:49,0006E241C1,K18
2020-05-17 07:21:30,00071E2D31,K18
2020-05-17 07:26:02,0006E239ED,K18
2020-05-17 08:00:31,00074F663E,K18
2020-05-17 08:09:20,000799A5EF,K18
2020-05-17 08:11:08,0007ABC5F2,K18
2020-05-17 08:11:40,00074EEC1A,K18
2020-05-17 08:27:10,00074F663E,K18
2020-05-17 10:00:37,000788A24D,K18
2020-05-17 10:37:02,0007ABC5F2,K18
2020-05-17 10:54:04,0007AC80F1,K18
2020-05-17 10:54:06,00075CE063,K18
2020-05-17 11:31:56,00075B29B2,K18
2020-05-17 11:32:29,00074EEC1A,K18
2020-05-17 11:45:55,00068E377E,K18
2020-05-17 12:00:34,0007ABA539,K18
2020-05-17 12:01:39,000788A24D,K18
2020-05-17 12:04:59,00071E2D31,K18
2020-05-17 12:30:31,00079AAA3C,K18
2020-05-17 12:47:49,000786D14D,K18
2020-05-17 12:49:04,0006B3AC35,K18
2020-05-17 13:31:43,0007ABC5F2,K18
2020-05-17 13:41:49,00075B29B2,K18
2020-05-17 14:31:32,00074F663E,K18
2020-05-17 15:35:50,0006E239ED,K18
2020-05-17 15:38:43,0006B3BF04,K18
2020-05-17 15:40:38,00079AAA3C,K18
2020-05-17 16:02:55,00075D879F,K18
2020-05-17 16:10:19,000786B8A2,K18
2020-05-17 16:28:49,0007AC5939,K18
2020-05-17 16:29:51,0006B34FE4,K18
2020-05-17 16:58:39,000786B8A2,K18
2020-05-17 17:07:16,000799A5EF,K18
2020-05-17 17:07:43,00075B29B2,K18
2020-05-17 17:08:47,0007ABDCCF,K18
2020-05-17 17:19:27,000799A5EF,K18
2020-05-17 17:21:31,000786B8A2,K18
2020-05-17 17:38:35,0006B3AC35,K18
2020-05-17 17:44:45,000786D14D,K18
2020-05-17 18:06:23,000788A24D,K18
2020-05-17 18:08:43,0006B3AC35,K18
2020-05-17 18:31:17,00079AAA3C,K18
2020-05-17 18:35:29,00075CE063,K18
2020-05-17 18:37:51,00074F7C6F,K18
2020-05-17 18:41:26,000783CB2B,K18
2020-05-17 18:48:49,000788A24D,K18
2020-05-17 19:05:04,00074F7C6F,K18
2020-05-17 19:28:57,00079AAA3C,K18
2020-05-17 19:44:11,000786B8A2,K18
2020-05-17 20:25:25,00075D879F,K18
2020-05-17 20:39:57,0007AC44BD,K18
2020-05-17 20:50:47,00074F663E,K18
2020-05-17 20:53:21,00068E377E,K18
2020-05-17 20:58:32,00075B22B0,K18
2020-05-17 21:21:40,000786B8A2,K18
2020-05-17 21:25:14,00079A0255,K18
2020-05-17 21:29:03,0006E24C7B,K18
2020-05-17 21:29:49,00068E377E,K18
2020-05-17 21:31:05,0006E239ED,K18
2020-05-17 21:31:33,000788A24D,K18
2020-05-17 21:32:06,00074F7C6F,K18
2020-05-17 21:34:00,0007AC44BD,K18
2020-05-17 21:34:49,000799A5EF,K18
2020-05-17 21:35:03,0007ABF44A,K18
2020-05-17 21:35:40,0007ABD629,K18
2020-05-17 21:36:20,0007ABC5F2,K18
2020-05-17 21:36:41,0007ABA539,K18
2020-05-17 21:37:32,0007AC80F1,K18
2020-05-17 21:37:49,0006B3BF04,K18
2020-05-17 21:37:59,00075CE063,K18
2020-05-17 21:38:11,0006B3AC35,K18
2020-05-17 21:38:33,0006E241C1,K18
2020-05-17 21:39:06,00068E1731,K18
2020-05-17 21:39:12,000783CB2B,K18
2020-05-17 21:39:43,0006B34FE4,K18
2020-05-17 21:39:58,00079AAA3C,K18
2020-05-17 21:40:51,0006CC24E9,K18
2020-05-17 21:40:55,0006E24ECA,K18
2020-05-17 21:41:40,0007AC5939,K18
2020-05-17 21:41:51,00075B22B0,K18
2020-05-17 21:41:59,0006E239ED,K18
2020-05-17 21:42:04,00074EEC1A,K18
2020-05-17 21:42:17,00075B29B2,K18
2020-05-17 21:42:42,000783F377,K18
2020-05-17 21:43:43,000786D14D,K18
2020-05-17 21:43:51,0007ABDCCF,K18
2020-05-17 21:43:57,0006B3B75C,K18
2020-05-17 21:44:31,00071E15BF,K18
2020-05-17 21:44:42,00074F663E,K18
2020-05-17 21:46:07,00071E2D31,K18
2020-05-17 21:51:20,00075D076C,K18
2020-05-17 23:37:27,0006CC24E9,K18
2020-05-18 00:15:05,0006CC24E9,K18
2020-05-18 00:39:24,00074EEC1A,K18
2020-05-18 00:45:02,00079A0255,K18
2020-05-18 01:03:53,000783CB2B,K18
2020-05-18 01:08:00,00079A0255,K18
2020-05-18 01:12:00,00074EEC1A,K18
2020-05-18 04:40:52,00075B22B0,K18
2020-05-18 04:42:13,00071E15BF,K18
2020-05-18 04:42:18,0006E24ECA,K18
2020-05-18 04:42:51,0007ABC5F2,K18
2020-05-18 04:42:56,00074EEC1A,K18
2020-05-18 04:47:13,0007AC44BD,K18
2020-05-18 04:48:22,00075D076C,K18
2020-05-18 04:49:32,0006E241C1,K18
2020-05-18 04:50:12,000783F377,K18
2020-05-18 04:50:16,00075CE063,K18
2020-05-18 04:51:02,0006B34FE4,K18
2020-05-18 04:51:05,00075D879F,K18
2020-05-18 04:51:14,000786B8A2,K18
2020-05-18 04:52:14,0007AC5939,K18
2020-05-18 04:52:24,0007ABDCCF,K18
2020-05-18 04:52:33,000799A5EF,K18
2020-05-18 04:53:05,0006E239ED,K18
2020-05-18 04:53:58,0006B3B75C,K18
2020-05-18 04:54:13,00075B29B2,K18
2020-05-18 04:55:06,0007ABF44A,K18
2020-05-18 04:56:08,0006E24C7B,K18
2020-05-18 04:56:39,00074F663E,K18
2020-05-18 04:57:31,0006B3BF04,K18
2020-05-18 04:58:12,000786D14D,K18
2020-05-18 04:59:24,00079AAA3C,K18
2020-05-18 04:59:57,0007ABA539,K18
2020-05-18 05:00:56,0007AC80F1,K18
2020-05-18 05:01:13,0007ABD629,K18
2020-05-18 05:01:31,000788A24D,K18
2020-05-18 05:02:25,0006CC24E9,K18
2020-05-18 05:03:46,00068E377E,K18
2020-05-18 05:04:11,00074F7C6F,K18
2020-05-18 05:04:24,0006B3AC35,K18
2020-05-18 05:04:27,00079A0255,K18
2020-05-18 05:08:00,00071E2D31,K18
2020-05-18 05:08:04,00068E1731,K18
2020-05-18 05:10:47,000783CB2B,K18
2020-05-18 05:17:30,00075CE063,K18
2020-05-18 05:18:05,0007ABF44A,K18
2020-05-18 05:19:29,00074F663E,K18
2020-05-18 05:19:41,0006CC24E9,K18
2020-05-18 05:21:37,0007ABC5F2,K18
2020-05-18 05:21:38,0007AC44BD,K18
2020-05-18 05:22:05,00074EEC1A,K18
2020-05-18 05:22:33,0006B34FE4,K18
2020-05-18 05:22:48,0007AC5939,K18
2020-05-18 05:29:36,00071E2D31,K18
2020-05-18 05:32:02,000786B8A2,K18
2020-05-18 05:40:50,00075D076C,K18
2020-05-18 05:48:29,00068E377E,K18
2020-05-18 05:54:51,000799A5EF,K18
2020-05-18 05:58:10,00079AAA3C,K18
2020-05-18 06:00:47,000786B8A2,K18
2020-05-18 06:00:55,0007ABDCCF,K18
2020-05-18 06:06:46,00074EEC1A,K18
2020-05-18 06:12:01,000788A24D,K18
2020-05-18 06:13:39,00074F7C6F,K18
2020-05-18 06:14:17,00075B22B0,K18
2020-05-18 06:23:52,00071E2D31,K18
2020-05-18 06:26:11,0007AC80F1,K18
2020-05-18 06:29:08,00074F7C6F,K18
2020-05-18 06:31:29,00075D076C,K18
2020-05-18 06:38:21,00075D879F,K18
2020-05-18 06:40:14,00079AAA3C,K18
2020-05-18 06:40:27,00068E377E,K18
2020-05-18 06:43:52,0007AC5939,K18
2020-05-18 06:48:26,000783F377,K18
2020-05-18 06:50:22,00079AAA3C,K18
2020-05-18 06:50:59,00075D879F,K18
2020-05-18 06:52:52,00075B29B2,K18
2020-05-18 06:55:55,000786B8A2,K18
2020-05-18 06:58:42,0006CC24E9,K18
2020-05-18 07:28:02,00074F663E,K18
2020-05-18 07:30:01,00079AAA3C,K18
2020-05-18 07:35:16,000786B8A2,K18
2020-05-18 07:44:46,000788A24D,K18
2020-05-18 07:46:47,00075CE063,K18
2020-05-18 07:59:15,00071E2D31,K18
2020-05-18 07:59:18,0006CC24E9,K18
2020-05-18 07:59:54,0006E239ED,K18
2020-05-18 08:02:04,000786D14D,K18
2020-05-18 08:09:52,00071E2D31,K18
2020-05-18 08:11:37,00075B22B0,K18
2020-05-18 08:14:05,00075CE063,K18
2020-05-18 13:18:39,00079A0255,K18
2020-05-18 13:24:01,0007ABA539,K18
2020-05-18 13:37:49,0007ABA539,K18
2020-05-18 14:25:49,00068E1731,K18
2020-05-18 14:26:41,00075CE063,K18
2020-05-18 14:38:49,00074EEC1A,K18
2020-05-18 14:45:55,0007AC80F1,K18
2020-05-18 14:54:33,0007AC5939,K18
2020-05-18 15:00:50,000786B8A2,K18
2020-05-18 15:05:53,000788A24D,K18
2020-05-18 15:09:37,00068E1731,K18
2020-05-18 15:11:49,00068E377E,K18
2020-05-18 15:12:54,0007AC80F1,K18
2020-05-18 15:16:42,0006E24C7B,K18
2020-05-18 15:22:41,00068E1731,K18
2020-05-18 15:22:57,0006CC24E9,K18
2020-05-18 15:38:24,0006E24C7B,K18
2020-05-18 15:57:13,000788A24D,K18
2020-05-18 16:04:43,0006B3BF04,K18
2020-05-18 16:06:26,0006E24ECA,K18
2020-05-18 16:25:07,0007ABDCCF,K18
2020-05-18 16:52:01,000783F377,K18
2020-05-18 17:02:20,00075CE063,K18
2020-05-18 17:57:12,0006E241C1,K18
2020-05-18 18:02:03,00075D879F,K18
2020-05-18 18:16:28,00079A0255,K18
2020-05-18 18:24:37,0006E24C7B,K18
2020-05-18 18:27:42,000786B8A2,K18
2020-05-18 18:40:00,00074F7C6F,K18
2020-05-18 18:44:05,000783CB2B,K18
2020-05-18 18:48:34,000788A24D,K18
2020-05-18 19:18:11,000788A24D,K18
2020-05-18 19:24:06,000783F377,K18
2020-05-18 19:32:10,000799A5EF,K18
2020-05-18 19:43:19,00074F663E,K18
2020-05-18 19:52:20,000799A5EF,K18
2020-05-18 19:54:44,000788A24D,K18
2020-05-18 20:01:20,00075CE063,K18
2020-05-18 21:01:50,000783F377,K18
2020-05-18 21:10:13,0007AC80F1,K18
2020-05-18 21:11:59,00074EEC1A,K18
2020-05-18 21:32:17,0006B34FE4,K18
2020-05-18 21:32:57,000786B8A2,K18
2020-05-18 21:34:30,00079A0255,K18
2020-05-18 21:34:42,0007ABC5F2,K18
2020-05-18 21:34:49,00071E2D31,K18
2020-05-18 21:35:28,0007ABD629,K18
2020-05-18 21:35:48,00068E1731,K18
2020-05-18 21:36:02,00074F7C6F,K18
2020-05-18 21:39:20,00079AAA3C,K18
2020-05-18 21:39:33,0006B3BF04,K18
2020-05-18 21:40:20,000788A24D,K18
2020-05-18 21:40:46,00075CE063,K18
2020-05-18 21:41:12,0006E24C7B,K18
2020-05-18 21:41:40,0007AC5939,K18
2020-05-18 21:41:51,00068E377E,K18
2020-05-18 21:42:39,000786D14D,K18
2020-05-18 21:43:09,00075B22B0,K18
2020-05-18 21:43:51,00075B29B2,K18
2020-05-18 21:43:54,0007AC44BD,K18
2020-05-18 21:44:01,0006B3B75C,K18
2020-05-18 21:44:52,000783CB2B,K18
2020-05-18 21:45:02,0007AC80F1,K18
2020-05-18 21:45:05,00074EEC1A,K18
2020-05-18 21:45:18,000799A5EF,K18
2020-05-18 21:46:19,0006B3AC35,K18
2020-05-18 21:46:36,0007ABA539,K18
2020-05-18 21:46:47,00074F663E,K18
2020-05-18 21:46:59,00071E15BF,K18
2020-05-18 21:48:57,0006E239ED,K18
2020-05-18 21:49:05,0006CC24E9,K18
2020-05-18 21:49:20,0006E241C1,K18
2020-05-18 21:49:27,0007ABF44A,K18
2020-05-18 21:49:32,000783F377,K18
2020-05-18 21:50:24,0007ABDCCF,K18
2020-05-18 21:50:29,0006B34FE4,K18
2020-05-18 21:50:40,0006E24ECA,K18
2020-05-18 21:50:44,00075D879F,K18
2020-05-18 21:57:38,00075D076C,K18
2020-05-19 05:03:48,00075B22B0,K44
2020-05-19 16:24:06,00071E15BF,K96
2020-05-19 18:44:30,00071E2D31,K96
2020-05-19 21:33:18,0006E24C7B,K15
2020-05-19 21:38:28,00075D879F,K15
2020-05-19 21:38:31,0007ABD629,K15
2020-05-19 21:38:47,000799A5EF,K15
2020-05-19 21:39:07,0006B34FE4,K15
2020-05-19 21:40:30,00068E1731,K96
2020-05-19 21:40:48,000788A24D,K96
2020-05-19 21:41:37,0006B3B75C,K96
2020-05-19 21:42:18,0007ABA539,K96
2020-05-19 21:42:29,00074F7C6F,K96
2020-05-19 21:42:43,0007ABC5F2,K96
2020-05-19 21:43:20,00068E377E,K96
2020-05-19 21:44:25,0007ABDCCF,K96
2020-05-19 21:44:33,00074F663E,K96
2020-05-19 21:44:41,000786B8A2,K96
2020-05-19 21:44:46,00074EEC1A,K15
2020-05-19 21:44:47,00075B22B0,K96
2020-05-19 21:44:55,00075B29B2,K15
2020-05-19 21:45:56,000783CB2B,K96
2020-05-19 21:46:00,0006E24ECA,K96
2020-05-19 21:46:22,00071E15BF,K96
2020-05-19 21:46:27,0007AC44BD,K96
2020-05-19 21:46:37,0006B3BF04,K96
2020-05-19 21:46:49,0007AC80F1,K96
2020-05-19 21:46:59,000786D14D,K96
2020-05-19 21:47:44,0007ABF44A,K96
2020-05-19 21:47:50,0006CC24E9,K96
2020-05-19 21:48:41,0006B3AC35,K96
2020-05-19 21:49:15,00079AAA3C,K96
2020-05-19 21:49:39,0007AC5939,K96
2020-05-19 21:51:00,0006E239ED,K96
2020-05-19 21:51:13,00071E2D31,K96
2020-05-19 21:53:26,000783F377,K96
2020-05-20 04:45:37,000783F377,K15
2020-05-20 04:46:07,00071E15BF,K15
2020-05-20 04:46:19,0007AC44BD,K15
2020-05-20 04:46:24,00074EEC1A,K15
2020-05-20 04:51:11,0006E241C1,K96
2020-05-20 04:51:27,0007ABA539,K96
2020-05-20 04:51:34,0007ABC5F2,K96
2020-05-20 04:51:51,00075D879F,K15
2020-05-20 04:52:03,0006CC24E9,K96
2020-05-20 04:52:38,00071E2D31,K96
2020-05-20 04:53:41,00075D076C,K96
2020-05-20 04:54:00,0006E239ED,K96
2020-05-20 04:54:53,0007ABDCCF,K96
2020-05-20 04:55:14,00074F663E,K96
2020-05-20 04:55:20,0007AC5939,K96
2020-05-20 04:56:08,0007ABF44A,K96
2020-05-20 04:56:13,00079AAA3C,K96
2020-05-20 04:56:34,0007AC80F1,K96
2020-05-20 04:57:04,0007ABD629,K96
2020-05-20 04:57:09,00075B22B0,K96
2020-05-20 04:57:10,0006B3BF04,K96
2020-05-20 04:57:14,0006E24C7B,K96
2020-05-20 04:58:29,0006E24ECA,K96
2020-05-20 04:59:40,00068E1731,K96
2020-05-20 05:00:12,0006B3AC35,K96
2020-05-20 05:00:37,00068E377E,K96
2020-05-20 05:00:45,000786B8A2,K96
2020-05-20 05:02:00,00075CE063,K96
2020-05-20 05:02:27,000799A5EF,K15
2020-05-20 05:03:00,000783CB2B,K96
2020-05-20 05:03:55,000786D14D,K96
2020-05-20 05:04:51,00074F7C6F,K96
2020-05-20 08:09:10,000783CB2B,K96
2020-05-20 08:21:53,0006E241C1,K96
2020-05-20 09:17:45,000786B8A2,K96
2020-05-20 10:11:32,000786B8A2,K96
2020-05-20 11:31:53,00068E1731,K96
2020-05-20 14:07:56,000786D14D,K96
2020-05-20 14:55:08,0007ABC5F2,K96
2020-05-20 19:06:27,00071E2D31,K96
2020-05-20 20:35:07,000786B8A2,K96
2020-05-20 21:35:35,0007AC80F1,K96
2020-05-20 21:36:06,000786B8A2,K96
2020-05-20 21:36:39,0006E24C7B,K96
2020-05-20 21:38:24,00079A0255,K15
2020-05-20 21:42:10,000799A5EF,K15
2020-05-20 21:42:30,0007AC44BD,K15
2020-05-20 21:42:57,0007ABC5F2,K96
2020-05-20 21:43:31,00079AAA3C,K96
2020-05-20 21:43:46,00068E1731,K96
2020-05-20 21:44:46,0006E24ECA,K96
2020-05-20 21:44:50,0007ABD629,K96
2020-05-20 21:44:55,00075B29B2,K15
2020-05-20 21:45:04,000783CB2B,K96
2020-05-20 21:45:14,00071E15BF,K15
2020-05-20 21:45:18,00075D879F,K15
2020-05-20 21:45:20,00074F7C6F,K96
2020-05-20 21:45:29,000786D14D,K96
2020-05-20 21:45:34,0006B3BF04,K96
2020-05-20 21:45:49,0007AC5939,K96
2020-05-20 21:45:53,0007ABDCCF,K96
2020-05-20 21:47:17,00074F663E,K96
2020-05-20 21:47:36,000788A24D,K15
2020-05-20 21:47:44,0006CC24E9,K96
2020-05-20 21:47:48,00068E377E,K96
2020-05-20 21:48:12,0007ABA539,K96
2020-05-20 21:48:19,0007ABF44A,K96
2020-05-20 21:49:36,000783F377,K15
2020-05-20 21:49:47,00074EEC1A,K15
2020-05-20 21:52:19,00071E2D31,K96
2020-05-20 21:53:02,0006E239ED,K96
2020-05-20 21:58:33,00075D076C,K96
2020-05-21 01:18:00,0007ABC5F2,K15
2020-05-21 01:18:09,00071E15BF,K15
2020-05-21 01:26:31,000799A5EF,K15
2020-05-21 01:47:55,000799A5EF,K15
2020-05-21 03:17:07,0007ABD629,K15
2020-05-21 03:18:05,00075B29B2,K15
2020-05-21 04:38:15,0007AC44BD,K15
2020-05-21 04:39:23,0007ABDCCF,K15
2020-05-21 04:39:40,00079A0255,K15
2020-05-21 04:40:08,0006CC24E9,K15
2020-05-21 04:40:27,0007ABA539,K15
2020-05-21 04:40:34,00071E15BF,K15
2020-05-21 04:41:26,00074EEC1A,K15
2020-05-21 04:44:59,000783F377,K15
2020-05-21 04:49:35,000799A5EF,K15
2020-05-21 04:50:40,0007ABA539,K15
2020-05-21 04:53:11,0006E24C7B,K15
2020-05-21 04:55:16,0006B3BF04,K15
2020-05-21 04:56:54,00068E1731,K15
2020-05-21 04:57:36,0007ABD629,K15
2020-05-21 21:30:52,00074F7C6F,K15
2020-05-21 21:32:15,000788A24D,K15
2020-05-21 21:34:07,00079A0255,K15
2020-05-21 21:37:03,000786B8A2,K60
2020-05-21 21:38:36,0006E24C7B,K15
2020-05-21 21:38:44,0007ABC5F2,K15
2020-05-21 21:39:01,00074EEC1A,K15
2020-05-21 21:39:53,0007ABD629,K15
2020-05-21 21:40:04,0007AC44BD,K15
2020-05-21 21:41:27,00074F663E,K15
2020-05-21 21:41:46,000799A5EF,K15
2020-05-21 21:42:16,0006B3BF04,K15
2020-05-21 21:42:24,0006CC24E9,K15
2020-05-21 21:43:09,00079AAA3C,K60
2020-05-21 21:43:29,0007AC80F1,K60
2020-05-21 21:43:36,000783CB2B,K60
2020-05-21 21:43:49,00075D879F,K15
2020-05-21 21:43:59,0006B34FE4,K15
2020-05-21 21:44:07,0006E24ECA,K60
2020-05-21 21:44:21,000786D14D,K60
2020-05-21 21:44:25,0007ABF44A,K15
2020-05-21 21:45:58,0006B3AC35,K15
2020-05-21 21:46:13,00075B29B2,K15
2020-05-21 21:46:37,0006E241C1,K60
2020-05-21 21:46:49,0006E239ED,K15
2020-05-21 21:46:53,00071E15BF,K15
2020-05-21 21:50:07,000783F377,K15
2020-05-21 21:51:21,00075D076C,K15
2020-05-22 00:51:09,0006E241C1,K15
2020-05-22 00:53:05,000788A24D,K15
2020-05-22 01:33:23,000788A24D,K15
2020-05-22 04:33:35,0007AC44BD,K15
2020-05-22 04:34:17,00074EEC1A,K15
2020-05-22 04:39:56,0006E241C1,K15
2020-05-22 04:42:31,00071E15BF,K15
2020-05-22 04:43:27,0006CC24E9,K15
2020-05-22 04:44:24,00075D076C,K15
2020-05-22 04:45:13,000783F377,K15
2020-05-22 04:45:53,000799A5EF,K15
2020-05-22 04:47:26,0006E24C7B,K15
2020-05-22 04:48:18,0007ABDCCF,K15
2020-05-22 04:48:36,00071E2D31,K15
2020-05-22 04:51:04,0006B34FE4,K15
2020-05-22 04:51:15,0006E24ECA,K60
2020-05-22 04:52:30,0006B3BF04,K15
2020-05-22 04:54:04,0007ABD629,K15
2020-05-22 17:22:59,000788A24D,K15
2020-05-22 21:30:29,00068E377E,K15
2020-05-22 21:33:47,00074F7C6F,K15
2020-05-22 21:36:31,00071E2D31,K15
2020-05-22 21:37:10,0007ABC5F2,K15
2020-05-22 21:37:26,000799A5EF,K15
2020-05-22 21:39:16,0006B34FE4,K15
2020-05-22 21:42:41,000788A24D,K15
2020-05-22 21:42:52,0007ABF44A,K15
2020-05-22 21:42:55,000783CB2B,K15
2020-05-22 21:43:05,0006E24C7B,K15
2020-05-22 21:43:13,00075B22B0,K15
2020-05-22 21:44:41,00074F663E,K15
2020-05-22 21:45:22,0006B3AC35,K15
2020-05-22 21:45:36,0006E239ED,K15
2020-05-22 21:45:47,0007ABDCCF,K15
2020-05-22 21:45:49,00074EEC1A,K15
2020-05-22 21:46:03,0006E241C1,K15
2020-05-22 21:46:06,0006CC24E9,K15
2020-05-22 21:46:13,0006B3BF04,K15
2020-05-22 21:46:18,00071E15BF,K15
2020-05-22 21:47:24,0007AC44BD,K15
2020-05-22 21:48:11,00068E1731,K15
2020-05-22 21:48:32,00075B29B2,K15
2020-05-22 21:50:53,000783F377,K15
2020-05-22 22:42:29,0006CC24E9,K15
2020-05-22 23:00:50,0006CC24E9,K15
2020-05-23 00:35:46,0006CC24E9,K15
2020-05-23 01:05:32,0006CC24E9,K15
2020-05-23 04:38:47,00071E15BF,K15
2020-05-23 04:39:22,00074EEC1A,K15
2020-05-23 04:39:27,000783F377,K15
2020-05-23 04:40:38,0007ABC5F2,K15
2020-05-23 04:41:59,0007AC44BD,K15
2020-05-23 04:42:27,000799A5EF,K15
2020-05-23 04:45:07,0006B3BF04,K15
2020-05-23 04:46:30,0007ABD629,K15
2020-05-23 04:46:50,0007ABF44A,K15
2020-05-23 04:46:51,0006CC24E9,K15
2020-05-23 04:48:40,00071E2D31,K15
2020-05-23 04:50:12,0006E241C1,K15
2020-05-23 04:51:33,0007ABDCCF,K15
2020-05-23 04:56:58,0006E24C7B,K15
2020-05-23 04:58:22,0006B34FE4,K15
2020-05-23 05:04:05,00068E377E,K15
2020-05-23 05:04:40,0007AC5939,K15
2020-05-23 21:31:36,00079AAA3C,K15
2020-05-23 21:38:58,00075D879F,K15
2020-05-23 21:48:31,0006E24C7B,K15
2020-05-23 21:49:57,00079A0255,K15
2020-05-23 21:51:06,00068E377E,K15
2020-05-23 21:51:13,00071E15BF,K15
2020-05-23 21:51:19,0007AC5939,K15
2020-05-23 21:51:49,00071E2D31,K15
2020-05-23 21:51:58,000788A24D,K15
2020-05-23 21:51:59,0006CC24E9,K15
2020-05-23 21:52:06,0007ABF44A,K15
2020-05-23 21:54:20,000799A5EF,K15
2020-05-23 21:56:38,0006E239ED,K15
2020-05-23 21:59:54,00068E1731,K15
2020-05-23 21:59:58,0006B3BF04,K15
2020-05-23 22:01:02,0007ABC5F2,K15
2020-05-23 22:01:46,0006E241C1,K15
2020-05-23 22:02:13,0007ABDCCF,K15
2020-05-23 22:03:12,00075B29B2,K15
2020-05-23 22:03:36,00074EEC1A,K15
2020-05-23 22:04:25,000783F377,K15
2020-05-23 22:05:59,0007AC44BD,K15
2020-05-23 22:06:03,0006B3AC35,K15
2020-05-23 22:06:23,00075D076C,K15
2020-05-24 04:41:31,0007AC5939,K15
2020-05-26 21:37:30,00075D879F,K15
2020-05-26 21:40:33,0006E24ECA,K15
2020-05-26 21:40:52,00071E2D31,K15
2020-05-26 21:41:40,00068E1731,K15
2020-05-26 21:45:01,00079A0255,K15
2020-05-26 21:45:12,000783F377,K15
2020-05-27 04:12:27,0006E241C1,K15
2020-05-27 04:12:51,000799A5EF,K15
2020-05-27 04:18:13,0007ABC5F2,K15
2020-05-27 04:18:53,0006E24C7B,K15
2020-05-27 04:22:07,00074EEC1A,K15
2020-05-27 04:23:00,0006CC24E9,K15
2020-05-27 04:23:30,00071E15BF,K15
2020-05-27 04:27:02,0006E24ECA,K15
2020-05-27 04:29:10,000786D14D,K15
2020-05-27 04:30:52,000786B8A2,K15
2020-05-27 04:34:47,0006E24C7B,K15
2020-05-27 04:37:01,0007ABF44A,K15
2020-05-27 04:38:18,000799A5EF,K15
2020-05-27 21:37:51,000799A5EF,K15
2020-05-27 21:38:05,00075D879F,K94
2020-05-27 21:38:34,00074F7C6F,K15
2020-05-27 21:43:13,000786B8A2,K15
2020-05-27 21:43:19,00075B22B0,K15
2020-05-27 21:45:47,0007ABC5F2,K15
2020-05-27 21:46:09,0006E24ECA,K15
2020-05-27 21:46:48,0007ABF44A,K15
2020-05-27 21:47:15,00074F663E,K15
2020-05-27 21:47:30,00079A0255,K94
2020-05-27 21:48:18,000786D14D,K94
2020-05-27 21:48:37,00071E2D31,K94
2020-05-27 21:49:32,0006B3BF04,K94
2020-05-27 21:49:45,0007AC80F1,K94
2020-05-27 21:50:10,00068E1731,K15
2020-05-27 21:50:45,0006E239ED,K15
2020-05-27 21:50:53,000783CB2B,K94
2020-05-27 21:51:25,0006CC24E9,K15
2020-05-27 21:51:41,000783F377,K94
2020-05-27 21:53:18,00071E15BF,K15
2020-05-27 21:53:51,00074EEC1A,K15
2020-05-27 23:21:41,00075D076C,K94
2020-05-27 23:32:12,000783F377,K94
2020-05-27 23:32:19,00075D076C,K94
2020-05-28 01:18:43,0007ABF44A,K94
2020-05-28 01:23:45,00075D879F,K94
2020-05-28 01:26:08,00079A0255,K94
2020-05-28 01:28:22,00075B29B2,K94
2020-05-28 01:29:01,0006B34FE4,K94
2020-05-28 01:31:50,0007ABD629,K94
2020-05-28 01:34:10,000783CB2B,K94
2020-05-28 01:41:58,0007ABD629,K94
2020-05-28 01:42:57,0006B3B75C,K94
2020-05-28 01:45:19,000783CB2B,K94
2020-05-28 01:53:31,00071E2D31,K94
2020-05-28 01:57:34,0007AC44BD,K94
2020-05-28 01:58:10,0007ABF44A,K94
2020-05-28 02:00:32,00075B29B2,K94
2020-05-28 02:06:18,00071E2D31,K94
2020-05-28 02:55:30,000788A24D,K15
2020-05-28 03:27:34,00074F7C6F,K94
2020-05-28 03:37:48,000783CB2B,K94
2020-05-28 03:43:32,00074F7C6F,K94
2020-05-28 04:36:52,0007ABC5F2,K15
2020-05-28 04:37:02,00074EEC1A,K15
2020-05-28 04:38:15,000799A5EF,K15
2020-05-28 04:40:08,0006E241C1,K15
2020-05-28 04:40:15,0007ABD629,K94
2020-05-28 04:40:21,0006E239ED,K94
2020-05-28 04:40:27,00075CE063,K15
2020-05-28 04:41:49,0006E24C7B,K15
2020-05-28 04:42:44,0007AC44BD,K15
2020-05-28 04:42:55,0006CC24E9,K15
2020-05-28 04:43:02,00071E15BF,K15
2020-05-28 04:45:27,0007ABDCCF,K15
2020-05-28 04:45:41,00074F7C6F,K15
2020-05-28 04:47:54,0007AC5939,K15
2020-05-28 05:03:23,000783CB2B,K94
2020-05-28 05:04:00,0006B3B75C,K94
2020-05-28 05:09:30,00071E2D31,K94
2020-05-28 21:47:16,000799A5EF,K15
2020-05-28 21:48:50,00074F663E,K94
2020-05-28 21:48:53,0006B34FE4,K94
2020-05-28 21:52:18,00074F7C6F,K15
2020-05-28 21:53:27,0007ABD629,K94
2020-05-28 21:53:29,0007AC80F1,K94
2020-05-28 21:54:01,00071E2D31,K94
2020-05-28 21:56:03,0007ABC5F2,K15
2020-05-28 21:56:26,00075CE063,K15
2020-05-28 21:56:52,000783CB2B,K94
2020-05-28 21:56:54,0006B3B75C,K94
2020-05-28 21:56:59,00075B22B0,K15
2020-05-28 21:57:40,0006E24C7B,K15
2020-05-28 21:58:18,00071E15BF,K15
2020-05-28 21:59:24,0007ABF44A,K15
2020-05-28 21:59:41,0006E239ED,K94
2020-05-28 22:01:15,0007AC5939,K15
2020-05-28 22:01:21,000783F377,K94
2020-05-28 22:02:16,00075D076C,K94
2020-05-28 22:04:08,00075B29B2,K15
2020-05-28 22:04:45,0006CC24E9,K15
2020-05-28 22:05:43,0006E241C1,K15
2020-05-28 22:06:17,00074EEC1A,K15
2020-05-28 22:06:27,0007AC44BD,K15
2020-05-28 22:06:30,0006B3AC35,K15
2020-05-29 02:16:24,0006E239ED,K94
2020-05-29 02:17:23,0007AC80F1,K94
2020-05-29 04:51:59,00074EEC1A,K15
2020-05-29 04:52:56,00079AAA3C,K15
2020-05-29 04:53:37,0007AC5939,K15
2020-05-29 04:53:46,00068E1731,K15
2020-05-29 04:58:01,00075D879F,K94
2020-05-29 04:58:37,0007ABC5F2,K15
2020-05-29 05:00:24,00079A0255,K15
2020-05-29 05:05:09,0006CC24E9,K15
2020-05-29 05:12:14,0007ABDCCF,K15
2020-05-29 12:28:40,0006CC23D6,K15
2020-05-29 12:55:44,0006CC23D6,K96
2020-05-29 20:43:20,000786D14D,K96
2020-05-29 21:36:51,000786B8A2,K96
2020-05-29 21:43:39,0006E24C7B,K96
2020-05-29 21:44:32,000788A24D,K96
2020-05-29 21:44:44,00075D879F,K15
2020-05-29 21:44:48,000786D14D,K96
2020-05-29 21:47:33,0007ABC5F2,K15
2020-05-29 21:48:29,00074F663E,K96
2020-05-29 21:48:40,0006E24ECA,K96
2020-05-29 21:48:55,0006CC24E9,K15
2020-05-29 21:49:28,0007AC5939,K15
2020-05-29 21:49:35,00079AAA3C,K15
2020-05-29 21:49:52,0006B3B75C,K96
2020-05-29 21:49:56,00068E1731,K15
2020-05-29 21:50:08,000783F377,K96
2020-05-29 21:52:59,0007ABA539,K96
2020-05-29 21:53:27,0006E239ED,K96
2020-05-29 21:54:22,0006B3AC35,K96
2020-05-29 21:57:21,00074EEC1A,K15
2020-05-30 00:36:06,000788A24D,K96
2020-05-30 00:36:36,000783CB2B,K96
2020-05-30 00:36:48,00075D076C,K96
2020-05-30 00:50:56,00075D076C,K96
2020-05-30 00:52:22,000783CB2B,K96
2020-05-30 00:57:28,000786B8A2,K96
2020-05-30 00:58:50,000788A24D,K96
2020-05-30 01:36:48,000788A24D,K96
2020-05-30 01:56:45,000788A24D,K96
2020-05-30 01:58:26,000786B8A2,K96
2020-05-30 04:15:08,000788A24D,K96
2020-05-30 04:19:35,00075B22B0,K96
2020-05-30 04:21:36,0006CC24E9,K96
2020-05-30 04:29:25,00074F663E,K96
2020-05-30 04:29:32,00074EEC1A,K96
2020-05-30 04:31:43,0006B34FE4,K96
2020-05-30 04:31:54,0006E24C7B,K96
2020-05-30 04:32:34,000786B8A2,K96
2020-05-30 04:32:51,0007AC5939,K96
2020-05-30 04:32:58,00075B29B2,K96
2020-05-30 04:33:13,000783F377,K96
2020-05-30 04:33:49,0007ABC5F2,K96
2020-05-30 04:35:06,00071E15BF,K96
2020-05-30 04:35:37,0007AC80F1,K96
2020-05-30 04:35:56,0007ABA539,K96
2020-05-30 04:36:03,00075D076C,K96
2020-05-30 04:37:09,000786D14D,K96
2020-05-30 04:38:03,0006E239ED,K96
2020-05-30 04:39:25,0006E24ECA,K96
2020-05-30 04:50:08,0007ABD629,K96
2020-05-30 04:51:12,0006B3B75C,K96
2020-05-30 04:53:45,00068E377E,K96
2020-05-30 05:23:16,00068E377E,K96
2020-05-30 06:17:00,0007ABC5F2,K96
2020-05-30 08:16:38,0007ABA539,K96
2020-05-30 08:24:06,0006CC24E9,K96
2020-05-30 09:03:46,0006B3B75C,K96
2020-05-30 11:14:19,00068E377E,K96
2020-05-30 13:56:02,00071E15BF,K96
2020-05-30 15:07:37,00074EEC1A,K96
2020-05-30 16:18:22,00068E377E,K96
2020-05-30 21:38:05,000786B8A2,K96
2020-05-30 21:48:45,0006E24ECA,K96
2020-05-30 21:48:51,00075B22B0,K96
2020-05-30 21:50:37,0006B34FE4,K96
2020-05-30 21:52:30,000786D14D,K96
2020-05-30 21:52:36,00071E15BF,K96
2020-05-30 21:55:07,000788A24D,K96
2020-05-30 21:55:14,0007AC5939,K96
2020-05-30 21:55:44,0006B3B75C,K96
2020-05-30 21:55:47,00068E377E,K96
2020-05-30 21:55:49,0007ABD629,K96
2020-05-30 21:56:44,0006CC24E9,K96
2020-05-30 21:56:47,0007ABC5F2,K96
2020-05-30 21:56:53,0006E24C7B,K96
2020-05-30 21:57:13,0007AC80F1,K96
2020-05-30 21:59:49,00074EEC1A,K96
2020-05-30 22:00:27,00074F663E,K96
2020-05-30 22:02:04,0007ABA539,K96
2020-05-30 22:02:15,00075B29B2,K96
2020-05-30 22:02:33,000783F377,K96
2020-05-30 22:02:39,00075D076C,K96
2020-05-30 22:03:02,0006E239ED,K96
2020-05-30 23:43:22,000788A24D,K96
2020-05-30 23:50:53,0007AC44BD,K96
2020-05-30 23:59:16,000788A24D,K96
2020-05-31 04:05:27,000788A24D,K96
2020-05-31 04:19:31,000799A5EF,K96
2020-05-31 04:24:29,00075B22B0,K96
2020-05-31 04:25:07,0007ABC5F2,K96
2020-05-31 04:25:41,0006CC24E9,K96
2020-05-31 04:27:10,00075B29B2,K96
2020-05-31 04:29:41,000783F377,K96
2020-05-31 04:30:02,0007ABD629,K96
2020-05-31 04:30:29,000799A5EF,K96
2020-05-31 04:30:59,0006B34FE4,K96
2020-05-31 04:31:36,00071E15BF,K96
2020-05-31 04:32:19,0006E239ED,K96
2020-05-31 04:33:13,00074EEC1A,K96
2020-05-31 04:33:54,000786B8A2,K96
2020-05-31 04:34:07,0006B3BF04,K96
2020-05-31 04:34:37,0007ABA539,K96
2020-05-31 04:35:04,0006B3AC35,K96
2020-05-31 04:37:30,0007ABDCCF,K96
2020-05-31 04:37:44,00075D076C,K96
2020-05-31 04:39:25,0007AC5939,K96
2020-05-31 04:40:09,0007AC80F1,K96
2020-05-31 04:43:17,000786D14D,K96
2020-05-31 05:05:56,0007AC80F1,K96
2020-05-31 06:23:01,0007AC5939,K96
2020-05-31 07:13:45,000788A24D,K96
2020-05-31 07:25:29,00074EEC1A,K96
2020-05-31 08:20:41,00071E15BF,K96
2020-05-31 12:18:08,0006B34FE4,K96
2020-05-31 16:50:07,0007AC80F1,K96
2020-05-31 18:02:55,0007ABDCCF,K96
2020-05-31 18:41:47,0007AC80F1,K96
2020-05-31 19:29:35,0006B3BF04,K96
2020-05-31 21:36:44,000799A5EF,K96
2020-05-31 21:41:34,000786B8A2,K96
2020-05-31 21:47:54,0007ABC5F2,K96
2020-05-31 21:48:56,000788A24D,K96
2020-05-31 21:49:21,000786D14D,K96
2020-05-31 21:50:51,0006B34FE4,K96
2020-05-31 21:51:48,0006B3BF04,K96
2020-05-31 21:53:23,0007ABD629,K96
2020-05-31 21:53:44,0007AC80F1,K96
2020-05-31 21:53:52,00075B22B0,K96
2020-05-31 21:55:17,0007AC5939,K96
2020-05-31 21:55:51,00071E15BF,K96
2020-05-31 21:56:01,0007ABA539,K96
2020-05-31 21:57:11,0006B3AC35,K96
2020-05-31 22:00:47,00075B29B2,K96
2020-05-31 22:03:25,00074EEC1A,K96
2020-05-31 22:05:16,0006E239ED,K96
2020-05-31 22:07:45,000783F377,K96
2020-05-31 22:08:24,00075D076C,K96
2020-05-31 23:09:12,000788A24D,K96
2020-05-31 23:12:51,00074F7C6F,K96
2020-05-31 23:25:48,000788A24D,K96
2020-05-31 23:26:02,00074F7C6F,K96
2020-05-31 23:37:52,0007AC44BD,K96
2020-05-31 23:41:40,000786D14D,K96
2020-05-31 23:44:27,000783CB2B,K96
2020-05-31 23:48:27,0007AC44BD,K96
2020-05-31 23:55:18,000783CB2B,K96
2020-06-01 00:01:06,000788A24D,K96
2020-06-01 00:18:59,0007AC44BD,K96
2020-06-01 00:21:26,00079AAA3C,K96
2020-06-01 00:28:07,000788A24D,K96
2020-06-01 00:49:31,000788A24D,K96
2020-06-01 00:57:49,0006E24ECA,K96
2020-06-01 00:57:54,0007ABD629,K96
2020-06-01 00:59:58,00075B29B2,K96
2020-06-01 01:03:40,0007AC44BD,K96
2020-06-01 01:05:46,0006E24C7B,K96
2020-06-01 01:07:50,00074F7C6F,K96
2020-06-01 01:10:16,000783CB2B,K96
2020-06-01 01:12:51,000786B8A2,K96
2020-06-01 01:14:10,0006E24ECA,K96
2020-06-01 01:19:41,0007ABF44A,K96
2020-06-01 01:20:53,000788A24D,K96
2020-06-01 01:21:08,0007AC44BD,K96
2020-06-01 01:23:38,00074F663E,K96
2020-06-01 01:25:38,0006E24C7B,K96
2020-06-01 01:25:46,000786B8A2,K96
2020-06-01 01:29:15,000786D14D,K96
2020-06-01 01:32:35,00074F7C6F,K96
2020-06-01 01:33:04,00075B29B2,K96
2020-06-01 01:36:43,0007ABF44A,K96
2020-06-01 01:40:37,000783CB2B,K96
2020-06-01 01:42:21,000786B8A2,K96
2020-06-01 01:54:03,000788A24D,K96
2020-06-01 01:55:28,0007ABD629,K96
2020-06-01 01:59:26,0006B3B75C,K96
2020-06-01 02:17:10,00074F7C6F,K96
2020-06-01 02:22:47,0007ABF44A,K96
2020-06-01 04:34:52,0007AC44BD,K96
2020-06-01 04:35:06,0006E239ED,K96
2020-06-01 04:35:11,0007ABD629,K96
2020-06-01 04:35:19,0007ABA539,K96
2020-06-01 04:35:28,00075D076C,K96
2020-06-01 04:35:35,00071E15BF,K96
2020-06-01 04:35:41,00075B22B0,K96
2020-06-01 04:35:47,0007AC5939,K96
2020-06-01 04:36:13,0006E24C7B,K96
2020-06-01 04:39:29,0007AC80F1,K96
2020-06-01 04:39:55,000786B8A2,K96
2020-06-01 04:40:05,000799A5EF,K96
2020-06-01 04:40:06,000786D14D,K96
2020-06-01 04:40:24,0007ABF44A,K96
2020-06-01 04:41:59,0006B3BF04,K96
2020-06-01 04:42:05,00079AAA3C,K96
2020-06-01 04:42:12,00068E377E,K96
2020-06-01 04:43:10,0006B3AC35,K96
2020-06-01 04:44:30,00074F7C6F,K96
2020-06-01 04:45:25,000783CB2B,K96
2020-06-01 04:45:32,00068E1731,K96
2020-06-01 04:46:17,0006B3B75C,K96
2020-06-01 05:53:35,0007AC80F1,K96
2020-06-01 16:21:23,0006B3BF04,K96
2020-06-01 21:42:17,000799A5EF,K96
2020-06-01 21:46:24,000786B8A2,K96
2020-06-01 21:48:15,0007ABD629,K96
2020-06-01 21:50:23,00074F7C6F,K96
2020-06-01 21:51:06,00079AAA3C,K96
2020-06-01 21:51:24,00068E377E,K96
2020-06-01 21:51:37,0007AC80F1,K96
2020-06-01 21:51:45,000786D14D,K96
2020-06-01 21:51:48,00068E1731,K96
2020-06-01 21:53:14,0006B3BF04,K96
2020-06-01 21:53:23,00071E15BF,K96
2020-06-01 21:54:02,0006E24C7B,K96
2020-06-01 21:54:19,0006B3B75C,K96
2020-06-01 21:54:29,0007AC5939,K96
2020-06-01 21:55:14,0007ABF44A,K96
2020-06-01 21:56:18,0006B3AC35,K96
2020-06-01 21:57:59,0007ABA539,K96
2020-06-01 21:58:20,0007AC44BD,K96
2020-06-01 22:00:25,0006E239ED,K96
2020-06-01 22:02:07,00075D076C,K96
2020-06-02 01:28:51,000788A24D,K96
2020-06-02 14:31:33,0006CC23D6,K94
2020-06-02 16:05:37,0007ABF44A,K94
2020-06-02 17:35:12,000786D14D,K94
2020-06-02 17:36:29,00074EEC1A,K94
2020-06-02 18:09:44,00068E1731,K94
2020-06-02 18:29:54,00074F663E,K94
2020-06-02 18:54:04,0007ABF44A,K94
2020-06-02 19:09:22,0007ABF44A,K94
2020-06-02 19:09:36,000786B8A2,K94
2020-06-02 19:27:14,00068E377E,K94
2020-06-02 20:10:28,00075D879F,K94
2020-06-02 20:25:43,00075D879F,K94
2020-06-02 20:28:35,00075B22B0,K94
2020-06-02 21:44:02,0006E24C7B,K94
2020-06-02 21:45:29,000799A5EF,K94
2020-06-02 21:46:28,0007AC80F1,K94
2020-06-02 21:46:45,00075D879F,K94
2020-06-02 21:46:51,000786B8A2,K94
2020-06-02 21:47:18,00075B22B0,K94
2020-06-02 21:48:34,0006E241C1,K94
2020-06-02 21:49:28,000788A24D,K94
2020-06-02 21:49:59,00079A0255,K94
2020-06-02 21:50:10,00071E2D31,K94
2020-06-02 21:50:15,0006B3B75C,K94
2020-06-02 21:50:19,0006CC24E9,K94
2020-06-02 21:51:32,0006B3BF04,K94
2020-06-02 21:51:37,00079AAA3C,K94
2020-06-02 21:51:58,0007ABD629,K94
2020-06-02 21:52:05,0006B34FE4,K94
2020-06-02 21:53:20,0007AC44BD,K94
2020-06-02 21:54:08,0007ABA539,K94
2020-06-02 21:54:21,00074F7C6F,K94
2020-06-02 21:56:00,00075B29B2,K94
2020-06-02 21:56:15,00068E1731,K94
2020-06-02 21:56:19,000783F377,K94
2020-06-02 21:56:21,00068E377E,K94
2020-06-02 21:56:29,00071E15BF,K94
2020-06-02 21:56:40,0007ABF44A,K94
2020-06-02 21:57:16,00074F663E,K94
2020-06-02 21:57:45,000786D14D,K94
2020-06-02 21:57:53,00074EEC1A,K94
2020-06-02 21:58:00,0007AC5939,K94
2020-06-02 21:58:10,0006E239ED,K94
2020-06-02 22:05:48,00075D076C,K94
2020-06-03 00:44:42,00071E2D31,K94
2020-06-03 00:56:09,00071E2D31,K94
2020-06-03 00:57:27,0007ABDCCF,K94
2020-06-03 01:11:45,000788A24D,K94
2020-06-03 01:11:53,0007ABDCCF,K94
2020-06-03 01:44:49,000788A24D,K94
2020-06-03 01:55:41,0007ABDCCF,K94
2020-06-03 01:56:57,0007ABC5F2,K94
2020-06-03 01:58:56,000788A24D,K94
2020-06-03 13:16:59,0006CC23D6,K94
2020-06-03 13:32:36,0006CC23D6,K60
2020-06-03 13:46:58,00074F7C6F,K60
2020-06-03 15:39:27,00074EEC1A,K60
2020-06-03 16:25:26,00074EEC1A,K60
2020-06-03 17:02:12,0007ABC5F2,K60
2020-06-03 18:07:51,000788A24D,K60
2020-06-03 18:08:34,0006E24ECA,K60
2020-06-03 18:23:42,0007ABA539,K60
2020-06-03 18:45:26,000783F377,K60
2020-06-03 19:00:12,00074EEC1A,K60
2020-06-03 19:04:31,00075B22B0,K60
2020-06-03 19:17:49,00075B22B0,K60
2020-06-03 21:39:31,000799A5EF,K60
2020-06-03 21:42:23,000786B8A2,K60
2020-06-03 21:43:52,00074F7C6F,K60
2020-06-03 21:45:00,00075B22B0,K60
2020-06-03 21:48:50,000786D14D,K60
2020-06-03 21:49:07,0007ABA539,K60
2020-06-03 21:49:22,000783F377,K60
2020-06-03 21:49:34,000788A24D,K60
2020-06-03 21:50:52,0006E24ECA,K60
2020-06-03 21:51:26,0007ABDCCF,K60
2020-06-03 21:51:30,00074EEC1A,K60
2020-06-03 21:51:35,000783CB2B,K60
2020-06-03 21:52:59,0007ABC5F2,K60
2020-06-03 21:54:45,00068E377E,K60
2020-06-03 21:54:49,00074F663E,K60
2020-06-03 21:54:56,00075CE063,K60
2020-06-03 21:56:03,0007ABF44A,K60
2020-06-04 00:39:10,000788A24D,K60
2020-06-04 00:58:20,000783CB2B,K60
2020-06-04 01:22:49,000788A24D,K60
2020-06-04 01:25:21,000783CB2B,K60
2020-06-04 01:50:36,000788A24D,K60
2020-06-04 01:53:55,00068E377E,K60
2020-06-04 01:57:05,000783CB2B,K60
2020-06-04 02:04:51,00074F7C6F,K60
2020-06-04 02:13:28,00068E377E,K60
2020-06-04 02:18:03,000788A24D,K60
2020-06-04 02:18:25,000783CB2B,K60
2020-06-04 02:34:16,00074F7C6F,K60
2020-06-04 02:44:23,000799A5EF,K60
2020-06-04 03:03:31,000799A5EF,K60
2020-06-04 04:41:23,000788A24D,K60
2020-06-04 04:42:34,00074F7C6F,K60
2020-06-04 04:42:54,00068E1731,K60
2020-06-04 04:43:18,000799A5EF,K60
2020-06-04 04:43:31,000783F377,K60
2020-06-04 04:43:53,00074EEC1A,K60
2020-06-04 04:45:34,0007ABA539,K60
2020-06-04 04:46:58,000783CB2B,K60
2020-06-04 04:48:18,0007ABDCCF,K60
2020-06-04 04:48:43,0007AC80F1,K60
2020-06-04 12:48:04,0006CC23D6,K60
2020-06-04 21:31:01,000799A5EF,K60
2020-06-04 21:47:39,00074F7C6F,K60
2020-06-04 21:47:59,00068E1731,K60
2020-06-04 21:48:24,000783F377,K60
2020-06-04 21:48:55,000788A24D,K60
2020-06-04 21:49:26,000783CB2B,K60
2020-06-04 21:50:02,0007AC80F1,K60
2020-06-04 21:51:07,0007ABA539,K60
2020-06-04 21:54:06,00074EEC1A,K60
2020-06-04 21:54:30,0007ABDCCF,K60
2020-06-04 22:26:24,0007ABA539,K60
2020-06-04 22:27:20,000783CB2B,K60
2020-06-04 22:39:42,00068E1731,K60
2020-06-04 22:39:44,000788A24D,K60
2020-06-04 22:50:14,00068E377E,K60
2020-06-04 22:55:37,00074F7C6F,K60
2020-06-04 22:56:46,000799A5EF,K60
2020-06-04 23:38:00,000783CB2B,K60
2020-06-04 23:43:12,00068E1731,K60
2020-06-04 23:45:20,00068E377E,K60
2020-06-04 23:46:27,0007ABA539,K60
2020-06-04 23:47:47,000788A24D,K60
2020-06-04 23:48:36,00074F7C6F,K60
2020-06-04 23:51:35,000799A5EF,K60
2020-06-04 23:57:04,00068E377E,K60
2020-06-05 00:08:39,00068E1731,K60
2020-06-05 00:08:48,000799A5EF,K60
2020-06-05 00:26:47,000788A24D,K60
2020-06-05 00:28:47,000783CB2B,K60
2020-06-05 00:35:47,00068E377E,K60
2020-06-05 00:42:05,00068E1731,K60
2020-06-05 00:43:03,00074F7C6F,K60
2020-06-05 00:44:42,000799A5EF,K60
2020-06-05 00:52:20,000788A24D,K60
2020-06-05 00:54:48,0007ABA539,K60
2020-06-05 00:57:11,00074F7C6F,K60
2020-06-05 01:03:15,000783CB2B,K60
2020-06-05 01:07:50,0007ABA539,K60
2020-06-05 01:23:58,00068E1731,K60
2020-06-05 01:35:09,00074F7C6F,K60
2020-06-05 01:36:02,000799A5EF,K60
2020-06-05 01:50:59,00074F7C6F,K60
2020-06-05 02:00:45,00068E377E,K60
2020-06-05 02:02:53,00074F7C6F,K60
2020-06-05 02:04:57,000788A24D,K60
2020-06-05 02:07:52,00068E1731,K60
2020-06-05 02:12:19,0007ABA539,K60
2020-06-05 02:12:23,000799A5EF,K60
2020-06-05 02:15:42,00074F7C6F,K60
2020-06-05 02:15:56,00068E377E,K60
2020-06-05 03:01:48,00068E377E,K60
2020-06-05 03:06:02,000788A24D,K60
2020-06-05 03:16:06,00068E377E,K60
2020-06-05 03:20:29,00074F7C6F,K60
2020-06-05 03:26:05,000788A24D,K60
2020-06-05 03:40:03,00074F7C6F,K60
2020-06-05 03:59:41,00068E1731,K60
2020-06-05 04:05:12,000788A24D,K60
2020-06-05 04:07:05,000799A5EF,K60
2020-06-05 04:07:15,00075B29B2,K60
2020-06-05 04:08:47,0006E24ECA,K60
2020-06-05 04:08:56,0007ABC5F2,K60
2020-06-05 04:13:03,000783CB2B,K60
2020-06-05 04:14:04,00071E15BF,K60
2020-06-05 04:17:48,00074F7C6F,K60
2020-06-05 04:18:52,0007ABA539,K60
2020-06-05 04:20:19,0007AC80F1,K60
2020-06-05 04:28:58,00068E377E,K60
2020-06-05 10:00:25,0007ABC5F2,K60
2020-06-05 21:54:49,0007ABA539,K60
2020-06-05 21:55:03,0006E24ECA,K60
2020-06-05 21:57:42,0007ABC5F2,K60
2020-06-05 21:59:25,00068E1731,K60
2020-06-05 21:59:30,000783CB2B,K60
2020-06-05 21:59:34,000799A5EF,K60
2020-06-05 22:00:25,000788A24D,K60
2020-06-05 22:00:38,00068E377E,K60
2020-06-05 22:00:47,0007AC80F1,K60
2020-06-05 22:01:46,00074F7C6F,K60
2020-06-05 22:04:28,00075B29B2,K60
2020-06-05 22:15:57,00071E15BF,K60
2020-06-05 22:19:31,0007ABA539,K60
2020-06-05 22:25:19,000783CB2B,K60
2020-06-05 22:38:31,00068E1731,K60
2020-06-05 22:43:42,00074F7C6F,K60
2020-06-05 22:46:13,00071E15BF,K60
2020-06-05 22:58:16,000783CB2B,K60
2020-06-05 22:59:22,000788A24D,K60
2020-06-05 23:08:11,00074F7C6F,K60
2020-06-05 23:14:18,000788A24D,K60
2020-06-05 23:28:34,00071E15BF,K60
2020-06-05 23:50:15,00074F7C6F,K60
2020-06-06 00:03:21,00074F7C6F,K60
2020-06-06 00:30:10,000788A24D,K60
2020-06-06 00:31:18,00075D879F,K60
2020-06-06 00:49:20,00071E15BF,K60
2020-06-06 00:49:40,000788A24D,K60
2020-06-06 00:57:05,00074F7C6F,K60
2020-06-06 00:59:13,00075D879F,K60
2020-06-06 01:08:51,00068E377E,K60
2020-06-06 01:16:08,00074F7C6F,K60
2020-06-06 01:21:36,00068E377E,K60
2020-06-06 01:23:58,00075D879F,K60
2020-06-06 01:28:09,00068E1731,K60
2020-06-06 01:34:37,00071E15BF,K60
2020-06-06 01:37:41,00074F7C6F,K60
2020-06-06 01:40:01,00075D879F,K60
2020-06-06 01:44:29,00068E1731,K60
2020-06-06 01:53:45,00075D879F,K60
2020-06-06 01:57:46,000788A24D,K60
2020-06-06 02:04:13,00075D879F,K60
2020-06-06 02:05:48,00068E377E,K60
2020-06-06 02:17:31,00068E377E,K60
2020-06-06 02:24:14,00071E15BF,K60
2020-06-06 02:27:19,00068E1731,K60
2020-06-06 02:34:21,000788A24D,K60
2020-06-06 02:43:45,00074F7C6F,K60
2020-06-06 02:45:52,00075D879F,K60
2020-06-06 02:51:09,00071E15BF,K60
2020-06-06 02:51:24,00068E1731,K60
2020-06-06 02:52:26,0006E24ECA,K60
2020-06-06 03:02:47,0006E24ECA,K60
2020-06-06 03:03:07,00074F7C6F,K60
2020-06-06 03:05:05,00068E377E,K60
2020-06-06 03:16:16,00068E377E,K60
2020-06-06 03:29:32,000788A24D,K60
2020-06-06 03:33:40,00075B29B2,K60
2020-06-06 03:34:13,0006E24ECA,K60
2020-06-06 03:35:49,00075D879F,K60
2020-06-06 03:37:16,0007AC80F1,K60
2020-06-06 03:37:20,00074F7C6F,K60
2020-06-06 03:43:20,00071E15BF,K60
2020-06-06 03:44:11,0006B34FE4,K60
2020-06-06 03:46:06,00068E377E,K60
2020-06-06 03:53:56,00074F7C6F,K60
2020-06-06 03:55:21,00068E1731,K60
2020-06-06 04:00:39,00075D879F,K60
2020-06-06 04:04:41,0007AC80F1,K60
2020-06-06 04:05:07,00075B29B2,K60
2020-06-06 04:06:04,00068E377E,K60
2020-06-06 04:08:55,0006B34FE4,K60
2020-06-06 04:27:05,00075D879F,K60
2020-06-06 04:29:38,0006B34FE4,K60
2020-06-06 04:29:53,00074F7C6F,K60
2020-06-06 10:09:38,000788A24D,K60
2020-06-06 20:27:27,000788A24D,K60
2020-06-06 21:41:42,0006B34FE4,K60
2020-06-06 21:42:29,00071E15BF,K60
2020-06-06 21:42:46,00074F7C6F,K60
2020-06-06 21:43:07,00075D879F,K60
2020-06-06 21:49:12,0006E24ECA,K60
2020-06-06 21:49:28,0007AC80F1,K60
2020-06-06 21:51:28,00068E377E,K60
2020-06-06 21:53:04,00068E1731,K60
2020-06-06 21:54:31,000788A24D,K60
2020-06-06 21:55:47,00075B29B2,K60
2020-06-06 22:34:27,00071E15BF,K60
2020-06-06 22:57:56,00071E15BF,K60
2020-06-06 23:08:56,0006E24ECA,K60
2020-06-06 23:11:28,00075D879F,K60
2020-06-06 23:16:58,0006B34FE4,K60
2020-06-06 23:20:18,0006E24ECA,K60
2020-06-06 23:22:07,00075D879F,K60
2020-06-06 23:25:04,000786B8A2,K60
2020-06-06 23:26:02,00071E15BF,K60
2020-06-06 23:31:37,0006B34FE4,K60
2020-06-06 23:33:52,00068E377E,K60
2020-06-06 23:36:02,00075D879F,K60
2020-06-06 23:37:45,000788A24D,K60
2020-06-06 23:38:02,0007ABD629,K60
2020-06-06 23:42:31,00071E15BF,K60
2020-06-06 23:45:28,00068E377E,K60
2020-06-06 23:45:40,000786B8A2,K60
2020-06-06 23:45:45,00074F7C6F,K60
2020-06-06 23:46:59,0006B34FE4,K60
2020-06-06 23:54:23,000788A24D,K60
2020-06-07 00:02:00,0006B34FE4,K60
2020-06-07 00:03:56,00068E377E,K60
2020-06-07 00:04:04,000783F377,K60
2020-06-07 00:04:57,0007ABD629,K60
2020-06-07 00:05:42,00075D879F,K60
2020-06-07 00:15:29,00071E15BF,K60
2020-06-07 00:19:39,00068E377E,K60
2020-06-07 00:19:43,000783F377,K60
2020-06-07 00:25:31,000786B8A2,K60
2020-06-07 00:26:50,00075D879F,K60
2020-06-07 00:29:58,00075B22B0,K60
2020-06-07 00:34:04,00071E15BF,K60
2020-06-07 00:35:07,0007ABD629,K60
2020-06-07 00:39:24,000783F377,K60
2020-06-07 00:45:26,00075D879F,K60
2020-06-07 00:45:55,000786B8A2,K60
2020-06-07 00:50:04,00075D076C,K60
2020-06-07 00:50:46,000786D14D,K60
2020-06-07 00:57:17,00075B22B0,K60
2020-06-07 01:02:47,0007AC80F1,K60
2020-06-07 01:03:03,00074F7C6F,K60
2020-06-07 01:04:18,0007ABD629,K60
2020-06-07 01:05:59,0006E24C7B,K60
2020-06-07 01:08:00,00079AAA3C,K60
2020-06-07 01:10:03,000783F377,K60
2020-06-07 01:11:59,00075D879F,K60
2020-06-07 01:17:17,00075D076C,K60
2020-06-07 01:20:29,00071E15BF,K60
2020-06-07 01:21:42,00074F7C6F,K60
2020-06-07 01:22:46,000786D14D,K60
2020-06-07 01:27:13,00075D879F,K60
2020-06-07 01:28:22,000788A24D,K60
2020-06-07 01:29:55,00075B29B2,K60
2020-06-07 01:30:05,0007AC80F1,K60
2020-06-07 01:30:35,0006E24C7B,K60
2020-06-07 01:36:41,00079AAA3C,K60
2020-06-07 01:43:38,00071E15BF,K60
2020-06-07 01:49:00,0007AC80F1,K60
2020-06-07 01:49:19,00074F663E,K60
2020-06-07 01:49:29,00075B29B2,K60
2020-06-07 01:51:40,000788A24D,K60
2020-06-07 01:51:42,00075B22B0,K60
2020-06-07 01:55:24,000783F377,K60
2020-06-07 01:58:27,00075D879F,K60
2020-06-07 02:06:24,0006E24C7B,K60
2020-06-07 02:06:31,000786D14D,K60
2020-06-07 02:07:39,00068E377E,K60
2020-06-07 02:09:57,00075B22B0,K60
2020-06-07 02:12:09,00074F663E,K60
2020-06-07 02:12:54,000783F377,K60
2020-06-07 02:13:32,00075D879F,K60
2020-06-07 02:16:55,0007AC80F1,K60
2020-06-07 02:19:35,0006E24C7B,K60
2020-06-07 02:20:20,000786D14D,K60
2020-06-07 02:23:51,00075D879F,K60
2020-06-07 02:24:58,00079AAA3C,K60
2020-06-07 02:26:04,00075B29B2,K60
2020-06-07 02:26:50,00074F7C6F,K60
2020-06-07 02:32:04,00071E15BF,K60
2020-06-07 02:34:54,0006E241C1,K60
2020-06-07 02:35:01,000799A5EF,K60
2020-06-07 02:36:19,000788A24D,K60
2020-06-07 02:37:15,00074F7C6F,K60
2020-06-07 02:38:19,00075B22B0,K60
2020-06-07 02:38:58,00074EEC1A,K60
2020-06-07 02:39:46,0007ABF44A,K60
2020-06-07 02:42:00,000783F377,K60
2020-06-07 02:45:55,0007ABD629,K60
2020-06-07 02:46:21,00079AAA3C,K60
2020-06-07 02:47:04,0006E24C7B,K60
2020-06-07 02:47:24,0006E241C1,K60
2020-06-07 02:49:32,000799A5EF,K60
2020-06-07 02:52:55,00074EEC1A,K60
2020-06-07 02:54:50,00075B22B0,K60
2020-06-07 02:54:55,00074F7C6F,K60
2020-06-07 02:55:31,00071E15BF,K60
2020-06-07 02:56:10,000783F377,K60
2020-06-07 02:56:17,000788A24D,K60
2020-06-07 02:56:46,0006E239ED,K60
2020-06-07 02:59:52,0007ABF44A,K60
2020-06-07 03:00:09,0006E24C7B,K60
2020-06-07 03:00:18,0007ABD629,K60
2020-06-07 03:01:15,0007AC80F1,K60
2020-06-07 03:01:30,00075B29B2,K60
2020-06-07 03:02:30,0006B34FE4,K60
2020-06-07 03:04:24,00075D879F,K60
2020-06-07 03:04:43,00074F663E,K60
2020-06-07 03:05:19,00074F7C6F,K60
2020-06-07 03:05:58,0007AC44BD,K60
2020-06-07 03:07:11,00075B22B0,K60
2020-06-07 03:09:03,0006E239ED,K60
2020-06-07 03:10:39,000788A24D,K60
2020-06-07 03:14:47,00075D879F,K60
2020-06-07 03:17:54,0007AC44BD,K60
2020-06-07 03:20:54,000788A24D,K60
2020-06-07 03:21:48,00075D076C,K60
2020-06-07 03:23:08,00075B22B0,K60
2020-06-07 03:25:24,00075B29B2,K60
2020-06-07 03:25:55,0006B34FE4,K60
2020-06-07 03:26:14,0007AC80F1,K60
2020-06-07 03:27:16,0007ABDCCF,K60
2020-06-07 03:31:25,00075D879F,K60
2020-06-07 03:35:19,0007ABF44A,K60
2020-06-07 03:39:13,00074F7C6F,K60
2020-06-07 03:39:26,0007ABD629,K60
2020-06-07 03:41:40,00075D076C,K60
2020-06-07 03:41:42,00075B29B2,K60
2020-06-07 03:42:09,0007ABDCCF,K60
2020-06-07 03:42:59,0006B3BF04,K60
2020-06-07 03:51:18,0007ABF44A,K60
2020-06-07 03:51:47,00074F7C6F,K60
2020-06-07 03:57:05,000788A24D,K60
2020-06-07 04:01:33,0007AC80F1,K60
2020-06-07 04:01:52,000786D14D,K60
2020-06-07 04:02:36,00075B22B0,K60
2020-06-07 04:03:10,0006B3BF04,K60
2020-06-07 04:06:29,0006E24ECA,K60
2020-06-07 04:07:40,00075B29B2,K60
2020-06-07 04:08:03,0006E241C1,K60
2020-06-07 04:08:06,0006CC24E9,K60
2020-06-07 04:10:01,0007AC44BD,K60
2020-06-07 04:10:05,00074F7C6F,K60
2020-06-07 04:11:16,0007ABDCCF,K60
2020-06-07 04:11:35,000783F377,K60
2020-06-07 04:13:42,0006E239ED,K60
2020-06-07 04:14:18,00074F663E,K60
2020-06-07 04:14:33,0007ABD629,K60
2020-06-07 04:15:40,00074EEC1A,K60
2020-06-07 04:15:47,00075D076C,K60
2020-06-07 04:17:12,00071E15BF,K60
2020-06-07 04:17:46,0006B34FE4,K60
2020-06-07 04:19:03,0006E24C7B,K60
2020-06-07 04:19:28,0007ABC5F2,K60
2020-06-07 04:19:49,000786B8A2,K60
2020-06-07 04:20:01,0007ABF44A,K60
2020-06-07 04:20:31,000799A5EF,K60
2020-06-07 04:20:43,00079AAA3C,K60
2020-06-07 04:21:11,0007AC5939,K60
2020-06-07 04:21:43,0006B3BF04,K60
2020-06-07 04:21:48,00068E1731,K60
2020-06-07 04:27:21,00075D879F,K60
2020-06-07 04:28:51,00074F7C6F,K60
2020-06-07 04:30:16,00068E377E,K60
2020-06-07 04:30:45,0007ABDCCF,K60
2020-06-07 04:32:44,0006B3BF04,K60
2020-06-07 04:33:30,0006B3AC35,K60
2020-06-07 04:36:08,0006E24C7B,K60
2020-06-07 04:36:18,0007AC5939,K60
2020-06-07 04:36:30,0006CC24E9,K60
2020-06-07 04:39:03,0007AC44BD,K60
2020-06-07 04:39:41,0006E239ED,K60
2020-06-07 04:40:31,000799A5EF,K60
2020-06-07 04:42:22,00068E1731,K60
2020-06-07 04:42:30,0006B34FE4,K60
2020-06-07 04:45:35,0006B3BF04,K60
2020-06-07 04:52:28,00075CE063,K60
2020-06-07 04:52:34,0006E239ED,K60
2020-06-07 04:53:20,0006B3AC35,K60
2020-06-07 04:53:25,0007ABC5F2,K60
2020-06-07 04:53:45,00074EEC1A,K60
2020-06-07 04:57:51,0006CC24E9,K60
2020-06-07 05:03:28,0006E24ECA,K60
2020-06-07 05:08:47,0006B3BF04,K60
2020-06-07 05:12:51,0006CC24E9,K60
2020-06-07 05:19:06,0006B3BF04,K60
2020-06-07 05:22:47,0006B3AC35,K60
2020-06-07 05:23:19,00075B22B0,K60
2020-06-07 05:29:13,0006B3BF04,K60
2020-06-07 05:36:03,0006E239ED,K60
2020-06-07 05:38:37,00074EEC1A,K60
2020-06-07 05:39:15,0006B3AC35,K60
2020-06-07 05:39:42,0006B3BF04,K60
2020-06-07 05:46:07,0006E239ED,K60
2020-06-07 05:53:59,0007ABD629,K60
2020-06-07 05:59:40,000786D14D,K60
2020-06-07 06:02:57,00074EEC1A,K60
2020-06-07 06:03:10,00068E1731,K60
2020-06-07 06:14:08,00074EEC1A,K60
2020-06-07 06:14:56,000786B8A2,K60
2020-06-07 06:15:02,0006E239ED,K60
2020-06-07 06:15:33,00075B22B0,K60
2020-06-07 06:19:23,00068E1731,K60
2020-06-07 06:22:54,0006E24C7B,K60
2020-06-07 06:23:23,00068E377E,K60
2020-06-07 06:25:59,0006E239ED,K60
2020-06-07 06:26:28,00074EEC1A,K60
2020-06-07 06:27:34,0006CC24E9,K60
2020-06-07 06:29:33,00068E1731,K60
2020-06-07 06:34:19,0006B3BF04,K60
2020-06-07 06:52:29,0006B3AC35,K60
2020-06-07 06:57:09,00074F7C6F,K60
2020-06-07 07:05:50,00074EEC1A,K60
2020-06-07 07:08:41,0007ABC5F2,K60
2020-06-07 07:09:37,0006E239ED,K60
2020-06-07 07:19:38,0006E239ED,K60
2020-06-07 07:28:07,0006E24ECA,K60
2020-06-07 07:29:22,00075D879F,K60
2020-06-07 07:38:28,0006E239ED,K60
2020-06-07 07:43:30,00075D879F,K60
2020-06-07 07:55:19,0006E24C7B,K60
2020-06-07 07:57:19,0006B3BF04,K60
2020-06-07 08:03:10,00068E377E,K60
2020-06-07 08:09:26,0006B3BF04,K60
2020-06-07 08:21:41,0006E24ECA,K60
2020-06-07 08:27:02,0006B3BF04,K60
2020-06-07 08:30:23,00075D879F,K60
2020-06-07 08:32:01,000786D14D,K60
2020-06-07 08:43:33,00075B22B0,K60
2020-06-07 08:43:36,00075D879F,K60
2020-06-07 08:49:11,0007ABF44A,K60
2020-06-07 08:50:56,0007ABC5F2,K60
2020-06-07 08:55:33,00074EEC1A,K60
2020-06-07 08:58:00,0006E239ED,K60
2020-06-07 09:04:39,0007ABC5F2,K60
2020-06-07 09:04:45,0006E24C7B,K60
2020-06-07 09:07:07,00079AAA3C,K60
2020-06-07 09:10:20,0006B3BF04,K60
2020-06-07 09:11:22,00074EEC1A,K60
2020-06-07 09:18:38,00075B22B0,K60
2020-06-07 09:24:38,0006B3BF04,K60
2020-06-07 09:33:00,0007ABF44A,K60
2020-06-07 09:34:21,00074EEC1A,K60
2020-06-07 09:48:35,000786B8A2,K60
2020-06-07 09:54:54,000783F377,K60
2020-06-07 09:57:55,0007AC44BD,K60
2020-06-07 10:01:51,00075B22B0,K60
2020-06-07 10:13:24,0006B3AC35,K60
2020-06-07 10:16:00,00074F663E,K60
2020-06-07 10:20:29,0007AC44BD,K60
2020-06-07 10:21:42,00068E1731,K60
2020-06-07 10:23:02,000786D14D,K60
2020-06-07 10:33:06,0007ABDCCF,K60
2020-06-07 10:39:14,00074EEC1A,K60
2020-06-07 10:40:40,000786B8A2,K60
2020-06-07 10:47:08,00075B29B2,K60
2020-06-07 10:48:27,0007ABDCCF,K60
2020-06-07 10:48:53,00068E1731,K60
2020-06-07 10:50:41,0007AC44BD,K60
2020-06-07 10:50:54,0006B3BF04,K60
2020-06-07 11:01:47,00075B29B2,K60
2020-06-07 11:08:16,00068E1731,K60
2020-06-07 11:10:46,0006B3BF04,K60
2020-06-07 11:38:00,0007AC44BD,K60
2020-06-07 11:38:19,0006B34FE4,K60
2020-06-07 11:39:33,00068E1731,K60
2020-06-07 11:47:59,00075B22B0,K60
2020-06-07 11:48:09,0007ABF44A,K60
2020-06-07 11:58:31,00074F663E,K60
2020-06-07 11:59:15,0007AC44BD,K60
2020-06-07 12:01:09,0006E24ECA,K60
2020-06-07 12:10:00,0006E239ED,K60
2020-06-07 12:14:41,0006CC23D6,K60
2020-06-07 12:22:50,00074F7C6F,K60
2020-06-07 12:23:05,0006E24C7B,K60
2020-06-07 12:24:47,00068E1731,K60
2020-06-07 12:28:03,00074EEC1A,K60
2020-06-07 12:34:48,00068E1731,K60
2020-06-07 12:35:19,00075B29B2,K60
2020-06-07 12:41:17,00079AAA3C,K60
2020-06-07 12:46:30,000786B8A2,K60
2020-06-07 12:49:09,00074F663E,K60
2020-06-07 12:51:27,0007ABC5F2,K60
2020-06-07 12:52:47,00075D076C,K60
2020-06-07 12:53:16,00075D879F,K60
2020-06-07 13:03:04,00075B22B0,K60
2020-06-07 13:19:45,00075B22B0,K60
2020-06-07 13:24:51,00074F663E,K60
2020-06-07 13:31:50,000786D14D,K60
2020-06-07 13:58:30,00068E1731,K60
2020-06-07 14:07:42,0006E24ECA,K60
2020-06-07 14:13:55,00074F7C6F,K60
2020-06-07 14:22:46,0006E24ECA,K60
2020-06-07 14:23:42,0006B3AC35,K60
2020-06-07 14:24:03,00074EEC1A,K60
2020-06-07 14:31:08,00075B29B2,K60
2020-06-07 14:31:51,00075CE063,K60
2020-06-07 14:32:02,00068E377E,K60
2020-06-07 14:35:12,0006E239ED,K60
2020-06-07 14:50:49,00075B29B2,K60
2020-06-07 14:52:42,00068E1731,K60
2020-06-07 14:59:25,0006E239ED,K60
2020-06-07 15:02:52,000783F377,K60
2020-06-07 15:04:48,0006B3BF04,K60
2020-06-07 15:05:38,0007AC44BD,K60
2020-06-07 15:08:26,00068E1731,K60
2020-06-07 15:36:46,000783F377,K60
2020-06-07 15:37:33,00074EEC1A,K60
2020-06-07 15:52:07,00068E1731,K60
2020-06-07 15:54:04,000783F377,K60
2020-06-07 15:55:45,0007ABDCCF,K60
2020-06-07 15:56:14,00075B22B0,K60
2020-06-07 16:01:08,0007AC44BD,K60
2020-06-07 16:03:14,00075D879F,K60
2020-06-07 16:09:09,000783F377,K60
2020-06-07 16:13:38,00068E1731,K60
2020-06-07 16:17:28,0006CC24E9,K60
2020-06-07 16:17:32,0007AC44BD,K60
2020-06-07 16:24:24,00068E1731,K60
2020-06-07 16:27:26,00075B22B0,K60
2020-06-07 16:43:25,00075D076C,K60
2020-06-07 16:46:56,0006E24C7B,K60
2020-06-07 16:53:01,0007ABF44A,K60
2020-06-07 16:56:10,0006B3AC35,K60
2020-06-07 16:56:51,0006E24ECA,K60
2020-06-07 17:02:12,0007ABC5F2,K60
2020-06-07 17:05:27,0007ABDCCF,K60
2020-06-07 17:21:31,00074EEC1A,K60
2020-06-07 17:22:38,0006B34FE4,K60
2020-06-07 17:42:42,00074EEC1A,K60
2020-06-07 17:48:16,00068E1731,K60
2020-06-07 17:57:16,0007AC44BD,K60
2020-06-07 18:00:20,00075CE063,K60
2020-06-07 18:01:30,0006E24ECA,K60
2020-06-07 18:07:07,0006B3BF04,K60
2020-06-07 18:19:25,0007AC44BD,K60
2020-06-07 18:29:26,0007AC44BD,K60
2020-06-07 18:39:27,0007AC44BD,K60
2020-06-07 18:40:11,0006B3BF04,K60
2020-06-07 18:49:28,0007AC44BD,K60
2020-06-07 18:59:29,0007AC44BD,K60
2020-06-07 19:13:56,0007ABC5F2,K60
2020-06-07 19:19:49,0007AC80F1,K60
2020-06-07 19:26:57,00068E377E,K60
2020-06-07 19:28:27,0007ABDCCF,K60
2020-06-07 19:28:51,0006E24ECA,K60
2020-06-07 19:35:17,0007AC80F1,K60
2020-06-07 19:35:44,0006E239ED,K60
2020-06-07 19:39:00,00068E1731,K60
2020-06-07 19:39:06,0006E24ECA,K60
2020-06-07 19:48:06,0006B3BF04,K60
2020-06-07 19:48:31,0007AC44BD,K60
2020-06-07 19:50:53,0006E239ED,K60
2020-06-07 19:54:10,00068E1731,K60
2020-06-07 20:04:11,00068E1731,K60
2020-06-08 15:00:29,00068E1731,K60
2020-06-08 15:05:57,000786B8A2,K60
2020-06-08 15:07:31,00068E377E,K60
2020-06-08 15:08:37,0007ABC5F2,K60
2020-06-08 15:17:08,00075B22B0,K60
2020-06-08 15:23:56,000783CB2B,K60
2020-06-08 15:28:32,00075B22B0,K60
2020-06-08 15:33:57,000783CB2B,K60
2020-06-08 15:46:44,000783CB2B,K60
2020-06-08 15:46:47,00075B22B0,K60
2020-06-08 15:46:53,0006B3AC35,K60
2020-06-08 15:47:09,00074F663E,K60
2020-06-08 15:47:26,0007AC5939,K60
2020-06-08 15:56:48,00075B22B0,K60
2020-06-08 16:06:54,00075B22B0,K60
2020-06-08 16:10:26,000783CB2B,K60
2020-06-08 16:20:39,0007ABF44A,K60
2020-06-08 16:22:13,00074EEC1A,K60
2020-06-08 16:22:50,0006B3BF04,K60
2020-06-08 16:23:06,00075B29B2,K60
2020-06-08 16:33:14,0006E24ECA,K60
2020-06-08 16:33:24,0007ABF44A,K60
2020-06-08 16:39:26,00075B29B2,K60
2020-06-08 16:40:28,00075B22B0,K60
2020-06-08 16:40:54,000783CB2B,K60
2020-06-08 16:42:51,00068E1731,K60
2020-06-08 16:52:52,00068E1731,K60
2020-06-08 16:59:50,0006B3BF04,K60
2020-06-08 17:09:05,00068E377E,K60
2020-06-08 17:09:12,00075CE063,K60
2020-06-08 17:09:22,00075D076C,K60
2020-06-08 17:09:55,0006B3BF04,K60
2020-06-08 17:15:02,00074EEC1A,K60
2020-06-08 17:16:35,0006B3AC35,K60
2020-06-08 17:16:50,000783CB2B,K60
2020-06-08 17:23:04,0006B3BF04,K60
2020-06-08 17:35:21,0006B3BF04,K60
2020-06-08 17:35:49,000783CB2B,K60
2020-06-08 17:45:24,00075D879F,K60
2020-06-08 17:45:50,000783CB2B,K60
2020-06-08 17:47:50,00074EEC1A,K60
2020-06-08 17:56:00,0006B3BF04,K60
2020-06-08 17:56:32,00068E1731,K60
2020-06-08 17:56:39,00075D879F,K60
2020-06-08 18:06:40,00075D879F,K60
2020-06-08 18:15:20,000783CB2B,K60
2020-06-08 18:16:05,0006B3AC35,K60
2020-06-08 18:16:31,0007ABF44A,K60
2020-06-08 18:23:00,00068E1731,K60
2020-06-08 18:26:32,0007ABF44A,K60
2020-06-08 18:33:29,0006B3AC35,K60
2020-06-08 18:38:01,00068E1731,K60
2020-06-08 18:38:09,0007ABF44A,K60
2020-06-08 18:46:52,00075B22B0,K60
2020-06-08 18:48:10,0007ABF44A,K60
2020-06-08 18:56:10,0007ABDCCF,K60
2020-06-08 18:57:48,000783CB2B,K60
2020-06-08 18:59:30,00068E1731,K60
2020-06-08 19:00:38,00075B22B0,K60
2020-06-08 19:02:01,0007ABF44A,K60
2020-06-09 10:38:33,0006CC23D6,K60
2020-06-09 10:47:36,00075D879F,K60
2020-06-09 10:59:35,0007ABDCCF,K60
2020-06-09 11:13:12,000783CB2B,K60
2020-06-09 11:23:13,000783CB2B,K60
2020-06-09 11:33:14,000783CB2B,K60
2020-06-09 11:43:15,000783CB2B,K60
2020-06-09 11:53:16,000783CB2B,K60
2020-06-09 12:03:17,000783CB2B,K60
2020-06-09 12:04:19,00068E1731,K60
2020-06-09 12:05:39,0006B3BF04,K60
2020-06-09 12:13:18,000783CB2B,K60
2020-06-09 12:22:20,00075B22B0,K60
2020-06-09 12:32:21,00075B22B0,K60
2020-06-09 12:45:27,00068E1731,K60
2020-06-09 12:45:44,00075B22B0,K60
2020-06-09 12:48:44,0007ABC5F2,K60
2020-06-09 12:50:46,000783CB2B,K60
2020-06-09 12:52:10,0006B34FE4,K60
2020-06-09 12:55:45,00075B22B0,K60
2020-06-09 13:01:17,000783CB2B,K60
2020-06-09 13:05:20,00074F7C6F,K60
2020-06-09 13:11:18,000783CB2B,K60
2020-06-09 13:28:38,0006E24ECA,K60
2020-06-09 13:31:20,0006B3AC35,K60
2020-06-09 13:38:48,0006E24ECA,K60
2020-06-09 13:44:46,00068E1731,K60
2020-06-10 11:22:48,0006CC23D6,K60
2020-06-10 11:31:21,0006B3BF04,K60
2020-06-10 11:45:49,00068E377E,K60
2020-06-10 12:05:47,0006B3BF04,K60
2020-06-10 12:05:57,0006CC23D6,K80
2020-06-10 12:17:20,0007ABD629,K60
2020-06-10 12:23:36,00068E377E,K60
2020-06-10 12:24:58,0006B3BF04,K60
2020-06-10 12:36:52,00079A0255,K60
2020-06-10 12:42:18,0006B3BF04,K60
2020-06-10 12:53:10,00079AAA3C,K60
2020-06-10 12:54:31,000783F377,K60
2020-06-10 12:57:57,0006B3BF04,K60
2020-06-10 12:59:35,00068E1731,K60
2020-06-10 13:00:13,00079A0255,K60
2020-06-10 13:03:40,0006E241C1,K60
2020-06-10 13:05:54,00075CE063,K60
2020-06-10 13:13:06,0006E24C7B,K60
2020-06-10 13:33:10,0006B3BF04,K60
2020-06-10 13:49:49,0006B3BF04,K60
2020-06-10 13:58:29,00074EEC1A,K60
2020-06-10 13:59:50,0006B3BF04,K60
2020-06-10 14:10:41,0006B3BF04,K60
2020-06-10 14:13:11,00074EEC1A,K60
2020-06-10 14:20:42,0006B3BF04,K60
2020-06-10 14:31:12,0006B3BF04,K60
2020-06-10 14:41:26,0006B3BF04,K60
2020-06-10 14:51:27,0006B3BF04,K60
2020-06-10 15:01:28,0006B3BF04,K60
2020-06-10 15:03:42,00068E1731,K60
2020-06-10 15:13:15,0006B3BF04,K60
2020-06-10 15:23:22,0006B3BF04,K60
2020-06-10 15:29:14,00079A0255,K60
2020-06-10 15:33:23,0006B3BF04,K60
2020-06-10 15:41:44,00075D879F,K60
2020-06-10 15:44:35,0006B3BF04,K60
2020-06-10 15:44:48,0006E24ECA,K60
2020-06-10 15:46:32,00068E1731,K60
2020-06-10 16:06:06,0006B3BF04,K60
2020-06-10 16:06:31,00075B22B0,K60
2020-06-10 16:16:02,00075D879F,K60
2020-06-10 16:19:55,0006B3BF04,K60
2020-06-10 16:23:18,00075B22B0,K60
2020-06-10 16:26:03,00075D879F,K60
2020-06-10 16:29:56,0006B3BF04,K60
2020-06-10 21:53:49,00071E2D31,K80
2020-06-10 21:53:54,000786B8A2,K80
2020-06-11 04:12:32,0007AC80F1,K80
2020-06-11 17:50:05,0006E24ECA,K60
2020-06-11 18:00:09,0006E24ECA,K60
2020-06-11 18:09:33,00075CE063,K60
2020-06-11 18:41:14,0006E241C1,K60
2020-06-11 19:14:46,00074EEC1A,K60
2020-06-11 19:25:16,00074F7C6F,K60
2020-06-11 19:33:15,0006E239ED,K60
2020-06-11 19:57:51,0006E239ED,K60
2020-06-11 20:05:34,0007ABDCCF,K60
2020-06-11 20:06:16,00074F663E,K60
2020-06-11 20:12:04,00075B22B0,K60
2020-06-11 20:51:26,00074F663E,K60
2020-06-11 20:57:02,0006E241C1,K60
2020-06-11 20:57:10,00074F7C6F,K60
2020-06-11 20:59:45,0006B3BF04,K60
2020-06-11 21:23:01,0006B34FE4,K60
2020-06-11 21:26:21,0006B3BF04,K60
2020-06-11 21:27:10,0006E24ECA,K60
2020-06-11 21:29:50,00075D879F,K60
2020-06-11 21:30:22,0006E239ED,K60
2020-06-11 21:30:28,0007ABC5F2,K60
2020-06-11 21:31:25,00074F7C6F,K60
2020-06-11 21:32:21,0006E241C1,K60
2020-06-11 21:32:38,00075B22B0,K60
2020-06-11 21:33:57,000786D14D,K60
2020-06-11 21:34:50,0007ABF44A,K60
2020-06-11 21:35:11,00079A0255,K60
2020-06-11 21:36:51,0006B3BF04,K60
2020-06-11 21:37:19,000783CB2B,K60
2020-06-11 21:37:34,000783F377,K60
2020-06-11 21:38:20,0006E24ECA,K60
2020-06-11 21:43:36,0006E239ED,K60
2020-06-11 21:44:52,00071E15BF,K60
2020-06-11 21:45:21,00074EEC1A,K60
2020-06-11 21:46:33,00074F663E,K60
2020-06-11 21:46:42,0007ABD629,K60
2020-06-11 21:46:48,0006B3AC35,K60
2020-06-11 21:47:13,00075CE063,K60
2020-06-11 21:50:30,0006E24C7B,K60
2020-06-11 21:51:07,0007AC5939,K60
2020-06-11 21:51:52,0007ABDCCF,K60
2020-06-11 21:53:32,00068E377E,K60
2020-06-11 21:55:48,00075D076C,K60
2020-06-11 22:06:14,00074EEC1A,K60
2020-06-11 22:23:06,0006E24ECA,K60
2020-06-11 22:23:46,00074EEC1A,K60
2020-06-11 22:29:37,00068E377E,K60
2020-06-11 22:43:01,00074F663E,K60
2020-06-11 22:45:10,00075B22B0,K60
2020-06-11 22:45:43,0007AC44BD,K60
2020-06-11 22:47:27,0006B34FE4,K60
2020-06-11 22:48:52,000783CB2B,K60
2020-06-11 22:50:30,0006E24ECA,K60
2020-06-11 22:55:04,0006B3BF04,K60
2020-06-11 22:55:10,00079A0255,K60
2020-06-11 22:59:13,00074F663E,K60
2020-06-11 23:00:28,00075D879F,K60
2020-06-11 23:01:09,0006B34FE4,K60
2020-06-11 23:01:15,0007ABF44A,K60
2020-06-11 23:02:07,0007ABC5F2,K60
2020-06-11 23:03:40,000783F377,K60
2020-06-11 23:04:35,00075B22B0,K60
2020-06-11 23:06:51,00074EEC1A,K60
2020-06-11 23:09:09,000783CB2B,K60
2020-06-11 23:12:19,0007ABF44A,K60
2020-06-11 23:14:50,0007ABC5F2,K60
2020-06-11 23:15:53,00075D879F,K60
2020-06-11 23:17:24,000786D14D,K60
2020-06-11 23:19:16,0006B3BF04,K60
2020-06-11 23:21:19,000783F377,K60
2020-06-11 23:22:07,0006B34FE4,K60
2020-06-11 23:25:45,00074EEC1A,K60
2020-06-11 23:26:18,00079A0255,K60
2020-06-11 23:28:09,00071E15BF,K60
2020-06-11 23:29:14,0006E241C1,K60
2020-06-11 23:29:55,0006E24ECA,K60
2020-06-11 23:31:03,00074F7C6F,K60
2020-06-11 23:33:07,000783CB2B,K60
2020-06-11 23:37:49,00075D076C,K60
2020-06-11 23:39:39,00074EEC1A,K60
2020-06-11 23:41:03,0006B34FE4,K60
2020-06-11 23:41:52,00071E15BF,K60
2020-06-11 23:45:25,0006E241C1,K60
2020-06-11 23:48:37,0007ABF44A,K60
2020-06-11 23:49:05,000783CB2B,K60
2020-06-11 23:50:01,00075D076C,K60
2020-06-11 23:51:00,0006E24ECA,K60
2020-06-11 23:51:48,00075D879F,K60
2020-06-11 23:56:13,000783F377,K60
2020-06-11 23:56:45,00074F663E,K60
2020-06-11 23:58:28,00074EEC1A,K60
2020-06-11 23:58:31,0007ABC5F2,K60
2020-06-12 00:02:18,00075B22B0,K60
2020-06-12 00:07:36,00079A0255,K60
2020-06-12 00:07:42,0007ABF44A,K60
2020-06-12 00:08:40,0007ABD629,K60
2020-06-12 00:10:39,0006B3BF04,K60
2020-06-12 00:11:36,0007ABC5F2,K60
2020-06-12 00:13:03,00074F663E,K60
2020-06-12 00:13:46,00074F7C6F,K60
2020-06-12 00:17:20,000783CB2B,K60
2020-06-12 00:21:43,00074EEC1A,K60
2020-06-12 00:21:54,00075B22B0,K60
2020-06-12 00:23:58,00074F7C6F,K60
2020-06-12 00:27:11,0006E24C7B,K60
2020-06-12 00:28:17,00079A0255,K60
2020-06-12 00:29:09,000783F377,K60
2020-06-12 00:31:31,0006B34FE4,K60
2020-06-12 00:32:45,00074EEC1A,K60
2020-06-12 00:34:08,000783CB2B,K60
2020-06-12 00:35:06,0006B3BF04,K60
2020-06-12 00:36:47,0006E24ECA,K60
2020-06-12 00:38:04,00071E15BF,K60
2020-06-12 00:44:08,000786B8A2,K60
2020-06-12 00:46:08,000786D14D,K60
2020-06-12 00:48:09,0006B34FE4,K60
2020-06-12 00:51:52,0007ABF44A,K60
2020-06-12 00:54:36,00074F663E,K60
2020-06-12 00:55:43,00071E15BF,K60
2020-06-12 00:56:09,000786D14D,K60
2020-06-12 00:58:02,0007ABC5F2,K60
2020-06-12 00:58:50,0007ABDCCF,K60
2020-06-12 00:59:56,00074F7C6F,K60
2020-06-12 01:02:20,00074EEC1A,K60
2020-06-12 01:09:56,0007ABC5F2,K60
2020-06-12 01:10:04,00074F663E,K60
2020-06-12 01:10:09,0007ABF44A,K60
2020-06-12 01:13:23,000783CB2B,K60
2020-06-12 01:14:48,0006B3BF04,K60
2020-06-12 01:18:23,000783F377,K60
2020-06-12 01:18:39,00075D879F,K60
2020-06-12 01:19:17,00074F7C6F,K60
2020-06-12 01:19:49,0006E241C1,K60
2020-06-12 01:20:43,00074EEC1A,K60
2020-06-12 01:24:07,000786D14D,K60
2020-06-12 01:24:16,0007ABDCCF,K60
2020-06-12 01:26:46,00075B22B0,K60
2020-06-12 01:32:33,0006E24ECA,K60
2020-06-12 01:35:00,0006B3BF04,K60
2020-06-12 01:35:08,00075D879F,K60
2020-06-12 01:36:51,00079A0255,K60
2020-06-12 01:36:58,00075B29B2,K60
2020-06-12 01:37:02,0006B34FE4,K60
2020-06-12 01:38:30,0006CC24E9,K60
2020-06-12 01:40:53,00074F7C6F,K60
2020-06-12 01:40:55,000783CB2B,K60
2020-06-12 01:44:54,00075D076C,K60
2020-06-12 01:47:23,00075B22B0,K60
2020-06-12 01:49:02,0006E241C1,K60
2020-06-12 01:49:27,000783F377,K60
2020-06-12 01:49:35,0006E24C7B,K60
2020-06-12 01:50:26,0007ABD629,K60
2020-06-12 01:51:36,00074EEC1A,K60
2020-06-12 01:53:26,0007ABC5F2,K60
2020-06-12 01:53:58,000783CB2B,K60
2020-06-12 01:58:00,00074F7C6F,K60
2020-06-12 01:59:32,0006CC24E9,K60
2020-06-12 01:59:43,00071E15BF,K60
2020-06-12 02:00:25,00079A0255,K60
2020-06-12 02:01:53,0006E24C7B,K60
2020-06-12 02:02:10,00075B29B2,K60
2020-06-12 02:02:33,00075D076C,K60
2020-06-12 02:02:59,0007ABD629,K60
2020-06-12 02:07:05,00074F663E,K60
2020-06-12 02:07:43,00074EEC1A,K60
2020-06-12 02:09:37,0007ABF44A,K60
2020-06-12 02:12:05,0006E239ED,K60
2020-06-12 02:12:40,000786D14D,K60
2020-06-12 02:14:54,00071E15BF,K60
2020-06-12 02:16:01,0007ABDCCF,K60
2020-06-12 02:16:48,000783F377,K60
2020-06-12 02:16:52,00079AAA3C,K60
2020-06-12 02:17:15,0006B3BF04,K60
2020-06-12 02:17:27,0007ABC5F2,K60
2020-06-12 02:17:40,000799A5EF,K60
2020-06-12 02:21:13,00074F663E,K60
2020-06-12 02:21:29,0006E24ECA,K60
2020-06-12 02:23:58,0007ABF44A,K60
2020-06-12 02:28:15,0006E239ED,K60
2020-06-12 02:28:33,0007AC44BD,K60
2020-06-12 02:29:01,00074F7C6F,K60
2020-06-12 02:29:41,00075D879F,K60
2020-06-12 02:30:54,000786D14D,K60
2020-06-12 02:38:27,00074EEC1A,K60
2020-06-12 02:40:11,0006B3BF04,K60
2020-06-12 02:40:13,000783F377,K60
2020-06-12 02:41:29,00079A0255,K60
2020-06-12 02:45:42,0006E24ECA,K60
2020-06-12 02:45:47,0007ABDCCF,K60
2020-06-12 02:47:50,0006B34FE4,K60
2020-06-12 02:47:54,000783CB2B,K60
2020-06-12 02:48:46,00074F7C6F,K60
2020-06-12 02:49:27,0006E24C7B,K60
2020-06-12 02:52:42,00075B22B0,K60
2020-06-12 02:53:22,000788A24D,K60
2020-06-12 02:55:30,0007AC44BD,K60
2020-06-12 02:56:32,00074EEC1A,K60
2020-06-12 02:57:34,00075B29B2,K60
2020-06-12 02:57:46,0006E241C1,K60
2020-06-12 02:57:55,000799A5EF,K60
2020-06-12 03:04:47,0007ABF44A,K60
2020-06-12 03:05:20,00075B22B0,K60
2020-06-12 03:07:08,000786D14D,K60
2020-06-12 03:07:21,0006B34FE4,K60
2020-06-12 03:09:21,000788A24D,K60
2020-06-12 03:10:12,000783CB2B,K60
2020-06-12 03:13:24,00074F7C6F,K60
2020-06-12 03:15:14,00075B29B2,K60
2020-06-12 03:17:31,00075D879F,K60
2020-06-12 03:17:58,00079A0255,K60
2020-06-12 03:18:18,0007ABC5F2,K60
2020-06-12 03:18:46,000786D14D,K60
2020-06-12 03:20:00,0007ABF44A,K60
2020-06-12 03:23:56,00074F663E,K60
2020-06-12 03:24:03,00071E15BF,K60
2020-06-12 03:24:45,0006E241C1,K60
2020-06-12 03:27:24,00074EEC1A,K60
2020-06-12 03:31:01,0007ABC5F2,K60
2020-06-12 03:31:34,0007ABDCCF,K60
2020-06-12 03:32:06,00075D879F,K60
2020-06-12 03:36:43,00074F7C6F,K60
2020-06-12 03:38:29,0006E24C7B,K60
2020-06-12 03:43:05,00074EEC1A,K60
2020-06-12 03:47:31,0007ABDCCF,K60
2020-06-12 03:56:03,0007AC44BD,K60
2020-06-12 03:56:49,0006E24ECA,K60
2020-06-12 03:58:03,00075D076C,K60
2020-06-12 03:58:51,00074F7C6F,K60
2020-06-12 04:01:39,000783F377,K60
2020-06-12 04:03:49,0007ABC5F2,K60
2020-06-12 04:05:49,0006B3BF04,K60
2020-06-12 04:06:56,0006E241C1,K60
2020-06-12 04:07:26,00075B29B2,K60
2020-06-12 04:07:46,0006E239ED,K60
2020-06-12 04:08:15,000783CB2B,K60
2020-06-12 04:09:11,000788A24D,K60
2020-06-12 04:09:32,0007ABDCCF,K60
2020-06-12 04:09:45,00075B22B0,K60
2020-06-12 04:10:21,00068E1731,K60
2020-06-12 04:10:38,0006CC24E9,K60
2020-06-12 04:11:28,0006B34FE4,K60
2020-06-12 04:12:49,0007ABA539,K60
2020-06-12 04:13:04,0007AC44BD,K60
2020-06-12 04:16:50,00074EEC1A,K60
2020-06-12 04:18:23,00074F7C6F,K60
2020-06-12 04:18:52,0007ABD629,K60
2020-06-12 04:21:03,0007AC80F1,K60
2020-06-12 04:21:08,00071E15BF,K60
2020-06-12 04:21:53,00075CE063,K60
2020-06-12 04:22:41,00075D879F,K60
2020-06-12 04:23:36,00079AAA3C,K60
2020-06-12 04:25:23,00079A0255,K60
2020-06-12 04:25:55,00068E377E,K60
2020-06-12 04:28:26,00074F663E,K60
2020-06-12 04:28:32,0007ABF44A,K60
2020-06-12 04:29:03,0006E239ED,K60
2020-06-12 04:29:20,000799A5EF,K60
2020-06-12 04:29:28,0006B3AC35,K60
2020-06-12 04:31:00,0007AC5939,K60
2020-06-12 04:33:51,0007AC44BD,K60
2020-06-12 04:33:54,000786B8A2,K60
2020-06-12 04:34:03,00079AAA3C,K60
2020-06-12 04:35:37,000786D14D,K60
2020-06-12 04:35:45,00068E1731,K60
2020-06-12 04:36:20,00071E2D31,K60
2020-06-12 04:38:17,00068E377E,K60
2020-06-12 04:42:15,0006E239ED,K60
2020-06-12 04:42:36,0007AC80F1,K60
2020-06-12 04:42:48,000788A24D,K60
2020-06-12 04:42:50,0006E24C7B,K60
2020-06-12 04:48:18,00068E1731,K60
2020-06-12 04:49:02,000786B8A2,K60
2020-06-12 04:50:27,00075CE063,K60
2020-06-12 04:52:55,00079AAA3C,K60
2020-06-12 04:53:09,0007ABDCCF,K60
2020-06-12 04:55:06,0007AC5939,K60
2020-06-12 04:55:57,00075D879F,K60
2020-06-12 04:56:49,00071E2D31,K60
2020-06-12 05:01:21,0006B3BF04,K60
2020-06-12 05:07:41,0006E24C7B,K60
2020-06-12 05:07:52,00068E1731,K60
2020-06-12 05:17:53,00068E1731,K60
2020-06-12 05:18:07,00075D879F,K60
2020-06-12 05:24:12,0007AC44BD,K60
2020-06-12 05:24:14,0006E24C7B,K60
2020-06-12 05:32:15,00068E1731,K60
2020-06-12 05:33:03,000786D14D,K60
2020-06-12 05:35:21,0006B3BF04,K60
2020-06-12 05:37:56,0006E24C7B,K60
2020-06-12 05:44:51,00075CE063,K60
2020-06-12 05:45:00,00068E1731,K60
2020-06-12 05:47:36,00075D879F,K60
2020-06-12 05:54:02,0006B3BF04,K60
2020-06-12 05:57:37,00075D879F,K60
2020-06-12 06:02:54,00068E1731,K60
2020-06-12 06:05:23,0006B3BF04,K60
2020-06-12 06:07:23,0006CC24E9,K60
2020-06-12 06:11:44,00075D879F,K60
2020-06-12 06:20:53,00068E1731,K60
2020-06-12 06:25:43,00071E15BF,K60
2020-06-12 06:25:54,00075D879F,K60
2020-06-12 06:30:54,00068E1731,K60
2020-06-12 06:40:55,00068E1731,K60
2020-06-12 06:42:25,000786D14D,K60
2020-06-12 06:52:56,00068E1731,K60
2020-06-12 07:07:43,00068E1731,K60
2020-06-12 07:09:09,0006B3BF04,K60
2020-06-12 07:13:24,0006B3AC35,K60
2020-06-12 07:20:10,0006B3BF04,K60
2020-06-12 07:30:17,0006B3BF04,K60
2020-06-12 07:38:31,00068E1731,K60
2020-06-12 07:39:23,000786B8A2,K60
2020-06-12 07:48:32,00068E1731,K60
2020-06-12 08:03:54,00068E1731,K60
2020-06-12 08:07:37,0006B3BF04,K60
2020-06-12 08:14:12,00068E1731,K60
2020-06-12 08:23:28,00075D879F,K60
2020-06-12 08:24:14,00068E1731,K60
2020-06-12 08:28:51,0006B3AC35,K60
2020-06-12 08:36:53,0006B3BF04,K60
2020-06-12 08:39:17,0006CC24E9,K60
2020-06-12 11:01:53,0006E239ED,K60
2020-06-12 11:02:00,0006CC23D6,K60
2020-06-12 11:05:54,00075B29B2,K60
2020-06-12 11:08:15,00068E1731,K60
2020-06-12 11:14:34,0007AC80F1,K60
2020-06-12 11:18:47,00068E1731,K60
2020-06-12 11:21:21,0006E24C7B,K60
2020-06-12 11:26:04,000788A24D,K60
2020-06-12 11:27:07,00068E377E,K60
2020-06-12 11:37:34,0007AC44BD,K60
2020-06-12 11:39:42,0006E24C7B,K60
2020-06-12 11:40:09,00068E1731,K60
2020-06-12 11:41:25,0007AC80F1,K60
2020-06-12 11:42:17,00068E377E,K60
2020-06-12 11:44:02,000783CB2B,K60
2020-06-12 11:44:22,0006B3BF04,K60
2020-06-12 11:48:03,00075B29B2,K60
2020-06-12 11:48:26,00074EEC1A,K60
2020-06-12 11:52:05,0007AC80F1,K60
2020-06-12 11:53:17,0007AC44BD,K60
2020-06-12 11:56:21,0006B3BF04,K60
2020-06-12 12:00:16,0006B34FE4,K60
2020-06-12 12:01:36,0006E24C7B,K60
2020-06-12 12:02:03,00071E15BF,K60
2020-06-12 12:02:25,0007AC80F1,K60
2020-06-12 12:04:44,0007ABDCCF,K60
2020-06-12 12:05:55,00074F7C6F,K60
2020-06-12 12:06:31,00068E1731,K60
2020-06-12 12:15:46,00075B29B2,K60
2020-06-12 12:19:09,00074F663E,K60
2020-06-12 12:19:45,00074EEC1A,K60
2020-06-12 12:19:59,00075D879F,K60
2020-06-12 12:21:06,0007AC5939,K60
2020-06-12 12:28:18,0006E239ED,K60
2020-06-12 12:33:40,0007AC5939,K60
2020-06-12 12:37:27,000783CB2B,K60
2020-06-12 12:37:37,00074F7C6F,K60
2020-06-12 12:43:51,0007AC5939,K60
2020-06-12 12:45:48,00075D879F,K60
2020-06-12 12:49:20,0006E24C7B,K60
2020-06-12 12:56:00,0007AC5939,K60
2020-06-12 13:06:01,0007AC5939,K60
2020-06-12 13:07:04,0006E24C7B,K60
2020-06-12 13:17:05,0006E24C7B,K60
2020-06-12 13:27:06,0006E24C7B,K60
2020-06-12 13:37:07,0006E24C7B,K60
2020-06-12 13:47:08,0006E24C7B,K60
2020-06-14 14:31:46,0006CC23D6,K80
2020-06-14 18:40:23,00068E1731,K80
2020-06-14 21:25:53,00079A0255,K80
2020-06-14 21:27:54,0006E241C1,K80
2020-06-14 21:28:02,0007ABC5F2,K80
2020-06-14 21:29:30,00075D879F,K80
2020-06-14 21:29:33,000783CB2B,K80
2020-06-14 21:29:47,000786D14D,K80
2020-06-14 21:29:50,00074F7C6F,K80
2020-06-14 21:29:52,000783F377,K80
2020-06-14 21:29:54,0007ABF44A,K80
2020-06-14 21:29:56,0007ABDCCF,K80
2020-06-14 21:32:21,00074F663E,K80
2020-06-14 21:32:26,0006B34FE4,K80
2020-06-14 21:35:03,00074EEC1A,K80
2020-06-14 21:35:41,0006E24ECA,K80
2020-06-14 21:37:03,0006B3BF04,K80
2020-06-14 21:37:12,0007ABD629,K80
2020-06-14 21:37:13,00071E15BF,K80
2020-06-14 21:43:30,000799A5EF,K80
2020-06-14 21:45:02,000786B8A2,K80
2020-06-14 21:45:34,000788A24D,K80
2020-06-14 21:45:39,0007AC44BD,K80
2020-06-14 21:47:53,0006B3AC35,K80
2020-06-14 21:49:03,00075B29B2,K80
2020-06-14 21:50:08,0007AC80F1,K80
2020-06-14 21:52:58,0007AC5939,K80
2020-06-14 21:53:25,00075D076C,K80
2020-06-14 21:54:14,00079AAA3C,K80
2020-06-14 21:57:11,0006E239ED,K80
2020-06-14 21:57:18,00068E377E,K80
2020-06-14 21:59:04,00075CE063,K80
2020-06-14 21:59:37,0006E24C7B,K80
2020-06-14 22:01:25,0006CC24E9,K80
2020-06-14 22:01:57,00068E1731,K80
2020-06-14 22:04:34,0007ABA539,K80
2020-06-14 22:09:15,00071E2D31,K80
2020-06-14 22:29:43,0007AC5939,K80
2020-06-14 22:31:03,0007ABDCCF,K80
2020-06-14 22:33:26,0006E24C7B,K80
2020-06-14 22:49:24,00074F7C6F,K80
2020-06-14 22:49:29,0006E24C7B,K80
2020-06-14 22:50:01,0007ABDCCF,K80
2020-06-14 22:54:47,0006E239ED,K80
2020-06-14 22:59:39,0007AC5939,K80
2020-06-14 23:00:49,0006B34FE4,K80
2020-06-14 23:01:23,00074EEC1A,K80
2020-06-14 23:03:24,0006B3AC35,K80
2020-06-14 23:08:06,0007ABF44A,K80
2020-06-14 23:09:37,00074F7C6F,K80
2020-06-14 23:10:03,0006E239ED,K80
2020-06-14 23:10:23,00079A0255,K80
2020-06-14 23:11:37,000786D14D,K80
2020-06-14 23:13:13,0007ABD629,K80
2020-06-14 23:14:12,00074EEC1A,K80
2020-06-14 23:18:20,0006B3AC35,K80
2020-06-14 23:20:11,0007AC5939,K80
2020-06-14 23:20:32,0006E241C1,K80
2020-06-14 23:22:44,0007ABF44A,K80
2020-06-14 23:24:46,00079A0255,K80
2020-06-14 23:25:06,00075D076C,K80
2020-06-14 23:25:47,0006B3BF04,K80
2020-06-14 23:26:48,0006E24ECA,K80
2020-06-14 23:29:58,0007ABD629,K80
2020-06-14 23:31:02,00075D879F,K80
2020-06-14 23:35:03,0007ABDCCF,K80
2020-06-14 23:35:28,000783F377,K80
2020-06-14 23:37:53,00075B29B2,K80
2020-06-14 23:39:55,0006E239ED,K80
2020-06-14 23:40:33,0007ABC5F2,K80
2020-06-14 23:41:35,00074F663E,K80
2020-06-14 23:41:45,0006B3BF04,K80
2020-06-14 23:42:35,00075D076C,K80
2020-06-14 23:43:06,00075D879F,K80
2020-06-14 23:45:20,0007AC5939,K80
2020-06-14 23:45:39,0006E24ECA,K80
2020-06-14 23:48:06,0006E24C7B,K80
2020-06-14 23:48:54,000783CB2B,K80
2020-06-14 23:50:08,0007ABDCCF,K80
2020-06-14 23:52:34,000783F377,K80
2020-06-14 23:54:46,0006B3AC35,K80
2020-06-14 23:56:01,00071E15BF,K80
2020-06-15 00:03:22,0007AC80F1,K80
2020-06-15 00:11:47,0006E24C7B,K80
2020-06-15 00:11:52,0007ABD629,K80
2020-06-15 00:12:48,000783CB2B,K80
2020-06-15 00:14:00,0006E241C1,K80
2020-06-15 00:14:06,0006E239ED,K80
2020-06-15 00:15:31,0006B3AC35,K80
2020-06-15 00:17:42,0007ABDCCF,K80
2020-06-15 00:18:57,00075B22B0,K80
2020-06-15 00:21:47,0006B34FE4,K80
2020-06-15 00:22:28,0007AC5939,K80
2020-06-15 00:23:12,00074F7C6F,K80
2020-06-15 00:23:51,00075D879F,K80
2020-06-15 00:25:25,0007AC80F1,K80
2020-06-15 00:28:16,0007ABF44A,K80
2020-06-15 00:29:24,00074EEC1A,K80
2020-06-15 00:31:00,0007ABD629,K80
2020-06-15 00:31:42,0006E24C7B,K80
2020-06-15 00:34:19,0006E241C1,K80
2020-06-15 00:36:51,00074F663E,K80
2020-06-15 00:37:58,0007ABDCCF,K80
2020-06-15 00:38:04,0006B3AC35,K80
2020-06-15 00:39:04,00075D879F,K80
2020-06-15 00:39:35,0007ABF44A,K80
2020-06-15 00:40:31,00079A0255,K80
2020-06-15 00:41:01,00074EEC1A,K80
2020-06-15 00:44:54,000783F377,K80
2020-06-15 00:45:02,00075D076C,K80
2020-06-15 00:45:24,0007AC44BD,K80
2020-06-15 00:50:36,0007AC5939,K80
2020-06-15 00:50:59,0006E24ECA,K80
2020-06-15 00:54:58,0007ABC5F2,K80
2020-06-15 00:58:50,00074F7C6F,K80
2020-06-15 01:00:26,000783F377,K80
2020-06-15 01:02:27,0006B3AC35,K80
2020-06-15 01:02:44,00074F663E,K80
2020-06-15 01:04:58,00075D076C,K80
2020-06-15 01:06:30,0006E24ECA,K80
2020-06-15 01:08:02,0006E239ED,K80
2020-06-15 01:13:43,00079A0255,K80
2020-06-15 01:14:21,00075B29B2,K80
2020-06-15 01:14:37,0007ABF44A,K80
2020-06-15 01:17:24,0007AC44BD,K80
2020-06-15 01:17:54,0007AC80F1,K80
2020-06-15 01:18:04,000783CB2B,K80
2020-06-15 01:18:59,0006E24C7B,K80
2020-06-15 01:19:00,000788A24D,K80
2020-06-15 01:20:09,0007ABDCCF,K80
2020-06-15 01:25:34,00074EEC1A,K80
2020-06-15 01:27:16,000786D14D,K80
2020-06-15 01:27:19,0007AC5939,K80
2020-06-15 01:28:31,0006E239ED,K80
2020-06-15 01:28:40,0007AC44BD,K80
2020-06-15 01:29:21,0007ABF44A,K80
2020-06-15 01:29:26,00079A0255,K80
2020-06-15 01:33:47,0006B3AC35,K80
2020-06-15 01:33:57,00075D879F,K80
2020-06-15 01:34:09,0006B3BF04,K80
2020-06-15 01:37:40,0007ABD629,K80
2020-06-15 01:38:18,0007AC80F1,K80
2020-06-15 01:38:29,000786D14D,K80
2020-06-15 01:38:39,0006E241C1,K80
2020-06-15 01:41:22,0007ABDCCF,K80
2020-06-15 01:44:50,00071E15BF,K80
2020-06-15 01:45:18,00074F7C6F,K80
2020-06-15 01:48:35,00075D879F,K80
2020-06-15 01:48:54,00074EEC1A,K80
2020-06-15 01:50:15,0006E24C7B,K80
2020-06-15 01:50:46,0007AC5939,K80
2020-06-15 01:51:05,0006B3BF04,K80
2020-06-15 01:53:26,0006B34FE4,K80
2020-06-15 02:02:24,0007ABD629,K80
2020-06-15 02:03:28,000783F377,K80
2020-06-15 02:03:42,00079A0255,K80
2020-06-15 02:10:44,0007AC5939,K80
2020-06-15 02:15:25,0007ABC5F2,K80
2020-06-15 02:15:36,0006B3AC35,K80
2020-06-15 02:17:03,0006E24C7B,K80
2020-06-15 02:17:50,00068E377E,K80
2020-06-15 02:19:40,00079A0255,K80
2020-06-15 02:20:15,000783F377,K80
2020-06-15 02:21:52,0006E24ECA,K80
2020-06-15 02:22:54,00074F7C6F,K80
2020-06-15 02:26:50,0007ABDCCF,K80
2020-06-15 02:27:26,0006E239ED,K80
2020-06-15 02:31:48,0007AC5939,K80
2020-06-15 02:33:52,00075D879F,K80
2020-06-15 02:35:47,00074EEC1A,K80
2020-06-15 02:36:40,0007ABF44A,K80
2020-06-15 02:40:07,0006E24C7B,K80
2020-06-15 02:42:40,0006E24ECA,K80
2020-06-15 02:45:00,00074F663E,K80
2020-06-15 02:46:20,0006E239ED,K80
2020-06-15 02:46:23,000783CB2B,K80
2020-06-15 02:46:51,0006B34FE4,K80
2020-06-15 02:47:29,0007ABDCCF,K80
2020-06-15 02:49:07,00074EEC1A,K80
2020-06-15 02:49:43,0007ABF44A,K80
2020-06-15 02:50:48,00075B22B0,K80
2020-06-15 02:52:27,0007ABD629,K80
2020-06-15 02:53:56,0007AC5939,K80
2020-06-15 02:58:41,0006B3BF04,K80
2020-06-15 03:00:34,0006B3AC35,K80
2020-06-15 03:08:35,0007ABC5F2,K80
2020-06-15 03:08:45,0006B34FE4,K80
2020-06-15 03:09:33,00075D076C,K80
2020-06-15 03:12:22,0007AC80F1,K80
2020-06-15 03:13:37,000783F377,K80
2020-06-15 03:13:45,0007ABD629,K80
2020-06-15 03:15:42,0006B3BF04,K80
2020-06-15 03:18:16,00075B29B2,K80
2020-06-15 03:20:11,0006E241C1,K80
2020-06-15 03:21:11,0007AC5939,K80
2020-06-15 03:21:41,0007ABDCCF,K80
2020-06-15 03:22:23,00068E377E,K80
2020-06-15 03:23:46,0006E24C7B,K80
2020-06-15 03:23:57,000783F377,K80
2020-06-15 03:24:03,00079A0255,K80
2020-06-15 03:27:33,00074EEC1A,K80
2020-06-15 03:29:14,000788A24D,K80
2020-06-15 03:30:37,000783CB2B,K80
2020-06-15 03:30:45,0007AC80F1,K80
2020-06-15 03:34:55,0006E241C1,K80
2020-06-15 03:37:49,0007ABDCCF,K80
2020-06-15 03:39:36,00074EEC1A,K80
2020-06-15 03:40:28,0007ABA539,K80
2020-06-15 03:44:32,000786D14D,K80
2020-06-15 03:46:29,00074F7C6F,K80
2020-06-15 03:47:50,000783CB2B,K80
2020-06-15 03:49:44,0007AC5939,K80
2020-06-15 03:54:09,0006E24C7B,K80
2020-06-15 04:04:08,0007AC5939,K80
2020-06-15 04:15:59,0006B3AC35,K80
2020-06-15 04:21:06,0007AC44BD,K80
2020-06-15 04:22:30,0007ABF44A,K80
2020-06-15 04:37:38,0007AC80F1,K80
2020-06-15 04:37:47,0006E241C1,K80
2020-06-15 04:38:02,0006E239ED,K80
2020-06-15 04:38:04,00074EEC1A,K80
2020-06-15 04:38:29,00071E15BF,K80
2020-06-15 04:38:58,0007AC5939,K80
2020-06-15 04:39:33,0007ABD629,K80
2020-06-15 04:40:45,0006B34FE4,K80
2020-06-15 04:44:04,00075B22B0,K80
2020-06-15 04:44:15,0006B3BF04,K80
2020-06-15 04:46:39,00075D879F,K80
2020-06-15 04:47:53,000786D14D,K80
2020-06-15 04:50:03,0006E24ECA,K80
2020-06-15 04:50:29,00079A0255,K80
2020-06-15 04:50:54,0006E24C7B,K80
2020-06-15 04:51:06,0007ABDCCF,K80
2020-06-15 04:56:52,0007ABF44A,K80
2020-06-15 05:06:43,000783F377,K80
2020-06-15 05:18:56,0007ABF44A,K80
2020-06-16 11:06:25,0006CC23D6,K94
2020-06-16 11:52:19,0006CC23D6,K80
2020-06-16 21:15:02,00074F7C6F,K94
2020-06-16 21:16:58,0007ABDCCF,K94
2020-06-16 21:18:52,0006B34FE4,K94
2020-06-16 21:20:03,0007AC80F1,K94
2020-06-16 21:20:07,0007ABD629,K94
2020-06-16 21:21:45,0007ABC5F2,K94
2020-06-16 21:23:49,000799A5EF,K94
2020-06-16 21:23:58,0007AC5939,K94
2020-06-16 21:24:13,00074F663E,K94
2020-06-16 21:25:00,00079A0255,K94
2020-06-16 21:25:49,0006B3BF04,K94
2020-06-16 21:26:16,0006E24C7B,K94
2020-06-16 21:26:37,000783CB2B,K94
2020-06-16 21:26:53,0007ABF44A,K94
2020-06-16 21:27:24,00075D879F,K94
2020-06-16 21:27:30,00075B29B2,K94
2020-06-16 21:27:49,000786D14D,K94
2020-06-16 21:28:36,0007AC44BD,K94
2020-06-16 21:29:25,0006E239ED,K94
2020-06-16 21:32:23,0006B3AC35,K94
2020-06-16 21:40:40,0007AC44BD,K94
2020-06-16 21:44:07,00071E2D31,K94
2020-06-16 21:46:00,00068E377E,K94
2020-06-16 21:46:55,0006CC24E9,K94
2020-06-16 21:48:04,0006E24ECA,K80
2020-06-16 21:48:46,0007ABA539,K94
2020-06-16 21:49:27,00075B22B0,K80
2020-06-16 21:54:17,00071E15BF,K80
2020-06-16 22:01:30,00075D076C,K80
2020-06-16 22:02:18,00075CE063,K94
2020-06-16 22:06:46,00074EEC1A,K80
2020-06-16 22:32:14,0006E24C7B,K94
2020-06-16 22:44:00,0006E24C7B,K94
2020-06-16 22:53:29,000783CB2B,K94
2020-06-16 22:53:54,0007AC80F1,K94
2020-06-16 22:56:21,0007AC5939,K94
2020-06-16 22:56:28,000783F377,K94
2020-06-16 22:56:32,0007ABDCCF,K94
2020-06-16 23:02:54,0006E239ED,K94
2020-06-16 23:03:40,00079A0255,K94
2020-06-16 23:06:10,00075D879F,K94
2020-06-16 23:07:34,00074F663E,K94
2020-06-16 23:08:06,000783F377,K94
2020-06-16 23:08:52,0006B3AC35,K94
2020-06-16 23:09:41,00075CE063,K94
2020-06-16 23:10:21,00075B29B2,K94
2020-06-16 23:10:39,0006B34FE4,K94
2020-06-16 23:12:47,0007AC5939,K94
2020-06-16 23:13:19,00074F7C6F,K94
2020-06-16 23:21:28,0006E24ECA,K94
2020-06-16 23:22:56,0006E24C7B,K94
2020-06-16 23:23:02,00071E15BF,K94
2020-06-16 23:24:59,0007ABD629,K94
2020-06-16 23:27:44,0006B3BF04,K94
2020-06-16 23:28:51,0007ABF44A,K94
2020-06-16 23:29:10,000783CB2B,K94
2020-06-16 23:30:06,0006E241C1,K94
2020-06-16 23:31:36,000786D14D,K94
2020-06-16 23:31:50,0006B3AC35,K94
2020-06-16 23:33:41,0006E24ECA,K80
2020-06-16 23:41:35,0006E24C7B,K94
2020-06-16 23:42:13,00075B22B0,K94
2020-06-16 23:46:07,0007ABC5F2,K94
2020-06-16 23:47:43,00071E15BF,K94
2020-06-16 23:48:21,0007AC5939,K94
2020-06-16 23:53:22,0006E24ECA,K94
2020-06-16 23:56:06,00075D879F,K94
2020-06-16 23:57:15,00074F663E,K94
2020-06-17 00:00:22,00075B22B0,K94
2020-06-17 00:05:35,0007ABDCCF,K94
2020-06-17 00:05:39,0007AC5939,K94
2020-06-17 00:10:41,000783F377,K94
2020-06-17 00:14:46,00075CE063,K94
2020-06-17 00:16:55,00074F7C6F,K94
2020-06-17 00:17:11,00079A0255,K94
2020-06-17 00:17:47,0006E239ED,K94
2020-06-17 00:20:51,00075B29B2,K94
2020-06-17 00:23:33,00074EEC1A,K94
2020-06-17 00:23:39,0006B3AC35,K94
2020-06-17 00:34:02,0007AC44BD,K94
2020-06-17 00:35:37,0007AC80F1,K94
2020-06-17 00:36:07,0006E239ED,K94
2020-06-17 00:36:21,0007ABC5F2,K94
2020-06-17 00:38:29,0007ABF44A,K94
2020-06-17 00:41:10,000783CB2B,K94
2020-06-17 00:42:17,0006B3AC35,K94
2020-06-17 00:46:07,0007AC5939,K94
2020-06-17 00:48:20,00075D076C,K94
2020-06-17 00:48:59,0006E24C7B,K94
2020-06-17 00:51:41,000786B8A2,K94
2020-06-17 00:52:09,0007AC44BD,K94
2020-06-17 00:52:30,00075D879F,K94
2020-06-17 00:53:13,000788A24D,K94
2020-06-17 00:54:29,0007ABD629,K94
2020-06-17 00:56:02,0006E241C1,K94
2020-06-17 00:56:59,00074EEC1A,K94
2020-06-17 00:58:48,000786D14D,K94
2020-06-17 01:01:40,0007AC5939,K94
2020-06-17 01:06:05,000786B8A2,K94
2020-06-17 01:07:22,0006E24C7B,K94
2020-06-17 01:07:27,00074F7C6F,K94
2020-06-17 01:08:49,000786D14D,K94
2020-06-17 01:09:56,0006E241C1,K94
2020-06-17 01:12:39,00075CE063,K94
2020-06-17 01:15:03,0006B34FE4,K94
2020-06-17 01:15:12,00075D076C,K94
2020-06-17 01:15:43,0007ABD629,K94
2020-06-17 01:20:57,0007ABDCCF,K94
2020-06-17 01:23:27,000783CB2B,K94
2020-06-17 01:25:49,00074EEC1A,K94
2020-06-17 01:28:35,00074F7C6F,K94
2020-06-17 01:36:30,0007ABF44A,K94
2020-06-17 01:37:59,00079A0255,K94
2020-06-17 01:42:06,00071E2D31,K94
2020-06-17 01:45:14,0006B3BF04,K94
2020-06-17 01:45:32,00075CE063,K94
2020-06-17 01:47:03,0006E24ECA,K94
2020-06-17 01:47:25,0007AC5939,K94
2020-06-17 01:48:19,00075B29B2,K94
2020-06-17 01:48:54,0007AC44BD,K94
2020-06-17 01:51:11,00074F663E,K94
2020-06-17 01:55:38,00068E377E,K94
2020-06-17 01:59:19,0006E24C7B,K94
2020-06-17 01:59:43,0007ABC5F2,K94
2020-06-17 02:02:21,0006B3AC35,K94
2020-06-17 02:03:05,00075D879F,K94
2020-06-17 02:04:08,0007AC44BD,K94
2020-06-17 02:06:07,0007AC80F1,K94
2020-06-17 02:06:39,00071E15BF,K94
2020-06-17 02:07:31,0007AC5939,K94
2020-06-17 02:09:44,00068E377E,K94
2020-06-17 02:11:23,0006E239ED,K94
2020-06-17 02:16:10,0006B3AC35,K94
2020-06-17 02:18:03,0007ABDCCF,K94
2020-06-17 02:19:11,00071E15BF,K94
2020-06-17 02:20:16,00075CE063,K94
2020-06-17 02:20:50,0006B34FE4,K94
2020-06-17 02:23:53,0006E24C7B,K94
2020-06-17 02:26:38,0007ABF44A,K94
2020-06-17 02:28:34,00075D076C,K94
2020-06-17 02:30:31,0006E239ED,K94
2020-06-17 02:47:09,0006E241C1,K94
2020-06-17 02:47:56,00071E15BF,K94
2020-06-17 02:47:58,0007AC44BD,K94
2020-06-17 02:51:02,00068E377E,K94
2020-06-17 02:51:29,00074F663E,K94
2020-06-17 02:51:50,0007ABC5F2,K94
2020-06-17 02:52:08,0006B3B75C,K94
2020-06-17 02:52:34,000786D14D,K94
2020-06-17 02:54:10,00079A0255,K94
2020-06-17 02:56:15,000783F377,K94
2020-06-17 02:58:30,0006B3BF04,K94
2020-06-17 02:59:50,0006E241C1,K94
2020-06-17 03:00:00,0007AC44BD,K94
2020-06-17 03:01:25,0007AC5939,K94
2020-06-17 03:03:00,0007ABC5F2,K94
2020-06-17 03:05:54,00068E377E,K94
2020-06-17 03:07:41,00075D879F,K94
2020-06-17 03:07:52,000788A24D,K94
2020-06-17 03:09:07,000783CB2B,K94
2020-06-17 03:13:27,00071E2D31,K94
2020-06-17 03:15:07,00075D076C,K94
2020-06-17 03:15:12,0007AC5939,K94
2020-06-17 03:17:25,00074EEC1A,K94
2020-06-17 03:18:26,0007AC44BD,K94
2020-06-17 03:18:40,0006CC24E9,K94
2020-06-17 03:18:59,00075CE063,K94
2020-06-17 03:22:20,00071E15BF,K94
2020-06-17 03:24:24,00074F7C6F,K94
2020-06-17 03:27:16,0006E24ECA,K94
2020-06-17 03:27:18,00075B29B2,K94
2020-06-17 03:27:28,00074EEC1A,K94
2020-06-17 03:28:06,0006E24C7B,K94
2020-06-17 03:30:32,00075B22B0,K94
2020-06-17 03:33:10,0007ABF44A,K94
2020-06-17 03:36:26,0006B3AC35,K94
2020-06-17 03:50:43,0006B3AC35,K94
2020-06-17 03:54:58,00071E15BF,K94
2020-06-17 03:59:46,00068E1731,K94
2020-06-17 04:03:25,0006E239ED,K94
2020-06-17 04:07:05,00075D879F,K94
2020-06-17 04:15:24,0007ABC5F2,K94
2020-06-17 04:16:08,0007AC44BD,K94
2020-06-17 04:17:40,00074EEC1A,K94
2020-06-17 04:19:58,0007ABA539,K94
2020-06-17 04:22:22,000783F377,K94
2020-06-17 04:22:50,00071E2D31,K94
2020-06-17 04:26:29,0006CC24E9,K94
2020-06-17 04:27:08,000799A5EF,K94
2020-06-17 04:27:56,0006E241C1,K94
2020-06-17 04:29:58,0006B3AC35,K94
2020-06-17 04:32:31,00068E1731,K94
2020-06-17 04:42:15,0007AC5939,K94
2020-06-17 04:43:11,000788A24D,K94
2020-06-17 04:43:15,00068E1731,K94
2020-06-17 04:43:40,0006B3B75C,K94
2020-06-17 04:52:59,0006E24C7B,K94
2020-06-17 04:53:11,0007ABF44A,K94
2020-06-17 04:59:09,000799A5EF,K94
2020-06-17 04:59:46,000788A24D,K94
2020-06-17 05:04:44,0007ABA539,K94
2020-06-17 05:21:13,00068E1731,K94
2020-06-17 05:24:18,0006E24ECA,K94
2020-06-17 05:26:58,0006B34FE4,K94
2020-06-17 05:42:25,0007ABF44A,K94
2020-06-17 05:45:27,00074EEC1A,K94
2020-06-17 05:50:10,0006E24C7B,K94
2020-06-17 05:57:58,0006B3AC35,K94
2020-06-17 11:16:33,0007AC5939,K94
2020-06-17 11:47:04,000783CB2B,K94
2020-06-17 12:26:12,0007AC5939,K94
2020-06-18 10:47:11,0006CC23D6,K94
2020-06-18 15:01:48,00068E1731,K94
2020-06-18 15:14:50,00068E1731,K94
2020-06-18 15:58:30,0006E24ECA,K94
2020-06-18 16:35:37,00068E1731,K94
2020-06-18 17:52:29,000783CB2B,K94
2020-06-18 19:34:04,00074EEC1A,K94
2020-06-18 19:44:05,00074EEC1A,K94
2020-06-18 19:54:06,00074EEC1A,K94
2020-06-18 20:02:56,0006E24ECA,K94
2020-06-18 20:33:25,00075B29B2,K94
2020-06-18 20:55:21,0007ABD629,K94
2020-06-18 21:08:34,00074F7C6F,K94
2020-06-18 21:10:52,0006E241C1,K94
2020-06-18 21:17:57,00074EEC1A,K94
2020-06-18 21:18:23,0006B34FE4,K94
2020-06-18 21:19:17,00074F7C6F,K94
2020-06-18 21:21:46,0006B3BF04,K94
2020-06-18 21:22:06,0006B3AC35,K94
2020-06-18 21:22:20,000783F377,K94
2020-06-18 21:24:32,00075D879F,K94
2020-06-18 21:24:36,0006E24ECA,K94
2020-06-18 21:25:01,00075B29B2,K94
2020-06-18 21:25:11,00074F663E,K94
2020-06-18 21:25:13,0006E24C7B,K94
2020-06-18 21:25:16,0007ABD629,K94
2020-06-18 21:25:28,00068E1731,K94
2020-06-18 21:25:33,00079A0255,K94
2020-06-18 21:29:39,0007AC5939,K94
2020-06-18 21:29:52,00075B22B0,K94
2020-06-18 21:30:30,00068E377E,K94
2020-06-18 21:30:32,0007ABDCCF,K94
2020-06-18 21:30:43,0007ABC5F2,K94
2020-06-18 21:30:45,0007AC44BD,K94
2020-06-18 21:32:58,0006B3AC35,K80
2020-06-18 21:33:55,000786D14D,K94
2020-06-18 21:34:18,0007ABF44A,K94
2020-06-18 21:35:12,0006E239ED,K94
2020-06-18 21:35:30,00075CE063,K94
2020-06-18 21:35:35,00071E15BF,K94
2020-06-18 21:39:25,0007ABA539,K94
2020-06-18 21:39:52,00075D076C,K94
2020-06-18 21:45:57,00071E2D31,K94
2020-06-18 22:32:04,00074EEC1A,K94
2020-06-18 22:34:30,0006E24C7B,K94
2020-06-18 22:46:45,00079A0255,K94
2020-06-18 22:49:43,0006E24C7B,K94
2020-06-18 22:50:10,0006B3AC35,K94
2020-06-18 22:50:27,00074EEC1A,K94
2020-06-18 22:51:33,00075CE063,K94
2020-06-18 22:54:34,0006B3BF04,K94
2020-06-18 22:55:41,0006E239ED,K94
2020-06-18 22:57:04,0007AC5939,K94
2020-06-18 22:58:23,0006B34FE4,K94
2020-06-18 22:58:31,0007ABF44A,K94
2020-06-18 22:58:33,0006E241C1,K94
2020-06-18 22:59:18,00068E1731,K94
2020-06-18 23:04:40,0006B3AC35,K94
2020-06-18 23:06:27,0006E239ED,K94
2020-06-18 23:11:37,0007ABA539,K94
2020-06-18 23:13:09,0007AC5939,K94
2020-06-18 23:13:49,00074F7C6F,K94
2020-06-18 23:15:48,0007ABDCCF,K94
2020-06-18 23:18:42,0006E24ECA,K94
2020-06-18 23:22:11,0007ABD629,K94
2020-06-18 23:22:38,0007ABC5F2,K94
2020-06-18 23:27:07,000783CB2B,K94
2020-06-18 23:31:06,000786D14D,K94
2020-06-18 23:31:10,00075B22B0,K94
2020-06-18 23:33:17,0007ABA539,K94
2020-06-18 23:37:49,00071E15BF,K94
2020-06-18 23:37:52,00068E377E,K94
2020-06-18 23:39:01,0006E24C7B,K94
2020-06-18 23:40:14,00074F663E,K94
2020-06-18 23:41:09,00075D879F,K94
2020-06-18 23:42:09,00075D076C,K94
2020-06-18 23:43:09,00075B29B2,K94
2020-06-18 23:43:48,00075CE063,K94
2020-06-18 23:44:10,0006B3AC35,K94
2020-06-18 23:46:56,000783F377,K94
2020-06-18 23:47:22,00079A0255,K94
2020-06-18 23:51:31,0007ABD629,K94
2020-06-18 23:51:57,0006E24C7B,K94
2020-06-18 23:52:41,000788A24D,K94
2020-06-18 23:53:30,00071E15BF,K94
2020-06-18 23:53:49,0007ABDCCF,K94
2020-06-18 23:54:27,0006B34FE4,K94
2020-06-18 23:54:57,00074EEC1A,K94
2020-06-18 23:55:06,0007ABF44A,K94
2020-06-18 23:55:12,0006B3AC35,K94
2020-06-18 23:55:31,000783CB2B,K94
2020-06-19 00:01:11,0006E241C1,K94
2020-06-19 00:03:28,00074F7C6F,K94
2020-06-19 00:05:14,00075CE063,K94
2020-06-19 00:07:03,0006B3BF04,K94
2020-06-19 00:09:12,00074EEC1A,K94
2020-06-19 00:10:51,0007AC5939,K94
2020-06-19 00:11:20,0006E241C1,K94
2020-06-19 00:12:21,00068E377E,K94
2020-06-19 00:19:00,00075B29B2,K94
2020-06-19 00:20:48,0007ABDCCF,K94
2020-06-19 00:21:44,000786D14D,K94
2020-06-19 00:22:24,0007AC5939,K94
2020-06-19 00:26:04,0007ABA539,K94
2020-06-19 00:30:55,00075B29B2,K94
2020-06-19 00:31:27,0007ABDCCF,K94
2020-06-19 00:33:04,0006B3AC35,K94
2020-06-19 00:37:19,0007ABC5F2,K94
2020-06-19 00:43:57,00075B22B0,K94
2020-06-19 00:44:50,00075D879F,K94
2020-06-19 00:47:08,000783CB2B,K94
2020-06-19 00:47:35,00074F663E,K94
2020-06-19 00:47:51,0007ABA539,K94
2020-06-19 00:47:58,00079A0255,K94
2020-06-19 00:48:51,00068E377E,K94
2020-06-19 00:50:14,000788A24D,K94
2020-06-19 00:53:00,0006E239ED,K94
2020-06-19 00:53:14,0006E24C7B,K94
2020-06-19 00:53:31,00068E1731,K94
2020-06-19 00:58:36,00074F663E,K94
2020-06-19 01:02:29,0007ABDCCF,K94
2020-06-19 01:03:13,0006B3B75C,K94
2020-06-19 01:03:42,000783F377,K94
2020-06-19 01:04:50,00074F7C6F,K94
2020-06-19 01:05:01,0006B34FE4,K94
2020-06-19 01:05:16,0007ABF44A,K94
2020-06-19 01:06:52,00074EEC1A,K94
2020-06-19 01:06:57,0007AC5939,K94
2020-06-19 01:07:02,0006E241C1,K94
2020-06-19 01:11:14,0006CC24E9,K94
2020-06-19 01:12:41,00075D879F,K94
2020-06-19 01:16:34,00075CE063,K94
2020-06-19 01:16:43,00075D076C,K94
2020-06-19 01:17:12,0006E24C7B,K94
2020-06-19 01:17:52,0006E241C1,K94
2020-06-19 01:19:06,00071E2D31,K94
2020-06-19 01:21:59,0007AC5939,K94
2020-06-19 01:23:38,00074F7C6F,K94
2020-06-19 01:24:05,00079A0255,K94
2020-06-19 01:27:00,0007ABC5F2,K94
2020-06-19 01:27:56,00074EEC1A,K94
2020-06-19 01:30:07,00075B29B2,K94
2020-06-19 01:30:08,0006CC24E9,K94
2020-06-19 01:30:41,0007ABA539,K94
2020-06-19 01:30:57,0007ABD629,K94
2020-06-19 01:31:32,000783CB2B,K94
2020-06-19 01:32:44,0006B3BF04,K94
2020-06-19 01:33:57,00075B22B0,K94
2020-06-19 01:43:21,0006E24ECA,K94
2020-06-19 01:43:36,0006CC24E9,K94
2020-06-19 01:48:27,000788A24D,K94
2020-06-19 01:50:42,0006E24C7B,K94
2020-06-19 01:52:45,0007ABF44A,K94
2020-06-19 01:54:35,000783CB2B,K94
2020-06-19 01:56:18,00074F663E,K94
2020-06-19 01:57:36,0006E241C1,K94
2020-06-19 01:57:43,0007AC5939,K94
2020-06-19 02:01:11,00074F7C6F,K94
2020-06-19 02:05:55,00079A0255,K94
2020-06-19 02:05:58,0006CC24E9,K94
2020-06-19 02:06:16,0007ABA539,K94
2020-06-19 02:06:44,0007ABDCCF,K94
2020-06-19 02:10:29,0006B34FE4,K94
2020-06-19 02:12:18,00068E1731,K94
2020-06-19 02:12:24,00068E377E,K94
2020-06-19 02:15:05,00075CE063,K94
2020-06-19 02:15:21,0006E24ECA,K94
2020-06-19 02:17:10,0007AC5939,K94
2020-06-19 02:20:42,0007ABD629,K94
2020-06-19 02:26:02,000783F377,K94
2020-06-19 02:30:07,00075D076C,K94
2020-06-19 02:32:53,0006E24C7B,K94
2020-06-19 02:37:05,00075B22B0,K94
2020-06-19 02:39:02,00079A0255,K94
2020-06-19 02:39:51,0006B34FE4,K94
2020-06-19 02:40:36,00074EEC1A,K94
2020-06-19 02:44:03,0007ABC5F2,K94
2020-06-19 02:47:00,0007ABF44A,K94
2020-06-19 02:48:08,00074F7C6F,K94
2020-06-19 02:50:49,00075CE063,K94
2020-06-19 02:54:28,0007AC5939,K94
2020-06-19 02:55:39,00079A0255,K94
2020-06-19 02:57:26,0007ABA539,K94
2020-06-19 02:59:22,000788A24D,K94
2020-06-19 03:04:03,000783F377,K94
2020-06-19 03:04:14,00075D879F,K94
2020-06-19 03:04:23,0007ABDCCF,K94
2020-06-19 03:06:54,00074F663E,K94
2020-06-19 03:07:44,0007AC5939,K94
2020-06-19 03:10:11,00075D076C,K94
2020-06-19 03:10:30,00075CE063,K94
2020-06-19 03:23:49,00071E15BF,K94
2020-06-19 03:28:12,00074F7C6F,K94
2020-06-19 03:28:50,00068E1731,K94
2020-06-19 03:34:46,000783CB2B,K94
2020-06-19 03:39:41,0007ABF44A,K94
2020-06-19 03:39:43,00075B22B0,K94
2020-06-19 03:42:01,00075CE063,K94
2020-06-19 03:42:36,00068E377E,K94
2020-06-19 03:48:52,00079A0255,K94
2020-06-19 03:49:55,000783CB2B,K94
2020-06-19 04:11:52,0007ABA539,K94
2020-06-19 04:37:36,0007AC5939,K94
2020-06-19 04:38:04,00075CE063,K94
2020-06-19 04:39:52,0007ABA539,K94
2020-06-19 04:42:22,00071E15BF,K94
2020-06-19 04:46:31,00079A0255,K94
2020-06-19 05:03:11,00074F7C6F,K94
2020-06-19 21:30:38,00074F663E,K94
2020-06-19 21:31:32,00074F7C6F,K94
2020-06-19 21:31:37,00075B22B0,K94
2020-06-19 21:31:48,00071E15BF,K94
2020-06-19 21:32:27,0007ABF44A,K94
2020-06-19 21:32:30,0006E241C1,K42
2020-06-19 21:33:09,00075CE063,K94
2020-06-19 21:33:22,0007ABA539,K94
2020-06-19 21:34:45,00068E377E,K94
2020-06-19 21:35:14,0006E239ED,K42
2020-06-19 21:35:14,0007AC5939,K94
2020-06-19 21:36:31,0006B34FE4,K42
2020-06-19 21:36:47,0006E24C7B,K42
2020-06-19 21:36:51,0006B3BF04,K42
2020-06-19 21:37:10,0007ABC5F2,K42
2020-06-19 21:37:12,000799A5EF,K42
2020-06-19 21:37:31,000783CB2B,K42
2020-06-19 21:37:52,0007ABDCCF,K42
2020-06-19 21:38:57,0006B3B75C,K94
2020-06-19 21:39:05,00079A0255,K94
2020-06-19 21:39:15,0006B3AC35,K42
2020-06-19 21:39:22,00068E1731,K94
2020-06-19 21:39:24,000786D14D,K42
2020-06-19 21:39:40,00071E2D31,K94
2020-06-19 21:42:36,00075B29B2,K42
2020-06-19 21:43:02,00074EEC1A,K42
2020-06-19 21:44:12,000786B8A2,K42
2020-06-19 21:45:06,00079AAA3C,K42
2020-06-19 21:45:07,0006E24ECA,K42
2020-06-19 21:45:15,000788A24D,K42
2020-06-19 21:45:20,000783F377,K42
2020-06-19 21:48:37,0006CC24E9,K42
2020-06-19 21:51:46,00075D076C,K42
2020-06-19 21:56:54,0007AC44BD,K42
2020-06-19 22:24:35,0006E24C7B,K42
2020-06-19 22:30:03,000786B8A2,K94
2020-06-19 22:32:39,0006B3AC35,K42
2020-06-19 22:32:58,00074F7C6F,K94
2020-06-19 22:33:59,00074F663E,K42
2020-06-19 22:37:42,00074EEC1A,K42
2020-06-19 22:38:01,00068E377E,K94
2020-06-19 22:38:05,0006E24C7B,K42
2020-06-19 22:40:50,00075B22B0,K42
2020-06-19 22:42:01,00075CE063,K42
2020-06-19 22:43:59,0006B3AC35,K42
2020-06-19 22:45:12,00074F7C6F,K94
2020-06-19 22:46:26,0006E239ED,K42
2020-06-19 22:48:48,0007ABF44A,K94
2020-06-19 22:48:48,000783CB2B,K42
2020-06-19 22:50:03,0007AC5939,K42
2020-06-19 22:50:48,0006B34FE4,K94
2020-06-19 22:51:40,00074F663E,K42
2020-06-19 22:52:47,00079A0255,K94
2020-06-19 22:54:55,00075CE063,K94
2020-06-19 22:59:42,0006E24C7B,K42
2020-06-19 23:00:12,0006E239ED,K42
2020-06-19 23:00:45,0007ABDCCF,K42
2020-06-19 23:02:48,0007AC5939,K94
2020-06-19 23:02:59,00074F7C6F,K42
2020-06-19 23:07:09,00075CE063,K42
2020-06-19 23:08:54,00074EEC1A,K42
2020-06-19 23:09:53,0006E24C7B,K42
2020-06-19 23:16:24,00068E377E,K94
2020-06-19 23:17:33,0006B3BF04,K42
2020-06-19 23:17:46,0007ABA539,K94
2020-06-19 23:19:37,0006B34FE4,K42
2020-06-19 23:21:39,00075D879F,K94
2020-06-19 23:24:14,00074F7C6F,K42
2020-06-19 23:24:17,00075B29B2,K42
2020-06-19 23:25:24,0007ABD629,K42
2020-06-19 23:29:06,0006B3AC35,K42
2020-06-19 23:30:38,00068E1731,K94
2020-06-19 23:32:38,000786D14D,K42
2020-06-19 23:34:15,0007ABF44A,K94
2020-06-19 23:34:18,00074F663E,K94
2020-06-19 23:34:52,0006B3BF04,K42
2020-06-19 23:36:22,0007ABA539,K94
2020-06-19 23:37:07,0007AC80F1,K42
2020-06-19 23:39:04,0007AC5939,K94
2020-06-19 23:41:55,000783CB2B,K42
2020-06-19 23:43:22,0006E241C1,K42
2020-06-19 23:43:37,00075D076C,K94
2020-06-19 23:44:40,0007ABD629,K42
2020-06-19 23:48:24,00075B29B2,K42
2020-06-19 23:50:41,0007ABC5F2,K42
2020-06-19 23:50:49,0006E24ECA,K42
2020-06-19 23:51:16,00074F663E,K42
2020-06-19 23:52:28,0007ABDCCF,K42
2020-06-19 23:52:39,00079A0255,K94
2020-06-19 23:53:46,0007AC80F1,K42
2020-06-19 23:56:26,0006E241C1,K42
2020-06-19 23:56:56,0006B3AC35,K42
2020-06-19 23:59:18,0007AC44BD,K42
2020-06-19 23:59:52,00071E15BF,K94
2020-06-20 00:01:53,0007AC5939,K42
2020-06-20 00:03:07,000783F377,K42
2020-06-20 00:03:41,00075D879F,K94
2020-06-20 00:07:48,0007AC80F1,K42
2020-06-20 00:08:14,0006CC24E9,K42
2020-06-20 00:09:42,0006B3AC35,K42
2020-06-20 00:11:47,00075CE063,K42
2020-06-20 00:12:21,0007ABF44A,K94
2020-06-20 00:13:22,0007AC44BD,K42
2020-06-20 00:13:29,0006E24C7B,K42
2020-06-20 00:14:51,0006E239ED,K42
2020-06-20 00:17:32,00071E15BF,K94
2020-06-20 00:25:21,0006E24C7B,K42
2020-06-20 00:25:38,0007ABF44A,K94
2020-06-20 00:28:09,0006CC24E9,K42
2020-06-20 00:29:45,0007ABC5F2,K42
2020-06-20 00:33:13,0006E239ED,K42
2020-06-20 00:34:29,0006B34FE4,K94
2020-06-20 00:35:12,000783F377,K42
2020-06-20 00:38:00,00068E377E,K94
2020-06-20 00:39:26,00075D879F,K94
2020-06-20 00:40:57,000786D14D,K42
2020-06-20 00:42:27,0007ABD629,K42
2020-06-20 00:42:36,00074F663E,K42
2020-06-20 00:42:55,000786B8A2,K42
2020-06-20 00:46:38,000783F377,K42
2020-06-20 00:47:03,0006B34FE4,K42
2020-06-20 00:50:36,0006B3AC35,K42
2020-06-20 00:51:07,00075D076C,K42
2020-06-20 00:51:43,000786D14D,K42
2020-06-20 00:52:12,00068E1731,K94
2020-06-20 00:52:16,0006B3B75C,K42
2020-06-20 00:52:42,00079A0255,K42
2020-06-20 00:55:02,0006CC24E9,K42
2020-06-20 00:55:52,0007ABDCCF,K42
2020-06-20 00:56:53,0007ABD629,K42
2020-06-20 00:57:52,0006B3BF04,K42
2020-06-20 00:57:59,00068E377E,K42
2020-06-20 01:00:18,0007AC5939,K42
2020-06-20 01:00:19,00075B22B0,K94
2020-06-20 01:00:31,00075B29B2,K42
2020-06-20 01:02:10,0006E241C1,K42
2020-06-20 01:03:16,00079A0255,K94
2020-06-20 01:05:21,00075D879F,K42
2020-06-20 01:05:31,000788A24D,K42
2020-06-20 01:07:38,0007ABF44A,K94
2020-06-20 01:08:40,0006B3AC35,K42
2020-06-20 01:09:48,0006E24ECA,K42
2020-06-20 01:12:04,00071E2D31,K94
2020-06-20 01:14:04,0007AC5939,K42
2020-06-20 01:14:07,0006E241C1,K42
2020-06-20 01:16:16,00075CE063,K42
2020-06-20 01:16:51,00074EEC1A,K42
2020-06-20 01:17:27,0007ABC5F2,K42
2020-06-20 01:17:29,0007ABA539,K94
2020-06-20 01:18:07,00075D879F,K42
2020-06-20 01:18:46,0007AC44BD,K42
2020-06-20 01:19:29,0007AC80F1,K42
2020-06-20 01:20:57,00075B29B2,K42
2020-06-20 01:21:29,00075B22B0,K42
2020-06-20 01:21:53,0006E24C7B,K42
2020-06-20 01:24:19,00068E377E,K94
2020-06-20 01:25:10,0006B3BF04,K42
2020-06-20 01:25:38,000783CB2B,K42
2020-06-20 01:31:51,00075B22B0,K42
2020-06-20 01:32:08,00071E2D31,K94
2020-06-20 01:33:29,0006B34FE4,K94
2020-06-20 01:34:46,0007ABD629,K94
2020-06-20 01:35:25,00074F7C6F,K42
2020-06-20 01:36:14,0006E24C7B,K42
2020-06-20 01:40:51,0007ABA539,K94
2020-06-20 01:41:00,0007ABDCCF,K42
2020-06-20 01:42:53,0007ABF44A,K94
2020-06-20 01:45:19,00071E2D31,K42
2020-06-20 01:45:31,000788A24D,K42
2020-06-20 01:46:56,00079A0255,K42
2020-06-20 01:48:58,00075B22B0,K42
2020-06-20 01:51:17,0007ABD629,K42
2020-06-20 01:51:59,00068E377E,K42
2020-06-20 01:53:52,0006E239ED,K42
2020-06-20 01:54:02,00079AAA3C,K42
2020-06-20 01:57:50,00074F7C6F,K42
2020-06-20 02:00:16,00079A0255,K42
2020-06-20 02:02:05,0006B3AC35,K42
2020-06-20 02:02:38,0006B34FE4,K42
2020-06-20 02:04:00,0006CC24E9,K42
2020-06-20 02:04:33,00071E15BF,K94
2020-06-20 02:08:19,000783F377,K42
2020-06-20 02:09:51,000786D14D,K42
2020-06-20 02:12:34,0007AC5939,K42
2020-06-20 02:13:43,00079AAA3C,K42
2020-06-20 02:15:42,00074EEC1A,K42
2020-06-20 02:15:54,000783CB2B,K42
2020-06-20 02:16:52,00075CE063,K42
2020-06-20 02:17:59,00071E15BF,K94
2020-06-20 02:19:28,0006E24C7B,K42
2020-06-20 02:19:37,00075D879F,K42
2020-06-20 02:19:42,0006E239ED,K42
2020-06-20 02:20:26,000788A24D,K42
2020-06-20 02:20:52,00074F663E,K42
2020-06-20 02:21:18,0006B3AC35,K42
2020-06-20 02:21:20,0007ABC5F2,K42
2020-06-20 02:21:37,000783F377,K42
2020-06-20 02:22:01,00074F7C6F,K42
2020-06-20 02:23:55,0006CC24E9,K42
2020-06-20 02:25:18,00071E2D31,K42
2020-06-20 02:25:53,0006B3BF04,K42
2020-06-20 02:28:11,0007AC5939,K42
2020-06-20 02:32:26,00075D879F,K42
2020-06-20 02:32:34,00075CE063,K42
2020-06-20 02:35:32,0007AC44BD,K42
2020-06-20 02:37:04,00075D076C,K94
2020-06-20 02:38:39,0006E24ECA,K42
2020-06-20 02:38:53,0007AC80F1,K42
2020-06-20 02:38:57,0007ABF44A,K94
2020-06-20 02:39:12,0006E24C7B,K42
2020-06-20 02:43:05,0006B3AC35,K42
2020-06-20 02:43:42,00068E1731,K94
2020-06-20 02:45:47,0006B3BF04,K42
2020-06-20 02:48:34,0006B3B75C,K42
2020-06-20 02:51:23,0006E241C1,K42
2020-06-20 02:51:34,0007AC80F1,K42
2020-06-20 02:51:41,00074EEC1A,K42
2020-06-20 02:52:50,00075D076C,K42
2020-06-20 02:52:53,000788A24D,K42
2020-06-20 02:55:09,0007ABA539,K94
2020-06-20 02:58:27,00079A0255,K42
2020-06-20 03:00:41,0007ABDCCF,K42
2020-06-20 03:02:00,0006B3AC35,K42
2020-06-20 03:02:29,0007ABD629,K42
2020-06-20 03:02:33,0007AC5939,K42
2020-06-20 03:03:29,0006E241C1,K42
2020-06-20 03:04:17,00075B22B0,K42
2020-06-20 03:04:47,00074EEC1A,K42
2020-06-20 03:04:58,000786D14D,K42
2020-06-20 03:07:13,0006E24C7B,K42
2020-06-20 03:09:28,00075B29B2,K42
2020-06-20 03:12:17,000783F377,K42
2020-06-20 03:12:41,00071E2D31,K42
2020-06-20 03:14:09,00079AAA3C,K42
2020-06-20 03:15:05,0007ABF44A,K94
2020-06-20 03:15:24,0007ABD629,K42
2020-06-20 03:18:22,0007ABDCCF,K42
2020-06-20 03:18:57,0007ABA539,K94
2020-06-20 03:19:23,0006E24C7B,K42
2020-06-20 03:21:57,00075CE063,K42
2020-06-20 03:22:03,00074F7C6F,K42
2020-06-20 03:22:31,000788A24D,K42
2020-06-20 03:23:31,000783F377,K42
2020-06-20 03:24:40,00068E377E,K42
2020-06-20 03:25:39,0006B3BF04,K42
2020-06-20 03:25:50,00079AAA3C,K42
2020-06-20 03:26:37,00075D879F,K42
2020-06-20 03:33:37,0006B34FE4,K42
2020-06-20 03:34:17,00075CE063,K42
2020-06-20 03:34:33,00075B29B2,K42
2020-06-20 03:38:09,00079A0255,K42
2020-06-20 03:38:33,0006B3AC35,K42
2020-06-20 03:47:41,000783CB2B,K42
2020-06-20 03:49:46,00079A0255,K42
2020-06-20 03:50:14,00074F663E,K42
2020-06-20 04:04:21,0007ABF44A,K94
2020-06-20 04:15:55,0007AC44BD,K42
2020-06-20 04:21:53,0006CC24E9,K42
2020-06-20 04:31:48,0006B3BF04,K42
2020-06-20 04:34:27,00074EEC1A,K42
2020-06-20 04:35:24,0007ABA539,K94
2020-06-20 04:36:21,000799A5EF,K42
2020-06-20 04:36:52,0006E239ED,K42
2020-06-20 04:37:08,00079AAA3C,K42
2020-06-20 04:37:41,00071E15BF,K94
2020-06-20 04:40:39,0006B3AC35,K42
2020-06-20 04:40:56,000783F377,K42
2020-06-20 04:41:51,00075B29B2,K42
2020-06-20 04:42:25,0007ABD629,K42
2020-06-20 04:45:15,0007AC5939,K42
2020-06-20 04:46:42,00075D879F,K42
2020-06-20 04:47:46,0007AC80F1,K42
2020-06-20 04:49:12,0006B3B75C,K42
2020-06-20 04:49:19,0006E241C1,K42
2020-06-20 04:55:43,0006E24C7B,K42
2020-06-20 04:59:34,00074F663E,K42
2020-06-20 05:09:12,0006E24C7B,K42
2020-06-20 05:12:43,000799A5EF,K42
2020-06-20 05:14:10,0006B3AC35,K42
2020-06-20 05:16:00,000786D14D,K42
2020-06-20 05:28:29,00074EEC1A,K42
2020-06-20 05:28:53,0006B3AC35,K42
2020-06-20 05:29:42,00074F663E,K42
2020-06-20 05:30:15,0006E241C1,K42
2020-06-20 05:32:04,00075B22B0,K42
2020-06-20 05:38:51,00074EEC1A,K42
2020-06-20 05:44:54,0006E241C1,K42
2020-06-20 09:11:07,00074F7C6F,K42
2020-06-20 10:00:09,00074F7C6F,K42
2020-06-20 18:51:29,0006E24ECA,K42
2020-06-20 21:30:18,0007ABA539,K94
2020-06-20 21:40:11,0006E241C1,K42
2020-06-20 21:40:39,00074F663E,K42
2020-06-20 21:41:43,00071E15BF,K94
2020-06-20 21:43:38,0006B34FE4,K42
2020-06-20 21:44:17,0006B3B75C,K94
2020-06-20 21:44:19,00075D879F,K42
2020-06-20 21:44:25,000783CB2B,K42
2020-06-20 21:44:56,00074F7C6F,K42
2020-06-20 21:45:05,0006E239ED,K42
2020-06-20 21:45:39,000799A5EF,K94
2020-06-20 21:46:06,0007ABF44A,K94
2020-06-20 21:46:21,00068E1731,K94
2020-06-20 21:46:33,00074EEC1A,K42
2020-06-20 21:47:06,00079A0255,K42
2020-06-20 21:47:38,0007ABDCCF,K42
2020-06-20 21:47:45,000786D14D,K42
2020-06-20 21:47:59,00075B22B0,K42
2020-06-20 21:48:00,0007ABC5F2,K42
2020-06-20 21:48:18,00075CE063,K42
2020-06-20 21:48:19,0006B3BF04,K42
2020-06-20 21:50:14,0006E24ECA,K42
2020-06-20 21:50:24,0007AC80F1,K42
2020-06-20 21:51:05,0007ABD629,K42
2020-06-20 21:54:09,00068E377E,K42
2020-06-20 21:54:24,0007AC5939,K42
2020-06-20 21:54:29,00079AAA3C,K42
2020-06-20 21:55:10,00075D076C,K42
2020-06-20 21:55:17,000783F377,K42
2020-06-20 21:58:57,0007AC44BD,K42
2020-06-20 22:03:14,000786B8A2,K42
2020-06-20 22:03:37,00075B29B2,K42
2020-06-20 22:06:12,00071E2D31,K42
2020-06-20 22:06:15,0006CC24E9,K42
2020-06-20 22:12:48,0006E24C7B,K42
2020-06-20 22:32:02,00074EEC1A,K42
2020-06-20 22:36:41,00074F7C6F,K42
2020-06-20 22:43:54,00074EEC1A,K42
2020-06-20 22:45:25,0006B3AC35,K42
2020-06-20 22:47:56,00074F663E,K42
2020-06-20 22:53:12,0007ABA539,K94
2020-06-20 22:55:29,00075CE063,K42
2020-06-20 22:55:47,0007ABF44A,K94
2020-06-20 22:58:15,0006B3BF04,K42
2020-06-20 22:59:49,0006E24C7B,K42
2020-06-20 23:00:09,00068E377E,K42
2020-06-20 23:06:30,0006E239ED,K42
2020-06-20 23:09:36,0007ABA539,K94
2020-06-20 23:09:44,00074EEC1A,K42
2020-06-20 23:11:33,0006B3BF04,K42
2020-06-20 23:11:38,0006E24C7B,K42
2020-06-20 23:13:03,0006B3AC35,K42
2020-06-20 23:13:07,0007ABDCCF,K42
2020-06-20 23:18:06,0007ABD629,K42
2020-06-20 23:18:18,00075B29B2,K42
2020-06-20 23:18:35,0007AC80F1,K42
2020-06-20 23:18:37,000783F377,K42
2020-06-20 23:18:52,0006E239ED,K42
2020-06-20 23:20:43,000786D14D,K42
2020-06-20 23:21:30,000783CB2B,K42
2020-06-20 23:21:38,0006E24ECA,K42
2020-06-20 23:23:23,00071E15BF,K94
2020-06-20 23:23:30,00074EEC1A,K42
2020-06-20 23:23:45,0007AC5939,K42
2020-06-20 23:24:09,00071E2D31,K94
2020-06-20 23:26:33,0006E241C1,K42
2020-06-20 23:27:20,0007ABF44A,K42
2020-06-20 23:29:03,0007AC80F1,K42
2020-06-20 23:29:54,00068E377E,K42
2020-06-20 23:30:31,00068E1731,K94
2020-06-20 23:30:59,00075D879F,K42
2020-06-20 23:31:11,00075B29B2,K42
2020-06-20 23:31:46,0007ABC5F2,K42
2020-06-20 23:32:09,000788A24D,K42
2020-06-20 23:32:10,000783F377,K42
2020-06-20 23:32:35,00075D076C,K42
2020-06-20 23:34:54,0006B34FE4,K42
2020-06-20 23:37:35,0006E239ED,K42
2020-06-20 23:38:25,00071E15BF,K94
2020-06-20 23:40:00,0006B3AC35,K42
2020-06-20 23:40:15,0006E24C7B,K94
2020-06-20 23:41:07,0007ABDCCF,K42
2020-06-20 23:42:37,00074F7C6F,K42
2020-06-20 23:42:40,0007ABF44A,K94
2020-06-20 23:42:49,0007AC5939,K42
2020-06-20 23:44:20,00075D076C,K42
2020-06-20 23:44:35,00079A0255,K42
2020-06-20 23:46:54,0006B3BF04,K42
2020-06-20 23:48:11,00068E377E,K42
2020-06-20 23:48:27,00075CE063,K42
2020-06-20 23:48:36,0006E239ED,K42
2020-06-20 23:50:14,00071E15BF,K42
2020-06-20 23:52:09,00075B22B0,K42
2020-06-20 23:54:02,0006B34FE4,K94
2020-06-20 23:54:19,00075D879F,K94
2020-06-20 23:58:29,00074EEC1A,K42
2020-06-20 23:59:22,00074F663E,K42
2020-06-20 23:59:36,0006B3AC35,K42
2020-06-20 23:59:44,0006B3BF04,K42
2020-06-21 00:00:47,000788A24D,K42
2020-06-21 00:02:54,00071E15BF,K94
2020-06-21 00:06:11,0006E24C7B,K94
2020-06-21 00:07:16,0007ABF44A,K42
2020-06-21 00:09:40,00075B29B2,K42
2020-06-21 00:10:13,000783CB2B,K42
2020-06-21 00:13:10,00071E15BF,K42
2020-06-21 00:13:23,0006B3BF04,K94
2020-06-21 00:14:54,00075CE063,K94
2020-06-21 00:14:55,0006B3AC35,K42
2020-06-21 00:16:44,0007AC80F1,K42
2020-06-21 00:17:27,0007ABA539,K94
2020-06-21 00:18:17,00074F663E,K94
2020-06-21 00:20:59,00074EEC1A,K42
2020-06-21 00:22:45,0007ABF44A,K94
2020-06-21 00:23:32,0006E24ECA,K42
2020-06-21 00:24:33,00075D879F,K42
2020-06-21 00:24:57,000786B8A2,K94
2020-06-21 00:24:59,00071E15BF,K94
2020-06-21 00:25:04,00071E2D31,K94
2020-06-21 00:27:37,0007ABD629,K42
2020-06-21 00:28:21,00074F7C6F,K42
2020-06-21 00:28:24,0007AC80F1,K42
2020-06-21 00:29:15,000786D14D,K42
2020-06-21 00:29:45,0007ABA539,K94
2020-06-21 00:30:11,00075B22B0,K94
2020-06-21 00:31:06,0007ABC5F2,K42
2020-06-21 00:33:34,0006E24ECA,K42
2020-06-21 00:34:36,0007AC5939,K42
2020-06-21 00:34:54,0007ABDCCF,K42
2020-06-21 00:36:37,00068E1731,K94
2020-06-21 00:37:05,00075D879F,K42
2020-06-21 00:38:42,00075CE063,K42
2020-06-21 00:40:56,0007ABD629,K42
2020-06-21 00:41:23,0006E24C7B,K42
2020-06-21 00:41:31,0006E239ED,K42
2020-06-21 00:42:40,0006B34FE4,K94
2020-06-21 00:43:36,00075B22B0,K42
2020-06-21 00:43:54,00071E15BF,K94
2020-06-21 00:44:11,0006B3AC35,K42
2020-06-21 00:45:13,00079A0255,K42
2020-06-21 00:46:28,0007ABF44A,K42
2020-06-21 00:48:22,000783F377,K42
2020-06-21 00:48:41,00074F663E,K94
2020-06-21 00:49:33,0007AC5939,K94
2020-06-21 00:50:57,00071E2D31,K94
2020-06-21 00:52:26,000783CB2B,K42
2020-06-21 00:52:28,0006E239ED,K42
2020-06-21 00:52:43,00075D076C,K42
2020-06-21 00:53:44,000788A24D,K42
2020-06-21 00:58:52,0007ABC5F2,K94
2020-06-21 01:00:56,00075B22B0,K94
2020-06-21 01:01:37,00074EEC1A,K42
2020-06-21 01:04:00,0007AC5939,K94
2020-06-21 01:05:42,0006B3BF04,K42
2020-06-21 01:08:09,0007AC44BD,K94
2020-06-21 01:10:01,000783CB2B,K42
2020-06-21 01:10:18,0006B3AC35,K42
2020-06-21 01:10:44,00074F663E,K42
2020-06-21 01:11:41,00075D879F,K94
2020-06-21 01:12:48,00075B22B0,K42
2020-06-21 01:13:57,00074F7C6F,K42
2020-06-21 01:14:19,0006B3B75C,K42
2020-06-21 01:17:50,0007ABD629,K42
2020-06-21 01:17:56,0007ABDCCF,K42
2020-06-21 01:18:09,0007AC80F1,K42
2020-06-21 01:19:37,00075CE063,K42
2020-06-21 01:20:06,00074EEC1A,K42
2020-06-21 01:21:35,0006B3BF04,K42
2020-06-21 01:22:40,0006E24ECA,K42
2020-06-21 01:23:45,0006E24C7B,K42
2020-06-21 01:24:12,000786D14D,K42
2020-06-21 01:24:34,000783CB2B,K42
2020-06-21 01:24:45,00075D879F,K42
2020-06-21 01:25:09,00074F7C6F,K42
2020-06-21 01:25:47,000783F377,K94
2020-06-21 01:26:20,00079A0255,K42
2020-06-21 01:27:08,0007AC5939,K94
2020-06-21 01:27:09,00068E377E,K42
2020-06-21 01:28:40,0007AC44BD,K42
2020-06-21 01:28:57,0007AC80F1,K42
2020-06-21 01:31:36,0006B3BF04,K42
2020-06-21 01:31:52,00075CE063,K94
2020-06-21 01:32:02,0006E239ED,K42
2020-06-21 01:32:02,0007ABC5F2,K94
2020-06-21 01:35:29,000788A24D,K42
2020-06-21 01:35:57,0006E24C7B,K42
2020-06-21 01:36:15,000783CB2B,K94
2020-06-21 01:37:59,0006E241C1,K42
2020-06-21 01:38:07,000799A5EF,K42
2020-06-21 01:38:09,0007AC5939,K94
2020-06-21 01:40:51,0007ABA539,K94
2020-06-21 01:41:32,00071E15BF,K94
2020-06-21 01:42:06,000783F377,K42
2020-06-21 01:42:34,0006E24ECA,K42
2020-06-21 01:43:07,0006B3BF04,K42
2020-06-21 01:43:41,0007ABDCCF,K42
2020-06-21 01:45:13,0007ABC5F2,K94
2020-06-21 01:45:13,00075B29B2,K42
2020-06-21 01:45:56,00075B22B0,K42
2020-06-21 01:46:41,000783CB2B,K42
2020-06-21 01:48:07,0006E239ED,K42
2020-06-21 01:49:45,000786D14D,K42
2020-06-21 01:50:18,0006E241C1,K42
2020-06-21 01:50:53,0006B3AC35,K42
2020-06-21 01:52:04,00071E15BF,K94
2020-06-21 01:52:23,0007ABA539,K94
2020-06-21 01:52:24,0007ABF44A,K94
2020-06-21 01:53:15,00068E1731,K94
2020-06-21 01:53:31,00079A0255,K42
2020-06-21 01:56:35,0007ABC5F2,K94
2020-06-21 01:57:40,00075D879F,K94
2020-06-21 01:57:56,00075D076C,K94
2020-06-21 01:58:07,0006B34FE4,K42
2020-06-21 01:58:20,00075B22B0,K42
2020-06-21 02:01:32,000783CB2B,K42
2020-06-21 02:02:12,00074EEC1A,K42
2020-06-21 02:04:04,0007AC80F1,K42
2020-06-21 02:04:56,00079A0255,K42
2020-06-21 02:07:52,00075B29B2,K42
2020-06-21 02:08:22,0007AC5939,K42
2020-06-21 02:10:37,000783F377,K42
2020-06-21 02:11:12,00075D879F,K42
2020-06-21 02:12:00,0007ABC5F2,K94
2020-06-21 02:13:12,0006B3AC35,K42
2020-06-21 02:13:23,0007ABA539,K94
2020-06-21 02:14:42,00075D076C,K42
2020-06-21 02:15:24,00074EEC1A,K42
2020-06-21 02:17:32,0006E24C7B,K42
2020-06-21 02:19:09,00074F663E,K42
2020-06-21 02:19:25,0007ABD629,K42
2020-06-21 02:19:33,0006B3BF04,K42
2020-06-21 02:20:03,0006E241C1,K42
2020-06-21 02:20:51,0006E24ECA,K42
2020-06-21 02:21:18,0007ABDCCF,K94
2020-06-21 02:21:48,000786D14D,K42
2020-06-21 02:24:06,00071E2D31,K94
2020-06-21 02:26:23,0007AC5939,K94
2020-06-21 02:26:56,00075D879F,K94
2020-06-21 02:27:01,0007ABC5F2,K94
2020-06-21 02:28:09,000783F377,K42
2020-06-21 02:28:59,0007ABA539,K94
2020-06-21 02:29:13,00079A0255,K94
2020-06-21 02:29:28,0007ABD629,K94
2020-06-21 02:30:46,0006B34FE4,K94
2020-06-21 02:30:58,0007ABF44A,K94
2020-06-21 02:31:46,00075CE063,K94
2020-06-21 02:31:54,0006E24C7B,K42
2020-06-21 02:32:17,0006B3BF04,K42
2020-06-21 02:32:27,00068E1731,K42
2020-06-21 02:32:36,0007ABDCCF,K94
2020-06-21 02:33:56,0006E239ED,K94
2020-06-21 02:35:32,00068E377E,K42
2020-06-21 02:36:26,000783CB2B,K42
2020-06-21 02:38:58,00075D879F,K42
2020-06-21 02:39:41,0006E24ECA,K42
2020-06-21 02:39:50,00074EEC1A,K42
2020-06-21 02:41:05,00074F7C6F,K42
2020-06-21 02:44:55,00079A0255,K42
2020-06-21 02:50:26,00075D879F,K42
2020-06-21 02:50:32,00075D076C,K94
2020-06-21 02:50:39,0007ABD629,K42
2020-06-21 02:50:48,0007AC5939,K94
2020-06-21 02:51:02,0006E239ED,K42
2020-06-21 02:51:35,000786D14D,K42
2020-06-21 02:51:45,0007AC80F1,K42
2020-06-21 02:58:44,00074EEC1A,K42
2020-06-21 03:01:29,00074F663E,K42
2020-06-21 03:01:33,00079A0255,K42
2020-06-21 03:02:43,00075D879F,K42
2020-06-21 03:02:51,00068E1731,K94
2020-06-21 03:03:34,0006E241C1,K42
2020-06-21 03:03:35,00071E2D31,K94
2020-06-21 03:03:56,000783CB2B,K42
2020-06-21 03:04:11,0007AC80F1,K42
2020-06-21 03:04:29,0006E24C7B,K42
2020-06-21 03:04:34,0007AC5939,K94
2020-06-21 03:05:03,00075D076C,K42
2020-06-21 03:05:17,0007ABF44A,K94
2020-06-21 03:06:05,00071E15BF,K94
2020-06-21 03:06:42,0006B34FE4,K42
2020-06-21 03:06:55,0007ABC5F2,K94
2020-06-21 03:10:01,0007AC44BD,K94
2020-06-21 03:10:13,00075B29B2,K42
2020-06-21 03:11:22,0007ABD629,K42
2020-06-21 03:12:04,0006B3AC35,K42
2020-06-21 03:14:10,0007ABDCCF,K94
2020-06-21 03:15:13,00074F663E,K42
2020-06-21 03:16:17,0006E24C7B,K42
2020-06-21 03:16:21,00074EEC1A,K42
2020-06-21 03:18:04,000786B8A2,K94
2020-06-21 03:18:29,00071E15BF,K94
2020-06-21 03:18:30,00075D879F,K42
2020-06-21 03:18:55,000783F377,K42
2020-06-21 03:19:53,00075B22B0,K94
2020-06-21 03:21:21,00079A0255,K94
2020-06-21 03:22:55,0006E239ED,K94
2020-06-21 03:23:31,0007AC5939,K94
2020-06-21 03:23:35,000799A5EF,K94
2020-06-21 03:25:11,0007ABA539,K94
2020-06-21 03:27:25,0006B3BF04,K42
2020-06-21 03:28:38,00075D879F,K42
2020-06-21 03:30:01,000783F377,K42
2020-06-21 03:30:28,00075B29B2,K42
2020-06-21 03:32:24,0006E241C1,K42
2020-06-21 03:33:29,000788A24D,K42
2020-06-21 03:35:03,00075B22B0,K94
2020-06-21 03:36:13,000783CB2B,K42
2020-06-21 03:36:22,00068E377E,K42
2020-06-21 03:37:31,00075CE063,K94
2020-06-21 03:37:56,0006B3BF04,K42
2020-06-21 03:38:07,00079A0255,K94
2020-06-21 03:38:12,0007ABA539,K94
2020-06-21 03:39:36,0007ABD629,K42
2020-06-21 03:39:39,00075D879F,K42
2020-06-21 03:40:47,0006E24ECA,K94
2020-06-21 03:41:33,0006E239ED,K94
2020-06-21 03:42:52,00071E2D31,K94
2020-06-21 03:44:18,0006B3AC35,K42
2020-06-21 03:47:16,000783CB2B,K94
2020-06-21 03:50:17,0007ABF44A,K94
2020-06-21 03:50:29,00075D879F,K42
2020-06-21 03:54:43,00075D076C,K42
2020-06-21 03:55:30,00075B22B0,K94
2020-06-21 03:56:27,0006E24ECA,K94
2020-06-21 03:59:01,00068E1731,K94
2020-06-21 04:12:10,0007AC44BD,K94
2020-06-21 04:13:59,0006B3AC35,K42
2020-06-21 04:23:29,00074EEC1A,K42
2020-06-21 04:32:33,0006E239ED,K94
2020-06-21 04:32:53,0006B3AC35,K42
2020-06-21 04:34:35,00071E15BF,K94
2020-06-21 04:39:50,0007ABDCCF,K94
2020-06-21 04:41:57,0006E241C1,K42
2020-06-21 04:43:11,0007ABD629,K42
2020-06-21 04:43:25,000783F377,K42
2020-06-21 04:43:40,0007AC80F1,K42
2020-06-21 04:46:27,000799A5EF,K94
2020-06-21 04:46:43,0006B3BF04,K42
2020-06-21 04:47:10,00079AAA3C,K42
2020-06-21 04:47:10,0007AC5939,K94
2020-06-21 04:48:37,00075B29B2,K42
2020-06-21 04:49:35,00075D076C,K42
2020-06-21 04:50:36,0007ABA539,K94
2020-06-21 04:51:32,0006CC24E9,K94
2020-06-21 04:51:40,0006E24C7B,K94
2020-06-21 04:53:03,00071E2D31,K94
2020-06-21 04:56:58,000799A5EF,K94
2020-06-21 12:34:38,0006E239ED,K94
2020-06-21 15:37:02,00068E1731,K94
2020-06-21 15:40:09,0006E239ED,K94
2020-06-21 15:54:39,0006E239ED,K94
2020-06-21 17:55:41,00068E1731,K94
2020-06-21 18:00:37,0006E24C7B,K94
2020-06-21 21:31:47,00074F663E,K42
2020-06-21 21:33:10,0006E241C1,K42
2020-06-21 21:36:08,00068E1731,K94
2020-06-21 21:36:12,00074EEC1A,K42
2020-06-21 21:36:19,0007AC5939,K94
2020-06-21 21:36:23,0007ABC5F2,K94
2020-06-21 21:36:25,0006B34FE4,K42
2020-06-21 21:37:26,0007ABA539,K94
2020-06-21 21:38:48,00074F7C6F,K42
2020-06-21 21:38:54,00075B29B2,K42
2020-06-21 21:39:03,0007ABDCCF,K94
2020-06-21 21:39:37,000783CB2B,K94
2020-06-21 21:39:40,00075B22B0,K94
2020-06-21 21:39:46,00075CE063,K94
2020-06-21 21:39:58,0006E24ECA,K94
2020-06-21 21:40:15,0007AC80F1,K42
2020-06-21 21:40:19,00075D879F,K94
2020-06-21 21:40:21,00068E377E,K42
2020-06-21 21:40:22,000799A5EF,K94
2020-06-21 21:40:58,0006E24C7B,K94
2020-06-21 21:41:51,00079AAA3C,K42
2020-06-21 21:41:52,0007ABD629,K42
2020-06-21 21:42:03,000786D14D,K42
2020-06-21 21:42:07,0006E239ED,K94
2020-06-21 21:42:10,00071E15BF,K94
2020-06-21 21:42:11,0007ABF44A,K94
2020-06-21 21:43:28,0006B3BF04,K42
2020-06-21 21:43:43,00079A0255,K94
2020-06-21 21:47:17,000783F377,K42
2020-06-21 21:47:48,000788A24D,K42
2020-06-21 21:49:28,0006B3AC35,K42
2020-06-21 21:50:30,000786B8A2,K94
2020-06-21 21:50:36,0007AC44BD,K94
2020-06-21 21:51:40,00071E2D31,K94
2020-06-21 21:52:57,00075D076C,K42
2020-06-21 21:54:49,0006CC24E9,K94
2020-06-21 22:36:43,0006E24C7B,K94
2020-06-21 22:37:10,0007ABDCCF,K94
2020-06-21 22:46:01,000783CB2B,K94
2020-06-21 22:50:49,00075CE063,K94
2020-06-21 22:50:53,00074EEC1A,K42
2020-06-21 22:51:00,00068E377E,K42
2020-06-21 22:53:14,0006E24C7B,K94
2020-06-21 22:54:32,00079A0255,K94
2020-06-21 22:55:59,0006E241C1,K42
2020-06-21 22:57:00,00074F663E,K42
2020-06-21 22:58:36,0006B3BF04,K42
2020-06-21 22:58:38,0006E239ED,K94
2020-06-21 22:59:11,000786D14D,K94
2020-06-21 22:59:16,0006B3AC35,K42
2020-06-21 23:00:52,0006B34FE4,K94
2020-06-21 23:03:31,00074EEC1A,K42
2020-06-21 23:04:47,0007ABF44A,K94
2020-06-21 23:09:00,0007ABA539,K94
2020-06-21 23:09:15,0006E239ED,K94
2020-06-21 23:10:08,0006B3BF04,K42
2020-06-21 23:10:23,00068E377E,K42
2020-06-21 23:11:00,0006B34FE4,K42
2020-06-21 23:11:55,0007ABDCCF,K94
2020-06-21 23:12:30,0006E24ECA,K94
2020-06-21 23:14:19,0007AC5939,K94
2020-06-21 23:15:36,0007AC80F1,K42
2020-06-21 23:16:29,000783CB2B,K94
2020-06-21 23:16:54,0007ABD629,K42
2020-06-21 23:17:13,00075D879F,K94
2020-06-21 23:20:00,000783F377,K94
2020-06-21 23:26:22,0007ABA539,K94
2020-06-21 23:27:35,0007ABC5F2,K94
2020-06-21 23:29:32,00068E1731,K94
2020-06-21 23:30:24,00071E15BF,K94
2020-06-21 23:31:00,00075B22B0,K94
2020-06-21 23:31:10,0007ABD629,K42
2020-06-21 23:31:57,00074F7C6F,K94
2020-06-21 23:34:46,00075D076C,K94
2020-06-21 23:34:55,00079A0255,K94
2020-06-21 23:36:14,000783F377,K42
2020-06-21 23:39:50,0006E24C7B,K42
2020-06-21 23:43:54,0006B3AC35,K42
2020-06-21 23:45:48,00071E15BF,K94
2020-06-21 23:48:41,00074F7C6F,K42
2020-06-21 23:49:27,00075B29B2,K42
2020-06-21 23:50:15,00075D076C,K42
2020-06-21 23:51:01,00068E377E,K42
2020-06-21 23:52:05,00074EEC1A,K94
2020-06-21 23:55:43,0006B3AC35,K42
2020-06-21 23:56:18,0006E24C7B,K42
2020-06-21 23:58:35,00075D879F,K94
2020-06-21 23:59:13,00071E15BF,K94
2020-06-22 00:02:08,0006E239ED,K94
2020-06-22 00:02:40,0007ABD629,K42
2020-06-22 00:06:00,00074EEC1A,K42
2020-06-22 00:09:34,0006E241C1,K42
2020-06-22 00:11:38,00068E377E,K42
2020-06-22 00:12:29,00075CE063,K94
2020-06-22 00:12:32,00074F663E,K42
2020-06-22 00:13:04,0006B3BF04,K42
2020-06-22 00:15:55,0007ABD629,K42
2020-06-22 00:17:16,000783F377,K94
2020-06-22 00:18:49,000783CB2B,K94
2020-06-22 00:19:36,00074F7C6F,K94
2020-06-22 00:20:03,0006E239ED,K94
2020-06-22 00:22:51,000788A24D,K42
2020-06-22 00:23:49,00068E1731,K94
2020-06-22 00:24:58,0006B3BF04,K42
2020-06-22 00:25:22,0007ABF44A,K94
2020-06-22 00:26:20,0007AC5939,K94
2020-06-22 00:28:37,000783F377,K42
2020-06-22 00:30:36,000786D14D,K42
2020-06-22 00:31:09,0007ABA539,K94
2020-06-22 00:31:18,0007ABC5F2,K94
2020-06-22 00:32:39,0006E239ED,K94
2020-06-22 00:33:44,000788A24D,K42
2020-06-22 00:34:54,00068E377E,K94
2020-06-22 00:36:28,00074F7C6F,K94
2020-06-22 00:37:35,00074EEC1A,K42
2020-06-22 00:38:10,0007AC5939,K94
2020-06-22 00:41:24,0007ABA539,K94
2020-06-22 00:41:41,0006E241C1,K42
2020-06-22 00:41:53,0006B34FE4,K42
2020-06-22 00:41:56,00075D879F,K94
2020-06-22 00:42:39,000783CB2B,K94
2020-06-22 00:44:23,0006E239ED,K42
2020-06-22 00:45:36,0006E24C7B,K42
2020-06-22 00:47:04,0006B3AC35,K42
2020-06-22 00:49:14,0007ABDCCF,K94
2020-06-22 00:49:30,00074EEC1A,K42
2020-06-22 00:53:54,00074F7C6F,K42
2020-06-22 00:58:59,0007ABD629,K42
2020-06-22 01:00:11,00074F663E,K94
2020-06-22 01:00:56,00075B29B2,K42
2020-06-22 01:01:22,0006E24C7B,K42
2020-06-22 01:02:04,00071E15BF,K94
2020-06-22 01:02:25,00075D076C,K94
2020-06-22 01:02:59,0006B3AC35,K42
2020-06-22 01:05:39,00075B22B0,K94
2020-06-22 01:06:59,0007AC80F1,K42
2020-06-22 01:07:33,0006B3BF04,K42
2020-06-22 01:09:51,00068E377E,K42
2020-06-22 01:10:59,0007ABD629,K94
2020-06-22 01:11:16,00068E1731,K94
2020-06-22 01:15:36,00075D076C,K42
2020-06-22 01:20:04,00075D879F,K94
2020-06-22 01:20:31,0007ABA539,K42
2020-06-22 01:21:11,0006E24ECA,K94
2020-06-22 01:22:01,0006B3BF04,K42
2020-06-22 01:22:03,0006B34FE4,K42
2020-06-22 01:22:06,0007ABF44A,K94
2020-06-22 01:22:20,00071E15BF,K42
2020-06-22 01:23:35,0006E239ED,K42
2020-06-22 01:26:54,000783F377,K42
2020-06-22 01:27:25,00071E2D31,K94
2020-06-22 01:27:41,00068E377E,K94
2020-06-22 01:27:59,00074EEC1A,K42
2020-06-22 01:28:12,00068E1731,K42
2020-06-22 01:31:54,0007ABA539,K94
2020-06-22 01:32:40,00075CE063,K94
2020-06-22 01:34:35,00074F663E,K42
2020-06-22 01:35:32,0007ABDCCF,K94
2020-06-22 01:36:45,0006E24C7B,K42
2020-06-22 01:36:49,00074F7C6F,K42
2020-06-22 01:38:07,000783CB2B,K94
2020-06-22 01:40:00,0006E239ED,K42
2020-06-22 01:40:23,000786D14D,K42
2020-06-22 01:41:40,0007ABC5F2,K94
2020-06-22 01:42:37,0007ABD629,K42
2020-06-22 01:43:04,00079A0255,K94
2020-06-22 01:46:09,0006B3AC35,K42
2020-06-22 01:46:10,00068E1731,K94
2020-06-22 01:47:05,0006E24ECA,K94
2020-06-22 01:49:09,00075D879F,K94
2020-06-22 01:49:38,00074EEC1A,K94
2020-06-22 01:51:41,0007AC80F1,K42
2020-06-22 01:52:52,000788A24D,K42
2020-06-22 01:54:09,0007ABD629,K42
2020-06-22 01:54:19,0006E24C7B,K94
2020-06-22 01:54:32,00075B22B0,K94
2020-06-22 01:56:27,00071E15BF,K94
2020-06-22 01:58:44,0006E241C1,K42
2020-06-22 02:00:40,0006B34FE4,K94
2020-06-22 02:01:13,00075D879F,K94
2020-06-22 02:01:46,0006B3AC35,K42
2020-06-22 02:03:10,00074EEC1A,K42
2020-06-22 02:07:58,0007AC5939,K94
2020-06-22 02:09:00,00071E15BF,K94
2020-06-22 02:10:11,0006E241C1,K42
2020-06-22 02:10:33,0007ABF44A,K94
2020-06-22 02:10:59,0006B34FE4,K42
2020-06-22 02:11:27,00074F663E,K42
2020-06-22 02:11:52,0006B3BF04,K42
2020-06-22 02:12:11,00075CE063,K94
2020-06-22 02:12:40,000783F377,K42
2020-06-22 02:13:18,00074F7C6F,K42
2020-06-22 02:15:02,00075B29B2,K42
2020-06-22 02:15:24,0006E24C7B,K42
2020-06-22 02:16:04,00074EEC1A,K94
2020-06-22 02:18:25,0007ABA539,K94
2020-06-22 02:18:29,0006E239ED,K42
2020-06-22 02:18:54,00075D076C,K42
2020-06-22 02:19:03,000783CB2B,K94
2020-06-22 02:20:27,0007ABC5F2,K94
2020-06-22 02:20:34,000786D14D,K42
2020-06-22 02:20:59,0007AC5939,K94
2020-06-22 02:21:18,0006E24ECA,K94
2020-06-22 02:24:19,0007ABDCCF,K94
2020-06-22 02:24:29,00068E377E,K94
2020-06-22 02:25:17,0007ABD629,K42
2020-06-22 02:25:32,00079A0255,K94
2020-06-22 02:25:41,0006B3BF04,K42
2020-06-22 02:25:43,00075D879F,K94
2020-06-22 02:28:22,00075CE063,K94
2020-06-22 02:29:13,0006E241C1,K42
2020-06-22 02:29:53,0007ABA539,K94
2020-06-22 02:32:59,00074EEC1A,K94
2020-06-22 02:33:16,0006E239ED,K42
2020-06-22 02:34:17,0007ABC5F2,K94
2020-06-22 02:35:35,0007ABF44A,K94
2020-06-22 02:37:27,0007ABDCCF,K42
2020-06-22 02:38:31,0007ABD629,K94
2020-06-22 02:39:05,000783CB2B,K94
2020-06-22 02:39:34,000786D14D,K42
2020-06-22 02:40:08,00075CE063,K94
2020-06-22 02:44:13,00075D879F,K94
2020-06-22 02:47:44,0007AC80F1,K42
2020-06-22 02:48:07,00075B22B0,K94
2020-06-22 02:51:28,0007ABDCCF,K42
2020-06-22 02:51:31,00074F7C6F,K42
2020-06-22 02:51:57,0007ABD629,K94
2020-06-22 02:52:07,0006B34FE4,K42
2020-06-22 02:52:50,00074EEC1A,K94
2020-06-22 02:58:12,000783CB2B,K94
2020-06-22 02:58:46,00075B29B2,K42
2020-06-22 02:59:02,000783F377,K42
2020-06-22 03:01:11,00071E15BF,K94
2020-06-22 03:03:00,0006E239ED,K42
2020-06-22 03:05:55,0007ABF44A,K94
2020-06-22 03:11:15,00071E15BF,K94
2020-06-22 03:13:29,00075D879F,K94
2020-06-22 03:14:28,0006E241C1,K42
2020-06-22 03:23:44,00075D879F,K94
2020-06-22 03:26:05,0006E241C1,K42
2020-06-22 03:27:24,0007ABDCCF,K42
2020-06-22 03:28:33,0007ABD629,K94
2020-06-22 03:29:31,000783CB2B,K94
2020-06-22 03:36:37,00075D076C,K94
2020-06-22 03:39:58,00075D879F,K94
2020-06-22 03:51:53,00075B22B0,K94
2020-06-22 03:54:57,0007ABF44A,K94
2020-06-22 04:00:14,00079A0255,K94
2020-06-22 21:39:47,0007ABA539,K96
2020-06-22 21:40:14,00074F7C6F,K96
2020-06-22 21:40:42,0006E241C1,K96
2020-06-22 21:42:09,00074F663E,K96
2020-06-22 21:45:27,00068E377E,K96
2020-06-22 21:47:48,000799A5EF,K96
2020-06-22 21:47:56,00068E1731,K96
2020-06-22 21:48:45,00075B22B0,K94
2020-06-22 21:48:57,000786B8A2,K96
2020-06-22 21:49:01,0006E24C7B,K96
2020-06-22 21:49:03,0007AC5939,K96
2020-06-22 21:49:16,000783CB2B,K96
2020-06-22 21:49:27,00071E2D31,K96
2020-06-22 21:49:37,00079A0255,K94
2020-06-22 21:50:04,0007ABD629,K96
2020-06-22 21:53:52,0007ABF44A,K94
2020-06-22 21:57:30,000788A24D,K96
2020-06-22 22:15:02,00068E377E,K96
2020-06-22 22:26:32,0006E24C7B,K96
2020-06-22 22:26:43,00068E377E,K96
2020-06-22 22:37:38,00074F663E,K96
2020-06-22 22:42:32,0007AC5939,K96
2020-06-22 22:44:58,00075CE063,K96
2020-06-22 22:45:34,00074EEC1A,K96
2020-06-22 22:46:05,00075B22B0,K96
2020-06-22 22:47:02,00079A0255,K96
2020-06-22 22:47:09,0006E241C1,K96
2020-06-22 22:47:39,00074F663E,K96
2020-06-22 22:52:15,00074F7C6F,K94
2020-06-22 22:52:38,0007AC5939,K96
2020-06-22 22:54:57,0007ABF44A,K94
2020-06-22 22:58:12,0007ABDCCF,K96
2020-06-22 23:04:40,00068E1731,K96
2020-06-22 23:06:09,0007ABD629,K96
2020-06-22 23:06:59,00068E377E,K96
2020-06-22 23:10:13,000783CB2B,K96
2020-06-22 23:10:37,00074F7C6F,K96
2020-06-22 23:11:00,00079A0255,K94
2020-06-22 23:23:26,00068E377E,K96
2020-06-22 23:24:36,00074EEC1A,K96
2020-06-22 23:24:44,0006B3AC35,K96
2020-06-22 23:26:19,00074F663E,K96
2020-06-22 23:28:58,0006E241C1,K96
2020-06-22 23:30:22,00075CE063,K94
2020-06-22 23:30:48,0007ABA539,K96
2020-06-22 23:32:53,000786D14D,K96
2020-06-22 23:34:18,00075D879F,K96
2020-06-22 23:35:45,0006E239ED,K96
2020-06-22 23:40:51,0006B3AC35,K96
2020-06-22 23:40:59,0007AC5939,K96
2020-06-22 23:41:29,000783CB2B,K96
2020-06-22 23:41:53,00068E377E,K96
2020-06-22 23:42:19,00075B22B0,K94
2020-06-22 23:42:31,0007ABD629,K96
2020-06-22 23:44:14,0007ABA539,K96
2020-06-22 23:44:19,0007ABF44A,K94
2020-06-22 23:45:50,00075B29B2,K96
2020-06-22 23:45:55,0007ABC5F2,K96
2020-06-22 23:47:54,00079A0255,K96
2020-06-22 23:48:01,00074EEC1A,K96
2020-06-22 23:49:08,00075D076C,K94
2020-06-22 23:49:31,00074F7C6F,K96
2020-06-22 23:49:40,0006B34FE4,K94
2020-06-22 23:53:46,0007AC5939,K96
2020-06-22 23:54:49,00075B22B0,K96
2020-06-22 23:56:51,00068E377E,K96
2020-06-22 23:58:58,000788A24D,K94
2020-06-23 00:00:02,00074F663E,K96
2020-06-23 00:00:09,00075CE063,K94
2020-06-23 00:02:10,0007ABF44A,K94
2020-06-23 00:02:41,00071E2D31,K94
2020-06-23 00:16:05,0006CC24E9,K96
2020-06-23 00:16:42,0007ABF44A,K94
2020-06-23 00:17:16,0006B3BF04,K96
2020-06-23 00:19:06,00075D879F,K96
2020-06-23 00:19:13,0006B34FE4,K96
2020-06-23 00:24:18,00068E1731,K96
2020-06-23 00:26:15,00068E377E,K96
2020-06-23 00:26:28,00075B22B0,K96
2020-06-23 00:26:43,0007ABF44A,K94
2020-06-23 00:27:19,0007ABA539,K96
2020-06-23 00:27:28,00075CE063,K94
2020-06-23 00:37:30,00075B22B0,K94
2020-06-23 00:38:35,00068E1731,K96
2020-06-23 00:39:55,00074EEC1A,K96
2020-06-23 00:42:43,00074F7C6F,K96
2020-06-23 00:43:25,000783CB2B,K96
2020-06-23 00:43:37,0007ABD629,K96
2020-06-23 00:43:54,0007ABA539,K96
2020-06-23 00:44:07,00075B29B2,K96
2020-06-23 00:45:29,000783F377,K96
2020-06-23 00:46:37,000786B8A2,K96
2020-06-23 00:47:32,0007ABDCCF,K96
2020-06-23 00:48:35,000786D14D,K96
2020-06-23 00:48:40,00075CE063,K96
2020-06-23 00:51:34,0007AC80F1,K96
2020-06-23 00:51:45,00074EEC1A,K96
2020-06-23 00:52:54,00074F7C6F,K96
2020-06-23 00:54:49,0007ABD629,K96
2020-06-23 00:54:53,0006E239ED,K96
2020-06-23 00:55:26,0006B3BF04,K96
2020-06-23 00:58:45,000788A24D,K96
2020-06-23 01:00:55,000786D14D,K96
2020-06-23 01:01:14,0007ABDCCF,K96
2020-06-23 01:03:21,0006B3AC35,K96
2020-06-23 01:04:36,000783F377,K96
2020-06-23 01:05:00,0007AC80F1,K96
2020-06-23 01:10:41,00074EEC1A,K96
2020-06-23 01:12:08,000786D14D,K96
2020-06-23 01:21:15,00074EEC1A,K96
2020-06-23 01:22:21,000786D14D,K96
2020-06-23 01:23:10,00075D879F,K96
2020-06-23 01:24:09,00075B22B0,K96
2020-06-23 01:29:37,00075D076C,K96
2020-06-23 01:29:41,0007ABC5F2,K96
2020-06-23 01:29:49,00079A0255,K96
2020-06-23 01:29:51,0007AC80F1,K96
2020-06-23 01:35:09,0007ABD629,K96
2020-06-23 01:38:55,00074EEC1A,K96
2020-06-23 01:39:17,00071E15BF,K96
2020-06-23 01:40:16,0006CC24E9,K96
2020-06-23 01:40:41,0007ABC5F2,K96
2020-06-23 01:42:46,00074F7C6F,K96
2020-06-23 01:46:15,00075CE063,K96
2020-06-23 01:46:30,0007ABD629,K96
2020-06-23 01:49:37,000783CB2B,K96
2020-06-23 01:49:48,0007AC80F1,K96
2020-06-23 01:52:49,0007ABA539,K96
2020-06-23 01:54:17,00074F7C6F,K96
2020-06-23 01:55:38,00074EEC1A,K96
2020-06-23 01:56:21,0007ABC5F2,K96
2020-06-23 02:07:51,000783F377,K96
2020-06-23 02:09:00,00075B29B2,K96
2020-06-23 02:09:07,0007ABA539,K96
2020-06-23 02:12:21,0007ABDCCF,K96
2020-06-23 02:16:55,0006E239ED,K96
2020-06-23 02:18:02,0006CC24E9,K96
2020-06-23 02:19:46,00074F7C6F,K96
2020-06-23 02:19:54,0007AC80F1,K96
2020-06-23 02:20:59,000786D14D,K96
2020-06-23 02:22:23,000783F377,K96
2020-06-23 02:22:36,00074EEC1A,K96
2020-06-23 02:24:00,000783CB2B,K96
2020-06-23 02:25:07,00075B22B0,K96
2020-06-23 02:26:26,00075D879F,K96
2020-06-23 02:27:40,00074F663E,K96
2020-06-23 02:27:57,0006E24C7B,K96
2020-06-23 02:29:25,00075B29B2,K96
2020-06-23 02:29:48,0006CC24E9,K96
2020-06-23 02:30:15,0007ABF44A,K96
2020-06-23 02:30:58,0007AC80F1,K96
2020-06-23 02:33:32,0007AC44BD,K96
2020-06-23 02:34:43,0007ABD629,K96
2020-06-23 02:34:45,000783CB2B,K96
2020-06-23 02:35:52,00075B22B0,K96
2020-06-23 02:36:22,0007ABC5F2,K96
2020-06-23 02:36:29,000786B8A2,K96
2020-06-23 02:38:43,00074F663E,K96
2020-06-23 02:39:49,00074F7C6F,K96
2020-06-23 02:41:49,0006CC24E9,K96
2020-06-23 02:42:35,00074EEC1A,K96
2020-06-23 02:42:59,00075D879F,K96
2020-06-23 02:43:39,0006E239ED,K96
2020-06-23 02:44:39,0006E24C7B,K96
2020-06-23 02:46:30,0007ABC5F2,K96
2020-06-23 02:50:13,00075CE063,K96
2020-06-23 02:50:38,0007AC80F1,K96
2020-06-23 02:51:30,00075D076C,K96
2020-06-23 02:51:35,0006B3AC35,K96
2020-06-23 02:54:15,0006B3B75C,K96
2020-06-23 02:56:26,00075D879F,K96
2020-06-23 02:58:48,0006B3BF04,K96
2020-06-23 02:59:30,000783CB2B,K96
2020-06-23 02:59:34,0007ABA539,K96
2020-06-23 03:01:50,00074EEC1A,K96
2020-06-23 03:05:47,00079A0255,K96
2020-06-23 03:06:35,0006E24C7B,K96
2020-06-23 03:06:58,0006B34FE4,K96
2020-06-23 03:08:53,00075D076C,K96
2020-06-23 03:09:03,0006E239ED,K96
2020-06-23 03:09:08,00071E15BF,K96
2020-06-23 03:09:39,0007ABA539,K96
2020-06-23 03:10:35,0006B3BF04,K96
2020-06-23 03:12:00,00074EEC1A,K96
2020-06-23 03:15:20,00074F7C6F,K96
2020-06-23 03:16:32,00075CE063,K96
2020-06-23 03:17:34,0006B3AC35,K96
2020-06-23 03:18:06,00074F663E,K96
2020-06-23 03:18:21,000783F377,K96
2020-06-23 03:18:31,0006E24C7B,K96
2020-06-23 03:19:46,00075B29B2,K96
2020-06-23 03:20:46,0007ABDCCF,K96
2020-06-23 03:21:07,00075B22B0,K96
2020-06-23 03:22:18,00071E15BF,K96
2020-06-23 03:23:10,0006B34FE4,K96
2020-06-23 03:23:30,0007ABC5F2,K96
2020-06-23 03:26:39,0006E239ED,K96
2020-06-23 03:27:51,0006B3BF04,K96
2020-06-23 03:28:35,0006B3AC35,K96
2020-06-23 03:29:00,000786D14D,K96
2020-06-23 03:32:36,00075CE063,K96
2020-06-23 03:33:44,00071E15BF,K96
2020-06-23 03:33:52,000799A5EF,K96
2020-06-23 03:36:21,00075D879F,K96
2020-06-23 03:37:04,000783CB2B,K96
2020-06-23 03:37:45,00075B29B2,K96
2020-06-23 03:44:11,00068E377E,K96
2020-06-23 03:44:52,00071E15BF,K96
2020-06-23 03:48:04,0006B3AC35,K96
2020-06-23 03:56:08,00068E377E,K96
2020-06-23 03:56:27,00071E15BF,K96
2020-06-23 03:59:18,0007AC80F1,K96
2020-06-23 04:06:53,00071E15BF,K96
2020-06-23 04:07:21,000788A24D,K96
2020-06-23 04:09:38,0007AC80F1,K96
2020-06-23 04:17:07,00071E15BF,K96
2020-06-23 04:20:38,0007AC44BD,K96
2020-06-23 04:30:34,00079AAA3C,K96
2020-06-23 04:33:23,00074EEC1A,K96
2020-06-23 04:35:15,00075CE063,K96
2020-06-23 04:35:51,0006CC24E9,K96
2020-06-23 04:37:01,0007ABC5F2,K96
2020-06-23 04:41:21,000799A5EF,K96
2020-06-23 04:43:04,00075B29B2,K96
2020-06-23 04:43:45,0007ABDCCF,K96
2020-06-23 04:43:50,0007ABD629,K96
2020-06-23 04:44:07,000783F377,K96
2020-06-23 04:44:40,0006B34FE4,K96
2020-06-23 04:47:19,0006B3B75C,K96
2020-06-23 04:47:44,0006B3BF04,K96
2020-06-23 04:47:51,0006E239ED,K96
2020-06-23 04:48:57,00068E377E,K96
2020-06-23 04:49:03,000786D14D,K96
2020-06-23 04:49:54,00075D879F,K96
2020-06-23 04:50:20,0006B3AC35,K96
2020-06-23 04:50:35,0007AC80F1,K96
2020-06-23 04:50:54,00075D076C,K96
2020-06-23 04:51:10,0006E24C7B,K96
2020-06-23 04:51:12,000786B8A2,K96
2020-06-23 04:51:36,00074F663E,K96
2020-06-23 04:51:38,00075B22B0,K96
2020-06-23 04:53:41,000783CB2B,K96
2020-06-23 04:55:24,0007ABA539,K96
2020-06-23 04:57:24,0006B3B75C,K96
2020-06-23 04:57:26,00079AAA3C,K96
2020-06-23 05:00:10,00075D879F,K96
2020-06-23 05:00:33,00074F7C6F,K96
2020-06-23 05:01:47,000783F377,K96
2020-06-23 05:03:51,0006B34FE4,K96
2020-06-23 05:04:45,00074F663E,K96
2020-06-23 05:12:03,0007ABC5F2,K96
2020-06-23 05:12:56,0006E24C7B,K96
2020-06-23 05:15:17,0006CC24E9,K96
2020-06-23 05:18:16,00074F7C6F,K96
2020-06-23 05:26:17,000786D14D,K96
2020-06-23 05:26:35,000786B8A2,K96
2020-06-23 05:28:04,0006CC24E9,K96
2020-06-23 05:29:09,000783F377,K96
2020-06-23 05:29:47,00075D879F,K96
2020-06-23 05:37:05,0006E239ED,K96
2020-06-23 05:38:04,00075CE063,K96
2020-06-23 05:40:18,00074F663E,K96
2020-06-23 05:43:11,00074F7C6F,K96
2020-06-23 05:45:17,0006E24C7B,K96
2020-06-23 05:51:42,0006B3BF04,K96
2020-06-23 05:55:36,0006E24C7B,K96
2020-06-23 05:58:36,00074F7C6F,K96
2020-06-23 06:09:19,00074F663E,K96
2020-06-23 06:13:12,0007AC44BD,K96
2020-06-23 06:13:33,0006E24C7B,K96
2020-06-23 06:22:42,000783CB2B,K96
2020-06-23 06:32:43,000783CB2B,K96
2020-06-23 06:43:28,000783CB2B,K96
2020-06-23 06:49:18,0006FDFEFB,K96
2020-06-23 06:49:50,0006E24C7B,K96
2020-06-23 06:51:46,00075D879F,K96
2020-06-23 06:58:08,000786D14D,K96
2020-06-23 07:00:35,0006CC24E9,K96
2020-06-23 07:03:55,0007AC80F1,K96
2020-06-23 07:08:03,0007ABD629,K96
2020-06-23 07:14:09,00075B29B2,K96
2020-06-23 07:14:58,000786B8A2,K96
2020-06-23 07:16:16,0006E239ED,K96
2020-06-23 07:24:57,00075CE063,K96
2020-06-23 07:25:41,0006E24C7B,K96
2020-06-23 07:26:17,0006E239ED,K96
2020-06-23 07:36:18,0006E239ED,K96
2020-06-23 07:43:31,00074EEC1A,K96
2020-06-23 07:48:37,0006E239ED,K96
2020-06-23 07:53:32,00074EEC1A,K96
2020-06-23 08:02:19,00075CE063,K96
2020-06-23 08:03:33,00074EEC1A,K96
2020-06-23 08:13:30,0007ABD629,K96
2020-06-23 08:25:25,00074EEC1A,K96
2020-06-23 08:28:37,0006E239ED,K96
2020-06-23 08:58:32,00074F663E,K96
2020-06-23 08:59:27,00075D879F,K96
2020-06-23 09:49:08,00074EEC1A,K96
2020-06-23 09:52:26,0006E24C7B,K96
2020-06-23 10:04:35,00074EEC1A,K96
2020-06-23 10:20:40,00075B29B2,K96
2020-06-23 10:33:07,000786D14D,K96
2020-06-23 10:43:37,0006B3BF04,K96
2020-06-23 10:47:44,00074EEC1A,K96
2020-06-23 12:19:44,0006CC23D6,K96
2020-06-23 12:28:59,0006E239ED,K96
2020-06-23 12:39:55,000786B8A2,K96
2020-06-23 12:45:42,00079AAA3C,K96
2020-06-23 12:46:52,0006CC23D6,K49
2020-06-23 12:49:14,00074F7C6F,K96
2020-06-23 12:59:13,0006E239ED,K96
2020-06-23 13:37:40,00075B29B2,K96
2020-06-23 13:41:00,0007ABD629,K96
2020-06-23 13:42:23,00074EEC1A,K96
2020-06-23 14:42:13,00068E377E,K96
2020-06-23 15:28:48,00068E1731,K49
2020-06-23 15:50:13,000799A5EF,K96
2020-06-23 15:54:10,0006E239ED,K96
2020-06-23 15:58:35,00074F7C6F,K96
2020-06-23 16:04:11,0006E239ED,K96
2020-06-23 16:14:12,0006E239ED,K96
2020-06-23 16:19:32,00074F7C6F,K96
2020-06-23 16:24:13,0006E239ED,K96
2020-06-23 16:26:39,00071E15BF,K49
2020-06-23 16:34:14,0006E239ED,K96
2020-06-23 16:37:23,00075D076C,K96
2020-06-23 16:40:57,00074EEC1A,K96
2020-06-23 16:44:15,0006E239ED,K96
2020-06-23 16:50:58,00074EEC1A,K96
2020-06-23 16:55:53,0006E239ED,K96
2020-06-23 17:02:10,00074EEC1A,K96
2020-06-23 17:10:18,000786B8A2,K96
2020-06-23 17:12:25,0006B3AC35,K96
2020-06-23 17:13:35,00074EEC1A,K96
2020-06-23 17:26:16,0007ABA539,K96
2020-06-23 17:35:37,0006E24C7B,K96
2020-06-23 17:39:14,0006B3AC35,K96
2020-06-23 17:47:29,0007ABA539,K96
2020-06-23 17:58:42,00074EEC1A,K96
2020-06-23 18:07:41,00068E1731,K49
2020-06-23 18:12:06,00074EEC1A,K96
2020-06-23 18:18:13,0006B34FE4,K96
2020-06-23 18:20:51,00075B29B2,K96
2020-06-23 18:26:30,00074F663E,K96
2020-06-23 18:32:07,0006B3AC35,K96
2020-06-23 19:01:18,00075D879F,K96
2020-06-23 19:30:20,0007ABA539,K96
2020-06-23 19:52:01,00075D879F,K96
2020-06-23 20:02:07,00075D879F,K96
2020-06-23 20:06:54,00074EEC1A,K96
2020-06-23 20:12:09,00075D879F,K96
2020-06-23 20:16:55,00074EEC1A,K96
2020-06-23 20:24:12,00075D879F,K96
2020-06-23 20:26:13,00068E1731,K49
2020-06-23 21:37:24,00068E1731,K49
2020-06-23 21:40:08,0007AC5939,K49
2020-06-23 21:42:07,0006E241C1,K49
2020-06-23 21:46:00,00071E15BF,K49
2020-06-23 21:51:15,0006E24ECA,K49
2020-06-23 21:53:50,0007ABF44A,K49
2020-06-23 21:54:36,00079A0255,K49
2020-06-23 22:01:18,00071E2D31,K49
2020-06-23 22:45:22,0006E24ECA,K49
2020-06-23 22:47:56,0006E241C1,K49
2020-06-23 22:51:32,0007AC5939,K49
2020-06-23 22:57:25,0006E24ECA,K49
2020-06-23 23:03:02,0007AC5939,K49
2020-06-23 23:03:04,0007ABF44A,K49
2020-06-23 23:04:36,00068E1731,K49
2020-06-23 23:09:23,00074EEC1A,K49
2020-06-23 23:10:31,0006B34FE4,K49
2020-06-23 23:13:32,0007ABF44A,K49
2020-06-23 23:15:57,00068E1731,K49
2020-06-23 23:18:33,000788A24D,K49
2020-06-23 23:23:23,0006E241C1,K49
2020-06-23 23:24:07,0006B34FE4,K49
2020-06-23 23:25:25,00079A0255,K49
2020-06-23 23:32:40,00068E1731,K49
2020-06-23 23:38:43,00071E15BF,K49
2020-06-23 23:40:44,00075CE063,K49
2020-06-23 23:41:20,0006B3AC35,K49
2020-06-23 23:44:26,0007AC5939,K49
2020-06-23 23:46:41,0006E239ED,K49
2020-06-23 23:46:51,00074F663E,K49
2020-06-23 23:50:03,00071E15BF,K49
2020-06-23 23:51:11,0006E24C7B,K49
2020-06-23 23:53:49,0006B3AC35,K49
2020-06-23 23:57:29,0006E239ED,K49
2020-06-24 00:03:17,0006E241C1,K49
2020-06-24 00:04:08,0006E24C7B,K49
2020-06-24 00:04:20,00075D879F,K49
2020-06-24 00:04:53,00075CE063,K49
2020-06-24 00:08:56,00068E1731,K49
2020-06-24 00:09:00,0007ABDCCF,K49
2020-06-24 00:15:04,00075D879F,K49
2020-06-24 00:15:09,0006E24ECA,K49
2020-06-24 00:15:17,00075B29B2,K49
2020-06-24 00:19:40,0007ABDCCF,K49
2020-06-24 00:24:45,0007AC5939,K49
2020-06-24 00:25:42,00074F663E,K49
2020-06-24 00:28:05,0006E24C7B,K49
2020-06-24 00:29:07,00075D879F,K49
2020-06-24 00:31:03,0007ABC5F2,K49
2020-06-24 00:31:40,00079A0255,K49
2020-06-24 00:31:54,0006B3AC35,K49
2020-06-24 00:32:39,00075CE063,K49
2020-06-24 00:34:03,0007ABF44A,K49
2020-06-24 00:34:14,0006B34FE4,K49
2020-06-24 00:36:07,0006E239ED,K49
2020-06-24 00:37:20,0007AC5939,K49
2020-06-24 00:39:52,00068E1731,K49
2020-06-24 00:42:02,00074F663E,K49
2020-06-24 00:45:23,00074EEC1A,K49
2020-06-24 00:46:43,0006B3AC35,K49
2020-06-24 00:47:59,00075CE063,K49
2020-06-24 00:50:54,0007ABDCCF,K49
2020-06-24 00:52:23,0007ABC5F2,K49
2020-06-24 01:02:27,0007ABD629,K49
2020-06-24 01:05:14,0006E24C7B,K49
2020-06-24 01:09:42,00075D879F,K49
2020-06-24 01:09:44,00068E377E,K49
2020-06-24 01:09:51,0006B3BF04,K49
2020-06-24 01:10:48,00071E15BF,K49
2020-06-24 01:14:56,0006E24ECA,K49
2020-06-24 01:15:41,0007ABD629,K49
2020-06-24 01:16:13,000788A24D,K49
2020-06-24 01:16:52,0007ABC5F2,K49
2020-06-24 01:18:12,0007AC44BD,K49
2020-06-24 01:20:51,00068E377E,K49
2020-06-24 01:22:42,0006B3BF04,K49
2020-06-24 01:28:10,00068E1731,K49
2020-06-24 01:34:54,0007AC5939,K49
2020-06-24 01:38:49,0007ABD629,K49
2020-06-24 01:39:05,00079A0255,K49
2020-06-24 01:39:12,0006E239ED,K49
2020-06-24 01:39:53,0007ABF44A,K49
2020-06-24 01:39:54,000783CB2B,K49
2020-06-24 01:45:49,0007ABDCCF,K49
2020-06-24 01:45:56,00075B29B2,K49
2020-06-24 01:46:19,0007AC80F1,K49
2020-06-24 01:47:43,00068E377E,K49
2020-06-24 01:50:25,0006B3AC35,K49
2020-06-24 01:52:46,00075CE063,K49
2020-06-24 01:54:24,00074F663E,K49
2020-06-24 01:55:52,0006E239ED,K49
2020-06-24 01:56:18,0007ABD629,K49
2020-06-24 01:56:21,00074EEC1A,K49
2020-06-24 01:56:29,0006B34FE4,K49
2020-06-24 01:56:51,0007ABDCCF,K49
2020-06-24 01:59:16,000783F377,K49
2020-06-24 02:00:24,00075D879F,K49
2020-06-24 02:01:04,0006B3AC35,K49
2020-06-24 02:02:44,00068E377E,K49
2020-06-24 02:03:29,0006E24C7B,K49
2020-06-24 02:03:36,0007AC80F1,K49
2020-06-24 02:05:05,00074F663E,K49
2020-06-24 02:05:26,00075B29B2,K49
2020-06-24 02:10:01,0007ABA539,K49
2020-06-24 02:10:58,00068E1731,K49
2020-06-24 02:11:02,00075CE063,K49
2020-06-24 02:17:20,0006E24C7B,K49
2020-06-24 02:17:55,0007ABC5F2,K49
2020-06-24 02:23:20,0007AC5939,K49
2020-06-24 02:27:31,00071E15BF,K49
2020-06-24 02:27:45,0007ABF44A,K49
2020-06-24 02:28:39,0007ABC5F2,K49
2020-06-24 02:29:02,0006E239ED,K49
2020-06-24 02:29:51,0007ABDCCF,K49
2020-06-24 02:30:54,00079A0255,K49
2020-06-24 02:32:23,0006E24ECA,K49
2020-06-24 02:34:10,0006B3BF04,K49
2020-06-24 02:37:24,00075B22B0,K49
2020-06-24 02:37:58,0007ABF44A,K49
2020-06-24 02:38:54,0007AC5939,K49
2020-06-24 02:42:03,00074F663E,K49
2020-06-24 02:43:05,0006E239ED,K49
2020-06-24 02:44:45,0006E24ECA,K49
2020-06-24 02:45:30,00068E377E,K49
2020-06-24 02:46:23,0006B3AC35,K49
2020-06-24 02:46:30,000786B8A2,K49
2020-06-24 02:46:49,00075D879F,K49
2020-06-24 02:47:45,0006B3BF04,K49
2020-06-24 02:50:17,0007AC5939,K49
2020-06-24 02:50:56,0007ABC5F2,K49
2020-06-24 02:51:07,00068E1731,K49
2020-06-24 02:51:11,00074EEC1A,K49
2020-06-24 02:51:14,0006B34FE4,K49
2020-06-24 02:51:22,00075CE063,K49
2020-06-24 02:53:03,000786D14D,K49
2020-06-24 02:56:33,000783F377,K49
2020-06-24 02:56:36,0006B3AC35,K49
2020-06-24 02:57:54,00075D879F,K49
2020-06-24 02:59:39,00074F663E,K49
2020-06-24 03:01:50,00068E377E,K49
2020-06-24 03:03:17,0006E24C7B,K49
2020-06-24 03:03:45,0006E241C1,K49
2020-06-24 03:03:53,00075CE063,K49
2020-06-24 03:04:31,0006B34FE4,K49
2020-06-24 03:05:06,0007ABD629,K49
2020-06-24 03:05:38,00075B29B2,K49
2020-06-24 03:07:26,00075D076C,K49
2020-06-24 03:08:29,00079A0255,K49
2020-06-24 03:09:26,0007AC80F1,K49
2020-06-24 03:12:26,0007AC44BD,K49
2020-06-24 03:13:44,000783F377,K49
2020-06-24 03:15:01,0006E24C7B,K49
2020-06-24 03:18:01,00075D076C,K49
2020-06-24 03:20:16,0007ABDCCF,K49
2020-06-24 03:20:43,00075D879F,K49
2020-06-24 03:21:33,00068E1731,K49
2020-06-24 03:22:48,0007AC5939,K49
2020-06-24 03:24:11,000783CB2B,K49
2020-06-24 03:24:19,00071E15BF,K49
2020-06-24 03:24:23,00075CE063,K49
2020-06-24 03:25:15,00075B29B2,K49
2020-06-24 03:29:37,0006B3BF04,K49
2020-06-24 03:29:58,0006E239ED,K49
2020-06-24 03:33:42,00068E377E,K49
2020-06-24 03:38:16,0006E241C1,K49
2020-06-24 03:40:16,0006E239ED,K49
2020-06-24 03:44:47,0006B3AC35,K49
2020-06-24 03:52:39,000783CB2B,K49
2020-06-24 03:56:44,0006B3AC35,K49
2020-06-24 04:17:04,0006CC24E9,K49
2020-06-24 04:18:26,0007AC44BD,K49
2020-06-24 04:20:08,00074EEC1A,K49
2020-06-24 04:33:01,0006CC24E9,K49
2020-06-24 04:35:33,00068E1731,K49
2020-06-24 04:36:36,00075B29B2,K49
2020-06-24 04:36:45,00071E15BF,K49
2020-06-24 04:37:52,00075CE063,K49
2020-06-24 04:37:53,0007ABF44A,K49
2020-06-24 04:39:04,00079AAA3C,K49
2020-06-24 04:40:52,0006B34FE4,K49
2020-06-24 04:43:37,000783F377,K49
2020-06-24 04:45:26,0006E24ECA,K49
2020-06-24 04:45:32,0007ABD629,K49
2020-06-24 04:46:15,0006B3AC35,K49
2020-06-24 04:46:17,0007ABC5F2,K49
2020-06-24 04:46:26,0007AC5939,K49
2020-06-24 04:46:59,000799A5EF,K49
2020-06-24 04:47:11,0006E239ED,K49
2020-06-24 04:48:00,0006B3BF04,K49
2020-06-24 04:48:48,000788A24D,K49
2020-06-24 04:49:02,00079A0255,K49
2020-06-24 04:49:35,0007ABDCCF,K49
2020-06-24 04:49:59,00074EEC1A,K49
2020-06-24 04:51:03,00068E377E,K49
2020-06-24 04:52:51,00075D879F,K49
2020-06-24 04:53:08,0006E241C1,K49
2020-06-24 04:54:51,0006E24C7B,K49
2020-06-24 04:57:42,00068E1731,K49
2020-06-24 04:58:11,0006CC24E9,K49
2020-06-24 04:58:57,000788A24D,K49
2020-06-24 04:59:17,0007AC5939,K49
2020-06-24 04:59:23,0006B3AC35,K49
2020-06-24 05:01:42,00079A0255,K49
2020-06-24 05:02:22,0006E239ED,K49
2020-06-24 05:05:29,0006E24C7B,K49
2020-06-24 05:07:55,00075CE063,K49
2020-06-24 05:08:07,00068E1731,K49
2020-06-24 05:10:13,0007ABC5F2,K49
2020-06-24 05:13:02,0006B3BF04,K49
2020-06-24 05:13:36,00079A0255,K49
2020-06-24 05:14:58,00074EEC1A,K49
2020-06-24 05:18:00,0006B3AC35,K49
2020-06-24 05:18:21,00068E1731,K49
2020-06-24 05:18:43,0006E239ED,K49
2020-06-24 05:22:02,00071E15BF,K49
2020-06-24 05:31:22,00068E1731,K49
2020-06-24 05:35:07,00079A0255,K49
2020-06-24 05:41:53,00068E1731,K49
2020-06-24 05:47:29,00079A0255,K49
2020-06-24 05:55:38,00068E1731,K49
2020-06-24 05:57:13,0006B3AC35,K49
2020-06-24 06:02:35,0006E24C7B,K49
2020-06-24 06:07:17,00068E1731,K49
2020-06-24 06:11:24,00079A0255,K49
2020-06-24 06:23:31,0006E239ED,K49
2020-06-24 06:25:27,00079AAA3C,K49
2020-06-24 06:25:43,00068E1731,K49
2020-06-24 06:35:45,00068E1731,K49
2020-06-24 06:37:55,00079A0255,K49
2020-06-24 06:43:25,00075B29B2,K49
2020-06-24 06:45:49,0006B3AC35,K49
2020-06-24 06:50:25,0007AC5939,K49
2020-06-24 06:55:51,0006B3AC35,K49
2020-06-24 07:05:53,0006B3AC35,K49
2020-06-24 07:09:49,00068E1731,K49
2020-06-24 07:10:07,0006E24C7B,K49
2020-06-24 07:15:18,0007AC80F1,K49
2020-06-24 07:22:10,00068E1731,K49
2020-06-24 07:34:24,00068E1731,K49
2020-06-24 07:44:25,00068E1731,K49
2020-06-24 07:46:34,0006E24C7B,K49
2020-06-24 08:06:09,00068E1731,K49
2020-06-24 08:16:35,00068E1731,K49
2020-06-24 08:26:36,00068E1731,K49
2020-06-24 08:29:00,0006B34FE4,K49
2020-06-24 08:29:12,00075D879F,K49
2020-06-24 08:38:32,00068E1731,K49
2020-06-24 08:50:18,00068E1731,K49
2020-06-24 09:00:07,00079AAA3C,K49
2020-06-24 09:10:08,00079AAA3C,K49
2020-06-24 10:22:56,0007AC80F1,K49
2020-06-24 10:51:46,0007ABC5F2,K49
2020-06-24 11:13:55,00075D879F,K49
2020-06-24 11:29:14,00068E1731,K49
2020-06-24 11:42:36,00068E1731,K49
2020-06-24 12:15:45,00068E1731,K49
2020-06-24 12:28:59,00068E1731,K49
2020-06-24 12:40:18,0006E239ED,K49
2020-06-24 12:45:07,0007ABA539,K96
2020-06-24 12:47:53,0006B3AC35,K49
2020-06-24 13:04:10,0007ABD629,K49
2020-06-24 13:18:59,0007ABD629,K49
2020-06-24 13:39:26,00068E1731,K49
2020-06-24 14:11:55,00068E1731,K49
2020-06-24 14:13:28,0007ABD629,K49
2020-06-24 14:23:29,0007ABD629,K49
2020-06-24 14:55:06,00068E1731,K49
2020-06-24 14:55:41,0006E24ECA,K49
2020-06-24 15:13:33,00068E1731,K49
2020-06-24 15:15:13,0007AC5939,K49
2020-06-24 15:34:39,0006E24C7B,K49
2020-06-24 15:38:10,00068E1731,K49
2020-06-24 15:48:30,00068E1731,K49
2020-06-24 15:53:22,00071E15BF,K49
2020-06-24 15:57:46,0007AC80F1,K49
2020-06-24 16:04:39,0006E24ECA,K49
2020-06-24 16:17:55,00068E1731,K49
2020-06-24 16:20:18,0007ABD629,K49
2020-06-24 16:37:14,0007ABD629,K49
2020-06-24 16:47:15,0007ABD629,K49
2020-06-24 17:32:58,00075B29B2,K49
2020-06-24 17:49:50,00075CE063,K49
2020-06-24 18:09:44,00079A0255,K49
2020-06-24 18:16:30,000783F377,K49
2020-06-24 18:21:30,0006B3AC35,K49
2020-06-24 18:23:04,0007AC5939,K49
2020-06-24 18:24:49,00074EEC1A,K96
2020-06-24 18:33:05,0007AC5939,K49
2020-06-24 18:43:06,0007AC5939,K49
2020-06-24 18:53:07,0007AC5939,K49
2020-06-24 18:56:36,0007ABD629,K49
2020-06-24 19:03:08,0007AC5939,K49
2020-06-24 19:11:06,0007ABD629,K49
2020-06-24 19:12:59,0006B34FE4,K49
2020-06-24 19:19:36,00068E1731,K49
2020-06-24 19:22:14,00071E15BF,K49
2020-06-24 19:26:58,0006E24C7B,K49
2020-06-24 19:29:34,00079AAA3C,K49
2020-06-24 19:31:47,301F9AAA3C,K49
2020-06-24 19:33:37,00068E1731,K49
2020-06-24 19:45:14,00071E15BF,K49
2020-06-24 19:51:37,00068E1731,K49
2020-06-24 19:52:40,0007AC80F1,K49
2020-06-24 19:54:32,00079A0255,K49
2020-06-24 19:59:44,00071E15BF,K49
2020-06-24 20:01:11,00068E377E,K49
2020-06-24 20:01:49,00068E1731,K49
2020-06-24 20:11:50,00068E1731,K49
2020-06-24 20:29:59,00068E1731,K49
2020-06-24 20:30:38,0006B34FE4,K49
2020-06-24 20:44:45,00068E1731,K49
2020-06-24 20:44:47,00068E377E,K49
2020-06-24 20:55:56,00068E1731,K49
2020-06-24 21:08:45,00068E1731,K49
2020-06-24 21:21:40,000783F377,K49
2020-06-24 21:24:22,0006E24C7B,K49
2020-06-24 21:28:42,00075D879F,K49
2020-06-24 21:28:44,00068E1731,K49
2020-06-24 21:31:27,0007AC80F1,K49
2020-06-24 21:32:25,0006E24ECA,K49
2020-06-24 21:33:16,0006E241C1,K49
2020-06-24 21:35:47,0007AC5939,K49
2020-06-24 21:36:03,000783CB2B,K96
2020-06-24 21:37:27,0006E239ED,K49
2020-06-24 21:37:30,00074F663E,K96
2020-06-24 21:37:50,000799A5EF,K96
2020-06-24 21:38:32,00074F7C6F,K96
2020-06-24 21:38:43,00075D879F,K49
2020-06-24 21:39:04,0007ABA539,K96
2020-06-24 21:40:22,000786D14D,K96
2020-06-24 21:40:45,00075B22B0,K96
2020-06-24 21:41:28,0007AC80F1,K49
2020-06-24 21:42:48,000786B8A2,K96
2020-06-24 21:46:27,00074EEC1A,K96
2020-06-24 21:46:59,00075D076C,K96
2020-06-24 21:52:15,000788A24D,K96
2020-06-24 22:38:34,00074F7C6F,K96
2020-06-24 22:54:38,000783CB2B,K96
2020-06-24 22:55:52,000786D14D,K96
2020-06-24 22:58:58,0006E24C7B,K96
2020-06-24 23:01:27,00074F663E,K96
2020-06-24 23:05:32,00074F7C6F,K96
2020-06-24 23:07:22,0007ABA539,K96
2020-06-24 23:23:39,00075D879F,K96
2020-06-24 23:27:54,000786D14D,K96
2020-06-24 23:28:19,0006E239ED,K96
2020-06-24 23:29:12,00075B29B2,K96
2020-06-24 23:31:59,00074EEC1A,K96
2020-06-24 23:34:07,0006B34FE4,K96
2020-06-24 23:37:41,000783CB2B,K96
2020-06-24 23:37:58,0006B3BF04,K96
2020-06-24 23:47:01,0006E24C7B,K96
2020-06-24 23:49:26,000783CB2B,K96
2020-06-24 23:50:51,00075B22B0,K96
2020-06-24 23:51:29,0007AC80F1,K96
2020-06-24 23:54:55,00075D076C,K96
2020-06-25 00:02:28,000783F377,K96
2020-06-25 00:03:21,00074F7C6F,K96
2020-06-25 00:04:45,0007AC80F1,K96
2020-06-25 00:04:54,000786D14D,K96
2020-06-25 00:04:56,000783CB2B,K96
2020-06-25 00:06:06,00075D076C,K96
2020-06-25 00:07:37,0006E24C7B,K96
2020-06-25 00:13:34,00074F663E,K96
2020-06-25 00:17:34,0007AC80F1,K96
2020-06-25 00:17:41,0006E24C7B,K96
2020-06-25 00:20:42,00071E15BF,K96
2020-06-25 00:30:47,00071E15BF,K96
2020-06-25 00:42:19,0007ABA539,K96
2020-06-25 00:43:01,00074EEC1A,K96
2020-06-25 00:43:06,00074F7C6F,K96
2020-06-25 00:55:24,0007ABA539,K96
2020-06-25 00:58:44,00074F7C6F,K96
2020-06-25 01:07:43,00074EEC1A,K96
2020-06-25 01:20:12,00074EEC1A,K96
2020-06-25 01:21:03,00075B22B0,K96
2020-06-25 01:25:03,00068E377E,K96
2020-06-25 01:32:20,00075B22B0,K96
2020-06-25 01:38:49,00068E377E,K96
2020-06-25 09:49:47,0006CC23D6,K96
2020-06-25 12:57:05,0006CC23D6,KPGB
2020-06-25 13:30:39,0006CC23D6,K39
2020-06-25 13:36:43,00074F663E,KPGB
2020-06-25 14:02:47,000786D14D,KPGB
2020-06-25 14:14:32,00068E377E,KPGB
2020-06-25 14:15:14,000786D14D,KPGB
2020-06-25 14:17:55,00068E1731,KPGB
2020-06-25 14:41:01,00068E1731,KPGB
2020-06-25 14:51:02,00068E1731,KPGB
2020-06-25 15:01:31,00068E1731,KPGB
2020-06-25 15:13:41,00074EEC1A,KPGB
2020-06-25 15:16:28,00068E1731,KPGB
2020-06-25 15:18:22,000783F377,KPGB
2020-06-25 15:24:23,00074EEC1A,KPGB
2020-06-25 15:28:23,000783F377,KPGB
2020-06-25 15:38:24,000783F377,KPGB
2020-06-25 15:39:17,00068E1731,KPGB
2020-06-25 15:40:17,0006E24C7B,KPGB
2020-06-25 15:44:57,0006E239ED,KPGB
2020-06-25 15:46:06,000786B8A2,KPGB
2020-06-25 15:48:25,000783F377,KPGB
2020-06-25 15:55:27,0007ABD629,KPGB
2020-06-25 15:58:26,000783F377,KPGB
2020-06-25 15:58:58,000786D14D,KPGB
2020-06-25 16:00:50,00075D879F,KPGB
2020-06-25 16:07:44,00075CE063,KPGB
2020-06-25 16:09:11,00075B22B0,KPGB
2020-06-25 16:09:32,000783F377,KPGB
2020-06-25 16:10:44,0006B3BF04,KPGB
2020-06-25 16:11:04,00068E1731,KPGB
2020-06-25 16:28:54,00068E1731,KPGB
2020-06-25 16:34:06,00075CE063,KPGB
2020-06-25 16:39:36,00068E1731,KPGB
2020-06-25 16:47:30,000783F377,KPGB
2020-06-25 16:55:14,0006B3BF04,KPGB
2020-06-25 16:57:53,000783F377,KPGB
2020-06-25 17:00:16,00068E1731,KPGB
2020-06-25 17:07:36,00068E377E,KPGB
2020-06-25 17:08:01,000783F377,KPGB
2020-06-25 17:09:34,00074EEC1A,KPGB
2020-06-25 17:09:52,0007ABDCCF,KPGB
2020-06-25 17:12:30,00071E15BF,KPGB
2020-06-25 17:17:38,00068E1731,KPGB
2020-06-25 17:20:12,00074EEC1A,KPGB
2020-06-25 17:20:52,0007ABF44A,KPGB
2020-06-25 17:21:13,00075B22B0,KPGB
2020-06-25 17:23:26,00075B29B2,KPGB
2020-06-25 17:30:05,0007ABD629,KPGB
2020-06-25 17:31:25,0007ABF44A,KPGB
2020-06-25 17:37:57,00074EEC1A,KPGB
2020-06-25 17:41:26,0007ABF44A,KPGB
2020-06-25 17:46:16,0006E241C1,KPGB
2020-06-25 21:54:39,00079AAA3C,K39
2020-06-25 21:54:59,00079A0255,K39
2020-06-25 21:55:06,000799A5EF,K39
2020-06-25 21:59:12,000783CB2B,K39
2020-06-25 22:00:13,0006B3B75C,K39
2020-06-25 22:00:29,0006CC24E9,K39
2020-06-25 22:01:59,000788A24D,K39
2020-06-25 22:22:46,0006E24C7B,K39
2020-06-25 22:28:25,0006B3AC35,K39
2020-06-25 22:34:01,00079AAA3C,K39
2020-06-25 22:38:46,0006E239ED,K39
2020-06-25 22:44:35,0006B3AC35,K39
2020-06-25 22:45:31,0006B3BF04,K39
2020-06-25 22:50:56,0006E239ED,K39
2020-06-25 23:03:05,0006E24C7B,K39
2020-06-25 23:06:36,0006B34FE4,K39
2020-06-25 23:08:12,0006B3AC35,K39
2020-06-25 23:08:54,0006B3BF04,K39
2020-06-25 23:09:22,0007ABC5F2,K39
2020-06-25 23:11:12,00075D879F,K39
2020-06-25 23:12:46,00074F663E,K39
2020-06-25 23:12:49,0007ABDCCF,K39
2020-06-25 23:16:22,0007ABA539,K39
2020-06-25 23:22:37,00075D879F,K39
2020-06-25 23:22:45,000783F377,K39
2020-06-25 23:24:11,0007ABF44A,K39
2020-06-25 23:25:39,0007ABDCCF,K39
2020-06-25 23:26:07,00075CE063,K39
2020-06-25 23:26:09,0007ABC5F2,K39
2020-06-25 23:27:01,0006E24C7B,K39
2020-06-25 23:27:23,0007AC80F1,K39
2020-06-25 23:29:03,00071E2D31,K39
2020-06-25 23:29:43,0007ABA539,K39
2020-06-25 23:30:14,0006E241C1,K39
2020-06-25 23:34:42,0006E239ED,K39
2020-06-25 23:35:00,0007ABF44A,K39
2020-06-25 23:35:12,000783F377,K39
2020-06-25 23:35:23,0006B34FE4,K39
2020-06-25 23:40:08,0006E24C7B,K39
2020-06-25 23:41:03,00075CE063,K39
2020-06-25 23:42:08,00074EEC1A,K39
2020-06-25 23:42:26,0007ABC5F2,K39
2020-06-25 23:42:32,00075D879F,K39
2020-06-25 23:44:28,0007AC80F1,K39
2020-06-25 23:47:08,00068E377E,K39
2020-06-25 23:48:13,0007ABA539,K39
2020-06-25 23:48:40,00074F7C6F,K39
2020-06-25 23:48:50,0006E239ED,K39
2020-06-25 23:50:12,00071E15BF,K39
2020-06-25 23:57:28,0006B3BF04,K39
2020-06-25 23:59:11,00075D076C,K39
2020-06-26 00:01:23,000786D14D,K39
2020-06-26 00:02:46,00071E15BF,K39
2020-06-26 00:03:10,000799A5EF,K39
2020-06-26 00:04:09,00074EEC1A,K39
2020-06-26 00:04:15,0006E24ECA,K39
2020-06-26 00:05:41,00079A0255,K39
2020-06-26 00:06:43,0007ABDCCF,K39
2020-06-26 00:06:50,00075D879F,K39
2020-06-26 00:08:56,0006B3BF04,K39
2020-06-26 00:09:10,0006B3AC35,K39
2020-06-26 00:09:45,00068E377E,K39
2020-06-26 00:10:12,0007AC44BD,K39
2020-06-26 00:11:29,000783CB2B,K39
2020-06-26 00:14:20,0007AC80F1,K39
2020-06-26 00:16:44,00075CE063,K39
2020-06-26 00:17:00,000786D14D,K39
2020-06-26 00:17:48,00074EEC1A,K39
2020-06-26 00:18:25,00074F663E,K39
2020-06-26 00:19:55,0006E24ECA,K39
2020-06-26 00:20:58,00079AAA3C,K39
2020-06-26 00:21:06,0006B3AC35,K39
2020-06-26 00:24:44,00075B29B2,K39
2020-06-26 00:24:53,00074F7C6F,K39
2020-06-26 00:25:51,00075B22B0,K39
2020-06-26 00:26:37,0007ABF44A,K39
2020-06-26 00:28:38,00074EEC1A,K39
2020-06-26 00:29:13,00075CE063,K39
2020-06-26 00:29:46,0007AC80F1,K39
2020-06-26 00:30:49,0007ABC5F2,K39
2020-06-26 00:31:19,0007ABD629,K39
2020-06-26 00:34:53,00075B29B2,K39
2020-06-26 00:37:32,0006E241C1,K39
2020-06-26 00:37:48,0006E24C7B,K39
2020-06-26 00:38:03,00075D879F,K39
2020-06-26 00:42:06,00074F663E,K39
2020-06-26 00:45:24,0006E239ED,K39
2020-06-26 00:45:28,000783F377,K39
2020-06-26 00:46:42,0007ABA539,K39
2020-06-26 00:47:24,000783CB2B,K39
2020-06-26 00:49:32,0006E24ECA,K39
2020-06-26 00:51:32,00074EEC1A,K39
2020-06-26 00:53:14,0006CC24E9,K39
2020-06-26 00:53:17,0007ABDCCF,K39
2020-06-26 00:55:12,00074F7C6F,K39
2020-06-26 00:55:28,0006E239ED,K39
2020-06-26 00:55:47,000786D14D,K39
2020-06-26 00:56:56,00075CE063,K39
2020-06-26 00:57:07,00079A0255,K39
2020-06-26 00:57:31,000783F377,K39
2020-06-26 00:58:35,0006E24C7B,K39
2020-06-26 00:59:49,00075D879F,K39
2020-06-26 00:59:52,000788A24D,K39
2020-06-26 01:01:18,0006B3BF04,K39
2020-06-26 01:04:07,00074EEC1A,K39
2020-06-26 01:06:03,0007AC44BD,K39
2020-06-26 01:06:31,0007ABA539,K39
2020-06-26 01:08:17,0007AC80F1,K39
2020-06-26 01:10:29,000783CB2B,K39
2020-06-26 01:12:47,00075CE063,K39
2020-06-26 01:16:22,0006B34FE4,K39
2020-06-26 01:16:50,00071E2D31,K39
2020-06-26 01:18:56,00079A0255,K39
2020-06-26 01:19:13,0006B3BF04,K39
2020-06-26 01:19:58,0007AC5939,K39
2020-06-26 01:21:13,00075D076C,K39
2020-06-26 01:22:14,0006B3AC35,K39
2020-06-26 01:22:43,00068E377E,K39
2020-06-26 01:27:31,0006B34FE4,K39
2020-06-26 01:28:55,0006E24C7B,K39
2020-06-26 01:33:33,0007AC80F1,K39
2020-06-26 01:35:13,00075D076C,K39
2020-06-26 01:35:49,00074EEC1A,K39
2020-06-26 01:36:35,0007ABC5F2,K39
2020-06-26 01:36:59,0006B3AC35,K39
2020-06-26 01:38:46,000786B8A2,K39
2020-06-26 01:39:10,000786D14D,K39
2020-06-26 01:39:49,0007ABF44A,K39
2020-06-26 01:40:14,00075B22B0,K39
2020-06-26 01:42:00,000783F377,K39
2020-06-26 01:42:53,0007ABDCCF,K39
2020-06-26 01:45:14,0006E241C1,K39
2020-06-26 01:46:14,0007AC5939,K39
2020-06-26 01:46:44,000783CB2B,K39
2020-06-26 01:47:04,00075D879F,K39
2020-06-26 01:48:08,0006E24C7B,K39
2020-06-26 01:49:57,00074F7C6F,K39
2020-06-26 01:50:16,0007ABF44A,K39
2020-06-26 01:51:07,0007ABD629,K39
2020-06-26 01:52:41,00075B22B0,K39
2020-06-26 01:53:00,00075B29B2,K39
2020-06-26 01:54:12,0007ABC5F2,K39
2020-06-26 01:54:36,00071E2D31,K39
2020-06-26 01:55:26,0007ABDCCF,K39
2020-06-26 01:56:08,0006E24ECA,K39
2020-06-26 01:56:40,00074EEC1A,K39
2020-06-26 01:59:44,0007ABA539,K39
2020-06-26 02:00:26,00075D879F,K39
2020-06-26 02:02:08,000783F377,K39
2020-06-26 02:03:04,00079A0255,K39
2020-06-26 02:03:40,00075D076C,K39
2020-06-26 02:06:12,00068E377E,K39
2020-06-26 02:08:03,0006E239ED,K39
2020-06-26 02:10:20,00074F663E,K39
2020-06-26 02:15:31,0007ABA539,K39
2020-06-26 02:18:59,00068E1731,K39
2020-06-26 02:21:03,0007AC5939,K39
2020-06-26 02:21:16,00075D879F,K39
2020-06-26 02:23:45,0007ABDCCF,K39
2020-06-26 02:23:55,00075D076C,K39
2020-06-26 02:25:02,00079AAA3C,K39
2020-06-26 02:25:14,00068E377E,K39
2020-06-26 02:25:21,00075B29B2,K39
2020-06-26 02:26:29,00074F7C6F,K39
2020-06-26 02:26:31,0006E239ED,K39
2020-06-26 02:32:23,00079A0255,K39
2020-06-26 02:32:52,00074EEC1A,K39
2020-06-26 02:32:59,00071E15BF,K39
2020-06-26 02:33:09,0007ABC5F2,K39
2020-06-26 02:33:46,0006E241C1,K39
2020-06-26 02:33:50,000783F377,K39
2020-06-26 02:35:21,00075CE063,K39
2020-06-26 02:36:29,0006B3AC35,K39
2020-06-26 02:37:42,0006B3BF04,K39
2020-06-26 02:37:59,0007AC5939,K39
2020-06-26 02:40:30,000783CB2B,K39
2020-06-26 02:40:34,000786D14D,K39
2020-06-26 02:40:49,0007ABF44A,K39
2020-06-26 02:43:13,0006CC24E9,K39
2020-06-26 02:44:12,000783F377,K39
2020-06-26 02:44:37,00079A0255,K39
2020-06-26 02:48:14,00071E15BF,K39
2020-06-26 02:50:12,0006E24ECA,K39
2020-06-26 02:50:25,0006B3AC35,K39
2020-06-26 02:50:45,0006E239ED,K39
2020-06-26 02:51:20,0007AC80F1,K39
2020-06-26 02:51:58,0007ABD629,K39
2020-06-26 02:53:58,00074EEC1A,K39
2020-06-26 02:54:51,0006B3BF04,K39
2020-06-26 02:55:33,0006CC24E9,K39
2020-06-26 02:55:56,0007ABA539,K39
2020-06-26 02:57:10,0006B34FE4,K39
2020-06-26 02:58:10,00075D879F,K39
2020-06-26 03:00:12,00071E15BF,K39
2020-06-26 03:01:37,00075B22B0,K39
2020-06-26 03:03:01,00074F663E,K39
2020-06-26 03:03:36,0006E24C7B,K39
2020-06-26 03:07:47,0006E239ED,K39
2020-06-26 03:08:26,0007ABA539,K39
2020-06-26 03:10:04,00068E377E,K39
2020-06-26 03:16:04,00068E1731,K39
2020-06-26 03:18:17,0006E241C1,K39
2020-06-26 03:19:45,00075B29B2,K39
2020-06-26 03:22:39,0007AC5939,K39
2020-06-26 03:23:52,00075D076C,K39
2020-06-26 03:27:54,000783F377,K39
2020-06-26 03:28:20,000786D14D,K39
2020-06-26 03:31:44,00075CE063,K39
2020-06-26 03:31:58,00079A0255,K39
2020-06-26 03:33:35,0007AC5939,K39
2020-06-26 03:35:47,00075D076C,K39
2020-06-26 03:37:42,00074F7C6F,K39
2020-06-26 03:43:07,000783CB2B,K39
2020-06-26 03:58:21,0007ABDCCF,K39
2020-06-26 04:09:50,00068E377E,K39
2020-06-26 04:23:55,00074EEC1A,K39
2020-06-26 04:28:31,0006B3AC35,K39
2020-06-26 04:29:23,0007AC44BD,K39
2020-06-26 04:33:36,00071E15BF,K39
2020-06-26 04:38:43,0006E239ED,K39
2020-06-26 04:38:50,0006CC24E9,K39
2020-06-26 04:38:58,00079AAA3C,K39
2020-06-26 04:40:12,000799A5EF,K39
2020-06-26 04:43:37,0006B3B75C,K39
2020-06-26 04:49:32,0007AC5939,K39
2020-06-26 04:51:24,0006E241C1,K39
2020-06-26 04:51:27,0007ABA539,K39
2020-06-26 04:52:00,000783F377,K39
2020-06-26 04:52:56,000799A5EF,K39
2020-06-26 04:53:05,00068E377E,K39
2020-06-26 04:53:41,0007AC80F1,K39
2020-06-26 04:54:29,0007AC44BD,K39
2020-06-26 04:55:54,000783CB2B,K39
2020-06-26 04:56:28,00074F7C6F,K39
2020-06-26 04:56:48,00074F663E,K39
2020-06-26 05:04:03,0006E241C1,K39
2020-06-26 05:09:25,0006B3BF04,K39
2020-06-26 05:49:45,0006B3BF04,K39
2020-06-26 08:04:52,0007AC5939,K39
2020-06-26 14:13:50,00074EEC1A,K39
2020-06-26 14:31:36,0006E241C1,K39
2020-06-26 14:32:23,00074EEC1A,K39
2020-06-26 14:42:24,00074EEC1A,K39
2020-06-26 14:42:37,0006E241C1,K39
2020-06-26 14:42:39,00068E1731,K39
2020-06-26 14:52:41,00068E1731,K39
2020-06-26 15:07:00,00068E1731,K39
2020-06-26 15:11:34,0006E24ECA,K39
2020-06-26 17:30:33,00075B22B0,K39
2020-06-26 17:40:14,00068E1731,K39
2020-06-26 17:42:51,00075B22B0,K39
2020-06-26 17:50:34,00068E1731,K39
2020-06-26 17:58:46,00074F663E,K39
2020-06-26 18:00:44,00068E1731,K39
2020-06-26 18:10:45,00068E1731,K39
2020-06-26 18:20:46,00068E1731,K39
2020-06-26 18:30:47,00068E1731,K39
2020-06-26 18:39:08,00075D879F,K39
2020-06-26 18:49:09,00075D879F,K39
2020-06-26 18:59:10,00075D879F,K39
2020-06-26 19:09:11,00075D879F,K39
2020-06-26 19:09:31,00068E1731,K39
2020-06-27 11:01:48,0007ABDCCF,K7
2020-06-27 11:10:54,00074F663E,K7
2020-06-27 11:29:54,0006B3BF04,K7
2020-06-27 11:57:42,0006E241C1,K7
2020-06-27 12:12:55,000786B8A2,K7
2020-06-27 12:34:37,00075D076C,K28
2020-06-27 12:53:45,00068E1731,K7
2020-06-27 13:04:38,0007ABF44A,K28
2020-06-27 13:26:21,0006B3BF04,K7
2020-06-27 14:08:36,0006E241C1,K7
2020-06-27 14:20:30,00074EEC1A,K7
2020-06-27 14:22:54,00075B29B2,K7
2020-06-27 14:47:54,0006E24ECA,K28
2020-06-27 14:50:06,00075CE063,K7
2020-06-27 14:57:55,0006E24ECA,K28
2020-06-27 15:02:34,000786D14D,K7
2020-06-27 15:03:22,00068E1731,K7
2020-06-27 15:06:11,00071E2D31,K28
2020-06-27 15:13:26,00068E1731,K7
2020-06-27 15:20:09,000783F377,K28
2020-06-27 15:28:45,00075D076C,K28
2020-06-27 15:31:07,000783F377,K28
2020-06-27 15:34:46,0006E24C7B,K7
2020-06-27 15:41:08,000783F377,K28
2020-06-27 15:47:07,0007ABD629,K7
2020-06-27 15:51:09,000783F377,K28
2020-06-27 15:57:53,00074EEC1A,K7
2020-06-27 16:01:35,0007ABD629,K7
2020-06-27 16:01:59,00075D076C,K28
2020-06-27 16:05:43,000783F377,K28
2020-06-27 16:11:36,0007ABD629,K7
2020-06-27 16:30:13,00075D879F,K28
2020-06-27 16:41:55,000786B8A2,K7
2020-06-27 16:49:11,00068E1731,K7
2020-06-27 16:59:40,00068E1731,K7
2020-06-27 17:18:28,00071E15BF,K28
2020-06-27 17:20:37,000786D14D,K7
2020-06-27 17:20:51,00074F663E,K7
2020-06-27 17:50:21,00079A0255,K28
2020-06-27 18:03:18,00079A0255,K28
2020-06-27 18:14:50,0007AC5939,K28
2020-06-27 18:42:31,00074F663E,K7
2020-06-27 19:09:08,00075CE063,K7
2020-06-27 19:15:35,00074F663E,K7
2020-06-27 19:25:04,00068E1731,K7
2020-06-27 19:29:32,00075B22B0,K28
2020-06-27 19:31:49,00074F663E,K7
2020-06-27 19:37:09,00068E1731,K7
2020-06-27 19:41:50,00074F663E,K7
2020-06-27 19:47:14,00068E1731,K7
2020-06-27 19:54:23,00074F663E,K7
2020-06-27 20:04:24,00074F663E,K7
2020-06-27 20:08:02,00068E1731,K7
2020-06-27 20:18:06,000786B8A2,K7
2020-06-27 20:31:35,000786D14D,K7
2020-06-27 20:42:16,000786D14D,K7
2020-06-27 20:56:22,000786D14D,K7
2020-06-27 21:16:41,000786D14D,K7
2020-06-27 21:20:34,00075D076C,K28
2020-06-27 21:20:53,0006E241C1,K7
2020-06-27 21:21:22,00075CE063,K7
2020-06-27 21:22:33,0007ABD629,K7
2020-06-27 21:23:54,0007ABC5F2,K7
2020-06-27 21:25:34,00074F7C6F,K28
2020-06-27 21:27:30,0006B3BF04,K7
2020-06-27 21:27:35,0007AC80F1,K7
2020-06-27 21:27:40,0006E239ED,K7
2020-06-27 21:28:03,00075B22B0,K28
2020-06-27 21:29:33,000786D14D,K7
2020-06-27 21:30:45,000799A5EF,K7
2020-06-27 21:32:23,0006E24C7B,K7
2020-06-27 21:32:43,00074F663E,K7
2020-06-27 21:33:00,0007ABD629,K7
2020-06-27 21:33:19,00068E1731,K7
2020-06-27 21:33:27,0007ABA539,K28
2020-06-27 21:33:32,00075D879F,K28
2020-06-27 21:33:40,00068E377E,K7
2020-06-27 21:34:02,0007ABDCCF,K7
2020-06-27 21:35:39,00074F7C6F,K28
2020-06-27 21:36:02,00074EEC1A,K7
2020-06-27 21:36:11,000783F377,K28
2020-06-27 21:36:23,00075CE063,K7
2020-06-27 21:36:26,0007AC5939,K28
2020-06-27 21:38:05,000783CB2B,K28
2020-06-27 21:38:06,0006B3B75C,K7
2020-06-27 21:39:44,00075B29B2,K7
2020-06-27 21:40:19,0006E24ECA,K28
2020-06-27 21:40:35,0006B34FE4,K28
2020-06-27 21:44:17,00079A0255,K28
2020-06-27 21:46:17,000786B8A2,K7
2020-06-27 21:46:28,0007ABF44A,K28
2020-06-27 21:47:30,00071E15BF,K28
2020-06-27 21:48:13,0006B3AC35,K7
2020-06-27 21:48:17,0006CC24E9,K7
2020-06-27 21:48:40,000788A24D,K7
2020-06-27 21:48:57,00075D076C,K28
2020-06-27 21:49:11,00079AAA3C,K7
2020-06-27 21:52:59,0007AC44BD,K7
2020-06-27 21:56:23,00071E2D31,K28
2020-06-27 22:26:15,0006E24C7B,K28
2020-06-27 22:45:10,0007ABDCCF,K28
2020-06-27 22:49:52,0007ABC5F2,K7
2020-06-27 22:57:05,0007AC80F1,K28
2020-06-27 22:59:08,00068E377E,K7
2020-06-27 23:00:00,00074F663E,K28
2020-06-27 23:02:39,00075CE063,K7
2020-06-27 23:03:43,0006E239ED,K7
2020-06-27 23:07:46,0007AC80F1,K7
2020-06-27 23:08:56,00074EEC1A,K7
2020-06-27 23:09:38,0006B34FE4,K28
2020-06-27 23:10:09,000783CB2B,K28
2020-06-27 23:12:14,0006B3BF04,K7
2020-06-27 23:12:27,0007ABDCCF,K7
2020-06-27 23:13:23,00075CE063,K7
2020-06-27 23:14:24,0006E24ECA,K7
2020-06-27 23:15:04,00075B29B2,K7
2020-06-27 23:15:44,00068E377E,K7
2020-06-27 23:17:33,000786D14D,K7
2020-06-27 23:17:38,000783F377,K7
2020-06-27 23:21:30,0007AC80F1,K7
2020-06-27 23:22:31,0006B3BF04,K28
2020-06-27 23:22:51,00068E1731,K7
2020-06-27 23:24:43,0006E24ECA,K28
2020-06-27 23:26:02,0007ABF44A,K28
2020-06-27 23:26:15,0007ABA539,K28
2020-06-27 23:28:08,00074F7C6F,K28
2020-06-27 23:30:10,0007AC5939,K28
2020-06-27 23:32:10,00075B29B2,K7
2020-06-27 23:32:47,0007AC80F1,K28
2020-06-27 23:33:20,0007ABD629,K7
2020-06-27 23:34:10,000783F377,K7
2020-06-27 23:35:47,0007ABC5F2,K7
2020-06-27 23:36:18,0006E241C1,K7
2020-06-27 23:36:30,00079A0255,K28
2020-06-27 23:39:32,0006B3AC35,K7
2020-06-27 23:40:00,0006E24C7B,K7
2020-06-27 23:41:16,00075D879F,K28
2020-06-27 23:41:49,0006B3BF04,K28
2020-06-27 23:44:44,0007AC80F1,K7
2020-06-27 23:45:56,00068E1731,K7
2020-06-27 23:46:54,00075B22B0,K28
2020-06-27 23:47:31,0007ABC5F2,K28
2020-06-27 23:51:19,0006E24C7B,K7
2020-06-27 23:53:27,000783F377,K7
2020-06-27 23:53:51,00075D076C,K28
2020-06-27 23:54:01,000786D14D,K7
2020-06-27 23:55:12,0006E239ED,K7
2020-06-27 23:58:10,0007ABDCCF,K28
2020-06-28 00:00:08,00071E15BF,K28
2020-06-28 00:00:27,00074F663E,K7
2020-06-28 00:04:37,000783F377,K7
2020-06-28 00:06:40,0006E239ED,K7
2020-06-28 00:08:53,000786D14D,K7
2020-06-28 00:11:23,0006B3AC35,K28
2020-06-28 00:11:35,0007AC5939,K28
2020-06-28 00:11:37,00068E377E,K7
2020-06-28 00:13:06,0007ABC5F2,K28
2020-06-28 00:14:13,00071E15BF,K28
2020-06-28 00:14:37,0007ABDCCF,K7
2020-06-28 00:14:52,00075D076C,K7
2020-06-28 00:18:14,00068E1731,K7
2020-06-28 00:19:33,00075CE063,K28
2020-06-28 00:22:12,0006B34FE4,K28
2020-06-28 00:22:19,00074EEC1A,K7
2020-06-28 00:23:47,0007ABD629,K28
2020-06-28 00:28:36,0006B3BF04,K7
2020-06-28 00:31:35,00071E15BF,K28
2020-06-28 00:32:22,0006E239ED,K7
2020-06-28 00:34:36,0006B3AC35,K7
2020-06-28 00:36:50,0007ABD629,K7
2020-06-28 00:37:02,00075CE063,K7
2020-06-28 00:37:21,00079A0255,K28
2020-06-28 00:37:39,00074F7C6F,K28
2020-06-28 00:37:40,000783CB2B,K28
2020-06-28 00:41:17,0006B3BF04,K7
2020-06-28 00:42:17,0006E24ECA,K28
2020-06-28 00:42:54,00075D076C,K28
2020-06-28 00:43:17,0007AC80F1,K28
2020-06-28 00:43:39,0006E239ED,K7
2020-06-28 00:46:14,0007ABF44A,K28
2020-06-28 00:46:17,00075B29B2,K28
2020-06-28 00:46:22,0006E24C7B,K7
2020-06-28 00:46:57,0006E241C1,K7
2020-06-28 00:53:18,00068E1731,K7
2020-06-28 00:53:22,0006B3BF04,K7
2020-06-28 00:53:52,0007ABDCCF,K28
2020-06-28 00:54:59,00074EEC1A,K28
2020-06-28 00:56:32,0007ABC5F2,K28
2020-06-28 00:56:35,0007ABD629,K7
2020-06-28 00:57:06,00075B22B0,K28
2020-06-28 00:58:24,0006E24C7B,K28
2020-06-28 00:58:26,00075B29B2,K7
2020-06-28 00:58:27,000786D14D,K28
2020-06-28 00:58:31,00068E377E,K7
2020-06-28 01:00:37,0007ABA539,K28
2020-06-28 01:00:44,0007ABF44A,K28
2020-06-28 01:01:33,0007AC5939,K28
2020-06-28 01:05:45,0007ABDCCF,K7
2020-06-28 01:06:39,0007ABD629,K28
2020-06-28 01:06:40,00074F663E,K7
2020-06-28 01:06:54,0007ABC5F2,K28
2020-06-28 01:06:58,00074EEC1A,K7
2020-06-28 01:08:53,00068E377E,K7
2020-06-28 01:11:42,0006E24ECA,K7
2020-06-28 01:15:08,00079A0255,K28
2020-06-28 01:15:39,00075D879F,K28
2020-06-28 01:15:52,000783CB2B,K28
2020-06-28 01:15:53,000786D14D,K7
2020-06-28 01:16:55,00074F663E,K28
2020-06-28 01:17:07,0007ABC5F2,K28
2020-06-28 01:19:30,00068E377E,K28
2020-06-28 01:20:32,00074F7C6F,K7
2020-06-28 01:20:33,0007ABD629,K28
2020-06-28 01:21:26,00071E15BF,K7
2020-06-28 01:23:12,0006E24C7B,K28
2020-06-28 01:26:39,000799A5EF,K28
2020-06-28 01:27:35,000786D14D,K28
2020-06-28 01:27:49,0006E241C1,K7
2020-06-28 01:27:56,0006E24ECA,K28
2020-06-28 01:28:41,0006E239ED,K7
2020-06-28 01:31:43,00075CE063,K28
2020-06-28 01:32:15,00075D879F,K28
2020-06-28 01:33:23,0007ABC5F2,K28
2020-06-28 01:34:50,0007ABF44A,K28
2020-06-28 01:35:04,00071E15BF,K28
2020-06-28 01:40:22,0006E239ED,K7
2020-06-28 01:40:38,00075B22B0,K28
2020-06-28 01:40:47,0006B34FE4,K28
2020-06-28 01:41:02,000783F377,K7
2020-06-28 01:41:28,0007ABDCCF,K7
2020-06-28 01:41:57,000783CB2B,K28
2020-06-28 01:42:12,000786D14D,K28
2020-06-28 01:42:46,00075B29B2,K28
2020-06-28 01:45:14,00074F7C6F,K28
2020-06-28 01:45:20,00075CE063,K7
2020-06-28 01:47:20,00071E15BF,K28
2020-06-28 01:50:00,0006B3BF04,K7
2020-06-28 01:50:06,0007AC80F1,K28
2020-06-28 01:50:20,0007ABA539,K28
2020-06-28 01:50:25,0007AC5939,K28
2020-06-28 01:51:29,0007ABDCCF,K28
2020-06-28 01:52:08,000783F377,K7
2020-06-28 01:52:26,00068E1731,K7
2020-06-28 01:52:30,0006B3AC35,K28
2020-06-28 01:53:10,00075D076C,K28
2020-06-28 01:54:35,00075B29B2,K7
2020-06-28 01:56:36,00074F663E,K28
2020-06-28 01:57:11,00075CE063,K28
2020-06-28 01:57:31,00068E377E,K28
2020-06-28 01:57:53,0007ABC5F2,K28
2020-06-28 01:57:58,00074EEC1A,K7
2020-06-28 01:58:35,0007ABD629,K28
2020-06-28 01:59:38,00074F7C6F,K28
2020-06-28 02:00:48,0006E24C7B,K7
2020-06-28 02:01:03,000786D14D,K28
2020-06-28 02:01:52,0007ABDCCF,K28
2020-06-28 02:03:34,0006B3BF04,K7
2020-06-28 02:05:06,0006B3AC35,K7
2020-06-28 02:05:21,00075B29B2,K7
2020-06-28 02:06:38,00075D879F,K28
2020-06-28 02:07:45,0006E239ED,K7
2020-06-28 02:08:06,00075B22B0,K7
2020-06-28 02:10:22,0007ABC5F2,K28
2020-06-28 02:11:14,00074EEC1A,K28
2020-06-28 02:13:10,0007ABDCCF,K28
2020-06-28 02:13:45,0006E24C7B,K28
2020-06-28 02:14:26,0006B34FE4,K28
2020-06-28 02:14:38,000786B8A2,K28
2020-06-28 02:14:55,00071E2D31,K28
2020-06-28 02:15:37,00075CE063,K7
2020-06-28 02:16:51,00075D879F,K28
2020-06-28 02:18:58,00079A0255,K28
2020-06-28 02:19:22,00068E1731,K7
2020-06-28 02:21:34,0006E239ED,K7
2020-06-28 02:26:54,0006E241C1,K7
2020-06-28 02:27:07,000786D14D,K28
2020-06-28 02:29:40,00068E377E,K7
2020-06-28 02:30:32,000783CB2B,K28
2020-06-28 02:32:26,0006E239ED,K7
2020-06-28 02:32:56,0006E24ECA,K28
2020-06-28 02:35:05,0007ABC5F2,K28
2020-06-28 02:35:29,0006B3BF04,K7
2020-06-28 02:38:44,0007ABDCCF,K7
2020-06-28 02:40:09,0007ABA539,K28
2020-06-28 02:42:58,00074EEC1A,K28
2020-06-28 02:44:01,0006E239ED,K7
2020-06-28 02:44:34,000786D14D,K28
2020-06-28 02:45:58,0007AC80F1,K28
2020-06-28 02:46:16,0006B3AC35,K7
2020-06-28 02:47:01,00074F663E,K7
2020-06-28 02:49:03,00075D076C,K28
2020-06-28 02:51:19,0007AC5939,K28
2020-06-28 02:51:36,0006E24ECA,K28
2020-06-28 02:52:48,00074F7C6F,K28
2020-06-28 02:53:25,0007ABF44A,K28
2020-06-28 02:53:44,000783F377,K7
2020-06-28 02:53:50,0006B3BF04,K28
2020-06-28 02:57:07,0006E24C7B,K7
2020-06-28 02:57:43,000788A24D,K7
2020-06-28 02:58:25,00075B22B0,K28
2020-06-28 02:59:40,00075D076C,K28
2020-06-28 02:59:52,00075B29B2,K7
2020-06-28 03:01:01,00068E377E,K7
2020-06-28 03:01:58,0006E239ED,K28
2020-06-28 03:03:17,00075D879F,K28
2020-06-28 03:03:26,0007ABD629,K28
2020-06-28 03:03:34,00079A0255,K28
2020-06-28 03:04:42,00074EEC1A,K7
2020-06-28 03:05:13,0006B3BF04,K7
2020-06-28 03:05:46,00074F7C6F,K28
2020-06-28 03:06:36,000783F377,K7
2020-06-28 03:07:13,0006E24C7B,K7
2020-06-28 03:10:07,0006B34FE4,K28
2020-06-28 03:11:00,00068E1731,K7
2020-06-28 03:11:10,00068E377E,K28
2020-06-28 03:12:46,0007ABDCCF,K28
2020-06-28 03:13:11,000783CB2B,K28
2020-06-28 03:13:20,00075B29B2,K7
2020-06-28 03:13:23,00071E15BF,K28
2020-06-28 03:14:29,0007AC5939,K28
2020-06-28 03:15:01,00075D879F,K28
2020-06-28 03:18:14,0006E24C7B,K7
2020-06-28 03:18:42,000786D14D,K28
2020-06-28 03:19:17,0006B3AC35,K7
2020-06-28 03:20:12,00075CE063,K28
2020-06-28 03:21:51,0007ABA539,K28
2020-06-28 03:23:55,0006E241C1,K7
2020-06-28 03:28:18,00074EEC1A,K7
2020-06-28 03:29:52,0006B3AC35,K7
2020-06-28 03:31:14,000786D14D,K7
2020-06-28 03:32:36,00074F663E,K7
2020-06-28 03:35:45,0007ABA539,K28
2020-06-28 03:37:43,00068E1731,K7
2020-06-28 03:42:11,0006E239ED,K7
2020-06-28 03:45:14,00068E377E,K7
2020-06-28 03:45:17,000783CB2B,K28
2020-06-28 03:50:11,00074F7C6F,K28
2020-06-28 03:51:49,0007AC44BD,K28
2020-06-28 03:59:11,00075D879F,K28
2020-06-28 04:30:34,00074EEC1A,K28
2020-06-28 04:32:55,00071E15BF,K28
2020-06-28 04:35:22,00068E1731,K7
2020-06-28 04:35:40,000788A24D,K7
2020-06-28 04:36:14,000786D14D,K7
2020-06-28 04:43:32,00079A0255,K28
2020-06-28 04:44:27,0006B3BF04,K7
2020-06-28 04:46:18,0007ABC5F2,K28
2020-06-28 04:47:28,0006E239ED,K28
2020-06-28 04:47:31,0006B3AC35,K7
2020-06-28 04:47:49,00075B29B2,K7
2020-06-28 04:48:22,00079AAA3C,K7
2020-06-28 04:48:47,0007ABD629,K28
2020-06-28 04:48:52,0006E241C1,K7
2020-06-28 04:49:53,000783F377,K7
2020-06-28 04:51:11,0006E24ECA,K28
2020-06-28 04:51:43,0007ABDCCF,K28
2020-06-28 04:51:47,0007AC80F1,K28
2020-06-28 04:51:59,000786D14D,K7
2020-06-28 04:52:59,0006E24C7B,K7
2020-06-28 04:53:22,00075CE063,K28
2020-06-28 04:53:26,0007ABF44A,K28
2020-06-28 04:53:56,00071E2D31,K28
2020-06-28 04:54:45,00075D076C,K28
2020-06-28 04:55:24,0007AC5939,K28
2020-06-28 04:55:42,00075D879F,K28
2020-06-28 04:55:53,00075B22B0,K28
2020-06-28 04:56:08,00074F7C6F,K28
2020-06-28 04:56:55,00068E377E,K28
2020-06-28 04:58:09,000783CB2B,K28
2020-06-28 04:59:35,0007ABA539,K28
2020-06-28 05:04:03,000786D14D,K7
2020-06-28 05:04:47,00074F663E,K7
2020-06-28 05:06:01,0006B34FE4,K28
2020-06-28 05:07:50,00071E15BF,K28
2020-06-28 05:08:45,00074EEC1A,K7
2020-06-28 05:10:03,0007AC5939,K28
2020-06-28 05:18:28,00075B22B0,K28
2020-06-28 05:19:00,0006E239ED,K28
2020-06-28 05:22:52,00071E2D31,K28
2020-06-28 05:23:18,0006B34FE4,K28
2020-06-28 05:25:09,00075D879F,K28
2020-06-28 05:25:36,00075D076C,K28
2020-06-28 05:27:31,0007ABD629,K28
2020-06-28 05:29:17,0006E24ECA,K28
2020-06-28 05:30:32,0007ABDCCF,K28
2020-06-28 05:36:16,00075CE063,K28
2020-06-28 05:39:09,00075D076C,K28
2020-06-28 05:42:55,0007AC80F1,K28
2020-06-28 05:50:50,00071E15BF,K28
2020-06-28 06:23:52,00074F7C6F,K28
2020-06-28 06:24:01,0007ABC5F2,K28
2020-06-28 06:34:38,00068E377E,K28
2020-06-28 06:50:51,0006E239ED,K28
2020-06-28 07:04:31,000788A24D,K7
2020-06-28 07:09:24,0007ABD629,K28
2020-06-28 07:10:39,00071E15BF,K28
2020-06-28 07:20:34,00075D879F,K28
2020-06-28 07:22:12,0006E239ED,K28
2020-06-28 07:29:25,0007AC5939,K28
2020-06-28 07:30:31,0007ABD629,K28
2020-06-28 07:43:25,0007ABD629,K28
2020-06-28 07:47:10,00074F7C6F,K28
2020-06-28 08:21:22,0006E241C1,K7
2020-06-28 09:12:53,00068E377E,K28
2020-06-28 10:28:47,00075D879F,K28
2020-06-28 10:40:14,00068E377E,K28
2020-06-28 10:44:29,00071E15BF,K28
2020-06-28 10:58:47,0006CC23D6,K28
2020-06-28 11:19:36,0006E239ED,K28
2020-06-28 11:31:53,0006CC23D6,K7
2020-06-28 11:41:54,0006E24ECA,K28
2020-06-28 11:45:09,0006CC23D6,K57
2020-06-28 12:00:30,00071E2D31,K28
2020-06-28 14:03:39,0007ABDCCF,K28
2020-06-28 14:38:43,00071E2D31,K28
2020-06-28 16:23:09,0006B34FE4,K28
2020-06-28 16:46:25,00075D076C,K28
2020-06-28 17:11:25,00068E377E,K28
2020-06-28 17:40:25,00075D076C,K28
2020-06-28 17:40:45,0007AC80F1,K28
2020-06-28 18:40:01,00075D076C,K28
2020-06-28 18:50:26,0007ABA539,K28
2020-06-28 18:50:46,0007ABF44A,K28
2020-06-28 18:52:44,00068E377E,K28
2020-06-28 19:09:43,00068E377E,K28
2020-06-28 19:17:30,0006E239ED,K28
2020-06-28 19:45:03,00075B22B0,K28
2020-06-28 19:55:04,00075B22B0,K28
2020-06-28 20:05:05,00075B22B0,K28
2020-06-28 20:15:06,00075B22B0,K28
2020-06-28 20:25:07,00075B22B0,K28
2020-06-28 20:35:08,00075B22B0,K28
2020-06-28 20:45:09,00075B22B0,K28
2020-06-28 20:55:10,00075B22B0,K28
2020-06-28 21:05:11,00075B22B0,K28
2020-06-28 21:43:43,0006E241C1,K7
2020-06-28 21:45:08,0006B3BF04,K7
2020-06-28 21:46:11,00074F663E,K7
2020-06-28 21:46:18,000783F377,K7
2020-06-28 21:46:35,0006B3AC35,K7
2020-06-28 21:46:43,00068E1731,K7
2020-06-28 21:47:04,000786D14D,K7
2020-06-28 21:49:24,0006E24C7B,K7
2020-06-28 21:51:12,000788A24D,K7
2020-06-28 21:54:30,00075B29B2,K7
2020-06-28 21:54:38,00074EEC1A,K7
2020-06-28 21:55:34,00079AAA3C,K7
2020-06-28 22:01:50,000799A5EF,K57
2020-06-28 22:03:23,0007AC44BD,K57
2020-06-28 22:07:19,0006CC24E9,K57
2020-06-28 22:45:51,0006CC24E9,K7
2020-06-28 22:47:32,0006B3BF04,K7
2020-06-28 22:51:38,0006B3AC35,K7
2020-06-28 23:06:22,0006CC24E9,K7
2020-06-28 23:14:26,0007AC44BD,K7
2020-06-28 23:17:29,000786B8A2,K7
2020-06-28 23:25:10,0007AC44BD,K7
2020-06-28 23:25:16,00075B29B2,K7
2020-06-28 23:35:49,0006E241C1,K7
2020-06-28 23:36:44,00075B29B2,K7
2020-06-28 23:44:49,00074F663E,K7
2020-06-28 23:47:45,00068E1731,K7
2020-06-28 23:58:54,0006B3AC35,K7
2020-06-28 23:59:03,0006E24C7B,K7
2020-06-29 00:00:01,000788A24D,K7
2020-06-29 00:04:02,00079AAA3C,K7
2020-06-29 00:07:17,0006E241C1,K7
2020-06-29 00:14:42,0007AC44BD,K7
2020-06-29 00:15:09,000783F377,K7
2020-06-29 00:16:03,0006CC24E9,K7
2020-06-29 00:16:57,000786B8A2,K7
2020-06-29 00:18:38,000799A5EF,K7
2020-06-29 00:20:11,000786D14D,K7
2020-06-29 00:21:09,0006E241C1,K7
2020-06-29 00:27:53,0007AC44BD,K7
2020-06-29 00:28:02,000788A24D,K7
2020-06-29 00:32:22,00079AAA3C,K7
2020-06-29 00:33:26,0006E241C1,K7
2020-06-29 00:40:34,0007ABDCCF,K7
2020-06-29 00:43:39,0006E241C1,K7
2020-06-29 00:48:30,0006CC24E9,K7
2020-06-29 00:50:16,00068E1731,K7
2020-06-29 01:02:58,00068E1731,K7
2020-06-29 01:08:56,00079AAA3C,K7
2020-06-29 01:20:17,000788A24D,K7
2020-06-29 01:21:56,0006B3AC35,K7
2020-06-29 01:23:42,00068E1731,K7
2020-06-29 01:24:26,0006CC24E9,K7
2020-06-29 01:26:06,000799A5EF,K7
2020-06-29 01:31:40,00079AAA3C,K7
2020-06-29 01:39:22,000788A24D,K7
2020-06-29 01:40:13,00071E15BF,K7
2020-06-29 01:41:02,0006CC24E9,K7
2020-06-29 01:43:16,0006E241C1,K7
2020-06-29 01:53:49,0006E241C1,K7
2020-06-29 01:55:39,0007AC44BD,K7
2020-06-29 02:04:13,0006CC24E9,K7
2020-06-29 02:04:36,0006E241C1,K7
2020-06-29 02:19:16,0006CC24E9,K7
2020-06-29 02:28:03,00068E1731,K7
2020-06-29 04:06:14,000788A24D,K7
2020-06-29 05:11:00,000786D14D,K7
2020-06-29 11:00:58,0007ABF44A,K28
2020-06-29 11:04:56,00071E15BF,K28
2020-06-29 11:10:59,0007ABF44A,K28
2020-06-29 11:11:02,000783CB2B,K28
2020-06-29 11:15:56,00068E1731,K28
2020-06-29 11:21:19,000783CB2B,K28
2020-06-29 11:28:36,0007ABF44A,K28
2020-06-29 11:35:13,00068E1731,K28
2020-06-29 11:48:51,00068E1731,K28
2020-06-29 12:04:00,0007ABF44A,K28
2020-06-29 12:12:40,00075CE063,K28
2020-06-29 12:16:09,0007ABF44A,K28
2020-06-29 12:26:10,0007ABF44A,K28
2020-06-29 12:27:26,00079A0255,K28
2020-06-29 12:34:09,00074F663E,K28
2020-06-29 12:36:11,0007ABF44A,K28
2020-06-29 12:46:12,0007ABF44A,K28
2020-06-29 12:53:20,000783CB2B,K28
2020-06-29 12:56:13,0007ABF44A,K28
2020-06-29 13:07:53,0007ABF44A,K28
2020-06-29 13:18:05,0007ABF44A,K28
2020-06-29 13:18:51,00074F7C6F,K28
2020-06-29 13:20:40,679FABF44A,K28
2020-06-29 13:35:41,679FABF44A,K28
2020-06-29 13:38:32,0007ABF44A,K28
2020-06-29 13:46:09,679FABF44A,K28
2020-06-29 13:49:50,0007ABF44A,K28
2020-06-29 13:51:51,00074F7C6F,K28
2020-06-29 14:03:24,000783F377,K28
2020-06-29 14:07:43,0007ABF44A,K28
2020-06-29 14:13:25,000783F377,K28
2020-06-29 14:18:33,0007ABF44A,K28
2020-06-29 14:28:34,0007ABF44A,K28
2020-06-29 14:29:33,000783F377,K28
2020-06-29 14:38:35,0007ABF44A,K28
2020-06-29 14:41:34,000783F377,K28
2020-06-29 14:48:39,0007ABF44A,K28
2020-06-30 11:18:53,0006CC23D6,K28
2020-06-30 11:56:31,0006CC23D6,KPGB
2020-06-30 12:48:24,0007ABF44A,K28
2020-06-30 14:41:30,0006B3BF04,KPGB
2020-06-30 15:39:20,0006E24ECA,KPGB
2020-06-30 15:40:02,00075B22B0,KPGB
2020-06-30 15:56:14,00075D879F,KPGB
2020-06-30 16:00:10,0006E24ECA,KPGB
2020-06-30 16:19:49,0006B3BF04,KPGB
2020-06-30 16:30:00,0006B3BF04,KPGB
2020-06-30 16:40:01,0006B3BF04,KPGB
2020-06-30 16:50:02,0006B3BF04,KPGB
2020-06-30 16:58:55,00075CE063,KPGB
2020-06-30 17:05:07,00074F663E,KPGB
2020-06-30 17:20:30,0007ABC5F2,KPGB
2020-06-30 17:27:16,0006CC24E9,KPGB
2020-06-30 17:29:20,0006E24C7B,KPGB
2020-06-30 17:35:00,000783F377,KPGB
2020-06-30 17:49:06,0007ABDCCF,K28
2020-06-30 17:58:09,0007AC80F1,K28
2020-06-30 17:59:08,000783F377,KPGB
2020-06-30 18:01:54,0006B3AC35,KPGB
2020-06-30 18:26:09,0006E241C1,KPGB
2020-06-30 18:28:47,00074F663E,KPGB
2020-06-30 18:30:14,0006B3BF04,KPGB
2020-06-30 18:36:13,00074EEC1A,K28
2020-06-30 18:40:17,0006E241C1,KPGB
2020-06-30 18:40:25,000786D14D,KPGB
2020-06-30 18:40:45,0006B3BF04,KPGB
2020-06-30 18:57:23,0006E24C7B,KPGB
2020-06-30 18:59:23,0006E239ED,KPGB
2020-06-30 19:07:05,00074EEC1A,K28
2020-06-30 19:13:35,00075D879F,KPGB
2020-06-30 19:27:43,000786B8A2,KPGB
2020-06-30 19:47:08,000783F377,KPGB
2020-06-30 20:12:32,000786D14D,KPGB
2020-06-30 20:18:09,00074EEC1A,K28
2020-06-30 20:35:51,00074EEC1A,K28
2020-06-30 20:38:08,00074F663E,KPGB
2020-06-30 21:10:44,0007ABC5F2,KPGB
2020-06-30 21:12:30,0006E24C7B,KPGB
2020-06-30 21:22:33,0006E241C1,KPGB
2020-06-30 21:26:25,0006E24C7B,KPGB
2020-06-30 21:30:40,0006E24ECA,KPGB
2020-06-30 21:31:59,00074EEC1A,K28
2020-06-30 21:35:48,0006E241C1,KPGB
2020-06-30 21:37:52,00075B22B0,KPGB
2020-06-30 21:38:42,0006E24C7B,KPGB
2020-06-30 21:41:07,000783F377,KPGB
2020-06-30 21:41:07,00075B29B2,K28
2020-06-30 21:41:42,0007ABDCCF,K28
2020-06-30 21:42:04,00075D879F,KPGB
2020-06-30 21:42:11,0007ABA539,K28
2020-06-30 21:42:18,0007ABC5F2,KPGB
2020-06-30 21:42:27,00074F663E,KPGB
2020-06-30 21:42:34,0007ABD629,K28
2020-06-30 21:42:46,00068E1731,K28
2020-06-30 21:42:57,00071E15BF,K28
2020-06-30 21:43:02,00068E377E,K28
2020-06-30 21:43:12,0007AC80F1,K28
2020-06-30 21:43:17,000799A5EF,KPGB
2020-06-30 21:43:24,00075CE063,KPGB
2020-06-30 21:43:31,000786D14D,KPGB
2020-06-30 21:43:34,00074EEC1A,K28
2020-06-30 21:44:17,0006B3BF04,KPGB
2020-06-30 21:44:57,0006B34FE4,K28
2020-06-30 21:45:12,00074F7C6F,K28
2020-06-30 21:45:31,0007ABF44A,K28
2020-06-30 21:45:37,0007AC5939,K28
2020-06-30 21:46:11,0006E239ED,KPGB
2020-06-30 21:47:40,00079AAA3C,KPGB
2020-06-30 21:48:23,000786B8A2,KPGB
2020-06-30 21:48:31,00079A0255,K28
2020-06-30 21:49:09,0006CC24E9,KPGB
2020-06-30 21:52:14,0006B3AC35,KPGB
2020-06-30 21:52:49,0007AC44BD,KPGB
2020-06-30 21:53:31,000783CB2B,KPGB
2020-06-30 21:55:13,000788A24D,KPGB
2020-06-30 21:57:53,00075D076C,K28
2020-06-30 21:59:33,0006B3B75C,KPGB
2020-06-30 21:59:47,00079AAA3C,KPGB
2020-06-30 22:00:23,000786B8A2,KPGB
2020-06-30 22:02:05,0006E241C1,K28
2020-06-30 22:10:45,00071E2D31,KPGB
2020-06-30 22:37:28,00079A0255,KPGB
2020-06-30 22:44:44,00074EEC1A,KPGB
2020-06-30 22:55:43,0006B34FE4,KPGB
2020-06-30 22:57:52,0007AC80F1,KPGB
2020-06-30 23:06:40,0007ABDCCF,K28
2020-06-30 23:11:50,0007ABF44A,K28
2020-06-30 23:13:19,0007AC80F1,KPGB
2020-06-30 23:13:54,0006E241C1,K28
2020-06-30 23:14:11,00075D879F,KPGB
2020-06-30 23:16:20,0006E24ECA,KPGB
2020-06-30 23:18:34,00068E377E,KPGB
2020-06-30 23:18:44,00075CE063,KPGB
2020-06-30 23:21:35,00075D076C,KPGB
2020-06-30 23:21:42,00074EEC1A,KPGB
2020-06-30 23:21:49,00075B29B2,K28
2020-06-30 23:23:03,00074F7C6F,KPGB
2020-06-30 23:24:37,00075D879F,KPGB
2020-06-30 23:26:22,0006E239ED,KPGB
2020-06-30 23:27:13,000786D14D,KPGB
2020-06-30 23:28:47,00068E377E,KPGB
2020-06-30 23:29:17,0006E24C7B,KPGB
2020-06-30 23:29:34,00071E15BF,KPGB
2020-06-30 23:31:09,0006E24ECA,KPGB
2020-06-30 23:31:28,0007ABD629,K28
2020-06-30 23:34:07,00075B29B2,K28
2020-06-30 23:34:18,0006B3AC35,KPGB
2020-06-30 23:35:12,00074F663E,KPGB
2020-06-30 23:35:32,00079A0255,K28
2020-06-30 23:35:48,0006B3BF04,KPGB
2020-06-30 23:36:30,00074F7C6F,KPGB
2020-06-30 23:36:35,000783CB2B,KPGB
2020-06-30 23:36:48,0006E239ED,KPGB
2020-06-30 23:38:26,0007ABA539,K28
2020-06-30 23:38:53,0007AC5939,K28
2020-06-30 23:40:25,0007ABC5F2,KPGB
2020-06-30 23:41:14,0007ABDCCF,KPGB
2020-06-30 23:41:17,00071E15BF,KPGB
2020-06-30 23:42:06,0007ABD629,K28
2020-06-30 23:42:27,00068E1731,KPGB
2020-06-30 23:45:37,0006B3AC35,KPGB
2020-06-30 23:47:05,000783CB2B,KPGB
2020-06-30 23:47:31,0006B3BF04,KPGB
2020-06-30 23:48:38,0006E241C1,KPGB
2020-06-30 23:49:24,00075B22B0,KPGB
2020-06-30 23:50:49,0007ABF44A,K28
2020-06-30 23:51:49,0007ABDCCF,K28
2020-06-30 23:52:11,0007ABC5F2,KPGB
2020-07-01 00:01:37,000786D14D,K28
2020-07-01 00:03:26,0006E241C1,KPGB
2020-07-01 00:08:13,00074F7C6F,KPGB
2020-07-01 00:08:43,00068E1731,K28
2020-07-01 00:11:26,00074EEC1A,KPGB
2020-07-01 00:12:16,00075D076C,KPGB
2020-07-01 00:13:12,0007ABF44A,KPGB
2020-07-01 00:17:06,00075B22B0,KPGB
2020-07-01 00:20:15,00074F7C6F,KPGB
2020-07-01 00:21:10,000783F377,KPGB
2020-07-01 00:27:08,0006B34FE4,KPGB
2020-07-01 00:28:55,00075D076C,KPGB
2020-07-01 00:29:19,00075B22B0,KPGB
2020-07-01 00:32:27,0007ABF44A,KPGB
2020-07-01 00:32:41,00075D879F,KPGB
2020-07-01 00:33:45,00074F7C6F,KPGB
2020-07-01 00:34:21,0007AC44BD,KPGB
2020-07-01 00:35:08,000783F377,KPGB
2020-07-01 00:35:50,00071E15BF,KPGB
2020-07-01 00:38:01,000783CB2B,KPGB
2020-07-01 00:38:09,0007ABD629,K28
2020-07-01 00:39:40,0007AC80F1,KPGB
2020-07-01 00:40:41,0006E24C7B,KPGB
2020-07-01 00:42:34,00075CE063,KPGB
2020-07-01 00:42:37,00079AAA3C,KPGB
2020-07-01 00:45:29,0007ABC5F2,KPGB
2020-07-01 00:45:42,00079A0255,K28
2020-07-01 00:48:43,0007ABD629,KPGB
2020-07-01 00:51:11,0007AC80F1,K28
2020-07-01 00:51:20,0007AC5939,K28
2020-07-01 00:52:04,0006E24ECA,KPGB
2020-07-01 00:53:36,0007ABA539,KPGB
2020-07-01 00:56:26,00068E377E,KPGB
2020-07-01 00:56:28,00074EEC1A,K28
2020-07-01 00:56:49,00071E15BF,KPGB
2020-07-01 00:57:44,0007ABC5F2,KPGB
2020-07-01 00:58:55,00079AAA3C,KPGB
2020-07-01 00:59:00,0007ABDCCF,K28
2020-07-01 00:59:23,00068E1731,K28
2020-07-01 00:59:41,0006B3BF04,KPGB
2020-07-01 01:01:36,0007ABD629,KPGB
2020-07-01 01:01:38,0007AC80F1,KPGB
2020-07-01 01:02:17,0007AC5939,K28
2020-07-01 01:05:06,00074F663E,KPGB
2020-07-01 01:06:02,0006B3AC35,KPGB
2020-07-01 01:08:24,0007ABC5F2,KPGB
2020-07-01 01:08:37,000786D14D,KPGB
2020-07-01 01:10:16,00075B29B2,K28
2020-07-01 01:11:05,00074EEC1A,KPGB
2020-07-01 01:13:33,000788A24D,K28
2020-07-01 01:16:36,00074F663E,KPGB
2020-07-01 01:18:01,00075D879F,KPGB
2020-07-01 01:18:39,0007AC80F1,KPGB
2020-07-01 01:21:03,00075B29B2,K28
2020-07-01 01:24:08,00079A0255,K28
2020-07-01 01:24:39,0006B3AC35,KPGB
2020-07-01 01:25:04,00068E1731,K28
2020-07-01 01:26:58,0006E239ED,KPGB
2020-07-01 01:31:16,0007AC80F1,KPGB
2020-07-01 01:33:38,00075D879F,KPGB
2020-07-01 01:37:03,0006E239ED,KPGB
2020-07-01 01:37:29,0006E241C1,KPGB
2020-07-01 01:39:45,00075D076C,KPGB
2020-07-01 01:40:48,0006E24C7B,KPGB
2020-07-01 01:42:52,00079AAA3C,KPGB
2020-07-01 01:43:13,0006E24ECA,KPGB
2020-07-01 01:48:03,00068E377E,KPGB
2020-07-01 01:48:06,0006E241C1,KPGB
2020-07-01 01:48:09,000783CB2B,KPGB
2020-07-01 01:49:47,00074EEC1A,KPGB
2020-07-01 01:49:57,0006CC24E9,KPGB
2020-07-01 01:52:09,0007AC5939,K28
2020-07-01 01:52:42,0006E24C7B,KPGB
2020-07-01 01:53:38,00079AAA3C,KPGB
2020-07-01 01:56:52,00075D076C,KPGB
2020-07-01 01:57:29,0007AC80F1,KPGB
2020-07-01 01:57:38,00074F7C6F,KPGB
2020-07-01 01:58:28,00075CE063,KPGB
2020-07-01 01:58:44,00074F663E,KPGB
2020-07-01 01:59:15,0007ABF44A,KPGB
2020-07-01 02:00:20,0006B34FE4,KPGB
2020-07-01 02:00:49,0007ABA539,KPGB
2020-07-01 02:00:55,000783F377,KPGB
2020-07-01 02:02:37,00079A0255,KPGB
2020-07-01 02:05:08,0007ABDCCF,KPGB
2020-07-01 02:05:20,0006CC24E9,KPGB
2020-07-01 02:09:17,0007ABF44A,KPGB
2020-07-01 02:09:38,00074F663E,KPGB
2020-07-01 02:11:00,00074F7C6F,KPGB
2020-07-01 02:11:10,00075D879F,KPGB
2020-07-01 02:11:59,0007AC80F1,KPGB
2020-07-01 02:13:12,00075CE063,KPGB
2020-07-01 02:13:18,000788A24D,K28
2020-07-01 02:14:05,000783F377,KPGB
2020-07-01 02:16:21,0007ABD629,KPGB
2020-07-01 02:17:26,00074EEC1A,KPGB
2020-07-01 02:17:35,000786B8A2,KPGB
2020-07-01 02:18:41,0006B3AC35,KPGB
2020-07-01 02:22:12,0007ABDCCF,KPGB
2020-07-01 02:25:08,00071E2D31,KPGB
2020-07-01 02:26:43,00075D879F,KPGB
2020-07-01 02:27:17,000788A24D,K28
2020-07-01 02:29:05,00075B22B0,KPGB
2020-07-01 02:31:02,0006B3AC35,KPGB
2020-07-01 02:31:32,0007ABC5F2,KPGB
2020-07-01 02:31:50,00071E15BF,K28
2020-07-01 02:32:46,00075B29B2,K28
2020-07-01 02:34:50,00068E1731,K28
2020-07-01 02:36:12,0007AC5939,K28
2020-07-01 02:36:12,00068E377E,KPGB
2020-07-01 02:36:55,00071E2D31,KPGB
2020-07-01 02:37:14,0007ABDCCF,KPGB
2020-07-01 02:42:54,0007ABC5F2,KPGB
2020-07-01 02:43:18,0006B3BF04,KPGB
2020-07-01 02:46:53,00068E377E,KPGB
2020-07-01 02:47:25,00075B29B2,K28
2020-07-01 02:47:31,0007AC5939,K28
2020-07-01 02:49:36,00079A0255,K28
2020-07-01 02:49:42,0006E239ED,KPGB
2020-07-01 02:51:41,00071E15BF,KPGB
2020-07-01 02:53:06,000783CB2B,KPGB
2020-07-01 02:53:54,0006E24ECA,KPGB
2020-07-01 02:55:48,0006B3BF04,KPGB
2020-07-01 02:56:39,0006E24C7B,KPGB
2020-07-01 02:57:27,00074F7C6F,KPGB
2020-07-01 02:58:16,00075B29B2,KPGB
2020-07-01 02:59:23,000786D14D,KPGB
2020-07-01 03:01:31,00068E1731,K28
2020-07-01 03:04:07,00075CE063,KPGB
2020-07-01 03:04:55,0007AC5939,K28
2020-07-01 03:04:56,0007ABA539,K28
2020-07-01 03:07:11,0006E24C7B,KPGB
2020-07-01 03:08:03,0006E24ECA,KPGB
2020-07-01 03:10:37,000783F377,KPGB
2020-07-01 03:10:57,000786D14D,KPGB
2020-07-01 03:11:38,00075B29B2,KPGB
2020-07-01 03:13:01,0006E239ED,KPGB
2020-07-01 03:13:59,00074F663E,KPGB
2020-07-01 03:14:59,0007AC5939,K28
2020-07-01 03:18:24,0007ABD629,KPGB
2020-07-01 03:18:27,00074F7C6F,KPGB
2020-07-01 03:18:45,0006B34FE4,KPGB
2020-07-01 03:23:33,000783F377,KPGB
2020-07-01 03:26:20,0007AC5939,KPGB
2020-07-01 03:26:35,00068E377E,KPGB
2020-07-01 03:26:44,00075D879F,KPGB
2020-07-01 03:27:47,00074F663E,KPGB
2020-07-01 03:29:11,00079A0255,K28
2020-07-01 03:30:53,0006B34FE4,KPGB
2020-07-01 03:37:58,00075D879F,KPGB
2020-07-01 03:39:12,00079A0255,K28
2020-07-01 03:41:09,0007AC80F1,KPGB
2020-07-01 03:42:00,000783CB2B,KPGB
2020-07-01 03:44:20,0007ABF44A,KPGB
2020-07-01 03:49:16,00079A0255,K28
2020-07-01 03:56:54,00075D076C,K28
2020-07-01 04:00:14,00079A0255,KPGB
2020-07-01 04:24:07,0007AC44BD,KPGB
2020-07-01 04:24:43,00071E15BF,KPGB
2020-07-01 04:28:55,000788A24D,K28
2020-07-01 04:42:20,00074EEC1A,KPGB
2020-07-01 04:42:53,0006B3B75C,KPGB
2020-07-01 04:45:45,00079AAA3C,KPGB
2020-07-01 04:45:54,0007ABDCCF,KPGB
2020-07-01 04:47:25,0006E24ECA,KPGB
2020-07-01 04:47:30,0006E239ED,KPGB
2020-07-01 04:49:47,000786B8A2,KPGB
2020-07-01 04:50:12,0007ABD629,KPGB
2020-07-01 04:50:44,00075B29B2,KPGB
2020-07-01 04:50:49,0006B34FE4,KPGB
2020-07-01 04:51:16,0006B3AC35,KPGB
2020-07-01 04:51:39,000788A24D,K28
2020-07-01 04:52:22,0006CC24E9,KPGB
2020-07-01 04:52:33,000783F377,KPGB
2020-07-01 04:52:41,0006B3BF04,KPGB
2020-07-01 04:52:51,0007AC5939,KPGB
2020-07-01 04:53:21,000786D14D,KPGB
2020-07-01 04:54:28,00068E1731,K28
2020-07-01 04:55:26,0007ABF44A,KPGB
2020-07-01 04:55:33,0006E24C7B,KPGB
2020-07-01 04:55:37,000799A5EF,KPGB
2020-07-01 04:55:51,00075B22B0,KPGB
2020-07-01 04:55:55,0007ABC5F2,KPGB
2020-07-01 04:56:50,00075CE063,KPGB
2020-07-01 04:57:39,00075D879F,KPGB
2020-07-01 04:58:15,00071E2D31,KPGB
2020-07-01 04:58:26,00068E377E,KPGB
2020-07-01 04:58:31,0007AC80F1,KPGB
2020-07-01 04:59:03,0006E241C1,KPGB
2020-07-01 04:59:09,00075D076C,KPGB
2020-07-01 05:00:04,00074F663E,KPGB
2020-07-01 05:01:12,000783CB2B,KPGB
2020-07-01 05:04:34,000788A24D,K28
2020-07-01 05:05:22,00074F7C6F,KPGB
2020-07-01 05:06:54,0007ABA539,K28
2020-07-01 05:08:10,00075D879F,KPGB
2020-07-01 05:08:11,0007ABC5F2,KPGB
2020-07-01 05:09:40,00068E377E,K28
2020-07-01 05:18:32,0007ABC5F2,KPGB
2020-07-01 05:19:15,00075D879F,KPGB
2020-07-01 05:30:45,0006CC24E9,KPGB
2020-07-01 05:32:40,000786D14D,KPGB
2020-07-01 05:34:17,00075CE063,KPGB
2020-07-01 05:35:54,00074F663E,KPGB
2020-07-01 05:36:17,00071E15BF,KPGB
2020-07-01 05:38:37,0007ABDCCF,KPGB
2020-07-01 05:39:22,00074EEC1A,KPGB
2020-07-01 05:49:23,00074EEC1A,KPGB
2020-07-01 05:54:08,000783F377,KPGB
2020-07-01 05:56:51,0007ABC5F2,KPGB
2020-07-01 06:05:37,000783F377,KPGB
2020-07-01 06:07:40,0007ABC5F2,KPGB
2020-07-01 06:15:38,000783F377,KPGB
2020-07-01 16:34:37,00071E15BF,KPGB
2020-07-01 16:44:15,0006E24C7B,KPGB
2020-07-01 16:44:38,00071E15BF,KPGB
2020-07-01 16:46:57,00075D879F,KPGB
2020-07-01 16:55:28,00071E15BF,KPGB
2020-07-01 17:00:45,00075D879F,KPGB
2020-07-01 17:05:30,00071E15BF,KPGB
2020-07-01 17:05:53,00074EEC1A,KPGB
2020-07-01 17:15:59,00071E15BF,KPGB
2020-07-01 17:19:49,00075D879F,KPGB
2020-07-01 17:28:02,0006E241C1,KPGB
2020-07-01 17:30:58,00075D879F,KPGB
2020-07-01 17:32:41,00068E377E,KPGB
2020-07-01 17:36:07,00075B22B0,KPGB
2020-07-01 17:41:25,00075D879F,KPGB
2020-07-01 17:49:54,00071E15BF,KPGB
2020-07-01 17:57:38,00075D879F,KPGB
2020-07-01 18:04:11,00071E15BF,KPGB
2020-07-01 18:07:39,00075D879F,KPGB
2020-07-01 18:17:42,00075D879F,KPGB
2020-07-01 18:22:54,00075B22B0,KPGB
2020-07-01 18:24:03,0007AC5939,KPGB
2020-07-01 18:30:29,00075D879F,KPGB
2020-07-01 18:34:06,0007AC5939,KPGB
2020-07-01 18:38:25,00074EEC1A,KPGB
2020-07-01 18:45:27,0007ABD629,KPGB
2020-07-01 18:48:26,00074EEC1A,KPGB
2020-07-01 18:51:34,00075D076C,KPGB
2020-07-01 19:02:04,00074EEC1A,KPGB
2020-07-01 19:08:17,0007ABD629,KPGB
2020-07-01 19:12:52,0006E241C1,KPGB
2020-07-01 19:16:19,00074EEC1A,KPGB
2020-07-01 19:26:20,00074EEC1A,KPGB
2020-07-01 19:28:49,0006E241C1,KPGB
2020-07-01 19:30:30,0007ABD629,KPGB
2020-07-01 19:31:25,00075B22B0,KPGB
2020-07-01 19:38:40,00075D076C,KPGB
2020-07-01 19:45:48,00075B22B0,KPGB
2020-07-01 19:47:59,00074EEC1A,KPGB
2020-07-01 19:56:08,00075B22B0,KPGB
2020-07-01 19:58:00,00074EEC1A,KPGB
2020-07-01 20:03:06,0006B34FE4,KPGB
2020-07-01 21:32:31,00068E1731,K28
2020-07-01 21:35:17,0007ABA539,K28
2020-07-01 21:55:27,000788A24D,K28
2020-07-01 22:37:53,00068E1731,K28
2020-07-01 23:08:07,0007ABA539,K28
2020-07-01 23:18:14,00074EEC1A,K28
2020-07-01 23:18:41,0006E24C7B,K28
2020-07-01 23:29:08,0006B34FE4,K28
2020-07-01 23:29:32,00074EEC1A,K28
2020-07-01 23:29:42,00068E1731,K28
2020-07-01 23:31:35,0006E24C7B,K28
2020-07-01 23:34:35,00074F663E,K28
2020-07-01 23:37:22,0007ABDCCF,K28
2020-07-01 23:39:22,0006B34FE4,K28
2020-07-01 23:39:40,00068E377E,K28
2020-07-01 23:45:41,00074F663E,K28
2020-07-01 23:49:53,0007ABDCCF,K28
2020-07-01 23:51:06,00074EEC1A,K28
2020-07-01 23:52:55,00068E377E,K28
2020-07-01 23:59:31,0007AC5939,K28
2020-07-02 00:04:03,0007ABDCCF,K28
2020-07-02 00:11:24,0006E24C7B,K28
2020-07-02 00:11:26,0007ABC5F2,K28
2020-07-02 00:17:07,0007ABDCCF,K28
2020-07-02 00:20:33,0007ABA539,K28
2020-07-02 00:20:37,00075D076C,K28
2020-07-02 00:24:35,00074F7C6F,K28
2020-07-02 00:31:44,0006E24ECA,K28
2020-07-02 00:34:14,0007ABA539,K28
2020-07-02 00:38:36,00075D076C,K28
2020-07-02 00:39:07,00074EEC1A,K28
2020-07-02 00:39:17,00074F7C6F,K28
2020-07-02 00:39:20,0007ABD629,K28
2020-07-02 00:40:04,00075B29B2,K28
2020-07-02 00:43:12,0006E24ECA,K28
2020-07-02 00:49:08,0007ABC5F2,K28
2020-07-02 00:50:29,00074F663E,K28
2020-07-02 00:50:31,00074F7C6F,K28
2020-07-02 00:52:06,00068E377E,K28
2020-07-02 00:53:46,0007ABF44A,K28
2020-07-02 01:01:13,00074F7C6F,K28
2020-07-02 01:02:30,0006B34FE4,K28
2020-07-02 01:03:11,00068E377E,K28
2020-07-02 01:04:39,0007ABF44A,K28
2020-07-02 01:15:43,0006B34FE4,K28
2020-07-02 01:21:38,0007ABDCCF,K28
2020-07-02 01:25:46,0006B34FE4,K28
2020-07-02 01:26:57,00074F7C6F,K28
2020-07-02 01:30:31,00079A0255,K28
2020-07-02 01:31:49,0007ABDCCF,K28
2020-07-02 01:36:26,00075D076C,K28
2020-07-02 01:39:43,0006E241C1,K28
2020-07-02 01:40:00,0006E24ECA,K28
2020-07-02 01:41:04,00079A0255,K28
2020-07-02 01:43:12,00074F663E,K28
2020-07-02 01:44:51,00075B29B2,K28
2020-07-02 01:48:03,0007ABA539,K28
2020-07-02 01:50:17,00075D076C,K28
2020-07-02 01:50:20,00074EEC1A,K28
2020-07-02 01:53:04,0006E24ECA,K28
2020-07-02 01:54:23,00079A0255,K28
2020-07-02 01:54:51,00075CE063,K28
2020-07-02 01:55:30,00068E377E,K28
2020-07-02 01:56:56,0007ABC5F2,K28
2020-07-02 02:02:05,00074EEC1A,K28
2020-07-02 02:06:10,00068E377E,K28
2020-07-02 02:14:30,0007ABA539,K28
2020-07-02 02:16:06,000783CB2B,K28
2020-07-02 02:17:34,00074F7C6F,K28
2020-07-02 02:19:56,0006E24C7B,K28
2020-07-02 02:22:01,00071E15BF,K28
2020-07-02 02:23:14,00075B29B2,K28
2020-07-02 02:24:06,00074EEC1A,K28
2020-07-02 02:27:57,0007AC5939,K28
2020-07-02 02:28:56,00074F663E,K28
2020-07-02 02:31:28,0006E24C7B,K28
2020-07-02 02:31:55,0007ABDCCF,K28
2020-07-02 02:32:02,00071E15BF,K28
2020-07-02 02:32:22,00075D076C,K28
2020-07-02 02:32:35,0006B34FE4,K28
2020-07-02 02:33:11,000783CB2B,K28
2020-07-02 02:38:31,00075B29B2,K28
2020-07-02 02:41:40,0007AC5939,K28
2020-07-02 02:43:02,0007ABDCCF,K28
2020-07-02 02:43:31,0006E24C7B,K28
2020-07-02 02:47:06,00074F7C6F,K28
2020-07-02 02:48:04,0006E241C1,K28
2020-07-02 02:55:36,0007ABF44A,K28
2020-07-02 02:57:39,00075B29B2,K28
2020-07-02 02:59:35,00074F7C6F,K28
2020-07-02 02:59:41,0007ABC5F2,K28
2020-07-02 03:00:00,0006B34FE4,K28
2020-07-02 03:02:53,00079A0255,K28
2020-07-02 03:03:50,0007ABA539,K28
2020-07-02 03:07:38,00074EEC1A,K28
2020-07-02 03:09:42,0007ABC5F2,K28
2020-07-02 03:09:59,0007ABDCCF,K28
2020-07-02 03:10:48,0007ABF44A,K28
2020-07-02 03:11:04,00074F7C6F,K28
2020-07-02 03:13:10,00079A0255,K28
2020-07-02 03:14:01,000783CB2B,K28
2020-07-02 03:14:50,0007ABA539,K28
2020-07-02 03:15:46,00074F663E,K28
2020-07-02 03:17:04,0007AC5939,K28
2020-07-02 03:17:26,00075B29B2,K28
2020-07-02 03:24:15,000783CB2B,K28
2020-07-02 03:28:42,0006E24C7B,K28
2020-07-02 03:29:52,00075B29B2,K28
2020-07-02 03:40:34,00074F663E,K28
2020-07-02 03:44:04,000783CB2B,K28
2020-07-02 03:50:48,0006B34FE4,K28
2020-07-02 03:59:33,00074F7C6F,K28
2020-07-02 04:01:07,0006B34FE4,K28
2020-07-02 04:16:55,0007ABA539,K28
2020-07-02 04:42:33,00074EEC1A,K28
2020-07-02 04:42:34,0007ABF44A,K28
2020-07-02 04:53:23,0007ABDCCF,K28
2020-07-02 04:53:56,00079A0255,K28
2020-07-02 04:54:37,0007AC5939,K28
2020-07-02 04:54:50,0006E24C7B,K28
2020-07-02 04:55:41,0006B34FE4,K28
2020-07-02 04:57:45,0006E241C1,K28
2020-07-02 04:58:26,00074F663E,K28
2020-07-02 04:59:43,0007ABA539,K28
2020-07-02 05:00:13,00074F7C6F,K28
2020-07-02 05:02:19,00075D076C,K28
2020-07-02 05:04:59,000783CB2B,K28
2020-07-02 05:29:36,0007ABDCCF,K28
2020-07-02 06:09:36,00074EEC1A,K28
2020-07-02 06:14:17,0006B34FE4,K28
2020-07-02 07:12:45,00074F7C6F,K28
2020-07-02 07:38:45,00074F7C6F,K28
2020-07-02 07:47:40,0007ABDCCF,K28
2020-07-02 07:49:41,00079A0255,K28
2020-07-02 08:33:07,00075D076C,K28
2020-07-02 10:30:04,00074EEC1A,K28
2020-07-02 12:48:40,0006B34FE4,K28
2020-07-02 21:28:18,00075D879F,K75
2020-07-02 21:37:40,00079A0255,K28
2020-07-02 21:38:27,00074F663E,K28
2020-07-02 21:38:31,0006E241C1,K28
2020-07-02 21:39:47,00075B22B0,K75
2020-07-02 21:40:50,00074EEC1A,K28
2020-07-02 21:41:47,0007ABA539,K28
2020-07-02 21:41:59,0007ABDCCF,K28
2020-07-02 21:42:10,00074F7C6F,K28
2020-07-02 21:42:33,0006B34FE4,K28
2020-07-02 21:43:04,0006E24C7B,K28
2020-07-02 21:43:09,0007AC5939,K28
2020-07-02 21:44:35,000799A5EF,K75
2020-07-02 21:45:47,00079AAA3C,K75
2020-07-02 21:46:09,00075D076C,K28
2020-07-02 21:46:49,0007ABF44A,K28
2020-07-02 21:47:34,000788A24D,K75
2020-07-02 21:47:45,00071E2D31,K75
2020-07-02 21:49:03,000786B8A2,K75
2020-07-02 21:49:08,0007AC44BD,K75
2020-07-02 21:51:39,00071E15BF,K75
2020-07-02 21:52:25,0006B3B75C,K75
2020-07-02 21:56:42,0006CC24E9,K75
2020-07-02 22:41:33,00074EEC1A,K28
2020-07-02 22:55:10,00071E15BF,K28
2020-07-02 22:57:43,00075D879F,K75
2020-07-02 22:59:15,000783CB2B,K75
2020-07-02 23:03:52,00079A0255,K28
2020-07-02 23:04:22,00074EEC1A,K28
2020-07-02 23:04:51,0006E24C7B,K28
2020-07-02 23:08:18,00071E15BF,K28
2020-07-02 23:10:28,0007ABF44A,K75
2020-07-02 23:10:46,000786D14D,K75
2020-07-02 23:11:16,0006E239ED,K75
2020-07-02 23:11:52,0007AC80F1,K75
2020-07-02 23:13:21,0006B34FE4,K28
2020-07-02 23:14:02,00075D879F,K75
2020-07-02 23:15:05,00075D076C,K75
2020-07-02 23:17:05,0007ABDCCF,K28
2020-07-02 23:17:31,00074F7C6F,K28
2020-07-02 23:18:19,0007ABC5F2,K28
2020-07-02 23:21:06,000783CB2B,K28
2020-07-02 23:21:10,0007ABF44A,K28
2020-07-02 23:24:05,0006B34FE4,K28
2020-07-02 23:24:37,0007AC80F1,K75
2020-07-02 23:26:07,00075D076C,K28
2020-07-02 23:28:14,00075D879F,K75
2020-07-02 23:30:10,0007ABC5F2,K28
2020-07-02 23:31:20,00074F663E,K28
2020-07-02 23:33:27,000783CB2B,K28
2020-07-02 23:35:02,0006B34FE4,K28
2020-07-02 23:35:24,0007AC80F1,K75
2020-07-02 23:36:05,0006E24ECA,K28
2020-07-02 23:40:35,00075D879F,K28
2020-07-02 23:44:37,00075B22B0,K75
2020-07-02 23:46:26,0007ABA539,K28
2020-07-02 23:46:46,0007AC80F1,K75
2020-07-02 23:46:58,0006E241C1,K28
2020-07-02 23:47:12,0006E24ECA,K28
2020-07-02 23:52:24,0007ABD629,K28
2020-07-02 23:55:25,0007ABC5F2,K28
2020-07-02 23:55:55,00075D879F,K28
2020-07-02 23:56:28,00074EEC1A,K28
2020-07-02 23:57:27,00075D076C,K75
2020-07-02 23:58:29,0007ABF44A,K75
2020-07-02 23:59:15,0007ABA539,K28
2020-07-03 00:01:34,00071E2D31,K75
2020-07-03 00:01:36,00068E377E,K28
2020-07-03 00:02:56,0007ABD629,K28
2020-07-03 00:04:11,000783F377,K75
2020-07-03 00:04:18,00075CE063,K75
2020-07-03 00:04:43,00079A0255,K75
2020-07-03 00:05:14,0007AC5939,K28
2020-07-03 00:07:07,00074EEC1A,K28
2020-07-03 00:07:24,0006E24C7B,K75
2020-07-03 00:08:28,0006E24ECA,K28
2020-07-03 00:08:30,00075D076C,K75
2020-07-03 00:09:04,0006B3AC35,K75
2020-07-03 00:13:21,00068E377E,K28
2020-07-03 00:14:25,00075B22B0,K75
2020-07-03 00:14:56,0007ABD629,K28
2020-07-03 00:15:14,00079A0255,K75
2020-07-03 00:16:33,00075D879F,K75
2020-07-03 00:16:40,00075CE063,K75
2020-07-03 00:16:43,0007ABF44A,K28
2020-07-03 00:16:47,00071E15BF,K28
2020-07-03 00:17:30,0007AC44BD,K75
2020-07-03 00:18:53,000783CB2B,K75
2020-07-03 00:19:22,0006CC24E9,K75
2020-07-03 00:20:23,0006E24C7B,K28
2020-07-03 00:21:00,0006B3AC35,K75
2020-07-03 00:21:02,00074F7C6F,K28
2020-07-03 00:21:23,00071E2D31,K75
2020-07-03 00:23:37,0006B3BF04,K75
2020-07-03 00:23:43,0006E239ED,K75
2020-07-03 00:23:52,000788A24D,K75
2020-07-03 00:25:59,00075B22B0,K75
2020-07-03 00:26:31,00074F663E,K28
2020-07-03 00:28:14,000786D14D,K75
2020-07-03 00:28:37,0007ABD629,K28
2020-07-03 00:31:05,00075CE063,K28
2020-07-03 00:31:16,0006E241C1,K28
2020-07-03 00:34:08,00074F7C6F,K28
2020-07-03 00:35:06,0006E239ED,K75
2020-07-03 00:37:44,0007AC80F1,K75
2020-07-03 00:38:07,000783F377,K75
2020-07-03 00:38:53,00079AAA3C,K75
2020-07-03 00:39:58,0007ABF44A,K75
2020-07-03 00:40:40,00071E2D31,K75
2020-07-03 00:41:20,00074F663E,K28
2020-07-03 00:43:01,000786D14D,K75
2020-07-03 00:43:01,0006E241C1,K28
2020-07-03 00:43:18,000788A24D,K75
2020-07-03 00:44:36,0007ABD629,K28
2020-07-03 00:45:57,000783CB2B,K75
2020-07-03 00:46:07,0006B34FE4,K75
2020-07-03 00:47:30,00075CE063,K28
2020-07-03 00:49:28,00079AAA3C,K75
2020-07-03 00:50:09,0006E239ED,K75
2020-07-03 00:50:54,0007ABF44A,K28
2020-07-03 00:51:21,0006B3BF04,K28
2020-07-03 00:51:31,0007AC44BD,K28
2020-07-03 00:51:48,00074EEC1A,K28
2020-07-03 00:51:57,00074F7C6F,K28
2020-07-03 00:53:36,0007AC80F1,K75
2020-07-03 00:54:07,0007ABDCCF,K28
2020-07-03 00:54:10,00071E2D31,K75
2020-07-03 00:55:00,00075D076C,K75
2020-07-03 00:56:17,00075D879F,K28
2020-07-03 00:56:54,000783F377,K75
2020-07-03 00:59:35,0007ABD629,K28
2020-07-03 00:59:58,00075CE063,K28
2020-07-03 01:00:02,00075B29B2,K28
2020-07-03 01:01:02,0006CC24E9,K75
2020-07-03 01:01:51,0006B3BF04,K28
2020-07-03 01:02:22,000783CB2B,K75
2020-07-03 01:02:48,0006E24ECA,K28
2020-07-03 01:05:09,0006B34FE4,K28
2020-07-03 01:05:27,0007AC44BD,K28
2020-07-03 01:05:58,00074EEC1A,K28
2020-07-03 01:06:41,0007ABF44A,K75
2020-07-03 01:06:56,00075D879F,K75
2020-07-03 01:07:58,00074F7C6F,K28
2020-07-03 01:08:41,00068E1731,K28
2020-07-03 01:08:57,00079A0255,K75
2020-07-03 01:09:39,00071E15BF,K28
2020-07-03 01:09:50,0007AC5939,K28
2020-07-03 01:11:52,0006B3BF04,K28
2020-07-03 01:12:16,0007ABDCCF,K28
2020-07-03 01:14:09,00075B29B2,K28
2020-07-03 01:14:27,000788A24D,K28
2020-07-03 01:15:15,00068E377E,K28
2020-07-03 01:17:36,00075D076C,K28
2020-07-03 01:19:46,0006E24ECA,K28
2020-07-03 01:20:53,0006E24C7B,K28
2020-07-03 01:22:48,00075D879F,K28
2020-07-03 01:23:05,00068E1731,K28
2020-07-03 01:23:58,0007ABD629,K28
2020-07-03 01:26:11,0007ABF44A,K75
2020-07-03 01:26:22,0007ABA539,K28
2020-07-03 01:26:49,00075B22B0,K75
2020-07-03 01:27:50,000788A24D,K28
2020-07-03 01:31:23,00071E15BF,K28
2020-07-03 01:32:19,0007ABC5F2,K28
2020-07-03 01:33:00,00071E2D31,K75
2020-07-03 01:33:05,00068E377E,K28
2020-07-03 01:34:35,0006E24C7B,K28
2020-07-03 01:35:58,0006E241C1,K28
2020-07-03 01:36:29,0007ABA539,K28
2020-07-03 01:37:29,00074F7C6F,K28
2020-07-03 01:39:24,0007ABD629,K28
2020-07-03 01:42:42,00075B22B0,K75
2020-07-03 01:45:41,00068E1731,K28
2020-07-03 01:46:10,0006E241C1,K28
2020-07-03 01:48:26,0007ABC5F2,K28
2020-07-03 01:48:33,00071E2D31,K75
2020-07-03 01:49:09,0007ABF44A,K75
2020-07-03 01:51:21,0006B3AC35,K75
2020-07-03 01:51:51,000786D14D,K75
2020-07-03 01:52:20,00075CE063,K75
2020-07-03 01:52:31,0006CC24E9,K75
2020-07-03 01:52:36,000783CB2B,K75
2020-07-03 01:52:58,0006E239ED,K75
2020-07-03 01:54:17,000786B8A2,K75
2020-07-03 01:57:00,00074F7C6F,K28
2020-07-03 01:58:47,00074F663E,K75
2020-07-03 02:01:10,00079A0255,K28
2020-07-03 02:03:29,0007AC44BD,K75
2020-07-03 02:04:41,0006B3AC35,K75
2020-07-03 02:04:44,000786D14D,K75
2020-07-03 02:04:53,00074EEC1A,K75
2020-07-03 02:05:22,000786B8A2,K75
2020-07-03 02:05:33,0007ABF44A,K75
2020-07-03 02:07:11,0006B34FE4,K75
2020-07-03 02:08:40,000783F377,K75
2020-07-03 02:08:44,00075D076C,K75
2020-07-03 02:08:49,000783CB2B,K75
2020-07-03 02:09:05,00075D879F,K28
2020-07-03 02:09:34,00075CE063,K28
2020-07-03 02:09:55,00074F663E,K28
2020-07-03 02:12:17,00079A0255,K28
2020-07-03 02:13:22,0006E239ED,K75
2020-07-03 02:13:27,00068E377E,K28
2020-07-03 02:17:02,00071E2D31,K75
2020-07-03 02:18:09,0006B34FE4,K28
2020-07-03 02:19:28,00074EEC1A,K28
2020-07-03 02:21:21,0006B3BF04,K28
2020-07-03 02:23:19,0007AC5939,K28
2020-07-03 02:24:32,00075D879F,K28
2020-07-03 02:26:11,00075D076C,K75
2020-07-03 02:32:12,00071E2D31,K75
2020-07-03 02:33:05,0006CC24E9,K75
2020-07-03 02:33:30,00068E377E,K28
2020-07-03 02:35:21,000783F377,K75
2020-07-03 02:35:36,0007ABC5F2,K28
2020-07-03 02:35:38,0007AC80F1,K75
2020-07-03 02:36:34,00071E15BF,K28
2020-07-03 02:36:46,0007AC44BD,K75
2020-07-03 02:37:59,00068E1731,K28
2020-07-03 02:38:08,0006E24ECA,K28
2020-07-03 02:38:10,0006E24C7B,K28
2020-07-03 02:38:48,0006B3BF04,K28
2020-07-03 02:41:00,0007ABF44A,K75
2020-07-03 02:41:01,0007AC5939,K28
2020-07-03 02:42:28,0007ABA539,K28
2020-07-03 02:42:40,0007ABDCCF,K28
2020-07-03 02:45:19,00075B22B0,K75
2020-07-03 02:46:03,00074F7C6F,K28
2020-07-03 02:46:17,0007ABC5F2,K28
2020-07-03 02:49:07,0006E24C7B,K28
2020-07-03 02:50:18,00071E15BF,K28
2020-07-03 02:51:12,0007AC80F1,K75
2020-07-03 02:52:46,0006B3AC35,K75
2020-07-03 02:54:18,0007ABDCCF,K28
2020-07-03 02:54:23,0006E24ECA,K28
2020-07-03 02:56:44,000783CB2B,K75
2020-07-03 02:57:53,0007ABD629,K28
2020-07-03 03:00:28,00075B22B0,K75
2020-07-03 03:00:32,00074EEC1A,K28
2020-07-03 03:02:07,00068E1731,K28
2020-07-03 03:02:22,00074F7C6F,K28
2020-07-03 03:03:29,0007ABF44A,K75
2020-07-03 03:04:50,0007ABC5F2,K28
2020-07-03 03:07:14,000783CB2B,K75
2020-07-03 03:07:18,0006B3AC35,K75
2020-07-03 03:13:19,0006CC24E9,K75
2020-07-03 03:15:06,0007ABD629,K28
2020-07-03 03:16:05,00075B29B2,K28
2020-07-03 03:16:53,00075D879F,K75
2020-07-03 03:16:58,00075CE063,K28
2020-07-03 03:23:33,000786D14D,K75
2020-07-03 03:24:59,00074F663E,K28
2020-07-03 03:25:40,00079A0255,K28
2020-07-03 03:27:02,00075CE063,K28
2020-07-03 03:32:52,0006B3AC35,K28
2020-07-03 03:34:19,0007ABC5F2,K28
2020-07-03 03:35:13,00068E377E,K28
2020-07-03 03:35:44,00075D879F,K75
2020-07-03 03:36:16,0006B34FE4,K28
2020-07-03 03:36:33,0006CC24E9,K75
2020-07-03 03:38:52,0006E239ED,K75
2020-07-03 03:40:14,00071E2D31,K75
2020-07-03 03:43:10,0006B3AC35,K75
2020-07-03 03:47:09,00075D879F,K28
2020-07-03 03:51:08,0006E239ED,K75
2020-07-03 03:58:39,00074F7C6F,K28
2020-07-03 03:59:26,000786D14D,K75
2020-07-03 04:03:09,0007ABF44A,K75
2020-07-03 04:07:15,0007AC44BD,K75
2020-07-03 04:12:26,00068E377E,K28
2020-07-03 04:19:25,000788A24D,K75
2020-07-03 04:26:47,00071E15BF,K28
2020-07-03 04:33:01,0007ABF44A,K75
2020-07-03 04:37:15,0006B3B75C,K75
2020-07-03 04:41:30,00068E1731,K28
2020-07-03 04:45:34,0006CC24E9,K75
2020-07-03 04:46:24,00074EEC1A,K28
2020-07-03 04:47:58,0006E24ECA,K28
2020-07-03 04:48:16,0007ABD629,K28
2020-07-03 04:49:51,00079AAA3C,K75
2020-07-03 04:50:31,0007ABDCCF,K28
2020-07-03 04:50:51,0007ABC5F2,K28
2020-07-03 04:51:06,0006B34FE4,K28
2020-07-03 04:51:13,00075B29B2,K28
2020-07-03 04:52:46,000786B8A2,K75
2020-07-03 04:53:43,0006B3AC35,K75
2020-07-03 04:54:07,00075B22B0,K75
2020-07-03 04:54:08,0006B3BF04,K28
2020-07-03 04:54:20,00075CE063,K28
2020-07-03 04:54:28,00071E2D31,K75
2020-07-03 04:54:47,00075D076C,K75
2020-07-03 04:57:47,00079A0255,K28
2020-07-03 04:58:15,0006E241C1,K28
2020-07-03 04:58:23,0007AC80F1,K75
2020-07-03 04:58:34,000783F377,K75
2020-07-03 04:58:48,0006E24C7B,K28
2020-07-03 04:58:50,0007ABF44A,K75
2020-07-03 04:59:14,0006E239ED,K75
2020-07-03 04:59:35,00075D879F,K75
2020-07-03 04:59:44,000786D14D,K75
2020-07-03 04:59:48,00074F663E,K28
2020-07-03 04:59:51,0007AC5939,K28
2020-07-03 05:00:08,0007ABA539,K28
2020-07-03 05:00:14,000799A5EF,K28
2020-07-03 05:02:05,00068E377E,K28
2020-07-03 05:02:40,000783CB2B,K75
2020-07-03 05:03:42,00068E1731,K28
2020-07-03 05:05:42,00074F7C6F,K28
2020-07-03 05:13:35,00079A0255,K28
2020-07-03 05:21:59,0007AC5939,K28
2020-07-03 05:24:39,00079A0255,K28
2020-07-03 05:25:10,0006E24C7B,K28
2020-07-03 05:26:03,00074EEC1A,K28
2020-07-03 05:30:18,00068E1731,K28
2020-07-03 05:38:43,00079A0255,K28
2020-07-03 05:45:36,00068E1731,K28
2020-07-03 05:49:46,0007ABDCCF,K28
2020-07-03 05:53:39,00074EEC1A,K28
2020-07-03 05:54:33,0007ABC5F2,K28
2020-07-03 06:02:43,00068E1731,K28
2020-07-03 06:12:59,0006E24C7B,K28
2020-07-03 06:25:58,0007ABC5F2,K28
2020-07-03 06:28:47,00068E377E,K28
2020-07-03 06:38:38,00071E15BF,K28
2020-07-03 06:39:48,00068E1731,K28
2020-07-03 06:39:59,0007ABC5F2,K28
2020-07-03 06:55:17,00068E1731,K28
2020-07-03 06:58:56,0006B3AC35,K75
2020-07-03 07:39:39,00068E1731,K28
2020-07-03 07:39:43,0006E241C1,K28
2020-07-03 07:44:32,0007AC44BD,K75
2020-07-03 07:58:20,00074F7C6F,K28
2020-07-03 08:10:04,00075B29B2,K28
2020-07-03 08:16:03,0007ABC5F2,K28
2020-07-03 08:32:09,00074F663E,K28
2020-07-03 08:48:09,00074F7C6F,K28
2020-07-03 09:25:13,00079A0255,K28
2020-07-03 09:28:03,0007AC5939,K28
2020-07-03 09:30:37,00071E2D31,K75
2020-07-03 09:38:40,00071E15BF,K28
2020-07-03 09:41:39,00079AAA3C,K75
2020-07-03 09:49:12,00079A0255,K28
2020-07-03 09:53:44,0007ABDCCF,K28
2020-07-03 09:57:15,0007ABC5F2,K28
2020-07-03 10:09:45,00074F663E,K28
2020-07-03 10:12:05,0006E24ECA,K28
2020-07-03 10:21:29,00079A0255,K28
2020-07-03 10:21:47,000788A24D,K75
2020-07-03 10:23:04,00074F7C6F,K28
2020-07-03 10:26:52,0007ABC5F2,K28
2020-07-03 10:32:28,0006CC23D6,K28
2020-07-03 11:05:02,0006CC23D6,K75
2020-07-03 12:07:24,0007ABDCCF,K28
2020-07-03 12:25:59,00079A0255,K28
2020-07-03 13:34:08,00074EEC1A,K28
2020-07-03 13:36:02,0007ABA539,K28
2020-07-03 14:04:59,00075B29B2,K28
2020-07-03 14:22:21,00075B29B2,K28
2020-07-03 14:47:48,00075B29B2,K28
2020-07-03 14:51:06,00068E1731,K28
2020-07-03 15:43:45,00068E1731,K28
2020-07-03 16:16:07,00068E1731,K28
2020-07-03 16:57:48,0006E24C7B,K28
2020-07-03 17:06:45,00068E1731,K28
2020-07-03 17:16:46,00068E1731,K28
2020-07-03 17:35:18,00071E15BF,K28
2020-07-03 17:42:00,0007ABDCCF,K28
2020-07-03 17:44:38,0007ABD629,K28
2020-07-03 18:08:38,00074EEC1A,K28
2020-07-03 19:29:57,00071E15BF,K28
2020-07-03 19:32:37,00075CE063,K28
2020-07-03 19:37:10,00074EEC1A,K28
2020-07-03 19:55:19,00075CE063,K28
2020-07-03 20:14:20,00068E1731,K28
2020-07-03 20:46:59,00074F663E,K28
2020-07-03 20:47:35,0006E24C7B,K28
2020-07-03 20:47:39,00079A0255,K28
2020-07-03 20:58:35,00068E1731,K28
2020-07-03 21:10:59,00075B29B2,K28
2020-07-03 21:13:52,00068E1731,K28
2020-07-03 21:24:46,00068E1731,K28
2020-07-03 21:25:30,00075B29B2,K28
2020-07-03 21:27:46,00079A0255,K28
2020-07-03 21:31:48,00074F7C6F,K28
2020-07-03 21:32:00,0006B34FE4,K28
2020-07-03 21:33:24,00074F663E,K28
2020-07-03 21:33:53,0006E241C1,K28
2020-07-03 21:34:42,00068E377E,K28
2020-07-03 21:36:30,0007ABDCCF,K28
2020-07-03 21:36:36,0007ABA539,K28
2020-07-03 21:37:06,00075B29B2,K28
2020-07-03 21:37:33,0006B3BF04,K28
2020-07-03 21:38:05,0007ABC5F2,K28
2020-07-03 21:38:10,0006E24C7B,K28
2020-07-03 21:39:13,000799A5EF,K28
2020-07-03 21:41:12,0006E24ECA,K28
2020-07-03 21:42:02,000786D14D,K75
2020-07-03 21:42:17,0007AC5939,K28
2020-07-03 21:42:52,00075CE063,K28
2020-07-03 21:45:00,0007ABD629,K28
2020-07-03 21:46:27,0006E239ED,K75
2020-07-03 21:49:19,00075B22B0,K75
2020-07-03 21:49:23,0007AC80F1,K75
2020-07-03 21:49:33,000783F377,K75
2020-07-03 21:50:00,000783CB2B,K75
2020-07-03 21:50:28,00071E15BF,K28
2020-07-03 21:50:44,0007ABF44A,K75
2020-07-03 21:50:55,000788A24D,K75
2020-07-03 21:51:34,0006B3AC35,K75
2020-07-03 21:51:41,00075D879F,K75
2020-07-03 21:52:13,000786B8A2,K75
2020-07-03 21:55:35,00079AAA3C,K75
2020-07-03 21:57:44,00075D076C,K75
2020-07-03 22:00:33,00071E2D31,K75
2020-07-03 22:00:53,0007AC44BD,K75
2020-07-03 22:01:02,0006E239ED,K75
2020-07-03 22:06:42,0006B3B75C,K75
2020-07-03 22:06:57,0006CC24E9,K75
2020-07-03 22:14:27,0006E239ED,K75
2020-07-03 22:31:50,000788A24D,K28
2020-07-03 22:33:08,00075CE063,K28
2020-07-03 22:33:11,0007AC5939,K28
2020-07-03 22:49:54,00075D076C,K75
2020-07-03 22:58:28,0007ABA539,K28
2020-07-03 22:59:49,00075D879F,K28
2020-07-03 23:06:09,00071E2D31,K75
2020-07-03 23:06:32,0007ABDCCF,K75
2020-07-03 23:06:39,0006E24ECA,K75
2020-07-03 23:08:31,000783CB2B,K75
2020-07-03 23:09:29,0007ABA539,K28
2020-07-03 23:10:46,00068E377E,K28
2020-07-03 23:13:45,0006B34FE4,K75
2020-07-03 23:14:07,0007AC80F1,K75
2020-07-03 23:14:17,00075D076C,K75
2020-07-03 23:14:37,00074EEC1A,K28
2020-07-03 23:15:32,000783F377,K75
2020-07-03 23:16:29,0006E239ED,K75
2020-07-03 23:18:12,00071E2D31,K75
2020-07-03 23:19:56,0007ABC5F2,K75
2020-07-03 23:20:12,0007ABD629,K28
2020-07-03 23:20:23,0007ABDCCF,K75
2020-07-03 23:21:46,00075B29B2,K28
2020-07-03 23:21:53,0006E24ECA,K28
2020-07-03 23:25:21,00068E377E,K28
2020-07-03 23:25:43,0007ABF44A,K75
2020-07-03 23:27:36,000783F377,K75
2020-07-03 23:28:00,0007AC80F1,K75
2020-07-03 23:29:26,00075D879F,K28
2020-07-03 23:31:37,0006B3BF04,K28
2020-07-03 23:32:15,000783CB2B,K75
2020-07-03 23:32:20,00079A0255,K75
2020-07-03 23:32:35,00068E1731,K28
2020-07-03 23:33:29,0006E239ED,K75
2020-07-03 23:34:09,00075B22B0,K75
2020-07-03 23:35:29,00074F7C6F,K28
2020-07-03 23:35:56,0007ABF44A,K75
2020-07-03 23:37:35,0007ABC5F2,K75
2020-07-03 23:38:20,0006E24C7B,K28
2020-07-03 23:38:31,00071E2D31,K75
2020-07-03 23:40:15,00075B29B2,K28
2020-07-03 23:40:57,0006B34FE4,K75
2020-07-03 23:42:32,00079A0255,K28
2020-07-03 23:44:41,0007ABDCCF,K28
2020-07-03 23:46:08,00075D076C,K75
2020-07-03 23:46:39,0006B3BF04,K28
2020-07-03 23:49:10,0006E24C7B,K75
2020-07-03 23:51:28,00071E2D31,K75
2020-07-03 23:53:17,0006B34FE4,K28
2020-07-03 23:53:22,0006B3AC35,K75
2020-07-03 23:53:52,00075D879F,K28
2020-07-03 23:53:57,00074F663E,K75
2020-07-03 23:54:24,00068E1731,K28
2020-07-04 00:00:05,0006B3BF04,K28
2020-07-04 00:00:53,0007ABD629,K28
2020-07-04 00:02:40,000783CB2B,K75
2020-07-04 00:03:44,00075D076C,K75
2020-07-04 00:06:54,0007ABF44A,K75
2020-07-04 00:07:52,00071E2D31,K75
2020-07-04 00:07:57,00071E15BF,K28
2020-07-04 00:09:40,0006E241C1,K28
2020-07-04 00:11:13,0006B3BF04,K75
2020-07-04 00:11:56,0006B3AC35,K75
2020-07-04 00:15:25,0007ABD629,K28
2020-07-04 00:17:03,000788A24D,K28
2020-07-04 00:19:47,000783CB2B,K75
2020-07-04 00:19:58,00071E2D31,K75
2020-07-04 00:20:52,0007ABF44A,K75
2020-07-04 00:26:00,0007AC5939,K28
2020-07-04 00:28:32,000788A24D,K28
2020-07-04 00:29:17,0007ABC5F2,K75
2020-07-04 00:31:58,0006E239ED,K75
2020-07-04 00:32:41,00074EEC1A,K28
2020-07-04 00:33:01,00075CE063,K75
2020-07-04 00:33:35,0007ABF44A,K75
2020-07-04 00:33:47,00068E377E,K28
2020-07-04 00:34:53,000783F377,K75
2020-07-04 00:35:12,00071E15BF,K28
2020-07-04 00:37:51,0006E24C7B,K28
2020-07-04 00:40:05,00071E2D31,K75
2020-07-04 00:40:30,0007AC5939,K28
2020-07-04 00:41:24,000786B8A2,K28
2020-07-04 00:46:21,000786D14D,K75
2020-07-04 00:46:25,0007ABF44A,K28
2020-07-04 00:47:23,00075D879F,K75
2020-07-04 00:47:57,0006E24C7B,K75
2020-07-04 00:48:26,000783F377,K75
2020-07-04 00:49:12,0006B34FE4,K75
2020-07-04 00:49:53,00068E377E,K28
2020-07-04 00:51:00,00074F663E,K75
2020-07-04 00:52:08,0007ABA539,K28
2020-07-04 00:52:40,00074F7C6F,K28
2020-07-04 00:55:19,00071E2D31,K75
2020-07-04 00:57:19,0006E239ED,K75
2020-07-04 00:58:27,00068E1731,K28
2020-07-04 00:58:29,0007ABF44A,K28
2020-07-04 00:59:34,0006B34FE4,K28
2020-07-04 01:00:17,000786D14D,K75
2020-07-04 01:08:19,0006E24C7B,K75
2020-07-04 01:08:42,0006E24ECA,K28
2020-07-04 01:10:19,0007ABA539,K28
2020-07-04 01:10:50,00074F7C6F,K28
2020-07-04 01:11:50,000786D14D,K75
2020-07-04 01:12:43,0007ABDCCF,K75
2020-07-04 01:14:51,000783F377,K75
2020-07-04 01:15:49,00079A0255,K75
2020-07-04 01:16:44,00074EEC1A,K75
2020-07-04 01:18:45,000788A24D,K75
2020-07-04 01:18:52,0006E24ECA,K28
2020-07-04 01:21:13,0007AC80F1,K75
2020-07-04 01:21:48,0006E239ED,K75
2020-07-04 01:24:57,0006B3AC35,K75
2020-07-04 01:25:27,0007ABDCCF,K28
2020-07-04 01:26:50,00074EEC1A,K28
2020-07-04 01:26:55,00068E1731,K28
2020-07-04 01:29:08,00075B29B2,K28
2020-07-04 01:29:10,000788A24D,K75
2020-07-04 01:29:14,00079A0255,K28
2020-07-04 01:31:06,000783F377,K75
2020-07-04 01:31:10,00075D879F,K75
2020-07-04 01:31:23,0007ABD629,K28
2020-07-04 01:32:08,0006B3BF04,K75
2020-07-04 01:35:10,00075B22B0,K75
2020-07-04 01:35:50,0007ABC5F2,K75
2020-07-04 01:35:51,0006E241C1,K75
2020-07-04 01:35:55,00075D076C,K28
2020-07-04 01:38:50,0007AC80F1,K75
2020-07-04 01:39:20,000783CB2B,K28
2020-07-04 01:41:05,0006E239ED,K75
2020-07-04 01:41:33,0007ABD629,K28
2020-07-04 01:41:40,0006B3AC35,K75
2020-07-04 01:42:52,0007AC44BD,K75
2020-07-04 01:44:01,00075B29B2,K28
2020-07-04 01:44:56,00068E377E,K28
2020-07-04 01:46:40,00075B22B0,K75
2020-07-04 01:48:18,00075D879F,K75
2020-07-04 01:50:00,0007AC5939,K28
2020-07-04 01:52:08,00071E2D31,K75
2020-07-04 01:53:27,0006B3BF04,K75
2020-07-04 01:56:14,00075D076C,K75
2020-07-04 01:57:59,00068E377E,K28
2020-07-04 01:58:00,000783CB2B,K75
2020-07-04 01:58:42,00074F663E,K75
2020-07-04 02:02:18,00071E2D31,K75
2020-07-04 02:02:57,0007AC44BD,K75
2020-07-04 02:03:13,00075CE063,K28
2020-07-04 02:04:16,00074F7C6F,K28
2020-07-04 02:09:34,0007ABC5F2,K75
2020-07-04 02:13:46,00075CE063,K75
2020-07-04 02:14:20,00074EEC1A,K75
2020-07-04 02:15:41,0006CC24E9,K75
2020-07-04 02:16:49,000786B8A2,K75
2020-07-04 02:17:46,00074F7C6F,K28
2020-07-04 02:23:11,0006E24C7B,K75
2020-07-04 02:24:46,0007ABDCCF,K28
2020-07-04 02:25:47,0006B34FE4,K75
2020-07-04 02:30:17,00071E15BF,K75
2020-07-04 02:30:56,00074EEC1A,K28
2020-07-04 02:31:23,00068E377E,K28
2020-07-04 02:33:43,0006E24ECA,K28
2020-07-04 02:36:00,0006B34FE4,K28
2020-07-04 02:39:12,00071E2D31,K75
2020-07-04 02:40:05,0007ABDCCF,K28
2020-07-04 02:41:11,00074EEC1A,K75
2020-07-04 02:43:02,00071E15BF,K28
2020-07-04 02:43:15,0007ABF44A,K28
2020-07-04 02:43:38,0007ABA539,K28
2020-07-04 02:44:09,0007ABD629,K28
2020-07-04 02:44:24,000783CB2B,K75
2020-07-04 02:45:45,00068E1731,K28
2020-07-04 02:46:26,00068E377E,K28
2020-07-04 02:46:56,0006B3AC35,K75
2020-07-04 02:47:40,00075D879F,K75
2020-07-04 02:48:06,0006E24ECA,K28
2020-07-04 02:48:58,0006CC24E9,K75
2020-07-04 02:49:15,000788A24D,K28
2020-07-04 02:53:07,00071E2D31,K75
2020-07-04 02:53:20,00074EEC1A,K28
2020-07-04 02:53:49,0007ABA539,K28
2020-07-04 02:56:39,0007ABD629,K28
2020-07-04 02:57:37,00071E15BF,K75
2020-07-04 02:58:52,00079A0255,K28
2020-07-04 02:58:56,0007AC5939,K28
2020-07-04 03:00:45,0007ABF44A,K75
2020-07-04 03:01:13,0006B3AC35,K75
2020-07-04 03:03:47,0006E239ED,K75
2020-07-04 03:04:39,000786D14D,K28
2020-07-04 03:06:54,000783CB2B,K75
2020-07-04 03:07:05,00075B22B0,K75
2020-07-04 03:07:50,00071E15BF,K28
2020-07-04 03:08:09,00075D879F,K75
2020-07-04 03:10:21,00068E1731,K28
2020-07-04 03:11:27,00079A0255,K28
2020-07-04 03:12:12,000783F377,K75
2020-07-04 03:12:24,0007AC80F1,K75
2020-07-04 03:12:52,0007AC5939,K28
2020-07-04 03:13:16,0006E241C1,K28
2020-07-04 03:16:27,0006B3BF04,K75
2020-07-04 03:19:18,00075B22B0,K75
2020-07-04 03:19:45,00068E377E,K28
2020-07-04 03:20:09,000783CB2B,K28
2020-07-04 03:21:11,00074F7C6F,K28
2020-07-04 03:22:44,0007AC80F1,K75
2020-07-04 03:23:30,0006E241C1,K75
2020-07-04 03:24:02,00075CE063,K28
2020-07-04 03:24:39,0007ABC5F2,K75
2020-07-04 03:24:43,00075B29B2,K28
2020-07-04 03:25:05,0006E239ED,K75
2020-07-04 03:27:41,00071E15BF,K75
2020-07-04 03:28:39,0006B3BF04,K75
2020-07-04 03:29:26,0006E24C7B,K75
2020-07-04 03:31:19,00074F663E,K75
2020-07-04 03:31:43,0006B3AC35,K75
2020-07-04 03:36:04,00075CE063,K28
2020-07-04 03:39:06,00071E15BF,K75
2020-07-04 03:41:46,00074F7C6F,K28
2020-07-04 03:42:09,0006B3AC35,K75
2020-07-04 03:44:03,00075B29B2,K28
2020-07-04 03:46:12,00075CE063,K75
2020-07-04 03:46:24,00075D879F,K75
2020-07-04 04:00:11,0006B34FE4,K75
2020-07-04 04:13:34,00068E1731,K28
2020-07-04 04:15:38,0006B34FE4,K75
2020-07-04 04:19:36,00068E377E,K28
2020-07-04 04:27:53,000788A24D,K28
2020-07-04 04:29:40,00068E377E,K28
2020-07-04 04:32:28,0006CC24E9,K75
2020-07-04 04:32:37,0007AC44BD,K75
2020-07-04 04:36:00,0006E239ED,K75
2020-07-04 04:39:06,000799A5EF,K75
2020-07-04 04:41:38,0007ABDCCF,K28
2020-07-04 04:41:46,00074EEC1A,K28
2020-07-04 04:43:56,00075B29B2,K28
2020-07-04 04:44:07,00071E15BF,K75
2020-07-04 04:44:43,0006E24ECA,K75
2020-07-04 04:45:08,000786D14D,K28
2020-07-04 04:48:26,0007ABD629,K28
2020-07-04 04:48:41,0006B3B75C,K75
2020-07-04 04:50:56,0007ABC5F2,K75
2020-07-04 04:51:20,0006B3AC35,K75
2020-07-04 04:52:21,0007ABF44A,K75
2020-07-04 04:53:24,000783F377,K75
2020-07-04 04:54:04,0006B34FE4,K75
2020-07-04 04:55:11,00075CE063,K28
2020-07-04 04:55:21,00075B22B0,K75
2020-07-04 04:55:29,0006B3BF04,K75
2020-07-04 04:55:30,000786B8A2,K75
2020-07-04 04:55:43,00079A0255,K28
2020-07-04 04:56:34,00075D879F,K75
2020-07-04 04:56:58,00071E2D31,K75
2020-07-04 04:57:34,0006E24ECA,K75
2020-07-04 04:58:01,0006E241C1,K75
2020-07-04 04:58:03,0007AC5939,K28
2020-07-04 04:58:04,0007AC80F1,K75
2020-07-04 04:58:43,00075D076C,K75
2020-07-04 05:00:24,000783CB2B,K75
2020-07-04 05:00:29,00074F663E,K75
2020-07-04 05:00:43,00079AAA3C,K75
2020-07-04 05:01:36,00068E377E,K28
2020-07-04 05:02:47,0006E24C7B,K75
2020-07-04 05:04:39,0007ABA539,K28
2020-07-04 05:05:55,00074F7C6F,K28
2020-07-04 05:06:15,000786D14D,K28
2020-07-04 05:12:46,000786B8A2,K75
2020-07-04 05:25:43,0006B3BF04,K75
2020-07-04 05:39:47,00068E1731,K28
2020-07-04 05:48:17,00074EEC1A,K28
2020-07-04 06:04:59,0006B3BF04,K75
2020-07-04 06:09:52,0007ABC5F2,K75
2020-07-04 06:10:08,00068E1731,K28
2020-07-04 06:22:52,00075D879F,K75
2020-07-04 06:24:13,00071E15BF,K75
2020-07-04 06:24:21,00068E1731,K28
2020-07-04 06:38:53,00074EEC1A,K28
2020-07-04 06:43:13,0007AC5939,K28
2020-07-04 06:58:50,00074F663E,K75
2020-07-04 07:26:49,00079A0255,K28
2020-07-04 08:33:16,0006E241C1,K75
2020-07-04 08:36:25,0006B3AC35,K75
2020-07-04 08:39:19,00075B29B2,K28
2020-07-04 08:46:37,00068E1731,K28
2020-07-04 09:00:19,0007ABC5F2,K75
2020-07-04 09:07:37,0007ABDCCF,K28
2020-07-04 09:41:44,000786B8A2,K75
2020-07-04 09:47:37,00068E1731,K28
2020-07-04 10:10:16,00068E1731,K28
2020-07-04 10:10:38,0006CC24E9,K75
2020-07-04 10:20:04,0006B3BF04,K75
2020-07-04 10:31:46,00079AAA3C,K75
2020-07-04 10:41:37,0006E241C1,K75
2020-07-04 10:50:30,00068E1731,K28
2020-07-04 10:53:30,0006E24C7B,K75
2020-07-04 12:40:32,00074EEC1A,K28
2020-07-04 12:55:41,00075B29B2,K28
2020-07-04 13:24:29,00074EEC1A,K28
2020-07-04 13:26:47,00068E377E,K28
2020-07-04 14:04:53,00079A0255,K28
2020-07-04 14:32:48,00068E1731,K28
2020-07-04 14:40:52,000783F377,K75
2020-07-04 14:43:05,0006B34FE4,K75
2020-07-04 14:45:02,00071E15BF,K75
2020-07-04 14:46:31,00068E1731,K28
2020-07-04 14:56:54,00068E1731,K28
2020-07-04 15:08:30,00068E1731,K28
2020-07-04 16:46:42,0006E24ECA,K28
2020-07-04 17:16:56,000799A5EF,K75
2020-07-04 17:20:19,0007AC80F1,K75
2020-07-04 17:32:25,0007AC80F1,K75
2020-07-04 17:55:46,000783F377,K75
2020-07-04 17:58:00,0007ABDCCF,K28
2020-07-04 18:10:35,00068E1731,K28
2020-07-04 18:13:26,00075B29B2,K28
2020-07-04 18:22:47,00075CE063,K28
2020-07-04 18:32:02,00074F663E,K75
2020-07-04 18:33:44,000783CB2B,K75
2020-07-04 18:38:41,0006E24ECA,K28
2020-07-04 18:46:37,00075B22B0,K75
2020-07-04 19:15:40,00068E377E,K28
2020-07-04 19:36:08,000786B8A2,K75
2020-07-04 19:51:01,00071E15BF,K75
2020-07-04 19:56:46,0007ABDCCF,K28
2020-07-04 20:05:17,00068E1731,K28
2020-07-04 20:20:31,0007ABA539,K28
2020-07-04 20:27:22,0007ABDCCF,K28
2020-07-04 20:28:14,0006E24C7B,K75
2020-07-04 20:31:51,000786D14D,K28
2020-07-04 20:53:33,0006B34FE4,K75
2020-07-04 20:55:40,00074F663E,K75
2020-07-04 21:01:45,0007ABDCCF,K28
2020-07-04 21:02:04,00068E1731,K28
2020-07-04 21:16:58,0007ABDCCF,K28
2020-07-04 21:22:04,0007ABC5F2,K75
2020-07-04 21:27:42,000786D14D,K28
2020-07-04 21:30:45,00079A0255,K28
2020-07-04 21:31:14,0007ABA539,K28
2020-07-04 21:31:51,00068E1731,K28
2020-07-04 21:32:27,0006E239ED,K75
2020-07-04 21:32:43,0007AC80F1,K75
2020-07-04 21:34:03,00074F7C6F,K28
2020-07-04 21:34:13,00068E377E,K28
2020-07-04 21:35:10,00075CE063,K28
2020-07-04 21:35:20,00075D879F,K75
2020-07-04 21:35:52,0006E24ECA,K28
2020-07-04 21:37:19,000783F377,K75
2020-07-04 21:38:42,00074EEC1A,K28
2020-07-04 21:39:48,00075B22B0,K75
2020-07-04 21:41:04,00079A0255,K28
2020-07-04 21:41:13,00074F663E,K75
2020-07-04 21:41:56,0006E241C1,K75
2020-07-04 21:41:59,0007AC5939,K28
2020-07-04 21:42:05,000788A24D,K28
2020-07-04 21:42:14,0007ABD629,K28
2020-07-04 21:43:15,0006E24C7B,K75
2020-07-04 21:43:31,0006B3BF04,K75
2020-07-04 21:43:56,0007ABDCCF,K28
2020-07-04 21:44:13,00075B29B2,K28
2020-07-04 21:44:26,0006B34FE4,K75
2020-07-04 21:44:36,0007ABC5F2,K75
2020-07-04 21:45:16,0007ABF44A,K75
2020-07-04 21:46:52,000783CB2B,K75
2020-07-04 21:47:14,00079AAA3C,K75
2020-07-04 21:48:40,000799A5EF,K75
2020-07-04 21:48:52,0007AC44BD,K75
2020-07-04 21:50:52,00075D076C,K75
2020-07-04 21:51:37,000786B8A2,K75
2020-07-04 21:52:52,0006CC24E9,K75
2020-07-04 21:54:23,0006B3AC35,K75
2020-07-04 21:54:35,00071E15BF,K75
2020-07-04 21:54:52,00071E2D31,K75
2020-07-04 22:01:12,0006B3B75C,K75
2020-07-04 22:59:49,0007ABC5F2,K75
2020-07-04 23:04:02,00068E377E,K28
2020-07-04 23:22:56,0006B34FE4,K75
2020-07-04 23:24:39,0006E24C7B,K75
2020-07-04 23:25:32,000783F377,K75
2020-07-04 23:27:29,0007ABD629,K28
2020-07-04 23:28:57,00074EEC1A,K75
2020-07-04 23:30:36,00075D076C,K75
2020-07-04 23:30:53,00068E1731,K28
2020-07-04 23:32:59,0007ABA539,K28
2020-07-04 23:34:29,000783CB2B,K28
2020-07-04 23:39:50,0007ABDCCF,K28
2020-07-04 23:40:19,00074EEC1A,K28
2020-07-04 23:41:15,0006B3AC35,K75
2020-07-04 23:41:35,00074F663E,K75
2020-07-04 23:43:13,0006E239ED,K75
2020-07-04 23:43:43,00075CE063,K28
2020-07-04 23:45:23,0007AC5939,K28
2020-07-04 23:45:25,000783CB2B,K75
2020-07-04 23:47:41,0007ABF44A,K75
2020-07-04 23:48:30,00068E1731,K28
2020-07-04 23:51:07,00074F7C6F,K28
2020-07-04 23:51:25,00074EEC1A,K75
2020-07-04 23:53:35,00074F663E,K75
2020-07-04 23:53:53,0006E239ED,K75
2020-07-04 23:54:08,0006B3AC35,K75
2020-07-04 23:54:32,0006E24ECA,K28
2020-07-04 23:56:37,00071E15BF,K75
2020-07-05 00:01:29,00079A0255,K28
2020-07-05 00:01:57,000783F377,K75
2020-07-05 00:08:46,00075D076C,K75
2020-07-05 00:12:30,000783F377,K75
2020-07-05 00:12:37,00074EEC1A,K75
2020-07-05 00:12:42,0007ABC5F2,K28
2020-07-05 00:13:01,00071E15BF,K75
2020-07-05 00:13:45,00068E377E,K28
2020-07-05 00:17:51,0006B3BF04,K75
2020-07-05 00:24:08,00071E15BF,K75
2020-07-05 00:24:33,00074EEC1A,K75
2020-07-05 00:24:44,0006E241C1,K75
2020-07-05 00:26:05,00075D076C,K75
2020-07-05 00:28:37,0006B3BF04,K75
2020-07-05 00:29:33,0007ABDCCF,K28
2020-07-05 00:33:39,000783CB2B,K75
2020-07-05 00:35:00,0006E241C1,K75
2020-07-05 00:35:18,0007AC80F1,K75
2020-07-05 00:36:31,0006E24C7B,K75
2020-07-05 00:41:31,0007ABD629,K28
2020-07-05 00:41:38,00075B29B2,K28
2020-07-05 00:41:42,00071E15BF,K28
2020-07-05 00:44:02,0006E24ECA,K28
2020-07-05 00:44:35,000783CB2B,K75
2020-07-05 00:45:24,0006E241C1,K75
2020-07-05 00:46:30,0007AC80F1,K75
2020-07-05 00:47:05,00074F7C6F,K28
2020-07-05 00:54:01,00075B29B2,K28
2020-07-05 00:58:26,0006E24ECA,K28
2020-07-05 00:58:39,0006E241C1,K75
2020-07-05 00:58:45,00068E1731,K75
2020-07-05 01:01:38,0006E24C7B,K75
2020-07-05 01:02:56,00068E377E,K75
2020-07-05 01:07:41,0007ABF44A,K75
2020-07-05 01:08:16,00075CE063,K75
2020-07-05 01:11:20,0006E241C1,K75
2020-07-05 01:13:08,00068E377E,K28
2020-07-05 01:14:19,0006E24C7B,K75
2020-07-05 01:19:32,0007ABA539,K28
2020-07-05 01:19:54,00074F663E,K28
2020-07-05 01:19:58,00075CE063,K28
2020-07-05 01:21:17,00074EEC1A,K75
2020-07-05 01:21:27,0007ABF44A,K75
2020-07-05 01:22:30,00068E1731,K28
2020-07-05 01:23:19,0006B3AC35,K28
2020-07-05 01:23:29,0006B34FE4,K75
2020-07-05 01:24:39,00068E377E,K75
2020-07-05 01:28:11,00074F7C6F,K28
2020-07-05 01:30:53,0007AC5939,K28
2020-07-05 01:31:36,0007ABA539,K28
2020-07-05 01:33:12,00074EEC1A,K75
2020-07-05 01:33:44,000783CB2B,K75
2020-07-05 01:34:28,0007ABF44A,K75
2020-07-05 01:34:31,00068E1731,K28
2020-07-05 01:36:32,0006E239ED,K75
2020-07-05 01:37:11,0006B3AC35,K75
2020-07-05 01:41:18,00075D879F,K75
2020-07-05 01:41:25,00074F7C6F,K28
2020-07-05 01:43:29,0006B34FE4,K75
2020-07-05 01:44:07,0007ABA539,K28
2020-07-05 01:44:56,000786D14D,K75
2020-07-05 01:46:07,0006B3BF04,K75
2020-07-05 01:46:57,00079A0255,K75
2020-07-05 01:47:08,000783CB2B,K75
2020-07-05 01:47:48,0006E239ED,K75
2020-07-05 01:51:30,00075D879F,K75
2020-07-05 01:51:58,0007ABF44A,K75
2020-07-05 01:53:17,0006E24C7B,K75
2020-07-05 01:55:05,0007ABD629,K28
2020-07-05 01:55:18,00075B29B2,K28
2020-07-05 01:57:47,0007ABDCCF,K28
2020-07-05 02:02:02,0006B3BF04,K75
2020-07-05 02:06:32,0007ABF44A,K75
2020-07-05 02:09:09,00075B29B2,K28
2020-07-05 02:09:30,00075B22B0,K75
2020-07-05 02:10:14,0006B34FE4,K75
2020-07-05 02:11:03,0007ABDCCF,K75
2020-07-05 02:11:29,000783F377,K75
2020-07-05 02:11:35,000788A24D,K75
2020-07-05 02:11:39,00071E15BF,K28
2020-07-05 02:15:40,00068E377E,K75
2020-07-05 02:17:55,00074EEC1A,K75
2020-07-05 02:18:09,00075D076C,K75
2020-07-05 02:18:16,0007ABC5F2,K28
2020-07-05 02:19:55,00075B22B0,K75
2020-07-05 02:21:45,0006E24ECA,K28
2020-07-05 02:24:11,0006B34FE4,K75
2020-07-05 02:24:33,00071E15BF,K28
2020-07-05 02:27:24,00074F7C6F,K28
2020-07-05 02:28:48,00074EEC1A,K75
2020-07-05 02:30:02,00074F663E,K75
2020-07-05 02:30:20,0006E24C7B,K75
2020-07-05 02:32:41,00075D076C,K75
2020-07-05 02:33:37,00068E1731,K28
2020-07-05 02:34:31,000783CB2B,K75
2020-07-05 02:39:21,0006B34FE4,K75
2020-07-05 02:41:38,0006B3AC35,K75
2020-07-05 02:41:40,00071E15BF,K75
2020-07-05 02:43:26,00075D879F,K75
2020-07-05 02:44:02,00074F663E,K28
2020-07-05 02:45:07,000783CB2B,K75
2020-07-05 02:45:19,00068E377E,K75
2020-07-05 02:45:53,00068E1731,K28
2020-07-05 02:47:39,00075CE063,K28
2020-07-05 02:47:41,0007AC80F1,K75
2020-07-05 02:53:33,00075D879F,K75
2020-07-05 02:53:35,00074F7C6F,K28
2020-07-05 02:54:00,0006B3AC35,K75
2020-07-05 02:54:44,0007ABA539,K28
2020-07-05 02:57:45,0006E239ED,K75
2020-07-05 02:58:30,00075CE063,K75
2020-07-05 03:00:02,0007AC80F1,K75
2020-07-05 03:01:38,0007AC5939,K28
2020-07-05 03:04:52,00079A0255,K75
2020-07-05 03:06:58,0007ABD629,K28
2020-07-05 03:08:50,00075CE063,K28
2020-07-05 03:10:08,00071E2D31,K75
2020-07-05 03:10:45,0006E241C1,K75
2020-07-05 03:12:37,00075D879F,K75
2020-07-05 03:14:04,0006E239ED,K75
2020-07-05 03:15:27,00074F663E,K75
2020-07-05 03:15:44,000786D14D,K28
2020-07-05 03:16:36,0007ABC5F2,K28
2020-07-05 03:19:56,00068E1731,K28
2020-07-05 03:21:11,00071E2D31,K75
2020-07-05 03:22:41,00075B29B2,K28
2020-07-05 03:22:49,00079A0255,K28
2020-07-05 03:22:59,0006E24ECA,K28
2020-07-05 03:24:06,0006B3AC35,K75
2020-07-05 03:25:48,0006E241C1,K75
2020-07-05 03:27:45,00074F663E,K28
2020-07-05 03:30:48,00068E1731,K28
2020-07-05 03:31:29,000783F377,K75
2020-07-05 03:32:10,00068E377E,K75
2020-07-05 03:33:14,0006E24ECA,K75
2020-07-05 03:33:22,0006B3BF04,K75
2020-07-05 03:33:44,0006E24C7B,K75
2020-07-05 03:33:46,0006B34FE4,K75
2020-07-05 03:33:46,0007ABA539,K28
2020-07-05 03:34:48,0006B3AC35,K75
2020-07-05 03:38:57,00075B22B0,K75
2020-07-05 03:41:29,00074F7C6F,K28
2020-07-05 03:43:46,000783F377,K75
2020-07-05 03:44:06,000783CB2B,K75
2020-07-05 03:46:01,0006B3BF04,K75
2020-07-05 03:47:59,00068E1731,K75
2020-07-05 03:49:51,00075CE063,K28
2020-07-05 03:53:27,0007ABF44A,K75
2020-07-05 04:00:07,00075CE063,K75
2020-07-05 04:00:11,00075D879F,K75
2020-07-05 04:10:47,00075CE063,K75
2020-07-05 04:12:07,0006B34FE4,K75
2020-07-05 04:19:06,0007ABC5F2,K28
2020-07-05 04:24:05,00075D879F,K75
2020-07-05 04:33:50,0006CC24E9,K75
2020-07-05 04:45:53,000799A5EF,K75
2020-07-05 04:46:20,0007AC44BD,K75
2020-07-05 04:46:30,00074EEC1A,K75
2020-07-05 04:46:37,000788A24D,K75
2020-07-05 04:48:37,00071E15BF,K75
2020-07-05 04:50:52,00075B29B2,K28
2020-07-05 04:53:29,000783F377,K75
2020-07-05 04:53:48,0006E239ED,K75
2020-07-05 04:54:29,000786B8A2,K75
2020-07-05 04:54:47,00079AAA3C,K75
2020-07-05 04:55:01,0006E24ECA,K75
2020-07-05 04:56:13,0007ABC5F2,K28
2020-07-05 04:56:25,0007ABDCCF,K75
2020-07-05 04:56:40,000786D14D,K28
2020-07-05 04:57:03,0007ABD629,K28
2020-07-05 04:57:16,0006B3AC35,K75
2020-07-05 04:58:01,0006B34FE4,K75
2020-07-05 04:58:58,00079A0255,K28
2020-07-05 04:59:20,00071E2D31,K75
2020-07-05 04:59:39,00075D076C,K75
2020-07-05 04:59:51,0006B3BF04,K75
2020-07-05 05:00:09,0007ABF44A,K75
2020-07-05 05:00:43,0007AC5939,K28
2020-07-05 05:00:51,00075B22B0,K75
2020-07-05 05:01:25,0007AC80F1,K75
2020-07-05 05:02:21,0006E241C1,K75
2020-07-05 05:03:07,00075D879F,K75
2020-07-05 05:03:23,000783CB2B,K75
2020-07-05 05:03:39,00074F663E,K28
2020-07-05 05:04:14,00068E1731,K75
2020-07-05 05:05:57,00075CE063,K75
2020-07-05 05:06:26,0006E24C7B,K75
2020-07-05 05:07:56,00068E377E,K75
2020-07-05 05:08:11,00074F7C6F,K28
2020-07-05 05:09:21,0007ABA539,K28
2020-07-05 05:09:51,0007ABDCCF,K75
2020-07-05 05:17:45,000786B8A2,K75
2020-07-05 05:18:50,000788A24D,K75
2020-07-05 05:22:07,0006B3BF04,K75
2020-07-05 05:24:12,0007ABC5F2,K28
2020-07-05 05:24:21,00074EEC1A,K75
2020-07-05 05:27:13,00068E1731,K75
2020-07-05 05:33:01,0006E241C1,K75
2020-07-05 05:39:07,000786B8A2,K75
2020-07-05 05:39:24,00075CE063,K75
2020-07-05 05:40:41,00071E2D31,K75
2020-07-05 05:41:37,0007ABF44A,K75
2020-07-05 05:41:38,0006B34FE4,K75
2020-07-05 05:49:09,000786B8A2,K75
2020-07-05 05:56:18,00071E2D31,K75
2020-07-05 06:00:50,00075D879F,K75
2020-07-05 06:02:29,000786B8A2,K75
2020-07-05 06:04:27,0006B3BF04,K75
2020-07-05 06:06:37,00071E15BF,K75
2020-07-05 06:15:41,0006B3BF04,K75
2020-07-05 06:25:48,0006B3BF04,K75
2020-07-05 06:28:37,0007ABDCCF,K75
2020-07-05 06:35:49,0006B3BF04,K75
2020-07-05 06:36:48,0006E24ECA,K75
2020-07-05 06:40:12,0007ABDCCF,K75
2020-07-05 06:46:07,0006B3BF04,K75
2020-07-05 06:46:19,000786B8A2,K75
2020-07-05 06:50:13,0007ABDCCF,K75
2020-07-05 06:54:41,0006E24C7B,K75
2020-07-05 07:00:14,0007ABDCCF,K75
2020-07-05 07:08:31,0006E24C7B,K75
2020-07-05 07:12:16,0006B3BF04,K75
2020-07-05 07:12:18,0007ABC5F2,K28
2020-07-05 07:13:54,0006E24ECA,K75
2020-07-05 07:14:42,000788A24D,K75
2020-07-05 07:16:33,00068E1731,K75
2020-07-05 07:18:43,00071E15BF,K75
2020-07-05 07:22:21,0006B3BF04,K75
2020-07-05 07:29:47,00068E377E,K75
2020-07-05 07:30:02,0007ABDCCF,K75
2020-07-05 07:32:22,0006B3BF04,K75
2020-07-05 07:36:44,0007AC80F1,K75
2020-07-05 12:59:27,00074EEC1A,K75
2020-07-05 13:21:06,0006B3BF04,K75
2020-07-05 13:29:49,0006E24ECA,K75
2020-07-05 13:32:08,0006B3BF04,K75
2020-07-05 13:35:13,000783CB2B,K75
2020-07-05 13:42:09,0006B3BF04,K75
2020-07-05 13:52:10,0006B3BF04,K75
2020-07-05 14:02:11,0006B3BF04,K75
2020-07-05 14:12:12,0006B3BF04,K75
2020-07-05 14:22:25,0006B3BF04,K75
2020-07-05 14:31:29,0006E239ED,K75
2020-07-05 14:35:22,0006B3BF04,K75
2020-07-05 14:42:38,0006E239ED,K75
2020-07-05 14:45:23,0006B3BF04,K75
2020-07-05 14:55:24,0006B3BF04,K75
2020-07-05 14:59:09,00075B29B2,K28
2020-07-05 15:05:25,0006B3BF04,K75
2020-07-05 15:15:26,0006B3BF04,K75
2020-07-05 15:23:45,00079AAA3C,K75
2020-07-05 15:25:27,0006B3BF04,K75
2020-07-05 15:25:58,00068E1731,K75
2020-07-05 16:38:59,0007ABC5F2,K28
2020-07-05 21:37:59,0007ABA539,K28
2020-07-05 21:38:28,00074F663E,K28
2020-07-05 21:38:39,00074F7C6F,K28
2020-07-05 21:39:39,00075B29B2,K28
2020-07-05 21:41:17,00079A0255,K28
2020-07-05 21:41:58,000786D14D,K28
2020-07-05 21:42:06,0007ABC5F2,K28
2020-07-05 21:42:40,0007ABD629,K28
2020-07-05 21:43:16,0007AC5939,K28
2020-07-05 22:53:29,0007ABA539,K28
2020-07-06 10:51:24,0007AC5939,K75
2020-07-06 10:55:45,0006B3BF04,K75
2020-07-06 10:55:57,00075B29B2,K75
2020-07-06 11:05:56,0006B3BF04,K75
2020-07-06 11:20:39,0006B3BF04,K75
2020-07-06 11:24:42,0007ABC5F2,K75
2020-07-06 11:30:42,0006B3BF04,K75
2020-07-06 11:40:46,0006B3BF04,K75
2020-07-06 11:53:45,00075B22B0,K75
2020-07-06 12:03:54,0007ABDCCF,K75
2020-07-06 12:13:55,0007ABDCCF,K75
2020-07-06 12:23:56,0007ABDCCF,K75
2020-07-06 12:27:13,00075B22B0,K75
2020-07-06 13:06:26,0006E24C7B,K75
2020-07-06 13:14:55,00068E1731,K75
2020-07-06 13:24:56,00068E1731,K75
2020-07-06 13:27:37,00074F7C6F,K75
2020-07-06 13:39:16,0006E24ECA,K75
2020-07-06 13:47:51,00068E1731,K75
2020-07-06 13:57:52,00068E1731,K75
2020-07-06 14:07:53,00068E1731,K75
2020-07-06 14:17:54,00068E1731,K75
2020-07-06 14:27:55,00068E1731,K75
2020-07-07 21:40:48,00074F7C6F,K4
2020-07-07 21:41:15,0006E241C1,K4
2020-07-07 21:41:21,0006E24C7B,K4
2020-07-07 21:43:43,00074F663E,K4
2020-07-07 21:44:06,0006E239ED,K4
2020-07-07 21:45:21,0007AC5939,K75
2020-07-07 21:45:41,0007ABA539,K75
2020-07-07 21:46:01,0007ABD629,K75
2020-07-07 21:46:06,0006B34FE4,K4
2020-07-07 21:46:13,000783CB2B,K4
2020-07-07 21:46:18,0006B3BF04,K4
2020-07-07 21:46:24,0007AC80F1,K4
2020-07-07 21:47:37,0006E24ECA,K75
2020-07-07 21:48:49,00074EEC1A,K75
2020-07-07 21:48:53,000799A5EF,K4
2020-07-07 21:49:11,00075CE063,K75
2020-07-07 21:49:31,00068E377E,K75
2020-07-07 21:49:53,0007ABC5F2,K75
2020-07-07 21:50:24,00075B22B0,K75
2020-07-07 21:51:31,000783F377,K75
2020-07-07 21:53:03,00068E1731,K75
2020-07-07 21:54:02,00071E2D31,K75
2020-07-07 21:55:04,000786B8A2,K4
2020-07-07 21:55:06,00079A0255,K75
2020-07-07 21:55:50,00079AAA3C,K4
2020-07-07 21:56:01,00075D076C,K75
2020-07-07 21:56:44,0006B3B75C,K4
2020-07-07 21:57:01,0007ABDCCF,K75
2020-07-07 21:57:06,0006CC24E9,K75
2020-07-07 21:58:11,0007AC44BD,K75
2020-07-07 21:58:35,0007ABF44A,K75
2020-07-07 21:59:04,000788A24D,K4
2020-07-07 21:59:36,0006B3AC35,K4
2020-07-07 22:00:04,00075B29B2,K75
2020-07-07 22:01:21,00071E15BF,K75
2020-07-07 22:04:30,00068E377E,K75
2020-07-07 22:10:09,00068E1731,K75
2020-07-07 22:10:55,0006B34FE4,K4
2020-07-07 22:20:35,00068E377E,K75
2020-07-07 22:22:58,0006B34FE4,K4
2020-07-07 22:25:04,00068E1731,K75
2020-07-07 22:29:58,0007ABF44A,K75
2020-07-07 22:40:39,0007ABF44A,K75
2020-07-07 22:44:27,000786D14D,K4
2020-07-07 22:55:13,000783F377,K4
2020-07-07 22:55:51,0007ABF44A,K75
2020-07-07 23:01:14,0006E24ECA,K75
2020-07-07 23:05:20,000783F377,K75
2020-07-07 23:05:41,0007ABDCCF,K75
2020-07-07 23:06:32,0007ABF44A,K75
2020-07-07 23:09:47,00074EEC1A,K4
2020-07-07 23:11:44,0007ABA539,K4
2020-07-07 23:15:01,0007ABD629,K75
2020-07-07 23:16:21,000783F377,K75
2020-07-07 23:16:44,0006E24ECA,K75
2020-07-07 23:17:30,0007ABDCCF,K75
2020-07-07 23:20:17,00074EEC1A,K75
2020-07-07 23:22:17,0007ABA539,K75
2020-07-07 23:23:04,00074F663E,K4
2020-07-07 23:23:37,0007AC5939,K75
2020-07-07 23:23:50,0007ABF44A,K75
2020-07-07 23:24:21,0006E239ED,K4
2020-07-07 23:25:29,0007ABD629,K75
2020-07-07 23:26:54,0006E24ECA,K75
2020-07-07 23:28:01,00079A0255,K75
2020-07-07 23:29:36,00075D076C,K4
2020-07-07 23:31:56,00074EEC1A,K4
2020-07-07 23:35:59,000783F377,K75
2020-07-07 23:36:29,0007ABD629,K75
2020-07-07 23:37:15,0007AC80F1,K4
2020-07-07 23:37:28,0006E24ECA,K75
2020-07-07 23:38:15,0007AC5939,K75
2020-07-07 23:39:07,0007ABF44A,K75
2020-07-07 23:39:43,0007ABA539,K75
2020-07-07 23:40:49,0006E24C7B,K4
2020-07-07 23:41:27,00079A0255,K75
2020-07-07 23:42:22,00074EEC1A,K4
2020-07-07 23:42:55,0006B3AC35,K4
2020-07-07 23:44:09,000786D14D,K4
2020-07-07 23:44:23,00075CE063,K4
2020-07-07 23:45:26,00068E377E,K75
2020-07-07 23:45:33,00075D076C,K75
2020-07-07 23:46:19,00071E15BF,K75
2020-07-07 23:47:12,0006E241C1,K4
2020-07-07 23:47:25,0007ABD629,K75
2020-07-07 23:49:40,000783F377,K75
2020-07-07 23:50:43,0007ABA539,K75
2020-07-07 23:51:34,0007ABC5F2,K4
2020-07-07 23:52:51,0006B3BF04,K4
2020-07-07 23:53:04,00074EEC1A,K75
2020-07-07 23:56:53,00075D879F,K4
2020-07-07 23:57:24,00068E377E,K4
2020-07-07 23:58:52,0007ABD629,K4
2020-07-07 23:59:17,000783CB2B,K4
2020-07-08 00:01:11,0007ABA539,K75
2020-07-08 00:01:11,000783F377,K4
2020-07-08 00:01:22,00071E15BF,K75
2020-07-08 00:02:05,00074F663E,K4
2020-07-08 00:02:12,00074F7C6F,K4
2020-07-08 00:02:35,0006E239ED,K4
2020-07-08 00:03:08,0006B3BF04,K4
2020-07-08 00:04:24,0006B34FE4,K4
2020-07-08 00:06:27,00074EEC1A,K4
2020-07-08 00:09:08,00075D076C,K75
2020-07-08 00:09:33,00075B22B0,K75
2020-07-08 00:10:54,0007ABD629,K75
2020-07-08 00:13:25,00075B29B2,K75
2020-07-08 00:17:40,00079A0255,K75
2020-07-08 00:17:49,00071E15BF,K75
2020-07-08 00:17:56,00075D879F,K4
2020-07-08 00:18:42,000783F377,K4
2020-07-08 00:20:43,00075CE063,K4
2020-07-08 00:20:59,00068E377E,K4
2020-07-08 00:22:55,00075D076C,K75
2020-07-08 00:23:45,00068E1731,K75
2020-07-08 00:24:59,0007ABA539,K75
2020-07-08 00:28:28,00071E15BF,K75
2020-07-08 00:29:43,0006CC24E9,K4
2020-07-08 00:31:26,00075CE063,K4
2020-07-08 00:35:14,0007ABC5F2,K4
2020-07-08 00:36:28,0007ABD629,K75
2020-07-08 00:36:37,0007ABA539,K4
2020-07-08 00:37:04,00079A0255,K75
2020-07-08 00:42:33,00075CE063,K4
2020-07-08 00:44:16,0006B3AC35,K4
2020-07-08 00:45:09,00071E2D31,K75
2020-07-08 00:46:57,00074F7C6F,K4
2020-07-08 00:47:17,0006E239ED,K4
2020-07-08 00:48:36,0007ABD629,K75
2020-07-08 00:48:42,00074F663E,K4
2020-07-08 00:49:46,0007ABDCCF,K75
2020-07-08 00:53:11,00068E1731,K75
2020-07-08 00:55:04,000786D14D,K4
2020-07-08 00:55:54,00074EEC1A,K4
2020-07-08 00:56:32,0007ABA539,K75
2020-07-08 00:58:09,0006E24C7B,K4
2020-07-08 00:59:51,0006E24ECA,K75
2020-07-08 01:00:02,00075D076C,K4
2020-07-08 01:02:29,000783CB2B,K4
2020-07-08 01:02:34,0007ABDCCF,K75
2020-07-08 01:03:30,00075B29B2,K75
2020-07-08 01:05:49,00068E377E,K4
2020-07-08 01:06:49,0007ABA539,K75
2020-07-08 01:07:16,00074EEC1A,K4
2020-07-08 01:07:52,00068E1731,K4
2020-07-08 01:08:22,0006E24C7B,K4
2020-07-08 01:08:44,0006E241C1,K4
2020-07-08 01:09:07,00071E2D31,K75
2020-07-08 01:10:24,00075D076C,K75
2020-07-08 01:12:19,0006CC24E9,K4
2020-07-08 01:14:03,0006B3BF04,K4
2020-07-08 01:14:30,0006E24ECA,K4
2020-07-08 01:15:50,0007ABD629,K75
2020-07-08 01:15:52,0006E239ED,K4
2020-07-08 01:16:40,0006B3AC35,K4
2020-07-08 01:20:57,00075D076C,K75
2020-07-08 01:22:01,00068E1731,K4
2020-07-08 01:25:57,0006B3BF04,K4
2020-07-08 01:26:36,0006E241C1,K4
2020-07-08 01:27:32,0006B3AC35,K4
2020-07-08 01:28:46,0007ABA539,K75
2020-07-08 01:29:30,00075B29B2,K4
2020-07-08 01:32:27,0007AC5939,K75
2020-07-08 01:34:25,0007ABD629,K4
2020-07-08 01:34:45,0007AC80F1,K4
2020-07-08 01:35:30,0006E239ED,K4
2020-07-08 01:36:50,000783F377,K4
2020-07-08 01:37:44,0006B3BF04,K4
2020-07-08 01:41:56,000788A24D,K4
2020-07-08 01:43:55,0007ABA539,K75
2020-07-08 01:50:07,0007AC5939,K75
2020-07-08 01:50:21,0006CC24E9,K4
2020-07-08 01:52:49,00071E2D31,K75
2020-07-08 01:53:10,0006E239ED,K4
2020-07-08 01:53:57,00075D076C,K75
2020-07-08 01:59:41,00074EEC1A,K4
2020-07-08 02:00:17,0007ABC5F2,K4
2020-07-08 02:00:32,00075D879F,K4
2020-07-08 02:01:47,0007AC5939,K75
2020-07-08 02:02:12,0007ABDCCF,K75
2020-07-08 02:03:01,0007ABF44A,K75
2020-07-08 02:03:09,00079A0255,K75
2020-07-08 02:05:59,00075D076C,K75
2020-07-08 02:06:42,00068E377E,K4
2020-07-08 02:10:31,0007ABA539,K75
2020-07-08 02:12:24,0007AC5939,K4
2020-07-08 02:14:53,00079A0255,K75
2020-07-08 02:15:02,0007ABDCCF,K75
2020-07-08 02:17:43,0006B34FE4,K4
2020-07-08 02:22:01,0007ABF44A,K75
2020-07-08 02:23:18,0006E24C7B,K4
2020-07-08 02:24:01,00075B22B0,K75
2020-07-08 02:24:06,000783CB2B,K4
2020-07-08 02:25:30,0007ABDCCF,K75
2020-07-08 02:30:11,00075D076C,K75
2020-07-08 02:32:54,00071E2D31,K75
2020-07-08 02:34:33,0006E24C7B,K4
2020-07-08 02:35:13,00075B22B0,K4
2020-07-08 02:35:21,000783F377,K4
2020-07-08 02:37:35,0007ABDCCF,K4
2020-07-08 02:40:27,0006B3AC35,K4
2020-07-08 02:43:11,0006CC24E9,K4
2020-07-08 02:45:46,00079A0255,K75
2020-07-08 02:46:04,00075D076C,K4
2020-07-08 02:46:27,00075B22B0,K75
2020-07-08 02:47:49,0007ABDCCF,K4
2020-07-08 02:49:11,000786D14D,K4
2020-07-08 02:49:41,00075CE063,K4
2020-07-08 02:53:11,00074F7C6F,K4
2020-07-08 02:54:33,00074F663E,K4
2020-07-08 02:55:43,00074EEC1A,K4
2020-07-08 02:57:23,00071E15BF,K75
2020-07-08 02:58:46,0006B3AC35,K4
2020-07-08 03:02:39,000786D14D,K4
2020-07-08 03:02:54,00079A0255,K75
2020-07-08 03:03:49,0007ABA539,K75
2020-07-08 03:04:23,0006B3BF04,K4
2020-07-08 03:06:24,00074EEC1A,K4
2020-07-08 03:06:50,0006E241C1,K4
2020-07-08 03:13:30,0006E24ECA,K4
2020-07-08 03:13:42,0007AC80F1,K4
2020-07-08 03:14:19,00075B22B0,K4
2020-07-08 03:16:06,0006B3BF04,K4
2020-07-08 03:16:51,00068E1731,K4
2020-07-08 03:17:34,0006E239ED,K4
2020-07-08 03:18:28,0007ABF44A,K75
2020-07-08 03:18:56,00071E15BF,K75
2020-07-08 03:21:09,0007ABC5F2,K4
2020-07-08 03:21:46,00068E377E,K4
2020-07-08 03:23:17,0006E241C1,K4
2020-07-08 03:25:59,0007ABA539,K75
2020-07-08 03:26:01,00075D879F,K4
2020-07-08 03:27:06,0007AC5939,K4
2020-07-08 03:28:08,0007ABD629,K4
2020-07-08 03:29:40,0006E239ED,K4
2020-07-08 03:35:59,00071E15BF,K75
2020-07-08 03:36:05,00068E1731,K4
2020-07-08 03:39:10,0007ABA539,K4
2020-07-08 03:51:52,0007ABC5F2,K4
2020-07-08 04:00:28,0006E24C7B,K4
2020-07-08 04:03:51,00071E15BF,K75
2020-07-08 04:22:09,00074F663E,K4
2020-07-08 04:28:50,00068E377E,K4
2020-07-08 04:46:29,00074EEC1A,K4
2020-07-08 04:50:07,0006CC24E9,K4
2020-07-08 04:50:14,000799A5EF,K4
2020-07-08 04:50:51,00079AAA3C,K4
2020-07-08 04:54:37,00068E1731,K4
2020-07-08 04:56:58,0007ABC5F2,K4
2020-07-08 04:56:59,000786B8A2,K4
2020-07-08 05:00:08,0006B3AC35,K4
2020-07-08 05:00:28,0006E239ED,K4
2020-07-08 05:01:17,000783F377,K4
2020-07-08 05:01:57,0006B3BF04,K4
2020-07-08 05:05:48,0006E241C1,K4
2020-07-08 05:08:50,0006E24C7B,K4
2020-07-08 05:11:47,00068E377E,K4
2020-07-08 05:13:25,0006CC24E9,K4
2020-07-08 05:14:18,0007ABA539,K4
2020-07-08 05:17:09,00068E1731,K4
2020-07-08 05:18:36,000799A5EF,K4
2020-07-08 05:19:11,0006B3BF04,K4
2020-07-08 05:19:35,00074EEC1A,K4
2020-07-08 05:20:22,000788A24D,K4
2020-07-08 05:20:47,0006E24C7B,K4
2020-07-08 05:21:06,00074F7C6F,K4
2020-07-08 05:22:49,0007ABD629,K4
2020-07-08 05:22:53,0006E239ED,K4
2020-07-08 05:22:54,0007ABC5F2,K4
2020-07-08 05:30:14,0007AC80F1,K4
2020-07-08 05:32:20,000799A5EF,K4
2020-07-08 05:42:01,00068E1731,K4
2020-07-08 05:59:43,00068E1731,K4
2020-07-08 06:19:31,00068E1731,K4
2020-07-08 07:28:18,00068E1731,K4
2020-07-08 08:33:24,00068E1731,K4
2020-07-08 10:28:30,00068E1731,K4
2020-07-08 12:16:48,00068E1731,K4
2020-07-08 13:14:12,00068E1731,K4
2020-07-08 13:33:57,00068E1731,K4
2020-07-08 13:43:58,00068E1731,K4
2020-07-08 13:55:33,00068E1731,K4
2020-07-08 14:05:45,00068E1731,K4
2020-07-08 14:40:46,00068E1731,K4
2020-07-08 14:55:59,00068E1731,K4
2020-07-08 18:16:21,00074F663E,K4
2020-07-08 21:06:43,00075D879F,K4
2020-07-08 21:16:15,00068E1731,K4
2020-07-08 21:18:09,0007AC5939,K4
2020-07-08 21:19:47,00075D879F,K4
2020-07-08 21:20:46,00068E377E,K4
2020-07-08 21:21:05,000783F377,K4
2020-07-08 21:22:14,0007ABA539,K4
2020-07-08 21:24:31,000786D14D,K4
2020-07-08 21:24:46,00074F663E,K4
2020-07-08 21:26:40,00068E1731,K4
2020-07-08 21:26:50,00075B22B0,K4
2020-07-08 21:26:55,0006B3AC35,K4
2020-07-08 21:31:53,00075B29B2,K4
2020-07-08 21:32:25,000783CB2B,K4
2020-07-08 21:32:31,0006B34FE4,K4
2020-07-08 21:32:37,0007AC80F1,K4
2020-07-08 21:32:49,0006E241C1,K4
2020-07-08 21:36:00,00075CE063,K4
2020-07-08 21:36:01,0006E24ECA,K4
2020-07-08 21:36:26,0007ABDCCF,K4
2020-07-08 21:43:11,000786B8A2,K4
2020-07-08 21:45:56,00079AAA3C,K4
2020-07-08 21:46:11,0006B3BF04,K4
2020-07-08 21:47:07,00074EEC1A,K4
2020-07-08 21:49:58,00075D076C,K4
2020-07-08 22:01:08,00074EEC1A,K4
2020-07-08 22:01:41,000786D14D,K4
2020-07-08 22:01:47,0006E24C7B,K4
2020-07-08 22:05:30,00079A0255,K75
2020-07-08 22:08:50,0006B3BF04,K4
2020-07-08 22:09:13,0006CC24E9,K4
2020-07-08 22:09:29,0007ABC5F2,K4
2020-07-08 22:25:40,00071E15BF,K75
2020-07-08 22:30:16,0007AC44BD,K75
2020-07-08 22:31:44,0006B3B75C,K75
2020-07-08 22:32:22,00074EEC1A,K4
2020-07-08 22:32:43,0006E24C7B,K4
2020-07-08 22:40:12,0007ABF44A,K75
2020-07-08 22:40:16,0007ABD629,K4
2020-07-08 22:42:57,0007ABA539,K4
2020-07-08 22:45:33,0006B3BF04,K4
2020-07-08 22:46:43,00074F7C6F,K4
2020-07-08 22:48:30,000788A24D,K4
2020-07-08 22:52:30,0007AC80F1,K4
2020-07-08 22:56:54,0006E24C7B,K4
2020-07-08 22:57:02,00074EEC1A,K4
2020-07-08 22:57:04,0006E241C1,K4
2020-07-08 22:57:48,00079A0255,K4
2020-07-08 22:58:51,00075D879F,K4
2020-07-08 23:00:58,00074F663E,K4
2020-07-08 23:01:27,0006B34FE4,K4
2020-07-08 23:02:58,0006B3AC35,K4
2020-07-08 23:04:07,0007ABA539,K4
2020-07-08 23:07:27,00068E377E,K4
2020-07-08 23:08:41,00079A0255,K75
2020-07-08 23:09:01,0007AC5939,K4
2020-07-08 23:09:08,0006E241C1,K4
2020-07-08 23:10:25,000783F377,K4
2020-07-08 23:11:06,000786D14D,K4
2020-07-08 23:13:09,00074EEC1A,K4
2020-07-08 23:13:47,0007ABD629,K4
2020-07-08 23:13:53,000788A24D,K4
2020-07-08 23:15:31,0007AC80F1,K4
2020-07-08 23:16:57,0007ABA539,K4
2020-07-08 23:19:35,0007ABDCCF,K4
2020-07-08 23:22:15,00068E377E,K4
2020-07-08 23:24:12,000783F377,K4
2020-07-08 23:27:48,00075D879F,K4
2020-07-08 23:31:04,0006E241C1,K4
2020-07-08 23:32:37,0006E24C7B,K4
2020-07-08 23:33:23,0006CC24E9,K4
2020-07-08 23:35:04,00068E1731,K4
2020-07-08 23:36:12,00074EEC1A,K4
2020-07-08 23:37:15,00079A0255,K4
2020-07-08 23:37:43,000783F377,K4
2020-07-08 23:37:58,000783CB2B,K4
2020-07-08 23:38:35,00068E377E,K4
2020-07-08 23:44:27,00074F7C6F,K4
2020-07-08 23:46:05,00075CE063,K4
2020-07-08 23:47:07,0007ABA539,K4
2020-07-08 23:47:15,0006B3BF04,K4
2020-07-08 23:47:36,00074EEC1A,K4
2020-07-08 23:47:44,0006CC24E9,K4
2020-07-08 23:48:13,000783F377,K4
2020-07-08 23:56:26,0006B34FE4,K4
2020-07-09 00:02:10,00079A0255,K4
2020-07-09 00:04:57,0007AC5939,K4
2020-07-09 00:07:58,00075CE063,K4
2020-07-09 00:08:09,00068E1731,K4
2020-07-09 00:11:25,00074EEC1A,K4
2020-07-09 00:12:42,00068E377E,K4
2020-07-09 00:27:12,0006B3BF04,K4
2020-07-09 00:27:30,0006E24C7B,K4
2020-07-09 00:29:50,0007AC80F1,K4
2020-07-09 00:31:52,0007ABF44A,K75
2020-07-09 00:32:26,00075CE063,K4
2020-07-09 00:33:46,0006E241C1,K4
2020-07-09 00:36:22,00068E377E,K4
2020-07-09 00:36:57,0007ABD629,K4
2020-07-09 00:38:48,00074EEC1A,K4
2020-07-09 00:43:37,0007ABA539,K4
2020-07-09 00:44:17,00071E15BF,K75
2020-07-09 00:54:30,00074F7C6F,K4
2020-07-09 00:56:12,00071E15BF,K75
2020-07-09 00:57:52,0006B3BF04,K4
2020-07-09 21:17:55,00074F663E,K42
2020-07-09 21:27:56,00075B22B0,K42
2020-07-09 21:28:35,0006B34FE4,K42
2020-07-09 21:29:22,0007ABDCCF,K42
2020-07-09 21:30:16,00074F663E,K42
2020-07-09 21:30:39,000786D14D,K42
2020-07-09 21:30:43,0006E241C1,K42
2020-07-09 21:35:08,000783CB2B,K42
2020-07-09 21:35:19,0006E239ED,K42
2020-07-09 21:36:11,0007AC80F1,K42
2020-07-09 21:36:12,0007ABC5F2,K42
2020-07-09 21:38:53,000799A5EF,K42
2020-07-09 21:42:39,000783F377,K42
2020-07-09 21:42:41,0006CC24E9,K42
2020-07-09 21:42:43,0006E24ECA,K42
2020-07-09 21:42:46,000788A24D,K42
2020-07-09 21:49:43,00071E15BF,K42
2020-07-09 21:53:34,0006B3AC35,K42
2020-07-09 21:53:59,00079AAA3C,K42
2020-07-09 22:08:27,00075D076C,K42
2020-07-09 23:43:13,00074EEC1A,K42
2020-07-09 23:45:44,00075D076C,K42
2020-07-09 23:52:30,0007ABD629,K42
2020-07-09 23:52:53,0006B3BF04,K42
2020-07-09 23:53:06,000783F377,K42
2020-07-09 23:54:30,0007AC5939,K42
2020-07-09 23:55:14,0006E24C7B,K42
2020-07-10 00:01:41,0007ABDCCF,K42
2020-07-10 00:05:26,0006B3BF04,K42
2020-07-10 00:07:19,0006E24C7B,K42
2020-07-10 00:08:22,00074EEC1A,K42
2020-07-10 00:15:27,0007ABD629,K42
2020-07-10 00:16:02,00075B29B2,K42
2020-07-10 00:16:41,0006B3BF04,K42
2020-07-10 00:16:44,0006E239ED,K42
2020-07-10 00:19:13,0006B3AC35,K42
2020-07-10 00:19:59,00075CE063,K42
2020-07-10 00:20:01,0007AC5939,K42
2020-07-10 00:20:19,0007ABF44A,K42
2020-07-10 00:23:23,0007AC80F1,K42
2020-07-10 00:30:39,0006E241C1,K42
2020-07-10 00:31:20,0006B3AC35,K42
2020-07-10 00:32:43,0007AC5939,K42
2020-07-10 00:33:00,000783F377,K42
2020-07-10 00:35:30,0006B34FE4,K42
2020-07-10 00:36:42,0007AC80F1,K42
2020-07-10 00:37:08,0006E239ED,K42
2020-07-10 00:37:12,00075CE063,K42
2020-07-10 00:43:32,0007AC5939,K42
2020-07-10 00:45:33,0007ABD629,K42
2020-07-10 00:47:39,0006E24C7B,K42
2020-07-10 00:48:27,00075B29B2,K42
2020-07-10 00:53:26,00075D879F,K42
2020-07-10 00:53:31,00074EEC1A,K42
2020-07-10 00:53:45,0006E239ED,K42
2020-07-10 00:56:11,0007ABD629,K42
2020-07-10 00:59:00,00075B29B2,K42
2020-07-10 00:59:40,000783F377,K42
2020-07-10 00:59:43,00068E1731,K42
2020-07-10 01:09:18,00074EEC1A,K42
2020-07-10 01:09:34,00068E377E,K42
2020-07-10 01:09:37,0007ABDCCF,K42
2020-07-10 01:11:17,000786B8A2,K42
2020-07-10 01:12:26,00068E1731,K42
2020-07-10 01:12:32,0007ABC5F2,K42
2020-07-10 01:15:41,000783CB2B,K42
2020-07-10 01:17:07,00075D076C,K42
2020-07-10 01:21:30,00074F663E,K42
2020-07-10 01:23:03,00068E377E,K42
2020-07-10 01:23:13,0006B3BF04,K42
2020-07-10 01:27:50,00075CE063,K42
2020-07-10 01:31:34,0007AC80F1,K42
2020-07-10 01:34:59,0006B3BF04,K42
2020-07-10 01:35:54,0006E24ECA,K42
2020-07-10 01:38:13,0006E24C7B,K42
2020-07-10 01:44:13,0007AC80F1,K42
2020-07-10 01:47:04,00075D879F,K42
2020-07-10 01:48:02,0006B3BF04,K42
2020-07-10 01:56:08,0007ABD629,K42
2020-07-10 01:56:47,0006E24C7B,K42
2020-07-10 01:57:08,00074EEC1A,K42
2020-07-10 01:57:20,00068E1731,K42
2020-07-10 02:06:49,0006E241C1,K42
2020-07-10 02:10:43,00079A0255,K42
2020-07-10 02:12:19,0006E239ED,K42
2020-07-10 02:15:43,0006B3BF04,K42
2020-07-10 02:18:37,0006B34FE4,K42
2020-07-10 02:19:59,0006E241C1,K42
2020-07-10 02:29:28,00074EEC1A,K42
2020-07-10 02:30:23,0007AC5939,K42
2020-07-10 02:33:08,0007ABA539,K42
2020-07-10 02:33:24,00068E377E,K42
2020-07-10 02:34:13,0006E241C1,K42
2020-07-10 02:37:00,0007ABD629,K42
2020-07-10 02:40:08,00079A0255,K42
2020-07-10 02:42:59,0006E24C7B,K42
2020-07-10 02:43:30,0006E239ED,K42
2020-07-10 02:44:59,0007ABC5F2,K42
2020-07-10 02:45:13,0007ABA539,K42
2020-07-10 02:45:33,0006E241C1,K42
2020-07-10 02:46:20,0006B34FE4,K42
2020-07-10 02:48:45,00075B29B2,K42
2020-07-10 02:48:58,00075D076C,K42
2020-07-10 02:55:30,00074F663E,K42
2020-07-10 02:55:50,0006E24C7B,K42
2020-07-10 02:57:05,0007AC5939,K42
2020-07-10 03:05:59,0006B3BF04,K42
2020-07-10 03:06:02,0006E24C7B,K42
2020-07-10 03:06:21,0007AC80F1,K42
2020-07-10 03:08:54,0007ABC5F2,K42
2020-07-10 03:10:33,0006B34FE4,K42
2020-07-10 03:11:12,00075D879F,K42
2020-07-10 03:12:20,00068E377E,K42
2020-07-10 03:16:00,00075CE063,K42
2020-07-10 03:16:35,00068E1731,K42
2020-07-10 03:19:11,0007AC80F1,K42
2020-07-10 03:20:22,0007ABC5F2,K42
2020-07-10 03:22:35,0006B3BF04,K42
2020-07-10 03:22:38,00079A0255,K42
2020-07-10 03:22:42,00075D076C,K42
2020-07-10 03:24:25,0006B34FE4,K42
2020-07-10 03:27:03,00075D879F,K42
2020-07-10 03:29:51,0007AC5939,K42
2020-07-10 03:30:57,00068E1731,K42
2020-07-10 03:32:08,0007ABD629,K42
2020-07-10 03:40:28,00068E377E,K42
2020-07-10 03:43:51,00075D076C,K42
2020-07-10 03:46:01,0007ABA539,K42
2020-07-10 03:46:59,0006B34FE4,K42
2020-07-10 03:49:54,00075B29B2,K42
2020-07-10 03:57:24,00075D076C,K42
2020-07-10 04:00:02,0006B34FE4,K42
2020-07-10 04:00:40,00075B29B2,K42
2020-07-10 04:04:03,0006E24ECA,K42
2020-07-10 04:32:49,0006B34FE4,K42
2020-07-10 04:51:32,0006B3BF04,K42
2020-07-10 04:59:52,00075B29B2,K42
2020-07-10 05:06:59,00068E1731,K42
2020-07-10 05:09:17,0007AC80F1,K42
2020-07-10 05:09:26,0007ABA539,K42
2020-07-10 05:10:39,00075D879F,K42
2020-07-10 10:58:23,0006B38A02,K42
2020-07-10 11:19:24,0006B38A02,K7
2020-07-10 12:09:37,00079AAA3C,K7
2020-07-10 12:20:13,0006E24C7B,K7
2020-07-10 12:22:36,0007ABC5F2,K7
2020-07-10 12:25:40,00074EEC1A,K7
2020-07-10 12:34:44,000786D14D,K7
2020-07-10 12:43:26,0006E24ECA,K7
2020-07-10 13:01:58,0006B3AC35,K7
2020-07-10 13:10:25,0006E239ED,K7
2020-07-10 13:13:29,0006E24C7B,K7
2020-07-10 13:25:38,00074F663E,K7
2020-07-10 13:30:31,0006E24ECA,K7
2020-07-10 13:40:19,0007ABF44A,K7
2020-07-10 13:47:15,0006B3AC35,K7
2020-07-10 13:59:33,0007ABD629,K7
2020-07-10 14:09:34,0007ABD629,K7
2020-07-10 14:21:40,00074EEC1A,K7
2020-07-10 14:38:44,00079AAA3C,K7
2020-07-10 14:43:50,0006E24ECA,K7
2020-07-10 14:44:39,0006B3AC35,K7
2020-07-10 14:50:50,000786D14D,K7
2020-07-10 15:10:24,0006E239ED,K7
2020-07-10 15:30:53,00074EEC1A,K7
2020-07-10 15:38:31,0006E24C7B,K7
2020-07-10 15:45:08,00074EEC1A,K7
2020-07-10 15:45:24,000788A24D,K7
2020-07-10 15:56:16,00074EEC1A,K7
2020-07-10 16:06:17,00074EEC1A,K7
2020-07-10 16:16:18,00074EEC1A,K7
2020-07-10 16:26:19,00074EEC1A,K7
2020-07-10 16:27:51,0007ABDCCF,K7
2020-07-10 16:37:45,0006CC24E9,K7
2020-07-10 16:47:46,0006CC24E9,K7
2020-07-10 16:56:04,0007AC5939,K7
2020-07-10 17:14:38,0007AC5939,K7
2020-07-10 17:19:03,0006CC24E9,K7
2020-07-10 17:28:32,0006E24ECA,K7
2020-07-10 17:32:23,0007AC5939,K7
2020-07-10 17:38:33,0006E24ECA,K7
2020-07-10 21:24:13,00068E1731,K42
2020-07-10 21:26:33,0007ABA539,K42
2020-07-10 21:36:35,0007AC80F1,K42
2020-07-10 21:36:44,0006B3BF04,K42
2020-07-10 21:37:45,00079A0255,K42
2020-07-10 21:38:04,00075B29B2,K42
2020-07-10 21:38:05,00075B22B0,K42
2020-07-10 21:38:24,0006B34FE4,K42
2020-07-10 21:39:04,00075D879F,K42
2020-07-10 21:44:11,00075D076C,K42
2020-07-10 23:02:14,0006E239ED,K42
2020-07-10 23:02:45,000786D14D,K42
2020-07-10 23:10:22,0007ABA539,K42
2020-07-10 23:17:04,00068E377E,K42
2020-07-10 23:23:14,0007AC80F1,K42
2020-07-10 23:25:36,00074EEC1A,K42
2020-07-10 23:28:28,00079A0255,K42
2020-07-10 23:30:56,000786D14D,K42
2020-07-10 23:33:51,0006B3BF04,K42
2020-07-10 23:38:51,00075D076C,K42
2020-07-10 23:48:24,0007ABA539,K42
2020-07-10 23:48:46,0007AC5939,K42
2020-07-10 23:48:55,0007ABF44A,K42
2020-07-10 23:50:50,00068E1731,K42
2020-07-10 23:54:34,00075B29B2,K42
2020-07-10 23:59:38,0007ABA539,K42
2020-07-11 00:02:47,00075D879F,K42
2020-07-11 00:07:43,000786B8A2,K42
2020-07-11 00:07:47,000788A24D,K42
2020-07-11 00:08:26,00075B29B2,K42
2020-07-11 00:09:06,00068E1731,K42
2020-07-11 00:09:11,0006B34FE4,K42
2020-07-11 00:13:04,0006B3BF04,K42
2020-07-11 00:16:56,0007AC80F1,K42
2020-07-11 00:26:13,00075B29B2,K42
2020-07-11 00:40:36,00068E377E,K42
2020-07-11 00:47:43,0007AC5939,K42
2020-07-11 00:49:31,00075D076C,K42
2020-07-11 00:56:10,0007AC80F1,K42
2020-07-11 00:58:20,00079A0255,K42
2020-07-11 01:02:09,0006E24ECA,K42
2020-07-11 01:05:06,0007ABD629,K42
2020-07-11 01:07:30,0007AC80F1,K42
2020-07-11 01:08:29,0006B34FE4,K42
2020-07-11 01:21:10,00074F663E,K42
2020-07-11 01:21:36,00075D076C,K42
2020-07-11 01:21:46,0006B34FE4,K42
2020-07-11 01:23:24,0007ABF44A,K42
2020-07-11 02:16:42,0006E24ECA,K42
2020-07-11 02:17:46,0007AC5939,K42
2020-07-11 02:23:12,00074EEC1A,K42
2020-07-11 02:28:55,0006E24ECA,K42
2020-07-11 02:29:40,00075D879F,K42
2020-07-11 02:31:39,0006E24C7B,K42
2020-07-11 02:34:50,00068E377E,K42
2020-07-11 02:36:13,0007ABF44A,K42
2020-07-11 02:37:09,00075D076C,K42
2020-07-11 02:38:48,00075B22B0,K42
2020-07-11 02:41:16,00079A0255,K42
2020-07-11 02:43:03,00075D879F,K42
2020-07-11 02:46:19,0007AC80F1,K42
2020-07-11 02:55:31,00074F663E,K42
2020-07-11 03:29:56,0007AC5939,K42
2020-07-11 04:04:05,00074F663E,K42
2020-07-11 04:05:18,0007ABC5F2,K42
2020-07-11 04:35:28,000799A5EF,K42
2020-07-11 05:10:55,0007AC5939,K42
2020-07-11 05:15:22,0006E24ECA,K42
2020-07-11 05:26:07,00068E377E,K42
2020-07-11 05:45:44,0007AC80F1,K42
2020-07-11 11:09:23,0006B38A02,K7
2020-07-11 11:11:58,000783CB2B,K7
2020-07-11 11:19:27,0006B38A02,K49
2020-07-11 11:20:36,0006E24C7B,K7
2020-07-11 11:21:38,00068E1731,K7
2020-07-11 11:30:37,0006E24C7B,K7
2020-07-11 11:40:38,0006E24C7B,K7
2020-07-11 11:41:30,00068E1731,K7
2020-07-11 11:48:16,00075CE063,K7
2020-07-11 12:00:11,00068E1731,K7
2020-07-11 12:10:12,00068E1731,K7
2020-07-11 12:20:15,00068E1731,K7
2020-07-11 12:30:16,00068E1731,K7
2020-07-11 12:40:17,00068E1731,K7
2020-07-11 12:50:18,00068E1731,K7
2020-07-11 12:55:41,0006B3AC35,K7
2020-07-11 13:06:16,00068E1731,K7
2020-07-11 13:13:09,0006E239ED,K7
2020-07-11 13:28:47,00068E1731,K7
2020-07-11 13:39:49,00075D879F,K7
2020-07-11 13:49:28,0006B3BF04,K7
2020-07-11 13:57:38,00068E1731,K7
2020-07-11 13:59:42,0006B3BF04,K7
2020-07-11 14:13:37,0006B3BF04,K7
2020-07-11 14:18:02,00068E1731,K7
2020-07-11 14:18:11,0007ABD629,K7
2020-07-11 14:31:30,0007ABDCCF,K7
2020-07-11 14:42:48,00068E377E,K7
2020-07-11 14:45:25,00068E1731,K7
2020-07-11 14:57:00,00068E1731,K7
2020-07-11 15:15:42,00068E1731,K7
2020-07-11 15:26:25,00068E1731,K7
2020-07-11 15:36:53,00071E2D31,K7
2020-07-11 15:38:26,0007ABDCCF,K7
2020-07-11 15:38:51,0007ABA539,K7
2020-07-11 15:40:38,00068E1731,K7
2020-07-11 15:44:05,0006B3AC35,K7
2020-07-11 16:07:48,0007AC44BD,K7
2020-07-11 16:09:57,0006B3AC35,K7
2020-07-11 16:11:06,00074EEC1A,K49
2020-07-11 16:22:15,00068E1731,K7
2020-07-11 16:32:16,00068E1731,K7
2020-07-11 16:37:10,000786B8A2,K7
2020-07-11 16:43:17,00068E1731,K7
2020-07-11 16:53:18,00068E1731,K7
2020-07-11 16:58:27,00074EEC1A,K49
2020-07-11 21:42:44,0006E24ECA,K49
2020-07-11 21:44:46,000786D14D,K49
2020-07-11 21:44:58,00074EEC1A,K49
2020-07-11 21:45:41,0006CC24E9,K49
2020-07-11 21:46:00,00074F663E,K42
2020-07-11 21:46:08,00079A0255,K42
2020-07-11 21:47:38,0007AC5939,K42
2020-07-11 21:47:42,0007ABC5F2,K42
2020-07-11 21:47:55,000799A5EF,K42
2020-07-11 21:49:09,00075B22B0,K42
2020-07-11 21:54:39,0007AC80F1,K42
2020-07-11 21:54:48,00075D076C,K42
2020-07-11 21:55:11,000788A24D,K42
2020-07-11 22:10:43,000786D14D,K49
2020-07-11 22:18:57,0006B34FE4,K49
2020-07-11 22:24:42,000786D14D,K49
2020-07-11 22:43:47,0006B34FE4,K49
2020-07-11 22:47:36,0007AC80F1,K49
2020-07-11 22:47:42,00074F7C6F,K49
2020-07-11 22:49:03,000783CB2B,K49
2020-07-11 22:53:01,0006E24ECA,K49
2020-07-11 22:53:12,0007ABC5F2,K49
2020-07-11 23:01:35,00074F7C6F,K49
2020-07-11 23:07:29,000783F377,K49
2020-07-11 23:12:51,0006E24ECA,K49
2020-07-11 23:13:06,0006E239ED,K49
2020-07-11 23:13:12,000786D14D,K49
2020-07-11 23:18:30,0006E241C1,K49
2020-07-11 23:20:10,0006B34FE4,K49
2020-07-11 23:21:55,000783F377,K49
2020-07-11 23:24:46,00074F7C6F,K49
2020-07-11 23:25:07,0006E24C7B,K49
2020-07-11 23:25:15,0007ABDCCF,K49
2020-07-11 23:25:30,0007ABC5F2,K49
2020-07-11 23:28:53,00079A0255,K49
2020-07-11 23:31:56,000783F377,K49
2020-07-11 23:34:18,0006B34FE4,K49
2020-07-11 23:35:29,00074F7C6F,K49
2020-07-11 23:36:08,00068E377E,K49
2020-07-11 23:39:29,0007AC44BD,K49
2020-07-11 23:39:43,0006E24C7B,K49
2020-07-11 23:42:11,00079A0255,K49
2020-07-11 23:44:12,0006B3AC35,K49
2020-07-11 23:45:27,00075B29B2,K49
2020-07-11 23:48:04,0006E24ECA,K49
2020-07-11 23:56:53,0006B3AC35,K49
2020-07-11 23:59:15,0006E24ECA,K49
2020-07-12 00:00:36,0006E24C7B,K49
2020-07-12 00:02:35,0007ABDCCF,K49
2020-07-12 00:07:31,00074F7C6F,K49
2020-07-12 00:12:45,0006E24ECA,K49
2020-07-12 00:13:27,000786D14D,K49
2020-07-12 00:15:13,0007ABDCCF,K49
2020-07-12 00:23:59,00068E377E,K49
2020-07-12 00:25:19,00074F7C6F,K49
2020-07-12 00:27:40,000783CB2B,K49
2020-07-12 00:27:46,00075D879F,K49
2020-07-12 00:27:57,00079AAA3C,K49
2020-07-12 00:28:18,000786D14D,K49
2020-07-12 00:30:00,00075B22B0,K49
2020-07-12 00:30:42,00074F663E,K49
2020-07-12 00:32:48,0007AC80F1,K49
2020-07-12 00:33:36,0006E24ECA,K49
2020-07-12 00:35:06,0006B3BF04,K49
2020-07-12 00:37:14,00068E377E,K49
2020-07-12 00:37:21,0006E239ED,K49
2020-07-12 00:43:00,000783CB2B,K49
2020-07-12 00:43:02,00071E2D31,K49
2020-07-12 00:43:45,00075D879F,K49
2020-07-12 00:47:45,0006E24C7B,K49
2020-07-12 00:50:14,0007ABD629,K49
2020-07-12 00:50:20,00074EEC1A,K49
2020-07-12 00:50:25,0006B3BF04,K49
2020-07-12 00:52:12,0007AC44BD,K49
2020-07-12 00:54:14,000788A24D,K49
2020-07-12 00:54:48,0007AC80F1,K49
2020-07-12 00:55:00,000783CB2B,K49
2020-07-12 01:00:09,00074F7C6F,K49
2020-07-12 01:02:38,0006E24C7B,K49
2020-07-12 01:02:47,0006B3AC35,K49
2020-07-12 01:03:37,0006E241C1,K49
2020-07-12 01:04:55,0007ABDCCF,K49
2020-07-12 01:08:01,0006CC24E9,K49
2020-07-12 01:08:03,0006E239ED,K49
2020-07-12 01:13:22,0006B3AC35,K49
2020-07-12 01:13:54,0006E241C1,K49
2020-07-12 01:14:30,00079A0255,K49
2020-07-12 01:15:08,00071E2D31,K49
2020-07-12 01:15:53,0007AC44BD,K49
2020-07-12 01:16:25,0007ABDCCF,K49
2020-07-12 01:19:13,00075B22B0,K49
2020-07-12 01:23:24,0006E239ED,K49
2020-07-12 01:24:57,00074F7C6F,K49
2020-07-12 01:26:01,0006E24C7B,K49
2020-07-12 01:28:23,00068E377E,K49
2020-07-12 01:28:27,00071E15BF,K49
2020-07-12 01:28:59,0006E241C1,K49
2020-07-12 01:30:13,0006B3BF04,K49
2020-07-12 01:31:16,00079A0255,K49
2020-07-12 01:32:22,0007ABA539,K49
2020-07-12 01:32:46,00075B22B0,K49
2020-07-12 01:35:11,0006B3AC35,K49
2020-07-12 01:35:43,0007AC5939,K49
2020-07-12 01:36:04,00075D879F,K49
2020-07-12 01:37:53,0006B34FE4,K49
2020-07-12 01:38:45,00068E377E,K49
2020-07-12 01:38:55,000783F377,K49
2020-07-12 01:42:37,0006B3BF04,K49
2020-07-12 01:43:52,0006E24C7B,K49
2020-07-12 01:44:27,000786B8A2,K49
2020-07-12 01:48:39,0007ABA539,K49
2020-07-12 01:50:18,0007ABD629,K49
2020-07-12 01:50:23,00075CE063,K49
2020-07-12 01:50:25,00074EEC1A,K49
2020-07-12 01:50:37,0006CC24E9,K49
2020-07-12 01:50:38,0007AC44BD,K49
2020-07-12 01:52:44,00075D879F,K49
2020-07-12 01:53:35,00074F7C6F,K49
2020-07-12 01:54:40,000783F377,K49
2020-07-12 01:56:14,0006B34FE4,K49
2020-07-12 01:56:32,00068E377E,K49
2020-07-12 01:58:48,0007ABC5F2,K49
2020-07-12 01:59:40,0007ABA539,K49
2020-07-12 02:00:43,0007ABDCCF,K49
2020-07-12 02:01:33,000786D14D,K49
2020-07-12 02:02:41,00075CE063,K49
2020-07-12 02:02:54,00071E2D31,K49
2020-07-12 02:03:45,00074EEC1A,K49
2020-07-12 02:06:53,00071E15BF,K49
2020-07-12 02:07:06,0007AC44BD,K49
2020-07-12 02:07:52,0006B3AC35,K49
2020-07-12 02:10:05,000799A5EF,K49
2020-07-12 02:11:24,0006E24ECA,K49
2020-07-12 02:13:34,0007ABDCCF,K49
2020-07-12 02:14:29,00074F7C6F,K49
2020-07-12 02:14:43,00075CE063,K49
2020-07-12 02:16:15,000783F377,K49
2020-07-12 02:16:33,0006B3BF04,K49
2020-07-12 02:16:53,00074F663E,K49
2020-07-12 02:18:32,000786D14D,K49
2020-07-12 02:20:34,00071E2D31,K49
2020-07-12 02:21:29,000799A5EF,K49
2020-07-12 02:21:49,0007ABF44A,K49
2020-07-12 02:24:11,0006B3AC35,K49
2020-07-12 02:28:43,0006B3BF04,K49
2020-07-12 02:28:49,00071E15BF,K49
2020-07-12 02:29:26,000783F377,K49
2020-07-12 02:29:40,00074EEC1A,K49
2020-07-12 02:32:11,0006E24ECA,K49
2020-07-12 02:33:13,0007ABC5F2,K49
2020-07-12 02:35:48,000799A5EF,K49
2020-07-12 02:39:02,0007AC80F1,K49
2020-07-12 02:41:33,0006E24C7B,K49
2020-07-12 02:41:38,00075B22B0,K49
2020-07-12 02:42:04,000783CB2B,K49
2020-07-12 02:42:54,0006B3BF04,K49
2020-07-12 02:46:00,00074EEC1A,K49
2020-07-12 02:46:44,0007ABC5F2,K49
2020-07-12 02:49:17,0006CC24E9,K49
2020-07-12 02:50:53,0007AC44BD,K49
2020-07-12 02:52:26,0006E24C7B,K49
2020-07-12 02:57:41,00079A0255,K49
2020-07-12 02:58:36,00068E377E,K49
2020-07-12 02:59:28,000783CB2B,K49
2020-07-12 03:00:55,00075B22B0,K49
2020-07-12 03:02:47,0007ABDCCF,K49
2020-07-12 03:04:18,00074F7C6F,K49
2020-07-12 03:06:10,0007AC80F1,K49
2020-07-12 03:09:36,0006E24C7B,K49
2020-07-12 03:09:42,0006B3BF04,K49
2020-07-12 03:10:18,0007AC5939,K49
2020-07-12 03:13:06,00068E377E,K49
2020-07-12 03:13:32,00075D076C,K49
2020-07-12 03:14:20,0006B3AC35,K49
2020-07-12 03:14:44,00079A0255,K49
2020-07-12 03:14:45,0007ABA539,K49
2020-07-12 03:17:50,0006E239ED,K49
2020-07-12 03:19:07,00075D879F,K49
2020-07-12 03:19:49,0006E24C7B,K49
2020-07-12 03:20:48,0006B3BF04,K49
2020-07-12 03:20:54,0006E241C1,K49
2020-07-12 03:22:44,0006CC24E9,K49
2020-07-12 03:22:55,0007AC44BD,K49
2020-07-12 03:23:01,0007ABDCCF,K49
2020-07-12 03:23:59,00074F7C6F,K49
2020-07-12 03:24:03,0007AC5939,K49
2020-07-12 03:24:20,00071E2D31,K49
2020-07-12 03:25:44,00075D076C,K49
2020-07-12 03:29:35,0007ABA539,K49
2020-07-12 03:30:06,00075CE063,K49
2020-07-12 03:31:05,0006E241C1,K49
2020-07-12 03:36:06,00075D879F,K49
2020-07-12 03:36:33,0006E239ED,K49
2020-07-12 03:37:36,0006E24C7B,K49
2020-07-12 03:38:56,0006B3AC35,K49
2020-07-12 03:40:47,00071E2D31,K49
2020-07-12 03:41:40,0007ABD629,K49
2020-07-12 03:46:39,00075CE063,K49
2020-07-12 03:48:29,0006E24C7B,K49
2020-07-12 03:57:30,000786D14D,K49
2020-07-12 03:58:34,00075B22B0,K49
2020-07-12 04:02:37,00068E377E,K49
2020-07-12 04:08:10,0006CC24E9,K49
2020-07-12 04:10:48,00075B29B2,K49
2020-07-12 04:14:22,0007AC44BD,K49
2020-07-12 04:15:46,00068E377E,K49
2020-07-12 04:16:08,000783CB2B,K49
2020-07-12 04:18:10,000799A5EF,K49
2020-07-12 04:19:06,00075B22B0,K49
2020-07-12 04:20:17,000788A24D,K49
2020-07-12 04:26:54,00074EEC1A,K49
2020-07-12 04:27:20,000783CB2B,K49
2020-07-12 04:32:12,00075B29B2,K49
2020-07-12 04:33:20,0006E241C1,K49
2020-07-12 04:38:29,00079A0255,K49
2020-07-12 04:40:09,0006E239ED,K49
2020-07-12 04:40:56,0007AC80F1,K49
2020-07-12 04:41:35,0006E24ECA,K49
2020-07-12 04:45:45,0007ABD629,K49
2020-07-12 04:46:42,0006B3AC35,K49
2020-07-12 04:47:34,00071E15BF,K49
2020-07-12 04:47:37,0006B34FE4,K49
2020-07-12 04:48:44,00079AAA3C,K49
2020-07-12 04:48:45,000783F377,K49
2020-07-12 04:49:05,0007ABF44A,K49
2020-07-12 04:50:09,0007ABC5F2,K49
2020-07-12 04:50:38,0007ABDCCF,K49
2020-07-12 04:50:50,00068E1731,K49
2020-07-12 04:55:14,00075B22B0,K49
2020-07-12 04:56:25,0006B3BF04,K49
2020-07-12 04:56:36,00075D879F,K49
2020-07-12 04:56:42,00071E2D31,K49
2020-07-12 04:57:50,00075B29B2,K49
2020-07-12 04:59:28,00071E15BF,K49
2020-07-12 05:00:08,00074F7C6F,K49
2020-07-12 05:00:45,0006E24C7B,K49
2020-07-12 05:00:51,00068E1731,K49
2020-07-12 05:01:31,0007AC5939,K49
2020-07-12 05:02:55,00075CE063,K49
2020-07-12 05:03:46,0007ABF44A,K49
2020-07-12 05:05:34,000783CB2B,K49
2020-07-12 05:06:33,0006E24ECA,K49
2020-07-12 05:07:50,0007ABA539,K49
2020-07-12 05:08:56,00068E377E,K49
2020-07-12 05:11:39,0007AC5939,K49
2020-07-12 05:12:39,00068E1731,K49
2020-07-12 05:15:39,0006E24C7B,K49
2020-07-12 05:15:52,00075D076C,K49
2020-07-12 05:17:15,00074F7C6F,K49
2020-07-12 05:25:40,0006B3AC35,K49
2020-07-12 05:32:35,00068E1731,K49
2020-07-12 05:32:42,0007ABF44A,K49
2020-07-12 05:37:55,00074EEC1A,K49
2020-07-12 05:42:29,0006CC24E9,K49
2020-07-12 05:43:13,00068E1731,K49
2020-07-12 05:44:27,0007AC44BD,K49
2020-07-12 05:57:19,0007AC44BD,K49
2020-07-12 06:03:53,000799A5EF,K49
2020-07-12 06:08:32,0007ABDCCF,K49
2020-07-12 06:11:56,00074F7C6F,K49
2020-07-12 06:13:59,00079AAA3C,K49
2020-07-12 06:14:56,00075CE063,K49
2020-07-12 06:16:10,00068E1731,K49
2020-07-12 06:23:05,00074F7C6F,K49
2020-07-12 06:29:44,00071E15BF,K49
2020-07-12 06:33:06,00074F7C6F,K49
2020-07-12 06:39:29,00074EEC1A,K49
2020-07-12 06:49:44,00074EEC1A,K49
2020-07-12 06:55:53,0006CC24E9,K49
2020-07-12 06:56:28,0006B34FE4,K49
2020-07-12 06:57:18,00068E1731,K49
2020-07-12 07:00:26,00079A0255,K49
2020-07-12 07:00:29,00074EEC1A,K49
2020-07-12 07:03:38,0007ABD629,K49
2020-07-12 07:05:26,00079AAA3C,K49
2020-07-12 07:10:24,00075B22B0,K49
2020-07-12 07:15:45,00074EEC1A,K49
2020-07-12 07:18:53,0007ABC5F2,K49
2020-07-12 07:25:03,00068E377E,K49
2020-07-12 07:29:10,0006CC24E9,K49
2020-07-12 07:31:26,0006B34FE4,K49
2020-07-12 07:32:24,0007AC80F1,K49
2020-07-12 07:33:48,000788A24D,K49
2020-07-12 07:35:11,00068E377E,K49
2020-07-12 07:38:11,0007ABA539,K49
2020-07-12 07:47:43,0006E239ED,K49
2020-07-12 08:03:51,0006B34FE4,K49
2020-07-12 08:04:26,00075D076C,K49
2020-07-12 08:13:46,0006E24C7B,K49
2020-07-12 08:17:50,00068E1731,K49
2020-07-12 08:24:52,00075CE063,K49
2020-07-12 08:25:02,00079AAA3C,K49
2020-07-12 08:29:46,000786D14D,K49
2020-07-12 08:30:48,0007AC5939,K49
2020-07-12 08:33:23,0007ABC5F2,K49
2020-07-12 08:33:28,00068E1731,K49
2020-07-12 08:33:47,00074EEC1A,K49
2020-07-12 08:35:46,00075B29B2,K49
2020-07-12 08:39:59,00071E2D31,K49
2020-07-12 08:40:24,00079A0255,K49
2020-07-12 08:42:31,0006E24ECA,K49
2020-07-12 08:48:22,000788A24D,K49
2020-07-12 08:52:44,0006B3BF04,K49
2020-07-12 09:08:39,0006B3AC35,K49
2020-07-12 09:38:42,000788A24D,K49
2020-07-12 09:47:27,0006E239ED,K49
2020-07-12 10:24:47,00068E1731,K49
2020-07-12 10:25:45,000783CB2B,K49
2020-07-12 10:26:23,00079AAA3C,K49
2020-07-12 10:29:32,0007ABC5F2,K49
2020-07-12 10:32:29,00068E377E,K49
2020-07-12 10:38:42,0006E24C7B,K49
2020-07-12 10:45:17,0006E239ED,K49
2020-07-12 10:56:59,0006E239ED,K49
2020-07-12 10:59:10,0007ABC5F2,K49
2020-07-12 11:04:17,0006B3AC35,K49
2020-07-12 11:07:15,0006E239ED,K49
2020-07-12 11:13:58,0007AC44BD,K49
2020-07-12 11:14:55,00074EEC1A,K49
2020-07-12 11:17:16,0006E239ED,K49
2020-07-12 11:21:32,0006E24C7B,K49
2020-07-12 11:27:17,0006E239ED,K49
2020-07-12 11:37:11,00074EEC1A,K49
2020-07-12 11:41:31,0006E239ED,K49
2020-07-12 11:44:59,0007AC5939,K49
2020-07-12 11:46:57,0006B34FE4,K49
2020-07-12 11:50:40,000788A24D,K49
2020-07-12 11:55:28,0007AC5939,K49
2020-07-12 12:02:47,0006B3AC35,K49
2020-07-12 12:10:05,00068E1731,K49
2020-07-12 12:10:29,000786B8A2,K7
2020-07-12 12:43:22,0007AC80F1,K49
2020-07-12 12:43:45,000786D14D,K49
2020-07-12 12:58:36,000783CB2B,K49
2020-07-12 12:59:53,00068E1731,K49
2020-07-12 13:05:58,000788A24D,K49
2020-07-12 13:16:36,00068E1731,K49
2020-07-12 13:19:32,0006E24C7B,K49
2020-07-12 13:29:37,00068E1731,K49
2020-07-12 13:33:55,00071E15BF,K49
2020-07-12 13:39:41,00068E1731,K49
2020-07-12 13:50:33,00068E1731,K49
2020-07-12 13:56:04,00075B29B2,K49
2020-07-12 13:57:22,000786D14D,K49
2020-07-12 14:03:00,00068E1731,K49
2020-07-12 14:05:34,0007ABD629,K49
2020-07-12 14:10:58,0006E241C1,K49
2020-07-12 14:13:14,00068E1731,K49
2020-07-12 14:13:45,00079AAA3C,K49
2020-07-12 14:14:21,00075D076C,K49
2020-07-12 14:26:08,0006CC24E9,K49
2020-07-12 14:27:56,0006E24C7B,K49
2020-07-12 14:37:57,0006E24C7B,K49
2020-07-12 14:48:14,0006E24C7B,K49
2020-07-12 14:58:15,0006E24C7B,K49
2020-07-12 14:59:29,00068E1731,K49
2020-07-12 15:04:59,000799A5EF,K49
2020-07-12 15:08:16,0006E24C7B,K49
2020-07-12 15:09:46,00068E377E,K49
2020-07-12 15:18:17,0006E24C7B,K49
2020-07-12 15:25:06,0006B3BF04,K49
2020-07-12 15:37:07,0006E24C7B,K49
2020-07-12 16:11:39,00074EEC1A,K49
2020-07-12 16:14:47,0006E24C7B,K49
2020-07-12 16:16:20,000788A24D,K49
2020-07-12 16:21:31,00068E1731,K49
2020-07-12 16:21:41,00074EEC1A,K49
2020-07-12 16:40:01,000788A24D,K49
2020-07-12 16:51:43,00068E1731,K49
2020-07-12 17:05:47,0006B3BF04,K49
2020-07-12 17:13:40,00068E1731,K49
2020-07-12 17:17:14,0006B3BF04,K49
2020-07-12 17:23:47,00068E1731,K49
2020-07-12 17:51:00,00074F7C6F,K49
2020-07-12 17:58:21,00075CE063,K49
2020-07-12 18:12:04,0006B3BF04,K49
2020-07-12 18:17:15,00075B22B0,K49
2020-07-12 18:27:16,00075B22B0,K49
2020-07-12 18:37:17,00075B22B0,K49
2020-07-12 21:26:26,00074F663E,K7
2020-07-12 21:43:50,000786B8A2,K7
2020-07-13 11:16:11,00079A0255,K49
2020-07-13 11:20:45,0006E24C7B,K83
2020-07-13 11:44:38,000788A24D,K83
2020-07-13 12:38:03,000799A5EF,K83
2020-07-13 12:41:41,00071E2D31,K83
2020-07-13 12:51:19,00075B29B2,K83
2020-07-13 13:14:00,0006B3BF04,K49
2020-07-13 13:22:22,00074EEC1A,K83
2020-07-13 13:28:07,000788A24D,K83
2020-07-13 13:35:17,00079AAA3C,K83
2020-07-13 13:39:23,00074EEC1A,K83
2020-07-13 13:44:10,0006E239ED,K83
2020-07-13 13:49:24,00074EEC1A,K83
2020-07-13 13:59:25,00074EEC1A,K83
2020-07-13 14:09:26,00074EEC1A,K83
2020-07-13 14:19:27,00074EEC1A,K83
2020-07-13 14:29:28,00074EEC1A,K83
2020-07-13 14:29:59,000786B8A2,K49
2020-07-13 14:47:32,000788A24D,K83
2020-07-13 15:02:32,000783F377,K83
2020-07-13 15:15:37,00074EEC1A,K83
2020-07-13 15:18:52,00079AAA3C,K83
2020-07-13 15:30:41,00074EEC1A,K83
2020-07-13 15:34:55,0006E241C1,K83
2020-07-13 15:44:26,00074EEC1A,K83
2020-07-13 15:54:27,00074EEC1A,K83
2020-07-13 16:24:23,0007AC44BD,K83
2020-07-13 16:36:42,0006E239ED,K83
2020-07-13 16:58:57,0006E241C1,K83
2020-07-13 17:00:58,00071E15BF,K83
2020-07-13 17:04:38,00074EEC1A,K83
2020-07-13 17:12:28,000799A5EF,K83
2020-07-13 17:52:33,00075D879F,K83
2020-07-13 17:59:53,000783F377,K83
2020-07-13 18:02:40,00075B29B2,K83
2020-07-13 18:27:42,00074EEC1A,K83
2020-07-13 18:36:41,0007AC44BD,K83
2020-07-13 18:40:19,0006E24ECA,K49
2020-07-13 18:44:34,00074EEC1A,K83
2020-07-13 18:47:11,0006E24C7B,K83
2020-07-13 18:55:55,0006CC24E9,K83
2020-07-13 19:50:35,00071E2D31,K83
2020-07-13 20:20:46,000788A24D,K83
2020-07-13 20:35:30,0006CC24E9,K83
2020-07-13 20:52:14,00075D879F,K83
2020-07-13 21:10:48,0006CC24E9,K83
2020-07-13 21:20:49,0006CC24E9,K83
2020-07-13 21:23:06,0007ABA539,K83
2020-07-13 21:25:37,0007AC44BD,K83
2020-07-13 21:28:39,00074F663E,K49
2020-07-13 21:32:56,0007ABC5F2,K83
2020-07-13 21:36:20,00074EEC1A,K83
2020-07-13 21:37:20,00068E1731,K49
2020-07-13 21:38:37,0006E239ED,K83
2020-07-13 21:38:52,0007ABDCCF,K49
2020-07-13 21:39:07,000783CB2B,K83
2020-07-13 21:39:22,0006B3BF04,K49
2020-07-13 21:39:28,00075D879F,K83
2020-07-13 21:39:34,0007AC5939,K49
2020-07-13 21:39:47,00074F663E,K49
2020-07-13 21:39:56,0007AC80F1,K49
2020-07-13 21:40:03,00071E2D31,K83
2020-07-13 21:40:06,0007ABF44A,K83
2020-07-13 21:40:14,00075B22B0,K83
2020-07-13 21:41:23,00075B29B2,K83
2020-07-13 21:41:24,00068E377E,K49
2020-07-13 21:41:35,0006E24C7B,K83
2020-07-13 21:42:26,00079A0255,K49
2020-07-13 21:42:28,00075CE063,K49
2020-07-13 21:42:30,000783F377,K83
2020-07-13 21:42:57,00074F7C6F,K49
2020-07-13 21:42:57,0006E241C1,K83
2020-07-13 21:43:11,0007ABD629,K49
2020-07-13 21:44:01,000788A24D,K83
2020-07-13 21:44:32,0006E24ECA,K49
2020-07-13 21:46:08,0006B34FE4,K83
2020-07-13 21:47:05,0006B3AC35,K83
2020-07-13 21:47:25,0006B3B75C,K83
2020-07-13 21:47:54,000786D14D,K49
2020-07-13 21:48:49,0007AC44BD,K83
2020-07-13 21:48:54,000799A5EF,K83
2020-07-13 21:49:51,00079AAA3C,K83
2020-07-13 21:50:53,00071E15BF,K83
2020-07-13 21:51:47,000786B8A2,K49
2020-07-13 21:52:15,0006CC24E9,K83
2020-07-13 21:52:33,00075D076C,K49
2020-07-13 22:57:30,00068E377E,K49
2020-07-13 23:05:04,00074F7C6F,K49
2020-07-13 23:14:05,00068E377E,K49
2020-07-13 23:18:58,00075D076C,K83
2020-07-13 23:21:07,00074F7C6F,K49
2020-07-13 23:24:44,0007ABD629,K49
2020-07-13 23:36:03,00074F7C6F,K49
2020-07-13 23:39:52,0007AC5939,K49
2020-07-14 00:01:54,00068E1731,K49
2020-07-14 00:14:46,00068E1731,K49
2020-07-14 00:24:31,0007AC5939,K49
2020-07-14 00:25:34,0006B3BF04,K49
2020-07-14 00:37:57,00074EEC1A,K83
2020-07-14 00:38:59,00075D076C,K49
2020-07-14 00:53:30,00075CE063,K49
2020-07-14 00:55:13,00068E377E,K49
2020-07-14 01:05:46,00068E377E,K49
2020-07-14 01:06:20,0006E24ECA,K49
2020-07-14 01:17:54,00075CE063,K49
2020-07-14 01:21:20,0007ABD629,K49
2020-07-14 01:29:32,00075D076C,K49
2020-07-14 01:29:58,0007AC5939,K49
2020-07-14 08:59:48,0006B38A02,K83
2020-07-14 09:09:31,0006E24C7B,K60
2020-07-14 09:13:15,00075B29B2,K60
2020-07-14 09:14:51,00071E15BF,K60
2020-07-14 09:23:38,00075D879F,K60
2020-07-14 09:26:15,0006B38A02,K49
2020-07-14 09:48:17,0006B38A02,K60
2020-07-14 10:04:22,000786B8A2,K60
2020-07-14 10:11:36,0006B3BF04,K60
2020-07-14 10:11:55,0006E241C1,K60
2020-07-14 10:14:57,0006B38A02,K80
2020-07-14 10:24:21,0006B3BF04,K60
2020-07-14 10:49:03,0007AC5939,K60
2020-07-14 10:51:13,0006E24C7B,K60
2020-07-14 10:51:17,00074EEC1A,K60
2020-07-14 11:04:33,0006E24ECA,K60
2020-07-14 11:16:58,0007AC5939,K60
2020-07-14 11:18:00,00074EEC1A,K60
2020-07-14 11:20:18,00075B29B2,K60
2020-07-14 11:23:50,0006B3AC35,K60
2020-07-14 11:26:11,00068E1731,K60
2020-07-14 11:32:00,00071E15BF,K60
2020-07-14 11:38:39,0006B3BF04,K60
2020-07-14 11:47:17,00075B29B2,K60
2020-07-14 11:47:27,00068E1731,K60
2020-07-14 11:59:57,0006E24C7B,K60
2020-07-14 12:01:08,00068E1731,K60
2020-07-14 12:09:58,0006E24C7B,K60
2020-07-14 12:19:59,0006E24C7B,K60
2020-07-14 12:30:00,0006E24C7B,K60
2020-07-14 12:34:48,00075D879F,K60
2020-07-14 12:39:21,0006B3BF04,K60
2020-07-14 12:42:10,00068E1731,K60
2020-07-14 12:49:01,0006B3AC35,K60
2020-07-14 12:51:42,00071E15BF,K60
2020-07-14 13:07:12,00068E1731,K60
2020-07-14 13:22:35,00068E1731,K60
2020-07-14 13:34:27,00068E1731,K60
2020-07-14 13:36:49,00074EEC1A,K60
2020-07-14 13:44:28,00068E1731,K60
2020-07-14 13:54:40,00068E1731,K60
2020-07-14 13:59:36,00075B22B0,K60
2020-07-14 14:06:16,00068E1731,K60
2020-07-14 14:19:33,00075D879F,K60
2020-07-14 14:23:03,00079A0255,K60
2020-07-14 14:29:21,0006E24ECA,K60
2020-07-14 14:40:35,0006E24C7B,K60
2020-07-14 14:44:37,0006B3BF04,K60
2020-07-14 14:45:48,00068E377E,K60
2020-07-14 14:57:59,00068E1731,K60
2020-07-14 15:20:06,00074F7C6F,K60
2020-07-14 15:34:08,0007ABD629,K60
2020-07-14 15:36:33,00074F7C6F,K60
2020-07-14 15:45:09,0006B3BF04,K60
2020-07-14 15:49:40,00074F7C6F,K60
2020-07-14 16:00:37,00074F7C6F,K60
2020-07-14 16:10:38,00074F7C6F,K60
2020-07-14 21:34:47,0007ABC5F2,K80
2020-07-14 21:35:43,0007ABF44A,K80
2020-07-14 21:36:34,0006B34FE4,K80
2020-07-14 21:36:36,0006E239ED,K80
2020-07-14 21:41:22,00071E2D31,K80
2020-07-14 21:41:29,000799A5EF,K80
2020-07-14 21:41:43,000788A24D,K80
2020-07-14 21:42:05,000786D14D,K80
2020-07-14 21:44:11,0007AC44BD,K80
2020-07-14 21:48:32,0006CC24E9,K80
2020-07-15 00:15:07,00075D076C,K80
2020-07-15 00:15:11,000783F377,K80
2020-07-15 04:43:05,000788A24D,K80
2020-07-15 04:43:14,00071E15BF,K80
2020-07-15 04:43:24,000786D14D,K80
2020-07-15 04:43:30,0006CC24E9,K80
2020-07-15 04:44:13,0007AC44BD,K80
2020-07-15 04:53:19,000786B8A2,K80
2020-07-15 04:53:47,0006B3B75C,K80
2020-07-15 04:54:16,000799A5EF,K80
2020-07-15 04:57:20,00071E15BF,K80
2020-07-15 12:28:31,00074F7C6F,K28
2020-07-15 12:40:46,0007ABD629,K28
2020-07-15 12:46:42,00075D879F,K28
2020-07-15 12:56:40,0006E24C7B,K28
2020-07-15 13:41:14,0007ABF44A,K28
2020-07-15 13:55:36,0007AC80F1,K28
2020-07-15 13:59:42,0007ABF44A,K28
2020-07-15 14:07:34,00075D879F,K28
2020-07-15 14:48:50,00068E1731,K28
2020-07-15 15:11:31,00074F7C6F,K28
2020-07-15 15:16:45,0007AC80F1,K28
2020-07-15 15:19:12,00071E2D31,K28
2020-07-15 15:42:26,0006E241C1,K28
2020-07-15 16:14:38,0007ABC5F2,K28
2020-07-15 16:54:03,0007ABC5F2,K28
2020-07-15 17:25:45,00068E1731,K28
2020-07-15 17:36:22,00068E377E,K28
2020-07-15 17:43:56,0006B3BF04,K28
2020-07-15 17:46:44,00074F663E,K28
2020-07-15 17:53:57,0006B3BF04,K28
2020-07-15 18:02:25,00075B29B2,K28
2020-07-15 18:05:28,0006B3BF04,K28
2020-07-15 18:08:30,0006E239ED,K28
2020-07-15 18:12:13,0007AC80F1,K28
2020-07-15 18:15:37,0006B3BF04,K28
2020-07-15 18:17:30,00068E1731,K28
2020-07-15 18:20:57,000783F377,K28
2020-07-15 18:25:38,0006B3BF04,K28
2020-07-15 18:36:10,00068E1731,K28
2020-07-15 18:39:42,00079A0255,K28
2020-07-15 18:43:44,0006E239ED,K28
2020-07-15 18:48:07,00068E1731,K28
2020-07-15 19:02:32,000783F377,K28
2020-07-15 19:04:47,0006E241C1,K28
2020-07-15 19:14:48,0006E241C1,K28
2020-07-15 19:17:08,0006B3BF04,K28
2020-07-15 19:18:32,00068E1731,K28
2020-07-15 19:20:49,0006E24ECA,K28
2020-07-15 19:28:44,0007AC80F1,K28
2020-07-15 19:29:51,00075D076C,K28
2020-07-15 19:44:46,0007ABDCCF,K28
2020-07-15 19:48:47,0006B34FE4,K28
2020-07-15 19:52:45,00075D076C,K28
2020-07-15 20:04:18,00075D076C,K28
2020-07-15 20:23:08,00075D879F,K28
2020-07-15 20:36:08,00071E2D31,K28
2020-07-15 20:39:44,0007ABD629,K28
2020-07-15 20:59:50,00075CE063,K28
2020-07-15 21:09:49,00074F7C6F,K28
2020-07-15 21:12:07,00068E1731,K28
2020-07-15 21:16:21,0007ABDCCF,K28
2020-07-15 21:19:39,0006B3BF04,K28
2020-07-15 21:20:33,0006E24ECA,K28
2020-07-15 21:20:54,0006E241C1,K28
2020-07-15 21:22:13,0007ABC5F2,K28
2020-07-15 21:22:26,0007ABA539,K28
2020-07-15 21:22:38,0006B34FE4,K28
2020-07-15 21:22:40,0007ABD629,K28
2020-07-15 21:22:50,000783CB2B,K28
2020-07-15 21:23:17,00068E377E,K28
2020-07-15 21:24:13,00074EEC1A,K28
2020-07-15 21:25:17,00075CE063,K28
2020-07-15 21:28:50,0007ABDCCF,K28
2020-07-15 21:29:27,0006E24C7B,K28
2020-07-15 21:29:45,00075B22B0,K28
2020-07-15 21:29:58,0007ABF44A,K28
2020-07-15 21:31:21,0007AC80F1,K28
2020-07-15 21:31:44,0006E239ED,K28
2020-07-15 21:34:06,000783CB2B,K28
2020-07-15 21:36:13,0007ABD629,K28
2020-07-15 21:37:38,00079A0255,K28
2020-07-15 21:39:26,000783F377,K28
2020-07-15 21:40:03,000799A5EF,K80
2020-07-15 21:40:08,000786B8A2,K80
2020-07-15 21:40:47,0006B3AC35,K28
2020-07-15 21:43:13,00075B29B2,K28
2020-07-15 21:45:24,0007AC5939,K28
2020-07-15 21:47:45,0007AC44BD,K80
2020-07-15 21:48:17,00071E2D31,K28
2020-07-15 21:51:02,00075D076C,K28
2020-07-15 21:51:11,000786D14D,K80
2020-07-15 21:51:55,000788A24D,K80
2020-07-15 21:52:54,0006B3B75C,K80
2020-07-15 21:54:54,00071E15BF,K80
2020-07-15 21:55:07,00079AAA3C,K80
2020-07-15 21:55:12,0006CC24E9,K80
2020-07-15 23:14:51,00079A0255,K28
2020-07-15 23:19:24,00068E377E,K28
2020-07-15 23:22:59,0006E24C7B,K28
2020-07-15 23:27:42,0006E24ECA,K28
2020-07-15 23:27:49,0007ABDCCF,K28
2020-07-15 23:27:53,000783CB2B,K28
2020-07-15 23:30:17,00074F663E,K28
2020-07-15 23:31:05,00079A0255,K28
2020-07-15 23:32:41,00068E377E,K28
2020-07-15 23:33:24,0006E24C7B,K28
2020-07-15 23:35:32,000786B8A2,K28
2020-07-15 23:50:22,00074EEC1A,K28
2020-07-15 23:52:56,00074F7C6F,K28
2020-07-15 23:54:10,00075D879F,K28
2020-07-15 23:59:00,0006E239ED,K28
2020-07-15 23:59:40,0006E24ECA,K28
2020-07-16 00:03:54,00068E1731,K28
2020-07-16 00:05:15,000788A24D,K28
2020-07-16 00:06:29,00074EEC1A,K28
2020-07-16 00:09:51,0006E239ED,K28
2020-07-16 00:12:00,00075B29B2,K28
2020-07-16 00:13:16,000786D14D,K28
2020-07-16 00:15:28,00075D879F,K28
2020-07-16 00:15:41,000788A24D,K28
2020-07-16 00:21:07,00074EEC1A,K28
2020-07-16 00:22:23,000783CB2B,K28
2020-07-16 00:26:03,00074F7C6F,K28
2020-07-16 00:26:14,000786D14D,K28
2020-07-16 00:26:43,0006E239ED,K28
2020-07-16 00:27:04,0006E24ECA,K28
2020-07-16 00:27:44,00068E1731,K28
2020-07-16 00:27:57,00075B29B2,K28
2020-07-16 00:33:33,00074EEC1A,K28
2020-07-16 00:34:14,00071E15BF,K80
2020-07-16 00:36:04,000786B8A2,K28
2020-07-16 00:37:33,0007ABD629,K28
2020-07-16 00:39:40,00075CE063,K28
2020-07-16 00:39:46,00068E377E,K28
2020-07-16 00:40:48,00068E1731,K28
2020-07-16 00:41:29,0007AC5939,K28
2020-07-16 00:42:26,00074F7C6F,K28
2020-07-16 00:48:48,00075D879F,K28
2020-07-16 00:51:14,00079A0255,K28
2020-07-16 00:53:19,0007AC5939,K28
2020-07-16 00:53:29,000786B8A2,K28
2020-07-16 00:54:01,00068E377E,K28
2020-07-16 00:54:21,00075CE063,K28
2020-07-16 00:54:45,00071E15BF,K28
2020-07-16 01:01:42,0007ABD629,K28
2020-07-16 01:01:59,00075D879F,K28
2020-07-16 01:04:53,0007ABC5F2,K28
2020-07-16 01:07:05,000786D14D,K28
2020-07-16 01:10:53,00075B22B0,K28
2020-07-16 01:11:23,0007ABDCCF,K28
2020-07-16 01:15:45,0007ABC5F2,K28
2020-07-16 01:17:30,0006E24C7B,K28
2020-07-16 01:17:50,000786D14D,K28
2020-07-16 01:21:30,00075B22B0,K28
2020-07-16 01:31:11,00074F663E,K28
2020-07-16 01:33:27,00075D879F,K28
2020-07-16 01:33:30,0007ABC5F2,K28
2020-07-16 01:36:11,00074EEC1A,K28
2020-07-16 01:40:15,0006E239ED,K28
2020-07-16 01:41:25,0006E24C7B,K28
2020-07-16 01:42:46,0007ABD629,K28
2020-07-16 01:43:00,0007AC44BD,K80
2020-07-16 01:43:12,0006CC24E9,K80
2020-07-16 01:43:45,00071E2D31,K80
2020-07-16 01:43:59,0007ABDCCF,K28
2020-07-16 01:44:20,000783CB2B,K28
2020-07-16 01:44:54,00074F7C6F,K28
2020-07-16 01:45:37,00074F663E,K28
2020-07-16 01:46:16,00074EEC1A,K28
2020-07-16 01:46:34,00068E377E,K28
2020-07-16 01:48:04,00075D879F,K28
2020-07-16 01:56:51,0006CC24E9,K80
2020-07-16 01:57:29,0006E24C7B,K28
2020-07-16 01:57:42,0007ABD629,K28
2020-07-16 01:58:24,00079A0255,K28
2020-07-16 01:59:37,00068E377E,K28
2020-07-16 02:01:17,00075B22B0,K28
2020-07-16 02:03:04,0006E239ED,K28
2020-07-16 02:04:02,000783CB2B,K28
2020-07-16 02:04:58,00074F7C6F,K28
2020-07-16 02:07:24,00074EEC1A,K28
2020-07-16 02:12:57,0007ABF44A,K28
2020-07-16 02:18:28,00075B22B0,K28
2020-07-16 02:24:24,0007ABF44A,K28
2020-07-16 02:25:52,00074EEC1A,K28
2020-07-16 02:37:28,0006E24ECA,K28
2020-07-16 02:38:33,00074EEC1A,K28
2020-07-16 02:38:46,00075B29B2,K28
2020-07-16 02:39:12,00068E1731,K28
2020-07-16 02:39:58,0006E239ED,K28
2020-07-16 02:43:06,0006B3BF04,K28
2020-07-16 02:46:26,00075CE063,K28
2020-07-16 02:47:54,000783CB2B,K28
2020-07-16 02:50:02,0007ABA539,K28
2020-07-16 02:56:01,000783F377,K28
2020-07-16 02:58:30,000786D14D,K28
2020-07-16 03:00:01,00074EEC1A,K28
2020-07-16 03:00:30,000783CB2B,K28
2020-07-16 03:00:33,00068E1731,K28
2020-07-16 03:01:00,0006E24ECA,K28
2020-07-16 03:01:14,0007AC5939,K28
2020-07-16 03:05:13,0006B3BF04,K28
2020-07-16 03:05:46,0007ABC5F2,K28
2020-07-16 03:06:25,00075B29B2,K28
2020-07-16 03:13:50,0006E239ED,K28
2020-07-16 03:25:17,0006E239ED,K28
2020-07-16 03:27:43,00068E377E,K28
2020-07-16 03:29:37,00075D879F,K28
2020-07-16 03:31:32,0006E24C7B,K28
2020-07-16 03:31:59,0006B3BF04,K28
2020-07-16 03:32:27,0006B34FE4,K28
2020-07-16 03:34:34,00074F7C6F,K28
2020-07-16 03:34:38,00079A0255,K28
2020-07-16 03:35:50,000786D14D,K28
2020-07-16 03:36:05,00075D076C,K28
2020-07-16 03:39:01,00068E377E,K28
2020-07-16 03:40:06,00075D879F,K28
2020-07-16 03:47:47,0006B3BF04,K28
2020-07-16 03:53:10,000786D14D,K28
2020-07-16 03:54:24,00074F7C6F,K28
2020-07-16 03:56:21,00075D076C,K28
2020-07-16 04:07:22,00075D076C,K28
2020-07-16 04:11:45,0007ABDCCF,K28
2020-07-16 04:16:06,0007ABF44A,K28
2020-07-16 04:24:15,000786D14D,K80
2020-07-16 04:28:03,0007ABF44A,K28
2020-07-16 04:37:38,00075B22B0,K28
2020-07-16 04:42:05,0007AC44BD,K80
2020-07-16 04:44:09,0007ABD629,K28
2020-07-16 04:44:15,0006CC24E9,K80
2020-07-16 04:44:26,00068E377E,K28
2020-07-16 04:45:33,00071E15BF,K80
2020-07-16 04:53:43,000786D14D,K28
2020-07-16 04:54:10,000783F377,K80
2020-07-16 04:57:34,00074EEC1A,K28
2020-07-16 05:03:43,00074F663E,K28
2020-07-16 05:04:31,000799A5EF,K80
2020-07-16 05:05:04,00079A0255,K28
2020-07-16 05:06:04,0006E241C1,K80
2020-07-16 05:06:12,0006E239ED,K28
2020-07-16 05:06:13,0006B34FE4,K28
2020-07-16 05:06:19,0007ABC5F2,K28
2020-07-16 05:07:28,0006B3BF04,K28
2020-07-16 05:07:28,00071E15BF,K80
2020-07-16 05:09:08,0007AC80F1,K28
2020-07-16 05:13:20,00075CE063,K28
2020-07-16 05:13:34,00068E1731,K28
2020-07-16 05:14:14,00075D076C,K28
2020-07-16 05:14:30,0006E24ECA,K28
2020-07-16 05:14:35,0006B3AC35,K80
2020-07-16 05:16:08,0007AC5939,K28
2020-07-16 05:16:29,0006B3B75C,K80
2020-07-16 05:16:32,0007ABDCCF,K28
2020-07-16 05:16:43,00075B29B2,K28
2020-07-16 05:16:56,0007ABF44A,K28
2020-07-16 05:17:05,00075D879F,K28
2020-07-16 05:20:41,0006E24C7B,K28
2020-07-16 05:21:47,0007ABA539,K28
2020-07-16 05:21:51,00079A0255,K28
2020-07-16 05:23:40,000783CB2B,K28
2020-07-16 05:24:43,00074F7C6F,K28
2020-07-16 05:26:43,00068E377E,K28
2020-07-16 05:27:15,0006B3BF04,K28
2020-07-16 05:27:37,0006B3AC35,K80
2020-07-16 05:39:17,0006E24C7B,K28
2020-07-16 05:41:37,00075B29B2,K28
2020-07-16 05:43:30,00074EEC1A,K28
2020-07-16 05:44:23,00068E1731,K28
2020-07-16 05:45:19,00068E377E,K28
2020-07-16 05:45:47,0006B3BF04,K28
2020-07-16 05:46:06,00074F663E,K28
2020-07-16 05:46:11,00074F7C6F,K28
2020-07-16 05:54:28,00068E1731,K28
2020-07-16 05:57:17,00074EEC1A,K28
2020-07-16 05:58:08,00075B29B2,K28
2020-07-16 06:01:33,0007ABF44A,K28
2020-07-16 06:05:18,00068E377E,K28
2020-07-16 06:06:46,0006E24ECA,K28
2020-07-16 06:08:05,0006E24C7B,K28
2020-07-16 06:10:55,0007ABDCCF,K28
2020-07-16 06:37:52,00079A0255,K28
2020-07-16 06:44:00,0007ABA539,K28
2020-07-16 06:50:44,00079A0255,K28
2020-07-16 06:57:21,0006E239ED,K28
2020-07-16 07:05:05,00079A0255,K28
2020-07-16 07:05:38,00068E1731,K28
2020-07-16 07:24:31,00074F7C6F,K28
2020-07-16 07:29:43,00074EEC1A,K28
2020-07-16 07:34:50,0006E24ECA,K28
2020-07-16 07:35:42,0007ABC5F2,K28
2020-07-16 07:44:11,00068E1731,K28
2020-07-16 07:56:57,00068E377E,K28
2020-07-16 07:58:18,0007ABF44A,K28
2020-07-16 07:59:02,0006E24C7B,K28
2020-07-16 08:01:19,00075D076C,K28
2020-07-16 08:04:53,00075B29B2,K28
2020-07-16 08:21:07,00068E1731,K28
2020-07-16 08:25:24,00074EEC1A,K28
2020-07-16 08:36:07,00074EEC1A,K28
2020-07-16 08:53:15,00068E1731,K28
2020-07-16 09:13:29,0007ABDCCF,K28
2020-07-16 09:17:30,00079A0255,K28
2020-07-16 09:27:31,00079A0255,K28
2020-07-16 09:28:58,00074EEC1A,K28
2020-07-16 09:42:00,0007ABDCCF,K28
2020-07-16 10:08:05,00075B29B2,K28
2020-07-16 10:18:39,0007ABA539,K28
2020-07-16 10:27:57,00068E1731,K28
2020-07-16 10:34:27,0007ABF44A,K28
2020-07-16 10:36:47,00068E377E,K28
2020-07-16 10:37:07,0006B3BF04,K28
2020-07-16 10:52:57,0006E24ECA,K28
2020-07-16 10:53:50,00079A0255,K28
2020-07-16 11:08:12,00068E1731,K28
2020-07-16 11:20:53,0007ABDCCF,K28
2020-07-16 11:28:08,00079A0255,K28
2020-07-16 12:02:27,00068E1731,K28
2020-07-16 12:14:52,00068E1731,K28
2020-07-16 12:15:51,0006B38A02,K28
2020-07-16 12:33:43,00075D076C,K28
2020-07-16 12:42:54,0007ABA539,K28
2020-07-16 12:59:29,0006B38A02,K80
2020-07-16 14:33:27,00075B29B2,K28
2020-07-16 14:43:28,00075B29B2,K28
2020-07-16 14:53:29,00075B29B2,K28
2020-07-16 15:03:30,00075B29B2,K28
2020-07-16 15:45:25,00075D076C,K28
2020-07-16 16:30:22,0007AC80F1,K28
2020-07-16 16:55:12,000783CB2B,K28
2020-07-16 17:20:16,0007AC80F1,K28
2020-07-16 17:35:57,00068E1731,K28
2020-07-16 17:44:27,0007AC80F1,K28
2020-07-16 17:53:57,00068E1731,K28
2020-07-16 17:58:35,0007AC80F1,K28
2020-07-16 18:14:40,0006E24C7B,K28
2020-07-16 19:07:45,0007AC80F1,K28
2020-07-16 19:18:56,0007AC80F1,K28
2020-07-16 19:19:21,0007ABF44A,K28
2020-07-16 19:29:22,0007ABF44A,K28
2020-07-16 19:39:23,0007ABF44A,K28
2020-07-16 19:49:24,0007ABF44A,K28
2020-07-16 19:53:43,00075D076C,K28
2020-07-16 20:26:06,00068E1731,K28
2020-07-16 21:09:34,00074EEC1A,K28
2020-07-16 21:39:46,000799A5EF,K80
2020-07-16 21:40:10,000786B8A2,K80
2020-07-16 21:40:45,0006E241C1,K80
2020-07-16 21:45:25,000786D14D,K80
2020-07-16 21:48:49,00071E2D31,K80
2020-07-16 21:49:00,0007AC44BD,K80
2020-07-16 21:50:09,000788A24D,K80
2020-07-16 21:50:40,0006B3AC35,K80
2020-07-16 21:52:04,0006CC24E9,K80
2020-07-16 21:52:30,0006B3B75C,K80
2020-07-16 21:53:26,00079AAA3C,K80
2020-07-16 21:53:49,000783F377,K80
2020-07-16 21:55:36,00071E15BF,K80
2020-07-16 22:15:52,000788A24D,K80
2020-07-17 01:28:47,000799A5EF,K80
2020-07-17 01:36:21,0006B3AC35,K80
2020-07-17 03:53:03,000786D14D,K80
2020-07-17 04:01:31,000786B8A2,K80
2020-07-17 04:21:19,000786B8A2,K80
2020-07-17 05:12:59,000783F377,K80
2020-07-17 12:10:15,0006B34FE4,K28
2020-07-17 12:56:00,00074F663E,K28
2020-07-17 13:35:20,00068E1731,K28
2020-07-17 14:38:17,00068E1731,K28
2020-07-17 15:30:11,00068E1731,K28
2020-07-17 16:29:42,00068E1731,K28
2020-07-17 18:52:31,00075B29B2,K28
2020-07-17 18:53:39,0007ABDCCF,K28
2020-07-17 19:26:53,000786B8A2,K28
2020-07-17 19:41:03,00068E1731,K28
2020-07-17 20:07:11,00074F663E,K28
2020-07-17 20:09:46,0007ABF44A,K28
2020-07-17 20:49:22,00068E1731,K28
2020-07-17 20:49:29,00075B29B2,K28
2020-07-17 20:53:14,00074F7C6F,K28
2020-07-17 20:53:26,0006B3BF04,K83
2020-07-17 20:53:30,0006E239ED,K83
2020-07-17 21:00:59,00075D879F,K28
2020-07-17 21:05:23,00079A0255,K28
2020-07-17 21:08:17,00075D076C,K28
2020-07-17 21:10:58,00068E1731,K28
2020-07-17 21:11:59,0007ABA539,K28
2020-07-17 21:15:21,00074F7C6F,K28
2020-07-17 21:18:49,00074F663E,K28
2020-07-17 21:19:27,00075D879F,K28
2020-07-17 21:19:34,00079A0255,K28
2020-07-17 21:19:50,0006E241C1,K28
2020-07-17 21:20:52,000786B8A2,K28
2020-07-17 21:21:00,00068E1731,K28
2020-07-17 21:22:18,0007ABDCCF,K28
2020-07-17 21:23:05,00075CE063,K28
2020-07-17 21:24:04,00068E377E,K28
2020-07-17 21:25:41,0006B34FE4,K28
2020-07-17 21:26:17,000783F377,K28
2020-07-17 21:26:53,000783CB2B,K28
2020-07-17 21:29:45,0007ABD629,K28
2020-07-17 21:31:18,000786B8A2,K28
2020-07-17 21:32:21,00075B22B0,K83
2020-07-17 21:32:44,0006E24C7B,K83
2020-07-17 21:34:39,0007AC80F1,K83
2020-07-17 21:35:02,0007ABF44A,K28
2020-07-17 21:38:11,00075B29B2,K28
2020-07-17 21:38:18,0007ABC5F2,K83
2020-07-17 21:38:31,00075D076C,K28
2020-07-17 21:39:56,0006B3BF04,K83
2020-07-17 21:41:52,00074EEC1A,K83
2020-07-17 21:42:26,0007AC5939,K83
2020-07-17 21:43:05,000786D14D,K80
2020-07-17 21:45:54,0006E239ED,K83
2020-07-17 21:48:56,00071E15BF,K83
2020-07-17 22:24:50,0007ABF44A,K28
2020-07-17 23:19:29,0006B3AC35,K83
2020-07-17 23:24:08,00074F663E,K83
2020-07-17 23:30:23,0006E24C7B,K83
2020-07-17 23:35:26,0006E24ECA,K28
2020-07-17 23:40:26,00068E1731,K28
2020-07-17 23:41:56,00068E377E,K28
2020-07-17 23:42:32,0006E24C7B,K28
2020-07-17 23:56:13,00068E1731,K28
2020-07-17 23:59:53,00071E2D31,K28
2020-07-18 00:01:53,00074F7C6F,K28
2020-07-18 00:06:01,00068E377E,K28
2020-07-18 00:12:04,00071E2D31,K28
2020-07-18 00:17:37,00068E377E,K28
2020-07-18 00:19:53,0007ABA539,K83
2020-07-18 00:21:23,00075B22B0,K83
2020-07-18 00:23:28,0007ABC5F2,K83
2020-07-18 00:27:32,00074EEC1A,K83
2020-07-18 00:29:42,00075B29B2,K83
2020-07-18 00:30:09,0007ABA539,K83
2020-07-18 00:38:38,00071E2D31,K83
2020-07-18 00:38:47,00074F663E,K83
2020-07-18 00:38:48,00074EEC1A,K83
2020-07-18 00:51:16,0007ABF44A,K83
2020-07-18 01:01:39,0006B3BF04,K83
2020-07-18 01:14:19,00074EEC1A,K83
2020-07-18 01:19:28,00075CE063,K83
2020-07-18 01:25:48,00074EEC1A,K83
2020-07-18 01:32:16,00075CE063,K83
2020-07-18 01:32:33,0006E24ECA,K83
2020-07-18 01:34:51,0007AC5939,K83
2020-07-18 01:35:58,00075D879F,K28
2020-07-18 01:36:32,00068E1731,K83
2020-07-18 01:40:36,0006E239ED,K83
2020-07-18 01:41:31,00068E377E,K28
2020-07-18 01:43:07,0006E24ECA,K83
2020-07-18 01:49:06,00068E1731,K83
2020-07-18 01:51:29,0007ABDCCF,K83
2020-07-18 01:51:52,00068E377E,K83
2020-07-18 01:55:59,000783CB2B,K83
2020-07-18 01:56:57,0006B3AC35,K83
2020-07-18 01:57:27,0007ABA539,K83
2020-07-18 01:58:48,00079A0255,K83
2020-07-18 02:01:32,0007ABD629,K83
2020-07-18 02:02:28,00074F663E,K83
2020-07-18 02:04:08,00068E1731,K83
2020-07-18 02:07:16,0007ABF44A,K83
2020-07-18 02:09:05,00074F7C6F,K83
2020-07-18 02:13:37,00074F663E,K83
2020-07-18 02:14:58,0007ABD629,K83
2020-07-18 02:17:58,0006B3AC35,K83
2020-07-18 02:19:38,0006E24C7B,K83
2020-07-18 02:23:01,000786D14D,K83
2020-07-18 02:24:32,00074EEC1A,K83
2020-07-18 02:33:22,00068E377E,K83
2020-07-18 02:35:03,00075B22B0,K83
2020-07-18 02:35:48,0007ABA539,K83
2020-07-18 02:37:28,00074F7C6F,K83
2020-07-18 02:38:44,00074EEC1A,K83
2020-07-18 02:40:17,0006E24C7B,K83
2020-07-18 02:42:17,00071E2D31,K83
2020-07-18 02:45:43,0006E241C1,K83
2020-07-18 02:46:38,0006CC24E9,K83
2020-07-18 02:48:11,00068E377E,K83
2020-07-18 02:49:56,00075B29B2,K83
2020-07-18 02:51:34,000783CB2B,K83
2020-07-18 02:51:42,00075D076C,K83
2020-07-18 02:56:09,0006E241C1,K83
2020-07-18 02:58:26,00075D879F,K83
2020-07-18 02:59:16,00071E2D31,K83
2020-07-18 03:00:05,00075B29B2,K83
2020-07-18 03:03:27,00079A0255,K83
2020-07-18 03:06:14,000783CB2B,K83
2020-07-18 03:08:22,00074F7C6F,K83
2020-07-18 03:08:42,00075D076C,K83
2020-07-18 03:10:02,00075CE063,K83
2020-07-18 03:12:32,0006CC24E9,K83
2020-07-18 03:15:17,00074EEC1A,K83
2020-07-18 03:16:15,000783CB2B,K83
2020-07-18 03:17:49,00068E1731,K83
2020-07-18 03:19:41,00071E2D31,K83
2020-07-18 03:19:45,0007AC80F1,K83
2020-07-18 03:22:41,0006B3BF04,K83
2020-07-18 03:25:25,00074EEC1A,K83
2020-07-18 03:29:16,00075D879F,K83
2020-07-18 03:29:27,00075B22B0,K83
2020-07-18 03:32:18,00075B29B2,K83
2020-07-18 03:32:49,00071E2D31,K83
2020-07-18 03:33:03,0006B3BF04,K83
2020-07-18 03:35:31,00068E1731,K83
2020-07-18 03:37:30,00068E377E,K83
2020-07-18 03:40:16,00075D879F,K83
2020-07-18 03:43:53,00075B29B2,K83
2020-07-18 04:13:51,00068E377E,K83
2020-07-18 04:13:54,000786B8A2,K83
2020-07-18 04:22:19,0007AC44BD,K83
2020-07-18 04:26:41,0006CC24E9,K83
2020-07-18 04:27:01,0006E241C1,K83
2020-07-18 04:27:20,00075B22B0,K83
2020-07-18 04:28:29,00068E377E,K83
2020-07-18 04:30:04,0007ABC5F2,K83
2020-07-18 04:32:31,000786D14D,K83
2020-07-18 04:34:12,000788A24D,K83
2020-07-18 04:35:49,00074EEC1A,K83
2020-07-18 04:36:25,00071E15BF,K83
2020-07-18 04:40:47,000799A5EF,K83
2020-07-18 04:41:23,00071E2D31,K83
2020-07-18 04:47:17,00079A0255,K83
2020-07-18 04:49:56,00075D076C,K83
2020-07-18 04:52:31,0007ABF44A,K83
2020-07-18 04:53:34,0006E239ED,K83
2020-07-18 04:53:40,000783F377,K80
2020-07-18 04:54:18,000799A5EF,K83
2020-07-18 04:54:40,0006E24ECA,K83
2020-07-18 04:55:01,0007ABDCCF,K80
2020-07-18 04:55:05,0007ABD629,K83
2020-07-18 04:55:40,00079AAA3C,K80
2020-07-18 04:55:46,0006B3BF04,K83
2020-07-18 04:56:07,0006B3B75C,K80
2020-07-18 04:56:16,000788A24D,K83
2020-07-18 04:58:39,0006B3AC35,K83
2020-07-18 04:58:59,0007AC80F1,K83
2020-07-18 04:59:25,00074F663E,K83
2020-07-18 05:02:55,00075CE063,K83
2020-07-18 05:03:00,00074F7C6F,K83
2020-07-18 05:03:06,00075D879F,K83
2020-07-18 05:03:37,0006B34FE4,K80
2020-07-18 05:03:59,0007AC44BD,K83
2020-07-18 05:05:39,000786D14D,K83
2020-07-18 05:06:25,0007AC5939,K83
2020-07-18 05:06:28,000786B8A2,K80
2020-07-18 05:07:40,0006E24C7B,K83
2020-07-18 05:07:56,00075B29B2,K83
2020-07-18 05:09:01,0006E239ED,K80
2020-07-18 05:10:54,0007ABDCCF,K80
2020-07-18 05:11:19,00068E1731,K83
2020-07-18 05:11:22,0007ABA539,K83
2020-07-18 05:14:01,0006B3BF04,K83
2020-07-18 05:14:54,00068E377E,K83
2020-07-18 05:15:40,000786D14D,K80
2020-07-18 05:20:44,000799A5EF,K83
2020-07-18 05:21:16,000783CB2B,K83
2020-07-18 05:22:37,0006E24C7B,K83
2020-07-18 05:25:42,000786D14D,K80
2020-07-18 05:26:28,0007ABF44A,K83
2020-07-18 05:32:43,00075CE063,K83
2020-07-18 05:46:40,00075CE063,K83
2020-07-18 05:52:19,00075D076C,K83
2020-07-18 05:54:21,0006B3BF04,K83
2020-07-18 05:54:27,0007AC5939,K83
2020-07-18 05:54:35,00075B22B0,K83
2020-07-18 06:01:08,00075CE063,K83
2020-07-18 06:02:01,0007ABF44A,K83
2020-07-18 06:04:22,0006B3BF04,K83
2020-07-18 06:14:23,0006B3BF04,K83
2020-07-18 06:14:52,0007ABC5F2,K83
2020-07-18 06:24:24,0006B3BF04,K83
2020-07-18 06:24:28,00075D879F,K83
2020-07-18 06:31:50,00079A0255,K83
2020-07-18 06:34:25,0006B3BF04,K83
2020-07-18 06:42:05,0006E241C1,K83
2020-07-18 06:42:57,0006B34FE4,K83
2020-07-18 06:44:06,0006E24ECA,K83
2020-07-18 06:44:28,00071E15BF,K83
2020-07-18 06:44:29,0006B3BF04,K83
2020-07-18 06:45:19,0007ABF44A,K83
2020-07-18 06:54:30,0006B3BF04,K83
2020-07-18 07:01:55,00074F7C6F,K83
2020-07-18 07:06:55,0006B3BF04,K83
2020-07-18 07:17:41,0006B3BF04,K83
2020-07-18 07:25:36,00074F7C6F,K83
2020-07-18 07:34:46,0006B3BF04,K83
2020-07-18 07:44:47,0006B3BF04,K83
2020-07-18 07:49:40,00074F7C6F,K83
2020-07-18 07:51:53,00075D076C,K83
2020-07-18 07:54:48,0006B3BF04,K83
2020-07-18 07:57:03,0006E24C7B,K83
2020-07-18 12:31:12,00068E1731,K83
2020-07-18 12:37:14,0006E24ECA,K83
2020-07-18 12:43:47,00068E1731,K83
2020-07-18 12:44:21,0006E241C1,K83
2020-07-18 12:50:31,00074F7C6F,K83
2020-07-18 12:53:48,00068E1731,K83
2020-07-18 13:22:22,00068E1731,K83
2020-07-18 13:28:06,0006E241C1,K83
2020-07-18 13:34:31,00068E1731,K83
2020-07-18 13:36:13,00074EEC1A,K83
2020-07-18 13:36:56,0007ABD629,K83
2020-07-18 13:37:17,00075B22B0,K83
2020-07-18 13:44:36,00068E1731,K83
2020-07-18 13:49:00,0007ABD629,K83
2020-07-18 13:58:39,00068E1731,K83
2020-07-18 13:59:18,0007AC5939,K83
2020-07-18 14:01:33,0007ABD629,K83
2020-07-18 14:11:35,0007ABD629,K83
2020-07-18 14:15:13,00068E1731,K83
2020-07-18 14:21:40,0007ABD629,K83
2020-07-18 14:26:56,00068E1731,K83
2020-07-18 14:27:33,0006B3BF04,K83
2020-07-18 14:37:34,0006B3BF04,K83
2020-07-18 14:46:12,00075B22B0,K83
2020-07-18 14:56:35,00075B22B0,K83
2020-07-18 14:59:30,0006E24ECA,K83
2020-07-18 15:01:50,00074F7C6F,K83
2020-07-18 15:06:28,00075B29B2,K83
2020-07-18 15:07:57,0007ABD629,K83
2020-07-18 15:11:23,0006E24ECA,K83
2020-07-18 15:17:58,0007ABD629,K83
2020-07-18 15:27:59,0007ABD629,K83
2020-07-18 15:36:52,0007ABC5F2,K83
2020-07-18 15:37:37,0006E24ECA,K83
2020-07-18 15:39:38,00075B22B0,K83
2020-07-18 15:49:39,00075B22B0,K83
2020-07-18 21:34:54,000788A24D,K80
2020-07-18 21:35:06,0006E239ED,K80
2020-07-18 21:35:09,000799A5EF,K80
2020-07-18 21:41:00,000786B8A2,K80
2020-07-18 21:42:52,0006B3B75C,K80
2020-07-18 21:43:15,000786D14D,K80
2020-07-18 21:43:39,000783F377,K80
2020-07-18 21:44:36,0007AC44BD,K80
2020-07-18 21:47:33,00079AAA3C,K80
2020-07-19 00:55:43,0006E239ED,K80
2020-07-19 02:09:13,0007ABDCCF,K80
2020-07-19 02:11:01,00071E2D31,K80
2020-07-19 02:15:42,00068E1731,K80
2020-07-19 02:17:55,0007ABF44A,K80
2020-07-19 02:20:18,0006B34FE4,K80
2020-07-19 02:20:50,00079A0255,K80
2020-07-19 02:21:14,0006E24ECA,K80
2020-07-19 02:23:32,00074F663E,K80
2020-07-19 02:24:16,00074F7C6F,K80
2020-07-19 02:26:19,000788A24D,K80
2020-07-19 02:28:49,0007ABF44A,K80
2020-07-19 02:32:20,00079A0255,K80
2020-07-19 02:46:01,0006E24ECA,K80
2020-07-19 03:05:41,0006B34FE4,K80
2020-07-19 03:09:12,0007ABDCCF,K80
2020-07-19 03:12:36,0007AC80F1,K80
2020-07-19 03:12:54,0006E239ED,K80
2020-07-19 03:13:09,00075D076C,K80
2020-07-19 03:13:45,0006CC24E9,K80
2020-07-19 03:14:29,0007AC44BD,K80
2020-07-19 03:18:33,00074EEC1A,K80
2020-07-19 03:19:50,0006B3AC35,K80
2020-07-19 03:20:14,00068E377E,K80
2020-07-19 03:28:33,00075D076C,K80
2020-07-19 03:30:14,00071E15BF,K80
2020-07-19 03:30:29,00068E377E,K80
2020-07-19 03:30:55,0006CC24E9,K80
2020-07-19 03:33:04,0006E239ED,K80
2020-07-19 03:34:26,00074EEC1A,K80
2020-07-19 03:37:39,0006E24C7B,K80
2020-07-19 03:39:18,00075CE063,K80
2020-07-19 03:43:03,0007ABDCCF,K80
2020-07-19 03:43:15,0006E239ED,K80
2020-07-19 03:48:31,00068E377E,K80
2020-07-19 03:52:28,00075CE063,K80
2020-07-19 03:54:26,0006E24C7B,K80
2020-07-19 04:11:50,00074F7C6F,K80
2020-07-19 04:22:57,0006E24C7B,K80
2020-07-19 04:23:06,00068E377E,K80
2020-07-19 04:29:32,000786D14D,K80
2020-07-19 04:34:13,0007AC44BD,K80
2020-07-19 04:37:19,0006E24C7B,K80
2020-07-19 04:39:42,000786D14D,K80
2020-07-19 04:42:33,00071E15BF,K80
2020-07-19 04:44:10,0006CC24E9,K80
2020-07-19 04:47:30,0006E241C1,K80
2020-07-19 04:51:53,000783F377,K80
2020-07-19 04:52:59,0006E239ED,K80
2020-07-19 04:53:13,0007ABF44A,K80
2020-07-19 04:53:35,000799A5EF,K80
2020-07-19 04:54:46,0007ABA539,K80
2020-07-19 04:55:34,0006B34FE4,K80
2020-07-19 04:59:05,00075D879F,K80
2020-07-19 04:59:53,00074EEC1A,K80
2020-07-19 05:02:20,00075B29B2,K80
2020-07-19 05:03:21,0006E241C1,K80
2020-07-19 05:07:05,000786B8A2,K80
2020-07-19 05:11:57,00074F663E,K80
2020-07-19 05:17:04,0006E24ECA,K80
2020-07-19 05:18:22,00074F7C6F,K80
2020-07-19 05:22:23,0006B3BF04,K80
2020-07-19 05:25:29,0007ABA539,K80
2020-07-19 14:24:22,0006B38A02,K80
2020-07-19 16:55:36,00074EEC1A,K80
2020-07-19 17:35:58,00074F7C6F,K80
2020-07-19 17:37:30,00074EEC1A,K80
2020-07-19 18:42:50,0006E24C7B,K80
2020-07-19 18:42:58,0006E239ED,K80
2020-07-19 18:52:59,0006E239ED,K80
2020-07-19 18:53:03,00079A0255,K80
2020-07-19 18:54:37,0006E24C7B,K80
2020-07-19 19:02:02,000799A5EF,K80
2020-07-19 19:03:42,0007AC44BD,K80
2020-07-19 19:05:02,0006CC24E9,K80
2020-07-19 19:06:54,0006B34FE4,K80
2020-07-19 19:50:32,0006E24C7B,K80
2020-07-19 20:02:17,00079A0255,K80
2020-07-19 20:06:23,0006E239ED,K80
2020-07-19 20:21:01,0006E239ED,K80
2020-07-19 20:31:02,0006E239ED,K80
2020-07-19 20:41:03,0006E239ED,K80
2020-07-19 20:51:04,0006E239ED,K80
2020-07-19 21:01:05,0006E239ED,K80
2020-07-19 21:11:06,0006E239ED,K80
2020-07-19 21:15:19,00079A0255,K80
2020-07-19 21:15:35,0006E24C7B,K80
2020-07-19 21:23:40,0006E239ED,K80
2020-07-19 21:25:11,00071E2D31,K80
2020-07-19 21:26:59,0007ABA539,K80
2020-07-19 21:27:11,00074F7C6F,K80
2020-07-19 21:27:13,0007AC44BD,K80
2020-07-19 21:29:07,000786D14D,K80
2020-07-19 21:30:18,00068E377E,K80
2020-07-19 21:36:43,0006E241C1,K80
2020-07-19 21:39:44,00074F663E,K80
2020-07-19 21:39:58,000788A24D,K80
2020-07-19 21:42:40,0007AC80F1,K80
2020-07-19 21:42:51,0007ABF44A,K80
2020-07-19 21:42:52,00075CE063,K80
2020-07-19 21:44:41,00075B29B2,K80
2020-07-19 21:45:05,0006B3AC35,K80
2020-07-19 21:45:32,00079AAA3C,K80
2020-07-19 21:47:56,0007ABDCCF,K80
2020-07-19 21:49:09,000783F377,K80
2020-07-19 21:49:22,00075D879F,K80
2020-07-19 21:49:40,0006B3BF04,K80
2020-07-19 21:50:05,00075D076C,K80
2020-07-19 21:53:01,00071E15BF,K80
2020-07-19 22:05:28,000786B8A2,K80
2020-07-19 22:06:53,00068E377E,K80
2020-07-19 23:15:36,00068E377E,K80
2020-07-20 10:38:38,0006B38A02,K25
2020-07-20 13:16:54,00068E1731,K25
2020-07-20 13:31:29,00068E1731,K25
2020-07-20 13:44:32,00068E1731,K25
2020-07-20 13:55:11,00068E1731,K25
2020-07-20 14:05:51,00068E1731,K25
2020-07-20 14:15:52,00068E1731,K25
2020-07-20 14:25:53,00068E1731,K25
2020-07-20 14:36:03,00068E1731,K25
2020-07-20 14:45:49,00074F7C6F,K25
2020-07-20 14:46:06,00068E1731,K25
2020-07-20 14:52:10,00074EEC1A,K25
2020-07-20 14:55:50,00074F7C6F,K25
2020-07-20 15:06:20,00074EEC1A,K25
2020-07-20 15:06:47,00074F7C6F,K25
2020-07-20 15:16:21,00074EEC1A,K25
2020-07-20 15:16:48,00074F7C6F,K25
2020-07-20 15:26:22,00074EEC1A,K25
2020-07-20 15:28:48,00074F7C6F,K25
2020-07-20 15:38:49,00074F7C6F,K25
2020-07-20 15:48:50,00074F7C6F,K25
2020-07-20 21:46:19,00075B22B0,K39
2020-07-20 21:46:38,000799A5EF,K39
2020-07-20 21:48:13,0007ABF44A,K39
2020-07-20 21:51:22,00079AAA3C,K39
2020-07-20 21:51:46,00075D076C,K39
2020-07-20 21:52:17,000786D14D,K39
2020-07-20 21:55:13,0006CC24E9,K39
2020-07-21 04:03:00,000786D14D,K39
2020-07-21 04:10:33,000786B8A2,K39
2020-07-21 04:11:48,00075D076C,K39
2020-07-21 04:23:39,000786D14D,K39
2020-07-21 04:41:44,000786D14D,K39
2020-07-21 04:49:14,0006CC24E9,K39
2020-07-21 04:49:41,000799A5EF,K39
2020-07-21 05:08:33,00079AAA3C,K39
2020-07-21 05:11:54,00071E2D31,K39
2020-07-21 05:15:18,00075CE063,K39
2020-07-21 13:52:53,0006B38A02,K39
2020-07-21 21:33:16,00075CE063,K39
2020-07-21 21:39:51,000786B8A2,K39
2020-07-21 21:40:24,000799A5EF,K39
2020-07-21 21:40:42,000786D14D,K39
2020-07-21 21:41:55,00075B22B0,K39
2020-07-21 21:43:27,00071E2D31,K39
2020-07-21 21:44:19,0006B3B75C,K39
2020-07-21 21:44:28,00079AAA3C,K39
2020-07-21 21:46:11,0006CC24E9,K39
2020-07-21 21:47:38,00075D076C,K39
2020-07-22 00:51:03,0006E241C1,K39
2020-07-22 01:03:21,0006E24C7B,K39
2020-07-22 01:18:59,0007ABDCCF,K39
2020-07-22 01:21:44,0007ABF44A,K39
2020-07-22 05:10:44,000799A5EF,K39
2020-07-22 11:29:24,0006B38A02,K39
2020-07-22 12:29:46,0006B38A02,K18
2020-07-22 12:44:56,0006B38A02,K7
2020-07-22 14:46:37,00075D879F,K18
2020-07-22 15:28:22,000788A24D,K18
2020-07-22 15:53:01,00071E2D31,K18
2020-07-22 19:08:52,0006E241C1,K18
2020-07-22 21:29:23,000786B8A2,K18
2020-07-22 21:34:21,000788A24D,K18
2020-07-22 21:35:52,000783CB2B,K18
2020-07-22 21:35:57,0006B3B75C,K18
2020-07-22 21:36:08,00075D879F,K18
2020-07-22 21:36:12,0006E24ECA,K7
2020-07-22 21:36:39,0006E241C1,K18
2020-07-22 21:36:46,00079AAA3C,K18
2020-07-22 21:36:52,000799A5EF,K18
2020-07-22 21:37:15,00071E2D31,K18
2020-07-22 21:37:26,0006E239ED,K7
2020-07-22 21:37:41,0006B3AC35,K18
2020-07-22 21:38:01,0006B34FE4,K7
2020-07-22 21:40:36,0007AC44BD,K7
2020-07-22 21:42:53,0006CC24E9,K7
2020-07-22 21:43:49,000786D14D,K7
2020-07-23 02:20:48,0006B3AC35,K18
2020-07-23 04:31:01,00075B22B0,K18
2020-07-23 04:37:52,000786D14D,K18
2020-07-23 04:40:19,0006E239ED,K7
2020-07-23 04:41:09,0007AC44BD,K7
2020-07-23 04:41:18,0007ABD629,K7
2020-07-23 04:42:14,0006B3AC35,K18
2020-07-23 04:42:46,000788A24D,K18
2020-07-23 04:44:30,0006E24C7B,K7
2020-07-23 04:44:57,0007AC80F1,K7
2020-07-23 04:44:58,0006E241C1,K18
2020-07-23 04:45:33,0006B3BF04,K7
2020-07-23 04:49:46,00075D879F,K18
2020-07-23 04:50:11,000799A5EF,K18
2020-07-23 04:52:39,00075D076C,K18
2020-07-23 04:56:28,000786D14D,K18
2020-07-23 04:59:05,00079AAA3C,K18
2020-07-23 05:01:10,0007AC80F1,K7
2020-07-23 05:01:31,0006E24C7B,K7
2020-07-23 05:02:21,0006CC24E9,K7
2020-07-23 05:02:58,0006B3BF04,K7
2020-07-23 05:03:42,00075B29B2,K18
2020-07-23 05:03:51,0006B3AC35,K18
2020-07-23 05:05:51,00075B22B0,K18
2020-07-23 05:07:23,00075D076C,K18
2020-07-23 05:07:39,000783F377,K18
2020-07-23 05:08:19,0006E24ECA,K18
2020-07-23 05:09:47,000786B8A2,K18
2020-07-23 05:10:20,000783CB2B,K18
2020-07-23 05:15:59,00075D879F,K18
2020-07-23 05:16:37,00071E2D31,K18
2020-07-23 05:17:13,00075B29B2,K18
2020-07-23 05:17:14,0006B3BF04,K7
2020-07-23 05:17:29,0006CC24E9,K7
2020-07-23 05:17:50,0007AC80F1,K7
2020-07-23 05:20:20,000786B8A2,K18
2020-07-23 05:20:30,000783F377,K18
2020-07-23 05:22:59,000786D14D,K7
2020-07-23 05:24:19,0006B3AC35,K18
2020-07-23 07:34:56,0006B3AC35,K18
2020-07-23 07:54:17,00079AAA3C,K18
2020-07-23 09:21:08,000799A5EF,K18
2020-07-23 09:31:56,0007AC44BD,K7
2020-07-23 09:32:04,00075B22B0,K18
2020-07-23 09:33:03,000788A24D,K18
2020-07-23 09:44:12,000783F377,K18
2020-07-23 09:45:06,0006B3AC35,K18
2020-07-23 10:47:35,00079AAA3C,K18
2020-07-23 10:56:40,0006B38A02,K18
2020-07-23 11:07:54,0006B38A02,K7
2020-07-23 14:30:18,0006B3BF04,K7
2020-07-23 15:02:18,0006E24ECA,K18
2020-07-23 15:06:15,0007ABD629,K7
2020-07-23 15:38:22,00075B29B2,K18
2020-07-23 18:21:31,0006E241C1,K18
2020-07-23 18:36:35,0007AC80F1,K7
2020-07-23 19:43:13,00075B29B2,K18
2020-07-23 21:28:56,000788A24D,K18
2020-07-23 21:31:56,0006E241C1,K18
2020-07-23 21:32:11,000783F377,K18
2020-07-23 21:33:16,000799A5EF,K18
2020-07-23 21:33:28,00075B22B0,K18
2020-07-23 21:33:33,00075D879F,K18
2020-07-23 21:33:45,0006E24ECA,K18
2020-07-23 21:34:33,000783CB2B,K18
2020-07-23 21:34:51,000786B8A2,K7
2020-07-23 21:34:55,0007AC80F1,K7
2020-07-23 21:35:40,0006E239ED,K7
2020-07-23 21:36:47,0006B3BF04,K7
2020-07-23 21:37:18,00079AAA3C,K18
2020-07-23 21:37:26,0006CC24E9,K7
2020-07-23 21:39:56,00075B29B2,K18
2020-07-23 21:39:59,0006B3AC35,K18
2020-07-23 21:40:11,00071E2D31,K18
2020-07-23 21:40:25,00075D076C,K18
2020-07-23 21:41:06,0007ABD629,K7
2020-07-23 21:41:54,0007AC44BD,K7
2020-07-23 21:43:06,000786D14D,K7
2020-07-24 02:13:45,0006E239ED,K7
2020-07-24 02:17:51,0007ABD629,K7
2020-07-24 02:23:51,00068E1731,K7
2020-07-24 02:26:47,0006E239ED,K7
2020-07-24 02:32:58,00074F663E,K7
2020-07-24 02:36:41,0006E24C7B,K7
2020-07-24 02:40:58,00068E1731,K7
2020-07-24 02:49:23,0006E24C7B,K7
2020-07-24 03:15:05,00068E1731,K7
2020-07-24 03:39:35,00068E1731,K7
2020-07-24 04:04:47,00068E377E,K7
2020-07-24 04:10:05,00074EEC1A,K7
2020-07-24 04:20:27,00068E377E,K7
2020-07-24 04:23:24,0007ABDCCF,K7
2020-07-24 04:29:40,00074EEC1A,K7
2020-07-24 04:33:39,0006E239ED,K7
2020-07-24 04:34:47,000788A24D,K7
2020-07-24 04:36:33,00068E377E,K7
2020-07-24 04:41:36,0006E241C1,K7
2020-07-24 04:41:59,000786D14D,K7
2020-07-24 04:42:07,0006E24ECA,K7
2020-07-24 04:42:46,00074EEC1A,K7
2020-07-24 04:43:09,00068E1731,K7
2020-07-24 04:47:49,00068E377E,K7
2020-07-24 04:50:32,000788A24D,K7
2020-07-24 04:50:57,0007ABDCCF,K7
2020-07-24 04:51:54,0006E239ED,K7
2020-07-24 04:54:52,0006B3AC35,K7
2020-07-24 04:55:52,0006E241C1,K7
2020-07-24 04:57:31,00068E1731,K7
2020-07-24 04:58:29,0006B34FE4,K7
2020-07-24 05:01:00,0006E24C7B,K7
2020-07-24 05:01:10,00074EEC1A,K7
2020-07-24 05:02:11,00074F663E,K7
2020-07-24 05:04:29,0007AC80F1,K7
2020-07-24 05:06:39,0007ABD629,K7
2020-07-24 05:07:01,0007AC44BD,K7
2020-07-24 05:07:07,000786D14D,K7
2020-07-24 05:07:47,0007ABDCCF,K7
2020-07-24 05:10:36,00075B29B2,K7
2020-07-24 05:12:27,0006E24ECA,K7
2020-07-24 05:15:18,00074F663E,K7
2020-07-24 05:15:30,0006E239ED,K7
2020-07-24 05:19:19,00068E377E,K7
2020-07-24 05:21:41,0006B3AC35,K7
2020-07-24 05:22:16,0007AC44BD,K7
2020-07-24 05:28:55,00074EEC1A,K7
2020-07-24 05:29:27,000786D14D,K7
2020-07-24 05:31:52,0006E24C7B,K7
2020-07-24 05:38:48,0006E239ED,K7
2020-07-24 05:41:13,00068E1731,K7
2020-07-24 05:41:53,0006E24C7B,K7
2020-07-24 05:52:11,00068E1731,K7
2020-07-24 06:02:12,00068E1731,K7
2020-07-24 06:12:13,00068E1731,K7
2020-07-24 06:22:15,00068E1731,K7
2020-07-24 06:32:17,00068E1731,K7
2020-07-24 06:42:18,00068E1731,K7
2020-07-24 06:52:19,00068E1731,K7
2020-07-24 07:07:06,00068E377E,K7
2020-07-24 07:12:45,00068E1731,K7
2020-07-24 07:27:40,00068E1731,K7
2020-07-24 07:54:32,00068E1731,K7
2020-07-24 08:05:06,00068E1731,K7
2020-07-24 08:15:00,0007AC44BD,K7
2020-07-24 08:16:28,00068E1731,K7
2020-07-24 08:26:29,00068E1731,K7
2020-07-24 08:37:13,00068E1731,K7
2020-07-24 08:47:29,00068E1731,K7
2020-07-24 08:58:46,00068E1731,K7
2020-07-24 09:14:29,00068E1731,K7
2020-07-24 16:33:51,0006B3BF04,K17
2020-07-24 17:08:50,00068E1731,K7
2020-07-24 17:10:45,0006B3BF04,K17
2020-07-24 17:35:15,00075D076C,K17
2020-07-24 18:05:57,0006E239ED,K7
2020-07-24 18:19:12,00068E377E,K7
2020-07-24 18:22:39,0006B3BF04,K17
2020-07-24 18:28:56,0006E24ECA,K7
2020-07-24 18:38:57,0006E24ECA,K7
2020-07-24 18:40:14,0006B3BF04,K17
2020-07-24 18:51:11,00075D076C,K17
2020-07-24 18:52:04,00075B29B2,K7
2020-07-24 18:56:46,0006B3BF04,K17
2020-07-24 18:56:47,00068E1731,K7
2020-07-24 19:06:47,0006B3BF04,K17
2020-07-24 19:08:04,000786D14D,K7
2020-07-24 19:09:18,0007AC44BD,K7
2020-07-24 19:16:48,0006B3BF04,K17
2020-07-24 19:25:38,00068E1731,K7
2020-07-24 19:37:28,00068E1731,K7
2020-07-24 19:42:15,0006B3AC35,K7
2020-07-24 19:55:14,00074F663E,K17
2020-07-24 19:58:39,000786D14D,K7
2020-07-24 20:03:05,0006B3AC35,K7
2020-07-24 20:47:39,0006B3AC35,K7
2020-07-24 21:09:37,0006B3BF04,K17
2020-07-24 21:17:26,000786D14D,K7
2020-07-24 21:19:52,0006B3BF04,K17
2020-07-24 21:22:04,00074F663E,K17
2020-07-24 21:22:57,0007ABA539,K17
2020-07-24 21:24:12,00074EEC1A,K17
2020-07-24 21:24:49,00075B22B0,K17
2020-07-24 21:25:03,00075CE063,K17
2020-07-24 21:25:25,000799A5EF,K17
2020-07-24 21:26:00,0007ABC5F2,K17
2020-07-24 21:26:07,000788A24D,K17
2020-07-24 21:26:33,00068E377E,K7
2020-07-24 21:30:18,000783F377,K17
2020-07-24 21:30:42,00079A0255,K17
2020-07-24 21:31:53,00075D879F,K17
2020-07-24 21:32:04,0007AC5939,K17
2020-07-24 21:32:17,0006E241C1,K17
2020-07-24 21:34:04,00071E15BF,K17
2020-07-24 21:34:59,00075D076C,K17
2020-07-24 21:36:56,0006E239ED,K7
2020-07-24 21:37:36,00068E377E,K7
2020-07-24 21:37:40,0006E24ECA,K7
2020-07-24 21:39:33,000786D14D,K7
2020-07-24 21:40:14,00068E1731,K7
2020-07-24 21:40:20,0007ABDCCF,K7
2020-07-24 21:40:29,0006E24C7B,K7
2020-07-24 21:40:56,0007AC80F1,K7
2020-07-24 21:41:08,0007ABD629,K7
2020-07-24 21:41:59,0006B3AC35,K7
2020-07-24 21:42:45,0007AC44BD,K7
2020-07-24 21:45:04,00075B29B2,K7
2020-07-25 04:35:16,0006B3AC35,K17
2020-07-25 04:49:35,0006E24C7B,K17
2020-07-25 05:09:58,0007ABA539,K17
2020-07-25 05:14:14,00075B22B0,K17
2020-07-25 05:14:59,00075CE063,K17
2020-07-25 05:26:56,00074F7C6F,K17
2020-07-25 05:27:44,00074F663E,K17
2020-07-25 05:27:52,000783CB2B,K17
2020-07-25 05:30:29,0007ABA539,K17
2020-07-25 05:33:06,000786B8A2,K17
2020-07-25 20:09:21,000786B8A2,K17
2020-07-25 21:14:51,00074F7C6F,K11
2020-07-25 21:22:10,000783F377,K11
2020-07-25 21:26:17,00074F7C6F,K11
2020-07-25 21:26:25,00068E377E,K11
2020-07-25 21:28:52,000788A24D,K11
2020-07-25 21:28:57,00074EEC1A,K11
2020-07-25 21:29:00,000799A5EF,K11
2020-07-25 21:30:00,0007ABA539,K17
2020-07-25 21:30:11,0007ABDCCF,K11
2020-07-25 21:30:11,00074F663E,K17
2020-07-25 21:30:21,0006CC24E9,K11
2020-07-25 21:30:23,0007ABF44A,K11
2020-07-25 21:30:31,00079A0255,K11
2020-07-25 21:31:05,00075B22B0,K17
2020-07-25 21:31:11,000786B8A2,K17
2020-07-25 21:31:18,0007AC80F1,K11
2020-07-25 21:31:30,0006B3AC35,K11
2020-07-25 21:31:35,00075D879F,K11
2020-07-25 21:31:45,0007AC5939,K11
2020-07-25 21:31:47,000783CB2B,K17
2020-07-25 21:32:49,000786D14D,K11
2020-07-25 21:32:58,0006E24ECA,K11
2020-07-25 21:33:12,00075D076C,K11
2020-07-25 21:34:00,00071E2D31,K11
2020-07-30 13:45:21,0006B36D8B,K7
2020-07-30 14:31:34,0006B36D8B,K51
2020-07-30 17:40:47,00068E1731,K42
2020-07-30 17:51:07,00068E1731,K42
2020-07-30 19:00:20,00068E1731,K42
2020-07-30 21:21:56,0006E24ECA,K42
2020-07-30 21:24:02,0007ABA539,K51
2020-07-30 21:24:04,00074F663E,K42
2020-07-30 21:24:48,0006E24C7B,K42
2020-07-30 21:26:14,0007ABDCCF,K42
2020-07-30 21:27:01,00074EEC1A,K42
2020-07-30 21:27:08,000786B8A2,K7
2020-07-30 21:27:42,000783CB2B,K42
2020-07-30 21:27:49,000799A5EF,K42
2020-07-30 21:27:53,0007ABD629,K42
2020-07-30 21:27:57,00074F7C6F,K42
2020-07-30 21:28:02,0007AC44BD,K42
2020-07-30 21:28:04,0006CC24E9,K42
2020-07-30 21:28:30,00075CE063,K7
2020-07-30 21:28:31,00075D879F,K42
2020-07-30 21:28:35,00075B29B2,K42
2020-07-30 21:29:06,000786D14D,K42
2020-07-30 21:29:11,0006B3BF04,K42
2020-07-30 21:29:20,0007ABC5F2,K42
2020-07-30 21:29:32,0007AC80F1,K42
2020-07-30 21:30:30,0006B34FE4,K42
2020-07-30 21:31:43,0006E241C1,K42
2020-07-30 21:31:45,0007ABF44A,K51
2020-07-30 21:32:00,00079A0255,K42
2020-07-30 21:32:09,00071E2D31,K51
2020-07-30 21:32:58,0006E239ED,K7
2020-07-30 21:34:09,000783F377,K42
2020-07-30 21:34:14,000788A24D,K42
2020-07-30 21:34:24,00068E377E,K42
2020-07-30 21:37:19,00068E1731,K42
2020-07-30 21:38:56,0007AC5939,K42
2020-07-30 21:39:11,00075B22B0,K42
2020-07-30 21:40:47,0006B3AC35,K42
2020-07-30 21:45:23,00075D076C,K42
2020-07-30 21:45:27,00071E15BF,K42
2020-07-31 04:54:44,0006E239ED,K7
2020-07-31 05:03:39,00075B22B0,K7
2020-07-31 05:03:54,0007ABD629,K7
2020-07-31 05:04:47,00074EEC1A,K7
2020-07-31 05:06:12,00074F7C6F,K7
2020-07-31 05:08:04,00068E1731,K7
2020-07-31 05:08:27,0007ABA539,K51
2020-07-31 05:11:38,0006E24C7B,K7
2020-07-31 05:11:40,00075CE063,K7
2020-07-31 05:15:58,00079A0255,K51
2020-07-31 05:16:15,000783F377,K7
2020-07-31 05:18:53,0007ABA539,K51
2020-07-31 05:22:16,00074F7C6F,K7
2020-07-31 05:22:22,000786B8A2,K7
2020-07-31 05:26:29,00068E377E,K7
2020-07-31 05:27:16,00075B22B0,K7
2020-07-31 05:29:04,0006E241C1,K7
2020-07-31 05:29:07,0006B3AC35,K7
2020-07-31 07:58:25,00074F7C6F,K7
2020-07-31 09:38:49,0006B36D8B,K7
2020-07-31 10:06:39,0006B36D8B,K52
2020-07-31 10:20:56,0006B36D8B,K51
2020-07-31 14:07:10,00068E1731,K7
2020-07-31 14:29:09,00074F7C6F,K7
2020-07-31 14:52:21,00074EEC1A,K7
2020-07-31 15:02:22,00074EEC1A,K7
2020-07-31 15:10:05,0006B3AC35,K7
2020-07-31 16:12:26,0006E239ED,K7
2020-07-31 17:55:45,0006E239ED,K7
2020-07-31 18:47:18,0006E239ED,K7
2020-07-31 20:21:13,00068E1731,K7
2020-07-31 21:16:56,000786B8A2,K7
2020-07-31 21:22:05,00074F663E,K52
2020-07-31 21:24:38,000788A24D,K52
2020-07-31 21:25:27,0006B34FE4,K52
2020-07-31 21:26:14,00074F7C6F,K7
2020-07-31 21:26:34,00071E2D31,K52
2020-07-31 21:26:57,00068E377E,K7
2020-07-31 21:27:32,0007ABF44A,K52
2020-07-31 21:27:32,0007ABA539,K51
2020-07-31 21:27:44,000783CB2B,K52
2020-07-31 21:28:29,00079A0255,K51
2020-07-31 21:30:01,000786B8A2,K7
2020-07-31 21:30:10,0007ABD629,K7
2020-07-31 21:30:34,00075CE063,K7
2020-07-31 21:31:33,00075B22B0,K7
2020-07-31 21:32:20,0006E24C7B,K7
2020-07-31 21:32:37,00075D076C,K52
2020-07-31 21:32:45,00074EEC1A,K7
2020-07-31 21:34:35,0006E239ED,K7
2020-07-31 21:34:41,0006B3AC35,K7
2020-08-01 05:03:59,0007ABF44A,K52
2020-08-01 05:14:38,00075B22B0,K52
2020-08-01 21:28:54,0007ABC5F2,K84
2020-08-01 21:29:43,0007ABD629,K84
2020-08-01 21:30:14,0007ABDCCF,K84
2020-08-01 21:30:32,00075B22B0,K52
2020-08-01 21:30:44,0006E24ECA,K84
2020-08-01 21:32:13,0007AC44BD,K84
2020-08-01 21:32:46,00075D879F,K84
2020-08-01 21:32:54,00075B29B2,K84
2020-08-01 21:33:09,000783F377,K84
2020-08-01 21:34:31,0006B3AC35,K84
2020-08-02 04:42:36,00075D076C,K52
2020-08-02 04:54:23,00075D076C,K52
2020-08-02 05:09:47,0007ABC5F2,K84
2020-08-02 05:15:14,0007AC44BD,K84
2020-08-02 05:19:30,0007AC5939,K84
2020-08-02 05:19:35,000783F377,K84
2020-08-02 05:19:56,0007ABDCCF,K84
2020-08-02 05:20:06,00074EEC1A,K84
2020-08-02 05:20:17,0006B3AC35,K84
2020-08-02 05:25:58,0007ABF44A,K52
2020-08-02 05:27:08,0007AC80F1,K52
2020-08-02 05:36:13,000783F377,K84
2020-08-02 13:53:23,0006B36D8B,K84
2020-08-02 21:24:41,0007ABC5F2,K84
2020-08-02 21:24:44,0006E24ECA,K84
2020-08-02 21:27:05,00075B29B2,K84
2020-08-02 21:27:29,0007ABD629,K84
2020-08-02 21:28:46,0007AC5939,K84
2020-08-02 21:30:16,0007AC44BD,K84
2020-08-02 21:30:48,0007ABDCCF,K84
2020-08-02 21:31:21,00071E15BF,K84
2020-08-02 21:34:51,00074EEC1A,K84
2020-08-03 03:24:44,00074EEC1A,K84
2020-08-03 03:26:53,00075B29B2,K84
2020-08-03 05:07:04,00068E1731,K84
2020-08-03 05:07:44,0006B3AC35,K84
2020-08-03 05:08:57,0007ABC5F2,K84
2020-08-03 05:09:19,0006B3BF04,K84
2020-08-03 05:10:58,000783F377,K84
2020-08-03 05:11:14,00075CE063,K84
2020-08-03 05:11:22,00074EEC1A,K84
2020-08-03 05:11:35,0006E24C7B,K84
2020-08-03 05:12:26,0006B34FE4,K84
2020-08-03 05:13:36,0007AC5939,K84
2020-08-03 05:17:16,0007AC44BD,K84
2020-08-03 05:20:22,0007ABDCCF,K84
2020-08-03 05:21:05,0006E239ED,K84
2020-08-03 05:21:15,00075D076C,K84
2020-08-03 05:24:09,0006B3BF04,K84
2020-08-03 05:25:04,000799A5EF,K84
2020-08-03 05:26:50,00068E1731,K84
2020-08-03 05:27:28,00068E377E,K84
2020-08-03 05:28:16,000786D14D,K84
2020-08-03 05:39:08,000783F377,K84
2020-08-04 10:35:43,0006B36D8B,K7
2020-08-04 11:57:05,00068E377E,K7
2020-08-04 14:50:04,00074F663E,K7
2020-08-04 16:13:23,0007AC82C7,K7
2020-08-04 16:49:19,0007AC44BD,K7
2020-08-04 21:18:34,0007AC82C7,K7
2020-08-04 21:18:58,0007ABA312,K7
2020-08-04 21:19:14,0007ACD3E1,K7
2020-08-04 21:19:32,0007AC80F1,K7
2020-08-04 21:21:38,0006E241C1,K7
2020-08-04 21:21:56,0007ABC809,K7
2020-08-04 21:22:15,0007AC0387,K7
2020-08-04 21:22:25,000799A5EF,K7
2020-08-04 21:23:19,0006CC24E9,K7
2020-08-04 21:23:34,0007AC44BD,K7
2020-08-04 21:24:02,0006E24C7B,K7
2020-08-04 21:24:19,0007ABDCCF,K7
2020-08-04 21:25:11,0007AC3CC1,K7
2020-08-04 21:26:32,0006B3BF04,K7
2020-08-04 21:26:39,000786B8A2,K7
2020-08-04 21:27:42,00074F663E,K7
2020-08-04 21:27:53,00074EEC1A,K7
2020-08-04 21:28:00,0007ABC5F2,K7
2020-08-04 21:28:22,0006B3AC35,K7
2020-08-04 21:29:00,00071E15BF,K7
2020-08-04 21:29:23,0007AC5939,K7
2020-08-04 21:30:23,0006E239ED,K7
2020-08-04 21:30:37,00068E1731,K7
2020-08-04 21:31:04,00075B29B2,K7
2020-08-04 21:31:16,00075D076C,K7
2020-08-04 21:32:13,000786D14D,K7
2020-08-04 21:32:26,00068E377E,K7
2020-08-05 02:09:54,0006B34FE4,K7
2020-08-05 02:45:03,00068E377E,K7
2020-08-05 02:51:38,00074EEC1A,K7
2020-08-05 02:54:08,00075D879F,K7
2020-08-05 02:55:49,0006E239ED,K7
2020-08-05 02:58:55,00075CE063,K7
2020-08-05 03:05:31,00074EEC1A,K7
2020-08-05 03:07:24,00068E377E,K7
2020-08-05 03:14:14,0006E239ED,K7
2020-08-05 04:42:02,0006E239ED,K7
2020-08-05 04:43:17,0007ABC5F2,K7
2020-08-05 04:45:45,00075D879F,K7
2020-08-05 04:46:29,00068E377E,K7
2020-08-05 04:47:15,00074F7C6F,K7
2020-08-05 04:47:19,0006B3BF04,K7
2020-08-05 04:47:52,0006E24C7B,K7
2020-08-05 04:49:21,0007AC80F1,K7
2020-08-05 04:52:39,00075D076C,K7
2020-08-05 04:53:31,0007AC3CC1,K7
2020-08-05 04:58:25,0007ABDCCF,K7
2020-08-05 04:58:50,00074F663E,K7
2020-08-05 05:03:53,00079AAA3C,K7
2020-08-05 05:04:38,0007AC5939,K7
2020-08-05 05:06:22,00074EEC1A,K7
2020-08-05 05:06:57,0007AC82C7,K7
2020-08-05 05:11:44,0007ACD3E1,K7
2020-08-05 05:12:47,0007AC0387,K7
2020-08-05 05:15:40,00068E1731,K7
2020-08-05 05:17:04,000786B8A2,K7
2020-08-05 05:18:32,000786D14D,K7
2020-08-05 05:18:50,00071E15BF,K7
2020-08-05 05:20:04,00075CE063,K7
2020-08-05 05:20:34,0007ABA312,K7
2020-08-05 06:03:45,0007ABDCCF,K7
2020-08-05 07:32:32,0007ACD3E1,K7
2020-08-05 10:36:27,00079AAA3C,K18
2020-08-05 10:47:40,00079AAA3C,K18
2020-08-05 11:05:33,00071E2D31,K18
2020-08-05 11:14:41,0007ABA539,K18
2020-08-05 11:37:37,00079AAA3C,K18
2020-08-05 12:08:33,00079AAA3C,K18
2020-08-05 12:15:53,0007ABF44A,K18
2020-08-05 12:33:54,0007ABF44A,K18
2020-08-05 12:45:23,0007ABF44A,K18
2020-08-05 12:56:18,0007AC3C0F,K18
2020-08-05 12:58:13,0006CC24E9,K18
2020-08-05 13:08:14,0006CC24E9,K18
2020-08-05 13:18:15,0006CC24E9,K18
2020-08-05 13:28:16,0006CC24E9,K18
2020-08-05 13:38:17,0006CC24E9,K18
2020-08-05 13:39:19,0007AC80F1,K7
2020-08-05 13:48:18,0006CC24E9,K18
2020-08-05 14:07:19,0007ABF44A,K18
2020-08-05 14:08:03,000786D14D,K18
2020-08-05 14:18:15,000786D14D,K18
2020-08-05 14:26:13,00075B29B2,K18
2020-08-05 14:31:48,000786D14D,K18
2020-08-05 14:44:10,000786D14D,K18
2020-08-05 14:56:26,000786D14D,K18
2020-08-05 15:06:04,0007ABF44A,K18
2020-08-05 15:09:32,00075CE063,K7
2020-08-05 15:14:09,0006E239ED,K7
2020-08-05 15:17:41,0007ABF44A,K18
2020-08-05 15:25:43,0006B34FE4,K18
2020-08-05 15:32:43,0007ABF44A,K18
2020-08-05 15:38:45,000786D14D,K18
2020-08-05 15:42:44,0007ABF44A,K18
2020-08-05 15:52:45,0007ABF44A,K18
2020-08-05 18:09:45,0007ABC5F2,K7
2020-08-05 19:09:59,0007AC0387,K7
2020-08-05 19:34:57,0007AC82C7,K7
2020-08-05 21:09:54,00074F663E,K7
2020-08-05 21:14:51,0007AC0387,K7
2020-08-05 21:16:46,0007ABC5F2,K7
2020-08-05 21:17:38,0007AC80F1,K7
2020-08-05 21:18:05,0007AC82C7,K7
2020-08-05 21:18:14,0007AC3CC1,K7
2020-08-05 21:18:51,00074F7C6F,K7
2020-08-05 21:19:01,0006B3BF04,K7
2020-08-05 21:19:24,0007ACD3E1,K7
2020-08-05 21:19:46,000786B8A2,K7
2020-08-05 21:20:04,00075CE063,K7
2020-08-05 21:20:18,00068E1731,K7
2020-08-05 21:20:24,0007ABA312,K7
2020-08-05 21:20:33,0006E24C7B,K7
2020-08-05 21:21:18,0007AC5939,K7
2020-08-05 21:23:04,000783CB2B,K7
2020-08-05 21:23:56,00074EEC1A,K7
2020-08-05 21:24:40,00071E15BF,K7
2020-08-05 21:26:00,0007ABDCCF,K7
2020-08-05 21:29:17,00075D879F,K7
2020-08-05 21:30:08,00068E377E,K7
2020-08-05 21:30:44,0006E239ED,K7
2020-08-05 21:30:50,00075D076C,K7
2020-08-06 04:56:52,0006E239ED,K7
2020-08-06 04:58:44,0007AC3C0F,K7
2020-08-06 04:59:04,0007ABDCCF,K7
2020-08-06 05:03:51,0006E24ECA,K7
2020-08-06 05:04:21,0007ABC5F2,K7
2020-08-06 05:04:32,00074EEC1A,K7
2020-08-06 05:04:48,00075B29B2,K7
2020-08-06 05:04:58,000788A24D,K7
2020-08-06 05:07:10,00075D076C,K7
2020-08-06 05:11:40,0007ABD629,K7
2020-08-06 05:12:05,0007AC5939,K7
2020-08-06 05:12:29,0006E24C7B,K7
2020-08-06 05:12:37,0007ABA312,K7
2020-08-06 05:13:08,0007AC82C7,K7
2020-08-06 05:13:53,0007ABC809,K7
2020-08-06 05:14:38,00068E1731,K7
2020-08-06 05:15:06,0007AC44BD,K7
2020-08-06 05:16:46,00074F663E,K7
2020-08-06 05:16:51,0007AC80F1,K7
2020-08-06 05:17:40,00074F7C6F,K7
2020-08-06 05:18:00,0006B3BF04,K7
2020-08-06 05:18:20,00079A0255,K7
2020-08-06 05:20:35,0006B34FE4,K7
2020-08-06 05:20:57,00068E377E,K7
2020-08-06 05:24:34,0007AC0387,K7
2020-08-06 05:25:03,000786B8A2,K7
2020-08-06 05:32:47,0006B3AC35,K7
2020-08-06 05:36:32,000788A24D,K7
2020-08-06 06:19:07,0007AC80F1,K7
2020-08-06 06:24:13,0006B3BF04,K7
2020-08-06 06:36:18,00075B29B2,K7
2020-08-06 07:53:47,00074EEC1A,K7
2020-08-06 09:29:35,000788A24D,K7
2020-08-07 12:20:33,0007ABC809,K86
2020-08-07 13:41:24,0007ACD3E1,K86
2020-08-07 14:39:05,0007ABC809,K86
2020-08-07 19:07:47,0007ABC809,K86
2020-08-07 19:41:45,0007ACD3E1,K86
2020-08-07 19:51:46,0007ACD3E1,K86
2020-08-07 19:52:54,0007AC82C7,K86
2020-08-07 20:01:47,0007ACD3E1,K86
2020-08-07 20:11:48,0007ACD3E1,K86
2020-08-07 20:18:12,0007ABC809,K86
2020-08-07 21:10:45,0007ACD3E1,K86
2020-08-07 21:16:53,0007AC82C7,K86
2020-08-07 21:17:15,0007AC3CC1,K86
2020-08-07 21:17:30,00074F7C6F,K86
2020-08-07 21:17:58,0006B3AC35,K86
2020-08-07 21:18:33,00075B29B2,K86
2020-08-07 21:18:35,0007ABC809,K86
2020-08-07 21:18:40,0006E24ECA,K86
2020-08-07 21:18:59,0007AC3C0F,K86
2020-08-07 21:19:33,00074EEC1A,K86
2020-08-07 21:19:59,00068E1731,K86
2020-08-08 21:08:54,0007AC5A31,K52
2020-08-08 21:13:08,0007ACAC37,K52
2020-08-08 21:20:47,00075B22B0,K52
2020-08-08 21:25:04,00074EEC1A,K52
2020-08-08 21:26:21,00075D076C,K52
2020-08-09 05:32:03,00075D076C,K52
2020-08-09 05:32:17,0007ACAC37,K52
2020-08-09 05:33:08,0007AC418B,K52
2020-08-09 05:33:20,00075B22B0,K52
2020-08-09 05:38:49,00074EEC1A,K52
2020-08-09 05:41:55,0007AC5A31,K52
2020-08-09 10:33:06,0006B36D8B,K52
2020-08-09 21:08:20,0007AC9A5D,K52
2020-08-09 21:09:08,0007AC5A31,K52
2020-08-09 21:11:37,0007ACAC37,K52
2020-08-09 21:15:38,0007AC418B,K52
2020-08-09 21:15:51,00075B22B0,K52
2020-08-09 21:18:16,00074EEC1A,K52
2020-08-09 21:19:00,00075D879F,K52
2020-08-09 21:22:54,00075D076C,K52
2020-08-10 05:48:03,00075D879F,K52
2020-08-10 05:49:36,00074EEC1A,K52
2020-08-10 05:50:00,0007AC418B,K52
2020-08-10 21:11:50,0007AC418B,K52
2020-08-10 21:13:47,00075D879F,K52
2020-08-10 21:18:12,00074EEC1A,K52
2020-08-11 05:32:23,0007AC418B,K52
2020-08-11 10:09:38,0006B36D8B,K52
2020-08-12 14:16:30,0007AC5A31,K51
2020-08-12 15:31:03,0007AC8787,K51
2020-08-12 15:54:05,0007ACAC37,K51
2020-08-12 17:27:18,0007ACAC37,K51
2020-08-12 20:55:06,0007ACAC37,K51
2020-08-12 20:58:58,0007ABDCCF,K51
2020-08-12 20:59:37,00075B29B2,K51
2020-08-12 21:00:31,0007AC8787,K51
2020-08-12 21:01:23,0007AC80F1,K51
2020-08-12 21:01:55,0007AC418B,K51
2020-08-12 21:02:33,0007ABF44A,K51
2020-08-12 21:04:07,0007AC5A31,K51
2020-08-12 21:05:11,00079A0255,K51
2020-08-12 21:07:23,00075D879F,K51
2020-08-12 21:07:50,00074EEC1A,K51
2020-08-13 05:30:32,0007ACAC37,K51
2020-08-13 05:37:46,0007AC5A31,K51
2020-08-13 05:39:16,000788A24D,K51
2020-08-13 05:43:25,00079A0255,K51
2020-08-13 05:43:27,0007AC3C0F,K51
2020-08-13 05:50:16,0007AC8787,K51
2020-08-13 05:51:20,0007AC80F1,K51
2020-08-13 14:41:38,0006B36D8B,K51
2020-08-13 20:55:52,0007AC5A31,K51
2020-08-13 20:56:06,0007AC3C0F,K51
2020-08-13 20:56:43,00079A0255,K51
2020-08-13 20:56:57,0006E24ECA,K51
2020-08-13 20:57:11,0007AC8787,K51
2020-08-13 20:57:41,0007ACAC37,K51
2020-08-13 21:01:32,00075D879F,K51
2020-08-13 21:02:07,000788A24D,K51
2020-08-13 21:04:39,0007ABDCCF,K51
2020-08-14 01:19:42,0007AC3C0F,K51
2020-08-14 05:14:06,0007AC0387,K51
2020-08-14 05:26:48,00079A0255,K51
2020-08-14 05:46:03,00075D879F,K51
2020-08-14 05:55:44,0007AC8787,K51
2020-08-14 20:52:43,0007AC418B,K51
2020-08-14 21:00:05,00079A0255,K51
2020-08-14 21:00:15,0007AC8787,K51
2020-08-14 21:01:08,0007ACAC37,K51
2020-08-14 21:02:45,0007AC5A31,K51
2020-08-14 21:02:52,00075D879F,K51
2020-08-15 03:12:27,0007AC3C0F,K51
2020-08-15 04:35:40,0007AC3C0F,K51
2020-08-15 05:37:12,0007AC3C0F,K51
2020-08-15 05:39:13,0007ABA539,K51
2020-08-15 05:41:12,0007ABDCCF,K51
2020-08-15 05:44:46,0007AC5A31,K51
2020-08-15 05:46:10,0006E24C7B,K51
2020-08-15 05:47:14,0007AC8787,K51
2020-08-15 05:49:17,0007AC9A5D,K51
2020-08-15 05:57:10,0007AC418B,K51
2020-08-15 15:28:43,0006B36D8B,K51
2020-08-15 20:42:04,0006E24C7B,K51
2020-08-15 20:43:43,0007AC5A31,K51
2020-08-15 20:45:06,0007ACAC37,K51
2020-08-15 20:45:57,00074F663E,K51
2020-08-15 20:46:11,0007AC8787,K51
2020-08-15 20:46:24,0007ABA539,K51
2020-08-15 20:47:41,0007AC418B,K51
2020-08-15 20:48:48,0007ABDCCF,K51
2020-08-15 20:49:31,000788A24D,K51
2020-08-15 20:49:38,00075D879F,K51
2020-08-15 20:51:10,00075B29B2,K51
2020-08-15 20:53:42,0007AC3C0F,K51
2020-08-16 00:01:45,0007AC3C0F,K51
2020-08-16 16:04:03,0006B36D8B,K51
2020-08-16 16:36:08,0006B36D8B,K38
2020-08-16 21:05:30,0007ABA539,K38
2020-08-16 21:05:32,00068E377E,K38
2020-08-16 21:06:31,00075B22B0,K38
2020-08-16 21:07:14,0006E24C7B,K38
2020-08-16 21:10:10,000783F377,K38
2020-08-17 20:53:58,00074F663E,K74
2020-08-17 20:56:35,0007ACAC37,K74
2020-08-17 20:56:49,000786B8A2,K74
2020-08-17 20:57:22,00075CE063,K74
2020-08-17 20:57:45,0007ABA312,K74
2020-08-17 20:58:22,0007ABD629,K74
2020-08-17 21:02:04,0006E24ECA,K74
2020-08-17 21:03:40,0007AC8787,K74
2020-08-17 21:04:12,0007ABC5F2,K74
2020-08-17 21:04:19,0006E24C7B,K74
2020-08-17 21:04:28,0007AC418B,K74
2020-08-17 21:04:40,00075B29B2,K74
2020-08-17 21:04:49,000786D14D,K74
2020-08-17 21:04:52,00075D879F,K74
2020-08-17 21:04:53,00068E377E,K74
2020-08-17 21:05:03,000799A5EF,K74
2020-08-17 21:05:54,0007ABA539,K74
2020-08-17 21:07:20,0006B34FE4,K74
2020-08-17 21:07:28,00075B22B0,K74
2020-08-17 21:07:35,0007AC3C0F,K74
2020-08-18 01:45:03,0007AC8787,K74
2020-08-18 21:00:28,0006B34FE4,K38
2020-08-18 21:00:31,0007AC44BD,K38
2020-08-18 21:00:49,000786B8A2,K38
2020-08-18 21:01:48,0007ABD629,K38
2020-08-18 21:03:37,00075D879F,K38
2020-08-18 21:03:40,00068E377E,K38
2020-08-19 14:35:40,0007AC0387,KPGB
2020-08-19 15:21:30,0007AC0387,KPGB
2020-08-19 16:56:17,0007AC82C7,KPGB
2020-08-19 16:57:47,0006E239ED,KPGB
2020-08-19 20:36:50,0007AC0387,KPGB
2020-08-19 20:40:26,00074F663E,KPGB
2020-08-19 20:43:24,0006E24C7B,K104
2020-08-19 20:47:25,0007ABA539,KPGB
2020-08-19 20:47:36,0007AC9A5D,KPGB
2020-08-19 20:47:50,0007AC8787,KPGB
2020-08-19 20:47:54,0007ABC5F2,KPGB
2020-08-19 20:49:24,00071E2D31,KPGB
2020-08-19 20:50:04,00074F7C6F,KPGB
2020-08-19 20:50:09,000799A5EF,K104
2020-08-19 20:50:29,0007AC82C7,KPGB
2020-08-19 20:50:34,00075B22B0,KPGB
2020-08-19 20:51:26,000786B8A2,K104
2020-08-19 20:51:28,0006E241C1,KPGB
2020-08-19 20:51:34,00068E377E,K104
2020-08-19 20:51:38,0006B34FE4,K104
2020-08-19 20:51:41,00079AAA3C,K104
2020-08-19 20:51:50,0007ABC809,KPGB
2020-08-19 20:51:58,000783F377,KPGB
2020-08-19 20:52:08,0007ABD629,KPGB
2020-08-19 20:52:17,0007AC3CC1,KPGB
2020-08-19 20:52:30,00075D879F,KPGB
2020-08-19 20:52:46,0007ACD3E1,K104
2020-08-19 20:53:25,0007ABD4DC,KPGB
2020-08-19 20:53:37,0006E24ECA,KPGB
2020-08-19 20:53:40,0006E239ED,KPGB
2020-08-19 20:58:07,00074EEC1A,K104
2020-08-19 20:58:12,0006B3AC35,K104
2020-08-19 21:00:44,00075D076C,KPGB
2020-08-19 21:00:49,00068E1731,KPGB
2020-08-20 05:31:27,0007ABA539,KPGB
2020-08-20 05:31:37,0006E24ECA,KPGB
2020-08-20 05:31:50,0007AC3CC1,KPGB
2020-08-20 05:32:42,00074EEC1A,KPGB
2020-08-20 05:33:18,0007ABC5F2,KPGB
2020-08-20 05:34:54,00075D076C,KPGB
2020-08-20 05:37:04,00068E377E,KPGB
2020-08-20 05:41:16,0007ABD4DC,KPGB
2020-08-20 05:42:40,0007AC82C7,KPGB
2020-08-20 05:44:31,00068E1731,KPGB
2020-08-20 05:45:18,0007AC5939,KPGB
2020-08-20 05:45:42,0007ABD629,KPGB
2020-08-20 05:47:33,0007AC3C0F,KPGB
2020-08-20 05:47:52,00075B22B0,KPGB
2020-08-20 05:48:11,0007ABDCCF,KPGB
2020-08-20 05:48:21,000783F377,KPGB
2020-08-20 05:48:55,00075D879F,KPGB
2020-08-20 05:49:35,0006B3AC35,K104
2020-08-20 05:51:16,00079AAA3C,K104
2020-08-20 05:51:23,000788A24D,KPGB
2020-08-20 05:51:49,0007AC0387,KPGB
2020-08-20 05:53:44,00074F7C6F,KPGB
2020-08-20 05:53:48,0007AC9A5D,K104
2020-08-20 05:54:15,000786B8A2,K104
2020-08-20 05:58:40,0007ABC809,KPGB
2020-08-20 05:58:43,000783D9EF,KPGB
2020-08-20 06:00:04,00075B29B2,KPGB
2020-08-20 06:03:54,0007ABD4DC,KPGB
2020-08-20 06:08:54,00071E2D31,KPGB
2020-08-20 06:09:28,0007AC418B,KPGB
2020-08-20 06:11:24,000783F377,KPGB
2020-08-20 06:11:43,0007AC3CC1,KPGB
2020-08-20 07:01:45,0007ABD4DC,KPGB
2020-08-20 07:03:19,000783D9EF,KPGB
2020-08-20 07:38:57,0007AC418B,KPGB
2020-08-20 07:53:40,00074F7C6F,KPGB
2020-08-20 09:46:05,000783D9EF,KPGB
2020-08-20 10:24:55,0006B36D8B,KPGB
2020-08-20 10:49:03,0007ABD4DC,KPGB
2020-08-20 12:09:50,00071E2D31,KPGB
2020-08-20 12:20:19,0007AC0387,KPGB
2020-08-20 13:13:28,0007AC3CC1,KPGB
2020-08-20 13:48:01,00074F7C6F,KPGB
2020-08-20 14:30:11,000783D9EF,KPGB
2020-08-20 15:19:08,0007AC418B,KPGB
2020-08-20 15:28:38,0007ABF44A,KPGB
2020-08-20 15:42:32,0007ABC809,KPGB
2020-08-20 16:13:05,000788A24D,KPGB
2020-08-20 16:16:22,0006E24ECA,KPGB
2020-08-20 16:31:07,0007AC0387,KPGB
2020-08-20 16:43:25,0007AC3C0F,KPGB
2020-08-20 16:58:39,00075B29B2,KPGB
2020-08-20 17:30:03,00068E1731,KPGB
2020-08-20 17:41:40,00068E1731,KPGB
2020-08-20 17:56:29,00068E1731,KPGB
2020-08-20 18:35:04,0007ABDCCF,KPGB
2020-08-20 18:57:54,00074EEC1A,KPGB
2020-08-20 19:56:36,0006E24ECA,KPGB
2020-08-20 20:08:33,0007ABA539,KPGB
2020-08-20 20:22:01,0007AC5939,KPGB
2020-08-20 20:45:44,0007AC82C7,KPGB
2020-08-20 20:46:17,00074F7C6F,KPGB
2020-08-20 20:47:08,000783D9EF,KPGB
2020-08-20 20:51:16,0007AC3CC1,KPGB
2020-08-20 20:51:39,00071E2D31,KPGB
2020-08-20 20:51:53,0007AC0387,KPGB
2020-08-20 20:53:01,000788A24D,KPGB
2020-08-20 20:53:08,00075B22B0,KPGB
2020-08-20 20:53:19,0007AC9A5D,KPGB
2020-08-20 20:53:27,0007AC418B,KPGB
2020-08-20 20:54:02,00068E377E,KPGB
2020-08-20 20:54:17,00068E1731,KPGB
2020-08-20 20:54:30,0007ABC809,KPGB
2020-08-20 20:55:17,0007AC3C0F,KPGB
2020-08-20 20:56:19,0006E24ECA,KPGB
2020-08-20 20:57:32,0007ABC5F2,KPGB
2020-08-20 20:57:37,00075D879F,KPGB
2020-08-20 20:57:45,0007ABF44A,KPGB
2020-08-20 20:57:52,0007ABD629,KPGB
2020-08-20 20:57:55,0007ABD4DC,KPGB
2020-08-20 20:58:05,0007ABA539,KPGB
2020-08-20 20:58:12,0007AC5939,KPGB
2020-08-20 20:58:34,00075B29B2,KPGB
2020-08-20 20:58:52,0007ABDCCF,KPGB
2020-08-20 20:59:05,00074EEC1A,KPGB
2020-08-20 20:59:28,00075D076C,KPGB
2020-08-21 06:13:01,0007AC3C0F,KPGB
2020-08-21 16:31:54,0006B36D8B,K104
2020-08-21 20:59:28,0007ABDCCF,K104
2020-08-21 20:59:32,0007ABC809,K104
2020-08-21 20:59:49,000783D9EF,K104
2020-08-21 20:59:59,0007ABC5F2,K104
2020-08-21 21:00:47,0006E24ECA,K104
2020-08-21 21:09:00,00074EEC1A,K104
2020-08-22 05:27:29,0007ABC809,K104
2020-08-22 05:36:07,000786B8A2,K104
2020-08-22 05:39:56,0007AC3C0F,K104
2020-08-22 05:51:28,00074EEC1A,K104
2020-08-22 05:52:49,0007AC9A5D,K104
2020-08-22 05:53:59,0007AC82C7,K104
2020-08-22 05:57:35,0007ABD4DC,K104
2020-08-22 20:52:32,000786B8A2,K104
2020-08-22 20:54:02,00068E377E,K104
2020-08-22 20:57:09,0007ACAC37,K24
2020-08-22 20:57:20,000783D9EF,K104
2020-08-22 20:57:24,0007AC80F1,K24
2020-08-22 20:57:32,0007AC9A5D,K24
2020-08-22 20:57:47,0007ABC809,K104
2020-08-22 20:58:11,00079A0255,K24
2020-08-22 20:58:30,0007ABDCCF,K24
2020-08-22 20:58:48,0007ABC5F2,K24
2020-08-22 20:59:11,00075D879F,K104
2020-08-22 20:59:21,0007AC3CC1,K24
2020-08-22 20:59:47,00068E1731,K104
2020-08-22 21:00:10,0007ACD3E1,K104
2020-08-22 21:02:07,0007AC82C7,K104
2020-08-22 21:05:16,0007ABD4DC,K104
2020-08-22 21:05:37,00074EEC1A,K104
2020-08-22 21:05:51,0007AC3C0F,K104
2020-08-22 22:47:19,0007AC3C0F,K104
2020-08-23 01:44:44,0007AC3C0F,K104
2020-08-23 05:29:32,0007AC3C0F,K104
2020-08-23 05:40:54,0006E24C7B,K104
2020-08-23 05:43:48,000799A5EF,K104
2020-08-23 05:45:34,0007AC82C7,K104
2020-08-23 05:46:14,0007ABD4DC,K104
2020-08-23 05:46:16,000783F377,K104
2020-08-23 05:47:18,0007AC5939,K104
2020-08-23 05:47:34,00074EEC1A,K104
2020-08-23 05:50:49,0007ABC5F2,K104
2020-08-23 05:54:48,0006E24C7B,K104
2020-08-23 05:59:53,00075B29B2,K104
2020-08-23 06:03:42,0007AC9A5D,K24
2020-08-23 06:03:47,000783F377,K104
2020-08-23 06:04:31,00079A0255,K24
2020-08-23 06:08:59,0007AC8787,K104
2020-08-23 16:25:43,0006B36D8B,K104
2020-08-23 20:52:19,0006E24C7B,K104
2020-08-23 20:55:04,0007ACD3E1,K104
2020-08-23 20:55:13,00074F7C6F,K104
2020-08-23 20:55:16,000788A24D,K104
2020-08-23 20:55:23,000783D9EF,K104
2020-08-23 20:55:49,00068E377E,K104
2020-08-23 20:56:06,000786B8A2,K104
2020-08-23 20:58:19,0007AC3C0F,K104
2020-08-23 20:58:25,0007AC9A5D,K104
2020-08-23 20:58:28,0007ACAC37,K104
2020-08-23 20:58:57,0007AC5939,K104
2020-08-23 21:02:00,0007AC3CC1,K104
2020-08-23 21:03:09,0007ABD4DC,K104
2020-08-23 21:03:35,00074EEC1A,K104
2020-08-23 21:04:12,00068E1731,K104
2020-08-23 22:32:44,0007AC3C0F,K104
2020-08-24 02:14:06,0007AC8787,K104
2020-08-24 02:14:26,0007AC3C0F,K104
2020-08-24 03:16:32,00079AAA3C,K104
2020-08-24 03:18:05,0007AC3C0F,K104
2020-08-24 03:51:46,0007AC8787,K104
2020-08-24 04:07:14,0007AC3C0F,K104
2020-08-24 05:05:12,0007AC3C0F,K104
2020-08-24 05:33:22,0006E24ECA,K104
2020-08-24 05:35:18,0007AC5939,K104
2020-08-24 05:36:13,00074EEC1A,K104
2020-08-24 05:39:26,0007ABC809,K104
2020-08-24 05:41:19,000786D14D,K24
2020-08-24 05:46:33,000783D9EF,K104
2020-08-24 05:49:38,000783F377,K104
2020-08-24 05:50:26,0007AC82C7,K104
2020-08-24 05:50:49,0007AC8787,K104
2020-08-24 06:08:00,0007AC9A5D,K104
2020-08-24 06:08:23,0007ACAC37,K104
2020-08-24 20:43:51,0007ACAC37,K104
2020-08-24 20:46:04,000783D9EF,K104
2020-08-24 20:46:15,0007AC8787,K104
2020-08-24 20:50:21,0007ABC5F2,K104
2020-08-24 20:51:00,0007AC418B,K104
2020-08-24 20:51:23,0007ABC809,K104
2020-08-24 20:51:31,0007ABD629,K104
2020-08-24 20:51:36,0007AC3CC1,K104
2020-08-24 20:51:43,0007AC82C7,K104
2020-08-24 20:52:12,000788A24D,K104
2020-08-24 20:52:30,0007AC0387,K104
2020-08-24 20:53:14,0007AC9A5D,K104
2020-08-24 20:53:36,000786B8A2,K104
2020-08-24 20:57:12,0007AC5939,K104
2020-08-24 20:57:17,0006E24ECA,K104
2020-08-24 20:57:24,0007ABDCCF,K104
2020-08-24 20:57:42,00068E377E,K104
2020-08-24 20:58:27,0007ABD4DC,K104
2020-08-24 21:00:45,00074EEC1A,K104
2020-08-24 21:01:39,0007AC3C0F,K104
2020-08-24 21:01:49,00068E1731,K104
2020-08-25 00:27:53,0007AC3C0F,K104
2020-08-25 00:58:46,0007AC3C0F,K104
2020-08-25 12:45:39,0006B36D8B,K104
2020-08-27 20:30:24,0007ACAC37,K49
2020-08-27 20:31:36,0007ABC809,K49
2020-08-27 20:34:40,000786B8A2,K49
2020-08-27 20:37:42,0007ACD3E1,K49
2020-08-27 20:37:48,00079A0255,K49
2020-08-27 20:38:51,0007AC82C7,K49
2020-08-27 20:38:59,000783D9EF,K49
2020-08-27 20:39:09,0007AC418B,K49
2020-08-27 20:39:58,000788A24D,K49
2020-08-27 20:40:00,0007AC0387,K49
2020-08-27 20:40:45,0007ABD629,K49
2020-08-27 20:40:51,0007AC3CC1,K49
2020-08-27 20:41:03,00074EEC1A,K49
2020-08-27 20:44:02,0006E24ECA,K49
2020-08-27 20:44:19,000783F377,K49
2020-08-27 20:45:08,00068E1731,K49
2020-08-27 20:45:33,0007ABDCCF,K49
2020-08-27 20:49:20,0007ABD4DC,K49
2020-08-27 20:49:29,00075B29B2,K49
2020-08-27 20:50:33,0007AC5939,K49
2020-08-28 05:39:08,0007ABC809,K49
2020-08-28 05:39:09,0007AC3CC1,K49
2020-08-28 05:39:11,000786B8A2,K49
2020-08-28 05:39:42,00079A0255,K49
2020-08-28 05:41:32,0007ABC5F2,K49
2020-08-28 05:42:51,00074EEC1A,K49
2020-08-28 05:44:21,0007AC9A5D,K49
2020-08-28 05:45:33,00075D076C,K49
2020-08-28 05:46:00,0007AC80F1,K49
2020-08-28 05:49:23,0007ACD3E1,K49
2020-08-28 05:49:25,0006E24ECA,K49
2020-08-28 05:49:32,0007AC5939,K49
2020-08-28 05:49:41,0007ACAC37,K49
2020-08-28 05:49:48,00068E1731,K49
2020-08-28 05:50:06,0006E24C7B,K49
2020-08-28 05:50:16,0007AC82C7,K49
2020-08-28 05:50:19,000783D9EF,K49
2020-08-28 05:53:31,0007ABD4DC,K49
2020-08-28 06:59:20,00068E1731,K49
2020-08-28 15:56:02,000783D9EF,K49
2020-08-28 20:29:02,0007AC82C7,K49
2020-08-28 20:39:16,00079A0255,K49
2020-08-28 20:39:21,0006E24C7B,K49
2020-08-28 20:40:09,000783D9EF,K49
2020-08-28 20:41:26,000786B8A2,K49
2020-08-28 20:43:24,0007ACD3E1,K49
2020-08-28 20:44:25,0007ABC5F2,K49
2020-08-28 20:44:44,0007AC80F1,K52
2020-08-28 20:46:56,0007ABD4DC,K49
2020-08-28 20:48:46,0007AC5939,K49
2020-08-28 20:48:52,00074EEC1A,K49
2020-08-28 20:49:02,0007AC3CC1,K49
2020-08-28 20:49:49,00068E1731,K49
2020-08-28 20:50:18,0007AC418B,K49
2020-08-28 20:51:32,00075D076C,K49
2020-08-29 05:44:01,0007ABC809,K49
2020-08-29 05:44:53,000788A24D,K49
2020-08-29 05:45:23,00075D076C,K49
2020-08-29 05:46:25,0006E239ED,K49
2020-08-29 05:46:29,000783F377,K49
2020-08-29 05:46:36,0007AC5939,K49
2020-08-29 05:46:48,000786B8A2,K49
2020-08-29 05:46:56,0007AC9A5D,K49
2020-08-29 05:47:08,000799A5EF,K49
2020-08-29 05:47:23,00074EEC1A,K49
2020-08-29 05:48:42,0007ACD3E1,K49
2020-08-29 05:49:01,0007AC82C7,K49
2020-08-29 05:50:00,00075B29B2,K49
2020-08-29 05:50:25,0007ABD4DC,K49
2020-08-29 05:50:35,00079A0255,K49
2020-08-29 05:50:48,000783D9EF,K49
2020-08-29 05:51:14,0007ABD629,K49
2020-08-29 05:52:47,0007AC418B,K49
2020-08-29 05:55:57,00068E1731,K49
2020-08-29 05:57:33,00079AAA3C,K49
2020-08-29 05:58:55,0006E24ECA,K49
2020-08-29 05:59:02,00068E377E,K49
2020-08-29 05:59:28,0006E24C7B,K49
2020-08-29 05:59:40,0007ABDCCF,K49
2020-08-29 06:01:31,0007ABA539,K49
2020-08-29 06:01:44,0007AC0387,K49
2020-08-29 06:06:18,0007AC8787,K49
2020-08-29 06:54:43,0007AC3CC1,K49
2020-08-29 08:38:53,0007AC82C7,K49
2020-08-29 12:07:49,0006E24C7B,K49
2020-08-29 16:17:10,0006B36D8B,K49
2020-08-29 16:29:40,0006B36D8B,K52
2020-08-29 19:30:57,0007AC0387,K49
2020-08-29 19:30:58,000786B8A2,K49
2020-08-29 19:30:58,00068E1731,K49
2020-08-29 20:31:21,0007AC0387,K49
2020-08-29 20:32:33,0007AC82C7,K49
2020-08-29 20:33:01,0007ACAC37,K24
2020-08-29 20:34:18,00079A0255,K49
2020-08-29 20:34:23,0006E24C7B,K49
2020-08-29 20:39:42,0007ABA539,K49
2020-08-29 20:40:01,000788A24D,K49
2020-08-29 20:41:52,0007ACD3E1,K49
2020-08-29 20:41:59,0007AC418B,K49
2020-08-29 20:42:03,00068E377E,K49
2020-08-29 20:42:20,000786B8A2,K49
2020-08-29 20:42:25,0007ABC5F2,K24
2020-08-29 20:42:32,000783F377,K49
2020-08-29 20:42:50,0007AC9A5D,K49
2020-08-29 20:43:10,0007AC80F1,K24
2020-08-29 20:43:57,000786D14D,K24
2020-08-29 20:48:20,0007ABD4DC,K49
2020-08-29 20:48:30,0007AC3CC1,K49
2020-08-29 20:48:37,000799A5EF,K49
2020-08-29 20:49:44,00074EEC1A,K49
2020-08-29 20:49:49,0007ABDCCF,K49
2020-08-29 20:49:54,00079AAA3C,K49
2020-08-29 20:49:58,0007ABD629,K49
2020-08-29 20:50:05,0006E24ECA,K49
2020-08-29 20:50:27,0007AC5939,K49
2020-08-30 02:07:55,00068E377E,K49
2020-08-30 05:15:31,0007ABC809,K49
2020-08-30 06:02:02,0007ACD3E1,K49
2020-08-30 06:02:35,0007AC418B,K49
2020-08-30 06:05:38,0007AC5939,K49
2020-08-30 06:05:43,00068E1731,K49
2020-08-30 06:07:49,000786B8A2,K49
2020-08-30 06:08:43,0007AC82C7,K49
2020-08-30 06:14:46,0007AC0387,K49
2020-08-30 20:55:17,0007ACAC37,K24
2020-08-30 21:01:09,0007AC0387,K49
2020-08-30 21:01:56,0007AC5939,K49
2020-08-30 21:02:20,0007AC82C7,K49
2020-08-30 21:05:03,0007AC418B,K49
2020-08-30 21:06:03,0007ACD3E1,K49
2020-08-30 21:06:46,00068E1731,K49
2020-08-30 21:07:29,000786B8A2,K49
2020-08-30 21:37:10,0007ABC5F2,K24
2020-08-30 21:43:35,0007ABD629,K24
2020-08-30 21:46:25,000786D14D,K24
2020-08-30 21:47:08,00075D076C,K24
2020-08-30 21:49:07,0007ABD4DC,K24
2020-08-30 21:49:41,0007AC9A5D,K24
2020-08-30 21:49:48,0007AC80F1,K24
2020-08-30 21:53:13,0007ABDCCF,K24
2020-08-30 21:53:32,0007ABC809,K24
2020-08-30 22:09:25,00074EEC1A,K24
2020-08-30 22:12:23,000788A24D,K24
2020-09-03 15:17:55,0006B36D8B,K24
2020-09-03 20:29:31,0007ABC809,K24
2020-09-03 20:35:55,0007AC3CC1,K24
2020-09-04 04:15:00,00074EEC1A,K24
2020-09-04 04:49:56,00074EEC1A,K24
2020-09-04 05:26:31,00075D076C,K24
2020-09-04 05:26:51,0007ABC5F2,K24
2020-09-04 05:46:42,0007AC8787,K24
2020-09-04 05:47:04,00079A0255,K24
2020-09-04 05:54:25,0007AC5939,K24
2020-09-04 05:54:54,000788A24D,K24
2020-09-04 05:55:02,0006E24C7B,K24
2020-09-04 06:07:17,000783F377,K24
2020-09-04 06:07:38,000799A5EF,K24
2020-09-04 06:08:19,0007AC8787,K24
2020-09-04 06:14:11,000786B8A2,K24
2020-09-04 06:14:44,0007ABD4DC,K24
2020-09-04 06:20:28,0007AC8787,K24
2020-09-04 20:16:56,0007AC8787,K24
2020-09-04 20:21:48,0006E24C7B,K24
2020-09-04 20:23:35,000786B8A2,K24
2020-09-04 20:23:46,000783CB2B,K24
2020-09-04 20:24:44,000788A24D,K24
2020-09-04 20:24:53,0007AC3CC1,K24
2020-09-04 20:25:51,0007AC9A5D,K24
2020-09-04 20:26:01,000799A5EF,K24
2020-09-04 20:26:08,0007ABC809,K24
2020-09-04 20:26:30,00079A0255,K24
2020-09-04 20:26:57,0007AC5939,K24
2020-09-04 20:27:05,00068E377E,K24
2020-09-04 20:27:12,0007AC80F1,K24
2020-09-04 20:28:38,0007ABC5F2,K24
2020-09-04 20:28:42,0006E24ECA,K24
2020-09-04 20:30:03,0007ABDCCF,K24
2020-09-04 20:30:08,000786D14D,K24
2020-09-04 20:31:41,00068E1731,K24
2020-09-04 20:33:12,000783F377,K24
2020-09-04 20:33:31,0007ABD629,K24
2020-09-04 20:33:35,0007ABD4DC,K24
2020-09-04 20:33:45,00074EEC1A,K24
2020-09-04 20:33:53,00075D076C,K24
2020-09-05 05:27:20,0007AC3CC1,K24
2020-09-05 05:29:57,0006E24ECA,K24
2020-09-05 05:30:04,0007ABC5F2,K24
2020-09-05 05:36:01,0007ABC809,K24
2020-09-05 05:41:08,0006E24C7B,K24
2020-09-05 05:46:00,000783F377,K24
2020-09-05 05:49:26,000799A5EF,K24
2020-09-05 05:49:59,0007AC5939,K24
2020-09-05 06:02:39,000786B8A2,K24
2020-09-05 06:03:54,0007AC9A5D,K24
2020-09-05 06:10:55,000783CB2B,K24
2020-09-05 06:13:37,0007AC8787,K24
2020-09-05 06:18:57,00068E377E,K24
2020-09-09 10:38:08,0006B36D8B,K60
2020-09-09 20:07:05,0007AC8787,K60
2020-09-09 20:11:22,00074F7C6F,K60
2020-09-09 20:16:18,0007ABC809,K60
2020-09-09 20:16:25,000783CB2B,K60
2020-09-09 20:17:23,0007ACD3E1,K60
2020-09-09 20:17:30,000799A5EF,K60
2020-09-09 20:17:35,0007ABDCCF,K60
2020-09-09 20:17:42,0007ABC5F2,K60
2020-09-09 20:17:54,00068E377E,K60
2020-09-09 20:19:13,0006E24ECA,K60
2020-09-09 20:19:36,00074EEC1A,K60
2020-09-10 02:27:24,00074EEC1A,K60
2020-09-10 02:28:20,000783CB2B,K60
2020-09-10 02:49:39,00074EEC1A,K60
2020-09-10 03:55:04,00074F7C6F,K60
2020-09-10 04:17:50,00074F7C6F,K60
2020-09-10 05:25:25,00074F7C6F,K60
2020-09-10 05:27:51,0007ABDCCF,K60
2020-09-10 05:31:05,000783CB2B,K60
2020-09-10 05:41:48,0007ABC809,K60
2020-09-10 05:42:55,0007ACD3E1,K60
2020-09-10 05:51:01,0007ABC5F2,K60
2020-09-10 05:51:25,00079A0255,K60
2020-09-10 05:53:18,000783F377,K60
2020-09-10 05:55:15,0007AC8787,K60
2020-09-10 05:56:12,00068E377E,K60
2020-09-10 05:56:51,0007AC5939,K60
2020-09-10 05:58:02,0007ABD4DC,K60
2020-09-10 05:58:03,0006E24ECA,K60
2020-09-10 05:59:41,00074EEC1A,K60
2020-09-10 06:00:37,000799A5EF,K60
2020-09-10 06:01:58,00079AAA3C,K60
2020-09-10 06:09:39,0007ABA539,K60
2020-09-10 06:09:43,0007ABD629,K60
2020-09-10 06:10:25,0007AC3CC1,K60
2020-09-10 06:11:13,000786D14D,K60
2020-09-10 06:11:52,0007AC82C7,K60
2020-09-10 06:16:59,0007AC8787,K60
2020-09-10 06:34:30,0007AC8787,K60
2020-09-10 10:34:08,00074EEC1A,K60
2020-09-10 14:17:23,0006B36D8B,K60
2020-09-10 15:01:56,00068E377E,K60
2020-09-10 20:10:45,0007AC8787,K60
2020-09-10 20:12:33,0007AC82C7,K60
2020-09-10 20:13:00,0007AC3CC1,K60
2020-09-10 20:15:37,00079A0255,K60
2020-09-10 20:15:46,00074F7C6F,K60
2020-09-10 20:19:58,00079AAA3C,K60
2020-09-10 20:20:52,000799A5EF,K60
2020-09-10 20:21:03,0007ABD629,K60
2020-09-10 20:21:09,0007ABC5F2,K60
2020-09-10 20:21:15,00074EEC1A,K60
2020-09-10 20:21:25,0007ABA539,K60
2020-09-10 20:22:28,0007ACD3E1,K60
2020-09-10 20:22:36,0007ABDCCF,K60
2020-09-10 20:22:43,0006E24ECA,K60
2020-09-10 20:25:17,000783F377,K60
2020-09-10 20:26:27,0007ABC809,K60
2020-09-10 20:26:47,0007AC5939,K60
2020-09-10 20:27:18,0007ABD4DC,K60
2020-09-11 03:05:11,00074F7C6F,K60
2020-09-11 03:36:32,00074F7C6F,K60
2020-09-11 04:09:27,00068E377E,K60
2020-09-11 04:13:30,0007ABF44A,K60
2020-09-11 04:15:00,000783CB2B,K60
2020-09-11 04:15:34,0007AC3CC1,K60
2020-09-11 04:32:46,0007AC3CC1,K60
2020-09-11 04:35:15,00068E377E,K60
2020-09-11 04:36:30,0007ABF44A,K60
2020-09-11 04:41:25,00074F7C6F,K60
2020-09-11 04:50:16,00079AAA3C,K60
2020-09-11 04:52:38,00079A0255,K60
2020-09-11 05:08:37,00079AAA3C,K60
2020-09-11 05:13:20,00079A0255,K60
2020-09-11 05:23:13,000783F377,K60
2020-09-11 05:27:28,00075B29B2,K60
2020-09-11 05:28:47,0006E24ECA,K60
2020-09-11 05:31:52,00074F7C6F,K60
2020-09-11 05:32:23,0007AC3CC1,K60
2020-09-11 05:33:18,0007ABC809,K60
2020-09-11 05:33:33,000783CB2B,K60
2020-09-11 05:42:24,0007ABF44A,K60
2020-09-11 05:44:17,00074F7C6F,K60
2020-09-11 05:45:33,00079A0255,K60
2020-09-11 05:47:29,00074EEC1A,K60
2020-09-11 05:47:36,0007ABDCCF,K60
2020-09-11 05:49:19,0007AC5939,K60
2020-09-11 05:52:41,0007ABC5F2,K60
2020-09-11 05:59:38,00068E377E,K60
2020-09-11 05:59:47,000786B8A2,K60
2020-09-11 06:00:39,0007AC82C7,K60
2020-09-11 06:00:50,0007AC418B,K60
2020-09-11 06:00:54,000788A24D,K60
2020-09-11 06:01:13,0007ABA539,K60
2020-09-11 06:05:07,0007ABD4DC,K60
2020-09-11 06:06:20,000799A5EF,K60
2020-09-11 06:06:41,00079AAA3C,K60
2020-09-11 06:16:28,0007AC418B,K60
2020-09-11 06:35:05,0007AC418B,K60
