#;Transponder Type:;Transponder Code:;Date:;Time:;Event:;Unit #:;Antenna #:;Memo:;Custom:;
0;Trovan Unique;"0006B3B283";06.07.2017;12:55:01;;-;-;;
1;Trovan Unique;"0006B3B283";06.07.2017;12:55:02;;-;-;;
2;Trovan Unique;"0006B3B283";06.07.2017;12:55:03;;-;-;;
3;Trovan Unique;"0006B397F6";06.07.2017;14:27:48;;-;-;;
4;Trovan Unique;"0006B397F6";06.07.2017;14:27:49;;-;-;;
5;Trovan Unique;"0006B397F6";06.07.2017;14:27:50;;-;-;;
6;Trovan Unique;"0006B397F6";06.07.2017;14:27:51;;-;-;;
7;Trovan Unique;"0006B397F6";06.07.2017;14:27:52;;-;-;;
8;Trovan Unique;"0006B397F6";06.07.2017;14:27:54;;-;-;;
9;Trovan Unique;"0006B397F6";06.07.2017;14:27:57;;-;-;;
10;Trovan Unique;"0006B397F6";06.07.2017;14:27:58;;-;-;;
11;Trovan Unique;"0006B397F6";06.07.2017;14:27:59;;-;-;;
12;Trovan Unique;"0006B397F6";06.07.2017;14:28:01;;-;-;;
13;Trovan Unique;"0006B397F6";06.07.2017;14:31:38;;-;-;;
14;Trovan Unique;"0006B397F6";06.07.2017;14:33:01;;-;-;;
15;Trovan Unique;"0006B397F6";06.07.2017;14:33:02;;-;-;;
16;Trovan Unique;"0006B397F6";06.07.2017;14:33:04;;-;-;;
17;Trovan Unique;"0006B397F6";06.07.2017;14:33:07;;-;-;;
18;Trovan Unique;"0006B397F6";06.07.2017;14:33:08;;-;-;;
19;Trovan Unique;"0006B397F6";06.07.2017;14:33:09;;-;-;;
20;Trovan Unique;"0006B397F6";06.07.2017;14:33:10;;-;-;;
21;Trovan Unique;"0006B397F6";06.07.2017;14:33:11;;-;-;;
22;Trovan Unique;"0006B397F6";06.07.2017;14:33:12;;-;-;;
23;Trovan Unique;"0006B397F6";06.07.2017;14:33:21;;-;-;;
24;Trovan Unique;"0006B397F6";06.07.2017;14:33:22;;-;-;;
25;Trovan Unique;"0006B397F6";06.07.2017;14:33:23;;-;-;;
26;Trovan Unique;"0006B397F6";06.07.2017;14:33:24;;-;-;;
27;Trovan Unique;"0006B397F6";06.07.2017;14:33:25;;-;-;;
28;Trovan Unique;"0006B397F6";06.07.2017;14:33:26;;-;-;;
29;Trovan Unique;"0006B397F6";06.07.2017;14:33:27;;-;-;;
30;Trovan Unique;"0006B397F6";06.07.2017;14:33:28;;-;-;;
31;Trovan Unique;"0006B397F6";06.07.2017;14:33:29;;-;-;;
32;Trovan Unique;"0006B397F6";06.07.2017;14:33:30;;-;-;;
33;Trovan Unique;"0006B397F6";06.07.2017;14:34:58;;-;-;;
34;Trovan Unique;"0006B397F6";06.07.2017;14:34:59;;-;-;;
35;Trovan Unique;"0006B397F6";06.07.2017;14:35:09;;-;-;;
36;Trovan Unique;"0006B397F6";06.07.2017;14:35:10;;-;-;;
37;Trovan Unique;"0006B397F6";06.07.2017;14:35:11;;-;-;;
38;Trovan Unique;"0006B397F6";06.07.2017;14:35:12;;-;-;;
39;Trovan Unique;"0006B397F6";06.07.2017;14:35:14;;-;-;;
40;Trovan Unique;"0006B397F6";06.07.2017;14:35:16;;-;-;;
41;Trovan Unique;"0006B397F6";06.07.2017;14:35:17;;-;-;;
42;Trovan Unique;"0006B397F6";06.07.2017;14:35:24;;-;-;;
43;Trovan Unique;"0006B397F6";06.07.2017;14:35:26;;-;-;;
44;Trovan Unique;"0006B397F6";06.07.2017;14:35:28;;-;-;;
45;Trovan Unique;"0006B397F6";06.07.2017;14:35:29;;-;-;;
46;Trovan Unique;"0006B397F6";06.07.2017;14:36:20;;-;-;;
47;Trovan Unique;"0006B397F6";06.07.2017;14:36:21;;-;-;;
48;Trovan Unique;"0006B397F6";06.07.2017;14:36:22;;-;-;;
49;Trovan Unique;"0006B397F6";06.07.2017;14:36:23;;-;-;;
50;Trovan Unique;"0006B397F6";06.07.2017;14:36:24;;-;-;;
51;Trovan Unique;"0006B397F6";06.07.2017;14:36:25;;-;-;;
52;Trovan Unique;"0006B397F6";06.07.2017;14:36:26;;-;-;;
53;Trovan Unique;"0006B397F6";06.07.2017;14:36:27;;-;-;;
54;Trovan Unique;"0006B397F6";06.07.2017;14:52:29;;-;-;;
55;Trovan Unique;"0006B397F6";06.07.2017;15:01:22;;-;-;;
56;Trovan Unique;"0006B397F6";06.07.2017;15:01:24;;-;-;;
57;Trovan Unique;"0006B397F6";06.07.2017;15:01:25;;-;-;;
58;Trovan Unique;"0006B397F6";06.07.2017;15:01:28;;-;-;;
59;Trovan Unique;"0006B397F6";06.07.2017;15:01:29;;-;-;;
60;Trovan Unique;"0006B397F6";06.07.2017;15:01:30;;-;-;;
61;Trovan Unique;"0006B397F6";06.07.2017;15:01:31;;-;-;;
62;Trovan Unique;"0006B397F6";06.07.2017;15:01:32;;-;-;;
63;Trovan Unique;"0006B397F6";06.07.2017;15:01:33;;-;-;;
64;Trovan Unique;"0006B397F6";06.07.2017;15:01:34;;-;-;;
65;Trovan Unique;"0006B397F6";06.07.2017;15:01:35;;-;-;;
66;Trovan Unique;"0006B397F6";06.07.2017;15:01:37;;-;-;;
67;Trovan Unique;"0006B397F6";06.07.2017;15:01:38;;-;-;;
68;Trovan Unique;"0006B397F6";06.07.2017;15:01:39;;-;-;;
69;Trovan Unique;"0006B397F6";06.07.2017;15:01:42;;-;-;;
70;Trovan Unique;"0006B397F6";06.07.2017;15:01:53;;-;-;;
71;Trovan Unique;"0006B397F6";06.07.2017;15:01:55;;-;-;;
72;Trovan Unique;"0006B397F6";06.07.2017;15:02:16;;-;-;;
73;Trovan Unique;"0006B397F6";06.07.2017;15:02:17;;-;-;;
74;Trovan Unique;"0006B397F6";06.07.2017;15:02:18;;-;-;;
75;Trovan Unique;"0006B397F6";06.07.2017;15:02:20;;-;-;;
76;Trovan Unique;"0006B397F6";06.07.2017;15:02:21;;-;-;;
77;Trovan Unique;"0006B397F6";06.07.2017;15:02:22;;-;-;;
78;Trovan Unique;"0006B397F6";06.07.2017;15:02:23;;-;-;;
79;Trovan Unique;"0006B397F6";06.07.2017;15:02:24;;-;-;;
80;Trovan Unique;"0006B397F6";06.07.2017;15:02:25;;-;-;;
81;Trovan Unique;"0006B397F6";06.07.2017;15:02:28;;-;-;;
82;Trovan Unique;"0006B397F6";06.07.2017;15:02:29;;-;-;;
83;Trovan Unique;"0006B397F6";06.07.2017;15:02:30;;-;-;;
84;Trovan Unique;"0006B397F6";06.07.2017;15:02:31;;-;-;;
85;Trovan Unique;"0006B397F6";06.07.2017;15:02:32;;-;-;;
86;Trovan Unique;"0006B397F6";06.07.2017;15:02:33;;-;-;;
87;Trovan Unique;"0006B397F6";06.07.2017;15:02:34;;-;-;;
88;Trovan Unique;"0006B397F6";06.07.2017;15:02:35;;-;-;;
89;Trovan Unique;"0006B397F6";06.07.2017;15:02:39;;-;-;;
90;Trovan Unique;"0006B397F6";06.07.2017;15:02:44;;-;-;;
91;Trovan Unique;"0006B397F6";06.07.2017;15:03:40;;-;-;;
92;Trovan Unique;"0006B397F6";06.07.2017;15:03:42;;-;-;;
93;Trovan Unique;"0006B397F6";06.07.2017;15:03:47;;-;-;;
94;Trovan Unique;"0006B397F6";06.07.2017;15:06:15;;-;-;;
95;Trovan Unique;"0006B397F6";06.07.2017;15:06:21;;-;-;;
96;Trovan Unique;"0006B397F6";06.07.2017;15:06:22;;-;-;;
97;Trovan Unique;"0006B397F6";06.07.2017;15:06:23;;-;-;;
98;Trovan Unique;"0006B397F6";06.07.2017;15:06:24;;-;-;;
99;Trovan Unique;"0006B397F6";06.07.2017;15:06:25;;-;-;;
100;Trovan Unique;"0006B397F6";06.07.2017;15:06:26;;-;-;;
101;Trovan Unique;"0006B397F6";06.07.2017;15:06:27;;-;-;;
102;Trovan Unique;"0006B397F6";06.07.2017;15:06:28;;-;-;;
103;Trovan Unique;"0006B397F6";06.07.2017;15:06:29;;-;-;;
104;Trovan Unique;"0006B397F6";06.07.2017;15:06:30;;-;-;;
105;Trovan Unique;"0006B397F6";06.07.2017;15:06:31;;-;-;;
106;Trovan Unique;"0006B397F6";06.07.2017;15:06:32;;-;-;;
107;Trovan Unique;"0006B397F6";06.07.2017;15:06:33;;-;-;;
108;Trovan Unique;"0006B397F6";06.07.2017;15:06:34;;-;-;;
109;Trovan Unique;"0006B397F6";06.07.2017;15:06:35;;-;-;;
110;Trovan Unique;"0006B397F6";06.07.2017;15:06:36;;-;-;;
111;Trovan Unique;"0006B397F6";06.07.2017;15:06:37;;-;-;;
112;Trovan Unique;"0006B397F6";06.07.2017;15:06:38;;-;-;;
113;Trovan Unique;"0006B397F6";06.07.2017;15:06:39;;-;-;;
114;Trovan Unique;"0006B397F6";06.07.2017;15:06:40;;-;-;;
115;Trovan Unique;"0006B397F6";06.07.2017;15:07:03;;-;-;;
116;Trovan Unique;"0006B397F6";06.07.2017;15:11:25;;-;-;;
117;Trovan Unique;"0006B397F6";06.07.2017;15:11:26;;-;-;;
118;Trovan Unique;"0006B397F6";06.07.2017;15:12:18;;-;-;;
119;Trovan Unique;"0006B397F6";06.07.2017;15:12:21;;-;-;;
120;Trovan Unique;"0006B397F6";06.07.2017;15:16:33;;-;-;;
121;Trovan Unique;"000786A535";06.07.2017;15:18:03;;-;-;;
122;Trovan Unique;"000786A535";06.07.2017;15:18:06;;-;-;;
123;Trovan Unique;"000786A535";06.07.2017;15:18:07;;-;-;;
124;Trovan Unique;"000786A535";06.07.2017;15:18:08;;-;-;;
125;Trovan Unique;"000786A535";06.07.2017;15:18:09;;-;-;;
126;Trovan Unique;"000786A535";06.07.2017;15:18:10;;-;-;;
127;Trovan Unique;"000786A535";06.07.2017;15:18:11;;-;-;;
128;Trovan Unique;"000786A535";06.07.2017;15:18:12;;-;-;;
129;Trovan Unique;"000786A535";06.07.2017;15:18:13;;-;-;;
130;Trovan Unique;"000786A535";06.07.2017;15:18:14;;-;-;;
131;Trovan Unique;"000786A535";06.07.2017;15:18:15;;-;-;;
132;Trovan Unique;"000786A535";06.07.2017;15:18:16;;-;-;;
133;Trovan Unique;"000786A535";06.07.2017;15:18:18;;-;-;;
134;Trovan Unique;"000786A535";06.07.2017;15:18:19;;-;-;;
135;Trovan Unique;"000786A535";06.07.2017;15:18:20;;-;-;;
136;Trovan Unique;"000786A535";06.07.2017;15:18:22;;-;-;;
137;Trovan Unique;"000786A535";06.07.2017;15:18:25;;-;-;;
138;Trovan Unique;"000786A535";06.07.2017;15:18:30;;-;-;;
139;Trovan Unique;"000786A535";06.07.2017;15:18:31;;-;-;;
140;Trovan Unique;"000786A535";06.07.2017;15:18:32;;-;-;;
141;Trovan Unique;"000786A535";06.07.2017;15:18:33;;-;-;;
142;Trovan Unique;"000786A535";06.07.2017;15:18:34;;-;-;;
143;Trovan Unique;"000786A535";06.07.2017;15:18:35;;-;-;;
144;Trovan Unique;"000786A535";06.07.2017;15:18:37;;-;-;;
145;Trovan Unique;"000786A535";06.07.2017;15:18:38;;-;-;;
146;Trovan Unique;"000786A535";06.07.2017;15:18:39;;-;-;;
147;Trovan Unique;"000786A535";06.07.2017;15:18:42;;-;-;;
148;Trovan Unique;"000786A535";06.07.2017;15:18:44;;-;-;;
149;Trovan Unique;"000786A535";06.07.2017;15:18:45;;-;-;;
150;Trovan Unique;"000786A535";06.07.2017;15:18:50;;-;-;;
151;Trovan Unique;"000786A535";06.07.2017;15:18:51;;-;-;;
152;Trovan Unique;"000786A535";06.07.2017;15:18:52;;-;-;;
153;Trovan Unique;"000786A535";06.07.2017;15:18:53;;-;-;;
154;Trovan Unique;"000786A535";06.07.2017;15:18:54;;-;-;;
155;Trovan Unique;"000786A535";06.07.2017;15:18:55;;-;-;;
156;Trovan Unique;"000786A535";06.07.2017;15:18:56;;-;-;;
157;Trovan Unique;"000786A535";06.07.2017;15:18:57;;-;-;;
158;Trovan Unique;"000786A535";06.07.2017;15:18:58;;-;-;;
159;Trovan Unique;"000786A535";06.07.2017;15:18:59;;-;-;;
160;Trovan Unique;"000786A535";06.07.2017;15:19:00;;-;-;;
161;Trovan Unique;"000786A535";06.07.2017;15:19:01;;-;-;;
162;Trovan Unique;"000786A535";06.07.2017;15:19:02;;-;-;;
163;Trovan Unique;"000786A535";06.07.2017;15:19:05;;-;-;;
164;Trovan Unique;"000786A535";06.07.2017;15:19:06;;-;-;;
165;Trovan Unique;"0006B397F6";06.07.2017;15:20:37;;-;-;;
166;Trovan Unique;"000786A535";06.07.2017;15:20:43;;-;-;;
167;Trovan Unique;"000786A535";06.07.2017;15:20:44;;-;-;;
168;Trovan Unique;"000786A535";06.07.2017;15:20:47;;-;-;;
169;Trovan Unique;"000786A535";06.07.2017;15:20:48;;-;-;;
170;Trovan Unique;"000786A535";06.07.2017;15:20:50;;-;-;;
171;Trovan Unique;"000786A535";06.07.2017;15:21:01;;-;-;;
172;Trovan Unique;"000786A535";06.07.2017;15:21:02;;-;-;;
173;Trovan Unique;"000786A535";06.07.2017;15:21:13;;-;-;;
174;Trovan Unique;"000786A535";06.07.2017;15:21:14;;-;-;;
175;Trovan Unique;"000786A535";06.07.2017;15:21:17;;-;-;;
176;Trovan Unique;"000786A535";06.07.2017;15:21:19;;-;-;;
177;Trovan Unique;"000786A535";06.07.2017;15:21:22;;-;-;;
178;Trovan Unique;"000786A535";06.07.2017;15:21:24;;-;-;;
179;Trovan Unique;"000786A535";06.07.2017;15:21:31;;-;-;;
180;Trovan Unique;"0006B397F6";06.07.2017;15:45:51;;-;-;;
181;Trovan Unique;"0006B397F6";06.07.2017;15:45:52;;-;-;;
182;Trovan Unique;"0006B397F6";06.07.2017;15:45:53;;-;-;;
183;Trovan Unique;"0006B397F6";06.07.2017;15:45:54;;-;-;;
184;Trovan Unique;"0006B397F6";06.07.2017;15:45:56;;-;-;;
185;Trovan Unique;"0006B397F6";06.07.2017;15:45:57;;-;-;;
186;Trovan Unique;"0006B397F6";06.07.2017;15:45:58;;-;-;;
187;Trovan Unique;"0006B397F6";06.07.2017;15:45:59;;-;-;;
188;Trovan Unique;"0006B397F6";06.07.2017;15:46:00;;-;-;;
189;Trovan Unique;"0006B397F6";06.07.2017;15:46:01;;-;-;;
190;Trovan Unique;"0006B397F6";06.07.2017;15:46:02;;-;-;;
191;Trovan Unique;"0006B397F6";06.07.2017;15:46:03;;-;-;;
192;Trovan Unique;"0006B397F6";06.07.2017;15:46:04;;-;-;;
193;Trovan Unique;"0006B397F6";06.07.2017;15:46:06;;-;-;;
194;Trovan Unique;"0006B397F6";06.07.2017;15:46:14;;-;-;;
195;Trovan Unique;"0006B397F6";06.07.2017;15:46:15;;-;-;;
196;Trovan Unique;"0006B397F6";06.07.2017;15:46:16;;-;-;;
197;Trovan Unique;"0006B397F6";06.07.2017;15:46:42;;-;-;;
198;Trovan Unique;"0006B397F6";06.07.2017;15:46:47;;-;-;;
199;Trovan Unique;"0006B397F6";06.07.2017;15:46:55;;-;-;;
200;Trovan Unique;"0006B397F6";06.07.2017;15:46:56;;-;-;;
201;Trovan Unique;"0006B397F6";06.07.2017;15:46:57;;-;-;;
202;Trovan Unique;"0006B397F6";06.07.2017;15:46:58;;-;-;;
203;Trovan Unique;"0006B397F6";06.07.2017;15:47:00;;-;-;;
204;Trovan Unique;"0006B397F6";06.07.2017;15:47:01;;-;-;;
205;Trovan Unique;"0006B397F6";06.07.2017;15:47:02;;-;-;;
206;Trovan Unique;"0006B397F6";06.07.2017;15:47:04;;-;-;;
207;Trovan Unique;"0006B397F6";06.07.2017;15:47:05;;-;-;;
208;Trovan Unique;"0006B397F6";06.07.2017;15:47:12;;-;-;;
209;Trovan Unique;"0006B397F6";06.07.2017;15:47:14;;-;-;;
210;Trovan Unique;"0006B397F6";06.07.2017;15:47:15;;-;-;;
211;Trovan Unique;"0006B397F6";06.07.2017;15:47:16;;-;-;;
212;Trovan Unique;"0006B397F6";06.07.2017;15:47:18;;-;-;;
213;Trovan Unique;"0006B397F6";06.07.2017;15:47:19;;-;-;;
214;Trovan Unique;"0006B397F6";06.07.2017;15:47:20;;-;-;;
215;Trovan Unique;"0006B397F6";06.07.2017;15:47:22;;-;-;;
216;Trovan Unique;"0006B397F6";06.07.2017;15:47:24;;-;-;;
217;Trovan Unique;"0006B397F6";06.07.2017;15:47:25;;-;-;;
218;Trovan Unique;"0006B397F6";06.07.2017;15:47:27;;-;-;;
219;Trovan Unique;"0006B397F6";06.07.2017;15:47:28;;-;-;;
220;Trovan Unique;"0006B397F6";06.07.2017;15:47:29;;-;-;;
221;Trovan Unique;"0006B397F6";06.07.2017;15:47:30;;-;-;;
222;Trovan Unique;"0006B397F6";06.07.2017;15:47:32;;-;-;;
223;Trovan Unique;"0006B397F6";06.07.2017;15:47:33;;-;-;;
224;Trovan Unique;"0006B397F6";06.07.2017;15:47:37;;-;-;;
225;Trovan Unique;"0006B397F6";06.07.2017;15:47:38;;-;-;;
226;Trovan Unique;"0006B397F6";06.07.2017;15:47:40;;-;-;;
227;Trovan Unique;"0006B397F6";06.07.2017;15:50:42;;-;-;;
228;Trovan Unique;"0006B397F6";06.07.2017;15:54:02;;-;-;;
229;Trovan Unique;"0006B397F6";06.07.2017;16:11:47;;-;-;;
230;Trovan Unique;"0006B397F6";06.07.2017;16:11:48;;-;-;;
231;Trovan Unique;"0006B397F6";06.07.2017;16:11:50;;-;-;;
232;Trovan Unique;"0006B397F6";06.07.2017;16:11:51;;-;-;;
233;Trovan Unique;"0006B397F6";06.07.2017;16:11:52;;-;-;;
234;Trovan Unique;"0006B397F6";06.07.2017;16:11:55;;-;-;;
235;Trovan Unique;"0006B397F6";06.07.2017;16:11:56;;-;-;;
236;Trovan Unique;"0006B397F6";06.07.2017;16:11:57;;-;-;;
237;Trovan Unique;"0006B397F6";06.07.2017;16:11:58;;-;-;;
238;Trovan Unique;"0006B397F6";06.07.2017;16:12:04;;-;-;;
239;Trovan Unique;"0006B397F6";06.07.2017;16:12:06;;-;-;;
240;Trovan Unique;"0006B397F6";06.07.2017;16:12:07;;-;-;;
241;Trovan Unique;"0006B397F6";06.07.2017;16:12:11;;-;-;;
242;Trovan Unique;"0006B397F6";06.07.2017;16:12:12;;-;-;;
243;Trovan Unique;"0006B397F6";06.07.2017;16:12:13;;-;-;;
244;Trovan Unique;"0006B397F6";06.07.2017;16:12:16;;-;-;;
245;Trovan Unique;"0006B397F6";06.07.2017;16:12:23;;-;-;;
246;Trovan Unique;"0006B397F6";06.07.2017;16:12:26;;-;-;;
247;Trovan Unique;"0006B397F6";06.07.2017;16:12:29;;-;-;;
248;Trovan Unique;"0006B397F6";06.07.2017;16:12:31;;-;-;;
249;Trovan Unique;"0006B397F6";06.07.2017;16:12:32;;-;-;;
250;Trovan Unique;"0006B397F6";06.07.2017;16:12:33;;-;-;;
251;Trovan Unique;"0006B397F6";06.07.2017;16:12:34;;-;-;;
252;Trovan Unique;"0006B397F6";06.07.2017;16:12:37;;-;-;;
253;Trovan Unique;"0006B397F6";06.07.2017;16:12:38;;-;-;;
254;Trovan Unique;"0006B397F6";06.07.2017;16:12:41;;-;-;;
255;Trovan Unique;"0006B397F6";06.07.2017;16:12:44;;-;-;;
256;Trovan Unique;"0006B397F6";06.07.2017;16:12:45;;-;-;;
257;Trovan Unique;"0006B397F6";06.07.2017;16:12:47;;-;-;;
258;Trovan Unique;"0006B397F6";06.07.2017;16:12:48;;-;-;;
259;Trovan Unique;"0006B397F6";06.07.2017;16:12:49;;-;-;;
260;Trovan Unique;"0006B397F6";06.07.2017;16:12:50;;-;-;;
261;Trovan Unique;"0006B397F6";06.07.2017;16:12:51;;-;-;;
262;Trovan Unique;"0006B397F6";06.07.2017;16:12:52;;-;-;;
263;Trovan Unique;"0006B397F6";06.07.2017;16:12:54;;-;-;;
264;Trovan Unique;"0006B397F6";06.07.2017;16:12:55;;-;-;;
265;Trovan Unique;"0006B397F6";06.07.2017;16:12:56;;-;-;;
266;Trovan Unique;"0006B397F6";06.07.2017;16:12:57;;-;-;;
267;Trovan Unique;"0006B397F6";06.07.2017;16:12:58;;-;-;;
268;Trovan Unique;"0006B397F6";06.07.2017;16:13:00;;-;-;;
269;Trovan Unique;"0006B397F6";06.07.2017;16:13:09;;-;-;;
270;Trovan Unique;"0006B397F6";06.07.2017;16:13:10;;-;-;;
271;Trovan Unique;"0006B397F6";06.07.2017;16:13:14;;-;-;;
272;Trovan Unique;"0006B397F6";06.07.2017;16:13:16;;-;-;;
273;Trovan Unique;"0006B397F6";06.07.2017;16:13:38;;-;-;;
274;Trovan Unique;"0006B397F6";06.07.2017;16:13:41;;-;-;;
275;Trovan Unique;"0006B397F6";06.07.2017;16:13:43;;-;-;;
276;Trovan Unique;"0006B397F6";06.07.2017;16:13:47;;-;-;;
277;Trovan Unique;"0006B397F6";06.07.2017;16:13:48;;-;-;;
278;Trovan Unique;"0006B397F6";06.07.2017;16:13:49;;-;-;;
279;Trovan Unique;"0006B397F6";06.07.2017;16:13:51;;-;-;;
280;Trovan Unique;"0006B397F6";06.07.2017;16:13:52;;-;-;;
281;Trovan Unique;"0006B397F6";06.07.2017;16:13:53;;-;-;;
282;Trovan Unique;"0006B397F6";06.07.2017;16:13:54;;-;-;;
283;Trovan Unique;"0006B397F6";06.07.2017;16:13:55;;-;-;;
284;Trovan Unique;"0006B397F6";06.07.2017;16:13:56;;-;-;;
285;Trovan Unique;"0006B397F6";06.07.2017;16:13:57;;-;-;;
286;Trovan Unique;"0006B397F6";06.07.2017;16:13:58;;-;-;;
287;Trovan Unique;"0006B397F6";06.07.2017;16:13:59;;-;-;;
288;Trovan Unique;"0006B397F6";06.07.2017;16:14:00;;-;-;;
289;Trovan Unique;"0006B397F6";06.07.2017;16:14:01;;-;-;;
290;Trovan Unique;"0006B397F6";06.07.2017;16:14:02;;-;-;;
291;Trovan Unique;"0006B397F6";06.07.2017;16:14:05;;-;-;;
292;Trovan Unique;"0006B397F6";06.07.2017;16:14:07;;-;-;;
293;Trovan Unique;"0006B397F6";06.07.2017;16:14:09;;-;-;;
294;Trovan Unique;"0006B397F6";06.07.2017;16:14:10;;-;-;;
295;Trovan Unique;"0006B397F6";06.07.2017;16:14:11;;-;-;;
296;Trovan Unique;"0006B397F6";06.07.2017;16:14:13;;-;-;;
297;Trovan Unique;"0006B397F6";06.07.2017;16:14:14;;-;-;;
298;Trovan Unique;"0006B397F6";06.07.2017;16:14:15;;-;-;;
299;Trovan Unique;"0006B397F6";06.07.2017;16:14:16;;-;-;;
300;Trovan Unique;"0006B397F6";06.07.2017;16:14:17;;-;-;;
301;Trovan Unique;"0006B397F6";06.07.2017;16:14:18;;-;-;;
302;Trovan Unique;"0006B397F6";06.07.2017;16:14:19;;-;-;;
303;Trovan Unique;"0006B397F6";06.07.2017;16:14:21;;-;-;;
304;Trovan Unique;"0006B397F6";06.07.2017;16:14:23;;-;-;;
305;Trovan Unique;"0006B397F6";06.07.2017;16:14:24;;-;-;;
306;Trovan Unique;"0006B397F6";06.07.2017;16:14:25;;-;-;;
307;Trovan Unique;"0006B397F6";06.07.2017;16:14:26;;-;-;;
308;Trovan Unique;"0006B397F6";06.07.2017;16:14:27;;-;-;;
309;Trovan Unique;"0006B397F6";06.07.2017;16:14:28;;-;-;;
310;Trovan Unique;"0006B397F6";06.07.2017;16:14:29;;-;-;;
311;Trovan Unique;"0006B397F6";06.07.2017;16:14:30;;-;-;;
312;Trovan Unique;"0006B397F6";06.07.2017;16:14:31;;-;-;;
313;Trovan Unique;"0006B397F6";06.07.2017;16:14:32;;-;-;;
314;Trovan Unique;"0006B397F6";06.07.2017;16:14:33;;-;-;;
315;Trovan Unique;"0006B397F6";06.07.2017;16:14:34;;-;-;;
316;Trovan Unique;"0006B397F6";06.07.2017;16:14:35;;-;-;;
317;Trovan Unique;"0006B397F6";06.07.2017;16:14:36;;-;-;;
318;Trovan Unique;"0006B397F6";06.07.2017;16:14:37;;-;-;;
319;Trovan Unique;"0006B397F6";06.07.2017;16:14:38;;-;-;;
320;Trovan Unique;"0006B397F6";06.07.2017;16:14:39;;-;-;;
321;Trovan Unique;"0006B397F6";06.07.2017;16:14:40;;-;-;;
322;Trovan Unique;"0006B397F6";06.07.2017;16:14:41;;-;-;;
323;Trovan Unique;"0006B397F6";06.07.2017;16:14:42;;-;-;;
324;Trovan Unique;"0006B397F6";06.07.2017;16:14:43;;-;-;;
325;Trovan Unique;"0006B397F6";06.07.2017;16:14:45;;-;-;;
326;Trovan Unique;"0006B397F6";06.07.2017;16:14:46;;-;-;;
327;Trovan Unique;"0006B397F6";06.07.2017;16:14:47;;-;-;;
328;Trovan Unique;"0006B397F6";06.07.2017;16:14:48;;-;-;;
329;Trovan Unique;"0006B397F6";06.07.2017;16:14:49;;-;-;;
330;Trovan Unique;"0006B397F6";06.07.2017;16:14:50;;-;-;;
331;Trovan Unique;"0006B397F6";06.07.2017;16:14:51;;-;-;;
332;Trovan Unique;"0006B397F6";06.07.2017;16:14:52;;-;-;;
333;Trovan Unique;"0006B397F6";06.07.2017;16:14:53;;-;-;;
334;Trovan Unique;"0006B397F6";06.07.2017;16:14:54;;-;-;;
335;Trovan Unique;"0006B397F6";06.07.2017;16:14:55;;-;-;;
336;Trovan Unique;"0006B397F6";06.07.2017;16:14:56;;-;-;;
337;Trovan Unique;"0006B397F6";06.07.2017;16:14:57;;-;-;;
338;Trovan Unique;"0006B397F6";06.07.2017;16:14:58;;-;-;;
339;Trovan Unique;"0006B397F6";06.07.2017;16:14:59;;-;-;;
340;Trovan Unique;"0006B397F6";06.07.2017;16:15:00;;-;-;;
341;Trovan Unique;"0006B397F6";06.07.2017;16:15:17;;-;-;;
342;Trovan Unique;"0006B397F6";06.07.2017;16:15:21;;-;-;;
343;Trovan Unique;"0006B397F6";06.07.2017;16:15:23;;-;-;;
344;Trovan Unique;"0006B397F6";06.07.2017;16:15:25;;-;-;;
345;Trovan Unique;"0006B397F6";06.07.2017;16:16:39;;-;-;;
346;Trovan Unique;"0006B397F6";06.07.2017;16:16:42;;-;-;;
347;Trovan Unique;"0006B397F6";06.07.2017;16:18:51;;-;-;;
348;Trovan Unique;"0006B397F6";06.07.2017;16:19:35;;-;-;;
349;Trovan Unique;"0006B397F6";06.07.2017;16:19:38;;-;-;;
350;Trovan Unique;"0006B397F6";06.07.2017;16:19:40;;-;-;;
351;Trovan Unique;"0006B397F6";06.07.2017;16:19:47;;-;-;;
352;Trovan Unique;"0006B397F6";06.07.2017;16:19:49;;-;-;;
353;Trovan Unique;"0006B397F6";06.07.2017;16:19:52;;-;-;;
354;Trovan Unique;"0006B397F6";06.07.2017;16:19:55;;-;-;;
355;Trovan Unique;"0006B397F6";06.07.2017;16:19:57;;-;-;;
356;Trovan Unique;"0006B397F6";06.07.2017;16:19:59;;-;-;;
357;Trovan Unique;"0006B397F6";06.07.2017;16:20:39;;-;-;;
358;Trovan Unique;"0006B397F6";06.07.2017;16:20:41;;-;-;;
359;Trovan Unique;"0006B397F6";06.07.2017;16:20:45;;-;-;;
360;Trovan Unique;"0006B397F6";06.07.2017;16:20:52;;-;-;;
361;Trovan Unique;"0006B397F6";06.07.2017;16:22:03;;-;-;;
362;Trovan Unique;"0006B397F6";06.07.2017;16:22:05;;-;-;;
363;Trovan Unique;"0006B397F6";06.07.2017;16:22:11;;-;-;;
364;Trovan Unique;"0006B397F6";06.07.2017;16:23:01;;-;-;;
365;Trovan Unique;"0006B397F6";06.07.2017;16:23:14;;-;-;;
366;Trovan Unique;"0006B397F6";06.07.2017;16:23:15;;-;-;;
367;Trovan Unique;"0006B397F6";06.07.2017;16:23:16;;-;-;;
368;Trovan Unique;"0006B397F6";06.07.2017;16:23:17;;-;-;;
369;Trovan Unique;"0006B397F6";06.07.2017;16:23:18;;-;-;;
370;Trovan Unique;"0006B397F6";06.07.2017;16:23:19;;-;-;;
371;Trovan Unique;"0006B397F6";06.07.2017;16:23:20;;-;-;;
372;Trovan Unique;"0006B397F6";06.07.2017;16:23:21;;-;-;;
373;Trovan Unique;"0006B397F6";06.07.2017;16:23:22;;-;-;;
374;Trovan Unique;"0006B397F6";06.07.2017;16:23:23;;-;-;;
375;Trovan Unique;"0006B397F6";06.07.2017;16:23:24;;-;-;;
376;Trovan Unique;"0006B397F6";06.07.2017;16:23:25;;-;-;;
377;Trovan Unique;"0006B397F6";06.07.2017;16:23:26;;-;-;;
378;Trovan Unique;"0006B397F6";06.07.2017;16:23:27;;-;-;;
379;Trovan Unique;"0006B397F6";06.07.2017;16:23:28;;-;-;;
380;Trovan Unique;"0006B397F6";06.07.2017;16:23:29;;-;-;;
381;Trovan Unique;"0006B397F6";06.07.2017;16:23:30;;-;-;;
382;Trovan Unique;"0006B397F6";06.07.2017;16:23:31;;-;-;;
383;Trovan Unique;"0006B397F6";06.07.2017;16:23:32;;-;-;;
384;Trovan Unique;"0006B397F6";06.07.2017;16:23:33;;-;-;;
385;Trovan Unique;"0006B397F6";06.07.2017;16:23:34;;-;-;;
386;Trovan Unique;"0006B397F6";06.07.2017;16:23:35;;-;-;;
387;Trovan Unique;"0006B397F6";06.07.2017;16:23:36;;-;-;;
388;Trovan Unique;"0006B397F6";06.07.2017;16:23:38;;-;-;;
389;Trovan Unique;"0006B397F6";06.07.2017;16:23:43;;-;-;;
390;Trovan Unique;"0006B397F6";06.07.2017;16:23:45;;-;-;;
391;Trovan Unique;"0006B397F6";06.07.2017;16:23:46;;-;-;;
392;Trovan Unique;"0006B397F6";06.07.2017;16:23:49;;-;-;;
393;Trovan Unique;"0006B397F6";06.07.2017;16:23:50;;-;-;;
394;Trovan Unique;"0006B397F6";06.07.2017;16:23:51;;-;-;;
395;Trovan Unique;"0006B397F6";06.07.2017;16:23:52;;-;-;;
396;Trovan Unique;"0006B397F6";06.07.2017;16:24:02;;-;-;;
397;Trovan Unique;"0006B397F6";06.07.2017;16:24:11;;-;-;;
398;Trovan Unique;"0006B397F6";06.07.2017;16:24:12;;-;-;;
399;Trovan Unique;"0006B397F6";06.07.2017;16:24:13;;-;-;;
400;Trovan Unique;"0006B397F6";06.07.2017;16:24:14;;-;-;;
401;Trovan Unique;"0006B397F6";06.07.2017;16:24:17;;-;-;;
402;Trovan Unique;"0006B397F6";06.07.2017;16:24:18;;-;-;;
403;Trovan Unique;"0006B397F6";06.07.2017;16:24:19;;-;-;;
404;Trovan Unique;"0006B397F6";06.07.2017;16:24:20;;-;-;;
405;Trovan Unique;"0006B397F6";06.07.2017;16:24:21;;-;-;;
406;Trovan Unique;"0006B397F6";06.07.2017;16:24:22;;-;-;;
407;Trovan Unique;"0006B397F6";06.07.2017;16:24:23;;-;-;;
408;Trovan Unique;"0006B397F6";06.07.2017;16:24:24;;-;-;;
409;Trovan Unique;"0006B397F6";06.07.2017;16:24:25;;-;-;;
410;Trovan Unique;"0006B397F6";06.07.2017;16:24:26;;-;-;;
411;Trovan Unique;"0006B397F6";06.07.2017;16:24:27;;-;-;;
412;Trovan Unique;"0006B397F6";06.07.2017;16:24:28;;-;-;;
413;Trovan Unique;"0006B397F6";06.07.2017;16:24:30;;-;-;;
414;Trovan Unique;"0006B397F6";06.07.2017;16:24:31;;-;-;;
415;Trovan Unique;"0006B397F6";06.07.2017;16:24:32;;-;-;;
416;Trovan Unique;"0006B397F6";06.07.2017;16:24:34;;-;-;;
417;Trovan Unique;"0006B397F6";06.07.2017;16:24:35;;-;-;;
418;Trovan Unique;"0006B397F6";06.07.2017;16:24:36;;-;-;;
419;Trovan Unique;"0006B397F6";06.07.2017;16:24:37;;-;-;;
420;Trovan Unique;"0006B397F6";06.07.2017;16:24:38;;-;-;;
421;Trovan Unique;"0006B397F6";06.07.2017;16:24:45;;-;-;;
422;Trovan Unique;"0006B397F6";06.07.2017;16:24:46;;-;-;;
423;Trovan Unique;"0006B397F6";06.07.2017;16:24:47;;-;-;;
424;Trovan Unique;"0006B397F6";06.07.2017;16:24:48;;-;-;;
425;Trovan Unique;"0006B397F6";06.07.2017;16:24:49;;-;-;;
426;Trovan Unique;"0006B397F6";06.07.2017;16:24:50;;-;-;;
427;Trovan Unique;"0006B397F6";06.07.2017;16:24:51;;-;-;;
428;Trovan Unique;"0006B397F6";06.07.2017;16:24:53;;-;-;;
429;Trovan Unique;"0006B397F6";06.07.2017;16:24:54;;-;-;;
430;Trovan Unique;"0006B397F6";06.07.2017;16:24:56;;-;-;;
431;Trovan Unique;"0006B397F6";06.07.2017;16:24:57;;-;-;;
432;Trovan Unique;"0006B397F6";06.07.2017;16:24:58;;-;-;;
433;Trovan Unique;"0006B397F6";06.07.2017;16:24:59;;-;-;;
434;Trovan Unique;"0006B397F6";06.07.2017;16:25:00;;-;-;;
435;Trovan Unique;"0006B397F6";06.07.2017;16:25:05;;-;-;;
436;Trovan Unique;"0006B397F6";06.07.2017;16:25:06;;-;-;;
437;Trovan Unique;"0006B397F6";06.07.2017;16:25:07;;-;-;;
438;Trovan Unique;"0006B397F6";06.07.2017;16:25:10;;-;-;;
439;Trovan Unique;"0006B397F6";06.07.2017;16:25:11;;-;-;;
440;Trovan Unique;"0006B397F6";06.07.2017;16:25:12;;-;-;;
441;Trovan Unique;"0006B397F6";06.07.2017;16:25:13;;-;-;;
442;Trovan Unique;"0006B397F6";06.07.2017;16:25:14;;-;-;;
443;Trovan Unique;"0006B397F6";06.07.2017;16:25:15;;-;-;;
444;Trovan Unique;"0006B397F6";06.07.2017;16:25:16;;-;-;;
445;Trovan Unique;"0006B397F6";06.07.2017;16:25:17;;-;-;;
446;Trovan Unique;"0006B397F6";06.07.2017;16:25:18;;-;-;;
447;Trovan Unique;"0006B397F6";06.07.2017;16:25:19;;-;-;;
448;Trovan Unique;"0006B397F6";06.07.2017;16:25:20;;-;-;;
449;Trovan Unique;"0006B397F6";06.07.2017;16:25:21;;-;-;;
450;Trovan Unique;"0006B397F6";06.07.2017;16:25:22;;-;-;;
451;Trovan Unique;"0006B397F6";06.07.2017;16:25:30;;-;-;;
452;Trovan Unique;"0006B397F6";06.07.2017;16:25:31;;-;-;;
453;Trovan Unique;"0006B397F6";06.07.2017;16:25:32;;-;-;;
454;Trovan Unique;"0006B397F6";06.07.2017;16:25:35;;-;-;;
455;Trovan Unique;"0006B397F6";06.07.2017;16:25:36;;-;-;;
456;Trovan Unique;"0006B397F6";06.07.2017;16:25:51;;-;-;;
457;Trovan Unique;"0006B397F6";06.07.2017;16:25:52;;-;-;;
458;Trovan Unique;"0006B397F6";06.07.2017;16:25:53;;-;-;;
459;Trovan Unique;"0006B397F6";06.07.2017;16:25:57;;-;-;;
460;Trovan Unique;"0006B397F6";06.07.2017;16:26:11;;-;-;;
461;Trovan Unique;"0006B397F6";06.07.2017;16:26:12;;-;-;;
462;Trovan Unique;"0006B397F6";06.07.2017;16:26:13;;-;-;;
463;Trovan Unique;"0006B397F6";06.07.2017;16:26:14;;-;-;;
464;Trovan Unique;"0006B397F6";06.07.2017;16:26:15;;-;-;;
465;Trovan Unique;"0006B397F6";06.07.2017;16:26:17;;-;-;;
466;Trovan Unique;"0006B397F6";06.07.2017;16:26:19;;-;-;;
467;Trovan Unique;"0006B397F6";06.07.2017;16:26:20;;-;-;;
468;Trovan Unique;"0006B397F6";06.07.2017;16:26:46;;-;-;;
469;Trovan Unique;"0006B34B41";06.07.2017;16:28:12;;-;-;;
470;Trovan Unique;"0006B34B41";06.07.2017;16:29:00;;-;-;;
471;Trovan Unique;"0006B34B41";06.07.2017;16:29:01;;-;-;;
472;Trovan Unique;"0006B34B41";06.07.2017;16:29:09;;-;-;;
473;Trovan Unique;"0006B34B41";06.07.2017;16:29:10;;-;-;;
474;Trovan Unique;"0006B34B41";06.07.2017;16:29:18;;-;-;;
475;Trovan Unique;"0006B34B41";06.07.2017;16:29:19;;-;-;;
476;Trovan Unique;"0006B34B41";06.07.2017;16:29:20;;-;-;;
477;Trovan Unique;"0006B34B41";06.07.2017;16:29:21;;-;-;;
478;Trovan Unique;"0006B34B41";06.07.2017;16:29:22;;-;-;;
479;Trovan Unique;"0006B34B41";06.07.2017;16:29:24;;-;-;;
480;Trovan Unique;"0006B34B41";06.07.2017;16:29:25;;-;-;;
481;Trovan Unique;"0006B34B41";06.07.2017;16:29:26;;-;-;;
482;Trovan Unique;"0006B34B41";06.07.2017;16:29:27;;-;-;;
483;Trovan Unique;"0006B34B41";06.07.2017;16:29:29;;-;-;;
484;Trovan Unique;"0006B34B41";06.07.2017;16:29:30;;-;-;;
485;Trovan Unique;"0006B34B41";06.07.2017;16:29:31;;-;-;;
486;Trovan Unique;"0006B34B41";06.07.2017;16:29:33;;-;-;;
487;Trovan Unique;"0006B34B41";06.07.2017;16:29:34;;-;-;;
488;Trovan Unique;"0006B34B41";06.07.2017;16:29:36;;-;-;;
489;Trovan Unique;"0006B34B41";06.07.2017;16:29:38;;-;-;;
490;Trovan Unique;"0006B34B41";06.07.2017;16:29:40;;-;-;;
491;Trovan Unique;"0006B34B41";06.07.2017;16:29:42;;-;-;;
492;Trovan Unique;"0006B34B41";06.07.2017;16:29:43;;-;-;;
493;Trovan Unique;"0006B34B41";06.07.2017;16:29:45;;-;-;;
494;Trovan Unique;"0006B34B41";06.07.2017;16:29:46;;-;-;;
495;Trovan Unique;"0006B34B41";06.07.2017;16:29:48;;-;-;;
496;Trovan Unique;"0006B34B41";06.07.2017;16:29:51;;-;-;;
497;Trovan Unique;"0006B34B41";06.07.2017;16:29:52;;-;-;;
498;Trovan Unique;"0006B34B41";06.07.2017;16:29:54;;-;-;;
499;Trovan Unique;"0006B34B41";06.07.2017;16:29:55;;-;-;;
500;Trovan Unique;"0006B34B41";06.07.2017;16:29:56;;-;-;;
501;Trovan Unique;"0006B34B41";06.07.2017;16:29:57;;-;-;;
502;Trovan Unique;"0006B34B41";06.07.2017;16:29:58;;-;-;;
503;Trovan Unique;"0006B34B41";06.07.2017;16:30:02;;-;-;;
504;Trovan Unique;"0006B34B41";06.07.2017;16:30:03;;-;-;;
505;Trovan Unique;"0006B34B41";06.07.2017;16:30:04;;-;-;;
506;Trovan Unique;"0006B34B41";06.07.2017;16:30:05;;-;-;;
507;Trovan Unique;"0006B34B41";06.07.2017;16:30:13;;-;-;;
508;Trovan Unique;"0006B34B41";06.07.2017;16:30:14;;-;-;;
509;Trovan Unique;"0006B34B41";06.07.2017;16:30:18;;-;-;;
510;Trovan Unique;"0006B34B41";06.07.2017;16:30:20;;-;-;;
511;Trovan Unique;"0006B34B41";06.07.2017;16:30:21;;-;-;;
512;Trovan Unique;"0006B34B41";06.07.2017;16:30:23;;-;-;;
513;Trovan Unique;"0006B34B41";06.07.2017;16:30:24;;-;-;;
514;Trovan Unique;"0006B34B41";06.07.2017;16:30:25;;-;-;;
515;Trovan Unique;"0006B34B41";06.07.2017;16:30:26;;-;-;;
516;Trovan Unique;"0006B34B41";06.07.2017;16:30:28;;-;-;;
517;Trovan Unique;"0006B34B41";06.07.2017;16:30:29;;-;-;;
518;Trovan Unique;"0006B34B41";06.07.2017;16:30:30;;-;-;;
519;Trovan Unique;"0006B34B41";06.07.2017;16:30:31;;-;-;;
520;Trovan Unique;"0006B34B41";06.07.2017;16:30:32;;-;-;;
521;Trovan Unique;"0006B34B41";06.07.2017;16:30:34;;-;-;;
522;Trovan Unique;"0006B34B41";06.07.2017;16:30:35;;-;-;;
523;Trovan Unique;"0006B34B41";06.07.2017;16:30:36;;-;-;;
524;Trovan Unique;"0006B34B41";06.07.2017;16:30:37;;-;-;;
525;Trovan Unique;"0006B34B41";06.07.2017;16:30:38;;-;-;;
526;Trovan Unique;"0006B34B41";06.07.2017;16:30:46;;-;-;;
527;Trovan Unique;"0006B34B41";06.07.2017;16:30:47;;-;-;;
528;Trovan Unique;"0006B34B41";06.07.2017;16:30:48;;-;-;;
529;Trovan Unique;"0006B34B41";06.07.2017;16:30:49;;-;-;;
530;Trovan Unique;"0006B34B41";06.07.2017;16:30:50;;-;-;;
531;Trovan Unique;"0006B34B41";06.07.2017;16:30:51;;-;-;;
532;Trovan Unique;"0006B34B41";06.07.2017;16:30:52;;-;-;;
533;Trovan Unique;"0006B34B41";06.07.2017;16:30:54;;-;-;;
534;Trovan Unique;"0006B34B41";06.07.2017;16:30:55;;-;-;;
535;Trovan Unique;"0006B34B41";06.07.2017;16:30:56;;-;-;;
536;Trovan Unique;"0006B34B41";06.07.2017;16:30:57;;-;-;;
537;Trovan Unique;"0006B34B41";06.07.2017;16:30:58;;-;-;;
538;Trovan Unique;"0006B34B41";06.07.2017;16:31:00;;-;-;;
539;Trovan Unique;"0006B34B41";06.07.2017;16:31:02;;-;-;;
540;Trovan Unique;"0006B34B41";06.07.2017;16:31:03;;-;-;;
541;Trovan Unique;"0006B34B41";06.07.2017;16:31:05;;-;-;;
542;Trovan Unique;"0006B34B41";06.07.2017;16:31:13;;-;-;;
543;Trovan Unique;"0006B34B41";06.07.2017;16:31:14;;-;-;;
544;Trovan Unique;"0006B34B41";06.07.2017;16:31:15;;-;-;;
545;Trovan Unique;"0006B34B41";06.07.2017;16:31:17;;-;-;;
546;Trovan Unique;"0006B34B41";06.07.2017;16:31:18;;-;-;;
547;Trovan Unique;"0006B34B41";06.07.2017;16:31:19;;-;-;;
548;Trovan Unique;"0006B34B41";06.07.2017;16:31:20;;-;-;;
549;Trovan Unique;"0006B34B41";06.07.2017;16:31:21;;-;-;;
550;Trovan Unique;"0006B34B41";06.07.2017;16:31:22;;-;-;;
551;Trovan Unique;"0006B34B41";06.07.2017;16:31:23;;-;-;;
552;Trovan Unique;"0006B34B41";06.07.2017;16:31:24;;-;-;;
553;Trovan Unique;"0006B34B41";06.07.2017;16:34:27;;-;-;;
554;Trovan Unique;"0006B34B41";06.07.2017;16:34:28;;-;-;;
555;Trovan Unique;"0006B397F6";06.07.2017;16:34:29;;-;-;;
556;Trovan Unique;"0006B397F6";06.07.2017;16:34:31;;-;-;;
557;Trovan Unique;"0006B34B41";06.07.2017;16:34:40;;-;-;;
558;Trovan Unique;"0006B34B41";06.07.2017;16:34:42;;-;-;;
559;Trovan Unique;"0006B34B41";06.07.2017;16:34:46;;-;-;;
560;Trovan Unique;"0006B34B41";06.07.2017;16:34:47;;-;-;;
561;Trovan Unique;"0006B397F6";06.07.2017;16:34:49;;-;-;;
562;Trovan Unique;"0006B397F6";06.07.2017;16:34:52;;-;-;;
563;Trovan Unique;"0006B34B41";06.07.2017;16:34:53;;-;-;;
564;Trovan Unique;"0006B397F6";06.07.2017;16:34:54;;-;-;;
565;Trovan Unique;"0006B397F6";06.07.2017;16:34:55;;-;-;;
566;Trovan Unique;"0006B397F6";06.07.2017;16:34:56;;-;-;;
567;Trovan Unique;"0006B397F6";06.07.2017;16:34:57;;-;-;;
568;Trovan Unique;"0006B397F6";06.07.2017;16:34:58;;-;-;;
569;Trovan Unique;"0006B397F6";06.07.2017;16:34:59;;-;-;;
570;Trovan Unique;"0006B397F6";06.07.2017;16:35:00;;-;-;;
571;Trovan Unique;"0006B397F6";06.07.2017;16:35:01;;-;-;;
572;Trovan Unique;"0006B397F6";06.07.2017;16:35:02;;-;-;;
573;Trovan Unique;"0006B397F6";06.07.2017;16:35:04;;-;-;;
574;Trovan Unique;"0006B397F6";06.07.2017;16:35:05;;-;-;;
575;Trovan Unique;"0006B397F6";06.07.2017;16:35:06;;-;-;;
576;Trovan Unique;"0006B397F6";06.07.2017;16:35:07;;-;-;;
577;Trovan Unique;"0006B397F6";06.07.2017;16:35:08;;-;-;;
578;Trovan Unique;"0006B397F6";06.07.2017;16:35:09;;-;-;;
579;Trovan Unique;"0006B397F6";06.07.2017;16:35:10;;-;-;;
580;Trovan Unique;"0006B397F6";06.07.2017;16:35:12;;-;-;;
581;Trovan Unique;"0006B397F6";06.07.2017;16:35:14;;-;-;;
582;Trovan Unique;"0006B397F6";06.07.2017;16:35:15;;-;-;;
583;Trovan Unique;"0006B397F6";06.07.2017;16:35:16;;-;-;;
584;Trovan Unique;"0006B397F6";06.07.2017;16:35:18;;-;-;;
585;Trovan Unique;"0006B397F6";06.07.2017;16:35:19;;-;-;;
586;Trovan Unique;"0006B397F6";06.07.2017;16:35:20;;-;-;;
587;Trovan Unique;"0006B397F6";06.07.2017;16:35:21;;-;-;;
588;Trovan Unique;"0006B397F6";06.07.2017;16:35:23;;-;-;;
589;Trovan Unique;"0006B34B41";06.07.2017;16:35:27;;-;-;;
590;Trovan Unique;"0006B34B41";06.07.2017;16:35:33;;-;-;;
591;Trovan Unique;"0006B34B41";06.07.2017;16:35:34;;-;-;;
592;Trovan Unique;"0006B34B41";06.07.2017;16:35:35;;-;-;;
593;Trovan Unique;"0006B34B41";06.07.2017;16:35:36;;-;-;;
594;Trovan Unique;"0006B34B41";06.07.2017;16:35:37;;-;-;;
595;Trovan Unique;"0006B34B41";06.07.2017;16:35:38;;-;-;;
596;Trovan Unique;"0006B34B41";06.07.2017;16:35:40;;-;-;;
597;Trovan Unique;"0006B34B41";06.07.2017;16:35:41;;-;-;;
598;Trovan Unique;"0006B34B41";06.07.2017;16:35:43;;-;-;;
599;Trovan Unique;"0006B34B41";06.07.2017;16:35:45;;-;-;;
600;Trovan Unique;"0006B34B41";06.07.2017;16:35:46;;-;-;;
601;Trovan Unique;"0006B34B41";06.07.2017;16:35:47;;-;-;;
602;Trovan Unique;"0006B34B41";06.07.2017;16:35:48;;-;-;;
603;Trovan Unique;"0006B34B41";06.07.2017;16:35:49;;-;-;;
604;Trovan Unique;"0006B34B41";06.07.2017;16:35:50;;-;-;;
605;Trovan Unique;"0006B34B41";06.07.2017;16:35:51;;-;-;;
606;Trovan Unique;"0006B34B41";06.07.2017;16:35:53;;-;-;;
607;Trovan Unique;"0006B34B41";06.07.2017;16:35:54;;-;-;;
608;Trovan Unique;"0006B34B41";06.07.2017;16:35:55;;-;-;;
609;Trovan Unique;"0006B34B41";06.07.2017;16:35:56;;-;-;;
610;Trovan Unique;"0006B34B41";06.07.2017;16:35:58;;-;-;;
611;Trovan Unique;"0006B34B41";06.07.2017;16:35:59;;-;-;;
612;Trovan Unique;"0006B34B41";06.07.2017;16:36:00;;-;-;;
613;Trovan Unique;"0006B34B41";06.07.2017;16:36:01;;-;-;;
614;Trovan Unique;"0006B34B41";06.07.2017;16:36:02;;-;-;;
615;Trovan Unique;"0006B34B41";06.07.2017;16:36:03;;-;-;;
616;Trovan Unique;"0006B34B41";06.07.2017;16:36:04;;-;-;;
617;Trovan Unique;"0006B34B41";06.07.2017;16:36:05;;-;-;;
618;Trovan Unique;"0006B34B41";06.07.2017;16:36:06;;-;-;;
619;Trovan Unique;"0006B34B41";06.07.2017;16:36:08;;-;-;;
620;Trovan Unique;"0006B397F6";06.07.2017;16:36:09;;-;-;;
621;Trovan Unique;"0006B397F6";06.07.2017;16:36:10;;-;-;;
622;Trovan Unique;"0006B397F6";06.07.2017;16:36:11;;-;-;;
623;Trovan Unique;"0006B397F6";06.07.2017;16:36:12;;-;-;;
624;Trovan Unique;"0006B397F6";06.07.2017;16:36:13;;-;-;;
625;Trovan Unique;"0006B397F6";06.07.2017;16:36:14;;-;-;;
626;Trovan Unique;"0006B397F6";06.07.2017;16:36:15;;-;-;;
627;Trovan Unique;"0006B397F6";06.07.2017;16:36:16;;-;-;;
628;Trovan Unique;"0006B397F6";06.07.2017;16:36:17;;-;-;;
629;Trovan Unique;"0006B397F6";06.07.2017;16:36:18;;-;-;;
630;Trovan Unique;"0006B397F6";06.07.2017;16:36:19;;-;-;;
631;Trovan Unique;"0006B397F6";06.07.2017;16:36:25;;-;-;;
632;Trovan Unique;"0006B397F6";06.07.2017;16:36:27;;-;-;;
633;Trovan Unique;"0006B397F6";06.07.2017;16:36:28;;-;-;;
634;Trovan Unique;"0006B397F6";06.07.2017;16:36:30;;-;-;;
635;Trovan Unique;"0006B397F6";06.07.2017;16:36:32;;-;-;;
636;Trovan Unique;"0006B397F6";06.07.2017;16:36:33;;-;-;;
637;Trovan Unique;"0006B397F6";06.07.2017;16:36:39;;-;-;;
638;Trovan Unique;"0006B397F6";06.07.2017;16:36:40;;-;-;;
639;Trovan Unique;"0006B397F6";06.07.2017;16:36:41;;-;-;;
640;Trovan Unique;"0006B397F6";06.07.2017;16:36:42;;-;-;;
641;Trovan Unique;"0006B397F6";06.07.2017;16:36:43;;-;-;;
642;Trovan Unique;"0006B397F6";06.07.2017;16:36:44;;-;-;;
643;Trovan Unique;"0006B397F6";06.07.2017;16:36:45;;-;-;;
644;Trovan Unique;"0006B397F6";06.07.2017;16:36:47;;-;-;;
645;Trovan Unique;"0006B397F6";06.07.2017;16:36:53;;-;-;;
646;Trovan Unique;"0006B397F6";06.07.2017;16:37:02;;-;-;;
647;Trovan Unique;"0006B397F6";06.07.2017;16:37:03;;-;-;;
648;Trovan Unique;"0006B397F6";06.07.2017;16:37:05;;-;-;;
649;Trovan Unique;"0006B397F6";06.07.2017;16:37:06;;-;-;;
650;Trovan Unique;"0006B397F6";06.07.2017;16:37:07;;-;-;;
651;Trovan Unique;"0006B397F6";06.07.2017;16:37:08;;-;-;;
652;Trovan Unique;"0006B397F6";06.07.2017;16:37:10;;-;-;;
653;Trovan Unique;"0006B397F6";06.07.2017;16:37:11;;-;-;;
654;Trovan Unique;"0006B397F6";06.07.2017;16:37:13;;-;-;;
655;Trovan Unique;"0006B397F6";06.07.2017;16:37:14;;-;-;;
656;Trovan Unique;"0006B397F6";06.07.2017;16:37:15;;-;-;;
657;Trovan Unique;"0006B397F6";06.07.2017;16:37:16;;-;-;;
658;Trovan Unique;"0006B397F6";06.07.2017;16:37:17;;-;-;;
659;Trovan Unique;"0006B397F6";06.07.2017;16:37:18;;-;-;;
660;Trovan Unique;"0006B397F6";06.07.2017;16:37:20;;-;-;;
661;Trovan Unique;"0006B397F6";06.07.2017;16:37:21;;-;-;;
662;Trovan Unique;"0006B397F6";06.07.2017;16:37:22;;-;-;;
663;Trovan Unique;"0006B397F6";06.07.2017;16:37:23;;-;-;;
664;Trovan Unique;"0006B397F6";06.07.2017;16:37:24;;-;-;;
665;Trovan Unique;"0006B397F6";06.07.2017;16:37:25;;-;-;;
666;Trovan Unique;"0006B397F6";06.07.2017;16:37:26;;-;-;;
667;Trovan Unique;"0006B397F6";06.07.2017;16:37:28;;-;-;;
668;Trovan Unique;"0006B397F6";06.07.2017;16:37:29;;-;-;;
669;Trovan Unique;"0006B397F6";06.07.2017;16:37:30;;-;-;;
670;Trovan Unique;"0006B397F6";06.07.2017;16:37:31;;-;-;;
671;Trovan Unique;"0006B397F6";06.07.2017;16:37:32;;-;-;;
672;Trovan Unique;"0006B397F6";06.07.2017;16:37:33;;-;-;;
673;Trovan Unique;"0006B397F6";06.07.2017;16:37:34;;-;-;;
674;Trovan Unique;"0006B397F6";06.07.2017;16:37:35;;-;-;;
675;Trovan Unique;"0006B397F6";06.07.2017;16:37:36;;-;-;;
676;Trovan Unique;"0006B397F6";06.07.2017;16:37:38;;-;-;;
677;Trovan Unique;"0006B397F6";06.07.2017;16:37:39;;-;-;;
678;Trovan Unique;"0006B397F6";06.07.2017;16:37:40;;-;-;;
679;Trovan Unique;"0006B397F6";06.07.2017;16:37:41;;-;-;;
680;Trovan Unique;"0006B397F6";06.07.2017;16:37:42;;-;-;;
681;Trovan Unique;"0006B397F6";06.07.2017;16:37:43;;-;-;;
682;Trovan Unique;"0006B397F6";06.07.2017;16:37:44;;-;-;;
683;Trovan Unique;"0006B397F6";06.07.2017;16:37:46;;-;-;;
684;Trovan Unique;"0006B397F6";06.07.2017;16:37:47;;-;-;;
685;Trovan Unique;"0006B397F6";06.07.2017;16:37:48;;-;-;;
686;Trovan Unique;"0006B397F6";06.07.2017;16:37:49;;-;-;;
687;Trovan Unique;"0006B397F6";06.07.2017;16:37:50;;-;-;;
688;Trovan Unique;"0006B397F6";06.07.2017;16:37:51;;-;-;;
689;Trovan Unique;"0006B397F6";06.07.2017;16:37:52;;-;-;;
690;Trovan Unique;"0006B397F6";06.07.2017;16:37:53;;-;-;;
691;Trovan Unique;"0006B397F6";06.07.2017;16:37:54;;-;-;;
692;Trovan Unique;"0006B397F6";06.07.2017;16:37:55;;-;-;;
693;Trovan Unique;"0006B397F6";06.07.2017;16:37:56;;-;-;;
694;Trovan Unique;"0006B397F6";06.07.2017;16:37:58;;-;-;;
695;Trovan Unique;"0006B397F6";06.07.2017;16:37:59;;-;-;;
696;Trovan Unique;"0006B397F6";06.07.2017;16:38:00;;-;-;;
697;Trovan Unique;"0006B397F6";06.07.2017;16:38:01;;-;-;;
698;Trovan Unique;"0006B397F6";06.07.2017;16:38:02;;-;-;;
699;Trovan Unique;"0006B397F6";06.07.2017;16:38:03;;-;-;;
700;Trovan Unique;"0006B397F6";06.07.2017;16:38:04;;-;-;;
701;Trovan Unique;"0006B397F6";06.07.2017;16:38:05;;-;-;;
702;Trovan Unique;"0006B397F6";06.07.2017;16:38:06;;-;-;;
703;Trovan Unique;"0006B397F6";06.07.2017;16:38:07;;-;-;;
704;Trovan Unique;"0006B397F6";06.07.2017;16:38:08;;-;-;;
705;Trovan Unique;"0006B397F6";06.07.2017;16:38:09;;-;-;;
706;Trovan Unique;"0006B397F6";06.07.2017;16:38:10;;-;-;;
707;Trovan Unique;"0006B397F6";06.07.2017;16:38:11;;-;-;;
708;Trovan Unique;"0006B397F6";06.07.2017;16:38:12;;-;-;;
709;Trovan Unique;"0006B397F6";06.07.2017;16:38:13;;-;-;;
710;Trovan Unique;"0006B397F6";06.07.2017;16:38:14;;-;-;;
711;Trovan Unique;"0006B397F6";06.07.2017;16:38:15;;-;-;;
712;Trovan Unique;"0006B397F6";06.07.2017;16:38:16;;-;-;;
713;Trovan Unique;"0006B397F6";06.07.2017;16:38:17;;-;-;;
714;Trovan Unique;"0006B397F6";06.07.2017;16:38:18;;-;-;;
715;Trovan Unique;"0006B397F6";06.07.2017;16:38:19;;-;-;;
716;Trovan Unique;"0006B397F6";06.07.2017;16:38:20;;-;-;;
717;Trovan Unique;"0006B397F6";06.07.2017;16:38:21;;-;-;;
718;Trovan Unique;"0006B397F6";06.07.2017;16:38:22;;-;-;;
719;Trovan Unique;"0006B397F6";06.07.2017;16:38:23;;-;-;;
720;Trovan Unique;"0006B397F6";06.07.2017;16:38:24;;-;-;;
721;Trovan Unique;"0006B397F6";06.07.2017;16:38:25;;-;-;;
722;Trovan Unique;"0006B397F6";06.07.2017;16:38:26;;-;-;;
723;Trovan Unique;"0006B397F6";06.07.2017;16:38:27;;-;-;;
724;Trovan Unique;"0006B397F6";06.07.2017;16:38:28;;-;-;;
725;Trovan Unique;"0006B397F6";06.07.2017;16:38:29;;-;-;;
726;Trovan Unique;"0006B397F6";06.07.2017;16:38:30;;-;-;;
727;Trovan Unique;"0006B397F6";06.07.2017;16:38:31;;-;-;;
728;Trovan Unique;"0006B397F6";06.07.2017;16:38:32;;-;-;;
729;Trovan Unique;"0006B397F6";06.07.2017;16:38:33;;-;-;;
730;Trovan Unique;"0006B397F6";06.07.2017;16:38:34;;-;-;;
731;Trovan Unique;"0006B397F6";06.07.2017;16:38:35;;-;-;;
732;Trovan Unique;"0006B397F6";06.07.2017;16:38:36;;-;-;;
733;Trovan Unique;"0006B397F6";06.07.2017;16:38:37;;-;-;;
734;Trovan Unique;"0006B397F6";06.07.2017;16:38:38;;-;-;;
735;Trovan Unique;"0006B397F6";06.07.2017;16:38:39;;-;-;;
736;Trovan Unique;"0006B397F6";06.07.2017;16:38:42;;-;-;;
737;Trovan Unique;"0006B397F6";06.07.2017;16:38:44;;-;-;;
738;Trovan Unique;"0006B397F6";06.07.2017;16:38:45;;-;-;;
739;Trovan Unique;"0006B397F6";06.07.2017;16:38:46;;-;-;;
740;Trovan Unique;"0006B397F6";06.07.2017;16:38:47;;-;-;;
741;Trovan Unique;"0006B397F6";06.07.2017;16:38:48;;-;-;;
742;Trovan Unique;"0006B397F6";06.07.2017;16:38:49;;-;-;;
743;Trovan Unique;"0006B397F6";06.07.2017;16:38:50;;-;-;;
744;Trovan Unique;"0006B397F6";06.07.2017;16:38:51;;-;-;;
745;Trovan Unique;"0006B397F6";06.07.2017;16:38:52;;-;-;;
746;Trovan Unique;"0006B397F6";06.07.2017;16:38:55;;-;-;;
747;Trovan Unique;"0006B397F6";06.07.2017;16:38:56;;-;-;;
748;Trovan Unique;"0006B397F6";06.07.2017;16:38:57;;-;-;;
749;Trovan Unique;"0006B397F6";06.07.2017;16:38:59;;-;-;;
750;Trovan Unique;"0006B397F6";06.07.2017;16:39:00;;-;-;;
751;Trovan Unique;"0006B397F6";06.07.2017;16:39:01;;-;-;;
752;Trovan Unique;"0006B397F6";06.07.2017;16:39:02;;-;-;;
753;Trovan Unique;"0006B397F6";06.07.2017;16:39:03;;-;-;;
754;Trovan Unique;"0006B397F6";06.07.2017;16:39:05;;-;-;;
755;Trovan Unique;"0006B397F6";06.07.2017;16:39:06;;-;-;;
756;Trovan Unique;"0006B397F6";06.07.2017;16:39:07;;-;-;;
757;Trovan Unique;"0006B397F6";06.07.2017;16:39:08;;-;-;;
758;Trovan Unique;"0006B397F6";06.07.2017;16:39:09;;-;-;;
759;Trovan Unique;"0006B397F6";06.07.2017;16:39:10;;-;-;;
760;Trovan Unique;"0006B397F6";06.07.2017;16:39:11;;-;-;;
761;Trovan Unique;"0006B397F6";06.07.2017;16:39:12;;-;-;;
762;Trovan Unique;"0006B397F6";06.07.2017;16:39:13;;-;-;;
763;Trovan Unique;"0006B397F6";06.07.2017;16:39:14;;-;-;;
764;Trovan Unique;"0006B397F6";06.07.2017;16:39:15;;-;-;;
765;Trovan Unique;"0006B397F6";06.07.2017;16:39:16;;-;-;;
766;Trovan Unique;"0006B397F6";06.07.2017;16:39:17;;-;-;;
767;Trovan Unique;"0006B397F6";06.07.2017;16:39:19;;-;-;;
768;Trovan Unique;"0006B397F6";06.07.2017;16:39:20;;-;-;;
769;Trovan Unique;"0006B397F6";06.07.2017;16:39:21;;-;-;;
770;Trovan Unique;"0006B397F6";06.07.2017;16:39:22;;-;-;;
771;Trovan Unique;"0006B397F6";06.07.2017;16:39:23;;-;-;;
772;Trovan Unique;"0006B397F6";06.07.2017;16:39:24;;-;-;;
773;Trovan Unique;"0006B397F6";06.07.2017;16:39:25;;-;-;;
774;Trovan Unique;"0006B397F6";06.07.2017;16:39:26;;-;-;;
775;Trovan Unique;"0006B397F6";06.07.2017;16:39:27;;-;-;;
776;Trovan Unique;"0006B397F6";06.07.2017;16:39:28;;-;-;;
777;Trovan Unique;"0006B397F6";06.07.2017;16:39:29;;-;-;;
778;Trovan Unique;"0006B397F6";06.07.2017;16:39:30;;-;-;;
779;Trovan Unique;"0006B397F6";06.07.2017;16:39:31;;-;-;;
780;Trovan Unique;"0006B397F6";06.07.2017;16:39:32;;-;-;;
781;Trovan Unique;"0006B397F6";06.07.2017;16:39:33;;-;-;;
782;Trovan Unique;"0006B397F6";06.07.2017;16:39:34;;-;-;;
783;Trovan Unique;"0006B397F6";06.07.2017;16:39:35;;-;-;;
784;Trovan Unique;"0006B397F6";06.07.2017;16:39:36;;-;-;;
785;Trovan Unique;"0006B397F6";06.07.2017;16:39:37;;-;-;;
786;Trovan Unique;"0006B397F6";06.07.2017;16:39:38;;-;-;;
787;Trovan Unique;"0006B397F6";06.07.2017;16:39:39;;-;-;;
788;Trovan Unique;"0006B397F6";06.07.2017;16:39:40;;-;-;;
789;Trovan Unique;"0006B397F6";06.07.2017;16:39:41;;-;-;;
790;Trovan Unique;"0006B397F6";06.07.2017;16:39:42;;-;-;;
791;Trovan Unique;"0006B397F6";06.07.2017;16:39:43;;-;-;;
792;Trovan Unique;"0006B397F6";06.07.2017;16:39:44;;-;-;;
793;Trovan Unique;"0006B397F6";06.07.2017;16:39:45;;-;-;;
794;Trovan Unique;"0006B397F6";06.07.2017;16:39:46;;-;-;;
795;Trovan Unique;"0006B397F6";06.07.2017;16:39:47;;-;-;;
796;Trovan Unique;"0006B397F6";06.07.2017;16:39:48;;-;-;;
797;Trovan Unique;"0006B397F6";06.07.2017;16:39:49;;-;-;;
798;Trovan Unique;"0006B397F6";06.07.2017;16:39:50;;-;-;;
799;Trovan Unique;"0006B397F6";06.07.2017;16:39:51;;-;-;;
800;Trovan Unique;"0006B397F6";06.07.2017;16:39:52;;-;-;;
801;Trovan Unique;"0006B397F6";06.07.2017;16:39:53;;-;-;;
802;Trovan Unique;"0006B397F6";06.07.2017;16:39:54;;-;-;;
803;Trovan Unique;"0006B397F6";06.07.2017;16:39:55;;-;-;;
804;Trovan Unique;"0006B397F6";06.07.2017;16:39:56;;-;-;;
805;Trovan Unique;"0006B397F6";06.07.2017;16:39:57;;-;-;;
806;Trovan Unique;"0006B397F6";06.07.2017;16:39:58;;-;-;;
807;Trovan Unique;"0006B397F6";06.07.2017;16:39:59;;-;-;;
808;Trovan Unique;"0006B397F6";06.07.2017;16:40:00;;-;-;;
809;Trovan Unique;"0006B397F6";06.07.2017;16:40:01;;-;-;;
810;Trovan Unique;"0006B397F6";06.07.2017;16:40:02;;-;-;;
811;Trovan Unique;"0006B397F6";06.07.2017;16:40:03;;-;-;;
812;Trovan Unique;"0006B397F6";06.07.2017;16:40:04;;-;-;;
813;Trovan Unique;"0006B397F6";06.07.2017;16:40:05;;-;-;;
814;Trovan Unique;"0006B397F6";06.07.2017;16:40:06;;-;-;;
815;Trovan Unique;"0006B397F6";06.07.2017;16:40:07;;-;-;;
816;Trovan Unique;"0006B397F6";06.07.2017;16:40:08;;-;-;;
817;Trovan Unique;"0006B397F6";06.07.2017;16:40:09;;-;-;;
818;Trovan Unique;"0006B397F6";06.07.2017;16:40:10;;-;-;;
819;Trovan Unique;"0006B397F6";06.07.2017;16:40:11;;-;-;;
820;Trovan Unique;"0006B397F6";06.07.2017;16:40:12;;-;-;;
821;Trovan Unique;"0006B397F6";06.07.2017;16:40:13;;-;-;;
822;Trovan Unique;"0006B397F6";06.07.2017;16:40:14;;-;-;;
823;Trovan Unique;"0006B397F6";06.07.2017;16:40:15;;-;-;;
824;Trovan Unique;"0006B397F6";06.07.2017;16:40:16;;-;-;;
825;Trovan Unique;"0006B397F6";06.07.2017;16:40:17;;-;-;;
826;Trovan Unique;"0006B397F6";06.07.2017;16:40:18;;-;-;;
827;Trovan Unique;"0006B397F6";06.07.2017;16:40:19;;-;-;;
828;Trovan Unique;"0006B397F6";06.07.2017;16:40:20;;-;-;;
829;Trovan Unique;"0006B397F6";06.07.2017;16:40:21;;-;-;;
830;Trovan Unique;"0006B397F6";06.07.2017;16:40:22;;-;-;;
831;Trovan Unique;"0006B397F6";06.07.2017;16:40:23;;-;-;;
832;Trovan Unique;"0006B397F6";06.07.2017;16:40:24;;-;-;;
833;Trovan Unique;"0006B397F6";06.07.2017;16:40:25;;-;-;;
834;Trovan Unique;"0006B397F6";06.07.2017;16:40:27;;-;-;;
835;Trovan Unique;"0006B397F6";06.07.2017;16:40:28;;-;-;;
836;Trovan Unique;"0006B397F6";06.07.2017;16:40:29;;-;-;;
837;Trovan Unique;"0006B397F6";06.07.2017;16:40:30;;-;-;;
838;Trovan Unique;"0006B397F6";06.07.2017;16:40:31;;-;-;;
839;Trovan Unique;"0006B397F6";06.07.2017;16:40:32;;-;-;;
840;Trovan Unique;"0006B397F6";06.07.2017;16:40:33;;-;-;;
841;Trovan Unique;"0006B397F6";06.07.2017;16:40:34;;-;-;;
842;Trovan Unique;"0006B397F6";06.07.2017;16:40:35;;-;-;;
843;Trovan Unique;"0006B397F6";06.07.2017;16:40:36;;-;-;;
844;Trovan Unique;"0006B397F6";06.07.2017;16:40:37;;-;-;;
845;Trovan Unique;"0006B397F6";06.07.2017;16:40:38;;-;-;;
846;Trovan Unique;"0006B397F6";06.07.2017;16:40:39;;-;-;;
847;Trovan Unique;"0006B397F6";06.07.2017;16:40:40;;-;-;;
848;Trovan Unique;"0006B397F6";06.07.2017;16:40:41;;-;-;;
849;Trovan Unique;"0006B397F6";06.07.2017;16:40:42;;-;-;;
850;Trovan Unique;"0006B397F6";06.07.2017;16:40:43;;-;-;;
851;Trovan Unique;"0006B397F6";06.07.2017;16:40:44;;-;-;;
852;Trovan Unique;"0006B397F6";06.07.2017;16:40:45;;-;-;;
853;Trovan Unique;"0006B397F6";06.07.2017;16:40:46;;-;-;;
854;Trovan Unique;"0006B397F6";06.07.2017;16:40:47;;-;-;;
855;Trovan Unique;"0006B397F6";06.07.2017;16:40:48;;-;-;;
856;Trovan Unique;"0006B397F6";06.07.2017;16:40:49;;-;-;;
857;Trovan Unique;"0006B397F6";06.07.2017;16:40:50;;-;-;;
858;Trovan Unique;"0006B397F6";06.07.2017;16:40:51;;-;-;;
859;Trovan Unique;"0006B397F6";06.07.2017;16:40:52;;-;-;;
860;Trovan Unique;"0006B397F6";06.07.2017;16:40:53;;-;-;;
861;Trovan Unique;"0006B397F6";06.07.2017;16:40:54;;-;-;;
862;Trovan Unique;"0006B397F6";06.07.2017;16:40:55;;-;-;;
863;Trovan Unique;"0006B397F6";06.07.2017;16:40:56;;-;-;;
864;Trovan Unique;"0006B397F6";06.07.2017;16:40:57;;-;-;;
865;Trovan Unique;"0006B397F6";06.07.2017;16:40:58;;-;-;;
866;Trovan Unique;"0006B397F6";06.07.2017;16:40:59;;-;-;;
867;Trovan Unique;"0006B397F6";06.07.2017;16:41:00;;-;-;;
868;Trovan Unique;"0006B397F6";06.07.2017;16:41:01;;-;-;;
869;Trovan Unique;"0006B397F6";06.07.2017;16:41:02;;-;-;;
870;Trovan Unique;"0006B397F6";06.07.2017;16:41:03;;-;-;;
871;Trovan Unique;"0006B397F6";06.07.2017;16:41:04;;-;-;;
872;Trovan Unique;"0006B397F6";06.07.2017;16:41:05;;-;-;;
873;Trovan Unique;"0006B397F6";06.07.2017;16:41:06;;-;-;;
874;Trovan Unique;"0006B397F6";06.07.2017;16:41:07;;-;-;;
875;Trovan Unique;"0006B397F6";06.07.2017;16:41:08;;-;-;;
876;Trovan Unique;"0006B397F6";06.07.2017;16:41:09;;-;-;;
877;Trovan Unique;"0006B397F6";06.07.2017;16:41:10;;-;-;;
878;Trovan Unique;"0006B397F6";06.07.2017;16:41:11;;-;-;;
879;Trovan Unique;"0006B397F6";06.07.2017;16:41:12;;-;-;;
880;Trovan Unique;"0006B397F6";06.07.2017;16:41:13;;-;-;;
881;Trovan Unique;"0006B397F6";06.07.2017;16:41:14;;-;-;;
882;Trovan Unique;"0006B397F6";06.07.2017;16:41:15;;-;-;;
883;Trovan Unique;"0006B397F6";06.07.2017;16:41:16;;-;-;;
884;Trovan Unique;"0006B397F6";06.07.2017;16:41:17;;-;-;;
885;Trovan Unique;"0006B397F6";06.07.2017;16:41:18;;-;-;;
886;Trovan Unique;"0006B397F6";06.07.2017;16:41:19;;-;-;;
887;Trovan Unique;"0006B397F6";06.07.2017;16:41:20;;-;-;;
888;Trovan Unique;"0006B397F6";06.07.2017;16:41:21;;-;-;;
889;Trovan Unique;"0006B397F6";06.07.2017;16:41:22;;-;-;;
890;Trovan Unique;"0006B397F6";06.07.2017;16:41:23;;-;-;;
891;Trovan Unique;"0006B397F6";06.07.2017;16:41:24;;-;-;;
892;Trovan Unique;"0006B397F6";06.07.2017;16:41:25;;-;-;;
893;Trovan Unique;"0006B397F6";06.07.2017;16:41:26;;-;-;;
894;Trovan Unique;"0006B397F6";06.07.2017;16:41:27;;-;-;;
895;Trovan Unique;"0006B397F6";06.07.2017;16:41:28;;-;-;;
896;Trovan Unique;"0006B397F6";06.07.2017;16:41:30;;-;-;;
897;Trovan Unique;"0006B397F6";06.07.2017;16:41:31;;-;-;;
898;Trovan Unique;"0006B397F6";06.07.2017;16:41:32;;-;-;;
899;Trovan Unique;"0006B397F6";06.07.2017;16:41:33;;-;-;;
900;Trovan Unique;"0006B397F6";06.07.2017;16:41:34;;-;-;;
901;Trovan Unique;"0006B397F6";06.07.2017;16:41:35;;-;-;;
902;Trovan Unique;"0006B397F6";06.07.2017;16:41:36;;-;-;;
903;Trovan Unique;"0006B397F6";06.07.2017;16:41:37;;-;-;;
904;Trovan Unique;"0006B397F6";06.07.2017;16:41:38;;-;-;;
905;Trovan Unique;"0006B397F6";06.07.2017;16:41:39;;-;-;;
906;Trovan Unique;"0006B397F6";06.07.2017;16:41:40;;-;-;;
907;Trovan Unique;"0006B397F6";06.07.2017;16:41:41;;-;-;;
908;Trovan Unique;"0006B397F6";06.07.2017;16:41:42;;-;-;;
909;Trovan Unique;"0006B397F6";06.07.2017;16:41:43;;-;-;;
910;Trovan Unique;"0006B397F6";06.07.2017;16:41:44;;-;-;;
911;Trovan Unique;"0006B397F6";06.07.2017;16:41:45;;-;-;;
912;Trovan Unique;"0006B397F6";06.07.2017;16:41:46;;-;-;;
913;Trovan Unique;"0006B397F6";06.07.2017;16:41:47;;-;-;;
914;Trovan Unique;"0006B397F6";06.07.2017;16:41:48;;-;-;;
915;Trovan Unique;"0006B397F6";06.07.2017;16:41:50;;-;-;;
916;Trovan Unique;"0006B397F6";06.07.2017;16:41:51;;-;-;;
917;Trovan Unique;"0006B397F6";06.07.2017;16:41:52;;-;-;;
918;Trovan Unique;"0006B397F6";06.07.2017;16:41:53;;-;-;;
919;Trovan Unique;"0006B397F6";06.07.2017;16:41:54;;-;-;;
920;Trovan Unique;"0006B397F6";06.07.2017;16:41:55;;-;-;;
921;Trovan Unique;"0006B397F6";06.07.2017;16:41:56;;-;-;;
922;Trovan Unique;"0006B397F6";06.07.2017;16:41:57;;-;-;;
923;Trovan Unique;"0006B397F6";06.07.2017;16:41:58;;-;-;;
924;Trovan Unique;"0006B397F6";06.07.2017;16:41:59;;-;-;;
925;Trovan Unique;"0006B397F6";06.07.2017;16:42:01;;-;-;;
926;Trovan Unique;"0006B397F6";06.07.2017;16:42:02;;-;-;;
927;Trovan Unique;"0006B34B41";06.07.2017;16:42:03;;-;-;;
928;Trovan Unique;"0006B34B41";06.07.2017;16:42:04;;-;-;;
929;Trovan Unique;"0006B397F6";06.07.2017;16:42:06;;-;-;;
930;Trovan Unique;"0006B397F6";06.07.2017;16:42:08;;-;-;;
931;Trovan Unique;"0006B397F6";06.07.2017;16:42:09;;-;-;;
932;Trovan Unique;"0006B397F6";06.07.2017;16:42:10;;-;-;;
933;Trovan Unique;"0006B397F6";06.07.2017;16:42:11;;-;-;;
934;Trovan Unique;"0006B397F6";06.07.2017;16:42:12;;-;-;;
935;Trovan Unique;"0006B397F6";06.07.2017;16:42:13;;-;-;;
936;Trovan Unique;"0006B397F6";06.07.2017;16:42:14;;-;-;;
937;Trovan Unique;"0006B397F6";06.07.2017;16:42:16;;-;-;;
938;Trovan Unique;"0006B397F6";06.07.2017;16:42:17;;-;-;;
939;Trovan Unique;"0006B397F6";06.07.2017;16:42:18;;-;-;;
940;Trovan Unique;"0006B397F6";06.07.2017;16:42:19;;-;-;;
941;Trovan Unique;"0006B397F6";06.07.2017;16:42:20;;-;-;;
942;Trovan Unique;"0006B397F6";06.07.2017;16:42:21;;-;-;;
943;Trovan Unique;"0006B397F6";06.07.2017;16:42:22;;-;-;;
944;Trovan Unique;"0006B397F6";06.07.2017;16:42:23;;-;-;;
945;Trovan Unique;"0006B397F6";06.07.2017;16:42:26;;-;-;;
946;Trovan Unique;"0006B397F6";06.07.2017;16:42:28;;-;-;;
947;Trovan Unique;"0006B397F6";06.07.2017;16:42:30;;-;-;;
948;Trovan Unique;"0006B397F6";06.07.2017;16:42:31;;-;-;;
949;Trovan Unique;"0006B397F6";06.07.2017;16:42:33;;-;-;;
950;Trovan Unique;"0006B397F6";06.07.2017;16:42:35;;-;-;;
951;Trovan Unique;"0006B397F6";06.07.2017;16:42:38;;-;-;;
952;Trovan Unique;"0006B397F6";06.07.2017;16:42:39;;-;-;;
953;Trovan Unique;"0006B397F6";06.07.2017;16:42:40;;-;-;;
954;Trovan Unique;"0006B397F6";06.07.2017;16:42:43;;-;-;;
955;Trovan Unique;"0006B397F6";06.07.2017;16:42:45;;-;-;;
956;Trovan Unique;"0006B397F6";06.07.2017;16:42:46;;-;-;;
957;Trovan Unique;"0006B397F6";06.07.2017;16:42:48;;-;-;;
958;Trovan Unique;"0006B397F6";06.07.2017;16:42:49;;-;-;;
959;Trovan Unique;"0006B397F6";06.07.2017;16:42:50;;-;-;;
960;Trovan Unique;"0006B397F6";06.07.2017;16:42:51;;-;-;;
961;Trovan Unique;"0006B397F6";06.07.2017;16:42:53;;-;-;;
962;Trovan Unique;"0006B397F6";06.07.2017;16:42:54;;-;-;;
963;Trovan Unique;"0006B397F6";06.07.2017;16:42:57;;-;-;;
964;Trovan Unique;"0006B397F6";06.07.2017;16:42:59;;-;-;;
965;Trovan Unique;"0006B397F6";06.07.2017;16:43:00;;-;-;;
966;Trovan Unique;"0006B397F6";06.07.2017;16:43:01;;-;-;;
967;Trovan Unique;"0006B34B41";06.07.2017;16:43:15;;-;-;;
968;Trovan Unique;"0006B397F6";06.07.2017;16:43:20;;-;-;;
969;Trovan Unique;"0006B397F6";06.07.2017;16:43:21;;-;-;;
970;Trovan Unique;"0006B397F6";06.07.2017;16:43:22;;-;-;;
971;Trovan Unique;"0006B397F6";06.07.2017;16:43:27;;-;-;;
972;Trovan Unique;"0006B397F6";06.07.2017;16:43:28;;-;-;;
973;Trovan Unique;"0006B397F6";06.07.2017;16:43:29;;-;-;;
974;Trovan Unique;"0006B397F6";06.07.2017;16:43:30;;-;-;;
975;Trovan Unique;"0006B397F6";06.07.2017;16:43:31;;-;-;;
976;Trovan Unique;"0006B397F6";06.07.2017;16:43:32;;-;-;;
977;Trovan Unique;"0006B397F6";06.07.2017;16:43:33;;-;-;;
978;Trovan Unique;"0006B397F6";06.07.2017;16:43:35;;-;-;;
979;Trovan Unique;"0006B397F6";06.07.2017;16:43:36;;-;-;;
980;Trovan Unique;"0006B397F6";06.07.2017;16:43:37;;-;-;;
981;Trovan Unique;"0006B397F6";06.07.2017;16:43:38;;-;-;;
982;Trovan Unique;"0006B397F6";06.07.2017;16:43:39;;-;-;;
983;Trovan Unique;"0006B397F6";06.07.2017;16:43:40;;-;-;;
984;Trovan Unique;"0006B397F6";06.07.2017;16:43:42;;-;-;;
985;Trovan Unique;"0006B397F6";06.07.2017;16:43:42;;-;-;;
986;Trovan Unique;"0006B397F6";06.07.2017;16:43:43;;-;-;;
987;Trovan Unique;"0006B397F6";06.07.2017;16:43:44;;-;-;;
988;Trovan Unique;"0006B397F6";06.07.2017;16:43:45;;-;-;;
989;Trovan Unique;"0006B397F6";06.07.2017;16:43:47;;-;-;;
990;Trovan Unique;"0006B397F6";06.07.2017;16:43:48;;-;-;;
991;Trovan Unique;"0006B397F6";06.07.2017;16:43:49;;-;-;;
992;Trovan Unique;"0006B397F6";06.07.2017;16:43:50;;-;-;;
993;Trovan Unique;"0006B397F6";06.07.2017;16:43:51;;-;-;;
994;Trovan Unique;"0006B397F6";06.07.2017;16:43:52;;-;-;;
995;Trovan Unique;"0006B397F6";06.07.2017;16:43:53;;-;-;;
996;Trovan Unique;"0006B397F6";06.07.2017;16:43:54;;-;-;;
997;Trovan Unique;"0006B397F6";06.07.2017;16:43:55;;-;-;;
998;Trovan Unique;"0006B397F6";06.07.2017;16:43:56;;-;-;;
999;Trovan Unique;"0006B397F6";06.07.2017;16:43:57;;-;-;;
1000;Trovan Unique;"0006B397F6";06.07.2017;16:43:58;;-;-;;
1001;Trovan Unique;"0006B397F6";06.07.2017;16:43:59;;-;-;;
1002;Trovan Unique;"0006B397F6";06.07.2017;16:44:00;;-;-;;
1003;Trovan Unique;"0006B397F6";06.07.2017;16:44:01;;-;-;;
1004;Trovan Unique;"0006B397F6";06.07.2017;16:44:02;;-;-;;
1005;Trovan Unique;"0006B397F6";06.07.2017;16:44:03;;-;-;;
1006;Trovan Unique;"0006B397F6";06.07.2017;16:44:04;;-;-;;
1007;Trovan Unique;"0006B397F6";06.07.2017;16:44:05;;-;-;;
1008;Trovan Unique;"0006B397F6";06.07.2017;16:44:06;;-;-;;
1009;Trovan Unique;"0006B397F6";06.07.2017;16:44:07;;-;-;;
1010;Trovan Unique;"0006B397F6";06.07.2017;16:44:08;;-;-;;
1011;Trovan Unique;"0006B397F6";06.07.2017;16:44:09;;-;-;;
1012;Trovan Unique;"0006B397F6";06.07.2017;16:44:10;;-;-;;
1013;Trovan Unique;"0006B397F6";06.07.2017;16:44:11;;-;-;;
1014;Trovan Unique;"0006B397F6";06.07.2017;16:44:12;;-;-;;
1015;Trovan Unique;"0006B397F6";06.07.2017;16:44:13;;-;-;;
1016;Trovan Unique;"0006B397F6";06.07.2017;16:44:14;;-;-;;
1017;Trovan Unique;"0006B397F6";06.07.2017;16:44:15;;-;-;;
1018;Trovan Unique;"0006B397F6";06.07.2017;16:44:16;;-;-;;
1019;Trovan Unique;"0006B397F6";06.07.2017;16:44:17;;-;-;;
1020;Trovan Unique;"0006B397F6";06.07.2017;16:44:18;;-;-;;
1021;Trovan Unique;"0006B397F6";06.07.2017;16:44:20;;-;-;;
1022;Trovan Unique;"0006B397F6";06.07.2017;16:44:21;;-;-;;
1023;Trovan Unique;"0006B397F6";06.07.2017;16:44:22;;-;-;;
1024;Trovan Unique;"0006B397F6";06.07.2017;16:44:23;;-;-;;
1025;Trovan Unique;"0006B397F6";06.07.2017;16:44:24;;-;-;;
1026;Trovan Unique;"0006B397F6";06.07.2017;16:44:25;;-;-;;
1027;Trovan Unique;"0006B397F6";06.07.2017;16:44:26;;-;-;;
1028;Trovan Unique;"0006B397F6";06.07.2017;16:44:27;;-;-;;
1029;Trovan Unique;"0006B397F6";06.07.2017;16:44:28;;-;-;;
1030;Trovan Unique;"0006B397F6";06.07.2017;16:44:29;;-;-;;
1031;Trovan Unique;"0006B397F6";06.07.2017;16:44:30;;-;-;;
1032;Trovan Unique;"0006B397F6";06.07.2017;16:44:31;;-;-;;
1033;Trovan Unique;"0006B397F6";06.07.2017;16:44:32;;-;-;;
1034;Trovan Unique;"0006B397F6";06.07.2017;16:44:33;;-;-;;
1035;Trovan Unique;"0006B397F6";06.07.2017;16:44:34;;-;-;;
1036;Trovan Unique;"0006B397F6";06.07.2017;16:44:35;;-;-;;
1037;Trovan Unique;"0006B397F6";06.07.2017;16:44:36;;-;-;;
1038;Trovan Unique;"0006B397F6";06.07.2017;16:44:37;;-;-;;
1039;Trovan Unique;"0006B397F6";06.07.2017;16:44:38;;-;-;;
1040;Trovan Unique;"0006B397F6";06.07.2017;16:44:39;;-;-;;
1041;Trovan Unique;"0006B397F6";06.07.2017;16:44:40;;-;-;;
1042;Trovan Unique;"0006B397F6";06.07.2017;16:44:41;;-;-;;
1043;Trovan Unique;"0006B397F6";06.07.2017;16:44:42;;-;-;;
1044;Trovan Unique;"0006B397F6";06.07.2017;16:44:43;;-;-;;
1045;Trovan Unique;"0006B397F6";06.07.2017;16:44:44;;-;-;;
1046;Trovan Unique;"0006B397F6";06.07.2017;16:44:45;;-;-;;
1047;Trovan Unique;"0006B397F6";06.07.2017;16:44:46;;-;-;;
1048;Trovan Unique;"0006B397F6";06.07.2017;16:44:47;;-;-;;
1049;Trovan Unique;"0006B397F6";06.07.2017;16:44:48;;-;-;;
1050;Trovan Unique;"0006B397F6";06.07.2017;16:44:49;;-;-;;
1051;Trovan Unique;"0006B397F6";06.07.2017;16:44:50;;-;-;;
1052;Trovan Unique;"0006B397F6";06.07.2017;16:44:51;;-;-;;
1053;Trovan Unique;"0006B397F6";06.07.2017;16:44:52;;-;-;;
1054;Trovan Unique;"0006B397F6";06.07.2017;16:44:53;;-;-;;
1055;Trovan Unique;"0006B397F6";06.07.2017;16:44:54;;-;-;;
1056;Trovan Unique;"0006B397F6";06.07.2017;16:44:55;;-;-;;
1057;Trovan Unique;"0006B397F6";06.07.2017;16:44:56;;-;-;;
1058;Trovan Unique;"0006B397F6";06.07.2017;16:44:57;;-;-;;
1059;Trovan Unique;"0006B397F6";06.07.2017;16:44:58;;-;-;;
1060;Trovan Unique;"0006B397F6";06.07.2017;16:44:59;;-;-;;
1061;Trovan Unique;"0006B397F6";06.07.2017;16:45:00;;-;-;;
1062;Trovan Unique;"0006B397F6";06.07.2017;16:45:01;;-;-;;
1063;Trovan Unique;"0006B397F6";06.07.2017;16:45:02;;-;-;;
1064;Trovan Unique;"0006B397F6";06.07.2017;16:45:03;;-;-;;
1065;Trovan Unique;"0006B397F6";06.07.2017;16:45:04;;-;-;;
1066;Trovan Unique;"0006B397F6";06.07.2017;16:45:05;;-;-;;
1067;Trovan Unique;"0006B397F6";06.07.2017;16:45:06;;-;-;;
1068;Trovan Unique;"0006B397F6";06.07.2017;16:45:07;;-;-;;
1069;Trovan Unique;"0006B397F6";06.07.2017;16:45:08;;-;-;;
1070;Trovan Unique;"0006B397F6";06.07.2017;16:45:09;;-;-;;
1071;Trovan Unique;"0006B397F6";06.07.2017;16:45:10;;-;-;;
1072;Trovan Unique;"0006B397F6";06.07.2017;16:45:11;;-;-;;
1073;Trovan Unique;"0006B397F6";06.07.2017;16:45:13;;-;-;;
1074;Trovan Unique;"0006B397F6";06.07.2017;16:45:14;;-;-;;
1075;Trovan Unique;"0006B397F6";06.07.2017;16:45:15;;-;-;;
1076;Trovan Unique;"0006B397F6";06.07.2017;16:45:16;;-;-;;
1077;Trovan Unique;"0006B397F6";06.07.2017;16:45:17;;-;-;;
1078;Trovan Unique;"0006B397F6";06.07.2017;16:45:18;;-;-;;
1079;Trovan Unique;"0006B397F6";06.07.2017;16:45:19;;-;-;;
1080;Trovan Unique;"0006B397F6";06.07.2017;16:45:20;;-;-;;
1081;Trovan Unique;"0006B397F6";06.07.2017;16:45:21;;-;-;;
1082;Trovan Unique;"0006B397F6";06.07.2017;16:45:22;;-;-;;
1083;Trovan Unique;"0006B397F6";06.07.2017;16:45:23;;-;-;;
1084;Trovan Unique;"0006B397F6";06.07.2017;16:45:24;;-;-;;
1085;Trovan Unique;"0006B397F6";06.07.2017;16:45:25;;-;-;;
1086;Trovan Unique;"0006B397F6";06.07.2017;16:45:26;;-;-;;
1087;Trovan Unique;"0006B397F6";06.07.2017;16:45:27;;-;-;;
1088;Trovan Unique;"0006B397F6";06.07.2017;16:45:28;;-;-;;
1089;Trovan Unique;"0006B397F6";06.07.2017;16:45:29;;-;-;;
1090;Trovan Unique;"0006B397F6";06.07.2017;16:45:30;;-;-;;
1091;Trovan Unique;"0006B397F6";06.07.2017;16:45:31;;-;-;;
1092;Trovan Unique;"0006B397F6";06.07.2017;16:45:32;;-;-;;
1093;Trovan Unique;"0006B397F6";06.07.2017;16:45:33;;-;-;;
1094;Trovan Unique;"0006B397F6";06.07.2017;16:45:34;;-;-;;
1095;Trovan Unique;"0006B397F6";06.07.2017;16:45:35;;-;-;;
1096;Trovan Unique;"0006B397F6";06.07.2017;16:45:36;;-;-;;
1097;Trovan Unique;"0006B397F6";06.07.2017;16:45:37;;-;-;;
1098;Trovan Unique;"0006B397F6";06.07.2017;16:45:38;;-;-;;
1099;Trovan Unique;"0006B397F6";06.07.2017;16:45:40;;-;-;;
1100;Trovan Unique;"0006B397F6";06.07.2017;16:45:41;;-;-;;
1101;Trovan Unique;"0006B397F6";06.07.2017;16:45:42;;-;-;;
1102;Trovan Unique;"0006B397F6";06.07.2017;16:45:43;;-;-;;
1103;Trovan Unique;"0006B397F6";06.07.2017;16:45:44;;-;-;;
1104;Trovan Unique;"0006B397F6";06.07.2017;16:45:45;;-;-;;
1105;Trovan Unique;"0006B397F6";06.07.2017;16:45:46;;-;-;;
1106;Trovan Unique;"0006B397F6";06.07.2017;16:45:47;;-;-;;
1107;Trovan Unique;"0006B397F6";06.07.2017;16:45:48;;-;-;;
1108;Trovan Unique;"0006B397F6";06.07.2017;16:45:49;;-;-;;
1109;Trovan Unique;"0006B397F6";06.07.2017;16:45:50;;-;-;;
1110;Trovan Unique;"0006B397F6";06.07.2017;16:45:51;;-;-;;
1111;Trovan Unique;"0006B397F6";06.07.2017;16:45:52;;-;-;;
1112;Trovan Unique;"0006B397F6";06.07.2017;16:45:53;;-;-;;
1113;Trovan Unique;"0006B397F6";06.07.2017;16:45:54;;-;-;;
1114;Trovan Unique;"0006B397F6";06.07.2017;16:45:55;;-;-;;
1115;Trovan Unique;"0006B397F6";06.07.2017;16:45:56;;-;-;;
1116;Trovan Unique;"0006B397F6";06.07.2017;16:45:57;;-;-;;
1117;Trovan Unique;"0006B397F6";06.07.2017;16:45:58;;-;-;;
1118;Trovan Unique;"0006B397F6";06.07.2017;16:45:59;;-;-;;
1119;Trovan Unique;"0006B397F6";06.07.2017;16:46:00;;-;-;;
1120;Trovan Unique;"0006B397F6";06.07.2017;16:46:01;;-;-;;
1121;Trovan Unique;"0006B397F6";06.07.2017;16:46:02;;-;-;;
1122;Trovan Unique;"0006B397F6";06.07.2017;16:46:03;;-;-;;
1123;Trovan Unique;"0006B397F6";06.07.2017;16:46:04;;-;-;;
1124;Trovan Unique;"0006B397F6";06.07.2017;16:46:05;;-;-;;
1125;Trovan Unique;"0006B397F6";06.07.2017;16:46:06;;-;-;;
1126;Trovan Unique;"0006B397F6";06.07.2017;16:46:08;;-;-;;
1127;Trovan Unique;"0006B397F6";06.07.2017;16:46:09;;-;-;;
1128;Trovan Unique;"0006B397F6";06.07.2017;16:46:10;;-;-;;
1129;Trovan Unique;"0006B397F6";06.07.2017;16:46:11;;-;-;;
1130;Trovan Unique;"0006B397F6";06.07.2017;16:46:12;;-;-;;
1131;Trovan Unique;"0006B397F6";06.07.2017;16:46:13;;-;-;;
1132;Trovan Unique;"0006B397F6";06.07.2017;16:46:14;;-;-;;
1133;Trovan Unique;"0006B397F6";06.07.2017;16:46:15;;-;-;;
1134;Trovan Unique;"0006B397F6";06.07.2017;16:46:16;;-;-;;
1135;Trovan Unique;"0006B397F6";06.07.2017;16:46:17;;-;-;;
1136;Trovan Unique;"0006B397F6";06.07.2017;16:46:18;;-;-;;
1137;Trovan Unique;"0006B397F6";06.07.2017;16:46:19;;-;-;;
1138;Trovan Unique;"0006B397F6";06.07.2017;16:46:20;;-;-;;
1139;Trovan Unique;"0006B397F6";06.07.2017;16:46:21;;-;-;;
1140;Trovan Unique;"0006B397F6";06.07.2017;16:46:22;;-;-;;
1141;Trovan Unique;"0006B397F6";06.07.2017;16:46:23;;-;-;;
1142;Trovan Unique;"0006B397F6";06.07.2017;16:46:24;;-;-;;
1143;Trovan Unique;"0006B397F6";06.07.2017;16:46:25;;-;-;;
1144;Trovan Unique;"0006B397F6";06.07.2017;16:46:26;;-;-;;
1145;Trovan Unique;"0006B397F6";06.07.2017;16:46:27;;-;-;;
1146;Trovan Unique;"0006B397F6";06.07.2017;16:46:28;;-;-;;
1147;Trovan Unique;"0006B397F6";06.07.2017;16:46:29;;-;-;;
1148;Trovan Unique;"0006B397F6";06.07.2017;16:46:30;;-;-;;
1149;Trovan Unique;"0006B397F6";06.07.2017;16:46:31;;-;-;;
1150;Trovan Unique;"0006B397F6";06.07.2017;16:46:32;;-;-;;
1151;Trovan Unique;"0006B397F6";06.07.2017;16:46:33;;-;-;;
1152;Trovan Unique;"0006B397F6";06.07.2017;16:46:34;;-;-;;
1153;Trovan Unique;"0006B397F6";06.07.2017;16:46:35;;-;-;;
1154;Trovan Unique;"0006B397F6";06.07.2017;16:46:36;;-;-;;
1155;Trovan Unique;"0006B397F6";06.07.2017;16:46:37;;-;-;;
1156;Trovan Unique;"0006B397F6";06.07.2017;16:46:38;;-;-;;
1157;Trovan Unique;"0006B397F6";06.07.2017;16:46:39;;-;-;;
1158;Trovan Unique;"0006B397F6";06.07.2017;16:46:40;;-;-;;
1159;Trovan Unique;"0006B397F6";06.07.2017;16:46:42;;-;-;;
1160;Trovan Unique;"0006B397F6";06.07.2017;16:46:43;;-;-;;
1161;Trovan Unique;"0006B397F6";06.07.2017;16:46:44;;-;-;;
1162;Trovan Unique;"0006B397F6";06.07.2017;16:46:45;;-;-;;
1163;Trovan Unique;"0006B397F6";06.07.2017;16:46:46;;-;-;;
1164;Trovan Unique;"0006B397F6";06.07.2017;16:46:47;;-;-;;
1165;Trovan Unique;"0006B397F6";06.07.2017;16:46:48;;-;-;;
1166;Trovan Unique;"0006B397F6";06.07.2017;16:46:49;;-;-;;
1167;Trovan Unique;"0006B397F6";06.07.2017;16:46:50;;-;-;;
1168;Trovan Unique;"0006B397F6";06.07.2017;16:46:51;;-;-;;
1169;Trovan Unique;"0006B397F6";06.07.2017;16:46:52;;-;-;;
1170;Trovan Unique;"0006B397F6";06.07.2017;16:46:53;;-;-;;
1171;Trovan Unique;"0006B397F6";06.07.2017;16:46:54;;-;-;;
1172;Trovan Unique;"0006B397F6";06.07.2017;16:46:55;;-;-;;
1173;Trovan Unique;"0006B397F6";06.07.2017;16:46:56;;-;-;;
1174;Trovan Unique;"0006B397F6";06.07.2017;16:46:57;;-;-;;
1175;Trovan Unique;"0006B397F6";06.07.2017;16:46:59;;-;-;;
1176;Trovan Unique;"0006B397F6";06.07.2017;16:47:00;;-;-;;
1177;Trovan Unique;"0006B397F6";06.07.2017;16:47:01;;-;-;;
1178;Trovan Unique;"0006B397F6";06.07.2017;16:47:02;;-;-;;
1179;Trovan Unique;"0006B397F6";06.07.2017;16:47:03;;-;-;;
1180;Trovan Unique;"0006B397F6";06.07.2017;16:47:04;;-;-;;
1181;Trovan Unique;"0006B397F6";06.07.2017;16:47:05;;-;-;;
1182;Trovan Unique;"0006B397F6";06.07.2017;16:47:06;;-;-;;
1183;Trovan Unique;"0006B397F6";06.07.2017;16:47:07;;-;-;;
1184;Trovan Unique;"0006B397F6";06.07.2017;16:47:08;;-;-;;
1185;Trovan Unique;"0006B397F6";06.07.2017;16:47:09;;-;-;;
1186;Trovan Unique;"0006B397F6";06.07.2017;16:47:10;;-;-;;
1187;Trovan Unique;"0006B397F6";06.07.2017;16:47:11;;-;-;;
1188;Trovan Unique;"0006B397F6";06.07.2017;16:47:12;;-;-;;
1189;Trovan Unique;"0006B397F6";06.07.2017;16:47:13;;-;-;;
1190;Trovan Unique;"0006B397F6";06.07.2017;16:47:14;;-;-;;
1191;Trovan Unique;"0006B397F6";06.07.2017;16:47:15;;-;-;;
1192;Trovan Unique;"0006B397F6";06.07.2017;16:47:16;;-;-;;
1193;Trovan Unique;"0006B397F6";06.07.2017;16:47:17;;-;-;;
1194;Trovan Unique;"0006B397F6";06.07.2017;16:47:18;;-;-;;
1195;Trovan Unique;"0006B397F6";06.07.2017;16:47:19;;-;-;;
1196;Trovan Unique;"0006B397F6";06.07.2017;16:47:20;;-;-;;
1197;Trovan Unique;"0006B397F6";06.07.2017;16:47:21;;-;-;;
1198;Trovan Unique;"0006B397F6";06.07.2017;16:47:22;;-;-;;
1199;Trovan Unique;"0006B397F6";06.07.2017;16:47:23;;-;-;;
1200;Trovan Unique;"0006B397F6";06.07.2017;16:47:24;;-;-;;
1201;Trovan Unique;"0006B397F6";06.07.2017;16:47:25;;-;-;;
1202;Trovan Unique;"0006B397F6";06.07.2017;16:47:26;;-;-;;
1203;Trovan Unique;"0006B397F6";06.07.2017;16:47:27;;-;-;;
1204;Trovan Unique;"0006B397F6";06.07.2017;16:47:28;;-;-;;
1205;Trovan Unique;"0006B397F6";06.07.2017;16:47:29;;-;-;;
1206;Trovan Unique;"0006B397F6";06.07.2017;16:47:30;;-;-;;
1207;Trovan Unique;"0006B397F6";06.07.2017;16:47:31;;-;-;;
1208;Trovan Unique;"0006B397F6";06.07.2017;16:47:32;;-;-;;
1209;Trovan Unique;"0006B397F6";06.07.2017;16:47:33;;-;-;;
1210;Trovan Unique;"0006B397F6";06.07.2017;16:47:34;;-;-;;
1211;Trovan Unique;"0006B397F6";06.07.2017;16:47:35;;-;-;;
1212;Trovan Unique;"0006B397F6";06.07.2017;16:47:36;;-;-;;
1213;Trovan Unique;"0006B397F6";06.07.2017;16:47:37;;-;-;;
1214;Trovan Unique;"0006B397F6";06.07.2017;16:47:38;;-;-;;
1215;Trovan Unique;"0006B397F6";06.07.2017;16:47:39;;-;-;;
1216;Trovan Unique;"0006B397F6";06.07.2017;16:47:40;;-;-;;
1217;Trovan Unique;"0006B397F6";06.07.2017;16:47:41;;-;-;;
1218;Trovan Unique;"0006B397F6";06.07.2017;16:47:42;;-;-;;
1219;Trovan Unique;"0006B397F6";06.07.2017;16:47:43;;-;-;;
1220;Trovan Unique;"0006B397F6";06.07.2017;16:47:44;;-;-;;
1221;Trovan Unique;"0006B397F6";06.07.2017;16:47:45;;-;-;;
1222;Trovan Unique;"0006B397F6";06.07.2017;16:47:47;;-;-;;
1223;Trovan Unique;"0006B397F6";06.07.2017;16:47:49;;-;-;;
1224;Trovan Unique;"0006B397F6";06.07.2017;16:47:50;;-;-;;
1225;Trovan Unique;"0006B397F6";06.07.2017;16:47:51;;-;-;;
1226;Trovan Unique;"0006B397F6";06.07.2017;16:47:52;;-;-;;
1227;Trovan Unique;"0006B397F6";06.07.2017;16:47:53;;-;-;;
1228;Trovan Unique;"0006B397F6";06.07.2017;16:47:54;;-;-;;
1229;Trovan Unique;"0006B397F6";06.07.2017;16:47:55;;-;-;;
1230;Trovan Unique;"0006B397F6";06.07.2017;16:47:56;;-;-;;
1231;Trovan Unique;"0006B397F6";06.07.2017;16:47:57;;-;-;;
1232;Trovan Unique;"0006B397F6";06.07.2017;16:47:58;;-;-;;
1233;Trovan Unique;"0006B397F6";06.07.2017;16:47:59;;-;-;;
1234;Trovan Unique;"0006B397F6";06.07.2017;16:48:00;;-;-;;
1235;Trovan Unique;"0006B397F6";06.07.2017;16:48:01;;-;-;;
1236;Trovan Unique;"0006B397F6";06.07.2017;16:48:02;;-;-;;
1237;Trovan Unique;"0006B397F6";06.07.2017;16:48:03;;-;-;;
1238;Trovan Unique;"0006B397F6";06.07.2017;16:48:04;;-;-;;
1239;Trovan Unique;"0006B397F6";06.07.2017;16:48:05;;-;-;;
1240;Trovan Unique;"0006B397F6";06.07.2017;16:48:06;;-;-;;
1241;Trovan Unique;"0006B397F6";06.07.2017;16:48:07;;-;-;;
1242;Trovan Unique;"0006B397F6";06.07.2017;16:48:08;;-;-;;
1243;Trovan Unique;"0006B397F6";06.07.2017;16:48:09;;-;-;;
1244;Trovan Unique;"0006B397F6";06.07.2017;16:48:10;;-;-;;
1245;Trovan Unique;"0006B397F6";06.07.2017;16:48:11;;-;-;;
1246;Trovan Unique;"0006B397F6";06.07.2017;16:48:12;;-;-;;
1247;Trovan Unique;"0006B397F6";06.07.2017;16:48:13;;-;-;;
1248;Trovan Unique;"0006B397F6";06.07.2017;16:48:14;;-;-;;
1249;Trovan Unique;"0006B397F6";06.07.2017;16:48:15;;-;-;;
1250;Trovan Unique;"0006B397F6";06.07.2017;16:48:17;;-;-;;
1251;Trovan Unique;"0006B397F6";06.07.2017;16:48:18;;-;-;;
1252;Trovan Unique;"0006B397F6";06.07.2017;16:48:19;;-;-;;
1253;Trovan Unique;"0006B397F6";06.07.2017;16:48:20;;-;-;;
1254;Trovan Unique;"0006B397F6";06.07.2017;16:48:21;;-;-;;
1255;Trovan Unique;"0006B397F6";06.07.2017;16:48:22;;-;-;;
1256;Trovan Unique;"0006B397F6";06.07.2017;16:48:24;;-;-;;
1257;Trovan Unique;"0006B397F6";06.07.2017;16:48:36;;-;-;;
1258;Trovan Unique;"0006B397F6";06.07.2017;16:48:37;;-;-;;
1259;Trovan Unique;"0006B397F6";06.07.2017;16:48:38;;-;-;;
1260;Trovan Unique;"0006B397F6";06.07.2017;16:48:52;;-;-;;
1261;Trovan Unique;"0006B397F6";06.07.2017;16:48:53;;-;-;;
1262;Trovan Unique;"0006B397F6";06.07.2017;16:48:54;;-;-;;
1263;Trovan Unique;"0006B397F6";06.07.2017;16:48:55;;-;-;;
1264;Trovan Unique;"0006B397F6";06.07.2017;16:48:56;;-;-;;
1265;Trovan Unique;"0006B397F6";06.07.2017;16:48:57;;-;-;;
1266;Trovan Unique;"0006B397F6";06.07.2017;16:48:58;;-;-;;
1267;Trovan Unique;"0006B397F6";06.07.2017;16:48:59;;-;-;;
1268;Trovan Unique;"0006B397F6";06.07.2017;16:49:06;;-;-;;
1269;Trovan Unique;"0006B397F6";06.07.2017;16:49:08;;-;-;;
1270;Trovan Unique;"0006B397F6";06.07.2017;16:49:09;;-;-;;
1271;Trovan Unique;"0006B397F6";06.07.2017;16:49:10;;-;-;;
1272;Trovan Unique;"0006B397F6";06.07.2017;16:49:11;;-;-;;
1273;Trovan Unique;"0006B397F6";06.07.2017;16:49:12;;-;-;;
1274;Trovan Unique;"0006B397F6";06.07.2017;16:49:13;;-;-;;
1275;Trovan Unique;"0006B397F6";06.07.2017;16:49:14;;-;-;;
1276;Trovan Unique;"0006B397F6";06.07.2017;16:49:15;;-;-;;
1277;Trovan Unique;"0006B397F6";06.07.2017;16:49:49;;-;-;;
1278;Trovan Unique;"0006B397F6";06.07.2017;16:49:50;;-;-;;
1279;Trovan Unique;"0006B397F6";06.07.2017;16:49:52;;-;-;;
1280;Trovan Unique;"0006B397F6";06.07.2017;16:49:53;;-;-;;
1281;Trovan Unique;"0006B397F6";06.07.2017;16:49:55;;-;-;;
1282;Trovan Unique;"0006B397F6";06.07.2017;16:49:56;;-;-;;
1283;Trovan Unique;"0006B397F6";06.07.2017;16:49:57;;-;-;;
1284;Trovan Unique;"0006B397F6";06.07.2017;16:49:58;;-;-;;
1285;Trovan Unique;"0006B397F6";06.07.2017;16:50:00;;-;-;;
1286;Trovan Unique;"0006B397F6";06.07.2017;16:50:02;;-;-;;
1287;Trovan Unique;"0006B397F6";06.07.2017;16:50:03;;-;-;;
1288;Trovan Unique;"0006B397F6";06.07.2017;16:50:04;;-;-;;
1289;Trovan Unique;"0006B397F6";06.07.2017;16:50:05;;-;-;;
1290;Trovan Unique;"0006B397F6";06.07.2017;16:50:07;;-;-;;
1291;Trovan Unique;"0006B397F6";06.07.2017;16:50:08;;-;-;;
1292;Trovan Unique;"0006B397F6";06.07.2017;16:50:10;;-;-;;
1293;Trovan Unique;"0006B397F6";06.07.2017;16:50:11;;-;-;;
1294;Trovan Unique;"0006B397F6";06.07.2017;16:50:12;;-;-;;
1295;Trovan Unique;"0006B397F6";06.07.2017;16:50:13;;-;-;;
1296;Trovan Unique;"0006B397F6";06.07.2017;16:50:14;;-;-;;
1297;Trovan Unique;"0006B397F6";06.07.2017;16:50:15;;-;-;;
1298;Trovan Unique;"0006B397F6";06.07.2017;16:50:16;;-;-;;
1299;Trovan Unique;"0006B397F6";06.07.2017;16:50:20;;-;-;;
1300;Trovan Unique;"0006B397F6";06.07.2017;16:50:21;;-;-;;
1301;Trovan Unique;"0006B397F6";06.07.2017;16:50:29;;-;-;;
1302;Trovan Unique;"0006B397F6";06.07.2017;16:50:30;;-;-;;
1303;Trovan Unique;"0006B397F6";06.07.2017;16:50:31;;-;-;;
1304;Trovan Unique;"0006B397F6";06.07.2017;16:50:32;;-;-;;
1305;Trovan Unique;"0006B397F6";06.07.2017;16:50:33;;-;-;;
1306;Trovan Unique;"0006B397F6";06.07.2017;16:50:34;;-;-;;
1307;Trovan Unique;"0006B397F6";06.07.2017;16:50:35;;-;-;;
1308;Trovan Unique;"0006B397F6";06.07.2017;16:50:36;;-;-;;
1309;Trovan Unique;"0006B397F6";06.07.2017;16:50:37;;-;-;;
1310;Trovan Unique;"0006B397F6";06.07.2017;16:50:38;;-;-;;
1311;Trovan Unique;"0006B397F6";06.07.2017;16:50:39;;-;-;;
1312;Trovan Unique;"0006B397F6";06.07.2017;16:50:40;;-;-;;
1313;Trovan Unique;"0006B397F6";06.07.2017;16:50:41;;-;-;;
1314;Trovan Unique;"0006B397F6";06.07.2017;16:50:42;;-;-;;
1315;Trovan Unique;"0006B397F6";06.07.2017;16:50:43;;-;-;;
1316;Trovan Unique;"0006B397F6";06.07.2017;16:50:44;;-;-;;
1317;Trovan Unique;"0006B397F6";06.07.2017;16:50:45;;-;-;;
1318;Trovan Unique;"0006B397F6";06.07.2017;16:50:46;;-;-;;
1319;Trovan Unique;"0006B397F6";06.07.2017;16:50:47;;-;-;;
1320;Trovan Unique;"0006B397F6";06.07.2017;16:50:48;;-;-;;
1321;Trovan Unique;"0006B397F6";06.07.2017;16:50:49;;-;-;;
1322;Trovan Unique;"0006B397F6";06.07.2017;16:50:50;;-;-;;
1323;Trovan Unique;"0006B397F6";06.07.2017;16:50:51;;-;-;;
1324;Trovan Unique;"0006B397F6";06.07.2017;16:50:52;;-;-;;
1325;Trovan Unique;"0006B397F6";06.07.2017;16:50:53;;-;-;;
1326;Trovan Unique;"0006B397F6";06.07.2017;16:50:54;;-;-;;
1327;Trovan Unique;"0006B397F6";06.07.2017;16:50:56;;-;-;;
1328;Trovan Unique;"0006B397F6";06.07.2017;16:50:57;;-;-;;
1329;Trovan Unique;"0006B397F6";06.07.2017;16:50:58;;-;-;;
1330;Trovan Unique;"0006B397F6";06.07.2017;16:50:59;;-;-;;
1331;Trovan Unique;"0006B397F6";06.07.2017;16:51:00;;-;-;;
1332;Trovan Unique;"0006B397F6";06.07.2017;16:51:01;;-;-;;
1333;Trovan Unique;"0006B397F6";06.07.2017;16:51:02;;-;-;;
1334;Trovan Unique;"0006B397F6";06.07.2017;16:51:03;;-;-;;
1335;Trovan Unique;"0006B397F6";06.07.2017;16:51:04;;-;-;;
1336;Trovan Unique;"0006B397F6";06.07.2017;16:51:05;;-;-;;
1337;Trovan Unique;"0006B397F6";06.07.2017;16:51:06;;-;-;;
1338;Trovan Unique;"0006B397F6";06.07.2017;16:51:07;;-;-;;
1339;Trovan Unique;"0006B397F6";06.07.2017;16:51:08;;-;-;;
1340;Trovan Unique;"0006B397F6";06.07.2017;16:51:09;;-;-;;
1341;Trovan Unique;"0006B397F6";06.07.2017;16:51:10;;-;-;;
1342;Trovan Unique;"0006B397F6";06.07.2017;16:51:11;;-;-;;
1343;Trovan Unique;"0006B397F6";06.07.2017;16:51:12;;-;-;;
1344;Trovan Unique;"0006B397F6";06.07.2017;16:51:13;;-;-;;
1345;Trovan Unique;"0006B397F6";06.07.2017;16:51:14;;-;-;;
1346;Trovan Unique;"0006B397F6";06.07.2017;16:51:15;;-;-;;
1347;Trovan Unique;"0006B397F6";06.07.2017;16:51:17;;-;-;;
1348;Trovan Unique;"0006B397F6";06.07.2017;16:51:18;;-;-;;
1349;Trovan Unique;"0006B397F6";06.07.2017;16:51:19;;-;-;;
1350;Trovan Unique;"0006B397F6";06.07.2017;16:51:20;;-;-;;
1351;Trovan Unique;"0006B397F6";06.07.2017;16:51:21;;-;-;;
1352;Trovan Unique;"0006B397F6";06.07.2017;16:51:22;;-;-;;
1353;Trovan Unique;"0006B397F6";06.07.2017;16:51:23;;-;-;;
1354;Trovan Unique;"0006B397F6";06.07.2017;16:51:24;;-;-;;
1355;Trovan Unique;"0006B397F6";06.07.2017;16:51:25;;-;-;;
1356;Trovan Unique;"0006B397F6";06.07.2017;16:51:26;;-;-;;
1357;Trovan Unique;"0006B397F6";06.07.2017;16:51:27;;-;-;;
1358;Trovan Unique;"0006B397F6";06.07.2017;16:51:28;;-;-;;
1359;Trovan Unique;"0006B397F6";06.07.2017;16:51:29;;-;-;;
1360;Trovan Unique;"0006B397F6";06.07.2017;16:51:30;;-;-;;
1361;Trovan Unique;"0006B397F6";06.07.2017;16:51:31;;-;-;;
1362;Trovan Unique;"0006B397F6";06.07.2017;16:51:32;;-;-;;
1363;Trovan Unique;"0006B397F6";06.07.2017;16:51:33;;-;-;;
1364;Trovan Unique;"0006B397F6";06.07.2017;16:51:34;;-;-;;
1365;Trovan Unique;"0006B397F6";06.07.2017;16:51:35;;-;-;;
1366;Trovan Unique;"0006B397F6";06.07.2017;16:51:36;;-;-;;
1367;Trovan Unique;"0006B397F6";06.07.2017;16:51:38;;-;-;;
1368;Trovan Unique;"0006B397F6";06.07.2017;16:51:39;;-;-;;
1369;Trovan Unique;"0006B397F6";06.07.2017;16:51:40;;-;-;;
1370;Trovan Unique;"0006B397F6";06.07.2017;16:51:41;;-;-;;
1371;Trovan Unique;"0006B397F6";06.07.2017;16:51:42;;-;-;;
1372;Trovan Unique;"0006B397F6";06.07.2017;16:51:43;;-;-;;
1373;Trovan Unique;"0006B397F6";06.07.2017;16:51:44;;-;-;;
1374;Trovan Unique;"0006B397F6";06.07.2017;16:51:45;;-;-;;
1375;Trovan Unique;"0006B397F6";06.07.2017;16:51:46;;-;-;;
1376;Trovan Unique;"0006B397F6";06.07.2017;16:51:47;;-;-;;
1377;Trovan Unique;"0006B397F6";06.07.2017;16:51:48;;-;-;;
1378;Trovan Unique;"0006B397F6";06.07.2017;16:51:49;;-;-;;
1379;Trovan Unique;"0006B397F6";06.07.2017;16:51:50;;-;-;;
1380;Trovan Unique;"0006B397F6";06.07.2017;16:51:51;;-;-;;
1381;Trovan Unique;"0006B397F6";06.07.2017;16:51:53;;-;-;;
1382;Trovan Unique;"0006B397F6";06.07.2017;16:51:54;;-;-;;
1383;Trovan Unique;"0006B397F6";06.07.2017;16:51:55;;-;-;;
1384;Trovan Unique;"0006B397F6";06.07.2017;16:51:56;;-;-;;
1385;Trovan Unique;"0006B397F6";06.07.2017;16:51:57;;-;-;;
1386;Trovan Unique;"0006B397F6";06.07.2017;16:51:58;;-;-;;
1387;Trovan Unique;"0006B397F6";06.07.2017;16:51:59;;-;-;;
1388;Trovan Unique;"0006B397F6";06.07.2017;16:52:00;;-;-;;
1389;Trovan Unique;"0006B397F6";06.07.2017;16:52:01;;-;-;;
1390;Trovan Unique;"0006B397F6";06.07.2017;16:52:02;;-;-;;
1391;Trovan Unique;"0006B397F6";06.07.2017;16:52:03;;-;-;;
1392;Trovan Unique;"0006B397F6";06.07.2017;16:52:04;;-;-;;
1393;Trovan Unique;"0006B397F6";06.07.2017;16:52:05;;-;-;;
1394;Trovan Unique;"0006B397F6";06.07.2017;16:52:06;;-;-;;
1395;Trovan Unique;"0006B397F6";06.07.2017;16:52:07;;-;-;;
1396;Trovan Unique;"0006B397F6";06.07.2017;16:52:08;;-;-;;
1397;Trovan Unique;"0006B397F6";06.07.2017;16:52:09;;-;-;;
1398;Trovan Unique;"0006B397F6";06.07.2017;16:52:10;;-;-;;
1399;Trovan Unique;"0006B397F6";06.07.2017;16:52:11;;-;-;;
1400;Trovan Unique;"0006B397F6";06.07.2017;16:52:12;;-;-;;
1401;Trovan Unique;"0006B397F6";06.07.2017;16:52:14;;-;-;;
1402;Trovan Unique;"0006B397F6";06.07.2017;16:52:15;;-;-;;
1403;Trovan Unique;"0006B397F6";06.07.2017;16:52:16;;-;-;;
1404;Trovan Unique;"0006B397F6";06.07.2017;16:52:17;;-;-;;
1405;Trovan Unique;"0006B397F6";06.07.2017;16:52:18;;-;-;;
1406;Trovan Unique;"0006B397F6";06.07.2017;16:52:19;;-;-;;
1407;Trovan Unique;"0006B397F6";06.07.2017;16:52:20;;-;-;;
1408;Trovan Unique;"0006B397F6";06.07.2017;16:52:21;;-;-;;
1409;Trovan Unique;"0006B397F6";06.07.2017;16:52:22;;-;-;;
1410;Trovan Unique;"0006B397F6";06.07.2017;16:52:23;;-;-;;
1411;Trovan Unique;"0006B397F6";06.07.2017;16:52:24;;-;-;;
1412;Trovan Unique;"0006B397F6";06.07.2017;16:52:25;;-;-;;
1413;Trovan Unique;"0006B397F6";06.07.2017;16:52:26;;-;-;;
1414;Trovan Unique;"0006B397F6";06.07.2017;16:52:27;;-;-;;
1415;Trovan Unique;"0006B397F6";06.07.2017;16:52:28;;-;-;;
1416;Trovan Unique;"0006B397F6";06.07.2017;16:52:29;;-;-;;
1417;Trovan Unique;"0006B397F6";06.07.2017;16:52:30;;-;-;;
1418;Trovan Unique;"0006B397F6";06.07.2017;16:52:31;;-;-;;
1419;Trovan Unique;"0006B397F6";06.07.2017;16:52:32;;-;-;;
1420;Trovan Unique;"0006B397F6";06.07.2017;16:52:33;;-;-;;
1421;Trovan Unique;"0006B397F6";06.07.2017;16:52:34;;-;-;;
1422;Trovan Unique;"0006B397F6";06.07.2017;16:52:35;;-;-;;
1423;Trovan Unique;"0006B397F6";06.07.2017;16:52:36;;-;-;;
1424;Trovan Unique;"0006B397F6";06.07.2017;16:52:37;;-;-;;
1425;Trovan Unique;"0006B397F6";06.07.2017;16:52:38;;-;-;;
1426;Trovan Unique;"0006B397F6";06.07.2017;16:52:39;;-;-;;
1427;Trovan Unique;"0006B397F6";06.07.2017;16:52:40;;-;-;;
1428;Trovan Unique;"0006B397F6";06.07.2017;16:52:41;;-;-;;
1429;Trovan Unique;"0006B397F6";06.07.2017;16:52:42;;-;-;;
1430;Trovan Unique;"0006B397F6";06.07.2017;16:52:43;;-;-;;
1431;Trovan Unique;"0006B397F6";06.07.2017;16:52:44;;-;-;;
1432;Trovan Unique;"0006B397F6";06.07.2017;16:52:45;;-;-;;
1433;Trovan Unique;"0006B397F6";06.07.2017;16:52:46;;-;-;;
1434;Trovan Unique;"0006B397F6";06.07.2017;16:52:47;;-;-;;
1435;Trovan Unique;"0006B397F6";06.07.2017;16:52:48;;-;-;;
1436;Trovan Unique;"0006B397F6";06.07.2017;16:52:49;;-;-;;
1437;Trovan Unique;"0006B397F6";06.07.2017;16:52:50;;-;-;;
1438;Trovan Unique;"0006B397F6";06.07.2017;16:52:51;;-;-;;
1439;Trovan Unique;"0006B397F6";06.07.2017;16:52:52;;-;-;;
1440;Trovan Unique;"0006B397F6";06.07.2017;16:52:53;;-;-;;
1441;Trovan Unique;"0006B397F6";06.07.2017;16:52:54;;-;-;;
1442;Trovan Unique;"0006B397F6";06.07.2017;16:52:55;;-;-;;
1443;Trovan Unique;"0006B397F6";06.07.2017;16:52:56;;-;-;;
1444;Trovan Unique;"0006B397F6";06.07.2017;16:52:57;;-;-;;
1445;Trovan Unique;"0006B397F6";06.07.2017;16:52:58;;-;-;;
1446;Trovan Unique;"0006B397F6";06.07.2017;16:52:59;;-;-;;
1447;Trovan Unique;"0006B397F6";06.07.2017;16:53:00;;-;-;;
1448;Trovan Unique;"0006B397F6";06.07.2017;16:53:01;;-;-;;
1449;Trovan Unique;"0006B397F6";06.07.2017;16:53:02;;-;-;;
1450;Trovan Unique;"0006B397F6";06.07.2017;16:53:03;;-;-;;
1451;Trovan Unique;"0006B397F6";06.07.2017;16:53:04;;-;-;;
1452;Trovan Unique;"0006B397F6";06.07.2017;16:53:05;;-;-;;
1453;Trovan Unique;"0006B397F6";06.07.2017;16:53:06;;-;-;;
1454;Trovan Unique;"0006B397F6";06.07.2017;16:53:07;;-;-;;
1455;Trovan Unique;"0006B397F6";06.07.2017;16:53:08;;-;-;;
1456;Trovan Unique;"0006B397F6";06.07.2017;16:53:09;;-;-;;
1457;Trovan Unique;"0006B397F6";06.07.2017;16:53:11;;-;-;;
1458;Trovan Unique;"0006B397F6";06.07.2017;16:53:12;;-;-;;
1459;Trovan Unique;"0006B397F6";06.07.2017;16:53:13;;-;-;;
1460;Trovan Unique;"0006B397F6";06.07.2017;16:53:14;;-;-;;
1461;Trovan Unique;"0006B397F6";06.07.2017;16:53:15;;-;-;;
1462;Trovan Unique;"0006B397F6";06.07.2017;16:53:16;;-;-;;
1463;Trovan Unique;"0006B397F6";06.07.2017;16:53:17;;-;-;;
1464;Trovan Unique;"0006B397F6";06.07.2017;16:53:18;;-;-;;
1465;Trovan Unique;"0006B397F6";06.07.2017;16:53:19;;-;-;;
1466;Trovan Unique;"0006B397F6";06.07.2017;16:53:20;;-;-;;
1467;Trovan Unique;"0006B397F6";06.07.2017;16:53:21;;-;-;;
1468;Trovan Unique;"0006B397F6";06.07.2017;16:53:22;;-;-;;
1469;Trovan Unique;"0006B397F6";06.07.2017;16:53:23;;-;-;;
1470;Trovan Unique;"0006B397F6";06.07.2017;16:53:24;;-;-;;
1471;Trovan Unique;"0006B397F6";06.07.2017;16:53:25;;-;-;;
1472;Trovan Unique;"0006B397F6";06.07.2017;16:53:26;;-;-;;
1473;Trovan Unique;"0006B397F6";06.07.2017;16:53:27;;-;-;;
1474;Trovan Unique;"0006B397F6";06.07.2017;16:53:28;;-;-;;
1475;Trovan Unique;"0006B397F6";06.07.2017;16:53:30;;-;-;;
1476;Trovan Unique;"0006B397F6";06.07.2017;16:53:30;;-;-;;
1477;Trovan Unique;"0006B397F6";06.07.2017;16:53:32;;-;-;;
1478;Trovan Unique;"0006B397F6";06.07.2017;16:53:33;;-;-;;
1479;Trovan Unique;"0006B397F6";06.07.2017;16:53:34;;-;-;;
1480;Trovan Unique;"0006B397F6";06.07.2017;16:53:35;;-;-;;
1481;Trovan Unique;"0006B397F6";06.07.2017;16:53:36;;-;-;;
1482;Trovan Unique;"0006B397F6";06.07.2017;16:53:37;;-;-;;
1483;Trovan Unique;"0006B397F6";06.07.2017;16:53:38;;-;-;;
1484;Trovan Unique;"0006B397F6";06.07.2017;16:53:39;;-;-;;
1485;Trovan Unique;"0006B397F6";06.07.2017;16:53:40;;-;-;;
1486;Trovan Unique;"0006B397F6";06.07.2017;16:53:41;;-;-;;
1487;Trovan Unique;"0006B397F6";06.07.2017;16:53:42;;-;-;;
1488;Trovan Unique;"0006B397F6";06.07.2017;16:53:43;;-;-;;
1489;Trovan Unique;"0006B397F6";06.07.2017;16:53:44;;-;-;;
1490;Trovan Unique;"0006B397F6";06.07.2017;16:53:45;;-;-;;
1491;Trovan Unique;"0006B397F6";06.07.2017;16:53:46;;-;-;;
1492;Trovan Unique;"0006B397F6";06.07.2017;16:53:47;;-;-;;
1493;Trovan Unique;"0006B397F6";06.07.2017;16:53:48;;-;-;;
1494;Trovan Unique;"0006B397F6";06.07.2017;16:53:49;;-;-;;
1495;Trovan Unique;"0006B397F6";06.07.2017;16:53:50;;-;-;;
1496;Trovan Unique;"0006B397F6";06.07.2017;16:53:51;;-;-;;
1497;Trovan Unique;"0006B397F6";06.07.2017;16:53:52;;-;-;;
1498;Trovan Unique;"0006B397F6";06.07.2017;16:53:53;;-;-;;
1499;Trovan Unique;"0006B397F6";06.07.2017;16:53:54;;-;-;;
1500;Trovan Unique;"0006B397F6";06.07.2017;16:53:55;;-;-;;
1501;Trovan Unique;"0006B397F6";06.07.2017;16:53:56;;-;-;;
1502;Trovan Unique;"0006B397F6";06.07.2017;16:53:57;;-;-;;
1503;Trovan Unique;"0006B397F6";06.07.2017;16:53:58;;-;-;;
1504;Trovan Unique;"0006B397F6";06.07.2017;16:53:59;;-;-;;
1505;Trovan Unique;"0006B397F6";06.07.2017;16:54:00;;-;-;;
1506;Trovan Unique;"0006B397F6";06.07.2017;16:54:01;;-;-;;
1507;Trovan Unique;"0006B397F6";06.07.2017;16:54:03;;-;-;;
1508;Trovan Unique;"0006B397F6";06.07.2017;16:54:04;;-;-;;
1509;Trovan Unique;"0006B397F6";06.07.2017;16:54:05;;-;-;;
1510;Trovan Unique;"0006B397F6";06.07.2017;16:54:06;;-;-;;
1511;Trovan Unique;"0006B397F6";06.07.2017;16:54:07;;-;-;;
1512;Trovan Unique;"0006B397F6";06.07.2017;16:54:08;;-;-;;
1513;Trovan Unique;"0006B397F6";06.07.2017;16:54:09;;-;-;;
1514;Trovan Unique;"0006B397F6";06.07.2017;16:54:10;;-;-;;
1515;Trovan Unique;"0006B397F6";06.07.2017;16:54:11;;-;-;;
1516;Trovan Unique;"0006B397F6";06.07.2017;16:54:12;;-;-;;
1517;Trovan Unique;"0006B397F6";06.07.2017;16:54:13;;-;-;;
1518;Trovan Unique;"0006B397F6";06.07.2017;16:54:14;;-;-;;
1519;Trovan Unique;"0006B397F6";06.07.2017;16:54:15;;-;-;;
1520;Trovan Unique;"0006B397F6";06.07.2017;16:54:16;;-;-;;
1521;Trovan Unique;"0006B397F6";06.07.2017;16:54:17;;-;-;;
1522;Trovan Unique;"0006B397F6";06.07.2017;16:54:18;;-;-;;
1523;Trovan Unique;"0006B397F6";06.07.2017;16:54:19;;-;-;;
1524;Trovan Unique;"0006B397F6";06.07.2017;16:54:20;;-;-;;
1525;Trovan Unique;"0006B397F6";06.07.2017;16:54:21;;-;-;;
1526;Trovan Unique;"0006B397F6";06.07.2017;16:54:22;;-;-;;
1527;Trovan Unique;"0006B397F6";06.07.2017;16:54:23;;-;-;;
1528;Trovan Unique;"0006B397F6";06.07.2017;16:54:24;;-;-;;
1529;Trovan Unique;"0006B397F6";06.07.2017;16:54:25;;-;-;;
1530;Trovan Unique;"0006B397F6";06.07.2017;16:54:26;;-;-;;
1531;Trovan Unique;"0006B397F6";06.07.2017;16:54:27;;-;-;;
1532;Trovan Unique;"0006B397F6";06.07.2017;16:54:28;;-;-;;
1533;Trovan Unique;"0006B397F6";06.07.2017;16:54:29;;-;-;;
1534;Trovan Unique;"0006B397F6";06.07.2017;16:54:30;;-;-;;
1535;Trovan Unique;"0006B397F6";06.07.2017;16:54:31;;-;-;;
1536;Trovan Unique;"0006B397F6";06.07.2017;16:54:32;;-;-;;
1537;Trovan Unique;"0006B397F6";06.07.2017;16:54:33;;-;-;;
1538;Trovan Unique;"0006B397F6";06.07.2017;16:54:34;;-;-;;
1539;Trovan Unique;"0006B397F6";06.07.2017;16:54:35;;-;-;;
1540;Trovan Unique;"0006B397F6";06.07.2017;16:54:36;;-;-;;
1541;Trovan Unique;"0006B397F6";06.07.2017;16:54:37;;-;-;;
1542;Trovan Unique;"0006B397F6";06.07.2017;16:54:38;;-;-;;
1543;Trovan Unique;"0006B397F6";06.07.2017;16:54:39;;-;-;;
1544;Trovan Unique;"0006B397F6";06.07.2017;16:54:40;;-;-;;
1545;Trovan Unique;"0006B397F6";06.07.2017;16:54:41;;-;-;;
1546;Trovan Unique;"0006B397F6";06.07.2017;16:54:42;;-;-;;
1547;Trovan Unique;"0006B397F6";06.07.2017;16:54:43;;-;-;;
1548;Trovan Unique;"0006B397F6";06.07.2017;16:54:44;;-;-;;
1549;Trovan Unique;"0006B397F6";06.07.2017;16:54:45;;-;-;;
1550;Trovan Unique;"0006B397F6";06.07.2017;16:54:46;;-;-;;
1551;Trovan Unique;"0006B397F6";06.07.2017;16:54:47;;-;-;;
1552;Trovan Unique;"0006B397F6";06.07.2017;16:54:48;;-;-;;
1553;Trovan Unique;"0006B397F6";06.07.2017;16:54:49;;-;-;;
1554;Trovan Unique;"0006B397F6";06.07.2017;16:54:50;;-;-;;
1555;Trovan Unique;"0006B397F6";06.07.2017;16:54:51;;-;-;;
1556;Trovan Unique;"0006B397F6";06.07.2017;16:54:52;;-;-;;
1557;Trovan Unique;"0006B397F6";06.07.2017;16:54:54;;-;-;;
1558;Trovan Unique;"0006B397F6";06.07.2017;16:54:55;;-;-;;
1559;Trovan Unique;"0006B397F6";06.07.2017;16:54:56;;-;-;;
1560;Trovan Unique;"0006B397F6";06.07.2017;16:54:57;;-;-;;
1561;Trovan Unique;"0006B397F6";06.07.2017;16:54:58;;-;-;;
1562;Trovan Unique;"0006B397F6";06.07.2017;16:54:59;;-;-;;
1563;Trovan Unique;"0006B397F6";06.07.2017;16:55:00;;-;-;;
1564;Trovan Unique;"0006B397F6";06.07.2017;16:55:01;;-;-;;
1565;Trovan Unique;"0006B397F6";06.07.2017;16:55:02;;-;-;;
1566;Trovan Unique;"0006B397F6";06.07.2017;16:55:03;;-;-;;
1567;Trovan Unique;"0006B397F6";06.07.2017;16:55:04;;-;-;;
1568;Trovan Unique;"0006B397F6";06.07.2017;16:55:05;;-;-;;
1569;Trovan Unique;"0006B397F6";06.07.2017;16:55:06;;-;-;;
1570;Trovan Unique;"0006B397F6";06.07.2017;16:55:07;;-;-;;
1571;Trovan Unique;"0006B397F6";06.07.2017;16:55:08;;-;-;;
1572;Trovan Unique;"0006B397F6";06.07.2017;16:55:09;;-;-;;
1573;Trovan Unique;"0006B397F6";06.07.2017;16:55:10;;-;-;;
1574;Trovan Unique;"0006B397F6";06.07.2017;16:55:11;;-;-;;
1575;Trovan Unique;"0006B397F6";06.07.2017;16:55:12;;-;-;;
1576;Trovan Unique;"0006B397F6";06.07.2017;16:55:13;;-;-;;
1577;Trovan Unique;"0006B397F6";06.07.2017;16:55:14;;-;-;;
1578;Trovan Unique;"0006B397F6";06.07.2017;16:55:15;;-;-;;
1579;Trovan Unique;"0006B397F6";06.07.2017;16:55:16;;-;-;;
1580;Trovan Unique;"0006B397F6";06.07.2017;16:55:17;;-;-;;
1581;Trovan Unique;"0006B397F6";06.07.2017;16:55:18;;-;-;;
1582;Trovan Unique;"0006B397F6";06.07.2017;16:55:19;;-;-;;
1583;Trovan Unique;"0006B397F6";06.07.2017;16:55:20;;-;-;;
1584;Trovan Unique;"0006B397F6";06.07.2017;16:55:21;;-;-;;
1585;Trovan Unique;"0006B397F6";06.07.2017;16:55:22;;-;-;;
1586;Trovan Unique;"0006B397F6";06.07.2017;16:55:23;;-;-;;
1587;Trovan Unique;"0006B397F6";06.07.2017;16:55:24;;-;-;;
1588;Trovan Unique;"0006B397F6";06.07.2017;16:55:25;;-;-;;
1589;Trovan Unique;"0006B397F6";06.07.2017;16:55:26;;-;-;;
1590;Trovan Unique;"0006B397F6";06.07.2017;16:55:27;;-;-;;
1591;Trovan Unique;"0006B397F6";06.07.2017;16:55:28;;-;-;;
1592;Trovan Unique;"0006B397F6";06.07.2017;16:55:29;;-;-;;
1593;Trovan Unique;"0006B397F6";06.07.2017;16:55:30;;-;-;;
1594;Trovan Unique;"0006B397F6";06.07.2017;16:55:31;;-;-;;
1595;Trovan Unique;"0006B397F6";06.07.2017;16:55:32;;-;-;;
1596;Trovan Unique;"0006B397F6";06.07.2017;16:55:33;;-;-;;
1597;Trovan Unique;"0006B397F6";06.07.2017;16:55:34;;-;-;;
1598;Trovan Unique;"0006B397F6";06.07.2017;16:55:35;;-;-;;
1599;Trovan Unique;"0006B397F6";06.07.2017;16:55:36;;-;-;;
1600;Trovan Unique;"0006B397F6";06.07.2017;16:55:37;;-;-;;
1601;Trovan Unique;"0006B397F6";06.07.2017;16:55:38;;-;-;;
1602;Trovan Unique;"0006B397F6";06.07.2017;16:55:39;;-;-;;
1603;Trovan Unique;"0006B397F6";06.07.2017;16:55:40;;-;-;;
1604;Trovan Unique;"0006B397F6";06.07.2017;16:55:42;;-;-;;
1605;Trovan Unique;"0006B397F6";06.07.2017;16:55:43;;-;-;;
1606;Trovan Unique;"0006B397F6";06.07.2017;16:55:44;;-;-;;
1607;Trovan Unique;"0006B397F6";06.07.2017;16:55:45;;-;-;;
1608;Trovan Unique;"0006B397F6";06.07.2017;16:55:46;;-;-;;
1609;Trovan Unique;"0006B397F6";06.07.2017;16:55:47;;-;-;;
1610;Trovan Unique;"0006B397F6";06.07.2017;16:55:48;;-;-;;
1611;Trovan Unique;"0006B397F6";06.07.2017;16:55:49;;-;-;;
1612;Trovan Unique;"0006B397F6";06.07.2017;16:55:50;;-;-;;
1613;Trovan Unique;"0006B397F6";06.07.2017;16:55:51;;-;-;;
1614;Trovan Unique;"0006B397F6";06.07.2017;16:55:52;;-;-;;
1615;Trovan Unique;"0006B397F6";06.07.2017;16:55:53;;-;-;;
1616;Trovan Unique;"0006B397F6";06.07.2017;16:55:54;;-;-;;
1617;Trovan Unique;"0006B397F6";06.07.2017;16:55:55;;-;-;;
1618;Trovan Unique;"0006B397F6";06.07.2017;16:55:56;;-;-;;
1619;Trovan Unique;"0006B397F6";06.07.2017;16:55:57;;-;-;;
1620;Trovan Unique;"0006B397F6";06.07.2017;16:55:58;;-;-;;
1621;Trovan Unique;"0006B397F6";06.07.2017;16:55:59;;-;-;;
1622;Trovan Unique;"0006B397F6";06.07.2017;16:56:00;;-;-;;
1623;Trovan Unique;"0006B397F6";06.07.2017;16:56:01;;-;-;;
1624;Trovan Unique;"0006B397F6";06.07.2017;16:56:02;;-;-;;
1625;Trovan Unique;"0006B397F6";06.07.2017;16:56:03;;-;-;;
1626;Trovan Unique;"0006B397F6";06.07.2017;16:56:04;;-;-;;
1627;Trovan Unique;"0006B397F6";06.07.2017;16:56:05;;-;-;;
1628;Trovan Unique;"0006B397F6";06.07.2017;16:56:06;;-;-;;
1629;Trovan Unique;"0006B397F6";06.07.2017;16:56:07;;-;-;;
1630;Trovan Unique;"0006B397F6";06.07.2017;16:56:08;;-;-;;
1631;Trovan Unique;"0006B397F6";06.07.2017;16:56:09;;-;-;;
1632;Trovan Unique;"0006B397F6";06.07.2017;16:56:10;;-;-;;
1633;Trovan Unique;"0006B397F6";06.07.2017;16:56:11;;-;-;;
1634;Trovan Unique;"0006B397F6";06.07.2017;16:56:12;;-;-;;
1635;Trovan Unique;"0006B397F6";06.07.2017;16:56:13;;-;-;;
1636;Trovan Unique;"0006B397F6";06.07.2017;16:56:14;;-;-;;
1637;Trovan Unique;"0006B397F6";06.07.2017;16:56:15;;-;-;;
1638;Trovan Unique;"0006B397F6";06.07.2017;16:56:16;;-;-;;
1639;Trovan Unique;"0006B397F6";06.07.2017;16:56:17;;-;-;;
1640;Trovan Unique;"0006B397F6";06.07.2017;16:56:18;;-;-;;
1641;Trovan Unique;"0006B397F6";06.07.2017;16:56:19;;-;-;;
1642;Trovan Unique;"0006B397F6";06.07.2017;16:56:20;;-;-;;
1643;Trovan Unique;"0006B397F6";06.07.2017;16:56:21;;-;-;;
1644;Trovan Unique;"0006B397F6";06.07.2017;16:56:22;;-;-;;
1645;Trovan Unique;"0006B397F6";06.07.2017;16:56:23;;-;-;;
1646;Trovan Unique;"0006B397F6";06.07.2017;16:56:24;;-;-;;
1647;Trovan Unique;"0006B397F6";06.07.2017;16:56:26;;-;-;;
1648;Trovan Unique;"0006B397F6";06.07.2017;16:56:27;;-;-;;
1649;Trovan Unique;"0006B397F6";06.07.2017;16:56:28;;-;-;;
1650;Trovan Unique;"0006B397F6";06.07.2017;16:56:29;;-;-;;
1651;Trovan Unique;"0006B397F6";06.07.2017;16:56:30;;-;-;;
1652;Trovan Unique;"0006B397F6";06.07.2017;16:56:31;;-;-;;
1653;Trovan Unique;"0006B397F6";06.07.2017;16:56:32;;-;-;;
1654;Trovan Unique;"0006B397F6";06.07.2017;16:56:33;;-;-;;
1655;Trovan Unique;"0006B397F6";06.07.2017;16:56:34;;-;-;;
1656;Trovan Unique;"0006B397F6";06.07.2017;16:56:35;;-;-;;
1657;Trovan Unique;"0006B397F6";06.07.2017;16:56:36;;-;-;;
1658;Trovan Unique;"0006B397F6";06.07.2017;16:56:37;;-;-;;
1659;Trovan Unique;"0006B397F6";06.07.2017;16:56:38;;-;-;;
1660;Trovan Unique;"0006B397F6";06.07.2017;16:56:39;;-;-;;
1661;Trovan Unique;"0006B397F6";06.07.2017;16:56:40;;-;-;;
1662;Trovan Unique;"0006B397F6";06.07.2017;16:56:41;;-;-;;
1663;Trovan Unique;"0006B397F6";06.07.2017;16:56:42;;-;-;;
1664;Trovan Unique;"0006B397F6";06.07.2017;16:56:43;;-;-;;
1665;Trovan Unique;"0006B397F6";06.07.2017;16:56:44;;-;-;;
1666;Trovan Unique;"0006B397F6";06.07.2017;16:56:45;;-;-;;
1667;Trovan Unique;"0006B397F6";06.07.2017;16:56:46;;-;-;;
1668;Trovan Unique;"0006B397F6";06.07.2017;16:56:47;;-;-;;
1669;Trovan Unique;"0006B397F6";06.07.2017;16:56:48;;-;-;;
1670;Trovan Unique;"0006B397F6";06.07.2017;16:56:49;;-;-;;
1671;Trovan Unique;"0006B397F6";06.07.2017;16:56:50;;-;-;;
1672;Trovan Unique;"0006B397F6";06.07.2017;16:56:51;;-;-;;
1673;Trovan Unique;"0006B397F6";06.07.2017;16:56:52;;-;-;;
1674;Trovan Unique;"0006B397F6";06.07.2017;16:56:53;;-;-;;
1675;Trovan Unique;"0006B397F6";06.07.2017;16:56:54;;-;-;;
1676;Trovan Unique;"0006B397F6";06.07.2017;16:56:55;;-;-;;
1677;Trovan Unique;"0006B397F6";06.07.2017;16:56:56;;-;-;;
1678;Trovan Unique;"0006B397F6";06.07.2017;16:56:57;;-;-;;
1679;Trovan Unique;"0006B397F6";06.07.2017;16:56:58;;-;-;;
1680;Trovan Unique;"0006B397F6";06.07.2017;16:56:59;;-;-;;
1681;Trovan Unique;"0006B397F6";06.07.2017;16:57:00;;-;-;;
1682;Trovan Unique;"0006B397F6";06.07.2017;16:57:01;;-;-;;
1683;Trovan Unique;"0006B397F6";06.07.2017;16:57:03;;-;-;;
1684;Trovan Unique;"0006B397F6";06.07.2017;16:57:05;;-;-;;
1685;Trovan Unique;"0006B397F6";06.07.2017;16:57:06;;-;-;;
1686;Trovan Unique;"0006B397F6";06.07.2017;16:57:07;;-;-;;
1687;Trovan Unique;"0006B397F6";06.07.2017;16:57:08;;-;-;;
1688;Trovan Unique;"0006B397F6";06.07.2017;16:57:09;;-;-;;
1689;Trovan Unique;"0006B397F6";06.07.2017;16:57:10;;-;-;;
1690;Trovan Unique;"0006B397F6";06.07.2017;16:57:11;;-;-;;
1691;Trovan Unique;"0006B397F6";06.07.2017;16:57:12;;-;-;;
1692;Trovan Unique;"0006B397F6";06.07.2017;16:57:13;;-;-;;
1693;Trovan Unique;"0006B397F6";06.07.2017;16:57:14;;-;-;;
1694;Trovan Unique;"0006B397F6";06.07.2017;16:57:15;;-;-;;
1695;Trovan Unique;"0006B397F6";06.07.2017;16:57:16;;-;-;;
1696;Trovan Unique;"0006B397F6";06.07.2017;16:57:17;;-;-;;
1697;Trovan Unique;"0006B397F6";06.07.2017;16:57:18;;-;-;;
1698;Trovan Unique;"0006B397F6";06.07.2017;16:57:19;;-;-;;
1699;Trovan Unique;"0006B397F6";06.07.2017;16:57:20;;-;-;;
1700;Trovan Unique;"0006B397F6";06.07.2017;16:57:21;;-;-;;
1701;Trovan Unique;"0006B397F6";06.07.2017;16:57:22;;-;-;;
1702;Trovan Unique;"0006B397F6";06.07.2017;16:57:23;;-;-;;
1703;Trovan Unique;"0006B397F6";06.07.2017;16:57:24;;-;-;;
1704;Trovan Unique;"0006B397F6";06.07.2017;16:57:25;;-;-;;
1705;Trovan Unique;"0006B397F6";06.07.2017;16:57:26;;-;-;;
1706;Trovan Unique;"0006B397F6";06.07.2017;16:57:27;;-;-;;
1707;Trovan Unique;"0006B397F6";06.07.2017;16:57:28;;-;-;;
1708;Trovan Unique;"0006B397F6";06.07.2017;16:57:29;;-;-;;
1709;Trovan Unique;"0006B397F6";06.07.2017;16:57:30;;-;-;;
1710;Trovan Unique;"0006B397F6";06.07.2017;16:57:32;;-;-;;
1711;Trovan Unique;"0006B397F6";06.07.2017;16:57:33;;-;-;;
1712;Trovan Unique;"0006B397F6";06.07.2017;16:57:34;;-;-;;
1713;Trovan Unique;"0006B397F6";06.07.2017;16:57:35;;-;-;;
1714;Trovan Unique;"0006B397F6";06.07.2017;16:57:36;;-;-;;
1715;Trovan Unique;"0006B397F6";06.07.2017;16:57:37;;-;-;;
1716;Trovan Unique;"0006B397F6";06.07.2017;16:57:38;;-;-;;
1717;Trovan Unique;"0006B397F6";06.07.2017;16:57:39;;-;-;;
1718;Trovan Unique;"0006B397F6";06.07.2017;16:57:40;;-;-;;
1719;Trovan Unique;"0006B397F6";06.07.2017;16:57:41;;-;-;;
1720;Trovan Unique;"0006B397F6";06.07.2017;16:57:42;;-;-;;
1721;Trovan Unique;"0006B397F6";06.07.2017;16:57:43;;-;-;;
1722;Trovan Unique;"0006B397F6";06.07.2017;16:57:44;;-;-;;
1723;Trovan Unique;"0006B397F6";06.07.2017;16:57:45;;-;-;;
1724;Trovan Unique;"0006B397F6";06.07.2017;16:57:46;;-;-;;
1725;Trovan Unique;"0006B397F6";06.07.2017;16:57:46;;-;-;;
1726;Trovan Unique;"0006B397F6";06.07.2017;16:57:47;;-;-;;
1727;Trovan Unique;"0006B397F6";06.07.2017;16:57:48;;-;-;;
1728;Trovan Unique;"0006B397F6";06.07.2017;16:57:49;;-;-;;
1729;Trovan Unique;"0006B397F6";06.07.2017;16:57:50;;-;-;;
1730;Trovan Unique;"0006B397F6";06.07.2017;16:57:51;;-;-;;
1731;Trovan Unique;"0006B397F6";06.07.2017;16:57:52;;-;-;;
1732;Trovan Unique;"0006B397F6";06.07.2017;16:57:53;;-;-;;
1733;Trovan Unique;"0006B397F6";06.07.2017;16:57:54;;-;-;;
1734;Trovan Unique;"0006B397F6";06.07.2017;16:57:55;;-;-;;
1735;Trovan Unique;"0006B397F6";06.07.2017;16:57:56;;-;-;;
1736;Trovan Unique;"0006B397F6";06.07.2017;16:57:57;;-;-;;
1737;Trovan Unique;"0006B397F6";06.07.2017;16:57:58;;-;-;;
1738;Trovan Unique;"0006B397F6";06.07.2017;16:57:59;;-;-;;
1739;Trovan Unique;"0006B397F6";06.07.2017;16:58:00;;-;-;;
1740;Trovan Unique;"0006B397F6";06.07.2017;16:58:01;;-;-;;
1741;Trovan Unique;"0006B397F6";06.07.2017;16:58:02;;-;-;;
1742;Trovan Unique;"0006B397F6";06.07.2017;16:58:03;;-;-;;
1743;Trovan Unique;"0006B397F6";06.07.2017;16:58:04;;-;-;;
1744;Trovan Unique;"0006B397F6";06.07.2017;16:58:05;;-;-;;
1745;Trovan Unique;"0006B397F6";06.07.2017;16:58:06;;-;-;;
1746;Trovan Unique;"0006B397F6";06.07.2017;16:58:07;;-;-;;
1747;Trovan Unique;"0006B397F6";06.07.2017;16:58:09;;-;-;;
1748;Trovan Unique;"0006B397F6";06.07.2017;16:58:11;;-;-;;
1749;Trovan Unique;"0006B397F6";06.07.2017;16:58:21;;-;-;;
1750;Trovan Unique;"0006B397F6";06.07.2017;16:58:22;;-;-;;
1751;Trovan Unique;"0006B397F6";06.07.2017;16:58:23;;-;-;;
1752;Trovan Unique;"0006B397F6";06.07.2017;16:58:24;;-;-;;
1753;Trovan Unique;"0006B397F6";06.07.2017;16:58:25;;-;-;;
1754;Trovan Unique;"0006B397F6";06.07.2017;16:58:26;;-;-;;
1755;Trovan Unique;"0006B397F6";06.07.2017;16:58:27;;-;-;;
1756;Trovan Unique;"0006B397F6";06.07.2017;16:58:28;;-;-;;
1757;Trovan Unique;"0006B397F6";06.07.2017;16:58:29;;-;-;;
1758;Trovan Unique;"0006B397F6";06.07.2017;16:58:30;;-;-;;
1759;Trovan Unique;"0006B397F6";06.07.2017;16:58:31;;-;-;;
1760;Trovan Unique;"0006B397F6";06.07.2017;16:58:32;;-;-;;
1761;Trovan Unique;"0006B397F6";06.07.2017;16:58:33;;-;-;;
1762;Trovan Unique;"0006B397F6";06.07.2017;16:58:34;;-;-;;
1763;Trovan Unique;"0006B397F6";06.07.2017;16:58:35;;-;-;;
1764;Trovan Unique;"0006B397F6";06.07.2017;16:58:36;;-;-;;
1765;Trovan Unique;"0006B397F6";06.07.2017;16:58:37;;-;-;;
1766;Trovan Unique;"0006B397F6";06.07.2017;16:58:38;;-;-;;
1767;Trovan Unique;"0006B397F6";06.07.2017;16:58:39;;-;-;;
1768;Trovan Unique;"0006B397F6";06.07.2017;16:58:40;;-;-;;
1769;Trovan Unique;"0006B397F6";06.07.2017;16:58:41;;-;-;;
1770;Trovan Unique;"0006B397F6";06.07.2017;16:58:42;;-;-;;
1771;Trovan Unique;"0006B397F6";06.07.2017;16:58:43;;-;-;;
1772;Trovan Unique;"0006B397F6";06.07.2017;16:58:44;;-;-;;
1773;Trovan Unique;"0006B397F6";06.07.2017;16:58:45;;-;-;;
1774;Trovan Unique;"0006B397F6";06.07.2017;16:58:46;;-;-;;
1775;Trovan Unique;"0006B397F6";06.07.2017;16:58:47;;-;-;;
1776;Trovan Unique;"0006B397F6";06.07.2017;16:58:48;;-;-;;
1777;Trovan Unique;"0006B397F6";06.07.2017;16:58:49;;-;-;;
1778;Trovan Unique;"0006B397F6";06.07.2017;16:58:51;;-;-;;
1779;Trovan Unique;"0006B397F6";06.07.2017;16:58:52;;-;-;;
1780;Trovan Unique;"0006B397F6";06.07.2017;16:58:53;;-;-;;
1781;Trovan Unique;"0006B397F6";06.07.2017;16:58:53;;-;-;;
1782;Trovan Unique;"0006B397F6";06.07.2017;16:58:54;;-;-;;
1783;Trovan Unique;"0006B397F6";06.07.2017;16:58:55;;-;-;;
1784;Trovan Unique;"0006B397F6";06.07.2017;16:58:56;;-;-;;
1785;Trovan Unique;"0006B397F6";06.07.2017;16:58:57;;-;-;;
1786;Trovan Unique;"0006B397F6";06.07.2017;16:58:58;;-;-;;
1787;Trovan Unique;"0006B397F6";06.07.2017;16:58:59;;-;-;;
1788;Trovan Unique;"0006B397F6";06.07.2017;16:59:00;;-;-;;
1789;Trovan Unique;"0006B397F6";06.07.2017;16:59:02;;-;-;;
1790;Trovan Unique;"0006B397F6";06.07.2017;16:59:02;;-;-;;
1791;Trovan Unique;"0006B397F6";06.07.2017;16:59:03;;-;-;;
1792;Trovan Unique;"0006B397F6";06.07.2017;16:59:04;;-;-;;
1793;Trovan Unique;"0006B397F6";06.07.2017;16:59:06;;-;-;;
1794;Trovan Unique;"0006B397F6";06.07.2017;16:59:07;;-;-;;
1795;Trovan Unique;"0006B397F6";06.07.2017;16:59:08;;-;-;;
1796;Trovan Unique;"0006B397F6";06.07.2017;16:59:09;;-;-;;
1797;Trovan Unique;"0006B397F6";06.07.2017;16:59:10;;-;-;;
1798;Trovan Unique;"0006B397F6";06.07.2017;16:59:11;;-;-;;
1799;Trovan Unique;"0006B397F6";06.07.2017;16:59:12;;-;-;;
1800;Trovan Unique;"0006B397F6";06.07.2017;16:59:13;;-;-;;
1801;Trovan Unique;"0006B397F6";06.07.2017;16:59:14;;-;-;;
1802;Trovan Unique;"0006B397F6";06.07.2017;16:59:15;;-;-;;
1803;Trovan Unique;"0006B397F6";06.07.2017;16:59:16;;-;-;;
1804;Trovan Unique;"0006B397F6";06.07.2017;16:59:17;;-;-;;
1805;Trovan Unique;"0006B397F6";06.07.2017;16:59:18;;-;-;;
1806;Trovan Unique;"0006B397F6";06.07.2017;16:59:19;;-;-;;
1807;Trovan Unique;"0006B397F6";06.07.2017;16:59:20;;-;-;;
1808;Trovan Unique;"0006B397F6";06.07.2017;16:59:21;;-;-;;
1809;Trovan Unique;"0006B397F6";06.07.2017;16:59:23;;-;-;;
1810;Trovan Unique;"0006B397F6";06.07.2017;16:59:24;;-;-;;
1811;Trovan Unique;"0006B397F6";06.07.2017;16:59:25;;-;-;;
1812;Trovan Unique;"0006B397F6";06.07.2017;16:59:26;;-;-;;
1813;Trovan Unique;"0006B397F6";06.07.2017;16:59:27;;-;-;;
1814;Trovan Unique;"0006B397F6";06.07.2017;16:59:28;;-;-;;
1815;Trovan Unique;"0006B397F6";06.07.2017;16:59:29;;-;-;;
1816;Trovan Unique;"0006B397F6";06.07.2017;16:59:30;;-;-;;
1817;Trovan Unique;"0006B397F6";06.07.2017;16:59:31;;-;-;;
1818;Trovan Unique;"0006B397F6";06.07.2017;16:59:32;;-;-;;
1819;Trovan Unique;"0006B397F6";06.07.2017;16:59:45;;-;-;;
1820;Trovan Unique;"0006B397F6";06.07.2017;16:59:46;;-;-;;
1821;Trovan Unique;"0006B397F6";06.07.2017;16:59:47;;-;-;;
1822;Trovan Unique;"0006B397F6";06.07.2017;16:59:48;;-;-;;
1823;Trovan Unique;"0006B397F6";06.07.2017;16:59:49;;-;-;;
1824;Trovan Unique;"0006B397F6";06.07.2017;16:59:50;;-;-;;
1825;Trovan Unique;"0006B397F6";06.07.2017;16:59:51;;-;-;;
1826;Trovan Unique;"0006B397F6";06.07.2017;16:59:52;;-;-;;
1827;Trovan Unique;"0006B397F6";06.07.2017;16:59:53;;-;-;;
1828;Trovan Unique;"0006B397F6";06.07.2017;16:59:54;;-;-;;
1829;Trovan Unique;"0006B397F6";06.07.2017;16:59:55;;-;-;;
1830;Trovan Unique;"0006B397F6";06.07.2017;16:59:56;;-;-;;
1831;Trovan Unique;"0006B397F6";06.07.2017;16:59:58;;-;-;;
1832;Trovan Unique;"0006B397F6";06.07.2017;16:59:59;;-;-;;
1833;Trovan Unique;"0006B397F6";06.07.2017;17:00:00;;-;-;;
1834;Trovan Unique;"0006B397F6";06.07.2017;17:00:01;;-;-;;
1835;Trovan Unique;"0006B397F6";06.07.2017;17:00:02;;-;-;;
1836;Trovan Unique;"0006B397F6";06.07.2017;17:00:03;;-;-;;
1837;Trovan Unique;"0006B397F6";06.07.2017;17:00:04;;-;-;;
1838;Trovan Unique;"0006B397F6";06.07.2017;17:00:05;;-;-;;
1839;Trovan Unique;"0006B397F6";06.07.2017;17:00:06;;-;-;;
1840;Trovan Unique;"0006B397F6";06.07.2017;17:00:07;;-;-;;
1841;Trovan Unique;"0006B397F6";06.07.2017;17:00:08;;-;-;;
1842;Trovan Unique;"0006B397F6";06.07.2017;17:00:09;;-;-;;
1843;Trovan Unique;"0006B397F6";06.07.2017;17:00:10;;-;-;;
1844;Trovan Unique;"0006B397F6";06.07.2017;17:00:11;;-;-;;
1845;Trovan Unique;"0006B397F6";06.07.2017;17:00:12;;-;-;;
1846;Trovan Unique;"0006B397F6";06.07.2017;17:00:13;;-;-;;
1847;Trovan Unique;"0006B397F6";06.07.2017;17:00:14;;-;-;;
1848;Trovan Unique;"0006B397F6";06.07.2017;17:00:15;;-;-;;
1849;Trovan Unique;"0006B397F6";06.07.2017;17:00:16;;-;-;;
1850;Trovan Unique;"0006B397F6";06.07.2017;17:00:17;;-;-;;
1851;Trovan Unique;"0006B397F6";06.07.2017;17:00:18;;-;-;;
1852;Trovan Unique;"0006B397F6";06.07.2017;17:00:19;;-;-;;
1853;Trovan Unique;"0006B397F6";06.07.2017;17:00:20;;-;-;;
1854;Trovan Unique;"0006B397F6";06.07.2017;17:00:22;;-;-;;
1855;Trovan Unique;"0006B397F6";06.07.2017;17:00:23;;-;-;;
1856;Trovan Unique;"0006B397F6";06.07.2017;17:00:24;;-;-;;
1857;Trovan Unique;"0006B397F6";06.07.2017;17:00:25;;-;-;;
1858;Trovan Unique;"0006B397F6";06.07.2017;17:00:26;;-;-;;
1859;Trovan Unique;"0006B397F6";06.07.2017;17:00:27;;-;-;;
1860;Trovan Unique;"0006B397F6";06.07.2017;17:00:28;;-;-;;
1861;Trovan Unique;"0006B397F6";06.07.2017;17:00:29;;-;-;;
1862;Trovan Unique;"0006B397F6";06.07.2017;17:00:30;;-;-;;
1863;Trovan Unique;"0006B397F6";06.07.2017;17:00:31;;-;-;;
1864;Trovan Unique;"0006B397F6";06.07.2017;17:00:32;;-;-;;
1865;Trovan Unique;"0006B397F6";06.07.2017;17:00:33;;-;-;;
1866;Trovan Unique;"0006B397F6";06.07.2017;17:00:34;;-;-;;
1867;Trovan Unique;"0006B397F6";06.07.2017;17:00:35;;-;-;;
1868;Trovan Unique;"0006B397F6";06.07.2017;17:00:36;;-;-;;
1869;Trovan Unique;"0006B397F6";06.07.2017;17:00:37;;-;-;;
1870;Trovan Unique;"0006B397F6";06.07.2017;17:00:38;;-;-;;
1871;Trovan Unique;"0006B397F6";06.07.2017;17:00:39;;-;-;;
1872;Trovan Unique;"0006B397F6";06.07.2017;17:00:40;;-;-;;
1873;Trovan Unique;"0006B397F6";06.07.2017;17:00:41;;-;-;;
1874;Trovan Unique;"0006B397F6";06.07.2017;17:00:42;;-;-;;
1875;Trovan Unique;"0006B397F6";06.07.2017;17:00:43;;-;-;;
1876;Trovan Unique;"0006B397F6";06.07.2017;17:00:44;;-;-;;
1877;Trovan Unique;"0006B397F6";06.07.2017;17:00:45;;-;-;;
1878;Trovan Unique;"0006B397F6";06.07.2017;17:00:46;;-;-;;
1879;Trovan Unique;"0006B397F6";06.07.2017;17:00:47;;-;-;;
1880;Trovan Unique;"0006B397F6";06.07.2017;17:00:48;;-;-;;
1881;Trovan Unique;"0006B397F6";06.07.2017;17:00:49;;-;-;;
1882;Trovan Unique;"0006B397F6";06.07.2017;17:00:50;;-;-;;
1883;Trovan Unique;"0006B397F6";06.07.2017;17:00:51;;-;-;;
1884;Trovan Unique;"0006B397F6";06.07.2017;17:00:52;;-;-;;
1885;Trovan Unique;"0006B397F6";06.07.2017;17:00:53;;-;-;;
1886;Trovan Unique;"0006B397F6";06.07.2017;17:00:54;;-;-;;
1887;Trovan Unique;"0006B397F6";06.07.2017;17:00:55;;-;-;;
1888;Trovan Unique;"0006B397F6";06.07.2017;17:00:58;;-;-;;
1889;Trovan Unique;"0006B397F6";06.07.2017;17:01:00;;-;-;;
1890;Trovan Unique;"0006B397F6";06.07.2017;17:01:01;;-;-;;
1891;Trovan Unique;"0006B397F6";06.07.2017;17:01:02;;-;-;;
1892;Trovan Unique;"0006B397F6";06.07.2017;17:01:03;;-;-;;
1893;Trovan Unique;"0006B397F6";06.07.2017;17:01:04;;-;-;;
1894;Trovan Unique;"0006B397F6";06.07.2017;17:01:05;;-;-;;
1895;Trovan Unique;"0006B397F6";06.07.2017;17:01:06;;-;-;;
1896;Trovan Unique;"0006B397F6";06.07.2017;17:01:07;;-;-;;
1897;Trovan Unique;"0006B397F6";06.07.2017;17:01:08;;-;-;;
1898;Trovan Unique;"0006B397F6";06.07.2017;17:01:09;;-;-;;
1899;Trovan Unique;"0006B397F6";06.07.2017;17:01:10;;-;-;;
1900;Trovan Unique;"0006B397F6";06.07.2017;17:01:11;;-;-;;
1901;Trovan Unique;"0006B397F6";06.07.2017;17:01:12;;-;-;;
1902;Trovan Unique;"0006B397F6";06.07.2017;17:01:14;;-;-;;
1903;Trovan Unique;"0006B397F6";06.07.2017;17:01:15;;-;-;;
1904;Trovan Unique;"0006B397F6";06.07.2017;17:01:16;;-;-;;
1905;Trovan Unique;"0006B397F6";06.07.2017;17:01:17;;-;-;;
1906;Trovan Unique;"0006B397F6";06.07.2017;17:01:18;;-;-;;
1907;Trovan Unique;"0006B397F6";06.07.2017;17:01:19;;-;-;;
1908;Trovan Unique;"0006B397F6";06.07.2017;17:01:20;;-;-;;
1909;Trovan Unique;"0006B397F6";06.07.2017;17:01:21;;-;-;;
1910;Trovan Unique;"0006B397F6";06.07.2017;17:01:22;;-;-;;
1911;Trovan Unique;"0006B397F6";06.07.2017;17:01:23;;-;-;;
1912;Trovan Unique;"0006B397F6";06.07.2017;17:01:24;;-;-;;
1913;Trovan Unique;"0006B397F6";06.07.2017;17:01:25;;-;-;;
1914;Trovan Unique;"0006B397F6";06.07.2017;17:01:26;;-;-;;
1915;Trovan Unique;"0006B397F6";06.07.2017;17:01:49;;-;-;;
1916;Trovan Unique;"0006B397F6";06.07.2017;17:01:52;;-;-;;
1917;Trovan Unique;"0006B397F6";06.07.2017;17:01:57;;-;-;;
1918;Trovan Unique;"0006B397F6";06.07.2017;17:01:59;;-;-;;
1919;Trovan Unique;"0006B397F6";06.07.2017;17:02:00;;-;-;;
1920;Trovan Unique;"0006B397F6";06.07.2017;17:02:01;;-;-;;
1921;Trovan Unique;"0006B397F6";06.07.2017;17:02:02;;-;-;;
1922;Trovan Unique;"0006B397F6";06.07.2017;17:02:03;;-;-;;
1923;Trovan Unique;"0006B397F6";06.07.2017;17:02:04;;-;-;;
1924;Trovan Unique;"0006B397F6";06.07.2017;17:02:06;;-;-;;
1925;Trovan Unique;"0006B397F6";06.07.2017;17:02:07;;-;-;;
1926;Trovan Unique;"0006B397F6";06.07.2017;17:02:08;;-;-;;
1927;Trovan Unique;"0006B397F6";06.07.2017;17:02:09;;-;-;;
1928;Trovan Unique;"0006B397F6";06.07.2017;17:02:11;;-;-;;
1929;Trovan Unique;"0006B397F6";06.07.2017;17:02:12;;-;-;;
1930;Trovan Unique;"0006B397F6";06.07.2017;17:02:14;;-;-;;
1931;Trovan Unique;"0006B397F6";06.07.2017;17:02:15;;-;-;;
1932;Trovan Unique;"0006B397F6";06.07.2017;17:02:20;;-;-;;
1933;Trovan Unique;"0006B397F6";06.07.2017;17:02:21;;-;-;;
1934;Trovan Unique;"0006B397F6";06.07.2017;17:02:23;;-;-;;
1935;Trovan Unique;"0006B397F6";06.07.2017;17:02:25;;-;-;;
1936;Trovan Unique;"0006B397F6";06.07.2017;17:02:26;;-;-;;
1937;Trovan Unique;"0006B397F6";06.07.2017;17:02:27;;-;-;;
1938;Trovan Unique;"0006B397F6";06.07.2017;17:02:29;;-;-;;
1939;Trovan Unique;"0006B397F6";06.07.2017;17:02:30;;-;-;;
1940;Trovan Unique;"0006B397F6";06.07.2017;17:02:32;;-;-;;
1941;Trovan Unique;"0006B397F6";06.07.2017;17:02:33;;-;-;;
1942;Trovan Unique;"0006B397F6";06.07.2017;17:02:34;;-;-;;
1943;Trovan Unique;"0006B397F6";06.07.2017;17:02:35;;-;-;;
1944;Trovan Unique;"0006B397F6";06.07.2017;17:02:36;;-;-;;
1945;Trovan Unique;"0006B397F6";06.07.2017;17:02:37;;-;-;;
1946;Trovan Unique;"0006B397F6";06.07.2017;17:02:38;;-;-;;
1947;Trovan Unique;"0006B397F6";06.07.2017;17:02:41;;-;-;;
1948;Trovan Unique;"0006B397F6";06.07.2017;17:02:43;;-;-;;
1949;Trovan Unique;"0006B397F6";06.07.2017;17:02:45;;-;-;;
1950;Trovan Unique;"0006B397F6";06.07.2017;17:02:51;;-;-;;
1951;Trovan Unique;"0006B397F6";06.07.2017;17:02:54;;-;-;;
1952;Trovan Unique;"0006B397F6";06.07.2017;17:02:55;;-;-;;
1953;Trovan Unique;"0006B397F6";06.07.2017;17:02:56;;-;-;;
1954;Trovan Unique;"0006B397F6";06.07.2017;17:02:57;;-;-;;
1955;Trovan Unique;"0006B397F6";06.07.2017;17:03:49;;-;-;;
1956;Trovan Unique;"0006B397F6";06.07.2017;17:03:52;;-;-;;
1957;Trovan Unique;"0006B397F6";06.07.2017;17:04:43;;-;-;;
1958;Trovan Unique;"0006B397F6";06.07.2017;17:04:52;;-;-;;
1959;Trovan Unique;"0006B397F6";06.07.2017;17:04:53;;-;-;;
1960;Trovan Unique;"0006B397F6";06.07.2017;17:05:02;;-;-;;
1961;Trovan Unique;"0006B397F6";06.07.2017;17:05:05;;-;-;;
1962;Trovan Unique;"0006B397F6";06.07.2017;17:05:08;;-;-;;
1963;Trovan Unique;"0006B397F6";06.07.2017;17:05:11;;-;-;;
1964;Trovan Unique;"0006B397F6";06.07.2017;17:05:15;;-;-;;
1965;Trovan Unique;"0006B397F6";06.07.2017;17:05:16;;-;-;;
1966;Trovan Unique;"0006B397F6";06.07.2017;17:05:17;;-;-;;
1967;Trovan Unique;"0006B397F6";06.07.2017;17:05:19;;-;-;;
1968;Trovan Unique;"0006B397F6";06.07.2017;17:05:20;;-;-;;
1969;Trovan Unique;"0006B397F6";06.07.2017;17:05:21;;-;-;;
1970;Trovan Unique;"0006B397F6";06.07.2017;17:05:22;;-;-;;
1971;Trovan Unique;"0006B397F6";06.07.2017;17:05:23;;-;-;;
1972;Trovan Unique;"0006B397F6";06.07.2017;17:05:24;;-;-;;
1973;Trovan Unique;"0006B397F6";06.07.2017;17:05:25;;-;-;;
1974;Trovan Unique;"0006B397F6";06.07.2017;17:05:26;;-;-;;
1975;Trovan Unique;"0006B397F6";06.07.2017;17:05:27;;-;-;;
1976;Trovan Unique;"0006B397F6";06.07.2017;17:05:28;;-;-;;
1977;Trovan Unique;"0006B397F6";06.07.2017;17:05:29;;-;-;;
1978;Trovan Unique;"0006B397F6";06.07.2017;17:05:30;;-;-;;
1979;Trovan Unique;"0006B397F6";06.07.2017;17:05:31;;-;-;;
1980;Trovan Unique;"0006B397F6";06.07.2017;17:05:32;;-;-;;
1981;Trovan Unique;"0006B397F6";06.07.2017;17:05:33;;-;-;;
1982;Trovan Unique;"0006B397F6";06.07.2017;17:05:34;;-;-;;
1983;Trovan Unique;"0006B397F6";06.07.2017;17:05:35;;-;-;;
1984;Trovan Unique;"0006B397F6";06.07.2017;17:05:36;;-;-;;
1985;Trovan Unique;"0006B397F6";06.07.2017;17:05:37;;-;-;;
1986;Trovan Unique;"0006B397F6";06.07.2017;17:05:38;;-;-;;
1987;Trovan Unique;"0006B397F6";06.07.2017;17:05:40;;-;-;;
1988;Trovan Unique;"0006B397F6";06.07.2017;17:05:41;;-;-;;
1989;Trovan Unique;"0006B397F6";06.07.2017;17:05:42;;-;-;;
1990;Trovan Unique;"0006B397F6";06.07.2017;17:05:43;;-;-;;
1991;Trovan Unique;"0006B397F6";06.07.2017;17:05:44;;-;-;;
1992;Trovan Unique;"0006B397F6";06.07.2017;17:05:45;;-;-;;
1993;Trovan Unique;"0006B397F6";06.07.2017;17:05:46;;-;-;;
1994;Trovan Unique;"0006B397F6";06.07.2017;17:05:47;;-;-;;
1995;Trovan Unique;"0006B397F6";06.07.2017;17:05:50;;-;-;;
1996;Trovan Unique;"0006B397F6";06.07.2017;17:05:52;;-;-;;
1997;Trovan Unique;"0006B397F6";06.07.2017;17:05:53;;-;-;;
1998;Trovan Unique;"0006B397F6";06.07.2017;17:05:54;;-;-;;
1999;Trovan Unique;"0006B397F6";06.07.2017;17:05:55;;-;-;;
2000;Trovan Unique;"0006B397F6";06.07.2017;17:05:56;;-;-;;
2001;Trovan Unique;"0006B397F6";06.07.2017;17:05:57;;-;-;;
2002;Trovan Unique;"0006B397F6";06.07.2017;17:05:58;;-;-;;
2003;Trovan Unique;"0006B397F6";06.07.2017;17:05:59;;-;-;;
2004;Trovan Unique;"0006B397F6";06.07.2017;17:06:00;;-;-;;
2005;Trovan Unique;"0006B397F6";06.07.2017;17:06:01;;-;-;;
2006;Trovan Unique;"0006B397F6";06.07.2017;17:06:02;;-;-;;
2007;Trovan Unique;"0006B397F6";06.07.2017;17:06:03;;-;-;;
2008;Trovan Unique;"0006B397F6";06.07.2017;17:06:04;;-;-;;
2009;Trovan Unique;"0006B397F6";06.07.2017;17:06:06;;-;-;;
2010;Trovan Unique;"0006B397F6";06.07.2017;17:06:07;;-;-;;
2011;Trovan Unique;"0006B397F6";06.07.2017;17:06:08;;-;-;;
2012;Trovan Unique;"0006B397F6";06.07.2017;17:06:09;;-;-;;
2013;Trovan Unique;"0006B397F6";06.07.2017;17:06:10;;-;-;;
2014;Trovan Unique;"0006B397F6";06.07.2017;17:06:11;;-;-;;
2015;Trovan Unique;"0006B397F6";06.07.2017;17:06:12;;-;-;;
2016;Trovan Unique;"0006B397F6";06.07.2017;17:06:13;;-;-;;
2017;Trovan Unique;"0006B397F6";06.07.2017;17:06:14;;-;-;;
2018;Trovan Unique;"0006B397F6";06.07.2017;17:06:15;;-;-;;
2019;Trovan Unique;"0006B397F6";06.07.2017;17:06:16;;-;-;;
2020;Trovan Unique;"0006B397F6";06.07.2017;17:06:17;;-;-;;
2021;Trovan Unique;"0006B397F6";06.07.2017;17:06:18;;-;-;;
2022;Trovan Unique;"0006B397F6";06.07.2017;17:06:19;;-;-;;
2023;Trovan Unique;"0006B397F6";06.07.2017;17:06:20;;-;-;;
2024;Trovan Unique;"0006B397F6";06.07.2017;17:06:21;;-;-;;
2025;Trovan Unique;"0006B397F6";06.07.2017;17:06:22;;-;-;;
2026;Trovan Unique;"0006B397F6";06.07.2017;17:06:23;;-;-;;
2027;Trovan Unique;"0006B397F6";06.07.2017;17:06:25;;-;-;;
2028;Trovan Unique;"0006B397F6";06.07.2017;17:06:26;;-;-;;
2029;Trovan Unique;"0006B397F6";06.07.2017;17:06:27;;-;-;;
2030;Trovan Unique;"0006B397F6";06.07.2017;17:06:28;;-;-;;
2031;Trovan Unique;"0006B397F6";06.07.2017;17:06:29;;-;-;;
2032;Trovan Unique;"0006B397F6";06.07.2017;17:06:30;;-;-;;
2033;Trovan Unique;"0006B397F6";06.07.2017;17:06:31;;-;-;;
2034;Trovan Unique;"0006B397F6";06.07.2017;17:06:32;;-;-;;
2035;Trovan Unique;"0006B397F6";06.07.2017;17:06:33;;-;-;;
2036;Trovan Unique;"0006B397F6";06.07.2017;17:06:34;;-;-;;
2037;Trovan Unique;"0006B397F6";06.07.2017;17:06:35;;-;-;;
2038;Trovan Unique;"0006B397F6";06.07.2017;17:06:36;;-;-;;
2039;Trovan Unique;"0006B397F6";06.07.2017;17:06:37;;-;-;;
2040;Trovan Unique;"0006B397F6";06.07.2017;17:06:38;;-;-;;
2041;Trovan Unique;"0006B397F6";06.07.2017;17:06:39;;-;-;;
2042;Trovan Unique;"0006B397F6";06.07.2017;17:06:40;;-;-;;
2043;Trovan Unique;"0006B397F6";06.07.2017;17:06:41;;-;-;;
2044;Trovan Unique;"0006B397F6";06.07.2017;17:06:42;;-;-;;
2045;Trovan Unique;"0006B397F6";06.07.2017;17:06:43;;-;-;;
2046;Trovan Unique;"0006B397F6";06.07.2017;17:06:44;;-;-;;
2047;Trovan Unique;"0006B397F6";06.07.2017;17:06:45;;-;-;;
2048;Trovan Unique;"0006B397F6";06.07.2017;17:06:47;;-;-;;
2049;Trovan Unique;"0006B397F6";06.07.2017;17:06:48;;-;-;;
2050;Trovan Unique;"0006B397F6";06.07.2017;17:06:49;;-;-;;
2051;Trovan Unique;"0006B397F6";06.07.2017;17:06:50;;-;-;;
2052;Trovan Unique;"0006B397F6";06.07.2017;17:06:51;;-;-;;
2053;Trovan Unique;"0006B397F6";06.07.2017;17:06:52;;-;-;;
2054;Trovan Unique;"0006B397F6";06.07.2017;17:06:53;;-;-;;
2055;Trovan Unique;"0006B397F6";06.07.2017;17:06:54;;-;-;;
2056;Trovan Unique;"0006B397F6";06.07.2017;17:06:55;;-;-;;
2057;Trovan Unique;"0006B397F6";06.07.2017;17:06:56;;-;-;;
2058;Trovan Unique;"0006B397F6";06.07.2017;17:06:57;;-;-;;
2059;Trovan Unique;"0006B397F6";06.07.2017;17:06:58;;-;-;;
2060;Trovan Unique;"0006B397F6";06.07.2017;17:06:59;;-;-;;
2061;Trovan Unique;"0006B397F6";06.07.2017;17:07:00;;-;-;;
2062;Trovan Unique;"0006B397F6";06.07.2017;17:07:01;;-;-;;
2063;Trovan Unique;"0006B397F6";06.07.2017;17:07:02;;-;-;;
2064;Trovan Unique;"0006B397F6";06.07.2017;17:07:03;;-;-;;
2065;Trovan Unique;"0006B397F6";06.07.2017;17:07:04;;-;-;;
2066;Trovan Unique;"0006B397F6";06.07.2017;17:07:05;;-;-;;
2067;Trovan Unique;"0006B397F6";06.07.2017;17:07:06;;-;-;;
2068;Trovan Unique;"0006B397F6";06.07.2017;17:07:07;;-;-;;
2069;Trovan Unique;"0006B397F6";06.07.2017;17:07:08;;-;-;;
2070;Trovan Unique;"0006B397F6";06.07.2017;17:07:09;;-;-;;
2071;Trovan Unique;"0006B397F6";06.07.2017;17:07:10;;-;-;;
2072;Trovan Unique;"0006B397F6";06.07.2017;17:07:12;;-;-;;
2073;Trovan Unique;"0006B397F6";06.07.2017;17:07:13;;-;-;;
2074;Trovan Unique;"0006B397F6";06.07.2017;17:07:14;;-;-;;
2075;Trovan Unique;"0006B397F6";06.07.2017;17:07:15;;-;-;;
2076;Trovan Unique;"0006B397F6";06.07.2017;17:07:16;;-;-;;
2077;Trovan Unique;"0006B397F6";06.07.2017;17:07:17;;-;-;;
2078;Trovan Unique;"0006B397F6";06.07.2017;17:07:18;;-;-;;
2079;Trovan Unique;"0006B397F6";06.07.2017;17:07:19;;-;-;;
2080;Trovan Unique;"0006B397F6";06.07.2017;17:07:20;;-;-;;
2081;Trovan Unique;"0006B397F6";06.07.2017;17:07:21;;-;-;;
2082;Trovan Unique;"0006B397F6";06.07.2017;17:07:22;;-;-;;
2083;Trovan Unique;"0006B397F6";06.07.2017;17:07:23;;-;-;;
2084;Trovan Unique;"0006B397F6";06.07.2017;17:07:24;;-;-;;
2085;Trovan Unique;"0006B397F6";06.07.2017;17:07:25;;-;-;;
2086;Trovan Unique;"0006B397F6";06.07.2017;17:07:26;;-;-;;
2087;Trovan Unique;"0006B397F6";06.07.2017;17:07:27;;-;-;;
2088;Trovan Unique;"0006B397F6";06.07.2017;17:07:28;;-;-;;
2089;Trovan Unique;"0006B397F6";06.07.2017;17:07:29;;-;-;;
2090;Trovan Unique;"0006B397F6";06.07.2017;17:07:30;;-;-;;
2091;Trovan Unique;"0006B397F6";06.07.2017;17:07:31;;-;-;;
2092;Trovan Unique;"0006B397F6";06.07.2017;17:07:33;;-;-;;
2093;Trovan Unique;"0006B397F6";06.07.2017;17:07:34;;-;-;;
2094;Trovan Unique;"0006B397F6";06.07.2017;17:07:35;;-;-;;
2095;Trovan Unique;"0006B397F6";06.07.2017;17:07:37;;-;-;;
2096;Trovan Unique;"0006B397F6";06.07.2017;17:07:38;;-;-;;
2097;Trovan Unique;"0006B397F6";06.07.2017;17:07:39;;-;-;;
2098;Trovan Unique;"0006B397F6";06.07.2017;17:07:40;;-;-;;
2099;Trovan Unique;"0006B397F6";06.07.2017;17:07:41;;-;-;;
2100;Trovan Unique;"0006B397F6";06.07.2017;17:07:42;;-;-;;
2101;Trovan Unique;"0006B397F6";06.07.2017;17:07:43;;-;-;;
2102;Trovan Unique;"0006B397F6";06.07.2017;17:07:44;;-;-;;
2103;Trovan Unique;"0006B397F6";06.07.2017;17:07:45;;-;-;;
2104;Trovan Unique;"0006B397F6";06.07.2017;17:07:46;;-;-;;
2105;Trovan Unique;"0006B397F6";06.07.2017;17:07:47;;-;-;;
2106;Trovan Unique;"0006B397F6";06.07.2017;17:07:48;;-;-;;
2107;Trovan Unique;"0006B397F6";06.07.2017;17:07:49;;-;-;;
2108;Trovan Unique;"0006B397F6";06.07.2017;17:07:50;;-;-;;
2109;Trovan Unique;"0006B397F6";06.07.2017;17:07:55;;-;-;;
2110;Trovan Unique;"0006B397F6";06.07.2017;17:08:00;;-;-;;
2111;Trovan Unique;"0006B397F6";06.07.2017;17:08:02;;-;-;;
2112;Trovan Unique;"0006B397F6";06.07.2017;17:08:03;;-;-;;
2113;Trovan Unique;"0006B397F6";06.07.2017;17:08:04;;-;-;;
2114;Trovan Unique;"0006B397F6";06.07.2017;17:08:05;;-;-;;
2115;Trovan Unique;"0006B397F6";06.07.2017;17:08:06;;-;-;;
2116;Trovan Unique;"0006B397F6";06.07.2017;17:08:07;;-;-;;
2117;Trovan Unique;"0006B397F6";06.07.2017;17:08:08;;-;-;;
2118;Trovan Unique;"0006B397F6";06.07.2017;17:08:09;;-;-;;
2119;Trovan Unique;"0006B397F6";06.07.2017;17:08:10;;-;-;;
2120;Trovan Unique;"0006B397F6";06.07.2017;17:08:11;;-;-;;
2121;Trovan Unique;"0006B397F6";06.07.2017;17:08:12;;-;-;;
2122;Trovan Unique;"0006B397F6";06.07.2017;17:08:13;;-;-;;
2123;Trovan Unique;"0006B397F6";06.07.2017;17:08:20;;-;-;;
2124;Trovan Unique;"0006B397F6";06.07.2017;17:08:21;;-;-;;
2125;Trovan Unique;"0006B397F6";06.07.2017;17:08:22;;-;-;;
2126;Trovan Unique;"0006B397F6";06.07.2017;17:08:23;;-;-;;
2127;Trovan Unique;"0006B397F6";06.07.2017;17:08:24;;-;-;;
2128;Trovan Unique;"0006B397F6";06.07.2017;17:08:25;;-;-;;
2129;Trovan Unique;"0006B397F6";06.07.2017;17:08:26;;-;-;;
2130;Trovan Unique;"0006B397F6";06.07.2017;17:08:28;;-;-;;
2131;Trovan Unique;"0006B397F6";06.07.2017;17:08:29;;-;-;;
2132;Trovan Unique;"0006B397F6";06.07.2017;17:08:30;;-;-;;
2133;Trovan Unique;"0006B397F6";06.07.2017;17:08:31;;-;-;;
2134;Trovan Unique;"0006B397F6";06.07.2017;17:08:32;;-;-;;
2135;Trovan Unique;"0006B397F6";06.07.2017;17:08:33;;-;-;;
2136;Trovan Unique;"0006B397F6";06.07.2017;17:08:35;;-;-;;
2137;Trovan Unique;"0006B397F6";06.07.2017;17:08:36;;-;-;;
2138;Trovan Unique;"0006B397F6";06.07.2017;17:08:37;;-;-;;
2139;Trovan Unique;"0006B397F6";06.07.2017;17:08:38;;-;-;;
2140;Trovan Unique;"0006B397F6";06.07.2017;17:08:39;;-;-;;
2141;Trovan Unique;"0006B397F6";06.07.2017;17:08:40;;-;-;;
2142;Trovan Unique;"0006B397F6";06.07.2017;17:08:41;;-;-;;
2143;Trovan Unique;"0006B397F6";06.07.2017;17:08:42;;-;-;;
2144;Trovan Unique;"0006B397F6";06.07.2017;17:08:43;;-;-;;
2145;Trovan Unique;"0006B397F6";06.07.2017;17:08:45;;-;-;;
2146;Trovan Unique;"0006B397F6";06.07.2017;17:08:46;;-;-;;
2147;Trovan Unique;"0006B397F6";06.07.2017;17:08:47;;-;-;;
2148;Trovan Unique;"0006B397F6";06.07.2017;17:08:48;;-;-;;
2149;Trovan Unique;"0006B397F6";06.07.2017;17:08:49;;-;-;;
2150;Trovan Unique;"0006B397F6";06.07.2017;17:08:50;;-;-;;
2151;Trovan Unique;"0006B397F6";06.07.2017;17:08:51;;-;-;;
2152;Trovan Unique;"0006B397F6";06.07.2017;17:08:53;;-;-;;
2153;Trovan Unique;"0006B397F6";06.07.2017;17:08:54;;-;-;;
2154;Trovan Unique;"0006B397F6";06.07.2017;17:08:55;;-;-;;
2155;Trovan Unique;"0006B397F6";06.07.2017;17:08:56;;-;-;;
2156;Trovan Unique;"0006B397F6";06.07.2017;17:08:57;;-;-;;
2157;Trovan Unique;"0006B397F6";06.07.2017;17:08:58;;-;-;;
2158;Trovan Unique;"0006B397F6";06.07.2017;17:08:59;;-;-;;
2159;Trovan Unique;"0006B397F6";06.07.2017;17:09:00;;-;-;;
2160;Trovan Unique;"0006B397F6";06.07.2017;17:09:01;;-;-;;
2161;Trovan Unique;"0006B397F6";06.07.2017;17:09:02;;-;-;;
2162;Trovan Unique;"0006B397F6";06.07.2017;17:09:03;;-;-;;
2163;Trovan Unique;"0006B397F6";06.07.2017;17:09:04;;-;-;;
2164;Trovan Unique;"0006B397F6";06.07.2017;17:09:05;;-;-;;
2165;Trovan Unique;"0006B397F6";06.07.2017;17:09:06;;-;-;;
2166;Trovan Unique;"0006B397F6";06.07.2017;17:09:07;;-;-;;
2167;Trovan Unique;"0006B397F6";06.07.2017;17:09:08;;-;-;;
2168;Trovan Unique;"0006B397F6";06.07.2017;17:09:10;;-;-;;
2169;Trovan Unique;"0006B397F6";06.07.2017;17:09:11;;-;-;;
2170;Trovan Unique;"0006B397F6";06.07.2017;17:09:12;;-;-;;
2171;Trovan Unique;"0006B397F6";06.07.2017;17:09:13;;-;-;;
2172;Trovan Unique;"0006B397F6";06.07.2017;17:09:14;;-;-;;
2173;Trovan Unique;"0006B397F6";06.07.2017;17:09:15;;-;-;;
2174;Trovan Unique;"0006B397F6";06.07.2017;17:09:16;;-;-;;
2175;Trovan Unique;"0006B397F6";06.07.2017;17:09:17;;-;-;;
2176;Trovan Unique;"0006B397F6";06.07.2017;17:09:18;;-;-;;
2177;Trovan Unique;"0006B397F6";06.07.2017;17:09:20;;-;-;;
2178;Trovan Unique;"0006B397F6";06.07.2017;17:09:21;;-;-;;
2179;Trovan Unique;"0006B397F6";06.07.2017;17:09:22;;-;-;;
2180;Trovan Unique;"0006B397F6";06.07.2017;17:09:23;;-;-;;
2181;Trovan Unique;"0006B397F6";06.07.2017;17:09:24;;-;-;;
2182;Trovan Unique;"0006B397F6";06.07.2017;17:09:25;;-;-;;
2183;Trovan Unique;"0006B397F6";06.07.2017;17:09:26;;-;-;;
2184;Trovan Unique;"0006B397F6";06.07.2017;17:09:27;;-;-;;
2185;Trovan Unique;"0006B397F6";06.07.2017;17:09:28;;-;-;;
2186;Trovan Unique;"0006B397F6";06.07.2017;17:09:29;;-;-;;
2187;Trovan Unique;"0006B397F6";06.07.2017;17:09:30;;-;-;;
2188;Trovan Unique;"0006B397F6";06.07.2017;17:09:31;;-;-;;
2189;Trovan Unique;"0006B397F6";06.07.2017;17:09:32;;-;-;;
2190;Trovan Unique;"0006B397F6";06.07.2017;17:09:33;;-;-;;
2191;Trovan Unique;"0006B397F6";06.07.2017;17:09:34;;-;-;;
2192;Trovan Unique;"0006B397F6";06.07.2017;17:09:35;;-;-;;
2193;Trovan Unique;"0006B397F6";06.07.2017;17:09:36;;-;-;;
2194;Trovan Unique;"0006B397F6";06.07.2017;17:09:37;;-;-;;
2195;Trovan Unique;"0006B397F6";06.07.2017;17:09:38;;-;-;;
2196;Trovan Unique;"0006B397F6";06.07.2017;17:09:39;;-;-;;
2197;Trovan Unique;"0006B397F6";06.07.2017;17:09:40;;-;-;;
2198;Trovan Unique;"0006B397F6";06.07.2017;17:09:41;;-;-;;
2199;Trovan Unique;"0006B397F6";06.07.2017;17:09:42;;-;-;;
2200;Trovan Unique;"0006B397F6";06.07.2017;17:09:44;;-;-;;
2201;Trovan Unique;"0006B397F6";06.07.2017;17:09:45;;-;-;;
2202;Trovan Unique;"0006B397F6";06.07.2017;17:09:46;;-;-;;
2203;Trovan Unique;"0006B397F6";06.07.2017;17:09:47;;-;-;;
2204;Trovan Unique;"0006B397F6";06.07.2017;17:09:48;;-;-;;
2205;Trovan Unique;"0006B397F6";06.07.2017;17:09:49;;-;-;;
2206;Trovan Unique;"0006B397F6";06.07.2017;17:09:50;;-;-;;
2207;Trovan Unique;"0006B397F6";06.07.2017;17:09:51;;-;-;;
2208;Trovan Unique;"0006B397F6";06.07.2017;17:09:52;;-;-;;
2209;Trovan Unique;"0006B397F6";06.07.2017;17:09:53;;-;-;;
2210;Trovan Unique;"0006B397F6";06.07.2017;17:09:54;;-;-;;
2211;Trovan Unique;"0006B397F6";06.07.2017;17:09:55;;-;-;;
2212;Trovan Unique;"0006B397F6";06.07.2017;17:09:56;;-;-;;
2213;Trovan Unique;"0006B397F6";06.07.2017;17:09:57;;-;-;;
2214;Trovan Unique;"0006B397F6";06.07.2017;17:09:58;;-;-;;
2215;Trovan Unique;"0006B397F6";06.07.2017;17:10:00;;-;-;;
2216;Trovan Unique;"0006B397F6";06.07.2017;17:10:01;;-;-;;
2217;Trovan Unique;"0006B397F6";06.07.2017;17:10:02;;-;-;;
2218;Trovan Unique;"0006B397F6";06.07.2017;17:10:03;;-;-;;
2219;Trovan Unique;"0006B397F6";06.07.2017;17:10:04;;-;-;;
2220;Trovan Unique;"0006B397F6";06.07.2017;17:10:05;;-;-;;
2221;Trovan Unique;"0006B397F6";06.07.2017;17:10:06;;-;-;;
2222;Trovan Unique;"0006B397F6";06.07.2017;17:10:07;;-;-;;
2223;Trovan Unique;"0006B397F6";06.07.2017;17:10:08;;-;-;;
2224;Trovan Unique;"0006B397F6";06.07.2017;17:10:09;;-;-;;
2225;Trovan Unique;"0006B397F6";06.07.2017;17:10:10;;-;-;;
2226;Trovan Unique;"0006B397F6";06.07.2017;17:10:11;;-;-;;
2227;Trovan Unique;"0006B397F6";06.07.2017;17:10:12;;-;-;;
2228;Trovan Unique;"0006B397F6";06.07.2017;17:10:13;;-;-;;
2229;Trovan Unique;"0006B397F6";06.07.2017;17:10:14;;-;-;;
2230;Trovan Unique;"0006B397F6";06.07.2017;17:10:15;;-;-;;
2231;Trovan Unique;"0006B397F6";06.07.2017;17:10:16;;-;-;;
2232;Trovan Unique;"0006B397F6";06.07.2017;17:10:17;;-;-;;
2233;Trovan Unique;"0006B397F6";06.07.2017;17:10:19;;-;-;;
2234;Trovan Unique;"0006B397F6";06.07.2017;17:10:20;;-;-;;
2235;Trovan Unique;"0006B397F6";06.07.2017;17:10:21;;-;-;;
2236;Trovan Unique;"0006B397F6";06.07.2017;17:10:22;;-;-;;
2237;Trovan Unique;"0006B397F6";06.07.2017;17:10:23;;-;-;;
2238;Trovan Unique;"0006B397F6";06.07.2017;17:10:24;;-;-;;
2239;Trovan Unique;"0006B397F6";06.07.2017;17:10:25;;-;-;;
2240;Trovan Unique;"0006B397F6";06.07.2017;17:10:26;;-;-;;
2241;Trovan Unique;"0006B397F6";06.07.2017;17:10:27;;-;-;;
2242;Trovan Unique;"0006B397F6";06.07.2017;17:10:28;;-;-;;
2243;Trovan Unique;"0006B397F6";06.07.2017;17:10:29;;-;-;;
2244;Trovan Unique;"0006B397F6";06.07.2017;17:10:30;;-;-;;
2245;Trovan Unique;"0006B397F6";06.07.2017;17:10:31;;-;-;;
2246;Trovan Unique;"0006B397F6";06.07.2017;17:10:32;;-;-;;
2247;Trovan Unique;"0006B397F6";06.07.2017;17:10:33;;-;-;;
2248;Trovan Unique;"0006B397F6";06.07.2017;17:10:34;;-;-;;
2249;Trovan Unique;"0006B397F6";06.07.2017;17:10:35;;-;-;;
2250;Trovan Unique;"0006B397F6";06.07.2017;17:10:36;;-;-;;
2251;Trovan Unique;"0006B397F6";06.07.2017;17:10:38;;-;-;;
2252;Trovan Unique;"0006B397F6";06.07.2017;17:10:39;;-;-;;
2253;Trovan Unique;"0006B397F6";06.07.2017;17:10:40;;-;-;;
2254;Trovan Unique;"0006B397F6";06.07.2017;17:10:41;;-;-;;
2255;Trovan Unique;"0006B397F6";06.07.2017;17:10:42;;-;-;;
2256;Trovan Unique;"0006B397F6";06.07.2017;17:10:43;;-;-;;
2257;Trovan Unique;"0006B397F6";06.07.2017;17:10:44;;-;-;;
2258;Trovan Unique;"0006B397F6";06.07.2017;17:10:45;;-;-;;
2259;Trovan Unique;"0006B397F6";06.07.2017;17:10:48;;-;-;;
2260;Trovan Unique;"0006B397F6";06.07.2017;17:10:49;;-;-;;
2261;Trovan Unique;"0006B397F6";06.07.2017;17:10:50;;-;-;;
2262;Trovan Unique;"0006B397F6";06.07.2017;17:10:51;;-;-;;
2263;Trovan Unique;"0006B397F6";06.07.2017;17:10:52;;-;-;;
2264;Trovan Unique;"0006B397F6";06.07.2017;17:10:53;;-;-;;
2265;Trovan Unique;"0006B397F6";06.07.2017;17:10:55;;-;-;;
2266;Trovan Unique;"0006B397F6";06.07.2017;17:10:56;;-;-;;
2267;Trovan Unique;"0006B397F6";06.07.2017;17:10:57;;-;-;;
2268;Trovan Unique;"0006B397F6";06.07.2017;17:10:58;;-;-;;
2269;Trovan Unique;"0006B397F6";06.07.2017;17:10:59;;-;-;;
2270;Trovan Unique;"0006B397F6";06.07.2017;17:11:00;;-;-;;
2271;Trovan Unique;"0006B397F6";06.07.2017;17:11:02;;-;-;;
2272;Trovan Unique;"0006B397F6";06.07.2017;17:11:03;;-;-;;
2273;Trovan Unique;"0006B397F6";06.07.2017;17:11:04;;-;-;;
2274;Trovan Unique;"0006B397F6";06.07.2017;17:11:05;;-;-;;
2275;Trovan Unique;"0006B397F6";06.07.2017;17:11:06;;-;-;;
2276;Trovan Unique;"0006B397F6";06.07.2017;17:11:07;;-;-;;
2277;Trovan Unique;"0006B397F6";06.07.2017;17:11:08;;-;-;;
2278;Trovan Unique;"0006B397F6";06.07.2017;17:11:09;;-;-;;
2279;Trovan Unique;"0006B397F6";06.07.2017;17:11:10;;-;-;;
2280;Trovan Unique;"0006B397F6";06.07.2017;17:11:11;;-;-;;
2281;Trovan Unique;"0006B397F6";06.07.2017;17:11:12;;-;-;;
2282;Trovan Unique;"0006B397F6";06.07.2017;17:11:13;;-;-;;
2283;Trovan Unique;"0006B397F6";06.07.2017;17:11:14;;-;-;;
2284;Trovan Unique;"0006B397F6";06.07.2017;17:11:15;;-;-;;
2285;Trovan Unique;"0006B397F6";06.07.2017;17:11:16;;-;-;;
2286;Trovan Unique;"0006B397F6";06.07.2017;17:11:17;;-;-;;
2287;Trovan Unique;"0006B397F6";06.07.2017;17:11:18;;-;-;;
2288;Trovan Unique;"0006B397F6";06.07.2017;17:11:19;;-;-;;
2289;Trovan Unique;"0006B397F6";06.07.2017;17:11:20;;-;-;;
2290;Trovan Unique;"0006B397F6";06.07.2017;17:11:21;;-;-;;
2291;Trovan Unique;"0006B397F6";06.07.2017;17:11:22;;-;-;;
2292;Trovan Unique;"0006B397F6";06.07.2017;17:11:23;;-;-;;
2293;Trovan Unique;"0006B397F6";06.07.2017;17:11:24;;-;-;;
2294;Trovan Unique;"0006B397F6";06.07.2017;17:11:25;;-;-;;
2295;Trovan Unique;"0006B397F6";06.07.2017;17:11:26;;-;-;;
2296;Trovan Unique;"0006B397F6";06.07.2017;17:11:28;;-;-;;
2297;Trovan Unique;"0006B397F6";06.07.2017;17:11:29;;-;-;;
2298;Trovan Unique;"0006B397F6";06.07.2017;17:11:30;;-;-;;
2299;Trovan Unique;"0006B397F6";06.07.2017;17:11:31;;-;-;;
2300;Trovan Unique;"0006B397F6";06.07.2017;17:11:32;;-;-;;
2301;Trovan Unique;"0006B397F6";06.07.2017;17:11:33;;-;-;;
2302;Trovan Unique;"0006B397F6";06.07.2017;17:11:34;;-;-;;
2303;Trovan Unique;"0006B397F6";06.07.2017;17:11:35;;-;-;;
2304;Trovan Unique;"0006B397F6";06.07.2017;17:11:36;;-;-;;
2305;Trovan Unique;"0006B397F6";06.07.2017;17:11:37;;-;-;;
2306;Trovan Unique;"0006B397F6";06.07.2017;17:11:38;;-;-;;
2307;Trovan Unique;"0006B397F6";06.07.2017;17:11:39;;-;-;;
2308;Trovan Unique;"0006B397F6";06.07.2017;17:11:40;;-;-;;
2309;Trovan Unique;"0006B397F6";06.07.2017;17:11:41;;-;-;;
2310;Trovan Unique;"0006B397F6";06.07.2017;17:11:42;;-;-;;
2311;Trovan Unique;"0006B397F6";06.07.2017;17:11:43;;-;-;;
2312;Trovan Unique;"0006B397F6";06.07.2017;17:11:44;;-;-;;
2313;Trovan Unique;"0006B397F6";06.07.2017;17:11:45;;-;-;;
2314;Trovan Unique;"0006B397F6";06.07.2017;17:11:46;;-;-;;
2315;Trovan Unique;"0006B397F6";06.07.2017;17:11:47;;-;-;;
2316;Trovan Unique;"0006B397F6";06.07.2017;17:11:48;;-;-;;
2317;Trovan Unique;"0006B397F6";06.07.2017;17:11:50;;-;-;;
2318;Trovan Unique;"0006B397F6";06.07.2017;17:11:51;;-;-;;
2319;Trovan Unique;"0006B397F6";06.07.2017;17:11:52;;-;-;;
2320;Trovan Unique;"0006B397F6";06.07.2017;17:11:53;;-;-;;
2321;Trovan Unique;"0006B397F6";06.07.2017;17:11:54;;-;-;;
2322;Trovan Unique;"0006B397F6";06.07.2017;17:11:55;;-;-;;
2323;Trovan Unique;"0006B397F6";06.07.2017;17:11:56;;-;-;;
2324;Trovan Unique;"0006B397F6";06.07.2017;17:11:57;;-;-;;
2325;Trovan Unique;"0006B397F6";06.07.2017;17:11:58;;-;-;;
2326;Trovan Unique;"0006B397F6";06.07.2017;17:11:59;;-;-;;
2327;Trovan Unique;"0006B397F6";06.07.2017;17:12:00;;-;-;;
2328;Trovan Unique;"0006B397F6";06.07.2017;17:12:01;;-;-;;
2329;Trovan Unique;"0006B397F6";06.07.2017;17:12:02;;-;-;;
2330;Trovan Unique;"0006B397F6";06.07.2017;17:12:03;;-;-;;
2331;Trovan Unique;"0006B397F6";06.07.2017;17:12:04;;-;-;;
2332;Trovan Unique;"0006B397F6";06.07.2017;17:12:05;;-;-;;
2333;Trovan Unique;"0006B397F6";06.07.2017;17:12:06;;-;-;;
2334;Trovan Unique;"0006B397F6";06.07.2017;17:12:07;;-;-;;
2335;Trovan Unique;"0006B397F6";06.07.2017;17:12:08;;-;-;;
2336;Trovan Unique;"0006B397F6";06.07.2017;17:12:10;;-;-;;
2337;Trovan Unique;"0006B397F6";06.07.2017;17:12:11;;-;-;;
2338;Trovan Unique;"0006B397F6";06.07.2017;17:12:12;;-;-;;
2339;Trovan Unique;"0006B397F6";06.07.2017;17:12:13;;-;-;;
2340;Trovan Unique;"0006B397F6";06.07.2017;17:12:14;;-;-;;
2341;Trovan Unique;"0006B397F6";06.07.2017;17:12:15;;-;-;;
2342;Trovan Unique;"0006B397F6";06.07.2017;17:12:16;;-;-;;
2343;Trovan Unique;"0006B397F6";06.07.2017;17:12:17;;-;-;;
2344;Trovan Unique;"0006B397F6";06.07.2017;17:12:18;;-;-;;
2345;Trovan Unique;"0006B397F6";06.07.2017;17:12:19;;-;-;;
2346;Trovan Unique;"0006B397F6";06.07.2017;17:12:20;;-;-;;
2347;Trovan Unique;"0006B397F6";06.07.2017;17:12:22;;-;-;;
2348;Trovan Unique;"0006B397F6";06.07.2017;17:12:23;;-;-;;
2349;Trovan Unique;"0006B397F6";06.07.2017;17:12:24;;-;-;;
2350;Trovan Unique;"0006B397F6";06.07.2017;17:12:25;;-;-;;
2351;Trovan Unique;"0006B397F6";06.07.2017;17:12:27;;-;-;;
2352;Trovan Unique;"0006B397F6";06.07.2017;17:12:29;;-;-;;
2353;Trovan Unique;"0006B397F6";06.07.2017;17:12:30;;-;-;;
2354;Trovan Unique;"0006B397F6";06.07.2017;17:12:31;;-;-;;
2355;Trovan Unique;"0006B397F6";06.07.2017;17:12:32;;-;-;;
2356;Trovan Unique;"0006B397F6";06.07.2017;17:12:33;;-;-;;
2357;Trovan Unique;"0006B397F6";06.07.2017;17:12:34;;-;-;;
2358;Trovan Unique;"0006B397F6";06.07.2017;17:12:35;;-;-;;
2359;Trovan Unique;"0006B397F6";06.07.2017;17:12:36;;-;-;;
2360;Trovan Unique;"0006B397F6";06.07.2017;17:12:37;;-;-;;
2361;Trovan Unique;"0006B397F6";06.07.2017;17:12:38;;-;-;;
2362;Trovan Unique;"0006B397F6";06.07.2017;17:12:39;;-;-;;
2363;Trovan Unique;"0006B397F6";06.07.2017;17:12:40;;-;-;;
2364;Trovan Unique;"0006B397F6";06.07.2017;17:12:41;;-;-;;
2365;Trovan Unique;"0006B397F6";06.07.2017;17:12:42;;-;-;;
2366;Trovan Unique;"0006B397F6";06.07.2017;17:12:43;;-;-;;
2367;Trovan Unique;"0006B397F6";06.07.2017;17:12:45;;-;-;;
2368;Trovan Unique;"0006B397F6";06.07.2017;17:12:46;;-;-;;
2369;Trovan Unique;"0006B397F6";06.07.2017;17:12:47;;-;-;;
2370;Trovan Unique;"0006B397F6";06.07.2017;17:12:48;;-;-;;
2371;Trovan Unique;"0006B397F6";06.07.2017;17:12:49;;-;-;;
2372;Trovan Unique;"0006B397F6";06.07.2017;17:12:50;;-;-;;
2373;Trovan Unique;"0006B397F6";06.07.2017;17:12:51;;-;-;;
2374;Trovan Unique;"0006B397F6";06.07.2017;17:12:52;;-;-;;
2375;Trovan Unique;"0006B397F6";06.07.2017;17:12:53;;-;-;;
2376;Trovan Unique;"0006B397F6";06.07.2017;17:12:54;;-;-;;
2377;Trovan Unique;"0006B397F6";06.07.2017;17:12:55;;-;-;;
2378;Trovan Unique;"0006B397F6";06.07.2017;17:12:56;;-;-;;
2379;Trovan Unique;"0006B397F6";06.07.2017;17:12:57;;-;-;;
2380;Trovan Unique;"0006B397F6";06.07.2017;17:12:58;;-;-;;
2381;Trovan Unique;"0006B397F6";06.07.2017;17:12:59;;-;-;;
2382;Trovan Unique;"0006B397F6";06.07.2017;17:13:00;;-;-;;
2383;Trovan Unique;"0006B397F6";06.07.2017;17:13:01;;-;-;;
2384;Trovan Unique;"0006B397F6";06.07.2017;17:13:03;;-;-;;
2385;Trovan Unique;"0006B397F6";06.07.2017;17:13:04;;-;-;;
2386;Trovan Unique;"0006B397F6";06.07.2017;17:13:05;;-;-;;
2387;Trovan Unique;"0006B397F6";06.07.2017;17:13:06;;-;-;;
2388;Trovan Unique;"0006B397F6";06.07.2017;17:13:07;;-;-;;
2389;Trovan Unique;"0006B397F6";06.07.2017;17:13:08;;-;-;;
2390;Trovan Unique;"0006B397F6";06.07.2017;17:13:09;;-;-;;
2391;Trovan Unique;"0006B397F6";06.07.2017;17:13:10;;-;-;;
2392;Trovan Unique;"0006B397F6";06.07.2017;17:13:11;;-;-;;
2393;Trovan Unique;"0006B397F6";06.07.2017;17:13:12;;-;-;;
2394;Trovan Unique;"0006B397F6";06.07.2017;17:13:13;;-;-;;
2395;Trovan Unique;"0006B397F6";06.07.2017;17:13:14;;-;-;;
2396;Trovan Unique;"0006B397F6";06.07.2017;17:13:15;;-;-;;
2397;Trovan Unique;"0006B397F6";06.07.2017;17:13:16;;-;-;;
2398;Trovan Unique;"0006B397F6";06.07.2017;17:13:17;;-;-;;
2399;Trovan Unique;"0006B397F6";06.07.2017;17:13:57;;-;-;;
2400;Trovan Unique;"0006B397F6";06.07.2017;17:13:58;;-;-;;
2401;Trovan Unique;"0006B397F6";06.07.2017;17:14:05;;-;-;;
2402;Trovan Unique;"0006B397F6";06.07.2017;17:14:07;;-;-;;
2403;Trovan Unique;"0006B397F6";06.07.2017;17:14:10;;-;-;;
2404;Trovan Unique;"0006B397F6";06.07.2017;17:14:12;;-;-;;
2405;Trovan Unique;"0006B397F6";06.07.2017;17:14:13;;-;-;;
2406;Trovan Unique;"0006B397F6";06.07.2017;17:14:14;;-;-;;
2407;Trovan Unique;"0006B397F6";06.07.2017;17:14:15;;-;-;;
2408;Trovan Unique;"0006B397F6";06.07.2017;17:14:17;;-;-;;
2409;Trovan Unique;"0006B397F6";06.07.2017;17:14:18;;-;-;;
2410;Trovan Unique;"0006B397F6";06.07.2017;17:14:20;;-;-;;
2411;Trovan Unique;"0006B397F6";06.07.2017;17:14:21;;-;-;;
2412;Trovan Unique;"0006B397F6";06.07.2017;17:14:22;;-;-;;
2413;Trovan Unique;"0006B397F6";06.07.2017;17:14:24;;-;-;;
2414;Trovan Unique;"0006B397F6";06.07.2017;17:14:25;;-;-;;
2415;Trovan Unique;"0006B397F6";06.07.2017;17:14:26;;-;-;;
2416;Trovan Unique;"0006B397F6";06.07.2017;17:14:27;;-;-;;
2417;Trovan Unique;"0006B397F6";06.07.2017;17:14:28;;-;-;;
2418;Trovan Unique;"0006B397F6";06.07.2017;17:14:29;;-;-;;
2419;Trovan Unique;"0006B397F6";06.07.2017;17:14:31;;-;-;;
2420;Trovan Unique;"0006B397F6";06.07.2017;17:14:32;;-;-;;
2421;Trovan Unique;"0006B397F6";06.07.2017;17:14:33;;-;-;;
2422;Trovan Unique;"0006B397F6";06.07.2017;17:14:34;;-;-;;
2423;Trovan Unique;"0006B397F6";06.07.2017;17:14:35;;-;-;;
2424;Trovan Unique;"0006B397F6";06.07.2017;17:14:36;;-;-;;
2425;Trovan Unique;"0006B397F6";06.07.2017;17:14:37;;-;-;;
2426;Trovan Unique;"0006B397F6";06.07.2017;17:14:38;;-;-;;
2427;Trovan Unique;"0006B397F6";06.07.2017;17:14:39;;-;-;;
2428;Trovan Unique;"0006B397F6";06.07.2017;17:14:40;;-;-;;
2429;Trovan Unique;"0006B397F6";06.07.2017;17:14:41;;-;-;;
2430;Trovan Unique;"0006B397F6";06.07.2017;17:14:46;;-;-;;
2431;Trovan Unique;"0006B397F6";06.07.2017;17:14:47;;-;-;;
2432;Trovan Unique;"0006B397F6";06.07.2017;17:16:11;;-;-;;
2433;Trovan Unique;"0006B397F6";06.07.2017;17:16:13;;-;-;;
2434;Trovan Unique;"0006B397F6";06.07.2017;17:16:15;;-;-;;
2435;Trovan Unique;"0006B397F6";06.07.2017;17:16:17;;-;-;;
2436;Trovan Unique;"0006B397F6";06.07.2017;17:16:19;;-;-;;
2437;Trovan Unique;"0006B397F6";06.07.2017;17:16:20;;-;-;;
2438;Trovan Unique;"0006B397F6";06.07.2017;17:16:23;;-;-;;
2439;Trovan Unique;"0006B397F6";06.07.2017;17:16:24;;-;-;;
2440;Trovan Unique;"0006B397F6";06.07.2017;17:16:25;;-;-;;
2441;Trovan Unique;"0006B397F6";06.07.2017;17:16:26;;-;-;;
2442;Trovan Unique;"0006B397F6";06.07.2017;17:16:27;;-;-;;
2443;Trovan Unique;"0006B397F6";06.07.2017;17:16:28;;-;-;;
2444;Trovan Unique;"0006B397F6";06.07.2017;17:16:29;;-;-;;
2445;Trovan Unique;"0006B397F6";06.07.2017;17:16:30;;-;-;;
2446;Trovan Unique;"0006B397F6";06.07.2017;17:16:32;;-;-;;
2447;Trovan Unique;"0006B397F6";06.07.2017;17:16:33;;-;-;;
2448;Trovan Unique;"0006B397F6";06.07.2017;17:16:33;;-;-;;
2449;Trovan Unique;"0006B397F6";06.07.2017;17:16:35;;-;-;;
2450;Trovan Unique;"0006B397F6";06.07.2017;17:16:36;;-;-;;
2451;Trovan Unique;"0006B397F6";06.07.2017;17:16:38;;-;-;;
2452;Trovan Unique;"0006B397F6";06.07.2017;17:16:39;;-;-;;
2453;Trovan Unique;"0006B397F6";06.07.2017;17:16:40;;-;-;;
2454;Trovan Unique;"0006B397F6";06.07.2017;17:16:41;;-;-;;
2455;Trovan Unique;"0006B397F6";06.07.2017;17:16:42;;-;-;;
2456;Trovan Unique;"0006B397F6";06.07.2017;17:16:43;;-;-;;
2457;Trovan Unique;"0006B397F6";06.07.2017;17:16:44;;-;-;;
2458;Trovan Unique;"0006B397F6";06.07.2017;17:16:46;;-;-;;
2459;Trovan Unique;"0006B397F6";06.07.2017;17:16:47;;-;-;;
2460;Trovan Unique;"0006B397F6";06.07.2017;17:16:48;;-;-;;
2461;Trovan Unique;"0006B397F6";06.07.2017;17:16:49;;-;-;;
2462;Trovan Unique;"0006B397F6";06.07.2017;17:16:50;;-;-;;
2463;Trovan Unique;"0006B397F6";06.07.2017;17:16:51;;-;-;;
2464;Trovan Unique;"0006B397F6";06.07.2017;17:16:52;;-;-;;
2465;Trovan Unique;"0006B397F6";06.07.2017;17:16:53;;-;-;;
2466;Trovan Unique;"0006B397F6";06.07.2017;17:16:54;;-;-;;
2467;Trovan Unique;"0006B397F6";06.07.2017;17:16:55;;-;-;;
2468;Trovan Unique;"0006B397F6";06.07.2017;17:16:56;;-;-;;
2469;Trovan Unique;"0006B397F6";06.07.2017;17:16:57;;-;-;;
2470;Trovan Unique;"0006B397F6";06.07.2017;17:16:59;;-;-;;
2471;Trovan Unique;"0006B397F6";06.07.2017;17:17:00;;-;-;;
2472;Trovan Unique;"0006B397F6";06.07.2017;17:17:01;;-;-;;
2473;Trovan Unique;"0006B397F6";06.07.2017;17:17:02;;-;-;;
2474;Trovan Unique;"0006B397F6";06.07.2017;17:17:03;;-;-;;
2475;Trovan Unique;"0006B397F6";06.07.2017;17:17:04;;-;-;;
2476;Trovan Unique;"0006B397F6";06.07.2017;17:17:05;;-;-;;
2477;Trovan Unique;"0006B397F6";06.07.2017;17:17:06;;-;-;;
2478;Trovan Unique;"0006B397F6";06.07.2017;17:17:07;;-;-;;
2479;Trovan Unique;"0006B397F6";06.07.2017;17:17:08;;-;-;;
2480;Trovan Unique;"0006B397F6";06.07.2017;17:17:10;;-;-;;
2481;Trovan Unique;"0006B397F6";06.07.2017;17:17:11;;-;-;;
2482;Trovan Unique;"0006B397F6";06.07.2017;17:17:12;;-;-;;
2483;Trovan Unique;"0006B397F6";06.07.2017;17:17:14;;-;-;;
2484;Trovan Unique;"0006B397F6";06.07.2017;17:17:15;;-;-;;
2485;Trovan Unique;"0006B397F6";06.07.2017;17:17:16;;-;-;;
2486;Trovan Unique;"0006B397F6";06.07.2017;17:17:17;;-;-;;
2487;Trovan Unique;"0006B397F6";06.07.2017;17:17:18;;-;-;;
2488;Trovan Unique;"0006B397F6";06.07.2017;17:17:19;;-;-;;
2489;Trovan Unique;"0006B397F6";06.07.2017;17:17:20;;-;-;;
2490;Trovan Unique;"0006B397F6";06.07.2017;17:17:21;;-;-;;
2491;Trovan Unique;"0006B397F6";06.07.2017;17:17:22;;-;-;;
2492;Trovan Unique;"0006B397F6";06.07.2017;17:17:23;;-;-;;
2493;Trovan Unique;"0006B397F6";06.07.2017;17:17:24;;-;-;;
2494;Trovan Unique;"0006B397F6";06.07.2017;17:17:25;;-;-;;
2495;Trovan Unique;"0006B397F6";06.07.2017;17:17:26;;-;-;;
2496;Trovan Unique;"0006B397F6";06.07.2017;17:17:27;;-;-;;
2497;Trovan Unique;"0006B397F6";06.07.2017;17:17:28;;-;-;;
2498;Trovan Unique;"0006B397F6";06.07.2017;17:17:29;;-;-;;
2499;Trovan Unique;"0006B397F6";06.07.2017;17:17:30;;-;-;;
2500;Trovan Unique;"0006B397F6";06.07.2017;17:17:31;;-;-;;
2501;Trovan Unique;"0006B397F6";06.07.2017;17:17:32;;-;-;;
2502;Trovan Unique;"0006B397F6";06.07.2017;17:17:33;;-;-;;
2503;Trovan Unique;"0006B397F6";06.07.2017;17:17:34;;-;-;;
2504;Trovan Unique;"0006B397F6";06.07.2017;17:17:35;;-;-;;
2505;Trovan Unique;"0006B397F6";06.07.2017;17:17:36;;-;-;;
2506;Trovan Unique;"0006B397F6";06.07.2017;17:17:38;;-;-;;
2507;Trovan Unique;"0006B397F6";06.07.2017;17:17:40;;-;-;;
2508;Trovan Unique;"0006B397F6";06.07.2017;17:17:41;;-;-;;
2509;Trovan Unique;"0006B397F6";06.07.2017;17:17:42;;-;-;;
2510;Trovan Unique;"0006B397F6";06.07.2017;17:17:43;;-;-;;
2511;Trovan Unique;"0006B397F6";06.07.2017;17:17:44;;-;-;;
2512;Trovan Unique;"0006B397F6";06.07.2017;17:17:45;;-;-;;
2513;Trovan Unique;"0006B397F6";06.07.2017;17:17:46;;-;-;;
2514;Trovan Unique;"0006B397F6";06.07.2017;17:17:47;;-;-;;
2515;Trovan Unique;"0006B397F6";06.07.2017;17:17:48;;-;-;;
2516;Trovan Unique;"0006B397F6";06.07.2017;17:17:49;;-;-;;
2517;Trovan Unique;"0006B397F6";06.07.2017;17:17:50;;-;-;;
2518;Trovan Unique;"0006B397F6";06.07.2017;17:17:51;;-;-;;
2519;Trovan Unique;"0006B397F6";06.07.2017;17:17:52;;-;-;;
2520;Trovan Unique;"0006B397F6";06.07.2017;17:17:53;;-;-;;
2521;Trovan Unique;"0006B397F6";06.07.2017;17:17:54;;-;-;;
2522;Trovan Unique;"0006B397F6";06.07.2017;17:17:55;;-;-;;
2523;Trovan Unique;"0006B397F6";06.07.2017;17:17:56;;-;-;;
2524;Trovan Unique;"0006B397F6";06.07.2017;17:17:57;;-;-;;
2525;Trovan Unique;"0006B397F6";06.07.2017;17:17:58;;-;-;;
2526;Trovan Unique;"0006B397F6";06.07.2017;17:17:59;;-;-;;
2527;Trovan Unique;"0006B397F6";06.07.2017;17:18:00;;-;-;;
2528;Trovan Unique;"0006B397F6";06.07.2017;17:18:01;;-;-;;
2529;Trovan Unique;"0006B397F6";06.07.2017;17:18:02;;-;-;;
2530;Trovan Unique;"0006B397F6";06.07.2017;17:18:04;;-;-;;
2531;Trovan Unique;"0006B397F6";06.07.2017;17:18:05;;-;-;;
2532;Trovan Unique;"0006B397F6";06.07.2017;17:18:06;;-;-;;
2533;Trovan Unique;"0006B397F6";06.07.2017;17:18:07;;-;-;;
2534;Trovan Unique;"0006B397F6";06.07.2017;17:18:08;;-;-;;
2535;Trovan Unique;"0006B397F6";06.07.2017;17:18:09;;-;-;;
2536;Trovan Unique;"0006B397F6";06.07.2017;17:18:09;;-;-;;
2537;Trovan Unique;"0006B397F6";06.07.2017;17:18:10;;-;-;;
2538;Trovan Unique;"0006B397F6";06.07.2017;17:18:11;;-;-;;
2539;Trovan Unique;"0006B397F6";06.07.2017;17:18:12;;-;-;;
2540;Trovan Unique;"0006B397F6";06.07.2017;17:18:13;;-;-;;
2541;Trovan Unique;"0006B397F6";06.07.2017;17:18:15;;-;-;;
2542;Trovan Unique;"0006B397F6";06.07.2017;17:18:16;;-;-;;
2543;Trovan Unique;"0006B397F6";06.07.2017;17:18:17;;-;-;;
2544;Trovan Unique;"0006B397F6";06.07.2017;17:18:18;;-;-;;
2545;Trovan Unique;"0006B397F6";06.07.2017;17:18:19;;-;-;;
2546;Trovan Unique;"0006B397F6";06.07.2017;17:18:20;;-;-;;
2547;Trovan Unique;"0006B397F6";06.07.2017;17:18:21;;-;-;;
2548;Trovan Unique;"0006B397F6";06.07.2017;17:18:22;;-;-;;
2549;Trovan Unique;"0006B397F6";06.07.2017;17:18:23;;-;-;;
2550;Trovan Unique;"0006B397F6";06.07.2017;17:18:24;;-;-;;
2551;Trovan Unique;"0006B397F6";06.07.2017;17:18:25;;-;-;;
2552;Trovan Unique;"0006B397F6";06.07.2017;17:18:26;;-;-;;
2553;Trovan Unique;"0006B397F6";06.07.2017;17:18:27;;-;-;;
2554;Trovan Unique;"0006B397F6";06.07.2017;17:18:28;;-;-;;
2555;Trovan Unique;"0006B397F6";06.07.2017;17:18:30;;-;-;;
2556;Trovan Unique;"0006B397F6";06.07.2017;17:18:31;;-;-;;
2557;Trovan Unique;"0006B397F6";06.07.2017;17:18:32;;-;-;;
2558;Trovan Unique;"0006B397F6";06.07.2017;17:18:33;;-;-;;
2559;Trovan Unique;"0006B397F6";06.07.2017;17:18:34;;-;-;;
2560;Trovan Unique;"0006B397F6";06.07.2017;17:18:36;;-;-;;
2561;Trovan Unique;"0006B397F6";06.07.2017;17:18:37;;-;-;;
2562;Trovan Unique;"0006B397F6";06.07.2017;17:18:39;;-;-;;
2563;Trovan Unique;"0006B397F6";06.07.2017;17:18:41;;-;-;;
2564;Trovan Unique;"0006B397F6";06.07.2017;17:18:42;;-;-;;
2565;Trovan Unique;"0006B397F6";06.07.2017;17:18:43;;-;-;;
2566;Trovan Unique;"0006B397F6";06.07.2017;17:18:44;;-;-;;
2567;Trovan Unique;"0006B397F6";06.07.2017;17:18:45;;-;-;;
2568;Trovan Unique;"0006B397F6";06.07.2017;17:18:46;;-;-;;
2569;Trovan Unique;"0006B397F6";06.07.2017;17:18:47;;-;-;;
2570;Trovan Unique;"0006B397F6";06.07.2017;17:18:48;;-;-;;
2571;Trovan Unique;"0006B397F6";06.07.2017;17:18:49;;-;-;;
2572;Trovan Unique;"0006B397F6";06.07.2017;17:18:50;;-;-;;
2573;Trovan Unique;"0006B397F6";06.07.2017;17:18:51;;-;-;;
2574;Trovan Unique;"0006B397F6";06.07.2017;17:18:52;;-;-;;
2575;Trovan Unique;"0006B397F6";06.07.2017;17:18:56;;-;-;;
2576;Trovan Unique;"0006B397F6";06.07.2017;17:18:57;;-;-;;
2577;Trovan Unique;"0006B397F6";06.07.2017;17:18:58;;-;-;;
2578;Trovan Unique;"0006B397F6";06.07.2017;17:18:59;;-;-;;
2579;Trovan Unique;"0006B397F6";06.07.2017;17:19:00;;-;-;;
2580;Trovan Unique;"0006B397F6";06.07.2017;17:19:01;;-;-;;
2581;Trovan Unique;"0006B397F6";06.07.2017;17:19:02;;-;-;;
2582;Trovan Unique;"0006B397F6";06.07.2017;17:19:03;;-;-;;
2583;Trovan Unique;"0006B397F6";06.07.2017;17:19:04;;-;-;;
2584;Trovan Unique;"0006B397F6";06.07.2017;17:19:05;;-;-;;
2585;Trovan Unique;"0006B397F6";06.07.2017;17:19:06;;-;-;;
2586;Trovan Unique;"0006B397F6";06.07.2017;17:19:07;;-;-;;
2587;Trovan Unique;"0006B397F6";06.07.2017;17:19:08;;-;-;;
2588;Trovan Unique;"0006B397F6";06.07.2017;17:19:09;;-;-;;
2589;Trovan Unique;"0006B397F6";06.07.2017;17:19:10;;-;-;;
2590;Trovan Unique;"0006B397F6";06.07.2017;17:19:11;;-;-;;
2591;Trovan Unique;"0006B397F6";06.07.2017;17:19:12;;-;-;;
2592;Trovan Unique;"0006B397F6";06.07.2017;17:19:13;;-;-;;
2593;Trovan Unique;"0006B397F6";06.07.2017;17:19:14;;-;-;;
2594;Trovan Unique;"0006B397F6";06.07.2017;17:19:16;;-;-;;
2595;Trovan Unique;"0006B397F6";06.07.2017;17:19:17;;-;-;;
2596;Trovan Unique;"0006B397F6";06.07.2017;17:19:18;;-;-;;
2597;Trovan Unique;"0006B397F6";06.07.2017;17:19:19;;-;-;;
2598;Trovan Unique;"0006B397F6";06.07.2017;17:19:20;;-;-;;
2599;Trovan Unique;"0006B397F6";06.07.2017;17:19:21;;-;-;;
2600;Trovan Unique;"0006B397F6";06.07.2017;17:19:22;;-;-;;
2601;Trovan Unique;"0006B397F6";06.07.2017;17:19:23;;-;-;;
2602;Trovan Unique;"0006B397F6";06.07.2017;17:19:24;;-;-;;
2603;Trovan Unique;"0006B397F6";06.07.2017;17:19:25;;-;-;;
2604;Trovan Unique;"0006B397F6";06.07.2017;17:19:26;;-;-;;
2605;Trovan Unique;"0006B397F6";06.07.2017;17:19:27;;-;-;;
2606;Trovan Unique;"0006B397F6";06.07.2017;17:19:28;;-;-;;
2607;Trovan Unique;"0006B397F6";06.07.2017;17:19:29;;-;-;;
2608;Trovan Unique;"0006B397F6";06.07.2017;17:19:30;;-;-;;
2609;Trovan Unique;"0006B397F6";06.07.2017;17:19:31;;-;-;;
2610;Trovan Unique;"0006B397F6";06.07.2017;17:19:32;;-;-;;
2611;Trovan Unique;"0006B397F6";06.07.2017;17:19:33;;-;-;;
2612;Trovan Unique;"0006B397F6";06.07.2017;17:19:34;;-;-;;
2613;Trovan Unique;"0006B397F6";06.07.2017;17:19:35;;-;-;;
2614;Trovan Unique;"0006B397F6";06.07.2017;17:19:36;;-;-;;
2615;Trovan Unique;"0006B397F6";06.07.2017;17:19:37;;-;-;;
2616;Trovan Unique;"0006B397F6";06.07.2017;17:19:38;;-;-;;
2617;Trovan Unique;"0006B397F6";06.07.2017;17:19:39;;-;-;;
2618;Trovan Unique;"0006B397F6";06.07.2017;17:19:40;;-;-;;
2619;Trovan Unique;"0006B397F6";06.07.2017;17:19:41;;-;-;;
2620;Trovan Unique;"0006B397F6";06.07.2017;17:19:42;;-;-;;
2621;Trovan Unique;"0006B397F6";06.07.2017;17:19:43;;-;-;;
2622;Trovan Unique;"0006B397F6";06.07.2017;17:19:44;;-;-;;
2623;Trovan Unique;"0006B397F6";06.07.2017;17:19:45;;-;-;;
2624;Trovan Unique;"0006B397F6";06.07.2017;17:19:46;;-;-;;
2625;Trovan Unique;"0006B397F6";06.07.2017;17:19:47;;-;-;;
2626;Trovan Unique;"0006B397F6";06.07.2017;17:19:48;;-;-;;
2627;Trovan Unique;"0006B397F6";06.07.2017;17:19:49;;-;-;;
2628;Trovan Unique;"0006B397F6";06.07.2017;17:19:50;;-;-;;
2629;Trovan Unique;"0006B397F6";06.07.2017;17:19:51;;-;-;;
2630;Trovan Unique;"0006B397F6";06.07.2017;17:19:52;;-;-;;
2631;Trovan Unique;"0006B397F6";06.07.2017;17:19:53;;-;-;;
2632;Trovan Unique;"0006B397F6";06.07.2017;17:19:54;;-;-;;
2633;Trovan Unique;"0006B397F6";06.07.2017;17:19:55;;-;-;;
2634;Trovan Unique;"0006B397F6";06.07.2017;17:19:56;;-;-;;
2635;Trovan Unique;"0006B397F6";06.07.2017;17:19:57;;-;-;;
2636;Trovan Unique;"0006B397F6";06.07.2017;17:19:58;;-;-;;
2637;Trovan Unique;"0006B397F6";06.07.2017;17:19:59;;-;-;;
2638;Trovan Unique;"0006B397F6";06.07.2017;17:20:00;;-;-;;
2639;Trovan Unique;"0006B397F6";06.07.2017;17:20:01;;-;-;;
2640;Trovan Unique;"0006B397F6";06.07.2017;17:20:02;;-;-;;
2641;Trovan Unique;"0006B397F6";06.07.2017;17:20:03;;-;-;;
2642;Trovan Unique;"0006B397F6";06.07.2017;17:20:04;;-;-;;
2643;Trovan Unique;"0006B397F6";06.07.2017;17:20:05;;-;-;;
2644;Trovan Unique;"0006B397F6";06.07.2017;17:20:06;;-;-;;
2645;Trovan Unique;"0006B397F6";06.07.2017;17:20:07;;-;-;;
2646;Trovan Unique;"0006B397F6";06.07.2017;17:20:08;;-;-;;
2647;Trovan Unique;"0006B397F6";06.07.2017;17:20:09;;-;-;;
2648;Trovan Unique;"0006B397F6";06.07.2017;17:20:10;;-;-;;
2649;Trovan Unique;"0006B397F6";06.07.2017;17:20:11;;-;-;;
2650;Trovan Unique;"0006B397F6";06.07.2017;17:20:12;;-;-;;
2651;Trovan Unique;"0006B397F6";06.07.2017;17:20:13;;-;-;;
2652;Trovan Unique;"0006B397F6";06.07.2017;17:20:14;;-;-;;
2653;Trovan Unique;"0006B397F6";06.07.2017;17:20:15;;-;-;;
2654;Trovan Unique;"0006B397F6";06.07.2017;17:20:16;;-;-;;
2655;Trovan Unique;"0006B397F6";06.07.2017;17:20:17;;-;-;;
2656;Trovan Unique;"0006B397F6";06.07.2017;17:20:18;;-;-;;
2657;Trovan Unique;"0006B397F6";06.07.2017;17:20:19;;-;-;;
2658;Trovan Unique;"0006B397F6";06.07.2017;17:20:20;;-;-;;
2659;Trovan Unique;"0006B397F6";06.07.2017;17:20:21;;-;-;;
2660;Trovan Unique;"0006B397F6";06.07.2017;17:20:22;;-;-;;
2661;Trovan Unique;"0006B397F6";06.07.2017;17:20:24;;-;-;;
2662;Trovan Unique;"0006B397F6";06.07.2017;17:20:24;;-;-;;
2663;Trovan Unique;"0006B397F6";06.07.2017;17:20:25;;-;-;;
2664;Trovan Unique;"0006B397F6";06.07.2017;17:20:26;;-;-;;
2665;Trovan Unique;"0006B397F6";06.07.2017;17:20:28;;-;-;;
2666;Trovan Unique;"0006B397F6";06.07.2017;17:20:29;;-;-;;
2667;Trovan Unique;"0006B397F6";06.07.2017;17:20:30;;-;-;;
2668;Trovan Unique;"0006B397F6";06.07.2017;17:20:31;;-;-;;
2669;Trovan Unique;"0006B397F6";06.07.2017;17:20:32;;-;-;;
2670;Trovan Unique;"0006B397F6";06.07.2017;17:20:33;;-;-;;
2671;Trovan Unique;"0006B397F6";06.07.2017;17:20:34;;-;-;;
2672;Trovan Unique;"0006B397F6";06.07.2017;17:20:35;;-;-;;
2673;Trovan Unique;"0006B397F6";06.07.2017;17:20:36;;-;-;;
2674;Trovan Unique;"0006B397F6";06.07.2017;17:20:37;;-;-;;
2675;Trovan Unique;"0006B397F6";06.07.2017;17:20:38;;-;-;;
2676;Trovan Unique;"0006B397F6";06.07.2017;17:20:39;;-;-;;
2677;Trovan Unique;"0006B397F6";06.07.2017;17:20:40;;-;-;;
2678;Trovan Unique;"0006B397F6";06.07.2017;17:20:41;;-;-;;
2679;Trovan Unique;"0006B397F6";06.07.2017;17:20:42;;-;-;;
2680;Trovan Unique;"0006B397F6";06.07.2017;17:20:43;;-;-;;
2681;Trovan Unique;"0006B397F6";06.07.2017;17:20:44;;-;-;;
2682;Trovan Unique;"0006B397F6";06.07.2017;17:20:45;;-;-;;
2683;Trovan Unique;"0006B397F6";06.07.2017;17:20:46;;-;-;;
2684;Trovan Unique;"0006B397F6";06.07.2017;17:20:47;;-;-;;
2685;Trovan Unique;"0006B397F6";06.07.2017;17:20:48;;-;-;;
2686;Trovan Unique;"0006B397F6";06.07.2017;17:20:49;;-;-;;
2687;Trovan Unique;"0006B397F6";06.07.2017;17:20:50;;-;-;;
2688;Trovan Unique;"0006B397F6";06.07.2017;17:20:51;;-;-;;
2689;Trovan Unique;"0006B397F6";06.07.2017;17:20:52;;-;-;;
2690;Trovan Unique;"0006B397F6";06.07.2017;17:20:53;;-;-;;
2691;Trovan Unique;"0006B397F6";06.07.2017;17:20:54;;-;-;;
2692;Trovan Unique;"0006B397F6";06.07.2017;17:20:55;;-;-;;
2693;Trovan Unique;"0006B397F6";06.07.2017;17:20:57;;-;-;;
2694;Trovan Unique;"0006B397F6";06.07.2017;17:20:58;;-;-;;
2695;Trovan Unique;"0006B397F6";06.07.2017;17:20:59;;-;-;;
2696;Trovan Unique;"0006B397F6";06.07.2017;17:21:09;;-;-;;
2697;Trovan Unique;"0006B397F6";06.07.2017;17:21:10;;-;-;;
2698;Trovan Unique;"0006B397F6";06.07.2017;17:21:25;;-;-;;
2699;Trovan Unique;"0006B397F6";06.07.2017;17:21:44;;-;-;;
2700;Trovan Unique;"0006B397F6";06.07.2017;17:21:46;;-;-;;
2701;Trovan Unique;"0006B397F6";06.07.2017;17:21:47;;-;-;;
2702;Trovan Unique;"0006B397F6";06.07.2017;17:21:48;;-;-;;
2703;Trovan Unique;"0006B397F6";06.07.2017;17:21:49;;-;-;;
2704;Trovan Unique;"0006B397F6";06.07.2017;17:21:50;;-;-;;
2705;Trovan Unique;"0006B397F6";06.07.2017;17:21:51;;-;-;;
2706;Trovan Unique;"0006B397F6";06.07.2017;17:22:01;;-;-;;
2707;Trovan Unique;"0006B397F6";06.07.2017;17:22:02;;-;-;;
2708;Trovan Unique;"0006B397F6";06.07.2017;17:22:03;;-;-;;
2709;Trovan Unique;"0006B397F6";06.07.2017;17:22:04;;-;-;;
2710;Trovan Unique;"0006B397F6";06.07.2017;17:22:05;;-;-;;
2711;Trovan Unique;"0006B397F6";06.07.2017;17:22:06;;-;-;;
2712;Trovan Unique;"0006B397F6";06.07.2017;17:22:08;;-;-;;
2713;Trovan Unique;"0006B397F6";06.07.2017;17:22:09;;-;-;;
2714;Trovan Unique;"0006B397F6";06.07.2017;17:22:10;;-;-;;
2715;Trovan Unique;"0006B397F6";06.07.2017;17:22:11;;-;-;;
2716;Trovan Unique;"0006B397F6";06.07.2017;17:22:12;;-;-;;
2717;Trovan Unique;"0006B397F6";06.07.2017;17:22:13;;-;-;;
2718;Trovan Unique;"0006B397F6";06.07.2017;17:22:14;;-;-;;
2719;Trovan Unique;"0006B397F6";06.07.2017;17:22:15;;-;-;;
2720;Trovan Unique;"0006B397F6";06.07.2017;17:22:16;;-;-;;
2721;Trovan Unique;"0006B397F6";06.07.2017;17:22:18;;-;-;;
2722;Trovan Unique;"0006B397F6";06.07.2017;17:22:19;;-;-;;
2723;Trovan Unique;"0006B397F6";06.07.2017;17:22:20;;-;-;;
2724;Trovan Unique;"0006B397F6";06.07.2017;17:22:21;;-;-;;
2725;Trovan Unique;"0006B397F6";06.07.2017;17:22:22;;-;-;;
2726;Trovan Unique;"0006B397F6";06.07.2017;17:22:23;;-;-;;
2727;Trovan Unique;"0006B397F6";06.07.2017;17:22:24;;-;-;;
2728;Trovan Unique;"0006B397F6";06.07.2017;17:22:25;;-;-;;
2729;Trovan Unique;"0006B397F6";06.07.2017;17:22:33;;-;-;;
2730;Trovan Unique;"0006B397F6";06.07.2017;17:22:35;;-;-;;
2731;Trovan Unique;"0006B397F6";06.07.2017;17:22:37;;-;-;;
2732;Trovan Unique;"0006B397F6";06.07.2017;17:22:38;;-;-;;
2733;Trovan Unique;"0006B397F6";06.07.2017;17:22:39;;-;-;;
2734;Trovan Unique;"0006B397F6";06.07.2017;17:22:40;;-;-;;
2735;Trovan Unique;"0006B397F6";06.07.2017;17:22:41;;-;-;;
2736;Trovan Unique;"0006B397F6";06.07.2017;17:22:42;;-;-;;
2737;Trovan Unique;"0006B397F6";06.07.2017;17:22:43;;-;-;;
2738;Trovan Unique;"0006B397F6";06.07.2017;17:22:44;;-;-;;
2739;Trovan Unique;"0006B397F6";06.07.2017;17:22:45;;-;-;;
2740;Trovan Unique;"0006B397F6";06.07.2017;17:22:46;;-;-;;
2741;Trovan Unique;"0006B397F6";06.07.2017;17:22:47;;-;-;;
2742;Trovan Unique;"0006B397F6";06.07.2017;17:22:48;;-;-;;
2743;Trovan Unique;"0006B397F6";06.07.2017;17:22:49;;-;-;;
2744;Trovan Unique;"0006B397F6";06.07.2017;17:22:50;;-;-;;
2745;Trovan Unique;"0006B397F6";06.07.2017;17:22:51;;-;-;;
2746;Trovan Unique;"0006B397F6";06.07.2017;17:22:52;;-;-;;
2747;Trovan Unique;"0006B397F6";06.07.2017;17:22:53;;-;-;;
2748;Trovan Unique;"0006B397F6";06.07.2017;17:22:54;;-;-;;
2749;Trovan Unique;"0006B397F6";06.07.2017;17:22:55;;-;-;;
2750;Trovan Unique;"0006B397F6";06.07.2017;17:22:56;;-;-;;
2751;Trovan Unique;"0006B397F6";06.07.2017;17:22:57;;-;-;;
2752;Trovan Unique;"0006B397F6";06.07.2017;17:22:58;;-;-;;
2753;Trovan Unique;"0006B397F6";06.07.2017;17:22:59;;-;-;;
2754;Trovan Unique;"0006B397F6";06.07.2017;17:23:00;;-;-;;
2755;Trovan Unique;"0006B397F6";06.07.2017;17:23:01;;-;-;;
2756;Trovan Unique;"0006B397F6";06.07.2017;17:23:02;;-;-;;
2757;Trovan Unique;"0006B397F6";06.07.2017;17:23:03;;-;-;;
2758;Trovan Unique;"0006B397F6";06.07.2017;17:23:04;;-;-;;
2759;Trovan Unique;"0006B397F6";06.07.2017;17:23:05;;-;-;;
2760;Trovan Unique;"0006B397F6";06.07.2017;17:23:06;;-;-;;
2761;Trovan Unique;"0006B397F6";06.07.2017;17:23:07;;-;-;;
2762;Trovan Unique;"0006B397F6";06.07.2017;17:23:08;;-;-;;
2763;Trovan Unique;"0006B397F6";06.07.2017;17:23:09;;-;-;;
2764;Trovan Unique;"0006B397F6";06.07.2017;17:23:10;;-;-;;
2765;Trovan Unique;"0006B397F6";06.07.2017;17:23:11;;-;-;;
2766;Trovan Unique;"0006B397F6";06.07.2017;17:23:12;;-;-;;
2767;Trovan Unique;"0006B397F6";06.07.2017;17:23:13;;-;-;;
2768;Trovan Unique;"0006B397F6";06.07.2017;17:23:14;;-;-;;
2769;Trovan Unique;"0006B397F6";06.07.2017;17:23:15;;-;-;;
2770;Trovan Unique;"0006B397F6";06.07.2017;17:23:16;;-;-;;
2771;Trovan Unique;"0006B397F6";06.07.2017;17:23:17;;-;-;;
2772;Trovan Unique;"0006B397F6";06.07.2017;17:23:18;;-;-;;
2773;Trovan Unique;"0006B397F6";06.07.2017;17:23:19;;-;-;;
2774;Trovan Unique;"0006B397F6";06.07.2017;17:23:20;;-;-;;
2775;Trovan Unique;"0006B397F6";06.07.2017;17:23:21;;-;-;;
2776;Trovan Unique;"0006B397F6";06.07.2017;17:23:22;;-;-;;
2777;Trovan Unique;"0006B397F6";06.07.2017;17:23:23;;-;-;;
2778;Trovan Unique;"0006B397F6";06.07.2017;17:23:24;;-;-;;
2779;Trovan Unique;"0006B397F6";06.07.2017;17:23:25;;-;-;;
2780;Trovan Unique;"0006B397F6";06.07.2017;17:23:26;;-;-;;
2781;Trovan Unique;"0006B397F6";06.07.2017;17:23:27;;-;-;;
2782;Trovan Unique;"0006B397F6";06.07.2017;17:23:28;;-;-;;
2783;Trovan Unique;"0006B397F6";06.07.2017;17:23:29;;-;-;;
2784;Trovan Unique;"0006B397F6";06.07.2017;17:23:30;;-;-;;
2785;Trovan Unique;"0006B397F6";06.07.2017;17:23:31;;-;-;;
2786;Trovan Unique;"0006B397F6";06.07.2017;17:23:32;;-;-;;
2787;Trovan Unique;"0006B397F6";06.07.2017;17:23:33;;-;-;;
2788;Trovan Unique;"0006B397F6";06.07.2017;17:23:34;;-;-;;
2789;Trovan Unique;"0006B397F6";06.07.2017;17:23:35;;-;-;;
2790;Trovan Unique;"0006B397F6";06.07.2017;17:23:36;;-;-;;
2791;Trovan Unique;"0006B397F6";06.07.2017;17:23:37;;-;-;;
2792;Trovan Unique;"0006B397F6";06.07.2017;17:23:38;;-;-;;
2793;Trovan Unique;"0006B397F6";06.07.2017;17:23:39;;-;-;;
2794;Trovan Unique;"0006B397F6";06.07.2017;17:23:40;;-;-;;
2795;Trovan Unique;"0006B397F6";06.07.2017;17:23:41;;-;-;;
2796;Trovan Unique;"0006B397F6";06.07.2017;17:23:42;;-;-;;
2797;Trovan Unique;"0006B397F6";06.07.2017;17:23:43;;-;-;;
2798;Trovan Unique;"0006B397F6";06.07.2017;17:23:44;;-;-;;
2799;Trovan Unique;"0006B397F6";06.07.2017;17:23:46;;-;-;;
2800;Trovan Unique;"0006B397F6";06.07.2017;17:23:47;;-;-;;
2801;Trovan Unique;"0006B397F6";06.07.2017;17:23:48;;-;-;;
2802;Trovan Unique;"0006B397F6";06.07.2017;17:23:49;;-;-;;
2803;Trovan Unique;"0006B397F6";06.07.2017;17:23:50;;-;-;;
2804;Trovan Unique;"0006B397F6";06.07.2017;17:23:51;;-;-;;
2805;Trovan Unique;"0006B397F6";06.07.2017;17:23:51;;-;-;;
2806;Trovan Unique;"0006B397F6";06.07.2017;17:23:52;;-;-;;
2807;Trovan Unique;"0006B397F6";06.07.2017;17:23:54;;-;-;;
2808;Trovan Unique;"0006B397F6";06.07.2017;17:23:55;;-;-;;
2809;Trovan Unique;"0006B397F6";06.07.2017;17:23:56;;-;-;;
2810;Trovan Unique;"0006B397F6";06.07.2017;17:23:57;;-;-;;
2811;Trovan Unique;"0006B397F6";06.07.2017;17:23:58;;-;-;;
2812;Trovan Unique;"0006B397F6";06.07.2017;17:23:59;;-;-;;
2813;Trovan Unique;"0006B397F6";06.07.2017;17:24:00;;-;-;;
2814;Trovan Unique;"0006B397F6";06.07.2017;17:24:01;;-;-;;
2815;Trovan Unique;"0006B397F6";06.07.2017;17:24:02;;-;-;;
2816;Trovan Unique;"0006B397F6";06.07.2017;17:24:03;;-;-;;
2817;Trovan Unique;"0006B397F6";06.07.2017;17:24:04;;-;-;;
2818;Trovan Unique;"0006B397F6";06.07.2017;17:24:05;;-;-;;
2819;Trovan Unique;"0006B397F6";06.07.2017;17:24:06;;-;-;;
2820;Trovan Unique;"0006B397F6";06.07.2017;17:24:07;;-;-;;
2821;Trovan Unique;"0006B397F6";06.07.2017;17:24:08;;-;-;;
2822;Trovan Unique;"0006B397F6";06.07.2017;17:24:09;;-;-;;
2823;Trovan Unique;"0006B397F6";06.07.2017;17:24:10;;-;-;;
2824;Trovan Unique;"0006B397F6";06.07.2017;17:24:11;;-;-;;
2825;Trovan Unique;"0006B397F6";06.07.2017;17:24:12;;-;-;;
2826;Trovan Unique;"0006B397F6";06.07.2017;17:24:13;;-;-;;
2827;Trovan Unique;"0006B397F6";06.07.2017;17:24:14;;-;-;;
2828;Trovan Unique;"0006B397F6";06.07.2017;17:24:15;;-;-;;
2829;Trovan Unique;"0006B397F6";06.07.2017;17:24:16;;-;-;;
2830;Trovan Unique;"0006B397F6";06.07.2017;17:24:17;;-;-;;
2831;Trovan Unique;"0006B397F6";06.07.2017;17:24:18;;-;-;;
2832;Trovan Unique;"0006B397F6";06.07.2017;17:24:19;;-;-;;
2833;Trovan Unique;"0006B397F6";06.07.2017;17:24:20;;-;-;;
2834;Trovan Unique;"0006B397F6";06.07.2017;17:24:21;;-;-;;
2835;Trovan Unique;"0006B397F6";06.07.2017;17:24:22;;-;-;;
2836;Trovan Unique;"0006B397F6";06.07.2017;17:24:23;;-;-;;
2837;Trovan Unique;"0006B397F6";06.07.2017;17:24:24;;-;-;;
2838;Trovan Unique;"0006B397F6";06.07.2017;17:24:26;;-;-;;
2839;Trovan Unique;"0006B397F6";06.07.2017;17:24:27;;-;-;;
2840;Trovan Unique;"0006B397F6";06.07.2017;17:24:28;;-;-;;
2841;Trovan Unique;"0006B397F6";06.07.2017;17:24:29;;-;-;;
2842;Trovan Unique;"0006B397F6";06.07.2017;17:24:30;;-;-;;
2843;Trovan Unique;"0006B397F6";06.07.2017;17:24:31;;-;-;;
2844;Trovan Unique;"0006B397F6";06.07.2017;17:24:32;;-;-;;
2845;Trovan Unique;"0006B397F6";06.07.2017;17:24:33;;-;-;;
2846;Trovan Unique;"0006B397F6";06.07.2017;17:24:34;;-;-;;
2847;Trovan Unique;"0006B397F6";06.07.2017;17:24:35;;-;-;;
2848;Trovan Unique;"0006B397F6";06.07.2017;17:24:36;;-;-;;
2849;Trovan Unique;"0006B397F6";06.07.2017;17:24:37;;-;-;;
2850;Trovan Unique;"0006B397F6";06.07.2017;17:24:38;;-;-;;
2851;Trovan Unique;"0006B397F6";06.07.2017;17:24:39;;-;-;;
2852;Trovan Unique;"0006B397F6";06.07.2017;17:24:40;;-;-;;
2853;Trovan Unique;"0006B397F6";06.07.2017;17:24:41;;-;-;;
2854;Trovan Unique;"0006B397F6";06.07.2017;17:24:42;;-;-;;
2855;Trovan Unique;"0006B397F6";06.07.2017;17:24:43;;-;-;;
2856;Trovan Unique;"0006B397F6";06.07.2017;17:24:44;;-;-;;
2857;Trovan Unique;"0006B397F6";06.07.2017;17:24:45;;-;-;;
2858;Trovan Unique;"0006B397F6";06.07.2017;17:24:46;;-;-;;
2859;Trovan Unique;"0006B397F6";06.07.2017;17:24:47;;-;-;;
2860;Trovan Unique;"0006B397F6";06.07.2017;17:24:48;;-;-;;
2861;Trovan Unique;"0006B397F6";06.07.2017;17:24:49;;-;-;;
2862;Trovan Unique;"0006B397F6";06.07.2017;17:24:51;;-;-;;
2863;Trovan Unique;"0006B397F6";06.07.2017;17:24:52;;-;-;;
2864;Trovan Unique;"0006B397F6";06.07.2017;17:24:53;;-;-;;
2865;Trovan Unique;"0006B397F6";06.07.2017;17:24:54;;-;-;;
2866;Trovan Unique;"0006B397F6";06.07.2017;17:24:55;;-;-;;
2867;Trovan Unique;"0006B397F6";06.07.2017;17:24:56;;-;-;;
2868;Trovan Unique;"0006B397F6";06.07.2017;17:24:57;;-;-;;
2869;Trovan Unique;"0006B397F6";06.07.2017;17:24:57;;-;-;;
2870;Trovan Unique;"0006B397F6";06.07.2017;17:24:59;;-;-;;
2871;Trovan Unique;"0006B397F6";06.07.2017;17:25:00;;-;-;;
2872;Trovan Unique;"0006B397F6";06.07.2017;17:25:01;;-;-;;
2873;Trovan Unique;"0006B397F6";06.07.2017;17:25:02;;-;-;;
2874;Trovan Unique;"0006B397F6";06.07.2017;17:25:03;;-;-;;
2875;Trovan Unique;"0006B397F6";06.07.2017;17:25:04;;-;-;;
2876;Trovan Unique;"0006B397F6";06.07.2017;17:25:05;;-;-;;
2877;Trovan Unique;"0006B397F6";06.07.2017;17:25:06;;-;-;;
2878;Trovan Unique;"0006B397F6";06.07.2017;17:25:07;;-;-;;
2879;Trovan Unique;"0006B397F6";06.07.2017;17:25:08;;-;-;;
2880;Trovan Unique;"0006B397F6";06.07.2017;17:25:09;;-;-;;
2881;Trovan Unique;"0006B397F6";06.07.2017;17:25:10;;-;-;;
2882;Trovan Unique;"0006B397F6";06.07.2017;17:25:11;;-;-;;
2883;Trovan Unique;"0006B397F6";06.07.2017;17:25:12;;-;-;;
2884;Trovan Unique;"0006B397F6";06.07.2017;17:25:13;;-;-;;
2885;Trovan Unique;"0006B397F6";06.07.2017;17:25:14;;-;-;;
2886;Trovan Unique;"0006B397F6";06.07.2017;17:25:15;;-;-;;
2887;Trovan Unique;"0006B397F6";06.07.2017;17:25:16;;-;-;;
2888;Trovan Unique;"0006B397F6";06.07.2017;17:25:17;;-;-;;
2889;Trovan Unique;"0006B397F6";06.07.2017;17:25:18;;-;-;;
2890;Trovan Unique;"0006B397F6";06.07.2017;17:25:19;;-;-;;
2891;Trovan Unique;"0006B397F6";06.07.2017;17:25:21;;-;-;;
2892;Trovan Unique;"0006B397F6";06.07.2017;17:25:22;;-;-;;
2893;Trovan Unique;"0006B397F6";06.07.2017;17:25:23;;-;-;;
2894;Trovan Unique;"0006B397F6";06.07.2017;17:25:24;;-;-;;
2895;Trovan Unique;"0006B397F6";06.07.2017;17:25:25;;-;-;;
2896;Trovan Unique;"0006B397F6";06.07.2017;17:25:26;;-;-;;
2897;Trovan Unique;"0006B397F6";06.07.2017;17:25:27;;-;-;;
2898;Trovan Unique;"0006B397F6";06.07.2017;17:25:28;;-;-;;
2899;Trovan Unique;"0006B397F6";06.07.2017;17:25:29;;-;-;;
2900;Trovan Unique;"0006B397F6";06.07.2017;17:25:30;;-;-;;
2901;Trovan Unique;"0006B397F6";06.07.2017;17:25:31;;-;-;;
2902;Trovan Unique;"0006B397F6";06.07.2017;17:25:32;;-;-;;
2903;Trovan Unique;"0006B397F6";06.07.2017;17:25:33;;-;-;;
2904;Trovan Unique;"0006B397F6";06.07.2017;17:25:34;;-;-;;
2905;Trovan Unique;"0006B397F6";06.07.2017;17:25:35;;-;-;;
2906;Trovan Unique;"0006B397F6";06.07.2017;17:25:36;;-;-;;
2907;Trovan Unique;"0006B397F6";06.07.2017;17:25:37;;-;-;;
2908;Trovan Unique;"0006B397F6";06.07.2017;17:25:39;;-;-;;
2909;Trovan Unique;"0006B397F6";06.07.2017;17:25:40;;-;-;;
2910;Trovan Unique;"0006B397F6";06.07.2017;17:25:41;;-;-;;
2911;Trovan Unique;"0006B397F6";06.07.2017;17:25:42;;-;-;;
2912;Trovan Unique;"0006B397F6";06.07.2017;17:25:43;;-;-;;
2913;Trovan Unique;"0006B397F6";06.07.2017;17:25:44;;-;-;;
2914;Trovan Unique;"0006B397F6";06.07.2017;17:25:45;;-;-;;
2915;Trovan Unique;"0006B397F6";06.07.2017;17:25:46;;-;-;;
2916;Trovan Unique;"0006B397F6";06.07.2017;17:25:47;;-;-;;
2917;Trovan Unique;"0006B397F6";06.07.2017;17:25:48;;-;-;;
2918;Trovan Unique;"0006B397F6";06.07.2017;17:25:49;;-;-;;
2919;Trovan Unique;"0006B397F6";06.07.2017;17:25:50;;-;-;;
2920;Trovan Unique;"0006B397F6";06.07.2017;17:25:51;;-;-;;
2921;Trovan Unique;"0006B397F6";06.07.2017;17:25:52;;-;-;;
2922;Trovan Unique;"0006B397F6";06.07.2017;17:25:53;;-;-;;
2923;Trovan Unique;"0006B397F6";06.07.2017;17:25:54;;-;-;;
2924;Trovan Unique;"0006B397F6";06.07.2017;17:25:55;;-;-;;
2925;Trovan Unique;"0006B397F6";06.07.2017;17:25:56;;-;-;;
2926;Trovan Unique;"0006B397F6";06.07.2017;17:25:57;;-;-;;
2927;Trovan Unique;"0006B397F6";06.07.2017;17:25:58;;-;-;;
2928;Trovan Unique;"0006B397F6";06.07.2017;17:26:00;;-;-;;
2929;Trovan Unique;"0006B397F6";06.07.2017;17:26:02;;-;-;;
2930;Trovan Unique;"0006B397F6";06.07.2017;17:26:03;;-;-;;
2931;Trovan Unique;"0006B397F6";06.07.2017;17:26:04;;-;-;;
2932;Trovan Unique;"0006B397F6";06.07.2017;17:26:05;;-;-;;
2933;Trovan Unique;"0006B397F6";06.07.2017;17:26:06;;-;-;;
2934;Trovan Unique;"0006B397F6";06.07.2017;17:26:07;;-;-;;
2935;Trovan Unique;"0006B397F6";06.07.2017;17:26:08;;-;-;;
2936;Trovan Unique;"0006B397F6";06.07.2017;17:26:09;;-;-;;
2937;Trovan Unique;"0006B397F6";06.07.2017;17:26:10;;-;-;;
2938;Trovan Unique;"0006B397F6";06.07.2017;17:26:11;;-;-;;
2939;Trovan Unique;"0006B397F6";06.07.2017;17:26:12;;-;-;;
2940;Trovan Unique;"0006B397F6";06.07.2017;17:26:13;;-;-;;
2941;Trovan Unique;"0006B397F6";06.07.2017;17:26:14;;-;-;;
2942;Trovan Unique;"0006B397F6";06.07.2017;17:26:16;;-;-;;
2943;Trovan Unique;"0006B397F6";06.07.2017;17:26:17;;-;-;;
2944;Trovan Unique;"0006B397F6";06.07.2017;17:26:18;;-;-;;
2945;Trovan Unique;"0006B397F6";06.07.2017;17:26:19;;-;-;;
2946;Trovan Unique;"0006B397F6";06.07.2017;17:26:20;;-;-;;
2947;Trovan Unique;"0006B397F6";06.07.2017;17:26:21;;-;-;;
2948;Trovan Unique;"0006B397F6";06.07.2017;17:26:22;;-;-;;
2949;Trovan Unique;"0006B397F6";06.07.2017;17:26:23;;-;-;;
2950;Trovan Unique;"0006B397F6";06.07.2017;17:26:24;;-;-;;
2951;Trovan Unique;"0006B397F6";06.07.2017;17:26:25;;-;-;;
2952;Trovan Unique;"0006B397F6";06.07.2017;17:26:26;;-;-;;
2953;Trovan Unique;"0006B397F6";06.07.2017;17:26:27;;-;-;;
2954;Trovan Unique;"0006B397F6";06.07.2017;17:26:28;;-;-;;
2955;Trovan Unique;"0006B397F6";06.07.2017;17:26:29;;-;-;;
2956;Trovan Unique;"0006B397F6";06.07.2017;17:26:30;;-;-;;
2957;Trovan Unique;"0006B397F6";06.07.2017;17:26:31;;-;-;;
2958;Trovan Unique;"0006B397F6";06.07.2017;17:26:32;;-;-;;
2959;Trovan Unique;"0006B397F6";06.07.2017;17:26:33;;-;-;;
2960;Trovan Unique;"0006B397F6";06.07.2017;17:26:34;;-;-;;
2961;Trovan Unique;"0006B397F6";06.07.2017;17:26:35;;-;-;;
2962;Trovan Unique;"0006B397F6";06.07.2017;17:26:36;;-;-;;
2963;Trovan Unique;"0006B397F6";06.07.2017;17:26:37;;-;-;;
2964;Trovan Unique;"0006B397F6";06.07.2017;17:26:38;;-;-;;
2965;Trovan Unique;"0006B397F6";06.07.2017;17:26:39;;-;-;;
2966;Trovan Unique;"0006B397F6";06.07.2017;17:26:40;;-;-;;
2967;Trovan Unique;"0006B397F6";06.07.2017;17:26:41;;-;-;;
2968;Trovan Unique;"0006B397F6";06.07.2017;17:26:42;;-;-;;
2969;Trovan Unique;"0006B397F6";06.07.2017;17:26:44;;-;-;;
2970;Trovan Unique;"0006B397F6";06.07.2017;17:26:45;;-;-;;
2971;Trovan Unique;"0006B397F6";06.07.2017;17:26:46;;-;-;;
2972;Trovan Unique;"0006B397F6";06.07.2017;17:26:47;;-;-;;
2973;Trovan Unique;"0006B397F6";06.07.2017;17:26:48;;-;-;;
2974;Trovan Unique;"0006B397F6";06.07.2017;17:26:49;;-;-;;
2975;Trovan Unique;"0006B397F6";06.07.2017;17:26:50;;-;-;;
2976;Trovan Unique;"0006B397F6";06.07.2017;17:26:51;;-;-;;
2977;Trovan Unique;"0006B397F6";06.07.2017;17:26:52;;-;-;;
2978;Trovan Unique;"0006B397F6";06.07.2017;17:26:53;;-;-;;
2979;Trovan Unique;"0006B397F6";06.07.2017;17:26:54;;-;-;;
2980;Trovan Unique;"0006B397F6";06.07.2017;17:26:55;;-;-;;
2981;Trovan Unique;"0006B397F6";06.07.2017;17:26:56;;-;-;;
2982;Trovan Unique;"0006B397F6";06.07.2017;17:26:57;;-;-;;
2983;Trovan Unique;"0006B397F6";06.07.2017;17:26:58;;-;-;;
2984;Trovan Unique;"0006B397F6";06.07.2017;17:26:59;;-;-;;
2985;Trovan Unique;"0006B397F6";06.07.2017;17:27:00;;-;-;;
2986;Trovan Unique;"0006B397F6";06.07.2017;17:27:01;;-;-;;
2987;Trovan Unique;"0006B397F6";06.07.2017;17:27:02;;-;-;;
2988;Trovan Unique;"0006B397F6";06.07.2017;17:27:03;;-;-;;
2989;Trovan Unique;"0006B397F6";06.07.2017;17:27:04;;-;-;;
2990;Trovan Unique;"0006B397F6";06.07.2017;17:27:05;;-;-;;
2991;Trovan Unique;"0006B397F6";06.07.2017;17:27:06;;-;-;;
2992;Trovan Unique;"0006B397F6";06.07.2017;17:27:07;;-;-;;
2993;Trovan Unique;"0006B397F6";06.07.2017;17:27:08;;-;-;;
2994;Trovan Unique;"0006B397F6";06.07.2017;17:27:09;;-;-;;
2995;Trovan Unique;"0006B397F6";06.07.2017;17:27:11;;-;-;;
2996;Trovan Unique;"0006B397F6";06.07.2017;17:27:12;;-;-;;
2997;Trovan Unique;"0006B397F6";06.07.2017;17:27:13;;-;-;;
2998;Trovan Unique;"0006B397F6";06.07.2017;17:27:14;;-;-;;
2999;Trovan Unique;"0006B397F6";06.07.2017;17:27:15;;-;-;;
3000;Trovan Unique;"0006B397F6";06.07.2017;17:27:16;;-;-;;
3001;Trovan Unique;"0006B397F6";06.07.2017;17:27:17;;-;-;;
3002;Trovan Unique;"0006B397F6";06.07.2017;17:27:18;;-;-;;
3003;Trovan Unique;"0006B397F6";06.07.2017;17:27:19;;-;-;;
3004;Trovan Unique;"0006B397F6";06.07.2017;17:27:20;;-;-;;
3005;Trovan Unique;"0006B397F6";06.07.2017;17:27:21;;-;-;;
3006;Trovan Unique;"0006B397F6";06.07.2017;17:27:22;;-;-;;
3007;Trovan Unique;"0006B397F6";06.07.2017;17:27:23;;-;-;;
3008;Trovan Unique;"0006B397F6";06.07.2017;17:27:24;;-;-;;
3009;Trovan Unique;"0006B397F6";06.07.2017;17:27:25;;-;-;;
3010;Trovan Unique;"0006B397F6";06.07.2017;17:27:26;;-;-;;
3011;Trovan Unique;"0006B397F6";06.07.2017;17:27:27;;-;-;;
3012;Trovan Unique;"0006B397F6";06.07.2017;17:27:28;;-;-;;
3013;Trovan Unique;"0006B397F6";06.07.2017;17:27:29;;-;-;;
3014;Trovan Unique;"0006B397F6";06.07.2017;17:27:30;;-;-;;
3015;Trovan Unique;"0006B397F6";06.07.2017;17:27:31;;-;-;;
3016;Trovan Unique;"0006B397F6";06.07.2017;17:27:32;;-;-;;
3017;Trovan Unique;"0006B397F6";06.07.2017;17:27:33;;-;-;;
3018;Trovan Unique;"0006B397F6";06.07.2017;17:27:34;;-;-;;
3019;Trovan Unique;"0006B397F6";06.07.2017;17:27:35;;-;-;;
3020;Trovan Unique;"0006B397F6";06.07.2017;17:27:36;;-;-;;
3021;Trovan Unique;"0006B397F6";06.07.2017;17:27:37;;-;-;;
3022;Trovan Unique;"0006B397F6";06.07.2017;17:27:38;;-;-;;
3023;Trovan Unique;"0006B397F6";06.07.2017;17:27:39;;-;-;;
3024;Trovan Unique;"0006B397F6";06.07.2017;17:27:40;;-;-;;
3025;Trovan Unique;"0006B397F6";06.07.2017;17:27:41;;-;-;;
3026;Trovan Unique;"0006B397F6";06.07.2017;17:27:42;;-;-;;
3027;Trovan Unique;"0006B397F6";06.07.2017;17:27:43;;-;-;;
3028;Trovan Unique;"0006B397F6";06.07.2017;17:27:44;;-;-;;
3029;Trovan Unique;"0006B397F6";06.07.2017;17:27:45;;-;-;;
3030;Trovan Unique;"0006B397F6";06.07.2017;17:27:46;;-;-;;
3031;Trovan Unique;"0006B397F6";06.07.2017;17:27:47;;-;-;;
3032;Trovan Unique;"0006B397F6";06.07.2017;17:27:48;;-;-;;
3033;Trovan Unique;"0006B397F6";06.07.2017;17:27:49;;-;-;;
3034;Trovan Unique;"0006B397F6";06.07.2017;17:27:50;;-;-;;
3035;Trovan Unique;"0006B397F6";06.07.2017;17:27:51;;-;-;;
3036;Trovan Unique;"0006B397F6";06.07.2017;17:27:52;;-;-;;
3037;Trovan Unique;"0006B397F6";06.07.2017;17:27:53;;-;-;;
3038;Trovan Unique;"0006B397F6";06.07.2017;17:27:54;;-;-;;
3039;Trovan Unique;"0006B397F6";06.07.2017;17:27:55;;-;-;;
3040;Trovan Unique;"0006B397F6";06.07.2017;17:27:56;;-;-;;
3041;Trovan Unique;"0006B397F6";06.07.2017;17:27:57;;-;-;;
3042;Trovan Unique;"0006B397F6";06.07.2017;17:27:58;;-;-;;
3043;Trovan Unique;"0006B397F6";06.07.2017;17:27:59;;-;-;;
3044;Trovan Unique;"0006B397F6";06.07.2017;17:28:00;;-;-;;
3045;Trovan Unique;"0006B397F6";06.07.2017;17:28:01;;-;-;;
3046;Trovan Unique;"0006B397F6";06.07.2017;17:28:02;;-;-;;
3047;Trovan Unique;"0006B397F6";06.07.2017;17:28:03;;-;-;;
3048;Trovan Unique;"0006B397F6";06.07.2017;17:28:04;;-;-;;
3049;Trovan Unique;"0006B397F6";06.07.2017;17:28:05;;-;-;;
3050;Trovan Unique;"0006B397F6";06.07.2017;17:28:06;;-;-;;
3051;Trovan Unique;"0006B397F6";06.07.2017;17:28:07;;-;-;;
3052;Trovan Unique;"0006B397F6";06.07.2017;17:28:08;;-;-;;
3053;Trovan Unique;"0006B397F6";06.07.2017;17:28:09;;-;-;;
3054;Trovan Unique;"0006B397F6";06.07.2017;17:28:11;;-;-;;
3055;Trovan Unique;"0006B397F6";06.07.2017;17:28:12;;-;-;;
3056;Trovan Unique;"0006B397F6";06.07.2017;17:28:13;;-;-;;
3057;Trovan Unique;"0006B397F6";06.07.2017;17:28:14;;-;-;;
3058;Trovan Unique;"0006B397F6";06.07.2017;17:28:15;;-;-;;
3059;Trovan Unique;"0006B397F6";06.07.2017;17:28:16;;-;-;;
3060;Trovan Unique;"0006B397F6";06.07.2017;17:28:17;;-;-;;
3061;Trovan Unique;"0006B397F6";06.07.2017;17:28:18;;-;-;;
3062;Trovan Unique;"0006B397F6";06.07.2017;17:28:19;;-;-;;
3063;Trovan Unique;"0006B397F6";06.07.2017;17:28:20;;-;-;;
3064;Trovan Unique;"0006B397F6";06.07.2017;17:28:21;;-;-;;
3065;Trovan Unique;"0006B397F6";06.07.2017;17:28:22;;-;-;;
3066;Trovan Unique;"0006B397F6";06.07.2017;17:28:23;;-;-;;
3067;Trovan Unique;"0006B397F6";06.07.2017;17:28:24;;-;-;;
3068;Trovan Unique;"0006B397F6";06.07.2017;17:28:25;;-;-;;
3069;Trovan Unique;"0006B397F6";06.07.2017;17:28:26;;-;-;;
3070;Trovan Unique;"0006B397F6";06.07.2017;17:28:27;;-;-;;
3071;Trovan Unique;"0006B397F6";06.07.2017;17:28:28;;-;-;;
3072;Trovan Unique;"0006B397F6";06.07.2017;17:28:29;;-;-;;
3073;Trovan Unique;"0006B397F6";06.07.2017;17:28:30;;-;-;;
3074;Trovan Unique;"0006B397F6";06.07.2017;17:28:31;;-;-;;
3075;Trovan Unique;"0006B397F6";06.07.2017;17:28:32;;-;-;;
3076;Trovan Unique;"0006B397F6";06.07.2017;17:28:33;;-;-;;
3077;Trovan Unique;"0006B397F6";06.07.2017;17:28:34;;-;-;;
3078;Trovan Unique;"0006B397F6";06.07.2017;17:28:35;;-;-;;
3079;Trovan Unique;"0006B397F6";06.07.2017;17:28:36;;-;-;;
3080;Trovan Unique;"0006B397F6";06.07.2017;17:28:37;;-;-;;
3081;Trovan Unique;"0006B397F6";06.07.2017;17:28:38;;-;-;;
3082;Trovan Unique;"0006B397F6";06.07.2017;17:28:39;;-;-;;
3083;Trovan Unique;"0006B397F6";06.07.2017;17:28:40;;-;-;;
3084;Trovan Unique;"0006B397F6";06.07.2017;17:28:42;;-;-;;
3085;Trovan Unique;"0006B397F6";06.07.2017;17:28:44;;-;-;;
3086;Trovan Unique;"0006B397F6";06.07.2017;17:28:45;;-;-;;
3087;Trovan Unique;"0006B397F6";06.07.2017;17:28:46;;-;-;;
3088;Trovan Unique;"0006B397F6";06.07.2017;17:28:47;;-;-;;
3089;Trovan Unique;"0006B397F6";06.07.2017;17:28:48;;-;-;;
3090;Trovan Unique;"0006B397F6";06.07.2017;17:28:49;;-;-;;
3091;Trovan Unique;"0006B397F6";06.07.2017;17:28:50;;-;-;;
3092;Trovan Unique;"0006B397F6";06.07.2017;17:28:51;;-;-;;
3093;Trovan Unique;"0006B397F6";06.07.2017;17:28:52;;-;-;;
3094;Trovan Unique;"0006B397F6";06.07.2017;17:28:53;;-;-;;
3095;Trovan Unique;"0006B397F6";06.07.2017;17:28:54;;-;-;;
3096;Trovan Unique;"0006B397F6";06.07.2017;17:28:55;;-;-;;
3097;Trovan Unique;"0006B397F6";06.07.2017;17:28:57;;-;-;;
3098;Trovan Unique;"0006B397F6";06.07.2017;17:28:58;;-;-;;
3099;Trovan Unique;"0006B397F6";06.07.2017;17:28:59;;-;-;;
3100;Trovan Unique;"0006B397F6";06.07.2017;17:29:00;;-;-;;
3101;Trovan Unique;"0006B397F6";06.07.2017;17:29:01;;-;-;;
3102;Trovan Unique;"0006B397F6";06.07.2017;17:29:02;;-;-;;
3103;Trovan Unique;"0006B397F6";06.07.2017;17:29:03;;-;-;;
3104;Trovan Unique;"0006B397F6";06.07.2017;17:29:04;;-;-;;
3105;Trovan Unique;"0006B397F6";06.07.2017;17:29:05;;-;-;;
3106;Trovan Unique;"0006B397F6";06.07.2017;17:29:06;;-;-;;
3107;Trovan Unique;"0006B397F6";06.07.2017;17:29:07;;-;-;;
3108;Trovan Unique;"0006B397F6";06.07.2017;17:29:08;;-;-;;
3109;Trovan Unique;"0006B397F6";06.07.2017;17:29:09;;-;-;;
3110;Trovan Unique;"0006B397F6";06.07.2017;17:29:10;;-;-;;
3111;Trovan Unique;"0006B397F6";06.07.2017;17:29:11;;-;-;;
3112;Trovan Unique;"0006B397F6";06.07.2017;17:29:13;;-;-;;
3113;Trovan Unique;"0006B397F6";06.07.2017;17:29:14;;-;-;;
3114;Trovan Unique;"0006B397F6";06.07.2017;17:29:15;;-;-;;
3115;Trovan Unique;"0006B397F6";06.07.2017;17:29:16;;-;-;;
3116;Trovan Unique;"0006B397F6";06.07.2017;17:29:17;;-;-;;
3117;Trovan Unique;"0006B397F6";06.07.2017;17:29:18;;-;-;;
3118;Trovan Unique;"0006B397F6";06.07.2017;17:29:19;;-;-;;
3119;Trovan Unique;"0006B397F6";06.07.2017;17:29:20;;-;-;;
3120;Trovan Unique;"0006B397F6";06.07.2017;17:29:21;;-;-;;
3121;Trovan Unique;"0006B397F6";06.07.2017;17:29:22;;-;-;;
3122;Trovan Unique;"0006B397F6";06.07.2017;17:29:23;;-;-;;
3123;Trovan Unique;"0006B397F6";06.07.2017;17:29:24;;-;-;;
3124;Trovan Unique;"0006B397F6";06.07.2017;17:29:25;;-;-;;
3125;Trovan Unique;"0006B397F6";06.07.2017;17:29:26;;-;-;;
3126;Trovan Unique;"0006B397F6";06.07.2017;17:29:27;;-;-;;
3127;Trovan Unique;"0006B397F6";06.07.2017;17:29:28;;-;-;;
3128;Trovan Unique;"0006B397F6";06.07.2017;17:29:29;;-;-;;
3129;Trovan Unique;"0006B397F6";06.07.2017;17:29:30;;-;-;;
3130;Trovan Unique;"0006B397F6";06.07.2017;17:29:31;;-;-;;
3131;Trovan Unique;"0006B397F6";06.07.2017;17:29:32;;-;-;;
3132;Trovan Unique;"0006B397F6";06.07.2017;17:29:34;;-;-;;
3133;Trovan Unique;"0006B397F6";06.07.2017;17:29:35;;-;-;;
3134;Trovan Unique;"0006B397F6";06.07.2017;17:29:36;;-;-;;
3135;Trovan Unique;"0006B397F6";06.07.2017;17:29:37;;-;-;;
3136;Trovan Unique;"0006B397F6";06.07.2017;17:29:38;;-;-;;
3137;Trovan Unique;"0006B397F6";06.07.2017;17:29:39;;-;-;;
3138;Trovan Unique;"0006B397F6";06.07.2017;17:29:40;;-;-;;
3139;Trovan Unique;"0006B397F6";06.07.2017;17:29:41;;-;-;;
3140;Trovan Unique;"0006B397F6";06.07.2017;17:29:42;;-;-;;
3141;Trovan Unique;"0006B397F6";06.07.2017;17:29:43;;-;-;;
3142;Trovan Unique;"0006B397F6";06.07.2017;17:29:44;;-;-;;
3143;Trovan Unique;"0006B397F6";06.07.2017;17:29:45;;-;-;;
3144;Trovan Unique;"0006B397F6";06.07.2017;17:29:46;;-;-;;
3145;Trovan Unique;"0006B397F6";06.07.2017;17:29:47;;-;-;;
3146;Trovan Unique;"0006B397F6";06.07.2017;17:29:48;;-;-;;
3147;Trovan Unique;"0006B397F6";06.07.2017;17:29:49;;-;-;;
3148;Trovan Unique;"0006B397F6";06.07.2017;17:29:50;;-;-;;
3149;Trovan Unique;"0006B397F6";06.07.2017;17:29:51;;-;-;;
