#;Transponder Type:;Transponder Code:;Date:;Time:;Event:;Unit #:;Antenna #:;Memo:;Custom:;
0;Trovan Unique;"0006B3B283";08.07.2017;11:49:25;;-;-;;
1;Trovan Unique;"0006B3B283";08.07.2017;11:49:27;;-;-;;
2;Trovan Unique;"00075CE5CF";08.07.2017;13:33:40;;-;-;;
3;Trovan Unique;"00075CE5CF";08.07.2017;13:33:42;;-;-;;
4;Trovan Unique;"00075CE5CF";08.07.2017;13:33:45;;-;-;;
5;Trovan Unique;"00075CE5CF";08.07.2017;13:33:47;;-;-;;
6;Trovan Unique;"00075CE5CF";08.07.2017;13:34:32;;-;-;;
7;Trovan Unique;"00075CE5CF";08.07.2017;13:40:54;;-;-;;
8;Trovan Unique;"00075CE5CF";08.07.2017;15:54:01;;-;-;;
9;Trovan Unique;"00075CE5CF";08.07.2017;15:54:02;;-;-;;
10;Trovan Unique;"00075CE5CF";08.07.2017;15:54:03;;-;-;;
11;Trovan Unique;"00075CE5CF";08.07.2017;15:54:04;;-;-;;
12;Trovan Unique;"00075CE5CF";08.07.2017;15:54:14;;-;-;;
13;Trovan Unique;"00075CE5CF";08.07.2017;15:54:15;;-;-;;
14;Trovan Unique;"00075CE5CF";08.07.2017;15:54:20;;-;-;;
15;Trovan Unique;"00075CE5CF";08.07.2017;15:54:21;;-;-;;
16;Trovan Unique;"00075CE5CF";08.07.2017;15:54:24;;-;-;;
17;Trovan Unique;"00075CE5CF";08.07.2017;15:54:25;;-;-;;
18;Trovan Unique;"00075CE5CF";08.07.2017;15:54:26;;-;-;;
19;Trovan Unique;"00075CE5CF";08.07.2017;15:54:27;;-;-;;
20;Trovan Unique;"00075CE5CF";08.07.2017;15:54:28;;-;-;;
21;Trovan Unique;"00075CE5CF";08.07.2017;15:54:29;;-;-;;
22;Trovan Unique;"00075CE5CF";08.07.2017;15:54:30;;-;-;;
23;Trovan Unique;"00075CE5CF";08.07.2017;15:54:31;;-;-;;
24;Trovan Unique;"00075CE5CF";08.07.2017;15:54:33;;-;-;;
25;Trovan Unique;"00075CE5CF";08.07.2017;15:54:34;;-;-;;
26;Trovan Unique;"00075CE5CF";08.07.2017;15:54:35;;-;-;;
27;Trovan Unique;"00075CE5CF";08.07.2017;15:54:36;;-;-;;
28;Trovan Unique;"00075CE5CF";08.07.2017;15:54:40;;-;-;;
29;Trovan Unique;"00075CE5CF";08.07.2017;15:54:47;;-;-;;
30;Trovan Unique;"00075CE5CF";08.07.2017;15:54:49;;-;-;;
31;Trovan Unique;"00075CE5CF";08.07.2017;15:54:50;;-;-;;
32;Trovan Unique;"00075CE5CF";08.07.2017;15:54:53;;-;-;;
33;Trovan Unique;"00075CE5CF";08.07.2017;15:54:58;;-;-;;
34;Trovan Unique;"00075CE5CF";08.07.2017;15:54:59;;-;-;;
35;Trovan Unique;"00075CE5CF";08.07.2017;15:55:00;;-;-;;
36;Trovan Unique;"00075CE5CF";08.07.2017;15:55:01;;-;-;;
37;Trovan Unique;"00075CE5CF";08.07.2017;15:55:02;;-;-;;
38;Trovan Unique;"00075CE5CF";08.07.2017;15:55:05;;-;-;;
39;Trovan Unique;"00075CE5CF";08.07.2017;15:55:09;;-;-;;
40;Trovan Unique;"00075CE5CF";08.07.2017;15:55:10;;-;-;;
41;Trovan Unique;"00075CE5CF";08.07.2017;15:55:24;;-;-;;
42;Trovan Unique;"00075CE5CF";08.07.2017;15:55:25;;-;-;;
43;Trovan Unique;"00075CE5CF";08.07.2017;15:55:26;;-;-;;
44;Trovan Unique;"00075CE5CF";08.07.2017;15:55:27;;-;-;;
45;Trovan Unique;"00075CE5CF";08.07.2017;15:55:28;;-;-;;
46;Trovan Unique;"00075CE5CF";08.07.2017;15:55:30;;-;-;;
47;Trovan Unique;"00075CE5CF";08.07.2017;15:55:31;;-;-;;
48;Trovan Unique;"00075CE5CF";08.07.2017;15:55:32;;-;-;;
49;Trovan Unique;"00075CE5CF";08.07.2017;15:55:33;;-;-;;
50;Trovan Unique;"00075CE5CF";08.07.2017;15:55:34;;-;-;;
51;Trovan Unique;"00075CE5CF";08.07.2017;15:55:35;;-;-;;
52;Trovan Unique;"00075CE5CF";08.07.2017;15:55:36;;-;-;;
53;Trovan Unique;"00075CE5CF";08.07.2017;15:55:37;;-;-;;
54;Trovan Unique;"00075CE5CF";08.07.2017;15:55:38;;-;-;;
55;Trovan Unique;"00075CE5CF";08.07.2017;15:55:39;;-;-;;
56;Trovan Unique;"00075CE5CF";08.07.2017;15:55:40;;-;-;;
57;Trovan Unique;"00075CE5CF";08.07.2017;15:55:41;;-;-;;
58;Trovan Unique;"00075CE5CF";08.07.2017;15:55:42;;-;-;;
59;Trovan Unique;"00075CE5CF";08.07.2017;15:55:43;;-;-;;
60;Trovan Unique;"00075CE5CF";08.07.2017;15:55:44;;-;-;;
61;Trovan Unique;"00075CE5CF";08.07.2017;15:55:45;;-;-;;
62;Trovan Unique;"00075CE5CF";08.07.2017;15:55:47;;-;-;;
63;Trovan Unique;"00075CE5CF";08.07.2017;15:55:48;;-;-;;
64;Trovan Unique;"00075CE5CF";08.07.2017;15:55:49;;-;-;;
65;Trovan Unique;"00075CE5CF";08.07.2017;15:55:50;;-;-;;
66;Trovan Unique;"00075CE5CF";08.07.2017;15:55:51;;-;-;;
67;Trovan Unique;"0006B35F23";08.07.2017;15:56:28;;-;-;;
68;Trovan Unique;"0006B35F23";08.07.2017;15:56:29;;-;-;;
69;Trovan Unique;"0006B35F23";08.07.2017;15:56:31;;-;-;;
70;Trovan Unique;"0006B35F23";08.07.2017;15:56:32;;-;-;;
71;Trovan Unique;"0006B35F23";08.07.2017;15:56:33;;-;-;;
72;Trovan Unique;"0006B35F23";08.07.2017;15:56:36;;-;-;;
73;Trovan Unique;"0006B35F23";08.07.2017;15:56:41;;-;-;;
74;Trovan Unique;"00075CE5CF";08.07.2017;15:56:59;;-;-;;
75;Trovan Unique;"00075CE5CF";08.07.2017;15:57:00;;-;-;;
76;Trovan Unique;"0006B35F23";08.07.2017;15:57:02;;-;-;;
77;Trovan Unique;"0006B35F23";08.07.2017;15:57:03;;-;-;;
78;Trovan Unique;"0006B35F23";08.07.2017;15:57:04;;-;-;;
79;Trovan Unique;"00075CE5CF";08.07.2017;15:57:06;;-;-;;
80;Trovan Unique;"00075CE5CF";08.07.2017;15:57:27;;-;-;;
81;Trovan Unique;"00075CE5CF";08.07.2017;15:57:32;;-;-;;
82;Trovan Unique;"00075CE5CF";08.07.2017;15:57:33;;-;-;;
83;Trovan Unique;"00075CE5CF";08.07.2017;15:57:35;;-;-;;
84;Trovan Unique;"00075CE5CF";08.07.2017;15:57:36;;-;-;;
85;Trovan Unique;"00075CE5CF";08.07.2017;15:57:37;;-;-;;
86;Trovan Unique;"00075CE5CF";08.07.2017;15:57:48;;-;-;;
87;Trovan Unique;"00075CE5CF";08.07.2017;15:57:49;;-;-;;
88;Trovan Unique;"00075CE5CF";08.07.2017;15:57:54;;-;-;;
89;Trovan Unique;"00075CE5CF";08.07.2017;15:58:23;;-;-;;
90;Trovan Unique;"00075CE5CF";08.07.2017;15:58:25;;-;-;;
91;Trovan Unique;"00075CE5CF";08.07.2017;15:58:33;;-;-;;
92;Trovan Unique;"00075CE5CF";08.07.2017;15:58:47;;-;-;;
93;Trovan Unique;"00075CE5CF";08.07.2017;15:58:49;;-;-;;
94;Trovan Unique;"00075CE5CF";08.07.2017;15:58:51;;-;-;;
95;Trovan Unique;"00075CE5CF";08.07.2017;15:58:53;;-;-;;
96;Trovan Unique;"00075CE5CF";08.07.2017;15:58:54;;-;-;;
97;Trovan Unique;"00075CE5CF";08.07.2017;15:58:57;;-;-;;
98;Trovan Unique;"00075CE5CF";08.07.2017;15:58:58;;-;-;;
99;Trovan Unique;"0006B35F23";08.07.2017;15:59:40;;-;-;;
100;Trovan Unique;"0006B35F23";08.07.2017;15:59:48;;-;-;;
101;Trovan Unique;"0006B35F23";08.07.2017;15:59:52;;-;-;;
102;Trovan Unique;"0006B35F23";08.07.2017;15:59:53;;-;-;;
103;Trovan Unique;"0006B35F23";08.07.2017;15:59:54;;-;-;;
104;Trovan Unique;"0006B35F23";08.07.2017;15:59:55;;-;-;;
105;Trovan Unique;"00075CE5CF";08.07.2017;15:59:57;;-;-;;
106;Trovan Unique;"00075CE5CF";08.07.2017;15:59:58;;-;-;;
107;Trovan Unique;"00075CE5CF";08.07.2017;16:00:00;;-;-;;
108;Trovan Unique;"00075CE5CF";08.07.2017;16:00:03;;-;-;;
109;Trovan Unique;"0006B35F23";08.07.2017;16:00:04;;-;-;;
110;Trovan Unique;"0006B35F23";08.07.2017;16:00:05;;-;-;;
111;Trovan Unique;"0006B35F23";08.07.2017;16:00:06;;-;-;;
112;Trovan Unique;"0006B35F23";08.07.2017;16:00:07;;-;-;;
113;Trovan Unique;"0006B35F23";08.07.2017;16:00:08;;-;-;;
114;Trovan Unique;"0006B35F23";08.07.2017;16:00:09;;-;-;;
115;Trovan Unique;"0006B35F23";08.07.2017;16:00:10;;-;-;;
116;Trovan Unique;"0006B35F23";08.07.2017;16:00:11;;-;-;;
117;Trovan Unique;"0006B35F23";08.07.2017;16:00:12;;-;-;;
118;Trovan Unique;"0006B35F23";08.07.2017;16:00:13;;-;-;;
119;Trovan Unique;"0006B35F23";08.07.2017;16:00:14;;-;-;;
120;Trovan Unique;"0006B35F23";08.07.2017;16:00:15;;-;-;;
121;Trovan Unique;"0006B35F23";08.07.2017;16:00:16;;-;-;;
122;Trovan Unique;"0006B35F23";08.07.2017;16:00:17;;-;-;;
123;Trovan Unique;"0006B35F23";08.07.2017;16:00:18;;-;-;;
124;Trovan Unique;"0006B35F23";08.07.2017;16:00:19;;-;-;;
125;Trovan Unique;"00075CE5CF";08.07.2017;16:00:21;;-;-;;
126;Trovan Unique;"00075CE5CF";08.07.2017;16:00:23;;-;-;;
127;Trovan Unique;"00075CE5CF";08.07.2017;16:00:24;;-;-;;
128;Trovan Unique;"00075CE5CF";08.07.2017;16:00:25;;-;-;;
129;Trovan Unique;"00075CE5CF";08.07.2017;16:00:26;;-;-;;
130;Trovan Unique;"00075CE5CF";08.07.2017;16:00:27;;-;-;;
131;Trovan Unique;"00075CE5CF";08.07.2017;16:00:29;;-;-;;
132;Trovan Unique;"00075CE5CF";08.07.2017;16:00:30;;-;-;;
133;Trovan Unique;"00075CE5CF";08.07.2017;16:00:31;;-;-;;
134;Trovan Unique;"00075CE5CF";08.07.2017;16:00:32;;-;-;;
135;Trovan Unique;"00075CE5CF";08.07.2017;16:00:33;;-;-;;
136;Trovan Unique;"00075CE5CF";08.07.2017;16:00:34;;-;-;;
137;Trovan Unique;"00075CE5CF";08.07.2017;16:00:36;;-;-;;
138;Trovan Unique;"00075CE5CF";08.07.2017;16:00:37;;-;-;;
139;Trovan Unique;"00075CE5CF";08.07.2017;16:00:38;;-;-;;
140;Trovan Unique;"00075CE5CF";08.07.2017;16:00:40;;-;-;;
141;Trovan Unique;"00075CE5CF";08.07.2017;16:00:41;;-;-;;
142;Trovan Unique;"00075CE5CF";08.07.2017;16:00:42;;-;-;;
143;Trovan Unique;"00075CE5CF";08.07.2017;16:00:44;;-;-;;
144;Trovan Unique;"00075CE5CF";08.07.2017;16:00:45;;-;-;;
145;Trovan Unique;"00075CE5CF";08.07.2017;16:00:46;;-;-;;
146;Trovan Unique;"00075CE5CF";08.07.2017;16:00:47;;-;-;;
147;Trovan Unique;"00075CE5CF";08.07.2017;16:00:49;;-;-;;
148;Trovan Unique;"00075CE5CF";08.07.2017;16:00:50;;-;-;;
149;Trovan Unique;"00075CE5CF";08.07.2017;16:00:51;;-;-;;
150;Trovan Unique;"00075CE5CF";08.07.2017;16:00:52;;-;-;;
151;Trovan Unique;"00075CE5CF";08.07.2017;16:00:54;;-;-;;
152;Trovan Unique;"00075CE5CF";08.07.2017;16:00:55;;-;-;;
153;Trovan Unique;"00075CE5CF";08.07.2017;16:00:56;;-;-;;
154;Trovan Unique;"00075CE5CF";08.07.2017;16:00:59;;-;-;;
155;Trovan Unique;"00075CE5CF";08.07.2017;16:01:07;;-;-;;
156;Trovan Unique;"00075CE5CF";08.07.2017;16:01:16;;-;-;;
157;Trovan Unique;"00075CE5CF";08.07.2017;16:01:19;;-;-;;
158;Trovan Unique;"00075CE5CF";08.07.2017;16:01:21;;-;-;;
159;Trovan Unique;"00075CE5CF";08.07.2017;16:01:22;;-;-;;
160;Trovan Unique;"00075CE5CF";08.07.2017;16:01:24;;-;-;;
161;Trovan Unique;"00075CE5CF";08.07.2017;16:01:25;;-;-;;
162;Trovan Unique;"00075CE5CF";08.07.2017;16:01:26;;-;-;;
163;Trovan Unique;"00075CE5CF";08.07.2017;16:01:27;;-;-;;
164;Trovan Unique;"00075CE5CF";08.07.2017;16:01:28;;-;-;;
165;Trovan Unique;"00075CE5CF";08.07.2017;16:01:30;;-;-;;
166;Trovan Unique;"00075CE5CF";08.07.2017;16:01:31;;-;-;;
167;Trovan Unique;"00075CE5CF";08.07.2017;16:01:32;;-;-;;
168;Trovan Unique;"00075CE5CF";08.07.2017;16:01:33;;-;-;;
169;Trovan Unique;"00075CE5CF";08.07.2017;16:01:34;;-;-;;
170;Trovan Unique;"00075CE5CF";08.07.2017;16:01:35;;-;-;;
171;Trovan Unique;"00075CE5CF";08.07.2017;16:01:36;;-;-;;
172;Trovan Unique;"00075CE5CF";08.07.2017;16:01:37;;-;-;;
173;Trovan Unique;"00075CE5CF";08.07.2017;16:01:38;;-;-;;
174;Trovan Unique;"00075CE5CF";08.07.2017;16:01:40;;-;-;;
175;Trovan Unique;"00075CE5CF";08.07.2017;16:01:41;;-;-;;
176;Trovan Unique;"00075CE5CF";08.07.2017;16:01:42;;-;-;;
177;Trovan Unique;"00075CE5CF";08.07.2017;16:01:43;;-;-;;
178;Trovan Unique;"00075CE5CF";08.07.2017;16:01:44;;-;-;;
179;Trovan Unique;"00075CE5CF";08.07.2017;16:01:45;;-;-;;
180;Trovan Unique;"00075CE5CF";08.07.2017;16:01:46;;-;-;;
181;Trovan Unique;"00075CE5CF";08.07.2017;16:01:47;;-;-;;
182;Trovan Unique;"00075CE5CF";08.07.2017;16:01:48;;-;-;;
183;Trovan Unique;"00075CE5CF";08.07.2017;16:01:49;;-;-;;
184;Trovan Unique;"00075CE5CF";08.07.2017;16:01:50;;-;-;;
185;Trovan Unique;"00075CE5CF";08.07.2017;16:01:51;;-;-;;
186;Trovan Unique;"00075CE5CF";08.07.2017;16:01:52;;-;-;;
187;Trovan Unique;"00075CE5CF";08.07.2017;16:01:53;;-;-;;
188;Trovan Unique;"00075CE5CF";08.07.2017;16:01:55;;-;-;;
189;Trovan Unique;"00075CE5CF";08.07.2017;16:01:56;;-;-;;
190;Trovan Unique;"00075CE5CF";08.07.2017;16:01:57;;-;-;;
191;Trovan Unique;"00075CE5CF";08.07.2017;16:01:58;;-;-;;
192;Trovan Unique;"00075CE5CF";08.07.2017;16:01:59;;-;-;;
193;Trovan Unique;"00075CE5CF";08.07.2017;16:02:00;;-;-;;
194;Trovan Unique;"00075CE5CF";08.07.2017;16:02:01;;-;-;;
195;Trovan Unique;"00075CE5CF";08.07.2017;16:02:03;;-;-;;
196;Trovan Unique;"00075CE5CF";08.07.2017;16:02:04;;-;-;;
197;Trovan Unique;"00075CE5CF";08.07.2017;16:02:05;;-;-;;
198;Trovan Unique;"00075CE5CF";08.07.2017;16:02:06;;-;-;;
199;Trovan Unique;"00075CE5CF";08.07.2017;16:02:07;;-;-;;
200;Trovan Unique;"00075CE5CF";08.07.2017;16:02:08;;-;-;;
201;Trovan Unique;"00075CE5CF";08.07.2017;16:02:09;;-;-;;
202;Trovan Unique;"00075CE5CF";08.07.2017;16:02:10;;-;-;;
203;Trovan Unique;"00075CE5CF";08.07.2017;16:02:11;;-;-;;
204;Trovan Unique;"00075CE5CF";08.07.2017;16:02:12;;-;-;;
205;Trovan Unique;"00075CE5CF";08.07.2017;16:02:13;;-;-;;
206;Trovan Unique;"00075CE5CF";08.07.2017;16:02:15;;-;-;;
207;Trovan Unique;"00075CE5CF";08.07.2017;16:02:16;;-;-;;
208;Trovan Unique;"00075CE5CF";08.07.2017;16:02:17;;-;-;;
209;Trovan Unique;"00075CE5CF";08.07.2017;16:02:18;;-;-;;
210;Trovan Unique;"00075CE5CF";08.07.2017;16:02:19;;-;-;;
211;Trovan Unique;"00075CE5CF";08.07.2017;16:02:20;;-;-;;
212;Trovan Unique;"00075CE5CF";08.07.2017;16:02:21;;-;-;;
213;Trovan Unique;"00075CE5CF";08.07.2017;16:02:22;;-;-;;
214;Trovan Unique;"00075CE5CF";08.07.2017;16:02:23;;-;-;;
215;Trovan Unique;"00075CE5CF";08.07.2017;16:02:24;;-;-;;
216;Trovan Unique;"00075CE5CF";08.07.2017;16:02:25;;-;-;;
217;Trovan Unique;"00075CE5CF";08.07.2017;16:02:26;;-;-;;
218;Trovan Unique;"00075CE5CF";08.07.2017;16:02:27;;-;-;;
219;Trovan Unique;"00075CE5CF";08.07.2017;16:02:28;;-;-;;
220;Trovan Unique;"00075CE5CF";08.07.2017;16:02:29;;-;-;;
221;Trovan Unique;"00075CE5CF";08.07.2017;16:02:31;;-;-;;
222;Trovan Unique;"00075CE5CF";08.07.2017;16:02:32;;-;-;;
223;Trovan Unique;"00075CE5CF";08.07.2017;16:02:33;;-;-;;
224;Trovan Unique;"00075CE5CF";08.07.2017;16:02:34;;-;-;;
225;Trovan Unique;"00075CE5CF";08.07.2017;16:02:35;;-;-;;
226;Trovan Unique;"00075CE5CF";08.07.2017;16:02:36;;-;-;;
227;Trovan Unique;"00075CE5CF";08.07.2017;16:02:37;;-;-;;
228;Trovan Unique;"00075CE5CF";08.07.2017;16:02:38;;-;-;;
229;Trovan Unique;"00075CE5CF";08.07.2017;16:02:39;;-;-;;
230;Trovan Unique;"00075CE5CF";08.07.2017;16:02:40;;-;-;;
231;Trovan Unique;"00075CE5CF";08.07.2017;16:02:41;;-;-;;
232;Trovan Unique;"00075CE5CF";08.07.2017;16:02:42;;-;-;;
233;Trovan Unique;"00075CE5CF";08.07.2017;16:02:44;;-;-;;
234;Trovan Unique;"00075CE5CF";08.07.2017;16:02:45;;-;-;;
235;Trovan Unique;"00075CE5CF";08.07.2017;16:02:46;;-;-;;
236;Trovan Unique;"00075CE5CF";08.07.2017;16:02:47;;-;-;;
237;Trovan Unique;"00075CE5CF";08.07.2017;16:02:49;;-;-;;
238;Trovan Unique;"00075CE5CF";08.07.2017;16:02:50;;-;-;;
239;Trovan Unique;"00075CE5CF";08.07.2017;16:02:51;;-;-;;
240;Trovan Unique;"00075CE5CF";08.07.2017;16:02:52;;-;-;;
241;Trovan Unique;"00075CE5CF";08.07.2017;16:02:53;;-;-;;
242;Trovan Unique;"00075CE5CF";08.07.2017;16:02:54;;-;-;;
243;Trovan Unique;"00075CE5CF";08.07.2017;16:02:55;;-;-;;
244;Trovan Unique;"00075CE5CF";08.07.2017;16:02:56;;-;-;;
245;Trovan Unique;"00075CE5CF";08.07.2017;16:02:57;;-;-;;
246;Trovan Unique;"00075CE5CF";08.07.2017;16:02:58;;-;-;;
247;Trovan Unique;"00075CE5CF";08.07.2017;16:02:59;;-;-;;
248;Trovan Unique;"00075CE5CF";08.07.2017;16:03:00;;-;-;;
249;Trovan Unique;"00075CE5CF";08.07.2017;16:03:01;;-;-;;
250;Trovan Unique;"00075CE5CF";08.07.2017;16:03:03;;-;-;;
251;Trovan Unique;"00075CE5CF";08.07.2017;16:03:04;;-;-;;
252;Trovan Unique;"00075CE5CF";08.07.2017;16:03:05;;-;-;;
253;Trovan Unique;"00075CE5CF";08.07.2017;16:03:06;;-;-;;
254;Trovan Unique;"00075CE5CF";08.07.2017;16:03:07;;-;-;;
255;Trovan Unique;"00075CE5CF";08.07.2017;16:03:08;;-;-;;
256;Trovan Unique;"00075CE5CF";08.07.2017;16:03:09;;-;-;;
257;Trovan Unique;"00075CE5CF";08.07.2017;16:03:10;;-;-;;
258;Trovan Unique;"00075CE5CF";08.07.2017;16:03:11;;-;-;;
259;Trovan Unique;"00075CE5CF";08.07.2017;16:03:12;;-;-;;
260;Trovan Unique;"00075CE5CF";08.07.2017;16:03:13;;-;-;;
261;Trovan Unique;"00075CE5CF";08.07.2017;16:03:14;;-;-;;
262;Trovan Unique;"00075CE5CF";08.07.2017;16:03:15;;-;-;;
263;Trovan Unique;"00075CE5CF";08.07.2017;16:03:16;;-;-;;
264;Trovan Unique;"00075CE5CF";08.07.2017;16:03:17;;-;-;;
265;Trovan Unique;"00075CE5CF";08.07.2017;16:03:18;;-;-;;
266;Trovan Unique;"00075CE5CF";08.07.2017;16:03:19;;-;-;;
267;Trovan Unique;"00075CE5CF";08.07.2017;16:03:21;;-;-;;
268;Trovan Unique;"00075CE5CF";08.07.2017;16:03:22;;-;-;;
269;Trovan Unique;"00075CE5CF";08.07.2017;16:03:23;;-;-;;
270;Trovan Unique;"00075CE5CF";08.07.2017;16:03:24;;-;-;;
271;Trovan Unique;"00075CE5CF";08.07.2017;16:03:25;;-;-;;
272;Trovan Unique;"00075CE5CF";08.07.2017;16:03:26;;-;-;;
273;Trovan Unique;"00075CE5CF";08.07.2017;16:03:27;;-;-;;
274;Trovan Unique;"00075CE5CF";08.07.2017;16:03:28;;-;-;;
275;Trovan Unique;"00075CE5CF";08.07.2017;16:03:29;;-;-;;
276;Trovan Unique;"00075CE5CF";08.07.2017;16:03:30;;-;-;;
277;Trovan Unique;"00075CE5CF";08.07.2017;16:03:31;;-;-;;
278;Trovan Unique;"00075CE5CF";08.07.2017;16:03:32;;-;-;;
279;Trovan Unique;"00075CE5CF";08.07.2017;16:03:33;;-;-;;
280;Trovan Unique;"00075CE5CF";08.07.2017;16:03:34;;-;-;;
281;Trovan Unique;"00075CE5CF";08.07.2017;16:03:35;;-;-;;
282;Trovan Unique;"00075CE5CF";08.07.2017;16:03:37;;-;-;;
283;Trovan Unique;"00075CE5CF";08.07.2017;16:03:38;;-;-;;
284;Trovan Unique;"00075CE5CF";08.07.2017;16:03:39;;-;-;;
285;Trovan Unique;"00075CE5CF";08.07.2017;16:03:40;;-;-;;
286;Trovan Unique;"00075CE5CF";08.07.2017;16:03:41;;-;-;;
287;Trovan Unique;"00075CE5CF";08.07.2017;16:03:42;;-;-;;
288;Trovan Unique;"00075CE5CF";08.07.2017;16:03:43;;-;-;;
289;Trovan Unique;"00075CE5CF";08.07.2017;16:03:44;;-;-;;
290;Trovan Unique;"00075CE5CF";08.07.2017;16:03:45;;-;-;;
291;Trovan Unique;"00075CE5CF";08.07.2017;16:03:46;;-;-;;
292;Trovan Unique;"00075CE5CF";08.07.2017;16:03:47;;-;-;;
293;Trovan Unique;"00075CE5CF";08.07.2017;16:03:48;;-;-;;
294;Trovan Unique;"00075CE5CF";08.07.2017;16:03:49;;-;-;;
295;Trovan Unique;"00075CE5CF";08.07.2017;16:03:50;;-;-;;
296;Trovan Unique;"00075CE5CF";08.07.2017;16:03:52;;-;-;;
297;Trovan Unique;"00075CE5CF";08.07.2017;16:03:53;;-;-;;
298;Trovan Unique;"00075CE5CF";08.07.2017;16:03:54;;-;-;;
299;Trovan Unique;"00075CE5CF";08.07.2017;16:03:55;;-;-;;
300;Trovan Unique;"00075CE5CF";08.07.2017;16:03:56;;-;-;;
301;Trovan Unique;"00075CE5CF";08.07.2017;16:03:57;;-;-;;
302;Trovan Unique;"00075CE5CF";08.07.2017;16:03:58;;-;-;;
303;Trovan Unique;"00075CE5CF";08.07.2017;16:03:59;;-;-;;
304;Trovan Unique;"00075CE5CF";08.07.2017;16:04:00;;-;-;;
305;Trovan Unique;"00075CE5CF";08.07.2017;16:04:01;;-;-;;
306;Trovan Unique;"00075CE5CF";08.07.2017;16:04:02;;-;-;;
307;Trovan Unique;"00075CE5CF";08.07.2017;16:04:03;;-;-;;
308;Trovan Unique;"00075CE5CF";08.07.2017;16:04:04;;-;-;;
309;Trovan Unique;"00075CE5CF";08.07.2017;16:04:05;;-;-;;
310;Trovan Unique;"00075CE5CF";08.07.2017;16:04:06;;-;-;;
311;Trovan Unique;"00075CE5CF";08.07.2017;16:04:07;;-;-;;
312;Trovan Unique;"00075CE5CF";08.07.2017;16:04:08;;-;-;;
313;Trovan Unique;"00075CE5CF";08.07.2017;16:04:09;;-;-;;
314;Trovan Unique;"00075CE5CF";08.07.2017;16:04:10;;-;-;;
315;Trovan Unique;"00075CE5CF";08.07.2017;16:04:11;;-;-;;
316;Trovan Unique;"00075CE5CF";08.07.2017;16:04:13;;-;-;;
317;Trovan Unique;"00075CE5CF";08.07.2017;16:04:14;;-;-;;
318;Trovan Unique;"00075CE5CF";08.07.2017;16:04:15;;-;-;;
319;Trovan Unique;"00075CE5CF";08.07.2017;16:04:16;;-;-;;
320;Trovan Unique;"00075CE5CF";08.07.2017;16:04:17;;-;-;;
321;Trovan Unique;"00075CE5CF";08.07.2017;16:04:18;;-;-;;
322;Trovan Unique;"00075CE5CF";08.07.2017;16:04:19;;-;-;;
323;Trovan Unique;"00075CE5CF";08.07.2017;16:04:20;;-;-;;
324;Trovan Unique;"00075CE5CF";08.07.2017;16:04:21;;-;-;;
325;Trovan Unique;"00075CE5CF";08.07.2017;16:04:22;;-;-;;
326;Trovan Unique;"00075CE5CF";08.07.2017;16:04:23;;-;-;;
327;Trovan Unique;"00075CE5CF";08.07.2017;16:04:24;;-;-;;
328;Trovan Unique;"00075CE5CF";08.07.2017;16:04:25;;-;-;;
329;Trovan Unique;"00075CE5CF";08.07.2017;16:04:26;;-;-;;
330;Trovan Unique;"00075CE5CF";08.07.2017;16:04:27;;-;-;;
331;Trovan Unique;"00075CE5CF";08.07.2017;16:04:28;;-;-;;
332;Trovan Unique;"00075CE5CF";08.07.2017;16:04:29;;-;-;;
333;Trovan Unique;"00075CE5CF";08.07.2017;16:04:30;;-;-;;
334;Trovan Unique;"00075CE5CF";08.07.2017;16:04:31;;-;-;;
335;Trovan Unique;"00075CE5CF";08.07.2017;16:04:32;;-;-;;
336;Trovan Unique;"00075CE5CF";08.07.2017;16:04:33;;-;-;;
337;Trovan Unique;"00075CE5CF";08.07.2017;16:04:34;;-;-;;
338;Trovan Unique;"00075CE5CF";08.07.2017;16:04:36;;-;-;;
339;Trovan Unique;"00075CE5CF";08.07.2017;16:04:37;;-;-;;
340;Trovan Unique;"00075CE5CF";08.07.2017;16:04:38;;-;-;;
341;Trovan Unique;"00075CE5CF";08.07.2017;16:04:39;;-;-;;
342;Trovan Unique;"00075CE5CF";08.07.2017;16:04:40;;-;-;;
343;Trovan Unique;"00075CE5CF";08.07.2017;16:04:41;;-;-;;
344;Trovan Unique;"00075CE5CF";08.07.2017;16:04:42;;-;-;;
345;Trovan Unique;"00075CE5CF";08.07.2017;16:04:43;;-;-;;
346;Trovan Unique;"00075CE5CF";08.07.2017;16:04:44;;-;-;;
347;Trovan Unique;"00075CE5CF";08.07.2017;16:04:45;;-;-;;
348;Trovan Unique;"00075CE5CF";08.07.2017;16:04:46;;-;-;;
349;Trovan Unique;"00075CE5CF";08.07.2017;16:04:47;;-;-;;
350;Trovan Unique;"00075CE5CF";08.07.2017;16:04:48;;-;-;;
351;Trovan Unique;"00075CE5CF";08.07.2017;16:04:49;;-;-;;
352;Trovan Unique;"00075CE5CF";08.07.2017;16:04:50;;-;-;;
353;Trovan Unique;"00075CE5CF";08.07.2017;16:04:51;;-;-;;
354;Trovan Unique;"00075CE5CF";08.07.2017;16:04:52;;-;-;;
355;Trovan Unique;"00075CE5CF";08.07.2017;16:04:54;;-;-;;
356;Trovan Unique;"00075CE5CF";08.07.2017;16:04:55;;-;-;;
357;Trovan Unique;"00075CE5CF";08.07.2017;16:04:56;;-;-;;
358;Trovan Unique;"00075CE5CF";08.07.2017;16:04:57;;-;-;;
359;Trovan Unique;"00075CE5CF";08.07.2017;16:04:58;;-;-;;
360;Trovan Unique;"00075CE5CF";08.07.2017;16:04:59;;-;-;;
361;Trovan Unique;"00075CE5CF";08.07.2017;16:05:00;;-;-;;
362;Trovan Unique;"00075CE5CF";08.07.2017;16:05:01;;-;-;;
363;Trovan Unique;"00075CE5CF";08.07.2017;16:05:02;;-;-;;
364;Trovan Unique;"00075CE5CF";08.07.2017;16:05:03;;-;-;;
365;Trovan Unique;"00075CE5CF";08.07.2017;16:05:04;;-;-;;
366;Trovan Unique;"00075CE5CF";08.07.2017;16:05:05;;-;-;;
367;Trovan Unique;"00075CE5CF";08.07.2017;16:05:06;;-;-;;
368;Trovan Unique;"00075CE5CF";08.07.2017;16:05:07;;-;-;;
369;Trovan Unique;"00075CE5CF";08.07.2017;16:05:08;;-;-;;
370;Trovan Unique;"00075CE5CF";08.07.2017;16:05:09;;-;-;;
371;Trovan Unique;"00075CE5CF";08.07.2017;16:05:10;;-;-;;
372;Trovan Unique;"00075CE5CF";08.07.2017;16:05:11;;-;-;;
373;Trovan Unique;"00075CE5CF";08.07.2017;16:05:12;;-;-;;
374;Trovan Unique;"00075CE5CF";08.07.2017;16:05:13;;-;-;;
375;Trovan Unique;"00075CE5CF";08.07.2017;16:05:14;;-;-;;
376;Trovan Unique;"00075CE5CF";08.07.2017;16:05:15;;-;-;;
377;Trovan Unique;"00075CE5CF";08.07.2017;16:05:16;;-;-;;
378;Trovan Unique;"00075CE5CF";08.07.2017;16:05:17;;-;-;;
379;Trovan Unique;"00075CE5CF";08.07.2017;16:05:18;;-;-;;
380;Trovan Unique;"00075CE5CF";08.07.2017;16:05:20;;-;-;;
381;Trovan Unique;"00075CE5CF";08.07.2017;16:05:21;;-;-;;
382;Trovan Unique;"00075CE5CF";08.07.2017;16:05:22;;-;-;;
383;Trovan Unique;"00075CE5CF";08.07.2017;16:05:23;;-;-;;
384;Trovan Unique;"00075CE5CF";08.07.2017;16:05:24;;-;-;;
385;Trovan Unique;"00075CE5CF";08.07.2017;16:05:25;;-;-;;
386;Trovan Unique;"00075CE5CF";08.07.2017;16:05:26;;-;-;;
387;Trovan Unique;"00075CE5CF";08.07.2017;16:05:27;;-;-;;
388;Trovan Unique;"00075CE5CF";08.07.2017;16:05:28;;-;-;;
389;Trovan Unique;"00075CE5CF";08.07.2017;16:05:29;;-;-;;
390;Trovan Unique;"00075CE5CF";08.07.2017;16:05:30;;-;-;;
391;Trovan Unique;"00075CE5CF";08.07.2017;16:05:31;;-;-;;
392;Trovan Unique;"00075CE5CF";08.07.2017;16:05:32;;-;-;;
393;Trovan Unique;"00075CE5CF";08.07.2017;16:05:33;;-;-;;
394;Trovan Unique;"00075CE5CF";08.07.2017;16:05:34;;-;-;;
395;Trovan Unique;"00075CE5CF";08.07.2017;16:05:35;;-;-;;
396;Trovan Unique;"00075CE5CF";08.07.2017;16:05:36;;-;-;;
397;Trovan Unique;"00075CE5CF";08.07.2017;16:05:37;;-;-;;
398;Trovan Unique;"00075CE5CF";08.07.2017;16:05:38;;-;-;;
399;Trovan Unique;"00075CE5CF";08.07.2017;16:05:39;;-;-;;
400;Trovan Unique;"00075CE5CF";08.07.2017;16:05:40;;-;-;;
401;Trovan Unique;"00075CE5CF";08.07.2017;16:05:41;;-;-;;
402;Trovan Unique;"00075CE5CF";08.07.2017;16:05:42;;-;-;;
403;Trovan Unique;"00075CE5CF";08.07.2017;16:05:43;;-;-;;
404;Trovan Unique;"00075CE5CF";08.07.2017;16:05:44;;-;-;;
405;Trovan Unique;"00075CE5CF";08.07.2017;16:05:45;;-;-;;
406;Trovan Unique;"00075CE5CF";08.07.2017;16:05:47;;-;-;;
407;Trovan Unique;"00075CE5CF";08.07.2017;16:05:48;;-;-;;
408;Trovan Unique;"00075CE5CF";08.07.2017;16:05:49;;-;-;;
409;Trovan Unique;"00075CE5CF";08.07.2017;16:05:50;;-;-;;
410;Trovan Unique;"00075CE5CF";08.07.2017;16:05:51;;-;-;;
411;Trovan Unique;"00075CE5CF";08.07.2017;16:05:52;;-;-;;
412;Trovan Unique;"00075CE5CF";08.07.2017;16:05:53;;-;-;;
413;Trovan Unique;"00075CE5CF";08.07.2017;16:05:54;;-;-;;
414;Trovan Unique;"00075CE5CF";08.07.2017;16:05:55;;-;-;;
415;Trovan Unique;"00075CE5CF";08.07.2017;16:05:56;;-;-;;
416;Trovan Unique;"00075CE5CF";08.07.2017;16:05:57;;-;-;;
417;Trovan Unique;"00075CE5CF";08.07.2017;16:05:58;;-;-;;
418;Trovan Unique;"00075CE5CF";08.07.2017;16:05:59;;-;-;;
419;Trovan Unique;"00075CE5CF";08.07.2017;16:06:00;;-;-;;
420;Trovan Unique;"00075CE5CF";08.07.2017;16:06:01;;-;-;;
421;Trovan Unique;"00075CE5CF";08.07.2017;16:06:02;;-;-;;
422;Trovan Unique;"00075CE5CF";08.07.2017;16:06:03;;-;-;;
423;Trovan Unique;"00075CE5CF";08.07.2017;16:06:04;;-;-;;
424;Trovan Unique;"00075CE5CF";08.07.2017;16:06:05;;-;-;;
425;Trovan Unique;"00075CE5CF";08.07.2017;16:06:06;;-;-;;
426;Trovan Unique;"00075CE5CF";08.07.2017;16:06:07;;-;-;;
427;Trovan Unique;"00075CE5CF";08.07.2017;16:06:08;;-;-;;
428;Trovan Unique;"00075CE5CF";08.07.2017;16:06:09;;-;-;;
429;Trovan Unique;"00075CE5CF";08.07.2017;16:06:11;;-;-;;
430;Trovan Unique;"00075CE5CF";08.07.2017;16:06:12;;-;-;;
431;Trovan Unique;"00075CE5CF";08.07.2017;16:06:13;;-;-;;
432;Trovan Unique;"00075CE5CF";08.07.2017;16:06:14;;-;-;;
433;Trovan Unique;"00075CE5CF";08.07.2017;16:06:15;;-;-;;
434;Trovan Unique;"00075CE5CF";08.07.2017;16:06:16;;-;-;;
435;Trovan Unique;"00075CE5CF";08.07.2017;16:06:17;;-;-;;
436;Trovan Unique;"00075CE5CF";08.07.2017;16:06:18;;-;-;;
437;Trovan Unique;"00075CE5CF";08.07.2017;16:06:19;;-;-;;
438;Trovan Unique;"00075CE5CF";08.07.2017;16:06:20;;-;-;;
439;Trovan Unique;"00075CE5CF";08.07.2017;16:06:21;;-;-;;
440;Trovan Unique;"00075CE5CF";08.07.2017;16:06:22;;-;-;;
441;Trovan Unique;"00075CE5CF";08.07.2017;16:06:23;;-;-;;
442;Trovan Unique;"00075CE5CF";08.07.2017;16:06:24;;-;-;;
443;Trovan Unique;"00075CE5CF";08.07.2017;16:06:25;;-;-;;
444;Trovan Unique;"00075CE5CF";08.07.2017;16:06:26;;-;-;;
445;Trovan Unique;"00075CE5CF";08.07.2017;16:06:29;;-;-;;
446;Trovan Unique;"00075CE5CF";08.07.2017;16:06:30;;-;-;;
447;Trovan Unique;"00075CE5CF";08.07.2017;16:06:31;;-;-;;
448;Trovan Unique;"00075CE5CF";08.07.2017;16:06:33;;-;-;;
449;Trovan Unique;"00075CE5CF";08.07.2017;16:06:34;;-;-;;
450;Trovan Unique;"00075CE5CF";08.07.2017;16:06:35;;-;-;;
451;Trovan Unique;"00075CE5CF";08.07.2017;16:06:36;;-;-;;
452;Trovan Unique;"00075CE5CF";08.07.2017;16:06:37;;-;-;;
453;Trovan Unique;"00075CE5CF";08.07.2017;16:06:39;;-;-;;
454;Trovan Unique;"00075CE5CF";08.07.2017;16:06:40;;-;-;;
455;Trovan Unique;"00075CE5CF";08.07.2017;16:06:41;;-;-;;
456;Trovan Unique;"00075CE5CF";08.07.2017;16:06:42;;-;-;;
457;Trovan Unique;"00075CE5CF";08.07.2017;16:06:43;;-;-;;
458;Trovan Unique;"00075CE5CF";08.07.2017;16:06:44;;-;-;;
459;Trovan Unique;"00075CE5CF";08.07.2017;16:06:45;;-;-;;
460;Trovan Unique;"00075CE5CF";08.07.2017;16:06:46;;-;-;;
461;Trovan Unique;"00075CE5CF";08.07.2017;16:06:47;;-;-;;
462;Trovan Unique;"00075CE5CF";08.07.2017;16:06:48;;-;-;;
463;Trovan Unique;"00075CE5CF";08.07.2017;16:06:49;;-;-;;
464;Trovan Unique;"00075CE5CF";08.07.2017;16:06:50;;-;-;;
465;Trovan Unique;"00075CE5CF";08.07.2017;16:06:51;;-;-;;
466;Trovan Unique;"00075CE5CF";08.07.2017;16:06:52;;-;-;;
467;Trovan Unique;"00075CE5CF";08.07.2017;16:06:53;;-;-;;
468;Trovan Unique;"00075CE5CF";08.07.2017;16:06:54;;-;-;;
469;Trovan Unique;"00075CE5CF";08.07.2017;16:06:55;;-;-;;
470;Trovan Unique;"00075CE5CF";08.07.2017;16:06:56;;-;-;;
471;Trovan Unique;"00075CE5CF";08.07.2017;16:06:58;;-;-;;
472;Trovan Unique;"00075CE5CF";08.07.2017;16:06:59;;-;-;;
473;Trovan Unique;"00075CE5CF";08.07.2017;16:07:00;;-;-;;
474;Trovan Unique;"00075CE5CF";08.07.2017;16:07:01;;-;-;;
475;Trovan Unique;"00075CE5CF";08.07.2017;16:07:02;;-;-;;
476;Trovan Unique;"00075CE5CF";08.07.2017;16:07:03;;-;-;;
477;Trovan Unique;"00075CE5CF";08.07.2017;16:07:04;;-;-;;
478;Trovan Unique;"00075CE5CF";08.07.2017;16:07:05;;-;-;;
479;Trovan Unique;"00075CE5CF";08.07.2017;16:07:06;;-;-;;
480;Trovan Unique;"00075CE5CF";08.07.2017;16:07:07;;-;-;;
481;Trovan Unique;"00075CE5CF";08.07.2017;16:07:08;;-;-;;
482;Trovan Unique;"00075CE5CF";08.07.2017;16:07:09;;-;-;;
483;Trovan Unique;"00075CE5CF";08.07.2017;16:07:10;;-;-;;
484;Trovan Unique;"00075CE5CF";08.07.2017;16:07:11;;-;-;;
485;Trovan Unique;"00075CE5CF";08.07.2017;16:07:12;;-;-;;
486;Trovan Unique;"00075CE5CF";08.07.2017;16:07:13;;-;-;;
487;Trovan Unique;"00075CE5CF";08.07.2017;16:07:14;;-;-;;
488;Trovan Unique;"00075CE5CF";08.07.2017;16:07:15;;-;-;;
489;Trovan Unique;"00075CE5CF";08.07.2017;16:07:17;;-;-;;
490;Trovan Unique;"00075CE5CF";08.07.2017;16:07:18;;-;-;;
491;Trovan Unique;"00075CE5CF";08.07.2017;16:07:19;;-;-;;
492;Trovan Unique;"00075CE5CF";08.07.2017;16:07:20;;-;-;;
493;Trovan Unique;"00075CE5CF";08.07.2017;16:07:21;;-;-;;
494;Trovan Unique;"00075CE5CF";08.07.2017;16:07:22;;-;-;;
495;Trovan Unique;"00075CE5CF";08.07.2017;16:07:23;;-;-;;
496;Trovan Unique;"00075CE5CF";08.07.2017;16:07:24;;-;-;;
497;Trovan Unique;"00075CE5CF";08.07.2017;16:07:25;;-;-;;
498;Trovan Unique;"00075CE5CF";08.07.2017;16:07:26;;-;-;;
499;Trovan Unique;"00075CE5CF";08.07.2017;16:07:27;;-;-;;
500;Trovan Unique;"00075CE5CF";08.07.2017;16:07:28;;-;-;;
501;Trovan Unique;"00075CE5CF";08.07.2017;16:07:29;;-;-;;
502;Trovan Unique;"00075CE5CF";08.07.2017;16:07:31;;-;-;;
503;Trovan Unique;"00075CE5CF";08.07.2017;16:07:32;;-;-;;
504;Trovan Unique;"00075CE5CF";08.07.2017;16:07:33;;-;-;;
505;Trovan Unique;"00075CE5CF";08.07.2017;16:07:34;;-;-;;
506;Trovan Unique;"00075CE5CF";08.07.2017;16:07:35;;-;-;;
507;Trovan Unique;"00075CE5CF";08.07.2017;16:07:36;;-;-;;
508;Trovan Unique;"00075CE5CF";08.07.2017;16:07:37;;-;-;;
509;Trovan Unique;"00075CE5CF";08.07.2017;16:07:38;;-;-;;
510;Trovan Unique;"00075CE5CF";08.07.2017;16:07:39;;-;-;;
511;Trovan Unique;"00075CE5CF";08.07.2017;16:07:40;;-;-;;
512;Trovan Unique;"00075CE5CF";08.07.2017;16:07:41;;-;-;;
513;Trovan Unique;"00075CE5CF";08.07.2017;16:07:42;;-;-;;
514;Trovan Unique;"00075CE5CF";08.07.2017;16:07:43;;-;-;;
515;Trovan Unique;"00075CE5CF";08.07.2017;16:07:44;;-;-;;
516;Trovan Unique;"00075CE5CF";08.07.2017;16:07:45;;-;-;;
517;Trovan Unique;"00075CE5CF";08.07.2017;16:07:46;;-;-;;
518;Trovan Unique;"00075CE5CF";08.07.2017;16:07:48;;-;-;;
519;Trovan Unique;"00075CE5CF";08.07.2017;16:07:49;;-;-;;
520;Trovan Unique;"00075CE5CF";08.07.2017;16:07:50;;-;-;;
521;Trovan Unique;"00075CE5CF";08.07.2017;16:07:51;;-;-;;
522;Trovan Unique;"00075CE5CF";08.07.2017;16:07:52;;-;-;;
523;Trovan Unique;"00075CE5CF";08.07.2017;16:07:53;;-;-;;
524;Trovan Unique;"00075CE5CF";08.07.2017;16:07:54;;-;-;;
525;Trovan Unique;"00075CE5CF";08.07.2017;16:07:55;;-;-;;
526;Trovan Unique;"00075CE5CF";08.07.2017;16:07:56;;-;-;;
527;Trovan Unique;"00075CE5CF";08.07.2017;16:07:57;;-;-;;
528;Trovan Unique;"00075CE5CF";08.07.2017;16:07:58;;-;-;;
529;Trovan Unique;"00075CE5CF";08.07.2017;16:07:59;;-;-;;
530;Trovan Unique;"00075CE5CF";08.07.2017;16:08:00;;-;-;;
531;Trovan Unique;"00075CE5CF";08.07.2017;16:08:01;;-;-;;
532;Trovan Unique;"00075CE5CF";08.07.2017;16:08:02;;-;-;;
533;Trovan Unique;"00075CE5CF";08.07.2017;16:08:04;;-;-;;
534;Trovan Unique;"00075CE5CF";08.07.2017;16:08:05;;-;-;;
535;Trovan Unique;"00075CE5CF";08.07.2017;16:08:06;;-;-;;
536;Trovan Unique;"00075CE5CF";08.07.2017;16:08:07;;-;-;;
537;Trovan Unique;"00075CE5CF";08.07.2017;16:08:08;;-;-;;
538;Trovan Unique;"00075CE5CF";08.07.2017;16:08:09;;-;-;;
539;Trovan Unique;"00075CE5CF";08.07.2017;16:08:10;;-;-;;
540;Trovan Unique;"00075CE5CF";08.07.2017;16:08:11;;-;-;;
541;Trovan Unique;"00075CE5CF";08.07.2017;16:08:12;;-;-;;
542;Trovan Unique;"00075CE5CF";08.07.2017;16:08:13;;-;-;;
543;Trovan Unique;"00075CE5CF";08.07.2017;16:08:14;;-;-;;
544;Trovan Unique;"00075CE5CF";08.07.2017;16:08:15;;-;-;;
545;Trovan Unique;"00075CE5CF";08.07.2017;16:08:16;;-;-;;
546;Trovan Unique;"00075CE5CF";08.07.2017;16:08:17;;-;-;;
547;Trovan Unique;"00075CE5CF";08.07.2017;16:08:18;;-;-;;
548;Trovan Unique;"00075CE5CF";08.07.2017;16:08:19;;-;-;;
549;Trovan Unique;"00075CE5CF";08.07.2017;16:08:21;;-;-;;
550;Trovan Unique;"00075CE5CF";08.07.2017;16:08:22;;-;-;;
551;Trovan Unique;"00075CE5CF";08.07.2017;16:08:23;;-;-;;
552;Trovan Unique;"00075CE5CF";08.07.2017;16:08:24;;-;-;;
553;Trovan Unique;"00075CE5CF";08.07.2017;16:08:25;;-;-;;
554;Trovan Unique;"00075CE5CF";08.07.2017;16:08:26;;-;-;;
555;Trovan Unique;"00075CE5CF";08.07.2017;16:08:27;;-;-;;
556;Trovan Unique;"00075CE5CF";08.07.2017;16:08:28;;-;-;;
557;Trovan Unique;"00075CE5CF";08.07.2017;16:08:29;;-;-;;
558;Trovan Unique;"00075CE5CF";08.07.2017;16:08:30;;-;-;;
559;Trovan Unique;"00075CE5CF";08.07.2017;16:08:31;;-;-;;
560;Trovan Unique;"00075CE5CF";08.07.2017;16:08:32;;-;-;;
561;Trovan Unique;"00075CE5CF";08.07.2017;16:08:33;;-;-;;
562;Trovan Unique;"00075CE5CF";08.07.2017;16:08:35;;-;-;;
563;Trovan Unique;"00075CE5CF";08.07.2017;16:08:36;;-;-;;
564;Trovan Unique;"00075CE5CF";08.07.2017;16:08:37;;-;-;;
565;Trovan Unique;"00075CE5CF";08.07.2017;16:08:38;;-;-;;
566;Trovan Unique;"00075CE5CF";08.07.2017;16:08:39;;-;-;;
567;Trovan Unique;"00075CE5CF";08.07.2017;16:08:40;;-;-;;
568;Trovan Unique;"00075CE5CF";08.07.2017;16:08:41;;-;-;;
569;Trovan Unique;"00075CE5CF";08.07.2017;16:08:42;;-;-;;
570;Trovan Unique;"00075CE5CF";08.07.2017;16:08:43;;-;-;;
571;Trovan Unique;"00075CE5CF";08.07.2017;16:08:44;;-;-;;
572;Trovan Unique;"00075CE5CF";08.07.2017;16:08:45;;-;-;;
573;Trovan Unique;"00075CE5CF";08.07.2017;16:08:46;;-;-;;
574;Trovan Unique;"00075CE5CF";08.07.2017;16:08:47;;-;-;;
575;Trovan Unique;"00075CE5CF";08.07.2017;16:08:48;;-;-;;
576;Trovan Unique;"00075CE5CF";08.07.2017;16:08:50;;-;-;;
577;Trovan Unique;"00075CE5CF";08.07.2017;16:08:51;;-;-;;
578;Trovan Unique;"00075CE5CF";08.07.2017;16:08:52;;-;-;;
579;Trovan Unique;"00075CE5CF";08.07.2017;16:08:53;;-;-;;
580;Trovan Unique;"00075CE5CF";08.07.2017;16:08:54;;-;-;;
581;Trovan Unique;"00075CE5CF";08.07.2017;16:08:55;;-;-;;
582;Trovan Unique;"00075CE5CF";08.07.2017;16:08:57;;-;-;;
583;Trovan Unique;"00075CE5CF";08.07.2017;16:08:58;;-;-;;
584;Trovan Unique;"00075CE5CF";08.07.2017;16:08:59;;-;-;;
585;Trovan Unique;"00075CE5CF";08.07.2017;16:09:00;;-;-;;
586;Trovan Unique;"00075CE5CF";08.07.2017;16:09:01;;-;-;;
587;Trovan Unique;"00075CE5CF";08.07.2017;16:09:02;;-;-;;
588;Trovan Unique;"00075CE5CF";08.07.2017;16:09:03;;-;-;;
589;Trovan Unique;"00075CE5CF";08.07.2017;16:09:04;;-;-;;
590;Trovan Unique;"00075CE5CF";08.07.2017;16:09:05;;-;-;;
591;Trovan Unique;"00075CE5CF";08.07.2017;16:09:06;;-;-;;
592;Trovan Unique;"00075CE5CF";08.07.2017;16:09:07;;-;-;;
593;Trovan Unique;"00075CE5CF";08.07.2017;16:09:09;;-;-;;
594;Trovan Unique;"00075CE5CF";08.07.2017;16:09:10;;-;-;;
595;Trovan Unique;"00075CE5CF";08.07.2017;16:09:11;;-;-;;
596;Trovan Unique;"00075CE5CF";08.07.2017;16:09:12;;-;-;;
597;Trovan Unique;"00075CE5CF";08.07.2017;16:09:13;;-;-;;
598;Trovan Unique;"00075CE5CF";08.07.2017;16:09:14;;-;-;;
599;Trovan Unique;"00075CE5CF";08.07.2017;16:09:15;;-;-;;
600;Trovan Unique;"00075CE5CF";08.07.2017;16:09:16;;-;-;;
601;Trovan Unique;"00075CE5CF";08.07.2017;16:09:17;;-;-;;
602;Trovan Unique;"00075CE5CF";08.07.2017;16:09:18;;-;-;;
603;Trovan Unique;"00075CE5CF";08.07.2017;16:09:19;;-;-;;
604;Trovan Unique;"00075CE5CF";08.07.2017;16:09:20;;-;-;;
605;Trovan Unique;"00075CE5CF";08.07.2017;16:09:21;;-;-;;
606;Trovan Unique;"00075CE5CF";08.07.2017;16:09:22;;-;-;;
607;Trovan Unique;"00075CE5CF";08.07.2017;16:09:23;;-;-;;
608;Trovan Unique;"00075CE5CF";08.07.2017;16:09:24;;-;-;;
609;Trovan Unique;"00075CE5CF";08.07.2017;16:09:26;;-;-;;
610;Trovan Unique;"00075CE5CF";08.07.2017;16:09:27;;-;-;;
611;Trovan Unique;"00075CE5CF";08.07.2017;16:09:28;;-;-;;
612;Trovan Unique;"00075CE5CF";08.07.2017;16:09:29;;-;-;;
613;Trovan Unique;"00075CE5CF";08.07.2017;16:09:30;;-;-;;
614;Trovan Unique;"00075CE5CF";08.07.2017;16:09:31;;-;-;;
615;Trovan Unique;"00075CE5CF";08.07.2017;16:09:32;;-;-;;
616;Trovan Unique;"00075CE5CF";08.07.2017;16:09:33;;-;-;;
617;Trovan Unique;"00075CE5CF";08.07.2017;16:09:34;;-;-;;
618;Trovan Unique;"00075CE5CF";08.07.2017;16:09:35;;-;-;;
619;Trovan Unique;"00075CE5CF";08.07.2017;16:09:36;;-;-;;
620;Trovan Unique;"00075CE5CF";08.07.2017;16:09:37;;-;-;;
621;Trovan Unique;"00075CE5CF";08.07.2017;16:09:38;;-;-;;
622;Trovan Unique;"00075CE5CF";08.07.2017;16:09:39;;-;-;;
623;Trovan Unique;"00075CE5CF";08.07.2017;16:09:40;;-;-;;
624;Trovan Unique;"00075CE5CF";08.07.2017;16:09:42;;-;-;;
625;Trovan Unique;"00075CE5CF";08.07.2017;16:09:43;;-;-;;
626;Trovan Unique;"00075CE5CF";08.07.2017;16:09:44;;-;-;;
627;Trovan Unique;"00075CE5CF";08.07.2017;16:09:45;;-;-;;
628;Trovan Unique;"00075CE5CF";08.07.2017;16:09:46;;-;-;;
629;Trovan Unique;"00075CE5CF";08.07.2017;16:09:47;;-;-;;
630;Trovan Unique;"00075CE5CF";08.07.2017;16:09:48;;-;-;;
631;Trovan Unique;"00075CE5CF";08.07.2017;16:09:49;;-;-;;
632;Trovan Unique;"00075CE5CF";08.07.2017;16:09:50;;-;-;;
633;Trovan Unique;"00075CE5CF";08.07.2017;16:09:51;;-;-;;
634;Trovan Unique;"00075CE5CF";08.07.2017;16:09:52;;-;-;;
635;Trovan Unique;"00075CE5CF";08.07.2017;16:09:53;;-;-;;
636;Trovan Unique;"00075CE5CF";08.07.2017;16:09:54;;-;-;;
637;Trovan Unique;"00075CE5CF";08.07.2017;16:09:55;;-;-;;
638;Trovan Unique;"00075CE5CF";08.07.2017;16:09:56;;-;-;;
639;Trovan Unique;"00075CE5CF";08.07.2017;16:09:57;;-;-;;
640;Trovan Unique;"00075CE5CF";08.07.2017;16:09:58;;-;-;;
641;Trovan Unique;"00075CE5CF";08.07.2017;16:10:00;;-;-;;
642;Trovan Unique;"00075CE5CF";08.07.2017;16:10:01;;-;-;;
643;Trovan Unique;"00075CE5CF";08.07.2017;16:10:02;;-;-;;
644;Trovan Unique;"00075CE5CF";08.07.2017;16:10:03;;-;-;;
645;Trovan Unique;"00075CE5CF";08.07.2017;16:10:04;;-;-;;
646;Trovan Unique;"00075CE5CF";08.07.2017;16:10:05;;-;-;;
647;Trovan Unique;"00075CE5CF";08.07.2017;16:10:06;;-;-;;
648;Trovan Unique;"00075CE5CF";08.07.2017;16:10:07;;-;-;;
649;Trovan Unique;"00075CE5CF";08.07.2017;16:10:08;;-;-;;
650;Trovan Unique;"00075CE5CF";08.07.2017;16:10:09;;-;-;;
651;Trovan Unique;"00075CE5CF";08.07.2017;16:10:10;;-;-;;
652;Trovan Unique;"00075CE5CF";08.07.2017;16:10:11;;-;-;;
653;Trovan Unique;"00075CE5CF";08.07.2017;16:10:12;;-;-;;
654;Trovan Unique;"00075CE5CF";08.07.2017;16:10:13;;-;-;;
655;Trovan Unique;"00075CE5CF";08.07.2017;16:10:14;;-;-;;
656;Trovan Unique;"00075CE5CF";08.07.2017;16:10:15;;-;-;;
657;Trovan Unique;"00075CE5CF";08.07.2017;16:10:16;;-;-;;
658;Trovan Unique;"00075CE5CF";08.07.2017;16:10:17;;-;-;;
659;Trovan Unique;"00075CE5CF";08.07.2017;16:10:18;;-;-;;
660;Trovan Unique;"00075CE5CF";08.07.2017;16:10:20;;-;-;;
661;Trovan Unique;"00075CE5CF";08.07.2017;16:10:21;;-;-;;
662;Trovan Unique;"00075CE5CF";08.07.2017;16:10:22;;-;-;;
663;Trovan Unique;"00075CE5CF";08.07.2017;16:10:23;;-;-;;
664;Trovan Unique;"00075CE5CF";08.07.2017;16:10:24;;-;-;;
665;Trovan Unique;"00075CE5CF";08.07.2017;16:10:25;;-;-;;
666;Trovan Unique;"00075CE5CF";08.07.2017;16:10:26;;-;-;;
667;Trovan Unique;"00075CE5CF";08.07.2017;16:10:27;;-;-;;
668;Trovan Unique;"00075CE5CF";08.07.2017;16:10:28;;-;-;;
669;Trovan Unique;"00075CE5CF";08.07.2017;16:10:29;;-;-;;
670;Trovan Unique;"00075CE5CF";08.07.2017;16:10:30;;-;-;;
671;Trovan Unique;"00075CE5CF";08.07.2017;16:10:31;;-;-;;
672;Trovan Unique;"00075CE5CF";08.07.2017;16:10:32;;-;-;;
673;Trovan Unique;"00075CE5CF";08.07.2017;16:10:33;;-;-;;
674;Trovan Unique;"00075CE5CF";08.07.2017;16:10:35;;-;-;;
675;Trovan Unique;"00075CE5CF";08.07.2017;16:10:36;;-;-;;
676;Trovan Unique;"00075CE5CF";08.07.2017;16:10:37;;-;-;;
677;Trovan Unique;"00075CE5CF";08.07.2017;16:10:38;;-;-;;
678;Trovan Unique;"00075CE5CF";08.07.2017;16:10:39;;-;-;;
679;Trovan Unique;"00075CE5CF";08.07.2017;16:10:40;;-;-;;
680;Trovan Unique;"00075CE5CF";08.07.2017;16:10:41;;-;-;;
681;Trovan Unique;"00075CE5CF";08.07.2017;16:10:42;;-;-;;
682;Trovan Unique;"00075CE5CF";08.07.2017;16:10:43;;-;-;;
683;Trovan Unique;"00075CE5CF";08.07.2017;16:10:44;;-;-;;
684;Trovan Unique;"00075CE5CF";08.07.2017;16:10:45;;-;-;;
685;Trovan Unique;"00075CE5CF";08.07.2017;16:10:46;;-;-;;
686;Trovan Unique;"00075CE5CF";08.07.2017;16:10:47;;-;-;;
687;Trovan Unique;"00075CE5CF";08.07.2017;16:10:48;;-;-;;
688;Trovan Unique;"00075CE5CF";08.07.2017;16:10:49;;-;-;;
689;Trovan Unique;"00075CE5CF";08.07.2017;16:10:50;;-;-;;
690;Trovan Unique;"00075CE5CF";08.07.2017;16:10:51;;-;-;;
691;Trovan Unique;"00075CE5CF";08.07.2017;16:10:52;;-;-;;
692;Trovan Unique;"00075CE5CF";08.07.2017;16:10:53;;-;-;;
693;Trovan Unique;"00075CE5CF";08.07.2017;16:10:54;;-;-;;
694;Trovan Unique;"00075CE5CF";08.07.2017;16:10:55;;-;-;;
695;Trovan Unique;"00075CE5CF";08.07.2017;16:10:57;;-;-;;
696;Trovan Unique;"00075CE5CF";08.07.2017;16:10:58;;-;-;;
697;Trovan Unique;"00075CE5CF";08.07.2017;16:10:59;;-;-;;
698;Trovan Unique;"00075CE5CF";08.07.2017;16:11:00;;-;-;;
699;Trovan Unique;"00075CE5CF";08.07.2017;16:11:01;;-;-;;
700;Trovan Unique;"00075CE5CF";08.07.2017;16:11:02;;-;-;;
701;Trovan Unique;"00075CE5CF";08.07.2017;16:11:03;;-;-;;
702;Trovan Unique;"00075CE5CF";08.07.2017;16:11:04;;-;-;;
703;Trovan Unique;"00075CE5CF";08.07.2017;16:11:05;;-;-;;
704;Trovan Unique;"00075CE5CF";08.07.2017;16:11:06;;-;-;;
705;Trovan Unique;"00075CE5CF";08.07.2017;16:11:07;;-;-;;
706;Trovan Unique;"00075CE5CF";08.07.2017;16:11:08;;-;-;;
707;Trovan Unique;"00075CE5CF";08.07.2017;16:11:09;;-;-;;
708;Trovan Unique;"00075CE5CF";08.07.2017;16:11:10;;-;-;;
709;Trovan Unique;"00075CE5CF";08.07.2017;16:11:11;;-;-;;
710;Trovan Unique;"00075CE5CF";08.07.2017;16:11:12;;-;-;;
711;Trovan Unique;"00075CE5CF";08.07.2017;16:11:13;;-;-;;
712;Trovan Unique;"00075CE5CF";08.07.2017;16:11:15;;-;-;;
713;Trovan Unique;"00075CE5CF";08.07.2017;16:11:16;;-;-;;
714;Trovan Unique;"00075CE5CF";08.07.2017;16:11:17;;-;-;;
715;Trovan Unique;"00075CE5CF";08.07.2017;16:11:18;;-;-;;
716;Trovan Unique;"00075CE5CF";08.07.2017;16:11:19;;-;-;;
717;Trovan Unique;"00075CE5CF";08.07.2017;16:11:20;;-;-;;
718;Trovan Unique;"00075CE5CF";08.07.2017;16:11:21;;-;-;;
719;Trovan Unique;"00075CE5CF";08.07.2017;16:11:22;;-;-;;
720;Trovan Unique;"00075CE5CF";08.07.2017;16:11:23;;-;-;;
721;Trovan Unique;"00075CE5CF";08.07.2017;16:11:24;;-;-;;
722;Trovan Unique;"00075CE5CF";08.07.2017;16:11:25;;-;-;;
723;Trovan Unique;"00075CE5CF";08.07.2017;16:11:26;;-;-;;
724;Trovan Unique;"00075CE5CF";08.07.2017;16:11:27;;-;-;;
725;Trovan Unique;"00075CE5CF";08.07.2017;16:11:28;;-;-;;
726;Trovan Unique;"00075CE5CF";08.07.2017;16:11:29;;-;-;;
727;Trovan Unique;"00075CE5CF";08.07.2017;16:11:30;;-;-;;
728;Trovan Unique;"00075CE5CF";08.07.2017;16:11:31;;-;-;;
729;Trovan Unique;"00075CE5CF";08.07.2017;16:11:33;;-;-;;
730;Trovan Unique;"00075CE5CF";08.07.2017;16:11:34;;-;-;;
731;Trovan Unique;"00075CE5CF";08.07.2017;16:11:35;;-;-;;
732;Trovan Unique;"00075CE5CF";08.07.2017;16:11:36;;-;-;;
733;Trovan Unique;"00075CE5CF";08.07.2017;16:11:37;;-;-;;
734;Trovan Unique;"00075CE5CF";08.07.2017;16:11:38;;-;-;;
735;Trovan Unique;"00075CE5CF";08.07.2017;16:11:39;;-;-;;
736;Trovan Unique;"00075CE5CF";08.07.2017;16:11:40;;-;-;;
737;Trovan Unique;"00075CE5CF";08.07.2017;16:11:41;;-;-;;
738;Trovan Unique;"00075CE5CF";08.07.2017;16:11:42;;-;-;;
739;Trovan Unique;"00075CE5CF";08.07.2017;16:11:43;;-;-;;
740;Trovan Unique;"00075CE5CF";08.07.2017;16:11:44;;-;-;;
741;Trovan Unique;"00075CE5CF";08.07.2017;16:11:45;;-;-;;
742;Trovan Unique;"00075CE5CF";08.07.2017;16:11:46;;-;-;;
743;Trovan Unique;"00075CE5CF";08.07.2017;16:11:47;;-;-;;
744;Trovan Unique;"00075CE5CF";08.07.2017;16:11:48;;-;-;;
745;Trovan Unique;"00075CE5CF";08.07.2017;16:11:49;;-;-;;
746;Trovan Unique;"00075CE5CF";08.07.2017;16:11:51;;-;-;;
747;Trovan Unique;"00075CE5CF";08.07.2017;16:11:52;;-;-;;
748;Trovan Unique;"00075CE5CF";08.07.2017;16:11:53;;-;-;;
749;Trovan Unique;"00075CE5CF";08.07.2017;16:11:54;;-;-;;
750;Trovan Unique;"00075CE5CF";08.07.2017;16:11:55;;-;-;;
751;Trovan Unique;"00075CE5CF";08.07.2017;16:11:56;;-;-;;
752;Trovan Unique;"00075CE5CF";08.07.2017;16:11:57;;-;-;;
753;Trovan Unique;"00075CE5CF";08.07.2017;16:11:58;;-;-;;
754;Trovan Unique;"00075CE5CF";08.07.2017;16:11:59;;-;-;;
755;Trovan Unique;"00075CE5CF";08.07.2017;16:12:00;;-;-;;
756;Trovan Unique;"00075CE5CF";08.07.2017;16:12:01;;-;-;;
757;Trovan Unique;"00075CE5CF";08.07.2017;16:12:02;;-;-;;
758;Trovan Unique;"00075CE5CF";08.07.2017;16:12:03;;-;-;;
759;Trovan Unique;"00075CE5CF";08.07.2017;16:12:04;;-;-;;
760;Trovan Unique;"00075CE5CF";08.07.2017;16:12:05;;-;-;;
761;Trovan Unique;"00075CE5CF";08.07.2017;16:12:06;;-;-;;
762;Trovan Unique;"00075CE5CF";08.07.2017;16:12:07;;-;-;;
763;Trovan Unique;"00075CE5CF";08.07.2017;16:12:09;;-;-;;
764;Trovan Unique;"00075CE5CF";08.07.2017;16:12:10;;-;-;;
765;Trovan Unique;"00075CE5CF";08.07.2017;16:12:11;;-;-;;
766;Trovan Unique;"00075CE5CF";08.07.2017;16:12:12;;-;-;;
767;Trovan Unique;"00075CE5CF";08.07.2017;16:12:13;;-;-;;
768;Trovan Unique;"00075CE5CF";08.07.2017;16:12:14;;-;-;;
769;Trovan Unique;"00075CE5CF";08.07.2017;16:12:15;;-;-;;
770;Trovan Unique;"00075CE5CF";08.07.2017;16:49:30;;-;-;;
771;Trovan Unique;"00075CE5CF";08.07.2017;16:49:32;;-;-;;
772;Trovan Unique;"00075CE5CF";08.07.2017;16:49:33;;-;-;;
773;Trovan Unique;"00075CE5CF";08.07.2017;16:49:35;;-;-;;
774;Trovan Unique;"00075CE5CF";08.07.2017;16:49:36;;-;-;;
775;Trovan Unique;"00075CE5CF";08.07.2017;16:49:37;;-;-;;
776;Trovan Unique;"00075CE5CF";08.07.2017;16:49:38;;-;-;;
777;Trovan Unique;"00075CE5CF";08.07.2017;16:49:39;;-;-;;
778;Trovan Unique;"00075CE5CF";08.07.2017;16:49:40;;-;-;;
779;Trovan Unique;"00075CE5CF";08.07.2017;16:49:41;;-;-;;
780;Trovan Unique;"00075CE5CF";08.07.2017;16:54:39;;-;-;;
781;Trovan Unique;"00075CE5CF";08.07.2017;16:54:41;;-;-;;
782;Trovan Unique;"00075CE5CF";08.07.2017;16:56:06;;-;-;;
783;Trovan Unique;"00075CE5CF";08.07.2017;16:56:07;;-;-;;
784;Trovan Unique;"00075CE5CF";08.07.2017;16:56:08;;-;-;;
785;Trovan Unique;"00075CE5CF";08.07.2017;16:56:09;;-;-;;
786;Trovan Unique;"00075CE5CF";08.07.2017;16:56:10;;-;-;;
787;Trovan Unique;"00075CE5CF";08.07.2017;16:56:12;;-;-;;
788;Trovan Unique;"0006B3769B";08.07.2017;17:01:27;;-;-;;
789;Trovan Unique;"0006B3769B";08.07.2017;17:01:29;;-;-;;
790;Trovan Unique;"0006B3769B";08.07.2017;17:02:30;;-;-;;
791;Trovan Unique;"0006B3769B";08.07.2017;17:05:32;;-;-;;
792;Trovan Unique;"0006B3769B";08.07.2017;17:05:35;;-;-;;
793;Trovan Unique;"0006B3769B";08.07.2017;17:05:38;;-;-;;
794;Trovan Unique;"0006B3769B";08.07.2017;17:05:40;;-;-;;
795;Trovan Unique;"0006B3769B";08.07.2017;17:05:41;;-;-;;
796;Trovan Unique;"0006B3769B";08.07.2017;17:05:43;;-;-;;
797;Trovan Unique;"0006B3769B";08.07.2017;17:05:45;;-;-;;
798;Trovan Unique;"0006B3769B";08.07.2017;17:05:46;;-;-;;
799;Trovan Unique;"0006B3769B";08.07.2017;17:05:48;;-;-;;
800;Trovan Unique;"0006B3769B";08.07.2017;17:05:49;;-;-;;
801;Trovan Unique;"0006B3769B";08.07.2017;17:05:50;;-;-;;
802;Trovan Unique;"0006B3769B";08.07.2017;17:05:52;;-;-;;
803;Trovan Unique;"0006B3769B";08.07.2017;17:05:53;;-;-;;
804;Trovan Unique;"0006B3769B";08.07.2017;17:05:55;;-;-;;
805;Trovan Unique;"0006B3769B";08.07.2017;17:05:56;;-;-;;
806;Trovan Unique;"0006B3769B";08.07.2017;17:05:57;;-;-;;
807;Trovan Unique;"0006B3769B";08.07.2017;17:05:58;;-;-;;
808;Trovan Unique;"0006B3769B";08.07.2017;17:05:59;;-;-;;
809;Trovan Unique;"0006B3769B";08.07.2017;17:06:01;;-;-;;
810;Trovan Unique;"0006B3769B";08.07.2017;17:06:02;;-;-;;
811;Trovan Unique;"0006B3769B";08.07.2017;17:06:03;;-;-;;
812;Trovan Unique;"0006B3769B";08.07.2017;17:06:04;;-;-;;
813;Trovan Unique;"0006B3769B";08.07.2017;17:06:06;;-;-;;
814;Trovan Unique;"0006B3769B";08.07.2017;17:06:07;;-;-;;
815;Trovan Unique;"0006B3769B";08.07.2017;17:06:09;;-;-;;
816;Trovan Unique;"0006B3769B";08.07.2017;17:06:10;;-;-;;
817;Trovan Unique;"0006B3769B";08.07.2017;17:07:26;;-;-;;
818;Trovan Unique;"0006B3769B";08.07.2017;17:11:20;;-;-;;
819;Trovan Unique;"0006B3769B";08.07.2017;17:12:08;;-;-;;
820;Trovan Unique;"0006B3769B";08.07.2017;17:12:10;;-;-;;
821;Trovan Unique;"0006B3769B";08.07.2017;17:12:13;;-;-;;
822;Trovan Unique;"0006B3769B";08.07.2017;17:12:16;;-;-;;
823;Trovan Unique;"0006B3769B";08.07.2017;17:12:21;;-;-;;
824;Trovan Unique;"0006B3769B";08.07.2017;17:12:23;;-;-;;
825;Trovan Unique;"0006B3769B";08.07.2017;17:12:24;;-;-;;
826;Trovan Unique;"0006B3769B";08.07.2017;17:12:25;;-;-;;
827;Trovan Unique;"0006B3769B";08.07.2017;17:12:29;;-;-;;
828;Trovan Unique;"0006B3769B";08.07.2017;17:12:35;;-;-;;
829;Trovan Unique;"0006B3769B";08.07.2017;17:12:37;;-;-;;
830;Trovan Unique;"0006B3769B";08.07.2017;17:12:41;;-;-;;
831;Trovan Unique;"001EBF769B";08.07.2017;17:12:43;;-;-;;
832;Trovan Unique;"0006B3769B";08.07.2017;17:12:45;;-;-;;
833;Trovan Unique;"0006B3769B";08.07.2017;17:12:49;;-;-;;
834;Trovan Unique;"0006B3769B";08.07.2017;17:13:11;;-;-;;
835;Trovan Unique;"0006B3769B";08.07.2017;17:13:16;;-;-;;
836;Trovan Unique;"0006B3769B";08.07.2017;17:13:19;;-;-;;
837;Trovan Unique;"0006B3769B";08.07.2017;17:13:22;;-;-;;
838;Trovan Unique;"0006B3769B";08.07.2017;17:13:25;;-;-;;
839;Trovan Unique;"0006B3769B";08.07.2017;17:13:26;;-;-;;
840;Trovan Unique;"0006B3769B";08.07.2017;17:13:27;;-;-;;
841;Trovan Unique;"0006B3769B";08.07.2017;17:13:28;;-;-;;
842;Trovan Unique;"0006B3769B";08.07.2017;17:13:30;;-;-;;
843;Trovan Unique;"0006B3769B";08.07.2017;17:13:31;;-;-;;
844;Trovan Unique;"0006B3769B";08.07.2017;17:13:33;;-;-;;
845;Trovan Unique;"0006B3769B";08.07.2017;17:13:35;;-;-;;
846;Trovan Unique;"0006B3769B";08.07.2017;17:13:38;;-;-;;
847;Trovan Unique;"0006B3769B";08.07.2017;17:14:18;;-;-;;
848;Trovan Unique;"0006B3769B";08.07.2017;17:14:20;;-;-;;
849;Trovan Unique;"0006B3769B";08.07.2017;17:14:21;;-;-;;
850;Trovan Unique;"0006B3769B";08.07.2017;17:14:24;;-;-;;
851;Trovan Unique;"0006B3769B";08.07.2017;17:14:28;;-;-;;
852;Trovan Unique;"0006B35F23";08.07.2017;18:00:45;;-;-;;
853;Trovan Unique;"0006B35F23";08.07.2017;18:01:05;;-;-;;
854;Trovan Unique;"0006B35F23";08.07.2017;18:01:06;;-;-;;
855;Trovan Unique;"0006B35F23";08.07.2017;18:01:09;;-;-;;
856;Trovan Unique;"0006B35F23";08.07.2017;18:01:11;;-;-;;
857;Trovan Unique;"0006B35F23";08.07.2017;18:01:14;;-;-;;
858;Trovan Unique;"0006B35F23";08.07.2017;18:01:15;;-;-;;
859;Trovan Unique;"0006B35F23";08.07.2017;18:01:17;;-;-;;
860;Trovan Unique;"0006B35F23";08.07.2017;18:01:19;;-;-;;
861;Trovan Unique;"0006B35F23";08.07.2017;18:01:22;;-;-;;
862;Trovan Unique;"0006B35F23";08.07.2017;18:01:24;;-;-;;
863;Trovan Unique;"0006B35F23";08.07.2017;18:01:25;;-;-;;
864;Trovan Unique;"0006B35F23";08.07.2017;18:01:27;;-;-;;
865;Trovan Unique;"0006B35F23";08.07.2017;18:01:33;;-;-;;
866;Trovan Unique;"0006B35F23";08.07.2017;18:01:36;;-;-;;
867;Trovan Unique;"0006B35F23";08.07.2017;18:01:40;;-;-;;
868;Trovan Unique;"0006B35F23";08.07.2017;18:01:45;;-;-;;
869;Trovan Unique;"0006B35F23";08.07.2017;18:01:51;;-;-;;
870;Trovan Unique;"0006B35F23";08.07.2017;18:01:53;;-;-;;
871;Trovan Unique;"0006B35F23";08.07.2017;18:01:59;;-;-;;
872;Trovan Unique;"0006B35F23";08.07.2017;18:02:01;;-;-;;
873;Trovan Unique;"0006B35F23";08.07.2017;18:02:08;;-;-;;
874;Trovan Unique;"0006B35F23";08.07.2017;18:02:20;;-;-;;
875;Trovan Unique;"0006B397F6";08.07.2017;18:12:29;;-;-;;
876;Trovan Unique;"0006B397F6";08.07.2017;18:12:31;;-;-;;
877;Trovan Unique;"0006B35F23";08.07.2017;18:12:37;;-;-;;
878;Trovan Unique;"0006B397F6";08.07.2017;18:12:39;;-;-;;
879;Trovan Unique;"0006B397F6";08.07.2017;18:12:41;;-;-;;
880;Trovan Unique;"0006B35F23";08.07.2017;18:12:42;;-;-;;
881;Trovan Unique;"0006B397F6";08.07.2017;18:12:43;;-;-;;
882;Trovan Unique;"0006B35F23";08.07.2017;18:12:45;;-;-;;
883;Trovan Unique;"0006B35F23";08.07.2017;18:12:47;;-;-;;
884;Trovan Unique;"0006B35F23";08.07.2017;18:12:50;;-;-;;
885;Trovan Unique;"0006B35F23";08.07.2017;18:12:51;;-;-;;
886;Trovan Unique;"0006B35F23";08.07.2017;18:12:53;;-;-;;
887;Trovan Unique;"0006B35F23";08.07.2017;18:12:55;;-;-;;
888;Trovan Unique;"0006B35F23";08.07.2017;18:12:57;;-;-;;
889;Trovan Unique;"0006B35F23";08.07.2017;18:12:59;;-;-;;
890;Trovan Unique;"0006B35F23";08.07.2017;18:13:00;;-;-;;
891;Trovan Unique;"0006B35F23";08.07.2017;18:13:01;;-;-;;
892;Trovan Unique;"0006B35F23";08.07.2017;18:13:02;;-;-;;
893;Trovan Unique;"0006B35F23";08.07.2017;18:13:03;;-;-;;
894;Trovan Unique;"0006B35F23";08.07.2017;18:13:04;;-;-;;
895;Trovan Unique;"0006B35F23";08.07.2017;18:13:05;;-;-;;
896;Trovan Unique;"0006B35F23";08.07.2017;18:13:07;;-;-;;
897;Trovan Unique;"0006B35F23";08.07.2017;18:13:09;;-;-;;
898;Trovan Unique;"0006B35F23";08.07.2017;18:13:10;;-;-;;
899;Trovan Unique;"0006B35F23";08.07.2017;18:13:11;;-;-;;
900;Trovan Unique;"0006B35F23";08.07.2017;18:13:13;;-;-;;
901;Trovan Unique;"0006B35F23";08.07.2017;18:13:16;;-;-;;
902;Trovan Unique;"0006B35F23";08.07.2017;18:13:17;;-;-;;
903;Trovan Unique;"0006B35F23";08.07.2017;18:13:19;;-;-;;
904;Trovan Unique;"0006B35F23";08.07.2017;18:13:21;;-;-;;
905;Trovan Unique;"0006B35F23";08.07.2017;18:13:22;;-;-;;
906;Trovan Unique;"0006B35F23";08.07.2017;18:13:25;;-;-;;
907;Trovan Unique;"0006B35F23";08.07.2017;18:13:26;;-;-;;
908;Trovan Unique;"0006B35F23";08.07.2017;18:13:27;;-;-;;
909;Trovan Unique;"0006B35F23";08.07.2017;18:13:33;;-;-;;
910;Trovan Unique;"0006B35F23";08.07.2017;18:13:36;;-;-;;
911;Trovan Unique;"0006B35F23";08.07.2017;18:13:37;;-;-;;
912;Trovan Unique;"0006B35F23";08.07.2017;18:13:39;;-;-;;
913;Trovan Unique;"0006B35F23";08.07.2017;18:13:40;;-;-;;
914;Trovan Unique;"0006B35F23";08.07.2017;18:13:41;;-;-;;
915;Trovan Unique;"0006B35F23";08.07.2017;18:13:43;;-;-;;
916;Trovan Unique;"0006B35F23";08.07.2017;18:13:44;;-;-;;
917;Trovan Unique;"0006B397F6";08.07.2017;18:13:46;;-;-;;
918;Trovan Unique;"0006B397F6";08.07.2017;18:13:47;;-;-;;
919;Trovan Unique;"0006B35F23";08.07.2017;18:13:49;;-;-;;
920;Trovan Unique;"0006B35F23";08.07.2017;18:13:50;;-;-;;
921;Trovan Unique;"0006B35F23";08.07.2017;18:13:52;;-;-;;
922;Trovan Unique;"0006B35F23";08.07.2017;18:13:53;;-;-;;
923;Trovan Unique;"0006B35F23";08.07.2017;18:13:54;;-;-;;
924;Trovan Unique;"0006B35F23";08.07.2017;18:13:57;;-;-;;
925;Trovan Unique;"0006B35F23";08.07.2017;18:13:59;;-;-;;
926;Trovan Unique;"0006B35F23";08.07.2017;18:14:00;;-;-;;
927;Trovan Unique;"0006B397F6";08.07.2017;18:14:02;;-;-;;
928;Trovan Unique;"0006B397F6";08.07.2017;18:14:03;;-;-;;
929;Trovan Unique;"0006B397F6";08.07.2017;18:14:04;;-;-;;
930;Trovan Unique;"0006B35F23";08.07.2017;18:14:06;;-;-;;
931;Trovan Unique;"0006B35F23";08.07.2017;18:14:07;;-;-;;
932;Trovan Unique;"0006B35F23";08.07.2017;18:14:09;;-;-;;
933;Trovan Unique;"0006B35F23";08.07.2017;18:14:10;;-;-;;
934;Trovan Unique;"0006B397F6";08.07.2017;18:14:11;;-;-;;
935;Trovan Unique;"0006B397F6";08.07.2017;18:14:12;;-;-;;
936;Trovan Unique;"0006B397F6";08.07.2017;18:14:13;;-;-;;
937;Trovan Unique;"0006B397F6";08.07.2017;18:14:14;;-;-;;
938;Trovan Unique;"0006B397F6";08.07.2017;18:14:16;;-;-;;
939;Trovan Unique;"0006B397F6";08.07.2017;18:14:17;;-;-;;
940;Trovan Unique;"0006B35F23";08.07.2017;18:14:18;;-;-;;
941;Trovan Unique;"0006B35F23";08.07.2017;18:14:19;;-;-;;
942;Trovan Unique;"0006B397F6";08.07.2017;18:14:21;;-;-;;
943;Trovan Unique;"0006B397F6";08.07.2017;18:14:24;;-;-;;
944;Trovan Unique;"0006B397F6";08.07.2017;18:14:25;;-;-;;
945;Trovan Unique;"0006B397F6";08.07.2017;18:14:26;;-;-;;
946;Trovan Unique;"0006B397F6";08.07.2017;18:14:27;;-;-;;
947;Trovan Unique;"0006B397F6";08.07.2017;18:14:28;;-;-;;
948;Trovan Unique;"0006B397F6";08.07.2017;18:14:29;;-;-;;
949;Trovan Unique;"0006B397F6";08.07.2017;18:14:30;;-;-;;
950;Trovan Unique;"0006B397F6";08.07.2017;18:14:31;;-;-;;
951;Trovan Unique;"0006B397F6";08.07.2017;18:14:32;;-;-;;
952;Trovan Unique;"0006B397F6";08.07.2017;18:14:37;;-;-;;
953;Trovan Unique;"0006B397F6";08.07.2017;18:14:38;;-;-;;
954;Trovan Unique;"0006B397F6";08.07.2017;18:14:39;;-;-;;
955;Trovan Unique;"0006B397F6";08.07.2017;18:14:41;;-;-;;
956;Trovan Unique;"0006B35F23";08.07.2017;18:14:47;;-;-;;
957;Trovan Unique;"0006B35F23";08.07.2017;18:14:50;;-;-;;
958;Trovan Unique;"0006B397F6";08.07.2017;18:14:52;;-;-;;
959;Trovan Unique;"0006B397F6";08.07.2017;18:14:53;;-;-;;
960;Trovan Unique;"0006B397F6";08.07.2017;18:14:55;;-;-;;
961;Trovan Unique;"0006B397F6";08.07.2017;18:14:56;;-;-;;
962;Trovan Unique;"0006B397F6";08.07.2017;18:15:07;;-;-;;
963;Trovan Unique;"0006B397F6";08.07.2017;18:15:08;;-;-;;
964;Trovan Unique;"0006B397F6";08.07.2017;18:15:14;;-;-;;
965;Trovan Unique;"0006B397F6";08.07.2017;18:15:15;;-;-;;
966;Trovan Unique;"0006B397F6";08.07.2017;18:15:18;;-;-;;
967;Trovan Unique;"0006B397F6";08.07.2017;18:15:19;;-;-;;
968;Trovan Unique;"0006B397F6";08.07.2017;18:15:20;;-;-;;
969;Trovan Unique;"0006B397F6";08.07.2017;18:15:21;;-;-;;
970;Trovan Unique;"0006B397F6";08.07.2017;18:15:22;;-;-;;
971;Trovan Unique;"0006B397F6";08.07.2017;18:15:24;;-;-;;
972;Trovan Unique;"0006B397F6";08.07.2017;18:15:25;;-;-;;
973;Trovan Unique;"0006B397F6";08.07.2017;18:15:26;;-;-;;
974;Trovan Unique;"0186B3F7F6";08.07.2017;18:15:28;;-;-;;
975;Trovan Unique;"0006B397F6";08.07.2017;18:15:30;;-;-;;
976;Trovan Unique;"0006B397F6";08.07.2017;18:15:31;;-;-;;
977;Trovan Unique;"0006B397F6";08.07.2017;18:15:32;;-;-;;
978;Trovan Unique;"0006B397F6";08.07.2017;18:15:34;;-;-;;
979;Trovan Unique;"0006B397F6";08.07.2017;18:15:35;;-;-;;
980;Trovan Unique;"0006B397F6";08.07.2017;18:15:38;;-;-;;
981;Trovan Unique;"0006B397F6";08.07.2017;18:15:39;;-;-;;
982;Trovan Unique;"0006B397F6";08.07.2017;18:15:40;;-;-;;
983;Trovan Unique;"0006B397F6";08.07.2017;18:15:42;;-;-;;
984;Trovan Unique;"0006B397F6";08.07.2017;18:15:43;;-;-;;
985;Trovan Unique;"0006B397F6";08.07.2017;18:15:44;;-;-;;
986;Trovan Unique;"0006B397F6";08.07.2017;18:15:45;;-;-;;
987;Trovan Unique;"0006B397F6";08.07.2017;18:15:47;;-;-;;
988;Trovan Unique;"0006B397F6";08.07.2017;18:15:50;;-;-;;
989;Trovan Unique;"0006B397F6";08.07.2017;18:15:57;;-;-;;
990;Trovan Unique;"0006B397F6";08.07.2017;18:15:58;;-;-;;
991;Trovan Unique;"0006B397F6";08.07.2017;18:16:00;;-;-;;
992;Trovan Unique;"0006B397F6";08.07.2017;18:16:02;;-;-;;
993;Trovan Unique;"0006B397F6";08.07.2017;18:16:06;;-;-;;
994;Trovan Unique;"0006B397F6";08.07.2017;18:16:07;;-;-;;
995;Trovan Unique;"0006B397F6";08.07.2017;18:16:08;;-;-;;
996;Trovan Unique;"0006B397F6";08.07.2017;18:16:09;;-;-;;
997;Trovan Unique;"0006B397F6";08.07.2017;18:16:11;;-;-;;
998;Trovan Unique;"0006B397F6";08.07.2017;18:16:12;;-;-;;
999;Trovan Unique;"0006B397F6";08.07.2017;18:16:14;;-;-;;
1000;Trovan Unique;"0006B397F6";08.07.2017;18:16:18;;-;-;;
1001;Trovan Unique;"0006B397F6";08.07.2017;18:16:19;;-;-;;
1002;Trovan Unique;"0006B397F6";08.07.2017;18:16:20;;-;-;;
1003;Trovan Unique;"0006B397F6";08.07.2017;18:16:25;;-;-;;
1004;Trovan Unique;"0006B397F6";08.07.2017;18:16:28;;-;-;;
1005;Trovan Unique;"0006B397F6";08.07.2017;18:16:29;;-;-;;
1006;Trovan Unique;"0006B35F23";08.07.2017;18:16:31;;-;-;;
1007;Trovan Unique;"0006B35F23";08.07.2017;18:16:32;;-;-;;
1008;Trovan Unique;"0006B35F23";08.07.2017;18:16:34;;-;-;;
1009;Trovan Unique;"0006B35F23";08.07.2017;18:16:35;;-;-;;
1010;Trovan Unique;"0006B35F23";08.07.2017;18:16:36;;-;-;;
1011;Trovan Unique;"0006B35F23";08.07.2017;18:16:37;;-;-;;
1012;Trovan Unique;"0006B35F23";08.07.2017;18:16:38;;-;-;;
1013;Trovan Unique;"0006B397F6";08.07.2017;18:16:40;;-;-;;
1014;Trovan Unique;"0006B397F6";08.07.2017;18:16:41;;-;-;;
1015;Trovan Unique;"0006B35F23";08.07.2017;18:16:43;;-;-;;
1016;Trovan Unique;"0006B35F23";08.07.2017;18:16:44;;-;-;;
1017;Trovan Unique;"0006B397F6";08.07.2017;18:16:45;;-;-;;
1018;Trovan Unique;"0006B397F6";08.07.2017;18:16:46;;-;-;;
1019;Trovan Unique;"0006B397F6";08.07.2017;18:16:48;;-;-;;
1020;Trovan Unique;"0006B397F6";08.07.2017;18:16:50;;-;-;;
1021;Trovan Unique;"0006B397F6";08.07.2017;18:16:51;;-;-;;
1022;Trovan Unique;"0006B397F6";08.07.2017;18:16:52;;-;-;;
1023;Trovan Unique;"0006B397F6";08.07.2017;18:17:03;;-;-;;
1024;Trovan Unique;"0006B35F23";08.07.2017;18:17:05;;-;-;;
1025;Trovan Unique;"0006B35F23";08.07.2017;18:17:06;;-;-;;
1026;Trovan Unique;"0006B35F23";08.07.2017;18:17:07;;-;-;;
1027;Trovan Unique;"0006B35F23";08.07.2017;18:17:13;;-;-;;
1028;Trovan Unique;"0006B35F23";08.07.2017;18:17:14;;-;-;;
1029;Trovan Unique;"0006B35F23";08.07.2017;18:17:16;;-;-;;
1030;Trovan Unique;"0006B35F23";08.07.2017;18:17:17;;-;-;;
1031;Trovan Unique;"0006B35F23";08.07.2017;18:17:18;;-;-;;
1032;Trovan Unique;"0006B35F23";08.07.2017;18:17:19;;-;-;;
1033;Trovan Unique;"0006B397F6";08.07.2017;18:17:30;;-;-;;
1034;Trovan Unique;"0006B397F6";08.07.2017;18:17:31;;-;-;;
1035;Trovan Unique;"0006B397F6";08.07.2017;18:17:45;;-;-;;
1036;Trovan Unique;"0006B397F6";08.07.2017;18:17:48;;-;-;;
1037;Trovan Unique;"0006B397F6";08.07.2017;18:17:49;;-;-;;
1038;Trovan Unique;"0006B397F6";08.07.2017;18:17:50;;-;-;;
1039;Trovan Unique;"0006B397F6";08.07.2017;18:17:51;;-;-;;
1040;Trovan Unique;"0006B397F6";08.07.2017;18:17:52;;-;-;;
1041;Trovan Unique;"0006B397F6";08.07.2017;18:17:54;;-;-;;
1042;Trovan Unique;"0006B397F6";08.07.2017;18:17:57;;-;-;;
1043;Trovan Unique;"0006B397F6";08.07.2017;18:17:58;;-;-;;
1044;Trovan Unique;"0006B397F6";08.07.2017;18:17:59;;-;-;;
1045;Trovan Unique;"0006B397F6";08.07.2017;18:18:00;;-;-;;
1046;Trovan Unique;"0006B397F6";08.07.2017;18:18:01;;-;-;;
1047;Trovan Unique;"0006B397F6";08.07.2017;18:18:05;;-;-;;
1048;Trovan Unique;"0006B397F6";08.07.2017;18:18:08;;-;-;;
1049;Trovan Unique;"0006B397F6";08.07.2017;18:18:09;;-;-;;
1050;Trovan Unique;"0006B397F6";08.07.2017;18:18:10;;-;-;;
1051;Trovan Unique;"0006B397F6";08.07.2017;18:18:11;;-;-;;
1052;Trovan Unique;"0006B397F6";08.07.2017;18:18:12;;-;-;;
1053;Trovan Unique;"0006B397F6";08.07.2017;18:18:13;;-;-;;
1054;Trovan Unique;"0006B397F6";08.07.2017;18:18:15;;-;-;;
1055;Trovan Unique;"0006B397F6";08.07.2017;18:18:16;;-;-;;
1056;Trovan Unique;"0006B397F6";08.07.2017;18:18:20;;-;-;;
1057;Trovan Unique;"0006B397F6";08.07.2017;18:18:22;;-;-;;
1058;Trovan Unique;"0006B397F6";08.07.2017;18:18:24;;-;-;;
1059;Trovan Unique;"0006B397F6";08.07.2017;18:18:25;;-;-;;
1060;Trovan Unique;"0006B397F6";08.07.2017;18:18:26;;-;-;;
1061;Trovan Unique;"0006B397F6";08.07.2017;18:18:27;;-;-;;
1062;Trovan Unique;"0006B397F6";08.07.2017;18:18:28;;-;-;;
1063;Trovan Unique;"0006B397F6";08.07.2017;18:18:29;;-;-;;
1064;Trovan Unique;"0006B397F6";08.07.2017;18:18:30;;-;-;;
1065;Trovan Unique;"0006B397F6";08.07.2017;18:18:32;;-;-;;
1066;Trovan Unique;"0006B397F6";08.07.2017;18:18:33;;-;-;;
1067;Trovan Unique;"0006B397F6";08.07.2017;18:18:36;;-;-;;
1068;Trovan Unique;"0006B397F6";08.07.2017;18:18:38;;-;-;;
1069;Trovan Unique;"0006B397F6";08.07.2017;18:18:39;;-;-;;
1070;Trovan Unique;"0006B397F6";08.07.2017;18:18:40;;-;-;;
1071;Trovan Unique;"0006B397F6";08.07.2017;18:18:41;;-;-;;
1072;Trovan Unique;"0006B397F6";08.07.2017;18:18:42;;-;-;;
1073;Trovan Unique;"0006B397F6";08.07.2017;18:18:43;;-;-;;
1074;Trovan Unique;"0006B397F6";08.07.2017;18:18:45;;-;-;;
1075;Trovan Unique;"0006B397F6";08.07.2017;18:18:47;;-;-;;
1076;Trovan Unique;"0006B397F6";08.07.2017;18:18:49;;-;-;;
1077;Trovan Unique;"0006B397F6";08.07.2017;18:18:53;;-;-;;
1078;Trovan Unique;"0006B397F6";08.07.2017;18:18:55;;-;-;;
1079;Trovan Unique;"0006B397F6";08.07.2017;18:18:59;;-;-;;
1080;Trovan Unique;"0006B397F6";08.07.2017;18:19:02;;-;-;;
1081;Trovan Unique;"0006B397F6";08.07.2017;18:19:03;;-;-;;
1082;Trovan Unique;"0006B397F6";08.07.2017;18:19:04;;-;-;;
1083;Trovan Unique;"0006B397F6";08.07.2017;18:19:05;;-;-;;
1084;Trovan Unique;"0006B397F6";08.07.2017;18:19:07;;-;-;;
1085;Trovan Unique;"0006B397F6";08.07.2017;18:19:08;;-;-;;
1086;Trovan Unique;"0006B397F6";08.07.2017;18:19:09;;-;-;;
1087;Trovan Unique;"0006B397F6";08.07.2017;18:19:28;;-;-;;
1088;Trovan Unique;"0006B397F6";08.07.2017;18:19:30;;-;-;;
1089;Trovan Unique;"0006B397F6";08.07.2017;18:19:33;;-;-;;
1090;Trovan Unique;"0006B397F6";08.07.2017;18:19:35;;-;-;;
1091;Trovan Unique;"0006B397F6";08.07.2017;18:19:36;;-;-;;
1092;Trovan Unique;"0006B397F6";08.07.2017;18:19:37;;-;-;;
1093;Trovan Unique;"0006B397F6";08.07.2017;18:19:38;;-;-;;
1094;Trovan Unique;"0006B397F6";08.07.2017;18:19:40;;-;-;;
1095;Trovan Unique;"0006B397F6";08.07.2017;18:19:41;;-;-;;
1096;Trovan Unique;"0006B397F6";08.07.2017;18:19:42;;-;-;;
1097;Trovan Unique;"0006B397F6";08.07.2017;18:19:43;;-;-;;
1098;Trovan Unique;"0006B397F6";08.07.2017;18:19:44;;-;-;;
1099;Trovan Unique;"0006B397F6";08.07.2017;18:19:45;;-;-;;
1100;Trovan Unique;"0006B397F6";08.07.2017;18:19:46;;-;-;;
1101;Trovan Unique;"0006B397F6";08.07.2017;18:19:47;;-;-;;
1102;Trovan Unique;"0006B397F6";08.07.2017;18:19:49;;-;-;;
1103;Trovan Unique;"0006B397F6";08.07.2017;18:19:50;;-;-;;
1104;Trovan Unique;"0006B397F6";08.07.2017;18:19:52;;-;-;;
1105;Trovan Unique;"0006B397F6";08.07.2017;18:19:53;;-;-;;
1106;Trovan Unique;"0006B397F6";08.07.2017;18:19:54;;-;-;;
1107;Trovan Unique;"0006B397F6";08.07.2017;18:19:55;;-;-;;
1108;Trovan Unique;"0006B397F6";08.07.2017;18:19:56;;-;-;;
1109;Trovan Unique;"0006B397F6";08.07.2017;18:19:57;;-;-;;
1110;Trovan Unique;"0006B397F6";08.07.2017;18:19:58;;-;-;;
1111;Trovan Unique;"0006B397F6";08.07.2017;18:19:59;;-;-;;
1112;Trovan Unique;"0006B397F6";08.07.2017;18:20:00;;-;-;;
1113;Trovan Unique;"0006B397F6";08.07.2017;18:20:01;;-;-;;
1114;Trovan Unique;"0006B397F6";08.07.2017;18:20:03;;-;-;;
1115;Trovan Unique;"0006B397F6";08.07.2017;18:20:04;;-;-;;
1116;Trovan Unique;"0006B397F6";08.07.2017;18:20:05;;-;-;;
1117;Trovan Unique;"0006B397F6";08.07.2017;18:20:06;;-;-;;
1118;Trovan Unique;"0006B397F6";08.07.2017;18:20:07;;-;-;;
1119;Trovan Unique;"0006B397F6";08.07.2017;18:20:08;;-;-;;
1120;Trovan Unique;"0006B397F6";08.07.2017;18:20:09;;-;-;;
1121;Trovan Unique;"0006B397F6";08.07.2017;18:20:10;;-;-;;
1122;Trovan Unique;"0006B397F6";08.07.2017;18:20:13;;-;-;;
1123;Trovan Unique;"0006B397F6";08.07.2017;18:20:14;;-;-;;
1124;Trovan Unique;"0006B397F6";08.07.2017;18:20:15;;-;-;;
1125;Trovan Unique;"0006B397F6";08.07.2017;18:20:16;;-;-;;
1126;Trovan Unique;"0006B397F6";08.07.2017;18:20:17;;-;-;;
1127;Trovan Unique;"0006B397F6";08.07.2017;18:20:18;;-;-;;
1128;Trovan Unique;"0006B397F6";08.07.2017;18:20:19;;-;-;;
1129;Trovan Unique;"0006B397F6";08.07.2017;18:20:20;;-;-;;
1130;Trovan Unique;"0006B397F6";08.07.2017;18:20:22;;-;-;;
1131;Trovan Unique;"0006B397F6";08.07.2017;18:20:23;;-;-;;
1132;Trovan Unique;"0006B397F6";08.07.2017;18:20:24;;-;-;;
1133;Trovan Unique;"0006B397F6";08.07.2017;18:20:25;;-;-;;
1134;Trovan Unique;"0006B397F6";08.07.2017;18:20:26;;-;-;;
1135;Trovan Unique;"0006B397F6";08.07.2017;18:20:27;;-;-;;
1136;Trovan Unique;"0006B397F6";08.07.2017;18:20:28;;-;-;;
1137;Trovan Unique;"0006B397F6";08.07.2017;18:20:29;;-;-;;
1138;Trovan Unique;"0006B397F6";08.07.2017;18:20:30;;-;-;;
1139;Trovan Unique;"0006B397F6";08.07.2017;18:20:31;;-;-;;
1140;Trovan Unique;"0006B397F6";08.07.2017;18:20:32;;-;-;;
1141;Trovan Unique;"0006B397F6";08.07.2017;18:20:33;;-;-;;
1142;Trovan Unique;"0006B397F6";08.07.2017;18:20:34;;-;-;;
1143;Trovan Unique;"0006B397F6";08.07.2017;18:20:35;;-;-;;
1144;Trovan Unique;"0006B397F6";08.07.2017;18:20:36;;-;-;;
1145;Trovan Unique;"0006B397F6";08.07.2017;18:20:37;;-;-;;
1146;Trovan Unique;"0006B397F6";08.07.2017;18:20:38;;-;-;;
1147;Trovan Unique;"0006B397F6";08.07.2017;18:20:39;;-;-;;
1148;Trovan Unique;"0006B397F6";08.07.2017;18:20:40;;-;-;;
1149;Trovan Unique;"0006B397F6";08.07.2017;18:20:41;;-;-;;
1150;Trovan Unique;"0006B397F6";08.07.2017;18:20:42;;-;-;;
1151;Trovan Unique;"0006B397F6";08.07.2017;18:20:43;;-;-;;
1152;Trovan Unique;"0006B397F6";08.07.2017;18:20:44;;-;-;;
1153;Trovan Unique;"0006B397F6";08.07.2017;18:20:45;;-;-;;
1154;Trovan Unique;"0006B397F6";08.07.2017;18:20:48;;-;-;;
1155;Trovan Unique;"0006B397F6";08.07.2017;18:21:03;;-;-;;
1156;Trovan Unique;"0006B397F6";08.07.2017;18:21:20;;-;-;;
1157;Trovan Unique;"0006B397F6";08.07.2017;18:21:21;;-;-;;
1158;Trovan Unique;"0006B397F6";08.07.2017;18:21:22;;-;-;;
1159;Trovan Unique;"0006B397F6";08.07.2017;18:21:23;;-;-;;
1160;Trovan Unique;"0006B397F6";08.07.2017;18:21:24;;-;-;;
1161;Trovan Unique;"0006B397F6";08.07.2017;18:21:25;;-;-;;
1162;Trovan Unique;"0006B397F6";08.07.2017;18:21:26;;-;-;;
1163;Trovan Unique;"0006B397F6";08.07.2017;18:21:27;;-;-;;
1164;Trovan Unique;"0006B397F6";08.07.2017;18:21:28;;-;-;;
1165;Trovan Unique;"0006B397F6";08.07.2017;18:21:29;;-;-;;
1166;Trovan Unique;"0006B397F6";08.07.2017;18:21:30;;-;-;;
1167;Trovan Unique;"0006B397F6";08.07.2017;18:21:31;;-;-;;
1168;Trovan Unique;"0006B397F6";08.07.2017;18:21:32;;-;-;;
1169;Trovan Unique;"0006B397F6";08.07.2017;18:21:33;;-;-;;
1170;Trovan Unique;"0006B397F6";08.07.2017;18:21:34;;-;-;;
1171;Trovan Unique;"0006B397F6";08.07.2017;18:21:35;;-;-;;
1172;Trovan Unique;"0006B397F6";08.07.2017;18:21:37;;-;-;;
1173;Trovan Unique;"0006B397F6";08.07.2017;18:21:38;;-;-;;
1174;Trovan Unique;"0006B397F6";08.07.2017;18:21:39;;-;-;;
1175;Trovan Unique;"0006B397F6";08.07.2017;18:21:40;;-;-;;
1176;Trovan Unique;"0006B397F6";08.07.2017;18:21:41;;-;-;;
1177;Trovan Unique;"0006B397F6";08.07.2017;18:21:42;;-;-;;
1178;Trovan Unique;"0006B397F6";08.07.2017;18:21:43;;-;-;;
1179;Trovan Unique;"0006B397F6";08.07.2017;18:21:44;;-;-;;
1180;Trovan Unique;"0006B397F6";08.07.2017;18:21:45;;-;-;;
1181;Trovan Unique;"0006B397F6";08.07.2017;18:21:46;;-;-;;
1182;Trovan Unique;"0006B397F6";08.07.2017;18:21:47;;-;-;;
1183;Trovan Unique;"0006B397F6";08.07.2017;18:21:48;;-;-;;
1184;Trovan Unique;"0006B397F6";08.07.2017;18:21:49;;-;-;;
1185;Trovan Unique;"0006B397F6";08.07.2017;18:21:50;;-;-;;
1186;Trovan Unique;"0006B397F6";08.07.2017;18:21:51;;-;-;;
1187;Trovan Unique;"0006B397F6";08.07.2017;18:21:52;;-;-;;
1188;Trovan Unique;"0006B397F6";08.07.2017;18:21:53;;-;-;;
1189;Trovan Unique;"0006B397F6";08.07.2017;18:21:54;;-;-;;
1190;Trovan Unique;"0006B397F6";08.07.2017;18:22:01;;-;-;;
1191;Trovan Unique;"0006B397F6";08.07.2017;18:22:02;;-;-;;
1192;Trovan Unique;"0006B397F6";08.07.2017;18:22:05;;-;-;;
1193;Trovan Unique;"0006B397F6";08.07.2017;18:22:06;;-;-;;
1194;Trovan Unique;"0006B397F6";08.07.2017;18:22:07;;-;-;;
1195;Trovan Unique;"0006B397F6";08.07.2017;18:22:08;;-;-;;
1196;Trovan Unique;"0006B397F6";08.07.2017;18:22:09;;-;-;;
1197;Trovan Unique;"0006B397F6";08.07.2017;18:22:10;;-;-;;
1198;Trovan Unique;"0006B397F6";08.07.2017;18:22:11;;-;-;;
1199;Trovan Unique;"0006B397F6";08.07.2017;18:22:12;;-;-;;
1200;Trovan Unique;"0006B397F6";08.07.2017;18:22:13;;-;-;;
1201;Trovan Unique;"0006B397F6";08.07.2017;18:22:14;;-;-;;
1202;Trovan Unique;"0006B397F6";08.07.2017;18:22:15;;-;-;;
1203;Trovan Unique;"0006B397F6";08.07.2017;18:22:16;;-;-;;
1204;Trovan Unique;"0006B397F6";08.07.2017;18:22:17;;-;-;;
1205;Trovan Unique;"0006B397F6";08.07.2017;18:22:18;;-;-;;
1206;Trovan Unique;"0006B397F6";08.07.2017;18:22:19;;-;-;;
1207;Trovan Unique;"0006B397F6";08.07.2017;18:22:20;;-;-;;
1208;Trovan Unique;"0006B397F6";08.07.2017;18:22:21;;-;-;;
1209;Trovan Unique;"0006B397F6";08.07.2017;18:22:22;;-;-;;
1210;Trovan Unique;"0006B397F6";08.07.2017;18:22:23;;-;-;;
1211;Trovan Unique;"0006B397F6";08.07.2017;18:22:24;;-;-;;
1212;Trovan Unique;"0006B397F6";08.07.2017;18:22:26;;-;-;;
1213;Trovan Unique;"0006B397F6";08.07.2017;18:22:27;;-;-;;
1214;Trovan Unique;"0006B397F6";08.07.2017;18:22:28;;-;-;;
1215;Trovan Unique;"0006B397F6";08.07.2017;18:22:29;;-;-;;
1216;Trovan Unique;"0006B397F6";08.07.2017;18:22:30;;-;-;;
1217;Trovan Unique;"0006B397F6";08.07.2017;18:22:31;;-;-;;
1218;Trovan Unique;"0006B397F6";08.07.2017;18:22:32;;-;-;;
1219;Trovan Unique;"0006B397F6";08.07.2017;18:22:33;;-;-;;
1220;Trovan Unique;"0006B397F6";08.07.2017;18:22:34;;-;-;;
1221;Trovan Unique;"0006B397F6";08.07.2017;18:22:35;;-;-;;
1222;Trovan Unique;"0006B397F6";08.07.2017;18:22:36;;-;-;;
1223;Trovan Unique;"0006B397F6";08.07.2017;18:22:37;;-;-;;
1224;Trovan Unique;"0006B397F6";08.07.2017;18:22:38;;-;-;;
1225;Trovan Unique;"0006B397F6";08.07.2017;18:22:39;;-;-;;
1226;Trovan Unique;"0006B397F6";08.07.2017;18:22:40;;-;-;;
1227;Trovan Unique;"0006B397F6";08.07.2017;18:22:41;;-;-;;
1228;Trovan Unique;"0006B397F6";08.07.2017;18:22:42;;-;-;;
1229;Trovan Unique;"0006B397F6";08.07.2017;18:22:44;;-;-;;
1230;Trovan Unique;"0006B397F6";08.07.2017;18:22:45;;-;-;;
1231;Trovan Unique;"0006B397F6";08.07.2017;18:22:46;;-;-;;
1232;Trovan Unique;"0006B397F6";08.07.2017;18:22:47;;-;-;;
1233;Trovan Unique;"0006B397F6";08.07.2017;18:22:48;;-;-;;
1234;Trovan Unique;"0006B397F6";08.07.2017;18:22:49;;-;-;;
1235;Trovan Unique;"0006B397F6";08.07.2017;18:22:50;;-;-;;
1236;Trovan Unique;"0006B397F6";08.07.2017;18:22:51;;-;-;;
1237;Trovan Unique;"0006B397F6";08.07.2017;18:22:52;;-;-;;
1238;Trovan Unique;"0006B397F6";08.07.2017;18:22:53;;-;-;;
1239;Trovan Unique;"0006B397F6";08.07.2017;18:22:54;;-;-;;
1240;Trovan Unique;"0006B397F6";08.07.2017;18:22:55;;-;-;;
1241;Trovan Unique;"0006B397F6";08.07.2017;18:22:56;;-;-;;
1242;Trovan Unique;"0006B397F6";08.07.2017;18:22:57;;-;-;;
1243;Trovan Unique;"0006B397F6";08.07.2017;18:22:58;;-;-;;
1244;Trovan Unique;"0006B397F6";08.07.2017;18:22:59;;-;-;;
1245;Trovan Unique;"0006B397F6";08.07.2017;18:23:00;;-;-;;
1246;Trovan Unique;"0006B397F6";08.07.2017;18:23:01;;-;-;;
1247;Trovan Unique;"0006B397F6";08.07.2017;18:23:02;;-;-;;
1248;Trovan Unique;"0006B397F6";08.07.2017;18:23:03;;-;-;;
1249;Trovan Unique;"0006B397F6";08.07.2017;18:23:05;;-;-;;
1250;Trovan Unique;"0006B397F6";08.07.2017;18:23:06;;-;-;;
1251;Trovan Unique;"0006B397F6";08.07.2017;18:23:07;;-;-;;
1252;Trovan Unique;"0006B397F6";08.07.2017;18:23:08;;-;-;;
1253;Trovan Unique;"0006B397F6";08.07.2017;18:23:09;;-;-;;
1254;Trovan Unique;"0006B397F6";08.07.2017;18:23:10;;-;-;;
1255;Trovan Unique;"0006B397F6";08.07.2017;18:23:11;;-;-;;
1256;Trovan Unique;"0006B397F6";08.07.2017;18:23:12;;-;-;;
1257;Trovan Unique;"0006B397F6";08.07.2017;18:23:13;;-;-;;
1258;Trovan Unique;"0006B397F6";08.07.2017;18:23:14;;-;-;;
1259;Trovan Unique;"0006B397F6";08.07.2017;18:23:15;;-;-;;
1260;Trovan Unique;"0006B397F6";08.07.2017;18:23:17;;-;-;;
1261;Trovan Unique;"0006B397F6";08.07.2017;18:23:18;;-;-;;
1262;Trovan Unique;"0006B397F6";08.07.2017;18:23:19;;-;-;;
1263;Trovan Unique;"0006B397F6";08.07.2017;18:23:20;;-;-;;
1264;Trovan Unique;"0006B397F6";08.07.2017;18:23:21;;-;-;;
1265;Trovan Unique;"0006B397F6";08.07.2017;18:23:22;;-;-;;
1266;Trovan Unique;"0006B397F6";08.07.2017;18:23:23;;-;-;;
1267;Trovan Unique;"0006B397F6";08.07.2017;18:23:24;;-;-;;
1268;Trovan Unique;"0006B397F6";08.07.2017;18:23:25;;-;-;;
1269;Trovan Unique;"0006B397F6";08.07.2017;18:23:26;;-;-;;
1270;Trovan Unique;"0006B397F6";08.07.2017;18:23:27;;-;-;;
1271;Trovan Unique;"0006B397F6";08.07.2017;18:23:28;;-;-;;
1272;Trovan Unique;"0006B397F6";08.07.2017;18:23:29;;-;-;;
1273;Trovan Unique;"0006B397F6";08.07.2017;18:23:30;;-;-;;
1274;Trovan Unique;"0006B397F6";08.07.2017;18:23:31;;-;-;;
1275;Trovan Unique;"0006B397F6";08.07.2017;18:23:32;;-;-;;
1276;Trovan Unique;"0006B397F6";08.07.2017;18:23:33;;-;-;;
1277;Trovan Unique;"0006B397F6";08.07.2017;18:23:34;;-;-;;
1278;Trovan Unique;"0006B397F6";08.07.2017;18:23:35;;-;-;;
1279;Trovan Unique;"0006B397F6";08.07.2017;18:23:36;;-;-;;
1280;Trovan Unique;"0006B397F6";08.07.2017;18:23:37;;-;-;;
1281;Trovan Unique;"0006B397F6";08.07.2017;18:23:38;;-;-;;
1282;Trovan Unique;"0006B397F6";08.07.2017;18:23:39;;-;-;;
1283;Trovan Unique;"0006B397F6";08.07.2017;18:23:40;;-;-;;
1284;Trovan Unique;"0006B397F6";08.07.2017;18:23:41;;-;-;;
1285;Trovan Unique;"0006B397F6";08.07.2017;18:23:42;;-;-;;
1286;Trovan Unique;"0006B397F6";08.07.2017;18:23:43;;-;-;;
1287;Trovan Unique;"0006B397F6";08.07.2017;18:23:44;;-;-;;
1288;Trovan Unique;"0006B397F6";08.07.2017;18:23:45;;-;-;;
1289;Trovan Unique;"0006B397F6";08.07.2017;18:23:46;;-;-;;
1290;Trovan Unique;"0006B397F6";08.07.2017;18:23:48;;-;-;;
1291;Trovan Unique;"0006B397F6";08.07.2017;18:23:49;;-;-;;
1292;Trovan Unique;"0006B397F6";08.07.2017;18:23:50;;-;-;;
1293;Trovan Unique;"0006B397F6";08.07.2017;18:23:51;;-;-;;
1294;Trovan Unique;"0006B397F6";08.07.2017;18:23:52;;-;-;;
1295;Trovan Unique;"0006B397F6";08.07.2017;18:23:53;;-;-;;
1296;Trovan Unique;"0006B397F6";08.07.2017;18:23:54;;-;-;;
1297;Trovan Unique;"0006B397F6";08.07.2017;18:23:55;;-;-;;
1298;Trovan Unique;"0006B397F6";08.07.2017;18:23:56;;-;-;;
1299;Trovan Unique;"0006B397F6";08.07.2017;18:23:57;;-;-;;
1300;Trovan Unique;"0006B397F6";08.07.2017;18:23:58;;-;-;;
1301;Trovan Unique;"0006B397F6";08.07.2017;18:23:59;;-;-;;
1302;Trovan Unique;"0006B397F6";08.07.2017;18:24:00;;-;-;;
1303;Trovan Unique;"0006B397F6";08.07.2017;18:24:01;;-;-;;
1304;Trovan Unique;"0006B397F6";08.07.2017;18:24:02;;-;-;;
1305;Trovan Unique;"0006B397F6";08.07.2017;18:24:03;;-;-;;
1306;Trovan Unique;"0006B397F6";08.07.2017;18:24:04;;-;-;;
1307;Trovan Unique;"0006B397F6";08.07.2017;18:24:05;;-;-;;
1308;Trovan Unique;"0006B397F6";08.07.2017;18:24:06;;-;-;;
1309;Trovan Unique;"0006B397F6";08.07.2017;18:24:07;;-;-;;
1310;Trovan Unique;"0006B397F6";08.07.2017;18:24:09;;-;-;;
1311;Trovan Unique;"0006B397F6";08.07.2017;18:24:10;;-;-;;
1312;Trovan Unique;"0006B397F6";08.07.2017;18:24:11;;-;-;;
1313;Trovan Unique;"0006B397F6";08.07.2017;18:24:12;;-;-;;
1314;Trovan Unique;"0006B397F6";08.07.2017;18:24:13;;-;-;;
1315;Trovan Unique;"0006B397F6";08.07.2017;18:24:14;;-;-;;
1316;Trovan Unique;"0006B397F6";08.07.2017;18:24:15;;-;-;;
1317;Trovan Unique;"0006B397F6";08.07.2017;18:24:16;;-;-;;
1318;Trovan Unique;"0006B397F6";08.07.2017;18:24:17;;-;-;;
1319;Trovan Unique;"0006B397F6";08.07.2017;18:24:18;;-;-;;
1320;Trovan Unique;"0006B397F6";08.07.2017;18:24:19;;-;-;;
1321;Trovan Unique;"0006B397F6";08.07.2017;18:24:20;;-;-;;
1322;Trovan Unique;"0006B397F6";08.07.2017;18:24:21;;-;-;;
1323;Trovan Unique;"0006B397F6";08.07.2017;18:24:22;;-;-;;
1324;Trovan Unique;"0006B397F6";08.07.2017;18:24:23;;-;-;;
1325;Trovan Unique;"0006B397F6";08.07.2017;18:24:24;;-;-;;
1326;Trovan Unique;"0006B397F6";08.07.2017;18:24:25;;-;-;;
1327;Trovan Unique;"0006B397F6";08.07.2017;18:24:26;;-;-;;
1328;Trovan Unique;"0006B397F6";08.07.2017;18:24:27;;-;-;;
1329;Trovan Unique;"0006B397F6";08.07.2017;18:24:28;;-;-;;
1330;Trovan Unique;"0006B397F6";08.07.2017;18:24:29;;-;-;;
1331;Trovan Unique;"0006B397F6";08.07.2017;18:24:30;;-;-;;
1332;Trovan Unique;"0006B397F6";08.07.2017;18:24:31;;-;-;;
1333;Trovan Unique;"0006B397F6";08.07.2017;18:24:32;;-;-;;
1334;Trovan Unique;"0006B397F6";08.07.2017;18:24:33;;-;-;;
1335;Trovan Unique;"0006B397F6";08.07.2017;18:24:34;;-;-;;
1336;Trovan Unique;"0006B397F6";08.07.2017;18:24:35;;-;-;;
1337;Trovan Unique;"0006B397F6";08.07.2017;18:24:36;;-;-;;
1338;Trovan Unique;"0006B397F6";08.07.2017;18:24:37;;-;-;;
1339;Trovan Unique;"0006B397F6";08.07.2017;18:24:38;;-;-;;
1340;Trovan Unique;"0006B397F6";08.07.2017;18:24:40;;-;-;;
1341;Trovan Unique;"0006B397F6";08.07.2017;18:24:41;;-;-;;
1342;Trovan Unique;"0006B397F6";08.07.2017;18:24:42;;-;-;;
1343;Trovan Unique;"0006B397F6";08.07.2017;18:24:43;;-;-;;
1344;Trovan Unique;"0006B397F6";08.07.2017;18:24:44;;-;-;;
1345;Trovan Unique;"0006B397F6";08.07.2017;18:24:45;;-;-;;
1346;Trovan Unique;"0006B397F6";08.07.2017;18:24:46;;-;-;;
1347;Trovan Unique;"0006B397F6";08.07.2017;18:24:47;;-;-;;
1348;Trovan Unique;"0006B397F6";08.07.2017;18:24:48;;-;-;;
1349;Trovan Unique;"0006B397F6";08.07.2017;18:24:49;;-;-;;
1350;Trovan Unique;"0006B397F6";08.07.2017;18:24:50;;-;-;;
1351;Trovan Unique;"0006B397F6";08.07.2017;18:24:51;;-;-;;
1352;Trovan Unique;"0006B397F6";08.07.2017;18:24:52;;-;-;;
1353;Trovan Unique;"0006B397F6";08.07.2017;18:24:53;;-;-;;
1354;Trovan Unique;"0006B397F6";08.07.2017;18:24:54;;-;-;;
1355;Trovan Unique;"0006B397F6";08.07.2017;18:24:55;;-;-;;
1356;Trovan Unique;"0006B397F6";08.07.2017;18:24:56;;-;-;;
1357;Trovan Unique;"0006B397F6";08.07.2017;18:24:58;;-;-;;
1358;Trovan Unique;"0006B397F6";08.07.2017;18:24:59;;-;-;;
1359;Trovan Unique;"0006B397F6";08.07.2017;18:25:00;;-;-;;
1360;Trovan Unique;"0006B397F6";08.07.2017;18:25:01;;-;-;;
1361;Trovan Unique;"0006B397F6";08.07.2017;18:25:02;;-;-;;
1362;Trovan Unique;"0006B397F6";08.07.2017;18:25:03;;-;-;;
1363;Trovan Unique;"0006B397F6";08.07.2017;18:25:04;;-;-;;
1364;Trovan Unique;"0006B397F6";08.07.2017;18:25:05;;-;-;;
1365;Trovan Unique;"0006B397F6";08.07.2017;18:25:06;;-;-;;
1366;Trovan Unique;"0006B397F6";08.07.2017;18:25:07;;-;-;;
1367;Trovan Unique;"0006B397F6";08.07.2017;18:25:08;;-;-;;
1368;Trovan Unique;"0006B397F6";08.07.2017;18:25:09;;-;-;;
1369;Trovan Unique;"0006B397F6";08.07.2017;18:25:10;;-;-;;
1370;Trovan Unique;"0006B397F6";08.07.2017;18:25:11;;-;-;;
1371;Trovan Unique;"0006B397F6";08.07.2017;18:25:12;;-;-;;
1372;Trovan Unique;"0006B397F6";08.07.2017;18:25:13;;-;-;;
1373;Trovan Unique;"0006B397F6";08.07.2017;18:25:14;;-;-;;
1374;Trovan Unique;"0006B397F6";08.07.2017;18:25:16;;-;-;;
1375;Trovan Unique;"0006B397F6";08.07.2017;18:25:17;;-;-;;
1376;Trovan Unique;"0006B397F6";08.07.2017;18:25:18;;-;-;;
1377;Trovan Unique;"0006B397F6";08.07.2017;18:25:19;;-;-;;
1378;Trovan Unique;"0006B397F6";08.07.2017;18:25:20;;-;-;;
1379;Trovan Unique;"0006B397F6";08.07.2017;18:25:21;;-;-;;
1380;Trovan Unique;"0006B397F6";08.07.2017;18:25:22;;-;-;;
1381;Trovan Unique;"0006B397F6";08.07.2017;18:25:23;;-;-;;
1382;Trovan Unique;"0006B397F6";08.07.2017;18:25:24;;-;-;;
1383;Trovan Unique;"0006B397F6";08.07.2017;18:25:25;;-;-;;
1384;Trovan Unique;"0006B397F6";08.07.2017;18:25:26;;-;-;;
1385;Trovan Unique;"0006B397F6";08.07.2017;18:25:27;;-;-;;
1386;Trovan Unique;"0006B397F6";08.07.2017;18:25:28;;-;-;;
1387;Trovan Unique;"0006B397F6";08.07.2017;18:25:29;;-;-;;
1388;Trovan Unique;"0006B397F6";08.07.2017;18:25:30;;-;-;;
1389;Trovan Unique;"0006B397F6";08.07.2017;18:25:31;;-;-;;
1390;Trovan Unique;"0006B397F6";08.07.2017;18:25:32;;-;-;;
1391;Trovan Unique;"0006B397F6";08.07.2017;18:25:33;;-;-;;
1392;Trovan Unique;"0006B397F6";08.07.2017;18:25:34;;-;-;;
1393;Trovan Unique;"0006B397F6";08.07.2017;18:25:35;;-;-;;
1394;Trovan Unique;"0006B397F6";08.07.2017;18:25:36;;-;-;;
1395;Trovan Unique;"0006B397F6";08.07.2017;18:25:37;;-;-;;
1396;Trovan Unique;"0006B397F6";08.07.2017;18:25:38;;-;-;;
1397;Trovan Unique;"0006B397F6";08.07.2017;18:25:39;;-;-;;
1398;Trovan Unique;"0006B397F6";08.07.2017;18:25:40;;-;-;;
1399;Trovan Unique;"0006B397F6";08.07.2017;18:25:41;;-;-;;
1400;Trovan Unique;"0006B397F6";08.07.2017;18:25:42;;-;-;;
1401;Trovan Unique;"0006B397F6";08.07.2017;18:25:43;;-;-;;
1402;Trovan Unique;"0006B397F6";08.07.2017;18:25:44;;-;-;;
1403;Trovan Unique;"0006B397F6";08.07.2017;18:25:45;;-;-;;
1404;Trovan Unique;"0006B397F6";08.07.2017;18:25:46;;-;-;;
1405;Trovan Unique;"0006B397F6";08.07.2017;18:25:47;;-;-;;
1406;Trovan Unique;"0006B397F6";08.07.2017;18:25:48;;-;-;;
1407;Trovan Unique;"0006B397F6";08.07.2017;18:25:49;;-;-;;
1408;Trovan Unique;"0006B397F6";08.07.2017;18:25:50;;-;-;;
1409;Trovan Unique;"0006B397F6";08.07.2017;18:25:51;;-;-;;
1410;Trovan Unique;"0006B397F6";08.07.2017;18:25:52;;-;-;;
1411;Trovan Unique;"0006B397F6";08.07.2017;18:25:53;;-;-;;
1412;Trovan Unique;"0006B397F6";08.07.2017;18:25:54;;-;-;;
1413;Trovan Unique;"0006B397F6";08.07.2017;18:25:55;;-;-;;
1414;Trovan Unique;"0006B397F6";08.07.2017;18:25:56;;-;-;;
1415;Trovan Unique;"0006B397F6";08.07.2017;18:25:57;;-;-;;
1416;Trovan Unique;"0006B397F6";08.07.2017;18:25:58;;-;-;;
1417;Trovan Unique;"0006B397F6";08.07.2017;18:26:00;;-;-;;
1418;Trovan Unique;"0006B397F6";08.07.2017;18:26:01;;-;-;;
1419;Trovan Unique;"0006B397F6";08.07.2017;18:26:02;;-;-;;
1420;Trovan Unique;"0006B397F6";08.07.2017;18:26:03;;-;-;;
1421;Trovan Unique;"0006B397F6";08.07.2017;18:26:04;;-;-;;
1422;Trovan Unique;"0006B397F6";08.07.2017;18:26:05;;-;-;;
1423;Trovan Unique;"0006B397F6";08.07.2017;18:26:06;;-;-;;
1424;Trovan Unique;"0006B397F6";08.07.2017;18:26:07;;-;-;;
1425;Trovan Unique;"0006B397F6";08.07.2017;18:26:08;;-;-;;
1426;Trovan Unique;"0006B397F6";08.07.2017;18:26:09;;-;-;;
1427;Trovan Unique;"0006B397F6";08.07.2017;18:26:10;;-;-;;
1428;Trovan Unique;"0006B397F6";08.07.2017;18:26:11;;-;-;;
1429;Trovan Unique;"0006B397F6";08.07.2017;18:26:12;;-;-;;
1430;Trovan Unique;"0006B397F6";08.07.2017;18:26:13;;-;-;;
1431;Trovan Unique;"0006B397F6";08.07.2017;18:26:14;;-;-;;
1432;Trovan Unique;"0006B397F6";08.07.2017;18:26:15;;-;-;;
1433;Trovan Unique;"0006B397F6";08.07.2017;18:26:16;;-;-;;
1434;Trovan Unique;"0006B397F6";08.07.2017;18:26:17;;-;-;;
1435;Trovan Unique;"0006B397F6";08.07.2017;18:26:18;;-;-;;
1436;Trovan Unique;"0006B397F6";08.07.2017;18:26:19;;-;-;;
1437;Trovan Unique;"0006B397F6";08.07.2017;18:26:20;;-;-;;
1438;Trovan Unique;"0006B397F6";08.07.2017;18:26:21;;-;-;;
1439;Trovan Unique;"0006B397F6";08.07.2017;18:26:22;;-;-;;
1440;Trovan Unique;"0006B397F6";08.07.2017;18:26:23;;-;-;;
1441;Trovan Unique;"0006B397F6";08.07.2017;18:26:24;;-;-;;
1442;Trovan Unique;"0006B397F6";08.07.2017;18:26:25;;-;-;;
1443;Trovan Unique;"0006B397F6";08.07.2017;18:26:26;;-;-;;
1444;Trovan Unique;"0006B397F6";08.07.2017;18:26:27;;-;-;;
1445;Trovan Unique;"0006B397F6";08.07.2017;18:26:28;;-;-;;
1446;Trovan Unique;"0006B397F6";08.07.2017;18:26:29;;-;-;;
1447;Trovan Unique;"0006B397F6";08.07.2017;18:26:30;;-;-;;
1448;Trovan Unique;"0006B397F6";08.07.2017;18:26:31;;-;-;;
1449;Trovan Unique;"0006B397F6";08.07.2017;18:26:32;;-;-;;
1450;Trovan Unique;"0006B397F6";08.07.2017;18:26:33;;-;-;;
1451;Trovan Unique;"0006B397F6";08.07.2017;18:26:34;;-;-;;
1452;Trovan Unique;"0006B397F6";08.07.2017;18:26:35;;-;-;;
1453;Trovan Unique;"0006B397F6";08.07.2017;18:26:36;;-;-;;
1454;Trovan Unique;"0006B397F6";08.07.2017;18:26:37;;-;-;;
1455;Trovan Unique;"0006B397F6";08.07.2017;18:26:38;;-;-;;
1456;Trovan Unique;"0006B397F6";08.07.2017;18:26:39;;-;-;;
1457;Trovan Unique;"0006B397F6";08.07.2017;18:26:40;;-;-;;
1458;Trovan Unique;"0006B397F6";08.07.2017;18:26:41;;-;-;;
1459;Trovan Unique;"0006B397F6";08.07.2017;18:26:42;;-;-;;
1460;Trovan Unique;"0006B397F6";08.07.2017;18:26:44;;-;-;;
1461;Trovan Unique;"0006B397F6";08.07.2017;18:26:45;;-;-;;
1462;Trovan Unique;"0006B397F6";08.07.2017;18:26:46;;-;-;;
1463;Trovan Unique;"0006B397F6";08.07.2017;18:26:47;;-;-;;
1464;Trovan Unique;"0006B397F6";08.07.2017;18:26:48;;-;-;;
1465;Trovan Unique;"0006B397F6";08.07.2017;18:26:49;;-;-;;
1466;Trovan Unique;"0006B397F6";08.07.2017;18:26:50;;-;-;;
1467;Trovan Unique;"0006B397F6";08.07.2017;18:26:51;;-;-;;
1468;Trovan Unique;"0006B397F6";08.07.2017;18:26:52;;-;-;;
1469;Trovan Unique;"0006B397F6";08.07.2017;18:26:53;;-;-;;
1470;Trovan Unique;"0006B397F6";08.07.2017;18:26:54;;-;-;;
1471;Trovan Unique;"0006B397F6";08.07.2017;18:26:55;;-;-;;
1472;Trovan Unique;"0006B397F6";08.07.2017;18:26:56;;-;-;;
1473;Trovan Unique;"0006B397F6";08.07.2017;18:26:57;;-;-;;
1474;Trovan Unique;"0006B397F6";08.07.2017;18:26:58;;-;-;;
1475;Trovan Unique;"0006B397F6";08.07.2017;18:26:59;;-;-;;
1476;Trovan Unique;"0006B397F6";08.07.2017;18:27:00;;-;-;;
1477;Trovan Unique;"0006B397F6";08.07.2017;18:27:01;;-;-;;
1478;Trovan Unique;"0006B397F6";08.07.2017;18:27:02;;-;-;;
1479;Trovan Unique;"0006B397F6";08.07.2017;18:27:03;;-;-;;
1480;Trovan Unique;"0006B397F6";08.07.2017;18:27:04;;-;-;;
1481;Trovan Unique;"0006B397F6";08.07.2017;18:27:05;;-;-;;
1482;Trovan Unique;"0006B397F6";08.07.2017;18:27:06;;-;-;;
1483;Trovan Unique;"0006B397F6";08.07.2017;18:27:07;;-;-;;
1484;Trovan Unique;"0006B397F6";08.07.2017;18:27:08;;-;-;;
1485;Trovan Unique;"0006B397F6";08.07.2017;18:27:09;;-;-;;
1486;Trovan Unique;"0006B397F6";08.07.2017;18:27:10;;-;-;;
1487;Trovan Unique;"0006B397F6";08.07.2017;18:27:11;;-;-;;
1488;Trovan Unique;"0006B397F6";08.07.2017;18:27:12;;-;-;;
1489;Trovan Unique;"0006B397F6";08.07.2017;18:27:13;;-;-;;
1490;Trovan Unique;"0006B397F6";08.07.2017;18:27:14;;-;-;;
1491;Trovan Unique;"0006B397F6";08.07.2017;18:27:16;;-;-;;
1492;Trovan Unique;"0006B397F6";08.07.2017;18:27:17;;-;-;;
1493;Trovan Unique;"0006B397F6";08.07.2017;18:27:18;;-;-;;
1494;Trovan Unique;"0006B397F6";08.07.2017;18:27:19;;-;-;;
1495;Trovan Unique;"0006B397F6";08.07.2017;18:27:20;;-;-;;
1496;Trovan Unique;"0006B397F6";08.07.2017;18:27:21;;-;-;;
1497;Trovan Unique;"0006B397F6";08.07.2017;18:27:22;;-;-;;
1498;Trovan Unique;"0006B397F6";08.07.2017;18:27:23;;-;-;;
1499;Trovan Unique;"0006B397F6";08.07.2017;18:27:24;;-;-;;
1500;Trovan Unique;"0006B397F6";08.07.2017;18:27:25;;-;-;;
1501;Trovan Unique;"0006B397F6";08.07.2017;18:27:26;;-;-;;
1502;Trovan Unique;"0006B397F6";08.07.2017;18:27:27;;-;-;;
1503;Trovan Unique;"0006B397F6";08.07.2017;18:27:28;;-;-;;
1504;Trovan Unique;"0006B397F6";08.07.2017;18:27:29;;-;-;;
1505;Trovan Unique;"0006B397F6";08.07.2017;18:27:30;;-;-;;
1506;Trovan Unique;"0006B397F6";08.07.2017;18:27:31;;-;-;;
1507;Trovan Unique;"0006B397F6";08.07.2017;18:27:32;;-;-;;
1508;Trovan Unique;"0006B397F6";08.07.2017;18:27:33;;-;-;;
1509;Trovan Unique;"0006B397F6";08.07.2017;18:27:34;;-;-;;
1510;Trovan Unique;"0006B397F6";08.07.2017;18:27:35;;-;-;;
1511;Trovan Unique;"0006B397F6";08.07.2017;18:27:36;;-;-;;
1512;Trovan Unique;"0006B397F6";08.07.2017;18:27:37;;-;-;;
1513;Trovan Unique;"0006B397F6";08.07.2017;18:27:38;;-;-;;
1514;Trovan Unique;"0006B397F6";08.07.2017;18:27:40;;-;-;;
1515;Trovan Unique;"0006B397F6";08.07.2017;18:27:41;;-;-;;
1516;Trovan Unique;"0006B397F6";08.07.2017;18:27:42;;-;-;;
1517;Trovan Unique;"0006B397F6";08.07.2017;18:27:43;;-;-;;
1518;Trovan Unique;"0006B397F6";08.07.2017;18:27:44;;-;-;;
1519;Trovan Unique;"0006B397F6";08.07.2017;18:27:45;;-;-;;
1520;Trovan Unique;"0006B397F6";08.07.2017;18:27:46;;-;-;;
1521;Trovan Unique;"0006B397F6";08.07.2017;18:27:47;;-;-;;
1522;Trovan Unique;"0006B397F6";08.07.2017;18:27:48;;-;-;;
1523;Trovan Unique;"0006B397F6";08.07.2017;18:27:49;;-;-;;
1524;Trovan Unique;"0006B397F6";08.07.2017;18:27:50;;-;-;;
1525;Trovan Unique;"0006B397F6";08.07.2017;18:27:51;;-;-;;
1526;Trovan Unique;"0006B397F6";08.07.2017;18:27:52;;-;-;;
1527;Trovan Unique;"0006B397F6";08.07.2017;18:27:53;;-;-;;
1528;Trovan Unique;"0006B397F6";08.07.2017;18:27:54;;-;-;;
1529;Trovan Unique;"0006B397F6";08.07.2017;18:27:55;;-;-;;
1530;Trovan Unique;"0006B397F6";08.07.2017;18:27:56;;-;-;;
1531;Trovan Unique;"0006B397F6";08.07.2017;18:27:57;;-;-;;
1532;Trovan Unique;"0006B397F6";08.07.2017;18:27:58;;-;-;;
1533;Trovan Unique;"0006B397F6";08.07.2017;18:27:59;;-;-;;
1534;Trovan Unique;"0006B397F6";08.07.2017;18:28:00;;-;-;;
1535;Trovan Unique;"0006B397F6";08.07.2017;18:28:01;;-;-;;
1536;Trovan Unique;"0006B397F6";08.07.2017;18:28:03;;-;-;;
1537;Trovan Unique;"0006B397F6";08.07.2017;18:28:04;;-;-;;
1538;Trovan Unique;"0006B397F6";08.07.2017;18:28:05;;-;-;;
1539;Trovan Unique;"0006B397F6";08.07.2017;18:28:06;;-;-;;
1540;Trovan Unique;"0006B397F6";08.07.2017;18:28:07;;-;-;;
1541;Trovan Unique;"0006B397F6";08.07.2017;18:28:08;;-;-;;
1542;Trovan Unique;"0006B397F6";08.07.2017;18:28:09;;-;-;;
1543;Trovan Unique;"0006B397F6";08.07.2017;18:28:10;;-;-;;
1544;Trovan Unique;"0006B397F6";08.07.2017;18:28:11;;-;-;;
1545;Trovan Unique;"0006B397F6";08.07.2017;18:28:12;;-;-;;
1546;Trovan Unique;"0006B397F6";08.07.2017;18:28:13;;-;-;;
1547;Trovan Unique;"0006B397F6";08.07.2017;18:28:14;;-;-;;
1548;Trovan Unique;"0006B397F6";08.07.2017;18:28:15;;-;-;;
1549;Trovan Unique;"0006B397F6";08.07.2017;18:28:16;;-;-;;
1550;Trovan Unique;"0006B397F6";08.07.2017;18:28:17;;-;-;;
1551;Trovan Unique;"0006B397F6";08.07.2017;18:28:18;;-;-;;
1552;Trovan Unique;"0006B397F6";08.07.2017;18:28:19;;-;-;;
1553;Trovan Unique;"0006B397F6";08.07.2017;18:28:20;;-;-;;
1554;Trovan Unique;"0006B397F6";08.07.2017;18:28:21;;-;-;;
1555;Trovan Unique;"0006B397F6";08.07.2017;18:28:22;;-;-;;
1556;Trovan Unique;"0006B397F6";08.07.2017;18:28:23;;-;-;;
1557;Trovan Unique;"0006B397F6";08.07.2017;18:28:24;;-;-;;
1558;Trovan Unique;"0006B397F6";08.07.2017;18:28:26;;-;-;;
1559;Trovan Unique;"0006B397F6";08.07.2017;18:28:27;;-;-;;
1560;Trovan Unique;"0006B397F6";08.07.2017;18:28:28;;-;-;;
1561;Trovan Unique;"0006B397F6";08.07.2017;18:28:29;;-;-;;
1562;Trovan Unique;"0006B397F6";08.07.2017;18:28:30;;-;-;;
1563;Trovan Unique;"0006B397F6";08.07.2017;18:28:31;;-;-;;
1564;Trovan Unique;"0006B397F6";08.07.2017;18:28:32;;-;-;;
1565;Trovan Unique;"0006B397F6";08.07.2017;18:28:33;;-;-;;
1566;Trovan Unique;"0006B397F6";08.07.2017;18:28:34;;-;-;;
1567;Trovan Unique;"0006B397F6";08.07.2017;18:28:35;;-;-;;
1568;Trovan Unique;"0006B397F6";08.07.2017;18:28:36;;-;-;;
1569;Trovan Unique;"0006B397F6";08.07.2017;18:28:37;;-;-;;
1570;Trovan Unique;"0006B397F6";08.07.2017;18:28:38;;-;-;;
1571;Trovan Unique;"0006B397F6";08.07.2017;18:28:39;;-;-;;
1572;Trovan Unique;"0006B397F6";08.07.2017;18:28:40;;-;-;;
1573;Trovan Unique;"0006B397F6";08.07.2017;18:28:41;;-;-;;
1574;Trovan Unique;"0006B397F6";08.07.2017;18:28:42;;-;-;;
1575;Trovan Unique;"0006B397F6";08.07.2017;18:28:43;;-;-;;
1576;Trovan Unique;"0006B397F6";08.07.2017;18:28:44;;-;-;;
1577;Trovan Unique;"0006B397F6";08.07.2017;18:28:45;;-;-;;
1578;Trovan Unique;"0006B397F6";08.07.2017;18:28:46;;-;-;;
1579;Trovan Unique;"0006B397F6";08.07.2017;18:28:47;;-;-;;
1580;Trovan Unique;"0006B397F6";08.07.2017;18:28:49;;-;-;;
1581;Trovan Unique;"0006B397F6";08.07.2017;18:28:50;;-;-;;
1582;Trovan Unique;"0006B397F6";08.07.2017;18:28:51;;-;-;;
1583;Trovan Unique;"0006B397F6";08.07.2017;18:28:52;;-;-;;
1584;Trovan Unique;"0006B397F6";08.07.2017;18:28:53;;-;-;;
1585;Trovan Unique;"0006B397F6";08.07.2017;18:28:54;;-;-;;
1586;Trovan Unique;"0006B397F6";08.07.2017;18:28:55;;-;-;;
1587;Trovan Unique;"0006B397F6";08.07.2017;18:28:56;;-;-;;
1588;Trovan Unique;"0006B397F6";08.07.2017;18:28:57;;-;-;;
1589;Trovan Unique;"0006B397F6";08.07.2017;18:28:58;;-;-;;
1590;Trovan Unique;"0006B397F6";08.07.2017;18:28:59;;-;-;;
1591;Trovan Unique;"0006B397F6";08.07.2017;18:29:00;;-;-;;
1592;Trovan Unique;"0006B397F6";08.07.2017;18:29:01;;-;-;;
1593;Trovan Unique;"0006B397F6";08.07.2017;18:29:02;;-;-;;
1594;Trovan Unique;"0006B397F6";08.07.2017;18:29:03;;-;-;;
1595;Trovan Unique;"0006B397F6";08.07.2017;18:29:04;;-;-;;
1596;Trovan Unique;"0006B397F6";08.07.2017;18:29:05;;-;-;;
1597;Trovan Unique;"0006B397F6";08.07.2017;18:29:06;;-;-;;
1598;Trovan Unique;"0006B397F6";08.07.2017;18:29:07;;-;-;;
1599;Trovan Unique;"0006B397F6";08.07.2017;18:29:08;;-;-;;
1600;Trovan Unique;"0006B397F6";08.07.2017;18:29:09;;-;-;;
1601;Trovan Unique;"0006B397F6";08.07.2017;18:29:10;;-;-;;
1602;Trovan Unique;"0006B397F6";08.07.2017;18:29:11;;-;-;;
1603;Trovan Unique;"0006B397F6";08.07.2017;18:29:13;;-;-;;
1604;Trovan Unique;"0006B397F6";08.07.2017;18:29:14;;-;-;;
1605;Trovan Unique;"0006B397F6";08.07.2017;18:29:15;;-;-;;
1606;Trovan Unique;"0006B397F6";08.07.2017;18:29:16;;-;-;;
1607;Trovan Unique;"0006B397F6";08.07.2017;18:29:17;;-;-;;
1608;Trovan Unique;"0006B397F6";08.07.2017;18:29:18;;-;-;;
1609;Trovan Unique;"0006B397F6";08.07.2017;18:29:19;;-;-;;
1610;Trovan Unique;"0006B397F6";08.07.2017;18:29:20;;-;-;;
1611;Trovan Unique;"0006B397F6";08.07.2017;18:29:21;;-;-;;
1612;Trovan Unique;"0006B397F6";08.07.2017;18:29:22;;-;-;;
1613;Trovan Unique;"0006B397F6";08.07.2017;18:29:23;;-;-;;
1614;Trovan Unique;"0006B397F6";08.07.2017;18:29:24;;-;-;;
1615;Trovan Unique;"0006B397F6";08.07.2017;18:29:25;;-;-;;
1616;Trovan Unique;"0006B397F6";08.07.2017;18:29:26;;-;-;;
1617;Trovan Unique;"0006B397F6";08.07.2017;18:29:27;;-;-;;
1618;Trovan Unique;"0006B397F6";08.07.2017;18:29:28;;-;-;;
1619;Trovan Unique;"0006B397F6";08.07.2017;18:29:29;;-;-;;
1620;Trovan Unique;"0006B397F6";08.07.2017;18:29:30;;-;-;;
1621;Trovan Unique;"0006B397F6";08.07.2017;18:29:31;;-;-;;
1622;Trovan Unique;"0006B397F6";08.07.2017;18:29:32;;-;-;;
1623;Trovan Unique;"0006B397F6";08.07.2017;18:29:33;;-;-;;
1624;Trovan Unique;"0006B397F6";08.07.2017;18:29:34;;-;-;;
1625;Trovan Unique;"0006B397F6";08.07.2017;18:29:35;;-;-;;
1626;Trovan Unique;"0006B397F6";08.07.2017;18:29:36;;-;-;;
1627;Trovan Unique;"0006B397F6";08.07.2017;18:29:38;;-;-;;
1628;Trovan Unique;"0006B397F6";08.07.2017;18:29:39;;-;-;;
1629;Trovan Unique;"0006B397F6";08.07.2017;18:29:40;;-;-;;
1630;Trovan Unique;"0006B397F6";08.07.2017;18:29:41;;-;-;;
1631;Trovan Unique;"0006B397F6";08.07.2017;18:29:42;;-;-;;
1632;Trovan Unique;"0006B397F6";08.07.2017;18:29:43;;-;-;;
1633;Trovan Unique;"0006B397F6";08.07.2017;18:29:44;;-;-;;
1634;Trovan Unique;"0006B397F6";08.07.2017;18:29:45;;-;-;;
1635;Trovan Unique;"0006B397F6";08.07.2017;18:29:46;;-;-;;
1636;Trovan Unique;"0006B397F6";08.07.2017;18:29:47;;-;-;;
1637;Trovan Unique;"0006B397F6";08.07.2017;18:29:48;;-;-;;
1638;Trovan Unique;"0006B397F6";08.07.2017;18:29:49;;-;-;;
1639;Trovan Unique;"0006B397F6";08.07.2017;18:29:50;;-;-;;
1640;Trovan Unique;"0006B397F6";08.07.2017;18:29:51;;-;-;;
1641;Trovan Unique;"0006B397F6";08.07.2017;18:29:52;;-;-;;
1642;Trovan Unique;"0006B397F6";08.07.2017;18:29:53;;-;-;;
1643;Trovan Unique;"0006B397F6";08.07.2017;18:29:54;;-;-;;
1644;Trovan Unique;"0006B397F6";08.07.2017;18:29:55;;-;-;;
1645;Trovan Unique;"0006B397F6";08.07.2017;18:29:57;;-;-;;
1646;Trovan Unique;"0006B397F6";08.07.2017;18:29:58;;-;-;;
1647;Trovan Unique;"0006B397F6";08.07.2017;18:29:59;;-;-;;
1648;Trovan Unique;"0006B397F6";08.07.2017;18:30:00;;-;-;;
1649;Trovan Unique;"0006B397F6";08.07.2017;18:30:01;;-;-;;
1650;Trovan Unique;"0006B397F6";08.07.2017;18:30:02;;-;-;;
1651;Trovan Unique;"0006B397F6";08.07.2017;18:30:03;;-;-;;
1652;Trovan Unique;"0006B397F6";08.07.2017;18:30:04;;-;-;;
1653;Trovan Unique;"0006B397F6";08.07.2017;18:30:05;;-;-;;
1654;Trovan Unique;"0006B397F6";08.07.2017;18:30:06;;-;-;;
1655;Trovan Unique;"0006B397F6";08.07.2017;18:30:07;;-;-;;
1656;Trovan Unique;"0006B397F6";08.07.2017;18:30:08;;-;-;;
1657;Trovan Unique;"0006B397F6";08.07.2017;18:30:09;;-;-;;
1658;Trovan Unique;"0006B397F6";08.07.2017;18:30:10;;-;-;;
1659;Trovan Unique;"0006B397F6";08.07.2017;18:30:11;;-;-;;
1660;Trovan Unique;"0006B397F6";08.07.2017;18:30:12;;-;-;;
1661;Trovan Unique;"0006B397F6";08.07.2017;18:30:13;;-;-;;
1662;Trovan Unique;"0006B397F6";08.07.2017;18:30:14;;-;-;;
1663;Trovan Unique;"0006B397F6";08.07.2017;18:30:15;;-;-;;
1664;Trovan Unique;"0006B397F6";08.07.2017;18:30:17;;-;-;;
1665;Trovan Unique;"0006B397F6";08.07.2017;18:30:18;;-;-;;
1666;Trovan Unique;"0006B397F6";08.07.2017;18:30:19;;-;-;;
1667;Trovan Unique;"0006B397F6";08.07.2017;18:30:20;;-;-;;
1668;Trovan Unique;"0006B397F6";08.07.2017;18:30:21;;-;-;;
1669;Trovan Unique;"0006B397F6";08.07.2017;18:30:22;;-;-;;
1670;Trovan Unique;"0006B397F6";08.07.2017;18:30:23;;-;-;;
1671;Trovan Unique;"0006B397F6";08.07.2017;18:30:24;;-;-;;
1672;Trovan Unique;"0006B397F6";08.07.2017;18:30:25;;-;-;;
1673;Trovan Unique;"0006B397F6";08.07.2017;18:30:26;;-;-;;
1674;Trovan Unique;"0006B397F6";08.07.2017;18:30:27;;-;-;;
1675;Trovan Unique;"0006B397F6";08.07.2017;18:30:28;;-;-;;
1676;Trovan Unique;"0006B397F6";08.07.2017;18:30:29;;-;-;;
1677;Trovan Unique;"0006B397F6";08.07.2017;18:30:30;;-;-;;
1678;Trovan Unique;"0006B397F6";08.07.2017;18:30:31;;-;-;;
1679;Trovan Unique;"0006B397F6";08.07.2017;18:30:32;;-;-;;
1680;Trovan Unique;"0006B397F6";08.07.2017;18:30:33;;-;-;;
1681;Trovan Unique;"0006B397F6";08.07.2017;18:30:34;;-;-;;
1682;Trovan Unique;"0006B397F6";08.07.2017;18:30:35;;-;-;;
1683;Trovan Unique;"0006B397F6";08.07.2017;18:30:36;;-;-;;
1684;Trovan Unique;"0006B397F6";08.07.2017;18:30:38;;-;-;;
1685;Trovan Unique;"0006B397F6";08.07.2017;18:30:39;;-;-;;
1686;Trovan Unique;"0006B397F6";08.07.2017;18:30:40;;-;-;;
1687;Trovan Unique;"0006B397F6";08.07.2017;18:30:41;;-;-;;
1688;Trovan Unique;"0006B397F6";08.07.2017;18:30:42;;-;-;;
1689;Trovan Unique;"0006B397F6";08.07.2017;18:30:43;;-;-;;
1690;Trovan Unique;"0006B397F6";08.07.2017;18:30:44;;-;-;;
1691;Trovan Unique;"0006B397F6";08.07.2017;18:30:45;;-;-;;
1692;Trovan Unique;"0006B397F6";08.07.2017;18:30:46;;-;-;;
1693;Trovan Unique;"0006B397F6";08.07.2017;18:30:47;;-;-;;
1694;Trovan Unique;"0006B397F6";08.07.2017;18:30:48;;-;-;;
1695;Trovan Unique;"0006B397F6";08.07.2017;18:30:49;;-;-;;
1696;Trovan Unique;"0006B397F6";08.07.2017;18:30:50;;-;-;;
1697;Trovan Unique;"0006B397F6";08.07.2017;18:30:51;;-;-;;
1698;Trovan Unique;"0006B397F6";08.07.2017;18:30:52;;-;-;;
1699;Trovan Unique;"0006B397F6";08.07.2017;18:30:53;;-;-;;
1700;Trovan Unique;"0006B397F6";08.07.2017;18:30:54;;-;-;;
1701;Trovan Unique;"0006B397F6";08.07.2017;18:30:55;;-;-;;
1702;Trovan Unique;"0006B397F6";08.07.2017;18:30:56;;-;-;;
1703;Trovan Unique;"0006B397F6";08.07.2017;18:30:57;;-;-;;
1704;Trovan Unique;"0006B397F6";08.07.2017;18:30:59;;-;-;;
1705;Trovan Unique;"0006B397F6";08.07.2017;18:31:00;;-;-;;
1706;Trovan Unique;"0006B397F6";08.07.2017;18:31:01;;-;-;;
1707;Trovan Unique;"0006B397F6";08.07.2017;18:31:02;;-;-;;
1708;Trovan Unique;"0006B397F6";08.07.2017;18:31:03;;-;-;;
1709;Trovan Unique;"0006B397F6";08.07.2017;18:31:04;;-;-;;
1710;Trovan Unique;"0006B397F6";08.07.2017;18:31:05;;-;-;;
1711;Trovan Unique;"0006B397F6";08.07.2017;18:31:06;;-;-;;
1712;Trovan Unique;"0006B397F6";08.07.2017;18:31:07;;-;-;;
1713;Trovan Unique;"0006B397F6";08.07.2017;18:31:08;;-;-;;
1714;Trovan Unique;"0006B397F6";08.07.2017;18:31:09;;-;-;;
1715;Trovan Unique;"0006B397F6";08.07.2017;18:31:10;;-;-;;
1716;Trovan Unique;"0006B397F6";08.07.2017;18:31:11;;-;-;;
1717;Trovan Unique;"0006B397F6";08.07.2017;18:31:12;;-;-;;
1718;Trovan Unique;"0006B397F6";08.07.2017;18:31:13;;-;-;;
1719;Trovan Unique;"0006B397F6";08.07.2017;18:31:14;;-;-;;
1720;Trovan Unique;"0006B397F6";08.07.2017;18:31:15;;-;-;;
1721;Trovan Unique;"0006B397F6";08.07.2017;18:31:16;;-;-;;
1722;Trovan Unique;"0006B397F6";08.07.2017;18:31:17;;-;-;;
1723;Trovan Unique;"0006B397F6";08.07.2017;18:31:18;;-;-;;
1724;Trovan Unique;"0006B397F6";08.07.2017;18:31:20;;-;-;;
1725;Trovan Unique;"0006B397F6";08.07.2017;18:31:21;;-;-;;
1726;Trovan Unique;"0006B397F6";08.07.2017;18:31:22;;-;-;;
1727;Trovan Unique;"0006B397F6";08.07.2017;18:31:23;;-;-;;
1728;Trovan Unique;"0006B397F6";08.07.2017;18:31:24;;-;-;;
1729;Trovan Unique;"0006B397F6";08.07.2017;18:31:25;;-;-;;
1730;Trovan Unique;"0006B397F6";08.07.2017;18:31:26;;-;-;;
1731;Trovan Unique;"0006B397F6";08.07.2017;18:31:27;;-;-;;
1732;Trovan Unique;"0006B397F6";08.07.2017;18:31:28;;-;-;;
1733;Trovan Unique;"0006B397F6";08.07.2017;18:31:29;;-;-;;
1734;Trovan Unique;"0006B397F6";08.07.2017;18:31:30;;-;-;;
1735;Trovan Unique;"0006B397F6";08.07.2017;18:31:31;;-;-;;
1736;Trovan Unique;"0006B397F6";08.07.2017;18:31:32;;-;-;;
1737;Trovan Unique;"0006B397F6";08.07.2017;18:31:33;;-;-;;
1738;Trovan Unique;"0006B397F6";08.07.2017;18:31:34;;-;-;;
1739;Trovan Unique;"0006B397F6";08.07.2017;18:31:36;;-;-;;
1740;Trovan Unique;"0006B397F6";08.07.2017;18:31:37;;-;-;;
1741;Trovan Unique;"0006B397F6";08.07.2017;18:31:38;;-;-;;
1742;Trovan Unique;"0006B397F6";08.07.2017;18:31:39;;-;-;;
1743;Trovan Unique;"0006B397F6";08.07.2017;18:31:40;;-;-;;
1744;Trovan Unique;"0006B397F6";08.07.2017;18:31:42;;-;-;;
1745;Trovan Unique;"0006B397F6";08.07.2017;18:31:43;;-;-;;
1746;Trovan Unique;"0006B397F6";08.07.2017;18:31:44;;-;-;;
1747;Trovan Unique;"0006B397F6";08.07.2017;18:31:45;;-;-;;
1748;Trovan Unique;"0006B397F6";08.07.2017;18:31:46;;-;-;;
1749;Trovan Unique;"0006B397F6";08.07.2017;18:31:47;;-;-;;
1750;Trovan Unique;"0006B397F6";08.07.2017;18:31:48;;-;-;;
1751;Trovan Unique;"0006B397F6";08.07.2017;18:31:49;;-;-;;
1752;Trovan Unique;"0006B397F6";08.07.2017;18:31:50;;-;-;;
1753;Trovan Unique;"0006B397F6";08.07.2017;18:31:51;;-;-;;
1754;Trovan Unique;"0006B397F6";08.07.2017;18:31:52;;-;-;;
1755;Trovan Unique;"0006B397F6";08.07.2017;18:31:53;;-;-;;
1756;Trovan Unique;"0006B397F6";08.07.2017;18:31:54;;-;-;;
1757;Trovan Unique;"0006B397F6";08.07.2017;18:31:55;;-;-;;
1758;Trovan Unique;"0006B397F6";08.07.2017;18:31:56;;-;-;;
1759;Trovan Unique;"0006B397F6";08.07.2017;18:31:57;;-;-;;
1760;Trovan Unique;"0006B397F6";08.07.2017;18:31:58;;-;-;;
1761;Trovan Unique;"0006B397F6";08.07.2017;18:31:59;;-;-;;
1762;Trovan Unique;"0006B397F6";08.07.2017;18:32:00;;-;-;;
1763;Trovan Unique;"0006B397F6";08.07.2017;18:32:01;;-;-;;
1764;Trovan Unique;"0006B397F6";08.07.2017;18:32:03;;-;-;;
1765;Trovan Unique;"0006B397F6";08.07.2017;18:32:04;;-;-;;
1766;Trovan Unique;"0006B397F6";08.07.2017;18:32:05;;-;-;;
1767;Trovan Unique;"0006B397F6";08.07.2017;18:32:06;;-;-;;
1768;Trovan Unique;"0006B397F6";08.07.2017;18:32:07;;-;-;;
1769;Trovan Unique;"0006B397F6";08.07.2017;18:32:08;;-;-;;
1770;Trovan Unique;"0006B397F6";08.07.2017;18:32:09;;-;-;;
1771;Trovan Unique;"0006B397F6";08.07.2017;18:32:10;;-;-;;
1772;Trovan Unique;"0006B397F6";08.07.2017;18:32:11;;-;-;;
1773;Trovan Unique;"0006B397F6";08.07.2017;18:32:12;;-;-;;
1774;Trovan Unique;"0006B397F6";08.07.2017;18:32:13;;-;-;;
1775;Trovan Unique;"0006B397F6";08.07.2017;18:32:14;;-;-;;
1776;Trovan Unique;"0006B397F6";08.07.2017;18:32:15;;-;-;;
1777;Trovan Unique;"0006B397F6";08.07.2017;18:32:16;;-;-;;
1778;Trovan Unique;"0006B397F6";08.07.2017;18:32:17;;-;-;;
1779;Trovan Unique;"0006B397F6";08.07.2017;18:32:18;;-;-;;
1780;Trovan Unique;"0006B397F6";08.07.2017;18:32:19;;-;-;;
1781;Trovan Unique;"0006B397F6";08.07.2017;18:32:20;;-;-;;
1782;Trovan Unique;"0006B397F6";08.07.2017;18:32:21;;-;-;;
1783;Trovan Unique;"0006B397F6";08.07.2017;18:32:22;;-;-;;
1784;Trovan Unique;"0006B397F6";08.07.2017;18:32:23;;-;-;;
1785;Trovan Unique;"0006B397F6";08.07.2017;18:32:24;;-;-;;
1786;Trovan Unique;"0006B397F6";08.07.2017;18:32:25;;-;-;;
1787;Trovan Unique;"0006B397F6";08.07.2017;18:32:26;;-;-;;
1788;Trovan Unique;"0006B397F6";08.07.2017;18:32:27;;-;-;;
1789;Trovan Unique;"0006B397F6";08.07.2017;18:32:28;;-;-;;
1790;Trovan Unique;"0006B397F6";08.07.2017;18:32:30;;-;-;;
1791;Trovan Unique;"0006B397F6";08.07.2017;18:32:31;;-;-;;
1792;Trovan Unique;"0006B397F6";08.07.2017;18:32:32;;-;-;;
1793;Trovan Unique;"0006B397F6";08.07.2017;18:32:33;;-;-;;
1794;Trovan Unique;"0006B397F6";08.07.2017;18:32:34;;-;-;;
1795;Trovan Unique;"0006B397F6";08.07.2017;18:32:35;;-;-;;
1796;Trovan Unique;"0006B397F6";08.07.2017;18:32:36;;-;-;;
1797;Trovan Unique;"0006B397F6";08.07.2017;18:32:37;;-;-;;
1798;Trovan Unique;"0006B397F6";08.07.2017;18:32:38;;-;-;;
1799;Trovan Unique;"0006B397F6";08.07.2017;18:32:39;;-;-;;
1800;Trovan Unique;"0006B397F6";08.07.2017;18:32:40;;-;-;;
1801;Trovan Unique;"0006B397F6";08.07.2017;18:32:41;;-;-;;
1802;Trovan Unique;"0006B397F6";08.07.2017;18:32:42;;-;-;;
1803;Trovan Unique;"0006B397F6";08.07.2017;18:32:43;;-;-;;
1804;Trovan Unique;"0006B397F6";08.07.2017;18:32:44;;-;-;;
1805;Trovan Unique;"0006B397F6";08.07.2017;18:32:45;;-;-;;
1806;Trovan Unique;"0006B397F6";08.07.2017;18:32:46;;-;-;;
1807;Trovan Unique;"0006B397F6";08.07.2017;18:32:47;;-;-;;
1808;Trovan Unique;"0006B397F6";08.07.2017;18:32:48;;-;-;;
1809;Trovan Unique;"0006B397F6";08.07.2017;18:32:49;;-;-;;
1810;Trovan Unique;"0006B397F6";08.07.2017;18:32:50;;-;-;;
1811;Trovan Unique;"0006B397F6";08.07.2017;18:32:52;;-;-;;
1812;Trovan Unique;"0006B397F6";08.07.2017;18:32:53;;-;-;;
1813;Trovan Unique;"0006B397F6";08.07.2017;18:32:54;;-;-;;
1814;Trovan Unique;"0006B397F6";08.07.2017;18:32:55;;-;-;;
1815;Trovan Unique;"0006B397F6";08.07.2017;18:32:56;;-;-;;
1816;Trovan Unique;"0006B397F6";08.07.2017;18:32:57;;-;-;;
1817;Trovan Unique;"0006B397F6";08.07.2017;18:32:58;;-;-;;
1818;Trovan Unique;"0006B397F6";08.07.2017;18:32:59;;-;-;;
1819;Trovan Unique;"0006B397F6";08.07.2017;18:33:00;;-;-;;
1820;Trovan Unique;"0006B397F6";08.07.2017;18:33:01;;-;-;;
1821;Trovan Unique;"0006B397F6";08.07.2017;18:33:02;;-;-;;
1822;Trovan Unique;"0006B397F6";08.07.2017;18:33:03;;-;-;;
1823;Trovan Unique;"0006B397F6";08.07.2017;18:33:04;;-;-;;
1824;Trovan Unique;"0006B397F6";08.07.2017;18:33:05;;-;-;;
1825;Trovan Unique;"0006B397F6";08.07.2017;18:33:06;;-;-;;
1826;Trovan Unique;"0006B397F6";08.07.2017;18:33:07;;-;-;;
1827;Trovan Unique;"0006B397F6";08.07.2017;18:33:08;;-;-;;
1828;Trovan Unique;"0006B397F6";08.07.2017;18:33:09;;-;-;;
1829;Trovan Unique;"0006B397F6";08.07.2017;18:33:10;;-;-;;
1830;Trovan Unique;"0006B397F6";08.07.2017;18:33:11;;-;-;;
1831;Trovan Unique;"0006B397F6";08.07.2017;18:33:12;;-;-;;
1832;Trovan Unique;"0006B397F6";08.07.2017;18:33:13;;-;-;;
1833;Trovan Unique;"0006B397F6";08.07.2017;18:33:14;;-;-;;
1834;Trovan Unique;"0006B397F6";08.07.2017;18:33:15;;-;-;;
1835;Trovan Unique;"0006B397F6";08.07.2017;18:33:17;;-;-;;
1836;Trovan Unique;"0006B397F6";08.07.2017;18:33:18;;-;-;;
1837;Trovan Unique;"0006B397F6";08.07.2017;18:33:19;;-;-;;
1838;Trovan Unique;"0006B397F6";08.07.2017;18:33:20;;-;-;;
1839;Trovan Unique;"0006B397F6";08.07.2017;18:33:21;;-;-;;
1840;Trovan Unique;"0006B397F6";08.07.2017;18:33:22;;-;-;;
1841;Trovan Unique;"0006B397F6";08.07.2017;18:33:23;;-;-;;
1842;Trovan Unique;"0006B397F6";08.07.2017;18:33:24;;-;-;;
1843;Trovan Unique;"0006B397F6";08.07.2017;18:33:25;;-;-;;
1844;Trovan Unique;"0006B397F6";08.07.2017;18:33:26;;-;-;;
1845;Trovan Unique;"0006B397F6";08.07.2017;18:33:27;;-;-;;
1846;Trovan Unique;"0006B397F6";08.07.2017;18:33:28;;-;-;;
1847;Trovan Unique;"0006B397F6";08.07.2017;18:33:29;;-;-;;
1848;Trovan Unique;"0006B397F6";08.07.2017;18:33:30;;-;-;;
1849;Trovan Unique;"0006B397F6";08.07.2017;18:33:31;;-;-;;
1850;Trovan Unique;"0006B397F6";08.07.2017;18:33:32;;-;-;;
1851;Trovan Unique;"0006B397F6";08.07.2017;18:33:33;;-;-;;
1852;Trovan Unique;"0006B397F6";08.07.2017;18:33:34;;-;-;;
1853;Trovan Unique;"0006B397F6";08.07.2017;18:33:35;;-;-;;
1854;Trovan Unique;"0006B397F6";08.07.2017;18:33:36;;-;-;;
1855;Trovan Unique;"0006B397F6";08.07.2017;18:33:37;;-;-;;
1856;Trovan Unique;"0006B397F6";08.07.2017;18:33:38;;-;-;;
1857;Trovan Unique;"0006B397F6";08.07.2017;18:33:39;;-;-;;
1858;Trovan Unique;"0006B397F6";08.07.2017;18:33:40;;-;-;;
1859;Trovan Unique;"0006B397F6";08.07.2017;18:33:41;;-;-;;
1860;Trovan Unique;"0006B397F6";08.07.2017;18:33:42;;-;-;;
1861;Trovan Unique;"0006B397F6";08.07.2017;18:33:43;;-;-;;
1862;Trovan Unique;"0006B397F6";08.07.2017;18:33:44;;-;-;;
1863;Trovan Unique;"0006B397F6";08.07.2017;18:33:45;;-;-;;
1864;Trovan Unique;"0006B397F6";08.07.2017;18:33:46;;-;-;;
1865;Trovan Unique;"0006B397F6";08.07.2017;18:33:47;;-;-;;
1866;Trovan Unique;"0006B397F6";08.07.2017;18:33:49;;-;-;;
1867;Trovan Unique;"0006B397F6";08.07.2017;18:33:50;;-;-;;
1868;Trovan Unique;"0006B397F6";08.07.2017;18:33:51;;-;-;;
1869;Trovan Unique;"0006B397F6";08.07.2017;18:33:52;;-;-;;
1870;Trovan Unique;"0006B397F6";08.07.2017;18:33:53;;-;-;;
1871;Trovan Unique;"0006B397F6";08.07.2017;18:33:54;;-;-;;
1872;Trovan Unique;"0006B397F6";08.07.2017;18:33:55;;-;-;;
1873;Trovan Unique;"0006B397F6";08.07.2017;18:33:56;;-;-;;
1874;Trovan Unique;"0006B397F6";08.07.2017;18:33:57;;-;-;;
1875;Trovan Unique;"0006B397F6";08.07.2017;18:33:58;;-;-;;
1876;Trovan Unique;"0006B397F6";08.07.2017;18:33:59;;-;-;;
1877;Trovan Unique;"0006B397F6";08.07.2017;18:34:00;;-;-;;
1878;Trovan Unique;"0006B397F6";08.07.2017;18:34:01;;-;-;;
1879;Trovan Unique;"0006B397F6";08.07.2017;18:34:02;;-;-;;
1880;Trovan Unique;"0006B397F6";08.07.2017;18:34:03;;-;-;;
1881;Trovan Unique;"0006B397F6";08.07.2017;18:34:04;;-;-;;
1882;Trovan Unique;"0006B397F6";08.07.2017;18:34:06;;-;-;;
1883;Trovan Unique;"0006B397F6";08.07.2017;18:34:07;;-;-;;
1884;Trovan Unique;"0006B397F6";08.07.2017;18:34:08;;-;-;;
1885;Trovan Unique;"0006B397F6";08.07.2017;18:34:09;;-;-;;
1886;Trovan Unique;"0006B397F6";08.07.2017;18:34:10;;-;-;;
1887;Trovan Unique;"0006B397F6";08.07.2017;18:34:11;;-;-;;
1888;Trovan Unique;"0006B397F6";08.07.2017;18:34:12;;-;-;;
1889;Trovan Unique;"0006B397F6";08.07.2017;18:34:13;;-;-;;
1890;Trovan Unique;"0006B397F6";08.07.2017;18:34:14;;-;-;;
1891;Trovan Unique;"0006B397F6";08.07.2017;18:34:15;;-;-;;
1892;Trovan Unique;"0006B397F6";08.07.2017;18:34:16;;-;-;;
1893;Trovan Unique;"0006B397F6";08.07.2017;18:34:17;;-;-;;
1894;Trovan Unique;"0006B397F6";08.07.2017;18:34:18;;-;-;;
1895;Trovan Unique;"0006B397F6";08.07.2017;18:34:19;;-;-;;
1896;Trovan Unique;"0006B397F6";08.07.2017;18:34:20;;-;-;;
1897;Trovan Unique;"0006B397F6";08.07.2017;18:34:21;;-;-;;
1898;Trovan Unique;"0006B397F6";08.07.2017;18:34:22;;-;-;;
1899;Trovan Unique;"0006B397F6";08.07.2017;18:34:23;;-;-;;
1900;Trovan Unique;"0006B397F6";08.07.2017;18:34:24;;-;-;;
1901;Trovan Unique;"0006B397F6";08.07.2017;18:34:25;;-;-;;
1902;Trovan Unique;"0006B397F6";08.07.2017;18:34:27;;-;-;;
1903;Trovan Unique;"0006B397F6";08.07.2017;18:34:28;;-;-;;
1904;Trovan Unique;"0006B397F6";08.07.2017;18:34:29;;-;-;;
1905;Trovan Unique;"0006B397F6";08.07.2017;18:34:30;;-;-;;
1906;Trovan Unique;"0006B397F6";08.07.2017;18:34:31;;-;-;;
1907;Trovan Unique;"0006B397F6";08.07.2017;18:34:32;;-;-;;
1908;Trovan Unique;"0006B397F6";08.07.2017;18:34:33;;-;-;;
1909;Trovan Unique;"0006B397F6";08.07.2017;18:34:34;;-;-;;
1910;Trovan Unique;"0006B397F6";08.07.2017;18:34:35;;-;-;;
1911;Trovan Unique;"0006B397F6";08.07.2017;18:34:36;;-;-;;
1912;Trovan Unique;"0006B397F6";08.07.2017;18:34:37;;-;-;;
1913;Trovan Unique;"0006B397F6";08.07.2017;18:34:38;;-;-;;
1914;Trovan Unique;"0006B397F6";08.07.2017;18:34:39;;-;-;;
1915;Trovan Unique;"0006B397F6";08.07.2017;18:34:40;;-;-;;
1916;Trovan Unique;"0006B397F6";08.07.2017;18:34:41;;-;-;;
1917;Trovan Unique;"0006B397F6";08.07.2017;18:34:42;;-;-;;
1918;Trovan Unique;"0006B397F6";08.07.2017;18:34:43;;-;-;;
1919;Trovan Unique;"0006B397F6";08.07.2017;18:34:44;;-;-;;
1920;Trovan Unique;"0006B397F6";08.07.2017;18:34:45;;-;-;;
1921;Trovan Unique;"0006B397F6";08.07.2017;18:34:46;;-;-;;
1922;Trovan Unique;"0006B397F6";08.07.2017;18:34:47;;-;-;;
1923;Trovan Unique;"0006B397F6";08.07.2017;18:34:48;;-;-;;
1924;Trovan Unique;"0006B397F6";08.07.2017;18:34:49;;-;-;;
1925;Trovan Unique;"0006B397F6";08.07.2017;18:34:51;;-;-;;
1926;Trovan Unique;"0006B397F6";08.07.2017;18:34:52;;-;-;;
1927;Trovan Unique;"0006B397F6";08.07.2017;18:34:53;;-;-;;
1928;Trovan Unique;"0006B397F6";08.07.2017;18:34:54;;-;-;;
1929;Trovan Unique;"0006B397F6";08.07.2017;18:34:55;;-;-;;
1930;Trovan Unique;"0006B397F6";08.07.2017;18:34:56;;-;-;;
1931;Trovan Unique;"0006B397F6";08.07.2017;18:34:57;;-;-;;
1932;Trovan Unique;"0006B397F6";08.07.2017;18:34:58;;-;-;;
1933;Trovan Unique;"0006B397F6";08.07.2017;18:34:59;;-;-;;
1934;Trovan Unique;"0006B397F6";08.07.2017;18:35:00;;-;-;;
1935;Trovan Unique;"0006B397F6";08.07.2017;18:35:01;;-;-;;
1936;Trovan Unique;"0006B397F6";08.07.2017;18:35:02;;-;-;;
1937;Trovan Unique;"0006B397F6";08.07.2017;18:35:03;;-;-;;
1938;Trovan Unique;"0006B397F6";08.07.2017;18:35:04;;-;-;;
1939;Trovan Unique;"0006B397F6";08.07.2017;18:35:05;;-;-;;
1940;Trovan Unique;"0006B397F6";08.07.2017;18:35:06;;-;-;;
1941;Trovan Unique;"0006B397F6";08.07.2017;18:35:07;;-;-;;
1942;Trovan Unique;"0006B397F6";08.07.2017;18:35:08;;-;-;;
1943;Trovan Unique;"0006B397F6";08.07.2017;18:35:09;;-;-;;
1944;Trovan Unique;"0006B397F6";08.07.2017;18:35:10;;-;-;;
1945;Trovan Unique;"0006B397F6";08.07.2017;18:35:12;;-;-;;
1946;Trovan Unique;"0006B397F6";08.07.2017;18:35:13;;-;-;;
1947;Trovan Unique;"0006B397F6";08.07.2017;18:35:14;;-;-;;
1948;Trovan Unique;"0006B397F6";08.07.2017;18:35:15;;-;-;;
1949;Trovan Unique;"0006B397F6";08.07.2017;18:35:16;;-;-;;
1950;Trovan Unique;"0006B397F6";08.07.2017;18:35:17;;-;-;;
1951;Trovan Unique;"0006B397F6";08.07.2017;18:35:18;;-;-;;
1952;Trovan Unique;"0006B397F6";08.07.2017;18:35:19;;-;-;;
1953;Trovan Unique;"0006B397F6";08.07.2017;18:35:20;;-;-;;
1954;Trovan Unique;"0006B397F6";08.07.2017;18:35:21;;-;-;;
1955;Trovan Unique;"0006B397F6";08.07.2017;18:35:22;;-;-;;
1956;Trovan Unique;"0006B397F6";08.07.2017;18:35:23;;-;-;;
1957;Trovan Unique;"0006B397F6";08.07.2017;18:35:24;;-;-;;
1958;Trovan Unique;"0006B397F6";08.07.2017;18:35:46;;-;-;;
1959;Trovan Unique;"0006B397F6";08.07.2017;18:36:57;;-;-;;
1960;Trovan Unique;"0006B397F6";08.07.2017;18:37:49;;-;-;;
1961;Trovan Unique;"0006B397F6";08.07.2017;18:37:54;;-;-;;
1962;Trovan Unique;"0006B397F6";08.07.2017;18:37:56;;-;-;;
1963;Trovan Unique;"0006B397F6";08.07.2017;18:38:07;;-;-;;
1964;Trovan Unique;"0006B397F6";08.07.2017;18:38:08;;-;-;;
1965;Trovan Unique;"0006B397F6";08.07.2017;18:38:09;;-;-;;
1966;Trovan Unique;"0006B397F6";08.07.2017;18:38:10;;-;-;;
1967;Trovan Unique;"0006B397F6";08.07.2017;18:38:11;;-;-;;
1968;Trovan Unique;"0006B397F6";08.07.2017;18:38:12;;-;-;;
1969;Trovan Unique;"0006B397F6";08.07.2017;18:38:15;;-;-;;
1970;Trovan Unique;"0006B397F6";08.07.2017;18:38:16;;-;-;;
1971;Trovan Unique;"0006B397F6";08.07.2017;18:38:17;;-;-;;
1972;Trovan Unique;"0006B397F6";08.07.2017;18:38:18;;-;-;;
1973;Trovan Unique;"0006B397F6";08.07.2017;18:38:19;;-;-;;
1974;Trovan Unique;"0006B397F6";08.07.2017;18:38:20;;-;-;;
1975;Trovan Unique;"0006B397F6";08.07.2017;18:38:29;;-;-;;
1976;Trovan Unique;"0006B397F6";08.07.2017;18:38:30;;-;-;;
1977;Trovan Unique;"0006B397F6";08.07.2017;18:38:38;;-;-;;
1978;Trovan Unique;"0006B397F6";08.07.2017;18:38:41;;-;-;;
1979;Trovan Unique;"0006B397F6";08.07.2017;18:38:42;;-;-;;
1980;Trovan Unique;"0006B397F6";08.07.2017;18:38:43;;-;-;;
1981;Trovan Unique;"0006B397F6";08.07.2017;18:38:44;;-;-;;
1982;Trovan Unique;"0006B397F6";08.07.2017;18:38:45;;-;-;;
1983;Trovan Unique;"0006B397F6";08.07.2017;18:38:46;;-;-;;
1984;Trovan Unique;"0006B397F6";08.07.2017;18:38:49;;-;-;;
1985;Trovan Unique;"0006B397F6";08.07.2017;18:38:51;;-;-;;
1986;Trovan Unique;"0006B397F6";08.07.2017;18:38:54;;-;-;;
1987;Trovan Unique;"0006B397F6";08.07.2017;18:38:55;;-;-;;
1988;Trovan Unique;"0006B397F6";08.07.2017;18:38:56;;-;-;;
1989;Trovan Unique;"0006B397F6";08.07.2017;18:38:57;;-;-;;
1990;Trovan Unique;"0006B397F6";08.07.2017;18:38:58;;-;-;;
1991;Trovan Unique;"0006B397F6";08.07.2017;18:39:00;;-;-;;
1992;Trovan Unique;"0006B397F6";08.07.2017;18:39:01;;-;-;;
1993;Trovan Unique;"0006B397F6";08.07.2017;18:39:02;;-;-;;
1994;Trovan Unique;"0006B397F6";08.07.2017;18:39:03;;-;-;;
1995;Trovan Unique;"0006B397F6";08.07.2017;18:39:04;;-;-;;
1996;Trovan Unique;"0006B397F6";08.07.2017;18:39:05;;-;-;;
1997;Trovan Unique;"0006B397F6";08.07.2017;18:39:06;;-;-;;
1998;Trovan Unique;"0006B397F6";08.07.2017;18:39:13;;-;-;;
1999;Trovan Unique;"0006B397F6";08.07.2017;18:39:14;;-;-;;
2000;Trovan Unique;"0006B397F6";08.07.2017;18:39:18;;-;-;;
2001;Trovan Unique;"0006B397F6";08.07.2017;18:39:19;;-;-;;
2002;Trovan Unique;"0006B397F6";08.07.2017;18:39:20;;-;-;;
2003;Trovan Unique;"0006B397F6";08.07.2017;18:39:21;;-;-;;
2004;Trovan Unique;"0006B397F6";08.07.2017;18:39:22;;-;-;;
2005;Trovan Unique;"0006B397F6";08.07.2017;18:39:23;;-;-;;
2006;Trovan Unique;"0006B397F6";08.07.2017;18:40:46;;-;-;;
2007;Trovan Unique;"0006B397F6";08.07.2017;18:40:47;;-;-;;
2008;Trovan Unique;"0006B397F6";08.07.2017;18:40:48;;-;-;;
2009;Trovan Unique;"0006B397F6";08.07.2017;18:40:50;;-;-;;
2010;Trovan Unique;"0006B397F6";08.07.2017;18:40:51;;-;-;;
2011;Trovan Unique;"0006B397F6";08.07.2017;18:40:52;;-;-;;
2012;Trovan Unique;"0006B397F6";08.07.2017;18:40:53;;-;-;;
2013;Trovan Unique;"0006B397F6";08.07.2017;18:40:54;;-;-;;
2014;Trovan Unique;"0006B397F6";08.07.2017;18:40:55;;-;-;;
2015;Trovan Unique;"0006B397F6";08.07.2017;18:40:56;;-;-;;
2016;Trovan Unique;"0006B397F6";08.07.2017;18:40:57;;-;-;;
2017;Trovan Unique;"0006B397F6";08.07.2017;18:40:58;;-;-;;
2018;Trovan Unique;"0006B397F6";08.07.2017;18:40:59;;-;-;;
2019;Trovan Unique;"0006B397F6";08.07.2017;18:41:00;;-;-;;
2020;Trovan Unique;"0006B397F6";08.07.2017;18:41:02;;-;-;;
2021;Trovan Unique;"0006B397F6";08.07.2017;18:41:03;;-;-;;
2022;Trovan Unique;"0006B397F6";08.07.2017;18:41:04;;-;-;;
2023;Trovan Unique;"0006B397F6";08.07.2017;18:41:05;;-;-;;
2024;Trovan Unique;"0006B397F6";08.07.2017;18:41:06;;-;-;;
2025;Trovan Unique;"0006B397F6";08.07.2017;18:41:07;;-;-;;
2026;Trovan Unique;"0006B397F6";08.07.2017;18:41:08;;-;-;;
2027;Trovan Unique;"0006B397F6";08.07.2017;18:41:09;;-;-;;
2028;Trovan Unique;"0006B397F6";08.07.2017;18:41:10;;-;-;;
2029;Trovan Unique;"0006B397F6";08.07.2017;18:41:11;;-;-;;
2030;Trovan Unique;"0006B397F6";08.07.2017;18:41:12;;-;-;;
2031;Trovan Unique;"0006B397F6";08.07.2017;18:41:13;;-;-;;
2032;Trovan Unique;"0006B397F6";08.07.2017;18:41:14;;-;-;;
2033;Trovan Unique;"0006B397F6";08.07.2017;18:41:15;;-;-;;
2034;Trovan Unique;"0006B397F6";08.07.2017;18:41:16;;-;-;;
2035;Trovan Unique;"0006B397F6";08.07.2017;18:41:17;;-;-;;
2036;Trovan Unique;"0006B397F6";08.07.2017;18:41:18;;-;-;;
2037;Trovan Unique;"0006B397F6";08.07.2017;18:41:19;;-;-;;
2038;Trovan Unique;"0006B397F6";08.07.2017;18:41:27;;-;-;;
2039;Trovan Unique;"0006B397F6";08.07.2017;18:41:28;;-;-;;
2040;Trovan Unique;"0006B397F6";08.07.2017;18:41:29;;-;-;;
2041;Trovan Unique;"0006B397F6";08.07.2017;18:41:30;;-;-;;
2042;Trovan Unique;"0006B397F6";08.07.2017;18:41:31;;-;-;;
2043;Trovan Unique;"0006B397F6";08.07.2017;18:41:32;;-;-;;
2044;Trovan Unique;"0006B397F6";08.07.2017;18:41:33;;-;-;;
2045;Trovan Unique;"0006B397F6";08.07.2017;18:41:34;;-;-;;
2046;Trovan Unique;"0006B397F6";08.07.2017;18:41:35;;-;-;;
2047;Trovan Unique;"0006B397F6";08.07.2017;18:41:36;;-;-;;
2048;Trovan Unique;"0006B397F6";08.07.2017;18:41:37;;-;-;;
2049;Trovan Unique;"0006B397F6";08.07.2017;18:41:38;;-;-;;
2050;Trovan Unique;"0006B397F6";08.07.2017;18:41:39;;-;-;;
2051;Trovan Unique;"0006B397F6";08.07.2017;18:41:40;;-;-;;
2052;Trovan Unique;"0006B397F6";08.07.2017;18:41:41;;-;-;;
2053;Trovan Unique;"0006B397F6";08.07.2017;18:41:50;;-;-;;
2054;Trovan Unique;"0006B397F6";08.07.2017;18:41:51;;-;-;;
2055;Trovan Unique;"0006B397F6";08.07.2017;18:41:52;;-;-;;
2056;Trovan Unique;"0006B397F6";08.07.2017;18:41:58;;-;-;;
2057;Trovan Unique;"0006B397F6";08.07.2017;18:41:59;;-;-;;
2058;Trovan Unique;"0006B397F6";08.07.2017;18:42:01;;-;-;;
2059;Trovan Unique;"0006B397F6";08.07.2017;18:42:02;;-;-;;
2060;Trovan Unique;"0006B397F6";08.07.2017;18:42:03;;-;-;;
2061;Trovan Unique;"0006B397F6";08.07.2017;18:42:04;;-;-;;
2062;Trovan Unique;"0006B397F6";08.07.2017;18:42:05;;-;-;;
2063;Trovan Unique;"0006B397F6";08.07.2017;18:42:06;;-;-;;
2064;Trovan Unique;"0006B397F6";08.07.2017;18:42:07;;-;-;;
2065;Trovan Unique;"0006B397F6";08.07.2017;18:42:08;;-;-;;
2066;Trovan Unique;"0006B397F6";08.07.2017;18:42:09;;-;-;;
2067;Trovan Unique;"0006B397F6";08.07.2017;18:42:10;;-;-;;
2068;Trovan Unique;"0006B397F6";08.07.2017;18:42:11;;-;-;;
2069;Trovan Unique;"0006B397F6";08.07.2017;18:42:12;;-;-;;
2070;Trovan Unique;"0006B397F6";08.07.2017;18:42:13;;-;-;;
2071;Trovan Unique;"0006B397F6";08.07.2017;18:42:14;;-;-;;
2072;Trovan Unique;"0006B397F6";08.07.2017;18:42:15;;-;-;;
2073;Trovan Unique;"0006B397F6";08.07.2017;18:42:17;;-;-;;
2074;Trovan Unique;"0006B397F6";08.07.2017;18:42:18;;-;-;;
2075;Trovan Unique;"0006B397F6";08.07.2017;18:42:19;;-;-;;
2076;Trovan Unique;"0006B397F6";08.07.2017;18:42:20;;-;-;;
2077;Trovan Unique;"0006B397F6";08.07.2017;18:42:21;;-;-;;
2078;Trovan Unique;"0006B397F6";08.07.2017;18:42:22;;-;-;;
2079;Trovan Unique;"0006B397F6";08.07.2017;18:42:23;;-;-;;
2080;Trovan Unique;"0006B397F6";08.07.2017;18:42:24;;-;-;;
2081;Trovan Unique;"0006B397F6";08.07.2017;18:42:25;;-;-;;
2082;Trovan Unique;"0006B397F6";08.07.2017;18:42:26;;-;-;;
2083;Trovan Unique;"0006B397F6";08.07.2017;18:42:27;;-;-;;
2084;Trovan Unique;"0006B397F6";08.07.2017;18:42:28;;-;-;;
2085;Trovan Unique;"0006B397F6";08.07.2017;18:42:29;;-;-;;
2086;Trovan Unique;"0006B397F6";08.07.2017;18:42:30;;-;-;;
2087;Trovan Unique;"0006B397F6";08.07.2017;18:42:31;;-;-;;
2088;Trovan Unique;"0006B397F6";08.07.2017;18:42:32;;-;-;;
2089;Trovan Unique;"0006B397F6";08.07.2017;18:42:33;;-;-;;
2090;Trovan Unique;"0006B397F6";08.07.2017;18:42:34;;-;-;;
2091;Trovan Unique;"0006B397F6";08.07.2017;18:42:37;;-;-;;
2092;Trovan Unique;"0006B397F6";08.07.2017;18:42:38;;-;-;;
2093;Trovan Unique;"0006B397F6";08.07.2017;18:42:39;;-;-;;
2094;Trovan Unique;"0006B397F6";08.07.2017;18:42:40;;-;-;;
2095;Trovan Unique;"0006B397F6";08.07.2017;18:42:41;;-;-;;
2096;Trovan Unique;"0006B397F6";08.07.2017;18:42:42;;-;-;;
2097;Trovan Unique;"0006B397F6";08.07.2017;18:42:43;;-;-;;
2098;Trovan Unique;"0006B397F6";08.07.2017;18:42:44;;-;-;;
2099;Trovan Unique;"0006B397F6";08.07.2017;18:42:46;;-;-;;
2100;Trovan Unique;"0006B397F6";08.07.2017;18:42:47;;-;-;;
2101;Trovan Unique;"0006B397F6";08.07.2017;18:42:48;;-;-;;
2102;Trovan Unique;"0006B397F6";08.07.2017;18:42:49;;-;-;;
2103;Trovan Unique;"0006B397F6";08.07.2017;18:42:50;;-;-;;
2104;Trovan Unique;"0006B397F6";08.07.2017;18:42:51;;-;-;;
2105;Trovan Unique;"0006B397F6";08.07.2017;18:42:52;;-;-;;
2106;Trovan Unique;"0006B397F6";08.07.2017;18:42:53;;-;-;;
2107;Trovan Unique;"0006B397F6";08.07.2017;18:42:54;;-;-;;
2108;Trovan Unique;"0006B397F6";08.07.2017;18:42:55;;-;-;;
2109;Trovan Unique;"0006B397F6";08.07.2017;18:42:57;;-;-;;
2110;Trovan Unique;"0006B397F6";08.07.2017;18:42:58;;-;-;;
2111;Trovan Unique;"0006B397F6";08.07.2017;18:42:59;;-;-;;
2112;Trovan Unique;"0006B397F6";08.07.2017;18:43:00;;-;-;;
2113;Trovan Unique;"0006B397F6";08.07.2017;18:43:01;;-;-;;
2114;Trovan Unique;"0006B397F6";08.07.2017;18:43:02;;-;-;;
2115;Trovan Unique;"0006B397F6";08.07.2017;18:43:03;;-;-;;
2116;Trovan Unique;"0006B397F6";08.07.2017;18:43:04;;-;-;;
2117;Trovan Unique;"0006B397F6";08.07.2017;18:43:05;;-;-;;
2118;Trovan Unique;"0006B397F6";08.07.2017;18:43:06;;-;-;;
2119;Trovan Unique;"0006B397F6";08.07.2017;18:43:07;;-;-;;
2120;Trovan Unique;"0006B397F6";08.07.2017;18:43:08;;-;-;;
2121;Trovan Unique;"0006B397F6";08.07.2017;18:43:09;;-;-;;
2122;Trovan Unique;"0006B397F6";08.07.2017;18:43:10;;-;-;;
2123;Trovan Unique;"0006B397F6";08.07.2017;18:43:11;;-;-;;
2124;Trovan Unique;"0006B397F6";08.07.2017;18:43:12;;-;-;;
2125;Trovan Unique;"0006B397F6";08.07.2017;18:43:13;;-;-;;
2126;Trovan Unique;"0006B397F6";08.07.2017;18:43:14;;-;-;;
2127;Trovan Unique;"0006B397F6";08.07.2017;18:43:15;;-;-;;
2128;Trovan Unique;"0006B397F6";08.07.2017;18:43:16;;-;-;;
2129;Trovan Unique;"0006B397F6";08.07.2017;18:43:20;;-;-;;
2130;Trovan Unique;"0006B397F6";08.07.2017;18:43:21;;-;-;;
2131;Trovan Unique;"0006B397F6";08.07.2017;18:43:22;;-;-;;
2132;Trovan Unique;"0006B397F6";08.07.2017;18:43:23;;-;-;;
2133;Trovan Unique;"0006B397F6";08.07.2017;18:43:24;;-;-;;
2134;Trovan Unique;"0006B397F6";08.07.2017;18:43:26;;-;-;;
2135;Trovan Unique;"0006B397F6";08.07.2017;18:43:27;;-;-;;
2136;Trovan Unique;"0006B397F6";08.07.2017;18:43:28;;-;-;;
2137;Trovan Unique;"0006B397F6";08.07.2017;18:43:29;;-;-;;
2138;Trovan Unique;"0006B397F6";08.07.2017;18:43:31;;-;-;;
2139;Trovan Unique;"0006B397F6";08.07.2017;18:43:34;;-;-;;
2140;Trovan Unique;"0006B397F6";08.07.2017;18:44:19;;-;-;;
2141;Trovan Unique;"0006B397F6";08.07.2017;18:44:20;;-;-;;
2142;Trovan Unique;"0006B397F6";08.07.2017;18:44:21;;-;-;;
2143;Trovan Unique;"0006B397F6";08.07.2017;18:44:22;;-;-;;
2144;Trovan Unique;"0006B397F6";08.07.2017;18:46:37;;-;-;;
2145;Trovan Unique;"0006B397F6";08.07.2017;18:48:24;;-;-;;
2146;Trovan Unique;"0006B397F6";08.07.2017;18:48:42;;-;-;;
2147;Trovan Unique;"0006B397F6";08.07.2017;18:58:21;;-;-;;
2148;Trovan Unique;"0006B397F6";08.07.2017;18:58:22;;-;-;;
2149;Trovan Unique;"0006B397F6";08.07.2017;18:58:23;;-;-;;
2150;Trovan Unique;"0006B397F6";08.07.2017;18:58:24;;-;-;;
2151;Trovan Unique;"0006B397F6";08.07.2017;18:58:25;;-;-;;
2152;Trovan Unique;"0006B397F6";08.07.2017;18:58:26;;-;-;;
2153;Trovan Unique;"0006B397F6";08.07.2017;18:58:27;;-;-;;
2154;Trovan Unique;"0006B397F6";08.07.2017;18:58:28;;-;-;;
2155;Trovan Unique;"0006B397F6";08.07.2017;18:58:29;;-;-;;
2156;Trovan Unique;"0006B397F6";08.07.2017;18:58:30;;-;-;;
2157;Trovan Unique;"0006B397F6";08.07.2017;18:58:32;;-;-;;
2158;Trovan Unique;"0006B397F6";08.07.2017;18:58:33;;-;-;;
2159;Trovan Unique;"0006B397F6";08.07.2017;18:58:34;;-;-;;
2160;Trovan Unique;"0006B397F6";08.07.2017;18:58:35;;-;-;;
2161;Trovan Unique;"0006B397F6";08.07.2017;18:58:36;;-;-;;
2162;Trovan Unique;"0006B397F6";08.07.2017;18:58:37;;-;-;;
2163;Trovan Unique;"0006B397F6";08.07.2017;18:58:38;;-;-;;
2164;Trovan Unique;"0006B397F6";08.07.2017;18:58:39;;-;-;;
2165;Trovan Unique;"0006B397F6";08.07.2017;18:58:40;;-;-;;
2166;Trovan Unique;"0006B397F6";08.07.2017;18:58:41;;-;-;;
2167;Trovan Unique;"0006B397F6";08.07.2017;18:58:42;;-;-;;
2168;Trovan Unique;"0006B397F6";08.07.2017;18:58:43;;-;-;;
2169;Trovan Unique;"0006B397F6";08.07.2017;18:58:44;;-;-;;
2170;Trovan Unique;"0006B397F6";08.07.2017;18:58:45;;-;-;;
2171;Trovan Unique;"0006B397F6";08.07.2017;18:58:46;;-;-;;
2172;Trovan Unique;"0006B397F6";08.07.2017;18:58:47;;-;-;;
2173;Trovan Unique;"0006B397F6";08.07.2017;18:58:49;;-;-;;
2174;Trovan Unique;"0006B397F6";08.07.2017;18:58:50;;-;-;;
2175;Trovan Unique;"0006B397F6";08.07.2017;18:58:51;;-;-;;
2176;Trovan Unique;"0006B397F6";08.07.2017;18:58:52;;-;-;;
2177;Trovan Unique;"0006B397F6";08.07.2017;18:58:53;;-;-;;
2178;Trovan Unique;"0006B397F6";08.07.2017;18:58:54;;-;-;;
2179;Trovan Unique;"0006B397F6";08.07.2017;18:58:55;;-;-;;
2180;Trovan Unique;"0006B397F6";08.07.2017;18:58:56;;-;-;;
2181;Trovan Unique;"0006B397F6";08.07.2017;18:58:57;;-;-;;
2182;Trovan Unique;"0006B397F6";08.07.2017;18:58:58;;-;-;;
2183;Trovan Unique;"0006B397F6";08.07.2017;18:58:59;;-;-;;
2184;Trovan Unique;"0006B397F6";08.07.2017;18:59:00;;-;-;;
2185;Trovan Unique;"0006B397F6";08.07.2017;18:59:01;;-;-;;
2186;Trovan Unique;"0006B397F6";08.07.2017;18:59:02;;-;-;;
2187;Trovan Unique;"0006B397F6";08.07.2017;18:59:03;;-;-;;
2188;Trovan Unique;"0006B397F6";08.07.2017;18:59:04;;-;-;;
2189;Trovan Unique;"0006B397F6";08.07.2017;18:59:05;;-;-;;
2190;Trovan Unique;"0006B397F6";08.07.2017;18:59:06;;-;-;;
2191;Trovan Unique;"0006B397F6";08.07.2017;18:59:07;;-;-;;
2192;Trovan Unique;"0006B397F6";08.07.2017;18:59:08;;-;-;;
2193;Trovan Unique;"0006B397F6";08.07.2017;18:59:09;;-;-;;
2194;Trovan Unique;"0006B397F6";08.07.2017;18:59:11;;-;-;;
2195;Trovan Unique;"0006B397F6";08.07.2017;18:59:12;;-;-;;
2196;Trovan Unique;"0006B397F6";08.07.2017;18:59:13;;-;-;;
2197;Trovan Unique;"0006B397F6";08.07.2017;18:59:14;;-;-;;
2198;Trovan Unique;"0006B397F6";08.07.2017;18:59:15;;-;-;;
2199;Trovan Unique;"0006B397F6";08.07.2017;18:59:16;;-;-;;
2200;Trovan Unique;"0006B397F6";08.07.2017;18:59:17;;-;-;;
2201;Trovan Unique;"0006B397F6";08.07.2017;18:59:18;;-;-;;
2202;Trovan Unique;"0006B397F6";08.07.2017;18:59:19;;-;-;;
2203;Trovan Unique;"0006B397F6";08.07.2017;18:59:20;;-;-;;
2204;Trovan Unique;"0006B397F6";08.07.2017;18:59:21;;-;-;;
2205;Trovan Unique;"0006B397F6";08.07.2017;18:59:22;;-;-;;
2206;Trovan Unique;"0006B397F6";08.07.2017;18:59:23;;-;-;;
2207;Trovan Unique;"0006B397F6";08.07.2017;18:59:24;;-;-;;
2208;Trovan Unique;"0006B397F6";08.07.2017;18:59:25;;-;-;;
2209;Trovan Unique;"0006B397F6";08.07.2017;18:59:26;;-;-;;
2210;Trovan Unique;"0006B397F6";08.07.2017;18:59:28;;-;-;;
2211;Trovan Unique;"0006B397F6";08.07.2017;18:59:29;;-;-;;
2212;Trovan Unique;"0006B397F6";08.07.2017;18:59:30;;-;-;;
2213;Trovan Unique;"0006B397F6";08.07.2017;18:59:31;;-;-;;
2214;Trovan Unique;"0006B397F6";08.07.2017;18:59:32;;-;-;;
2215;Trovan Unique;"0006B397F6";08.07.2017;18:59:34;;-;-;;
2216;Trovan Unique;"0006B397F6";08.07.2017;18:59:37;;-;-;;
2217;Trovan Unique;"0006B397F6";08.07.2017;18:59:38;;-;-;;
2218;Trovan Unique;"0006B397F6";08.07.2017;18:59:41;;-;-;;
2219;Trovan Unique;"0006B397F6";08.07.2017;18:59:42;;-;-;;
2220;Trovan Unique;"0006B397F6";08.07.2017;18:59:48;;-;-;;
2221;Trovan Unique;"0006B397F6";08.07.2017;18:59:49;;-;-;;
2222;Trovan Unique;"0006B397F6";08.07.2017;18:59:54;;-;-;;
2223;Trovan Unique;"0006B397F6";08.07.2017;18:59:55;;-;-;;
2224;Trovan Unique;"0006B397F6";08.07.2017;18:59:57;;-;-;;
2225;Trovan Unique;"0006B397F6";08.07.2017;18:59:59;;-;-;;
2226;Trovan Unique;"0006B397F6";08.07.2017;19:00:07;;-;-;;
2227;Trovan Unique;"0006B397F6";08.07.2017;19:00:08;;-;-;;
2228;Trovan Unique;"0006B397F6";08.07.2017;19:00:10;;-;-;;
2229;Trovan Unique;"0006B397F6";08.07.2017;19:00:11;;-;-;;
2230;Trovan Unique;"0006B397F6";08.07.2017;19:00:12;;-;-;;
2231;Trovan Unique;"0006B397F6";08.07.2017;19:00:13;;-;-;;
2232;Trovan Unique;"0006B397F6";08.07.2017;19:00:14;;-;-;;
2233;Trovan Unique;"0006B397F6";08.07.2017;19:00:15;;-;-;;
2234;Trovan Unique;"0006B397F6";08.07.2017;19:00:17;;-;-;;
2235;Trovan Unique;"0006B397F6";08.07.2017;19:00:18;;-;-;;
2236;Trovan Unique;"0006B397F6";08.07.2017;19:00:19;;-;-;;
2237;Trovan Unique;"0006B397F6";08.07.2017;19:00:20;;-;-;;
2238;Trovan Unique;"0006B397F6";08.07.2017;19:00:21;;-;-;;
2239;Trovan Unique;"0006B397F6";08.07.2017;19:00:23;;-;-;;
2240;Trovan Unique;"0006B397F6";08.07.2017;19:00:25;;-;-;;
2241;Trovan Unique;"0006B397F6";08.07.2017;19:00:27;;-;-;;
2242;Trovan Unique;"0006B397F6";08.07.2017;19:00:28;;-;-;;
2243;Trovan Unique;"0006B397F6";08.07.2017;19:00:29;;-;-;;
2244;Trovan Unique;"0006B397F6";08.07.2017;19:00:30;;-;-;;
2245;Trovan Unique;"0006B397F6";08.07.2017;19:00:32;;-;-;;
2246;Trovan Unique;"0006B397F6";08.07.2017;19:00:33;;-;-;;
2247;Trovan Unique;"0006B397F6";08.07.2017;19:00:34;;-;-;;
2248;Trovan Unique;"0006B397F6";08.07.2017;19:00:36;;-;-;;
2249;Trovan Unique;"0006B397F6";08.07.2017;19:00:37;;-;-;;
2250;Trovan Unique;"0006B397F6";08.07.2017;19:00:38;;-;-;;
2251;Trovan Unique;"0006B397F6";08.07.2017;19:00:40;;-;-;;
2252;Trovan Unique;"0006B397F6";08.07.2017;19:00:41;;-;-;;
2253;Trovan Unique;"0006B397F6";08.07.2017;19:00:43;;-;-;;
2254;Trovan Unique;"0006B397F6";08.07.2017;19:00:44;;-;-;;
2255;Trovan Unique;"0006B397F6";08.07.2017;19:00:46;;-;-;;
2256;Trovan Unique;"0006B397F6";08.07.2017;19:00:47;;-;-;;
2257;Trovan Unique;"0006B397F6";08.07.2017;19:00:48;;-;-;;
2258;Trovan Unique;"0006B397F6";08.07.2017;19:00:52;;-;-;;
2259;Trovan Unique;"0006B397F6";08.07.2017;19:00:54;;-;-;;
2260;Trovan Unique;"0006B397F6";08.07.2017;19:00:56;;-;-;;
2261;Trovan Unique;"0006B397F6";08.07.2017;19:00:57;;-;-;;
2262;Trovan Unique;"0006B397F6";08.07.2017;19:00:58;;-;-;;
2263;Trovan Unique;"0006B397F6";08.07.2017;19:01:00;;-;-;;
2264;Trovan Unique;"0006B397F6";08.07.2017;19:01:02;;-;-;;
2265;Trovan Unique;"0006B397F6";08.07.2017;19:01:04;;-;-;;
2266;Trovan Unique;"0006B397F6";08.07.2017;19:01:05;;-;-;;
2267;Trovan Unique;"0006B397F6";08.07.2017;19:01:07;;-;-;;
2268;Trovan Unique;"0006B397F6";08.07.2017;19:01:08;;-;-;;
2269;Trovan Unique;"0006B397F6";08.07.2017;19:01:10;;-;-;;
2270;Trovan Unique;"0006B397F6";08.07.2017;19:01:12;;-;-;;
2271;Trovan Unique;"0006B397F6";08.07.2017;19:01:23;;-;-;;
2272;Trovan Unique;"0006B397F6";08.07.2017;19:01:28;;-;-;;
2273;Trovan Unique;"0006B397F6";08.07.2017;19:01:30;;-;-;;
2274;Trovan Unique;"0006B397F6";08.07.2017;19:01:32;;-;-;;
2275;Trovan Unique;"0006B397F6";08.07.2017;19:01:40;;-;-;;
2276;Trovan Unique;"0006B397F6";08.07.2017;19:01:42;;-;-;;
2277;Trovan Unique;"0006B397F6";08.07.2017;19:01:43;;-;-;;
2278;Trovan Unique;"0006B397F6";08.07.2017;19:01:44;;-;-;;
2279;Trovan Unique;"0006B397F6";08.07.2017;19:01:46;;-;-;;
2280;Trovan Unique;"0006B397F6";08.07.2017;19:01:47;;-;-;;
2281;Trovan Unique;"0006B397F6";08.07.2017;19:01:48;;-;-;;
2282;Trovan Unique;"0006B397F6";08.07.2017;19:01:50;;-;-;;
2283;Trovan Unique;"0006B397F6";08.07.2017;19:01:57;;-;-;;
2284;Trovan Unique;"0006B397F6";08.07.2017;19:02:10;;-;-;;
2285;Trovan Unique;"0006B397F6";08.07.2017;19:02:11;;-;-;;
2286;Trovan Unique;"0006B397F6";08.07.2017;19:03:19;;-;-;;
2287;Trovan Unique;"0006B397F6";08.07.2017;19:03:33;;-;-;;
2288;Trovan Unique;"0006B397F6";08.07.2017;19:07:25;;-;-;;
2289;Trovan Unique;"0006B397F6";08.07.2017;19:09:30;;-;-;;
2290;Trovan Unique;"0006B397F6";08.07.2017;19:09:31;;-;-;;
2291;Trovan Unique;"0006B397F6";08.07.2017;19:09:37;;-;-;;
2292;Trovan Unique;"0006B397F6";08.07.2017;19:09:47;;-;-;;
2293;Trovan Unique;"0006B397F6";08.07.2017;19:09:53;;-;-;;
2294;Trovan Unique;"0006B397F6";08.07.2017;19:09:55;;-;-;;
2295;Trovan Unique;"0006B397F6";08.07.2017;19:10:01;;-;-;;
2296;Trovan Unique;"0006B397F6";08.07.2017;19:10:04;;-;-;;
2297;Trovan Unique;"0006B397F6";08.07.2017;19:10:06;;-;-;;
2298;Trovan Unique;"0006B397F6";08.07.2017;19:15:31;;-;-;;
2299;Trovan Unique;"0006B397F6";08.07.2017;19:15:32;;-;-;;
2300;Trovan Unique;"0006B397F6";08.07.2017;19:15:33;;-;-;;
2301;Trovan Unique;"0006B397F6";08.07.2017;19:15:34;;-;-;;
2302;Trovan Unique;"0006B397F6";08.07.2017;19:15:35;;-;-;;
2303;Trovan Unique;"0006B397F6";08.07.2017;19:15:42;;-;-;;
2304;Trovan Unique;"0006B397F6";08.07.2017;19:15:45;;-;-;;
2305;Trovan Unique;"0006B397F6";08.07.2017;19:15:47;;-;-;;
2306;Trovan Unique;"0006B397F6";08.07.2017;19:15:49;;-;-;;
2307;Trovan Unique;"0006B397F6";08.07.2017;19:15:52;;-;-;;
2308;Trovan Unique;"0006B397F6";08.07.2017;19:15:53;;-;-;;
2309;Trovan Unique;"0006B397F6";08.07.2017;19:15:56;;-;-;;
2310;Trovan Unique;"0006B397F6";08.07.2017;19:15:59;;-;-;;
2311;Trovan Unique;"0006B397F6";08.07.2017;19:18:59;;-;-;;
2312;Trovan Unique;"0006B397F6";08.07.2017;19:41:12;;-;-;;
2313;Trovan Unique;"0006B397F6";08.07.2017;19:41:13;;-;-;;
2314;Trovan Unique;"0006B397F6";08.07.2017;19:41:14;;-;-;;
2315;Trovan Unique;"0006B397F6";08.07.2017;19:41:16;;-;-;;
2316;Trovan Unique;"0006B397F6";08.07.2017;19:41:17;;-;-;;
2317;Trovan Unique;"0006B397F6";08.07.2017;19:41:18;;-;-;;
2318;Trovan Unique;"0006B397F6";08.07.2017;19:41:20;;-;-;;
2319;Trovan Unique;"0006B397F6";08.07.2017;19:41:21;;-;-;;
2320;Trovan Unique;"0006B397F6";08.07.2017;19:41:22;;-;-;;
2321;Trovan Unique;"0006B397F6";08.07.2017;19:41:23;;-;-;;
2322;Trovan Unique;"0006B397F6";08.07.2017;19:41:24;;-;-;;
2323;Trovan Unique;"0006B397F6";08.07.2017;19:41:25;;-;-;;
2324;Trovan Unique;"0006B397F6";08.07.2017;19:41:26;;-;-;;
2325;Trovan Unique;"0006B397F6";08.07.2017;19:41:27;;-;-;;
2326;Trovan Unique;"0006B397F6";08.07.2017;19:41:28;;-;-;;
2327;Trovan Unique;"0006B397F6";08.07.2017;19:41:29;;-;-;;
2328;Trovan Unique;"0006B397F6";08.07.2017;19:41:30;;-;-;;
2329;Trovan Unique;"0006B397F6";08.07.2017;19:41:31;;-;-;;
2330;Trovan Unique;"0006B397F6";08.07.2017;19:41:33;;-;-;;
2331;Trovan Unique;"0006B397F6";08.07.2017;19:41:34;;-;-;;
2332;Trovan Unique;"0006B397F6";08.07.2017;19:41:35;;-;-;;
2333;Trovan Unique;"0006B397F6";08.07.2017;19:41:36;;-;-;;
2334;Trovan Unique;"0006B397F6";08.07.2017;19:41:37;;-;-;;
2335;Trovan Unique;"0006B397F6";08.07.2017;19:41:38;;-;-;;
2336;Trovan Unique;"0006B397F6";08.07.2017;19:41:39;;-;-;;
2337;Trovan Unique;"0006B397F6";08.07.2017;19:41:40;;-;-;;
2338;Trovan Unique;"0006B397F6";08.07.2017;19:41:41;;-;-;;
2339;Trovan Unique;"0006B397F6";08.07.2017;19:41:42;;-;-;;
2340;Trovan Unique;"0006B397F6";08.07.2017;19:41:43;;-;-;;
2341;Trovan Unique;"0006B397F6";08.07.2017;19:41:44;;-;-;;
2342;Trovan Unique;"0006B397F6";08.07.2017;19:41:45;;-;-;;
2343;Trovan Unique;"0006B397F6";08.07.2017;19:41:46;;-;-;;
2344;Trovan Unique;"0006B397F6";08.07.2017;19:41:47;;-;-;;
2345;Trovan Unique;"0006B397F6";08.07.2017;19:41:48;;-;-;;
2346;Trovan Unique;"0006B397F6";08.07.2017;19:41:49;;-;-;;
2347;Trovan Unique;"0006B397F6";08.07.2017;19:41:50;;-;-;;
2348;Trovan Unique;"0006B397F6";08.07.2017;19:41:51;;-;-;;
2349;Trovan Unique;"0006B397F6";08.07.2017;19:41:53;;-;-;;
2350;Trovan Unique;"0006B397F6";08.07.2017;19:42:00;;-;-;;
2351;Trovan Unique;"0006B397F6";08.07.2017;19:42:02;;-;-;;
2352;Trovan Unique;"0006B397F6";08.07.2017;19:42:03;;-;-;;
2353;Trovan Unique;"0006B397F6";08.07.2017;19:42:04;;-;-;;
2354;Trovan Unique;"0006B397F6";08.07.2017;19:42:05;;-;-;;
2355;Trovan Unique;"0006B397F6";08.07.2017;19:42:06;;-;-;;
2356;Trovan Unique;"0006B397F6";08.07.2017;19:42:07;;-;-;;
2357;Trovan Unique;"0006B397F6";08.07.2017;19:42:08;;-;-;;
2358;Trovan Unique;"0006B397F6";08.07.2017;19:42:11;;-;-;;
2359;Trovan Unique;"0006B397F6";08.07.2017;19:42:12;;-;-;;
2360;Trovan Unique;"0006B397F6";08.07.2017;19:42:13;;-;-;;
2361;Trovan Unique;"0006B397F6";08.07.2017;19:42:14;;-;-;;
2362;Trovan Unique;"0006B397F6";08.07.2017;19:42:15;;-;-;;
2363;Trovan Unique;"0006B397F6";08.07.2017;19:42:16;;-;-;;
2364;Trovan Unique;"0006B397F6";08.07.2017;19:42:18;;-;-;;
2365;Trovan Unique;"0006B397F6";08.07.2017;19:42:19;;-;-;;
2366;Trovan Unique;"0006B397F6";08.07.2017;19:42:20;;-;-;;
2367;Trovan Unique;"0006B397F6";08.07.2017;19:42:22;;-;-;;
2368;Trovan Unique;"0006B397F6";08.07.2017;19:42:24;;-;-;;
2369;Trovan Unique;"0006B397F6";08.07.2017;19:42:25;;-;-;;
2370;Trovan Unique;"0006B397F6";08.07.2017;19:42:26;;-;-;;
2371;Trovan Unique;"0006B397F6";08.07.2017;19:42:27;;-;-;;
2372;Trovan Unique;"0006B397F6";08.07.2017;19:42:28;;-;-;;
2373;Trovan Unique;"0006B397F6";08.07.2017;19:42:31;;-;-;;
2374;Trovan Unique;"0006B397F6";08.07.2017;19:42:32;;-;-;;
2375;Trovan Unique;"0006B397F6";08.07.2017;19:42:33;;-;-;;
2376;Trovan Unique;"0006B397F6";08.07.2017;19:42:36;;-;-;;
2377;Trovan Unique;"0006B397F6";08.07.2017;19:42:37;;-;-;;
2378;Trovan Unique;"0006B397F6";08.07.2017;19:42:38;;-;-;;
2379;Trovan Unique;"0006B397F6";08.07.2017;19:42:39;;-;-;;
2380;Trovan Unique;"0006B397F6";08.07.2017;19:42:40;;-;-;;
2381;Trovan Unique;"0006B397F6";08.07.2017;19:42:45;;-;-;;
2382;Trovan Unique;"0006B397F6";08.07.2017;19:42:46;;-;-;;
2383;Trovan Unique;"0006B397F6";08.07.2017;19:42:47;;-;-;;
2384;Trovan Unique;"0006B397F6";08.07.2017;19:42:48;;-;-;;
2385;Trovan Unique;"0006B397F6";08.07.2017;19:42:49;;-;-;;
2386;Trovan Unique;"0006B397F6";08.07.2017;19:42:53;;-;-;;
2387;Trovan Unique;"0006B397F6";08.07.2017;19:42:54;;-;-;;
2388;Trovan Unique;"0006B397F6";08.07.2017;19:42:55;;-;-;;
2389;Trovan Unique;"0006B397F6";08.07.2017;19:42:58;;-;-;;
2390;Trovan Unique;"0006B397F6";08.07.2017;19:43:09;;-;-;;
2391;Trovan Unique;"0006B397F6";08.07.2017;19:43:12;;-;-;;
2392;Trovan Unique;"0006B397F6";08.07.2017;19:43:20;;-;-;;
2393;Trovan Unique;"0006B397F6";08.07.2017;19:43:22;;-;-;;
2394;Trovan Unique;"0006B397F6";08.07.2017;19:43:24;;-;-;;
2395;Trovan Unique;"0006B397F6";08.07.2017;19:43:26;;-;-;;
2396;Trovan Unique;"0006B397F6";08.07.2017;19:43:28;;-;-;;
2397;Trovan Unique;"0006B397F6";08.07.2017;19:43:30;;-;-;;
2398;Trovan Unique;"0006B397F6";08.07.2017;19:43:35;;-;-;;
2399;Trovan Unique;"0006B397F6";08.07.2017;19:43:37;;-;-;;
2400;Trovan Unique;"0006B397F6";08.07.2017;19:43:39;;-;-;;
2401;Trovan Unique;"0006B397F6";08.07.2017;19:43:41;;-;-;;
2402;Trovan Unique;"0006B397F6";08.07.2017;19:43:56;;-;-;;
2403;Trovan Unique;"0006B397F6";08.07.2017;19:44:08;;-;-;;
2404;Trovan Unique;"0006B397F6";08.07.2017;19:44:18;;-;-;;
2405;Trovan Unique;"0006B397F6";08.07.2017;19:44:22;;-;-;;
2406;Trovan Unique;"0006B397F6";08.07.2017;19:44:33;;-;-;;
2407;Trovan Unique;"0006B397F6";08.07.2017;19:44:40;;-;-;;
2408;Trovan Unique;"0006B397F6";08.07.2017;19:44:42;;-;-;;
2409;Trovan Unique;"0006B397F6";08.07.2017;19:44:44;;-;-;;
2410;Trovan Unique;"0006B397F6";08.07.2017;19:44:45;;-;-;;
2411;Trovan Unique;"0006B397F6";08.07.2017;19:44:46;;-;-;;
2412;Trovan Unique;"0006B397F6";08.07.2017;19:44:47;;-;-;;
2413;Trovan Unique;"0006B397F6";08.07.2017;19:44:48;;-;-;;
2414;Trovan Unique;"0006B397F6";08.07.2017;19:44:51;;-;-;;
2415;Trovan Unique;"0006B397F6";08.07.2017;19:44:52;;-;-;;
2416;Trovan Unique;"0006B397F6";08.07.2017;19:56:54;;-;-;;
2417;Trovan Unique;"0006B397F6";08.07.2017;19:57:51;;-;-;;
2418;Trovan Unique;"0006B397F6";08.07.2017;19:57:53;;-;-;;
2419;Trovan Unique;"0006B397F6";08.07.2017;19:57:55;;-;-;;
2420;Trovan Unique;"0006B397F6";08.07.2017;19:57:57;;-;-;;
2421;Trovan Unique;"0006B397F6";08.07.2017;19:57:58;;-;-;;
2422;Trovan Unique;"0006B397F6";08.07.2017;19:58:00;;-;-;;
2423;Trovan Unique;"0006B397F6";08.07.2017;19:58:01;;-;-;;
2424;Trovan Unique;"0006B397F6";08.07.2017;19:58:02;;-;-;;
2425;Trovan Unique;"0006B397F6";08.07.2017;19:58:03;;-;-;;
2426;Trovan Unique;"0006B397F6";08.07.2017;19:58:05;;-;-;;
2427;Trovan Unique;"0006B397F6";08.07.2017;19:58:06;;-;-;;
2428;Trovan Unique;"0006B397F6";08.07.2017;19:58:07;;-;-;;
2429;Trovan Unique;"0006B397F6";08.07.2017;19:58:08;;-;-;;
2430;Trovan Unique;"0006B397F6";08.07.2017;19:58:09;;-;-;;
2431;Trovan Unique;"0006B397F6";08.07.2017;19:58:10;;-;-;;
2432;Trovan Unique;"0006B397F6";08.07.2017;19:58:11;;-;-;;
2433;Trovan Unique;"0006B397F6";08.07.2017;19:58:12;;-;-;;
2434;Trovan Unique;"0006B397F6";08.07.2017;19:58:13;;-;-;;
2435;Trovan Unique;"0006B397F6";08.07.2017;19:58:15;;-;-;;
2436;Trovan Unique;"0006B397F6";08.07.2017;19:58:16;;-;-;;
2437;Trovan Unique;"0006B397F6";08.07.2017;19:58:17;;-;-;;
2438;Trovan Unique;"0006B397F6";08.07.2017;19:58:18;;-;-;;
2439;Trovan Unique;"0006B397F6";08.07.2017;19:58:19;;-;-;;
2440;Trovan Unique;"0006B397F6";08.07.2017;19:58:20;;-;-;;
2441;Trovan Unique;"0006B397F6";08.07.2017;19:58:21;;-;-;;
2442;Trovan Unique;"0006B397F6";08.07.2017;19:58:22;;-;-;;
2443;Trovan Unique;"0006B397F6";08.07.2017;19:58:24;;-;-;;
2444;Trovan Unique;"0006B397F6";08.07.2017;19:58:25;;-;-;;
2445;Trovan Unique;"0006B397F6";08.07.2017;19:58:26;;-;-;;
2446;Trovan Unique;"0006B397F6";08.07.2017;19:58:27;;-;-;;
2447;Trovan Unique;"0006B397F6";08.07.2017;19:58:28;;-;-;;
2448;Trovan Unique;"0006B397F6";08.07.2017;19:58:29;;-;-;;
2449;Trovan Unique;"0006B397F6";08.07.2017;19:58:31;;-;-;;
2450;Trovan Unique;"0006B397F6";08.07.2017;19:58:32;;-;-;;
2451;Trovan Unique;"0006B397F6";08.07.2017;19:58:33;;-;-;;
2452;Trovan Unique;"0006B397F6";08.07.2017;19:58:35;;-;-;;
2453;Trovan Unique;"0006B397F6";08.07.2017;19:58:37;;-;-;;
2454;Trovan Unique;"0006B397F6";08.07.2017;19:58:38;;-;-;;
2455;Trovan Unique;"0006B397F6";08.07.2017;19:58:39;;-;-;;
2456;Trovan Unique;"0006B397F6";08.07.2017;19:58:40;;-;-;;
2457;Trovan Unique;"0006B397F6";08.07.2017;19:58:42;;-;-;;
2458;Trovan Unique;"0006B397F6";08.07.2017;19:58:43;;-;-;;
2459;Trovan Unique;"0006B397F6";08.07.2017;19:58:44;;-;-;;
2460;Trovan Unique;"0006B397F6";08.07.2017;19:58:45;;-;-;;
2461;Trovan Unique;"0006B397F6";08.07.2017;19:58:53;;-;-;;
2462;Trovan Unique;"0006B397F6";08.07.2017;19:58:54;;-;-;;
2463;Trovan Unique;"0006B397F6";08.07.2017;19:58:56;;-;-;;
2464;Trovan Unique;"0006B397F6";08.07.2017;19:58:57;;-;-;;
2465;Trovan Unique;"0006B397F6";08.07.2017;19:58:58;;-;-;;
2466;Trovan Unique;"0006B397F6";08.07.2017;19:58:59;;-;-;;
2467;Trovan Unique;"0006B397F6";08.07.2017;19:59:00;;-;-;;
2468;Trovan Unique;"0006B397F6";08.07.2017;19:59:02;;-;-;;
2469;Trovan Unique;"0006B397F6";08.07.2017;19:59:03;;-;-;;
2470;Trovan Unique;"0006B397F6";08.07.2017;19:59:04;;-;-;;
2471;Trovan Unique;"0006B397F6";08.07.2017;19:59:06;;-;-;;
2472;Trovan Unique;"0006B397F6";08.07.2017;19:59:08;;-;-;;
2473;Trovan Unique;"0006B397F6";08.07.2017;19:59:16;;-;-;;
2474;Trovan Unique;"0006B397F6";08.07.2017;20:01:52;;-;-;;
2475;Trovan Unique;"00075D12AA";08.07.2017;20:02:20;;-;-;;
2476;Trovan Unique;"00075D12AA";08.07.2017;20:02:21;;-;-;;
2477;Trovan Unique;"00075D12AA";08.07.2017;20:04:20;;-;-;;
2478;Trovan Unique;"00075D12AA";08.07.2017;20:04:21;;-;-;;
2479;Trovan Unique;"00075D12AA";08.07.2017;20:04:29;;-;-;;
2480;Trovan Unique;"00075D12AA";08.07.2017;20:04:33;;-;-;;
2481;Trovan Unique;"00075D12AA";08.07.2017;20:04:34;;-;-;;
2482;Trovan Unique;"00075D12AA";08.07.2017;20:04:35;;-;-;;
2483;Trovan Unique;"00075D12AA";08.07.2017;20:04:37;;-;-;;
2484;Trovan Unique;"00075D12AA";08.07.2017;20:04:39;;-;-;;
2485;Trovan Unique;"00075D12AA";08.07.2017;20:04:40;;-;-;;
2486;Trovan Unique;"00075D12AA";08.07.2017;20:04:41;;-;-;;
2487;Trovan Unique;"00075D12AA";08.07.2017;20:04:45;;-;-;;
2488;Trovan Unique;"00075D12AA";08.07.2017;20:04:47;;-;-;;
2489;Trovan Unique;"00075D12AA";08.07.2017;20:04:49;;-;-;;
2490;Trovan Unique;"00075D12AA";08.07.2017;20:04:52;;-;-;;
2491;Trovan Unique;"00075D12AA";08.07.2017;20:04:53;;-;-;;
2492;Trovan Unique;"00075D12AA";08.07.2017;20:04:54;;-;-;;
2493;Trovan Unique;"00075D12AA";08.07.2017;20:04:55;;-;-;;
2494;Trovan Unique;"00075D12AA";08.07.2017;20:04:59;;-;-;;
2495;Trovan Unique;"00075D12AA";08.07.2017;20:05:01;;-;-;;
2496;Trovan Unique;"00075D12AA";08.07.2017;20:05:04;;-;-;;
2497;Trovan Unique;"00075D12AA";08.07.2017;20:05:17;;-;-;;
2498;Trovan Unique;"00075D12AA";08.07.2017;20:05:18;;-;-;;
2499;Trovan Unique;"00075D12AA";08.07.2017;20:05:20;;-;-;;
2500;Trovan Unique;"00075D12AA";08.07.2017;20:05:29;;-;-;;
2501;Trovan Unique;"00075D12AA";08.07.2017;20:05:30;;-;-;;
2502;Trovan Unique;"00075D12AA";08.07.2017;20:05:32;;-;-;;
2503;Trovan Unique;"00075D12AA";08.07.2017;20:05:33;;-;-;;
2504;Trovan Unique;"00075D12AA";08.07.2017;20:05:34;;-;-;;
2505;Trovan Unique;"00075D12AA";08.07.2017;20:05:35;;-;-;;
2506;Trovan Unique;"00075D12AA";08.07.2017;20:05:45;;-;-;;
2507;Trovan Unique;"00075D12AA";08.07.2017;20:05:46;;-;-;;
2508;Trovan Unique;"00075D12AA";08.07.2017;20:05:51;;-;-;;
2509;Trovan Unique;"00075D12AA";08.07.2017;20:05:52;;-;-;;
2510;Trovan Unique;"00075D12AA";08.07.2017;20:05:55;;-;-;;
2511;Trovan Unique;"00075D12AA";08.07.2017;20:05:59;;-;-;;
2512;Trovan Unique;"00075D12AA";08.07.2017;20:06:00;;-;-;;
2513;Trovan Unique;"00075D12AA";08.07.2017;20:06:01;;-;-;;
2514;Trovan Unique;"00075D12AA";08.07.2017;20:06:02;;-;-;;
2515;Trovan Unique;"00075D12AA";08.07.2017;20:06:03;;-;-;;
2516;Trovan Unique;"00075D12AA";08.07.2017;20:06:05;;-;-;;
2517;Trovan Unique;"00075D12AA";08.07.2017;20:06:07;;-;-;;
2518;Trovan Unique;"00075D12AA";08.07.2017;20:06:08;;-;-;;
2519;Trovan Unique;"00075D12AA";08.07.2017;20:06:13;;-;-;;
2520;Trovan Unique;"0006B397F6";08.07.2017;20:06:42;;-;-;;
2521;Trovan Unique;"0006B397F6";08.07.2017;20:06:43;;-;-;;
2522;Trovan Unique;"0006B397F6";08.07.2017;20:07:15;;-;-;;
2523;Trovan Unique;"0006B397F6";08.07.2017;20:07:31;;-;-;;
2524;Trovan Unique;"0006B397F6";08.07.2017;20:07:45;;-;-;;
2525;Trovan Unique;"0006B397F6";08.07.2017;20:07:46;;-;-;;
2526;Trovan Unique;"0006B397F6";08.07.2017;20:07:47;;-;-;;
2527;Trovan Unique;"0006B397F6";08.07.2017;20:07:48;;-;-;;
2528;Trovan Unique;"0006B397F6";08.07.2017;20:07:50;;-;-;;
2529;Trovan Unique;"0006B397F6";08.07.2017;20:07:51;;-;-;;
2530;Trovan Unique;"0006B397F6";08.07.2017;20:07:52;;-;-;;
2531;Trovan Unique;"0006B397F6";08.07.2017;20:07:53;;-;-;;
2532;Trovan Unique;"0006B397F6";08.07.2017;20:07:54;;-;-;;
2533;Trovan Unique;"0006B397F6";08.07.2017;20:07:55;;-;-;;
2534;Trovan Unique;"0006B397F6";08.07.2017;20:07:56;;-;-;;
2535;Trovan Unique;"0006B397F6";08.07.2017;20:07:57;;-;-;;
2536;Trovan Unique;"0006B397F6";08.07.2017;20:07:59;;-;-;;
2537;Trovan Unique;"0006B397F6";08.07.2017;20:08:00;;-;-;;
2538;Trovan Unique;"0006B397F6";08.07.2017;20:08:01;;-;-;;
2539;Trovan Unique;"0006B397F6";08.07.2017;20:08:02;;-;-;;
2540;Trovan Unique;"0006B397F6";08.07.2017;20:08:03;;-;-;;
2541;Trovan Unique;"0006B397F6";08.07.2017;20:08:04;;-;-;;
2542;Trovan Unique;"0006B397F6";08.07.2017;20:08:05;;-;-;;
2543;Trovan Unique;"0006B397F6";08.07.2017;20:08:06;;-;-;;
2544;Trovan Unique;"0006B397F6";08.07.2017;20:08:07;;-;-;;
2545;Trovan Unique;"0006B397F6";08.07.2017;20:08:08;;-;-;;
2546;Trovan Unique;"0006B397F6";08.07.2017;20:08:10;;-;-;;
2547;Trovan Unique;"0006B397F6";08.07.2017;20:08:11;;-;-;;
2548;Trovan Unique;"0006B397F6";08.07.2017;20:08:12;;-;-;;
2549;Trovan Unique;"0006B397F6";08.07.2017;20:08:13;;-;-;;
2550;Trovan Unique;"0006B397F6";08.07.2017;20:08:14;;-;-;;
2551;Trovan Unique;"0006B397F6";08.07.2017;20:08:16;;-;-;;
2552;Trovan Unique;"0006B397F6";08.07.2017;20:08:17;;-;-;;
2553;Trovan Unique;"0006B397F6";08.07.2017;20:08:18;;-;-;;
2554;Trovan Unique;"0006B397F6";08.07.2017;20:08:19;;-;-;;
2555;Trovan Unique;"0006B397F6";08.07.2017;20:08:20;;-;-;;
2556;Trovan Unique;"0006B397F6";08.07.2017;20:08:21;;-;-;;
2557;Trovan Unique;"0006B397F6";08.07.2017;20:08:22;;-;-;;
2558;Trovan Unique;"0006B397F6";08.07.2017;20:08:23;;-;-;;
2559;Trovan Unique;"0006B397F6";08.07.2017;20:08:24;;-;-;;
2560;Trovan Unique;"0006B397F6";08.07.2017;20:08:25;;-;-;;
2561;Trovan Unique;"0006B397F6";08.07.2017;20:08:27;;-;-;;
2562;Trovan Unique;"0006B397F6";08.07.2017;20:08:28;;-;-;;
2563;Trovan Unique;"0006B397F6";08.07.2017;20:08:29;;-;-;;
2564;Trovan Unique;"0006B397F6";08.07.2017;20:08:30;;-;-;;
2565;Trovan Unique;"0006B397F6";08.07.2017;20:08:31;;-;-;;
2566;Trovan Unique;"0006B397F6";08.07.2017;20:08:32;;-;-;;
2567;Trovan Unique;"0006B397F6";08.07.2017;20:08:33;;-;-;;
2568;Trovan Unique;"0006B397F6";08.07.2017;20:08:35;;-;-;;
2569;Trovan Unique;"0006B397F6";08.07.2017;20:08:36;;-;-;;
2570;Trovan Unique;"0006B397F6";08.07.2017;20:08:37;;-;-;;
2571;Trovan Unique;"0006B397F6";08.07.2017;20:08:39;;-;-;;
2572;Trovan Unique;"0006B397F6";08.07.2017;20:08:40;;-;-;;
2573;Trovan Unique;"0006B397F6";08.07.2017;20:08:41;;-;-;;
2574;Trovan Unique;"0006B397F6";08.07.2017;20:08:42;;-;-;;
2575;Trovan Unique;"0006B397F6";08.07.2017;20:08:44;;-;-;;
2576;Trovan Unique;"0006B397F6";08.07.2017;20:08:45;;-;-;;
2577;Trovan Unique;"0006B397F6";08.07.2017;20:08:46;;-;-;;
2578;Trovan Unique;"0006B397F6";08.07.2017;20:08:47;;-;-;;
2579;Trovan Unique;"0006B397F6";08.07.2017;20:08:48;;-;-;;
2580;Trovan Unique;"0006B397F6";08.07.2017;20:08:49;;-;-;;
2581;Trovan Unique;"0006B397F6";08.07.2017;20:08:50;;-;-;;
2582;Trovan Unique;"0006B397F6";08.07.2017;20:08:51;;-;-;;
2583;Trovan Unique;"0006B397F6";08.07.2017;20:08:52;;-;-;;
2584;Trovan Unique;"0006B397F6";08.07.2017;20:08:53;;-;-;;
2585;Trovan Unique;"0006B397F6";08.07.2017;20:08:55;;-;-;;
2586;Trovan Unique;"0006B397F6";08.07.2017;20:08:56;;-;-;;
2587;Trovan Unique;"0006B397F6";08.07.2017;20:08:57;;-;-;;
2588;Trovan Unique;"0006B397F6";08.07.2017;20:08:58;;-;-;;
2589;Trovan Unique;"0006B397F6";08.07.2017;20:08:59;;-;-;;
2590;Trovan Unique;"0006B397F6";08.07.2017;20:09:00;;-;-;;
2591;Trovan Unique;"0006B397F6";08.07.2017;20:09:01;;-;-;;
2592;Trovan Unique;"0006B397F6";08.07.2017;20:09:02;;-;-;;
2593;Trovan Unique;"0006B397F6";08.07.2017;20:09:03;;-;-;;
2594;Trovan Unique;"0006B397F6";08.07.2017;20:09:05;;-;-;;
2595;Trovan Unique;"0006B397F6";08.07.2017;20:09:06;;-;-;;
2596;Trovan Unique;"0006B397F6";08.07.2017;20:09:07;;-;-;;
2597;Trovan Unique;"0006B397F6";08.07.2017;20:09:08;;-;-;;
2598;Trovan Unique;"0006B397F6";08.07.2017;20:09:09;;-;-;;
2599;Trovan Unique;"0006B397F6";08.07.2017;20:09:10;;-;-;;
2600;Trovan Unique;"0006B397F6";08.07.2017;20:09:11;;-;-;;
2601;Trovan Unique;"0006B397F6";08.07.2017;20:09:13;;-;-;;
2602;Trovan Unique;"0006B397F6";08.07.2017;20:09:14;;-;-;;
2603;Trovan Unique;"0006B397F6";08.07.2017;20:09:15;;-;-;;
2604;Trovan Unique;"0006B397F6";08.07.2017;20:09:16;;-;-;;
2605;Trovan Unique;"0006B397F6";08.07.2017;20:09:17;;-;-;;
2606;Trovan Unique;"0006B397F6";08.07.2017;20:09:18;;-;-;;
2607;Trovan Unique;"0006B397F6";08.07.2017;20:09:19;;-;-;;
2608;Trovan Unique;"0006B397F6";08.07.2017;20:09:20;;-;-;;
2609;Trovan Unique;"0006B397F6";08.07.2017;20:09:22;;-;-;;
2610;Trovan Unique;"0006B397F6";08.07.2017;20:09:23;;-;-;;
2611;Trovan Unique;"0006B397F6";08.07.2017;20:09:24;;-;-;;
2612;Trovan Unique;"0006B397F6";08.07.2017;20:09:25;;-;-;;
2613;Trovan Unique;"0006B397F6";08.07.2017;20:09:26;;-;-;;
2614;Trovan Unique;"0006B397F6";08.07.2017;20:09:27;;-;-;;
2615;Trovan Unique;"0006B397F6";08.07.2017;20:09:28;;-;-;;
2616;Trovan Unique;"0006B397F6";08.07.2017;20:09:29;;-;-;;
2617;Trovan Unique;"0006B397F6";08.07.2017;20:09:30;;-;-;;
2618;Trovan Unique;"0006B397F6";08.07.2017;20:09:32;;-;-;;
2619;Trovan Unique;"0006B397F6";08.07.2017;20:09:33;;-;-;;
2620;Trovan Unique;"0006B397F6";08.07.2017;20:09:34;;-;-;;
2621;Trovan Unique;"0006B397F6";08.07.2017;20:09:35;;-;-;;
2622;Trovan Unique;"0006B397F6";08.07.2017;20:09:36;;-;-;;
2623;Trovan Unique;"0006B397F6";08.07.2017;20:09:37;;-;-;;
2624;Trovan Unique;"0006B397F6";08.07.2017;20:09:38;;-;-;;
2625;Trovan Unique;"0006B397F6";08.07.2017;20:09:39;;-;-;;
2626;Trovan Unique;"0006B397F6";08.07.2017;20:09:40;;-;-;;
2627;Trovan Unique;"0006B397F6";08.07.2017;20:09:41;;-;-;;
2628;Trovan Unique;"0006B397F6";08.07.2017;20:09:43;;-;-;;
2629;Trovan Unique;"0006B397F6";08.07.2017;20:09:44;;-;-;;
2630;Trovan Unique;"0006B397F6";08.07.2017;20:09:45;;-;-;;
2631;Trovan Unique;"0006B397F6";08.07.2017;20:09:46;;-;-;;
2632;Trovan Unique;"0006B397F6";08.07.2017;20:09:47;;-;-;;
2633;Trovan Unique;"0006B397F6";08.07.2017;20:09:49;;-;-;;
2634;Trovan Unique;"0006B397F6";08.07.2017;20:09:50;;-;-;;
2635;Trovan Unique;"0006B397F6";08.07.2017;20:09:51;;-;-;;
2636;Trovan Unique;"0006B397F6";08.07.2017;20:09:52;;-;-;;
2637;Trovan Unique;"0006B397F6";08.07.2017;20:09:53;;-;-;;
2638;Trovan Unique;"0006B397F6";08.07.2017;20:09:54;;-;-;;
2639;Trovan Unique;"0006B397F6";08.07.2017;20:09:55;;-;-;;
2640;Trovan Unique;"0006B397F6";08.07.2017;20:09:56;;-;-;;
2641;Trovan Unique;"0006B397F6";08.07.2017;20:09:58;;-;-;;
2642;Trovan Unique;"0006B397F6";08.07.2017;20:09:59;;-;-;;
2643;Trovan Unique;"0006B397F6";08.07.2017;20:10:00;;-;-;;
2644;Trovan Unique;"0006B397F6";08.07.2017;20:10:01;;-;-;;
2645;Trovan Unique;"0006B397F6";08.07.2017;20:10:02;;-;-;;
2646;Trovan Unique;"0006B397F6";08.07.2017;20:10:03;;-;-;;
2647;Trovan Unique;"0006B397F6";08.07.2017;20:10:04;;-;-;;
2648;Trovan Unique;"0006B397F6";08.07.2017;20:10:05;;-;-;;
2649;Trovan Unique;"0006B397F6";08.07.2017;20:10:07;;-;-;;
2650;Trovan Unique;"0006B397F6";08.07.2017;20:10:08;;-;-;;
2651;Trovan Unique;"0006B397F6";08.07.2017;20:10:09;;-;-;;
2652;Trovan Unique;"0006B397F6";08.07.2017;20:10:10;;-;-;;
2653;Trovan Unique;"0006B397F6";08.07.2017;20:10:11;;-;-;;
2654;Trovan Unique;"0006B397F6";08.07.2017;20:10:12;;-;-;;
2655;Trovan Unique;"0006B397F6";08.07.2017;20:10:13;;-;-;;
2656;Trovan Unique;"0006B397F6";08.07.2017;20:10:14;;-;-;;
2657;Trovan Unique;"0006B397F6";08.07.2017;20:10:15;;-;-;;
2658;Trovan Unique;"0006B397F6";08.07.2017;20:10:16;;-;-;;
2659;Trovan Unique;"0006B397F6";08.07.2017;20:10:19;;-;-;;
2660;Trovan Unique;"0006B397F6";08.07.2017;20:10:24;;-;-;;
2661;Trovan Unique;"0006B397F6";08.07.2017;20:10:25;;-;-;;
2662;Trovan Unique;"0006B397F6";08.07.2017;20:10:26;;-;-;;
2663;Trovan Unique;"0006B397F6";08.07.2017;20:10:27;;-;-;;
2664;Trovan Unique;"0006B397F6";08.07.2017;20:10:28;;-;-;;
2665;Trovan Unique;"0006B397F6";08.07.2017;20:10:29;;-;-;;
2666;Trovan Unique;"0006B397F6";08.07.2017;20:10:30;;-;-;;
2667;Trovan Unique;"0006B397F6";08.07.2017;20:10:31;;-;-;;
2668;Trovan Unique;"0006B397F6";08.07.2017;20:10:33;;-;-;;
2669;Trovan Unique;"0006B397F6";08.07.2017;20:10:34;;-;-;;
2670;Trovan Unique;"0006B397F6";08.07.2017;20:10:36;;-;-;;
2671;Trovan Unique;"0006B397F6";08.07.2017;20:10:39;;-;-;;
2672;Trovan Unique;"0006B397F6";08.07.2017;20:10:40;;-;-;;
2673;Trovan Unique;"0006B397F6";08.07.2017;20:10:43;;-;-;;
2674;Trovan Unique;"0006B397F6";08.07.2017;20:10:44;;-;-;;
2675;Trovan Unique;"00075D12AA";08.07.2017;20:15:59;;-;-;;
2676;Trovan Unique;"00075D12AA";08.07.2017;20:16:00;;-;-;;
2677;Trovan Unique;"00075D12AA";08.07.2017;20:17:23;;-;-;;
2678;Trovan Unique;"00075D12AA";08.07.2017;20:17:49;;-;-;;
2679;Trovan Unique;"00075D12AA";08.07.2017;20:17:50;;-;-;;
2680;Trovan Unique;"00075D12AA";08.07.2017;20:17:51;;-;-;;
2681;Trovan Unique;"00075D12AA";08.07.2017;20:17:52;;-;-;;
2682;Trovan Unique;"00075D12AA";08.07.2017;20:18:05;;-;-;;
2683;Trovan Unique;"00075D12AA";08.07.2017;20:18:06;;-;-;;
2684;Trovan Unique;"00075D12AA";08.07.2017;20:18:07;;-;-;;
2685;Trovan Unique;"00075D12AA";08.07.2017;20:18:21;;-;-;;
2686;Trovan Unique;"0006B397F6";08.07.2017;20:18:24;;-;-;;
2687;Trovan Unique;"0006B397F6";08.07.2017;20:18:41;;-;-;;
2688;Trovan Unique;"0006B397F6";08.07.2017;20:18:43;;-;-;;
2689;Trovan Unique;"0006B397F6";08.07.2017;20:18:47;;-;-;;
2690;Trovan Unique;"0006B397F6";08.07.2017;20:18:55;;-;-;;
2691;Trovan Unique;"0006B397F6";08.07.2017;20:19:02;;-;-;;
2692;Trovan Unique;"0006B397F6";08.07.2017;20:19:26;;-;-;;
2693;Trovan Unique;"0006B397F6";08.07.2017;20:19:29;;-;-;;
2694;Trovan Unique;"0006B397F6";08.07.2017;20:19:30;;-;-;;
2695;Trovan Unique;"0006B397F6";08.07.2017;20:19:31;;-;-;;
2696;Trovan Unique;"0006B397F6";08.07.2017;20:19:32;;-;-;;
2697;Trovan Unique;"0006B397F6";08.07.2017;20:19:33;;-;-;;
2698;Trovan Unique;"0006B397F6";08.07.2017;20:19:35;;-;-;;
2699;Trovan Unique;"0006B397F6";08.07.2017;20:19:36;;-;-;;
2700;Trovan Unique;"0006B397F6";08.07.2017;20:19:39;;-;-;;
2701;Trovan Unique;"0006B397F6";08.07.2017;20:19:40;;-;-;;
2702;Trovan Unique;"0006B397F6";08.07.2017;20:19:42;;-;-;;
2703;Trovan Unique;"0006B397F6";08.07.2017;20:19:43;;-;-;;
2704;Trovan Unique;"0006B397F6";08.07.2017;20:19:45;;-;-;;
2705;Trovan Unique;"0006B397F6";08.07.2017;20:19:46;;-;-;;
2706;Trovan Unique;"0006B397F6";08.07.2017;20:19:47;;-;-;;
2707;Trovan Unique;"0006B397F6";08.07.2017;20:19:48;;-;-;;
2708;Trovan Unique;"0006B397F6";08.07.2017;20:19:49;;-;-;;
2709;Trovan Unique;"0006B397F6";08.07.2017;20:19:50;;-;-;;
2710;Trovan Unique;"0006B397F6";08.07.2017;20:19:51;;-;-;;
2711;Trovan Unique;"0006B397F6";08.07.2017;20:19:53;;-;-;;
2712;Trovan Unique;"0006B397F6";08.07.2017;20:19:54;;-;-;;
2713;Trovan Unique;"0006B397F6";08.07.2017;20:19:55;;-;-;;
2714;Trovan Unique;"0006B397F6";08.07.2017;20:19:56;;-;-;;
2715;Trovan Unique;"0006B397F6";08.07.2017;20:19:57;;-;-;;
2716;Trovan Unique;"0006B397F6";08.07.2017;20:19:58;;-;-;;
2717;Trovan Unique;"0006B397F6";08.07.2017;20:19:59;;-;-;;
2718;Trovan Unique;"0006B397F6";08.07.2017;20:20:00;;-;-;;
2719;Trovan Unique;"0006B397F6";08.07.2017;20:20:02;;-;-;;
2720;Trovan Unique;"0006B397F6";08.07.2017;20:20:03;;-;-;;
2721;Trovan Unique;"0006B397F6";08.07.2017;20:20:04;;-;-;;
2722;Trovan Unique;"0006B397F6";08.07.2017;20:20:05;;-;-;;
2723;Trovan Unique;"0006B397F6";08.07.2017;20:20:06;;-;-;;
2724;Trovan Unique;"0006B397F6";08.07.2017;20:20:07;;-;-;;
2725;Trovan Unique;"0006B397F6";08.07.2017;20:20:09;;-;-;;
2726;Trovan Unique;"0006B397F6";08.07.2017;20:20:10;;-;-;;
2727;Trovan Unique;"0006B397F6";08.07.2017;20:20:11;;-;-;;
2728;Trovan Unique;"0006B397F6";08.07.2017;20:20:12;;-;-;;
2729;Trovan Unique;"0006B397F6";08.07.2017;20:20:13;;-;-;;
2730;Trovan Unique;"0006B397F6";08.07.2017;20:20:14;;-;-;;
2731;Trovan Unique;"0006B397F6";08.07.2017;20:20:15;;-;-;;
2732;Trovan Unique;"0006B397F6";08.07.2017;20:20:16;;-;-;;
2733;Trovan Unique;"0006B397F6";08.07.2017;20:20:17;;-;-;;
2734;Trovan Unique;"0006B397F6";08.07.2017;20:20:19;;-;-;;
2735;Trovan Unique;"0006B397F6";08.07.2017;20:20:20;;-;-;;
2736;Trovan Unique;"0006B397F6";08.07.2017;20:20:21;;-;-;;
2737;Trovan Unique;"0006B397F6";08.07.2017;20:20:22;;-;-;;
2738;Trovan Unique;"0006B397F6";08.07.2017;20:20:23;;-;-;;
2739;Trovan Unique;"0006B397F6";08.07.2017;20:20:24;;-;-;;
2740;Trovan Unique;"0006B397F6";08.07.2017;20:20:25;;-;-;;
2741;Trovan Unique;"0006B397F6";08.07.2017;20:20:26;;-;-;;
2742;Trovan Unique;"0006B397F6";08.07.2017;20:20:28;;-;-;;
2743;Trovan Unique;"0006B397F6";08.07.2017;20:20:29;;-;-;;
2744;Trovan Unique;"0006B397F6";08.07.2017;20:20:30;;-;-;;
2745;Trovan Unique;"0006B397F6";08.07.2017;20:20:31;;-;-;;
2746;Trovan Unique;"0006B397F6";08.07.2017;20:20:32;;-;-;;
2747;Trovan Unique;"0006B397F6";08.07.2017;20:20:33;;-;-;;
2748;Trovan Unique;"0006B397F6";08.07.2017;20:20:34;;-;-;;
2749;Trovan Unique;"0006B397F6";08.07.2017;20:20:35;;-;-;;
2750;Trovan Unique;"0006B397F6";08.07.2017;20:20:36;;-;-;;
2751;Trovan Unique;"0006B397F6";08.07.2017;20:20:37;;-;-;;
2752;Trovan Unique;"0006B397F6";08.07.2017;20:20:38;;-;-;;
2753;Trovan Unique;"0006B397F6";08.07.2017;20:20:40;;-;-;;
2754;Trovan Unique;"0006B397F6";08.07.2017;20:20:41;;-;-;;
2755;Trovan Unique;"0006B397F6";08.07.2017;20:20:42;;-;-;;
2756;Trovan Unique;"0006B397F6";08.07.2017;20:20:43;;-;-;;
2757;Trovan Unique;"0006B397F6";08.07.2017;20:20:44;;-;-;;
2758;Trovan Unique;"0006B397F6";08.07.2017;20:20:45;;-;-;;
2759;Trovan Unique;"0006B397F6";08.07.2017;20:20:46;;-;-;;
2760;Trovan Unique;"0006B397F6";08.07.2017;20:20:47;;-;-;;
2761;Trovan Unique;"0006B397F6";08.07.2017;20:20:48;;-;-;;
2762;Trovan Unique;"0006B397F6";08.07.2017;20:20:49;;-;-;;
2763;Trovan Unique;"0006B397F6";08.07.2017;20:20:50;;-;-;;
2764;Trovan Unique;"0006B397F6";08.07.2017;20:20:51;;-;-;;
2765;Trovan Unique;"0006B397F6";08.07.2017;20:20:53;;-;-;;
2766;Trovan Unique;"0006B397F6";08.07.2017;20:20:54;;-;-;;
2767;Trovan Unique;"0006B397F6";08.07.2017;20:20:55;;-;-;;
2768;Trovan Unique;"0006B397F6";08.07.2017;20:20:56;;-;-;;
2769;Trovan Unique;"0006B397F6";08.07.2017;20:20:57;;-;-;;
2770;Trovan Unique;"0006B397F6";08.07.2017;20:20:58;;-;-;;
2771;Trovan Unique;"0006B397F6";08.07.2017;20:20:59;;-;-;;
2772;Trovan Unique;"0006B397F6";08.07.2017;20:21:00;;-;-;;
2773;Trovan Unique;"0006B397F6";08.07.2017;20:21:02;;-;-;;
2774;Trovan Unique;"0006B397F6";08.07.2017;20:21:03;;-;-;;
2775;Trovan Unique;"0006B397F6";08.07.2017;20:21:04;;-;-;;
2776;Trovan Unique;"0006B397F6";08.07.2017;20:21:05;;-;-;;
2777;Trovan Unique;"0006B397F6";08.07.2017;20:21:06;;-;-;;
2778;Trovan Unique;"0006B397F6";08.07.2017;20:21:07;;-;-;;
2779;Trovan Unique;"0006B397F6";08.07.2017;20:21:08;;-;-;;
2780;Trovan Unique;"0006B397F6";08.07.2017;20:21:09;;-;-;;
2781;Trovan Unique;"0006B397F6";08.07.2017;20:21:10;;-;-;;
2782;Trovan Unique;"0006B397F6";08.07.2017;20:21:11;;-;-;;
2783;Trovan Unique;"0006B397F6";08.07.2017;20:21:12;;-;-;;
2784;Trovan Unique;"0006B397F6";08.07.2017;20:21:14;;-;-;;
2785;Trovan Unique;"0006B397F6";08.07.2017;20:21:15;;-;-;;
2786;Trovan Unique;"0006B397F6";08.07.2017;20:21:16;;-;-;;
2787;Trovan Unique;"0006B397F6";08.07.2017;20:21:17;;-;-;;
2788;Trovan Unique;"0006B397F6";08.07.2017;20:21:18;;-;-;;
2789;Trovan Unique;"0006B397F6";08.07.2017;20:21:19;;-;-;;
2790;Trovan Unique;"0006B397F6";08.07.2017;20:21:20;;-;-;;
2791;Trovan Unique;"0006B397F6";08.07.2017;20:21:21;;-;-;;
2792;Trovan Unique;"0006B397F6";08.07.2017;20:21:22;;-;-;;
2793;Trovan Unique;"0006B397F6";08.07.2017;20:21:23;;-;-;;
2794;Trovan Unique;"0006B397F6";08.07.2017;20:21:25;;-;-;;
2795;Trovan Unique;"0006B397F6";08.07.2017;20:21:26;;-;-;;
2796;Trovan Unique;"0006B397F6";08.07.2017;20:21:27;;-;-;;
2797;Trovan Unique;"0006B397F6";08.07.2017;20:21:28;;-;-;;
2798;Trovan Unique;"0006B397F6";08.07.2017;20:21:29;;-;-;;
2799;Trovan Unique;"0006B397F6";08.07.2017;20:21:30;;-;-;;
2800;Trovan Unique;"0006B397F6";08.07.2017;20:21:31;;-;-;;
2801;Trovan Unique;"0006B397F6";08.07.2017;20:21:33;;-;-;;
2802;Trovan Unique;"0006B397F6";08.07.2017;20:21:34;;-;-;;
2803;Trovan Unique;"0006B397F6";08.07.2017;20:21:35;;-;-;;
2804;Trovan Unique;"0006B397F6";08.07.2017;20:21:36;;-;-;;
2805;Trovan Unique;"0006B397F6";08.07.2017;20:21:37;;-;-;;
2806;Trovan Unique;"0006B397F6";08.07.2017;20:21:38;;-;-;;
2807;Trovan Unique;"0006B397F6";08.07.2017;20:21:39;;-;-;;
2808;Trovan Unique;"0006B397F6";08.07.2017;20:21:40;;-;-;;
2809;Trovan Unique;"0006B397F6";08.07.2017;20:21:41;;-;-;;
2810;Trovan Unique;"0006B397F6";08.07.2017;20:21:42;;-;-;;
2811;Trovan Unique;"0006B397F6";08.07.2017;20:21:44;;-;-;;
2812;Trovan Unique;"0006B397F6";08.07.2017;20:21:45;;-;-;;
2813;Trovan Unique;"0006B397F6";08.07.2017;20:21:46;;-;-;;
2814;Trovan Unique;"0006B397F6";08.07.2017;20:21:47;;-;-;;
2815;Trovan Unique;"0006B397F6";08.07.2017;20:21:48;;-;-;;
2816;Trovan Unique;"0006B397F6";08.07.2017;20:21:49;;-;-;;
2817;Trovan Unique;"0006B397F6";08.07.2017;20:21:50;;-;-;;
2818;Trovan Unique;"0006B397F6";08.07.2017;20:21:53;;-;-;;
2819;Trovan Unique;"0006B397F6";08.07.2017;20:21:54;;-;-;;
2820;Trovan Unique;"0006B397F6";08.07.2017;20:21:55;;-;-;;
2821;Trovan Unique;"0006B397F6";08.07.2017;20:21:56;;-;-;;
2822;Trovan Unique;"0006B397F6";08.07.2017;20:21:58;;-;-;;
2823;Trovan Unique;"0006B397F6";08.07.2017;20:22:01;;-;-;;
2824;Trovan Unique;"0006B397F6";08.07.2017;20:22:03;;-;-;;
2825;Trovan Unique;"0006B397F6";08.07.2017;20:22:05;;-;-;;
2826;Trovan Unique;"0006B397F6";08.07.2017;20:22:06;;-;-;;
2827;Trovan Unique;"0006B397F6";08.07.2017;20:22:07;;-;-;;
2828;Trovan Unique;"0006B397F6";08.07.2017;20:22:08;;-;-;;
2829;Trovan Unique;"0006B397F6";08.07.2017;20:22:10;;-;-;;
2830;Trovan Unique;"0006B397F6";08.07.2017;20:22:11;;-;-;;
2831;Trovan Unique;"0006B397F6";08.07.2017;20:22:13;;-;-;;
2832;Trovan Unique;"0006B397F6";08.07.2017;20:22:15;;-;-;;
2833;Trovan Unique;"0006B397F6";08.07.2017;20:22:16;;-;-;;
2834;Trovan Unique;"0006B397F6";08.07.2017;20:22:17;;-;-;;
2835;Trovan Unique;"0006B397F6";08.07.2017;20:22:20;;-;-;;
2836;Trovan Unique;"0006B397F6";08.07.2017;20:22:24;;-;-;;
2837;Trovan Unique;"0006B397F6";08.07.2017;20:22:27;;-;-;;
2838;Trovan Unique;"0006B397F6";08.07.2017;20:22:28;;-;-;;
2839;Trovan Unique;"0006B397F6";08.07.2017;20:22:30;;-;-;;
2840;Trovan Unique;"0006B397F6";08.07.2017;20:22:31;;-;-;;
2841;Trovan Unique;"0006B397F6";08.07.2017;20:22:33;;-;-;;
2842;Trovan Unique;"0006B397F6";08.07.2017;20:22:35;;-;-;;
2843;Trovan Unique;"0006B397F6";08.07.2017;20:22:36;;-;-;;
2844;Trovan Unique;"0006B397F6";08.07.2017;20:22:38;;-;-;;
2845;Trovan Unique;"0006B397F6";08.07.2017;20:22:40;;-;-;;
2846;Trovan Unique;"0006B397F6";08.07.2017;20:22:41;;-;-;;
2847;Trovan Unique;"0006B397F6";08.07.2017;20:22:42;;-;-;;
2848;Trovan Unique;"0006B397F6";08.07.2017;20:22:43;;-;-;;
2849;Trovan Unique;"0006B397F6";08.07.2017;20:22:44;;-;-;;
2850;Trovan Unique;"0006B397F6";08.07.2017;20:22:45;;-;-;;
2851;Trovan Unique;"0006B397F6";08.07.2017;20:22:46;;-;-;;
2852;Trovan Unique;"0006B397F6";08.07.2017;20:22:47;;-;-;;
2853;Trovan Unique;"0006B397F6";08.07.2017;20:22:49;;-;-;;
2854;Trovan Unique;"0006B397F6";08.07.2017;20:22:50;;-;-;;
2855;Trovan Unique;"0006B397F6";08.07.2017;20:22:51;;-;-;;
2856;Trovan Unique;"0006B397F6";08.07.2017;20:22:52;;-;-;;
2857;Trovan Unique;"0006B397F6";08.07.2017;20:22:53;;-;-;;
2858;Trovan Unique;"0006B397F6";08.07.2017;20:22:54;;-;-;;
2859;Trovan Unique;"0006B397F6";08.07.2017;20:22:55;;-;-;;
2860;Trovan Unique;"0006B397F6";08.07.2017;20:22:56;;-;-;;
2861;Trovan Unique;"0006B397F6";08.07.2017;20:22:58;;-;-;;
2862;Trovan Unique;"0006B397F6";08.07.2017;20:22:59;;-;-;;
2863;Trovan Unique;"0006B397F6";08.07.2017;20:23:00;;-;-;;
2864;Trovan Unique;"0006B397F6";08.07.2017;20:23:01;;-;-;;
2865;Trovan Unique;"0006B397F6";08.07.2017;20:23:02;;-;-;;
2866;Trovan Unique;"0006B397F6";08.07.2017;20:23:03;;-;-;;
2867;Trovan Unique;"0006B397F6";08.07.2017;20:23:05;;-;-;;
2868;Trovan Unique;"0006B397F6";08.07.2017;20:23:06;;-;-;;
2869;Trovan Unique;"0006B397F6";08.07.2017;20:23:07;;-;-;;
2870;Trovan Unique;"0006B397F6";08.07.2017;20:23:08;;-;-;;
2871;Trovan Unique;"0006B397F6";08.07.2017;20:23:09;;-;-;;
2872;Trovan Unique;"0006B397F6";08.07.2017;20:23:10;;-;-;;
2873;Trovan Unique;"0006B397F6";08.07.2017;20:23:12;;-;-;;
2874;Trovan Unique;"0006B397F6";08.07.2017;20:23:13;;-;-;;
2875;Trovan Unique;"0006B397F6";08.07.2017;20:23:14;;-;-;;
2876;Trovan Unique;"0006B397F6";08.07.2017;20:23:15;;-;-;;
2877;Trovan Unique;"0006B397F6";08.07.2017;20:23:16;;-;-;;
2878;Trovan Unique;"0006B397F6";08.07.2017;20:23:17;;-;-;;
2879;Trovan Unique;"0006B397F6";08.07.2017;20:23:18;;-;-;;
2880;Trovan Unique;"0006B397F6";08.07.2017;20:23:19;;-;-;;
2881;Trovan Unique;"0006B397F6";08.07.2017;20:23:20;;-;-;;
2882;Trovan Unique;"0006B397F6";08.07.2017;20:23:21;;-;-;;
2883;Trovan Unique;"0006B397F6";08.07.2017;20:23:23;;-;-;;
2884;Trovan Unique;"0006B397F6";08.07.2017;20:23:24;;-;-;;
2885;Trovan Unique;"0006B397F6";08.07.2017;20:23:25;;-;-;;
2886;Trovan Unique;"0006B397F6";08.07.2017;20:23:26;;-;-;;
2887;Trovan Unique;"0006B397F6";08.07.2017;20:23:27;;-;-;;
2888;Trovan Unique;"0006B397F6";08.07.2017;20:23:28;;-;-;;
2889;Trovan Unique;"0006B397F6";08.07.2017;20:23:29;;-;-;;
2890;Trovan Unique;"0006B397F6";08.07.2017;20:23:30;;-;-;;
2891;Trovan Unique;"0006B397F6";08.07.2017;20:23:31;;-;-;;
2892;Trovan Unique;"0006B397F6";08.07.2017;20:23:33;;-;-;;
2893;Trovan Unique;"0006B397F6";08.07.2017;20:23:34;;-;-;;
2894;Trovan Unique;"0006B397F6";08.07.2017;20:23:35;;-;-;;
2895;Trovan Unique;"0006B397F6";08.07.2017;20:23:36;;-;-;;
2896;Trovan Unique;"0006B397F6";08.07.2017;20:23:37;;-;-;;
2897;Trovan Unique;"0006B397F6";08.07.2017;20:23:38;;-;-;;
2898;Trovan Unique;"0006B397F6";08.07.2017;20:23:39;;-;-;;
2899;Trovan Unique;"0006B397F6";08.07.2017;20:23:40;;-;-;;
2900;Trovan Unique;"0006B397F6";08.07.2017;20:23:42;;-;-;;
2901;Trovan Unique;"0006B397F6";08.07.2017;20:23:43;;-;-;;
2902;Trovan Unique;"0006B397F6";08.07.2017;20:23:44;;-;-;;
2903;Trovan Unique;"0006B397F6";08.07.2017;20:23:45;;-;-;;
2904;Trovan Unique;"0006B397F6";08.07.2017;20:23:46;;-;-;;
2905;Trovan Unique;"0006B397F6";08.07.2017;20:23:47;;-;-;;
2906;Trovan Unique;"0006B397F6";08.07.2017;20:23:48;;-;-;;
2907;Trovan Unique;"0006B397F6";08.07.2017;20:23:49;;-;-;;
2908;Trovan Unique;"0006B397F6";08.07.2017;20:23:50;;-;-;;
2909;Trovan Unique;"0006B397F6";08.07.2017;20:23:51;;-;-;;
2910;Trovan Unique;"0006B397F6";08.07.2017;20:23:52;;-;-;;
2911;Trovan Unique;"0006B397F6";08.07.2017;20:23:53;;-;-;;
2912;Trovan Unique;"0006B397F6";08.07.2017;20:23:54;;-;-;;
2913;Trovan Unique;"0006B397F6";08.07.2017;20:23:56;;-;-;;
2914;Trovan Unique;"0006B397F6";08.07.2017;20:23:57;;-;-;;
2915;Trovan Unique;"0006B397F6";08.07.2017;20:23:58;;-;-;;
2916;Trovan Unique;"0006B397F6";08.07.2017;20:23:59;;-;-;;
2917;Trovan Unique;"0006B397F6";08.07.2017;20:24:00;;-;-;;
2918;Trovan Unique;"0006B397F6";08.07.2017;20:24:01;;-;-;;
2919;Trovan Unique;"0006B397F6";08.07.2017;20:24:02;;-;-;;
2920;Trovan Unique;"0006B397F6";08.07.2017;20:24:04;;-;-;;
2921;Trovan Unique;"0006B397F6";08.07.2017;20:24:05;;-;-;;
2922;Trovan Unique;"0006B397F6";08.07.2017;20:24:06;;-;-;;
2923;Trovan Unique;"0006B397F6";08.07.2017;20:24:07;;-;-;;
2924;Trovan Unique;"0006B397F6";08.07.2017;20:24:09;;-;-;;
2925;Trovan Unique;"0006B397F6";08.07.2017;20:24:11;;-;-;;
2926;Trovan Unique;"0006B397F6";08.07.2017;20:24:13;;-;-;;
2927;Trovan Unique;"0006B397F6";08.07.2017;20:24:15;;-;-;;
2928;Trovan Unique;"0006B397F6";08.07.2017;20:24:16;;-;-;;
2929;Trovan Unique;"0006B397F6";08.07.2017;20:24:18;;-;-;;
2930;Trovan Unique;"0006B397F6";08.07.2017;20:24:19;;-;-;;
2931;Trovan Unique;"0006B397F6";08.07.2017;20:24:20;;-;-;;
2932;Trovan Unique;"0006B397F6";08.07.2017;20:24:21;;-;-;;
2933;Trovan Unique;"0006B397F6";08.07.2017;20:24:22;;-;-;;
2934;Trovan Unique;"0006B397F6";08.07.2017;20:24:23;;-;-;;
2935;Trovan Unique;"0006B397F6";08.07.2017;20:24:24;;-;-;;
2936;Trovan Unique;"0006B397F6";08.07.2017;20:24:26;;-;-;;
2937;Trovan Unique;"0006B397F6";08.07.2017;20:24:27;;-;-;;
2938;Trovan Unique;"0006B397F6";08.07.2017;20:24:28;;-;-;;
2939;Trovan Unique;"0006B397F6";08.07.2017;20:24:29;;-;-;;
2940;Trovan Unique;"0006B397F6";08.07.2017;20:24:30;;-;-;;
2941;Trovan Unique;"0006B397F6";08.07.2017;20:24:32;;-;-;;
2942;Trovan Unique;"0006B397F6";08.07.2017;20:24:33;;-;-;;
2943;Trovan Unique;"0006B397F6";08.07.2017;20:24:34;;-;-;;
2944;Trovan Unique;"0006B397F6";08.07.2017;20:24:35;;-;-;;
2945;Trovan Unique;"0006B397F6";08.07.2017;20:24:36;;-;-;;
2946;Trovan Unique;"0006B397F6";08.07.2017;20:24:37;;-;-;;
2947;Trovan Unique;"0006B397F6";08.07.2017;20:24:38;;-;-;;
2948;Trovan Unique;"0006B397F6";08.07.2017;20:24:39;;-;-;;
2949;Trovan Unique;"0006B397F6";08.07.2017;20:24:41;;-;-;;
2950;Trovan Unique;"0006B397F6";08.07.2017;20:24:42;;-;-;;
2951;Trovan Unique;"0006B397F6";08.07.2017;20:24:43;;-;-;;
2952;Trovan Unique;"0006B397F6";08.07.2017;20:24:44;;-;-;;
2953;Trovan Unique;"0006B397F6";08.07.2017;20:24:45;;-;-;;
2954;Trovan Unique;"0006B397F6";08.07.2017;20:24:46;;-;-;;
2955;Trovan Unique;"0006B397F6";08.07.2017;20:24:48;;-;-;;
2956;Trovan Unique;"0006B397F6";08.07.2017;20:24:49;;-;-;;
2957;Trovan Unique;"0006B397F6";08.07.2017;20:24:50;;-;-;;
2958;Trovan Unique;"0006B397F6";08.07.2017;20:24:51;;-;-;;
2959;Trovan Unique;"0006B397F6";08.07.2017;20:24:52;;-;-;;
2960;Trovan Unique;"0006B397F6";08.07.2017;20:24:53;;-;-;;
2961;Trovan Unique;"0006B397F6";08.07.2017;20:24:54;;-;-;;
2962;Trovan Unique;"0006B397F6";08.07.2017;20:24:55;;-;-;;
2963;Trovan Unique;"0006B397F6";08.07.2017;20:24:56;;-;-;;
2964;Trovan Unique;"0006B397F6";08.07.2017;20:24:57;;-;-;;
2965;Trovan Unique;"0006B397F6";08.07.2017;20:24:58;;-;-;;
2966;Trovan Unique;"0006B397F6";08.07.2017;20:24:59;;-;-;;
2967;Trovan Unique;"0006B397F6";08.07.2017;20:25:00;;-;-;;
2968;Trovan Unique;"0006B397F6";08.07.2017;20:25:01;;-;-;;
2969;Trovan Unique;"0006B397F6";08.07.2017;20:25:02;;-;-;;
2970;Trovan Unique;"0006B397F6";08.07.2017;20:25:03;;-;-;;
2971;Trovan Unique;"0006B397F6";08.07.2017;20:25:04;;-;-;;
2972;Trovan Unique;"0006B397F6";08.07.2017;20:25:05;;-;-;;
2973;Trovan Unique;"0006B397F6";08.07.2017;20:25:06;;-;-;;
2974;Trovan Unique;"0006B397F6";08.07.2017;20:25:07;;-;-;;
2975;Trovan Unique;"0006B397F6";08.07.2017;20:25:08;;-;-;;
2976;Trovan Unique;"0006B397F6";08.07.2017;20:25:09;;-;-;;
2977;Trovan Unique;"0006B397F6";08.07.2017;20:25:11;;-;-;;
2978;Trovan Unique;"0006B397F6";08.07.2017;20:25:12;;-;-;;
2979;Trovan Unique;"0006B397F6";08.07.2017;20:25:13;;-;-;;
2980;Trovan Unique;"0006B397F6";08.07.2017;20:25:14;;-;-;;
2981;Trovan Unique;"0006B397F6";08.07.2017;20:25:15;;-;-;;
2982;Trovan Unique;"0006B397F6";08.07.2017;20:25:16;;-;-;;
2983;Trovan Unique;"0006B397F6";08.07.2017;20:25:17;;-;-;;
2984;Trovan Unique;"0006B397F6";08.07.2017;20:25:18;;-;-;;
2985;Trovan Unique;"0006B397F6";08.07.2017;20:25:19;;-;-;;
2986;Trovan Unique;"0006B397F6";08.07.2017;20:25:20;;-;-;;
2987;Trovan Unique;"0006B397F6";08.07.2017;20:25:21;;-;-;;
2988;Trovan Unique;"0006B397F6";08.07.2017;20:25:22;;-;-;;
2989;Trovan Unique;"0006B397F6";08.07.2017;20:25:23;;-;-;;
2990;Trovan Unique;"0006B397F6";08.07.2017;20:25:24;;-;-;;
2991;Trovan Unique;"0006B397F6";08.07.2017;20:25:25;;-;-;;
2992;Trovan Unique;"0006B397F6";08.07.2017;20:25:26;;-;-;;
2993;Trovan Unique;"0006B397F6";08.07.2017;20:25:27;;-;-;;
2994;Trovan Unique;"0006B397F6";08.07.2017;20:25:28;;-;-;;
2995;Trovan Unique;"0006B397F6";08.07.2017;20:25:29;;-;-;;
2996;Trovan Unique;"0006B397F6";08.07.2017;20:25:30;;-;-;;
2997;Trovan Unique;"0006B397F6";08.07.2017;20:25:31;;-;-;;
2998;Trovan Unique;"0006B397F6";08.07.2017;20:25:32;;-;-;;
2999;Trovan Unique;"0006B397F6";08.07.2017;20:25:33;;-;-;;
3000;Trovan Unique;"0006B397F6";08.07.2017;20:25:35;;-;-;;
3001;Trovan Unique;"0006B397F6";08.07.2017;20:25:36;;-;-;;
3002;Trovan Unique;"0006B397F6";08.07.2017;20:25:37;;-;-;;
3003;Trovan Unique;"0006B397F6";08.07.2017;20:25:38;;-;-;;
3004;Trovan Unique;"0006B397F6";08.07.2017;20:25:39;;-;-;;
3005;Trovan Unique;"0006B397F6";08.07.2017;20:25:40;;-;-;;
3006;Trovan Unique;"0006B397F6";08.07.2017;20:25:41;;-;-;;
3007;Trovan Unique;"0006B397F6";08.07.2017;20:25:42;;-;-;;
3008;Trovan Unique;"0006B397F6";08.07.2017;20:25:43;;-;-;;
3009;Trovan Unique;"0006B397F6";08.07.2017;20:25:44;;-;-;;
3010;Trovan Unique;"0006B397F6";08.07.2017;20:25:45;;-;-;;
3011;Trovan Unique;"0006B397F6";08.07.2017;20:25:46;;-;-;;
3012;Trovan Unique;"0006B397F6";08.07.2017;20:25:47;;-;-;;
3013;Trovan Unique;"0006B397F6";08.07.2017;20:25:48;;-;-;;
3014;Trovan Unique;"0006B397F6";08.07.2017;20:25:49;;-;-;;
3015;Trovan Unique;"0006B397F6";08.07.2017;20:25:50;;-;-;;
3016;Trovan Unique;"0006B397F6";08.07.2017;20:25:51;;-;-;;
3017;Trovan Unique;"0006B397F6";08.07.2017;20:25:52;;-;-;;
3018;Trovan Unique;"0006B397F6";08.07.2017;20:25:53;;-;-;;
3019;Trovan Unique;"0006B397F6";08.07.2017;20:25:54;;-;-;;
3020;Trovan Unique;"0006B397F6";08.07.2017;20:25:55;;-;-;;
3021;Trovan Unique;"0006B397F6";08.07.2017;20:25:56;;-;-;;
3022;Trovan Unique;"0006B397F6";08.07.2017;20:25:57;;-;-;;
3023;Trovan Unique;"0006B397F6";08.07.2017;20:25:58;;-;-;;
3024;Trovan Unique;"0006B397F6";08.07.2017;20:25:59;;-;-;;
3025;Trovan Unique;"0006B397F6";08.07.2017;20:26:00;;-;-;;
3026;Trovan Unique;"0006B397F6";08.07.2017;20:26:02;;-;-;;
3027;Trovan Unique;"0006B397F6";08.07.2017;20:26:03;;-;-;;
3028;Trovan Unique;"0006B397F6";08.07.2017;20:26:04;;-;-;;
3029;Trovan Unique;"0006B397F6";08.07.2017;20:26:05;;-;-;;
3030;Trovan Unique;"0006B397F6";08.07.2017;20:26:06;;-;-;;
3031;Trovan Unique;"0006B397F6";08.07.2017;20:26:07;;-;-;;
3032;Trovan Unique;"0006B397F6";08.07.2017;20:26:08;;-;-;;
3033;Trovan Unique;"0006B397F6";08.07.2017;20:26:09;;-;-;;
3034;Trovan Unique;"0006B397F6";08.07.2017;20:26:10;;-;-;;
3035;Trovan Unique;"0006B397F6";08.07.2017;20:26:11;;-;-;;
3036;Trovan Unique;"0006B397F6";08.07.2017;20:26:12;;-;-;;
3037;Trovan Unique;"0006B397F6";08.07.2017;20:26:13;;-;-;;
3038;Trovan Unique;"0006B397F6";08.07.2017;20:26:14;;-;-;;
3039;Trovan Unique;"0006B397F6";08.07.2017;20:26:15;;-;-;;
3040;Trovan Unique;"0006B397F6";08.07.2017;20:26:16;;-;-;;
3041;Trovan Unique;"0006B397F6";08.07.2017;20:26:17;;-;-;;
3042;Trovan Unique;"0006B397F6";08.07.2017;20:26:18;;-;-;;
3043;Trovan Unique;"0006B397F6";08.07.2017;20:26:19;;-;-;;
3044;Trovan Unique;"0006B397F6";08.07.2017;20:26:21;;-;-;;
3045;Trovan Unique;"0006B397F6";08.07.2017;20:26:22;;-;-;;
3046;Trovan Unique;"0006B397F6";08.07.2017;20:26:23;;-;-;;
3047;Trovan Unique;"0006B397F6";08.07.2017;20:26:24;;-;-;;
3048;Trovan Unique;"0006B397F6";08.07.2017;20:26:25;;-;-;;
3049;Trovan Unique;"0006B397F6";08.07.2017;20:26:26;;-;-;;
3050;Trovan Unique;"0006B397F6";08.07.2017;20:26:27;;-;-;;
3051;Trovan Unique;"0006B397F6";08.07.2017;20:26:28;;-;-;;
3052;Trovan Unique;"0006B397F6";08.07.2017;20:26:29;;-;-;;
3053;Trovan Unique;"0006B397F6";08.07.2017;20:26:30;;-;-;;
3054;Trovan Unique;"0006B397F6";08.07.2017;20:26:31;;-;-;;
3055;Trovan Unique;"0006B397F6";08.07.2017;20:26:32;;-;-;;
3056;Trovan Unique;"0006B397F6";08.07.2017;20:26:33;;-;-;;
3057;Trovan Unique;"0006B397F6";08.07.2017;20:26:34;;-;-;;
3058;Trovan Unique;"0006B397F6";08.07.2017;20:26:35;;-;-;;
3059;Trovan Unique;"0006B397F6";08.07.2017;20:26:36;;-;-;;
3060;Trovan Unique;"0006B397F6";08.07.2017;20:26:37;;-;-;;
3061;Trovan Unique;"0006B397F6";08.07.2017;20:26:38;;-;-;;
3062;Trovan Unique;"0006B397F6";08.07.2017;20:26:39;;-;-;;
3063;Trovan Unique;"0006B397F6";08.07.2017;20:26:41;;-;-;;
3064;Trovan Unique;"0006B397F6";08.07.2017;20:26:42;;-;-;;
3065;Trovan Unique;"0006B397F6";08.07.2017;20:26:43;;-;-;;
3066;Trovan Unique;"0006B397F6";08.07.2017;20:26:44;;-;-;;
3067;Trovan Unique;"0006B397F6";08.07.2017;20:26:45;;-;-;;
3068;Trovan Unique;"0006B397F6";08.07.2017;20:26:46;;-;-;;
3069;Trovan Unique;"0006B397F6";08.07.2017;20:26:47;;-;-;;
3070;Trovan Unique;"0006B397F6";08.07.2017;20:26:48;;-;-;;
3071;Trovan Unique;"0006B397F6";08.07.2017;20:26:49;;-;-;;
3072;Trovan Unique;"0006B397F6";08.07.2017;20:26:50;;-;-;;
3073;Trovan Unique;"0006B397F6";08.07.2017;20:26:51;;-;-;;
3074;Trovan Unique;"0006B397F6";08.07.2017;20:26:52;;-;-;;
3075;Trovan Unique;"0006B397F6";08.07.2017;20:26:53;;-;-;;
3076;Trovan Unique;"0006B397F6";08.07.2017;20:26:54;;-;-;;
3077;Trovan Unique;"0006B397F6";08.07.2017;20:26:55;;-;-;;
3078;Trovan Unique;"0006B397F6";08.07.2017;20:26:56;;-;-;;
3079;Trovan Unique;"0006B397F6";08.07.2017;20:26:57;;-;-;;
3080;Trovan Unique;"0006B397F6";08.07.2017;20:26:58;;-;-;;
3081;Trovan Unique;"0006B397F6";08.07.2017;20:27:00;;-;-;;
3082;Trovan Unique;"0006B397F6";08.07.2017;20:27:01;;-;-;;
3083;Trovan Unique;"0006B397F6";08.07.2017;20:27:02;;-;-;;
3084;Trovan Unique;"0006B397F6";08.07.2017;20:27:03;;-;-;;
3085;Trovan Unique;"0006B397F6";08.07.2017;20:27:04;;-;-;;
3086;Trovan Unique;"0006B397F6";08.07.2017;20:27:05;;-;-;;
3087;Trovan Unique;"0006B397F6";08.07.2017;20:27:06;;-;-;;
3088;Trovan Unique;"0006B397F6";08.07.2017;20:27:07;;-;-;;
3089;Trovan Unique;"0006B397F6";08.07.2017;20:27:08;;-;-;;
3090;Trovan Unique;"0006B397F6";08.07.2017;20:27:09;;-;-;;
3091;Trovan Unique;"0006B397F6";08.07.2017;20:27:10;;-;-;;
3092;Trovan Unique;"0006B397F6";08.07.2017;20:27:11;;-;-;;
3093;Trovan Unique;"0006B397F6";08.07.2017;20:27:12;;-;-;;
3094;Trovan Unique;"0006B397F6";08.07.2017;20:27:13;;-;-;;
3095;Trovan Unique;"0006B397F6";08.07.2017;20:27:14;;-;-;;
3096;Trovan Unique;"0006B397F6";08.07.2017;20:27:15;;-;-;;
3097;Trovan Unique;"0006B397F6";08.07.2017;20:27:16;;-;-;;
3098;Trovan Unique;"0006B397F6";08.07.2017;20:27:17;;-;-;;
3099;Trovan Unique;"0006B397F6";08.07.2017;20:27:18;;-;-;;
3100;Trovan Unique;"0006B397F6";08.07.2017;20:27:19;;-;-;;
3101;Trovan Unique;"0006B397F6";08.07.2017;20:27:20;;-;-;;
3102;Trovan Unique;"0006B397F6";08.07.2017;20:27:21;;-;-;;
3103;Trovan Unique;"0006B397F6";08.07.2017;20:27:22;;-;-;;
3104;Trovan Unique;"0006B397F6";08.07.2017;20:27:23;;-;-;;
3105;Trovan Unique;"0006B397F6";08.07.2017;20:27:25;;-;-;;
3106;Trovan Unique;"0006B397F6";08.07.2017;20:27:26;;-;-;;
3107;Trovan Unique;"0006B397F6";08.07.2017;20:27:27;;-;-;;
3108;Trovan Unique;"0006B397F6";08.07.2017;20:27:28;;-;-;;
3109;Trovan Unique;"0006B397F6";08.07.2017;20:27:29;;-;-;;
3110;Trovan Unique;"0006B397F6";08.07.2017;20:27:30;;-;-;;
3111;Trovan Unique;"0006B397F6";08.07.2017;20:27:31;;-;-;;
3112;Trovan Unique;"0006B397F6";08.07.2017;20:27:32;;-;-;;
3113;Trovan Unique;"0006B397F6";08.07.2017;20:27:33;;-;-;;
3114;Trovan Unique;"0006B397F6";08.07.2017;20:27:34;;-;-;;
3115;Trovan Unique;"0006B397F6";08.07.2017;20:27:35;;-;-;;
3116;Trovan Unique;"0006B397F6";08.07.2017;20:27:36;;-;-;;
3117;Trovan Unique;"0006B397F6";08.07.2017;20:27:37;;-;-;;
3118;Trovan Unique;"0006B397F6";08.07.2017;20:27:38;;-;-;;
3119;Trovan Unique;"0006B397F6";08.07.2017;20:27:40;;-;-;;
3120;Trovan Unique;"0006B397F6";08.07.2017;20:27:41;;-;-;;
3121;Trovan Unique;"0006B397F6";08.07.2017;20:27:42;;-;-;;
3122;Trovan Unique;"0006B397F6";08.07.2017;20:27:43;;-;-;;
3123;Trovan Unique;"0006B397F6";08.07.2017;20:27:44;;-;-;;
3124;Trovan Unique;"0006B397F6";08.07.2017;20:27:45;;-;-;;
3125;Trovan Unique;"0006B397F6";08.07.2017;20:27:46;;-;-;;
3126;Trovan Unique;"0006B397F6";08.07.2017;20:27:47;;-;-;;
3127;Trovan Unique;"0006B397F6";08.07.2017;20:27:48;;-;-;;
3128;Trovan Unique;"0006B397F6";08.07.2017;20:27:49;;-;-;;
3129;Trovan Unique;"0006B397F6";08.07.2017;20:27:50;;-;-;;
3130;Trovan Unique;"0006B397F6";08.07.2017;20:27:51;;-;-;;
3131;Trovan Unique;"0006B397F6";08.07.2017;20:27:53;;-;-;;
3132;Trovan Unique;"0006B397F6";08.07.2017;20:27:54;;-;-;;
3133;Trovan Unique;"0006B397F6";08.07.2017;20:27:55;;-;-;;
3134;Trovan Unique;"0006B397F6";08.07.2017;20:27:56;;-;-;;
3135;Trovan Unique;"0006B397F6";08.07.2017;20:27:57;;-;-;;
3136;Trovan Unique;"0006B397F6";08.07.2017;20:27:58;;-;-;;
3137;Trovan Unique;"0006B397F6";08.07.2017;20:27:59;;-;-;;
3138;Trovan Unique;"0006B397F6";08.07.2017;20:28:00;;-;-;;
3139;Trovan Unique;"0006B397F6";08.07.2017;20:28:01;;-;-;;
3140;Trovan Unique;"0006B397F6";08.07.2017;20:28:02;;-;-;;
3141;Trovan Unique;"0006B397F6";08.07.2017;20:28:03;;-;-;;
3142;Trovan Unique;"0006B397F6";08.07.2017;20:28:04;;-;-;;
3143;Trovan Unique;"0006B397F6";08.07.2017;20:28:05;;-;-;;
3144;Trovan Unique;"0006B397F6";08.07.2017;20:28:06;;-;-;;
3145;Trovan Unique;"0006B397F6";08.07.2017;20:28:07;;-;-;;
3146;Trovan Unique;"0006B397F6";08.07.2017;20:28:08;;-;-;;
3147;Trovan Unique;"0006B397F6";08.07.2017;20:28:09;;-;-;;
3148;Trovan Unique;"0006B397F6";08.07.2017;20:28:10;;-;-;;
3149;Trovan Unique;"0006B397F6";08.07.2017;20:28:11;;-;-;;
3150;Trovan Unique;"0006B397F6";08.07.2017;20:28:12;;-;-;;
3151;Trovan Unique;"0006B397F6";08.07.2017;20:28:13;;-;-;;
3152;Trovan Unique;"0006B397F6";08.07.2017;20:28:15;;-;-;;
3153;Trovan Unique;"0006B397F6";08.07.2017;20:28:16;;-;-;;
3154;Trovan Unique;"0006B397F6";08.07.2017;20:28:17;;-;-;;
3155;Trovan Unique;"0006B397F6";08.07.2017;20:28:18;;-;-;;
3156;Trovan Unique;"0006B397F6";08.07.2017;20:28:20;;-;-;;
3157;Trovan Unique;"0006B397F6";08.07.2017;20:28:21;;-;-;;
3158;Trovan Unique;"0006B397F6";08.07.2017;20:28:22;;-;-;;
3159;Trovan Unique;"0006B397F6";08.07.2017;20:28:23;;-;-;;
3160;Trovan Unique;"0006B397F6";08.07.2017;20:28:24;;-;-;;
3161;Trovan Unique;"0006B397F6";08.07.2017;20:28:25;;-;-;;
3162;Trovan Unique;"0006B397F6";08.07.2017;20:28:26;;-;-;;
3163;Trovan Unique;"0006B397F6";08.07.2017;20:28:27;;-;-;;
3164;Trovan Unique;"0006B397F6";08.07.2017;20:28:28;;-;-;;
3165;Trovan Unique;"0006B397F6";08.07.2017;20:28:29;;-;-;;
3166;Trovan Unique;"0006B397F6";08.07.2017;20:28:30;;-;-;;
3167;Trovan Unique;"0006B397F6";08.07.2017;20:28:31;;-;-;;
3168;Trovan Unique;"0006B397F6";08.07.2017;20:28:32;;-;-;;
3169;Trovan Unique;"0006B397F6";08.07.2017;20:28:33;;-;-;;
3170;Trovan Unique;"0006B397F6";08.07.2017;20:28:34;;-;-;;
3171;Trovan Unique;"0006B397F6";08.07.2017;20:28:35;;-;-;;
3172;Trovan Unique;"0006B397F6";08.07.2017;20:28:36;;-;-;;
3173;Trovan Unique;"0006B397F6";08.07.2017;20:28:38;;-;-;;
3174;Trovan Unique;"0006B397F6";08.07.2017;20:28:39;;-;-;;
