#;Transponder Type:;Transponder Code:;Date:;Time:;Event:;Unit #:;Antenna #:;Memo:;Custom:;
0;Trovan Unique;"0006B3B283";16.06.2018;13:14:58;;-;-;;
1;Trovan Unique;"0006B3B283";16.06.2018;13:15:01;;-;-;;
2;Trovan Unique;"00075CE5CF";16.06.2018;14:57:45;;-;-;;
3;Trovan Unique;"00075CE5CF";16.06.2018;14:57:46;;-;-;;
4;Trovan Unique;"00075CE5CF";16.06.2018;14:57:47;;-;-;;
5;Trovan Unique;"00075CE5CF";16.06.2018;14:57:49;;-;-;;
6;Trovan Unique;"00075CE5CF";16.06.2018;14:57:50;;-;-;;
7;Trovan Unique;"00075CE5CF";16.06.2018;14:57:52;;-;-;;
8;Trovan Unique;"00075CE5CF";16.06.2018;14:57:54;;-;-;;
9;Trovan Unique;"00075CE5CF";16.06.2018;14:57:55;;-;-;;
10;Trovan Unique;"00075CE5CF";16.06.2018;14:57:56;;-;-;;
11;Trovan Unique;"00075CE5CF";16.06.2018;14:57:57;;-;-;;
12;Trovan Unique;"00075CE5CF";16.06.2018;14:58:12;;-;-;;
13;Trovan Unique;"00075CE5CF";16.06.2018;14:58:13;;-;-;;
14;Trovan Unique;"00075CE5CF";16.06.2018;14:58:14;;-;-;;
15;Trovan Unique;"00075CE5CF";16.06.2018;14:58:15;;-;-;;
16;Trovan Unique;"00075CE5CF";16.06.2018;14:58:16;;-;-;;
17;Trovan Unique;"00075CE5CF";16.06.2018;14:58:17;;-;-;;
18;Trovan Unique;"00075CE5CF";16.06.2018;14:58:18;;-;-;;
19;Trovan Unique;"00075CE5CF";16.06.2018;14:58:19;;-;-;;
20;Trovan Unique;"00075CE5CF";16.06.2018;14:58:20;;-;-;;
21;Trovan Unique;"00075CE5CF";16.06.2018;14:58:41;;-;-;;
22;Trovan Unique;"00075CE5CF";16.06.2018;14:58:42;;-;-;;
23;Trovan Unique;"00075CE5CF";16.06.2018;14:58:43;;-;-;;
24;Trovan Unique;"00075CE5CF";16.06.2018;14:58:49;;-;-;;
25;Trovan Unique;"00075CE5CF";16.06.2018;14:58:51;;-;-;;
26;Trovan Unique;"00075CE5CF";16.06.2018;14:58:53;;-;-;;
27;Trovan Unique;"00075CE5CF";16.06.2018;14:58:54;;-;-;;
28;Trovan Unique;"00075CE5CF";16.06.2018;14:58:57;;-;-;;
29;Trovan Unique;"00075CE5CF";16.06.2018;14:58:59;;-;-;;
30;Trovan Unique;"00075CE5CF";16.06.2018;14:59:03;;-;-;;
31;Trovan Unique;"00075CE5CF";16.06.2018;14:59:04;;-;-;;
32;Trovan Unique;"00075CE5CF";16.06.2018;14:59:05;;-;-;;
33;Trovan Unique;"00075CE5CF";16.06.2018;14:59:09;;-;-;;
34;Trovan Unique;"00075CE5CF";16.06.2018;14:59:10;;-;-;;
35;Trovan Unique;"00075CE5CF";16.06.2018;14:59:11;;-;-;;
36;Trovan Unique;"00075CE5CF";16.06.2018;14:59:42;;-;-;;
37;Trovan Unique;"00075CE5CF";16.06.2018;14:59:45;;-;-;;
38;Trovan Unique;"00075CE5CF";16.06.2018;14:59:47;;-;-;;
39;Trovan Unique;"00075CE5CF";16.06.2018;14:59:48;;-;-;;
40;Trovan Unique;"00075CE5CF";16.06.2018;14:59:49;;-;-;;
41;Trovan Unique;"00075CE5CF";16.06.2018;14:59:52;;-;-;;
42;Trovan Unique;"00075CE5CF";16.06.2018;14:59:53;;-;-;;
43;Trovan Unique;"00075CE5CF";16.06.2018;15:00:00;;-;-;;
44;Trovan Unique;"00075CE5CF";16.06.2018;15:00:01;;-;-;;
45;Trovan Unique;"00075CE5CF";16.06.2018;15:00:02;;-;-;;
46;Trovan Unique;"00075CE5CF";16.06.2018;15:00:03;;-;-;;
47;Trovan Unique;"00075CE5CF";16.06.2018;15:00:04;;-;-;;
48;Trovan Unique;"00075CE5CF";16.06.2018;15:00:05;;-;-;;
49;Trovan Unique;"00075CE5CF";16.06.2018;15:00:06;;-;-;;
50;Trovan Unique;"00075CE5CF";16.06.2018;15:00:07;;-;-;;
51;Trovan Unique;"00075CE5CF";16.06.2018;15:00:08;;-;-;;
52;Trovan Unique;"00075CE5CF";16.06.2018;15:00:09;;-;-;;
53;Trovan Unique;"00075CE5CF";16.06.2018;15:00:10;;-;-;;
54;Trovan Unique;"00075CE5CF";16.06.2018;15:00:11;;-;-;;
55;Trovan Unique;"00075CE5CF";16.06.2018;15:00:12;;-;-;;
56;Trovan Unique;"00075CE5CF";16.06.2018;15:00:13;;-;-;;
57;Trovan Unique;"00075CE5CF";16.06.2018;15:00:14;;-;-;;
58;Trovan Unique;"00075CE5CF";16.06.2018;15:00:15;;-;-;;
59;Trovan Unique;"00075CE5CF";16.06.2018;15:00:16;;-;-;;
60;Trovan Unique;"00075CE5CF";16.06.2018;15:00:17;;-;-;;
61;Trovan Unique;"00075CE5CF";16.06.2018;15:00:18;;-;-;;
62;Trovan Unique;"00075CE5CF";16.06.2018;15:00:19;;-;-;;
63;Trovan Unique;"00075CE5CF";16.06.2018;15:00:20;;-;-;;
64;Trovan Unique;"00075CE5CF";16.06.2018;15:00:21;;-;-;;
65;Trovan Unique;"00075CE5CF";16.06.2018;15:00:22;;-;-;;
66;Trovan Unique;"00075CE5CF";16.06.2018;15:00:23;;-;-;;
67;Trovan Unique;"00075CE5CF";16.06.2018;15:00:24;;-;-;;
68;Trovan Unique;"00075CE5CF";16.06.2018;15:00:25;;-;-;;
69;Trovan Unique;"00075CE5CF";16.06.2018;15:00:26;;-;-;;
70;Trovan Unique;"00075CE5CF";16.06.2018;15:00:27;;-;-;;
71;Trovan Unique;"00075CE5CF";16.06.2018;15:00:28;;-;-;;
72;Trovan Unique;"00075CE5CF";16.06.2018;15:00:29;;-;-;;
73;Trovan Unique;"00075CE5CF";16.06.2018;15:00:30;;-;-;;
74;Trovan Unique;"00075CE5CF";16.06.2018;15:00:31;;-;-;;
75;Trovan Unique;"00075CE5CF";16.06.2018;15:00:32;;-;-;;
76;Trovan Unique;"00075CE5CF";16.06.2018;15:00:33;;-;-;;
77;Trovan Unique;"00075CE5CF";16.06.2018;15:00:34;;-;-;;
78;Trovan Unique;"00075CE5CF";16.06.2018;15:00:35;;-;-;;
79;Trovan Unique;"00075CE5CF";16.06.2018;15:00:36;;-;-;;
80;Trovan Unique;"00075CE5CF";16.06.2018;15:00:37;;-;-;;
81;Trovan Unique;"00075CE5CF";16.06.2018;15:00:38;;-;-;;
82;Trovan Unique;"00075CE5CF";16.06.2018;15:00:39;;-;-;;
83;Trovan Unique;"00075CE5CF";16.06.2018;15:00:40;;-;-;;
84;Trovan Unique;"00075CE5CF";16.06.2018;15:00:41;;-;-;;
85;Trovan Unique;"00075CE5CF";16.06.2018;15:00:42;;-;-;;
86;Trovan Unique;"00075CE5CF";16.06.2018;15:00:43;;-;-;;
87;Trovan Unique;"00075CE5CF";16.06.2018;15:00:44;;-;-;;
88;Trovan Unique;"00075CE5CF";16.06.2018;15:00:45;;-;-;;
89;Trovan Unique;"00075CE5CF";16.06.2018;15:00:46;;-;-;;
90;Trovan Unique;"00075CE5CF";16.06.2018;15:00:47;;-;-;;
91;Trovan Unique;"00075CE5CF";16.06.2018;15:00:48;;-;-;;
92;Trovan Unique;"00075CE5CF";16.06.2018;15:00:49;;-;-;;
93;Trovan Unique;"00075CE5CF";16.06.2018;15:00:50;;-;-;;
94;Trovan Unique;"00075CE5CF";16.06.2018;15:00:51;;-;-;;
95;Trovan Unique;"00075CE5CF";16.06.2018;15:00:52;;-;-;;
96;Trovan Unique;"00075CE5CF";16.06.2018;15:00:53;;-;-;;
97;Trovan Unique;"00075CE5CF";16.06.2018;15:10:49;;-;-;;
98;Trovan Unique;"00075CE5CF";16.06.2018;15:10:50;;-;-;;
99;Trovan Unique;"00075CE5CF";16.06.2018;15:10:51;;-;-;;
100;Trovan Unique;"00075CE5CF";16.06.2018;15:10:52;;-;-;;
101;Trovan Unique;"00075CE5CF";16.06.2018;15:10:53;;-;-;;
102;Trovan Unique;"00075CE5CF";16.06.2018;15:13:59;;-;-;;
103;Trovan Unique;"00075CE5CF";16.06.2018;15:14:00;;-;-;;
104;Trovan Unique;"00075CE5CF";16.06.2018;15:14:01;;-;-;;
105;Trovan Unique;"00075CE5CF";16.06.2018;15:14:05;;-;-;;
106;Trovan Unique;"00075CE5CF";16.06.2018;15:14:06;;-;-;;
107;Trovan Unique;"00075CE5CF";16.06.2018;15:14:17;;-;-;;
108;Trovan Unique;"00075CE5CF";16.06.2018;15:14:19;;-;-;;
109;Trovan Unique;"00075CE5CF";16.06.2018;15:14:20;;-;-;;
110;Trovan Unique;"00075CE5CF";16.06.2018;15:14:36;;-;-;;
111;Trovan Unique;"00075CE5CF";16.06.2018;15:14:37;;-;-;;
112;Trovan Unique;"00075CE5CF";16.06.2018;15:14:38;;-;-;;
113;Trovan Unique;"00075CE5CF";16.06.2018;15:14:39;;-;-;;
114;Trovan Unique;"00075CE5CF";16.06.2018;15:14:40;;-;-;;
115;Trovan Unique;"00075CE5CF";16.06.2018;15:14:47;;-;-;;
116;Trovan Unique;"00075CE5CF";16.06.2018;15:14:48;;-;-;;
117;Trovan Unique;"00075CE5CF";16.06.2018;15:14:49;;-;-;;
118;Trovan Unique;"00075CE5CF";16.06.2018;15:14:50;;-;-;;
119;Trovan Unique;"00075CE5CF";16.06.2018;15:20:34;;-;-;;
120;Trovan Unique;"00075CE5CF";16.06.2018;15:20:35;;-;-;;
121;Trovan Unique;"00075CE5CF";16.06.2018;15:20:36;;-;-;;
122;Trovan Unique;"00075CE5CF";16.06.2018;15:20:56;;-;-;;
123;Trovan Unique;"00075CE5CF";16.06.2018;15:20:57;;-;-;;
124;Trovan Unique;"00075CE5CF";16.06.2018;15:20:58;;-;-;;
125;Trovan Unique;"00075CE5CF";16.06.2018;15:21:02;;-;-;;
126;Trovan Unique;"00075CE5CF";16.06.2018;15:21:03;;-;-;;
127;Trovan Unique;"00075CE5CF";16.06.2018;15:21:04;;-;-;;
128;Trovan Unique;"00075CE5CF";16.06.2018;15:21:05;;-;-;;
129;Trovan Unique;"00075CE5CF";16.06.2018;15:21:06;;-;-;;
130;Trovan Unique;"00075CE5CF";16.06.2018;15:21:07;;-;-;;
131;Trovan Unique;"00075CE5CF";16.06.2018;15:21:08;;-;-;;
132;Trovan Unique;"00075CE5CF";16.06.2018;15:21:09;;-;-;;
133;Trovan Unique;"00075CE5CF";16.06.2018;15:21:10;;-;-;;
134;Trovan Unique;"00075CE5CF";16.06.2018;15:21:11;;-;-;;
135;Trovan Unique;"00075CE5CF";16.06.2018;15:21:12;;-;-;;
136;Trovan Unique;"00075CE5CF";16.06.2018;15:21:14;;-;-;;
137;Trovan Unique;"00075CE5CF";16.06.2018;15:21:15;;-;-;;
138;Trovan Unique;"00075CE5CF";16.06.2018;15:21:16;;-;-;;
139;Trovan Unique;"00075CE5CF";16.06.2018;15:21:17;;-;-;;
140;Trovan Unique;"00075CE5CF";16.06.2018;15:21:18;;-;-;;
141;Trovan Unique;"00075CE5CF";16.06.2018;15:21:32;;-;-;;
142;Trovan Unique;"00075CE5CF";16.06.2018;15:21:33;;-;-;;
143;Trovan Unique;"00075CE5CF";16.06.2018;15:21:34;;-;-;;
144;Trovan Unique;"00075CE5CF";16.06.2018;15:21:35;;-;-;;
145;Trovan Unique;"00075CE5CF";16.06.2018;15:21:51;;-;-;;
146;Trovan Unique;"00075CE5CF";16.06.2018;15:23:12;;-;-;;
147;Trovan Unique;"00075CE5CF";16.06.2018;15:26:16;;-;-;;
148;Trovan Unique;"00075CE5CF";16.06.2018;15:27:12;;-;-;;
149;Trovan Unique;"00075CE5CF";16.06.2018;15:27:48;;-;-;;
150;Trovan Unique;"00075CE5CF";16.06.2018;15:27:49;;-;-;;
151;Trovan Unique;"00075CE5CF";16.06.2018;15:31:42;;-;-;;
152;Trovan Unique;"00075CE5CF";16.06.2018;15:31:43;;-;-;;
153;Trovan Unique;"00075CE5CF";16.06.2018;15:50:39;;-;-;;
154;Trovan Unique;"00075CE5CF";16.06.2018;15:50:40;;-;-;;
155;Trovan Unique;"00075CE5CF";16.06.2018;15:50:41;;-;-;;
156;Trovan Unique;"00075CE5CF";16.06.2018;15:50:42;;-;-;;
157;Trovan Unique;"00075CE5CF";16.06.2018;15:50:43;;-;-;;
158;Trovan Unique;"00075CE5CF";16.06.2018;15:50:44;;-;-;;
159;Trovan Unique;"00075CE5CF";16.06.2018;15:50:45;;-;-;;
160;Trovan Unique;"00075CE5CF";16.06.2018;15:50:47;;-;-;;
161;Trovan Unique;"00075CE5CF";16.06.2018;15:50:48;;-;-;;
162;Trovan Unique;"00075CE5CF";16.06.2018;15:50:49;;-;-;;
163;Trovan Unique;"00075CE5CF";16.06.2018;15:50:50;;-;-;;
164;Trovan Unique;"00075CE5CF";16.06.2018;15:50:55;;-;-;;
165;Trovan Unique;"00075CE5CF";16.06.2018;15:51:00;;-;-;;
166;Trovan Unique;"00075CE5CF";16.06.2018;15:53:17;;-;-;;
167;Trovan Unique;"00075CE5CF";16.06.2018;15:53:18;;-;-;;
168;Trovan Unique;"00075CE5CF";16.06.2018;15:53:19;;-;-;;
169;Trovan Unique;"00075CE5CF";16.06.2018;15:53:23;;-;-;;
170;Trovan Unique;"0006B354E6";16.06.2018;16:04:42;;-;-;;
171;Trovan Unique;"0006B354E6";16.06.2018;16:04:44;;-;-;;
172;Trovan Unique;"0006B354E6";16.06.2018;16:04:48;;-;-;;
173;Trovan Unique;"0006B354E6";16.06.2018;16:04:50;;-;-;;
174;Trovan Unique;"0006B354E6";16.06.2018;16:04:51;;-;-;;
175;Trovan Unique;"0006B354E6";16.06.2018;16:04:53;;-;-;;
176;Trovan Unique;"0006B354E6";16.06.2018;16:04:55;;-;-;;
177;Trovan Unique;"0006B354E6";16.06.2018;16:04:58;;-;-;;
178;Trovan Unique;"0006B354E6";16.06.2018;16:04:59;;-;-;;
179;Trovan Unique;"0006B354E6";16.06.2018;16:05:00;;-;-;;
180;Trovan Unique;"0006B354E6";16.06.2018;16:05:02;;-;-;;
181;Trovan Unique;"0006B354E6";16.06.2018;16:05:06;;-;-;;
182;Trovan Unique;"0006B354E6";16.06.2018;16:05:07;;-;-;;
183;Trovan Unique;"0006B354E6";16.06.2018;16:05:08;;-;-;;
184;Trovan Unique;"0006B354E6";16.06.2018;16:05:09;;-;-;;
185;Trovan Unique;"0006B354E6";16.06.2018;16:05:10;;-;-;;
186;Trovan Unique;"0006B354E6";16.06.2018;16:05:11;;-;-;;
187;Trovan Unique;"0006B354E6";16.06.2018;16:05:12;;-;-;;
188;Trovan Unique;"0006B354E6";16.06.2018;16:05:13;;-;-;;
189;Trovan Unique;"0006B354E6";16.06.2018;16:05:14;;-;-;;
190;Trovan Unique;"0006B354E6";16.06.2018;16:05:17;;-;-;;
191;Trovan Unique;"0006B354E6";16.06.2018;16:05:19;;-;-;;
192;Trovan Unique;"0006B354E6";16.06.2018;16:05:22;;-;-;;
193;Trovan Unique;"0006B354E6";16.06.2018;16:05:24;;-;-;;
194;Trovan Unique;"0006B354E6";16.06.2018;16:05:25;;-;-;;
195;Trovan Unique;"0006B354E6";16.06.2018;16:05:26;;-;-;;
196;Trovan Unique;"0006B354E6";16.06.2018;16:05:28;;-;-;;
197;Trovan Unique;"0006B354E6";16.06.2018;16:05:29;;-;-;;
198;Trovan Unique;"0006B354E6";16.06.2018;16:05:30;;-;-;;
199;Trovan Unique;"0006B354E6";16.06.2018;16:05:31;;-;-;;
200;Trovan Unique;"0006B354E6";16.06.2018;16:05:32;;-;-;;
201;Trovan Unique;"0006B354E6";16.06.2018;16:05:33;;-;-;;
202;Trovan Unique;"0006B354E6";16.06.2018;16:05:34;;-;-;;
203;Trovan Unique;"0006B354E6";16.06.2018;16:05:35;;-;-;;
204;Trovan Unique;"0006B354E6";16.06.2018;16:05:36;;-;-;;
205;Trovan Unique;"0006B354E6";16.06.2018;16:05:37;;-;-;;
206;Trovan Unique;"0006B354E6";16.06.2018;16:05:39;;-;-;;
207;Trovan Unique;"0006B354E6";16.06.2018;16:05:40;;-;-;;
208;Trovan Unique;"0006B354E6";16.06.2018;16:05:42;;-;-;;
209;Trovan Unique;"0006B354E6";16.06.2018;16:05:43;;-;-;;
210;Trovan Unique;"0006B354E6";16.06.2018;16:05:44;;-;-;;
211;Trovan Unique;"0006B354E6";16.06.2018;16:05:46;;-;-;;
212;Trovan Unique;"0006B354E6";16.06.2018;16:05:47;;-;-;;
213;Trovan Unique;"0006B354E6";16.06.2018;16:05:48;;-;-;;
214;Trovan Unique;"0006B354E6";16.06.2018;16:05:49;;-;-;;
215;Trovan Unique;"0006B354E6";16.06.2018;16:05:51;;-;-;;
216;Trovan Unique;"0006B354E6";16.06.2018;16:05:52;;-;-;;
217;Trovan Unique;"0006B354E6";16.06.2018;16:05:53;;-;-;;
218;Trovan Unique;"0006B354E6";16.06.2018;16:05:54;;-;-;;
219;Trovan Unique;"0006B354E6";16.06.2018;16:05:55;;-;-;;
220;Trovan Unique;"0006B354E6";16.06.2018;16:05:57;;-;-;;
221;Trovan Unique;"0006B354E6";16.06.2018;16:05:58;;-;-;;
222;Trovan Unique;"0006B354E6";16.06.2018;16:05:59;;-;-;;
223;Trovan Unique;"0006B354E6";16.06.2018;16:06:00;;-;-;;
224;Trovan Unique;"0006B354E6";16.06.2018;16:06:01;;-;-;;
225;Trovan Unique;"0006B354E6";16.06.2018;16:06:02;;-;-;;
226;Trovan Unique;"0006B354E6";16.06.2018;16:06:03;;-;-;;
227;Trovan Unique;"0006B354E6";16.06.2018;16:06:04;;-;-;;
228;Trovan Unique;"0006B354E6";16.06.2018;16:06:05;;-;-;;
229;Trovan Unique;"0006B354E6";16.06.2018;16:06:06;;-;-;;
230;Trovan Unique;"0006B354E6";16.06.2018;16:06:07;;-;-;;
231;Trovan Unique;"0006B354E6";16.06.2018;16:06:08;;-;-;;
232;Trovan Unique;"0006B354E6";16.06.2018;16:06:09;;-;-;;
233;Trovan Unique;"0006B354E6";16.06.2018;16:06:10;;-;-;;
234;Trovan Unique;"0006B354E6";16.06.2018;16:06:11;;-;-;;
235;Trovan Unique;"0006B354E6";16.06.2018;16:06:12;;-;-;;
236;Trovan Unique;"0006B354E6";16.06.2018;16:06:14;;-;-;;
237;Trovan Unique;"0006B354E6";16.06.2018;16:06:15;;-;-;;
238;Trovan Unique;"0006B354E6";16.06.2018;16:06:16;;-;-;;
239;Trovan Unique;"0006B354E6";16.06.2018;16:06:17;;-;-;;
240;Trovan Unique;"0006B354E6";16.06.2018;16:06:18;;-;-;;
241;Trovan Unique;"0006B354E6";16.06.2018;16:06:19;;-;-;;
242;Trovan Unique;"0006B354E6";16.06.2018;16:06:20;;-;-;;
243;Trovan Unique;"0006B354E6";16.06.2018;16:06:21;;-;-;;
244;Trovan Unique;"0006B354E6";16.06.2018;16:06:23;;-;-;;
245;Trovan Unique;"0006B354E6";16.06.2018;16:06:24;;-;-;;
246;Trovan Unique;"0006B354E6";16.06.2018;16:06:25;;-;-;;
247;Trovan Unique;"0006B354E6";16.06.2018;16:06:27;;-;-;;
248;Trovan Unique;"0006B354E6";16.06.2018;16:06:28;;-;-;;
249;Trovan Unique;"0006B354E6";16.06.2018;16:06:29;;-;-;;
250;Trovan Unique;"0006B354E6";16.06.2018;16:06:30;;-;-;;
251;Trovan Unique;"0006B354E6";16.06.2018;16:06:31;;-;-;;
252;Trovan Unique;"0006B354E6";16.06.2018;16:06:32;;-;-;;
253;Trovan Unique;"0006B354E6";16.06.2018;16:06:33;;-;-;;
254;Trovan Unique;"0006B354E6";16.06.2018;16:06:34;;-;-;;
255;Trovan Unique;"0006B354E6";16.06.2018;16:06:35;;-;-;;
256;Trovan Unique;"0006B354E6";16.06.2018;16:06:36;;-;-;;
257;Trovan Unique;"0006B354E6";16.06.2018;16:06:37;;-;-;;
258;Trovan Unique;"0006B354E6";16.06.2018;16:06:39;;-;-;;
259;Trovan Unique;"0006B354E6";16.06.2018;16:06:40;;-;-;;
260;Trovan Unique;"0006B354E6";16.06.2018;16:06:43;;-;-;;
261;Trovan Unique;"0006B354E6";16.06.2018;16:06:51;;-;-;;
262;Trovan Unique;"0006B354E6";16.06.2018;16:06:52;;-;-;;
263;Trovan Unique;"0006B354E6";16.06.2018;16:06:53;;-;-;;
264;Trovan Unique;"0006B354E6";16.06.2018;16:06:55;;-;-;;
265;Trovan Unique;"0006B354E6";16.06.2018;16:07:11;;-;-;;
266;Trovan Unique;"0006B354E6";16.06.2018;16:07:12;;-;-;;
267;Trovan Unique;"0006B354E6";16.06.2018;16:07:13;;-;-;;
268;Trovan Unique;"0006B354E6";16.06.2018;16:07:14;;-;-;;
269;Trovan Unique;"0006B354E6";16.06.2018;16:07:15;;-;-;;
270;Trovan Unique;"0006B354E6";16.06.2018;16:07:16;;-;-;;
271;Trovan Unique;"0006B354E6";16.06.2018;16:07:17;;-;-;;
272;Trovan Unique;"0006B354E6";16.06.2018;16:07:18;;-;-;;
273;Trovan Unique;"0006B354E6";16.06.2018;16:07:20;;-;-;;
274;Trovan Unique;"0006B354E6";16.06.2018;16:07:21;;-;-;;
275;Trovan Unique;"0006B354E6";16.06.2018;16:07:22;;-;-;;
276;Trovan Unique;"0006B354E6";16.06.2018;16:07:23;;-;-;;
277;Trovan Unique;"0006B354E6";16.06.2018;16:07:24;;-;-;;
278;Trovan Unique;"0006B354E6";16.06.2018;16:07:25;;-;-;;
279;Trovan Unique;"0006B354E6";16.06.2018;16:07:27;;-;-;;
280;Trovan Unique;"0006B354E6";16.06.2018;16:07:28;;-;-;;
281;Trovan Unique;"0006B354E6";16.06.2018;16:07:29;;-;-;;
282;Trovan Unique;"0006B354E6";16.06.2018;16:07:30;;-;-;;
283;Trovan Unique;"0006B354E6";16.06.2018;16:07:32;;-;-;;
284;Trovan Unique;"0006B354E6";16.06.2018;16:07:33;;-;-;;
285;Trovan Unique;"0006B354E6";16.06.2018;16:07:34;;-;-;;
286;Trovan Unique;"0006B354E6";16.06.2018;16:07:35;;-;-;;
287;Trovan Unique;"0006B354E6";16.06.2018;16:07:36;;-;-;;
288;Trovan Unique;"0006B354E6";16.06.2018;16:07:37;;-;-;;
289;Trovan Unique;"0006B354E6";16.06.2018;16:07:39;;-;-;;
290;Trovan Unique;"0006B354E6";16.06.2018;16:07:40;;-;-;;
291;Trovan Unique;"0006B354E6";16.06.2018;16:07:41;;-;-;;
292;Trovan Unique;"0006B354E6";16.06.2018;16:07:42;;-;-;;
293;Trovan Unique;"0006B354E6";16.06.2018;16:07:43;;-;-;;
294;Trovan Unique;"0006B354E6";16.06.2018;16:07:44;;-;-;;
295;Trovan Unique;"0006B354E6";16.06.2018;16:07:45;;-;-;;
296;Trovan Unique;"0006B354E6";16.06.2018;16:07:46;;-;-;;
297;Trovan Unique;"0006B354E6";16.06.2018;16:07:47;;-;-;;
298;Trovan Unique;"0006B354E6";16.06.2018;16:07:49;;-;-;;
299;Trovan Unique;"0006B354E6";16.06.2018;16:07:50;;-;-;;
300;Trovan Unique;"0006B354E6";16.06.2018;16:07:51;;-;-;;
301;Trovan Unique;"0006B354E6";16.06.2018;16:07:52;;-;-;;
302;Trovan Unique;"0006B354E6";16.06.2018;16:07:53;;-;-;;
303;Trovan Unique;"0006B354E6";16.06.2018;16:07:54;;-;-;;
304;Trovan Unique;"0006B354E6";16.06.2018;16:07:55;;-;-;;
305;Trovan Unique;"0006B354E6";16.06.2018;16:07:56;;-;-;;
306;Trovan Unique;"0006B354E6";16.06.2018;16:07:57;;-;-;;
307;Trovan Unique;"0006B354E6";16.06.2018;16:07:58;;-;-;;
308;Trovan Unique;"0006B354E6";16.06.2018;16:07:59;;-;-;;
309;Trovan Unique;"0006B354E6";16.06.2018;16:08:00;;-;-;;
310;Trovan Unique;"0006B354E6";16.06.2018;16:08:01;;-;-;;
311;Trovan Unique;"0006B354E6";16.06.2018;16:08:02;;-;-;;
312;Trovan Unique;"0006B354E6";16.06.2018;16:08:04;;-;-;;
313;Trovan Unique;"0006B354E6";16.06.2018;16:08:05;;-;-;;
314;Trovan Unique;"0006B354E6";16.06.2018;16:08:06;;-;-;;
315;Trovan Unique;"0006B354E6";16.06.2018;16:08:07;;-;-;;
316;Trovan Unique;"0006B354E6";16.06.2018;16:08:08;;-;-;;
317;Trovan Unique;"0006B354E6";16.06.2018;16:08:09;;-;-;;
318;Trovan Unique;"0006B354E6";16.06.2018;16:08:10;;-;-;;
319;Trovan Unique;"0006B354E6";16.06.2018;16:08:11;;-;-;;
320;Trovan Unique;"0006B354E6";16.06.2018;16:08:12;;-;-;;
321;Trovan Unique;"0006B354E6";16.06.2018;16:08:14;;-;-;;
322;Trovan Unique;"0006B354E6";16.06.2018;16:08:15;;-;-;;
323;Trovan Unique;"0006B354E6";16.06.2018;16:08:16;;-;-;;
324;Trovan Unique;"0006B354E6";16.06.2018;16:08:17;;-;-;;
325;Trovan Unique;"0006B354E6";16.06.2018;16:08:18;;-;-;;
326;Trovan Unique;"0006B354E6";16.06.2018;16:08:19;;-;-;;
327;Trovan Unique;"0006B354E6";16.06.2018;16:08:20;;-;-;;
328;Trovan Unique;"0006B354E6";16.06.2018;16:08:21;;-;-;;
329;Trovan Unique;"0006B354E6";16.06.2018;16:08:22;;-;-;;
330;Trovan Unique;"0006B354E6";16.06.2018;16:08:23;;-;-;;
331;Trovan Unique;"0006B354E6";16.06.2018;16:08:24;;-;-;;
332;Trovan Unique;"0006B354E6";16.06.2018;16:08:25;;-;-;;
333;Trovan Unique;"0006B354E6";16.06.2018;16:08:26;;-;-;;
334;Trovan Unique;"0006B354E6";16.06.2018;16:08:27;;-;-;;
335;Trovan Unique;"0006B354E6";16.06.2018;16:08:28;;-;-;;
336;Trovan Unique;"0006B354E6";16.06.2018;16:08:29;;-;-;;
337;Trovan Unique;"0006B354E6";16.06.2018;16:08:31;;-;-;;
338;Trovan Unique;"0006B354E6";16.06.2018;16:08:32;;-;-;;
339;Trovan Unique;"0006B354E6";16.06.2018;16:08:33;;-;-;;
340;Trovan Unique;"0006B354E6";16.06.2018;16:08:34;;-;-;;
341;Trovan Unique;"0006B354E6";16.06.2018;16:08:35;;-;-;;
342;Trovan Unique;"0006B354E6";16.06.2018;16:08:36;;-;-;;
343;Trovan Unique;"0006B354E6";16.06.2018;16:08:37;;-;-;;
344;Trovan Unique;"0006B354E6";16.06.2018;16:08:38;;-;-;;
345;Trovan Unique;"0006B354E6";16.06.2018;16:08:39;;-;-;;
346;Trovan Unique;"0006B354E6";16.06.2018;16:08:40;;-;-;;
347;Trovan Unique;"0006B354E6";16.06.2018;16:08:41;;-;-;;
348;Trovan Unique;"0006B354E6";16.06.2018;16:08:42;;-;-;;
349;Trovan Unique;"0006B354E6";16.06.2018;16:08:43;;-;-;;
350;Trovan Unique;"0006B354E6";16.06.2018;16:08:44;;-;-;;
351;Trovan Unique;"0006B354E6";16.06.2018;16:08:45;;-;-;;
352;Trovan Unique;"0006B354E6";16.06.2018;16:08:46;;-;-;;
353;Trovan Unique;"0006B354E6";16.06.2018;16:08:47;;-;-;;
354;Trovan Unique;"0006B354E6";16.06.2018;16:08:48;;-;-;;
355;Trovan Unique;"0006B354E6";16.06.2018;16:08:49;;-;-;;
356;Trovan Unique;"0006B354E6";16.06.2018;16:08:50;;-;-;;
357;Trovan Unique;"0006B354E6";16.06.2018;16:08:51;;-;-;;
358;Trovan Unique;"0006B354E6";16.06.2018;16:08:52;;-;-;;
359;Trovan Unique;"0006B354E6";16.06.2018;16:08:53;;-;-;;
360;Trovan Unique;"0006B354E6";16.06.2018;16:08:54;;-;-;;
361;Trovan Unique;"0006B354E6";16.06.2018;16:08:55;;-;-;;
362;Trovan Unique;"0006B354E6";16.06.2018;16:08:56;;-;-;;
363;Trovan Unique;"0006B354E6";16.06.2018;16:08:57;;-;-;;
364;Trovan Unique;"0006B354E6";16.06.2018;16:08:58;;-;-;;
365;Trovan Unique;"0006B354E6";16.06.2018;16:08:59;;-;-;;
366;Trovan Unique;"0006B354E6";16.06.2018;16:09:00;;-;-;;
367;Trovan Unique;"0006B354E6";16.06.2018;16:09:01;;-;-;;
368;Trovan Unique;"0006B354E6";16.06.2018;16:09:02;;-;-;;
369;Trovan Unique;"0006B354E6";16.06.2018;16:09:03;;-;-;;
370;Trovan Unique;"0006B354E6";16.06.2018;16:09:04;;-;-;;
371;Trovan Unique;"0006B354E6";16.06.2018;16:09:06;;-;-;;
372;Trovan Unique;"0006B354E6";16.06.2018;16:09:07;;-;-;;
373;Trovan Unique;"0006B354E6";16.06.2018;16:09:08;;-;-;;
374;Trovan Unique;"0006B354E6";16.06.2018;16:09:09;;-;-;;
375;Trovan Unique;"0006B354E6";16.06.2018;16:09:10;;-;-;;
376;Trovan Unique;"0006B354E6";16.06.2018;16:09:11;;-;-;;
377;Trovan Unique;"0006B354E6";16.06.2018;16:09:12;;-;-;;
378;Trovan Unique;"0006B354E6";16.06.2018;16:09:13;;-;-;;
379;Trovan Unique;"0006B354E6";16.06.2018;16:09:14;;-;-;;
380;Trovan Unique;"0006B354E6";16.06.2018;16:09:15;;-;-;;
381;Trovan Unique;"0006B354E6";16.06.2018;16:09:16;;-;-;;
382;Trovan Unique;"0006B354E6";16.06.2018;16:09:18;;-;-;;
383;Trovan Unique;"0006B354E6";16.06.2018;16:09:19;;-;-;;
384;Trovan Unique;"0006B354E6";16.06.2018;16:09:20;;-;-;;
385;Trovan Unique;"0006B354E6";16.06.2018;16:12:09;;-;-;;
386;Trovan Unique;"0006B354E6";16.06.2018;16:12:10;;-;-;;
387;Trovan Unique;"0006B354E6";16.06.2018;16:12:12;;-;-;;
388;Trovan Unique;"0006B354E6";16.06.2018;16:12:12;;-;-;;
389;Trovan Unique;"0006B354E6";16.06.2018;16:12:14;;-;-;;
390;Trovan Unique;"0006B354E6";16.06.2018;16:12:15;;-;-;;
391;Trovan Unique;"0006B354E6";16.06.2018;16:12:19;;-;-;;
392;Trovan Unique;"0006B354E6";16.06.2018;16:12:21;;-;-;;
393;Trovan Unique;"0006B354E6";16.06.2018;16:12:29;;-;-;;
394;Trovan Unique;"0006B354E6";16.06.2018;16:12:30;;-;-;;
395;Trovan Unique;"0006B354E6";16.06.2018;16:12:31;;-;-;;
396;Trovan Unique;"0006B354E6";16.06.2018;16:12:32;;-;-;;
397;Trovan Unique;"0006B354E6";16.06.2018;16:12:33;;-;-;;
398;Trovan Unique;"0006B354E6";16.06.2018;16:12:34;;-;-;;
399;Trovan Unique;"0006B354E6";16.06.2018;16:12:36;;-;-;;
400;Trovan Unique;"0006B354E6";16.06.2018;16:12:37;;-;-;;
401;Trovan Unique;"0006B354E6";16.06.2018;16:12:38;;-;-;;
402;Trovan Unique;"0006B354E6";16.06.2018;16:12:39;;-;-;;
403;Trovan Unique;"0006B354E6";16.06.2018;16:12:40;;-;-;;
404;Trovan Unique;"0006B354E6";16.06.2018;16:12:41;;-;-;;
405;Trovan Unique;"0006B354E6";16.06.2018;16:12:43;;-;-;;
406;Trovan Unique;"0006B391E1";16.06.2018;17:17:02;;-;-;;
407;Trovan Unique;"0006B391E1";16.06.2018;17:17:03;;-;-;;
408;Trovan Unique;"0006B391E1";16.06.2018;17:17:07;;-;-;;
409;Trovan Unique;"0006B391E1";16.06.2018;17:17:08;;-;-;;
410;Trovan Unique;"0006B391E1";16.06.2018;17:17:11;;-;-;;
411;Trovan Unique;"0006B391E1";16.06.2018;17:17:18;;-;-;;
412;Trovan Unique;"0006B391E1";16.06.2018;17:17:19;;-;-;;
413;Trovan Unique;"0006B391E1";16.06.2018;17:17:20;;-;-;;
414;Trovan Unique;"0006B391E1";16.06.2018;17:17:21;;-;-;;
415;Trovan Unique;"0006B391E1";16.06.2018;17:17:22;;-;-;;
416;Trovan Unique;"0006B391E1";16.06.2018;17:17:23;;-;-;;
417;Trovan Unique;"0006B391E1";16.06.2018;17:17:24;;-;-;;
418;Trovan Unique;"0006B391E1";16.06.2018;17:17:26;;-;-;;
419;Trovan Unique;"0006B391E1";16.06.2018;17:17:45;;-;-;;
420;Trovan Unique;"0006B391E1";16.06.2018;17:17:46;;-;-;;
421;Trovan Unique;"0006B391E1";16.06.2018;17:17:47;;-;-;;
422;Trovan Unique;"0006B391E1";16.06.2018;17:17:48;;-;-;;
423;Trovan Unique;"0006B391E1";16.06.2018;17:17:49;;-;-;;
424;Trovan Unique;"0006B391E1";16.06.2018;17:17:52;;-;-;;
425;Trovan Unique;"0006B391E1";16.06.2018;17:17:53;;-;-;;
426;Trovan Unique;"0006B391E1";16.06.2018;17:17:57;;-;-;;
427;Trovan Unique;"0006B391E1";16.06.2018;17:17:58;;-;-;;
428;Trovan Unique;"0006B391E1";16.06.2018;17:18:01;;-;-;;
429;Trovan Unique;"0006B391E1";16.06.2018;17:18:02;;-;-;;
430;Trovan Unique;"0006B391E1";16.06.2018;17:18:04;;-;-;;
431;Trovan Unique;"0006B391E1";16.06.2018;17:18:05;;-;-;;
432;Trovan Unique;"0006B391E1";16.06.2018;17:18:06;;-;-;;
433;Trovan Unique;"0006B391E1";16.06.2018;17:18:07;;-;-;;
434;Trovan Unique;"0006B391E1";16.06.2018;17:18:10;;-;-;;
435;Trovan Unique;"00075CE5CF";16.06.2018;17:33:22;;-;-;;
436;Trovan Unique;"00075CE5CF";16.06.2018;17:33:23;;-;-;;
437;Trovan Unique;"0006B354E6";16.06.2018;17:38:11;;-;-;;
438;Trovan Unique;"0006B354E6";16.06.2018;17:38:12;;-;-;;
439;Trovan Unique;"0006B354E6";16.06.2018;17:38:13;;-;-;;
440;Trovan Unique;"0006B354E6";16.06.2018;17:38:15;;-;-;;
441;Trovan Unique;"0006B354E6";16.06.2018;17:38:18;;-;-;;
442;Trovan Unique;"0006B354E6";16.06.2018;17:38:19;;-;-;;
443;Trovan Unique;"0006B354E6";16.06.2018;17:38:20;;-;-;;
444;Trovan Unique;"00075CE5CF";16.06.2018;17:46:29;;-;-;;
445;Trovan Unique;"00075CE5CF";16.06.2018;17:46:44;;-;-;;
446;Trovan Unique;"00075CE5CF";16.06.2018;17:47:30;;-;-;;
447;Trovan Unique;"00075CE5CF";16.06.2018;17:47:38;;-;-;;
448;Trovan Unique;"00075CE5CF";16.06.2018;17:47:40;;-;-;;
449;Trovan Unique;"00075CE5CF";16.06.2018;17:47:41;;-;-;;
450;Trovan Unique;"00075CE5CF";16.06.2018;17:47:44;;-;-;;
451;Trovan Unique;"00075CE5CF";16.06.2018;17:47:46;;-;-;;
452;Trovan Unique;"00075CE5CF";16.06.2018;17:47:51;;-;-;;
453;Trovan Unique;"00075CE5CF";16.06.2018;17:47:52;;-;-;;
454;Trovan Unique;"00075CE5CF";16.06.2018;17:47:57;;-;-;;
455;Trovan Unique;"00075CE5CF";16.06.2018;17:48:00;;-;-;;
456;Trovan Unique;"00075CE5CF";16.06.2018;17:48:01;;-;-;;
457;Trovan Unique;"00075CE5CF";16.06.2018;17:48:02;;-;-;;
458;Trovan Unique;"00075CE5CF";16.06.2018;17:48:12;;-;-;;
459;Trovan Unique;"00075CE5CF";16.06.2018;17:48:16;;-;-;;
460;Trovan Unique;"00075CE5CF";16.06.2018;17:48:17;;-;-;;
461;Trovan Unique;"00075CE5CF";16.06.2018;17:48:24;;-;-;;
462;Trovan Unique;"00075CE5CF";16.06.2018;17:48:25;;-;-;;
463;Trovan Unique;"00075CE5CF";16.06.2018;17:48:26;;-;-;;
464;Trovan Unique;"00075CE5CF";16.06.2018;17:48:27;;-;-;;
465;Trovan Unique;"00075CE5CF";16.06.2018;17:48:28;;-;-;;
466;Trovan Unique;"00075CE5CF";16.06.2018;17:48:29;;-;-;;
467;Trovan Unique;"00075CE5CF";16.06.2018;17:48:30;;-;-;;
468;Trovan Unique;"00075CE5CF";16.06.2018;17:48:31;;-;-;;
469;Trovan Unique;"00075CE5CF";16.06.2018;17:48:32;;-;-;;
470;Trovan Unique;"00075CE5CF";16.06.2018;17:48:33;;-;-;;
471;Trovan Unique;"00075CE5CF";16.06.2018;17:48:34;;-;-;;
472;Trovan Unique;"00075CE5CF";16.06.2018;17:48:35;;-;-;;
473;Trovan Unique;"00075CE5CF";16.06.2018;17:48:36;;-;-;;
474;Trovan Unique;"00075CE5CF";16.06.2018;17:48:37;;-;-;;
475;Trovan Unique;"00075CE5CF";16.06.2018;17:48:38;;-;-;;
476;Trovan Unique;"00075CE5CF";16.06.2018;17:48:39;;-;-;;
477;Trovan Unique;"00075CE5CF";16.06.2018;17:48:40;;-;-;;
478;Trovan Unique;"00075CE5CF";16.06.2018;17:48:41;;-;-;;
479;Trovan Unique;"00075CE5CF";16.06.2018;17:48:42;;-;-;;
480;Trovan Unique;"00075CE5CF";16.06.2018;17:48:43;;-;-;;
481;Trovan Unique;"00075CE5CF";16.06.2018;17:48:44;;-;-;;
482;Trovan Unique;"00075CE5CF";16.06.2018;17:48:45;;-;-;;
483;Trovan Unique;"00075CE5CF";16.06.2018;17:48:46;;-;-;;
484;Trovan Unique;"00075CE5CF";16.06.2018;17:48:47;;-;-;;
485;Trovan Unique;"00075CE5CF";16.06.2018;17:48:48;;-;-;;
486;Trovan Unique;"00075CE5CF";16.06.2018;17:48:49;;-;-;;
487;Trovan Unique;"00075CE5CF";16.06.2018;17:48:50;;-;-;;
488;Trovan Unique;"00075CE5CF";16.06.2018;17:48:51;;-;-;;
489;Trovan Unique;"00075CE5CF";16.06.2018;17:48:52;;-;-;;
490;Trovan Unique;"00075CE5CF";16.06.2018;17:48:53;;-;-;;
491;Trovan Unique;"00075CE5CF";16.06.2018;17:48:54;;-;-;;
492;Trovan Unique;"00075CE5CF";16.06.2018;17:48:55;;-;-;;
493;Trovan Unique;"00075CE5CF";16.06.2018;17:48:56;;-;-;;
494;Trovan Unique;"00075CE5CF";16.06.2018;17:48:57;;-;-;;
495;Trovan Unique;"00075CE5CF";16.06.2018;17:48:58;;-;-;;
496;Trovan Unique;"00075CE5CF";16.06.2018;17:48:59;;-;-;;
497;Trovan Unique;"00075CE5CF";16.06.2018;17:49:00;;-;-;;
498;Trovan Unique;"00075CE5CF";16.06.2018;17:49:01;;-;-;;
499;Trovan Unique;"00075CE5CF";16.06.2018;17:49:02;;-;-;;
500;Trovan Unique;"00075CE5CF";16.06.2018;17:49:03;;-;-;;
501;Trovan Unique;"00075CE5CF";16.06.2018;17:49:04;;-;-;;
502;Trovan Unique;"00075CE5CF";16.06.2018;17:49:05;;-;-;;
503;Trovan Unique;"00075CE5CF";16.06.2018;17:49:06;;-;-;;
504;Trovan Unique;"00075CE5CF";16.06.2018;17:49:07;;-;-;;
505;Trovan Unique;"00075CE5CF";16.06.2018;17:49:08;;-;-;;
506;Trovan Unique;"00075CE5CF";16.06.2018;17:49:09;;-;-;;
507;Trovan Unique;"00075CE5CF";16.06.2018;17:49:10;;-;-;;
508;Trovan Unique;"00075CE5CF";16.06.2018;17:49:11;;-;-;;
509;Trovan Unique;"00075CE5CF";16.06.2018;17:49:12;;-;-;;
510;Trovan Unique;"00075CE5CF";16.06.2018;17:49:13;;-;-;;
511;Trovan Unique;"00075CE5CF";16.06.2018;17:49:14;;-;-;;
512;Trovan Unique;"00075CE5CF";16.06.2018;17:49:15;;-;-;;
513;Trovan Unique;"00075CE5CF";16.06.2018;17:49:16;;-;-;;
514;Trovan Unique;"00075CE5CF";16.06.2018;17:49:17;;-;-;;
515;Trovan Unique;"00075CE5CF";16.06.2018;17:49:18;;-;-;;
516;Trovan Unique;"00075CE5CF";16.06.2018;17:49:19;;-;-;;
517;Trovan Unique;"00075CE5CF";16.06.2018;17:49:20;;-;-;;
518;Trovan Unique;"00075CE5CF";16.06.2018;17:49:21;;-;-;;
519;Trovan Unique;"00075CE5CF";16.06.2018;17:49:22;;-;-;;
520;Trovan Unique;"00075CE5CF";16.06.2018;17:49:23;;-;-;;
521;Trovan Unique;"00075CE5CF";16.06.2018;17:49:24;;-;-;;
522;Trovan Unique;"00075CE5CF";16.06.2018;17:49:25;;-;-;;
523;Trovan Unique;"00075CE5CF";16.06.2018;17:49:26;;-;-;;
524;Trovan Unique;"00075CE5CF";16.06.2018;17:49:27;;-;-;;
525;Trovan Unique;"00075CE5CF";16.06.2018;17:49:28;;-;-;;
526;Trovan Unique;"00075CE5CF";16.06.2018;17:49:30;;-;-;;
527;Trovan Unique;"00075CE5CF";16.06.2018;17:49:31;;-;-;;
528;Trovan Unique;"00075CE5CF";16.06.2018;17:49:32;;-;-;;
529;Trovan Unique;"00075CE5CF";16.06.2018;17:49:34;;-;-;;
530;Trovan Unique;"00075CE5CF";16.06.2018;17:49:35;;-;-;;
531;Trovan Unique;"00075CE5CF";16.06.2018;17:49:36;;-;-;;
532;Trovan Unique;"00075CE5CF";16.06.2018;17:49:37;;-;-;;
533;Trovan Unique;"00075CE5CF";16.06.2018;17:49:38;;-;-;;
534;Trovan Unique;"00075CE5CF";16.06.2018;17:49:39;;-;-;;
535;Trovan Unique;"00075CE5CF";16.06.2018;17:49:40;;-;-;;
536;Trovan Unique;"00075CE5CF";16.06.2018;17:49:41;;-;-;;
537;Trovan Unique;"00075CE5CF";16.06.2018;17:49:42;;-;-;;
538;Trovan Unique;"00075CE5CF";16.06.2018;17:49:43;;-;-;;
539;Trovan Unique;"00075CE5CF";16.06.2018;17:49:44;;-;-;;
540;Trovan Unique;"00075CE5CF";16.06.2018;17:49:45;;-;-;;
541;Trovan Unique;"00075CE5CF";16.06.2018;17:49:46;;-;-;;
542;Trovan Unique;"00075CE5CF";16.06.2018;17:49:47;;-;-;;
543;Trovan Unique;"00075CE5CF";16.06.2018;17:49:48;;-;-;;
544;Trovan Unique;"00075CE5CF";16.06.2018;17:49:49;;-;-;;
545;Trovan Unique;"00075CE5CF";16.06.2018;17:49:50;;-;-;;
546;Trovan Unique;"00075CE5CF";16.06.2018;17:49:51;;-;-;;
547;Trovan Unique;"00075CE5CF";16.06.2018;17:49:52;;-;-;;
548;Trovan Unique;"00075CE5CF";16.06.2018;17:49:53;;-;-;;
549;Trovan Unique;"00075CE5CF";16.06.2018;17:49:54;;-;-;;
550;Trovan Unique;"00075CE5CF";16.06.2018;17:49:55;;-;-;;
551;Trovan Unique;"00075CE5CF";16.06.2018;17:49:56;;-;-;;
552;Trovan Unique;"00075CE5CF";16.06.2018;17:49:57;;-;-;;
553;Trovan Unique;"00075CE5CF";16.06.2018;17:49:58;;-;-;;
554;Trovan Unique;"00075CE5CF";16.06.2018;17:49:59;;-;-;;
555;Trovan Unique;"00075CE5CF";16.06.2018;17:50:00;;-;-;;
556;Trovan Unique;"00075CE5CF";16.06.2018;17:50:01;;-;-;;
557;Trovan Unique;"00075CE5CF";16.06.2018;17:50:02;;-;-;;
558;Trovan Unique;"00075CE5CF";16.06.2018;17:50:03;;-;-;;
559;Trovan Unique;"00075CE5CF";16.06.2018;17:50:04;;-;-;;
560;Trovan Unique;"00075CE5CF";16.06.2018;17:50:05;;-;-;;
561;Trovan Unique;"00075CE5CF";16.06.2018;17:50:06;;-;-;;
562;Trovan Unique;"00075CE5CF";16.06.2018;17:50:07;;-;-;;
563;Trovan Unique;"00075CE5CF";16.06.2018;17:50:08;;-;-;;
564;Trovan Unique;"00075CE5CF";16.06.2018;17:50:09;;-;-;;
565;Trovan Unique;"00075CE5CF";16.06.2018;17:50:10;;-;-;;
566;Trovan Unique;"00075CE5CF";16.06.2018;17:50:11;;-;-;;
567;Trovan Unique;"00075CE5CF";16.06.2018;17:50:12;;-;-;;
568;Trovan Unique;"00075CE5CF";16.06.2018;17:50:13;;-;-;;
569;Trovan Unique;"00075CE5CF";16.06.2018;17:50:14;;-;-;;
570;Trovan Unique;"00075CE5CF";16.06.2018;17:50:15;;-;-;;
571;Trovan Unique;"00075CE5CF";16.06.2018;17:50:16;;-;-;;
572;Trovan Unique;"00075CE5CF";16.06.2018;17:50:17;;-;-;;
573;Trovan Unique;"00075CE5CF";16.06.2018;17:50:18;;-;-;;
574;Trovan Unique;"00075CE5CF";16.06.2018;17:50:19;;-;-;;
575;Trovan Unique;"00075CE5CF";16.06.2018;17:50:20;;-;-;;
576;Trovan Unique;"00075CE5CF";16.06.2018;17:50:21;;-;-;;
577;Trovan Unique;"00075CE5CF";16.06.2018;17:50:22;;-;-;;
578;Trovan Unique;"00075CE5CF";16.06.2018;17:50:23;;-;-;;
579;Trovan Unique;"00075CE5CF";16.06.2018;17:50:24;;-;-;;
580;Trovan Unique;"00075CE5CF";16.06.2018;17:50:25;;-;-;;
581;Trovan Unique;"00075CE5CF";16.06.2018;17:50:26;;-;-;;
582;Trovan Unique;"00075CE5CF";16.06.2018;17:50:27;;-;-;;
583;Trovan Unique;"00075CE5CF";16.06.2018;17:50:28;;-;-;;
584;Trovan Unique;"00075CE5CF";16.06.2018;17:50:29;;-;-;;
585;Trovan Unique;"00075CE5CF";16.06.2018;17:50:30;;-;-;;
586;Trovan Unique;"00075CE5CF";16.06.2018;17:50:31;;-;-;;
587;Trovan Unique;"00075CE5CF";16.06.2018;17:50:32;;-;-;;
588;Trovan Unique;"00075CE5CF";16.06.2018;17:50:33;;-;-;;
589;Trovan Unique;"00075CE5CF";16.06.2018;17:50:34;;-;-;;
590;Trovan Unique;"00075CE5CF";16.06.2018;17:50:35;;-;-;;
591;Trovan Unique;"00075CE5CF";16.06.2018;17:50:36;;-;-;;
592;Trovan Unique;"00075CE5CF";16.06.2018;17:50:37;;-;-;;
593;Trovan Unique;"00075CE5CF";16.06.2018;17:50:38;;-;-;;
594;Trovan Unique;"00075CE5CF";16.06.2018;17:50:39;;-;-;;
595;Trovan Unique;"00075CE5CF";16.06.2018;17:50:40;;-;-;;
596;Trovan Unique;"00075CE5CF";16.06.2018;17:50:41;;-;-;;
597;Trovan Unique;"00075CE5CF";16.06.2018;17:50:42;;-;-;;
598;Trovan Unique;"00075CE5CF";16.06.2018;17:50:43;;-;-;;
599;Trovan Unique;"00075CE5CF";16.06.2018;17:50:47;;-;-;;
600;Trovan Unique;"00075CE5CF";16.06.2018;17:50:48;;-;-;;
601;Trovan Unique;"00075CE5CF";16.06.2018;17:50:52;;-;-;;
602;Trovan Unique;"00075CE5CF";16.06.2018;17:50:53;;-;-;;
603;Trovan Unique;"00075CE5CF";16.06.2018;17:50:54;;-;-;;
604;Trovan Unique;"00075CE5CF";16.06.2018;17:50:55;;-;-;;
605;Trovan Unique;"00075CE5CF";16.06.2018;17:50:56;;-;-;;
606;Trovan Unique;"00075CE5CF";16.06.2018;17:50:57;;-;-;;
607;Trovan Unique;"00075CE5CF";16.06.2018;17:51:01;;-;-;;
608;Trovan Unique;"00075CE5CF";16.06.2018;17:51:02;;-;-;;
609;Trovan Unique;"00075CE5CF";16.06.2018;17:51:03;;-;-;;
610;Trovan Unique;"00075CE5CF";16.06.2018;17:51:04;;-;-;;
611;Trovan Unique;"00075CE5CF";16.06.2018;17:51:07;;-;-;;
612;Trovan Unique;"00075CE5CF";16.06.2018;17:51:09;;-;-;;
613;Trovan Unique;"00075CE5CF";16.06.2018;17:51:10;;-;-;;
614;Trovan Unique;"00075CE5CF";16.06.2018;17:51:11;;-;-;;
615;Trovan Unique;"00075CE5CF";16.06.2018;17:51:12;;-;-;;
616;Trovan Unique;"00075CE5CF";16.06.2018;17:51:13;;-;-;;
617;Trovan Unique;"00075CE5CF";16.06.2018;17:51:14;;-;-;;
618;Trovan Unique;"00075CE5CF";16.06.2018;17:51:15;;-;-;;
619;Trovan Unique;"00075CE5CF";16.06.2018;17:51:16;;-;-;;
620;Trovan Unique;"00075CE5CF";16.06.2018;17:51:17;;-;-;;
621;Trovan Unique;"00075CE5CF";16.06.2018;17:51:18;;-;-;;
622;Trovan Unique;"00075CE5CF";16.06.2018;17:51:19;;-;-;;
623;Trovan Unique;"00075CE5CF";16.06.2018;17:51:20;;-;-;;
624;Trovan Unique;"00075CE5CF";16.06.2018;17:51:21;;-;-;;
625;Trovan Unique;"00075CE5CF";16.06.2018;17:51:22;;-;-;;
626;Trovan Unique;"00075CE5CF";16.06.2018;17:51:23;;-;-;;
627;Trovan Unique;"00075CE5CF";16.06.2018;17:51:24;;-;-;;
628;Trovan Unique;"00075CE5CF";16.06.2018;17:51:25;;-;-;;
629;Trovan Unique;"00075CE5CF";16.06.2018;17:51:26;;-;-;;
630;Trovan Unique;"00075CE5CF";16.06.2018;17:51:27;;-;-;;
631;Trovan Unique;"00075CE5CF";16.06.2018;17:51:28;;-;-;;
632;Trovan Unique;"00075CE5CF";16.06.2018;17:51:29;;-;-;;
633;Trovan Unique;"00075CE5CF";16.06.2018;17:51:30;;-;-;;
634;Trovan Unique;"00075CE5CF";16.06.2018;17:51:31;;-;-;;
635;Trovan Unique;"00075CE5CF";16.06.2018;17:51:32;;-;-;;
636;Trovan Unique;"00075CE5CF";16.06.2018;17:51:33;;-;-;;
637;Trovan Unique;"00075CE5CF";16.06.2018;17:51:34;;-;-;;
638;Trovan Unique;"00075CE5CF";16.06.2018;17:51:35;;-;-;;
639;Trovan Unique;"00075CE5CF";16.06.2018;17:51:36;;-;-;;
640;Trovan Unique;"00075CE5CF";16.06.2018;17:51:37;;-;-;;
641;Trovan Unique;"00075CE5CF";16.06.2018;17:51:38;;-;-;;
642;Trovan Unique;"00075CE5CF";16.06.2018;17:51:39;;-;-;;
643;Trovan Unique;"00075CE5CF";16.06.2018;17:51:40;;-;-;;
644;Trovan Unique;"00075CE5CF";16.06.2018;17:51:41;;-;-;;
645;Trovan Unique;"00075CE5CF";16.06.2018;17:51:42;;-;-;;
646;Trovan Unique;"00075CE5CF";16.06.2018;17:51:43;;-;-;;
647;Trovan Unique;"00075CE5CF";16.06.2018;17:51:44;;-;-;;
648;Trovan Unique;"00075CE5CF";16.06.2018;17:51:45;;-;-;;
649;Trovan Unique;"00075CE5CF";16.06.2018;17:51:46;;-;-;;
650;Trovan Unique;"00075CE5CF";16.06.2018;17:51:47;;-;-;;
651;Trovan Unique;"00075CE5CF";16.06.2018;17:51:48;;-;-;;
652;Trovan Unique;"00075CE5CF";16.06.2018;17:51:49;;-;-;;
653;Trovan Unique;"00075CE5CF";16.06.2018;17:51:50;;-;-;;
654;Trovan Unique;"00075CE5CF";16.06.2018;17:51:51;;-;-;;
655;Trovan Unique;"00075CE5CF";16.06.2018;17:51:52;;-;-;;
656;Trovan Unique;"00075CE5CF";16.06.2018;17:51:53;;-;-;;
657;Trovan Unique;"00075CE5CF";16.06.2018;17:51:54;;-;-;;
658;Trovan Unique;"00075CE5CF";16.06.2018;17:51:55;;-;-;;
659;Trovan Unique;"00075CE5CF";16.06.2018;17:51:56;;-;-;;
660;Trovan Unique;"00075CE5CF";16.06.2018;17:51:57;;-;-;;
661;Trovan Unique;"00075CE5CF";16.06.2018;17:51:58;;-;-;;
662;Trovan Unique;"00075CE5CF";16.06.2018;17:51:59;;-;-;;
663;Trovan Unique;"00075CE5CF";16.06.2018;17:52:00;;-;-;;
664;Trovan Unique;"00075CE5CF";16.06.2018;17:52:01;;-;-;;
665;Trovan Unique;"00075CE5CF";16.06.2018;17:52:02;;-;-;;
666;Trovan Unique;"00075CE5CF";16.06.2018;17:52:03;;-;-;;
667;Trovan Unique;"00075CE5CF";16.06.2018;17:52:04;;-;-;;
668;Trovan Unique;"00075CE5CF";16.06.2018;17:52:05;;-;-;;
669;Trovan Unique;"00075CE5CF";16.06.2018;17:52:06;;-;-;;
670;Trovan Unique;"00075CE5CF";16.06.2018;17:52:07;;-;-;;
671;Trovan Unique;"00075CE5CF";16.06.2018;17:52:11;;-;-;;
672;Trovan Unique;"00075CE5CF";16.06.2018;17:52:12;;-;-;;
673;Trovan Unique;"00075CE5CF";16.06.2018;17:52:13;;-;-;;
674;Trovan Unique;"00075CE5CF";16.06.2018;17:52:16;;-;-;;
675;Trovan Unique;"00075CE5CF";16.06.2018;17:52:17;;-;-;;
676;Trovan Unique;"00075CE5CF";16.06.2018;17:52:18;;-;-;;
677;Trovan Unique;"00075CE5CF";16.06.2018;17:52:23;;-;-;;
678;Trovan Unique;"00075CE5CF";16.06.2018;17:52:24;;-;-;;
679;Trovan Unique;"00075CE5CF";16.06.2018;17:52:25;;-;-;;
680;Trovan Unique;"00075CE5CF";16.06.2018;17:52:26;;-;-;;
681;Trovan Unique;"00075CE5CF";16.06.2018;17:52:27;;-;-;;
682;Trovan Unique;"00075CE5CF";16.06.2018;17:52:53;;-;-;;
683;Trovan Unique;"00075CE5CF";16.06.2018;17:52:54;;-;-;;
684;Trovan Unique;"00075CE5CF";16.06.2018;17:52:55;;-;-;;
685;Trovan Unique;"00075CE5CF";16.06.2018;17:52:56;;-;-;;
686;Trovan Unique;"00075CE5CF";16.06.2018;17:52:57;;-;-;;
687;Trovan Unique;"00075CE5CF";16.06.2018;17:52:58;;-;-;;
688;Trovan Unique;"00075CE5CF";16.06.2018;17:52:59;;-;-;;
689;Trovan Unique;"00075CE5CF";16.06.2018;17:53:00;;-;-;;
690;Trovan Unique;"00075CE5CF";16.06.2018;17:53:01;;-;-;;
691;Trovan Unique;"00075CE5CF";16.06.2018;17:53:02;;-;-;;
692;Trovan Unique;"00075CE5CF";16.06.2018;17:53:03;;-;-;;
693;Trovan Unique;"00075CE5CF";16.06.2018;17:53:04;;-;-;;
694;Trovan Unique;"00075CE5CF";16.06.2018;17:53:05;;-;-;;
695;Trovan Unique;"00075CE5CF";16.06.2018;17:53:06;;-;-;;
696;Trovan Unique;"00075CE5CF";16.06.2018;17:53:07;;-;-;;
697;Trovan Unique;"00075CE5CF";16.06.2018;17:53:08;;-;-;;
698;Trovan Unique;"00075CE5CF";16.06.2018;17:53:09;;-;-;;
699;Trovan Unique;"00075CE5CF";16.06.2018;17:53:10;;-;-;;
700;Trovan Unique;"00075CE5CF";16.06.2018;17:53:11;;-;-;;
701;Trovan Unique;"00075CE5CF";16.06.2018;17:53:12;;-;-;;
702;Trovan Unique;"00075CE5CF";16.06.2018;17:53:13;;-;-;;
703;Trovan Unique;"00075CE5CF";16.06.2018;17:53:14;;-;-;;
704;Trovan Unique;"00075CE5CF";16.06.2018;17:53:15;;-;-;;
705;Trovan Unique;"00075CE5CF";16.06.2018;17:53:16;;-;-;;
706;Trovan Unique;"00075CE5CF";16.06.2018;17:53:17;;-;-;;
707;Trovan Unique;"00075CE5CF";16.06.2018;17:53:18;;-;-;;
708;Trovan Unique;"00075CE5CF";16.06.2018;17:53:19;;-;-;;
709;Trovan Unique;"00075CE5CF";16.06.2018;17:53:21;;-;-;;
710;Trovan Unique;"00075CE5CF";16.06.2018;17:53:31;;-;-;;
711;Trovan Unique;"00075CE5CF";16.06.2018;17:53:32;;-;-;;
712;Trovan Unique;"00075CE5CF";16.06.2018;17:53:33;;-;-;;
713;Trovan Unique;"00075CE5CF";16.06.2018;17:53:34;;-;-;;
714;Trovan Unique;"00075CE5CF";16.06.2018;17:53:35;;-;-;;
715;Trovan Unique;"00075CE5CF";16.06.2018;17:53:35;;-;-;;
716;Trovan Unique;"00075CE5CF";16.06.2018;17:53:36;;-;-;;
717;Trovan Unique;"00075CE5CF";16.06.2018;17:53:37;;-;-;;
718;Trovan Unique;"00075CE5CF";16.06.2018;17:53:38;;-;-;;
719;Trovan Unique;"00075CE5CF";16.06.2018;17:53:39;;-;-;;
720;Trovan Unique;"00075CE5CF";16.06.2018;17:53:40;;-;-;;
721;Trovan Unique;"00075CE5CF";16.06.2018;17:53:41;;-;-;;
722;Trovan Unique;"00075CE5CF";16.06.2018;17:53:42;;-;-;;
723;Trovan Unique;"00075CE5CF";16.06.2018;17:53:43;;-;-;;
724;Trovan Unique;"00075CE5CF";16.06.2018;17:53:44;;-;-;;
725;Trovan Unique;"00075CE5CF";16.06.2018;17:53:45;;-;-;;
726;Trovan Unique;"00075CE5CF";16.06.2018;17:53:46;;-;-;;
727;Trovan Unique;"00075CE5CF";16.06.2018;17:53:47;;-;-;;
728;Trovan Unique;"00075CE5CF";16.06.2018;17:53:48;;-;-;;
729;Trovan Unique;"00075CE5CF";16.06.2018;17:53:49;;-;-;;
730;Trovan Unique;"00075CE5CF";16.06.2018;17:53:50;;-;-;;
731;Trovan Unique;"00075CE5CF";16.06.2018;17:53:51;;-;-;;
732;Trovan Unique;"00075CE5CF";16.06.2018;17:53:52;;-;-;;
733;Trovan Unique;"00075CE5CF";16.06.2018;17:53:53;;-;-;;
734;Trovan Unique;"00075CE5CF";16.06.2018;17:53:54;;-;-;;
735;Trovan Unique;"00075CE5CF";16.06.2018;17:53:55;;-;-;;
736;Trovan Unique;"00075CE5CF";16.06.2018;17:53:56;;-;-;;
737;Trovan Unique;"00075CE5CF";16.06.2018;17:53:57;;-;-;;
738;Trovan Unique;"00075CE5CF";16.06.2018;17:53:58;;-;-;;
739;Trovan Unique;"00075CE5CF";16.06.2018;17:53:59;;-;-;;
740;Trovan Unique;"00075CE5CF";16.06.2018;17:54:00;;-;-;;
741;Trovan Unique;"00075CE5CF";16.06.2018;17:54:01;;-;-;;
742;Trovan Unique;"00075CE5CF";16.06.2018;17:54:02;;-;-;;
743;Trovan Unique;"00075CE5CF";16.06.2018;17:54:03;;-;-;;
744;Trovan Unique;"00075CE5CF";16.06.2018;17:54:04;;-;-;;
745;Trovan Unique;"00075CE5CF";16.06.2018;17:54:05;;-;-;;
746;Trovan Unique;"00075CE5CF";16.06.2018;17:54:06;;-;-;;
747;Trovan Unique;"00075CE5CF";16.06.2018;17:54:07;;-;-;;
748;Trovan Unique;"00075CE5CF";16.06.2018;17:54:08;;-;-;;
749;Trovan Unique;"00075CE5CF";16.06.2018;17:54:09;;-;-;;
750;Trovan Unique;"00075CE5CF";16.06.2018;17:54:10;;-;-;;
751;Trovan Unique;"00075CE5CF";16.06.2018;17:54:11;;-;-;;
752;Trovan Unique;"00075CE5CF";16.06.2018;17:54:12;;-;-;;
753;Trovan Unique;"00075CE5CF";16.06.2018;17:54:13;;-;-;;
754;Trovan Unique;"00075CE5CF";16.06.2018;17:54:14;;-;-;;
755;Trovan Unique;"00075CE5CF";16.06.2018;17:54:15;;-;-;;
756;Trovan Unique;"00075CE5CF";16.06.2018;17:54:16;;-;-;;
757;Trovan Unique;"00075CE5CF";16.06.2018;17:54:17;;-;-;;
758;Trovan Unique;"00075CE5CF";16.06.2018;17:54:18;;-;-;;
759;Trovan Unique;"00075CE5CF";16.06.2018;17:54:19;;-;-;;
760;Trovan Unique;"00075CE5CF";16.06.2018;17:54:20;;-;-;;
761;Trovan Unique;"00075CE5CF";16.06.2018;17:54:21;;-;-;;
762;Trovan Unique;"00075CE5CF";16.06.2018;17:54:22;;-;-;;
763;Trovan Unique;"00075CE5CF";16.06.2018;17:54:23;;-;-;;
764;Trovan Unique;"00075CE5CF";16.06.2018;17:54:24;;-;-;;
765;Trovan Unique;"00075CE5CF";16.06.2018;17:54:25;;-;-;;
766;Trovan Unique;"00075CE5CF";16.06.2018;17:54:26;;-;-;;
767;Trovan Unique;"00075CE5CF";16.06.2018;17:54:27;;-;-;;
768;Trovan Unique;"00075CE5CF";16.06.2018;17:54:28;;-;-;;
769;Trovan Unique;"00075CE5CF";16.06.2018;17:54:29;;-;-;;
770;Trovan Unique;"00075CE5CF";16.06.2018;17:54:30;;-;-;;
771;Trovan Unique;"00075CE5CF";16.06.2018;17:54:31;;-;-;;
772;Trovan Unique;"00075CE5CF";16.06.2018;17:54:32;;-;-;;
773;Trovan Unique;"00075CE5CF";16.06.2018;17:54:33;;-;-;;
774;Trovan Unique;"00075CE5CF";16.06.2018;17:54:34;;-;-;;
775;Trovan Unique;"00075CE5CF";16.06.2018;17:54:35;;-;-;;
776;Trovan Unique;"00075CE5CF";16.06.2018;17:54:36;;-;-;;
777;Trovan Unique;"00075CE5CF";16.06.2018;17:54:37;;-;-;;
778;Trovan Unique;"00075CE5CF";16.06.2018;17:54:38;;-;-;;
779;Trovan Unique;"00075CE5CF";16.06.2018;17:54:39;;-;-;;
780;Trovan Unique;"00075CE5CF";16.06.2018;17:54:40;;-;-;;
781;Trovan Unique;"00075CE5CF";16.06.2018;17:54:41;;-;-;;
782;Trovan Unique;"00075CE5CF";16.06.2018;17:54:42;;-;-;;
783;Trovan Unique;"00075CE5CF";16.06.2018;17:54:43;;-;-;;
784;Trovan Unique;"00075CE5CF";16.06.2018;17:54:44;;-;-;;
785;Trovan Unique;"00075CE5CF";16.06.2018;17:54:45;;-;-;;
786;Trovan Unique;"00075CE5CF";16.06.2018;17:54:46;;-;-;;
787;Trovan Unique;"00075CE5CF";16.06.2018;17:54:47;;-;-;;
788;Trovan Unique;"00075CE5CF";16.06.2018;17:54:48;;-;-;;
789;Trovan Unique;"00075CE5CF";16.06.2018;17:54:49;;-;-;;
790;Trovan Unique;"00075CE5CF";16.06.2018;17:54:50;;-;-;;
791;Trovan Unique;"00075CE5CF";16.06.2018;17:54:51;;-;-;;
792;Trovan Unique;"00075CE5CF";16.06.2018;17:54:52;;-;-;;
793;Trovan Unique;"00075CE5CF";16.06.2018;17:54:53;;-;-;;
794;Trovan Unique;"00075CE5CF";16.06.2018;17:54:54;;-;-;;
795;Trovan Unique;"00075CE5CF";16.06.2018;17:54:55;;-;-;;
796;Trovan Unique;"00075CE5CF";16.06.2018;17:54:56;;-;-;;
797;Trovan Unique;"00075CE5CF";16.06.2018;17:54:57;;-;-;;
798;Trovan Unique;"00075CE5CF";16.06.2018;17:54:58;;-;-;;
799;Trovan Unique;"00075CE5CF";16.06.2018;17:54:59;;-;-;;
800;Trovan Unique;"00075CE5CF";16.06.2018;17:55:00;;-;-;;
801;Trovan Unique;"00075CE5CF";16.06.2018;17:55:01;;-;-;;
802;Trovan Unique;"00075CE5CF";16.06.2018;17:55:02;;-;-;;
803;Trovan Unique;"00075CE5CF";16.06.2018;17:55:03;;-;-;;
804;Trovan Unique;"00075CE5CF";16.06.2018;17:55:04;;-;-;;
805;Trovan Unique;"00075CE5CF";16.06.2018;17:55:05;;-;-;;
806;Trovan Unique;"00075CE5CF";16.06.2018;17:55:06;;-;-;;
807;Trovan Unique;"00075CE5CF";16.06.2018;17:55:07;;-;-;;
808;Trovan Unique;"00075CE5CF";16.06.2018;17:55:08;;-;-;;
809;Trovan Unique;"00075CE5CF";16.06.2018;17:55:09;;-;-;;
810;Trovan Unique;"00075CE5CF";16.06.2018;17:55:10;;-;-;;
811;Trovan Unique;"00075CE5CF";16.06.2018;17:55:11;;-;-;;
812;Trovan Unique;"00075CE5CF";16.06.2018;17:55:12;;-;-;;
813;Trovan Unique;"00075CE5CF";16.06.2018;17:55:13;;-;-;;
814;Trovan Unique;"00075CE5CF";16.06.2018;17:55:14;;-;-;;
815;Trovan Unique;"00075CE5CF";16.06.2018;17:55:15;;-;-;;
816;Trovan Unique;"00075CE5CF";16.06.2018;17:55:16;;-;-;;
817;Trovan Unique;"00075CE5CF";16.06.2018;17:55:17;;-;-;;
818;Trovan Unique;"00075CE5CF";16.06.2018;17:55:18;;-;-;;
819;Trovan Unique;"00075CE5CF";16.06.2018;17:55:19;;-;-;;
820;Trovan Unique;"00075CE5CF";16.06.2018;17:55:20;;-;-;;
821;Trovan Unique;"00075CE5CF";16.06.2018;17:55:21;;-;-;;
822;Trovan Unique;"00075CE5CF";16.06.2018;17:55:22;;-;-;;
823;Trovan Unique;"00075CE5CF";16.06.2018;17:55:23;;-;-;;
824;Trovan Unique;"00075CE5CF";16.06.2018;17:55:24;;-;-;;
825;Trovan Unique;"00075CE5CF";16.06.2018;17:55:25;;-;-;;
826;Trovan Unique;"00075CE5CF";16.06.2018;17:55:26;;-;-;;
827;Trovan Unique;"00075CE5CF";16.06.2018;17:55:27;;-;-;;
828;Trovan Unique;"00075CE5CF";16.06.2018;17:55:28;;-;-;;
829;Trovan Unique;"00075CE5CF";16.06.2018;17:55:29;;-;-;;
830;Trovan Unique;"00075CE5CF";16.06.2018;17:55:30;;-;-;;
831;Trovan Unique;"00075CE5CF";16.06.2018;17:55:31;;-;-;;
832;Trovan Unique;"00075CE5CF";16.06.2018;17:55:32;;-;-;;
833;Trovan Unique;"00075CE5CF";16.06.2018;17:55:33;;-;-;;
834;Trovan Unique;"00075CE5CF";16.06.2018;17:55:34;;-;-;;
835;Trovan Unique;"00075CE5CF";16.06.2018;17:55:35;;-;-;;
836;Trovan Unique;"00075CE5CF";16.06.2018;17:55:36;;-;-;;
837;Trovan Unique;"00075CE5CF";16.06.2018;17:55:37;;-;-;;
838;Trovan Unique;"00075CE5CF";16.06.2018;17:55:38;;-;-;;
839;Trovan Unique;"00075CE5CF";16.06.2018;17:55:39;;-;-;;
840;Trovan Unique;"00075CE5CF";16.06.2018;17:55:40;;-;-;;
841;Trovan Unique;"00075CE5CF";16.06.2018;17:55:41;;-;-;;
842;Trovan Unique;"00075CE5CF";16.06.2018;17:55:42;;-;-;;
843;Trovan Unique;"00075CE5CF";16.06.2018;17:55:43;;-;-;;
844;Trovan Unique;"00075CE5CF";16.06.2018;17:55:44;;-;-;;
845;Trovan Unique;"00075CE5CF";16.06.2018;17:55:45;;-;-;;
846;Trovan Unique;"00075CE5CF";16.06.2018;17:55:46;;-;-;;
847;Trovan Unique;"00075CE5CF";16.06.2018;17:55:47;;-;-;;
848;Trovan Unique;"00075CE5CF";16.06.2018;17:55:48;;-;-;;
849;Trovan Unique;"00075CE5CF";16.06.2018;17:55:49;;-;-;;
850;Trovan Unique;"00075CE5CF";16.06.2018;17:55:50;;-;-;;
851;Trovan Unique;"00075CE5CF";16.06.2018;17:55:51;;-;-;;
852;Trovan Unique;"00075CE5CF";16.06.2018;17:55:52;;-;-;;
853;Trovan Unique;"00075CE5CF";16.06.2018;17:55:53;;-;-;;
854;Trovan Unique;"00075CE5CF";16.06.2018;17:55:54;;-;-;;
855;Trovan Unique;"00075CE5CF";16.06.2018;17:55:55;;-;-;;
856;Trovan Unique;"00075CE5CF";16.06.2018;17:55:56;;-;-;;
857;Trovan Unique;"00075CE5CF";16.06.2018;17:55:57;;-;-;;
858;Trovan Unique;"00075CE5CF";16.06.2018;17:55:58;;-;-;;
859;Trovan Unique;"00075CE5CF";16.06.2018;17:55:59;;-;-;;
860;Trovan Unique;"00075CE5CF";16.06.2018;17:56:00;;-;-;;
861;Trovan Unique;"00075CE5CF";16.06.2018;17:56:01;;-;-;;
862;Trovan Unique;"00075CE5CF";16.06.2018;17:56:02;;-;-;;
863;Trovan Unique;"00075CE5CF";16.06.2018;17:56:03;;-;-;;
864;Trovan Unique;"00075CE5CF";16.06.2018;17:56:04;;-;-;;
865;Trovan Unique;"00075CE5CF";16.06.2018;17:56:05;;-;-;;
866;Trovan Unique;"00075CE5CF";16.06.2018;17:56:06;;-;-;;
867;Trovan Unique;"00075CE5CF";16.06.2018;17:56:07;;-;-;;
868;Trovan Unique;"00075CE5CF";16.06.2018;17:56:09;;-;-;;
869;Trovan Unique;"00075CE5CF";16.06.2018;17:56:13;;-;-;;
870;Trovan Unique;"00075CE5CF";16.06.2018;17:56:14;;-;-;;
871;Trovan Unique;"00075CE5CF";16.06.2018;17:56:15;;-;-;;
872;Trovan Unique;"00075CE5CF";16.06.2018;17:56:16;;-;-;;
873;Trovan Unique;"00075CE5CF";16.06.2018;17:56:18;;-;-;;
874;Trovan Unique;"00075CE5CF";16.06.2018;17:56:20;;-;-;;
875;Trovan Unique;"00075CE5CF";16.06.2018;17:56:21;;-;-;;
876;Trovan Unique;"00075CE5CF";16.06.2018;17:56:22;;-;-;;
877;Trovan Unique;"00075CE5CF";16.06.2018;17:56:23;;-;-;;
878;Trovan Unique;"00075CE5CF";16.06.2018;17:56:24;;-;-;;
879;Trovan Unique;"00075CE5CF";16.06.2018;17:56:25;;-;-;;
880;Trovan Unique;"00075CE5CF";16.06.2018;17:56:26;;-;-;;
881;Trovan Unique;"00075CE5CF";16.06.2018;17:56:27;;-;-;;
882;Trovan Unique;"00075CE5CF";16.06.2018;17:56:28;;-;-;;
883;Trovan Unique;"00075CE5CF";16.06.2018;17:56:29;;-;-;;
884;Trovan Unique;"00075CE5CF";16.06.2018;17:56:30;;-;-;;
885;Trovan Unique;"00075CE5CF";16.06.2018;17:56:31;;-;-;;
886;Trovan Unique;"00075CE5CF";16.06.2018;17:56:32;;-;-;;
887;Trovan Unique;"00075CE5CF";16.06.2018;17:56:33;;-;-;;
888;Trovan Unique;"00075CE5CF";16.06.2018;17:56:34;;-;-;;
889;Trovan Unique;"00075CE5CF";16.06.2018;17:56:35;;-;-;;
890;Trovan Unique;"00075CE5CF";16.06.2018;17:56:36;;-;-;;
891;Trovan Unique;"00075CE5CF";16.06.2018;17:56:37;;-;-;;
892;Trovan Unique;"00075CE5CF";16.06.2018;17:56:38;;-;-;;
893;Trovan Unique;"00075CE5CF";16.06.2018;17:56:39;;-;-;;
894;Trovan Unique;"00075CE5CF";16.06.2018;17:56:40;;-;-;;
895;Trovan Unique;"00075CE5CF";16.06.2018;17:56:41;;-;-;;
896;Trovan Unique;"00075CE5CF";16.06.2018;17:56:42;;-;-;;
897;Trovan Unique;"00075CE5CF";16.06.2018;17:56:43;;-;-;;
898;Trovan Unique;"00075CE5CF";16.06.2018;17:56:44;;-;-;;
899;Trovan Unique;"00075CE5CF";16.06.2018;17:56:45;;-;-;;
900;Trovan Unique;"00075CE5CF";16.06.2018;17:56:46;;-;-;;
901;Trovan Unique;"00075CE5CF";16.06.2018;17:56:47;;-;-;;
902;Trovan Unique;"00075CE5CF";16.06.2018;17:56:48;;-;-;;
903;Trovan Unique;"00075CE5CF";16.06.2018;17:56:49;;-;-;;
904;Trovan Unique;"00075CE5CF";16.06.2018;17:56:50;;-;-;;
905;Trovan Unique;"00075CE5CF";16.06.2018;17:56:51;;-;-;;
906;Trovan Unique;"00075CE5CF";16.06.2018;17:56:52;;-;-;;
907;Trovan Unique;"00075CE5CF";16.06.2018;17:56:53;;-;-;;
908;Trovan Unique;"00075CE5CF";16.06.2018;17:56:54;;-;-;;
909;Trovan Unique;"00075CE5CF";16.06.2018;17:56:55;;-;-;;
910;Trovan Unique;"00075CE5CF";16.06.2018;17:56:56;;-;-;;
911;Trovan Unique;"00075CE5CF";16.06.2018;17:56:57;;-;-;;
912;Trovan Unique;"00075CE5CF";16.06.2018;17:56:58;;-;-;;
913;Trovan Unique;"00075CE5CF";16.06.2018;17:56:59;;-;-;;
914;Trovan Unique;"00075CE5CF";16.06.2018;17:57:00;;-;-;;
915;Trovan Unique;"00075CE5CF";16.06.2018;17:57:01;;-;-;;
916;Trovan Unique;"00075CE5CF";16.06.2018;17:57:02;;-;-;;
917;Trovan Unique;"00075CE5CF";16.06.2018;17:57:03;;-;-;;
918;Trovan Unique;"00075CE5CF";16.06.2018;17:57:04;;-;-;;
919;Trovan Unique;"00075CE5CF";16.06.2018;17:57:05;;-;-;;
920;Trovan Unique;"00075CE5CF";16.06.2018;17:57:06;;-;-;;
921;Trovan Unique;"00075CE5CF";16.06.2018;17:57:07;;-;-;;
922;Trovan Unique;"00075CE5CF";16.06.2018;17:57:08;;-;-;;
923;Trovan Unique;"00075CE5CF";16.06.2018;17:57:09;;-;-;;
924;Trovan Unique;"00075CE5CF";16.06.2018;17:57:10;;-;-;;
925;Trovan Unique;"00075CE5CF";16.06.2018;17:57:11;;-;-;;
926;Trovan Unique;"00075CE5CF";16.06.2018;17:57:12;;-;-;;
927;Trovan Unique;"00075CE5CF";16.06.2018;17:57:13;;-;-;;
928;Trovan Unique;"00075CE5CF";16.06.2018;17:57:14;;-;-;;
929;Trovan Unique;"00075CE5CF";16.06.2018;17:57:15;;-;-;;
930;Trovan Unique;"00075CE5CF";16.06.2018;17:57:16;;-;-;;
931;Trovan Unique;"00075CE5CF";16.06.2018;17:57:17;;-;-;;
932;Trovan Unique;"00075CE5CF";16.06.2018;17:57:18;;-;-;;
933;Trovan Unique;"00075CE5CF";16.06.2018;17:57:19;;-;-;;
934;Trovan Unique;"00075CE5CF";16.06.2018;17:57:20;;-;-;;
935;Trovan Unique;"00075CE5CF";16.06.2018;17:57:21;;-;-;;
936;Trovan Unique;"00075CE5CF";16.06.2018;17:57:22;;-;-;;
937;Trovan Unique;"00075CE5CF";16.06.2018;17:57:23;;-;-;;
938;Trovan Unique;"00075CE5CF";16.06.2018;17:57:24;;-;-;;
939;Trovan Unique;"00075CE5CF";16.06.2018;17:57:25;;-;-;;
940;Trovan Unique;"00075CE5CF";16.06.2018;17:57:26;;-;-;;
941;Trovan Unique;"00075CE5CF";16.06.2018;17:57:27;;-;-;;
942;Trovan Unique;"00075CE5CF";16.06.2018;17:57:28;;-;-;;
943;Trovan Unique;"00075CE5CF";16.06.2018;17:57:29;;-;-;;
944;Trovan Unique;"00075CE5CF";16.06.2018;17:57:30;;-;-;;
945;Trovan Unique;"00075CE5CF";16.06.2018;17:57:31;;-;-;;
946;Trovan Unique;"00075CE5CF";16.06.2018;17:57:32;;-;-;;
947;Trovan Unique;"00075CE5CF";16.06.2018;17:57:33;;-;-;;
948;Trovan Unique;"00075CE5CF";16.06.2018;17:57:34;;-;-;;
949;Trovan Unique;"00075CE5CF";16.06.2018;17:57:35;;-;-;;
950;Trovan Unique;"00075CE5CF";16.06.2018;17:57:36;;-;-;;
951;Trovan Unique;"00075CE5CF";16.06.2018;17:57:37;;-;-;;
952;Trovan Unique;"00075CE5CF";16.06.2018;17:57:38;;-;-;;
953;Trovan Unique;"00075CE5CF";16.06.2018;17:57:39;;-;-;;
954;Trovan Unique;"00075CE5CF";16.06.2018;17:57:40;;-;-;;
955;Trovan Unique;"00075CE5CF";16.06.2018;17:57:41;;-;-;;
956;Trovan Unique;"00075CE5CF";16.06.2018;17:57:42;;-;-;;
957;Trovan Unique;"00075CE5CF";16.06.2018;17:57:43;;-;-;;
958;Trovan Unique;"00075CE5CF";16.06.2018;17:57:44;;-;-;;
959;Trovan Unique;"00075CE5CF";16.06.2018;17:57:45;;-;-;;
960;Trovan Unique;"00075CE5CF";16.06.2018;17:57:46;;-;-;;
961;Trovan Unique;"00075CE5CF";16.06.2018;17:57:47;;-;-;;
962;Trovan Unique;"00075CE5CF";16.06.2018;17:57:48;;-;-;;
963;Trovan Unique;"00075CE5CF";16.06.2018;17:57:49;;-;-;;
964;Trovan Unique;"00075CE5CF";16.06.2018;17:57:50;;-;-;;
965;Trovan Unique;"00075CE5CF";16.06.2018;17:57:51;;-;-;;
966;Trovan Unique;"00075CE5CF";16.06.2018;17:57:52;;-;-;;
967;Trovan Unique;"00075CE5CF";16.06.2018;17:57:53;;-;-;;
968;Trovan Unique;"00075CE5CF";16.06.2018;17:57:54;;-;-;;
969;Trovan Unique;"00075CE5CF";16.06.2018;17:57:55;;-;-;;
970;Trovan Unique;"00075CE5CF";16.06.2018;17:57:56;;-;-;;
971;Trovan Unique;"00075CE5CF";16.06.2018;17:57:57;;-;-;;
972;Trovan Unique;"00075CE5CF";16.06.2018;17:57:58;;-;-;;
973;Trovan Unique;"00075CE5CF";16.06.2018;17:57:59;;-;-;;
974;Trovan Unique;"00075CE5CF";16.06.2018;17:58:00;;-;-;;
975;Trovan Unique;"00075CE5CF";16.06.2018;17:58:01;;-;-;;
976;Trovan Unique;"00075CE5CF";16.06.2018;17:58:02;;-;-;;
977;Trovan Unique;"00075CE5CF";16.06.2018;17:58:03;;-;-;;
978;Trovan Unique;"00075CE5CF";16.06.2018;17:58:04;;-;-;;
979;Trovan Unique;"00075CE5CF";16.06.2018;17:58:05;;-;-;;
980;Trovan Unique;"00075CE5CF";16.06.2018;17:58:06;;-;-;;
981;Trovan Unique;"00075CE5CF";16.06.2018;17:58:07;;-;-;;
982;Trovan Unique;"00075CE5CF";16.06.2018;17:58:08;;-;-;;
983;Trovan Unique;"00075CE5CF";16.06.2018;17:58:09;;-;-;;
984;Trovan Unique;"00075CE5CF";16.06.2018;17:58:10;;-;-;;
985;Trovan Unique;"00075CE5CF";16.06.2018;17:58:11;;-;-;;
986;Trovan Unique;"00075CE5CF";16.06.2018;17:58:12;;-;-;;
987;Trovan Unique;"00075CE5CF";16.06.2018;17:58:13;;-;-;;
988;Trovan Unique;"00075CE5CF";16.06.2018;17:58:14;;-;-;;
989;Trovan Unique;"00075CE5CF";16.06.2018;17:58:15;;-;-;;
990;Trovan Unique;"00075CE5CF";16.06.2018;17:58:16;;-;-;;
991;Trovan Unique;"00075CE5CF";16.06.2018;17:58:17;;-;-;;
992;Trovan Unique;"00075CE5CF";16.06.2018;17:58:18;;-;-;;
993;Trovan Unique;"00075CE5CF";16.06.2018;17:58:19;;-;-;;
994;Trovan Unique;"00075CE5CF";16.06.2018;17:58:20;;-;-;;
995;Trovan Unique;"00075CE5CF";16.06.2018;17:58:21;;-;-;;
996;Trovan Unique;"00075CE5CF";16.06.2018;17:58:22;;-;-;;
997;Trovan Unique;"00075CE5CF";16.06.2018;17:58:23;;-;-;;
998;Trovan Unique;"00075CE5CF";16.06.2018;17:58:24;;-;-;;
999;Trovan Unique;"00075CE5CF";16.06.2018;17:58:25;;-;-;;
1000;Trovan Unique;"00075CE5CF";16.06.2018;17:58:26;;-;-;;
1001;Trovan Unique;"00075CE5CF";16.06.2018;17:58:27;;-;-;;
1002;Trovan Unique;"00075CE5CF";16.06.2018;17:58:28;;-;-;;
1003;Trovan Unique;"00075CE5CF";16.06.2018;17:58:29;;-;-;;
1004;Trovan Unique;"00075CE5CF";16.06.2018;17:58:30;;-;-;;
1005;Trovan Unique;"00075CE5CF";16.06.2018;17:58:31;;-;-;;
1006;Trovan Unique;"00075CE5CF";16.06.2018;17:58:32;;-;-;;
1007;Trovan Unique;"00075CE5CF";16.06.2018;17:58:33;;-;-;;
1008;Trovan Unique;"00075CE5CF";16.06.2018;17:58:34;;-;-;;
1009;Trovan Unique;"00075CE5CF";16.06.2018;17:58:35;;-;-;;
1010;Trovan Unique;"00075CE5CF";16.06.2018;17:58:36;;-;-;;
1011;Trovan Unique;"00075CE5CF";16.06.2018;17:58:37;;-;-;;
1012;Trovan Unique;"00075CE5CF";16.06.2018;17:58:38;;-;-;;
1013;Trovan Unique;"00075CE5CF";16.06.2018;17:58:39;;-;-;;
1014;Trovan Unique;"00075CE5CF";16.06.2018;17:58:40;;-;-;;
1015;Trovan Unique;"00075CE5CF";16.06.2018;17:58:41;;-;-;;
1016;Trovan Unique;"00075CE5CF";16.06.2018;17:58:42;;-;-;;
1017;Trovan Unique;"00075CE5CF";16.06.2018;17:58:43;;-;-;;
1018;Trovan Unique;"00075CE5CF";16.06.2018;17:58:44;;-;-;;
1019;Trovan Unique;"00075CE5CF";16.06.2018;17:58:45;;-;-;;
1020;Trovan Unique;"00075CE5CF";16.06.2018;17:58:46;;-;-;;
1021;Trovan Unique;"00075CE5CF";16.06.2018;17:58:47;;-;-;;
1022;Trovan Unique;"00075CE5CF";16.06.2018;17:58:48;;-;-;;
1023;Trovan Unique;"00075CE5CF";16.06.2018;17:58:49;;-;-;;
1024;Trovan Unique;"00075CE5CF";16.06.2018;17:58:50;;-;-;;
1025;Trovan Unique;"00075CE5CF";16.06.2018;17:58:51;;-;-;;
1026;Trovan Unique;"00075CE5CF";16.06.2018;17:58:52;;-;-;;
1027;Trovan Unique;"00075CE5CF";16.06.2018;17:58:53;;-;-;;
1028;Trovan Unique;"00075CE5CF";16.06.2018;17:58:54;;-;-;;
1029;Trovan Unique;"00075CE5CF";16.06.2018;17:58:55;;-;-;;
1030;Trovan Unique;"00075CE5CF";16.06.2018;17:58:56;;-;-;;
1031;Trovan Unique;"00075CE5CF";16.06.2018;17:58:57;;-;-;;
1032;Trovan Unique;"00075CE5CF";16.06.2018;17:58:58;;-;-;;
1033;Trovan Unique;"00075CE5CF";16.06.2018;17:58:59;;-;-;;
1034;Trovan Unique;"00075CE5CF";16.06.2018;17:59:00;;-;-;;
1035;Trovan Unique;"00075CE5CF";16.06.2018;17:59:02;;-;-;;
1036;Trovan Unique;"00075CE5CF";16.06.2018;17:59:03;;-;-;;
1037;Trovan Unique;"00075CE5CF";16.06.2018;17:59:04;;-;-;;
1038;Trovan Unique;"00075CE5CF";16.06.2018;18:02:12;;-;-;;
1039;Trovan Unique;"00075CE5CF";16.06.2018;18:02:14;;-;-;;
1040;Trovan Unique;"00075CE5CF";16.06.2018;18:02:15;;-;-;;
1041;Trovan Unique;"00075CE5CF";16.06.2018;18:02:16;;-;-;;
1042;Trovan Unique;"00075CE5CF";16.06.2018;18:02:17;;-;-;;
1043;Trovan Unique;"00075CE5CF";16.06.2018;18:02:18;;-;-;;
1044;Trovan Unique;"00075CE5CF";16.06.2018;18:02:19;;-;-;;
1045;Trovan Unique;"00075CE5CF";16.06.2018;18:02:20;;-;-;;
1046;Trovan Unique;"00075CE5CF";16.06.2018;18:02:21;;-;-;;
1047;Trovan Unique;"00075CE5CF";16.06.2018;18:02:22;;-;-;;
1048;Trovan Unique;"00075CE5CF";16.06.2018;18:02:23;;-;-;;
1049;Trovan Unique;"00075CE5CF";16.06.2018;18:02:24;;-;-;;
1050;Trovan Unique;"00075CE5CF";16.06.2018;18:02:25;;-;-;;
1051;Trovan Unique;"00075CE5CF";16.06.2018;18:02:26;;-;-;;
1052;Trovan Unique;"00075CE5CF";16.06.2018;18:02:27;;-;-;;
1053;Trovan Unique;"00075CE5CF";16.06.2018;18:02:28;;-;-;;
1054;Trovan Unique;"00075CE5CF";16.06.2018;18:02:29;;-;-;;
1055;Trovan Unique;"00075CE5CF";16.06.2018;18:02:30;;-;-;;
1056;Trovan Unique;"00075CE5CF";16.06.2018;18:02:31;;-;-;;
1057;Trovan Unique;"00075CE5CF";16.06.2018;18:02:32;;-;-;;
1058;Trovan Unique;"00075CE5CF";16.06.2018;18:02:33;;-;-;;
1059;Trovan Unique;"00075CE5CF";16.06.2018;18:02:34;;-;-;;
1060;Trovan Unique;"00075CE5CF";16.06.2018;18:02:35;;-;-;;
1061;Trovan Unique;"00075CE5CF";16.06.2018;18:02:36;;-;-;;
1062;Trovan Unique;"00075CE5CF";16.06.2018;18:02:37;;-;-;;
1063;Trovan Unique;"00075CE5CF";16.06.2018;18:02:38;;-;-;;
1064;Trovan Unique;"00075CE5CF";16.06.2018;18:02:39;;-;-;;
1065;Trovan Unique;"00075CE5CF";16.06.2018;18:02:40;;-;-;;
1066;Trovan Unique;"00075CE5CF";16.06.2018;18:02:41;;-;-;;
1067;Trovan Unique;"00075CE5CF";16.06.2018;18:02:42;;-;-;;
1068;Trovan Unique;"00075CE5CF";16.06.2018;18:02:43;;-;-;;
1069;Trovan Unique;"00075CE5CF";16.06.2018;18:02:44;;-;-;;
1070;Trovan Unique;"00075CE5CF";16.06.2018;18:02:45;;-;-;;
1071;Trovan Unique;"00075CE5CF";16.06.2018;18:02:46;;-;-;;
1072;Trovan Unique;"00075CE5CF";16.06.2018;18:02:47;;-;-;;
1073;Trovan Unique;"00075CE5CF";16.06.2018;18:02:48;;-;-;;
1074;Trovan Unique;"00075CE5CF";16.06.2018;18:02:49;;-;-;;
1075;Trovan Unique;"00075CE5CF";16.06.2018;18:02:50;;-;-;;
1076;Trovan Unique;"00075CE5CF";16.06.2018;18:02:51;;-;-;;
1077;Trovan Unique;"00075CE5CF";16.06.2018;18:02:52;;-;-;;
1078;Trovan Unique;"00075CE5CF";16.06.2018;18:02:53;;-;-;;
1079;Trovan Unique;"00075CE5CF";16.06.2018;18:02:54;;-;-;;
1080;Trovan Unique;"00075CE5CF";16.06.2018;18:02:55;;-;-;;
1081;Trovan Unique;"00075CE5CF";16.06.2018;18:02:56;;-;-;;
1082;Trovan Unique;"00075CE5CF";16.06.2018;18:02:57;;-;-;;
1083;Trovan Unique;"00075CE5CF";16.06.2018;18:02:58;;-;-;;
1084;Trovan Unique;"00075CE5CF";16.06.2018;18:02:59;;-;-;;
1085;Trovan Unique;"00075CE5CF";16.06.2018;18:03:00;;-;-;;
1086;Trovan Unique;"00075CE5CF";16.06.2018;18:03:01;;-;-;;
1087;Trovan Unique;"00075CE5CF";16.06.2018;18:03:02;;-;-;;
1088;Trovan Unique;"00075CE5CF";16.06.2018;18:03:03;;-;-;;
1089;Trovan Unique;"00075CE5CF";16.06.2018;18:03:04;;-;-;;
1090;Trovan Unique;"00075CE5CF";16.06.2018;18:03:07;;-;-;;
1091;Trovan Unique;"00075CE5CF";16.06.2018;18:03:09;;-;-;;
1092;Trovan Unique;"00075CE5CF";16.06.2018;18:03:10;;-;-;;
1093;Trovan Unique;"00075CE5CF";16.06.2018;18:03:11;;-;-;;
1094;Trovan Unique;"00075CE5CF";16.06.2018;18:03:12;;-;-;;
1095;Trovan Unique;"00075CE5CF";16.06.2018;18:03:13;;-;-;;
1096;Trovan Unique;"00075CE5CF";16.06.2018;18:03:14;;-;-;;
1097;Trovan Unique;"00075CE5CF";16.06.2018;18:03:15;;-;-;;
1098;Trovan Unique;"00075CE5CF";16.06.2018;18:03:16;;-;-;;
1099;Trovan Unique;"00075CE5CF";16.06.2018;18:03:17;;-;-;;
1100;Trovan Unique;"00075CE5CF";16.06.2018;18:03:18;;-;-;;
1101;Trovan Unique;"00075CE5CF";16.06.2018;18:03:19;;-;-;;
1102;Trovan Unique;"00075CE5CF";16.06.2018;18:03:20;;-;-;;
1103;Trovan Unique;"00075CE5CF";16.06.2018;18:03:21;;-;-;;
1104;Trovan Unique;"00075CE5CF";16.06.2018;18:03:22;;-;-;;
1105;Trovan Unique;"00075CE5CF";16.06.2018;18:03:23;;-;-;;
1106;Trovan Unique;"00075CE5CF";16.06.2018;18:03:24;;-;-;;
1107;Trovan Unique;"00075CE5CF";16.06.2018;18:03:25;;-;-;;
1108;Trovan Unique;"00075CE5CF";16.06.2018;18:03:32;;-;-;;
1109;Trovan Unique;"00075CE5CF";16.06.2018;18:03:33;;-;-;;
1110;Trovan Unique;"00075CE5CF";16.06.2018;18:03:34;;-;-;;
1111;Trovan Unique;"00075CE5CF";16.06.2018;18:04:11;;-;-;;
1112;Trovan Unique;"00075CE5CF";16.06.2018;18:04:18;;-;-;;
1113;Trovan Unique;"00075CE5CF";16.06.2018;18:04:22;;-;-;;
1114;Trovan Unique;"00075CE5CF";16.06.2018;18:04:24;;-;-;;
1115;Trovan Unique;"00075CE5CF";16.06.2018;18:04:30;;-;-;;
1116;Trovan Unique;"00075CE5CF";16.06.2018;18:04:35;;-;-;;
1117;Trovan Unique;"00075CE5CF";16.06.2018;18:04:36;;-;-;;
1118;Trovan Unique;"00075CE5CF";16.06.2018;18:04:38;;-;-;;
1119;Trovan Unique;"00075CE5CF";16.06.2018;18:04:39;;-;-;;
1120;Trovan Unique;"00075CE5CF";16.06.2018;18:04:43;;-;-;;
1121;Trovan Unique;"0006B36ADC";16.06.2018;18:04:44;;-;-;;
1122;Trovan Unique;"0006B36ADC";16.06.2018;18:04:51;;-;-;;
1123;Trovan Unique;"0006B36ADC";16.06.2018;18:04:53;;-;-;;
1124;Trovan Unique;"00075CE5CF";16.06.2018;18:05:32;;-;-;;
1125;Trovan Unique;"00075CE5CF";16.06.2018;18:05:34;;-;-;;
1126;Trovan Unique;"00075CE5CF";16.06.2018;18:05:35;;-;-;;
1127;Trovan Unique;"00075CE5CF";16.06.2018;18:05:37;;-;-;;
1128;Trovan Unique;"00075CE5CF";16.06.2018;18:05:38;;-;-;;
1129;Trovan Unique;"00075CE5CF";16.06.2018;18:05:39;;-;-;;
1130;Trovan Unique;"00075CE5CF";16.06.2018;18:05:40;;-;-;;
1131;Trovan Unique;"00075CE5CF";16.06.2018;18:05:46;;-;-;;
1132;Trovan Unique;"00075CE5CF";16.06.2018;18:05:48;;-;-;;
1133;Trovan Unique;"00075CE5CF";16.06.2018;18:06:16;;-;-;;
1134;Trovan Unique;"00075CE5CF";16.06.2018;18:06:17;;-;-;;
1135;Trovan Unique;"00075CE5CF";16.06.2018;18:06:18;;-;-;;
1136;Trovan Unique;"00075CE5CF";16.06.2018;18:06:19;;-;-;;
1137;Trovan Unique;"00075CE5CF";16.06.2018;18:06:20;;-;-;;
1138;Trovan Unique;"00075CE5CF";16.06.2018;18:06:21;;-;-;;
1139;Trovan Unique;"00075CE5CF";16.06.2018;18:06:22;;-;-;;
1140;Trovan Unique;"00075CE5CF";16.06.2018;18:06:23;;-;-;;
1141;Trovan Unique;"00075CE5CF";16.06.2018;18:06:24;;-;-;;
1142;Trovan Unique;"00075CE5CF";16.06.2018;18:06:25;;-;-;;
1143;Trovan Unique;"00075CE5CF";16.06.2018;18:06:26;;-;-;;
1144;Trovan Unique;"00075CE5CF";16.06.2018;18:06:27;;-;-;;
1145;Trovan Unique;"00075CE5CF";16.06.2018;18:06:28;;-;-;;
1146;Trovan Unique;"00075CE5CF";16.06.2018;18:06:29;;-;-;;
1147;Trovan Unique;"00075CE5CF";16.06.2018;18:06:29;;-;-;;
1148;Trovan Unique;"00075CE5CF";16.06.2018;18:06:30;;-;-;;
1149;Trovan Unique;"00075CE5CF";16.06.2018;18:06:32;;-;-;;
1150;Trovan Unique;"00075CE5CF";16.06.2018;18:06:33;;-;-;;
1151;Trovan Unique;"00075CE5CF";16.06.2018;18:08:30;;-;-;;
1152;Trovan Unique;"00075CE5CF";16.06.2018;18:08:46;;-;-;;
1153;Trovan Unique;"00075CE5CF";16.06.2018;18:08:47;;-;-;;
1154;Trovan Unique;"00075CE5CF";16.06.2018;18:08:48;;-;-;;
1155;Trovan Unique;"00075CE5CF";16.06.2018;18:08:49;;-;-;;
1156;Trovan Unique;"00075CE5CF";16.06.2018;18:08:50;;-;-;;
1157;Trovan Unique;"00075CE5CF";16.06.2018;18:08:51;;-;-;;
1158;Trovan Unique;"00075CE5CF";16.06.2018;18:08:52;;-;-;;
1159;Trovan Unique;"00075CE5CF";16.06.2018;18:08:53;;-;-;;
1160;Trovan Unique;"00075CE5CF";16.06.2018;18:08:54;;-;-;;
1161;Trovan Unique;"00075CE5CF";16.06.2018;18:08:55;;-;-;;
1162;Trovan Unique;"00075CE5CF";16.06.2018;18:08:58;;-;-;;
1163;Trovan Unique;"00075CE5CF";16.06.2018;18:08:59;;-;-;;
1164;Trovan Unique;"00075CE5CF";16.06.2018;18:11:03;;-;-;;
1165;Trovan Unique;"00075CE5CF";16.06.2018;18:11:14;;-;-;;
1166;Trovan Unique;"00075CE5CF";16.06.2018;18:11:15;;-;-;;
1167;Trovan Unique;"00075CE5CF";16.06.2018;18:11:16;;-;-;;
1168;Trovan Unique;"00075CE5CF";16.06.2018;18:11:18;;-;-;;
1169;Trovan Unique;"00075CE5CF";16.06.2018;18:11:19;;-;-;;
1170;Trovan Unique;"00075CE5CF";16.06.2018;18:11:21;;-;-;;
1171;Trovan Unique;"00075CE5CF";16.06.2018;18:11:47;;-;-;;
1172;Trovan Unique;"00075CE5CF";16.06.2018;18:11:48;;-;-;;
1173;Trovan Unique;"00075CE5CF";16.06.2018;18:11:57;;-;-;;
1174;Trovan Unique;"00075CE5CF";16.06.2018;18:12:00;;-;-;;
1175;Trovan Unique;"00075CE5CF";16.06.2018;18:12:01;;-;-;;
1176;Trovan Unique;"00075CE5CF";16.06.2018;18:12:07;;-;-;;
1177;Trovan Unique;"00075CE5CF";16.06.2018;18:12:13;;-;-;;
1178;Trovan Unique;"00075CE5CF";16.06.2018;18:12:14;;-;-;;
1179;Trovan Unique;"00075CE5CF";16.06.2018;18:12:15;;-;-;;
1180;Trovan Unique;"00075CE5CF";16.06.2018;18:12:16;;-;-;;
1181;Trovan Unique;"00075CE5CF";16.06.2018;18:12:57;;-;-;;
1182;Trovan Unique;"00075CE5CF";16.06.2018;18:12:58;;-;-;;
1183;Trovan Unique;"00075CE5CF";16.06.2018;18:13:09;;-;-;;
1184;Trovan Unique;"00075CE5CF";16.06.2018;18:13:30;;-;-;;
1185;Trovan Unique;"00075CE5CF";16.06.2018;18:13:44;;-;-;;
1186;Trovan Unique;"00075CE5CF";16.06.2018;18:13:45;;-;-;;
1187;Trovan Unique;"00075CE5CF";16.06.2018;18:13:46;;-;-;;
1188;Trovan Unique;"00075CE5CF";16.06.2018;18:13:47;;-;-;;
1189;Trovan Unique;"00075CE5CF";16.06.2018;18:13:48;;-;-;;
1190;Trovan Unique;"00075CE5CF";16.06.2018;18:13:49;;-;-;;
1191;Trovan Unique;"00075CE5CF";16.06.2018;18:13:51;;-;-;;
1192;Trovan Unique;"00075CE5CF";16.06.2018;18:13:52;;-;-;;
1193;Trovan Unique;"00075CE5CF";16.06.2018;18:13:53;;-;-;;
1194;Trovan Unique;"00075CE5CF";16.06.2018;18:13:54;;-;-;;
1195;Trovan Unique;"00075CE5CF";16.06.2018;18:13:55;;-;-;;
1196;Trovan Unique;"00075CE5CF";16.06.2018;18:13:56;;-;-;;
1197;Trovan Unique;"00075CE5CF";16.06.2018;18:13:57;;-;-;;
1198;Trovan Unique;"00075CE5CF";16.06.2018;18:13:58;;-;-;;
1199;Trovan Unique;"00075CE5CF";16.06.2018;18:13:59;;-;-;;
1200;Trovan Unique;"00075CE5CF";16.06.2018;18:14:01;;-;-;;
1201;Trovan Unique;"00075CE5CF";16.06.2018;18:14:02;;-;-;;
1202;Trovan Unique;"00075CE5CF";16.06.2018;18:14:03;;-;-;;
1203;Trovan Unique;"00075CE5CF";16.06.2018;18:14:04;;-;-;;
1204;Trovan Unique;"00075CE5CF";16.06.2018;18:14:05;;-;-;;
1205;Trovan Unique;"00075CE5CF";16.06.2018;18:14:06;;-;-;;
1206;Trovan Unique;"00075CE5CF";16.06.2018;18:14:08;;-;-;;
1207;Trovan Unique;"00075CE5CF";16.06.2018;18:14:09;;-;-;;
1208;Trovan Unique;"00075CE5CF";16.06.2018;18:14:10;;-;-;;
1209;Trovan Unique;"00075CE5CF";16.06.2018;18:14:11;;-;-;;
1210;Trovan Unique;"00075CE5CF";16.06.2018;18:14:12;;-;-;;
1211;Trovan Unique;"00075CE5CF";16.06.2018;18:14:13;;-;-;;
1212;Trovan Unique;"00075CE5CF";16.06.2018;18:14:14;;-;-;;
1213;Trovan Unique;"00075CE5CF";16.06.2018;18:14:15;;-;-;;
1214;Trovan Unique;"00075CE5CF";16.06.2018;18:14:16;;-;-;;
1215;Trovan Unique;"00075CE5CF";16.06.2018;18:14:17;;-;-;;
1216;Trovan Unique;"00075CE5CF";16.06.2018;18:14:18;;-;-;;
1217;Trovan Unique;"00075CE5CF";16.06.2018;18:14:19;;-;-;;
1218;Trovan Unique;"00075CE5CF";16.06.2018;18:14:20;;-;-;;
1219;Trovan Unique;"00075CE5CF";16.06.2018;18:14:21;;-;-;;
1220;Trovan Unique;"00075CE5CF";16.06.2018;18:14:22;;-;-;;
1221;Trovan Unique;"00075CE5CF";16.06.2018;18:14:23;;-;-;;
1222;Trovan Unique;"00075CE5CF";16.06.2018;18:14:24;;-;-;;
1223;Trovan Unique;"00075CE5CF";16.06.2018;18:14:25;;-;-;;
1224;Trovan Unique;"00075CE5CF";16.06.2018;18:14:26;;-;-;;
1225;Trovan Unique;"00075CE5CF";16.06.2018;18:14:27;;-;-;;
1226;Trovan Unique;"00075CE5CF";16.06.2018;18:14:28;;-;-;;
1227;Trovan Unique;"00075CE5CF";16.06.2018;18:14:29;;-;-;;
1228;Trovan Unique;"00075CE5CF";16.06.2018;18:14:30;;-;-;;
1229;Trovan Unique;"00075CE5CF";16.06.2018;18:14:31;;-;-;;
1230;Trovan Unique;"00075CE5CF";16.06.2018;18:14:32;;-;-;;
1231;Trovan Unique;"00075CE5CF";16.06.2018;18:14:33;;-;-;;
1232;Trovan Unique;"00075CE5CF";16.06.2018;18:14:34;;-;-;;
1233;Trovan Unique;"00075CE5CF";16.06.2018;18:14:35;;-;-;;
1234;Trovan Unique;"00075CE5CF";16.06.2018;18:14:36;;-;-;;
1235;Trovan Unique;"00075CE5CF";16.06.2018;18:14:37;;-;-;;
1236;Trovan Unique;"00075CE5CF";16.06.2018;18:14:38;;-;-;;
1237;Trovan Unique;"00075CE5CF";16.06.2018;18:14:39;;-;-;;
1238;Trovan Unique;"00075CE5CF";16.06.2018;18:14:40;;-;-;;
1239;Trovan Unique;"00075CE5CF";16.06.2018;18:14:41;;-;-;;
1240;Trovan Unique;"00075CE5CF";16.06.2018;18:14:42;;-;-;;
1241;Trovan Unique;"00075CE5CF";16.06.2018;18:14:43;;-;-;;
1242;Trovan Unique;"00075CE5CF";16.06.2018;18:14:44;;-;-;;
1243;Trovan Unique;"00075CE5CF";16.06.2018;18:14:45;;-;-;;
1244;Trovan Unique;"00075CE5CF";16.06.2018;18:14:46;;-;-;;
1245;Trovan Unique;"00075CE5CF";16.06.2018;18:14:47;;-;-;;
1246;Trovan Unique;"00075CE5CF";16.06.2018;18:14:48;;-;-;;
1247;Trovan Unique;"00075CE5CF";16.06.2018;18:14:49;;-;-;;
1248;Trovan Unique;"00075CE5CF";16.06.2018;18:14:50;;-;-;;
1249;Trovan Unique;"00075CE5CF";16.06.2018;18:14:51;;-;-;;
1250;Trovan Unique;"00075CE5CF";16.06.2018;18:14:52;;-;-;;
1251;Trovan Unique;"00075CE5CF";16.06.2018;18:14:53;;-;-;;
1252;Trovan Unique;"00075CE5CF";16.06.2018;18:14:54;;-;-;;
1253;Trovan Unique;"00075CE5CF";16.06.2018;18:14:55;;-;-;;
1254;Trovan Unique;"00075CE5CF";16.06.2018;18:14:56;;-;-;;
1255;Trovan Unique;"00075CE5CF";16.06.2018;18:14:57;;-;-;;
1256;Trovan Unique;"00075CE5CF";16.06.2018;18:14:58;;-;-;;
1257;Trovan Unique;"00075CE5CF";16.06.2018;18:14:59;;-;-;;
1258;Trovan Unique;"00075CE5CF";16.06.2018;18:15:01;;-;-;;
1259;Trovan Unique;"00075CE5CF";16.06.2018;18:15:02;;-;-;;
1260;Trovan Unique;"00075CE5CF";16.06.2018;18:15:03;;-;-;;
1261;Trovan Unique;"00075CE5CF";16.06.2018;18:15:04;;-;-;;
1262;Trovan Unique;"00075CE5CF";16.06.2018;18:15:05;;-;-;;
1263;Trovan Unique;"00075CE5CF";16.06.2018;18:15:06;;-;-;;
1264;Trovan Unique;"00075CE5CF";16.06.2018;18:15:07;;-;-;;
1265;Trovan Unique;"00075CE5CF";16.06.2018;18:15:08;;-;-;;
1266;Trovan Unique;"00075CE5CF";16.06.2018;18:15:09;;-;-;;
1267;Trovan Unique;"00075CE5CF";16.06.2018;18:15:10;;-;-;;
1268;Trovan Unique;"00075CE5CF";16.06.2018;18:15:11;;-;-;;
1269;Trovan Unique;"00075CE5CF";16.06.2018;18:15:12;;-;-;;
1270;Trovan Unique;"00075CE5CF";16.06.2018;18:15:13;;-;-;;
1271;Trovan Unique;"00075CE5CF";16.06.2018;18:15:14;;-;-;;
1272;Trovan Unique;"00075CE5CF";16.06.2018;18:15:15;;-;-;;
1273;Trovan Unique;"00075CE5CF";16.06.2018;18:15:16;;-;-;;
1274;Trovan Unique;"00075CE5CF";16.06.2018;18:15:17;;-;-;;
1275;Trovan Unique;"00075CE5CF";16.06.2018;18:15:18;;-;-;;
1276;Trovan Unique;"00075CE5CF";16.06.2018;18:15:19;;-;-;;
1277;Trovan Unique;"00075CE5CF";16.06.2018;18:15:20;;-;-;;
1278;Trovan Unique;"00075CE5CF";16.06.2018;18:15:21;;-;-;;
1279;Trovan Unique;"00075CE5CF";16.06.2018;18:15:22;;-;-;;
1280;Trovan Unique;"00075CE5CF";16.06.2018;18:15:23;;-;-;;
1281;Trovan Unique;"00075CE5CF";16.06.2018;18:15:24;;-;-;;
1282;Trovan Unique;"00075CE5CF";16.06.2018;18:15:25;;-;-;;
1283;Trovan Unique;"00075CE5CF";16.06.2018;18:15:26;;-;-;;
1284;Trovan Unique;"00075CE5CF";16.06.2018;18:15:27;;-;-;;
1285;Trovan Unique;"00075CE5CF";16.06.2018;18:15:28;;-;-;;
1286;Trovan Unique;"00075CE5CF";16.06.2018;18:15:29;;-;-;;
1287;Trovan Unique;"00075CE5CF";16.06.2018;18:15:30;;-;-;;
1288;Trovan Unique;"00075CE5CF";16.06.2018;18:15:31;;-;-;;
1289;Trovan Unique;"00075CE5CF";16.06.2018;18:15:32;;-;-;;
1290;Trovan Unique;"00075CE5CF";16.06.2018;18:15:33;;-;-;;
1291;Trovan Unique;"00075CE5CF";16.06.2018;18:15:34;;-;-;;
1292;Trovan Unique;"00075CE5CF";16.06.2018;18:15:35;;-;-;;
1293;Trovan Unique;"00075CE5CF";16.06.2018;18:15:36;;-;-;;
1294;Trovan Unique;"00075CE5CF";16.06.2018;18:15:37;;-;-;;
1295;Trovan Unique;"00075CE5CF";16.06.2018;18:15:38;;-;-;;
1296;Trovan Unique;"00075CE5CF";16.06.2018;18:15:39;;-;-;;
1297;Trovan Unique;"00075CE5CF";16.06.2018;18:16:22;;-;-;;
1298;Trovan Unique;"00075CE5CF";16.06.2018;18:16:23;;-;-;;
1299;Trovan Unique;"00075CE5CF";16.06.2018;18:16:25;;-;-;;
1300;Trovan Unique;"00075CE5CF";16.06.2018;18:16:28;;-;-;;
1301;Trovan Unique;"00075CE5CF";16.06.2018;18:16:29;;-;-;;
1302;Trovan Unique;"00075CE5CF";16.06.2018;18:16:30;;-;-;;
1303;Trovan Unique;"00075CE5CF";16.06.2018;18:16:31;;-;-;;
1304;Trovan Unique;"00075CE5CF";16.06.2018;18:16:32;;-;-;;
1305;Trovan Unique;"00075CE5CF";16.06.2018;18:16:33;;-;-;;
1306;Trovan Unique;"00075CE5CF";16.06.2018;18:16:34;;-;-;;
1307;Trovan Unique;"00075CE5CF";16.06.2018;18:16:36;;-;-;;
1308;Trovan Unique;"00075CE5CF";16.06.2018;18:16:37;;-;-;;
1309;Trovan Unique;"00075CE5CF";16.06.2018;18:16:38;;-;-;;
1310;Trovan Unique;"00075CE5CF";16.06.2018;18:16:39;;-;-;;
1311;Trovan Unique;"00075CE5CF";16.06.2018;18:16:40;;-;-;;
1312;Trovan Unique;"00075CE5CF";16.06.2018;18:16:41;;-;-;;
1313;Trovan Unique;"00075CE5CF";16.06.2018;18:16:42;;-;-;;
1314;Trovan Unique;"00075CE5CF";16.06.2018;18:16:43;;-;-;;
1315;Trovan Unique;"00075CE5CF";16.06.2018;18:16:44;;-;-;;
1316;Trovan Unique;"00075CE5CF";16.06.2018;18:16:45;;-;-;;
1317;Trovan Unique;"00075CE5CF";16.06.2018;18:16:46;;-;-;;
1318;Trovan Unique;"00075CE5CF";16.06.2018;18:16:47;;-;-;;
1319;Trovan Unique;"00075CE5CF";16.06.2018;18:16:48;;-;-;;
1320;Trovan Unique;"00075CE5CF";16.06.2018;18:16:49;;-;-;;
1321;Trovan Unique;"00075CE5CF";16.06.2018;18:16:50;;-;-;;
1322;Trovan Unique;"00075CE5CF";16.06.2018;18:16:51;;-;-;;
1323;Trovan Unique;"00075CE5CF";16.06.2018;18:16:53;;-;-;;
1324;Trovan Unique;"00075CE5CF";16.06.2018;18:16:54;;-;-;;
1325;Trovan Unique;"00075CE5CF";16.06.2018;18:16:55;;-;-;;
1326;Trovan Unique;"00075CE5CF";16.06.2018;18:16:56;;-;-;;
1327;Trovan Unique;"00075CE5CF";16.06.2018;18:16:57;;-;-;;
1328;Trovan Unique;"00075CE5CF";16.06.2018;18:16:58;;-;-;;
1329;Trovan Unique;"00075CE5CF";16.06.2018;18:16:59;;-;-;;
1330;Trovan Unique;"00075CE5CF";16.06.2018;18:17:00;;-;-;;
1331;Trovan Unique;"00075CE5CF";16.06.2018;18:17:01;;-;-;;
1332;Trovan Unique;"00075CE5CF";16.06.2018;18:17:06;;-;-;;
1333;Trovan Unique;"00075CE5CF";16.06.2018;18:17:07;;-;-;;
1334;Trovan Unique;"00075CE5CF";16.06.2018;18:17:08;;-;-;;
1335;Trovan Unique;"00075CE5CF";16.06.2018;18:17:09;;-;-;;
1336;Trovan Unique;"00075CE5CF";16.06.2018;18:17:10;;-;-;;
1337;Trovan Unique;"00075CE5CF";16.06.2018;18:17:11;;-;-;;
1338;Trovan Unique;"00075CE5CF";16.06.2018;18:17:12;;-;-;;
1339;Trovan Unique;"00075CE5CF";16.06.2018;18:17:13;;-;-;;
1340;Trovan Unique;"00075CE5CF";16.06.2018;18:17:14;;-;-;;
1341;Trovan Unique;"00075CE5CF";16.06.2018;18:17:15;;-;-;;
1342;Trovan Unique;"00075CE5CF";16.06.2018;18:17:16;;-;-;;
1343;Trovan Unique;"00075CE5CF";16.06.2018;18:17:17;;-;-;;
1344;Trovan Unique;"00075CE5CF";16.06.2018;18:17:18;;-;-;;
1345;Trovan Unique;"00075CE5CF";16.06.2018;18:17:19;;-;-;;
1346;Trovan Unique;"00075CE5CF";16.06.2018;18:17:20;;-;-;;
1347;Trovan Unique;"00075CE5CF";16.06.2018;18:17:21;;-;-;;
1348;Trovan Unique;"00075CE5CF";16.06.2018;18:17:22;;-;-;;
1349;Trovan Unique;"00075CE5CF";16.06.2018;18:17:23;;-;-;;
1350;Trovan Unique;"00075CE5CF";16.06.2018;18:17:55;;-;-;;
1351;Trovan Unique;"00075CE5CF";16.06.2018;18:17:57;;-;-;;
1352;Trovan Unique;"00075CE5CF";16.06.2018;18:19:27;;-;-;;
1353;Trovan Unique;"00075CE5CF";16.06.2018;18:20:43;;-;-;;
1354;Trovan Unique;"00075CE5CF";16.06.2018;18:20:44;;-;-;;
1355;Trovan Unique;"00075CE5CF";16.06.2018;18:20:45;;-;-;;
1356;Trovan Unique;"00075CE5CF";16.06.2018;18:20:46;;-;-;;
1357;Trovan Unique;"00075CE5CF";16.06.2018;18:20:47;;-;-;;
1358;Trovan Unique;"00075CE5CF";16.06.2018;18:20:50;;-;-;;
1359;Trovan Unique;"00075CE5CF";16.06.2018;18:24:18;;-;-;;
1360;Trovan Unique;"00075CE5CF";16.06.2018;18:24:19;;-;-;;
1361;Trovan Unique;"00075CE5CF";16.06.2018;18:24:23;;-;-;;
1362;Trovan Unique;"00075CE5CF";16.06.2018;18:24:24;;-;-;;
1363;Trovan Unique;"00075CE5CF";16.06.2018;18:24:25;;-;-;;
1364;Trovan Unique;"00075CE5CF";16.06.2018;18:24:26;;-;-;;
1365;Trovan Unique;"00075CE5CF";16.06.2018;18:24:27;;-;-;;
1366;Trovan Unique;"00075CE5CF";16.06.2018;18:24:28;;-;-;;
1367;Trovan Unique;"00075CE5CF";16.06.2018;18:24:29;;-;-;;
1368;Trovan Unique;"00075CE5CF";16.06.2018;18:24:30;;-;-;;
1369;Trovan Unique;"00075CE5CF";16.06.2018;18:24:31;;-;-;;
1370;Trovan Unique;"00075CE5CF";16.06.2018;18:24:32;;-;-;;
1371;Trovan Unique;"00075CE5CF";16.06.2018;18:24:33;;-;-;;
1372;Trovan Unique;"00075CE5CF";16.06.2018;18:24:35;;-;-;;
1373;Trovan Unique;"00075CE5CF";16.06.2018;18:24:38;;-;-;;
1374;Trovan Unique;"00075CE5CF";16.06.2018;18:24:39;;-;-;;
1375;Trovan Unique;"00075CE5CF";16.06.2018;18:24:40;;-;-;;
1376;Trovan Unique;"00075CE5CF";16.06.2018;18:24:41;;-;-;;
1377;Trovan Unique;"00075CE5CF";16.06.2018;18:24:42;;-;-;;
1378;Trovan Unique;"00075CE5CF";16.06.2018;18:24:43;;-;-;;
1379;Trovan Unique;"00075CE5CF";16.06.2018;18:24:44;;-;-;;
1380;Trovan Unique;"00075CE5CF";16.06.2018;18:24:45;;-;-;;
1381;Trovan Unique;"00075CE5CF";16.06.2018;18:24:46;;-;-;;
1382;Trovan Unique;"00075CE5CF";16.06.2018;18:24:47;;-;-;;
1383;Trovan Unique;"00075CE5CF";16.06.2018;18:24:48;;-;-;;
1384;Trovan Unique;"00075CE5CF";16.06.2018;18:24:49;;-;-;;
1385;Trovan Unique;"00075CE5CF";16.06.2018;18:24:50;;-;-;;
1386;Trovan Unique;"00075CE5CF";16.06.2018;18:24:51;;-;-;;
1387;Trovan Unique;"00075CE5CF";16.06.2018;18:24:52;;-;-;;
1388;Trovan Unique;"00075CE5CF";16.06.2018;18:24:53;;-;-;;
1389;Trovan Unique;"00075CE5CF";16.06.2018;18:24:54;;-;-;;
1390;Trovan Unique;"00075CE5CF";16.06.2018;18:24:55;;-;-;;
1391;Trovan Unique;"00075CE5CF";16.06.2018;18:24:56;;-;-;;
1392;Trovan Unique;"00075CE5CF";16.06.2018;18:24:57;;-;-;;
1393;Trovan Unique;"00075CE5CF";16.06.2018;18:24:58;;-;-;;
1394;Trovan Unique;"00075CE5CF";16.06.2018;18:24:59;;-;-;;
1395;Trovan Unique;"00075CE5CF";16.06.2018;18:25:00;;-;-;;
1396;Trovan Unique;"00075CE5CF";16.06.2018;18:25:01;;-;-;;
1397;Trovan Unique;"00075CE5CF";16.06.2018;18:25:02;;-;-;;
1398;Trovan Unique;"00075CE5CF";16.06.2018;18:25:03;;-;-;;
1399;Trovan Unique;"00075CE5CF";16.06.2018;18:25:04;;-;-;;
1400;Trovan Unique;"00075CE5CF";16.06.2018;18:25:05;;-;-;;
1401;Trovan Unique;"00075CE5CF";16.06.2018;18:25:06;;-;-;;
1402;Trovan Unique;"00075CE5CF";16.06.2018;18:25:07;;-;-;;
1403;Trovan Unique;"00075CE5CF";16.06.2018;18:25:08;;-;-;;
1404;Trovan Unique;"00075CE5CF";16.06.2018;18:25:09;;-;-;;
1405;Trovan Unique;"00075CE5CF";16.06.2018;18:25:10;;-;-;;
1406;Trovan Unique;"00075CE5CF";16.06.2018;18:25:11;;-;-;;
1407;Trovan Unique;"00075CE5CF";16.06.2018;18:25:12;;-;-;;
1408;Trovan Unique;"00075CE5CF";16.06.2018;18:25:13;;-;-;;
1409;Trovan Unique;"00075CE5CF";16.06.2018;18:25:14;;-;-;;
1410;Trovan Unique;"00075CE5CF";16.06.2018;18:25:15;;-;-;;
1411;Trovan Unique;"00075CE5CF";16.06.2018;18:25:16;;-;-;;
1412;Trovan Unique;"00075CE5CF";16.06.2018;18:25:17;;-;-;;
1413;Trovan Unique;"00075CE5CF";16.06.2018;18:25:17;;-;-;;
1414;Trovan Unique;"00075CE5CF";16.06.2018;18:25:18;;-;-;;
1415;Trovan Unique;"00075CE5CF";16.06.2018;18:25:19;;-;-;;
1416;Trovan Unique;"00075CE5CF";16.06.2018;18:25:20;;-;-;;
1417;Trovan Unique;"00075CE5CF";16.06.2018;18:25:21;;-;-;;
1418;Trovan Unique;"00075CE5CF";16.06.2018;18:25:22;;-;-;;
1419;Trovan Unique;"00075CE5CF";16.06.2018;18:25:23;;-;-;;
1420;Trovan Unique;"00075CE5CF";16.06.2018;18:25:24;;-;-;;
1421;Trovan Unique;"00075CE5CF";16.06.2018;18:25:25;;-;-;;
1422;Trovan Unique;"00075CE5CF";16.06.2018;18:25:26;;-;-;;
1423;Trovan Unique;"00075CE5CF";16.06.2018;18:25:27;;-;-;;
1424;Trovan Unique;"00075CE5CF";16.06.2018;18:25:28;;-;-;;
1425;Trovan Unique;"00075CE5CF";16.06.2018;18:25:29;;-;-;;
1426;Trovan Unique;"00075CE5CF";16.06.2018;18:25:30;;-;-;;
1427;Trovan Unique;"00075CE5CF";16.06.2018;18:25:31;;-;-;;
1428;Trovan Unique;"00075CE5CF";16.06.2018;18:25:32;;-;-;;
1429;Trovan Unique;"00075CE5CF";16.06.2018;18:25:33;;-;-;;
1430;Trovan Unique;"00075CE5CF";16.06.2018;18:25:34;;-;-;;
1431;Trovan Unique;"00075CE5CF";16.06.2018;18:25:35;;-;-;;
1432;Trovan Unique;"00075CE5CF";16.06.2018;18:25:36;;-;-;;
1433;Trovan Unique;"00075CE5CF";16.06.2018;18:25:37;;-;-;;
1434;Trovan Unique;"00075CE5CF";16.06.2018;18:25:38;;-;-;;
1435;Trovan Unique;"00075CE5CF";16.06.2018;18:25:39;;-;-;;
1436;Trovan Unique;"00075CE5CF";16.06.2018;18:25:40;;-;-;;
1437;Trovan Unique;"00075CE5CF";16.06.2018;18:25:41;;-;-;;
1438;Trovan Unique;"00075CE5CF";16.06.2018;18:25:42;;-;-;;
1439;Trovan Unique;"00075CE5CF";16.06.2018;18:25:43;;-;-;;
1440;Trovan Unique;"00075CE5CF";16.06.2018;18:25:44;;-;-;;
1441;Trovan Unique;"00075CE5CF";16.06.2018;18:25:45;;-;-;;
1442;Trovan Unique;"00075CE5CF";16.06.2018;18:25:46;;-;-;;
1443;Trovan Unique;"00075CE5CF";16.06.2018;18:25:47;;-;-;;
1444;Trovan Unique;"00075CE5CF";16.06.2018;18:25:48;;-;-;;
1445;Trovan Unique;"00075CE5CF";16.06.2018;18:25:49;;-;-;;
1446;Trovan Unique;"00075CE5CF";16.06.2018;18:25:50;;-;-;;
1447;Trovan Unique;"00075CE5CF";16.06.2018;18:25:51;;-;-;;
1448;Trovan Unique;"00075CE5CF";16.06.2018;18:25:52;;-;-;;
1449;Trovan Unique;"00075CE5CF";16.06.2018;18:25:53;;-;-;;
1450;Trovan Unique;"00075CE5CF";16.06.2018;18:25:54;;-;-;;
1451;Trovan Unique;"00075CE5CF";16.06.2018;18:25:55;;-;-;;
1452;Trovan Unique;"00075CE5CF";16.06.2018;18:25:56;;-;-;;
1453;Trovan Unique;"00075CE5CF";16.06.2018;18:25:57;;-;-;;
1454;Trovan Unique;"00075CE5CF";16.06.2018;18:25:58;;-;-;;
1455;Trovan Unique;"00075CE5CF";16.06.2018;18:25:59;;-;-;;
1456;Trovan Unique;"00075CE5CF";16.06.2018;18:26:00;;-;-;;
1457;Trovan Unique;"00075CE5CF";16.06.2018;18:26:01;;-;-;;
1458;Trovan Unique;"00075CE5CF";16.06.2018;18:26:02;;-;-;;
1459;Trovan Unique;"00075CE5CF";16.06.2018;18:26:03;;-;-;;
1460;Trovan Unique;"00075CE5CF";16.06.2018;18:26:04;;-;-;;
1461;Trovan Unique;"00075CE5CF";16.06.2018;18:26:05;;-;-;;
1462;Trovan Unique;"00075CE5CF";16.06.2018;18:26:06;;-;-;;
1463;Trovan Unique;"00075CE5CF";16.06.2018;18:26:07;;-;-;;
1464;Trovan Unique;"00075CE5CF";16.06.2018;18:26:08;;-;-;;
1465;Trovan Unique;"00075CE5CF";16.06.2018;18:26:09;;-;-;;
1466;Trovan Unique;"00075CE5CF";16.06.2018;18:26:10;;-;-;;
1467;Trovan Unique;"00075CE5CF";16.06.2018;18:26:11;;-;-;;
1468;Trovan Unique;"00075CE5CF";16.06.2018;18:26:13;;-;-;;
1469;Trovan Unique;"00075CE5CF";16.06.2018;18:26:14;;-;-;;
1470;Trovan Unique;"00075CE5CF";16.06.2018;18:26:15;;-;-;;
1471;Trovan Unique;"00075CE5CF";16.06.2018;18:26:16;;-;-;;
1472;Trovan Unique;"00075CE5CF";16.06.2018;18:26:17;;-;-;;
1473;Trovan Unique;"00075CE5CF";16.06.2018;18:26:18;;-;-;;
1474;Trovan Unique;"00075CE5CF";16.06.2018;18:26:19;;-;-;;
1475;Trovan Unique;"00075CE5CF";16.06.2018;18:26:20;;-;-;;
1476;Trovan Unique;"00075CE5CF";16.06.2018;18:26:21;;-;-;;
1477;Trovan Unique;"00075CE5CF";16.06.2018;18:26:22;;-;-;;
1478;Trovan Unique;"00075CE5CF";16.06.2018;18:26:23;;-;-;;
1479;Trovan Unique;"00075CE5CF";16.06.2018;18:26:24;;-;-;;
1480;Trovan Unique;"00075CE5CF";16.06.2018;18:26:31;;-;-;;
1481;Trovan Unique;"00075CE5CF";16.06.2018;18:26:32;;-;-;;
1482;Trovan Unique;"00075CE5CF";16.06.2018;18:26:33;;-;-;;
1483;Trovan Unique;"00075CE5CF";16.06.2018;18:26:34;;-;-;;
1484;Trovan Unique;"00075CE5CF";16.06.2018;18:26:35;;-;-;;
1485;Trovan Unique;"00075CE5CF";16.06.2018;18:26:36;;-;-;;
1486;Trovan Unique;"00075CE5CF";16.06.2018;18:26:37;;-;-;;
1487;Trovan Unique;"00075CE5CF";16.06.2018;18:26:38;;-;-;;
1488;Trovan Unique;"00075CE5CF";16.06.2018;18:26:39;;-;-;;
1489;Trovan Unique;"00075CE5CF";16.06.2018;18:26:40;;-;-;;
1490;Trovan Unique;"00075CE5CF";16.06.2018;18:26:41;;-;-;;
1491;Trovan Unique;"00075CE5CF";16.06.2018;18:26:42;;-;-;;
1492;Trovan Unique;"00075CE5CF";16.06.2018;18:26:43;;-;-;;
1493;Trovan Unique;"00075CE5CF";16.06.2018;18:26:44;;-;-;;
1494;Trovan Unique;"00075CE5CF";16.06.2018;18:26:45;;-;-;;
1495;Trovan Unique;"00075CE5CF";16.06.2018;18:26:46;;-;-;;
1496;Trovan Unique;"00075CE5CF";16.06.2018;18:26:47;;-;-;;
1497;Trovan Unique;"00075CE5CF";16.06.2018;18:26:48;;-;-;;
1498;Trovan Unique;"00075CE5CF";16.06.2018;18:26:49;;-;-;;
1499;Trovan Unique;"00075CE5CF";16.06.2018;18:26:50;;-;-;;
1500;Trovan Unique;"00075CE5CF";16.06.2018;18:26:51;;-;-;;
1501;Trovan Unique;"00075CE5CF";16.06.2018;18:26:52;;-;-;;
1502;Trovan Unique;"00075CE5CF";16.06.2018;18:26:53;;-;-;;
1503;Trovan Unique;"00075CE5CF";16.06.2018;18:26:54;;-;-;;
1504;Trovan Unique;"00075CE5CF";16.06.2018;18:26:55;;-;-;;
1505;Trovan Unique;"00075CE5CF";16.06.2018;18:26:56;;-;-;;
1506;Trovan Unique;"00075CE5CF";16.06.2018;18:26:57;;-;-;;
1507;Trovan Unique;"00075CE5CF";16.06.2018;18:26:58;;-;-;;
1508;Trovan Unique;"00075CE5CF";16.06.2018;18:26:59;;-;-;;
1509;Trovan Unique;"00075CE5CF";16.06.2018;18:27:00;;-;-;;
1510;Trovan Unique;"00075CE5CF";16.06.2018;18:27:01;;-;-;;
1511;Trovan Unique;"00075CE5CF";16.06.2018;18:27:02;;-;-;;
1512;Trovan Unique;"00075CE5CF";16.06.2018;18:27:03;;-;-;;
1513;Trovan Unique;"00075CE5CF";16.06.2018;18:27:04;;-;-;;
1514;Trovan Unique;"00075CE5CF";16.06.2018;18:27:05;;-;-;;
1515;Trovan Unique;"00075CE5CF";16.06.2018;18:27:06;;-;-;;
1516;Trovan Unique;"00075CE5CF";16.06.2018;18:27:07;;-;-;;
1517;Trovan Unique;"00075CE5CF";16.06.2018;18:27:08;;-;-;;
1518;Trovan Unique;"00075CE5CF";16.06.2018;18:27:09;;-;-;;
1519;Trovan Unique;"00075CE5CF";16.06.2018;18:27:10;;-;-;;
1520;Trovan Unique;"00075CE5CF";16.06.2018;18:27:11;;-;-;;
1521;Trovan Unique;"00075CE5CF";16.06.2018;18:27:12;;-;-;;
1522;Trovan Unique;"00075CE5CF";16.06.2018;18:27:13;;-;-;;
1523;Trovan Unique;"00075CE5CF";16.06.2018;18:27:14;;-;-;;
1524;Trovan Unique;"00075CE5CF";16.06.2018;18:27:15;;-;-;;
1525;Trovan Unique;"00075CE5CF";16.06.2018;18:27:16;;-;-;;
1526;Trovan Unique;"00075CE5CF";16.06.2018;18:27:17;;-;-;;
1527;Trovan Unique;"00075CE5CF";16.06.2018;18:27:18;;-;-;;
1528;Trovan Unique;"00075CE5CF";16.06.2018;18:27:19;;-;-;;
1529;Trovan Unique;"00075CE5CF";16.06.2018;18:27:20;;-;-;;
1530;Trovan Unique;"00075CE5CF";16.06.2018;18:27:21;;-;-;;
1531;Trovan Unique;"00075CE5CF";16.06.2018;18:27:22;;-;-;;
1532;Trovan Unique;"00075CE5CF";16.06.2018;18:27:23;;-;-;;
1533;Trovan Unique;"00075CE5CF";16.06.2018;18:27:24;;-;-;;
1534;Trovan Unique;"00075CE5CF";16.06.2018;18:27:25;;-;-;;
1535;Trovan Unique;"00075CE5CF";16.06.2018;18:27:26;;-;-;;
1536;Trovan Unique;"00075CE5CF";16.06.2018;18:27:27;;-;-;;
1537;Trovan Unique;"00075CE5CF";16.06.2018;18:27:28;;-;-;;
1538;Trovan Unique;"00075CE5CF";16.06.2018;18:27:29;;-;-;;
1539;Trovan Unique;"00075CE5CF";16.06.2018;18:27:30;;-;-;;
1540;Trovan Unique;"00075CE5CF";16.06.2018;18:27:31;;-;-;;
1541;Trovan Unique;"00075CE5CF";16.06.2018;18:27:32;;-;-;;
1542;Trovan Unique;"00075CE5CF";16.06.2018;18:27:33;;-;-;;
1543;Trovan Unique;"00075CE5CF";16.06.2018;18:27:34;;-;-;;
1544;Trovan Unique;"00075CE5CF";16.06.2018;18:27:35;;-;-;;
1545;Trovan Unique;"00075CE5CF";16.06.2018;18:27:36;;-;-;;
1546;Trovan Unique;"00075CE5CF";16.06.2018;18:27:37;;-;-;;
1547;Trovan Unique;"00075CE5CF";16.06.2018;18:27:38;;-;-;;
1548;Trovan Unique;"00075CE5CF";16.06.2018;18:27:39;;-;-;;
1549;Trovan Unique;"00075CE5CF";16.06.2018;18:27:40;;-;-;;
1550;Trovan Unique;"00075CE5CF";16.06.2018;18:27:41;;-;-;;
1551;Trovan Unique;"00075CE5CF";16.06.2018;18:27:42;;-;-;;
1552;Trovan Unique;"00075CE5CF";16.06.2018;18:27:43;;-;-;;
1553;Trovan Unique;"00075CE5CF";16.06.2018;18:27:44;;-;-;;
1554;Trovan Unique;"00075CE5CF";16.06.2018;18:27:45;;-;-;;
1555;Trovan Unique;"00075CE5CF";16.06.2018;18:27:46;;-;-;;
1556;Trovan Unique;"00075CE5CF";16.06.2018;18:27:47;;-;-;;
1557;Trovan Unique;"00075CE5CF";16.06.2018;18:27:48;;-;-;;
1558;Trovan Unique;"00075CE5CF";16.06.2018;18:27:49;;-;-;;
1559;Trovan Unique;"00075CE5CF";16.06.2018;18:27:50;;-;-;;
1560;Trovan Unique;"00075CE5CF";16.06.2018;18:27:51;;-;-;;
1561;Trovan Unique;"00075CE5CF";16.06.2018;18:27:52;;-;-;;
1562;Trovan Unique;"00075CE5CF";16.06.2018;18:27:53;;-;-;;
1563;Trovan Unique;"00075CE5CF";16.06.2018;18:27:54;;-;-;;
1564;Trovan Unique;"00075CE5CF";16.06.2018;18:27:55;;-;-;;
1565;Trovan Unique;"00075CE5CF";16.06.2018;18:27:56;;-;-;;
1566;Trovan Unique;"00075CE5CF";16.06.2018;18:27:57;;-;-;;
1567;Trovan Unique;"00075CE5CF";16.06.2018;18:27:58;;-;-;;
1568;Trovan Unique;"00075CE5CF";16.06.2018;18:27:59;;-;-;;
1569;Trovan Unique;"00075CE5CF";16.06.2018;18:28:00;;-;-;;
1570;Trovan Unique;"00075CE5CF";16.06.2018;18:28:01;;-;-;;
1571;Trovan Unique;"00075CE5CF";16.06.2018;18:28:02;;-;-;;
1572;Trovan Unique;"00075CE5CF";16.06.2018;18:28:03;;-;-;;
1573;Trovan Unique;"00075CE5CF";16.06.2018;18:28:04;;-;-;;
1574;Trovan Unique;"00075CE5CF";16.06.2018;18:28:05;;-;-;;
1575;Trovan Unique;"00075CE5CF";16.06.2018;18:28:06;;-;-;;
1576;Trovan Unique;"00075CE5CF";16.06.2018;18:28:07;;-;-;;
1577;Trovan Unique;"00075CE5CF";16.06.2018;18:28:08;;-;-;;
1578;Trovan Unique;"00075CE5CF";16.06.2018;18:28:09;;-;-;;
1579;Trovan Unique;"00075CE5CF";16.06.2018;18:28:10;;-;-;;
1580;Trovan Unique;"00075CE5CF";16.06.2018;18:28:11;;-;-;;
1581;Trovan Unique;"00075CE5CF";16.06.2018;18:28:12;;-;-;;
1582;Trovan Unique;"00075CE5CF";16.06.2018;18:28:13;;-;-;;
1583;Trovan Unique;"00075CE5CF";16.06.2018;18:28:14;;-;-;;
1584;Trovan Unique;"00075CE5CF";16.06.2018;18:28:15;;-;-;;
1585;Trovan Unique;"00075CE5CF";16.06.2018;18:28:16;;-;-;;
1586;Trovan Unique;"00075CE5CF";16.06.2018;18:28:18;;-;-;;
1587;Trovan Unique;"00075CE5CF";16.06.2018;18:28:19;;-;-;;
1588;Trovan Unique;"00075CE5CF";16.06.2018;18:28:20;;-;-;;
1589;Trovan Unique;"00075CE5CF";16.06.2018;18:28:21;;-;-;;
1590;Trovan Unique;"00075CE5CF";16.06.2018;18:28:22;;-;-;;
1591;Trovan Unique;"00075CE5CF";16.06.2018;18:28:23;;-;-;;
1592;Trovan Unique;"00075CE5CF";16.06.2018;18:28:27;;-;-;;
1593;Trovan Unique;"00075CE5CF";16.06.2018;18:28:28;;-;-;;
1594;Trovan Unique;"00075CE5CF";16.06.2018;18:28:29;;-;-;;
1595;Trovan Unique;"00075CE5CF";16.06.2018;18:28:30;;-;-;;
1596;Trovan Unique;"00075CE5CF";16.06.2018;18:28:31;;-;-;;
1597;Trovan Unique;"00075CE5CF";16.06.2018;18:28:32;;-;-;;
1598;Trovan Unique;"00075CE5CF";16.06.2018;18:28:33;;-;-;;
1599;Trovan Unique;"00075CE5CF";16.06.2018;18:28:36;;-;-;;
1600;Trovan Unique;"00075CE5CF";16.06.2018;18:28:37;;-;-;;
1601;Trovan Unique;"00075CE5CF";16.06.2018;18:28:38;;-;-;;
1602;Trovan Unique;"00075CE5CF";16.06.2018;18:28:39;;-;-;;
1603;Trovan Unique;"00075CE5CF";16.06.2018;18:28:40;;-;-;;
1604;Trovan Unique;"00075CE5CF";16.06.2018;18:28:41;;-;-;;
1605;Trovan Unique;"00075CE5CF";16.06.2018;18:28:42;;-;-;;
1606;Trovan Unique;"00075CE5CF";16.06.2018;18:28:43;;-;-;;
1607;Trovan Unique;"00075CE5CF";16.06.2018;18:28:44;;-;-;;
1608;Trovan Unique;"00075CE5CF";16.06.2018;18:28:45;;-;-;;
1609;Trovan Unique;"00075CE5CF";16.06.2018;18:28:46;;-;-;;
1610;Trovan Unique;"00075CE5CF";16.06.2018;18:28:47;;-;-;;
1611;Trovan Unique;"00075CE5CF";16.06.2018;18:28:48;;-;-;;
1612;Trovan Unique;"00075CE5CF";16.06.2018;18:28:49;;-;-;;
1613;Trovan Unique;"00075CE5CF";16.06.2018;18:28:50;;-;-;;
1614;Trovan Unique;"00075CE5CF";16.06.2018;18:28:51;;-;-;;
1615;Trovan Unique;"00075CE5CF";16.06.2018;18:29:47;;-;-;;
1616;Trovan Unique;"00075CE5CF";16.06.2018;18:30:43;;-;-;;
1617;Trovan Unique;"00075CE5CF";16.06.2018;18:30:44;;-;-;;
1618;Trovan Unique;"00075CE5CF";16.06.2018;18:30:46;;-;-;;
1619;Trovan Unique;"00075CE5CF";16.06.2018;18:30:48;;-;-;;
1620;Trovan Unique;"00075CE5CF";16.06.2018;18:30:49;;-;-;;
1621;Trovan Unique;"00075CE5CF";16.06.2018;18:30:50;;-;-;;
1622;Trovan Unique;"00075CE5CF";16.06.2018;18:30:51;;-;-;;
1623;Trovan Unique;"00075CE5CF";16.06.2018;18:30:52;;-;-;;
1624;Trovan Unique;"00075CE5CF";16.06.2018;18:30:53;;-;-;;
1625;Trovan Unique;"00075CE5CF";16.06.2018;18:30:58;;-;-;;
1626;Trovan Unique;"00075CE5CF";16.06.2018;18:30:59;;-;-;;
1627;Trovan Unique;"00075CE5CF";16.06.2018;18:31:00;;-;-;;
1628;Trovan Unique;"00075CE5CF";16.06.2018;18:31:01;;-;-;;
1629;Trovan Unique;"00075CE5CF";16.06.2018;18:31:04;;-;-;;
1630;Trovan Unique;"00075CE5CF";16.06.2018;18:31:06;;-;-;;
1631;Trovan Unique;"00075CE5CF";16.06.2018;18:31:07;;-;-;;
1632;Trovan Unique;"00075CE5CF";16.06.2018;18:31:08;;-;-;;
1633;Trovan Unique;"00075CE5CF";16.06.2018;18:31:09;;-;-;;
1634;Trovan Unique;"00075CE5CF";16.06.2018;18:31:10;;-;-;;
1635;Trovan Unique;"00075CE5CF";16.06.2018;18:31:11;;-;-;;
1636;Trovan Unique;"00075CE5CF";16.06.2018;18:31:12;;-;-;;
1637;Trovan Unique;"00075CE5CF";16.06.2018;18:31:13;;-;-;;
1638;Trovan Unique;"00075CE5CF";16.06.2018;18:31:14;;-;-;;
1639;Trovan Unique;"00075CE5CF";16.06.2018;18:31:15;;-;-;;
1640;Trovan Unique;"00075CE5CF";16.06.2018;18:31:16;;-;-;;
1641;Trovan Unique;"00075CE5CF";16.06.2018;18:31:17;;-;-;;
1642;Trovan Unique;"00075CE5CF";16.06.2018;18:31:18;;-;-;;
1643;Trovan Unique;"00075CE5CF";16.06.2018;18:31:19;;-;-;;
1644;Trovan Unique;"00075CE5CF";16.06.2018;18:31:20;;-;-;;
1645;Trovan Unique;"00075CE5CF";16.06.2018;18:31:21;;-;-;;
1646;Trovan Unique;"00075CE5CF";16.06.2018;18:31:22;;-;-;;
1647;Trovan Unique;"00075CE5CF";16.06.2018;18:31:23;;-;-;;
1648;Trovan Unique;"00075CE5CF";16.06.2018;18:31:24;;-;-;;
1649;Trovan Unique;"00075CE5CF";16.06.2018;18:31:25;;-;-;;
1650;Trovan Unique;"00075CE5CF";16.06.2018;18:31:26;;-;-;;
1651;Trovan Unique;"00075CE5CF";16.06.2018;18:31:27;;-;-;;
1652;Trovan Unique;"00075CE5CF";16.06.2018;18:31:28;;-;-;;
1653;Trovan Unique;"00075CE5CF";16.06.2018;18:31:29;;-;-;;
1654;Trovan Unique;"00075CE5CF";16.06.2018;18:31:30;;-;-;;
1655;Trovan Unique;"00075CE5CF";16.06.2018;18:31:31;;-;-;;
1656;Trovan Unique;"00075CE5CF";16.06.2018;18:31:32;;-;-;;
1657;Trovan Unique;"00075CE5CF";16.06.2018;18:31:33;;-;-;;
1658;Trovan Unique;"00075CE5CF";16.06.2018;18:31:34;;-;-;;
1659;Trovan Unique;"00075CE5CF";16.06.2018;18:31:35;;-;-;;
1660;Trovan Unique;"00075CE5CF";16.06.2018;18:31:36;;-;-;;
1661;Trovan Unique;"00075CE5CF";16.06.2018;18:31:37;;-;-;;
1662;Trovan Unique;"00075CE5CF";16.06.2018;18:31:38;;-;-;;
1663;Trovan Unique;"00075CE5CF";16.06.2018;18:31:39;;-;-;;
1664;Trovan Unique;"00075CE5CF";16.06.2018;18:31:40;;-;-;;
1665;Trovan Unique;"00075CE5CF";16.06.2018;18:31:41;;-;-;;
1666;Trovan Unique;"00075CE5CF";16.06.2018;18:31:42;;-;-;;
1667;Trovan Unique;"00075CE5CF";16.06.2018;18:31:43;;-;-;;
1668;Trovan Unique;"00075CE5CF";16.06.2018;18:31:44;;-;-;;
1669;Trovan Unique;"00075CE5CF";16.06.2018;18:31:45;;-;-;;
1670;Trovan Unique;"00075CE5CF";16.06.2018;18:31:46;;-;-;;
1671;Trovan Unique;"00075CE5CF";16.06.2018;18:31:47;;-;-;;
1672;Trovan Unique;"00075CE5CF";16.06.2018;18:31:48;;-;-;;
1673;Trovan Unique;"00075CE5CF";16.06.2018;18:31:49;;-;-;;
1674;Trovan Unique;"00075CE5CF";16.06.2018;18:31:50;;-;-;;
1675;Trovan Unique;"00075CE5CF";16.06.2018;18:32:01;;-;-;;
1676;Trovan Unique;"00075CE5CF";16.06.2018;18:32:03;;-;-;;
1677;Trovan Unique;"00075CE5CF";16.06.2018;18:32:06;;-;-;;
1678;Trovan Unique;"00075CE5CF";16.06.2018;18:32:07;;-;-;;
1679;Trovan Unique;"00075CE5CF";16.06.2018;18:32:08;;-;-;;
1680;Trovan Unique;"00075CE5CF";16.06.2018;18:32:12;;-;-;;
1681;Trovan Unique;"00075CE5CF";16.06.2018;18:32:19;;-;-;;
1682;Trovan Unique;"00075CE5CF";16.06.2018;18:32:22;;-;-;;
1683;Trovan Unique;"00075CE5CF";16.06.2018;18:32:24;;-;-;;
1684;Trovan Unique;"00075CE5CF";16.06.2018;18:32:25;;-;-;;
1685;Trovan Unique;"00075CE5CF";16.06.2018;18:32:26;;-;-;;
1686;Trovan Unique;"00075CE5CF";16.06.2018;18:32:33;;-;-;;
1687;Trovan Unique;"00075CE5CF";16.06.2018;18:33:10;;-;-;;
1688;Trovan Unique;"00075CE5CF";16.06.2018;18:33:11;;-;-;;
1689;Trovan Unique;"00075CE5CF";16.06.2018;18:33:12;;-;-;;
1690;Trovan Unique;"00075CE5CF";16.06.2018;18:33:13;;-;-;;
1691;Trovan Unique;"00075CE5CF";16.06.2018;18:33:18;;-;-;;
1692;Trovan Unique;"00075CE5CF";16.06.2018;18:33:19;;-;-;;
1693;Trovan Unique;"00075CE5CF";16.06.2018;18:33:20;;-;-;;
1694;Trovan Unique;"00075CE5CF";16.06.2018;18:33:31;;-;-;;
1695;Trovan Unique;"00075CE5CF";16.06.2018;18:33:32;;-;-;;
1696;Trovan Unique;"00075CE5CF";16.06.2018;18:33:42;;-;-;;
1697;Trovan Unique;"00075CE5CF";16.06.2018;18:33:43;;-;-;;
1698;Trovan Unique;"00075CE5CF";16.06.2018;18:33:44;;-;-;;
1699;Trovan Unique;"00075CE5CF";16.06.2018;18:33:45;;-;-;;
1700;Trovan Unique;"00075CE5CF";16.06.2018;18:33:53;;-;-;;
1701;Trovan Unique;"00075CE5CF";16.06.2018;18:33:54;;-;-;;
1702;Trovan Unique;"00075CE5CF";16.06.2018;18:33:55;;-;-;;
1703;Trovan Unique;"00075CE5CF";16.06.2018;18:33:57;;-;-;;
1704;Trovan Unique;"00075CE5CF";16.06.2018;18:33:59;;-;-;;
1705;Trovan Unique;"00075CE5CF";16.06.2018;18:34:01;;-;-;;
1706;Trovan Unique;"00075CE5CF";16.06.2018;18:34:02;;-;-;;
1707;Trovan Unique;"00075CE5CF";16.06.2018;18:34:04;;-;-;;
1708;Trovan Unique;"00075CE5CF";16.06.2018;18:34:07;;-;-;;
1709;Trovan Unique;"00075CE5CF";16.06.2018;18:34:08;;-;-;;
1710;Trovan Unique;"00075CE5CF";16.06.2018;18:34:20;;-;-;;
1711;Trovan Unique;"00075CE5CF";16.06.2018;18:36:39;;-;-;;
1712;Trovan Unique;"00075CE5CF";16.06.2018;18:36:40;;-;-;;
1713;Trovan Unique;"00075CE5CF";16.06.2018;18:36:41;;-;-;;
1714;Trovan Unique;"00075CE5CF";16.06.2018;18:36:42;;-;-;;
1715;Trovan Unique;"00075CE5CF";16.06.2018;18:36:44;;-;-;;
1716;Trovan Unique;"00075CE5CF";16.06.2018;18:36:45;;-;-;;
1717;Trovan Unique;"00075CE5CF";16.06.2018;18:36:50;;-;-;;
1718;Trovan Unique;"00075CE5CF";16.06.2018;18:38:57;;-;-;;
1719;Trovan Unique;"00075CE5CF";16.06.2018;18:38:58;;-;-;;
1720;Trovan Unique;"00075CE5CF";16.06.2018;18:38:59;;-;-;;
1721;Trovan Unique;"00075CE5CF";16.06.2018;18:39:00;;-;-;;
1722;Trovan Unique;"00075CE5CF";16.06.2018;18:39:01;;-;-;;
1723;Trovan Unique;"00075CE5CF";16.06.2018;18:39:06;;-;-;;
1724;Trovan Unique;"00075CE5CF";16.06.2018;18:39:07;;-;-;;
1725;Trovan Unique;"00075CE5CF";16.06.2018;18:39:09;;-;-;;
1726;Trovan Unique;"00075CE5CF";16.06.2018;18:42:12;;-;-;;
1727;Trovan Unique;"00075CE5CF";16.06.2018;18:42:13;;-;-;;
1728;Trovan Unique;"00075CE5CF";16.06.2018;18:42:14;;-;-;;
1729;Trovan Unique;"00075CE5CF";16.06.2018;18:42:15;;-;-;;
1730;Trovan Unique;"00075CE5CF";16.06.2018;18:42:16;;-;-;;
1731;Trovan Unique;"00075CE5CF";16.06.2018;18:42:17;;-;-;;
1732;Trovan Unique;"00075CE5CF";16.06.2018;18:42:18;;-;-;;
1733;Trovan Unique;"00075CE5CF";16.06.2018;18:42:20;;-;-;;
1734;Trovan Unique;"00075CE5CF";16.06.2018;18:42:23;;-;-;;
1735;Trovan Unique;"00075CE5CF";16.06.2018;18:42:24;;-;-;;
1736;Trovan Unique;"00075CE5CF";16.06.2018;18:42:46;;-;-;;
1737;Trovan Unique;"00075CE5CF";16.06.2018;18:42:49;;-;-;;
1738;Trovan Unique;"00075CE5CF";16.06.2018;18:42:50;;-;-;;
1739;Trovan Unique;"00075CE5CF";16.06.2018;18:42:51;;-;-;;
1740;Trovan Unique;"00075CE5CF";16.06.2018;18:42:52;;-;-;;
1741;Trovan Unique;"00075CE5CF";16.06.2018;18:42:53;;-;-;;
1742;Trovan Unique;"00075CE5CF";16.06.2018;18:42:54;;-;-;;
1743;Trovan Unique;"00075CE5CF";16.06.2018;18:42:55;;-;-;;
1744;Trovan Unique;"00075CE5CF";16.06.2018;18:42:56;;-;-;;
1745;Trovan Unique;"00075CE5CF";16.06.2018;18:42:57;;-;-;;
1746;Trovan Unique;"00075CE5CF";16.06.2018;18:42:58;;-;-;;
1747;Trovan Unique;"00075CE5CF";16.06.2018;18:42:59;;-;-;;
1748;Trovan Unique;"00075CE5CF";16.06.2018;18:43:00;;-;-;;
1749;Trovan Unique;"00075CE5CF";16.06.2018;18:43:01;;-;-;;
1750;Trovan Unique;"00075CE5CF";16.06.2018;18:43:02;;-;-;;
1751;Trovan Unique;"00075CE5CF";16.06.2018;18:43:03;;-;-;;
1752;Trovan Unique;"00075CE5CF";16.06.2018;18:43:04;;-;-;;
1753;Trovan Unique;"00075CE5CF";16.06.2018;18:43:05;;-;-;;
1754;Trovan Unique;"00075CE5CF";16.06.2018;18:43:07;;-;-;;
1755;Trovan Unique;"00075CE5CF";16.06.2018;18:43:07;;-;-;;
1756;Trovan Unique;"00075CE5CF";16.06.2018;18:43:09;;-;-;;
1757;Trovan Unique;"00075CE5CF";16.06.2018;18:43:10;;-;-;;
1758;Trovan Unique;"00075CE5CF";16.06.2018;18:43:11;;-;-;;
1759;Trovan Unique;"00075CE5CF";16.06.2018;18:44:07;;-;-;;
1760;Trovan Unique;"00075CE5CF";16.06.2018;18:44:52;;-;-;;
1761;Trovan Unique;"00075CE5CF";16.06.2018;18:45:08;;-;-;;
1762;Trovan Unique;"00075CE5CF";16.06.2018;18:45:09;;-;-;;
1763;Trovan Unique;"00075CE5CF";16.06.2018;18:45:10;;-;-;;
1764;Trovan Unique;"00075CE5CF";16.06.2018;18:45:11;;-;-;;
1765;Trovan Unique;"00075CE5CF";16.06.2018;18:45:12;;-;-;;
1766;Trovan Unique;"00075CE5CF";16.06.2018;18:45:13;;-;-;;
1767;Trovan Unique;"00075CE5CF";16.06.2018;18:45:14;;-;-;;
1768;Trovan Unique;"00075CE5CF";16.06.2018;18:45:15;;-;-;;
1769;Trovan Unique;"00075CE5CF";16.06.2018;18:45:16;;-;-;;
1770;Trovan Unique;"00075CE5CF";16.06.2018;18:45:17;;-;-;;
1771;Trovan Unique;"00075CE5CF";16.06.2018;18:45:18;;-;-;;
1772;Trovan Unique;"00075CE5CF";16.06.2018;18:45:19;;-;-;;
1773;Trovan Unique;"00075CE5CF";16.06.2018;18:45:20;;-;-;;
1774;Trovan Unique;"00075CE5CF";16.06.2018;18:45:21;;-;-;;
1775;Trovan Unique;"00075CE5CF";16.06.2018;18:45:22;;-;-;;
1776;Trovan Unique;"00075CE5CF";16.06.2018;18:45:23;;-;-;;
1777;Trovan Unique;"00075CE5CF";16.06.2018;18:45:24;;-;-;;
1778;Trovan Unique;"00075CE5CF";16.06.2018;18:45:25;;-;-;;
1779;Trovan Unique;"00075CE5CF";16.06.2018;18:45:26;;-;-;;
1780;Trovan Unique;"00075CE5CF";16.06.2018;18:45:27;;-;-;;
1781;Trovan Unique;"00075CE5CF";16.06.2018;18:45:28;;-;-;;
1782;Trovan Unique;"00075CE5CF";16.06.2018;18:45:29;;-;-;;
1783;Trovan Unique;"00075CE5CF";16.06.2018;18:45:30;;-;-;;
1784;Trovan Unique;"00075CE5CF";16.06.2018;18:45:31;;-;-;;
1785;Trovan Unique;"00075CE5CF";16.06.2018;18:45:32;;-;-;;
1786;Trovan Unique;"00075CE5CF";16.06.2018;18:45:33;;-;-;;
1787;Trovan Unique;"00075CE5CF";16.06.2018;18:45:34;;-;-;;
1788;Trovan Unique;"00075CE5CF";16.06.2018;18:45:35;;-;-;;
1789;Trovan Unique;"00075CE5CF";16.06.2018;18:45:36;;-;-;;
1790;Trovan Unique;"00075CE5CF";16.06.2018;18:45:37;;-;-;;
1791;Trovan Unique;"00075CE5CF";16.06.2018;18:45:38;;-;-;;
1792;Trovan Unique;"00075CE5CF";16.06.2018;18:45:39;;-;-;;
1793;Trovan Unique;"00075CE5CF";16.06.2018;18:45:40;;-;-;;
1794;Trovan Unique;"00075CE5CF";16.06.2018;18:45:41;;-;-;;
1795;Trovan Unique;"00075CE5CF";16.06.2018;18:45:42;;-;-;;
1796;Trovan Unique;"00075CE5CF";16.06.2018;18:45:43;;-;-;;
1797;Trovan Unique;"00075CE5CF";16.06.2018;18:45:44;;-;-;;
1798;Trovan Unique;"00075CE5CF";16.06.2018;18:45:45;;-;-;;
1799;Trovan Unique;"00075CE5CF";16.06.2018;18:45:46;;-;-;;
1800;Trovan Unique;"00075CE5CF";16.06.2018;18:45:47;;-;-;;
1801;Trovan Unique;"00075CE5CF";16.06.2018;18:45:48;;-;-;;
1802;Trovan Unique;"00075CE5CF";16.06.2018;18:45:49;;-;-;;
1803;Trovan Unique;"00075CE5CF";16.06.2018;18:45:50;;-;-;;
1804;Trovan Unique;"00075CE5CF";16.06.2018;18:45:51;;-;-;;
1805;Trovan Unique;"00075CE5CF";16.06.2018;18:45:52;;-;-;;
1806;Trovan Unique;"00075CE5CF";16.06.2018;18:45:53;;-;-;;
1807;Trovan Unique;"00075CE5CF";16.06.2018;18:45:54;;-;-;;
1808;Trovan Unique;"00075CE5CF";16.06.2018;18:45:55;;-;-;;
1809;Trovan Unique;"00075CE5CF";16.06.2018;18:45:56;;-;-;;
1810;Trovan Unique;"00075CE5CF";16.06.2018;18:45:57;;-;-;;
1811;Trovan Unique;"00075CE5CF";16.06.2018;18:45:58;;-;-;;
1812;Trovan Unique;"00075CE5CF";16.06.2018;18:45:59;;-;-;;
1813;Trovan Unique;"00075CE5CF";16.06.2018;18:46:00;;-;-;;
1814;Trovan Unique;"00075CE5CF";16.06.2018;18:46:01;;-;-;;
1815;Trovan Unique;"00075CE5CF";16.06.2018;18:46:02;;-;-;;
1816;Trovan Unique;"00075CE5CF";16.06.2018;18:46:03;;-;-;;
1817;Trovan Unique;"00075CE5CF";16.06.2018;18:46:04;;-;-;;
1818;Trovan Unique;"00075CE5CF";16.06.2018;18:46:05;;-;-;;
1819;Trovan Unique;"00075CE5CF";16.06.2018;18:46:06;;-;-;;
1820;Trovan Unique;"00075CE5CF";16.06.2018;18:46:07;;-;-;;
1821;Trovan Unique;"00075CE5CF";16.06.2018;18:46:08;;-;-;;
1822;Trovan Unique;"00075CE5CF";16.06.2018;18:46:09;;-;-;;
1823;Trovan Unique;"00075CE5CF";16.06.2018;18:46:10;;-;-;;
1824;Trovan Unique;"00075CE5CF";16.06.2018;18:46:11;;-;-;;
1825;Trovan Unique;"00075CE5CF";16.06.2018;18:46:12;;-;-;;
1826;Trovan Unique;"00075CE5CF";16.06.2018;18:46:13;;-;-;;
1827;Trovan Unique;"00075CE5CF";16.06.2018;18:46:14;;-;-;;
1828;Trovan Unique;"00075CE5CF";16.06.2018;18:46:15;;-;-;;
1829;Trovan Unique;"00075CE5CF";16.06.2018;18:46:16;;-;-;;
1830;Trovan Unique;"00075CE5CF";16.06.2018;18:46:17;;-;-;;
1831;Trovan Unique;"00075CE5CF";16.06.2018;18:46:18;;-;-;;
1832;Trovan Unique;"00075CE5CF";16.06.2018;18:46:19;;-;-;;
1833;Trovan Unique;"00075CE5CF";16.06.2018;18:46:20;;-;-;;
1834;Trovan Unique;"00075CE5CF";16.06.2018;18:46:21;;-;-;;
1835;Trovan Unique;"00075CE5CF";16.06.2018;18:46:22;;-;-;;
1836;Trovan Unique;"00075CE5CF";16.06.2018;18:46:23;;-;-;;
1837;Trovan Unique;"00075CE5CF";16.06.2018;18:46:24;;-;-;;
1838;Trovan Unique;"00075CE5CF";16.06.2018;18:46:25;;-;-;;
1839;Trovan Unique;"00075CE5CF";16.06.2018;18:46:26;;-;-;;
1840;Trovan Unique;"00075CE5CF";16.06.2018;18:46:27;;-;-;;
1841;Trovan Unique;"00075CE5CF";16.06.2018;18:46:28;;-;-;;
1842;Trovan Unique;"00075CE5CF";16.06.2018;18:46:29;;-;-;;
1843;Trovan Unique;"00075CE5CF";16.06.2018;18:46:30;;-;-;;
1844;Trovan Unique;"00075CE5CF";16.06.2018;18:46:31;;-;-;;
1845;Trovan Unique;"00075CE5CF";16.06.2018;18:46:32;;-;-;;
1846;Trovan Unique;"00075CE5CF";16.06.2018;18:46:33;;-;-;;
1847;Trovan Unique;"00075CE5CF";16.06.2018;18:46:34;;-;-;;
1848;Trovan Unique;"00075CE5CF";16.06.2018;18:46:35;;-;-;;
1849;Trovan Unique;"00075CE5CF";16.06.2018;18:46:36;;-;-;;
1850;Trovan Unique;"00075CE5CF";16.06.2018;18:46:37;;-;-;;
1851;Trovan Unique;"00075CE5CF";16.06.2018;18:46:38;;-;-;;
1852;Trovan Unique;"00075CE5CF";16.06.2018;18:46:39;;-;-;;
1853;Trovan Unique;"00075CE5CF";16.06.2018;18:46:40;;-;-;;
1854;Trovan Unique;"00075CE5CF";16.06.2018;18:46:41;;-;-;;
1855;Trovan Unique;"00075CE5CF";16.06.2018;18:46:42;;-;-;;
1856;Trovan Unique;"00075CE5CF";16.06.2018;18:46:43;;-;-;;
1857;Trovan Unique;"00075CE5CF";16.06.2018;18:46:44;;-;-;;
1858;Trovan Unique;"00075CE5CF";16.06.2018;18:46:45;;-;-;;
1859;Trovan Unique;"00075CE5CF";16.06.2018;18:46:46;;-;-;;
1860;Trovan Unique;"00075CE5CF";16.06.2018;18:46:47;;-;-;;
1861;Trovan Unique;"00075CE5CF";16.06.2018;18:46:48;;-;-;;
1862;Trovan Unique;"00075CE5CF";16.06.2018;18:46:49;;-;-;;
1863;Trovan Unique;"00075CE5CF";16.06.2018;18:46:50;;-;-;;
1864;Trovan Unique;"00075CE5CF";16.06.2018;18:46:51;;-;-;;
1865;Trovan Unique;"00075CE5CF";16.06.2018;18:46:52;;-;-;;
1866;Trovan Unique;"00075CE5CF";16.06.2018;18:46:53;;-;-;;
1867;Trovan Unique;"00075CE5CF";16.06.2018;18:46:54;;-;-;;
1868;Trovan Unique;"00075CE5CF";16.06.2018;18:46:55;;-;-;;
1869;Trovan Unique;"00075CE5CF";16.06.2018;18:46:56;;-;-;;
1870;Trovan Unique;"00075CE5CF";16.06.2018;18:46:57;;-;-;;
1871;Trovan Unique;"00075CE5CF";16.06.2018;18:46:58;;-;-;;
1872;Trovan Unique;"00075CE5CF";16.06.2018;18:46:59;;-;-;;
1873;Trovan Unique;"00075CE5CF";16.06.2018;18:47:00;;-;-;;
1874;Trovan Unique;"00075CE5CF";16.06.2018;18:47:01;;-;-;;
1875;Trovan Unique;"00075CE5CF";16.06.2018;18:47:02;;-;-;;
1876;Trovan Unique;"00075CE5CF";16.06.2018;18:47:03;;-;-;;
1877;Trovan Unique;"00075CE5CF";16.06.2018;18:47:04;;-;-;;
1878;Trovan Unique;"00075CE5CF";16.06.2018;18:47:05;;-;-;;
1879;Trovan Unique;"00075CE5CF";16.06.2018;18:47:06;;-;-;;
1880;Trovan Unique;"00075CE5CF";16.06.2018;18:47:07;;-;-;;
1881;Trovan Unique;"00075CE5CF";16.06.2018;18:47:08;;-;-;;
1882;Trovan Unique;"00075CE5CF";16.06.2018;18:47:09;;-;-;;
1883;Trovan Unique;"00075CE5CF";16.06.2018;18:47:10;;-;-;;
1884;Trovan Unique;"00075CE5CF";16.06.2018;18:47:11;;-;-;;
1885;Trovan Unique;"00075CE5CF";16.06.2018;18:47:12;;-;-;;
1886;Trovan Unique;"00075CE5CF";16.06.2018;18:47:13;;-;-;;
1887;Trovan Unique;"00075CE5CF";16.06.2018;18:47:14;;-;-;;
1888;Trovan Unique;"00075CE5CF";16.06.2018;18:47:15;;-;-;;
1889;Trovan Unique;"00075CE5CF";16.06.2018;18:47:16;;-;-;;
1890;Trovan Unique;"00075CE5CF";16.06.2018;18:47:17;;-;-;;
1891;Trovan Unique;"00075CE5CF";16.06.2018;18:47:18;;-;-;;
1892;Trovan Unique;"00075CE5CF";16.06.2018;18:47:19;;-;-;;
1893;Trovan Unique;"00075CE5CF";16.06.2018;18:47:20;;-;-;;
1894;Trovan Unique;"00075CE5CF";16.06.2018;18:47:21;;-;-;;
1895;Trovan Unique;"00075CE5CF";16.06.2018;18:47:22;;-;-;;
1896;Trovan Unique;"00075CE5CF";16.06.2018;18:47:23;;-;-;;
1897;Trovan Unique;"00075CE5CF";16.06.2018;18:47:24;;-;-;;
1898;Trovan Unique;"00075CE5CF";16.06.2018;18:47:25;;-;-;;
1899;Trovan Unique;"00075CE5CF";16.06.2018;18:47:26;;-;-;;
1900;Trovan Unique;"00075CE5CF";16.06.2018;18:47:27;;-;-;;
1901;Trovan Unique;"00075CE5CF";16.06.2018;18:47:28;;-;-;;
1902;Trovan Unique;"00075CE5CF";16.06.2018;18:47:29;;-;-;;
1903;Trovan Unique;"00075CE5CF";16.06.2018;18:47:30;;-;-;;
1904;Trovan Unique;"00075CE5CF";16.06.2018;18:47:31;;-;-;;
1905;Trovan Unique;"00075CE5CF";16.06.2018;18:47:32;;-;-;;
1906;Trovan Unique;"00075CE5CF";16.06.2018;18:47:33;;-;-;;
1907;Trovan Unique;"00075CE5CF";16.06.2018;18:47:34;;-;-;;
1908;Trovan Unique;"00075CE5CF";16.06.2018;18:47:35;;-;-;;
1909;Trovan Unique;"00075CE5CF";16.06.2018;18:47:36;;-;-;;
1910;Trovan Unique;"00075CE5CF";16.06.2018;18:47:37;;-;-;;
1911;Trovan Unique;"00075CE5CF";16.06.2018;18:47:38;;-;-;;
1912;Trovan Unique;"00075CE5CF";16.06.2018;18:47:39;;-;-;;
1913;Trovan Unique;"00075CE5CF";16.06.2018;18:47:40;;-;-;;
1914;Trovan Unique;"00075CE5CF";16.06.2018;18:47:41;;-;-;;
1915;Trovan Unique;"00075CE5CF";16.06.2018;18:47:42;;-;-;;
1916;Trovan Unique;"00075CE5CF";16.06.2018;18:47:43;;-;-;;
1917;Trovan Unique;"00075CE5CF";16.06.2018;18:47:44;;-;-;;
1918;Trovan Unique;"00075CE5CF";16.06.2018;18:47:45;;-;-;;
1919;Trovan Unique;"00075CE5CF";16.06.2018;18:47:46;;-;-;;
1920;Trovan Unique;"00075CE5CF";16.06.2018;18:47:47;;-;-;;
1921;Trovan Unique;"00075CE5CF";16.06.2018;18:47:48;;-;-;;
1922;Trovan Unique;"00075CE5CF";16.06.2018;18:47:49;;-;-;;
1923;Trovan Unique;"00075CE5CF";16.06.2018;18:47:50;;-;-;;
1924;Trovan Unique;"00075CE5CF";16.06.2018;18:47:51;;-;-;;
1925;Trovan Unique;"00075CE5CF";16.06.2018;18:47:52;;-;-;;
1926;Trovan Unique;"00075CE5CF";16.06.2018;18:47:53;;-;-;;
1927;Trovan Unique;"00075CE5CF";16.06.2018;18:47:54;;-;-;;
1928;Trovan Unique;"00075CE5CF";16.06.2018;18:47:55;;-;-;;
1929;Trovan Unique;"00075CE5CF";16.06.2018;18:47:56;;-;-;;
1930;Trovan Unique;"00075CE5CF";16.06.2018;18:47:57;;-;-;;
1931;Trovan Unique;"00075CE5CF";16.06.2018;18:47:58;;-;-;;
1932;Trovan Unique;"00075CE5CF";16.06.2018;18:47:59;;-;-;;
1933;Trovan Unique;"00075CE5CF";16.06.2018;18:48:00;;-;-;;
1934;Trovan Unique;"00075CE5CF";16.06.2018;18:48:01;;-;-;;
1935;Trovan Unique;"00075CE5CF";16.06.2018;18:48:02;;-;-;;
1936;Trovan Unique;"00075CE5CF";16.06.2018;18:48:03;;-;-;;
1937;Trovan Unique;"00075CE5CF";16.06.2018;18:48:04;;-;-;;
1938;Trovan Unique;"00075CE5CF";16.06.2018;18:48:05;;-;-;;
1939;Trovan Unique;"00075CE5CF";16.06.2018;18:48:06;;-;-;;
1940;Trovan Unique;"00075CE5CF";16.06.2018;18:48:07;;-;-;;
1941;Trovan Unique;"00075CE5CF";16.06.2018;18:48:08;;-;-;;
1942;Trovan Unique;"00075CE5CF";16.06.2018;18:48:09;;-;-;;
1943;Trovan Unique;"00075CE5CF";16.06.2018;18:48:10;;-;-;;
1944;Trovan Unique;"00075CE5CF";16.06.2018;18:48:11;;-;-;;
1945;Trovan Unique;"00075CE5CF";16.06.2018;18:48:12;;-;-;;
1946;Trovan Unique;"00075CE5CF";16.06.2018;18:48:13;;-;-;;
1947;Trovan Unique;"00075CE5CF";16.06.2018;18:48:14;;-;-;;
1948;Trovan Unique;"00075CE5CF";16.06.2018;18:48:15;;-;-;;
1949;Trovan Unique;"00075CE5CF";16.06.2018;18:48:16;;-;-;;
1950;Trovan Unique;"00075CE5CF";16.06.2018;18:48:17;;-;-;;
1951;Trovan Unique;"00075CE5CF";16.06.2018;18:48:18;;-;-;;
1952;Trovan Unique;"00075CE5CF";16.06.2018;18:48:19;;-;-;;
1953;Trovan Unique;"00075CE5CF";16.06.2018;18:48:20;;-;-;;
1954;Trovan Unique;"00075CE5CF";16.06.2018;18:48:21;;-;-;;
1955;Trovan Unique;"00075CE5CF";16.06.2018;18:48:22;;-;-;;
1956;Trovan Unique;"00075CE5CF";16.06.2018;18:48:23;;-;-;;
1957;Trovan Unique;"00075CE5CF";16.06.2018;18:48:24;;-;-;;
1958;Trovan Unique;"00075CE5CF";16.06.2018;18:48:25;;-;-;;
1959;Trovan Unique;"00075CE5CF";16.06.2018;18:48:26;;-;-;;
1960;Trovan Unique;"00075CE5CF";16.06.2018;18:48:27;;-;-;;
1961;Trovan Unique;"00075CE5CF";16.06.2018;18:48:28;;-;-;;
1962;Trovan Unique;"00075CE5CF";16.06.2018;18:48:29;;-;-;;
1963;Trovan Unique;"00075CE5CF";16.06.2018;18:48:30;;-;-;;
1964;Trovan Unique;"00075CE5CF";16.06.2018;18:48:31;;-;-;;
1965;Trovan Unique;"00075CE5CF";16.06.2018;18:48:32;;-;-;;
1966;Trovan Unique;"00075CE5CF";16.06.2018;18:48:33;;-;-;;
1967;Trovan Unique;"00075CE5CF";16.06.2018;18:48:34;;-;-;;
1968;Trovan Unique;"00075CE5CF";16.06.2018;18:48:35;;-;-;;
1969;Trovan Unique;"00075CE5CF";16.06.2018;18:48:36;;-;-;;
1970;Trovan Unique;"00075CE5CF";16.06.2018;18:48:37;;-;-;;
1971;Trovan Unique;"00075CE5CF";16.06.2018;18:48:38;;-;-;;
1972;Trovan Unique;"00075CE5CF";16.06.2018;18:48:39;;-;-;;
1973;Trovan Unique;"00075CE5CF";16.06.2018;18:48:40;;-;-;;
1974;Trovan Unique;"00075CE5CF";16.06.2018;18:48:41;;-;-;;
1975;Trovan Unique;"00075CE5CF";16.06.2018;18:48:42;;-;-;;
1976;Trovan Unique;"00075CE5CF";16.06.2018;18:48:43;;-;-;;
1977;Trovan Unique;"00075CE5CF";16.06.2018;18:48:44;;-;-;;
1978;Trovan Unique;"00075CE5CF";16.06.2018;18:48:45;;-;-;;
1979;Trovan Unique;"00075CE5CF";16.06.2018;18:48:46;;-;-;;
1980;Trovan Unique;"00075CE5CF";16.06.2018;18:48:47;;-;-;;
1981;Trovan Unique;"00075CE5CF";16.06.2018;18:48:48;;-;-;;
1982;Trovan Unique;"00075CE5CF";16.06.2018;18:48:49;;-;-;;
1983;Trovan Unique;"00075CE5CF";16.06.2018;18:48:50;;-;-;;
1984;Trovan Unique;"00075CE5CF";16.06.2018;18:48:51;;-;-;;
1985;Trovan Unique;"00075CE5CF";16.06.2018;18:48:52;;-;-;;
1986;Trovan Unique;"00075CE5CF";16.06.2018;18:48:53;;-;-;;
1987;Trovan Unique;"00075CE5CF";16.06.2018;18:48:54;;-;-;;
1988;Trovan Unique;"00075CE5CF";16.06.2018;18:48:55;;-;-;;
1989;Trovan Unique;"00075CE5CF";16.06.2018;18:48:56;;-;-;;
1990;Trovan Unique;"00075CE5CF";16.06.2018;18:48:57;;-;-;;
1991;Trovan Unique;"00075CE5CF";16.06.2018;18:48:58;;-;-;;
1992;Trovan Unique;"00075CE5CF";16.06.2018;18:48:59;;-;-;;
1993;Trovan Unique;"00075CE5CF";16.06.2018;18:49:00;;-;-;;
1994;Trovan Unique;"00075CE5CF";16.06.2018;18:49:01;;-;-;;
1995;Trovan Unique;"00075CE5CF";16.06.2018;18:49:02;;-;-;;
1996;Trovan Unique;"00075CE5CF";16.06.2018;18:49:03;;-;-;;
1997;Trovan Unique;"00075CE5CF";16.06.2018;18:49:04;;-;-;;
1998;Trovan Unique;"00075CE5CF";16.06.2018;18:49:05;;-;-;;
1999;Trovan Unique;"00075CE5CF";16.06.2018;18:49:06;;-;-;;
2000;Trovan Unique;"00075CE5CF";16.06.2018;18:49:07;;-;-;;
2001;Trovan Unique;"00075CE5CF";16.06.2018;18:49:08;;-;-;;
2002;Trovan Unique;"00075CE5CF";16.06.2018;18:49:09;;-;-;;
2003;Trovan Unique;"00075CE5CF";16.06.2018;18:49:10;;-;-;;
2004;Trovan Unique;"00075CE5CF";16.06.2018;18:49:11;;-;-;;
2005;Trovan Unique;"00075CE5CF";16.06.2018;18:49:12;;-;-;;
2006;Trovan Unique;"00075CE5CF";16.06.2018;18:49:13;;-;-;;
2007;Trovan Unique;"00075CE5CF";16.06.2018;18:49:14;;-;-;;
2008;Trovan Unique;"00075CE5CF";16.06.2018;18:49:15;;-;-;;
2009;Trovan Unique;"00075CE5CF";16.06.2018;18:49:16;;-;-;;
2010;Trovan Unique;"00075CE5CF";16.06.2018;18:49:17;;-;-;;
2011;Trovan Unique;"00075CE5CF";16.06.2018;18:49:18;;-;-;;
2012;Trovan Unique;"00075CE5CF";16.06.2018;18:49:19;;-;-;;
2013;Trovan Unique;"00075CE5CF";16.06.2018;18:49:20;;-;-;;
2014;Trovan Unique;"00075CE5CF";16.06.2018;18:49:21;;-;-;;
2015;Trovan Unique;"00075CE5CF";16.06.2018;18:49:22;;-;-;;
2016;Trovan Unique;"00075CE5CF";16.06.2018;18:49:23;;-;-;;
2017;Trovan Unique;"00075CE5CF";16.06.2018;18:49:24;;-;-;;
2018;Trovan Unique;"00075CE5CF";16.06.2018;18:49:25;;-;-;;
2019;Trovan Unique;"00075CE5CF";16.06.2018;18:49:26;;-;-;;
2020;Trovan Unique;"00075CE5CF";16.06.2018;18:49:27;;-;-;;
2021;Trovan Unique;"00075CE5CF";16.06.2018;18:49:28;;-;-;;
2022;Trovan Unique;"00075CE5CF";16.06.2018;18:49:29;;-;-;;
2023;Trovan Unique;"00075CE5CF";16.06.2018;18:49:30;;-;-;;
2024;Trovan Unique;"00075CE5CF";16.06.2018;18:49:31;;-;-;;
2025;Trovan Unique;"00075CE5CF";16.06.2018;18:49:32;;-;-;;
2026;Trovan Unique;"00075CE5CF";16.06.2018;18:49:33;;-;-;;
2027;Trovan Unique;"00075CE5CF";16.06.2018;18:49:33;;-;-;;
2028;Trovan Unique;"00075CE5CF";16.06.2018;18:49:34;;-;-;;
2029;Trovan Unique;"00075CE5CF";16.06.2018;18:49:35;;-;-;;
2030;Trovan Unique;"00075CE5CF";16.06.2018;18:49:36;;-;-;;
2031;Trovan Unique;"00075CE5CF";16.06.2018;18:49:37;;-;-;;
2032;Trovan Unique;"00075CE5CF";16.06.2018;18:49:38;;-;-;;
2033;Trovan Unique;"00075CE5CF";16.06.2018;18:49:39;;-;-;;
2034;Trovan Unique;"00075CE5CF";16.06.2018;18:49:40;;-;-;;
2035;Trovan Unique;"00075CE5CF";16.06.2018;18:49:41;;-;-;;
2036;Trovan Unique;"00075CE5CF";16.06.2018;18:49:42;;-;-;;
2037;Trovan Unique;"00075CE5CF";16.06.2018;18:49:43;;-;-;;
2038;Trovan Unique;"00075CE5CF";16.06.2018;18:49:44;;-;-;;
2039;Trovan Unique;"00075CE5CF";16.06.2018;18:49:45;;-;-;;
2040;Trovan Unique;"00075CE5CF";16.06.2018;18:49:46;;-;-;;
2041;Trovan Unique;"00075CE5CF";16.06.2018;18:49:47;;-;-;;
2042;Trovan Unique;"00075CE5CF";16.06.2018;18:49:48;;-;-;;
2043;Trovan Unique;"00075CE5CF";16.06.2018;18:49:49;;-;-;;
2044;Trovan Unique;"00075CE5CF";16.06.2018;18:49:50;;-;-;;
2045;Trovan Unique;"00075CE5CF";16.06.2018;18:49:51;;-;-;;
2046;Trovan Unique;"00075CE5CF";16.06.2018;18:49:52;;-;-;;
2047;Trovan Unique;"00075CE5CF";16.06.2018;18:49:53;;-;-;;
2048;Trovan Unique;"00075CE5CF";16.06.2018;18:49:54;;-;-;;
2049;Trovan Unique;"00075CE5CF";16.06.2018;18:49:55;;-;-;;
2050;Trovan Unique;"00075CE5CF";16.06.2018;18:49:56;;-;-;;
2051;Trovan Unique;"00075CE5CF";16.06.2018;18:49:57;;-;-;;
2052;Trovan Unique;"00075CE5CF";16.06.2018;18:49:58;;-;-;;
2053;Trovan Unique;"00075CE5CF";16.06.2018;18:49:59;;-;-;;
2054;Trovan Unique;"00075CE5CF";16.06.2018;18:50:00;;-;-;;
2055;Trovan Unique;"00075CE5CF";16.06.2018;18:50:01;;-;-;;
2056;Trovan Unique;"00075CE5CF";16.06.2018;18:50:02;;-;-;;
2057;Trovan Unique;"00075CE5CF";16.06.2018;18:50:03;;-;-;;
2058;Trovan Unique;"00075CE5CF";16.06.2018;18:50:04;;-;-;;
2059;Trovan Unique;"00075CE5CF";16.06.2018;18:50:05;;-;-;;
2060;Trovan Unique;"00075CE5CF";16.06.2018;18:50:06;;-;-;;
2061;Trovan Unique;"00075CE5CF";16.06.2018;18:50:07;;-;-;;
2062;Trovan Unique;"00075CE5CF";16.06.2018;18:50:08;;-;-;;
2063;Trovan Unique;"00075CE5CF";16.06.2018;18:50:09;;-;-;;
2064;Trovan Unique;"00075CE5CF";16.06.2018;18:50:10;;-;-;;
2065;Trovan Unique;"00075CE5CF";16.06.2018;18:50:11;;-;-;;
2066;Trovan Unique;"00075CE5CF";16.06.2018;18:50:12;;-;-;;
2067;Trovan Unique;"00075CE5CF";16.06.2018;18:50:13;;-;-;;
2068;Trovan Unique;"00075CE5CF";16.06.2018;18:50:14;;-;-;;
2069;Trovan Unique;"00075CE5CF";16.06.2018;18:50:15;;-;-;;
2070;Trovan Unique;"00075CE5CF";16.06.2018;18:50:16;;-;-;;
2071;Trovan Unique;"00075CE5CF";16.06.2018;18:50:17;;-;-;;
2072;Trovan Unique;"00075CE5CF";16.06.2018;18:50:18;;-;-;;
2073;Trovan Unique;"00075CE5CF";16.06.2018;18:50:19;;-;-;;
2074;Trovan Unique;"00075CE5CF";16.06.2018;18:50:20;;-;-;;
2075;Trovan Unique;"00075CE5CF";16.06.2018;18:50:21;;-;-;;
2076;Trovan Unique;"00075CE5CF";16.06.2018;18:50:22;;-;-;;
2077;Trovan Unique;"00075CE5CF";16.06.2018;18:50:23;;-;-;;
2078;Trovan Unique;"00075CE5CF";16.06.2018;18:50:24;;-;-;;
2079;Trovan Unique;"00075CE5CF";16.06.2018;18:50:25;;-;-;;
2080;Trovan Unique;"00075CE5CF";16.06.2018;18:50:26;;-;-;;
2081;Trovan Unique;"00075CE5CF";16.06.2018;18:50:27;;-;-;;
2082;Trovan Unique;"00075CE5CF";16.06.2018;18:50:28;;-;-;;
2083;Trovan Unique;"00075CE5CF";16.06.2018;18:50:29;;-;-;;
2084;Trovan Unique;"00075CE5CF";16.06.2018;18:50:30;;-;-;;
2085;Trovan Unique;"00075CE5CF";16.06.2018;18:50:31;;-;-;;
2086;Trovan Unique;"00075CE5CF";16.06.2018;18:50:32;;-;-;;
2087;Trovan Unique;"00075CE5CF";16.06.2018;18:50:33;;-;-;;
2088;Trovan Unique;"00075CE5CF";16.06.2018;18:50:34;;-;-;;
2089;Trovan Unique;"00075CE5CF";16.06.2018;18:50:35;;-;-;;
2090;Trovan Unique;"00075CE5CF";16.06.2018;18:50:36;;-;-;;
2091;Trovan Unique;"00075CE5CF";16.06.2018;18:50:37;;-;-;;
2092;Trovan Unique;"00075CE5CF";16.06.2018;18:50:38;;-;-;;
2093;Trovan Unique;"00075CE5CF";16.06.2018;18:50:39;;-;-;;
2094;Trovan Unique;"00075CE5CF";16.06.2018;18:50:40;;-;-;;
2095;Trovan Unique;"00075CE5CF";16.06.2018;18:50:41;;-;-;;
2096;Trovan Unique;"00075CE5CF";16.06.2018;18:50:42;;-;-;;
2097;Trovan Unique;"00075CE5CF";16.06.2018;18:50:43;;-;-;;
2098;Trovan Unique;"00075CE5CF";16.06.2018;18:50:44;;-;-;;
2099;Trovan Unique;"00075CE5CF";16.06.2018;18:50:45;;-;-;;
2100;Trovan Unique;"00075CE5CF";16.06.2018;18:50:46;;-;-;;
2101;Trovan Unique;"00075CE5CF";16.06.2018;18:50:47;;-;-;;
2102;Trovan Unique;"00075CE5CF";16.06.2018;18:50:48;;-;-;;
2103;Trovan Unique;"00075CE5CF";16.06.2018;18:50:49;;-;-;;
2104;Trovan Unique;"00075CE5CF";16.06.2018;18:50:50;;-;-;;
2105;Trovan Unique;"00075CE5CF";16.06.2018;18:50:51;;-;-;;
2106;Trovan Unique;"00075CE5CF";16.06.2018;18:50:52;;-;-;;
2107;Trovan Unique;"00075CE5CF";16.06.2018;18:50:53;;-;-;;
2108;Trovan Unique;"00075CE5CF";16.06.2018;18:50:54;;-;-;;
2109;Trovan Unique;"00075CE5CF";16.06.2018;18:50:55;;-;-;;
2110;Trovan Unique;"00075CE5CF";16.06.2018;18:50:56;;-;-;;
2111;Trovan Unique;"00075CE5CF";16.06.2018;18:50:57;;-;-;;
2112;Trovan Unique;"00075CE5CF";16.06.2018;18:50:58;;-;-;;
2113;Trovan Unique;"00075CE5CF";16.06.2018;18:50:59;;-;-;;
2114;Trovan Unique;"00075CE5CF";16.06.2018;18:51:00;;-;-;;
2115;Trovan Unique;"00075CE5CF";16.06.2018;18:51:01;;-;-;;
2116;Trovan Unique;"00075CE5CF";16.06.2018;18:51:02;;-;-;;
2117;Trovan Unique;"00075CE5CF";16.06.2018;18:51:03;;-;-;;
2118;Trovan Unique;"00075CE5CF";16.06.2018;18:51:04;;-;-;;
2119;Trovan Unique;"00075CE5CF";16.06.2018;18:51:05;;-;-;;
2120;Trovan Unique;"00075CE5CF";16.06.2018;18:51:06;;-;-;;
2121;Trovan Unique;"00075CE5CF";16.06.2018;18:51:07;;-;-;;
2122;Trovan Unique;"00075CE5CF";16.06.2018;18:51:08;;-;-;;
2123;Trovan Unique;"00075CE5CF";16.06.2018;18:51:09;;-;-;;
2124;Trovan Unique;"00075CE5CF";16.06.2018;18:51:10;;-;-;;
2125;Trovan Unique;"00075CE5CF";16.06.2018;18:51:11;;-;-;;
2126;Trovan Unique;"00075CE5CF";16.06.2018;18:51:12;;-;-;;
2127;Trovan Unique;"00075CE5CF";16.06.2018;18:51:13;;-;-;;
2128;Trovan Unique;"00075CE5CF";16.06.2018;18:51:14;;-;-;;
2129;Trovan Unique;"00075CE5CF";16.06.2018;18:51:15;;-;-;;
2130;Trovan Unique;"00075CE5CF";16.06.2018;18:51:16;;-;-;;
2131;Trovan Unique;"00075CE5CF";16.06.2018;18:51:17;;-;-;;
2132;Trovan Unique;"00075CE5CF";16.06.2018;18:51:18;;-;-;;
2133;Trovan Unique;"00075CE5CF";16.06.2018;18:51:19;;-;-;;
2134;Trovan Unique;"00075CE5CF";16.06.2018;18:51:20;;-;-;;
2135;Trovan Unique;"00075CE5CF";16.06.2018;18:51:21;;-;-;;
2136;Trovan Unique;"00075CE5CF";16.06.2018;18:51:22;;-;-;;
2137;Trovan Unique;"00075CE5CF";16.06.2018;18:51:23;;-;-;;
2138;Trovan Unique;"00075CE5CF";16.06.2018;18:51:24;;-;-;;
2139;Trovan Unique;"00075CE5CF";16.06.2018;18:51:25;;-;-;;
2140;Trovan Unique;"00075CE5CF";16.06.2018;18:51:26;;-;-;;
2141;Trovan Unique;"00075CE5CF";16.06.2018;18:51:27;;-;-;;
2142;Trovan Unique;"00075CE5CF";16.06.2018;18:51:28;;-;-;;
2143;Trovan Unique;"00075CE5CF";16.06.2018;18:51:29;;-;-;;
2144;Trovan Unique;"00075CE5CF";16.06.2018;18:51:30;;-;-;;
2145;Trovan Unique;"00075CE5CF";16.06.2018;18:51:31;;-;-;;
2146;Trovan Unique;"00075CE5CF";16.06.2018;18:51:32;;-;-;;
2147;Trovan Unique;"00075CE5CF";16.06.2018;18:51:33;;-;-;;
2148;Trovan Unique;"00075CE5CF";16.06.2018;18:51:34;;-;-;;
2149;Trovan Unique;"00075CE5CF";16.06.2018;18:51:35;;-;-;;
2150;Trovan Unique;"00075CE5CF";16.06.2018;18:51:36;;-;-;;
2151;Trovan Unique;"00075CE5CF";16.06.2018;18:51:37;;-;-;;
2152;Trovan Unique;"00075CE5CF";16.06.2018;18:51:38;;-;-;;
2153;Trovan Unique;"00075CE5CF";16.06.2018;18:51:39;;-;-;;
2154;Trovan Unique;"00075CE5CF";16.06.2018;18:51:40;;-;-;;
2155;Trovan Unique;"00075CE5CF";16.06.2018;18:51:41;;-;-;;
2156;Trovan Unique;"00075CE5CF";16.06.2018;18:51:42;;-;-;;
2157;Trovan Unique;"00075CE5CF";16.06.2018;18:51:43;;-;-;;
2158;Trovan Unique;"00075CE5CF";16.06.2018;18:51:44;;-;-;;
2159;Trovan Unique;"00075CE5CF";16.06.2018;18:51:45;;-;-;;
2160;Trovan Unique;"00075CE5CF";16.06.2018;18:51:46;;-;-;;
2161;Trovan Unique;"00075CE5CF";16.06.2018;18:51:47;;-;-;;
2162;Trovan Unique;"00075CE5CF";16.06.2018;18:51:48;;-;-;;
2163;Trovan Unique;"00075CE5CF";16.06.2018;18:51:49;;-;-;;
2164;Trovan Unique;"00075CE5CF";16.06.2018;18:51:50;;-;-;;
2165;Trovan Unique;"00075CE5CF";16.06.2018;18:51:51;;-;-;;
2166;Trovan Unique;"00075CE5CF";16.06.2018;18:51:55;;-;-;;
2167;Trovan Unique;"00075CE5CF";16.06.2018;18:51:56;;-;-;;
2168;Trovan Unique;"00075CE5CF";16.06.2018;18:51:58;;-;-;;
2169;Trovan Unique;"00075CE5CF";16.06.2018;18:52:00;;-;-;;
2170;Trovan Unique;"00075CE5CF";16.06.2018;18:52:01;;-;-;;
2171;Trovan Unique;"00075CE5CF";16.06.2018;18:52:02;;-;-;;
2172;Trovan Unique;"00075CE5CF";16.06.2018;18:52:03;;-;-;;
2173;Trovan Unique;"00075CE5CF";16.06.2018;18:52:04;;-;-;;
2174;Trovan Unique;"00075CE5CF";16.06.2018;18:52:05;;-;-;;
2175;Trovan Unique;"00075CE5CF";16.06.2018;18:52:07;;-;-;;
2176;Trovan Unique;"00075CE5CF";16.06.2018;18:52:08;;-;-;;
2177;Trovan Unique;"00075CE5CF";16.06.2018;18:52:09;;-;-;;
2178;Trovan Unique;"00075CE5CF";16.06.2018;18:52:09;;-;-;;
2179;Trovan Unique;"00075CE5CF";16.06.2018;18:52:10;;-;-;;
2180;Trovan Unique;"00075CE5CF";16.06.2018;18:52:11;;-;-;;
2181;Trovan Unique;"00075CE5CF";16.06.2018;18:52:12;;-;-;;
2182;Trovan Unique;"00075CE5CF";16.06.2018;18:52:13;;-;-;;
2183;Trovan Unique;"00075CE5CF";16.06.2018;18:52:14;;-;-;;
2184;Trovan Unique;"00075CE5CF";16.06.2018;18:52:15;;-;-;;
2185;Trovan Unique;"00075CE5CF";16.06.2018;18:52:16;;-;-;;
2186;Trovan Unique;"00075CE5CF";16.06.2018;18:52:17;;-;-;;
2187;Trovan Unique;"00075CE5CF";16.06.2018;18:52:18;;-;-;;
2188;Trovan Unique;"00075CE5CF";16.06.2018;18:52:19;;-;-;;
2189;Trovan Unique;"00075CE5CF";16.06.2018;18:52:20;;-;-;;
2190;Trovan Unique;"00075CE5CF";16.06.2018;18:52:21;;-;-;;
2191;Trovan Unique;"00075CE5CF";16.06.2018;18:52:22;;-;-;;
2192;Trovan Unique;"00075CE5CF";16.06.2018;18:52:23;;-;-;;
2193;Trovan Unique;"00075CE5CF";16.06.2018;18:52:26;;-;-;;
2194;Trovan Unique;"00075CE5CF";16.06.2018;18:52:27;;-;-;;
2195;Trovan Unique;"00075CE5CF";16.06.2018;18:52:28;;-;-;;
2196;Trovan Unique;"00075CE5CF";16.06.2018;18:52:29;;-;-;;
2197;Trovan Unique;"00075CE5CF";16.06.2018;18:52:30;;-;-;;
2198;Trovan Unique;"00075CE5CF";16.06.2018;18:52:31;;-;-;;
2199;Trovan Unique;"00075CE5CF";16.06.2018;18:52:32;;-;-;;
2200;Trovan Unique;"00075CE5CF";16.06.2018;18:52:33;;-;-;;
2201;Trovan Unique;"00075CE5CF";16.06.2018;18:52:34;;-;-;;
2202;Trovan Unique;"00075CE5CF";16.06.2018;18:52:35;;-;-;;
2203;Trovan Unique;"00075CE5CF";16.06.2018;18:52:36;;-;-;;
2204;Trovan Unique;"00075CE5CF";16.06.2018;18:52:37;;-;-;;
2205;Trovan Unique;"00075CE5CF";16.06.2018;18:52:38;;-;-;;
2206;Trovan Unique;"00075CE5CF";16.06.2018;18:52:39;;-;-;;
2207;Trovan Unique;"00075CE5CF";16.06.2018;18:52:40;;-;-;;
2208;Trovan Unique;"00075CE5CF";16.06.2018;18:52:41;;-;-;;
2209;Trovan Unique;"00075CE5CF";16.06.2018;18:52:42;;-;-;;
2210;Trovan Unique;"00075CE5CF";16.06.2018;18:52:43;;-;-;;
2211;Trovan Unique;"00075CE5CF";16.06.2018;18:52:44;;-;-;;
2212;Trovan Unique;"00075CE5CF";16.06.2018;18:52:45;;-;-;;
2213;Trovan Unique;"00075CE5CF";16.06.2018;18:52:46;;-;-;;
2214;Trovan Unique;"00075CE5CF";16.06.2018;18:52:47;;-;-;;
2215;Trovan Unique;"00075CE5CF";16.06.2018;18:52:48;;-;-;;
2216;Trovan Unique;"00075CE5CF";16.06.2018;18:52:49;;-;-;;
2217;Trovan Unique;"00075CE5CF";16.06.2018;18:52:50;;-;-;;
2218;Trovan Unique;"00075CE5CF";16.06.2018;18:52:51;;-;-;;
2219;Trovan Unique;"00075CE5CF";16.06.2018;18:52:52;;-;-;;
2220;Trovan Unique;"00075CE5CF";16.06.2018;18:52:53;;-;-;;
2221;Trovan Unique;"00075CE5CF";16.06.2018;18:52:55;;-;-;;
2222;Trovan Unique;"00075CE5CF";16.06.2018;18:52:56;;-;-;;
2223;Trovan Unique;"00075CE5CF";16.06.2018;18:52:57;;-;-;;
2224;Trovan Unique;"00075CE5CF";16.06.2018;18:52:58;;-;-;;
2225;Trovan Unique;"00075CE5CF";16.06.2018;18:52:59;;-;-;;
2226;Trovan Unique;"00075CE5CF";16.06.2018;18:53:00;;-;-;;
2227;Trovan Unique;"00075CE5CF";16.06.2018;18:53:01;;-;-;;
2228;Trovan Unique;"00075CE5CF";16.06.2018;18:53:02;;-;-;;
2229;Trovan Unique;"00075CE5CF";16.06.2018;18:53:03;;-;-;;
2230;Trovan Unique;"00075CE5CF";16.06.2018;18:53:04;;-;-;;
2231;Trovan Unique;"00075CE5CF";16.06.2018;18:53:05;;-;-;;
2232;Trovan Unique;"00075CE5CF";16.06.2018;18:53:06;;-;-;;
2233;Trovan Unique;"00075CE5CF";16.06.2018;18:53:07;;-;-;;
2234;Trovan Unique;"00075CE5CF";16.06.2018;18:53:08;;-;-;;
2235;Trovan Unique;"00075CE5CF";16.06.2018;18:53:09;;-;-;;
2236;Trovan Unique;"00075CE5CF";16.06.2018;18:53:10;;-;-;;
2237;Trovan Unique;"00075CE5CF";16.06.2018;18:53:11;;-;-;;
2238;Trovan Unique;"00075CE5CF";16.06.2018;18:53:12;;-;-;;
2239;Trovan Unique;"00075CE5CF";16.06.2018;18:53:13;;-;-;;
2240;Trovan Unique;"00075CE5CF";16.06.2018;18:53:15;;-;-;;
2241;Trovan Unique;"00075CE5CF";16.06.2018;18:53:17;;-;-;;
2242;Trovan Unique;"00075CE5CF";16.06.2018;18:53:23;;-;-;;
2243;Trovan Unique;"00075CE5CF";16.06.2018;18:54:06;;-;-;;
2244;Trovan Unique;"00075CE5CF";16.06.2018;18:54:07;;-;-;;
2245;Trovan Unique;"00075CE5CF";16.06.2018;18:54:08;;-;-;;
2246;Trovan Unique;"00075CE5CF";16.06.2018;18:54:09;;-;-;;
2247;Trovan Unique;"00075CE5CF";16.06.2018;18:54:11;;-;-;;
2248;Trovan Unique;"00075CE5CF";16.06.2018;18:54:13;;-;-;;
2249;Trovan Unique;"00075CE5CF";16.06.2018;18:54:14;;-;-;;
2250;Trovan Unique;"00075CE5CF";16.06.2018;18:54:15;;-;-;;
2251;Trovan Unique;"00075CE5CF";16.06.2018;18:54:16;;-;-;;
2252;Trovan Unique;"00075CE5CF";16.06.2018;18:54:17;;-;-;;
2253;Trovan Unique;"00075CE5CF";16.06.2018;18:54:18;;-;-;;
2254;Trovan Unique;"00075CE5CF";16.06.2018;18:54:19;;-;-;;
2255;Trovan Unique;"00075CE5CF";16.06.2018;18:54:20;;-;-;;
2256;Trovan Unique;"00075CE5CF";16.06.2018;18:54:21;;-;-;;
2257;Trovan Unique;"00075CE5CF";16.06.2018;18:54:22;;-;-;;
2258;Trovan Unique;"00075CE5CF";16.06.2018;18:54:23;;-;-;;
2259;Trovan Unique;"00075CE5CF";16.06.2018;18:54:24;;-;-;;
2260;Trovan Unique;"00075CE5CF";16.06.2018;18:54:25;;-;-;;
2261;Trovan Unique;"00075CE5CF";16.06.2018;18:54:26;;-;-;;
2262;Trovan Unique;"00075CE5CF";16.06.2018;18:54:27;;-;-;;
2263;Trovan Unique;"00075CE5CF";16.06.2018;18:54:28;;-;-;;
2264;Trovan Unique;"00075CE5CF";16.06.2018;18:54:31;;-;-;;
2265;Trovan Unique;"00075CE5CF";16.06.2018;18:54:36;;-;-;;
2266;Trovan Unique;"00075CE5CF";16.06.2018;18:54:38;;-;-;;
2267;Trovan Unique;"00075CE5CF";16.06.2018;18:54:39;;-;-;;
2268;Trovan Unique;"00075CE5CF";16.06.2018;18:54:41;;-;-;;
2269;Trovan Unique;"00075CE5CF";16.06.2018;18:54:42;;-;-;;
2270;Trovan Unique;"00075CE5CF";16.06.2018;18:54:43;;-;-;;
2271;Trovan Unique;"00075CE5CF";16.06.2018;18:54:44;;-;-;;
2272;Trovan Unique;"00075CE5CF";16.06.2018;18:54:45;;-;-;;
2273;Trovan Unique;"00075CE5CF";16.06.2018;18:54:46;;-;-;;
2274;Trovan Unique;"00075CE5CF";16.06.2018;18:54:48;;-;-;;
2275;Trovan Unique;"00075CE5CF";16.06.2018;18:54:49;;-;-;;
2276;Trovan Unique;"00075CE5CF";16.06.2018;18:54:50;;-;-;;
2277;Trovan Unique;"00075CE5CF";16.06.2018;18:54:51;;-;-;;
2278;Trovan Unique;"00075CE5CF";16.06.2018;18:54:52;;-;-;;
2279;Trovan Unique;"00075CE5CF";16.06.2018;18:54:53;;-;-;;
2280;Trovan Unique;"00075CE5CF";16.06.2018;18:54:54;;-;-;;
2281;Trovan Unique;"00075CE5CF";16.06.2018;18:54:55;;-;-;;
2282;Trovan Unique;"00075CE5CF";16.06.2018;18:54:56;;-;-;;
2283;Trovan Unique;"00075CE5CF";16.06.2018;18:54:58;;-;-;;
2284;Trovan Unique;"00075CE5CF";16.06.2018;18:54:59;;-;-;;
2285;Trovan Unique;"00075CE5CF";16.06.2018;18:55:00;;-;-;;
2286;Trovan Unique;"00075CE5CF";16.06.2018;18:55:01;;-;-;;
2287;Trovan Unique;"00075CE5CF";16.06.2018;18:55:02;;-;-;;
2288;Trovan Unique;"00075CE5CF";16.06.2018;18:55:04;;-;-;;
2289;Trovan Unique;"00075CE5CF";16.06.2018;18:55:20;;-;-;;
2290;Trovan Unique;"00075CE5CF";16.06.2018;18:55:37;;-;-;;
2291;Trovan Unique;"00075CE5CF";16.06.2018;18:55:38;;-;-;;
2292;Trovan Unique;"00075CE5CF";16.06.2018;18:55:39;;-;-;;
2293;Trovan Unique;"00075CE5CF";16.06.2018;18:55:41;;-;-;;
2294;Trovan Unique;"00075CE5CF";16.06.2018;18:55:55;;-;-;;
2295;Trovan Unique;"00075CE5CF";16.06.2018;18:55:56;;-;-;;
2296;Trovan Unique;"00075CE5CF";16.06.2018;18:55:57;;-;-;;
2297;Trovan Unique;"00075CE5CF";16.06.2018;18:55:58;;-;-;;
2298;Trovan Unique;"00075CE5CF";16.06.2018;18:55:59;;-;-;;
2299;Trovan Unique;"00075CE5CF";16.06.2018;18:56:06;;-;-;;
2300;Trovan Unique;"00075CE5CF";16.06.2018;18:56:08;;-;-;;
2301;Trovan Unique;"00075CE5CF";16.06.2018;18:56:20;;-;-;;
2302;Trovan Unique;"00075CE5CF";16.06.2018;18:56:35;;-;-;;
2303;Trovan Unique;"00075CE5CF";16.06.2018;18:56:36;;-;-;;
2304;Trovan Unique;"00075CE5CF";16.06.2018;18:56:37;;-;-;;
2305;Trovan Unique;"00075CE5CF";16.06.2018;18:56:39;;-;-;;
2306;Trovan Unique;"00075CE5CF";16.06.2018;18:56:40;;-;-;;
2307;Trovan Unique;"00075CE5CF";16.06.2018;18:56:41;;-;-;;
2308;Trovan Unique;"00075CE5CF";16.06.2018;18:56:42;;-;-;;
2309;Trovan Unique;"00075CE5CF";16.06.2018;18:56:43;;-;-;;
2310;Trovan Unique;"00075CE5CF";16.06.2018;18:56:44;;-;-;;
2311;Trovan Unique;"00075CE5CF";16.06.2018;18:56:45;;-;-;;
2312;Trovan Unique;"00075CE5CF";16.06.2018;18:56:46;;-;-;;
2313;Trovan Unique;"00075CE5CF";16.06.2018;18:56:47;;-;-;;
2314;Trovan Unique;"00075CE5CF";16.06.2018;18:56:48;;-;-;;
2315;Trovan Unique;"00075CE5CF";16.06.2018;18:56:49;;-;-;;
2316;Trovan Unique;"00075CE5CF";16.06.2018;18:56:50;;-;-;;
2317;Trovan Unique;"00075CE5CF";16.06.2018;18:56:51;;-;-;;
2318;Trovan Unique;"00075CE5CF";16.06.2018;18:56:55;;-;-;;
2319;Trovan Unique;"00075CE5CF";16.06.2018;18:56:56;;-;-;;
2320;Trovan Unique;"00075CE5CF";16.06.2018;18:56:57;;-;-;;
2321;Trovan Unique;"00075CE5CF";16.06.2018;18:56:58;;-;-;;
2322;Trovan Unique;"00075CE5CF";16.06.2018;18:56:59;;-;-;;
2323;Trovan Unique;"00075CE5CF";16.06.2018;18:57:00;;-;-;;
2324;Trovan Unique;"00075CE5CF";16.06.2018;18:57:01;;-;-;;
2325;Trovan Unique;"00075CE5CF";16.06.2018;18:57:02;;-;-;;
2326;Trovan Unique;"00075CE5CF";16.06.2018;18:57:03;;-;-;;
2327;Trovan Unique;"00075CE5CF";16.06.2018;18:57:04;;-;-;;
2328;Trovan Unique;"00075CE5CF";16.06.2018;18:57:05;;-;-;;
2329;Trovan Unique;"00075CE5CF";16.06.2018;18:57:06;;-;-;;
2330;Trovan Unique;"00075CE5CF";16.06.2018;18:57:07;;-;-;;
2331;Trovan Unique;"00075CE5CF";16.06.2018;18:57:08;;-;-;;
2332;Trovan Unique;"00075CE5CF";16.06.2018;18:57:09;;-;-;;
2333;Trovan Unique;"00075CE5CF";16.06.2018;18:57:10;;-;-;;
2334;Trovan Unique;"00075CE5CF";16.06.2018;18:57:11;;-;-;;
2335;Trovan Unique;"00075CE5CF";16.06.2018;18:57:12;;-;-;;
2336;Trovan Unique;"00075CE5CF";16.06.2018;18:57:13;;-;-;;
2337;Trovan Unique;"00075CE5CF";16.06.2018;18:57:14;;-;-;;
2338;Trovan Unique;"00075CE5CF";16.06.2018;18:57:15;;-;-;;
2339;Trovan Unique;"00075CE5CF";16.06.2018;18:57:16;;-;-;;
2340;Trovan Unique;"00075CE5CF";16.06.2018;18:57:17;;-;-;;
2341;Trovan Unique;"00075CE5CF";16.06.2018;18:57:18;;-;-;;
2342;Trovan Unique;"00075CE5CF";16.06.2018;18:57:19;;-;-;;
2343;Trovan Unique;"00075CE5CF";16.06.2018;18:57:20;;-;-;;
2344;Trovan Unique;"00075CE5CF";16.06.2018;18:57:21;;-;-;;
2345;Trovan Unique;"00075CE5CF";16.06.2018;18:57:22;;-;-;;
2346;Trovan Unique;"00075CE5CF";16.06.2018;18:57:23;;-;-;;
2347;Trovan Unique;"00075CE5CF";16.06.2018;18:57:24;;-;-;;
2348;Trovan Unique;"00075CE5CF";16.06.2018;18:57:25;;-;-;;
2349;Trovan Unique;"00075CE5CF";16.06.2018;18:57:26;;-;-;;
2350;Trovan Unique;"00075CE5CF";16.06.2018;18:57:27;;-;-;;
2351;Trovan Unique;"00075CE5CF";16.06.2018;18:57:28;;-;-;;
2352;Trovan Unique;"00075CE5CF";16.06.2018;18:57:29;;-;-;;
2353;Trovan Unique;"00075CE5CF";16.06.2018;18:57:30;;-;-;;
2354;Trovan Unique;"00075CE5CF";16.06.2018;18:57:31;;-;-;;
2355;Trovan Unique;"00075CE5CF";16.06.2018;18:57:32;;-;-;;
2356;Trovan Unique;"00075CE5CF";16.06.2018;18:57:33;;-;-;;
2357;Trovan Unique;"00075CE5CF";16.06.2018;18:57:34;;-;-;;
2358;Trovan Unique;"00075CE5CF";16.06.2018;18:57:35;;-;-;;
2359;Trovan Unique;"00075CE5CF";16.06.2018;18:57:36;;-;-;;
2360;Trovan Unique;"00075CE5CF";16.06.2018;18:57:37;;-;-;;
2361;Trovan Unique;"00075CE5CF";16.06.2018;18:57:38;;-;-;;
2362;Trovan Unique;"00075CE5CF";16.06.2018;18:57:39;;-;-;;
2363;Trovan Unique;"00075CE5CF";16.06.2018;18:57:40;;-;-;;
2364;Trovan Unique;"00075CE5CF";16.06.2018;18:57:41;;-;-;;
2365;Trovan Unique;"00075CE5CF";16.06.2018;18:57:42;;-;-;;
2366;Trovan Unique;"00075CE5CF";16.06.2018;18:57:43;;-;-;;
2367;Trovan Unique;"00075CE5CF";16.06.2018;18:57:44;;-;-;;
2368;Trovan Unique;"00075CE5CF";16.06.2018;18:57:45;;-;-;;
2369;Trovan Unique;"00075CE5CF";16.06.2018;18:57:46;;-;-;;
2370;Trovan Unique;"00075CE5CF";16.06.2018;18:57:47;;-;-;;
2371;Trovan Unique;"00075CE5CF";16.06.2018;18:57:48;;-;-;;
2372;Trovan Unique;"00075CE5CF";16.06.2018;18:57:49;;-;-;;
2373;Trovan Unique;"00075CE5CF";16.06.2018;18:57:50;;-;-;;
2374;Trovan Unique;"00075CE5CF";16.06.2018;18:57:51;;-;-;;
2375;Trovan Unique;"00075CE5CF";16.06.2018;18:57:52;;-;-;;
2376;Trovan Unique;"00075CE5CF";16.06.2018;18:57:53;;-;-;;
2377;Trovan Unique;"00075CE5CF";16.06.2018;18:57:54;;-;-;;
2378;Trovan Unique;"00075CE5CF";16.06.2018;18:57:55;;-;-;;
2379;Trovan Unique;"00075CE5CF";16.06.2018;18:57:56;;-;-;;
2380;Trovan Unique;"00075CE5CF";16.06.2018;18:57:57;;-;-;;
2381;Trovan Unique;"00075CE5CF";16.06.2018;18:57:58;;-;-;;
2382;Trovan Unique;"00067CF5C7";16.06.2018;18:58:00;;-;-;;
2383;Trovan Unique;"00075CE5CF";16.06.2018;18:58:01;;-;-;;
2384;Trovan Unique;"00075CE5CF";16.06.2018;18:58:04;;-;-;;
2385;Trovan Unique;"00075CE5CF";16.06.2018;18:58:05;;-;-;;
2386;Trovan Unique;"00075CE5CF";16.06.2018;18:58:06;;-;-;;
2387;Trovan Unique;"00075CE5CF";16.06.2018;18:58:07;;-;-;;
2388;Trovan Unique;"00075CE5CF";16.06.2018;18:58:08;;-;-;;
2389;Trovan Unique;"00075CE5CF";16.06.2018;18:58:09;;-;-;;
2390;Trovan Unique;"00075CE5CF";16.06.2018;18:58:10;;-;-;;
2391;Trovan Unique;"00075CE5CF";16.06.2018;18:58:11;;-;-;;
2392;Trovan Unique;"00075CE5CF";16.06.2018;18:58:12;;-;-;;
2393;Trovan Unique;"00075CE5CF";16.06.2018;18:58:13;;-;-;;
2394;Trovan Unique;"00075CE5CF";16.06.2018;18:58:14;;-;-;;
2395;Trovan Unique;"00075CE5CF";16.06.2018;18:58:15;;-;-;;
2396;Trovan Unique;"00075CE5CF";16.06.2018;18:58:16;;-;-;;
2397;Trovan Unique;"00075CE5CF";16.06.2018;18:58:17;;-;-;;
2398;Trovan Unique;"00075CE5CF";16.06.2018;18:58:18;;-;-;;
2399;Trovan Unique;"00075CE5CF";16.06.2018;18:58:19;;-;-;;
2400;Trovan Unique;"00075CE5CF";16.06.2018;18:58:20;;-;-;;
2401;Trovan Unique;"00075CE5CF";16.06.2018;18:58:21;;-;-;;
2402;Trovan Unique;"00075CE5CF";16.06.2018;18:58:24;;-;-;;
2403;Trovan Unique;"00075CE5CF";16.06.2018;18:58:25;;-;-;;
2404;Trovan Unique;"00075CE5CF";16.06.2018;18:58:26;;-;-;;
2405;Trovan Unique;"00075CE5CF";16.06.2018;18:58:27;;-;-;;
2406;Trovan Unique;"00075CE5CF";16.06.2018;18:58:28;;-;-;;
2407;Trovan Unique;"00075CE5CF";16.06.2018;18:58:29;;-;-;;
2408;Trovan Unique;"00075CE5CF";16.06.2018;18:58:31;;-;-;;
2409;Trovan Unique;"00075CE5CF";16.06.2018;18:58:32;;-;-;;
2410;Trovan Unique;"00075CE5CF";16.06.2018;18:58:33;;-;-;;
2411;Trovan Unique;"00075CE5CF";16.06.2018;18:58:34;;-;-;;
2412;Trovan Unique;"00075CE5CF";16.06.2018;18:58:35;;-;-;;
2413;Trovan Unique;"00075CE5CF";16.06.2018;18:58:36;;-;-;;
2414;Trovan Unique;"00075CE5CF";16.06.2018;18:58:37;;-;-;;
2415;Trovan Unique;"00075CE5CF";16.06.2018;18:58:38;;-;-;;
2416;Trovan Unique;"00075CE5CF";16.06.2018;18:58:39;;-;-;;
2417;Trovan Unique;"00075CE5CF";16.06.2018;18:58:40;;-;-;;
2418;Trovan Unique;"00075CE5CF";16.06.2018;18:58:41;;-;-;;
2419;Trovan Unique;"00075CE5CF";16.06.2018;18:58:42;;-;-;;
2420;Trovan Unique;"00075CE5CF";16.06.2018;18:58:43;;-;-;;
2421;Trovan Unique;"00075CE5CF";16.06.2018;18:58:44;;-;-;;
2422;Trovan Unique;"00075CE5CF";16.06.2018;18:58:45;;-;-;;
2423;Trovan Unique;"00075CE5CF";16.06.2018;18:58:46;;-;-;;
2424;Trovan Unique;"00075CE5CF";16.06.2018;18:58:47;;-;-;;
2425;Trovan Unique;"00075CE5CF";16.06.2018;18:58:48;;-;-;;
2426;Trovan Unique;"00075CE5CF";16.06.2018;18:58:49;;-;-;;
2427;Trovan Unique;"00075CE5CF";16.06.2018;18:58:50;;-;-;;
2428;Trovan Unique;"00075CE5CF";16.06.2018;18:58:51;;-;-;;
2429;Trovan Unique;"00075CE5CF";16.06.2018;18:58:52;;-;-;;
2430;Trovan Unique;"00075CE5CF";16.06.2018;18:58:53;;-;-;;
2431;Trovan Unique;"00075CE5CF";16.06.2018;18:58:54;;-;-;;
2432;Trovan Unique;"00075CE5CF";16.06.2018;18:58:55;;-;-;;
2433;Trovan Unique;"00075CE5CF";16.06.2018;18:58:56;;-;-;;
2434;Trovan Unique;"00075CE5CF";16.06.2018;18:58:57;;-;-;;
2435;Trovan Unique;"00075CE5CF";16.06.2018;18:58:58;;-;-;;
2436;Trovan Unique;"0006B3A272";16.06.2018;18:59:23;;-;-;;
2437;Trovan Unique;"00075CE5CF";16.06.2018;18:59:43;;-;-;;
2438;Trovan Unique;"00075CE5CF";16.06.2018;18:59:44;;-;-;;
2439;Trovan Unique;"00075CE5CF";16.06.2018;18:59:45;;-;-;;
2440;Trovan Unique;"00075CE5CF";16.06.2018;18:59:46;;-;-;;
2441;Trovan Unique;"00075CE5CF";16.06.2018;18:59:48;;-;-;;
2442;Trovan Unique;"00075CE5CF";16.06.2018;18:59:49;;-;-;;
2443;Trovan Unique;"00075CE5CF";16.06.2018;18:59:50;;-;-;;
2444;Trovan Unique;"00075CE5CF";16.06.2018;18:59:51;;-;-;;
2445;Trovan Unique;"00075CE5CF";16.06.2018;18:59:52;;-;-;;
2446;Trovan Unique;"00075CE5CF";16.06.2018;18:59:53;;-;-;;
2447;Trovan Unique;"00075CE5CF";16.06.2018;18:59:55;;-;-;;
2448;Trovan Unique;"00075CE5CF";16.06.2018;18:59:56;;-;-;;
2449;Trovan Unique;"00075CE5CF";16.06.2018;18:59:57;;-;-;;
2450;Trovan Unique;"0006B3A272";16.06.2018;18:59:58;;-;-;;
2451;Trovan Unique;"0006B3A272";16.06.2018;18:59:59;;-;-;;
2452;Trovan Unique;"0006B3A272";16.06.2018;19:00:01;;-;-;;
2453;Trovan Unique;"0006B3A272";16.06.2018;19:00:05;;-;-;;
2454;Trovan Unique;"0006B3A272";16.06.2018;19:00:07;;-;-;;
2455;Trovan Unique;"0006B3A272";16.06.2018;19:00:09;;-;-;;
2456;Trovan Unique;"0006B3A272";16.06.2018;19:00:14;;-;-;;
2457;Trovan Unique;"0006B3A272";16.06.2018;19:00:15;;-;-;;
2458;Trovan Unique;"0006B3A272";16.06.2018;19:00:16;;-;-;;
2459;Trovan Unique;"0006B3A272";16.06.2018;19:00:17;;-;-;;
2460;Trovan Unique;"0006B3A272";16.06.2018;19:00:18;;-;-;;
2461;Trovan Unique;"0006B3A272";16.06.2018;19:00:20;;-;-;;
2462;Trovan Unique;"0006B3A272";16.06.2018;19:00:21;;-;-;;
2463;Trovan Unique;"0006B3A272";16.06.2018;19:00:24;;-;-;;
2464;Trovan Unique;"0006B3A272";16.06.2018;19:00:25;;-;-;;
2465;Trovan Unique;"0006B3A272";16.06.2018;19:00:26;;-;-;;
2466;Trovan Unique;"0006B3A272";16.06.2018;19:00:28;;-;-;;
2467;Trovan Unique;"0006B3A272";16.06.2018;19:00:29;;-;-;;
2468;Trovan Unique;"0006B3A272";16.06.2018;19:00:31;;-;-;;
2469;Trovan Unique;"0006B3A272";16.06.2018;19:00:32;;-;-;;
2470;Trovan Unique;"0006B3A272";16.06.2018;19:00:34;;-;-;;
2471;Trovan Unique;"0006B3A272";16.06.2018;19:00:35;;-;-;;
2472;Trovan Unique;"0006B3A272";16.06.2018;19:00:39;;-;-;;
2473;Trovan Unique;"0006B3A272";16.06.2018;19:00:40;;-;-;;
2474;Trovan Unique;"0006B3A272";16.06.2018;19:00:41;;-;-;;
2475;Trovan Unique;"0006B3A272";16.06.2018;19:00:42;;-;-;;
2476;Trovan Unique;"0006B3A272";16.06.2018;19:00:48;;-;-;;
2477;Trovan Unique;"00075CE5CF";16.06.2018;19:01:59;;-;-;;
2478;Trovan Unique;"00075CE5CF";16.06.2018;19:02:07;;-;-;;
2479;Trovan Unique;"00075CE5CF";16.06.2018;19:02:08;;-;-;;
2480;Trovan Unique;"0006B3A272";16.06.2018;19:02:20;;-;-;;
2481;Trovan Unique;"0006B3A272";16.06.2018;19:02:22;;-;-;;
2482;Trovan Unique;"0006B3A272";16.06.2018;19:02:23;;-;-;;
2483;Trovan Unique;"0006B3A272";16.06.2018;19:02:24;;-;-;;
2484;Trovan Unique;"0006B3A272";16.06.2018;19:02:25;;-;-;;
2485;Trovan Unique;"0006B3A272";16.06.2018;19:02:26;;-;-;;
2486;Trovan Unique;"0006B3A272";16.06.2018;19:02:27;;-;-;;
2487;Trovan Unique;"0006B3A272";16.06.2018;19:02:28;;-;-;;
2488;Trovan Unique;"0006B3A272";16.06.2018;19:02:29;;-;-;;
2489;Trovan Unique;"0006B3A272";16.06.2018;19:02:30;;-;-;;
2490;Trovan Unique;"0006B3A272";16.06.2018;19:02:31;;-;-;;
2491;Trovan Unique;"0006B3A272";16.06.2018;19:02:32;;-;-;;
2492;Trovan Unique;"0006B3A272";16.06.2018;19:02:33;;-;-;;
2493;Trovan Unique;"0006B3A272";16.06.2018;19:02:34;;-;-;;
2494;Trovan Unique;"0006B3A272";16.06.2018;19:02:35;;-;-;;
2495;Trovan Unique;"0006B3A272";16.06.2018;19:02:36;;-;-;;
2496;Trovan Unique;"0006B3A272";16.06.2018;19:02:37;;-;-;;
2497;Trovan Unique;"0006B3A272";16.06.2018;19:02:38;;-;-;;
2498;Trovan Unique;"0006B3A272";16.06.2018;19:02:39;;-;-;;
2499;Trovan Unique;"0006B3A272";16.06.2018;19:02:40;;-;-;;
2500;Trovan Unique;"0006B3A272";16.06.2018;19:02:41;;-;-;;
2501;Trovan Unique;"0006B3A272";16.06.2018;19:02:42;;-;-;;
2502;Trovan Unique;"0006B3A272";16.06.2018;19:02:43;;-;-;;
2503;Trovan Unique;"0006B3A272";16.06.2018;19:02:44;;-;-;;
2504;Trovan Unique;"0006B3A272";16.06.2018;19:02:45;;-;-;;
2505;Trovan Unique;"0006B3A272";16.06.2018;19:02:46;;-;-;;
2506;Trovan Unique;"0006B3A272";16.06.2018;19:02:47;;-;-;;
2507;Trovan Unique;"0006B3A272";16.06.2018;19:02:49;;-;-;;
2508;Trovan Unique;"0006B3A272";16.06.2018;19:02:50;;-;-;;
2509;Trovan Unique;"0006B3A272";16.06.2018;19:02:51;;-;-;;
2510;Trovan Unique;"0006B3A272";16.06.2018;19:02:52;;-;-;;
2511;Trovan Unique;"0006B3A272";16.06.2018;19:02:53;;-;-;;
2512;Trovan Unique;"0006B3A272";16.06.2018;19:02:54;;-;-;;
2513;Trovan Unique;"0006B3A272";16.06.2018;19:02:55;;-;-;;
2514;Trovan Unique;"0006B3A272";16.06.2018;19:02:56;;-;-;;
2515;Trovan Unique;"0006B3A272";16.06.2018;19:02:57;;-;-;;
2516;Trovan Unique;"0006B3A272";16.06.2018;19:02:58;;-;-;;
2517;Trovan Unique;"0006B3A272";16.06.2018;19:02:59;;-;-;;
2518;Trovan Unique;"0006B3A272";16.06.2018;19:03:00;;-;-;;
2519;Trovan Unique;"0006B3A272";16.06.2018;19:03:01;;-;-;;
2520;Trovan Unique;"0006B3A272";16.06.2018;19:03:07;;-;-;;
2521;Trovan Unique;"0006B3A272";16.06.2018;19:03:08;;-;-;;
2522;Trovan Unique;"0006B3A272";16.06.2018;19:03:17;;-;-;;
2523;Trovan Unique;"00075CE5CF";16.06.2018;19:03:19;;-;-;;
2524;Trovan Unique;"0006B3A272";16.06.2018;19:03:21;;-;-;;
2525;Trovan Unique;"0006B3A272";16.06.2018;19:03:22;;-;-;;
2526;Trovan Unique;"0006B3A272";16.06.2018;19:03:23;;-;-;;
2527;Trovan Unique;"0006B3A272";16.06.2018;19:03:24;;-;-;;
2528;Trovan Unique;"0006B3A272";16.06.2018;19:03:25;;-;-;;
2529;Trovan Unique;"0006B3A272";16.06.2018;19:03:26;;-;-;;
2530;Trovan Unique;"0006B3A272";16.06.2018;19:03:27;;-;-;;
2531;Trovan Unique;"0006B3A272";16.06.2018;19:03:28;;-;-;;
2532;Trovan Unique;"0006B3A272";16.06.2018;19:03:29;;-;-;;
2533;Trovan Unique;"0006B3A272";16.06.2018;19:03:30;;-;-;;
2534;Trovan Unique;"0006B3A272";16.06.2018;19:03:31;;-;-;;
2535;Trovan Unique;"0006B3A272";16.06.2018;19:03:32;;-;-;;
2536;Trovan Unique;"0006B3A272";16.06.2018;19:03:33;;-;-;;
2537;Trovan Unique;"0006B3A272";16.06.2018;19:03:34;;-;-;;
2538;Trovan Unique;"0006B3A272";16.06.2018;19:03:35;;-;-;;
2539;Trovan Unique;"0006B3A272";16.06.2018;19:03:36;;-;-;;
2540;Trovan Unique;"0006B3A272";16.06.2018;19:03:37;;-;-;;
2541;Trovan Unique;"0006B3A272";16.06.2018;19:03:38;;-;-;;
2542;Trovan Unique;"0006B3A272";16.06.2018;19:03:39;;-;-;;
2543;Trovan Unique;"0006B3A272";16.06.2018;19:03:40;;-;-;;
2544;Trovan Unique;"0006B3A272";16.06.2018;19:03:41;;-;-;;
2545;Trovan Unique;"0006B3A272";16.06.2018;19:03:42;;-;-;;
2546;Trovan Unique;"0006B3A272";16.06.2018;19:03:43;;-;-;;
2547;Trovan Unique;"0006B3A272";16.06.2018;19:03:44;;-;-;;
2548;Trovan Unique;"0006B3A272";16.06.2018;19:03:45;;-;-;;
2549;Trovan Unique;"0006B3A272";16.06.2018;19:03:46;;-;-;;
2550;Trovan Unique;"0006B3A272";16.06.2018;19:03:47;;-;-;;
2551;Trovan Unique;"0006B3A272";16.06.2018;19:03:49;;-;-;;
2552;Trovan Unique;"0006B3A272";16.06.2018;19:03:50;;-;-;;
2553;Trovan Unique;"0006B3A272";16.06.2018;19:03:51;;-;-;;
2554;Trovan Unique;"0006B3A272";16.06.2018;19:03:52;;-;-;;
2555;Trovan Unique;"0006B3A272";16.06.2018;19:03:53;;-;-;;
2556;Trovan Unique;"0006B3A272";16.06.2018;19:03:54;;-;-;;
2557;Trovan Unique;"0006B3A272";16.06.2018;19:03:55;;-;-;;
2558;Trovan Unique;"0006B3A272";16.06.2018;19:03:56;;-;-;;
2559;Trovan Unique;"0006B3A272";16.06.2018;19:03:57;;-;-;;
2560;Trovan Unique;"0006B3A272";16.06.2018;19:03:58;;-;-;;
2561;Trovan Unique;"0006B3A272";16.06.2018;19:03:59;;-;-;;
2562;Trovan Unique;"0006B3A272";16.06.2018;19:04:00;;-;-;;
2563;Trovan Unique;"0006B3A272";16.06.2018;19:04:01;;-;-;;
2564;Trovan Unique;"0006B3A272";16.06.2018;19:04:02;;-;-;;
2565;Trovan Unique;"0006B3A272";16.06.2018;19:04:03;;-;-;;
2566;Trovan Unique;"0006B3A272";16.06.2018;19:04:04;;-;-;;
2567;Trovan Unique;"0006B3A272";16.06.2018;19:04:05;;-;-;;
2568;Trovan Unique;"0006B3A272";16.06.2018;19:04:06;;-;-;;
2569;Trovan Unique;"0006B3A272";16.06.2018;19:04:07;;-;-;;
2570;Trovan Unique;"0006B3A272";16.06.2018;19:04:08;;-;-;;
2571;Trovan Unique;"0006B3A272";16.06.2018;19:04:09;;-;-;;
2572;Trovan Unique;"0006B3A272";16.06.2018;19:04:10;;-;-;;
2573;Trovan Unique;"0006B3A272";16.06.2018;19:04:11;;-;-;;
2574;Trovan Unique;"0006B3A272";16.06.2018;19:04:12;;-;-;;
2575;Trovan Unique;"0006B3A272";16.06.2018;19:04:13;;-;-;;
2576;Trovan Unique;"0006B3A272";16.06.2018;19:04:14;;-;-;;
2577;Trovan Unique;"0006B3A272";16.06.2018;19:04:15;;-;-;;
2578;Trovan Unique;"0006B3A272";16.06.2018;19:04:16;;-;-;;
2579;Trovan Unique;"0006B3A272";16.06.2018;19:04:17;;-;-;;
2580;Trovan Unique;"0006B3A272";16.06.2018;19:04:18;;-;-;;
2581;Trovan Unique;"0006B3A272";16.06.2018;19:04:19;;-;-;;
2582;Trovan Unique;"0006B3A272";16.06.2018;19:04:20;;-;-;;
2583;Trovan Unique;"0006B3A272";16.06.2018;19:04:21;;-;-;;
2584;Trovan Unique;"0006B3A272";16.06.2018;19:04:24;;-;-;;
2585;Trovan Unique;"0006B3A272";16.06.2018;19:04:25;;-;-;;
2586;Trovan Unique;"0006B3A272";16.06.2018;19:04:26;;-;-;;
2587;Trovan Unique;"0006B3A272";16.06.2018;19:04:27;;-;-;;
2588;Trovan Unique;"0006B3A272";16.06.2018;19:04:28;;-;-;;
2589;Trovan Unique;"0006B3A272";16.06.2018;19:04:29;;-;-;;
2590;Trovan Unique;"0006B3A272";16.06.2018;19:04:30;;-;-;;
2591;Trovan Unique;"0006B3A272";16.06.2018;19:04:31;;-;-;;
2592;Trovan Unique;"0006B3A272";16.06.2018;19:04:32;;-;-;;
2593;Trovan Unique;"0006B3A272";16.06.2018;19:04:33;;-;-;;
2594;Trovan Unique;"0006B3A272";16.06.2018;19:04:34;;-;-;;
2595;Trovan Unique;"0006B3A272";16.06.2018;19:04:35;;-;-;;
2596;Trovan Unique;"0006B3A272";16.06.2018;19:04:36;;-;-;;
2597;Trovan Unique;"0006B3A272";16.06.2018;19:04:37;;-;-;;
2598;Trovan Unique;"0006B3A272";16.06.2018;19:04:38;;-;-;;
2599;Trovan Unique;"0006B3A272";16.06.2018;19:04:39;;-;-;;
2600;Trovan Unique;"0006B3A272";16.06.2018;19:04:40;;-;-;;
2601;Trovan Unique;"0006B3A272";16.06.2018;19:04:41;;-;-;;
2602;Trovan Unique;"0006B3A272";16.06.2018;19:04:42;;-;-;;
2603;Trovan Unique;"0006B3A272";16.06.2018;19:04:43;;-;-;;
2604;Trovan Unique;"0006B3A272";16.06.2018;19:04:45;;-;-;;
2605;Trovan Unique;"0006B3A272";16.06.2018;19:04:46;;-;-;;
2606;Trovan Unique;"0006B3A272";16.06.2018;19:04:47;;-;-;;
2607;Trovan Unique;"0006B3A272";16.06.2018;19:04:48;;-;-;;
2608;Trovan Unique;"0006B3A272";16.06.2018;19:04:49;;-;-;;
2609;Trovan Unique;"0006B3A272";16.06.2018;19:04:50;;-;-;;
2610;Trovan Unique;"0006B3A272";16.06.2018;19:04:51;;-;-;;
2611;Trovan Unique;"0006B3A272";16.06.2018;19:04:52;;-;-;;
2612;Trovan Unique;"0006B3A272";16.06.2018;19:04:52;;-;-;;
2613;Trovan Unique;"0006B3A272";16.06.2018;19:04:53;;-;-;;
2614;Trovan Unique;"0006B3A272";16.06.2018;19:04:54;;-;-;;
2615;Trovan Unique;"0006B3A272";16.06.2018;19:04:55;;-;-;;
2616;Trovan Unique;"0006B3A272";16.06.2018;19:04:56;;-;-;;
2617;Trovan Unique;"0006B3A272";16.06.2018;19:04:57;;-;-;;
2618;Trovan Unique;"0006B3A272";16.06.2018;19:04:58;;-;-;;
2619;Trovan Unique;"0006B3A272";16.06.2018;19:04:59;;-;-;;
2620;Trovan Unique;"0006B3A272";16.06.2018;19:05:01;;-;-;;
2621;Trovan Unique;"0006B3A272";16.06.2018;19:05:02;;-;-;;
2622;Trovan Unique;"0006B3A272";16.06.2018;19:05:03;;-;-;;
2623;Trovan Unique;"0006B3A272";16.06.2018;19:05:04;;-;-;;
2624;Trovan Unique;"0006B3A272";16.06.2018;19:05:05;;-;-;;
2625;Trovan Unique;"0006B3A272";16.06.2018;19:05:06;;-;-;;
2626;Trovan Unique;"0006B3A272";16.06.2018;19:05:07;;-;-;;
2627;Trovan Unique;"0006B3A272";16.06.2018;19:05:08;;-;-;;
2628;Trovan Unique;"0006B3A272";16.06.2018;19:05:09;;-;-;;
2629;Trovan Unique;"0006B3A272";16.06.2018;19:05:10;;-;-;;
2630;Trovan Unique;"0006B3A272";16.06.2018;19:05:11;;-;-;;
2631;Trovan Unique;"0006B3A272";16.06.2018;19:05:12;;-;-;;
2632;Trovan Unique;"0006B3A272";16.06.2018;19:05:13;;-;-;;
2633;Trovan Unique;"0006B3A272";16.06.2018;19:05:14;;-;-;;
2634;Trovan Unique;"0006B3A272";16.06.2018;19:05:15;;-;-;;
2635;Trovan Unique;"0006B3A272";16.06.2018;19:05:16;;-;-;;
2636;Trovan Unique;"0006B3A272";16.06.2018;19:05:17;;-;-;;
2637;Trovan Unique;"0006B3A272";16.06.2018;19:05:18;;-;-;;
2638;Trovan Unique;"0006B3A272";16.06.2018;19:05:19;;-;-;;
2639;Trovan Unique;"0006B3A272";16.06.2018;19:05:20;;-;-;;
2640;Trovan Unique;"0006B3A272";16.06.2018;19:05:21;;-;-;;
2641;Trovan Unique;"0006B3A272";16.06.2018;19:05:23;;-;-;;
2642;Trovan Unique;"0006B3A272";16.06.2018;19:05:24;;-;-;;
2643;Trovan Unique;"0006B3A272";16.06.2018;19:05:25;;-;-;;
2644;Trovan Unique;"0006B3A272";16.06.2018;19:05:26;;-;-;;
2645;Trovan Unique;"0006B3A272";16.06.2018;19:05:27;;-;-;;
2646;Trovan Unique;"0006B3A272";16.06.2018;19:05:28;;-;-;;
2647;Trovan Unique;"0006B3A272";16.06.2018;19:05:32;;-;-;;
2648;Trovan Unique;"0006B3A272";16.06.2018;19:05:34;;-;-;;
2649;Trovan Unique;"0006B3A272";16.06.2018;19:05:35;;-;-;;
2650;Trovan Unique;"0006B3A272";16.06.2018;19:05:36;;-;-;;
2651;Trovan Unique;"0006B3A272";16.06.2018;19:05:37;;-;-;;
2652;Trovan Unique;"0006B3A272";16.06.2018;19:05:38;;-;-;;
2653;Trovan Unique;"0006B3A272";16.06.2018;19:05:39;;-;-;;
2654;Trovan Unique;"0006B3A272";16.06.2018;19:05:40;;-;-;;
2655;Trovan Unique;"0006B3A272";16.06.2018;19:05:41;;-;-;;
2656;Trovan Unique;"0006B3A272";16.06.2018;19:05:42;;-;-;;
2657;Trovan Unique;"0006B3A272";16.06.2018;19:05:43;;-;-;;
2658;Trovan Unique;"0006B3A272";16.06.2018;19:05:44;;-;-;;
2659;Trovan Unique;"0006B3A272";16.06.2018;19:05:46;;-;-;;
2660;Trovan Unique;"0006B3A272";16.06.2018;19:05:47;;-;-;;
2661;Trovan Unique;"0006B3A272";16.06.2018;19:05:48;;-;-;;
2662;Trovan Unique;"0006B3A272";16.06.2018;19:05:49;;-;-;;
2663;Trovan Unique;"0006B3A272";16.06.2018;19:05:50;;-;-;;
2664;Trovan Unique;"0006B3A272";16.06.2018;19:05:51;;-;-;;
2665;Trovan Unique;"0006B3A272";16.06.2018;19:05:52;;-;-;;
2666;Trovan Unique;"0006B3A272";16.06.2018;19:05:53;;-;-;;
2667;Trovan Unique;"0006B3A272";16.06.2018;19:05:54;;-;-;;
2668;Trovan Unique;"0006B3A272";16.06.2018;19:05:56;;-;-;;
2669;Trovan Unique;"0006B3A272";16.06.2018;19:05:57;;-;-;;
2670;Trovan Unique;"0006B3A272";16.06.2018;19:05:58;;-;-;;
2671;Trovan Unique;"0006B3A272";16.06.2018;19:05:59;;-;-;;
2672;Trovan Unique;"0006B3A272";16.06.2018;19:06:00;;-;-;;
2673;Trovan Unique;"0006B3A272";16.06.2018;19:06:01;;-;-;;
2674;Trovan Unique;"0006B3A272";16.06.2018;19:06:02;;-;-;;
2675;Trovan Unique;"0006B3A272";16.06.2018;19:06:03;;-;-;;
2676;Trovan Unique;"0006B3A272";16.06.2018;19:06:04;;-;-;;
2677;Trovan Unique;"0006B3A272";16.06.2018;19:06:05;;-;-;;
2678;Trovan Unique;"0006B3A272";16.06.2018;19:06:07;;-;-;;
2679;Trovan Unique;"0006B3A272";16.06.2018;19:06:08;;-;-;;
2680;Trovan Unique;"0006B3A272";16.06.2018;19:06:09;;-;-;;
2681;Trovan Unique;"0006B3A272";16.06.2018;19:06:10;;-;-;;
2682;Trovan Unique;"0006B3A272";16.06.2018;19:06:12;;-;-;;
2683;Trovan Unique;"0006B3A272";16.06.2018;19:06:14;;-;-;;
2684;Trovan Unique;"0006B3A272";16.06.2018;19:06:15;;-;-;;
2685;Trovan Unique;"0006B3A272";16.06.2018;19:06:16;;-;-;;
2686;Trovan Unique;"0006B3A272";16.06.2018;19:06:17;;-;-;;
2687;Trovan Unique;"0006B3A272";16.06.2018;19:06:18;;-;-;;
2688;Trovan Unique;"0006B3A272";16.06.2018;19:06:20;;-;-;;
2689;Trovan Unique;"0006B3A272";16.06.2018;19:06:21;;-;-;;
2690;Trovan Unique;"0006B3A272";16.06.2018;19:06:22;;-;-;;
2691;Trovan Unique;"0006B3A272";16.06.2018;19:06:25;;-;-;;
2692;Trovan Unique;"0006B3A272";16.06.2018;19:06:26;;-;-;;
2693;Trovan Unique;"0006B3A272";16.06.2018;19:06:44;;-;-;;
2694;Trovan Unique;"0006B3A272";16.06.2018;19:06:48;;-;-;;
2695;Trovan Unique;"0006B3A272";16.06.2018;19:07:01;;-;-;;
2696;Trovan Unique;"0006B3A272";16.06.2018;19:07:02;;-;-;;
2697;Trovan Unique;"0006B3A272";16.06.2018;19:07:03;;-;-;;
2698;Trovan Unique;"0006B3A272";16.06.2018;19:07:04;;-;-;;
2699;Trovan Unique;"0006B3A272";16.06.2018;19:07:05;;-;-;;
2700;Trovan Unique;"0006B3A272";16.06.2018;19:07:06;;-;-;;
2701;Trovan Unique;"0006B3A272";16.06.2018;19:07:28;;-;-;;
2702;Trovan Unique;"0006B3A272";16.06.2018;19:07:29;;-;-;;
2703;Trovan Unique;"0006B3A272";16.06.2018;19:07:31;;-;-;;
2704;Trovan Unique;"0006B3A272";16.06.2018;19:07:32;;-;-;;
2705;Trovan Unique;"0006B3A272";16.06.2018;19:07:33;;-;-;;
2706;Trovan Unique;"0006B3A272";16.06.2018;19:07:34;;-;-;;
2707;Trovan Unique;"0006B3A272";16.06.2018;19:07:35;;-;-;;
2708;Trovan Unique;"0006B3A272";16.06.2018;19:07:36;;-;-;;
2709;Trovan Unique;"0006B3A272";16.06.2018;19:07:37;;-;-;;
2710;Trovan Unique;"0006B3A272";16.06.2018;19:07:38;;-;-;;
2711;Trovan Unique;"0006B3A272";16.06.2018;19:07:39;;-;-;;
2712;Trovan Unique;"0006B3A272";16.06.2018;19:07:40;;-;-;;
2713;Trovan Unique;"0006B3A272";16.06.2018;19:07:42;;-;-;;
2714;Trovan Unique;"0006B3A272";16.06.2018;19:07:43;;-;-;;
2715;Trovan Unique;"0006B3A272";16.06.2018;19:07:44;;-;-;;
2716;Trovan Unique;"0006B3A272";16.06.2018;19:07:45;;-;-;;
2717;Trovan Unique;"0006B3A272";16.06.2018;19:07:46;;-;-;;
2718;Trovan Unique;"0006B3A272";16.06.2018;19:07:47;;-;-;;
2719;Trovan Unique;"0006B3A272";16.06.2018;19:07:48;;-;-;;
2720;Trovan Unique;"0006B3A272";16.06.2018;19:07:49;;-;-;;
2721;Trovan Unique;"0006B3A272";16.06.2018;19:07:51;;-;-;;
2722;Trovan Unique;"0006B3A272";16.06.2018;19:07:52;;-;-;;
2723;Trovan Unique;"0006B3A272";16.06.2018;19:07:53;;-;-;;
2724;Trovan Unique;"0006B3A272";16.06.2018;19:07:54;;-;-;;
2725;Trovan Unique;"0006B3A272";16.06.2018;19:07:56;;-;-;;
2726;Trovan Unique;"0006B3A272";16.06.2018;19:07:57;;-;-;;
2727;Trovan Unique;"0006B3A272";16.06.2018;19:07:58;;-;-;;
2728;Trovan Unique;"0006B3A272";16.06.2018;19:08:08;;-;-;;
2729;Trovan Unique;"0006B3A272";16.06.2018;19:08:12;;-;-;;
2730;Trovan Unique;"0006B3A272";16.06.2018;19:08:13;;-;-;;
2731;Trovan Unique;"0006B3A272";16.06.2018;19:08:14;;-;-;;
2732;Trovan Unique;"0006B3A272";16.06.2018;19:08:17;;-;-;;
2733;Trovan Unique;"0006B3A272";16.06.2018;19:08:18;;-;-;;
2734;Trovan Unique;"0006B3A272";16.06.2018;19:08:19;;-;-;;
2735;Trovan Unique;"0006B3A272";16.06.2018;19:08:31;;-;-;;
2736;Trovan Unique;"0006B3A272";16.06.2018;19:08:32;;-;-;;
2737;Trovan Unique;"0006B3A272";16.06.2018;19:08:33;;-;-;;
2738;Trovan Unique;"0006B3A272";16.06.2018;19:08:34;;-;-;;
2739;Trovan Unique;"0006B3A272";16.06.2018;19:08:35;;-;-;;
2740;Trovan Unique;"0006B3A272";16.06.2018;19:08:36;;-;-;;
2741;Trovan Unique;"0006B3A272";16.06.2018;19:08:38;;-;-;;
2742;Trovan Unique;"0006B3A272";16.06.2018;19:08:43;;-;-;;
2743;Trovan Unique;"0006B3A272";16.06.2018;19:08:44;;-;-;;
2744;Trovan Unique;"0006B3A272";16.06.2018;19:08:45;;-;-;;
2745;Trovan Unique;"0006B3A272";16.06.2018;19:08:46;;-;-;;
2746;Trovan Unique;"0006B3A272";16.06.2018;19:08:47;;-;-;;
2747;Trovan Unique;"0006B3A272";16.06.2018;19:08:48;;-;-;;
2748;Trovan Unique;"0006B3A272";16.06.2018;19:08:49;;-;-;;
2749;Trovan Unique;"0006B3A272";16.06.2018;19:08:50;;-;-;;
2750;Trovan Unique;"0006B3A272";16.06.2018;19:08:51;;-;-;;
2751;Trovan Unique;"0006B3A272";16.06.2018;19:08:52;;-;-;;
2752;Trovan Unique;"0006B3A272";16.06.2018;19:08:53;;-;-;;
2753;Trovan Unique;"0006B3A272";16.06.2018;19:08:54;;-;-;;
2754;Trovan Unique;"0006B3A272";16.06.2018;19:08:55;;-;-;;
2755;Trovan Unique;"0006B3A272";16.06.2018;19:08:56;;-;-;;
2756;Trovan Unique;"0006B3A272";16.06.2018;19:08:57;;-;-;;
2757;Trovan Unique;"0006B3A272";16.06.2018;19:08:58;;-;-;;
2758;Trovan Unique;"0006B3A272";16.06.2018;19:08:59;;-;-;;
2759;Trovan Unique;"0006B3A272";16.06.2018;19:09:00;;-;-;;
2760;Trovan Unique;"0006B3A272";16.06.2018;19:09:01;;-;-;;
2761;Trovan Unique;"0006B3A272";16.06.2018;19:09:03;;-;-;;
2762;Trovan Unique;"0006B3A272";16.06.2018;19:09:04;;-;-;;
2763;Trovan Unique;"0006B3A272";16.06.2018;19:09:05;;-;-;;
2764;Trovan Unique;"0006B3A272";16.06.2018;19:09:06;;-;-;;
2765;Trovan Unique;"0006B3A272";16.06.2018;19:09:07;;-;-;;
2766;Trovan Unique;"0006B3A272";16.06.2018;19:09:08;;-;-;;
2767;Trovan Unique;"0006B3A272";16.06.2018;19:09:09;;-;-;;
2768;Trovan Unique;"0006B3A272";16.06.2018;19:09:10;;-;-;;
2769;Trovan Unique;"0006B3A272";16.06.2018;19:09:11;;-;-;;
2770;Trovan Unique;"0006B3A272";16.06.2018;19:09:12;;-;-;;
2771;Trovan Unique;"0006B3A272";16.06.2018;19:09:13;;-;-;;
2772;Trovan Unique;"0006B3A272";16.06.2018;19:09:14;;-;-;;
2773;Trovan Unique;"0006B3A272";16.06.2018;19:09:15;;-;-;;
2774;Trovan Unique;"0006B3A272";16.06.2018;19:09:16;;-;-;;
2775;Trovan Unique;"0006B3A272";16.06.2018;19:09:17;;-;-;;
2776;Trovan Unique;"0006B3A272";16.06.2018;19:09:18;;-;-;;
2777;Trovan Unique;"0006B3A272";16.06.2018;19:09:19;;-;-;;
2778;Trovan Unique;"0006B3A272";16.06.2018;19:09:20;;-;-;;
2779;Trovan Unique;"0006B3A272";16.06.2018;19:09:21;;-;-;;
2780;Trovan Unique;"0006B3A272";16.06.2018;19:09:22;;-;-;;
2781;Trovan Unique;"0006B3A272";16.06.2018;19:09:23;;-;-;;
2782;Trovan Unique;"0006B3A272";16.06.2018;19:09:24;;-;-;;
2783;Trovan Unique;"0006B3A272";16.06.2018;19:09:25;;-;-;;
2784;Trovan Unique;"0006B3A272";16.06.2018;19:09:26;;-;-;;
2785;Trovan Unique;"0006B3A272";16.06.2018;19:09:27;;-;-;;
2786;Trovan Unique;"0006B3A272";16.06.2018;19:09:28;;-;-;;
2787;Trovan Unique;"0006B3A272";16.06.2018;19:09:29;;-;-;;
2788;Trovan Unique;"0006B3A272";16.06.2018;19:09:30;;-;-;;
2789;Trovan Unique;"0006B3A272";16.06.2018;19:09:31;;-;-;;
2790;Trovan Unique;"0006B3A272";16.06.2018;19:09:32;;-;-;;
2791;Trovan Unique;"0006B3A272";16.06.2018;19:09:33;;-;-;;
2792;Trovan Unique;"0006B3A272";16.06.2018;19:09:34;;-;-;;
2793;Trovan Unique;"0006B3A272";16.06.2018;19:09:35;;-;-;;
2794;Trovan Unique;"0006B3A272";16.06.2018;19:09:36;;-;-;;
2795;Trovan Unique;"0006B3A272";16.06.2018;19:09:37;;-;-;;
2796;Trovan Unique;"0006B3A272";16.06.2018;19:09:38;;-;-;;
2797;Trovan Unique;"0006B3A272";16.06.2018;19:09:39;;-;-;;
2798;Trovan Unique;"0006B3A272";16.06.2018;19:09:40;;-;-;;
2799;Trovan Unique;"0006B3A272";16.06.2018;19:09:41;;-;-;;
2800;Trovan Unique;"0006B3A272";16.06.2018;19:09:42;;-;-;;
2801;Trovan Unique;"0006B3A272";16.06.2018;19:09:43;;-;-;;
2802;Trovan Unique;"0006B3A272";16.06.2018;19:09:44;;-;-;;
2803;Trovan Unique;"0006B3A272";16.06.2018;19:09:45;;-;-;;
2804;Trovan Unique;"0006B3A272";16.06.2018;19:09:46;;-;-;;
2805;Trovan Unique;"0006B3A272";16.06.2018;19:09:47;;-;-;;
2806;Trovan Unique;"0006B3A272";16.06.2018;19:09:48;;-;-;;
2807;Trovan Unique;"0006B3A272";16.06.2018;19:09:49;;-;-;;
2808;Trovan Unique;"0006B3A272";16.06.2018;19:09:50;;-;-;;
2809;Trovan Unique;"0006B3A272";16.06.2018;19:09:51;;-;-;;
2810;Trovan Unique;"0006B3A272";16.06.2018;19:09:52;;-;-;;
2811;Trovan Unique;"0006B3A272";16.06.2018;19:09:53;;-;-;;
2812;Trovan Unique;"0006B3A272";16.06.2018;19:09:54;;-;-;;
2813;Trovan Unique;"0006B3A272";16.06.2018;19:09:55;;-;-;;
2814;Trovan Unique;"0006B3A272";16.06.2018;19:09:56;;-;-;;
2815;Trovan Unique;"0006B3A272";16.06.2018;19:09:57;;-;-;;
2816;Trovan Unique;"0006B3A272";16.06.2018;19:09:58;;-;-;;
2817;Trovan Unique;"0006B3A272";16.06.2018;19:09:59;;-;-;;
2818;Trovan Unique;"0006B3A272";16.06.2018;19:10:00;;-;-;;
2819;Trovan Unique;"0006B3A272";16.06.2018;19:10:01;;-;-;;
2820;Trovan Unique;"0006B3A272";16.06.2018;19:10:02;;-;-;;
2821;Trovan Unique;"0006B3A272";16.06.2018;19:10:03;;-;-;;
2822;Trovan Unique;"0006B3A272";16.06.2018;19:10:04;;-;-;;
2823;Trovan Unique;"0006B3A272";16.06.2018;19:10:05;;-;-;;
2824;Trovan Unique;"0006B3A272";16.06.2018;19:10:06;;-;-;;
2825;Trovan Unique;"0006B3A272";16.06.2018;19:10:08;;-;-;;
2826;Trovan Unique;"0006B3A272";16.06.2018;19:10:09;;-;-;;
2827;Trovan Unique;"0006B3A272";16.06.2018;19:10:10;;-;-;;
2828;Trovan Unique;"0006B3A272";16.06.2018;19:10:12;;-;-;;
2829;Trovan Unique;"0006B3A272";16.06.2018;19:10:13;;-;-;;
2830;Trovan Unique;"0006B3A272";16.06.2018;19:10:16;;-;-;;
2831;Trovan Unique;"0006B3A272";16.06.2018;19:10:17;;-;-;;
2832;Trovan Unique;"0006B3A272";16.06.2018;19:10:18;;-;-;;
2833;Trovan Unique;"00075CE5CF";16.06.2018;19:10:19;;-;-;;
2834;Trovan Unique;"00075CE5CF";16.06.2018;19:10:22;;-;-;;
2835;Trovan Unique;"00075CE5CF";16.06.2018;19:10:23;;-;-;;
2836;Trovan Unique;"00075CE5CF";16.06.2018;19:10:27;;-;-;;
2837;Trovan Unique;"00075CE5CF";16.06.2018;19:10:28;;-;-;;
2838;Trovan Unique;"00075CE5CF";16.06.2018;19:10:29;;-;-;;
2839;Trovan Unique;"00075CE5CF";16.06.2018;19:10:30;;-;-;;
2840;Trovan Unique;"00075CE5CF";16.06.2018;19:10:31;;-;-;;
2841;Trovan Unique;"00075CE5CF";16.06.2018;19:10:32;;-;-;;
2842;Trovan Unique;"00075CE5CF";16.06.2018;19:10:33;;-;-;;
2843;Trovan Unique;"00075CE5CF";16.06.2018;19:10:34;;-;-;;
2844;Trovan Unique;"0006B3A272";16.06.2018;19:10:36;;-;-;;
2845;Trovan Unique;"0006B3A272";16.06.2018;19:10:38;;-;-;;
2846;Trovan Unique;"00075CE5CF";16.06.2018;19:10:39;;-;-;;
2847;Trovan Unique;"00075CE5CF";16.06.2018;19:10:40;;-;-;;
2848;Trovan Unique;"00075CE5CF";16.06.2018;19:10:41;;-;-;;
2849;Trovan Unique;"00075CE5CF";16.06.2018;19:10:42;;-;-;;
2850;Trovan Unique;"00075CE5CF";16.06.2018;19:10:43;;-;-;;
2851;Trovan Unique;"00075CE5CF";16.06.2018;19:10:44;;-;-;;
2852;Trovan Unique;"00075CE5CF";16.06.2018;19:10:45;;-;-;;
2853;Trovan Unique;"00075CE5CF";16.06.2018;19:10:46;;-;-;;
2854;Trovan Unique;"00075CE5CF";16.06.2018;19:10:47;;-;-;;
2855;Trovan Unique;"00075CE5CF";16.06.2018;19:10:48;;-;-;;
2856;Trovan Unique;"00075CE5CF";16.06.2018;19:10:50;;-;-;;
2857;Trovan Unique;"00075CE5CF";16.06.2018;19:10:51;;-;-;;
2858;Trovan Unique;"00075CE5CF";16.06.2018;19:10:52;;-;-;;
2859;Trovan Unique;"00075CE5CF";16.06.2018;19:10:53;;-;-;;
2860;Trovan Unique;"00075CE5CF";16.06.2018;19:10:54;;-;-;;
2861;Trovan Unique;"00075CE5CF";16.06.2018;19:10:55;;-;-;;
2862;Trovan Unique;"00075CE5CF";16.06.2018;19:10:56;;-;-;;
2863;Trovan Unique;"00075CE5CF";16.06.2018;19:10:57;;-;-;;
2864;Trovan Unique;"00075CE5CF";16.06.2018;19:10:58;;-;-;;
2865;Trovan Unique;"00075CE5CF";16.06.2018;19:10:59;;-;-;;
2866;Trovan Unique;"00075CE5CF";16.06.2018;19:11:00;;-;-;;
2867;Trovan Unique;"00075CE5CF";16.06.2018;19:11:01;;-;-;;
2868;Trovan Unique;"00075CE5CF";16.06.2018;19:11:02;;-;-;;
2869;Trovan Unique;"00075CE5CF";16.06.2018;19:11:03;;-;-;;
2870;Trovan Unique;"00075CE5CF";16.06.2018;19:11:04;;-;-;;
2871;Trovan Unique;"00075CE5CF";16.06.2018;19:11:06;;-;-;;
2872;Trovan Unique;"00075CE5CF";16.06.2018;19:11:07;;-;-;;
2873;Trovan Unique;"00075CE5CF";16.06.2018;19:11:08;;-;-;;
2874;Trovan Unique;"00075CE5CF";16.06.2018;19:11:09;;-;-;;
2875;Trovan Unique;"00075CE5CF";16.06.2018;19:11:12;;-;-;;
2876;Trovan Unique;"00075CE5CF";16.06.2018;19:11:13;;-;-;;
2877;Trovan Unique;"00075CE5CF";16.06.2018;19:11:14;;-;-;;
2878;Trovan Unique;"00075CE5CF";16.06.2018;19:11:15;;-;-;;
2879;Trovan Unique;"00075CE5CF";16.06.2018;19:11:16;;-;-;;
2880;Trovan Unique;"00075CE5CF";16.06.2018;19:11:17;;-;-;;
2881;Trovan Unique;"00075CE5CF";16.06.2018;19:11:18;;-;-;;
2882;Trovan Unique;"00075CE5CF";16.06.2018;19:11:19;;-;-;;
2883;Trovan Unique;"00075CE5CF";16.06.2018;19:11:20;;-;-;;
2884;Trovan Unique;"00075CE5CF";16.06.2018;19:11:21;;-;-;;
2885;Trovan Unique;"00075CE5CF";16.06.2018;19:11:22;;-;-;;
2886;Trovan Unique;"0006B3A272";16.06.2018;19:11:23;;-;-;;
2887;Trovan Unique;"0006B3A272";16.06.2018;19:11:27;;-;-;;
2888;Trovan Unique;"0006B3A272";16.06.2018;19:11:28;;-;-;;
2889;Trovan Unique;"00075CE5CF";16.06.2018;19:11:31;;-;-;;
2890;Trovan Unique;"00075CE5CF";16.06.2018;19:11:33;;-;-;;
2891;Trovan Unique;"00075CE5CF";16.06.2018;19:11:36;;-;-;;
2892;Trovan Unique;"0006B3A272";16.06.2018;19:12:02;;-;-;;
2893;Trovan Unique;"0006B3A272";16.06.2018;19:12:03;;-;-;;
2894;Trovan Unique;"0006B3A272";16.06.2018;19:12:04;;-;-;;
2895;Trovan Unique;"0006B3A272";16.06.2018;19:12:05;;-;-;;
2896;Trovan Unique;"0006B3A272";16.06.2018;19:12:06;;-;-;;
2897;Trovan Unique;"0006B3A272";16.06.2018;19:12:08;;-;-;;
2898;Trovan Unique;"00075CE5CF";16.06.2018;19:12:09;;-;-;;
2899;Trovan Unique;"00075CE5CF";16.06.2018;19:12:10;;-;-;;
2900;Trovan Unique;"0006B3A272";16.06.2018;19:12:11;;-;-;;
2901;Trovan Unique;"0006B3A272";16.06.2018;19:12:12;;-;-;;
2902;Trovan Unique;"0006B3A272";16.06.2018;19:12:13;;-;-;;
2903;Trovan Unique;"0006B3A272";16.06.2018;19:12:14;;-;-;;
2904;Trovan Unique;"0006B3A272";16.06.2018;19:12:15;;-;-;;
2905;Trovan Unique;"0006B3A272";16.06.2018;19:12:16;;-;-;;
2906;Trovan Unique;"0006B3A272";16.06.2018;19:12:17;;-;-;;
2907;Trovan Unique;"0006B3A272";16.06.2018;19:12:18;;-;-;;
2908;Trovan Unique;"0006B3A272";16.06.2018;19:12:19;;-;-;;
2909;Trovan Unique;"0006B3A272";16.06.2018;19:12:20;;-;-;;
2910;Trovan Unique;"0006B3A272";16.06.2018;19:12:21;;-;-;;
2911;Trovan Unique;"0006B3A272";16.06.2018;19:12:22;;-;-;;
2912;Trovan Unique;"0006B3A272";16.06.2018;19:12:23;;-;-;;
2913;Trovan Unique;"0006B3A272";16.06.2018;19:12:24;;-;-;;
2914;Trovan Unique;"00075CE5CF";16.06.2018;19:12:28;;-;-;;
2915;Trovan Unique;"00075CE5CF";16.06.2018;19:12:29;;-;-;;
2916;Trovan Unique;"00075CE5CF";16.06.2018;19:12:30;;-;-;;
2917;Trovan Unique;"00075CE5CF";16.06.2018;19:12:31;;-;-;;
2918;Trovan Unique;"00075CE5CF";16.06.2018;19:12:32;;-;-;;
2919;Trovan Unique;"00075CE5CF";16.06.2018;19:12:33;;-;-;;
2920;Trovan Unique;"00075CE5CF";16.06.2018;19:12:34;;-;-;;
2921;Trovan Unique;"00075CE5CF";16.06.2018;19:12:35;;-;-;;
2922;Trovan Unique;"0006B3A272";16.06.2018;19:12:36;;-;-;;
2923;Trovan Unique;"0006B3A272";16.06.2018;19:12:48;;-;-;;
2924;Trovan Unique;"0006B3A272";16.06.2018;19:12:49;;-;-;;
2925;Trovan Unique;"0006B3A272";16.06.2018;19:12:50;;-;-;;
2926;Trovan Unique;"0006B3A272";16.06.2018;19:12:52;;-;-;;
2927;Trovan Unique;"0006B3A272";16.06.2018;19:12:53;;-;-;;
2928;Trovan Unique;"0006B3A272";16.06.2018;19:12:54;;-;-;;
2929;Trovan Unique;"0006B3A272";16.06.2018;19:12:55;;-;-;;
2930;Trovan Unique;"0006B3A272";16.06.2018;19:12:56;;-;-;;
2931;Trovan Unique;"0006B3A272";16.06.2018;19:12:58;;-;-;;
2932;Trovan Unique;"0006B3A272";16.06.2018;19:12:59;;-;-;;
2933;Trovan Unique;"0006B3A272";16.06.2018;19:13:00;;-;-;;
2934;Trovan Unique;"0006B3A272";16.06.2018;19:13:01;;-;-;;
2935;Trovan Unique;"0006B3A272";16.06.2018;19:13:02;;-;-;;
2936;Trovan Unique;"0006B3A272";16.06.2018;19:13:03;;-;-;;
2937;Trovan Unique;"00075CE5CF";16.06.2018;19:13:04;;-;-;;
2938;Trovan Unique;"00075CE5CF";16.06.2018;19:13:05;;-;-;;
2939;Trovan Unique;"00075CE5CF";16.06.2018;19:13:07;;-;-;;
2940;Trovan Unique;"00075CE5CF";16.06.2018;19:13:08;;-;-;;
2941;Trovan Unique;"00075CE5CF";16.06.2018;19:13:10;;-;-;;
2942;Trovan Unique;"00075CE5CF";16.06.2018;19:13:11;;-;-;;
2943;Trovan Unique;"00075CE5CF";16.06.2018;19:13:12;;-;-;;
2944;Trovan Unique;"00075CE5CF";16.06.2018;19:13:13;;-;-;;
2945;Trovan Unique;"00075CE5CF";16.06.2018;19:13:14;;-;-;;
2946;Trovan Unique;"00075CE5CF";16.06.2018;19:13:15;;-;-;;
2947;Trovan Unique;"00075CE5CF";16.06.2018;19:13:16;;-;-;;
2948;Trovan Unique;"00075CE5CF";16.06.2018;19:13:17;;-;-;;
2949;Trovan Unique;"00075CE5CF";16.06.2018;19:13:18;;-;-;;
2950;Trovan Unique;"00075CE5CF";16.06.2018;19:13:19;;-;-;;
2951;Trovan Unique;"00075CE5CF";16.06.2018;19:13:20;;-;-;;
2952;Trovan Unique;"00075CE5CF";16.06.2018;19:13:21;;-;-;;
2953;Trovan Unique;"00075CE5CF";16.06.2018;19:13:22;;-;-;;
2954;Trovan Unique;"00075CE5CF";16.06.2018;19:13:23;;-;-;;
2955;Trovan Unique;"00075CE5CF";16.06.2018;19:13:24;;-;-;;
2956;Trovan Unique;"00075CE5CF";16.06.2018;19:13:25;;-;-;;
2957;Trovan Unique;"00075CE5CF";16.06.2018;19:13:26;;-;-;;
2958;Trovan Unique;"00075CE5CF";16.06.2018;19:13:27;;-;-;;
2959;Trovan Unique;"00075CE5CF";16.06.2018;19:13:28;;-;-;;
2960;Trovan Unique;"00075CE5CF";16.06.2018;19:13:29;;-;-;;
2961;Trovan Unique;"00075CE5CF";16.06.2018;19:13:30;;-;-;;
2962;Trovan Unique;"00075CE5CF";16.06.2018;19:13:31;;-;-;;
2963;Trovan Unique;"00075CE5CF";16.06.2018;19:13:32;;-;-;;
2964;Trovan Unique;"00075CE5CF";16.06.2018;19:13:33;;-;-;;
2965;Trovan Unique;"00075CE5CF";16.06.2018;19:13:34;;-;-;;
2966;Trovan Unique;"00075CE5CF";16.06.2018;19:13:35;;-;-;;
2967;Trovan Unique;"00075CE5CF";16.06.2018;19:13:36;;-;-;;
2968;Trovan Unique;"00075CE5CF";16.06.2018;19:13:37;;-;-;;
2969;Trovan Unique;"00075CE5CF";16.06.2018;19:13:38;;-;-;;
2970;Trovan Unique;"00075CE5CF";16.06.2018;19:13:39;;-;-;;
2971;Trovan Unique;"00075CE5CF";16.06.2018;19:13:40;;-;-;;
2972;Trovan Unique;"00075CE5CF";16.06.2018;19:13:41;;-;-;;
2973;Trovan Unique;"00075CE5CF";16.06.2018;19:13:42;;-;-;;
2974;Trovan Unique;"00075CE5CF";16.06.2018;19:13:43;;-;-;;
2975;Trovan Unique;"00075CE5CF";16.06.2018;19:13:44;;-;-;;
2976;Trovan Unique;"00075CE5CF";16.06.2018;19:13:45;;-;-;;
2977;Trovan Unique;"00075CE5CF";16.06.2018;19:13:46;;-;-;;
2978;Trovan Unique;"00075CE5CF";16.06.2018;19:13:47;;-;-;;
2979;Trovan Unique;"00075CE5CF";16.06.2018;19:13:48;;-;-;;
2980;Trovan Unique;"00075CE5CF";16.06.2018;19:13:49;;-;-;;
2981;Trovan Unique;"00075CE5CF";16.06.2018;19:13:50;;-;-;;
2982;Trovan Unique;"00075CE5CF";16.06.2018;19:13:51;;-;-;;
2983;Trovan Unique;"00075CE5CF";16.06.2018;19:13:52;;-;-;;
2984;Trovan Unique;"00075CE5CF";16.06.2018;19:13:53;;-;-;;
2985;Trovan Unique;"00075CE5CF";16.06.2018;19:13:54;;-;-;;
2986;Trovan Unique;"00075CE5CF";16.06.2018;19:13:55;;-;-;;
2987;Trovan Unique;"00075CE5CF";16.06.2018;19:13:56;;-;-;;
2988;Trovan Unique;"00075CE5CF";16.06.2018;19:13:58;;-;-;;
2989;Trovan Unique;"00075CE5CF";16.06.2018;19:13:59;;-;-;;
2990;Trovan Unique;"0006B3A272";16.06.2018;19:14:00;;-;-;;
2991;Trovan Unique;"0006B3A272";16.06.2018;19:14:01;;-;-;;
2992;Trovan Unique;"00075CE5CF";16.06.2018;19:14:04;;-;-;;
2993;Trovan Unique;"00075CE5CF";16.06.2018;19:14:05;;-;-;;
2994;Trovan Unique;"00075CE5CF";16.06.2018;19:14:09;;-;-;;
2995;Trovan Unique;"00075CE5CF";16.06.2018;19:14:10;;-;-;;
2996;Trovan Unique;"00075CE5CF";16.06.2018;19:14:11;;-;-;;
2997;Trovan Unique;"00075CE5CF";16.06.2018;19:14:12;;-;-;;
2998;Trovan Unique;"00075CE5CF";16.06.2018;19:14:14;;-;-;;
2999;Trovan Unique;"00075CE5CF";16.06.2018;19:14:15;;-;-;;
3000;Trovan Unique;"00075CE5CF";16.06.2018;19:14:18;;-;-;;
3001;Trovan Unique;"00075CE5CF";16.06.2018;19:14:19;;-;-;;
3002;Trovan Unique;"0006B3A272";16.06.2018;19:14:21;;-;-;;
3003;Trovan Unique;"00075CE5CF";16.06.2018;19:14:23;;-;-;;
3004;Trovan Unique;"00075CE5CF";16.06.2018;19:14:24;;-;-;;
3005;Trovan Unique;"0006B3A272";16.06.2018;19:14:25;;-;-;;
3006;Trovan Unique;"0006B3A272";16.06.2018;19:14:26;;-;-;;
3007;Trovan Unique;"00075CE5CF";16.06.2018;19:14:28;;-;-;;
3008;Trovan Unique;"00075CE5CF";16.06.2018;19:14:29;;-;-;;
3009;Trovan Unique;"0006B3A272";16.06.2018;19:14:32;;-;-;;
3010;Trovan Unique;"00075CE5CF";16.06.2018;19:14:33;;-;-;;
3011;Trovan Unique;"00075CE5CF";16.06.2018;19:14:34;;-;-;;
3012;Trovan Unique;"00075CE5CF";16.06.2018;19:14:36;;-;-;;
3013;Trovan Unique;"00075CE5CF";16.06.2018;19:14:37;;-;-;;
3014;Trovan Unique;"00075CE5CF";16.06.2018;19:14:39;;-;-;;
3015;Trovan Unique;"00075CE5CF";16.06.2018;19:14:40;;-;-;;
3016;Trovan Unique;"00075CE5CF";16.06.2018;19:14:41;;-;-;;
3017;Trovan Unique;"00075CE5CF";16.06.2018;19:14:44;;-;-;;
3018;Trovan Unique;"00075CE5CF";16.06.2018;19:14:45;;-;-;;
3019;Trovan Unique;"00075CE5CF";16.06.2018;19:14:46;;-;-;;
3020;Trovan Unique;"00075CE5CF";16.06.2018;19:14:47;;-;-;;
3021;Trovan Unique;"00075CE5CF";16.06.2018;19:14:48;;-;-;;
3022;Trovan Unique;"00075CE5CF";16.06.2018;19:14:49;;-;-;;
3023;Trovan Unique;"00075CE5CF";16.06.2018;19:14:50;;-;-;;
3024;Trovan Unique;"00075CE5CF";16.06.2018;19:14:51;;-;-;;
3025;Trovan Unique;"00075CE5CF";16.06.2018;19:14:52;;-;-;;
3026;Trovan Unique;"00075CE5CF";16.06.2018;19:14:53;;-;-;;
3027;Trovan Unique;"00075CE5CF";16.06.2018;19:14:55;;-;-;;
3028;Trovan Unique;"00075CE5CF";16.06.2018;19:14:56;;-;-;;
3029;Trovan Unique;"00075CE5CF";16.06.2018;19:14:57;;-;-;;
3030;Trovan Unique;"00075CE5CF";16.06.2018;19:14:58;;-;-;;
3031;Trovan Unique;"00075CE5CF";16.06.2018;19:14:59;;-;-;;
3032;Trovan Unique;"00075CE5CF";16.06.2018;19:15:00;;-;-;;
3033;Trovan Unique;"00075CE5CF";16.06.2018;19:15:01;;-;-;;
3034;Trovan Unique;"0006B3A272";16.06.2018;19:15:03;;-;-;;
3035;Trovan Unique;"0006B3A272";16.06.2018;19:15:04;;-;-;;
3036;Trovan Unique;"00075CE5CF";16.06.2018;19:15:05;;-;-;;
3037;Trovan Unique;"00075CE5CF";16.06.2018;19:15:06;;-;-;;
3038;Trovan Unique;"0006B3A272";16.06.2018;19:15:07;;-;-;;
3039;Trovan Unique;"0006B3A272";16.06.2018;19:15:09;;-;-;;
3040;Trovan Unique;"0006B3A272";16.06.2018;19:15:10;;-;-;;
3041;Trovan Unique;"0006B3A272";16.06.2018;19:15:11;;-;-;;
3042;Trovan Unique;"0006B3A272";16.06.2018;19:15:12;;-;-;;
3043;Trovan Unique;"0006B3A272";16.06.2018;19:15:13;;-;-;;
3044;Trovan Unique;"0006B3A272";16.06.2018;19:15:14;;-;-;;
3045;Trovan Unique;"0006B3A272";16.06.2018;19:15:15;;-;-;;
3046;Trovan Unique;"0006B3A272";16.06.2018;19:15:16;;-;-;;
3047;Trovan Unique;"00075CE5CF";16.06.2018;19:15:17;;-;-;;
3048;Trovan Unique;"0006B3A272";16.06.2018;19:15:18;;-;-;;
3049;Trovan Unique;"00075CE5CF";16.06.2018;19:15:19;;-;-;;
3050;Trovan Unique;"00075CE5CF";16.06.2018;19:15:21;;-;-;;
3051;Trovan Unique;"0006B3A272";16.06.2018;19:15:22;;-;-;;
3052;Trovan Unique;"00075CE5CF";16.06.2018;19:15:23;;-;-;;
3053;Trovan Unique;"00075CE5CF";16.06.2018;19:15:27;;-;-;;
3054;Trovan Unique;"00075CE5CF";16.06.2018;19:15:29;;-;-;;
3055;Trovan Unique;"0006B3A272";16.06.2018;19:15:34;;-;-;;
3056;Trovan Unique;"0006B3A272";16.06.2018;19:15:46;;-;-;;
3057;Trovan Unique;"0006B3A272";16.06.2018;19:15:48;;-;-;;
3058;Trovan Unique;"0006B3A272";16.06.2018;19:21:21;;-;-;;
3059;Trovan Unique;"0006B3A272";16.06.2018;19:21:24;;-;-;;
3060;Trovan Unique;"0006B3A272";16.06.2018;19:21:26;;-;-;;
3061;Trovan Unique;"0006B3A272";16.06.2018;19:21:27;;-;-;;
3062;Trovan Unique;"0006B3A272";16.06.2018;19:21:28;;-;-;;
3063;Trovan Unique;"0006B3A272";16.06.2018;19:21:29;;-;-;;
3064;Trovan Unique;"0006B3A272";16.06.2018;19:21:30;;-;-;;
3065;Trovan Unique;"0006B3A272";16.06.2018;19:21:31;;-;-;;
3066;Trovan Unique;"0006B3A272";16.06.2018;19:21:32;;-;-;;
3067;Trovan Unique;"0006B3A272";16.06.2018;19:21:33;;-;-;;
3068;Trovan Unique;"0006B3A272";16.06.2018;19:21:34;;-;-;;
3069;Trovan Unique;"0006B3A272";16.06.2018;19:21:35;;-;-;;
3070;Trovan Unique;"0006B3A272";16.06.2018;19:21:36;;-;-;;
3071;Trovan Unique;"0006B3A272";16.06.2018;19:21:37;;-;-;;
3072;Trovan Unique;"0006B3A272";16.06.2018;19:21:38;;-;-;;
3073;Trovan Unique;"0006B3A272";16.06.2018;19:21:39;;-;-;;
3074;Trovan Unique;"0006B3A272";16.06.2018;19:21:40;;-;-;;
3075;Trovan Unique;"0006B3A272";16.06.2018;19:21:41;;-;-;;
3076;Trovan Unique;"0006B3A272";16.06.2018;19:21:42;;-;-;;
3077;Trovan Unique;"0006B3A272";16.06.2018;19:21:43;;-;-;;
3078;Trovan Unique;"0006B3A272";16.06.2018;19:21:44;;-;-;;
3079;Trovan Unique;"0006B3A272";16.06.2018;19:21:45;;-;-;;
3080;Trovan Unique;"0006B3A272";16.06.2018;19:21:46;;-;-;;
3081;Trovan Unique;"0006B3A272";16.06.2018;19:21:47;;-;-;;
3082;Trovan Unique;"0006B3A272";16.06.2018;19:21:48;;-;-;;
3083;Trovan Unique;"0006B3A272";16.06.2018;19:21:49;;-;-;;
3084;Trovan Unique;"0006B3A272";16.06.2018;19:21:50;;-;-;;
3085;Trovan Unique;"0006B3A272";16.06.2018;19:21:51;;-;-;;
3086;Trovan Unique;"0006B3A272";16.06.2018;19:21:52;;-;-;;
3087;Trovan Unique;"0006B3A272";16.06.2018;19:21:53;;-;-;;
3088;Trovan Unique;"0006B3A272";16.06.2018;19:21:54;;-;-;;
3089;Trovan Unique;"0006B3A272";16.06.2018;19:21:55;;-;-;;
3090;Trovan Unique;"0006B3A272";16.06.2018;19:21:56;;-;-;;
3091;Trovan Unique;"0006B3A272";16.06.2018;19:21:57;;-;-;;
3092;Trovan Unique;"0006B3A272";16.06.2018;19:21:58;;-;-;;
3093;Trovan Unique;"0006B3A272";16.06.2018;19:21:59;;-;-;;
3094;Trovan Unique;"0006B3A272";16.06.2018;19:22:00;;-;-;;
3095;Trovan Unique;"0006B3A272";16.06.2018;19:22:01;;-;-;;
3096;Trovan Unique;"0006B3A272";16.06.2018;19:22:02;;-;-;;
3097;Trovan Unique;"0006B3A272";16.06.2018;19:22:03;;-;-;;
3098;Trovan Unique;"0006B3A272";16.06.2018;19:22:04;;-;-;;
3099;Trovan Unique;"0006B3A272";16.06.2018;19:22:05;;-;-;;
3100;Trovan Unique;"0006B3A272";16.06.2018;19:22:06;;-;-;;
3101;Trovan Unique;"0006B3A272";16.06.2018;19:22:07;;-;-;;
3102;Trovan Unique;"0006B3A272";16.06.2018;19:22:08;;-;-;;
3103;Trovan Unique;"0006B3A272";16.06.2018;19:22:09;;-;-;;
3104;Trovan Unique;"0006B3A272";16.06.2018;19:22:10;;-;-;;
3105;Trovan Unique;"0006B3A272";16.06.2018;19:22:11;;-;-;;
3106;Trovan Unique;"0006B3A272";16.06.2018;19:22:12;;-;-;;
3107;Trovan Unique;"0006B3A272";16.06.2018;19:22:13;;-;-;;
3108;Trovan Unique;"0006B3A272";16.06.2018;19:22:17;;-;-;;
3109;Trovan Unique;"0006B3A272";16.06.2018;19:22:21;;-;-;;
3110;Trovan Unique;"0006B3A272";16.06.2018;19:22:24;;-;-;;
3111;Trovan Unique;"0006B3A272";16.06.2018;19:22:26;;-;-;;
3112;Trovan Unique;"0006B3A272";16.06.2018;19:22:28;;-;-;;
3113;Trovan Unique;"0006B3A272";16.06.2018;19:22:30;;-;-;;
3114;Trovan Unique;"0006B3A272";16.06.2018;19:22:32;;-;-;;
3115;Trovan Unique;"0006B3A272";16.06.2018;19:22:33;;-;-;;
3116;Trovan Unique;"0006B3A272";16.06.2018;19:22:36;;-;-;;
3117;Trovan Unique;"0006B3A272";16.06.2018;19:22:37;;-;-;;
3118;Trovan Unique;"0006B3A272";16.06.2018;19:22:39;;-;-;;
3119;Trovan Unique;"0006B3A272";16.06.2018;19:22:41;;-;-;;
3120;Trovan Unique;"0006B3A272";16.06.2018;19:22:46;;-;-;;
3121;Trovan Unique;"0006B3A272";16.06.2018;19:22:47;;-;-;;
3122;Trovan Unique;"0006B3A272";16.06.2018;19:22:49;;-;-;;
3123;Trovan Unique;"0006B3A272";16.06.2018;19:22:50;;-;-;;
3124;Trovan Unique;"0006B3A272";16.06.2018;19:22:51;;-;-;;
3125;Trovan Unique;"0006B3A272";16.06.2018;19:22:52;;-;-;;
3126;Trovan Unique;"0006B3A272";16.06.2018;19:22:53;;-;-;;
3127;Trovan Unique;"0006B3A272";16.06.2018;19:22:54;;-;-;;
3128;Trovan Unique;"0006B3A272";16.06.2018;19:22:56;;-;-;;
3129;Trovan Unique;"0006B3A272";16.06.2018;19:22:57;;-;-;;
3130;Trovan Unique;"0006B3A272";16.06.2018;19:22:58;;-;-;;
3131;Trovan Unique;"0006B3A272";16.06.2018;19:22:58;;-;-;;
3132;Trovan Unique;"0006B3A272";16.06.2018;19:23:00;;-;-;;
3133;Trovan Unique;"0006B3A272";16.06.2018;19:23:01;;-;-;;
3134;Trovan Unique;"0006B3A272";16.06.2018;19:23:02;;-;-;;
3135;Trovan Unique;"0006B3A272";16.06.2018;19:23:03;;-;-;;
3136;Trovan Unique;"0006B3A272";16.06.2018;19:23:05;;-;-;;
3137;Trovan Unique;"0006B3A272";16.06.2018;19:23:06;;-;-;;
3138;Trovan Unique;"0006B3A272";16.06.2018;19:23:08;;-;-;;
3139;Trovan Unique;"0006B3A272";16.06.2018;19:23:10;;-;-;;
3140;Trovan Unique;"0006B3A272";16.06.2018;19:23:11;;-;-;;
3141;Trovan Unique;"0006B3A272";16.06.2018;19:23:12;;-;-;;
3142;Trovan Unique;"0006B3A272";16.06.2018;19:23:13;;-;-;;
3143;Trovan Unique;"0006B3A272";16.06.2018;19:23:14;;-;-;;
3144;Trovan Unique;"0006B3A272";16.06.2018;19:23:15;;-;-;;
3145;Trovan Unique;"0006B3A272";16.06.2018;19:23:16;;-;-;;
3146;Trovan Unique;"0006B3A272";16.06.2018;19:23:19;;-;-;;
3147;Trovan Unique;"0006B3A272";16.06.2018;19:23:20;;-;-;;
3148;Trovan Unique;"0006B3A272";16.06.2018;19:23:22;;-;-;;
3149;Trovan Unique;"0006B3A272";16.06.2018;19:23:23;;-;-;;
