#;Transponder Type:;Transponder Code:;Date:;Time:;Event:;Unit #:;Antenna #:;Memo:;Custom:;
0;Trovan Unique;"00075CE5CF";14.06.2018;14:10:23;;-;-;;
1;Trovan Unique;"00075CE5CF";14.06.2018;14:10:25;;-;-;;
2;Trovan Unique;"00075CE5CF";14.06.2018;14:10:26;;-;-;;
3;Trovan Unique;"00075CE5CF";14.06.2018;14:10:27;;-;-;;
4;Trovan Unique;"00075CE5CF";14.06.2018;14:10:30;;-;-;;
5;Trovan Unique;"00075CE5CF";14.06.2018;14:10:33;;-;-;;
6;Trovan Unique;"00075CE5CF";14.06.2018;14:10:34;;-;-;;
7;Trovan Unique;"00075CE5CF";14.06.2018;14:10:35;;-;-;;
8;Trovan Unique;"00075CE5CF";14.06.2018;14:10:36;;-;-;;
9;Trovan Unique;"00075CE5CF";14.06.2018;14:10:37;;-;-;;
10;Trovan Unique;"00075CE5CF";14.06.2018;14:10:40;;-;-;;
11;Trovan Unique;"00075CE5CF";14.06.2018;14:10:43;;-;-;;
12;Trovan Unique;"00075CE5CF";14.06.2018;14:10:44;;-;-;;
13;Trovan Unique;"00075CE5CF";14.06.2018;14:10:45;;-;-;;
14;Trovan Unique;"00075CE5CF";14.06.2018;14:10:46;;-;-;;
15;Trovan Unique;"00075CE5CF";14.06.2018;14:10:47;;-;-;;
16;Trovan Unique;"00075CE5CF";14.06.2018;14:10:49;;-;-;;
17;Trovan Unique;"00075CE5CF";14.06.2018;14:10:51;;-;-;;
18;Trovan Unique;"00075CE5CF";14.06.2018;14:10:53;;-;-;;
19;Trovan Unique;"00075CE5CF";14.06.2018;14:10:54;;-;-;;
20;Trovan Unique;"00075CE5CF";14.06.2018;14:10:56;;-;-;;
21;Trovan Unique;"00075CE5CF";14.06.2018;14:10:57;;-;-;;
22;Trovan Unique;"00075CE5CF";14.06.2018;14:10:58;;-;-;;
23;Trovan Unique;"0006B397F6";14.06.2018;14:21:25;;-;-;;
24;Trovan Unique;"0006B397F6";14.06.2018;14:21:26;;-;-;;
25;Trovan Unique;"0006B397F6";14.06.2018;14:21:27;;-;-;;
26;Trovan Unique;"0006B397F6";14.06.2018;14:21:28;;-;-;;
27;Trovan Unique;"0006B397F6";14.06.2018;14:21:29;;-;-;;
28;Trovan Unique;"0006B397F6";14.06.2018;14:21:30;;-;-;;
29;Trovan Unique;"0006B3A9DA";14.06.2018;17:17:50;;-;-;;
30;Trovan Unique;"0006B3A9DA";14.06.2018;17:18:03;;-;-;;
31;Trovan Unique;"0006B3A9DA";14.06.2018;17:18:12;;-;-;;
32;Trovan Unique;"0006B3A9DA";14.06.2018;17:18:18;;-;-;;
33;Trovan Unique;"0006B3A9DA";14.06.2018;17:18:19;;-;-;;
34;Trovan Unique;"0006B3A9DA";14.06.2018;17:18:21;;-;-;;
35;Trovan Unique;"0006B3A9DA";14.06.2018;17:18:27;;-;-;;
36;Trovan Unique;"0006B3A9DA";14.06.2018;17:18:33;;-;-;;
37;Trovan Unique;"0006B3A9DA";14.06.2018;17:18:38;;-;-;;
38;Trovan Unique;"0006B3A9DA";14.06.2018;17:18:42;;-;-;;
39;Trovan Unique;"0006B3A9DA";14.06.2018;17:19:03;;-;-;;
40;Trovan Unique;"0006B3A9DA";14.06.2018;17:19:06;;-;-;;
41;Trovan Unique;"0006B3A9DA";14.06.2018;17:19:08;;-;-;;
42;Trovan Unique;"0006B3A9DA";14.06.2018;17:19:36;;-;-;;
43;Trovan Unique;"0006B3A9DA";14.06.2018;17:19:37;;-;-;;
44;Trovan Unique;"0006B3A9DA";14.06.2018;17:19:38;;-;-;;
45;Trovan Unique;"0006B3A9DA";14.06.2018;17:19:39;;-;-;;
46;Trovan Unique;"0006B3A9DA";14.06.2018;17:21:00;;-;-;;
47;Trovan Unique;"0006B3A9DA";14.06.2018;17:21:01;;-;-;;
48;Trovan Unique;"0006B3A9DA";14.06.2018;17:23:28;;-;-;;
49;Trovan Unique;"0006B3A9DA";14.06.2018;17:23:37;;-;-;;
50;Trovan Unique;"0006B3A9DA";14.06.2018;17:23:39;;-;-;;
51;Trovan Unique;"0006B3A9DA";14.06.2018;17:23:40;;-;-;;
52;Trovan Unique;"0006B3A9DA";14.06.2018;17:23:45;;-;-;;
53;Trovan Unique;"0006B3A9DA";14.06.2018;17:23:47;;-;-;;
54;Trovan Unique;"0006B3A9DA";14.06.2018;17:23:49;;-;-;;
55;Trovan Unique;"0006B3A9DA";14.06.2018;17:23:53;;-;-;;
56;Trovan Unique;"0006B3A9DA";14.06.2018;17:23:56;;-;-;;
57;Trovan Unique;"0006B3A9DA";14.06.2018;17:24:04;;-;-;;
58;Trovan Unique;"0006B3A9DA";14.06.2018;17:24:16;;-;-;;
59;Trovan Unique;"0006B3A9DA";14.06.2018;17:24:18;;-;-;;
60;Trovan Unique;"0006B3A9DA";14.06.2018;17:24:29;;-;-;;
61;Trovan Unique;"0006B3A9DA";14.06.2018;17:24:33;;-;-;;
62;Trovan Unique;"0006B3A9DA";14.06.2018;17:24:34;;-;-;;
63;Trovan Unique;"0006B3A9DA";14.06.2018;17:24:36;;-;-;;
64;Trovan Unique;"0006B3A9DA";14.06.2018;17:24:37;;-;-;;
65;Trovan Unique;"0006B3A9DA";14.06.2018;17:24:42;;-;-;;
66;Trovan Unique;"0006B3A9DA";14.06.2018;17:24:49;;-;-;;
67;Trovan Unique;"0006B3A9DA";14.06.2018;17:24:55;;-;-;;
68;Trovan Unique;"0006B3A9DA";14.06.2018;17:25:00;;-;-;;
69;Trovan Unique;"0006B3A9DA";14.06.2018;17:25:02;;-;-;;
70;Trovan Unique;"0006B3A9DA";14.06.2018;17:25:04;;-;-;;
71;Trovan Unique;"0006B3A9DA";14.06.2018;17:25:06;;-;-;;
72;Trovan Unique;"0006B3A9DA";14.06.2018;17:25:08;;-;-;;
73;Trovan Unique;"0006B3A9DA";14.06.2018;17:25:11;;-;-;;
74;Trovan Unique;"0006B3A9DA";14.06.2018;17:25:13;;-;-;;
75;Trovan Unique;"0006B3A9DA";14.06.2018;17:25:14;;-;-;;
76;Trovan Unique;"0006B3A9DA";14.06.2018;17:25:16;;-;-;;
77;Trovan Unique;"0006B3A9DA";14.06.2018;17:25:18;;-;-;;
78;Trovan Unique;"0006B3A9DA";14.06.2018;17:25:19;;-;-;;
79;Trovan Unique;"0006B3A9DA";14.06.2018;17:25:20;;-;-;;
80;Trovan Unique;"0006B3A9DA";14.06.2018;17:25:21;;-;-;;
81;Trovan Unique;"0006B3A9DA";14.06.2018;17:25:27;;-;-;;
82;Trovan Unique;"0006B3A9DA";14.06.2018;17:25:28;;-;-;;
83;Trovan Unique;"0006B3A9DA";14.06.2018;17:25:30;;-;-;;
84;Trovan Unique;"0006B3A9DA";14.06.2018;17:25:31;;-;-;;
85;Trovan Unique;"0006B3A9DA";14.06.2018;17:25:32;;-;-;;
86;Trovan Unique;"0006B3A9DA";14.06.2018;17:25:34;;-;-;;
87;Trovan Unique;"0006B3A9DA";14.06.2018;17:25:35;;-;-;;
88;Trovan Unique;"0006B3A9DA";14.06.2018;17:25:36;;-;-;;
89;Trovan Unique;"0006B3A9DA";14.06.2018;17:25:38;;-;-;;
90;Trovan Unique;"0006B3A9DA";14.06.2018;17:25:39;;-;-;;
91;Trovan Unique;"0006B3A9DA";14.06.2018;17:25:40;;-;-;;
92;Trovan Unique;"0006B3A9DA";14.06.2018;17:25:41;;-;-;;
93;Trovan Unique;"0006B3A9DA";14.06.2018;17:25:42;;-;-;;
94;Trovan Unique;"0006B3A9DA";14.06.2018;17:25:43;;-;-;;
95;Trovan Unique;"0006B3A9DA";14.06.2018;17:25:44;;-;-;;
96;Trovan Unique;"0006B3A9DA";14.06.2018;17:25:45;;-;-;;
97;Trovan Unique;"0006B3A9DA";14.06.2018;17:25:46;;-;-;;
98;Trovan Unique;"0006B3A9DA";14.06.2018;17:25:48;;-;-;;
99;Trovan Unique;"0006B3A9DA";14.06.2018;17:25:49;;-;-;;
100;Trovan Unique;"0006B3A9DA";14.06.2018;17:25:50;;-;-;;
101;Trovan Unique;"0006B3A9DA";14.06.2018;17:25:51;;-;-;;
102;Trovan Unique;"0006B3A9DA";14.06.2018;17:25:52;;-;-;;
103;Trovan Unique;"0006B3A9DA";14.06.2018;17:25:53;;-;-;;
104;Trovan Unique;"0006B3A9DA";14.06.2018;17:25:54;;-;-;;
105;Trovan Unique;"0006B3A9DA";14.06.2018;17:25:55;;-;-;;
106;Trovan Unique;"0006B3A9DA";14.06.2018;17:25:56;;-;-;;
107;Trovan Unique;"0006B3A9DA";14.06.2018;17:25:58;;-;-;;
108;Trovan Unique;"0006B3A9DA";14.06.2018;17:25:59;;-;-;;
109;Trovan Unique;"0006B3A9DA";14.06.2018;17:26:00;;-;-;;
110;Trovan Unique;"0006B3A9DA";14.06.2018;17:26:01;;-;-;;
111;Trovan Unique;"0006B3A9DA";14.06.2018;17:26:02;;-;-;;
112;Trovan Unique;"0006B3A9DA";14.06.2018;17:26:03;;-;-;;
113;Trovan Unique;"0006B3A9DA";14.06.2018;17:26:04;;-;-;;
114;Trovan Unique;"0006B3A9DA";14.06.2018;17:26:05;;-;-;;
115;Trovan Unique;"0006B3A9DA";14.06.2018;17:26:06;;-;-;;
116;Trovan Unique;"0006B3A9DA";14.06.2018;17:26:07;;-;-;;
117;Trovan Unique;"0006B3A9DA";14.06.2018;17:26:08;;-;-;;
118;Trovan Unique;"0006B3A9DA";14.06.2018;17:26:09;;-;-;;
119;Trovan Unique;"0006B3A9DA";14.06.2018;17:26:10;;-;-;;
120;Trovan Unique;"0006B3A9DA";14.06.2018;17:26:11;;-;-;;
121;Trovan Unique;"0006B3A9DA";14.06.2018;17:26:12;;-;-;;
122;Trovan Unique;"0006B3A9DA";14.06.2018;17:26:13;;-;-;;
123;Trovan Unique;"0006B3A9DA";14.06.2018;17:26:14;;-;-;;
124;Trovan Unique;"0006B3A9DA";14.06.2018;17:26:16;;-;-;;
125;Trovan Unique;"0006B3A9DA";14.06.2018;17:26:17;;-;-;;
126;Trovan Unique;"0006B3A9DA";14.06.2018;17:26:18;;-;-;;
127;Trovan Unique;"0006B3A9DA";14.06.2018;17:26:19;;-;-;;
128;Trovan Unique;"0006B3A9DA";14.06.2018;17:26:20;;-;-;;
129;Trovan Unique;"0006B3A9DA";14.06.2018;17:26:21;;-;-;;
130;Trovan Unique;"0006B3A9DA";14.06.2018;17:26:22;;-;-;;
131;Trovan Unique;"0006B3A9DA";14.06.2018;17:26:23;;-;-;;
132;Trovan Unique;"0006B3A9DA";14.06.2018;17:26:24;;-;-;;
133;Trovan Unique;"0006B3A9DA";14.06.2018;17:26:25;;-;-;;
134;Trovan Unique;"0006B3A9DA";14.06.2018;17:26:26;;-;-;;
135;Trovan Unique;"0006B3A9DA";14.06.2018;17:26:27;;-;-;;
136;Trovan Unique;"0006B3A9DA";14.06.2018;17:26:29;;-;-;;
137;Trovan Unique;"0006B3A9DA";14.06.2018;17:26:30;;-;-;;
138;Trovan Unique;"0006B3A9DA";14.06.2018;17:26:31;;-;-;;
139;Trovan Unique;"0006B3A9DA";14.06.2018;17:26:32;;-;-;;
140;Trovan Unique;"0006B3A9DA";14.06.2018;17:26:33;;-;-;;
141;Trovan Unique;"0006B3A9DA";14.06.2018;17:26:35;;-;-;;
142;Trovan Unique;"0006B3A9DA";14.06.2018;17:26:36;;-;-;;
143;Trovan Unique;"0006B3A9DA";14.06.2018;17:26:37;;-;-;;
144;Trovan Unique;"0006B3A9DA";14.06.2018;17:26:38;;-;-;;
145;Trovan Unique;"0006B3A9DA";14.06.2018;17:26:40;;-;-;;
146;Trovan Unique;"0006B3A9DA";14.06.2018;17:26:41;;-;-;;
147;Trovan Unique;"0006B3A9DA";14.06.2018;17:26:42;;-;-;;
148;Trovan Unique;"0006B3A9DA";14.06.2018;17:26:44;;-;-;;
149;Trovan Unique;"0006B3A9DA";14.06.2018;17:26:45;;-;-;;
150;Trovan Unique;"0006B3A9DA";14.06.2018;17:26:46;;-;-;;
151;Trovan Unique;"0006B3A9DA";14.06.2018;17:26:47;;-;-;;
152;Trovan Unique;"0006B3A9DA";14.06.2018;17:26:48;;-;-;;
153;Trovan Unique;"0006B3A9DA";14.06.2018;17:26:50;;-;-;;
154;Trovan Unique;"0006B3A9DA";14.06.2018;17:26:51;;-;-;;
155;Trovan Unique;"0006B3A9DA";14.06.2018;17:26:53;;-;-;;
156;Trovan Unique;"0006B3A9DA";14.06.2018;17:26:54;;-;-;;
157;Trovan Unique;"0006B3A9DA";14.06.2018;17:26:55;;-;-;;
158;Trovan Unique;"0006B3A9DA";14.06.2018;17:26:56;;-;-;;
159;Trovan Unique;"0006B3A9DA";14.06.2018;17:26:57;;-;-;;
160;Trovan Unique;"0006B3A9DA";14.06.2018;17:26:59;;-;-;;
161;Trovan Unique;"0006B3A9DA";14.06.2018;17:27:00;;-;-;;
162;Trovan Unique;"0006B3A9DA";14.06.2018;17:27:01;;-;-;;
163;Trovan Unique;"0006B3A9DA";14.06.2018;17:27:02;;-;-;;
164;Trovan Unique;"0006B3A9DA";14.06.2018;17:27:03;;-;-;;
165;Trovan Unique;"0006B3A9DA";14.06.2018;17:27:04;;-;-;;
166;Trovan Unique;"0006B3A9DA";14.06.2018;17:27:05;;-;-;;
167;Trovan Unique;"0006B3A9DA";14.06.2018;17:27:06;;-;-;;
168;Trovan Unique;"0006B3A9DA";14.06.2018;17:27:07;;-;-;;
169;Trovan Unique;"0006B3A9DA";14.06.2018;17:27:08;;-;-;;
170;Trovan Unique;"0006B3A9DA";14.06.2018;17:27:09;;-;-;;
171;Trovan Unique;"0006B3A9DA";14.06.2018;17:27:10;;-;-;;
172;Trovan Unique;"0006B3A9DA";14.06.2018;17:27:11;;-;-;;
173;Trovan Unique;"0006B3A9DA";14.06.2018;17:27:12;;-;-;;
174;Trovan Unique;"0006B3A9DA";14.06.2018;17:27:13;;-;-;;
175;Trovan Unique;"0006B3A9DA";14.06.2018;17:27:14;;-;-;;
176;Trovan Unique;"0006B3A9DA";14.06.2018;17:27:15;;-;-;;
177;Trovan Unique;"0006B3A9DA";14.06.2018;17:27:16;;-;-;;
178;Trovan Unique;"0006B3A9DA";14.06.2018;17:27:17;;-;-;;
179;Trovan Unique;"0006B3A9DA";14.06.2018;17:27:18;;-;-;;
180;Trovan Unique;"0006B3A9DA";14.06.2018;17:27:19;;-;-;;
181;Trovan Unique;"0006B3A9DA";14.06.2018;17:27:20;;-;-;;
182;Trovan Unique;"0006B3A9DA";14.06.2018;17:27:21;;-;-;;
183;Trovan Unique;"0006B3A9DA";14.06.2018;17:27:23;;-;-;;
184;Trovan Unique;"0006B3A9DA";14.06.2018;17:27:24;;-;-;;
185;Trovan Unique;"0006B3A9DA";14.06.2018;17:27:25;;-;-;;
186;Trovan Unique;"0006B3A9DA";14.06.2018;17:27:26;;-;-;;
187;Trovan Unique;"0006B3A9DA";14.06.2018;17:27:27;;-;-;;
188;Trovan Unique;"0006B3A9DA";14.06.2018;17:27:28;;-;-;;
189;Trovan Unique;"0006B3A9DA";14.06.2018;17:27:29;;-;-;;
190;Trovan Unique;"0006B3A9DA";14.06.2018;17:27:30;;-;-;;
191;Trovan Unique;"0006B3A9DA";14.06.2018;17:27:32;;-;-;;
192;Trovan Unique;"0006B3A9DA";14.06.2018;17:27:33;;-;-;;
193;Trovan Unique;"0006B3A9DA";14.06.2018;17:27:34;;-;-;;
194;Trovan Unique;"0006B3A9DA";14.06.2018;17:27:35;;-;-;;
195;Trovan Unique;"0006B3A9DA";14.06.2018;17:28:44;;-;-;;
196;Trovan Unique;"0006B3A9DA";14.06.2018;17:28:46;;-;-;;
197;Trovan Unique;"0006B3A9DA";14.06.2018;17:28:48;;-;-;;
198;Trovan Unique;"0006B3A9DA";14.06.2018;17:28:49;;-;-;;
199;Trovan Unique;"0006B3A9DA";14.06.2018;17:28:54;;-;-;;
200;Trovan Unique;"0006B3A9DA";14.06.2018;17:30:07;;-;-;;
201;Trovan Unique;"0006B3A9DA";14.06.2018;17:42:19;;-;-;;
202;Trovan Unique;"0006B3A9DA";14.06.2018;17:42:20;;-;-;;
203;Trovan Unique;"0006B3A9DA";14.06.2018;17:42:21;;-;-;;
204;Trovan Unique;"0006B3A9DA";14.06.2018;17:42:22;;-;-;;
205;Trovan Unique;"0006B3A9DA";14.06.2018;17:42:23;;-;-;;
206;Trovan Unique;"0006B3A9DA";14.06.2018;17:42:24;;-;-;;
207;Trovan Unique;"0006B3A9DA";14.06.2018;17:42:25;;-;-;;
208;Trovan Unique;"0006B3A9DA";14.06.2018;17:42:26;;-;-;;
209;Trovan Unique;"0006B3A9DA";14.06.2018;17:42:27;;-;-;;
210;Trovan Unique;"0006B3A9DA";14.06.2018;17:42:28;;-;-;;
211;Trovan Unique;"0006B3A9DA";14.06.2018;17:42:29;;-;-;;
212;Trovan Unique;"0006B3A9DA";14.06.2018;17:42:30;;-;-;;
213;Trovan Unique;"0006B3A9DA";14.06.2018;17:42:31;;-;-;;
214;Trovan Unique;"0006B3A9DA";14.06.2018;17:42:32;;-;-;;
215;Trovan Unique;"0006B3A9DA";14.06.2018;17:42:33;;-;-;;
216;Trovan Unique;"0006B3A9DA";14.06.2018;17:42:34;;-;-;;
217;Trovan Unique;"0006B3A9DA";14.06.2018;17:42:36;;-;-;;
218;Trovan Unique;"0006B3A9DA";14.06.2018;17:42:38;;-;-;;
219;Trovan Unique;"0006B3A9DA";14.06.2018;17:42:40;;-;-;;
220;Trovan Unique;"0006B3A9DA";14.06.2018;17:42:41;;-;-;;
221;Trovan Unique;"0006B3A9DA";14.06.2018;17:42:42;;-;-;;
222;Trovan Unique;"0006B3A9DA";14.06.2018;17:42:43;;-;-;;
223;Trovan Unique;"0006B3A9DA";14.06.2018;17:42:50;;-;-;;
224;Trovan Unique;"0006B3A9DA";14.06.2018;17:42:51;;-;-;;
225;Trovan Unique;"0006B3A9DA";14.06.2018;17:42:52;;-;-;;
226;Trovan Unique;"0006B3A9DA";14.06.2018;17:42:53;;-;-;;
227;Trovan Unique;"0006B3A9DA";14.06.2018;17:42:55;;-;-;;
228;Trovan Unique;"0006B3A9DA";14.06.2018;17:42:56;;-;-;;
229;Trovan Unique;"0006B3A9DA";14.06.2018;17:42:57;;-;-;;
230;Trovan Unique;"0006B3A9DA";14.06.2018;17:42:58;;-;-;;
231;Trovan Unique;"0006B3A9DA";14.06.2018;17:42:59;;-;-;;
232;Trovan Unique;"0006B3A9DA";14.06.2018;17:43:00;;-;-;;
233;Trovan Unique;"0006B3A9DA";14.06.2018;17:43:01;;-;-;;
234;Trovan Unique;"0006B3A9DA";14.06.2018;17:43:02;;-;-;;
235;Trovan Unique;"0006B3A9DA";14.06.2018;17:43:03;;-;-;;
236;Trovan Unique;"0006B3A9DA";14.06.2018;17:43:04;;-;-;;
237;Trovan Unique;"0006B3A9DA";14.06.2018;17:43:05;;-;-;;
238;Trovan Unique;"0006B3A9DA";14.06.2018;17:43:06;;-;-;;
239;Trovan Unique;"0006B3A9DA";14.06.2018;17:43:07;;-;-;;
240;Trovan Unique;"0006B3A9DA";14.06.2018;17:43:08;;-;-;;
241;Trovan Unique;"0006B3A9DA";14.06.2018;17:43:09;;-;-;;
242;Trovan Unique;"0006B3A9DA";14.06.2018;17:43:11;;-;-;;
243;Trovan Unique;"0006B3A9DA";14.06.2018;17:43:12;;-;-;;
244;Trovan Unique;"0006B3A9DA";14.06.2018;17:43:13;;-;-;;
245;Trovan Unique;"0006B3A9DA";14.06.2018;17:43:14;;-;-;;
246;Trovan Unique;"0006B3A9DA";14.06.2018;17:43:15;;-;-;;
247;Trovan Unique;"0006B3A9DA";14.06.2018;17:43:22;;-;-;;
248;Trovan Unique;"0006B3A9DA";14.06.2018;17:43:24;;-;-;;
249;Trovan Unique;"0006B3A9DA";14.06.2018;17:43:25;;-;-;;
250;Trovan Unique;"0006B3A9DA";14.06.2018;17:43:26;;-;-;;
251;Trovan Unique;"0006B3A9DA";14.06.2018;17:43:27;;-;-;;
252;Trovan Unique;"0006B3A9DA";14.06.2018;17:43:28;;-;-;;
253;Trovan Unique;"0006B3A9DA";14.06.2018;17:43:30;;-;-;;
254;Trovan Unique;"0006B3A9DA";14.06.2018;17:43:33;;-;-;;
255;Trovan Unique;"0006B3A9DA";14.06.2018;17:43:35;;-;-;;
256;Trovan Unique;"0006B3A9DA";14.06.2018;17:43:37;;-;-;;
257;Trovan Unique;"0006B3A9DA";14.06.2018;17:43:39;;-;-;;
258;Trovan Unique;"0006B3A9DA";14.06.2018;17:43:40;;-;-;;
259;Trovan Unique;"0006B3A9DA";14.06.2018;17:43:41;;-;-;;
260;Trovan Unique;"0006B3A9DA";14.06.2018;17:43:42;;-;-;;
261;Trovan Unique;"0006B3A9DA";14.06.2018;17:43:43;;-;-;;
262;Trovan Unique;"0006B3A9DA";14.06.2018;17:43:44;;-;-;;
263;Trovan Unique;"0006B3A9DA";14.06.2018;17:43:45;;-;-;;
264;Trovan Unique;"0006B3A9DA";14.06.2018;17:43:46;;-;-;;
265;Trovan Unique;"0006B3A9DA";14.06.2018;17:43:47;;-;-;;
266;Trovan Unique;"0006B3A9DA";14.06.2018;17:43:48;;-;-;;
267;Trovan Unique;"0006B3A9DA";14.06.2018;17:43:49;;-;-;;
268;Trovan Unique;"0006B3A9DA";14.06.2018;17:43:50;;-;-;;
269;Trovan Unique;"0006B3A9DA";14.06.2018;17:43:51;;-;-;;
270;Trovan Unique;"0006B3A9DA";14.06.2018;17:43:52;;-;-;;
271;Trovan Unique;"0006B3A9DA";14.06.2018;17:43:53;;-;-;;
272;Trovan Unique;"0006B3A9DA";14.06.2018;17:43:54;;-;-;;
273;Trovan Unique;"0006B3A9DA";14.06.2018;17:43:55;;-;-;;
274;Trovan Unique;"0006B3A9DA";14.06.2018;17:43:56;;-;-;;
275;Trovan Unique;"0006B3A9DA";14.06.2018;17:43:57;;-;-;;
276;Trovan Unique;"0006B3A9DA";14.06.2018;17:43:58;;-;-;;
277;Trovan Unique;"0006B3A9DA";14.06.2018;17:43:59;;-;-;;
278;Trovan Unique;"0006B3A9DA";14.06.2018;17:44:00;;-;-;;
279;Trovan Unique;"0006B3A9DA";14.06.2018;17:44:01;;-;-;;
280;Trovan Unique;"0006B3A9DA";14.06.2018;17:44:02;;-;-;;
281;Trovan Unique;"0006B3A9DA";14.06.2018;17:44:03;;-;-;;
282;Trovan Unique;"0006B3A9DA";14.06.2018;17:44:04;;-;-;;
283;Trovan Unique;"0006B3A9DA";14.06.2018;17:44:08;;-;-;;
284;Trovan Unique;"0006B3A9DA";14.06.2018;17:44:09;;-;-;;
285;Trovan Unique;"0006B3A9DA";14.06.2018;17:44:10;;-;-;;
286;Trovan Unique;"0006B3A9DA";14.06.2018;17:44:11;;-;-;;
287;Trovan Unique;"0006B3A9DA";14.06.2018;17:44:13;;-;-;;
288;Trovan Unique;"0006B3A9DA";14.06.2018;17:44:14;;-;-;;
289;Trovan Unique;"0006B3A9DA";14.06.2018;17:44:15;;-;-;;
290;Trovan Unique;"0006B3A9DA";14.06.2018;17:44:16;;-;-;;
291;Trovan Unique;"0006B3A9DA";14.06.2018;17:44:17;;-;-;;
292;Trovan Unique;"0006B3A9DA";14.06.2018;17:44:18;;-;-;;
293;Trovan Unique;"0006B3A9DA";14.06.2018;17:44:19;;-;-;;
294;Trovan Unique;"0006B3A9DA";14.06.2018;17:44:21;;-;-;;
295;Trovan Unique;"0006B3A9DA";14.06.2018;17:44:24;;-;-;;
296;Trovan Unique;"0006B3A9DA";14.06.2018;17:44:27;;-;-;;
297;Trovan Unique;"0006B3A9DA";14.06.2018;17:44:28;;-;-;;
298;Trovan Unique;"0006B3A9DA";14.06.2018;17:44:29;;-;-;;
299;Trovan Unique;"0006B3A9DA";14.06.2018;17:44:35;;-;-;;
300;Trovan Unique;"0006B3A9DA";14.06.2018;17:44:36;;-;-;;
301;Trovan Unique;"0006B3A9DA";14.06.2018;17:44:37;;-;-;;
302;Trovan Unique;"0006B3A9DA";14.06.2018;17:44:38;;-;-;;
303;Trovan Unique;"0006B3A9DA";14.06.2018;17:44:39;;-;-;;
304;Trovan Unique;"0006B3A9DA";14.06.2018;17:44:40;;-;-;;
305;Trovan Unique;"0006B3A9DA";14.06.2018;17:44:41;;-;-;;
306;Trovan Unique;"0006B3A9DA";14.06.2018;17:44:43;;-;-;;
307;Trovan Unique;"0006B3A9DA";14.06.2018;17:44:45;;-;-;;
308;Trovan Unique;"0006B3A9DA";14.06.2018;17:44:47;;-;-;;
309;Trovan Unique;"0006B3A9DA";14.06.2018;17:44:49;;-;-;;
310;Trovan Unique;"0006B3A9DA";14.06.2018;17:44:54;;-;-;;
311;Trovan Unique;"0006B3A9DA";14.06.2018;17:44:56;;-;-;;
312;Trovan Unique;"0006B3A9DA";14.06.2018;17:45:03;;-;-;;
313;Trovan Unique;"0006B3A9DA";14.06.2018;17:45:05;;-;-;;
314;Trovan Unique;"0006B3A9DA";14.06.2018;17:45:07;;-;-;;
315;Trovan Unique;"0006B3A9DA";14.06.2018;17:45:08;;-;-;;
316;Trovan Unique;"0006B3A9DA";14.06.2018;17:45:09;;-;-;;
317;Trovan Unique;"0006B3A9DA";14.06.2018;17:45:10;;-;-;;
318;Trovan Unique;"0006B3A9DA";14.06.2018;17:45:11;;-;-;;
319;Trovan Unique;"0006B3A9DA";14.06.2018;17:45:14;;-;-;;
320;Trovan Unique;"0006B3A9DA";14.06.2018;17:45:16;;-;-;;
321;Trovan Unique;"0006B3A9DA";14.06.2018;17:45:17;;-;-;;
322;Trovan Unique;"0006B3A9DA";14.06.2018;17:45:18;;-;-;;
323;Trovan Unique;"0006B3A9DA";14.06.2018;17:45:19;;-;-;;
324;Trovan Unique;"0006B3A9DA";14.06.2018;17:45:20;;-;-;;
325;Trovan Unique;"0006B3A9DA";14.06.2018;17:45:21;;-;-;;
326;Trovan Unique;"0006B3A9DA";14.06.2018;17:45:22;;-;-;;
327;Trovan Unique;"0006B3A9DA";14.06.2018;17:45:23;;-;-;;
328;Trovan Unique;"0006B3A9DA";14.06.2018;17:45:24;;-;-;;
329;Trovan Unique;"0006B3A9DA";14.06.2018;17:45:25;;-;-;;
330;Trovan Unique;"0006B3A9DA";14.06.2018;17:45:26;;-;-;;
331;Trovan Unique;"0006B3A9DA";14.06.2018;17:45:27;;-;-;;
332;Trovan Unique;"0006B3A9DA";14.06.2018;17:45:28;;-;-;;
333;Trovan Unique;"0006B3A9DA";14.06.2018;17:45:29;;-;-;;
334;Trovan Unique;"0006B3A9DA";14.06.2018;17:45:30;;-;-;;
335;Trovan Unique;"0006B3A9DA";14.06.2018;17:45:31;;-;-;;
336;Trovan Unique;"0006B3A9DA";14.06.2018;17:45:32;;-;-;;
337;Trovan Unique;"0006B3A9DA";14.06.2018;17:45:33;;-;-;;
338;Trovan Unique;"0006B3A9DA";14.06.2018;17:45:34;;-;-;;
339;Trovan Unique;"0006B3A9DA";14.06.2018;17:45:35;;-;-;;
340;Trovan Unique;"0006B3A9DA";14.06.2018;17:45:36;;-;-;;
341;Trovan Unique;"0006B3A9DA";14.06.2018;17:45:37;;-;-;;
342;Trovan Unique;"0006B3A9DA";14.06.2018;17:45:38;;-;-;;
343;Trovan Unique;"0006B3A9DA";14.06.2018;17:45:39;;-;-;;
344;Trovan Unique;"0006B3A9DA";14.06.2018;17:45:40;;-;-;;
345;Trovan Unique;"0006B3A9DA";14.06.2018;17:45:41;;-;-;;
346;Trovan Unique;"0006B3A9DA";14.06.2018;17:45:42;;-;-;;
347;Trovan Unique;"0006B3A9DA";14.06.2018;17:45:43;;-;-;;
348;Trovan Unique;"0006B3A9DA";14.06.2018;17:45:44;;-;-;;
349;Trovan Unique;"0006B3A9DA";14.06.2018;17:45:45;;-;-;;
350;Trovan Unique;"0006B3A9DA";14.06.2018;17:45:46;;-;-;;
351;Trovan Unique;"0006B3A9DA";14.06.2018;17:45:47;;-;-;;
352;Trovan Unique;"0006B3A9DA";14.06.2018;17:45:49;;-;-;;
353;Trovan Unique;"0006B3A9DA";14.06.2018;17:45:50;;-;-;;
354;Trovan Unique;"0006B3A9DA";14.06.2018;17:45:51;;-;-;;
355;Trovan Unique;"0006B3A9DA";14.06.2018;17:45:52;;-;-;;
356;Trovan Unique;"0006B3A9DA";14.06.2018;17:45:53;;-;-;;
357;Trovan Unique;"0006B3A9DA";14.06.2018;17:45:54;;-;-;;
358;Trovan Unique;"0006B3A9DA";14.06.2018;17:45:55;;-;-;;
359;Trovan Unique;"0006B3A9DA";14.06.2018;17:45:56;;-;-;;
360;Trovan Unique;"0006B3A9DA";14.06.2018;17:45:57;;-;-;;
361;Trovan Unique;"0006B3A9DA";14.06.2018;17:45:58;;-;-;;
362;Trovan Unique;"0006B3A9DA";14.06.2018;17:45:59;;-;-;;
363;Trovan Unique;"0006B3A9DA";14.06.2018;17:46:00;;-;-;;
364;Trovan Unique;"0006B3A9DA";14.06.2018;17:46:01;;-;-;;
365;Trovan Unique;"0006B3A9DA";14.06.2018;17:46:02;;-;-;;
366;Trovan Unique;"0006B3A9DA";14.06.2018;17:46:03;;-;-;;
367;Trovan Unique;"0006B3A9DA";14.06.2018;17:46:04;;-;-;;
368;Trovan Unique;"0006B3A9DA";14.06.2018;17:46:05;;-;-;;
369;Trovan Unique;"0006B3A9DA";14.06.2018;17:46:06;;-;-;;
370;Trovan Unique;"0006B3A9DA";14.06.2018;17:46:07;;-;-;;
371;Trovan Unique;"0006B3A9DA";14.06.2018;17:46:08;;-;-;;
372;Trovan Unique;"0006B3A9DA";14.06.2018;17:46:09;;-;-;;
373;Trovan Unique;"0006B3A9DA";14.06.2018;17:46:10;;-;-;;
374;Trovan Unique;"0006B3A9DA";14.06.2018;17:46:11;;-;-;;
375;Trovan Unique;"0006B3A9DA";14.06.2018;17:46:12;;-;-;;
376;Trovan Unique;"0006B3A9DA";14.06.2018;17:46:13;;-;-;;
377;Trovan Unique;"0006B3A9DA";14.06.2018;17:46:14;;-;-;;
378;Trovan Unique;"0006B3A9DA";14.06.2018;17:46:15;;-;-;;
379;Trovan Unique;"0006B3A9DA";14.06.2018;17:46:16;;-;-;;
380;Trovan Unique;"0006B3A9DA";14.06.2018;17:46:17;;-;-;;
381;Trovan Unique;"0006B3A9DA";14.06.2018;17:46:18;;-;-;;
382;Trovan Unique;"0006B3A9DA";14.06.2018;17:46:19;;-;-;;
383;Trovan Unique;"0006B3A9DA";14.06.2018;17:46:20;;-;-;;
384;Trovan Unique;"0006B3A9DA";14.06.2018;17:46:21;;-;-;;
385;Trovan Unique;"0006B3A9DA";14.06.2018;17:46:22;;-;-;;
386;Trovan Unique;"0006B3A9DA";14.06.2018;17:46:23;;-;-;;
387;Trovan Unique;"0006B3A9DA";14.06.2018;17:46:24;;-;-;;
388;Trovan Unique;"0006B3A9DA";14.06.2018;17:46:25;;-;-;;
389;Trovan Unique;"0006B3A9DA";14.06.2018;17:46:26;;-;-;;
390;Trovan Unique;"0006B3A9DA";14.06.2018;17:46:27;;-;-;;
391;Trovan Unique;"0006B3A9DA";14.06.2018;17:46:28;;-;-;;
392;Trovan Unique;"0006B3A9DA";14.06.2018;17:46:29;;-;-;;
393;Trovan Unique;"0006B3A9DA";14.06.2018;17:46:30;;-;-;;
394;Trovan Unique;"0006B3A9DA";14.06.2018;17:46:31;;-;-;;
395;Trovan Unique;"0006B3A9DA";14.06.2018;17:46:32;;-;-;;
396;Trovan Unique;"0006B3A9DA";14.06.2018;17:46:33;;-;-;;
397;Trovan Unique;"0006B3A9DA";14.06.2018;17:46:34;;-;-;;
398;Trovan Unique;"0006B3A9DA";14.06.2018;17:46:35;;-;-;;
399;Trovan Unique;"0006B3A9DA";14.06.2018;17:46:36;;-;-;;
400;Trovan Unique;"0006B3A9DA";14.06.2018;17:46:37;;-;-;;
401;Trovan Unique;"0006B3A9DA";14.06.2018;17:46:38;;-;-;;
402;Trovan Unique;"0006B3A9DA";14.06.2018;17:46:39;;-;-;;
403;Trovan Unique;"0006B3A9DA";14.06.2018;17:46:40;;-;-;;
404;Trovan Unique;"0006B3A9DA";14.06.2018;17:46:41;;-;-;;
405;Trovan Unique;"0006B3A9DA";14.06.2018;17:46:42;;-;-;;
406;Trovan Unique;"0006B3A9DA";14.06.2018;17:46:43;;-;-;;
407;Trovan Unique;"0006B3A9DA";14.06.2018;17:46:44;;-;-;;
408;Trovan Unique;"0006B3A9DA";14.06.2018;17:46:45;;-;-;;
409;Trovan Unique;"0006B3A9DA";14.06.2018;17:46:46;;-;-;;
410;Trovan Unique;"0006B3A9DA";14.06.2018;17:46:47;;-;-;;
411;Trovan Unique;"0006B3A9DA";14.06.2018;17:46:48;;-;-;;
412;Trovan Unique;"0006B3A9DA";14.06.2018;17:46:49;;-;-;;
413;Trovan Unique;"0006B3A9DA";14.06.2018;17:46:50;;-;-;;
414;Trovan Unique;"0006B3A9DA";14.06.2018;17:46:51;;-;-;;
415;Trovan Unique;"0006B3A9DA";14.06.2018;17:46:52;;-;-;;
416;Trovan Unique;"0006B3A9DA";14.06.2018;17:46:53;;-;-;;
417;Trovan Unique;"0006B3A9DA";14.06.2018;17:46:54;;-;-;;
418;Trovan Unique;"0006B3A9DA";14.06.2018;17:46:55;;-;-;;
419;Trovan Unique;"0006B3A9DA";14.06.2018;17:46:56;;-;-;;
420;Trovan Unique;"0006B3A9DA";14.06.2018;17:46:57;;-;-;;
421;Trovan Unique;"0006B3A9DA";14.06.2018;17:46:58;;-;-;;
422;Trovan Unique;"0006B3A9DA";14.06.2018;17:46:59;;-;-;;
423;Trovan Unique;"0006B3A9DA";14.06.2018;17:47:00;;-;-;;
424;Trovan Unique;"0006B3A9DA";14.06.2018;17:47:01;;-;-;;
425;Trovan Unique;"0006B3A9DA";14.06.2018;17:47:02;;-;-;;
426;Trovan Unique;"0006B3A9DA";14.06.2018;17:47:03;;-;-;;
427;Trovan Unique;"0006B3A9DA";14.06.2018;17:47:04;;-;-;;
428;Trovan Unique;"0006B3A9DA";14.06.2018;17:47:05;;-;-;;
429;Trovan Unique;"0006B3A9DA";14.06.2018;17:47:06;;-;-;;
430;Trovan Unique;"0006B3A9DA";14.06.2018;17:47:07;;-;-;;
431;Trovan Unique;"0006B3A9DA";14.06.2018;17:47:08;;-;-;;
432;Trovan Unique;"0006B3A9DA";14.06.2018;17:47:09;;-;-;;
433;Trovan Unique;"0006B3A9DA";14.06.2018;17:47:10;;-;-;;
434;Trovan Unique;"0006B3A9DA";14.06.2018;17:47:11;;-;-;;
435;Trovan Unique;"0006B3A9DA";14.06.2018;17:47:12;;-;-;;
436;Trovan Unique;"0006B3A9DA";14.06.2018;17:47:13;;-;-;;
437;Trovan Unique;"0006B3A9DA";14.06.2018;17:47:14;;-;-;;
438;Trovan Unique;"0006B3A9DA";14.06.2018;17:47:15;;-;-;;
439;Trovan Unique;"0006B3A9DA";14.06.2018;17:47:16;;-;-;;
440;Trovan Unique;"0006B3A9DA";14.06.2018;17:47:17;;-;-;;
441;Trovan Unique;"0006B3A9DA";14.06.2018;17:47:19;;-;-;;
442;Trovan Unique;"0006B3A9DA";14.06.2018;17:47:20;;-;-;;
443;Trovan Unique;"0006B3A9DA";14.06.2018;17:47:21;;-;-;;
444;Trovan Unique;"0006B3A9DA";14.06.2018;17:47:22;;-;-;;
445;Trovan Unique;"0006B3A9DA";14.06.2018;17:47:23;;-;-;;
446;Trovan Unique;"0006B3A9DA";14.06.2018;17:47:24;;-;-;;
447;Trovan Unique;"0006B3A9DA";14.06.2018;17:47:25;;-;-;;
448;Trovan Unique;"0006B3A9DA";14.06.2018;17:47:26;;-;-;;
449;Trovan Unique;"0006B3A9DA";14.06.2018;17:47:27;;-;-;;
450;Trovan Unique;"0006B3A9DA";14.06.2018;17:47:28;;-;-;;
451;Trovan Unique;"0006B3A9DA";14.06.2018;17:47:29;;-;-;;
452;Trovan Unique;"0006B3A9DA";14.06.2018;17:47:30;;-;-;;
453;Trovan Unique;"0006B3A9DA";14.06.2018;17:47:31;;-;-;;
454;Trovan Unique;"0006B3A9DA";14.06.2018;17:47:32;;-;-;;
455;Trovan Unique;"0006B3A9DA";14.06.2018;17:47:33;;-;-;;
456;Trovan Unique;"0006B3A9DA";14.06.2018;17:47:34;;-;-;;
457;Trovan Unique;"0006B3A9DA";14.06.2018;17:47:35;;-;-;;
458;Trovan Unique;"0006B3A9DA";14.06.2018;17:47:36;;-;-;;
459;Trovan Unique;"0006B3A9DA";14.06.2018;17:47:37;;-;-;;
460;Trovan Unique;"0006B3A9DA";14.06.2018;17:47:38;;-;-;;
461;Trovan Unique;"0006B3A9DA";14.06.2018;17:47:39;;-;-;;
462;Trovan Unique;"0006B3A9DA";14.06.2018;17:47:40;;-;-;;
463;Trovan Unique;"0006B3A9DA";14.06.2018;17:47:41;;-;-;;
464;Trovan Unique;"0006B3A9DA";14.06.2018;17:47:42;;-;-;;
465;Trovan Unique;"0006B3A9DA";14.06.2018;17:47:43;;-;-;;
466;Trovan Unique;"0006B3A9DA";14.06.2018;17:47:44;;-;-;;
467;Trovan Unique;"0006B3A9DA";14.06.2018;17:47:45;;-;-;;
468;Trovan Unique;"0006B3A9DA";14.06.2018;17:47:46;;-;-;;
469;Trovan Unique;"0006B3A9DA";14.06.2018;17:47:47;;-;-;;
470;Trovan Unique;"0006B3A9DA";14.06.2018;17:47:48;;-;-;;
471;Trovan Unique;"0006B3A9DA";14.06.2018;17:47:49;;-;-;;
472;Trovan Unique;"0006B3A9DA";14.06.2018;17:47:50;;-;-;;
473;Trovan Unique;"0006B3A9DA";14.06.2018;17:47:51;;-;-;;
474;Trovan Unique;"0006B3A9DA";14.06.2018;17:47:52;;-;-;;
475;Trovan Unique;"0006B3A9DA";14.06.2018;17:47:53;;-;-;;
476;Trovan Unique;"0006B3A9DA";14.06.2018;17:47:54;;-;-;;
477;Trovan Unique;"0006B3A9DA";14.06.2018;17:47:55;;-;-;;
478;Trovan Unique;"0006B3A9DA";14.06.2018;17:47:56;;-;-;;
479;Trovan Unique;"0006B3A9DA";14.06.2018;17:47:57;;-;-;;
480;Trovan Unique;"0006B3A9DA";14.06.2018;17:47:58;;-;-;;
481;Trovan Unique;"0006B3A9DA";14.06.2018;17:47:59;;-;-;;
482;Trovan Unique;"0006B3A9DA";14.06.2018;17:48:00;;-;-;;
483;Trovan Unique;"0006B3A9DA";14.06.2018;17:48:01;;-;-;;
484;Trovan Unique;"0006B3A9DA";14.06.2018;17:48:02;;-;-;;
485;Trovan Unique;"0006B3A9DA";14.06.2018;17:48:03;;-;-;;
486;Trovan Unique;"0006B3A9DA";14.06.2018;17:48:04;;-;-;;
487;Trovan Unique;"0006B3A9DA";14.06.2018;17:48:05;;-;-;;
488;Trovan Unique;"0006B3A9DA";14.06.2018;17:48:06;;-;-;;
489;Trovan Unique;"0006B3A9DA";14.06.2018;17:48:07;;-;-;;
490;Trovan Unique;"0006B3A9DA";14.06.2018;17:48:08;;-;-;;
491;Trovan Unique;"0006B3A9DA";14.06.2018;17:48:09;;-;-;;
492;Trovan Unique;"0006B3A9DA";14.06.2018;17:48:10;;-;-;;
493;Trovan Unique;"0006B3A9DA";14.06.2018;17:48:11;;-;-;;
494;Trovan Unique;"0006B3A9DA";14.06.2018;17:48:12;;-;-;;
495;Trovan Unique;"0006B3A9DA";14.06.2018;17:48:13;;-;-;;
496;Trovan Unique;"0006B3A9DA";14.06.2018;17:48:14;;-;-;;
497;Trovan Unique;"0006B3A9DA";14.06.2018;17:48:15;;-;-;;
498;Trovan Unique;"0006B3A9DA";14.06.2018;17:48:16;;-;-;;
499;Trovan Unique;"0006B3A9DA";14.06.2018;17:48:17;;-;-;;
500;Trovan Unique;"0006B3A9DA";14.06.2018;17:48:18;;-;-;;
501;Trovan Unique;"0006B3A9DA";14.06.2018;17:48:19;;-;-;;
502;Trovan Unique;"0006B3A9DA";14.06.2018;17:48:20;;-;-;;
503;Trovan Unique;"0006B3A9DA";14.06.2018;17:48:21;;-;-;;
504;Trovan Unique;"0006B3A9DA";14.06.2018;17:48:22;;-;-;;
505;Trovan Unique;"0006B3A9DA";14.06.2018;17:48:23;;-;-;;
506;Trovan Unique;"0006B3A9DA";14.06.2018;17:48:24;;-;-;;
507;Trovan Unique;"0006B3A9DA";14.06.2018;17:48:26;;-;-;;
508;Trovan Unique;"0006B3A9DA";14.06.2018;17:48:27;;-;-;;
509;Trovan Unique;"0006B3A9DA";14.06.2018;17:48:28;;-;-;;
510;Trovan Unique;"0006B3A9DA";14.06.2018;17:48:29;;-;-;;
511;Trovan Unique;"0006B3A9DA";14.06.2018;17:48:30;;-;-;;
512;Trovan Unique;"0006B3A9DA";14.06.2018;17:48:31;;-;-;;
513;Trovan Unique;"0006B3A9DA";14.06.2018;17:48:32;;-;-;;
514;Trovan Unique;"0006B3A9DA";14.06.2018;17:48:33;;-;-;;
515;Trovan Unique;"0006B3A9DA";14.06.2018;17:48:34;;-;-;;
516;Trovan Unique;"0006B3A9DA";14.06.2018;17:48:35;;-;-;;
517;Trovan Unique;"0006B3A9DA";14.06.2018;17:48:36;;-;-;;
518;Trovan Unique;"0006B3A9DA";14.06.2018;17:48:37;;-;-;;
519;Trovan Unique;"0006B3A9DA";14.06.2018;17:48:38;;-;-;;
520;Trovan Unique;"0006B3A9DA";14.06.2018;17:48:39;;-;-;;
521;Trovan Unique;"0006B3A9DA";14.06.2018;17:48:40;;-;-;;
522;Trovan Unique;"0006B3A9DA";14.06.2018;17:48:41;;-;-;;
523;Trovan Unique;"0006B3A9DA";14.06.2018;17:48:42;;-;-;;
524;Trovan Unique;"0006B3A9DA";14.06.2018;17:48:43;;-;-;;
525;Trovan Unique;"0006B3A9DA";14.06.2018;17:48:44;;-;-;;
526;Trovan Unique;"0006B3A9DA";14.06.2018;17:48:45;;-;-;;
527;Trovan Unique;"0006B3A9DA";14.06.2018;17:48:46;;-;-;;
528;Trovan Unique;"0006B3A9DA";14.06.2018;17:48:47;;-;-;;
529;Trovan Unique;"0006B3A9DA";14.06.2018;17:48:48;;-;-;;
530;Trovan Unique;"0006B3A9DA";14.06.2018;17:48:49;;-;-;;
531;Trovan Unique;"0006B3A9DA";14.06.2018;17:48:50;;-;-;;
532;Trovan Unique;"0006B3A9DA";14.06.2018;17:48:51;;-;-;;
533;Trovan Unique;"0006B3A9DA";14.06.2018;17:48:52;;-;-;;
534;Trovan Unique;"0006B3A9DA";14.06.2018;17:48:53;;-;-;;
535;Trovan Unique;"0006B3A9DA";14.06.2018;17:48:54;;-;-;;
536;Trovan Unique;"0006B3A9DA";14.06.2018;17:48:55;;-;-;;
537;Trovan Unique;"0006B3A9DA";14.06.2018;17:48:56;;-;-;;
538;Trovan Unique;"0006B3A9DA";14.06.2018;17:48:57;;-;-;;
539;Trovan Unique;"0006B3A9DA";14.06.2018;17:48:58;;-;-;;
540;Trovan Unique;"0006B3A9DA";14.06.2018;17:48:59;;-;-;;
541;Trovan Unique;"0006B3A9DA";14.06.2018;17:49:00;;-;-;;
542;Trovan Unique;"0006B3A9DA";14.06.2018;17:49:01;;-;-;;
543;Trovan Unique;"0006B3A9DA";14.06.2018;17:49:02;;-;-;;
544;Trovan Unique;"0006B3A9DA";14.06.2018;17:49:03;;-;-;;
545;Trovan Unique;"0006B3A9DA";14.06.2018;17:49:04;;-;-;;
546;Trovan Unique;"0006B3A9DA";14.06.2018;17:49:05;;-;-;;
547;Trovan Unique;"0006B3A9DA";14.06.2018;17:49:06;;-;-;;
548;Trovan Unique;"0006B3A9DA";14.06.2018;17:49:07;;-;-;;
549;Trovan Unique;"0006B3A9DA";14.06.2018;17:49:08;;-;-;;
550;Trovan Unique;"0006B3A9DA";14.06.2018;17:49:09;;-;-;;
551;Trovan Unique;"0006B3A9DA";14.06.2018;17:49:10;;-;-;;
552;Trovan Unique;"0006B3A9DA";14.06.2018;17:49:11;;-;-;;
553;Trovan Unique;"0006B3A9DA";14.06.2018;17:49:12;;-;-;;
554;Trovan Unique;"0006B3A9DA";14.06.2018;17:49:13;;-;-;;
555;Trovan Unique;"0006B3A9DA";14.06.2018;17:49:14;;-;-;;
556;Trovan Unique;"0006B3A9DA";14.06.2018;17:49:15;;-;-;;
557;Trovan Unique;"0006B3A9DA";14.06.2018;17:49:16;;-;-;;
558;Trovan Unique;"0006B3A9DA";14.06.2018;17:49:17;;-;-;;
559;Trovan Unique;"0006B3A9DA";14.06.2018;17:49:18;;-;-;;
560;Trovan Unique;"0006B3A9DA";14.06.2018;17:49:19;;-;-;;
561;Trovan Unique;"0006B3A9DA";14.06.2018;17:49:20;;-;-;;
562;Trovan Unique;"0006B3A9DA";14.06.2018;17:49:21;;-;-;;
563;Trovan Unique;"0006B3A9DA";14.06.2018;17:49:22;;-;-;;
564;Trovan Unique;"0006B3A9DA";14.06.2018;17:49:23;;-;-;;
565;Trovan Unique;"0006B3A9DA";14.06.2018;17:49:24;;-;-;;
566;Trovan Unique;"0006B3A9DA";14.06.2018;17:49:25;;-;-;;
567;Trovan Unique;"0006B3A9DA";14.06.2018;17:49:26;;-;-;;
568;Trovan Unique;"0006B3A9DA";14.06.2018;17:49:27;;-;-;;
569;Trovan Unique;"0006B3A9DA";14.06.2018;17:49:28;;-;-;;
570;Trovan Unique;"0006B3A9DA";14.06.2018;17:49:29;;-;-;;
571;Trovan Unique;"0006B3A9DA";14.06.2018;17:49:30;;-;-;;
572;Trovan Unique;"0006B3A9DA";14.06.2018;17:49:31;;-;-;;
573;Trovan Unique;"0006B3A9DA";14.06.2018;17:49:32;;-;-;;
574;Trovan Unique;"0006B3A9DA";14.06.2018;17:49:33;;-;-;;
575;Trovan Unique;"0006B3A9DA";14.06.2018;17:49:34;;-;-;;
576;Trovan Unique;"0006B3A9DA";14.06.2018;17:49:35;;-;-;;
577;Trovan Unique;"0006B3A9DA";14.06.2018;17:49:36;;-;-;;
578;Trovan Unique;"0006B3A9DA";14.06.2018;17:49:37;;-;-;;
579;Trovan Unique;"0006B3A9DA";14.06.2018;17:49:38;;-;-;;
580;Trovan Unique;"0006B3A9DA";14.06.2018;17:49:39;;-;-;;
581;Trovan Unique;"0006B3A9DA";14.06.2018;17:49:40;;-;-;;
582;Trovan Unique;"0006B3A9DA";14.06.2018;17:49:41;;-;-;;
583;Trovan Unique;"0006B3A9DA";14.06.2018;17:49:42;;-;-;;
584;Trovan Unique;"0006B3A9DA";14.06.2018;17:49:43;;-;-;;
585;Trovan Unique;"0006B3A9DA";14.06.2018;17:49:44;;-;-;;
586;Trovan Unique;"0006B3A9DA";14.06.2018;17:49:45;;-;-;;
587;Trovan Unique;"0006B3A9DA";14.06.2018;17:49:46;;-;-;;
588;Trovan Unique;"0006B3A9DA";14.06.2018;17:49:47;;-;-;;
589;Trovan Unique;"0006B3A9DA";14.06.2018;17:49:48;;-;-;;
590;Trovan Unique;"0006B3A9DA";14.06.2018;17:49:49;;-;-;;
591;Trovan Unique;"0006B3A9DA";14.06.2018;17:49:50;;-;-;;
592;Trovan Unique;"0006B3A9DA";14.06.2018;17:49:51;;-;-;;
593;Trovan Unique;"0006B3A9DA";14.06.2018;17:49:52;;-;-;;
594;Trovan Unique;"0006B3A9DA";14.06.2018;17:49:53;;-;-;;
595;Trovan Unique;"0006B3A9DA";14.06.2018;17:49:54;;-;-;;
596;Trovan Unique;"0006B3A9DA";14.06.2018;17:49:55;;-;-;;
597;Trovan Unique;"0006B3A9DA";14.06.2018;17:49:56;;-;-;;
598;Trovan Unique;"0006B3A9DA";14.06.2018;17:49:57;;-;-;;
599;Trovan Unique;"0006B3A9DA";14.06.2018;17:49:58;;-;-;;
600;Trovan Unique;"0006B3A9DA";14.06.2018;17:49:59;;-;-;;
601;Trovan Unique;"0006B3A9DA";14.06.2018;17:50:00;;-;-;;
602;Trovan Unique;"0006B3A9DA";14.06.2018;17:50:01;;-;-;;
603;Trovan Unique;"0006B3A9DA";14.06.2018;17:50:02;;-;-;;
604;Trovan Unique;"0006B3A9DA";14.06.2018;17:50:03;;-;-;;
605;Trovan Unique;"0006B3A9DA";14.06.2018;17:50:04;;-;-;;
606;Trovan Unique;"0006B3A9DA";14.06.2018;17:50:05;;-;-;;
607;Trovan Unique;"0006B3A9DA";14.06.2018;17:50:06;;-;-;;
608;Trovan Unique;"0006B3A9DA";14.06.2018;17:50:07;;-;-;;
609;Trovan Unique;"0006B3A9DA";14.06.2018;17:50:08;;-;-;;
610;Trovan Unique;"0006B3A9DA";14.06.2018;17:50:09;;-;-;;
611;Trovan Unique;"0006B3A9DA";14.06.2018;17:50:10;;-;-;;
612;Trovan Unique;"0006B3A9DA";14.06.2018;17:50:11;;-;-;;
613;Trovan Unique;"0006B3A9DA";14.06.2018;17:50:12;;-;-;;
614;Trovan Unique;"0006B3A9DA";14.06.2018;17:50:13;;-;-;;
615;Trovan Unique;"0006B3A9DA";14.06.2018;17:50:14;;-;-;;
616;Trovan Unique;"0006B3A9DA";14.06.2018;17:50:15;;-;-;;
617;Trovan Unique;"0006B3A9DA";14.06.2018;17:50:16;;-;-;;
618;Trovan Unique;"0006B3A9DA";14.06.2018;17:50:17;;-;-;;
619;Trovan Unique;"0006B3A9DA";14.06.2018;17:50:18;;-;-;;
620;Trovan Unique;"0006B3A9DA";14.06.2018;17:50:19;;-;-;;
621;Trovan Unique;"0006B3A9DA";14.06.2018;17:50:20;;-;-;;
622;Trovan Unique;"0006B3A9DA";14.06.2018;17:50:21;;-;-;;
623;Trovan Unique;"0006B3A9DA";14.06.2018;17:50:22;;-;-;;
624;Trovan Unique;"0006B3A9DA";14.06.2018;17:50:23;;-;-;;
625;Trovan Unique;"0006B3A9DA";14.06.2018;17:50:24;;-;-;;
626;Trovan Unique;"0006B3A9DA";14.06.2018;17:50:25;;-;-;;
627;Trovan Unique;"0006B3A9DA";14.06.2018;17:50:26;;-;-;;
628;Trovan Unique;"0006B3A9DA";14.06.2018;17:50:27;;-;-;;
629;Trovan Unique;"0006B3A9DA";14.06.2018;17:50:29;;-;-;;
630;Trovan Unique;"0006B3A9DA";14.06.2018;17:50:30;;-;-;;
631;Trovan Unique;"0006B3A9DA";14.06.2018;17:50:31;;-;-;;
632;Trovan Unique;"0006B3A9DA";14.06.2018;17:50:32;;-;-;;
633;Trovan Unique;"0006B3A9DA";14.06.2018;17:50:33;;-;-;;
634;Trovan Unique;"0006B3A9DA";14.06.2018;17:50:34;;-;-;;
635;Trovan Unique;"0006B3A9DA";14.06.2018;17:50:35;;-;-;;
636;Trovan Unique;"0006B3A9DA";14.06.2018;17:50:36;;-;-;;
637;Trovan Unique;"0006B3A9DA";14.06.2018;17:50:37;;-;-;;
638;Trovan Unique;"0006B3A9DA";14.06.2018;17:50:38;;-;-;;
639;Trovan Unique;"0006B3A9DA";14.06.2018;17:50:39;;-;-;;
640;Trovan Unique;"0006B3A9DA";14.06.2018;17:50:40;;-;-;;
641;Trovan Unique;"0006B3A9DA";14.06.2018;17:50:41;;-;-;;
642;Trovan Unique;"0006B3A9DA";14.06.2018;17:50:42;;-;-;;
643;Trovan Unique;"0006B3A9DA";14.06.2018;17:50:43;;-;-;;
644;Trovan Unique;"0006B3A9DA";14.06.2018;17:50:44;;-;-;;
645;Trovan Unique;"0006B3A9DA";14.06.2018;17:50:45;;-;-;;
646;Trovan Unique;"0006B3A9DA";14.06.2018;17:50:46;;-;-;;
647;Trovan Unique;"0006B3A9DA";14.06.2018;17:50:47;;-;-;;
648;Trovan Unique;"0006B3A9DA";14.06.2018;17:50:48;;-;-;;
649;Trovan Unique;"0006B3A9DA";14.06.2018;17:50:49;;-;-;;
650;Trovan Unique;"0006B3A9DA";14.06.2018;17:50:50;;-;-;;
651;Trovan Unique;"0006B3A9DA";14.06.2018;17:50:51;;-;-;;
652;Trovan Unique;"0006B3A9DA";14.06.2018;17:50:52;;-;-;;
653;Trovan Unique;"0006B3A9DA";14.06.2018;17:50:53;;-;-;;
654;Trovan Unique;"0006B3A9DA";14.06.2018;17:50:54;;-;-;;
655;Trovan Unique;"0006B3A9DA";14.06.2018;17:50:55;;-;-;;
656;Trovan Unique;"0006B3A9DA";14.06.2018;17:50:56;;-;-;;
657;Trovan Unique;"0006B3A9DA";14.06.2018;17:50:57;;-;-;;
658;Trovan Unique;"0006B3A9DA";14.06.2018;17:50:58;;-;-;;
659;Trovan Unique;"0006B3A9DA";14.06.2018;17:50:59;;-;-;;
660;Trovan Unique;"0006B3A9DA";14.06.2018;17:51:00;;-;-;;
661;Trovan Unique;"0006B3A9DA";14.06.2018;17:51:01;;-;-;;
662;Trovan Unique;"0006B3A9DA";14.06.2018;17:51:02;;-;-;;
663;Trovan Unique;"0006B3A9DA";14.06.2018;17:51:03;;-;-;;
664;Trovan Unique;"0006B3A9DA";14.06.2018;17:51:04;;-;-;;
665;Trovan Unique;"0006B3A9DA";14.06.2018;17:51:05;;-;-;;
666;Trovan Unique;"0006B3A9DA";14.06.2018;17:51:06;;-;-;;
667;Trovan Unique;"0006B3A9DA";14.06.2018;17:51:07;;-;-;;
668;Trovan Unique;"0006B3A9DA";14.06.2018;17:51:08;;-;-;;
669;Trovan Unique;"0006B3A9DA";14.06.2018;17:51:09;;-;-;;
670;Trovan Unique;"0006B3A9DA";14.06.2018;17:51:10;;-;-;;
671;Trovan Unique;"0006B3A9DA";14.06.2018;17:51:11;;-;-;;
672;Trovan Unique;"0006B3A9DA";14.06.2018;17:51:12;;-;-;;
673;Trovan Unique;"0006B3A9DA";14.06.2018;17:51:13;;-;-;;
674;Trovan Unique;"0006B3A9DA";14.06.2018;17:51:14;;-;-;;
675;Trovan Unique;"0006B3A9DA";14.06.2018;17:51:15;;-;-;;
676;Trovan Unique;"0006B3A9DA";14.06.2018;17:51:16;;-;-;;
677;Trovan Unique;"0006B3A9DA";14.06.2018;17:51:17;;-;-;;
678;Trovan Unique;"0006B3A9DA";14.06.2018;17:51:18;;-;-;;
679;Trovan Unique;"0006B3A9DA";14.06.2018;17:51:19;;-;-;;
680;Trovan Unique;"0006B3A9DA";14.06.2018;17:51:20;;-;-;;
681;Trovan Unique;"0006B3A9DA";14.06.2018;17:51:21;;-;-;;
682;Trovan Unique;"0006B3A9DA";14.06.2018;17:51:22;;-;-;;
683;Trovan Unique;"0006B3A9DA";14.06.2018;17:51:23;;-;-;;
684;Trovan Unique;"0006B3A9DA";14.06.2018;17:51:24;;-;-;;
685;Trovan Unique;"0006B3A9DA";14.06.2018;17:51:25;;-;-;;
686;Trovan Unique;"0006B3A9DA";14.06.2018;17:51:26;;-;-;;
687;Trovan Unique;"0006B3A9DA";14.06.2018;17:51:27;;-;-;;
688;Trovan Unique;"0006B3A9DA";14.06.2018;17:51:28;;-;-;;
689;Trovan Unique;"0006B3A9DA";14.06.2018;17:51:29;;-;-;;
690;Trovan Unique;"0006B3A9DA";14.06.2018;17:51:30;;-;-;;
691;Trovan Unique;"0006B3A9DA";14.06.2018;17:51:31;;-;-;;
692;Trovan Unique;"0006B3A9DA";14.06.2018;17:51:32;;-;-;;
693;Trovan Unique;"0006B3A9DA";14.06.2018;17:51:33;;-;-;;
694;Trovan Unique;"0006B3A9DA";14.06.2018;17:51:34;;-;-;;
695;Trovan Unique;"0006B3A9DA";14.06.2018;17:51:35;;-;-;;
696;Trovan Unique;"0006B3A9DA";14.06.2018;17:51:36;;-;-;;
697;Trovan Unique;"0006B3A9DA";14.06.2018;17:51:37;;-;-;;
698;Trovan Unique;"0006B3A9DA";14.06.2018;17:51:38;;-;-;;
699;Trovan Unique;"0006B3A9DA";14.06.2018;17:51:39;;-;-;;
700;Trovan Unique;"0006B3A9DA";14.06.2018;17:51:40;;-;-;;
701;Trovan Unique;"0006B3A9DA";14.06.2018;17:51:41;;-;-;;
702;Trovan Unique;"0006B3A9DA";14.06.2018;17:51:42;;-;-;;
703;Trovan Unique;"0006B3A9DA";14.06.2018;17:51:43;;-;-;;
704;Trovan Unique;"0006B3A9DA";14.06.2018;17:51:44;;-;-;;
705;Trovan Unique;"0006B3A9DA";14.06.2018;17:51:45;;-;-;;
706;Trovan Unique;"0006B3A9DA";14.06.2018;17:51:46;;-;-;;
707;Trovan Unique;"0006B3A9DA";14.06.2018;17:51:47;;-;-;;
708;Trovan Unique;"0006B3A9DA";14.06.2018;17:51:48;;-;-;;
709;Trovan Unique;"0006B3A9DA";14.06.2018;17:51:49;;-;-;;
710;Trovan Unique;"0006B3A9DA";14.06.2018;17:51:50;;-;-;;
711;Trovan Unique;"0006B3A9DA";14.06.2018;17:51:51;;-;-;;
712;Trovan Unique;"0006B3A9DA";14.06.2018;17:51:52;;-;-;;
713;Trovan Unique;"0006B3A9DA";14.06.2018;17:51:53;;-;-;;
714;Trovan Unique;"0006B3A9DA";14.06.2018;17:51:55;;-;-;;
715;Trovan Unique;"0006B3A9DA";14.06.2018;17:51:56;;-;-;;
716;Trovan Unique;"0006B3A9DA";14.06.2018;17:51:57;;-;-;;
717;Trovan Unique;"0006B3A9DA";14.06.2018;17:51:58;;-;-;;
718;Trovan Unique;"0006B3A9DA";14.06.2018;17:51:59;;-;-;;
719;Trovan Unique;"0006B3A9DA";14.06.2018;17:52:00;;-;-;;
720;Trovan Unique;"0006B3A9DA";14.06.2018;17:52:01;;-;-;;
721;Trovan Unique;"0006B3A9DA";14.06.2018;17:52:02;;-;-;;
722;Trovan Unique;"0006B3A9DA";14.06.2018;17:52:03;;-;-;;
723;Trovan Unique;"0006B3A9DA";14.06.2018;17:52:04;;-;-;;
724;Trovan Unique;"0006B3A9DA";14.06.2018;17:52:05;;-;-;;
725;Trovan Unique;"0006B3A9DA";14.06.2018;17:52:06;;-;-;;
726;Trovan Unique;"0006B3A9DA";14.06.2018;17:52:07;;-;-;;
727;Trovan Unique;"0006B3A9DA";14.06.2018;17:52:08;;-;-;;
728;Trovan Unique;"0006B3A9DA";14.06.2018;17:52:09;;-;-;;
729;Trovan Unique;"0006B3A9DA";14.06.2018;17:52:10;;-;-;;
730;Trovan Unique;"0006B3A9DA";14.06.2018;17:52:11;;-;-;;
731;Trovan Unique;"0006B3A9DA";14.06.2018;17:52:12;;-;-;;
732;Trovan Unique;"0006B3A9DA";14.06.2018;17:52:13;;-;-;;
733;Trovan Unique;"0006B3A9DA";14.06.2018;17:52:14;;-;-;;
734;Trovan Unique;"0006B3A9DA";14.06.2018;17:52:15;;-;-;;
735;Trovan Unique;"0006B3A9DA";14.06.2018;17:52:16;;-;-;;
736;Trovan Unique;"0006B3A9DA";14.06.2018;17:52:17;;-;-;;
737;Trovan Unique;"0006B3A9DA";14.06.2018;17:52:18;;-;-;;
738;Trovan Unique;"0006B3A9DA";14.06.2018;17:52:19;;-;-;;
739;Trovan Unique;"0006B3A9DA";14.06.2018;17:52:20;;-;-;;
740;Trovan Unique;"0006B3A9DA";14.06.2018;17:52:21;;-;-;;
741;Trovan Unique;"0006B3A9DA";14.06.2018;17:52:22;;-;-;;
742;Trovan Unique;"0006B3A9DA";14.06.2018;17:52:23;;-;-;;
743;Trovan Unique;"0006B3A9DA";14.06.2018;17:52:24;;-;-;;
744;Trovan Unique;"0006B3A9DA";14.06.2018;17:52:25;;-;-;;
745;Trovan Unique;"0006B3A9DA";14.06.2018;17:52:26;;-;-;;
746;Trovan Unique;"0006B3A9DA";14.06.2018;17:52:27;;-;-;;
747;Trovan Unique;"0006B3A9DA";14.06.2018;17:52:28;;-;-;;
748;Trovan Unique;"0006B3A9DA";14.06.2018;17:52:29;;-;-;;
749;Trovan Unique;"0006B3A9DA";14.06.2018;17:52:30;;-;-;;
750;Trovan Unique;"0006B3A9DA";14.06.2018;17:52:31;;-;-;;
751;Trovan Unique;"0006B3A9DA";14.06.2018;17:52:32;;-;-;;
752;Trovan Unique;"0006B3A9DA";14.06.2018;17:52:33;;-;-;;
753;Trovan Unique;"0006B3A9DA";14.06.2018;17:52:34;;-;-;;
754;Trovan Unique;"0006B3A9DA";14.06.2018;17:52:35;;-;-;;
755;Trovan Unique;"0006B3A9DA";14.06.2018;17:52:36;;-;-;;
756;Trovan Unique;"0006B3A9DA";14.06.2018;17:52:37;;-;-;;
757;Trovan Unique;"0006B3A9DA";14.06.2018;17:52:38;;-;-;;
758;Trovan Unique;"0006B3A9DA";14.06.2018;17:52:39;;-;-;;
759;Trovan Unique;"0006B3A9DA";14.06.2018;17:52:40;;-;-;;
760;Trovan Unique;"0006B3A9DA";14.06.2018;17:52:41;;-;-;;
761;Trovan Unique;"0006B3A9DA";14.06.2018;17:52:42;;-;-;;
762;Trovan Unique;"0006B3A9DA";14.06.2018;17:52:43;;-;-;;
763;Trovan Unique;"0006B3A9DA";14.06.2018;17:52:44;;-;-;;
764;Trovan Unique;"0006B3A9DA";14.06.2018;17:52:45;;-;-;;
765;Trovan Unique;"0006B3A9DA";14.06.2018;17:52:46;;-;-;;
766;Trovan Unique;"0006B3A9DA";14.06.2018;17:52:47;;-;-;;
767;Trovan Unique;"0006B3A9DA";14.06.2018;17:52:48;;-;-;;
768;Trovan Unique;"0006B3A9DA";14.06.2018;17:52:49;;-;-;;
769;Trovan Unique;"0006B3A9DA";14.06.2018;17:52:50;;-;-;;
770;Trovan Unique;"0006B3A9DA";14.06.2018;17:52:51;;-;-;;
771;Trovan Unique;"0006B3A9DA";14.06.2018;17:52:52;;-;-;;
772;Trovan Unique;"0006B3A9DA";14.06.2018;17:52:53;;-;-;;
773;Trovan Unique;"0006B3A9DA";14.06.2018;17:52:54;;-;-;;
774;Trovan Unique;"0006B3A9DA";14.06.2018;17:52:55;;-;-;;
775;Trovan Unique;"0006B3A9DA";14.06.2018;17:52:56;;-;-;;
776;Trovan Unique;"0006B3A9DA";14.06.2018;17:52:57;;-;-;;
777;Trovan Unique;"0006B3A9DA";14.06.2018;17:52:58;;-;-;;
778;Trovan Unique;"0006B3A9DA";14.06.2018;17:52:59;;-;-;;
779;Trovan Unique;"0006B3A9DA";14.06.2018;17:53:00;;-;-;;
780;Trovan Unique;"0006B3A9DA";14.06.2018;17:53:01;;-;-;;
781;Trovan Unique;"0006B3A9DA";14.06.2018;17:53:02;;-;-;;
782;Trovan Unique;"0006B3A9DA";14.06.2018;17:53:03;;-;-;;
783;Trovan Unique;"0006B3A9DA";14.06.2018;17:53:04;;-;-;;
784;Trovan Unique;"0006B3A9DA";14.06.2018;17:53:05;;-;-;;
785;Trovan Unique;"0006B3A9DA";14.06.2018;17:53:06;;-;-;;
786;Trovan Unique;"0006B3A9DA";14.06.2018;17:53:07;;-;-;;
787;Trovan Unique;"0006B3A9DA";14.06.2018;17:53:08;;-;-;;
788;Trovan Unique;"0006B3A9DA";14.06.2018;17:53:09;;-;-;;
789;Trovan Unique;"0006B3A9DA";14.06.2018;17:53:10;;-;-;;
790;Trovan Unique;"0006B3A9DA";14.06.2018;17:53:11;;-;-;;
791;Trovan Unique;"0006B3A9DA";14.06.2018;17:53:12;;-;-;;
792;Trovan Unique;"0006B3A9DA";14.06.2018;17:53:13;;-;-;;
793;Trovan Unique;"0006B3A9DA";14.06.2018;17:53:14;;-;-;;
794;Trovan Unique;"0006B3A9DA";14.06.2018;17:53:15;;-;-;;
795;Trovan Unique;"0006B3A9DA";14.06.2018;17:53:16;;-;-;;
796;Trovan Unique;"0006B3A9DA";14.06.2018;17:53:17;;-;-;;
797;Trovan Unique;"0006B3A9DA";14.06.2018;17:53:18;;-;-;;
798;Trovan Unique;"0006B3A9DA";14.06.2018;17:53:19;;-;-;;
799;Trovan Unique;"0006B3A9DA";14.06.2018;17:53:20;;-;-;;
800;Trovan Unique;"0006B3A9DA";14.06.2018;17:53:22;;-;-;;
801;Trovan Unique;"0006B3A9DA";14.06.2018;17:53:23;;-;-;;
802;Trovan Unique;"0006B3A9DA";14.06.2018;17:53:24;;-;-;;
803;Trovan Unique;"0006B3A9DA";14.06.2018;17:53:25;;-;-;;
804;Trovan Unique;"0006B3A9DA";14.06.2018;17:53:26;;-;-;;
805;Trovan Unique;"0006B3A9DA";14.06.2018;17:53:27;;-;-;;
806;Trovan Unique;"0006B3A9DA";14.06.2018;17:53:28;;-;-;;
807;Trovan Unique;"0006B3A9DA";14.06.2018;17:53:29;;-;-;;
808;Trovan Unique;"0006B3A9DA";14.06.2018;17:53:30;;-;-;;
809;Trovan Unique;"0006B3A9DA";14.06.2018;17:53:31;;-;-;;
810;Trovan Unique;"0006B3A9DA";14.06.2018;17:53:32;;-;-;;
811;Trovan Unique;"0006B3A9DA";14.06.2018;17:53:33;;-;-;;
812;Trovan Unique;"0006B3A9DA";14.06.2018;17:53:34;;-;-;;
813;Trovan Unique;"0006B3A9DA";14.06.2018;17:53:35;;-;-;;
814;Trovan Unique;"0006B3A9DA";14.06.2018;17:53:36;;-;-;;
815;Trovan Unique;"0006B3A9DA";14.06.2018;17:53:37;;-;-;;
816;Trovan Unique;"0006B3A9DA";14.06.2018;17:53:38;;-;-;;
817;Trovan Unique;"0006B3A9DA";14.06.2018;17:53:39;;-;-;;
818;Trovan Unique;"0006B3A9DA";14.06.2018;17:53:40;;-;-;;
819;Trovan Unique;"0006B3A9DA";14.06.2018;17:53:41;;-;-;;
820;Trovan Unique;"0006B3A9DA";14.06.2018;17:53:42;;-;-;;
821;Trovan Unique;"0006B3A9DA";14.06.2018;17:53:43;;-;-;;
822;Trovan Unique;"0006B3A9DA";14.06.2018;17:53:44;;-;-;;
823;Trovan Unique;"0006B3A9DA";14.06.2018;17:53:45;;-;-;;
824;Trovan Unique;"0006B3A9DA";14.06.2018;17:53:46;;-;-;;
825;Trovan Unique;"0006B3A9DA";14.06.2018;17:53:47;;-;-;;
826;Trovan Unique;"0006B3A9DA";14.06.2018;17:53:48;;-;-;;
827;Trovan Unique;"0006B3A9DA";14.06.2018;17:53:49;;-;-;;
828;Trovan Unique;"0006B3A9DA";14.06.2018;17:53:50;;-;-;;
829;Trovan Unique;"0006B3A9DA";14.06.2018;17:53:51;;-;-;;
830;Trovan Unique;"0006B3A9DA";14.06.2018;17:53:52;;-;-;;
831;Trovan Unique;"0006B3A9DA";14.06.2018;17:53:53;;-;-;;
832;Trovan Unique;"0006B3A9DA";14.06.2018;17:53:54;;-;-;;
833;Trovan Unique;"0006B3A9DA";14.06.2018;17:53:55;;-;-;;
834;Trovan Unique;"0006B3A9DA";14.06.2018;17:53:56;;-;-;;
835;Trovan Unique;"0006B3A9DA";14.06.2018;17:53:57;;-;-;;
836;Trovan Unique;"0006B3A9DA";14.06.2018;17:53:58;;-;-;;
837;Trovan Unique;"0006B3A9DA";14.06.2018;17:53:59;;-;-;;
838;Trovan Unique;"0006B3A9DA";14.06.2018;17:54:00;;-;-;;
839;Trovan Unique;"0006B3A9DA";14.06.2018;17:54:01;;-;-;;
840;Trovan Unique;"0006B3A9DA";14.06.2018;17:54:02;;-;-;;
841;Trovan Unique;"0006B3A9DA";14.06.2018;17:54:03;;-;-;;
842;Trovan Unique;"0006B3A9DA";14.06.2018;17:54:04;;-;-;;
843;Trovan Unique;"0006B3A9DA";14.06.2018;17:54:05;;-;-;;
844;Trovan Unique;"0006B3A9DA";14.06.2018;17:54:06;;-;-;;
845;Trovan Unique;"0006B3A9DA";14.06.2018;17:54:07;;-;-;;
846;Trovan Unique;"0006B3A9DA";14.06.2018;17:54:08;;-;-;;
847;Trovan Unique;"0006B3A9DA";14.06.2018;17:54:09;;-;-;;
848;Trovan Unique;"0006B3A9DA";14.06.2018;17:54:10;;-;-;;
849;Trovan Unique;"0006B3A9DA";14.06.2018;17:54:11;;-;-;;
850;Trovan Unique;"0006B3A9DA";14.06.2018;17:54:12;;-;-;;
851;Trovan Unique;"0006B3A9DA";14.06.2018;17:54:13;;-;-;;
852;Trovan Unique;"0006B3A9DA";14.06.2018;17:54:14;;-;-;;
853;Trovan Unique;"0006B3A9DA";14.06.2018;17:54:15;;-;-;;
854;Trovan Unique;"0006B3A9DA";14.06.2018;17:54:16;;-;-;;
855;Trovan Unique;"0006B3A9DA";14.06.2018;17:54:17;;-;-;;
856;Trovan Unique;"0006B3A9DA";14.06.2018;17:54:18;;-;-;;
857;Trovan Unique;"0006B3A9DA";14.06.2018;17:54:19;;-;-;;
858;Trovan Unique;"0006B3A9DA";14.06.2018;17:54:20;;-;-;;
859;Trovan Unique;"0006B3A9DA";14.06.2018;17:54:21;;-;-;;
860;Trovan Unique;"0006B3A9DA";14.06.2018;17:54:22;;-;-;;
861;Trovan Unique;"0006B3A9DA";14.06.2018;17:54:23;;-;-;;
862;Trovan Unique;"0006B3A9DA";14.06.2018;17:54:24;;-;-;;
863;Trovan Unique;"0006B3A9DA";14.06.2018;17:54:25;;-;-;;
864;Trovan Unique;"0006B3A9DA";14.06.2018;17:54:26;;-;-;;
865;Trovan Unique;"0006B3A9DA";14.06.2018;17:54:27;;-;-;;
866;Trovan Unique;"0006B3A9DA";14.06.2018;17:54:28;;-;-;;
867;Trovan Unique;"0006B3A9DA";14.06.2018;17:54:29;;-;-;;
868;Trovan Unique;"0006B3A9DA";14.06.2018;17:54:30;;-;-;;
869;Trovan Unique;"0006B3A9DA";14.06.2018;17:54:31;;-;-;;
870;Trovan Unique;"0006B3A9DA";14.06.2018;17:54:32;;-;-;;
871;Trovan Unique;"0006B3A9DA";14.06.2018;17:54:33;;-;-;;
872;Trovan Unique;"0006B3A9DA";14.06.2018;17:54:34;;-;-;;
873;Trovan Unique;"0006B3A9DA";14.06.2018;17:54:35;;-;-;;
874;Trovan Unique;"0006B3A9DA";14.06.2018;17:54:36;;-;-;;
875;Trovan Unique;"0006B3A9DA";14.06.2018;17:54:37;;-;-;;
876;Trovan Unique;"0006B3A9DA";14.06.2018;17:54:38;;-;-;;
877;Trovan Unique;"0006B3A9DA";14.06.2018;17:54:39;;-;-;;
878;Trovan Unique;"0006B3A9DA";14.06.2018;17:54:40;;-;-;;
879;Trovan Unique;"0006B3A9DA";14.06.2018;17:54:42;;-;-;;
880;Trovan Unique;"0006B3A9DA";14.06.2018;17:54:43;;-;-;;
881;Trovan Unique;"0006B3A9DA";14.06.2018;17:54:44;;-;-;;
882;Trovan Unique;"0006B3A9DA";14.06.2018;17:54:45;;-;-;;
883;Trovan Unique;"0006B3A9DA";14.06.2018;17:54:45;;-;-;;
884;Trovan Unique;"0006B3A9DA";14.06.2018;17:54:46;;-;-;;
885;Trovan Unique;"0006B3A9DA";14.06.2018;17:54:47;;-;-;;
886;Trovan Unique;"0006B3A9DA";14.06.2018;17:54:48;;-;-;;
887;Trovan Unique;"0006B3A9DA";14.06.2018;17:54:49;;-;-;;
888;Trovan Unique;"0006B3A9DA";14.06.2018;17:54:50;;-;-;;
889;Trovan Unique;"0006B3A9DA";14.06.2018;17:54:51;;-;-;;
890;Trovan Unique;"0006B3A9DA";14.06.2018;17:54:53;;-;-;;
891;Trovan Unique;"0006B3A9DA";14.06.2018;17:54:54;;-;-;;
892;Trovan Unique;"0006B3A9DA";14.06.2018;17:54:55;;-;-;;
893;Trovan Unique;"0006B3A9DA";14.06.2018;17:54:56;;-;-;;
894;Trovan Unique;"0006B3A9DA";14.06.2018;17:54:57;;-;-;;
895;Trovan Unique;"0006B3A9DA";14.06.2018;17:54:58;;-;-;;
896;Trovan Unique;"0006B3A9DA";14.06.2018;17:54:59;;-;-;;
897;Trovan Unique;"0006B3A9DA";14.06.2018;17:55:00;;-;-;;
898;Trovan Unique;"0006B3A9DA";14.06.2018;17:55:01;;-;-;;
899;Trovan Unique;"0006B3A9DA";14.06.2018;17:55:02;;-;-;;
900;Trovan Unique;"0006B3A9DA";14.06.2018;17:55:03;;-;-;;
901;Trovan Unique;"0006B3A9DA";14.06.2018;17:55:04;;-;-;;
902;Trovan Unique;"0006B3A9DA";14.06.2018;17:55:05;;-;-;;
903;Trovan Unique;"0006B3A9DA";14.06.2018;17:55:06;;-;-;;
904;Trovan Unique;"0006B3A9DA";14.06.2018;17:55:07;;-;-;;
905;Trovan Unique;"0006B3A9DA";14.06.2018;17:55:08;;-;-;;
906;Trovan Unique;"0006B3A9DA";14.06.2018;17:55:09;;-;-;;
907;Trovan Unique;"0006B3A9DA";14.06.2018;17:55:10;;-;-;;
908;Trovan Unique;"0006B3A9DA";14.06.2018;17:55:11;;-;-;;
909;Trovan Unique;"0006B3A9DA";14.06.2018;17:55:12;;-;-;;
910;Trovan Unique;"0006B3A9DA";14.06.2018;17:55:13;;-;-;;
911;Trovan Unique;"0006B3A9DA";14.06.2018;17:55:14;;-;-;;
912;Trovan Unique;"0006B3A9DA";14.06.2018;17:55:15;;-;-;;
913;Trovan Unique;"0006B3A9DA";14.06.2018;17:55:16;;-;-;;
914;Trovan Unique;"0006B3A9DA";14.06.2018;17:55:17;;-;-;;
915;Trovan Unique;"0006B3A9DA";14.06.2018;17:55:18;;-;-;;
916;Trovan Unique;"0006B3A9DA";14.06.2018;17:55:19;;-;-;;
917;Trovan Unique;"0006B3A9DA";14.06.2018;17:55:20;;-;-;;
918;Trovan Unique;"0006B3A9DA";14.06.2018;17:55:26;;-;-;;
919;Trovan Unique;"0006B3A9DA";14.06.2018;17:55:28;;-;-;;
920;Trovan Unique;"0006B3A9DA";14.06.2018;17:55:31;;-;-;;
921;Trovan Unique;"0006B3A9DA";14.06.2018;17:55:32;;-;-;;
922;Trovan Unique;"0006B3A9DA";14.06.2018;17:55:34;;-;-;;
923;Trovan Unique;"0006B3A9DA";14.06.2018;17:55:47;;-;-;;
924;Trovan Unique;"0006B3A9DA";14.06.2018;17:55:52;;-;-;;
925;Trovan Unique;"0006B3A9DA";14.06.2018;17:55:53;;-;-;;
926;Trovan Unique;"0006B3A9DA";14.06.2018;17:55:55;;-;-;;
927;Trovan Unique;"0006B3A9DA";14.06.2018;17:55:57;;-;-;;
928;Trovan Unique;"0006B3A9DA";14.06.2018;17:55:58;;-;-;;
929;Trovan Unique;"0006B3A9DA";14.06.2018;17:55:59;;-;-;;
930;Trovan Unique;"0006B3A9DA";14.06.2018;17:56:01;;-;-;;
931;Trovan Unique;"0006B3A9DA";14.06.2018;17:56:02;;-;-;;
932;Trovan Unique;"0006B3A9DA";14.06.2018;17:56:03;;-;-;;
933;Trovan Unique;"0006B3A9DA";14.06.2018;17:56:04;;-;-;;
934;Trovan Unique;"0006B3A9DA";14.06.2018;17:56:05;;-;-;;
935;Trovan Unique;"0006B3A9DA";14.06.2018;17:56:07;;-;-;;
936;Trovan Unique;"0006B3A9DA";14.06.2018;17:56:08;;-;-;;
937;Trovan Unique;"0006B3A9DA";14.06.2018;17:56:09;;-;-;;
938;Trovan Unique;"0006B3A9DA";14.06.2018;17:56:10;;-;-;;
939;Trovan Unique;"0006B3A9DA";14.06.2018;17:56:11;;-;-;;
940;Trovan Unique;"0006B3A9DA";14.06.2018;17:56:14;;-;-;;
941;Trovan Unique;"0006B3A9DA";14.06.2018;17:56:17;;-;-;;
942;Trovan Unique;"0006B3A9DA";14.06.2018;17:56:19;;-;-;;
943;Trovan Unique;"0006B3A9DA";14.06.2018;17:56:20;;-;-;;
944;Trovan Unique;"0006B3A9DA";14.06.2018;17:56:22;;-;-;;
945;Trovan Unique;"0006B3A9DA";14.06.2018;17:56:23;;-;-;;
946;Trovan Unique;"0006B3A9DA";14.06.2018;17:56:24;;-;-;;
947;Trovan Unique;"0006B3A9DA";14.06.2018;17:56:25;;-;-;;
948;Trovan Unique;"0006B3A9DA";14.06.2018;17:56:26;;-;-;;
949;Trovan Unique;"0006B3A9DA";14.06.2018;17:56:27;;-;-;;
950;Trovan Unique;"0006B3A9DA";14.06.2018;17:56:28;;-;-;;
951;Trovan Unique;"0006B3A9DA";14.06.2018;17:56:30;;-;-;;
952;Trovan Unique;"0006B3A9DA";14.06.2018;17:56:31;;-;-;;
953;Trovan Unique;"0006B3A9DA";14.06.2018;17:56:32;;-;-;;
954;Trovan Unique;"0006B3A9DA";14.06.2018;17:56:33;;-;-;;
955;Trovan Unique;"0006B3A9DA";14.06.2018;17:56:34;;-;-;;
956;Trovan Unique;"0006B3A9DA";14.06.2018;17:56:35;;-;-;;
957;Trovan Unique;"0006B3A9DA";14.06.2018;17:56:36;;-;-;;
958;Trovan Unique;"0006B3A9DA";14.06.2018;17:56:38;;-;-;;
959;Trovan Unique;"0006B3A9DA";14.06.2018;17:56:39;;-;-;;
960;Trovan Unique;"0006B3A9DA";14.06.2018;17:56:45;;-;-;;
961;Trovan Unique;"0006B3A9DA";14.06.2018;17:56:46;;-;-;;
962;Trovan Unique;"0006B3A9DA";14.06.2018;17:56:47;;-;-;;
963;Trovan Unique;"0006B3A9DA";14.06.2018;17:56:49;;-;-;;
964;Trovan Unique;"0006B3A9DA";14.06.2018;17:56:50;;-;-;;
965;Trovan Unique;"0006B3A9DA";14.06.2018;17:56:51;;-;-;;
966;Trovan Unique;"0006B3A9DA";14.06.2018;17:56:52;;-;-;;
967;Trovan Unique;"0006B3A9DA";14.06.2018;17:56:53;;-;-;;
968;Trovan Unique;"0006B3A9DA";14.06.2018;17:56:55;;-;-;;
969;Trovan Unique;"0006B3A9DA";14.06.2018;17:56:56;;-;-;;
970;Trovan Unique;"0006B3A9DA";14.06.2018;17:56:57;;-;-;;
971;Trovan Unique;"0006B3A9DA";14.06.2018;17:56:58;;-;-;;
972;Trovan Unique;"0006B3A9DA";14.06.2018;17:56:59;;-;-;;
973;Trovan Unique;"0006B3A9DA";14.06.2018;17:57:02;;-;-;;
974;Trovan Unique;"0006B3A9DA";14.06.2018;17:57:03;;-;-;;
975;Trovan Unique;"0006B3A9DA";14.06.2018;17:57:04;;-;-;;
976;Trovan Unique;"0006B3A9DA";14.06.2018;17:57:05;;-;-;;
977;Trovan Unique;"0006B3A9DA";14.06.2018;17:57:07;;-;-;;
978;Trovan Unique;"0006B3A9DA";14.06.2018;17:57:08;;-;-;;
979;Trovan Unique;"0006B3A9DA";14.06.2018;17:57:09;;-;-;;
980;Trovan Unique;"0006B3A9DA";14.06.2018;17:57:10;;-;-;;
981;Trovan Unique;"0006B3A9DA";14.06.2018;17:57:11;;-;-;;
982;Trovan Unique;"0006B3A9DA";14.06.2018;17:57:12;;-;-;;
983;Trovan Unique;"0006B3A9DA";14.06.2018;17:57:13;;-;-;;
984;Trovan Unique;"0006B3A9DA";14.06.2018;17:57:14;;-;-;;
985;Trovan Unique;"0006B3A9DA";14.06.2018;17:57:16;;-;-;;
986;Trovan Unique;"0006B3A9DA";14.06.2018;17:57:17;;-;-;;
987;Trovan Unique;"0006B3A9DA";14.06.2018;17:57:18;;-;-;;
988;Trovan Unique;"0006B3A9DA";14.06.2018;17:57:19;;-;-;;
989;Trovan Unique;"0006B3A9DA";14.06.2018;17:57:20;;-;-;;
990;Trovan Unique;"0006B3A9DA";14.06.2018;17:57:21;;-;-;;
991;Trovan Unique;"0006B3A9DA";14.06.2018;17:57:22;;-;-;;
992;Trovan Unique;"0006B3A9DA";14.06.2018;17:57:23;;-;-;;
993;Trovan Unique;"0006B3A9DA";14.06.2018;17:57:24;;-;-;;
994;Trovan Unique;"0006B3A9DA";14.06.2018;17:57:25;;-;-;;
995;Trovan Unique;"0006B3A9DA";14.06.2018;17:57:26;;-;-;;
996;Trovan Unique;"0006B3A9DA";14.06.2018;17:57:27;;-;-;;
997;Trovan Unique;"0006B3A9DA";14.06.2018;17:57:28;;-;-;;
998;Trovan Unique;"0006B3A9DA";14.06.2018;17:57:29;;-;-;;
999;Trovan Unique;"0006B3A9DA";14.06.2018;17:57:30;;-;-;;
1000;Trovan Unique;"0006B3A9DA";14.06.2018;17:57:31;;-;-;;
1001;Trovan Unique;"0006B3A9DA";14.06.2018;17:57:32;;-;-;;
1002;Trovan Unique;"0006B3A9DA";14.06.2018;17:57:33;;-;-;;
1003;Trovan Unique;"0006B3A9DA";14.06.2018;17:57:34;;-;-;;
1004;Trovan Unique;"0006B3A9DA";14.06.2018;17:57:35;;-;-;;
1005;Trovan Unique;"0006B3A9DA";14.06.2018;17:57:37;;-;-;;
1006;Trovan Unique;"0006B3A9DA";14.06.2018;17:57:38;;-;-;;
1007;Trovan Unique;"0006B3A9DA";14.06.2018;17:57:39;;-;-;;
1008;Trovan Unique;"0006B3A9DA";14.06.2018;17:57:40;;-;-;;
1009;Trovan Unique;"0006B3A9DA";14.06.2018;17:57:41;;-;-;;
1010;Trovan Unique;"0006B3A9DA";14.06.2018;17:57:42;;-;-;;
1011;Trovan Unique;"0006B3A9DA";14.06.2018;17:57:43;;-;-;;
1012;Trovan Unique;"0006B3A9DA";14.06.2018;17:57:44;;-;-;;
1013;Trovan Unique;"0006B3A9DA";14.06.2018;17:57:45;;-;-;;
1014;Trovan Unique;"0006B3A9DA";14.06.2018;17:57:46;;-;-;;
1015;Trovan Unique;"0006B3A9DA";14.06.2018;17:57:48;;-;-;;
1016;Trovan Unique;"0006B3A9DA";14.06.2018;17:57:49;;-;-;;
1017;Trovan Unique;"0006B3A9DA";14.06.2018;17:57:50;;-;-;;
1018;Trovan Unique;"0006B3A9DA";14.06.2018;17:57:51;;-;-;;
1019;Trovan Unique;"0006B3A9DA";14.06.2018;17:57:52;;-;-;;
1020;Trovan Unique;"0006B3A9DA";14.06.2018;17:57:54;;-;-;;
1021;Trovan Unique;"0006B3A9DA";14.06.2018;17:57:55;;-;-;;
1022;Trovan Unique;"0006B3A9DA";14.06.2018;17:57:56;;-;-;;
1023;Trovan Unique;"0006B3A9DA";14.06.2018;17:57:57;;-;-;;
1024;Trovan Unique;"0006B3A9DA";14.06.2018;17:57:58;;-;-;;
1025;Trovan Unique;"0006B3A9DA";14.06.2018;17:57:59;;-;-;;
1026;Trovan Unique;"0006B3A9DA";14.06.2018;17:58:00;;-;-;;
1027;Trovan Unique;"0006B3A9DA";14.06.2018;17:58:01;;-;-;;
1028;Trovan Unique;"0006B3A9DA";14.06.2018;17:58:05;;-;-;;
1029;Trovan Unique;"0006B3A9DA";14.06.2018;17:58:06;;-;-;;
1030;Trovan Unique;"0006B3A9DA";14.06.2018;17:58:07;;-;-;;
1031;Trovan Unique;"0006B3A9DA";14.06.2018;17:58:09;;-;-;;
1032;Trovan Unique;"0006B3A9DA";14.06.2018;17:58:10;;-;-;;
1033;Trovan Unique;"0006B3A9DA";14.06.2018;17:58:11;;-;-;;
1034;Trovan Unique;"0006B3A9DA";14.06.2018;17:58:13;;-;-;;
1035;Trovan Unique;"0006B3A9DA";14.06.2018;17:58:14;;-;-;;
1036;Trovan Unique;"0006B3A9DA";14.06.2018;17:58:15;;-;-;;
1037;Trovan Unique;"0006B3A9DA";14.06.2018;17:58:16;;-;-;;
1038;Trovan Unique;"0006B3A9DA";14.06.2018;17:58:17;;-;-;;
1039;Trovan Unique;"0006B3A9DA";14.06.2018;17:58:18;;-;-;;
1040;Trovan Unique;"0006B3A9DA";14.06.2018;17:58:19;;-;-;;
1041;Trovan Unique;"0006B3A9DA";14.06.2018;17:58:20;;-;-;;
1042;Trovan Unique;"0006B3A9DA";14.06.2018;17:58:22;;-;-;;
1043;Trovan Unique;"0006B3A9DA";14.06.2018;17:58:23;;-;-;;
1044;Trovan Unique;"0006B3A9DA";14.06.2018;17:58:24;;-;-;;
1045;Trovan Unique;"0006B3A9DA";14.06.2018;17:58:25;;-;-;;
1046;Trovan Unique;"0006B3A9DA";14.06.2018;17:58:26;;-;-;;
1047;Trovan Unique;"0006B3A9DA";14.06.2018;17:58:27;;-;-;;
1048;Trovan Unique;"0006B3A9DA";14.06.2018;17:58:28;;-;-;;
1049;Trovan Unique;"0006B3A9DA";14.06.2018;17:58:29;;-;-;;
1050;Trovan Unique;"0006B3A9DA";14.06.2018;17:58:30;;-;-;;
1051;Trovan Unique;"0006B3A9DA";14.06.2018;17:58:31;;-;-;;
1052;Trovan Unique;"0006B3A9DA";14.06.2018;17:58:32;;-;-;;
1053;Trovan Unique;"0006B3A9DA";14.06.2018;17:58:33;;-;-;;
1054;Trovan Unique;"0006B3A9DA";14.06.2018;17:58:34;;-;-;;
1055;Trovan Unique;"0006B3A9DA";14.06.2018;17:58:35;;-;-;;
1056;Trovan Unique;"0006B3A9DA";14.06.2018;17:58:36;;-;-;;
1057;Trovan Unique;"0006B3A9DA";14.06.2018;17:58:38;;-;-;;
1058;Trovan Unique;"0006B3A9DA";14.06.2018;17:58:40;;-;-;;
1059;Trovan Unique;"0006B3A9DA";14.06.2018;17:58:41;;-;-;;
1060;Trovan Unique;"0006B3A9DA";14.06.2018;17:58:42;;-;-;;
1061;Trovan Unique;"0006B3A9DA";14.06.2018;17:58:43;;-;-;;
1062;Trovan Unique;"0006B3A9DA";14.06.2018;17:58:44;;-;-;;
1063;Trovan Unique;"0006B3A9DA";14.06.2018;17:58:45;;-;-;;
1064;Trovan Unique;"0006B3A9DA";14.06.2018;17:58:46;;-;-;;
1065;Trovan Unique;"0006B3A9DA";14.06.2018;17:58:47;;-;-;;
1066;Trovan Unique;"0006B3A9DA";14.06.2018;17:58:48;;-;-;;
1067;Trovan Unique;"0006B3A9DA";14.06.2018;17:58:49;;-;-;;
1068;Trovan Unique;"0006B3A9DA";14.06.2018;17:58:50;;-;-;;
1069;Trovan Unique;"0006B3A9DA";14.06.2018;17:58:51;;-;-;;
1070;Trovan Unique;"0006B3A9DA";14.06.2018;17:58:52;;-;-;;
1071;Trovan Unique;"0006B3A9DA";14.06.2018;17:58:54;;-;-;;
1072;Trovan Unique;"0006B3A9DA";14.06.2018;17:58:55;;-;-;;
1073;Trovan Unique;"0006B3A9DA";14.06.2018;17:58:56;;-;-;;
1074;Trovan Unique;"0006B3A9DA";14.06.2018;17:58:57;;-;-;;
1075;Trovan Unique;"0006B3A9DA";14.06.2018;17:58:58;;-;-;;
1076;Trovan Unique;"0006B3A9DA";14.06.2018;17:58:59;;-;-;;
1077;Trovan Unique;"0006B3A9DA";14.06.2018;17:59:00;;-;-;;
1078;Trovan Unique;"0006B3A9DA";14.06.2018;17:59:01;;-;-;;
1079;Trovan Unique;"0006B3A9DA";14.06.2018;17:59:02;;-;-;;
1080;Trovan Unique;"0006B3A9DA";14.06.2018;17:59:03;;-;-;;
1081;Trovan Unique;"0006B3A9DA";14.06.2018;17:59:04;;-;-;;
1082;Trovan Unique;"0006B3A9DA";14.06.2018;17:59:05;;-;-;;
1083;Trovan Unique;"0006B3A9DA";14.06.2018;17:59:06;;-;-;;
1084;Trovan Unique;"0006B3A9DA";14.06.2018;17:59:07;;-;-;;
1085;Trovan Unique;"0006B3A9DA";14.06.2018;17:59:08;;-;-;;
1086;Trovan Unique;"0006B3A9DA";14.06.2018;17:59:09;;-;-;;
1087;Trovan Unique;"0006B3A9DA";14.06.2018;17:59:10;;-;-;;
1088;Trovan Unique;"0006B3A9DA";14.06.2018;17:59:11;;-;-;;
1089;Trovan Unique;"0006B3A9DA";14.06.2018;17:59:12;;-;-;;
1090;Trovan Unique;"0006B3A9DA";14.06.2018;17:59:13;;-;-;;
1091;Trovan Unique;"0006B3A9DA";14.06.2018;17:59:14;;-;-;;
1092;Trovan Unique;"0006B3A9DA";14.06.2018;17:59:15;;-;-;;
1093;Trovan Unique;"0006B3A9DA";14.06.2018;17:59:16;;-;-;;
1094;Trovan Unique;"0006B3A9DA";14.06.2018;17:59:17;;-;-;;
1095;Trovan Unique;"0006B3A9DA";14.06.2018;17:59:18;;-;-;;
1096;Trovan Unique;"0006B3A9DA";14.06.2018;17:59:19;;-;-;;
1097;Trovan Unique;"0006B3A9DA";14.06.2018;17:59:20;;-;-;;
1098;Trovan Unique;"0006B3A9DA";14.06.2018;17:59:21;;-;-;;
1099;Trovan Unique;"0006B3A9DA";14.06.2018;17:59:22;;-;-;;
1100;Trovan Unique;"0006B3A9DA";14.06.2018;17:59:23;;-;-;;
1101;Trovan Unique;"0006B3A9DA";14.06.2018;17:59:24;;-;-;;
1102;Trovan Unique;"0006B3A9DA";14.06.2018;17:59:25;;-;-;;
1103;Trovan Unique;"0006B3A9DA";14.06.2018;17:59:26;;-;-;;
1104;Trovan Unique;"0006B3A9DA";14.06.2018;17:59:27;;-;-;;
1105;Trovan Unique;"0006B3A9DA";14.06.2018;17:59:28;;-;-;;
1106;Trovan Unique;"0006B3A9DA";14.06.2018;17:59:29;;-;-;;
1107;Trovan Unique;"0006B3A9DA";14.06.2018;17:59:30;;-;-;;
1108;Trovan Unique;"0006B3A9DA";14.06.2018;17:59:31;;-;-;;
1109;Trovan Unique;"0006B3A9DA";14.06.2018;17:59:32;;-;-;;
1110;Trovan Unique;"0006B3A9DA";14.06.2018;17:59:33;;-;-;;
1111;Trovan Unique;"0006B3A9DA";14.06.2018;17:59:35;;-;-;;
1112;Trovan Unique;"0006B3A9DA";14.06.2018;17:59:36;;-;-;;
1113;Trovan Unique;"0006B3A9DA";14.06.2018;17:59:37;;-;-;;
1114;Trovan Unique;"0006B3A9DA";14.06.2018;17:59:38;;-;-;;
1115;Trovan Unique;"0006B3A9DA";14.06.2018;17:59:39;;-;-;;
1116;Trovan Unique;"0006B3A9DA";14.06.2018;17:59:40;;-;-;;
1117;Trovan Unique;"0006B3A9DA";14.06.2018;17:59:41;;-;-;;
1118;Trovan Unique;"0006B3A9DA";14.06.2018;17:59:42;;-;-;;
1119;Trovan Unique;"0006B3A9DA";14.06.2018;17:59:43;;-;-;;
1120;Trovan Unique;"0006B3A9DA";14.06.2018;17:59:44;;-;-;;
1121;Trovan Unique;"0006B3A9DA";14.06.2018;17:59:45;;-;-;;
1122;Trovan Unique;"0006B3A9DA";14.06.2018;17:59:46;;-;-;;
1123;Trovan Unique;"0006B3A9DA";14.06.2018;17:59:47;;-;-;;
1124;Trovan Unique;"0006B3A9DA";14.06.2018;17:59:48;;-;-;;
1125;Trovan Unique;"0006B3A9DA";14.06.2018;17:59:50;;-;-;;
1126;Trovan Unique;"0006B3A9DA";14.06.2018;17:59:51;;-;-;;
1127;Trovan Unique;"0006B3A9DA";14.06.2018;17:59:52;;-;-;;
1128;Trovan Unique;"0006B3A9DA";14.06.2018;17:59:53;;-;-;;
1129;Trovan Unique;"0006B3A9DA";14.06.2018;17:59:54;;-;-;;
1130;Trovan Unique;"0006B3A9DA";14.06.2018;17:59:55;;-;-;;
1131;Trovan Unique;"0006B3A9DA";14.06.2018;17:59:56;;-;-;;
1132;Trovan Unique;"0006B3A9DA";14.06.2018;17:59:57;;-;-;;
1133;Trovan Unique;"0006B3A9DA";14.06.2018;17:59:58;;-;-;;
1134;Trovan Unique;"0006B3A9DA";14.06.2018;17:59:59;;-;-;;
1135;Trovan Unique;"0006B3A9DA";14.06.2018;18:00:00;;-;-;;
1136;Trovan Unique;"0006B3A9DA";14.06.2018;18:00:01;;-;-;;
1137;Trovan Unique;"0006B3A9DA";14.06.2018;18:00:02;;-;-;;
1138;Trovan Unique;"0006B3A9DA";14.06.2018;18:00:03;;-;-;;
1139;Trovan Unique;"0006B3A9DA";14.06.2018;18:00:04;;-;-;;
1140;Trovan Unique;"0006B3A9DA";14.06.2018;18:00:05;;-;-;;
1141;Trovan Unique;"0006B3A9DA";14.06.2018;18:00:06;;-;-;;
1142;Trovan Unique;"0006B3A9DA";14.06.2018;18:00:07;;-;-;;
1143;Trovan Unique;"0006B3A9DA";14.06.2018;18:00:08;;-;-;;
1144;Trovan Unique;"0006B3A9DA";14.06.2018;18:00:09;;-;-;;
1145;Trovan Unique;"0006B3A9DA";14.06.2018;18:00:11;;-;-;;
1146;Trovan Unique;"0006B3A9DA";14.06.2018;18:00:12;;-;-;;
1147;Trovan Unique;"0006B3A9DA";14.06.2018;18:00:13;;-;-;;
1148;Trovan Unique;"0006B3A9DA";14.06.2018;18:00:14;;-;-;;
1149;Trovan Unique;"0006B3A9DA";14.06.2018;18:00:15;;-;-;;
1150;Trovan Unique;"0006B3A9DA";14.06.2018;18:00:16;;-;-;;
1151;Trovan Unique;"0006B3A9DA";14.06.2018;18:00:17;;-;-;;
1152;Trovan Unique;"0006B3A9DA";14.06.2018;18:00:18;;-;-;;
1153;Trovan Unique;"0006B3A9DA";14.06.2018;18:00:19;;-;-;;
1154;Trovan Unique;"0006B3A9DA";14.06.2018;18:00:20;;-;-;;
1155;Trovan Unique;"0006B3A9DA";14.06.2018;18:00:21;;-;-;;
1156;Trovan Unique;"0006B3A9DA";14.06.2018;18:00:22;;-;-;;
1157;Trovan Unique;"0006B3A9DA";14.06.2018;18:00:23;;-;-;;
1158;Trovan Unique;"0006B3A9DA";14.06.2018;18:00:24;;-;-;;
1159;Trovan Unique;"0006B3A9DA";14.06.2018;18:00:25;;-;-;;
1160;Trovan Unique;"0006B3A9DA";14.06.2018;18:00:26;;-;-;;
1161;Trovan Unique;"0006B3A9DA";14.06.2018;18:00:27;;-;-;;
1162;Trovan Unique;"0006B3A9DA";14.06.2018;18:00:28;;-;-;;
1163;Trovan Unique;"0006B3A9DA";14.06.2018;18:00:29;;-;-;;
1164;Trovan Unique;"0006B3A9DA";14.06.2018;18:00:29;;-;-;;
1165;Trovan Unique;"0006B3A9DA";14.06.2018;18:00:30;;-;-;;
1166;Trovan Unique;"0006B3A9DA";14.06.2018;18:00:31;;-;-;;
1167;Trovan Unique;"0006B3A9DA";14.06.2018;18:00:32;;-;-;;
1168;Trovan Unique;"0006B3A9DA";14.06.2018;18:00:33;;-;-;;
1169;Trovan Unique;"0006B3A9DA";14.06.2018;18:00:34;;-;-;;
1170;Trovan Unique;"0006B3A9DA";14.06.2018;18:00:35;;-;-;;
1171;Trovan Unique;"0006B3A9DA";14.06.2018;18:00:36;;-;-;;
1172;Trovan Unique;"0006B3A9DA";14.06.2018;18:00:37;;-;-;;
1173;Trovan Unique;"0006B3A9DA";14.06.2018;18:00:39;;-;-;;
1174;Trovan Unique;"0006B3A9DA";14.06.2018;18:00:39;;-;-;;
1175;Trovan Unique;"0006B3A9DA";14.06.2018;18:00:40;;-;-;;
1176;Trovan Unique;"0006B3A9DA";14.06.2018;18:00:41;;-;-;;
1177;Trovan Unique;"0006B3A9DA";14.06.2018;18:00:42;;-;-;;
1178;Trovan Unique;"0006B3A9DA";14.06.2018;18:00:43;;-;-;;
1179;Trovan Unique;"0006B3A9DA";14.06.2018;18:00:44;;-;-;;
1180;Trovan Unique;"0006B3A9DA";14.06.2018;18:00:45;;-;-;;
1181;Trovan Unique;"0006B3A9DA";14.06.2018;18:00:46;;-;-;;
1182;Trovan Unique;"0006B3A9DA";14.06.2018;18:00:47;;-;-;;
1183;Trovan Unique;"0006B3A9DA";14.06.2018;18:00:48;;-;-;;
1184;Trovan Unique;"0006B3A9DA";14.06.2018;18:00:50;;-;-;;
1185;Trovan Unique;"0006B3A9DA";14.06.2018;18:00:51;;-;-;;
1186;Trovan Unique;"0006B3A9DA";14.06.2018;18:00:52;;-;-;;
1187;Trovan Unique;"0006B3A9DA";14.06.2018;18:00:53;;-;-;;
1188;Trovan Unique;"0006B3A9DA";14.06.2018;18:00:54;;-;-;;
1189;Trovan Unique;"0006B3A9DA";14.06.2018;18:00:55;;-;-;;
1190;Trovan Unique;"0006B3A9DA";14.06.2018;18:00:56;;-;-;;
1191;Trovan Unique;"0006B3A9DA";14.06.2018;18:00:57;;-;-;;
1192;Trovan Unique;"0006B3A9DA";14.06.2018;18:00:58;;-;-;;
1193;Trovan Unique;"0006B3A9DA";14.06.2018;18:00:59;;-;-;;
1194;Trovan Unique;"0006B3A9DA";14.06.2018;18:01:00;;-;-;;
1195;Trovan Unique;"0006B3A9DA";14.06.2018;18:01:01;;-;-;;
1196;Trovan Unique;"0006B3A9DA";14.06.2018;18:01:02;;-;-;;
1197;Trovan Unique;"0006B3A9DA";14.06.2018;18:01:03;;-;-;;
1198;Trovan Unique;"0006B3A9DA";14.06.2018;18:01:04;;-;-;;
1199;Trovan Unique;"0006B3A9DA";14.06.2018;18:01:05;;-;-;;
1200;Trovan Unique;"0006B3A9DA";14.06.2018;18:01:06;;-;-;;
1201;Trovan Unique;"0006B3A9DA";14.06.2018;18:01:07;;-;-;;
1202;Trovan Unique;"0006B3A9DA";14.06.2018;18:01:08;;-;-;;
1203;Trovan Unique;"0006B3A9DA";14.06.2018;18:01:09;;-;-;;
1204;Trovan Unique;"0006B3A9DA";14.06.2018;18:01:10;;-;-;;
1205;Trovan Unique;"0006B3A9DA";14.06.2018;18:01:11;;-;-;;
1206;Trovan Unique;"0006B3A9DA";14.06.2018;18:01:12;;-;-;;
1207;Trovan Unique;"0006B3A9DA";14.06.2018;18:01:13;;-;-;;
1208;Trovan Unique;"0006B3A9DA";14.06.2018;18:01:14;;-;-;;
1209;Trovan Unique;"0006B3A9DA";14.06.2018;18:01:15;;-;-;;
1210;Trovan Unique;"0006B3A9DA";14.06.2018;18:01:16;;-;-;;
1211;Trovan Unique;"0006B3A9DA";14.06.2018;18:01:17;;-;-;;
1212;Trovan Unique;"0006B3A9DA";14.06.2018;18:01:18;;-;-;;
1213;Trovan Unique;"0006B3A9DA";14.06.2018;18:01:19;;-;-;;
1214;Trovan Unique;"0006B3A9DA";14.06.2018;18:01:20;;-;-;;
1215;Trovan Unique;"0006B3A9DA";14.06.2018;18:01:21;;-;-;;
1216;Trovan Unique;"0006B3A9DA";14.06.2018;18:01:22;;-;-;;
1217;Trovan Unique;"0006B3A9DA";14.06.2018;18:01:23;;-;-;;
1218;Trovan Unique;"0006B3A9DA";14.06.2018;18:01:24;;-;-;;
1219;Trovan Unique;"0006B3A9DA";14.06.2018;18:01:25;;-;-;;
1220;Trovan Unique;"0006B3A9DA";14.06.2018;18:01:26;;-;-;;
1221;Trovan Unique;"0006B3A9DA";14.06.2018;18:01:27;;-;-;;
1222;Trovan Unique;"0006B3A9DA";14.06.2018;18:01:28;;-;-;;
1223;Trovan Unique;"0006B3A9DA";14.06.2018;18:01:29;;-;-;;
1224;Trovan Unique;"0006B3A9DA";14.06.2018;18:01:30;;-;-;;
1225;Trovan Unique;"0006B3A9DA";14.06.2018;18:01:31;;-;-;;
1226;Trovan Unique;"0006B3A9DA";14.06.2018;18:01:32;;-;-;;
1227;Trovan Unique;"0006B3A9DA";14.06.2018;18:01:33;;-;-;;
1228;Trovan Unique;"0006B3A9DA";14.06.2018;18:01:34;;-;-;;
1229;Trovan Unique;"0006B3A9DA";14.06.2018;18:01:35;;-;-;;
1230;Trovan Unique;"0006B3A9DA";14.06.2018;18:01:36;;-;-;;
1231;Trovan Unique;"0006B3A9DA";14.06.2018;18:01:37;;-;-;;
1232;Trovan Unique;"0006B3A9DA";14.06.2018;18:01:38;;-;-;;
1233;Trovan Unique;"0006B3A9DA";14.06.2018;18:01:39;;-;-;;
1234;Trovan Unique;"0006B3A9DA";14.06.2018;18:01:40;;-;-;;
1235;Trovan Unique;"0006B3A9DA";14.06.2018;18:01:41;;-;-;;
1236;Trovan Unique;"0006B3A9DA";14.06.2018;18:01:42;;-;-;;
1237;Trovan Unique;"0006B3A9DA";14.06.2018;18:01:43;;-;-;;
1238;Trovan Unique;"0006B3A9DA";14.06.2018;18:01:44;;-;-;;
1239;Trovan Unique;"0006B3A9DA";14.06.2018;18:01:46;;-;-;;
1240;Trovan Unique;"0006B3A9DA";14.06.2018;18:01:47;;-;-;;
1241;Trovan Unique;"0006B3A9DA";14.06.2018;18:01:48;;-;-;;
1242;Trovan Unique;"0006B3A9DA";14.06.2018;18:01:49;;-;-;;
1243;Trovan Unique;"0006B3A9DA";14.06.2018;18:01:50;;-;-;;
1244;Trovan Unique;"0006B3A9DA";14.06.2018;18:01:51;;-;-;;
1245;Trovan Unique;"0006B3A9DA";14.06.2018;18:01:52;;-;-;;
1246;Trovan Unique;"0006B3A9DA";14.06.2018;18:01:53;;-;-;;
1247;Trovan Unique;"0006B3A9DA";14.06.2018;18:01:54;;-;-;;
1248;Trovan Unique;"0006B3A9DA";14.06.2018;18:01:55;;-;-;;
1249;Trovan Unique;"0006B3A9DA";14.06.2018;18:01:56;;-;-;;
1250;Trovan Unique;"0006B3A9DA";14.06.2018;18:01:57;;-;-;;
1251;Trovan Unique;"0006B3A9DA";14.06.2018;18:01:58;;-;-;;
1252;Trovan Unique;"0006B3A9DA";14.06.2018;18:01:59;;-;-;;
1253;Trovan Unique;"0006B3A9DA";14.06.2018;18:02:00;;-;-;;
1254;Trovan Unique;"0006B3A9DA";14.06.2018;18:02:03;;-;-;;
1255;Trovan Unique;"0006B3A9DA";14.06.2018;18:02:05;;-;-;;
1256;Trovan Unique;"0006B3A9DA";14.06.2018;18:02:06;;-;-;;
1257;Trovan Unique;"0006B3A9DA";14.06.2018;18:02:07;;-;-;;
1258;Trovan Unique;"0006B3A9DA";14.06.2018;18:02:09;;-;-;;
1259;Trovan Unique;"0006B3A9DA";14.06.2018;18:02:10;;-;-;;
1260;Trovan Unique;"0006B3A9DA";14.06.2018;18:02:11;;-;-;;
1261;Trovan Unique;"0006B3A9DA";14.06.2018;18:02:12;;-;-;;
1262;Trovan Unique;"0006B3A9DA";14.06.2018;18:02:13;;-;-;;
1263;Trovan Unique;"0006B3A9DA";14.06.2018;18:02:14;;-;-;;
1264;Trovan Unique;"0006B3A9DA";14.06.2018;18:02:15;;-;-;;
1265;Trovan Unique;"0006B3A9DA";14.06.2018;18:02:16;;-;-;;
1266;Trovan Unique;"0006B3A9DA";14.06.2018;18:02:17;;-;-;;
1267;Trovan Unique;"0006B3A9DA";14.06.2018;18:02:18;;-;-;;
1268;Trovan Unique;"0006B3A9DA";14.06.2018;18:02:19;;-;-;;
1269;Trovan Unique;"0006B3A9DA";14.06.2018;18:02:20;;-;-;;
1270;Trovan Unique;"0006B3A9DA";14.06.2018;18:02:21;;-;-;;
1271;Trovan Unique;"0006B3A9DA";14.06.2018;18:02:22;;-;-;;
1272;Trovan Unique;"0006B3A9DA";14.06.2018;18:02:23;;-;-;;
1273;Trovan Unique;"0006B3A9DA";14.06.2018;18:02:24;;-;-;;
1274;Trovan Unique;"0006B3A9DA";14.06.2018;18:02:25;;-;-;;
1275;Trovan Unique;"0006B3A9DA";14.06.2018;18:02:26;;-;-;;
1276;Trovan Unique;"0006B3A9DA";14.06.2018;18:02:27;;-;-;;
1277;Trovan Unique;"0006B3A9DA";14.06.2018;18:02:28;;-;-;;
1278;Trovan Unique;"0006B3A9DA";14.06.2018;18:02:29;;-;-;;
1279;Trovan Unique;"0006B3A9DA";14.06.2018;18:02:31;;-;-;;
1280;Trovan Unique;"0006B3A9DA";14.06.2018;18:02:32;;-;-;;
1281;Trovan Unique;"0006B3A9DA";14.06.2018;18:02:33;;-;-;;
1282;Trovan Unique;"0006B3A9DA";14.06.2018;18:02:34;;-;-;;
1283;Trovan Unique;"0006B3A9DA";14.06.2018;18:02:35;;-;-;;
1284;Trovan Unique;"0006B3A9DA";14.06.2018;18:02:36;;-;-;;
1285;Trovan Unique;"0006B3A9DA";14.06.2018;18:02:37;;-;-;;
1286;Trovan Unique;"0006B3A9DA";14.06.2018;18:02:38;;-;-;;
1287;Trovan Unique;"0006B3A9DA";14.06.2018;18:02:39;;-;-;;
1288;Trovan Unique;"0006B3A9DA";14.06.2018;18:02:40;;-;-;;
1289;Trovan Unique;"0006B3A9DA";14.06.2018;18:02:41;;-;-;;
1290;Trovan Unique;"0006B3A9DA";14.06.2018;18:02:42;;-;-;;
1291;Trovan Unique;"0006B3A9DA";14.06.2018;18:02:43;;-;-;;
1292;Trovan Unique;"0006B3A9DA";14.06.2018;18:02:44;;-;-;;
1293;Trovan Unique;"0006B3A9DA";14.06.2018;18:02:45;;-;-;;
1294;Trovan Unique;"0006B3A9DA";14.06.2018;18:02:46;;-;-;;
1295;Trovan Unique;"0006B3A9DA";14.06.2018;18:02:47;;-;-;;
1296;Trovan Unique;"0006B3A9DA";14.06.2018;18:02:48;;-;-;;
1297;Trovan Unique;"0006B3A9DA";14.06.2018;18:02:49;;-;-;;
1298;Trovan Unique;"0006B3A9DA";14.06.2018;18:02:50;;-;-;;
1299;Trovan Unique;"0006B3A9DA";14.06.2018;18:02:51;;-;-;;
1300;Trovan Unique;"0006B3A9DA";14.06.2018;18:02:52;;-;-;;
1301;Trovan Unique;"0006B3A9DA";14.06.2018;18:02:53;;-;-;;
1302;Trovan Unique;"0006B3A9DA";14.06.2018;18:02:54;;-;-;;
1303;Trovan Unique;"0006B3A9DA";14.06.2018;18:02:55;;-;-;;
1304;Trovan Unique;"0006B3A9DA";14.06.2018;18:02:56;;-;-;;
1305;Trovan Unique;"0006B3A9DA";14.06.2018;18:02:57;;-;-;;
1306;Trovan Unique;"0006B3A9DA";14.06.2018;18:02:58;;-;-;;
1307;Trovan Unique;"0006B3A9DA";14.06.2018;18:02:59;;-;-;;
1308;Trovan Unique;"0006B3A9DA";14.06.2018;18:03:00;;-;-;;
1309;Trovan Unique;"0006B3A9DA";14.06.2018;18:03:01;;-;-;;
1310;Trovan Unique;"0006B3A9DA";14.06.2018;18:03:03;;-;-;;
1311;Trovan Unique;"0006B3A9DA";14.06.2018;18:03:04;;-;-;;
1312;Trovan Unique;"0006B3A9DA";14.06.2018;18:03:04;;-;-;;
1313;Trovan Unique;"0006B3A9DA";14.06.2018;18:03:06;;-;-;;
1314;Trovan Unique;"0006B3A9DA";14.06.2018;18:03:07;;-;-;;
1315;Trovan Unique;"0006B3A9DA";14.06.2018;18:03:08;;-;-;;
1316;Trovan Unique;"0006B3A9DA";14.06.2018;18:03:09;;-;-;;
1317;Trovan Unique;"0006B3A9DA";14.06.2018;18:03:10;;-;-;;
1318;Trovan Unique;"0006B3A9DA";14.06.2018;18:03:11;;-;-;;
1319;Trovan Unique;"0006B3A9DA";14.06.2018;18:03:12;;-;-;;
1320;Trovan Unique;"0006B3A9DA";14.06.2018;18:03:13;;-;-;;
1321;Trovan Unique;"0006B3A9DA";14.06.2018;18:03:14;;-;-;;
1322;Trovan Unique;"0006B3A9DA";14.06.2018;18:03:15;;-;-;;
1323;Trovan Unique;"0006B3A9DA";14.06.2018;18:03:16;;-;-;;
1324;Trovan Unique;"0006B3A9DA";14.06.2018;18:03:17;;-;-;;
1325;Trovan Unique;"0006B3A9DA";14.06.2018;18:03:18;;-;-;;
1326;Trovan Unique;"0006B3A9DA";14.06.2018;18:03:19;;-;-;;
1327;Trovan Unique;"0006B3A9DA";14.06.2018;18:03:20;;-;-;;
1328;Trovan Unique;"0006B3A9DA";14.06.2018;18:03:21;;-;-;;
1329;Trovan Unique;"0006B3A9DA";14.06.2018;18:03:22;;-;-;;
1330;Trovan Unique;"0006B3A9DA";14.06.2018;18:03:23;;-;-;;
1331;Trovan Unique;"0006B3A9DA";14.06.2018;18:03:24;;-;-;;
1332;Trovan Unique;"0006B3A9DA";14.06.2018;18:03:25;;-;-;;
1333;Trovan Unique;"0006B3A9DA";14.06.2018;18:03:26;;-;-;;
1334;Trovan Unique;"0006B3A9DA";14.06.2018;18:03:27;;-;-;;
1335;Trovan Unique;"0006B3A9DA";14.06.2018;18:03:28;;-;-;;
1336;Trovan Unique;"0006B3A9DA";14.06.2018;18:03:29;;-;-;;
1337;Trovan Unique;"0006B3A9DA";14.06.2018;18:03:30;;-;-;;
1338;Trovan Unique;"0006B3A9DA";14.06.2018;18:03:31;;-;-;;
1339;Trovan Unique;"0006B3A9DA";14.06.2018;18:03:32;;-;-;;
1340;Trovan Unique;"0006B3A9DA";14.06.2018;18:03:34;;-;-;;
1341;Trovan Unique;"0006B3A9DA";14.06.2018;18:03:35;;-;-;;
1342;Trovan Unique;"0006B3A9DA";14.06.2018;18:03:36;;-;-;;
1343;Trovan Unique;"0006B3A9DA";14.06.2018;18:03:37;;-;-;;
1344;Trovan Unique;"0006B3A9DA";14.06.2018;18:03:38;;-;-;;
1345;Trovan Unique;"0006B3A9DA";14.06.2018;18:03:39;;-;-;;
1346;Trovan Unique;"0006B3A9DA";14.06.2018;18:03:40;;-;-;;
1347;Trovan Unique;"0006B3A9DA";14.06.2018;18:03:41;;-;-;;
1348;Trovan Unique;"0006B3A9DA";14.06.2018;18:03:42;;-;-;;
1349;Trovan Unique;"0006B3A9DA";14.06.2018;18:03:43;;-;-;;
1350;Trovan Unique;"0006B3A9DA";14.06.2018;18:03:44;;-;-;;
1351;Trovan Unique;"0006B3A9DA";14.06.2018;18:03:45;;-;-;;
1352;Trovan Unique;"0006B3A9DA";14.06.2018;18:03:46;;-;-;;
1353;Trovan Unique;"0006B3A9DA";14.06.2018;18:03:47;;-;-;;
1354;Trovan Unique;"0006B3A9DA";14.06.2018;18:03:48;;-;-;;
1355;Trovan Unique;"0006B3A9DA";14.06.2018;18:03:49;;-;-;;
1356;Trovan Unique;"0006B3A9DA";14.06.2018;18:03:50;;-;-;;
1357;Trovan Unique;"0006B3A9DA";14.06.2018;18:03:51;;-;-;;
1358;Trovan Unique;"0006B3A9DA";14.06.2018;18:03:52;;-;-;;
1359;Trovan Unique;"0006B3A9DA";14.06.2018;18:03:53;;-;-;;
1360;Trovan Unique;"0006B3A9DA";14.06.2018;18:03:54;;-;-;;
1361;Trovan Unique;"0006B3A9DA";14.06.2018;18:03:55;;-;-;;
1362;Trovan Unique;"0006B3A9DA";14.06.2018;18:03:56;;-;-;;
1363;Trovan Unique;"0006B3A9DA";14.06.2018;18:03:57;;-;-;;
1364;Trovan Unique;"0006B3A9DA";14.06.2018;18:03:58;;-;-;;
1365;Trovan Unique;"0006B3A9DA";14.06.2018;18:03:59;;-;-;;
1366;Trovan Unique;"0006B3A9DA";14.06.2018;18:04:00;;-;-;;
1367;Trovan Unique;"0006B3A9DA";14.06.2018;18:04:01;;-;-;;
1368;Trovan Unique;"0006B3A9DA";14.06.2018;18:04:03;;-;-;;
1369;Trovan Unique;"0006B3A9DA";14.06.2018;18:04:04;;-;-;;
1370;Trovan Unique;"0006B3A9DA";14.06.2018;18:04:05;;-;-;;
1371;Trovan Unique;"0006B3A9DA";14.06.2018;18:04:06;;-;-;;
1372;Trovan Unique;"0006B3A9DA";14.06.2018;18:04:07;;-;-;;
1373;Trovan Unique;"0006B3A9DA";14.06.2018;18:04:08;;-;-;;
1374;Trovan Unique;"0006B3A9DA";14.06.2018;18:04:09;;-;-;;
1375;Trovan Unique;"0006B3A9DA";14.06.2018;18:04:10;;-;-;;
1376;Trovan Unique;"0006B3A9DA";14.06.2018;18:04:11;;-;-;;
1377;Trovan Unique;"0006B3A9DA";14.06.2018;18:04:12;;-;-;;
1378;Trovan Unique;"0006B3A9DA";14.06.2018;18:04:13;;-;-;;
1379;Trovan Unique;"0006B3A9DA";14.06.2018;18:04:14;;-;-;;
1380;Trovan Unique;"0006B3A9DA";14.06.2018;18:04:15;;-;-;;
1381;Trovan Unique;"0006B3A9DA";14.06.2018;18:04:16;;-;-;;
1382;Trovan Unique;"0006B3A9DA";14.06.2018;18:04:17;;-;-;;
1383;Trovan Unique;"0006B3A9DA";14.06.2018;18:04:18;;-;-;;
1384;Trovan Unique;"0006B3A9DA";14.06.2018;18:04:19;;-;-;;
1385;Trovan Unique;"0006B3A9DA";14.06.2018;18:04:20;;-;-;;
1386;Trovan Unique;"0006B3A9DA";14.06.2018;18:04:21;;-;-;;
1387;Trovan Unique;"0006B3A9DA";14.06.2018;18:04:22;;-;-;;
1388;Trovan Unique;"0006B3A9DA";14.06.2018;18:04:23;;-;-;;
1389;Trovan Unique;"0006B3A9DA";14.06.2018;18:04:24;;-;-;;
1390;Trovan Unique;"0006B3A9DA";14.06.2018;18:04:25;;-;-;;
1391;Trovan Unique;"0006B3A9DA";14.06.2018;18:04:26;;-;-;;
1392;Trovan Unique;"0006B3A9DA";14.06.2018;18:04:28;;-;-;;
1393;Trovan Unique;"0006B3A9DA";14.06.2018;18:04:29;;-;-;;
1394;Trovan Unique;"0006B3A9DA";14.06.2018;18:04:30;;-;-;;
1395;Trovan Unique;"0006B3A9DA";14.06.2018;18:04:31;;-;-;;
1396;Trovan Unique;"0006B3A9DA";14.06.2018;18:04:32;;-;-;;
1397;Trovan Unique;"0006B3A9DA";14.06.2018;18:04:33;;-;-;;
1398;Trovan Unique;"0006B3A9DA";14.06.2018;18:04:34;;-;-;;
1399;Trovan Unique;"0006B3A9DA";14.06.2018;18:04:35;;-;-;;
1400;Trovan Unique;"0006B3A9DA";14.06.2018;18:04:36;;-;-;;
1401;Trovan Unique;"0006B3A9DA";14.06.2018;18:04:37;;-;-;;
1402;Trovan Unique;"0006B3A9DA";14.06.2018;18:04:38;;-;-;;
1403;Trovan Unique;"0006B3A9DA";14.06.2018;18:04:39;;-;-;;
1404;Trovan Unique;"0006B3A9DA";14.06.2018;18:04:40;;-;-;;
1405;Trovan Unique;"0006B3A9DA";14.06.2018;18:04:41;;-;-;;
1406;Trovan Unique;"0006B3A9DA";14.06.2018;18:04:42;;-;-;;
1407;Trovan Unique;"0006B3A9DA";14.06.2018;18:04:43;;-;-;;
1408;Trovan Unique;"0006B3A9DA";14.06.2018;18:04:44;;-;-;;
1409;Trovan Unique;"0006B3A9DA";14.06.2018;18:04:45;;-;-;;
1410;Trovan Unique;"0006B3A9DA";14.06.2018;18:04:46;;-;-;;
1411;Trovan Unique;"0006B3A9DA";14.06.2018;18:04:47;;-;-;;
1412;Trovan Unique;"0006B3A9DA";14.06.2018;18:04:48;;-;-;;
1413;Trovan Unique;"0006B3A9DA";14.06.2018;18:04:49;;-;-;;
1414;Trovan Unique;"0006B3A9DA";14.06.2018;18:04:50;;-;-;;
1415;Trovan Unique;"0006B3A9DA";14.06.2018;18:04:51;;-;-;;
1416;Trovan Unique;"0006B3A9DA";14.06.2018;18:04:52;;-;-;;
1417;Trovan Unique;"0006B3A9DA";14.06.2018;18:04:54;;-;-;;
1418;Trovan Unique;"0006B3A9DA";14.06.2018;18:04:55;;-;-;;
1419;Trovan Unique;"0006B3A9DA";14.06.2018;18:04:56;;-;-;;
1420;Trovan Unique;"0006B3A9DA";14.06.2018;18:04:57;;-;-;;
1421;Trovan Unique;"0006B3A9DA";14.06.2018;18:04:58;;-;-;;
1422;Trovan Unique;"0006B3A9DA";14.06.2018;18:04:59;;-;-;;
1423;Trovan Unique;"0006B3A9DA";14.06.2018;18:05:00;;-;-;;
1424;Trovan Unique;"0006B3A9DA";14.06.2018;18:05:01;;-;-;;
1425;Trovan Unique;"0006B3A9DA";14.06.2018;18:05:02;;-;-;;
1426;Trovan Unique;"0006B3A9DA";14.06.2018;18:05:03;;-;-;;
1427;Trovan Unique;"0006B3A9DA";14.06.2018;18:05:04;;-;-;;
1428;Trovan Unique;"0006B3A9DA";14.06.2018;18:05:05;;-;-;;
1429;Trovan Unique;"0006B3A9DA";14.06.2018;18:05:06;;-;-;;
1430;Trovan Unique;"0006B3A9DA";14.06.2018;18:05:07;;-;-;;
1431;Trovan Unique;"0006B3A9DA";14.06.2018;18:05:08;;-;-;;
1432;Trovan Unique;"0006B3A9DA";14.06.2018;18:05:09;;-;-;;
1433;Trovan Unique;"0006B3A9DA";14.06.2018;18:05:10;;-;-;;
1434;Trovan Unique;"0006B3A9DA";14.06.2018;18:05:11;;-;-;;
1435;Trovan Unique;"0006B3A9DA";14.06.2018;18:05:12;;-;-;;
1436;Trovan Unique;"0006B3A9DA";14.06.2018;18:05:13;;-;-;;
1437;Trovan Unique;"0006B3A9DA";14.06.2018;18:05:14;;-;-;;
1438;Trovan Unique;"0006B3A9DA";14.06.2018;18:05:15;;-;-;;
1439;Trovan Unique;"0006B3A9DA";14.06.2018;18:05:16;;-;-;;
1440;Trovan Unique;"0006B3A9DA";14.06.2018;18:05:17;;-;-;;
1441;Trovan Unique;"0006B3A9DA";14.06.2018;18:05:18;;-;-;;
1442;Trovan Unique;"0006B3A9DA";14.06.2018;18:05:19;;-;-;;
1443;Trovan Unique;"0006B3A9DA";14.06.2018;18:05:20;;-;-;;
1444;Trovan Unique;"0006B3A9DA";14.06.2018;18:05:21;;-;-;;
1445;Trovan Unique;"0006B3A9DA";14.06.2018;18:05:22;;-;-;;
1446;Trovan Unique;"0006B3A9DA";14.06.2018;18:05:23;;-;-;;
1447;Trovan Unique;"0006B3A9DA";14.06.2018;18:05:24;;-;-;;
1448;Trovan Unique;"0006B3A9DA";14.06.2018;18:05:25;;-;-;;
1449;Trovan Unique;"0006B3A9DA";14.06.2018;18:05:26;;-;-;;
1450;Trovan Unique;"0006B3A9DA";14.06.2018;18:05:27;;-;-;;
1451;Trovan Unique;"0006B3A9DA";14.06.2018;18:05:28;;-;-;;
1452;Trovan Unique;"0006B3A9DA";14.06.2018;18:05:29;;-;-;;
1453;Trovan Unique;"0006B3A9DA";14.06.2018;18:05:30;;-;-;;
1454;Trovan Unique;"0006B3A9DA";14.06.2018;18:05:31;;-;-;;
1455;Trovan Unique;"0006B3A9DA";14.06.2018;18:05:32;;-;-;;
1456;Trovan Unique;"0006B3A9DA";14.06.2018;18:05:33;;-;-;;
1457;Trovan Unique;"0006B3A9DA";14.06.2018;18:05:35;;-;-;;
1458;Trovan Unique;"0006B3A9DA";14.06.2018;18:05:36;;-;-;;
1459;Trovan Unique;"0006B3A9DA";14.06.2018;18:05:37;;-;-;;
1460;Trovan Unique;"0006B3A9DA";14.06.2018;18:05:38;;-;-;;
1461;Trovan Unique;"0006B3A9DA";14.06.2018;18:05:39;;-;-;;
1462;Trovan Unique;"0006B3A9DA";14.06.2018;18:05:40;;-;-;;
1463;Trovan Unique;"0006B3A9DA";14.06.2018;18:05:41;;-;-;;
1464;Trovan Unique;"0006B3A9DA";14.06.2018;18:05:42;;-;-;;
1465;Trovan Unique;"0006B3A9DA";14.06.2018;18:05:43;;-;-;;
1466;Trovan Unique;"0006B3A9DA";14.06.2018;18:05:44;;-;-;;
1467;Trovan Unique;"0006B3A9DA";14.06.2018;18:05:45;;-;-;;
1468;Trovan Unique;"0006B3A9DA";14.06.2018;18:05:46;;-;-;;
1469;Trovan Unique;"0006B3A9DA";14.06.2018;18:05:47;;-;-;;
1470;Trovan Unique;"0006B3A9DA";14.06.2018;18:05:48;;-;-;;
1471;Trovan Unique;"0006B3A9DA";14.06.2018;18:05:49;;-;-;;
1472;Trovan Unique;"0006B3A9DA";14.06.2018;18:05:50;;-;-;;
1473;Trovan Unique;"0006B3A9DA";14.06.2018;18:05:51;;-;-;;
1474;Trovan Unique;"0006B3A9DA";14.06.2018;18:05:52;;-;-;;
1475;Trovan Unique;"0006B3A9DA";14.06.2018;18:05:53;;-;-;;
1476;Trovan Unique;"0006B3A9DA";14.06.2018;18:05:54;;-;-;;
1477;Trovan Unique;"0006B3A9DA";14.06.2018;18:05:55;;-;-;;
1478;Trovan Unique;"0006B3A9DA";14.06.2018;18:05:56;;-;-;;
1479;Trovan Unique;"0006B3A9DA";14.06.2018;18:05:57;;-;-;;
1480;Trovan Unique;"0006B3A9DA";14.06.2018;18:05:58;;-;-;;
1481;Trovan Unique;"0006B3A9DA";14.06.2018;18:05:59;;-;-;;
1482;Trovan Unique;"0006B3A9DA";14.06.2018;18:06:00;;-;-;;
1483;Trovan Unique;"0006B3A9DA";14.06.2018;18:06:01;;-;-;;
1484;Trovan Unique;"0006B3A9DA";14.06.2018;18:06:02;;-;-;;
1485;Trovan Unique;"0006B3A9DA";14.06.2018;18:06:03;;-;-;;
1486;Trovan Unique;"0006B3A9DA";14.06.2018;18:06:04;;-;-;;
1487;Trovan Unique;"0006B3A9DA";14.06.2018;18:06:05;;-;-;;
1488;Trovan Unique;"0006B3A9DA";14.06.2018;18:06:06;;-;-;;
1489;Trovan Unique;"0006B3A9DA";14.06.2018;18:06:07;;-;-;;
1490;Trovan Unique;"0006B3A9DA";14.06.2018;18:06:08;;-;-;;
1491;Trovan Unique;"0006B3A9DA";14.06.2018;18:06:09;;-;-;;
1492;Trovan Unique;"0006B3A9DA";14.06.2018;18:06:10;;-;-;;
1493;Trovan Unique;"0006B3A9DA";14.06.2018;18:06:11;;-;-;;
1494;Trovan Unique;"0006B3A9DA";14.06.2018;18:06:12;;-;-;;
1495;Trovan Unique;"0006B3A9DA";14.06.2018;18:06:13;;-;-;;
1496;Trovan Unique;"0006B3A9DA";14.06.2018;18:06:14;;-;-;;
1497;Trovan Unique;"0006B3A9DA";14.06.2018;18:06:15;;-;-;;
1498;Trovan Unique;"0006B3A9DA";14.06.2018;18:06:16;;-;-;;
1499;Trovan Unique;"0006B3A9DA";14.06.2018;18:06:17;;-;-;;
1500;Trovan Unique;"0006B3A9DA";14.06.2018;18:06:18;;-;-;;
1501;Trovan Unique;"0006B3A9DA";14.06.2018;18:06:19;;-;-;;
1502;Trovan Unique;"0006B3A9DA";14.06.2018;18:06:20;;-;-;;
1503;Trovan Unique;"0006B3A9DA";14.06.2018;18:06:21;;-;-;;
1504;Trovan Unique;"0006B3A9DA";14.06.2018;18:06:22;;-;-;;
1505;Trovan Unique;"0006B3A9DA";14.06.2018;18:06:23;;-;-;;
1506;Trovan Unique;"0006B3A9DA";14.06.2018;18:06:24;;-;-;;
1507;Trovan Unique;"0006B3A9DA";14.06.2018;18:06:25;;-;-;;
1508;Trovan Unique;"0006B3A9DA";14.06.2018;18:06:26;;-;-;;
1509;Trovan Unique;"0006B3A9DA";14.06.2018;18:06:27;;-;-;;
1510;Trovan Unique;"0006B3A9DA";14.06.2018;18:06:28;;-;-;;
1511;Trovan Unique;"0006B3A9DA";14.06.2018;18:06:29;;-;-;;
1512;Trovan Unique;"0006B3A9DA";14.06.2018;18:06:30;;-;-;;
1513;Trovan Unique;"0006B3A9DA";14.06.2018;18:06:31;;-;-;;
1514;Trovan Unique;"0006B3A9DA";14.06.2018;18:06:32;;-;-;;
1515;Trovan Unique;"0006B3A9DA";14.06.2018;18:06:33;;-;-;;
1516;Trovan Unique;"0006B3A9DA";14.06.2018;18:06:34;;-;-;;
1517;Trovan Unique;"0006B3A9DA";14.06.2018;18:06:35;;-;-;;
1518;Trovan Unique;"0006B3A9DA";14.06.2018;18:06:36;;-;-;;
1519;Trovan Unique;"0006B3A9DA";14.06.2018;18:06:37;;-;-;;
1520;Trovan Unique;"0006B3A9DA";14.06.2018;18:06:38;;-;-;;
1521;Trovan Unique;"0006B3A9DA";14.06.2018;18:06:39;;-;-;;
1522;Trovan Unique;"0006B3A9DA";14.06.2018;18:06:40;;-;-;;
1523;Trovan Unique;"0006B3A9DA";14.06.2018;18:06:41;;-;-;;
1524;Trovan Unique;"0006B3A9DA";14.06.2018;18:06:42;;-;-;;
1525;Trovan Unique;"0006B3A9DA";14.06.2018;18:06:43;;-;-;;
1526;Trovan Unique;"0006B3A9DA";14.06.2018;18:06:44;;-;-;;
1527;Trovan Unique;"0006B3A9DA";14.06.2018;18:06:45;;-;-;;
1528;Trovan Unique;"0006B3A9DA";14.06.2018;18:06:46;;-;-;;
1529;Trovan Unique;"0006B3A9DA";14.06.2018;18:06:47;;-;-;;
1530;Trovan Unique;"0006B3A9DA";14.06.2018;18:06:48;;-;-;;
1531;Trovan Unique;"0006B3A9DA";14.06.2018;18:06:49;;-;-;;
1532;Trovan Unique;"0006B3A9DA";14.06.2018;18:06:50;;-;-;;
1533;Trovan Unique;"0006B3A9DA";14.06.2018;18:06:51;;-;-;;
1534;Trovan Unique;"0006B3A9DA";14.06.2018;18:06:52;;-;-;;
1535;Trovan Unique;"0006B3A9DA";14.06.2018;18:06:53;;-;-;;
1536;Trovan Unique;"0006B3A9DA";14.06.2018;18:06:54;;-;-;;
1537;Trovan Unique;"0006B3A9DA";14.06.2018;18:06:55;;-;-;;
1538;Trovan Unique;"0006B3A9DA";14.06.2018;18:06:56;;-;-;;
1539;Trovan Unique;"0006B3A9DA";14.06.2018;18:06:57;;-;-;;
1540;Trovan Unique;"0006B3A9DA";14.06.2018;18:06:58;;-;-;;
1541;Trovan Unique;"0006B3A9DA";14.06.2018;18:06:59;;-;-;;
1542;Trovan Unique;"0006B3A9DA";14.06.2018;18:07:00;;-;-;;
1543;Trovan Unique;"0006B3A9DA";14.06.2018;18:07:01;;-;-;;
1544;Trovan Unique;"0006B3A9DA";14.06.2018;18:07:02;;-;-;;
1545;Trovan Unique;"0006B3A9DA";14.06.2018;18:07:03;;-;-;;
1546;Trovan Unique;"0006B3A9DA";14.06.2018;18:07:04;;-;-;;
1547;Trovan Unique;"0006B3A9DA";14.06.2018;18:07:05;;-;-;;
1548;Trovan Unique;"0006B3A9DA";14.06.2018;18:07:06;;-;-;;
1549;Trovan Unique;"0006B3A9DA";14.06.2018;18:07:07;;-;-;;
1550;Trovan Unique;"0006B3A9DA";14.06.2018;18:07:08;;-;-;;
1551;Trovan Unique;"0006B3A9DA";14.06.2018;18:07:09;;-;-;;
1552;Trovan Unique;"0006B3A9DA";14.06.2018;18:07:10;;-;-;;
1553;Trovan Unique;"0006B3A9DA";14.06.2018;18:07:11;;-;-;;
1554;Trovan Unique;"0006B3A9DA";14.06.2018;18:07:12;;-;-;;
1555;Trovan Unique;"0006B3A9DA";14.06.2018;18:07:13;;-;-;;
1556;Trovan Unique;"0006B3A9DA";14.06.2018;18:07:14;;-;-;;
1557;Trovan Unique;"0006B3A9DA";14.06.2018;18:07:15;;-;-;;
1558;Trovan Unique;"0006B3A9DA";14.06.2018;18:07:16;;-;-;;
1559;Trovan Unique;"0006B3A9DA";14.06.2018;18:07:17;;-;-;;
1560;Trovan Unique;"0006B3A9DA";14.06.2018;18:07:18;;-;-;;
1561;Trovan Unique;"0006B3A9DA";14.06.2018;18:07:19;;-;-;;
1562;Trovan Unique;"0006B3A9DA";14.06.2018;18:07:20;;-;-;;
1563;Trovan Unique;"0006B3A9DA";14.06.2018;18:07:22;;-;-;;
1564;Trovan Unique;"0006B3A9DA";14.06.2018;18:07:23;;-;-;;
1565;Trovan Unique;"0006B3A9DA";14.06.2018;18:07:24;;-;-;;
1566;Trovan Unique;"0006B3A9DA";14.06.2018;18:07:25;;-;-;;
1567;Trovan Unique;"0006B3A9DA";14.06.2018;18:07:26;;-;-;;
1568;Trovan Unique;"0006B3A9DA";14.06.2018;18:07:27;;-;-;;
1569;Trovan Unique;"0006B3A9DA";14.06.2018;18:07:28;;-;-;;
1570;Trovan Unique;"0006B3A9DA";14.06.2018;18:07:29;;-;-;;
1571;Trovan Unique;"0006B3A9DA";14.06.2018;18:07:30;;-;-;;
1572;Trovan Unique;"0006B3A9DA";14.06.2018;18:07:31;;-;-;;
1573;Trovan Unique;"0006B3A9DA";14.06.2018;18:07:32;;-;-;;
1574;Trovan Unique;"0006B3A9DA";14.06.2018;18:07:33;;-;-;;
1575;Trovan Unique;"0006B3A9DA";14.06.2018;18:07:34;;-;-;;
1576;Trovan Unique;"0006B3A9DA";14.06.2018;18:07:35;;-;-;;
1577;Trovan Unique;"0006B3A9DA";14.06.2018;18:07:36;;-;-;;
1578;Trovan Unique;"0006B3A9DA";14.06.2018;18:07:37;;-;-;;
1579;Trovan Unique;"0006B3A9DA";14.06.2018;18:07:38;;-;-;;
1580;Trovan Unique;"0006B3A9DA";14.06.2018;18:07:39;;-;-;;
1581;Trovan Unique;"0006B3A9DA";14.06.2018;18:07:40;;-;-;;
1582;Trovan Unique;"0006B3A9DA";14.06.2018;18:07:41;;-;-;;
1583;Trovan Unique;"0006B3A9DA";14.06.2018;18:07:42;;-;-;;
1584;Trovan Unique;"0006B3A9DA";14.06.2018;18:07:43;;-;-;;
1585;Trovan Unique;"0006B3A9DA";14.06.2018;18:07:44;;-;-;;
1586;Trovan Unique;"0006B3A9DA";14.06.2018;18:07:45;;-;-;;
1587;Trovan Unique;"0006B3A9DA";14.06.2018;18:07:46;;-;-;;
1588;Trovan Unique;"0006B3A9DA";14.06.2018;18:07:47;;-;-;;
1589;Trovan Unique;"0006B3A9DA";14.06.2018;18:07:48;;-;-;;
1590;Trovan Unique;"0006B3A9DA";14.06.2018;18:07:49;;-;-;;
1591;Trovan Unique;"0006B3A9DA";14.06.2018;18:07:50;;-;-;;
1592;Trovan Unique;"0006B3A9DA";14.06.2018;18:07:51;;-;-;;
1593;Trovan Unique;"0006B3A9DA";14.06.2018;18:07:52;;-;-;;
1594;Trovan Unique;"0006B3A9DA";14.06.2018;18:07:53;;-;-;;
1595;Trovan Unique;"0006B3A9DA";14.06.2018;18:07:54;;-;-;;
1596;Trovan Unique;"0006B3A9DA";14.06.2018;18:07:55;;-;-;;
1597;Trovan Unique;"0006B3A9DA";14.06.2018;18:07:56;;-;-;;
1598;Trovan Unique;"0006B3A9DA";14.06.2018;18:07:57;;-;-;;
1599;Trovan Unique;"0006B3A9DA";14.06.2018;18:07:58;;-;-;;
1600;Trovan Unique;"0006B3A9DA";14.06.2018;18:07:59;;-;-;;
1601;Trovan Unique;"0006B3A9DA";14.06.2018;18:08:00;;-;-;;
1602;Trovan Unique;"0006B3A9DA";14.06.2018;18:08:01;;-;-;;
1603;Trovan Unique;"0006B3A9DA";14.06.2018;18:08:02;;-;-;;
1604;Trovan Unique;"0006B3A9DA";14.06.2018;18:08:03;;-;-;;
1605;Trovan Unique;"0006B3A9DA";14.06.2018;18:08:04;;-;-;;
1606;Trovan Unique;"0006B3A9DA";14.06.2018;18:08:05;;-;-;;
1607;Trovan Unique;"0006B3A9DA";14.06.2018;18:08:06;;-;-;;
1608;Trovan Unique;"0006B3A9DA";14.06.2018;18:08:07;;-;-;;
1609;Trovan Unique;"0006B3A9DA";14.06.2018;18:08:08;;-;-;;
1610;Trovan Unique;"0006B3A9DA";14.06.2018;18:08:09;;-;-;;
1611;Trovan Unique;"0006B3A9DA";14.06.2018;18:08:10;;-;-;;
1612;Trovan Unique;"0006B3A9DA";14.06.2018;18:08:11;;-;-;;
1613;Trovan Unique;"0006B3A9DA";14.06.2018;18:08:12;;-;-;;
1614;Trovan Unique;"0006B3A9DA";14.06.2018;18:08:13;;-;-;;
1615;Trovan Unique;"0006B3A9DA";14.06.2018;18:08:14;;-;-;;
1616;Trovan Unique;"0006B3A9DA";14.06.2018;18:08:15;;-;-;;
1617;Trovan Unique;"0006B3A9DA";14.06.2018;18:08:16;;-;-;;
1618;Trovan Unique;"0006B3A9DA";14.06.2018;18:08:17;;-;-;;
1619;Trovan Unique;"0006B3A9DA";14.06.2018;18:08:18;;-;-;;
1620;Trovan Unique;"0006B3A9DA";14.06.2018;18:08:19;;-;-;;
1621;Trovan Unique;"0006B3A9DA";14.06.2018;18:08:20;;-;-;;
1622;Trovan Unique;"0006B3A9DA";14.06.2018;18:08:21;;-;-;;
1623;Trovan Unique;"0006B3A9DA";14.06.2018;18:08:22;;-;-;;
1624;Trovan Unique;"0006B3A9DA";14.06.2018;18:08:23;;-;-;;
1625;Trovan Unique;"0006B3A9DA";14.06.2018;18:08:24;;-;-;;
1626;Trovan Unique;"0006B3A9DA";14.06.2018;18:08:25;;-;-;;
1627;Trovan Unique;"0006B3A9DA";14.06.2018;18:08:26;;-;-;;
1628;Trovan Unique;"0006B3A9DA";14.06.2018;18:08:27;;-;-;;
1629;Trovan Unique;"0006B3A9DA";14.06.2018;18:08:28;;-;-;;
1630;Trovan Unique;"0006B3A9DA";14.06.2018;18:08:29;;-;-;;
1631;Trovan Unique;"0006B3A9DA";14.06.2018;18:08:30;;-;-;;
1632;Trovan Unique;"0006B3A9DA";14.06.2018;18:08:31;;-;-;;
1633;Trovan Unique;"0006B3A9DA";14.06.2018;18:08:32;;-;-;;
1634;Trovan Unique;"0006B3A9DA";14.06.2018;18:08:33;;-;-;;
1635;Trovan Unique;"0006B3A9DA";14.06.2018;18:08:34;;-;-;;
1636;Trovan Unique;"0006B3A9DA";14.06.2018;18:08:35;;-;-;;
1637;Trovan Unique;"0006B3A9DA";14.06.2018;18:08:36;;-;-;;
1638;Trovan Unique;"0006B3A9DA";14.06.2018;18:08:37;;-;-;;
1639;Trovan Unique;"0006B3A9DA";14.06.2018;18:08:38;;-;-;;
1640;Trovan Unique;"0006B3A9DA";14.06.2018;18:08:39;;-;-;;
1641;Trovan Unique;"0006B3A9DA";14.06.2018;18:08:40;;-;-;;
1642;Trovan Unique;"0006B3A9DA";14.06.2018;18:08:41;;-;-;;
1643;Trovan Unique;"0006B3A9DA";14.06.2018;18:08:42;;-;-;;
1644;Trovan Unique;"0006B3A9DA";14.06.2018;18:08:43;;-;-;;
1645;Trovan Unique;"0006B3A9DA";14.06.2018;18:08:44;;-;-;;
1646;Trovan Unique;"0006B3A9DA";14.06.2018;18:08:45;;-;-;;
1647;Trovan Unique;"0006B3A9DA";14.06.2018;18:08:46;;-;-;;
1648;Trovan Unique;"0006B3A9DA";14.06.2018;18:08:47;;-;-;;
1649;Trovan Unique;"0006B3A9DA";14.06.2018;18:08:48;;-;-;;
1650;Trovan Unique;"0006B3A9DA";14.06.2018;18:08:49;;-;-;;
1651;Trovan Unique;"0006B3A9DA";14.06.2018;18:08:50;;-;-;;
1652;Trovan Unique;"0006B3A9DA";14.06.2018;18:08:51;;-;-;;
1653;Trovan Unique;"0006B3A9DA";14.06.2018;18:08:52;;-;-;;
1654;Trovan Unique;"0006B3A9DA";14.06.2018;18:08:53;;-;-;;
1655;Trovan Unique;"0006B3A9DA";14.06.2018;18:08:54;;-;-;;
1656;Trovan Unique;"0006B3A9DA";14.06.2018;18:08:55;;-;-;;
1657;Trovan Unique;"0006B3A9DA";14.06.2018;18:08:56;;-;-;;
1658;Trovan Unique;"0006B3A9DA";14.06.2018;18:08:57;;-;-;;
1659;Trovan Unique;"0006B3A9DA";14.06.2018;18:08:58;;-;-;;
1660;Trovan Unique;"0006B3A9DA";14.06.2018;18:08:59;;-;-;;
1661;Trovan Unique;"0006B3A9DA";14.06.2018;18:09:00;;-;-;;
1662;Trovan Unique;"0006B3A9DA";14.06.2018;18:09:01;;-;-;;
1663;Trovan Unique;"0006B3A9DA";14.06.2018;18:09:02;;-;-;;
1664;Trovan Unique;"0006B3A9DA";14.06.2018;18:09:03;;-;-;;
1665;Trovan Unique;"0006B3A9DA";14.06.2018;18:09:04;;-;-;;
1666;Trovan Unique;"0006B3A9DA";14.06.2018;18:09:05;;-;-;;
1667;Trovan Unique;"0006B3A9DA";14.06.2018;18:09:06;;-;-;;
1668;Trovan Unique;"0006B3A9DA";14.06.2018;18:09:07;;-;-;;
1669;Trovan Unique;"0006B3A9DA";14.06.2018;18:09:08;;-;-;;
1670;Trovan Unique;"0006B3A9DA";14.06.2018;18:09:09;;-;-;;
1671;Trovan Unique;"0006B3A9DA";14.06.2018;18:09:10;;-;-;;
1672;Trovan Unique;"0006B3A9DA";14.06.2018;18:09:11;;-;-;;
1673;Trovan Unique;"0006B3A9DA";14.06.2018;18:09:12;;-;-;;
1674;Trovan Unique;"0006B3A9DA";14.06.2018;18:09:13;;-;-;;
1675;Trovan Unique;"0006B3A9DA";14.06.2018;18:09:14;;-;-;;
1676;Trovan Unique;"0006B3A9DA";14.06.2018;18:09:15;;-;-;;
1677;Trovan Unique;"0006B3A9DA";14.06.2018;18:09:16;;-;-;;
1678;Trovan Unique;"0006B3A9DA";14.06.2018;18:09:17;;-;-;;
1679;Trovan Unique;"0006B3A9DA";14.06.2018;18:09:18;;-;-;;
1680;Trovan Unique;"0006B3A9DA";14.06.2018;18:09:19;;-;-;;
1681;Trovan Unique;"0006B3A9DA";14.06.2018;18:09:20;;-;-;;
1682;Trovan Unique;"0006B3A9DA";14.06.2018;18:09:21;;-;-;;
1683;Trovan Unique;"0006B3A9DA";14.06.2018;18:09:22;;-;-;;
1684;Trovan Unique;"0006B3A9DA";14.06.2018;18:09:23;;-;-;;
1685;Trovan Unique;"0006B3A9DA";14.06.2018;18:09:24;;-;-;;
1686;Trovan Unique;"0006B3A9DA";14.06.2018;18:09:25;;-;-;;
1687;Trovan Unique;"0006B3A9DA";14.06.2018;18:09:26;;-;-;;
1688;Trovan Unique;"0006B3A9DA";14.06.2018;18:09:27;;-;-;;
1689;Trovan Unique;"0006B3A9DA";14.06.2018;18:09:28;;-;-;;
1690;Trovan Unique;"0006B3A9DA";14.06.2018;18:09:29;;-;-;;
1691;Trovan Unique;"0006B3A9DA";14.06.2018;18:09:30;;-;-;;
1692;Trovan Unique;"0006B3A9DA";14.06.2018;18:09:31;;-;-;;
1693;Trovan Unique;"0006B3A9DA";14.06.2018;18:09:32;;-;-;;
1694;Trovan Unique;"0006B3A9DA";14.06.2018;18:09:33;;-;-;;
1695;Trovan Unique;"0006B3A9DA";14.06.2018;18:09:34;;-;-;;
1696;Trovan Unique;"0006B3A9DA";14.06.2018;18:09:35;;-;-;;
1697;Trovan Unique;"0006B3A9DA";14.06.2018;18:09:36;;-;-;;
1698;Trovan Unique;"0006B3A9DA";14.06.2018;18:09:37;;-;-;;
1699;Trovan Unique;"0006B3A9DA";14.06.2018;18:09:38;;-;-;;
1700;Trovan Unique;"0006B3A9DA";14.06.2018;18:09:39;;-;-;;
1701;Trovan Unique;"0006B3A9DA";14.06.2018;18:09:40;;-;-;;
1702;Trovan Unique;"0006B3A9DA";14.06.2018;18:09:41;;-;-;;
1703;Trovan Unique;"0006B3A9DA";14.06.2018;18:09:42;;-;-;;
1704;Trovan Unique;"0006B3A9DA";14.06.2018;18:09:43;;-;-;;
1705;Trovan Unique;"0006B3A9DA";14.06.2018;18:09:44;;-;-;;
1706;Trovan Unique;"0006B3A9DA";14.06.2018;18:09:45;;-;-;;
1707;Trovan Unique;"0006B3A9DA";14.06.2018;18:09:46;;-;-;;
1708;Trovan Unique;"0006B3A9DA";14.06.2018;18:09:47;;-;-;;
1709;Trovan Unique;"0006B3A9DA";14.06.2018;18:09:48;;-;-;;
1710;Trovan Unique;"0006B3A9DA";14.06.2018;18:09:49;;-;-;;
1711;Trovan Unique;"0006B3A9DA";14.06.2018;18:09:50;;-;-;;
1712;Trovan Unique;"0006B3A9DA";14.06.2018;18:09:51;;-;-;;
1713;Trovan Unique;"0006B3A9DA";14.06.2018;18:09:52;;-;-;;
1714;Trovan Unique;"0006B3A9DA";14.06.2018;18:09:53;;-;-;;
1715;Trovan Unique;"0006B3A9DA";14.06.2018;18:09:54;;-;-;;
1716;Trovan Unique;"0006B3A9DA";14.06.2018;18:09:55;;-;-;;
1717;Trovan Unique;"0006B3A9DA";14.06.2018;18:09:56;;-;-;;
1718;Trovan Unique;"0006B3A9DA";14.06.2018;18:09:57;;-;-;;
1719;Trovan Unique;"0006B3A9DA";14.06.2018;18:09:58;;-;-;;
1720;Trovan Unique;"0006B3A9DA";14.06.2018;18:09:59;;-;-;;
1721;Trovan Unique;"0006B3A9DA";14.06.2018;18:10:00;;-;-;;
1722;Trovan Unique;"0006B3A9DA";14.06.2018;18:10:01;;-;-;;
1723;Trovan Unique;"0006B3A9DA";14.06.2018;18:10:02;;-;-;;
1724;Trovan Unique;"0006B3A9DA";14.06.2018;18:10:03;;-;-;;
1725;Trovan Unique;"0006B3A9DA";14.06.2018;18:10:04;;-;-;;
1726;Trovan Unique;"0006B3A9DA";14.06.2018;18:10:05;;-;-;;
1727;Trovan Unique;"0006B3A9DA";14.06.2018;18:10:06;;-;-;;
1728;Trovan Unique;"0006B3A9DA";14.06.2018;18:10:07;;-;-;;
1729;Trovan Unique;"0006B3A9DA";14.06.2018;18:10:08;;-;-;;
1730;Trovan Unique;"0006B3A9DA";14.06.2018;18:10:09;;-;-;;
1731;Trovan Unique;"0006B3A9DA";14.06.2018;18:10:10;;-;-;;
1732;Trovan Unique;"0006B3A9DA";14.06.2018;18:10:11;;-;-;;
1733;Trovan Unique;"0006B3A9DA";14.06.2018;18:10:12;;-;-;;
1734;Trovan Unique;"0006B3A9DA";14.06.2018;18:10:13;;-;-;;
1735;Trovan Unique;"0006B3A9DA";14.06.2018;18:10:14;;-;-;;
1736;Trovan Unique;"0006B3A9DA";14.06.2018;18:10:15;;-;-;;
1737;Trovan Unique;"0006B3A9DA";14.06.2018;18:10:16;;-;-;;
1738;Trovan Unique;"0006B3A9DA";14.06.2018;18:10:17;;-;-;;
1739;Trovan Unique;"0006B3A9DA";14.06.2018;18:10:18;;-;-;;
1740;Trovan Unique;"0006B3A9DA";14.06.2018;18:10:19;;-;-;;
1741;Trovan Unique;"0006B3A9DA";14.06.2018;18:10:20;;-;-;;
1742;Trovan Unique;"0006B3A9DA";14.06.2018;18:10:21;;-;-;;
1743;Trovan Unique;"0006B3A9DA";14.06.2018;18:10:22;;-;-;;
1744;Trovan Unique;"0006B3A9DA";14.06.2018;18:10:23;;-;-;;
1745;Trovan Unique;"0006B3A9DA";14.06.2018;18:10:24;;-;-;;
1746;Trovan Unique;"0006B3A9DA";14.06.2018;18:10:25;;-;-;;
1747;Trovan Unique;"0006B3A9DA";14.06.2018;18:10:26;;-;-;;
1748;Trovan Unique;"0006B3A9DA";14.06.2018;18:10:27;;-;-;;
1749;Trovan Unique;"0006B3A9DA";14.06.2018;18:10:28;;-;-;;
1750;Trovan Unique;"0006B3A9DA";14.06.2018;18:10:29;;-;-;;
1751;Trovan Unique;"0006B3A9DA";14.06.2018;18:10:30;;-;-;;
1752;Trovan Unique;"0006B3A9DA";14.06.2018;18:10:31;;-;-;;
1753;Trovan Unique;"0006B3A9DA";14.06.2018;18:10:32;;-;-;;
1754;Trovan Unique;"0006B3A9DA";14.06.2018;18:10:33;;-;-;;
1755;Trovan Unique;"0006B3A9DA";14.06.2018;18:10:34;;-;-;;
1756;Trovan Unique;"0006B3A9DA";14.06.2018;18:10:35;;-;-;;
1757;Trovan Unique;"0006B3A9DA";14.06.2018;18:10:36;;-;-;;
1758;Trovan Unique;"0006B3A9DA";14.06.2018;18:10:37;;-;-;;
1759;Trovan Unique;"0006B3A9DA";14.06.2018;18:10:38;;-;-;;
1760;Trovan Unique;"0006B3A9DA";14.06.2018;18:10:39;;-;-;;
1761;Trovan Unique;"0006B3A9DA";14.06.2018;18:10:40;;-;-;;
1762;Trovan Unique;"0006B3A9DA";14.06.2018;18:10:41;;-;-;;
1763;Trovan Unique;"0006B3A9DA";14.06.2018;18:10:42;;-;-;;
1764;Trovan Unique;"0006B3A9DA";14.06.2018;18:10:43;;-;-;;
1765;Trovan Unique;"0006B3A9DA";14.06.2018;18:10:45;;-;-;;
1766;Trovan Unique;"0006B3A9DA";14.06.2018;18:10:46;;-;-;;
1767;Trovan Unique;"0006B3A9DA";14.06.2018;18:10:47;;-;-;;
1768;Trovan Unique;"0006B3A9DA";14.06.2018;18:10:48;;-;-;;
1769;Trovan Unique;"0006B3A9DA";14.06.2018;18:10:49;;-;-;;
1770;Trovan Unique;"0006B3A9DA";14.06.2018;18:10:50;;-;-;;
1771;Trovan Unique;"0006B3A9DA";14.06.2018;18:10:51;;-;-;;
1772;Trovan Unique;"0006B3A9DA";14.06.2018;18:10:52;;-;-;;
1773;Trovan Unique;"0006B3A9DA";14.06.2018;18:10:53;;-;-;;
1774;Trovan Unique;"0006B3A9DA";14.06.2018;18:10:54;;-;-;;
1775;Trovan Unique;"0006B3A9DA";14.06.2018;18:10:55;;-;-;;
1776;Trovan Unique;"0006B3A9DA";14.06.2018;18:10:56;;-;-;;
1777;Trovan Unique;"0006B3A9DA";14.06.2018;18:10:57;;-;-;;
1778;Trovan Unique;"0006B3A9DA";14.06.2018;18:10:58;;-;-;;
1779;Trovan Unique;"0006B3A9DA";14.06.2018;18:10:59;;-;-;;
1780;Trovan Unique;"0006B3A9DA";14.06.2018;18:11:00;;-;-;;
1781;Trovan Unique;"0006B3A9DA";14.06.2018;18:11:01;;-;-;;
1782;Trovan Unique;"0006B3A9DA";14.06.2018;18:11:02;;-;-;;
1783;Trovan Unique;"0006B3A9DA";14.06.2018;18:11:03;;-;-;;
1784;Trovan Unique;"0006B3A9DA";14.06.2018;18:11:04;;-;-;;
1785;Trovan Unique;"0006B3A9DA";14.06.2018;18:11:05;;-;-;;
1786;Trovan Unique;"0006B3A9DA";14.06.2018;18:11:06;;-;-;;
1787;Trovan Unique;"0006B3A9DA";14.06.2018;18:11:07;;-;-;;
1788;Trovan Unique;"0006B3A9DA";14.06.2018;18:11:08;;-;-;;
1789;Trovan Unique;"0006B3A9DA";14.06.2018;18:11:09;;-;-;;
1790;Trovan Unique;"0006B3A9DA";14.06.2018;18:11:10;;-;-;;
1791;Trovan Unique;"0006B3A9DA";14.06.2018;18:11:11;;-;-;;
1792;Trovan Unique;"0006B3A9DA";14.06.2018;18:11:12;;-;-;;
1793;Trovan Unique;"0006B3A9DA";14.06.2018;18:11:13;;-;-;;
1794;Trovan Unique;"0006B3A9DA";14.06.2018;18:11:14;;-;-;;
1795;Trovan Unique;"0006B3A9DA";14.06.2018;18:11:15;;-;-;;
1796;Trovan Unique;"0006B3A9DA";14.06.2018;18:11:16;;-;-;;
1797;Trovan Unique;"0006B3A9DA";14.06.2018;18:11:17;;-;-;;
1798;Trovan Unique;"0006B3A9DA";14.06.2018;18:11:18;;-;-;;
1799;Trovan Unique;"0006B3A9DA";14.06.2018;18:11:19;;-;-;;
1800;Trovan Unique;"0006B3A9DA";14.06.2018;18:11:20;;-;-;;
1801;Trovan Unique;"0006B3A9DA";14.06.2018;18:11:21;;-;-;;
1802;Trovan Unique;"0006B3A9DA";14.06.2018;18:11:22;;-;-;;
1803;Trovan Unique;"0006B3A9DA";14.06.2018;18:11:23;;-;-;;
1804;Trovan Unique;"0006B3A9DA";14.06.2018;18:11:24;;-;-;;
1805;Trovan Unique;"0006B3A9DA";14.06.2018;18:11:25;;-;-;;
1806;Trovan Unique;"0006B3A9DA";14.06.2018;18:11:26;;-;-;;
1807;Trovan Unique;"0006B3A9DA";14.06.2018;18:11:27;;-;-;;
1808;Trovan Unique;"0006B3A9DA";14.06.2018;18:11:28;;-;-;;
1809;Trovan Unique;"0006B3A9DA";14.06.2018;18:11:29;;-;-;;
1810;Trovan Unique;"0006B3A9DA";14.06.2018;18:11:30;;-;-;;
1811;Trovan Unique;"0006B3A9DA";14.06.2018;18:11:31;;-;-;;
1812;Trovan Unique;"0006B3A9DA";14.06.2018;18:11:32;;-;-;;
1813;Trovan Unique;"0006B3A9DA";14.06.2018;18:11:33;;-;-;;
1814;Trovan Unique;"0006B3A9DA";14.06.2018;18:11:34;;-;-;;
1815;Trovan Unique;"0006B3A9DA";14.06.2018;18:11:35;;-;-;;
1816;Trovan Unique;"0006B3A9DA";14.06.2018;18:11:36;;-;-;;
1817;Trovan Unique;"0006B3A9DA";14.06.2018;18:11:37;;-;-;;
1818;Trovan Unique;"0006B3A9DA";14.06.2018;18:11:38;;-;-;;
1819;Trovan Unique;"0006B3A9DA";14.06.2018;18:11:39;;-;-;;
1820;Trovan Unique;"0006B3A9DA";14.06.2018;18:11:43;;-;-;;
1821;Trovan Unique;"0006B3A9DA";14.06.2018;18:11:47;;-;-;;
1822;Trovan Unique;"0006B3A9DA";14.06.2018;18:11:47;;-;-;;
1823;Trovan Unique;"0006B3A9DA";14.06.2018;18:11:51;;-;-;;
1824;Trovan Unique;"0006B3A9DA";14.06.2018;18:11:52;;-;-;;
1825;Trovan Unique;"0006B3A9DA";14.06.2018;18:11:56;;-;-;;
1826;Trovan Unique;"0006B3A9DA";14.06.2018;18:11:57;;-;-;;
1827;Trovan Unique;"0006B3A9DA";14.06.2018;18:12:08;;-;-;;
1828;Trovan Unique;"0006B3A610";14.06.2018;18:22:15;;-;-;;
1829;Trovan Unique;"0006B3A610";14.06.2018;18:22:16;;-;-;;
1830;Trovan Unique;"0006B3A610";14.06.2018;18:22:17;;-;-;;
1831;Trovan Unique;"0006B3A610";14.06.2018;18:22:18;;-;-;;
1832;Trovan Unique;"0006B3A610";14.06.2018;18:22:19;;-;-;;
1833;Trovan Unique;"0006B3A610";14.06.2018;18:22:20;;-;-;;
1834;Trovan Unique;"0006B3A610";14.06.2018;18:22:21;;-;-;;
1835;Trovan Unique;"0006B3A610";14.06.2018;18:22:22;;-;-;;
1836;Trovan Unique;"0006B3A610";14.06.2018;18:22:23;;-;-;;
1837;Trovan Unique;"0006B3A610";14.06.2018;18:22:24;;-;-;;
1838;Trovan Unique;"0006B3A610";14.06.2018;18:22:25;;-;-;;
1839;Trovan Unique;"0006B3A610";14.06.2018;18:22:26;;-;-;;
1840;Trovan Unique;"0006B3A610";14.06.2018;18:56:55;;-;-;;
1841;Trovan Unique;"0006B3A610";14.06.2018;18:57:01;;-;-;;
1842;Trovan Unique;"0006CC1F85";14.06.2018;19:02:56;;-;-;;
1843;Trovan Unique;"0006CC1F85";14.06.2018;19:02:57;;-;-;;
1844;Trovan Unique;"0006CC1F85";14.06.2018;19:02:58;;-;-;;
1845;Trovan Unique;"0006CC1F85";14.06.2018;19:03:01;;-;-;;
1846;Trovan Unique;"0006CC1F85";14.06.2018;19:03:03;;-;-;;
1847;Trovan Unique;"0006CC1F85";14.06.2018;19:03:06;;-;-;;
1848;Trovan Unique;"0006CC1F85";14.06.2018;19:03:08;;-;-;;
1849;Trovan Unique;"0006CC1F85";14.06.2018;19:03:09;;-;-;;
1850;Trovan Unique;"0006CC1F85";14.06.2018;19:03:10;;-;-;;
1851;Trovan Unique;"0006CC1F85";14.06.2018;19:03:11;;-;-;;
1852;Trovan Unique;"0006CC1F85";14.06.2018;19:03:12;;-;-;;
1853;Trovan Unique;"0006CC1F85";14.06.2018;19:03:13;;-;-;;
1854;Trovan Unique;"0006CC1F85";14.06.2018;19:03:15;;-;-;;
1855;Trovan Unique;"0006CC1F85";14.06.2018;19:03:17;;-;-;;
1856;Trovan Unique;"0006CC1F85";14.06.2018;19:03:19;;-;-;;
1857;Trovan Unique;"0006CC1F85";14.06.2018;19:03:54;;-;-;;
1858;Trovan Unique;"0006CC1F85";14.06.2018;19:03:55;;-;-;;
1859;Trovan Unique;"0006CC1F85";14.06.2018;19:03:56;;-;-;;
1860;Trovan Unique;"0006CC1F85";14.06.2018;19:03:59;;-;-;;
1861;Trovan Unique;"0006CC1F85";14.06.2018;19:04:00;;-;-;;
1862;Trovan Unique;"0006CC1F85";14.06.2018;19:04:01;;-;-;;
1863;Trovan Unique;"0006CC1F85";14.06.2018;19:04:02;;-;-;;
1864;Trovan Unique;"0006CC1F85";14.06.2018;19:04:09;;-;-;;
1865;Trovan Unique;"0006CC1F85";14.06.2018;19:04:12;;-;-;;
1866;Trovan Unique;"0006CC1F85";14.06.2018;19:04:16;;-;-;;
1867;Trovan Unique;"0006CC1F85";14.06.2018;19:04:17;;-;-;;
1868;Trovan Unique;"0006CC1F85";14.06.2018;19:04:20;;-;-;;
1869;Trovan Unique;"0006CC1F85";14.06.2018;19:04:22;;-;-;;
1870;Trovan Unique;"0006CC1F85";14.06.2018;19:04:24;;-;-;;
1871;Trovan Unique;"0006CC1F85";14.06.2018;19:04:25;;-;-;;
1872;Trovan Unique;"0006CC1F85";14.06.2018;19:04:27;;-;-;;
1873;Trovan Unique;"0006CC1F85";14.06.2018;19:04:28;;-;-;;
1874;Trovan Unique;"0006CC1F85";14.06.2018;19:04:29;;-;-;;
1875;Trovan Unique;"0006CC1F85";14.06.2018;19:04:35;;-;-;;
1876;Trovan Unique;"0006CC1F85";14.06.2018;19:04:40;;-;-;;
1877;Trovan Unique;"0006CC1F85";14.06.2018;19:04:43;;-;-;;
1878;Trovan Unique;"0006CC1F85";14.06.2018;20:47:19;;-;-;;
1879;Trovan Unique;"0006CC1F85";14.06.2018;20:47:28;;-;-;;
1880;Trovan Unique;"0006CC1F85";14.06.2018;20:47:32;;-;-;;
1881;Trovan Unique;"0006CC1F85";14.06.2018;20:47:37;;-;-;;
1882;Trovan Unique;"0006CC1F85";14.06.2018;20:47:38;;-;-;;
1883;Trovan Unique;"0006CC1F85";14.06.2018;20:47:40;;-;-;;
1884;Trovan Unique;"0006CC1F85";14.06.2018;20:47:41;;-;-;;
1885;Trovan Unique;"0006CC1F85";14.06.2018;20:47:43;;-;-;;
1886;Trovan Unique;"0006CC1F85";14.06.2018;20:47:44;;-;-;;
1887;Trovan Unique;"0006CC1F85";14.06.2018;20:47:45;;-;-;;
1888;Trovan Unique;"0006CC1F85";14.06.2018;20:47:46;;-;-;;
1889;Trovan Unique;"0006CC1F85";14.06.2018;20:47:47;;-;-;;
1890;Trovan Unique;"0006CC1F85";14.06.2018;20:47:48;;-;-;;
1891;Trovan Unique;"0006CC1F85";14.06.2018;20:47:49;;-;-;;
1892;Trovan Unique;"0006A81984";14.06.2018;20:48:02;;-;-;;
1893;Trovan Unique;"0006CC1F85";14.06.2018;20:48:06;;-;-;;
1894;Trovan Unique;"0006CC1F85";14.06.2018;20:48:20;;-;-;;
1895;Trovan Unique;"0006CC1F85";14.06.2018;20:48:22;;-;-;;
1896;Trovan Unique;"0006CC1F85";14.06.2018;20:48:23;;-;-;;
1897;Trovan Unique;"0006CC1F85";14.06.2018;20:48:24;;-;-;;
1898;Trovan Unique;"0006CC1F85";14.06.2018;20:48:25;;-;-;;
1899;Trovan Unique;"0006CC1F85";14.06.2018;20:48:26;;-;-;;
1900;Trovan Unique;"0006CC1F85";14.06.2018;20:48:27;;-;-;;
1901;Trovan Unique;"0006CC1F85";14.06.2018;20:48:28;;-;-;;
1902;Trovan Unique;"0006CC1F85";14.06.2018;20:48:29;;-;-;;
1903;Trovan Unique;"0006CC1F85";14.06.2018;20:48:30;;-;-;;
1904;Trovan Unique;"0006CC1F85";14.06.2018;20:48:31;;-;-;;
1905;Trovan Unique;"0006CC1F85";14.06.2018;20:48:32;;-;-;;
1906;Trovan Unique;"0006CC1F85";14.06.2018;20:48:33;;-;-;;
1907;Trovan Unique;"0006CC1F85";14.06.2018;20:48:34;;-;-;;
1908;Trovan Unique;"0006CC1F85";14.06.2018;20:48:35;;-;-;;
1909;Trovan Unique;"0006CC1F85";14.06.2018;20:48:36;;-;-;;
1910;Trovan Unique;"0006CC1F85";14.06.2018;20:48:37;;-;-;;
1911;Trovan Unique;"0006CC1F85";14.06.2018;20:48:38;;-;-;;
1912;Trovan Unique;"0006CC1F85";14.06.2018;20:48:39;;-;-;;
1913;Trovan Unique;"0006CC1F85";14.06.2018;20:48:40;;-;-;;
1914;Trovan Unique;"0006CC1F85";14.06.2018;20:48:41;;-;-;;
1915;Trovan Unique;"0006CC1F85";14.06.2018;20:48:42;;-;-;;
1916;Trovan Unique;"0006CC1F85";14.06.2018;20:48:43;;-;-;;
1917;Trovan Unique;"0006CC1F85";14.06.2018;20:48:44;;-;-;;
1918;Trovan Unique;"0006CC1F85";14.06.2018;20:48:45;;-;-;;
1919;Trovan Unique;"0006CC1F85";14.06.2018;20:48:46;;-;-;;
1920;Trovan Unique;"0006CC1F85";14.06.2018;20:48:47;;-;-;;
1921;Trovan Unique;"0006CC1F85";14.06.2018;20:48:48;;-;-;;
1922;Trovan Unique;"0006CC1F85";14.06.2018;20:48:49;;-;-;;
1923;Trovan Unique;"0006CC1F85";14.06.2018;20:48:51;;-;-;;
1924;Trovan Unique;"0006CC1F85";14.06.2018;20:48:52;;-;-;;
1925;Trovan Unique;"0006CC1F85";14.06.2018;20:48:53;;-;-;;
1926;Trovan Unique;"0006CC1F85";14.06.2018;20:48:54;;-;-;;
1927;Trovan Unique;"0006CC1F85";14.06.2018;20:48:55;;-;-;;
1928;Trovan Unique;"0006CC1F85";14.06.2018;20:48:56;;-;-;;
1929;Trovan Unique;"0006CC1F85";14.06.2018;20:48:57;;-;-;;
1930;Trovan Unique;"0006CC1F85";14.06.2018;20:48:58;;-;-;;
1931;Trovan Unique;"0006CC1F85";14.06.2018;20:48:59;;-;-;;
1932;Trovan Unique;"0006CC1F85";14.06.2018;20:49:00;;-;-;;
1933;Trovan Unique;"0006CC1F85";14.06.2018;20:49:01;;-;-;;
1934;Trovan Unique;"0006CC1F85";14.06.2018;20:49:02;;-;-;;
1935;Trovan Unique;"0006CC1F85";14.06.2018;20:49:03;;-;-;;
1936;Trovan Unique;"0006CC1F85";14.06.2018;20:49:04;;-;-;;
1937;Trovan Unique;"0006CC1F85";14.06.2018;20:49:05;;-;-;;
1938;Trovan Unique;"0006CC1F85";14.06.2018;20:49:06;;-;-;;
1939;Trovan Unique;"0006CC1F85";14.06.2018;20:49:07;;-;-;;
1940;Trovan Unique;"0006CC1F85";14.06.2018;20:49:08;;-;-;;
1941;Trovan Unique;"0006CC1F85";14.06.2018;20:49:09;;-;-;;
1942;Trovan Unique;"0006CC1F85";14.06.2018;20:49:10;;-;-;;
1943;Trovan Unique;"0006CC1F85";14.06.2018;20:49:11;;-;-;;
1944;Trovan Unique;"0006CC1F85";14.06.2018;20:49:12;;-;-;;
1945;Trovan Unique;"0006CC1F85";14.06.2018;20:49:13;;-;-;;
1946;Trovan Unique;"0006CC1F85";14.06.2018;20:49:14;;-;-;;
1947;Trovan Unique;"0006CC1F85";14.06.2018;20:49:15;;-;-;;
1948;Trovan Unique;"0006CC1F85";14.06.2018;20:49:16;;-;-;;
1949;Trovan Unique;"0006CC1F85";14.06.2018;20:49:17;;-;-;;
1950;Trovan Unique;"0006CC1F85";14.06.2018;20:49:18;;-;-;;
1951;Trovan Unique;"0006CC1F85";14.06.2018;20:49:19;;-;-;;
1952;Trovan Unique;"0006CC1F85";14.06.2018;20:49:20;;-;-;;
1953;Trovan Unique;"0006CC1F85";14.06.2018;20:49:21;;-;-;;
1954;Trovan Unique;"0006CC1F85";14.06.2018;20:49:22;;-;-;;
1955;Trovan Unique;"0006CC1F85";14.06.2018;20:49:23;;-;-;;
1956;Trovan Unique;"0006CC1F85";14.06.2018;20:49:24;;-;-;;
1957;Trovan Unique;"0006CC1F85";14.06.2018;20:49:25;;-;-;;
1958;Trovan Unique;"0006CC1F85";14.06.2018;20:49:26;;-;-;;
1959;Trovan Unique;"0006CC1F85";14.06.2018;20:49:27;;-;-;;
1960;Trovan Unique;"0006CC1F85";14.06.2018;20:49:28;;-;-;;
1961;Trovan Unique;"0006CC1F85";14.06.2018;20:49:29;;-;-;;
1962;Trovan Unique;"0006CC1F85";14.06.2018;20:49:30;;-;-;;
1963;Trovan Unique;"0006CC1F85";14.06.2018;20:49:31;;-;-;;
1964;Trovan Unique;"0006CC1F85";14.06.2018;20:49:32;;-;-;;
1965;Trovan Unique;"0006CC1F85";14.06.2018;20:49:33;;-;-;;
1966;Trovan Unique;"0006CC1F85";14.06.2018;20:49:34;;-;-;;
1967;Trovan Unique;"0006CC1F85";14.06.2018;20:49:35;;-;-;;
1968;Trovan Unique;"0006CC1F85";14.06.2018;20:49:36;;-;-;;
1969;Trovan Unique;"0006CC1F85";14.06.2018;20:49:37;;-;-;;
1970;Trovan Unique;"0006CC1F85";14.06.2018;20:49:38;;-;-;;
1971;Trovan Unique;"0006CC1F85";14.06.2018;20:49:39;;-;-;;
1972;Trovan Unique;"0006CC1F85";14.06.2018;20:49:40;;-;-;;
1973;Trovan Unique;"0006CC1F85";14.06.2018;20:49:41;;-;-;;
1974;Trovan Unique;"0006CC1F85";14.06.2018;20:49:42;;-;-;;
1975;Trovan Unique;"0006CC1F85";14.06.2018;20:49:43;;-;-;;
1976;Trovan Unique;"0006CC1F85";14.06.2018;20:49:44;;-;-;;
1977;Trovan Unique;"0006CC1F85";14.06.2018;20:49:45;;-;-;;
1978;Trovan Unique;"0006CC1F85";14.06.2018;20:49:46;;-;-;;
1979;Trovan Unique;"0006CC1F85";14.06.2018;20:49:47;;-;-;;
1980;Trovan Unique;"0006CC1F85";14.06.2018;20:49:48;;-;-;;
1981;Trovan Unique;"0006CC1F85";14.06.2018;20:49:49;;-;-;;
1982;Trovan Unique;"0006CC1F85";14.06.2018;20:49:50;;-;-;;
1983;Trovan Unique;"0006CC1F85";14.06.2018;20:49:51;;-;-;;
1984;Trovan Unique;"0006CC1F85";14.06.2018;20:49:52;;-;-;;
1985;Trovan Unique;"0006CC1F85";14.06.2018;20:49:53;;-;-;;
1986;Trovan Unique;"0006CC1F85";14.06.2018;20:49:55;;-;-;;
1987;Trovan Unique;"0006CC1F85";14.06.2018;20:49:56;;-;-;;
1988;Trovan Unique;"0006CC1F85";14.06.2018;20:49:57;;-;-;;
1989;Trovan Unique;"0006CC1F85";14.06.2018;20:50:01;;-;-;;
1990;Trovan Unique;"0006CC1F85";14.06.2018;20:50:02;;-;-;;
1991;Trovan Unique;"0006CC1F85";14.06.2018;20:50:03;;-;-;;
1992;Trovan Unique;"0006CC1F85";14.06.2018;20:50:04;;-;-;;
1993;Trovan Unique;"0006CC1F85";14.06.2018;20:50:05;;-;-;;
1994;Trovan Unique;"0006CC1F85";14.06.2018;20:50:06;;-;-;;
1995;Trovan Unique;"0006CC1F85";14.06.2018;20:50:08;;-;-;;
1996;Trovan Unique;"0006CC1F85";14.06.2018;20:50:09;;-;-;;
1997;Trovan Unique;"0006CC1F85";14.06.2018;20:50:11;;-;-;;
1998;Trovan Unique;"0006CC1F85";14.06.2018;20:50:12;;-;-;;
1999;Trovan Unique;"0006CC1F85";14.06.2018;20:50:13;;-;-;;
2000;Trovan Unique;"0006CC1F85";14.06.2018;20:50:14;;-;-;;
2001;Trovan Unique;"0006CC1F85";14.06.2018;20:50:15;;-;-;;
2002;Trovan Unique;"0006CC1F85";14.06.2018;20:50:16;;-;-;;
2003;Trovan Unique;"0006CC1F85";14.06.2018;20:50:21;;-;-;;
2004;Trovan Unique;"0006CC1F85";14.06.2018;20:50:22;;-;-;;
2005;Trovan Unique;"0006CC1F85";14.06.2018;20:50:24;;-;-;;
2006;Trovan Unique;"0006CC1F85";14.06.2018;20:50:25;;-;-;;
2007;Trovan Unique;"0006CC1F85";14.06.2018;20:50:27;;-;-;;
2008;Trovan Unique;"0006CC1F85";14.06.2018;20:50:28;;-;-;;
2009;Trovan Unique;"0006CC1F85";14.06.2018;20:50:29;;-;-;;
2010;Trovan Unique;"0006CC1F85";14.06.2018;20:50:30;;-;-;;
2011;Trovan Unique;"0006CC1F85";14.06.2018;20:50:31;;-;-;;
2012;Trovan Unique;"0006CC1F85";14.06.2018;20:50:32;;-;-;;
2013;Trovan Unique;"0006CC1F85";14.06.2018;20:50:33;;-;-;;
2014;Trovan Unique;"0006CC1F85";14.06.2018;20:50:34;;-;-;;
2015;Trovan Unique;"0006CC1F85";14.06.2018;20:50:35;;-;-;;
2016;Trovan Unique;"0006CC1F85";14.06.2018;20:50:36;;-;-;;
2017;Trovan Unique;"0006CC1F85";14.06.2018;20:50:37;;-;-;;
2018;Trovan Unique;"0006CC1F85";14.06.2018;20:50:40;;-;-;;
2019;Trovan Unique;"0006CC1F85";14.06.2018;20:50:48;;-;-;;
2020;Trovan Unique;"0006CC1F85";14.06.2018;20:50:51;;-;-;;
2021;Trovan Unique;"0006CC1F85";14.06.2018;20:50:52;;-;-;;
2022;Trovan Unique;"0006CC1F85";14.06.2018;20:50:53;;-;-;;
2023;Trovan Unique;"0006CC1F85";14.06.2018;20:50:54;;-;-;;
2024;Trovan Unique;"0006CC1F85";14.06.2018;20:50:55;;-;-;;
2025;Trovan Unique;"0006CC1F85";14.06.2018;20:50:56;;-;-;;
2026;Trovan Unique;"0006CC1F85";14.06.2018;20:50:57;;-;-;;
2027;Trovan Unique;"0006CC1F85";14.06.2018;20:50:58;;-;-;;
2028;Trovan Unique;"0006CC1F85";14.06.2018;20:50:59;;-;-;;
2029;Trovan Unique;"0006CC1F85";14.06.2018;20:51:00;;-;-;;
2030;Trovan Unique;"0006CC1F85";14.06.2018;20:51:01;;-;-;;
2031;Trovan Unique;"0006CC1F85";14.06.2018;20:51:03;;-;-;;
2032;Trovan Unique;"0006CC1F85";14.06.2018;20:51:04;;-;-;;
2033;Trovan Unique;"0006CC1F85";14.06.2018;20:51:05;;-;-;;
2034;Trovan Unique;"0006CC1F85";14.06.2018;20:51:06;;-;-;;
2035;Trovan Unique;"0006CC1F85";14.06.2018;20:51:07;;-;-;;
2036;Trovan Unique;"0006CC1F85";14.06.2018;20:51:08;;-;-;;
2037;Trovan Unique;"0006CC1F85";14.06.2018;20:51:09;;-;-;;
2038;Trovan Unique;"0006CC1F85";14.06.2018;20:51:10;;-;-;;
2039;Trovan Unique;"0006CC1F85";14.06.2018;20:51:11;;-;-;;
2040;Trovan Unique;"0006CC1F85";14.06.2018;20:51:12;;-;-;;
2041;Trovan Unique;"0006CC1F85";14.06.2018;20:51:13;;-;-;;
2042;Trovan Unique;"0006CC1F85";14.06.2018;20:51:14;;-;-;;
2043;Trovan Unique;"0006CC1F85";14.06.2018;20:51:15;;-;-;;
2044;Trovan Unique;"0006CC1F85";14.06.2018;20:51:16;;-;-;;
2045;Trovan Unique;"0006CC1F85";14.06.2018;20:51:17;;-;-;;
2046;Trovan Unique;"0006CC1F85";14.06.2018;20:51:18;;-;-;;
2047;Trovan Unique;"0006CC1F85";14.06.2018;20:51:19;;-;-;;
2048;Trovan Unique;"0006CC1F85";14.06.2018;20:51:20;;-;-;;
2049;Trovan Unique;"0006CC1F85";14.06.2018;20:51:21;;-;-;;
2050;Trovan Unique;"0006CC1F85";14.06.2018;20:51:22;;-;-;;
2051;Trovan Unique;"0006CC1F85";14.06.2018;20:51:23;;-;-;;
2052;Trovan Unique;"0006CC1F85";14.06.2018;20:51:24;;-;-;;
2053;Trovan Unique;"0006CC1F85";14.06.2018;20:51:25;;-;-;;
2054;Trovan Unique;"0006CC1F85";14.06.2018;20:51:26;;-;-;;
2055;Trovan Unique;"0006CC1F85";14.06.2018;20:51:27;;-;-;;
2056;Trovan Unique;"0006CC1F85";14.06.2018;20:51:28;;-;-;;
2057;Trovan Unique;"0006CC1F85";14.06.2018;20:51:30;;-;-;;
2058;Trovan Unique;"0006CC1F85";14.06.2018;20:51:31;;-;-;;
2059;Trovan Unique;"0006CC1F85";14.06.2018;20:51:32;;-;-;;
2060;Trovan Unique;"0006CC1F85";14.06.2018;20:51:33;;-;-;;
2061;Trovan Unique;"0006CC1F85";14.06.2018;20:51:34;;-;-;;
2062;Trovan Unique;"0006CC1F85";14.06.2018;20:51:35;;-;-;;
2063;Trovan Unique;"0006CC1F85";14.06.2018;20:51:36;;-;-;;
2064;Trovan Unique;"0006CC1F85";14.06.2018;20:51:37;;-;-;;
2065;Trovan Unique;"0006CC1F85";14.06.2018;20:51:38;;-;-;;
2066;Trovan Unique;"0006CC1F85";14.06.2018;20:51:39;;-;-;;
2067;Trovan Unique;"0006CC1F85";14.06.2018;20:51:40;;-;-;;
2068;Trovan Unique;"0006CC1F85";14.06.2018;20:51:41;;-;-;;
2069;Trovan Unique;"0006CC1F85";14.06.2018;20:51:42;;-;-;;
2070;Trovan Unique;"0006CC1F85";14.06.2018;20:51:43;;-;-;;
2071;Trovan Unique;"0006CC1F85";14.06.2018;20:51:44;;-;-;;
2072;Trovan Unique;"0006CC1F85";14.06.2018;20:51:45;;-;-;;
2073;Trovan Unique;"0006CC1F85";14.06.2018;20:51:46;;-;-;;
2074;Trovan Unique;"0006CC1F85";14.06.2018;20:51:47;;-;-;;
2075;Trovan Unique;"0006CC1F85";14.06.2018;20:51:48;;-;-;;
2076;Trovan Unique;"0006CC1F85";14.06.2018;20:51:49;;-;-;;
2077;Trovan Unique;"0006CC1F85";14.06.2018;20:51:50;;-;-;;
2078;Trovan Unique;"0006CC1F85";14.06.2018;20:51:51;;-;-;;
2079;Trovan Unique;"0006CC1F85";14.06.2018;20:51:52;;-;-;;
2080;Trovan Unique;"0006CC1F85";14.06.2018;20:51:53;;-;-;;
2081;Trovan Unique;"0006CC1F85";14.06.2018;20:51:54;;-;-;;
2082;Trovan Unique;"0006CC1F85";14.06.2018;20:51:55;;-;-;;
2083;Trovan Unique;"0006CC1F85";14.06.2018;20:51:56;;-;-;;
2084;Trovan Unique;"0006CC1F85";14.06.2018;20:51:57;;-;-;;
2085;Trovan Unique;"0006CC1F85";14.06.2018;20:51:58;;-;-;;
2086;Trovan Unique;"0006CC1F85";14.06.2018;20:51:59;;-;-;;
2087;Trovan Unique;"0006CC1F85";14.06.2018;20:52:00;;-;-;;
2088;Trovan Unique;"0006CC1F85";14.06.2018;20:52:01;;-;-;;
2089;Trovan Unique;"0006CC1F85";14.06.2018;20:52:02;;-;-;;
2090;Trovan Unique;"0006CC1F85";14.06.2018;20:52:03;;-;-;;
2091;Trovan Unique;"0006CC1F85";14.06.2018;20:52:04;;-;-;;
2092;Trovan Unique;"0006CC1F85";14.06.2018;20:52:05;;-;-;;
2093;Trovan Unique;"0006CC1F85";14.06.2018;20:52:06;;-;-;;
2094;Trovan Unique;"0006CC1F85";14.06.2018;20:52:07;;-;-;;
2095;Trovan Unique;"0006CC1F85";14.06.2018;20:52:08;;-;-;;
2096;Trovan Unique;"0006CC1F85";14.06.2018;20:52:09;;-;-;;
2097;Trovan Unique;"0006CC1F85";14.06.2018;20:52:10;;-;-;;
2098;Trovan Unique;"0006CC1F85";14.06.2018;20:52:11;;-;-;;
2099;Trovan Unique;"0006CC1F85";14.06.2018;20:52:12;;-;-;;
2100;Trovan Unique;"0006CC1F85";14.06.2018;20:52:13;;-;-;;
2101;Trovan Unique;"0006CC1F85";14.06.2018;20:52:14;;-;-;;
2102;Trovan Unique;"0006CC1F85";14.06.2018;20:52:15;;-;-;;
2103;Trovan Unique;"0006CC1F85";14.06.2018;20:52:16;;-;-;;
2104;Trovan Unique;"0006CC1F85";14.06.2018;20:52:17;;-;-;;
2105;Trovan Unique;"0006CC1F85";14.06.2018;20:52:18;;-;-;;
2106;Trovan Unique;"0006CC1F85";14.06.2018;20:52:19;;-;-;;
2107;Trovan Unique;"0006CC1F85";14.06.2018;20:52:20;;-;-;;
2108;Trovan Unique;"0006CC1F85";14.06.2018;20:52:21;;-;-;;
2109;Trovan Unique;"0006CC1F85";14.06.2018;20:52:22;;-;-;;
2110;Trovan Unique;"0006CC1F85";14.06.2018;20:52:23;;-;-;;
2111;Trovan Unique;"0006CC1F85";14.06.2018;20:52:24;;-;-;;
2112;Trovan Unique;"0006CC1F85";14.06.2018;20:52:25;;-;-;;
2113;Trovan Unique;"0006CC1F85";14.06.2018;20:52:26;;-;-;;
2114;Trovan Unique;"0006CC1F85";14.06.2018;20:52:27;;-;-;;
2115;Trovan Unique;"0006CC1F85";14.06.2018;20:52:28;;-;-;;
2116;Trovan Unique;"0006CC1F85";14.06.2018;20:52:29;;-;-;;
2117;Trovan Unique;"0006CC1F85";14.06.2018;20:52:30;;-;-;;
2118;Trovan Unique;"0006CC1F85";14.06.2018;20:52:31;;-;-;;
2119;Trovan Unique;"0006CC1F85";14.06.2018;20:52:32;;-;-;;
2120;Trovan Unique;"0006CC1F85";14.06.2018;20:52:33;;-;-;;
2121;Trovan Unique;"0006CC1F85";14.06.2018;20:52:34;;-;-;;
2122;Trovan Unique;"0006CC1F85";14.06.2018;20:52:34;;-;-;;
2123;Trovan Unique;"0006CC1F85";14.06.2018;20:52:35;;-;-;;
2124;Trovan Unique;"0006CC1F85";14.06.2018;20:52:36;;-;-;;
2125;Trovan Unique;"0006CC1F85";14.06.2018;20:52:37;;-;-;;
2126;Trovan Unique;"0006CC1F85";14.06.2018;20:52:38;;-;-;;
2127;Trovan Unique;"0006CC1F85";14.06.2018;20:52:39;;-;-;;
2128;Trovan Unique;"0006CC1F85";14.06.2018;20:52:40;;-;-;;
2129;Trovan Unique;"0006CC1F85";14.06.2018;20:52:41;;-;-;;
2130;Trovan Unique;"0006CC1F85";14.06.2018;20:52:42;;-;-;;
2131;Trovan Unique;"0006CC1F85";14.06.2018;20:52:43;;-;-;;
2132;Trovan Unique;"0006CC1F85";14.06.2018;20:52:45;;-;-;;
2133;Trovan Unique;"0006CC1F85";14.06.2018;20:52:46;;-;-;;
2134;Trovan Unique;"0006CC1F85";14.06.2018;20:52:47;;-;-;;
2135;Trovan Unique;"0006CC1F85";14.06.2018;20:52:48;;-;-;;
2136;Trovan Unique;"0006CC1F85";14.06.2018;20:52:49;;-;-;;
2137;Trovan Unique;"0006CC1F85";14.06.2018;20:52:50;;-;-;;
2138;Trovan Unique;"0006CC1F85";14.06.2018;20:52:51;;-;-;;
2139;Trovan Unique;"0006CC1F85";14.06.2018;20:52:52;;-;-;;
2140;Trovan Unique;"0006CC1F85";14.06.2018;20:52:53;;-;-;;
2141;Trovan Unique;"0006CC1F85";14.06.2018;20:52:54;;-;-;;
2142;Trovan Unique;"0006CC1F85";14.06.2018;20:52:55;;-;-;;
2143;Trovan Unique;"0006CC1F85";14.06.2018;20:52:56;;-;-;;
2144;Trovan Unique;"0006CC1F85";14.06.2018;20:52:57;;-;-;;
2145;Trovan Unique;"0006CC1F85";14.06.2018;20:52:58;;-;-;;
2146;Trovan Unique;"0006CC1F85";14.06.2018;20:52:59;;-;-;;
2147;Trovan Unique;"0006CC1F85";14.06.2018;20:53:00;;-;-;;
2148;Trovan Unique;"0006CC1F85";14.06.2018;20:53:01;;-;-;;
2149;Trovan Unique;"0006CC1F85";14.06.2018;20:53:02;;-;-;;
2150;Trovan Unique;"0006CC1F85";14.06.2018;20:53:03;;-;-;;
2151;Trovan Unique;"0006CC1F85";14.06.2018;20:53:04;;-;-;;
2152;Trovan Unique;"0006CC1F85";14.06.2018;20:53:05;;-;-;;
2153;Trovan Unique;"0006CC1F85";14.06.2018;20:53:06;;-;-;;
2154;Trovan Unique;"0006CC1F85";14.06.2018;20:53:07;;-;-;;
2155;Trovan Unique;"0006CC1F85";14.06.2018;20:53:08;;-;-;;
2156;Trovan Unique;"0006CC1F85";14.06.2018;20:53:09;;-;-;;
2157;Trovan Unique;"0006CC1F85";14.06.2018;20:53:10;;-;-;;
2158;Trovan Unique;"0006CC1F85";14.06.2018;20:53:11;;-;-;;
2159;Trovan Unique;"0006CC1F85";14.06.2018;20:53:12;;-;-;;
2160;Trovan Unique;"0006CC1F85";14.06.2018;20:53:13;;-;-;;
2161;Trovan Unique;"0006CC1F85";14.06.2018;20:53:14;;-;-;;
2162;Trovan Unique;"0006CC1F85";14.06.2018;20:53:15;;-;-;;
2163;Trovan Unique;"0006CC1F85";14.06.2018;20:53:16;;-;-;;
2164;Trovan Unique;"0006CC1F85";14.06.2018;20:53:17;;-;-;;
2165;Trovan Unique;"0006CC1F85";14.06.2018;20:53:18;;-;-;;
2166;Trovan Unique;"0006CC1F85";14.06.2018;20:53:19;;-;-;;
2167;Trovan Unique;"0006CC1F85";14.06.2018;20:53:20;;-;-;;
2168;Trovan Unique;"0006CC1F85";14.06.2018;20:53:21;;-;-;;
2169;Trovan Unique;"0006CC1F85";14.06.2018;20:53:22;;-;-;;
2170;Trovan Unique;"0006CC1F85";14.06.2018;20:53:23;;-;-;;
2171;Trovan Unique;"0006CC1F85";14.06.2018;20:53:24;;-;-;;
2172;Trovan Unique;"0006CC1F85";14.06.2018;20:53:25;;-;-;;
2173;Trovan Unique;"0006CC1F85";14.06.2018;20:53:26;;-;-;;
2174;Trovan Unique;"0006CC1F85";14.06.2018;20:53:27;;-;-;;
2175;Trovan Unique;"0006CC1F85";14.06.2018;20:53:29;;-;-;;
2176;Trovan Unique;"0006CC1F85";14.06.2018;20:53:30;;-;-;;
2177;Trovan Unique;"0006CC1F85";14.06.2018;20:53:31;;-;-;;
2178;Trovan Unique;"0006CC1F85";14.06.2018;20:53:32;;-;-;;
2179;Trovan Unique;"0006CC1F85";14.06.2018;20:53:33;;-;-;;
2180;Trovan Unique;"0006CC1F85";14.06.2018;20:53:34;;-;-;;
2181;Trovan Unique;"0006CC1F85";14.06.2018;20:53:35;;-;-;;
2182;Trovan Unique;"0006CC1F85";14.06.2018;20:53:36;;-;-;;
2183;Trovan Unique;"0006CC1F85";14.06.2018;20:53:37;;-;-;;
2184;Trovan Unique;"0006CC1F85";14.06.2018;20:53:38;;-;-;;
2185;Trovan Unique;"0006CC1F85";14.06.2018;20:53:39;;-;-;;
2186;Trovan Unique;"0006CC1F85";14.06.2018;20:53:40;;-;-;;
2187;Trovan Unique;"0006CC1F85";14.06.2018;20:53:41;;-;-;;
2188;Trovan Unique;"0006CC1F85";14.06.2018;20:53:42;;-;-;;
2189;Trovan Unique;"0006CC1F85";14.06.2018;20:53:43;;-;-;;
2190;Trovan Unique;"0006CC1F85";14.06.2018;20:53:44;;-;-;;
2191;Trovan Unique;"0006CC1F85";14.06.2018;20:53:45;;-;-;;
2192;Trovan Unique;"0006CC1F85";14.06.2018;20:53:47;;-;-;;
2193;Trovan Unique;"0006CC1F85";14.06.2018;20:53:48;;-;-;;
2194;Trovan Unique;"0006CC1F85";14.06.2018;20:53:49;;-;-;;
2195;Trovan Unique;"0006CC1F85";14.06.2018;20:53:50;;-;-;;
2196;Trovan Unique;"0006CC1F85";14.06.2018;20:53:51;;-;-;;
2197;Trovan Unique;"0006CC1F85";14.06.2018;20:53:52;;-;-;;
2198;Trovan Unique;"0006CC1F85";14.06.2018;20:53:53;;-;-;;
2199;Trovan Unique;"0006CC1F85";14.06.2018;20:53:54;;-;-;;
2200;Trovan Unique;"0006CC1F85";14.06.2018;20:53:55;;-;-;;
2201;Trovan Unique;"0006CC1F85";14.06.2018;20:53:56;;-;-;;
2202;Trovan Unique;"0006CC1F85";14.06.2018;20:53:57;;-;-;;
2203;Trovan Unique;"0006CC1F85";14.06.2018;20:53:58;;-;-;;
2204;Trovan Unique;"0006CC1F85";14.06.2018;20:53:59;;-;-;;
2205;Trovan Unique;"0006CC1F85";14.06.2018;20:54:00;;-;-;;
2206;Trovan Unique;"0006CC1F85";14.06.2018;20:54:01;;-;-;;
2207;Trovan Unique;"0006CC1F85";14.06.2018;20:54:02;;-;-;;
2208;Trovan Unique;"0006CC1F85";14.06.2018;20:54:03;;-;-;;
2209;Trovan Unique;"0006CC1F85";14.06.2018;20:54:04;;-;-;;
2210;Trovan Unique;"0006CC1F85";14.06.2018;20:54:05;;-;-;;
2211;Trovan Unique;"0006CC1F85";14.06.2018;20:54:06;;-;-;;
2212;Trovan Unique;"0006CC1F85";14.06.2018;20:54:07;;-;-;;
2213;Trovan Unique;"0006CC1F85";14.06.2018;20:54:08;;-;-;;
2214;Trovan Unique;"0006CC1F85";14.06.2018;20:54:09;;-;-;;
2215;Trovan Unique;"0006CC1F85";14.06.2018;20:54:10;;-;-;;
2216;Trovan Unique;"0006CC1F85";14.06.2018;20:54:11;;-;-;;
2217;Trovan Unique;"0006CC1F85";14.06.2018;20:54:12;;-;-;;
2218;Trovan Unique;"0006CC1F85";14.06.2018;20:54:13;;-;-;;
2219;Trovan Unique;"0006CC1F85";14.06.2018;20:54:14;;-;-;;
2220;Trovan Unique;"0006CC1F85";14.06.2018;20:54:15;;-;-;;
2221;Trovan Unique;"0006CC1F85";14.06.2018;20:54:16;;-;-;;
2222;Trovan Unique;"0006CC1F85";14.06.2018;20:54:17;;-;-;;
2223;Trovan Unique;"0006CC1F85";14.06.2018;20:54:18;;-;-;;
2224;Trovan Unique;"0006CC1F85";14.06.2018;20:54:19;;-;-;;
2225;Trovan Unique;"0006CC1F85";14.06.2018;20:54:20;;-;-;;
2226;Trovan Unique;"0006CC1F85";14.06.2018;20:54:21;;-;-;;
2227;Trovan Unique;"0006CC1F85";14.06.2018;20:54:22;;-;-;;
2228;Trovan Unique;"0006CC1F85";14.06.2018;20:54:23;;-;-;;
2229;Trovan Unique;"0006CC1F85";14.06.2018;20:54:24;;-;-;;
2230;Trovan Unique;"0006CC1F85";14.06.2018;20:54:25;;-;-;;
2231;Trovan Unique;"0006CC1F85";14.06.2018;20:54:26;;-;-;;
2232;Trovan Unique;"0006CC1F85";14.06.2018;20:54:27;;-;-;;
2233;Trovan Unique;"0006CC1F85";14.06.2018;20:54:28;;-;-;;
2234;Trovan Unique;"0006CC1F85";14.06.2018;20:54:29;;-;-;;
2235;Trovan Unique;"0006CC1F85";14.06.2018;20:54:30;;-;-;;
2236;Trovan Unique;"0006CC1F85";14.06.2018;20:54:31;;-;-;;
2237;Trovan Unique;"0006CC1F85";14.06.2018;20:54:32;;-;-;;
2238;Trovan Unique;"0006CC1F85";14.06.2018;20:54:33;;-;-;;
2239;Trovan Unique;"0006CC1F85";14.06.2018;20:54:34;;-;-;;
2240;Trovan Unique;"0006CC1F85";14.06.2018;20:54:35;;-;-;;
2241;Trovan Unique;"0006CC1F85";14.06.2018;20:54:36;;-;-;;
2242;Trovan Unique;"0006CC1F85";14.06.2018;20:54:37;;-;-;;
2243;Trovan Unique;"0006CC1F85";14.06.2018;20:54:38;;-;-;;
2244;Trovan Unique;"0006CC1F85";14.06.2018;20:54:39;;-;-;;
2245;Trovan Unique;"0006CC1F85";14.06.2018;20:54:40;;-;-;;
2246;Trovan Unique;"0006CC1F85";14.06.2018;20:54:41;;-;-;;
2247;Trovan Unique;"0006CC1F85";14.06.2018;20:54:42;;-;-;;
2248;Trovan Unique;"0006CC1F85";14.06.2018;20:54:43;;-;-;;
2249;Trovan Unique;"0006CC1F85";14.06.2018;20:54:44;;-;-;;
2250;Trovan Unique;"0006CC1F85";14.06.2018;20:54:45;;-;-;;
2251;Trovan Unique;"0006CC1F85";14.06.2018;20:54:46;;-;-;;
2252;Trovan Unique;"0006CC1F85";14.06.2018;20:54:47;;-;-;;
2253;Trovan Unique;"0006CC1F85";14.06.2018;20:54:48;;-;-;;
2254;Trovan Unique;"0006CC1F85";14.06.2018;20:54:49;;-;-;;
2255;Trovan Unique;"0006CC1F85";14.06.2018;20:54:50;;-;-;;
2256;Trovan Unique;"0006CC1F85";14.06.2018;20:54:51;;-;-;;
2257;Trovan Unique;"0006CC1F85";14.06.2018;20:54:52;;-;-;;
2258;Trovan Unique;"0006CC1F85";14.06.2018;20:54:53;;-;-;;
2259;Trovan Unique;"0006CC1F85";14.06.2018;20:54:54;;-;-;;
2260;Trovan Unique;"0006CC1F85";14.06.2018;20:54:55;;-;-;;
2261;Trovan Unique;"0006CC1F85";14.06.2018;20:54:56;;-;-;;
2262;Trovan Unique;"0006CC1F85";14.06.2018;20:54:57;;-;-;;
2263;Trovan Unique;"0006CC1F85";14.06.2018;20:54:58;;-;-;;
2264;Trovan Unique;"0006CC1F85";14.06.2018;20:54:59;;-;-;;
2265;Trovan Unique;"0006CC1F85";14.06.2018;20:55:00;;-;-;;
2266;Trovan Unique;"0006CC1F85";14.06.2018;20:55:01;;-;-;;
2267;Trovan Unique;"0006CC1F85";14.06.2018;20:55:02;;-;-;;
2268;Trovan Unique;"0006CC1F85";14.06.2018;20:55:03;;-;-;;
2269;Trovan Unique;"0006CC1F85";14.06.2018;20:55:04;;-;-;;
2270;Trovan Unique;"0006CC1F85";14.06.2018;20:55:05;;-;-;;
2271;Trovan Unique;"0006CC1F85";14.06.2018;20:55:06;;-;-;;
2272;Trovan Unique;"0006CC1F85";14.06.2018;20:55:07;;-;-;;
2273;Trovan Unique;"0006CC1F85";14.06.2018;20:55:08;;-;-;;
2274;Trovan Unique;"0006CC1F85";14.06.2018;20:55:09;;-;-;;
2275;Trovan Unique;"0006CC1F85";14.06.2018;20:55:10;;-;-;;
2276;Trovan Unique;"0006CC1F85";14.06.2018;20:55:11;;-;-;;
2277;Trovan Unique;"0006CC1F85";14.06.2018;20:55:12;;-;-;;
2278;Trovan Unique;"0006CC1F85";14.06.2018;20:55:13;;-;-;;
2279;Trovan Unique;"0006CC1F85";14.06.2018;20:55:14;;-;-;;
2280;Trovan Unique;"0006CC1F85";14.06.2018;20:55:15;;-;-;;
2281;Trovan Unique;"0006CC1F85";14.06.2018;20:55:16;;-;-;;
2282;Trovan Unique;"0006CC1F85";14.06.2018;20:55:17;;-;-;;
2283;Trovan Unique;"0006CC1F85";14.06.2018;20:55:19;;-;-;;
2284;Trovan Unique;"0006CC1F85";14.06.2018;20:55:20;;-;-;;
2285;Trovan Unique;"0006CC1F85";14.06.2018;20:55:21;;-;-;;
2286;Trovan Unique;"0006CC1F85";14.06.2018;20:55:22;;-;-;;
2287;Trovan Unique;"0006CC1F85";14.06.2018;20:55:23;;-;-;;
2288;Trovan Unique;"0006CC1F85";14.06.2018;20:55:24;;-;-;;
2289;Trovan Unique;"0006CC1F85";14.06.2018;20:55:25;;-;-;;
2290;Trovan Unique;"0006CC1F85";14.06.2018;20:55:26;;-;-;;
2291;Trovan Unique;"0006CC1F85";14.06.2018;20:55:27;;-;-;;
2292;Trovan Unique;"0006CC1F85";14.06.2018;20:55:28;;-;-;;
2293;Trovan Unique;"0006CC1F85";14.06.2018;20:55:29;;-;-;;
2294;Trovan Unique;"0006CC1F85";14.06.2018;20:55:30;;-;-;;
2295;Trovan Unique;"0006CC1F85";14.06.2018;20:55:31;;-;-;;
2296;Trovan Unique;"0006CC1F85";14.06.2018;20:55:32;;-;-;;
2297;Trovan Unique;"0006CC1F85";14.06.2018;20:55:33;;-;-;;
2298;Trovan Unique;"0006CC1F85";14.06.2018;20:55:34;;-;-;;
2299;Trovan Unique;"0006CC1F85";14.06.2018;20:55:35;;-;-;;
2300;Trovan Unique;"0006CC1F85";14.06.2018;20:55:36;;-;-;;
2301;Trovan Unique;"0006CC1F85";14.06.2018;20:55:37;;-;-;;
2302;Trovan Unique;"0006CC1F85";14.06.2018;20:55:38;;-;-;;
2303;Trovan Unique;"0006CC1F85";14.06.2018;20:55:39;;-;-;;
2304;Trovan Unique;"0006CC1F85";14.06.2018;20:55:40;;-;-;;
2305;Trovan Unique;"0006CC1F85";14.06.2018;20:55:41;;-;-;;
2306;Trovan Unique;"0006CC1F85";14.06.2018;20:55:42;;-;-;;
2307;Trovan Unique;"0006CC1F85";14.06.2018;20:55:43;;-;-;;
2308;Trovan Unique;"0006CC1F85";14.06.2018;20:55:44;;-;-;;
2309;Trovan Unique;"0006CC1F85";14.06.2018;20:55:45;;-;-;;
2310;Trovan Unique;"0006CC1F85";14.06.2018;20:55:46;;-;-;;
2311;Trovan Unique;"0006CC1F85";14.06.2018;20:55:47;;-;-;;
2312;Trovan Unique;"0006CC1F85";14.06.2018;20:55:48;;-;-;;
2313;Trovan Unique;"0006CC1F85";14.06.2018;20:55:49;;-;-;;
2314;Trovan Unique;"0006CC1F85";14.06.2018;20:55:50;;-;-;;
2315;Trovan Unique;"0006CC1F85";14.06.2018;20:55:51;;-;-;;
2316;Trovan Unique;"0006CC1F85";14.06.2018;20:55:52;;-;-;;
2317;Trovan Unique;"0006CC1F85";14.06.2018;20:55:53;;-;-;;
2318;Trovan Unique;"0006CC1F85";14.06.2018;20:55:54;;-;-;;
2319;Trovan Unique;"0006CC1F85";14.06.2018;20:55:55;;-;-;;
2320;Trovan Unique;"0006CC1F85";14.06.2018;20:55:56;;-;-;;
2321;Trovan Unique;"0006CC1F85";14.06.2018;20:55:57;;-;-;;
2322;Trovan Unique;"0006CC1F85";14.06.2018;20:55:58;;-;-;;
2323;Trovan Unique;"0006CC1F85";14.06.2018;20:55:59;;-;-;;
2324;Trovan Unique;"0006CC1F85";14.06.2018;20:56:00;;-;-;;
2325;Trovan Unique;"0006CC1F85";14.06.2018;20:56:01;;-;-;;
2326;Trovan Unique;"0006CC1F85";14.06.2018;20:56:02;;-;-;;
2327;Trovan Unique;"0006CC1F85";14.06.2018;20:56:03;;-;-;;
2328;Trovan Unique;"0006CC1F85";14.06.2018;20:56:04;;-;-;;
2329;Trovan Unique;"0006CC1F85";14.06.2018;20:56:05;;-;-;;
2330;Trovan Unique;"0006CC1F85";14.06.2018;20:56:06;;-;-;;
2331;Trovan Unique;"0006CC1F85";14.06.2018;20:56:07;;-;-;;
2332;Trovan Unique;"0006CC1F85";14.06.2018;20:56:08;;-;-;;
2333;Trovan Unique;"0006CC1F85";14.06.2018;20:56:09;;-;-;;
2334;Trovan Unique;"0006CC1F85";14.06.2018;20:56:10;;-;-;;
2335;Trovan Unique;"0006CC1F85";14.06.2018;20:56:11;;-;-;;
2336;Trovan Unique;"0006CC1F85";14.06.2018;20:56:12;;-;-;;
2337;Trovan Unique;"0006CC1F85";14.06.2018;20:56:13;;-;-;;
2338;Trovan Unique;"0006CC1F85";14.06.2018;20:56:14;;-;-;;
2339;Trovan Unique;"0006CC1F85";14.06.2018;20:56:15;;-;-;;
2340;Trovan Unique;"0006CC1F85";14.06.2018;20:56:16;;-;-;;
2341;Trovan Unique;"0006CC1F85";14.06.2018;20:56:17;;-;-;;
2342;Trovan Unique;"0006CC1F85";14.06.2018;20:56:18;;-;-;;
2343;Trovan Unique;"0006CC1F85";14.06.2018;20:56:19;;-;-;;
2344;Trovan Unique;"0006CC1F85";14.06.2018;20:56:20;;-;-;;
2345;Trovan Unique;"0006CC1F85";14.06.2018;20:56:21;;-;-;;
2346;Trovan Unique;"0006CC1F85";14.06.2018;20:56:22;;-;-;;
2347;Trovan Unique;"0006CC1F85";14.06.2018;20:56:23;;-;-;;
2348;Trovan Unique;"0006CC1F85";14.06.2018;20:56:24;;-;-;;
2349;Trovan Unique;"0006CC1F85";14.06.2018;20:56:25;;-;-;;
2350;Trovan Unique;"0006CC1F85";14.06.2018;20:56:26;;-;-;;
2351;Trovan Unique;"0006CC1F85";14.06.2018;20:56:27;;-;-;;
2352;Trovan Unique;"0006CC1F85";14.06.2018;20:56:28;;-;-;;
2353;Trovan Unique;"0006CC1F85";14.06.2018;20:56:29;;-;-;;
2354;Trovan Unique;"0006CC1F85";14.06.2018;20:56:30;;-;-;;
2355;Trovan Unique;"0006CC1F85";14.06.2018;20:56:31;;-;-;;
2356;Trovan Unique;"0006CC1F85";14.06.2018;20:56:32;;-;-;;
2357;Trovan Unique;"0006CC1F85";14.06.2018;20:56:33;;-;-;;
2358;Trovan Unique;"0006CC1F85";14.06.2018;20:56:34;;-;-;;
2359;Trovan Unique;"0006CC1F85";14.06.2018;20:56:35;;-;-;;
2360;Trovan Unique;"0006CC1F85";14.06.2018;20:56:36;;-;-;;
2361;Trovan Unique;"0006CC1F85";14.06.2018;20:56:37;;-;-;;
2362;Trovan Unique;"0006CC1F85";14.06.2018;20:56:38;;-;-;;
2363;Trovan Unique;"0006CC1F85";14.06.2018;20:56:39;;-;-;;
2364;Trovan Unique;"0006CC1F85";14.06.2018;20:56:40;;-;-;;
2365;Trovan Unique;"0006CC1F85";14.06.2018;20:56:41;;-;-;;
2366;Trovan Unique;"0006CC1F85";14.06.2018;20:56:42;;-;-;;
2367;Trovan Unique;"0006CC1F85";14.06.2018;20:56:43;;-;-;;
2368;Trovan Unique;"0006CC1F85";14.06.2018;20:56:44;;-;-;;
2369;Trovan Unique;"0006CC1F85";14.06.2018;20:56:45;;-;-;;
2370;Trovan Unique;"0006CC1F85";14.06.2018;20:56:46;;-;-;;
2371;Trovan Unique;"0006CC1F85";14.06.2018;20:56:47;;-;-;;
2372;Trovan Unique;"0006CC1F85";14.06.2018;20:56:48;;-;-;;
2373;Trovan Unique;"0006CC1F85";14.06.2018;20:56:49;;-;-;;
2374;Trovan Unique;"0006CC1F85";14.06.2018;20:56:50;;-;-;;
2375;Trovan Unique;"0006CC1F85";14.06.2018;20:56:51;;-;-;;
2376;Trovan Unique;"0006CC1F85";14.06.2018;20:56:52;;-;-;;
2377;Trovan Unique;"0006CC1F85";14.06.2018;20:56:53;;-;-;;
2378;Trovan Unique;"0006CC1F85";14.06.2018;20:56:53;;-;-;;
2379;Trovan Unique;"0006CC1F85";14.06.2018;20:56:55;;-;-;;
2380;Trovan Unique;"0006CC1F85";14.06.2018;20:56:56;;-;-;;
2381;Trovan Unique;"0006CC1F85";14.06.2018;20:56:57;;-;-;;
2382;Trovan Unique;"0006CC1F85";14.06.2018;20:56:58;;-;-;;
2383;Trovan Unique;"0006CC1F85";14.06.2018;20:56:59;;-;-;;
2384;Trovan Unique;"0006CC1F85";14.06.2018;20:57:00;;-;-;;
2385;Trovan Unique;"0006CC1F85";14.06.2018;20:57:01;;-;-;;
2386;Trovan Unique;"0006CC1F85";14.06.2018;20:57:02;;-;-;;
2387;Trovan Unique;"0006CC1F85";14.06.2018;20:57:03;;-;-;;
2388;Trovan Unique;"0006CC1F85";14.06.2018;20:57:04;;-;-;;
2389;Trovan Unique;"0006CC1F85";14.06.2018;20:57:05;;-;-;;
2390;Trovan Unique;"0006CC1F85";14.06.2018;20:57:06;;-;-;;
2391;Trovan Unique;"0006CC1F85";14.06.2018;20:57:07;;-;-;;
2392;Trovan Unique;"0006CC1F85";14.06.2018;20:57:08;;-;-;;
2393;Trovan Unique;"0006CC1F85";14.06.2018;20:57:09;;-;-;;
2394;Trovan Unique;"0006CC1F85";14.06.2018;20:57:10;;-;-;;
2395;Trovan Unique;"0006CC1F85";14.06.2018;20:57:11;;-;-;;
2396;Trovan Unique;"0006CC1F85";14.06.2018;20:57:12;;-;-;;
2397;Trovan Unique;"0006CC1F85";14.06.2018;20:57:13;;-;-;;
2398;Trovan Unique;"0006CC1F85";14.06.2018;20:57:14;;-;-;;
2399;Trovan Unique;"0006CC1F85";14.06.2018;20:57:15;;-;-;;
2400;Trovan Unique;"0006CC1F85";14.06.2018;20:57:16;;-;-;;
2401;Trovan Unique;"0006CC1F85";14.06.2018;20:57:17;;-;-;;
2402;Trovan Unique;"0006CC1F85";14.06.2018;20:57:18;;-;-;;
2403;Trovan Unique;"0006CC1F85";14.06.2018;20:57:19;;-;-;;
2404;Trovan Unique;"0006CC1F85";14.06.2018;20:57:20;;-;-;;
2405;Trovan Unique;"0006CC1F85";14.06.2018;20:57:21;;-;-;;
2406;Trovan Unique;"0006CC1F85";14.06.2018;20:57:22;;-;-;;
2407;Trovan Unique;"0006CC1F85";14.06.2018;20:57:23;;-;-;;
2408;Trovan Unique;"0006CC1F85";14.06.2018;20:57:24;;-;-;;
2409;Trovan Unique;"0006CC1F85";14.06.2018;20:57:25;;-;-;;
2410;Trovan Unique;"0006CC1F85";14.06.2018;20:57:26;;-;-;;
2411;Trovan Unique;"0006CC1F85";14.06.2018;20:57:27;;-;-;;
2412;Trovan Unique;"0006CC1F85";14.06.2018;20:57:28;;-;-;;
2413;Trovan Unique;"0006CC1F85";14.06.2018;20:57:29;;-;-;;
2414;Trovan Unique;"0006CC1F85";14.06.2018;20:57:30;;-;-;;
2415;Trovan Unique;"0006CC1F85";14.06.2018;20:57:31;;-;-;;
2416;Trovan Unique;"0006CC1F85";14.06.2018;20:57:32;;-;-;;
2417;Trovan Unique;"0006CC1F85";14.06.2018;20:57:33;;-;-;;
2418;Trovan Unique;"0006CC1F85";14.06.2018;20:57:34;;-;-;;
2419;Trovan Unique;"0006CC1F85";14.06.2018;20:57:36;;-;-;;
2420;Trovan Unique;"0006CC1F85";14.06.2018;20:57:37;;-;-;;
2421;Trovan Unique;"0006CC1F85";14.06.2018;20:57:38;;-;-;;
2422;Trovan Unique;"0006CC1F85";14.06.2018;20:57:39;;-;-;;
2423;Trovan Unique;"0006CC1F85";14.06.2018;20:57:40;;-;-;;
2424;Trovan Unique;"0006CC1F85";14.06.2018;20:57:41;;-;-;;
2425;Trovan Unique;"0006CC1F85";14.06.2018;20:57:42;;-;-;;
2426;Trovan Unique;"0006CC1F85";14.06.2018;20:57:43;;-;-;;
2427;Trovan Unique;"0006CC1F85";14.06.2018;20:57:44;;-;-;;
2428;Trovan Unique;"0006CC1F85";14.06.2018;20:57:45;;-;-;;
2429;Trovan Unique;"0006CC1F85";14.06.2018;20:57:46;;-;-;;
2430;Trovan Unique;"0006CC1F85";14.06.2018;20:57:47;;-;-;;
2431;Trovan Unique;"0006CC1F85";14.06.2018;20:57:48;;-;-;;
2432;Trovan Unique;"0006CC1F85";14.06.2018;20:57:49;;-;-;;
2433;Trovan Unique;"0006CC1F85";14.06.2018;20:57:50;;-;-;;
2434;Trovan Unique;"0006CC1F85";14.06.2018;20:57:51;;-;-;;
2435;Trovan Unique;"0006CC1F85";14.06.2018;20:57:52;;-;-;;
2436;Trovan Unique;"0006CC1F85";14.06.2018;20:57:53;;-;-;;
2437;Trovan Unique;"0006CC1F85";14.06.2018;20:57:54;;-;-;;
2438;Trovan Unique;"0006CC1F85";14.06.2018;20:57:55;;-;-;;
2439;Trovan Unique;"0006CC1F85";14.06.2018;20:57:56;;-;-;;
2440;Trovan Unique;"0006CC1F85";14.06.2018;20:57:57;;-;-;;
2441;Trovan Unique;"0006CC1F85";14.06.2018;20:57:58;;-;-;;
2442;Trovan Unique;"0006CC1F85";14.06.2018;20:57:59;;-;-;;
2443;Trovan Unique;"0006CC1F85";14.06.2018;20:58:00;;-;-;;
2444;Trovan Unique;"0006CC1F85";14.06.2018;20:58:01;;-;-;;
2445;Trovan Unique;"0006CC1F85";14.06.2018;20:58:03;;-;-;;
2446;Trovan Unique;"0006CC1F85";14.06.2018;20:58:04;;-;-;;
2447;Trovan Unique;"0006CC1F85";14.06.2018;20:58:05;;-;-;;
2448;Trovan Unique;"0006CC1F85";14.06.2018;20:58:06;;-;-;;
2449;Trovan Unique;"0006CC1F85";14.06.2018;20:58:07;;-;-;;
2450;Trovan Unique;"0006CC1F85";14.06.2018;20:58:08;;-;-;;
2451;Trovan Unique;"0006CC1F85";14.06.2018;20:58:09;;-;-;;
2452;Trovan Unique;"0006CC1F85";14.06.2018;20:58:10;;-;-;;
2453;Trovan Unique;"0006CC1F85";14.06.2018;20:58:11;;-;-;;
2454;Trovan Unique;"0006CC1F85";14.06.2018;20:58:12;;-;-;;
2455;Trovan Unique;"0006CC1F85";14.06.2018;20:58:13;;-;-;;
2456;Trovan Unique;"0006CC1F85";14.06.2018;20:58:14;;-;-;;
2457;Trovan Unique;"0006CC1F85";14.06.2018;20:58:15;;-;-;;
2458;Trovan Unique;"0006CC1F85";14.06.2018;20:58:16;;-;-;;
2459;Trovan Unique;"0006CC1F85";14.06.2018;20:58:17;;-;-;;
2460;Trovan Unique;"0006CC1F85";14.06.2018;20:58:18;;-;-;;
2461;Trovan Unique;"0006CC1F85";14.06.2018;20:58:19;;-;-;;
2462;Trovan Unique;"0006CC1F85";14.06.2018;20:58:20;;-;-;;
2463;Trovan Unique;"0006CC1F85";14.06.2018;20:58:21;;-;-;;
2464;Trovan Unique;"0006CC1F85";14.06.2018;20:58:22;;-;-;;
2465;Trovan Unique;"0006CC1F85";14.06.2018;20:58:23;;-;-;;
2466;Trovan Unique;"0006CC1F85";14.06.2018;20:58:24;;-;-;;
2467;Trovan Unique;"0006CC1F85";14.06.2018;20:58:25;;-;-;;
2468;Trovan Unique;"0006CC1F85";14.06.2018;20:58:26;;-;-;;
2469;Trovan Unique;"0006CC1F85";14.06.2018;20:58:27;;-;-;;
2470;Trovan Unique;"0006CC1F85";14.06.2018;20:58:28;;-;-;;
2471;Trovan Unique;"0006CC1F85";14.06.2018;20:58:29;;-;-;;
2472;Trovan Unique;"0006CC1F85";14.06.2018;20:58:30;;-;-;;
2473;Trovan Unique;"0006CC1F85";14.06.2018;20:58:31;;-;-;;
2474;Trovan Unique;"0006CC1F85";14.06.2018;20:58:32;;-;-;;
2475;Trovan Unique;"0006CC1F85";14.06.2018;20:58:33;;-;-;;
2476;Trovan Unique;"0006CC1F85";14.06.2018;20:58:34;;-;-;;
2477;Trovan Unique;"0006CC1F85";14.06.2018;20:58:35;;-;-;;
2478;Trovan Unique;"0006CC1F85";14.06.2018;20:58:36;;-;-;;
2479;Trovan Unique;"0006CC1F85";14.06.2018;20:58:37;;-;-;;
2480;Trovan Unique;"0006CC1F85";14.06.2018;20:58:38;;-;-;;
2481;Trovan Unique;"0006CC1F85";14.06.2018;20:58:39;;-;-;;
2482;Trovan Unique;"0006CC1F85";14.06.2018;20:58:40;;-;-;;
2483;Trovan Unique;"0006CC1F85";14.06.2018;20:58:41;;-;-;;
2484;Trovan Unique;"0006CC1F85";14.06.2018;20:58:42;;-;-;;
2485;Trovan Unique;"0006CC1F85";14.06.2018;20:58:43;;-;-;;
2486;Trovan Unique;"0006CC1F85";14.06.2018;20:58:44;;-;-;;
2487;Trovan Unique;"0006CC1F85";14.06.2018;20:58:45;;-;-;;
2488;Trovan Unique;"0006CC1F85";14.06.2018;20:58:46;;-;-;;
2489;Trovan Unique;"0006CC1F85";14.06.2018;20:58:47;;-;-;;
2490;Trovan Unique;"0006CC1F85";14.06.2018;20:58:48;;-;-;;
2491;Trovan Unique;"0006CC1F85";14.06.2018;20:58:49;;-;-;;
2492;Trovan Unique;"0006CC1F85";14.06.2018;20:58:50;;-;-;;
2493;Trovan Unique;"0006CC1F85";14.06.2018;20:58:51;;-;-;;
2494;Trovan Unique;"0006CC1F85";14.06.2018;20:58:53;;-;-;;
2495;Trovan Unique;"0006CC1F85";14.06.2018;20:58:54;;-;-;;
2496;Trovan Unique;"0006CC1F85";14.06.2018;20:58:55;;-;-;;
2497;Trovan Unique;"0006CC1F85";14.06.2018;20:58:56;;-;-;;
2498;Trovan Unique;"0006CC1F85";14.06.2018;20:58:57;;-;-;;
2499;Trovan Unique;"0006CC1F85";14.06.2018;20:58:58;;-;-;;
2500;Trovan Unique;"0006CC1F85";14.06.2018;20:58:59;;-;-;;
2501;Trovan Unique;"0006CC1F85";14.06.2018;20:59:00;;-;-;;
2502;Trovan Unique;"0006CC1F85";14.06.2018;20:59:01;;-;-;;
2503;Trovan Unique;"0006CC1F85";14.06.2018;20:59:02;;-;-;;
2504;Trovan Unique;"0006CC1F85";14.06.2018;20:59:03;;-;-;;
2505;Trovan Unique;"0006CC1F85";14.06.2018;20:59:04;;-;-;;
2506;Trovan Unique;"0006CC1F85";14.06.2018;20:59:06;;-;-;;
2507;Trovan Unique;"0006CC1F85";14.06.2018;20:59:07;;-;-;;
2508;Trovan Unique;"0006CC1F85";14.06.2018;20:59:08;;-;-;;
2509;Trovan Unique;"0006CC1F85";14.06.2018;20:59:09;;-;-;;
2510;Trovan Unique;"0006CC1F85";14.06.2018;20:59:11;;-;-;;
2511;Trovan Unique;"0006CC1F85";14.06.2018;20:59:14;;-;-;;
2512;Trovan Unique;"0006CC1F85";14.06.2018;20:59:15;;-;-;;
2513;Trovan Unique;"0006CC1F85";14.06.2018;20:59:16;;-;-;;
2514;Trovan Unique;"0006CC1F85";14.06.2018;20:59:18;;-;-;;
2515;Trovan Unique;"0006CC1F85";14.06.2018;20:59:19;;-;-;;
2516;Trovan Unique;"0006CC1F85";14.06.2018;20:59:21;;-;-;;
2517;Trovan Unique;"0006CC1F85";14.06.2018;20:59:22;;-;-;;
2518;Trovan Unique;"0006CC1F85";14.06.2018;20:59:23;;-;-;;
2519;Trovan Unique;"0006CC1F85";14.06.2018;20:59:26;;-;-;;
2520;Trovan Unique;"0006CC1F85";14.06.2018;20:59:27;;-;-;;
2521;Trovan Unique;"0006CC1F85";14.06.2018;20:59:29;;-;-;;
2522;Trovan Unique;"0006CC1F85";14.06.2018;20:59:32;;-;-;;
2523;Trovan Unique;"0006CC1F85";14.06.2018;20:59:33;;-;-;;
2524;Trovan Unique;"0006CC1F85";14.06.2018;20:59:34;;-;-;;
2525;Trovan Unique;"0006CC1F85";14.06.2018;20:59:35;;-;-;;
2526;Trovan Unique;"0006CC1F85";14.06.2018;20:59:36;;-;-;;
2527;Trovan Unique;"0006CC1F85";14.06.2018;20:59:37;;-;-;;
2528;Trovan Unique;"0006CC1F85";14.06.2018;20:59:38;;-;-;;
2529;Trovan Unique;"0006CC1F85";14.06.2018;20:59:39;;-;-;;
2530;Trovan Unique;"0006CC1F85";14.06.2018;20:59:40;;-;-;;
2531;Trovan Unique;"0006CC1F85";14.06.2018;20:59:42;;-;-;;
2532;Trovan Unique;"0006CC1F85";14.06.2018;20:59:43;;-;-;;
2533;Trovan Unique;"0006CC1F85";14.06.2018;20:59:45;;-;-;;
2534;Trovan Unique;"0006CC1F85";14.06.2018;20:59:46;;-;-;;
2535;Trovan Unique;"0006CC1F85";14.06.2018;20:59:47;;-;-;;
2536;Trovan Unique;"0006CC1F85";14.06.2018;20:59:48;;-;-;;
2537;Trovan Unique;"0006CC1F85";14.06.2018;20:59:49;;-;-;;
2538;Trovan Unique;"0006CC1F85";14.06.2018;20:59:50;;-;-;;
2539;Trovan Unique;"0006CC1F85";14.06.2018;20:59:51;;-;-;;
2540;Trovan Unique;"0006CC1F85";14.06.2018;20:59:52;;-;-;;
2541;Trovan Unique;"0006CC1F85";14.06.2018;20:59:53;;-;-;;
2542;Trovan Unique;"0006CC1F85";14.06.2018;20:59:54;;-;-;;
2543;Trovan Unique;"0006CC1F85";14.06.2018;20:59:55;;-;-;;
2544;Trovan Unique;"0006CC1F85";14.06.2018;20:59:56;;-;-;;
2545;Trovan Unique;"0006CC1F85";14.06.2018;20:59:57;;-;-;;
2546;Trovan Unique;"0006CC1F85";14.06.2018;20:59:58;;-;-;;
2547;Trovan Unique;"0006CC1F85";14.06.2018;20:59:59;;-;-;;
2548;Trovan Unique;"0006CC1F85";14.06.2018;21:00:00;;-;-;;
2549;Trovan Unique;"0006CC1F85";14.06.2018;21:00:01;;-;-;;
2550;Trovan Unique;"0006CC1F85";14.06.2018;21:00:02;;-;-;;
2551;Trovan Unique;"0006CC1F85";14.06.2018;21:00:03;;-;-;;
2552;Trovan Unique;"0006CC1F85";14.06.2018;21:00:04;;-;-;;
2553;Trovan Unique;"0006CC1F85";14.06.2018;21:00:06;;-;-;;
2554;Trovan Unique;"0006CC1F85";14.06.2018;21:00:07;;-;-;;
2555;Trovan Unique;"0006CC1F85";14.06.2018;21:00:08;;-;-;;
2556;Trovan Unique;"0006CC1F85";14.06.2018;21:00:09;;-;-;;
2557;Trovan Unique;"0006CC1F85";14.06.2018;21:00:10;;-;-;;
2558;Trovan Unique;"0006CC1F85";14.06.2018;21:00:11;;-;-;;
2559;Trovan Unique;"0006CC1F85";14.06.2018;21:00:15;;-;-;;
2560;Trovan Unique;"0006CC1F85";14.06.2018;21:00:19;;-;-;;
2561;Trovan Unique;"0006CC1F85";14.06.2018;21:00:20;;-;-;;
2562;Trovan Unique;"0006CC1F85";14.06.2018;21:00:21;;-;-;;
2563;Trovan Unique;"0006CC1F85";14.06.2018;21:00:22;;-;-;;
2564;Trovan Unique;"0006CC1F85";14.06.2018;21:00:23;;-;-;;
2565;Trovan Unique;"0006CC1F85";14.06.2018;21:00:24;;-;-;;
2566;Trovan Unique;"0006CC1F85";14.06.2018;21:00:25;;-;-;;
2567;Trovan Unique;"0006CC1F85";14.06.2018;21:00:26;;-;-;;
2568;Trovan Unique;"0006CC1F85";14.06.2018;21:00:27;;-;-;;
2569;Trovan Unique;"0006CC1F85";14.06.2018;21:00:28;;-;-;;
2570;Trovan Unique;"0006CC1F85";14.06.2018;21:00:29;;-;-;;
2571;Trovan Unique;"0006CC1F85";14.06.2018;21:00:30;;-;-;;
2572;Trovan Unique;"0006CC1F85";14.06.2018;21:00:31;;-;-;;
2573;Trovan Unique;"0006CC1F85";14.06.2018;21:00:32;;-;-;;
2574;Trovan Unique;"0006CC1F85";14.06.2018;21:00:33;;-;-;;
2575;Trovan Unique;"0006CC1F85";14.06.2018;21:00:34;;-;-;;
2576;Trovan Unique;"0006CC1F85";14.06.2018;21:00:35;;-;-;;
2577;Trovan Unique;"0006CC1F85";14.06.2018;21:00:36;;-;-;;
2578;Trovan Unique;"0006CC1F85";14.06.2018;21:00:37;;-;-;;
2579;Trovan Unique;"0006CC1F85";14.06.2018;21:00:38;;-;-;;
2580;Trovan Unique;"0006CC1F85";14.06.2018;21:00:39;;-;-;;
2581;Trovan Unique;"0006CC1F85";14.06.2018;21:00:40;;-;-;;
2582;Trovan Unique;"0006CC1F85";14.06.2018;21:00:41;;-;-;;
2583;Trovan Unique;"0006CC1F85";14.06.2018;21:00:42;;-;-;;
2584;Trovan Unique;"0006CC1F85";14.06.2018;21:00:43;;-;-;;
2585;Trovan Unique;"0006CC1F85";14.06.2018;21:00:44;;-;-;;
2586;Trovan Unique;"0006CC1F85";14.06.2018;21:00:45;;-;-;;
2587;Trovan Unique;"0006CC1F85";14.06.2018;21:00:46;;-;-;;
2588;Trovan Unique;"0006CC1F85";14.06.2018;21:00:47;;-;-;;
2589;Trovan Unique;"0006CC1F85";14.06.2018;21:00:48;;-;-;;
2590;Trovan Unique;"0006CC1F85";14.06.2018;21:00:49;;-;-;;
2591;Trovan Unique;"0006CC1F85";14.06.2018;21:00:50;;-;-;;
2592;Trovan Unique;"0006CC1F85";14.06.2018;21:00:51;;-;-;;
2593;Trovan Unique;"0006CC1F85";14.06.2018;21:00:52;;-;-;;
2594;Trovan Unique;"0006CC1F85";14.06.2018;21:00:53;;-;-;;
2595;Trovan Unique;"0006CC1F85";14.06.2018;21:00:54;;-;-;;
2596;Trovan Unique;"0006CC1F85";14.06.2018;21:00:55;;-;-;;
2597;Trovan Unique;"0006CC1F85";14.06.2018;21:00:56;;-;-;;
2598;Trovan Unique;"0006CC1F85";14.06.2018;21:00:57;;-;-;;
2599;Trovan Unique;"0006CC1F85";14.06.2018;21:00:58;;-;-;;
2600;Trovan Unique;"0006CC1F85";14.06.2018;21:00:59;;-;-;;
2601;Trovan Unique;"0006CC1F85";14.06.2018;21:01:00;;-;-;;
2602;Trovan Unique;"0006CC1F85";14.06.2018;21:01:01;;-;-;;
2603;Trovan Unique;"0006CC1F85";14.06.2018;21:01:02;;-;-;;
2604;Trovan Unique;"0006CC1F85";14.06.2018;21:01:03;;-;-;;
2605;Trovan Unique;"0006CC1F85";14.06.2018;21:01:04;;-;-;;
2606;Trovan Unique;"0006CC1F85";14.06.2018;21:01:05;;-;-;;
2607;Trovan Unique;"0006CC1F85";14.06.2018;21:01:06;;-;-;;
2608;Trovan Unique;"0006CC1F85";14.06.2018;21:01:07;;-;-;;
2609;Trovan Unique;"0006CC1F85";14.06.2018;21:01:08;;-;-;;
2610;Trovan Unique;"0006CC1F85";14.06.2018;21:01:09;;-;-;;
2611;Trovan Unique;"0006CC1F85";14.06.2018;21:01:10;;-;-;;
2612;Trovan Unique;"0006CC1F85";14.06.2018;21:01:11;;-;-;;
2613;Trovan Unique;"0006CC1F85";14.06.2018;21:01:12;;-;-;;
2614;Trovan Unique;"0006CC1F85";14.06.2018;21:01:13;;-;-;;
2615;Trovan Unique;"0006CC1F85";14.06.2018;21:01:14;;-;-;;
2616;Trovan Unique;"0006CC1F85";14.06.2018;21:01:15;;-;-;;
2617;Trovan Unique;"0006CC1F85";14.06.2018;21:01:16;;-;-;;
2618;Trovan Unique;"0006CC1F85";14.06.2018;21:01:17;;-;-;;
2619;Trovan Unique;"0006CC1F85";14.06.2018;21:01:18;;-;-;;
2620;Trovan Unique;"0006CC1F85";14.06.2018;21:01:19;;-;-;;
2621;Trovan Unique;"0006CC1F85";14.06.2018;21:01:20;;-;-;;
2622;Trovan Unique;"0006CC1F85";14.06.2018;21:01:21;;-;-;;
2623;Trovan Unique;"0006CC1F85";14.06.2018;21:01:22;;-;-;;
2624;Trovan Unique;"0006CC1F85";14.06.2018;21:01:23;;-;-;;
2625;Trovan Unique;"0006CC1F85";14.06.2018;21:01:24;;-;-;;
2626;Trovan Unique;"0006CC1F85";14.06.2018;21:01:25;;-;-;;
2627;Trovan Unique;"0006CC1F85";14.06.2018;21:01:26;;-;-;;
2628;Trovan Unique;"0006CC1F85";14.06.2018;21:01:27;;-;-;;
2629;Trovan Unique;"0006CC1F85";14.06.2018;21:01:28;;-;-;;
2630;Trovan Unique;"0006CC1F85";14.06.2018;21:01:29;;-;-;;
2631;Trovan Unique;"0006CC1F85";14.06.2018;21:01:30;;-;-;;
2632;Trovan Unique;"0006CC1F85";14.06.2018;21:01:31;;-;-;;
2633;Trovan Unique;"0006CC1F85";14.06.2018;21:01:32;;-;-;;
2634;Trovan Unique;"0006CC1F85";14.06.2018;21:01:33;;-;-;;
2635;Trovan Unique;"0006CC1F85";14.06.2018;21:01:34;;-;-;;
2636;Trovan Unique;"0006CC1F85";14.06.2018;21:01:35;;-;-;;
2637;Trovan Unique;"0006CC1F85";14.06.2018;21:01:36;;-;-;;
2638;Trovan Unique;"0006CC1F85";14.06.2018;21:01:39;;-;-;;
2639;Trovan Unique;"0006CC1F85";14.06.2018;21:01:40;;-;-;;
2640;Trovan Unique;"0006CC1F85";14.06.2018;21:01:41;;-;-;;
2641;Trovan Unique;"0006CC1F85";14.06.2018;21:01:42;;-;-;;
2642;Trovan Unique;"0006CC1F85";14.06.2018;21:01:44;;-;-;;
2643;Trovan Unique;"0006CC1F85";14.06.2018;21:01:45;;-;-;;
2644;Trovan Unique;"0006CC1F85";14.06.2018;21:01:46;;-;-;;
2645;Trovan Unique;"0006CC1F85";14.06.2018;21:01:47;;-;-;;
2646;Trovan Unique;"0006CC1F85";14.06.2018;21:01:48;;-;-;;
2647;Trovan Unique;"0006CC1F85";14.06.2018;21:01:49;;-;-;;
2648;Trovan Unique;"0006CC1F85";14.06.2018;21:01:55;;-;-;;
2649;Trovan Unique;"0006CC1F85";14.06.2018;21:01:58;;-;-;;
2650;Trovan Unique;"0006CC1F85";14.06.2018;21:01:59;;-;-;;
2651;Trovan Unique;"0006CC1F85";14.06.2018;21:02:05;;-;-;;
2652;Trovan Unique;"0006CC1F85";14.06.2018;21:02:31;;-;-;;
2653;Trovan Unique;"0006CC1F85";14.06.2018;21:02:33;;-;-;;
2654;Trovan Unique;"0006CC1F85";14.06.2018;21:02:43;;-;-;;
2655;Trovan Unique;"0006CC1F85";14.06.2018;21:02:44;;-;-;;
2656;Trovan Unique;"0006CC1F85";14.06.2018;21:02:46;;-;-;;
2657;Trovan Unique;"0006CC1F85";14.06.2018;21:02:47;;-;-;;
2658;Trovan Unique;"0006CC1F85";14.06.2018;21:02:48;;-;-;;
2659;Trovan Unique;"0006CC1F85";14.06.2018;21:03:17;;-;-;;
2660;Trovan Unique;"0006CC1F85";14.06.2018;21:03:19;;-;-;;
2661;Trovan Unique;"0006CC1F85";14.06.2018;21:03:20;;-;-;;
2662;Trovan Unique;"0006CC1F85";14.06.2018;21:03:21;;-;-;;
2663;Trovan Unique;"0006CC1F85";14.06.2018;21:03:22;;-;-;;
2664;Trovan Unique;"0006CC1F85";14.06.2018;21:03:27;;-;-;;
2665;Trovan Unique;"0006CC1F85";14.06.2018;21:03:28;;-;-;;
2666;Trovan Unique;"0006CC1F85";14.06.2018;21:03:29;;-;-;;
2667;Trovan Unique;"0006CC1F85";14.06.2018;21:03:31;;-;-;;
2668;Trovan Unique;"0006CC1F85";14.06.2018;21:03:32;;-;-;;
2669;Trovan Unique;"0006CC1F85";14.06.2018;21:03:33;;-;-;;
2670;Trovan Unique;"0006CC1F85";14.06.2018;21:03:35;;-;-;;
2671;Trovan Unique;"0006CC1F85";14.06.2018;21:03:36;;-;-;;
2672;Trovan Unique;"0006CC1F85";14.06.2018;21:03:38;;-;-;;
2673;Trovan Unique;"0006CC1F85";14.06.2018;21:03:39;;-;-;;
2674;Trovan Unique;"0006CC1F85";14.06.2018;21:03:41;;-;-;;
2675;Trovan Unique;"0006CC1F85";14.06.2018;21:03:42;;-;-;;
2676;Trovan Unique;"0006CC1F85";14.06.2018;21:03:43;;-;-;;
2677;Trovan Unique;"0006CC1F85";14.06.2018;21:03:44;;-;-;;
2678;Trovan Unique;"0006CC1F85";14.06.2018;21:03:45;;-;-;;
2679;Trovan Unique;"0006CC1F85";14.06.2018;21:03:47;;-;-;;
2680;Trovan Unique;"0006CC1F85";14.06.2018;21:03:49;;-;-;;
2681;Trovan Unique;"0006CC1F85";14.06.2018;21:03:51;;-;-;;
2682;Trovan Unique;"0006CC1F85";14.06.2018;21:03:52;;-;-;;
2683;Trovan Unique;"0006CC1F85";14.06.2018;21:03:53;;-;-;;
2684;Trovan Unique;"0006CC1F85";14.06.2018;21:03:54;;-;-;;
2685;Trovan Unique;"0006CC1F85";14.06.2018;21:03:55;;-;-;;
2686;Trovan Unique;"0006CC1F85";14.06.2018;21:03:57;;-;-;;
2687;Trovan Unique;"0006CC1F85";14.06.2018;21:03:59;;-;-;;
2688;Trovan Unique;"0006CC1F85";14.06.2018;21:04:00;;-;-;;
2689;Trovan Unique;"0006CC1F85";14.06.2018;21:04:01;;-;-;;
2690;Trovan Unique;"0006CC1F85";14.06.2018;21:04:03;;-;-;;
2691;Trovan Unique;"0006CC1F85";14.06.2018;21:04:04;;-;-;;
2692;Trovan Unique;"0006CC1F85";14.06.2018;21:04:05;;-;-;;
2693;Trovan Unique;"0006CC1F85";14.06.2018;21:04:07;;-;-;;
2694;Trovan Unique;"0006CC1F85";14.06.2018;21:04:08;;-;-;;
2695;Trovan Unique;"0006CC1F85";14.06.2018;21:04:09;;-;-;;
2696;Trovan Unique;"0006CC1F85";14.06.2018;21:04:10;;-;-;;
2697;Trovan Unique;"0006CC1F85";14.06.2018;21:04:12;;-;-;;
2698;Trovan Unique;"0006CC1F85";14.06.2018;21:04:13;;-;-;;
2699;Trovan Unique;"0006CC1F85";14.06.2018;21:04:17;;-;-;;
2700;Trovan Unique;"0006CC1F85";14.06.2018;21:04:18;;-;-;;
2701;Trovan Unique;"0006CC1F85";14.06.2018;21:04:19;;-;-;;
2702;Trovan Unique;"0006CC1F85";14.06.2018;21:04:20;;-;-;;
2703;Trovan Unique;"0006CC1F85";14.06.2018;21:04:21;;-;-;;
2704;Trovan Unique;"0006CC1F85";14.06.2018;21:04:22;;-;-;;
2705;Trovan Unique;"0006CC1F85";14.06.2018;21:04:23;;-;-;;
2706;Trovan Unique;"0006CC1F85";14.06.2018;21:04:25;;-;-;;
2707;Trovan Unique;"0006CC1F85";14.06.2018;21:04:26;;-;-;;
2708;Trovan Unique;"0006CC1F85";14.06.2018;21:04:29;;-;-;;
2709;Trovan Unique;"0006CC1F85";14.06.2018;21:04:30;;-;-;;
2710;Trovan Unique;"0006CC1F85";14.06.2018;21:04:31;;-;-;;
2711;Trovan Unique;"0006CC1F85";14.06.2018;21:04:33;;-;-;;
2712;Trovan Unique;"0006CC1F85";14.06.2018;21:04:35;;-;-;;
2713;Trovan Unique;"0006CC1F85";14.06.2018;21:04:36;;-;-;;
2714;Trovan Unique;"0006CC1F85";14.06.2018;21:04:37;;-;-;;
2715;Trovan Unique;"0006CC1F85";14.06.2018;21:04:38;;-;-;;
2716;Trovan Unique;"0006CC1F85";14.06.2018;21:04:39;;-;-;;
2717;Trovan Unique;"0006CC1F85";14.06.2018;21:04:43;;-;-;;
2718;Trovan Unique;"0006CC1F85";14.06.2018;21:04:44;;-;-;;
2719;Trovan Unique;"0006CC1F85";14.06.2018;21:04:45;;-;-;;
2720;Trovan Unique;"0006CC1F85";14.06.2018;21:04:46;;-;-;;
2721;Trovan Unique;"0006CC1F85";14.06.2018;21:04:47;;-;-;;
2722;Trovan Unique;"0006CC1F85";14.06.2018;21:04:48;;-;-;;
2723;Trovan Unique;"0006CC1F85";14.06.2018;21:04:50;;-;-;;
2724;Trovan Unique;"0006CC1F85";14.06.2018;21:04:51;;-;-;;
2725;Trovan Unique;"0006CC1F85";14.06.2018;21:04:52;;-;-;;
2726;Trovan Unique;"0006CC1F85";14.06.2018;21:04:53;;-;-;;
2727;Trovan Unique;"0006CC1F85";14.06.2018;21:04:55;;-;-;;
2728;Trovan Unique;"0006CC1F85";14.06.2018;21:04:56;;-;-;;
2729;Trovan Unique;"0006CC1F85";14.06.2018;21:04:57;;-;-;;
2730;Trovan Unique;"0006CC1F85";14.06.2018;21:04:58;;-;-;;
2731;Trovan Unique;"0006CC1F85";14.06.2018;21:04:59;;-;-;;
2732;Trovan Unique;"0006CC1F85";14.06.2018;21:05:00;;-;-;;
2733;Trovan Unique;"0006CC1F85";14.06.2018;21:05:02;;-;-;;
2734;Trovan Unique;"0006CC1F85";14.06.2018;21:05:03;;-;-;;
2735;Trovan Unique;"0006CC1F85";14.06.2018;21:05:04;;-;-;;
2736;Trovan Unique;"0006CC1F85";14.06.2018;21:05:05;;-;-;;
2737;Trovan Unique;"0006CC1F85";14.06.2018;21:05:06;;-;-;;
2738;Trovan Unique;"0006CC1F85";14.06.2018;21:05:07;;-;-;;
2739;Trovan Unique;"0006CC1F85";14.06.2018;21:05:08;;-;-;;
2740;Trovan Unique;"0006CC1F85";14.06.2018;21:05:10;;-;-;;
2741;Trovan Unique;"0006CC1F85";14.06.2018;21:05:11;;-;-;;
2742;Trovan Unique;"0006CC1F85";14.06.2018;21:05:12;;-;-;;
2743;Trovan Unique;"0006CC1F85";14.06.2018;21:05:13;;-;-;;
2744;Trovan Unique;"0006CC1F85";14.06.2018;21:05:14;;-;-;;
2745;Trovan Unique;"0006CC1F85";14.06.2018;21:05:15;;-;-;;
2746;Trovan Unique;"0006CC1F85";14.06.2018;21:05:17;;-;-;;
2747;Trovan Unique;"0006CC1F85";14.06.2018;21:05:18;;-;-;;
2748;Trovan Unique;"0006CC1F85";14.06.2018;21:05:19;;-;-;;
2749;Trovan Unique;"0006CC1F85";14.06.2018;21:05:21;;-;-;;
2750;Trovan Unique;"0006CC1F85";14.06.2018;21:05:22;;-;-;;
2751;Trovan Unique;"0006CC1F85";14.06.2018;21:05:23;;-;-;;
2752;Trovan Unique;"0006CC1F85";14.06.2018;21:05:24;;-;-;;
2753;Trovan Unique;"0006CC1F85";14.06.2018;21:05:25;;-;-;;
2754;Trovan Unique;"0006CC1F85";14.06.2018;21:05:26;;-;-;;
2755;Trovan Unique;"0006CC1F85";14.06.2018;21:05:27;;-;-;;
2756;Trovan Unique;"0006CC1F85";14.06.2018;21:05:28;;-;-;;
2757;Trovan Unique;"0006CC1F85";14.06.2018;21:05:29;;-;-;;
2758;Trovan Unique;"0006CC1F85";14.06.2018;21:05:31;;-;-;;
2759;Trovan Unique;"0006CC1F85";14.06.2018;21:05:32;;-;-;;
2760;Trovan Unique;"0006CC1F85";14.06.2018;21:05:33;;-;-;;
2761;Trovan Unique;"0006CC1F85";14.06.2018;21:05:34;;-;-;;
2762;Trovan Unique;"0006CC1F85";14.06.2018;21:05:35;;-;-;;
2763;Trovan Unique;"0006CC1F85";14.06.2018;21:05:36;;-;-;;
2764;Trovan Unique;"0006CC1F85";14.06.2018;21:05:37;;-;-;;
2765;Trovan Unique;"0006CC1F85";14.06.2018;21:05:38;;-;-;;
2766;Trovan Unique;"0006CC1F85";14.06.2018;21:05:39;;-;-;;
2767;Trovan Unique;"0006CC1F85";14.06.2018;21:05:40;;-;-;;
2768;Trovan Unique;"0006CC1F85";14.06.2018;21:05:41;;-;-;;
2769;Trovan Unique;"0006CC1F85";14.06.2018;21:05:42;;-;-;;
2770;Trovan Unique;"0006CC1F85";14.06.2018;21:05:44;;-;-;;
2771;Trovan Unique;"0006CC1F85";14.06.2018;21:05:45;;-;-;;
2772;Trovan Unique;"0006CC1F85";14.06.2018;21:05:46;;-;-;;
2773;Trovan Unique;"0006CC1F85";14.06.2018;21:05:47;;-;-;;
2774;Trovan Unique;"0006CC1F85";14.06.2018;21:05:48;;-;-;;
2775;Trovan Unique;"0006CC1F85";14.06.2018;21:05:49;;-;-;;
2776;Trovan Unique;"0006CC1F85";14.06.2018;21:05:50;;-;-;;
2777;Trovan Unique;"0006CC1F85";14.06.2018;21:05:51;;-;-;;
2778;Trovan Unique;"0006CC1F85";14.06.2018;21:05:52;;-;-;;
2779;Trovan Unique;"0006CC1F85";14.06.2018;21:05:53;;-;-;;
2780;Trovan Unique;"0006CC1F85";14.06.2018;21:05:54;;-;-;;
2781;Trovan Unique;"0006CC1F85";14.06.2018;21:05:55;;-;-;;
2782;Trovan Unique;"0006CC1F85";14.06.2018;21:05:56;;-;-;;
2783;Trovan Unique;"0006CC1F85";14.06.2018;21:05:57;;-;-;;
2784;Trovan Unique;"0006CC1F85";14.06.2018;21:05:58;;-;-;;
2785;Trovan Unique;"0006CC1F85";14.06.2018;21:06:00;;-;-;;
2786;Trovan Unique;"0006CC1F85";14.06.2018;21:06:01;;-;-;;
2787;Trovan Unique;"0006CC1F85";14.06.2018;21:06:02;;-;-;;
2788;Trovan Unique;"0006CC1F85";14.06.2018;21:06:03;;-;-;;
2789;Trovan Unique;"0006CC1F85";14.06.2018;21:06:04;;-;-;;
2790;Trovan Unique;"0006CC1F85";14.06.2018;21:06:05;;-;-;;
2791;Trovan Unique;"0006CC1F85";14.06.2018;21:06:06;;-;-;;
2792;Trovan Unique;"0006CC1F85";14.06.2018;21:06:08;;-;-;;
2793;Trovan Unique;"0006CC1F85";14.06.2018;21:06:09;;-;-;;
2794;Trovan Unique;"0006CC1F85";14.06.2018;21:06:10;;-;-;;
2795;Trovan Unique;"0006CC1F85";14.06.2018;21:06:11;;-;-;;
2796;Trovan Unique;"0006CC1F85";14.06.2018;21:06:12;;-;-;;
2797;Trovan Unique;"0006CC1F85";14.06.2018;21:06:14;;-;-;;
2798;Trovan Unique;"0006CC1F85";14.06.2018;21:06:15;;-;-;;
2799;Trovan Unique;"0006CC1F85";14.06.2018;21:06:16;;-;-;;
2800;Trovan Unique;"0006CC1F85";14.06.2018;21:06:17;;-;-;;
2801;Trovan Unique;"0006CC1F85";14.06.2018;21:06:18;;-;-;;
2802;Trovan Unique;"0006CC1F85";14.06.2018;21:06:19;;-;-;;
2803;Trovan Unique;"0006CC1F85";14.06.2018;21:06:20;;-;-;;
2804;Trovan Unique;"0006CC1F85";14.06.2018;21:06:21;;-;-;;
2805;Trovan Unique;"0006CC1F85";14.06.2018;21:06:22;;-;-;;
2806;Trovan Unique;"0006CC1F85";14.06.2018;21:06:23;;-;-;;
2807;Trovan Unique;"0006CC1F85";14.06.2018;21:06:24;;-;-;;
2808;Trovan Unique;"0006CC1F85";14.06.2018;21:06:25;;-;-;;
2809;Trovan Unique;"0006CC1F85";14.06.2018;21:06:26;;-;-;;
2810;Trovan Unique;"0006CC1F85";14.06.2018;21:06:28;;-;-;;
2811;Trovan Unique;"0006CC1F85";14.06.2018;21:06:29;;-;-;;
2812;Trovan Unique;"0006CC1F85";14.06.2018;21:06:30;;-;-;;
2813;Trovan Unique;"0006CC1F85";14.06.2018;21:06:31;;-;-;;
2814;Trovan Unique;"0006CC1F85";14.06.2018;21:06:32;;-;-;;
2815;Trovan Unique;"0006CC1F85";14.06.2018;21:06:33;;-;-;;
2816;Trovan Unique;"0006CC1F85";14.06.2018;21:06:34;;-;-;;
2817;Trovan Unique;"0006CC1F85";14.06.2018;21:06:35;;-;-;;
2818;Trovan Unique;"0006CC1F85";14.06.2018;21:06:36;;-;-;;
2819;Trovan Unique;"0006CC1F85";14.06.2018;21:06:37;;-;-;;
2820;Trovan Unique;"0006CC1F85";14.06.2018;21:06:38;;-;-;;
2821;Trovan Unique;"0006CC1F85";14.06.2018;21:06:39;;-;-;;
2822;Trovan Unique;"0006CC1F85";14.06.2018;21:06:40;;-;-;;
2823;Trovan Unique;"0006CC1F85";14.06.2018;21:06:41;;-;-;;
2824;Trovan Unique;"0006CC1F85";14.06.2018;21:06:43;;-;-;;
2825;Trovan Unique;"0006CC1F85";14.06.2018;21:06:44;;-;-;;
2826;Trovan Unique;"0006CC1F85";14.06.2018;21:06:45;;-;-;;
2827;Trovan Unique;"0006CC1F85";14.06.2018;21:06:46;;-;-;;
2828;Trovan Unique;"0006CC1F85";14.06.2018;21:06:47;;-;-;;
2829;Trovan Unique;"0006CC1F85";14.06.2018;21:06:48;;-;-;;
2830;Trovan Unique;"0006CC1F85";14.06.2018;21:06:49;;-;-;;
2831;Trovan Unique;"0006CC1F85";14.06.2018;21:06:51;;-;-;;
2832;Trovan Unique;"0006CC1F85";14.06.2018;21:06:52;;-;-;;
2833;Trovan Unique;"0006CC1F85";14.06.2018;21:06:53;;-;-;;
2834;Trovan Unique;"0006CC1F85";14.06.2018;21:06:54;;-;-;;
2835;Trovan Unique;"0006CC1F85";14.06.2018;21:06:56;;-;-;;
2836;Trovan Unique;"0006CC1F85";14.06.2018;21:06:57;;-;-;;
2837;Trovan Unique;"0006CC1F85";14.06.2018;21:06:58;;-;-;;
2838;Trovan Unique;"0006CC1F85";14.06.2018;21:07:00;;-;-;;
2839;Trovan Unique;"0006CC1F85";14.06.2018;21:07:01;;-;-;;
2840;Trovan Unique;"0006CC1F85";14.06.2018;21:07:02;;-;-;;
2841;Trovan Unique;"0006CC1F85";14.06.2018;21:07:03;;-;-;;
2842;Trovan Unique;"0006CC1F85";14.06.2018;21:07:04;;-;-;;
2843;Trovan Unique;"0006CC1F85";14.06.2018;21:07:05;;-;-;;
2844;Trovan Unique;"0006CC1F85";14.06.2018;21:07:06;;-;-;;
2845;Trovan Unique;"0006CC1F85";14.06.2018;21:07:07;;-;-;;
2846;Trovan Unique;"0006CC1F85";14.06.2018;21:07:08;;-;-;;
2847;Trovan Unique;"0006CC1F85";14.06.2018;21:07:09;;-;-;;
2848;Trovan Unique;"0006CC1F85";14.06.2018;21:07:10;;-;-;;
2849;Trovan Unique;"0006CC1F85";14.06.2018;21:07:11;;-;-;;
2850;Trovan Unique;"0006CC1F85";14.06.2018;21:07:12;;-;-;;
2851;Trovan Unique;"0006CC1F85";14.06.2018;21:07:13;;-;-;;
2852;Trovan Unique;"0006CC1F85";14.06.2018;21:07:14;;-;-;;
2853;Trovan Unique;"0006CC1F85";14.06.2018;21:07:15;;-;-;;
2854;Trovan Unique;"0006CC1F85";14.06.2018;21:07:16;;-;-;;
2855;Trovan Unique;"0006CC1F85";14.06.2018;21:07:17;;-;-;;
2856;Trovan Unique;"0006CC1F85";14.06.2018;21:07:18;;-;-;;
2857;Trovan Unique;"0006CC1F85";14.06.2018;21:07:19;;-;-;;
2858;Trovan Unique;"0006CC1F85";14.06.2018;21:07:20;;-;-;;
2859;Trovan Unique;"0006CC1F85";14.06.2018;21:07:21;;-;-;;
2860;Trovan Unique;"0006CC1F85";14.06.2018;21:07:22;;-;-;;
2861;Trovan Unique;"0006CC1F85";14.06.2018;21:07:23;;-;-;;
2862;Trovan Unique;"0006CC1F85";14.06.2018;21:07:24;;-;-;;
2863;Trovan Unique;"0006CC1F85";14.06.2018;21:07:25;;-;-;;
2864;Trovan Unique;"0006CC1F85";14.06.2018;21:07:26;;-;-;;
2865;Trovan Unique;"0006CC1F85";14.06.2018;21:07:27;;-;-;;
2866;Trovan Unique;"0006CC1F85";14.06.2018;21:07:28;;-;-;;
2867;Trovan Unique;"0006CC1F85";14.06.2018;21:07:29;;-;-;;
2868;Trovan Unique;"0006CC1F85";14.06.2018;21:07:30;;-;-;;
2869;Trovan Unique;"0006CC1F85";14.06.2018;21:07:31;;-;-;;
2870;Trovan Unique;"0006CC1F85";14.06.2018;21:07:32;;-;-;;
2871;Trovan Unique;"0006CC1F85";14.06.2018;21:07:33;;-;-;;
2872;Trovan Unique;"0006CC1F85";14.06.2018;21:07:34;;-;-;;
2873;Trovan Unique;"0006CC1F85";14.06.2018;21:07:35;;-;-;;
2874;Trovan Unique;"0006CC1F85";14.06.2018;21:07:36;;-;-;;
2875;Trovan Unique;"0006CC1F85";14.06.2018;21:07:37;;-;-;;
2876;Trovan Unique;"0006CC1F85";14.06.2018;21:07:38;;-;-;;
2877;Trovan Unique;"0006CC1F85";14.06.2018;21:07:39;;-;-;;
2878;Trovan Unique;"0006CC1F85";14.06.2018;21:07:40;;-;-;;
2879;Trovan Unique;"0006CC1F85";14.06.2018;21:07:41;;-;-;;
2880;Trovan Unique;"0006CC1F85";14.06.2018;21:07:42;;-;-;;
2881;Trovan Unique;"0006CC1F85";14.06.2018;21:07:43;;-;-;;
2882;Trovan Unique;"0006CC1F85";14.06.2018;21:07:44;;-;-;;
2883;Trovan Unique;"0006CC1F85";14.06.2018;21:07:45;;-;-;;
2884;Trovan Unique;"0006CC1F85";14.06.2018;21:07:46;;-;-;;
2885;Trovan Unique;"0006CC1F85";14.06.2018;21:07:47;;-;-;;
2886;Trovan Unique;"0006CC1F85";14.06.2018;21:07:48;;-;-;;
2887;Trovan Unique;"0006CC1F85";14.06.2018;21:07:49;;-;-;;
2888;Trovan Unique;"0006CC1F85";14.06.2018;21:07:50;;-;-;;
2889;Trovan Unique;"0006CC1F85";14.06.2018;21:07:51;;-;-;;
2890;Trovan Unique;"0006CC1F85";14.06.2018;21:07:53;;-;-;;
2891;Trovan Unique;"0006CC1F85";14.06.2018;21:07:54;;-;-;;
2892;Trovan Unique;"0006CC1F85";14.06.2018;21:07:55;;-;-;;
2893;Trovan Unique;"0006CC1F85";14.06.2018;21:07:56;;-;-;;
2894;Trovan Unique;"0006CC1F85";14.06.2018;21:07:57;;-;-;;
2895;Trovan Unique;"0006CC1F85";14.06.2018;21:07:58;;-;-;;
2896;Trovan Unique;"0006CC1F85";14.06.2018;21:07:59;;-;-;;
2897;Trovan Unique;"0006CC1F85";14.06.2018;21:08:00;;-;-;;
2898;Trovan Unique;"0006CC1F85";14.06.2018;21:08:01;;-;-;;
2899;Trovan Unique;"0006CC1F85";14.06.2018;21:08:02;;-;-;;
2900;Trovan Unique;"0006CC1F85";14.06.2018;21:08:03;;-;-;;
2901;Trovan Unique;"0006CC1F85";14.06.2018;21:08:04;;-;-;;
2902;Trovan Unique;"0006CC1F85";14.06.2018;21:08:05;;-;-;;
2903;Trovan Unique;"0006CC1F85";14.06.2018;21:08:06;;-;-;;
2904;Trovan Unique;"0006CC1F85";14.06.2018;21:08:07;;-;-;;
2905;Trovan Unique;"0006CC1F85";14.06.2018;21:08:08;;-;-;;
2906;Trovan Unique;"0006CC1F85";14.06.2018;21:08:09;;-;-;;
2907;Trovan Unique;"0006CC1F85";14.06.2018;21:08:10;;-;-;;
2908;Trovan Unique;"0006CC1F85";14.06.2018;21:08:11;;-;-;;
2909;Trovan Unique;"0006CC1F85";14.06.2018;21:08:12;;-;-;;
2910;Trovan Unique;"0006CC1F85";14.06.2018;21:08:13;;-;-;;
2911;Trovan Unique;"0006CC1F85";14.06.2018;21:08:14;;-;-;;
2912;Trovan Unique;"0006CC1F85";14.06.2018;21:08:15;;-;-;;
2913;Trovan Unique;"0006CC1F85";14.06.2018;21:08:16;;-;-;;
2914;Trovan Unique;"0006CC1F85";14.06.2018;21:08:17;;-;-;;
2915;Trovan Unique;"0006CC1F85";14.06.2018;21:08:18;;-;-;;
2916;Trovan Unique;"0006CC1F85";14.06.2018;21:08:19;;-;-;;
2917;Trovan Unique;"0006CC1F85";14.06.2018;21:08:20;;-;-;;
2918;Trovan Unique;"0006CC1F85";14.06.2018;21:08:21;;-;-;;
2919;Trovan Unique;"0006CC1F85";14.06.2018;21:08:23;;-;-;;
2920;Trovan Unique;"0006CC1F85";14.06.2018;21:08:24;;-;-;;
2921;Trovan Unique;"0006CC1F85";14.06.2018;21:08:25;;-;-;;
2922;Trovan Unique;"0006CC1F85";14.06.2018;21:08:26;;-;-;;
2923;Trovan Unique;"0006CC1F85";14.06.2018;21:08:27;;-;-;;
2924;Trovan Unique;"0006CC1F85";14.06.2018;21:08:28;;-;-;;
2925;Trovan Unique;"0006CC1F85";14.06.2018;21:08:29;;-;-;;
2926;Trovan Unique;"0006CC1F85";14.06.2018;21:08:30;;-;-;;
2927;Trovan Unique;"0006CC1F85";14.06.2018;21:08:31;;-;-;;
2928;Trovan Unique;"0006CC1F85";14.06.2018;21:08:32;;-;-;;
2929;Trovan Unique;"0006CC1F85";14.06.2018;21:08:33;;-;-;;
2930;Trovan Unique;"0006CC1F85";14.06.2018;21:08:34;;-;-;;
2931;Trovan Unique;"0006CC1F85";14.06.2018;21:08:35;;-;-;;
2932;Trovan Unique;"0006CC1F85";14.06.2018;21:08:36;;-;-;;
2933;Trovan Unique;"0006CC1F85";14.06.2018;21:08:37;;-;-;;
2934;Trovan Unique;"0006CC1F85";14.06.2018;21:08:38;;-;-;;
2935;Trovan Unique;"0006CC1F85";14.06.2018;21:08:39;;-;-;;
2936;Trovan Unique;"0006CC1F85";14.06.2018;21:08:40;;-;-;;
2937;Trovan Unique;"0006CC1F85";14.06.2018;21:08:41;;-;-;;
2938;Trovan Unique;"0006CC1F85";14.06.2018;21:08:42;;-;-;;
2939;Trovan Unique;"0006CC1F85";14.06.2018;21:08:43;;-;-;;
2940;Trovan Unique;"0006CC1F85";14.06.2018;21:08:44;;-;-;;
2941;Trovan Unique;"0006CC1F85";14.06.2018;21:08:45;;-;-;;
2942;Trovan Unique;"0006CC1F85";14.06.2018;21:08:46;;-;-;;
2943;Trovan Unique;"0006CC1F85";14.06.2018;21:08:47;;-;-;;
2944;Trovan Unique;"0006CC1F85";14.06.2018;21:08:48;;-;-;;
2945;Trovan Unique;"0006CC1F85";14.06.2018;21:08:49;;-;-;;
2946;Trovan Unique;"0006CC1F85";14.06.2018;21:08:50;;-;-;;
2947;Trovan Unique;"0006CC1F85";14.06.2018;21:08:51;;-;-;;
2948;Trovan Unique;"0006CC1F85";14.06.2018;21:08:52;;-;-;;
2949;Trovan Unique;"0006CC1F85";14.06.2018;21:08:53;;-;-;;
2950;Trovan Unique;"0006CC1F85";14.06.2018;21:08:54;;-;-;;
2951;Trovan Unique;"0006CC1F85";14.06.2018;21:08:55;;-;-;;
2952;Trovan Unique;"0006CC1F85";14.06.2018;21:08:56;;-;-;;
2953;Trovan Unique;"0006CC1F85";14.06.2018;21:08:57;;-;-;;
2954;Trovan Unique;"0006CC1F85";14.06.2018;21:08:58;;-;-;;
2955;Trovan Unique;"0006CC1F85";14.06.2018;21:08:59;;-;-;;
2956;Trovan Unique;"0006CC1F85";14.06.2018;21:09:00;;-;-;;
2957;Trovan Unique;"0006CC1F85";14.06.2018;21:09:01;;-;-;;
2958;Trovan Unique;"0006CC1F85";14.06.2018;21:09:02;;-;-;;
2959;Trovan Unique;"0006CC1F85";14.06.2018;21:09:03;;-;-;;
2960;Trovan Unique;"0006CC1F85";14.06.2018;21:09:04;;-;-;;
2961;Trovan Unique;"0006CC1F85";14.06.2018;21:09:05;;-;-;;
2962;Trovan Unique;"0006CC1F85";14.06.2018;21:09:07;;-;-;;
2963;Trovan Unique;"0006CC1F85";14.06.2018;21:09:08;;-;-;;
2964;Trovan Unique;"0006CC1F85";14.06.2018;21:09:09;;-;-;;
2965;Trovan Unique;"0006CC1F85";14.06.2018;21:09:10;;-;-;;
2966;Trovan Unique;"0006CC1F85";14.06.2018;21:09:11;;-;-;;
2967;Trovan Unique;"0006CC1F85";14.06.2018;21:09:12;;-;-;;
2968;Trovan Unique;"0006CC1F85";14.06.2018;21:09:13;;-;-;;
2969;Trovan Unique;"0006CC1F85";14.06.2018;21:09:14;;-;-;;
2970;Trovan Unique;"0006CC1F85";14.06.2018;21:09:15;;-;-;;
2971;Trovan Unique;"0006CC1F85";14.06.2018;21:09:16;;-;-;;
2972;Trovan Unique;"0006CC1F85";14.06.2018;21:09:17;;-;-;;
2973;Trovan Unique;"0006CC1F85";14.06.2018;21:09:18;;-;-;;
2974;Trovan Unique;"0006CC1F85";14.06.2018;21:09:19;;-;-;;
2975;Trovan Unique;"0006CC1F85";14.06.2018;21:09:20;;-;-;;
2976;Trovan Unique;"0006CC1F85";14.06.2018;21:09:22;;-;-;;
2977;Trovan Unique;"0006CC1F85";14.06.2018;21:09:23;;-;-;;
2978;Trovan Unique;"0006CC1F85";14.06.2018;21:09:24;;-;-;;
2979;Trovan Unique;"0006CC1F85";14.06.2018;21:09:25;;-;-;;
2980;Trovan Unique;"0006CC1F85";14.06.2018;21:09:26;;-;-;;
2981;Trovan Unique;"0006CC1F85";14.06.2018;21:09:27;;-;-;;
2982;Trovan Unique;"0006CC1F85";14.06.2018;21:09:29;;-;-;;
2983;Trovan Unique;"0006CC1F85";14.06.2018;21:09:30;;-;-;;
2984;Trovan Unique;"0006CC1F85";14.06.2018;21:09:30;;-;-;;
2985;Trovan Unique;"0006CC1F85";14.06.2018;21:09:32;;-;-;;
2986;Trovan Unique;"0006CC1F85";14.06.2018;21:09:33;;-;-;;
2987;Trovan Unique;"0006CC1F85";14.06.2018;21:09:34;;-;-;;
2988;Trovan Unique;"0006CC1F85";14.06.2018;21:09:35;;-;-;;
2989;Trovan Unique;"0006CC1F85";14.06.2018;21:09:36;;-;-;;
2990;Trovan Unique;"0006CC1F85";14.06.2018;21:09:37;;-;-;;
2991;Trovan Unique;"0006CC1F85";14.06.2018;21:09:38;;-;-;;
2992;Trovan Unique;"0006CC1F85";14.06.2018;21:09:39;;-;-;;
2993;Trovan Unique;"0006CC1F85";14.06.2018;21:09:40;;-;-;;
2994;Trovan Unique;"0006CC1F85";14.06.2018;21:09:41;;-;-;;
2995;Trovan Unique;"0006CC1F85";14.06.2018;21:09:42;;-;-;;
2996;Trovan Unique;"0006CC1F85";14.06.2018;21:09:43;;-;-;;
2997;Trovan Unique;"0006CC1F85";14.06.2018;21:09:44;;-;-;;
2998;Trovan Unique;"0006CC1F85";14.06.2018;21:09:45;;-;-;;
2999;Trovan Unique;"0006CC1F85";14.06.2018;21:09:46;;-;-;;
3000;Trovan Unique;"0006CC1F85";14.06.2018;21:09:48;;-;-;;
3001;Trovan Unique;"0006CC1F85";14.06.2018;21:09:49;;-;-;;
3002;Trovan Unique;"0006CC1F85";14.06.2018;21:09:50;;-;-;;
3003;Trovan Unique;"0006CC1F85";14.06.2018;21:09:52;;-;-;;
3004;Trovan Unique;"0006CC1F85";14.06.2018;21:09:53;;-;-;;
3005;Trovan Unique;"0006CC1F85";14.06.2018;21:09:54;;-;-;;
3006;Trovan Unique;"0006CC1F85";14.06.2018;21:09:55;;-;-;;
3007;Trovan Unique;"0006CC1F85";14.06.2018;21:09:57;;-;-;;
3008;Trovan Unique;"0006CC1F85";14.06.2018;21:09:58;;-;-;;
3009;Trovan Unique;"0006CC1F85";14.06.2018;21:09:59;;-;-;;
3010;Trovan Unique;"0006CC1F85";14.06.2018;21:10:00;;-;-;;
3011;Trovan Unique;"0006CC1F85";14.06.2018;21:10:02;;-;-;;
3012;Trovan Unique;"0006CC1F85";14.06.2018;21:10:03;;-;-;;
3013;Trovan Unique;"0006CC1F85";14.06.2018;21:10:04;;-;-;;
3014;Trovan Unique;"0006CC1F85";14.06.2018;21:10:05;;-;-;;
3015;Trovan Unique;"0006CC1F85";14.06.2018;21:10:06;;-;-;;
3016;Trovan Unique;"0006CC1F85";14.06.2018;21:10:07;;-;-;;
3017;Trovan Unique;"0006CC1F85";14.06.2018;21:10:08;;-;-;;
3018;Trovan Unique;"0006CC1F85";14.06.2018;21:10:09;;-;-;;
3019;Trovan Unique;"0006CC1F85";14.06.2018;21:10:10;;-;-;;
3020;Trovan Unique;"0006CC1F85";14.06.2018;21:10:12;;-;-;;
3021;Trovan Unique;"0006CC1F85";14.06.2018;21:10:13;;-;-;;
3022;Trovan Unique;"0006CC1F85";14.06.2018;21:10:14;;-;-;;
3023;Trovan Unique;"0006CC1F85";14.06.2018;21:10:15;;-;-;;
3024;Trovan Unique;"0006CC1F85";14.06.2018;21:10:16;;-;-;;
3025;Trovan Unique;"0006CC1F85";14.06.2018;21:10:17;;-;-;;
3026;Trovan Unique;"0006CC1F85";14.06.2018;21:10:18;;-;-;;
3027;Trovan Unique;"0006CC1F85";14.06.2018;21:10:19;;-;-;;
3028;Trovan Unique;"0006CC1F85";14.06.2018;21:10:20;;-;-;;
3029;Trovan Unique;"0006CC1F85";14.06.2018;21:10:21;;-;-;;
3030;Trovan Unique;"0006CC1F85";14.06.2018;21:10:23;;-;-;;
3031;Trovan Unique;"0006CC1F85";14.06.2018;21:10:24;;-;-;;
3032;Trovan Unique;"0006CC1F85";14.06.2018;21:10:25;;-;-;;
3033;Trovan Unique;"0006CC1F85";14.06.2018;21:10:26;;-;-;;
3034;Trovan Unique;"0006CC1F85";14.06.2018;21:10:27;;-;-;;
3035;Trovan Unique;"0006CC1F85";14.06.2018;21:10:29;;-;-;;
3036;Trovan Unique;"0006CC1F85";14.06.2018;21:10:31;;-;-;;
3037;Trovan Unique;"0006CC1F85";14.06.2018;21:10:32;;-;-;;
3038;Trovan Unique;"0006CC1F85";14.06.2018;21:10:33;;-;-;;
3039;Trovan Unique;"0006CC1F85";14.06.2018;21:10:34;;-;-;;
3040;Trovan Unique;"0006CC1F85";14.06.2018;21:10:35;;-;-;;
3041;Trovan Unique;"0006CC1F85";14.06.2018;21:10:36;;-;-;;
3042;Trovan Unique;"0006CC1F85";14.06.2018;21:10:37;;-;-;;
3043;Trovan Unique;"0006CC1F85";14.06.2018;21:10:38;;-;-;;
3044;Trovan Unique;"0006CC1F85";14.06.2018;21:10:39;;-;-;;
3045;Trovan Unique;"0006CC1F85";14.06.2018;21:10:41;;-;-;;
3046;Trovan Unique;"0006CC1F85";14.06.2018;21:10:42;;-;-;;
3047;Trovan Unique;"0006CC1F85";14.06.2018;21:10:43;;-;-;;
3048;Trovan Unique;"0006CC1F85";14.06.2018;21:10:44;;-;-;;
3049;Trovan Unique;"0006CC1F85";14.06.2018;21:10:45;;-;-;;
3050;Trovan Unique;"0006CC1F85";14.06.2018;21:10:46;;-;-;;
3051;Trovan Unique;"0006CC1F85";14.06.2018;21:10:47;;-;-;;
3052;Trovan Unique;"0006CC1F85";14.06.2018;21:10:48;;-;-;;
3053;Trovan Unique;"0006CC1F85";14.06.2018;21:10:49;;-;-;;
3054;Trovan Unique;"0006CC1F85";14.06.2018;21:10:51;;-;-;;
3055;Trovan Unique;"0006CC1F85";14.06.2018;21:10:52;;-;-;;
3056;Trovan Unique;"0006CC1F85";14.06.2018;21:10:53;;-;-;;
3057;Trovan Unique;"0006CC1F85";14.06.2018;21:10:54;;-;-;;
3058;Trovan Unique;"0006CC1F85";14.06.2018;21:10:56;;-;-;;
3059;Trovan Unique;"0006CC1F85";14.06.2018;21:10:57;;-;-;;
3060;Trovan Unique;"0006CC1F85";14.06.2018;21:10:58;;-;-;;
3061;Trovan Unique;"0006CC1F85";14.06.2018;21:10:59;;-;-;;
3062;Trovan Unique;"0006CC1F85";14.06.2018;21:11:00;;-;-;;
3063;Trovan Unique;"0006CC1F85";14.06.2018;21:11:01;;-;-;;
3064;Trovan Unique;"0006CC1F85";14.06.2018;21:11:03;;-;-;;
3065;Trovan Unique;"0006CC1F85";14.06.2018;21:11:04;;-;-;;
3066;Trovan Unique;"0006CC1F85";14.06.2018;21:11:05;;-;-;;
3067;Trovan Unique;"0006CC1F85";14.06.2018;21:11:06;;-;-;;
3068;Trovan Unique;"0006CC1F85";14.06.2018;21:11:07;;-;-;;
3069;Trovan Unique;"0006CC1F85";14.06.2018;21:11:08;;-;-;;
3070;Trovan Unique;"0006CC1F85";14.06.2018;21:11:09;;-;-;;
3071;Trovan Unique;"0006CC1F85";14.06.2018;21:11:11;;-;-;;
3072;Trovan Unique;"0006CC1F85";14.06.2018;21:11:11;;-;-;;
3073;Trovan Unique;"0006CC1F85";14.06.2018;21:11:13;;-;-;;
3074;Trovan Unique;"0006CC1F85";14.06.2018;21:11:14;;-;-;;
3075;Trovan Unique;"0006CC1F85";14.06.2018;21:11:15;;-;-;;
3076;Trovan Unique;"0006CC1F85";14.06.2018;21:11:16;;-;-;;
3077;Trovan Unique;"0006CC1F85";14.06.2018;21:11:17;;-;-;;
3078;Trovan Unique;"0006CC1F85";14.06.2018;21:11:18;;-;-;;
3079;Trovan Unique;"0006CC1F85";14.06.2018;21:11:19;;-;-;;
3080;Trovan Unique;"0006CC1F85";14.06.2018;21:11:21;;-;-;;
3081;Trovan Unique;"0006CC1F85";14.06.2018;21:11:22;;-;-;;
3082;Trovan Unique;"0006CC1F85";14.06.2018;21:11:23;;-;-;;
3083;Trovan Unique;"0006CC1F85";14.06.2018;21:11:24;;-;-;;
3084;Trovan Unique;"0006CC1F85";14.06.2018;21:11:25;;-;-;;
3085;Trovan Unique;"0006CC1F85";14.06.2018;21:11:26;;-;-;;
3086;Trovan Unique;"0006CC1F85";14.06.2018;21:11:27;;-;-;;
3087;Trovan Unique;"0006CC1F85";14.06.2018;21:11:28;;-;-;;
3088;Trovan Unique;"0006CC1F85";14.06.2018;21:11:29;;-;-;;
3089;Trovan Unique;"0006CC1F85";14.06.2018;21:11:31;;-;-;;
3090;Trovan Unique;"0006CC1F85";14.06.2018;21:11:32;;-;-;;
3091;Trovan Unique;"0006CC1F85";14.06.2018;21:11:33;;-;-;;
3092;Trovan Unique;"0006CC1F85";14.06.2018;21:11:34;;-;-;;
3093;Trovan Unique;"0006CC1F85";14.06.2018;21:11:35;;-;-;;
3094;Trovan Unique;"0006CC1F85";14.06.2018;21:11:36;;-;-;;
3095;Trovan Unique;"0006CC1F85";14.06.2018;21:11:37;;-;-;;
3096;Trovan Unique;"0006CC1F85";14.06.2018;21:11:39;;-;-;;
3097;Trovan Unique;"0006CC1F85";14.06.2018;21:11:40;;-;-;;
3098;Trovan Unique;"0006CC1F85";14.06.2018;21:11:41;;-;-;;
3099;Trovan Unique;"0006CC1F85";14.06.2018;21:11:42;;-;-;;
3100;Trovan Unique;"0006CC1F85";14.06.2018;21:11:43;;-;-;;
3101;Trovan Unique;"0006CC1F85";14.06.2018;21:11:44;;-;-;;
3102;Trovan Unique;"0006CC1F85";14.06.2018;21:11:45;;-;-;;
3103;Trovan Unique;"0006CC1F85";14.06.2018;21:11:46;;-;-;;
3104;Trovan Unique;"0006CC1F85";14.06.2018;21:11:48;;-;-;;
3105;Trovan Unique;"0006CC1F85";14.06.2018;21:11:49;;-;-;;
3106;Trovan Unique;"0006CC1F85";14.06.2018;21:11:50;;-;-;;
3107;Trovan Unique;"0006CC1F85";14.06.2018;21:11:51;;-;-;;
3108;Trovan Unique;"0006CC1F85";14.06.2018;21:11:52;;-;-;;
3109;Trovan Unique;"0006CC1F85";14.06.2018;21:11:53;;-;-;;
3110;Trovan Unique;"0006CC1F85";14.06.2018;21:11:54;;-;-;;
3111;Trovan Unique;"0006CC1F85";14.06.2018;21:11:55;;-;-;;
3112;Trovan Unique;"0006CC1F85";14.06.2018;21:11:56;;-;-;;
3113;Trovan Unique;"0006CC1F85";14.06.2018;21:11:57;;-;-;;
3114;Trovan Unique;"0006CC1F85";14.06.2018;21:11:58;;-;-;;
3115;Trovan Unique;"0006CC1F85";14.06.2018;21:11:59;;-;-;;
3116;Trovan Unique;"0006CC1F85";14.06.2018;21:12:01;;-;-;;
3117;Trovan Unique;"0006CC1F85";14.06.2018;21:12:02;;-;-;;
3118;Trovan Unique;"0006CC1F85";14.06.2018;21:12:03;;-;-;;
3119;Trovan Unique;"0006CC1F85";14.06.2018;21:12:04;;-;-;;
3120;Trovan Unique;"0006CC1F85";14.06.2018;21:12:05;;-;-;;
3121;Trovan Unique;"0006CC1F85";14.06.2018;21:12:06;;-;-;;
3122;Trovan Unique;"0006CC1F85";14.06.2018;21:12:07;;-;-;;
3123;Trovan Unique;"0006CC1F85";14.06.2018;21:12:08;;-;-;;
3124;Trovan Unique;"0006CC1F85";14.06.2018;21:12:09;;-;-;;
3125;Trovan Unique;"0006CC1F85";14.06.2018;21:12:10;;-;-;;
3126;Trovan Unique;"0006CC1F85";14.06.2018;21:12:12;;-;-;;
3127;Trovan Unique;"0006CC1F85";14.06.2018;21:12:13;;-;-;;
3128;Trovan Unique;"0006CC1F85";14.06.2018;21:12:14;;-;-;;
3129;Trovan Unique;"0006CC1F85";14.06.2018;21:12:16;;-;-;;
3130;Trovan Unique;"0006CC1F85";14.06.2018;21:12:17;;-;-;;
3131;Trovan Unique;"0006CC1F85";14.06.2018;21:12:18;;-;-;;
3132;Trovan Unique;"0006CC1F85";14.06.2018;21:12:19;;-;-;;
3133;Trovan Unique;"0006CC1F85";14.06.2018;21:12:20;;-;-;;
3134;Trovan Unique;"0006CC1F85";14.06.2018;21:12:21;;-;-;;
3135;Trovan Unique;"0006CC1F85";14.06.2018;21:12:22;;-;-;;
3136;Trovan Unique;"0006CC1F85";14.06.2018;21:12:23;;-;-;;
3137;Trovan Unique;"0006CC1F85";14.06.2018;21:12:24;;-;-;;
3138;Trovan Unique;"0006CC1F85";14.06.2018;21:12:25;;-;-;;
3139;Trovan Unique;"0006CC1F85";14.06.2018;21:12:26;;-;-;;
3140;Trovan Unique;"0006CC1F85";14.06.2018;21:12:27;;-;-;;
3141;Trovan Unique;"0006CC1F85";14.06.2018;21:12:29;;-;-;;
3142;Trovan Unique;"0006CC1F85";14.06.2018;21:12:30;;-;-;;
3143;Trovan Unique;"0006CC1F85";14.06.2018;21:12:31;;-;-;;
3144;Trovan Unique;"0006CC1F85";14.06.2018;21:12:32;;-;-;;
3145;Trovan Unique;"0006CC1F85";14.06.2018;21:12:33;;-;-;;
3146;Trovan Unique;"0006CC1F85";14.06.2018;21:12:34;;-;-;;
3147;Trovan Unique;"0006CC1F85";14.06.2018;21:12:35;;-;-;;
3148;Trovan Unique;"0006CC1F85";14.06.2018;21:12:36;;-;-;;
3149;Trovan Unique;"0006CC1F85";14.06.2018;21:12:37;;-;-;;
