#;Transponder Type:;Transponder Code:;Date:;Time:;Event:;Unit #:;Antenna #:;Memo:;Custom:
0;Trovan Unique;0006B34B41;06.06.2018;21:41:52;;0;-;;
1;Trovan Unique;00075B6FB1;06.06.2018;21:42:19;;0;-;;
2;Trovan Unique;0006CC1F85;06.06.2018;21:45:21;;0;-;;
3;Trovan Unique;000770FB8F;06.06.2018;21:45:24;;0;-;;
4;Trovan Unique;0006CC35A6;06.06.2018;21:46:22;;0;-;;
5;Trovan Unique;0007ABDA1D;06.06.2018;21:46:29;;0;-;;
6;Trovan Unique;000783C9A5;06.06.2018;21:46:36;;0;-;;
7;Trovan Unique;0006B38BB9;06.06.2018;21:46:43;;0;-;;
8;Trovan Unique;0006B38BB9;06.06.2018;21:46:44;;0;-;;
9;Trovan Unique;0006B39027;06.06.2018;21:47:12;;0;-;;
10;Trovan Unique;0006CC08AD;06.06.2018;21:48:30;;0;-;;
11;Trovan Unique;0006B358D2;06.06.2018;21:48:49;;0;-;;
12;Trovan Unique;0006B3BF50;06.06.2018;21:50:07;;0;-;;
13;Trovan Unique;00075CDD9A;06.06.2018;21:51:41;;0;-;;
14;Trovan Unique;0006CC3BE1;06.06.2018;21:51:45;;0;-;;
15;Trovan Unique;00075CE5CF;06.06.2018;21:52:03;;0;-;;
16;Trovan Unique;0006B391E1;06.06.2018;21:52:30;;0;-;;
17;Trovan Unique;0006B391E1;06.06.2018;21:52:31;;0;-;;
18;Trovan Unique;00075CEE9E;06.06.2018;21:52:33;;0;-;;
19;Trovan Unique;0006CC3D93;06.06.2018;21:54:51;;0;-;;
20;Trovan Unique;0006B39BBE;06.06.2018;21:55:10;;0;-;;
21;Trovan Unique;00075CDD9A;06.06.2018;21:55:18;;0;-;;
22;Trovan Unique;00075CE5CF;06.06.2018;21:56:56;;0;-;;
23;Trovan Unique;0006B37D1C;06.06.2018;21:58:48;;0;-;;
24;Trovan Unique;0006B37D1C;06.06.2018;21:58:49;;0;-;;
25;Trovan Unique;00075CDD9A;06.06.2018;21:59:29;;0;-;;
26;Trovan Unique;00071E3992;06.06.2018;22:00:31;;0;-;;
27;Trovan Unique;0006B39BBE;06.06.2018;22:00:37;;0;-;;
28;Trovan Unique;0006B35DA1;06.06.2018;22:01:11;;0;-;;
29;Trovan Unique;0006B38502;06.06.2018;22:01:53;;0;-;;
30;Trovan Unique;0006CC35A6;06.06.2018;22:02:50;;0;-;;
31;Trovan Unique;0006CC35A6;06.06.2018;22:02:52;;0;-;;
32;Trovan Unique;0006CC35A6;06.06.2018;22:02:53;;0;-;;
33;Trovan Unique;0006CC35A6;06.06.2018;22:02:54;;0;-;;
34;Trovan Unique;0006CC35A6;06.06.2018;22:02:57;;0;-;;
35;Trovan Unique;0006B3B2B6;06.06.2018;22:03:33;;0;-;;
36;Trovan Unique;0006B3B2B6;06.06.2018;22:03:34;;0;-;;
37;Trovan Unique;00075D0BFD;06.06.2018;22:04:57;;0;-;;
38;Trovan Unique;0006B373AA;06.06.2018;22:04:58;;0;-;;
39;Trovan Unique;0006B3AFC0;06.06.2018;22:05:00;;0;-;;
40;Trovan Unique;0006B36ADC;06.06.2018;22:06:04;;0;-;;
41;Trovan Unique;0006B36A8D;06.06.2018;22:06:26;;0;-;;
42;Trovan Unique;0006B36A8D;06.06.2018;22:06:27;;0;-;;
43;Trovan Unique;0006B354E6;06.06.2018;22:06:35;;0;-;;
44;Trovan Unique;00075CDD9A;06.06.2018;22:07:13;;0;-;;
45;Trovan Unique;0006CC2D08;06.06.2018;22:08:23;;0;-;;
46;Trovan Unique;00075D701D;06.06.2018;22:08:25;;0;-;;
47;Trovan Unique;0006B36ADC;06.06.2018;22:08:30;;0;-;;
48;Trovan Unique;0006B36ADC;06.06.2018;22:08:31;;0;-;;
49;Trovan Unique;0006B39BBE;06.06.2018;22:08:36;;0;-;;
50;Trovan Unique;0006B37090;06.06.2018;22:08:37;;0;-;;
51;Trovan Unique;0006B354E6;06.06.2018;22:08:48;;0;-;;
52;Trovan Unique;0006B354E6;06.06.2018;22:08:49;;0;-;;
53;Trovan Unique;0006B354E6;06.06.2018;22:08:50;;0;-;;
54;Trovan Unique;0006B38502;06.06.2018;22:08:55;;0;-;;
55;Trovan Unique;000783C9A5;06.06.2018;22:09:09;;0;-;;
56;Trovan Unique;00075CE5CF;06.06.2018;22:09:15;;0;-;;
57;Trovan Unique;00075B67A9;06.06.2018;22:09:46;;0;-;;
58;Trovan Unique;0006B373AA;06.06.2018;22:09:48;;0;-;;
59;Trovan Unique;0006B354E6;06.06.2018;22:11:18;;0;-;;
60;Trovan Unique;00075D0CCB;06.06.2018;22:13:13;;0;-;;
61;Trovan Unique;00071E3992;06.06.2018;22:13:14;;0;-;;
62;Trovan Unique;0006B3AFC0;06.06.2018;22:13:18;;0;-;;
63;Trovan Unique;0006B34B41;06.06.2018;22:13:20;;0;-;;
64;Trovan Unique;0006CC199B;06.06.2018;22:14:16;;0;-;;
65;Trovan Unique;0006B391E1;06.06.2018;22:15:16;;0;-;;
66;Trovan Unique;0006B38BB9;06.06.2018;22:15:33;;0;-;;
67;Trovan Unique;0006B38BB9;06.06.2018;22:15:35;;0;-;;
68;Trovan Unique;0006B3B2B6;06.06.2018;22:15:36;;0;-;;
69;Trovan Unique;00075D12AA;06.06.2018;22:15:49;;0;-;;
70;Trovan Unique;0006B391E1;06.06.2018;22:16:49;;0;-;;
71;Trovan Unique;0006B391E1;06.06.2018;22:16:51;;0;-;;
72;Trovan Unique;0006B391E1;06.06.2018;22:16:51;;0;-;;
73;Trovan Unique;0006B36ADC;06.06.2018;22:17:18;;0;-;;
74;Trovan Unique;0006B36A8D;06.06.2018;22:17:30;;0;-;;
75;Trovan Unique;0006B36A8D;06.06.2018;22:17:31;;0;-;;
76;Trovan Unique;00075D12AA;06.06.2018;22:17:57;;0;-;;
77;Trovan Unique;00075D12AA;06.06.2018;22:17:59;;0;-;;
78;Trovan Unique;00075D12AA;06.06.2018;22:18:01;;0;-;;
79;Trovan Unique;0006B373AA;06.06.2018;22:18:02;;0;-;;
80;Trovan Unique;0006B354E6;06.06.2018;22:18:17;;0;-;;
81;Trovan Unique;00075CEE9E;06.06.2018;22:18:32;;0;-;;
82;Trovan Unique;00075CEE9E;06.06.2018;22:18:33;;0;-;;
83;Trovan Unique;0006CC3BE1;06.06.2018;22:18:48;;0;-;;
84;Trovan Unique;0006B391E1;06.06.2018;22:19:25;;0;-;;
85;Trovan Unique;0006CC3B21;06.06.2018;22:23:21;;0;-;;
86;Trovan Unique;0006B3B2B6;06.06.2018;22:24:47;;0;-;;
87;Trovan Unique;0006B391E1;06.06.2018;22:26:01;;0;-;;
88;Trovan Unique;0006B391E1;06.06.2018;22:26:02;;0;-;;
89;Trovan Unique;0006B391E1;06.06.2018;22:26:03;;0;-;;
90;Trovan Unique;0006CC3B21;06.06.2018;22:26:04;;0;-;;
91;Trovan Unique;0006CC199B;06.06.2018;22:28:00;;0;-;;
92;Trovan Unique;0006CC199B;06.06.2018;22:28:01;;0;-;;
93;Trovan Unique;0006CC1F85;06.06.2018;22:28:06;;0;-;;
94;Trovan Unique;0006CC1F85;06.06.2018;22:28:06;;0;-;;
95;Trovan Unique;0006CC35A6;06.06.2018;22:30:01;;0;-;;
96;Trovan Unique;0006CC35A6;06.06.2018;22:30:02;;0;-;;
97;Trovan Unique;0006CC35A6;06.06.2018;22:30:03;;0;-;;
98;Trovan Unique;0006CC35A6;06.06.2018;22:30:05;;0;-;;
99;Trovan Unique;0006CC35A6;06.06.2018;22:30:08;;0;-;;
100;Trovan Unique;0006CC35A6;06.06.2018;22:30:10;;0;-;;
101;Trovan Unique;0006CC35A6;06.06.2018;22:30:11;;0;-;;
102;Trovan Unique;0006CC35A6;06.06.2018;22:30:13;;0;-;;
103;Trovan Unique;0006CC1F19;06.06.2018;22:33:58;;0;-;;
104;Trovan Unique;00075CDD9A;06.06.2018;22:34:04;;0;-;;
105;Trovan Unique;0006B38977;06.06.2018;22:34:12;;0;-;;
106;Trovan Unique;0006CC1F19;06.06.2018;22:35:10;;0;-;;
107;Trovan Unique;0006B38977;06.06.2018;22:36:20;;0;-;;
108;Trovan Unique;0006B38977;06.06.2018;22:36:21;;0;-;;
109;Trovan Unique;0006B354E6;06.06.2018;22:36:22;;0;-;;
110;Trovan Unique;0006B38977;06.06.2018;22:36:23;;0;-;;
111;Trovan Unique;00075D0CCB;06.06.2018;22:37:30;;0;-;;
112;Trovan Unique;0006CC1F19;06.06.2018;22:37:41;;0;-;;
113;Trovan Unique;0006B3B2B6;06.06.2018;22:38:45;;0;-;;
114;Trovan Unique;0006B3B2B6;06.06.2018;22:38:46;;0;-;;
115;Trovan Unique;0006B3B2B6;06.06.2018;22:38:46;;0;-;;
116;Trovan Unique;0006CC3B21;06.06.2018;22:39:28;;0;-;;
117;Trovan Unique;0006CC3B21;06.06.2018;22:39:29;;0;-;;
118;Trovan Unique;00075D12AA;06.06.2018;22:40:06;;0;-;;
119;Trovan Unique;00075CDD9A;06.06.2018;22:43:01;;0;-;;
120;Trovan Unique;0006B373AA;06.06.2018;22:46:23;;0;-;;
121;Trovan Unique;0006B39504;06.06.2018;22:47:25;;0;-;;
122;Trovan Unique;0006B39504;06.06.2018;22:47:26;;0;-;;
123;Trovan Unique;0006B39504;06.06.2018;22:47:27;;0;-;;
124;Trovan Unique;0006CC1F19;06.06.2018;22:47:28;;0;-;;
125;Trovan Unique;0006B38933;06.06.2018;22:47:43;;0;-;;
126;Trovan Unique;0006B38933;06.06.2018;22:47:44;;0;-;;
127;Trovan Unique;0006B38933;06.06.2018;22:47:45;;0;-;;
128;Trovan Unique;0006B38933;06.06.2018;22:47:46;;0;-;;
129;Trovan Unique;0006B38933;06.06.2018;22:47:47;;0;-;;
130;Trovan Unique;0006B38933;06.06.2018;22:47:47;;0;-;;
131;Trovan Unique;0006B38933;06.06.2018;22:47:48;;0;-;;
132;Trovan Unique;0006B38502;06.06.2018;22:48:45;;0;-;;
133;Trovan Unique;0006B38502;06.06.2018;22:48:46;;0;-;;
134;Trovan Unique;0006B38502;06.06.2018;22:48:47;;0;-;;
135;Trovan Unique;0006B34B41;06.06.2018;22:49:44;;0;-;;
136;Trovan Unique;0006CC3BE1;06.06.2018;22:49:50;;0;-;;
137;Trovan Unique;0006CC3BE1;06.06.2018;22:51:33;;0;-;;
138;Trovan Unique;0006B36ADC;06.06.2018;22:51:56;;0;-;;
139;Trovan Unique;00075D02C3;06.06.2018;22:52:51;;0;-;;
140;Trovan Unique;0006B38977;06.06.2018;22:53:13;;0;-;;
141;Trovan Unique;0006B35F23;06.06.2018;22:53:44;;0;-;;
142;Trovan Unique;0006CC3BE1;06.06.2018;22:53:55;;0;-;;
143;Trovan Unique;0006B39BBE;06.06.2018;22:54:44;;0;-;;
144;Trovan Unique;0006B35F23;06.06.2018;22:54:51;;0;-;;
145;Trovan Unique;0006B38502;06.06.2018;22:54:56;;0;-;;
146;Trovan Unique;00074FA66F;06.06.2018;22:55:35;;0;-;;
147;Trovan Unique;00075D0CCB;06.06.2018;22:55:40;;0;-;;
148;Trovan Unique;0006CC3D93;06.06.2018;22:56:36;;0;-;;
149;Trovan Unique;00074FA66F;06.06.2018;22:56:42;;0;-;;
150;Trovan Unique;00074FA66F;06.06.2018;22:56:43;;0;-;;
151;Trovan Unique;00075CE5CF;06.06.2018;22:58:05;;0;-;;
152;Trovan Unique;0006B36ADC;06.06.2018;22:59:21;;0;-;;
153;Trovan Unique;0006B36ADC;06.06.2018;22:59:23;;0;-;;
154;Trovan Unique;0006B36ADC;06.06.2018;22:59:24;;0;-;;
155;Trovan Unique;00075D02C3;06.06.2018;23:00:10;;0;-;;
156;Trovan Unique;0006B37D1C;06.06.2018;23:03:03;;0;-;;
157;Trovan Unique;0006B37D1C;06.06.2018;23:03:04;;0;-;;
158;Trovan Unique;0006B38977;06.06.2018;23:04:11;;0;-;;
159;Trovan Unique;0006B38977;06.06.2018;23:04:12;;0;-;;
160;Trovan Unique;00074FA66F;06.06.2018;23:04:55;;0;-;;
161;Trovan Unique;0006B38E37;06.06.2018;23:06:12;;0;-;;
162;Trovan Unique;0006CC3BE1;06.06.2018;23:06:21;;0;-;;
163;Trovan Unique;0006B38502;06.06.2018;23:06:48;;0;-;;
164;Trovan Unique;0006B35F23;06.06.2018;23:07:38;;0;-;;
165;Trovan Unique;0006B38E37;06.06.2018;23:09:24;;0;-;;
166;Trovan Unique;0006B38E37;06.06.2018;23:09:25;;0;-;;
167;Trovan Unique;0006B38E37;06.06.2018;23:09:26;;0;-;;
168;Trovan Unique;0006B38E37;06.06.2018;23:09:27;;0;-;;
169;Trovan Unique;00071E3992;06.06.2018;23:10:43;;0;-;;
170;Trovan Unique;0006B38E37;06.06.2018;23:11:27;;0;-;;
171;Trovan Unique;0006B373AA;06.06.2018;23:12:07;;0;-;;
172;Trovan Unique;0006B38933;06.06.2018;23:12:09;;0;-;;
173;Trovan Unique;00075D0BFD;06.06.2018;23:12:27;;0;-;;
174;Trovan Unique;0006B397F6;06.06.2018;23:12:29;;0;-;;
175;Trovan Unique;0006CC1F85;06.06.2018;23:12:46;;0;-;;
176;Trovan Unique;0006CC1F85;06.06.2018;23:12:46;;0;-;;
177;Trovan Unique;00071E3992;06.06.2018;23:13:55;;0;-;;
178;Trovan Unique;00071E3992;06.06.2018;23:13:56;;0;-;;
179;Trovan Unique;00071E3992;06.06.2018;23:13:58;;0;-;;
180;Trovan Unique;0006B38E37;06.06.2018;23:14:50;;0;-;;
181;Trovan Unique;0006B371D7;06.06.2018;23:15:31;;0;-;;
182;Trovan Unique;0006B371D7;06.06.2018;23:15:32;;0;-;;
183;Trovan Unique;0006B371D7;06.06.2018;23:15:33;;0;-;;
184;Trovan Unique;0006B371D7;06.06.2018;23:15:34;;0;-;;
185;Trovan Unique;0006B371D7;06.06.2018;23:15:35;;0;-;;
186;Trovan Unique;0006B371D7;06.06.2018;23:15:36;;0;-;;
187;Trovan Unique;0006CC35A6;06.06.2018;23:16:16;;0;-;;
188;Trovan Unique;0006B3B2B6;06.06.2018;23:20:47;;0;-;;
189;Trovan Unique;0006B38E37;06.06.2018;23:22:46;;0;-;;
190;Trovan Unique;0006B35F23;06.06.2018;23:23:05;;0;-;;
191;Trovan Unique;0006B35F23;06.06.2018;23:23:06;;0;-;;
192;Trovan Unique;0006B39504;06.06.2018;23:23:30;;0;-;;
193;Trovan Unique;0006B39504;06.06.2018;23:23:31;;0;-;;
194;Trovan Unique;00075D12AA;06.06.2018;23:24:51;;0;-;;
195;Trovan Unique;00074FA66F;06.06.2018;23:25:33;;0;-;;
196;Trovan Unique;00074FA66F;06.06.2018;23:25:33;;0;-;;
197;Trovan Unique;00075CE5CF;06.06.2018;23:28:09;;0;-;;
198;Trovan Unique;00075CE5CF;06.06.2018;23:30:40;;0;-;;
199;Trovan Unique;0006B38BB9;06.06.2018;23:32:18;;0;-;;
200;Trovan Unique;0006B3BF50;06.06.2018;23:32:26;;0;-;;
201;Trovan Unique;0006B37D1C;06.06.2018;23:32:31;;0;-;;
202;Trovan Unique;00071E3992;06.06.2018;23:33:57;;0;-;;
203;Trovan Unique;0006B39302;06.06.2018;23:35:24;;0;-;;
204;Trovan Unique;0006B39302;06.06.2018;23:36:33;;0;-;;
205;Trovan Unique;0006B39302;06.06.2018;23:36:34;;0;-;;
206;Trovan Unique;0006B35F23;06.06.2018;23:37:51;;0;-;;
207;Trovan Unique;0006B38933;06.06.2018;23:39:29;;0;-;;
208;Trovan Unique;0006B38933;06.06.2018;23:39:30;;0;-;;
209;Trovan Unique;0006B38933;06.06.2018;23:39:31;;0;-;;
210;Trovan Unique;0006B38933;06.06.2018;23:39:32;;0;-;;
211;Trovan Unique;0006B38933;06.06.2018;23:39:32;;0;-;;
212;Trovan Unique;0006B38933;06.06.2018;23:39:33;;0;-;;
213;Trovan Unique;0006B3BF50;06.06.2018;23:40:01;;0;-;;
214;Trovan Unique;0006B36A8D;06.06.2018;23:41:55;;0;-;;
215;Trovan Unique;0006B38933;06.06.2018;23:42:25;;0;-;;
216;Trovan Unique;0006B38933;06.06.2018;23:43:25;;0;-;;
217;Trovan Unique;0006B38933;06.06.2018;23:43:26;;0;-;;
218;Trovan Unique;0006B38933;06.06.2018;23:43:27;;0;-;;
219;Trovan Unique;0006B39027;06.06.2018;23:43:49;;0;-;;
220;Trovan Unique;0006B39504;06.06.2018;23:44:52;;0;-;;
221;Trovan Unique;0006B39504;06.06.2018;23:44:53;;0;-;;
222;Trovan Unique;0006B39504;06.06.2018;23:44:54;;0;-;;
223;Trovan Unique;0006B39504;06.06.2018;23:44:55;;0;-;;
224;Trovan Unique;0006CC1F85;06.06.2018;23:44:55;;0;-;;
225;Trovan Unique;0006CC1F85;06.06.2018;23:44:56;;0;-;;
226;Trovan Unique;0006CC1F85;06.06.2018;23:44:57;;0;-;;
227;Trovan Unique;0006B39302;06.06.2018;23:46:00;;0;-;;
228;Trovan Unique;0006B38502;06.06.2018;23:46:36;;0;-;;
229;Trovan Unique;0006CC35A6;06.06.2018;23:46:42;;0;-;;
230;Trovan Unique;0006CC3B21;06.06.2018;23:46:57;;0;-;;
231;Trovan Unique;0006CC3B21;06.06.2018;23:46:59;;0;-;;
232;Trovan Unique;0006CC3B21;06.06.2018;23:47:00;;0;-;;
233;Trovan Unique;0006B38933;06.06.2018;23:47:34;;0;-;;
234;Trovan Unique;00075D12AA;06.06.2018;23:47:46;;0;-;;
235;Trovan Unique;0006B38933;06.06.2018;23:48:21;;0;-;;
236;Trovan Unique;0006B38933;06.06.2018;23:48:22;;0;-;;
237;Trovan Unique;00074FA66F;06.06.2018;23:48:23;;0;-;;
238;Trovan Unique;00075D0CCB;06.06.2018;23:48:32;;0;-;;
239;Trovan Unique;00071E3992;06.06.2018;23:49:03;;0;-;;
240;Trovan Unique;0006B38977;06.06.2018;23:50:30;;0;-;;
241;Trovan Unique;0006B354E6;06.06.2018;23:50:55;;0;-;;
242;Trovan Unique;0006B36A8D;06.06.2018;23:51:05;;0;-;;
243;Trovan Unique;0006B35F23;06.06.2018;23:51:07;;0;-;;
244;Trovan Unique;00074FA66F;06.06.2018;23:52:36;;0;-;;
245;Trovan Unique;00074FA66F;06.06.2018;23:52:37;;0;-;;
246;Trovan Unique;00074FA66F;06.06.2018;23:52:40;;0;-;;
247;Trovan Unique;00074FA66F;06.06.2018;23:52:40;;0;-;;
248;Trovan Unique;0006B39027;06.06.2018;23:53:33;;0;-;;
249;Trovan Unique;0006B39027;06.06.2018;23:53:34;;0;-;;
250;Trovan Unique;0006CC1F19;06.06.2018;23:54:02;;0;-;;
251;Trovan Unique;0006CC1F19;06.06.2018;23:54:03;;0;-;;
252;Trovan Unique;0006B38BB9;06.06.2018;23:54:26;;0;-;;
253;Trovan Unique;0006B39504;06.06.2018;23:54:48;;0;-;;
254;Trovan Unique;0006B39504;06.06.2018;23:54:49;;0;-;;
255;Trovan Unique;0006B39504;06.06.2018;23:54:50;;0;-;;
256;Trovan Unique;0006B3AFC0;06.06.2018;23:54:53;;0;-;;
257;Trovan Unique;0006B391E1;06.06.2018;23:56:44;;0;-;;
258;Trovan Unique;0006B391E1;06.06.2018;23:56:45;;0;-;;
259;Trovan Unique;0006B391E1;06.06.2018;23:56:46;;0;-;;
260;Trovan Unique;0006B391E1;06.06.2018;23:56:47;;0;-;;
261;Trovan Unique;0006B391E1;06.06.2018;23:56:48;;0;-;;
262;Trovan Unique;0006B391E1;06.06.2018;23:56:49;;0;-;;
263;Trovan Unique;0006CC1F85;06.06.2018;23:57:07;;0;-;;
264;Trovan Unique;0006CC1F85;06.06.2018;23:57:08;;0;-;;
265;Trovan Unique;0006B39BBE;06.06.2018;23:58:08;;0;-;;
266;Trovan Unique;0006B3B2B6;06.06.2018;23:58:12;;0;-;;
267;Trovan Unique;0006CC3449;06.06.2018;23:58:25;;0;-;;
268;Trovan Unique;0006B39302;06.06.2018;23:59:54;;0;-;;
269;Trovan Unique;0006B39302;06.06.2018;23:59:55;;0;-;;
270;Trovan Unique;0006B39302;06.06.2018;23:59:56;;0;-;;
271;Trovan Unique;00075D0BFD;07.06.2018;00:01:02;;0;-;;
272;Trovan Unique;00075D02C3;07.06.2018;00:02:14;;0;-;;
273;Trovan Unique;0006B387FA;07.06.2018;00:03:01;;0;-;;
274;Trovan Unique;0006B387FA;07.06.2018;00:03:01;;0;-;;
275;Trovan Unique;0006B387FA;07.06.2018;00:03:02;;0;-;;
276;Trovan Unique;0006B391E1;07.06.2018;00:06:02;;0;-;;
277;Trovan Unique;0006B391E1;07.06.2018;00:06:03;;0;-;;
278;Trovan Unique;0006B391E1;07.06.2018;00:06:04;;0;-;;
279;Trovan Unique;0006B371D7;07.06.2018;00:07:37;;0;-;;
280;Trovan Unique;0006B37D1C;07.06.2018;00:07:52;;0;-;;
281;Trovan Unique;0006B38977;07.06.2018;00:08:11;;0;-;;
282;Trovan Unique;0006B38977;07.06.2018;00:08:12;;0;-;;
283;Trovan Unique;0006B38977;07.06.2018;00:08:13;;0;-;;
284;Trovan Unique;00075D12AA;07.06.2018;00:08:23;;0;-;;
285;Trovan Unique;00075D12AA;07.06.2018;00:08:24;;0;-;;
286;Trovan Unique;00075D0BFD;07.06.2018;00:11:28;;0;-;;
287;Trovan Unique;00075D0BFD;07.06.2018;00:11:29;;0;-;;
288;Trovan Unique;00075D0BFD;07.06.2018;00:11:30;;0;-;;
289;Trovan Unique;00075D0BFD;07.06.2018;00:11:31;;0;-;;
290;Trovan Unique;00075D0BFD;07.06.2018;00:11:32;;0;-;;
291;Trovan Unique;00075D0BFD;07.06.2018;00:11:33;;0;-;;
292;Trovan Unique;00075D0BFD;07.06.2018;00:11:33;;0;-;;
293;Trovan Unique;0006CC3449;07.06.2018;00:11:36;;0;-;;
294;Trovan Unique;0006CC3449;07.06.2018;00:11:37;;0;-;;
295;Trovan Unique;0006CC3449;07.06.2018;00:11:38;;0;-;;
296;Trovan Unique;0006CC3449;07.06.2018;00:11:39;;0;-;;
297;Trovan Unique;00075D0BFD;07.06.2018;00:11:40;;0;-;;
298;Trovan Unique;0006B34B41;07.06.2018;00:12:59;;0;-;;
299;Trovan Unique;0006B397F6;07.06.2018;00:13:42;;0;-;;
300;Trovan Unique;0006B397F6;07.06.2018;00:13:43;;0;-;;
301;Trovan Unique;0006B397F6;07.06.2018;00:13:44;;0;-;;
302;Trovan Unique;0006B3B2B6;07.06.2018;00:15:37;;0;-;;
303;Trovan Unique;0006B3B2B6;07.06.2018;00:15:38;;0;-;;
304;Trovan Unique;0006B3B2B6;07.06.2018;00:15:39;;0;-;;
305;Trovan Unique;0006B3B2B6;07.06.2018;00:15:40;;0;-;;
306;Trovan Unique;00075CDD9A;07.06.2018;00:19:11;;0;-;;
307;Trovan Unique;00075D0BFD;07.06.2018;00:20:54;;0;-;;
308;Trovan Unique;00075D0BFD;07.06.2018;00:20:55;;0;-;;
309;Trovan Unique;0006B34B41;07.06.2018;00:21:03;;0;-;;
310;Trovan Unique;0006B37F93;07.06.2018;00:23:05;;0;-;;
311;Trovan Unique;0006B37F93;07.06.2018;00:23:06;;0;-;;
312;Trovan Unique;0006B35F23;07.06.2018;00:25:57;;0;-;;
313;Trovan Unique;0006B397F6;07.06.2018;00:26:39;;0;-;;
314;Trovan Unique;00075D0BFD;07.06.2018;00:28:45;;0;-;;
315;Trovan Unique;00075D0BFD;07.06.2018;00:28:46;;0;-;;
316;Trovan Unique;0006B373AA;07.06.2018;00:29:01;;0;-;;
317;Trovan Unique;00075D0BFD;07.06.2018;00:29:46;;0;-;;
318;Trovan Unique;0006CC3D93;07.06.2018;00:30:44;;0;-;;
319;Trovan Unique;0006CC35A6;07.06.2018;00:31:44;;0;-;;
320;Trovan Unique;0006B371D7;07.06.2018;00:32:36;;0;-;;
321;Trovan Unique;0006B371D7;07.06.2018;00:32:37;;0;-;;
322;Trovan Unique;0006B371D7;07.06.2018;00:32:38;;0;-;;
323;Trovan Unique;0006B3B2B6;07.06.2018;00:32:43;;0;-;;
324;Trovan Unique;0006B38933;07.06.2018;00:35:46;;0;-;;
325;Trovan Unique;0006B38933;07.06.2018;00:35:48;;0;-;;
326;Trovan Unique;0006B39BBE;07.06.2018;00:35:51;;0;-;;
327;Trovan Unique;0006B36A8D;07.06.2018;00:35:56;;0;-;;
328;Trovan Unique;0006B36A8D;07.06.2018;00:35:57;;0;-;;
329;Trovan Unique;0006B36ADC;07.06.2018;00:36:00;;0;-;;
330;Trovan Unique;0006CC1F19;07.06.2018;00:36:03;;0;-;;
331;Trovan Unique;00075D0CCB;07.06.2018;00:36:47;;0;-;;
332;Trovan Unique;0006B39504;07.06.2018;00:37:44;;0;-;;
333;Trovan Unique;00075CDD9A;07.06.2018;00:38:33;;0;-;;
334;Trovan Unique;00074FA66F;07.06.2018;00:38:48;;0;-;;
335;Trovan Unique;00074FA66F;07.06.2018;00:38:49;;0;-;;
336;Trovan Unique;00074FA66F;07.06.2018;00:38:50;;0;-;;
337;Trovan Unique;00074FA66F;07.06.2018;00:38:51;;0;-;;
338;Trovan Unique;00074FA66F;07.06.2018;00:38:52;;0;-;;
339;Trovan Unique;00074FA66F;07.06.2018;00:38:54;;0;-;;
340;Trovan Unique;00074FA66F;07.06.2018;00:38:55;;0;-;;
341;Trovan Unique;00074FA66F;07.06.2018;00:38:56;;0;-;;
342;Trovan Unique;00074FA66F;07.06.2018;00:38:57;;0;-;;
343;Trovan Unique;0006B36ADC;07.06.2018;00:39:34;;0;-;;
344;Trovan Unique;0006B36ADC;07.06.2018;00:39:35;;0;-;;
345;Trovan Unique;0006B397F6;07.06.2018;00:40:58;;0;-;;
346;Trovan Unique;0006B397F6;07.06.2018;00:40:59;;0;-;;
347;Trovan Unique;0006B397F6;07.06.2018;00:41:00;;0;-;;
348;Trovan Unique;0006B397F6;07.06.2018;00:41:01;;0;-;;
349;Trovan Unique;0006B397F6;07.06.2018;00:41:02;;0;-;;
350;Trovan Unique;0006B397F6;07.06.2018;00:41:03;;0;-;;
351;Trovan Unique;0006B397F6;07.06.2018;00:41:03;;0;-;;
352;Trovan Unique;0006B397F6;07.06.2018;00:41:04;;0;-;;
353;Trovan Unique;0006B397F6;07.06.2018;00:41:05;;0;-;;
354;Trovan Unique;00075CEE9E;07.06.2018;00:41:22;;0;-;;
355;Trovan Unique;00075CEE9E;07.06.2018;00:41:24;;0;-;;
356;Trovan Unique;00075CEE9E;07.06.2018;00:41:26;;0;-;;
357;Trovan Unique;00075CEE9E;07.06.2018;00:41:27;;0;-;;
358;Trovan Unique;00075CEE9E;07.06.2018;00:41:28;;0;-;;
359;Trovan Unique;0006CC3D93;07.06.2018;00:41:29;;0;-;;
360;Trovan Unique;0006CC3B21;07.06.2018;00:41:31;;0;-;;
361;Trovan Unique;0006CC3B21;07.06.2018;00:41:32;;0;-;;
362;Trovan Unique;00075CE5CF;07.06.2018;00:41:55;;0;-;;
363;Trovan Unique;00075CDD9A;07.06.2018;00:42:09;;0;-;;
364;Trovan Unique;0006B3BF50;07.06.2018;00:42:39;;0;-;;
365;Trovan Unique;00075CEE9E;07.06.2018;00:42:48;;0;-;;
366;Trovan Unique;0006B3B2B6;07.06.2018;00:45:16;;0;-;;
367;Trovan Unique;0006B3B2B6;07.06.2018;00:45:17;;0;-;;
368;Trovan Unique;0006B3B2B6;07.06.2018;00:45:18;;0;-;;
369;Trovan Unique;0006B3B2B6;07.06.2018;00:45:19;;0;-;;
370;Trovan Unique;00075CDD9A;07.06.2018;00:45:45;;0;-;;
371;Trovan Unique;00075CDD9A;07.06.2018;00:45:46;;0;-;;
372;Trovan Unique;00075CDD9A;07.06.2018;00:45:47;;0;-;;
373;Trovan Unique;00075CDD9A;07.06.2018;00:45:48;;0;-;;
374;Trovan Unique;00075CDD9A;07.06.2018;00:45:49;;0;-;;
375;Trovan Unique;00075CDD9A;07.06.2018;00:45:51;;0;-;;
376;Trovan Unique;00075CEE9E;07.06.2018;00:46:06;;0;-;;
377;Trovan Unique;00075CEE9E;07.06.2018;00:47:06;;0;-;;
378;Trovan Unique;00075CEE9E;07.06.2018;00:47:06;;0;-;;
379;Trovan Unique;00075CEE9E;07.06.2018;00:47:07;;0;-;;
380;Trovan Unique;00075CEE9E;07.06.2018;00:47:08;;0;-;;
381;Trovan Unique;00075CEE9E;07.06.2018;00:47:09;;0;-;;
382;Trovan Unique;00075CEE9E;07.06.2018;00:47:10;;0;-;;
383;Trovan Unique;00075CE5CF;07.06.2018;00:47:11;;0;-;;
384;Trovan Unique;00075CE5CF;07.06.2018;00:47:12;;0;-;;
385;Trovan Unique;00075CE5CF;07.06.2018;00:47:15;;0;-;;
386;Trovan Unique;00075CE5CF;07.06.2018;00:47:16;;0;-;;
387;Trovan Unique;00075CE5CF;07.06.2018;00:47:17;;0;-;;
388;Trovan Unique;00075CE5CF;07.06.2018;00:47:18;;0;-;;
389;Trovan Unique;00075CE5CF;07.06.2018;00:47:19;;0;-;;
390;Trovan Unique;00075CE5CF;07.06.2018;00:47:20;;0;-;;
391;Trovan Unique;00075CEE9E;07.06.2018;00:48:40;;0;-;;
392;Trovan Unique;00075CEE9E;07.06.2018;00:48:41;;0;-;;
393;Trovan Unique;00075CEE9E;07.06.2018;00:48:41;;0;-;;
394;Trovan Unique;00075CDD9A;07.06.2018;00:48:51;;0;-;;
395;Trovan Unique;00075CDD9A;07.06.2018;00:49:08;;0;-;;
396;Trovan Unique;00075CDD9A;07.06.2018;00:49:09;;0;-;;
397;Trovan Unique;00075CDD9A;07.06.2018;00:49:10;;0;-;;
398;Trovan Unique;00075CDD9A;07.06.2018;00:49:11;;0;-;;
399;Trovan Unique;00075CDD9A;07.06.2018;00:49:12;;0;-;;
400;Trovan Unique;0006CC08AD;07.06.2018;00:49:21;;0;-;;
401;Trovan Unique;00075CDD9A;07.06.2018;00:49:34;;0;-;;
402;Trovan Unique;0006B37D1C;07.06.2018;00:49:52;;0;-;;
403;Trovan Unique;0006CC3D93;07.06.2018;00:50:40;;0;-;;
404;Trovan Unique;00075CEE9E;07.06.2018;00:51:00;;0;-;;
405;Trovan Unique;00071E3992;07.06.2018;00:52:42;;0;-;;
406;Trovan Unique;00071E3992;07.06.2018;00:52:43;;0;-;;
407;Trovan Unique;0007872B0E;07.06.2018;00:53:03;;0;-;;
408;Trovan Unique;0007872B0E;07.06.2018;00:53:03;;0;-;;
409;Trovan Unique;0006B35F23;07.06.2018;00:53:22;;0;-;;
410;Trovan Unique;0006CC3BE1;07.06.2018;00:53:42;;0;-;;
411;Trovan Unique;00075CDD9A;07.06.2018;00:54:27;;0;-;;
412;Trovan Unique;0006B39BBE;07.06.2018;00:54:48;;0;-;;
413;Trovan Unique;00075D0CCB;07.06.2018;00:55:16;;0;-;;
414;Trovan Unique;00071E3992;07.06.2018;00:56:12;;0;-;;
415;Trovan Unique;0006B3BF50;07.06.2018;00:56:21;;0;-;;
416;Trovan Unique;0006B3BF50;07.06.2018;00:56:22;;0;-;;
417;Trovan Unique;0006CC3D93;07.06.2018;00:56:23;;0;-;;
418;Trovan Unique;0006B39302;07.06.2018;00:56:29;;0;-;;
419;Trovan Unique;0006B397F6;07.06.2018;00:56:45;;0;-;;
420;Trovan Unique;0006CC1F19;07.06.2018;00:56:59;;0;-;;
421;Trovan Unique;0006B38933;07.06.2018;00:58:04;;0;-;;
422;Trovan Unique;0006B38933;07.06.2018;00:58:05;;0;-;;
423;Trovan Unique;0006B38933;07.06.2018;00:58:05;;0;-;;
424;Trovan Unique;0006B38933;07.06.2018;00:58:06;;0;-;;
425;Trovan Unique;0007872B0E;07.06.2018;00:58:26;;0;-;;
426;Trovan Unique;0007872B0E;07.06.2018;00:58:27;;0;-;;
427;Trovan Unique;0006B36ADC;07.06.2018;00:59:15;;0;-;;
428;Trovan Unique;0006B36ADC;07.06.2018;00:59:16;;0;-;;
429;Trovan Unique;0006B3AFC0;07.06.2018;00:59:25;;0;-;;
430;Trovan Unique;0006CC35A6;07.06.2018;01:00:34;;0;-;;
431;Trovan Unique;0006CC35A6;07.06.2018;01:00:35;;0;-;;
432;Trovan Unique;0006CC35A6;07.06.2018;01:00:36;;0;-;;
433;Trovan Unique;0006CC1F85;07.06.2018;01:01:51;;0;-;;
434;Trovan Unique;00075CE5CF;07.06.2018;01:03:05;;0;-;;
435;Trovan Unique;0006B373AA;07.06.2018;01:03:41;;0;-;;
436;Trovan Unique;0006B373AA;07.06.2018;01:03:42;;0;-;;
437;Trovan Unique;0006B39504;07.06.2018;01:04:34;;0;-;;
438;Trovan Unique;0006B39504;07.06.2018;01:04:35;;0;-;;
439;Trovan Unique;0006B39504;07.06.2018;01:04:36;;0;-;;
440;Trovan Unique;0006B38502;07.06.2018;01:04:39;;0;-;;
441;Trovan Unique;0006B37D1C;07.06.2018;01:04:45;;0;-;;
442;Trovan Unique;0006B37D1C;07.06.2018;01:04:46;;0;-;;
443;Trovan Unique;0006B37D1C;07.06.2018;01:04:46;;0;-;;
444;Trovan Unique;0006B37D1C;07.06.2018;01:04:47;;0;-;;
445;Trovan Unique;0006B37D1C;07.06.2018;01:04:48;;0;-;;
446;Trovan Unique;0006B37D1C;07.06.2018;01:04:49;;0;-;;
447;Trovan Unique;0006B39027;07.06.2018;01:06:00;;0;-;;
448;Trovan Unique;0006B391E1;07.06.2018;01:07:02;;0;-;;
449;Trovan Unique;0006B391E1;07.06.2018;01:07:03;;0;-;;
450;Trovan Unique;0006B391E1;07.06.2018;01:07:04;;0;-;;
451;Trovan Unique;0007872B0E;07.06.2018;01:08:01;;0;-;;
452;Trovan Unique;00071E3992;07.06.2018;01:08:10;;0;-;;
453;Trovan Unique;00071E3992;07.06.2018;01:08:11;;0;-;;
454;Trovan Unique;00071E3992;07.06.2018;01:08:12;;0;-;;
455;Trovan Unique;0006B38977;07.06.2018;01:10:04;;0;-;;
456;Trovan Unique;0006B38BB9;07.06.2018;01:10:08;;0;-;;
457;Trovan Unique;0006CC2D08;07.06.2018;01:11:38;;0;-;;
458;Trovan Unique;0006CC2D08;07.06.2018;01:11:39;;0;-;;
459;Trovan Unique;0006B3AFC0;07.06.2018;01:14:59;;0;-;;
460;Trovan Unique;00075D12AA;07.06.2018;01:17:03;;0;-;;
461;Trovan Unique;00075D12AA;07.06.2018;01:17:04;;0;-;;
462;Trovan Unique;00075D12AA;07.06.2018;01:17:04;;0;-;;
463;Trovan Unique;0007872B0E;07.06.2018;01:17:44;;0;-;;
464;Trovan Unique;0007872B0E;07.06.2018;01:17:45;;0;-;;
465;Trovan Unique;0007872B0E;07.06.2018;01:17:46;;0;-;;
466;Trovan Unique;0007872B0E;07.06.2018;01:17:47;;0;-;;
467;Trovan Unique;0007872B0E;07.06.2018;01:17:48;;0;-;;
468;Trovan Unique;0006B39027;07.06.2018;01:18:05;;0;-;;
469;Trovan Unique;00075CEE9E;07.06.2018;01:20:07;;0;-;;
470;Trovan Unique;7,88E+18;07.06.2018;01:21:38;;0;-;;
471;Trovan Unique;7,88E+18;07.06.2018;01:21:39;;0;-;;
472;Trovan Unique;000786A535;07.06.2018;01:23:24;;0;-;;
473;Trovan Unique;0006B39302;07.06.2018;01:23:27;;0;-;;
474;Trovan Unique;0006B39302;07.06.2018;01:23:28;;0;-;;
475;Trovan Unique;7,88E+18;07.06.2018;01:24:42;;0;-;;
476;Trovan Unique;0006CC08AD;07.06.2018;01:24:47;;0;-;;
477;Trovan Unique;0006CC2D08;07.06.2018;01:28:29;;0;-;;
478;Trovan Unique;0006B38977;07.06.2018;01:28:34;;0;-;;
479;Trovan Unique;0006B38977;07.06.2018;01:28:35;;0;-;;
480;Trovan Unique;00075D0BFD;07.06.2018;01:28:39;;0;-;;
481;Trovan Unique;000786A535;07.06.2018;01:30:00;;0;-;;
482;Trovan Unique;000786A535;07.06.2018;01:30:01;;0;-;;
483;Trovan Unique;000786A535;07.06.2018;01:30:02;;0;-;;
484;Trovan Unique;000786A535;07.06.2018;01:30:03;;0;-;;
485;Trovan Unique;7,88E+18;07.06.2018;01:31:13;;0;-;;
486;Trovan Unique;7,88E+18;07.06.2018;01:31:13;;0;-;;
487;Trovan Unique;7,88E+18;07.06.2018;01:31:14;;0;-;;
488;Trovan Unique;0006B38E37;07.06.2018;01:31:15;;0;-;;
489;Trovan Unique;0006B34B41;07.06.2018;01:31:54;;0;-;;
490;Trovan Unique;00074FA66F;07.06.2018;01:33:18;;0;-;;
491;Trovan Unique;00074FA66F;07.06.2018;01:33:19;;0;-;;
492;Trovan Unique;00074FA66F;07.06.2018;01:33:20;;0;-;;
493;Trovan Unique;0006B391E1;07.06.2018;01:36:45;;0;-;;
494;Trovan Unique;0006B35F23;07.06.2018;01:39:57;;0;-;;
495;Trovan Unique;0006B38BB9;07.06.2018;01:43:29;;0;-;;
496;Trovan Unique;0006B38BB9;07.06.2018;01:43:30;;0;-;;
497;Trovan Unique;0006B38BB9;07.06.2018;01:43:31;;0;-;;
498;Trovan Unique;0006B38BB9;07.06.2018;01:43:32;;0;-;;
499;Trovan Unique;0006B38BB9;07.06.2018;01:43:33;;0;-;;
500;Trovan Unique;0006B38BB9;07.06.2018;01:43:34;;0;-;;
501;Trovan Unique;0006B38BB9;07.06.2018;01:43:34;;0;-;;
502;Trovan Unique;0006B38BB9;07.06.2018;01:43:35;;0;-;;
503;Trovan Unique;0006B391E1;07.06.2018;01:43:38;;0;-;;
504;Trovan Unique;0006B391E1;07.06.2018;01:43:39;;0;-;;
505;Trovan Unique;00074F9852;07.06.2018;01:44:36;;0;-;;
506;Trovan Unique;00075D02C3;07.06.2018;01:45:41;;0;-;;
507;Trovan Unique;00075D02C3;07.06.2018;01:45:42;;0;-;;
508;Trovan Unique;00075D02C3;07.06.2018;01:45:44;;0;-;;
509;Trovan Unique;00075D02C3;07.06.2018;01:45:45;;0;-;;
510;Trovan Unique;00074F9852;07.06.2018;01:49:59;;0;-;;
511;Trovan Unique;0006CC3B21;07.06.2018;01:50:00;;0;-;;
512;Trovan Unique;0006B354E6;07.06.2018;01:51:46;;0;-;;
513;Trovan Unique;00075D12AA;07.06.2018;01:54:53;;0;-;;
514;Trovan Unique;0006B387FA;07.06.2018;01:56:51;;0;-;;
515;Trovan Unique;0006CC1F19;07.06.2018;01:58:23;;0;-;;
516;Trovan Unique;0006CC1F19;07.06.2018;01:58:24;;0;-;;
517;Trovan Unique;0006B387FA;07.06.2018;01:59:24;;0;-;;
518;Trovan Unique;0006B38933;07.06.2018;02:01:03;;0;-;;
519;Trovan Unique;0006B3A272;07.06.2018;02:01:38;;0;-;;
520;Trovan Unique;0006B3A272;07.06.2018;02:01:39;;0;-;;
521;Trovan Unique;0006B3A272;07.06.2018;02:01:40;;0;-;;
522;Trovan Unique;0006B3A272;07.06.2018;02:01:41;;0;-;;
523;Trovan Unique;0006B38933;07.06.2018;02:02:02;;0;-;;
524;Trovan Unique;0006B387FA;07.06.2018;02:04:46;;0;-;;
525;Trovan Unique;0006B387FA;07.06.2018;02:04:47;;0;-;;
526;Trovan Unique;0006B387FA;07.06.2018;02:04:48;;0;-;;
527;Trovan Unique;00075D02C3;07.06.2018;02:05:11;;0;-;;
528;Trovan Unique;0006B39D6F;07.06.2018;02:08:39;;0;-;;
529;Trovan Unique;0006CC1F19;07.06.2018;02:09:55;;0;-;;
530;Trovan Unique;0006B39D6F;07.06.2018;02:11:28;;0;-;;
531;Trovan Unique;0006B39D6F;07.06.2018;02:11:29;;0;-;;
532;Trovan Unique;0006B39D6F;07.06.2018;02:11:30;;0;-;;
533;Trovan Unique;0006B39D6F;07.06.2018;02:11:31;;0;-;;
534;Trovan Unique;0006B39D6F;07.06.2018;02:12:26;;0;-;;
535;Trovan Unique;0006B39D6F;07.06.2018;02:13:12;;0;-;;
536;Trovan Unique;0006B39D6F;07.06.2018;02:13:13;;0;-;;
537;Trovan Unique;0006B37D1C;07.06.2018;02:13:29;;0;-;;
538;Trovan Unique;0006B39D6F;07.06.2018;02:14:07;;0;-;;
539;Trovan Unique;0006B35F23;07.06.2018;02:15:02;;0;-;;
540;Trovan Unique;0006B35F23;07.06.2018;02:15:03;;0;-;;
541;Trovan Unique;0006B39D6F;07.06.2018;02:15:40;;0;-;;
542;Trovan Unique;0006B39D6F;07.06.2018;02:15:41;;0;-;;
543;Trovan Unique;0006B39D6F;07.06.2018;02:18:26;;0;-;;
544;Trovan Unique;0006CC1F19;07.06.2018;02:21:25;;0;-;;
545;Trovan Unique;0006CC3BE1;07.06.2018;02:22:01;;0;-;;
546;Trovan Unique;0006B39BBE;07.06.2018;02:23:33;;0;-;;
547;Trovan Unique;00075D12AA;07.06.2018;02:23:55;;0;-;;
548;Trovan Unique;0006B38933;07.06.2018;02:25:13;;0;-;;
549;Trovan Unique;0006B38933;07.06.2018;02:25:14;;0;-;;
550;Trovan Unique;0006B38933;07.06.2018;02:25:15;;0;-;;
551;Trovan Unique;0006B38933;07.06.2018;02:25:15;;0;-;;
552;Trovan Unique;0006B38933;07.06.2018;02:25:16;;0;-;;
553;Trovan Unique;0006B39D6F;07.06.2018;02:25:23;;0;-;;
554;Trovan Unique;0006B39D6F;07.06.2018;02:25:24;;0;-;;
555;Trovan Unique;0006CC1F85;07.06.2018;02:26:06;;0;-;;
556;Trovan Unique;0006CC1F85;07.06.2018;02:26:06;;0;-;;
557;Trovan Unique;0006CC3D93;07.06.2018;02:26:59;;0;-;;
558;Trovan Unique;0006B354E6;07.06.2018;02:28:05;;0;-;;
559;Trovan Unique;0006B371D7;07.06.2018;02:29:02;;0;-;;
560;Trovan Unique;0006B36A8D;07.06.2018;02:32:05;;0;-;;
561;Trovan Unique;0006B36A8D;07.06.2018;02:32:06;;0;-;;
562;Trovan Unique;0006B36A8D;07.06.2018;02:32:07;;0;-;;
563;Trovan Unique;0006B36A8D;07.06.2018;02:32:08;;0;-;;
564;Trovan Unique;0006B36A8D;07.06.2018;02:32:09;;0;-;;
565;Trovan Unique;0006B36A8D;07.06.2018;02:32:10;;0;-;;
566;Trovan Unique;0006B36A8D;07.06.2018;02:32:11;;0;-;;
567;Trovan Unique;0006B36A8D;07.06.2018;02:32:11;;0;-;;
568;Trovan Unique;0006B36A8D;07.06.2018;02:32:12;;0;-;;
569;Trovan Unique;0006B3B2B6;07.06.2018;02:32:45;;0;-;;
570;Trovan Unique;0006B3B2B6;07.06.2018;02:32:46;;0;-;;
571;Trovan Unique;00075CDD9A;07.06.2018;02:33:58;;0;-;;
572;Trovan Unique;0006B39BBE;07.06.2018;02:36:01;;0;-;;
573;Trovan Unique;0006B39BBE;07.06.2018;02:36:02;;0;-;;
574;Trovan Unique;0006B39504;07.06.2018;02:38:50;;0;-;;
575;Trovan Unique;0006B39504;07.06.2018;02:38:51;;0;-;;
576;Trovan Unique;0006B39504;07.06.2018;02:38:52;;0;-;;
577;Trovan Unique;0006B39504;07.06.2018;02:38:53;;0;-;;
578;Trovan Unique;0006B39504;07.06.2018;02:38:54;;0;-;;
579;Trovan Unique;00074FA66F;07.06.2018;02:39:09;;0;-;;
580;Trovan Unique;0006B37D1C;07.06.2018;02:39:29;;0;-;;
581;Trovan Unique;0006B37D1C;07.06.2018;02:39:30;;0;-;;
582;Trovan Unique;0006CC3449;07.06.2018;02:40:02;;0;-;;
583;Trovan Unique;0006CC3449;07.06.2018;02:40:03;;0;-;;
584;Trovan Unique;0006CC3449;07.06.2018;02:40:04;;0;-;;
585;Trovan Unique;0006CC3449;07.06.2018;02:40:05;;0;-;;
586;Trovan Unique;0006CC3449;07.06.2018;02:40:05;;0;-;;
587;Trovan Unique;0006B373AA;07.06.2018;02:40:57;;0;-;;
588;Trovan Unique;0006B373AA;07.06.2018;02:40:58;;0;-;;
589;Trovan Unique;0006B391E1;07.06.2018;02:41:32;;0;-;;
590;Trovan Unique;0006B391E1;07.06.2018;02:41:33;;0;-;;
591;Trovan Unique;00075D0CCB;07.06.2018;02:42:05;;0;-;;
592;Trovan Unique;00075D0CCB;07.06.2018;02:42:06;;0;-;;
593;Trovan Unique;00075D0CCB;07.06.2018;02:42:06;;0;-;;
594;Trovan Unique;00075D0CCB;07.06.2018;02:42:08;;0;-;;
595;Trovan Unique;00075D0CCB;07.06.2018;02:42:08;;0;-;;
596;Trovan Unique;00075D0CCB;07.06.2018;02:42:09;;0;-;;
597;Trovan Unique;00075D0CCB;07.06.2018;02:42:10;;0;-;;
598;Trovan Unique;00075D0CCB;07.06.2018;02:42:11;;0;-;;
599;Trovan Unique;00075D0CCB;07.06.2018;02:42:12;;0;-;;
600;Trovan Unique;00075D0CCB;07.06.2018;02:42:14;;0;-;;
601;Trovan Unique;00075D0CCB;07.06.2018;02:42:15;;0;-;;
602;Trovan Unique;00075D0CCB;07.06.2018;02:42:17;;0;-;;
603;Trovan Unique;00075D0CCB;07.06.2018;02:42:19;;0;-;;
604;Trovan Unique;00075D0CCB;07.06.2018;02:42:22;;0;-;;
605;Trovan Unique;00075D0CCB;07.06.2018;02:42:23;;0;-;;
606;Trovan Unique;00075D0CCB;07.06.2018;02:42:24;;0;-;;
607;Trovan Unique;00075D0CCB;07.06.2018;02:43:28;;0;-;;
608;Trovan Unique;00075D0CCB;07.06.2018;02:43:31;;0;-;;
609;Trovan Unique;0006CC08AD;07.06.2018;02:43:32;;0;-;;
610;Trovan Unique;0006CC35A6;07.06.2018;02:45:07;;0;-;;
611;Trovan Unique;00075D0CCB;07.06.2018;02:46:38;;0;-;;
612;Trovan Unique;00075D0CCB;07.06.2018;02:46:41;;0;-;;
613;Trovan Unique;00075D0CCB;07.06.2018;02:46:42;;0;-;;
614;Trovan Unique;00075CDD9A;07.06.2018;02:46:50;;0;-;;
615;Trovan Unique;00071E3992;07.06.2018;02:47:40;;0;-;;
616;Trovan Unique;00071E3992;07.06.2018;02:47:42;;0;-;;
617;Trovan Unique;00071E3992;07.06.2018;02:47:43;;0;-;;
618;Trovan Unique;00071E3992;07.06.2018;02:47:44;;0;-;;
619;Trovan Unique;00071E3992;07.06.2018;02:47:45;;0;-;;
620;Trovan Unique;00071E3992;07.06.2018;02:47:46;;0;-;;
621;Trovan Unique;0006CC35A6;07.06.2018;02:51:15;;0;-;;
622;Trovan Unique;0006CC35A6;07.06.2018;02:51:17;;0;-;;
623;Trovan Unique;0006CC35A6;07.06.2018;02:51:18;;0;-;;
624;Trovan Unique;0006CC35A6;07.06.2018;02:51:18;;0;-;;
625;Trovan Unique;0006CC35A6;07.06.2018;02:51:20;;0;-;;
626;Trovan Unique;0006CC35A6;07.06.2018;02:51:21;;0;-;;
627;Trovan Unique;0006CC35A6;07.06.2018;02:51:53;;0;-;;
628;Trovan Unique;00075D0CCB;07.06.2018;02:51:57;;0;-;;
629;Trovan Unique;00075D0CCB;07.06.2018;02:55:53;;0;-;;
630;Trovan Unique;00075D0CCB;07.06.2018;02:55:54;;0;-;;
631;Trovan Unique;00075D0CCB;07.06.2018;02:55:55;;0;-;;
632;Trovan Unique;00075D0CCB;07.06.2018;02:55:57;;0;-;;
633;Trovan Unique;00075D0CCB;07.06.2018;02:55:58;;0;-;;
634;Trovan Unique;00075D0CCB;07.06.2018;02:55:59;;0;-;;
635;Trovan Unique;00075D0CCB;07.06.2018;02:56:00;;0;-;;
636;Trovan Unique;00075D0CCB;07.06.2018;02:56:01;;0;-;;
637;Trovan Unique;00075D0CCB;07.06.2018;02:56:21;;0;-;;
638;Trovan Unique;00075D0CCB;07.06.2018;02:56:24;;0;-;;
639;Trovan Unique;00075D0CCB;07.06.2018;02:56:30;;0;-;;
640;Trovan Unique;00075D0CCB;07.06.2018;02:56:31;;0;-;;
641;Trovan Unique;0006B371D7;07.06.2018;02:56:34;;0;-;;
642;Trovan Unique;0006B371D7;07.06.2018;02:56:35;;0;-;;
643;Trovan Unique;0006B38ACD;07.06.2018;02:57:15;;0;-;;
644;Trovan Unique;0006B38ACD;07.06.2018;02:57:16;;0;-;;
645;Trovan Unique;00075D0BFD;07.06.2018;02:58:29;;0;-;;
646;Trovan Unique;00075D0BFD;07.06.2018;02:58:30;;0;-;;
647;Trovan Unique;00075D0BFD;07.06.2018;02:58:31;;0;-;;
648;Trovan Unique;00071E3992;07.06.2018;03:03:55;;0;-;;
649;Trovan Unique;00071E3992;07.06.2018;03:03:56;;0;-;;
650;Trovan Unique;00071E3992;07.06.2018;03:03:57;;0;-;;
651;Trovan Unique;00071E3992;07.06.2018;03:03:58;;0;-;;
652;Trovan Unique;0006B397F6;07.06.2018;03:12:01;;0;-;;
653;Trovan Unique;0006B38ACD;07.06.2018;03:14:30;;0;-;;
654;Trovan Unique;0006B38ACD;07.06.2018;03:14:31;;0;-;;
655;Trovan Unique;0006B34B41;07.06.2018;03:17:05;;0;-;;
656;Trovan Unique;0006B34B41;07.06.2018;03:17:06;;0;-;;
657;Trovan Unique;0006CC35A6;07.06.2018;03:18:06;;0;-;;
658;Trovan Unique;0006CC35A6;07.06.2018;03:18:07;;0;-;;
659;Trovan Unique;00074FA66F;07.06.2018;03:18:09;;0;-;;
660;Trovan Unique;0006B397F6;07.06.2018;03:21:09;;0;-;;
661;Trovan Unique;0006B3AFC0;07.06.2018;03:21:38;;0;-;;
662;Trovan Unique;0006B3AFC0;07.06.2018;03:25:05;;0;-;;
663;Trovan Unique;0006B3AFC0;07.06.2018;03:27:44;;0;-;;
664;Trovan Unique;0006B39302;07.06.2018;03:31:37;;0;-;;
665;Trovan Unique;0006B3AFC0;07.06.2018;03:37:00;;0;-;;
666;Trovan Unique;0006B38977;07.06.2018;03:48:24;;0;-;;
667;Trovan Unique;0006B38502;07.06.2018;03:51:54;;0;-;;
668;Trovan Unique;0006B3B2B6;07.06.2018;03:55:46;;0;-;;
669;Trovan Unique;0006B371D7;07.06.2018;03:56:55;;0;-;;
670;Trovan Unique;000786A535;07.06.2018;03:57:08;;0;-;;
671;Trovan Unique;0006B3BF50;07.06.2018;03:59:59;;0;-;;
672;Trovan Unique;0006CC2D08;07.06.2018;04:05:05;;0;-;;
673;Trovan Unique;0006B38ACD;07.06.2018;04:06:31;;0;-;;
674;Trovan Unique;0006B397F6;07.06.2018;04:07:59;;0;-;;
675;Trovan Unique;0006CC3BE1;07.06.2018;04:10:40;;0;-;;
676;Trovan Unique;0006B38BB9;07.06.2018;04:11:52;;0;-;;
677;Trovan Unique;0006B387FA;07.06.2018;04:12:31;;0;-;;
678;Trovan Unique;0007872B0E;07.06.2018;04:12:33;;0;-;;
679;Trovan Unique;0006B36A8D;07.06.2018;04:12:37;;0;-;;
680;Trovan Unique;00075D02C3;07.06.2018;04:12:45;;0;-;;
681;Trovan Unique;00075CFEF0;07.06.2018;04:13:15;;0;-;;
682;Trovan Unique;000786A535;07.06.2018;04:16:08;;0;-;;
683;Trovan Unique;000786A535;07.06.2018;04:16:09;;0;-;;
684;Trovan Unique;7,88E+18;07.06.2018;04:16:15;;0;-;;
685;Trovan Unique;0006CC35A6;07.06.2018;04:17:45;;0;-;;
686;Trovan Unique;0006B37F93;07.06.2018;04:17:56;;0;-;;
687;Trovan Unique;00074F9852;07.06.2018;04:18:52;;0;-;;
688;Trovan Unique;00075B2A5D;07.06.2018;04:19:42;;0;-;;
689;Trovan Unique;00075B2A5D;07.06.2018;04:19:46;;0;-;;
690;Trovan Unique;00075B2A5D;07.06.2018;04:19:47;;0;-;;
691;Trovan Unique;00075B2A5D;07.06.2018;04:19:48;;0;-;;
692;Trovan Unique;00075B2A5D;07.06.2018;04:19:49;;0;-;;
693;Trovan Unique;00075B2A5D;07.06.2018;04:19:53;;0;-;;
694;Trovan Unique;00075B2A5D;07.06.2018;04:19:55;;0;-;;
695;Trovan Unique;00075B2A5D;07.06.2018;04:19:56;;0;-;;
696;Trovan Unique;00075B2A5D;07.06.2018;04:19:58;;0;-;;
697;Trovan Unique;00075B2A5D;07.06.2018;04:19:59;;0;-;;
698;Trovan Unique;0006B37090;07.06.2018;04:20:03;;0;-;;
699;Trovan Unique;00075B2A5D;07.06.2018;04:20:05;;0;-;;
700;Trovan Unique;00075B2A5D;07.06.2018;04:20:08;;0;-;;
701;Trovan Unique;00075B2A5D;07.06.2018;04:20:16;;0;-;;
702;Trovan Unique;00075B2A5D;07.06.2018;04:20:23;;0;-;;
703;Trovan Unique;0006B34E3F;07.06.2018;04:20:30;;0;-;;
704;Trovan Unique;0006B34E3F;07.06.2018;04:20:31;;0;-;;
705;Trovan Unique;0006B34E3F;07.06.2018;04:20:32;;0;-;;
706;Trovan Unique;0006CC199B;07.06.2018;04:21:12;;0;-;;
707;Trovan Unique;0006CC2D08;07.06.2018;04:21:50;;0;-;;
708;Trovan Unique;0006CC1F19;07.06.2018;04:22:05;;0;-;;
709;Trovan Unique;0006B39BBE;07.06.2018;04:23:11;;0;-;;
710;Trovan Unique;0006B39D6F;07.06.2018;04:23:22;;0;-;;
711;Trovan Unique;0006B39D6F;07.06.2018;04:23:23;;0;-;;
712;Trovan Unique;0006B39D6F;07.06.2018;04:23:23;;0;-;;
713;Trovan Unique;0006B397F6;07.06.2018;04:24:14;;0;-;;
714;Trovan Unique;0006B3BF50;07.06.2018;04:24:58;;0;-;;
715;Trovan Unique;0006CC1687;07.06.2018;04:25:12;;0;-;;
716;Trovan Unique;0006B391E1;07.06.2018;04:25:40;;0;-;;
717;Trovan Unique;000786A535;07.06.2018;04:25:44;;0;-;;
718;Trovan Unique;00075B2A5D;07.06.2018;04:26:01;;0;-;;
719;Trovan Unique;0006B35F23;07.06.2018;04:26:17;;0;-;;
720;Trovan Unique;00075D0CCB;07.06.2018;04:27:41;;0;-;;
721;Trovan Unique;00075D0CCB;07.06.2018;04:27:41;;0;-;;
722;Trovan Unique;00075D0CCB;07.06.2018;04:27:52;;0;-;;
723;Trovan Unique;00075D0CCB;07.06.2018;04:27:52;;0;-;;
724;Trovan Unique;00075D0CCB;07.06.2018;04:27:55;;0;-;;
725;Trovan Unique;00075D0CCB;07.06.2018;04:27:56;;0;-;;
726;Trovan Unique;00075D0CCB;07.06.2018;04:27:57;;0;-;;
727;Trovan Unique;00075D0CCB;07.06.2018;04:27:58;;0;-;;
728;Trovan Unique;00075D0CCB;07.06.2018;04:28:01;;0;-;;
729;Trovan Unique;00075D0CCB;07.06.2018;04:28:02;;0;-;;
730;Trovan Unique;00075D0CCB;07.06.2018;04:28:03;;0;-;;
731;Trovan Unique;0006B34B41;07.06.2018;04:28:09;;0;-;;
732;Trovan Unique;00075D0CCB;07.06.2018;04:28:11;;0;-;;
733;Trovan Unique;00075D0CCB;07.06.2018;04:28:12;;0;-;;
734;Trovan Unique;00075D0CCB;07.06.2018;04:28:13;;0;-;;
735;Trovan Unique;00075D0CCB;07.06.2018;04:28:14;;0;-;;
736;Trovan Unique;00075D0CCB;07.06.2018;04:28:15;;0;-;;
737;Trovan Unique;00075D0CCB;07.06.2018;04:28:16;;0;-;;
738;Trovan Unique;0006B39504;07.06.2018;04:28:17;;0;-;;
739;Trovan Unique;0006B39504;07.06.2018;04:28:20;;0;-;;
740;Trovan Unique;0006B34B41;07.06.2018;04:28:23;;0;-;;
741;Trovan Unique;0006B34B41;07.06.2018;04:28:24;;0;-;;
742;Trovan Unique;0006B34B41;07.06.2018;04:28:28;;0;-;;
743;Trovan Unique;0006B34B41;07.06.2018;04:28:30;;0;-;;
744;Trovan Unique;0006B34B41;07.06.2018;04:28:30;;0;-;;
745;Trovan Unique;0006B34B41;07.06.2018;04:28:32;;0;-;;
746;Trovan Unique;0006B34B41;07.06.2018;04:28:35;;0;-;;
747;Trovan Unique;0006B34B41;07.06.2018;04:28:40;;0;-;;
748;Trovan Unique;0006B34B41;07.06.2018;04:28:42;;0;-;;
749;Trovan Unique;0006B34B41;07.06.2018;04:28:43;;0;-;;
750;Trovan Unique;00075B2A5D;07.06.2018;04:28:57;;0;-;;
751;Trovan Unique;00075B2A5D;07.06.2018;04:29:00;;0;-;;
752;Trovan Unique;00075B2A5D;07.06.2018;04:29:05;;0;-;;
753;Trovan Unique;0006B39504;07.06.2018;04:29:32;;0;-;;
754;Trovan Unique;0006B3A9DA;07.06.2018;04:31:00;;0;-;;
755;Trovan Unique;0006B37090;07.06.2018;04:31:06;;0;-;;
756;Trovan Unique;00075B67A9;07.06.2018;04:31:19;;0;-;;
757;Trovan Unique;00075B67A9;07.06.2018;04:31:20;;0;-;;
758;Trovan Unique;00075B67A9;07.06.2018;04:31:21;;0;-;;
759;Trovan Unique;00075CDD9A;07.06.2018;04:31:23;;0;-;;
760;Trovan Unique;00075CDD9A;07.06.2018;04:31:25;;0;-;;
761;Trovan Unique;00075CDD9A;07.06.2018;04:31:26;;0;-;;
762;Trovan Unique;00075B67A9;07.06.2018;04:31:27;;0;-;;
763;Trovan Unique;00075B67A9;07.06.2018;04:31:29;;0;-;;
764;Trovan Unique;00075B67A9;07.06.2018;04:31:30;;0;-;;
765;Trovan Unique;00075B67A9;07.06.2018;04:31:32;;0;-;;
766;Trovan Unique;00075B67A9;07.06.2018;04:31:33;;0;-;;
767;Trovan Unique;00075B67A9;07.06.2018;04:31:34;;0;-;;
768;Trovan Unique;00075B67A9;07.06.2018;04:31:35;;0;-;;
769;Trovan Unique;00075B67A9;07.06.2018;04:31:36;;0;-;;
770;Trovan Unique;00075B67A9;07.06.2018;04:31:49;;0;-;;
771;Trovan Unique;00075B67A9;07.06.2018;04:31:50;;0;-;;
772;Trovan Unique;00075B67A9;07.06.2018;04:31:52;;0;-;;
773;Trovan Unique;00075B67A9;07.06.2018;04:31:52;;0;-;;
774;Trovan Unique;00075B67A9;07.06.2018;04:31:55;;0;-;;
775;Trovan Unique;00075B67A9;07.06.2018;04:31:58;;0;-;;
776;Trovan Unique;00075B67A9;07.06.2018;04:31:59;;0;-;;
777;Trovan Unique;00075B67A9;07.06.2018;04:32:05;;0;-;;
778;Trovan Unique;00075B2A5D;07.06.2018;04:32:08;;0;-;;
779;Trovan Unique;00075B2A5D;07.06.2018;04:32:11;;0;-;;
780;Trovan Unique;00075B2A5D;07.06.2018;04:32:12;;0;-;;
781;Trovan Unique;00075B2A5D;07.06.2018;04:32:14;;0;-;;
782;Trovan Unique;00075B2A5D;07.06.2018;04:32:17;;0;-;;
783;Trovan Unique;00075B2A5D;07.06.2018;04:32:24;;0;-;;
784;Trovan Unique;0006B354E6;07.06.2018;04:32:25;;0;-;;
785;Trovan Unique;0006B354E6;07.06.2018;04:32:26;;0;-;;
786;Trovan Unique;0006B354E6;07.06.2018;04:32:27;;0;-;;
787;Trovan Unique;0006B354E6;07.06.2018;04:32:28;;0;-;;
788;Trovan Unique;0006B354E6;07.06.2018;04:32:29;;0;-;;
789;Trovan Unique;0006B354E6;07.06.2018;04:32:30;;0;-;;
790;Trovan Unique;0006B354E6;07.06.2018;04:32:31;;0;-;;
791;Trovan Unique;0006B354E6;07.06.2018;04:32:32;;0;-;;
792;Trovan Unique;0006B354E6;07.06.2018;04:32:34;;0;-;;
793;Trovan Unique;0006B354E6;07.06.2018;04:32:35;;0;-;;
794;Trovan Unique;0006B354E6;07.06.2018;04:32:36;;0;-;;
795;Trovan Unique;0006B354E6;07.06.2018;04:32:37;;0;-;;
796;Trovan Unique;00075B2A5D;07.06.2018;04:32:38;;0;-;;
797;Trovan Unique;0006B354E6;07.06.2018;04:32:39;;0;-;;
798;Trovan Unique;0006B354E6;07.06.2018;04:32:40;;0;-;;
799;Trovan Unique;00075B2A5D;07.06.2018;04:32:41;;0;-;;
800;Trovan Unique;00075B2A5D;07.06.2018;04:32:42;;0;-;;
801;Trovan Unique;00075B2A5D;07.06.2018;04:32:43;;0;-;;
802;Trovan Unique;00075B2A5D;07.06.2018;04:32:44;;0;-;;
803;Trovan Unique;0006B354E6;07.06.2018;04:32:45;;0;-;;
804;Trovan Unique;00075B2A5D;07.06.2018;04:32:46;;0;-;;
805;Trovan Unique;0006B354E6;07.06.2018;04:32:47;;0;-;;
806;Trovan Unique;00075B2A5D;07.06.2018;04:32:48;;0;-;;
807;Trovan Unique;00075B2A5D;07.06.2018;04:32:49;;0;-;;
808;Trovan Unique;00075B2A5D;07.06.2018;04:32:50;;0;-;;
809;Trovan Unique;0006B354E6;07.06.2018;04:32:51;;0;-;;
810;Trovan Unique;0006B354E6;07.06.2018;04:32:52;;0;-;;
811;Trovan Unique;0006B354E6;07.06.2018;04:32:53;;0;-;;
812;Trovan Unique;00075B2A5D;07.06.2018;04:32:54;;0;-;;
813;Trovan Unique;00075B2A5D;07.06.2018;04:32:54;;0;-;;
814;Trovan Unique;0006B354E6;07.06.2018;04:32:56;;0;-;;
815;Trovan Unique;0006B354E6;07.06.2018;04:32:57;;0;-;;
816;Trovan Unique;00075B2A5D;07.06.2018;04:32:58;;0;-;;
817;Trovan Unique;0006B354E6;07.06.2018;04:32:59;;0;-;;
818;Trovan Unique;00075B2A5D;07.06.2018;04:33:00;;0;-;;
819;Trovan Unique;0006B354E6;07.06.2018;04:33:01;;0;-;;
820;Trovan Unique;00075B2A5D;07.06.2018;04:33:02;;0;-;;
821;Trovan Unique;00075B2A5D;07.06.2018;04:33:03;;0;-;;
822;Trovan Unique;00075B2A5D;07.06.2018;04:33:04;;0;-;;
823;Trovan Unique;00075B2A5D;07.06.2018;04:33:05;;0;-;;
824;Trovan Unique;00075B2A5D;07.06.2018;04:33:06;;0;-;;
825;Trovan Unique;00075B2A5D;07.06.2018;04:33:07;;0;-;;
826;Trovan Unique;0006B354E6;07.06.2018;04:33:08;;0;-;;
827;Trovan Unique;0006B354E6;07.06.2018;04:33:09;;0;-;;
828;Trovan Unique;0006B354E6;07.06.2018;04:33:10;;0;-;;
829;Trovan Unique;0006B354E6;07.06.2018;04:33:11;;0;-;;
830;Trovan Unique;0006B354E6;07.06.2018;04:33:12;;0;-;;
831;Trovan Unique;0006B354E6;07.06.2018;04:33:13;;0;-;;
832;Trovan Unique;0006B354E6;07.06.2018;04:33:15;;0;-;;
833;Trovan Unique;0006B354E6;07.06.2018;04:33:16;;0;-;;
834;Trovan Unique;0006B354E6;07.06.2018;04:33:17;;0;-;;
835;Trovan Unique;0006B354E6;07.06.2018;04:33:18;;0;-;;
836;Trovan Unique;0006B354E6;07.06.2018;04:33:19;;0;-;;
837;Trovan Unique;00075B2A5D;07.06.2018;04:33:20;;0;-;;
838;Trovan Unique;0006B354E6;07.06.2018;04:33:21;;0;-;;
839;Trovan Unique;0006B354E6;07.06.2018;04:33:22;;0;-;;
840;Trovan Unique;0006B354E6;07.06.2018;04:33:23;;0;-;;
841;Trovan Unique;0006B354E6;07.06.2018;04:33:24;;0;-;;
842;Trovan Unique;0006B354E6;07.06.2018;04:33:25;;0;-;;
843;Trovan Unique;0006B354E6;07.06.2018;04:33:26;;0;-;;
844;Trovan Unique;0006B354E6;07.06.2018;04:33:26;;0;-;;
845;Trovan Unique;0006B354E6;07.06.2018;04:33:27;;0;-;;
846;Trovan Unique;0006B354E6;07.06.2018;04:33:28;;0;-;;
847;Trovan Unique;0006B354E6;07.06.2018;04:33:29;;0;-;;
848;Trovan Unique;0006B354E6;07.06.2018;04:33:30;;0;-;;
849;Trovan Unique;0006B354E6;07.06.2018;04:33:31;;0;-;;
850;Trovan Unique;0006B354E6;07.06.2018;04:33:32;;0;-;;
851;Trovan Unique;0006B354E6;07.06.2018;04:33:33;;0;-;;
852;Trovan Unique;0006B354E6;07.06.2018;04:33:34;;0;-;;
853;Trovan Unique;0006B354E6;07.06.2018;04:33:35;;0;-;;
854;Trovan Unique;0006B354E6;07.06.2018;04:33:36;;0;-;;
855;Trovan Unique;0006B354E6;07.06.2018;04:33:36;;0;-;;
856;Trovan Unique;0006B354E6;07.06.2018;04:33:37;;0;-;;
857;Trovan Unique;0006B354E6;07.06.2018;04:33:38;;0;-;;
858;Trovan Unique;0006B354E6;07.06.2018;04:33:39;;0;-;;
859;Trovan Unique;0006B354E6;07.06.2018;04:33:40;;0;-;;
860;Trovan Unique;0006B354E6;07.06.2018;04:33:41;;0;-;;
861;Trovan Unique;0006B354E6;07.06.2018;04:33:42;;0;-;;
862;Trovan Unique;0006B354E6;07.06.2018;04:33:43;;0;-;;
863;Trovan Unique;0006B354E6;07.06.2018;04:33:44;;0;-;;
864;Trovan Unique;0006B354E6;07.06.2018;04:33:46;;0;-;;
865;Trovan Unique;0006B354E6;07.06.2018;04:33:47;;0;-;;
866;Trovan Unique;0006B354E6;07.06.2018;04:33:48;;0;-;;
867;Trovan Unique;0006B354E6;07.06.2018;04:33:49;;0;-;;
868;Trovan Unique;0006B354E6;07.06.2018;04:33:50;;0;-;;
869;Trovan Unique;0006B354E6;07.06.2018;04:33:51;;0;-;;
870;Trovan Unique;0006B354E6;07.06.2018;04:33:51;;0;-;;
871;Trovan Unique;00075B2A5D;07.06.2018;04:34:43;;0;-;;
872;Trovan Unique;000783C9A5;07.06.2018;04:37:23;;0;-;;
873;Trovan Unique;0006B3BF50;07.06.2018;04:38:07;;0;-;;
874;Trovan Unique;0006B3BF50;07.06.2018;04:38:07;;0;-;;
875;Trovan Unique;0006B3BF50;07.06.2018;04:38:09;;0;-;;
876;Trovan Unique;0006B3BF50;07.06.2018;04:38:10;;0;-;;
877;Trovan Unique;0006B3BF50;07.06.2018;04:38:10;;0;-;;
878;Trovan Unique;0006B3BF50;07.06.2018;04:38:11;;0;-;;
879;Trovan Unique;0006B3BF50;07.06.2018;04:38:12;;0;-;;
880;Trovan Unique;0006B397F6;07.06.2018;04:38:27;;0;-;;
881;Trovan Unique;0006B397F6;07.06.2018;04:38:28;;0;-;;
882;Trovan Unique;00074FA66F;07.06.2018;04:38:47;;0;-;;
883;Trovan Unique;00074FA66F;07.06.2018;04:38:49;;0;-;;
884;Trovan Unique;00074FA66F;07.06.2018;04:38:50;;0;-;;
885;Trovan Unique;0006B397F6;07.06.2018;04:38:54;;0;-;;
886;Trovan Unique;0006B397F6;07.06.2018;04:38:55;;0;-;;
887;Trovan Unique;0006B397F6;07.06.2018;04:38:56;;0;-;;
888;Trovan Unique;0006B397F6;07.06.2018;04:38:58;;0;-;;
889;Trovan Unique;0006B397F6;07.06.2018;04:38:58;;0;-;;
890;Trovan Unique;0006B397F6;07.06.2018;04:39:00;;0;-;;
891;Trovan Unique;0006B397F6;07.06.2018;04:39:00;;0;-;;
892;Trovan Unique;0006B397F6;07.06.2018;04:39:01;;0;-;;
893;Trovan Unique;0006B397F6;07.06.2018;04:39:02;;0;-;;
894;Trovan Unique;0006B397F6;07.06.2018;04:39:04;;0;-;;
895;Trovan Unique;0006B397F6;07.06.2018;04:39:04;;0;-;;
896;Trovan Unique;0006B397F6;07.06.2018;04:39:05;;0;-;;
897;Trovan Unique;0006B397F6;07.06.2018;04:39:06;;0;-;;
898;Trovan Unique;0006B397F6;07.06.2018;04:39:07;;0;-;;
899;Trovan Unique;0006B397F6;07.06.2018;04:39:08;;0;-;;
900;Trovan Unique;0006B397F6;07.06.2018;04:39:10;;0;-;;
901;Trovan Unique;0006B39302;07.06.2018;04:39:15;;0;-;;
902;Trovan Unique;0006B39302;07.06.2018;04:39:16;;0;-;;
903;Trovan Unique;0006B39302;07.06.2018;04:39:17;;0;-;;
904;Trovan Unique;00074FA66F;07.06.2018;04:39:19;;0;-;;
905;Trovan Unique;00074FA66F;07.06.2018;04:39:20;;0;-;;
906;Trovan Unique;00074FA66F;07.06.2018;04:39:21;;0;-;;
907;Trovan Unique;00075D0CCB;07.06.2018;04:39:21;;0;-;;
908;Trovan Unique;00075D0CCB;07.06.2018;04:39:41;;0;-;;
909;Trovan Unique;00075D0CCB;07.06.2018;04:39:43;;0;-;;
910;Trovan Unique;00075D0CCB;07.06.2018;04:39:53;;0;-;;
911;Trovan Unique;00075D0CCB;07.06.2018;04:39:54;;0;-;;
912;Trovan Unique;00075D0CCB;07.06.2018;04:40:16;;0;-;;
913;Trovan Unique;00075D0CCB;07.06.2018;04:40:17;;0;-;;
914;Trovan Unique;00075D0CCB;07.06.2018;04:40:18;;0;-;;
915;Trovan Unique;00075D0CCB;07.06.2018;04:40:23;;0;-;;
916;Trovan Unique;00075D0CCB;07.06.2018;04:40:23;;0;-;;
917;Trovan Unique;00075D0CCB;07.06.2018;04:40:24;;0;-;;
918;Trovan Unique;00075D0CCB;07.06.2018;04:40:26;;0;-;;
919;Trovan Unique;00075D0CCB;07.06.2018;04:40:27;;0;-;;
920;Trovan Unique;00075D0CCB;07.06.2018;04:40:28;;0;-;;
921;Trovan Unique;00075D0CCB;07.06.2018;04:40:29;;0;-;;
922;Trovan Unique;00075D0CCB;07.06.2018;04:40:30;;0;-;;
923;Trovan Unique;00075D0CCB;07.06.2018;04:40:33;;0;-;;
924;Trovan Unique;00075D0CCB;07.06.2018;04:40:34;;0;-;;
925;Trovan Unique;0006B3BF50;07.06.2018;04:40:45;;0;-;;
926;Trovan Unique;0006B3BF50;07.06.2018;04:40:46;;0;-;;
927;Trovan Unique;0006B3BF50;07.06.2018;04:41:03;;0;-;;
928;Trovan Unique;0006CC2D08;07.06.2018;04:41:04;;0;-;;
929;Trovan Unique;0006CC2D08;07.06.2018;04:41:05;;0;-;;
930;Trovan Unique;0006CC2D08;07.06.2018;04:41:06;;0;-;;
931;Trovan Unique;0006CC2D08;07.06.2018;04:41:07;;0;-;;
932;Trovan Unique;00075D0CCB;07.06.2018;04:41:28;;0;-;;
933;Trovan Unique;00075D0CCB;07.06.2018;04:41:41;;0;-;;
934;Trovan Unique;00075D0CCB;07.06.2018;04:41:41;;0;-;;
935;Trovan Unique;00075D0CCB;07.06.2018;04:41:42;;0;-;;
936;Trovan Unique;00075D0CCB;07.06.2018;04:41:43;;0;-;;
937;Trovan Unique;00075D0CCB;07.06.2018;04:41:44;;0;-;;
938;Trovan Unique;0006B3BF50;07.06.2018;04:41:46;;0;-;;
939;Trovan Unique;00075D0CCB;07.06.2018;04:41:47;;0;-;;
940;Trovan Unique;0006B3BF50;07.06.2018;04:41:48;;0;-;;
941;Trovan Unique;00075D0CCB;07.06.2018;04:41:50;;0;-;;
942;Trovan Unique;0006B3BF50;07.06.2018;04:41:51;;0;-;;
943;Trovan Unique;0006B3BF50;07.06.2018;04:41:52;;0;-;;
944;Trovan Unique;0006B3BF50;07.06.2018;04:41:53;;0;-;;
945;Trovan Unique;0006B3BF50;07.06.2018;04:41:54;;0;-;;
946;Trovan Unique;0006B3BF50;07.06.2018;04:41:54;;0;-;;
947;Trovan Unique;0006B3BF50;07.06.2018;04:41:55;;0;-;;
948;Trovan Unique;0006B3BF50;07.06.2018;04:41:56;;0;-;;
949;Trovan Unique;0006B3BF50;07.06.2018;04:41:57;;0;-;;
950;Trovan Unique;0006B3BF50;07.06.2018;04:41:58;;0;-;;
951;Trovan Unique;0006B3BF50;07.06.2018;04:41:59;;0;-;;
952;Trovan Unique;0006B3BF50;07.06.2018;04:42:00;;0;-;;
953;Trovan Unique;0006B3BF50;07.06.2018;04:42:01;;0;-;;
954;Trovan Unique;0006B3BF50;07.06.2018;04:42:46;;0;-;;
955;Trovan Unique;0006B3BF50;07.06.2018;04:43:00;;0;-;;
956;Trovan Unique;0006B3BF50;07.06.2018;04:43:01;;0;-;;
957;Trovan Unique;0006B34E3F;07.06.2018;04:45:40;;0;-;;
958;Trovan Unique;0006B34E3F;07.06.2018;04:45:41;;0;-;;
959;Trovan Unique;0006B34E3F;07.06.2018;04:45:41;;0;-;;
960;Trovan Unique;00075B2A5D;07.06.2018;04:47:16;;0;-;;
961;Trovan Unique;00075B2A5D;07.06.2018;04:47:18;;0;-;;
962;Trovan Unique;00075B2A5D;07.06.2018;04:47:23;;0;-;;
963;Trovan Unique;00075B2A5D;07.06.2018;04:47:23;;0;-;;
964;Trovan Unique;00075B2A5D;07.06.2018;04:47:27;;0;-;;
965;Trovan Unique;0006CC2D08;07.06.2018;04:47:47;;0;-;;
966;Trovan Unique;00075B2A5D;07.06.2018;04:52:39;;0;-;;
967;Trovan Unique;0006B397F6;07.06.2018;04:52:46;;0;-;;
968;Trovan Unique;0006B3BF50;07.06.2018;04:53:18;;0;-;;
969;Trovan Unique;00075CEE9E;07.06.2018;04:57:40;;0;-;;
970;Trovan Unique;00075CEE9E;07.06.2018;04:57:41;;0;-;;
971;Trovan Unique;00075CEE9E;07.06.2018;04:57:42;;0;-;;
972;Trovan Unique;00075CEE9E;07.06.2018;04:57:43;;0;-;;
973;Trovan Unique;00075CEE9E;07.06.2018;04:57:44;;0;-;;
974;Trovan Unique;00075CEE9E;07.06.2018;04:57:44;;0;-;;
975;Trovan Unique;00075CEE9E;07.06.2018;04:57:46;;0;-;;
976;Trovan Unique;00075CEE9E;07.06.2018;04:57:47;;0;-;;
977;Trovan Unique;00075CEE9E;07.06.2018;04:57:48;;0;-;;
978;Trovan Unique;00075CEE9E;07.06.2018;04:57:49;;0;-;;
979;Trovan Unique;00075CEE9E;07.06.2018;04:57:50;;0;-;;
980;Trovan Unique;00075CEE9E;07.06.2018;04:57:52;;0;-;;
981;Trovan Unique;00075CEE9E;07.06.2018;04:57:53;;0;-;;
982;Trovan Unique;00075CEE9E;07.06.2018;04:57:54;;0;-;;
983;Trovan Unique;00075CEE9E;07.06.2018;04:57:55;;0;-;;
984;Trovan Unique;00075CEE9E;07.06.2018;04:57:56;;0;-;;
985;Trovan Unique;00075CEE9E;07.06.2018;04:57:59;;0;-;;
986;Trovan Unique;00075CEE9E;07.06.2018;04:58:00;;0;-;;
987;Trovan Unique;00075CEE9E;07.06.2018;04:58:01;;0;-;;
988;Trovan Unique;00075CEE9E;07.06.2018;04:58:02;;0;-;;
989;Trovan Unique;00075CEE9E;07.06.2018;04:58:03;;0;-;;
990;Trovan Unique;00075CEE9E;07.06.2018;04:58:03;;0;-;;
991;Trovan Unique;00075CEE9E;07.06.2018;04:58:04;;0;-;;
992;Trovan Unique;00075B2A5D;07.06.2018;04:58:07;;0;-;;
993;Trovan Unique;00075CEE9E;07.06.2018;04:58:09;;0;-;;
994;Trovan Unique;00075B2A5D;07.06.2018;04:58:21;;0;-;;
995;Trovan Unique;00075B2A5D;07.06.2018;04:58:22;;0;-;;
996;Trovan Unique;00075B2A5D;07.06.2018;04:58:25;;0;-;;
997;Trovan Unique;00075B2A5D;07.06.2018;04:58:26;;0;-;;
998;Trovan Unique;00075B2A5D;07.06.2018;04:58:27;;0;-;;
999;Trovan Unique;00075B2A5D;07.06.2018;04:58:29;;0;-;;
1000;Trovan Unique;00075B2A5D;07.06.2018;04:58:30;;0;-;;
1001;Trovan Unique;00075B2A5D;07.06.2018;04:59:40;;0;-;;
1002;Trovan Unique;00075B2A5D;07.06.2018;04:59:42;;0;-;;
1003;Trovan Unique;00075B2A5D;07.06.2018;04:59:43;;0;-;;
1004;Trovan Unique;00075B2A5D;07.06.2018;04:59:44;;0;-;;
1005;Trovan Unique;0006B387FA;07.06.2018;05:10:13;;0;-;;
1006;Trovan Unique;0006B387FA;07.06.2018;05:10:22;;0;-;;
1007;Trovan Unique;0006B387FA;07.06.2018;05:10:23;;0;-;;
1008;Trovan Unique;0006B387FA;07.06.2018;05:10:24;;0;-;;
1009;Trovan Unique;0006B387FA;07.06.2018;05:10:25;;0;-;;
1010;Trovan Unique;0006B387FA;07.06.2018;05:10:32;;0;-;;
1011;Trovan Unique;0006B387FA;07.06.2018;05:10:33;;0;-;;
1012;Trovan Unique;0006B387FA;07.06.2018;05:10:35;;0;-;;
1013;Trovan Unique;0006B387FA;07.06.2018;05:10:40;;0;-;;
1014;Trovan Unique;0006B387FA;07.06.2018;05:10:41;;0;-;;
1015;Trovan Unique;0006B387FA;07.06.2018;05:10:41;;0;-;;
1016;Trovan Unique;0006B387FA;07.06.2018;05:10:42;;0;-;;
1017;Trovan Unique;0006B387FA;07.06.2018;05:11:04;;0;-;;
1018;Trovan Unique;0006B387FA;07.06.2018;05:11:05;;0;-;;
1019;Trovan Unique;0006B387FA;07.06.2018;05:11:06;;0;-;;
1020;Trovan Unique;0006B387FA;07.06.2018;05:11:07;;0;-;;
1021;Trovan Unique;0006B387FA;07.06.2018;05:11:09;;0;-;;
1022;Trovan Unique;0006B387FA;07.06.2018;05:11:09;;0;-;;
1023;Trovan Unique;00075B2A5D;07.06.2018;05:14:21;;0;-;;
1024;Trovan Unique;00075CFEF0;07.06.2018;05:26:28;;0;-;;
1025;Trovan Unique;00075CFEF0;07.06.2018;05:26:30;;0;-;;
1026;Trovan Unique;00075CFEF0;07.06.2018;05:26:31;;0;-;;
1027;Trovan Unique;00075CFEF0;07.06.2018;05:26:34;;0;-;;
1028;Trovan Unique;00075CFEF0;07.06.2018;05:26:38;;0;-;;
1029;Trovan Unique;00075CFEF0;07.06.2018;05:26:39;;0;-;;
1030;Trovan Unique;00075CFEF0;07.06.2018;05:26:45;;0;-;;
1031;Trovan Unique;00075CFEF0;07.06.2018;05:26:51;;0;-;;
1032;Trovan Unique;00075CFEF0;07.06.2018;05:26:52;;0;-;;
1033;Trovan Unique;00075CFEF0;07.06.2018;05:26:55;;0;-;;
1034;Trovan Unique;00075CFEF0;07.06.2018;05:26:55;;0;-;;
1035;Trovan Unique;00075CFEF0;07.06.2018;05:26:56;;0;-;;
1036;Trovan Unique;00075CFEF0;07.06.2018;05:26:57;;0;-;;
1037;Trovan Unique;00075CFEF0;07.06.2018;05:26:58;;0;-;;
1038;Trovan Unique;00075CFEF0;07.06.2018;05:27:00;;0;-;;
1039;Trovan Unique;00075CFEF0;07.06.2018;05:27:01;;0;-;;
1040;Trovan Unique;00075CFEF0;07.06.2018;05:27:17;;0;-;;
1041;Trovan Unique;00075CFEF0;07.06.2018;05:27:18;;0;-;;
1042;Trovan Unique;00075CFEF0;07.06.2018;05:27:18;;0;-;;
1043;Trovan Unique;00075CFEF0;07.06.2018;05:27:19;;0;-;;
1044;Trovan Unique;00075CFEF0;07.06.2018;05:27:20;;0;-;;
1045;Trovan Unique;00075CFEF0;07.06.2018;05:27:21;;0;-;;
1046;Trovan Unique;00075CFEF0;07.06.2018;05:27:32;;0;-;;
1047;Trovan Unique;00075CFEF0;07.06.2018;05:27:32;;0;-;;
1048;Trovan Unique;00075CFEF0;07.06.2018;05:27:58;;0;-;;
1049;Trovan Unique;00075CFEF0;07.06.2018;05:28:02;;0;-;;
1050;Trovan Unique;00075CFEF0;07.06.2018;05:28:07;;0;-;;
1051;Trovan Unique;00075CFEF0;07.06.2018;05:28:08;;0;-;;
1052;Trovan Unique;00075CFEF0;07.06.2018;05:28:14;;0;-;;
1053;Trovan Unique;00075CFEF0;07.06.2018;05:28:14;;0;-;;
1054;Trovan Unique;00075CFEF0;07.06.2018;05:28:15;;0;-;;
1055;Trovan Unique;00075CFEF0;07.06.2018;05:28:16;;0;-;;
1056;Trovan Unique;00075CFEF0;07.06.2018;05:28:17;;0;-;;
1057;Trovan Unique;00075CFEF0;07.06.2018;05:28:24;;0;-;;
1058;Trovan Unique;00075CFEF0;07.06.2018;05:28:25;;0;-;;
1059;Trovan Unique;00075CFEF0;07.06.2018;05:28:26;;0;-;;
1060;Trovan Unique;00075CFEF0;07.06.2018;05:28:27;;0;-;;
1061;Trovan Unique;00075CFEF0;07.06.2018;05:28:30;;0;-;;
1062;Trovan Unique;00075CFEF0;07.06.2018;05:28:33;;0;-;;
1063;Trovan Unique;00075CFEF0;07.06.2018;05:28:36;;0;-;;
1064;Trovan Unique;00075CFEF0;07.06.2018;05:28:38;;0;-;;
1065;Trovan Unique;00075CFEF0;07.06.2018;05:28:39;;0;-;;
1066;Trovan Unique;00075CFEF0;07.06.2018;05:28:57;;0;-;;
1067;Trovan Unique;00075CFEF0;07.06.2018;05:28:58;;0;-;;
1068;Trovan Unique;00075CFEF0;07.06.2018;05:28:59;;0;-;;
1069;Trovan Unique;00075CFEF0;07.06.2018;05:29:00;;0;-;;
1070;Trovan Unique;00075CFEF0;07.06.2018;05:29:11;;0;-;;
1071;Trovan Unique;00075CFEF0;07.06.2018;05:29:12;;0;-;;
1072;Trovan Unique;00075CFEF0;07.06.2018;05:29:23;;0;-;;
1073;Trovan Unique;00075CFEF0;07.06.2018;05:29:23;;0;-;;
1074;Trovan Unique;00075CFEF0;07.06.2018;05:29:24;;0;-;;
1075;Trovan Unique;00075CFEF0;07.06.2018;05:29:28;;0;-;;
1076;Trovan Unique;00075CFEF0;07.06.2018;05:29:29;;0;-;;
1077;Trovan Unique;00075CFEF0;07.06.2018;05:29:30;;0;-;;
1078;Trovan Unique;00075CFEF0;07.06.2018;05:29:31;;0;-;;
1079;Trovan Unique;00075CFEF0;07.06.2018;05:29:32;;0;-;;
1080;Trovan Unique;00075CFEF0;07.06.2018;05:29:33;;0;-;;
1081;Trovan Unique;00075CFEF0;07.06.2018;05:29:34;;0;-;;
1082;Trovan Unique;00075CFEF0;07.06.2018;05:29:37;;0;-;;
1083;Trovan Unique;00075CFEF0;07.06.2018;05:29:45;;0;-;;
1084;Trovan Unique;00075CFEF0;07.06.2018;05:29:46;;0;-;;
1085;Trovan Unique;00075CFEF0;07.06.2018;05:29:49;;0;-;;
1086;Trovan Unique;0006CC199B;07.06.2018;05:32:18;;0;-;;
1087;Trovan Unique;0006CC199B;07.06.2018;05:32:20;;0;-;;
1088;Trovan Unique;0006CC199B;07.06.2018;05:32:23;;0;-;;
1089;Trovan Unique;0006CC199B;07.06.2018;05:35:02;;0;-;;
1090;Trovan Unique;0006CC199B;07.06.2018;05:49:43;;0;-;;
1091;Trovan Unique;0006CC199B;07.06.2018;05:50:04;;0;-;;
1092;Trovan Unique;0006CC199B;07.06.2018;05:50:05;;0;-;;
1093;Trovan Unique;0006CC199B;07.06.2018;05:50:06;;0;-;;
1094;Trovan Unique;0006CC199B;07.06.2018;05:50:07;;0;-;;
1095;Trovan Unique;0006CC199B;07.06.2018;05:50:08;;0;-;;
1096;Trovan Unique;0006CC199B;07.06.2018;05:50:10;;0;-;;
1097;Trovan Unique;0006CC199B;07.06.2018;05:50:11;;0;-;;
1098;Trovan Unique;0006CC199B;07.06.2018;05:50:12;;0;-;;
1099;Trovan Unique;0006CC199B;07.06.2018;05:50:13;;0;-;;
1100;Trovan Unique;0006CC199B;07.06.2018;05:50:14;;0;-;;
1101;Trovan Unique;0006CC199B;07.06.2018;05:53:48;;0;-;;
1102;Trovan Unique;0006CC199B;07.06.2018;05:53:49;;0;-;;
1103;Trovan Unique;0006CC199B;07.06.2018;05:53:50;;0;-;;
1104;Trovan Unique;0006CC199B;07.06.2018;05:53:51;;0;-;;
1105;Trovan Unique;0006CC35A6;07.06.2018;06:22:53;;0;-;;
1106;Trovan Unique;0006CC35A6;07.06.2018;06:22:55;;0;-;;
1107;Trovan Unique;0006CC35A6;07.06.2018;06:22:57;;0;-;;
1108;Trovan Unique;0006CC35A6;07.06.2018;06:22:58;;0;-;;
1109;Trovan Unique;0006CC35A6;07.06.2018;06:22:59;;0;-;;
1110;Trovan Unique;0006CC35A6;07.06.2018;06:23:01;;0;-;;
1111;Trovan Unique;0006CC35A6;07.06.2018;06:23:03;;0;-;;
1112;Trovan Unique;0006CC35A6;07.06.2018;06:23:04;;0;-;;
1113;Trovan Unique;0006CC35A6;07.06.2018;06:23:05;;0;-;;
1114;Trovan Unique;0006CC35A6;07.06.2018;06:23:11;;0;-;;
1115;Trovan Unique;0006CC35A6;07.06.2018;06:23:16;;0;-;;
1116;Trovan Unique;0006CC35A6;07.06.2018;06:23:21;;0;-;;
1117;Trovan Unique;0006CC35A6;07.06.2018;06:23:23;;0;-;;
1118;Trovan Unique;0006CC35A6;07.06.2018;06:23:25;;0;-;;
1119;Trovan Unique;0006CC35A6;07.06.2018;06:23:26;;0;-;;
1120;Trovan Unique;0006CC35A6;07.06.2018;06:23:28;;0;-;;
1121;Trovan Unique;0006CC35A6;07.06.2018;06:23:32;;0;-;;
1122;Trovan Unique;0006CC35A6;07.06.2018;06:23:33;;0;-;;
1123;Trovan Unique;0006CC35A6;07.06.2018;06:23:33;;0;-;;
1124;Trovan Unique;0006CC35A6;07.06.2018;06:23:34;;0;-;;
1125;Trovan Unique;0006CC35A6;07.06.2018;06:23:36;;0;-;;
1126;Trovan Unique;0006CC35A6;07.06.2018;06:23:46;;0;-;;
1127;Trovan Unique;0006CC35A6;07.06.2018;06:23:58;;0;-;;
1128;Trovan Unique;0006CC35A6;07.06.2018;06:24:09;;0;-;;
1129;Trovan Unique;0006CC35A6;07.06.2018;06:24:12;;0;-;;
1130;Trovan Unique;0006CC35A6;07.06.2018;06:24:13;;0;-;;
1131;Trovan Unique;0006CC35A6;07.06.2018;06:24:13;;0;-;;
1132;Trovan Unique;0006CC35A6;07.06.2018;06:24:14;;0;-;;
1133;Trovan Unique;0006CC35A6;07.06.2018;06:24:15;;0;-;;
1134;Trovan Unique;0006CC35A6;07.06.2018;06:24:16;;0;-;;
1135;Trovan Unique;0006CC35A6;07.06.2018;06:24:17;;0;-;;
1136;Trovan Unique;0006CC35A6;07.06.2018;06:24:18;;0;-;;
1137;Trovan Unique;0006CC35A6;07.06.2018;06:24:19;;0;-;;
1138;Trovan Unique;0006CC35A6;07.06.2018;06:24:20;;0;-;;
1139;Trovan Unique;0006CC35A6;07.06.2018;06:24:21;;0;-;;
1140;Trovan Unique;0006CC35A6;07.06.2018;06:24:22;;0;-;;
1141;Trovan Unique;0006CC35A6;07.06.2018;06:24:22;;0;-;;
1142;Trovan Unique;0006CC35A6;07.06.2018;06:24:23;;0;-;;
1143;Trovan Unique;0006CC35A6;07.06.2018;06:24:24;;0;-;;
1144;Trovan Unique;0006B38E37;07.06.2018;06:24:25;;0;-;;
1145;Trovan Unique;0006B38E37;07.06.2018;06:24:27;;0;-;;
1146;Trovan Unique;0006B38E37;07.06.2018;06:24:28;;0;-;;
1147;Trovan Unique;0006CC35A6;07.06.2018;06:25:15;;0;-;;
1148;Trovan Unique;0006CC35A6;07.06.2018;06:25:16;;0;-;;
1149;Trovan Unique;0006CC35A6;07.06.2018;06:25:16;;0;-;;
1150;Trovan Unique;0006CC35A6;07.06.2018;06:25:17;;0;-;;
1151;Trovan Unique;0006CC35A6;07.06.2018;06:25:18;;0;-;;
1152;Trovan Unique;0006CC35A6;07.06.2018;06:25:19;;0;-;;
1153;Trovan Unique;0006CC35A6;07.06.2018;06:25:20;;0;-;;
1154;Trovan Unique;0006CC35A6;07.06.2018;06:25:21;;0;-;;
1155;Trovan Unique;0006CC35A6;07.06.2018;06:25:22;;0;-;;
1156;Trovan Unique;0006CC35A6;07.06.2018;06:25:23;;0;-;;
1157;Trovan Unique;0006CC35A6;07.06.2018;06:25:24;;0;-;;
1158;Trovan Unique;0006CC35A6;07.06.2018;06:25:25;;0;-;;
1159;Trovan Unique;0006CC35A6;07.06.2018;06:25:26;;0;-;;
1160;Trovan Unique;0006CC35A6;07.06.2018;06:25:26;;0;-;;
1161;Trovan Unique;0006CC35A6;07.06.2018;06:25:27;;0;-;;
1162;Trovan Unique;0006CC35A6;07.06.2018;06:25:28;;0;-;;
1163;Trovan Unique;0006CC35A6;07.06.2018;06:25:29;;0;-;;
1164;Trovan Unique;0006CC35A6;07.06.2018;06:25:30;;0;-;;
1165;Trovan Unique;0006CC35A6;07.06.2018;06:25:31;;0;-;;
1166;Trovan Unique;0006CC35A6;07.06.2018;06:25:32;;0;-;;
1167;Trovan Unique;0006CC35A6;07.06.2018;06:25:33;;0;-;;
1168;Trovan Unique;0006CC35A6;07.06.2018;06:25:34;;0;-;;
1169;Trovan Unique;0006CC35A6;07.06.2018;06:25:35;;0;-;;
1170;Trovan Unique;0006CC35A6;07.06.2018;06:25:36;;0;-;;
1171;Trovan Unique;0006CC35A6;07.06.2018;06:25:36;;0;-;;
1172;Trovan Unique;0006CC35A6;07.06.2018;06:25:37;;0;-;;
1173;Trovan Unique;0006CC35A6;07.06.2018;06:25:38;;0;-;;
1174;Trovan Unique;0006CC35A6;07.06.2018;06:25:39;;0;-;;
1175;Trovan Unique;0006CC35A6;07.06.2018;06:25:40;;0;-;;
1176;Trovan Unique;0006CC35A6;07.06.2018;06:25:41;;0;-;;
1177;Trovan Unique;0006CC35A6;07.06.2018;06:25:42;;0;-;;
1178;Trovan Unique;0006CC35A6;07.06.2018;06:25:43;;0;-;;
1179;Trovan Unique;0006CC35A6;07.06.2018;06:25:44;;0;-;;
1180;Trovan Unique;0006CC35A6;07.06.2018;06:25:44;;0;-;;
1181;Trovan Unique;0006CC35A6;07.06.2018;06:25:52;;0;-;;
1182;Trovan Unique;0006CC35A6;07.06.2018;06:25:53;;0;-;;
1183;Trovan Unique;0006CC35A6;07.06.2018;06:25:54;;0;-;;
1184;Trovan Unique;0006CC35A6;07.06.2018;06:25:55;;0;-;;
1185;Trovan Unique;0006CC35A6;07.06.2018;06:25:58;;0;-;;
1186;Trovan Unique;0006CC35A6;07.06.2018;06:25:59;;0;-;;
1187;Trovan Unique;0006CC35A6;07.06.2018;06:26:00;;0;-;;
1188;Trovan Unique;0006CC35A6;07.06.2018;06:26:01;;0;-;;
1189;Trovan Unique;0006CC35A6;07.06.2018;06:26:01;;0;-;;
1190;Trovan Unique;0006CC35A6;07.06.2018;06:26:03;;0;-;;
1191;Trovan Unique;0006CC35A6;07.06.2018;06:26:04;;0;-;;
1192;Trovan Unique;0006CC35A6;07.06.2018;06:26:05;;0;-;;
1193;Trovan Unique;0006CC35A6;07.06.2018;06:26:06;;0;-;;
1194;Trovan Unique;0006CC35A6;07.06.2018;06:26:07;;0;-;;
1195;Trovan Unique;0006CC35A6;07.06.2018;06:26:09;;0;-;;
1196;Trovan Unique;0006CC35A6;07.06.2018;06:26:10;;0;-;;
1197;Trovan Unique;0006CC35A6;07.06.2018;06:26:15;;0;-;;
1198;Trovan Unique;0006CC35A6;07.06.2018;06:26:18;;0;-;;
1199;Trovan Unique;0006CC35A6;07.06.2018;06:26:42;;0;-;;
1200;Trovan Unique;0006CC35A6;07.06.2018;06:26:43;;0;-;;
1201;Trovan Unique;0006CC35A6;07.06.2018;06:26:44;;0;-;;
1202;Trovan Unique;0006CC35A6;07.06.2018;06:26:45;;0;-;;
1203;Trovan Unique;0006CC35A6;07.06.2018;06:26:46;;0;-;;
1204;Trovan Unique;0006CC35A6;07.06.2018;06:26:47;;0;-;;
1205;Trovan Unique;0006CC35A6;07.06.2018;06:26:50;;0;-;;
1206;Trovan Unique;0006CC35A6;07.06.2018;06:26:52;;0;-;;
1207;Trovan Unique;0006CC35A6;07.06.2018;06:26:54;;0;-;;
1208;Trovan Unique;0006CC35A6;07.06.2018;06:26:55;;0;-;;
1209;Trovan Unique;0006CC35A6;07.06.2018;06:27:06;;0;-;;
1210;Trovan Unique;0006CC35A6;07.06.2018;06:27:13;;0;-;;
1211;Trovan Unique;0006CC35A6;07.06.2018;06:27:15;;0;-;;
1212;Trovan Unique;0006CC35A6;07.06.2018;06:27:25;;0;-;;
1213;Trovan Unique;0006CC35A6;07.06.2018;06:27:26;;0;-;;
1214;Trovan Unique;0006CC35A6;07.06.2018;06:27:27;;0;-;;
1215;Trovan Unique;0006CC35A6;07.06.2018;06:27:42;;0;-;;
1216;Trovan Unique;0006CC35A6;07.06.2018;06:27:43;;0;-;;
1217;Trovan Unique;0006CC35A6;07.06.2018;06:28:26;;0;-;;
1218;Trovan Unique;0006CC35A6;07.06.2018;06:28:27;;0;-;;
1219;Trovan Unique;0006CC35A6;07.06.2018;06:28:35;;0;-;;
1220;Trovan Unique;0006CC35A6;07.06.2018;06:28:41;;0;-;;
1221;Trovan Unique;0006CC35A6;07.06.2018;06:28:46;;0;-;;
1222;Trovan Unique;0006CC35A6;07.06.2018;06:28:55;;0;-;;
1223;Trovan Unique;0006CC35A6;07.06.2018;06:28:56;;0;-;;
1224;Trovan Unique;0006CC35A6;07.06.2018;06:28:57;;0;-;;
1225;Trovan Unique;0006CC35A6;07.06.2018;06:28:58;;0;-;;
1226;Trovan Unique;0006CC35A6;07.06.2018;06:28:59;;0;-;;
1227;Trovan Unique;0006CC35A6;07.06.2018;06:29:00;;0;-;;
1228;Trovan Unique;0006CC35A6;07.06.2018;06:29:01;;0;-;;
1229;Trovan Unique;0006CC35A6;07.06.2018;06:29:02;;0;-;;
1230;Trovan Unique;0006CC35A6;07.06.2018;06:29:05;;0;-;;
1231;Trovan Unique;0006CC35A6;07.06.2018;06:29:07;;0;-;;
1232;Trovan Unique;0006CC35A6;07.06.2018;06:29:08;;0;-;;
1233;Trovan Unique;0006CC35A6;07.06.2018;06:29:09;;0;-;;
1234;Trovan Unique;0006CC35A6;07.06.2018;06:29:10;;0;-;;
1235;Trovan Unique;0006CC35A6;07.06.2018;06:29:11;;0;-;;
1236;Trovan Unique;0006CC35A6;07.06.2018;06:29:12;;0;-;;
1237;Trovan Unique;0006CC35A6;07.06.2018;06:29:13;;0;-;;
1238;Trovan Unique;0006CC35A6;07.06.2018;06:29:14;;0;-;;
1239;Trovan Unique;0006CC35A6;07.06.2018;06:29:15;;0;-;;
1240;Trovan Unique;0006CC35A6;07.06.2018;06:29:16;;0;-;;
1241;Trovan Unique;0006CC35A6;07.06.2018;06:29:17;;0;-;;
1242;Trovan Unique;0006CC35A6;07.06.2018;06:29:18;;0;-;;
1243;Trovan Unique;0006CC35A6;07.06.2018;06:29:19;;0;-;;
1244;Trovan Unique;0006CC35A6;07.06.2018;06:29:20;;0;-;;
1245;Trovan Unique;0006CC35A6;07.06.2018;06:29:22;;0;-;;
1246;Trovan Unique;0006CC35A6;07.06.2018;06:29:23;;0;-;;
1247;Trovan Unique;0006CC35A6;07.06.2018;06:29:24;;0;-;;
1248;Trovan Unique;0006CC35A6;07.06.2018;06:29:25;;0;-;;
1249;Trovan Unique;0006CC35A6;07.06.2018;06:29:26;;0;-;;
1250;Trovan Unique;0006CC35A6;07.06.2018;06:29:27;;0;-;;
1251;Trovan Unique;0006CC35A6;07.06.2018;06:29:28;;0;-;;
1252;Trovan Unique;0006CC35A6;07.06.2018;06:29:29;;0;-;;
1253;Trovan Unique;0006CC35A6;07.06.2018;06:29:30;;0;-;;
1254;Trovan Unique;0006CC35A6;07.06.2018;06:29:31;;0;-;;
1255;Trovan Unique;0006CC35A6;07.06.2018;06:29:45;;0;-;;
1256;Trovan Unique;0006CC35A6;07.06.2018;06:29:48;;0;-;;
1257;Trovan Unique;0006CC35A6;07.06.2018;06:29:49;;0;-;;
1258;Trovan Unique;0006CC35A6;07.06.2018;06:29:50;;0;-;;
1259;Trovan Unique;0006CC35A6;07.06.2018;06:29:50;;0;-;;
1260;Trovan Unique;0006CC35A6;07.06.2018;06:29:51;;0;-;;
1261;Trovan Unique;0006CC35A6;07.06.2018;06:31:30;;0;-;;
1262;Trovan Unique;0006CC35A6;07.06.2018;06:31:36;;0;-;;
1263;Trovan Unique;0006CC35A6;07.06.2018;06:31:39;;0;-;;
1264;Trovan Unique;0006CC35A6;07.06.2018;06:31:39;;0;-;;
1265;Trovan Unique;0006CC35A6;07.06.2018;06:31:40;;0;-;;
1266;Trovan Unique;0006CC35A6;07.06.2018;06:31:41;;0;-;;
1267;Trovan Unique;0006CC35A6;07.06.2018;06:31:42;;0;-;;
1268;Trovan Unique;0006CC35A6;07.06.2018;06:31:43;;0;-;;
1269;Trovan Unique;0006CC35A6;07.06.2018;06:31:46;;0;-;;
1270;Trovan Unique;0006CC35A6;07.06.2018;06:31:47;;0;-;;
1271;Trovan Unique;0006CC35A6;07.06.2018;06:31:48;;0;-;;
1272;Trovan Unique;0006CC35A6;07.06.2018;06:31:49;;0;-;;
1273;Trovan Unique;0006CC35A6;07.06.2018;06:31:50;;0;-;;
1274;Trovan Unique;0006CC35A6;07.06.2018;06:31:51;;0;-;;
1275;Trovan Unique;0006CC35A6;07.06.2018;06:31:52;;0;-;;
1276;Trovan Unique;0006CC35A6;07.06.2018;06:31:52;;0;-;;
1277;Trovan Unique;0006CC35A6;07.06.2018;06:31:53;;0;-;;
1278;Trovan Unique;0006CC35A6;07.06.2018;06:31:54;;0;-;;
1279;Trovan Unique;0006CC35A6;07.06.2018;06:31:55;;0;-;;
1280;Trovan Unique;0006CC35A6;07.06.2018;06:31:56;;0;-;;
1281;Trovan Unique;0006CC35A6;07.06.2018;06:31:57;;0;-;;
1282;Trovan Unique;0006CC35A6;07.06.2018;06:31:58;;0;-;;
1283;Trovan Unique;0006CC35A6;07.06.2018;06:31:59;;0;-;;
1284;Trovan Unique;0006CC35A6;07.06.2018;06:32:00;;0;-;;
1285;Trovan Unique;0006CC35A6;07.06.2018;06:32:01;;0;-;;
1286;Trovan Unique;0006CC35A6;07.06.2018;06:32:01;;0;-;;
1287;Trovan Unique;0006CC35A6;07.06.2018;06:32:02;;0;-;;
1288;Trovan Unique;0006CC35A6;07.06.2018;06:32:03;;0;-;;
1289;Trovan Unique;0006CC35A6;07.06.2018;06:32:04;;0;-;;
1290;Trovan Unique;0006CC35A6;07.06.2018;06:32:05;;0;-;;
1291;Trovan Unique;0006CC35A6;07.06.2018;06:32:06;;0;-;;
1292;Trovan Unique;0006CC35A6;07.06.2018;06:32:07;;0;-;;
1293;Trovan Unique;0006CC35A6;07.06.2018;06:32:08;;0;-;;
1294;Trovan Unique;0006CC35A6;07.06.2018;06:32:09;;0;-;;
1295;Trovan Unique;0006CC35A6;07.06.2018;06:32:09;;0;-;;
1296;Trovan Unique;0006CC35A6;07.06.2018;06:32:10;;0;-;;
1297;Trovan Unique;0006CC35A6;07.06.2018;06:32:11;;0;-;;
1298;Trovan Unique;0006CC35A6;07.06.2018;06:32:12;;0;-;;
1299;Trovan Unique;0006CC35A6;07.06.2018;06:32:13;;0;-;;
1300;Trovan Unique;0006CC35A6;07.06.2018;06:32:14;;0;-;;
1301;Trovan Unique;0006CC35A6;07.06.2018;06:32:15;;0;-;;
1302;Trovan Unique;0006CC35A6;07.06.2018;06:32:16;;0;-;;
1303;Trovan Unique;0006CC35A6;07.06.2018;06:32:17;;0;-;;
1304;Trovan Unique;0006CC35A6;07.06.2018;06:32:17;;0;-;;
1305;Trovan Unique;0006CC35A6;07.06.2018;06:32:18;;0;-;;
1306;Trovan Unique;0006CC35A6;07.06.2018;06:32:19;;0;-;;
1307;Trovan Unique;0006CC35A6;07.06.2018;06:32:20;;0;-;;
1308;Trovan Unique;0006CC35A6;07.06.2018;06:32:21;;0;-;;
1309;Trovan Unique;0006CC35A6;07.06.2018;06:32:22;;0;-;;
1310;Trovan Unique;0006CC35A6;07.06.2018;06:32:23;;0;-;;
1311;Trovan Unique;0006CC35A6;07.06.2018;06:32:24;;0;-;;
1312;Trovan Unique;0006CC35A6;07.06.2018;06:32:25;;0;-;;
1313;Trovan Unique;0006CC35A6;07.06.2018;06:32:25;;0;-;;
1314;Trovan Unique;0006CC35A6;07.06.2018;06:32:26;;0;-;;
1315;Trovan Unique;0006CC35A6;07.06.2018;06:32:27;;0;-;;
1316;Trovan Unique;0006CC35A6;07.06.2018;06:32:28;;0;-;;
1317;Trovan Unique;0006CC35A6;07.06.2018;06:32:29;;0;-;;
1318;Trovan Unique;0006CC35A6;07.06.2018;06:32:30;;0;-;;
1319;Trovan Unique;0006CC35A6;07.06.2018;06:32:31;;0;-;;
1320;Trovan Unique;0006CC35A6;07.06.2018;06:32:32;;0;-;;
1321;Trovan Unique;0006CC35A6;07.06.2018;06:32:33;;0;-;;
1322;Trovan Unique;0006CC35A6;07.06.2018;06:32:34;;0;-;;
1323;Trovan Unique;0006CC35A6;07.06.2018;06:32:35;;0;-;;
1324;Trovan Unique;0006CC35A6;07.06.2018;06:32:36;;0;-;;
1325;Trovan Unique;0006CC35A6;07.06.2018;06:32:37;;0;-;;
1326;Trovan Unique;0006CC35A6;07.06.2018;06:32:38;;0;-;;
1327;Trovan Unique;0006CC35A6;07.06.2018;06:32:39;;0;-;;
1328;Trovan Unique;0006CC35A6;07.06.2018;06:32:40;;0;-;;
1329;Trovan Unique;0006CC35A6;07.06.2018;06:32:40;;0;-;;
1330;Trovan Unique;0006CC35A6;07.06.2018;06:32:42;;0;-;;
1331;Trovan Unique;0006CC35A6;07.06.2018;06:32:45;;0;-;;
1332;Trovan Unique;0006CC35A6;07.06.2018;06:32:47;;0;-;;
1333;Trovan Unique;0006CC35A6;07.06.2018;06:32:49;;0;-;;
1334;Trovan Unique;0006CC35A6;07.06.2018;06:32:50;;0;-;;
1335;Trovan Unique;0006CC35A6;07.06.2018;06:32:53;;0;-;;
1336;Trovan Unique;0006CC35A6;07.06.2018;06:32:53;;0;-;;
1337;Trovan Unique;0006CC35A6;07.06.2018;06:32:54;;0;-;;
1338;Trovan Unique;0006CC35A6;07.06.2018;06:32:55;;0;-;;
1339;Trovan Unique;0006CC35A6;07.06.2018;06:32:56;;0;-;;
1340;Trovan Unique;0006CC35A6;07.06.2018;06:32:57;;0;-;;
1341;Trovan Unique;0006CC35A6;07.06.2018;06:32:58;;0;-;;
1342;Trovan Unique;0006CC35A6;07.06.2018;06:32:59;;0;-;;
1343;Trovan Unique;0006CC35A6;07.06.2018;06:33:00;;0;-;;
1344;Trovan Unique;0006CC35A6;07.06.2018;06:33:01;;0;-;;
1345;Trovan Unique;0006CC35A6;07.06.2018;06:33:01;;0;-;;
1346;Trovan Unique;0006CC35A6;07.06.2018;06:33:02;;0;-;;
1347;Trovan Unique;0006CC35A6;07.06.2018;06:33:03;;0;-;;
1348;Trovan Unique;0006CC35A6;07.06.2018;06:33:04;;0;-;;
1349;Trovan Unique;0006CC35A6;07.06.2018;06:33:05;;0;-;;
1350;Trovan Unique;0006CC35A6;07.06.2018;06:33:06;;0;-;;
1351;Trovan Unique;0006CC35A6;07.06.2018;06:33:07;;0;-;;
1352;Trovan Unique;0006CC35A6;07.06.2018;06:33:08;;0;-;;
1353;Trovan Unique;0006CC35A6;07.06.2018;06:33:09;;0;-;;
1354;Trovan Unique;0006CC35A6;07.06.2018;06:33:09;;0;-;;
1355;Trovan Unique;0006CC35A6;07.06.2018;06:33:10;;0;-;;
1356;Trovan Unique;0006CC35A6;07.06.2018;06:33:11;;0;-;;
1357;Trovan Unique;0006CC35A6;07.06.2018;06:33:12;;0;-;;
1358;Trovan Unique;0006CC35A6;07.06.2018;06:33:13;;0;-;;
1359;Trovan Unique;0006CC35A6;07.06.2018;06:33:14;;0;-;;
1360;Trovan Unique;0006CC35A6;07.06.2018;06:33:19;;0;-;;
1361;Trovan Unique;0006CC35A6;07.06.2018;06:33:23;;0;-;;
1362;Trovan Unique;0006CC35A6;07.06.2018;06:33:35;;0;-;;
1363;Trovan Unique;0006CC35A6;07.06.2018;06:35:36;;0;-;;
1364;Trovan Unique;0006CC35A6;07.06.2018;06:35:37;;0;-;;
1365;Trovan Unique;0006CC35A6;07.06.2018;06:35:38;;0;-;;
1366;Trovan Unique;0006CC35A6;07.06.2018;06:35:48;;0;-;;
1367;Trovan Unique;0006CC35A6;07.06.2018;06:35:52;;0;-;;
1368;Trovan Unique;0006CC35A6;07.06.2018;06:35:58;;0;-;;
1369;Trovan Unique;0006CC35A6;07.06.2018;06:35:59;;0;-;;
1370;Trovan Unique;0006CC35A6;07.06.2018;06:36:00;;0;-;;
1371;Trovan Unique;0006CC35A6;07.06.2018;06:36:01;;0;-;;
1372;Trovan Unique;0006CC35A6;07.06.2018;06:36:02;;0;-;;
1373;Trovan Unique;0006CC35A6;07.06.2018;06:36:03;;0;-;;
1374;Trovan Unique;0006CC35A6;07.06.2018;06:36:04;;0;-;;
1375;Trovan Unique;0006CC35A6;07.06.2018;06:36:04;;0;-;;
1376;Trovan Unique;0006CC35A6;07.06.2018;06:36:07;;0;-;;
1377;Trovan Unique;0006CC35A6;07.06.2018;06:36:09;;0;-;;
1378;Trovan Unique;0006CC35A6;07.06.2018;06:36:10;;0;-;;
1379;Trovan Unique;0006CC35A6;07.06.2018;06:36:11;;0;-;;
1380;Trovan Unique;0006CC35A6;07.06.2018;06:36:14;;0;-;;
1381;Trovan Unique;0006CC35A6;07.06.2018;06:36:15;;0;-;;
1382;Trovan Unique;0006CC35A6;07.06.2018;06:36:16;;0;-;;
1383;Trovan Unique;0006CC35A6;07.06.2018;06:36:17;;0;-;;
1384;Trovan Unique;0006CC35A6;07.06.2018;06:36:18;;0;-;;
1385;Trovan Unique;0006CC35A6;07.06.2018;06:36:19;;0;-;;
1386;Trovan Unique;0006CC35A6;07.06.2018;06:36:19;;0;-;;
1387;Trovan Unique;0006CC35A6;07.06.2018;06:36:20;;0;-;;
1388;Trovan Unique;0006CC35A6;07.06.2018;06:36:21;;0;-;;
1389;Trovan Unique;0006CC35A6;07.06.2018;06:36:22;;0;-;;
1390;Trovan Unique;0006CC35A6;07.06.2018;06:36:23;;0;-;;
1391;Trovan Unique;0006CC35A6;07.06.2018;06:36:24;;0;-;;
1392;Trovan Unique;0006CC35A6;07.06.2018;06:37:33;;0;-;;
1393;Trovan Unique;0006CC35A6;07.06.2018;06:37:34;;0;-;;
1394;Trovan Unique;0006CC35A6;07.06.2018;06:37:48;;0;-;;
1395;Trovan Unique;0006CC35A6;07.06.2018;06:37:53;;0;-;;
1396;Trovan Unique;0006CC35A6;07.06.2018;06:37:54;;0;-;;
1397;Trovan Unique;0006CC35A6;07.06.2018;06:37:55;;0;-;;
1398;Trovan Unique;0006CC35A6;07.06.2018;06:37:56;;0;-;;
1399;Trovan Unique;0006CC35A6;07.06.2018;06:38:24;;0;-;;
1400;Trovan Unique;0006CC35A6;07.06.2018;06:38:25;;0;-;;
1401;Trovan Unique;0006CC35A6;07.06.2018;06:38:26;;0;-;;
1402;Trovan Unique;0006CC35A6;07.06.2018;06:38:27;;0;-;;
1403;Trovan Unique;0006CC35A6;07.06.2018;06:38:27;;0;-;;
1404;Trovan Unique;0006CC35A6;07.06.2018;06:38:28;;0;-;;
1405;Trovan Unique;0006CC35A6;07.06.2018;06:38:29;;0;-;;
1406;Trovan Unique;0006CC35A6;07.06.2018;06:38:30;;0;-;;
1407;Trovan Unique;0006CC35A6;07.06.2018;06:38:31;;0;-;;
1408;Trovan Unique;0006CC35A6;07.06.2018;06:38:32;;0;-;;
1409;Trovan Unique;0006CC35A6;07.06.2018;06:38:33;;0;-;;
1410;Trovan Unique;0006CC35A6;07.06.2018;06:38:35;;0;-;;
1411;Trovan Unique;0006CC35A6;07.06.2018;06:38:36;;0;-;;
1412;Trovan Unique;0006CC35A6;07.06.2018;06:38:41;;0;-;;
1413;Trovan Unique;0006CC35A6;07.06.2018;06:38:43;;0;-;;
1414;Trovan Unique;0006CC35A6;07.06.2018;06:38:44;;0;-;;
1415;Trovan Unique;0006CC35A6;07.06.2018;06:38:45;;0;-;;
1416;Trovan Unique;0006CC35A6;07.06.2018;06:38:46;;0;-;;
1417;Trovan Unique;0006CC35A6;07.06.2018;06:38:47;;0;-;;
1418;Trovan Unique;0006CC35A6;07.06.2018;06:38:48;;0;-;;
1419;Trovan Unique;0006CC35A6;07.06.2018;06:38:49;;0;-;;
1420;Trovan Unique;0006CC35A6;07.06.2018;06:38:50;;0;-;;
1421;Trovan Unique;0006CC35A6;07.06.2018;06:38:50;;0;-;;
1422;Trovan Unique;0006CC35A6;07.06.2018;06:38:51;;0;-;;
1423;Trovan Unique;0006CC35A6;07.06.2018;06:38:52;;0;-;;
1424;Trovan Unique;0006CC35A6;07.06.2018;06:39:08;;0;-;;
1425;Trovan Unique;0006CC35A6;07.06.2018;06:39:09;;0;-;;
1426;Trovan Unique;0006CC35A6;07.06.2018;06:39:10;;0;-;;
1427;Trovan Unique;0006CC35A6;07.06.2018;06:39:12;;0;-;;
1428;Trovan Unique;0006CC35A6;07.06.2018;06:39:18;;0;-;;
1429;Trovan Unique;0006CC35A6;07.06.2018;06:39:20;;0;-;;
1430;Trovan Unique;0006CC35A6;07.06.2018;06:39:21;;0;-;;
1431;Trovan Unique;0006CC35A6;07.06.2018;06:39:22;;0;-;;
1432;Trovan Unique;0006CC35A6;07.06.2018;06:39:26;;0;-;;
1433;Trovan Unique;0006CC35A6;07.06.2018;06:39:30;;0;-;;
1434;Trovan Unique;0006CC35A6;07.06.2018;06:39:31;;0;-;;
1435;Trovan Unique;0006CC35A6;07.06.2018;06:39:35;;0;-;;
1436;Trovan Unique;0006CC35A6;07.06.2018;06:39:38;;0;-;;
1437;Trovan Unique;0006CC35A6;07.06.2018;06:39:39;;0;-;;
1438;Trovan Unique;0006CC35A6;07.06.2018;06:39:40;;0;-;;
1439;Trovan Unique;0006CC35A6;07.06.2018;06:39:43;;0;-;;
1440;Trovan Unique;0006CC35A6;07.06.2018;06:39:44;;0;-;;
1441;Trovan Unique;0006CC35A6;07.06.2018;06:39:45;;0;-;;
1442;Trovan Unique;0006CC35A6;07.06.2018;06:39:50;;0;-;;
1443;Trovan Unique;0006CC35A6;07.06.2018;06:39:51;;0;-;;
1444;Trovan Unique;0006CC35A6;07.06.2018;06:39:52;;0;-;;
1445;Trovan Unique;0006CC35A6;07.06.2018;06:39:53;;0;-;;
1446;Trovan Unique;0006CC35A6;07.06.2018;06:39:54;;0;-;;
1447;Trovan Unique;0006CC35A6;07.06.2018;06:39:57;;0;-;;
1448;Trovan Unique;0006CC35A6;07.06.2018;06:39:58;;0;-;;
1449;Trovan Unique;0006CC35A6;07.06.2018;06:39:59;;0;-;;
1450;Trovan Unique;0006CC35A6;07.06.2018;06:39:59;;0;-;;
1451;Trovan Unique;0006CC35A6;07.06.2018;06:40:20;;0;-;;
1452;Trovan Unique;0006CC35A6;07.06.2018;06:40:21;;0;-;;
1453;Trovan Unique;0006CC35A6;07.06.2018;06:40:22;;0;-;;
1454;Trovan Unique;0006CC35A6;07.06.2018;06:40:23;;0;-;;
1455;Trovan Unique;0006CC35A6;07.06.2018;06:40:24;;0;-;;
1456;Trovan Unique;0006CC35A6;07.06.2018;06:40:24;;0;-;;
1457;Trovan Unique;0006CC35A6;07.06.2018;06:40:25;;0;-;;
1458;Trovan Unique;0006CC35A6;07.06.2018;06:40:26;;0;-;;
1459;Trovan Unique;0006CC35A6;07.06.2018;06:40:43;;0;-;;
1460;Trovan Unique;0006CC35A6;07.06.2018;06:40:51;;0;-;;
1461;Trovan Unique;0006CC35A6;07.06.2018;06:40:57;;0;-;;
1462;Trovan Unique;0006CC35A6;07.06.2018;06:40:58;;0;-;;
1463;Trovan Unique;0006CC35A6;07.06.2018;06:40:59;;0;-;;
1464;Trovan Unique;0006CC35A6;07.06.2018;06:41:00;;0;-;;
1465;Trovan Unique;0006CC35A6;07.06.2018;06:41:01;;0;-;;
1466;Trovan Unique;0006CC35A6;07.06.2018;06:41:08;;0;-;;
1467;Trovan Unique;0006CC35A6;07.06.2018;06:41:09;;0;-;;
1468;Trovan Unique;0006CC35A6;07.06.2018;06:41:10;;0;-;;
1469;Trovan Unique;0006CC35A6;07.06.2018;06:41:15;;0;-;;
1470;Trovan Unique;0006CC35A6;07.06.2018;06:41:16;;0;-;;
1471;Trovan Unique;0006CC35A6;07.06.2018;06:41:24;;0;-;;
1472;Trovan Unique;0006CC35A6;07.06.2018;06:41:26;;0;-;;
1473;Trovan Unique;0006CC35A6;07.06.2018;06:41:29;;0;-;;
1474;Trovan Unique;0006CC35A6;07.06.2018;06:41:31;;0;-;;
1475;Trovan Unique;0006CC35A6;07.06.2018;06:41:32;;0;-;;
1476;Trovan Unique;0006CC35A6;07.06.2018;06:41:37;;0;-;;
1477;Trovan Unique;0006CC35A6;07.06.2018;06:41:38;;0;-;;
1478;Trovan Unique;0006CC35A6;07.06.2018;06:41:40;;0;-;;
1479;Trovan Unique;0006CC35A6;07.06.2018;06:41:46;;0;-;;
1480;Trovan Unique;0006CC35A6;07.06.2018;06:41:48;;0;-;;
1481;Trovan Unique;0006CC35A6;07.06.2018;06:41:52;;0;-;;
1482;Trovan Unique;0006CC35A6;07.06.2018;06:41:59;;0;-;;
1483;Trovan Unique;0006CC35A6;07.06.2018;06:41:59;;0;-;;
1484;Trovan Unique;0006CC35A6;07.06.2018;06:42:00;;0;-;;
1485;Trovan Unique;0006CC35A6;07.06.2018;06:42:01;;0;-;;
1486;Trovan Unique;0006CC35A6;07.06.2018;06:42:02;;0;-;;
1487;Trovan Unique;0006CC35A6;07.06.2018;06:42:03;;0;-;;
1488;Trovan Unique;0006CC35A6;07.06.2018;06:42:04;;0;-;;
1489;Trovan Unique;0006CC35A6;07.06.2018;06:42:05;;0;-;;
1490;Trovan Unique;0006CC35A6;07.06.2018;06:42:06;;0;-;;
1491;Trovan Unique;0006CC35A6;07.06.2018;06:42:07;;0;-;;
1492;Trovan Unique;0006CC35A6;07.06.2018;06:42:08;;0;-;;
1493;Trovan Unique;0006CC35A6;07.06.2018;06:42:09;;0;-;;
1494;Trovan Unique;0006CC35A6;07.06.2018;06:42:09;;0;-;;
1495;Trovan Unique;0006CC35A6;07.06.2018;06:42:10;;0;-;;
1496;Trovan Unique;0006CC35A6;07.06.2018;06:42:11;;0;-;;
1497;Trovan Unique;0006CC35A6;07.06.2018;06:42:12;;0;-;;
1498;Trovan Unique;0006CC35A6;07.06.2018;06:42:13;;0;-;;
1499;Trovan Unique;0006CC35A6;07.06.2018;06:42:14;;0;-;;
1500;Trovan Unique;0006CC35A6;07.06.2018;06:42:15;;0;-;;
1501;Trovan Unique;0006CC35A6;07.06.2018;06:42:16;;0;-;;
1502;Trovan Unique;0006CC35A6;07.06.2018;06:42:17;;0;-;;
1503;Trovan Unique;0006CC35A6;07.06.2018;06:42:18;;0;-;;
1504;Trovan Unique;0006CC35A6;07.06.2018;06:42:19;;0;-;;
1505;Trovan Unique;0006CC35A6;07.06.2018;06:42:20;;0;-;;
1506;Trovan Unique;0006CC35A6;07.06.2018;06:42:21;;0;-;;
1507;Trovan Unique;0006CC35A6;07.06.2018;06:42:21;;0;-;;
1508;Trovan Unique;0006CC35A6;07.06.2018;06:42:22;;0;-;;
1509;Trovan Unique;0006CC35A6;07.06.2018;06:42:23;;0;-;;
1510;Trovan Unique;0006CC35A6;07.06.2018;06:42:24;;0;-;;
1511;Trovan Unique;0006CC35A6;07.06.2018;06:42:25;;0;-;;
1512;Trovan Unique;0006CC35A6;07.06.2018;06:42:26;;0;-;;
1513;Trovan Unique;0006CC35A6;07.06.2018;06:42:31;;0;-;;
1514;Trovan Unique;0006CC35A6;07.06.2018;06:42:32;;0;-;;
1515;Trovan Unique;0006CC35A6;07.06.2018;06:42:32;;0;-;;
1516;Trovan Unique;0006CC35A6;07.06.2018;06:42:33;;0;-;;
1517;Trovan Unique;0006CC35A6;07.06.2018;06:42:34;;0;-;;
1518;Trovan Unique;0006CC35A6;07.06.2018;06:42:35;;0;-;;
1519;Trovan Unique;0006CC35A6;07.06.2018;06:42:36;;0;-;;
1520;Trovan Unique;0006CC35A6;07.06.2018;06:42:37;;0;-;;
1521;Trovan Unique;0006CC35A6;07.06.2018;06:42:38;;0;-;;
1522;Trovan Unique;0006CC35A6;07.06.2018;06:42:39;;0;-;;
1523;Trovan Unique;0006CC35A6;07.06.2018;06:42:40;;0;-;;
1524;Trovan Unique;0006CC35A6;07.06.2018;06:42:41;;0;-;;
1525;Trovan Unique;0006CC35A6;07.06.2018;06:42:42;;0;-;;
1526;Trovan Unique;0006CC35A6;07.06.2018;06:42:42;;0;-;;
1527;Trovan Unique;0006CC35A6;07.06.2018;06:42:43;;0;-;;
1528;Trovan Unique;0006CC35A6;07.06.2018;06:42:44;;0;-;;
1529;Trovan Unique;0006CC35A6;07.06.2018;06:42:45;;0;-;;
1530;Trovan Unique;0006CC35A6;07.06.2018;06:42:46;;0;-;;
1531;Trovan Unique;0006CC35A6;07.06.2018;06:42:47;;0;-;;
1532;Trovan Unique;0006CC35A6;07.06.2018;06:42:48;;0;-;;
1533;Trovan Unique;0006CC35A6;07.06.2018;06:42:49;;0;-;;
1534;Trovan Unique;0006CC35A6;07.06.2018;06:42:50;;0;-;;
1535;Trovan Unique;0006CC35A6;07.06.2018;06:42:51;;0;-;;
1536;Trovan Unique;0006CC35A6;07.06.2018;06:42:51;;0;-;;
1537;Trovan Unique;0006CC35A6;07.06.2018;06:42:52;;0;-;;
1538;Trovan Unique;0006CC35A6;07.06.2018;06:42:55;;0;-;;
1539;Trovan Unique;0006CC35A6;07.06.2018;06:42:55;;0;-;;
1540;Trovan Unique;0006CC35A6;07.06.2018;06:42:56;;0;-;;
1541;Trovan Unique;0006CC35A6;07.06.2018;06:42:57;;0;-;;
1542;Trovan Unique;0006CC35A6;07.06.2018;06:42:58;;0;-;;
1543;Trovan Unique;0006CC35A6;07.06.2018;06:42:59;;0;-;;
1544;Trovan Unique;0006CC35A6;07.06.2018;06:43:00;;0;-;;
1545;Trovan Unique;0006CC35A6;07.06.2018;06:43:01;;0;-;;
1546;Trovan Unique;0006CC35A6;07.06.2018;06:43:02;;0;-;;
1547;Trovan Unique;0006CC35A6;07.06.2018;06:43:03;;0;-;;
1548;Trovan Unique;0006CC35A6;07.06.2018;06:43:04;;0;-;;
1549;Trovan Unique;0006CC35A6;07.06.2018;06:43:05;;0;-;;
1550;Trovan Unique;0006CC35A6;07.06.2018;06:43:06;;0;-;;
1551;Trovan Unique;0006CC35A6;07.06.2018;06:43:07;;0;-;;
1552;Trovan Unique;0006CC35A6;07.06.2018;06:43:08;;0;-;;
1553;Trovan Unique;0006CC35A6;07.06.2018;06:43:10;;0;-;;
1554;Trovan Unique;0006CC35A6;07.06.2018;06:43:11;;0;-;;
1555;Trovan Unique;0006CC35A6;07.06.2018;06:43:17;;0;-;;
1556;Trovan Unique;0006CC35A6;07.06.2018;06:43:18;;0;-;;
1557;Trovan Unique;0006CC35A6;07.06.2018;06:43:21;;0;-;;
1558;Trovan Unique;0006CC35A6;07.06.2018;06:43:24;;0;-;;
1559;Trovan Unique;0006CC35A6;07.06.2018;06:43:25;;0;-;;
1560;Trovan Unique;0006CC35A6;07.06.2018;06:43:26;;0;-;;
1561;Trovan Unique;0006CC35A6;07.06.2018;06:43:26;;0;-;;
1562;Trovan Unique;0006CC35A6;07.06.2018;06:43:27;;0;-;;
1563;Trovan Unique;0006CC35A6;07.06.2018;06:43:28;;0;-;;
1564;Trovan Unique;0006CC35A6;07.06.2018;06:43:29;;0;-;;
1565;Trovan Unique;0006CC35A6;07.06.2018;06:43:30;;0;-;;
1566;Trovan Unique;0006CC35A6;07.06.2018;06:43:31;;0;-;;
1567;Trovan Unique;0006CC35A6;07.06.2018;06:43:32;;0;-;;
1568;Trovan Unique;0006CC35A6;07.06.2018;06:43:35;;0;-;;
1569;Trovan Unique;0006CC35A6;07.06.2018;06:43:36;;0;-;;
1570;Trovan Unique;0006CC35A6;07.06.2018;06:43:37;;0;-;;
1571;Trovan Unique;0006CC35A6;07.06.2018;06:43:38;;0;-;;
1572;Trovan Unique;0006CC35A6;07.06.2018;06:43:40;;0;-;;
1573;Trovan Unique;0006CC35A6;07.06.2018;06:43:41;;0;-;;
1574;Trovan Unique;0006CC35A6;07.06.2018;06:43:43;;0;-;;
1575;Trovan Unique;0006CC35A6;07.06.2018;06:43:45;;0;-;;
1576;Trovan Unique;0006CC35A6;07.06.2018;06:43:46;;0;-;;
1577;Trovan Unique;0006CC35A6;07.06.2018;06:43:46;;0;-;;
1578;Trovan Unique;0006CC35A6;07.06.2018;06:43:47;;0;-;;
1579;Trovan Unique;0006CC35A6;07.06.2018;06:43:48;;0;-;;
1580;Trovan Unique;0006CC35A6;07.06.2018;06:43:49;;0;-;;
1581;Trovan Unique;0006CC35A6;07.06.2018;06:43:50;;0;-;;
1582;Trovan Unique;0006CC35A6;07.06.2018;06:43:51;;0;-;;
1583;Trovan Unique;0006CC35A6;07.06.2018;06:43:52;;0;-;;
1584;Trovan Unique;0006CC35A6;07.06.2018;06:43:53;;0;-;;
1585;Trovan Unique;0006CC35A6;07.06.2018;06:43:54;;0;-;;
1586;Trovan Unique;0006CC35A6;07.06.2018;06:43:55;;0;-;;
1587;Trovan Unique;0006CC35A6;07.06.2018;06:43:58;;0;-;;
1588;Trovan Unique;0006CC35A6;07.06.2018;06:43:59;;0;-;;
1589;Trovan Unique;0006CC35A6;07.06.2018;06:44:00;;0;-;;
1590;Trovan Unique;0006CC35A6;07.06.2018;06:44:01;;0;-;;
1591;Trovan Unique;0006CC35A6;07.06.2018;06:44:02;;0;-;;
1592;Trovan Unique;0006CC35A6;07.06.2018;06:44:03;;0;-;;
1593;Trovan Unique;0006CC35A6;07.06.2018;06:44:04;;0;-;;
1594;Trovan Unique;0006CC35A6;07.06.2018;06:44:04;;0;-;;
1595;Trovan Unique;0006CC35A6;07.06.2018;06:44:06;;0;-;;
1596;Trovan Unique;0006CC35A6;07.06.2018;06:44:07;;0;-;;
1597;Trovan Unique;0006CC35A6;07.06.2018;06:44:08;;0;-;;
1598;Trovan Unique;0006CC35A6;07.06.2018;06:44:09;;0;-;;
1599;Trovan Unique;0006CC35A6;07.06.2018;06:44:14;;0;-;;
1600;Trovan Unique;0006CC35A6;07.06.2018;06:44:15;;0;-;;
1601;Trovan Unique;0006CC35A6;07.06.2018;06:44:16;;0;-;;
1602;Trovan Unique;0006CC35A6;07.06.2018;06:44:23;;0;-;;
1603;Trovan Unique;0006CC35A6;07.06.2018;06:44:24;;0;-;;
1604;Trovan Unique;0006CC35A6;07.06.2018;06:44:25;;0;-;;
1605;Trovan Unique;0006CC35A6;07.06.2018;06:44:26;;0;-;;
1606;Trovan Unique;0006CC35A6;07.06.2018;06:44:27;;0;-;;
1607;Trovan Unique;0006CC35A6;07.06.2018;06:44:28;;0;-;;
1608;Trovan Unique;0006CC35A6;07.06.2018;06:44:29;;0;-;;
1609;Trovan Unique;0006CC35A6;07.06.2018;06:44:30;;0;-;;
1610;Trovan Unique;0006CC35A6;07.06.2018;06:44:31;;0;-;;
1611;Trovan Unique;0006CC35A6;07.06.2018;06:44:32;;0;-;;
1612;Trovan Unique;0006CC35A6;07.06.2018;06:44:33;;0;-;;
1613;Trovan Unique;0006CC35A6;07.06.2018;06:44:34;;0;-;;
1614;Trovan Unique;0006CC35A6;07.06.2018;06:44:34;;0;-;;
1615;Trovan Unique;0006CC35A6;07.06.2018;06:44:35;;0;-;;
1616;Trovan Unique;0006CC35A6;07.06.2018;06:44:36;;0;-;;
1617;Trovan Unique;0006CC35A6;07.06.2018;06:44:37;;0;-;;
1618;Trovan Unique;0006CC35A6;07.06.2018;06:44:38;;0;-;;
1619;Trovan Unique;0006CC35A6;07.06.2018;06:44:39;;0;-;;
1620;Trovan Unique;0006CC35A6;07.06.2018;06:44:40;;0;-;;
1621;Trovan Unique;0006CC35A6;07.06.2018;06:44:41;;0;-;;
1622;Trovan Unique;0006CC35A6;07.06.2018;06:44:42;;0;-;;
1623;Trovan Unique;0006CC35A6;07.06.2018;06:44:43;;0;-;;
1624;Trovan Unique;0006CC35A6;07.06.2018;06:44:44;;0;-;;
1625;Trovan Unique;0006CC35A6;07.06.2018;06:44:44;;0;-;;
1626;Trovan Unique;0006CC35A6;07.06.2018;06:44:45;;0;-;;
1627;Trovan Unique;0006CC35A6;07.06.2018;06:44:46;;0;-;;
1628;Trovan Unique;0006CC35A6;07.06.2018;06:44:47;;0;-;;
1629;Trovan Unique;0006CC35A6;07.06.2018;06:44:48;;0;-;;
1630;Trovan Unique;0006CC35A6;07.06.2018;06:44:49;;0;-;;
1631;Trovan Unique;0006CC35A6;07.06.2018;06:44:50;;0;-;;
1632;Trovan Unique;0006CC35A6;07.06.2018;06:44:51;;0;-;;
1633;Trovan Unique;0006CC35A6;07.06.2018;06:44:52;;0;-;;
1634;Trovan Unique;0006CC35A6;07.06.2018;06:44:52;;0;-;;
1635;Trovan Unique;0006CC35A6;07.06.2018;06:44:53;;0;-;;
1636;Trovan Unique;0006CC35A6;07.06.2018;06:44:54;;0;-;;
1637;Trovan Unique;0006CC35A6;07.06.2018;06:44:55;;0;-;;
1638;Trovan Unique;0006CC35A6;07.06.2018;06:44:56;;0;-;;
1639;Trovan Unique;0006CC35A6;07.06.2018;06:44:57;;0;-;;
1640;Trovan Unique;0006CC35A6;07.06.2018;06:44:58;;0;-;;
1641;Trovan Unique;0006CC35A6;07.06.2018;06:44:59;;0;-;;
1642;Trovan Unique;0006CC35A6;07.06.2018;06:45:00;;0;-;;
1643;Trovan Unique;0006CC35A6;07.06.2018;06:45:01;;0;-;;
1644;Trovan Unique;0006CC35A6;07.06.2018;06:45:01;;0;-;;
1645;Trovan Unique;0006CC35A6;07.06.2018;06:45:02;;0;-;;
1646;Trovan Unique;0006CC35A6;07.06.2018;06:45:03;;0;-;;
1647;Trovan Unique;0006CC35A6;07.06.2018;06:45:04;;0;-;;
1648;Trovan Unique;0006CC35A6;07.06.2018;06:45:05;;0;-;;
1649;Trovan Unique;0006CC35A6;07.06.2018;06:45:06;;0;-;;
1650;Trovan Unique;0006CC35A6;07.06.2018;06:45:07;;0;-;;
1651;Trovan Unique;0006CC35A6;07.06.2018;06:45:08;;0;-;;
1652;Trovan Unique;0006CC35A6;07.06.2018;06:45:09;;0;-;;
1653;Trovan Unique;0006CC35A6;07.06.2018;06:45:10;;0;-;;
1654;Trovan Unique;0006CC35A6;07.06.2018;06:45:10;;0;-;;
1655;Trovan Unique;0006CC35A6;07.06.2018;06:45:11;;0;-;;
1656;Trovan Unique;0006CC35A6;07.06.2018;06:45:12;;0;-;;
1657;Trovan Unique;0006CC35A6;07.06.2018;06:45:13;;0;-;;
1658;Trovan Unique;0006CC35A6;07.06.2018;06:45:14;;0;-;;
1659;Trovan Unique;0006CC35A6;07.06.2018;06:45:15;;0;-;;
1660;Trovan Unique;0006CC35A6;07.06.2018;06:45:16;;0;-;;
1661;Trovan Unique;0006CC35A6;07.06.2018;06:45:17;;0;-;;
1662;Trovan Unique;0006CC35A6;07.06.2018;06:45:18;;0;-;;
1663;Trovan Unique;0006CC35A6;07.06.2018;06:45:19;;0;-;;
1664;Trovan Unique;0006CC35A6;07.06.2018;06:45:19;;0;-;;
1665;Trovan Unique;0006CC35A6;07.06.2018;06:45:20;;0;-;;
1666;Trovan Unique;0006CC35A6;07.06.2018;06:45:21;;0;-;;
1667;Trovan Unique;0006CC35A6;07.06.2018;06:45:22;;0;-;;
1668;Trovan Unique;0006CC35A6;07.06.2018;06:45:23;;0;-;;
1669;Trovan Unique;0006CC35A6;07.06.2018;06:45:24;;0;-;;
1670;Trovan Unique;0006CC35A6;07.06.2018;06:45:25;;0;-;;
1671;Trovan Unique;0006CC35A6;07.06.2018;06:45:26;;0;-;;
1672;Trovan Unique;0006CC35A6;07.06.2018;06:45:27;;0;-;;
1673;Trovan Unique;0006CC35A6;07.06.2018;06:45:28;;0;-;;
1674;Trovan Unique;0006CC35A6;07.06.2018;06:45:29;;0;-;;
1675;Trovan Unique;0006CC35A6;07.06.2018;06:45:30;;0;-;;
1676;Trovan Unique;0006CC35A6;07.06.2018;06:45:30;;0;-;;
1677;Trovan Unique;0006CC35A6;07.06.2018;06:45:31;;0;-;;
1678;Trovan Unique;0006CC35A6;07.06.2018;06:45:32;;0;-;;
1679;Trovan Unique;0006CC35A6;07.06.2018;06:45:33;;0;-;;
1680;Trovan Unique;0006CC35A6;07.06.2018;06:45:34;;0;-;;
1681;Trovan Unique;0006CC35A6;07.06.2018;06:45:35;;0;-;;
1682;Trovan Unique;0006CC35A6;07.06.2018;06:45:36;;0;-;;
1683;Trovan Unique;0006CC35A6;07.06.2018;06:45:37;;0;-;;
1684;Trovan Unique;0006CC35A6;07.06.2018;06:45:38;;0;-;;
1685;Trovan Unique;0006CC35A6;07.06.2018;06:45:39;;0;-;;
1686;Trovan Unique;0006CC35A6;07.06.2018;06:45:40;;0;-;;
1687;Trovan Unique;0006CC35A6;07.06.2018;06:45:40;;0;-;;
1688;Trovan Unique;0006CC35A6;07.06.2018;06:45:41;;0;-;;
1689;Trovan Unique;0006CC35A6;07.06.2018;06:45:42;;0;-;;
1690;Trovan Unique;0006CC35A6;07.06.2018;06:45:43;;0;-;;
1691;Trovan Unique;0006CC35A6;07.06.2018;06:45:44;;0;-;;
1692;Trovan Unique;0006CC35A6;07.06.2018;06:45:45;;0;-;;
1693;Trovan Unique;0006CC35A6;07.06.2018;06:45:46;;0;-;;
1694;Trovan Unique;0006CC35A6;07.06.2018;06:45:47;;0;-;;
1695;Trovan Unique;0006CC35A6;07.06.2018;06:45:48;;0;-;;
1696;Trovan Unique;0006CC35A6;07.06.2018;06:45:48;;0;-;;
1697;Trovan Unique;0006CC35A6;07.06.2018;06:45:49;;0;-;;
1698;Trovan Unique;0006CC35A6;07.06.2018;06:45:50;;0;-;;
1699;Trovan Unique;0006CC35A6;07.06.2018;06:45:51;;0;-;;
1700;Trovan Unique;0006CC35A6;07.06.2018;06:45:52;;0;-;;
1701;Trovan Unique;0006CC35A6;07.06.2018;06:45:53;;0;-;;
1702;Trovan Unique;0006CC35A6;07.06.2018;06:45:54;;0;-;;
1703;Trovan Unique;0006CC35A6;07.06.2018;06:45:55;;0;-;;
1704;Trovan Unique;0006CC35A6;07.06.2018;06:45:56;;0;-;;
1705;Trovan Unique;0006CC35A6;07.06.2018;06:45:57;;0;-;;
1706;Trovan Unique;0006CC35A6;07.06.2018;06:45:57;;0;-;;
1707;Trovan Unique;0006CC35A6;07.06.2018;06:45:58;;0;-;;
1708;Trovan Unique;0006CC35A6;07.06.2018;06:45:59;;0;-;;
1709;Trovan Unique;0006CC35A6;07.06.2018;06:46:00;;0;-;;
1710;Trovan Unique;0006CC35A6;07.06.2018;06:46:01;;0;-;;
1711;Trovan Unique;0006CC35A6;07.06.2018;06:46:02;;0;-;;
1712;Trovan Unique;0006CC35A6;07.06.2018;06:46:03;;0;-;;
1713;Trovan Unique;0006CC35A6;07.06.2018;06:46:04;;0;-;;
1714;Trovan Unique;0006CC35A6;07.06.2018;06:46:06;;0;-;;
1715;Trovan Unique;0006CC35A6;07.06.2018;06:46:07;;0;-;;
1716;Trovan Unique;0006CC35A6;07.06.2018;06:46:08;;0;-;;
1717;Trovan Unique;0006CC35A6;07.06.2018;06:46:10;;0;-;;
1718;Trovan Unique;0006CC35A6;07.06.2018;06:46:17;;0;-;;
1719;Trovan Unique;0006CC35A6;07.06.2018;06:46:18;;0;-;;
1720;Trovan Unique;0006CC35A6;07.06.2018;06:46:19;;0;-;;
1721;Trovan Unique;0006CC35A6;07.06.2018;06:46:20;;0;-;;
1722;Trovan Unique;0006CC35A6;07.06.2018;06:46:21;;0;-;;
1723;Trovan Unique;0006CC35A6;07.06.2018;06:46:22;;0;-;;
1724;Trovan Unique;0006CC35A6;07.06.2018;06:46:23;;0;-;;
1725;Trovan Unique;0006CC35A6;07.06.2018;06:46:24;;0;-;;
1726;Trovan Unique;0006CC35A6;07.06.2018;06:46:25;;0;-;;
1727;Trovan Unique;0006CC35A6;07.06.2018;06:46:26;;0;-;;
1728;Trovan Unique;0006CC35A6;07.06.2018;06:46:27;;0;-;;
1729;Trovan Unique;0006CC35A6;07.06.2018;06:46:28;;0;-;;
1730;Trovan Unique;0006CC35A6;07.06.2018;06:46:29;;0;-;;
1731;Trovan Unique;0006CC35A6;07.06.2018;06:46:30;;0;-;;
1732;Trovan Unique;0006CC35A6;07.06.2018;06:46:31;;0;-;;
1733;Trovan Unique;0006CC35A6;07.06.2018;06:46:32;;0;-;;
1734;Trovan Unique;0006CC35A6;07.06.2018;06:46:33;;0;-;;
1735;Trovan Unique;0006CC35A6;07.06.2018;06:46:34;;0;-;;
1736;Trovan Unique;0006CC35A6;07.06.2018;06:46:35;;0;-;;
1737;Trovan Unique;0006CC35A6;07.06.2018;06:46:35;;0;-;;
1738;Trovan Unique;0006CC35A6;07.06.2018;06:46:36;;0;-;;
1739;Trovan Unique;0006CC35A6;07.06.2018;06:46:37;;0;-;;
1740;Trovan Unique;0006CC35A6;07.06.2018;06:46:38;;0;-;;
1741;Trovan Unique;0006CC35A6;07.06.2018;06:46:39;;0;-;;
1742;Trovan Unique;0006CC35A6;07.06.2018;06:46:40;;0;-;;
1743;Trovan Unique;0006CC35A6;07.06.2018;06:46:41;;0;-;;
1744;Trovan Unique;0006CC35A6;07.06.2018;06:46:42;;0;-;;
1745;Trovan Unique;0006CC35A6;07.06.2018;06:46:43;;0;-;;
1746;Trovan Unique;0006CC35A6;07.06.2018;06:46:44;;0;-;;
1747;Trovan Unique;0006CC35A6;07.06.2018;06:46:45;;0;-;;
1748;Trovan Unique;0006CC35A6;07.06.2018;06:46:46;;0;-;;
1749;Trovan Unique;0006CC35A6;07.06.2018;06:46:47;;0;-;;
1750;Trovan Unique;0006CC35A6;07.06.2018;06:46:47;;0;-;;
1751;Trovan Unique;0006CC35A6;07.06.2018;06:46:48;;0;-;;
1752;Trovan Unique;0006CC35A6;07.06.2018;06:46:49;;0;-;;
1753;Trovan Unique;0006CC35A6;07.06.2018;06:46:50;;0;-;;
1754;Trovan Unique;0006CC35A6;07.06.2018;06:46:51;;0;-;;
1755;Trovan Unique;0006CC35A6;07.06.2018;06:46:52;;0;-;;
1756;Trovan Unique;0006CC35A6;07.06.2018;06:46:53;;0;-;;
1757;Trovan Unique;0006CC35A6;07.06.2018;06:46:54;;0;-;;
1758;Trovan Unique;0006CC35A6;07.06.2018;06:46:55;;0;-;;
1759;Trovan Unique;0006CC35A6;07.06.2018;06:46:56;;0;-;;
1760;Trovan Unique;0006CC35A6;07.06.2018;06:46:56;;0;-;;
1761;Trovan Unique;0006CC35A6;07.06.2018;06:46:57;;0;-;;
1762;Trovan Unique;0006CC35A6;07.06.2018;06:46:58;;0;-;;
1763;Trovan Unique;0006CC35A6;07.06.2018;06:46:59;;0;-;;
1764;Trovan Unique;0006CC35A6;07.06.2018;06:47:00;;0;-;;
1765;Trovan Unique;0006CC35A6;07.06.2018;06:47:01;;0;-;;
1766;Trovan Unique;0006CC35A6;07.06.2018;06:47:02;;0;-;;
1767;Trovan Unique;0006CC35A6;07.06.2018;06:47:03;;0;-;;
1768;Trovan Unique;0006CC35A6;07.06.2018;06:47:04;;0;-;;
1769;Trovan Unique;0006CC35A6;07.06.2018;06:47:04;;0;-;;
1770;Trovan Unique;0006CC35A6;07.06.2018;06:47:05;;0;-;;
1771;Trovan Unique;0006CC35A6;07.06.2018;06:47:06;;0;-;;
1772;Trovan Unique;0006CC35A6;07.06.2018;06:47:07;;0;-;;
1773;Trovan Unique;0006CC35A6;07.06.2018;06:47:08;;0;-;;
1774;Trovan Unique;0006CC35A6;07.06.2018;06:47:09;;0;-;;
1775;Trovan Unique;0006CC35A6;07.06.2018;06:47:10;;0;-;;
1776;Trovan Unique;0006CC35A6;07.06.2018;06:47:11;;0;-;;
1777;Trovan Unique;0006CC35A6;07.06.2018;06:47:12;;0;-;;
1778;Trovan Unique;0006CC35A6;07.06.2018;06:47:13;;0;-;;
1779;Trovan Unique;0006CC35A6;07.06.2018;06:47:14;;0;-;;
1780;Trovan Unique;0006CC35A6;07.06.2018;06:47:14;;0;-;;
1781;Trovan Unique;0006CC35A6;07.06.2018;06:47:15;;0;-;;
1782;Trovan Unique;0006CC35A6;07.06.2018;06:47:16;;0;-;;
1783;Trovan Unique;0006CC35A6;07.06.2018;06:47:17;;0;-;;
1784;Trovan Unique;0006CC35A6;07.06.2018;06:47:18;;0;-;;
1785;Trovan Unique;0006CC35A6;07.06.2018;06:47:19;;0;-;;
1786;Trovan Unique;0006CC35A6;07.06.2018;06:47:20;;0;-;;
1787;Trovan Unique;0006CC35A6;07.06.2018;06:47:21;;0;-;;
1788;Trovan Unique;0006CC35A6;07.06.2018;06:47:22;;0;-;;
1789;Trovan Unique;0006CC35A6;07.06.2018;06:47:23;;0;-;;
1790;Trovan Unique;0006CC35A6;07.06.2018;06:47:23;;0;-;;
1791;Trovan Unique;0006CC35A6;07.06.2018;06:47:24;;0;-;;
1792;Trovan Unique;0006CC35A6;07.06.2018;06:47:25;;0;-;;
1793;Trovan Unique;0006CC35A6;07.06.2018;06:47:26;;0;-;;
1794;Trovan Unique;0006CC35A6;07.06.2018;06:47:27;;0;-;;
1795;Trovan Unique;0006CC35A6;07.06.2018;06:47:28;;0;-;;
1796;Trovan Unique;0006CC35A6;07.06.2018;06:47:29;;0;-;;
1797;Trovan Unique;0006CC35A6;07.06.2018;06:47:30;;0;-;;
1798;Trovan Unique;0006CC35A6;07.06.2018;06:47:31;;0;-;;
1799;Trovan Unique;0006CC35A6;07.06.2018;06:47:32;;0;-;;
1800;Trovan Unique;0006CC35A6;07.06.2018;06:47:33;;0;-;;
1801;Trovan Unique;0006CC35A6;07.06.2018;06:47:33;;0;-;;
1802;Trovan Unique;0006CC35A6;07.06.2018;06:47:34;;0;-;;
1803;Trovan Unique;0006CC35A6;07.06.2018;06:47:35;;0;-;;
1804;Trovan Unique;0006CC35A6;07.06.2018;06:47:36;;0;-;;
1805;Trovan Unique;0006CC35A6;07.06.2018;06:47:37;;0;-;;
1806;Trovan Unique;0006CC35A6;07.06.2018;06:47:38;;0;-;;
1807;Trovan Unique;0006CC35A6;07.06.2018;06:47:39;;0;-;;
1808;Trovan Unique;0006CC35A6;07.06.2018;06:47:40;;0;-;;
1809;Trovan Unique;0006CC35A6;07.06.2018;06:47:41;;0;-;;
1810;Trovan Unique;0006CC35A6;07.06.2018;06:47:42;;0;-;;
1811;Trovan Unique;0006CC35A6;07.06.2018;06:47:43;;0;-;;
1812;Trovan Unique;0006CC35A6;07.06.2018;06:47:44;;0;-;;
1813;Trovan Unique;0006CC35A6;07.06.2018;06:47:44;;0;-;;
1814;Trovan Unique;0006CC35A6;07.06.2018;06:47:45;;0;-;;
1815;Trovan Unique;0006CC35A6;07.06.2018;06:47:46;;0;-;;
1816;Trovan Unique;0006CC35A6;07.06.2018;06:47:47;;0;-;;
1817;Trovan Unique;0006CC35A6;07.06.2018;06:47:48;;0;-;;
1818;Trovan Unique;0006CC35A6;07.06.2018;06:47:49;;0;-;;
1819;Trovan Unique;0006CC35A6;07.06.2018;06:47:50;;0;-;;
1820;Trovan Unique;0006CC35A6;07.06.2018;06:47:51;;0;-;;
1821;Trovan Unique;0006CC35A6;07.06.2018;06:47:52;;0;-;;
1822;Trovan Unique;0006CC35A6;07.06.2018;06:47:53;;0;-;;
1823;Trovan Unique;0006CC35A6;07.06.2018;06:47:54;;0;-;;
1824;Trovan Unique;0006CC35A6;07.06.2018;06:47:55;;0;-;;
1825;Trovan Unique;0006CC35A6;07.06.2018;06:47:55;;0;-;;
1826;Trovan Unique;0006CC35A6;07.06.2018;06:47:56;;0;-;;
1827;Trovan Unique;0006CC35A6;07.06.2018;06:47:57;;0;-;;
1828;Trovan Unique;0006CC35A6;07.06.2018;06:47:58;;0;-;;
1829;Trovan Unique;0006CC35A6;07.06.2018;06:47:59;;0;-;;
1830;Trovan Unique;0006CC35A6;07.06.2018;06:48:00;;0;-;;
1831;Trovan Unique;0006CC35A6;07.06.2018;06:48:01;;0;-;;
1832;Trovan Unique;0006CC35A6;07.06.2018;06:48:02;;0;-;;
1833;Trovan Unique;0006CC35A6;07.06.2018;06:48:03;;0;-;;
1834;Trovan Unique;0006CC35A6;07.06.2018;06:48:04;;0;-;;
1835;Trovan Unique;0006CC35A6;07.06.2018;06:48:04;;0;-;;
1836;Trovan Unique;0006CC35A6;07.06.2018;06:48:05;;0;-;;
1837;Trovan Unique;0006CC35A6;07.06.2018;06:48:06;;0;-;;
1838;Trovan Unique;0006CC35A6;07.06.2018;06:48:07;;0;-;;
1839;Trovan Unique;0006CC35A6;07.06.2018;06:48:08;;0;-;;
1840;Trovan Unique;0006CC35A6;07.06.2018;06:48:09;;0;-;;
1841;Trovan Unique;0006CC35A6;07.06.2018;06:48:10;;0;-;;
1842;Trovan Unique;0006CC35A6;07.06.2018;06:48:11;;0;-;;
1843;Trovan Unique;0006CC35A6;07.06.2018;06:48:12;;0;-;;
1844;Trovan Unique;0006CC35A6;07.06.2018;06:48:13;;0;-;;
1845;Trovan Unique;0006CC35A6;07.06.2018;06:48:13;;0;-;;
1846;Trovan Unique;0006CC35A6;07.06.2018;06:48:14;;0;-;;
1847;Trovan Unique;0006CC35A6;07.06.2018;06:48:15;;0;-;;
1848;Trovan Unique;0006CC35A6;07.06.2018;06:48:16;;0;-;;
1849;Trovan Unique;0006CC35A6;07.06.2018;06:48:17;;0;-;;
1850;Trovan Unique;0006CC35A6;07.06.2018;06:48:18;;0;-;;
1851;Trovan Unique;0006CC35A6;07.06.2018;06:48:19;;0;-;;
1852;Trovan Unique;0006CC35A6;07.06.2018;06:48:20;;0;-;;
1853;Trovan Unique;0006CC35A6;07.06.2018;06:48:21;;0;-;;
1854;Trovan Unique;0006CC35A6;07.06.2018;06:48:22;;0;-;;
1855;Trovan Unique;0006CC35A6;07.06.2018;06:48:23;;0;-;;
1856;Trovan Unique;0006CC35A6;07.06.2018;06:48:23;;0;-;;
1857;Trovan Unique;0006CC35A6;07.06.2018;06:48:24;;0;-;;
1858;Trovan Unique;0006CC35A6;07.06.2018;06:48:25;;0;-;;
1859;Trovan Unique;0006CC35A6;07.06.2018;06:48:26;;0;-;;
1860;Trovan Unique;0006CC35A6;07.06.2018;06:48:27;;0;-;;
1861;Trovan Unique;0006CC35A6;07.06.2018;06:48:28;;0;-;;
1862;Trovan Unique;0006CC35A6;07.06.2018;06:48:29;;0;-;;
1863;Trovan Unique;0006CC35A6;07.06.2018;06:48:30;;0;-;;
1864;Trovan Unique;0006CC35A6;07.06.2018;06:48:31;;0;-;;
1865;Trovan Unique;0006CC35A6;07.06.2018;06:48:32;;0;-;;
1866;Trovan Unique;0006CC35A6;07.06.2018;06:48:33;;0;-;;
1867;Trovan Unique;0006CC35A6;07.06.2018;06:48:33;;0;-;;
1868;Trovan Unique;0006CC35A6;07.06.2018;06:48:34;;0;-;;
1869;Trovan Unique;0006CC35A6;07.06.2018;06:48:35;;0;-;;
1870;Trovan Unique;0006CC35A6;07.06.2018;06:48:36;;0;-;;
1871;Trovan Unique;0006CC35A6;07.06.2018;06:48:37;;0;-;;
1872;Trovan Unique;0006CC35A6;07.06.2018;06:48:38;;0;-;;
1873;Trovan Unique;0006CC35A6;07.06.2018;06:48:39;;0;-;;
1874;Trovan Unique;0006CC35A6;07.06.2018;06:48:40;;0;-;;
1875;Trovan Unique;0006CC35A6;07.06.2018;06:48:41;;0;-;;
1876;Trovan Unique;0006CC35A6;07.06.2018;06:48:42;;0;-;;
1877;Trovan Unique;0006CC35A6;07.06.2018;06:48:42;;0;-;;
1878;Trovan Unique;0006CC35A6;07.06.2018;06:48:43;;0;-;;
1879;Trovan Unique;0006CC35A6;07.06.2018;06:48:44;;0;-;;
1880;Trovan Unique;0006CC35A6;07.06.2018;06:48:45;;0;-;;
1881;Trovan Unique;0006CC35A6;07.06.2018;06:48:46;;0;-;;
1882;Trovan Unique;0006CC35A6;07.06.2018;06:48:47;;0;-;;
1883;Trovan Unique;0006CC35A6;07.06.2018;06:48:48;;0;-;;
1884;Trovan Unique;0006CC35A6;07.06.2018;06:48:49;;0;-;;
1885;Trovan Unique;0006CC35A6;07.06.2018;06:48:50;;0;-;;
1886;Trovan Unique;0006CC35A6;07.06.2018;06:48:51;;0;-;;
1887;Trovan Unique;0006CC35A6;07.06.2018;06:48:52;;0;-;;
1888;Trovan Unique;0006CC35A6;07.06.2018;06:48:52;;0;-;;
1889;Trovan Unique;0006CC35A6;07.06.2018;06:48:53;;0;-;;
1890;Trovan Unique;0006CC35A6;07.06.2018;06:48:54;;0;-;;
1891;Trovan Unique;0006CC35A6;07.06.2018;06:48:55;;0;-;;
1892;Trovan Unique;0006CC35A6;07.06.2018;06:48:56;;0;-;;
1893;Trovan Unique;0006CC35A6;07.06.2018;06:48:57;;0;-;;
1894;Trovan Unique;0006CC35A6;07.06.2018;06:48:58;;0;-;;
1895;Trovan Unique;0006CC35A6;07.06.2018;06:48:59;;0;-;;
1896;Trovan Unique;0006CC35A6;07.06.2018;06:49:00;;0;-;;
1897;Trovan Unique;0006CC35A6;07.06.2018;06:49:01;;0;-;;
1898;Trovan Unique;0006CC35A6;07.06.2018;06:49:01;;0;-;;
1899;Trovan Unique;0006CC35A6;07.06.2018;06:49:02;;0;-;;
1900;Trovan Unique;0006CC35A6;07.06.2018;06:49:03;;0;-;;
1901;Trovan Unique;0006CC35A6;07.06.2018;06:49:04;;0;-;;
1902;Trovan Unique;0006CC35A6;07.06.2018;06:49:05;;0;-;;
1903;Trovan Unique;0006CC35A6;07.06.2018;06:49:06;;0;-;;
1904;Trovan Unique;0006CC35A6;07.06.2018;06:49:07;;0;-;;
1905;Trovan Unique;0006CC35A6;07.06.2018;06:49:08;;0;-;;
1906;Trovan Unique;0006CC35A6;07.06.2018;06:49:09;;0;-;;
1907;Trovan Unique;0006CC35A6;07.06.2018;06:49:10;;0;-;;
1908;Trovan Unique;0006CC35A6;07.06.2018;06:49:11;;0;-;;
1909;Trovan Unique;0006CC35A6;07.06.2018;06:49:11;;0;-;;
1910;Trovan Unique;0006CC35A6;07.06.2018;06:49:12;;0;-;;
1911;Trovan Unique;0006CC35A6;07.06.2018;06:49:13;;0;-;;
1912;Trovan Unique;0006CC35A6;07.06.2018;06:49:14;;0;-;;
1913;Trovan Unique;0006CC35A6;07.06.2018;06:49:15;;0;-;;
1914;Trovan Unique;0006CC35A6;07.06.2018;06:49:16;;0;-;;
1915;Trovan Unique;0006CC35A6;07.06.2018;06:49:17;;0;-;;
1916;Trovan Unique;0006CC35A6;07.06.2018;06:49:18;;0;-;;
1917;Trovan Unique;0006CC35A6;07.06.2018;06:49:19;;0;-;;
1918;Trovan Unique;0006CC35A6;07.06.2018;06:49:20;;0;-;;
1919;Trovan Unique;0006CC35A6;07.06.2018;06:49:21;;0;-;;
1920;Trovan Unique;0006CC35A6;07.06.2018;06:49:21;;0;-;;
1921;Trovan Unique;0006CC35A6;07.06.2018;06:49:22;;0;-;;
1922;Trovan Unique;0006CC35A6;07.06.2018;06:49:23;;0;-;;
1923;Trovan Unique;0006CC35A6;07.06.2018;06:49:24;;0;-;;
1924;Trovan Unique;0006CC35A6;07.06.2018;06:49:25;;0;-;;
1925;Trovan Unique;0006CC35A6;07.06.2018;06:49:26;;0;-;;
1926;Trovan Unique;0006CC35A6;07.06.2018;06:49:27;;0;-;;
1927;Trovan Unique;0006CC35A6;07.06.2018;06:49:28;;0;-;;
1928;Trovan Unique;0006CC35A6;07.06.2018;06:49:29;;0;-;;
1929;Trovan Unique;0006CC35A6;07.06.2018;06:49:30;;0;-;;
1930;Trovan Unique;0006CC35A6;07.06.2018;06:49:31;;0;-;;
1931;Trovan Unique;0006CC35A6;07.06.2018;06:49:32;;0;-;;
1932;Trovan Unique;0006CC35A6;07.06.2018;06:49:33;;0;-;;
1933;Trovan Unique;0006CC35A6;07.06.2018;06:49:33;;0;-;;
1934;Trovan Unique;0006CC35A6;07.06.2018;06:49:34;;0;-;;
1935;Trovan Unique;0006CC35A6;07.06.2018;06:49:35;;0;-;;
1936;Trovan Unique;0006CC35A6;07.06.2018;06:49:36;;0;-;;
1937;Trovan Unique;0006CC35A6;07.06.2018;06:49:37;;0;-;;
1938;Trovan Unique;0006CC35A6;07.06.2018;06:49:38;;0;-;;
1939;Trovan Unique;0006CC35A6;07.06.2018;06:49:39;;0;-;;
1940;Trovan Unique;0006CC35A6;07.06.2018;06:49:40;;0;-;;
1941;Trovan Unique;0006CC35A6;07.06.2018;06:49:41;;0;-;;
1942;Trovan Unique;0006CC35A6;07.06.2018;06:49:42;;0;-;;
1943;Trovan Unique;0006CC35A6;07.06.2018;06:49:43;;0;-;;
1944;Trovan Unique;0006CC35A6;07.06.2018;06:49:43;;0;-;;
1945;Trovan Unique;0006CC35A6;07.06.2018;06:49:44;;0;-;;
1946;Trovan Unique;0006CC35A6;07.06.2018;06:49:45;;0;-;;
1947;Trovan Unique;0006CC35A6;07.06.2018;06:49:46;;0;-;;
1948;Trovan Unique;0006CC35A6;07.06.2018;06:49:47;;0;-;;
1949;Trovan Unique;0006CC35A6;07.06.2018;06:49:48;;0;-;;
1950;Trovan Unique;0006CC35A6;07.06.2018;06:49:49;;0;-;;
1951;Trovan Unique;0006CC35A6;07.06.2018;06:49:50;;0;-;;
1952;Trovan Unique;0006CC35A6;07.06.2018;06:49:51;;0;-;;
1953;Trovan Unique;0006CC35A6;07.06.2018;06:49:52;;0;-;;
1954;Trovan Unique;0006CC35A6;07.06.2018;06:49:53;;0;-;;
1955;Trovan Unique;0006CC35A6;07.06.2018;06:49:53;;0;-;;
1956;Trovan Unique;0006CC35A6;07.06.2018;06:49:54;;0;-;;
1957;Trovan Unique;0006CC35A6;07.06.2018;06:49:55;;0;-;;
1958;Trovan Unique;0006CC35A6;07.06.2018;06:49:56;;0;-;;
1959;Trovan Unique;0006CC35A6;07.06.2018;06:49:57;;0;-;;
1960;Trovan Unique;0006CC35A6;07.06.2018;06:49:58;;0;-;;
1961;Trovan Unique;0006CC35A6;07.06.2018;06:49:59;;0;-;;
1962;Trovan Unique;0006CC35A6;07.06.2018;06:50:00;;0;-;;
1963;Trovan Unique;0006CC35A6;07.06.2018;06:50:01;;0;-;;
1964;Trovan Unique;0006CC35A6;07.06.2018;06:50:01;;0;-;;
1965;Trovan Unique;0006CC35A6;07.06.2018;06:50:02;;0;-;;
1966;Trovan Unique;0006CC35A6;07.06.2018;06:50:03;;0;-;;
1967;Trovan Unique;0006CC35A6;07.06.2018;06:50:04;;0;-;;
1968;Trovan Unique;0006CC35A6;07.06.2018;06:50:05;;0;-;;
1969;Trovan Unique;0006CC35A6;07.06.2018;06:50:06;;0;-;;
1970;Trovan Unique;0006CC35A6;07.06.2018;06:50:07;;0;-;;
1971;Trovan Unique;0006CC35A6;07.06.2018;06:50:08;;0;-;;
1972;Trovan Unique;0006CC35A6;07.06.2018;06:50:09;;0;-;;
1973;Trovan Unique;0006CC35A6;07.06.2018;06:50:10;;0;-;;
1974;Trovan Unique;0006CC35A6;07.06.2018;06:50:11;;0;-;;
1975;Trovan Unique;0006CC35A6;07.06.2018;06:50:11;;0;-;;
1976;Trovan Unique;0006CC35A6;07.06.2018;06:50:12;;0;-;;
1977;Trovan Unique;0006CC35A6;07.06.2018;06:50:13;;0;-;;
1978;Trovan Unique;0006CC35A6;07.06.2018;06:50:14;;0;-;;
1979;Trovan Unique;0006CC35A6;07.06.2018;06:50:15;;0;-;;
1980;Trovan Unique;0006CC35A6;07.06.2018;06:50:16;;0;-;;
1981;Trovan Unique;0006CC35A6;07.06.2018;06:50:17;;0;-;;
1982;Trovan Unique;0006CC35A6;07.06.2018;06:50:18;;0;-;;
1983;Trovan Unique;0006CC35A6;07.06.2018;06:50:19;;0;-;;
1984;Trovan Unique;0006CC35A6;07.06.2018;06:50:19;;0;-;;
1985;Trovan Unique;0006CC35A6;07.06.2018;06:50:20;;0;-;;
1986;Trovan Unique;0006CC35A6;07.06.2018;06:50:21;;0;-;;
1987;Trovan Unique;0006CC35A6;07.06.2018;06:50:22;;0;-;;
1988;Trovan Unique;0006CC35A6;07.06.2018;06:50:23;;0;-;;
1989;Trovan Unique;0006CC35A6;07.06.2018;06:50:24;;0;-;;
1990;Trovan Unique;0006CC35A6;07.06.2018;06:50:25;;0;-;;
1991;Trovan Unique;0006CC35A6;07.06.2018;06:50:26;;0;-;;
1992;Trovan Unique;0006CC35A6;07.06.2018;06:50:27;;0;-;;
1993;Trovan Unique;0006CC35A6;07.06.2018;06:50:40;;0;-;;
1994;Trovan Unique;0006CC35A6;07.06.2018;06:50:44;;0;-;;
1995;Trovan Unique;0006CC35A6;07.06.2018;06:50:48;;0;-;;
1996;Trovan Unique;0006CC35A6;07.06.2018;06:50:49;;0;-;;
1997;Trovan Unique;0006CC35A6;07.06.2018;06:50:50;;0;-;;
1998;Trovan Unique;0006CC35A6;07.06.2018;06:50:51;;0;-;;
1999;Trovan Unique;0006CC35A6;07.06.2018;06:50:52;;0;-;;
2000;Trovan Unique;0006CC35A6;07.06.2018;06:50:56;;0;-;;
2001;Trovan Unique;0006CC35A6;07.06.2018;06:51:03;;0;-;;
2002;Trovan Unique;0006CC35A6;07.06.2018;06:51:12;;0;-;;
2003;Trovan Unique;0006CC35A6;07.06.2018;06:51:16;;0;-;;
2004;Trovan Unique;0006CC35A6;07.06.2018;06:51:17;;0;-;;
2005;Trovan Unique;0006CC35A6;07.06.2018;06:51:18;;0;-;;
2006;Trovan Unique;0006CC35A6;07.06.2018;06:51:34;;0;-;;
2007;Trovan Unique;0006CC35A6;07.06.2018;06:51:39;;0;-;;
2008;Trovan Unique;0006CC35A6;07.06.2018;06:51:40;;0;-;;
2009;Trovan Unique;0006CC35A6;07.06.2018;06:51:42;;0;-;;
2010;Trovan Unique;0006CC35A6;07.06.2018;06:51:44;;0;-;;
2011;Trovan Unique;0006CC35A6;07.06.2018;06:51:45;;0;-;;
2012;Trovan Unique;0006CC35A6;07.06.2018;06:51:46;;0;-;;
2013;Trovan Unique;0006CC35A6;07.06.2018;06:51:47;;0;-;;
2014;Trovan Unique;0006CC35A6;07.06.2018;06:51:48;;0;-;;
2015;Trovan Unique;0006CC35A6;07.06.2018;06:51:49;;0;-;;
2016;Trovan Unique;0006CC35A6;07.06.2018;06:51:50;;0;-;;
2017;Trovan Unique;0006CC35A6;07.06.2018;06:51:51;;0;-;;
2018;Trovan Unique;0006CC35A6;07.06.2018;06:51:52;;0;-;;
2019;Trovan Unique;0006CC35A6;07.06.2018;06:51:54;;0;-;;
2020;Trovan Unique;0006CC35A6;07.06.2018;06:51:55;;0;-;;
2021;Trovan Unique;0006CC35A6;07.06.2018;06:51:56;;0;-;;
2022;Trovan Unique;0006CC35A6;07.06.2018;06:51:56;;0;-;;
2023;Trovan Unique;0006CC35A6;07.06.2018;06:51:57;;0;-;;
2024;Trovan Unique;0006CC35A6;07.06.2018;06:51:58;;0;-;;
2025;Trovan Unique;0006CC35A6;07.06.2018;06:51:59;;0;-;;
2026;Trovan Unique;0006CC35A6;07.06.2018;06:52:00;;0;-;;
2027;Trovan Unique;0006CC35A6;07.06.2018;06:52:01;;0;-;;
2028;Trovan Unique;0006CC35A6;07.06.2018;06:52:02;;0;-;;
2029;Trovan Unique;0006CC35A6;07.06.2018;06:52:03;;0;-;;
2030;Trovan Unique;0006CC35A6;07.06.2018;06:52:04;;0;-;;
2031;Trovan Unique;0006CC35A6;07.06.2018;06:52:05;;0;-;;
2032;Trovan Unique;0006CC35A6;07.06.2018;06:52:05;;0;-;;
2033;Trovan Unique;0006CC35A6;07.06.2018;06:52:06;;0;-;;
2034;Trovan Unique;0006CC35A6;07.06.2018;06:52:07;;0;-;;
2035;Trovan Unique;0006CC35A6;07.06.2018;06:52:08;;0;-;;
2036;Trovan Unique;0006CC35A6;07.06.2018;06:52:09;;0;-;;
2037;Trovan Unique;0006CC35A6;07.06.2018;06:52:10;;0;-;;
2038;Trovan Unique;0006CC35A6;07.06.2018;06:52:11;;0;-;;
2039;Trovan Unique;0006CC35A6;07.06.2018;06:52:12;;0;-;;
2040;Trovan Unique;0006CC35A6;07.06.2018;06:52:13;;0;-;;
2041;Trovan Unique;0006CC35A6;07.06.2018;06:52:14;;0;-;;
2042;Trovan Unique;0006CC35A6;07.06.2018;06:52:15;;0;-;;
2043;Trovan Unique;0006CC35A6;07.06.2018;06:52:15;;0;-;;
2044;Trovan Unique;0006CC35A6;07.06.2018;06:52:16;;0;-;;
2045;Trovan Unique;0006CC35A6;07.06.2018;06:52:17;;0;-;;
2046;Trovan Unique;0006CC35A6;07.06.2018;06:52:18;;0;-;;
2047;Trovan Unique;0006CC35A6;07.06.2018;06:52:19;;0;-;;
2048;Trovan Unique;0006CC35A6;07.06.2018;06:52:20;;0;-;;
2049;Trovan Unique;0006CC35A6;07.06.2018;06:52:21;;0;-;;
2050;Trovan Unique;0006CC35A6;07.06.2018;06:52:22;;0;-;;
2051;Trovan Unique;0006CC35A6;07.06.2018;06:52:23;;0;-;;
2052;Trovan Unique;0006CC35A6;07.06.2018;06:52:24;;0;-;;
2053;Trovan Unique;0006CC35A6;07.06.2018;06:52:24;;0;-;;
2054;Trovan Unique;0006CC35A6;07.06.2018;06:52:25;;0;-;;
2055;Trovan Unique;0006CC35A6;07.06.2018;06:52:26;;0;-;;
2056;Trovan Unique;0006CC35A6;07.06.2018;06:52:27;;0;-;;
2057;Trovan Unique;0006CC35A6;07.06.2018;06:52:28;;0;-;;
2058;Trovan Unique;0006CC35A6;07.06.2018;06:52:29;;0;-;;
2059;Trovan Unique;0006CC35A6;07.06.2018;06:52:30;;0;-;;
2060;Trovan Unique;0006CC35A6;07.06.2018;06:52:31;;0;-;;
2061;Trovan Unique;0006CC35A6;07.06.2018;06:52:32;;0;-;;
2062;Trovan Unique;0006CC35A6;07.06.2018;06:52:32;;0;-;;
2063;Trovan Unique;0006CC35A6;07.06.2018;06:52:33;;0;-;;
2064;Trovan Unique;0006CC35A6;07.06.2018;06:52:34;;0;-;;
2065;Trovan Unique;0006CC35A6;07.06.2018;06:52:35;;0;-;;
2066;Trovan Unique;0006CC35A6;07.06.2018;06:52:36;;0;-;;
2067;Trovan Unique;0006CC35A6;07.06.2018;06:52:37;;0;-;;
2068;Trovan Unique;0006CC35A6;07.06.2018;06:52:38;;0;-;;
2069;Trovan Unique;0006CC35A6;07.06.2018;06:52:39;;0;-;;
2070;Trovan Unique;0006CC35A6;07.06.2018;06:52:40;;0;-;;
2071;Trovan Unique;0006CC35A6;07.06.2018;06:52:41;;0;-;;
2072;Trovan Unique;0006CC35A6;07.06.2018;06:52:42;;0;-;;
2073;Trovan Unique;0006CC35A6;07.06.2018;06:52:42;;0;-;;
2074;Trovan Unique;0006CC35A6;07.06.2018;06:52:43;;0;-;;
2075;Trovan Unique;0006CC35A6;07.06.2018;06:52:44;;0;-;;
2076;Trovan Unique;0006CC35A6;07.06.2018;06:52:45;;0;-;;
2077;Trovan Unique;0006CC35A6;07.06.2018;06:52:46;;0;-;;
2078;Trovan Unique;0006CC35A6;07.06.2018;06:52:47;;0;-;;
2079;Trovan Unique;0006CC35A6;07.06.2018;06:52:48;;0;-;;
2080;Trovan Unique;0006CC35A6;07.06.2018;06:52:49;;0;-;;
2081;Trovan Unique;0006CC35A6;07.06.2018;06:52:50;;0;-;;
2082;Trovan Unique;0006CC35A6;07.06.2018;06:52:51;;0;-;;
2083;Trovan Unique;0006CC35A6;07.06.2018;06:52:52;;0;-;;
2084;Trovan Unique;0006CC35A6;07.06.2018;06:52:53;;0;-;;
2085;Trovan Unique;0006CC35A6;07.06.2018;06:52:53;;0;-;;
2086;Trovan Unique;0006CC35A6;07.06.2018;06:52:54;;0;-;;
2087;Trovan Unique;0006CC35A6;07.06.2018;06:52:55;;0;-;;
2088;Trovan Unique;0006CC35A6;07.06.2018;06:52:56;;0;-;;
2089;Trovan Unique;0006CC35A6;07.06.2018;06:52:57;;0;-;;
2090;Trovan Unique;0006CC35A6;07.06.2018;06:52:58;;0;-;;
2091;Trovan Unique;0006CC35A6;07.06.2018;06:52:59;;0;-;;
2092;Trovan Unique;0006CC35A6;07.06.2018;06:53:00;;0;-;;
2093;Trovan Unique;0006CC35A6;07.06.2018;06:53:01;;0;-;;
2094;Trovan Unique;0006CC35A6;07.06.2018;06:53:02;;0;-;;
2095;Trovan Unique;0006CC35A6;07.06.2018;06:53:03;;0;-;;
2096;Trovan Unique;0006CC35A6;07.06.2018;06:53:03;;0;-;;
2097;Trovan Unique;0006CC35A6;07.06.2018;06:53:04;;0;-;;
2098;Trovan Unique;0006CC35A6;07.06.2018;06:53:05;;0;-;;
2099;Trovan Unique;0006CC35A6;07.06.2018;06:53:06;;0;-;;
2100;Trovan Unique;0006CC35A6;07.06.2018;06:53:07;;0;-;;
2101;Trovan Unique;0006CC35A6;07.06.2018;06:53:08;;0;-;;
2102;Trovan Unique;0006CC35A6;07.06.2018;06:53:09;;0;-;;
2103;Trovan Unique;0006CC35A6;07.06.2018;06:53:10;;0;-;;
2104;Trovan Unique;0006CC35A6;07.06.2018;06:53:11;;0;-;;
2105;Trovan Unique;0006CC35A6;07.06.2018;06:53:12;;0;-;;
2106;Trovan Unique;0006CC35A6;07.06.2018;06:53:13;;0;-;;
2107;Trovan Unique;0006CC35A6;07.06.2018;06:53:14;;0;-;;
2108;Trovan Unique;0006CC35A6;07.06.2018;06:53:14;;0;-;;
2109;Trovan Unique;0006CC35A6;07.06.2018;06:53:15;;0;-;;
2110;Trovan Unique;0006CC35A6;07.06.2018;06:53:16;;0;-;;
2111;Trovan Unique;0006CC35A6;07.06.2018;06:53:17;;0;-;;
2112;Trovan Unique;0006CC35A6;07.06.2018;06:53:18;;0;-;;
2113;Trovan Unique;0006CC35A6;07.06.2018;06:53:19;;0;-;;
2114;Trovan Unique;0006CC35A6;07.06.2018;06:53:20;;0;-;;
2115;Trovan Unique;0006CC35A6;07.06.2018;06:53:21;;0;-;;
2116;Trovan Unique;0006CC35A6;07.06.2018;06:53:22;;0;-;;
2117;Trovan Unique;0006CC35A6;07.06.2018;06:53:23;;0;-;;
2118;Trovan Unique;0006CC35A6;07.06.2018;06:53:24;;0;-;;
2119;Trovan Unique;0006CC35A6;07.06.2018;06:53:25;;0;-;;
2120;Trovan Unique;0006CC35A6;07.06.2018;06:53:26;;0;-;;
2121;Trovan Unique;0006CC35A6;07.06.2018;06:53:27;;0;-;;
2122;Trovan Unique;0006CC35A6;07.06.2018;06:53:28;;0;-;;
2123;Trovan Unique;0006CC35A6;07.06.2018;06:53:29;;0;-;;
2124;Trovan Unique;0006CC35A6;07.06.2018;06:53:33;;0;-;;
2125;Trovan Unique;0006CC35A6;07.06.2018;06:53:34;;0;-;;
2126;Trovan Unique;0006CC35A6;07.06.2018;06:53:34;;0;-;;
2127;Trovan Unique;0006CC35A6;07.06.2018;06:53:35;;0;-;;
2128;Trovan Unique;0006CC35A6;07.06.2018;06:53:36;;0;-;;
2129;Trovan Unique;0006CC35A6;07.06.2018;06:53:37;;0;-;;
2130;Trovan Unique;0006CC35A6;07.06.2018;06:53:38;;0;-;;
2131;Trovan Unique;0006CC35A6;07.06.2018;06:53:39;;0;-;;
2132;Trovan Unique;0006CC35A6;07.06.2018;06:53:47;;0;-;;
2133;Trovan Unique;0006CC35A6;07.06.2018;06:54:02;;0;-;;
2134;Trovan Unique;0006CC35A6;07.06.2018;06:54:03;;0;-;;
2135;Trovan Unique;0006CC35A6;07.06.2018;06:54:04;;0;-;;
2136;Trovan Unique;0006CC35A6;07.06.2018;06:54:05;;0;-;;
2137;Trovan Unique;0006CC35A6;07.06.2018;06:54:06;;0;-;;
2138;Trovan Unique;0006CC35A6;07.06.2018;06:54:07;;0;-;;
2139;Trovan Unique;0006CC35A6;07.06.2018;06:54:08;;0;-;;
2140;Trovan Unique;0006CC35A6;07.06.2018;06:54:09;;0;-;;
2141;Trovan Unique;0006CC35A6;07.06.2018;06:54:09;;0;-;;
2142;Trovan Unique;0006CC35A6;07.06.2018;06:54:10;;0;-;;
2143;Trovan Unique;0006CC35A6;07.06.2018;06:54:11;;0;-;;
2144;Trovan Unique;0006CC35A6;07.06.2018;06:54:12;;0;-;;
2145;Trovan Unique;0006CC35A6;07.06.2018;06:54:13;;0;-;;
2146;Trovan Unique;0006CC35A6;07.06.2018;06:54:14;;0;-;;
2147;Trovan Unique;0006CC35A6;07.06.2018;06:54:15;;0;-;;
2148;Trovan Unique;0006CC35A6;07.06.2018;06:54:16;;0;-;;
2149;Trovan Unique;0006CC35A6;07.06.2018;06:54:17;;0;-;;
2150;Trovan Unique;0006CC35A6;07.06.2018;06:54:18;;0;-;;
2151;Trovan Unique;0006CC35A6;07.06.2018;06:54:19;;0;-;;
2152;Trovan Unique;0006CC35A6;07.06.2018;06:54:19;;0;-;;
2153;Trovan Unique;0006CC35A6;07.06.2018;06:54:20;;0;-;;
2154;Trovan Unique;0006CC35A6;07.06.2018;06:54:21;;0;-;;
2155;Trovan Unique;0006CC35A6;07.06.2018;06:54:22;;0;-;;
2156;Trovan Unique;0006CC35A6;07.06.2018;06:54:23;;0;-;;
2157;Trovan Unique;0006CC35A6;07.06.2018;06:54:24;;0;-;;
2158;Trovan Unique;0006CC35A6;07.06.2018;06:54:25;;0;-;;
2159;Trovan Unique;0006CC35A6;07.06.2018;06:54:26;;0;-;;
2160;Trovan Unique;0006CC35A6;07.06.2018;06:54:27;;0;-;;
2161;Trovan Unique;0006CC35A6;07.06.2018;06:54:28;;0;-;;
2162;Trovan Unique;0006CC35A6;07.06.2018;06:54:28;;0;-;;
2163;Trovan Unique;0006CC35A6;07.06.2018;06:54:29;;0;-;;
2164;Trovan Unique;0006CC35A6;07.06.2018;06:54:30;;0;-;;
2165;Trovan Unique;0006CC35A6;07.06.2018;06:54:31;;0;-;;
2166;Trovan Unique;0006CC35A6;07.06.2018;06:54:32;;0;-;;
2167;Trovan Unique;0006CC35A6;07.06.2018;06:54:33;;0;-;;
2168;Trovan Unique;0006CC35A6;07.06.2018;06:54:34;;0;-;;
2169;Trovan Unique;0006CC35A6;07.06.2018;06:54:35;;0;-;;
2170;Trovan Unique;0006CC35A6;07.06.2018;06:54:36;;0;-;;
2171;Trovan Unique;0006CC35A6;07.06.2018;06:54:37;;0;-;;
2172;Trovan Unique;0006CC35A6;07.06.2018;06:54:37;;0;-;;
2173;Trovan Unique;0006CC35A6;07.06.2018;06:54:38;;0;-;;
2174;Trovan Unique;0006CC35A6;07.06.2018;06:54:39;;0;-;;
2175;Trovan Unique;0006CC35A6;07.06.2018;06:54:40;;0;-;;
2176;Trovan Unique;0006CC35A6;07.06.2018;06:54:41;;0;-;;
2177;Trovan Unique;0006CC35A6;07.06.2018;06:54:42;;0;-;;
2178;Trovan Unique;0006CC35A6;07.06.2018;06:54:43;;0;-;;
2179;Trovan Unique;0006CC35A6;07.06.2018;06:54:44;;0;-;;
2180;Trovan Unique;0006CC35A6;07.06.2018;06:54:45;;0;-;;
2181;Trovan Unique;0006CC35A6;07.06.2018;06:54:45;;0;-;;
2182;Trovan Unique;0006CC35A6;07.06.2018;06:54:46;;0;-;;
2183;Trovan Unique;0006CC35A6;07.06.2018;06:54:47;;0;-;;
2184;Trovan Unique;0006CC35A6;07.06.2018;06:54:48;;0;-;;
2185;Trovan Unique;0006CC35A6;07.06.2018;06:54:49;;0;-;;
2186;Trovan Unique;0006CC35A6;07.06.2018;06:54:50;;0;-;;
2187;Trovan Unique;0006CC35A6;07.06.2018;06:54:51;;0;-;;
2188;Trovan Unique;0006CC35A6;07.06.2018;06:54:52;;0;-;;
2189;Trovan Unique;0006CC35A6;07.06.2018;06:54:53;;0;-;;
2190;Trovan Unique;0006CC35A6;07.06.2018;06:54:54;;0;-;;
2191;Trovan Unique;0006CC35A6;07.06.2018;06:54:55;;0;-;;
2192;Trovan Unique;0006CC35A6;07.06.2018;06:54:55;;0;-;;
2193;Trovan Unique;0006CC35A6;07.06.2018;06:54:56;;0;-;;
2194;Trovan Unique;0006CC35A6;07.06.2018;06:54:57;;0;-;;
2195;Trovan Unique;0006CC35A6;07.06.2018;06:54:58;;0;-;;
2196;Trovan Unique;0006CC35A6;07.06.2018;06:54:59;;0;-;;
2197;Trovan Unique;0006CC35A6;07.06.2018;06:55:00;;0;-;;
2198;Trovan Unique;0006CC35A6;07.06.2018;06:55:01;;0;-;;
2199;Trovan Unique;0006CC35A6;07.06.2018;06:55:02;;0;-;;
2200;Trovan Unique;0006CC35A6;07.06.2018;06:55:03;;0;-;;
2201;Trovan Unique;0006CC35A6;07.06.2018;06:55:04;;0;-;;
2202;Trovan Unique;0006CC35A6;07.06.2018;06:55:04;;0;-;;
2203;Trovan Unique;0006CC35A6;07.06.2018;06:55:05;;0;-;;
2204;Trovan Unique;0006CC35A6;07.06.2018;06:55:06;;0;-;;
2205;Trovan Unique;0006CC35A6;07.06.2018;06:55:07;;0;-;;
2206;Trovan Unique;0006CC35A6;07.06.2018;06:55:08;;0;-;;
2207;Trovan Unique;0006CC35A6;07.06.2018;06:55:09;;0;-;;
2208;Trovan Unique;0006CC35A6;07.06.2018;06:55:10;;0;-;;
2209;Trovan Unique;0006CC35A6;07.06.2018;06:55:11;;0;-;;
2210;Trovan Unique;0006CC35A6;07.06.2018;06:55:12;;0;-;;
2211;Trovan Unique;0006CC35A6;07.06.2018;06:55:13;;0;-;;
2212;Trovan Unique;0006CC35A6;07.06.2018;06:55:14;;0;-;;
2213;Trovan Unique;0006CC35A6;07.06.2018;06:55:15;;0;-;;
2214;Trovan Unique;0006CC35A6;07.06.2018;06:55:15;;0;-;;
2215;Trovan Unique;0006CC35A6;07.06.2018;06:55:16;;0;-;;
2216;Trovan Unique;0006CC35A6;07.06.2018;06:55:17;;0;-;;
2217;Trovan Unique;0006CC35A6;07.06.2018;06:55:18;;0;-;;
2218;Trovan Unique;0006CC35A6;07.06.2018;06:55:19;;0;-;;
2219;Trovan Unique;0006CC35A6;07.06.2018;06:55:20;;0;-;;
2220;Trovan Unique;0006CC35A6;07.06.2018;06:55:21;;0;-;;
2221;Trovan Unique;0006CC35A6;07.06.2018;06:55:22;;0;-;;
2222;Trovan Unique;0006CC35A6;07.06.2018;06:55:23;;0;-;;
2223;Trovan Unique;0006CC35A6;07.06.2018;06:55:23;;0;-;;
2224;Trovan Unique;0006CC35A6;07.06.2018;06:55:24;;0;-;;
2225;Trovan Unique;0006CC35A6;07.06.2018;06:55:25;;0;-;;
2226;Trovan Unique;0006CC35A6;07.06.2018;06:55:26;;0;-;;
2227;Trovan Unique;0006CC35A6;07.06.2018;06:55:27;;0;-;;
2228;Trovan Unique;0006CC35A6;07.06.2018;06:55:28;;0;-;;
2229;Trovan Unique;0006CC35A6;07.06.2018;06:55:29;;0;-;;
2230;Trovan Unique;0006CC35A6;07.06.2018;06:55:30;;0;-;;
2231;Trovan Unique;0006CC35A6;07.06.2018;06:55:31;;0;-;;
2232;Trovan Unique;0006CC35A6;07.06.2018;06:55:32;;0;-;;
2233;Trovan Unique;0006CC35A6;07.06.2018;06:55:32;;0;-;;
2234;Trovan Unique;0006CC35A6;07.06.2018;06:55:33;;0;-;;
2235;Trovan Unique;0006CC35A6;07.06.2018;06:55:34;;0;-;;
2236;Trovan Unique;0006CC35A6;07.06.2018;06:55:35;;0;-;;
2237;Trovan Unique;0006CC35A6;07.06.2018;06:55:36;;0;-;;
2238;Trovan Unique;0006CC35A6;07.06.2018;06:55:37;;0;-;;
2239;Trovan Unique;0006CC35A6;07.06.2018;06:55:38;;0;-;;
2240;Trovan Unique;0006CC35A6;07.06.2018;06:55:39;;0;-;;
2241;Trovan Unique;0006CC35A6;07.06.2018;06:55:40;;0;-;;
2242;Trovan Unique;0006CC35A6;07.06.2018;06:55:41;;0;-;;
2243;Trovan Unique;0006CC35A6;07.06.2018;06:55:42;;0;-;;
2244;Trovan Unique;0006CC35A6;07.06.2018;06:55:43;;0;-;;
2245;Trovan Unique;0006CC35A6;07.06.2018;06:55:43;;0;-;;
2246;Trovan Unique;0006CC35A6;07.06.2018;06:55:44;;0;-;;
2247;Trovan Unique;0006CC35A6;07.06.2018;06:55:45;;0;-;;
2248;Trovan Unique;0006CC35A6;07.06.2018;06:55:46;;0;-;;
2249;Trovan Unique;0006CC35A6;07.06.2018;06:55:47;;0;-;;
2250;Trovan Unique;0006CC35A6;07.06.2018;06:55:48;;0;-;;
2251;Trovan Unique;0006CC35A6;07.06.2018;06:55:49;;0;-;;
2252;Trovan Unique;0006CC35A6;07.06.2018;06:55:50;;0;-;;
2253;Trovan Unique;0006CC35A6;07.06.2018;06:55:51;;0;-;;
2254;Trovan Unique;0006CC35A6;07.06.2018;06:55:52;;0;-;;
2255;Trovan Unique;0006CC35A6;07.06.2018;06:55:52;;0;-;;
2256;Trovan Unique;0006CC35A6;07.06.2018;06:55:53;;0;-;;
2257;Trovan Unique;0006CC35A6;07.06.2018;06:55:54;;0;-;;
2258;Trovan Unique;0006CC35A6;07.06.2018;06:55:55;;0;-;;
2259;Trovan Unique;0006CC35A6;07.06.2018;06:55:56;;0;-;;
2260;Trovan Unique;0006CC35A6;07.06.2018;06:55:57;;0;-;;
2261;Trovan Unique;0006CC35A6;07.06.2018;06:55:58;;0;-;;
2262;Trovan Unique;0006CC35A6;07.06.2018;06:55:59;;0;-;;
2263;Trovan Unique;0006CC35A6;07.06.2018;06:56:00;;0;-;;
2264;Trovan Unique;0006CC35A6;07.06.2018;06:56:01;;0;-;;
2265;Trovan Unique;0006CC35A6;07.06.2018;06:56:02;;0;-;;
2266;Trovan Unique;0006CC35A6;07.06.2018;06:56:02;;0;-;;
2267;Trovan Unique;0006CC35A6;07.06.2018;06:56:03;;0;-;;
2268;Trovan Unique;0006CC35A6;07.06.2018;06:56:04;;0;-;;
2269;Trovan Unique;0006CC35A6;07.06.2018;06:56:05;;0;-;;
2270;Trovan Unique;0006CC35A6;07.06.2018;06:56:06;;0;-;;
2271;Trovan Unique;0006CC35A6;07.06.2018;06:56:07;;0;-;;
2272;Trovan Unique;0006CC35A6;07.06.2018;06:56:08;;0;-;;
2273;Trovan Unique;0006CC35A6;07.06.2018;06:56:09;;0;-;;
2274;Trovan Unique;0006CC35A6;07.06.2018;06:56:10;;0;-;;
2275;Trovan Unique;0006CC35A6;07.06.2018;06:56:11;;0;-;;
2276;Trovan Unique;0006CC35A6;07.06.2018;06:56:12;;0;-;;
2277;Trovan Unique;0006CC35A6;07.06.2018;06:56:12;;0;-;;
2278;Trovan Unique;0006CC35A6;07.06.2018;06:56:13;;0;-;;
2279;Trovan Unique;0006CC35A6;07.06.2018;06:56:14;;0;-;;
2280;Trovan Unique;0006CC35A6;07.06.2018;06:56:15;;0;-;;
2281;Trovan Unique;0006CC35A6;07.06.2018;06:56:16;;0;-;;
2282;Trovan Unique;0006CC35A6;07.06.2018;06:56:17;;0;-;;
2283;Trovan Unique;0006CC35A6;07.06.2018;06:56:18;;0;-;;
2284;Trovan Unique;0006CC35A6;07.06.2018;06:56:19;;0;-;;
2285;Trovan Unique;0006CC35A6;07.06.2018;06:56:20;;0;-;;
2286;Trovan Unique;0006CC35A6;07.06.2018;06:56:21;;0;-;;
2287;Trovan Unique;0006CC35A6;07.06.2018;06:56:21;;0;-;;
2288;Trovan Unique;0006CC35A6;07.06.2018;06:56:22;;0;-;;
2289;Trovan Unique;0006CC35A6;07.06.2018;06:56:23;;0;-;;
2290;Trovan Unique;0006CC35A6;07.06.2018;06:56:24;;0;-;;
2291;Trovan Unique;0006CC35A6;07.06.2018;06:56:25;;0;-;;
2292;Trovan Unique;0006CC35A6;07.06.2018;06:56:26;;0;-;;
2293;Trovan Unique;0006CC35A6;07.06.2018;06:56:27;;0;-;;
2294;Trovan Unique;0006CC35A6;07.06.2018;06:56:28;;0;-;;
2295;Trovan Unique;0006CC35A6;07.06.2018;06:56:29;;0;-;;
2296;Trovan Unique;0006CC35A6;07.06.2018;06:56:30;;0;-;;
2297;Trovan Unique;0006CC35A6;07.06.2018;06:56:31;;0;-;;
2298;Trovan Unique;0006CC35A6;07.06.2018;06:56:31;;0;-;;
2299;Trovan Unique;0006CC35A6;07.06.2018;06:56:32;;0;-;;
2300;Trovan Unique;0006CC35A6;07.06.2018;06:56:33;;0;-;;
2301;Trovan Unique;0006CC35A6;07.06.2018;06:56:34;;0;-;;
2302;Trovan Unique;0006CC35A6;07.06.2018;06:56:35;;0;-;;
2303;Trovan Unique;0006CC35A6;07.06.2018;06:56:36;;0;-;;
2304;Trovan Unique;0006CC35A6;07.06.2018;06:56:37;;0;-;;
2305;Trovan Unique;0006CC35A6;07.06.2018;06:56:38;;0;-;;
2306;Trovan Unique;0006CC35A6;07.06.2018;06:56:39;;0;-;;
2307;Trovan Unique;0006CC35A6;07.06.2018;06:56:40;;0;-;;
2308;Trovan Unique;0006CC35A6;07.06.2018;06:56:40;;0;-;;
2309;Trovan Unique;0006CC35A6;07.06.2018;06:56:41;;0;-;;
2310;Trovan Unique;0006CC35A6;07.06.2018;06:56:42;;0;-;;
2311;Trovan Unique;0006CC35A6;07.06.2018;06:56:43;;0;-;;
2312;Trovan Unique;0006CC35A6;07.06.2018;06:56:44;;0;-;;
2313;Trovan Unique;0006CC35A6;07.06.2018;06:56:45;;0;-;;
2314;Trovan Unique;0006CC35A6;07.06.2018;07:03:57;;0;-;;
2315;Trovan Unique;0006CC35A6;07.06.2018;07:05:53;;0;-;;
2316;Trovan Unique;0006CC35A6;07.06.2018;07:05:54;;0;-;;
2317;Trovan Unique;0006CC35A6;07.06.2018;07:05:55;;0;-;;
2318;Trovan Unique;0006CC35A6;07.06.2018;07:05:56;;0;-;;
2319;Trovan Unique;0006CC35A6;07.06.2018;07:05:57;;0;-;;
2320;Trovan Unique;0006CC35A6;07.06.2018;07:06:01;;0;-;;
2321;Trovan Unique;0006CC35A6;07.06.2018;07:06:01;;0;-;;
2322;Trovan Unique;0006CC35A6;07.06.2018;07:06:02;;0;-;;
2323;Trovan Unique;0006CC35A6;07.06.2018;07:06:03;;0;-;;
2324;Trovan Unique;0006CC35A6;07.06.2018;07:06:08;;0;-;;
2325;Trovan Unique;0006CC35A6;07.06.2018;07:06:09;;0;-;;
2326;Trovan Unique;0006CC35A6;07.06.2018;07:06:10;;0;-;;
2327;Trovan Unique;0006CC35A6;07.06.2018;07:06:13;;0;-;;
2328;Trovan Unique;0006CC35A6;07.06.2018;07:06:14;;0;-;;
2329;Trovan Unique;0006CC35A6;07.06.2018;07:06:18;;0;-;;
2330;Trovan Unique;0006CC35A6;07.06.2018;07:06:19;;0;-;;
2331;Trovan Unique;0006CC35A6;07.06.2018;07:06:22;;0;-;;
2332;Trovan Unique;0006CC35A6;07.06.2018;07:07:39;;0;-;;
2333;Trovan Unique;0006CC35A6;07.06.2018;07:07:48;;0;-;;
2334;Trovan Unique;0006CC35A6;07.06.2018;07:07:50;;0;-;;
2335;Trovan Unique;0006CC35A6;07.06.2018;07:07:51;;0;-;;
2336;Trovan Unique;0006CC35A6;07.06.2018;07:07:52;;0;-;;
2337;Trovan Unique;0006CC35A6;07.06.2018;07:07:53;;0;-;;
2338;Trovan Unique;0006CC35A6;07.06.2018;07:07:54;;0;-;;
2339;Trovan Unique;0006CC35A6;07.06.2018;07:07:55;;0;-;;
2340;Trovan Unique;0006CC35A6;07.06.2018;07:07:56;;0;-;;
2341;Trovan Unique;0006CC35A6;07.06.2018;07:07:57;;0;-;;
2342;Trovan Unique;0006CC35A6;07.06.2018;07:07:57;;0;-;;
2343;Trovan Unique;0006CC35A6;07.06.2018;07:07:58;;0;-;;
2344;Trovan Unique;0006CC35A6;07.06.2018;07:07:59;;0;-;;
2345;Trovan Unique;0006CC35A6;07.06.2018;07:08:00;;0;-;;
2346;Trovan Unique;0006CC35A6;07.06.2018;07:08:01;;0;-;;
2347;Trovan Unique;0006CC35A6;07.06.2018;07:08:02;;0;-;;
2348;Trovan Unique;0006CC35A6;07.06.2018;07:08:03;;0;-;;
2349;Trovan Unique;0006CC35A6;07.06.2018;07:08:04;;0;-;;
2350;Trovan Unique;0006CC35A6;07.06.2018;07:08:05;;0;-;;
2351;Trovan Unique;0006CC35A6;07.06.2018;07:08:05;;0;-;;
2352;Trovan Unique;0006CC35A6;07.06.2018;07:08:06;;0;-;;
2353;Trovan Unique;0006CC35A6;07.06.2018;07:08:07;;0;-;;
2354;Trovan Unique;0006CC35A6;07.06.2018;07:08:08;;0;-;;
2355;Trovan Unique;0006CC35A6;07.06.2018;07:08:09;;0;-;;
2356;Trovan Unique;0006CC35A6;07.06.2018;07:08:10;;0;-;;
2357;Trovan Unique;0006CC35A6;07.06.2018;07:08:11;;0;-;;
2358;Trovan Unique;0006CC35A6;07.06.2018;07:08:12;;0;-;;
2359;Trovan Unique;0006CC35A6;07.06.2018;07:08:13;;0;-;;
2360;Trovan Unique;0006CC35A6;07.06.2018;07:08:14;;0;-;;
2361;Trovan Unique;0006CC35A6;07.06.2018;07:08:15;;0;-;;
2362;Trovan Unique;0006CC35A6;07.06.2018;07:08:16;;0;-;;
2363;Trovan Unique;0006CC35A6;07.06.2018;07:08:16;;0;-;;
2364;Trovan Unique;0006CC35A6;07.06.2018;07:08:17;;0;-;;
2365;Trovan Unique;0006CC35A6;07.06.2018;07:08:18;;0;-;;
2366;Trovan Unique;0006CC35A6;07.06.2018;07:08:19;;0;-;;
2367;Trovan Unique;0006CC35A6;07.06.2018;07:08:20;;0;-;;
2368;Trovan Unique;0006CC35A6;07.06.2018;07:08:21;;0;-;;
2369;Trovan Unique;0006CC35A6;07.06.2018;07:08:22;;0;-;;
2370;Trovan Unique;0006CC35A6;07.06.2018;07:08:23;;0;-;;
2371;Trovan Unique;0006CC35A6;07.06.2018;07:08:24;;0;-;;
2372;Trovan Unique;0006CC35A6;07.06.2018;07:08:25;;0;-;;
2373;Trovan Unique;0006CC35A6;07.06.2018;07:08:26;;0;-;;
2374;Trovan Unique;0006CC35A6;07.06.2018;07:08:27;;0;-;;
2375;Trovan Unique;0006CC35A6;07.06.2018;07:08:28;;0;-;;
2376;Trovan Unique;0006CC35A6;07.06.2018;07:08:28;;0;-;;
2377;Trovan Unique;0006CC35A6;07.06.2018;07:08:29;;0;-;;
2378;Trovan Unique;0006CC35A6;07.06.2018;07:08:30;;0;-;;
2379;Trovan Unique;0006CC35A6;07.06.2018;07:08:31;;0;-;;
2380;Trovan Unique;0006CC35A6;07.06.2018;07:08:32;;0;-;;
2381;Trovan Unique;0006CC35A6;07.06.2018;07:08:33;;0;-;;
2382;Trovan Unique;0006CC35A6;07.06.2018;07:08:34;;0;-;;
2383;Trovan Unique;0006CC35A6;07.06.2018;07:08:35;;0;-;;
2384;Trovan Unique;0006CC35A6;07.06.2018;07:08:36;;0;-;;
2385;Trovan Unique;0006CC35A6;07.06.2018;07:08:36;;0;-;;
2386;Trovan Unique;0006CC35A6;07.06.2018;07:08:37;;0;-;;
2387;Trovan Unique;0006CC35A6;07.06.2018;07:08:39;;0;-;;
2388;Trovan Unique;0006CC35A6;07.06.2018;07:08:40;;0;-;;
2389;Trovan Unique;0006CC35A6;07.06.2018;07:08:41;;0;-;;
2390;Trovan Unique;0006CC35A6;07.06.2018;07:08:42;;0;-;;
2391;Trovan Unique;0006CC35A6;07.06.2018;07:08:43;;0;-;;
2392;Trovan Unique;0006CC35A6;07.06.2018;07:08:43;;0;-;;
2393;Trovan Unique;0006CC35A6;07.06.2018;07:08:44;;0;-;;
2394;Trovan Unique;0006CC35A6;07.06.2018;07:08:45;;0;-;;
2395;Trovan Unique;0006CC35A6;07.06.2018;07:08:46;;0;-;;
2396;Trovan Unique;0006CC35A6;07.06.2018;07:08:47;;0;-;;
2397;Trovan Unique;0006CC35A6;07.06.2018;07:08:48;;0;-;;
2398;Trovan Unique;0006CC35A6;07.06.2018;07:08:49;;0;-;;
2399;Trovan Unique;0006CC35A6;07.06.2018;07:08:50;;0;-;;
2400;Trovan Unique;0006CC35A6;07.06.2018;07:08:51;;0;-;;
2401;Trovan Unique;0006CC35A6;07.06.2018;07:08:52;;0;-;;
2402;Trovan Unique;0006CC35A6;07.06.2018;07:08:52;;0;-;;
2403;Trovan Unique;0006CC35A6;07.06.2018;07:08:53;;0;-;;
2404;Trovan Unique;0006CC35A6;07.06.2018;07:08:54;;0;-;;
2405;Trovan Unique;0006CC35A6;07.06.2018;07:08:55;;0;-;;
2406;Trovan Unique;0006CC35A6;07.06.2018;07:08:56;;0;-;;
2407;Trovan Unique;0006CC35A6;07.06.2018;07:08:57;;0;-;;
2408;Trovan Unique;0006CC35A6;07.06.2018;07:08:58;;0;-;;
2409;Trovan Unique;0006CC35A6;07.06.2018;07:08:59;;0;-;;
2410;Trovan Unique;0006CC35A6;07.06.2018;07:09:00;;0;-;;
2411;Trovan Unique;0006CC35A6;07.06.2018;07:09:01;;0;-;;
2412;Trovan Unique;0006CC35A6;07.06.2018;07:09:01;;0;-;;
2413;Trovan Unique;0006CC35A6;07.06.2018;07:09:05;;0;-;;
2414;Trovan Unique;0006CC35A6;07.06.2018;07:09:06;;0;-;;
2415;Trovan Unique;0006CC35A6;07.06.2018;07:09:07;;0;-;;
2416;Trovan Unique;0006CC35A6;07.06.2018;07:09:08;;0;-;;
2417;Trovan Unique;0006CC35A6;07.06.2018;07:09:09;;0;-;;
2418;Trovan Unique;0006CC35A6;07.06.2018;07:09:10;;0;-;;
2419;Trovan Unique;0006CC35A6;07.06.2018;07:09:10;;0;-;;
2420;Trovan Unique;0006CC35A6;07.06.2018;07:09:11;;0;-;;
2421;Trovan Unique;0006CC35A6;07.06.2018;07:09:12;;0;-;;
2422;Trovan Unique;0006CC35A6;07.06.2018;07:09:13;;0;-;;
2423;Trovan Unique;0006CC35A6;07.06.2018;07:09:14;;0;-;;
2424;Trovan Unique;0006CC35A6;07.06.2018;07:09:15;;0;-;;
2425;Trovan Unique;0006CC35A6;07.06.2018;07:09:16;;0;-;;
2426;Trovan Unique;0006CC35A6;07.06.2018;07:09:17;;0;-;;
2427;Trovan Unique;0006CC35A6;07.06.2018;07:09:18;;0;-;;
2428;Trovan Unique;0006CC35A6;07.06.2018;07:09:18;;0;-;;
2429;Trovan Unique;0006CC35A6;07.06.2018;07:09:19;;0;-;;
2430;Trovan Unique;0006CC35A6;07.06.2018;07:09:20;;0;-;;
2431;Trovan Unique;0006CC35A6;07.06.2018;07:09:21;;0;-;;
2432;Trovan Unique;0006CC35A6;07.06.2018;07:09:22;;0;-;;
2433;Trovan Unique;0006CC35A6;07.06.2018;07:09:23;;0;-;;
2434;Trovan Unique;0006CC35A6;07.06.2018;07:09:24;;0;-;;
2435;Trovan Unique;0006CC35A6;07.06.2018;07:09:25;;0;-;;
2436;Trovan Unique;0006CC35A6;07.06.2018;07:09:26;;0;-;;
2437;Trovan Unique;0006CC35A6;07.06.2018;07:09:27;;0;-;;
2438;Trovan Unique;0006CC35A6;07.06.2018;07:09:27;;0;-;;
2439;Trovan Unique;0006CC35A6;07.06.2018;07:09:28;;0;-;;
2440;Trovan Unique;0006CC35A6;07.06.2018;07:09:29;;0;-;;
2441;Trovan Unique;0006CC35A6;07.06.2018;07:09:30;;0;-;;
2442;Trovan Unique;0006CC35A6;07.06.2018;07:09:31;;0;-;;
2443;Trovan Unique;0006CC35A6;07.06.2018;07:09:32;;0;-;;
2444;Trovan Unique;0006CC35A6;07.06.2018;07:09:33;;0;-;;
2445;Trovan Unique;0006CC35A6;07.06.2018;07:09:34;;0;-;;
2446;Trovan Unique;0006CC35A6;07.06.2018;07:09:35;;0;-;;
2447;Trovan Unique;0006CC35A6;07.06.2018;07:09:36;;0;-;;
2448;Trovan Unique;0006CC35A6;07.06.2018;07:09:36;;0;-;;
2449;Trovan Unique;0006CC35A6;07.06.2018;07:09:37;;0;-;;
2450;Trovan Unique;0006CC35A6;07.06.2018;07:09:38;;0;-;;
2451;Trovan Unique;0006CC35A6;07.06.2018;07:09:39;;0;-;;
2452;Trovan Unique;0006CC35A6;07.06.2018;07:09:40;;0;-;;
2453;Trovan Unique;0006CC35A6;07.06.2018;07:09:41;;0;-;;
2454;Trovan Unique;0006CC35A6;07.06.2018;07:09:42;;0;-;;
2455;Trovan Unique;0006CC35A6;07.06.2018;07:09:43;;0;-;;
2456;Trovan Unique;0006CC35A6;07.06.2018;07:09:44;;0;-;;
2457;Trovan Unique;0006CC35A6;07.06.2018;07:09:44;;0;-;;
2458;Trovan Unique;0006CC35A6;07.06.2018;07:09:45;;0;-;;
2459;Trovan Unique;0006CC35A6;07.06.2018;07:09:46;;0;-;;
2460;Trovan Unique;0006CC35A6;07.06.2018;07:09:47;;0;-;;
2461;Trovan Unique;0006CC35A6;07.06.2018;07:09:48;;0;-;;
2462;Trovan Unique;0006CC35A6;07.06.2018;07:09:49;;0;-;;
2463;Trovan Unique;0006CC35A6;07.06.2018;07:09:50;;0;-;;
2464;Trovan Unique;0006CC35A6;07.06.2018;07:09:51;;0;-;;
2465;Trovan Unique;0006CC35A6;07.06.2018;07:09:52;;0;-;;
2466;Trovan Unique;0006CC35A6;07.06.2018;07:09:53;;0;-;;
2467;Trovan Unique;0006CC35A6;07.06.2018;07:09:53;;0;-;;
2468;Trovan Unique;0006CC35A6;07.06.2018;07:09:54;;0;-;;
2469;Trovan Unique;0006CC35A6;07.06.2018;07:09:55;;0;-;;
2470;Trovan Unique;0006CC35A6;07.06.2018;07:09:56;;0;-;;
2471;Trovan Unique;0006CC35A6;07.06.2018;07:09:57;;0;-;;
2472;Trovan Unique;0006CC35A6;07.06.2018;07:09:58;;0;-;;
2473;Trovan Unique;0006CC35A6;07.06.2018;07:09:59;;0;-;;
2474;Trovan Unique;0006CC35A6;07.06.2018;07:10:00;;0;-;;
2475;Trovan Unique;0006CC35A6;07.06.2018;07:10:01;;0;-;;
2476;Trovan Unique;0006CC35A6;07.06.2018;07:10:01;;0;-;;
2477;Trovan Unique;0006CC35A6;07.06.2018;07:10:02;;0;-;;
2478;Trovan Unique;0006CC35A6;07.06.2018;07:10:03;;0;-;;
2479;Trovan Unique;0006CC35A6;07.06.2018;07:10:04;;0;-;;
2480;Trovan Unique;0006CC35A6;07.06.2018;07:10:05;;0;-;;
2481;Trovan Unique;0006CC35A6;07.06.2018;07:10:06;;0;-;;
2482;Trovan Unique;0006CC35A6;07.06.2018;07:10:07;;0;-;;
2483;Trovan Unique;0006CC35A6;07.06.2018;07:10:08;;0;-;;
2484;Trovan Unique;0006CC35A6;07.06.2018;07:10:09;;0;-;;
2485;Trovan Unique;0006CC35A6;07.06.2018;07:10:11;;0;-;;
2486;Trovan Unique;0006CC35A6;07.06.2018;07:10:11;;0;-;;
2487;Trovan Unique;0006CC35A6;07.06.2018;07:10:12;;0;-;;
2488;Trovan Unique;0006CC35A6;07.06.2018;07:10:14;;0;-;;
2489;Trovan Unique;0006CC35A6;07.06.2018;07:10:15;;0;-;;
2490;Trovan Unique;0006CC35A6;07.06.2018;07:10:15;;0;-;;
2491;Trovan Unique;0006CC35A6;07.06.2018;07:10:16;;0;-;;
2492;Trovan Unique;0006CC35A6;07.06.2018;07:10:17;;0;-;;
2493;Trovan Unique;0006CC35A6;07.06.2018;07:10:18;;0;-;;
2494;Trovan Unique;0006CC35A6;07.06.2018;07:10:19;;0;-;;
2495;Trovan Unique;0006CC35A6;07.06.2018;07:10:20;;0;-;;
2496;Trovan Unique;0006CC35A6;07.06.2018;07:10:21;;0;-;;
2497;Trovan Unique;0006CC35A6;07.06.2018;07:10:22;;0;-;;
2498;Trovan Unique;0006CC35A6;07.06.2018;07:10:23;;0;-;;
2499;Trovan Unique;0006CC35A6;07.06.2018;07:10:24;;0;-;;
2500;Trovan Unique;0006CC35A6;07.06.2018;07:10:25;;0;-;;
2501;Trovan Unique;0006CC35A6;07.06.2018;07:10:26;;0;-;;
2502;Trovan Unique;0006CC35A6;07.06.2018;07:10:27;;0;-;;
2503;Trovan Unique;0006CC35A6;07.06.2018;07:10:28;;0;-;;
2504;Trovan Unique;0006CC35A6;07.06.2018;07:10:29;;0;-;;
2505;Trovan Unique;0006CC35A6;07.06.2018;07:10:29;;0;-;;
2506;Trovan Unique;0006CC35A6;07.06.2018;07:10:30;;0;-;;
2507;Trovan Unique;0006CC35A6;07.06.2018;07:10:31;;0;-;;
2508;Trovan Unique;0006CC35A6;07.06.2018;07:10:32;;0;-;;
2509;Trovan Unique;0006CC35A6;07.06.2018;07:10:33;;0;-;;
2510;Trovan Unique;0006CC35A6;07.06.2018;07:10:34;;0;-;;
2511;Trovan Unique;0006CC35A6;07.06.2018;07:10:35;;0;-;;
2512;Trovan Unique;0006CC35A6;07.06.2018;07:10:36;;0;-;;
2513;Trovan Unique;0006CC35A6;07.06.2018;07:10:37;;0;-;;
2514;Trovan Unique;0006CC35A6;07.06.2018;07:10:38;;0;-;;
2515;Trovan Unique;0006CC35A6;07.06.2018;07:10:39;;0;-;;
2516;Trovan Unique;0006CC35A6;07.06.2018;07:10:40;;0;-;;
2517;Trovan Unique;0006CC35A6;07.06.2018;07:10:40;;0;-;;
2518;Trovan Unique;0006CC35A6;07.06.2018;07:10:41;;0;-;;
2519;Trovan Unique;0006CC35A6;07.06.2018;07:10:42;;0;-;;
2520;Trovan Unique;0006CC35A6;07.06.2018;07:10:43;;0;-;;
2521;Trovan Unique;0006CC35A6;07.06.2018;07:10:44;;0;-;;
2522;Trovan Unique;0006CC35A6;07.06.2018;07:10:46;;0;-;;
2523;Trovan Unique;0006CC35A6;07.06.2018;07:10:46;;0;-;;
2524;Trovan Unique;0006CC35A6;07.06.2018;07:10:47;;0;-;;
2525;Trovan Unique;0006CC35A6;07.06.2018;07:10:48;;0;-;;
2526;Trovan Unique;0006CC35A6;07.06.2018;07:10:49;;0;-;;
2527;Trovan Unique;0006CC35A6;07.06.2018;07:10:50;;0;-;;
2528;Trovan Unique;0006CC35A6;07.06.2018;07:10:51;;0;-;;
2529;Trovan Unique;0006CC35A6;07.06.2018;07:10:52;;0;-;;
2530;Trovan Unique;0006CC35A6;07.06.2018;07:10:53;;0;-;;
2531;Trovan Unique;0006CC35A6;07.06.2018;07:10:54;;0;-;;
2532;Trovan Unique;0006CC35A6;07.06.2018;07:10:55;;0;-;;
2533;Trovan Unique;0006CC35A6;07.06.2018;07:10:55;;0;-;;
2534;Trovan Unique;0006CC35A6;07.06.2018;07:10:56;;0;-;;
2535;Trovan Unique;0006CC35A6;07.06.2018;07:10:57;;0;-;;
2536;Trovan Unique;0006CC35A6;07.06.2018;07:10:58;;0;-;;
2537;Trovan Unique;0006CC35A6;07.06.2018;07:10:59;;0;-;;
2538;Trovan Unique;0006CC35A6;07.06.2018;07:11:00;;0;-;;
2539;Trovan Unique;0006CC35A6;07.06.2018;07:11:01;;0;-;;
2540;Trovan Unique;0006CC35A6;07.06.2018;07:11:02;;0;-;;
2541;Trovan Unique;0006CC35A6;07.06.2018;07:11:03;;0;-;;
2542;Trovan Unique;0006CC35A6;07.06.2018;07:11:04;;0;-;;
2543;Trovan Unique;0006CC35A6;07.06.2018;07:11:04;;0;-;;
2544;Trovan Unique;0006CC35A6;07.06.2018;07:11:05;;0;-;;
2545;Trovan Unique;0006CC35A6;07.06.2018;07:11:06;;0;-;;
2546;Trovan Unique;0006CC35A6;07.06.2018;07:11:07;;0;-;;
2547;Trovan Unique;0006CC35A6;07.06.2018;07:11:08;;0;-;;
2548;Trovan Unique;0006CC35A6;07.06.2018;07:11:09;;0;-;;
2549;Trovan Unique;0006CC35A6;07.06.2018;07:11:10;;0;-;;
2550;Trovan Unique;0006CC35A6;07.06.2018;07:11:11;;0;-;;
2551;Trovan Unique;0006CC35A6;07.06.2018;07:11:12;;0;-;;
2552;Trovan Unique;0006CC35A6;07.06.2018;07:11:13;;0;-;;
2553;Trovan Unique;0006CC35A6;07.06.2018;07:11:14;;0;-;;
2554;Trovan Unique;0006CC35A6;07.06.2018;07:11:14;;0;-;;
2555;Trovan Unique;0006CC35A6;07.06.2018;07:11:15;;0;-;;
2556;Trovan Unique;0006CC35A6;07.06.2018;07:11:16;;0;-;;
2557;Trovan Unique;0006CC35A6;07.06.2018;07:11:17;;0;-;;
2558;Trovan Unique;0006CC35A6;07.06.2018;07:11:18;;0;-;;
2559;Trovan Unique;0006CC35A6;07.06.2018;07:11:19;;0;-;;
2560;Trovan Unique;0006CC35A6;07.06.2018;07:11:20;;0;-;;
2561;Trovan Unique;0006CC35A6;07.06.2018;07:11:21;;0;-;;
2562;Trovan Unique;0006CC35A6;07.06.2018;07:11:22;;0;-;;
2563;Trovan Unique;0006CC35A6;07.06.2018;07:11:22;;0;-;;
2564;Trovan Unique;0006CC35A6;07.06.2018;07:11:23;;0;-;;
2565;Trovan Unique;0006CC35A6;07.06.2018;07:11:24;;0;-;;
2566;Trovan Unique;0006CC35A6;07.06.2018;07:11:25;;0;-;;
2567;Trovan Unique;0006CC35A6;07.06.2018;07:11:26;;0;-;;
2568;Trovan Unique;0006CC35A6;07.06.2018;07:11:27;;0;-;;
2569;Trovan Unique;0006CC35A6;07.06.2018;07:11:28;;0;-;;
2570;Trovan Unique;0006CC35A6;07.06.2018;07:11:29;;0;-;;
2571;Trovan Unique;0006CC35A6;07.06.2018;07:11:30;;0;-;;
2572;Trovan Unique;0006CC35A6;07.06.2018;07:11:31;;0;-;;
2573;Trovan Unique;0006CC35A6;07.06.2018;07:11:31;;0;-;;
2574;Trovan Unique;0006CC35A6;07.06.2018;07:11:32;;0;-;;
2575;Trovan Unique;0006CC35A6;07.06.2018;07:11:33;;0;-;;
2576;Trovan Unique;0006CC35A6;07.06.2018;07:11:34;;0;-;;
2577;Trovan Unique;0006CC35A6;07.06.2018;07:11:35;;0;-;;
2578;Trovan Unique;0006CC35A6;07.06.2018;07:11:36;;0;-;;
2579;Trovan Unique;0006CC35A6;07.06.2018;07:11:37;;0;-;;
2580;Trovan Unique;0006CC35A6;07.06.2018;07:11:38;;0;-;;
2581;Trovan Unique;0006CC35A6;07.06.2018;07:11:39;;0;-;;
2582;Trovan Unique;0006CC35A6;07.06.2018;07:11:40;;0;-;;
2583;Trovan Unique;0006CC35A6;07.06.2018;07:11:41;;0;-;;
2584;Trovan Unique;0006CC35A6;07.06.2018;07:11:41;;0;-;;
2585;Trovan Unique;0006CC35A6;07.06.2018;07:11:42;;0;-;;
2586;Trovan Unique;0006CC35A6;07.06.2018;07:11:43;;0;-;;
2587;Trovan Unique;0006CC35A6;07.06.2018;07:11:44;;0;-;;
2588;Trovan Unique;0006CC35A6;07.06.2018;07:11:45;;0;-;;
2589;Trovan Unique;0006CC35A6;07.06.2018;07:11:46;;0;-;;
2590;Trovan Unique;0006CC35A6;07.06.2018;07:11:47;;0;-;;
2591;Trovan Unique;0006CC35A6;07.06.2018;07:11:48;;0;-;;
2592;Trovan Unique;0006CC35A6;07.06.2018;07:11:49;;0;-;;
2593;Trovan Unique;0006CC35A6;07.06.2018;07:11:50;;0;-;;
2594;Trovan Unique;0006CC35A6;07.06.2018;07:11:51;;0;-;;
2595;Trovan Unique;0006CC35A6;07.06.2018;07:11:51;;0;-;;
2596;Trovan Unique;0006CC35A6;07.06.2018;07:11:52;;0;-;;
2597;Trovan Unique;0006CC35A6;07.06.2018;07:11:53;;0;-;;
2598;Trovan Unique;0006CC35A6;07.06.2018;07:11:54;;0;-;;
2599;Trovan Unique;0006CC35A6;07.06.2018;07:11:55;;0;-;;
2600;Trovan Unique;0006CC35A6;07.06.2018;07:11:56;;0;-;;
2601;Trovan Unique;0006CC35A6;07.06.2018;07:11:57;;0;-;;
2602;Trovan Unique;0006CC35A6;07.06.2018;07:11:58;;0;-;;
2603;Trovan Unique;0006CC35A6;07.06.2018;07:11:59;;0;-;;
2604;Trovan Unique;0006CC35A6;07.06.2018;07:12:00;;0;-;;
2605;Trovan Unique;0006CC35A6;07.06.2018;07:12:00;;0;-;;
2606;Trovan Unique;0006CC35A6;07.06.2018;07:12:01;;0;-;;
2607;Trovan Unique;0006CC35A6;07.06.2018;07:12:02;;0;-;;
2608;Trovan Unique;0006CC35A6;07.06.2018;07:12:03;;0;-;;
2609;Trovan Unique;0006CC35A6;07.06.2018;07:12:04;;0;-;;
2610;Trovan Unique;0006CC35A6;07.06.2018;07:12:05;;0;-;;
2611;Trovan Unique;0006CC35A6;07.06.2018;07:12:06;;0;-;;
2612;Trovan Unique;0006CC35A6;07.06.2018;07:12:07;;0;-;;
2613;Trovan Unique;0006CC35A6;07.06.2018;07:12:08;;0;-;;
2614;Trovan Unique;0006CC35A6;07.06.2018;07:12:09;;0;-;;
2615;Trovan Unique;0006CC35A6;07.06.2018;07:12:09;;0;-;;
2616;Trovan Unique;0006CC35A6;07.06.2018;07:12:10;;0;-;;
2617;Trovan Unique;0006CC35A6;07.06.2018;07:12:11;;0;-;;
2618;Trovan Unique;0006CC35A6;07.06.2018;07:12:12;;0;-;;
2619;Trovan Unique;0006CC35A6;07.06.2018;07:12:13;;0;-;;
2620;Trovan Unique;0006CC35A6;07.06.2018;07:12:14;;0;-;;
2621;Trovan Unique;0006CC35A6;07.06.2018;07:12:15;;0;-;;
2622;Trovan Unique;0006CC35A6;07.06.2018;07:12:16;;0;-;;
2623;Trovan Unique;0006CC35A6;07.06.2018;07:12:17;;0;-;;
2624;Trovan Unique;0006CC35A6;07.06.2018;07:12:18;;0;-;;
2625;Trovan Unique;0006CC35A6;07.06.2018;07:12:18;;0;-;;
2626;Trovan Unique;0006CC35A6;07.06.2018;07:12:19;;0;-;;
2627;Trovan Unique;0006CC35A6;07.06.2018;07:12:20;;0;-;;
2628;Trovan Unique;0006CC35A6;07.06.2018;07:12:21;;0;-;;
2629;Trovan Unique;0006CC35A6;07.06.2018;07:12:22;;0;-;;
2630;Trovan Unique;0006CC35A6;07.06.2018;07:12:23;;0;-;;
2631;Trovan Unique;0006CC35A6;07.06.2018;07:12:24;;0;-;;
2632;Trovan Unique;0006CC35A6;07.06.2018;07:12:25;;0;-;;
2633;Trovan Unique;0006CC35A6;07.06.2018;07:12:26;;0;-;;
2634;Trovan Unique;0006CC35A6;07.06.2018;07:12:26;;0;-;;
2635;Trovan Unique;0006CC35A6;07.06.2018;07:12:27;;0;-;;
2636;Trovan Unique;0006CC35A6;07.06.2018;07:12:28;;0;-;;
2637;Trovan Unique;0006CC35A6;07.06.2018;07:12:29;;0;-;;
2638;Trovan Unique;0006CC35A6;07.06.2018;07:12:30;;0;-;;
2639;Trovan Unique;0006CC35A6;07.06.2018;07:12:31;;0;-;;
2640;Trovan Unique;0006CC35A6;07.06.2018;07:12:32;;0;-;;
2641;Trovan Unique;0006CC35A6;07.06.2018;07:12:33;;0;-;;
2642;Trovan Unique;0006CC35A6;07.06.2018;07:12:35;;0;-;;
2643;Trovan Unique;0006CC35A6;07.06.2018;07:15:34;;0;-;;
2644;Trovan Unique;0006CC35A6;07.06.2018;07:15:39;;0;-;;
2645;Trovan Unique;0006CC35A6;07.06.2018;07:15:40;;0;-;;
2646;Trovan Unique;0006CC35A6;07.06.2018;07:15:41;;0;-;;
2647;Trovan Unique;0006CC35A6;07.06.2018;07:15:42;;0;-;;
2648;Trovan Unique;0006CC35A6;07.06.2018;07:15:42;;0;-;;
2649;Trovan Unique;0006CC35A6;07.06.2018;07:15:44;;0;-;;
2650;Trovan Unique;0006CC35A6;07.06.2018;07:15:44;;0;-;;
2651;Trovan Unique;0006CC35A6;07.06.2018;07:15:45;;0;-;;
2652;Trovan Unique;0006CC35A6;07.06.2018;07:15:46;;0;-;;
2653;Trovan Unique;0006CC35A6;07.06.2018;07:15:48;;0;-;;
2654;Trovan Unique;0006CC35A6;07.06.2018;07:15:49;;0;-;;
2655;Trovan Unique;0006CC35A6;07.06.2018;07:15:50;;0;-;;
2656;Trovan Unique;0006CC35A6;07.06.2018;07:15:52;;0;-;;
2657;Trovan Unique;0006CC35A6;07.06.2018;07:15:53;;0;-;;
2658;Trovan Unique;0006CC35A6;07.06.2018;07:15:54;;0;-;;
2659;Trovan Unique;0006CC35A6;07.06.2018;07:15:55;;0;-;;
2660;Trovan Unique;0006CC35A6;07.06.2018;07:15:56;;0;-;;
2661;Trovan Unique;0006CC35A6;07.06.2018;07:15:59;;0;-;;
2662;Trovan Unique;0006CC35A6;07.06.2018;07:16:04;;0;-;;
2663;Trovan Unique;0006CC35A6;07.06.2018;07:16:05;;0;-;;
2664;Trovan Unique;0006CC35A6;07.06.2018;07:16:08;;0;-;;
2665;Trovan Unique;0006CC35A6;07.06.2018;07:16:09;;0;-;;
2666;Trovan Unique;0006CC35A6;07.06.2018;07:16:11;;0;-;;
2667;Trovan Unique;0006CC35A6;07.06.2018;07:16:13;;0;-;;
2668;Trovan Unique;0006CC35A6;07.06.2018;07:16:39;;0;-;;
2669;Trovan Unique;0006CC35A6;07.06.2018;07:16:43;;0;-;;
2670;Trovan Unique;0006CC35A6;07.06.2018;07:16:44;;0;-;;
2671;Trovan Unique;0006CC35A6;07.06.2018;07:16:44;;0;-;;
2672;Trovan Unique;0006CC35A6;07.06.2018;07:16:45;;0;-;;
2673;Trovan Unique;0006CC35A6;07.06.2018;07:16:46;;0;-;;
2674;Trovan Unique;0006CC35A6;07.06.2018;07:16:48;;0;-;;
2675;Trovan Unique;0006CC35A6;07.06.2018;07:16:50;;0;-;;
2676;Trovan Unique;0006CC35A6;07.06.2018;07:16:51;;0;-;;
2677;Trovan Unique;0006CC35A6;07.06.2018;07:16:52;;0;-;;
2678;Trovan Unique;0006CC35A6;07.06.2018;07:16:53;;0;-;;
2679;Trovan Unique;0006CC35A6;07.06.2018;07:16:54;;0;-;;
2680;Trovan Unique;0006CC35A6;07.06.2018;07:16:55;;0;-;;
2681;Trovan Unique;0006CC35A6;07.06.2018;07:17:00;;0;-;;
2682;Trovan Unique;0006CC35A6;07.06.2018;07:17:03;;0;-;;
2683;Trovan Unique;0006CC35A6;07.06.2018;07:17:04;;0;-;;
2684;Trovan Unique;0006CC35A6;07.06.2018;07:17:04;;0;-;;
2685;Trovan Unique;0006CC35A6;07.06.2018;07:17:05;;0;-;;
2686;Trovan Unique;0006CC35A6;07.06.2018;07:17:07;;0;-;;
2687;Trovan Unique;0006CC35A6;07.06.2018;07:17:08;;0;-;;
2688;Trovan Unique;0006CC35A6;07.06.2018;07:17:09;;0;-;;
2689;Trovan Unique;0006CC35A6;07.06.2018;07:17:10;;0;-;;
2690;Trovan Unique;0006CC35A6;07.06.2018;07:17:11;;0;-;;
2691;Trovan Unique;0006CC35A6;07.06.2018;07:17:12;;0;-;;
2692;Trovan Unique;0006CC35A6;07.06.2018;07:17:14;;0;-;;
2693;Trovan Unique;0006CC35A6;07.06.2018;07:17:15;;0;-;;
2694;Trovan Unique;0006CC35A6;07.06.2018;07:17:17;;0;-;;
2695;Trovan Unique;0006CC35A6;07.06.2018;07:17:18;;0;-;;
2696;Trovan Unique;0006CC35A6;07.06.2018;07:17:19;;0;-;;
2697;Trovan Unique;0006CC35A6;07.06.2018;07:17:20;;0;-;;
2698;Trovan Unique;0006CC35A6;07.06.2018;07:17:21;;0;-;;
2699;Trovan Unique;0006CC35A6;07.06.2018;07:18:11;;0;-;;
2700;Trovan Unique;0006CC35A6;07.06.2018;07:18:13;;0;-;;
2701;Trovan Unique;0006CC35A6;07.06.2018;07:18:13;;0;-;;
2702;Trovan Unique;0006CC35A6;07.06.2018;07:18:18;;0;-;;
2703;Trovan Unique;0006CC35A6;07.06.2018;07:21:15;;0;-;;
2704;Trovan Unique;0006CC35A6;07.06.2018;07:21:19;;0;-;;
2705;Trovan Unique;0006CC35A6;07.06.2018;07:21:20;;0;-;;
2706;Trovan Unique;0006CC35A6;07.06.2018;07:21:21;;0;-;;
2707;Trovan Unique;0006CC35A6;07.06.2018;07:21:22;;0;-;;
2708;Trovan Unique;0006CC35A6;07.06.2018;07:21:23;;0;-;;
2709;Trovan Unique;0006CC35A6;07.06.2018;07:21:24;;0;-;;
2710;Trovan Unique;0006CC35A6;07.06.2018;07:21:25;;0;-;;
2711;Trovan Unique;0006CC35A6;07.06.2018;07:21:32;;0;-;;
2712;Trovan Unique;0006CC35A6;07.06.2018;07:21:34;;0;-;;
2713;Trovan Unique;0006CC35A6;07.06.2018;07:21:35;;0;-;;
2714;Trovan Unique;0006B38BB9;07.06.2018;07:22:38;;0;-;;
2715;Trovan Unique;0006B38BB9;07.06.2018;07:22:39;;0;-;;
2716;Trovan Unique;0006B38BB9;07.06.2018;07:22:40;;0;-;;
2717;Trovan Unique;0006B38BB9;07.06.2018;07:22:46;;0;-;;
2718;Trovan Unique;0006B38BB9;07.06.2018;07:22:47;;0;-;;
2719;Trovan Unique;0006B38BB9;07.06.2018;07:22:48;;0;-;;
2720;Trovan Unique;0006B38BB9;07.06.2018;07:22:49;;0;-;;
2721;Trovan Unique;0006B38BB9;07.06.2018;07:22:50;;0;-;;
2722;Trovan Unique;0006B38BB9;07.06.2018;07:22:50;;0;-;;
2723;Trovan Unique;0006B38BB9;07.06.2018;07:22:51;;0;-;;
2724;Trovan Unique;0006B38BB9;07.06.2018;07:22:52;;0;-;;
2725;Trovan Unique;0006B38BB9;07.06.2018;07:22:53;;0;-;;
2726;Trovan Unique;0006B38BB9;07.06.2018;07:22:54;;0;-;;
2727;Trovan Unique;0006B38BB9;07.06.2018;07:22:55;;0;-;;
2728;Trovan Unique;0006B38BB9;07.06.2018;07:22:56;;0;-;;
2729;Trovan Unique;0006B38BB9;07.06.2018;07:22:57;;0;-;;
2730;Trovan Unique;0006B38BB9;07.06.2018;07:22:58;;0;-;;
2731;Trovan Unique;0006B38BB9;07.06.2018;07:22:59;;0;-;;
2732;Trovan Unique;0006B38BB9;07.06.2018;07:23:21;;0;-;;
2733;Trovan Unique;0006B38BB9;07.06.2018;07:25:24;;0;-;;
2734;Trovan Unique;0006B38BB9;07.06.2018;07:25:29;;0;-;;
2735;Trovan Unique;0006B38BB9;07.06.2018;07:25:29;;0;-;;
2736;Trovan Unique;0006B38BB9;07.06.2018;07:25:31;;0;-;;
2737;Trovan Unique;0006B38BB9;07.06.2018;07:25:40;;0;-;;
2738;Trovan Unique;0006B38BB9;07.06.2018;07:25:42;;0;-;;
2739;Trovan Unique;0006B38BB9;07.06.2018;07:25:42;;0;-;;
2740;Trovan Unique;0006B38BB9;07.06.2018;07:25:43;;0;-;;
2741;Trovan Unique;0006B38BB9;07.06.2018;07:25:44;;0;-;;
2742;Trovan Unique;0006B38BB9;07.06.2018;07:25:45;;0;-;;
2743;Trovan Unique;0006B38BB9;07.06.2018;07:25:47;;0;-;;
2744;Trovan Unique;0006B38BB9;07.06.2018;07:25:48;;0;-;;
2745;Trovan Unique;0006B3A272;07.06.2018;11:21:50;;0;-;;
2746;Trovan Unique;0006B3A272;07.06.2018;11:21:51;;0;-;;
2747;Trovan Unique;0006B3A272;07.06.2018;11:21:51;;0;-;;
2748;Trovan Unique;0006B3A272;07.06.2018;11:21:52;;0;-;;
2749;Trovan Unique;0006B3A272;07.06.2018;11:21:53;;0;-;;
2750;Trovan Unique;0006B3A272;07.06.2018;11:21:54;;0;-;;
2751;Trovan Unique;0006B3A272;07.06.2018;11:21:55;;0;-;;
2752;Trovan Unique;0006B3A272;07.06.2018;11:21:56;;0;-;;
2753;Trovan Unique;0006B3A272;07.06.2018;11:21:57;;0;-;;
2754;Trovan Unique;0006B3A272;07.06.2018;11:21:58;;0;-;;
2755;Trovan Unique;0006B3A272;07.06.2018;11:21:59;;0;-;;
2756;Trovan Unique;0006B3A272;07.06.2018;11:22:00;;0;-;;
2757;Trovan Unique;0006B3A272;07.06.2018;11:22:01;;0;-;;
2758;Trovan Unique;0006B3A272;07.06.2018;11:22:51;;0;-;;
2759;Trovan Unique;0006B3A272;07.06.2018;11:22:52;;0;-;;
2760;Trovan Unique;0006B3A272;07.06.2018;11:22:52;;0;-;;
2761;Trovan Unique;0006B3A272;07.06.2018;11:22:53;;0;-;;
2762;Trovan Unique;0006B3A272;07.06.2018;11:22:54;;0;-;;
2763;Trovan Unique;0006B36ADC;07.06.2018;11:22:56;;0;-;;
2764;Trovan Unique;0006B36ADC;07.06.2018;11:22:57;;0;-;;
2765;Trovan Unique;0006B36ADC;07.06.2018;11:22:58;;0;-;;
2766;Trovan Unique;0006B36ADC;07.06.2018;11:23:18;;0;-;;
2767;Trovan Unique;0006B36ADC;07.06.2018;11:23:19;;0;-;;
2768;Trovan Unique;0006B36ADC;07.06.2018;11:23:21;;0;-;;
2769;Trovan Unique;0006B36ADC;07.06.2018;11:23:21;;0;-;;
2770;Trovan Unique;0006B36ADC;07.06.2018;11:23:22;;0;-;;
2771;Trovan Unique;0006B36ADC;07.06.2018;11:23:23;;0;-;;
2772;Trovan Unique;0006B36ADC;07.06.2018;11:23:24;;0;-;;
2773;Trovan Unique;0006B36ADC;07.06.2018;11:23:25;;0;-;;
2774;Trovan Unique;0006B36ADC;07.06.2018;11:23:26;;0;-;;
2775;Trovan Unique;0006B36ADC;07.06.2018;11:23:27;;0;-;;
2776;Trovan Unique;0006B36ADC;07.06.2018;11:23:28;;0;-;;
2777;Trovan Unique;0006B36ADC;07.06.2018;11:23:29;;0;-;;
2778;Trovan Unique;0006B36ADC;07.06.2018;11:23:30;;0;-;;
2779;Trovan Unique;0006B36ADC;07.06.2018;11:23:30;;0;-;;
2780;Trovan Unique;0006B36ADC;07.06.2018;11:23:31;;0;-;;
2781;Trovan Unique;0006B36ADC;07.06.2018;11:23:32;;0;-;;
2782;Trovan Unique;0006B36ADC;07.06.2018;11:23:33;;0;-;;
2783;Trovan Unique;0006B36ADC;07.06.2018;11:23:34;;0;-;;
2784;Trovan Unique;0006B36ADC;07.06.2018;11:23:35;;0;-;;
2785;Trovan Unique;0006B36ADC;07.06.2018;11:23:36;;0;-;;
2786;Trovan Unique;0006B36ADC;07.06.2018;11:23:37;;0;-;;
2787;Trovan Unique;0006B36ADC;07.06.2018;11:23:38;;0;-;;
2788;Trovan Unique;0006B36ADC;07.06.2018;11:23:39;;0;-;;
2789;Trovan Unique;0006B36ADC;07.06.2018;11:23:39;;0;-;;
2790;Trovan Unique;0006B36ADC;07.06.2018;11:23:40;;0;-;;
2791;Trovan Unique;0006B36ADC;07.06.2018;11:23:41;;0;-;;
2792;Trovan Unique;0006B36ADC;07.06.2018;11:23:42;;0;-;;
2793;Trovan Unique;0006B36ADC;07.06.2018;11:23:43;;0;-;;
2794;Trovan Unique;0006B36ADC;07.06.2018;11:23:44;;0;-;;
2795;Trovan Unique;0006B36ADC;07.06.2018;11:23:45;;0;-;;
2796;Trovan Unique;0006B36ADC;07.06.2018;11:23:46;;0;-;;
2797;Trovan Unique;0006B36ADC;07.06.2018;11:23:47;;0;-;;
2798;Trovan Unique;0006B36ADC;07.06.2018;11:23:48;;0;-;;
2799;Trovan Unique;0006B36ADC;07.06.2018;11:23:49;;0;-;;
2800;Trovan Unique;0006B36ADC;07.06.2018;11:23:49;;0;-;;
2801;Trovan Unique;0006B36ADC;07.06.2018;11:23:50;;0;-;;
2802;Trovan Unique;0006B36ADC;07.06.2018;11:23:51;;0;-;;
2803;Trovan Unique;0006B36ADC;07.06.2018;11:23:52;;0;-;;
2804;Trovan Unique;0006B36ADC;07.06.2018;11:23:53;;0;-;;
2805;Trovan Unique;0006B36ADC;07.06.2018;11:23:54;;0;-;;
2806;Trovan Unique;0006B36ADC;07.06.2018;11:23:55;;0;-;;
2807;Trovan Unique;0006B36ADC;07.06.2018;11:23:56;;0;-;;
2808;Trovan Unique;0006B36ADC;07.06.2018;11:23:57;;0;-;;
2809;Trovan Unique;0006B36ADC;07.06.2018;11:23:57;;0;-;;
2810;Trovan Unique;0006B36ADC;07.06.2018;11:23:58;;0;-;;
2811;Trovan Unique;0006B36ADC;07.06.2018;11:23:59;;0;-;;
2812;Trovan Unique;0006B36ADC;07.06.2018;11:24:00;;0;-;;
2813;Trovan Unique;0006B36ADC;07.06.2018;11:24:01;;0;-;;
2814;Trovan Unique;0006B36ADC;07.06.2018;11:24:02;;0;-;;
2815;Trovan Unique;0006B36ADC;07.06.2018;11:24:03;;0;-;;
2816;Trovan Unique;0006B36ADC;07.06.2018;11:24:04;;0;-;;
2817;Trovan Unique;0006B36ADC;07.06.2018;11:24:05;;0;-;;
2818;Trovan Unique;0006B36ADC;07.06.2018;11:24:06;;0;-;;
2819;Trovan Unique;0006B36ADC;07.06.2018;11:24:07;;0;-;;
2820;Trovan Unique;0006B36ADC;07.06.2018;11:24:07;;0;-;;
2821;Trovan Unique;0006B36ADC;07.06.2018;11:24:08;;0;-;;
2822;Trovan Unique;0006B36ADC;07.06.2018;11:24:09;;0;-;;
2823;Trovan Unique;0006B36ADC;07.06.2018;11:24:10;;0;-;;
2824;Trovan Unique;0006B36ADC;07.06.2018;11:24:11;;0;-;;
2825;Trovan Unique;0006B36ADC;07.06.2018;11:24:12;;0;-;;
2826;Trovan Unique;0006B36ADC;07.06.2018;11:24:13;;0;-;;
2827;Trovan Unique;0006B36ADC;07.06.2018;11:24:14;;0;-;;
2828;Trovan Unique;0006B36ADC;07.06.2018;11:24:15;;0;-;;
2829;Trovan Unique;0006B36ADC;07.06.2018;11:24:16;;0;-;;
2830;Trovan Unique;0006B36ADC;07.06.2018;11:24:17;;0;-;;
2831;Trovan Unique;0006B36ADC;07.06.2018;11:24:18;;0;-;;
2832;Trovan Unique;0006B36ADC;07.06.2018;11:24:19;;0;-;;
2833;Trovan Unique;0006B36ADC;07.06.2018;11:24:20;;0;-;;
2834;Trovan Unique;0006B36ADC;07.06.2018;11:24:21;;0;-;;
2835;Trovan Unique;0006B36ADC;07.06.2018;11:24:22;;0;-;;
2836;Trovan Unique;0006B36ADC;07.06.2018;11:24:23;;0;-;;
2837;Trovan Unique;0006B36ADC;07.06.2018;11:24:24;;0;-;;
2838;Trovan Unique;0006B36ADC;07.06.2018;11:24:24;;0;-;;
2839;Trovan Unique;0006B36ADC;07.06.2018;11:24:25;;0;-;;
2840;Trovan Unique;0006B36ADC;07.06.2018;11:24:26;;0;-;;
2841;Trovan Unique;0006B36ADC;07.06.2018;11:24:27;;0;-;;
2842;Trovan Unique;0006B36ADC;07.06.2018;11:24:28;;0;-;;
2843;Trovan Unique;0006B36ADC;07.06.2018;11:24:29;;0;-;;
2844;Trovan Unique;0006B36ADC;07.06.2018;11:24:30;;0;-;;
2845;Trovan Unique;0006B36ADC;07.06.2018;11:24:31;;0;-;;
2846;Trovan Unique;0006B36ADC;07.06.2018;11:24:32;;0;-;;
2847;Trovan Unique;0006B36ADC;07.06.2018;11:24:32;;0;-;;
2848;Trovan Unique;0006B36ADC;07.06.2018;11:24:34;;0;-;;
2849;Trovan Unique;0006B36ADC;07.06.2018;11:24:34;;0;-;;
2850;Trovan Unique;0006B36ADC;07.06.2018;11:24:35;;0;-;;
2851;Trovan Unique;0006B36ADC;07.06.2018;11:24:36;;0;-;;
2852;Trovan Unique;0006B36ADC;07.06.2018;11:24:37;;0;-;;
2853;Trovan Unique;0006B36ADC;07.06.2018;11:24:38;;0;-;;
2854;Trovan Unique;0006B36ADC;07.06.2018;11:24:39;;0;-;;
2855;Trovan Unique;0006B36ADC;07.06.2018;11:24:40;;0;-;;
2856;Trovan Unique;0006B36ADC;07.06.2018;11:24:41;;0;-;;
2857;Trovan Unique;0006B36ADC;07.06.2018;11:24:42;;0;-;;
2858;Trovan Unique;0006B36ADC;07.06.2018;11:24:43;;0;-;;
2859;Trovan Unique;0006B36ADC;07.06.2018;11:24:44;;0;-;;
2860;Trovan Unique;0006B36ADC;07.06.2018;11:24:45;;0;-;;
2861;Trovan Unique;0006B36ADC;07.06.2018;11:24:47;;0;-;;
2862;Trovan Unique;0006B36ADC;07.06.2018;11:24:48;;0;-;;
2863;Trovan Unique;0006B36ADC;07.06.2018;11:24:49;;0;-;;
2864;Trovan Unique;0006B36ADC;07.06.2018;11:24:50;;0;-;;
2865;Trovan Unique;0006B36ADC;07.06.2018;11:24:54;;0;-;;
2866;Trovan Unique;0006B36ADC;07.06.2018;11:24:57;;0;-;;
2867;Trovan Unique;0006B36ADC;07.06.2018;11:24:58;;0;-;;
2868;Trovan Unique;0006B36ADC;07.06.2018;11:25:02;;0;-;;
2869;Trovan Unique;0006B36ADC;07.06.2018;11:25:04;;0;-;;
2870;Trovan Unique;0006B36ADC;07.06.2018;11:25:05;;0;-;;
2871;Trovan Unique;0006B36ADC;07.06.2018;11:25:06;;0;-;;
2872;Trovan Unique;0006B36ADC;07.06.2018;11:25:07;;0;-;;
2873;Trovan Unique;0006B36ADC;07.06.2018;11:25:08;;0;-;;
2874;Trovan Unique;0006B36ADC;07.06.2018;11:25:09;;0;-;;
2875;Trovan Unique;0006B36ADC;07.06.2018;11:25:10;;0;-;;
2876;Trovan Unique;0006B36ADC;07.06.2018;11:25:11;;0;-;;
2877;Trovan Unique;0006B36ADC;07.06.2018;11:25:11;;0;-;;
2878;Trovan Unique;0006B36ADC;07.06.2018;11:25:12;;0;-;;
2879;Trovan Unique;0006B36ADC;07.06.2018;11:25:13;;0;-;;
2880;Trovan Unique;0006B36ADC;07.06.2018;11:25:14;;0;-;;
2881;Trovan Unique;0006B36ADC;07.06.2018;11:25:15;;0;-;;
2882;Trovan Unique;0006B36ADC;07.06.2018;11:25:16;;0;-;;
2883;Trovan Unique;0006B36ADC;07.06.2018;11:25:17;;0;-;;
2884;Trovan Unique;0006B36ADC;07.06.2018;11:25:18;;0;-;;
2885;Trovan Unique;0006B36ADC;07.06.2018;11:25:19;;0;-;;
2886;Trovan Unique;0006B36ADC;07.06.2018;11:25:20;;0;-;;
2887;Trovan Unique;0006B36ADC;07.06.2018;11:25:21;;0;-;;
2888;Trovan Unique;0006B36ADC;07.06.2018;11:25:22;;0;-;;
2889;Trovan Unique;0006B36ADC;07.06.2018;11:25:22;;0;-;;
2890;Trovan Unique;0006B36ADC;07.06.2018;11:25:23;;0;-;;
2891;Trovan Unique;0006B36ADC;07.06.2018;11:25:24;;0;-;;
2892;Trovan Unique;0006B36ADC;07.06.2018;11:25:25;;0;-;;
2893;Trovan Unique;0006B36ADC;07.06.2018;11:25:26;;0;-;;
2894;Trovan Unique;0006B36ADC;07.06.2018;11:25:27;;0;-;;
2895;Trovan Unique;0006B36ADC;07.06.2018;11:25:28;;0;-;;
2896;Trovan Unique;0006B36ADC;07.06.2018;11:25:29;;0;-;;
2897;Trovan Unique;0006B36ADC;07.06.2018;11:25:30;;0;-;;
2898;Trovan Unique;0006B36ADC;07.06.2018;11:25:31;;0;-;;
2899;Trovan Unique;0006B36ADC;07.06.2018;11:25:32;;0;-;;
2900;Trovan Unique;0006B36ADC;07.06.2018;11:25:32;;0;-;;
2901;Trovan Unique;0006B36ADC;07.06.2018;11:25:33;;0;-;;
2902;Trovan Unique;0006B36ADC;07.06.2018;11:25:34;;0;-;;
2903;Trovan Unique;0006B36ADC;07.06.2018;11:25:35;;0;-;;
2904;Trovan Unique;0006B36ADC;07.06.2018;11:25:36;;0;-;;
2905;Trovan Unique;0006B36ADC;07.06.2018;11:25:37;;0;-;;
2906;Trovan Unique;0006B36ADC;07.06.2018;11:25:38;;0;-;;
2907;Trovan Unique;0006B36ADC;07.06.2018;11:25:39;;0;-;;
2908;Trovan Unique;0006B36ADC;07.06.2018;11:25:40;;0;-;;
2909;Trovan Unique;0006B36ADC;07.06.2018;11:25:41;;0;-;;
2910;Trovan Unique;0006B36ADC;07.06.2018;11:25:42;;0;-;;
2911;Trovan Unique;0006B36ADC;07.06.2018;11:25:43;;0;-;;
2912;Trovan Unique;0006B36ADC;07.06.2018;11:25:43;;0;-;;
2913;Trovan Unique;0006B36ADC;07.06.2018;11:25:44;;0;-;;
2914;Trovan Unique;0006B36ADC;07.06.2018;11:25:45;;0;-;;
2915;Trovan Unique;0006B36ADC;07.06.2018;11:25:46;;0;-;;
2916;Trovan Unique;0006B36ADC;07.06.2018;11:25:47;;0;-;;
2917;Trovan Unique;0006B36ADC;07.06.2018;11:25:48;;0;-;;
2918;Trovan Unique;0006B36ADC;07.06.2018;11:25:49;;0;-;;
2919;Trovan Unique;0006B36ADC;07.06.2018;11:25:50;;0;-;;
2920;Trovan Unique;0006B36ADC;07.06.2018;11:25:51;;0;-;;
2921;Trovan Unique;0006B36ADC;07.06.2018;11:25:52;;0;-;;
2922;Trovan Unique;0006B36ADC;07.06.2018;11:25:53;;0;-;;
2923;Trovan Unique;0006B36ADC;07.06.2018;11:25:54;;0;-;;
2924;Trovan Unique;0006B36ADC;07.06.2018;11:25:54;;0;-;;
2925;Trovan Unique;0006B36ADC;07.06.2018;11:25:55;;0;-;;
2926;Trovan Unique;0006B36ADC;07.06.2018;11:25:56;;0;-;;
2927;Trovan Unique;0006B36ADC;07.06.2018;11:25:57;;0;-;;
2928;Trovan Unique;0006B36ADC;07.06.2018;11:25:59;;0;-;;
2929;Trovan Unique;0006B36ADC;07.06.2018;11:26:02;;0;-;;
2930;Trovan Unique;0006B36ADC;07.06.2018;11:26:03;;0;-;;
2931;Trovan Unique;0006B36ADC;07.06.2018;11:26:06;;0;-;;
2932;Trovan Unique;0006B36ADC;07.06.2018;11:26:08;;0;-;;
2933;Trovan Unique;0006B36ADC;07.06.2018;11:26:10;;0;-;;
2934;Trovan Unique;0006B36ADC;07.06.2018;11:26:10;;0;-;;
2935;Trovan Unique;0006B36ADC;07.06.2018;11:26:11;;0;-;;
2936;Trovan Unique;0006B36ADC;07.06.2018;11:26:13;;0;-;;
2937;Trovan Unique;0006B36ADC;07.06.2018;11:26:14;;0;-;;
2938;Trovan Unique;0006B36ADC;07.06.2018;11:26:15;;0;-;;
2939;Trovan Unique;0006B36ADC;07.06.2018;11:26:16;;0;-;;
2940;Trovan Unique;0006B36ADC;07.06.2018;11:26:17;;0;-;;
2941;Trovan Unique;0006B36ADC;07.06.2018;11:26:18;;0;-;;
2942;Trovan Unique;0006B36ADC;07.06.2018;11:26:19;;0;-;;
2943;Trovan Unique;0006B36ADC;07.06.2018;11:26:20;;0;-;;
2944;Trovan Unique;0006B36ADC;07.06.2018;11:26:20;;0;-;;
2945;Trovan Unique;0006B36ADC;07.06.2018;11:26:21;;0;-;;
2946;Trovan Unique;0006B36ADC;07.06.2018;11:26:36;;0;-;;
2947;Trovan Unique;0006B36ADC;07.06.2018;11:27:49;;0;-;;
2948;Trovan Unique;0006B36ADC;07.06.2018;11:28:01;;0;-;;
2949;Trovan Unique;0006B36ADC;07.06.2018;11:28:03;;0;-;;
2950;Trovan Unique;0006B36ADC;07.06.2018;11:28:05;;0;-;;
2951;Trovan Unique;0006B36ADC;07.06.2018;11:28:06;;0;-;;
2952;Trovan Unique;0006B36ADC;07.06.2018;11:28:11;;0;-;;
2953;Trovan Unique;0006B36ADC;07.06.2018;11:28:12;;0;-;;
2954;Trovan Unique;0006B36ADC;07.06.2018;11:28:13;;0;-;;
2955;Trovan Unique;0006B36ADC;07.06.2018;11:28:14;;0;-;;
2956;Trovan Unique;0006B36ADC;07.06.2018;11:28:17;;0;-;;
2957;Trovan Unique;0006B36ADC;07.06.2018;11:28:18;;0;-;;
2958;Trovan Unique;0006B36ADC;07.06.2018;11:28:19;;0;-;;
2959;Trovan Unique;0006B36ADC;07.06.2018;11:28:21;;0;-;;
2960;Trovan Unique;0006B36ADC;07.06.2018;11:28:22;;0;-;;
2961;Trovan Unique;0006B36ADC;07.06.2018;11:28:23;;0;-;;
2962;Trovan Unique;0006B36ADC;07.06.2018;11:28:24;;0;-;;
2963;Trovan Unique;0006B36ADC;07.06.2018;11:28:28;;0;-;;
2964;Trovan Unique;0006B36ADC;07.06.2018;11:28:31;;0;-;;
2965;Trovan Unique;0006B36ADC;07.06.2018;11:28:33;;0;-;;
2966;Trovan Unique;0006B36ADC;07.06.2018;11:30:22;;0;-;;
2967;Trovan Unique;0006B36ADC;07.06.2018;11:30:23;;0;-;;
2968;Trovan Unique;0006B36ADC;07.06.2018;11:30:42;;0;-;;
2969;Trovan Unique;0006B36ADC;07.06.2018;11:30:43;;0;-;;
2970;Trovan Unique;0006B36ADC;07.06.2018;11:30:45;;0;-;;
2971;Trovan Unique;0006B36ADC;07.06.2018;11:30:46;;0;-;;
2972;Trovan Unique;0006B36ADC;07.06.2018;11:30:48;;0;-;;
2973;Trovan Unique;0006B36ADC;07.06.2018;11:30:48;;0;-;;
2974;Trovan Unique;0006B36ADC;07.06.2018;11:30:50;;0;-;;
2975;Trovan Unique;0006B36ADC;07.06.2018;11:30:59;;0;-;;
2976;Trovan Unique;0006B36ADC;07.06.2018;11:31:00;;0;-;;
2977;Trovan Unique;0006B36ADC;07.06.2018;11:31:01;;0;-;;
2978;Trovan Unique;0006B36ADC;07.06.2018;11:31:02;;0;-;;
2979;Trovan Unique;0006B36ADC;07.06.2018;11:31:04;;0;-;;
2980;Trovan Unique;0006B3A272;07.06.2018;11:37:52;;0;-;;
2981;Trovan Unique;0006B3A272;07.06.2018;11:37:54;;0;-;;
2982;Trovan Unique;0006B3A272;07.06.2018;11:37:56;;0;-;;
2983;Trovan Unique;0006B3A272;07.06.2018;11:52:46;;0;-;;
2984;Trovan Unique;0006CC35A6;07.06.2018;12:12:36;;0;-;;
2985;Trovan Unique;0006CC35A6;07.06.2018;12:12:37;;0;-;;
2986;Trovan Unique;0006CC35A6;07.06.2018;12:12:57;;0;-;;
2987;Trovan Unique;00075CFEF0;07.06.2018;12:22:31;;0;-;;
2988;Trovan Unique;00075CFEF0;07.06.2018;12:22:32;;0;-;;
2989;Trovan Unique;00075CFEF0;07.06.2018;12:22:33;;0;-;;
2990;Trovan Unique;00075CFEF0;07.06.2018;12:23:34;;0;-;;
2991;Trovan Unique;00075CFEF0;07.06.2018;12:23:43;;0;-;;
2992;Trovan Unique;00075CFEF0;07.06.2018;12:23:44;;0;-;;
2993;Trovan Unique;00075CFEF0;07.06.2018;12:23:45;;0;-;;
2994;Trovan Unique;00075CFEF0;07.06.2018;12:23:48;;0;-;;
2995;Trovan Unique;00075CFEF0;07.06.2018;12:23:49;;0;-;;
2996;Trovan Unique;00075CFEF0;07.06.2018;12:23:50;;0;-;;
2997;Trovan Unique;00075CFEF0;07.06.2018;12:23:51;;0;-;;
2998;Trovan Unique;00075CFEF0;07.06.2018;12:23:52;;0;-;;
2999;Trovan Unique;00075CFEF0;07.06.2018;12:23:53;;0;-;;
3000;Trovan Unique;00075CFEF0;07.06.2018;12:23:54;;0;-;;
3001;Trovan Unique;00075CFEF0;07.06.2018;12:23:54;;0;-;;
3002;Trovan Unique;00075CFEF0;07.06.2018;12:23:55;;0;-;;
3003;Trovan Unique;00075CFEF0;07.06.2018;12:23:56;;0;-;;
3004;Trovan Unique;00075CFEF0;07.06.2018;12:23:57;;0;-;;
3005;Trovan Unique;00075CFEF0;07.06.2018;12:23:59;;0;-;;
3006;Trovan Unique;00075CFEF0;07.06.2018;12:26:54;;0;-;;
3007;Trovan Unique;00075CFEF0;07.06.2018;12:26:54;;0;-;;
3008;Trovan Unique;00075CFEF0;07.06.2018;12:26:55;;0;-;;
3009;Trovan Unique;00075CFEF0;07.06.2018;12:26:56;;0;-;;
3010;Trovan Unique;00075CFEF0;07.06.2018;12:26:57;;0;-;;
3011;Trovan Unique;00075CFEF0;07.06.2018;12:26:58;;0;-;;
3012;Trovan Unique;00075CFEF0;07.06.2018;12:26:59;;0;-;;
3013;Trovan Unique;00075CFEF0;07.06.2018;12:27:00;;0;-;;
3014;Trovan Unique;00075CFEF0;07.06.2018;12:27:01;;0;-;;
3015;Trovan Unique;00075CFEF0;07.06.2018;12:27:02;;0;-;;
3016;Trovan Unique;00075CFEF0;07.06.2018;12:27:03;;0;-;;
3017;Trovan Unique;00075CFEF0;07.06.2018;12:27:04;;0;-;;
3018;Trovan Unique;00075CFEF0;07.06.2018;12:27:05;;0;-;;
3019;Trovan Unique;00075CFEF0;07.06.2018;12:27:06;;0;-;;
3020;Trovan Unique;00075CFEF0;07.06.2018;12:27:07;;0;-;;
3021;Trovan Unique;00075CFEF0;07.06.2018;12:27:08;;0;-;;
3022;Trovan Unique;00075CFEF0;07.06.2018;12:27:09;;0;-;;
3023;Trovan Unique;00075CFEF0;07.06.2018;12:27:10;;0;-;;
3024;Trovan Unique;00075CFEF0;07.06.2018;12:27:11;;0;-;;
3025;Trovan Unique;00075CFEF0;07.06.2018;12:27:11;;0;-;;
3026;Trovan Unique;00075CFEF0;07.06.2018;12:27:12;;0;-;;
3027;Trovan Unique;00075CFEF0;07.06.2018;12:27:13;;0;-;;
3028;Trovan Unique;00075CFEF0;07.06.2018;12:27:54;;0;-;;
3029;Trovan Unique;00075CFEF0;07.06.2018;12:27:57;;0;-;;
3030;Trovan Unique;00075CFEF0;07.06.2018;12:27:58;;0;-;;
3031;Trovan Unique;00075CFEF0;07.06.2018;12:28:02;;0;-;;
3032;Trovan Unique;00075CFEF0;07.06.2018;12:30:07;;0;-;;
3033;Trovan Unique;00075CFEF0;07.06.2018;12:30:14;;0;-;;
3034;Trovan Unique;00075CFEF0;07.06.2018;12:30:26;;0;-;;
3035;Trovan Unique;00075CFEF0;07.06.2018;12:31:07;;0;-;;
3036;Trovan Unique;00075CFEF0;07.06.2018;12:31:48;;0;-;;
3037;Trovan Unique;00075CFEF0;07.06.2018;12:31:49;;0;-;;
3038;Trovan Unique;00075CFEF0;07.06.2018;12:31:50;;0;-;;
3039;Trovan Unique;00075CFEF0;07.06.2018;12:31:54;;0;-;;
3040;Trovan Unique;00075CFEF0;07.06.2018;12:31:55;;0;-;;
3041;Trovan Unique;00075CFEF0;07.06.2018;12:32:08;;0;-;;
3042;Trovan Unique;00075CFEF0;07.06.2018;12:32:09;;0;-;;
3043;Trovan Unique;00075CFEF0;07.06.2018;12:32:10;;0;-;;
3044;Trovan Unique;00075CFEF0;07.06.2018;12:32:11;;0;-;;
3045;Trovan Unique;00075CFEF0;07.06.2018;12:32:12;;0;-;;
3046;Trovan Unique;00075CFEF0;07.06.2018;12:32:13;;0;-;;
3047;Trovan Unique;00075CFEF0;07.06.2018;12:32:14;;0;-;;
3048;Trovan Unique;00075CFEF0;07.06.2018;12:32:15;;0;-;;
3049;Trovan Unique;00075CFEF0;07.06.2018;12:32:16;;0;-;;
3050;Trovan Unique;00075CFEF0;07.06.2018;12:32:17;;0;-;;
3051;Trovan Unique;00075CFEF0;07.06.2018;12:32:18;;0;-;;
3052;Trovan Unique;00075CFEF0;07.06.2018;12:32:19;;0;-;;
3053;Trovan Unique;00075CFEF0;07.06.2018;12:32:20;;0;-;;
3054;Trovan Unique;00075CFEF0;07.06.2018;12:32:20;;0;-;;
3055;Trovan Unique;00075CFEF0;07.06.2018;12:32:21;;0;-;;
3056;Trovan Unique;00075CFEF0;07.06.2018;12:32:52;;0;-;;
3057;Trovan Unique;00075CFEF0;07.06.2018;12:32:54;;0;-;;
3058;Trovan Unique;00075CFEF0;07.06.2018;12:32:55;;0;-;;
3059;Trovan Unique;00075CFEF0;07.06.2018;12:32:56;;0;-;;
3060;Trovan Unique;00075CFEF0;07.06.2018;12:32:57;;0;-;;
3061;Trovan Unique;00075CFEF0;07.06.2018;12:32:58;;0;-;;
3062;Trovan Unique;00075CFEF0;07.06.2018;12:32:58;;0;-;;
3063;Trovan Unique;00075CFEF0;07.06.2018;12:32:59;;0;-;;
3064;Trovan Unique;00075CFEF0;07.06.2018;12:33:00;;0;-;;
3065;Trovan Unique;00075CFEF0;07.06.2018;12:33:01;;0;-;;
3066;Trovan Unique;00075CFEF0;07.06.2018;12:33:02;;0;-;;
3067;Trovan Unique;00075CFEF0;07.06.2018;12:33:03;;0;-;;
3068;Trovan Unique;00075CFEF0;07.06.2018;12:33:04;;0;-;;
3069;Trovan Unique;00075CFEF0;07.06.2018;12:33:05;;0;-;;
3070;Trovan Unique;00075CFEF0;07.06.2018;12:33:06;;0;-;;
3071;Trovan Unique;00075CFEF0;07.06.2018;12:33:07;;0;-;;
3072;Trovan Unique;00075CFEF0;07.06.2018;12:33:08;;0;-;;
3073;Trovan Unique;00075CFEF0;07.06.2018;12:33:09;;0;-;;
3074;Trovan Unique;00075CFEF0;07.06.2018;12:33:10;;0;-;;
3075;Trovan Unique;00075CFEF0;07.06.2018;12:33:10;;0;-;;
3076;Trovan Unique;00075CFEF0;07.06.2018;12:33:11;;0;-;;
3077;Trovan Unique;00075CFEF0;07.06.2018;12:33:12;;0;-;;
3078;Trovan Unique;00075CFEF0;07.06.2018;12:33:13;;0;-;;
3079;Trovan Unique;00075CFEF0;07.06.2018;12:33:14;;0;-;;
3080;Trovan Unique;00075CFEF0;07.06.2018;12:33:49;;0;-;;
3081;Trovan Unique;00075CFEF0;07.06.2018;12:33:50;;0;-;;
3082;Trovan Unique;00075CFEF0;07.06.2018;12:33:51;;0;-;;
3083;Trovan Unique;00075CFEF0;07.06.2018;12:33:52;;0;-;;
3084;Trovan Unique;00075CFEF0;07.06.2018;12:33:53;;0;-;;
3085;Trovan Unique;00075CFEF0;07.06.2018;12:33:54;;0;-;;
3086;Trovan Unique;00075CFEF0;07.06.2018;12:33:55;;0;-;;
3087;Trovan Unique;00075CFEF0;07.06.2018;12:33:55;;0;-;;
3088;Trovan Unique;00075CFEF0;07.06.2018;12:33:56;;0;-;;
3089;Trovan Unique;00075CFEF0;07.06.2018;12:33:57;;0;-;;
3090;Trovan Unique;00075CFEF0;07.06.2018;12:33:58;;0;-;;
3091;Trovan Unique;00075CFEF0;07.06.2018;12:33:59;;0;-;;
3092;Trovan Unique;00075CFEF0;07.06.2018;12:34:00;;0;-;;
3093;Trovan Unique;00075CFEF0;07.06.2018;12:34:01;;0;-;;
3094;Trovan Unique;00075CFEF0;07.06.2018;12:34:02;;0;-;;
3095;Trovan Unique;00075CFEF0;07.06.2018;12:34:03;;0;-;;
3096;Trovan Unique;00075CFEF0;07.06.2018;12:34:04;;0;-;;
3097;Trovan Unique;00075CFEF0;07.06.2018;12:34:05;;0;-;;
3098;Trovan Unique;00075CFEF0;07.06.2018;12:34:05;;0;-;;
3099;Trovan Unique;00075CFEF0;07.06.2018;12:34:06;;0;-;;
3100;Trovan Unique;00075CFEF0;07.06.2018;12:34:07;;0;-;;
3101;Trovan Unique;00075CFEF0;07.06.2018;12:34:08;;0;-;;
3102;Trovan Unique;00075CFEF0;07.06.2018;12:34:09;;0;-;;
3103;Trovan Unique;00075CFEF0;07.06.2018;12:34:10;;0;-;;
3104;Trovan Unique;00075CFEF0;07.06.2018;12:34:11;;0;-;;
3105;Trovan Unique;00075CFEF0;07.06.2018;12:34:12;;0;-;;
3106;Trovan Unique;00075CFEF0;07.06.2018;12:34:13;;0;-;;
3107;Trovan Unique;00075CFEF0;07.06.2018;12:34:16;;0;-;;
3108;Trovan Unique;00075CFEF0;07.06.2018;12:34:17;;0;-;;
3109;Trovan Unique;00075CFEF0;07.06.2018;12:34:18;;0;-;;
3110;Trovan Unique;00075CFEF0;07.06.2018;12:34:19;;0;-;;
3111;Trovan Unique;00075CFEF0;07.06.2018;12:34:20;;0;-;;
3112;Trovan Unique;00075CFEF0;07.06.2018;12:34:21;;0;-;;
3113;Trovan Unique;00075CFEF0;07.06.2018;12:34:21;;0;-;;
3114;Trovan Unique;00075CFEF0;07.06.2018;12:34:50;;0;-;;
3115;Trovan Unique;00075CFEF0;07.06.2018;12:34:51;;0;-;;
3116;Trovan Unique;00075CFEF0;07.06.2018;12:34:52;;0;-;;
3117;Trovan Unique;00075CFEF0;07.06.2018;12:34:58;;0;-;;
3118;Trovan Unique;00075CFEF0;07.06.2018;12:34:59;;0;-;;
3119;Trovan Unique;00075CFEF0;07.06.2018;12:35:00;;0;-;;
3120;Trovan Unique;00075CFEF0;07.06.2018;12:35:06;;0;-;;
3121;Trovan Unique;00075CFEF0;07.06.2018;12:35:07;;0;-;;
3122;Trovan Unique;00075CFEF0;07.06.2018;12:35:08;;0;-;;
3123;Trovan Unique;00075CFEF0;07.06.2018;12:35:09;;0;-;;
3124;Trovan Unique;00075CFEF0;07.06.2018;12:35:10;;0;-;;
3125;Trovan Unique;00075CFEF0;07.06.2018;12:35:12;;0;-;;
3126;Trovan Unique;00075CFEF0;07.06.2018;12:35:13;;0;-;;
3127;Trovan Unique;00075CFEF0;07.06.2018;12:35:14;;0;-;;
3128;Trovan Unique;00075CFEF0;07.06.2018;12:35:15;;0;-;;
3129;Trovan Unique;00075CFEF0;07.06.2018;12:35:16;;0;-;;
3130;Trovan Unique;00075CFEF0;07.06.2018;12:35:17;;0;-;;
3131;Trovan Unique;00075CFEF0;07.06.2018;12:35:18;;0;-;;
3132;Trovan Unique;00075CFEF0;07.06.2018;12:35:19;;0;-;;
3133;Trovan Unique;00075CFEF0;07.06.2018;12:35:20;;0;-;;
3134;Trovan Unique;00075CFEF0;07.06.2018;12:35:21;;0;-;;
3135;Trovan Unique;00075CFEF0;07.06.2018;12:35:23;;0;-;;
3136;Trovan Unique;00075CFEF0;07.06.2018;12:35:24;;0;-;;
3137;Trovan Unique;00075CFEF0;07.06.2018;12:35:25;;0;-;;
3138;Trovan Unique;00075CFEF0;07.06.2018;12:35:27;;0;-;;
3139;Trovan Unique;00075CFEF0;07.06.2018;12:35:28;;0;-;;
3140;Trovan Unique;00075CFEF0;07.06.2018;12:35:32;;0;-;;
3141;Trovan Unique;00075CFEF0;07.06.2018;12:35:33;;0;-;;
3142;Trovan Unique;00075CFEF0;07.06.2018;12:35:34;;0;-;;
3143;Trovan Unique;00075CFEF0;07.06.2018;12:35:35;;0;-;;
3144;Trovan Unique;00075CFEF0;07.06.2018;12:35:37;;0;-;;
3145;Trovan Unique;00075CFEF0;07.06.2018;12:35:38;;0;-;;
3146;Trovan Unique;00075CFEF0;07.06.2018;12:35:39;;0;-;;
3147;Trovan Unique;00075CFEF0;07.06.2018;12:35:40;;0;-;;
3148;Trovan Unique;00075CFEF0;07.06.2018;12:35:41;;0;-;;
3149;Trovan Unique;00075CFEF0;07.06.2018;12:35:42;;0;-;;
3150;Trovan Unique;00075CFEF0;07.06.2018;12:35:43;;0;-;;
3151;Trovan Unique;00075CFEF0;07.06.2018;12:35:43;;0;-;;
3152;Trovan Unique;00075CFEF0;07.06.2018;12:35:44;;0;-;;
3153;Trovan Unique;00075CFEF0;07.06.2018;12:35:45;;0;-;;
3154;Trovan Unique;00075CFEF0;07.06.2018;12:35:46;;0;-;;
3155;Trovan Unique;00075CFEF0;07.06.2018;12:35:47;;0;-;;
3156;Trovan Unique;00075CFEF0;07.06.2018;12:35:48;;0;-;;
3157;Trovan Unique;00075CFEF0;07.06.2018;12:35:49;;0;-;;
3158;Trovan Unique;00075CFEF0;07.06.2018;12:35:56;;0;-;;
3159;Trovan Unique;00075CFEF0;07.06.2018;12:35:59;;0;-;;
3160;Trovan Unique;00075CFEF0;07.06.2018;12:37:29;;0;-;;
3161;Trovan Unique;00075CFEF0;07.06.2018;12:37:30;;0;-;;
3162;Trovan Unique;00075CFEF0;07.06.2018;12:38:38;;0;-;;
3163;Trovan Unique;00075CFEF0;07.06.2018;12:38:38;;0;-;;
3164;Trovan Unique;00075CFEF0;07.06.2018;12:38:39;;0;-;;
3165;Trovan Unique;00075CFEF0;07.06.2018;12:41:10;;0;-;;
3166;Trovan Unique;00075CFEF0;07.06.2018;12:41:11;;0;-;;
3167;Trovan Unique;00075CFEF0;07.06.2018;12:41:11;;0;-;;
3168;Trovan Unique;00075CFEF0;07.06.2018;12:41:12;;0;-;;
3169;Trovan Unique;00075CFEF0;07.06.2018;12:41:13;;0;-;;
3170;Trovan Unique;00075CFEF0;07.06.2018;12:41:14;;0;-;;
3171;Trovan Unique;00075CFEF0;07.06.2018;12:41:15;;0;-;;
3172;Trovan Unique;00075CFEF0;07.06.2018;12:41:16;;0;-;;
3173;Trovan Unique;00075CFEF0;07.06.2018;12:41:17;;0;-;;
3174;Trovan Unique;00075CFEF0;07.06.2018;12:41:39;;0;-;;
3175;Trovan Unique;00075CFEF0;07.06.2018;12:41:45;;0;-;;
3176;Trovan Unique;00075CFEF0;07.06.2018;12:41:53;;0;-;;
3177;Trovan Unique;00075CFEF0;07.06.2018;12:41:55;;0;-;;
3178;Trovan Unique;00075CFEF0;07.06.2018;12:41:55;;0;-;;
3179;Trovan Unique;00075CFEF0;07.06.2018;12:42:06;;0;-;;
3180;Trovan Unique;00075CFEF0;07.06.2018;12:42:15;;0;-;;
3181;Trovan Unique;00075CFEF0;07.06.2018;12:42:22;;0;-;;
3182;Trovan Unique;00075CFEF0;07.06.2018;12:42:24;;0;-;;
3183;Trovan Unique;00075CFEF0;07.06.2018;12:42:25;;0;-;;
3184;Trovan Unique;00075CFEF0;07.06.2018;12:42:26;;0;-;;
3185;Trovan Unique;00075CFEF0;07.06.2018;12:42:27;;0;-;;
3186;Trovan Unique;00075CFEF0;07.06.2018;12:42:28;;0;-;;
3187;Trovan Unique;00075CFEF0;07.06.2018;12:42:29;;0;-;;
3188;Trovan Unique;00075CFEF0;07.06.2018;12:42:30;;0;-;;
3189;Trovan Unique;00075CFEF0;07.06.2018;12:42:31;;0;-;;
3190;Trovan Unique;00075CFEF0;07.06.2018;12:42:32;;0;-;;
3191;Trovan Unique;00075CFEF0;07.06.2018;12:42:33;;0;-;;
3192;Trovan Unique;00075CFEF0;07.06.2018;12:42:34;;0;-;;
3193;Trovan Unique;00075CFEF0;07.06.2018;12:42:35;;0;-;;
3194;Trovan Unique;00075CFEF0;07.06.2018;12:42:35;;0;-;;
3195;Trovan Unique;00075CFEF0;07.06.2018;12:42:36;;0;-;;
3196;Trovan Unique;00075CFEF0;07.06.2018;12:42:37;;0;-;;
3197;Trovan Unique;00075CFEF0;07.06.2018;12:42:38;;0;-;;
3198;Trovan Unique;00075CFEF0;07.06.2018;12:42:39;;0;-;;
3199;Trovan Unique;00075CFEF0;07.06.2018;12:42:40;;0;-;;
3200;Trovan Unique;00075CFEF0;07.06.2018;12:42:41;;0;-;;
3201;Trovan Unique;00075CFEF0;07.06.2018;12:42:43;;0;-;;
3202;Trovan Unique;00075CFEF0;07.06.2018;12:42:44;;0;-;;
3203;Trovan Unique;00075CFEF0;07.06.2018;12:42:45;;0;-;;
3204;Trovan Unique;00075CFEF0;07.06.2018;12:42:46;;0;-;;
3205;Trovan Unique;00075CFEF0;07.06.2018;12:42:47;;0;-;;
3206;Trovan Unique;00075CFEF0;07.06.2018;12:42:48;;0;-;;
3207;Trovan Unique;00075CFEF0;07.06.2018;12:42:48;;0;-;;
3208;Trovan Unique;00075CFEF0;07.06.2018;12:42:49;;0;-;;
3209;Trovan Unique;00075CFEF0;07.06.2018;12:42:50;;0;-;;
3210;Trovan Unique;00075CFEF0;07.06.2018;12:42:51;;0;-;;
3211;Trovan Unique;00075CFEF0;07.06.2018;12:42:52;;0;-;;
3212;Trovan Unique;00075CFEF0;07.06.2018;12:42:53;;0;-;;
3213;Trovan Unique;00075CFEF0;07.06.2018;12:42:55;;0;-;;
3214;Trovan Unique;00075CFEF0;07.06.2018;12:43:00;;0;-;;
3215;Trovan Unique;00075CFEF0;07.06.2018;12:43:01;;0;-;;
3216;Trovan Unique;00075CFEF0;07.06.2018;12:43:02;;0;-;;
3217;Trovan Unique;00075CFEF0;07.06.2018;12:43:05;;0;-;;
3218;Trovan Unique;00075CFEF0;07.06.2018;12:43:06;;0;-;;
3219;Trovan Unique;00075CFEF0;07.06.2018;12:43:06;;0;-;;
3220;Trovan Unique;00075CFEF0;07.06.2018;12:43:07;;0;-;;
3221;Trovan Unique;00075CFEF0;07.06.2018;12:43:08;;0;-;;
3222;Trovan Unique;00075CFEF0;07.06.2018;12:43:09;;0;-;;
3223;Trovan Unique;00075CFEF0;07.06.2018;12:43:10;;0;-;;
3224;Trovan Unique;00075CFEF0;07.06.2018;12:43:11;;0;-;;
3225;Trovan Unique;00075CFEF0;07.06.2018;12:43:12;;0;-;;
3226;Trovan Unique;00075CFEF0;07.06.2018;12:43:13;;0;-;;
3227;Trovan Unique;00075CFEF0;07.06.2018;12:43:14;;0;-;;
3228;Trovan Unique;00075CFEF0;07.06.2018;12:43:19;;0;-;;
3229;Trovan Unique;00075CFEF0;07.06.2018;12:43:20;;0;-;;
3230;Trovan Unique;00075CFEF0;07.06.2018;12:43:21;;0;-;;
3231;Trovan Unique;00075CFEF0;07.06.2018;12:43:22;;0;-;;
3232;Trovan Unique;00075CFEF0;07.06.2018;12:43:23;;0;-;;
3233;Trovan Unique;00075CFEF0;07.06.2018;12:43:25;;0;-;;
3234;Trovan Unique;00075CFEF0;07.06.2018;12:43:26;;0;-;;
3235;Trovan Unique;00075CFEF0;07.06.2018;12:43:27;;0;-;;
3236;Trovan Unique;00075CFEF0;07.06.2018;12:43:28;;0;-;;
3237;Trovan Unique;00075CFEF0;07.06.2018;12:43:32;;0;-;;
3238;Trovan Unique;00075CFEF0;07.06.2018;12:43:32;;0;-;;
3239;Trovan Unique;00075CFEF0;07.06.2018;12:43:34;;0;-;;
3240;Trovan Unique;00075CFEF0;07.06.2018;12:43:35;;0;-;;
3241;Trovan Unique;00075CFEF0;07.06.2018;12:43:39;;0;-;;
3242;Trovan Unique;00075CFEF0;07.06.2018;12:43:40;;0;-;;
3243;Trovan Unique;00075CFEF0;07.06.2018;12:43:49;;0;-;;
3244;Trovan Unique;00075CFEF0;07.06.2018;12:44:10;;0;-;;
3245;Trovan Unique;00075CFEF0;07.06.2018;12:44:11;;0;-;;
3246;Trovan Unique;00075CFEF0;07.06.2018;12:44:15;;0;-;;
3247;Trovan Unique;00075CFEF0;07.06.2018;12:44:25;;0;-;;
3248;Trovan Unique;00075CFEF0;07.06.2018;12:45:02;;0;-;;
3249;Trovan Unique;00075CFEF0;07.06.2018;12:45:03;;0;-;;
3250;Trovan Unique;00075CFEF0;07.06.2018;12:45:18;;0;-;;
3251;Trovan Unique;00075CFEF0;07.06.2018;12:45:24;;0;-;;
3252;Trovan Unique;00075CFEF0;07.06.2018;12:45:28;;0;-;;
3253;Trovan Unique;00075CFEF0;07.06.2018;12:45:29;;0;-;;
3254;Trovan Unique;00075CFEF0;07.06.2018;12:45:31;;0;-;;
3255;Trovan Unique;00075CFEF0;07.06.2018;12:45:33;;0;-;;
3256;Trovan Unique;00075CFEF0;07.06.2018;12:45:34;;0;-;;
3257;Trovan Unique;00075CFEF0;07.06.2018;12:46:52;;0;-;;
3258;Trovan Unique;00079ABB95;07.06.2018;12:48:49;;0;-;;
3259;Trovan Unique;00079ABB95;07.06.2018;12:48:51;;0;-;;
