date_time,id,box
2021-04-24 19:40:25,0006B36D8B,KP
2021-04-24 21:18:20,00075B29B2,KP
2021-04-24 21:20:58,0006B3B75C,KP
2021-04-24 21:21:16,00074F663E,KP
2021-04-24 21:23:14,0006E239ED,KP
2021-04-25 04:51:07,0006B3B75C,KP
2021-04-25 04:51:35,0006B3B75C,KP
2021-04-25 16:59:47,0006B36D8B,KP
2021-04-28 21:08:24,00075B22B0,K28
2021-04-28 21:08:44,00075B22B0,K28
2021-04-28 21:08:59,00075B22B0,K28
2021-04-28 21:09:26,000786D14D,K28
2021-04-28 21:09:44,00074F663E,K28
2021-04-28 21:12:59,00071E15BF,K28
2021-04-28 21:14:11,0007ABF44A,K28
2021-04-28 21:15:14,0006B3B75C,K28
2021-04-28 21:15:26,00075D076C,K28
2021-04-28 21:16:13,0007AC80F1,K28
2021-04-28 23:50:42,000799A5EF,K28
2021-04-29 00:02:17,0006E241C1,K28
2021-04-29 00:02:29,000799A5EF,K28
2021-04-29 00:10:26,0007AC8787,K28
2021-04-29 00:13:38,000786D14D,K28
2021-04-29 00:21:07,0006B3BF04,K28
2021-04-29 00:23:44,00071E15BF,K28
2021-04-29 00:28:54,0007AC80F1,K28
2021-04-29 00:36:16,000799A5EF,K28
2021-04-29 00:37:21,0006B34FE4,K28
2021-04-29 00:40:35,0007AC8787,K28
2021-04-29 00:42:41,00074F663E,K28
2021-04-29 01:06:28,00075D076C,K28
2021-04-29 01:08:22,000799A5EF,K28
2021-04-29 01:10:25,00075B22B0,K28
2021-04-29 01:12:05,000783CB2B,K28
2021-04-29 01:12:47,0006B3BF04,K28
2021-04-29 01:21:58,000783F377,K28
2021-04-29 01:25:46,0006B3BF04,K28
2021-04-29 02:47:24,000799A5EF,K28
2021-04-29 02:56:34,000783CB2B,K28
2021-04-29 03:01:48,00071E15BF,K28
2021-04-29 03:04:46,0006E241C1,K28
2021-04-29 03:11:49,000783F377,K28
2021-04-29 03:14:31,000786D14D,K28
2021-04-29 03:15:53,00075B22B0,K28
2021-04-29 03:30:21,0007AC80F1,K28
2021-04-29 03:30:35,0007AC80F1,K28
2021-04-29 14:12:58,0006B36D8B,K28
2021-04-29 14:17:15,0006B36D8B,K28
2021-04-29 21:53:13,000799A5EF,K28
2021-04-29 22:01:18,000799A5EF,K28
2021-04-29 22:01:29,000799A5EF,K28
2021-04-29 22:17:01,000783CB2B,K28
2021-04-29 22:24:22,0006E241C1,K28
2021-04-29 22:28:02,0006E241C1,K28
2021-04-29 23:20:43,0006CC24E9,K28
2021-04-29 23:20:52,00075B22B0,K28
2021-04-29 23:21:03,00075B22B0,K28
2021-04-29 23:21:06,0007AC3CC1,K28
2021-04-29 23:28:26,000799A5EF,K28
2021-04-29 23:35:08,00075D076C,K28
2021-04-29 23:36:12,00075B22B0,K28
2021-04-29 23:37:21,00071E15BF,K28
2021-04-29 23:58:55,0007AC3CC1,K28
2021-04-30 00:06:19,000786D14D,K28
2021-04-30 00:10:05,000799A5EF,K28
2021-04-30 00:22:27,0006B3B75C,K28
2021-04-30 00:31:43,00075D076C,K28
2021-04-30 00:43:50,00074F663E,K28
2021-04-30 00:45:08,000788A24D,K28
2021-04-30 00:52:47,0006B34FE4,K28
2021-04-30 00:56:07,000786D14D,K28
2021-04-30 00:57:05,00075B22B0,K28
2021-04-30 00:57:08,0007AC80F1,K28
2021-04-30 01:00:13,00075D076C,K28
2021-04-30 01:25:55,00074F663E,K28
2021-04-30 01:33:23,00071E15BF,K28
2021-04-30 02:13:29,0007AC80F1,K28
2021-04-30 03:22:09,00074F663E,K28
2021-04-30 03:22:21,00074F663E,K28
2021-04-30 04:18:40,0007AC80F1,K28
2021-04-30 21:43:42,00074F663E,K28
2021-05-01 13:20:14,0006B36D8B,K28
2021-05-01 13:22:35,0006B36D8B,K28
2021-05-01 21:27:27,0006E239ED,K28
2021-05-01 21:28:13,000788A24D,K28
2021-05-01 21:28:45,0006E239ED,K28
2021-05-01 21:47:25,00075D076C,K28
2021-05-01 21:52:15,000788A24D,K28
2021-05-01 22:20:58,0006B3B75C,K28
2021-05-04 09:56:07,0006B36D8B,K28
2021-05-04 21:44:00,0007ABF44A,K28
2021-05-04 21:49:18,0006B3B75C,K28
2021-05-04 21:50:12,00074F663E,K28
2021-05-04 21:56:56,0007AC3CC1,K28
2021-05-04 22:01:56,00071E15BF,K28
2021-05-04 22:11:34,000783F377,K28
2021-05-04 22:14:14,0007AC3CC1,K28
2021-05-04 22:14:47,000786D14D,K28
2021-05-04 22:16:38,0007AC80F1,K28
2021-05-04 22:38:02,00075D076C,K28
2021-05-04 23:44:17,0006B3AC35,K28
2021-05-04 23:52:05,0006E24ECA,K28
2021-05-08 03:52:12,0006B3B75C,K28
2021-05-08 04:43:31,00071E15BF,K28
2021-05-09 15:15:04,0006B36D8B,K28
2021-05-09 15:34:25,000788A24D,K28
2021-05-09 15:38:51,00074F7C6F,K28
2021-05-09 15:39:02,00074F7C6F,K28
2021-05-09 15:39:22,00074F7C6F,K28
2021-05-09 15:41:31,00074F7C6F,K28
2021-05-09 15:41:42,00074F7C6F,K28
2021-05-09 15:41:53,00074F7C6F,K28
2021-05-09 15:42:04,00074F7C6F,K28
2021-05-09 15:42:15,00074F7C6F,K28
2021-05-09 15:42:26,00074F7C6F,K28
2021-05-09 15:42:37,00074F7C6F,K28
2021-05-09 15:42:48,00074F7C6F,K28
2021-05-09 15:42:59,00074F7C6F,K28
2021-05-09 15:43:10,00074F7C6F,K28
2021-05-09 15:43:21,00074F7C6F,K28
2021-05-09 15:43:32,00074F7C6F,K28
2021-05-09 15:43:43,00074F7C6F,K28
2021-05-09 15:51:44,00074F7C6F,K28
2021-05-09 21:11:40,0006CC24E9,K28
2021-05-09 21:15:30,000788A24D,K28
2021-05-09 21:16:35,0007AC418B,K28
2021-05-09 21:16:46,0007AC418B,K28
2021-05-09 21:19:00,0006B3B75C,K28
2021-05-09 21:19:02,00075CE063,K28
2021-05-09 21:19:04,0007AC3CC1,K28
2021-05-09 21:19:08,00074EEC1A,K28
2021-05-09 21:19:28,000788A24D,K28
2021-05-09 21:19:39,00079A0255,K28
2021-05-09 21:19:47,0007ABC5F2,K28
2021-05-09 21:20:14,00074F7C6F,K28
2021-05-09 21:20:26,0006CC24E9,K28
2021-05-09 21:23:14,0006B3BF04,K28
2021-05-09 21:23:23,00075B22B0,K28
2021-05-09 21:23:25,0006E239ED,K28
2021-05-09 21:23:30,0007ABF44A,K28
2021-05-09 21:24:41,000786D14D,K28
2021-05-09 21:24:42,0006E241C1,K28
2021-05-09 21:24:44,0007AC0387,K28
2021-05-09 21:25:31,000783CB2B,K28
2021-05-09 21:25:44,0007AC44BD,K28
2021-05-09 21:25:56,0006E24C7B,K28
2021-05-09 21:26:31,0007AC80F1,K28
2021-05-09 21:26:54,00074F663E,K28
2021-05-09 21:27:11,00071E15BF,K28
2021-05-09 21:27:31,000799A5EF,K28
2021-05-09 21:27:37,0006E24ECA,K28
2021-05-09 21:27:55,0007ABA539,K28
2021-05-09 21:28:00,0007ABDCCF,K28
2021-05-09 21:28:05,00068E377E,K28
2021-05-09 21:29:39,0006B3AC35,K28
2021-05-09 21:30:33,00075B29B2,K28
2021-05-09 21:34:14,0007ABD629,K28
2021-05-09 21:34:42,0007AC5939,K28
2021-05-10 00:03:08,0007ACAC37,K28
2021-05-10 00:04:15,0007ACAC37,K28
2021-05-10 00:51:40,0007AC418B,K28
2021-05-10 00:51:51,0007AC418B,K28
2021-05-10 00:52:02,0007AC418B,K28
2021-05-10 00:53:49,000783CB2B,K28
2021-05-10 02:01:49,0007AC8787,K28
2021-05-10 05:00:54,0006E24C7B,K28
2021-05-10 05:06:43,0006B3BF04,K28
2021-05-10 05:07:22,0007AC5939,K28
2021-05-10 21:20:19,0007AC0387,KP
2021-05-10 21:21:58,0006E239ED,KP
2021-05-10 21:23:44,0006B3AC35,KP
2021-05-10 21:23:57,0007AC3CC1,K28
2021-05-10 21:27:05,00075D879F,K28
2021-05-10 21:27:09,0007AC80F1,K28
2021-05-10 21:28:31,00075B29B2,KP
2021-05-10 21:29:41,0006B3BF04,K28
2021-05-10 21:30:18,00079AAA3C,K28
2021-05-10 21:30:20,0006E24C7B,K28
2021-05-10 21:33:05,0006B3B75C,K28
2021-05-10 21:33:43,00075D076C,K28
2021-05-10 21:33:44,0007AC5939,K28
2021-05-10 21:33:52,000786D14D,K28
2021-05-10 23:28:57,0007AC8787,KP
2021-05-10 23:30:59,0007AC8787,KP
2021-05-10 23:31:10,0007AC8787,KP
2021-05-11 02:18:44,0006B34FE4,K28
2021-05-11 02:25:47,000783F377,K28
2021-05-11 02:25:53,00075D879F,K28
2021-05-11 05:04:18,0006E239ED,KP
2021-05-11 05:04:56,0006E239ED,KP
2021-05-11 16:57:23,0006B36D8B,K28
2021-05-11 17:01:06,0006B36D8B,KP
2021-05-11 17:13:52,0006B36D8B,K60
2021-05-11 21:43:20,0007AC8787,K60
2021-05-11 21:43:27,0007AC9A5D,K60
2021-05-11 21:43:38,0007AC9A5D,K60
2021-05-11 21:43:55,0007AC9A5D,K60
2021-05-11 21:45:04,0006E24C7B,K60
2021-05-11 21:45:44,00075D879F,K60
2021-05-11 21:46:41,0007AC0387,K60
2021-05-11 21:46:52,0007AC0387,K60
2021-05-11 21:47:04,0007AC0387,K60
2021-05-11 21:47:31,0007AC82C7,K60
2021-05-11 21:47:44,0007ABF44A,K60
2021-05-11 21:47:46,0007AC80F1,K60
2021-05-11 21:47:59,0007AC0387,K60
2021-05-11 21:51:56,00074F7C6F,K60
2021-05-11 21:52:21,000783CB2B,K60
2021-05-11 21:53:58,0006B3BF04,K60
2021-05-11 21:54:02,0007ACAC37,K60
2021-05-11 21:55:05,00075B22B0,K60
2021-05-11 21:55:18,00071E2D31,K60
2021-05-11 21:56:08,0007AC418B,K60
2021-05-11 21:56:18,00075CE063,K60
2021-05-11 21:56:35,0007ABD4DC,K60
2021-05-11 21:57:21,0006B3B75C,K60
2021-05-11 21:57:23,000799A5EF,K60
2021-05-11 21:57:28,0007ABA539,K60
2021-05-11 21:57:41,0007ABD4DC,K60
2021-05-11 21:58:35,000788A24D,K60
2021-05-11 21:59:02,0007AC44BD,K60
2021-05-11 21:59:06,0007AC3CC1,K60
2021-05-11 21:59:09,0006B34FE4,K60
2021-05-11 21:59:13,00079A0255,K60
2021-05-11 21:59:42,0007ABD629,K60
2021-05-11 21:59:47,00079AAA3C,K60
2021-05-11 22:01:00,00068E377E,K60
2021-05-11 22:02:29,0006E24ECA,K60
2021-05-11 22:04:37,00074EEC1A,K60
2021-05-11 22:04:44,0006E239ED,K60
2021-05-11 22:04:55,0006E239ED,K60
2021-05-11 22:05:11,0006E239ED,K60
2021-05-11 22:05:25,0006B3AC35,K60
2021-05-11 22:05:28,00071E15BF,K60
2021-05-11 22:05:44,00074F663E,K60
2021-05-11 22:06:28,0007ABC5F2,K60
2021-05-11 22:06:33,000786B8A2,K60
2021-05-11 22:09:35,00075CE063,K60
2021-05-11 22:17:04,0007ABDCCF,K60
2021-05-11 22:17:22,0006CC24E9,K60
2021-05-11 22:19:59,0006E241C1,K60
2021-05-11 22:25:37,00075B29B2,K60
2021-05-11 22:34:01,00075D076C,K60
2021-05-11 22:39:39,00075CE063,K60
2021-05-11 22:41:09,000783F377,K60
2021-05-11 22:48:51,00071E15BF,K60
2021-05-13 21:20:03,000786B8A2,KP
2021-05-13 21:22:04,00075D879F,KP
2021-05-13 21:24:34,0007ABA539,KP
2021-05-13 21:24:51,000783CB2B,KP
2021-05-13 21:24:55,0006E24C7B,KP
2021-05-13 21:25:28,00079A0255,KP
2021-05-13 21:26:33,0007ABC5F2,KP
2021-05-13 21:27:38,0006E24ECA,KP
2021-05-13 21:28:19,0006B3BF04,KP
2021-05-13 21:28:27,0007AC44BD,KP
2021-05-13 21:28:31,00075B22B0,KP
2021-05-13 21:29:34,000786D14D,KP
2021-05-13 21:29:37,0007AC80F1,KP
2021-05-13 21:30:26,00075D076C,KP
2021-05-13 21:30:27,0006E241C1,KP
2021-05-13 21:31:01,00074EEC1A,KP
2021-05-13 21:31:18,0006B3B75C,KP
2021-05-13 21:32:52,000799A5EF,KP
2021-05-13 21:33:39,0006E239ED,KP
2021-05-13 21:33:42,00074F663E,KP
2021-05-13 21:36:52,0007ABF44A,KP
2021-05-13 21:36:54,000783F377,KP
2021-05-13 21:38:05,0006B34FE4,KP
2021-05-13 21:38:13,00071E15BF,KP
2021-05-13 21:40:00,00079AAA3C,KP
2021-05-13 21:40:09,0007AC5939,KP
2021-05-14 00:23:06,0007AC3CC1,KP
2021-05-14 04:47:28,0006B3B75C,KP
2021-05-14 04:47:46,00074EEC1A,KP
2021-05-14 04:48:41,00071E2D31,KP
2021-05-14 04:48:49,0007ABD4DC,KP
2021-05-14 04:49:48,00079A0255,KP
2021-05-14 04:50:44,0006E24C7B,KP
2021-05-14 04:52:58,000799A5EF,KP
2021-05-14 04:57:23,0007AC5939,KP
2021-05-14 04:57:32,0006B3BF04,KP
2021-05-14 04:59:59,0006CC24E9,KP
2021-05-14 05:01:26,0006E239ED,KP
2021-05-14 05:01:28,0006E241C1,KP
2021-05-14 05:04:43,0007AC44BD,KP
2021-05-14 11:06:41,0006B36D8B,KP
2021-05-14 22:56:56,0007AC82C7,KP
2021-05-15 13:28:08,0006B36D8B,K80
2021-05-15 20:00:10,0007AC0387,K80
2021-05-15 21:19:26,0006E24ECA,K80
2021-05-15 21:20:13,0007AC8787,K80
2021-05-15 21:21:16,00079A0255,K80
2021-05-15 21:27:35,00075D879F,K80
2021-05-15 21:27:39,0006E24C7B,K80
2021-05-15 21:43:42,000783CB2B,K80
2021-05-15 21:45:06,00071E15BF,K80
2021-05-15 21:49:44,00068E377E,K80
2021-05-15 21:49:50,00075B22B0,K80
2021-05-15 21:50:27,0006E239ED,K80
2021-05-15 21:51:22,0007AC80F1,K80
2021-05-15 21:51:23,0007ABF44A,K80
2021-05-15 21:56:24,0007ABC809,K80
2021-05-15 21:56:35,0007ABC809,K80
2021-05-15 21:56:38,0006B34FE4,K80
2021-05-15 21:57:59,0007ABD4DC,K80
2021-05-15 21:58:03,0006CC24E9,K80
2021-05-15 21:58:06,00079AAA3C,K80
2021-05-15 21:58:31,00071E2D31,K80
2021-05-15 21:58:35,0007AC44BD,K80
2021-05-15 21:58:39,00074F663E,K80
2021-05-15 21:58:47,0006B3B75C,K80
2021-05-15 21:58:50,000786D14D,K80
2021-05-15 22:01:06,0006B3AC35,K80
2021-05-15 22:02:55,000788A24D,K80
2021-05-15 22:08:32,0006B3BF04,K80
2021-05-15 22:10:11,000799A5EF,K80
2021-05-15 22:10:16,0007AC0387,K80
2021-05-15 22:10:23,000783F377,K80
2021-05-15 22:10:28,000799A5EF,K80
2021-05-15 22:10:40,0007AC5939,K80
2021-05-15 22:11:36,00074F7C6F,K80
2021-05-15 22:11:58,0006E241C1,K80
2021-05-15 22:12:52,00074EEC1A,K80
2021-05-15 22:13:58,00075D076C,K80
2021-05-15 22:14:04,0007ABA539,K80
2021-05-15 22:14:13,0007ABC5F2,K80
2021-05-15 22:19:04,00071E15BF,K80
2021-05-15 22:19:19,0007ABDCCF,K80
2021-05-15 23:01:32,00071E2D31,K80
2021-05-15 23:31:55,00071E2D31,K80
2021-05-15 23:32:06,00071E2D31,K80
2021-05-15 23:32:17,00071E2D31,K80
2021-05-16 00:39:36,00071E15BF,K80
2021-05-16 04:26:44,000788A24D,K80
2021-05-17 14:26:22,0006E256E0,K96
2021-05-17 21:31:24,0006E24ECA,K96
2021-05-17 21:35:11,0006E239ED,K96
2021-05-17 21:35:28,0006B3BF04,K96
2021-05-17 21:35:49,00075B29B2,K96
2021-05-17 21:36:32,00074F663E,K96
2021-05-17 21:39:30,00075D879F,K96
2021-05-17 21:43:20,00074F7C6F,K96
2021-05-17 21:45:11,00079AAA3C,K96
2021-05-17 21:45:37,00075D076C,K96
2021-05-17 21:46:36,0007AC5939,K96
2021-05-17 22:33:02,00074F7C6F,K96
2021-05-17 22:33:20,00074F663E,K96
2021-05-17 23:18:41,0007ABC5F2,K96
2021-05-17 23:19:33,0007ABC5F2,K96
2021-05-17 23:19:37,0006E24ECA,K96
2021-05-18 02:13:59,00075B29B2,K96
2021-05-18 02:36:09,0007ABD629,K96
2021-05-18 02:36:57,0007ABD629,K96
2021-05-18 04:32:35,000788A24D,K96
2021-05-18 04:43:40,0007ABC5F2,K96
2021-05-18 04:45:12,0007ABA539,K96
2021-05-18 04:45:36,0007ABC5F2,K96
2021-05-18 04:51:48,00079AAA3C,K96
2021-05-18 04:52:32,000783F377,K96
2021-05-18 04:52:36,000783F429,K96
2021-05-18 04:55:12,00074F663E,K96
2021-05-18 04:56:23,0007ABA539,K96
2021-05-18 04:56:47,0007AC44BD,K96
2021-05-18 04:57:14,0007ABA539,K96
2021-05-18 04:57:44,0007AC80F1,K96
2021-05-18 04:57:49,0006E239ED,K96
2021-05-18 05:00:33,00075D879F,K96
2021-05-18 05:00:43,0006E241C1,K96
2021-05-18 05:00:59,0006B3AC35,K96
2021-05-18 05:03:14,0007AC5939,K96
2021-05-18 05:03:49,0007AC44BD,K96
2021-05-18 05:05:37,00075B29B2,K96
2021-05-18 05:08:45,0007AC44BD,K96
2021-05-18 05:18:32,0006B3AC35,K96
2021-05-18 05:18:55,0006B3AC35,K96
2021-05-18 05:20:07,0006B3AC35,K96
2021-05-18 05:20:31,00075B29B2,K96
2021-05-18 05:20:35,0006B3AC35,K96
2021-05-18 05:20:46,0006B3AC35,K96
2021-05-18 05:21:21,0006B3AC35,K96
2021-05-18 05:21:25,0007ABDCCF,K96
2021-05-18 05:21:28,00075B29B2,K96
2021-05-18 12:46:11,0006E256E0,K80
2021-05-18 21:16:18,0006E24C7B,K95
2021-05-18 21:22:29,0006B3BF04,K95
2021-05-18 21:25:43,0006B34FE4,K95
2021-05-18 21:25:47,0007ABD629,K95
2021-05-18 21:25:53,000799A5EF,K95
2021-05-18 21:26:08,0007ABDCCF,K95
2021-05-18 21:27:14,0007AC0387,K96
2021-05-18 21:30:05,00074F7C6F,K96
2021-05-18 21:30:15,0006E24ECA,K96
2021-05-18 21:31:15,00075D879F,K96
2021-05-18 21:31:48,000783CB2B,K95
2021-05-18 21:32:11,00079A0255,K95
2021-05-18 21:32:30,0007ACAC37,K96
2021-05-18 21:32:37,000786D14D,K95
2021-05-18 21:32:47,0006E239ED,K96
2021-05-18 21:33:27,0007ABC5F2,K95
2021-05-18 21:34:13,000788A24D,K96
2021-05-18 21:34:32,0007ABA539,K95
2021-05-18 21:34:42,00075D076C,K96
2021-05-18 21:34:59,0007AC44BD,K96
2021-05-18 21:35:46,0006E241C1,K96
2021-05-18 21:38:45,0007AC5939,K96
2021-05-18 21:50:47,0007ABD4DC,K80
2021-05-18 22:16:37,00074EEC1A,K95
2021-05-18 22:16:43,000786D14D,K95
2021-05-18 22:21:04,00074EEC1A,K95
2021-05-18 22:38:48,0007AC3CC1,K80
2021-05-18 22:51:12,00074EEC1A,K95
2021-05-18 23:05:10,0006B3BF04,K95
2021-05-18 23:13:22,000786D14D,K95
2021-05-18 23:14:48,00079A0255,K96
2021-05-18 23:14:59,00079A0255,K96
2021-05-18 23:46:04,00074F7C6F,K95
2021-05-18 23:52:50,00079A0255,K95
2021-05-18 23:53:41,000786D14D,K95
2021-05-18 23:53:47,00074EEC1A,K95
2021-05-18 23:54:40,0007ABDCCF,K96
2021-05-18 23:55:25,0006B3BF04,K95
2021-05-19 00:17:44,0006B3B75C,K96
2021-05-19 00:23:12,00074F7C6F,K95
2021-05-19 01:23:03,000786D14D,K96
2021-05-19 01:23:22,000786D14D,K96
2021-05-19 01:59:01,000786D14D,K96
2021-05-19 02:56:03,0006B3BF04,K96
2021-05-19 02:56:17,0006B3BF04,K96
2021-05-19 02:56:38,0006B3BF04,K95
2021-05-19 02:56:51,0006B3BF04,K95
2021-05-19 04:06:44,0006B3BF04,K96
2021-05-19 04:07:26,0006B3BF04,K96
2021-05-19 04:10:10,0006B3BF04,K96
2021-05-19 04:10:36,0006B3BF04,K96
2021-05-19 04:10:49,0006B3BF04,K95
2021-05-19 04:13:04,0006B3BF04,K95
2021-05-19 04:13:19,0006B3BF04,K96
2021-05-19 04:13:49,00074EEC1A,K96
2021-05-19 04:14:55,00074EEC1A,K96
2021-05-19 04:18:14,00074EEC1A,K96
2021-05-19 04:18:59,00074EEC1A,K96
2021-05-19 04:19:38,00074EEC1A,K95
2021-05-19 04:22:15,00079A0255,K96
2021-05-19 04:23:00,00074EEC1A,K95
2021-05-19 04:26:32,00074EEC1A,K96
2021-05-19 04:26:45,00074EEC1A,K96
2021-05-19 04:27:11,0007AC80F1,K96
2021-05-19 04:44:10,0006B3B75C,K96
2021-05-19 04:53:01,0007ABC5F2,K96
2021-05-19 04:53:16,000783CB2B,K96
2021-05-19 04:59:29,000783F377,K96
2021-05-19 04:59:36,0007ABDCCF,K96
2021-05-19 05:02:54,0006E239ED,K96
2021-05-19 05:04:48,00079A0255,K96
2021-05-19 05:05:11,00079A0255,K96
2021-05-19 21:28:48,0006E239ED,K96
2021-05-19 21:34:44,00079A0255,K96
2021-05-19 21:36:16,0007ABC809,K96
2021-05-19 21:36:19,0006B3BF04,K96
2021-05-19 21:37:34,00074EEC1A,K96
2021-05-19 21:37:54,00074F7C6F,K96
2021-05-19 21:39:22,00075D076C,K96
2021-05-19 21:39:27,000786D14D,K96
2021-05-19 22:23:17,0007AC82C7,K96
2021-05-20 00:18:31,000788A24D,K96
2021-05-20 03:58:00,0006CC24E9,K96
2021-05-20 03:58:20,0006CC24E9,K96
2021-05-20 04:38:46,000783F429,K96
2021-05-20 04:40:40,0006B3B75C,K96
2021-05-20 04:41:15,000783F429,K96
2021-05-20 04:41:35,0007ABC809,K96
2021-05-20 04:42:00,000799A5EF,K96
2021-05-20 04:42:23,0007AC5939,K96
2021-05-20 04:43:48,00079AAA3C,K96
2021-05-20 04:43:49,00074EEC1A,K96
2021-05-20 04:45:43,0006E239ED,K96
2021-05-20 04:46:06,0007ABD629,K96
2021-05-20 04:50:50,00079AAA3C,K96
2021-05-20 04:51:44,0006E241C1,K96
2021-05-20 04:52:34,0006CC24E9,K96
2021-05-20 04:59:05,0006B3BF04,K96
2021-05-20 04:59:21,00079AAA3C,K96
2021-05-20 17:39:26,0007AC0387,K96
2021-05-20 20:24:30,0007ACAC37,K28
2021-05-20 21:15:08,000799A5EF,K96
2021-05-20 21:15:19,000799A5EF,K96
2021-05-20 21:16:54,0007ABA539,K28
2021-05-20 21:19:46,000783F429,K28
2021-05-20 21:19:49,0006E24C7B,K28
2021-05-20 21:22:20,0007AC0387,K96
2021-05-20 21:22:24,0007ABD629,K96
2021-05-20 21:22:29,0006E24ECA,K96
2021-05-20 21:22:35,0006B3BF04,K96
2021-05-20 21:23:11,0007ABF44A,K28
2021-05-20 21:23:17,00074F663E,K28
2021-05-20 21:23:19,00075B22B0,K28
2021-05-20 21:23:25,00075D879F,K28
2021-05-20 21:24:10,0007ACAC37,K28
2021-05-20 21:24:12,0006B34FE4,K28
2021-05-20 21:25:14,00075B29B2,K28
2021-05-20 21:25:38,0006E241C1,K96
2021-05-20 21:25:49,00079A0255,K96
2021-05-20 21:25:49,0007ABC5F2,K28
2021-05-20 21:26:00,000783CB2B,K28
2021-05-20 21:26:15,000786D14D,K96
2021-05-20 21:26:21,000783F377,K96
2021-05-20 21:26:40,0007ABD629,K96
2021-05-20 21:26:55,0006E239ED,K96
2021-05-20 21:26:57,0007AC80F1,K96
2021-05-20 21:27:17,0007AC5939,K96
2021-05-20 21:28:54,000788A24D,K96
2021-05-20 21:29:20,00075D076C,K28
2021-05-20 21:30:10,00074F7C6F,K96
2021-05-20 21:30:15,0007ABDCCF,K96
2021-05-20 21:31:02,0006B3B75C,K96
2021-05-20 21:32:06,00074EEC1A,K96
2021-05-20 21:35:46,0006CC24E9,K96
2021-05-20 22:43:35,0007AC8787,K28
2021-05-20 22:58:52,000783CB2B,K28
2021-05-20 23:04:48,0007AC8787,K28
2021-05-20 23:13:05,0007ABD4DC,K96
2021-05-20 23:25:28,0007AC8787,K28
2021-05-21 00:27:20,00074F7C6F,K28
2021-05-21 00:36:37,0007AC44BD,K28
2021-05-21 00:37:09,0007AC44BD,K28
2021-05-21 00:37:30,0007AC44BD,K28
2021-05-21 00:38:22,0007AC44BD,K28
2021-05-21 01:11:03,00074EEC1A,K28
2021-05-21 01:11:19,00074EEC1A,K28
2021-05-21 01:37:11,000799A5EF,K28
2021-05-21 02:47:23,0006B3B75C,K28
2021-05-21 02:47:43,0006B3B75C,K28
2021-05-21 02:47:54,0006B3B75C,K28
2021-05-21 02:49:29,0007AC0387,K28
2021-05-21 03:29:55,00068E377E,K28
2021-05-21 03:32:27,00068E377E,K28
2021-05-21 04:12:55,00068E377E,K28
2021-05-21 04:47:19,0006B3B75C,K28
2021-05-21 04:50:47,00074EEC1A,K28
2021-05-21 04:51:14,000788A24D,K96
2021-05-21 04:51:40,0007ABDCCF,K96
2021-05-21 04:53:01,0006CC24E9,K96
2021-05-21 04:53:08,000783F377,K28
2021-05-21 04:54:32,0007AC44BD,K96
2021-05-21 04:54:49,00079AAA3C,K96
2021-05-21 04:55:14,0006B3AC35,K96
2021-05-21 04:56:51,0007AC5939,K96
2021-05-21 04:57:26,0006E239ED,K96
2021-05-21 04:58:04,0007ABDCCF,K96
2021-05-21 04:58:51,0007ABA539,K96
2021-05-21 05:00:12,00074F7C6F,K96
2021-05-21 05:00:40,0006E241C1,K28
2021-05-21 05:01:01,000799A5EF,K28
2021-05-21 05:01:53,000783F429,K28
2021-05-21 05:02:33,0007ABD629,K28
2021-05-21 05:02:38,0006B3AC35,K96
2021-05-21 05:03:21,0006B34FE4,K96
2021-05-21 05:03:23,0007ABD629,K96
2021-05-21 05:03:30,0006B3AC35,K96
2021-05-21 05:03:32,0006B34FE4,K96
2021-05-21 05:03:33,00079AAA3C,K96
2021-05-21 05:05:27,0007ABD629,K96
2021-05-21 05:06:38,00074F7C6F,K96
2021-05-21 05:07:18,00075CE063,K28
2021-05-21 05:08:41,0006E24C7B,K96
2021-05-21 05:09:33,0006B3BF04,K96
2021-05-21 05:15:45,0007ABA539,K96
2021-05-21 05:17:32,0006B34FE4,K96
2021-05-21 05:18:05,0006B34FE4,K96
2021-05-21 05:18:18,0006B34FE4,K96
2021-05-21 05:21:08,0006E24C7B,K96
2021-05-21 05:21:10,0007AC5939,K96
2021-05-21 21:29:06,000799A5EF,K28
2021-05-21 21:29:11,0007AC3CC1,K28
2021-05-21 21:29:13,0007ACAC37,K28
2021-05-21 21:30:46,0006B3BF04,K96
2021-05-21 21:31:03,00074F7C6F,K96
2021-05-21 21:31:34,0006E239ED,K96
2021-05-21 21:31:40,00074F663E,K28
2021-05-21 21:31:57,0006E241C1,K28
2021-05-21 21:32:03,0007ABD629,K28
2021-05-21 21:32:22,00079A0255,K28
2021-05-21 21:32:34,00071E15BF,K28
2021-05-21 21:32:51,0006B34FE4,K96
2021-05-21 21:33:15,000783CB2B,K28
2021-05-21 21:33:22,0007AC44BD,K96
2021-05-21 21:33:35,0006B34FE4,K96
2021-05-21 21:33:46,00079AAA3C,K95
2021-05-21 21:33:52,000786D14D,K96
2021-05-21 21:33:57,00075D879F,K28
2021-05-21 21:34:46,000783F429,K28
2021-05-21 21:35:10,0007ABDCCF,K28
2021-05-21 21:35:13,00075B22B0,K28
2021-05-21 21:35:22,0007ABF44A,K28
2021-05-21 21:35:25,000783F377,K28
2021-05-21 21:36:25,0006E24C7B,K95
2021-05-21 21:36:28,0007AC0387,K96
2021-05-21 21:36:37,0006CC24E9,K96
2021-05-21 21:36:49,00074EEC1A,K28
2021-05-21 21:39:02,0006B3B75C,K28
2021-05-21 21:39:14,000788A24D,K28
2021-05-21 21:40:08,0007ABC809,K95
2021-05-21 21:41:07,0007ABA539,K95
2021-05-21 21:46:17,0006E24ECA,K95
2021-05-21 21:47:40,0007AC5939,K95
2021-05-21 21:55:28,0007AC8787,K28
2021-05-21 22:17:23,00079AAA3C,K95
2021-05-21 22:21:08,0007AC8787,K28
2021-05-21 22:31:12,0007AC8787,K28
2021-05-21 22:40:39,00074F7C6F,K95
2021-05-21 22:41:02,00079AAA3C,K95
2021-05-21 22:44:24,0007AC8787,K28
2021-05-21 23:05:57,00079AAA3C,K95
2021-05-21 23:08:12,0007ABC5F2,K95
2021-05-21 23:10:00,0007ABC5F2,K95
2021-05-21 23:14:56,0006B3AC35,K95
2021-05-21 23:16:43,00075B29B2,K95
2021-05-21 23:25:06,0006B3AC35,K95
2021-05-21 23:25:34,0007ABD629,K95
2021-05-21 23:37:45,0007ABF44A,K95
2021-05-21 23:44:26,0006B34FE4,K95
2021-05-21 23:53:01,0006E241C1,K95
2021-05-21 23:57:12,0006B3AC35,K95
2021-05-21 23:58:34,0007ABF44A,K95
2021-05-22 00:03:29,00079AAA3C,K95
2021-05-22 00:08:15,00074F7C6F,K95
2021-05-22 00:08:21,0006B3AC35,K95
2021-05-22 00:09:00,0006E241C1,K95
2021-05-22 00:23:04,000786D14D,K95
2021-05-22 00:29:40,0007ABD629,K95
2021-05-22 00:29:59,0007AC80F1,K95
2021-05-22 00:31:10,00075D076C,K95
2021-05-22 00:36:08,000786D14D,K95
2021-05-22 00:36:19,000786D14D,K95
2021-05-22 00:39:48,000786D14D,K95
2021-05-22 00:53:54,0007ABF44A,K95
2021-05-22 00:54:55,00071E2D31,K95
2021-05-22 00:56:50,00075B29B2,K95
2021-05-22 00:56:57,000783CB2B,K95
2021-05-22 01:07:11,00071E2D31,K95
2021-05-22 01:07:22,00071E2D31,K95
2021-05-22 01:08:45,0007ABF44A,K95
2021-05-22 01:14:15,0006B34FE4,K95
2021-05-22 01:14:18,0007AC418B,K95
2021-05-22 01:26:13,00074F7C6F,K95
2021-05-22 01:36:47,00071E2D31,K95
2021-05-22 01:41:26,0007ABC5F2,K95
2021-05-22 01:43:10,0007AC80F1,K95
2021-05-22 01:46:24,0007AC418B,K95
2021-05-22 01:49:07,00074F7C6F,K95
2021-05-22 01:49:21,00074F7C6F,K95
2021-05-22 01:52:23,000783CB2B,K95
2021-05-22 01:57:10,00071E2D31,K95
2021-05-22 02:03:48,000786D14D,K95
2021-05-22 02:06:15,0006E239ED,K95
2021-05-22 02:10:29,000786D14D,K95
2021-05-22 02:10:34,0007AC80F1,K95
2021-05-22 02:14:06,0007AC418B,K95
2021-05-22 02:14:44,00074EEC1A,K28
2021-05-22 02:28:14,00071E2D31,K95
2021-05-22 02:28:17,0006B3AC35,K95
2021-05-22 02:28:35,000788A24D,K95
2021-05-22 02:32:06,0007AC418B,K95
2021-05-22 02:32:48,0006B3AC35,K95
2021-05-22 02:42:34,00075B29B2,K95
2021-05-22 02:47:47,0006B3BF04,K95
2021-05-22 02:53:38,00074F7C6F,K95
2021-05-22 02:55:31,00071E2D31,K95
2021-05-22 02:55:42,00071E2D31,K95
2021-05-22 02:57:11,0006B3AC35,K95
2021-05-22 03:00:41,000799A5EF,K95
2021-05-22 03:05:01,00074EEC1A,K95
2021-05-22 03:21:54,000799A5EF,K95
2021-05-22 03:27:52,000799A5EF,K95
2021-05-22 04:01:11,0007ABF44A,K95
2021-05-22 04:01:26,0006B3BF04,K95
2021-05-22 04:16:07,0007ABF44A,K95
2021-05-22 04:40:02,0006B34FE4,K95
2021-05-22 04:40:22,0006B34FE4,K95
2021-05-22 04:41:22,00075B22B0,K96
2021-05-22 04:43:47,00074F7C6F,K95
2021-05-22 04:44:01,00074F7C6F,K95
2021-05-22 04:44:12,00074F7C6F,K95
2021-05-22 04:44:34,000783CB2B,K95
2021-05-22 04:44:38,00074F7C6F,K95
2021-05-22 04:46:20,0006B3AC35,K95
2021-05-22 04:46:49,0006B3AC35,K95
2021-05-22 04:51:58,0007ABD629,K95
2021-05-22 11:32:28,0006E256E0,K96
2021-05-22 11:44:28,0006E256E0,K28
2021-05-22 11:51:29,0006E256E0,K95
2021-05-22 11:55:38,0006E256E0,K95
2021-05-22 21:28:01,000799A5EF,K95
2021-05-22 21:33:38,0007AC44BD,K95
2021-05-22 21:34:15,00075B22B0,K95
2021-05-22 21:34:26,0007AC44BD,K95
2021-05-22 21:34:31,00074F7C6F,K95
2021-05-22 21:35:16,0007ABC809,K95
2021-05-22 21:35:29,0007ABD629,K95
2021-05-22 21:36:30,0007AC418B,K95
2021-05-22 21:36:43,0007AC418B,K95
2021-05-22 21:36:54,00075D076C,K95
2021-05-22 21:37:24,00079A0255,K95
2021-05-22 21:37:33,000783CB2B,K95
2021-05-22 21:37:47,0006B3AC35,K95
2021-05-22 21:38:08,00075B29B2,K95
2021-05-22 21:40:55,00074EEC1A,K95
2021-05-22 21:41:12,000788A24D,K95
2021-05-22 21:41:16,0007ABF44A,K95
2021-05-22 22:29:29,0007AC418B,K95
2021-05-22 22:46:10,0006B3AC35,K95
2021-05-22 22:54:51,00068E377E,K28
2021-05-22 22:59:11,0006B3AC35,K95
2021-05-22 23:18:21,000783CB2B,K95
2021-05-22 23:23:20,0006B3AC35,K95
2021-05-22 23:26:07,00074F7C6F,K95
2021-05-22 23:32:08,0006B3AC35,K95
2021-05-22 23:57:51,0007AC418B,K95
2021-05-22 23:58:47,000788A24D,K95
2021-05-22 23:58:58,0007ABD629,K95
2021-05-23 00:03:51,0007ABF44A,K95
2021-05-23 00:26:43,0006B3AC35,K95
2021-05-23 00:28:58,0006B3AC35,K95
2021-05-23 00:34:54,0006B3AC35,K95
2021-05-23 00:43:14,00079A0255,K95
2021-05-23 00:51:16,000783CB2B,K95
2021-05-23 00:52:03,0007ABF44A,K95
2021-05-23 01:08:09,00075B29B2,K95
2021-05-23 01:20:35,00071E2D31,K95
2021-05-23 01:22:42,0007AC418B,K95
2021-05-23 02:24:40,00075D076C,K95
2021-05-23 03:18:33,00071E2D31,K95
2021-05-23 03:31:02,00071E2D31,K95
2021-05-23 04:40:58,0007ACAC37,K95
2021-05-23 04:43:28,0006B3B75C,K95
2021-05-23 04:44:12,000783F429,K95
2021-05-23 04:47:54,0007AC5939,K95
2021-05-23 04:49:00,000786D14D,K95
2021-05-23 04:50:48,000799A5EF,K95
2021-05-23 04:51:21,0006B34FE4,K95
2021-05-23 04:53:26,00074F7C6F,K95
2021-05-23 04:53:34,00071E2D31,K95
2021-05-23 04:55:29,0006B3BF04,K95
2021-05-23 04:57:51,0006CC24E9,K95
2021-05-23 05:01:13,000783CB2B,K95
2021-05-23 05:01:53,0006E24ECA,K95
2021-05-23 13:17:42,0007ACAC37,K95
2021-05-23 21:20:04,0007ABA539,K95
2021-05-23 21:22:47,000783F429,K95
2021-05-23 21:22:56,0006B3BF04,K95
2021-05-23 21:22:59,0006E239ED,K95
2021-05-23 21:23:05,00074F7C6F,K95
2021-05-23 21:23:12,0007ACAC37,K95
2021-05-23 21:23:20,0007AC0387,K95
2021-05-23 21:26:06,0006B3B75C,K95
2021-05-23 21:26:09,00079A0255,K95
2021-05-23 21:26:30,00075D879F,K95
2021-05-23 21:26:35,00071E2D31,K95
2021-05-23 21:27:07,0006E24ECA,K95
2021-05-23 21:27:15,0007AC80F1,K95
2021-05-23 21:27:16,0007ABF44A,K95
2021-05-23 21:27:22,00071E2D31,K95
2021-05-23 21:27:31,0006E24ECA,K95
2021-05-23 21:30:52,0006CC24E9,K95
2021-05-23 21:32:00,0007AC5939,K95
2021-05-23 21:32:17,000783CB2B,K95
2021-05-23 21:32:19,0006CC24E9,K95
2021-05-23 21:32:21,000786D14D,K95
2021-05-23 21:32:30,0007ABD629,K95
2021-05-23 21:33:03,0007ABC809,K95
2021-05-23 21:33:17,00075B29B2,K95
2021-05-23 21:33:25,0006B34FE4,K95
2021-05-23 21:33:52,000783F377,K95
2021-05-23 21:33:59,000788A24D,K95
2021-05-23 21:34:15,00075D076C,K95
2021-05-23 21:35:34,000799A5EF,K95
2021-05-23 22:58:30,0007AC418B,K95
2021-05-24 03:21:46,0006B3AC35,K95
2021-05-24 03:21:52,00079AAA3C,K95
2021-05-24 03:26:37,0006B3AC35,K95
2021-05-24 03:34:06,00079AAA3C,K95
2021-05-24 04:40:07,000783F429,K95
2021-05-24 04:42:56,0006E241C1,K95
2021-05-24 04:44:13,0007AC5939,K95
2021-05-24 04:47:02,000799A5EF,K95
2021-05-24 04:47:47,00075B29B2,K95
2021-05-24 04:48:57,0006E24ECA,K95
2021-05-24 04:50:10,0006B3BF04,K95
2021-05-24 04:50:25,0006B3B75C,K95
2021-05-24 04:52:12,0006B3AC35,K95
2021-05-24 04:53:22,0007AC80F1,K95
2021-05-24 04:56:36,00075D076C,K95
2021-05-24 04:57:46,00071E2D31,K95
2021-05-24 04:58:23,0006CC24E9,K95
2021-05-24 04:59:28,000783B5D9,K95
2021-05-24 04:59:36,0006E24C7B,K95
2021-05-24 04:59:38,00074EEC1A,K95
2021-05-24 21:28:39,00074F7C6F,K95
2021-05-24 21:28:50,00074F7C6F,K95
2021-05-24 21:29:45,0006B3BF04,K95
2021-05-24 21:29:51,0007ACAC37,K95
2021-05-24 21:30:54,0006E24C7B,K95
2021-05-24 21:30:56,00075D879F,K95
2021-05-24 21:31:38,0006E241C1,K95
2021-05-24 21:31:40,00071E2D31,K95
2021-05-24 21:31:52,0007AC3CC1,K95
2021-05-24 21:32:00,000788A24D,K95
2021-05-24 21:32:37,0007ABC809,K95
2021-05-24 21:32:40,000783F429,K95
2021-05-24 21:32:42,000786D14D,K95
2021-05-24 21:32:50,0006CC24E9,K95
2021-05-24 21:33:10,0006B34FE4,K95
2021-05-24 21:33:16,0007ABA539,K95
2021-05-24 21:33:31,000783F377,K95
2021-05-24 21:33:37,0007AC5939,K95
2021-05-24 21:33:43,00075B22B0,K95
2021-05-24 21:34:39,0006E24ECA,K95
2021-05-24 21:34:50,00075B29B2,K95
2021-05-24 21:34:56,0006E239ED,K95
2021-05-24 21:36:02,0006B3AC35,K95
2021-05-24 21:36:16,00075D076C,K95
2021-05-24 21:36:36,000783CB2B,K95
2021-05-24 21:36:44,00074EEC1A,K95
2021-05-24 21:37:06,0007AC80F1,K95
2021-05-24 21:37:14,0007AC82C7,K95
2021-05-24 21:40:02,000799A5EF,K95
2021-05-24 21:40:31,0006B3B75C,K95
2021-05-24 21:51:39,0007AC82C7,K95
2021-05-24 21:54:07,0007AC82C7,K95
2021-05-24 22:07:04,0007AC82C7,K95
2021-05-24 23:16:58,0007AC418B,K95
2021-05-24 23:40:11,0007ABD629,K95
2021-05-24 23:50:14,0007ABF44A,K95
2021-05-25 00:03:08,00075D076C,K95
2021-05-25 00:03:15,0007AC418B,K95
2021-05-25 02:17:10,00075D076C,K95
2021-05-25 02:37:46,0007ABC809,K95
2021-05-29 21:14:55,0007ABA539,K74
2021-05-29 21:16:01,0007AC418B,K74
2021-05-29 21:17:07,00074F663E,K74
2021-05-29 21:17:15,0006B34FE4,K74
2021-05-29 21:17:17,00075B22B0,K74
2021-05-29 21:17:18,00079A0255,K74
2021-05-29 21:17:19,000783F377,K74
2021-05-29 21:17:22,000783CB2B,K74
2021-05-29 21:17:24,0007ABD629,K74
2021-05-29 21:17:27,0007AC418B,K74
2021-05-29 21:22:23,00074F7C6F,K74
2021-05-29 21:22:37,00074F7C6F,K74
2021-05-29 21:22:50,00074F7C6F,K74
2021-05-29 21:23:02,00074F7C6F,K74
2021-05-29 21:23:47,00071E2D31,K74
2021-05-29 21:25:07,00074F7C6F,K74
2021-05-29 21:25:18,00074F7C6F,K74
2021-05-29 21:25:20,0007AC5939,K74
2021-05-29 21:25:32,00071E2D31,K74
2021-05-29 21:25:54,00071E2D31,K74
2021-05-29 21:26:16,0007ABF44A,K74
2021-05-29 21:26:25,000786D14D,K74
2021-05-29 21:26:31,00074F7C6F,K74
2021-05-29 21:26:33,0007ABDCCF,K74
2021-05-29 21:26:59,000799A5EF,K49
2021-05-29 21:27:02,00074EEC1A,K74
2021-05-29 21:27:25,0007AC5939,K74
2021-05-29 21:28:09,00075B29B2,K74
2021-05-29 21:28:20,0006E24ECA,K49
2021-05-29 21:28:22,0006E241C1,K49
2021-05-29 21:28:48,0007AC80F1,K74
2021-05-29 21:29:19,00075B29B2,K74
2021-05-29 21:30:22,00075B29B2,K74
2021-05-29 21:30:44,000783F429,K49
2021-05-29 21:31:19,000783F429,K49
2021-05-29 21:31:45,00075D879F,K49
2021-05-29 21:31:49,0007ACAC37,K49
2021-05-29 21:31:59,0006B3B75C,K49
2021-05-29 21:32:24,000788A24D,K49
2021-05-29 21:33:40,0006E239ED,K49
2021-05-29 23:44:51,0007AC418B,K74
2021-05-30 00:11:54,0007AC418B,K49
2021-05-30 00:32:48,0007AC8787,K49
2021-05-30 00:33:02,0007AC8787,K49
2021-05-30 01:08:44,00075D076C,K74
2021-05-30 01:31:55,0006CC24E9,K74
2021-05-30 01:32:41,0006CC24E9,K74
2021-05-30 02:05:42,0007ABD629,K49
2021-05-30 02:06:47,0007ABD629,K49
2021-05-30 04:47:26,0006B3AC35,K49
2021-05-30 04:47:40,00074EEC1A,K49
2021-05-30 04:48:36,000783F429,K49
2021-05-30 04:49:39,0006B3AC35,K49
2021-05-30 04:49:41,00074EEC1A,K49
2021-05-30 04:52:15,0006CC24E9,K49
2021-05-30 04:55:05,0007AC418B,K74
2021-05-30 04:56:35,00074EEC1A,K49
2021-05-30 04:59:47,0006B34FE4,K49
2021-05-30 04:59:49,0007AC80F1,K49
2021-05-30 05:00:06,0006E241C1,K49
2021-05-30 21:35:12,0006E24ECA,K49
2021-05-30 21:35:13,00074F7C6F,K49
2021-05-30 21:35:36,00075B22B0,K49
2021-05-30 21:36:38,0007ACAC37,K49
2021-05-30 21:37:20,0007ABC809,K49
2021-05-30 21:37:42,000783F429,K49
2021-05-30 21:37:57,00075D879F,K49
2021-05-30 21:38:09,0006E241C1,K49
2021-05-30 21:44:43,00074EEC1A,K49
2021-05-30 21:44:50,0006B3AC35,K49
2021-05-30 21:45:04,00075D076C,K49
2021-05-30 21:45:41,0007ABC5F2,K49
2021-05-30 21:47:02,0006CC24E9,K49
2021-05-30 21:48:11,0007ABF44A,K49
2021-05-30 21:48:14,0006B3B75C,K49
2021-05-30 21:48:23,000786B8A2,K49
2021-05-31 00:51:34,00074F7C6F,K49
2021-05-31 01:06:47,0006E241C1,K74
2021-05-31 03:14:08,0006E239ED,K74
2021-05-31 03:14:21,0006E241C1,K74
2021-05-31 03:17:05,0007AC80F1,K74
2021-05-31 03:18:15,000786D14D,K74
2021-05-31 03:18:23,0006E241C1,K74
2021-05-31 03:20:11,0006E239ED,K74
2021-05-31 04:47:42,0006E239ED,K74
2021-05-31 04:49:18,0006E239ED,K74
2021-05-31 04:49:55,00079A0255,K74
2021-05-31 21:41:59,0007ABC809,K25
2021-05-31 21:44:25,0007ABD629,K25
2021-05-31 21:46:10,0006E24ECA,K25
2021-05-31 21:46:56,00075B22B0,K25
2021-05-31 21:47:13,0006B3AC35,K25
2021-05-31 21:47:30,00075D879F,K25
2021-05-31 21:48:58,00074EEC1A,K25
2021-05-31 21:49:10,0007ABC5F2,K25
2021-05-31 21:49:12,000788A24D,K25
2021-05-31 21:49:23,0007ABF44A,K25
2021-05-31 21:49:41,00079AAA3C,K25
2021-05-31 21:50:06,00075B29B2,K25
2021-05-31 21:51:14,0006CC24E9,K25
2021-05-31 21:51:22,0007AC5939,K25
2021-05-31 21:52:30,000786D14D,K25
2021-05-31 21:54:42,0006B3B75C,K25
2021-05-31 23:38:04,0007AC8787,K25
2021-06-01 01:24:19,00074EEC1A,K25
2021-06-01 04:54:10,0006E24C7B,K25
2021-06-01 04:54:46,0006CC24E9,K25
2021-06-01 04:56:06,0006E24C7B,K25
2021-06-01 13:05:06,0006E256E0,K51
2021-06-01 13:14:09,0006E256E0,K25
2021-06-01 21:38:19,0007ABC809,K25
2021-06-01 21:39:02,00075D879F,K25
2021-06-01 21:40:14,00075B22B0,K25
2021-06-01 21:40:28,0006E24C7B,K51
2021-06-01 21:41:15,0006CC24E9,K25
2021-06-01 21:41:25,000788A24D,K25
2021-06-01 21:42:15,0007ABD629,K51
2021-06-01 21:43:50,0007AC418B,K51
2021-06-01 21:43:53,0007ABF44A,K51
2021-06-01 21:45:18,00075B29B2,K51
2021-06-01 21:45:32,0007ACAC37,K51
2021-06-01 21:45:39,00079AAA3C,K51
2021-06-01 21:45:56,000783CB2B,K51
2021-06-01 21:46:02,00074EEC1A,K51
2021-06-01 21:47:54,00071E2D31,K51
2021-06-01 21:49:41,0006E239ED,K51
2021-06-01 21:49:46,0007AC44BD,K51
2021-06-01 21:49:59,00079A0255,K51
2021-06-01 21:50:30,0007AC5939,K51
2021-06-01 21:50:32,000786D14D,K51
2021-06-01 21:50:50,0006B3AC35,K51
2021-06-01 21:50:53,0006B3B75C,K51
2021-06-01 23:55:45,0007AC418B,K25
2021-06-01 23:56:39,0007AC418B,K25
2021-06-02 01:15:00,0007AC3CC1,K25
2021-06-02 02:13:35,0007AC0387,K51
2021-06-02 02:14:02,0007AC0387,K51
2021-06-02 12:15:26,0006E256E0,K51
2021-06-02 12:20:33,0006E256E0,K25
2021-06-02 12:31:28,0006E256E0,K95
2021-06-02 21:44:43,0007AC3CC1,K95
2021-06-02 21:45:31,0006B3BF04,K95
2021-06-02 21:45:48,0006E24C7B,K95
2021-06-02 21:45:54,000783F429,K95
2021-06-02 21:47:00,000788A24D,K95
2021-06-02 21:47:01,0007ACAC37,K95
2021-06-02 21:47:04,0007AC44BD,K95
2021-06-02 21:47:18,0007ABD629,K95
2021-06-02 21:47:22,0007ABC809,K95
2021-06-02 21:47:55,0006E24ECA,K95
2021-06-02 21:48:12,00074F7C6F,K95
2021-06-02 21:48:15,0006B34FE4,K95
2021-06-02 21:48:19,00079A0255,K95
2021-06-02 21:48:21,0006B3AC35,K95
2021-06-02 21:48:26,0007ABDCCF,K95
2021-06-02 21:49:07,0007ABC5F2,K95
2021-06-02 21:50:04,0007ABD4DC,K95
2021-06-02 21:50:20,00079AAA3C,K95
2021-06-02 21:50:57,00075D879F,K95
2021-06-02 21:52:01,0006E241C1,K95
2021-06-02 21:52:06,00075B29B2,K95
2021-06-02 21:52:13,000783CB2B,K95
2021-06-02 21:52:28,0007AC5939,K95
2021-06-02 21:52:33,00075B22B0,K95
2021-06-02 21:52:40,0006E239ED,K95
2021-06-02 21:53:20,0007AC80F1,K95
2021-06-02 21:54:21,0006B3B75C,K95
2021-06-02 21:55:02,00075D076C,K95
2021-06-02 21:55:15,00074EEC1A,K95
2021-06-02 21:56:01,0006CC24E9,K95
2021-06-03 01:04:22,0007AC8787,K95
2021-06-03 01:05:10,0007AC8787,K95
2021-06-03 04:44:04,0006E24ECA,K95
2021-06-03 04:44:56,00079AAA3C,K95
2021-06-03 04:45:16,0007AC5939,K95
2021-06-03 04:46:08,0006E241C1,K95
2021-06-03 04:47:00,0006E24C7B,K95
2021-06-03 04:47:43,0006B3BF04,K95
2021-06-03 04:49:47,0006B3AC35,K95
2021-06-03 04:53:59,0007AC8787,K95
2021-06-03 04:59:22,00071E2D31,K95
2021-06-03 16:50:22,0007AC418B,K51
2021-06-03 16:56:30,0007AC418B,K51
2021-06-03 16:56:42,0007AC418B,K51
2021-06-03 16:56:53,0007AC418B,K51
2021-06-03 16:57:16,0007AC418B,K51
2021-06-03 16:57:27,0007AC418B,K51
2021-06-03 16:58:04,0007AC418B,K51
2021-06-03 16:58:43,0007AC418B,K51
2021-06-03 16:59:04,0007AC418B,K51
2021-06-03 16:59:15,0007AC418B,K51
2021-06-03 16:59:27,0007AC418B,K51
2021-06-03 21:26:40,0007AC418B,K51
2021-06-03 21:30:58,0007AC8787,K95
2021-06-03 21:31:09,0007AC8787,K95
2021-06-03 21:31:22,0007AC8787,K95
2021-06-03 21:33:14,0007ACAC37,K2
2021-06-03 21:33:26,0007ACAC37,K2
2021-06-03 21:37:36,000783F429,K46
2021-06-03 21:37:42,0006B34FE4,K2
2021-06-03 21:37:47,000783F429,K46
2021-06-03 21:37:58,000783F429,K46
2021-06-03 21:38:42,0006B34FE4,K2
2021-06-03 21:39:13,0006E24C7B,K95
2021-06-03 21:40:07,000783F429,K46
2021-06-03 21:41:30,00074F663E,K46
2021-06-03 21:42:12,00074F7C6F,K95
2021-06-03 21:43:10,0007ABD629,K46
2021-06-03 21:43:33,0007AC3CC1,K46
2021-06-03 21:43:41,0006B3BF04,K95
2021-06-03 21:44:17,0007ABF44A,K2
2021-06-03 21:44:25,0006E241C1,K95
2021-06-03 21:44:33,0006E239ED,K95
2021-06-03 21:44:47,00071E2D31,K95
2021-06-03 21:45:06,0006E24ECA,K95
2021-06-03 21:45:14,000786D14D,K95
2021-06-03 21:45:18,00079A0255,K51
2021-06-03 21:45:30,0006CC24E9,K51
2021-06-03 21:45:36,00079AAA3C,K95
2021-06-03 21:45:44,00075B22B0,K95
2021-06-03 21:46:02,000783F377,K46
2021-06-03 21:46:13,0007ABC5F2,K46
2021-06-03 21:47:13,0007ABC809,K95
2021-06-03 21:47:19,00075D879F,K95
2021-06-03 21:47:29,0007AC80F1,K95
2021-06-03 21:48:41,000788A24D,K46
2021-06-03 21:48:53,0007AC5939,K95
2021-06-03 21:49:03,0007ABDCCF,K46
2021-06-03 21:49:37,00074EEC1A,K46
2021-06-03 21:50:11,0007AC44BD,K46
2021-06-03 21:50:53,000783CB2B,K95
2021-06-03 21:51:17,0006B3AC35,K95
2021-06-03 21:51:44,00075B29B2,K46
2021-06-03 21:53:17,00075D076C,K46
2021-06-03 23:58:01,0007AC418B,K95
2021-06-04 00:00:12,0007ABF44A,K95
2021-06-04 00:00:31,0007AC418B,K95
2021-06-04 00:23:55,00079AAA3C,K46
2021-06-04 00:25:05,0006B3AC35,K46
2021-06-04 00:25:07,00079AAA3C,K46
2021-06-04 02:34:28,0006CC24E9,K46
2021-06-04 02:34:44,0007ABDCCF,K46
2021-06-04 02:35:05,0007ABDCCF,K46
2021-06-04 02:40:17,0006CC24E9,K46
2021-06-04 04:40:01,0007AC3CC1,K46
2021-06-04 04:41:35,0007AC44BD,K46
2021-06-04 04:44:17,0007ABF44A,K95
2021-06-04 04:46:19,00074EEC1A,K46
2021-06-04 04:48:09,0006CC24E9,K46
2021-06-04 04:55:59,00074F7C6F,K46
2021-06-04 05:00:49,000783F377,K46
2021-06-04 21:35:37,0007AC418B,K74
2021-06-04 21:37:19,0006E24C7B,K74
2021-06-04 21:38:16,0007AC8787,K74
2021-06-04 21:38:24,000799A5EF,K74
2021-06-04 21:40:52,0007AC0387,K74
2021-06-04 21:43:09,00075D879F,K107
2021-06-04 21:44:06,000783F429,K46
2021-06-04 21:44:32,000786B8A2,K74
2021-06-04 21:44:36,0007ABF44A,K46
2021-06-04 21:45:29,0007AC3CC1,K46
2021-06-04 21:45:37,00074F7C6F,K46
2021-06-04 21:46:32,00074F663E,K74
2021-06-04 21:46:47,00075B22B0,K74
2021-06-04 21:46:57,0006B34FE4,K74
2021-06-04 21:47:21,00071E15BF,K74
2021-06-04 21:47:31,0006E239ED,K74
2021-06-04 21:52:12,0007ABC809,K46
2021-06-04 21:52:16,0007ACAC37,K107
2021-06-04 21:52:30,00071E2D31,K46
2021-06-04 21:53:25,0007ABD629,K46
2021-06-04 21:53:33,000783F377,K46
2021-06-04 21:53:35,000783CB2B,K107
2021-06-04 21:53:43,000788A24D,K46
2021-06-04 21:53:50,0007ABDCCF,K46
2021-06-04 21:53:56,0006E241C1,K107
2021-06-04 21:54:53,0006E24ECA,K107
2021-06-04 21:55:06,0007ABA539,K107
2021-06-04 21:55:10,0007ABD4DC,K107
2021-06-04 21:55:25,0007ABC5F2,K107
2021-06-04 21:56:20,00079A0255,K107
2021-06-04 21:56:27,00074EEC1A,K46
2021-06-04 21:56:29,00079AAA3C,K107
2021-06-04 21:56:36,0007AC44BD,K46
2021-06-04 21:56:54,0006CC24E9,K46
2021-06-04 21:57:01,0006B3BF04,K107
2021-06-04 21:58:05,0006B3AC35,K46
2021-06-04 21:58:30,0006B3B75C,K107
2021-06-04 21:59:09,000786D14D,K107
2021-06-04 21:59:13,0007AC5939,K107
2021-06-04 21:59:16,00075D076C,K46
2021-06-05 01:13:07,00074EEC1A,K107
2021-06-05 01:17:24,00074EEC1A,K107
2021-06-05 01:17:30,0006E24ECA,K107
2021-06-05 01:20:49,00074F7C6F,K107
2021-06-05 01:57:28,00074EEC1A,K107
2021-06-05 01:57:37,0006B34FE4,K107
2021-06-05 01:57:42,0006B3BF04,K107
2021-06-05 01:58:07,0006B34FE4,K107
2021-06-05 02:05:29,00074EEC1A,K107
2021-06-05 02:06:02,0007ABD4DC,K107
2021-06-05 02:06:15,0007ABF44A,K107
2021-06-05 02:20:32,00074EEC1A,K107
2021-06-05 02:35:39,00075CE063,K107
2021-06-05 02:43:27,0006E24C7B,K107
2021-06-05 02:43:39,00075CE063,K107
2021-06-05 02:44:12,0006E24C7B,K107
2021-06-05 02:47:00,00074EEC1A,K107
2021-06-05 02:54:44,00074F7C6F,K107
2021-06-05 04:33:25,00071E15BF,K46
2021-06-05 04:33:58,00074EEC1A,K107
2021-06-05 04:34:15,0007ABA539,K107
2021-06-05 04:34:27,0006B3AC35,K46
2021-06-05 04:40:12,00071E15BF,K46
2021-06-05 04:40:26,0006B3AC35,K46
2021-06-05 04:42:34,00075CE063,K107
2021-06-05 04:45:57,0007ABC809,K46
2021-06-05 04:47:18,00075D879F,K107
2021-06-05 04:49:30,00074F663E,K107
2021-06-05 04:49:55,000783F429,K46
2021-06-05 04:50:27,0007ABD629,K107
2021-06-05 04:52:17,0007AC3CC1,K46
2021-06-05 04:52:39,0007AC3CC1,K46
2021-06-05 04:52:51,0007AC3CC1,K46
2021-06-05 04:53:51,00079A0255,K107
2021-06-05 04:54:12,000786D14D,K107
2021-06-05 04:54:30,0006B3BF04,K107
2021-06-05 04:57:35,000786B8A2,K107
2021-06-05 04:58:18,0007AC3CC1,K46
2021-06-05 04:59:07,000788A24D,K46
2021-06-05 04:59:08,0007AC3CC1,K46
2021-06-05 04:59:13,00075D076C,K46
2021-06-05 04:59:25,0007ABC809,K46
2021-06-05 05:00:18,00074EEC1A,K107
2021-06-05 05:00:29,00074EEC1A,K107
2021-06-05 05:01:14,000783CB2B,K107
2021-06-05 05:01:21,0006B3BF04,K107
2021-06-05 05:03:52,00075D879F,K107
2021-06-05 05:05:16,0007ABA539,K107
2021-06-05 05:05:39,0007ABA539,K107
2021-06-05 16:56:31,0006E256E0,K46
2021-06-05 17:25:39,0006E256E0,K39
2021-06-05 17:41:11,0006E256E0,K96
2021-06-05 17:49:23,0006E256E0,K74
2021-06-05 21:37:27,0007AC8787,K96
2021-06-05 21:39:10,00074F7C6F,K96
2021-06-05 21:40:44,0007AC0387,K96
2021-06-05 21:42:32,0006E24C7B,K96
2021-06-05 21:46:13,000783CB2B,K96
2021-06-05 21:46:33,000799A5EF,K96
2021-06-05 21:46:42,0007AC3CC1,K96
2021-06-05 21:46:45,00079A0255,K96
2021-06-05 21:47:05,00074F663E,K96
2021-06-05 21:49:08,0007AC418B,K39
2021-06-05 21:49:43,0007ACAC37,K96
2021-06-05 21:49:47,00075D879F,K96
2021-06-05 21:50:05,0007ABA539,K96
2021-06-05 21:50:29,00079AAA3C,K96
2021-06-05 21:50:44,000788A24D,K96
2021-06-05 21:50:51,0006B3BF04,K96
2021-06-05 21:54:14,000786B8A2,K39
2021-06-05 21:55:03,0006E24ECA,K39
2021-06-05 21:55:12,000783F429,K96
2021-06-05 21:55:42,000786B8A2,K39
2021-06-05 21:55:47,0007ABF44A,K39
2021-06-05 21:55:55,0007AC80F1,K96
2021-06-05 21:56:03,00074EEC1A,K96
2021-06-05 21:56:37,00071E2D31,K39
2021-06-05 21:56:58,0006B3AC35,K96
2021-06-05 21:57:08,0007ABC5F2,K96
2021-06-05 21:57:12,0006B34FE4,K39
2021-06-05 21:57:56,0006E241C1,K39
2021-06-05 21:58:02,00071E15BF,K39
2021-06-05 21:58:27,0007ABD4DC,K96
2021-06-05 21:58:57,000783F377,K39
2021-06-05 21:59:24,00075D076C,K96
2021-06-05 21:59:32,0007ABC809,K39
2021-06-05 22:00:12,00075B29B2,K39
2021-06-05 22:00:16,0006E239ED,K39
2021-06-05 22:01:28,000786D14D,K39
2021-06-05 22:01:36,0007AC44BD,K39
2021-06-05 22:02:48,0007AC5939,K96
2021-06-05 22:05:41,0006B3B75C,K96
2021-06-05 22:06:26,0006CC24E9,K96
2021-06-06 04:25:51,000786B8A2,K39
2021-06-06 04:30:50,00074F663E,K96
2021-06-06 04:31:31,0007AC44BD,K96
2021-06-06 04:32:14,0006CC24E9,K96
2021-06-06 04:33:02,0007ABD629,K96
2021-06-06 04:33:45,0007AC5939,K96
2021-06-06 04:34:06,0006E239ED,K96
2021-06-06 04:37:30,0006B3BF04,K96
2021-06-06 04:42:17,0007AC80F1,K96
2021-06-06 04:42:47,000799A5EF,K96
2021-06-06 04:43:45,00074EEC1A,K96
2021-06-06 04:43:54,0006B3AC35,K96
2021-06-06 04:43:57,0006E241C1,K96
2021-06-06 04:54:16,0007AC8787,K96
2021-06-06 05:15:14,0007AC418B,K96
2021-06-06 14:33:43,0006E256E0,K96
2021-06-06 14:36:30,0006E256E0,K96
2021-06-06 15:06:34,0006E256E0,K39
2021-06-06 15:09:32,0006E256E0,K24
2021-06-06 21:47:38,00071E2D31,K24
2021-06-06 21:47:49,00071E2D31,K24
2021-06-06 21:50:51,0007AC8787,K96
2021-06-06 22:54:37,0007ACAC37,K96
2021-06-06 22:57:10,0006E24C7B,K96
2021-06-06 22:58:58,0007AC80F1,K96
2021-06-06 23:00:04,000783F429,K96
2021-06-06 23:00:24,0006E239ED,K96
2021-06-06 23:00:42,0007AC3CC1,K96
2021-06-06 23:01:17,000783F429,K96
2021-06-06 23:10:59,0007ABD4DC,K24
2021-06-06 23:11:12,0007ABD4DC,K24
2021-06-06 23:11:22,00079AAA3C,K96
2021-06-06 23:11:23,0007ABD4DC,K24
2021-06-06 23:11:32,0006B3BF04,K96
2021-06-06 23:15:59,00075D879F,K96
2021-06-06 23:16:07,0006E239ED,K96
2021-06-06 23:16:51,00079A0255,K96
2021-06-06 23:17:44,0007AC418B,K24
2021-06-06 23:18:00,0007ABC809,K96
2021-06-06 23:18:34,0007AC5939,K96
2021-06-06 23:18:44,00075CE063,K96
2021-06-06 23:19:23,0006B3B75C,K24
2021-06-06 23:19:30,0007ABC5F2,K96
2021-06-06 23:19:38,000786B8A2,K24
2021-06-06 23:20:17,00074F7C6F,K96
2021-06-06 23:20:24,000799A5EF,K96
2021-06-06 23:21:08,00075B22B0,K96
2021-06-06 23:23:00,00071E15BF,K96
2021-06-06 23:23:44,0007ABA539,K24
2021-06-06 23:24:02,000786D14D,K24
2021-06-06 23:24:39,0007ABD629,K96
2021-06-06 23:25:09,00075B29B2,K96
2021-06-06 23:25:28,0006E241C1,K96
2021-06-06 23:25:32,0007AC44BD,K96
2021-06-06 23:25:40,0006E24ECA,K96
2021-06-06 23:26:22,0006B34FE4,K96
2021-06-06 23:26:29,0007AC3CC1,K96
2021-06-06 23:27:09,000783CB2B,K96
2021-06-06 23:29:23,0007ABF44A,K96
2021-06-06 23:33:34,00074F663E,K96
2021-06-06 23:38:50,0007ABDCCF,K96
2021-06-06 23:39:24,00074EEC1A,K96
2021-06-06 23:47:29,00074EEC1A,K96
2021-06-06 23:47:59,0006CC24E9,K96
2021-06-07 00:03:43,00079A0255,K96
2021-06-07 00:05:39,00074EEC1A,K96
2021-06-07 00:07:26,0007ABA539,K96
2021-06-07 00:43:23,00074F7C6F,K96
2021-06-07 01:03:31,00074EEC1A,K96
2021-06-07 01:04:22,00074EEC1A,K96
2021-06-07 01:17:50,0007ABA539,K96
2021-06-07 01:18:26,0007ABA539,K96
2021-06-07 01:22:02,0006CC24E9,K96
2021-06-07 01:50:48,00074EEC1A,K96
2021-06-07 02:12:55,00074EEC1A,K96
2021-06-07 02:18:40,000786D14D,K96
2021-06-07 02:18:41,0007ABDCCF,K96
2021-06-07 02:54:22,0007AC418B,K24
2021-06-07 04:39:31,0007AC44BD,K96
2021-06-07 04:40:29,0006E241C1,K96
2021-06-07 04:41:11,00079AAA3C,K96
2021-06-07 04:44:26,0007ABD629,K96
2021-06-07 04:44:35,000799A5EF,K96
2021-06-07 04:46:31,0007AC5939,K96
2021-06-07 04:58:49,0007ABD629,K96
2021-06-07 12:15:15,0006E256E0,K107
2021-06-07 12:19:25,0006E256E0,K96
2021-06-07 12:20:27,0006E256E0,K96
2021-06-07 12:36:23,0006E256E0,K24
2021-06-07 12:40:08,0006E256E0,K25
2021-06-07 21:42:50,0007AC3CC1,K25
2021-06-07 21:43:02,000799A5EF,K96
2021-06-07 21:46:00,0007ACAC37,K25
2021-06-07 21:46:16,000783F429,K25
2021-06-07 21:47:16,0007AC5939,K96
2021-06-07 21:48:08,0006E24ECA,K96
2021-06-07 21:48:31,0007ABD629,K25
2021-06-07 21:48:40,0006E241C1,K96
2021-06-07 21:49:41,000786D14D,K25
2021-06-07 21:49:47,0006B3BF04,K107
2021-06-07 21:49:48,0006B34FE4,K25
2021-06-07 21:49:53,00075D879F,K107
2021-06-07 21:49:56,000783F377,K25
2021-06-07 21:50:01,0007ABC5F2,K107
2021-06-07 21:51:04,0007ABA539,K107
2021-06-07 21:51:42,00079A0255,K107
2021-06-07 21:52:18,0007ABDCCF,K96
2021-06-07 21:52:44,0007AC44BD,K96
2021-06-07 21:52:48,0006B3B75C,K107
2021-06-07 21:53:05,0006E239ED,K25
2021-06-07 21:53:56,00074EEC1A,K107
2021-06-07 21:56:03,00075B22B0,K96
2021-06-07 21:56:08,0007AC80F1,K96
2021-06-07 21:56:08,0006CC24E9,K25
2021-06-07 21:56:15,0007ABF44A,K25
2021-06-07 21:57:10,00071E15BF,K96
2021-06-07 21:57:19,00079AAA3C,K96
2021-06-07 23:57:59,00079A0255,K25
2021-06-08 00:57:50,000799A5EF,K25
2021-06-08 00:58:43,000799A5EF,K25
2021-06-08 01:15:15,00071E2D31,K107
2021-06-08 01:17:51,0007ABF44A,K107
2021-06-08 01:18:31,00071E2D31,K107
2021-06-08 01:52:01,0007AC80F1,K25
2021-06-08 01:53:24,0007AC80F1,K25
2021-06-08 01:56:47,00071E2D31,K25
2021-06-08 02:02:00,000783F429,K25
2021-06-08 02:02:11,000783F429,K25
2021-06-08 02:11:51,00071E2D31,K25
2021-06-08 02:12:10,00079A0255,K25
2021-06-08 04:32:11,000799A5EF,K107
2021-06-08 04:32:43,000783F377,K107
2021-06-08 04:33:33,0006B3BF04,K107
2021-06-08 04:36:01,0007AC5939,K107
2021-06-08 04:40:01,0007ABD629,K107
2021-06-08 04:40:18,0007ABD4DC,K107
2021-06-08 04:40:27,0006E239ED,K107
2021-06-08 04:40:51,00074EEC1A,K107
2021-06-08 04:42:22,00075CE063,K107
2021-06-08 04:44:16,00075D076C,K107
2021-06-08 04:48:19,0007AC44BD,K107
2021-06-08 04:51:49,0006CC24E9,K107
2021-06-08 04:52:03,00075CE063,K107
2021-06-08 04:54:30,0006E24C7B,K107
2021-06-08 04:54:46,0006B3AC35,K107
2021-06-08 05:02:18,0007AC8787,K107
2021-06-08 05:04:55,0006E241C1,K107
2021-06-08 05:14:55,0007ABA539,K107
2021-06-08 05:16:14,0007AC8787,K107
2021-06-08 05:16:25,0007AC8787,K107
2021-06-08 05:16:53,0007AC8787,K107
2021-06-08 05:21:00,0007AC8787,K107
2021-06-08 09:44:13,0007AC0387,K107
2021-06-08 09:51:59,0007AC8787,K107
2021-06-08 09:52:36,0007AC8787,K107
2021-06-08 09:53:18,0007AC8787,K107
2021-06-08 09:53:29,0007AC8787,K107
2021-06-08 13:15:42,0007AC418B,K107
2021-06-08 21:16:48,0007AC418B,K107
2021-06-08 21:16:59,0007AC418B,K107
2021-06-08 21:17:11,0007AC418B,K107
2021-06-08 21:32:53,0007AC0387,K107
2021-06-08 21:33:21,00074F7C6F,K107
2021-06-08 21:34:28,0006B29797,K109
2021-06-08 21:34:41,0006E24C7B,K107
2021-06-08 21:41:40,0007ABC5F2,K107
2021-06-08 21:41:51,0006E24ECA,K107
2021-06-08 21:42:57,00074EEC1A,K107
2021-06-08 21:43:05,0007ACAC37,K107
2021-06-08 21:43:54,000799A5EF,K107
2021-06-08 21:44:22,000783F429,K107
2021-06-08 21:44:59,000786B8A2,K107
2021-06-08 21:46:09,00075B22B0,K107
2021-06-08 21:46:17,0007ABD629,K107
2021-06-08 21:47:55,0007ABF44A,K107
2021-06-08 21:47:58,0007AC80F1,K107
2021-06-08 21:49:18,0006B34FE4,K107
2021-06-08 21:49:26,00075CE063,K107
2021-06-08 21:49:28,00079A0255,K107
2021-06-08 21:49:36,0007ABA539,K107
2021-06-08 21:49:52,0007ABDCCF,K107
2021-06-08 21:49:55,00075D879F,K107
2021-06-08 21:50:16,00079AAA3C,K107
2021-06-08 21:50:20,0007AC44BD,K107
2021-06-08 21:50:33,00071E2D31,K107
2021-06-08 21:50:59,000783CB2B,K107
2021-06-08 21:51:10,00074F663E,K107
2021-06-08 21:51:30,0006B3BF04,K107
2021-06-08 21:51:36,0007AC3CC1,K107
2021-06-08 21:53:00,0006E239ED,K107
2021-06-08 21:53:03,0006E241C1,K107
2021-06-08 21:53:07,000783F377,K107
2021-06-08 21:53:19,00075B29B2,K107
2021-06-08 21:53:25,0006B3AC35,K107
2021-06-08 21:55:15,0007ABD4DC,K107
2021-06-08 21:56:46,000788A24D,K107
2021-06-08 21:58:10,0006B3B75C,K107
2021-06-08 21:58:16,0007AC5939,K107
2021-06-08 21:58:28,00071E15BF,K107
2021-06-08 21:58:43,00075D076C,K107
2021-06-08 21:59:21,0007ABC809,K107
2021-06-08 21:59:55,0006CC24E9,K107
2021-06-08 22:45:03,0007ABC809,K107
2021-06-08 23:37:30,00074EEC1A,K107
2021-06-08 23:59:06,00074EEC1A,K107
2021-06-09 21:33:15,0007AC8787,K28
2021-06-09 21:35:33,0007ACAC37,K28
2021-06-09 21:37:57,0007AC8787,K28
2021-06-09 21:39:45,000799A5EF,K28
2021-06-09 21:41:33,00074F663E,K28
2021-06-09 21:41:38,00074F7C6F,K28
2021-06-09 21:41:47,00075D879F,K28
2021-06-09 21:42:00,0007ABC5F2,K28
2021-06-09 21:42:30,0006B3B75C,K28
2021-06-09 21:42:33,0006E24ECA,K60
2021-06-09 21:42:56,0007AC418B,K28
2021-06-09 21:43:07,0007AC418B,K28
2021-06-09 21:43:23,0006B34FE4,K28
2021-06-09 21:44:37,0007AC3CC1,K60
2021-06-09 21:44:40,0007AC0387,K28
2021-06-09 21:44:43,000783CB2B,K28
2021-06-09 21:44:46,0007ABC809,K28
2021-06-09 21:46:16,0007AC80F1,K28
2021-06-09 21:46:29,00079A0255,K28
2021-06-09 21:47:12,0007ABA539,K28
2021-06-09 21:47:41,00071E2D31,K28
2021-06-09 21:48:18,000783F429,K28
2021-06-09 21:48:27,0007AC5939,K60
2021-06-09 21:48:32,0006E241C1,K60
2021-06-09 21:48:44,000783F429,K28
2021-06-09 21:49:20,00075B29B2,K28
2021-06-09 21:49:46,0006B3BF04,K60
2021-06-09 21:49:54,0007AC44BD,K60
2021-06-09 21:49:57,000786B8A2,K60
2021-06-09 21:50:00,0006CC24E9,K60
2021-06-09 21:50:54,00075CE063,K60
2021-06-09 21:50:55,0007ABF44A,K28
2021-06-09 21:51:21,000783F377,K60
2021-06-09 21:51:55,0006E239ED,K60
2021-06-09 21:52:09,00075D076C,K28
2021-06-09 21:52:22,0007ABD4DC,K60
2021-06-09 21:52:52,00074EEC1A,K60
2021-06-09 21:53:05,0007ABD629,K60
2021-06-09 21:53:12,000786D14D,K28
2021-06-09 21:54:06,00071E15BF,K60
2021-06-09 21:54:24,000788A24D,K60
2021-06-09 21:54:29,0007ABDCCF,K60
2021-06-09 21:54:36,0006B3AC35,K60
2021-06-09 21:56:36,00079AAA3C,K60
2021-06-09 21:56:51,00075B22B0,K60
2021-06-10 00:04:27,0007AC8787,K28
2021-06-10 00:17:54,0006E24C7B,K28
2021-06-10 00:18:41,0006E24C7B,K28
2021-06-10 00:28:54,0007AC8787,K28
2021-06-10 00:30:23,00079A0255,K28
2021-06-10 00:58:49,0007AC8787,K28
2021-06-10 01:12:18,0007AC8787,K28
2021-06-10 04:37:24,00079AAA3C,K28
2021-06-10 04:38:04,00074EEC1A,K28
2021-06-10 04:38:30,0006CC24E9,K28
2021-06-10 04:39:49,0006E24C7B,K28
2021-06-10 04:46:38,0007ABA539,K28
2021-06-10 04:51:10,000799A5EF,K28
2021-06-10 04:54:30,00071E2D31,K28
2021-06-10 04:59:56,0007ABC5F2,K28
2021-06-10 05:02:32,0006E241C1,K28
2021-06-10 21:18:15,0007AC8787,K25
2021-06-10 21:18:26,0007AC8787,K25
2021-06-10 21:18:38,0007AC8787,K25
2021-06-10 21:45:40,0007AC0387,K25
2021-06-10 21:45:50,0007ABD4DC,K25
2021-06-10 21:45:53,0007AC418B,K25
2021-06-10 21:49:45,000788A24D,K25
2021-06-10 21:50:26,0007ABC809,K25
2021-06-10 21:50:51,0007ABD629,K25
2021-06-10 21:51:49,0007ABDCCF,K28
2021-06-10 21:51:51,0006B34FE4,K28
2021-06-10 21:52:13,0006B3BF04,K25
2021-06-10 21:52:49,00074F7C6F,K25
2021-06-10 21:53:04,000783F429,K25
2021-06-10 21:53:07,000783F377,K25
2021-06-10 21:53:09,00071E2D31,K28
2021-06-10 21:53:34,000799A5EF,K28
2021-06-10 21:53:36,0006E239ED,K25
2021-06-10 21:53:58,0007ABF44A,K25
2021-06-10 21:54:14,00079AAA3C,K28
2021-06-10 21:54:18,00074EEC1A,K28
2021-06-10 21:54:20,0006E24C7B,K28
2021-06-10 21:54:22,00074F663E,K28
2021-06-10 21:54:32,0007ACAC37,K28
2021-06-10 21:54:45,0007AC3CC1,K28
2021-06-10 21:54:49,0006E241C1,K28
2021-06-10 21:54:54,0007ABC5F2,K28
2021-06-10 21:54:57,000783CB2B,K25
2021-06-10 21:55:00,00071E15BF,K25
2021-06-10 21:55:01,0007AC5939,K25
2021-06-10 21:55:04,0006E24ECA,K28
2021-06-10 21:55:34,000786D14D,K25
2021-06-10 21:55:36,00075D879F,K28
2021-06-10 21:55:58,0007AC80F1,K25
2021-06-10 21:56:13,00075B29B2,K28
2021-06-10 21:56:24,000786B8A2,K28
2021-06-10 21:56:37,0006B3B75C,K25
2021-06-10 21:57:22,00075CE063,K28
2021-06-10 21:58:43,00075B22B0,K28
2021-06-10 21:59:25,0007ABA539,K28
2021-06-10 21:59:49,0006B3AC35,K28
2021-06-10 22:01:53,0006CC24E9,K28
2021-06-10 22:02:15,00075D076C,K28
2021-06-11 00:03:37,0007AC44BD,K25
2021-06-11 00:03:58,0007AC44BD,K25
2021-06-11 00:39:03,0006E241C1,K25
2021-06-11 00:40:15,0006E241C1,K25
2021-06-11 00:40:37,000799A5EF,K25
2021-06-11 21:49:23,0007AC418B,K75
2021-06-11 21:49:38,0007ABC809,K75
2021-06-11 21:49:41,0006E24ECA,K75
2021-06-11 21:50:15,00075D879F,K85
2021-06-11 21:50:21,00074F7C6F,K75
2021-06-11 21:51:32,0007AC0387,K85
2021-06-11 21:51:36,0006E24C7B,K85
2021-06-11 21:51:41,000799A5EF,K85
2021-06-11 21:52:01,000783F429,K75
2021-06-11 21:52:06,0007AC8787,K75
2021-06-11 21:52:10,0007AC3CC1,K85
2021-06-11 21:53:01,00079AAA3C,K85
2021-06-11 21:53:02,000786B8A2,K85
2021-06-11 21:53:22,0007ABC5F2,K85
2021-06-11 21:53:52,00074F663E,K75
2021-06-11 21:54:06,0006B34FE4,K75
2021-06-11 21:54:09,0006E239ED,K75
2021-06-11 21:54:33,0007ABA539,K75
2021-06-11 21:54:42,0006E241C1,K75
2021-06-11 21:54:52,00075B22B0,K75
2021-06-11 21:55:39,00074EEC1A,K75
2021-06-11 21:55:40,0007ACAC37,K85
2021-06-11 21:55:47,0006B3AC35,K75
2021-06-11 21:56:32,00079A0255,K85
2021-06-11 21:57:05,0006B3BF04,K75
2021-06-11 21:57:16,000788A24D,K85
2021-06-11 21:57:47,0007ABDCCF,K85
2021-06-11 21:57:49,0007AC80F1,K85
2021-06-11 21:57:51,0007ABD629,K75
2021-06-11 21:57:53,0007AC44BD,K85
2021-06-11 21:58:18,0007ABF44A,K75
2021-06-11 21:59:08,00075B29B2,K75
2021-06-11 21:59:17,0007ABD4DC,K85
2021-06-11 21:59:18,000783CB2B,K75
2021-06-11 21:59:31,00071E2D31,K75
2021-06-11 21:59:31,0007ABD4DC,K85
2021-06-11 21:59:41,00075CE063,K75
2021-06-11 21:59:51,000786D14D,K75
2021-06-11 21:59:59,000783F377,K75
2021-06-11 22:00:39,0006CC24E9,K75
2021-06-11 22:01:22,00071E15BF,K75
2021-06-11 22:01:31,0007AC5939,K75
2021-06-11 22:01:56,0006B3B75C,K75
2021-06-11 22:02:15,00075D076C,K85
2021-06-12 01:40:24,0006B3AC35,K85
2021-06-12 01:42:03,0006B3AC35,K85
2021-06-12 02:02:22,00075D076C,K75
2021-06-12 04:20:16,00075B22B0,K75
2021-06-12 04:26:55,0006E24C7B,K75
2021-06-12 04:27:14,000783F377,K75
2021-06-12 04:28:00,00075B29B2,K75
2021-06-12 04:28:55,0007AC5939,K75
2021-06-12 04:28:58,0006CC24E9,K75
2021-06-12 04:29:06,0006B3BF04,K75
2021-06-12 04:29:15,0007ABC5F2,K75
2021-06-12 04:31:17,000786B8A2,K75
2021-06-12 04:35:29,0006E24ECA,K75
2021-06-12 04:37:46,0007ABA539,K75
2021-06-12 04:37:55,00074EEC1A,K75
2021-06-12 04:39:23,0006B3B75C,K75
2021-06-12 04:39:28,0006E241C1,K75
2021-06-12 04:43:24,00075D076C,K75
2021-06-12 04:43:43,00071E15BF,K75
2021-06-12 04:44:16,00075D076C,K75
2021-06-12 04:44:19,000799A5EF,K85
2021-06-12 04:49:36,000783CB2B,K75
2021-06-12 04:51:39,0007AC44BD,K85
2021-06-12 04:51:56,0007AC8787,K75
2021-06-12 21:44:08,0007AC0387,K85
2021-06-12 21:45:42,0007AC8787,K75
2021-06-12 21:47:21,000799A5EF,K85
2021-06-12 21:47:33,00074F7C6F,K85
2021-06-12 21:47:59,0007ACAC37,K85
2021-06-12 21:51:03,0007AC418B,K75
2021-06-12 21:52:31,0007AC44BD,K85
2021-06-12 21:53:53,0007ABC809,K75
2021-06-12 21:54:54,00075D879F,K75
2021-06-12 21:55:05,0007ABD4DC,K85
2021-06-12 21:55:18,0007ABD4DC,K85
2021-06-12 21:55:54,0006B3AC35,K85
2021-06-12 21:56:03,0007ABD4DC,K85
2021-06-12 21:56:57,0006E24C7B,K75
2021-06-12 21:57:20,00079A0255,K75
2021-06-12 21:57:23,0007ABC5F2,K75
2021-06-12 21:57:25,00071E15BF,K75
2021-06-12 21:58:16,000783F429,K75
2021-06-12 21:58:38,0006B3BF04,K75
2021-06-12 21:59:30,0006E24ECA,K75
2021-06-12 21:59:33,00075CE063,K75
2021-06-12 22:00:02,00074F663E,K75
2021-06-12 22:00:22,00075B29B2,K75
2021-06-12 22:01:14,0007ABDCCF,K75
2021-06-12 22:01:20,0007AC3CC1,K75
2021-06-12 22:01:25,000788A24D,K75
2021-06-12 22:01:39,0007AC80F1,K75
2021-06-12 22:01:48,00071E2D31,K75
2021-06-12 22:02:21,0007ABD629,K75
2021-06-12 22:02:27,000783F377,K75
2021-06-12 22:02:33,00074EEC1A,K75
2021-06-12 22:03:12,0006E241C1,K75
2021-06-12 22:03:14,00075B22B0,K75
2021-06-12 22:04:24,0006E239ED,K75
2021-06-12 22:04:38,0007ABF44A,K75
2021-06-12 22:06:12,000783CB2B,K75
2021-06-12 22:06:25,000786D14D,K75
2021-06-12 22:06:42,000786B8A2,K75
2021-06-12 22:07:06,0007ABF44A,K75
2021-06-12 22:07:08,0007ABA539,K75
2021-06-12 22:11:14,0007AC5939,K75
2021-06-12 22:11:19,0006B3B75C,K75
2021-06-12 22:11:29,00075D076C,K75
2021-06-12 22:13:10,0006CC24E9,K75
2021-06-13 02:38:27,00075D076C,K85
2021-06-13 02:38:50,00075D076C,K85
2021-06-13 02:43:24,00079AAA3C,K85
2021-06-13 02:44:28,00079AAA3C,K85
2021-06-13 02:46:36,000788A24D,K85
2021-06-13 02:49:42,00075D076C,K85
2021-06-13 04:15:16,000788A24D,K85
2021-06-13 04:36:05,0006E241C1,K75
2021-06-13 04:41:38,00079AAA3C,K75
2021-06-13 04:41:45,0007ABA539,K75
2021-06-13 04:52:45,0007AC8787,K75
2021-06-13 21:41:28,0007AC8787,K75
2021-06-13 21:42:47,0007AC0387,K13
2021-06-13 21:44:19,0007ABC809,K13
2021-06-13 21:46:02,000799A5EF,K13
2021-06-13 21:46:53,000783F429,K13
2021-06-13 21:47:30,000783F429,K13
2021-06-13 21:50:49,00074F7C6F,K13
2021-06-13 21:51:02,0007ABC5F2,K13
2021-06-13 21:52:37,00075D879F,K13
2021-06-13 21:53:18,0007ACAC37,K13
2021-06-13 21:53:20,000783F377,K13
2021-06-13 21:54:04,0006E24C7B,K13
2021-06-13 21:54:09,000783CB2B,K13
2021-06-13 21:54:38,00075CE063,K13
2021-06-13 21:55:22,00075B29B2,K13
2021-06-13 21:55:25,0006B3AC35,K13
2021-06-13 21:56:03,0007AC3CC1,K13
2021-06-13 21:56:53,0007AC80F1,K13
2021-06-13 21:56:55,00074F663E,K13
2021-06-13 21:57:01,0006B34FE4,K13
2021-06-13 21:57:05,00074EEC1A,K13
2021-06-13 21:59:06,0006E241C1,K75
2021-06-13 21:59:08,000788A24D,K13
2021-06-13 21:59:20,0006B3BF04,K13
2021-06-13 21:59:27,0007AC418B,K75
2021-06-13 21:59:28,0006B3B75C,K13
2021-06-13 21:59:30,0006E24ECA,K75
2021-06-13 21:59:33,0007ABD4DC,K13
2021-06-13 21:59:35,0007ABA539,K75
2021-06-13 21:59:37,00079AAA3C,K75
2021-06-13 21:59:59,00079A0255,K75
2021-06-13 22:02:09,00071E15BF,K13
2021-06-13 22:02:33,0007ABD629,K13
2021-06-13 22:02:40,0007ABF44A,K13
2021-06-13 22:02:46,0006E239ED,K13
2021-06-13 22:04:39,0007AC5939,K13
2021-06-13 22:04:59,0007AC44BD,K13
2021-06-13 22:05:35,000786B8A2,K13
2021-06-13 22:05:51,0007ABDCCF,K75
2021-06-13 22:06:00,000786D14D,K75
2021-06-13 22:06:02,00075B22B0,K75
2021-06-13 22:11:26,0006CC24E9,K13
2021-06-14 00:23:44,00079AAA3C,K13
2021-06-14 00:37:11,00079AAA3C,K13
2021-06-14 00:37:43,00074EEC1A,K13
2021-06-14 00:43:13,00071E2D31,K13
2021-06-14 01:13:41,00079AAA3C,K13
2021-06-14 01:14:11,0007AC0387,K13
2021-06-14 01:23:24,00075D076C,K13
2021-06-14 21:56:32,0007AC8787,K94
2021-06-14 21:58:19,00075D879F,K25
2021-06-14 22:01:36,00071E15BF,K25
2021-06-14 22:01:36,000783F429,K94
2021-06-14 22:01:57,0007ABD629,K25
2021-06-14 22:01:57,0007ACAC37,K94
2021-06-14 22:02:48,0006E241C1,K94
2021-06-14 22:03:34,0006E24ECA,K94
2021-06-14 22:03:52,000799A5EF,K94
2021-06-14 22:03:57,0007ABDCCF,K94
2021-06-14 22:04:20,000786D14D,K25
2021-06-14 22:04:56,0006B3BF04,K25
2021-06-14 22:05:01,0007AC5939,K25
2021-06-14 22:05:02,0006E24C7B,K94
2021-06-14 22:05:12,00074F663E,K94
2021-06-14 22:05:25,0007ABD4DC,K94
2021-06-14 22:05:36,00079A0255,K94
2021-06-14 22:05:43,000786B8A2,K94
2021-06-14 22:06:05,0007ABA539,K94
2021-06-14 22:06:34,0006B34FE4,K94
2021-06-14 22:06:40,00075B22B0,K94
2021-06-14 22:06:44,000783CB2B,K94
2021-06-14 22:07:05,0006B34FE4,K94
2021-06-14 22:07:15,00075CE063,K94
2021-06-14 22:07:25,0006B34FE4,K94
2021-06-14 22:07:33,000783F377,K94
2021-06-14 22:09:44,0007AC80F1,K94
2021-06-14 22:10:07,0006B3AC35,K94
2021-06-14 22:11:41,00071E2D31,K94
2021-06-14 22:15:06,0006B3B75C,K94
2021-06-14 22:16:18,0006CC24E9,K94
2021-06-14 23:47:54,0007ACAC37,K94
2021-06-14 23:53:59,00075D879F,K94
2021-06-15 00:40:36,00075B29B2,K25
2021-06-15 00:41:55,00075B29B2,K25
2021-06-15 00:42:13,0007AC44BD,K25
2021-06-15 00:47:14,0007AC44BD,K25
2021-06-15 00:57:37,0007ABC809,K94
2021-06-15 00:57:52,0006E24ECA,K94
2021-06-15 03:03:47,0007ABD4DC,K25
2021-06-15 03:06:26,0006E24ECA,K25
2021-06-15 03:07:30,00075B29B2,K25
2021-06-15 03:07:42,00079A0255,K25
2021-06-15 03:07:55,00075D076C,K25
2021-06-15 04:19:59,0007ACAC37,K94
2021-06-15 04:24:21,00074EEC1A,K25
2021-06-15 04:24:40,0007AC44BD,K25
2021-06-15 04:27:37,0007ABD4DC,K25
2021-06-15 04:28:17,000799A5EF,K94
2021-06-15 04:32:39,0006CC24E9,K94
2021-06-15 04:42:03,00071E15BF,K94
2021-06-15 21:42:19,0007AC0387,K25
2021-06-15 21:48:50,0007AC418B,K94
2021-06-15 21:49:26,0007ABC809,K94
2021-06-15 21:50:18,000788A24D,K25
2021-06-15 21:51:05,00074F663E,K94
2021-06-15 21:51:20,00074F7C6F,K94
2021-06-15 21:51:22,00075D879F,K25
2021-06-15 21:51:43,0007AC8787,K94
2021-06-15 21:52:24,0006E24C7B,K94
2021-06-15 21:53:24,00071E15BF,K94
2021-06-15 21:53:58,0007ABA539,K94
2021-06-15 21:54:13,0007ABDCCF,K94
2021-06-15 21:54:46,000783F429,K25
2021-06-15 21:54:52,0007ACAC37,K25
2021-06-15 21:54:53,00079A0255,K25
2021-06-15 21:55:05,0007ABC5F2,K25
2021-06-15 21:55:08,0006E24ECA,K25
2021-06-15 21:56:13,00079AAA3C,K94
2021-06-15 21:56:18,0007ABD629,K94
2021-06-15 21:56:32,0006E239ED,K25
2021-06-15 21:56:35,00071E2D31,K25
2021-06-15 21:56:38,0007AC3CC1,K25
2021-06-15 21:56:42,0007AC44BD,K25
2021-06-15 21:56:57,000799A5EF,K94
2021-06-15 21:57:22,000786D14D,K25
2021-06-15 21:57:48,0007ABD4DC,K25
2021-06-15 21:57:58,0007AC5939,K25
2021-06-15 21:58:11,00075CE063,K94
2021-06-15 21:58:29,0006E241C1,K94
2021-06-15 21:58:42,000783CB2B,K94
2021-06-15 21:58:52,0006B34FE4,K94
2021-06-15 21:59:10,0007AC80F1,K94
2021-06-15 21:59:20,0006B3BF04,K94
2021-06-15 21:59:43,00075B29B2,K25
2021-06-15 21:59:50,000786B8A2,K94
2021-06-15 22:00:21,00074EEC1A,K25
2021-06-15 22:00:48,0006B3AC35,K94
2021-06-15 22:00:55,00075B22B0,K94
2021-06-15 22:01:02,000783F377,K94
2021-06-15 22:01:55,0007ABF44A,K25
2021-06-15 22:02:13,00075D076C,K25
2021-06-15 22:05:21,0006B3B75C,K94
2021-06-15 22:12:25,0006CC24E9,K94
2021-06-16 21:50:11,0006E24C7B,K5
2021-06-16 21:50:34,0007ABC809,K24
2021-06-16 21:51:40,00074F663E,K5
2021-06-16 21:53:24,000783F429,K5
2021-06-16 21:53:25,00074F7C6F,K24
2021-06-16 21:53:31,000799A5EF,K5
2021-06-16 21:53:37,0007AC0387,K24
2021-06-16 21:54:40,0007AC418B,K24
2021-06-16 21:54:46,0006E239ED,K5
2021-06-16 21:55:17,0007ACAC37,K5
2021-06-16 21:55:26,0006E241C1,K5
2021-06-16 21:55:33,0007AC3CC1,K24
2021-06-16 21:55:39,0007ABC5F2,K24
2021-06-16 21:55:46,0006E24ECA,K5
2021-06-16 21:55:49,0007ABDCCF,K5
2021-06-16 21:56:28,00075D879F,K24
2021-06-16 21:58:21,0007AC80F1,K5
2021-06-16 21:59:33,0007ABD629,K24
2021-06-16 21:59:43,0006B34FE4,K24
2021-06-16 21:59:48,00075B22B0,K5
2021-06-16 21:59:51,0007AC5939,K5
2021-06-16 21:59:52,0007ABD4DC,K24
2021-06-16 22:00:11,0006B3AC35,K5
2021-06-16 22:00:14,00079AAA3C,K24
2021-06-16 22:01:14,00075D076C,K5
2021-06-16 22:01:33,000783CB2B,K24
2021-06-16 22:01:34,000783F377,K24
2021-06-16 22:01:35,0006B3BF04,K24
2021-06-16 22:01:47,00071E2D31,K24
2021-06-16 22:01:58,000788A24D,K24
2021-06-16 22:03:34,0007ABA539,K24
2021-06-16 22:03:36,0007AC44BD,K24
2021-06-16 22:04:01,000786B8A2,K24
2021-06-16 22:04:24,0007ABF44A,K24
2021-06-16 22:05:53,0006CC24E9,K24
2021-06-16 22:05:57,00074EEC1A,K24
2021-06-16 22:06:03,0006B3B75C,K24
2021-06-16 22:06:16,00075B29B2,K24
2021-06-16 22:06:18,00071E15BF,K24
2021-06-17 01:19:13,00074EEC1A,K5
2021-06-17 01:22:02,00074EEC1A,K5
2021-06-17 01:22:08,0007AC3CC1,K5
2021-06-17 01:45:45,0007AC3CC1,K5
2021-06-17 02:15:09,0006E24ECA,K5
2021-06-17 02:15:11,0007ABC809,K5
2021-06-17 04:23:32,00074EEC1A,K5
2021-06-17 04:25:51,000783F377,K5
2021-06-17 04:27:00,0007AC5939,K5
2021-06-17 04:27:19,0006B3BF04,K5
2021-06-17 04:33:32,000799A5EF,K5
2021-06-17 04:40:48,0006E239ED,K5
2021-06-17 04:55:27,0007AC8787,K24
2021-06-17 21:51:05,0007AC8787,K24
2021-06-17 21:52:07,0007AC0387,K24
2021-06-17 21:52:35,00075D879F,K24
2021-06-17 21:54:52,00074F7C6F,K24
2021-06-17 21:55:55,0007AC418B,K24
2021-06-17 21:56:21,0007ABC809,K5
2021-06-17 21:58:00,00075B29B2,K24
2021-06-17 21:58:05,000799A5EF,K5
2021-06-17 21:58:09,00079AAA3C,K24
2021-06-17 21:58:38,000783CB2B,K24
2021-06-17 21:59:45,00074F663E,K74
2021-06-17 22:00:16,0006E239ED,K5
2021-06-17 22:00:19,0007ACAC37,K5
2021-06-17 22:00:46,0006E24C7B,K5
2021-06-17 22:00:48,000788A24D,K5
2021-06-17 22:01:12,000783F429,K5
2021-06-17 22:01:14,0006B3BF04,K5
2021-06-17 22:01:15,0007AC80F1,K74
2021-06-17 22:01:34,0006B34FE4,K74
2021-06-17 22:02:09,000786B8A2,K74
2021-06-17 22:02:10,0006E24ECA,K5
2021-06-17 22:02:16,0007AC3CC1,K5
2021-06-17 22:02:32,00071E2D31,K74
2021-06-17 22:02:39,0007AC44BD,K74
2021-06-17 22:03:17,0006E241C1,K74
2021-06-17 22:03:42,00071E15BF,K74
2021-06-17 22:03:45,000786D14D,K5
2021-06-17 22:04:02,0007ABDCCF,K5
2021-06-17 22:05:40,0007ABD629,K74
2021-06-17 22:05:53,0007ABD4DC,K74
2021-06-17 22:06:25,0007AC5939,K5
2021-06-17 22:06:30,0006B3AC35,K74
2021-06-17 22:06:54,0007ABF44A,K74
2021-06-17 22:06:57,000783F377,K5
2021-06-17 22:07:39,00075D076C,K5
2021-06-17 22:07:45,00074EEC1A,K5
2021-06-17 22:09:11,0006CC24E9,K74
2021-06-18 02:06:20,0007ABF44A,K24
2021-06-18 02:10:53,0006B3B75C,K5
2021-06-18 02:11:04,0006B3B75C,K5
2021-06-18 04:26:48,0007AC44BD,K74
2021-06-18 04:30:53,0007AC5939,K5
2021-06-18 04:31:06,000786B8A2,K74
2021-06-18 04:31:15,000799A5EF,K5
2021-06-18 04:35:08,00071E15BF,K74
2021-06-18 04:37:06,0006B3AC35,K74
2021-06-18 14:48:02,00071E2D31,K46
2021-06-18 16:25:31,0007AC8787,K46
2021-06-18 17:59:25,0007AC0387,K46
2021-06-18 21:41:38,0007AC8787,K46
2021-06-18 21:44:57,0007AC0387,K46
2021-06-18 21:46:48,0007ACAC37,K46
2021-06-18 21:47:05,000783F429,K46
2021-06-18 21:48:00,0006B34FE4,K46
2021-06-18 21:48:20,0007ABC5F2,K46
2021-06-18 21:48:39,00074F7C6F,K46
2021-06-18 21:48:45,0006E24C7B,K46
2021-06-18 21:53:24,0006E241C1,K46
2021-06-18 21:53:34,0007AC418B,K5
2021-06-18 21:54:25,0007AC3CC1,K46
2021-06-18 21:54:33,00075CE063,K46
2021-06-18 21:54:45,0007ABC809,K5
2021-06-18 21:54:49,000799A5EF,K5
2021-06-18 21:56:53,0007ABD4DC,K5
2021-06-18 21:56:58,0006E24ECA,K5
2021-06-18 21:57:11,00071E2D31,K46
2021-06-18 21:57:19,00074EEC1A,K46
2021-06-18 21:57:50,000783CB2B,K46
2021-06-18 21:58:00,000788A24D,K5
2021-06-18 21:59:47,0006CC24E9,K46
2021-06-18 22:01:12,0007AC5939,K5
2021-06-18 22:01:15,00075D076C,K46
2021-06-18 22:01:32,0006B3B75C,K5
2021-06-19 04:27:52,00074F663E,K46
2021-06-19 04:29:17,00075CE063,K46
2021-06-19 04:29:43,0007ACAC37,K46
2021-06-19 04:38:51,00074F7C6F,K46
2021-06-19 04:48:03,0007ABC5F2,K46
2021-06-19 04:48:18,0007AC3CC1,K46
2021-06-19 04:51:49,0007ABC5F2,K46
2021-06-19 04:52:22,0007AC3CC1,K46
2021-06-19 04:52:26,0007ABC5F2,K46
2021-06-19 04:52:51,00075D076C,K46
2021-06-19 04:54:58,00074F7C6F,K46
2021-06-19 04:58:32,000783F429,K46
2021-06-19 21:49:34,000786B8A2,K39
2021-06-19 21:51:17,0007ABC809,K39
2021-06-19 21:51:40,0007AC0387,K4
2021-06-19 21:52:21,000786B8A2,K39
2021-06-19 21:52:53,0007AC418B,K39
2021-06-19 21:52:58,0006E24C7B,K39
2021-06-19 21:53:02,0007AC8787,K39
2021-06-19 21:54:09,000799A5EF,K4
2021-06-19 21:54:29,0007ABC5F2,K46
2021-06-19 21:54:37,00074F663E,K39
2021-06-19 21:54:39,000783F429,K46
2021-06-19 21:56:24,0007ACAC37,K4
2021-06-19 21:56:56,0007AC3CC1,K46
2021-06-19 21:57:28,00074F7C6F,K46
2021-06-19 21:57:47,0006E241C1,K4
2021-06-19 21:58:08,00074EEC1A,K39
2021-06-19 21:58:16,0006E24ECA,K4
2021-06-19 21:58:31,0007AC5939,K4
2021-06-19 21:58:33,0006B34FE4,K46
2021-06-19 21:58:37,000788A24D,K39
2021-06-19 21:58:44,00079A0255,K74
2021-06-19 21:58:57,00075D879F,K74
2021-06-19 21:59:52,0007ABD629,K74
2021-06-19 21:59:55,00075CE063,K46
2021-06-19 21:59:58,00071E15BF,K74
2021-06-19 22:00:14,00079AAA3C,K39
2021-06-19 22:00:21,0007AC44BD,K39
2021-06-19 22:00:33,00071E2D31,K74
2021-06-19 22:00:35,000783CB2B,K46
2021-06-19 22:00:56,00075D076C,K46
2021-06-19 22:00:56,0007ABDCCF,K39
2021-06-19 22:01:49,0007ABA539,K74
2021-06-19 22:01:53,0007ABD4DC,K74
2021-06-19 22:02:31,00075B22B0,K74
2021-06-19 22:02:44,0007ABF44A,K74
2021-06-19 22:05:28,0006B3AC35,K74
2021-06-19 22:05:52,0006B3B75C,K74
2021-06-19 22:11:11,0006CC24E9,K39
2021-06-20 04:30:30,00074EEC1A,K39
2021-06-20 04:31:07,00075D879F,K74
2021-06-20 04:34:30,0007AC44BD,K39
2021-06-20 04:35:51,0007ABF44A,K74
2021-06-20 04:37:35,000799A5EF,K39
2021-06-20 04:40:08,0006CC24E9,K39
2021-06-20 04:40:10,0007AC8787,K39
2021-06-20 04:40:43,0006B3AC35,K74
2021-06-20 04:42:17,0006E24C7B,K39
2021-06-20 04:44:10,0007ABD629,K74
2021-06-20 04:49:04,0006B3B75C,K74
2021-06-20 04:51:00,0007AC418B,K74
2021-06-20 04:52:53,0007ABA539,K74
2021-06-20 04:53:48,0007ABC809,K39
2021-06-20 21:44:30,0007AC8787,K39
2021-06-20 21:46:18,00074F663E,K39
2021-06-20 21:46:23,0007ACAC37,K39
2021-06-20 21:46:44,0006E24C7B,K39
2021-06-20 21:47:45,00075D879F,K74
2021-06-20 21:49:14,0007ABC809,K39
2021-06-20 21:49:18,000788A24D,K39
2021-06-20 21:49:35,0007AC418B,K74
2021-06-20 21:51:04,00079A0255,K74
2021-06-20 21:51:37,0007ABC5F2,K39
2021-06-20 21:51:44,00074F7C6F,K74
2021-06-20 21:51:53,0007ABDCCF,K74
2021-06-20 21:51:55,000799A5EF,K39
2021-06-20 21:52:04,00075B22B0,K74
2021-06-20 21:52:09,000783F429,K74
2021-06-20 21:52:12,0007ABD629,K74
2021-06-20 21:52:29,0006E24ECA,K39
2021-06-20 21:52:47,0007ABA539,K74
2021-06-20 21:53:01,00079AAA3C,K39
2021-06-20 21:53:08,00071E15BF,K39
2021-06-20 21:55:30,000786B8A2,K39
2021-06-20 21:55:39,0007AC44BD,K39
2021-06-20 21:57:22,0007ABD4DC,K74
2021-06-20 21:57:24,0007ABF44A,K74
2021-06-20 21:57:29,00071E2D31,K74
2021-06-20 21:58:05,0007AC3CC1,K74
2021-06-20 21:58:18,0006B3B75C,K74
2021-06-20 22:00:39,00074EEC1A,K39
2021-06-20 22:00:52,00075D076C,K74
2021-06-20 22:01:03,0006CC24E9,K39
2021-06-20 22:06:39,0006B3AC35,K74
2021-06-20 22:47:53,00074EEC1A,K39
2021-06-20 23:12:26,00079A0255,K74
2021-06-20 23:23:12,000783CB2B,K39
2021-06-20 23:44:24,00074EEC1A,K39
2021-06-20 23:47:58,00071E15BF,K39
2021-06-20 23:48:35,000783CB2B,K39
2021-06-21 04:29:49,000786B8A2,K39
2021-06-21 21:39:07,0007AC8787,K45
2021-06-21 21:39:17,0007AC0387,K45
2021-06-21 21:42:38,0007ABC5F2,K45
2021-06-21 21:43:51,0007AC44BD,K45
2021-06-21 21:45:12,0007ACAC37,K76
2021-06-21 21:45:13,00071E15BF,K45
2021-06-21 21:45:50,0007ABD629,K45
2021-06-21 21:46:18,00074F7C6F,K76
2021-06-21 21:46:28,0007AC418B,K45
2021-06-21 21:46:56,0007ACAC37,K76
2021-06-21 21:47:06,0006E24C7B,K76
2021-06-21 21:47:11,0007AC3CC1,K76
2021-06-21 21:47:24,000786D14D,K76
2021-06-21 21:50:21,00075B22B0,K76
2021-06-21 21:51:07,00075B22B0,K76
2021-06-21 21:51:19,00074EEC1A,K76
2021-06-22 02:40:23,0007AC418B,K45
2021-06-22 02:40:57,0007ABF44A,K45
2021-06-22 03:19:30,000783F429,K76
2021-06-22 03:25:47,000783F429,K76
2021-06-22 03:26:58,00075D076C,K76
2021-06-22 04:35:02,00075D076C,K76
2021-06-22 21:48:04,00075D879F,K33
2021-06-22 21:48:53,00075B29B2,K9
2021-06-22 21:49:53,00075B29B2,K9
2021-06-22 21:50:46,0006E239ED,K9
2021-06-22 21:52:02,0006B34FE4,K9
2021-06-22 21:52:22,0007ABA539,K33
2021-06-22 21:52:47,0007ACAC37,K33
2021-06-22 21:52:49,0007AC8787,K33
2021-06-22 21:52:52,0007AC418B,K33
2021-06-22 21:52:58,00079A0255,K33
2021-06-22 21:55:07,0007ABD4DC,K33
2021-06-22 21:55:15,0006E24C7B,K33
2021-06-22 21:55:18,0007ABC5F2,K33
2021-06-22 21:55:41,00079AAA3C,K33
2021-06-22 21:55:48,000799A5EF,K33
2021-06-22 21:55:51,0006E241C1,K33
2021-06-22 21:56:08,00075CE063,K33
2021-06-22 21:56:20,0007AC80F1,K9
2021-06-22 21:56:50,000783F429,K33
2021-06-22 21:56:53,0006E24ECA,K33
2021-06-22 21:57:02,00071E2D31,K33
2021-06-22 21:57:07,000783F377,K33
2021-06-22 21:57:37,00074EEC1A,K9
2021-06-22 21:57:40,0007AC5939,K9
2021-06-22 21:57:45,0006B3BF04,K9
2021-06-22 21:58:03,000783CB2B,K9
2021-06-22 21:58:04,00074F7C6F,K33
2021-06-22 21:58:59,0006B3AC35,K33
2021-06-22 21:59:05,0007AC44BD,K33
2021-06-22 22:00:35,00071E15BF,K33
2021-06-22 22:00:40,0007AC3CC1,K33
2021-06-22 22:01:27,0007ABDCCF,K33
2021-06-22 22:01:30,00075B22B0,K33
2021-06-22 22:01:52,000786D14D,K33
2021-06-22 22:02:42,00074F663E,K33
2021-06-22 22:02:55,0007ABC809,K33
2021-06-22 22:03:05,0006B3B75C,K33
2021-06-22 22:04:08,000786B8A2,K33
2021-06-22 22:04:22,0007ABF44A,K33
2021-06-22 22:04:44,0006CC24E9,K33
2021-06-22 22:05:00,00075D076C,K33
2021-06-22 23:51:02,0006E239ED,K9
2021-06-22 23:52:25,0006E239ED,K9
2021-06-23 00:27:42,0006E239ED,K9
2021-06-23 00:34:24,000783F429,K9
2021-06-23 00:34:42,0006E239ED,K9
2021-06-23 01:03:42,0006E239ED,K9
2021-06-23 01:04:32,0007AC80F1,K9
2021-06-23 01:04:43,0006E239ED,K9
2021-06-23 01:04:55,0006E239ED,K9
2021-06-23 01:05:25,0006E239ED,K9
2021-06-23 01:16:01,0006B3BF04,K33
2021-06-23 01:19:20,00079AAA3C,K33
2021-06-23 01:25:48,0007AC5939,K33
2021-06-23 01:26:03,00074EEC1A,K33
2021-06-23 01:28:06,0007ABD629,K33
2021-06-23 01:28:08,0007AC5939,K33
2021-06-23 01:28:51,0007AC5939,K33
2021-06-23 01:37:09,00074EEC1A,K33
2021-06-23 01:38:20,00074F7C6F,K33
2021-06-23 01:38:46,0006E24ECA,K33
2021-06-23 01:39:59,00075B29B2,K33
2021-06-23 01:41:47,0006B3BF04,K33
2021-06-23 01:43:18,0006B3BF04,K33
2021-06-23 01:48:47,000783CB2B,K33
2021-06-23 01:49:17,000786D14D,K33
2021-06-23 01:55:13,0006E239ED,K33
2021-06-23 02:01:29,00074EEC1A,K33
2021-06-23 02:01:49,00075D076C,K33
2021-06-23 02:04:28,00079A0255,K33
2021-06-23 02:04:42,00079A0255,K33
2021-06-23 02:04:58,00079A0255,K33
2021-06-23 02:05:09,00079A0255,K33
2021-06-23 02:14:16,00074EEC1A,K33
2021-06-23 02:37:51,0006B34FE4,K33
2021-06-23 02:41:31,0006B34FE4,K33
2021-06-23 02:57:16,0006E239ED,K33
2021-06-23 03:11:13,0006E239ED,K33
2021-06-23 04:18:35,0006B3BF04,K33
2021-06-23 04:21:42,0006E239ED,K33
2021-06-23 04:24:34,00071E15BF,K33
2021-06-23 04:25:26,0007ABA539,K33
2021-06-23 04:26:32,000783F377,K33
2021-06-23 04:29:49,0007AC5939,K33
2021-06-23 04:32:29,0007AC44BD,K33
2021-06-23 04:32:52,000799A5EF,K9
2021-06-23 04:33:33,00074EEC1A,K33
2021-06-23 04:33:38,000799A5EF,K9
2021-06-23 04:40:04,0006CC24E9,K33
2021-06-23 04:43:40,000799A5EF,K33
2021-06-23 04:51:54,0006E241C1,K33
2021-06-23 04:59:18,0007AC8787,K33
2021-06-23 05:01:42,0006B3B75C,K33
2021-06-23 05:06:36,0007AC8787,K33
2021-06-23 05:10:57,0007AC8787,K33
2021-06-23 15:31:08,0007AC3CC1,K33
2021-06-23 21:55:49,000799A5EF,K33
2021-06-23 21:56:29,00075B29B2,K33
2021-06-23 21:57:29,000783CB2B,K33
2021-06-23 21:57:39,000788A24D,K33
2021-06-23 21:57:41,0007AC8787,K33
2021-06-23 21:58:13,00079A0255,K33
2021-06-23 21:58:49,000786B8A2,K33
2021-06-23 21:59:59,0007ACAC37,K33
2021-06-23 22:00:28,00074F7C6F,K33
2021-06-23 22:00:33,0006E24ECA,K33
2021-06-23 22:00:38,0007AC3CC1,K33
2021-06-23 22:01:03,000783F429,K33
2021-06-23 22:01:17,0007ABC809,K33
2021-06-23 22:02:19,0006E24C7B,K33
2021-06-23 22:02:47,00071E2D31,K33
2021-06-23 22:03:06,0006B3BF04,K33
2021-06-23 22:03:21,00074EEC1A,K33
2021-06-23 22:03:25,0007ABD4DC,K33
2021-06-23 22:03:26,0007ABF44A,K33
2021-06-23 22:03:45,00079AAA3C,K33
2021-06-23 22:04:20,0007AC418B,K33
2021-06-23 22:04:23,0007ABC5F2,K33
2021-06-23 22:04:32,000786D14D,K33
2021-06-23 22:04:36,0007AC5939,K33
2021-06-23 22:04:40,000783F377,K33
2021-06-23 22:05:36,00071E15BF,K33
2021-06-23 22:06:20,0007AC44BD,K33
2021-06-23 22:08:27,0006E241C1,K33
2021-06-23 22:08:56,0006E239ED,K33
2021-06-23 22:09:01,0007ABA539,K33
2021-06-23 22:10:38,0006CC24E9,K33
2021-06-23 22:15:13,0006B3B75C,K33
2021-06-23 22:42:10,0006B3B75C,K33
2021-06-23 22:42:39,0006B3B75C,K33
2021-06-23 23:05:28,0006B3B75C,K33
2021-06-23 23:05:40,0006B3B75C,K33
2021-06-23 23:13:40,0006B3B75C,K33
2021-06-24 01:41:44,0006E239ED,K9
2021-06-24 01:44:13,0007AC80F1,K9
2021-06-24 01:44:17,0006E239ED,K9
2021-06-24 03:57:09,00074EEC1A,K33
2021-06-24 03:58:50,00075B29B2,K9
2021-06-24 04:10:10,0007AC44BD,K33
2021-06-24 04:21:23,0007AC5939,K33
2021-06-24 04:38:31,0007AC80F1,K9
2021-06-24 16:11:34,0007ACAC37,K28
2021-06-24 21:58:05,00075D879F,K28
2021-06-24 22:00:29,0007ABC5F2,K28
2021-06-24 22:01:40,00074F7C6F,K28
2021-06-24 22:01:45,00071E2D31,K28
2021-06-24 22:02:31,0007ACAC37,K28
2021-06-24 22:02:42,0007ACAC37,K28
2021-06-24 22:02:53,000788A24D,K28
2021-06-24 22:03:08,0007ACAC37,K28
2021-06-24 22:03:13,000783F429,K28
2021-06-24 22:03:41,00079AAA3C,K28
2021-06-24 22:03:42,0006E24C7B,K28
2021-06-24 22:03:48,00075B22B0,K28
2021-06-24 22:04:42,0007ABA539,K28
2021-06-24 22:05:09,00074F663E,K28
2021-06-24 22:05:13,0007AC418B,K28
2021-06-24 22:05:23,0007AC8787,K28
2021-06-24 22:06:14,0007AC3CC1,K28
2021-06-24 22:06:29,00075CE063,K28
2021-06-24 22:06:49,0006B3B75C,K28
2021-06-24 22:06:59,00079A0255,K28
2021-06-24 22:07:13,0007ABDCCF,K28
2021-06-24 22:07:40,000783F377,K28
2021-06-24 22:07:43,000783CB2B,K28
2021-06-24 22:07:45,0006B3BF04,K28
2021-06-24 22:08:04,0006E241C1,K28
2021-06-24 22:08:10,0007AC80F1,K28
2021-06-24 22:08:15,0006E24ECA,K28
2021-06-24 22:08:25,000799A5EF,K28
2021-06-24 22:08:29,000786B8A2,K28
2021-06-24 22:10:25,0006CC24E9,K28
2021-06-24 22:11:09,0007ABD4DC,K28
2021-06-24 22:13:00,0006B3AC35,K28
2021-06-24 22:13:09,00075D076C,K28
2021-06-24 22:13:25,000786D14D,K28
2021-06-24 22:16:03,0007AC44BD,K33
2021-06-24 22:18:32,0007AC5939,K33
2021-06-24 22:21:06,0006E239ED,K33
2021-06-24 22:22:34,00075B29B2,K33
2021-06-24 22:24:15,00071E15BF,K28
2021-06-24 22:29:37,00074EEC1A,K33
2021-06-24 22:49:23,00074EEC1A,K28
2021-06-24 23:03:10,00074EEC1A,K28
2021-06-24 23:17:28,00074EEC1A,K28
2021-06-24 23:19:45,0006B3B75C,K28
2021-06-24 23:33:04,00071E15BF,K28
2021-06-24 23:33:26,000786D14D,K28
2021-06-24 23:34:42,00074EEC1A,K28
2021-06-24 23:47:15,000786D14D,K28
2021-06-24 23:53:02,0006E239ED,K28
2021-06-24 23:53:36,00074EEC1A,K28
2021-06-24 23:57:46,0007AC44BD,K28
2021-06-25 00:07:19,00071E15BF,K28
2021-06-25 00:11:30,00079AAA3C,K28
2021-06-25 00:12:06,0006E24ECA,K28
2021-06-25 00:12:11,0006E241C1,K28
2021-06-25 00:13:50,0007ABA539,K28
2021-06-25 00:22:29,0006CC24E9,K28
2021-06-25 00:30:00,0006B34FE4,K33
2021-06-25 00:30:38,0006B34FE4,K28
2021-06-25 00:56:30,000786B8A2,K28
2021-06-25 01:26:05,0007AC418B,K28
2021-06-25 01:51:18,00079A0255,K28
2021-06-25 01:53:24,00075B22B0,K28
2021-06-25 01:57:30,0007ABF44A,K28
2021-06-25 01:58:40,00079AAA3C,K28
2021-06-25 02:02:12,00074F7C6F,K28
2021-06-25 02:02:32,00074F663E,K28
2021-06-25 02:02:55,00079A0255,K28
2021-06-25 02:03:12,0007ABF44A,K28
2021-06-25 02:04:35,0006CC24E9,K28
2021-06-25 02:05:34,0006B3B75C,K28
2021-06-25 02:07:24,00074EEC1A,K28
2021-06-25 02:07:54,000783CB2B,K28
2021-06-25 02:10:33,0007ABA539,K28
2021-06-25 02:12:53,0007ABD629,K28
2021-06-25 02:13:05,0007ABD629,K28
2021-06-25 02:17:47,0007ABDCCF,K28
2021-06-25 02:18:32,0006B34FE4,K28
2021-06-25 02:18:39,0007AC418B,K28
2021-06-25 02:23:08,00071E15BF,K28
2021-06-25 02:23:42,0006E239ED,K28
2021-06-25 02:25:18,0006E241C1,K28
2021-06-25 02:25:36,00075B22B0,K28
2021-06-25 02:25:48,00079A0255,K28
2021-06-25 02:25:52,0006E241C1,K28
2021-06-25 02:26:55,0007ABD4DC,K28
2021-06-25 02:27:07,0007ABA539,K28
2021-06-25 02:28:12,00074EEC1A,K28
2021-06-25 02:32:10,0006CC24E9,K28
2021-06-25 02:33:31,0007ABDCCF,K28
2021-06-25 02:34:15,00075D879F,K28
2021-06-25 02:36:26,00075B22B0,K28
2021-06-25 02:36:48,000786B8A2,K28
2021-06-25 02:37:06,000786B8A2,K28
2021-06-25 02:38:50,00075B29B2,K28
2021-06-25 02:40:52,0007ACAC37,K28
2021-06-25 02:43:08,0006B3AC35,K28
2021-06-25 02:48:30,00079AAA3C,K28
2021-06-25 02:49:21,0007AC44BD,K28
2021-06-25 02:49:27,0006E239ED,K28
2021-06-25 02:49:32,0007AC44BD,K28
2021-06-25 02:52:14,000783F377,K28
2021-06-25 02:56:50,0007AC3CC1,K28
2021-06-25 03:02:13,000786D14D,K28
2021-06-25 03:02:18,00074F7C6F,K28
2021-06-25 03:05:57,00075D076C,K28
2021-06-25 03:06:37,0007ABC5F2,K28
2021-06-25 03:07:40,00075B22B0,K28
2021-06-25 03:08:04,00074F663E,K28
2021-06-25 03:11:48,0007ABA539,K28
2021-06-25 03:12:33,0007ABA539,K28
2021-06-25 03:15:37,0007ABF44A,K28
2021-06-25 03:15:48,00079A0255,K28
2021-06-25 03:15:53,0007AC80F1,K28
2021-06-25 03:16:04,0007AC44BD,K28
2021-06-25 03:17:21,0006E24ECA,K28
2021-06-25 03:18:55,0007ABDCCF,K28
2021-06-25 03:24:40,0006B34FE4,K28
2021-06-25 03:24:59,00074EEC1A,K28
2021-06-25 03:25:21,00079AAA3C,K28
2021-06-25 03:30:58,0007ABD629,K28
2021-06-25 03:31:06,000783CB2B,K28
2021-06-25 03:32:02,0006CC24E9,K28
2021-06-25 03:32:21,0006E239ED,K28
2021-06-25 03:43:53,0006B3B75C,K28
2021-06-25 03:47:28,0007ABA539,K28
2021-06-25 03:54:43,00074EEC1A,K28
2021-06-25 03:54:59,0006B3BF04,K28
2021-06-25 04:01:39,0006B3B75C,K28
2021-06-25 04:01:49,00074F663E,K28
2021-06-25 04:04:10,0006E239ED,K28
2021-06-25 04:12:30,00074F663E,K28
2021-06-25 04:24:28,0006E241C1,K28
2021-06-25 21:57:51,00074F7C6F,K28
2021-06-25 21:58:17,0007ABD629,K28
2021-06-25 21:58:20,0006B34FE4,K28
2021-06-25 21:59:26,0007AC418B,K28
2021-06-25 22:02:15,00075B29B2,K28
2021-06-25 22:02:40,00075B22B0,K28
2021-06-25 22:04:15,000783CB2B,K28
2021-06-25 22:04:20,0007ACAC37,K28
2021-06-25 22:05:07,00079A0255,K28
2021-06-25 22:05:28,0007ABD4DC,K28
2021-06-25 22:05:41,0007AC44BD,K28
2021-06-25 22:05:59,00074EEC1A,K28
2021-06-25 22:06:01,0006E241C1,K28
2021-06-25 22:06:06,0007ABDCCF,K28
2021-06-25 22:06:10,0006E24ECA,K28
2021-06-25 22:06:29,00074F663E,K28
2021-06-25 22:06:37,0007ABC5F2,K28
2021-06-25 22:06:40,0007ABF44A,K28
2021-06-25 22:07:06,000786B8A2,K28
2021-06-25 22:07:33,0006E239ED,K28
2021-06-25 22:07:44,00079AAA3C,K28
2021-06-25 22:07:56,000786D14D,K28
2021-06-25 22:08:02,0007AC80F1,K28
2021-06-25 22:08:05,00075D076C,K28
2021-06-25 22:08:10,0006B3BF04,K28
2021-06-25 22:10:36,00075D879F,K28
2021-06-25 22:10:53,0007ABA539,K28
2021-06-25 22:10:59,0006B3AC35,K28
2021-06-25 22:11:17,0006B3B75C,K28
2021-06-25 22:11:56,000783F377,K28
2021-06-25 22:16:28,00071E15BF,K28
2021-06-25 22:55:54,0006B3B75C,K28
2021-06-25 23:22:09,0006B3B75C,K28
2021-06-25 23:26:41,00074EEC1A,K28
2021-06-25 23:33:59,00071E15BF,K28
2021-06-25 23:34:12,00079A0255,K28
2021-06-25 23:38:21,00074EEC1A,K28
2021-06-25 23:48:48,00074EEC1A,K28
2021-06-25 23:57:59,0007AC8787,K28
2021-06-26 00:04:14,00074EEC1A,K28
2021-06-26 00:08:10,0006B3B75C,K28
2021-06-26 00:10:31,0007AC8787,K28
2021-06-26 00:18:08,0006B3B75C,K28
2021-06-26 00:18:55,00075B29B2,K28
2021-06-26 00:19:00,00074EEC1A,K28
2021-06-26 00:20:38,00079AAA3C,K28
2021-06-26 00:23:14,0006CC24E9,K28
2021-06-26 00:33:29,00074EEC1A,K28
2021-06-26 00:41:12,00071E15BF,K28
2021-06-26 00:41:36,0007ABC809,K28
2021-06-26 00:44:29,0006CC24E9,K28
2021-06-26 00:45:27,0006B3BF04,K28
2021-06-26 00:46:13,0006B3BF04,K28
2021-06-26 00:50:41,00074EEC1A,K28
2021-06-26 00:52:52,0006CC24E9,K28
2021-06-26 00:54:44,000783F429,K28
2021-06-26 00:57:58,0006B3BF04,K28
2021-06-26 01:01:40,0006B3B75C,K28
2021-06-26 01:02:50,0006B3B75C,K28
2021-06-26 01:03:01,0006E24C7B,K28
2021-06-26 01:03:17,000783F377,K28
2021-06-26 01:04:12,0007AC5939,K28
2021-06-26 01:04:55,00074EEC1A,K28
2021-06-26 01:08:16,0007AC5939,K28
2021-06-26 01:12:35,0006E24ECA,K28
2021-06-26 01:14:15,0006CC24E9,K28
2021-06-26 01:21:49,00079A0255,K28
2021-06-26 01:22:25,00074F7C6F,K28
2021-06-26 01:23:00,00071E2D31,K28
2021-06-26 01:23:09,0007AC44BD,K28
2021-06-26 01:23:48,00071E2D31,K28
2021-06-26 01:23:59,00071E2D31,K28
2021-06-26 01:27:45,0006B3BF04,K28
2021-06-26 01:31:41,00074EEC1A,K28
2021-06-26 01:37:11,0006B3BF04,K28
2021-06-26 01:39:59,0006B3B75C,K28
2021-06-26 01:41:28,00071E15BF,K28
2021-06-26 01:45:13,0007AC44BD,K28
2021-06-26 01:45:47,00074EEC1A,K28
2021-06-26 01:46:17,0007ABDCCF,K28
2021-06-26 01:51:43,0007AC5939,K28
2021-06-26 01:54:17,0007AC5939,K28
2021-06-26 01:54:32,000783F377,K28
2021-06-26 02:07:35,00074EEC1A,K28
2021-06-26 02:18:49,00074EEC1A,K28
2021-06-26 02:24:20,0006CC24E9,K28
2021-06-26 02:24:59,0007AC80F1,K28
2021-06-26 02:28:28,00079AAA3C,K28
2021-06-26 02:30:14,00075D076C,K28
2021-06-26 02:35:08,00079A0255,K28
2021-06-26 02:39:54,0006B3B75C,K28
2021-06-26 02:45:04,0007AC8787,K28
2021-06-26 02:45:46,0007AC5939,K28
2021-06-26 02:50:05,00074F7C6F,K28
2021-06-26 02:52:26,0006CC24E9,K28
2021-06-26 02:52:52,0007AC3CC1,K28
2021-06-26 02:53:26,0007AC8787,K28
2021-06-26 02:53:42,0007AC5939,K28
2021-06-26 02:54:08,0006E24C7B,K28
2021-06-26 02:56:46,00071E15BF,K28
2021-06-26 03:03:09,000783F377,K28
2021-06-26 03:15:06,0006B3B75C,K28
2021-06-26 03:31:01,0006B3B75C,K28
2021-06-26 03:31:04,00079AAA3C,K28
2021-06-26 03:36:21,0006B3B75C,K28
2021-06-26 03:39:54,0006B3B75C,K28
2021-06-26 03:47:12,0006B3B75C,K28
2021-06-26 04:09:47,00071E15BF,K28
2021-06-26 04:15:51,0007AC5939,K28
2021-06-26 04:21:16,0007ABD629,K28
2021-06-26 04:22:37,00075CE063,K28
2021-06-26 04:33:31,0007ABF44A,K28
2021-06-26 04:36:18,000786B8A2,K28
2021-06-26 04:38:07,00074EEC1A,K28
2021-06-26 04:40:08,0006CC24E9,K28
2021-06-26 05:01:57,0007ABA539,K28
2021-06-26 05:06:32,0006B3B75C,K28
2021-06-26 14:48:56,0007AC3CC1,K28
2021-06-26 20:26:52,0007AC3CC1,K28
2021-06-26 21:22:08,00074F663E,K25
2021-06-26 21:22:54,00074F663E,K25
2021-06-26 21:22:57,00075D879F,K25
2021-06-26 21:22:59,0006E241C1,K25
2021-06-26 21:23:01,000799A5EF,K25
2021-06-26 21:23:55,0007AC44BD,K25
2021-06-26 21:23:55,0007ABA539,K28
2021-06-26 21:24:21,000783CB2B,K25
2021-06-26 21:24:44,000783CB2B,K25
2021-06-26 21:24:48,0007AC44BD,K25
2021-06-26 21:24:52,0007ABDCCF,K25
2021-06-26 21:25:54,00079A0255,K25
2021-06-26 21:27:06,0007ACAC37,K28
2021-06-26 21:27:26,0007ACAC37,K28
2021-06-26 21:27:29,00071E15BF,K28
2021-06-26 21:27:30,000783F377,K28
2021-06-26 21:27:36,00079AAA3C,K28
2021-06-26 21:28:40,0007ABC5F2,K28
2021-06-26 21:30:10,0006B3AC35,K28
2021-06-26 21:31:27,00075CE063,K28
2021-06-26 21:31:38,0007ABC809,K25
2021-06-26 21:31:55,00079A0255,K25
2021-06-26 21:31:59,00074F7C6F,K25
2021-06-26 21:32:14,0007ABC809,K25
2021-06-26 21:32:35,0006E24ECA,K25
2021-06-26 21:33:01,0007AC3CC1,K28
2021-06-26 21:33:05,000786D14D,K25
2021-06-26 21:33:59,0007ABD629,K28
2021-06-26 21:34:08,0007AC8787,K25
2021-06-26 21:34:19,0007AC8787,K25
2021-06-26 21:34:22,0007AC418B,K25
2021-06-26 21:34:54,000786D14D,K25
2021-06-26 21:34:56,000786B8A2,K28
2021-06-26 21:34:57,0006E24ECA,K25
2021-06-26 21:35:26,0006B3B75C,K28
2021-06-26 21:35:31,000788A24D,K28
2021-06-26 21:35:36,0007ABD629,K28
2021-06-26 21:35:49,0006B3BF04,K25
2021-06-26 21:35:49,0006B34FE4,K28
2021-06-26 21:36:02,00074EEC1A,K28
2021-06-26 21:36:07,000786B8A2,K28
2021-06-26 21:36:09,0007AC3CC1,K28
2021-06-26 21:36:11,0007ABD629,K28
2021-06-26 21:36:17,00071E15BF,K28
2021-06-26 21:36:48,0006E24C7B,K25
2021-06-26 21:37:42,0006E239ED,K25
2021-06-26 21:38:26,00075B22B0,K28
2021-06-26 21:39:17,0006B3BF04,K25
2021-06-26 21:41:50,00075B29B2,K25
2021-06-26 21:41:57,00075D076C,K28
2021-06-26 21:42:04,0007ABF44A,K28
2021-06-26 21:42:04,000783F429,K25
2021-06-26 21:42:07,0007ABD4DC,K25
2021-06-26 21:42:14,000788A24D,K28
2021-06-26 21:42:16,00071E2D31,K25
2021-06-26 21:42:19,00075B29B2,K25
2021-06-26 21:42:28,00075D076C,K28
2021-06-26 21:43:58,0006CC24E9,K28
2021-06-26 21:46:49,0007AC5939,K28
2021-06-26 21:47:49,000783CB2B,K25
2021-06-26 22:09:56,000783CB2B,K25
2021-06-26 22:12:13,00079A0255,K25
2021-06-26 22:29:24,000783CB2B,K25
2021-06-26 22:34:24,0007AC80F1,K25
2021-06-26 22:40:33,0007AC8787,K25
2021-06-26 22:40:35,0006B3B75C,K28
2021-06-26 22:43:47,0007AC8787,K25
2021-06-26 22:46:49,0007AC80F1,K28
2021-06-26 22:47:14,0007AC80F1,K25
2021-06-26 22:49:00,00079A0255,K25
2021-06-26 22:55:51,0006B3B75C,K28
2021-06-26 22:57:51,0006B3B75C,K25
2021-06-26 22:59:09,0006B3B75C,K28
2021-06-26 23:01:18,0006B3B75C,K28
2021-06-26 23:05:15,00079A0255,K28
2021-06-26 23:09:11,0006B3B75C,K25
2021-06-26 23:10:22,00071E15BF,K28
2021-06-26 23:11:26,00071E15BF,K25
2021-06-26 23:22:57,000783CB2B,K25
2021-06-26 23:24:34,0007AC80F1,K25
2021-06-26 23:27:16,00079A0255,K25
2021-06-26 23:39:28,00071E15BF,K25
2021-06-26 23:40:20,00071E15BF,K25
2021-06-26 23:41:07,0007ACAC37,K25
2021-06-26 23:41:18,0007ACAC37,K25
2021-06-26 23:43:01,0007ACAC37,K25
2021-06-26 23:43:28,0006B3B75C,K28
2021-06-26 23:43:46,00071E15BF,K28
2021-06-26 23:46:41,00075D879F,K25
2021-06-26 23:50:00,0007ABDCCF,K25
2021-06-26 23:55:28,00071E15BF,K25
2021-06-26 23:58:19,000783CB2B,K25
2021-06-27 00:03:32,0007AC80F1,K25
2021-06-27 00:13:51,00071E2D31,K25
2021-06-27 00:15:28,0006B3B75C,K25
2021-06-27 00:15:38,0007AC0387,K25
2021-06-27 00:20:50,000783CB2B,K25
2021-06-27 00:21:12,00079A0255,K25
2021-06-27 00:33:16,0007ABDCCF,K25
2021-06-27 00:42:40,0007AC80F1,K25
2021-06-27 00:43:01,0006B3B75C,K25
2021-06-27 00:43:19,000783CB2B,K25
2021-06-27 00:43:53,00071E15BF,K25
2021-06-27 00:48:38,0006E239ED,K25
2021-06-27 00:56:05,0006B34FE4,K25
2021-06-27 00:58:49,0007ABDCCF,K25
2021-06-27 01:04:30,0007AC0387,K25
2021-06-27 01:04:44,00075B29B2,K25
2021-06-27 01:04:48,0007AC418B,K25
2021-06-27 01:04:57,0007ABC5F2,K25
2021-06-27 01:08:53,000783CB2B,K25
2021-06-27 01:09:15,0006E239ED,K25
2021-06-27 01:09:27,00071E15BF,K25
2021-06-27 01:11:32,00079A0255,K25
2021-06-27 01:13:47,0006B3B75C,K25
2021-06-27 01:16:39,0007AC80F1,K25
2021-06-27 01:21:51,00075B29B2,K25
2021-06-27 01:29:20,000783F429,K25
2021-06-27 01:32:53,0007ABDCCF,K25
2021-06-27 01:34:05,000783CB2B,K25
2021-06-27 01:34:14,00075D879F,K25
2021-06-27 01:36:43,0007ABC5F2,K25
2021-06-27 01:42:58,00071E15BF,K25
2021-06-27 01:47:21,0006CC24E9,K25
2021-06-27 01:48:30,0007AC5939,K25
2021-06-27 01:49:40,0006B3BF04,K25
2021-06-27 01:51:25,0007AC80F1,K25
2021-06-27 01:53:44,0006CC24E9,K25
2021-06-27 01:54:08,00079A0255,K25
2021-06-27 01:54:22,000788A24D,K25
2021-06-27 01:58:50,0007AC5939,K25
2021-06-27 01:58:56,00071E2D31,K25
2021-06-27 02:04:55,0007AC44BD,K25
2021-06-27 02:05:12,0007AC44BD,K25
2021-06-27 02:07:18,0006B3BF04,K25
2021-06-27 02:07:56,0007ABD629,K25
2021-06-27 02:11:03,0006B3B75C,K25
2021-06-27 02:12:28,0007AC3CC1,K25
2021-06-27 02:15:58,00075B29B2,K25
2021-06-27 02:20:38,0007ABDCCF,K25
2021-06-27 02:20:43,0007AC44BD,K25
2021-06-27 02:25:25,000783CB2B,K25
2021-06-27 02:26:14,000786D14D,K25
2021-06-27 02:26:33,0007AC418B,K25
2021-06-27 02:27:03,000783F429,K25
2021-06-27 02:43:01,0006B3AC35,K25
2021-06-27 02:49:28,0007ABC5F2,K25
2021-06-27 02:49:30,00071E15BF,K25
2021-06-27 02:50:29,0007AC44BD,K25
2021-06-27 02:51:27,00074EEC1A,K28
2021-06-27 02:51:40,00074EEC1A,K28
2021-06-27 02:51:57,00074F7C6F,K25
2021-06-27 02:52:22,00079A0255,K25
2021-06-27 02:53:38,0007AC80F1,K25
2021-06-27 03:03:38,00075D076C,K25
2021-06-27 03:07:43,000783CB2B,K25
2021-06-27 03:08:36,0007AC44BD,K25
2021-06-27 03:13:57,000783F429,K25
2021-06-27 03:26:48,0006E239ED,K25
2021-06-27 03:27:57,0006B3B75C,K25
2021-06-27 03:28:43,0007AC3CC1,K25
2021-06-27 03:36:58,00079A0255,K25
2021-06-27 03:45:08,0007AC80F1,K25
2021-06-27 03:45:20,0007AC80F1,K25
2021-06-27 03:45:21,0007AC3CC1,K25
2021-06-27 04:14:42,000783CB2B,K25
2021-06-27 04:16:03,0006B3B75C,K25
2021-06-27 04:21:57,0007AC44BD,K25
2021-06-27 04:22:42,0006B3BF04,K25
2021-06-27 04:26:36,0007ABC5F2,K25
2021-06-27 04:29:18,0006B3B75C,K25
2021-06-27 04:47:43,000799A5EF,K25
2021-06-27 04:53:16,0006CC24E9,K25
2021-06-27 04:54:25,0006B3B75C,K25
2021-06-27 04:54:37,00074F7C6F,K25
2021-06-27 11:46:43,0007AC3CC1,K25
2021-06-27 21:46:28,00071E15BF,K25
2021-06-27 21:46:44,0007AC418B,K25
2021-06-27 21:49:12,0006B34FE4,K25
2021-06-27 21:53:05,0007AC0387,K25
2021-06-27 21:53:10,0007ABC5F2,K25
2021-06-27 21:53:18,0007ABD629,K25
2021-06-27 21:53:52,00075B29B2,K25
2021-06-27 21:54:14,0007ACAC37,K25
2021-06-27 21:55:24,00079A0255,K25
2021-06-27 21:55:43,00074F663E,K75
2021-06-27 21:55:48,000799A5EF,K25
2021-06-27 21:56:00,0007ABC809,K75
2021-06-27 21:56:23,000786B8A2,K75
2021-06-27 21:56:31,00071E2D31,K75
2021-06-27 21:56:44,00074F7C6F,K25
2021-06-27 21:57:10,0007ABDCCF,K25
2021-06-27 21:57:14,000788A24D,K25
2021-06-27 21:57:17,00074F7C6F,K25
2021-06-27 21:57:18,0006B3AC35,K25
2021-06-27 21:57:20,000783F429,K25
2021-06-27 21:57:27,00075D879F,K75
2021-06-27 21:57:38,00075B22B0,K75
2021-06-27 21:57:49,00074EEC1A,K75
2021-06-27 21:58:30,0007ABD4DC,K75
2021-06-27 21:58:58,0006E24ECA,K75
2021-06-27 21:59:08,0007ABD4DC,K75
2021-06-27 21:59:28,0007AC8787,K75
2021-06-27 21:59:32,0007AC80F1,K25
2021-06-27 21:59:35,0007AC44BD,K25
2021-06-27 21:59:52,0006B3B75C,K25
2021-06-27 22:00:43,0007AC5939,K25
2021-06-27 22:00:44,0006E24C7B,K75
2021-06-27 22:00:46,0006CC24E9,K25
2021-06-27 22:00:50,00075CE063,K75
2021-06-27 22:01:00,0007ABF44A,K25
2021-06-27 22:01:20,0007ABA539,K75
2021-06-27 22:02:04,000786D14D,K25
2021-06-27 22:03:48,0006E241C1,K75
2021-06-27 22:05:14,000783F377,K75
2021-06-27 22:06:03,0007AC3CC1,K25
2021-06-27 22:07:28,0006B3BF04,K25
2021-06-27 22:08:11,0006E239ED,K25
2021-06-27 22:08:23,00075D076C,K25
2021-06-27 22:19:59,0006E239ED,K25
2021-06-27 22:26:35,00074F663E,K75
2021-06-27 22:36:44,0006B3BF04,K25
2021-06-27 22:43:28,0006E239ED,K25
2021-06-27 22:47:14,000783CB2B,K25
2021-06-27 22:47:46,00074F663E,K75
2021-06-27 22:56:45,00079A0255,K25
2021-06-27 22:58:22,000786D14D,K25
2021-06-27 22:59:29,0006B3BF04,K25
2021-06-27 23:01:01,00074F663E,K75
2021-06-27 23:01:29,00071E15BF,K25
2021-06-27 23:02:09,00071E15BF,K75
2021-06-27 23:03:19,000783F377,K75
2021-06-27 23:04:35,000783F377,K25
2021-06-27 23:04:53,0007AC0387,K75
2021-06-27 23:06:13,0007AC80F1,K25
2021-06-27 23:07:12,0007AC0387,K75
2021-06-27 23:15:16,0006B3BF04,K25
2021-06-27 23:15:41,00071E2D31,K25
2021-06-27 23:22:36,000783CB2B,K25
2021-06-27 23:23:12,000783CB2B,K75
2021-06-27 23:23:19,00079A0255,K25
2021-06-27 23:23:51,00075D879F,K25
2021-06-27 23:24:14,00075D879F,K25
2021-06-27 23:26:07,00074F663E,K75
2021-06-27 23:26:48,0006B3B75C,K25
2021-06-27 23:27:14,00074F663E,K25
2021-06-27 23:28:44,00074F663E,K25
2021-06-27 23:28:53,000786B8A2,K25
2021-06-27 23:30:39,000783F377,K25
2021-06-27 23:31:28,000783CB2B,K75
2021-06-27 23:34:10,00074F663E,K75
2021-06-27 23:34:39,00079A0255,K75
2021-06-27 23:36:15,0006B3BF04,K25
2021-06-27 23:36:18,0006E239ED,K25
2021-06-27 23:36:30,000783F377,K75
2021-06-27 23:36:39,0006E239ED,K75
2021-06-27 23:36:50,0006E239ED,K75
2021-06-27 23:36:54,0006B3BF04,K75
2021-06-27 23:36:58,00074F663E,K75
2021-06-27 23:37:41,000786D14D,K25
2021-06-27 23:39:04,00074F663E,K75
2021-06-27 23:40:40,000783CB2B,K25
2021-06-27 23:42:30,00074F663E,K75
2021-06-27 23:43:52,00074F663E,K75
2021-06-27 23:45:22,00074F663E,K25
2021-06-27 23:47:18,00074F663E,K75
2021-06-27 23:48:41,0007AC80F1,K25
2021-06-27 23:48:43,00074F663E,K75
2021-06-27 23:49:41,00074F663E,K75
2021-06-27 23:50:00,00079A0255,K25
2021-06-27 23:50:03,00071E15BF,K75
2021-06-27 23:50:34,00075CE063,K75
2021-06-27 23:50:42,0006E24ECA,K75
2021-06-27 23:50:52,00074F663E,K75
2021-06-27 23:53:12,000783CB2B,K75
2021-06-27 23:55:08,0006B3BF04,K25
2021-06-27 23:56:57,0006B3B75C,K25
2021-06-28 00:01:33,00074F663E,K75
2021-06-28 00:01:48,00074F663E,K25
2021-06-28 00:04:13,00071E15BF,K25
2021-06-28 00:05:53,00074F663E,K75
2021-06-28 00:06:09,0007ABDCCF,K75
2021-06-28 00:09:53,000783F377,K25
2021-06-28 00:15:05,0007ABD629,K75
2021-06-28 00:16:25,000786D14D,K25
2021-06-28 00:17:02,0007ABC5F2,K75
2021-06-28 00:18:13,000783CB2B,K75
2021-06-28 00:19:18,000783F377,K75
2021-06-28 00:19:48,00074EEC1A,K75
2021-06-28 00:19:59,00071E15BF,K75
2021-06-28 00:21:14,00074EEC1A,K75
2021-06-28 00:21:35,0006B3BF04,K25
2021-06-28 00:21:55,0006B3BF04,K75
2021-06-28 00:22:32,0007AC80F1,K75
2021-06-28 00:27:18,0006E24ECA,K25
2021-06-28 00:27:34,0007AC80F1,K25
2021-06-28 00:29:43,000783CB2B,K75
2021-06-28 00:33:38,00074F663E,K25
2021-06-28 00:33:51,000783F429,K75
2021-06-28 00:38:06,00075D879F,K75
2021-06-28 00:38:21,0006B3BF04,K25
2021-06-28 00:38:28,0007ABD629,K75
2021-06-28 00:38:46,0007ABD629,K75
2021-06-28 00:42:39,000783F377,K25
2021-06-28 00:45:00,0007ABDCCF,K75
2021-06-28 00:46:14,000786D14D,K25
2021-06-28 00:48:25,0007ABD629,K75
2021-06-28 00:48:34,00079A0255,K25
2021-06-28 00:50:39,000783CB2B,K75
2021-06-28 00:59:17,0007ABC5F2,K75
2021-06-28 00:59:21,0006E239ED,K25
2021-06-28 01:04:30,0006B3B75C,K25
2021-06-28 01:04:55,0006B3BF04,K25
2021-06-28 01:05:27,0007AC80F1,K75
2021-06-28 01:07:20,00071E15BF,K75
2021-06-28 01:09:02,0007AC80F1,K25
2021-06-28 01:12:09,00079A0255,K75
2021-06-28 01:12:29,0007AC5939,K75
2021-06-28 01:14:32,00075D879F,K75
2021-06-28 01:15:42,0007AC5939,K75
2021-06-28 01:16:09,0006B3BF04,K75
2021-06-28 01:16:38,0006B3BF04,K75
2021-06-28 01:16:46,000786B8A2,K75
2021-06-28 01:17:41,0006B3BF04,K25
2021-06-28 01:21:23,000786D14D,K25
2021-06-28 01:21:46,0007ABC809,K75
2021-06-28 01:22:21,0006CC24E9,K75
2021-06-28 01:22:56,0007ABC809,K75
2021-06-28 01:23:07,0006CC24E9,K75
2021-06-28 01:29:41,0006E24C7B,K75
2021-06-28 01:36:04,00071E15BF,K75
2021-06-28 01:37:05,00079A0255,K25
2021-06-28 01:46:28,00074F663E,K25
2021-06-28 01:49:03,0006B3BF04,K25
2021-06-28 01:50:17,0006E239ED,K25
2021-06-28 01:50:34,0007AC80F1,K75
2021-06-28 01:51:16,000783F377,K25
2021-06-28 01:53:13,0007ABA539,K25
2021-06-28 01:53:37,0007AC80F1,K25
2021-06-28 01:58:10,00075D076C,K25
2021-06-28 02:01:18,000783CB2B,K25
2021-06-28 02:01:31,0006B3B75C,K25
2021-06-28 02:02:00,000783CB2B,K25
2021-06-28 02:02:18,0007AC3CC1,K25
2021-06-28 02:05:38,0006B3BF04,K25
2021-06-28 02:07:24,0007AC8787,K75
2021-06-28 02:08:44,00074F663E,K75
2021-06-28 02:14:21,0007AC44BD,K25
2021-06-28 02:15:35,000786D14D,K25
2021-06-28 02:15:43,0007AC8787,K75
2021-06-28 02:25:16,00079AAA3C,K75
2021-06-28 02:28:20,00075D879F,K75
2021-06-28 02:30:44,0006E24ECA,K25
2021-06-28 02:31:27,0007AC44BD,K25
2021-06-28 02:32:40,0007ABDCCF,K75
2021-06-28 02:32:41,0007AC80F1,K75
2021-06-28 02:34:59,00074F663E,K25
2021-06-28 02:37:07,000783CB2B,K75
2021-06-28 02:44:12,0006B3BF04,K25
2021-06-28 02:44:26,00071E15BF,K75
2021-06-28 02:46:35,0007ABC5F2,K75
2021-06-28 02:47:25,00079A0255,K25
2021-06-28 02:48:26,0006E239ED,K25
2021-06-28 02:49:17,000783F377,K25
2021-06-28 02:54:36,0007AC80F1,K25
2021-06-28 03:03:33,00079A0255,K75
2021-06-28 03:04:08,0006B3BF04,K75
2021-06-28 03:04:27,0006B3BF04,K75
2021-06-28 03:05:12,000786D14D,K25
2021-06-28 03:05:30,0006B3BF04,K25
2021-06-28 03:09:54,00074EEC1A,K25
2021-06-28 03:09:55,00075D879F,K75
2021-06-28 03:10:17,0006B3B75C,K25
2021-06-28 03:13:22,0007AC80F1,K75
2021-06-28 03:14:28,00074EEC1A,K25
2021-06-28 03:14:33,0007AC5939,K75
2021-06-28 03:14:56,0007AC80F1,K25
2021-06-28 03:16:20,0006B3B75C,K75
2021-06-28 03:17:20,0006B3B75C,K25
2021-06-28 03:18:19,0007ABD4DC,K75
2021-06-28 03:18:30,0007AC5939,K75
2021-06-28 03:19:24,0006B3B75C,K25
2021-06-28 03:19:52,00079A0255,K25
2021-06-28 03:20:24,00071E15BF,K75
2021-06-28 03:23:48,000783CB2B,K75
2021-06-28 03:24:03,00074F663E,K25
2021-06-28 03:25:25,0007ABC809,K75
2021-06-28 03:27:08,0007ABA539,K75
2021-06-28 03:27:46,0006B3B75C,K75
2021-06-28 03:28:42,00071E15BF,K75
2021-06-28 03:28:49,0006B3BF04,K25
2021-06-28 03:30:15,000786D14D,K25
2021-06-28 03:40:40,00079A0255,K25
2021-06-28 03:44:41,000783F377,K25
2021-06-28 03:48:18,0007AC80F1,K75
2021-06-28 03:51:02,0006E239ED,K25
2021-06-28 03:51:34,0006E239ED,K75
2021-06-28 03:53:30,0007AC80F1,K25
2021-06-28 03:56:52,000786D14D,K25
2021-06-28 04:03:23,0007AC80F1,K75
2021-06-28 04:09:23,0007AC80F1,K25
2021-06-28 04:14:49,0007AC5939,K75
2021-06-28 04:22:16,0006B3B75C,K75
2021-06-28 04:29:49,000783CB2B,K75
2021-06-28 04:30:06,0006B3BF04,K25
2021-06-28 04:46:14,0007ABDCCF,K75
2021-06-28 04:46:51,0006E24C7B,K75
2021-06-28 04:51:44,00074EEC1A,K75
2021-06-28 04:53:30,0007ABA539,K75
2021-06-28 04:55:57,000799A5EF,K75
2021-06-28 05:03:56,0006E241C1,K75
2021-06-28 05:16:08,0007AC3CC1,K25
2021-06-28 05:16:21,0007AC3CC1,K25
2021-06-28 05:16:32,0007AC3CC1,K25
2021-06-28 21:39:31,00074F663E,K25
2021-06-28 21:39:52,00079A0255,K25
2021-06-28 21:44:02,0007ACAC37,K24
2021-06-28 21:45:25,0007AC80F1,K25
2021-06-28 21:45:50,0007AC3CC1,K25
2021-06-28 21:46:16,00074F7C6F,K24
2021-06-28 21:46:18,0007ABA539,K75
2021-06-28 21:47:09,0007ABC809,K24
2021-06-28 21:47:19,0006E239ED,K25
2021-06-28 21:48:16,000783F429,K75
2021-06-28 21:48:24,000783CB2B,K75
2021-06-28 21:49:57,0007AC44BD,K24
2021-06-28 21:50:02,0006B34FE4,K75
2021-06-28 21:50:10,00075B22B0,K75
2021-06-28 21:50:47,0006E241C1,K75
2021-06-28 21:51:40,0006E24C7B,K75
2021-06-28 21:52:35,00071E15BF,K75
2021-06-28 21:52:39,0006E239ED,K25
2021-06-28 21:52:41,000788A24D,K75
2021-06-28 21:52:50,0006E239ED,K25
2021-06-28 21:52:53,0006E24ECA,K75
2021-06-28 21:52:56,0006E241C1,K75
2021-06-28 21:53:00,00079AAA3C,K75
2021-06-28 21:53:01,0006E239ED,K25
2021-06-28 21:53:06,000786D14D,K25
2021-06-28 21:53:14,00074EEC1A,K75
2021-06-28 21:53:15,0006B3BF04,K25
2021-06-28 21:53:24,000783F377,K25
2021-06-28 21:53:31,0007ABC5F2,K75
2021-06-28 21:53:37,0007ABD629,K75
2021-06-28 21:53:52,0007AC8787,K75
2021-06-28 21:54:08,0007AC418B,K24
2021-06-28 21:54:12,00071E2D31,K24
2021-06-28 21:54:56,0006B3B75C,K75
2021-06-28 21:55:06,0007ABD4DC,K75
2021-06-28 21:55:35,0007ABF44A,K24
2021-06-28 21:55:37,00075D879F,K75
2021-06-28 21:55:55,00075CE063,K75
2021-06-28 21:56:24,000786B8A2,K75
2021-06-28 22:02:24,000783F377,K75
2021-06-28 22:02:29,0006CC24E9,K24
2021-06-28 22:02:48,0007AC5939,K75
2021-06-28 22:04:18,0007ABDCCF,K75
2021-06-28 22:04:22,00079A0255,K75
2021-06-28 22:04:24,00075B29B2,K25
2021-06-28 22:09:06,00079A0255,K25
2021-06-28 22:09:07,0006CC24E9,K24
2021-06-28 22:14:08,000799A5EF,K75
2021-06-28 22:20:01,00075D879F,K75
2021-06-28 22:23:11,0007AC8787,K75
2021-06-28 22:27:41,0007ABF44A,K24
2021-06-28 22:35:39,0006B34FE4,K75
2021-06-28 22:41:56,00079A0255,K75
2021-06-28 22:45:24,0006CC24E9,K25
2021-06-28 22:46:12,000786B8A2,K75
2021-06-28 22:47:11,00079A0255,K75
2021-06-28 22:51:19,000799A5EF,K75
2021-06-28 22:51:19,0007AC44BD,K25
2021-06-28 22:51:24,00074EEC1A,K25
2021-06-28 22:55:03,0006B3B75C,K75
2021-06-28 22:55:10,0006B3BF04,K75
2021-06-28 22:56:16,00079A0255,K75
2021-06-28 22:56:28,0006B3BF04,K75
2021-06-28 22:56:35,0007AC0387,K75
2021-06-28 22:57:19,0006B3BF04,K25
2021-06-28 23:04:30,0007ABD629,K25
2021-06-28 23:25:36,00074F663E,K75
2021-06-28 23:57:28,0006B3BF04,K75
2021-06-28 23:58:43,0007ABF44A,K24
2021-06-28 23:59:04,0007ABF44A,K24
2021-06-28 23:59:16,0007ABF44A,K24
2021-06-29 00:03:19,0006E239ED,K25
2021-06-29 00:03:50,0006E239ED,K25
2021-06-29 00:05:14,0007AC418B,K24
2021-06-29 00:36:29,00074F663E,K25
2021-06-29 00:36:46,0007ABD629,K25
2021-06-29 00:36:48,00074EEC1A,K25
2021-06-29 00:36:59,00074EEC1A,K25
2021-06-29 00:37:10,0006B3BF04,K75
2021-06-29 00:38:52,00074F663E,K75
2021-06-29 00:39:12,0007ABD4DC,K25
2021-06-29 00:40:06,0006E241C1,K75
2021-06-29 00:44:46,00074F7C6F,K25
2021-06-29 00:51:54,00074F7C6F,K25
2021-06-29 00:57:03,0007ABF44A,K25
2021-06-29 01:00:35,00079A0255,K75
2021-06-29 01:02:25,0007ABC5F2,K75
2021-06-29 01:08:47,0006E239ED,K75
2021-06-29 01:11:52,0006B34FE4,K75
2021-06-29 01:12:20,0007AC8787,K75
2021-06-29 01:12:31,0007AC8787,K75
2021-06-29 01:13:08,0006B3BF04,K75
2021-06-29 01:14:37,0007ABA539,K75
2021-06-29 01:15:02,000783CB2B,K75
2021-06-29 01:15:54,00074EEC1A,K75
2021-06-29 01:16:28,00071E15BF,K75
2021-06-29 01:16:48,00075B22B0,K75
2021-06-29 01:17:06,000786B8A2,K75
2021-06-29 01:17:50,0006B3B75C,K75
2021-06-29 01:19:19,000799A5EF,K75
2021-06-29 01:19:54,00075D879F,K75
2021-06-29 01:20:39,0006B3AC35,K75
2021-06-29 01:25:44,0007AC80F1,K25
2021-06-29 01:26:58,0006CC24E9,K25
2021-06-29 01:29:02,0007ABDCCF,K75
2021-06-29 01:29:17,0007ABD629,K75
2021-06-29 01:29:55,000783F377,K75
2021-06-29 01:31:55,00074F663E,K25
2021-06-29 01:32:44,0006B3BF04,K75
2021-06-29 01:32:50,00074F663E,K75
2021-06-29 01:33:33,0007ABA539,K75
2021-06-29 01:33:51,0006B3BF04,K25
2021-06-29 01:34:32,0006B3BF04,K25
2021-06-29 01:34:44,0007AC44BD,K25
2021-06-29 01:34:55,00074F7C6F,K25
2021-06-29 01:37:52,0006E241C1,K75
2021-06-29 01:41:41,00075D076C,K75
2021-06-29 01:43:48,00075D076C,K25
2021-06-29 01:44:35,00075D076C,K25
2021-06-29 01:50:28,00075B29B2,K25
2021-06-29 01:53:56,0007AC8787,K75
2021-06-29 01:55:26,00074EEC1A,K25
2021-06-29 01:57:16,0007ABDCCF,K25
2021-06-29 01:57:59,0007AC8787,K75
2021-06-29 01:58:41,0006E239ED,K25
2021-06-29 01:58:59,0007AC3CC1,K75
2021-06-29 02:00:28,000786D14D,K25
2021-06-29 02:01:25,00074EEC1A,K25
2021-06-29 02:05:52,000799A5EF,K75
2021-06-29 02:06:33,0007AC3CC1,K75
2021-06-29 02:08:02,0007ABA539,K25
2021-06-29 02:08:09,0006B3BF04,K25
2021-06-29 02:08:47,0006B3BF04,K25
2021-06-29 02:09:37,0006B3BF04,K25
2021-06-29 02:12:19,00079A0255,K25
2021-06-29 02:12:25,0007ABC5F2,K25
2021-06-29 02:13:42,00079AAA3C,K75
2021-06-29 02:15:34,00075D879F,K75
2021-06-29 02:17:02,00079AAA3C,K75
2021-06-29 02:18:10,00074F7C6F,K25
2021-06-29 02:18:24,00074F663E,K25
2021-06-29 02:18:28,000783F429,K75
2021-06-29 02:20:53,0007ABA539,K75
2021-06-29 02:22:17,0006B3AC35,K75
2021-06-29 02:22:24,0007AC44BD,K75
2021-06-29 02:23:13,00079A0255,K75
2021-06-29 02:25:52,0007ABC809,K75
2021-06-29 02:26:10,00079A0255,K25
2021-06-29 02:27:44,0006B3AC35,K75
2021-06-29 02:28:01,0006B3B75C,K25
2021-06-29 02:30:14,0007ABC809,K25
2021-06-29 02:30:52,000783CB2B,K75
2021-06-29 02:31:25,000799A5EF,K75
2021-06-29 02:33:41,00074F7C6F,K25
2021-06-29 02:33:42,0006B3BF04,K75
2021-06-29 02:33:54,0007AC80F1,K75
2021-06-29 02:35:26,00074F663E,K25
2021-06-29 02:36:41,00074F663E,K75
2021-06-29 02:37:49,0007AC80F1,K25
2021-06-29 02:37:57,0006E24ECA,K25
2021-06-29 02:38:34,0007AC44BD,K75
2021-06-29 02:38:57,0006E239ED,K75
2021-06-29 02:39:38,0006B3B75C,K75
2021-06-29 02:40:09,0006E239ED,K25
2021-06-29 02:42:54,0007ABDCCF,K75
2021-06-29 02:43:25,0006B3AC35,K25
2021-06-29 02:43:35,0006CC24E9,K75
2021-06-29 02:44:12,0007ABDCCF,K25
2021-06-29 02:44:20,00074F663E,K25
2021-06-29 02:50:46,00074F663E,K75
2021-06-29 02:53:43,0007ABA539,K75
2021-06-29 02:58:58,0006B3BF04,K75
2021-06-29 03:00:21,0006B3AC35,K75
2021-06-29 03:00:56,00071E2D31,K25
2021-06-29 03:00:57,00075B29B2,K25
2021-06-29 03:01:10,000786B8A2,K25
2021-06-29 03:01:21,000786B8A2,K25
2021-06-29 03:01:24,00071E2D31,K24
2021-06-29 03:01:37,00075B29B2,K24
2021-06-29 03:01:47,00071E2D31,K24
2021-06-29 03:02:45,00075B29B2,K75
2021-06-29 03:02:49,00075D879F,K75
2021-06-29 03:05:19,0006B3BF04,K75
2021-06-29 03:06:31,0006B3BF04,K25
2021-06-29 03:06:43,000786B8A2,K25
2021-06-29 03:06:49,0006B3BF04,K25
2021-06-29 03:07:41,0007AC80F1,K75
2021-06-29 03:16:43,000783F377,K75
2021-06-29 03:17:02,000786D14D,K25
2021-06-29 03:17:36,0007AC3CC1,K75
2021-06-29 03:18:32,00075CE063,K75
2021-06-29 03:20:13,0006CC24E9,K75
2021-06-29 03:20:47,000786D14D,K75
2021-06-29 03:24:08,0007ABA539,K75
2021-06-29 03:24:26,000786D14D,K75
2021-06-29 03:24:37,000786D14D,K25
2021-06-29 03:27:04,00075B29B2,K25
2021-06-29 03:27:15,00075B29B2,K25
2021-06-29 03:30:30,0006B3AC35,K75
2021-06-29 03:34:22,00074F7C6F,K25
2021-06-29 03:39:26,000786D14D,K75
2021-06-29 03:40:14,0007ABDCCF,K75
2021-06-29 03:44:21,00075B29B2,K75
2021-06-29 03:48:31,00071E2D31,K75
2021-06-29 03:48:42,00071E2D31,K75
2021-06-29 03:48:54,00071E2D31,K75
2021-06-29 03:50:54,00075D879F,K75
2021-06-29 03:51:59,00074F7C6F,K75
2021-06-29 03:54:13,00075D076C,K75
2021-06-29 04:06:08,0006B3BF04,K75
2021-06-29 04:08:47,00074F663E,K75
2021-06-29 04:17:23,000788A24D,K75
2021-06-29 04:23:39,0007ACAC37,K75
2021-06-29 04:26:03,00071E15BF,K75
2021-06-29 04:26:58,00075CE063,K75
2021-06-29 04:28:27,00075B29B2,K75
2021-06-29 04:30:59,0007AC44BD,K75
2021-06-29 04:32:41,0007ABC809,K75
2021-06-29 04:32:47,0007AC5939,K75
2021-06-29 04:36:18,00074EEC1A,K75
2021-06-29 04:38:02,0007ABD4DC,K24
2021-06-29 04:42:17,0007ABC5F2,K75
2021-06-29 04:42:58,0006CC24E9,K75
2021-06-29 04:46:02,0007ABD4DC,K24
2021-06-29 04:46:59,0007ACAC37,K24
2021-06-29 04:47:26,0007ABF44A,K75
2021-06-29 04:54:00,0007ABC809,K24
2021-06-29 04:54:11,0007ABC809,K24
2021-06-29 04:55:00,0007AC418B,K24
2021-06-29 04:57:17,0006B34FE4,K75
2021-06-29 04:58:13,000799A5EF,K75
2021-06-29 04:59:14,0006E241C1,K25
2021-06-29 04:59:31,0006E241C1,K25
2021-06-29 05:06:33,0007AC418B,K75
2021-06-29 05:08:33,00074F7C6F,K24
2021-06-29 05:08:38,0007AC8787,K24
2021-06-29 05:11:18,00074F7C6F,K75
2021-06-29 05:11:27,0007AC8787,K24
2021-06-29 05:12:54,0007AC8787,K24
2021-06-29 05:14:21,0007AC8787,K24
2021-06-29 05:16:57,0007ABC809,K24
2021-06-29 05:20:40,0007AC8787,K75
2021-06-29 05:21:31,0007AC8787,K24
2021-06-29 05:23:35,0007AC8787,K24
2021-06-29 05:23:46,0007AC8787,K24
2021-06-29 05:23:57,0007AC8787,K24
2021-06-29 05:31:59,0007AC8787,K75
2021-06-29 21:43:46,0007ACAC37,K75
2021-06-29 21:48:15,00074F663E,K75
2021-06-29 21:54:35,000783CB2B,K75
2021-06-29 21:55:30,00079A0255,K75
2021-06-29 21:55:34,0007ABC5F2,K75
2021-06-29 21:56:30,0006B3BF04,K75
2021-06-29 21:57:09,000786D14D,K75
2021-06-29 21:57:26,00075B29B2,K75
2021-06-29 21:57:45,00071E2D31,K75
2021-06-29 21:57:48,00075B29B2,K75
2021-06-29 21:58:32,000799A5EF,K75
2021-06-29 21:58:59,0006B3B75C,K75
2021-06-29 21:59:01,00075D879F,K75
2021-06-29 21:59:35,0007AC8787,K75
2021-06-29 21:59:44,0007ABA539,K75
2021-06-29 22:00:11,0007AC80F1,K75
2021-06-29 22:00:22,0007AC44BD,K75
2021-06-29 22:01:03,00071E15BF,K75
2021-06-29 22:01:55,0006E241C1,K75
2021-06-29 22:02:01,0006E239ED,K75
2021-06-29 22:02:56,00074F7C6F,K75
2021-06-29 22:03:04,0007ACAC37,K75
2021-06-29 22:05:04,0007ABF44A,K75
2021-06-29 22:05:10,0007AC418B,K75
2021-06-29 22:05:24,0006B3AC35,K75
2021-06-29 22:06:20,000783F377,K75
2021-06-29 22:08:16,00075CE063,K75
2021-06-29 22:09:13,000788A24D,K75
2021-06-29 22:09:16,00079AAA3C,K75
2021-06-29 22:09:47,000786B8A2,K75
2021-06-29 22:10:12,00075D076C,K75
2021-06-29 22:10:24,0007ABD4DC,K75
2021-06-29 22:10:45,0007AC5939,K75
2021-06-29 22:10:51,0007ABD629,K75
2021-06-29 22:11:36,0007AC3CC1,K75
2021-06-29 22:11:41,0006CC24E9,K75
2021-06-29 22:15:34,00074EEC1A,K75
2021-06-29 22:17:25,0006E24ECA,K75
2021-06-29 22:33:39,0007AC44BD,K75
2021-06-29 22:34:49,00079AAA3C,K75
2021-06-29 22:52:34,00074EEC1A,K75
2021-06-29 23:01:40,0007AC44BD,K75
2021-06-29 23:01:49,00079AAA3C,K75
2021-06-29 23:03:51,000799A5EF,K75
2021-06-29 23:08:58,00079A0255,K75
2021-06-29 23:09:41,00075D879F,K75
2021-06-29 23:09:57,00074EEC1A,K75
2021-06-29 23:11:10,0006B3AC35,K75
2021-06-29 23:11:26,0006B3BF04,K75
2021-06-29 23:12:58,000783CB2B,K75
2021-06-29 23:24:57,0006E239ED,K75
2021-06-29 23:25:25,00074F663E,K75
2021-06-29 23:25:48,000786D14D,K75
2021-06-29 23:29:04,00079AAA3C,K75
2021-06-29 23:29:10,00074EEC1A,K75
2021-06-29 23:31:38,00079AAA3C,K75
2021-06-29 23:34:04,0006E24ECA,K75
2021-06-29 23:34:58,000783F429,K75
2021-06-29 23:37:54,000799A5EF,K75
2021-06-29 23:40:17,0007AC44BD,K75
2021-06-29 23:41:03,0006B3B75C,K75
2021-06-29 23:41:23,0007AC418B,K75
2021-06-29 23:42:47,0007ABD629,K75
2021-06-29 23:43:33,00079AAA3C,K75
2021-06-29 23:44:47,0007AC80F1,K75
2021-06-29 23:49:24,0006B3BF04,K75
2021-06-29 23:50:37,0006CC24E9,K75
2021-06-29 23:52:57,000783F429,K75
2021-06-29 23:53:09,0006B34FE4,K75
2021-06-29 23:54:04,0007ABDCCF,K75
2021-06-29 23:54:39,00075B22B0,K75
2021-06-29 23:57:23,00074EEC1A,K75
2021-06-29 23:59:20,000799A5EF,K75
2021-06-30 00:04:37,00075D076C,K75
2021-06-30 00:04:54,00075B29B2,K75
2021-06-30 00:06:26,0007ABA539,K75
2021-06-30 00:08:26,0007ABF44A,K75
2021-06-30 00:09:55,0006B3B75C,K75
2021-06-30 00:12:33,00071E15BF,K75
2021-06-30 00:14:02,000783F377,K75
2021-06-30 00:15:51,0006B3AC35,K75
2021-06-30 00:16:09,00079AAA3C,K75
2021-06-30 00:16:51,00079A0255,K75
2021-06-30 00:20:17,0006E24ECA,K75
2021-06-30 00:20:45,0007AC3CC1,K75
2021-06-30 00:22:44,0006CC24E9,K75
2021-06-30 00:23:28,000786B8A2,K75
2021-06-30 00:25:07,00074EEC1A,K75
2021-06-30 00:25:25,000799A5EF,K75
2021-06-30 00:27:17,000783F429,K75
2021-06-30 00:28:32,0007AC8787,K75
2021-06-30 00:29:11,0007ABA539,K75
2021-06-30 00:30:18,00075D879F,K75
2021-06-30 00:40:38,0007AC8787,K75
2021-06-30 00:40:45,0006E241C1,K75
2021-06-30 00:41:52,00074EEC1A,K75
2021-06-30 00:44:22,000783F429,K75
2021-06-30 00:46:44,0007AC44BD,K75
2021-06-30 00:48:53,000783CB2B,K75
2021-06-30 00:54:22,00074F663E,K75
2021-06-30 00:55:39,0006E241C1,K75
2021-06-30 00:56:04,000799A5EF,K75
2021-06-30 00:56:44,00075B22B0,K75
2021-06-30 01:01:58,000799A5EF,K75
2021-06-30 01:03:02,0007ABC5F2,K75
2021-06-30 01:06:42,0007AC8787,K75
2021-06-30 01:06:51,00074F7C6F,K75
2021-06-30 01:08:49,0007ABD629,K75
2021-06-30 01:09:32,000786D14D,K75
2021-06-30 01:09:38,00075B29B2,K75
2021-06-30 01:09:49,00075B29B2,K75
2021-06-30 01:10:11,0007AC8787,K75
2021-06-30 01:10:17,00075B29B2,K75
2021-06-30 01:10:56,0006B3BF04,K75
2021-06-30 01:12:51,00075B29B2,K75
2021-06-30 01:14:00,00079AAA3C,K75
2021-06-30 01:15:24,0007AC3CC1,K75
2021-06-30 01:20:16,0007ABDCCF,K75
2021-06-30 01:20:21,0006E239ED,K75
2021-06-30 01:20:24,000783F429,K75
2021-06-30 01:22:10,000799A5EF,K75
2021-06-30 01:29:14,0007AC80F1,K75
2021-06-30 01:30:03,0006B3BF04,K75
2021-06-30 01:32:54,00074EEC1A,K75
2021-06-30 01:34:50,0006CC24E9,K75
2021-06-30 01:43:45,00075B22B0,K75
2021-06-30 01:47:00,000799A5EF,K75
2021-06-30 01:47:52,0006B3B75C,K75
2021-06-30 01:48:21,0007ABF44A,K75
2021-06-30 01:54:41,00075D879F,K75
2021-06-30 01:58:00,00074F663E,K75
2021-06-30 02:03:56,00074EEC1A,K75
2021-06-30 02:05:59,00074F7C6F,K75
2021-06-30 02:08:38,00071E2D31,K75
2021-06-30 02:09:41,0007AC44BD,K75
2021-06-30 02:14:48,00079AAA3C,K75
2021-06-30 02:16:51,00075B22B0,K75
2021-06-30 02:17:01,00079A0255,K75
2021-06-30 02:19:32,00074F663E,K75
2021-06-30 02:23:59,000788A24D,K75
2021-06-30 02:25:23,000799A5EF,K75
2021-06-30 02:27:30,0006CC24E9,K75
2021-06-30 02:30:52,0006B3AC35,K75
2021-06-30 02:31:04,0006E24ECA,K75
2021-06-30 02:32:24,00074F7C6F,K75
2021-06-30 02:34:20,0006B3BF04,K75
2021-06-30 02:34:55,000783CB2B,K75
2021-06-30 02:35:29,00071E15BF,K75
2021-06-30 02:37:08,0007ABA539,K75
2021-06-30 02:38:50,00074EEC1A,K75
2021-06-30 02:40:12,0007AC8787,K75
2021-06-30 02:40:43,00079AAA3C,K75
2021-06-30 02:41:39,00075D076C,K75
2021-06-30 02:42:29,0007ABD629,K75
2021-06-30 02:43:00,0007ABC5F2,K75
2021-06-30 02:43:14,000783F377,K75
2021-06-30 02:45:11,000799A5EF,K75
2021-06-30 02:48:04,0006B34FE4,K75
2021-06-30 02:51:01,000786B8A2,K75
2021-06-30 02:53:10,00075B29B2,K75
2021-06-30 02:53:26,0006E241C1,K75
2021-06-30 02:53:36,0007ABDCCF,K75
2021-06-30 02:54:11,0006CC24E9,K75
2021-06-30 03:00:43,0006B3BF04,K75
2021-06-30 03:01:13,0007ABF44A,K75
2021-06-30 03:01:57,000786B8A2,K75
2021-06-30 03:03:29,00071E15BF,K75
2021-06-30 03:04:34,00075B22B0,K75
2021-06-30 03:05:25,00074EEC1A,K75
2021-06-30 03:08:17,0007AC8787,K75
2021-06-30 03:09:32,0006B3B75C,K75
2021-06-30 03:10:13,00074F7C6F,K75
2021-06-30 03:11:48,00075D879F,K75
2021-06-30 03:19:52,0006E241C1,K75
2021-06-30 03:21:21,0007AC80F1,K75
2021-06-30 03:24:14,0007AC44BD,K75
2021-06-30 03:28:55,00074F7C6F,K75
2021-06-30 03:29:18,0006E24ECA,K75
2021-06-30 03:30:06,0007ABD629,K75
2021-06-30 03:32:33,000786D14D,K75
2021-06-30 03:34:21,0007ABD629,K75
2021-06-30 03:34:32,0007ABD629,K75
2021-06-30 03:34:43,0007ABD629,K75
2021-06-30 03:34:54,0007ABD629,K75
2021-06-30 03:34:56,000799A5EF,K75
2021-06-30 03:35:10,000799A5EF,K75
2021-06-30 03:35:16,0007ABD629,K75
2021-06-30 03:35:26,000799A5EF,K75
2021-06-30 03:35:36,0007ABD629,K75
2021-06-30 03:35:44,000799A5EF,K75
2021-06-30 03:39:15,00071E2D31,K75
2021-06-30 03:39:57,0006E239ED,K75
2021-06-30 03:47:29,000799A5EF,K75
2021-06-30 03:50:47,00074F663E,K75
2021-06-30 03:52:48,0006B34FE4,K75
2021-06-30 03:53:30,0007ABD629,K75
2021-06-30 03:54:56,0007AC8787,K75
2021-06-30 03:58:07,0006B3AC35,K75
2021-06-30 03:59:33,00074EEC1A,K75
2021-06-30 04:09:45,0007AC8787,K75
2021-06-30 04:18:17,0006B3BF04,K75
2021-06-30 04:23:34,0007ACAC37,K75
2021-06-30 04:25:19,0007AC5939,K75
2021-06-30 04:25:49,0007AC44BD,K75
2021-06-30 04:30:57,0006E241C1,K75
2021-06-30 04:32:34,00074F7C6F,K75
2021-06-30 04:33:54,0007AC3CC1,K75
2021-06-30 04:35:13,0006CC24E9,K75
2021-06-30 04:48:26,00079AAA3C,K75
2021-06-30 04:50:40,000799A5EF,K75
2021-06-30 04:59:53,0007AC8787,K75
2021-06-30 05:04:24,0007AC418B,K75
2021-06-30 05:04:41,0007AC8787,K75
2021-06-30 05:27:44,00075D879F,K75
2021-06-30 05:29:53,00075D879F,K75
2021-06-30 05:30:04,00075D879F,K75
2021-06-30 05:30:15,00075D879F,K75
2021-06-30 05:30:42,00075D879F,K75
2021-06-30 05:30:54,00075D879F,K75
2021-06-30 05:31:05,00075D879F,K75
2021-06-30 05:31:16,00075D879F,K75
2021-06-30 05:31:38,00075D879F,K75
2021-06-30 05:33:03,00075D879F,K75
2021-06-30 05:33:15,00075D879F,K75
2021-06-30 05:33:33,00075D879F,K75
2021-06-30 05:34:39,00075D879F,K75
2021-06-30 05:35:33,00075D879F,K75
2021-06-30 05:48:41,00075D879F,K75
2021-06-30 05:48:52,00075D879F,K75
2021-06-30 06:01:56,00075D879F,K75
2021-06-30 06:02:27,00075D879F,K75
2021-06-30 06:02:46,00075D879F,K75
2021-06-30 06:03:26,00075D879F,K75
2021-06-30 06:03:41,00075D879F,K75
2021-06-30 06:03:57,00075D879F,K75
2021-06-30 06:04:10,00075D879F,K75
2021-06-30 06:04:26,00075D879F,K75
2021-06-30 06:06:30,00075D879F,K75
2021-06-30 06:06:45,00075D879F,K75
2021-06-30 06:07:35,00075D879F,K75
2021-06-30 06:07:53,00075D879F,K75
2021-06-30 06:08:09,00075D879F,K75
2021-06-30 06:08:57,00075D879F,K75
2021-06-30 06:16:26,00075D879F,K75
2021-06-30 06:18:21,00075D879F,K75
2021-06-30 06:18:36,00075D879F,K75
2021-06-30 21:52:35,00074F7C6F,K75
2021-06-30 21:53:53,00074F663E,K75
2021-06-30 21:54:11,00071E2D31,K75
2021-06-30 21:55:19,0006B3BF04,K75
2021-06-30 21:55:39,0007ABF44A,K75
2021-06-30 21:55:43,000799A5EF,K75
2021-06-30 21:57:03,0007ABDCCF,K75
2021-06-30 21:57:17,00071E15BF,K75
2021-06-30 21:57:51,00075D879F,K75
2021-06-30 21:57:54,0007ABC5F2,K75
2021-06-30 21:58:04,0007AC0387,K75
2021-06-30 21:58:11,00079A0255,K75
2021-06-30 22:00:39,0006E239ED,K75
2021-06-30 22:00:47,00075D076C,K75
2021-06-30 22:00:49,000783CB2B,K75
2021-06-30 22:00:59,0007ACAC37,K75
2021-06-30 22:01:05,000783F429,K75
2021-06-30 22:01:08,0007AC44BD,K75
2021-06-30 22:01:50,000783F377,K75
2021-06-30 22:03:01,0007AC80F1,K75
2021-06-30 22:03:39,0006B3B75C,K75
2021-06-30 22:03:42,0007AC3CC1,K75
2021-06-30 22:04:09,00075CE063,K75
2021-06-30 22:04:58,0007ABD629,K75
2021-06-30 22:05:15,000786D14D,K75
2021-06-30 22:07:59,0006E241C1,K75
2021-06-30 22:08:15,0007ABD4DC,K75
2021-06-30 22:09:54,0007AC5939,K75
2021-06-30 22:13:54,00075B22B0,K75
2021-06-30 22:14:27,0006B3AC35,K75
2021-06-30 22:14:41,0006E24ECA,K75
2021-06-30 22:15:18,0006B34FE4,K75
2021-06-30 22:16:47,00075B29B2,K75
2021-06-30 22:20:06,0006CC24E9,K75
2021-06-30 22:20:25,000786B8A2,K75
2021-06-30 22:23:26,0007ABA539,K75
2021-06-30 22:24:26,00074EEC1A,K75
2021-06-30 22:44:28,0007AC44BD,K75
2021-06-30 22:46:31,0006B3AC35,K75
2021-06-30 23:03:01,000786D14D,K75
2021-06-30 23:03:43,0006B3BF04,K75
2021-06-30 23:08:59,00074EEC1A,K75
2021-06-30 23:10:51,0006B34FE4,K75
2021-06-30 23:10:53,0006B3AC35,K75
2021-06-30 23:12:31,000783F377,K75
2021-06-30 23:15:28,000799A5EF,K75
2021-06-30 23:16:04,0006CC24E9,K75
2021-06-30 23:16:23,00074EEC1A,K75
2021-06-30 23:16:50,00074F663E,K75
2021-06-30 23:16:58,000786B8A2,K75
2021-06-30 23:19:13,000786D14D,K75
2021-06-30 23:23:03,00079A0255,K75
2021-06-30 23:25:07,0006CC24E9,K75
2021-06-30 23:25:20,0007AC44BD,K75
2021-06-30 23:30:34,00075D879F,K75
2021-06-30 23:30:59,0006E24ECA,K75
2021-06-30 23:33:25,00074F7C6F,K75
2021-06-30 23:33:48,000799A5EF,K75
2021-06-30 23:34:19,0006E239ED,K75
2021-06-30 23:38:05,0006B3BF04,K75
2021-06-30 23:39:19,00074F663E,K75
2021-06-30 23:40:18,0007ABD629,K75
2021-06-30 23:41:29,0007AC80F1,K75
2021-06-30 23:42:17,0007ABDCCF,K75
2021-06-30 23:42:20,0006B3B75C,K75
2021-06-30 23:42:40,00074EEC1A,K75
2021-06-30 23:44:09,0006E239ED,K75
2021-06-30 23:46:56,00075B22B0,K75
2021-06-30 23:47:42,00079AAA3C,K75
2021-06-30 23:51:00,000783F429,K75
2021-06-30 23:51:55,000783F377,K75
2021-06-30 23:52:02,000799A5EF,K75
2021-06-30 23:52:40,0007ABC5F2,K75
2021-06-30 23:56:25,0007AC8787,K75
2021-06-30 23:56:44,00074EEC1A,K75
2021-07-01 00:04:17,0007AC8787,K75
2021-07-01 00:06:20,0006CC24E9,K75
2021-07-01 00:06:35,0007AC44BD,K75
2021-07-01 00:09:43,0006E241C1,K75
2021-07-01 00:10:23,00075D076C,K75
2021-07-01 00:10:31,000799A5EF,K75
2021-07-01 00:12:38,00075B29B2,K75
2021-07-01 00:13:29,00079AAA3C,K75
2021-07-01 00:19:02,00074F7C6F,K75
2021-07-01 00:19:51,0007AC3CC1,K75
2021-07-01 00:20:27,00074EEC1A,K75
2021-07-01 00:24:20,000786B8A2,K75
2021-07-01 00:25:22,0006E241C1,K75
2021-07-01 00:27:14,00075B22B0,K75
2021-07-01 00:29:18,0006B3AC35,K75
2021-07-01 00:34:24,00071E15BF,K75
2021-07-01 00:35:46,0007AC8787,K75
2021-07-01 00:35:53,0006CC24E9,K75
2021-07-01 00:36:00,00079A0255,K75
2021-07-01 00:36:16,0006E24C7B,K75
2021-07-01 00:38:40,0007AC5939,K75
2021-07-01 00:38:47,000799A5EF,K75
2021-07-01 00:40:28,0006B3BF04,K75
2021-07-01 00:43:11,00074EEC1A,K75
2021-07-01 00:43:23,0007AC44BD,K75
2021-07-01 00:44:20,0007AC8787,K75
2021-07-01 00:44:39,0006B34FE4,K75
2021-07-01 00:45:51,000783F429,K75
2021-07-01 00:48:36,0007AC5939,K75
2021-07-01 00:50:28,00075D879F,K75
2021-07-01 00:52:06,0007ABDCCF,K75
2021-07-01 00:53:43,000783CB2B,K75
2021-07-01 00:59:30,000799A5EF,K75
2021-07-01 01:00:40,0007AC0387,K75
2021-07-01 01:01:26,0006E24ECA,K75
2021-07-01 01:01:55,0006CC24E9,K75
2021-07-01 01:08:06,0007ABD629,K75
2021-07-01 01:09:04,0006E239ED,K75
2021-07-01 01:10:31,000786D14D,K75
2021-07-01 01:11:31,0006B3BF04,K75
2021-07-01 01:13:44,0006B3B75C,K75
2021-07-01 01:14:29,00075B22B0,K75
2021-07-01 01:15:52,00074F7C6F,K75
2021-07-01 01:18:34,00074EEC1A,K75
2021-07-01 01:20:20,0007AC8787,K75
2021-07-01 01:21:46,0006B3B75C,K75
2021-07-01 01:26:06,0007AC8787,K75
2021-07-01 01:29:26,0007AC5939,K75
2021-07-01 01:29:52,0007AC44BD,K75
2021-07-01 01:30:48,0006E241C1,K75
2021-07-01 01:31:52,00074F663E,K75
2021-07-01 01:33:04,000799A5EF,K75
2021-07-01 01:43:41,0007AC3CC1,K75
2021-07-01 01:44:02,0006E239ED,K75
2021-07-01 01:49:06,00075CE063,K75
2021-07-01 01:50:02,0006B3BF04,K75
2021-07-01 01:50:10,0007ABD629,K75
2021-07-01 02:14:41,00079A0255,K75
2021-07-01 02:21:50,000799A5EF,K75
2021-07-01 02:26:15,0007ABF44A,K75
2021-07-01 02:28:18,000783F429,K75
2021-07-01 02:29:02,000788A24D,K75
2021-07-01 02:35:57,0007AC5939,K75
2021-07-01 02:37:20,0007AC80F1,K75
2021-07-01 02:37:31,0007AC80F1,K75
2021-07-01 02:39:36,000799A5EF,K75
2021-07-01 21:34:05,0007AC8787,K75
2021-07-01 21:48:36,0007ABDCCF,K75
2021-07-01 21:49:07,0007ABD629,K75
2021-07-01 21:50:40,0007AC44BD,K75
2021-07-01 21:52:34,0006B3BF04,K75
2021-07-01 21:53:27,00074F663E,K75
2021-07-01 21:54:15,0006E239ED,K75
2021-07-01 21:54:33,00075D076C,K75
2021-07-01 21:54:53,0007AC8787,K75
2021-07-01 21:55:13,00074F7C6F,K75
2021-07-01 21:55:15,0007ABC5F2,K75
2021-07-01 21:55:26,00075D879F,K75
2021-07-01 21:55:52,00079AAA3C,K75
2021-07-01 21:56:44,000786D14D,K75
2021-07-01 21:58:00,00079A0255,K75
2021-07-01 21:59:06,00071E15BF,K75
2021-07-01 22:00:47,00075B29B2,K75
2021-07-01 22:02:00,000799A5EF,K75
2021-07-01 22:02:11,0006E241C1,K75
2021-07-01 22:02:31,0007ABF44A,K75
2021-07-01 22:04:51,0007ACAC37,K75
2021-07-01 22:05:09,000783F429,K75
2021-07-01 22:05:20,000783F377,K75
2021-07-01 22:05:40,00075B22B0,K75
2021-07-01 22:07:54,0007AC80F1,K75
2021-07-01 22:08:30,0007AC0387,K75
2021-07-01 22:08:47,000783CB2B,K75
2021-07-01 22:09:10,0006B3B75C,K75
2021-07-01 22:10:37,0006B34FE4,K75
2021-07-01 22:11:11,0007AC418B,K75
2021-07-01 22:11:41,0007AC3CC1,K75
2021-07-01 22:15:25,0007ABD4DC,K75
2021-07-01 22:17:16,0006CC24E9,K75
2021-07-01 22:17:22,000786B8A2,K75
2021-07-01 22:17:28,0006E24ECA,K75
2021-07-01 22:23:18,0007ABA539,K75
2021-07-01 22:23:24,00074EEC1A,K75
2021-07-01 22:58:21,000799A5EF,K75
2021-07-01 22:59:42,0006B34FE4,K75
2021-07-01 23:01:44,00074F7C6F,K75
2021-07-01 23:01:52,0007AC44BD,K75
2021-07-01 23:02:54,00074EEC1A,K75
2021-07-01 23:09:26,00079A0255,K75
2021-07-01 23:22:34,00074EEC1A,K75
2021-07-01 23:24:49,00079AAA3C,K75
2021-07-01 23:28:33,000783F377,K75
2021-07-01 23:31:20,00074F7C6F,K75
2021-07-01 23:32:20,0007ABD629,K75
2021-07-01 23:33:57,0006B3BF04,K75
2021-07-01 23:37:26,0006E241C1,K75
2021-07-01 23:37:34,00075D879F,K75
2021-07-01 23:43:24,0006CC24E9,K75
2021-07-01 23:46:55,0007AC8787,K75
2021-07-01 23:47:59,0007AC44BD,K75
2021-07-01 23:50:30,0006B3B75C,K75
2021-07-01 23:50:59,00074EEC1A,K75
2021-07-01 23:52:25,000786D14D,K75
2021-07-01 23:55:52,00075B22B0,K75
2021-07-01 23:58:44,00074F663E,K75
2021-07-02 00:03:49,00071E15BF,K75
2021-07-02 00:03:53,000799A5EF,K75
2021-07-02 00:04:38,0007AC8787,K75
2021-07-02 00:07:39,0006E241C1,K75
2021-07-02 00:11:28,000783F377,K75
2021-07-02 00:13:04,0006B3AC35,K75
2021-07-02 00:16:25,00074EEC1A,K75
2021-07-02 00:18:34,0006E24ECA,K75
2021-07-02 00:21:07,00079A0255,K75
2021-07-02 00:22:57,0007ABDCCF,K75
2021-07-02 00:23:15,0006B3BF04,K75
2021-07-02 00:24:04,0006B34FE4,K75
2021-07-02 00:25:54,0006B3B75C,K75
2021-07-02 00:30:19,0007AC80F1,K75
2021-07-02 00:31:02,0006E239ED,K75
2021-07-02 00:37:07,0007ABC5F2,K75
2021-07-02 00:37:47,00075D076C,K75
2021-07-02 00:47:42,000799A5EF,K75
2021-07-02 00:49:23,00074EEC1A,K75
2021-07-02 00:50:35,00075D879F,K75
2021-07-02 00:53:10,0006E24C7B,K75
2021-07-02 00:53:37,00075B22B0,K75
2021-07-02 00:56:42,0007AC44BD,K75
2021-07-02 00:58:43,0006CC24E9,K75
2021-07-02 00:59:26,0006E241C1,K75
2021-07-02 01:00:10,0007ABF44A,K75
2021-07-02 01:01:00,00074F7C6F,K75
2021-07-02 01:01:14,00075D879F,K75
2021-07-02 01:11:46,00071E15BF,K75
2021-07-02 01:17:27,00074EEC1A,K75
2021-07-02 01:18:50,00075B29B2,K75
2021-07-02 01:21:11,0007ABD4DC,K75
2021-07-02 01:26:49,00071E2D31,K75
2021-07-02 01:26:58,0007ABD629,K75
2021-07-02 01:32:19,00079AAA3C,K75
2021-07-02 01:35:24,000799A5EF,K75
2021-07-02 01:35:55,0006E241C1,K75
2021-07-02 01:42:52,0007ABA539,K75
2021-07-02 01:44:52,0006B34FE4,K75
2021-07-02 01:45:14,0007AC44BD,K75
2021-07-02 01:46:20,00071E2D31,K75
2021-07-02 01:46:31,00075CE063,K75
2021-07-02 01:50:13,0006E24ECA,K75
2021-07-02 01:50:39,000786B8A2,K75
2021-07-02 01:56:47,0006B3AC35,K75
2021-07-02 01:57:52,00074F663E,K75
2021-07-02 01:58:09,00075B22B0,K75
2021-07-02 02:02:29,00071E2D31,K75
2021-07-02 02:10:46,00074EEC1A,K75
2021-07-02 02:11:22,00075D879F,K75
2021-07-02 02:14:31,0006B3BF04,K75
2021-07-02 02:15:02,0006E24C7B,K75
2021-07-02 02:17:09,0006CC24E9,K75
2021-07-02 02:18:47,000799A5EF,K75
2021-07-02 02:18:57,0007AC8787,K75
2021-07-02 02:19:02,0007ABA539,K75
2021-07-02 02:19:53,000786B8A2,K75
2021-07-02 02:20:49,0006E241C1,K75
2021-07-02 02:22:08,0007AC44BD,K75
2021-07-02 02:24:53,00071E2D31,K75
2021-07-02 02:28:27,0007AC8787,K75
2021-07-02 02:30:41,0007ABF44A,K75
2021-07-02 02:30:53,000786B8A2,K75
2021-07-02 02:35:37,0007ABD4DC,K75
2021-07-02 02:35:45,00075B29B2,K75
2021-07-02 02:43:42,0006B3B75C,K75
2021-07-02 02:45:10,0006B3BF04,K75
2021-07-02 02:48:17,00075B22B0,K75
2021-07-02 02:51:03,0006CC24E9,K75
2021-07-02 02:51:38,00075CE063,K75
2021-07-02 02:52:28,00074F7C6F,K75
2021-07-02 02:58:32,00075B29B2,K75
2021-07-02 02:59:37,0007ABC5F2,K75
2021-07-02 03:01:08,0006E24ECA,K75
2021-07-02 03:02:08,0007ABDCCF,K75
2021-07-02 03:05:03,0007AC8787,K75
2021-07-02 03:05:26,00079AAA3C,K75
2021-07-02 03:06:23,0006CC24E9,K75
2021-07-02 03:06:48,000783F377,K75
2021-07-02 03:07:28,0007ABA539,K75
2021-07-02 03:08:06,000786D14D,K75
2021-07-02 03:09:10,00074EEC1A,K75
2021-07-02 03:10:42,000799A5EF,K75
2021-07-02 03:19:08,00074EEC1A,K75
2021-07-02 03:19:57,0006E239ED,K75
2021-07-02 03:22:22,0006E241C1,K75
2021-07-02 03:22:46,0007AC3CC1,K75
2021-07-02 03:23:34,000786B8A2,K75
2021-07-02 03:25:52,0007ABC5F2,K75
2021-07-02 03:30:12,0006B3AC35,K75
2021-07-02 03:33:51,0007AC8787,K75
2021-07-02 03:36:45,0007ABD629,K75
2021-07-02 03:38:06,0006B34FE4,K75
2021-07-02 03:44:21,000783F377,K75
2021-07-02 03:44:33,0007ACAC37,K75
2021-07-02 03:44:44,00075B22B0,K75
2021-07-02 03:46:44,0006B3BF04,K75
2021-07-02 03:49:26,00074F7C6F,K75
2021-07-02 03:52:01,0007ABF44A,K75
2021-07-02 03:52:45,0007AC0387,K75
2021-07-02 03:57:54,00074EEC1A,K75
2021-07-02 04:00:40,00075D879F,K75
2021-07-02 04:02:08,0006E241C1,K75
2021-07-02 04:03:22,0007AC80F1,K75
2021-07-02 04:10:45,00074EEC1A,K75
2021-07-02 04:11:42,000799A5EF,K75
2021-07-02 04:15:48,0006CC24E9,K75
2021-07-02 04:17:59,00071E15BF,K75
2021-07-02 04:22:48,000788A24D,K75
2021-07-02 04:25:22,0007AC5939,K75
2021-07-02 04:25:50,000786B8A2,K75
2021-07-02 04:28:42,0007AC3CC1,K75
2021-07-02 04:35:00,0007ABF44A,K75
2021-07-02 04:35:12,00071E2D31,K75
2021-07-02 04:35:22,0006CC24E9,K75
2021-07-02 04:35:59,00071E2D31,K75
2021-07-02 21:29:37,0006B34FE4,K75
2021-07-02 21:33:46,00074F663E,K75
2021-07-02 21:33:48,0006B3B75C,K75
2021-07-02 21:33:54,0007AC44BD,K75
2021-07-02 21:35:12,000783F377,K75
2021-07-02 21:38:06,0007ABDCCF,K75
2021-07-02 21:38:15,000799A5EF,K75
2021-07-02 21:41:38,000783CB2B,K75
2021-07-02 21:41:39,0007ABA539,K75
2021-07-02 21:41:56,0006B3BF04,K75
2021-07-02 21:42:18,0007ABC5F2,K75
2021-07-02 21:42:20,00075D879F,K75
2021-07-02 21:42:22,00079A0255,K75
2021-07-02 21:42:26,0007ABF44A,K75
2021-07-02 21:43:35,0006E239ED,K75
2021-07-02 21:43:37,0007ABD629,K75
2021-07-02 21:43:42,00071E2D31,K75
2021-07-02 21:44:02,000786B8A2,K75
2021-07-02 21:46:16,0007AC80F1,K75
2021-07-02 21:46:18,00071E15BF,K75
2021-07-02 21:47:51,0006E241C1,K75
2021-07-02 21:47:56,0007AC3CC1,K75
2021-07-02 21:48:00,00075CE063,K75
2021-07-02 21:48:01,0007AC5939,K75
2021-07-02 21:49:09,00075B29B2,K75
2021-07-02 21:51:54,0007AC0387,K75
2021-07-02 21:52:13,0006B3AC35,K75
2021-07-02 21:53:23,0006E24ECA,K75
2021-07-02 21:54:47,0006CC24E9,K75
2021-07-02 21:58:48,00075D076C,K75
2021-07-02 21:59:30,0007AC418B,K60
2021-07-02 22:01:02,000788A24D,K60
2021-07-02 22:03:45,0007AC8787,K60
2021-07-02 22:18:44,0006E241C1,K75
2021-07-02 22:22:47,0006B34FE4,K75
2021-07-02 22:33:16,0007AC44BD,K75
2021-07-02 22:38:52,000799A5EF,K75
2021-07-02 22:41:33,00075B22B0,K75
2021-07-02 22:42:46,00079AAA3C,K75
2021-07-02 22:45:56,0006B3BF04,K75
2021-07-02 22:58:04,0007AC44BD,K75
2021-07-02 22:59:10,0006E241C1,K75
2021-07-02 23:08:25,00074F663E,K75
2021-07-02 23:08:35,000799A5EF,K75
2021-07-02 23:12:27,00079AAA3C,K75
2021-07-02 23:12:58,00075D879F,K75
2021-07-02 23:14:05,0006B3BF04,K75
2021-07-02 23:15:06,0006B34FE4,K75
2021-07-02 23:15:49,000786D14D,K75
2021-07-02 23:18:36,0007ABD629,K75
2021-07-02 23:19:30,00074EEC1A,K75
2021-07-02 23:20:06,00079A0255,K75
2021-07-02 23:21:51,0007ABDCCF,K75
2021-07-02 23:24:10,0006B3B75C,K75
2021-07-02 23:26:50,00079A0255,K75
2021-07-02 23:28:46,00074F663E,K75
2021-07-02 23:30:42,0006E24ECA,K75
2021-07-02 23:45:12,00074EEC1A,K75
2021-07-02 23:45:26,00075B22B0,K75
2021-07-02 23:49:50,00075D076C,K75
2021-07-02 23:51:46,000799A5EF,K75
2021-07-02 23:54:47,0006E241C1,K75
2021-07-02 23:57:15,0006E239ED,K75
2021-07-02 23:57:41,0006B34FE4,K75
2021-07-02 23:59:35,00079AAA3C,K75
2021-07-03 00:01:01,000783F377,K75
2021-07-03 00:02:58,000783CB2B,K75
2021-07-03 00:06:58,00075B29B2,K75
2021-07-03 00:07:28,0006B3BF04,K75
2021-07-03 00:10:20,0007AC80F1,K75
2021-07-03 00:14:48,000799A5EF,K75
2021-07-03 00:16:59,0007ABDCCF,K75
2021-07-03 00:20:50,00074EEC1A,K75
2021-07-03 00:24:41,0007AC44BD,K75
2021-07-03 00:25:04,0007ABF44A,K75
2021-07-03 00:25:37,0006B3B75C,K60
2021-07-03 00:26:21,0006B3B75C,K60
2021-07-03 00:26:54,000783CB2B,K60
2021-07-03 00:31:18,0006CC24E9,K75
2021-07-03 00:33:40,00079AAA3C,K75
2021-07-03 00:34:31,0006B3BF04,K75
2021-07-03 00:37:15,0006E24ECA,K75
2021-07-03 00:38:04,000786D14D,K75
2021-07-03 00:38:48,00074EEC1A,K75
2021-07-03 00:39:13,0006B3AC35,K75
2021-07-03 00:43:09,0007ABD629,K75
2021-07-03 00:47:11,00074F7C6F,K75
2021-07-03 00:48:19,0006B3B75C,K75
2021-07-03 00:49:19,0006B3B75C,K60
2021-07-03 00:50:33,0006B3B75C,K60
2021-07-03 00:50:46,0007AC3CC1,K60
2021-07-03 00:51:36,00075B22B0,K75
2021-07-03 00:53:14,0006CC24E9,K75
2021-07-03 00:55:43,0006E241C1,K75
2021-07-03 01:00:26,00074F663E,K75
2021-07-03 01:02:17,0007AC44BD,K75
2021-07-03 01:02:33,0006E239ED,K75
2021-07-03 01:04:27,00074EEC1A,K75
2021-07-03 01:05:59,0007AC3CC1,K75
2021-07-03 01:07:58,00071E15BF,K75
2021-07-03 01:12:52,0006E24ECA,K75
2021-07-03 01:15:05,000783CB2B,K75
2021-07-03 01:15:11,000799A5EF,K75
2021-07-03 01:16:59,0006B34FE4,K75
2021-07-03 01:17:10,00074EEC1A,K75
2021-07-03 01:19:45,0007ABD4DC,K75
2021-07-03 01:23:17,000799A5EF,K75
2021-07-03 01:24:34,00079AAA3C,K75
2021-07-03 01:29:36,000786D14D,K75
2021-07-03 01:32:11,00074EEC1A,K75
2021-07-03 01:32:33,00079A0255,K75
2021-07-03 01:33:50,000783CB2B,K75
2021-07-03 01:37:13,000799A5EF,K75
2021-07-03 01:39:28,00074F7C6F,K75
2021-07-03 01:40:35,0007ABD4DC,K75
2021-07-03 01:40:42,000783F377,K75
2021-07-03 01:42:22,000799A5EF,K75
2021-07-03 01:44:30,0006E241C1,K75
2021-07-03 01:47:14,00075D879F,K75
2021-07-03 01:48:51,00075B22B0,K75
2021-07-03 01:50:37,0006B3BF04,K75
2021-07-03 01:51:49,0006CC24E9,K75
2021-07-03 01:55:11,00074EEC1A,K75
2021-07-03 01:57:03,0007ABF44A,K75
2021-07-03 02:02:46,0006B3B75C,K60
2021-07-03 02:03:04,0006B3B75C,K60
2021-07-03 02:03:04,0007AC44BD,K75
2021-07-03 02:05:00,000799A5EF,K75
2021-07-03 02:05:28,0007ABC5F2,K60
2021-07-03 02:05:59,0007ABC5F2,K60
2021-07-03 02:07:29,0007ABC5F2,K75
2021-07-03 02:10:38,000799A5EF,K75
2021-07-03 02:15:46,0007AC80F1,K75
2021-07-03 02:17:41,000786D14D,K75
2021-07-03 02:18:17,0007ABDCCF,K75
2021-07-03 02:27:56,000799A5EF,K75
2021-07-03 02:28:30,0006B3B75C,K75
2021-07-03 02:28:54,0007ABD629,K75
2021-07-03 02:32:34,0006B3BF04,K75
2021-07-03 02:32:58,0007ABC5F2,K75
2021-07-03 02:33:33,0006E241C1,K75
2021-07-03 02:41:21,0006B34FE4,K75
2021-07-03 02:41:23,000786D14D,K75
2021-07-03 02:42:16,0006CC24E9,K75
2021-07-03 02:42:30,00074EEC1A,K75
2021-07-03 02:42:54,00074F7C6F,K75
2021-07-03 02:45:53,0007AC44BD,K75
2021-07-03 02:46:07,00075B22B0,K75
2021-07-03 02:47:34,0007AC3CC1,K75
2021-07-03 02:53:52,0006E24ECA,K75
2021-07-03 03:01:08,00071E15BF,K75
2021-07-03 03:01:37,00075D879F,K75
2021-07-03 03:04:11,00079AAA3C,K75
2021-07-03 03:04:39,0007AC8787,K75
2021-07-03 03:06:59,00075D076C,K75
2021-07-03 03:07:17,00075B22B0,K75
2021-07-03 03:07:31,00075D879F,K75
2021-07-03 03:08:40,00075B29B2,K75
2021-07-03 03:11:06,00074EEC1A,K75
2021-07-03 03:11:36,0007AC8787,K75
2021-07-03 03:11:47,0006E239ED,K75
2021-07-03 03:22:12,00071E15BF,K75
2021-07-03 03:25:17,000783CB2B,K75
2021-07-03 03:30:00,00075CE063,K75
2021-07-03 03:31:19,000786D14D,K75
2021-07-03 03:33:36,00075B22B0,K75
2021-07-03 03:33:39,00074F7C6F,K75
2021-07-03 03:33:57,00074F663E,K75
2021-07-03 03:38:57,000783F377,K75
2021-07-03 03:41:23,00074EEC1A,K75
2021-07-03 03:41:44,0007AC8787,K75
2021-07-03 03:43:30,0006E241C1,K75
2021-07-03 03:49:04,0007AC8787,K75
2021-07-03 03:57:30,0006B34FE4,K75
2021-07-03 04:09:45,0006B3B75C,K75
2021-07-03 04:16:30,0007ABDCCF,K75
2021-07-03 04:23:44,000799A5EF,K75
2021-07-03 04:26:33,0006B3BF04,K75
2021-07-03 04:29:41,0007AC44BD,K75
2021-07-03 04:30:14,0006B3B75C,K75
2021-07-03 04:30:37,0006B3B75C,K60
2021-07-03 04:30:49,0006B3B75C,K60
2021-07-03 04:32:23,0006E241C1,K75
2021-07-03 04:32:59,00074EEC1A,K75
2021-07-03 04:34:17,0007AC80F1,K75
2021-07-03 04:34:34,0007AC5939,K75
2021-07-03 04:40:34,0006B34FE4,K75
2021-07-03 04:41:42,0006E24C7B,K75
2021-07-03 04:43:57,00071E15BF,K75
2021-07-03 04:45:03,000788A24D,K75
2021-07-03 04:46:46,0006E24C7B,K60
2021-07-03 04:47:21,0006E24C7B,K60
2021-07-03 04:50:43,00079AAA3C,K60
2021-07-03 04:51:35,0006E24C7B,K60
2021-07-03 04:52:12,0007AC8787,K60
2021-07-03 04:52:26,0006E24C7B,K60
2021-07-03 04:54:14,0007AC8787,K60
2021-07-03 04:54:16,0006E241C1,K75
2021-07-03 04:55:11,000783F429,K60
2021-07-03 04:55:28,0006B3B75C,K75
2021-07-03 04:56:53,000788A24D,K60
2021-07-03 04:59:15,0006CC24E9,K75
2021-07-03 05:00:48,000783CB2B,K75
2021-07-03 05:04:47,0007AC8787,K60
2021-07-03 05:05:25,000783F429,K60
2021-07-03 05:07:11,0007AC8787,K60
2021-07-03 05:08:40,0007AC8787,K60
2021-07-03 05:10:19,0007AC8787,K60
2021-07-03 05:10:39,0007AC418B,K75
2021-07-03 05:10:43,0007AC8787,K75
2021-07-03 05:11:24,000783F429,K60
2021-07-03 05:11:39,0007AC8787,K75
2021-07-03 05:11:59,0007ABA539,K60
2021-07-03 05:12:52,0007AC8787,K60
2021-07-03 21:30:11,00074F663E,K75
2021-07-03 21:32:04,00079AAA3C,K75
2021-07-03 21:33:34,000783CB2B,K75
2021-07-03 21:33:41,00075B22B0,K75
2021-07-03 21:35:12,0006B3BF04,K75
2021-07-03 21:35:19,00071E15BF,K75
2021-07-03 21:35:52,000783F377,K75
2021-07-03 21:35:54,0007ABDCCF,K75
2021-07-03 21:36:27,0006B3AC35,K75
2021-07-03 21:36:31,00079A0255,K75
2021-07-03 21:36:33,0007AC3CC1,K75
2021-07-03 21:37:10,0007ABA539,K60
2021-07-03 21:38:28,000799A5EF,K75
2021-07-03 21:38:59,0007AC44BD,K75
2021-07-03 21:39:01,0007ABD629,K75
2021-07-03 21:39:04,0006B34FE4,K75
2021-07-03 21:39:23,0006E239ED,K75
2021-07-03 21:39:29,0007ABC5F2,K75
2021-07-03 21:39:35,0007AC80F1,K75
2021-07-03 21:40:55,00075D879F,K75
2021-07-03 21:40:57,0006CC24E9,K75
2021-07-03 21:42:13,00075B22B0,K75
2021-07-03 21:42:54,00074F7C6F,K75
2021-07-03 21:42:59,0006E241C1,K75
2021-07-03 21:44:12,00071E2D31,K75
2021-07-03 21:44:22,00075B29B2,K75
2021-07-03 21:44:32,0007AC3CC1,K60
2021-07-03 21:44:35,0007ABC809,K75
2021-07-03 21:44:43,0007AC3CC1,K60
2021-07-03 21:44:53,00075B29B2,K75
2021-07-03 21:45:18,00075CE063,K75
2021-07-03 21:45:41,0007AC8787,K60
2021-07-03 21:46:40,0006E24ECA,K75
2021-07-03 21:47:06,0007AC418B,K60
2021-07-03 21:47:14,000783F429,K60
2021-07-03 21:47:21,0006B3B75C,K75
2021-07-03 21:47:34,000786B8A2,K75
2021-07-03 21:48:08,00074EEC1A,K75
2021-07-03 21:49:55,0007AC0387,K75
2021-07-03 21:50:37,0007AC5939,K75
2021-07-03 21:50:47,00075D076C,K75
2021-07-03 21:52:45,0007ABF44A,K75
2021-07-03 21:52:54,0007ABD4DC,K75
2021-07-03 21:58:13,0006E24ECA,K75
2021-07-03 22:12:16,00074EEC1A,K75
2021-07-03 22:16:24,00075B22B0,K75
2021-07-03 22:22:16,0006E241C1,K75
2021-07-03 22:25:33,00074EEC1A,K75
2021-07-03 22:32:21,0006E24ECA,K75
2021-07-03 22:34:23,00075CE063,K75
2021-07-03 22:38:40,0006B34FE4,K75
2021-07-03 22:39:11,00074EEC1A,K75
2021-07-03 22:40:50,0007ABF44A,K75
2021-07-03 22:41:28,0006E241C1,K75
2021-07-03 22:47:29,0007ABDCCF,K75
2021-07-03 22:48:17,0006B3BF04,K75
2021-07-03 22:49:45,00079AAA3C,K75
2021-07-03 22:55:08,00075B22B0,K75
2021-07-03 22:56:04,00074EEC1A,K75
2021-07-03 22:56:20,00074F663E,K60
2021-07-03 22:56:25,00075D076C,K60
2021-07-03 22:57:37,00074F663E,K60
2021-07-03 22:57:44,00075D076C,K60
2021-07-03 23:00:33,000786D14D,K60
2021-07-03 23:00:48,0007AC44BD,K60
2021-07-03 23:00:56,0007ABDCCF,K75
2021-07-03 23:01:37,000786D14D,K60
2021-07-03 23:02:21,000799A5EF,K60
2021-07-03 23:02:54,00075D076C,K60
2021-07-03 23:03:17,0006B3AC35,K75
2021-07-03 23:03:23,0007ABDCCF,K60
2021-07-03 23:03:30,0007AC44BD,K60
2021-07-03 23:03:31,0006B3BF04,K75
2021-07-03 23:03:47,00079AAA3C,K60
2021-07-03 23:03:58,0006B3BF04,K60
2021-07-03 23:04:15,0007ABC5F2,K75
2021-07-03 23:04:16,000799A5EF,K60
2021-07-03 23:04:45,000783CB2B,K60
2021-07-03 23:05:50,0007ABD629,K75
2021-07-03 23:05:56,00075B29B2,K60
2021-07-03 23:06:02,0007AC44BD,K75
2021-07-03 23:06:10,00074F663E,K75
2021-07-03 23:06:11,000799A5EF,K75
2021-07-03 23:08:00,00075D076C,K75
2021-07-03 23:08:03,000786D14D,K75
2021-07-03 23:08:03,00079AAA3C,K60
2021-07-03 23:08:08,0006B34FE4,K60
2021-07-03 23:08:31,000799A5EF,K75
2021-07-03 23:08:41,00074EEC1A,K75
2021-07-03 23:08:48,00074F663E,K60
2021-07-03 23:08:56,0006B3BF04,K60
2021-07-03 23:09:05,000783CB2B,K75
2021-07-03 23:09:14,00075D879F,K60
2021-07-03 23:09:20,00079AAA3C,K75
2021-07-03 23:09:22,000783F377,K60
2021-07-03 23:09:45,0006B34FE4,K75
2021-07-03 23:09:49,00079A0255,K60
2021-07-03 23:10:05,0007ABD629,K60
2021-07-03 23:10:37,0006B3BF04,K75
2021-07-03 23:10:59,000783F377,K60
2021-07-03 23:11:05,00079AAA3C,K75
2021-07-03 23:11:42,00075D879F,K60
2021-07-03 23:12:06,0006E241C1,K75
2021-07-03 23:13:46,00075B29B2,K75
2021-07-03 23:13:56,0006B3BF04,K75
2021-07-03 23:14:02,00075B29B2,K75
2021-07-03 23:14:15,0006B3BF04,K60
2021-07-03 23:14:28,0006E239ED,K60
2021-07-03 23:16:57,0006E239ED,K60
2021-07-03 23:17:40,00079A0255,K75
2021-07-03 23:17:45,00074F663E,K75
2021-07-03 23:17:51,00074EEC1A,K75
2021-07-03 23:18:08,00074EEC1A,K60
2021-07-03 23:18:28,000783CB2B,K60
2021-07-03 23:18:39,0006E239ED,K75
2021-07-03 23:18:55,0007ABF44A,K75
2021-07-03 23:19:39,00074EEC1A,K60
2021-07-03 23:19:43,000783F377,K75
2021-07-03 23:20:48,000783CB2B,K60
2021-07-03 23:20:56,00074EEC1A,K75
2021-07-03 23:20:58,000786D14D,K60
2021-07-03 23:21:57,0006E239ED,K75
2021-07-03 23:22:29,0006B3BF04,K60
2021-07-03 23:22:44,000799A5EF,K60
2021-07-03 23:23:19,00074EEC1A,K60
2021-07-03 23:23:35,00074EEC1A,K75
2021-07-03 23:24:08,00079AAA3C,K60
2021-07-03 23:25:42,00074F663E,K60
2021-07-03 23:26:11,0006B34FE4,K75
2021-07-03 23:26:40,00075D879F,K75
2021-07-03 23:26:43,00075D076C,K60
2021-07-03 23:27:04,0006E24ECA,K75
2021-07-03 23:27:06,00079A0255,K60
2021-07-03 23:28:48,0006E239ED,K60
2021-07-03 23:29:47,00071E15BF,K60
2021-07-03 23:30:38,00074EEC1A,K60
2021-07-03 23:31:54,000783CB2B,K75
2021-07-03 23:34:57,0006B3B75C,K60
2021-07-03 23:35:38,00071E15BF,K60
2021-07-03 23:35:41,00075D076C,K75
2021-07-03 23:36:07,0006B3B75C,K60
2021-07-03 23:36:42,00075B29B2,K60
2021-07-03 23:37:25,0006B3B75C,K75
2021-07-03 23:39:07,0007AC8787,K60
2021-07-03 23:40:01,00075D879F,K60
2021-07-03 23:40:16,000783CB2B,K60
2021-07-03 23:40:20,0007AC44BD,K75
2021-07-03 23:40:53,00074EEC1A,K75
2021-07-03 23:41:03,0007AC44BD,K60
2021-07-03 23:41:05,0006B3B75C,K75
2021-07-03 23:41:22,00074EEC1A,K75
2021-07-03 23:41:40,00074EEC1A,K60
2021-07-03 23:42:30,0007AC44BD,K60
2021-07-03 23:43:37,0006B3B75C,K75
2021-07-03 23:43:58,00075B22B0,K75
2021-07-03 23:44:23,0006E241C1,K75
2021-07-03 23:45:28,00075CE063,K75
2021-07-03 23:45:48,00079AAA3C,K60
2021-07-03 23:46:37,0006E24ECA,K60
2021-07-03 23:47:05,0007AC8787,K60
2021-07-03 23:47:08,0006E239ED,K60
2021-07-03 23:47:12,00075CE063,K60
2021-07-03 23:48:51,000783F377,K60
2021-07-03 23:50:11,00079AAA3C,K60
2021-07-03 23:51:45,0007ABDCCF,K60
2021-07-03 23:51:49,0006B3B75C,K60
2021-07-03 23:53:21,00074EEC1A,K60
2021-07-03 23:53:32,00075D076C,K60
2021-07-03 23:54:25,0006B34FE4,K75
2021-07-03 23:54:50,0007ABC5F2,K60
2021-07-03 23:55:03,0007ABC5F2,K75
2021-07-03 23:55:48,0007ABDCCF,K75
2021-07-03 23:55:59,0007ABDCCF,K75
2021-07-03 23:56:01,0007ABC5F2,K60
2021-07-03 23:56:07,000799A5EF,K60
2021-07-03 23:56:24,00074F7C6F,K60
2021-07-03 23:58:33,00071E15BF,K60
2021-07-03 23:58:34,000799A5EF,K60
2021-07-04 00:01:21,0007AC80F1,K60
2021-07-04 00:03:15,0006E241C1,K75
2021-07-04 00:05:19,00075B22B0,K60
2021-07-04 00:06:27,00074F7C6F,K60
2021-07-04 00:06:35,00075B22B0,K75
2021-07-04 00:06:42,0007AC80F1,K60
2021-07-04 00:07:02,0007ABDCCF,K60
2021-07-04 00:10:23,00079AAA3C,K60
2021-07-04 00:11:21,0007ABD629,K75
2021-07-04 00:11:36,0007ABD629,K75
2021-07-04 00:11:49,00079AAA3C,K75
2021-07-04 00:12:03,0006B3AC35,K60
2021-07-04 00:12:43,00079AAA3C,K75
2021-07-04 00:13:35,0007ABD629,K60
2021-07-04 00:13:48,00074EEC1A,K60
2021-07-04 00:15:16,0007ABD629,K75
2021-07-04 00:16:55,0006B34FE4,K75
2021-07-04 00:17:02,0006B3AC35,K60
2021-07-04 00:18:03,000799A5EF,K60
2021-07-04 00:18:43,0007ABD629,K60
2021-07-04 00:18:48,0007AC8787,K60
2021-07-04 00:19:43,0007AC3CC1,K60
2021-07-04 00:21:19,0006B3BF04,K60
2021-07-04 00:21:22,00074F663E,K60
2021-07-04 00:21:29,0006E241C1,K75
2021-07-04 00:22:32,0007ABC5F2,K60
2021-07-04 00:24:09,0006E24ECA,K75
2021-07-04 00:24:14,0007AC80F1,K60
2021-07-04 00:25:04,0007AC44BD,K75
2021-07-04 00:26:07,0006B3BF04,K60
2021-07-04 00:27:40,0006B3BF04,K75
2021-07-04 00:28:08,0006B3BF04,K75
2021-07-04 00:28:19,0006B3BF04,K75
2021-07-04 00:29:04,000786B8A2,K60
2021-07-04 00:29:18,0006E24ECA,K60
2021-07-04 00:29:24,0007AC44BD,K75
2021-07-04 00:29:57,0006E24ECA,K60
2021-07-04 00:30:17,0007ABC5F2,K75
2021-07-04 00:30:35,00075CE063,K75
2021-07-04 00:31:03,00075CE063,K60
2021-07-04 00:32:07,0007ABF44A,K75
2021-07-04 00:32:17,000786B8A2,K60
2021-07-04 00:32:35,00075B22B0,K60
2021-07-04 00:33:31,00074F663E,K60
2021-07-04 00:33:34,00074EEC1A,K60
2021-07-04 00:33:59,000783F377,K60
2021-07-04 00:34:19,00075D879F,K60
2021-07-04 00:34:48,0007AC8787,K60
2021-07-04 00:34:56,0007AC3CC1,K60
2021-07-04 00:37:39,0006B3AC35,K60
2021-07-04 00:38:45,00075B22B0,K60
2021-07-04 00:39:14,00079AAA3C,K60
2021-07-04 00:40:19,000799A5EF,K60
2021-07-04 00:45:33,0007ABD629,K60
2021-07-04 00:45:57,0007AC44BD,K60
2021-07-04 00:47:15,0006E239ED,K60
2021-07-04 00:49:54,000783CB2B,K60
2021-07-04 00:50:04,0007ABDCCF,K60
2021-07-04 00:51:15,0006E24ECA,K60
2021-07-04 00:51:44,0006CC24E9,K60
2021-07-04 00:54:23,0007ABC5F2,K60
2021-07-04 00:57:16,000786D14D,K60
2021-07-04 00:57:20,0006E24ECA,K75
2021-07-04 00:57:38,00074EEC1A,K60
2021-07-04 00:58:20,00075B22B0,K60
2021-07-04 00:59:28,0006B34FE4,K75
2021-07-04 00:59:48,0006B3B75C,K60
2021-07-04 01:00:17,0006E24ECA,K60
2021-07-04 01:00:21,0007ABF44A,K75
2021-07-04 01:01:42,000783F377,K60
2021-07-04 01:01:56,00079A0255,K60
2021-07-04 01:03:08,0006B34FE4,K75
2021-07-04 01:03:37,00075CE063,K75
2021-07-04 01:06:38,0006B34FE4,K60
2021-07-04 01:06:46,00071E15BF,K60
2021-07-04 01:08:19,00075B22B0,K75
2021-07-04 01:08:38,0006CC24E9,K60
2021-07-04 01:13:01,00075B29B2,K60
2021-07-04 01:14:28,0006E241C1,K60
2021-07-04 01:14:59,0006E24C7B,K60
2021-07-04 01:15:35,0006B3BF04,K60
2021-07-04 01:16:10,0006E241C1,K60
2021-07-04 01:17:50,0006E241C1,K75
2021-07-04 01:18:15,000783CB2B,K60
2021-07-04 01:20:23,0006E239ED,K60
2021-07-04 01:21:07,0006E24C7B,K60
2021-07-04 01:21:29,0007ABF44A,K60
2021-07-04 01:22:45,0006E241C1,K75
2021-07-04 01:23:35,000783CB2B,K60
2021-07-04 01:25:18,0006B34FE4,K60
2021-07-04 01:26:06,0007AC44BD,K60
2021-07-04 01:27:20,0006B3B75C,K60
2021-07-04 01:31:48,00075B22B0,K60
2021-07-04 01:35:47,00071E15BF,K60
2021-07-04 01:36:03,0006B3BF04,K60
2021-07-04 01:36:57,00075D076C,K60
2021-07-04 01:38:40,00075CE063,K60
2021-07-04 01:39:32,0006E24ECA,K60
2021-07-04 01:40:08,0007ABF44A,K60
2021-07-04 01:40:24,0006B3AC35,K60
2021-07-04 01:40:42,00079AAA3C,K60
2021-07-04 01:40:54,00074EEC1A,K60
2021-07-04 01:46:24,0007AC44BD,K60
2021-07-04 01:48:01,00075D879F,K60
2021-07-04 01:48:56,000799A5EF,K60
2021-07-04 01:54:14,00074F663E,K60
2021-07-04 01:54:24,0007AC3CC1,K60
2021-07-04 01:56:29,00079AAA3C,K60
2021-07-04 01:58:31,0007ABDCCF,K60
2021-07-04 01:59:09,00074EEC1A,K60
2021-07-04 02:00:01,0006B3AC35,K60
2021-07-04 02:00:32,000786D14D,K60
2021-07-04 02:03:26,000799A5EF,K60
2021-07-04 02:05:00,000783F377,K60
2021-07-04 02:06:54,0007ABC5F2,K60
2021-07-04 02:07:18,0007ABF44A,K60
2021-07-04 02:11:45,0007ABA539,K60
2021-07-04 02:14:59,0007ABDCCF,K60
2021-07-04 02:18:53,0007AC5939,K60
2021-07-04 02:19:03,000788A24D,K60
2021-07-04 02:19:26,0007ABA539,K60
2021-07-04 02:22:28,0007AC80F1,K60
2021-07-04 02:22:31,0007AC5939,K60
2021-07-04 02:22:50,0007ABD629,K60
2021-07-04 02:23:51,000786D14D,K60
2021-07-04 02:25:10,000783CB2B,K60
2021-07-04 02:25:18,0006E241C1,K60
2021-07-04 02:26:10,0006CC24E9,K60
2021-07-04 02:26:26,00074EEC1A,K60
2021-07-04 02:27:01,000783F377,K60
2021-07-04 02:28:11,0007ABF44A,K60
2021-07-04 02:29:22,00079A0255,K60
2021-07-04 02:29:59,0007ABC809,K60
2021-07-04 02:30:51,0006B3B75C,K60
2021-07-04 02:36:33,0006B3BF04,K60
2021-07-04 02:40:52,0006B34FE4,K60
2021-07-04 02:42:18,00075B29B2,K60
2021-07-04 02:45:47,0006B3AC35,K60
2021-07-04 02:47:50,00074EEC1A,K60
2021-07-04 02:49:22,0007AC44BD,K60
2021-07-04 02:50:45,000799A5EF,K60
2021-07-04 02:50:52,0007AC418B,K60
2021-07-04 02:50:56,0006B3B75C,K60
2021-07-04 02:51:15,0007AC3CC1,K60
2021-07-04 02:54:45,0006E239ED,K60
2021-07-04 02:56:17,00075CE063,K60
2021-07-04 02:58:45,0006B3BF04,K60
2021-07-04 03:01:22,000799A5EF,K60
2021-07-04 03:04:25,00075B22B0,K60
2021-07-04 03:04:37,0006B3AC35,K60
2021-07-04 03:10:45,00074EEC1A,K60
2021-07-04 03:11:50,0007AC44BD,K60
2021-07-04 03:12:01,0007AC44BD,K60
2021-07-04 03:12:25,0006E241C1,K60
2021-07-04 03:14:32,00075B29B2,K60
2021-07-04 03:15:13,00074F663E,K60
2021-07-04 03:19:12,0007ABDCCF,K60
2021-07-04 03:20:15,0006E24ECA,K60
2021-07-04 03:21:30,000783CB2B,K60
2021-07-04 03:21:45,00075D879F,K60
2021-07-04 03:24:58,000786B8A2,K60
2021-07-04 03:25:07,00079AAA3C,K60
2021-07-04 03:29:10,0007ABC5F2,K60
2021-07-04 03:34:42,0007ABDCCF,K60
2021-07-04 03:35:40,00074F7C6F,K60
2021-07-04 03:35:46,000783CB2B,K60
2021-07-04 03:37:57,00074EEC1A,K60
2021-07-04 03:41:45,00079A0255,K60
2021-07-04 03:42:44,00074EEC1A,K60
2021-07-04 03:43:48,00075D076C,K60
2021-07-04 03:43:53,0006B34FE4,K60
2021-07-04 03:48:49,0006E241C1,K60
2021-07-04 03:48:53,0007ABD629,K60
2021-07-04 03:48:55,0007ABF44A,K60
2021-07-04 03:53:37,00074F7C6F,K60
2021-07-04 04:06:53,0006E24ECA,K60
2021-07-04 04:10:17,000786B8A2,K60
2021-07-04 04:16:13,0006B3AC35,K60
2021-07-04 04:18:53,00075CE063,K60
2021-07-04 04:25:47,0007AC5939,K60
2021-07-04 04:31:14,0006B34FE4,K60
2021-07-04 04:36:12,0007AC44BD,K60
2021-07-04 04:36:16,0006E24ECA,K60
2021-07-04 04:38:47,0006B3AC35,K60
2021-07-04 04:38:53,00074EEC1A,K60
2021-07-04 04:39:08,000786B8A2,K60
2021-07-04 04:39:16,000783F377,K60
2021-07-04 04:39:30,0007ABC5F2,K60
2021-07-04 04:40:46,00071E15BF,K60
2021-07-04 04:44:42,0006B3BF04,K60
2021-07-04 04:46:53,0006E239ED,K60
2021-07-04 04:47:27,0006E24C7B,K60
2021-07-04 04:52:36,0007ABA539,K60
2021-07-04 04:53:11,0006E241C1,K60
2021-07-04 04:53:26,000799A5EF,K60
2021-07-04 04:55:50,0007AC8787,K60
2021-07-04 04:56:21,0006B3AC35,K60
2021-07-04 04:57:02,0006B3B75C,K60
2021-07-04 04:59:20,0006CC24E9,K60
2021-07-04 04:59:58,00074F663E,K60
2021-07-04 05:00:24,00071E2D31,K60
2021-07-04 06:39:24,0007ABC809,K60
2021-07-04 06:40:12,0007ABC809,K60
2021-07-04 08:31:23,0007ACAC37,K60
2021-07-04 11:16:26,0007ACAC37,K60
2021-07-04 11:16:37,0007ACAC37,K60
2021-07-04 11:16:48,0007ACAC37,K60
2021-07-04 15:28:28,0006E24ECA,K60
2021-07-04 21:31:33,00079AAA3C,K60
2021-07-04 21:33:58,0006B34FE4,K60
2021-07-04 21:34:10,0006B34FE4,K60
2021-07-04 21:34:58,00075D879F,K60
2021-07-04 21:36:35,0007AC8787,K60
2021-07-04 21:36:41,00079A0255,K60
2021-07-04 21:36:45,0007AC44BD,K60
2021-07-04 21:37:40,0007ABDCCF,K60
2021-07-04 21:38:25,000783CB2B,K60
2021-07-04 21:38:28,0006B3B75C,K60
2021-07-04 21:38:35,0006B3BF04,K60
2021-07-04 21:39:12,0007AC0387,K60
2021-07-04 21:40:12,0007AC418B,K60
2021-07-04 21:40:25,000799A5EF,K60
2021-07-04 21:40:50,000786D14D,K60
2021-07-04 21:41:45,0007ACAC37,K60
2021-07-04 21:41:52,0007ABD629,K60
2021-07-04 21:42:02,00074F663E,K60
2021-07-04 21:42:06,0007AC3CC1,K60
2021-07-04 21:42:54,00074EEC1A,K60
2021-07-04 21:44:01,0006E241C1,K60
2021-07-04 21:44:03,0006B3AC35,K60
2021-07-04 21:44:34,00074F7C6F,K60
2021-07-04 21:44:56,0007ABC5F2,K60
2021-07-04 21:45:39,00075D076C,K60
2021-07-04 21:45:53,0006E24C7B,K60
2021-07-04 21:46:05,0007AC3CC1,K60
2021-07-04 21:47:04,00071E15BF,K60
2021-07-04 21:47:47,00075B29B2,K60
2021-07-04 21:47:58,0007ABC809,K60
2021-07-04 21:48:35,000783F377,K60
2021-07-04 21:49:22,0006E239ED,K60
2021-07-04 21:49:26,000783F429,K60
2021-07-04 21:49:37,00075CE063,K60
2021-07-04 21:50:31,0006CC24E9,K60
2021-07-04 21:50:53,000786B8A2,K60
2021-07-04 21:50:57,0006E24ECA,K60
2021-07-04 21:50:58,000788A24D,K60
2021-07-04 21:52:40,00075B22B0,K60
2021-07-04 21:55:26,0007ABF44A,K60
2021-07-04 21:57:03,00071E2D31,K60
2021-07-04 21:57:15,0007AC5939,K60
2021-07-04 21:58:01,00074F7C6F,K60
2021-07-04 21:59:12,0007ABA539,K60
2021-07-04 22:07:18,00074F7C6F,K60
2021-07-04 22:10:30,000786B8A2,K60
2021-07-04 22:19:30,00074EEC1A,K60
2021-07-04 22:24:00,0006B34FE4,K60
2021-07-04 22:29:46,0007ABA539,K60
2021-07-04 22:32:22,00074EEC1A,K60
2021-07-04 22:34:37,00074EEC1A,K60
2021-07-04 22:36:04,00079AAA3C,K60
2021-07-04 22:37:07,000786B8A2,K60
2021-07-04 22:42:10,0007AC44BD,K60
2021-07-04 22:42:54,0007ABF44A,K60
2021-07-04 22:48:07,0006B34FE4,K60
2021-07-04 22:53:58,00074EEC1A,K60
2021-07-04 22:55:44,000786B8A2,K60
2021-07-04 22:57:43,00074F7C6F,K60
2021-07-04 22:58:51,0006E241C1,K60
2021-07-04 22:59:04,00075B22B0,K60
2021-07-04 22:59:16,00075B22B0,K60
2021-07-04 22:59:52,0006B3AC35,K60
2021-07-04 23:03:29,0006B3BF04,K60
2021-07-04 23:03:56,0007AC44BD,K60
2021-07-04 23:05:32,0007ABA539,K60
2021-07-04 23:06:21,00079A0255,K60
2021-07-04 23:06:58,000799A5EF,K60
2021-07-04 23:11:05,00079AAA3C,K60
2021-07-04 23:12:17,000783CB2B,K60
2021-07-04 23:15:49,0006E239ED,K60
2021-07-04 23:16:14,0007ABF44A,K60
2021-07-04 23:17:16,00075CE063,K60
2021-07-04 23:17:31,0006E24ECA,K60
2021-07-04 23:18:26,0006B3BF04,K60
2021-07-04 23:18:59,00074F663E,K60
2021-07-04 23:19:57,000786B8A2,K60
2021-07-04 23:20:27,00075D879F,K60
2021-07-04 23:22:11,000783F377,K60
2021-07-04 23:22:53,000799A5EF,K60
2021-07-04 23:23:02,0006B3AC35,K60
2021-07-04 23:23:24,00074EEC1A,K60
2021-07-04 23:31:36,00074EEC1A,K60
2021-07-04 23:31:44,0007AC8787,K60
2021-07-04 23:34:56,0006CC24E9,K60
2021-07-04 23:36:23,0006B3B75C,K60
2021-07-04 23:36:45,00079AAA3C,K60
2021-07-04 23:39:55,0007ABD629,K60
2021-07-04 23:40:02,0007ABC5F2,K60
2021-07-04 23:40:18,000786D14D,K60
2021-07-04 23:41:46,0007ABA539,K60
2021-07-04 23:42:13,0006E241C1,K60
2021-07-04 23:42:46,00074F663E,K60
2021-07-04 23:47:06,0006E239ED,K60
2021-07-04 23:47:42,0007ABDCCF,K60
2021-07-04 23:48:59,00071E15BF,K60
2021-07-04 23:53:18,00074EEC1A,K60
2021-07-04 23:54:51,0007AC80F1,K60
2021-07-04 23:57:05,000786B8A2,K60
2021-07-04 23:58:27,0006B3B75C,K60
2021-07-04 23:58:31,000786B8A2,K60
2021-07-04 23:59:59,00074EEC1A,K60
2021-07-05 00:00:24,0007ABF44A,K60
2021-07-05 00:00:54,00074EEC1A,K60
2021-07-05 00:03:00,0006B34FE4,K60
2021-07-05 00:03:11,0006B34FE4,K60
2021-07-05 00:03:22,0007AC44BD,K60
2021-07-05 00:05:28,0006B3BF04,K60
2021-07-05 00:05:53,0006CC24E9,K60
2021-07-05 00:07:02,0007AC80F1,K60
2021-07-05 00:09:17,00079AAA3C,K60
2021-07-05 00:13:10,000786B8A2,K60
2021-07-05 00:13:38,0006E24ECA,K60
2021-07-05 00:14:10,0006B34FE4,K60
2021-07-05 00:14:21,0006B3AC35,K60
2021-07-05 00:15:42,00075B22B0,K60
2021-07-05 00:16:40,000783F377,K60
2021-07-05 00:18:22,0007ABA539,K60
2021-07-05 00:18:25,000786B8A2,K60
2021-07-05 00:19:00,000786B8A2,K60
2021-07-05 00:21:27,0007ABF44A,K60
2021-07-05 00:23:01,0007ACAC37,K60
2021-07-05 00:26:46,000799A5EF,K60
2021-07-05 00:29:51,00075D076C,K60
2021-07-05 00:30:12,0006CC24E9,K60
2021-07-05 00:31:02,0007AC44BD,K60
2021-07-05 00:31:28,00074EEC1A,K60
2021-07-05 00:36:55,00075B29B2,K60
2021-07-05 00:38:36,00079AAA3C,K60
2021-07-05 00:39:18,00075D879F,K60
2021-07-05 00:40:17,000783CB2B,K60
2021-07-05 00:41:29,000799A5EF,K60
2021-07-05 00:42:51,0006B3BF04,K60
2021-07-05 00:46:04,00075CE063,K60
2021-07-05 00:46:15,0007ABD629,K60
2021-07-05 00:49:59,00074F663E,K60
2021-07-05 00:50:38,0007ABA539,K60
2021-07-05 00:51:07,00079A0255,K60
2021-07-05 00:52:57,0007ACAC37,K60
2021-07-05 00:54:40,0006E241C1,K60
2021-07-05 00:57:43,0006E239ED,K60
2021-07-05 00:59:39,0006E24ECA,K60
2021-07-05 01:05:02,00071E2D31,K60
2021-07-05 01:06:50,000786B8A2,K60
2021-07-05 01:09:56,00074F663E,K60
2021-07-05 01:09:57,0006CC24E9,K60
2021-07-05 01:10:34,0007ABD629,K60
2021-07-05 01:16:39,00074EEC1A,K60
2021-07-05 01:20:19,0006E24C7B,K60
2021-07-05 01:22:59,0007ABC5F2,K60
2021-07-05 01:23:12,00071E2D31,K60
2021-07-05 01:23:23,00071E2D31,K60
2021-07-05 01:24:51,00075B22B0,K60
2021-07-05 01:31:20,000786D14D,K60
2021-07-05 01:31:24,0006B34FE4,K60
2021-07-05 01:31:35,0006B34FE4,K60
2021-07-05 01:31:56,0006E24C7B,K60
2021-07-05 01:32:32,0007ABDCCF,K60
2021-07-05 01:34:01,00071E15BF,K60
2021-07-05 01:34:53,0007AC44BD,K60
2021-07-05 01:37:32,0007ABA539,K60
2021-07-05 01:40:01,0006E239ED,K60
2021-07-05 01:41:46,0007ABF44A,K60
2021-07-05 01:41:57,0007AC3CC1,K60
2021-07-05 01:42:33,00074EEC1A,K60
2021-07-05 01:47:01,000799A5EF,K60
2021-07-05 01:48:27,0006CC24E9,K60
2021-07-05 01:51:26,00079AAA3C,K60
2021-07-05 01:51:38,000786B8A2,K60
2021-07-05 01:52:59,0006B34FE4,K60
2021-07-05 01:53:37,000783F377,K60
2021-07-05 01:57:19,0006B3BF04,K60
2021-07-05 01:58:00,0006B3B75C,K60
2021-07-05 01:58:21,0006E241C1,K60
2021-07-05 02:00:00,00075B22B0,K60
2021-07-05 02:08:10,0007AC44BD,K60
2021-07-05 02:11:14,0006B3AC35,K60
2021-07-05 02:11:34,00079AAA3C,K60
2021-07-05 02:12:22,000799A5EF,K60
2021-07-05 02:15:51,00071E15BF,K60
2021-07-05 02:18:33,000783CB2B,K60
2021-07-05 02:18:43,00071E2D31,K60
2021-07-05 02:20:30,0007ACAC37,K60
2021-07-05 02:22:46,0007ABA539,K60
2021-07-05 02:22:51,0006B3BF04,K60
2021-07-05 02:24:04,0006CC24E9,K60
2021-07-05 02:30:20,0007ABF44A,K60
2021-07-05 02:30:35,000783F377,K60
2021-07-05 02:31:11,00079A0255,K60
2021-07-05 02:36:11,000786B8A2,K60
2021-07-05 02:36:33,00074EEC1A,K60
2021-07-05 02:39:55,00071E2D31,K60
2021-07-05 02:41:59,0007AC8787,K60
2021-07-05 02:45:03,00074F7C6F,K60
2021-07-05 02:45:15,0007AC8787,K60
2021-07-05 02:46:34,00075D879F,K60
2021-07-05 02:47:15,0006B34FE4,K60
2021-07-05 02:55:09,0006CC24E9,K60
2021-07-05 02:55:33,0007ABDCCF,K60
2021-07-05 02:56:23,00075B29B2,K60
2021-07-05 02:59:27,0007ABC5F2,K60
2021-07-05 03:00:48,0007ABA539,K60
2021-07-05 03:00:54,0007ABF44A,K60
2021-07-05 03:01:43,0007AC44BD,K60
2021-07-05 03:02:36,00075D076C,K60
2021-07-05 03:03:26,000786D14D,K60
2021-07-05 03:09:37,00074EEC1A,K60
2021-07-05 03:11:34,00075B22B0,K60
2021-07-05 03:15:16,0007AC418B,K60
2021-07-05 03:16:07,0007ACAC37,K60
2021-07-05 03:17:13,0007ABD629,K60
2021-07-05 03:21:22,0006E241C1,K60
2021-07-05 03:21:27,000786B8A2,K60
2021-07-05 03:24:34,00074F663E,K60
2021-07-05 03:25:22,0007ABF44A,K60
2021-07-05 03:29:48,0007AC44BD,K60
2021-07-05 03:44:04,0006E241C1,K60
2021-07-05 03:54:48,0006B3B75C,K60
2021-07-05 03:59:17,00075CE063,K60
2021-07-05 04:09:15,00075D879F,K60
2021-07-05 04:14:38,0007ABA539,K60
2021-07-05 04:15:34,0006B3AC35,K60
2021-07-05 04:16:23,0007AC44BD,K60
2021-07-05 04:16:30,0006E239ED,K60
2021-07-05 04:17:15,0006B34FE4,K60
2021-07-05 04:21:16,000783F377,K60
2021-07-05 04:22:32,00079AAA3C,K60
2021-07-05 04:23:32,000799A5EF,K60
2021-07-05 04:23:38,0006CC24E9,K60
2021-07-05 04:25:58,0006B3BF04,K60
2021-07-05 04:26:06,0007AC5939,K60
2021-07-05 04:26:10,00075B29B2,K60
2021-07-05 04:26:31,0007ABC5F2,K60
2021-07-05 04:27:30,0006E24C7B,K60
2021-07-05 04:29:10,00071E15BF,K60
2021-07-05 04:30:17,0006E24C7B,K60
2021-07-05 04:31:27,000783CB2B,K60
2021-07-05 04:46:27,0006E241C1,K60
2021-07-05 04:49:29,00074EEC1A,K60
2021-07-05 04:54:45,00079AAA3C,K60
2021-07-05 04:57:12,0006B3B75C,K60
2021-07-05 05:01:13,0007AC8787,K60
2021-07-05 05:02:31,000783CB2B,K60
2021-07-05 05:03:06,00075D879F,K60
2021-07-05 05:05:25,0007AC8787,K60
2021-07-05 05:06:26,0007ABD4DC,K60
2021-07-05 05:08:14,0007ABD4DC,K60
2021-07-05 05:13:28,0007AC8787,K60
2021-07-05 05:13:45,0007AC8787,K60
2021-07-05 18:56:15,0007ACAC37,K60
2021-07-05 18:56:26,0007ACAC37,K60
2021-07-05 19:00:02,0007ACAC37,K60
2021-07-05 19:00:13,0007ACAC37,K60
2021-07-05 19:00:25,0007ACAC37,K60
2021-07-05 19:00:36,0007ACAC37,K60
2021-07-05 19:00:47,0007ACAC37,K60
2021-07-05 19:00:58,0007ACAC37,K60
2021-07-05 19:01:10,0007ACAC37,K60
2021-07-05 19:01:21,0007ACAC37,K60
2021-07-05 19:01:32,0007ACAC37,K60
2021-07-05 19:01:43,0007ACAC37,K60
2021-07-05 19:02:17,0007ACAC37,K60
2021-07-05 19:02:58,0007ACAC37,K60
2021-07-05 19:03:31,0007ACAC37,K60
2021-07-05 19:03:42,0007ACAC37,K60
2021-07-05 19:04:21,0007ACAC37,K60
2021-07-05 19:04:36,0007ACAC37,K60
2021-07-05 19:05:43,0007ACAC37,K60
2021-07-05 19:05:59,0007ACAC37,K60
2021-07-05 19:06:10,0007ACAC37,K60
2021-07-05 19:06:24,0007ACAC37,K60
2021-07-05 19:06:35,0007ACAC37,K60
2021-07-05 19:06:46,0007ACAC37,K60
2021-07-05 19:06:57,0007ACAC37,K60
2021-07-05 19:07:08,0007ACAC37,K60
2021-07-05 19:07:19,0007ACAC37,K60
2021-07-05 19:07:30,0007ACAC37,K60
2021-07-05 19:07:41,0007ACAC37,K60
2021-07-05 19:07:53,0007ACAC37,K60
2021-07-05 19:08:14,0007ACAC37,K60
2021-07-05 19:08:25,0007ACAC37,K60
2021-07-05 19:08:37,0007ACAC37,K60
2021-07-05 19:08:54,0007ACAC37,K60
2021-07-05 19:09:05,0007ACAC37,K60
2021-07-05 19:09:16,0007ACAC37,K60
2021-07-05 19:09:27,0007ACAC37,K60
2021-07-05 21:20:54,00074EEC1A,K60
2021-07-05 21:21:05,00074EEC1A,K60
2021-07-05 21:21:16,00074EEC1A,K60
2021-07-05 21:21:27,00074EEC1A,K60
2021-07-05 21:28:03,00074F7C6F,K60
2021-07-05 21:32:47,0007ABDCCF,K60
2021-07-05 21:33:16,0007ABDCCF,K60
2021-07-05 21:33:45,000786D14D,K60
2021-07-05 21:33:53,0006B34FE4,K60
2021-07-05 21:34:06,00075D879F,K60
2021-07-05 21:34:08,0006E24ECA,K60
2021-07-05 21:34:43,0007AC80F1,K60
2021-07-05 21:34:59,00074F663E,K60
2021-07-05 21:35:36,00075CE063,K60
2021-07-05 21:35:41,0007ACAC37,K60
2021-07-05 21:35:52,000799A5EF,K60
2021-07-05 21:36:35,000783CB2B,K60
2021-07-05 21:38:22,0006E239ED,K60
2021-07-05 21:38:29,00079AAA3C,K60
2021-07-05 21:38:32,0006B3B75C,K60
2021-07-05 21:38:34,0007AC44BD,K60
2021-07-05 21:38:46,0007ABF44A,K60
2021-07-05 21:40:00,00079A0255,K60
2021-07-05 21:40:05,0006B3BF04,K60
2021-07-05 21:40:36,00075B22B0,K60
2021-07-05 21:42:19,0007AC0387,K60
2021-07-05 21:42:29,000783F429,K60
2021-07-05 21:42:31,0006B3AC35,K60
2021-07-05 21:42:36,000783F377,K60
2021-07-05 21:42:47,0006E241C1,K60
2021-07-05 21:43:41,0007AC418B,K60
2021-07-05 21:43:47,000788A24D,K60
2021-07-05 21:43:56,00071E15BF,K60
2021-07-05 21:44:42,000786B8A2,K60
2021-07-05 21:44:55,0007ABD629,K60
2021-07-05 21:44:59,0007AC3CC1,K60
2021-07-05 21:46:06,00071E2D31,K60
2021-07-05 21:46:29,0007ABC5F2,K60
2021-07-05 21:49:02,0007ABC809,K60
2021-07-05 21:50:52,0007ABA539,K60
2021-07-05 21:59:15,0006CC24E9,K60
2021-07-05 22:00:32,0007AC5939,K60
2021-07-05 22:11:04,0006CC24E9,K60
2021-07-05 22:19:27,000786B8A2,K60
2021-07-05 22:21:14,00074F7C6F,K60
2021-07-05 22:21:33,00075CE063,K60
2021-07-05 22:22:59,0006CC24E9,K60
2021-07-05 22:25:18,000799A5EF,K60
2021-07-05 22:27:45,00074EEC1A,K60
2021-07-05 22:31:16,000786B8A2,K60
2021-07-05 22:33:32,000799A5EF,K60
2021-07-05 22:36:05,0007ACAC37,K60
2021-07-05 22:36:32,00074F7C6F,K60
2021-07-05 22:36:37,00075CE063,K60
2021-07-05 22:39:14,00074EEC1A,K60
2021-07-05 22:42:15,0006CC24E9,K60
2021-07-05 22:45:14,00074F7C6F,K60
2021-07-05 22:46:17,00075B22B0,K60
2021-07-05 22:48:53,00079AAA3C,K60
2021-07-05 22:49:30,0006B34FE4,K60
2021-07-05 22:52:14,0007ABDCCF,K60
2021-07-05 22:52:25,0007ABDCCF,K60
2021-07-05 22:52:29,0007AC44BD,K60
2021-07-05 22:52:44,000786D14D,K60
2021-07-05 22:59:25,000783CB2B,K60
2021-07-05 23:01:47,000786B8A2,K60
2021-07-05 23:02:10,000783F377,K60
2021-07-05 23:02:23,0006B3B75C,K60
2021-07-05 23:04:00,0007ABA539,K60
2021-07-05 23:04:58,00074F663E,K60
2021-07-05 23:05:02,0006E241C1,K60
2021-07-05 23:05:09,000786D14D,K60
2021-07-05 23:06:19,0006CC24E9,K60
2021-07-05 23:06:48,0007ABF44A,K60
2021-07-05 23:08:29,0006B3BF04,K60
2021-07-05 23:08:57,0006B34FE4,K60
2021-07-05 23:09:42,0006E239ED,K60
2021-07-05 23:10:34,0006B3B75C,K60
2021-07-05 23:10:54,00079A0255,K60
2021-07-05 23:13:36,00074F7C6F,K60
2021-07-05 23:13:48,0007AC44BD,K60
2021-07-05 23:14:12,0006B34FE4,K60
2021-07-05 23:14:18,0006E241C1,K60
2021-07-05 23:18:59,00074F663E,K60
2021-07-05 23:19:17,00074EEC1A,K60
2021-07-05 23:21:12,000799A5EF,K60
2021-07-05 23:22:10,00075D879F,K60
2021-07-05 23:22:31,0006CC24E9,K60
2021-07-05 23:24:10,00071E15BF,K60
2021-07-05 23:24:49,0007AC8787,K60
2021-07-05 23:25:01,0007ABDCCF,K60
2021-07-05 23:25:06,0007AC8787,K60
2021-07-05 23:25:14,000783F377,K60
2021-07-05 23:25:55,000799A5EF,K60
2021-07-05 23:26:20,0007ABA539,K60
2021-07-05 23:27:54,0006E239ED,K60
2021-07-05 23:27:59,0006B3BF04,K60
2021-07-05 23:30:08,0007ACAC37,K60
2021-07-05 23:30:24,00074EEC1A,K60
2021-07-05 23:32:03,0006E24C7B,K60
2021-07-05 23:32:46,0006B3AC35,K60
2021-07-05 23:32:54,0006E24C7B,K60
2021-07-05 23:36:25,00079AAA3C,K60
2021-07-05 23:39:37,000799A5EF,K60
2021-07-05 23:40:29,00075B29B2,K60
2021-07-05 23:40:44,00075B29B2,K60
2021-07-05 23:40:56,0007ABDCCF,K60
2021-07-05 23:42:07,0007ABC5F2,K60
2021-07-05 23:43:18,0007ABD629,K60
2021-07-05 23:43:25,00071E15BF,K60
2021-07-05 23:44:51,000786B8A2,K60
2021-07-05 23:44:55,000799A5EF,K60
2021-07-05 23:45:00,00075D076C,K60
2021-07-05 23:45:17,0006B34FE4,K60
2021-07-05 23:45:28,0006B34FE4,K60
2021-07-05 23:46:02,00075B22B0,K60
2021-07-05 23:47:24,00075CE063,K60
2021-07-05 23:50:15,0007ABF44A,K60
2021-07-05 23:52:54,0006E241C1,K60
2021-07-05 23:55:42,0006CC24E9,K60
2021-07-06 00:05:05,0007AC80F1,K60
2021-07-06 00:07:36,0007ABF44A,K60
2021-07-06 00:09:03,0007ACAC37,K60
2021-07-06 00:09:04,0007AC44BD,K60
2021-07-06 00:09:41,00079AAA3C,K60
2021-07-06 00:10:14,000783CB2B,K60
2021-07-06 00:19:39,00079AAA3C,K60
2021-07-06 00:22:20,0007ABA539,K60
2021-07-06 00:22:26,0006CC24E9,K60
2021-07-06 00:25:27,0006E241C1,K60
2021-07-06 00:27:25,0007AC44BD,K60
2021-07-06 00:31:29,00074EEC1A,K60
2021-07-06 00:32:12,00075D879F,K60
2021-07-06 00:33:30,0006B3B75C,K60
2021-07-06 00:33:53,000799A5EF,K60
2021-07-06 00:34:45,0006B3BF04,K60
2021-07-06 00:35:23,0006B3AC35,K60
2021-07-06 00:36:01,000799A5EF,K60
2021-07-06 00:36:43,000786D14D,K60
2021-07-06 00:37:13,00079A0255,K60
2021-07-06 00:40:40,0007ABC5F2,K60
2021-07-06 00:45:17,0006B3B75C,K60
2021-07-06 00:45:49,00074EEC1A,K60
2021-07-06 00:49:44,0007ABDCCF,K60
2021-07-06 00:50:14,000786D14D,K60
2021-07-06 00:50:55,00075B22B0,K60
2021-07-06 00:54:29,0006B3BF04,K60
2021-07-06 00:54:36,00074F7C6F,K60
2021-07-06 00:56:48,0006E239ED,K60
2021-07-06 00:57:41,0006CC24E9,K60
2021-07-06 00:57:48,0007ABC5F2,K60
2021-07-06 00:58:40,0007ABA539,K60
2021-07-06 01:01:57,0007ABF44A,K60
2021-07-06 01:02:16,000799A5EF,K60
2021-07-06 01:02:23,000783F377,K60
2021-07-06 01:07:36,000799A5EF,K60
2021-07-06 01:09:01,0006E239ED,K60
2021-07-06 01:11:21,00075CE063,K60
2021-07-06 01:11:43,0006B34FE4,K60
2021-07-06 01:11:50,00075B22B0,K60
2021-07-06 01:14:09,00071E15BF,K60
2021-07-06 01:18:18,000799A5EF,K60
2021-07-06 01:19:24,00074F663E,K60
2021-07-06 01:19:50,0006E24ECA,K60
2021-07-06 01:21:56,000783F377,K60
2021-07-06 01:22:49,000799A5EF,K60
2021-07-06 01:25:42,00079AAA3C,K60
2021-07-06 01:26:07,0007ACAC37,K60
2021-07-06 01:26:38,0006CC24E9,K60
2021-07-06 01:27:45,00075D076C,K60
2021-07-06 01:32:13,00075B29B2,K60
2021-07-06 01:34:12,0007ABD629,K60
2021-07-06 01:34:31,000783CB2B,K60
2021-07-06 01:36:41,00079AAA3C,K60
2021-07-06 01:38:18,00071E15BF,K60
2021-07-06 01:40:36,00075D879F,K60
2021-07-06 01:41:29,0007ABA539,K60
2021-07-06 01:47:59,0007AC44BD,K60
2021-07-06 01:51:21,00074F7C6F,K60
2021-07-06 01:51:24,000786D14D,K60
2021-07-06 01:52:53,0006B3B75C,K60
2021-07-06 01:53:46,00079A0255,K60
2021-07-06 01:53:50,000783F429,K60
2021-07-06 01:54:01,000783F429,K60
2021-07-06 01:54:25,0006CC24E9,K60
2021-07-06 01:54:29,00079AAA3C,K60
2021-07-06 01:54:49,0006E241C1,K60
2021-07-06 01:56:46,0006E239ED,K60
2021-07-06 01:57:08,0006B3BF04,K60
2021-07-06 02:01:09,000786D14D,K60
2021-07-06 02:03:25,00079AAA3C,K60
2021-07-06 02:03:52,0007ABDCCF,K60
2021-07-06 02:04:08,0006B3AC35,K60
2021-07-06 02:06:55,0006B3BF04,K60
2021-07-06 02:07:11,0007AC44BD,K60
2021-07-06 02:07:33,00075D076C,K60
2021-07-06 02:08:18,00074EEC1A,K60
2021-07-06 02:08:52,0007AC80F1,K60
2021-07-06 02:09:49,0007ABC5F2,K60
2021-07-06 02:11:25,0007ABA539,K60
2021-07-06 02:12:08,0006E239ED,K60
2021-07-06 02:13:05,0006E241C1,K60
2021-07-06 02:13:42,0007AC3CC1,K60
2021-07-06 02:17:07,000783F377,K60
2021-07-06 02:19:06,0006B34FE4,K60
2021-07-06 02:20:27,000799A5EF,K60
2021-07-06 02:21:49,0006CC24E9,K60
2021-07-06 02:22:37,00074EEC1A,K60
2021-07-06 02:27:03,000783CB2B,K60
2021-07-06 02:27:25,000799A5EF,K60
2021-07-06 02:27:31,0007ABF44A,K60
2021-07-06 02:28:14,0006B3B75C,K60
2021-07-06 02:30:23,000783CB2B,K60
2021-07-06 02:31:20,000783F377,K60
2021-07-06 02:31:23,0007ACAC37,K60
2021-07-06 02:38:40,0007ACAC37,K60
2021-07-06 02:39:34,00075CE063,K60
2021-07-06 02:40:28,000786B8A2,K60
2021-07-06 02:45:19,00079AAA3C,K60
2021-07-06 02:45:30,00074F663E,K60
2021-07-06 02:49:11,0006CC24E9,K60
2021-07-06 02:49:51,0006B34FE4,K60
2021-07-06 02:51:24,00074F7C6F,K60
2021-07-06 02:58:48,00075B22B0,K60
2021-07-06 02:58:58,0006E24ECA,K60
2021-07-06 03:00:53,00075B29B2,K60
2021-07-06 03:02:08,00079AAA3C,K60
2021-07-06 03:03:38,0007ABDCCF,K60
2021-07-06 03:03:57,0007AC80F1,K60
2021-07-06 03:04:17,0007ABD629,K60
2021-07-06 03:04:28,0007ABD629,K60
2021-07-06 03:05:02,00075D879F,K60
2021-07-06 03:06:59,0007ACAC37,K60
2021-07-06 03:07:10,00071E15BF,K60
2021-07-06 03:08:14,0007ACAC37,K60
2021-07-06 03:08:25,0007ACAC37,K60
2021-07-06 03:08:36,0007ACAC37,K60
2021-07-06 03:08:47,0007ACAC37,K60
2021-07-06 03:09:00,0007ACAC37,K60
2021-07-06 03:09:11,0007ACAC37,K60
2021-07-06 03:09:19,0007AC80F1,K60
2021-07-06 03:09:27,0007ACAC37,K60
2021-07-06 03:09:43,0007ACAC37,K60
2021-07-06 03:09:57,0007ABA539,K60
2021-07-06 03:10:23,0007ACAC37,K60
2021-07-06 03:11:01,0007ACAC37,K60
2021-07-06 03:11:17,0007ACAC37,K60
2021-07-06 03:11:31,0007ACAC37,K60
2021-07-06 03:11:45,0007ACAC37,K60
2021-07-06 03:11:56,0007ACAC37,K60
2021-07-06 03:12:26,000786D14D,K60
2021-07-06 03:12:50,0007ACAC37,K60
2021-07-06 03:13:56,0006B3BF04,K60
2021-07-06 03:14:46,000783CB2B,K60
2021-07-06 03:15:45,0007AC44BD,K60
2021-07-06 03:15:58,0006CC24E9,K60
2021-07-06 03:16:00,0007ACAC37,K60
2021-07-06 03:16:13,0007ACAC37,K60
2021-07-06 03:19:31,0007ABC5F2,K60
2021-07-06 03:19:56,0007AC80F1,K60
2021-07-06 03:21:21,0007ABF44A,K60
2021-07-06 03:25:25,0006B3BF04,K60
2021-07-06 03:25:33,0007ABA539,K60
2021-07-06 03:26:19,00079A0255,K60
2021-07-06 03:27:27,000799A5EF,K60
2021-07-06 03:27:46,0007AC44BD,K60
2021-07-06 03:32:41,000799A5EF,K60
2021-07-06 03:38:45,0007ABF44A,K60
2021-07-06 03:39:01,0006CC24E9,K60
2021-07-06 03:40:08,0006B3B75C,K60
2021-07-06 03:47:21,0006B3AC35,K60
2021-07-06 03:49:22,0006B3B75C,K60
2021-07-06 03:57:56,0007AC418B,K60
2021-07-06 04:00:24,00075CE063,K60
2021-07-06 04:06:52,00074F663E,K60
2021-07-06 04:21:10,0006E239ED,K60
2021-07-06 04:25:10,00074F7C6F,K60
2021-07-06 04:29:51,0006E241C1,K60
2021-07-06 04:39:06,0006E24ECA,K60
2021-07-06 04:45:03,0006B3BF04,K60
2021-07-06 04:47:30,000783F377,K60
2021-07-06 04:49:30,000799A5EF,K60
2021-07-06 04:50:23,0007ABD629,K60
2021-07-06 04:50:45,0007AC44BD,K60
2021-07-06 04:53:37,0007ABDCCF,K60
2021-07-06 04:53:45,00074EEC1A,K60
2021-07-06 04:56:52,0007ABA539,K60
2021-07-06 04:58:52,00075D879F,K60
2021-07-06 04:59:45,0006CC24E9,K60
2021-07-06 05:00:29,0007AC5939,K60
2021-07-06 05:01:46,000786B8A2,K60
2021-07-06 05:09:29,0006B3B75C,K60
2021-07-06 05:10:44,0007AC8787,K60
2021-07-06 05:11:44,0007AC8787,K60
2021-07-06 05:13:42,0007AC8787,K60
2021-07-06 07:30:16,0007ACAC37,K60
2021-07-06 10:31:04,0006E239ED,K60
2021-07-06 10:31:30,0006E239ED,K60
2021-07-06 10:31:41,0006E239ED,K60
2021-07-06 10:54:41,00075D879F,K60
2021-07-06 12:01:18,0007ACAC37,K60
2021-07-06 12:27:00,0007ACAC37,K60
2021-07-06 12:27:13,0007ACAC37,K60
2021-07-06 21:34:43,00074F7C6F,K60
2021-07-06 21:35:10,0007ABC5F2,K60
2021-07-06 21:35:17,000783CB2B,K60
2021-07-06 21:35:20,000799A5EF,K60
2021-07-06 21:35:28,0006B3BF04,K60
2021-07-06 21:36:38,0007ABA539,K60
2021-07-06 21:36:55,0007ABA539,K60
2021-07-06 21:37:11,00075B22B0,K60
2021-07-06 21:37:15,0007AC8787,K60
2021-07-06 21:37:21,0007ABF44A,K60
2021-07-06 21:37:42,00075D879F,K60
2021-07-06 21:37:47,0007ABDCCF,K60
2021-07-06 21:37:49,0007AC44BD,K60
2021-07-06 21:38:32,000786B8A2,K60
2021-07-06 21:39:42,00074F663E,K60
2021-07-06 21:39:44,0006E24ECA,K60
2021-07-06 21:40:06,0006E239ED,K60
2021-07-06 21:40:37,00075CE063,K60
2021-07-06 21:41:00,0007ABD629,K60
2021-07-06 21:41:04,00075D076C,K60
2021-07-06 21:41:15,0007ABD4DC,K60
2021-07-06 21:41:17,00074EEC1A,K60
2021-07-06 21:43:37,0007ABC809,K60
2021-07-06 21:43:42,0007AC80F1,K60
2021-07-06 21:43:45,0006E24C7B,K60
2021-07-06 21:43:49,0006B34FE4,K60
2021-07-06 21:44:42,000788A24D,K60
2021-07-06 21:45:12,00079AAA3C,K60
2021-07-06 21:45:20,0006B3AC35,K60
2021-07-06 21:45:21,00079A0255,K60
2021-07-06 21:45:28,000783F429,K60
2021-07-06 21:45:29,000783F377,K60
2021-07-06 21:45:33,00075B29B2,K60
2021-07-06 21:47:30,0006CC24E9,K60
2021-07-06 21:47:32,0007AC0387,K60
2021-07-06 21:47:34,0006B3B75C,K60
2021-07-06 22:11:37,00074EEC1A,K60
2021-07-06 22:15:28,0007ABA539,K60
2021-07-06 22:15:44,000783F377,K60
2021-07-06 22:21:55,0006CC24E9,K60
2021-07-06 22:33:59,0006E239ED,K60
2021-07-06 22:46:19,000799A5EF,K60
2021-07-06 22:47:38,0007ABF44A,K60
2021-07-06 22:50:00,0007ABD629,K60
2021-07-06 22:57:53,00075CE063,K60
2021-07-06 23:04:19,0006E241C1,K60
2021-07-06 23:07:35,0006B3B75C,K60
2021-07-06 23:10:50,0006B3BF04,K60
2021-07-06 23:12:53,0007AC5939,K60
2021-07-06 23:13:18,00071E15BF,K60
2021-07-06 23:13:25,00079A0255,K60
2021-07-06 23:15:45,00075B22B0,K60
2021-07-06 23:15:56,00075B22B0,K60
2021-07-06 23:19:46,0007ABC5F2,K60
2021-07-06 23:23:16,00071E15BF,K60
2021-07-06 23:26:23,0007ACAC37,K60
2021-07-06 23:30:02,0007ABF44A,K60
2021-07-06 23:31:21,00079A0255,K60
2021-07-06 23:31:36,0007ACAC37,K60
2021-07-06 23:32:42,000786B8A2,K60
2021-07-06 23:34:04,000799A5EF,K60
2021-07-06 23:36:48,0007ABD629,K60
2021-07-06 23:37:00,0007ABD629,K60
2021-07-06 23:38:53,0007ABD629,K60
2021-07-06 23:39:11,0007ABD629,K60
2021-07-06 23:41:02,0007AC418B,K60
2021-07-06 23:41:29,000783CB2B,K60
2021-07-06 23:42:20,0006B34FE4,K60
2021-07-06 23:44:39,0007ABA539,K60
2021-07-06 23:45:14,00079A0255,K60
2021-07-06 23:45:16,0006E239ED,K60
2021-07-06 23:46:48,00075CE063,K60
2021-07-06 23:48:01,0007ABDCCF,K60
2021-07-06 23:53:55,000788A24D,K60
2021-07-06 23:54:02,0006B3BF04,K60
2021-07-06 23:54:13,0007AC44BD,K60
2021-07-06 23:55:12,00071E2D31,K60
2021-07-06 23:56:41,0007ABA539,K60
2021-07-07 00:02:01,0007ABF44A,K60
2021-07-07 00:04:18,000786B8A2,K60
2021-07-07 00:06:01,00074F663E,K60
2021-07-07 00:06:14,0006E239ED,K60
2021-07-07 00:07:00,0006B3B75C,K60
2021-07-07 00:07:13,0006B3B75C,K60
2021-07-07 00:07:25,0006B3B75C,K60
2021-07-07 00:08:48,00074F7C6F,K60
2021-07-07 00:13:21,0007AC80F1,K60
2021-07-07 00:15:17,00074EEC1A,K60
2021-07-07 00:16:09,0007AC44BD,K60
2021-07-07 00:18:33,000783F377,K60
2021-07-07 00:21:09,000783F429,K60
2021-07-07 00:24:49,0006E24ECA,K60
2021-07-07 00:26:00,00079A0255,K60
2021-07-07 00:27:23,00071E15BF,K60
2021-07-07 00:28:33,0006B3BF04,K60
2021-07-07 00:29:41,0006CC24E9,K60
2021-07-07 00:33:34,00074EEC1A,K60
2021-07-07 00:33:45,00075D879F,K60
2021-07-07 00:35:39,00075B22B0,K60
2021-07-07 00:40:17,0007ABF44A,K60
2021-07-07 00:41:01,0007AC0387,K60
2021-07-07 00:41:35,00074F7C6F,K60
2021-07-07 00:41:55,0006E241C1,K60
2021-07-07 00:42:48,0007AC3CC1,K60
2021-07-07 00:43:34,0007ABC5F2,K60
2021-07-07 00:43:56,00074F663E,K60
2021-07-07 00:45:45,00074EEC1A,K60
2021-07-07 00:46:44,00075B29B2,K60
2021-07-07 00:48:29,00075D076C,K60
2021-07-07 00:49:23,0006E239ED,K60
2021-07-07 00:53:39,0007ABDCCF,K60
2021-07-07 00:55:05,0007ABD629,K60
2021-07-07 00:58:16,0007ABA539,K60
2021-07-07 01:03:05,00079AAA3C,K60
2021-07-07 01:04:02,000799A5EF,K60
2021-07-07 01:04:44,0006B3BF04,K60
2021-07-07 01:09:49,0007AC0387,K60
2021-07-07 01:10:29,0006CC24E9,K60
2021-07-07 01:11:37,000799A5EF,K60
2021-07-07 01:23:07,0006B3AC35,K60
2021-07-07 01:31:10,0006B3AC35,K60
2021-07-07 01:31:21,0006B3AC35,K60
2021-07-07 01:31:33,0006B3AC35,K60
2021-07-07 01:31:36,000786D14D,K60
2021-07-07 01:33:00,0006B3AC35,K60
2021-07-07 01:34:32,00075CE063,K60
2021-07-07 01:34:36,0006B3AC35,K60
2021-07-07 01:36:33,000786B8A2,K60
2021-07-07 01:39:33,0006CC24E9,K60
2021-07-07 01:43:33,0007AC44BD,K60
2021-07-07 01:47:58,00071E2D31,K60
2021-07-07 01:52:22,00071E2D31,K60
2021-07-07 01:53:40,00074EEC1A,K60
2021-07-07 01:57:34,00079A0255,K60
2021-07-07 01:59:52,0006E241C1,K60
2021-07-07 02:00:23,0007ABF44A,K60
2021-07-07 02:00:32,00074F663E,K60
2021-07-07 02:01:12,0007ABA539,K60
2021-07-07 02:02:37,0006B34FE4,K60
2021-07-07 02:02:41,0007ABF44A,K60
2021-07-07 02:03:01,00075D879F,K60
2021-07-07 02:05:37,0007AC44BD,K60
2021-07-07 02:07:27,0006E24ECA,K60
2021-07-07 02:07:29,0006B3AC35,K60
2021-07-07 02:07:31,00074F7C6F,K60
2021-07-07 02:07:35,00074EEC1A,K60
2021-07-07 02:07:42,0006E241C1,K60
2021-07-07 02:08:01,00079AAA3C,K60
2021-07-07 02:08:26,0007ABA539,K60
2021-07-07 02:22:14,0007ABF44A,K60
2021-07-07 02:22:26,0007ABF44A,K60
2021-07-07 02:23:20,0007ABF44A,K60
2021-07-07 02:24:07,0007ABF44A,K60
2021-07-07 02:24:10,0007ABD629,K60
2021-07-07 02:24:22,00075B22B0,K60
2021-07-07 02:25:16,000786B8A2,K60
2021-07-07 02:25:39,0007ABD629,K60
2021-07-07 02:25:58,0007ABD629,K60
2021-07-07 02:26:09,000786B8A2,K60
2021-07-07 02:26:28,00079AAA3C,K60
2021-07-07 02:26:34,00075B22B0,K60
2021-07-07 02:26:44,0007ABD629,K60
2021-07-07 02:26:48,00079AAA3C,K60
2021-07-07 02:27:50,000783F377,K60
2021-07-07 02:27:57,00079AAA3C,K60
2021-07-07 02:28:14,00079AAA3C,K60
2021-07-07 02:28:56,00075B22B0,K60
2021-07-07 02:29:43,0007ABD629,K60
2021-07-07 02:30:37,0007ABD629,K60
2021-07-07 02:30:40,00074F7C6F,K60
2021-07-07 02:31:31,00074F7C6F,K60
2021-07-07 02:32:41,0007ABD629,K60
2021-07-07 02:34:56,000783F377,K60
2021-07-07 02:35:21,0006CC24E9,K60
2021-07-07 02:36:37,000799A5EF,K60
2021-07-07 02:37:02,00074F7C6F,K60
2021-07-07 02:37:12,0007ABD629,K60
2021-07-07 02:37:13,00079AAA3C,K60
2021-07-07 02:37:43,000799A5EF,K60
2021-07-07 02:38:03,0007ABD629,K60
2021-07-07 02:43:10,000799A5EF,K60
2021-07-07 02:43:54,0006CC24E9,K60
2021-07-07 02:44:21,000799A5EF,K60
2021-07-07 02:44:50,0006B3BF04,K60
2021-07-07 02:45:37,0007ABC5F2,K60
2021-07-07 02:49:20,00075CE063,K60
2021-07-07 02:53:09,0006B3BF04,K60
2021-07-07 02:53:12,0007ABC5F2,K60
2021-07-07 02:53:13,000786B8A2,K60
2021-07-07 02:59:10,000786B8A2,K60
2021-07-07 02:59:43,000786B8A2,K60
2021-07-07 02:59:58,000786B8A2,K60
2021-07-07 03:00:06,0007ABDCCF,K60
2021-07-07 03:02:51,0007ABD629,K60
2021-07-07 03:03:02,0007ABD629,K60
2021-07-07 03:03:27,000786B8A2,K60
2021-07-07 03:04:42,0007AC80F1,K60
2021-07-07 03:04:47,000786B8A2,K60
2021-07-07 03:08:14,00075D879F,K60
2021-07-07 03:08:43,00075D879F,K60
2021-07-07 03:10:42,000799A5EF,K60
2021-07-07 03:11:25,000799A5EF,K60
2021-07-07 03:12:43,00075D879F,K60
2021-07-07 03:13:59,00074F663E,K60
2021-07-07 03:15:07,00074F663E,K60
2021-07-07 03:16:38,00075D879F,K60
2021-07-07 03:24:23,00075D879F,K60
2021-07-07 03:25:19,00071E15BF,K60
2021-07-07 03:28:19,0007AC44BD,K60
2021-07-07 03:40:14,00074F7C6F,K60
2021-07-07 03:42:19,0007AC44BD,K60
2021-07-07 03:45:51,0007AC44BD,K60
2021-07-07 03:47:03,0007AC44BD,K60
2021-07-07 03:57:25,0007AC44BD,K60
2021-07-07 03:57:51,0007AC44BD,K60
2021-07-07 04:11:08,00075D076C,K60
2021-07-07 04:31:46,00074F7C6F,K60
2021-07-07 04:34:54,0007ACAC37,K60
2021-07-07 04:36:07,0006E239ED,K60
2021-07-07 04:54:53,0006E239ED,K60
2021-07-07 05:12:08,000786D14D,K60
2021-07-07 05:14:08,0006E239ED,K60
2021-07-07 21:15:16,0006B34FE4,K60
2021-07-07 21:26:07,0007ABA539,K28
2021-07-07 21:32:11,0006E239ED,K60
2021-07-07 21:32:13,00075B22B0,K28
2021-07-07 21:32:28,00075B22B0,K28
2021-07-07 21:32:29,0006E239ED,K60
2021-07-07 21:32:39,00075B22B0,K28
2021-07-07 21:32:41,0006E239ED,K60
2021-07-07 21:32:50,00075B22B0,K28
2021-07-07 21:33:04,0007ACAC37,K28
2021-07-07 21:33:17,00075B22B0,K28
2021-07-07 21:33:18,000799A5EF,K28
2021-07-07 21:33:23,0007ABDCCF,K28
2021-07-07 21:33:32,0007ACAC37,K28
2021-07-07 21:33:55,000786D14D,K60
2021-07-07 21:34:04,00075B29B2,K60
2021-07-07 21:34:15,00075B29B2,K60
2021-07-07 21:35:25,00079A0255,K60
2021-07-07 21:35:56,0007ABF44A,K28
2021-07-07 21:36:05,000786B8A2,K28
2021-07-07 21:36:08,0007ABF44A,K28
2021-07-07 21:36:38,000783F377,K28
2021-07-07 21:36:41,0007ABC5F2,K28
2021-07-07 21:36:45,0007ABD629,K28
2021-07-07 21:36:52,00074F663E,K28
2021-07-07 21:36:53,00075D879F,K28
2021-07-07 21:36:55,0007AC80F1,K28
2021-07-07 21:36:56,00074EEC1A,K28
2021-07-07 21:36:58,0006E241C1,K28
2021-07-07 21:36:59,00079AAA3C,K28
2021-07-07 21:37:01,0007ABD629,K28
2021-07-07 21:37:35,00079A0255,K60
2021-07-07 21:37:50,00075CE063,K28
2021-07-07 21:38:35,00075D076C,K60
2021-07-07 21:38:36,00074F7C6F,K28
2021-07-07 21:38:40,0006B3BF04,K28
2021-07-07 21:39:49,0007AC44BD,K28
2021-07-07 21:39:59,000783F429,K28
2021-07-07 21:40:14,0007AC0387,K28
2021-07-07 21:40:24,0006B3AC35,K28
2021-07-07 21:42:21,00071E15BF,K60
2021-07-07 21:43:02,0006CC24E9,K28
2021-07-07 21:44:45,0007AC418B,K28
2021-07-07 21:45:52,00075B29B2,K28
2021-07-07 21:45:57,0007AC3CC1,K28
2021-07-07 21:46:04,0007AC5939,K28
2021-07-07 21:47:13,0007ABC809,K28
2021-07-07 21:50:03,00075B29B2,K60
2021-07-07 21:56:39,00071E2D31,K28
2021-07-07 21:57:19,00071E2D31,K28
2021-07-07 21:58:19,00075B29B2,K28
2021-07-07 22:00:56,00071E2D31,K28
2021-07-07 22:19:28,0006E24ECA,K28
2021-07-07 22:20:36,0006E24ECA,K28
2021-07-07 22:28:29,000786B8A2,K28
2021-07-07 22:29:09,000783CB2B,K60
2021-07-07 22:29:20,000783CB2B,K60
2021-07-07 22:29:31,000783CB2B,K60
2021-07-07 22:30:14,000783CB2B,K60
2021-07-07 22:30:34,000783CB2B,K60
2021-07-07 22:32:06,000783CB2B,K60
2021-07-07 22:32:17,000783CB2B,K60
2021-07-07 22:35:40,00075CE063,K28
2021-07-07 22:36:59,000783CB2B,K28
2021-07-07 22:38:28,000786D14D,K28
2021-07-07 22:39:56,000786D14D,K60
2021-07-07 22:40:34,00074EEC1A,K28
2021-07-07 22:40:56,0006B34FE4,K28
2021-07-07 22:41:46,0006CC24E9,K28
2021-07-07 22:42:21,000783CB2B,K28
2021-07-07 22:43:12,0006B34FE4,K60
2021-07-07 22:43:50,000786D14D,K60
2021-07-07 22:44:56,00075D076C,K28
2021-07-07 22:45:49,00079AAA3C,K28
2021-07-07 22:46:07,000786D14D,K28
2021-07-07 22:47:52,00075CE063,K28
2021-07-07 22:47:59,0006E24ECA,K28
2021-07-07 22:49:02,00079AAA3C,K28
2021-07-07 22:49:10,00075D076C,K60
2021-07-07 22:49:55,0006E239ED,K28
2021-07-07 22:50:59,0006E239ED,K28
2021-07-07 22:52:45,0006E239ED,K60
2021-07-07 22:53:34,000783F377,K28
2021-07-07 22:54:09,00075B22B0,K28
2021-07-07 22:55:07,0007AC44BD,K28
2021-07-07 22:55:14,0006E241C1,K28
2021-07-07 22:55:28,0006B3BF04,K28
2021-07-07 22:56:19,0006B34FE4,K28
2021-07-07 22:56:29,00074EEC1A,K28
2021-07-07 22:56:41,0006CC24E9,K28
2021-07-07 22:57:03,0006E239ED,K60
2021-07-07 23:00:11,000799A5EF,K28
2021-07-07 23:00:26,0006E239ED,K28
2021-07-07 23:06:35,0007ACAC37,K28
2021-07-07 23:08:27,00079A0255,K60
2021-07-07 23:09:01,0007ABDCCF,K28
2021-07-07 23:09:34,0007ABD629,K28
2021-07-07 23:10:24,0007AC44BD,K28
2021-07-07 23:11:21,000799A5EF,K28
2021-07-07 23:11:48,0006E241C1,K28
2021-07-07 23:13:41,00071E15BF,K28
2021-07-07 23:14:40,00075D076C,K28
2021-07-07 23:15:58,00079A0255,K28
2021-07-07 23:16:07,00074F7C6F,K28
2021-07-07 23:16:16,00075D879F,K28
2021-07-07 23:16:42,00071E15BF,K60
2021-07-07 23:16:54,00071E15BF,K60
2021-07-07 23:17:05,00071E15BF,K60
2021-07-07 23:17:19,00079A0255,K60
2021-07-07 23:17:40,0006B3BF04,K28
2021-07-07 23:18:13,00079AAA3C,K28
2021-07-07 23:18:16,0006B3BF04,K28
2021-07-07 23:18:24,0007ABC5F2,K28
2021-07-07 23:19:36,00079A0255,K28
2021-07-07 23:20:52,00074F663E,K28
2021-07-07 23:21:55,000783F377,K28
2021-07-07 23:22:43,0007ABF44A,K28
2021-07-07 23:28:08,00079A0255,K28
2021-07-07 23:35:41,0007ABA539,K28
2021-07-07 23:39:07,0006B3AC35,K28
2021-07-07 23:39:18,00071E15BF,K28
2021-07-07 23:39:53,0007ABA539,K28
2021-07-07 23:42:43,0007ABA539,K28
2021-07-07 23:43:11,0007ABA539,K28
2021-07-07 23:46:11,0006E24ECA,K28
2021-07-07 23:46:40,00075B22B0,K28
2021-07-07 23:48:19,00075B29B2,K28
2021-07-07 23:49:29,00074EEC1A,K28
2021-07-07 23:51:04,0006CC24E9,K28
2021-07-07 23:52:39,0007AC80F1,K28
2021-07-07 23:52:42,000783CB2B,K28
2021-07-07 23:57:19,0007ABA539,K28
2021-07-07 23:59:10,0007ABDCCF,K28
2021-07-08 00:00:31,0006E241C1,K28
2021-07-08 00:03:36,00075CE063,K28
2021-07-08 00:05:12,00074EEC1A,K28
2021-07-08 00:06:48,00074F7C6F,K28
2021-07-08 00:08:34,0006E241C1,K28
2021-07-08 00:09:39,0007AC44BD,K28
2021-07-08 00:10:04,00074F7C6F,K28
2021-07-08 00:12:36,000799A5EF,K28
2021-07-08 00:12:48,000799A5EF,K28
2021-07-08 00:13:32,000786D14D,K28
2021-07-08 00:14:42,000783CB2B,K28
2021-07-08 00:14:56,0007AC8787,K28
2021-07-08 00:16:15,0006B34FE4,K28
2021-07-08 00:17:13,0007AC8787,K28
2021-07-08 00:17:20,0007ABC5F2,K28
2021-07-08 00:17:29,0007AC8787,K28
2021-07-08 00:17:34,000783CB2B,K28
2021-07-08 00:19:41,0006E239ED,K28
2021-07-08 00:20:40,0007ABF44A,K28
2021-07-08 00:21:44,0006CC24E9,K28
2021-07-08 00:23:44,0007AC44BD,K28
2021-07-08 00:23:55,0007AC44BD,K28
2021-07-08 00:26:11,000799A5EF,K28
2021-07-08 00:26:20,00079A0255,K28
2021-07-08 00:27:58,0007ABC5F2,K28
2021-07-08 00:29:03,00075D879F,K28
2021-07-08 00:31:36,0007ABA539,K28
2021-07-08 00:32:12,00074F663E,K28
2021-07-08 00:32:18,00074F7C6F,K28
2021-07-08 00:34:22,000783F377,K28
2021-07-08 00:35:48,000786D14D,K28
2021-07-08 00:35:52,00079AAA3C,K28
2021-07-08 00:36:43,0006E239ED,K28
2021-07-08 00:38:03,0006B3AC35,K28
2021-07-08 00:38:29,0007ABDCCF,K28
2021-07-08 00:41:08,00079A0255,K28
2021-07-08 00:41:17,00075B22B0,K28
2021-07-08 00:43:56,00074EEC1A,K28
2021-07-08 00:51:50,000786B8A2,K28
2021-07-08 00:52:14,0007ABF44A,K28
2021-07-08 00:53:58,00075D076C,K28
2021-07-08 01:03:24,0007ABD629,K28
2021-07-08 01:04:34,00074F7C6F,K28
2021-07-08 01:05:06,00074EEC1A,K28
2021-07-08 01:05:21,0007AC80F1,K28
2021-07-08 01:06:56,0007ACAC37,K60
2021-07-08 01:07:09,0006B3BF04,K28
2021-07-08 01:07:27,0006E241C1,K28
2021-07-08 01:18:25,00075B22B0,K28
2021-07-08 01:18:36,00075B22B0,K28
2021-07-08 01:18:38,0006B3BF04,K28
2021-07-08 01:20:08,000799A5EF,K28
2021-07-08 01:20:21,00075D879F,K28
2021-07-08 01:23:23,00079AAA3C,K28
2021-07-08 01:24:07,0007AC44BD,K28
2021-07-08 01:27:07,0006CC24E9,K28
2021-07-08 01:27:35,0006B34FE4,K28
2021-07-08 01:29:01,000799A5EF,K28
2021-07-08 01:29:25,0006E241C1,K28
2021-07-08 01:30:15,00071E15BF,K28
2021-07-08 01:30:19,0007AC44BD,K28
2021-07-08 01:30:31,0007AC44BD,K28
2021-07-08 01:34:24,0006B3AC35,K28
2021-07-08 01:34:43,0006E24ECA,K28
2021-07-08 01:35:37,0007ABDCCF,K28
2021-07-08 01:38:04,0007ABC5F2,K28
2021-07-08 01:41:08,00074F663E,K28
2021-07-08 01:43:35,00075CE063,K28
2021-07-08 01:47:14,0007AC44BD,K28
2021-07-08 01:48:56,0006E239ED,K28
2021-07-08 01:49:32,000786B8A2,K28
2021-07-08 01:50:14,000783CB2B,K28
2021-07-08 01:55:19,00079AAA3C,K28
2021-07-08 01:58:46,00079A0255,K28
2021-07-08 01:58:48,0006CC24E9,K28
2021-07-08 01:59:28,000783F377,K28
2021-07-08 02:01:23,0007ABA539,K28
2021-07-08 02:01:58,000786D14D,K28
2021-07-08 02:04:24,0007AC0387,K28
2021-07-08 02:08:14,0006E239ED,K28
2021-07-08 02:10:19,00075B29B2,K28
2021-07-08 02:10:38,000786B8A2,K28
2021-07-08 02:11:08,0007ABD629,K28
2021-07-08 02:12:50,00075D879F,K28
2021-07-08 02:14:17,0006B3BF04,K28
2021-07-08 02:14:24,00075B22B0,K28
2021-07-08 02:14:27,00074EEC1A,K28
2021-07-08 02:14:35,0007ABA539,K28
2021-07-08 02:16:20,000786D14D,K28
2021-07-08 02:19:28,0007ACAC37,K28
2021-07-08 02:21:10,0007ABF44A,K28
2021-07-08 02:22:41,000799A5EF,K28
2021-07-08 02:22:48,0006E241C1,K28
2021-07-08 02:24:11,00074EEC1A,K28
2021-07-08 02:26:30,0006B3BF04,K28
2021-07-08 02:27:13,0007ACAC37,K28
2021-07-08 02:31:42,000799A5EF,K28
2021-07-08 02:31:44,0007AC80F1,K28
2021-07-08 02:31:45,000783F377,K28
2021-07-08 02:33:10,0007AC44BD,K28
2021-07-08 02:33:26,0006B34FE4,K28
2021-07-08 02:34:45,0006E241C1,K28
2021-07-08 02:41:49,00079AAA3C,K28
2021-07-08 02:41:56,00074F7C6F,K28
2021-07-08 02:43:11,00075D076C,K28
2021-07-08 02:47:20,0007AC44BD,K28
2021-07-08 02:51:27,000786B8A2,K28
2021-07-08 02:54:17,0007ABD629,K28
2021-07-08 02:55:47,0006CC24E9,K28
2021-07-08 02:58:25,00074F663E,K28
2021-07-08 02:59:35,0007ABDCCF,K28
2021-07-08 03:02:47,0007ABC5F2,K28
2021-07-08 03:03:00,00079A0255,K28
2021-07-08 03:03:19,0007AC80F1,K28
2021-07-08 03:05:26,0006E24ECA,K28
2021-07-08 03:07:22,00075D879F,K28
2021-07-08 03:07:25,0007AC0387,K28
2021-07-08 03:08:17,000786B8A2,K28
2021-07-08 03:08:19,0007AC3CC1,K28
2021-07-08 03:11:14,0006E239ED,K28
2021-07-08 03:13:09,00074EEC1A,K28
2021-07-08 03:13:28,00074EEC1A,K28
2021-07-08 03:14:09,0006B34FE4,K28
2021-07-08 03:16:55,00079AAA3C,K28
2021-07-08 03:17:23,0006B3BF04,K28
2021-07-08 03:23:58,000783CB2B,K28
2021-07-08 03:25:50,00079AAA3C,K28
2021-07-08 03:26:00,0006B3BF04,K28
2021-07-08 03:26:46,0007ABF44A,K28
2021-07-08 03:26:57,00074EEC1A,K28
2021-07-08 03:28:44,0006B34FE4,K28
2021-07-08 03:29:06,0007ABA539,K28
2021-07-08 03:29:11,00071E15BF,K28
2021-07-08 03:29:56,000786D14D,K28
2021-07-08 03:31:47,000799A5EF,K28
2021-07-08 03:32:08,00075B29B2,K28
2021-07-08 03:32:44,00075CE063,K28
2021-07-08 03:33:37,000783F377,K28
2021-07-08 03:34:25,0006E239ED,K28
2021-07-08 03:34:28,0006CC24E9,K28
2021-07-08 03:36:19,0006B3AC35,K28
2021-07-08 03:39:39,000799A5EF,K28
2021-07-08 03:42:26,000783F377,K28
2021-07-08 03:43:58,0007AC44BD,K28
2021-07-08 03:45:15,00074F7C6F,K28
2021-07-08 03:48:08,0007ABA539,K28
2021-07-08 03:49:21,00075D879F,K28
2021-07-08 03:53:57,00074F663E,K28
2021-07-08 03:57:15,0007AC44BD,K28
2021-07-08 04:01:59,00079A0255,K28
2021-07-08 04:02:38,000786B8A2,K28
2021-07-08 04:08:10,0006E241C1,K28
2021-07-08 04:13:54,000786B8A2,K28
2021-07-08 04:15:54,00075D076C,K28
2021-07-08 04:16:25,00075B22B0,K28
2021-07-08 04:28:12,00075D076C,K28
2021-07-08 04:42:05,00075D879F,K28
2021-07-08 04:48:58,0007AC3CC1,K28
2021-07-08 04:49:55,00075D879F,K28
2021-07-08 04:50:07,0007AC5939,K28
2021-07-08 04:50:35,0007AC5939,K28
2021-07-08 05:06:12,0006E239ED,K28
2021-07-08 05:06:20,00075B29B2,K28
2021-07-08 05:06:35,0007ABD4DC,K28
2021-07-08 05:07:30,00074EEC1A,K28
2021-07-08 05:08:04,0006E24C7B,K28
2021-07-08 05:08:50,000799A5EF,K28
2021-07-08 05:09:37,0007AC44BD,K28
2021-07-08 05:10:30,0007ABC5F2,K28
2021-07-08 05:10:45,00075B22B0,K28
2021-07-08 05:11:39,0006B34FE4,K28
2021-07-08 05:11:54,0006B3BF04,K28
2021-07-08 05:12:16,0006E241C1,K28
2021-07-08 05:18:36,0007ABA539,K28
2021-07-08 05:26:40,00071E2D31,K28
2021-07-08 05:26:44,0007AC8787,K28
2021-07-08 05:26:56,00071E2D31,K28
2021-07-08 05:27:10,00071E2D31,K28
2021-07-08 05:27:21,00071E2D31,K28
2021-07-08 05:28:00,0006CC24E9,K28
2021-07-08 05:37:03,00075D879F,K28
2021-07-08 05:54:42,0007ABF44A,K28
2021-07-08 07:46:51,0007ACAC37,K28
2021-07-08 07:47:32,0007ACAC37,K28
2021-07-08 07:47:49,0007ACAC37,K28
2021-07-08 07:48:00,0007ACAC37,K28
2021-07-08 07:48:28,0007ACAC37,K28
2021-07-08 09:09:38,0007ABC809,K28
2021-07-08 09:17:14,0006E24C7B,K28
2021-07-08 09:17:34,0006E24C7B,K28
2021-07-08 09:17:51,0006E24C7B,K28
2021-07-08 09:38:29,00075D076C,K28
2021-07-08 09:40:30,00075D076C,K28
2021-07-08 09:57:52,0006E239ED,K28
2021-07-08 10:06:57,00075D879F,K28
2021-07-08 10:07:20,00075D879F,K28
2021-07-08 10:29:06,0007ABD4DC,K28
2021-07-08 10:29:30,0007ABD4DC,K28
2021-07-08 10:29:41,0007ABD4DC,K28
2021-07-08 10:30:04,0007ABD4DC,K28
2021-07-08 10:30:18,0007ABD4DC,K28
2021-07-08 10:31:29,0007ABD4DC,K28
2021-07-08 10:31:40,0007ABD4DC,K28
2021-07-08 10:31:51,0007ABD4DC,K28
2021-07-08 10:32:04,0007ABD4DC,K28
2021-07-08 10:32:15,0007ABD4DC,K28
2021-07-08 10:32:36,0007ABD4DC,K28
2021-07-08 10:32:55,0007ABD4DC,K28
2021-07-08 10:33:14,0007ABD4DC,K28
2021-07-08 10:33:25,0007ABD4DC,K28
2021-07-08 10:33:36,0007ABD4DC,K28
2021-07-08 10:33:54,0007ABD4DC,K28
2021-07-08 11:35:06,00074F663E,K28
2021-07-08 12:36:56,0006E239ED,K28
2021-07-08 12:37:07,0006E239ED,K28
2021-07-08 15:12:45,0006E24C7B,K28
2021-07-08 15:13:03,0006E24C7B,K28
2021-07-08 16:25:19,0007AC0387,K28
2021-07-08 16:25:33,0007AC0387,K28
2021-07-08 16:29:22,0007AC0387,K28
2021-07-08 16:29:34,0007AC0387,K28
2021-07-08 16:31:04,0007AC0387,K28
2021-07-08 21:31:15,000799A5EF,K28
2021-07-08 21:31:26,000799A5EF,K28
2021-07-08 21:31:37,000799A5EF,K28
2021-07-08 21:31:48,000799A5EF,K28
2021-07-08 21:31:59,000799A5EF,K28
2021-07-08 21:32:10,000799A5EF,K28
2021-07-08 21:32:21,000799A5EF,K28
2021-07-08 21:34:56,0006B3BF04,K28
2021-07-08 21:35:07,0006B3BF04,K28
2021-07-08 21:35:18,0006B3BF04,K28
2021-07-08 21:35:34,00074F663E,K28
2021-07-08 21:35:35,000788A24D,K28
2021-07-08 21:35:51,0006E24ECA,K28
2021-07-08 21:36:12,00074EEC1A,K28
2021-07-08 21:36:23,00074EEC1A,K28
2021-07-08 21:36:33,00075D879F,K28
2021-07-08 21:37:55,0006B34FE4,K28
2021-07-08 21:38:01,0006E24C7B,K28
2021-07-08 21:39:49,000786B8A2,K28
2021-07-08 21:39:58,000783CB2B,K28
2021-07-08 21:40:06,0007AC80F1,K28
2021-07-08 21:40:10,0007ABA539,K28
2021-07-08 21:40:30,0007ABC809,K28
2021-07-08 21:40:50,00079A0255,K28
2021-07-08 21:41:56,00075CE063,K28
2021-07-08 21:42:10,0007AC80F1,K28
2021-07-08 21:42:17,0007ABDCCF,K28
2021-07-08 21:42:30,00074F7C6F,K28
2021-07-08 21:42:50,00075D076C,K28
2021-07-08 21:42:56,0007ABD629,K28
2021-07-08 21:42:59,00075B22B0,K28
2021-07-08 21:43:19,0006E241C1,K28
2021-07-08 21:43:21,0007ABF44A,K28
2021-07-08 21:43:23,0007ACAC37,K28
2021-07-08 21:44:13,000783F377,K28
2021-07-08 21:44:14,0006CC24E9,K28
2021-07-08 21:45:09,00071E15BF,K28
2021-07-08 21:46:47,00075B29B2,K28
2021-07-08 21:47:22,0007AC0387,K28
2021-07-08 21:47:45,0006E239ED,K28
2021-07-08 21:48:14,00079AAA3C,K28
2021-07-08 21:49:51,0007ABC5F2,K28
2021-07-08 21:49:55,0007AC44BD,K28
2021-07-08 21:51:49,0007ABD4DC,K28
2021-07-08 21:53:12,0007AC418B,K28
2021-07-08 21:54:07,0007AC3CC1,K28
2021-07-08 21:54:56,0007AC5939,K28
2021-07-08 22:00:21,00071E2D31,K28
2021-07-08 22:00:39,00071E2D31,K28
2021-07-08 22:36:27,00074EEC1A,K28
2021-07-08 22:41:24,000786D14D,K28
2021-07-08 22:48:46,00074EEC1A,K28
2021-07-08 22:51:18,000783CB2B,K28
2021-07-08 22:51:20,000786D14D,K28
2021-07-08 22:54:09,000799A5EF,K28
2021-07-08 22:54:23,0006E24ECA,K28
2021-07-08 22:56:00,000799A5EF,K28
2021-07-08 22:56:46,0006E239ED,K28
2021-07-08 23:00:34,00075D879F,K28
2021-07-08 23:01:41,000783CB2B,K28
2021-07-08 23:03:04,000783CB2B,K28
2021-07-08 23:05:31,0006B3AC35,K28
2021-07-08 23:08:39,0007ABA539,K28
2021-07-08 23:08:42,00074F663E,K28
2021-07-08 23:09:34,0006CC24E9,K28
2021-07-08 23:10:31,000783CB2B,K28
2021-07-08 23:10:44,0006B3AC35,K28
2021-07-08 23:10:58,0006B34FE4,K28
2021-07-08 23:11:15,00074F7C6F,K28
2021-07-08 23:11:37,00074F7C6F,K28
2021-07-08 23:11:49,00074F7C6F,K28
2021-07-08 23:13:36,0006E241C1,K28
2021-07-08 23:16:20,0006E241C1,K28
2021-07-08 23:18:50,0007AC44BD,K28
2021-07-08 23:19:12,0006B3BF04,K28
2021-07-08 23:21:51,0007ABF44A,K28
2021-07-08 23:22:49,000783F377,K28
2021-07-08 23:22:57,00079A0255,K28
2021-07-08 23:23:52,0006B3BF04,K28
2021-07-08 23:24:49,0007AC44BD,K28
2021-07-08 23:25:00,0007AC44BD,K28
2021-07-08 23:25:15,00075CE063,K28
2021-07-08 23:25:26,00075CE063,K28
2021-07-08 23:27:15,0006B3BF04,K28
2021-07-08 23:28:13,0007ABD629,K28
2021-07-08 23:28:54,0007ABA539,K28
2021-07-08 23:30:53,00079AAA3C,K28
2021-07-08 23:30:56,0006CC24E9,K28
2021-07-08 23:31:12,0006B3BF04,K28
2021-07-08 23:32:54,00074EEC1A,K28
2021-07-08 23:33:39,0007AC44BD,K28
2021-07-08 23:34:23,000786B8A2,K28
2021-07-08 23:35:24,0007AC44BD,K28
2021-07-08 23:35:57,00074EEC1A,K28
2021-07-08 23:37:20,0007ABDCCF,K28
2021-07-08 23:37:28,00075CE063,K28
2021-07-08 23:38:37,0007ABC5F2,K28
2021-07-08 23:39:31,0006B34FE4,K28
2021-07-08 23:40:18,00074EEC1A,K28
2021-07-08 23:43:13,000783CB2B,K28
2021-07-08 23:45:06,0007ABDCCF,K28
2021-07-08 23:45:13,000786D14D,K28
2021-07-08 23:45:24,0007ABDCCF,K28
2021-07-08 23:45:35,0007ABDCCF,K28
2021-07-08 23:46:34,000786D14D,K28
2021-07-08 23:47:40,00074F663E,K28
2021-07-08 23:47:50,00075B22B0,K28
2021-07-08 23:47:59,0006B34FE4,K28
2021-07-08 23:48:04,0007ABF44A,K28
2021-07-08 23:48:13,0007ABD629,K28
2021-07-08 23:48:23,000786B8A2,K28
2021-07-08 23:50:41,00079A0255,K28
2021-07-08 23:50:55,0007AC44BD,K28
2021-07-08 23:51:05,00074F663E,K28
2021-07-08 23:51:09,00074EEC1A,K28
2021-07-08 23:51:38,000786D14D,K28
2021-07-08 23:52:10,0007ABA539,K28
2021-07-08 23:52:14,000783CB2B,K28
2021-07-08 23:52:28,000783CB2B,K28
2021-07-08 23:53:46,0007AC44BD,K28
2021-07-08 23:54:35,00075D076C,K28
2021-07-08 23:54:49,00075D076C,K28
2021-07-08 23:55:00,00075D076C,K28
2021-07-08 23:55:11,00075D076C,K28
2021-07-08 23:55:56,0007AC80F1,K28
2021-07-08 23:56:31,0007ABA539,K28
2021-07-08 23:57:00,0006CC24E9,K28
2021-07-08 23:57:29,00079A0255,K28
2021-07-08 23:59:12,00075B29B2,K28
2021-07-09 00:00:24,0006CC24E9,K28
2021-07-09 00:00:26,00079A0255,K28
2021-07-09 00:00:35,0006CC24E9,K28
2021-07-09 00:00:40,00079A0255,K28
2021-07-09 00:00:48,0006CC24E9,K28
2021-07-09 00:02:07,00075B29B2,K28
2021-07-09 00:02:24,00075B29B2,K28
2021-07-09 00:02:38,00075B29B2,K28
2021-07-09 00:03:39,00071E15BF,K28
2021-07-09 00:08:58,00074EEC1A,K28
2021-07-09 00:13:56,000786B8A2,K28
2021-07-09 00:14:20,000783F377,K28
2021-07-09 00:14:50,0006E24ECA,K28
2021-07-09 00:15:41,00071E15BF,K28
2021-07-09 00:18:37,00079AAA3C,K28
2021-07-09 00:22:32,00071E15BF,K28
2021-07-09 00:22:55,000783F377,K28
2021-07-09 00:24:13,0007AC44BD,K28
2021-07-09 00:28:23,00079A0255,K28
2021-07-09 00:42:09,00071E15BF,K28
2021-07-09 00:48:48,000786B8A2,K28
2021-07-09 00:49:08,00075B22B0,K28
2021-07-09 00:55:43,00079A0255,K28
2021-07-09 00:57:50,00074F7C6F,K28
2021-07-09 00:58:09,00071E15BF,K28
2021-07-09 01:03:15,00071E15BF,K28
2021-07-09 01:03:54,0007ABD629,K28
2021-07-09 01:04:04,00074EEC1A,K28
2021-07-09 01:04:12,00075D076C,K28
2021-07-09 01:04:23,00075D076C,K28
2021-07-09 01:04:34,00075D076C,K28
2021-07-09 01:04:45,00075D076C,K28
2021-07-09 01:04:56,00075D076C,K28
2021-07-09 01:05:28,00075D076C,K28
2021-07-09 01:05:29,00071E15BF,K28
2021-07-09 01:05:39,00075D076C,K28
2021-07-09 01:05:42,0006E24ECA,K28
2021-07-09 01:05:49,0007AC44BD,K28
2021-07-09 01:06:00,0007AC44BD,K28
2021-07-09 01:09:41,0007AC44BD,K28
2021-07-09 01:09:52,0007AC44BD,K28
2021-07-09 01:10:21,0007ABD629,K28
2021-07-09 01:12:40,0007ABD629,K28
2021-07-09 01:12:57,0007ABD629,K28
2021-07-09 01:12:58,000786B8A2,K28
2021-07-09 01:13:10,000786B8A2,K28
2021-07-09 01:14:25,00075B22B0,K28
2021-07-09 01:15:02,000786B8A2,K28
2021-07-09 01:21:32,000786B8A2,K28
2021-07-09 02:05:11,00075D879F,K28
2021-07-09 02:05:31,00075D879F,K28
2021-07-09 03:39:22,0007ABA539,K28
2021-07-09 03:39:34,0007ABA539,K28
2021-07-09 04:05:28,00075B22B0,K28
2021-07-09 04:05:44,00075B22B0,K28
2021-07-09 21:23:49,00074F663E,K25
2021-07-09 21:23:54,0006B34FE4,K25
2021-07-09 21:25:56,0006CC24E9,K25
2021-07-09 21:26:03,00075D879F,K25
2021-07-09 21:26:56,00074F7C6F,K25
2021-07-09 21:28:05,000786D14D,K25
2021-07-09 21:28:39,00075CE063,K25
2021-07-09 21:30:19,0006B3BF04,K25
2021-07-09 21:32:42,00079A0255,K25
2021-07-09 21:33:14,00079A0255,K25
2021-07-09 21:33:22,0007ABDCCF,K25
2021-07-09 21:33:33,0007ABD629,K25
2021-07-09 21:33:39,00075B22B0,K25
2021-07-09 21:33:42,0007ABC5F2,K25
2021-07-09 21:33:49,0007ABD629,K25
2021-07-09 21:33:53,0007ABC5F2,K25
2021-07-09 21:34:04,0007ABC5F2,K25
2021-07-09 21:34:29,000799A5EF,K4
2021-07-09 21:34:33,0007AC44BD,K4
2021-07-09 21:37:17,0007ACAC37,K25
2021-07-09 21:37:48,000786B8A2,K25
2021-07-09 21:37:55,0006E24ECA,K25
2021-07-09 21:38:31,0007ABA539,K4
2021-07-09 21:38:53,0007AC418B,K25
2021-07-09 21:40:13,0007AC418B,K25
2021-07-09 21:40:34,00071E15BF,K25
2021-07-09 21:41:56,00075D076C,K25
2021-07-09 21:42:08,00071E15BF,K25
2021-07-09 21:42:20,0006E239ED,K4
2021-07-09 21:45:51,0007AC80F1,K4
2021-07-09 21:46:46,00074EEC1A,K25
2021-07-09 21:47:05,000783F429,K4
2021-07-09 21:47:09,000783F377,K4
2021-07-09 21:48:30,0006E241C1,K4
2021-07-09 21:52:09,0007AC3CC1,K25
2021-07-09 21:53:20,0007AC3CC1,K25
2021-07-09 21:56:04,000783F377,K4
2021-07-09 21:58:00,0006B3AC35,K4
2021-07-09 21:59:43,00079AAA3C,K4
2021-07-09 22:05:10,0006E239ED,K4
2021-07-09 22:05:54,000783F377,K4
2021-07-09 22:08:29,000786D14D,K25
2021-07-09 22:09:10,0007ABF44A,K25
2021-07-09 22:09:12,0007AC80F1,K4
2021-07-09 22:09:35,000786D14D,K4
2021-07-09 22:10:32,000799A5EF,K25
2021-07-09 22:16:39,00075B29B2,K4
2021-07-09 22:17:39,000799A5EF,K25
2021-07-09 22:17:51,000799A5EF,K25
2021-07-09 22:18:03,000799A5EF,K25
2021-07-09 22:18:46,000799A5EF,K4
2021-07-09 22:20:25,00079AAA3C,K4
2021-07-09 22:20:36,0006E239ED,K4
2021-07-09 22:21:49,000786D14D,K4
2021-07-09 22:21:55,0007AC80F1,K4
2021-07-09 22:25:29,0006B3BF04,K25
2021-07-09 22:25:44,000799A5EF,K4
2021-07-09 22:25:51,0007ABD629,K25
2021-07-09 22:32:32,0006E241C1,K4
2021-07-09 22:35:00,0006B3AC35,K4
2021-07-09 22:36:45,0006CC24E9,K25
2021-07-09 22:43:10,0006E241C1,K4
2021-07-09 22:44:19,0006B3BF04,K25
2021-07-09 22:44:34,00079A0255,K25
2021-07-09 22:45:32,0006E241C1,K25
2021-07-09 22:46:26,0006E241C1,K25
2021-07-09 22:47:47,0006E241C1,K25
2021-07-09 22:47:47,0007AC44BD,K4
2021-07-09 22:48:11,0006E241C1,K25
2021-07-09 22:48:51,0007ABDCCF,K25
2021-07-09 22:49:10,0006E241C1,K4
2021-07-09 22:49:23,0006E241C1,K4
2021-07-09 22:50:08,00074F663E,K25
2021-07-09 22:53:45,00079AAA3C,K25
2021-07-09 22:54:51,00074F7C6F,K4
2021-07-09 22:55:02,00074F7C6F,K4
2021-07-09 22:56:46,0007ABD629,K25
2021-07-09 22:59:27,00071E15BF,K25
2021-07-09 22:59:33,0006E241C1,K4
2021-07-09 23:00:02,0006B34FE4,K25
2021-07-09 23:03:12,00074EEC1A,K25
2021-07-09 23:04:27,0006E239ED,K4
2021-07-09 23:05:24,000783F377,K4
2021-07-09 23:05:42,0007ABD629,K25
2021-07-09 23:06:18,00075D879F,K25
2021-07-09 23:09:45,0007ACAC37,K4
2021-07-09 23:10:23,0006CC24E9,K25
2021-07-09 23:10:51,0007AC44BD,K4
2021-07-09 23:11:29,00079AAA3C,K4
2021-07-09 23:13:04,0006CC24E9,K4
2021-07-09 23:13:06,0007AC44BD,K25
2021-07-09 23:13:43,00074F7C6F,K25
2021-07-09 23:14:13,00079AAA3C,K4
2021-07-09 23:14:23,0006CC24E9,K4
2021-07-09 23:14:25,0007AC44BD,K25
2021-07-09 23:18:52,0007AC80F1,K4
2021-07-09 23:20:59,00071E2D31,K25
2021-07-09 23:23:20,00075CE063,K25
2021-07-09 23:24:31,00075B29B2,K4
2021-07-09 23:25:01,000783CB2B,K25
2021-07-09 23:27:19,00075CE063,K4
2021-07-09 23:27:24,0006B3AC35,K4
2021-07-09 23:29:14,0006B3AC35,K25
2021-07-09 23:29:40,0006B3AC35,K25
2021-07-09 23:30:12,0007ABC5F2,K25
2021-07-09 23:30:17,0007AC80F1,K4
2021-07-09 23:30:35,00075B29B2,K25
2021-07-09 23:32:04,00075CE063,K25
2021-07-09 23:33:11,00075CE063,K4
2021-07-09 23:33:49,0006E239ED,K4
2021-07-09 23:33:56,000786D14D,K25
2021-07-09 23:34:07,00079AAA3C,K25
2021-07-09 23:34:08,00075B22B0,K25
2021-07-09 23:34:46,0006E24ECA,K25
2021-07-09 23:34:50,00074EEC1A,K25
2021-07-09 23:35:28,0007ABC5F2,K4
2021-07-09 23:36:29,00075B29B2,K4
2021-07-09 23:39:24,00074EEC1A,K4
2021-07-09 23:39:28,00079AAA3C,K4
2021-07-09 23:40:18,000799A5EF,K4
2021-07-09 23:40:35,00079A0255,K25
2021-07-09 23:41:35,00074EEC1A,K4
2021-07-09 23:42:42,000786B8A2,K4
2021-07-09 23:42:50,0007ABA539,K4
2021-07-09 23:42:54,000786B8A2,K4
2021-07-09 23:43:34,00074EEC1A,K25
2021-07-09 23:45:15,00075CE063,K4
2021-07-09 23:45:52,00074EEC1A,K25
2021-07-09 23:46:22,00074EEC1A,K4
2021-07-09 23:46:49,0006B3BF04,K4
2021-07-09 23:47:45,000783F429,K4
2021-07-09 23:47:47,0006CC24E9,K25
2021-07-09 23:48:40,000786B8A2,K25
2021-07-09 23:49:28,000783F377,K4
2021-07-09 23:50:34,0006B3BF04,K4
2021-07-09 23:51:15,00079AAA3C,K4
2021-07-09 23:52:36,0006B3BF04,K25
2021-07-09 23:52:54,00074EEC1A,K4
2021-07-09 23:53:13,000799A5EF,K4
2021-07-09 23:57:04,0006CC24E9,K25
2021-07-09 23:57:29,0007AC44BD,K4
2021-07-09 23:57:58,00075B29B2,K25
2021-07-09 23:58:09,0006CC24E9,K4
2021-07-09 23:58:43,000786D14D,K4
2021-07-09 23:58:47,0006B3BF04,K25
2021-07-09 23:59:03,0006B3AC35,K4
2021-07-10 00:00:02,0007AC8787,K25
2021-07-10 00:04:00,0007ABF44A,K25
2021-07-10 00:04:16,0007ABDCCF,K25
2021-07-10 00:04:40,0006B3BF04,K25
2021-07-10 00:05:15,0006E241C1,K4
2021-07-10 00:08:12,00074F7C6F,K25
2021-07-10 00:09:07,00074F663E,K4
2021-07-10 00:09:36,0007ABDCCF,K4
2021-07-10 00:09:41,0006B3BF04,K25
2021-07-10 00:09:52,00075B22B0,K4
2021-07-10 00:09:53,0006B3BF04,K25
2021-07-10 00:10:53,0007AC8787,K25
2021-07-10 00:11:14,000786B8A2,K4
2021-07-10 00:11:49,0006B3BF04,K4
2021-07-10 00:13:44,0007ABC5F2,K4
2021-07-10 00:14:58,0007ABDCCF,K25
2021-07-10 00:15:32,00075B22B0,K25
2021-07-10 00:15:42,0007ABDCCF,K4
2021-07-10 00:15:43,00075B22B0,K25
2021-07-10 00:15:55,00074F663E,K25
2021-07-10 00:16:53,00074EEC1A,K25
2021-07-10 00:19:08,00074EEC1A,K25
2021-07-10 00:20:06,0006B34FE4,K4
2021-07-10 00:20:30,000783CB2B,K25
2021-07-10 00:20:35,00075D879F,K25
2021-07-10 00:20:59,0007ABA539,K4
2021-07-10 00:21:14,00074F663E,K4
2021-07-10 00:21:20,0007ABD629,K4
2021-07-10 00:23:43,0007AC80F1,K25
2021-07-10 00:23:51,0006B34FE4,K25
2021-07-10 00:24:10,00074F7C6F,K4
2021-07-10 00:24:27,0007ABD629,K4
2021-07-10 00:24:59,0007AC44BD,K4
2021-07-10 00:25:41,00075B22B0,K4
2021-07-10 00:26:49,00075D076C,K25
2021-07-10 00:27:33,0007AC80F1,K4
2021-07-10 00:28:10,00074F663E,K4
2021-07-10 00:29:00,0007ABDCCF,K4
2021-07-10 00:29:46,0007ABD629,K25
2021-07-10 00:32:22,00075D879F,K4
2021-07-10 00:32:23,00079AAA3C,K4
2021-07-10 00:32:24,0006B34FE4,K25
2021-07-10 00:32:35,00075D076C,K4
2021-07-10 00:33:34,0006B34FE4,K4
2021-07-10 00:33:47,0007ABD629,K4
2021-07-10 00:36:10,00075D076C,K25
2021-07-10 00:36:20,0007AC80F1,K4
2021-07-10 00:38:55,00075D076C,K25
2021-07-10 00:44:06,0006E239ED,K4
2021-07-10 00:44:24,00079AAA3C,K4
2021-07-10 00:47:46,0006E241C1,K4
2021-07-10 00:49:14,000783F377,K4
2021-07-10 00:51:31,00074EEC1A,K25
2021-07-10 00:51:32,0006B3BF04,K4
2021-07-10 00:51:36,0007ABF44A,K4
2021-07-10 00:53:34,0007ABC5F2,K4
2021-07-10 00:53:40,0006B34FE4,K4
2021-07-10 00:54:04,0007ABD629,K4
2021-07-10 00:54:28,00074EEC1A,K25
2021-07-10 00:55:18,00075D076C,K4
2021-07-10 00:55:31,00074EEC1A,K4
2021-07-10 00:55:50,0006E24C7B,K4
2021-07-10 00:57:09,0006E24C7B,K4
2021-07-10 00:57:20,0006E24C7B,K4
2021-07-10 00:57:38,0006E24C7B,K4
2021-07-10 00:59:44,000783CB2B,K25
2021-07-10 01:00:01,00074F7C6F,K25
2021-07-10 01:00:53,00074F7C6F,K4
2021-07-10 01:03:38,0006CC24E9,K4
2021-07-10 01:03:47,000783CB2B,K4
2021-07-10 01:04:03,0006E24C7B,K4
2021-07-10 01:06:56,00074EEC1A,K4
2021-07-10 01:07:23,000783CB2B,K4
2021-07-10 01:10:44,0007ABF44A,K4
2021-07-10 01:11:14,00079A0255,K25
2021-07-10 01:13:39,000783CB2B,K25
2021-07-10 01:13:50,000783CB2B,K25
2021-07-10 01:14:01,000783CB2B,K25
2021-07-10 01:14:12,000783CB2B,K25
2021-07-10 01:14:25,0007AC44BD,K4
2021-07-10 01:14:28,0007ABC809,K4
2021-07-10 01:14:55,00079A0255,K4
2021-07-10 01:15:37,000783CB2B,K4
2021-07-10 01:16:37,000783F377,K4
2021-07-10 01:22:41,00074EEC1A,K25
2021-07-10 01:24:39,00075CE063,K4
2021-07-10 01:25:01,00074F7C6F,K4
2021-07-10 01:25:01,00074EEC1A,K25
2021-07-10 01:25:44,00074EEC1A,K4
2021-07-10 01:25:49,00079A0255,K25
2021-07-10 01:26:06,000783CB2B,K4
2021-07-10 01:27:30,0006B3AC35,K4
2021-07-10 01:34:18,00079A0255,K4
2021-07-10 01:34:58,000799A5EF,K4
2021-07-10 01:38:15,00071E15BF,K25
2021-07-10 01:39:56,0007AC44BD,K4
2021-07-10 01:40:29,000786D14D,K4
2021-07-10 01:42:17,0006E24ECA,K25
2021-07-10 01:43:06,0007ABD629,K25
2021-07-10 01:47:17,0007ABD629,K4
2021-07-10 01:51:28,0007AC8787,K25
2021-07-10 01:55:22,000799A5EF,K4
2021-07-10 01:55:56,0007AC80F1,K4
2021-07-10 01:58:10,000788A24D,K4
2021-07-10 01:58:25,0006E24ECA,K25
2021-07-10 01:59:33,00074EEC1A,K4
2021-07-10 02:02:11,00075B29B2,K25
2021-07-10 02:03:53,0007AC80F1,K4
2021-07-10 02:06:26,00075B29B2,K4
2021-07-10 02:06:34,0007AC8787,K25
2021-07-10 02:06:37,0006B3AC35,K25
2021-07-10 02:07:02,00079AAA3C,K4
2021-07-10 02:08:46,00075B22B0,K4
2021-07-10 02:08:56,0007AC8787,K4
2021-07-10 02:09:40,000783F429,K4
2021-07-10 02:10:22,00075B29B2,K25
2021-07-10 02:10:43,00075B29B2,K25
2021-07-10 02:11:30,0006CC24E9,K4
2021-07-10 02:11:43,000786B8A2,K4
2021-07-10 02:12:22,000786B8A2,K4
2021-07-10 02:12:31,0006B34FE4,K4
2021-07-10 02:13:29,0007ABD4DC,K4
2021-07-10 02:13:52,000788A24D,K4
2021-07-10 02:14:55,00079AAA3C,K4
2021-07-10 02:17:10,00075B22B0,K4
2021-07-10 02:18:31,0007ABDCCF,K4
2021-07-10 02:18:52,00075B22B0,K25
2021-07-10 02:18:56,0007AC3CC1,K4
2021-07-10 02:19:08,00075B29B2,K4
2021-07-10 02:19:44,0006E241C1,K4
2021-07-10 02:19:55,00075D879F,K4
2021-07-10 02:20:12,0007AC5939,K4
2021-07-10 02:21:10,0006B3AC35,K4
2021-07-10 02:21:24,0007AC8787,K4
2021-07-10 02:21:54,0007AC5939,K4
2021-07-10 02:22:10,0007ACAC37,K4
2021-07-10 02:25:54,0006B3BF04,K4
2021-07-10 02:30:56,0006B34FE4,K4
2021-07-10 02:31:28,0007ABA539,K4
2021-07-10 02:33:36,00071E15BF,K4
2021-07-10 02:37:05,00071E15BF,K4
2021-07-10 02:37:35,00074F663E,K4
2021-07-10 02:38:53,0007AC44BD,K4
2021-07-10 02:41:11,00071E15BF,K25
2021-07-10 02:41:22,00071E15BF,K25
2021-07-10 02:41:33,00071E15BF,K25
2021-07-10 02:41:44,00071E15BF,K25
2021-07-10 02:41:55,00071E15BF,K25
2021-07-10 02:42:16,00071E15BF,K25
2021-07-10 02:42:27,00071E15BF,K25
2021-07-10 02:45:17,00071E15BF,K4
2021-07-10 02:45:23,0006B3BF04,K4
2021-07-10 02:46:19,000786B8A2,K4
2021-07-10 02:50:30,0006E241C1,K4
2021-07-10 02:50:34,000783F377,K4
2021-07-10 02:52:52,0007ABD629,K4
2021-07-10 02:56:20,0007ABC5F2,K4
2021-07-10 03:01:28,0007ABA539,K4
2021-07-10 03:01:31,0007AC44BD,K4
2021-07-10 03:01:59,000786D14D,K4
2021-07-10 03:02:14,00075CE063,K4
2021-07-10 03:02:21,0007AC80F1,K4
2021-07-10 03:03:52,00071E15BF,K4
2021-07-10 03:04:07,00079AAA3C,K4
2021-07-10 03:05:12,000783CB2B,K4
2021-07-10 03:09:27,0006E24ECA,K25
2021-07-10 03:12:13,000783F377,K4
2021-07-10 03:12:36,00075B22B0,K4
2021-07-10 03:13:07,0006E239ED,K4
2021-07-10 03:13:14,00079AAA3C,K4
2021-07-10 03:13:28,0006E24ECA,K4
2021-07-10 03:15:39,0006E24ECA,K4
2021-07-10 03:16:01,0007AC80F1,K4
2021-07-10 03:16:15,000786D14D,K4
2021-07-10 03:16:53,00074EEC1A,K4
2021-07-10 03:17:55,0007ABF44A,K4
2021-07-10 03:18:16,00079A0255,K4
2021-07-10 03:19:08,000786B8A2,K4
2021-07-10 03:20:53,000783CB2B,K4
2021-07-10 03:23:41,000799A5EF,K4
2021-07-10 03:31:18,0006B3AC35,K4
2021-07-10 03:32:42,00075B22B0,K4
2021-07-10 03:32:48,00074EEC1A,K4
2021-07-10 03:35:10,0006E24ECA,K4
2021-07-10 03:35:22,0006E239ED,K4
2021-07-10 03:36:40,00075D879F,K4
2021-07-10 03:39:01,000799A5EF,K4
2021-07-10 03:39:37,0007ABDCCF,K4
2021-07-10 03:55:04,00074F7C6F,K4
2021-07-10 03:56:28,00075B29B2,K4
2021-07-10 04:07:35,00074EEC1A,K4
2021-07-10 04:17:10,0006B3BF04,K4
2021-07-10 04:28:26,0007AC3CC1,K4
2021-07-10 04:31:27,0007AC5939,K4
2021-07-10 04:31:53,00071E15BF,K4
2021-07-10 04:34:48,0007ABC5F2,K4
2021-07-10 04:37:58,0007AC44BD,K4
2021-07-10 04:39:06,0007AC80F1,K4
2021-07-10 04:42:41,000799A5EF,K4
2021-07-10 04:48:28,0006CC24E9,K4
2021-07-10 04:48:38,00075B22B0,K4
2021-07-10 04:50:00,00074F663E,K4
2021-07-10 04:50:18,0007AC418B,K4
2021-07-10 04:50:33,000783F377,K4
2021-07-10 04:52:14,0006E241C1,K4
2021-07-10 04:52:33,0006E239ED,K4
2021-07-10 04:54:36,0006B3AC35,K4
2021-07-10 04:56:01,0007AC8787,K4
2021-07-10 04:56:23,00079AAA3C,K4
2021-07-10 04:56:36,0006B3AC35,K4
2021-07-10 04:57:09,0007ABA539,K4
2021-07-10 04:57:22,000788A24D,K4
2021-07-10 04:58:05,0007AC418B,K4
2021-07-10 05:00:13,0006E24C7B,K4
2021-07-10 05:04:04,0006B3AC35,K4
2021-07-10 05:04:15,0006B3AC35,K4
2021-07-10 05:21:34,0007AC8787,K4
2021-07-10 05:23:20,0007AC8787,K4
2021-07-10 05:23:31,0007AC8787,K4
2021-07-10 19:38:05,0007AC0387,K4
2021-07-10 20:54:41,000786B8A2,K4
2021-07-10 20:58:44,000799A5EF,K4
2021-07-10 20:59:02,000799A5EF,K4
2021-07-10 20:59:28,000799A5EF,K4
2021-07-10 20:59:47,000799A5EF,K4
2021-07-10 20:59:51,0007ABA539,K4
2021-07-10 21:00:02,0007ABA539,K4
2021-07-10 21:00:07,00074F663E,K4
2021-07-10 21:00:12,000799A5EF,K4
2021-07-10 21:00:22,00074EEC1A,K4
2021-07-10 21:00:33,00074EEC1A,K4
2021-07-10 21:00:44,00074EEC1A,K4
2021-07-10 21:00:55,00074EEC1A,K4
2021-07-10 21:01:06,00074EEC1A,K4
2021-07-10 21:01:17,00074EEC1A,K4
2021-07-10 21:01:21,00074F7C6F,K4
2021-07-10 21:01:42,0006B3BF04,K4
2021-07-10 21:01:45,0006E241C1,K4
2021-07-10 21:01:57,0007ABDCCF,K4
2021-07-10 21:01:59,0006B34FE4,K4
2021-07-10 21:01:59,0007ABC5F2,K4
2021-07-10 21:02:03,0007AC44BD,K4
2021-07-10 21:02:07,000786D14D,K4
2021-07-10 21:03:29,00074F7C6F,K4
2021-07-10 21:03:41,000786D14D,K4
2021-07-10 21:03:52,000786D14D,K4
2021-07-10 21:04:09,00074F7C6F,K4
2021-07-10 21:04:11,000786D14D,K4
2021-07-10 21:04:30,00079AAA3C,K4
2021-07-10 21:04:42,0007ACAC37,K4
2021-07-10 21:04:54,0007ACAC37,K4
2021-07-10 21:05:00,000786B8A2,K4
2021-07-10 21:05:05,0007ACAC37,K4
2021-07-10 21:05:16,0007ACAC37,K4
2021-07-10 21:05:18,0007AC8787,K4
2021-07-10 21:05:18,0007ABC809,K4
2021-07-10 21:05:30,0007ACAC37,K4
2021-07-10 21:05:37,00079AAA3C,K4
2021-07-10 21:05:49,0006B3AC35,K4
2021-07-10 21:06:01,0006B3AC35,K4
2021-07-10 21:06:05,00075CE063,K4
2021-07-10 21:06:08,00075D879F,K4
2021-07-10 21:07:00,00074F7C6F,K4
2021-07-10 21:07:13,00074F7C6F,K4
2021-07-10 21:10:36,0006CC24E9,K4
2021-07-10 21:11:25,00075B22B0,K4
2021-07-10 21:11:42,000786D14D,K4
2021-07-10 21:12:03,000786D14D,K4
2021-07-10 21:12:15,00074F7C6F,K4
2021-07-10 21:12:26,000786D14D,K4
2021-07-10 21:12:37,000786D14D,K4
2021-07-10 21:12:48,000786D14D,K4
2021-07-10 21:12:56,0006E239ED,K4
2021-07-10 21:13:18,0006E239ED,K4
2021-07-10 21:13:46,00075B22B0,K4
2021-07-10 21:14:13,00079A0255,K4
2021-07-10 21:14:24,00079A0255,K4
2021-07-10 21:14:58,000783CB2B,K4
2021-07-10 21:15:43,000783CB2B,K4
2021-07-10 21:17:12,00075B22B0,K4
2021-07-10 21:18:02,000783CB2B,K4
2021-07-10 21:20:23,0007ACAC37,K4
2021-07-10 21:20:44,0006B3AC35,K4
2021-07-10 21:21:13,0006E239ED,K4
2021-07-10 21:21:32,0007AC5939,K4
2021-07-10 21:21:38,00075B22B0,K4
2021-07-10 21:21:43,0007AC80F1,K4
2021-07-10 21:23:01,00079AAA3C,K4
2021-07-10 21:26:46,0006E24ECA,K4
2021-07-10 21:28:40,0007AC0387,K4
2021-07-10 21:28:44,0006E24ECA,K4
2021-07-10 21:29:13,00079AAA3C,K4
2021-07-10 21:29:34,00075D076C,K4
2021-07-10 21:29:45,00079A0255,K4
2021-07-10 21:31:57,000783F429,K4
2021-07-10 21:31:59,00071E15BF,K4
2021-07-10 21:32:02,0007ABF44A,K4
2021-07-10 21:32:23,00071E15BF,K4
2021-07-10 21:34:02,00075D076C,K4
2021-07-10 21:34:20,00079A0255,K4
2021-07-10 21:34:36,0007ABD629,K4
2021-07-10 21:35:45,00079A0255,K4
2021-07-10 21:37:17,0007ABD4DC,K4
2021-07-10 21:38:20,00079A0255,K4
2021-07-10 21:40:23,0007AC3CC1,K4
2021-07-10 21:44:14,0007ABD4DC,K4
2021-07-10 22:25:02,000783F377,K4
2021-07-10 22:26:27,0007AC44BD,K4
2021-07-10 22:26:46,00074EEC1A,K4
2021-07-10 22:28:11,0006B3BF04,K4
2021-07-10 22:30:15,00074EEC1A,K4
2021-07-10 22:31:17,000799A5EF,K4
2021-07-10 22:32:19,0006E241C1,K4
2021-07-10 22:32:24,0007AC44BD,K4
2021-07-10 22:36:17,000783F377,K4
2021-07-10 22:36:37,0006E241C1,K4
2021-07-10 22:37:02,0006B3BF04,K4
2021-07-10 22:37:23,000799A5EF,K4
2021-07-10 22:46:21,0007ABA539,K4
2021-07-10 22:48:25,00074F7C6F,K4
2021-07-10 22:51:43,0007ABC5F2,K4
2021-07-10 22:51:52,000786B8A2,K4
2021-07-10 22:54:19,0006CC24E9,K4
2021-07-10 22:56:10,0007ABDCCF,K4
2021-07-10 22:56:29,0006B34FE4,K4
2021-07-10 22:56:36,0007ABA539,K4
2021-07-10 22:57:28,000786D14D,K4
2021-07-10 23:02:14,00074F663E,K4
2021-07-10 23:02:53,0007ABA539,K4
2021-07-10 23:04:37,0007ABA539,K4
2021-07-10 23:04:59,00075D879F,K4
2021-07-10 23:06:40,0006B3AC35,K4
2021-07-10 23:06:43,000786B8A2,K4
2021-07-10 23:08:19,0006E239ED,K4
2021-07-10 23:08:45,000786B8A2,K4
2021-07-10 23:09:42,0006E24ECA,K4
2021-07-10 23:10:15,0007AC80F1,K4
2021-07-10 23:11:39,00079AAA3C,K4
2021-07-10 23:11:42,0007AC44BD,K4
2021-07-10 23:15:24,0007AC80F1,K4
2021-07-10 23:17:53,00075B22B0,K4
2021-07-10 23:18:51,00074EEC1A,K4
2021-07-10 23:19:21,00075D879F,K4
2021-07-10 23:19:22,0006E239ED,K4
2021-07-10 23:19:55,00079AAA3C,K4
2021-07-10 23:20:55,00074EEC1A,K4
2021-07-10 23:23:28,0006E24ECA,K4
2021-07-10 23:23:49,00071E15BF,K4
2021-07-10 23:27:33,00074F7C6F,K4
2021-07-10 23:27:58,000783CB2B,K4
2021-07-10 23:28:34,0007AC44BD,K4
2021-07-10 23:32:22,0006E24ECA,K4
2021-07-10 23:32:50,00075CE063,K4
2021-07-10 23:36:12,00071E15BF,K4
2021-07-10 23:40:59,00075B29B2,K4
2021-07-10 23:42:39,0007ABF44A,K4
2021-07-10 23:45:02,0006B3BF04,K4
2021-07-10 23:46:55,000786B8A2,K4
2021-07-10 23:47:37,0006B34FE4,K4
2021-07-10 23:50:31,00079A0255,K4
2021-07-10 23:51:15,0007ABDCCF,K4
2021-07-10 23:52:49,0006B3BF04,K4
2021-07-10 23:52:59,0007ABC5F2,K4
2021-07-10 23:53:01,0007ABA539,K4
2021-07-10 23:54:00,00074EEC1A,K4
2021-07-10 23:55:56,0007ABA539,K4
2021-07-10 23:57:56,0007ABA539,K4
2021-07-10 23:59:06,0007ABC5F2,K4
2021-07-11 00:00:25,0007ABA539,K4
2021-07-11 00:01:45,00074F7C6F,K4
2021-07-11 00:02:22,0007ABD629,K4
2021-07-11 00:02:41,00079AAA3C,K4
2021-07-11 00:02:45,000783F377,K4
2021-07-11 00:02:50,000786D14D,K4
2021-07-11 00:05:10,00075B22B0,K4
2021-07-11 00:05:25,0007ABD629,K4
2021-07-11 00:05:31,0007AC80F1,K4
2021-07-11 00:05:56,00074EEC1A,K4
2021-07-11 00:06:14,00074F7C6F,K4
2021-07-11 00:06:34,00074F7C6F,K4
2021-07-11 00:06:46,00074F7C6F,K4
2021-07-11 00:06:57,00074F7C6F,K4
2021-07-11 00:07:08,00074F7C6F,K4
2021-07-11 00:07:23,00074F7C6F,K4
2021-07-11 00:09:39,0006CC24E9,K4
2021-07-11 00:11:01,0007AC80F1,K4
2021-07-11 00:11:44,0006E239ED,K4
2021-07-11 00:13:23,000786D14D,K4
2021-07-11 00:15:46,000799A5EF,K4
2021-07-11 00:18:14,000786B8A2,K4
2021-07-11 00:20:36,0006E239ED,K4
2021-07-11 00:23:51,000799A5EF,K4
2021-07-11 00:24:02,000799A5EF,K4
2021-07-11 00:39:16,0006E241C1,K4
2021-07-11 00:39:53,000786B8A2,K4
2021-07-11 00:40:02,0007ABF44A,K4
2021-07-11 00:40:24,00074F663E,K4
2021-07-11 00:40:31,0007ABF44A,K4
2021-07-11 00:40:42,0007ABF44A,K4
2021-07-11 00:41:19,000783F377,K4
2021-07-11 00:42:11,00074EEC1A,K4
2021-07-11 00:43:12,0006CC24E9,K4
2021-07-11 00:43:46,0007AC44BD,K4
2021-07-11 00:46:55,000788A24D,K4
2021-07-11 00:54:54,000783CB2B,K4
2021-07-11 00:55:31,000783CB2B,K4
2021-07-11 00:57:44,00074F663E,K4
2021-07-11 00:58:15,00071E15BF,K4
2021-07-11 01:03:42,0006CC24E9,K4
2021-07-11 01:05:48,0006B3BF04,K4
2021-07-11 01:06:13,000783F429,K4
2021-07-11 01:08:33,000786D14D,K4
2021-07-11 01:09:37,0006E239ED,K4
2021-07-11 01:10:11,0007ABC5F2,K4
2021-07-11 01:17:08,00075D076C,K4
2021-07-11 01:26:30,00079AAA3C,K4
2021-07-11 01:31:01,000799A5EF,K4
2021-07-11 01:59:59,0007ABDCCF,K4
2021-07-11 02:02:52,0006B34FE4,K4
2021-07-11 02:03:39,00079A0255,K4
2021-07-11 02:28:54,00079AAA3C,K4
2021-07-11 02:49:25,0007AC44BD,K4
2021-07-11 02:50:04,000786D14D,K4
2021-07-11 02:53:57,0007ABD629,K4
2021-07-11 02:54:07,00075CE063,K4
2021-07-11 02:54:09,00074EEC1A,K4
2021-07-11 02:54:12,0007ABDCCF,K4
2021-07-11 02:54:41,00075D879F,K4
2021-07-11 02:56:01,0006E241C1,K4
2021-07-11 02:56:08,0007AC0387,K4
2021-07-11 02:56:25,00074F663E,K4
2021-07-11 02:58:28,0007AC44BD,K4
2021-07-11 03:02:23,00074EEC1A,K4
2021-07-11 03:03:51,00074F663E,K4
2021-07-11 03:04:02,00074F663E,K4
2021-07-11 03:04:45,00074EEC1A,K4
2021-07-11 03:05:16,0006E241C1,K4
2021-07-11 03:06:54,0007AC44BD,K4
2021-07-11 03:06:57,000799A5EF,K4
2021-07-11 03:07:04,000788A24D,K4
2021-07-11 03:07:28,000786D14D,K4
2021-07-11 03:08:17,00075B22B0,K4
2021-07-11 03:14:18,0006B3BF04,K4
2021-07-11 03:20:13,00075D879F,K4
2021-07-11 03:23:53,0007ABD629,K4
2021-07-11 03:26:06,0006CC24E9,K4
2021-07-11 03:27:47,00071E15BF,K4
2021-07-11 03:27:59,00071E15BF,K4
2021-07-11 03:28:50,000786D14D,K4
2021-07-11 03:30:55,0006CC24E9,K4
2021-07-11 03:33:40,0006B3BF04,K4
2021-07-11 03:34:42,0006CC24E9,K4
2021-07-11 03:38:24,0006E241C1,K4
2021-07-11 03:40:09,0006B3BF04,K4
2021-07-11 03:40:12,0007ABDCCF,K4
2021-07-11 03:42:17,00071E15BF,K4
2021-07-11 03:43:04,0007ABDCCF,K4
2021-07-11 03:45:35,0007AC80F1,K4
2021-07-11 03:46:45,00071E15BF,K4
2021-07-11 03:58:57,0007AC80F1,K4
2021-07-11 04:08:39,00075B22B0,K4
2021-07-11 04:15:47,000786D14D,K4
2021-07-11 04:28:27,0006B34FE4,K4
2021-07-11 04:31:33,000786D14D,K4
2021-07-11 04:54:10,0007AC80F1,K4
2021-07-11 21:34:35,0007ABA539,K95
2021-07-11 21:36:11,00074F7C6F,K95
2021-07-11 21:36:30,00074F663E,K95
2021-07-11 21:37:10,0006CC24E9,K17
2021-07-11 21:37:40,000786D14D,K17
2021-07-11 21:37:53,00079A0255,K4
2021-07-11 21:38:23,0006B3BF04,K95
2021-07-11 21:38:46,00075D879F,K95
2021-07-11 21:40:01,0007AC80F1,K4
2021-07-11 21:40:13,0007AC80F1,K4
2021-07-11 21:40:57,0006B34FE4,K17
2021-07-11 21:42:01,0006E239ED,K17
2021-07-11 21:43:34,0007ABD629,K17
2021-07-11 21:44:03,0007AC44BD,K17
2021-07-11 21:44:32,00074EEC1A,K17
2021-07-11 21:45:23,0006E241C1,K4
2021-07-11 21:46:13,0007ABDCCF,K17
2021-07-11 21:46:24,0007ABDCCF,K17
2021-07-11 21:46:30,000783F429,K17
2021-07-11 21:46:51,0007ABF44A,K95
2021-07-11 21:46:54,0007ACAC37,K95
2021-07-11 21:47:25,000783CB2B,K95
2021-07-11 21:47:42,0007AC418B,K4
2021-07-11 21:48:30,00075B22B0,K17
2021-07-11 21:49:17,0006E241C1,K4
2021-07-11 21:49:39,000786B8A2,K17
2021-07-11 21:49:56,00071E15BF,K17
2021-07-11 21:50:13,0007AC3CC1,K17
2021-07-11 21:51:13,0007ABC5F2,K95
2021-07-11 21:51:23,00075D076C,K95
2021-07-11 21:52:02,0006B3AC35,K95
2021-07-11 21:52:19,0007ABC5F2,K17
2021-07-11 21:54:33,000799A5EF,K4
2021-07-11 21:55:30,0007ABC5F2,K17
2021-07-11 21:58:48,00075D076C,K4
2021-07-11 21:58:59,00075D076C,K4
2021-07-11 22:01:55,000799A5EF,K4
2021-07-11 22:05:12,00075D076C,K95
2021-07-11 22:06:14,00075CE063,K4
2021-07-11 22:11:23,00079AAA3C,K17
2021-07-11 22:15:55,00075CE063,K4
2021-07-11 22:16:26,00075B29B2,K4
2021-07-11 22:21:44,0006E24ECA,K4
2021-07-11 22:21:45,00079AAA3C,K17
2021-07-11 22:22:11,0006E24ECA,K17
2021-07-11 22:23:00,0006E24ECA,K17
2021-07-11 22:35:33,000786B8A2,K17
2021-07-11 22:44:06,0006E241C1,K95
2021-07-11 22:45:37,0006E241C1,K95
2021-07-11 22:45:47,0007AC80F1,K95
2021-07-11 22:46:20,00079A0255,K95
2021-07-11 22:47:54,0006E241C1,K4
2021-07-11 22:48:03,00074F663E,K95
2021-07-11 22:51:37,000786B8A2,K17
2021-07-11 22:52:49,0006E241C1,K4
2021-07-11 22:52:51,000799A5EF,K95
2021-07-11 22:52:53,0007AC80F1,K4
2021-07-11 22:53:03,0006E241C1,K95
2021-07-11 22:53:49,0007AC80F1,K95
2021-07-11 22:53:50,00079A0255,K4
2021-07-11 22:54:14,00079A0255,K95
2021-07-11 22:54:39,000799A5EF,K95
2021-07-11 22:55:27,0006B3AC35,K17
2021-07-11 22:56:18,000799A5EF,K4
2021-07-11 22:56:50,0006B3AC35,K17
2021-07-11 22:58:15,000799A5EF,K4
2021-07-11 22:58:27,000799A5EF,K4
2021-07-11 22:59:34,000799A5EF,K4
2021-07-11 22:59:45,000799A5EF,K4
2021-07-11 22:59:56,000799A5EF,K4
2021-07-11 23:00:07,000799A5EF,K4
2021-07-11 23:00:18,000799A5EF,K4
2021-07-11 23:00:25,00075B29B2,K17
2021-07-11 23:02:01,00079AAA3C,K17
2021-07-11 23:02:10,00074F7C6F,K95
2021-07-11 23:02:54,00079A0255,K95
2021-07-11 23:03:45,0006E239ED,K17
2021-07-11 23:04:04,00075B29B2,K4
2021-07-11 23:04:13,0007AC44BD,K17
2021-07-11 23:05:28,00079AAA3C,K17
2021-07-11 23:05:34,0007AC80F1,K95
2021-07-11 23:05:58,00075D879F,K95
2021-07-11 23:06:39,0006CC24E9,K17
2021-07-11 23:07:51,000786D14D,K17
2021-07-11 23:09:11,0006E241C1,K95
2021-07-11 23:09:19,000783CB2B,K17
2021-07-11 23:09:45,0007ABDCCF,K17
2021-07-11 23:11:40,0006B3AC35,K95
2021-07-11 23:14:02,000799A5EF,K95
2021-07-11 23:14:25,0007ABC5F2,K17
2021-07-11 23:16:30,00074EEC1A,K17
2021-07-11 23:17:15,0006E239ED,K17
2021-07-11 23:17:28,0007ABD629,K17
2021-07-11 23:18:04,0007AC44BD,K17
2021-07-11 23:19:06,000783CB2B,K95
2021-07-11 23:20:01,000783CB2B,K17
2021-07-11 23:20:39,0007ABD629,K95
2021-07-11 23:21:18,000783F377,K95
2021-07-11 23:24:09,0007ABA539,K95
2021-07-11 23:24:14,000786D14D,K17
2021-07-11 23:24:42,00071E15BF,K17
2021-07-11 23:25:08,000783F377,K95
2021-07-11 23:25:47,00075B29B2,K17
2021-07-11 23:27:15,0006B3BF04,K95
2021-07-11 23:28:32,00075B22B0,K95
2021-07-11 23:28:52,00075B22B0,K95
2021-07-11 23:29:34,00075B22B0,K95
2021-07-11 23:30:37,00079AAA3C,K95
2021-07-11 23:31:02,00079AAA3C,K17
2021-07-11 23:31:57,000783F377,K95
2021-07-11 23:32:00,00074F663E,K17
2021-07-11 23:32:08,00071E15BF,K17
2021-07-11 23:32:13,00074F663E,K95
2021-07-11 23:32:32,000783F377,K17
2021-07-11 23:33:04,0007AC3CC1,K95
2021-07-11 23:33:14,000783F377,K17
2021-07-11 23:34:28,00079AAA3C,K17
2021-07-11 23:35:12,00079AAA3C,K95
2021-07-11 23:36:24,0007AC8787,K95
2021-07-11 23:36:32,0007ABF44A,K95
2021-07-11 23:36:46,00074EEC1A,K17
2021-07-11 23:38:35,0006B34FE4,K95
2021-07-11 23:38:46,0006B34FE4,K95
2021-07-11 23:41:51,00075B22B0,K17
2021-07-11 23:42:09,00074F663E,K95
2021-07-11 23:42:14,0007ABA539,K95
2021-07-11 23:42:20,0007AC8787,K95
2021-07-11 23:42:23,00079AAA3C,K95
2021-07-11 23:43:03,0006CC24E9,K17
2021-07-11 23:43:28,0006B3BF04,K95
2021-07-11 23:43:44,0006CC24E9,K95
2021-07-11 23:44:35,0006CC24E9,K95
2021-07-11 23:45:29,0006B34FE4,K4
2021-07-11 23:46:24,00075CE063,K95
2021-07-11 23:48:18,00075CE063,K95
2021-07-11 23:49:00,0006E24C7B,K17
2021-07-11 23:49:29,0006E24C7B,K17
2021-07-11 23:51:36,00075CE063,K4
2021-07-11 23:55:03,0006E24ECA,K4
2021-07-11 23:56:16,0006E24ECA,K17
2021-07-11 23:57:01,000786B8A2,K17
2021-07-11 23:58:20,00074F7C6F,K95
2021-07-11 23:59:09,0007ABF44A,K95
2021-07-11 23:59:58,000786D14D,K95
2021-07-12 00:00:40,000786D14D,K17
2021-07-12 00:01:39,0006B34FE4,K17
2021-07-12 00:01:55,00075D076C,K95
2021-07-12 00:10:56,0007AC44BD,K17
2021-07-12 00:11:43,000786B8A2,K17
2021-07-12 00:14:09,000786B8A2,K95
2021-07-12 00:14:50,000786B8A2,K17
2021-07-12 00:17:31,000786B8A2,K17
2021-07-12 00:18:02,000786B8A2,K95
2021-07-12 00:20:52,00075CE063,K95
2021-07-12 00:23:20,00074F663E,K95
2021-07-12 00:26:40,0006E239ED,K95
2021-07-12 00:26:40,0007ABDCCF,K17
2021-07-12 00:27:28,0007ABC5F2,K17
2021-07-12 00:27:30,00074F7C6F,K95
2021-07-12 00:27:36,0006E239ED,K17
2021-07-12 00:27:50,000786B8A2,K95
2021-07-12 00:27:51,0007ABD629,K17
2021-07-12 00:28:16,0007ABD629,K95
2021-07-12 00:29:34,0007ABD629,K95
2021-07-12 00:34:11,0006CC24E9,K17
2021-07-12 00:35:02,00079AAA3C,K95
2021-07-12 00:35:22,0007AC44BD,K17
2021-07-12 00:35:40,00075D879F,K95
2021-07-12 00:35:48,00074F663E,K95
2021-07-12 00:36:46,0006E24ECA,K17
2021-07-12 00:37:07,0006B3AC35,K95
2021-07-12 00:37:22,00075D879F,K17
2021-07-12 00:37:24,00075B29B2,K17
2021-07-12 00:39:39,0007AC5939,K95
2021-07-12 00:41:00,0007ACAC37,K95
2021-07-12 00:42:14,0007AC80F1,K95
2021-07-12 00:42:35,000783CB2B,K95
2021-07-12 00:42:46,0007ACAC37,K17
2021-07-12 00:43:42,0007ACAC37,K17
2021-07-12 00:47:01,00074EEC1A,K95
2021-07-12 00:49:15,000786B8A2,K95
2021-07-12 00:49:38,0007AC5939,K95
2021-07-12 00:50:11,00079AAA3C,K95
2021-07-12 00:50:17,000783F377,K95
2021-07-12 00:50:39,000786B8A2,K95
2021-07-12 00:50:48,0006E241C1,K95
2021-07-12 00:51:05,0006B34FE4,K95
2021-07-12 00:51:29,00074EEC1A,K95
2021-07-12 00:52:21,0007ABDCCF,K17
2021-07-12 00:52:26,00074EEC1A,K17
2021-07-12 00:53:16,0007ABF44A,K95
2021-07-12 00:54:18,0007AC80F1,K95
2021-07-12 00:54:20,0006E239ED,K17
2021-07-12 00:54:38,0007ABC5F2,K17
2021-07-12 00:55:39,0006B34FE4,K17
2021-07-12 00:57:55,00075B29B2,K17
2021-07-12 00:58:17,00075B29B2,K95
2021-07-12 00:59:29,00074EEC1A,K17
2021-07-12 01:00:00,00075B29B2,K95
2021-07-12 01:00:01,00074EEC1A,K95
2021-07-12 01:00:16,00071E15BF,K95
2021-07-12 01:00:48,00075B29B2,K95
2021-07-12 01:00:55,00074EEC1A,K95
2021-07-12 01:00:57,000783CB2B,K17
2021-07-12 01:01:16,00074EEC1A,K17
2021-07-12 01:02:31,00079A0255,K95
2021-07-12 01:02:35,00075B29B2,K17
2021-07-12 01:03:08,000783CB2B,K17
2021-07-12 01:03:17,00071E15BF,K95
2021-07-12 01:03:20,0006CC24E9,K17
2021-07-12 01:03:44,00071E15BF,K17
2021-07-12 01:04:06,0006CC24E9,K95
2021-07-12 01:04:12,00075B29B2,K17
2021-07-12 01:04:30,00075B29B2,K95
2021-07-12 01:05:19,0007AC3CC1,K95
2021-07-12 01:05:38,00071E2D31,K95
2021-07-12 01:06:22,0006B3BF04,K95
2021-07-12 01:07:51,0006B34FE4,K17
2021-07-12 01:08:17,0006B34FE4,K95
2021-07-12 01:11:00,0007AC44BD,K17
2021-07-12 01:12:00,00074EEC1A,K17
2021-07-12 01:12:48,00074EEC1A,K95
2021-07-12 01:14:38,00075B29B2,K95
2021-07-12 01:15:34,00075B22B0,K17
2021-07-12 01:15:47,00071E15BF,K17
2021-07-12 01:16:07,00071E15BF,K95
2021-07-12 01:16:57,0006E241C1,K95
2021-07-12 01:17:58,0006B34FE4,K95
2021-07-12 01:21:48,00071E15BF,K17
2021-07-12 01:22:45,0006E24C7B,K17
2021-07-12 01:23:04,0007ABA539,K95
2021-07-12 01:23:22,0006E24C7B,K17
2021-07-12 01:24:31,0007ABD629,K95
2021-07-12 01:24:38,0006B3BF04,K95
2021-07-12 01:25:16,0006B3BF04,K17
2021-07-12 01:25:29,0007ABD629,K17
2021-07-12 01:25:29,000786B8A2,K95
2021-07-12 01:26:02,0006B3BF04,K17
2021-07-12 01:27:19,000786B8A2,K95
2021-07-12 01:29:27,0007AC44BD,K17
2021-07-12 01:30:42,0007AC44BD,K95
2021-07-12 01:30:56,000799A5EF,K95
2021-07-12 01:31:21,0007ABDCCF,K17
2021-07-12 01:31:36,00071E15BF,K17
2021-07-12 01:32:19,00071E15BF,K95
2021-07-12 01:32:45,0007AC44BD,K95
2021-07-12 01:33:11,00075CE063,K95
2021-07-12 01:33:24,00071E15BF,K17
2021-07-12 01:34:03,0007ABD629,K17
2021-07-12 01:34:32,0007AC44BD,K17
2021-07-12 01:34:52,0007ABD629,K95
2021-07-12 01:35:19,0007ABDCCF,K17
2021-07-12 01:35:59,00075D879F,K95
2021-07-12 01:36:06,0006CC24E9,K95
2021-07-12 01:36:10,0007AC44BD,K17
2021-07-12 01:37:17,00075D879F,K17
2021-07-12 01:37:42,0007ABDCCF,K17
2021-07-12 01:37:57,00071E15BF,K17
2021-07-12 01:38:15,0007ABDCCF,K95
2021-07-12 01:38:30,00071E15BF,K95
2021-07-12 01:38:55,00071E15BF,K95
2021-07-12 01:39:21,00071E15BF,K17
2021-07-12 01:39:33,0007AC44BD,K17
2021-07-12 01:40:09,00075CE063,K95
2021-07-12 01:40:22,00075CE063,K95
2021-07-12 01:40:34,0007AC44BD,K95
2021-07-12 01:40:43,0007ABC5F2,K95
2021-07-12 01:40:53,0007ABD4DC,K95
2021-07-12 01:41:33,0007ABC5F2,K17
2021-07-12 01:41:52,00071E15BF,K17
2021-07-12 01:42:33,000799A5EF,K95
2021-07-12 01:43:14,000786D14D,K95
2021-07-12 01:43:15,00071E15BF,K95
2021-07-12 01:44:12,000786D14D,K17
2021-07-12 01:44:30,0006B3AC35,K17
2021-07-12 01:44:34,00074F663E,K95
2021-07-12 01:44:49,0006B3AC35,K95
2021-07-12 01:45:48,0007ABC5F2,K17
2021-07-12 01:46:03,0007ABC5F2,K17
2021-07-12 01:46:24,00074F7C6F,K95
2021-07-12 01:46:34,0007ABC5F2,K95
2021-07-12 01:47:20,000786D14D,K17
2021-07-12 01:48:46,000783CB2B,K95
2021-07-12 01:49:05,000786D14D,K95
2021-07-12 01:49:47,0007AC0387,K95
2021-07-12 01:49:49,00071E15BF,K95
2021-07-12 01:49:53,0007ABDCCF,K95
2021-07-12 01:49:59,0007AC44BD,K95
2021-07-12 01:50:10,0007ABD629,K95
2021-07-12 01:51:02,00079AAA3C,K95
2021-07-12 01:51:52,0007ABA539,K95
2021-07-12 01:53:32,0006E24ECA,K17
2021-07-12 01:57:55,00075CE063,K95
2021-07-12 01:59:08,00075D879F,K17
2021-07-12 01:59:29,0006B3AC35,K95
2021-07-12 02:00:06,00074EEC1A,K95
2021-07-12 02:03:18,00079AAA3C,K95
2021-07-12 02:04:08,00071E2D31,K95
2021-07-12 02:05:45,000786D14D,K95
2021-07-12 02:06:37,0006E239ED,K17
2021-07-12 02:09:38,0007ABC5F2,K95
2021-07-12 02:10:02,0007ABC5F2,K17
2021-07-12 02:11:07,0007ABC5F2,K17
2021-07-12 02:12:39,0006E239ED,K17
2021-07-12 02:13:31,0007ABC809,K17
2021-07-12 02:15:11,0006B34FE4,K95
2021-07-12 02:15:14,0006E24ECA,K95
2021-07-12 02:15:18,000786B8A2,K95
2021-07-12 02:16:21,0006E239ED,K95
2021-07-12 02:17:13,00075D879F,K95
2021-07-12 02:21:12,000783F429,K95
2021-07-12 02:23:20,00071E2D31,K95
2021-07-12 02:23:26,00075D076C,K95
2021-07-12 02:23:31,0007AC418B,K95
2021-07-12 02:25:25,00074EEC1A,K95
2021-07-12 02:26:16,0006CC24E9,K95
2021-07-12 02:26:52,000783F377,K17
2021-07-12 02:27:09,000783F377,K95
2021-07-12 02:27:43,00075B22B0,K17
2021-07-12 02:28:07,0007ABF44A,K95
2021-07-12 02:30:10,0007AC80F1,K95
2021-07-12 02:32:27,000783F429,K95
2021-07-12 02:35:15,0007AC44BD,K95
2021-07-12 02:36:04,0006B3BF04,K95
2021-07-12 02:36:31,000786B8A2,K95
2021-07-12 02:39:01,0006E239ED,K95
2021-07-12 02:40:56,0007AC3CC1,K95
2021-07-12 02:43:35,000783F377,K95
2021-07-12 02:44:26,00075B29B2,K95
2021-07-12 02:44:44,00075B29B2,K95
2021-07-12 02:45:11,00075B29B2,K17
2021-07-12 02:45:27,00075B29B2,K17
2021-07-12 02:46:18,00075B29B2,K95
2021-07-12 02:46:32,00079A0255,K95
2021-07-12 02:47:16,00074EEC1A,K95
2021-07-12 02:49:25,0006E241C1,K95
2021-07-12 02:50:35,0007AC8787,K95
2021-07-12 02:53:15,0007AC44BD,K95
2021-07-12 02:54:18,0006B3BF04,K95
2021-07-12 02:56:10,000786B8A2,K95
2021-07-12 02:56:44,0007AC8787,K95
2021-07-12 02:58:30,000786B8A2,K95
2021-07-12 02:59:58,00075B22B0,K95
2021-07-12 03:05:43,000783CB2B,K95
2021-07-12 03:06:58,0007ABD629,K95
2021-07-12 03:08:37,000786D14D,K95
2021-07-12 03:08:51,0006B34FE4,K95
2021-07-12 03:09:06,00079AAA3C,K95
2021-07-12 03:11:04,00075D879F,K95
2021-07-12 03:11:29,00075B29B2,K95
2021-07-12 03:12:04,0006E241C1,K95
2021-07-12 03:12:07,00074F7C6F,K95
2021-07-12 03:12:12,0007ABDCCF,K95
2021-07-12 03:13:10,0006E24ECA,K95
2021-07-12 03:13:46,0007ABC5F2,K95
2021-07-12 03:14:37,0006CC24E9,K95
2021-07-12 03:20:06,00079AAA3C,K95
2021-07-12 03:21:56,000799A5EF,K95
2021-07-12 03:23:16,00075D879F,K95
2021-07-12 03:25:35,000799A5EF,K95
2021-07-12 03:38:09,00074F663E,K95
2021-07-12 03:39:01,0006B3AC35,K95
2021-07-12 03:40:37,0007AC44BD,K95
2021-07-12 03:41:05,0007ABC5F2,K95
2021-07-12 03:45:26,00071E2D31,K95
2021-07-12 03:54:52,0007AC44BD,K95
2021-07-12 03:55:00,0007ABD629,K95
2021-07-12 03:57:23,00071E2D31,K95
2021-07-12 03:57:35,00071E2D31,K95
2021-07-12 04:00:40,00075CE063,K95
2021-07-12 04:08:27,0007ABC5F2,K95
2021-07-12 04:14:49,0006E24ECA,K95
2021-07-12 04:18:22,0007AC3CC1,K95
2021-07-12 04:21:30,00075CE063,K95
2021-07-12 04:28:57,0006CC24E9,K95
2021-07-12 04:37:05,0007ABD629,K95
2021-07-12 04:38:32,00074EEC1A,K95
2021-07-12 04:38:56,0006E24C7B,K95
2021-07-12 04:39:16,0006E24C7B,K95
2021-07-12 04:43:08,0007AC5939,K95
2021-07-12 04:43:48,0006B3AC35,K95
2021-07-12 04:45:42,0007AC44BD,K95
2021-07-12 04:48:51,0006B3BF04,K95
2021-07-12 04:50:56,000783F429,K95
2021-07-12 04:53:31,000799A5EF,K95
2021-07-12 04:54:09,00079AAA3C,K95
2021-07-12 04:56:33,0006E241C1,K95
2021-07-12 04:57:31,000786B8A2,K95
2021-07-12 05:00:40,00071E2D31,K95
2021-07-12 05:01:04,0007AC8787,K95
2021-07-12 05:01:20,0007AC8787,K95
2021-07-12 05:02:42,0007ABA539,K95
2021-07-12 05:03:59,000783CB2B,K95
2021-07-12 05:17:59,0007AC8787,K95
2021-07-12 21:11:47,00075D879F,K95
2021-07-12 21:12:01,00075D879F,K95
2021-07-12 21:12:47,00074F7C6F,K95
2021-07-12 21:12:58,00074F7C6F,K95
2021-07-12 21:13:17,000786B8A2,K95
2021-07-12 21:15:24,0007ABA539,K95
2021-07-12 21:15:40,0007AC8787,K95
2021-07-12 21:15:45,00075D879F,K95
2021-07-12 21:16:04,000786B8A2,K95
2021-07-12 21:17:11,000786B8A2,K95
2021-07-12 21:17:25,000786B8A2,K95
2021-07-12 21:18:05,00074EEC1A,K95
2021-07-12 21:18:16,000788A24D,K95
2021-07-12 21:18:18,0006B34FE4,K95
2021-07-12 21:18:29,000786B8A2,K95
2021-07-12 21:19:14,00075CE063,K95
2021-07-12 21:19:46,000799A5EF,K95
2021-07-12 21:20:01,00075B22B0,K95
2021-07-12 21:20:30,00074F663E,K95
2021-07-12 21:20:38,000783F377,K95
2021-07-12 21:20:40,0007ABC809,K95
2021-07-12 21:20:45,00079AAA3C,K95
2021-07-12 21:20:47,00075CE063,K95
2021-07-12 21:20:52,000799A5EF,K95
2021-07-12 21:21:02,0006B3AC35,K95
2021-07-12 21:21:16,0006B3AC35,K95
2021-07-12 21:21:19,0006E241C1,K95
2021-07-12 21:23:34,0006E24ECA,K95
2021-07-12 21:26:45,0006CC24E9,K95
2021-07-12 21:27:38,0006E24ECA,K95
2021-07-12 21:27:52,0006E24ECA,K95
2021-07-12 21:28:01,0007ABC5F2,K95
2021-07-12 21:28:06,0006E24ECA,K95
2021-07-12 21:28:11,000783CB2B,K95
2021-07-12 21:28:21,00075D076C,K95
2021-07-12 21:28:24,0007ABF44A,K95
2021-07-12 21:28:27,0007AC0387,K95
2021-07-12 21:29:12,0007ABD629,K95
2021-07-12 21:29:23,0007ABD629,K95
2021-07-12 21:29:24,0007AC44BD,K95
2021-07-12 21:29:55,0007ABDCCF,K95
2021-07-12 21:29:58,0007ABD629,K95
2021-07-12 21:30:38,0007ABDCCF,K95
2021-07-12 21:30:45,0007ABD629,K95
2021-07-12 21:30:49,0007ACAC37,K95
2021-07-12 21:31:33,000786D14D,K95
2021-07-12 21:32:12,0007ABC5F2,K95
2021-07-12 21:32:16,00075B29B2,K95
2021-07-12 21:33:54,0006E24ECA,K95
2021-07-12 21:34:03,00075B29B2,K95
2021-07-12 21:34:25,00075B29B2,K95
2021-07-12 21:34:41,0007AC80F1,K95
2021-07-12 21:34:43,0007AC418B,K95
2021-07-12 21:35:11,00071E15BF,K95
2021-07-12 21:38:39,0007AC5939,K95
2021-07-12 21:40:33,0007AC3CC1,K95
2021-07-12 21:40:35,00079A0255,K95
2021-07-12 21:42:39,0006E239ED,K95
2021-07-12 21:48:30,000783F429,K95
2021-07-12 21:48:47,00071E2D31,K95
2021-07-12 21:48:58,00071E2D31,K95
2021-07-12 22:00:54,0006E24C7B,K76
2021-07-12 22:39:35,000786B8A2,K95
2021-07-12 22:44:42,0007AC44BD,K95
2021-07-12 22:48:12,0007ABC5F2,K95
2021-07-12 22:48:32,0007AC44BD,K95
2021-07-12 22:48:40,000783CB2B,K95
2021-07-12 22:49:10,000786B8A2,K95
2021-07-12 22:51:36,0007ABC5F2,K95
2021-07-12 22:54:38,00074EEC1A,K95
2021-07-12 22:54:43,0006CC24E9,K95
2021-07-12 22:59:06,00074EEC1A,K95
2021-07-12 23:03:28,000799A5EF,K95
2021-07-12 23:04:30,0006CC24E9,K95
2021-07-12 23:06:16,00074F663E,K95
2021-07-12 23:08:52,000799A5EF,K95
2021-07-12 23:09:58,00079AAA3C,K95
2021-07-12 23:16:46,0006E241C1,K95
2021-07-12 23:18:31,0007AC44BD,K95
2021-07-12 23:19:34,00079AAA3C,K95
2021-07-12 23:20:48,0007ABDCCF,K95
2021-07-12 23:22:55,0006E241C1,K95
2021-07-12 23:24:35,000783CB2B,KB3
2021-07-12 23:24:54,0006B34FE4,KB3
2021-07-12 23:24:59,0007ABDCCF,KB3
2021-07-12 23:25:18,0006B34FE4,KB3
2021-07-12 23:25:22,0006E239ED,K95
2021-07-12 23:25:29,0006B34FE4,KB3
2021-07-12 23:25:30,0006B3BF04,K95
2021-07-12 23:26:25,0007ABDCCF,KB3
2021-07-12 23:26:32,0006B34FE4,KB3
2021-07-12 23:26:52,000783CB2B,KB3
2021-07-12 23:27:52,0007AC44BD,K95
2021-07-12 23:29:12,00074F7C6F,K95
2021-07-12 23:32:19,00074EEC1A,K95
2021-07-12 23:32:33,00075CE063,K95
2021-07-12 23:33:44,000783F377,K95
2021-07-12 23:34:07,000783F377,K95
2021-07-12 23:34:18,000783F377,K95
2021-07-12 23:35:45,0006B34FE4,K95
2021-07-12 23:36:48,0006E24ECA,K95
2021-07-12 23:36:58,0006B3BF04,K95
2021-07-12 23:37:50,0007ABA539,K95
2021-07-12 23:38:07,000786D14D,K95
2021-07-12 23:43:30,00075D076C,K95
2021-07-12 23:45:59,00074EEC1A,K95
2021-07-12 23:46:58,0007ABF44A,K95
2021-07-12 23:48:23,0006E24ECA,K95
2021-07-12 23:50:57,000783CB2B,K95
2021-07-12 23:54:04,000786B8A2,K95
2021-07-12 23:55:22,000799A5EF,K95
2021-07-12 23:59:39,0007ABF44A,K95
2021-07-13 00:00:48,000786B8A2,K95
2021-07-13 00:01:37,00075B22B0,K95
2021-07-13 00:03:04,000799A5EF,K95
2021-07-13 00:12:47,00074F7C6F,K95
2021-07-13 00:14:00,0006CC24E9,K95
2021-07-13 00:15:11,0007ABA539,KB3
2021-07-13 00:15:22,00075B29B2,K95
2021-07-13 00:23:33,0007ABD629,K95
2021-07-13 00:25:38,0006B34FE4,K95
2021-07-13 00:31:33,00079A0255,K95
2021-07-13 00:32:24,0007ABC5F2,K95
2021-07-13 00:35:43,0006CC24E9,K95
2021-07-13 00:37:08,0006B34FE4,K95
2021-07-13 00:38:57,0007AC44BD,K95
2021-07-13 00:43:47,0007ABC5F2,K95
2021-07-13 00:47:04,00074F7C6F,K95
2021-07-13 00:48:00,0007ABDCCF,K95
2021-07-13 00:50:35,00071E15BF,K95
2021-07-13 00:53:37,0006E241C1,K95
2021-07-13 00:53:40,0007AC44BD,K95
2021-07-13 00:57:33,00074F663E,K95
2021-07-13 00:58:46,0007ABDCCF,K95
2021-07-13 00:58:50,000783F377,K95
2021-07-13 01:00:54,00075D879F,K95
2021-07-13 01:02:33,00074F7C6F,K95
2021-07-13 01:02:44,000786B8A2,K95
2021-07-13 01:03:13,0006E241C1,K95
2021-07-13 01:07:31,0006B3BF04,K95
2021-07-13 01:09:56,0006E24ECA,K95
2021-07-13 01:16:36,0006E239ED,K95
2021-07-13 01:20:11,0006B3BF04,K95
2021-07-13 01:22:17,0006E24ECA,K95
2021-07-13 01:22:19,00079AAA3C,K95
2021-07-13 01:23:52,000786D14D,KB3
2021-07-13 01:24:01,0006B3BF04,KB3
2021-07-13 01:24:06,00075CE063,KB3
2021-07-13 01:24:17,00075D076C,K95
2021-07-13 01:25:06,0006E24ECA,KB3
2021-07-13 01:25:19,0006B3BF04,KB3
2021-07-13 01:25:21,00074EEC1A,KB3
2021-07-13 01:25:30,0006B3BF04,KB3
2021-07-13 01:25:41,0006B3BF04,KB3
2021-07-13 01:26:30,0006E24ECA,KB3
2021-07-13 01:26:36,0006B3BF04,KB3
2021-07-13 01:26:59,00075CE063,KB3
2021-07-13 01:27:14,000786D14D,KB3
2021-07-13 01:27:21,00075D076C,KB3
2021-07-13 01:27:21,000783CB2B,K95
2021-07-13 01:27:29,0006E24ECA,KB3
2021-07-13 01:27:37,00075D076C,KB3
2021-07-13 01:28:19,00075D076C,KB3
2021-07-13 01:28:45,0007AC80F1,K95
2021-07-13 01:28:51,0006B3BF04,KB3
2021-07-13 01:29:11,00074EEC1A,KB3
2021-07-13 01:29:17,0007ABA539,K95
2021-07-13 01:29:24,00075D076C,KB3
2021-07-13 01:30:04,00074EEC1A,K95
2021-07-13 01:30:23,00079AAA3C,K95
2021-07-13 01:31:10,0006B3BF04,KB3
2021-07-13 01:31:17,0007ABF44A,K95
2021-07-13 01:31:19,0006E239ED,KB3
2021-07-13 01:31:44,00074F663E,KB3
2021-07-13 01:32:22,00074F663E,KB3
2021-07-13 01:32:33,0006E239ED,KB3
2021-07-13 01:32:45,0006B3BF04,KB3
2021-07-13 01:34:05,0006B3AC35,K95
2021-07-13 01:34:08,000786D14D,K95
2021-07-13 01:34:41,0006E24ECA,K95
2021-07-13 01:36:25,0006E24ECA,KB3
2021-07-13 01:37:09,0007ABA539,KB3
2021-07-13 01:37:55,000786D14D,K95
2021-07-13 01:38:00,0007ABA539,KB3
2021-07-13 01:38:37,00074EEC1A,K95
2021-07-13 01:38:48,0006E24ECA,KB3
2021-07-13 01:38:59,0006E24ECA,KB3
2021-07-13 01:39:24,000786D14D,K95
2021-07-13 01:40:32,00075CE063,K95
2021-07-13 01:41:19,0007AC80F1,K95
2021-07-13 01:43:00,0006E24ECA,KB3
2021-07-13 01:43:00,0007ABA539,K95
2021-07-13 01:43:19,0006E24ECA,KB3
2021-07-13 01:43:36,0007ABC5F2,K95
2021-07-13 01:44:32,0007ABF44A,K95
2021-07-13 01:44:36,0006E24ECA,KB3
2021-07-13 01:44:47,00074F663E,K95
2021-07-13 01:46:20,000799A5EF,K95
2021-07-13 01:49:14,00074EEC1A,K95
2021-07-13 01:51:30,00074EEC1A,K95
2021-07-13 01:52:25,000786D14D,K95
2021-07-13 01:54:45,0007AC44BD,K95
2021-07-13 01:57:09,0006E239ED,K95
2021-07-13 01:58:59,000799A5EF,K95
2021-07-13 01:59:15,0006E24ECA,K95
2021-07-13 01:59:16,0006E239ED,KB3
2021-07-13 01:59:37,000786D14D,K95
2021-07-13 02:00:52,000783CB2B,K95
2021-07-13 02:02:19,0006CC24E9,K95
2021-07-13 02:05:37,000783F377,K95
2021-07-13 02:06:21,0007AC44BD,K95
2021-07-13 02:07:59,0007ABD629,K95
2021-07-13 02:09:13,0006E241C1,K95
2021-07-13 02:10:41,0006B34FE4,K95
2021-07-13 02:16:35,0006B3BF04,K95
2021-07-13 02:17:48,00079AAA3C,K95
2021-07-13 02:17:52,000786B8A2,K95
2021-07-13 02:19:02,00079A0255,K95
2021-07-13 02:20:03,0007ABA539,K95
2021-07-13 02:20:43,00075D879F,K95
2021-07-13 02:20:50,0007ABC5F2,K95
2021-07-13 02:20:55,00075B22B0,K95
2021-07-13 02:21:28,0006B34FE4,K95
2021-07-13 02:21:41,0006E241C1,K95
2021-07-13 02:22:02,00075B29B2,K95
2021-07-13 02:24:03,0007ABA539,K95
2021-07-13 02:24:10,0007ABF44A,K95
2021-07-13 02:25:19,00075D076C,KB3
2021-07-13 02:26:02,0007ABA539,KB3
2021-07-13 02:26:04,0007AC3CC1,KB3
2021-07-13 02:26:24,0007AC3CC1,KB3
2021-07-13 02:26:54,0007ABA539,KB3
2021-07-13 02:27:06,00074EEC1A,KB3
2021-07-13 02:27:30,0006B3BF04,K95
2021-07-13 02:27:58,00075D076C,KB3
2021-07-13 02:28:39,0007AC3CC1,KB3
2021-07-13 02:28:48,00079AAA3C,K95
2021-07-13 02:29:56,0007ABA539,K95
2021-07-13 02:31:15,0007ABDCCF,K95
2021-07-13 02:31:26,00079A0255,K95
2021-07-13 02:31:33,00074EEC1A,KB3
2021-07-13 02:32:43,00074EEC1A,K95
2021-07-13 02:32:51,000786B8A2,K95
2021-07-13 02:33:14,0007ABA539,K95
2021-07-13 02:34:00,000786D14D,K95
2021-07-13 02:34:03,000799A5EF,K95
2021-07-13 02:35:02,0007ABA539,KB3
2021-07-13 02:35:46,0007ABF44A,K95
2021-07-13 02:35:57,000786D14D,KB3
2021-07-13 02:36:25,000786D14D,KB3
2021-07-13 02:36:59,000786D14D,K95
2021-07-13 02:37:12,00074F7C6F,K95
2021-07-13 02:37:14,00071E2D31,KB3
2021-07-13 02:38:32,00075D076C,K95
2021-07-13 02:40:08,00075CE063,K95
2021-07-13 02:40:30,000786B8A2,K95
2021-07-13 02:40:33,0007ABDCCF,K95
2021-07-13 02:40:39,00071E15BF,K95
2021-07-13 02:41:28,000799A5EF,K95
2021-07-13 02:43:34,000786D14D,K95
2021-07-13 02:45:36,0007ABA539,KB3
2021-07-13 02:46:40,0007AC8787,KB3
2021-07-13 02:48:40,000783CB2B,KB3
2021-07-13 02:49:51,000783CB2B,KB3
2021-07-13 02:50:24,0007AC80F1,K95
2021-07-13 02:51:04,0006E24ECA,KB3
2021-07-13 02:52:24,00074EEC1A,K95
2021-07-13 02:52:38,000786D14D,K95
2021-07-13 02:54:00,0006B3AC35,KB3
2021-07-13 02:54:14,0006E24ECA,KB3
2021-07-13 02:54:23,0006B3AC35,KB3
2021-07-13 02:54:42,000786D14D,KB3
2021-07-13 02:55:00,0006E24ECA,K95
2021-07-13 02:55:39,0006B3AC35,K95
2021-07-13 02:55:54,00074F663E,K95
2021-07-13 02:55:55,000783CB2B,K95
2021-07-13 02:56:19,000786D14D,KB3
2021-07-13 02:56:37,00071E2D31,KB3
2021-07-13 02:56:43,000786B8A2,K95
2021-07-13 02:58:28,000783CB2B,KB3
2021-07-13 02:58:39,000786D14D,K95
2021-07-13 02:58:43,000783CB2B,KB3
2021-07-13 02:58:55,0007AC8787,KB3
2021-07-13 02:59:26,0007AC80F1,K95
2021-07-13 03:01:19,00075B29B2,K95
2021-07-13 03:03:42,0006E239ED,KB3
2021-07-13 03:03:47,000786D14D,KB3
2021-07-13 03:03:55,0007AC80F1,KB3
2021-07-13 03:04:51,0006E239ED,KB3
2021-07-13 03:05:26,0007AC80F1,KB3
2021-07-13 03:05:38,0007AC44BD,K95
2021-07-13 03:06:18,000786D14D,KB3
2021-07-13 03:06:35,0007ACAC37,K95
2021-07-13 03:09:08,000786D14D,K95
2021-07-13 03:09:19,000786D14D,K95
2021-07-13 03:09:31,000786D14D,K95
2021-07-13 03:09:42,000786D14D,K95
2021-07-13 03:09:56,0007AC80F1,K95
2021-07-13 03:11:48,0007AC44BD,K95
2021-07-13 03:12:02,000786D14D,KB3
2021-07-13 03:12:18,00075D879F,K95
2021-07-13 03:12:22,0007AC80F1,KB3
2021-07-13 03:12:48,0006B3AC35,K95
2021-07-13 03:15:57,0007AC80F1,K95
2021-07-13 03:16:06,0006E239ED,K95
2021-07-13 03:16:10,000799A5EF,K95
2021-07-13 03:16:15,00079AAA3C,K95
2021-07-13 03:16:56,000786D14D,KB3
2021-07-13 03:17:49,000783F377,K95
2021-07-13 03:17:59,0006E24ECA,K95
2021-07-13 03:18:30,0007ABD629,K95
2021-07-13 03:19:57,0006E24ECA,KB3
2021-07-13 03:21:26,000799A5EF,K95
2021-07-13 03:21:41,0006E24ECA,KB3
2021-07-13 03:22:10,0006B3AC35,KB3
2021-07-13 03:22:14,00075CE063,KB3
2021-07-13 03:22:56,0007ABDCCF,K95
2021-07-13 03:23:15,0006B3AC35,KB3
2021-07-13 03:23:34,00075CE063,KB3
2021-07-13 03:23:37,0006CC24E9,K95
2021-07-13 03:23:42,0006B3BF04,K95
2021-07-13 03:23:48,0007ABC5F2,K95
2021-07-13 03:24:12,00075CE063,K95
2021-07-13 03:24:48,00079AAA3C,K95
2021-07-13 03:25:20,00075B29B2,K95
2021-07-13 03:26:48,00075CE063,K95
2021-07-13 03:28:53,00074EEC1A,K95
2021-07-13 03:30:06,0007AC44BD,K95
2021-07-13 03:30:23,00075CE063,K95
2021-07-13 03:30:53,0007ABDCCF,K95
2021-07-13 03:32:47,0006B3BF04,K95
2021-07-13 03:36:24,00075D076C,KB3
2021-07-13 03:37:04,00075D076C,KB3
2021-07-13 03:37:05,0006CC24E9,K95
2021-07-13 03:37:35,000783CB2B,K95
2021-07-13 03:37:37,0007AC44BD,K95
2021-07-13 03:38:22,0007ABF44A,K95
2021-07-13 03:39:26,000783CB2B,KB3
2021-07-13 03:39:28,00074F663E,KB3
2021-07-13 03:39:29,0006E241C1,K95
2021-07-13 03:40:02,000783CB2B,KB3
2021-07-13 03:40:07,0007AC44BD,KB3
2021-07-13 03:40:21,00074F663E,KB3
2021-07-13 03:40:31,0007AC44BD,KB3
2021-07-13 03:40:35,00075CE063,K95
2021-07-13 03:40:57,0007AC44BD,KB3
2021-07-13 03:41:24,00074EEC1A,K95
2021-07-13 03:42:27,0006B34FE4,KB3
2021-07-13 03:42:29,00075D879F,KB3
2021-07-13 03:43:00,00075D879F,KB3
2021-07-13 03:43:19,00075D879F,KB3
2021-07-13 03:43:25,0006B34FE4,KB3
2021-07-13 03:43:44,00075D879F,KB3
2021-07-13 03:46:46,0006B34FE4,K95
2021-07-13 03:47:52,00075B22B0,K95
2021-07-13 03:48:26,00074F7C6F,K95
2021-07-13 03:51:57,00075D879F,K95
2021-07-13 03:53:25,00075D076C,K95
2021-07-13 03:53:47,0006E241C1,K95
2021-07-13 04:04:14,0006B3AC35,K95
2021-07-13 04:07:02,000783CB2B,K95
2021-07-13 04:14:27,0006B3AC35,K95
2021-07-13 04:18:31,0007ABA539,KB3
2021-07-13 04:33:02,0007ABA539,KB3
2021-07-13 04:49:49,0007AC5939,K95
2021-07-13 04:52:46,000788A24D,KB4
2021-07-13 04:52:57,000788A24D,KB4
2021-07-13 04:53:08,000788A24D,KB4
2021-07-13 04:53:31,000788A24D,KB4
2021-07-13 04:59:34,0007ACAC37,K95
2021-07-13 04:59:49,0007ABC5F2,K95
2021-07-13 05:00:41,0007ABD4DC,KB4
2021-07-13 05:01:00,00071E15BF,K95
2021-07-13 05:01:06,000788A24D,KB4
2021-07-13 05:01:50,0007ABD4DC,KB4
2021-07-13 05:02:25,0007ABD4DC,KB4
2021-07-13 05:03:43,00074EEC1A,K95
2021-07-13 05:04:18,0007ABD4DC,KB4
2021-07-13 05:04:25,0007AC80F1,K95
2021-07-13 05:04:41,0007ABD4DC,KB4
2021-07-13 05:04:57,000788A24D,KB4
2021-07-13 05:05:33,0007ABDCCF,K95
2021-07-13 05:05:40,0007AC44BD,K95
2021-07-13 05:05:53,000786B8A2,K95
2021-07-13 05:06:05,000799A5EF,K95
2021-07-13 05:06:09,0006E24ECA,KB3
2021-07-13 05:06:47,0006E24ECA,KB3
2021-07-13 05:07:02,0006E24C7B,KB3
2021-07-13 05:07:26,0006E24C7B,KB3
2021-07-13 05:07:27,0006CC24E9,K95
2021-07-13 05:07:32,0006E24ECA,K95
2021-07-13 05:07:38,0007ACAC37,KB3
2021-07-13 05:08:04,0007AC418B,KB3
2021-07-13 05:08:56,0007ABC809,KB3
2021-07-13 05:09:26,0007ABD4DC,KB3
2021-07-13 05:09:30,0006B34FE4,K95
2021-07-13 05:10:08,0006B34FE4,K95
2021-07-13 05:10:22,0006B34FE4,K95
2021-07-13 05:10:27,0006E241C1,K95
2021-07-13 05:10:56,0006B3BF04,K95
2021-07-13 05:10:58,0006B34FE4,K95
2021-07-13 05:11:12,0006B34FE4,K95
2021-07-13 05:11:32,0006E24C7B,KB3
2021-07-13 05:11:59,000788A24D,KB4
2021-07-13 05:12:00,0007AC0387,KB3
2021-07-13 05:12:14,000788A24D,KB4
2021-07-13 05:12:38,000788A24D,KB4
2021-07-13 05:12:52,000788A24D,KB4
2021-07-13 05:12:53,00079AAA3C,K95
2021-07-13 05:13:52,0007ABA539,KB3
2021-07-13 05:14:12,000786D14D,KB3
2021-07-13 05:14:15,000788A24D,KB4
2021-07-13 05:14:32,000788A24D,KB4
2021-07-13 05:14:54,00071E2D31,KB3
2021-07-13 05:15:06,000788A24D,KB4
2021-07-13 05:15:40,0007AC8787,KB3
2021-07-13 05:15:53,000788A24D,KB4
2021-07-13 05:16:21,000788A24D,KB4
2021-07-13 05:16:25,0007AC418B,KB3
2021-07-13 05:16:46,000788A24D,KB4
2021-07-13 05:17:05,000788A24D,KB3
2021-07-13 05:18:52,000783CB2B,KB3
2021-07-13 06:25:04,000786D14D,KB3
2021-07-13 09:41:21,0007AC418B,KB3
2021-07-13 10:02:24,0007AC0387,KB3
2021-07-13 10:02:36,0007AC0387,KB3
2021-07-13 21:34:47,000799A5EF,K95
2021-07-13 21:37:40,00074F7C6F,K95
2021-07-13 21:41:20,0007AC44BD,K95
2021-07-13 21:42:17,00074F663E,K95
2021-07-13 21:42:19,00075D879F,K95
2021-07-13 21:42:26,0006B34FE4,K95
2021-07-13 21:42:32,00075CE063,K95
2021-07-13 21:43:19,0006E241C1,K95
2021-07-13 21:43:49,0007ABDCCF,K95
2021-07-13 21:44:47,0007ABD629,K95
2021-07-13 21:45:05,00079AAA3C,K95
2021-07-13 21:45:47,0007AC0387,KB3
2021-07-13 21:46:18,000783CB2B,KB3
2021-07-13 21:46:34,0007ABC5F2,K95
2021-07-13 21:46:54,0007ABF44A,K95
2021-07-13 21:47:44,0007ACAC37,KB3
2021-07-13 21:47:55,0007ACAC37,KB3
2021-07-13 21:48:00,000783F377,K95
2021-07-13 21:48:13,0007AC418B,KB3
2021-07-13 21:48:39,0007ACAC37,KB3
2021-07-13 21:48:47,0007AC418B,KB3
2021-07-13 21:48:50,00079A0255,K95
2021-07-13 21:48:56,0007AC3CC1,K95
2021-07-13 21:49:01,0006E24ECA,K95
2021-07-13 21:49:46,00071E15BF,K95
2021-07-13 21:51:15,00075D076C,K95
2021-07-13 21:51:22,0006B3BF04,K95
2021-07-13 21:51:32,000783F429,K95
2021-07-13 21:51:41,0007ABC809,KB3
2021-07-13 21:51:50,00074EEC1A,K95
2021-07-13 21:52:28,000786B8A2,K95
2021-07-13 21:52:54,0007AC80F1,K95
2021-07-13 21:53:01,00075B22B0,K95
2021-07-13 21:53:38,0006B3AC35,K95
2021-07-13 21:54:07,0006E239ED,K95
2021-07-13 21:54:31,000786D14D,KB3
2021-07-13 21:55:03,0006E24C7B,KB3
2021-07-13 21:55:45,0007AC8787,KB3
2021-07-13 21:57:01,0007ABA539,KB3
2021-07-13 21:57:23,00075B29B2,K95
2021-07-13 21:57:47,0007ABD4DC,KB3
2021-07-13 21:58:11,000788A24D,KB3
2021-07-13 21:58:24,000788A24D,KB3
2021-07-13 21:58:35,000788A24D,KB3
2021-07-13 21:58:44,0006CC24E9,K95
2021-07-13 21:58:53,000788A24D,KB3
2021-07-13 21:59:25,00071E2D31,KB3
2021-07-13 21:59:36,00071E2D31,KB3
2021-07-13 22:00:16,000788A24D,KB3
2021-07-13 22:03:02,0007AC5939,K95
2021-07-13 22:05:27,000783CB2B,K95
2021-07-13 22:18:20,0007ABF44A,KB3
2021-07-13 22:19:21,0007ABF44A,KB3
2021-07-13 22:21:50,00079AAA3C,K95
2021-07-13 22:29:52,00075D879F,KB3
2021-07-13 22:30:30,00071E2D31,KB3
2021-07-13 22:30:32,0007ACAC37,KB3
2021-07-13 22:31:01,0007ABF44A,KB3
2021-07-13 22:31:25,00075D879F,KB3
2021-07-13 22:32:36,0007ACAC37,KB3
2021-07-13 22:32:42,0007ABF44A,KB3
2021-07-13 22:37:18,00079AAA3C,K95
2021-07-13 22:37:56,00071E2D31,KB3
2021-07-13 22:46:59,000786B8A2,K95
2021-07-13 22:51:56,000783CB2B,K95
2021-07-13 22:55:59,0007ABA539,KB3
2021-07-13 22:58:19,000786D14D,KB3
2021-07-13 22:59:05,00074EEC1A,K95
2021-07-13 22:59:16,00075D076C,KB3
2021-07-13 23:01:33,00075D076C,KB3
2021-07-13 23:02:00,00075D076C,KB3
2021-07-13 23:02:58,00071E2D31,KB3
2021-07-13 23:04:24,0007ABF44A,KB3
2021-07-13 23:04:41,0007AC418B,KB3
2021-07-13 23:05:41,0007ABF44A,KB3
2021-07-13 23:05:44,0007AC418B,KB3
2021-07-13 23:06:47,0007ACAC37,K95
2021-07-13 23:07:04,0006CC24E9,K95
2021-07-13 23:07:26,000786D14D,KB3
2021-07-13 23:11:54,00075D076C,KB3
2021-07-13 23:14:41,0007AC418B,K95
2021-07-13 23:14:57,00075D879F,KB3
2021-07-13 23:15:32,0006B34FE4,KB3
2021-07-13 23:15:41,0007AC418B,K95
2021-07-13 23:16:06,00074F663E,KB3
2021-07-13 23:16:11,0007AC44BD,KB3
2021-07-13 23:17:14,0006B34FE4,KB3
2021-07-13 23:17:24,0007ABF44A,K95
2021-07-13 23:17:25,0006B34FE4,KB3
2021-07-13 23:18:08,0007AC418B,KB3
2021-07-13 23:18:17,0007AC44BD,KB3
2021-07-13 23:18:28,00075D879F,KB3
2021-07-13 23:18:41,00074F663E,KB3
2021-07-13 23:19:22,0007AC44BD,K95
2021-07-13 23:19:42,0007AC418B,KB3
2021-07-13 23:20:14,00075D879F,K95
2021-07-13 23:20:38,00071E2D31,KB3
2021-07-13 23:21:58,0007ABA539,KB3
2021-07-13 23:23:48,00075D076C,K95
2021-07-13 23:25:08,00074EEC1A,K95
2021-07-13 23:27:01,00075D879F,KB3
2021-07-13 23:29:07,0007AC44BD,K95
2021-07-13 23:29:43,00074F663E,K95
2021-07-13 23:31:28,0007AC44BD,KB3
2021-07-13 23:32:05,0007AC44BD,KB3
2021-07-13 23:32:10,0007ABDCCF,K95
2021-07-13 23:37:03,00074F7C6F,K95
2021-07-13 23:39:18,0006B3BF04,K95
2021-07-13 23:39:21,00075D879F,KB3
2021-07-13 23:40:41,0006B3AC35,K95
2021-07-13 23:40:50,000786B8A2,K95
2021-07-13 23:42:31,00074EEC1A,KB3
2021-07-13 23:43:21,00074EEC1A,KB3
2021-07-13 23:45:12,000786B8A2,K95
2021-07-13 23:46:25,00075D076C,K95
2021-07-13 23:47:08,00075CE063,K95
2021-07-13 23:47:19,00075CE063,K95
2021-07-13 23:49:03,0007ABF44A,KB3
2021-07-13 23:49:09,00074EEC1A,K95
2021-07-13 23:49:52,0007ABF44A,KB3
2021-07-13 23:50:14,000799A5EF,K95
2021-07-13 23:50:20,000783F377,K95
2021-07-13 23:51:12,0006B3BF04,K95
2021-07-13 23:51:49,0007ABDCCF,K95
2021-07-13 23:52:41,0006B34FE4,K95
2021-07-13 23:53:12,00079AAA3C,K95
2021-07-13 23:53:40,0006B3BF04,KB3
2021-07-13 23:54:20,0006B3BF04,KB3
2021-07-13 23:59:00,0006E241C1,K95
2021-07-14 00:00:16,000799A5EF,K95
2021-07-14 00:01:41,00074EEC1A,K95
2021-07-14 00:03:29,00071E2D31,KB3
2021-07-14 00:06:29,00075CE063,K95
2021-07-14 00:08:14,00079AAA3C,K95
2021-07-14 00:08:17,00075B29B2,K95
2021-07-14 00:10:59,000786D14D,KE10
2021-07-14 00:11:17,0006E239ED,KE10
2021-07-14 00:11:23,000786D14D,K95
2021-07-14 00:11:30,0006E239ED,KE10
2021-07-14 00:13:20,000786D14D,KB3
2021-07-14 00:13:39,00075B22B0,K95
2021-07-14 00:14:15,0006E241C1,K95
2021-07-14 00:15:28,00071E2D31,KB3
2021-07-14 00:19:11,0006E24ECA,K95
2021-07-14 00:19:42,000786D14D,KB3
2021-07-14 00:21:24,0006E24ECA,KB3
2021-07-14 00:21:55,0006E24ECA,KB3
2021-07-14 00:22:40,0007ABC5F2,K95
2021-07-14 00:29:36,0006E239ED,K95
2021-07-14 00:29:43,000786D14D,K95
2021-07-14 00:29:52,00071E15BF,K95
2021-07-14 00:30:02,0007AC3CC1,KB3
2021-07-14 00:30:35,0007AC3CC1,KB3
2021-07-14 00:31:13,0006E239ED,KE9
2021-07-14 00:31:24,0006E239ED,KE9
2021-07-14 00:33:38,0007ACAC37,KB3
2021-07-14 00:33:51,0007ACAC37,KB3
2021-07-14 00:34:25,0007ABF44A,KB3
2021-07-14 00:34:46,0007ABF44A,KB3
2021-07-14 00:36:40,0007AC44BD,K95
2021-07-14 00:36:58,0007AC80F1,K95
2021-07-14 00:38:23,00075D879F,KB3
2021-07-14 00:38:36,0007AC8787,KB3
2021-07-14 00:39:02,000783F429,KB3
2021-07-14 00:39:12,0007AC80F1,KB3
2021-07-14 00:40:24,000786B8A2,K95
2021-07-14 00:40:44,0007ABF44A,K95
2021-07-14 00:40:57,000783F429,KB3
2021-07-14 00:41:02,0007AC80F1,KB3
2021-07-14 00:45:46,0007AC8787,KB3
2021-07-14 00:46:43,000783F429,KB3
2021-07-14 00:49:18,00074EEC1A,K95
2021-07-14 00:53:12,00079A0255,K95
2021-07-14 00:53:25,00074F7C6F,K95
2021-07-14 00:54:12,00075D879F,KB3
2021-07-14 00:56:09,000783F377,K95
2021-07-14 00:56:36,00079AAA3C,K95
2021-07-14 00:57:20,0007AC0387,K95
2021-07-14 00:57:49,000783F377,KE10
2021-07-14 00:58:28,000783F377,KE10
2021-07-14 00:59:26,00071E2D31,KB3
2021-07-14 00:59:32,0007AC44BD,K95
2021-07-14 01:04:11,00071E2D31,KB3
2021-07-14 01:05:17,00071E2D31,K95
2021-07-14 01:05:43,000786B8A2,K95
2021-07-14 01:09:52,0007ABF44A,K95
2021-07-14 01:13:45,000799A5EF,K95
2021-07-14 01:14:55,0007ABA539,KB3
2021-07-14 01:17:43,0006CC24E9,K95
2021-07-14 01:20:27,00075D879F,K95
2021-07-14 01:21:48,00074EEC1A,K95
2021-07-14 01:22:27,00075D879F,KB3
2021-07-14 01:22:35,000783F377,KB3
2021-07-14 01:23:05,00074F663E,K95
2021-07-14 01:23:30,000799A5EF,K95
2021-07-14 01:24:56,000799A5EF,KE9
2021-07-14 01:25:03,00074F663E,KB3
2021-07-14 01:25:14,000799A5EF,KE9
2021-07-14 01:25:43,000783F377,KB3
2021-07-14 01:26:22,00074F663E,KB3
2021-07-14 01:28:07,00075D879F,KB3
2021-07-14 01:30:05,0006B3BF04,K95
2021-07-14 01:30:34,0007ACAC37,K95
2021-07-14 01:30:59,0007ABA539,KB3
2021-07-14 01:33:11,000799A5EF,K95
2021-07-14 01:34:27,000799A5EF,K95
2021-07-14 01:36:12,0007ABA539,K95
2021-07-14 01:37:36,0007ABF44A,KB3
2021-07-14 01:37:53,000786D14D,K95
2021-07-14 01:38:02,0007ABF44A,KB3
2021-07-14 01:38:26,0007ABF44A,KB3
2021-07-14 01:39:01,0007ABA539,K95
2021-07-14 01:41:17,0007ABA539,KB3
2021-07-14 01:41:28,0007ABC5F2,KB3
2021-07-14 01:41:53,0007ABC5F2,KB3
2021-07-14 01:42:33,000783CB2B,K95
2021-07-14 01:43:33,0007ABC5F2,K95
2021-07-14 01:44:16,0007ABA539,KB3
2021-07-14 01:45:11,0006B3BF04,K95
2021-07-14 01:48:36,00074EEC1A,K95
2021-07-14 01:49:23,0006B3AC35,K95
2021-07-14 01:52:19,0007ABDCCF,K95
2021-07-14 01:55:35,0007ABDCCF,KB3
2021-07-14 01:56:09,0007ABDCCF,KB3
2021-07-14 01:56:11,0007ABC5F2,K95
2021-07-14 01:56:17,0007AC418B,K95
2021-07-14 01:56:23,0006E239ED,K95
2021-07-14 01:56:39,0006E239ED,KE9
2021-07-14 01:56:50,0006E239ED,K95
2021-07-14 01:57:25,000786D14D,K95
2021-07-14 01:57:31,000786B8A2,K95
2021-07-14 01:58:24,000783F377,KE10
2021-07-14 01:58:28,0007AC418B,KE10
2021-07-14 01:58:59,0007AC418B,KE10
2021-07-14 01:59:33,0007AC44BD,K95
2021-07-14 02:00:27,0006E24ECA,K95
2021-07-14 02:01:52,0006B3AC35,K95
2021-07-14 02:02:16,00075B29B2,KE10
2021-07-14 02:02:21,000783CB2B,KB3
2021-07-14 02:02:27,0007ABA539,K95
2021-07-14 02:02:31,0007ABC809,KE10
2021-07-14 02:02:33,000783CB2B,KB3
2021-07-14 02:03:02,0007ABC809,KE10
2021-07-14 02:03:25,00075B29B2,KE10
2021-07-14 02:03:42,0007ABC809,KE10
2021-07-14 02:09:35,00075B29B2,KE10
2021-07-14 02:10:33,00071E15BF,KE10
2021-07-14 02:10:42,000788A24D,K95
2021-07-14 02:10:49,00075D076C,K95
2021-07-14 02:13:06,00071E15BF,KE10
2021-07-14 02:13:19,0006E241C1,K95
2021-07-14 02:13:58,0006CC24E9,K95
2021-07-14 02:14:29,000783F377,KE10
2021-07-14 02:15:11,0007AC80F1,K95
2021-07-14 02:15:47,0006B34FE4,K95
2021-07-14 02:17:14,0007AC80F1,KB3
2021-07-14 02:17:32,0007AC80F1,KB3
2021-07-14 02:17:32,0007ABD629,K95
2021-07-14 02:19:37,0007AC44BD,K95
2021-07-14 02:21:30,0006E239ED,K95
2021-07-14 02:22:05,00074EEC1A,K95
2021-07-14 02:22:20,00071E2D31,K95
2021-07-14 02:23:03,0006E24ECA,K95
2021-07-14 02:23:56,00075CE063,K95
2021-07-14 02:28:45,00074F7C6F,K95
2021-07-14 02:30:13,00075B29B2,K95
2021-07-14 02:30:25,00071E15BF,K95
2021-07-14 02:31:46,00075B22B0,K95
2021-07-14 02:32:28,000799A5EF,K95
2021-07-14 02:32:43,00079AAA3C,K95
2021-07-14 02:33:06,000786B8A2,K95
2021-07-14 02:34:24,00079A0255,K95
2021-07-14 02:34:41,00075B29B2,K95
2021-07-14 02:37:02,0006E241C1,K95
2021-07-14 02:40:17,000783CB2B,K95
2021-07-14 02:40:49,000799A5EF,K95
2021-07-14 02:41:51,0006B3BF04,K95
2021-07-14 02:43:14,00075B29B2,K95
2021-07-14 02:45:07,00075B29B2,KE10
2021-07-14 02:45:21,0007AC3CC1,KE10
2021-07-14 02:45:44,0007AC3CC1,KE10
2021-07-14 02:46:10,00079AAA3C,K95
2021-07-14 02:47:07,0007AC3CC1,KE10
2021-07-14 02:47:16,00075B29B2,KE10
2021-07-14 02:48:07,000786B8A2,K95
2021-07-14 02:48:24,00074EEC1A,K95
2021-07-14 02:50:49,0006CC24E9,K95
2021-07-14 02:51:48,0007ACAC37,K95
2021-07-14 02:58:57,0006B3BF04,K95
2021-07-14 02:59:37,0007AC418B,KB3
2021-07-14 02:59:50,0007AC418B,KB3
2021-07-14 03:00:03,0007AC418B,KB3
2021-07-14 03:00:21,00071E2D31,KB3
2021-07-14 03:00:32,00071E2D31,KB3
2021-07-14 03:00:37,0007ABF44A,K95
2021-07-14 03:01:03,0007AC418B,KB3
2021-07-14 03:01:22,0007ABA539,K95
2021-07-14 03:02:10,00071E2D31,KB3
2021-07-14 03:04:28,00074F663E,K95
2021-07-14 03:06:03,0007ABC5F2,K95
2021-07-14 03:08:52,0006B3AC35,KB3
2021-07-14 03:09:28,0006B3AC35,KB3
2021-07-14 03:11:05,000786D14D,K95
2021-07-14 03:13:07,00074EEC1A,K95
2021-07-14 03:15:46,00079A0255,K95
2021-07-14 03:17:11,0007ABDCCF,K95
2021-07-14 03:24:52,0006B3AC35,K95
2021-07-14 03:25:05,000783F377,K95
2021-07-14 03:26:55,0007ABDCCF,K95
2021-07-14 03:27:44,0007ABD629,K95
2021-07-14 03:27:48,0007ABA539,K95
2021-07-14 03:31:20,0006CC24E9,K95
2021-07-14 03:31:47,00075CE063,K95
2021-07-14 03:32:10,00075D879F,K95
2021-07-14 03:32:26,0007AC44BD,K95
2021-07-14 03:34:55,00074EEC1A,KB3
2021-07-14 03:35:06,00074EEC1A,KB3
2021-07-14 03:35:51,00074EEC1A,K95
2021-07-14 03:40:05,00074F7C6F,K95
2021-07-14 03:43:18,0007AC44BD,K95
2021-07-14 03:48:09,00075CE063,K95
2021-07-14 03:55:06,00074EEC1A,K95
2021-07-14 03:55:21,000783CB2B,K95
2021-07-14 04:10:45,0006B34FE4,KB3
2021-07-14 04:11:07,0006B34FE4,KB3
2021-07-14 04:30:22,0006CC24E9,K95
2021-07-14 04:32:45,0007ABF44A,KB3
2021-07-14 04:32:58,0007AC418B,KB3
2021-07-14 04:33:14,0006B34FE4,K95
2021-07-14 04:34:00,0007ABF44A,KB3
2021-07-14 04:34:16,0007AC418B,KB3
2021-07-14 04:34:27,0007AC418B,KB3
2021-07-14 04:35:21,000788A24D,KB3
2021-07-14 04:38:04,0006E24C7B,KB3
2021-07-14 04:39:13,0006E24C7B,KB3
2021-07-14 04:44:52,00075D076C,KB3
2021-07-14 04:45:05,0007ACAC37,KB3
2021-07-14 04:47:12,000799A5EF,K95
2021-07-14 04:49:12,00075D076C,KB3
2021-07-14 04:50:06,0007AC418B,KB3
2021-07-14 04:51:09,0007ACAC37,KB3
2021-07-14 04:51:25,0007ACAC37,KB3
2021-07-14 04:51:35,0007AC44BD,K95
2021-07-14 04:51:46,000788A24D,KB3
2021-07-14 04:52:08,0006E24C7B,KB3
2021-07-14 04:52:19,0006E24C7B,KB3
2021-07-14 04:52:33,000788A24D,KB3
2021-07-14 04:52:50,000788A24D,KB3
2021-07-14 04:53:26,00074F7C6F,K95
2021-07-14 04:53:30,0007AC5939,K95
2021-07-14 04:53:34,000788A24D,KB3
2021-07-14 04:53:47,0007ABD4DC,KB3
2021-07-14 04:54:49,0007AC0387,KB3
2021-07-14 04:55:48,00074EEC1A,K95
2021-07-14 04:57:26,0006E24C7B,KB3
2021-07-14 04:57:55,000783F429,KB3
2021-07-14 05:02:43,0006E241C1,K95
2021-07-14 05:03:33,0007ABC809,KB3
2021-07-14 05:04:10,00075CE063,K95
2021-07-14 05:04:40,0007ABF44A,K95
2021-07-14 05:05:11,000783F429,KB3
2021-07-14 05:05:23,000783F429,KB3
2021-07-14 05:05:44,000783F429,KB3
2021-07-14 05:06:20,0006B3BF04,K95
2021-07-14 05:07:21,0007ABDCCF,K95
2021-07-14 05:07:25,00079A0255,K95
2021-07-14 05:09:44,000786B8A2,K95
2021-07-14 05:10:27,0007ABC5F2,K95
2021-07-14 05:11:47,0007AC418B,KB3
2021-07-14 05:12:13,0006B3AC35,K95
2021-07-14 05:13:40,00079AAA3C,K95
2021-07-14 05:14:03,00071E2D31,KB3
2021-07-14 05:14:49,0007AC8787,KB3
2021-07-14 18:46:27,0007ABC809,KB3
2021-07-14 18:46:40,0007ABC809,KB3
2021-07-14 21:25:15,0007AC418B,KB3
2021-07-14 21:30:50,00074F7C6F,K95
2021-07-14 21:37:50,000799A5EF,K95
2021-07-14 21:38:02,000786B8A2,K95
2021-07-14 21:38:16,0007AC80F1,K95
2021-07-14 21:38:32,0007ABC5F2,K95
2021-07-14 21:38:36,0006B34FE4,K95
2021-07-14 21:40:33,0007ABF44A,K95
2021-07-14 21:41:14,00079AAA3C,K95
2021-07-14 21:41:20,000786D14D,K95
2021-07-14 21:41:40,0006E241C1,K95
2021-07-14 21:42:01,0006E24ECA,K95
2021-07-14 21:42:10,0006B3BF04,K95
2021-07-14 21:42:12,00075D879F,K95
2021-07-14 21:42:21,00074EEC1A,K95
2021-07-14 21:42:32,0006E239ED,K95
2021-07-14 21:42:44,0007AC44BD,K95
2021-07-14 21:42:45,00075CE063,K95
2021-07-14 21:43:20,0007ABA539,K95
2021-07-14 21:43:55,00075D076C,K95
2021-07-14 21:45:28,0007ABD629,K95
2021-07-14 21:45:40,00075B29B2,K95
2021-07-14 21:45:47,00071E15BF,K95
2021-07-14 21:46:13,00074F663E,K95
2021-07-14 21:46:32,000783CB2B,K95
2021-07-14 21:49:54,0006B3AC35,K95
2021-07-14 21:50:36,000783F429,K95
2021-07-14 21:52:51,0007AC418B,KB3
2021-07-14 21:55:42,0007AC3CC1,K95
2021-07-14 21:55:49,0007AC8787,KB3
2021-07-14 21:58:48,0007ABF44A,KB3
2021-07-14 21:59:00,0007AC0387,KB3
2021-07-14 22:00:25,0007ABC809,KB3
2021-07-14 22:00:57,0006E24C7B,KB3
2021-07-14 22:02:11,000788A24D,KB3
2021-07-14 22:02:23,00071E2D31,KB3
2021-07-14 22:02:47,000788A24D,KB3
2021-07-14 22:06:17,0007ABD4DC,KB3
2021-07-14 22:06:45,0007ABD4DC,KB3
2021-07-14 22:07:25,0007ABF44A,KB3
2021-07-14 22:07:46,0007AC5939,K95
2021-07-14 22:36:52,00075D879F,KB3
2021-07-14 22:37:22,00075D879F,KB3
2021-07-14 22:39:16,0007ABF44A,KB3
2021-07-14 22:40:55,0007ABF44A,KB3
2021-07-14 22:56:41,000786B8A2,K95
2021-07-14 22:56:43,0007ABF44A,KB3
2021-07-14 22:57:40,000786B8A2,K95
2021-07-14 23:01:19,0006E239ED,KE9
2021-07-14 23:01:34,0006E239ED,KE9
2021-07-14 23:03:42,00074EEC1A,KB3
2021-07-14 23:03:50,0006E239ED,KB3
2021-07-14 23:03:52,0006E24ECA,KB3
2021-07-14 23:03:57,00075B29B2,KB3
2021-07-14 23:04:08,00075D879F,KB3
2021-07-14 23:04:39,0007ACAC37,KB3
2021-07-14 23:06:03,0006E239ED,KB3
2021-07-14 23:06:33,0006E24ECA,KB3
2021-07-14 23:06:55,00075B29B2,KB3
2021-07-14 23:06:58,0007ABF44A,K95
2021-07-14 23:07:47,0006B34FE4,KB3
2021-07-14 23:08:07,0006E24ECA,K95
2021-07-14 23:08:30,00075D879F,KB3
2021-07-14 23:08:36,00075B29B2,K95
2021-07-14 23:08:43,000783F377,K95
2021-07-14 23:09:16,00074EEC1A,KB3
2021-07-14 23:09:42,00074EEC1A,K95
2021-07-14 23:09:49,0007ACAC37,KB3
2021-07-14 23:10:04,0006B34FE4,KB3
2021-07-14 23:11:34,0006CC24E9,K95
2021-07-14 23:12:28,0006E239ED,K95
2021-07-14 23:13:26,0006E239ED,K95
2021-07-14 23:13:40,00075B29B2,K95
2021-07-14 23:14:24,0007AC44BD,K95
2021-07-14 23:15:30,00075D879F,K95
2021-07-14 23:16:36,00074EEC1A,K95
2021-07-14 23:18:02,0006E239ED,K95
2021-07-14 23:18:14,0007ABA539,KB3
2021-07-14 23:18:23,00074EEC1A,KB3
2021-07-14 23:18:29,00074F663E,KB3
2021-07-14 23:18:43,00075B29B2,K95
2021-07-14 23:20:00,00075D879F,KB3
2021-07-14 23:20:17,00074F663E,KB3
2021-07-14 23:20:48,0006E24ECA,K95
2021-07-14 23:21:01,0007ABD629,K95
2021-07-14 23:21:13,0006CC24E9,K95
2021-07-14 23:21:28,0007ABA539,KB3
2021-07-14 23:21:37,00074F7C6F,K95
2021-07-14 23:21:44,0007AC44BD,K95
2021-07-14 23:24:51,0007ABA539,K95
2021-07-14 23:25:21,0007ABF44A,KB3
2021-07-14 23:25:30,00071E2D31,KB3
2021-07-14 23:25:44,000786D14D,KB3
2021-07-14 23:25:57,00075D879F,KB3
2021-07-14 23:27:29,0006B3BF04,K95
2021-07-14 23:28:03,000786D14D,KB3
2021-07-14 23:28:10,0007ABF44A,KB3
2021-07-14 23:28:30,000786B8A2,K95
2021-07-14 23:28:38,00074EEC1A,KB3
2021-07-14 23:29:26,00071E15BF,K95
2021-07-14 23:29:51,00071E15BF,KE9
2021-07-14 23:29:51,00071E2D31,KB3
2021-07-14 23:32:38,0006E241C1,KB3
2021-07-14 23:33:06,0006E241C1,KB3
2021-07-14 23:33:16,0006B3BF04,K95
2021-07-14 23:33:23,0007ABA539,K95
2021-07-14 23:33:44,0007AC80F1,K95
2021-07-14 23:33:46,000783F377,K95
2021-07-14 23:35:02,00079AAA3C,K95
2021-07-14 23:35:16,0007ABA539,KB3
2021-07-14 23:35:30,0006B3BF04,KB3
2021-07-14 23:35:34,0007ABA539,KB3
2021-07-14 23:35:37,000783F377,KE9
2021-07-14 23:35:41,0006B34FE4,KB3
2021-07-14 23:35:45,00075B22B0,KE9
2021-07-14 23:35:51,0007ABA539,KB3
2021-07-14 23:36:01,0007AC80F1,KB3
2021-07-14 23:37:13,0006B3BF04,KB3
2021-07-14 23:37:38,0006B34FE4,KB3
2021-07-14 23:37:40,0006E241C1,K95
2021-07-14 23:37:55,00075B22B0,KE9
2021-07-14 23:38:10,0007AC80F1,KB3
2021-07-14 23:38:21,0006B3BF04,K95
2021-07-14 23:38:43,00075B22B0,KE9
2021-07-14 23:39:22,000799A5EF,KE9
2021-07-14 23:40:12,0007ABC5F2,KB3
2021-07-14 23:40:32,0007ABC5F2,KB3
2021-07-14 23:40:43,00071E15BF,K95
2021-07-14 23:40:59,00075B22B0,KE9
2021-07-14 23:41:18,0007ABC5F2,K95
2021-07-14 23:41:59,000799A5EF,KE9
2021-07-14 23:42:19,00079A0255,KE9
2021-07-14 23:42:26,00071E15BF,KE9
2021-07-14 23:42:56,00079A0255,KE9
2021-07-14 23:43:07,000799A5EF,K95
2021-07-14 23:43:18,000783CB2B,K95
2021-07-14 23:43:21,000799A5EF,KE9
2021-07-14 23:43:39,0006B3AC35,KB3
2021-07-14 23:44:37,00071E15BF,KE9
2021-07-14 23:44:51,00079A0255,K95
2021-07-14 23:44:57,0006B3BF04,K95
2021-07-14 23:45:04,0006B3AC35,KB3
2021-07-14 23:45:45,0006E241C1,K95
2021-07-14 23:46:08,0007AC80F1,K95
2021-07-14 23:46:11,000799A5EF,K95
2021-07-14 23:46:12,000783F377,KE9
2021-07-14 23:48:38,000799A5EF,KE9
2021-07-14 23:48:55,000786B8A2,K95
2021-07-14 23:49:09,0007AC80F1,KE9
2021-07-14 23:49:30,0007AC80F1,KE9
2021-07-14 23:51:26,0006B34FE4,K95
2021-07-14 23:51:41,0007ABF44A,KB3
2021-07-14 23:51:45,0007AC418B,KB3
2021-07-14 23:51:50,0007ABC809,KE9
2021-07-14 23:52:06,0007ABDCCF,K95
2021-07-14 23:52:27,0007ABC5F2,K95
2021-07-14 23:52:48,0007ABC809,KE9
2021-07-14 23:53:10,00075B22B0,K95
2021-07-14 23:53:48,0007AC418B,KB3
2021-07-14 23:53:56,0007ABF44A,KB3
2021-07-14 23:54:01,0007AC418B,KB3
2021-07-14 23:54:41,0007ABF44A,K95
2021-07-14 23:55:35,00074EEC1A,KE9
2021-07-14 23:55:45,00075B29B2,KE9
2021-07-14 23:56:03,0006E24C7B,KE9
2021-07-14 23:56:22,00075CE063,KE9
2021-07-14 23:56:35,0007AC418B,KE9
2021-07-14 23:56:42,00075D076C,K95
2021-07-14 23:57:17,00074EEC1A,KE9
2021-07-14 23:57:26,0007ABF44A,K95
2021-07-14 23:57:29,0007AC418B,KE9
2021-07-14 23:57:40,0007AC418B,KE9
2021-07-14 23:57:54,000783CB2B,K95
2021-07-14 23:58:18,00075CE063,KE9
2021-07-14 23:58:29,0006B3AC35,KE9
2021-07-14 23:58:32,0006E239ED,KE9
2021-07-14 23:58:45,00079AAA3C,KE9
2021-07-14 23:59:26,000799A5EF,KE9
2021-07-15 00:00:22,0006E24C7B,KE9
2021-07-15 00:00:35,0007AC418B,KE9
2021-07-15 00:01:25,0006E239ED,KE9
2021-07-15 00:01:41,000783CB2B,K95
2021-07-15 00:01:46,00075B29B2,K95
2021-07-15 00:01:57,00075B29B2,KE9
2021-07-15 00:02:10,00075CE063,KE9
2021-07-15 00:02:20,0006B3AC35,KE9
2021-07-15 00:03:01,00079AAA3C,KE9
2021-07-15 00:03:03,000799A5EF,KE9
2021-07-15 00:03:18,00079AAA3C,K95
2021-07-15 00:03:22,000799A5EF,KE9
2021-07-15 00:03:56,00079AAA3C,KE9
2021-07-15 00:04:49,000783CB2B,KB3
2021-07-15 00:05:12,000783CB2B,KB3
2021-07-15 00:05:20,00075B29B2,K95
2021-07-15 00:06:09,00075B29B2,K95
2021-07-15 00:06:25,00075B29B2,K95
2021-07-15 00:06:29,0006E241C1,KB3
2021-07-15 00:06:36,00075B29B2,K95
2021-07-15 00:06:46,0006E241C1,KB3
2021-07-15 00:06:51,00075CE063,K95
2021-07-15 00:07:31,00079AAA3C,K95
2021-07-15 00:09:41,00075CE063,KE9
2021-07-15 00:09:57,00079AAA3C,KE9
2021-07-15 00:11:11,0006E239ED,KE9
2021-07-15 00:11:24,00075B29B2,KE10
2021-07-15 00:11:50,00075B29B2,KE10
2021-07-15 00:12:29,00074F7C6F,K95
2021-07-15 00:12:32,00075B29B2,KE10
2021-07-15 00:12:43,00075B29B2,KE10
2021-07-15 00:12:55,00075B29B2,KE10
2021-07-15 00:14:14,0007ABDCCF,KE9
2021-07-15 00:14:55,00075B29B2,KE10
2021-07-15 00:15:06,00075B29B2,KE10
2021-07-15 00:15:17,00075B29B2,KE10
2021-07-15 00:15:28,00075B29B2,KE10
2021-07-15 00:15:39,00075B29B2,KE10
2021-07-15 00:15:50,00075B29B2,KE10
2021-07-15 00:16:00,000783CB2B,KE10
2021-07-15 00:16:10,0007ABDCCF,KE9
2021-07-15 00:16:19,00071E2D31,KB3
2021-07-15 00:16:33,000783CB2B,KE10
2021-07-15 00:17:03,000783CB2B,KE9
2021-07-15 00:17:27,00079AAA3C,KE9
2021-07-15 00:17:46,0006B3AC35,K95
2021-07-15 00:18:02,00074F663E,K95
2021-07-15 00:18:02,000783CB2B,KE9
2021-07-15 00:19:36,0007ABD629,KE9
2021-07-15 00:20:01,0006E24ECA,K95
2021-07-15 00:20:41,0007ABA539,K95
2021-07-15 00:20:51,0007ABD629,KE9
2021-07-15 00:20:58,00071E2D31,KB3
2021-07-15 00:21:09,000783CB2B,K95
2021-07-15 00:21:20,000783CB2B,K95
2021-07-15 00:21:39,00075B29B2,KE10
2021-07-15 00:21:50,00075B29B2,KE10
2021-07-15 00:22:25,00075B29B2,KE10
2021-07-15 00:22:36,00075B29B2,KE10
2021-07-15 00:22:48,00075B29B2,KE10
2021-07-15 00:23:12,000783CB2B,KE10
2021-07-15 00:23:27,0006B3BF04,KE10
2021-07-15 00:24:00,00075B29B2,KE10
2021-07-15 00:24:04,0006E241C1,KE10
2021-07-15 00:24:17,000783CB2B,KE10
2021-07-15 00:24:34,0006B3BF04,K95
2021-07-15 00:24:47,0006B3BF04,KE10
2021-07-15 00:25:21,00075D879F,KB3
2021-07-15 00:25:43,0006E241C1,KE10
2021-07-15 00:25:43,0006E24ECA,KB3
2021-07-15 00:25:53,00075D879F,KB3
2021-07-15 00:25:56,0006E239ED,KE9
2021-07-15 00:26:27,0006E24ECA,KB3
2021-07-15 00:26:43,000786D14D,KE10
2021-07-15 00:27:13,00075CE063,KE9
2021-07-15 00:27:15,0007ABDCCF,K95
2021-07-15 00:27:18,000783CB2B,K95
2021-07-15 00:27:39,000783CB2B,K95
2021-07-15 00:27:48,00075CE063,KE10
2021-07-15 00:28:16,0006CC24E9,K95
2021-07-15 00:28:36,0007ABD629,K95
2021-07-15 00:28:49,0007ABF44A,KB3
2021-07-15 00:28:54,0007ABDCCF,KE9
2021-07-15 00:29:04,00079AAA3C,KE10
2021-07-15 00:29:06,0007ABF44A,KB3
2021-07-15 00:29:24,000786D14D,KE10
2021-07-15 00:29:28,00075CE063,KE10
2021-07-15 00:29:43,0007ABDCCF,KE9
2021-07-15 00:30:01,0007ABF44A,K95
2021-07-15 00:30:51,000786B8A2,K95
2021-07-15 00:30:52,0006E241C1,K95
2021-07-15 00:31:03,00075CE063,KB3
2021-07-15 00:31:25,0007ABA539,K95
2021-07-15 00:31:27,0007ABD629,KE9
2021-07-15 00:31:32,0007AC44BD,KE9
2021-07-15 00:31:33,00074EEC1A,KE9
2021-07-15 00:31:37,00075CE063,KB3
2021-07-15 00:31:52,0007AC418B,KE10
2021-07-15 00:32:28,0007ABD629,KE9
2021-07-15 00:32:30,0006B3BF04,K95
2021-07-15 00:32:41,0007AC418B,KE10
2021-07-15 00:32:48,000786D14D,K95
2021-07-15 00:32:56,00079AAA3C,KE10
2021-07-15 00:33:02,00075B29B2,KE10
2021-07-15 00:33:33,0007ABA539,KB3
2021-07-15 00:33:45,0007AC44BD,KE9
2021-07-15 00:34:17,0007ABDCCF,KE9
2021-07-15 00:34:23,000783CB2B,KE9
2021-07-15 00:34:34,0006B3BF04,KB3
2021-07-15 00:34:34,0007ABDCCF,KE9
2021-07-15 00:34:50,00075D879F,K95
2021-07-15 00:34:55,00075B29B2,KB3
2021-07-15 00:34:55,00074EEC1A,KE9
2021-07-15 00:34:56,00079A0255,K95
2021-07-15 00:35:17,00075CE063,KE10
2021-07-15 00:35:20,0006B3BF04,KB3
2021-07-15 00:35:34,000786D14D,KE10
2021-07-15 00:35:56,00074EEC1A,KB3
2021-07-15 00:36:04,000799A5EF,KE10
2021-07-15 00:36:05,00075B22B0,KB3
2021-07-15 00:36:20,0007ABD629,K95
2021-07-15 00:36:29,00075CE063,KE10
2021-07-15 00:36:30,00075B29B2,KB3
2021-07-15 00:36:30,0007AC80F1,K95
2021-07-15 00:36:44,00075B29B2,KB3
2021-07-15 00:36:54,0007ABF44A,K95
2021-07-15 00:37:07,0006E241C1,K95
2021-07-15 00:37:11,000786B8A2,K95
2021-07-15 00:37:31,0006B3BF04,KE10
2021-07-15 00:37:59,000786D14D,KE10
2021-07-15 00:38:33,0007ABF44A,KE9
2021-07-15 00:38:52,0006B3BF04,K95
2021-07-15 00:38:55,000786D14D,KB3
2021-07-15 00:39:13,0007ABF44A,KE9
2021-07-15 00:39:20,000786D14D,KB3
2021-07-15 00:39:28,00075B22B0,KB3
2021-07-15 00:39:55,00074EEC1A,KB3
2021-07-15 00:40:02,0007ABD629,KE9
2021-07-15 00:40:06,0007AC80F1,KB3
2021-07-15 00:40:08,00074EEC1A,KB3
2021-07-15 00:40:48,0007ABF44A,K95
2021-07-15 00:40:59,000786B8A2,KB3
2021-07-15 00:41:45,000799A5EF,KE10
2021-07-15 00:42:07,000799A5EF,KE10
2021-07-15 00:42:21,000799A5EF,KE10
2021-07-15 00:42:23,00074EEC1A,KE9
2021-07-15 00:42:32,000799A5EF,KE10
2021-07-15 00:42:40,00071E15BF,KE9
2021-07-15 00:42:51,0006B3BF04,K95
2021-07-15 00:42:53,000786B8A2,KB3
2021-07-15 00:43:11,000799A5EF,KE10
2021-07-15 00:43:11,000783CB2B,KE9
2021-07-15 00:43:33,0007ABDCCF,KE9
2021-07-15 00:43:36,000786B8A2,KB3
2021-07-15 00:43:57,000786B8A2,KB3
2021-07-15 00:44:26,0006B3BF04,KE10
2021-07-15 00:44:36,0007ABDCCF,KE9
2021-07-15 00:44:53,0006B3BF04,KE10
2021-07-15 00:44:56,000786B8A2,K95
2021-07-15 00:45:10,0006B3BF04,KE9
2021-07-15 00:45:20,0007ABC5F2,KE9
2021-07-15 00:45:34,0007ABF44A,K95
2021-07-15 00:45:45,0007ABF44A,K95
2021-07-15 00:45:56,0007ABF44A,K95
2021-07-15 00:46:02,0006B3BF04,KE9
2021-07-15 00:46:07,0007ABF44A,K95
2021-07-15 00:46:34,0007AC44BD,K95
2021-07-15 00:46:34,0007ABA539,KB3
2021-07-15 00:47:31,0007ABDCCF,K95
2021-07-15 00:47:37,0007ABF44A,KE9
2021-07-15 00:47:43,00079AAA3C,KE9
2021-07-15 00:47:47,00075B22B0,K95
2021-07-15 00:48:00,0007ABC5F2,K95
2021-07-15 00:48:13,00071E15BF,KE9
2021-07-15 00:48:15,0007AC44BD,KE9
2021-07-15 00:48:18,0006B3BF04,KB3
2021-07-15 00:48:18,000786B8A2,K95
2021-07-15 00:48:27,0007ABD629,KE9
2021-07-15 00:48:33,0007ABC5F2,KE9
2021-07-15 00:49:00,0007ABDCCF,KE9
2021-07-15 00:49:31,0007ABDCCF,KE9
2021-07-15 00:49:59,000786B8A2,KE9
2021-07-15 00:50:16,0006B3BF04,KB3
2021-07-15 00:50:18,000799A5EF,KE10
2021-07-15 00:50:21,0007ABDCCF,KE10
2021-07-15 00:50:33,0007ABDCCF,KE10
2021-07-15 00:50:49,000786B8A2,KE9
2021-07-15 00:50:53,0006CC24E9,K95
2021-07-15 00:51:00,000786B8A2,KE9
2021-07-15 00:51:23,0007ABF44A,KE9
2021-07-15 00:51:27,000786B8A2,KE10
2021-07-15 00:51:50,0007AC44BD,KE9
2021-07-15 00:51:57,0007ABC5F2,K95
2021-07-15 00:52:05,00074EEC1A,KE9
2021-07-15 00:52:08,000799A5EF,KE10
2021-07-15 00:52:19,0006B3BF04,K95
2021-07-15 00:52:26,000786B8A2,K95
2021-07-15 00:52:32,0007AC80F1,KB3
2021-07-15 00:52:44,000786B8A2,KE10
2021-07-15 00:53:38,0007ABC5F2,KE9
2021-07-15 00:54:12,0007AC3CC1,KE9
2021-07-15 00:54:32,000786B8A2,K95
2021-07-15 00:54:55,0007AC80F1,KE9
2021-07-15 00:55:17,0007ABDCCF,K95
2021-07-15 00:55:31,0006E24C7B,KE9
2021-07-15 00:55:46,0007AC80F1,KE9
2021-07-15 00:55:56,00079AAA3C,KE9
2021-07-15 00:56:07,0006E24C7B,KE9
2021-07-15 00:56:13,0007ABDCCF,K95
2021-07-15 00:56:40,000786B8A2,KE10
2021-07-15 00:57:05,0006B3AC35,KE9
2021-07-15 00:57:10,0007AC44BD,K95
2021-07-15 00:57:18,000786B8A2,KE10
2021-07-15 00:57:32,000786B8A2,KE10
2021-07-15 00:58:23,0006B3AC35,KE9
2021-07-15 00:58:37,0006B3AC35,KE9
2021-07-15 00:58:43,0007ABC809,KE9
2021-07-15 00:59:12,0006B3AC35,K95
2021-07-15 00:59:24,0006B3AC35,KE9
2021-07-15 00:59:40,0007AC44BD,KE9
2021-07-15 00:59:46,00074F7C6F,KE9
2021-07-15 00:59:55,0007ABDCCF,KE9
2021-07-15 01:00:15,0006B3BF04,K95
2021-07-15 01:01:17,000786B8A2,KE10
2021-07-15 01:01:28,000786B8A2,KE10
2021-07-15 01:01:45,0006B3BF04,KE10
2021-07-15 01:01:56,0006B3BF04,KE10
2021-07-15 01:02:56,000786B8A2,KE10
2021-07-15 01:02:59,00074F7C6F,KE9
2021-07-15 01:03:04,0006B3AC35,K95
2021-07-15 01:03:20,0007ABC5F2,KE9
2021-07-15 01:03:31,0007AC3CC1,KE9
2021-07-15 01:03:52,0007ABC809,KE9
2021-07-15 01:04:10,000799A5EF,KE10
2021-07-15 01:04:27,0007AC8787,KE9
2021-07-15 01:04:29,000786B8A2,KE9
2021-07-15 01:04:34,0007ABDCCF,KE9
2021-07-15 01:05:03,0007AC8787,KE9
2021-07-15 01:05:09,000786B8A2,KE9
2021-07-15 01:05:17,0007AC8787,KE9
2021-07-15 01:05:40,0006B3AC35,KE9
2021-07-15 01:06:10,000786B8A2,KE9
2021-07-15 01:06:13,0006B34FE4,KE9
2021-07-15 01:06:31,000786B8A2,KE9
2021-07-15 01:07:14,000786B8A2,KE10
2021-07-15 01:10:23,000799A5EF,KE10
2021-07-15 01:10:34,000799A5EF,KE10
2021-07-15 01:10:38,000783F429,KB3
2021-07-15 01:10:49,00075D879F,KE9
2021-07-15 01:12:08,0006B34FE4,KE9
2021-07-15 01:12:35,0006B3AC35,KE9
2021-07-15 01:12:49,00075D879F,KE9
2021-07-15 01:13:02,0006B34FE4,KE9
2021-07-15 01:13:16,0007ACAC37,KB3
2021-07-15 01:13:16,000786B8A2,KE10
2021-07-15 01:13:27,000786B8A2,KE10
2021-07-15 01:13:34,000799A5EF,KB3
2021-07-15 01:13:38,000786B8A2,KE10
2021-07-15 01:14:17,000799A5EF,KB3
2021-07-15 01:14:56,000799A5EF,KB3
2021-07-15 01:15:11,000799A5EF,KB3
2021-07-15 01:16:30,0007ACAC37,KB3
2021-07-15 01:16:34,000786B8A2,KE10
2021-07-15 01:16:46,00075D879F,K95
2021-07-15 01:17:07,000783F429,KB3
2021-07-15 01:17:18,000783F429,KB3
2021-07-15 01:17:39,000786B8A2,KB3
2021-07-15 01:17:53,0006B34FE4,K95
2021-07-15 01:18:13,000786B8A2,KB3
2021-07-15 01:18:44,000786D14D,KE10
2021-07-15 01:19:32,0007AC44BD,KE9
2021-07-15 01:19:53,00075D879F,KE9
2021-07-15 01:19:55,00075D076C,KB3
2021-07-15 01:20:11,0006B34FE4,KE9
2021-07-15 01:20:24,00079AAA3C,KE9
2021-07-15 01:20:33,00079A0255,KE9
2021-07-15 01:20:36,00075D076C,KB3
2021-07-15 01:20:36,000783F377,KE9
2021-07-15 01:21:00,00075D879F,KE9
2021-07-15 01:22:13,000783F377,KE9
2021-07-15 01:23:00,000783CB2B,KE10
2021-07-15 01:23:05,00075D076C,KE10
2021-07-15 01:23:49,0006E239ED,KE9
2021-07-15 01:23:50,0006B3BF04,KE9
2021-07-15 01:23:50,00075D879F,K95
2021-07-15 01:24:08,000783F429,KE9
2021-07-15 01:24:18,00079A0255,KE9
2021-07-15 01:24:34,00079A0255,KE9
2021-07-15 01:24:35,0006CC24E9,KE9
2021-07-15 01:24:46,00079A0255,KE9
2021-07-15 01:24:50,000786D14D,K95
2021-07-15 01:25:16,000786D14D,KE10
2021-07-15 01:25:20,000788A24D,KE9
2021-07-15 01:25:45,000788A24D,KE9
2021-07-15 01:25:50,00075D076C,KE10
2021-07-15 01:26:32,0006CC24E9,K95
2021-07-15 01:26:44,00075D076C,KE9
2021-07-15 01:26:54,0006CC24E9,KE9
2021-07-15 01:27:08,0006E241C1,KB3
2021-07-15 01:27:22,0006E24ECA,K95
2021-07-15 01:27:24,0006E241C1,KB3
2021-07-15 01:27:48,00075D076C,K95
2021-07-15 01:27:49,000788A24D,KE9
2021-07-15 01:28:08,0006B3BF04,KE9
2021-07-15 01:28:19,00075D076C,KE9
2021-07-15 01:28:33,000783F429,KE9
2021-07-15 01:28:34,0007AC8787,KE9
2021-07-15 01:29:04,0006B3BF04,K95
2021-07-15 01:30:06,00075D879F,KE9
2021-07-15 01:30:24,0006E241C1,KE10
2021-07-15 01:30:24,00074F7C6F,K95
2021-07-15 01:31:03,0006E241C1,K95
2021-07-15 01:31:09,0007ABA539,KB3
2021-07-15 01:31:32,000783F377,KE9
2021-07-15 01:31:39,0006E241C1,KE10
2021-07-15 01:31:58,00075B29B2,KE9
2021-07-15 01:32:01,000783CB2B,KE10
2021-07-15 01:32:07,00079AAA3C,KE9
2021-07-15 01:32:19,0007ABD629,KE9
2021-07-15 01:32:30,000786D14D,K95
2021-07-15 01:33:14,0006B3BF04,K95
2021-07-15 01:34:27,0006E241C1,K95
2021-07-15 01:35:04,000788A24D,KE9
2021-07-15 01:35:22,00075D076C,K95
2021-07-15 01:35:38,0007AC8787,KE9
2021-07-15 01:35:52,0006B3BF04,KE9
2021-07-15 01:35:59,00071E15BF,KE9
2021-07-15 01:36:02,00074F663E,KE9
2021-07-15 01:36:17,000786D14D,KE10
2021-07-15 01:36:27,00074EEC1A,KE9
2021-07-15 01:36:42,0006B3BF04,K95
2021-07-15 01:36:57,00075D076C,KE9
2021-07-15 01:37:06,0006B3BF04,KE9
2021-07-15 01:37:20,00074F663E,K95
2021-07-15 01:37:23,000786D14D,KE10
2021-07-15 01:37:34,000786D14D,KE10
2021-07-15 01:37:35,00075D076C,KE9
2021-07-15 01:37:37,0006E241C1,KE10
2021-07-15 01:37:40,00074F663E,KE9
2021-07-15 01:37:47,000786D14D,KE10
2021-07-15 01:38:18,0006E241C1,KE10
2021-07-15 01:38:37,00071E2D31,KE9
2021-07-15 01:39:14,00071E2D31,KE9
2021-07-15 01:39:27,0006B3BF04,K95
2021-07-15 01:39:38,0006B3BF04,K95
2021-07-15 01:39:50,0006B3BF04,K95
2021-07-15 01:40:01,0006B3BF04,K95
2021-07-15 01:40:12,0006B3BF04,K95
2021-07-15 01:40:19,0006E241C1,K95
2021-07-15 01:40:24,0006E24ECA,K95
2021-07-15 01:40:58,00071E15BF,KE9
2021-07-15 01:41:26,000786D14D,K95
2021-07-15 01:42:06,0006CC24E9,K95
2021-07-15 01:42:55,0006E241C1,KE9
2021-07-15 01:43:08,0006E24ECA,KB3
2021-07-15 01:43:37,0006CC24E9,KE9
2021-07-15 01:43:46,0006E239ED,KE9
2021-07-15 01:44:21,0006CC24E9,K95
2021-07-15 01:44:55,0006B3BF04,KE9
2021-07-15 01:45:00,0006CC24E9,KE9
2021-07-15 01:45:21,0007ABDCCF,KE9
2021-07-15 01:46:39,00075D879F,KE9
2021-07-15 01:47:11,000783F377,KE9
2021-07-15 01:47:41,0006CC24E9,K95
2021-07-15 01:48:25,00075B29B2,KE9
2021-07-15 01:48:37,00075B29B2,KE9
2021-07-15 01:49:09,00074F663E,K95
2021-07-15 01:49:34,0007ABA539,KB3
2021-07-15 01:49:38,00071E15BF,K95
2021-07-15 01:49:56,0006CC24E9,KE9
2021-07-15 01:50:12,00075B29B2,KB3
2021-07-15 01:50:19,000799A5EF,KB3
2021-07-15 01:50:49,000799A5EF,KB3
2021-07-15 01:50:56,00074F663E,KE10
2021-07-15 01:50:58,0006B34FE4,KE9
2021-07-15 01:51:02,00071E15BF,KE10
2021-07-15 01:51:24,00074F663E,KE10
2021-07-15 01:51:25,0006B34FE4,KE9
2021-07-15 01:51:36,00071E15BF,KE10
2021-07-15 01:51:43,00075B29B2,KB3
2021-07-15 01:52:01,0006E241C1,KE9
2021-07-15 01:52:53,000799A5EF,KE10
2021-07-15 01:53:15,00071E15BF,KB3
2021-07-15 01:53:28,000799A5EF,KE10
2021-07-15 01:53:37,00071E15BF,KB3
2021-07-15 01:54:13,00075CE063,KE10
2021-07-15 01:54:13,0007ABD629,KE9
2021-07-15 01:54:15,00074F663E,K95
2021-07-15 01:54:47,00075CE063,KE10
2021-07-15 01:54:58,00075CE063,KE10
2021-07-15 01:55:44,00074F663E,KE10
2021-07-15 01:55:45,00075CE063,KE9
2021-07-15 01:55:50,0006B3BF04,KE9
2021-07-15 01:56:00,00074F663E,KE9
2021-07-15 01:56:21,00074F663E,KE9
2021-07-15 01:56:33,00074F663E,KE9
2021-07-15 01:56:37,0007AC0387,KE9
2021-07-15 01:57:00,0006E24ECA,KB3
2021-07-15 01:57:08,00074F663E,KE9
2021-07-15 01:57:20,00074F663E,K95
2021-07-15 01:57:24,00071E15BF,K95
2021-07-15 01:58:51,00071E15BF,KE10
2021-07-15 01:58:55,00074EEC1A,KE9
2021-07-15 01:59:12,00074F7C6F,KE9
2021-07-15 01:59:18,0007ABDCCF,K95
2021-07-15 01:59:46,00071E15BF,KE10
2021-07-15 02:01:35,00071E15BF,K95
2021-07-15 02:02:19,00071E15BF,K95
2021-07-15 02:02:30,00071E15BF,K95
2021-07-15 02:02:39,00074F663E,KE9
2021-07-15 02:02:49,0007ACAC37,KE9
2021-07-15 02:03:26,00074F7C6F,KE9
2021-07-15 02:03:52,00071E15BF,K95
2021-07-15 02:05:30,00071E15BF,KE10
2021-07-15 02:05:43,000786B8A2,KE9
2021-07-15 02:06:11,00071E15BF,K95
2021-07-15 02:06:30,00071E15BF,KE10
2021-07-15 02:06:45,00074F7C6F,K95
2021-07-15 02:06:48,00071E15BF,KE10
2021-07-15 02:07:02,00071E15BF,KE10
2021-07-15 02:07:58,000799A5EF,KE10
2021-07-15 02:08:12,0006E241C1,KE10
2021-07-15 02:08:34,00071E2D31,KE9
2021-07-15 02:08:53,000799A5EF,KE10
2021-07-15 02:08:56,00071E15BF,K95
2021-07-15 02:08:56,00075CE063,KE9
2021-07-15 02:09:07,00071E15BF,K95
2021-07-15 02:09:08,0006E241C1,KE10
2021-07-15 02:09:16,0007AC0387,KE9
2021-07-15 02:09:29,000799A5EF,KE9
2021-07-15 02:09:29,0006E241C1,KE10
2021-07-15 02:09:43,0007ACAC37,KE9
2021-07-15 02:09:51,00071E15BF,K95
2021-07-15 02:09:58,000786B8A2,KE9
2021-07-15 02:10:01,000783CB2B,KE9
2021-07-15 02:10:09,000786B8A2,KE9
2021-07-15 02:10:19,00074F7C6F,KE9
2021-07-15 02:10:27,000786B8A2,KE9
2021-07-15 02:10:37,00071E15BF,K95
2021-07-15 02:10:38,000786B8A2,KE9
2021-07-15 02:10:55,00074F663E,KE9
2021-07-15 02:11:07,000786B8A2,KE10
2021-07-15 02:12:26,0007ABF44A,KB3
2021-07-15 02:12:43,0007ABF44A,KB3
2021-07-15 02:12:48,00071E15BF,K95
2021-07-15 02:12:54,0007ABF44A,KB3
2021-07-15 02:12:57,0007ABC5F2,KE9
2021-07-15 02:13:18,0007ABF44A,KB3
2021-07-15 02:13:18,000786B8A2,KE10
2021-07-15 02:13:30,000786B8A2,KE10
2021-07-15 02:13:41,000786B8A2,KE10
2021-07-15 02:14:16,00071E15BF,KE9
2021-07-15 02:14:20,0007AC418B,KE9
2021-07-15 02:14:24,0007ACAC37,KE9
2021-07-15 02:14:47,00079A0255,KE9
2021-07-15 02:14:58,00079A0255,KE9
2021-07-15 02:15:11,00071E15BF,KE9
2021-07-15 02:15:32,000799A5EF,KE9
2021-07-15 02:15:35,000786B8A2,KE10
2021-07-15 02:15:46,000786B8A2,KE10
2021-07-15 02:15:57,000786B8A2,KE10
2021-07-15 02:16:08,000786B8A2,KE10
2021-07-15 02:16:10,0007ABF44A,KE9
2021-07-15 02:16:15,00071E15BF,KE10
2021-07-15 02:16:43,00079A0255,KE9
2021-07-15 02:16:49,00071E15BF,K95
2021-07-15 02:16:55,000786B8A2,KE10
2021-07-15 02:16:56,0007AC5939,K95
2021-07-15 02:17:00,0006CC24E9,KE9
2021-07-15 02:17:06,000786B8A2,KE10
2021-07-15 02:17:31,00071E15BF,KE10
2021-07-15 02:19:10,000786B8A2,KE10
2021-07-15 02:19:21,000786B8A2,KE10
2021-07-15 02:19:29,00071E15BF,K95
2021-07-15 02:19:32,000786B8A2,KE10
2021-07-15 02:19:43,000786B8A2,KE10
2021-07-15 02:20:11,0007ABC5F2,KE9
2021-07-15 02:20:22,0007ABC5F2,KE9
2021-07-15 02:20:27,00079A0255,K95
2021-07-15 02:20:42,0007AC418B,KE9
2021-07-15 02:20:53,00079AAA3C,KE10
2021-07-15 02:20:59,00075B22B0,KE9
2021-07-15 02:21:04,0007ACAC37,KE9
2021-07-15 02:21:09,00071E15BF,KE9
2021-07-15 02:21:19,0007ACAC37,KE9
2021-07-15 02:21:37,00071E15BF,KE10
2021-07-15 02:22:56,0007AC80F1,KB3
2021-07-15 02:23:09,0007AC418B,KE9
2021-07-15 02:23:17,00071E15BF,KE10
2021-07-15 02:23:22,0007AC5939,K95
2021-07-15 02:23:28,00079AAA3C,KE10
2021-07-15 02:23:36,00075B22B0,KE9
2021-07-15 02:23:40,000786B8A2,KE10
2021-07-15 02:24:15,000783CB2B,KE9
2021-07-15 02:24:39,000786B8A2,KB3
2021-07-15 02:25:04,000786B8A2,KB3
2021-07-15 02:26:28,0007ABF44A,KE9
2021-07-15 02:26:44,00079A0255,KE9
2021-07-15 02:28:48,00075B22B0,K95
2021-07-15 02:29:40,0007AC80F1,KB3
2021-07-15 02:29:55,00075B22B0,K95
2021-07-15 02:30:13,00075B22B0,K95
2021-07-15 02:30:57,0007AC80F1,KB3
2021-07-15 02:30:59,00074F7C6F,KE9
2021-07-15 02:31:09,0007AC80F1,KB3
2021-07-15 02:31:12,00071E15BF,K95
2021-07-15 02:31:34,00075B22B0,K95
2021-07-15 02:31:36,0006B3AC35,KE9
2021-07-15 02:31:52,00075B22B0,K95
2021-07-15 02:32:40,00075D076C,KB3
2021-07-15 02:32:47,00071E15BF,KE10
2021-07-15 02:33:08,00071E15BF,KE10
2021-07-15 02:33:19,00071E15BF,KE9
2021-07-15 02:33:34,00079A0255,KE9
2021-07-15 02:33:50,00079A0255,KE9
2021-07-15 02:33:53,00075B22B0,K95
2021-07-15 02:33:59,0007AC44BD,KE9
2021-07-15 02:34:02,00079A0255,KE9
2021-07-15 02:34:03,000786B8A2,K95
2021-07-15 02:34:13,00071E15BF,KE9
2021-07-15 02:34:23,000786B8A2,K95
2021-07-15 02:34:24,0007ABDCCF,KE10
2021-07-15 02:34:46,0007AC3CC1,KE9
2021-07-15 02:35:23,00075B22B0,KE9
2021-07-15 02:35:25,00075D076C,KB3
2021-07-15 02:35:42,00075D076C,KB3
2021-07-15 02:35:54,000786B8A2,KE9
2021-07-15 02:35:56,00071E15BF,K95
2021-07-15 02:36:15,0007AC80F1,KE9
2021-07-15 02:36:44,000786B8A2,KE9
2021-07-15 02:36:58,000786B8A2,KE9
2021-07-15 02:37:06,00075B22B0,KE9
2021-07-15 02:37:26,000786B8A2,KE10
2021-07-15 02:37:42,0007AC80F1,KE9
2021-07-15 02:37:49,00075D076C,K95
2021-07-15 02:37:53,0007AC80F1,KE9
2021-07-15 02:38:06,0007AC80F1,KE9
2021-07-15 02:38:08,0006E239ED,KE9
2021-07-15 02:38:09,000783F377,KE9
2021-07-15 02:38:23,000786D14D,KB3
2021-07-15 02:39:11,0007AC80F1,KE9
2021-07-15 02:39:14,00071E15BF,KE10
2021-07-15 02:40:27,0007AC80F1,KB3
2021-07-15 02:40:47,00075B22B0,K95
2021-07-15 02:40:52,000786D14D,KB3
2021-07-15 02:40:58,00075B22B0,K95
2021-07-15 02:41:09,00075B22B0,K95
2021-07-15 02:41:18,0007AC80F1,KB3
2021-07-15 02:41:19,0007ABDCCF,K95
2021-07-15 02:41:47,0007ABDCCF,KE10
2021-07-15 02:42:29,0006E24ECA,KB3
2021-07-15 02:42:52,00075B22B0,KE9
2021-07-15 02:43:28,000786D14D,KE10
2021-07-15 02:43:29,0007AC80F1,KB3
2021-07-15 02:44:14,00071E15BF,KE10
2021-07-15 02:44:56,0007AC3CC1,KE9
2021-07-15 02:45:22,0006B3AC35,KE9
2021-07-15 02:45:54,0007AC80F1,KE9
2021-07-15 02:45:56,0007ABD629,KE9
2021-07-15 02:46:02,000786D14D,KE10
2021-07-15 02:46:25,000786B8A2,K95
2021-07-15 02:46:34,00074EEC1A,KE9
2021-07-15 02:46:41,000786B8A2,K95
2021-07-15 02:47:07,00079AAA3C,KE9
2021-07-15 02:47:18,000786B8A2,KE10
2021-07-15 02:47:24,00075D076C,K95
2021-07-15 02:47:59,0007AC44BD,KE9
2021-07-15 02:48:09,000786D14D,K95
2021-07-15 02:48:19,00075D879F,KE9
2021-07-15 02:48:50,00075D076C,KE9
2021-07-15 02:50:46,000786D14D,KE10
2021-07-15 02:50:48,0007ABDCCF,KE10
2021-07-15 02:52:04,00075D076C,KE9
2021-07-15 02:52:15,0007ABA539,KB3
2021-07-15 02:53:56,0007AC80F1,KE9
2021-07-15 02:54:33,00074EEC1A,KE9
2021-07-15 02:54:44,00074EEC1A,KE9
2021-07-15 02:55:24,00075D076C,K95
2021-07-15 02:55:35,00075D076C,K95
2021-07-15 02:55:46,00075D076C,K95
2021-07-15 02:55:52,0007ABC5F2,KE10
2021-07-15 02:56:23,00079AAA3C,KE9
2021-07-15 02:56:50,0006E241C1,KE9
2021-07-15 02:59:03,0006E239ED,KE9
2021-07-15 02:59:06,000783F377,KE9
2021-07-15 03:00:05,00075D076C,KE10
2021-07-15 03:00:15,00075B22B0,KE9
2021-07-15 03:01:26,0007ABDCCF,KE10
2021-07-15 03:01:43,000786D14D,KE10
2021-07-15 03:02:17,0006E24ECA,KB3
2021-07-15 03:02:21,0007ABD629,KE9
2021-07-15 03:02:41,00074EEC1A,KE9
2021-07-15 03:03:30,0007ABDCCF,KE9
2021-07-15 03:04:56,0007ABA539,KB3
2021-07-15 03:05:05,00075CE063,KE10
2021-07-15 03:05:07,000783CB2B,KE10
2021-07-15 03:05:23,0006E24ECA,KE10
2021-07-15 03:06:34,00075CE063,KE10
2021-07-15 03:06:52,00075CE063,KE10
2021-07-15 03:07:22,0006E24ECA,KE10
2021-07-15 03:07:34,000783CB2B,KE10
2021-07-15 03:07:45,00075B29B2,KE10
2021-07-15 03:07:58,0007ABD629,KE9
2021-07-15 03:08:07,00075D879F,KE9
2021-07-15 03:08:28,00075CE063,KE10
2021-07-15 03:08:36,0007ABA539,KE10
2021-07-15 03:08:39,00075CE063,KE10
2021-07-15 03:08:56,00075CE063,KE10
2021-07-15 03:08:57,0006E24ECA,KB3
2021-07-15 03:09:13,000799A5EF,KE10
2021-07-15 03:09:17,00075CE063,KE10
2021-07-15 03:09:17,0007ABD629,KE9
2021-07-15 03:09:28,0007ABD629,KE9
2021-07-15 03:09:36,00075CE063,KE9
2021-07-15 03:09:41,0007ABD629,KE9
2021-07-15 03:09:57,000783CB2B,KE10
2021-07-15 03:10:15,0007ABDCCF,KE9
2021-07-15 03:10:38,0007ABA539,KE10
2021-07-15 03:10:47,0006E24ECA,KB3
2021-07-15 03:11:02,00074F7C6F,KE10
2021-07-15 03:11:16,0007ABA539,KE10
2021-07-15 03:11:35,0007ABA539,KE9
2021-07-15 03:11:46,0007ABA539,KE9
2021-07-15 03:12:06,0007ABA539,KE9
2021-07-15 03:13:12,000786B8A2,KE9
2021-07-15 03:13:18,0006E24ECA,KE10
2021-07-15 03:13:45,000799A5EF,KE10
2021-07-15 03:14:02,000799A5EF,KE10
2021-07-15 03:14:02,0007ABA539,KB3
2021-07-15 03:14:08,0007ABC5F2,KE10
2021-07-15 03:14:49,000799A5EF,KE10
2021-07-15 03:15:35,000799A5EF,KE9
2021-07-15 03:15:45,000783CB2B,KE10
2021-07-15 03:15:47,000786B8A2,KE9
2021-07-15 03:15:58,000786B8A2,KE9
2021-07-15 03:16:20,0007ABA539,KB3
2021-07-15 03:16:21,000786B8A2,KE10
2021-07-15 03:17:34,0006CC24E9,KE9
2021-07-15 03:18:14,0007ABA539,KE9
2021-07-15 03:18:59,000786B8A2,KE10
2021-07-15 03:19:05,0007ABC5F2,KE10
2021-07-15 03:20:08,0006E241C1,KE9
2021-07-15 03:21:02,000799A5EF,KE9
2021-07-15 03:21:16,0007ABC5F2,KE9
2021-07-15 03:23:33,00079A0255,KE9
2021-07-15 03:24:44,00074EEC1A,KE9
2021-07-15 03:26:13,0006B34FE4,KE9
2021-07-15 03:26:28,0006E24ECA,KE10
2021-07-15 03:27:36,00075B29B2,KE10
2021-07-15 03:27:47,00075B29B2,KE10
2021-07-15 03:27:52,0006B3BF04,KE9
2021-07-15 03:28:44,0007ABA539,KE9
2021-07-15 03:29:10,0007AC44BD,KE9
2021-07-15 03:29:23,00074F7C6F,KE10
2021-07-15 03:30:54,00075CE063,KE9
2021-07-15 03:31:05,00075CE063,KE9
2021-07-15 03:31:09,000783CB2B,KE9
2021-07-15 03:32:42,0006B3BF04,KE9
2021-07-15 03:32:46,00079A0255,KE9
2021-07-15 03:33:48,0006B3AC35,KE9
2021-07-15 03:33:49,00075D076C,KE10
2021-07-15 03:35:06,00074EEC1A,KE9
2021-07-15 03:36:12,0007ABC5F2,KE9
2021-07-15 03:36:50,0006B34FE4,KE9
2021-07-15 03:38:39,000783CB2B,KE9
2021-07-15 03:39:40,0007ABF44A,KB3
2021-07-15 03:42:08,0007ABF44A,KE9
2021-07-15 03:42:48,0007AC44BD,KE9
2021-07-15 03:44:13,00075B22B0,KE9
2021-07-15 03:50:38,0007ABF44A,KE9
2021-07-15 03:53:59,00074F7C6F,KE9
2021-07-15 03:56:53,00079AAA3C,KE9
2021-07-15 03:57:15,00075B22B0,KE9
2021-07-15 03:57:30,0006B3AC35,KE9
2021-07-15 03:59:03,0007ABD629,KE9
2021-07-15 04:04:42,0006CC24E9,KE9
2021-07-15 04:06:54,0007ABD629,KE9
2021-07-15 04:07:37,00079AAA3C,KE9
2021-07-15 04:08:29,00074F7C6F,KE9
2021-07-15 04:26:08,00074F7C6F,KE9
2021-07-15 04:33:02,000799A5EF,KE10
2021-07-15 04:38:08,000799A5EF,KE10
2021-07-15 04:38:19,000799A5EF,KE10
2021-07-15 04:38:33,0007AC3CC1,KE10
2021-07-15 04:41:43,00074F7C6F,KE9
2021-07-15 04:48:56,0006E24C7B,KE9
2021-07-15 04:49:30,0007ACAC37,KE9
2021-07-15 04:50:10,000799A5EF,KE10
2021-07-15 04:50:21,000799A5EF,KE10
2021-07-15 04:50:35,000799A5EF,KE10
2021-07-15 04:50:48,0007AC3CC1,KE10
2021-07-15 04:53:44,0006CC24E9,KE9
2021-07-15 04:55:23,000783F429,KB3
2021-07-15 04:55:47,000788A24D,KE9
2021-07-15 04:57:11,0007ACAC37,KE9
2021-07-15 04:57:23,0007AC0387,KE10
2021-07-15 04:57:23,0007ACAC37,KE9
2021-07-15 04:57:27,000799A5EF,KE10
2021-07-15 04:57:34,0007ACAC37,KE9
2021-07-15 04:57:49,00075B29B2,KE10
2021-07-15 04:58:00,000786B8A2,KE10
2021-07-15 05:00:35,0007ACAC37,KB3
2021-07-15 05:00:36,0007AC44BD,KE9
2021-07-15 05:00:46,0006E239ED,KE9
2021-07-15 05:03:23,000783F377,KE10
2021-07-15 05:03:25,00075CE063,KE10
2021-07-15 05:03:25,00079A0255,KE9
2021-07-15 05:03:44,000783F429,KB3
2021-07-15 05:03:55,000783F429,KB3
2021-07-15 05:04:07,000783F429,KB3
2021-07-15 05:04:29,0007ACAC37,KB3
2021-07-15 05:04:40,0007ACAC37,KB3
2021-07-15 05:04:43,000799A5EF,KE10
2021-07-15 05:04:53,00074EEC1A,KE9
2021-07-15 05:04:56,0007ACAC37,KB3
2021-07-15 05:05:07,0007ACAC37,KB3
2021-07-15 05:05:10,0006E241C1,KE10
2021-07-15 05:05:26,0007ABD629,KE9
2021-07-15 05:05:26,000783F429,KB3
2021-07-15 05:05:37,000783F429,KB3
2021-07-15 05:05:48,000783F429,KB3
2021-07-15 05:05:59,000783F429,KB3
2021-07-15 05:06:00,00071E15BF,KE10
2021-07-15 05:06:19,000783F429,KB3
2021-07-15 05:06:45,0006E24ECA,KE10
2021-07-15 05:07:35,0007ABC5F2,KE10
2021-07-15 05:08:36,0007ABDCCF,KE9
2021-07-15 05:08:39,000799A5EF,KE10
2021-07-15 05:09:07,0007AC3CC1,KE9
2021-07-15 05:09:08,0007ACAC37,KE9
2021-07-15 05:09:09,0007ABC809,KE10
2021-07-15 05:09:15,0006B3BF04,KE9
2021-07-15 05:10:08,00075D076C,KE10
2021-07-15 05:10:37,0007AC418B,KE10
2021-07-15 05:10:41,0006B3AC35,KE9
2021-07-15 05:10:47,0007ABD4DC,KE9
2021-07-15 05:10:49,0006B3BF04,KE9
2021-07-15 05:11:04,0007AC3CC1,KE9
2021-07-15 05:11:26,0006B3BF04,KE9
2021-07-15 05:11:52,0006B3BF04,KE9
2021-07-15 05:12:01,0007AC80F1,KE9
2021-07-15 05:12:32,00075B22B0,KE9
2021-07-15 05:12:48,0007AC3CC1,KE9
2021-07-15 05:12:59,000786D14D,KE10
2021-07-15 05:13:07,000783F429,KE10
2021-07-15 05:13:39,000783F429,KE10
2021-07-15 05:14:04,000799A5EF,KE10
2021-07-15 05:14:05,0006B34FE4,KE9
2021-07-15 05:14:20,00071E2D31,KE9
2021-07-15 05:14:24,00079AAA3C,KE9
2021-07-15 05:14:33,00074F663E,KE9
2021-07-15 05:14:35,000786D14D,KE10
2021-07-15 05:14:45,00074F663E,KE9
2021-07-15 05:15:02,000783CB2B,KE9
2021-07-15 05:16:50,0007ABF44A,KE9
2021-07-15 05:17:46,00075D879F,KE9
2021-07-15 05:18:31,00075CE063,KE10
2021-07-15 05:19:05,0007AC5939,KE10
2021-07-15 05:19:09,0007AC8787,KE9
2021-07-15 05:19:24,0007ABA539,KE10
2021-07-15 05:20:38,00075B22B0,KE9
2021-07-15 05:21:18,00075D879F,KE9
2021-07-15 05:21:29,00075D879F,KE9
2021-07-15 05:22:11,0007ABD4DC,KE9
2021-07-15 05:22:23,0007ABD4DC,KE9
2021-07-15 05:22:38,0007ABD4DC,KE9
2021-07-15 05:22:44,00075CE063,KE10
2021-07-15 05:22:54,0007ABD4DC,KE9
2021-07-15 05:22:57,00074F7C6F,KE10
2021-07-15 05:23:06,00075CE063,KE10
2021-07-15 05:23:06,0007ABD4DC,KE9
2021-07-15 05:23:12,0007ABA539,KE10
2021-07-15 05:23:19,00075CE063,KE10
2021-07-15 05:23:23,0007ABA539,KE10
2021-07-15 05:23:38,0007ABA539,KE9
2021-07-15 05:23:52,0007ABA539,KE9
2021-07-15 05:23:57,0006E24C7B,KE9
2021-07-15 05:24:12,0006E24C7B,KE9
2021-07-15 05:24:20,00074F663E,KE9
2021-07-15 05:24:32,0007ABA539,KE9
2021-07-15 05:24:48,00074F663E,KE9
2021-07-15 05:25:16,0007ABD4DC,KE9
2021-07-15 05:25:18,00075CE063,KE10
2021-07-15 05:25:43,00074F663E,KE9
2021-07-15 05:25:47,00075CE063,KE10
2021-07-15 05:26:20,00074F663E,KE9
2021-07-15 05:26:36,00075CE063,KE9
2021-07-15 05:27:29,00074F663E,KE9
2021-07-15 05:27:47,00074F663E,KE9
2021-07-15 05:28:12,00074F663E,KE9
2021-07-15 05:28:23,00074F663E,KE9
2021-07-15 05:28:36,00074F663E,KE9
2021-07-15 05:28:51,0007ABD4DC,KE9
2021-07-15 05:29:13,0007ABD4DC,KE9
2021-07-15 05:31:43,0007AC8787,KE9
2021-07-15 05:32:05,0007AC8787,KE9
2021-07-15 05:32:46,0006B3AC35,KE9
2021-07-15 05:32:57,0006B3AC35,KE9
2021-07-15 05:33:08,0006B3AC35,KE9
2021-07-15 05:33:19,0006B3AC35,KE9
2021-07-15 05:33:30,000799A5EF,KE10
2021-07-15 05:33:30,0006B3AC35,KE9
2021-07-15 05:33:41,0006B3AC35,KE9
2021-07-15 05:34:03,0006B3AC35,KE9
2021-07-15 05:34:15,0006B3AC35,KE9
2021-07-15 05:34:28,0006B3AC35,KE9
2021-07-15 05:34:41,0006B3AC35,KE9
2021-07-15 05:35:29,000799A5EF,KE10
2021-07-15 05:35:40,000799A5EF,KE10
2021-07-15 05:35:51,000799A5EF,KE10
2021-07-15 05:36:02,000799A5EF,KE10
2021-07-15 05:36:13,000799A5EF,KE10
2021-07-15 05:36:25,000799A5EF,KE10
2021-07-15 05:38:57,00075CE063,KE9
2021-07-15 05:39:08,00075CE063,KE9
2021-07-15 05:39:24,00075CE063,KE9
2021-07-15 05:39:30,0006B3AC35,KE9
2021-07-15 05:39:36,00075CE063,KE9
2021-07-15 05:39:53,00075CE063,KE9
2021-07-15 05:40:04,00075CE063,KE9
2021-07-15 05:40:15,00075CE063,KE9
2021-07-15 05:40:37,00075CE063,KE9
2021-07-15 05:40:50,00075CE063,KE9
2021-07-15 05:41:52,000783CB2B,KE9
2021-07-15 05:45:42,000783F429,KE10
2021-07-15 05:45:55,000783F429,KE10
2021-07-15 05:48:54,00075D879F,KE9
2021-07-15 05:49:07,00075D879F,KE9
2021-07-15 05:49:19,00075D879F,KE9
2021-07-15 05:49:30,00075D879F,KE9
2021-07-15 05:49:41,00075D879F,KE9
2021-07-15 05:49:52,00075D879F,KE9
2021-07-15 05:50:04,00075D879F,KE9
2021-07-15 05:50:15,00075D879F,KE9
2021-07-15 05:50:26,00075D879F,KE9
2021-07-15 05:50:37,00075D879F,KE9
2021-07-15 05:50:48,00075D879F,KE9
2021-07-15 05:50:59,00075D879F,KE9
2021-07-15 05:51:36,00075D879F,KE9
2021-07-15 05:51:47,00075D879F,KE9
2021-07-15 05:51:58,00075D879F,KE9
2021-07-15 05:52:53,000799A5EF,KE10
2021-07-15 05:53:01,0006B3AC35,KE9
2021-07-15 05:53:57,0006B3AC35,KE9
2021-07-15 05:54:08,0006B3AC35,KE9
2021-07-15 05:54:12,0006E24C7B,KE9
2021-07-15 05:54:19,0006B3AC35,KE9
2021-07-15 05:54:30,0006B3AC35,KE9
2021-07-15 05:54:44,0006B3AC35,KE9
2021-07-15 05:57:05,000783CB2B,KE9
2021-07-15 05:57:18,000783CB2B,KE9
2021-07-15 05:57:29,000783CB2B,KE9
2021-07-15 05:57:40,000783CB2B,KE9
2021-07-15 05:57:51,000783CB2B,KE9
2021-07-15 05:59:34,0007ABDCCF,KE9
2021-07-15 05:59:38,0006E241C1,KE10
2021-07-15 06:00:00,0007ABDCCF,KE9
2021-07-15 06:01:34,0006E241C1,KE10
2021-07-15 06:04:01,000799A5EF,KE10
2021-07-15 06:04:37,000799A5EF,KE10
2021-07-15 06:05:00,000799A5EF,KE10
2021-07-15 06:06:43,00075CE063,KE9
2021-07-15 06:07:25,0007AC80F1,KE9
2021-07-15 06:13:18,00079AAA3C,KE9
2021-07-15 06:13:44,00079AAA3C,KE9
2021-07-15 06:13:56,00079AAA3C,KE9
2021-07-15 06:20:19,0006E239ED,KE9
2021-07-15 06:21:40,000783F377,KE10
2021-07-15 06:25:44,0007ACAC37,KE9
2021-07-15 06:26:04,0006B34FE4,KE9
2021-07-15 06:31:31,000799A5EF,KE10
2021-07-15 06:31:42,000799A5EF,KE10
2021-07-15 06:31:58,000799A5EF,KE10
2021-07-15 06:36:20,0007AC8787,KE9
2021-07-15 06:36:35,0007AC8787,KE9
2021-07-15 06:37:06,0007AC8787,KE9
2021-07-15 06:38:17,0006B3AC35,KE9
2021-07-15 06:38:21,0006E241C1,KE10
2021-07-15 06:38:23,00079AAA3C,KE9
2021-07-15 06:38:35,00079AAA3C,KE9
2021-07-15 06:38:50,00079AAA3C,KE9
2021-07-15 06:39:09,00079AAA3C,KE9
2021-07-15 06:39:14,0006E241C1,KE10
2021-07-15 06:39:40,00074F7C6F,KE10
2021-07-15 06:40:00,00074F7C6F,KE10
2021-07-15 06:40:22,0006B3AC35,KE9
2021-07-15 06:40:40,0007AC8787,KE9
2021-07-15 06:54:35,0006E24C7B,KE9
2021-07-15 06:54:59,0006E24C7B,KE9
2021-07-15 06:55:14,0007AC44BD,KE9
2021-07-15 06:55:49,0007AC44BD,KE9
2021-07-15 06:56:58,0007AC44BD,KE9
2021-07-15 06:57:28,0007AC418B,KE10
2021-07-15 06:59:10,00074F663E,KE9
2021-07-15 06:59:58,00074F7C6F,KE10
2021-07-15 07:01:04,00074F7C6F,KE10
2021-07-15 07:01:40,00074F7C6F,KE10
2021-07-15 07:04:06,00075CE063,KE9
2021-07-15 07:05:15,0006E241C1,KE10
2021-07-15 07:08:46,000799A5EF,KE10
2021-07-15 07:09:00,000799A5EF,KE10
2021-07-15 07:09:42,000799A5EF,KE10
2021-07-15 07:10:36,0006B3AC35,KE9
2021-07-15 07:17:15,0006B3BF04,KE9
2021-07-15 07:22:57,00079AAA3C,KE9
2021-07-15 07:23:08,00079AAA3C,KE9
2021-07-15 07:23:20,0006E24C7B,KE9
2021-07-15 07:25:40,0006E241C1,KE10
2021-07-15 07:26:56,00074EEC1A,KE9
2021-07-15 07:35:10,00071E2D31,KE9
2021-07-15 07:36:32,00071E2D31,KE9
2021-07-15 07:41:43,0007AC3CC1,KE9
2021-07-15 07:42:20,0007ABD629,KE9
2021-07-15 07:42:31,0007ABD629,KE9
2021-07-15 07:44:22,0006E241C1,KE10
2021-07-15 07:49:45,00074EEC1A,KE9
2021-07-15 07:51:10,0006B34FE4,KE9
2021-07-15 07:52:53,0006B34FE4,KE9
2021-07-15 07:53:58,0007ACAC37,KE9
2021-07-15 07:55:40,0007ACAC37,KE9
2021-07-15 08:01:31,000799A5EF,KE10
2021-07-15 08:01:44,000788A24D,KE9
2021-07-15 08:01:49,0007ABD629,KE9
2021-07-15 08:02:57,000788A24D,KE9
2021-07-15 08:06:25,000788A24D,KE9
2021-07-15 08:07:08,000788A24D,KE9
2021-07-15 08:07:29,000788A24D,KE9
2021-07-15 08:08:05,0007AC3CC1,KE9
2021-07-15 08:11:55,0007AC44BD,KE9
2021-07-15 08:15:15,0006E241C1,KE10
2021-07-15 08:20:50,000783F377,KE10
2021-07-15 08:25:31,00071E2D31,KE9
2021-07-15 08:37:12,0007ABC5F2,KE10
2021-07-15 08:41:05,0006B3BF04,KE9
2021-07-15 08:41:16,0006B3BF04,KE9
2021-07-15 08:41:27,0006B3BF04,KE9
2021-07-15 08:41:38,0006B3BF04,KE9
2021-07-15 08:41:49,0006B3BF04,KE9
2021-07-15 08:42:00,0006B3BF04,KE9
2021-07-15 08:42:00,000783F377,KE10
2021-07-15 08:45:12,0007ABD4DC,KE9
2021-07-15 08:46:33,0006B3BF04,KE9
2021-07-15 08:46:47,0006B3BF04,KE9
2021-07-15 08:47:21,00071E2D31,KE9
2021-07-15 08:48:47,0006E239ED,KE9
2021-07-15 08:48:58,0007ABF44A,KE9
2021-07-15 08:48:59,0006E239ED,KE9
2021-07-15 08:49:13,0006E239ED,KE9
2021-07-15 08:49:26,0007ABF44A,KE9
2021-07-15 08:49:56,0006E239ED,KE9
2021-07-15 08:50:16,0006E239ED,KE9
2021-07-15 08:50:31,0006E241C1,KE10
2021-07-15 08:50:46,0006E241C1,KE10
2021-07-15 08:50:51,0006E239ED,KE9
2021-07-15 08:51:11,000786B8A2,KE10
2021-07-15 08:52:04,0006E241C1,KE10
2021-07-15 08:52:21,0006B3AC35,KE9
2021-07-15 08:57:51,00075D879F,KE9
2021-07-15 09:00:24,000783F429,KE10
2021-07-15 09:02:10,0006B34FE4,KE9
2021-07-15 09:02:21,0006B34FE4,KE9
2021-07-15 09:06:02,0006E239ED,KE9
2021-07-15 09:06:15,0006E239ED,KE9
2021-07-15 09:06:26,0006E239ED,KE9
2021-07-15 09:20:45,000783F377,KE10
2021-07-15 09:28:03,0007ABD4DC,KE9
2021-07-15 09:41:23,00075D076C,KE10
2021-07-15 09:41:26,000786B8A2,KE10
2021-07-15 09:41:34,0006E239ED,KE9
2021-07-15 09:47:48,000799A5EF,KE10
2021-07-15 09:48:44,000799A5EF,KE10
2021-07-15 09:48:55,000799A5EF,KE10
2021-07-15 09:50:56,0007ABA539,KE9
2021-07-15 09:51:22,0007ABA539,KE9
2021-07-15 09:52:39,0007ABDCCF,KE9
2021-07-15 09:53:06,0007ABDCCF,KE9
2021-07-15 10:14:49,0007AC8787,KE9
2021-07-15 10:15:00,0007AC8787,KE9
2021-07-15 10:16:27,0006B34FE4,KE9
2021-07-15 10:16:45,0006B34FE4,KE9
2021-07-15 10:17:18,0006B34FE4,KE9
2021-07-15 10:18:24,0007AC0387,KE10
2021-07-15 10:24:21,00071E2D31,KE9
2021-07-15 10:24:32,00071E2D31,KE9
2021-07-15 10:26:04,0007ACAC37,KE9
2021-07-15 10:26:17,0007ACAC37,KE9
2021-07-15 10:45:46,0007ABD629,KE9
2021-07-15 10:46:11,0007ABD629,KE9
2021-07-15 10:47:52,0006B34FE4,KE9
2021-07-15 10:48:52,000783CB2B,KE9
2021-07-15 10:54:05,000783CB2B,KE9
2021-07-15 10:54:58,0006CC24E9,KE9
2021-07-15 10:55:10,0006CC24E9,KE9
2021-07-15 10:55:48,0006CC24E9,KE9
2021-07-15 11:00:51,0006E241C1,KE10
2021-07-15 11:01:02,0006E241C1,KE10
2021-07-15 11:01:45,0006E241C1,KE10
2021-07-15 11:02:04,0006E241C1,KE10
2021-07-15 11:02:22,0006E241C1,KE10
2021-07-15 11:14:17,0006E241C1,KE10
2021-07-15 11:14:55,0007AC8787,KE9
2021-07-15 11:15:06,0007AC8787,KE9
2021-07-15 11:15:23,0007AC8787,KE9
2021-07-15 11:15:47,0007AC8787,KE9
2021-07-15 11:16:32,0007AC8787,KE9
2021-07-15 11:16:46,0007AC8787,KE9
2021-07-15 11:17:56,00074EEC1A,KE9
2021-07-15 11:18:08,00074EEC1A,KE9
2021-07-15 11:18:09,0006E241C1,KE10
2021-07-15 11:18:45,00074EEC1A,KE9
2021-07-15 11:18:58,00074EEC1A,KE9
2021-07-15 11:33:17,0006B34FE4,KE9
2021-07-15 11:35:13,0006B34FE4,KE9
2021-07-15 11:37:24,0006E24C7B,KE9
2021-07-15 11:37:35,0006E24C7B,KE9
2021-07-15 11:39:21,00079AAA3C,KE9
2021-07-15 11:39:24,00079A0255,KE9
2021-07-15 11:39:35,00079A0255,KE9
2021-07-15 11:39:47,00079AAA3C,KE9
2021-07-15 11:39:58,00079AAA3C,KE9
2021-07-15 11:40:34,000799A5EF,KE10
2021-07-15 11:44:43,00074F7C6F,KE10
2021-07-15 11:46:02,000788A24D,KE9
2021-07-15 11:46:27,000788A24D,KE9
2021-07-15 11:48:15,00075B22B0,KE9
2021-07-15 11:50:32,000783F429,KE10
2021-07-15 11:54:16,00071E2D31,KE9
2021-07-15 11:54:27,00071E2D31,KE9
2021-07-15 12:29:36,0006B3BF04,KE9
2021-07-15 12:29:48,0006B3BF04,KE9
2021-07-15 12:30:01,0006B3BF04,KE9
2021-07-15 12:44:44,0007ABD629,KE9
2021-07-15 12:54:00,0006B3AC35,KE9
2021-07-15 12:54:36,0006B3AC35,KE9
2021-07-15 13:03:08,0007ABD629,KE9
2021-07-15 13:03:22,0007ABD629,KE9
2021-07-15 13:04:12,00075D879F,KE9
2021-07-15 13:04:42,00075D879F,KE9
2021-07-15 13:05:01,00075D879F,KE9
2021-07-15 13:11:51,0007AC8787,KE9
2021-07-15 13:24:02,0006B3AC35,KE9
2021-07-15 13:30:57,0007AC418B,KE10
2021-07-15 13:31:08,0007AC418B,KE10
2021-07-15 13:31:19,0007AC418B,KE10
2021-07-15 13:32:31,0007ABDCCF,KE9
2021-07-15 13:36:31,00071E2D31,KE9
2021-07-15 13:45:43,00075D879F,KE9
2021-07-15 14:17:20,0006E241C1,KE10
2021-07-15 14:17:31,0006E241C1,KE10
2021-07-15 14:22:36,0006E241C1,KE10
2021-07-15 14:56:47,000788A24D,KE9
2021-07-15 15:01:03,0006E239ED,KE9
2021-07-15 15:01:29,0006E239ED,KE9
2021-07-15 15:01:45,0006E239ED,KE9
2021-07-15 15:16:40,0006B3AC35,KE9
2021-07-15 15:33:53,0007ABD629,KE9
2021-07-15 15:34:07,0007ABD629,KE9
2021-07-15 15:35:09,00074EEC1A,KE9
2021-07-15 15:48:26,0006E239ED,KE9
2021-07-15 15:48:56,0006E239ED,KE9
2021-07-15 16:09:47,0006B3BF04,KE9
2021-07-15 16:09:58,0006B3BF04,KE9
2021-07-15 16:10:15,0006B3BF04,KE9
2021-07-15 16:10:34,0006B3BF04,KE9
2021-07-15 16:10:45,0006B3BF04,KE9
2021-07-15 16:10:56,0006B3BF04,KE9
2021-07-15 16:15:06,00071E2D31,KE9
2021-07-15 16:20:06,0006B3BF04,KE9
2021-07-15 16:20:18,0006B3BF04,KE9
2021-07-15 16:20:31,0006B3BF04,KE9
2021-07-15 16:20:42,0006B3BF04,KE9
2021-07-15 16:20:53,0006B3BF04,KE9
2021-07-15 16:21:05,0006B3BF04,KE9
2021-07-15 16:21:16,0006B3BF04,KE9
2021-07-15 16:21:27,0006B3BF04,KE9
2021-07-15 16:24:45,0006B3BF04,KE9
2021-07-15 16:25:09,0006B3BF04,KE9
2021-07-15 16:25:47,0006B3BF04,KE9
2021-07-15 16:32:03,0006CC24E9,KE9
2021-07-15 16:39:31,0006B34FE4,KE9
2021-07-15 16:47:47,00071E2D31,KE9
2021-07-15 16:47:49,00075CE063,KE9
2021-07-15 16:48:32,00071E2D31,KE9
2021-07-15 16:49:03,0007AC8787,KE9
2021-07-15 16:49:04,00074F663E,KE9
2021-07-15 16:49:20,0007AC8787,KE9
2021-07-15 16:51:19,0006B3BF04,KE9
2021-07-15 16:51:45,0006B3BF04,KE9
2021-07-15 17:10:10,000783F377,KE10
2021-07-15 17:30:22,0007ABA539,KE9
2021-07-15 17:33:38,00079A0255,KE9
2021-07-15 18:03:47,0007ABD4DC,KE9
2021-07-15 18:03:58,0007ABD4DC,KE9
2021-07-15 18:04:09,0007ABD4DC,KE9
2021-07-15 18:37:16,0007ABC809,KE10
2021-07-15 20:08:15,00074F7C6F,KE10
2021-07-15 20:19:59,0007ABDCCF,KE9
2021-07-15 20:22:46,0007AC418B,KE10
2021-07-15 21:18:35,0007ABC809,KE10
2021-07-15 21:18:46,0007ABC809,KE10
2021-07-15 21:26:03,000786B8A2,KE10
2021-07-15 21:26:17,000786B8A2,KE10
2021-07-15 21:27:48,0006B34FE4,KE9
2021-07-15 21:29:40,000786D14D,KE10
2021-07-15 21:30:07,000786D14D,KE10
2021-07-15 21:30:43,00074F663E,KE9
2021-07-15 21:31:03,000786B8A2,KE10
2021-07-15 21:31:09,00074F7C6F,KE10
2021-07-15 21:32:47,0007AC0387,KE10
2021-07-15 21:32:59,0007ABC5F2,KE10
2021-07-15 21:33:03,00075D879F,KE9
2021-07-15 21:33:08,000786D14D,KE10
2021-07-15 21:33:14,0007AC0387,KE10
2021-07-15 21:33:27,00075D879F,KE9
2021-07-15 21:33:29,00074EEC1A,KE9
2021-07-15 21:34:29,00074EEC1A,KE9
2021-07-15 21:34:37,0007ABC809,KE10
2021-07-15 21:34:40,00074EEC1A,KE9
2021-07-15 21:34:51,00074EEC1A,KE9
2021-07-15 21:34:57,0006B34FE4,KE9
2021-07-15 21:35:13,0006E24ECA,KE10
2021-07-15 21:35:30,0006CC24E9,KE9
2021-07-15 21:35:38,0007AC3CC1,KE9
2021-07-15 21:35:41,0006CC24E9,KE9
2021-07-15 21:35:54,0006CC24E9,KE9
2021-07-15 21:36:03,00079AAA3C,KE9
2021-07-15 21:36:04,0007ABC809,KE10
2021-07-15 21:36:17,0006E24ECA,KE10
2021-07-15 21:36:29,0006E239ED,KE9
2021-07-15 21:36:35,00079AAA3C,KE9
2021-07-15 21:36:40,0006E239ED,KE9
2021-07-15 21:36:51,0006E239ED,KE9
2021-07-15 21:37:01,00074EEC1A,KE9
2021-07-15 21:37:09,0006E24C7B,KE9
2021-07-15 21:37:10,0006E241C1,KE10
2021-07-15 21:37:52,0006B3BF04,KE9
2021-07-15 21:37:59,00071E15BF,KE10
2021-07-15 21:38:18,0007ABF44A,KE9
2021-07-15 21:38:48,00075D076C,KE10
2021-07-15 21:39:08,000783F429,KE10
2021-07-15 21:39:17,000783CB2B,KE9
2021-07-15 21:39:28,000783CB2B,KE9
2021-07-15 21:39:28,0007AC418B,KE10
2021-07-15 21:39:39,000783CB2B,KE9
2021-07-15 21:39:39,0007AC418B,KE10
2021-07-15 21:39:52,0007AC418B,KE10
2021-07-15 21:39:53,000783CB2B,KE9
2021-07-15 21:40:03,0007AC418B,KE10
2021-07-15 21:40:04,000799A5EF,KE10
2021-07-15 21:40:04,000783CB2B,KE9
2021-07-15 21:40:15,0007AC418B,KE10
2021-07-15 21:40:19,00079AAA3C,KE9
2021-07-15 21:40:20,000799A5EF,KE10
2021-07-15 21:40:22,0006B3AC35,KE9
2021-07-15 21:40:26,0007AC8787,KE9
2021-07-15 21:41:01,0007AC8787,KE9
2021-07-15 21:41:13,00079A0255,KE9
2021-07-15 21:41:21,0007AC5939,KE10
2021-07-15 21:41:27,00075B22B0,KE9
2021-07-15 21:41:47,000788A24D,KE9
2021-07-15 21:41:57,000783F377,KE10
2021-07-15 21:42:00,000788A24D,KE9
2021-07-15 21:42:31,00075CE063,KE9
2021-07-15 21:42:33,000783F377,KE10
2021-07-15 21:42:47,0007ABF44A,KE9
2021-07-15 21:42:48,000783F377,KE10
2021-07-15 21:42:55,0007ABD629,KE9
2021-07-15 21:42:59,000783F377,KE10
2021-07-15 21:43:04,000788A24D,KE9
2021-07-15 21:43:11,0007ABD629,KE9
2021-07-15 21:43:14,0007AC44BD,KE9
2021-07-15 21:43:21,000788A24D,KE9
2021-07-15 21:43:28,000783F429,KE10
2021-07-15 21:43:35,000788A24D,KE9
2021-07-15 21:43:40,0007ACAC37,KE9
2021-07-15 21:43:48,0007ABA539,KE9
2021-07-15 21:44:04,0007ABA539,KE9
2021-07-15 21:44:06,00075B29B2,KE10
2021-07-15 21:44:14,000783F429,KE10
2021-07-15 21:44:21,0007ABD629,KE9
2021-07-15 21:45:10,0007AC80F1,KE9
2021-07-15 21:45:19,00071E2D31,KE9
2021-07-15 21:45:58,00071E2D31,KE9
2021-07-15 21:46:07,0007AC44BD,KE9
2021-07-15 21:46:23,0007AC44BD,KE9
2021-07-15 21:46:30,0007ABDCCF,KE9
2021-07-15 21:48:29,000799A5EF,KE10
2021-07-15 21:49:05,0007AC3CC1,KE9
2021-07-15 21:49:12,0006E241C1,KE10
2021-07-15 21:49:44,0007ABD4DC,KE9
2021-07-15 21:49:49,000799A5EF,KE10
2021-07-15 21:49:55,0007ABD4DC,KE9
2021-07-15 21:50:32,0007AC3CC1,KE9
2021-07-15 21:50:48,0007ABD4DC,KE9
2021-07-15 21:51:00,000783F377,KE10
2021-07-15 21:52:42,0007ABC5F2,KE10
2021-07-15 21:53:17,0006E241C1,KE10
2021-07-15 21:53:50,000783F377,KE10
2021-07-15 21:56:24,0007ABC5F2,KE10
2021-07-15 21:56:35,0007ABC5F2,KE10
2021-07-15 21:59:00,0006E241C1,KE9
2021-07-15 22:02:46,000783F377,KE10
2021-07-15 22:03:05,000799A5EF,KE10
2021-07-15 22:03:53,000783F377,KE10
2021-07-15 22:04:28,000783F377,KE10
2021-07-15 22:04:39,000783F377,KE10
2021-07-15 22:04:44,000799A5EF,KE10
2021-07-15 22:04:52,000783F377,KE10
2021-07-15 22:05:14,000799A5EF,KE9
2021-07-15 22:07:40,0007ABC5F2,KE9
2021-07-15 22:08:15,0006E241C1,KE9
2021-07-15 22:09:10,00074F7C6F,KE10
2021-07-15 22:10:41,000799A5EF,KE9
2021-07-15 22:13:21,0007ABC5F2,KE9
2021-07-15 22:19:13,00074F7C6F,KE10
2021-07-15 22:21:56,000783F377,KE9
2021-07-15 22:23:59,000799A5EF,KE9
2021-07-15 22:36:03,000799A5EF,KE9
2021-07-15 22:38:40,0007AC44BD,KE9
2021-07-15 22:39:50,000783F377,KE9
2021-07-15 22:40:29,000786B8A2,KE9
2021-07-15 22:41:31,000786B8A2,KE9
2021-07-15 22:41:47,00074F7C6F,KE10
2021-07-15 22:47:39,00074F7C6F,KE10
2021-07-15 22:51:37,0007AC44BD,KE9
2021-07-15 22:53:08,0006B3BF04,KE10
2021-07-15 22:54:58,0006B3BF04,KE10
2021-07-15 23:04:02,0006E241C1,KE9
2021-07-15 23:04:02,000786B8A2,KE10
2021-07-15 23:07:02,0006CC24E9,KE9
2021-07-15 23:08:07,00074F7C6F,KE9
2021-07-15 23:08:36,00074EEC1A,KE9
2021-07-15 23:09:09,00074F7C6F,KE9
2021-07-15 23:10:25,000786B8A2,KE10
2021-07-15 23:11:54,00074EEC1A,KE9
2021-07-15 23:15:10,0006E24ECA,KE10
2021-07-15 23:15:15,00079AAA3C,KE10
2021-07-15 23:15:17,0007ABD629,KE9
2021-07-15 23:16:07,0007ABC5F2,KE10
2021-07-15 23:19:02,00079AAA3C,KE10
2021-07-15 23:21:41,0006CC24E9,KE9
2021-07-15 23:21:50,0006E241C1,KE9
2021-07-15 23:22:55,0006E239ED,KE9
2021-07-15 23:23:48,00079A0255,KE9
2021-07-15 23:24:31,0007AC80F1,KE9
2021-07-15 23:25:39,00075B22B0,KE9
2021-07-15 23:25:41,000783F377,KE9
2021-07-15 23:27:11,00074F7C6F,KE9
2021-07-15 23:27:18,0007ABC5F2,KE10
2021-07-15 23:27:37,0007ABD629,KE9
2021-07-15 23:28:57,00079A0255,KE9
2021-07-15 23:30:49,00075CE063,KE10
2021-07-15 23:30:54,00075D076C,KE10
2021-07-15 23:31:14,000786D14D,KE10
2021-07-15 23:32:32,00075D879F,KE9
2021-07-15 23:32:45,000786B8A2,KE9
2021-07-15 23:33:03,00079AAA3C,KE9
2021-07-15 23:33:07,0006E239ED,KE9
2021-07-15 23:33:23,00075CE063,KE10
2021-07-15 23:33:48,00075CE063,KE9
2021-07-15 23:34:03,0007AC80F1,KE9
2021-07-15 23:36:23,000786B8A2,KE9
2021-07-15 23:37:03,000786B8A2,KE10
2021-07-15 23:37:16,0006B34FE4,KE9
2021-07-15 23:37:37,00075B22B0,KE9
2021-07-15 23:37:41,0006B3BF04,KE10
2021-07-15 23:39:05,0006B3BF04,KE10
2021-07-15 23:39:15,00079AAA3C,KE9
2021-07-15 23:39:31,0006B3BF04,KE10
2021-07-15 23:39:46,0006B3BF04,KE10
2021-07-15 23:40:06,0006B3BF04,KE10
2021-07-15 23:40:29,0006B3BF04,KE9
2021-07-15 23:40:41,00075B29B2,KE10
2021-07-15 23:41:45,00074F663E,KE10
2021-07-15 23:42:03,000783F377,KE9
2021-07-15 23:42:43,0006B3BF04,KE9
2021-07-15 23:43:33,00075D879F,KE9
2021-07-15 23:43:52,0006B3BF04,KE9
2021-07-15 23:44:52,0007ABF44A,KE9
2021-07-15 23:45:05,00079AAA3C,KE9
2021-07-15 23:45:16,0006B3BF04,KE10
2021-07-15 23:45:59,00074F663E,KE10
2021-07-15 23:46:19,00074EEC1A,KE9
2021-07-15 23:46:23,0007AC44BD,KE9
2021-07-15 23:46:38,0006B3BF04,KE10
2021-07-15 23:46:57,0006B3BF04,KE9
2021-07-15 23:47:37,00075CE063,KE9
2021-07-15 23:47:51,00074F663E,KE9
2021-07-15 23:47:57,00075B29B2,KE10
2021-07-15 23:48:08,00075B29B2,KE10
2021-07-15 23:48:34,000786D14D,KE10
2021-07-15 23:48:53,0007ABC5F2,KE10
2021-07-15 23:49:49,00075D076C,KE10
2021-07-15 23:51:06,0007ABDCCF,KE9
2021-07-15 23:53:07,0006B3BF04,KE9
2021-07-15 23:53:23,0007ABC5F2,KE10
2021-07-15 23:53:39,0007ABF44A,KE9
2021-07-15 23:54:56,00074F663E,KE9
2021-07-15 23:55:10,0006B34FE4,KE9
2021-07-15 23:57:52,00075B29B2,KE10
2021-07-15 23:58:16,000786B8A2,KE10
2021-07-15 23:58:54,0006E24ECA,KE10
2021-07-15 23:59:46,0007ABA539,KE10
2021-07-16 00:00:04,0007ABDCCF,KE9
2021-07-16 00:01:22,0007ABA539,KE10
2021-07-16 00:01:27,00079A0255,KE9
2021-07-16 00:01:33,00071E15BF,KE10
2021-07-16 00:01:40,0007ABA539,KE10
2021-07-16 00:01:52,00074EEC1A,KE9
2021-07-16 00:01:53,0007ABA539,KE9
2021-07-16 00:02:58,000799A5EF,KE9
2021-07-16 00:04:16,000799A5EF,KE9
2021-07-16 00:04:30,00079A0255,KE9
2021-07-16 00:04:41,00079A0255,KE9
2021-07-16 00:04:41,000786B8A2,KE9
2021-07-16 00:06:35,000786B8A2,KE9
2021-07-16 00:07:17,0007ABA539,KE9
2021-07-16 00:07:20,000786B8A2,KE10
2021-07-16 00:07:28,0007ABA539,KE9
2021-07-16 00:08:02,000783CB2B,KE10
2021-07-16 00:08:35,0007ABA539,KE10
2021-07-16 00:08:46,000799A5EF,KE10
2021-07-16 00:09:24,000783CB2B,KE10
2021-07-16 00:11:48,000799A5EF,KE10
2021-07-16 00:12:39,00074F7C6F,KE10
2021-07-16 00:13:29,0007AC44BD,KE9
2021-07-16 00:16:11,0007ABC5F2,KE10
2021-07-16 00:16:29,0007ABA539,KE10
2021-07-16 00:17:03,00071E15BF,KE10
2021-07-16 00:18:19,000783F377,KE9
2021-07-16 00:19:07,000786B8A2,KE10
2021-07-16 00:20:03,0007ABC5F2,KE10
2021-07-16 00:21:12,00074F7C6F,KE10
2021-07-16 00:28:19,00074F7C6F,KE10
2021-07-16 00:28:22,0007ABD629,KE10
2021-07-16 00:28:24,0007ABC5F2,KE10
2021-07-16 00:29:33,000783CB2B,KE10
2021-07-16 00:29:36,00079AAA3C,KE10
2021-07-16 00:29:48,0006B3AC35,KE9
2021-07-16 00:30:41,00075D879F,KE9
2021-07-16 00:31:45,0007ABD629,KE10
2021-07-16 00:33:16,0006E24ECA,KE10
2021-07-16 00:33:57,000783CB2B,KE10
2021-07-16 00:34:55,00079AAA3C,KE10
2021-07-16 00:35:10,00079AAA3C,KE10
2021-07-16 00:35:13,00075B29B2,KE10
2021-07-16 00:35:52,0006B3AC35,KE9
2021-07-16 00:36:03,0006B3AC35,KE9
2021-07-16 00:36:18,00079AAA3C,KE10
2021-07-16 00:36:57,0007ABC5F2,KE10
2021-07-16 00:37:15,0006B3AC35,KE9
2021-07-16 00:37:56,0006B3BF04,KE10
2021-07-16 00:38:03,00079A0255,KE9
2021-07-16 00:38:54,00079AAA3C,KE9
2021-07-16 00:38:56,000799A5EF,KE9
2021-07-16 00:41:32,00079AAA3C,KE9
2021-07-16 00:42:35,0006B3BF04,KE10
2021-07-16 00:44:01,0006B3BF04,KE9
2021-07-16 00:44:03,000783F377,KE9
2021-07-16 00:45:01,0006E239ED,KE9
2021-07-16 00:45:04,000783CB2B,KE9
2021-07-16 00:45:57,0006B3AC35,KE9
2021-07-16 00:47:09,000799A5EF,KE9
2021-07-16 00:48:30,0006E24ECA,KE10
2021-07-16 00:48:46,0006B3AC35,KE9
2021-07-16 00:49:16,00079A0255,KE9
2021-07-16 00:49:26,0006CC24E9,KE9
2021-07-16 00:50:00,0007ABD629,KE10
2021-07-16 00:50:14,0007ABA539,KE10
2021-07-16 00:50:49,00074F7C6F,KE10
2021-07-16 00:52:47,000783CB2B,KE9
2021-07-16 00:53:30,00075D879F,KE9
2021-07-16 00:54:02,0007ABD629,KE10
2021-07-16 00:54:14,0006E241C1,KE10
2021-07-16 00:54:20,0007ABD629,KE10
2021-07-16 00:54:39,0006E239ED,KE9
2021-07-16 00:56:49,0006B3AC35,KE9
2021-07-16 00:57:31,0007ABC5F2,KE10
2021-07-16 00:57:50,0006B3AC35,KE9
2021-07-16 00:58:02,0006B3AC35,KE9
2021-07-16 00:59:40,00075B29B2,KE10
2021-07-16 00:59:51,00075B29B2,KE10
2021-07-16 00:59:52,00075CE063,KE10
2021-07-16 01:00:18,0006B3BF04,KE9
2021-07-16 01:00:29,0006B3BF04,KE9
2021-07-16 01:01:26,0007ABC5F2,KE10
2021-07-16 01:02:30,0006E241C1,KE10
2021-07-16 01:02:46,00075CE063,KE10
2021-07-16 01:03:11,00075CE063,KE9
2021-07-16 01:05:31,0006B3AC35,KE9
2021-07-16 01:06:30,00074F7C6F,KE10
2021-07-16 01:08:13,0007AC80F1,KE9
2021-07-16 01:08:35,00079AAA3C,KE9
2021-07-16 01:12:29,00074EEC1A,KE9
2021-07-16 01:14:01,0006B3AC35,KE9
2021-07-16 01:15:07,00075B22B0,KE9
2021-07-16 01:15:42,0007ABD629,KE10
2021-07-16 01:17:09,00075CE063,KE9
2021-07-16 01:17:14,00079AAA3C,KE9
2021-07-16 01:17:47,0007AC80F1,KE9
2021-07-16 01:18:42,0007ABC5F2,KE10
2021-07-16 01:18:57,0006CC24E9,KE9
2021-07-16 01:19:45,00074EEC1A,KE9
2021-07-16 01:21:19,0007ABD629,KE10
2021-07-16 01:21:42,0007ABD629,KE10
2021-07-16 01:23:26,0007ABD629,KE10
2021-07-16 01:23:33,000786D14D,KE10
2021-07-16 01:24:39,0006E241C1,KE10
2021-07-16 01:25:37,0007ABC5F2,KE10
2021-07-16 01:27:23,0007ABD629,KE10
2021-07-16 01:28:30,0006E241C1,KE10
2021-07-16 01:29:01,0006E241C1,KE10
2021-07-16 01:29:48,000786B8A2,KE10
2021-07-16 01:30:35,00074F7C6F,KE10
2021-07-16 01:30:55,000783CB2B,KE10
2021-07-16 01:31:39,0007ABA539,KE10
2021-07-16 01:32:10,00075D076C,KE10
2021-07-16 01:32:36,00071E15BF,KE10
2021-07-16 01:34:01,00075B22B0,KE9
2021-07-16 01:35:51,000783CB2B,KE10
2021-07-16 01:36:57,0006E24ECA,KE10
2021-07-16 01:37:39,00074F663E,KE10
2021-07-16 01:39:05,000799A5EF,KE10
2021-07-16 01:39:20,0006E239ED,KE9
2021-07-16 01:40:17,00074F663E,KE10
2021-07-16 01:40:28,00074F663E,KE10
2021-07-16 01:40:36,0007ABF44A,KE10
2021-07-16 01:40:39,00074F663E,KE10
2021-07-16 01:40:52,000786D14D,KE10
2021-07-16 01:41:49,00075D076C,KE10
2021-07-16 01:42:59,0007ABF44A,KE10
2021-07-16 01:43:12,00074F663E,KE10
2021-07-16 01:44:47,00074F663E,KE9
2021-07-16 01:45:57,00074F7C6F,KE10
2021-07-16 01:46:00,00071E15BF,KE10
2021-07-16 01:47:05,0007ABDCCF,KE9
2021-07-16 01:47:28,0007ABF44A,KE10
2021-07-16 01:49:26,0007AC44BD,KE9
2021-07-16 01:49:39,000799A5EF,KE10
2021-07-16 01:49:49,0007ABF44A,KE10
2021-07-16 01:50:11,000786B8A2,KE10
2021-07-16 01:50:16,0006E239ED,KE9
2021-07-16 01:51:08,00074F663E,KE9
2021-07-16 01:55:21,000783F377,KE10
2021-07-16 01:55:24,0007ABD629,KE10
2021-07-16 01:55:45,0006E241C1,KE9
2021-07-16 01:59:14,0007ABC5F2,KE10
2021-07-16 01:59:33,00075D879F,KE9
2021-07-16 02:01:39,0007ABD629,KE10
2021-07-16 02:01:50,000783F377,KE10
2021-07-16 02:02:21,0007ABC5F2,KE10
2021-07-16 02:02:21,0007ABDCCF,KE9
2021-07-16 02:02:50,00075B29B2,KE10
2021-07-16 02:02:52,0007ABD629,KE10
2021-07-16 02:03:02,0007ABC5F2,KE9
2021-07-16 02:03:40,00074F7C6F,KE10
2021-07-16 02:03:50,0007ABD629,KE10
2021-07-16 02:04:05,0007AC44BD,KE9
2021-07-16 02:07:01,0006B34FE4,KE9
2021-07-16 02:07:49,000783F377,KE9
2021-07-16 02:08:14,0006E239ED,KE9
2021-07-16 02:08:41,000799A5EF,KE9
2021-07-16 02:09:15,0006E241C1,KE9
2021-07-16 02:11:25,00075D879F,KE9
2021-07-16 02:11:31,0007ABC5F2,KE9
2021-07-16 02:12:25,0006E239ED,KE9
2021-07-16 02:13:05,000799A5EF,KE9
2021-07-16 02:14:37,00079AAA3C,KE9
2021-07-16 02:14:58,0006B3BF04,KE10
2021-07-16 02:15:05,00075D879F,KE10
2021-07-16 02:15:26,00075D879F,KE10
2021-07-16 02:16:48,0006B34FE4,KE9
2021-07-16 02:17:34,000783F377,KE9
2021-07-16 02:17:39,0006B3BF04,KE10
2021-07-16 02:17:55,00074F7C6F,KE10
2021-07-16 02:18:01,0006B3BF04,KE9
2021-07-16 02:18:10,00074F7C6F,KE9
2021-07-16 02:18:59,0007ABF44A,KE10
2021-07-16 02:19:53,00074EEC1A,KE9
2021-07-16 02:21:21,000783CB2B,KE10
2021-07-16 02:22:44,0007ABD629,KE10
2021-07-16 02:24:12,0006CC24E9,KE9
2021-07-16 02:24:31,0007ABF44A,KE10
2021-07-16 02:24:41,00079AAA3C,KE9
2021-07-16 02:26:13,0007ABF44A,KE9
2021-07-16 02:26:30,0006E24ECA,KE10
2021-07-16 02:26:49,0007ABD629,KE10
2021-07-16 02:27:42,0007ABD629,KE9
2021-07-16 02:28:24,00079A0255,KE9
2021-07-16 02:28:33,0006B3BF04,KE9
2021-07-16 02:28:55,000783CB2B,KE10
2021-07-16 02:29:55,00074F7C6F,KE9
2021-07-16 02:30:07,00074F7C6F,KE9
2021-07-16 02:30:27,00074F7C6F,KE9
2021-07-16 02:30:38,00074F7C6F,KE9
2021-07-16 02:30:55,00074F7C6F,KE9
2021-07-16 02:31:07,00074F7C6F,KE9
2021-07-16 02:31:53,0006B3AC35,KE9
2021-07-16 02:32:04,00075CE063,KE10
2021-07-16 02:32:07,00074EEC1A,KE9
2021-07-16 02:33:05,0006B3AC35,KE9
2021-07-16 02:33:09,000786B8A2,KE10
2021-07-16 02:33:12,00074F7C6F,KE9
2021-07-16 02:33:50,000783F429,KE10
2021-07-16 02:34:40,00075CE063,KE10
2021-07-16 02:34:56,00075CE063,KE9
2021-07-16 02:35:07,0007ABF44A,KE9
2021-07-16 02:35:16,0006CC24E9,KE9
2021-07-16 02:35:59,00074F7C6F,KE9
2021-07-16 02:36:25,0007ABD629,KE9
2021-07-16 02:36:35,0007AC80F1,KE9
2021-07-16 02:36:41,0007ABA539,KE10
2021-07-16 02:36:56,00075B29B2,KE10
2021-07-16 02:37:48,00079A0255,KE9
2021-07-16 02:41:48,0007ABA539,KE10
2021-07-16 02:43:35,000783F429,KE10
2021-07-16 02:44:56,000786B8A2,KE10
2021-07-16 02:45:27,0006CC24E9,KE10
2021-07-16 02:45:48,00075CE063,KE9
2021-07-16 02:46:05,0007ACAC37,KE10
2021-07-16 02:46:15,0007AC80F1,KE9
2021-07-16 02:46:25,0006CC24E9,KE10
2021-07-16 02:46:30,00075B29B2,KE10
2021-07-16 02:46:33,0007ABC5F2,KE10
2021-07-16 02:46:54,00075B22B0,KE9
2021-07-16 02:49:15,000786D14D,KE10
2021-07-16 02:49:37,00075B22B0,KE9
2021-07-16 02:49:53,0007ACAC37,KE10
2021-07-16 02:50:49,0006E24ECA,KE10
2021-07-16 02:50:55,000799A5EF,KE9
2021-07-16 02:51:52,0006B3AC35,KE9
2021-07-16 02:52:13,00074EEC1A,KE9
2021-07-16 02:53:44,0006B3AC35,KE9
2021-07-16 02:53:47,00074EEC1A,KE9
2021-07-16 02:53:57,0007AC44BD,KE9
2021-07-16 02:54:33,0007ABA539,KE10
2021-07-16 02:54:40,0006E24ECA,KE10
2021-07-16 02:54:45,0007ABA539,KE10
2021-07-16 02:54:53,00075B29B2,KE10
2021-07-16 02:55:40,000783CB2B,KE10
2021-07-16 02:56:31,000786D14D,KE10
2021-07-16 02:57:42,0007ABC5F2,KE10
2021-07-16 02:58:00,00074EEC1A,KE10
2021-07-16 02:58:13,00075D879F,KE10
2021-07-16 02:58:15,0006E24ECA,KE10
2021-07-16 02:58:21,000799A5EF,KE9
2021-07-16 02:58:40,00074EEC1A,KE10
2021-07-16 02:58:52,0007ABA539,KE10
2021-07-16 02:59:05,00074EEC1A,KE10
2021-07-16 02:59:33,00074EEC1A,KE10
2021-07-16 02:59:44,0007AC3CC1,KE10
2021-07-16 02:59:46,0007ABC5F2,KE9
2021-07-16 02:59:59,00074EEC1A,KE9
2021-07-16 03:00:20,0007AC44BD,KE9
2021-07-16 03:01:25,0007ABA539,KE10
2021-07-16 03:01:42,000783F377,KE10
2021-07-16 03:01:53,000783F377,KE10
2021-07-16 03:01:57,000786D14D,KE10
2021-07-16 03:02:01,0007ABA539,KE10
2021-07-16 03:02:06,00075B29B2,KE10
2021-07-16 03:02:16,00074EEC1A,KE9
2021-07-16 03:02:48,0006E24ECA,KE10
2021-07-16 03:03:01,00075D076C,KE10
2021-07-16 03:03:15,00075D879F,KE10
2021-07-16 03:03:38,000783F377,KE10
2021-07-16 03:03:43,00074F7C6F,KE10
2021-07-16 03:04:31,0007ABA539,KE10
2021-07-16 03:05:29,000786D14D,KE10
2021-07-16 03:05:37,0007AC44BD,KE9
2021-07-16 03:06:11,00079AAA3C,KE10
2021-07-16 03:06:22,00075B29B2,KE10
2021-07-16 03:06:22,00075D879F,KE9
2021-07-16 03:06:33,00075B29B2,KE10
2021-07-16 03:06:49,00075B29B2,KE10
2021-07-16 03:07:10,000786D14D,KE10
2021-07-16 03:07:48,0007ABA539,KE10
2021-07-16 03:08:15,000783CB2B,KE10
2021-07-16 03:08:38,0007ABC5F2,KE9
2021-07-16 03:09:19,0007AC44BD,KE9
2021-07-16 03:09:31,0007ABA539,KE10
2021-07-16 03:10:09,00071E15BF,KE10
2021-07-16 03:10:16,000786D14D,KE10
2021-07-16 03:11:04,0007ABA539,KE10
2021-07-16 03:11:54,00079AAA3C,KE10
2021-07-16 03:12:14,0006E241C1,KE9
2021-07-16 03:12:35,0007AC3CC1,KE10
2021-07-16 03:12:47,00075D879F,KE9
2021-07-16 03:13:00,0007AC44BD,KE9
2021-07-16 03:14:02,00074F7C6F,KE10
2021-07-16 03:17:05,0007ABDCCF,KE9
2021-07-16 03:17:21,00075D879F,KE10
2021-07-16 03:17:25,0007AC44BD,KE9
2021-07-16 03:18:23,0007AC44BD,KE10
2021-07-16 03:18:34,0007AC44BD,KE10
2021-07-16 03:18:49,00075D879F,KE10
2021-07-16 03:20:07,000783CB2B,KE10
2021-07-16 03:20:14,00074F7C6F,KE10
2021-07-16 03:20:15,0007AC44BD,KE10
2021-07-16 03:20:24,00079AAA3C,KE10
2021-07-16 03:21:03,0007ABDCCF,KE9
2021-07-16 03:21:12,0006B34FE4,KE10
2021-07-16 03:21:15,0007ABDCCF,KE9
2021-07-16 03:21:18,0007AC44BD,KE10
2021-07-16 03:21:36,00074F7C6F,KE10
2021-07-16 03:21:50,00079AAA3C,KE10
2021-07-16 03:22:05,0006B3BF04,KE9
2021-07-16 03:22:09,00079AAA3C,KE9
2021-07-16 03:22:11,00075B22B0,KE9
2021-07-16 03:22:43,00071E15BF,KE10
2021-07-16 03:23:22,0006CC24E9,KE9
2021-07-16 03:23:49,00074F663E,KE10
2021-07-16 03:24:06,00074F663E,KE9
2021-07-16 03:24:35,0006CC24E9,KE9
2021-07-16 03:24:42,000783F377,KE9
2021-07-16 03:25:50,000783CB2B,KE10
2021-07-16 03:26:01,000783CB2B,KE10
2021-07-16 03:26:18,0006CC24E9,KE9
2021-07-16 03:27:28,0006E241C1,KE9
2021-07-16 03:27:35,00079AAA3C,KE9
2021-07-16 03:27:46,0006E241C1,KE9
2021-07-16 03:28:17,000786D14D,KE10
2021-07-16 03:28:24,0006CC24E9,KE10
2021-07-16 03:28:42,000783CB2B,KE10
2021-07-16 03:29:14,00075D076C,KE10
2021-07-16 03:29:33,000786B8A2,KE10
2021-07-16 03:30:04,00075CE063,KE10
2021-07-16 03:30:33,0006CC24E9,KE10
2021-07-16 03:31:25,000786D14D,KE10
2021-07-16 03:31:55,00075CE063,KE10
2021-07-16 03:32:15,0006B34FE4,KE10
2021-07-16 03:32:19,00075CE063,KE9
2021-07-16 03:32:26,0006B34FE4,KE10
2021-07-16 03:32:27,00075B22B0,KE9
2021-07-16 03:32:37,0006B34FE4,KE10
2021-07-16 03:32:39,00074F663E,KE9
2021-07-16 03:32:49,0006B3BF04,KE9
2021-07-16 03:33:36,000786D14D,KE10
2021-07-16 03:34:11,0006CC24E9,KE9
2021-07-16 03:34:15,000786D14D,KE10
2021-07-16 03:35:15,000783F377,KE9
2021-07-16 03:35:30,00074F7C6F,KE9
2021-07-16 03:35:49,0007AC44BD,KE10
2021-07-16 03:36:17,0006CC24E9,KE9
2021-07-16 03:36:35,000786D14D,KE10
2021-07-16 03:37:11,0007AC44BD,KE10
2021-07-16 03:37:17,0007ABD629,KE10
2021-07-16 03:37:22,00075D076C,KE10
2021-07-16 03:37:35,000783CB2B,KE10
2021-07-16 03:38:03,000786D14D,KE10
2021-07-16 03:38:19,0007AC44BD,KE10
2021-07-16 03:38:34,0006B3BF04,KE9
2021-07-16 03:38:40,0006B34FE4,KE9
2021-07-16 03:38:43,000799A5EF,KE9
2021-07-16 03:38:55,000783CB2B,KE10
2021-07-16 03:39:37,00075CE063,KE9
2021-07-16 03:39:55,000786B8A2,KE10
2021-07-16 03:39:59,0007ABD629,KE10
2021-07-16 03:40:18,00074F7C6F,KE9
2021-07-16 03:41:23,000783CB2B,KE9
2021-07-16 03:41:48,00075D076C,KE10
2021-07-16 03:42:09,0006B34FE4,KE9
2021-07-16 03:42:16,0006B3BF04,KE9
2021-07-16 03:42:27,0006B3BF04,KE9
2021-07-16 03:42:37,0006B34FE4,KE9
2021-07-16 03:42:48,0006B34FE4,KE9
2021-07-16 03:42:49,0006B3BF04,KE9
2021-07-16 03:42:52,0007AC44BD,KE9
2021-07-16 03:42:59,0006B34FE4,KE9
2021-07-16 03:43:10,0006B34FE4,KE9
2021-07-16 03:43:21,0006B34FE4,KE9
2021-07-16 03:43:25,0006B3BF04,KE9
2021-07-16 03:43:36,0006B3BF04,KE9
2021-07-16 03:43:40,00075D879F,KE10
2021-07-16 03:43:46,0007ABD629,KE10
2021-07-16 03:43:47,0006B3BF04,KE9
2021-07-16 03:44:55,00075D076C,KE10
2021-07-16 03:45:21,00075D879F,KE10
2021-07-16 03:45:26,0007ABD629,KE10
2021-07-16 03:45:39,000783CB2B,KE9
2021-07-16 03:45:49,0007ABD629,KE9
2021-07-16 03:45:50,000783CB2B,KE9
2021-07-16 03:46:01,000783CB2B,KE9
2021-07-16 03:46:16,000799A5EF,KE9
2021-07-16 03:46:44,0007AC44BD,KE9
2021-07-16 03:46:54,00075D076C,KE10
2021-07-16 03:46:55,0007AC44BD,KE9
2021-07-16 03:47:06,0007AC44BD,KE9
2021-07-16 03:47:17,000783CB2B,KE9
2021-07-16 03:47:17,0007AC44BD,KE9
2021-07-16 03:47:27,00079AAA3C,KE9
2021-07-16 03:47:36,000783CB2B,KE9
2021-07-16 03:48:13,00079AAA3C,KE9
2021-07-16 03:48:31,00075D879F,KE10
2021-07-16 03:48:35,0007AC44BD,KE9
2021-07-16 03:48:46,0007AC44BD,KE9
2021-07-16 03:48:57,0007AC44BD,KE9
2021-07-16 03:49:08,0007AC44BD,KE9
2021-07-16 03:49:45,00075D879F,KE10
2021-07-16 03:50:18,0007ABD629,KE9
2021-07-16 03:50:33,0007AC80F1,KE9
2021-07-16 03:51:42,00075D879F,KE10
2021-07-16 03:52:17,00075D879F,KE10
2021-07-16 03:52:24,0007ABD629,KE10
2021-07-16 03:52:39,0007ABD629,KE10
2021-07-16 03:53:08,0007ABD629,KE10
2021-07-16 03:53:25,0007ABD629,KE10
2021-07-16 03:53:57,0007ABD629,KE9
2021-07-16 03:54:06,00075D879F,KE9
2021-07-16 03:56:36,0007ABD629,KE9
2021-07-16 03:56:47,0007ABD629,KE9
2021-07-16 03:56:58,0007ABD629,KE9
2021-07-16 03:57:09,0007ABD629,KE9
2021-07-16 03:57:18,0007AC80F1,KE9
2021-07-16 03:57:20,0007ABD629,KE9
2021-07-16 03:57:57,00075D879F,KE9
2021-07-16 04:00:11,00075D879F,KE10
2021-07-16 04:00:26,00075D879F,KE10
2021-07-16 04:01:10,0007ABF44A,KE10
2021-07-16 04:01:29,00075D879F,KE10
2021-07-16 04:01:36,00075D076C,KE10
2021-07-16 04:01:47,00075D879F,KE10
2021-07-16 04:01:57,0007ABF44A,KE10
2021-07-16 04:02:08,00075D879F,KE9
2021-07-16 04:06:06,00075D879F,KE9
2021-07-16 04:06:57,0007ABF44A,KE10
2021-07-16 04:08:06,00075D879F,KE10
2021-07-16 04:08:15,0007ABF44A,KE10
2021-07-16 04:08:22,00075D879F,KE10
2021-07-16 04:09:54,0007ABF44A,KE10
2021-07-16 04:10:00,00075D879F,KE10
2021-07-16 04:10:49,00075D879F,KE10
2021-07-16 04:10:56,0007ABF44A,KE10
2021-07-16 04:12:44,0007ABF44A,KE10
2021-07-16 04:13:13,0007ABF44A,KE10
2021-07-16 04:13:55,0007ABF44A,KE9
2021-07-16 04:16:00,00074F7C6F,KE10
2021-07-16 04:17:37,00075D879F,KE9
2021-07-16 04:18:58,0007ABF44A,KE9
2021-07-16 04:19:09,0007ABF44A,KE9
2021-07-16 04:19:20,0007ABF44A,KE9
2021-07-16 04:20:46,00074F7C6F,KE10
2021-07-16 04:22:26,00075D879F,KE9
2021-07-16 04:25:03,00074F7C6F,KE9
2021-07-16 04:25:16,00075D879F,KE9
2021-07-16 04:27:08,00075D879F,KE9
2021-07-16 04:27:19,00075D879F,KE9
2021-07-16 04:28:16,00075D879F,KE9
2021-07-16 04:55:51,0007AC0387,KE10
2021-07-16 04:58:18,0007ACAC37,KE10
2021-07-16 05:00:02,000783F429,KE10
2021-07-16 05:00:18,00079A0255,KE9
2021-07-16 05:01:16,0007ACAC37,KE10
2021-07-16 05:02:57,000799A5EF,KE9
2021-07-16 05:05:27,0007ABC5F2,KE10
2021-07-16 05:08:41,0007AC5939,KE10
2021-07-16 05:09:24,00071E15BF,KE10
2021-07-16 05:10:25,00075CE063,KE10
2021-07-16 05:11:36,00075B22B0,KE9
2021-07-16 05:12:03,00074F663E,KE10
2021-07-16 05:12:07,0007AC8787,KE9
2021-07-16 05:12:13,0007AC418B,KE10
2021-07-16 05:12:14,0007AC80F1,KE9
2021-07-16 05:12:24,000786B8A2,KE10
2021-07-16 05:20:07,00075CE063,KE10
2021-07-16 05:20:20,00075CE063,KE10
2021-07-16 05:20:44,000783F377,KE10
2021-07-16 05:21:32,0006E241C1,KE9
2021-07-16 05:22:03,00071E2D31,KE9
2021-07-16 05:22:19,000783F377,KE10
2021-07-16 05:24:15,00075CE063,KE10
2021-07-16 05:24:47,000783F377,KE10
2021-07-16 05:25:23,0007AC80F1,KE9
2021-07-16 06:39:51,00074F663E,KE10
2021-07-16 06:40:31,00074F663E,KE10
2021-07-16 06:48:19,00074F663E,KE10
2021-07-16 06:48:56,00074F663E,KE10
2021-07-16 06:49:25,00074F663E,KE10
2021-07-16 06:50:08,00074F663E,KE10
2021-07-16 06:50:41,00074F663E,KE10
2021-07-16 06:50:53,00074F663E,KE10
2021-07-16 06:51:04,00074F663E,KE10
2021-07-16 06:51:33,0007AC0387,KE10
2021-07-16 06:51:47,0007AC0387,KE10
2021-07-16 06:51:49,00074F663E,KE10
2021-07-16 07:07:43,00074F663E,KE10
2021-07-16 07:09:25,00074F663E,KE10
2021-07-16 07:11:53,00074F663E,KE10
2021-07-16 07:12:45,00074F663E,KE10
2021-07-16 07:13:07,00074F663E,KE10
2021-07-16 07:13:18,00074F663E,KE10
2021-07-16 10:24:25,0007AC418B,KE10
2021-07-16 11:20:30,0007AC0387,KE10
2021-07-17 21:17:22,000799A5EF,K5
2021-07-17 21:17:53,000799A5EF,K5
2021-07-17 21:18:17,000799A5EF,K5
2021-07-17 21:18:52,0006B34FE4,K5
2021-07-17 21:19:05,000799A5EF,K5
2021-07-17 21:19:26,0006E239ED,K5
2021-07-17 21:19:51,0006B34FE4,K5
2021-07-17 21:20:34,000799A5EF,K5
2021-07-17 21:20:37,0006B3BF04,K5
2021-07-17 21:21:10,0006B34FE4,K5
2021-07-17 21:21:23,0006B34FE4,K5
2021-07-17 21:21:30,00074F663E,K5
2021-07-17 21:21:33,0006B3BF04,K5
2021-07-17 21:22:23,000799A5EF,K5
2021-07-17 21:26:44,0006E239ED,K5
2021-07-17 21:27:20,000799A5EF,K5
2021-07-17 21:33:19,0006E24C7B,K5
2021-07-17 21:34:01,0006E239ED,K5
2021-07-17 21:36:58,000786D14D,K5
2021-07-17 21:39:38,0006B34FE4,K5
2021-07-17 21:39:51,000799A5EF,K5
2021-07-17 21:42:16,0007AC8787,KB4
2021-07-17 21:43:26,0007AC418B,KB4
2021-07-17 21:43:44,0007AC418B,KB4
2021-07-17 21:46:52,000799A5EF,K5
2021-07-17 21:57:54,0006E239ED,K5
2021-07-17 22:00:41,000786D14D,K5
2021-07-17 22:03:56,0007ABD4DC,K5
2021-07-17 22:04:44,000786D14D,K5
2021-07-17 22:21:46,000799A5EF,K5
2021-07-17 22:25:48,000799A5EF,K5
2021-07-17 22:27:10,00075B22B0,K5
2021-07-17 22:27:43,0007AC80F1,K5
2021-07-17 22:27:49,000786B8A2,K5
2021-07-17 22:32:51,0006E241C1,K5
2021-07-17 22:35:38,0006E241C1,K5
2021-07-17 22:37:50,0006E241C1,K5
2021-07-17 22:38:43,0006B34FE4,K5
2021-07-17 22:40:54,0007AC44BD,K5
2021-07-17 22:41:12,000786B8A2,K5
2021-07-17 22:42:00,0007AC44BD,K5
2021-07-17 22:42:26,0006E241C1,K5
2021-07-17 22:45:27,000786B8A2,K5
2021-07-17 22:46:04,0007ABC5F2,K5
2021-07-17 22:48:07,0007ABC5F2,K5
2021-07-17 22:48:21,000786B8A2,K5
2021-07-17 22:52:13,000786B8A2,K5
2021-07-17 22:58:03,0007AC80F1,K5
2021-07-17 22:59:33,000783CB2B,K5
2021-07-17 23:01:55,0007ABA539,K5
2021-07-17 23:02:26,0007ABA539,K5
2021-07-17 23:03:23,0007AC80F1,K5
2021-07-17 23:05:42,00075B29B2,K5
2021-07-17 23:06:05,000799A5EF,K5
2021-07-17 23:08:33,0006E241C1,K5
2021-07-17 23:09:44,0006E241C1,K5
2021-07-17 23:11:06,000799A5EF,K5
2021-07-17 23:12:32,0006E241C1,K5
2021-07-17 23:12:34,00071E15BF,K5
2021-07-17 23:15:02,0006E241C1,K5
2021-07-17 23:16:34,0007AC80F1,K5
2021-07-17 23:17:13,00071E15BF,K5
2021-07-17 23:17:55,000783CB2B,K5
2021-07-17 23:18:45,000783F429,K5
2021-07-17 23:18:51,000799A5EF,K5
2021-07-17 23:18:59,000783F429,K5
2021-07-17 23:19:32,0006E241C1,K5
2021-07-17 23:24:55,000799A5EF,K5
2021-07-17 23:30:07,00074F663E,K5
2021-07-17 23:30:33,0007ACAC37,K5
2021-07-17 23:30:48,0006B34FE4,K5
2021-07-17 23:31:28,00075D879F,K5
2021-07-17 23:37:31,0006E239ED,K5
2021-07-17 23:37:37,0007AC44BD,K5
2021-07-17 23:38:24,0006E241C1,K5
2021-07-17 23:38:28,00075D879F,K5
2021-07-17 23:38:31,00075B22B0,K5
2021-07-17 23:39:58,00079AAA3C,K5
2021-07-17 23:40:18,0007AC44BD,K5
2021-07-17 23:42:35,00075D879F,K5
2021-07-17 23:42:50,0007AC44BD,K5
2021-07-17 23:50:07,00079AAA3C,K5
2021-07-17 23:51:36,000783CB2B,K5
2021-07-17 23:51:48,0007AC8787,K5
2021-07-17 23:53:09,00079AAA3C,K5
2021-07-17 23:53:15,0006E239ED,K5
2021-07-17 23:57:08,00079A0255,KD7
2021-07-17 23:57:43,0007ABA539,K5
2021-07-17 23:58:06,000786B8A2,K5
2021-07-17 23:58:30,00075D879F,K5
2021-07-17 23:58:49,0007ABA539,K5
2021-07-17 23:59:31,00079AAA3C,K5
2021-07-18 00:01:55,00071E2D31,KD7
2021-07-18 00:02:09,0007AC418B,KD7
2021-07-18 00:03:46,0007AC44BD,K5
2021-07-18 00:03:50,0007ABA539,K5
2021-07-18 00:03:56,0007ABC809,K5
2021-07-18 00:05:42,000783CB2B,K5
2021-07-18 00:06:12,0007ABA539,K5
2021-07-18 00:06:26,0007ABA539,K5
2021-07-18 00:07:09,0007ABC809,KD7
2021-07-18 00:10:27,00071E2D31,KD7
2021-07-18 00:10:50,0007ABC809,KD7
2021-07-18 00:11:06,0007AC418B,KD7
2021-07-18 00:13:21,00079A0255,KD7
2021-07-18 00:16:52,000786B8A2,K5
2021-07-18 00:17:20,00075D076C,K5
2021-07-18 00:27:21,00071E15BF,K5
2021-07-18 00:31:09,00079AAA3C,K5
2021-07-18 00:33:09,00079AAA3C,K5
2021-07-18 00:41:01,0007AC5939,K5
2021-07-18 00:43:22,000786B8A2,K5
2021-07-18 00:45:13,000786D14D,K5
2021-07-18 00:46:17,000783CB2B,K5
2021-07-18 00:46:24,0007ABC5F2,K5
2021-07-18 00:47:11,000786D14D,K5
2021-07-18 00:48:08,000788A24D,K5
2021-07-18 00:48:36,0007AC5939,K5
2021-07-18 00:49:56,0007ABC5F2,K5
2021-07-18 00:54:16,000783F429,K5
2021-07-18 00:54:27,000783F429,K5
2021-07-18 00:55:55,0006E241C1,K5
2021-07-18 00:56:40,0007AC418B,KD7
2021-07-18 00:56:48,00075B22B0,KD7
2021-07-18 00:57:16,0007AC418B,KD7
2021-07-18 00:57:43,00071E2D31,KD7
2021-07-18 00:58:06,0007ABC5F2,K5
2021-07-18 00:58:13,0006B34FE4,KD7
2021-07-18 00:59:09,0007AC0387,KD7
2021-07-18 01:01:16,0006E239ED,KD7
2021-07-18 01:01:28,0006B34FE4,KD7
2021-07-18 01:02:20,00075B22B0,KD7
2021-07-18 01:04:34,0006E239ED,KD7
2021-07-18 01:07:08,000783CB2B,KD7
2021-07-18 01:07:28,0007AC8787,KD7
2021-07-18 01:09:51,00074EEC1A,KD7
2021-07-18 01:10:11,0007AC44BD,KD7
2021-07-18 01:11:18,000783CB2B,KD7
2021-07-18 01:11:39,00071E2D31,KD7
2021-07-18 01:12:38,0007AC44BD,KD7
2021-07-18 01:13:26,00074EEC1A,KD7
2021-07-18 01:15:16,0007AC5939,K5
2021-07-18 01:15:19,00079A0255,KD7
2021-07-18 01:15:21,0007AC44BD,K5
2021-07-18 01:16:16,0007AC0387,KD7
2021-07-18 01:17:09,0006E239ED,K5
2021-07-18 01:18:56,000799A5EF,K5
2021-07-18 01:19:02,00079A0255,KD7
2021-07-18 01:20:00,0007AC8787,KD7
2021-07-18 01:20:41,0006E241C1,K5
2021-07-18 01:21:27,0007AC44BD,K5
2021-07-18 01:22:52,0007ABD629,KD7
2021-07-18 01:23:34,0007ABD629,KD7
2021-07-18 01:25:54,00079AAA3C,K5
2021-07-18 01:26:18,000783CB2B,KD7
2021-07-18 01:26:53,00079A0255,KD7
2021-07-18 01:27:45,000783CB2B,KD7
2021-07-18 01:29:15,00079A0255,KD7
2021-07-18 01:33:48,0006E239ED,K5
2021-07-18 01:34:10,000786B8A2,K5
2021-07-18 01:34:32,0007ABA539,K5
2021-07-18 01:36:56,0007AC5939,K5
2021-07-18 01:41:23,0007ABD629,KD7
2021-07-18 01:41:37,0007AC0387,KD7
2021-07-18 01:41:40,0007AC8787,KD7
2021-07-18 01:42:21,00075D879F,K5
2021-07-18 01:43:03,0007AC80F1,K5
2021-07-18 01:43:26,00071E15BF,K5
2021-07-18 01:44:48,0006E241C1,K5
2021-07-18 01:45:18,0007ABD629,KD7
2021-07-18 01:45:24,0007AC8787,KD7
2021-07-18 01:51:52,000799A5EF,K5
2021-07-18 01:52:57,0007AC44BD,K5
2021-07-18 01:53:21,0006E24ECA,K5
2021-07-18 01:55:07,0006E24ECA,K5
2021-07-18 01:56:13,000783F429,K5
2021-07-18 01:56:24,000783F429,K5
2021-07-18 01:56:46,00075CE063,KD7
2021-07-18 01:56:58,0007ACAC37,KD7
2021-07-18 01:57:26,000783CB2B,KD7
2021-07-18 01:57:44,0007AC8787,KD7
2021-07-18 01:58:45,00075B22B0,KD7
2021-07-18 02:00:08,00075CE063,KD7
2021-07-18 02:00:22,00075B22B0,KD7
2021-07-18 02:02:05,0007AC8787,KD7
2021-07-18 02:02:36,0007AC0387,KD7
2021-07-18 02:02:51,00074F663E,KD7
2021-07-18 02:03:02,000786B8A2,K5
2021-07-18 02:04:06,00074F663E,KD7
2021-07-18 02:05:13,000786D14D,KD7
2021-07-18 02:05:41,00075CE063,KD7
2021-07-18 02:06:28,000786D14D,KD7
2021-07-18 02:07:03,00079A0255,KD7
2021-07-18 02:07:26,00075D076C,KD7
2021-07-18 02:07:30,00075B29B2,KD7
2021-07-18 02:07:42,000783CB2B,KD7
2021-07-18 02:08:25,0007ACAC37,KD7
2021-07-18 02:08:38,00075D076C,KD7
2021-07-18 02:08:44,00079AAA3C,K5
2021-07-18 02:09:07,0006E241C1,K5
2021-07-18 02:09:19,00079A0255,KD7
2021-07-18 02:10:10,0007ABC5F2,K5
2021-07-18 02:10:41,00075B29B2,KD7
2021-07-18 02:11:17,0007AC44BD,K5
2021-07-18 02:11:20,0006E24ECA,K5
2021-07-18 02:11:44,0007AC0387,K5
2021-07-18 02:14:46,0006E239ED,K5
2021-07-18 02:15:01,00079A0255,K5
2021-07-18 02:18:09,00075CE063,KD7
2021-07-18 02:20:12,00071E2D31,KD7
2021-07-18 02:20:38,00075B29B2,KD7
2021-07-18 02:20:54,00079AAA3C,K5
2021-07-18 02:21:23,00075B29B2,KD7
2021-07-18 02:21:38,0006E24ECA,K5
2021-07-18 02:25:06,0007AC5939,K5
2021-07-18 02:25:34,0007ABA539,KD7
2021-07-18 02:26:13,0007ABA539,KD7
2021-07-18 02:26:17,0006E241C1,K5
2021-07-18 02:27:09,00075B29B2,KD7
2021-07-18 02:28:40,00074F663E,KD7
2021-07-18 02:29:11,00074F663E,KD7
2021-07-18 02:29:38,00071E2D31,KD7
2021-07-18 02:29:51,000783CB2B,K5
2021-07-18 02:30:01,0007AC3CC1,K5
2021-07-18 02:30:08,0007ABC5F2,K5
2021-07-18 02:33:21,000799A5EF,K5
2021-07-18 02:33:23,0007ABDCCF,KD7
2021-07-18 02:33:27,0007ACAC37,KD7
2021-07-18 02:33:37,0007ABA539,K5
2021-07-18 02:33:40,0006E239ED,K5
2021-07-18 02:33:41,0006B34FE4,KD7
2021-07-18 02:34:42,0007ABDCCF,KD7
2021-07-18 02:35:28,0006B34FE4,KD7
2021-07-18 02:35:53,0007AC5939,K5
2021-07-18 02:39:12,00075B29B2,KD7
2021-07-18 02:39:51,00074EEC1A,KD7
2021-07-18 02:40:28,000783CB2B,KD7
2021-07-18 02:40:35,0007ABC809,KD7
2021-07-18 02:42:21,000799A5EF,K5
2021-07-18 02:42:50,000783CB2B,KD7
2021-07-18 02:43:28,00074EEC1A,KD7
2021-07-18 02:44:34,00075D076C,KD7
2021-07-18 02:45:08,00075D076C,KD7
2021-07-18 02:47:09,0006E241C1,K5
2021-07-18 02:47:53,0007ACAC37,KD7
2021-07-18 02:51:28,0007ABC809,KD7
2021-07-18 02:53:32,00075D076C,KD7
2021-07-18 02:53:50,00075D076C,KD7
2021-07-18 02:57:28,00075B29B2,KD7
2021-07-18 02:58:27,0007ABD629,KD7
2021-07-18 03:00:32,0007ABA539,KD7
2021-07-18 03:00:56,0007ABA539,KD7
2021-07-18 03:01:16,0007ABD629,KD7
2021-07-18 03:02:46,00075D879F,K5
2021-07-18 03:06:40,00075B29B2,KD7
2021-07-18 03:08:02,00075B29B2,K5
2021-07-18 03:08:23,000788A24D,K5
2021-07-18 03:08:25,00079AAA3C,K5
2021-07-18 03:08:45,00075B22B0,KD7
2021-07-18 03:08:54,0007AC44BD,KD7
2021-07-18 03:12:16,0006E239ED,K5
2021-07-18 03:12:31,0007AC44BD,KD7
2021-07-18 03:12:52,00075B22B0,KD7
2021-07-18 03:13:10,0007AC44BD,K5
2021-07-18 03:14:07,0007ABA539,KD7
2021-07-18 03:14:12,00071E2D31,KD7
2021-07-18 03:14:17,000786B8A2,K5
2021-07-18 03:14:29,0007ABA539,KD7
2021-07-18 03:14:54,00075B22B0,K5
2021-07-18 03:16:48,000783CB2B,K5
2021-07-18 03:17:42,000783F429,K5
2021-07-18 03:20:50,000786D14D,KD7
2021-07-18 03:20:59,000786B8A2,K5
2021-07-18 03:21:01,000786D14D,KD7
2021-07-18 03:21:05,0007AC5939,K5
2021-07-18 03:21:11,000786B8A2,K5
2021-07-18 03:22:29,000783CB2B,KD7
2021-07-18 03:22:51,00079A0255,KD7
2021-07-18 03:23:56,000783CB2B,KD7
2021-07-18 03:24:33,0007AC80F1,K5
2021-07-18 03:25:36,00079A0255,KD7
2021-07-18 03:27:08,00071E2D31,KD7
2021-07-18 03:31:24,00079A0255,KD7
2021-07-18 03:34:30,0006E239ED,KD7
2021-07-18 03:34:38,00075B29B2,KD7
2021-07-18 03:34:41,0006E239ED,KD7
2021-07-18 03:34:41,000783CB2B,K5
2021-07-18 03:34:47,0007AC5939,K5
2021-07-18 03:35:30,00079A0255,KD7
2021-07-18 03:36:12,0007ABDCCF,KD7
2021-07-18 03:36:57,0006E241C1,K5
2021-07-18 03:38:01,00075B29B2,KD7
2021-07-18 03:39:41,00071E2D31,KD7
2021-07-18 03:41:06,00075CE063,KD7
2021-07-18 03:42:45,000799A5EF,K5
2021-07-18 03:44:25,0007ABDCCF,KD7
2021-07-18 03:45:45,0007ABDCCF,K5
2021-07-18 03:46:49,00075B29B2,K5
2021-07-18 03:47:47,00075D879F,K5
2021-07-18 03:48:12,000783F377,K5
2021-07-18 03:48:53,000799A5EF,K5
2021-07-18 03:49:59,00075D879F,KD7
2021-07-18 03:50:18,000783F377,K5
2021-07-18 03:50:56,00075D879F,KD7
2021-07-18 03:53:45,0007AC44BD,K5
2021-07-18 03:54:28,00071E2D31,KD7
2021-07-18 03:56:31,00075CE063,KD7
2021-07-18 03:59:19,00075CE063,K5
2021-07-18 04:04:43,0006E24ECA,K5
2021-07-18 04:05:04,0006E241C1,K5
2021-07-18 04:05:05,00075D879F,KD7
2021-07-18 04:05:21,00075D879F,KD7
2021-07-18 04:07:21,00075D076C,K5
2021-07-18 04:08:18,000783CB2B,K5
2021-07-18 04:08:59,0007ABD629,K5
2021-07-18 04:12:29,000786B8A2,K5
2021-07-18 04:13:35,00075D076C,K5
2021-07-18 04:14:32,00075D879F,K5
2021-07-18 04:23:47,0007ABD629,K5
2021-07-18 04:25:41,00075D076C,K5
2021-07-18 04:31:23,00075D076C,K5
2021-07-18 04:38:10,0006B23033,K5
2021-07-18 04:42:10,000788A24D,K5
2021-07-18 04:43:26,0006B23033,K5
2021-07-18 04:44:40,000788A24D,KD7
2021-07-18 04:45:57,000788A24D,KD7
2021-07-18 04:56:10,0007ABC809,KD7
2021-07-18 04:57:05,0007AC44BD,K5
2021-07-18 04:58:45,0007AC5939,K5
2021-07-18 04:59:35,0007ACAC37,KD7
2021-07-18 05:01:18,0006E239ED,K5
2021-07-18 05:03:40,0007AC0387,KD7
2021-07-18 05:04:32,000783F377,K5
2021-07-18 05:06:15,000783F377,K5
2021-07-18 05:07:44,000799A5EF,K5
2021-07-18 05:08:25,0006E241C1,K5
2021-07-18 05:09:00,0007ABDCCF,KD7
2021-07-18 05:11:34,0007AC418B,KD7
2021-07-18 05:14:26,0007ABDCCF,KD7
2021-07-18 05:14:37,0007ABDCCF,KD7
2021-07-18 05:15:25,0007AC8787,KD7
2021-07-18 05:16:15,00075CE063,KD7
2021-07-18 05:17:05,00071E2D31,KD7
2021-07-18 05:17:19,00079A0255,KD7
2021-07-18 05:19:00,00075D076C,K5
2021-07-18 21:12:57,000786B8A2,K5
2021-07-18 21:14:13,000786B8A2,K5
2021-07-18 21:19:23,000786B8A2,K5
2021-07-18 21:19:48,0007ABC5F2,K5
2021-07-18 21:19:55,000786B8A2,K5
2021-07-18 21:19:57,00075D879F,K5
2021-07-18 21:21:36,0006E24ECA,K5
2021-07-18 21:22:59,00079AAA3C,K5
2021-07-18 21:23:00,0007ABDCCF,K5
2021-07-18 21:23:04,0006E24ECA,K5
2021-07-18 21:24:32,0006E241C1,K5
2021-07-18 21:25:58,0007AC44BD,K5
2021-07-18 21:26:04,000799A5EF,K5
2021-07-18 21:26:10,000786B8A2,K5
2021-07-18 21:26:13,0007ABD629,K5
2021-07-18 21:26:30,000783CB2B,K5
2021-07-18 21:30:55,00075B29B2,K5
2021-07-18 21:31:19,0007AC80F1,K5
2021-07-18 21:31:31,00075B29B2,K5
2021-07-18 21:31:37,000783F429,K5
2021-07-18 21:33:02,0007ABDCCF,KD7
2021-07-18 21:34:20,00071E2D31,KD7
2021-07-18 21:35:41,00075CE063,KD7
2021-07-18 21:36:00,0007AC8787,KD7
2021-07-18 21:36:22,00079A0255,KD7
2021-07-18 21:37:01,0006E239ED,K5
2021-07-18 21:37:44,0007AC0387,KD7
2021-07-18 21:38:48,0007ABDCCF,KD7
2021-07-18 21:39:25,0007AC418B,KD7
2021-07-18 21:39:44,00071E2D31,KD7
2021-07-18 21:39:51,0007ACAC37,KD7
2021-07-18 21:39:51,0007ABD4DC,K5
2021-07-18 21:41:41,0007ABC809,KD7
2021-07-18 21:44:15,000788A24D,KD7
2021-07-18 21:44:26,000788A24D,KD7
2021-07-18 21:45:00,000788A24D,KD7
2021-07-18 21:47:19,0007AC5939,K5
2021-07-18 22:16:25,000786B8A2,K5
2021-07-18 22:28:40,000788A24D,K5
2021-07-18 22:30:32,0007ABDCCF,KD7
2021-07-18 22:31:06,0006E24ECA,KD7
2021-07-18 22:32:37,0007ABD629,K5
2021-07-18 22:34:42,0006E24ECA,KD7
2021-07-18 22:36:50,0006E24ECA,K5
2021-07-18 22:37:41,0007ABDCCF,KD7
2021-07-18 22:44:02,000786B8A2,K5
2021-07-18 22:59:16,00079A0255,KD7
2021-07-18 23:01:27,000783CB2B,KD7
2021-07-18 23:01:33,00075D076C,KD7
2021-07-18 23:03:31,0007ABC5F2,K5
2021-07-18 23:03:51,000783CB2B,KD7
2021-07-18 23:05:00,0007AC8787,K5
2021-07-18 23:05:25,00074F663E,KD7
2021-07-18 23:05:33,00079A0255,KD7
2021-07-18 23:05:58,00075D076C,KD7
2021-07-18 23:06:11,00075D879F,KD7
2021-07-18 23:06:59,00074F663E,KD7
2021-07-18 23:07:09,00075D879F,KD7
2021-07-18 23:07:11,0007AC8787,K5
2021-07-18 23:10:11,00075D879F,KD7
2021-07-18 23:10:42,000783CB2B,K5
2021-07-18 23:10:54,00075D879F,KD7
2021-07-18 23:12:28,0007ABC5F2,K5
2021-07-18 23:12:45,00074EEC1A,KD7
2021-07-18 23:13:18,0007ACAC37,KD7
2021-07-18 23:14:01,00074EEC1A,KD7
2021-07-18 23:14:49,0006CC24E9,KD7
2021-07-18 23:15:10,0006CC24E9,KD7
2021-07-18 23:15:58,0007ACAC37,KD7
2021-07-18 23:17:36,00075D879F,K5
2021-07-18 23:18:54,0007AC44BD,K5
2021-07-18 23:19:45,00075B29B2,KD7
2021-07-18 23:20:40,000799A5EF,KD7
2021-07-18 23:21:54,00075B29B2,KD7
2021-07-18 23:22:20,00071E15BF,K5
2021-07-18 23:22:46,000799A5EF,KD7
2021-07-18 23:23:31,0007AC44BD,K5
2021-07-18 23:23:39,00075D879F,KD7
2021-07-18 23:27:49,0006E241C1,KD7
2021-07-18 23:29:07,00075D076C,KD7
2021-07-18 23:29:41,0006E241C1,KD7
2021-07-18 23:30:11,0006E241C1,K5
2021-07-18 23:30:22,00075D076C,KD7
2021-07-18 23:32:59,000783CB2B,K5
2021-07-18 23:34:17,0006E241C1,K5
2021-07-18 23:34:26,00075D879F,KD7
2021-07-18 23:35:02,00075D076C,K5
2021-07-18 23:36:19,0006E241C1,KD7
2021-07-18 23:36:27,000783CB2B,KD7
2021-07-18 23:37:43,000799A5EF,KD7
2021-07-18 23:38:58,000799A5EF,KD7
2021-07-18 23:39:14,000799A5EF,K5
2021-07-18 23:40:11,000783F377,K5
2021-07-18 23:41:55,000783CB2B,KD7
2021-07-18 23:41:55,000783F377,K5
2021-07-18 23:42:04,000799A5EF,K5
2021-07-18 23:43:35,0006E241C1,KD7
2021-07-18 23:43:59,00075CE063,KD7
2021-07-18 23:50:05,0006E239ED,K5
2021-07-18 23:51:39,000783F429,KD7
2021-07-18 23:52:49,000783F429,KD7
2021-07-18 23:53:01,000783F429,KD7
2021-07-18 23:54:16,00075CE063,KD7
2021-07-18 23:57:01,00079AAA3C,K5
2021-07-18 23:58:15,0006E24ECA,K5
2021-07-19 00:04:12,00071E2D31,KD7
2021-07-19 00:05:58,0007ABDCCF,KD7
2021-07-19 00:11:15,00071E2D31,KD7
2021-07-19 00:13:27,0007ABD629,K5
2021-07-19 00:14:47,0007ABDCCF,KD7
2021-07-19 00:16:33,00075B29B2,K5
2021-07-19 00:18:09,000786B8A2,K5
2021-07-19 00:19:37,0007ABC5F2,KD7
2021-07-19 00:20:07,0007ABD629,KD7
2021-07-19 00:20:56,0007ABC5F2,KD7
2021-07-19 00:21:43,0007ABD629,KD7
2021-07-19 00:21:51,000783F377,K5
2021-07-19 00:23:11,0007ABC5F2,K5
2021-07-19 00:23:47,000783F377,K5
2021-07-19 00:25:47,000788A24D,KD7
2021-07-19 00:26:36,000786B8A2,K5
2021-07-19 00:27:12,000788A24D,KD7
2021-07-19 00:28:45,0007ABD629,K5
2021-07-19 00:30:46,000786B8A2,K5
2021-07-19 00:33:05,0007ABD629,K5
2021-07-19 00:33:16,0007ABD629,K5
2021-07-19 00:33:36,000786B8A2,K5
2021-07-19 00:35:05,000783F429,KD7
2021-07-19 00:36:04,0007AC44BD,K5
2021-07-19 00:36:06,0007ABD629,KD7
2021-07-19 00:36:35,000786B8A2,KD7
2021-07-19 00:36:56,0007ABD629,KD7
2021-07-19 00:37:31,000783CB2B,KD7
2021-07-19 00:37:57,000786B8A2,KD7
2021-07-19 00:39:11,0007ABD629,K5
2021-07-19 00:39:16,00079AAA3C,K5
2021-07-19 00:39:38,00071E15BF,K5
2021-07-19 00:40:36,000786B8A2,K5
2021-07-19 00:43:38,0007ABD629,KD7
2021-07-19 00:43:51,00079AAA3C,K5
2021-07-19 00:44:07,000786B8A2,KD7
2021-07-19 00:45:02,000783CB2B,KD7
2021-07-19 00:45:40,00079AAA3C,K5
2021-07-19 00:46:34,000799A5EF,K5
2021-07-19 00:47:37,000786B8A2,KD7
2021-07-19 00:49:55,00075D076C,KD7
2021-07-19 00:50:14,000799A5EF,K5
2021-07-19 00:50:25,000799A5EF,K5
2021-07-19 00:50:39,000799A5EF,K5
2021-07-19 00:50:47,00071E2D31,KD7
2021-07-19 00:51:24,000783F429,KD7
2021-07-19 00:51:52,0007AC44BD,K5
2021-07-19 00:52:40,00079A0255,KD7
2021-07-19 00:52:59,00075D076C,KD7
2021-07-19 00:53:53,000799A5EF,KD7
2021-07-19 00:54:16,0007AC44BD,KD7
2021-07-19 00:56:02,0007ABD629,KD7
2021-07-19 00:57:39,00075D076C,K5
2021-07-19 00:57:39,0007AC44BD,KD7
2021-07-19 00:58:27,000799A5EF,KD7
2021-07-19 00:59:09,00075D879F,KD7
2021-07-19 00:59:41,00075B29B2,KD7
2021-07-19 00:59:46,0007AC8787,KD7
2021-07-19 01:00:10,0006B3BF04,KD7
2021-07-19 01:00:32,00075D076C,KD7
2021-07-19 01:01:15,0006B3BF04,KD7
2021-07-19 01:01:27,00075D076C,KD7
2021-07-19 01:02:00,0007AC44BD,K5
2021-07-19 01:02:01,00079A0255,KD7
2021-07-19 01:04:08,00071E2D31,KD7
2021-07-19 01:04:36,0007AC44BD,K5
2021-07-19 01:04:47,0007ABC5F2,KD7
2021-07-19 01:04:48,0007AC44BD,K5
2021-07-19 01:04:57,0007AC8787,KD7
2021-07-19 01:04:59,0007AC44BD,K5
2021-07-19 01:05:10,0007AC44BD,K5
2021-07-19 01:05:21,0007AC44BD,K5
2021-07-19 01:05:25,0006E239ED,K5
2021-07-19 01:05:38,00075B29B2,KD7
2021-07-19 01:05:40,0007AC80F1,K5
2021-07-19 01:06:35,0007ABC5F2,KD7
2021-07-19 01:06:45,000783F377,K5
2021-07-19 01:08:34,00075D076C,KD7
2021-07-19 01:08:44,0007ABC5F2,K5
2021-07-19 01:08:45,0007AC44BD,K5
2021-07-19 01:09:08,000783F377,K5
2021-07-19 01:09:54,00075B29B2,K5
2021-07-19 01:10:31,00075D879F,KD7
2021-07-19 01:10:33,0007ABDCCF,KD7
2021-07-19 01:10:52,00075B29B2,K5
2021-07-19 01:12:34,000783F377,K5
2021-07-19 01:13:08,0007AC80F1,K5
2021-07-19 01:13:23,0006B3BF04,KD7
2021-07-19 01:13:26,0007AC44BD,KD7
2021-07-19 01:14:00,0007ABF44A,KD7
2021-07-19 01:14:12,00075B29B2,K5
2021-07-19 01:14:23,0006E239ED,K5
2021-07-19 01:14:52,0007ABF44A,KD7
2021-07-19 01:15:00,0007AC44BD,KD7
2021-07-19 01:15:56,0007AC44BD,K5
2021-07-19 01:18:15,0006E239ED,KD7
2021-07-19 01:19:16,0007AC44BD,K5
2021-07-19 01:19:25,0006E239ED,KD7
2021-07-19 01:20:19,0007ABDCCF,KD7
2021-07-19 01:20:42,0006B3BF04,KD7
2021-07-19 01:20:45,0006E241C1,K5
2021-07-19 01:20:52,0007AC44BD,K5
2021-07-19 01:21:01,00075B29B2,KD7
2021-07-19 01:21:03,0006E239ED,K5
2021-07-19 01:21:48,0006E241C1,K5
2021-07-19 01:22:52,0006E239ED,K5
2021-07-19 01:23:58,00074F663E,K5
2021-07-19 01:24:23,0006E241C1,KD7
2021-07-19 01:25:05,0006B34FE4,K5
2021-07-19 01:25:16,0006B34FE4,K5
2021-07-19 01:25:18,00075CE063,KD7
2021-07-19 01:25:18,00074EEC1A,K5
2021-07-19 01:25:53,000783F377,K5
2021-07-19 01:25:55,00079AAA3C,K5
2021-07-19 01:26:29,0006E239ED,KD7
2021-07-19 01:26:38,00074EEC1A,K5
2021-07-19 01:27:03,0007AC44BD,K5
2021-07-19 01:29:50,0006E24ECA,K5
2021-07-19 01:30:05,0007AC0387,K5
2021-07-19 01:30:45,0006E241C1,KD7
2021-07-19 01:31:39,000786B8A2,KD7
2021-07-19 01:32:08,0006E24ECA,KD7
2021-07-19 01:33:26,0006E24ECA,KD7
2021-07-19 01:34:18,000786B8A2,KD7
2021-07-19 01:36:13,0006E239ED,KD7
2021-07-19 01:36:59,00075CE063,KD7
2021-07-19 01:37:14,0006E24ECA,KD7
2021-07-19 01:41:20,00071E2D31,KD7
2021-07-19 01:41:23,0007AC418B,KD7
2021-07-19 01:42:29,000783CB2B,KD7
2021-07-19 01:42:51,0006E24ECA,KD7
2021-07-19 01:45:44,00079A0255,KD7
2021-07-19 01:48:18,00071E2D31,KD7
2021-07-19 01:49:44,00075D076C,KD7
2021-07-19 01:52:15,000783CB2B,KD7
2021-07-19 01:52:48,00079A0255,KD7
2021-07-19 01:54:35,0007AC418B,KD7
2021-07-19 01:54:54,0007AC8787,KD7
2021-07-19 01:56:52,00075B22B0,KD7
2021-07-19 01:58:00,00075B22B0,KD7
2021-07-19 01:58:34,0007ABC809,K5
2021-07-19 02:00:21,0007ABD629,KD7
2021-07-19 02:01:26,0007ABD4DC,KD7
2021-07-19 02:01:46,0006E241C1,K5
2021-07-19 02:01:54,00075B29B2,KD7
2021-07-19 02:02:10,0006E241C1,K5
2021-07-19 02:02:39,0007ACAC37,KD7
2021-07-19 02:03:53,0007AC80F1,KD7
2021-07-19 02:04:53,0007AC3CC1,K5
2021-07-19 02:06:11,000786D14D,KD7
2021-07-19 02:06:35,00075D879F,KD7
2021-07-19 02:06:51,0007AC80F1,KD7
2021-07-19 02:06:58,000786D14D,KD7
2021-07-19 02:07:50,0007ABD4DC,KD7
2021-07-19 02:08:01,000786B8A2,KD7
2021-07-19 02:11:38,0007ABD4DC,KD7
2021-07-19 02:12:56,000786D14D,K5
2021-07-19 02:13:09,0007AC80F1,K5
2021-07-19 02:13:56,0007ABD629,KD7
2021-07-19 02:15:23,0007ABDCCF,K5
2021-07-19 02:15:38,0007ACAC37,KD7
2021-07-19 02:15:52,0007AC80F1,KD7
2021-07-19 02:17:17,0007ABC5F2,KD7
2021-07-19 02:17:37,00071E2D31,KD7
2021-07-19 02:18:01,00079A0255,KD7
2021-07-19 02:18:22,0007AC8787,KD7
2021-07-19 02:18:34,0007ABC5F2,KD7
2021-07-19 02:19:28,000786B8A2,KD7
2021-07-19 02:22:42,0007AC80F1,KD7
2021-07-19 02:23:02,0006B3BF04,K5
2021-07-19 02:23:13,000799A5EF,KD7
2021-07-19 02:23:16,0007ABDCCF,KD7
2021-07-19 02:23:27,0007AC44BD,KD7
2021-07-19 02:23:45,0007ABA539,KD7
2021-07-19 02:24:21,0007ABA539,KD7
2021-07-19 02:25:15,0006B3BF04,KD7
2021-07-19 02:25:49,0007AC44BD,KD7
2021-07-19 02:27:01,00071E2D31,KD7
2021-07-19 02:28:30,000799A5EF,KD7
2021-07-19 02:29:15,0007AC44BD,K5
2021-07-19 02:32:46,00075D879F,KD7
2021-07-19 02:35:54,0007ABDCCF,KD7
2021-07-19 02:36:40,00079A0255,KD7
2021-07-19 02:37:11,0006B3BF04,KD7
2021-07-19 02:39:03,00071E15BF,KD7
2021-07-19 02:39:05,0006E241C1,KD7
2021-07-19 02:39:28,0007ABC5F2,KD7
2021-07-19 02:39:28,0007AC44BD,K5
2021-07-19 02:39:30,00075CE063,KD7
2021-07-19 02:40:11,00071E15BF,KD7
2021-07-19 02:40:28,00071E15BF,KD7
2021-07-19 02:40:47,0007ABC5F2,KD7
2021-07-19 02:41:34,00071E15BF,KD7
2021-07-19 02:42:30,0007ABC5F2,K5
2021-07-19 02:42:34,00071E15BF,K5
2021-07-19 02:44:22,0007ABD629,KD7
2021-07-19 02:44:33,0007AC44BD,K5
2021-07-19 02:44:33,0007ACAC37,KD7
2021-07-19 02:46:12,0007AC44BD,K5
2021-07-19 02:46:23,0007AC44BD,K5
2021-07-19 02:46:36,0007AC44BD,K5
2021-07-19 02:46:47,0007AC44BD,K5
2021-07-19 02:47:22,00075CE063,KD7
2021-07-19 02:50:22,0006E241C1,KD7
2021-07-19 02:52:04,0006B34FE4,KD7
2021-07-19 02:52:24,00071E15BF,KD7
2021-07-19 02:52:42,00071E15BF,KD7
2021-07-19 02:52:52,0006B34FE4,KD7
2021-07-19 02:55:25,0007ABD629,KD7
2021-07-19 02:56:25,0007ACAC37,KD7
2021-07-19 02:58:46,00071E15BF,KD7
2021-07-19 02:59:58,00071E15BF,KD7
2021-07-19 03:00:19,00075D879F,KD7
2021-07-19 03:01:23,00075B29B2,KD7
2021-07-19 03:04:26,0006E239ED,KD7
2021-07-19 03:07:47,000783CB2B,KD7
2021-07-19 03:08:04,00071E15BF,KD7
2021-07-19 03:08:08,0007ABC5F2,KD7
2021-07-19 03:08:19,00071E15BF,KD7
2021-07-19 03:08:40,00071E15BF,KD7
2021-07-19 03:10:53,0007ABC5F2,KD7
2021-07-19 03:11:04,0007ABC5F2,KD7
2021-07-19 03:11:23,00075D879F,KD7
2021-07-19 03:11:30,00071E2D31,KD7
2021-07-19 03:13:04,000783F377,K5
2021-07-19 03:14:50,000783CB2B,KD7
2021-07-19 03:15:24,00071E15BF,KD7
2021-07-19 03:15:57,000799A5EF,KD7
2021-07-19 03:16:41,0006E239ED,KD7
2021-07-19 03:19:07,0007ABC5F2,KD7
2021-07-19 03:20:08,0007AC44BD,KD7
2021-07-19 03:20:19,0007ABC5F2,KD7
2021-07-19 03:20:22,000786B8A2,KD7
2021-07-19 03:20:46,00071E15BF,KD7
2021-07-19 03:20:49,0007AC44BD,KD7
2021-07-19 03:21:01,0007ABC5F2,K5
2021-07-19 03:21:30,00071E2D31,KD7
2021-07-19 03:22:32,000783F429,K5
2021-07-19 03:22:37,000799A5EF,KD7
2021-07-19 03:23:49,000783F377,K5
2021-07-19 03:23:52,0006B3BF04,KD7
2021-07-19 03:26:04,0007ABDCCF,KD7
2021-07-19 03:26:19,000783F377,KD7
2021-07-19 03:26:55,000783F377,KD7
2021-07-19 03:27:27,000783F377,KD7
2021-07-19 03:27:57,000783F377,KD7
2021-07-19 03:28:11,000783F377,KD7
2021-07-19 03:28:15,00079AAA3C,K5
2021-07-19 03:29:21,000786B8A2,KD7
2021-07-19 03:29:48,0006E24ECA,KD7
2021-07-19 03:30:11,000783F377,K5
2021-07-19 03:30:54,00075B29B2,KD7
2021-07-19 03:31:39,000783F377,K5
2021-07-19 03:32:48,00079AAA3C,KD7
2021-07-19 03:33:44,000783F377,KD7
2021-07-19 03:33:56,000783F429,KD7
2021-07-19 03:34:46,0006B3BF04,KD7
2021-07-19 03:34:53,000783CB2B,KD7
2021-07-19 03:34:59,00079AAA3C,KD7
2021-07-19 03:35:33,0007ABDCCF,KD7
2021-07-19 03:36:26,00079A0255,KD7
2021-07-19 03:38:06,0007ABD629,KD7
2021-07-19 03:38:56,00079AAA3C,KD7
2021-07-19 03:39:32,000783F377,KD7
2021-07-19 03:39:45,000783F429,KD7
2021-07-19 03:40:10,00075CE063,KD7
2021-07-19 03:42:52,0007ABD629,KD7
2021-07-19 03:42:58,000783CB2B,KD7
2021-07-19 03:43:52,00079A0255,KD7
2021-07-19 03:44:34,00079AAA3C,KD7
2021-07-19 03:44:58,00079AAA3C,KD7
2021-07-19 03:45:34,00075D076C,KD7
2021-07-19 03:46:07,0007ABF44A,KD7
2021-07-19 03:46:30,0006B34FE4,KD7
2021-07-19 03:46:52,0007ABF44A,KD7
2021-07-19 03:47:14,0006B34FE4,KD7
2021-07-19 03:47:19,00079AAA3C,KD7
2021-07-19 03:47:24,00075CE063,KD7
2021-07-19 03:53:25,00075D076C,KD7
2021-07-19 03:54:49,00075D879F,KD7
2021-07-19 04:03:17,00071E15BF,KD7
2021-07-19 04:05:08,00075D879F,KD7
2021-07-19 04:05:47,0006E241C1,KD7
2021-07-19 04:06:34,00071E15BF,KD7
2021-07-19 04:12:28,0006E241C1,KD7
2021-07-19 04:30:20,0007AC80F1,KD7
2021-07-19 04:40:13,0007AC80F1,KD7
2021-07-19 04:56:08,0007AC0387,KD7
2021-07-19 04:56:50,000788A24D,KD7
2021-07-19 04:57:18,0007ABC809,KD7
2021-07-19 05:03:00,0007ACAC37,KD7
2021-07-19 05:05:49,0007ABD4DC,KD7
2021-07-19 05:08:16,00075B29B2,KD7
2021-07-19 05:08:52,0006E239ED,KD7
2021-07-19 05:08:58,0006B3BF04,KD7
2021-07-19 05:09:28,0007ABDCCF,KD7
2021-07-19 05:09:43,00079AAA3C,KD7
2021-07-19 05:09:48,0007ABD629,KD7
2021-07-19 05:10:12,000783F377,KD7
2021-07-19 05:11:03,0007AC5939,KD7
2021-07-19 05:11:10,00071E15BF,KD7
2021-07-19 05:11:26,000799A5EF,KD7
2021-07-19 05:11:45,0007AC418B,KD7
2021-07-19 05:11:57,0006E241C1,KD7
2021-07-19 05:12:13,0006E24ECA,KD7
2021-07-19 05:12:19,000799A5EF,KD7
2021-07-19 05:13:33,00079A0255,KD7
2021-07-19 05:13:44,000783CB2B,KD7
2021-07-19 05:13:46,00079A0255,KD7
2021-07-19 05:14:18,000783F429,KD7
2021-07-19 05:14:44,000786B8A2,KD7
2021-07-19 05:14:58,00075D879F,KD7
2021-07-19 05:15:09,000786B8A2,KD7
2021-07-19 05:15:24,00075D076C,KD7
2021-07-19 05:17:13,00075CE063,KD7
2021-07-19 05:17:15,0007AC80F1,KD7
2021-07-19 05:17:37,000783F377,KD7
2021-07-19 05:19:53,0007AC8787,KD7
2021-07-19 05:20:08,0006E24ECA,KD7
2021-07-19 05:20:20,000799A5EF,KD7
2021-07-19 05:21:26,00071E2D31,KD7
2021-07-19 05:24:33,0006E24ECA,KD7
2021-07-19 05:24:45,0007AC8787,KD7
2021-07-19 05:24:56,0007AC8787,KD7
2021-07-19 05:25:00,0006E24ECA,KD7
2021-07-19 05:25:15,0006E24ECA,KD7
2021-07-19 05:25:26,0006E24ECA,KD7
2021-07-19 05:25:39,0006E24ECA,KD7
2021-07-19 05:25:50,0006E24ECA,KD7
2021-07-19 05:26:02,0006E24ECA,KD7
2021-07-19 05:26:13,0006E24ECA,KD7
2021-07-19 05:26:24,0006E24ECA,KD7
2021-07-19 05:26:35,0006E24ECA,KD7
2021-07-19 05:26:46,0006E24ECA,KD7
2021-07-19 05:26:57,0006E24ECA,KD7
2021-07-19 05:27:11,0006E24ECA,KD7
2021-07-19 05:27:22,0006E24ECA,KD7
2021-07-19 05:27:33,0006E24ECA,KD7
2021-07-19 05:27:44,0006E24ECA,KD7
2021-07-19 05:27:55,0006E24ECA,KD7
2021-07-19 05:28:06,0006E24ECA,KD7
2021-07-19 05:29:06,000786B8A2,KD7
2021-07-19 05:29:17,000786B8A2,KD7
2021-07-19 05:30:57,0006B3BF04,KD7
2021-07-19 05:31:42,0006B3BF04,KD7
2021-07-19 05:31:54,0006B3BF04,KD7
2021-07-19 05:33:36,0006B3BF04,KD7
2021-07-19 05:34:18,0006B3BF04,KD7
2021-07-19 05:34:31,000799A5EF,KD7
2021-07-19 05:35:17,0007AC5939,KD7
2021-07-19 05:35:30,0007AC5939,KD7
2021-07-19 05:35:36,000799A5EF,KD7
2021-07-19 05:35:45,0007AC5939,KD7
2021-07-19 05:36:04,000799A5EF,KD7
2021-07-19 05:36:21,0007AC0387,KD7
2021-07-19 05:36:25,000799A5EF,KD7
2021-07-19 05:36:38,0007AC0387,KD7
2021-07-19 05:36:48,000799A5EF,KD7
2021-07-19 05:36:59,000799A5EF,KD7
2021-07-19 05:40:30,000786B8A2,KD7
2021-07-19 05:43:15,0006E241C1,KD7
2021-07-19 05:46:44,0007ABD629,KD7
2021-07-19 05:46:55,0007ABD629,KD7
2021-07-19 05:47:15,0007ABD629,KD7
2021-07-19 05:47:27,0007ABD629,KD7
2021-07-19 05:47:38,0007ABD629,KD7
2021-07-19 05:47:49,0007ABD629,KD7
2021-07-19 05:48:03,0007ABD629,KD7
2021-07-19 05:48:15,0007ABD629,KD7
2021-07-19 05:48:50,00071E2D31,KD7
2021-07-19 05:50:09,00075CE063,KD7
2021-07-19 05:56:59,0007ACAC37,KD7
2021-07-19 05:57:23,0007ACAC37,KD7
2021-07-19 05:58:32,0007ABC809,KD7
2021-07-19 05:58:54,00079A0255,KD7
2021-07-19 05:59:11,00079A0255,KD7
2021-07-19 05:59:51,00079A0255,KD7
2021-07-19 06:00:02,00079A0255,KD7
2021-07-19 06:01:05,0007ACAC37,KD7
2021-07-19 06:03:05,0006E241C1,KD7
2021-07-19 06:03:56,0007ABD4DC,KD7
2021-07-19 06:04:26,0007ABD4DC,KD7
2021-07-19 06:04:31,0006E241C1,KD7
2021-07-19 06:14:45,0007AC418B,KD7
2021-07-19 06:14:59,0007AC418B,KD7
2021-07-19 06:18:27,0007AC5939,KD7
2021-07-19 06:39:34,00075D076C,KD7
2021-07-19 06:43:08,00075D076C,KD7
2021-07-19 06:49:10,0007ABD4DC,KD7
2021-07-19 06:49:53,0007ABD4DC,KD7
2021-07-19 06:49:59,000799A5EF,KD7
2021-07-19 06:50:10,000799A5EF,KD7
2021-07-19 06:50:22,000799A5EF,KD7
2021-07-19 06:50:27,0007ABD4DC,KD7
2021-07-19 06:50:39,0007ABD4DC,KD7
2021-07-19 06:51:13,0007ABD4DC,KD7
2021-07-19 06:51:40,00075D076C,KD7
2021-07-19 06:52:18,00075D076C,KD7
2021-07-19 06:52:29,00075D076C,KD7
2021-07-19 06:57:51,000788A24D,KD7
2021-07-19 06:59:12,00075CE063,KD7
2021-07-19 07:05:24,0007AC0387,KD7
2021-07-19 07:05:35,0007AC0387,KD7
2021-07-19 07:13:08,00079AAA3C,KD7
2021-07-19 07:18:38,000783F377,KD7
2021-07-19 07:19:15,000786B8A2,KD7
2021-07-19 07:23:35,0007AC418B,KD7
2021-07-19 07:24:08,0007AC418B,KD7
2021-07-19 07:24:43,0007AC418B,KD7
2021-07-19 07:24:54,0007AC418B,KD7
2021-07-19 07:25:16,0007AC418B,KD7
2021-07-19 07:28:59,0007AC418B,KD7
2021-07-19 07:32:27,0006B3BF04,KD7
2021-07-19 07:33:59,0007ABC809,KD7
2021-07-19 07:37:46,0006B3BF04,KD7
2021-07-19 07:39:16,0007ABD4DC,KD7
2021-07-19 07:40:07,0007ABD4DC,KD7
2021-07-19 07:40:37,0007ABD4DC,KD7
2021-07-19 07:43:05,0006E241C1,KD7
2021-07-19 07:46:32,00075B29B2,KD7
2021-07-19 07:54:20,0007ABD629,KD7
2021-07-19 07:57:22,0007AC8787,KD7
2021-07-19 07:57:33,0007AC8787,KD7
2021-07-19 07:59:54,0007AC8787,KD7
2021-07-19 08:00:05,0007AC8787,KD7
2021-07-19 08:00:15,0007AC5939,KD7
2021-07-19 08:00:28,0007AC5939,KD7
2021-07-19 08:06:51,0007AC0387,KD7
2021-07-19 08:07:07,0007AC0387,KD7
2021-07-19 08:08:23,00071E15BF,KD7
2021-07-19 08:10:24,0007ABD4DC,KD7
2021-07-19 08:10:45,0007ABD4DC,KD7
2021-07-19 08:12:21,0006E239ED,KD7
2021-07-19 08:12:45,0006E239ED,KD7
2021-07-19 08:12:59,0006E239ED,KD7
2021-07-19 08:13:53,0006E239ED,KD7
2021-07-19 08:15:28,00075D879F,KD7
2021-07-19 08:15:53,0006E239ED,KD7
2021-07-19 08:16:04,0006E239ED,KD7
2021-07-19 08:16:22,0006E239ED,KD7
2021-07-19 08:16:33,0006E239ED,KD7
2021-07-19 08:16:44,0006E239ED,KD7
2021-07-19 08:17:14,0006E239ED,KD7
2021-07-19 08:17:25,0006E239ED,KD7
2021-07-19 08:17:36,0006E239ED,KD7
2021-07-19 08:17:47,0006E239ED,KD7
2021-07-19 08:17:58,0006E239ED,KD7
2021-07-19 08:18:09,0006E239ED,KD7
2021-07-19 08:18:20,0006E239ED,KD7
2021-07-19 08:18:31,0006E239ED,KD7
2021-07-19 08:18:43,0006E239ED,KD7
2021-07-19 08:18:57,0006E239ED,KD7
2021-07-19 08:19:08,0006E239ED,KD7
2021-07-19 08:19:19,0006E239ED,KD7
2021-07-19 08:19:30,0006E239ED,KD7
2021-07-19 08:19:41,0006E239ED,KD7
2021-07-19 08:19:52,0006E239ED,KD7
2021-07-19 08:20:03,0006E239ED,KD7
2021-07-19 08:20:14,0006E239ED,KD7
2021-07-19 08:20:25,0006E239ED,KD7
2021-07-19 08:20:44,0006E239ED,KD7
2021-07-19 08:21:01,0006E239ED,KD7
2021-07-19 08:21:19,0006E239ED,KD7
2021-07-19 08:21:30,0006E239ED,KD7
2021-07-19 08:21:41,0006E239ED,KD7
2021-07-19 08:22:06,0006E239ED,KD7
2021-07-19 08:22:17,0006E239ED,KD7
2021-07-19 08:22:28,0006E239ED,KD7
2021-07-19 08:22:39,0006E239ED,KD7
2021-07-19 08:22:51,0006E239ED,KD7
2021-07-19 08:23:02,0006E239ED,KD7
2021-07-19 08:23:20,0006E239ED,KD7
2021-07-19 08:32:28,0006B3BF04,KD7
2021-07-19 08:32:39,0006B3BF04,KD7
2021-07-19 08:40:27,00079AAA3C,KD7
2021-07-19 08:40:40,00079AAA3C,KD7
2021-07-19 08:40:56,00079AAA3C,KD7
2021-07-19 08:41:19,00075B29B2,KD7
2021-07-19 08:43:30,00075B29B2,KD7
2021-07-19 08:43:42,00075B29B2,KD7
2021-07-19 08:43:57,00075B29B2,KD7
2021-07-19 08:44:11,00075B29B2,KD7
2021-07-19 08:44:22,00075B29B2,KD7
2021-07-19 08:44:34,00075B29B2,KD7
2021-07-19 08:44:50,00075B29B2,KD7
2021-07-19 08:45:01,00075B29B2,KD7
2021-07-19 08:49:25,0007ABD4DC,KD7
2021-07-19 08:49:31,00075B29B2,KD7
2021-07-19 08:50:18,00075B29B2,KD7
2021-07-19 08:51:02,0006B3BF04,KD7
2021-07-19 08:51:16,0006B3BF04,KD7
2021-07-19 08:51:27,0006B3BF04,KD7
2021-07-19 08:51:39,0006B3BF04,KD7
2021-07-19 08:57:29,000786B8A2,KD7
2021-07-19 09:02:58,0006B3BF04,KD7
2021-07-19 09:04:40,0006B3BF04,KD7
2021-07-19 09:04:52,0006B3BF04,KD7
2021-07-19 09:05:03,0006B3BF04,KD7
2021-07-19 09:12:51,0007AC5939,KD7
2021-07-19 09:19:58,000783F429,KD7
2021-07-19 09:20:19,000783F429,KD7
2021-07-19 09:20:30,000783F429,KD7
2021-07-19 09:30:44,000799A5EF,KD7
2021-07-19 09:35:18,0006B3BF04,KD7
2021-07-19 09:35:29,0006B3BF04,KD7
2021-07-19 09:35:55,0006B3BF04,KD7
2021-07-19 09:43:02,000783CB2B,KD7
2021-07-19 09:44:18,0006E241C1,KD7
2021-07-19 09:50:57,00075B29B2,KD7
2021-07-19 09:51:16,00075B29B2,KD7
2021-07-19 09:53:01,0007AC80F1,KD7
2021-07-19 09:53:18,0007AC80F1,KD7
2021-07-19 09:56:00,00071E2D31,KD7
2021-07-19 09:56:11,00071E2D31,KD7
2021-07-19 09:59:02,0007ABD629,KD7
2021-07-19 10:03:00,0007ACAC37,KD7
2021-07-19 10:03:37,00075D076C,KD7
2021-07-19 10:06:50,0007AC418B,KD7
2021-07-19 10:06:52,000788A24D,KD7
2021-07-19 10:07:29,0007AC418B,KD7
2021-07-19 10:07:48,0007AC418B,KD7
2021-07-19 10:08:21,0007AC418B,KD7
2021-07-19 10:09:39,0006E24ECA,KD7
2021-07-19 10:12:50,000788A24D,KD7
2021-07-19 10:13:03,000788A24D,KD7
2021-07-19 10:13:49,0006E24ECA,KD7
2021-07-19 10:14:25,000788A24D,KD7
2021-07-19 10:14:36,000788A24D,KD7
2021-07-19 10:16:35,0007ABC809,KD7
2021-07-19 10:16:52,0007ABC809,KD7
2021-07-19 10:18:44,0007ABC809,KD7
2021-07-19 10:18:48,0007ABD4DC,KD7
2021-07-19 10:40:12,0007AC8787,KD7
2021-07-19 10:41:35,0007ABC809,KD7
2021-07-19 10:41:46,0007ABC809,KD7
2021-07-19 10:41:58,0007ABC809,KD7
2021-07-19 10:46:17,000783F377,KD7
2021-07-19 10:46:28,000783F377,KD7
2021-07-19 10:47:19,000783F377,KD7
2021-07-19 10:47:50,0007ACAC37,KD7
2021-07-19 10:48:48,000783F377,KD7
2021-07-19 10:48:59,000783F377,KD7
2021-07-19 10:49:36,000783F377,KD7
2021-07-19 10:54:38,0007ABD629,KD7
2021-07-19 10:56:30,0007AC0387,KD7
2021-07-19 10:57:19,0007AC0387,KD7
2021-07-19 11:14:00,00079AAA3C,KD7
2021-07-19 11:17:33,000788A24D,KD7
2021-07-19 11:26:52,0007ABD629,KD7
2021-07-19 11:29:55,0006E24ECA,KD7
2021-07-19 11:30:51,0006E24ECA,KD7
2021-07-19 11:52:39,0006E239ED,KD7
2021-07-19 11:54:09,000783F377,KD7
2021-07-19 11:54:24,000783F377,KD7
2021-07-19 12:10:45,00075B29B2,KD7
2021-07-19 12:11:25,00075B29B2,KD7
2021-07-19 12:21:48,00075B29B2,KD7
2021-07-19 12:40:07,0007ABC809,KD7
2021-07-19 12:40:58,0007ABD4DC,KD7
2021-07-19 12:43:08,00079A0255,KD7
2021-07-19 12:43:45,0007AC0387,KD7
2021-07-19 12:45:51,00075D076C,KD7
2021-07-19 12:46:20,00075D076C,KD7
2021-07-19 12:46:31,00075D076C,KD7
2021-07-19 12:47:05,00075D076C,KD7
2021-07-19 12:47:16,00075D076C,KD7
2021-07-19 12:47:27,00075D076C,KD7
2021-07-19 12:47:38,00075D076C,KD7
2021-07-19 12:47:49,00075D076C,KD7
2021-07-19 12:48:00,00075D076C,KD7
2021-07-19 12:48:11,00075D076C,KD7
2021-07-19 12:48:22,00075D076C,KD7
2021-07-19 12:48:33,00075D076C,KD7
2021-07-19 12:48:44,00075D076C,KD7
2021-07-19 12:48:55,00075D076C,KD7
2021-07-19 12:49:07,00075D076C,KD7
2021-07-19 12:49:18,00075D076C,KD7
2021-07-19 12:49:29,00075D076C,KD7
2021-07-19 12:49:40,00075D076C,KD7
2021-07-19 12:49:52,00075D076C,KD7
2021-07-19 12:50:03,00075D076C,KD7
2021-07-19 12:50:53,00075D076C,KD7
2021-07-19 12:51:11,00075D076C,KD7
2021-07-19 12:51:25,00075D076C,KD7
2021-07-19 12:51:36,00075D076C,KD7
2021-07-19 12:51:47,00075D076C,KD7
2021-07-19 12:51:58,00075D076C,KD7
2021-07-19 12:52:09,00075D076C,KD7
2021-07-19 12:52:20,00075D076C,KD7
2021-07-19 12:54:10,0007AC418B,KD7
2021-07-19 12:55:23,00071E15BF,KD7
2021-07-19 12:55:50,0006B3BF04,KD7
2021-07-19 12:56:23,0006B3BF04,KD7
2021-07-19 12:56:45,0006B3BF04,KD7
2021-07-19 12:56:56,0006B3BF04,KD7
2021-07-19 12:57:16,000783F377,KD7
2021-07-19 12:57:17,00071E2D31,KD7
2021-07-19 12:57:41,000783F377,KD7
2021-07-19 12:59:09,000783F377,KD7
2021-07-19 12:59:54,000783F377,KD7
2021-07-19 13:00:10,000783F377,KD7
2021-07-19 13:00:21,000783F377,KD7
2021-07-19 13:00:32,000783F377,KD7
2021-07-19 13:00:43,000783F377,KD7
2021-07-19 13:00:54,000783F377,KD7
2021-07-19 13:01:05,000783F377,KD7
2021-07-19 13:01:16,000783F377,KD7
2021-07-19 13:01:27,000783F377,KD7
2021-07-19 13:01:38,000783F377,KD7
2021-07-19 13:01:49,000783F377,KD7
2021-07-19 13:02:00,000783F377,KD7
2021-07-19 13:02:11,000783F377,KD7
2021-07-19 13:02:22,000783F377,KD7
2021-07-19 13:02:33,000783F377,KD7
2021-07-19 13:02:44,000783F377,KD7
2021-07-19 13:02:55,000783F377,KD7
2021-07-19 13:03:06,000783F377,KD7
2021-07-19 13:03:17,000783F377,KD7
2021-07-19 13:03:28,000783F377,KD7
2021-07-19 13:03:31,0007AC8787,KD7
2021-07-19 13:07:46,000783F377,KD7
2021-07-19 13:11:57,0007ABD4DC,KD7
2021-07-19 13:12:14,0007ABD4DC,KD7
2021-07-19 13:21:43,00071E15BF,KD7
2021-07-19 13:29:43,00071E2D31,KD7
2021-07-19 13:29:55,00071E2D31,KD7
2021-07-19 13:30:56,00071E2D31,KD7
2021-07-19 23:09:22,0007AC418B,KD8
2021-07-19 23:10:04,0007AC418B,KD8
2021-07-19 23:12:28,0007ABC5F2,KD8
2021-07-19 23:12:35,00075D076C,KD8
2021-07-19 23:12:56,0007ABC5F2,KD8
2021-07-19 23:17:06,0007ABC5F2,KD8
2021-07-19 23:19:56,0006B34FE4,KD8
2021-07-19 23:22:42,0006B34FE4,KD8
2021-07-19 23:23:06,00075D076C,KD8
2021-07-19 23:27:41,0007ABDCCF,KD8
2021-07-19 23:27:52,0007ABDCCF,KD8
2021-07-19 23:28:00,00074EEC1A,KD8
2021-07-19 23:31:29,00074EEC1A,KD8
2021-07-19 23:45:03,000786B8A2,KD8
2021-07-19 23:45:23,000786B8A2,KD8
2021-07-19 23:45:58,000783F429,KD8
2021-07-19 23:46:31,00079A0255,KD8
2021-07-19 23:49:22,00075B29B2,KD8
2021-07-19 23:49:36,00075B29B2,KD8
2021-07-19 23:52:45,00075B29B2,KD8
2021-07-19 23:52:50,0007AC3CC1,KD8
2021-07-19 23:52:54,00075D076C,KD8
2021-07-19 23:53:14,00075B29B2,KD8
2021-07-19 23:53:26,00075B29B2,KD8
2021-07-19 23:53:37,00075B29B2,KD8
2021-07-19 23:54:47,000786B8A2,KD8
2021-07-19 23:55:08,00075D076C,KD8
2021-07-19 23:55:26,000786B8A2,KD8
2021-07-19 23:56:06,00079A0255,KD8
2021-07-19 23:59:55,0007AC3CC1,KD8
2021-07-20 00:04:35,00071E2D31,KD8
2021-07-20 00:05:36,00071E2D31,KD8
2021-07-20 00:05:57,000783F429,KD8
2021-07-20 00:17:22,00071E2D31,KD8
2021-07-20 00:40:10,00079A0255,KD8
2021-07-20 00:41:12,00079A0255,KD8
2021-07-20 01:09:54,00071E2D31,KD8
2021-07-20 01:09:59,0007ABDCCF,KD8
2021-07-20 01:10:12,0007ABDCCF,KD8
2021-07-20 01:13:56,0007AC0387,KD8
2021-07-20 01:14:29,0007AC3CC1,KD8
2021-07-20 01:15:50,00075B29B2,KD8
2021-07-20 01:16:34,00075B29B2,KD8
2021-07-20 01:18:45,0006B34FE4,KD8
2021-07-20 01:19:14,0007AC80F1,KD8
2021-07-20 01:20:53,0007AC80F1,KD8
2021-07-20 01:23:22,0006B34FE4,KD8
2021-07-20 01:30:11,00071E2D31,KD8
2021-07-20 01:30:22,00071E2D31,KD8
2021-07-20 01:31:09,0007AC0387,KD8
2021-07-20 01:31:21,0007AC3CC1,KD8
2021-07-20 01:34:05,0007ABF44A,KD8
2021-07-20 01:35:06,0007ABF44A,KD8
2021-07-20 01:44:27,00075D076C,KD8
2021-07-20 01:44:39,00075D076C,KD8
2021-07-20 01:44:46,0007ACAC37,KD8
2021-07-20 01:45:13,0007ABD629,KD8
2021-07-20 01:45:19,00075B29B2,KD8
2021-07-20 01:45:42,0006E241C1,KD8
2021-07-20 01:47:16,0006E241C1,KD8
2021-07-20 01:48:23,0007ABD629,KD8
2021-07-20 01:48:48,00075B29B2,KD8
2021-07-20 01:51:18,000783F429,KD8
2021-07-20 01:52:34,00075D076C,KD8
2021-07-20 01:53:50,0007ACAC37,KD8
2021-07-20 01:55:51,0007ABD629,KD8
2021-07-20 01:56:40,0007ABD629,KD8
2021-07-20 01:56:51,0007ABD629,KD8
2021-07-20 02:00:08,0007ABF44A,KD8
2021-07-20 02:00:14,00075B29B2,KD8
2021-07-20 02:00:28,00075B29B2,KD8
2021-07-20 02:02:04,0007ABF44A,KD8
2021-07-20 02:05:12,0007AC8787,KD8
2021-07-20 02:08:09,0007AC8787,KD8
2021-07-20 02:09:33,0007ABC5F2,KD8
2021-07-20 02:10:47,0007ABC5F2,KD8
2021-07-20 02:11:56,0007AC3CC1,KD8
2021-07-20 02:14:48,000783F429,KD8
2021-07-20 02:15:11,0007AC3CC1,KD8
2021-07-20 02:22:00,0007ACAC37,KD8
2021-07-20 02:22:28,0007ACAC37,KD8
2021-07-20 02:32:54,00075D076C,KD8
2021-07-20 02:44:43,0007AC0387,KD8
2021-07-20 02:45:59,00075D076C,KD8
2021-07-20 02:46:13,000783F429,KD8
2021-07-20 02:47:34,00075D076C,KD8
2021-07-20 02:54:59,000783F429,KD8
2021-07-20 02:56:00,00075B29B2,KD8
2021-07-20 02:57:27,000783CB2B,KD8
2021-07-20 02:57:55,000783CB2B,KD8
2021-07-20 02:58:02,0007AC418B,KD8
2021-07-20 02:58:06,000783CB2B,KD8
2021-07-20 02:59:34,000783CB2B,KD8
2021-07-20 02:59:48,000783CB2B,KD8
2021-07-20 03:00:19,0007AC418B,KD8
2021-07-20 03:00:30,0007AC418B,KD8
2021-07-20 03:02:49,0007AC0387,KD8
2021-07-20 03:13:49,00071E2D31,KD8
2021-07-20 03:14:09,00071E2D31,KD8
2021-07-20 04:46:56,00079A0255,KD8
2021-07-20 04:47:53,00079A0255,KD8
2021-07-20 05:10:54,0007AC418B,KD8
2021-07-20 05:12:39,0007AC0387,KD8
2021-07-20 05:13:26,000783F429,KD8
2021-07-20 05:13:47,0007ACAC37,KD8
2021-07-20 05:17:17,0007ACAC37,KD8
2021-07-20 05:18:14,000783F429,KD8
2021-07-20 05:18:25,000783F429,KD8
2021-07-20 05:20:00,0007AC418B,KD8
2021-07-20 05:20:35,0007AC0387,KD8
2021-07-20 05:20:46,0007AC0387,KD8
2021-07-20 05:20:57,0007AC0387,KD8
2021-07-20 05:21:27,0007AC0387,KD8
2021-07-20 05:29:14,0007AC8787,KD8
2021-07-20 05:34:46,0007AC8787,KD8
2021-07-20 05:51:39,0007AC8787,KD8
2021-07-20 05:51:50,0007AC8787,KD8
2021-07-20 06:30:17,0007AC8787,KD8
2021-07-20 06:30:28,0007AC8787,KD8
2021-07-20 11:53:27,0007AC8787,KD8
2021-07-20 11:53:47,0007AC8787,KD8
2021-07-20 12:46:21,0007AC8787,KD8
2021-07-20 21:28:20,0007AC8787,KD8
2021-07-20 21:28:31,0007AC8787,KD8
2021-07-20 22:51:37,0007ABF44A,KD8
2021-07-20 22:51:49,0007AC418B,KD8
2021-07-20 22:57:16,000786B8A2,KD8
2021-07-20 22:58:32,000786B8A2,KD8
2021-07-20 22:58:40,0007AC418B,KD8
2021-07-20 22:59:10,0007ABF44A,KD8
2021-07-20 23:12:22,000786B8A2,KD8
2021-07-20 23:15:27,000786B8A2,KD8
2021-07-20 23:30:17,0007ABF44A,KD8
2021-07-20 23:30:32,00075D076C,KD8
2021-07-20 23:31:25,000799A5EF,KD8
2021-07-20 23:31:46,000783F377,KD8
2021-07-20 23:32:09,0006B34FE4,KD8
2021-07-20 23:33:14,00075D076C,KD8
2021-07-20 23:34:40,000783F377,KD8
2021-07-20 23:35:58,000799A5EF,KD8
2021-07-20 23:36:43,000783CB2B,KD8
2021-07-20 23:36:50,0007AC418B,KD8
2021-07-20 23:37:20,0007ABF44A,KD8
2021-07-20 23:38:41,000783F429,KD8
2021-07-20 23:43:24,0006B34FE4,KD8
2021-07-20 23:43:35,0006B34FE4,KD8
2021-07-20 23:43:45,0007AC418B,KD8
2021-07-20 23:45:18,000783CB2B,KD8
2021-07-20 23:47:58,0007AC8787,KD8
2021-07-20 23:48:06,000786B8A2,KD8
2021-07-20 23:50:50,000786B8A2,KD8
2021-07-20 23:56:50,000786B8A2,KD8
2021-07-20 23:58:54,000783F377,KD8
2021-07-20 23:59:22,0007AC8787,KD8
2021-07-21 00:01:20,00075D076C,KD8
2021-07-21 00:01:59,000783F377,KD8
2021-07-21 00:02:12,00075D076C,KD8
2021-07-21 00:02:30,0007ABF44A,KD8
2021-07-21 00:04:13,0007ABDCCF,KD8
2021-07-21 00:05:06,000786B8A2,KD8
2021-07-21 00:05:39,0007ABF44A,KD8
2021-07-21 00:05:49,0006B34FE4,KD8
2021-07-21 00:05:55,0007ABF44A,KD8
2021-07-21 00:06:40,0007ABDCCF,KD8
2021-07-21 00:07:36,000783F429,KD8
2021-07-21 00:08:02,0006B34FE4,KD8
2021-07-21 00:11:37,0007ABF44A,KD8
2021-07-21 00:13:35,00075D076C,KD8
2021-07-21 00:14:18,00074F663E,KD8
2021-07-21 00:15:28,00074F663E,KD8
2021-07-21 00:18:05,00075D879F,KD8
2021-07-21 00:21:10,00075D879F,KD8
2021-07-21 00:24:30,0007AC80F1,KD8
2021-07-21 00:24:38,0006B3BF04,KD8
2021-07-21 00:24:56,00075D879F,KD8
2021-07-21 00:26:05,0006B3BF04,KD8
2021-07-21 00:26:16,0006B3BF04,KD8
2021-07-21 00:27:27,00075D879F,KD8
2021-07-21 00:27:49,0007AC80F1,KD8
2021-07-21 00:29:02,0007ABF44A,KD8
2021-07-21 00:33:19,000783CB2B,KD8
2021-07-21 00:34:46,000799A5EF,KD8
2021-07-21 00:35:32,0006E241C1,KD8
2021-07-21 00:36:56,000783CB2B,KD8
2021-07-21 00:37:07,000783CB2B,KD8
2021-07-21 00:37:08,0007AC80F1,KD8
2021-07-21 00:37:21,0007AC80F1,KD8
2021-07-21 00:37:31,000783CB2B,KD8
2021-07-21 00:38:03,0006E241C1,KD8
2021-07-21 00:39:03,0007AC80F1,KD8
2021-07-21 00:40:15,0007AC80F1,KD8
2021-07-21 00:40:31,0007AC80F1,KD8
2021-07-21 00:40:42,0007AC80F1,KD8
2021-07-21 00:41:01,0007AC80F1,KD8
2021-07-21 00:44:18,0007ACAC37,KD8
2021-07-21 00:44:43,0006B34FE4,KD8
2021-07-21 00:45:27,00075B22B0,KD8
2021-07-21 00:45:51,000799A5EF,KD8
2021-07-21 00:47:30,000786B8A2,KD8
2021-07-21 00:48:12,0007ABA539,KD8
2021-07-21 00:48:14,000783CB2B,KD8
2021-07-21 00:48:17,00074EEC1A,KD8
2021-07-21 00:48:45,0007AC8787,KD8
2021-07-21 00:49:13,0007AC80F1,KD8
2021-07-21 00:50:13,0007AC418B,KD8
2021-07-21 00:50:25,00075B22B0,KD8
2021-07-21 00:50:55,0006B34FE4,KD8
2021-07-21 00:51:41,0007ABA539,KD8
2021-07-21 00:51:50,00074F663E,KD8
2021-07-21 00:52:18,000783CB2B,KD8
2021-07-21 00:53:10,00074EEC1A,KD8
2021-07-21 00:53:39,00074F663E,KD8
2021-07-21 00:57:36,0007ABA539,KD8
2021-07-21 00:57:43,0007AC8787,KD8
2021-07-21 00:58:29,0007AC3CC1,KD8
2021-07-21 00:58:53,0007ABA539,KD8
2021-07-21 01:00:29,0007ACAC37,KD8
2021-07-21 01:01:53,000786B8A2,KD8
2021-07-21 01:03:14,0007AC418B,KD8
2021-07-21 01:03:53,0007ABA539,KD8
2021-07-21 01:05:12,00075D076C,KD8
2021-07-21 01:09:30,00075CE063,KD8
2021-07-21 01:12:20,00075CE063,KD8
2021-07-21 01:12:59,0007AC3CC1,KD8
2021-07-21 01:13:29,00075D076C,KD8
2021-07-21 01:24:05,0007ABA539,KD8
2021-07-21 01:28:15,000783CB2B,KD8
2021-07-21 01:29:25,000783CB2B,KD8
2021-07-21 01:34:01,00075D879F,KD8
2021-07-21 01:36:56,00075D879F,KD8
2021-07-21 01:42:02,0006E241C1,KD8
2021-07-21 01:43:03,00071E2D31,KD8
2021-07-21 01:44:35,00074EEC1A,KD8
2021-07-21 01:49:05,000786B8A2,KD8
2021-07-21 01:54:21,0006E241C1,KD8
2021-07-21 01:55:35,00074EEC1A,KD8
2021-07-21 01:58:22,00071E2D31,KD8
2021-07-21 01:59:48,00075D076C,KD8
2021-07-21 02:01:55,00075D076C,KD8
2021-07-21 02:02:23,00075D076C,KD8
2021-07-21 02:02:24,000799A5EF,KD8
2021-07-21 02:02:29,00071E2D31,KD8
2021-07-21 02:03:04,0007ACAC37,KD8
2021-07-21 02:04:04,000786B8A2,KD8
2021-07-21 02:04:23,00075D076C,KD8
2021-07-21 02:04:30,0007ACAC37,KD8
2021-07-21 02:05:20,00074F663E,KD8
2021-07-21 02:05:41,0007AC0387,KD8
2021-07-21 02:06:00,00074F663E,KD8
2021-07-21 02:06:37,000799A5EF,KD8
2021-07-21 02:10:50,000786D14D,KD8
2021-07-21 02:11:30,0007ABF44A,KD8
2021-07-21 02:11:58,000786D14D,KD8
2021-07-21 02:13:19,0006B3BF04,KD8
2021-07-21 02:13:26,0006E239ED,KD8
2021-07-21 02:13:35,0007ABD4DC,KD8
2021-07-21 02:14:44,000783CB2B,KD8
2021-07-21 02:14:48,0007ABDCCF,KD8
2021-07-21 02:15:26,000783CB2B,KD8
2021-07-21 02:15:44,0006E239ED,KD8
2021-07-21 02:17:14,0007ABDCCF,KD8
2021-07-21 02:20:20,0006B3BF04,KD8
2021-07-21 02:21:03,0007ABD4DC,KD8
2021-07-21 02:21:33,0007ABD4DC,KD8
2021-07-21 02:23:19,0007ABF44A,KD8
2021-07-21 02:23:23,0007AC0387,KD8
2021-07-21 02:26:27,00075B22B0,KD8
2021-07-21 02:26:40,00075D076C,KD8
2021-07-21 02:26:42,0007ABDCCF,KD8
2021-07-21 02:26:44,0007AC80F1,KD8
2021-07-21 02:26:53,000783CB2B,KD8
2021-07-21 02:27:46,0007ABDCCF,KD8
2021-07-21 02:28:10,00075B22B0,KD8
2021-07-21 02:28:53,000783CB2B,KD8
2021-07-21 02:29:57,00075D076C,KD8
2021-07-21 02:32:16,00075CE063,KD8
2021-07-21 02:32:56,00071E2D31,KD8
2021-07-21 02:34:25,000783CB2B,KD8
2021-07-21 02:34:39,000783CB2B,KD8
2021-07-21 02:35:29,000783CB2B,KD8
2021-07-21 02:35:41,000783CB2B,KD8
2021-07-21 02:35:59,00075CE063,KD8
2021-07-21 02:36:04,000783CB2B,KD8
2021-07-21 02:36:18,000783CB2B,KD8
2021-07-21 02:36:30,0007AC3CC1,KD8
2021-07-21 02:36:34,00075CE063,KD8
2021-07-21 02:37:17,000783CB2B,KD8
2021-07-21 02:37:37,000783CB2B,KD8
2021-07-21 02:37:50,000783CB2B,KD8
2021-07-21 02:38:07,000783CB2B,KD8
2021-07-21 02:38:20,00075CE063,KD8
2021-07-21 02:38:26,0007AC80F1,KD8
2021-07-21 02:38:47,000783CB2B,KD8
2021-07-21 02:38:58,000783CB2B,KD8
2021-07-21 02:39:33,00079A0255,KD8
2021-07-21 02:39:50,000783CB2B,KD8
2021-07-21 02:40:24,000783CB2B,KD8
2021-07-21 02:40:35,000783CB2B,KD8
2021-07-21 02:40:51,000783CB2B,KD8
2021-07-21 02:41:32,000783CB2B,KD8
2021-07-21 02:41:55,000783CB2B,KD8
2021-07-21 02:42:09,000783CB2B,KD8
2021-07-21 02:42:21,000783CB2B,KD8
2021-07-21 02:42:22,000783F429,KD8
2021-07-21 02:42:40,000783CB2B,KD8
2021-07-21 02:42:56,00079A0255,KD8
2021-07-21 02:43:07,00079A0255,KD8
2021-07-21 02:43:36,000783CB2B,KD8
2021-07-21 02:44:11,000783CB2B,KD8
2021-07-21 02:44:41,00079A0255,KD8
2021-07-21 02:44:53,000783CB2B,KD8
2021-07-21 02:45:12,000783CB2B,KD8
2021-07-21 02:45:24,00079A0255,KD8
2021-07-21 02:45:38,000783CB2B,KD8
2021-07-21 02:45:56,000783CB2B,KD8
2021-07-21 02:49:06,0007ACAC37,KD8
2021-07-21 02:50:29,000786B8A2,KD8
2021-07-21 02:51:29,00075CE063,KD8
2021-07-21 02:54:04,0007AC3CC1,KD8
2021-07-21 02:56:15,000786B8A2,KD8
2021-07-21 02:56:43,00079A0255,KD8
2021-07-21 02:59:10,00079A0255,KD8
2021-07-21 02:59:29,00079A0255,KD8
2021-07-21 03:00:25,00079A0255,KD8
2021-07-21 03:00:38,00079A0255,KD8
2021-07-21 03:00:39,000783F377,KD8
2021-07-21 03:00:53,0007ABC5F2,KD8
2021-07-21 03:01:38,00079A0255,KD8
2021-07-21 03:02:57,0007ACAC37,KD8
2021-07-21 03:04:51,0007ABF44A,KD8
2021-07-21 03:05:30,000783F377,KD8
2021-07-21 03:05:58,0007ACAC37,KD8
2021-07-21 03:06:21,000783F377,KD8
2021-07-21 03:06:36,00079AAA3C,KD8
2021-07-21 03:06:41,000783F377,KD8
2021-07-21 03:08:16,00075CE063,KD8
2021-07-21 03:09:05,00079AAA3C,KD8
2021-07-21 03:09:41,0007ABC5F2,KD8
2021-07-21 03:13:34,00079A0255,KD8
2021-07-21 03:15:44,0007ABC809,KD8
2021-07-21 03:17:27,0007ABC5F2,KD8
2021-07-21 03:17:31,0006B3BF04,KD8
2021-07-21 03:18:17,0006B3BF04,KD8
2021-07-21 03:19:14,0007ABC5F2,KD8
2021-07-21 03:19:48,00079A0255,KD8
2021-07-21 03:20:16,000783F429,KD8
2021-07-21 03:20:43,0007ABA539,KD8
2021-07-21 03:20:47,0007ABC809,KD8
2021-07-21 03:21:11,0006B34FE4,KD8
2021-07-21 03:21:47,0006B34FE4,KD8
2021-07-21 03:22:07,00071E2D31,KD8
2021-07-21 03:23:16,000783CB2B,KD8
2021-07-21 03:27:11,0007ABF44A,KD8
2021-07-21 03:27:40,00071E2D31,KD8
2021-07-21 03:29:04,0007ABA539,KD8
2021-07-21 03:31:56,0007ABD629,KD8
2021-07-21 03:32:30,0007ABD629,KD8
2021-07-21 03:37:08,000786D14D,KD8
2021-07-21 03:37:44,000783CB2B,KD8
2021-07-21 03:39:17,000786D14D,KD8
2021-07-21 03:40:06,00075D076C,KD8
2021-07-21 03:41:43,00075D076C,KD8
2021-07-21 03:43:45,0007AC44BD,KD8
2021-07-21 03:43:50,00079AAA3C,KD8
2021-07-21 03:44:51,00079AAA3C,KD8
2021-07-21 03:45:31,0007AC44BD,KD8
2021-07-21 03:52:45,00075B29B2,KD8
2021-07-21 03:53:24,00075B29B2,KD8
2021-07-21 03:54:28,0007AC80F1,KD8
2021-07-21 03:58:16,0007ABC5F2,KD8
2021-07-21 03:59:18,0007ABC5F2,KD8
2021-07-21 03:59:24,000786B8A2,KD8
2021-07-21 04:06:23,00075CE063,KD8
2021-07-21 04:07:53,000786B8A2,KD8
2021-07-21 04:09:39,0007AC80F1,KD8
2021-07-21 04:19:55,00075CE063,KD8
2021-07-21 04:22:52,0007ABD629,KD8
2021-07-21 04:23:10,0007ABD629,KD8
2021-07-21 04:56:18,000783F429,KD8
2021-07-21 05:00:20,00075D076C,KD8
2021-07-21 05:06:12,0006E24C7B,KD8
2021-07-21 05:06:50,0006E24C7B,KD8
2021-07-21 05:06:59,0007ABC809,KD8
2021-07-21 05:11:07,0007ABD4DC,KD8
2021-07-21 05:12:01,0007ACAC37,KD8
2021-07-21 05:12:57,0007AC0387,KD8
2021-07-21 05:13:02,0007AC418B,KD8
2021-07-21 05:15:07,00075D076C,KD8
2021-07-21 05:17:29,0007ABF44A,KD8
2021-07-21 05:18:11,0007AC80F1,KD8
2021-07-21 05:18:15,00071E2D31,KD8
2021-07-21 05:19:53,00079A0255,KD8
2021-07-21 05:19:54,00075CE063,KD8
2021-07-21 05:20:22,0007AC8787,KD8
2021-07-21 05:21:37,000783CB2B,KD8
2021-07-21 05:23:35,000786B8A2,KD8
2021-07-21 05:25:54,0007ABA539,KD8
2021-07-21 08:16:11,00071E2D31,KD8
2021-07-21 08:16:22,00071E2D31,KD8
2021-07-21 10:45:45,0007AC0387,KD8
2021-07-21 11:56:22,0007AC418B,KD8
2021-07-21 12:37:01,0007ACAC37,KD8
2021-07-21 12:58:15,0007AC0387,KD8
2021-07-21 15:08:23,00071E2D31,KD8
2021-07-21 16:01:03,0007ACAC37,KD8
2021-07-21 18:58:26,0007AC8787,KD8
2021-07-21 19:25:28,0006E24C7B,KD8
2021-07-21 20:42:14,000786B8A2,KD8
2021-07-21 21:10:28,000786B8A2,KD8
2021-07-21 21:10:39,000786B8A2,KD8
2021-07-21 21:13:33,00075CE063,KD8
2021-07-21 21:13:44,000786B8A2,KD8
2021-07-21 21:13:56,000786B8A2,KD8
2021-07-21 21:14:06,00075CE063,KD8
2021-07-21 21:16:52,0007ABA539,KD8
2021-07-21 21:17:26,00075CE063,KD8
2021-07-21 21:17:37,00075CE063,KD8
2021-07-21 21:18:58,00075CE063,KD8
2021-07-21 21:19:10,00075CE063,KD8
2021-07-21 21:19:58,000786B8A2,KD8
2021-07-21 21:20:05,00075CE063,KD8
2021-07-21 21:20:22,0007ABF44A,KD8
2021-07-21 21:20:39,0007ABF44A,KD8
2021-07-21 21:21:05,0007ABF44A,KD8
2021-07-21 21:21:20,000783CB2B,KD8
2021-07-21 21:21:29,00071E2D31,KD8
2021-07-21 21:21:35,0007AC80F1,KD8
2021-07-21 21:21:51,00079A0255,KD8
2021-07-21 21:22:02,000783CB2B,KD8
2021-07-21 21:25:22,0007ABF44A,KD8
2021-07-21 21:25:37,0007ABF44A,KD8
2021-07-21 21:25:49,0007AC0387,KD8
2021-07-21 21:25:58,00079A0255,KD8
2021-07-21 21:26:04,0007ABC809,KD8
2021-07-21 21:26:09,0007ABF44A,KD8
2021-07-21 21:26:53,0007AC80F1,KD8
2021-07-21 21:27:04,0006E24C7B,KD8
2021-07-21 21:27:08,0007AC8787,KD8
2021-07-21 21:28:01,000783F429,KD8
2021-07-21 21:28:12,000783F429,KD8
2021-07-21 21:28:16,000786B8A2,KD8
2021-07-21 21:29:35,00075CE063,KD8
2021-07-21 21:30:45,00071E2D31,KD8
2021-07-21 21:31:04,00071E2D31,KD8
2021-07-21 21:31:22,0007ACAC37,KD8
2021-07-21 21:31:33,0007ACAC37,KD8
2021-07-21 21:32:05,0007AC418B,KD8
2021-07-21 21:32:37,0007AC418B,KD8
2021-07-21 21:38:38,00075CE063,KD8
2021-07-21 21:41:30,0007ACAC37,KD8
2021-07-21 21:41:43,0007ACAC37,KD8
2021-07-21 21:42:15,0007ACAC37,KD8
2021-07-21 21:46:45,0007ACAC37,KD8
2021-07-21 21:51:06,0007ABD4DC,KD8
2021-07-21 21:51:21,000799A5EF,KD8
2021-07-21 21:52:33,0007ABD4DC,KD8
2021-07-21 21:54:26,000799A5EF,KD8
2021-07-21 22:12:23,00075D076C,KD8
2021-07-21 22:12:32,00074EEC1A,KD8
2021-07-21 22:14:12,00074EEC1A,KD8
2021-07-21 22:17:08,00075D076C,KD8
2021-07-21 22:50:31,000799A5EF,KD8
2021-07-21 22:53:15,00075CE063,KD8
2021-07-21 22:53:20,00075D076C,KD8
2021-07-21 22:54:32,000799A5EF,KD8
2021-07-21 22:55:12,0006B34FE4,KD8
2021-07-21 22:55:35,0006B34FE4,KD8
2021-07-21 22:57:56,0006B34FE4,KD8
2021-07-21 22:58:13,00075D076C,KD8
2021-07-21 23:01:47,0007AC44BD,KD8
2021-07-21 23:02:39,0007AC44BD,KD8
2021-07-21 23:04:06,00075CE063,KD8
2021-07-21 23:05:49,00075D879F,KD8
2021-07-21 23:06:01,0007ACAC37,KD8
2021-07-21 23:06:15,000786B8A2,KD8
2021-07-21 23:07:31,00075D879F,KD8
2021-07-21 23:08:04,0007ACAC37,KD8
2021-07-21 23:10:51,00075D076C,KD8
2021-07-21 23:12:39,000786B8A2,KD8
2021-07-21 23:13:06,0007ABA539,KD8
2021-07-21 23:14:40,00075D076C,KD8
2021-07-21 23:16:20,0007ABF44A,KD8
2021-07-21 23:23:10,0007ABF44A,KD8
2021-07-21 23:23:28,0007ABA539,KD8
2021-07-21 23:25:08,0007ABDCCF,KD8
2021-07-21 23:26:09,00075D076C,KD8
2021-07-21 23:26:13,00075B22B0,KD8
2021-07-21 23:26:30,0006B3AC35,KD8
2021-07-21 23:26:49,0007ABDCCF,KD8
2021-07-21 23:27:01,0006B3BF04,KD8
2021-07-21 23:27:26,0007ABC5F2,KD8
2021-07-21 23:28:07,0006B3BF04,KD8
2021-07-21 23:28:23,0006B3AC35,KD8
2021-07-21 23:28:29,00075B22B0,KD8
2021-07-21 23:29:21,00075D076C,KD8
2021-07-21 23:31:04,0007ABC5F2,KD8
2021-07-21 23:35:40,0007AC80F1,KD8
2021-07-21 23:36:28,00075B29B2,KD8
2021-07-21 23:38:46,000799A5EF,KD8
2021-07-21 23:40:40,0007AC80F1,KD8
2021-07-21 23:40:56,00075B29B2,KD8
2021-07-21 23:42:47,0006B3BF04,KD8
2021-07-21 23:43:18,0006E241C1,KD8
2021-07-21 23:43:29,00075D879F,KD8
2021-07-21 23:43:38,000799A5EF,KD8
2021-07-21 23:43:46,0006B3BF04,KD8
2021-07-21 23:43:54,0006E239ED,KD8
2021-07-21 23:44:08,0006B3BF04,KD8
2021-07-21 23:44:39,0006B3BF04,KD8
2021-07-21 23:44:54,0006B3BF04,KD8
2021-07-21 23:45:04,0006E239ED,KD8
2021-07-21 23:45:07,0006B3BF04,KD8
2021-07-21 23:45:44,00075D879F,KD8
2021-07-21 23:46:07,000786D14D,KD8
2021-07-21 23:46:55,0007AC44BD,KD8
2021-07-21 23:47:45,0006E241C1,KD8
2021-07-21 23:47:56,0006E241C1,KD8
2021-07-21 23:48:07,0006E241C1,KD8
2021-07-21 23:48:13,000786D14D,KD8
2021-07-21 23:48:24,000786D14D,KD8
2021-07-21 23:56:35,00075B29B2,KD8
2021-07-21 23:59:20,00075B29B2,KD8
2021-07-22 00:02:13,00074F663E,KD8
2021-07-22 00:02:41,00074F663E,KD8
2021-07-22 00:02:48,0007AC44BD,KD8
2021-07-22 00:02:58,00074F663E,KD8
2021-07-22 00:06:32,0007AC8787,KA1
2021-07-22 00:06:51,0007AC8787,KA1
2021-07-22 00:07:04,0007AC8787,KA1
2021-07-22 00:11:20,000786B8A2,KD8
2021-07-22 00:12:04,0007AC44BD,KD8
2021-07-22 00:15:26,0007ABF44A,KD8
2021-07-22 00:16:42,0007ABDCCF,KD8
2021-07-22 00:16:46,00079A0255,KD8
2021-07-22 00:17:10,00075CE063,KD8
2021-07-22 00:17:26,0006E241C1,KD8
2021-07-22 00:19:23,0006E241C1,KD8
2021-07-22 00:20:05,00079A0255,KD8
2021-07-22 00:20:52,0007ABDCCF,KD8
2021-07-22 00:21:36,000786B8A2,KD8
2021-07-22 00:23:52,00075CE063,KD8
2021-07-22 00:26:16,0006E24ECA,KD8
2021-07-22 00:26:36,0006E241C1,KD8
2021-07-22 00:27:57,0007ABF44A,KD8
2021-07-22 00:29:43,0007ABDCCF,KD8
2021-07-22 00:31:36,0007ABDCCF,KD8
2021-07-22 00:31:55,0007AC80F1,KD8
2021-07-22 00:32:40,0007AC8787,KA1
2021-07-22 00:32:54,00075D879F,KA1
2021-07-22 00:32:56,00075B29B2,KD8
2021-07-22 00:33:01,0007ABC5F2,KD8
2021-07-22 00:33:18,00075D879F,KA1
2021-07-22 00:33:32,0007AC8787,KA1
2021-07-22 00:33:46,0006B34FE4,KD8
2021-07-22 00:33:54,0006E241C1,KD8
2021-07-22 00:34:38,0007ABC5F2,KD8
2021-07-22 00:34:49,0007ABC5F2,KD8
2021-07-22 00:34:57,00075D879F,KD8
2021-07-22 00:35:37,0006E24ECA,KD8
2021-07-22 00:36:00,00075D879F,KD8
2021-07-22 00:36:05,0006B34FE4,KD8
2021-07-22 00:36:35,0007AC80F1,KD8
2021-07-22 00:38:57,0007AC80F1,KD8
2021-07-22 00:39:08,0007AC80F1,KD8
2021-07-22 00:39:44,0007AC80F1,KD8
2021-07-22 00:40:25,00075B29B2,KD8
2021-07-22 00:43:15,00075CE063,KD8
2021-07-22 00:43:31,00075D879F,KA1
2021-07-22 00:43:45,00075D879F,KA1
2021-07-22 00:45:42,00075CE063,KD8
2021-07-22 00:46:40,00075CE063,KD8
2021-07-22 00:47:53,00075CE063,KD8
2021-07-22 00:49:26,000786B8A2,KD8
2021-07-22 00:50:03,0007ABA539,KD8
2021-07-22 00:51:14,000786B8A2,KD8
2021-07-22 00:53:29,00079AAA3C,KA1
2021-07-22 00:53:42,00075B29B2,KA1
2021-07-22 00:56:43,00079A0255,KD8
2021-07-22 00:57:05,00075B29B2,KA1
2021-07-22 00:57:17,00079AAA3C,KA1
2021-07-22 00:58:08,00071E2D31,KD8
2021-07-22 01:00:57,00079A0255,KD8
2021-07-22 01:01:53,0007ABA539,KD8
2021-07-22 01:05:02,00075B29B2,KD8
2021-07-22 01:05:08,0006B3BF04,KD8
2021-07-22 01:07:52,00075B29B2,KD8
2021-07-22 01:10:54,00075D076C,KD8
2021-07-22 01:12:33,0007ACAC37,KD8
2021-07-22 01:12:45,0007AC80F1,KA1
2021-07-22 01:13:06,00075D076C,KD8
2021-07-22 01:19:28,00071E2D31,KD8
2021-07-22 01:20:30,0007AC80F1,KD8
2021-07-22 01:20:35,0007ABF44A,KD8
2021-07-22 01:21:43,000783CB2B,KD8
2021-07-22 01:23:39,000783CB2B,KD8
2021-07-22 01:26:58,00075D879F,KA1
2021-07-22 01:27:01,00074F663E,KA1
2021-07-22 01:27:27,000786D14D,KA1
2021-07-22 01:27:43,0007AC80F1,KD8
2021-07-22 01:28:14,0007AC80F1,KD8
2021-07-22 01:28:21,00074F663E,KA1
2021-07-22 01:28:34,00075D879F,KA1
2021-07-22 01:28:39,0007AC80F1,KD8
2021-07-22 01:28:47,000786D14D,KA1
2021-07-22 01:29:11,0007ACAC37,KD8
2021-07-22 01:29:41,0007AC80F1,KD8
2021-07-22 01:30:07,0007AC80F1,KD8
2021-07-22 01:30:18,0007AC80F1,KD8
2021-07-22 01:31:56,00075D879F,KD8
2021-07-22 01:32:09,0007ABF44A,KD8
2021-07-22 01:33:19,00075D879F,KD8
2021-07-22 01:34:38,0007AC80F1,KD8
2021-07-22 01:39:01,0006B3BF04,KD8
2021-07-22 01:39:13,000786B8A2,KD8
2021-07-22 01:42:51,000799A5EF,KD8
2021-07-22 01:45:41,000786B8A2,KD8
2021-07-22 01:47:20,0006B34FE4,KD8
2021-07-22 01:48:07,0007AC80F1,KD8
2021-07-22 01:48:23,00071E2D31,KD8
2021-07-22 01:48:33,0007AC80F1,KD8
2021-07-22 01:49:19,00079A0255,KD8
2021-07-22 01:49:32,0007ABA539,KD8
2021-07-22 01:49:58,0006B34FE4,KD8
2021-07-22 01:50:43,0007AC80F1,KD8
2021-07-22 01:50:58,000799A5EF,KD8
2021-07-22 01:51:04,0007AC80F1,KD8
2021-07-22 01:51:07,000786B8A2,KD8
2021-07-22 01:51:32,0007AC80F1,KD8
2021-07-22 01:54:05,000786B8A2,KD8
2021-07-22 01:55:48,00079A0255,KD8
2021-07-22 01:57:08,00074F7C6F,KA1
2021-07-22 01:57:10,000783CB2B,KA1
2021-07-22 01:57:13,00075D879F,KA1
2021-07-22 01:57:14,0007AC418B,KD8
2021-07-22 01:57:22,00074F7C6F,KA1
2021-07-22 01:57:28,000783CB2B,KA1
2021-07-22 01:58:29,0007AC80F1,KD8
2021-07-22 01:58:57,0006E241C1,KD8
2021-07-22 01:59:14,00074F7C6F,KD8
2021-07-22 01:59:20,00075D879F,KD8
2021-07-22 01:59:34,000783CB2B,KD8
2021-07-22 02:00:07,00075D879F,KD8
2021-07-22 02:00:23,000783CB2B,KD8
2021-07-22 02:01:45,0007ABA539,KD8
2021-07-22 02:03:16,0007AC418B,KD8
2021-07-22 02:03:38,00074F7C6F,KD8
2021-07-22 02:03:47,0007AC44BD,KD8
2021-07-22 02:07:36,00075D879F,KD8
2021-07-22 02:11:15,00071E2D31,KD8
2021-07-22 02:12:29,00079A0255,KD8
2021-07-22 02:17:52,00079A0255,KD8
2021-07-22 02:17:56,00075B22B0,KD8
2021-07-22 02:19:56,00075D879F,KD8
2021-07-22 02:20:10,00075B22B0,KD8
2021-07-22 02:20:23,0006E241C1,KD8
2021-07-22 02:22:54,000783F429,KD8
2021-07-22 02:29:08,0006E24ECA,KD8
2021-07-22 02:29:17,0007ABDCCF,KD8
2021-07-22 02:30:05,00075D076C,KD8
2021-07-22 02:30:54,00075B29B2,KD8
2021-07-22 02:31:33,0007AC8787,KD8
2021-07-22 02:32:21,0007ABDCCF,KD8
2021-07-22 02:33:27,0007AC44BD,KD8
2021-07-22 02:34:02,00075D076C,KD8
2021-07-22 02:34:20,0006E24ECA,KD8
2021-07-22 02:35:44,00075B29B2,KD8
2021-07-22 02:37:09,00074F663E,KD8
2021-07-22 02:37:57,00074F663E,KD8
2021-07-22 02:38:00,0007ACAC37,KA1
2021-07-22 02:38:16,000783F377,KA1
2021-07-22 02:38:24,0007ABDCCF,KA1
2021-07-22 02:38:36,0007ACAC37,KA1
2021-07-22 02:38:38,0007ABDCCF,KA1
2021-07-22 02:39:12,00074F663E,KA1
2021-07-22 02:39:23,00074F663E,KA1
2021-07-22 02:39:34,0007ACAC37,KA1
2021-07-22 02:40:20,000783F377,KA1
2021-07-22 02:42:31,00074F663E,KA1
2021-07-22 02:42:37,0007ACAC37,KD8
2021-07-22 02:42:54,0007ABD629,KA1
2021-07-22 02:43:14,0007AC8787,KD8
2021-07-22 02:44:34,0007ACAC37,KD8
2021-07-22 02:45:40,0006E24ECA,KA1
2021-07-22 02:46:25,0007ABD629,KA1
2021-07-22 02:46:35,000783F429,KD8
2021-07-22 02:46:57,0006E24ECA,KA1
2021-07-22 02:47:31,0007ABF44A,KD8
2021-07-22 02:48:45,00075B29B2,KD8
2021-07-22 02:49:00,0007ABD629,KD8
2021-07-22 02:51:27,00075B29B2,KD8
2021-07-22 02:52:38,0007ABD629,KD8
2021-07-22 02:54:01,000786D14D,KA1
2021-07-22 02:54:15,0007ACAC37,KD8
2021-07-22 02:54:37,00074F663E,KA1
2021-07-22 02:55:40,0007ABF44A,KD8
2021-07-22 02:56:02,00075B29B2,KA1
2021-07-22 02:56:06,000786B8A2,KD8
2021-07-22 02:56:40,00075B29B2,KA1
2021-07-22 02:56:50,00079A0255,KD8
2021-07-22 02:57:51,000786D14D,KA1
2021-07-22 03:00:17,0007ABF44A,KD8
2021-07-22 03:00:25,00075D879F,KA1
2021-07-22 03:01:00,00075D076C,KA1
2021-07-22 03:01:44,00075D879F,KA1
2021-07-22 03:01:54,00075D076C,KA1
2021-07-22 03:02:00,0007ABA539,KD8
2021-07-22 03:02:13,0007ABC5F2,KA1
2021-07-22 03:02:18,00075D076C,KA1
2021-07-22 03:03:10,0007ABF44A,KD8
2021-07-22 03:03:22,00075D879F,KD8
2021-07-22 03:03:37,00075D879F,KD8
2021-07-22 03:04:37,0007ABC5F2,KA1
2021-07-22 03:05:04,00075D076C,KA1
2021-07-22 03:06:02,000786B8A2,KD8
2021-07-22 03:06:51,00075D076C,KD8
2021-07-22 03:06:54,000786B8A2,KA1
2021-07-22 03:07:03,0007ABC5F2,KD8
2021-07-22 03:07:10,000786B8A2,KA1
2021-07-22 03:07:27,000786B8A2,KA1
2021-07-22 03:08:29,000799A5EF,KD8
2021-07-22 03:08:51,0007ABC5F2,KD8
2021-07-22 03:10:18,00075D076C,KD8
2021-07-22 03:10:29,00079A0255,KD8
2021-07-22 03:12:02,0006B34FE4,KA1
2021-07-22 03:13:36,0006B34FE4,KA1
2021-07-22 03:14:04,00079AAA3C,KD8
2021-07-22 03:14:19,0007ABA539,KD8
2021-07-22 03:15:00,00079AAA3C,KD8
2021-07-22 03:16:22,0006B3BF04,KD8
2021-07-22 03:16:26,0007ABD629,KD8
2021-07-22 03:17:17,000799A5EF,KD8
2021-07-22 03:18:29,0007ABD629,KD8
2021-07-22 03:19:18,0006E241C1,KA1
2021-07-22 03:19:50,0006E241C1,KA1
2021-07-22 03:20:22,0006E241C1,KA1
2021-07-22 03:21:33,0007ABD629,KA1
2021-07-22 03:21:39,00075B29B2,KA1
2021-07-22 03:22:19,0007ABD629,KA1
2021-07-22 03:22:56,0006E241C1,KD8
2021-07-22 03:23:59,00075B29B2,KA1
2021-07-22 03:24:09,00079AAA3C,KD8
2021-07-22 03:24:12,000783CB2B,KD8
2021-07-22 03:24:39,000783CB2B,KD8
2021-07-22 03:27:48,0007ABDCCF,KD8
2021-07-22 03:28:08,0007ABDCCF,KD8
2021-07-22 03:28:37,00079AAA3C,KD8
2021-07-22 03:32:10,0007AC3CC1,KD8
2021-07-22 03:34:31,00074F663E,KA1
2021-07-22 03:34:42,0007AC0387,KA1
2021-07-22 03:34:48,0006B34FE4,KD8
2021-07-22 03:36:04,0007AC418B,KD8
2021-07-22 03:37:39,0007AC0387,KA1
2021-07-22 03:39:50,0006B3BF04,KD8
2021-07-22 03:40:50,000783CB2B,KA1
2021-07-22 03:40:53,0007ABA539,KA1
2021-07-22 03:41:25,0007ABA539,KA1
2021-07-22 03:41:37,000783CB2B,KA1
2021-07-22 03:42:05,00075D879F,KD8
2021-07-22 03:42:37,00074F663E,KA1
2021-07-22 03:42:38,0007ABA539,KD8
2021-07-22 03:44:09,00074F663E,KD8
2021-07-22 03:45:06,0006B34FE4,KD8
2021-07-22 03:45:24,00074F663E,KD8
2021-07-22 03:46:48,0006E241C1,KD8
2021-07-22 03:47:27,0007AC3CC1,KD8
2021-07-22 03:47:56,0007AC80F1,KD8
2021-07-22 03:48:45,0007AC418B,KD8
2021-07-22 03:50:01,00079A0255,KD8
2021-07-22 03:52:11,0007ABA539,KD8
2021-07-22 03:52:31,000786B8A2,KD8
2021-07-22 04:00:10,0007AC80F1,KD8
2021-07-22 04:00:16,00079A0255,KD8
2021-07-22 04:01:03,000786B8A2,KD8
2021-07-22 04:08:41,000786B8A2,KD8
2021-07-22 04:12:05,000786B8A2,KD8
2021-07-22 04:12:34,000786B8A2,KD8
2021-07-22 04:13:25,000786B8A2,KD8
2021-07-22 04:13:37,000786B8A2,KD8
2021-07-22 04:21:28,000786B8A2,KD8
2021-07-22 04:24:41,000786B8A2,KD8
2021-07-22 04:24:52,000786B8A2,KD8
2021-07-22 04:26:03,000786B8A2,KD8
2021-07-22 04:29:26,00079AAA3C,KD8
2021-07-22 04:31:30,000786B8A2,KD8
2021-07-22 04:32:44,0007ABD629,KD8
2021-07-22 04:34:17,0007ABD629,KD8
2021-07-22 04:34:25,000786B8A2,KD8
2021-07-22 04:36:26,00079AAA3C,KD8
2021-07-22 04:57:09,0007AC44BD,KD8
2021-07-22 04:58:11,000786B8A2,KD8
2021-07-22 05:01:28,000783F429,KD8
2021-07-22 05:02:14,000788A24D,KD8
2021-07-22 05:02:28,000786B8A2,KD8
2021-07-22 05:03:33,0006E24C7B,KD8
2021-07-22 05:04:52,0006E24C7B,KD8
2021-07-22 05:07:28,0007ABC809,KD8
2021-07-22 05:09:08,0006E24C7B,KD8
2021-07-22 05:11:17,0007ACAC37,KD8
2021-07-22 05:14:43,00079A0255,KD8
2021-07-22 05:16:02,0006B3BF04,KD8
2021-07-22 05:16:13,0007AC418B,KD8
2021-07-22 05:16:18,0006B34FE4,KD8
2021-07-22 05:16:33,0006E241C1,KD8
2021-07-22 05:17:24,0007AC0387,KA1
2021-07-22 05:18:05,000799A5EF,KD8
2021-07-22 05:18:40,0007ABD4DC,KA1
2021-07-22 05:18:56,00071E2D31,KD8
2021-07-22 05:19:01,000786B8A2,KA1
2021-07-22 05:19:31,00075D879F,KA1
2021-07-22 05:19:38,00079AAA3C,KD8
2021-07-22 05:19:41,000786B8A2,KA1
2021-07-22 05:19:47,0007ABD4DC,KA1
2021-07-22 05:20:06,0007AC8787,KD8
2021-07-22 05:20:51,00075D879F,KA1
2021-07-22 05:21:49,0007AC80F1,KD8
2021-07-22 05:21:57,000786B8A2,KD8
2021-07-22 05:23:10,00075D879F,KD8
2021-07-22 05:23:26,0007ABD4DC,KA1
2021-07-22 05:23:38,0007ABD4DC,KA1
2021-07-22 05:24:55,0007ABA539,KD8
2021-07-22 05:25:26,0007ABD4DC,KA1
2021-07-22 05:25:47,0007ABD4DC,KA1
2021-07-22 05:26:01,0007ABD4DC,KA1
2021-07-22 05:26:27,0007ABD4DC,KA1
2021-07-22 05:26:35,0007AC8787,KD8
2021-07-22 05:26:40,0007ABD4DC,KA1
2021-07-22 05:26:55,0007ABD4DC,KA1
2021-07-22 05:31:39,0007ABD4DC,KA1
2021-07-22 05:37:29,0007AC0387,KA1
2021-07-22 05:39:27,0006B3BF04,KD8
2021-07-22 06:42:29,0007AC8787,KD8
2021-07-22 06:43:29,0007AC418B,KD8
2021-07-22 06:45:57,0006E241C1,KD8
2021-07-22 06:47:20,0007ABD4DC,KA1
2021-07-22 07:34:32,0007AC418B,KD8
2021-07-22 07:34:37,0007AC8787,KD8
2021-07-22 07:34:51,0007AC8787,KD8
2021-07-22 07:35:21,0007AC8787,KD8
2021-07-22 07:50:10,0006B3BF04,KD8
2021-07-22 08:35:23,00079A0255,KD8
2021-07-22 08:39:06,0007AC418B,KD8
2021-07-22 08:41:03,0007AC418B,KD8
2021-07-22 09:25:59,00075D879F,KD8
2021-07-22 09:27:30,000783F429,KD8
2021-07-22 09:41:44,00071E2D31,KD8
2021-07-22 09:41:55,00071E2D31,KD8
2021-07-22 09:46:41,0007AC8787,KD8
2021-07-22 09:50:42,0007ACAC37,KD8
2021-07-22 12:25:24,0006B34FE4,KD8
2021-07-22 12:34:52,000799A5EF,KD8
2021-07-22 12:38:01,0006B3BF04,KD8
2021-07-22 13:48:37,00071E2D31,KD8
2021-07-22 14:10:00,0007AC44BD,KD8
2021-07-22 15:40:10,0007AC8787,KD8
2021-07-22 16:23:26,00079A0255,KD8
2021-07-22 17:49:47,00071E2D31,KD8
2021-07-22 18:14:40,0007ABC809,KD8
2021-07-22 18:14:41,0007AC418B,KD8
2021-07-22 18:52:54,0007AC8787,KD8
2021-07-22 19:50:52,0007AC44BD,KD8
2021-07-22 21:18:53,0007AC44BD,KD8
2021-07-22 21:21:13,000799A5EF,KD8
2021-07-22 21:21:29,000799A5EF,KD8
2021-07-22 21:21:42,000799A5EF,KD8
2021-07-22 21:22:16,000799A5EF,KD8
2021-07-22 21:23:30,00079AAA3C,KD8
2021-07-22 21:27:03,0007AC44BD,KD8
2021-07-22 21:27:21,0007AC44BD,KD8
2021-07-22 21:27:46,0006B3BF04,KD8
2021-07-22 21:27:58,0006B3BF04,KD8
2021-07-22 21:28:09,0006B3BF04,KD8
2021-07-22 21:28:11,00071E2D31,KD8
2021-07-22 21:28:23,0006B34FE4,KD8
2021-07-22 21:29:07,0006B3BF04,KD8
2021-07-22 21:29:18,00075D879F,KD8
2021-07-22 21:29:22,0006B34FE4,KD8
2021-07-22 21:29:33,0006B34FE4,KD8
2021-07-22 21:30:42,0006E241C1,KD8
2021-07-22 21:32:32,0007ABA539,KD8
2021-07-22 21:32:36,0007AC80F1,KD8
2021-07-22 21:32:55,00079A0255,KD8
2021-07-22 21:33:37,0006E241C1,KD8
2021-07-22 21:33:42,00079A0255,KD8
2021-07-22 21:33:46,0007AC8787,KD8
2021-07-22 21:33:55,0007ABA539,KD8
2021-07-22 21:34:23,000786B8A2,KD8
2021-07-22 21:35:15,0006E24C7B,KD8
2021-07-22 21:35:19,0007AC80F1,KD8
2021-07-22 21:37:06,00071E2D31,KD8
2021-07-22 21:37:17,00071E2D31,KD8
2021-07-22 21:38:29,000783F429,KD8
2021-07-22 21:38:50,0007ABC809,KD8
2021-07-22 21:38:54,0007AC418B,KD8
2021-07-22 21:40:08,0007ACAC37,KD8
2021-07-22 21:40:20,0007ACAC37,KD8
2021-07-22 21:40:25,00071E2D31,KD8
2021-07-22 21:41:01,0007ABD4DC,KA1
2021-07-22 21:42:32,000788A24D,KD8
2021-07-22 22:18:17,000799A5EF,KD8
2021-07-22 22:24:16,000799A5EF,KD8
2021-07-22 22:53:17,0007ABF44A,KD8
2021-07-22 22:53:46,0007AC44BD,KD8
2021-07-22 22:55:20,0007ABF44A,KD8
2021-07-22 22:59:18,0006B3BF04,KD8
2021-07-22 22:59:22,0007AC44BD,KD8
2021-07-22 23:05:07,0006B3BF04,KD8
2021-07-22 23:05:44,00074F663E,KD8
2021-07-22 23:07:09,000786B8A2,KD8
2021-07-22 23:07:17,0006B3BF04,KD8
2021-07-22 23:07:36,0007ABC5F2,KD8
2021-07-22 23:08:40,000783CB2B,KA2
2021-07-22 23:08:51,000783F377,KA2
2021-07-22 23:09:20,0006B3BF04,KD8
2021-07-22 23:09:27,0007ABC5F2,KD8
2021-07-22 23:09:42,00071E15BF,KA2
2021-07-22 23:13:00,0006E241C1,KD8
2021-07-22 23:14:18,000786B8A2,KD8
2021-07-22 23:15:46,00074F663E,KD8
2021-07-22 23:15:48,000783F377,KA2
2021-07-22 23:16:45,00075B22B0,KD8
2021-07-22 23:17:29,00071E15BF,KA2
2021-07-22 23:18:33,00075B22B0,KD8
2021-07-22 23:18:47,000786D14D,KA1
2021-07-22 23:19:03,000786D14D,KA1
2021-07-22 23:20:16,0006E241C1,KD8
2021-07-22 23:21:38,00074EEC1A,KA2
2021-07-22 23:21:56,000783CB2B,KA2
2021-07-22 23:22:58,00074EEC1A,KA2
2021-07-22 23:27:46,0006B34FE4,KD8
2021-07-22 23:28:51,000783F377,KA2
2021-07-22 23:30:02,000783F377,KA2
2021-07-22 23:31:58,00075D879F,KD8
2021-07-22 23:32:43,000783F377,KD8
2021-07-22 23:33:24,000783F377,KD8
2021-07-22 23:35:38,00075D879F,KD8
2021-07-22 23:36:45,0006B3BF04,KD8
2021-07-22 23:37:12,0006B34FE4,KD8
2021-07-22 23:37:28,0007ABF44A,KA2
2021-07-22 23:38:37,0007ABF44A,KA2
2021-07-22 23:40:35,000786D14D,KA1
2021-07-22 23:41:17,0007ABA539,KD8
2021-07-22 23:41:23,000783F377,KD8
2021-07-22 23:41:27,00075CE063,KD8
2021-07-22 23:42:32,000783F429,KA1
2021-07-22 23:42:36,0006B3BF04,KD8
2021-07-22 23:43:42,000783F377,KD8
2021-07-22 23:43:57,000786D14D,KA1
2021-07-22 23:44:08,000783F429,KA1
2021-07-22 23:44:19,000783F429,KA1
2021-07-22 23:44:20,00075CE063,KD8
2021-07-22 23:44:31,0007ABA539,KD8
2021-07-22 23:44:32,000783F429,KA1
2021-07-22 23:46:46,0006B3BF04,KD8
2021-07-22 23:46:54,00079AAA3C,KD8
2021-07-22 23:49:47,00075CE063,KD8
2021-07-22 23:50:25,00075CE063,KD8
2021-07-22 23:50:35,0006B3BF04,KD8
2021-07-22 23:51:34,0007ABF44A,KA2
2021-07-22 23:52:44,0007ABA539,KD8
2021-07-22 23:53:04,0007ABA539,KA2
2021-07-22 23:53:21,00079AAA3C,KD8
2021-07-22 23:54:13,0007ABA539,KA2
2021-07-22 23:54:49,0007ABA539,KA2
2021-07-22 23:55:07,0007ABF44A,KA2
2021-07-22 23:55:55,0007ABD629,KD8
2021-07-22 23:56:07,0007AC44BD,KD8
2021-07-22 23:56:19,0007ABA539,KD8
2021-07-22 23:57:30,0007ABD629,KD8
2021-07-22 23:58:15,00075D879F,KA1
2021-07-22 23:58:32,00075D879F,KA1
2021-07-22 23:58:33,0007ABF44A,KD8
2021-07-22 23:59:20,0007AC44BD,KD8
2021-07-22 23:59:48,00075D879F,KD8
2021-07-23 00:00:41,0007ABA539,KD8
2021-07-23 00:00:59,0007ABA539,KD8
2021-07-23 00:01:12,0007ABA539,KA2
2021-07-23 00:01:33,0007ABF44A,KD8
2021-07-23 00:03:10,0007AC80F1,KD8
2021-07-23 00:03:22,00075D879F,KD8
2021-07-23 00:03:54,0007ABA539,KD8
2021-07-23 00:04:06,00075D879F,KD8
2021-07-23 00:05:03,000786B8A2,KD8
2021-07-23 00:05:18,00075D879F,KD8
2021-07-23 00:05:31,00075D879F,KD8
2021-07-23 00:07:30,0007ABA539,KD8
2021-07-23 00:08:28,0007AC0387,KA2
2021-07-23 00:09:05,000786B8A2,KD8
2021-07-23 00:09:12,0007ABA539,KA2
2021-07-23 00:09:43,000786D14D,KA1
2021-07-23 00:10:31,0007ABA539,KD8
2021-07-23 00:10:46,000786D14D,KA1
2021-07-23 00:11:31,0007AC80F1,KD8
2021-07-23 00:12:08,0007AC0387,KA2
2021-07-23 00:12:15,00075D879F,KD8
2021-07-23 00:14:09,0007ABA539,KD8
2021-07-23 00:14:51,00079A0255,KD8
2021-07-23 00:19:13,00075D076C,KD8
2021-07-23 00:20:39,00079A0255,KD8
2021-07-23 00:21:07,00075D076C,KD8
2021-07-23 00:24:31,000783F377,KA2
2021-07-23 00:24:48,0007AC44BD,KA2
2021-07-23 00:25:22,0007AC44BD,KA2
2021-07-23 00:27:33,0006B34FE4,KD8
2021-07-23 00:27:36,0007AC418B,KD8
2021-07-23 00:28:31,000783F377,KA2
2021-07-23 00:29:45,0007AC418B,KD8
2021-07-23 00:31:06,00079AAA3C,KD8
2021-07-23 00:35:37,000783CB2B,KA2
2021-07-23 00:36:19,00075D076C,KA1
2021-07-23 00:36:41,00075D076C,KA1
2021-07-23 00:37:18,0007ABD4DC,KD8
2021-07-23 00:40:56,000783CB2B,KA2
2021-07-23 00:41:31,000799A5EF,KD8
2021-07-23 00:42:03,0007ABC5F2,KD8
2021-07-23 00:42:24,00079AAA3C,KD8
2021-07-23 00:43:01,0007ABC5F2,KD8
2021-07-23 00:43:48,0007AC3CC1,KD8
2021-07-23 00:45:55,0007AC44BD,KD8
2021-07-23 00:46:57,0007ABD4DC,KD8
2021-07-23 00:47:30,0006B34FE4,KD8
2021-07-23 00:50:14,000799A5EF,KD8
2021-07-23 00:52:08,00074F663E,KD8
2021-07-23 00:53:30,0007AC44BD,KD8
2021-07-23 00:57:01,00074F663E,KD8
2021-07-23 00:59:26,000786B8A2,KD8
2021-07-23 01:07:08,0007ABA539,KD8
2021-07-23 01:07:45,00074F7C6F,KD8
2021-07-23 01:08:01,000783CB2B,KA2
2021-07-23 01:08:08,000799A5EF,KD8
2021-07-23 01:09:21,000786B8A2,KA2
2021-07-23 01:10:28,000786B8A2,KA2
2021-07-23 01:11:28,00074F7C6F,KD8
2021-07-23 01:11:37,000783CB2B,KA2
2021-07-23 01:15:20,0006E24ECA,KD8
2021-07-23 01:16:24,0006E24ECA,KD8
2021-07-23 01:17:35,0007ABA539,KD8
2021-07-23 01:17:41,000799A5EF,KD8
2021-07-23 01:22:07,00079A0255,KD8
2021-07-23 01:22:08,0006E241C1,KD8
2021-07-23 01:23:07,00074EEC1A,KA2
2021-07-23 01:23:08,0007ABA539,KA2
2021-07-23 01:23:19,000783CB2B,KA2
2021-07-23 01:23:52,0007ABA539,KA2
2021-07-23 01:25:24,0007ABA539,KD8
2021-07-23 01:25:38,00074F663E,KD8
2021-07-23 01:26:16,00074EEC1A,KA2
2021-07-23 01:26:57,0007AC0387,KD8
2021-07-23 01:29:53,00074F663E,KD8
2021-07-23 01:30:16,0006E241C1,KD8
2021-07-23 01:30:23,00079A0255,KD8
2021-07-23 01:31:22,00075B29B2,KA2
2021-07-23 01:31:45,0007ABA539,KD8
2021-07-23 01:32:08,00075D879F,KA1
2021-07-23 01:32:18,0007ABA539,KA1
2021-07-23 01:32:41,0007ABA539,KA1
2021-07-23 01:32:45,0007AC3CC1,KD8
2021-07-23 01:33:16,00075D879F,KA1
2021-07-23 01:33:23,0007AC0387,KD8
2021-07-23 01:34:14,0007ACAC37,KA2
2021-07-23 01:34:30,00075D879F,KD8
2021-07-23 01:35:06,000786D14D,KA1
2021-07-23 01:35:50,0007ABDCCF,KA2
2021-07-23 01:36:10,000783CB2B,KA2
2021-07-23 01:38:13,000786D14D,KA1
2021-07-23 01:38:30,0007ACAC37,KA2
2021-07-23 01:39:12,0007ABDCCF,KA2
2021-07-23 01:42:14,0007ABF44A,KD8
2021-07-23 01:42:31,00075D879F,KD8
2021-07-23 01:43:20,0007ABF44A,KD8
2021-07-23 01:45:06,00079AAA3C,KD8
2021-07-23 01:45:27,00075B29B2,KA1
2021-07-23 01:46:07,0007ABC5F2,KA1
2021-07-23 01:47:12,000783F377,KA2
2021-07-23 01:48:04,0007ABC5F2,KA1
2021-07-23 01:48:15,0007ABC5F2,KA1
2021-07-23 01:48:40,00075B29B2,KA1
2021-07-23 01:48:54,000783F377,KA2
2021-07-23 01:49:47,00075D076C,KA1
2021-07-23 01:50:21,00071E2D31,KA1
2021-07-23 01:51:12,00079AAA3C,KD8
2021-07-23 01:51:30,00079AAA3C,KA2
2021-07-23 01:51:45,00071E2D31,KA1
2021-07-23 01:52:53,0007ABF44A,KA2
2021-07-23 01:53:55,00079AAA3C,KA2
2021-07-23 01:54:01,00075D076C,KA1
2021-07-23 01:54:23,00071E2D31,KA1
2021-07-23 01:54:36,00071E2D31,KA1
2021-07-23 01:54:43,0007ABF44A,KA2
2021-07-23 01:55:03,00071E2D31,KA1
2021-07-23 01:55:27,00071E2D31,KA1
2021-07-23 01:58:22,00075D076C,KD8
2021-07-23 01:59:50,00075D076C,KD8
2021-07-23 02:02:47,00079A0255,KA1
2021-07-23 02:04:58,0007AC44BD,KD8
2021-07-23 02:07:55,00075B22B0,KD8
2021-07-23 02:11:39,000783CB2B,KA2
2021-07-23 02:11:43,0007AC44BD,KD8
2021-07-23 02:11:52,00075B22B0,KD8
2021-07-23 02:12:31,0007AC44BD,KA2
2021-07-23 02:13:10,0007AC44BD,KA2
2021-07-23 02:14:06,00075D076C,KA1
2021-07-23 02:14:19,00075D076C,KA1
2021-07-23 02:15:37,00075D076C,KD8
2021-07-23 02:17:28,00075D076C,KD8
2021-07-23 02:19:10,000786B8A2,KA2
2021-07-23 02:20:38,000786B8A2,KA2
2021-07-23 02:22:01,000799A5EF,KD8
2021-07-23 02:22:04,000786B8A2,KD8
2021-07-23 02:22:08,0006E241C1,KD8
2021-07-23 02:22:53,000783CB2B,KA2
2021-07-23 02:29:03,000799A5EF,KD8
2021-07-23 02:29:31,00079A0255,KD8
2021-07-23 02:29:45,0007ABA539,KD8
2021-07-23 02:30:55,0006E241C1,KD8
2021-07-23 02:33:11,00079A0255,KD8
2021-07-23 02:34:04,00075CE063,KD8
2021-07-23 02:34:08,000783F377,KD8
2021-07-23 02:34:55,000786B8A2,KD8
2021-07-23 02:35:34,00079AAA3C,KA2
2021-07-23 02:35:44,000783F377,KD8
2021-07-23 02:35:56,00075CE063,KD8
2021-07-23 02:36:09,0007AC8787,KA1
2021-07-23 02:36:10,000783CB2B,KA2
2021-07-23 02:36:14,00079A0255,KA2
2021-07-23 02:36:24,0006B34FE4,KA1
2021-07-23 02:36:51,000786B8A2,KA2
2021-07-23 02:37:00,0007AC8787,KA1
2021-07-23 02:37:15,0006B34FE4,KA1
2021-07-23 02:37:26,0006B34FE4,KA1
2021-07-23 02:37:37,0007ABA539,KD8
2021-07-23 02:37:57,00079AAA3C,KA2
2021-07-23 02:38:26,00079A0255,KA2
2021-07-23 02:38:32,0007AC8787,KA1
2021-07-23 02:38:44,000783F377,KA2
2021-07-23 02:38:57,0006B34FE4,KA1
2021-07-23 02:39:23,00079AAA3C,KD8
2021-07-23 02:40:14,00079A0255,KD8
2021-07-23 02:40:20,0007ABA539,KA1
2021-07-23 02:40:32,00079A0255,KD8
2021-07-23 02:40:56,000783CB2B,KA2
2021-07-23 02:41:37,0007ABA539,KD8
2021-07-23 02:42:50,000786B8A2,KD8
2021-07-23 02:43:51,0006B34FE4,KD8
2021-07-23 02:44:05,0007ABA539,KD8
2021-07-23 02:44:19,0007ABC5F2,KD8
2021-07-23 02:45:18,0007ABA539,KD8
2021-07-23 02:45:22,0007ABC5F2,KD8
2021-07-23 02:45:48,0007AC80F1,KD8
2021-07-23 02:46:15,00079AAA3C,KD8
2021-07-23 02:46:27,0007ABA539,KD8
2021-07-23 02:47:06,0007ABA539,KA2
2021-07-23 02:47:17,0007ACAC37,KA2
2021-07-23 02:47:47,0007ABA539,KA2
2021-07-23 02:48:03,0007ACAC37,KA2
2021-07-23 02:48:56,0007ABA539,KD8
2021-07-23 02:49:07,000786B8A2,KD8
2021-07-23 02:50:12,0007AC80F1,KD8
2021-07-23 02:50:56,0006B34FE4,KD8
2021-07-23 02:51:15,0007ABA539,KD8
2021-07-23 02:52:06,0007ABA539,KD8
2021-07-23 02:53:17,0007ABA539,KD8
2021-07-23 02:55:24,0007ABA539,KD8
2021-07-23 02:58:11,00075B29B2,KD8
2021-07-23 02:58:37,0007ABA539,KD8
2021-07-23 02:58:57,00075D879F,KD8
2021-07-23 02:59:34,00075B29B2,KD8
2021-07-23 03:03:18,0007ABA539,KD8
2021-07-23 03:04:44,00074EEC1A,KD8
2021-07-23 03:06:31,00075D879F,KD8
2021-07-23 03:06:38,0007AC44BD,KD8
2021-07-23 03:08:17,00074EEC1A,KD8
2021-07-23 03:11:57,000799A5EF,KD8
2021-07-23 03:12:38,000799A5EF,KD8
2021-07-23 03:14:00,0007ABD629,KD8
2021-07-23 03:16:02,0007ABC5F2,KD8
2021-07-23 03:16:56,0007ABD629,KD8
2021-07-23 03:17:27,000786B8A2,KD8
2021-07-23 03:17:57,0007AC44BD,KD8
2021-07-23 03:18:48,0007ABC5F2,KD8
2021-07-23 03:23:55,000783CB2B,KA2
2021-07-23 03:24:14,00071E15BF,KA2
2021-07-23 03:24:50,00079A0255,KD8
2021-07-23 03:26:57,0007ABF44A,KA2
2021-07-23 03:27:08,0007AC418B,KA2
2021-07-23 03:27:08,00075D879F,KA1
2021-07-23 03:27:27,00075D879F,KA1
2021-07-23 03:27:55,0007ABF44A,KA2
2021-07-23 03:28:07,00079A0255,KD8
2021-07-23 03:28:41,00079AAA3C,KA2
2021-07-23 03:29:31,0007ABC5F2,KA2
2021-07-23 03:29:45,000786B8A2,KD8
2021-07-23 03:30:07,00074F663E,KA2
2021-07-23 03:30:18,000783F377,KA2
2021-07-23 03:30:28,000786B8A2,KA2
2021-07-23 03:31:21,00074F663E,KA2
2021-07-23 03:31:24,0007AC418B,KA2
2021-07-23 03:32:52,000783F377,KA2
2021-07-23 03:33:07,00079AAA3C,KA2
2021-07-23 03:33:51,0006B34FE4,KD8
2021-07-23 03:34:03,0007AC8787,KD8
2021-07-23 03:34:06,000786B8A2,KA2
2021-07-23 03:34:20,00079AAA3C,KD8
2021-07-23 03:34:29,000799A5EF,KD8
2021-07-23 03:35:29,000786B8A2,KD8
2021-07-23 03:35:31,00071E15BF,KA2
2021-07-23 03:35:44,0007AC8787,KD8
2021-07-23 03:38:45,0007ABC5F2,KA2
2021-07-23 03:39:39,0006B34FE4,KD8
2021-07-23 03:40:06,000799A5EF,KA2
2021-07-23 03:40:49,00079AAA3C,KD8
2021-07-23 03:41:00,00079AAA3C,KD8
2021-07-23 03:41:24,00075B29B2,KA2
2021-07-23 03:41:25,0007ABA539,KA2
2021-07-23 03:41:59,00079AAA3C,KD8
2021-07-23 03:42:20,0007ABA539,KA2
2021-07-23 03:42:20,00079AAA3C,KD8
2021-07-23 03:42:34,000799A5EF,KD8
2021-07-23 03:42:51,00075B29B2,KA2
2021-07-23 03:43:28,0007ABA539,KD8
2021-07-23 03:43:43,00079A0255,KD8
2021-07-23 03:44:14,00079AAA3C,KD8
2021-07-23 03:44:29,0006E241C1,KA2
2021-07-23 03:44:36,000786B8A2,KD8
2021-07-23 03:44:39,00079AAA3C,KA2
2021-07-23 03:44:53,00079AAA3C,KA2
2021-07-23 03:45:05,000786B8A2,KA1
2021-07-23 03:45:23,000799A5EF,KD8
2021-07-23 03:45:23,0006E241C1,KA2
2021-07-23 03:45:25,000786B8A2,KA1
2021-07-23 03:45:43,000799A5EF,KD8
2021-07-23 03:45:46,0006E241C1,KA2
2021-07-23 03:46:06,00079AAA3C,KD8
2021-07-23 03:46:20,000799A5EF,KD8
2021-07-23 03:47:09,0006E241C1,KD8
2021-07-23 03:47:12,000799A5EF,KD8
2021-07-23 03:48:03,000799A5EF,KA2
2021-07-23 03:48:18,000799A5EF,KA2
2021-07-23 03:48:44,00079AAA3C,KD8
2021-07-23 03:49:19,00075D879F,KD8
2021-07-23 03:49:21,0007ABA539,KA2
2021-07-23 03:49:59,0007ABD629,KA1
2021-07-23 03:50:11,0007ABD629,KA1
2021-07-23 03:50:26,0007ABA539,KA2
2021-07-23 03:50:27,000799A5EF,KD8
2021-07-23 03:51:01,00079A0255,KD8
2021-07-23 03:51:59,0007ABD629,KD8
2021-07-23 03:52:05,0007ABF44A,KD8
2021-07-23 03:52:07,0007ABA539,KD8
2021-07-23 03:53:07,0007ABD629,KD8
2021-07-23 03:53:16,000799A5EF,KD8
2021-07-23 03:53:22,0007ABF44A,KD8
2021-07-23 03:53:33,0006E241C1,KD8
2021-07-23 03:54:24,000799A5EF,KA2
2021-07-23 03:54:45,00074F663E,KA1
2021-07-23 03:54:58,000799A5EF,KA2
2021-07-23 03:55:09,000799A5EF,KA2
2021-07-23 03:55:11,00079AAA3C,KA2
2021-07-23 03:55:22,00074F663E,KA1
2021-07-23 03:55:28,0007ABA539,KD8
2021-07-23 03:55:32,0006E24ECA,KA1
2021-07-23 03:55:52,000799A5EF,KA2
2021-07-23 03:56:07,0007ABA539,KA1
2021-07-23 03:56:19,0006E24ECA,KA1
2021-07-23 03:56:27,00074F663E,KA1
2021-07-23 03:56:41,00074F663E,KA2
2021-07-23 03:57:20,00074F663E,KA2
2021-07-23 03:57:36,0007ABA539,KD8
2021-07-23 03:57:52,00074F663E,KA2
2021-07-23 03:58:17,00074F663E,KA2
2021-07-23 03:58:19,000799A5EF,KD8
2021-07-23 03:59:39,00075D879F,KD8
2021-07-23 03:59:57,000799A5EF,KD8
2021-07-23 04:00:06,0007ABA539,KA2
2021-07-23 04:00:13,000799A5EF,KD8
2021-07-23 04:00:21,0007ABA539,KA2
2021-07-23 04:00:52,000799A5EF,KA2
2021-07-23 04:01:08,0007AC3CC1,KA1
2021-07-23 04:01:28,0007AC3CC1,KA1
2021-07-23 04:01:39,0007ABA539,KD8
2021-07-23 04:03:27,0007ABA539,KD8
2021-07-23 04:03:34,0007ABF44A,KA2
2021-07-23 04:03:43,0007ABA539,KA2
2021-07-23 04:03:48,0007AC3CC1,KD8
2021-07-23 04:03:54,0007ABF44A,KA2
2021-07-23 04:03:59,0007ABA539,KA2
2021-07-23 04:04:40,00079AAA3C,KA2
2021-07-23 04:05:41,0007ABA539,KD8
2021-07-23 04:06:51,0007ABA539,KD8
2021-07-23 04:07:02,0007ABA539,KD8
2021-07-23 04:07:13,0007ABA539,KD8
2021-07-23 04:07:43,0007ABA539,KA2
2021-07-23 04:08:13,0007ABD4DC,KA2
2021-07-23 04:09:11,0007ABD4DC,KA2
2021-07-23 04:10:04,000783F377,KA2
2021-07-23 04:11:34,0007ABD4DC,KA2
2021-07-23 04:11:37,0007AC3CC1,KD8
2021-07-23 04:11:49,00074F663E,KA2
2021-07-23 04:12:08,00074F663E,KA2
2021-07-23 04:12:57,00074F663E,KA2
2021-07-23 04:13:15,0007ABA539,KA2
2021-07-23 04:13:31,000783F377,KA2
2021-07-23 04:14:27,000799A5EF,KA2
2021-07-23 04:19:13,00074F663E,KA2
2021-07-23 04:49:20,000783F429,KA2
2021-07-23 04:58:03,0006E24C7B,KA2
2021-07-23 04:58:22,0006E24C7B,KA2
2021-07-23 05:05:48,0007AC44BD,KD8
2021-07-23 05:07:02,000783F429,KA2
2021-07-23 05:07:10,0007ABD4DC,KD8
2021-07-23 05:10:13,000783F429,KA2
2021-07-23 05:10:39,0007ACAC37,KA2
2021-07-23 05:11:13,0007AC0387,KD8
2021-07-23 05:13:42,000788A24D,KA2
2021-07-23 05:17:38,0007AC0387,KD8
2021-07-23 05:17:51,0007ABC5F2,KA2
2021-07-23 05:18:43,0007AC418B,KA2
2021-07-23 05:19:03,00079A0255,KD8
2021-07-23 05:20:01,000799A5EF,KA2
2021-07-23 05:20:08,00079AAA3C,KA2
2021-07-23 05:20:33,0006E241C1,KD8
2021-07-23 05:21:28,0006B34FE4,KD8
2021-07-23 05:24:19,00075D879F,KD8
2021-07-23 05:24:36,000786B8A2,KD8
2021-07-23 05:24:45,0007AC80F1,KD8
2021-07-23 05:25:22,00074F663E,KA2
2021-07-23 05:25:55,0007AC8787,KA1
2021-07-23 05:25:59,000783CB2B,KA2
2021-07-23 05:26:13,0007AC8787,KA1
2021-07-23 05:28:34,00071E2D31,KD8
2021-07-23 05:31:05,0007ABA539,KA2
2021-07-23 05:37:50,0007ABD4DC,KD8
2021-07-23 05:54:38,0007ABC5F2,KA2
2021-07-23 09:36:24,000786B8A2,KD8
2021-07-23 11:02:28,00071E2D31,KD8
2021-07-23 13:04:17,00071E2D31,KD8
2021-07-23 19:21:02,00079A0255,KD8
2021-07-23 20:22:49,00075D879F,KD8
2021-07-23 21:20:06,000786B8A2,KD8
2021-07-23 21:20:50,000786B8A2,KD8
2021-07-23 21:21:40,000786B8A2,KD8
2021-07-23 21:23:14,0006B34FE4,KD8
2021-07-23 21:23:29,0006B34FE4,KD8
2021-07-23 21:23:41,0006B34FE4,KD8
2021-07-23 21:25:46,0006B34FE4,KD8
2021-07-23 21:25:57,0006B34FE4,KD8
2021-07-23 21:26:19,0006B34FE4,KD8
2021-07-23 21:27:00,00079A0255,KD8
2021-07-23 21:27:16,0006B34FE4,KD8
2021-07-23 21:27:39,00079A0255,KD8
2021-07-23 21:27:46,00075D879F,KD8
2021-07-23 21:27:55,0007ABA539,KA2
2021-07-23 21:29:37,0007AC80F1,KD8
2021-07-23 21:29:37,000783F429,KA2
2021-07-23 21:29:46,00074F663E,KA2
2021-07-23 21:29:57,0006E241C1,KD8
2021-07-23 21:30:05,0007AC44BD,KD8
2021-07-23 21:30:10,000783CB2B,KA2
2021-07-23 21:30:53,0007ABC5F2,KA2
2021-07-23 21:31:19,00079AAA3C,KA2
2021-07-23 21:31:32,0007AC80F1,KD8
2021-07-23 21:31:46,0007AC0387,KD8
2021-07-23 21:33:24,000799A5EF,KA2
2021-07-23 21:34:04,0007AC418B,KA2
2021-07-23 21:34:04,00071E2D31,KD8
2021-07-23 21:34:45,0006E24C7B,KA2
2021-07-23 21:35:55,000783F429,KA2
2021-07-23 21:36:20,0007ABD4DC,KD8
2021-07-23 21:36:35,0007ACAC37,KA2
2021-07-23 21:36:51,0007ACAC37,KA2
2021-07-23 21:38:30,0007ACAC37,KA2
2021-07-23 21:44:30,0007ABD4DC,KD8
2021-07-23 22:02:49,0007AC44BD,KD8
2021-07-23 22:08:04,0007AC44BD,KD8
2021-07-23 22:08:23,0007AC44BD,KA2
2021-07-23 22:08:53,0007AC44BD,KA2
2021-07-23 22:17:54,0007AC44BD,KD8
2021-07-23 22:19:38,0007AC44BD,KD8
2021-07-23 22:25:31,000799A5EF,KA2
2021-07-23 22:30:45,000799A5EF,KA2
2021-07-23 22:35:21,000786B8A2,KA2
2021-07-23 22:36:01,000786B8A2,KA2
2021-07-23 22:36:20,000786B8A2,KA2
2021-07-23 22:37:31,000786B8A2,KD8
2021-07-23 22:38:28,0007ABF44A,KD8
2021-07-23 22:38:40,0007AC418B,KD8
2021-07-23 22:38:59,000786B8A2,KD8
2021-07-23 22:39:10,000786B8A2,KD8
2021-07-23 22:39:22,000786B8A2,KD8
2021-07-23 22:39:33,000786B8A2,KD8
2021-07-23 22:40:37,0007ABF44A,KD8
2021-07-23 23:05:33,0007AC44BD,KA2
2021-07-23 23:06:10,000783F377,KA2
2021-07-23 23:06:39,0007AC44BD,KA2
2021-07-23 23:06:53,0007ABC5F2,KD8
2021-07-23 23:08:14,0006E241C1,KD8
2021-07-23 23:08:16,00075B29B2,KA2
2021-07-23 23:08:19,0007ABD629,KD8
2021-07-23 23:08:40,0007AC44BD,KD8
2021-07-23 23:09:36,0007ABD629,KD8
2021-07-23 23:09:55,0007ABC5F2,KD8
2021-07-23 23:10:06,0007ABC5F2,KD8
2021-07-23 23:10:17,0007ABC5F2,KD8
2021-07-23 23:10:31,0007ABC5F2,KD8
2021-07-23 23:10:44,000783F377,KA2
2021-07-23 23:11:58,00075D879F,KA1
2021-07-23 23:12:30,0007ABC5F2,KA2
2021-07-23 23:12:39,0007AC44BD,KD8
2021-07-23 23:14:21,00075D879F,KA1
2021-07-23 23:14:45,0007ABF44A,KA2
2021-07-23 23:15:38,00075B29B2,KA2
2021-07-23 23:16:04,0007ABF44A,KA2
2021-07-23 23:17:15,00075D076C,KA1
2021-07-23 23:17:26,0007ACAC37,KA1
2021-07-23 23:17:41,0007ACAC37,KA1
2021-07-23 23:18:33,0007ACAC37,KA1
2021-07-23 23:18:48,0006E241C1,KD8
2021-07-23 23:19:05,0007ABC5F2,KA2
2021-07-23 23:20:05,00075D879F,KD8
2021-07-23 23:21:06,00074F663E,KA2
2021-07-23 23:21:52,000783CB2B,KA2
2021-07-23 23:22:10,00075D879F,KD8
2021-07-23 23:22:34,00075D879F,KA1
2021-07-23 23:23:12,00075B29B2,KA1
2021-07-23 23:25:08,000783CB2B,KA2
2021-07-23 23:25:28,0007ABA539,KA2
2021-07-23 23:26:06,00075D879F,KA1
2021-07-23 23:26:49,00075D076C,KA1
2021-07-23 23:26:56,00075B29B2,KA1
2021-07-23 23:27:39,00075D879F,KD8
2021-07-23 23:27:56,00075D879F,KD8
2021-07-23 23:29:59,00074F663E,KA2
2021-07-23 23:30:43,00075D076C,KA1
2021-07-23 23:30:54,00075D076C,KA1
2021-07-23 23:31:05,00075D076C,KA1
2021-07-23 23:33:45,00075D076C,KA1
2021-07-23 23:37:10,0007ABA539,KA2
2021-07-23 23:40:03,000786B8A2,KA2
2021-07-23 23:41:27,000783CB2B,KA2
2021-07-23 23:42:54,0007AC44BD,KD8
2021-07-23 23:44:36,0007AC44BD,KD8
2021-07-23 23:45:17,000786B8A2,KA2
2021-07-23 23:46:15,00075B29B2,KA1
2021-07-23 23:46:26,00079AAA3C,KA1
2021-07-23 23:46:46,00075D879F,KD8
2021-07-23 23:47:11,000786B8A2,KD8
2021-07-23 23:49:01,000786B8A2,KD8
2021-07-23 23:49:07,000783CB2B,KA2
2021-07-23 23:49:22,00075B29B2,KA1
2021-07-23 23:52:12,00075B29B2,KA1
2021-07-23 23:52:27,00075B29B2,KA1
2021-07-23 23:52:41,00075B29B2,KA1
2021-07-23 23:52:52,00075B29B2,KA1
2021-07-23 23:53:53,0006B34FE4,KD8
2021-07-23 23:54:31,00075D879F,KD8
2021-07-23 23:54:47,0006E241C1,KA1
2021-07-23 23:54:52,00075D879F,KA1
2021-07-23 23:57:51,000786B8A2,KA2
2021-07-23 23:58:26,000799A5EF,KA2
2021-07-23 23:59:06,00074EEC1A,KA2
2021-07-23 23:59:43,00074EEC1A,KA2
2021-07-24 00:01:38,00075D879F,KA1
2021-07-24 00:01:52,0006B34FE4,KD8
2021-07-24 00:01:59,0007ABD629,KA1
2021-07-24 00:02:06,0007ABDCCF,KA1
2021-07-24 00:02:13,0006B34FE4,KD8
2021-07-24 00:03:05,000799A5EF,KA2
2021-07-24 00:03:16,00075CE063,KA1
2021-07-24 00:04:14,0006B34FE4,KD8
2021-07-24 00:04:24,00071E15BF,KA1
2021-07-24 00:04:40,0007ABD629,KA1
2021-07-24 00:05:08,00075CE063,KA1
2021-07-24 00:05:20,0006E241C1,KA1
2021-07-24 00:05:57,0007ABDCCF,KA1
2021-07-24 00:06:02,00074EEC1A,KA2
2021-07-24 00:06:59,0006E241C1,KD8
2021-07-24 00:07:13,000783F377,KD8
2021-07-24 00:07:29,0007ABD629,KA1
2021-07-24 00:07:43,000783F377,KD8
2021-07-24 00:07:49,0007ABDCCF,KA1
2021-07-24 00:08:05,0007ABDCCF,KA1
2021-07-24 00:08:32,0007ABD629,KA1
2021-07-24 00:08:43,0007ABD629,KA1
2021-07-24 00:08:48,0006E241C1,KD8
2021-07-24 00:08:54,0007ABDCCF,KA1
2021-07-24 00:09:05,0006E241C1,KD8
2021-07-24 00:09:07,0007ABD629,KA1
2021-07-24 00:09:16,0006E241C1,KD8
2021-07-24 00:09:19,0007ABD629,KA1
2021-07-24 00:09:40,0006E241C1,KD8
2021-07-24 00:09:50,00071E15BF,KA1
2021-07-24 00:09:56,0007ABD629,KA1
2021-07-24 00:10:11,0007ABD629,KA1
2021-07-24 00:10:21,0007ABDCCF,KA1
2021-07-24 00:10:25,0006E241C1,KA1
2021-07-24 00:10:47,00079AAA3C,KA1
2021-07-24 00:10:53,0007ABD629,KA1
2021-07-24 00:10:59,0007ABDCCF,KA1
2021-07-24 00:11:26,00079AAA3C,KA1
2021-07-24 00:11:49,000786D14D,KA1
2021-07-24 00:12:23,0007ABDCCF,KA1
2021-07-24 00:12:32,0006E241C1,KA1
2021-07-24 00:12:44,0006E241C1,KA1
2021-07-24 00:13:10,0006E241C1,KA2
2021-07-24 00:13:13,00074EEC1A,KA2
2021-07-24 00:13:31,0006E241C1,KA2
2021-07-24 00:13:47,000786D14D,KA1
2021-07-24 00:15:15,0006E241C1,KD8
2021-07-24 00:15:27,00075CE063,KA1
2021-07-24 00:15:44,0007AC44BD,KD8
2021-07-24 00:16:02,0006E241C1,KD8
2021-07-24 00:16:32,00075CE063,KA1
2021-07-24 00:17:34,0006E241C1,KA1
2021-07-24 00:17:50,0006E241C1,KA1
2021-07-24 00:18:07,00075CE063,KD8
2021-07-24 00:18:11,0006E241C1,KA2
2021-07-24 00:18:39,0006E241C1,KA2
2021-07-24 00:18:41,00075CE063,KD8
2021-07-24 00:19:25,00071E15BF,KA1
2021-07-24 00:19:47,00079AAA3C,KA1
2021-07-24 00:19:52,00075B22B0,KA1
2021-07-24 00:20:00,0006E241C1,KD8
2021-07-24 00:20:14,0007ABC5F2,KD8
2021-07-24 00:20:43,0006E241C1,KD8
2021-07-24 00:21:04,00075B22B0,KA1
2021-07-24 00:21:19,0007ABC5F2,KD8
2021-07-24 00:21:30,0007ABC5F2,KD8
2021-07-24 00:21:43,0007AC44BD,KD8
2021-07-24 00:21:52,0007ABD629,KA1
2021-07-24 00:22:03,00071E15BF,KA1
2021-07-24 00:22:07,0007ABC5F2,KA2
2021-07-24 00:23:11,0006E241C1,KA1
2021-07-24 00:23:59,00079AAA3C,KA1
2021-07-24 00:24:20,0007AC44BD,KD8
2021-07-24 00:24:42,0007AC44BD,KD8
2021-07-24 00:25:59,0007AC44BD,KA2
2021-07-24 00:26:51,000786B8A2,KA2
2021-07-24 00:27:18,0007AC44BD,KA2
2021-07-24 00:27:57,0006E241C1,KA1
2021-07-24 00:28:50,0007ABC5F2,KA2
2021-07-24 00:28:52,00079AAA3C,KA1
2021-07-24 00:30:32,00079AAA3C,KA1
2021-07-24 00:31:47,00079A0255,KA2
2021-07-24 00:32:17,00075CE063,KA1
2021-07-24 00:32:24,00079A0255,KA2
2021-07-24 00:32:32,0007AC44BD,KA2
2021-07-24 00:32:32,00079AAA3C,KA1
2021-07-24 00:32:47,00079AAA3C,KA1
2021-07-24 00:33:27,0007AC44BD,KA2
2021-07-24 00:33:44,00071E15BF,KA1
2021-07-24 00:35:33,00071E15BF,KA1
2021-07-24 00:35:55,00075CE063,KA1
2021-07-24 00:36:50,00079AAA3C,KA2
2021-07-24 00:37:11,0007AC44BD,KA2
2021-07-24 00:37:32,0006B34FE4,KA1
2021-07-24 00:37:38,0007AC44BD,KA2
2021-07-24 00:38:27,0007AC44BD,KA2
2021-07-24 00:38:49,0007AC44BD,KA2
2021-07-24 00:39:34,0006B34FE4,KA1
2021-07-24 00:43:18,00079AAA3C,KA2
2021-07-24 00:54:54,0007AC44BD,KA2
2021-07-24 00:57:29,00075B22B0,KA1
2021-07-24 00:57:56,00075B22B0,KA1
2021-07-24 01:00:05,000799A5EF,KA2
2021-07-24 01:01:07,000783F377,KA2
2021-07-24 01:04:17,000783F377,KA2
2021-07-24 01:04:34,000783F377,KA2
2021-07-24 01:04:50,000783F377,KA2
2021-07-24 01:04:51,0007ABA539,KA2
2021-07-24 01:05:26,000783F377,KA2
2021-07-24 01:05:43,0007ACAC37,KA1
2021-07-24 01:06:21,0007ACAC37,KA1
2021-07-24 01:06:37,000799A5EF,KA2
2021-07-24 01:07:25,000783F377,KA2
2021-07-24 01:07:31,000799A5EF,KA2
2021-07-24 01:07:48,000799A5EF,KA2
2021-07-24 01:08:05,000799A5EF,KA2
2021-07-24 01:09:43,000799A5EF,KA2
2021-07-24 01:10:11,000799A5EF,KA2
2021-07-24 01:10:35,000799A5EF,KA2
2021-07-24 01:10:58,0007ABF44A,KA2
2021-07-24 01:11:08,000799A5EF,KA2
2021-07-24 01:11:26,0006B34FE4,KA1
2021-07-24 01:11:37,00079AAA3C,KA1
2021-07-24 01:11:40,0007ABD629,KA1
2021-07-24 01:12:08,0007ABF44A,KA2
2021-07-24 01:12:11,000799A5EF,KA2
2021-07-24 01:12:22,000799A5EF,KA2
2021-07-24 01:13:45,00075D076C,KA1
2021-07-24 01:14:02,0007ABC5F2,KA2
2021-07-24 01:15:02,000783F377,KA2
2021-07-24 01:15:17,000783F377,KA2
2021-07-24 01:15:27,0006B34FE4,KA1
2021-07-24 01:15:38,0006B34FE4,KA1
2021-07-24 01:15:49,0006B34FE4,KA1
2021-07-24 01:15:53,000799A5EF,KA2
2021-07-24 01:15:55,00079AAA3C,KA1
2021-07-24 01:16:07,00075D076C,KA1
2021-07-24 01:16:19,0007ABA539,KA2
2021-07-24 01:17:18,00074EEC1A,KA2
2021-07-24 01:18:49,0007ABD629,KA1
2021-07-24 01:19:28,0006B34FE4,KD8
2021-07-24 01:20:11,0007ABD629,KA1
2021-07-24 01:20:17,00074F663E,KA2
2021-07-24 01:21:23,0007ABC5F2,KA2
2021-07-24 01:22:02,0006B34FE4,KD8
2021-07-24 01:22:13,0006B34FE4,KD8
2021-07-24 01:22:24,0006B34FE4,KD8
2021-07-24 01:22:36,0006B34FE4,KD8
2021-07-24 01:22:47,0006B34FE4,KD8
2021-07-24 01:22:58,0006B34FE4,KD8
2021-07-24 01:23:09,0006B34FE4,KD8
2021-07-24 01:23:20,0006B34FE4,KD8
2021-07-24 01:23:31,0006B34FE4,KD8
2021-07-24 01:23:46,0006B34FE4,KD8
2021-07-24 01:24:53,0006B34FE4,KA1
2021-07-24 01:25:32,00075B29B2,KA1
2021-07-24 01:26:57,0006B34FE4,KA1
2021-07-24 01:27:13,00074F663E,KA2
2021-07-24 01:28:17,00079A0255,KD8
2021-07-24 01:28:28,00079A0255,KD8
2021-07-24 01:28:39,00079A0255,KD8
2021-07-24 01:28:44,00075D076C,KA1
2021-07-24 01:28:50,00079A0255,KD8
2021-07-24 01:29:01,00079A0255,KD8
2021-07-24 01:29:46,0007ABD629,KA1
2021-07-24 01:30:14,00075D879F,KA1
2021-07-24 01:30:37,000783CB2B,KA2
2021-07-24 01:31:21,0007ABD629,KA1
2021-07-24 01:31:23,00079A0255,KA1
2021-07-24 01:34:07,0007ABD629,KA1
2021-07-24 01:34:22,00075B29B2,KA1
2021-07-24 01:34:41,00074EEC1A,KA2
2021-07-24 01:35:25,00075D879F,KA1
2021-07-24 01:36:46,00075D879F,KD8
2021-07-24 01:37:10,00075D879F,KD8
2021-07-24 01:38:57,00079A0255,KA1
2021-07-24 01:39:14,00075D076C,KA1
2021-07-24 01:40:13,0007ABDCCF,KA1
2021-07-24 01:41:43,00075B29B2,KA1
2021-07-24 01:42:33,00079AAA3C,KA1
2021-07-24 01:42:59,0007ABDCCF,KA1
2021-07-24 01:43:37,00079A0255,KA1
2021-07-24 01:43:48,00079A0255,KA1
2021-07-24 01:45:26,00075B29B2,KA1
2021-07-24 01:46:38,00079AAA3C,KA1
2021-07-24 01:46:53,00079AAA3C,KA1
2021-07-24 01:47:14,00079AAA3C,KA1
2021-07-24 01:47:38,00079AAA3C,KA2
2021-07-24 01:47:44,00071E15BF,KA2
2021-07-24 01:48:24,0007AC418B,KA2
2021-07-24 01:50:39,00071E2D31,KA1
2021-07-24 01:50:48,00075B29B2,KA2
2021-07-24 01:52:12,00071E15BF,KA2
2021-07-24 01:53:26,00075B29B2,KA2
2021-07-24 01:54:53,0007ABD629,KA1
2021-07-24 01:55:47,00071E2D31,KA1
2021-07-24 01:56:31,00071E15BF,KE10
2021-07-24 01:56:50,00071E15BF,KE10
2021-07-24 01:57:11,00071E15BF,KE10
2021-07-24 01:57:33,00071E15BF,KE10
2021-07-24 01:58:01,00071E15BF,KE10
2021-07-24 01:58:17,00071E15BF,KE10
2021-07-24 01:58:39,00071E15BF,KE10
2021-07-24 01:59:42,00071E15BF,KA1
2021-07-24 02:00:19,00079AAA3C,KA2
2021-07-24 02:00:30,00075B29B2,KA1
2021-07-24 02:01:52,0007ABC5F2,KA1
2021-07-24 02:03:45,0007ABD629,KA1
2021-07-24 02:05:30,0007AC418B,KA2
2021-07-24 02:05:38,0007ABC5F2,KA1
2021-07-24 02:05:58,0007AC418B,KA2
2021-07-24 02:06:10,0007AC418B,KA2
2021-07-24 02:06:13,00075D879F,KA1
2021-07-24 02:06:28,0007AC418B,KA2
2021-07-24 02:06:42,00075B29B2,KA1
2021-07-24 02:07:18,0007ABC5F2,KA1
2021-07-24 02:07:29,0007ABC5F2,KA1
2021-07-24 02:07:40,0007ABC5F2,KA1
2021-07-24 02:07:51,0007ABC5F2,KA1
2021-07-24 02:08:20,0006E241C1,KA1
2021-07-24 02:11:14,00071E15BF,KA1
2021-07-24 02:11:14,0007ABF44A,KA2
2021-07-24 02:11:18,0006B34FE4,KA1
2021-07-24 02:11:46,0007ABF44A,KA2
2021-07-24 02:12:59,0006B34FE4,KA1
2021-07-24 02:13:16,0006B34FE4,KA1
2021-07-24 02:13:27,0006B34FE4,KA1
2021-07-24 02:13:38,0006B34FE4,KA1
2021-07-24 02:14:18,00075D879F,KA1
2021-07-24 02:16:16,0007ABA539,KA1
2021-07-24 02:17:34,0007ABA539,KA1
2021-07-24 02:17:45,0007ABA539,KA1
2021-07-24 02:17:56,0007ABA539,KA1
2021-07-24 02:18:14,00075B29B2,KA1
2021-07-24 02:18:18,0007ABA539,KA2
2021-07-24 02:18:23,0007AC44BD,KA2
2021-07-24 02:20:46,00075B29B2,KA1
2021-07-24 02:24:29,0007AC44BD,KA2
2021-07-24 02:25:56,0006B34FE4,KA1
2021-07-24 02:30:26,00075D879F,KA1
2021-07-24 02:30:54,000783CB2B,KA2
2021-07-24 02:34:05,000783CB2B,KA2
2021-07-24 02:34:34,0007ABA539,KA2
2021-07-24 02:35:28,00075D879F,KA1
2021-07-24 02:36:13,0006B34FE4,KA1
2021-07-24 02:36:16,00075D879F,KA2
2021-07-24 02:36:32,00075B29B2,KA1
2021-07-24 02:36:39,00079AAA3C,KA1
2021-07-24 02:36:59,00075B29B2,KA1
2021-07-24 02:37:06,0006E241C1,KA1
2021-07-24 02:37:23,00075B29B2,KA1
2021-07-24 02:38:03,000799A5EF,KA2
2021-07-24 02:38:54,00079AAA3C,KA1
2021-07-24 02:39:08,00079AAA3C,KA1
2021-07-24 02:39:22,000786B8A2,KA2
2021-07-24 02:40:21,00079AAA3C,KA2
2021-07-24 02:41:12,00074EEC1A,KA2
2021-07-24 02:41:43,00079AAA3C,KA2
2021-07-24 02:42:06,000799A5EF,KA2
2021-07-24 02:46:04,00079AAA3C,KA2
2021-07-24 02:47:18,00074F663E,KA2
2021-07-24 02:49:02,000786B8A2,KA2
2021-07-24 02:49:08,00075D879F,KA2
2021-07-24 02:53:28,00075CE063,KA1
2021-07-24 02:54:11,00075CE063,KA1
2021-07-24 02:54:55,00074F663E,KA2
2021-07-24 02:55:31,00074F663E,KA1
2021-07-24 02:56:40,0007ABDCCF,KA1
2021-07-24 02:56:50,0007AC80F1,KA1
2021-07-24 02:57:35,00079A0255,KA1
2021-07-24 02:57:36,00079AAA3C,KA2
2021-07-24 02:58:10,0007ABDCCF,KA1
2021-07-24 02:58:26,0007AC80F1,KA1
2021-07-24 03:00:52,00074F663E,KA1
2021-07-24 03:02:04,00074EEC1A,KA2
2021-07-24 03:03:23,00075B29B2,KA1
2021-07-24 03:03:43,0007ABC5F2,KA2
2021-07-24 03:03:49,0007ABDCCF,KA1
2021-07-24 03:04:26,00075D076C,KA1
2021-07-24 03:04:44,00079A0255,KA1
2021-07-24 03:05:00,0007ABDCCF,KA1
2021-07-24 03:05:25,00075B29B2,KA1
2021-07-24 03:06:06,00071E2D31,KA1
2021-07-24 03:06:47,000799A5EF,KA2
2021-07-24 03:07:25,0007AC3CC1,KA1
2021-07-24 03:09:47,0007ABC5F2,KA2
2021-07-24 03:10:45,00075B22B0,KA1
2021-07-24 03:10:59,0006E241C1,KA1
2021-07-24 03:13:00,00075B22B0,KA1
2021-07-24 03:14:42,00075B29B2,KA1
2021-07-24 03:16:43,000799A5EF,KA2
2021-07-24 03:22:22,00075D076C,KA1
2021-07-24 03:22:52,00075B29B2,KA1
2021-07-24 03:23:38,00074EEC1A,KA2
2021-07-24 03:25:06,0007AC3CC1,KA1
2021-07-24 03:25:28,00074EEC1A,KA2
2021-07-24 03:26:15,00075D879F,KA1
2021-07-24 03:26:42,000783CB2B,KA1
2021-07-24 03:26:51,00074EEC1A,KA2
2021-07-24 03:27:41,0007AC44BD,KA2
2021-07-24 03:27:53,00075D879F,KA1
2021-07-24 03:28:07,00075D879F,KA1
2021-07-24 03:28:52,00074EEC1A,KA2
2021-07-24 03:29:11,00071E2D31,KA1
2021-07-24 03:29:16,00074EEC1A,KA2
2021-07-24 03:32:09,00074EEC1A,KA2
2021-07-24 03:32:10,000783CB2B,KA1
2021-07-24 03:33:03,00074EEC1A,KA2
2021-07-24 03:33:19,0007AC44BD,KA2
2021-07-24 03:33:52,00074EEC1A,KA1
2021-07-24 03:34:25,00074EEC1A,KA1
2021-07-24 03:34:49,00074EEC1A,KA1
2021-07-24 03:35:18,00074EEC1A,KA2
2021-07-24 03:35:49,00074EEC1A,KA2
2021-07-24 03:38:11,00075D879F,KA2
2021-07-24 03:40:44,00074F7C6F,KA1
2021-07-24 03:40:59,00074EEC1A,KA1
2021-07-24 03:41:00,000783CB2B,KA1
2021-07-24 03:41:54,00074EEC1A,KA1
2021-07-24 03:42:21,0006B34FE4,KA1
2021-07-24 03:42:27,00074EEC1A,KA2
2021-07-24 03:42:32,0007ABA539,KA2
2021-07-24 03:42:32,00071E2D31,KA1
2021-07-24 03:43:29,00074EEC1A,KA2
2021-07-24 03:43:40,00074EEC1A,KA2
2021-07-24 03:44:40,00074EEC1A,KA1
2021-07-24 03:45:33,00074EEC1A,KA1
2021-07-24 03:45:48,00074EEC1A,KA2
2021-07-24 03:46:12,00074EEC1A,KA2
2021-07-24 03:46:40,000783CB2B,KA1
2021-07-24 03:47:56,00074EEC1A,KA2
2021-07-24 03:49:08,00074EEC1A,KA2
2021-07-24 03:49:19,00074EEC1A,KA2
2021-07-24 03:49:30,00074EEC1A,KA2
2021-07-24 03:49:41,00074EEC1A,KA2
2021-07-24 03:50:47,00071E2D31,KA1
2021-07-24 03:51:15,00071E15BF,KA1
2021-07-24 03:51:50,0006B34FE4,KA1
2021-07-24 03:53:45,0007ABA539,KA2
2021-07-24 03:53:56,0006E24ECA,KA1
2021-07-24 03:54:37,0007ABF44A,KA2
2021-07-24 03:54:54,0006E24ECA,KA1
2021-07-24 03:55:04,0006E241C1,KA1
2021-07-24 03:55:19,00074EEC1A,KA1
2021-07-24 03:55:19,0007ABC5F2,KA2
2021-07-24 03:55:50,00074F7C6F,KA1
2021-07-24 03:55:58,00074EEC1A,KA1
2021-07-24 03:56:36,0007ABF44A,KA2
2021-07-24 03:56:36,0007ABD629,KA1
2021-07-24 03:58:11,0007ABD629,KA1
2021-07-24 03:58:57,00071E15BF,KA1
2021-07-24 03:59:42,00075D879F,KA1
2021-07-24 04:00:30,0007ABC5F2,KA2
2021-07-24 04:04:24,000783CB2B,KA1
2021-07-24 04:04:30,000786B8A2,KA2
2021-07-24 04:06:54,0007AC80F1,KA1
2021-07-24 04:07:12,0007AC80F1,KA1
2021-07-24 04:09:18,000783CB2B,KA1
2021-07-24 04:09:43,000783CB2B,KA1
2021-07-24 04:10:13,00074F663E,KA1
2021-07-24 04:10:53,000786B8A2,KA2
2021-07-24 04:12:36,000786B8A2,KA1
2021-07-24 04:13:17,000786D14D,KA1
2021-07-24 04:14:07,000786D14D,KA1
2021-07-24 04:14:14,000786B8A2,KA1
2021-07-24 04:16:01,0007AC8787,KA1
2021-07-24 04:16:23,00074F663E,KA1
2021-07-24 04:16:48,000783CB2B,KA2
2021-07-24 04:19:01,00075D879F,KA1
2021-07-24 04:20:03,0007AC8787,KA1
2021-07-24 04:20:24,0007AC8787,KA1
2021-07-24 04:20:35,0007AC8787,KA1
2021-07-24 04:20:46,0007AC8787,KA1
2021-07-24 04:20:57,0007AC8787,KA1
2021-07-24 04:24:22,0006B34FE4,KA1
2021-07-24 04:26:25,000783CB2B,KA1
2021-07-24 04:29:36,0006B34FE4,KA1
2021-07-24 04:31:03,000783CB2B,KA1
2021-07-24 04:31:16,000783CB2B,KA1
2021-07-24 04:33:20,00075B29B2,KA1
2021-07-24 04:40:04,000783CB2B,KA1
2021-07-24 04:40:56,000783CB2B,KA1
2021-07-24 04:41:59,00079AAA3C,KA2
2021-07-24 04:50:05,000783CB2B,KA1
2021-07-24 04:51:28,00075B29B2,KA1
2021-07-24 04:52:18,000783CB2B,KA1
2021-07-24 04:52:49,00079AAA3C,KA2
2021-07-24 04:59:27,0007AC3CC1,KA1
2021-07-24 05:02:35,0007ACAC37,KA1
2021-07-24 05:04:22,0007AC0387,KA1
2021-07-24 05:14:34,0007AC0387,KA1
2021-07-24 05:15:38,00071E15BF,KA1
2021-07-24 05:15:45,0007AC44BD,KA2
2021-07-24 05:17:15,0007ABC5F2,KA2
2021-07-24 05:17:16,000783F429,KA1
2021-07-24 05:17:33,00075B29B2,KA1
2021-07-24 05:19:55,00075D076C,KA1
2021-07-24 05:20:54,00079A0255,KA1
2021-07-24 05:22:15,000799A5EF,KA2
2021-07-24 05:22:54,0006E241C1,KA1
2021-07-24 05:24:53,00074F7C6F,KA2
2021-07-24 05:25:11,00079AAA3C,KA2
2021-07-24 05:25:15,0007AC8787,KA1
2021-07-24 05:26:17,000786B8A2,KA1
2021-07-24 05:26:19,00075D879F,KA1
2021-07-24 05:26:57,0007ABC5F2,KA2
2021-07-24 05:27:08,0007ABC5F2,KA2
2021-07-24 05:27:12,000783CB2B,KA1
2021-07-24 05:27:19,0007ABC5F2,KA2
2021-07-24 05:28:22,00074F7C6F,KA2
2021-07-24 05:29:47,00074F663E,KA1
2021-07-24 05:30:40,0007ABA539,KA1
2021-07-24 05:47:47,0007ABA539,KA1
2021-07-24 05:50:41,0007ABA539,KA1
2021-07-24 05:52:41,0007ABA539,KA1
2021-07-24 05:53:00,0007ABA539,KA1
2021-07-24 05:53:17,0007ABA539,KA1
2021-07-24 06:20:25,0007ABA539,KA1
2021-07-24 06:25:19,000786B8A2,KA1
2021-07-24 06:25:43,000786B8A2,KA1
2021-07-24 07:30:11,00074F663E,KA1
2021-07-24 07:31:26,00074F663E,KA1
2021-07-24 07:56:23,000783F429,KA1
2021-07-24 08:23:49,00075B29B2,KA1
2021-07-24 09:05:29,00071E15BF,KA1
2021-07-24 09:32:34,0007ABA539,KA1
2021-07-24 09:33:43,0007ABA539,KA1
2021-07-24 09:34:09,0007ABA539,KA1
2021-07-24 11:38:30,00071E15BF,KA1
2021-07-24 15:13:10,0007AC8787,KA1
2021-07-24 15:22:16,00074F663E,KA1
2021-07-24 15:23:13,00074F663E,KA1
2021-07-24 15:23:24,00074F663E,KA1
2021-07-24 15:57:32,00074F663E,KA1
2021-07-24 15:57:43,00074F663E,KA1
2021-07-24 16:36:16,0007ABA539,KA1
2021-07-24 21:15:05,00074F663E,KA1
2021-07-24 21:19:27,0006B34FE4,K46
2021-07-24 21:19:33,0007AC0387,K46
2021-07-24 21:19:34,0006CC24E9,K46
2021-07-24 21:24:14,0006E24C7B,K46
2021-07-24 21:25:29,0007ABC809,K46
2021-07-24 21:25:41,00071E2D31,K46
2021-07-24 21:26:53,000799A5EF,KA2
2021-07-24 21:27:36,00079AAA3C,KA2
2021-07-24 21:27:51,0007AC8787,KA1
2021-07-24 21:28:00,00075D076C,KA1
2021-07-24 21:28:06,000786B8A2,KA1
2021-07-24 21:28:44,00074F663E,KA1
2021-07-24 21:29:13,00075D879F,KA1
2021-07-24 21:29:48,00079A0255,KA1
2021-07-24 21:30:11,000783F429,KA1
2021-07-24 21:30:35,0007ABA539,KA1
2021-07-24 21:30:36,0007AC44BD,KA2
2021-07-24 21:30:41,000783CB2B,KA1
2021-07-24 21:31:36,0007AC44BD,KA2
2021-07-24 21:31:47,0006E241C1,KA1
2021-07-24 21:31:55,00075B29B2,KA1
2021-07-24 21:32:57,00071E15BF,KA1
2021-07-24 21:34:00,0007ABC5F2,KA2
2021-07-24 21:34:05,000786B8A2,K46
2021-07-24 21:35:27,0007ACAC37,KA1
2021-07-24 21:37:50,0007AC3CC1,KA1
2021-07-24 21:39:19,0006B34FE4,KA1
2021-07-24 21:42:08,0007ABA539,KA2
2021-07-24 21:46:46,000786B8A2,KA2
2021-07-24 21:46:54,0006B34FE4,KA1
2021-07-24 21:48:26,0007ABA539,KA2
2021-07-24 21:49:51,000783CB2B,KA1
2021-07-24 21:51:14,000786B8A2,KA2
2021-07-24 21:51:36,000783CB2B,KA1
2021-07-24 22:07:55,00074F7C6F,K46
2021-07-24 22:10:23,000799A5EF,K46
2021-07-24 22:11:10,000799A5EF,K46
2021-07-24 22:14:16,000799A5EF,KA2
2021-07-24 22:20:52,000799A5EF,KA2
2021-07-24 22:21:03,000799A5EF,KA2
2021-07-24 22:21:14,000799A5EF,KA2
2021-07-24 22:36:49,000799A5EF,KA1
2021-07-24 22:39:46,0006B34FE4,KA1
2021-07-24 22:42:27,0006CC24E9,KA1
2021-07-24 22:44:13,0007ABC5F2,KA1
2021-07-24 22:44:38,000783CB2B,KA1
2021-07-24 22:47:59,0007ABA539,KA2
2021-07-24 22:48:30,0007ABDCCF,KA1
2021-07-24 22:52:07,0007ABDCCF,KA1
2021-07-24 22:55:10,000799A5EF,KA1
2021-07-24 22:58:06,0006B34FE4,KA1
2021-07-24 23:00:25,000786B8A2,KA2
2021-07-24 23:00:40,000783CB2B,KA1
2021-07-24 23:00:54,0007ABC5F2,KA1
2021-07-24 23:01:38,0006CC24E9,KA1
2021-07-24 23:04:08,0007ABA539,KA2
2021-07-24 23:07:07,000783CB2B,KA1
2021-07-24 23:08:32,000786B8A2,KA2
2021-07-24 23:10:39,000783CB2B,KA1
2021-07-24 23:16:04,00074F663E,KA2
2021-07-24 23:19:53,0007AC44BD,KA2
2021-07-24 23:22:47,0007AC44BD,KA2
2021-07-24 23:24:23,00074F663E,KA2
2021-07-24 23:27:00,000786B8A2,KA2
2021-07-24 23:27:16,000786B8A2,KA2
2021-07-24 23:29:03,000786B8A2,KA2
2021-07-24 23:29:53,00075D879F,KA2
2021-07-24 23:29:57,000786B8A2,KA2
2021-07-24 23:30:27,000786B8A2,KA2
2021-07-24 23:31:16,00075D879F,KA2
2021-07-24 23:31:44,000783CB2B,KA1
2021-07-24 23:31:56,00075D879F,KA1
2021-07-24 23:33:08,000783CB2B,KA1
2021-07-24 23:34:17,000786B8A2,KA1
2021-07-24 23:34:48,000786B8A2,KA1
2021-07-24 23:35:36,000786B8A2,KA2
2021-07-24 23:35:39,000783CB2B,KA2
2021-07-24 23:36:11,000786B8A2,KA2
2021-07-24 23:40:55,000786B8A2,KA2
2021-07-24 23:42:20,000786B8A2,KA2
2021-07-24 23:43:28,000783CB2B,KA1
2021-07-24 23:44:15,000783CB2B,KA1
2021-07-24 23:45:00,0007AC44BD,KA2
2021-07-24 23:45:18,000783CB2B,KA1
2021-07-24 23:45:41,000783CB2B,KA1
2021-07-24 23:46:13,000783CB2B,KA1
2021-07-24 23:46:19,00075D879F,KA1
2021-07-24 23:46:25,000783CB2B,KA1
2021-07-24 23:46:28,0007ABC5F2,KA2
2021-07-24 23:46:36,000783CB2B,KA1
2021-07-24 23:47:05,000783CB2B,KA2
2021-07-24 23:47:45,0007AC44BD,KA2
2021-07-24 23:49:10,0007ABD629,KA1
2021-07-24 23:49:12,0007AC418B,KA2
2021-07-24 23:49:22,000783CB2B,KA2
2021-07-24 23:50:07,0007AC418B,KA2
2021-07-24 23:50:30,0007ABD629,KA1
2021-07-24 23:53:19,0007ABF44A,KA2
2021-07-24 23:53:27,00079AAA3C,KA2
2021-07-24 23:54:12,0007ABF44A,KA2
2021-07-24 23:56:57,000783CB2B,KA2
2021-07-24 23:57:16,000783CB2B,KA2
2021-07-24 23:58:56,00079AAA3C,KA2
2021-07-25 00:03:13,0007ABC5F2,KA2
2021-07-25 00:05:24,000783CB2B,KA1
2021-07-25 00:06:27,000783CB2B,KA1
2021-07-25 05:44:04,0007AC8787,K46
2021-07-25 05:44:20,0007AC8787,K46
2021-07-25 05:45:03,0007AC8787,K46
2021-07-25 05:45:27,0007AC8787,K46
2021-07-25 06:03:26,0007ABC809,K46
2021-07-25 06:03:47,0007ABC809,K46
2021-07-25 06:04:19,0007ABC809,K46
2021-07-25 06:04:41,0007ABC809,K46
2021-07-25 06:11:45,00075D879F,KE10
2021-07-25 21:27:40,0007ABC809,K46
2021-07-25 21:28:47,0007ACAC37,K46
2021-07-28 17:04:55,0007ABD4DC,K91
2021-07-28 21:03:23,0007ABA539,K91
2021-07-28 21:05:12,000786D14D,K91
2021-07-28 21:10:14,000786D14D,K91
2021-07-28 21:11:34,0006E241C1,K91
2021-07-28 21:12:24,0007ABD629,K91
2021-07-28 21:12:28,0007ABDCCF,K91
2021-07-28 21:13:19,0006E239ED,K91
2021-07-28 21:13:22,0006B34FE4,K91
2021-07-28 21:13:23,0007ABDCCF,K91
2021-07-28 21:13:25,0006B3BF04,K91
2021-07-28 21:13:35,000783F377,K91
2021-07-28 21:13:38,000799A5EF,K91
2021-07-28 21:14:02,0006CC24E9,K91
2021-07-28 21:14:52,00079AAA3C,K91
2021-07-28 21:14:55,0006E24ECA,K91
2021-07-28 21:15:00,0007AC80F1,K91
2021-07-28 21:15:02,0007ABD629,K91
2021-07-28 21:17:04,00075B22B0,K91
2021-07-28 21:18:43,0007AC44BD,K91
2021-07-28 21:20:23,00075D879F,K91
2021-07-28 21:22:40,0007AC8787,K91
2021-07-28 21:22:42,00079A0255,K91
2021-07-28 21:27:27,00071E15BF,K91
2021-07-28 21:29:06,000783F429,K91
2021-07-28 21:47:40,0007ABD4DC,K91
2021-07-28 22:02:11,00075CE063,K91
2021-07-28 22:08:46,00075D076C,K91
2021-07-28 22:10:31,0007ABC5F2,K91
2021-07-28 22:17:25,0007ABC5F2,K91
2021-07-28 22:23:48,0007ABC5F2,K91
2021-07-28 22:27:05,00075D076C,K91
2021-07-28 22:33:19,000786B8A2,K91
2021-07-28 22:42:10,00075B29B2,K91
2021-07-28 22:44:44,000786B8A2,K91
2021-07-28 22:54:35,00075D879F,K91
2021-07-28 22:55:00,00075D879F,K91
2021-07-28 22:58:33,00075B29B2,K91
2021-07-28 23:14:49,0007ABD629,K91
2021-07-28 23:14:59,0006E239ED,K91
2021-07-28 23:20:50,00074EEC1A,K91
2021-07-28 23:20:59,0006E241C1,K91
2021-07-28 23:22:34,000786B8A2,K91
2021-07-28 23:24:34,00079AAA3C,K91
2021-07-28 23:26:47,0006E241C1,K91
2021-07-28 23:27:47,00075CE063,K91
2021-07-28 23:29:22,0006E239ED,K91
2021-07-28 23:30:53,00074EEC1A,K91
2021-07-28 23:31:32,0006E241C1,K91
2021-07-28 23:31:59,0006CC24E9,K91
2021-07-28 23:32:09,00075CE063,K91
2021-07-28 23:32:13,00074F663E,K91
2021-07-28 23:32:53,00074F663E,K91
2021-07-28 23:33:04,00074F663E,K91
2021-07-28 23:33:15,00074F663E,K91
2021-07-28 23:33:26,00074F663E,K91
2021-07-28 23:34:58,0006E241C1,K91
2021-07-28 23:37:15,00079AAA3C,K91
2021-07-28 23:37:54,000788A24D,K91
2021-07-28 23:40:06,0006E241C1,K91
2021-07-28 23:44:29,00075D879F,K91
2021-07-28 23:45:52,00075CE063,K91
2021-07-28 23:48:57,0007AC44BD,K91
2021-07-28 23:50:46,0006E241C1,K91
2021-07-28 23:51:23,00071E15BF,K91
2021-07-28 23:52:08,0006E24ECA,K91
2021-07-28 23:54:56,0007AC44BD,K91
2021-07-28 23:55:44,00075B22B0,K91
2021-07-28 23:57:42,00075D879F,K91
2021-07-29 00:03:00,0006B34FE4,K91
2021-07-29 00:10:35,0007ABA539,K91
2021-07-29 00:11:37,0007ABF44A,K91
2021-07-29 00:11:56,0006CC24E9,K91
2021-07-29 00:12:55,00075D879F,K91
2021-07-29 00:13:55,00071E15BF,K91
2021-07-29 00:14:17,000786D14D,K91
2021-07-29 00:14:27,0007ACAC37,K91
2021-07-29 00:16:45,00075D879F,K91
2021-07-29 00:18:30,0007ABC5F2,K91
2021-07-29 00:19:28,0007ABA539,K91
2021-07-29 00:19:33,000783F377,K91
2021-07-29 00:19:37,000799A5EF,K91
2021-07-29 00:22:12,000799A5EF,K91
2021-07-29 00:22:31,000799A5EF,K91
2021-07-29 00:22:53,0007ABDCCF,K91
2021-07-29 00:27:56,0006B3BF04,K91
2021-07-29 00:28:35,000799A5EF,K91
2021-07-29 00:29:51,0006B3AC35,K91
2021-07-29 00:29:58,0007AC80F1,K91
2021-07-29 00:33:19,0007ABD629,K91
2021-07-29 00:34:58,0006B3BF04,K91
2021-07-29 00:37:46,000783F377,K91
2021-07-29 00:39:37,0006B3AC35,K91
2021-07-29 00:49:30,000799A5EF,K91
2021-07-29 01:01:31,000799A5EF,K91
2021-07-29 01:01:40,0006B3BF04,K91
2021-07-29 01:01:52,000786B8A2,K91
2021-07-29 01:04:42,0006B3BF04,K91
2021-07-29 01:09:02,000786B8A2,K91
2021-07-29 01:15:25,000786D14D,K91
2021-07-29 01:18:33,0007ABC5F2,K91
2021-07-29 01:22:13,0006B3BF04,K91
2021-07-29 01:22:34,00074EEC1A,K91
2021-07-29 01:23:26,00075B22B0,K91
2021-07-29 01:23:39,00075D879F,K91
2021-07-29 01:27:32,0006E239ED,K91
2021-07-29 01:29:39,00079AAA3C,K91
2021-07-29 01:34:30,0006B3BF04,K91
2021-07-29 01:35:15,0007AC44BD,K91
2021-07-29 01:40:08,00079A0255,K91
2021-07-29 01:44:58,0006E241C1,K91
2021-07-29 01:46:13,00074EEC1A,K91
2021-07-29 01:46:47,0006E239ED,K91
2021-07-29 01:48:44,0007AC44BD,K91
2021-07-29 01:49:23,0006E24ECA,K91
2021-07-29 01:55:27,00075CE063,K91
2021-07-29 01:57:15,0006CC24E9,K91
2021-07-29 01:59:59,00079AAA3C,K91
2021-07-29 02:04:23,000783F377,K91
2021-07-29 02:05:28,0007ABA539,K91
2021-07-29 02:05:55,00075B22B0,K91
2021-07-29 02:16:46,00075D879F,K91
2021-07-29 02:21:00,00075B29B2,K91
2021-07-29 02:21:57,0007ABA539,K91
2021-07-29 02:22:23,000783F377,K91
2021-07-29 02:23:11,0007AC80F1,K91
2021-07-29 02:26:16,00075B22B0,K91
2021-07-29 02:27:03,0007ABD629,K91
2021-07-29 02:33:39,0006B3AC35,K91
2021-07-29 02:36:10,0007AC80F1,K91
2021-07-29 02:37:44,0006E241C1,K91
2021-07-29 02:37:57,00075CE063,K91
2021-07-29 02:40:48,00075D076C,K91
2021-07-29 02:41:42,00079A0255,K91
2021-07-29 02:43:25,000799A5EF,K91
2021-07-29 02:53:18,00075D879F,K91
2021-07-29 02:53:54,0006CC24E9,K91
2021-07-29 02:56:26,0006B3AC35,K91
2021-07-29 03:00:14,000799A5EF,K91
2021-07-29 03:01:34,000786D14D,K91
2021-07-29 03:08:05,0007AC44BD,K91
2021-07-29 03:09:58,0007ABF44A,K91
2021-07-29 03:13:26,0006B34FE4,K91
2021-07-29 03:13:30,000786B8A2,K91
2021-07-29 03:13:58,00079AAA3C,K91
2021-07-29 03:15:15,00075B22B0,K91
2021-07-29 03:15:32,00071E15BF,K91
2021-07-29 03:15:41,00074EEC1A,K91
2021-07-29 03:17:52,0007ABDCCF,K91
2021-07-29 03:19:35,000786B8A2,K91
2021-07-29 03:20:23,00075D879F,K91
2021-07-29 03:25:38,0007ABA539,K91
2021-07-29 03:26:39,0007AC44BD,K91
2021-07-29 03:28:06,00079AAA3C,K91
2021-07-29 03:28:35,00074EEC1A,K91
2021-07-29 03:30:41,0006CC24E9,K91
2021-07-29 03:31:35,0006B3BF04,K91
2021-07-29 03:32:28,0007ABF44A,K91
2021-07-29 03:35:30,00071E15BF,K91
2021-07-29 03:36:14,000783F377,K91
2021-07-29 03:38:20,0007ABA539,K91
2021-07-29 03:41:46,00075B22B0,K91
2021-07-29 03:43:46,0007ABC5F2,K91
2021-07-29 03:44:14,00075D879F,K91
2021-07-29 03:44:19,000783F377,K91
2021-07-29 03:51:06,0006E24ECA,K91
2021-07-29 03:52:58,0006B3BF04,K91
2021-07-29 03:55:32,000783F377,K91
2021-07-29 03:59:38,00075B22B0,K91
2021-07-29 04:01:56,000783F377,K91
2021-07-29 04:03:53,000783F377,K91
2021-07-29 04:07:46,0006E241C1,K91
2021-07-29 04:12:25,0006CC24E9,K91
2021-07-29 04:14:47,00075D879F,K91
2021-07-29 04:17:04,0006E239ED,K91
2021-07-29 04:22:35,0007AC8787,K91
2021-07-29 04:24:41,00075B22B0,K91
2021-07-29 04:29:37,00074F663E,K91
2021-07-29 04:31:19,000783CB2B,K91
2021-07-29 04:32:44,0006E241C1,K91
2021-07-29 04:33:08,00075B29B2,K91
2021-07-29 04:33:15,0007AC8787,K91
2021-07-29 04:41:14,000786B8A2,K91
2021-07-29 04:44:18,0006B3AC35,K91
2021-07-29 04:50:38,0007ABD629,K91
2021-07-29 04:51:09,00075CE063,K91
2021-07-29 04:51:12,00075D879F,K91
2021-07-29 04:52:08,000786B8A2,K91
2021-07-29 04:53:15,00074EEC1A,K91
2021-07-29 04:54:36,000783F429,K91
2021-07-29 04:54:56,0007AC418B,K91
2021-07-29 04:55:09,000783F429,K91
2021-07-29 04:55:28,00075B22B0,K91
2021-07-29 04:58:10,0006B34FE4,K91
2021-07-29 05:06:17,0007AC5939,K91
2021-07-29 05:09:07,00071E2D31,K91
2021-07-29 05:10:24,00071E15BF,K91
2021-07-29 05:18:00,0007AC44BD,K91
2021-07-29 05:24:23,0006E239ED,K91
2021-07-29 05:25:50,00075B22B0,K91
2021-07-29 05:26:12,00079AAA3C,K91
2021-07-29 05:26:29,0006B3BF04,K91
2021-07-29 05:26:40,000799A5EF,K91
2021-07-29 05:30:46,0007ABA539,K91
2021-07-29 05:30:54,00075B29B2,K91
2021-07-29 05:31:09,00075CE063,K91
2021-07-29 05:32:15,000783F377,K91
2021-07-29 05:33:29,0006CC24E9,K91
2021-07-29 05:33:37,0007AC8787,K91
2021-07-29 13:58:00,0007ACAC37,K91
2021-07-29 20:55:25,000786B8A2,K91
2021-07-29 21:03:56,0006E24ECA,K91
2021-07-29 21:04:32,0006E24ECA,K91
2021-07-29 21:04:35,000786B8A2,K91
2021-07-29 21:04:57,00075CE063,K91
2021-07-29 21:06:48,0007ACAC37,K91
2021-07-29 21:07:29,000799A5EF,K91
2021-07-29 21:07:34,0007ACAC37,K91
2021-07-29 21:08:01,000783F377,K91
2021-07-29 21:08:06,0007AC80F1,K91
2021-07-29 21:08:08,0007ABDCCF,K91
2021-07-29 21:09:18,0007AC418B,K91
2021-07-29 21:09:32,0006B34FE4,K91
2021-07-29 21:10:30,00075D879F,K91
2021-07-29 21:10:55,0007ABC5F2,K91
2021-07-29 21:11:41,0007ABA539,K91
2021-07-29 21:11:45,0006CC24E9,K91
2021-07-29 21:11:49,00079A0255,K91
2021-07-29 21:11:57,0007ABD629,K91
2021-07-29 21:12:03,0007ABA539,K91
2021-07-29 21:12:24,00075D076C,K91
2021-07-29 21:12:41,0007ABD629,K91
2021-07-29 21:12:46,0007ACAC37,K91
2021-07-29 21:13:48,00071E15BF,K91
2021-07-29 21:14:04,00074EEC1A,K91
2021-07-29 21:16:47,0007ABC809,K91
2021-07-29 21:18:32,0007AC3CC1,K91
2021-07-29 21:18:44,0007AC3CC1,K91
2021-07-29 21:19:11,00075B29B2,K91
2021-07-29 21:19:37,000788A24D,K91
2021-07-29 21:20:23,000783F429,K91
2021-07-29 21:23:41,0007ABF44A,K91
2021-07-29 21:23:50,00079AAA3C,K91
2021-07-29 21:23:58,0007ABD4DC,K91
2021-07-29 21:24:24,0006E241C1,K91
2021-07-29 21:25:01,0006B3BF04,K91
2021-07-29 21:25:05,0007AC44BD,K91
2021-07-29 21:26:36,0007AC5939,K91
2021-07-29 22:25:13,00074F663E,K91
2021-07-29 23:03:03,000786B8A2,K91
2021-07-29 23:21:16,0007AC44BD,K91
2021-07-29 23:31:07,0006CC24E9,K91
2021-07-29 23:38:08,0006CC24E9,K91
2021-07-29 23:38:50,0007AC44BD,K91
2021-07-29 23:40:40,000799A5EF,K91
2021-07-29 23:43:25,0007ABF44A,K91
2021-07-29 23:46:36,000799A5EF,K91
2021-07-29 23:50:45,0006E241C1,K91
2021-07-29 23:58:23,0006E241C1,K91
2021-07-29 23:59:01,0006B34FE4,K91
2021-07-30 00:03:35,00075D076C,K91
2021-07-30 00:04:11,000786D14D,K91
2021-07-30 00:06:12,00079AAA3C,K91
2021-07-30 00:08:56,0006CC24E9,K91
2021-07-30 00:10:38,0006E239ED,K91
2021-07-30 00:11:19,0006E241C1,K91
2021-07-30 00:15:42,0007ABD629,K91
2021-07-30 00:16:30,00075B29B2,K91
2021-07-30 00:17:57,0006E241C1,K91
2021-07-30 00:21:27,000786B8A2,K91
2021-07-30 00:24:00,0006E239ED,K91
2021-07-30 00:25:12,00075D076C,K91
2021-07-30 00:25:54,0006B3BF04,K91
2021-07-30 00:32:23,0006CC24E9,K91
2021-07-30 00:40:47,0006B3BF04,K91
2021-07-30 00:52:26,00075CE063,K91
2021-07-30 00:56:23,00071E15BF,K91
2021-07-30 01:05:14,00075B22B0,K91
2021-07-30 01:11:08,000799A5EF,K91
2021-07-30 01:13:57,000786B8A2,K91
2021-07-30 01:14:49,0007ABC5F2,K91
2021-07-30 01:15:48,0007AC44BD,K91
2021-07-30 01:18:37,000799A5EF,K91
2021-07-30 01:23:44,0007ABDCCF,K91
2021-07-30 01:24:16,000783F377,K91
2021-07-30 01:26:27,000786B8A2,K91
2021-07-30 01:31:25,00079AAA3C,K91
2021-07-30 01:34:53,0007AC44BD,K91
2021-07-30 01:34:55,000783F377,K91
2021-07-30 01:42:04,00079AAA3C,K91
2021-07-30 01:44:09,00075B29B2,K91
2021-07-30 01:57:59,0007ABD629,K91
2021-07-30 02:02:13,0006CC24E9,K91
2021-07-30 02:08:23,0007ABD629,K91
2021-07-30 02:08:40,0007ABD629,K91
2021-07-30 02:13:40,0006B3BF04,K91
2021-07-30 02:13:50,000786D14D,K91
2021-07-30 02:14:41,00074EEC1A,K91
2021-07-30 02:16:11,0007ABF44A,K91
2021-07-30 02:19:01,0006B34FE4,K91
2021-07-30 02:20:58,00074EEC1A,K91
2021-07-30 02:24:26,0006E241C1,K91
2021-07-30 02:25:14,0006B3BF04,K91
2021-07-30 02:27:41,0006E241C1,K91
2021-07-30 02:30:49,0006E241C1,K91
2021-07-30 02:32:50,00079A0255,K91
2021-07-30 02:33:28,0006B34FE4,K91
2021-07-30 02:34:27,0006E241C1,K91
2021-07-30 02:36:15,0006CC24E9,K91
2021-07-30 02:37:00,00075CE063,K91
2021-07-30 02:47:14,0007ABC5F2,K91
2021-07-30 03:03:53,000799A5EF,K91
2021-07-30 03:04:01,0006E239ED,K91
2021-07-30 03:11:56,000799A5EF,K91
2021-07-30 03:14:43,000786B8A2,K91
2021-07-30 03:16:40,0007AC80F1,K91
2021-07-30 03:19:40,00074EEC1A,K91
2021-07-30 03:24:47,0007ABD629,K91
2021-07-30 03:25:50,0006E239ED,K91
2021-07-30 03:29:14,00074EEC1A,K91
2021-07-30 03:30:29,0007AC44BD,K91
2021-07-30 03:34:07,0006E24ECA,K91
2021-07-30 03:36:33,00079A0255,K91
2021-07-30 03:40:41,0006CC24E9,K91
2021-07-30 03:41:13,00079A0255,K91
2021-07-30 03:42:49,0006E24ECA,K91
2021-07-30 03:43:57,0007ABDCCF,K91
2021-07-30 03:46:14,000783F377,K91
2021-07-30 03:47:19,000799A5EF,K91
2021-07-30 03:49:29,000783F377,K91
2021-07-30 03:53:01,0007AC44BD,K91
2021-07-30 03:53:07,00071E15BF,K91
2021-07-30 03:54:21,00079AAA3C,K91
2021-07-30 03:58:14,0006CC24E9,K91
2021-07-30 04:01:31,00075CE063,K91
2021-07-30 04:07:42,000799A5EF,K91
2021-07-30 04:09:57,0007ABC5F2,K91
2021-07-30 04:15:05,00075D076C,K91
2021-07-30 04:15:35,0007ABC5F2,K91
2021-07-30 04:18:04,000786B8A2,K91
2021-07-30 04:22:12,000786B8A2,K91
2021-07-30 04:25:22,0006B34FE4,K91
2021-07-30 04:25:51,000786B8A2,K91
2021-07-30 04:27:15,0006B3BF04,K91
2021-07-30 04:27:21,000786B8A2,K91
2021-07-30 04:28:53,000786B8A2,K91
2021-07-30 04:31:45,0006CC24E9,K91
2021-07-30 04:34:30,000786B8A2,K91
2021-07-30 04:38:16,0007ABF44A,K91
2021-07-30 04:39:21,000786B8A2,K91
2021-07-30 04:40:52,0006E241C1,K91
2021-07-30 04:41:19,0006E241C1,K91
2021-07-30 04:41:47,000786D14D,K91
2021-07-30 04:42:05,0006CC24E9,K91
2021-07-30 04:42:20,0006B3BF04,K91
2021-07-30 04:48:19,0006B3BF04,K91
2021-07-30 04:48:23,0006E239ED,K91
2021-07-30 04:50:29,0006B3BF04,K91
2021-07-30 04:55:53,0006E241C1,K91
2021-07-30 05:01:16,0006E241C1,K91
2021-07-30 05:06:06,00075B22B0,K91
2021-07-30 05:11:03,000799A5EF,K91
2021-07-30 05:11:31,0007AC5939,K91
2021-07-30 05:15:51,00071E15BF,K91
2021-07-30 05:18:01,00074EEC1A,K91
2021-07-30 05:18:45,0007AC44BD,K91
2021-07-30 05:35:01,0006B3BF04,K91
2021-07-30 05:38:21,0006E241C1,K91
2021-07-30 05:40:13,0006CC24E9,K91
2021-07-30 21:13:44,0007ABC5F2,K91
2021-07-30 21:20:52,00075CE063,K91
2021-07-30 21:21:08,000786B8A2,K91
2021-07-30 21:21:57,0006B34FE4,K91
2021-07-30 21:22:09,0006E24ECA,K91
2021-07-30 21:24:17,0006E239ED,K91
2021-07-30 21:26:08,000799A5EF,K91
2021-07-30 21:26:15,00079AAA3C,K91
2021-07-30 21:27:27,0006B3BF04,K91
2021-07-30 21:27:58,0006CC24E9,K91
2021-07-30 21:28:14,0007AC44BD,K91
2021-07-30 21:28:30,0006E241C1,K91
2021-07-30 21:30:15,00075D076C,K91
2021-07-30 21:30:37,0007AC5939,K91
2021-07-30 21:31:18,00071E15BF,K91
2021-07-30 21:33:43,00074EEC1A,K91
2021-07-30 21:36:01,0007ABF44A,K91
2021-07-30 21:54:28,0007ABF44A,K91
2021-07-30 22:55:40,000786B8A2,K91
2021-07-30 22:56:21,000786B8A2,K91
2021-07-30 23:42:19,0006E241C1,K91
2021-07-30 23:44:18,0006E241C1,K91
2021-07-30 23:58:46,0006B34FE4,K91
2021-07-31 00:02:49,0006E24ECA,K91
2021-07-31 00:04:44,0006E239ED,K91
2021-07-31 00:07:12,0007ABC5F2,K91
2021-07-31 00:08:26,0006E239ED,K91
2021-07-31 00:09:09,0006B34FE4,K91
2021-07-31 00:09:24,0007AC418B,K91
2021-07-31 00:10:54,0006E239ED,K91
2021-07-31 00:14:44,0007AC44BD,K91
2021-07-31 00:15:39,0006B3BF04,K91
2021-07-31 00:15:51,0006E24ECA,K91
2021-07-31 00:16:03,0006E239ED,K91
2021-07-31 00:16:16,0006B34FE4,K91
2021-07-31 00:16:56,00071E15BF,K91
2021-07-31 00:19:37,00075CE063,K91
2021-07-31 00:20:09,0006E241C1,K91
2021-07-31 00:21:13,0006E241C1,K91
2021-07-31 00:21:32,0007AC44BD,K91
2021-07-31 00:22:30,0007ABF44A,K91
2021-07-31 00:23:18,0007ABF44A,K91
2021-07-31 00:24:54,00075CE063,K91
2021-07-31 00:27:02,0006E239ED,K91
2021-07-31 00:28:48,0006E241C1,K91
2021-07-31 00:28:56,0007AC44BD,K91
2021-07-31 00:30:06,0007AC44BD,K91
2021-07-31 00:30:13,0006E241C1,K91
2021-07-31 00:31:05,00075CE063,K91
2021-07-31 00:35:27,0006CC24E9,K91
2021-07-31 00:36:36,0006E241C1,K91
2021-07-31 00:36:49,0007ABC5F2,K91
2021-07-31 00:41:12,00075CE063,K91
2021-07-31 00:41:58,0006E241C1,K91
2021-07-31 00:53:41,0006B3BF04,K91
2021-07-31 00:54:07,0006CC24E9,K91
2021-07-31 00:55:11,0006E24ECA,K91
2021-07-31 00:57:33,0006B3BF04,K91
2021-07-31 00:59:15,0006B3BF04,K91
2021-07-31 00:59:46,0006B3BF04,K91
2021-07-31 01:01:51,0006E24ECA,K91
2021-07-31 01:03:46,00075CE063,K91
2021-07-31 01:09:36,0007AC44BD,K91
2021-07-31 01:10:37,000786D14D,K91
2021-07-31 01:10:46,0007AC44BD,K91
2021-07-31 17:26:53,00074F7C6F,K95
2021-07-31 18:26:12,0007AC8787,K18
2021-07-31 18:26:36,0007AC8787,K18
2021-07-31 19:05:29,00079AAA3C,KE10
2021-07-31 19:05:48,00079AAA3C,KE10
2021-07-31 19:05:59,00079AAA3C,KE10
2021-07-31 19:06:10,00079AAA3C,KE10
2021-07-31 19:06:21,00079AAA3C,KE10
2021-07-31 19:06:32,00079AAA3C,KE10
2021-07-31 19:06:43,00079AAA3C,KE10
2021-07-31 19:07:11,00079AAA3C,KE10
2021-07-31 19:07:22,00079AAA3C,KE10
2021-07-31 19:07:33,00079AAA3C,KE10
2021-07-31 19:13:13,00075B29B2,KE10
2021-07-31 19:13:25,00075B29B2,KE10
2021-07-31 19:13:36,00075B29B2,KE10
2021-07-31 19:13:47,00075B29B2,KE10
2021-07-31 19:13:58,00075B29B2,KE10
2021-07-31 19:14:09,00075B29B2,KE10
2021-07-31 19:14:24,00075B29B2,KE10
2021-07-31 19:14:35,00075B29B2,KE10
2021-07-31 19:14:46,00075B29B2,KE10
2021-07-31 19:14:57,00075B29B2,KE10
2021-07-31 19:15:08,00075B29B2,KE10
2021-07-31 19:15:19,00075B29B2,KE10
2021-07-31 19:15:31,00075B29B2,KE10
2021-07-31 19:15:46,00075B29B2,KE10
2021-07-31 19:16:12,00075B29B2,KE10
2021-07-31 19:16:23,00075B29B2,KE10
2021-07-31 19:16:34,00075B29B2,KE10
2021-07-31 19:16:45,00075B29B2,KE10
2021-07-31 19:16:58,00075B29B2,KE10
2021-07-31 19:17:22,00075B29B2,KE10
2021-07-31 19:18:05,00075B29B2,KE10
2021-07-31 19:18:16,00075B29B2,KE10
2021-07-31 19:18:51,00075B29B2,KE10
2021-07-31 19:19:02,00075B29B2,KE10
2021-07-31 19:19:09,00075B22B0,KE10
2021-07-31 19:19:20,00075B22B0,KE10
2021-07-31 19:19:32,00075B22B0,KE10
2021-07-31 19:19:43,00075B22B0,KE10
2021-07-31 19:19:56,00075B22B0,KE10
2021-07-31 19:20:07,00075B22B0,KE10
2021-07-31 19:20:18,00075B22B0,KE10
2021-07-31 19:20:37,00075B22B0,KE10
2021-07-31 19:20:48,00075B22B0,KE10
2021-07-31 19:20:55,0006E24ECA,KE10
2021-07-31 19:21:06,0006E24ECA,KE10
2021-07-31 19:21:18,0006E24ECA,KE10
2021-07-31 19:21:29,0006E24ECA,KE10
2021-07-31 19:21:40,0006E24ECA,KE10
2021-07-31 19:21:51,0006E24ECA,KE10
2021-07-31 19:22:02,0006E24ECA,KE10
2021-07-31 19:22:13,0006E24ECA,KE10
2021-07-31 19:22:24,0006E24ECA,KE10
2021-07-31 19:22:35,0006E24ECA,KE10
2021-07-31 19:22:46,0006E24ECA,KE10
2021-07-31 19:22:57,0006E24ECA,KE10
2021-07-31 19:23:08,0006E24ECA,KE10
2021-07-31 19:23:19,0006E24ECA,KE10
2021-07-31 19:23:30,0006E24ECA,KE10
2021-07-31 19:23:41,0006E24ECA,KE10
2021-07-31 19:23:52,0006E24ECA,KE10
2021-07-31 19:24:03,0006E24ECA,KE10
2021-07-31 19:24:14,0006E24ECA,KE10
2021-07-31 19:24:25,0006E24ECA,KE10
2021-07-31 19:24:36,0006E24ECA,KE10
2021-07-31 19:24:47,0006E24ECA,KE10
2021-07-31 19:24:58,0006E24ECA,KE10
2021-07-31 19:25:09,0006E24ECA,KE10
2021-07-31 19:25:20,0006E24ECA,KE10
2021-07-31 19:25:31,0006E24ECA,KE10
2021-07-31 19:25:42,0006E24ECA,KE10
2021-07-31 19:25:52,0006B34FE4,KE10
2021-07-31 19:25:58,0006E24ECA,KE10
2021-07-31 19:26:03,0006B34FE4,KE10
2021-07-31 19:26:13,0006E24ECA,KE10
2021-07-31 19:26:14,0006B34FE4,KE10
2021-07-31 19:26:24,0006E24ECA,KE10
2021-07-31 19:26:35,0006E24ECA,KE10
2021-07-31 19:26:46,0006E24ECA,KE10
2021-07-31 19:26:57,0006E24ECA,KE10
2021-07-31 19:27:10,0006E24ECA,KE10
2021-07-31 19:27:23,0006E24ECA,KE10
2021-07-31 19:27:50,0006E24ECA,KE10
2021-07-31 19:28:56,0006E24ECA,KE10
2021-07-31 19:29:07,0006E24ECA,KE10
2021-07-31 19:29:18,0006E24ECA,KE10
2021-07-31 19:29:29,0006E24ECA,KE10
2021-07-31 19:29:40,0006E24ECA,KE10
2021-07-31 19:29:51,0006E24ECA,KE10
2021-07-31 19:30:02,0006E24ECA,KE10
2021-07-31 19:30:13,0006E24ECA,KE10
2021-07-31 19:30:24,0006E24ECA,KE10
2021-07-31 19:30:35,0006E24ECA,KE10
2021-07-31 19:30:46,0006E24ECA,KE10
2021-07-31 19:30:57,0006E24ECA,KE10
2021-07-31 19:31:08,0006E24ECA,KE10
2021-07-31 19:31:19,0006E24ECA,KE10
2021-07-31 19:31:30,0006E24ECA,KE10
2021-07-31 19:31:41,0006E24ECA,KE10
2021-07-31 19:31:52,0006E24ECA,KE10
2021-07-31 19:32:03,0006E24ECA,KE10
2021-07-31 19:32:14,0006E24ECA,KE10
2021-07-31 19:32:25,0006E24ECA,KE10
2021-07-31 19:32:36,0006E24ECA,KE10
2021-07-31 19:32:47,0006E24ECA,KE10
2021-07-31 19:32:58,0006E24ECA,KE10
2021-07-31 19:33:09,0006E24ECA,KE10
2021-07-31 19:33:20,0006E24ECA,KE10
2021-07-31 19:33:31,0006E24ECA,KE10
2021-07-31 19:33:42,0006E24ECA,KE10
2021-07-31 19:33:53,0006E24ECA,KE10
2021-07-31 19:39:58,0006E24ECA,KE10
2021-07-31 19:40:16,0006E24ECA,KE10
2021-07-31 19:40:29,0006E24ECA,KE10
2021-07-31 19:40:41,0006E24ECA,KE10
2021-07-31 19:40:52,0006E24ECA,KE10
2021-07-31 19:41:03,0006E24ECA,KE10
2021-07-31 19:41:15,0006E24ECA,KE10
2021-07-31 19:41:28,0006E24ECA,KE10
2021-07-31 19:41:45,0006E24ECA,KE10
2021-07-31 19:41:59,0006E24ECA,KE10
2021-07-31 19:42:19,0006E24ECA,KE10
2021-07-31 19:42:37,0006E24ECA,KE10
2021-07-31 19:42:48,0006E24ECA,KE10
2021-07-31 19:42:59,0006E24ECA,KE10
2021-07-31 19:43:10,0006E24ECA,KE10
2021-07-31 19:43:21,0006E24ECA,KE10
2021-07-31 19:43:32,0006E24ECA,KE10
2021-07-31 19:43:43,0006E24ECA,KE10
2021-07-31 19:43:54,0006E24ECA,KE10
2021-07-31 19:44:05,0006E24ECA,KE10
2021-07-31 19:44:16,0006E24ECA,KE10
2021-07-31 19:44:27,0006E24ECA,KE10
2021-07-31 19:44:38,0006E24ECA,KE10
2021-07-31 19:44:49,0006E24ECA,KE10
2021-07-31 19:45:04,0006E24ECA,KE10
2021-07-31 19:45:15,0006E24ECA,KE10
2021-07-31 19:45:26,0006E24ECA,KE10
2021-07-31 19:45:37,0006E24ECA,KE10
2021-07-31 19:45:48,0006E24ECA,KE10
2021-07-31 19:45:59,0006E24ECA,KE10
2021-07-31 19:46:10,0006E24ECA,KE10
2021-07-31 19:46:21,0006E24ECA,KE10
2021-07-31 19:46:32,0006E24ECA,KE10
2021-07-31 19:47:20,00075D076C,KE10
2021-07-31 19:51:10,0006E239ED,KE10
2021-07-31 19:51:21,0006E239ED,KE10
2021-07-31 19:51:32,0006E239ED,KE10
2021-07-31 19:51:43,0006E239ED,KE10
2021-07-31 19:51:54,0006E239ED,KE10
2021-07-31 19:52:05,0006E239ED,KE10
2021-07-31 19:52:16,0006E239ED,KE10
2021-07-31 19:52:27,0006E239ED,KE10
2021-07-31 19:52:38,0006E239ED,KE10
2021-07-31 19:52:49,0006E239ED,KE10
2021-07-31 19:53:00,0006E239ED,KE10
2021-07-31 19:53:11,0006E239ED,KE10
2021-07-31 19:53:22,0006E239ED,KE10
2021-07-31 19:53:33,0006E239ED,KE10
2021-07-31 19:53:44,0006E239ED,KE10
2021-07-31 19:53:55,0006E239ED,KE10
2021-07-31 19:54:06,0006E239ED,KE10
2021-07-31 19:54:17,0006E239ED,KE10
2021-07-31 19:54:28,0006E239ED,KE10
2021-07-31 19:54:39,0006E239ED,KE10
2021-07-31 19:54:50,0006E239ED,KE10
2021-07-31 19:55:01,0006E239ED,KE10
2021-07-31 19:55:12,0006E239ED,KE10
2021-07-31 19:55:23,0006E239ED,KE10
2021-07-31 19:55:34,0006E239ED,KE10
2021-07-31 19:55:45,0006E239ED,KE10
2021-07-31 19:55:56,0006E239ED,KE10
2021-07-31 19:55:58,000786B8A2,KE10
2021-07-31 19:56:07,0006E239ED,KE10
2021-07-31 19:56:19,0006E239ED,KE10
2021-07-31 19:56:30,0006E239ED,KE10
2021-07-31 19:56:41,0006E239ED,KE10
2021-07-31 19:56:43,00075CE063,KE10
2021-07-31 19:56:52,0006E239ED,KE10
2021-07-31 19:57:03,0006E239ED,KE10
2021-07-31 19:57:14,0006E239ED,KE10
2021-07-31 19:57:23,000783F377,KE10
2021-07-31 19:57:25,0006E239ED,KE10
2021-07-31 19:57:36,0006E239ED,KE10
2021-07-31 19:57:47,0006E239ED,KE10
2021-07-31 19:57:58,0006E239ED,KE10
2021-07-31 19:58:09,0006E239ED,KE10
2021-07-31 19:58:20,0006E239ED,KE10
2021-07-31 19:58:31,0006E239ED,KE10
2021-07-31 19:58:42,0006E239ED,KE10
2021-07-31 19:58:53,0006E239ED,KE10
2021-07-31 19:59:07,0006E239ED,KE10
2021-07-31 19:59:18,0006E239ED,KE10
2021-07-31 19:59:29,0006E239ED,KE10
2021-07-31 19:59:40,0006E239ED,KE10
2021-07-31 19:59:51,0006E239ED,KE10
2021-07-31 20:00:02,0006E239ED,KE10
2021-07-31 20:00:13,0006E239ED,KE10
2021-07-31 20:00:24,0006E239ED,KE10
2021-07-31 20:00:35,0006E239ED,KE10
2021-07-31 20:00:46,0006E239ED,KE10
2021-07-31 20:00:57,0006E239ED,KE10
2021-07-31 20:01:08,0006E239ED,KE10
2021-07-31 20:01:19,0006E239ED,KE10
2021-07-31 20:01:30,0006E239ED,KE10
2021-07-31 20:01:41,0006E239ED,KE10
2021-07-31 20:01:52,0006E239ED,KE10
2021-07-31 20:02:03,0006E239ED,KE10
2021-07-31 20:02:14,0006E239ED,KE10
2021-07-31 20:02:25,0006E239ED,KE10
2021-07-31 20:02:36,0006E239ED,KE10
2021-07-31 20:02:47,0006E239ED,KE10
2021-07-31 20:02:58,0006E239ED,KE10
2021-07-31 20:03:09,0006E239ED,KE10
2021-07-31 20:03:20,0006E239ED,KE10
2021-07-31 20:03:31,0006E239ED,KE10
2021-07-31 20:03:42,0006E239ED,KE10
2021-07-31 20:03:53,0006E239ED,KE10
2021-07-31 20:04:04,0006E239ED,KE10
2021-07-31 20:04:15,0006E239ED,KE10
2021-07-31 20:04:26,0006E239ED,KE10
2021-07-31 20:04:37,0006E239ED,KE10
2021-07-31 20:04:48,0006E239ED,KE10
2021-07-31 20:04:59,0006E239ED,KE10
2021-07-31 20:05:10,0006E239ED,KE10
2021-07-31 20:05:21,0006E239ED,KE10
2021-07-31 20:05:32,0006E239ED,KE10
2021-07-31 20:05:43,0006E239ED,KE10
2021-07-31 20:05:54,0006E239ED,KE10
2021-07-31 20:06:05,0006E239ED,KE10
2021-07-31 20:06:16,0006E239ED,KE10
2021-07-31 20:06:27,0006E239ED,KE10
2021-07-31 20:06:38,0006E239ED,KE10
2021-07-31 20:06:49,0006E239ED,KE10
2021-07-31 20:07:00,0006E239ED,KE10
2021-07-31 20:07:11,0006E239ED,KE10
2021-07-31 20:07:22,0006E239ED,KE10
2021-07-31 20:07:33,0006E239ED,KE10
2021-07-31 20:07:44,0006E239ED,KE10
2021-07-31 20:07:55,0006E239ED,KE10
2021-07-31 20:08:06,0006E239ED,KE10
2021-07-31 20:08:17,0006E239ED,KE10
2021-07-31 20:08:28,0006E239ED,KE10
2021-07-31 20:08:39,0006E239ED,KE10
2021-07-31 20:08:50,0006E239ED,KE10
2021-07-31 20:09:01,0006E239ED,KE10
2021-07-31 20:09:12,0006E239ED,KE10
2021-07-31 20:09:23,0006E239ED,KE10
2021-07-31 20:09:34,0006E239ED,KE10
2021-07-31 20:09:45,0006E239ED,KE10
2021-07-31 20:09:56,0006E239ED,KE10
2021-07-31 20:10:07,0006E239ED,KE10
2021-07-31 20:10:18,0006E239ED,KE10
2021-07-31 20:10:29,0006E239ED,KE10
2021-07-31 20:10:40,0006E239ED,KE10
2021-07-31 20:10:51,0006E239ED,KE10
2021-07-31 20:11:02,0006E239ED,KE10
2021-07-31 20:11:13,0006E239ED,KE10
2021-07-31 20:11:24,0006E239ED,KE10
2021-07-31 20:11:35,0006E239ED,KE10
2021-07-31 20:11:46,0006E239ED,KE10
2021-07-31 20:11:57,0006E239ED,KE10
2021-07-31 20:12:08,0006E239ED,KE10
2021-07-31 20:12:19,0006E239ED,KE10
2021-07-31 20:12:30,0006E239ED,KE10
2021-07-31 20:12:41,0006E239ED,KE10
2021-07-31 20:12:52,0006E239ED,KE10
2021-07-31 20:13:03,0006E239ED,KE10
2021-07-31 20:13:14,0006E239ED,KE10
2021-07-31 20:13:25,0006E239ED,KE10
2021-07-31 20:13:36,0006E239ED,KE10
2021-07-31 20:13:47,0006E239ED,KE10
2021-07-31 20:13:58,0006E239ED,KE10
2021-07-31 20:14:09,0006E239ED,KE10
2021-07-31 20:14:20,0006E239ED,KE10
2021-07-31 20:14:31,0006E239ED,KE10
2021-07-31 20:14:42,0006E239ED,KE10
2021-07-31 20:14:53,0006E239ED,KE10
2021-07-31 20:15:04,0006E239ED,KE10
2021-07-31 20:15:15,0006E239ED,KE10
2021-07-31 20:15:26,0006E239ED,KE10
2021-07-31 20:15:37,0006E239ED,KE10
2021-07-31 20:15:43,0007ACAC37,KE10
2021-07-31 20:15:49,0006E239ED,KE10
2021-07-31 20:28:07,000786B8A2,KE10
2021-07-31 20:37:18,0007AC44BD,KE10
2021-07-31 20:37:59,00071E15BF,KE10
2021-07-31 20:40:42,000786B8A2,KE10
2021-07-31 20:40:53,000786B8A2,KE10
2021-07-31 20:41:04,000786B8A2,KE10
2021-07-31 20:41:15,000786B8A2,KE10
2021-07-31 20:41:26,000786B8A2,KE10
2021-07-31 20:41:37,000786B8A2,KE10
2021-07-31 20:41:48,000786B8A2,KE10
2021-07-31 20:41:59,000786B8A2,KE10
2021-07-31 20:42:10,000786B8A2,KE10
2021-07-31 20:42:21,000786B8A2,KE10
2021-07-31 20:42:32,000786B8A2,KE10
2021-07-31 20:42:43,000786B8A2,KE10
2021-07-31 20:42:54,000786B8A2,KE10
2021-07-31 20:43:05,000786B8A2,KE10
2021-07-31 20:43:16,000786B8A2,KE10
2021-07-31 20:43:27,000786B8A2,KE10
2021-07-31 20:43:38,000786B8A2,KE10
2021-07-31 20:43:49,000786B8A2,KE10
2021-07-31 20:44:00,000786B8A2,KE10
2021-07-31 20:44:11,000786B8A2,KE10
2021-07-31 20:44:22,000786B8A2,KE10
2021-07-31 20:44:33,000786B8A2,KE10
2021-07-31 20:44:44,000786B8A2,KE10
2021-07-31 20:44:55,000786B8A2,KE10
2021-07-31 20:45:06,000786B8A2,KE10
2021-07-31 20:45:17,000786B8A2,KE10
2021-07-31 20:45:28,000786B8A2,KE10
2021-07-31 20:45:39,000786B8A2,KE10
2021-07-31 20:45:50,000786B8A2,KE10
2021-07-31 20:46:01,000786B8A2,KE10
2021-07-31 20:46:27,00079AAA3C,KE10
2021-07-31 20:46:41,00079AAA3C,KE10
2021-07-31 20:46:52,00079AAA3C,KE10
2021-07-31 20:47:04,00079AAA3C,KE10
2021-07-31 20:47:21,00079AAA3C,KE10
2021-07-31 20:47:32,00079AAA3C,KE10
2021-07-31 20:48:00,00079AAA3C,KE10
2021-07-31 20:48:11,00079AAA3C,KE10
2021-07-31 20:48:29,000786B8A2,KE10
2021-07-31 20:48:37,00079AAA3C,KE10
2021-07-31 20:48:40,000786B8A2,KE10
2021-07-31 20:49:11,00079AAA3C,KE10
2021-07-31 20:49:29,00079AAA3C,KE10
2021-07-31 20:49:53,000786B8A2,KE10
2021-07-31 20:50:04,000786B8A2,KE10
2021-07-31 20:50:15,000786B8A2,KE10
2021-07-31 20:50:26,000786B8A2,KE10
2021-07-31 20:50:37,000786B8A2,KE10
2021-07-31 20:50:48,000786B8A2,KE10
2021-07-31 20:50:59,000786B8A2,KE10
2021-07-31 20:51:10,000786B8A2,KE10
2021-07-31 20:51:21,000786B8A2,KE10
2021-07-31 20:51:32,000786B8A2,KE10
2021-07-31 20:51:43,000786B8A2,KE10
2021-07-31 20:51:54,000786B8A2,KE10
2021-07-31 20:52:05,000786B8A2,KE10
2021-07-31 20:52:16,000786B8A2,KE10
2021-07-31 20:52:28,000786B8A2,KE10
2021-07-31 20:52:39,000786B8A2,KE10
2021-07-31 20:52:50,000786B8A2,KE10
2021-07-31 20:53:01,000786B8A2,KE10
2021-07-31 20:53:15,00079AAA3C,KE10
2021-07-31 20:53:26,00079AAA3C,KE10
2021-07-31 20:53:37,00079AAA3C,KE10
2021-07-31 20:53:48,00079AAA3C,KE10
2021-07-31 20:53:57,000786B8A2,KE10
2021-07-31 20:54:08,000786B8A2,KE10
2021-07-31 20:54:19,000786B8A2,KE10
2021-07-31 20:54:30,000786B8A2,KE10
2021-07-31 20:54:41,000786B8A2,KE10
2021-07-31 20:54:52,000786B8A2,KE10
2021-07-31 20:55:03,000786B8A2,KE10
2021-07-31 20:55:14,000786B8A2,KE10
2021-07-31 20:55:25,000786B8A2,KE10
2021-07-31 20:55:36,000786B8A2,KE10
2021-07-31 20:55:47,000786B8A2,KE10
2021-07-31 20:55:58,000786B8A2,KE10
2021-07-31 20:56:09,000786B8A2,KE10
2021-07-31 20:56:20,000786B8A2,KE10
2021-07-31 20:56:31,000786B8A2,KE10
2021-07-31 20:56:42,000786B8A2,KE10
2021-07-31 20:56:53,000786B8A2,KE10
2021-07-31 20:57:04,000786B8A2,KE10
2021-07-31 20:57:15,000786B8A2,KE10
2021-07-31 20:57:26,000786B8A2,KE10
2021-07-31 20:57:37,000786B8A2,KE10
2021-07-31 20:57:48,000786B8A2,KE10
2021-07-31 20:57:59,000786B8A2,KE10
2021-07-31 20:58:10,000786B8A2,KE10
2021-07-31 20:58:21,000786B8A2,KE10
2021-07-31 20:58:32,000786B8A2,KE10
2021-07-31 20:58:43,000786B8A2,KE10
2021-07-31 20:58:54,000786B8A2,KE10
2021-07-31 20:59:05,000786B8A2,KE10
2021-07-31 20:59:16,000786B8A2,KE10
2021-07-31 20:59:27,000786B8A2,KE10
2021-07-31 20:59:38,000786B8A2,KE10
2021-07-31 20:59:49,000786B8A2,KE10
2021-07-31 21:00:00,000786B8A2,KE10
2021-07-31 21:00:11,000786B8A2,KE10
2021-07-31 21:00:22,000786B8A2,KE10
2021-07-31 21:00:33,000786B8A2,KE10
2021-07-31 21:00:44,000786B8A2,KE10
2021-07-31 21:00:55,000786B8A2,KE10
2021-07-31 21:01:06,000786B8A2,KE10
2021-07-31 21:01:17,000786B8A2,KE10
2021-07-31 21:01:28,000786B8A2,KE10
2021-07-31 21:01:39,000786B8A2,KE10
2021-07-31 21:01:50,000786B8A2,KE10
2021-07-31 21:02:01,000786B8A2,KE10
2021-07-31 21:02:12,000786B8A2,KE10
2021-07-31 21:02:23,000786B8A2,KE10
2021-07-31 21:02:34,000786B8A2,KE10
2021-07-31 21:02:45,000786B8A2,KE10
2021-07-31 21:02:56,000786B8A2,KE10
2021-07-31 21:03:07,000786B8A2,KE10
2021-07-31 21:03:18,000786B8A2,KE10
2021-07-31 21:03:29,000786B8A2,KE10
2021-07-31 21:03:40,000786B8A2,KE10
2021-07-31 21:03:51,000786B8A2,KE10
2021-07-31 21:04:02,000786B8A2,KE10
2021-07-31 21:04:13,000786B8A2,KE10
2021-07-31 21:04:24,000786B8A2,KE10
2021-07-31 21:04:35,000786B8A2,KE10
2021-07-31 21:04:46,000786B8A2,KE10
2021-07-31 21:04:57,000786B8A2,KE10
2021-07-31 21:05:08,000786B8A2,KE10
2021-07-31 21:05:19,000786B8A2,KE10
2021-07-31 21:05:30,000786B8A2,KE10
2021-07-31 21:05:41,000786B8A2,KE10
2021-07-31 21:05:43,00079AAA3C,KE10
2021-07-31 21:05:54,000786B8A2,KE10
2021-07-31 21:06:01,00079AAA3C,KE10
2021-07-31 21:06:05,000786B8A2,KE10
2021-07-31 21:06:12,00079AAA3C,KE10
2021-07-31 21:06:16,000786B8A2,KE10
2021-07-31 21:06:27,000786B8A2,KE10
2021-07-31 21:06:38,000786B8A2,KE10
2021-07-31 21:06:49,000786B8A2,KE10
2021-07-31 21:06:57,00079AAA3C,KE10
2021-07-31 21:07:10,000786B8A2,KE10
2021-07-31 21:07:20,00079AAA3C,KE10
2021-07-31 21:07:25,000786B8A2,KE10
2021-07-31 21:07:36,000786B8A2,KE10
2021-07-31 21:07:47,000786B8A2,KE10
2021-07-31 21:07:58,000786B8A2,KE10
2021-07-31 21:08:09,000786B8A2,KE10
2021-07-31 21:08:20,000786B8A2,KE10
2021-07-31 21:08:31,000786B8A2,KE10
2021-07-31 21:08:42,000786B8A2,KE10
2021-07-31 21:08:53,000786B8A2,KE10
2021-07-31 21:09:04,000786B8A2,KE10
2021-07-31 21:09:15,000786B8A2,KE10
2021-07-31 21:09:26,000786B8A2,KE10
2021-07-31 21:09:38,000786B8A2,KE10
2021-07-31 21:09:49,000786B8A2,KE10
2021-07-31 21:10:00,000786B8A2,KE10
2021-07-31 21:10:11,000786B8A2,KE10
2021-07-31 21:10:22,000786B8A2,KE10
2021-07-31 21:10:33,000786B8A2,KE10
2021-07-31 21:10:44,000786B8A2,KE10
2021-07-31 21:10:55,000786B8A2,KE10
2021-07-31 21:11:06,000786B8A2,KE10
2021-07-31 21:11:17,000786B8A2,KE10
2021-07-31 21:11:28,000786B8A2,KE10
2021-07-31 21:11:39,000786B8A2,KE10
2021-07-31 21:11:50,000786B8A2,KE10
2021-07-31 21:12:01,000786B8A2,KE10
2021-07-31 21:12:12,000786B8A2,KE10
2021-07-31 21:12:23,000786B8A2,KE10
2021-07-31 21:12:34,000786B8A2,KE10
2021-07-31 21:12:45,000786B8A2,KE10
2021-07-31 21:12:56,000786B8A2,KE10
2021-07-31 21:13:07,000786B8A2,KE10
2021-07-31 21:13:18,000786B8A2,KE10
2021-07-31 21:13:29,000786B8A2,KE10
2021-07-31 21:13:40,000786B8A2,KE10
2021-07-31 21:13:51,000786B8A2,KE10
2021-07-31 21:14:02,000786B8A2,KE10
2021-07-31 21:14:13,000786B8A2,KE10
2021-07-31 21:14:24,000786B8A2,KE10
2021-07-31 21:14:35,000786B8A2,KE10
2021-07-31 21:14:39,0007AC80F1,KE10
2021-07-31 21:14:46,000786B8A2,KE10
2021-07-31 21:14:52,0007ABD629,KE10
2021-07-31 21:14:57,000786B8A2,KE10
2021-07-31 21:15:08,000786B8A2,KE10
2021-07-31 21:15:19,000786B8A2,KE10
2021-07-31 21:15:30,000786B8A2,KE10
2021-07-31 21:15:41,000786B8A2,KE10
2021-07-31 21:15:46,0007AC80F1,KE10
2021-07-31 21:15:58,0007AC80F1,KE10
2021-07-31 21:16:09,0007AC80F1,KE10
2021-07-31 21:16:16,000786B8A2,KE10
2021-07-31 21:16:27,00074F7C6F,K95
2021-07-31 21:16:27,000786B8A2,KE10
2021-07-31 21:16:38,000786B8A2,KE10
2021-07-31 21:16:49,000786B8A2,KE10
2021-07-31 21:17:00,000786B8A2,KE10
2021-07-31 21:17:11,000786B8A2,KE10
2021-07-31 21:17:19,000783F429,KE10
2021-07-31 21:17:25,0006B3BF04,K95
2021-07-31 21:17:38,000783F429,KE10
2021-07-31 21:18:03,000783F429,KE10
2021-07-31 21:18:18,000783F429,KE10
2021-07-31 21:18:35,000783F429,KE10
2021-07-31 21:18:39,00074EEC1A,KE10
2021-07-31 21:18:43,0006B34FE4,KE10
2021-07-31 21:18:54,0006B34FE4,KE10
2021-07-31 21:19:24,00074EEC1A,KE10
2021-07-31 21:20:00,0006B34FE4,KE10
2021-07-31 21:20:07,0007ABD629,KE10
2021-07-31 21:20:24,0006B34FE4,KE10
2021-07-31 21:20:35,0006B34FE4,KE10
2021-07-31 21:20:42,0007ABD629,KE10
2021-07-31 21:20:43,0006E241C1,K18
2021-07-31 21:20:53,0007ABD629,KE10
2021-07-31 21:20:57,0006B34FE4,KE10
2021-07-31 21:21:09,0006B34FE4,KE10
2021-07-31 21:21:16,0007ABD629,KE10
2021-07-31 21:21:27,0007ABD629,KE10
2021-07-31 21:21:31,0007AC8787,K18
2021-07-31 21:21:38,0007ABD629,KE10
2021-07-31 21:21:49,0007ABD629,KE10
2021-07-31 21:22:01,0006B34FE4,KE10
2021-07-31 21:22:33,0007ABA539,KE10
2021-07-31 21:22:39,00074EEC1A,KE10
2021-07-31 21:23:03,0006B34FE4,KE10
2021-07-31 21:23:14,0006B34FE4,KE10
2021-07-31 21:23:17,00075CE063,KE10
2021-07-31 21:23:24,00079AAA3C,KE10
2021-07-31 21:23:27,0007AC0387,KE10
2021-07-31 21:23:30,0007ABC5F2,KE10
2021-07-31 21:23:33,0006B3AC35,K95
2021-07-31 21:23:38,0007ABDCCF,KE10
2021-07-31 21:23:42,00074EEC1A,KE10
2021-07-31 21:24:16,00079AAA3C,KE10
2021-07-31 21:24:27,00079AAA3C,KE10
2021-07-31 21:24:35,0007AC0387,KE10
2021-07-31 21:25:01,00074F663E,KE10
2021-07-31 21:26:36,0006E241C1,KE10
2021-07-31 21:26:38,000799A5EF,KE10
2021-07-31 21:27:20,0006E241C1,KE10
2021-07-31 21:28:15,000783CB2B,KE10
2021-07-31 21:28:17,0007ACAC37,KE10
2021-07-31 21:28:18,000786D14D,KE10
2021-07-31 21:28:59,0006CC24E9,KE10
2021-07-31 21:29:06,0006E24ECA,KE10
2021-07-31 21:29:42,0007ACAC37,KE10
2021-07-31 21:29:53,0007ACAC37,KE10
2021-07-31 21:30:04,0007ACAC37,KE10
2021-07-31 21:30:15,0007ACAC37,KE10
2021-07-31 21:30:26,0007ACAC37,KE10
2021-07-31 21:30:43,0006E241C1,KE10
2021-07-31 21:30:47,0007AC418B,KE10
2021-07-31 21:30:54,0006E241C1,KE10
2021-07-31 21:30:58,00075B29B2,KE10
2021-07-31 21:31:05,0006E241C1,KE10
2021-07-31 21:31:15,00075B29B2,KE10
2021-07-31 21:31:20,0006E241C1,KE10
2021-07-31 21:31:29,00075B29B2,KE10
2021-07-31 21:31:32,0006E241C1,KE10
2021-07-31 21:31:43,0006E241C1,KE10
2021-07-31 21:31:45,000783F377,KE10
2021-07-31 21:31:54,0006E241C1,KE10
2021-07-31 21:32:04,0007AC418B,KE10
2021-07-31 21:32:05,0006E241C1,KE10
2021-07-31 21:32:16,0006E241C1,KE10
2021-07-31 21:32:27,0006E241C1,KE10
2021-07-31 21:32:38,0006E241C1,KE10
2021-07-31 21:32:38,000786B8A2,KE10
2021-07-31 21:32:49,0006E241C1,KE10
2021-07-31 21:33:01,0006E241C1,KE10
2021-07-31 21:33:35,00075D076C,KE10
2021-07-31 21:33:59,0007ABC809,KE10
2021-07-31 21:34:06,0007ACAC37,KE10
2021-07-31 21:34:29,00075D879F,KE10
2021-07-31 21:34:51,00075D879F,KE10
2021-07-31 21:34:58,00075D076C,KE10
2021-07-31 21:35:05,00079A0255,KE10
2021-07-31 21:35:42,000783F429,KE10
2021-07-31 21:35:48,00071E15BF,KE10
2021-07-31 21:35:50,0007AC44BD,KE10
2021-07-31 21:35:59,000783F429,KE10
2021-07-31 21:36:13,00075B22B0,KE10
2021-07-31 21:36:24,0007AC3CC1,KE10
2021-07-31 21:36:29,00075B22B0,KE10
2021-07-31 21:36:40,0007AC80F1,KE10
2021-07-31 21:37:38,0007ABD4DC,KE10
2021-07-31 21:38:51,0007ABF44A,KE10
2021-07-31 22:36:29,0006B3BF04,KE10
2021-07-31 22:38:40,0006B3BF04,KE10
2021-07-31 23:07:11,0007ABA539,KE10
2021-07-31 23:19:13,0006E24ECA,KE10
2021-07-31 23:21:53,0007ABA539,KE10
2021-07-31 23:29:53,0006E24ECA,KE10
2021-07-31 23:34:13,00074F7C6F,KE10
2021-07-31 23:36:39,0006E241C1,KE10
2021-07-31 23:50:16,00074F7C6F,KE10
2021-07-31 23:51:30,0006E241C1,KE10
2021-07-31 23:52:06,0006B34FE4,KE10
2021-07-31 23:52:36,0006B3BF04,KE10
2021-07-31 23:57:38,000786B8A2,KE10
2021-08-01 00:00:01,0006B34FE4,KE10
2021-08-01 00:01:26,0006B3BF04,KE10
2021-08-01 00:02:02,000786B8A2,KE10
2021-08-01 00:03:05,0006B34FE4,KE10
2021-08-01 00:05:18,0006B34FE4,KE10
2021-08-01 00:05:27,0007ABDCCF,KE10
2021-08-01 00:14:06,0007ABDCCF,KE10
2021-08-01 00:15:27,0007ABF44A,KE10
2021-08-01 00:17:39,00075B29B2,KE10
2021-08-01 00:19:31,0007ABC5F2,KE10
2021-08-01 00:22:47,00074F663E,KE10
2021-08-01 00:23:49,00075B29B2,KE10
2021-08-01 00:25:16,0007ABC5F2,KE10
2021-08-01 00:28:51,00074F663E,KE10
2021-08-01 00:30:42,00075D879F,K18
2021-08-01 00:31:29,00075D879F,K18
2021-08-01 00:32:43,0007AC44BD,K18
2021-08-01 00:33:13,0007AC44BD,K18
2021-08-01 00:42:45,0007ABF44A,KE10
2021-08-01 00:45:32,0007AC44BD,KE10
2021-08-01 00:45:49,0006CC24E9,KE10
2021-08-01 00:49:03,00074EEC1A,KE10
2021-08-01 00:49:37,0006B3AC35,K18
2021-08-01 00:51:08,0006B3AC35,K18
2021-08-01 00:51:20,0006B3AC35,K18
2021-08-01 00:51:50,0006B3AC35,K18
2021-08-01 00:52:02,0006B3AC35,K18
2021-08-01 00:52:13,0006B3AC35,K18
2021-08-01 00:52:25,0006B3AC35,K18
2021-08-01 00:54:32,0007AC44BD,KE10
2021-08-01 00:55:08,00075CE063,KE10
2021-08-01 01:00:40,0006CC24E9,KE10
2021-08-01 01:03:22,00074EEC1A,KE10
2021-08-01 01:06:15,00075B29B2,KE10
2021-08-01 01:06:25,00075CE063,KE10
2021-08-01 01:08:32,000786D14D,KE10
2021-08-01 01:19:39,00074EEC1A,KE10
2021-08-01 01:19:57,00075B29B2,KE10
2021-08-01 01:23:03,00074EEC1A,KE10
2021-08-01 01:23:16,000786D14D,KE10
2021-08-01 01:25:01,000786B8A2,KE10
2021-08-01 01:26:52,00075D076C,KE10
2021-08-01 01:27:26,000799A5EF,KE10
2021-08-01 01:27:53,0007ABD629,KE10
2021-08-01 01:28:01,00074EEC1A,KE10
2021-08-01 01:29:16,0007ABD629,KE10
2021-08-01 01:30:56,000786B8A2,KE10
2021-08-01 01:31:54,00074EEC1A,KE10
2021-08-01 01:33:36,000799A5EF,KE10
2021-08-01 01:33:53,00074EEC1A,KE10
2021-08-01 01:38:32,0006B3BF04,KE10
2021-08-01 01:40:03,00075D076C,KE10
2021-08-01 01:47:28,00074F7C6F,KE10
2021-08-01 01:48:05,0006E239ED,K18
2021-08-01 01:48:10,00075D879F,K18
2021-08-01 01:48:18,00074EEC1A,KE10
2021-08-01 01:49:32,00075D879F,K18
2021-08-01 01:49:38,0006E239ED,K18
2021-08-01 01:59:22,0006B3BF04,KE10
2021-08-01 02:03:25,0007ABA539,KE10
2021-08-01 02:13:40,0007AC44BD,KE10
2021-08-01 02:16:44,0007ABA539,KE10
2021-08-01 02:17:51,0006E239ED,K18
2021-08-01 02:19:09,0006E239ED,K18
2021-08-01 02:19:20,0006E239ED,K18
2021-08-01 02:19:23,000786D14D,K18
2021-08-01 02:20:11,0007AC44BD,KE10
2021-08-01 02:20:12,0006E239ED,K18
2021-08-01 02:20:22,0007AC44BD,KE10
2021-08-01 02:20:29,000786D14D,K18
2021-08-01 02:20:57,000786D14D,K18
2021-08-01 02:21:03,0006E239ED,K18
2021-08-01 02:23:17,00071E15BF,KE10
2021-08-01 02:24:41,00074F663E,KE10
2021-08-01 02:25:29,00074F7C6F,KE10
2021-08-01 02:26:22,0006E239ED,K18
2021-08-01 02:26:28,000786D14D,K18
2021-08-01 02:26:34,0007AC44BD,K18
2021-08-01 02:26:41,00074F663E,KE10
2021-08-01 02:27:44,0007AC44BD,K18
2021-08-01 02:28:00,0006B34FE4,KE10
2021-08-01 02:29:12,000786D14D,K18
2021-08-01 02:29:16,0006E239ED,K18
2021-08-01 02:34:23,0006B34FE4,KE10
2021-08-01 02:34:43,0006B34FE4,KE10
2021-08-01 02:35:18,00071E15BF,KE10
2021-08-01 02:45:05,0006CC24E9,KE10
2021-08-01 02:46:10,000786B8A2,KE10
2021-08-01 02:50:42,0006E241C1,KE10
2021-08-01 02:54:22,0006E24ECA,KE10
2021-08-01 02:55:45,0006CC24E9,KE10
2021-08-01 02:58:01,000786B8A2,KE10
2021-08-01 03:00:01,00075CE063,KE10
2021-08-01 03:01:01,0006E24ECA,KE10
2021-08-01 03:01:57,0006E24ECA,KE10
2021-08-01 03:02:48,0006E24ECA,KE10
2021-08-01 03:03:23,0006E239ED,K18
2021-08-01 03:06:51,00074EEC1A,K18
2021-08-01 03:06:53,0007ABF44A,KE10
2021-08-01 03:07:04,0006B3AC35,K18
2021-08-01 03:07:56,0007AC80F1,K18
2021-08-01 03:08:32,0006E241C1,KE10
2021-08-01 03:08:47,00079AAA3C,KE10
2021-08-01 03:08:52,0007ABC5F2,KE10
2021-08-01 03:10:22,00074EEC1A,K18
2021-08-01 03:12:17,00074EEC1A,KE10
2021-08-01 03:12:19,00075CE063,KE10
2021-08-01 03:12:22,0007ABD629,KE10
2021-08-01 03:14:31,0006B3AC35,K18
2021-08-01 03:14:46,00075D076C,K18
2021-08-01 03:14:57,0007ABC5F2,KE10
2021-08-01 03:15:40,00074EEC1A,KE10
2021-08-01 03:18:40,00074EEC1A,KE10
2021-08-01 03:18:47,0007AC44BD,K18
2021-08-01 03:19:36,00074EEC1A,K18
2021-08-01 03:21:25,0007ABD629,KE10
2021-08-01 03:21:54,00075D076C,K18
2021-08-01 03:21:54,00079AAA3C,KE10
2021-08-01 03:21:56,00074F663E,KE10
2021-08-01 03:22:02,0006E239ED,K18
2021-08-01 03:22:38,0007ABDCCF,KE10
2021-08-01 03:23:56,00075D076C,KE10
2021-08-01 03:24:27,0006E239ED,K18
2021-08-01 03:24:39,0007AC44BD,K18
2021-08-01 03:25:23,00075B22B0,K18
2021-08-01 03:25:38,00075B22B0,K18
2021-08-01 03:25:42,00074F663E,KE10
2021-08-01 03:25:54,00075D076C,KE10
2021-08-01 03:25:55,00074F663E,KE10
2021-08-01 03:27:04,00075B29B2,KE10
2021-08-01 03:27:12,0007AC44BD,KE10
2021-08-01 03:33:23,00074EEC1A,K18
2021-08-01 03:33:35,0007ABF44A,KE10
2021-08-01 03:34:13,00074EEC1A,K18
2021-08-01 03:34:31,00074EEC1A,K18
2021-08-01 03:34:49,00074EEC1A,K18
2021-08-01 03:36:19,0007ABDCCF,KE10
2021-08-01 03:36:20,00074EEC1A,K18
2021-08-01 03:38:12,00074EEC1A,KE10
2021-08-01 03:39:20,00075B29B2,KE10
2021-08-01 03:39:57,00074EEC1A,KE10
2021-08-01 03:40:48,00074F7C6F,KE10
2021-08-01 03:44:26,0007AC44BD,KE10
2021-08-01 03:45:15,0007AC44BD,K18
2021-08-01 03:47:33,0007ABA539,KE10
2021-08-01 03:49:51,0006B3BF04,KE10
2021-08-01 03:50:45,0007AC44BD,K18
2021-08-01 03:51:43,0007AC44BD,K18
2021-08-01 03:54:00,0007AC44BD,K18
2021-08-01 03:54:39,00074EEC1A,K18
2021-08-01 03:54:44,0006CC24E9,KE10
2021-08-01 03:55:16,00074EEC1A,K18
2021-08-01 03:56:17,0007AC44BD,KE10
2021-08-01 03:57:33,0007ABF44A,KE10
2021-08-01 03:59:47,0007AC44BD,KE10
2021-08-01 04:00:49,0007ABA539,KE10
2021-08-01 04:01:25,0007AC44BD,KE10
2021-08-01 04:05:46,0006CC24E9,KE10
2021-08-01 04:13:55,0006E24ECA,KE10
2021-08-01 04:14:59,00079AAA3C,K18
2021-08-01 04:15:43,00079AAA3C,K18
2021-08-01 04:19:15,0006B3BF04,KE10
2021-08-01 04:21:17,000799A5EF,KE10
2021-08-01 04:24:23,0006E24ECA,KE10
2021-08-01 04:25:00,0006E24ECA,KE10
2021-08-01 04:25:54,0006E24ECA,KE10
2021-08-01 04:26:05,0006E24ECA,KE10
2021-08-01 04:26:12,0006B3AC35,K18
2021-08-01 04:27:05,00074F7C6F,KE10
2021-08-01 04:27:09,0006B3AC35,K18
2021-08-01 04:27:51,00079AAA3C,KE10
2021-08-01 04:31:17,00075D076C,K18
2021-08-01 04:31:18,000786B8A2,KE10
2021-08-01 04:31:35,000799A5EF,KE10
2021-08-01 04:33:17,00074F663E,K18
2021-08-01 04:33:44,00079AAA3C,KE10
2021-08-01 04:33:46,0006B3BF04,K18
2021-08-01 04:34:08,000788A24D,K18
2021-08-01 04:35:00,0006B3BF04,K18
2021-08-01 04:36:08,00074F7C6F,KE10
2021-08-01 04:36:22,0006E241C1,KE10
2021-08-01 04:38:22,00075B29B2,KE10
2021-08-01 04:38:40,0007ABD629,KE10
2021-08-01 04:38:43,0006B3AC35,K18
2021-08-01 04:39:01,00074EEC1A,K18
2021-08-01 04:40:15,000786B8A2,KE10
2021-08-01 04:41:08,0007AC418B,K18
2021-08-01 04:42:16,00075CE063,K18
2021-08-01 04:42:26,0007AC418B,K18
2021-08-01 04:42:58,0007ABA539,KE10
2021-08-01 04:43:21,00075CE063,K18
2021-08-01 04:44:40,00075CE063,K18
2021-08-01 04:45:44,00071E15BF,KE10
2021-08-01 04:47:52,0007AC44BD,K18
2021-08-01 04:48:24,0006E24C7B,K18
2021-08-01 04:49:24,0006E24C7B,K18
2021-08-01 04:50:00,00075CE063,KE10
2021-08-01 04:51:06,00075D076C,K18
2021-08-01 04:51:12,0006CC24E9,KE10
2021-08-01 04:51:37,0006B3AC35,K18
2021-08-01 04:51:46,0007ABDCCF,KE10
2021-08-01 04:51:52,0007ACAC37,K18
2021-08-01 04:52:03,00074EEC1A,K18
2021-08-01 04:52:16,000783F429,K18
2021-08-01 04:52:20,0007AC0387,K18
2021-08-01 04:52:32,00075CE063,KE10
2021-08-01 04:54:59,0007ABA539,KE10
2021-08-01 04:55:10,00071E2D31,K18
2021-08-01 04:57:41,000783CB2B,K18
2021-08-01 04:59:14,00074F663E,K18
2021-08-01 05:01:11,00075B29B2,KE10
2021-08-01 05:01:25,00075B29B2,KE10
2021-08-01 05:01:58,00074F663E,KE10
2021-08-01 05:02:07,00075B29B2,KE10
2021-08-01 05:02:17,0007AC5939,K18
2021-08-01 05:02:45,00075CE063,KE10
2021-08-01 05:03:02,0006B3BF04,KE10
2021-08-01 05:03:56,0007AC80F1,K18
2021-08-01 05:04:23,0007AC44BD,K18
2021-08-01 05:05:15,00079A0255,K18
2021-08-01 05:06:23,0006B34FE4,K18
2021-08-01 05:08:28,00074F663E,KE10
2021-08-01 05:09:03,0006E241C1,KE10
2021-08-01 05:10:11,0007ABDCCF,KE10
2021-08-01 05:10:47,0007ABD629,KE10
2021-08-01 05:11:34,0007ABD629,KE10
2021-08-01 05:11:40,0007AC44BD,K18
2021-08-01 05:12:05,0007ABD629,KE10
2021-08-01 05:12:24,0007ABD629,KE10
2021-08-01 05:13:50,000799A5EF,KE10
2021-08-01 05:14:43,0006CC24E9,KE10
2021-08-01 05:15:23,00075D076C,K18
2021-08-01 05:15:51,0006B3AC35,K18
2021-08-01 05:16:24,00074F7C6F,KE10
2021-08-01 05:19:07,0007ABC5F2,KE10
2021-08-01 05:20:52,0006E239ED,K18
2021-08-01 05:21:41,00074EEC1A,K18
2021-08-01 05:23:49,00074F7C6F,KE10
2021-08-01 05:25:04,00075B29B2,KE10
2021-08-01 05:27:30,00079A0255,K18
2021-08-01 05:29:04,00075B29B2,KE10
2021-08-01 05:29:50,0007ABDCCF,KE10
2021-08-01 05:30:14,00075B29B2,K18
2021-08-01 05:31:29,0006CC24E9,KE10
2021-08-01 05:31:49,0006E241C1,KE10
2021-08-01 05:32:48,00075B29B2,KE10
2021-08-01 05:34:49,00075B29B2,KE10
2021-08-01 05:35:00,00075B29B2,KE10
2021-08-01 05:35:11,00075B29B2,KE10
2021-08-01 05:36:25,00075B29B2,KE10
2021-08-01 05:39:01,00075B29B2,KE10
2021-08-01 05:39:12,00075B29B2,KE10
2021-08-01 05:39:26,00075B29B2,KE10
2021-08-01 05:40:15,00074F663E,KE10
2021-08-01 05:41:03,00075B29B2,K18
2021-08-01 05:42:20,00075B29B2,KE10
2021-08-01 05:44:30,00075B29B2,KE10
2021-08-01 05:44:56,00075CE063,K18
2021-08-01 05:47:13,00075CE063,KE10
2021-08-01 05:52:41,000786B8A2,KE10
2021-08-01 05:54:03,0007ABF44A,KE10
2021-08-01 06:00:21,0007ABA539,KE10
2021-08-01 06:20:14,00074F7C6F,KE10
2021-08-01 06:20:38,00074F7C6F,KE10
2021-08-01 06:21:54,00074F7C6F,KE10
2021-08-01 06:25:05,00074F7C6F,KE10
2021-08-01 07:36:20,0007ABA539,KE10
2021-08-01 08:13:36,00074F7C6F,KE10
2021-08-01 08:42:30,00074F7C6F,KE10
2021-08-01 08:44:27,00074F7C6F,KE10
2021-08-01 08:48:49,00074F7C6F,KE10
2021-08-01 12:18:33,00074F663E,KE10
2021-08-01 16:46:13,0006B3BF04,KE10
2021-08-01 17:31:23,00074F7C6F,KE10
2021-08-01 18:34:52,00074F7C6F,KE10
2021-08-01 21:19:53,0006E24ECA,K24
2021-08-01 21:20:17,0006B34FE4,K24
2021-08-01 21:24:29,0006E24C7B,K18
2021-08-01 21:26:46,0006B3AC35,K18
2021-08-01 21:26:55,0007AC80F1,K24
2021-08-01 21:27:03,00079A0255,K18
2021-08-01 21:27:16,0007ABC809,K24
2021-08-01 21:27:36,000786D14D,K24
2021-08-01 21:27:39,0007AC8787,K24
2021-08-01 21:28:00,000783CB2B,K24
2021-08-01 21:28:10,00074EEC1A,K18
2021-08-01 21:28:24,0006E239ED,K18
2021-08-01 21:28:39,0007AC0387,K18
2021-08-01 21:29:05,0007ACAC37,K24
2021-08-01 21:29:12,000783F377,K24
2021-08-01 21:29:55,0007AC418B,K18
2021-08-01 21:30:50,00079AAA3C,K24
2021-08-01 21:31:02,00075B29B2,K24
2021-08-01 21:31:17,0007AC3CC1,K24
2021-08-01 21:31:21,0007AC44BD,K18
2021-08-01 21:33:09,000788A24D,K24
2021-08-01 21:33:32,00075D076C,K18
2021-08-01 21:33:34,00075B22B0,K24
2021-08-01 21:33:40,000783F429,K24
2021-08-01 21:34:01,0007AC5939,K18
2021-08-01 21:34:57,00075D879F,K24
2021-08-01 21:39:36,00071E2D31,K24
2021-08-01 21:40:48,0007ABD4DC,K24
2021-08-01 23:04:45,0007ABDCCF,K24
2021-08-01 23:07:16,00075B29B2,K24
2021-08-01 23:09:04,00074EEC1A,K24
2021-08-01 23:15:59,0007AC44BD,K24
2021-08-01 23:17:13,00074EEC1A,K24
2021-08-01 23:17:37,0007AC44BD,K24
2021-08-01 23:38:43,0007ABD629,K24
2021-08-01 23:40:34,0006E241C1,K24
2021-08-01 23:41:49,000799A5EF,K18
2021-08-01 23:42:38,000799A5EF,K18
2021-08-01 23:42:50,000799A5EF,K24
2021-08-01 23:43:54,000799A5EF,K24
2021-08-01 23:44:10,0006E241C1,K24
2021-08-01 23:48:13,00075CE063,K24
2021-08-01 23:49:27,00075CE063,K24
2021-08-01 23:52:14,00074EEC1A,K24
2021-08-01 23:52:37,00075CE063,K24
2021-08-01 23:54:57,00075CE063,K24
2021-08-01 23:57:24,00075CE063,K24
2021-08-01 23:59:04,0006E239ED,K24
2021-08-01 23:59:32,0006B3BF04,K24
2021-08-01 23:59:51,0006B34FE4,K24
2021-08-02 00:00:48,0007ACAC37,K24
2021-08-02 00:01:20,00075B29B2,K24
2021-08-02 00:02:48,00074EEC1A,K24
2021-08-02 00:03:35,0007ACAC37,K24
2021-08-02 00:04:47,0006B3BF04,K24
2021-08-02 00:05:18,0007AC418B,K24
2021-08-02 00:05:51,0006E239ED,K24
2021-08-02 00:07:05,00075CE063,K24
2021-08-02 00:08:12,000799A5EF,K24
2021-08-02 00:09:22,0006B34FE4,K24
2021-08-02 00:15:31,000799A5EF,K24
2021-08-02 00:27:59,0007ABC5F2,K24
2021-08-02 00:29:27,0007ABC5F2,K18
2021-08-02 00:29:40,0007ABC5F2,K18
2021-08-02 00:33:10,0007ABD629,K24
2021-08-02 00:37:00,00071E15BF,K18
2021-08-02 00:37:11,00071E15BF,K18
2021-08-02 00:37:33,0007ABDCCF,K24
2021-08-02 00:37:45,00071E15BF,K18
2021-08-02 00:42:11,00079AAA3C,K24
2021-08-02 00:44:21,00071E15BF,K24
2021-08-02 00:44:48,0006B3BF04,K24
2021-08-02 00:45:05,00079AAA3C,K24
2021-08-02 00:46:42,0007AC44BD,K24
2021-08-02 00:47:38,00071E15BF,K24
2021-08-02 00:51:28,0007ABC5F2,K24
2021-08-02 00:58:12,0007ABC5F2,K24
2021-08-02 00:59:59,0007ACAC37,K24
2021-08-02 01:01:20,0007AC44BD,K24
2021-08-02 01:02:13,0007AC44BD,K24
2021-08-02 01:02:23,0006B3BF04,K24
2021-08-02 01:02:54,00071E15BF,K24
2021-08-02 01:06:07,0007AC44BD,K24
2021-08-02 01:07:13,0006B34FE4,K24
2021-08-02 01:10:43,0006E24ECA,K24
2021-08-02 01:12:38,0006B34FE4,K24
2021-08-02 01:24:00,00074EEC1A,K24
2021-08-02 01:24:35,0006CC24E9,K18
2021-08-02 01:24:51,0007ABC5F2,K24
2021-08-02 01:25:10,0006CC24E9,K18
2021-08-02 01:25:55,00074EEC1A,K24
2021-08-02 01:26:45,0006CC24E9,K24
2021-08-02 01:34:41,00075B22B0,K24
2021-08-02 01:41:27,0006CC24E9,K24
2021-08-02 01:43:21,0006CC24E9,K24
2021-08-02 01:43:22,0007AC418B,K24
2021-08-02 01:43:58,0007AC0387,K24
2021-08-02 01:48:04,00079AAA3C,K24
2021-08-02 01:50:22,000786D14D,K24
2021-08-02 01:57:46,00079AAA3C,K24
2021-08-02 01:57:57,00074EEC1A,K24
2021-08-02 02:05:20,00079AAA3C,K24
2021-08-02 02:08:05,0007AC418B,K24
2021-08-02 02:08:20,0007AC418B,K24
2021-08-02 02:09:06,00075D076C,K24
2021-08-02 02:11:26,000786D14D,K24
2021-08-02 02:12:16,00079AAA3C,K24
2021-08-02 02:16:58,00075CE063,K24
2021-08-02 02:17:19,000799A5EF,K24
2021-08-02 02:20:22,00075CE063,K24
2021-08-02 02:21:39,00075B22B0,K24
2021-08-02 02:22:42,00075B29B2,K24
2021-08-02 02:25:13,0006B34FE4,K24
2021-08-02 02:27:25,00075D076C,K24
2021-08-02 02:27:32,000799A5EF,K24
2021-08-02 02:38:46,00075B29B2,K24
2021-08-02 02:39:33,0006B34FE4,K24
2021-08-02 02:44:19,0006E239ED,K24
2021-08-02 02:54:19,0006CC24E9,K24
2021-08-02 02:58:49,00071E15BF,K24
2021-08-02 03:00:57,00074EEC1A,K24
2021-08-02 03:11:31,00079A0255,K24
2021-08-02 03:12:55,00074EEC1A,K24
2021-08-02 03:17:54,0006CC24E9,K24
2021-08-02 03:18:06,0007ABD629,K24
2021-08-02 03:21:44,00071E15BF,K24
2021-08-02 03:40:36,000783F377,K24
2021-08-02 03:42:56,00075D879F,K24
2021-08-02 03:44:47,00075B22B0,K24
2021-08-02 03:50:59,0007AC44BD,K24
2021-08-02 03:57:23,00075D076C,K24
2021-08-02 03:59:06,00074F663E,K24
2021-08-02 04:00:14,000783F377,K24
2021-08-02 04:04:00,00075D076C,K24
2021-08-02 04:05:21,0007ABDCCF,K24
2021-08-02 04:07:13,0007AC8787,K24
2021-08-02 04:08:32,0006E24ECA,K24
2021-08-02 04:14:55,00075D076C,K24
2021-08-02 04:17:34,00074F663E,K24
2021-08-02 04:19:42,000783CB2B,K24
2021-08-02 04:22:42,00075D879F,K24
2021-08-02 04:25:44,00074F663E,K24
2021-08-02 04:38:02,0006CC24E9,K24
2021-08-02 04:38:05,0006B34FE4,K24
2021-08-02 04:38:40,0006B3BF04,K24
2021-08-02 04:39:34,00075CE063,K24
2021-08-02 04:44:35,000783F377,K24
2021-08-02 04:44:46,00075D076C,K24
2021-08-02 04:45:24,000786B8A2,K24
2021-08-02 04:48:33,000788A24D,K24
2021-08-02 04:50:00,000786B8A2,K24
2021-08-02 04:52:25,00074EEC1A,K24
2021-08-02 04:56:22,000786B8A2,K24
2021-08-02 04:56:44,000799A5EF,K24
2021-08-02 04:56:46,0007AC0387,K24
2021-08-02 04:57:21,000799A5EF,K24
2021-08-02 04:59:18,000783F429,K24
2021-08-02 05:01:30,00071E15BF,K24
2021-08-02 05:01:55,000786D14D,K24
2021-08-02 05:03:05,0007ABDCCF,K24
2021-08-02 05:06:39,0007ABA539,K24
2021-08-02 05:08:15,000786B8A2,K24
2021-08-02 05:09:36,0007ABA539,K24
2021-08-02 05:15:41,0006B34FE4,K24
2021-08-02 05:17:04,0007AC8787,K24
2021-08-02 05:21:22,0006B3AC35,K18
2021-08-02 05:22:17,0006B3AC35,K18
2021-08-02 05:31:38,0006B34FE4,K24
2021-08-02 05:33:29,0006B3AC35,K18
2021-08-02 05:34:15,0007AC5939,K18
2021-08-02 05:34:20,0006B3AC35,K18
2021-08-02 05:34:35,0006B3AC35,K18
2021-08-02 05:34:40,0007AC5939,K18
2021-08-02 05:35:41,0007AC8787,K24
2021-08-02 05:36:26,0007ABF44A,K18
2021-08-02 05:39:23,000786B8A2,K24
2021-08-02 05:40:49,0007AC5939,K18
2021-08-02 20:51:52,00074F7C6F,KE10
2021-08-02 21:10:08,0006CC24E9,K24
2021-08-02 21:12:39,00075CE063,K24
2021-08-02 21:13:20,00074F663E,K24
2021-08-02 21:14:14,000786B8A2,K24
2021-08-02 21:16:01,0007ABC5F2,K24
2021-08-02 21:16:04,0006E24ECA,K24
2021-08-02 21:16:07,0006B34FE4,K24
2021-08-02 21:16:12,000799A5EF,K24
2021-08-02 21:16:16,000783CB2B,K24
2021-08-02 21:18:53,0007ABC809,K24
2021-08-02 21:20:13,0007AC44BD,K24
2021-08-02 21:20:35,00075D076C,K24
2021-08-02 21:21:17,0007AC0387,K24
2021-08-02 21:21:20,0007ABDCCF,K24
2021-08-02 21:22:10,0006B3AC35,K24
2021-08-02 21:22:14,00074EEC1A,K24
2021-08-02 21:22:27,000786D14D,K24
2021-08-02 21:22:36,0007ABD629,K24
2021-08-02 21:22:58,000783F377,K24
2021-08-02 21:23:03,0007AC8787,K24
2021-08-02 21:23:09,0007AC80F1,K24
2021-08-02 21:23:27,0006B3BF04,K24
2021-08-02 21:24:41,0007ABF44A,K24
2021-08-02 21:24:54,0006E241C1,KE10
2021-08-02 21:25:41,00071E2D31,K24
2021-08-02 21:25:56,0007AC3CC1,K24
2021-08-02 21:26:59,000788A24D,K24
2021-08-02 21:27:32,000783F429,K24
2021-08-02 21:28:21,00075B29B2,K24
2021-08-02 21:28:38,00075D879F,K24
2021-08-02 21:28:43,0006E239ED,K24
2021-08-02 21:28:48,00075B22B0,K24
2021-08-02 21:28:50,00079A0255,K24
2021-08-02 21:30:18,0007ACAC37,K24
2021-08-02 21:30:43,00079AAA3C,K24
2021-08-02 21:31:46,0007AC418B,K24
2021-08-02 21:31:49,00071E15BF,K24
2021-08-02 21:36:56,0007ABD4DC,K24
2021-08-02 21:58:59,0007ABF44A,KE10
2021-08-02 22:00:28,0007ABF44A,KE10
2021-08-02 22:57:25,0007ABA539,KE10
2021-08-02 23:00:20,0007ABF44A,KE10
2021-08-02 23:07:21,0007ABF44A,KE10
2021-08-02 23:07:33,0007ABF44A,KE10
2021-08-02 23:09:08,0007ABF44A,KE10
2021-08-02 23:09:47,0007ABA539,KE10
2021-08-02 23:10:00,0007ABF44A,KE10
2021-08-02 23:26:05,0006E241C1,K24
2021-08-02 23:28:42,0006E241C1,K24
2021-08-02 23:31:53,0007ABF44A,KE10
2021-08-02 23:34:02,0007ABF44A,KE10
2021-08-02 23:37:40,0006CC24E9,KE10
2021-08-02 23:39:04,0007ABF44A,KE10
2021-08-02 23:40:56,000786B8A2,KE10
2021-08-02 23:48:50,0007ABF44A,K24
2021-08-02 23:51:19,0006CC24E9,KE10
2021-08-02 23:52:58,000786B8A2,KE10
2021-08-02 23:53:59,00074F7C6F,KE10
2021-08-03 00:11:18,0006B3AC35,K24
2021-08-03 00:19:42,00074EEC1A,K24
2021-08-03 00:25:04,0007ABA539,KE10
2021-08-03 00:25:11,00074EEC1A,K24
2021-08-03 00:29:18,0006B3BF04,K24
2021-08-03 00:29:38,0007AC44BD,K24
2021-08-03 00:34:46,0007ABDCCF,K24
2021-08-03 00:37:19,0007AC44BD,K24
2021-08-03 00:41:07,0006B3BF04,K24
2021-08-03 00:43:09,0007ABA539,KE10
2021-08-03 01:11:44,0006B34FE4,K24
2021-08-03 01:14:45,0007ABC5F2,K24
2021-08-03 01:23:19,0006E241C1,KE10
2021-08-03 01:26:28,0007ABC5F2,K24
2021-08-03 01:27:10,0007ABC5F2,K24
2021-08-03 01:28:20,0007ABA539,KE10
2021-08-03 01:29:00,0007ABC5F2,K24
2021-08-03 01:29:02,00074EEC1A,KE10
2021-08-03 01:31:14,00074EEC1A,KE10
2021-08-03 01:44:24,0007ABD629,KE10
2021-08-03 01:46:39,0006E241C1,KE10
2021-08-03 01:49:29,0007ABD629,KE10
2021-08-03 01:49:48,0007ABA539,KE10
2021-08-03 01:50:35,00074EEC1A,K24
2021-08-03 01:50:56,0007ABA539,K24
2021-08-03 01:59:58,0006CC24E9,K24
2021-08-03 02:03:25,00075CE063,K24
2021-08-03 02:09:56,0006CC24E9,K24
2021-08-03 02:10:57,000786B8A2,K24
2021-08-03 02:11:34,0006CC24E9,KE10
2021-08-03 02:15:04,000786B8A2,K24
2021-08-03 02:15:17,0006B3AC35,K24
2021-08-03 02:17:30,0006CC24E9,KE10
2021-08-03 02:17:40,0007AC8787,K24
2021-08-03 02:18:12,0006CC24E9,K24
2021-08-03 02:18:40,00071E15BF,K24
2021-08-03 02:20:25,0006CC24E9,K24
2021-08-03 02:21:38,0006CC24E9,KE10
2021-08-03 02:24:28,000799A5EF,K24
2021-08-03 02:25:12,0006CC24E9,KE10
2021-08-03 02:25:23,0006CC24E9,KE10
2021-08-03 02:25:34,0006CC24E9,KE10
2021-08-03 02:27:10,0006CC24E9,K24
2021-08-03 02:27:25,0006CC24E9,K24
2021-08-03 02:28:39,000799A5EF,K24
2021-08-03 02:31:02,0006CC24E9,KE10
2021-08-03 02:32:12,00075B22B0,K24
2021-08-03 02:32:20,000786B8A2,KE10
2021-08-03 02:33:48,000799A5EF,K24
2021-08-03 02:34:06,0006CC24E9,KE10
2021-08-03 02:34:34,0006CC24E9,KE10
2021-08-03 02:34:45,0006CC24E9,KE10
2021-08-03 02:35:59,000786B8A2,KE10
2021-08-03 02:36:55,000786B8A2,KE10
2021-08-03 02:37:30,0006CC24E9,KE10
2021-08-03 02:37:55,0006CC24E9,KE10
2021-08-03 02:38:30,000786B8A2,KE10
2021-08-03 02:39:53,0006B3BF04,KE10
2021-08-03 02:40:11,0006B3BF04,KE10
2021-08-03 02:41:02,000783CB2B,K24
2021-08-03 02:41:07,00074F663E,K24
2021-08-03 02:41:17,000799A5EF,K24
2021-08-03 02:41:22,0006B3BF04,K24
2021-08-03 02:41:29,000786B8A2,K24
2021-08-03 02:42:35,0006E24ECA,K24
2021-08-03 02:42:51,0007ABD629,K24
2021-08-03 02:43:03,0007ABD629,K24
2021-08-03 02:46:28,000783F377,K24
2021-08-03 02:47:25,0007AC0387,K24
2021-08-03 02:50:18,0007ABF44A,K24
2021-08-03 02:50:41,0007AC8787,K24
2021-08-03 02:52:10,0006E241C1,K24
2021-08-03 02:54:10,0006CC24E9,K24
2021-08-03 02:56:22,000786B8A2,K24
2021-08-03 02:56:37,0006E239ED,K24
2021-08-03 03:00:07,00075B22B0,K24
2021-08-03 03:00:37,0006CC24E9,K24
2021-08-03 03:02:24,0006CC24E9,K24
2021-08-03 03:07:00,0007AC8787,K24
2021-08-03 03:08:14,0006CC24E9,K24
2021-08-03 03:08:56,0006CC24E9,K24
2021-08-03 03:13:02,00075B29B2,K24
2021-08-03 03:15:39,000783F377,K24
2021-08-03 03:17:18,0006CC24E9,K24
2021-08-03 03:23:06,0006B3BF04,K24
2021-08-03 03:23:40,0007ABC5F2,K24
2021-08-03 03:24:02,0007ABC5F2,K24
2021-08-03 03:26:28,0007ABC5F2,K24
2021-08-03 03:40:17,00075B22B0,K24
2021-08-03 03:42:15,0006B34FE4,K24
2021-08-03 03:49:40,00075D076C,K24
2021-08-03 03:53:27,00074EEC1A,K24
2021-08-03 03:55:18,0007AC8787,K24
2021-08-03 04:23:52,0007AC44BD,K24
2021-08-03 04:30:16,0006B3BF04,K24
2021-08-03 04:33:04,0006B3AC35,K24
2021-08-03 04:36:33,00075B29B2,K24
2021-08-03 04:43:10,0007AC8787,K24
2021-08-03 04:46:50,0006B34FE4,K24
2021-08-03 04:48:27,00075B22B0,K24
2021-08-03 05:17:26,00071E15BF,K24
2021-08-03 05:19:19,0006CC24E9,K24
2021-08-03 05:22:23,0007AC8787,K24
2021-08-03 05:26:08,0007ABC5F2,K24
2021-08-03 05:27:26,0007ABD4DC,K24
2021-08-03 05:32:14,000783F429,K24
2021-08-03 05:33:05,000783CB2B,K24
2021-08-03 05:37:30,000783F377,K24
2021-08-03 05:39:58,000788A24D,K24
2021-08-03 05:44:41,000786B8A2,K24
2021-08-03 21:09:34,0006E24ECA,K24
2021-08-03 21:14:44,000786D14D,K24
2021-08-03 21:15:22,0006B3BF04,K24
2021-08-03 21:15:25,0006B34FE4,K24
2021-08-03 21:17:13,0007ABC5F2,K24
2021-08-03 21:18:11,0006CC24E9,K24
2021-08-03 21:18:16,00075D076C,K24
2021-08-03 21:18:31,00071E2D31,K21
2021-08-03 21:18:40,0007ABF44A,K24
2021-08-03 21:18:49,0007ABC809,K21
2021-08-03 21:19:10,000786B8A2,K24
2021-08-03 21:19:18,000783F429,K21
2021-08-03 21:20:57,0007AC0387,K24
2021-08-03 21:20:59,00075CE063,K24
2021-08-03 21:21:00,0007AC418B,K21
2021-08-03 21:21:03,000799A5EF,K21
2021-08-03 21:21:20,0007AC80F1,K24
2021-08-03 21:22:52,0007ACAC37,K24
2021-08-03 21:23:22,000783CB2B,K21
2021-08-03 21:24:00,0007AC8787,K21
2021-08-03 21:24:14,00074F663E,K24
2021-08-03 21:24:21,0007ABD629,K24
2021-08-03 21:24:53,00079AAA3C,K24
2021-08-03 21:24:55,0007AC5939,K21
2021-08-03 21:24:56,0007AC3CC1,K24
2021-08-03 21:25:23,0007ABA539,K24
2021-08-03 21:25:52,000788A24D,K21
2021-08-03 21:26:12,0007AC44BD,K24
2021-08-03 21:26:19,00075B22B0,K24
2021-08-03 21:26:22,0007ABDCCF,K24
2021-08-03 21:26:29,0006E24C7B,K76
2021-08-03 21:26:36,0006E241C1,K24
2021-08-03 21:26:37,0006E239ED,K24
2021-08-03 21:28:10,00075D879F,K21
2021-08-03 21:28:46,00075B29B2,K24
2021-08-03 21:29:24,0006B3AC35,K24
2021-08-03 21:30:01,00074EEC1A,K24
2021-08-03 21:32:10,000783F377,K24
2021-08-03 21:34:22,00071E15BF,K24
2021-08-03 21:37:53,0007ABD4DC,K24
2021-08-03 21:45:51,000799A5EF,K24
2021-08-03 21:56:56,000799A5EF,K24
2021-08-03 22:19:08,00074F7C6F,K24
2021-08-03 23:26:43,0006CC24E9,K24
2021-08-04 00:13:14,0006CC24E9,K24
2021-08-04 00:25:41,0006B3AC35,K24
2021-08-04 00:39:45,00074EEC1A,K24
2021-08-04 00:40:24,000799A5EF,K21
2021-08-04 00:42:54,000799A5EF,K21
2021-08-04 00:44:04,0007AC8787,K21
2021-08-04 00:44:34,000799A5EF,K21
2021-08-04 00:45:21,0007AC8787,K21
2021-08-04 00:45:22,000799A5EF,K21
2021-08-04 00:58:40,0006B3AC35,K24
2021-08-04 01:06:48,0007ABC5F2,K24
2021-08-04 01:10:53,00074EEC1A,K24
2021-08-04 01:22:18,00075CE063,K24
2021-08-04 01:26:49,0007ABA539,K24
2021-08-04 01:27:38,00075CE063,K24
2021-08-04 01:31:37,00075D076C,K24
2021-08-04 01:32:57,000786B8A2,K24
2021-08-04 01:34:03,00079AAA3C,K24
2021-08-04 01:37:54,0007AC44BD,K24
2021-08-04 01:50:48,0007AC44BD,K24
2021-08-04 01:56:38,0006E241C1,K24
2021-08-04 01:58:59,00074F663E,K24
2021-08-04 01:59:32,000799A5EF,K21
2021-08-04 02:00:11,000799A5EF,K21
2021-08-04 02:00:22,000799A5EF,K21
2021-08-04 02:08:28,00071E2D31,K24
2021-08-04 02:13:08,0007ABF44A,K24
2021-08-04 02:13:43,0006E241C1,K24
2021-08-04 02:14:38,00075D076C,K21
2021-08-04 02:14:51,00075D076C,K21
2021-08-04 02:16:03,0006CC24E9,K24
2021-08-04 02:19:51,0006B34FE4,K24
2021-08-04 02:21:25,00075B29B2,K24
2021-08-04 02:23:38,000783CB2B,K24
2021-08-04 02:24:25,00074EEC1A,K24
2021-08-04 02:30:59,00071E2D31,K24
2021-08-04 02:32:11,00074EEC1A,K24
2021-08-04 02:47:36,0006E24ECA,K24
2021-08-04 02:48:45,0007ABF44A,K24
2021-08-04 02:49:25,0006E241C1,K24
2021-08-04 02:54:10,0006E239ED,K24
2021-08-04 02:59:05,000786D14D,K24
2021-08-04 03:04:23,0006CC24E9,K24
2021-08-04 03:04:47,0007ABDCCF,K24
2021-08-04 03:08:13,0007ABA539,K24
2021-08-04 03:21:56,00071E2D31,K24
2021-08-04 03:30:54,000783CB2B,K24
2021-08-04 03:37:58,0006B34FE4,K24
2021-08-04 04:20:41,0007ABC5F2,K24
2021-08-04 04:34:12,000786B8A2,K24
2021-08-04 04:36:44,0007AC44BD,K24
2021-08-04 04:42:03,0006CC24E9,K24
2021-08-04 04:43:33,0006E241C1,K24
2021-08-04 04:45:44,000788A24D,K21
2021-08-04 04:46:11,000788A24D,K21
2021-08-04 04:52:20,000786B8A2,K24
2021-08-04 05:06:02,0006E24C7B,K76
2021-08-04 05:13:32,000783F377,K24
2021-08-04 05:28:48,00071E2D31,K21
2021-08-04 05:32:46,000783CB2B,K24
2021-08-04 05:32:55,0007ABC809,K21
2021-08-04 05:32:59,00071E15BF,K24
2021-08-04 05:33:21,00071E2D31,K21
2021-08-04 05:34:55,000788A24D,K21
2021-08-04 05:35:28,000788A24D,K21
2021-08-04 05:37:31,00075CE063,K24
2021-08-04 05:44:48,0006E24ECA,K24
2021-08-04 05:45:02,0006B34FE4,K24
2021-08-04 05:49:03,0007ABF44A,K24
2021-08-04 05:49:35,0006E241C1,K24
2021-08-04 05:50:44,000786B8A2,K24
2021-08-04 05:53:42,0007ABA539,K24
2021-08-04 08:43:14,00074F7C6F,K24
2021-08-04 08:43:25,00074F7C6F,K24
2021-08-04 16:41:19,00074F7C6F,K24
2021-08-04 17:04:17,0007ABD4DC,K29
2021-08-04 20:49:45,00074F7C6F,K24
2021-08-04 21:08:11,000799A5EF,K29
2021-08-04 21:08:53,0007AC0387,K29
2021-08-04 21:10:05,00075CE063,K24
2021-08-04 21:10:23,00074F7C6F,K24
2021-08-04 21:10:50,00074F7C6F,K24
2021-08-04 21:11:44,000788A24D,K29
2021-08-04 21:12:04,00079AAA3C,K29
2021-08-04 21:13:41,00075D879F,K29
2021-08-04 21:14:54,0007ABC809,K29
2021-08-04 21:15:03,00074F7C6F,K24
2021-08-04 21:15:11,0007AC3CC1,K29
2021-08-04 21:15:32,00074F7C6F,K24
2021-08-04 21:17:20,0006B3AC35,K29
2021-08-04 21:18:35,00074F7C6F,K24
2021-08-04 21:18:56,0006B3BF04,K29
2021-08-04 21:19:07,0007ABD629,K24
2021-08-04 21:19:16,0006E24ECA,K24
2021-08-04 21:19:36,0007ABD629,K24
2021-08-04 21:19:38,000783F429,K29
2021-08-04 21:20:03,0007AC8787,K29
2021-08-04 21:20:03,0006CC24E9,K24
2021-08-04 21:20:54,00075B22B0,K29
2021-08-04 21:22:00,00079A0255,K29
2021-08-04 21:22:09,0006E241C1,K24
2021-08-04 21:22:10,0007ABC5F2,K24
2021-08-04 21:22:13,00074F663E,K24
2021-08-04 21:22:17,000786B8A2,K24
2021-08-04 21:22:57,0007ABD4DC,K29
2021-08-04 21:23:12,00074EEC1A,K24
2021-08-04 21:23:37,0007AC5939,K29
2021-08-04 21:26:26,000783F377,K24
2021-08-04 21:26:41,000786D14D,K24
2021-08-04 21:28:05,0007ABDCCF,K24
2021-08-04 21:32:59,0006B34FE4,K24
2021-08-04 21:33:06,0007ABA539,K24
2021-08-04 21:33:14,0007ABF44A,K24
2021-08-04 21:33:24,0007AC44BD,K24
2021-08-04 21:33:36,000786D14D,K24
2021-08-04 21:33:47,00071E15BF,K24
2021-08-04 21:34:23,00075D076C,K24
2021-08-04 21:34:59,0006E239ED,K24
2021-08-04 21:38:12,00075B29B2,K24
2021-08-04 21:39:07,000783CB2B,K24
2021-08-04 21:45:38,0007AC418B,K24
2021-08-04 23:44:25,0007ABA539,K24
2021-08-04 23:44:54,0007ABA539,K24
2021-08-05 00:00:55,000799A5EF,K29
2021-08-05 00:06:21,000799A5EF,K29
2021-08-05 00:31:42,00075CE063,K24
2021-08-05 00:31:44,0006E239ED,K24
2021-08-05 00:42:03,0006B3AC35,K29
2021-08-05 01:08:54,0006E241C1,K24
2021-08-05 01:09:14,0006E241C1,K24
2021-08-05 01:18:39,0006E241C1,K24
2021-08-05 01:59:14,0007ABDCCF,K24
2021-08-05 01:59:53,0007ABD629,K24
2021-08-05 02:05:12,000783F377,K24
2021-08-05 02:12:31,0007ABDCCF,K24
2021-08-05 02:30:20,000783F377,K24
2021-08-05 02:31:27,00075B29B2,K29
2021-08-05 02:32:51,000783F377,K29
2021-08-05 02:36:16,00075CE063,K29
2021-08-05 02:43:16,000799A5EF,K29
2021-08-05 02:44:31,0007ABF44A,K24
2021-08-05 02:46:04,000799A5EF,K29
2021-08-05 02:47:58,0007ABF44A,K24
2021-08-05 02:52:46,00075CE063,K29
2021-08-05 03:03:22,0006B3AC35,K29
2021-08-05 03:22:55,0007ABD629,K24
2021-08-05 03:23:06,0007ABD629,K24
2021-08-05 03:37:16,000786D14D,K24
2021-08-05 03:52:19,0007ABD629,K24
2021-08-05 03:55:38,0007ABD629,K24
2021-08-05 04:11:29,0007AC44BD,K24
2021-08-05 04:42:36,000783F377,K24
2021-08-05 04:43:50,000783F377,K24
2021-08-05 05:12:47,0007AC44BD,K24
2021-08-05 05:32:20,00075CE063,K29
2021-08-05 05:32:32,00075CE063,K29
2021-08-05 21:04:10,00074F663E,K21
2021-08-05 21:09:53,0006B34FE4,K21
2021-08-05 21:10:09,0006E24ECA,K21
2021-08-05 21:10:48,00075B22B0,K21
2021-08-05 21:10:59,00075CE063,K21
2021-08-05 21:11:33,00075D879F,K21
2021-08-05 21:13:56,0006E24C7B,K21
2021-08-05 21:13:59,0007AC8787,K21
2021-08-05 21:14:48,0007AC0387,K29
2021-08-05 21:15:00,000783F377,K21
2021-08-05 21:15:17,0006B3BF04,K21
2021-08-05 21:16:13,0007ABDCCF,K21
2021-08-05 21:16:21,000786B8A2,K21
2021-08-05 21:16:24,000783CB2B,K21
2021-08-05 21:16:31,0006CC24E9,K21
2021-08-05 21:16:36,0007ABC809,K21
2021-08-05 21:17:01,0007ACAC37,K21
2021-08-05 21:17:05,0007AC3CC1,K21
2021-08-05 21:18:42,0007ABF44A,K21
2021-08-05 21:18:50,0007AC44BD,K21
2021-08-05 21:18:51,0006E241C1,K21
2021-08-05 21:20:10,00079A0255,K21
2021-08-05 21:20:15,0006B3AC35,K21
2021-08-05 21:20:16,000799A5EF,K21
2021-08-05 21:21:46,0007ABA539,K21
2021-08-05 21:22:29,0007AC80F1,K21
2021-08-05 21:26:31,000788A24D,K21
2021-08-05 21:26:54,000786D14D,K21
2021-08-05 21:27:39,00071E2D31,K21
2021-08-05 21:28:03,0007AC418B,K21
2021-08-05 21:28:30,0007AC5939,K21
2021-08-05 21:29:32,000783F429,K21
2021-08-05 21:30:22,0007ABD4DC,K21
2021-08-05 21:30:51,00075D076C,K21
2021-08-05 21:33:03,00075B29B2,K21
2021-08-05 21:33:14,00071E15BF,K21
2021-08-05 22:44:31,0007ABA539,K21
2021-08-05 23:14:18,0007ABA539,K21
2021-08-05 23:26:10,0007AC8787,K21
2021-08-05 23:47:51,0007ABC5F2,K21
2021-08-05 23:51:27,0006CC24E9,K21
2021-08-06 00:00:20,0007ABC809,K21
2021-08-06 00:03:55,0007AC44BD,K21
2021-08-06 00:39:21,00074EEC1A,K21
2021-08-06 00:40:34,000783F377,K21
2021-08-06 00:41:44,0007AC44BD,K21
2021-08-06 00:59:16,0007ABD629,K21
2021-08-06 00:59:54,0007ABF44A,K21
2021-08-06 01:38:51,0006CC24E9,K21
2021-08-06 02:03:49,0007ABF44A,K21
2021-08-06 02:07:48,0007ABA539,K21
2021-08-06 02:26:41,00075CE063,K21
2021-08-06 02:28:45,00079AAA3C,K21
2021-08-06 02:30:38,00074EEC1A,K21
2021-08-06 02:31:08,0007ABDCCF,K21
2021-08-06 02:35:18,0006B3AC35,K21
2021-08-06 02:35:34,0006B3AC35,K21
2021-08-06 02:41:52,000783F377,K21
2021-08-06 02:57:06,00075B22B0,K21
2021-08-06 03:01:41,000783F377,K21
2021-08-06 03:07:28,0006B3BF04,K21
2021-08-06 03:08:30,0006E239ED,K21
2021-08-06 03:08:40,0006B3BF04,K21
2021-08-06 03:09:44,0006B3BF04,K21
2021-08-06 03:21:44,0006B3BF04,K21
2021-08-06 03:32:00,0006CC24E9,K21
2021-08-06 03:35:36,0006E241C1,K21
2021-08-06 03:44:14,0006E239ED,K21
2021-08-06 03:47:29,0007AC44BD,K21
2021-08-06 03:50:58,0006B3AC35,K21
2021-08-06 03:51:09,0006B3AC35,K21
2021-08-06 03:51:38,0007ABD629,K21
2021-08-06 04:01:42,00074EEC1A,K21
2021-08-06 04:09:16,0006E241C1,K21
2021-08-06 04:17:30,00074EEC1A,K21
2021-08-06 04:48:38,00071E15BF,K21
2021-08-06 05:05:22,0006B3BF04,K21
2021-08-06 05:07:30,00074EEC1A,K21
2021-08-06 05:07:46,00074EEC1A,K21
2021-08-06 05:12:15,000799A5EF,K21
2021-08-06 05:12:33,000799A5EF,K21
2021-08-06 05:35:31,0006B3AC35,K21
2021-08-06 05:41:42,0006E239ED,K21
2021-08-06 05:50:47,0006E241C1,K21
2021-08-06 20:03:06,0006B3BF04,K18
2021-08-06 21:01:53,0006B34FE4,K18
2021-08-06 21:03:11,00075CE063,K18
2021-08-06 21:03:14,0007ABDCCF,K18
2021-08-06 21:03:46,0007ABC5F2,K18
2021-08-06 21:04:03,0007AC418B,K18
2021-08-06 21:07:05,000799A5EF,K18
2021-08-06 21:09:04,0006E241C1,K18
2021-08-06 21:09:15,0006E241C1,K18
2021-08-06 21:09:57,0007ABD629,K18
2021-08-06 21:11:00,0007ABA539,K18
2021-08-06 21:11:29,0007ACAC37,K18
2021-08-06 21:12:41,0006CC24E9,K18
2021-08-06 21:12:53,000786D14D,K18
2021-08-06 21:13:05,000783CB2B,K18
2021-08-06 21:13:18,0006E239ED,K18
2021-08-06 21:13:28,0006B3BF04,K18
2021-08-06 21:13:59,0007ABC809,K18
2021-08-06 21:14:04,00079A0255,K18
2021-08-06 21:14:09,00075D879F,K18
2021-08-06 21:15:50,00079AAA3C,K18
2021-08-06 21:16:05,00075B22B0,K18
2021-08-06 21:17:07,0007ABF44A,K18
2021-08-06 21:17:28,0006B3AC35,K18
2021-08-06 21:17:39,0007AC8787,K18
2021-08-06 21:18:57,00071E15BF,K18
2021-08-06 21:19:18,00071E2D31,K18
2021-08-06 21:19:23,0007AC44BD,K18
2021-08-06 21:19:39,0007AC8BE4,K18
2021-08-06 21:19:45,0007ACA16E,K18
2021-08-06 21:19:55,0007AC8666,K18
2021-08-06 21:20:16,0007ACA816,K18
2021-08-06 21:21:52,00074EEC1A,K18
2021-08-06 21:22:23,0007AC9A80,K18
2021-08-06 21:22:46,000783A42D,K18
2021-08-06 21:22:58,000783F377,K18
2021-08-06 21:23:12,000783B3E8,K18
2021-08-06 21:24:25,0007ABD4DC,K18
2021-08-06 21:24:29,0007AC5939,K18
2021-08-06 21:24:37,0007AC0734,K18
2021-08-06 21:24:51,0007AC8106,K18
2021-08-06 21:25:01,0007AC494F,K18
2021-08-06 21:27:08,0007AC0145,K18
2021-08-06 21:34:43,0007AC34C9,K18
2021-08-07 00:57:57,0007ABF44A,K18
2021-08-07 00:58:08,0007AC0734,K18
2021-08-07 00:58:26,0007AC44BD,K18
2021-08-07 00:59:07,0006B34FE4,K18
2021-08-07 01:04:40,0007AC44BD,K18
2021-08-07 01:04:41,0007AC0734,K18
2021-08-07 01:06:19,0006B34FE4,K18
2021-08-07 01:11:47,0006CC24E9,K18
2021-08-07 01:15:05,0007AC0734,K18
2021-08-07 01:20:18,0007ABD629,K18
2021-08-07 01:20:26,0007AC0734,K18
2021-08-07 03:32:43,0006B34FE4,K18
2021-08-07 03:39:15,0006B34FE4,K18
2021-08-07 12:43:30,00074F7C6F,K13
2021-08-07 12:43:53,00074F7C6F,K13
2021-08-07 13:09:19,00074F7C6F,K13
2021-08-07 13:09:30,00074F7C6F,K13
2021-08-07 13:09:41,00074F7C6F,K13
2021-08-07 13:09:52,00074F7C6F,K13
2021-08-07 13:10:03,00074F7C6F,K13
2021-08-07 13:10:14,00074F7C6F,K13
2021-08-07 13:10:25,00074F7C6F,K13
2021-08-07 13:10:36,00074F7C6F,K13
2021-08-07 13:10:47,00074F7C6F,K13
2021-08-07 18:21:34,0006B3AC35,K21
2021-08-07 20:52:12,000786B8A2,K21
2021-08-07 20:52:25,000786B8A2,K21
2021-08-07 20:58:47,0006E241C1,K21
2021-08-07 21:03:25,00074F663E,K21
2021-08-07 21:03:58,0007AC8787,K21
2021-08-07 21:07:02,0006E24ECA,K21
2021-08-07 21:08:03,0007ABA539,K21
2021-08-07 21:08:19,0007ACAC37,K21
2021-08-07 21:08:37,000799A5EF,K21
2021-08-07 21:08:41,0006E24C7B,K21
2021-08-07 21:08:44,0006B3AC35,K21
2021-08-07 21:08:55,0007ACA816,K21
2021-08-07 21:09:04,0007AC0734,K21
2021-08-07 21:11:08,0006B34FE4,K21
2021-08-07 21:11:13,0007ACA16E,K21
2021-08-07 21:11:26,00075CE063,K21
2021-08-07 21:11:37,0006E239ED,K21
2021-08-07 21:11:53,000783B3E8,K21
2021-08-07 21:12:00,00079A0255,K21
2021-08-07 21:12:54,0007ABC809,K21
2021-08-07 21:12:57,0007AC44BD,K21
2021-08-07 21:13:11,000783F377,K21
2021-08-07 21:13:16,00075B22B0,K21
2021-08-07 21:16:58,0007AC418B,K21
2021-08-07 21:17:03,00075D076C,K21
2021-08-07 21:17:11,0007ABC5F2,K21
2021-08-07 21:17:36,00075B29B2,K21
2021-08-07 21:19:56,0007ABD4DC,K21
2021-08-07 21:20:09,0007AC8BE4,K21
2021-08-07 21:21:40,0007ABDCCF,K21
2021-08-07 21:22:32,0007AC80F1,K21
2021-08-07 21:22:42,00071E2D31,K21
2021-08-07 21:22:48,000783F429,K94
2021-08-07 21:23:04,0007AC5939,K21
2021-08-07 21:23:08,00074EEC1A,K21
2021-08-07 21:23:22,000786D14D,K94
2021-08-07 21:23:47,00071E15BF,K21
2021-08-07 21:24:10,000788A24D,K94
2021-08-07 21:24:56,0006B3BF04,K94
2021-08-07 21:25:48,0007AC494F,K21
2021-08-07 21:26:54,0007AC8666,K94
2021-08-07 21:27:12,000783A42D,K94
2021-08-07 21:27:25,00075D879F,K94
2021-08-07 21:27:31,0007AC0145,K21
2021-08-07 21:27:43,0007AC3CC1,K94
2021-08-07 21:29:22,0007AC34C9,K21
2021-08-07 21:29:25,0007ABD629,K94
2021-08-07 21:31:36,0007ABF44A,K94
2021-08-07 21:32:06,00079AAA3C,K94
2021-08-07 21:32:48,0007CDD849,K21
2021-08-07 21:35:50,0007AC0387,K94
2021-08-07 21:37:56,0007AC8106,K94
2021-08-07 21:42:57,0007AC9A80,K94
2021-08-07 22:09:05,0006CC24E9,K21
2021-08-07 22:10:02,0007ABC5F2,K13
2021-08-07 22:12:55,0006CC24E9,K21
2021-08-07 22:13:06,0006CC24E9,K21
2021-08-07 22:13:17,0006CC24E9,K21
2021-08-07 22:13:28,0006CC24E9,K21
2021-08-07 22:13:39,0006CC24E9,K21
2021-08-07 22:13:50,0006CC24E9,K21
2021-08-07 22:14:41,0006CC24E9,K94
2021-08-07 22:33:21,0006CC24E9,K94
2021-08-07 22:38:42,0007ABF44A,K94
2021-08-07 22:39:35,0007ABF44A,K21
2021-08-07 22:41:35,0007CDD849,K94
2021-08-07 22:42:17,0007CDD849,K94
2021-08-07 22:42:55,0007CDD849,K21
2021-08-07 22:58:13,0007ABC5F2,K94
2021-08-07 23:00:46,0007AC44BD,K21
2021-08-07 23:04:53,0007AC0145,K21
2021-08-07 23:21:24,0007AC9A80,K21
2021-08-07 23:28:53,0007AC44BD,K21
2021-08-07 23:41:57,0007ABF44A,K21
2021-08-07 23:48:14,0006CC24E9,K94
2021-08-07 23:48:35,00074F663E,K21
2021-08-07 23:48:46,00074F663E,K21
2021-08-07 23:53:00,0007ABF44A,K21
2021-08-07 23:54:39,0007AC0734,K21
2021-08-07 23:55:26,00074F663E,K21
2021-08-07 23:56:24,0007ABA539,K21
2021-08-07 23:59:50,0007AC8787,K13
2021-08-08 00:00:09,00075B22B0,K13
2021-08-08 00:00:17,0007AC418B,K13
2021-08-08 00:00:21,0006B34FE4,K13
2021-08-08 00:00:23,0007AC8787,K13
2021-08-08 00:10:01,00075D076C,K21
2021-08-08 00:10:54,00075D076C,K94
2021-08-08 00:16:09,0007ABA539,K21
2021-08-08 00:16:30,0007ABD629,K94
2021-08-08 00:18:29,0007ACA16E,K94
2021-08-08 00:20:14,0007AC34C9,K94
2021-08-08 00:20:45,0007AC34C9,K94
2021-08-08 00:20:56,0007AC34C9,K21
2021-08-08 00:28:55,0007AC494F,K21
2021-08-08 00:30:31,000786B8A2,K21
2021-08-08 00:37:31,0007ABF44A,K21
2021-08-08 00:40:56,0007ABF44A,K21
2021-08-08 00:41:07,0007ABF44A,K21
2021-08-08 00:41:13,0007AC9A80,K21
2021-08-08 00:41:24,000786B8A2,K21
2021-08-08 00:42:59,0007ABDCCF,K21
2021-08-08 00:45:20,0007ACA16E,K94
2021-08-08 00:45:35,0007ACA16E,K21
2021-08-08 00:47:48,0006B34FE4,K21
2021-08-08 00:47:59,0006B34FE4,K21
2021-08-08 00:49:12,0007ABA539,K21
2021-08-08 00:57:34,0007AC8106,K13
2021-08-08 00:57:50,0007AC8106,K13
2021-08-08 00:58:23,0007ABDCCF,K21
2021-08-08 00:59:43,0007ABA539,K21
2021-08-08 01:05:18,0007ABA539,K21
2021-08-08 01:08:05,0007ABA539,K21
2021-08-08 01:08:07,0007CDD849,K21
2021-08-08 01:10:03,0007AC8106,K13
2021-08-08 01:11:09,0007AC8106,K13
2021-08-08 01:31:52,0007ACAC37,K21
2021-08-08 01:32:15,0007ACAC37,K21
2021-08-08 01:34:16,0006B34FE4,K21
2021-08-08 01:35:26,0007AC0387,K21
2021-08-08 01:35:46,0006B34FE4,K21
2021-08-08 01:35:51,0006E24ECA,K21
2021-08-08 01:36:42,0006B34FE4,K21
2021-08-08 01:37:01,0007AC0387,K94
2021-08-08 01:37:52,00075D076C,K21
2021-08-08 01:39:08,0006B34FE4,K21
2021-08-08 01:52:24,0006E24ECA,K21
2021-08-08 02:19:59,0007AC44BD,K21
2021-08-08 02:23:21,0007AC44BD,K21
2021-08-08 02:23:38,0007AC44BD,K21
2021-08-08 02:23:48,0007AC0734,K21
2021-08-08 02:23:59,0007AC0734,K21
2021-08-08 02:24:10,0007AC0734,K21
2021-08-08 02:26:30,0007AC44BD,K21
2021-08-08 02:29:06,0007AC44BD,K21
2021-08-08 02:29:08,0007AC0734,K21
2021-08-08 02:29:21,0007AC0734,K21
2021-08-08 02:29:31,0007AC44BD,K21
2021-08-08 02:29:32,0007AC0734,K21
2021-08-08 02:30:33,0007AC44BD,K21
2021-08-08 02:33:14,0007AC44BD,K21
2021-08-08 02:33:18,0007AC0734,K21
2021-08-08 02:33:49,0007AC44BD,K21
2021-08-08 02:34:02,0007AC44BD,K21
2021-08-08 02:35:22,0007ACA816,K21
2021-08-08 02:36:32,0007ACA816,K21
2021-08-08 03:02:58,0006E239ED,K21
2021-08-08 03:23:20,0006E239ED,K21
2021-08-08 03:26:39,0007ABDCCF,K21
2021-08-08 03:29:30,0006E24ECA,K21
2021-08-08 03:57:46,000786D14D,K21
2021-08-08 03:58:43,0006E239ED,K21
2021-08-08 04:00:13,000786D14D,K21
2021-08-08 04:01:33,0006E239ED,K21
2021-08-08 04:01:34,0007ACA16E,K21
2021-08-08 04:01:45,0007ACA16E,K21
2021-08-08 04:01:56,0007ACA16E,K21
2021-08-08 04:02:02,0006E239ED,K21
2021-08-08 04:02:14,0006E239ED,K21
2021-08-08 04:02:21,0007ACA16E,K21
2021-08-08 04:02:55,000786D14D,K21
2021-08-08 04:08:03,0006E239ED,K21
2021-08-08 04:09:34,0006E239ED,K21
2021-08-08 04:09:42,0007ACA16E,K21
2021-08-08 20:51:54,0007ABA539,K42
2021-08-08 20:53:14,0007AC8106,K42
2021-08-08 20:53:26,0007AC8106,K42
2021-08-08 20:58:21,000783A42D,K42
2021-08-08 20:59:03,0007ABDCCF,K42
2021-08-08 20:59:33,0006E239ED,K42
2021-08-08 20:59:39,0006B34FE4,K42
2021-08-08 21:00:45,00075CE063,K42
2021-08-08 21:00:57,000786D14D,K42
2021-08-08 21:01:06,00079AAA3C,K42
2021-08-08 21:04:33,000799A5EF,K42
2021-08-08 21:05:25,0007ACA16E,K42
2021-08-08 21:05:28,0006B3BF04,K42
2021-08-08 21:05:39,0007AC80F1,K42
2021-08-08 21:05:49,0007AC44BD,K42
2021-08-08 21:07:08,0006E24ECA,K42
2021-08-08 21:07:13,0006CC24E9,K42
2021-08-08 21:07:26,0007AC8666,K42
2021-08-08 21:08:35,0007ABC5F2,K42
2021-08-08 21:08:40,000783F429,K42
2021-08-08 21:08:42,0006E241C1,K42
2021-08-08 21:10:29,0007ACAC37,K42
2021-08-08 21:10:42,0007AC8787,K42
2021-08-08 21:11:54,0007AC0387,K42
2021-08-08 21:12:09,0006B3AC35,K42
2021-08-08 21:13:30,00075B29B2,K80
2021-08-08 21:14:51,00075D879F,K42
2021-08-08 21:16:27,00075B22B0,K42
2021-08-08 21:17:08,0007ABD4DC,K42
2021-08-08 21:17:16,0007ACA816,K42
2021-08-08 21:17:38,00071E15BF,K42
2021-08-08 21:18:24,000788A24D,K80
2021-08-08 21:19:00,000783CB2B,K42
2021-08-08 21:19:21,000783F377,K80
2021-08-08 21:19:33,0007AC418B,K80
2021-08-08 21:19:39,000783B3E8,K42
2021-08-08 21:19:53,0007ABC809,K80
2021-08-08 21:20:14,0007AC418B,K80
2021-08-08 21:21:56,0007AC8BE4,K42
2021-08-08 21:22:19,0007AC5939,K80
2021-08-08 21:26:15,0007ABF44A,K80
2021-08-08 21:26:26,0007AC9A80,K80
2021-08-08 21:30:01,0007CDD849,K42
2021-08-08 21:30:46,0007AC0734,K21
2021-08-08 21:32:18,00075D076C,K21
2021-08-08 21:36:22,0007AC0145,K21
2021-08-08 21:42:24,0007AC494F,K21
2021-08-08 21:44:34,0007AC34C9,K21
2021-08-08 21:46:35,0007AC0145,K42
2021-08-08 21:54:07,0007ABC5F2,K42
2021-08-08 21:54:10,0007AC0145,K42
2021-08-08 21:54:42,0007AC0145,K42
2021-08-08 21:56:15,0007AC9A80,K21
2021-08-08 21:57:24,0007AC0145,K42
2021-08-08 21:58:40,0007CDD849,K42
2021-08-08 21:59:39,0007AC494F,K21
2021-08-08 22:01:48,0006E241C1,K42
2021-08-08 22:01:53,0007AC34C9,K42
2021-08-08 22:07:07,0006CC24E9,K21
2021-08-08 22:07:46,0006CC24E9,K21
2021-08-08 22:08:29,0006CC24E9,K94
2021-08-08 22:12:45,0007AC0734,K21
2021-08-08 22:12:47,0007ABA539,K42
2021-08-08 22:13:41,0007AC494F,K21
2021-08-08 22:22:53,0006CC24E9,K94
2021-08-08 22:23:05,0006CC24E9,K94
2021-08-08 22:26:56,0006E241C1,K42
2021-08-08 22:26:59,0007AC34C9,K42
2021-08-08 22:30:40,0007AC34C9,K21
2021-08-08 22:34:54,0007ABD629,K42
2021-08-08 22:48:24,0007ABA539,K42
2021-08-08 22:55:16,0007AC8106,K42
2021-08-08 22:55:36,0007ABD629,K42
2021-08-08 23:00:04,000783A42D,K42
2021-08-08 23:04:53,0007AC44BD,K21
2021-08-08 23:05:03,00074F663E,K21
2021-08-08 23:09:19,0007AC8666,K42
2021-08-08 23:10:27,0007AC0387,K42
2021-08-08 23:14:58,0007AC44BD,K21
2021-08-08 23:17:14,0007AC44BD,K42
2021-08-08 23:17:53,0006E24ECA,K42
2021-08-08 23:18:04,00074F663E,K21
2021-08-08 23:18:08,0007AC44BD,K42
2021-08-08 23:19:10,000783A42D,K42
2021-08-08 23:24:00,0007AC8666,K42
2021-08-08 23:28:28,0007ABDCCF,K42
2021-08-08 23:33:19,0007ABA539,K42
2021-08-08 23:35:19,000783B3E8,K42
2021-08-08 23:37:03,0006E24ECA,K42
2021-08-08 23:48:58,0007AC494F,K21
2021-08-08 23:56:11,000783B3E8,K42
2021-08-09 00:01:09,00075CE063,K42
2021-08-09 00:10:06,0007AC494F,K21
2021-08-09 00:11:15,0007ABC809,K21
2021-08-09 00:13:59,0007AC8106,K42
2021-08-09 00:15:48,0006E239ED,K42
2021-08-09 00:16:39,0006CC24E9,K42
2021-08-09 00:21:00,00075CE063,K42
2021-08-09 00:21:01,000783B3E8,K42
2021-08-09 00:23:03,000799A5EF,K42
2021-08-09 00:23:35,0007AC494F,K21
2021-08-09 00:23:46,0007AC494F,K21
2021-08-09 00:23:57,0007AC494F,K21
2021-08-09 00:27:22,0006CC24E9,K21
2021-08-09 00:27:36,0006CC24E9,K42
2021-08-09 00:27:49,0007AC494F,K21
2021-08-09 00:27:55,0006CC24E9,K94
2021-08-09 00:28:19,00075B22B0,K42
2021-08-09 00:28:26,0007AC494F,K94
2021-08-09 00:28:44,0007AC494F,K94
2021-08-09 00:28:55,0006CC24E9,K94
2021-08-09 00:30:59,00074EEC1A,K80
2021-08-09 00:31:06,0007AC494F,K80
2021-08-09 00:31:17,0006CC24E9,K94
2021-08-09 00:37:46,0006B3BF04,K42
2021-08-09 00:37:53,0007AC8666,K42
2021-08-09 00:38:37,000783A42D,K42
2021-08-09 00:40:13,0006CC24E9,K94
2021-08-09 00:40:43,000799A5EF,K42
2021-08-09 00:41:53,00074EEC1A,K80
2021-08-09 00:41:54,0006E241C1,K42
2021-08-09 00:42:07,00074F663E,K42
2021-08-09 00:42:18,0006CC24E9,K42
2021-08-09 00:45:07,00074EEC1A,K42
2021-08-09 00:46:21,0007AC44BD,K42
2021-08-09 00:52:52,0007AC494F,K80
2021-08-09 00:54:09,0007AC494F,K21
2021-08-09 00:56:25,0007AC494F,K21
2021-08-09 00:57:01,0006CC24E9,K94
2021-08-09 00:58:06,0007AC494F,K80
2021-08-09 00:59:11,0007AC494F,K80
2021-08-09 00:59:44,00074F663E,K42
2021-08-09 01:00:18,0007AC494F,K94
2021-08-09 01:00:21,0007AC44BD,K42
2021-08-09 01:01:11,0007ACA816,K42
2021-08-09 01:02:20,0006B3BF04,K42
2021-08-09 01:02:22,0006CC24E9,K42
2021-08-09 01:02:35,0007AC494F,K42
2021-08-09 01:02:44,0007AC44BD,K42
2021-08-09 01:06:45,0007AC44BD,K42
2021-08-09 01:09:44,0007ABA539,K42
2021-08-09 01:11:09,0007AC418B,K42
2021-08-09 01:12:00,0007ABF44A,K80
2021-08-09 01:12:47,0007AC8787,K80
2021-08-09 01:13:15,00071E2D31,K80
2021-08-09 01:15:17,0007AC8787,K80
2021-08-09 01:19:04,00071E15BF,K42
2021-08-09 01:19:55,0007ABF44A,K80
2021-08-09 01:21:07,00071E2D31,K80
2021-08-09 01:23:42,000783CB2B,K42
2021-08-09 01:32:37,0007AC8666,K42
2021-08-09 01:33:42,0006E239ED,K42
2021-08-09 01:40:00,00074EEC1A,K42
2021-08-09 01:40:31,0007ACA816,K42
2021-08-09 01:42:52,0006B34FE4,K42
2021-08-09 01:43:18,0007AC8BE4,K42
2021-08-09 01:43:23,0006E241C1,K42
2021-08-09 01:49:03,000783F377,K80
2021-08-09 01:49:26,00071E2D31,K80
2021-08-09 01:49:29,000783F377,K80
2021-08-09 01:49:37,00071E2D31,K80
2021-08-09 01:51:56,000783F377,K21
2021-08-09 01:51:59,0007AC80F1,K42
2021-08-09 01:52:02,00075B22B0,K42
2021-08-09 01:53:30,0006CC24E9,K94
2021-08-09 01:53:36,0007ABC809,K42
2021-08-09 01:56:35,0006CC24E9,K94
2021-08-09 01:57:29,000783F377,K21
2021-08-09 01:58:25,0007CDD849,K42
2021-08-09 01:58:36,0007CDD849,K42
2021-08-09 02:00:31,0007AC44BD,K21
2021-08-09 02:01:01,0007CDD849,K42
2021-08-09 02:04:41,000783A42D,K42
2021-08-09 02:05:51,0006B3AC35,K42
2021-08-09 02:05:57,0007ACA816,K42
2021-08-09 02:07:45,00079AAA3C,K42
2021-08-09 02:10:42,0007AC0145,K42
2021-08-09 02:14:38,0007ABF44A,K80
2021-08-09 02:14:49,0007ABF44A,K80
2021-08-09 02:15:45,00079A0255,K42
2021-08-09 02:21:18,00075B29B2,K21
2021-08-09 02:22:25,00075B29B2,K21
2021-08-09 02:22:46,00075B29B2,K21
2021-08-09 02:22:58,000799A5EF,K42
2021-08-09 02:23:03,000783A42D,K42
2021-08-09 02:23:23,0007AC44BD,K21
2021-08-09 02:25:27,00071E15BF,K42
2021-08-09 02:26:02,00075B29B2,K42
2021-08-09 02:26:06,0007AC44BD,K42
2021-08-09 02:27:13,00075CE063,K42
2021-08-09 02:34:30,00075D879F,K42
2021-08-09 02:37:26,00079A0255,K42
2021-08-09 02:37:37,0007AC44BD,K21
2021-08-09 02:37:52,0007AC44BD,K42
2021-08-09 02:40:40,000799A5EF,K42
2021-08-09 02:41:25,00079AAA3C,K42
2021-08-09 02:41:26,000783A42D,K42
2021-08-09 02:42:14,0007ACA816,K42
2021-08-09 02:43:02,000783A42D,K42
2021-08-09 02:43:35,0007AC44BD,K21
2021-08-09 02:44:03,0007ABC5F2,K42
2021-08-09 02:45:38,000783F377,K42
2021-08-09 02:48:32,00075B29B2,K21
2021-08-09 02:48:43,00075B29B2,K21
2021-08-09 02:48:44,0007CDD849,K42
2021-08-09 02:48:54,00075B29B2,K21
2021-08-09 02:49:05,00075B29B2,K21
2021-08-09 02:49:05,00075B22B0,K42
2021-08-09 02:51:23,0006CC24E9,K42
2021-08-09 02:54:04,00075CE063,K42
2021-08-09 02:56:59,0007AC3CC1,K42
2021-08-09 03:03:46,0007ABA539,K42
2021-08-09 03:03:50,000783CB2B,K42
2021-08-09 03:04:24,00075D879F,K42
2021-08-09 03:06:11,0006B3AC35,K42
2021-08-09 03:08:53,0006CC24E9,K94
2021-08-09 03:09:07,0006CC24E9,K42
2021-08-09 03:12:43,0006CC24E9,K94
2021-08-09 03:13:31,0007ACA816,K42
2021-08-09 03:15:26,0007AC8BE4,K42
2021-08-09 03:15:37,0006CC24E9,K42
2021-08-09 03:17:54,000783B3E8,K42
2021-08-09 03:19:39,0007ABDCCF,K42
2021-08-09 03:22:03,0007AC34C9,K42
2021-08-09 03:25:58,0006E241C1,K42
2021-08-09 03:30:12,0007ABF44A,K42
2021-08-09 03:33:33,0007ABA539,K42
2021-08-09 03:35:55,0006B3BF04,K42
2021-08-09 03:36:02,0007AC8666,K42
2021-08-09 03:45:56,000783A42D,K42
2021-08-09 03:48:27,00075D879F,K42
2021-08-09 03:49:53,000783A42D,K42
2021-08-09 03:50:05,00079AAA3C,K42
2021-08-09 03:51:54,00074F663E,K42
2021-08-09 03:54:52,0006E241C1,K42
2021-08-09 03:56:46,0006CC24E9,K42
2021-08-09 04:00:26,00075B29B2,K42
2021-08-09 04:02:00,00075D879F,K42
2021-08-09 04:03:48,0007AC8666,K42
2021-08-09 04:06:29,00079AAA3C,K42
2021-08-09 04:06:30,000783A42D,K42
2021-08-09 04:08:48,0007AC34C9,K42
2021-08-09 04:10:10,0007AC8BE4,K42
2021-08-09 04:16:06,0006B3AC35,K42
2021-08-09 04:16:48,0007AC44BD,K42
2021-08-09 04:17:51,00075B29B2,K42
2021-08-09 04:18:00,0006E24ECA,K42
2021-08-09 04:19:45,0006B3BF04,K42
2021-08-09 04:23:42,0007AC418B,K42
2021-08-09 04:30:35,0007ABA539,K42
2021-08-09 04:31:09,0007AC5939,K42
2021-08-09 04:39:36,000783A42D,K42
2021-08-09 04:40:50,0007ABC809,K42
2021-08-09 04:45:51,0007AC44BD,K42
2021-08-09 04:46:23,0007AC44BD,K21
2021-08-09 04:51:03,0006B3AC35,K42
2021-08-09 04:52:45,0007AC44BD,K21
2021-08-09 04:52:56,0007AC44BD,K21
2021-08-09 04:55:26,0007AC44BD,K42
2021-08-09 04:55:31,000799A5EF,K42
2021-08-09 05:00:49,00074EEC1A,K42
2021-08-09 05:06:36,0007ABD629,K42
2021-08-09 05:07:14,0007AC8787,K80
2021-08-09 05:08:16,00079AAA3C,K42
2021-08-09 05:11:15,0006B3BF04,K42
2021-08-09 05:11:52,0007ABF44A,K80
2021-08-09 05:12:04,0007AC8666,K42
2021-08-09 05:12:38,0006E239ED,K42
2021-08-09 05:14:03,0007AC418B,K80
2021-08-09 05:14:48,0007ABF44A,K80
2021-08-09 05:16:28,0006E24ECA,K42
2021-08-09 05:17:04,0007AC418B,K80
2021-08-09 05:18:14,00071E2D31,K80
2021-08-09 05:22:11,0007AC8787,K80
2021-08-09 05:38:00,000783CB2B,K42
2021-08-09 05:38:51,00075D879F,K42
2021-08-09 05:41:17,0007ABF44A,K80
2021-08-09 05:41:32,0007AC8787,K80
2021-08-09 05:41:56,0007AC8787,K80
2021-08-09 05:43:31,0006B34FE4,K42
2021-08-09 05:45:54,0007AC8787,K42
2021-08-09 05:47:42,0006E241C1,K42
2021-08-09 10:32:35,000783A42D,K42
2021-08-09 13:52:07,00074F7C6F,K94
2021-08-09 13:52:18,00074F7C6F,K94
2021-08-09 14:04:10,00074F7C6F,K94
2021-08-09 14:04:21,00074F7C6F,K94
2021-08-09 14:04:32,00074F7C6F,K94
2021-08-09 14:04:43,00074F7C6F,K94
2021-08-09 14:04:54,00074F7C6F,K94
2021-08-09 14:05:05,00074F7C6F,K94
2021-08-09 14:05:16,00074F7C6F,K94
2021-08-09 14:05:27,00074F7C6F,K94
2021-08-09 14:05:38,00074F7C6F,K94
2021-08-09 14:05:49,00074F7C6F,K94
2021-08-09 14:06:00,00074F7C6F,K94
2021-08-09 14:06:11,00074F7C6F,K94
2021-08-09 14:06:22,00074F7C6F,K94
2021-08-09 14:06:33,00074F7C6F,K94
2021-08-09 14:06:44,00074F7C6F,K94
2021-08-09 14:06:55,00074F7C6F,K94
2021-08-09 14:07:06,00074F7C6F,K94
2021-08-09 14:07:17,00074F7C6F,K94
2021-08-09 14:07:28,00074F7C6F,K94
2021-08-09 14:07:39,00074F7C6F,K94
2021-08-09 14:07:50,00074F7C6F,K94
2021-08-09 14:08:48,00074F7C6F,K94
2021-08-09 14:15:05,00074F7C6F,K94
2021-08-09 14:15:32,00074F7C6F,K94
2021-08-09 14:21:17,00074F7C6F,K94
2021-08-09 14:21:28,00074F7C6F,K94
2021-08-09 14:21:42,00074F7C6F,K94
2021-08-09 14:22:16,00074F7C6F,K94
2021-08-09 14:22:27,00074F7C6F,K94
2021-08-09 14:26:44,00074F7C6F,K94
2021-08-09 14:29:24,00074F7C6F,K94
2021-08-09 14:29:35,00074F7C6F,K94
2021-08-09 14:30:20,00074F7C6F,K94
2021-08-09 14:34:43,00074F7C6F,K94
2021-08-09 14:34:54,00074F7C6F,K94
2021-08-09 14:35:46,00074F7C6F,K94
2021-08-09 14:38:35,0007ACA16E,K42
2021-08-09 14:38:56,0007AC494F,K42
2021-08-09 14:39:07,0007AC494F,K42
2021-08-09 14:39:18,0007AC494F,K42
2021-08-09 17:21:17,0007AC34C9,K42
2021-08-09 17:58:39,0007AC494F,K42
2021-08-09 19:31:38,0007AC494F,K42
2021-08-09 19:31:49,0007AC494F,K42
2021-08-09 19:32:03,0007AC494F,K42
2021-08-09 19:32:14,0007AC494F,K42
2021-08-09 19:32:25,0007AC494F,K42
2021-08-09 19:32:36,0007AC494F,K42
2021-08-09 19:33:03,0007AC494F,K42
2021-08-09 20:01:35,0007ACA816,K42
2021-08-09 20:01:52,0007ACA816,K42
2021-08-09 20:02:22,0007ACA816,K42
2021-08-09 20:12:11,0007CDD849,K42
2021-08-09 20:12:22,0007CDD849,K42
2021-08-09 20:12:33,0007CDD849,K42
2021-08-09 20:12:44,0007CDD849,K42
2021-08-09 20:16:22,0007CDD849,K42
2021-08-09 20:16:33,0007CDD849,K42
2021-08-09 20:35:41,0007AC9A80,K21
2021-08-09 20:35:52,0007AC9A80,K21
2021-08-09 20:36:03,0007AC9A80,K21
2021-08-09 20:36:14,0007AC9A80,K21
2021-08-09 20:36:31,0007AC9A80,K21
2021-08-09 20:36:42,0007AC9A80,K21
2021-08-09 20:38:33,0007AC9A80,K21
2021-08-09 20:38:44,0007AC9A80,K21
2021-08-09 20:38:55,0007AC9A80,K21
2021-08-09 20:39:06,0007AC9A80,K21
2021-08-09 20:39:36,0007AC9A80,K21
2021-08-09 20:41:10,0007AC494F,K42
2021-08-09 20:42:33,0007AC9A80,K21
2021-08-09 20:42:44,0007AC9A80,K21
2021-08-09 20:42:55,0007AC9A80,K21
2021-08-09 20:43:11,0007AC9A80,K21
2021-08-09 20:44:50,0007AC9A80,K21
2021-08-09 20:45:01,0007AC9A80,K21
2021-08-09 20:45:20,0007AC9A80,K21
2021-08-09 20:46:28,0007AC9A80,K21
2021-08-09 20:46:39,0007AC9A80,K21
2021-08-09 20:46:50,0007AC9A80,K21
2021-08-09 20:47:04,0007AC9A80,K21
2021-08-09 20:47:15,0007AC9A80,K21
2021-08-09 20:47:26,0007AC9A80,K21
2021-08-09 20:47:28,00075CE063,K42
2021-08-09 20:47:37,0007AC9A80,K21
2021-08-09 20:47:48,0007AC9A80,K21
2021-08-09 20:47:59,0007AC9A80,K21
2021-08-09 20:48:10,0007AC9A80,K21
2021-08-09 20:48:21,0007AC9A80,K21
2021-08-09 20:50:40,0007AC9A80,K21
2021-08-09 20:50:46,0007ACAC37,K42
2021-08-09 20:50:51,0007AC9A80,K21
2021-08-09 20:50:58,0007ACAC37,K42
2021-08-09 20:51:02,0007AC9A80,K21
2021-08-09 20:51:13,0007AC9A80,K21
2021-08-09 20:51:24,0007AC9A80,K21
2021-08-09 20:51:35,0007AC9A80,K21
2021-08-09 20:51:46,0007AC9A80,K21
2021-08-09 20:51:57,0007AC9A80,K21
2021-08-09 20:52:06,00075CE063,K42
2021-08-09 20:52:10,0007AC9A80,K21
2021-08-09 20:52:29,0007AC9A80,K21
2021-08-09 20:52:40,0007AC9A80,K21
2021-08-09 20:52:51,0007AC9A80,K21
2021-08-09 20:53:05,0007AC9A80,K21
2021-08-09 20:53:34,0007AC9A80,K21
2021-08-09 20:53:45,0007AC9A80,K21
2021-08-09 20:53:56,0007AC9A80,K21
2021-08-09 20:54:07,0007AC9A80,K21
2021-08-09 20:54:18,0007AC9A80,K21
2021-08-09 20:54:29,0007AC9A80,K21
2021-08-09 20:54:40,0007AC9A80,K21
2021-08-09 20:54:51,0007AC9A80,K21
2021-08-09 20:54:58,0007AC8666,K42
2021-08-09 20:55:02,0007AC9A80,K21
2021-08-09 20:55:12,0007AC8666,K42
2021-08-09 20:55:13,0007AC9A80,K21
2021-08-09 20:55:24,0007AC9A80,K21
2021-08-09 20:55:35,0007AC9A80,K21
2021-08-09 20:55:57,0007AC3CC1,K42
2021-08-09 20:56:42,0007AC0387,K42
2021-08-09 20:56:45,0007ABF44A,K42
2021-08-09 20:56:47,0007AC8787,K42
2021-08-09 20:56:49,0006B34FE4,K42
2021-08-09 20:56:55,0007ACAC37,K42
2021-08-09 20:58:29,00074F663E,K42
2021-08-09 20:58:33,0007AC0145,K42
2021-08-09 20:58:48,0007AC0145,K42
2021-08-09 20:59:22,0007AC8666,K42
2021-08-09 20:59:49,0007ABD629,K42
2021-08-09 21:00:57,0007AC3CC1,K42
2021-08-09 21:02:03,000799A5EF,K42
2021-08-09 21:02:07,0006E24ECA,K42
2021-08-09 21:02:28,0007ACA16E,K42
2021-08-09 21:03:13,0007ABC5F2,K42
2021-08-09 21:03:22,00074EEC1A,K42
2021-08-09 21:03:25,00075D879F,K42
2021-08-09 21:03:36,000788A24D,K42
2021-08-09 21:04:06,00079A0255,K42
2021-08-09 21:05:10,0006E24ECA,K42
2021-08-09 21:05:38,0006B3AC35,K42
2021-08-09 21:05:41,0007ABA539,K42
2021-08-09 21:05:44,000786D14D,K42
2021-08-09 21:05:47,0007AC3CC1,K42
2021-08-09 21:05:53,0006B3BF04,K42
2021-08-09 21:07:13,0006CC24E9,K42
2021-08-09 21:07:15,0007AC0734,K21
2021-08-09 21:07:41,00071E15BF,K42
2021-08-09 21:07:43,0007ABDCCF,K42
2021-08-09 21:07:53,0007AC0145,K42
2021-08-09 21:08:37,0007ACA816,K42
2021-08-09 21:08:47,000783F377,K42
2021-08-09 21:09:30,000783A42D,K42
2021-08-09 21:09:45,0007AC34C9,K42
2021-08-09 21:09:49,000783CB2B,K42
2021-08-09 21:09:51,0007ABC809,K42
2021-08-09 21:09:52,0007AC44BD,K42
2021-08-09 21:10:08,000783F429,K42
2021-08-09 21:10:24,00075D076C,K42
2021-08-09 21:11:10,00075B29B2,K42
2021-08-09 21:12:24,0007AC8106,K42
2021-08-09 21:12:28,000783B3E8,K42
2021-08-09 21:13:33,0007AC80F1,K42
2021-08-09 21:13:48,00075B22B0,K42
2021-08-09 21:14:27,0007AC8BE4,K42
2021-08-09 21:14:41,0007AC494F,K42
2021-08-09 21:14:58,0007AC34C9,K42
2021-08-09 21:16:27,0007CDD849,K42
2021-08-09 21:16:32,00079AAA3C,K42
2021-08-09 21:17:33,0007ABD4DC,K42
2021-08-09 21:19:30,0007AC5939,K42
2021-08-09 21:19:32,0007AC9A80,K21
2021-08-09 21:47:39,0006CC24E9,K94
2021-08-09 22:19:14,0007AC9A80,K21
2021-08-09 22:19:31,0007AC9A80,K21
2021-08-09 22:46:25,00074EEC1A,K42
2021-08-09 22:53:20,0006CC24E9,K94
2021-08-09 22:58:37,0007AC494F,K42
2021-08-09 23:00:07,00074EEC1A,K42
2021-08-09 23:11:24,0007AC494F,K42
2021-08-09 23:20:45,0007ABC809,K42
2021-08-09 23:30:18,0007CDD849,K42
2021-08-09 23:31:36,0007AC494F,K42
2021-08-09 23:36:47,0007AC0145,K42
2021-08-09 23:38:09,0007AC9A80,K21
2021-08-09 23:39:31,0006E24ECA,K42
2021-08-09 23:43:00,000786B8A2,K21
2021-08-09 23:47:56,0007AC494F,K42
2021-08-09 23:51:45,0007AC0145,K42
2021-08-09 23:51:50,0007ABC809,K42
2021-08-09 23:57:30,000786B8A2,K21
2021-08-09 23:58:09,0007AC9A80,K21
2021-08-09 23:58:22,0007AC9A80,K21
2021-08-09 23:58:41,0007AC9A80,K21
2021-08-09 23:59:03,0007AC9A80,K21
2021-08-09 23:59:14,0007AC9A80,K21
2021-08-09 23:59:46,0007AC0734,K21
2021-08-10 00:00:28,0007AC9A80,K21
2021-08-10 00:01:42,000783A42D,K42
2021-08-10 00:03:12,000786B8A2,K42
2021-08-10 00:05:44,0006CC24E9,K21
2021-08-10 00:06:37,0007AC34C9,K42
2021-08-10 00:09:10,0007AC494F,K42
2021-08-10 00:12:24,000786B8A2,K42
2021-08-10 00:13:25,0006CC24E9,K21
2021-08-10 00:13:46,0007AC9A80,K21
2021-08-10 00:13:49,0007AC0734,K21
2021-08-10 00:14:00,0007AC0734,K21
2021-08-10 00:14:43,0007AC0734,K21
2021-08-10 00:15:38,0006E24ECA,K42
2021-08-10 00:18:24,000783A42D,K42
2021-08-10 00:21:52,0007AC0734,K21
2021-08-10 00:22:31,0007ABC5F2,K42
2021-08-10 00:23:46,00075D076C,K42
2021-08-10 00:23:47,0007AC494F,K42
2021-08-10 00:34:48,0007AC34C9,K42
2021-08-10 00:35:05,0007AC9A80,K21
2021-08-10 00:38:59,00079AAA3C,K42
2021-08-10 00:39:24,0007AC0145,K42
2021-08-10 00:39:58,000783A42D,K42
2021-08-10 00:42:53,0007AC9A80,K21
2021-08-10 00:50:38,00079AAA3C,K42
2021-08-10 00:51:07,0007AC0145,K42
2021-08-10 01:01:27,000799A5EF,K42
2021-08-10 01:01:44,000783A42D,K42
2021-08-10 01:07:55,000799A5EF,K42
2021-08-10 01:13:31,0006CC24E9,K42
2021-08-10 01:16:44,0007ACA16E,K42
2021-08-10 01:20:39,0007AC34C9,K42
2021-08-10 01:24:10,000783B3E8,K42
2021-08-10 01:26:07,0007AC0734,K21
2021-08-10 01:28:10,0006E239ED,K42
2021-08-10 01:33:57,0007AC0734,K21
2021-08-10 01:36:51,0007AC0145,K42
2021-08-10 01:37:30,0007AC8BE4,K42
2021-08-10 01:41:07,0007AC494F,K42
2021-08-10 01:44:34,0006E241C1,K42
2021-08-10 01:46:40,0006CC24E9,K42
2021-08-10 01:47:46,0006CC24E9,K21
2021-08-10 01:48:36,0007ACA16E,K42
2021-08-10 01:49:27,0006E239ED,K42
2021-08-10 01:50:28,0006CC24E9,K21
2021-08-10 01:50:39,0006CC24E9,K21
2021-08-10 01:50:51,0006CC24E9,K21
2021-08-10 01:52:03,0006B34FE4,K42
2021-08-10 01:54:29,000783A42D,K42
2021-08-10 01:57:04,0006E241C1,K42
2021-08-10 01:57:10,0007AC34C9,K42
2021-08-10 01:57:45,0007AC8BE4,K42
2021-08-10 01:59:17,0007AC0145,K42
2021-08-10 01:59:33,0007ABA539,K42
2021-08-10 01:59:43,000783B3E8,K42
2021-08-10 01:59:58,0006CC24E9,K42
2021-08-10 02:05:50,0007AC0145,K42
2021-08-10 02:08:21,0007AC494F,K42
2021-08-10 02:08:55,0007AC8666,K42
2021-08-10 02:11:55,000783A42D,K42
2021-08-10 02:13:01,00074EEC1A,K42
2021-08-10 02:13:32,0007AC0734,K42
2021-08-10 02:16:47,00075CE063,K42
2021-08-10 02:17:13,000783B3E8,K42
2021-08-10 02:17:31,0007ABA539,K42
2021-08-10 02:18:38,000786B8A2,K42
2021-08-10 02:20:30,0007AC8106,K42
2021-08-10 02:24:01,00074EEC1A,K42
2021-08-10 02:27:18,0006CC24E9,K42
2021-08-10 02:30:11,0007AC9A80,K21
2021-08-10 02:30:53,0007AC8666,K42
2021-08-10 02:40:22,0007AC0734,K42
2021-08-10 02:41:30,0007AC8666,K42
2021-08-10 02:42:39,0006B3BF04,K42
2021-08-10 02:43:45,0007AC44BD,K21
2021-08-10 02:48:42,000783B3E8,K42
2021-08-10 02:50:17,00075D076C,K42
2021-08-10 02:50:19,0007AC494F,K42
2021-08-10 02:50:33,0007ACA816,K42
2021-08-10 02:54:19,0007AC44BD,K21
2021-08-10 02:54:32,0007AC9A80,K21
2021-08-10 02:57:14,0007AC8106,K42
2021-08-10 02:57:44,0006B3BF04,K42
2021-08-10 02:57:56,0006E24ECA,K42
2021-08-10 02:58:00,0007AC8666,K42
2021-08-10 02:59:51,000786B8A2,K42
2021-08-10 03:00:19,00075CE063,K42
2021-08-10 03:05:30,0006E239ED,K42
2021-08-10 03:06:09,0007ABD629,K42
2021-08-10 03:10:00,000783A42D,K42
2021-08-10 03:25:50,0007ABDCCF,K42
2021-08-10 03:27:12,0006E239ED,K42
2021-08-10 03:27:43,0007AC0734,K42
2021-08-10 03:28:25,0007AC9A80,K21
2021-08-10 03:28:47,0007AC9A80,K21
2021-08-10 03:29:06,0007AC9A80,K21
2021-08-10 03:29:20,0007ABDCCF,K42
2021-08-10 03:29:29,0007AC9A80,K21
2021-08-10 03:29:43,0007AC9A80,K21
2021-08-10 03:30:16,0007AC9A80,K21
2021-08-10 03:31:05,0007AC9A80,K21
2021-08-10 03:31:25,0007AC9A80,K21
2021-08-10 03:31:58,0007ACA16E,K42
2021-08-10 03:32:37,00074F663E,K42
2021-08-10 03:37:53,0007AC34C9,K42
2021-08-10 03:39:07,0007ABD629,K42
2021-08-10 03:39:37,00074EEC1A,K42
2021-08-10 03:40:31,0007AC8106,K42
2021-08-10 03:42:23,000783A42D,K42
2021-08-10 03:44:36,0007AC34C9,K42
2021-08-10 03:49:49,0007AC8106,K42
2021-08-10 03:50:00,00074EEC1A,K42
2021-08-10 03:55:14,0007AC0734,K42
2021-08-10 03:55:47,000799A5EF,K42
2021-08-10 03:59:38,0007AC0145,K42
2021-08-10 03:59:39,0007ABC5F2,K42
2021-08-10 04:00:06,0007AC0145,K42
2021-08-10 04:00:32,000799A5EF,K42
2021-08-10 04:01:46,0007AC34C9,K42
2021-08-10 04:06:27,00079AAA3C,K42
2021-08-10 04:06:30,000783A42D,K42
2021-08-10 04:11:37,0007ABF44A,K42
2021-08-10 04:13:03,000786B8A2,K42
2021-08-10 04:17:47,0007AC0145,K42
2021-08-10 04:21:12,00079AAA3C,K42
2021-08-10 04:21:14,000783A42D,K42
2021-08-10 04:31:59,000786B8A2,K42
2021-08-10 04:32:32,000783B3E8,K42
2021-08-10 04:35:19,0007AC0734,K42
2021-08-10 04:52:50,000783B3E8,K42
2021-08-10 04:53:00,0007ABC5F2,K42
2021-08-10 04:55:54,0007AC494F,K42
2021-08-10 04:59:57,0006E24ECA,K42
2021-08-10 05:01:28,0007AC0734,K42
2021-08-10 05:06:16,0007ACA16E,K42
2021-08-10 05:07:16,0007AC8666,K42
2021-08-10 05:10:29,0006E24ECA,K42
2021-08-10 05:18:42,0007ABDCCF,K42
2021-08-10 05:24:27,00074EEC1A,K42
2021-08-10 05:26:33,000783A42D,K42
2021-08-10 05:27:16,000783B3E8,K42
2021-08-10 05:29:12,00071E15BF,K42
2021-08-10 05:29:20,000783F377,K42
2021-08-10 05:36:26,000799A5EF,K42
2021-08-10 05:37:35,0006B3BF04,K42
2021-08-10 05:39:07,0007ABD629,K42
2021-08-10 05:40:16,000786D14D,K42
2021-08-10 05:41:13,00079AAA3C,K42
2021-08-10 05:41:41,0006E239ED,K42
2021-08-10 05:42:53,0006E241C1,K42
2021-08-10 05:47:28,0007CDD849,K42
2021-08-10 05:47:42,0007CDD849,K42
2021-08-10 05:47:53,0007CDD849,K42
2021-08-10 05:48:07,0007CDD849,K42
2021-08-10 05:49:29,0007AC0145,K42
2021-08-10 05:49:38,0007ABA539,K42
2021-08-10 05:53:02,0006CC24E9,K42
2021-08-10 05:54:20,0006B3AC35,K42
2021-08-10 06:01:34,0007CDD849,K42
2021-08-10 06:01:47,0007CDD849,K42
2021-08-10 06:01:58,0007CDD849,K42
2021-08-10 06:02:10,0007CDD849,K42
2021-08-10 16:44:40,0007CDD849,K42
2021-08-10 16:44:51,0007CDD849,K42
2021-08-10 16:45:02,0007CDD849,K42
2021-08-10 18:55:13,0007AC9A80,K42
2021-08-10 18:55:24,0007AC9A80,K42
2021-08-10 18:55:35,0007AC9A80,K42
2021-08-10 18:55:46,0007AC9A80,K42
2021-08-10 18:55:57,0007AC9A80,K42
2021-08-10 18:56:08,0007AC9A80,K42
2021-08-10 18:56:19,0007AC9A80,K42
2021-08-10 18:56:30,0007AC9A80,K42
2021-08-10 18:56:41,0007AC9A80,K42
2021-08-10 18:56:52,0007AC9A80,K42
2021-08-10 18:57:03,0007AC9A80,K42
2021-08-10 18:57:14,0007AC9A80,K42
2021-08-10 18:57:25,0007AC9A80,K42
2021-08-10 18:57:36,0007AC9A80,K42
2021-08-10 18:57:47,0007AC9A80,K42
2021-08-10 18:57:58,0007AC9A80,K42
2021-08-10 18:58:09,0007AC9A80,K42
2021-08-10 18:58:20,0007AC9A80,K42
2021-08-10 18:58:31,0007AC9A80,K42
2021-08-10 18:58:42,0007AC9A80,K42
2021-08-10 18:58:53,0007AC9A80,K42
2021-08-10 18:59:04,0007AC9A80,K42
2021-08-10 18:59:15,0007AC9A80,K42
2021-08-10 18:59:26,0007AC9A80,K42
2021-08-10 18:59:37,0007AC9A80,K42
2021-08-10 18:59:48,0007AC9A80,K42
2021-08-10 18:59:59,0007AC9A80,K42
2021-08-10 19:00:10,0007AC9A80,K42
2021-08-10 19:00:21,0007AC9A80,K42
2021-08-10 19:00:32,0007AC9A80,K42
2021-08-10 19:00:43,0007AC9A80,K42
2021-08-10 19:00:54,0007AC9A80,K42
2021-08-10 19:01:05,0007AC9A80,K42
2021-08-10 19:01:16,0007AC9A80,K42
2021-08-10 19:01:27,0007AC9A80,K42
2021-08-10 19:01:38,0007AC9A80,K42
2021-08-10 19:01:49,0007AC9A80,K42
2021-08-10 19:02:00,0007AC9A80,K42
2021-08-10 19:02:11,0007AC9A80,K42
2021-08-10 19:02:22,0007AC9A80,K42
2021-08-10 19:02:33,0007AC9A80,K42
2021-08-10 19:02:44,0007AC9A80,K42
2021-08-10 19:02:55,0007AC9A80,K42
2021-08-10 19:03:06,0007AC9A80,K42
2021-08-10 19:03:17,0007AC9A80,K42
2021-08-10 19:03:28,0007AC9A80,K42
2021-08-10 19:03:39,0007AC9A80,K42
2021-08-10 19:03:50,0007AC9A80,K42
2021-08-10 19:04:01,0007AC9A80,K42
2021-08-10 19:04:12,0007AC9A80,K42
2021-08-10 19:04:23,0007AC9A80,K42
2021-08-10 19:04:34,0007AC9A80,K42
2021-08-10 19:04:45,0007AC9A80,K42
2021-08-10 19:04:56,0007AC9A80,K42
2021-08-10 19:05:07,0007AC9A80,K42
2021-08-10 19:05:18,0007AC9A80,K42
2021-08-10 19:05:29,0007AC9A80,K42
2021-08-10 19:05:40,0007AC9A80,K42
2021-08-10 19:05:51,0007AC9A80,K42
2021-08-10 19:06:02,0007AC9A80,K42
2021-08-10 19:06:13,0007AC9A80,K42
2021-08-10 19:06:24,0007AC9A80,K42
2021-08-10 19:06:35,0007AC9A80,K42
2021-08-10 19:06:46,0007AC9A80,K42
2021-08-10 19:07:12,0007AC9A80,K42
2021-08-10 19:07:23,0007AC9A80,K42
2021-08-10 20:15:57,0007AC494F,K42
2021-08-10 20:46:48,000786B8A2,K42
2021-08-10 20:47:11,000786B8A2,K42
2021-08-10 20:47:18,0007AC8106,K42
2021-08-10 20:48:07,0007AC8106,K42
2021-08-10 20:51:22,0007ACA16E,K42
2021-08-10 20:57:40,000799A5EF,K42
2021-08-10 20:59:24,0006E24ECA,K42
2021-08-10 20:59:38,00079AAA3C,K42
2021-08-10 20:59:42,0006E24ECA,K42
2021-08-10 20:59:47,0006CC24E9,K42
2021-08-10 20:59:50,000786D14D,K42
2021-08-10 21:01:10,00075CE063,K42
2021-08-10 21:02:21,00075CE063,K42
2021-08-10 21:02:24,0006B34FE4,K42
2021-08-10 21:02:43,0007AC8666,K42
2021-08-10 21:02:54,0007AC8666,K42
2021-08-10 21:02:58,000783A42D,K42
2021-08-10 21:03:02,0007ABD629,K42
2021-08-10 21:04:15,00074F663E,K42
2021-08-10 21:04:39,0007AC0734,K42
2021-08-10 21:04:49,00075B29B2,K42
2021-08-10 21:05:33,00075B29B2,K42
2021-08-10 21:06:05,000783F377,K42
2021-08-10 21:06:11,0007ABF44A,K42
2021-08-10 21:06:55,0007AC9A80,K42
2021-08-10 21:07:45,0007ABC5F2,K42
2021-08-10 21:07:51,0006B3BF04,K42
2021-08-10 21:09:20,0007ABA539,K42
2021-08-10 21:09:28,0007ABDCCF,K80
2021-08-10 21:09:44,0007ACA816,K42
2021-08-10 21:09:50,0006E239ED,K42
2021-08-10 21:10:45,00074EEC1A,K42
2021-08-10 21:11:02,0007AC8BE4,K42
2021-08-10 21:11:23,0006E241C1,K42
2021-08-10 21:11:44,00075D076C,K42
2021-08-10 21:12:17,0007ABD4DC,K42
2021-08-10 21:12:19,0007CDD849,K42
2021-08-10 21:12:29,00071E15BF,K42
2021-08-10 21:12:29,0006E24C7B,K80
2021-08-10 21:13:31,000783B3E8,K42
2021-08-10 21:13:37,000783F429,K42
2021-08-10 21:14:50,0007AC34C9,K42
2021-08-10 21:16:33,0007AC8787,K80
2021-08-10 21:18:06,00075D879F,K80
2021-08-10 21:18:15,0007AC44BD,K80
2021-08-10 21:18:37,0007ABC809,K80
2021-08-10 21:18:42,0007AC418B,K80
2021-08-10 21:19:34,00079A0255,K80
2021-08-10 21:19:37,0007AC0387,K80
2021-08-10 21:19:39,0007ACAC37,K80
2021-08-10 21:19:48,0007AC0145,K42
2021-08-10 21:20:28,000783CB2B,K80
2021-08-10 21:20:28,0007AC494F,K42
2021-08-10 21:20:39,0007AC3CC1,K80
2021-08-10 21:20:52,00075B22B0,K80
2021-08-10 21:20:53,0007AC5939,K80
2021-08-10 21:22:16,00071E2D31,K80
2021-08-10 21:23:51,000788A24D,K80
2021-08-10 22:07:46,0007AC0734,K42
2021-08-10 22:11:12,0007AC0734,K42
2021-08-10 22:12:37,0007AC34C9,K42
2021-08-10 22:24:56,0007AC34C9,K42
2021-08-10 22:50:44,000786B8A2,K42
2021-08-10 22:53:52,0007AC0145,K42
2021-08-10 22:56:23,0007AC9A80,K42
2021-08-10 22:57:02,0007AC8106,K42
2021-08-10 22:58:13,0007AC34C9,K42
2021-08-10 23:00:18,0007AC34C9,K42
2021-08-10 23:13:40,0007AC34C9,K42
2021-08-10 23:18:13,0007AC0145,K42
2021-08-10 23:19:18,0007AC8106,K42
2021-08-10 23:22:43,0007AC9A80,K42
2021-08-10 23:25:06,0007AC0734,K42
2021-08-10 23:32:49,0007AC0734,K42
2021-08-10 23:46:13,0007CDD849,K42
2021-08-11 00:05:28,0006B34FE4,K80
2021-08-11 00:25:22,0007AC8BE4,K42
2021-08-11 00:30:23,0007AC9A80,K42
2021-08-11 00:32:58,0006CC24E9,K42
2021-08-11 00:33:16,0007AC9A80,K42
2021-08-11 00:33:28,0007AC9A80,K42
2021-08-11 00:35:08,0007AC0734,K42
2021-08-11 00:48:27,0007AC34C9,K42
2021-08-11 00:49:20,0007ABA539,K42
2021-08-11 00:52:12,0007AC9A80,K42
2021-08-11 00:59:48,0007ABA539,K42
2021-08-11 01:00:28,0006E24ECA,K42
2021-08-11 01:02:03,0007AC0734,K42
2021-08-11 01:22:36,0006CC24E9,K42
2021-08-11 01:23:03,0007CDD849,K42
2021-08-11 01:23:14,0007CDD849,K42
2021-08-11 01:23:25,0007CDD849,K42
2021-08-11 01:23:36,0007CDD849,K42
2021-08-11 01:23:47,0007CDD849,K42
2021-08-11 01:23:58,0007CDD849,K42
2021-08-11 01:24:09,0007CDD849,K42
2021-08-11 01:24:20,0007CDD849,K42
2021-08-11 01:28:25,0007AC9A80,K42
2021-08-11 01:37:29,0006E241C1,K42
2021-08-11 01:38:16,0006E241C1,K42
2021-08-11 01:49:40,0007AC9A80,K42
2021-08-11 01:54:07,0006B3AC35,K80
2021-08-11 01:55:42,0007ACAC37,K80
2021-08-11 01:56:50,00075D879F,K80
2021-08-11 01:57:04,00075D879F,K80
2021-08-11 01:57:28,000783CB2B,K80
2021-08-11 01:58:59,0007AC0734,K42
2021-08-11 01:59:03,0007ACAC37,K80
2021-08-11 02:05:09,0006B3AC35,K80
2021-08-11 02:10:00,0007AC9A80,K42
2021-08-11 02:21:46,0007AC0734,K42
2021-08-11 02:22:16,0007CDD849,K42
2021-08-11 02:32:07,000786B8A2,K42
2021-08-11 02:44:47,0006E241C1,K42
2021-08-11 02:55:13,0006E241C1,K42
2021-08-11 02:55:20,0007AC9A80,K42
2021-08-11 02:59:13,0007ABA539,K42
2021-08-11 02:59:46,000786B8A2,K42
2021-08-11 03:07:09,0007ABA539,K42
2021-08-11 03:13:34,0007AC9A80,K42
2021-08-11 03:20:00,0007AC0387,K80
2021-08-11 03:20:10,00074F663E,K80
2021-08-11 03:20:24,00074F663E,K80
2021-08-11 03:20:31,0007AC0387,K80
2021-08-11 03:20:42,0007AC0387,K80
2021-08-11 03:23:42,00074F663E,K42
2021-08-11 03:30:18,0007AC9A80,K42
2021-08-11 03:31:06,0006E24ECA,K42
2021-08-11 03:48:41,0007AC0734,K42
2021-08-11 03:51:29,0007ABA539,K42
2021-08-11 03:54:49,000786D14D,K42
2021-08-11 03:54:50,0007AC0734,K42
2021-08-11 03:55:23,0007ABA539,K42
2021-08-11 03:55:25,0007CDD849,K42
2021-08-11 03:55:36,0007CDD849,K42
2021-08-11 03:55:47,0007CDD849,K42
2021-08-11 03:55:58,0007CDD849,K42
2021-08-11 03:56:09,0007CDD849,K42
2021-08-11 03:56:20,0007CDD849,K42
2021-08-11 03:59:13,0007ABA539,K42
2021-08-11 03:59:15,0007CDD849,K42
2021-08-11 03:59:26,0007CDD849,K42
2021-08-11 03:59:37,0007CDD849,K42
2021-08-11 03:59:48,0007CDD849,K42
2021-08-11 03:59:59,0007CDD849,K42
2021-08-11 04:00:10,0007CDD849,K42
2021-08-11 04:01:50,0007ABA539,K42
2021-08-11 04:01:54,0007CDD849,K42
2021-08-11 04:02:05,0007CDD849,K42
2021-08-11 04:02:16,0007CDD849,K42
2021-08-11 04:02:27,0007CDD849,K42
2021-08-11 04:03:31,0007CDD849,K42
2021-08-11 04:07:11,0007CDD849,K42
2021-08-11 04:08:29,0006CC24E9,K42
2021-08-11 04:42:12,0007AC9A80,K42
2021-08-11 04:47:16,0007CDD849,K42
2021-08-11 05:10:10,0007AC44BD,K80
2021-08-11 05:10:23,0007AC0734,K80
2021-08-11 05:10:30,0007ACA16E,K80
2021-08-11 05:10:39,00074EEC1A,K80
2021-08-11 05:10:56,00074EEC1A,K80
2021-08-11 05:15:34,00074EEC1A,K80
2021-08-11 05:18:02,000783B3E8,K80
2021-08-11 05:19:47,0007ACAC37,K80
2021-08-11 05:20:22,0007AC494F,K80
2021-08-11 05:20:50,0007AC5939,K80
2021-08-11 05:22:41,0007AC0734,K80
2021-08-11 05:23:00,000786B8A2,K42
2021-08-11 05:23:01,00074EEC1A,K80
2021-08-11 05:24:08,0007ABC5F2,K80
2021-08-11 05:25:02,0007AC34C9,K42
2021-08-11 05:27:31,0007CDD849,K42
2021-08-11 05:27:45,0007AC9A80,K42
2021-08-11 05:29:22,0006E24C7B,K80
2021-08-11 05:29:31,0006B3AC35,K80
2021-08-11 05:29:42,0006B3BF04,K80
2021-08-11 05:30:12,0007AC8BE4,K42
2021-08-11 05:30:50,000783A42D,K80
2021-08-11 05:34:28,0006B3BF04,K80
2021-08-11 05:36:27,0007AC8BE4,K80
2021-08-11 05:37:03,0007AC8666,K80
2021-08-11 05:38:09,0007AC34C9,K42
2021-08-11 05:39:50,0007AC418B,K80
2021-08-11 05:43:03,0007AC8787,K80
2021-08-11 05:43:42,000783F429,K80
2021-08-11 05:44:33,000783B3E8,K80
2021-08-11 05:45:51,0006B3BF04,K80
2021-08-11 05:46:57,0007AC0145,K80
2021-08-11 05:47:36,0006B34FE4,K80
2021-08-11 05:49:03,000783B3E8,K80
2021-08-11 05:54:37,000786B8A2,K42
2021-08-11 15:24:51,000783A42D,K80
2021-08-11 15:25:02,000783A42D,K80
2021-08-11 20:55:49,0007ABA539,K17
2021-08-11 20:58:37,0006CC24E9,K17
2021-08-11 20:59:01,0006CC24E9,K17
2021-08-11 20:59:04,0007AC9A80,K17
2021-08-11 20:59:32,0007AC8106,K17
2021-08-11 21:05:03,0007AC0734,K17
2021-08-11 21:05:04,00074F663E,K80
2021-08-11 21:05:12,00079AAA3C,K80
2021-08-11 21:05:13,0006E24ECA,K17
2021-08-11 21:05:31,0007AC8666,K80
2021-08-11 21:05:48,0007AC8787,K80
2021-08-11 21:06:01,0007ABD629,K80
2021-08-11 21:06:02,0007CDD849,K17
2021-08-11 21:06:09,0007ACA16E,K80
2021-08-11 21:06:19,000799A5EF,K17
2021-08-11 21:06:22,0007ABF44A,K17
2021-08-11 21:06:37,0006E239ED,K17
2021-08-11 21:06:45,000786D14D,K17
2021-08-11 21:06:51,00075B29B2,K17
2021-08-11 21:08:12,0007ABC5F2,K80
2021-08-11 21:08:23,00075D076C,K17
2021-08-11 21:08:26,0006B34FE4,K80
2021-08-11 21:08:49,000783F377,K17
2021-08-11 21:08:57,0006B3AC35,K80
2021-08-11 21:09:07,00074EEC1A,K80
2021-08-11 21:09:09,0007AC34C9,K17
2021-08-11 21:10:35,0006B3BF04,K80
2021-08-11 21:10:38,00075B22B0,K80
2021-08-11 21:10:40,0007AC44BD,K80
2021-08-11 21:11:24,0007AC0387,K80
2021-08-11 21:11:46,0006E24C7B,K80
2021-08-11 21:11:48,00075CE063,K80
2021-08-11 21:11:51,0007ABDCCF,K80
2021-08-11 21:12:13,0007ACA816,K80
2021-08-11 21:12:20,0007ABC809,K80
2021-08-11 21:12:34,0007AC0145,K80
2021-08-11 21:14:38,00079A0255,K80
2021-08-11 21:14:41,000783F429,K80
2021-08-11 21:15:21,0007AC80F1,K80
2021-08-11 21:15:33,0007ABD4DC,K80
2021-08-11 21:16:31,0007AC418B,K80
2021-08-11 21:16:33,000788A24D,K80
2021-08-11 21:16:44,0007AC494F,K80
2021-08-11 21:17:24,00075D879F,K80
2021-08-11 21:18:32,0007ACAC37,K80
2021-08-11 21:19:03,0007AC5939,K80
2021-08-11 21:19:32,000783B3E8,K80
2021-08-11 21:19:40,000783A42D,K80
2021-08-11 21:19:46,00071E2D31,K80
2021-08-11 21:20:04,00071E15BF,K80
2021-08-11 21:20:14,0007AC8BE4,K80
2021-08-11 22:01:48,0007AC9A80,K17
2021-08-11 22:08:33,0007AC9A80,K17
2021-08-11 22:39:54,000799A5EF,K17
2021-08-11 22:41:28,000799A5EF,K17
2021-08-11 22:49:33,0007CDD849,K17
2021-08-11 22:55:23,0007CDD849,K17
2021-08-11 22:58:44,0007AC9A80,K17
2021-08-11 23:07:59,0007AC9A80,K17
2021-08-11 23:08:51,0007AC9A80,K17
2021-08-11 23:12:11,0007AC494F,K17
2021-08-11 23:12:17,00075D076C,K17
2021-08-11 23:22:52,0006E239ED,K17
2021-08-11 23:22:53,0007ACA16E,K17
2021-08-11 23:28:52,00079AAA3C,K17
2021-08-11 23:29:02,000783A42D,K17
2021-08-11 23:31:10,0007AC9A80,K17
2021-08-11 23:36:52,00079AAA3C,K17
2021-08-11 23:36:54,000783A42D,K17
2021-08-11 23:36:58,0007AC9A80,K17
2021-08-11 23:40:31,000786B8A2,K17
2021-08-11 23:55:45,000786B8A2,K17
2021-08-11 23:58:44,0007CDD849,K17
2021-08-12 00:05:20,0007ABC5F2,K17
2021-08-12 00:14:32,0007ABC5F2,K17
2021-08-12 00:14:36,0007AC0145,K17
2021-08-12 00:51:38,0007AC9A80,K17
2021-08-12 00:57:43,0007AC34C9,K17
2021-08-12 01:00:52,0007AC34C9,K17
2021-08-12 01:05:02,0007AC0734,K17
2021-08-12 01:10:04,0006E241C1,K17
2021-08-12 01:11:48,0007AC0734,K17
2021-08-12 01:14:17,0007ABD629,K17
2021-08-12 01:14:42,0007AC8106,K17
2021-08-12 01:20:48,000783B3E8,K17
2021-08-12 01:29:24,00075CE063,K17
2021-08-12 01:29:27,000783B3E8,K17
2021-08-12 01:31:22,0007AC9A80,K17
2021-08-12 01:33:09,0006E239ED,K17
2021-08-12 01:34:18,0006E241C1,K17
2021-08-12 01:36:25,0007AC34C9,K17
2021-08-12 01:37:37,0007AC0145,K17
2021-08-12 01:39:43,0007ABF44A,K17
2021-08-12 01:40:00,0006CC24E9,K17
2021-08-12 01:42:08,000783F377,K17
2021-08-12 01:46:11,0007AC34C9,K17
2021-08-12 01:47:51,0006B3BF04,K17
2021-08-12 01:48:48,0007AC8666,K17
2021-08-12 01:51:26,0006CC24E9,K17
2021-08-12 01:51:28,000786B8A2,K17
2021-08-12 01:54:17,00075D076C,K17
2021-08-12 01:54:22,0007AC494F,K17
2021-08-12 01:54:55,0007ABC5F2,K17
2021-08-12 01:55:36,0007AC0145,K17
2021-08-12 01:55:54,0006CC24E9,K17
2021-08-12 01:58:16,0006CC24E9,K17
2021-08-12 02:00:13,0006CC24E9,K17
2021-08-12 02:03:26,0006CC24E9,K17
2021-08-12 02:05:20,0006B3BF04,K17
2021-08-12 02:05:24,0007AC8666,K17
2021-08-12 02:07:03,0006CC24E9,K17
2021-08-12 02:10:05,0006CC24E9,K17
2021-08-12 02:11:24,0006CC24E9,K17
2021-08-12 02:16:11,000788A24D,K17
2021-08-12 02:16:37,00075B29B2,K17
2021-08-12 02:19:05,0006CC24E9,K17
2021-08-12 02:20:04,00075D879F,K17
2021-08-12 02:23:10,0007ABDCCF,K17
2021-08-12 02:36:09,0007ABA539,K17
2021-08-12 02:38:36,0007ACA16E,K17
2021-08-12 02:39:00,00079AAA3C,K17
2021-08-12 02:40:56,000783F377,K17
2021-08-12 02:44:09,00079AAA3C,K17
2021-08-12 02:49:11,00075D076C,K17
2021-08-12 02:53:05,0007ABA539,K17
2021-08-12 02:53:08,0007CDD849,K17
2021-08-12 02:56:08,0006E239ED,K17
2021-08-12 02:56:10,0007ACA16E,K17
2021-08-12 03:03:07,0007AC9A80,K17
2021-08-12 03:04:29,0007AC34C9,K17
2021-08-12 03:11:31,00079AAA3C,K17
2021-08-12 03:11:35,000783A42D,K17
2021-08-12 03:12:33,000783B3E8,K17
2021-08-12 03:13:10,0006B34FE4,K17
2021-08-12 03:16:16,0007ABD629,K17
2021-08-12 03:17:57,0007AC8106,K17
2021-08-12 03:20:07,0007AC9A80,K17
2021-08-12 03:21:02,000786D14D,K17
2021-08-12 03:22:51,00079AAA3C,K17
2021-08-12 03:25:25,00074EEC1A,K80
2021-08-12 03:25:26,000786B8A2,K17
2021-08-12 03:25:49,00074F663E,K17
2021-08-12 03:27:06,0007AC0734,K80
2021-08-12 03:27:13,0007AC44BD,K80
2021-08-12 03:29:27,000783B3E8,K17
2021-08-12 03:30:42,0007ABDCCF,K17
2021-08-12 03:32:43,0007ABC5F2,K80
2021-08-12 03:33:04,0007AC494F,K17
2021-08-12 03:34:36,0007ABF44A,K17
2021-08-12 03:36:12,0007AC8666,K17
2021-08-12 03:37:53,0007ABDCCF,K17
2021-08-12 03:38:12,0007ABC5F2,K17
2021-08-12 03:39:18,0007AC3CC1,K17
2021-08-12 03:39:32,000783A42D,K17
2021-08-12 03:39:37,00074F663E,K17
2021-08-12 03:40:37,0007AC8666,K17
2021-08-12 03:41:31,00074EEC1A,K80
2021-08-12 03:41:56,0006E24ECA,K17
2021-08-12 03:42:09,0007AC44BD,K80
2021-08-12 03:42:11,0007AC0734,K80
2021-08-12 03:45:29,0006E24ECA,K17
2021-08-12 03:47:10,0007CDD849,K17
2021-08-12 03:47:19,00075D076C,K17
2021-08-12 03:48:01,0007AC494F,K17
2021-08-12 03:49:37,0006E24ECA,K17
2021-08-12 03:50:22,0007AC34C9,K17
2021-08-12 03:57:03,0007AC8BE4,K17
2021-08-12 03:58:06,0007ABF44A,K17
2021-08-12 03:58:08,0007AC9A80,K17
2021-08-12 03:59:56,0007AC34C9,K17
2021-08-12 04:03:14,00075CE063,K17
2021-08-12 04:03:39,0006CC24E9,K17
2021-08-12 04:05:24,0007AC8BE4,K17
2021-08-12 04:06:41,00071E15BF,K17
2021-08-12 04:06:44,0007AC8BE4,K17
2021-08-12 04:07:17,000799A5EF,K17
2021-08-12 04:10:48,0007ABA539,K17
2021-08-12 04:20:56,000799A5EF,K17
2021-08-12 04:22:39,00075B29B2,K17
2021-08-12 04:23:01,0007ABA539,K17
2021-08-12 04:23:13,000783B3E8,K17
2021-08-12 04:27:09,00075CE063,K17
2021-08-12 04:27:13,000783B3E8,K17
2021-08-12 04:27:25,0006CC24E9,K17
2021-08-12 04:40:17,000786B8A2,K17
2021-08-12 04:41:59,0006B3BF04,K17
2021-08-12 04:46:30,000783F429,K17
2021-08-12 04:52:53,0006B3BF04,K17
2021-08-12 05:03:00,00074EEC1A,K80
2021-08-12 05:06:00,0007AC34C9,K17
2021-08-12 05:07:40,0007AC0734,K17
2021-08-12 05:08:39,0007AC8666,K17
2021-08-12 05:10:06,000783B3E8,K80
2021-08-12 05:11:03,00074EEC1A,K80
2021-08-12 05:12:00,000783B3E8,K80
2021-08-12 05:14:06,0007AC8BE4,K17
2021-08-12 05:14:08,0007AC44BD,K80
2021-08-12 05:17:13,0007ACA816,K80
2021-08-12 05:18:10,0007AC5939,K80
2021-08-12 05:18:37,000783B3E8,K80
2021-08-12 05:19:31,00079A0255,K80
2021-08-12 05:21:23,00074EEC1A,K17
2021-08-12 05:25:42,0007AC494F,K17
2021-08-12 05:27:25,0007ACAC37,K17
2021-08-12 05:27:29,0007ABC809,K80
2021-08-12 05:27:49,0007AC8666,K17
2021-08-12 05:28:04,0007CDD849,K17
2021-08-12 05:33:57,0006B3BF04,K17
2021-08-12 05:37:27,000783A42D,K17
2021-08-12 05:39:00,0007ABD4DC,K80
2021-08-12 05:39:28,0007AC418B,K80
2021-08-12 05:42:25,000799A5EF,K17
2021-08-12 05:42:43,0007CDD849,K17
2021-08-12 05:42:46,00079AAA3C,K17
2021-08-12 05:44:31,0006E241C1,K17
2021-08-12 05:46:05,000783B3E8,K80
2021-08-12 05:46:24,0007AC8666,K17
2021-08-12 05:48:36,0007AC0387,K17
2021-08-12 05:48:42,0006CC24E9,K17
2021-08-12 05:50:40,0007ABA539,K17
2021-08-12 05:52:14,0007AC0387,K17
2021-08-12 05:56:21,0007AC34C9,K17
2021-08-12 12:22:18,0007AC9A80,K17
2021-08-12 12:22:29,0007AC9A80,K17
2021-08-12 13:44:01,0007AC8666,K17
2021-08-12 13:44:12,0007AC8666,K17
2021-08-12 14:40:20,0007AC0145,K17
2021-08-12 14:49:24,0007AC494F,K17
2021-08-12 14:49:36,0007AC494F,K17
2021-08-12 14:49:48,0007AC494F,K17
2021-08-12 14:50:00,0007AC494F,K17
2021-08-12 15:44:07,0007AC9A80,K17
2021-08-12 15:44:29,0007AC9A80,K17
2021-08-12 15:44:40,0007AC9A80,K17
2021-08-12 16:54:00,000783A42D,K17
2021-08-12 16:54:17,000783A42D,K17
2021-08-12 17:01:46,0007AC0145,K17
2021-08-12 17:49:44,0007AC9A80,K17
2021-08-12 18:03:58,0007AC8BE4,K17
2021-08-12 18:17:22,00079AAA3C,K17
2021-08-12 19:18:50,0007AC8666,K17
2021-08-12 20:51:07,0007ACA16E,K17
2021-08-12 20:51:24,0007ACA16E,K17
2021-08-12 20:52:20,0007AC9A80,K17
2021-08-12 20:54:24,0007AC0387,K80
2021-08-12 20:57:37,0007ABC5F2,K17
2021-08-12 20:57:47,0007AC0734,K17
2021-08-12 20:58:01,0006E241C1,K17
2021-08-12 20:59:07,0006CC24E9,K17
2021-08-12 20:59:28,0007ABA539,K17
2021-08-12 21:00:01,0006B34FE4,K17
2021-08-12 21:00:28,0007AC8106,K17
2021-08-12 21:00:31,0007AC34C9,K17
2021-08-12 21:00:33,0007ABC809,K80
2021-08-12 21:00:39,00075CE063,K17
2021-08-12 21:00:44,00079AAA3C,K17
2021-08-12 21:00:46,000786B8A2,K17
2021-08-12 21:01:03,0007ABF44A,K17
2021-08-12 21:01:16,00074EEC1A,K17
2021-08-12 21:02:28,0007ACAC37,K80
2021-08-12 21:02:33,0007CDD849,K17
2021-08-12 21:02:35,0006B3AC35,K80
2021-08-12 21:02:39,0007AC418B,K80
2021-08-12 21:02:50,0007AC8666,K17
2021-08-12 21:02:57,0006E24C7B,K76
2021-08-12 21:03:11,0007AC44BD,K80
2021-08-12 21:03:18,0006E24ECA,K17
2021-08-12 21:04:23,0007ABD629,K17
2021-08-12 21:04:34,0007AC0145,K17
2021-08-12 21:04:40,000783F377,K17
2021-08-12 21:05:38,0007AC5939,K80
2021-08-12 21:05:57,0007ABDCCF,K17
2021-08-12 21:06:09,0007AC3CC1,K17
2021-08-12 21:06:22,000783A42D,K17
2021-08-12 21:06:35,00075B29B2,K17
2021-08-12 21:07:08,0007AC8787,K76
2021-08-12 21:08:34,00075B22B0,K80
2021-08-12 21:08:39,0007ACA816,K80
2021-08-12 21:08:45,000788A24D,K80
2021-08-12 21:09:00,0007AC80F1,K76
2021-08-12 21:09:33,0006E239ED,K17
2021-08-12 21:10:17,00075D076C,K17
2021-08-12 21:10:20,000799A5EF,K17
2021-08-12 21:10:28,000786D14D,K17
2021-08-12 21:10:29,0007ABD4DC,K80
2021-08-12 21:11:33,000783CB2B,K76
2021-08-12 21:14:04,0006B3BF04,K17
2021-08-12 21:14:50,000783B3E8,K17
2021-08-12 21:16:51,000783F429,K17
2021-08-12 21:18:44,0007AC494F,K17
2021-08-12 21:21:21,0007AC8BE4,K17
2021-08-12 21:21:25,00071E15BF,K17
2021-08-12 23:04:16,0007AC9A80,K17
2021-08-12 23:13:28,000786B8A2,K17
2021-08-12 23:35:03,0007AC9A80,K17
2021-08-12 23:48:43,0007CDD849,K17
2021-08-12 23:55:29,0007AC80F1,K76
2021-08-13 00:01:22,0007AC80F1,K76
2021-08-13 00:08:20,000786B8A2,K17
2021-08-13 00:15:10,0007AC9A80,K17
2021-08-13 00:15:25,0007CDD849,K17
2021-08-13 00:34:19,0007CDD849,K17
2021-08-13 00:34:34,0006B3AC35,K17
2021-08-13 00:35:09,0007ACA816,K17
2021-08-13 01:31:37,0007ABD629,K17
2021-08-13 01:53:28,0007AC9A80,K17
2021-08-13 01:56:54,0007CDD849,K17
2021-08-13 02:09:32,0007ABD629,K17
2021-08-13 02:11:38,0007AC34C9,K17
2021-08-13 02:30:41,0006E241C1,K17
2021-08-13 02:32:29,0007CDD849,K17
2021-08-13 02:33:13,0007ABA539,K17
2021-08-13 02:43:43,0006E241C1,K17
2021-08-13 02:43:47,0007AC34C9,K17
2021-08-13 02:53:10,0007ABA539,K17
2021-08-13 02:53:11,0007CDD849,K17
2021-08-13 02:55:38,000786B8A2,K17
2021-08-13 02:55:54,0007AC0145,K17
2021-08-13 02:57:00,0007ABC809,K17
2021-08-13 02:58:50,0007ABF44A,K17
2021-08-13 02:58:56,0007AC9A80,K17
2021-08-13 02:59:20,0007AC34C9,K17
2021-08-13 03:00:05,0007AC0145,K17
2021-08-13 03:06:56,0007ABC5F2,K17
2021-08-13 03:14:11,0007CDD849,K17
2021-08-13 03:14:14,0006CC24E9,K17
2021-08-13 03:16:21,0007AC34C9,K17
2021-08-13 03:25:12,0007AC9A80,K17
2021-08-13 03:31:11,0007AC44BD,K17
2021-08-13 03:31:29,0007AC0145,K17
2021-08-13 03:34:18,0006CC24E9,K17
2021-08-13 03:36:25,0007AC8BE4,K17
2021-08-13 03:37:15,0007AC44BD,K17
2021-08-13 03:38:07,0007AC0734,K17
2021-08-13 03:39:05,000786B8A2,K17
2021-08-13 03:43:00,0007AC9A80,K17
2021-08-13 03:44:13,000786B8A2,K17
2021-08-13 03:55:20,0007AC34C9,K17
2021-08-13 03:59:30,000786B8A2,K17
2021-08-13 04:06:02,0007CDD849,K17
2021-08-13 04:09:15,0007AC0145,K17
2021-08-13 04:10:58,00075B29B2,K17
2021-08-13 04:13:10,0007AC9A80,K17
2021-08-13 04:27:08,00074EEC1A,K17
2021-08-13 04:36:24,0007AC9A80,K17
2021-08-13 04:48:28,0007AC9A80,K17
2021-08-13 04:55:01,000786B8A2,K17
2021-08-13 04:55:10,0006E24ECA,K17
2021-08-13 05:05:52,00074EEC1A,K17
2021-08-13 05:13:56,0007AC44BD,K17
2021-08-13 05:14:46,0007ABC809,K17
2021-08-13 05:15:23,0007ABDCCF,K17
2021-08-13 05:26:52,0006B3BF04,K17
2021-08-13 05:26:55,0007AC8666,K17
2021-08-13 05:28:07,0007ABD629,K17
2021-08-13 05:34:53,00071E15BF,K17
2021-08-13 05:35:38,0007AC494F,K17
2021-08-13 05:40:36,00079AAA3C,K17
2021-08-13 05:48:11,0007AC8787,K76
2021-08-13 05:52:31,0006CC24E9,K17
2021-08-13 05:52:40,0006E241C1,K17
2021-08-13 05:52:50,00079AAA3C,K17
2021-08-13 05:53:10,000786B8A2,K17
2021-08-13 05:53:26,0007ABA539,K17
2021-08-13 05:53:50,000783B3E8,K17
2021-08-13 05:53:58,000799A5EF,K17
2021-08-13 05:54:03,000783B3E8,K17
2021-08-13 05:54:11,000783A42D,K17
2021-08-13 05:54:36,0007AC9A80,K17
2021-08-13 05:57:51,000783B3E8,K17
2021-08-13 05:58:32,0007CDD849,K17
2021-08-13 15:36:25,000783A42D,K17
2021-08-13 17:22:03,0007AC494F,K17
2021-08-13 18:43:30,0007CDD849,K17
2021-08-13 18:43:49,0007CDD849,K17
2021-08-13 18:44:00,0007CDD849,K17
2021-08-13 18:44:11,0007CDD849,K17
2021-08-13 19:13:20,0007ACA16E,K17
2021-08-13 20:57:38,0007ACA16E,K17
2021-08-13 20:57:44,0007AC0734,K17
2021-08-13 20:58:24,0007ABA539,K17
2021-08-13 20:59:39,0006E24ECA,K17
2021-08-13 21:00:05,0006E24ECA,K17
2021-08-13 21:00:25,0007AC8666,K17
2021-08-13 21:01:52,000799A5EF,K17
2021-08-13 21:03:08,0006B3BF04,K17
2021-08-13 21:03:44,0007AC3CC1,K17
2021-08-13 21:03:51,0007AC8787,K76
2021-08-13 21:03:57,000783A42D,K17
2021-08-13 21:03:59,0006CC24E9,K17
2021-08-13 21:05:13,000783F429,K17
2021-08-13 21:05:37,0007ABC809,K17
2021-08-13 21:05:39,0007ABD629,K17
2021-08-13 21:06:08,0007AC8106,K17
2021-08-13 21:06:54,00075D879F,K17
2021-08-13 21:06:56,00075B29B2,K17
2021-08-13 21:07:04,00074EEC1A,K17
2021-08-13 21:07:09,0007AC8BE4,K17
2021-08-13 21:07:24,0007ABC5F2,K17
2021-08-13 21:08:00,000783B3E8,K17
2021-08-13 21:08:46,0006E24C7B,K76
2021-08-13 21:08:54,0007AC418B,K78
2021-08-13 21:09:16,000786D14D,K17
2021-08-13 21:09:18,000786B8A2,K17
2021-08-13 21:10:30,0007AC0145,K17
2021-08-13 21:11:32,0007AC494F,K17
2021-08-13 21:11:43,0007CDD849,K17
2021-08-13 21:11:45,0007AC44BD,K17
2021-08-13 21:11:49,00075B22B0,K17
2021-08-13 21:12:09,000783CB2B,K76
2021-08-13 21:12:17,0007AC80F1,K76
2021-08-13 21:12:46,0006E241C1,K17
2021-08-13 21:12:51,0007ABF44A,K78
2021-08-13 21:14:00,0006B34FE4,K78
2021-08-13 21:14:04,0007AC34C9,K17
2021-08-13 21:14:30,00071E15BF,K17
2021-08-13 21:15:16,00075D076C,K78
2021-08-13 21:17:01,000783F377,K78
2021-08-13 22:23:11,0007AC494F,K78
2021-08-13 22:23:25,0007AC494F,K78
2021-08-13 22:48:48,00079AAA3C,K78
2021-08-13 22:49:24,00079AAA3C,K78
2021-08-13 23:09:50,00075D076C,K78
2021-08-13 23:10:14,0007ABF44A,K78
2021-08-13 23:10:16,0006B34FE4,K78
2021-08-13 23:11:29,0006B34FE4,K78
2021-08-13 23:14:28,0006B34FE4,K17
2021-08-13 23:14:55,0007ABF44A,K78
2021-08-13 23:21:21,0007AC494F,K78
2021-08-13 23:27:09,00075D076C,K78
2021-08-13 23:29:55,0007AC0145,K17
2021-08-13 23:31:16,0007AC9A80,K17
2021-08-13 23:43:06,0007AC494F,K78
2021-08-13 23:43:21,0007AC494F,K78
2021-08-13 23:46:42,0007AC9A80,K17
2021-08-14 00:27:20,0006CC24E9,K17
2021-08-14 00:37:00,0006B3AC35,K78
2021-08-14 00:38:09,0007ACA816,K78
2021-08-14 00:38:44,0006B3AC35,K78
2021-08-14 00:39:48,0006CC24E9,K17
2021-08-14 00:54:29,0007ABF44A,K17
2021-08-14 00:58:50,0007CDD849,K17
2021-08-14 01:15:12,0007AC9A80,K17
2021-08-14 01:31:52,0007AC418B,K17
2021-08-14 01:34:42,0007AC418B,K78
2021-08-14 01:35:50,0007AC418B,K78
2021-08-14 01:38:22,0007ABDCCF,K78
2021-08-14 01:40:10,0007ABC809,K78
2021-08-14 01:40:22,0007ABC809,K78
2021-08-14 01:40:35,0007ABC809,K78
2021-08-14 01:42:44,0007ABC809,K78
2021-08-14 01:43:17,0007AC9A80,K78
2021-08-14 01:43:22,0007ABF44A,K78
2021-08-14 01:43:33,0006B34FE4,K78
2021-08-14 01:48:31,00075D076C,K78
2021-08-14 01:49:33,0007AC418B,K78
2021-08-14 01:49:59,000786B8A2,K17
2021-08-14 02:02:58,00075D076C,K78
2021-08-14 02:03:00,0007AC494F,K78
2021-08-14 02:04:02,0007CDD849,K17
2021-08-14 02:15:36,000786D14D,K76
2021-08-14 02:16:12,000786D14D,K76
2021-08-14 02:18:15,0007AC9A80,K17
2021-08-14 02:21:42,0007AC9A80,K78
2021-08-14 02:23:07,0007AC9A80,K78
2021-08-14 02:28:22,0007CDD849,K17
2021-08-14 02:30:40,0007AC0145,K17
2021-08-14 02:30:53,0007AC9A80,K78
2021-08-14 02:31:14,0007AC9A80,K78
2021-08-14 02:31:25,0007AC9A80,K78
2021-08-14 02:31:35,0007ABA539,K17
2021-08-14 02:31:36,0007AC9A80,K78
2021-08-14 02:31:47,0007AC9A80,K78
2021-08-14 02:31:58,0007AC9A80,K78
2021-08-14 02:32:09,0007AC9A80,K78
2021-08-14 02:32:15,00074EEC1A,K78
2021-08-14 02:32:31,0007AC9A80,K78
2021-08-14 02:33:11,000783F377,K78
2021-08-14 02:33:25,0007AC9A80,K78
2021-08-14 02:37:55,000783F377,K78
2021-08-14 02:45:18,0007AC9A80,K78
2021-08-14 02:45:33,00074EEC1A,K78
2021-08-14 02:45:34,0007AC44BD,K78
2021-08-14 02:45:35,0007ABA539,K17
2021-08-14 02:45:38,0007CDD849,K17
2021-08-14 02:47:18,0007AC34C9,K17
2021-08-14 02:47:39,0007AC0145,K17
2021-08-14 02:47:44,00079AAA3C,K78
2021-08-14 02:50:36,0007CDD849,K17
2021-08-14 02:54:23,0007AC44BD,K78
2021-08-14 02:56:44,00074EEC1A,K78
2021-08-14 02:58:42,0007AC494F,K78
2021-08-14 03:03:45,0006B3AC35,K78
2021-08-14 03:08:02,00074EEC1A,K78
2021-08-14 03:10:21,0007AC9A80,K78
2021-08-14 03:12:42,0006B3AC35,K78
2021-08-14 03:13:05,0007AC494F,K78
2021-08-14 03:13:43,000783A42D,K78
2021-08-14 03:16:08,00075B22B0,K76
2021-08-14 03:21:23,000786B8A2,K17
2021-08-14 03:22:48,000786B8A2,K78
2021-08-14 03:29:33,0007ABDCCF,K78
2021-08-14 03:30:29,0006B3AC35,K78
2021-08-14 03:33:01,0007ABD629,K78
2021-08-14 03:35:45,00074EEC1A,K78
2021-08-14 03:41:05,000799A5EF,K78
2021-08-14 03:41:41,0006B3AC35,K78
2021-08-14 03:42:06,0007AC0734,K17
2021-08-14 03:42:24,000786B8A2,K78
2021-08-14 03:43:14,0007ACA816,K78
2021-08-14 03:45:26,000799A5EF,K78
2021-08-14 03:45:33,0006CC24E9,K17
2021-08-14 03:45:54,0007ABDCCF,K78
2021-08-14 03:46:05,000783A42D,K78
2021-08-14 03:51:56,00075D076C,K17
2021-08-14 04:01:00,0007AC3CC1,K78
2021-08-14 04:02:58,0006E241C1,K17
2021-08-14 04:03:58,0006E241C1,K17
2021-08-14 04:07:14,0006CC24E9,K17
2021-08-14 04:10:32,00075D076C,K17
2021-08-14 04:12:00,00075D076C,K78
2021-08-14 04:14:11,0007CDD849,K17
2021-08-14 04:16:32,0007AC44BD,K78
2021-08-14 04:17:54,000783F377,K78
2021-08-14 04:20:54,0007ABC5F2,K17
2021-08-14 04:20:55,0007AC0145,K17
2021-08-14 04:26:48,000783A42D,K78
2021-08-14 04:28:21,000783F377,K78
2021-08-14 04:28:40,0007AC0145,K78
2021-08-14 04:30:47,00075D076C,K78
2021-08-14 04:32:09,0007ABDCCF,K78
2021-08-14 04:35:23,0007AC0734,K78
2021-08-14 04:35:52,0007ABC5F2,K78
2021-08-14 04:35:54,0007AC0145,K78
2021-08-14 04:36:02,0007AC9A80,K78
2021-08-14 04:36:22,000783CB2B,K78
2021-08-14 04:41:24,0007AC44BD,K78
2021-08-14 04:43:07,00075D879F,K78
2021-08-14 04:46:24,00075D879F,K78
2021-08-14 04:48:02,000783A42D,K78
2021-08-14 04:52:17,0007ABDCCF,K78
2021-08-14 04:52:23,0007AC0145,K78
2021-08-14 04:53:05,0006E24ECA,K17
2021-08-14 04:55:52,00075D076C,K78
2021-08-14 04:59:13,0007AC8106,K78
2021-08-14 05:05:54,0007AC0145,K78
2021-08-14 05:08:32,0007AC44BD,K78
2021-08-14 05:11:44,00079AAA3C,K78
2021-08-14 05:12:05,000783A42D,K78
2021-08-14 05:12:33,00075B29B2,K17
2021-08-14 05:13:32,00074EEC1A,K78
2021-08-14 05:14:34,0007AC8BE4,K17
2021-08-14 05:15:13,0007AC0734,K78
2021-08-14 05:17:01,00075D076C,K78
2021-08-14 05:17:52,0007AC8BE4,K17
2021-08-14 05:18:59,0007AC34C9,K78
2021-08-14 05:22:02,000783A42D,K78
2021-08-14 05:27:12,0007AC8BE4,K17
2021-08-14 05:30:20,00079AAA3C,K78
2021-08-14 05:34:25,0007ACA816,K78
2021-08-14 05:34:38,0007AC8BE4,K78
2021-08-14 05:35:48,0007AC0734,K78
2021-08-14 05:43:11,000783F377,K78
2021-08-14 05:45:22,0007ABDCCF,K78
2021-08-14 05:46:12,00071E15BF,K78
2021-08-14 05:46:20,00075D879F,K78
2021-08-14 05:46:46,0006E24ECA,K17
2021-08-14 05:47:15,000799A5EF,K78
2021-08-14 05:47:28,000783A42D,K78
2021-08-14 05:47:42,0006E24ECA,K17
2021-08-14 05:47:43,0007ABF44A,K78
2021-08-14 05:47:45,0007AC8787,K76
2021-08-14 05:47:50,00075D076C,K78
2021-08-14 05:48:39,0006B3AC35,K78
2021-08-14 05:50:56,00079AAA3C,K78
2021-08-14 05:51:02,000783B3E8,K78
2021-08-14 05:52:41,000786B8A2,K17
2021-08-14 05:53:03,0006CC24E9,K17
2021-08-14 14:02:57,0007ACA816,K78
2021-08-14 14:41:11,000783A42D,K78
2021-08-14 14:41:22,000783A42D,K78
2021-08-14 15:46:37,0007AC9A80,K78
2021-08-14 15:46:48,0007AC9A80,K78
2021-08-14 15:46:59,0007AC9A80,K78
2021-08-14 17:12:46,0007AC34C9,K78
2021-08-14 17:12:57,0007AC34C9,K78
2021-08-14 17:13:13,0007AC34C9,K78
2021-08-14 18:18:51,0006CC24E9,K17
2021-08-14 20:39:15,0006CC24E9,K17
2021-08-14 20:53:30,000783A42D,K78
2021-08-14 20:55:54,0007AC3CC1,K78
2021-08-14 20:57:46,0007AC0734,K78
2021-08-14 20:57:55,0007ABC809,K78
2021-08-14 21:00:23,0007ABC5F2,K78
2021-08-14 21:00:33,0007ABDCCF,K78
2021-08-14 21:00:45,000783B3E8,K78
2021-08-14 21:00:49,0007AC8106,K78
2021-08-14 21:00:57,0006B34FE4,K78
2021-08-14 21:00:59,00075D879F,K78
2021-08-14 21:01:27,0007AC0145,K78
2021-08-14 21:01:32,00074EEC1A,K78
2021-08-14 21:01:34,0007AC8787,K76
2021-08-14 21:01:35,000783CB2B,K78
2021-08-14 21:01:36,0006B3AC35,K78
2021-08-14 21:01:54,00075B29B2,K78
2021-08-14 21:02:12,00079AAA3C,K78
2021-08-14 21:02:49,0007AC418B,K78
2021-08-14 21:03:01,0007ABD629,K78
2021-08-14 21:03:27,000799A5EF,K78
2021-08-14 21:03:29,0007AC44BD,K78
2021-08-14 21:04:45,000783F377,K78
2021-08-14 21:05:01,00071E15BF,K78
2021-08-14 21:06:20,0007ACA816,K78
2021-08-14 21:07:52,0007AC9A80,K78
2021-08-14 21:08:02,0007AC494F,K78
2021-08-14 21:08:05,0006E24C7B,K76
2021-08-14 21:09:04,0007AC34C9,K78
2021-08-14 21:09:11,000786B8A2,K78
2021-08-14 21:09:20,0007ABF44A,K78
2021-08-14 21:09:36,00075D076C,K78
2021-08-14 21:09:56,0007AC8BE4,K78
2021-08-14 21:11:08,000786D14D,K76
2021-08-14 21:11:22,000788A24D,K76
2021-08-14 21:11:26,00075B22B0,K76
2021-08-14 23:25:23,0006CC24E9,K78
2021-08-14 23:26:11,0006CC24E9,K78
2021-08-14 23:26:49,0006CC24E9,K78
2021-08-14 23:27:02,0007AC8BE4,K78
2021-08-14 23:30:16,0006CC24E9,K78
2021-08-14 23:37:23,0007AC8BE4,K78
2021-08-14 23:49:37,0007AC9A80,K78
2021-08-14 23:50:06,0007AC9A80,K78
2021-08-15 00:46:23,0006CC24E9,K78
2021-08-15 00:48:28,0007ABDCCF,K78
2021-08-15 00:49:25,0006CC24E9,K78
2021-08-15 00:51:17,000786B8A2,K78
2021-08-15 00:52:12,0006CC24E9,K78
2021-08-15 01:01:28,0007ABDCCF,K78
2021-08-15 01:06:12,0007AC0145,K78
2021-08-15 01:07:53,0006CC24E9,K78
2021-08-15 01:09:25,0007AC9A80,K78
2021-08-15 01:18:23,0007AC0145,K78
2021-08-15 01:18:56,0007AC0145,K78
2021-08-15 02:01:25,0007AC9A80,K78
2021-08-15 02:02:47,0007AC9A80,K78
2021-08-15 02:38:10,0007AC9A80,K78
2021-08-15 02:38:50,0007AC9A80,K78
2021-08-15 03:03:23,0006CC24E9,K78
2021-08-15 03:17:14,0006E239ED,K78
2021-08-15 03:18:17,0007ACA16E,K78
2021-08-15 03:18:46,00079AAA3C,K78
2021-08-15 03:19:19,000783A42D,K78
2021-08-15 03:19:46,0007ACA16E,K78
2021-08-15 03:19:52,0006E239ED,K78
2021-08-15 03:26:06,00079AAA3C,K78
2021-08-15 03:26:09,000783A42D,K78
2021-08-15 03:26:31,0006CC24E9,K78
2021-08-15 03:40:23,0006E24ECA,K78
2021-08-15 03:45:00,00075D076C,K78
2021-08-15 03:56:38,00075D076C,K78
2021-08-15 03:58:10,00075D076C,K76
2021-08-15 03:58:25,0007AC494F,K76
2021-08-15 04:08:22,0007AC0145,K78
2021-08-15 04:10:04,0007AC494F,K76
2021-08-15 04:11:06,0007AC494F,K76
2021-08-15 04:16:37,00075D076C,K76
2021-08-15 04:27:01,0007AC494F,K76
2021-08-15 04:30:08,0007AC494F,K76
2021-08-15 04:34:50,00075D076C,K76
2021-08-15 05:10:17,00079AAA3C,K78
2021-08-15 05:11:18,000783A42D,K78
2021-08-15 05:13:30,0006CC24E9,K78
2021-08-15 05:13:34,0007AC494F,K76
2021-08-15 05:14:08,0006CC24E9,K78
2021-08-15 05:21:12,000783A42D,K78
2021-08-15 05:22:19,00079AAA3C,K78
2021-08-15 05:26:51,0007ABC5F2,K78
2021-08-15 05:29:15,0007ABC809,K78
2021-08-15 14:13:55,0007AC8BE4,K13
2021-08-15 14:50:35,0007ACA816,K13
2021-08-15 14:50:49,0007ACA816,K13
2021-08-15 14:51:12,0007ACA816,K13
2021-08-15 14:51:38,0007ACA816,K13
2021-08-15 14:51:50,0007ACA816,K13
2021-08-15 15:16:47,0007CDD849,K13
2021-08-15 15:56:45,0007AC9A80,K13
2021-08-15 17:05:49,0007ABC809,K13
2021-08-15 18:04:29,0007CDD849,K13
2021-08-15 18:04:42,0007CDD849,K13
2021-08-15 18:04:53,0007CDD849,K13
2021-08-15 18:05:04,0007CDD849,K13
2021-08-15 18:05:15,0007CDD849,K13
2021-08-15 18:05:35,0007CDD849,K13
2021-08-15 18:06:28,0007CDD849,K13
2021-08-15 18:06:43,0007CDD849,K13
2021-08-15 18:06:58,0007CDD849,K13
2021-08-15 18:07:10,0007CDD849,K13
2021-08-15 18:07:21,0007CDD849,K13
2021-08-15 18:07:32,0007CDD849,K13
2021-08-15 18:07:43,0007CDD849,K13
2021-08-15 18:07:54,0007CDD849,K13
2021-08-15 18:08:05,0007CDD849,K13
2021-08-15 18:08:16,0007CDD849,K13
2021-08-15 18:08:27,0007CDD849,K13
2021-08-15 18:08:38,0007CDD849,K13
2021-08-15 18:08:49,0007CDD849,K13
2021-08-15 18:09:00,0007CDD849,K13
2021-08-15 18:09:11,0007CDD849,K13
2021-08-15 18:09:22,0007CDD849,K13
2021-08-15 18:09:40,0007CDD849,K13
2021-08-15 18:09:51,0007CDD849,K13
2021-08-15 18:10:29,0007CDD849,K13
2021-08-15 18:10:40,0007CDD849,K13
2021-08-15 20:53:05,0007AC9A80,K13
2021-08-15 20:53:25,0007ABC809,K13
2021-08-15 20:55:06,0006CC24E9,K13
2021-08-15 20:55:12,0007AC0734,K13
2021-08-15 20:56:37,0006E24ECA,K13
2021-08-15 20:59:46,0007ABD629,K13
2021-08-15 20:59:47,000799A5EF,K13
2021-08-15 21:00:06,000786D14D,K76
2021-08-15 21:00:08,0006E24C7B,K76
2021-08-15 21:00:11,0007ABA539,K13
2021-08-15 21:00:20,0006B3AC35,K13
2021-08-15 21:00:31,0007AC8BE4,K13
2021-08-15 21:00:40,00074EEC1A,K13
2021-08-15 21:00:55,0007ABC5F2,K13
2021-08-15 21:00:55,0007AC0145,K13
2021-08-15 21:01:18,000783A42D,K13
2021-08-15 21:01:23,0006B34FE4,K13
2021-08-15 21:01:31,0006E241C1,K13
2021-08-15 21:01:44,00079AAA3C,K13
2021-08-15 21:03:27,0007ACA816,K13
2021-08-15 21:03:41,000783F377,K13
2021-08-15 21:04:32,0007AC44BD,K13
2021-08-15 21:05:26,0007AC8106,K13
2021-08-15 21:05:40,00075B29B2,K13
2021-08-15 21:05:52,00075B22B0,K76
2021-08-15 21:06:45,000783B3E8,K76
2021-08-15 21:07:01,000788A24D,K76
2021-08-15 21:07:04,000786B8A2,K13
2021-08-15 21:07:11,0007AC0145,K13
2021-08-15 21:07:13,0007AC80F1,K76
2021-08-15 21:07:20,0007CDD849,K13
2021-08-15 21:07:26,0007AC34C9,K13
2021-08-15 21:08:49,000783CB2B,K76
2021-08-15 21:09:32,00075D076C,K76
2021-08-15 21:12:17,0007AC494F,K76
2021-08-16 00:09:26,0007AC9A80,K13
2021-08-16 01:16:18,000786B8A2,K13
2021-08-16 01:50:41,0006CC24E9,K13
2021-08-16 01:54:00,000783A42D,K13
2021-08-16 02:04:50,000783A42D,K13
2021-08-16 02:14:28,0007AC9A80,K13
2021-08-16 02:17:20,0007AC8106,K13
2021-08-16 02:18:44,0007AC8106,K13
2021-08-16 02:38:09,0006CC24E9,K13
2021-08-16 02:44:21,0007ABA539,K13
2021-08-16 02:44:25,0007CDD849,K13
2021-08-16 02:48:27,0007AC9A80,K13
2021-08-16 02:55:51,000786B8A2,K13
2021-08-16 02:58:39,0007AC494F,K76
2021-08-16 03:00:37,000783A42D,K13
2021-08-16 03:10:11,000799A5EF,K13
2021-08-16 03:10:38,00075D076C,K76
2021-08-16 03:10:48,000799A5EF,K13
2021-08-16 03:11:09,00075D076C,K76
2021-08-16 03:11:12,0007AC494F,K76
2021-08-16 03:16:44,0007ABA539,K13
2021-08-16 03:19:43,0006CC24E9,K13
2021-08-16 03:29:04,0007ACA816,K76
2021-08-16 03:29:40,0007ACA816,K76
2021-08-16 03:31:27,0007ACA816,K76
2021-08-16 03:41:29,000783A42D,K13
2021-08-16 03:41:52,00074EEC1A,K13
2021-08-16 03:54:46,00074EEC1A,K13
2021-08-16 03:57:23,0006E239ED,K13
2021-08-16 03:57:44,0006CC24E9,K13
2021-08-16 03:58:45,000783B3E8,K76
2021-08-16 04:01:49,0007ACA816,K76
2021-08-16 04:02:28,0007ACA816,K76
2021-08-16 04:04:38,000783B3E8,K76
2021-08-16 04:05:39,00075D076C,K76
2021-08-16 04:05:44,0007AC494F,K76
2021-08-16 04:23:48,0007CDD849,K13
2021-08-16 04:29:59,0007AC0734,K13
2021-08-16 04:36:35,0007AC9A80,K13
2021-08-16 05:00:14,0007AC44BD,K13
2021-08-16 05:13:09,000786D14D,K76
2021-08-16 05:13:53,0007AC34C9,K13
2021-08-16 05:16:04,000783A42D,K13
2021-08-16 05:19:25,000786B8A2,K13
2021-08-16 05:23:06,000786D14D,K76
2021-08-16 05:23:44,000783A42D,K13
2021-08-16 05:34:17,0007AC8BE4,K13
2021-08-16 05:35:26,0007AC0145,K13
2021-08-16 05:38:00,0007AC494F,K76
2021-08-16 05:38:12,0007AC0734,K13
2021-08-16 05:46:56,0007ABC5F2,K13
2021-08-16 05:47:03,0006E239ED,K13
2021-08-16 05:47:07,0007AC34C9,K13
2021-08-16 05:47:44,0007AC44BD,K13
2021-08-16 05:49:08,0007AC8787,K76
2021-08-16 05:51:37,0007AC34C9,K13
2021-08-16 05:51:50,0007CDD849,K13
2021-08-16 05:53:15,0006E241C1,K13
2021-08-16 05:55:29,000786B8A2,K13
2021-08-16 05:56:26,0006CC24E9,K13
2021-08-16 06:01:58,0007ABA539,K13
2021-08-16 20:49:35,0006E24ECA,K13
2021-08-16 20:50:31,0007ABA539,K13
2021-08-16 20:56:48,0006CC24E9,K13
2021-08-16 20:57:32,0007AC8106,K13
2021-08-16 20:57:36,0006E241C1,K13
2021-08-16 20:58:18,0007AC0734,K13
2021-08-16 20:58:30,0007AC0734,K13
2021-08-16 21:00:10,0007AC8787,K76
2021-08-16 21:02:21,000786B8A2,K13
2021-08-16 21:04:30,0007AC34C9,K13
2021-08-16 21:09:04,000783CB2B,K76
2021-08-16 21:09:05,0006CC24E9,K13
2021-08-16 21:12:21,000786D14D,K76
2021-08-16 21:13:39,0007AC80F1,K76
2021-08-16 21:15:33,0007ABD4DC,K76
2021-08-16 21:21:23,0007AC494F,K76
2021-08-16 21:22:23,0007AC8106,K13
2021-08-16 21:26:30,00075D076C,K76
2021-08-16 21:26:41,00075D076C,K76
2021-08-16 21:26:44,0007AC494F,K76
2021-08-16 21:49:48,0007AC494F,K76
2021-08-16 21:49:59,0007AC494F,K76
2021-08-16 21:59:04,0007AC494F,K13
2021-08-16 23:34:14,0007AC8BE4,K13
2021-08-16 23:34:34,0007AC8BE4,K13
2021-08-17 20:31:04,0006CC24E9,K13
2021-08-17 20:39:14,0007AC8106,K13
2021-08-17 20:52:53,0007AC34C9,K13
2021-08-17 20:52:57,0007AC0734,K13
2021-08-17 20:59:33,0007AC494F,K13
2021-08-17 21:00:35,0007CDD849,K13
2021-08-17 21:02:10,0007AC494F,K76
2021-08-17 21:17:53,000786D14D,K76
2021-08-17 21:21:05,0007AC494F,K76
2021-08-17 21:22:28,000786D14D,K76
2021-08-17 21:23:48,0007AC494F,K76
2021-08-17 21:24:38,0007ABD4DC,K76
2021-08-17 21:35:52,0007AC494F,K76
2021-08-17 21:42:38,0007AC494F,K76
2021-08-17 22:00:14,0007AC34C9,K13
2021-08-17 22:12:38,0006CC24E9,K13
2021-08-17 22:22:03,0006CC24E9,K13
2021-08-17 22:52:14,0007AC494F,K76
2021-08-17 22:53:16,0007ABA539,K13
2021-08-17 23:05:47,000786B8A2,K13
2021-08-17 23:12:24,000783A42D,K13
2021-08-17 23:17:43,0007AC494F,K76
2021-08-17 23:25:21,0007AC8666,K13
2021-08-17 23:25:29,0007ABA539,K13
2021-08-17 23:34:19,0007AC494F,K13
2021-08-17 23:36:00,0007AC34C9,K13
2021-08-17 23:41:00,0007AC0734,K13
2021-08-17 23:51:04,0006CC24E9,K13
2021-08-17 23:51:24,0006E241C1,K13
2021-08-18 00:00:37,000783A42D,K13
2021-08-18 00:03:21,0006CC24E9,K13
2021-08-18 00:17:36,0006E241C1,K13
2021-08-18 00:17:37,0007AC34C9,K13
2021-08-18 00:18:58,0007AC8666,K13
2021-08-18 00:30:04,0007ABA539,K13
2021-08-18 00:35:37,0007ABA539,K13
2021-08-18 00:38:48,0007CDD849,K13
2021-08-18 01:03:08,00075B29B2,K13
2021-08-18 01:11:21,0007AC494F,K13
2021-08-18 01:13:49,0007AC494F,K76
2021-08-18 01:14:26,0007AC494F,K76
2021-08-18 01:16:21,0007AC8BE4,K13
2021-08-18 01:19:10,000783A42D,K13
2021-08-18 01:23:44,0007ABA539,K13
2021-08-18 01:45:55,0007ABA539,K13
2021-08-18 01:59:35,000786B8A2,K13
2021-08-18 02:11:38,000783A42D,K13
2021-08-18 02:14:12,0007AC418B,K13
2021-08-18 02:30:07,00071E15BF,K13
2021-08-18 02:32:18,0007ABD629,K13
2021-08-18 02:39:43,000783B3E8,K13
2021-08-18 02:51:15,000783A42D,K13
2021-08-18 03:35:41,00075B29B2,K13
2021-08-18 03:38:38,000783B3E8,K13
2021-08-18 03:50:37,000783A42D,K13
2021-08-18 04:06:37,0007ABD629,K13
2021-08-18 04:35:40,000786B8A2,K13
2021-08-18 04:52:17,000783B3E8,K76
2021-08-18 05:30:54,0007AC80F1,K76
2021-08-18 05:31:07,0007AC80F1,K76
2021-08-18 05:31:18,0007AC80F1,K76
2021-08-18 05:31:29,0007AC80F1,K76
2021-08-18 05:31:40,0007AC80F1,K76
2021-08-18 06:13:59,000786B8A2,K13
2021-08-18 20:30:12,0007AC8106,K13
2021-08-18 20:30:24,0007AC8BE4,K13
2021-08-18 20:44:59,00079A0255,K9
2021-08-18 20:45:13,0007ABD629,K9
2021-08-18 20:46:12,0007AC0145,K13
2021-08-18 20:47:12,00075B29B2,K9
2021-08-18 20:48:23,0007AC8BE4,K13
2021-08-18 20:51:05,0007AC80F1,K76
2021-08-18 20:51:28,000786D14D,K76
2021-08-18 20:52:44,0007AC5939,K9
2021-08-18 20:52:54,0007AC494F,K13
2021-08-18 20:53:02,000783F377,K9
2021-08-18 20:53:03,000783CB2B,K76
2021-08-18 20:54:24,00075B22B0,K76
2021-08-18 21:05:20,0007ABD4DC,K76
2021-08-18 21:10:43,0007CDD849,K13
2021-08-18 21:59:20,0007CDD849,K13
2021-08-18 22:24:15,0007ABA539,K13
2021-08-18 22:28:00,0007ABA539,K13
2021-08-18 22:28:01,0007CDD849,K13
2021-08-18 22:30:19,0007AC8106,K9
2021-08-18 22:36:03,0007ABD629,K9
2021-08-18 23:13:02,000799A5EF,K9
2021-08-18 23:20:17,0007AC494F,K76
2021-08-18 23:27:13,000799A5EF,K9
2021-08-18 23:27:27,00075D076C,K76
2021-08-18 23:32:48,0007AC8666,K9
2021-08-18 23:45:17,0007AC8106,K9
2021-08-18 23:57:05,0007AC8666,K9
2021-08-19 00:09:59,0006CC24E9,K13
2021-08-19 00:12:00,0007CDD849,K13
2021-08-19 00:16:55,000786B8A2,K13
2021-08-19 00:16:59,0007AC8106,K13
2021-08-19 00:31:45,0006CC24E9,K13
2021-08-19 00:34:59,0007AC8106,K13
2021-08-19 01:07:47,0007CDD849,K13
2021-08-19 01:16:44,0007AC494F,K76
2021-08-19 01:25:14,0006B3AC35,K9
2021-08-19 01:25:33,0007ACA816,K9
2021-08-19 01:28:21,0007AC494F,K76
2021-08-19 01:30:53,0007CDD849,K13
2021-08-19 01:33:16,0007AC8666,K9
2021-08-19 01:45:00,0006B3AC35,K9
2021-08-19 02:09:44,0007AC0145,K13
2021-08-19 02:21:09,0007ABC5F2,K13
2021-08-19 02:21:10,0007AC0145,K13
2021-08-19 02:21:14,0007AC8666,K9
2021-08-19 02:47:36,00075B29B2,K9
2021-08-19 02:49:41,0007AC8666,K9
2021-08-19 03:02:09,000783B3E8,K13
2021-08-19 03:10:25,000783B3E8,K13
2021-08-19 03:19:24,0007AC0145,K13
2021-08-19 03:25:53,0007AC8BE4,K13
2021-08-19 03:38:45,00071E15BF,K13
2021-08-19 03:53:41,00075B29B2,K9
2021-08-19 03:54:09,0007CDD849,K13
2021-08-19 04:09:36,0007AC8666,K9
2021-08-19 04:13:00,00079A0255,K76
2021-08-19 04:14:32,00079A0255,K76
2021-08-19 04:15:24,0006B34FE4,K76
2021-08-19 04:20:04,000799A5EF,K9
2021-08-19 04:26:01,000783F377,K9
2021-08-19 04:37:27,0007AC8666,K9
2021-08-19 04:38:21,000799A5EF,K9
2021-08-19 05:21:15,00074F663E,K9
2021-08-19 05:23:30,0007AC8106,K9
2021-08-19 05:24:23,000788A24D,K76
2021-08-19 05:24:31,0007AC5939,K9
2021-08-19 05:29:39,0006B3AC35,K9
2021-08-19 05:30:03,000786D14D,K76
2021-08-19 05:30:36,0007ABD629,K9
2021-08-19 05:33:16,0007ABDCCF,K9
2021-08-19 05:36:05,00075B29B2,K9
2021-08-19 05:38:37,0006B3AC35,K9
2021-08-19 05:42:14,0006E24C7B,K9
2021-08-19 05:44:37,0007AC8BE4,K13
2021-08-19 05:45:35,00074F663E,K9
2021-08-19 05:46:45,0007ACA816,K9
2021-08-19 05:48:17,0007AC0145,K13
2021-08-19 05:51:26,000783B3E8,K9
2021-08-19 05:52:38,0006B34FE4,K76
2021-08-19 05:55:36,0006B34FE4,K76
2021-08-19 05:59:06,0006B3AC35,K9
2021-08-19 06:02:50,0007AC8787,K76
2021-08-19 06:02:55,0006E24ECA,K13
2021-08-19 06:03:58,0006B34FE4,K13
2021-08-19 06:04:34,0007AC8106,K13
2021-08-19 06:08:27,0007AC8106,K13
2021-08-19 06:08:32,0006E24ECA,K13
2021-08-19 20:50:21,0006E24C7B,K9
2021-08-19 20:51:40,00074F663E,K9
2021-08-19 20:53:37,0006B3AC35,K9
2021-08-19 20:54:19,0007AC8787,K76
2021-08-19 20:54:38,00075D879F,K9
2021-08-19 20:55:03,0007ACA816,K9
2021-08-19 20:55:37,0007AC418B,K76
2021-08-19 20:55:43,000783CB2B,K76
2021-08-19 20:55:54,0007ABD629,K9
2021-08-19 20:58:20,0007ABDCCF,K9
2021-08-19 20:59:28,000783F429,K9
2021-08-19 20:59:47,00075B29B2,K9
2021-08-19 20:59:58,0007AC5939,K9
2021-08-19 21:02:00,00079A0255,K76
2021-08-19 21:02:15,000786D14D,K76
2021-08-19 21:02:30,00075B22B0,K76
2021-08-19 21:03:26,0007AC80F1,K76
2021-08-19 21:03:51,0006B34FE4,K76
2021-08-19 21:04:05,000783F377,K9
2021-08-19 21:05:09,00075D076C,K76
2021-08-19 21:06:10,0007ABD4DC,K76
2021-08-19 21:36:03,0007AC494F,K76
2021-08-19 21:47:17,0007AC494F,K76
2021-08-19 21:49:56,00075D076C,K76
2021-08-19 23:07:01,0007AC8106,K9
2021-08-20 00:08:37,000786D14D,K9
2021-08-20 00:08:44,0006E24ECA,K9
2021-08-20 00:23:52,0007AC494F,K76
2021-08-20 00:39:01,0007AC494F,K76
2021-08-20 01:47:55,00075B29B2,K9
2021-08-20 01:48:05,0006E24ECA,K9
2021-08-20 01:49:02,000786D14D,K9
2021-08-20 02:01:38,0006E239ED,K9
2021-08-20 02:04:45,0007AC0734,K9
2021-08-20 02:05:44,00071E2D31,K9
2021-08-20 02:07:10,00071E2D31,K9
2021-08-20 02:07:21,00071E2D31,K9
2021-08-20 02:08:09,0007AC0734,K9
2021-08-20 02:11:39,0006E239ED,K9
2021-08-20 03:13:30,0007ABDCCF,K9
2021-08-20 03:19:50,0007AC3CC1,K9
2021-08-20 03:25:12,0006E24ECA,K9
2021-08-20 03:25:21,0007ABDCCF,K9
2021-08-20 03:34:29,0007ABDCCF,K9
2021-08-20 03:35:25,0007ACA816,K9
2021-08-20 03:35:47,0006B3AC35,K9
2021-08-20 03:38:35,0007AC494F,K76
2021-08-20 03:44:05,0006E24ECA,K9
2021-08-20 03:44:17,00075B29B2,K9
2021-08-20 03:45:44,000783F377,K9
2021-08-20 03:46:03,0007AC3CC1,K9
2021-08-20 03:46:15,0007ABF44A,K76
2021-08-20 03:47:39,0007ACA816,K9
2021-08-20 03:52:21,0007AC494F,K76
2021-08-20 03:54:57,00075D076C,K76
2021-08-20 03:58:33,0006B3AC35,K9
2021-08-20 04:02:44,00075B29B2,K9
2021-08-20 04:11:09,0007ABDCCF,K9
2021-08-20 04:23:32,0007AC494F,K76
2021-08-20 04:23:53,0007AC494F,K76
2021-08-20 04:32:09,0007ABF44A,K76
2021-08-20 04:33:48,00075D076C,K76
2021-08-20 04:36:51,00071E2D31,K76
2021-08-20 04:37:02,00071E2D31,K76
2021-08-20 04:49:04,0007AC44BD,K9
2021-08-20 04:58:17,0007AC0734,K9
2021-08-20 05:06:33,0007AC44BD,K9
2021-08-20 05:06:44,0007AC44BD,K9
2021-08-20 05:19:57,00075B29B2,K9
2021-08-20 05:29:57,0007ABDCCF,K9
2021-08-20 05:30:41,00075B29B2,K9
2021-08-20 05:35:00,0007AC418B,K76
2021-08-20 05:39:02,000783F377,K9
2021-08-20 05:42:18,00074EEC1A,K9
2021-08-20 05:46:41,00074EEC1A,K9
2021-08-20 05:47:49,0007AC5939,K9
2021-08-20 05:48:17,0006E239ED,K9
2021-08-20 05:50:53,000799A5EF,K9
2021-08-20 05:51:21,0007AC34C9,K9
2021-08-20 05:52:57,0007AC494F,K76
2021-08-20 05:53:42,0007AC494F,K76
2021-08-20 05:56:10,00075D879F,K9
2021-08-20 05:57:28,000788A24D,K76
2021-08-20 05:58:43,0007AC494F,K76
2021-08-20 06:05:12,0006B3AC35,K9
2021-08-20 06:05:55,0007AC8787,K76
2021-08-20 06:08:28,0007ABF44A,K76
2021-08-22 20:57:17,000783A42D,K5
2021-08-22 20:57:29,000783A42D,K5
2021-08-22 20:57:50,000783A42D,K5
2021-08-22 20:58:30,000783A42D,K5
2021-08-22 20:58:41,000783A42D,K5
2021-08-22 20:59:03,0007AC0387,K25
2021-08-22 20:59:21,0007ACA816,K5
2021-08-22 20:59:26,0007AC8787,K5
2021-08-22 21:04:23,0007AC0145,K5
2021-08-22 21:04:35,0007AC0145,K5
2021-08-22 21:05:46,000799A5EF,K5
2021-08-22 21:05:50,0007ABC809,K5
2021-08-22 21:06:59,00075B22B0,K25
2021-08-22 21:07:16,000783F429,K5
2021-08-22 21:08:08,0007AC0145,K5
2021-08-22 21:08:22,00074F663E,K5
2021-08-22 21:08:31,0007AC5939,K5
2021-08-22 21:08:50,000783CB2B,K25
2021-08-22 21:09:59,000786D14D,K5
2021-08-22 21:12:11,0007ABC5F2,K5
2021-08-22 21:12:25,00079AAA3C,K5
2021-08-22 21:12:38,0006E24ECA,K5
2021-08-22 21:12:49,0006B34FE4,K5
2021-08-22 21:14:51,0006B3BF04,K5
2021-08-22 21:15:27,0006B3AC35,K5
2021-08-22 21:15:43,0007ABDCCF,K5
2021-08-22 21:16:47,0007ABD4DC,K5
2021-08-22 21:19:18,0007AC34C9,K5
2021-08-22 21:19:24,000783F377,K5
2021-08-22 21:19:34,0006E241C1,K5
2021-08-22 21:19:42,0007ABD629,K5
2021-08-22 21:19:59,0007AC418B,K25
2021-08-22 21:25:11,000788A24D,K25
2021-08-22 21:32:44,0007AC44BD,K25
2021-08-22 21:34:46,00074EEC1A,K5
2021-08-22 21:53:49,0006E241C1,K5
2021-08-22 22:03:04,00074EEC1A,K5
2021-08-22 22:03:41,00074EEC1A,K5
2021-08-22 22:14:32,0007AC34C9,K5
2021-08-22 22:14:44,0007AC9A80,K5
2021-08-22 22:17:21,0007ACA816,K5
2021-08-22 22:17:55,0007ACA816,K5
2021-08-22 22:20:56,0006E239ED,K25
2021-08-22 22:28:22,0007AC34C9,K5
2021-08-22 22:55:59,0007AC44BD,K25
2021-08-22 22:57:03,0007AC0734,K25
2021-08-22 22:57:16,0007AC9A80,K25
2021-08-22 23:07:01,00074F663E,K25
2021-08-22 23:07:28,0007AC44BD,K25
2021-08-22 23:09:50,0007AC8BE4,K5
2021-08-22 23:12:16,0007AC8BE4,K25
2021-08-22 23:13:30,0007AC8106,K25
2021-08-22 23:13:41,0007AC8106,K25
2021-08-22 23:13:53,0007AC8106,K25
2021-08-22 23:17:41,000799A5EF,K25
2021-08-22 23:18:04,000799A5EF,K25
2021-08-22 23:18:17,0007AC8BE4,K25
2021-08-22 23:18:28,0007AC8BE4,K25
2021-08-22 23:32:47,0007AC0734,K25
2021-08-22 23:33:17,0007AC8106,K25
2021-08-22 23:33:49,00079AAA3C,K25
2021-08-22 23:34:21,0007AC8787,K25
2021-08-22 23:35:11,0007AC8787,K25
2021-08-22 23:36:08,0007AC3CC1,K25
2021-08-22 23:43:26,0007ACAC37,K25
2021-08-22 23:44:36,0007AC0734,K25
2021-08-22 23:48:24,0007AC8106,K25
2021-08-22 23:48:38,000783F377,K25
2021-08-23 00:00:30,0007AC8BE4,K5
2021-08-23 00:24:24,0007AC0145,K5
2021-08-23 00:24:38,000786D14D,K5
2021-08-23 00:26:05,0007AC0145,K5
2021-08-23 00:26:22,0007AC0145,K5
2021-08-23 00:26:59,000786D14D,K5
2021-08-23 00:45:11,0007AC0734,K25
2021-08-23 00:51:07,0006B3BF04,K5
2021-08-23 00:51:33,000783F377,K5
2021-08-23 00:53:12,000783F377,K5
2021-08-23 00:55:55,0007ABDCCF,K5
2021-08-23 01:12:12,000783F429,K5
2021-08-23 01:13:45,0007AC8666,K5
2021-08-23 01:13:50,0006B3BF04,K5
2021-08-23 01:46:56,00075D879F,K25
2021-08-23 02:18:27,0007AC9A80,K25
2021-08-23 02:49:51,0007AC0145,K5
2021-08-23 03:05:43,000786D14D,K5
2021-08-23 05:06:26,000799A5EF,K25
2021-08-23 05:06:44,000799A5EF,K25
2021-08-23 05:08:44,0007AC0145,K25
2021-08-23 05:09:39,000799A5EF,K25
2021-08-23 05:11:13,00075D879F,K25
2021-08-23 05:25:51,0007AC0145,K25
2021-08-23 05:26:02,0007AC80F1,K25
2021-08-23 05:27:22,00075D879F,K25
2021-08-23 05:28:52,0007AC80F1,K25
2021-08-23 05:32:40,0007AC418B,K25
2021-08-23 05:47:57,0006E241C1,K5
2021-08-23 05:57:01,00079AAA3C,K25
2021-08-23 05:58:06,0007ACAC37,K25
2021-08-23 20:46:32,0006B34FE4,K25
2021-08-23 20:47:26,0007AC80F1,K25
2021-08-23 20:52:37,0007ABC809,K25
2021-08-23 20:52:41,000799A5EF,K25
2021-08-23 20:53:42,00075D879F,K25
2021-08-23 20:54:32,00079AAA3C,K25
2021-08-23 20:55:03,0007AC418B,K25
2021-08-23 20:56:31,0007AC8106,K25
2021-08-23 20:58:50,0007ABD4DC,K25
2021-08-23 21:02:41,0007AC9A80,K25
2021-08-24 00:41:12,000783B3E8,K25
2021-08-24 00:42:12,000783B3E8,K25
2021-08-24 00:42:40,0007AC8BE4,K25
2021-08-24 00:56:03,00075D076C,K25
2021-08-24 01:14:01,000799A5EF,K25
2021-08-24 01:22:08,00075CE063,K25
2021-08-24 01:22:20,000799A5EF,K25
2021-08-24 01:53:57,00074F663E,K25
2021-08-24 02:45:39,000799A5EF,K25
2021-08-24 02:46:08,0006E241C1,K25
2021-08-24 02:46:40,0006E241C1,K25
2021-08-24 02:46:44,000799A5EF,K25
2021-08-24 03:21:37,0007AC3CC1,K25
2021-08-24 03:27:05,000783F377,K25
2021-08-24 03:34:26,0006B3AC35,K25
2021-08-24 03:43:47,0006E241C1,K25
2021-08-24 03:44:02,0006E241C1,K25
2021-08-24 04:05:00,0007AC80F1,K25
2021-08-24 04:07:56,0007AC8666,K25
2021-08-24 04:08:11,0007AC8666,K25
2021-08-24 04:08:25,0007AC8666,K25
2021-08-24 04:10:41,0007AC80F1,K25
2021-08-24 04:33:05,000799A5EF,K25
2021-08-24 04:36:17,0006B3BF04,K25
2021-08-24 04:57:12,0007AC5939,K25
2021-08-24 05:01:38,0006B3BF04,K25
2021-08-24 05:11:26,00074EEC1A,K25
2021-08-24 05:12:09,0007AC8666,K25
2021-08-24 05:28:39,0006E241C1,K25
2021-08-24 05:43:09,0007AC8787,K25
2021-08-24 05:56:10,0007ABD629,K25
2021-08-24 05:57:08,00075CE063,K25
2021-08-24 05:57:10,000783B3E8,K25
2021-08-24 06:02:06,0007AC8787,K25
2021-08-24 20:37:36,0006B34FE4,K25
2021-08-24 20:42:13,00075D879F,K25
2021-08-24 20:44:47,0007AC8787,K25
2021-08-24 20:44:59,0006B3BF04,K25
2021-08-24 20:45:08,000799A5EF,K25
2021-08-24 20:45:51,0007ABC809,K25
2021-08-24 20:46:11,00074F663E,K25
2021-08-24 20:46:35,0006E241C1,K25
2021-08-24 20:47:19,0007ABDCCF,K25
2021-08-24 20:48:33,0007AC80F1,K25
2021-08-24 20:48:35,0007AC3CC1,K25
2021-08-24 20:49:24,00079AAA3C,K25
2021-08-24 20:52:41,0007ACAC37,K25
2021-08-24 20:53:23,0007AC8666,K25
2021-08-24 20:54:43,0006B3AC35,K25
2021-08-24 20:55:19,00075B29B2,K25
2021-08-24 20:56:06,000783F377,K25
2021-08-24 20:56:08,0007AC5939,K25
2021-08-24 20:57:55,0007ABD4DC,K25
2021-08-24 21:00:01,00074EEC1A,K25
2021-08-24 21:27:16,00074EEC1A,K25
2021-08-24 21:53:33,000783A42D,K25
2021-08-24 21:54:23,000783A42D,K25
2021-08-24 21:54:50,000783A42D,K25
2021-08-24 21:55:22,000783A42D,K25
2021-08-24 21:55:54,00074EEC1A,K25
2021-08-24 21:55:58,000783A42D,K25
2021-08-25 00:53:24,0006B3AC35,K25
2021-08-25 00:53:26,0007ACA816,K25
2021-08-25 01:29:41,0007ACA816,K25
2021-08-25 20:35:24,0007ACAC37,K28
2021-08-25 20:35:28,0007AC8787,K28
2021-08-25 20:38:05,0007AC0387,K28
2021-08-25 20:38:10,00075CE063,K28
2021-08-25 20:38:27,000783A42D,K28
2021-08-25 20:39:09,0006E24C7B,K28
2021-08-25 20:39:52,00079A0255,K28
2021-08-25 20:40:01,000783CB2B,K28
2021-08-25 20:40:50,000783F429,K28
2021-08-25 20:42:22,0007ABF44A,K28
2021-08-25 20:42:31,0007AC8106,K28
2021-08-25 20:42:42,000783B3E8,K28
2021-08-25 20:43:04,0006E24ECA,K28
2021-08-25 20:44:03,00075D879F,K28
2021-08-25 20:44:06,0007AC0734,K28
2021-08-25 20:44:09,000799A5EF,K28
2021-08-25 20:44:19,0007AC80F1,K28
2021-08-25 20:45:06,00075B22B0,K28
2021-08-25 20:45:25,0006B34FE4,K28
2021-08-25 20:45:30,00075B29B2,K28
2021-08-25 20:47:12,0007AC8BE4,K28
2021-08-25 20:48:05,000786D14D,K28
2021-08-25 20:49:11,00071E15BF,K28
2021-08-25 20:49:29,000783F377,K28
2021-08-25 20:50:00,0007AC5939,K28
2021-08-25 20:50:29,000786B8A2,K28
2021-08-25 21:16:42,0006E24ECA,K28
2021-08-25 21:44:44,0006E24ECA,K28
2021-08-25 22:35:16,0007ABD629,K28
2021-08-26 00:23:00,00075D076C,K28
2021-08-26 00:23:15,0007AC494F,K28
2021-08-26 00:23:42,0007AC494F,K28
2021-08-26 00:23:53,0007AC494F,K28
2021-08-26 00:26:06,00075D076C,K28
2021-08-26 00:55:42,0007ABA539,K28
2021-08-26 00:59:04,0007ABA539,K28
2021-08-26 01:26:11,0006CC24E9,K28
2021-08-26 01:27:25,0007AC44BD,K28
2021-08-26 02:00:00,0007ABDCCF,K28
2021-08-26 02:04:09,0007AC44BD,K28
2021-08-26 02:11:11,0006CC24E9,K28
2021-08-26 02:19:32,00074EEC1A,K28
2021-08-26 02:20:47,0007ACA816,K28
2021-08-26 02:23:07,0007ACA816,K28
2021-08-26 02:38:46,0007AC8BE4,K28
2021-08-26 02:39:32,00074EEC1A,K28
2021-08-26 02:41:40,000783A42D,K28
2021-08-26 02:52:39,000783B3E8,K28
2021-08-26 02:53:32,0007AC8666,K28
2021-08-26 02:53:46,000783A42D,K28
2021-08-26 02:53:57,000783A42D,K28
2021-08-26 02:54:11,000783A42D,K28
2021-08-26 02:54:37,000783B3E8,K28
2021-08-26 02:54:48,000783B3E8,K28
2021-08-26 02:55:45,0007AC8666,K28
2021-08-26 02:56:02,00079AAA3C,K28
2021-08-26 02:59:08,0007AC8106,K28
2021-08-26 03:08:38,0007AC8106,K28
2021-08-26 03:08:49,0007AC8106,K28
2021-08-26 03:27:46,0007ABD629,K28
2021-08-26 03:27:52,0007AC8106,K28
2021-08-26 03:35:00,0007ABA539,K28
2021-08-26 03:35:26,0007ABA539,K28
2021-08-26 03:41:23,0007ABA539,K28
2021-08-26 03:53:24,0007ABA539,K28
2021-08-26 04:47:48,0006CC24E9,K28
2021-08-26 04:48:32,0006CC24E9,K28
2021-08-26 04:49:24,0006CC24E9,K28
2021-08-31 20:19:45,0007ABDCCF,K107
2021-08-31 20:26:48,0007ACAC37,K107
2021-08-31 20:27:38,0006E24ECA,K107
2021-08-31 20:27:47,0007ACAC37,K107
2021-08-31 20:31:21,0007AC8787,K107
2021-08-31 20:32:31,0006B3BF04,K107
2021-08-31 20:33:03,000783B3E8,K107
2021-08-31 20:34:12,0007AC0734,K107
2021-08-31 20:34:24,000783CB2B,K107
2021-08-31 20:34:46,0007ACA816,K107
2021-08-31 20:35:55,000799A5EF,K107
2021-08-31 20:35:58,000783A42D,K107
2021-08-31 20:37:10,0007AC8666,K107
2021-08-31 20:37:21,0007ABC5F2,K107
2021-08-31 20:37:56,0007AC8BE4,K107
2021-08-31 20:38:09,000783B3E8,K107
2021-08-31 20:38:26,000786D14D,K107
2021-08-31 20:38:53,0007AC0145,K107
2021-08-31 20:39:07,0007AC8106,K107
2021-08-31 20:39:37,00075D879F,K107
2021-08-31 20:40:30,0007ABA539,K107
2021-08-31 20:42:25,0007AC9A80,K107
2021-08-31 20:42:36,0007AC9A80,K107
2021-08-31 20:42:54,0006E241C1,K107
2021-08-31 20:43:04,0007AC3CC1,K107
2021-08-31 20:43:08,00079AAA3C,K107
2021-08-31 20:43:14,0007AC9A80,K107
2021-08-31 20:44:08,0007AC494F,K107
2021-08-31 20:44:35,0006CC24E9,K107
2021-08-31 20:45:40,00075B22B0,K107
2021-08-31 20:45:56,0006B34FE4,K107
2021-08-31 20:46:00,00075CE063,K107
2021-08-31 20:47:10,000786B8A2,K107
2021-08-31 20:47:26,00071E15BF,K107
2021-08-31 20:47:33,0007ABD629,K107
2021-08-31 20:47:48,00079A0255,K107
2021-08-31 20:49:09,00075B29B2,K107
2021-08-31 20:49:26,0007ABD4DC,K107
2021-08-31 20:49:37,0007AC5939,K107
2021-08-31 23:46:02,0006CC24E9,K107
2021-08-31 23:46:14,0006CC24E9,K107
2021-08-31 23:56:33,0006CC24E9,K107
2021-08-31 23:56:44,0006E241C1,K107
2021-08-31 23:58:30,0006E241C1,K107
2021-09-01 00:02:29,0006CC24E9,K107
2021-09-01 00:20:24,00079AAA3C,K107
2021-09-01 00:20:36,000783A42D,K107
2021-09-01 00:21:04,000783A42D,K107
2021-09-01 00:21:18,000783A42D,K107
2021-09-01 00:21:41,000783A42D,K107
2021-09-01 00:21:48,00079AAA3C,K107
2021-09-01 00:42:04,0006CC24E9,K107
2021-09-01 00:42:16,0007AC44BD,K107
2021-09-01 00:42:34,0007AC44BD,K107
2021-09-01 00:45:40,0006E239ED,K107
2021-09-01 00:48:27,0006E239ED,K107
2021-09-01 00:48:45,0007AC44BD,K107
2021-09-01 00:53:44,0007AC3CC1,K107
2021-09-01 00:53:55,0007AC3CC1,K107
2021-09-01 00:54:04,0006CC24E9,K107
2021-09-01 01:19:59,0007AC0734,K29
2021-09-01 01:55:24,0006CC24E9,K107
2021-09-01 01:55:38,000783A42D,K107
2021-09-01 01:57:02,00079AAA3C,K107
2021-09-01 01:57:05,000783A42D,K107
2021-09-01 02:01:40,000786B8A2,K107
2021-09-01 02:03:18,000786B8A2,K107
2021-09-01 02:05:31,0006CC24E9,K107
2021-09-01 02:14:31,0006E241C1,K107
2021-09-01 02:33:54,0006CC24E9,K107
2021-09-01 02:34:02,0007AC0734,K107
2021-09-01 02:34:11,0006E239ED,K107
2021-09-01 02:49:46,0006CC24E9,K107
2021-09-01 02:57:46,000783B3E8,K107
2021-09-01 02:58:02,0007AC494F,K107
2021-09-01 03:00:28,0007AC9A80,K107
2021-09-01 03:03:11,0006E239ED,K107
2021-09-01 03:08:21,0007AC0734,K107
2021-09-01 03:10:55,0006E241C1,K107
2021-09-01 03:16:40,0007AC494F,K107
2021-09-01 03:16:50,000783B3E8,K107
2021-09-01 03:23:31,0006B3AC35,K107
2021-09-01 03:23:33,0007AC0145,K107
2021-09-01 03:24:10,0007ABC5F2,K107
2021-09-01 03:24:14,0007ABF44A,K107
2021-09-01 03:24:16,0007AC9A80,K107
2021-09-01 03:26:02,0007ABD629,K107
2021-09-01 03:26:12,0007AC0145,K107
2021-09-01 03:26:24,0007AC44BD,K107
2021-09-01 03:31:52,0007AC9A80,K107
2021-09-01 03:33:27,0007AC0734,K107
2021-09-01 03:33:48,0007AC0734,K107
2021-09-01 03:36:27,0007AC0734,K107
2021-09-01 03:40:20,0007AC0734,K107
2021-09-01 03:41:51,000783A42D,K107
2021-09-01 03:44:52,00075B29B2,K107
2021-09-01 03:44:57,000783A42D,K107
2021-09-01 03:45:24,000783A42D,K107
2021-09-01 03:45:35,000783A42D,K107
2021-09-01 05:10:39,0007AC9A80,K107
2021-09-01 05:27:17,0007AC0145,K107
2021-09-01 05:28:24,0007AC0145,K107
2021-09-01 05:34:03,00074EEC1A,K107
2021-09-01 05:35:30,0007AC0145,K107
2021-09-01 05:37:09,000799A5EF,K107
2021-09-01 05:37:11,0007AC3CC1,K107
2021-09-01 05:37:45,0006E239ED,K107
2021-09-01 05:41:37,00074EEC1A,K107
2021-09-01 05:45:47,000799A5EF,K107
2021-09-01 05:46:31,00074EEC1A,K107
2021-09-01 05:49:29,0007AC0387,K107
2021-09-01 05:49:40,0007ABA539,K107
2021-09-01 05:50:17,0007AC80F1,K107
2021-09-01 06:00:37,0007AC418B,K107
2021-09-01 06:00:41,00079A0255,K107
2021-09-01 06:05:07,0007ABA539,K107
2021-09-01 06:05:22,0007ABA539,K107
2021-09-01 06:05:26,00079AAA3C,K107
2021-09-01 06:05:59,00074F663E,K107
2021-09-01 06:10:30,0007AC0387,K107
2021-09-01 06:10:34,000783B3E8,K107
2021-09-01 06:11:02,00075B29B2,K107
2021-09-01 06:13:45,000783A42D,K107
2021-09-01 06:14:51,0007AC9A80,K107
2021-09-01 06:15:24,0006E241C1,K107
2021-09-01 06:15:57,0006CC24E9,K107
2021-09-01 07:52:31,0007AC8666,K107
2021-09-01 15:20:02,0007ACA816,K107
2021-09-01 17:34:29,0007AC34C9,K107
2021-09-01 20:14:58,000783A42D,K107
2021-09-01 20:15:09,000783A42D,K107
2021-09-01 20:15:21,000783A42D,K107
2021-09-01 20:15:32,000783A42D,K107
2021-09-01 20:16:41,00074F663E,K107
2021-09-01 20:20:16,000783B3E8,K107
2021-09-01 20:21:20,0007ACA816,K107
2021-09-01 20:23:54,0007AC8787,K49
2021-09-01 20:23:55,0007AC34C9,K107
2021-09-01 20:24:06,0007AC0387,K107
2021-09-01 20:24:07,0007ABC5F2,K107
2021-09-01 20:24:09,0007ABF44A,K107
2021-09-01 20:24:38,0007AC8666,K107
2021-09-01 20:24:51,0007AC3CC1,K107
2021-09-01 20:25:04,00075D076C,K107
2021-09-01 20:25:07,00075B29B2,K107
2021-09-01 20:26:15,0006E241C1,K107
2021-09-01 20:26:21,0006E24C7B,K49
2021-09-01 20:27:43,0007ABA539,K49
2021-09-01 20:28:09,0007AC418B,K107
2021-09-01 20:29:38,0007AC8BE4,K107
2021-09-01 20:29:49,0007ABC809,K107
2021-09-01 20:29:53,000799A5EF,K82
2021-09-01 20:30:00,000786D14D,K49
2021-09-01 20:30:33,0007ACAC37,K82
2021-09-01 20:31:02,0006B3AC35,K82
2021-09-01 20:31:08,000786B8A2,K82
2021-09-01 20:31:10,00075B22B0,K49
2021-09-01 20:31:15,0006CC24E9,K107
2021-09-01 20:31:29,0006B3BF04,K49
2021-09-01 20:31:43,0007AC0734,K82
2021-09-01 20:31:55,0007AC0145,K107
2021-09-01 20:32:00,0007AC9A80,K107
2021-09-01 20:32:04,000783F429,K49
2021-09-01 20:32:13,0006E24ECA,K49
2021-09-01 20:32:21,00074EEC1A,K107
2021-09-01 20:32:57,00071E2D31,K82
2021-09-01 20:32:58,000783F377,K49
2021-09-01 20:33:06,0007AC5939,K49
2021-09-01 20:33:22,0006E239ED,K107
2021-09-01 20:33:26,000783CB2B,K82
2021-09-01 20:33:28,000788A24D,K107
2021-09-01 20:33:42,00075D879F,K82
2021-09-01 20:34:05,0007AC44BD,K49
2021-09-01 20:35:57,0007AC494F,K82
2021-09-01 20:36:32,0007AC8106,K82
2021-09-01 20:37:10,0007AC80F1,K82
2021-09-01 20:37:55,00079AAA3C,K82
2021-09-01 20:38:10,00079A0255,K82
2021-09-01 20:39:15,0007ABDCCF,K82
2021-09-01 20:41:52,00071E15BF,K82
2021-09-01 22:07:32,00075D076C,K82
2021-09-01 22:15:32,00075D076C,K82
2021-09-01 22:35:42,0007AC494F,K82
2021-09-02 00:58:42,0006CC24E9,K49
2021-09-02 00:58:53,0006CC24E9,K49
2021-09-02 01:15:53,00075D076C,K82
2021-09-02 01:16:27,00075D076C,K82
2021-09-02 01:22:05,0007AC9A80,K107
2021-09-02 01:22:24,0007AC9A80,K107
2021-09-02 01:59:51,0007AC34C9,K107
2021-09-02 02:00:17,0007AC34C9,K107
2021-09-02 02:05:39,0007AC0734,K107
2021-09-02 02:28:56,0006E241C1,K49
2021-09-02 02:29:01,0006CC24E9,K49
2021-09-02 02:29:13,0006E241C1,K49
2021-09-02 02:29:16,0006CC24E9,K49
2021-09-02 02:37:14,0006CC24E9,K49
2021-09-02 02:37:28,000799A5EF,K49
2021-09-02 02:38:15,000783F377,K49
2021-09-02 02:39:55,000783F377,K49
2021-09-02 02:45:58,000799A5EF,K49
2021-09-02 03:02:00,0006CC24E9,K49
2021-09-02 04:40:08,00075D076C,K82
2021-09-02 05:08:54,0007AC44BD,K49
2021-09-02 05:08:56,0007AC0734,K49
2021-09-02 05:26:00,0007AC0734,K49
2021-09-02 05:28:22,0006E241C1,K49
2021-09-02 05:28:28,000799A5EF,K49
2021-09-02 05:30:48,000783F377,K49
2021-09-02 05:32:42,0006E239ED,K49
2021-09-02 05:32:50,0006CC24E9,K49
2021-09-02 05:33:10,0006E24ECA,K49
2021-09-02 05:33:19,00074EEC1A,K49
2021-09-02 05:37:22,0007ABA539,K49
2021-09-02 05:41:20,0006E241C1,K49
2021-09-02 05:53:17,000783A42D,K82
2021-09-02 05:53:23,00079AAA3C,K82
2021-09-02 06:17:46,0006E241C1,K49
2021-09-02 20:22:25,0007AC8787,K49
2021-09-02 20:24:55,0007ACAC37,K82
2021-09-02 20:25:13,0007AC0734,K49
2021-09-02 20:25:30,0007AC8106,K82
2021-09-02 20:25:41,000783CB2B,K82
2021-09-02 20:25:50,00075B22B0,K49
2021-09-02 20:25:53,000799A5EF,K49
2021-09-02 20:26:21,0007AC34C9,K49
2021-09-02 20:26:48,0006E24ECA,K49
2021-09-02 20:26:57,000783F429,K49
2021-09-02 20:27:29,00075D879F,K82
2021-09-02 20:27:34,0007AC418B,K49
2021-09-02 20:28:00,00079A0255,K82
2021-09-02 20:28:16,0007ACA816,K82
2021-09-02 20:28:30,0007ABF44A,K82
2021-09-02 20:28:51,0007ABDCCF,K49
2021-09-02 20:29:00,00075CE063,K49
2021-09-02 20:29:02,0006CC24E9,K49
2021-09-02 20:29:11,0007AC0387,K49
2021-09-02 20:29:24,0007ABC5F2,K49
2021-09-02 20:29:26,000783B3E8,K49
2021-09-02 20:29:31,0006B3BF04,K82
2021-09-02 20:29:35,000786D14D,K49
2021-09-02 20:29:47,0007AC3CC1,K49
2021-09-02 20:29:54,00071E2D31,K82
2021-09-02 20:29:56,0006B3AC35,K82
2021-09-02 20:30:56,0007AC9A80,K49
2021-09-02 20:31:06,0007ABA539,K49
2021-09-02 20:31:46,0006E241C1,K49
2021-09-02 20:32:00,0006B34FE4,K49
2021-09-02 20:32:18,000786B8A2,K82
2021-09-02 20:32:43,0007AC80F1,K82
2021-09-02 20:32:57,000788A24D,K49
2021-09-02 20:33:33,0007AC8BE4,K49
2021-09-02 20:33:39,0007AC8666,K49
2021-09-02 20:34:07,00075B29B2,K82
2021-09-02 20:34:22,00075D076C,K49
2021-09-02 20:34:35,0007AC44BD,K49
2021-09-02 20:35:01,0007AC0145,K82
2021-09-02 20:35:25,000783F377,K49
2021-09-02 20:36:49,0006E239ED,K49
2021-09-02 20:37:59,00071E15BF,K82
2021-09-02 20:43:11,00074EEC1A,K49
2021-09-02 21:00:34,0006B3AC35,K82
2021-09-02 23:20:27,0007AC494F,K82
2021-09-02 23:25:45,0007AC494F,K82
2021-09-02 23:27:57,00075D076C,K82
2021-09-03 01:44:53,0007AC8BE4,K49
2021-09-03 05:59:32,0006B3BF04,K82
2021-09-03 06:15:05,00074EEC1A,K82
2021-09-03 06:33:39,000786B8A2,K82
2021-09-03 06:33:53,000786B8A2,K82
2021-09-03 06:34:04,000786B8A2,K82
2021-09-03 20:12:06,0007AC8106,K25
2021-09-03 20:12:17,0007AC8106,K25
2021-09-03 20:19:09,0007ACA816,K82
2021-09-03 20:19:46,0007AC8787,K25
2021-09-03 20:20:27,0007AC0734,K25
2021-09-03 20:20:38,0007AC0734,K25
2021-09-03 20:20:49,0007AC0734,K25
2021-09-03 20:21:50,000786D14D,K25
2021-09-03 20:21:54,0006B34FE4,K25
2021-09-03 20:21:56,0007ABA539,K25
2021-09-03 20:22:10,0007AC44BD,K25
2021-09-03 20:22:27,0007ABC809,K25
2021-09-03 20:24:04,000788A24D,K25
2021-09-03 20:24:13,0006CC24E9,K25
2021-09-03 20:25:15,0006E24ECA,K25
2021-09-03 20:25:22,0006B3BF04,K82
2021-09-03 20:25:35,0007ABDCCF,K25
2021-09-03 20:26:23,0007AC80F1,K82
2021-09-03 20:26:27,00075D879F,K82
2021-09-03 20:26:28,0006E239ED,K25
2021-09-03 20:26:34,00074F663E,K82
2021-09-03 20:26:56,000783CB2B,K82
2021-09-03 20:27:16,00071E2D31,K82
2021-09-03 20:28:15,0006B3AC35,K82
2021-09-03 20:28:32,0007ABF44A,K82
2021-09-03 20:28:39,00079A0255,K82
2021-09-03 20:28:58,00075B29B2,K82
2021-09-03 20:32:20,00074EEC1A,K82
2021-09-04 04:27:00,00075D076C,K82
2021-09-04 04:33:11,0007AC494F,K82
2021-09-04 04:34:42,00075D076C,K82
2021-09-04 05:50:26,0007AC3CC1,K25
2021-09-04 05:50:32,0006E24ECA,K25
2021-09-04 20:19:42,00074F663E,K19
2021-09-04 20:20:03,0007AC8787,K19
2021-09-04 20:20:52,0007AC0734,K19
2021-09-04 20:21:03,0006CC24E9,K19
2021-09-04 20:21:07,0007AC8106,K19
2021-09-04 20:21:10,0006E24C7B,K19
2021-09-04 20:21:24,0007ACAC37,KBtree
2021-09-04 20:21:47,000783F429,KBtree
2021-09-04 20:22:07,000786D14D,KBtree
2021-09-04 20:22:13,00075D879F,K19
2021-09-04 20:22:17,0007AC418B,KBtree
2021-09-04 20:22:38,0006B3BF04,K19
2021-09-04 20:22:48,0007ABF44A,KBtree
2021-09-04 20:22:55,0006E24ECA,KBtree
2021-09-04 20:24:24,0007ABC809,K19
2021-09-04 20:25:34,000788A24D,KBtree
2021-09-04 20:25:39,0006E239ED,KBtree
2021-09-04 20:26:41,0007AC5939,K19
2021-09-04 20:27:26,0007AC44BD,K19
2021-09-04 20:28:50,0007ABDCCF,K19
2021-09-05 04:02:22,0007AC80F1,KBtree
2021-09-05 04:03:14,0007AC80F1,KBtree
2021-09-05 04:04:47,0007AC80F1,KBtree
2021-09-05 06:15:40,000786D14D,KBtree
2021-09-06 20:14:42,0007AC418B,K50
2021-09-06 20:15:53,0006B34FE4,K50
2021-09-06 20:15:57,0007ABF44A,K50
2021-09-06 20:20:13,00075D076C,K50
2021-09-06 20:21:31,00079A0255,K50
2021-09-07 01:18:31,00079AAA3C,K50
2021-09-07 02:02:32,00075D076C,K50
2021-09-07 02:02:43,0007AC494F,K50
2021-09-07 02:07:52,00079A0255,K50
2021-09-07 02:09:04,0007AC494F,K50
2021-09-07 02:12:26,0007ABDCCF,K50
2021-09-07 02:15:35,0007ABDCCF,K50
2021-09-07 02:17:16,00075D076C,K50
2021-09-07 03:08:34,00075D076C,K50
2021-09-07 03:08:37,0007AC494F,K50
2021-09-07 03:17:15,0007AC494F,K50
2021-09-07 06:01:14,0007AC494F,K50
2021-09-07 06:13:28,0007AC494F,K50
2021-09-07 06:21:23,0007AC418B,K50
2021-09-07 06:21:26,00079AAA3C,K50
2021-09-07 06:29:32,0006B3BF04,K50
2021-09-07 20:14:33,0007AC418B,K50
2021-09-07 20:17:43,00075B22B0,K50
2021-09-07 20:19:13,0006B3BF04,K50
2021-09-07 20:19:51,0006B34FE4,K50
2021-09-07 20:21:08,0007ABDCCF,K50
2021-09-07 20:26:21,00075B29B2,K50
2021-09-07 20:26:42,00075D076C,K50
2021-09-08 02:07:03,00075D076C,K50
2021-09-08 02:07:09,0007AC494F,K50
2021-09-08 02:24:53,0007AC494F,K50
2021-09-08 02:37:54,00075D076C,K50
2021-09-08 03:36:20,00075D076C,K50
2021-09-08 03:37:47,00075D076C,K50
2021-09-08 03:38:04,0007AC494F,K50
2021-09-08 05:49:46,00079AAA3C,K50
2021-09-08 05:50:05,00074EEC1A,K50
2021-09-08 05:51:56,0007ABA539,K50
2021-09-08 05:52:02,00075D076C,K50
2021-09-08 06:00:01,000783F377,K50
2021-09-08 06:07:30,0007AC418B,K50
2021-09-08 06:08:33,0007AC494F,K50
2021-09-08 06:10:54,0006B3BF04,K50
2021-09-08 06:14:20,000783F377,K50
2021-09-08 06:19:55,0007AC494F,K50
2021-09-08 06:21:40,0006B34FE4,K50
2021-09-08 20:13:47,0007AC418B,K50
2021-09-08 20:14:49,00075B22B0,K50
2021-09-08 20:17:25,0006B3BF04,K50
2021-09-08 20:17:57,00071E2D31,K50
2021-09-08 20:18:20,0007ABA539,K50
2021-09-08 20:18:26,0007AC494F,K50
2021-09-08 20:18:57,0007AC34C9,K50
2021-09-08 20:21:41,00075D076C,K50
2021-09-08 20:22:38,00079AAA3C,K50
2021-09-08 20:25:57,00074EEC1A,K50
2021-09-09 03:11:43,0007ABC5F2,K50
2021-09-09 03:11:54,0007ABC5F2,K50
2021-09-09 06:01:02,00071E2D31,K50
2021-09-09 06:01:53,00075D076C,K50
2021-09-09 06:01:54,000799A5EF,K50
2021-09-09 06:03:08,0007ABA539,K50
2021-09-09 20:10:18,0007AC418B,K50
2021-09-09 20:11:43,0006B34FE4,K50
2021-09-09 20:14:11,00075B22B0,K50
2021-09-09 20:16:42,000783CB2B,K50
2021-09-09 20:17:38,00071E2D31,K50
2021-09-09 20:17:48,0007ABA539,K50
2021-09-09 20:17:54,000799A5EF,K50
2021-09-09 20:18:21,0007ABF44A,K50
2021-09-09 20:19:19,0007AC0145,K50
2021-09-09 20:21:29,00074EEC1A,K50
2021-09-09 20:21:43,00075D076C,K50
2021-09-09 20:24:22,000786B8A2,K50
2021-09-10 20:03:40,000783A42D,KEtree
2021-09-10 20:05:07,0006B34FE4,KEtree
2021-09-10 20:05:24,0007AC0734,KEtree
2021-09-10 20:05:57,0007ABC809,KEtree
2021-09-10 20:07:05,0007ACA816,KEtree
2021-09-10 20:09:36,0006CC24E9,KEtree
2021-09-10 20:09:53,0007AC8787,KEtree
2021-09-10 20:09:55,00075B22B0,K75
2021-09-10 20:10:53,00075B29B2,KEtree
2021-09-10 20:10:57,00075CE063,KEtree
2021-09-10 20:11:32,0007ABDCCF,KEtree
2021-09-10 20:11:43,000783B3E8,KEtree
2021-09-10 20:11:52,0006B3BF04,KEtree
2021-09-10 20:11:54,0007ABC5F2,KEtree
2021-09-10 20:12:02,0007ABD629,KEtree
2021-09-10 20:12:27,0007ABF44A,KEtree
2021-09-10 20:13:10,0007ABA539,KEtree
2021-09-10 20:13:13,0007AC3CC1,KEtree
2021-09-10 20:13:25,0007ACAC37,K75
2021-09-10 20:14:21,000786B8A2,KEtree
2021-09-10 20:14:43,0006E24ECA,KEtree
2021-09-10 20:15:57,0007AC8BE4,KEtree
2021-09-10 20:16:02,0007AC0145,KEtree
2021-09-10 20:17:39,000783F429,KEtree
2021-09-10 20:19:00,00075D076C,K75
2021-09-10 20:24:50,00074EEC1A,KEtree
2021-09-11 05:35:59,0007AC0145,KEtree
2021-09-11 05:36:10,0007AC0145,KEtree
2021-09-11 05:36:31,0007AC0145,KEtree
2021-09-11 05:38:52,0007AC8787,KEtree
2021-09-11 06:03:26,000786B8A2,KEtree
2021-09-11 06:04:12,0007AC0145,KEtree
2021-09-11 06:04:45,0007AC0145,KEtree
2021-09-11 06:06:16,0007AC9A80,KEtree
2021-09-11 06:06:27,0007ABC5F2,KEtree
2021-09-11 06:06:31,0007AC9A80,KEtree
2021-09-11 06:06:42,0007AC3CC1,KEtree
2021-09-11 06:09:36,00079AAA3C,KEtree
2021-09-11 06:20:35,0007AC8BE4,KEtree
2021-09-11 06:35:23,000783A42D,KEtree
2021-09-11 20:02:09,000783A42D,KEtree
2021-09-11 20:07:11,0007ACAC37,K39
2021-09-11 20:08:03,0007ACA816,K39
2021-09-11 20:08:10,000799A5EF,K39
2021-09-11 20:08:57,0007AC8787,K39
2021-09-11 20:09:44,0007AC8666,K39
2021-09-11 20:10:00,0006B34FE4,K22
2021-09-11 20:10:06,000786B8A2,K39
2021-09-11 20:10:28,0006CC24E9,K39
2021-09-11 20:10:51,000783B3E8,KEtree
2021-09-11 20:11:01,0007ABC5F2,KEtree
2021-09-11 20:11:45,00075CE063,KEtree
2021-09-11 20:12:15,0007AC3CC1,KEtree
2021-09-11 20:12:55,0007AC8BE4,KEtree
2021-09-11 20:12:58,0007ABC809,KEtree
2021-09-11 20:13:41,0007AC418B,K39
2021-09-11 20:13:44,0007AC9A80,KEtree
2021-09-11 20:13:59,00075B22B0,K22
2021-09-11 20:14:09,0007ABA539,K39
2021-09-11 20:15:02,0007AC44BD,K39
2021-09-11 20:15:12,0007ABDCCF,K39
2021-09-11 20:15:27,0007AC0145,KEtree
2021-09-11 20:15:31,0007ABF44A,KEtree
2021-09-11 20:15:53,00071E2D31,K39
2021-09-11 20:16:05,000783CB2B,K22
2021-09-11 20:17:00,00071E15BF,K39
2021-09-11 20:17:07,000783F429,K39
2021-09-11 20:17:26,0007ABD629,KEtree
2021-09-11 20:18:40,00079AAA3C,KEtree
2021-09-11 20:18:46,0006E24ECA,KEtree
2021-09-11 20:18:57,0006E239ED,K39
2021-09-11 20:19:07,0007AC0734,KEtree
2021-09-11 20:19:28,00075B29B2,KEtree
2021-09-11 20:19:32,00075D076C,K39
2021-09-11 20:22:58,0006B3BF04,K22
2021-09-11 20:23:50,00074EEC1A,K39
2021-09-12 05:48:23,0007AC44BD,K39
2021-09-12 05:48:55,0007AC44BD,K39
2021-09-12 05:49:06,0007AC44BD,K39
2021-09-12 05:50:13,0006CC24E9,K39
2021-09-12 05:50:32,0007AC44BD,K39
2021-09-12 05:51:06,0007AC8787,K39
2021-09-12 05:57:41,00075D076C,K39
2021-09-12 06:00:05,0006E239ED,K39
2021-09-12 06:00:23,0006B3BF04,K39
2021-09-12 06:03:10,000786B8A2,K22
2021-09-12 06:04:03,00074EEC1A,K39
2021-09-12 06:04:15,0006B3AC35,K39
2021-09-12 06:06:51,000783B3E8,K39
2021-09-12 06:06:55,0007ABA539,K39
2021-09-12 06:11:24,0007AC8BE4,K39
2021-09-12 06:12:33,000799A5EF,K39
2021-09-12 06:12:46,000799A5EF,K39
2021-09-12 06:20:11,00071E15BF,K22
2021-09-12 06:21:15,0007AC8666,K39
2021-09-12 06:21:43,0007AC418B,K22
2021-09-12 06:22:05,00071E15BF,K39
2021-09-12 06:22:47,0007AC8666,K39
2021-09-12 06:28:04,000786B8A2,K22
2021-09-12 06:29:00,00075B29B2,K39
2021-09-12 06:29:01,0007AC418B,K22
2021-09-12 06:31:21,000783A42D,K22
2021-09-12 20:01:07,000783B3E8,K39
2021-09-12 20:06:49,0006B34FE4,K22
2021-09-12 20:07:04,00074F663E,K39
2021-09-12 20:07:08,0007ACAC37,K22
2021-09-12 20:08:41,0006E239ED,K39
2021-09-12 20:09:08,000783A42D,K22
2021-09-12 20:10:34,0007ABC809,K39
2021-09-12 20:10:47,00071E2D31,K39
2021-09-12 20:10:49,0007AC418B,K22
2021-09-12 20:10:56,000786D14D,K39
2021-09-12 20:11:07,0006CC24E9,K39
2021-09-12 20:11:13,000786B8A2,K39
2021-09-12 20:12:27,000799A5EF,K39
2021-09-12 20:12:34,0007AC44BD,K39
2021-09-12 20:12:52,0007AC8787,K39
2021-09-12 20:13:12,0007AC494F,K39
2021-09-12 20:13:20,0007ABA539,K39
2021-09-12 20:13:21,0006B3BF04,K39
2021-09-12 20:13:45,0007AC8666,K39
2021-09-12 20:14:13,000783CB2B,K22
2021-09-12 20:14:51,000783F429,K22
2021-09-12 20:14:59,0007ABF44A,K22
2021-09-12 20:15:07,0006B3AC35,K39
2021-09-12 20:16:15,0007AC8BE4,K39
2021-09-12 20:17:49,00079AAA3C,K39
2021-09-12 20:18:43,00071E15BF,K39
2021-09-12 20:19:57,00075D076C,K39
2021-09-12 20:22:51,00074EEC1A,K39
2021-09-13 02:34:20,000783F429,K22
2021-09-13 02:34:31,000783F429,K22
2021-09-13 05:35:52,0006B3BF04,K22
2021-09-13 05:36:23,0006B3BF04,K22
2021-09-13 05:39:18,0007AC0734,K22
2021-09-13 05:45:02,0006CC24E9,K22
2021-09-13 05:46:03,0007AC418B,K22
2021-09-13 05:47:18,00074EEC1A,K22
2021-09-13 05:58:16,000799A5EF,K22
2021-09-13 05:58:20,0006B3AC35,K22
2021-09-13 05:58:34,00075D076C,K22
2021-09-13 06:00:22,000783A42D,K22
2021-09-13 06:00:38,0007AC9A80,K22
2021-09-13 06:02:30,0007ABC5F2,K22
2021-09-13 06:02:36,0007ABA539,K22
2021-09-13 06:03:43,000786D14D,K22
2021-09-13 06:05:02,0007AC8787,K22
2021-09-13 06:06:27,0007AC8BE4,K22
2021-09-13 06:06:56,000786D14D,K22
2021-09-13 06:07:53,000786D14D,K22
2021-09-13 06:09:34,0007AC494F,K22
2021-09-13 06:12:52,0006E239ED,K22
2021-09-13 06:13:12,0006E239ED,K22
2021-09-13 06:14:21,0006E239ED,K22
2021-09-13 06:17:09,0006E239ED,K22
2021-09-13 06:17:43,0007AC8666,K22
2021-09-13 06:17:57,0006E239ED,K39
2021-09-13 06:18:41,0007AC44BD,K39
2021-09-13 06:18:42,0007AC418B,K22
2021-09-13 06:19:51,000783A42D,K22
2021-09-13 06:20:42,000783B3E8,K39
2021-09-13 06:20:50,0007AC80F1,K39
2021-09-13 06:21:19,0007AC80F1,K39
2021-09-13 06:22:59,0007AC80F1,K22
2021-09-13 06:30:29,00071E2D31,K22
2021-09-13 06:35:30,000783A42D,K22
2021-09-13 06:39:34,0007AC418B,K39
2021-09-13 06:43:07,000799A5EF,K22
2021-09-13 07:20:13,0007ACA816,K22
2021-09-13 10:08:57,0007AC34C9,K22
