date_time,id,box
2013-05-09 21:14:15,0006B2C073,K20
2013-05-09 21:14:22,000697A0CF,K20
2013-05-09 21:15:43,0006B2A1D2,K20
2013-05-09 21:17:00,0006B35440,K20
2013-05-10 04:22:35,0006B2C073,K20
2013-05-10 04:33:25,00065EBF3C,K20
2013-05-10 04:42:57,0006B2C073,K20
2013-05-10 04:54:14,0006B35440,K20
2013-05-10 04:55:45,0006B2C073,K20
2013-05-10 04:57:25,00068E1A0D,K20
2013-05-10 05:11:06,0006B35440,K20
2013-05-10 21:23:05,0006B2A1D2,K20
2013-05-10 21:24:36,0006B35440,K20
2013-05-10 21:25:31,0006B2C073,K20
2013-05-11 21:22:48,00061D4D10,K7
2013-05-11 21:26:17,000697CE1D,K7
2013-05-11 21:28:39,00065EBF3C,K7
2013-05-11 21:30:30,00068E1F36,K7
2013-05-11 21:30:47,0006B2C073,K7
2013-05-11 21:30:59,0006B2A1D2,K7
2013-05-11 21:31:01,00065E61B2,K7
2013-05-11 21:31:11,000697A0CF,K7
2013-05-11 21:33:07,0006B35DED,K7
2013-05-11 21:33:18,00068E1A0D,K7
2013-05-11 21:33:23,0006B35440,K7
2013-05-11 21:33:26,0006B294D3,K7
2013-05-11 21:33:37,0006B3775E,K7
2013-05-12 00:16:02,0006B294D3,K7
2013-05-12 03:24:40,0006B35440,K7
2013-05-12 04:33:49,00065EBF3C,K7
2013-05-12 04:43:53,0006B2A1D2,K7
2013-05-12 04:46:35,00065E61B2,K7
2013-05-12 04:47:12,0006B2C073,K7
2013-05-12 04:47:42,000697CE1D,K7
2013-05-12 04:50:05,0006B3775E,K7
2013-05-12 04:50:36,00068E1A0D,K7
2013-05-12 04:53:25,0006B35440,K7
2013-05-12 21:40:21,0006B35DED,K7
2013-05-12 21:46:16,00061D4D10,K7
2013-05-12 21:46:45,000697CE1D,K7
2013-05-12 21:50:57,00065EBF3C,K7
2013-05-12 21:53:26,000697A0CF,K7
2013-05-12 22:03:02,00068E1A0D,K7
2013-05-12 22:09:38,0006B2A1D2,K7
2013-05-12 22:10:05,00068E1F36,K7
2013-05-12 22:13:05,0006B2C073,K7
2013-05-12 22:13:54,00065E61B2,K7
2013-05-12 22:25:53,0006B3775E,K7
2013-05-12 22:26:21,0006B35440,K7
2013-05-13 04:17:32,00061D4D10,K7
2013-05-13 04:19:41,000697A0CF,K7
2013-05-13 04:21:49,00065E61B2,K7
2013-05-13 04:22:17,0006B2C073,K7
2013-05-13 04:23:24,00068E1A0D,K7
2013-05-13 04:39:17,00068E1A0D,K7
2013-05-13 04:42:16,000697CE1D,K7
2013-05-13 04:48:28,000697A0CF,K7
2013-05-13 04:54:38,000697A0CF,K7
2013-05-13 04:59:38,0006B2C073,K7
2013-05-13 21:21:09,00061D4D10,K7
2013-05-13 21:35:20,000697CE1D,K7
2013-05-13 21:35:34,000697A0CF,K7
2013-05-13 21:36:58,00065E61B2,K7
2013-05-13 21:39:23,00068E1A0D,K7
2013-05-13 21:43:38,0006B2C073,K7
2013-05-13 22:55:31,0006B35440,K7
2013-05-14 04:27:38,0006B2C073,K7
2013-05-14 04:33:16,000697A0CF,K7
2013-05-14 04:37:26,00061D4D10,K7
2013-05-14 04:38:19,000697CE1D,K7
2013-05-14 04:42:32,00068E1A0D,K7
2013-05-14 21:12:50,000697CE1D,K7
2013-05-14 21:13:07,00061D4D10,K7
2013-05-14 21:14:53,00065E61B2,K7
2013-05-14 21:15:09,000697A0CF,K7
2013-05-14 21:15:23,00068E1A0D,K7
2013-05-14 21:17:24,0006B2C073,K7
2013-05-15 04:23:52,0006B35440,K7
2013-05-15 04:23:54,0006B294D3,K7
2013-05-15 04:26:10,00065EBF3C,K7
2013-05-15 04:28:17,0006B2C073,K7
2013-05-15 04:30:47,0006B35DED,K7
2013-05-15 04:36:18,00065E61B2,K7
2013-05-15 04:41:38,000697A0CF,K7
2013-05-15 04:43:19,0006B2A1D2,K7
2013-05-15 04:43:33,000697CE1D,K7
2013-05-15 04:44:29,0006B35440,K7
2013-05-15 04:50:52,0006B3775E,K7
2013-05-15 04:54:02,0006B294D3,K7
2013-05-15 04:54:49,000697CE1D,K7
2013-05-15 21:29:05,0006B3775E,K7
2013-05-15 21:31:38,00061D4D10,K7
2013-05-15 21:34:22,0006B2A1D2,K7
2013-05-15 21:34:42,000697CE1D,K7
2013-05-15 21:34:50,00065E61B2,K7
2013-05-15 21:35:26,0006B35DED,K7
2013-05-15 21:36:16,00068E1F36,K7
2013-05-15 21:36:30,00065EBF3C,K7
2013-05-15 21:39:28,000697A0CF,K7
2013-05-15 21:39:40,00068E1A0D,K7
2013-05-15 21:40:14,0006B35440,K7
2013-05-15 21:44:37,0006B2C073,K7
2013-05-15 21:46:52,0006B294D3,K7
2013-05-16 03:46:27,00061D4D10,K7
2013-05-16 04:16:33,0006B2C073,K7
2013-05-16 04:17:13,0006B2A1D2,K7
2013-05-16 04:18:02,00065EBF3C,K7
2013-05-16 04:31:06,0006B294D3,K7
2013-05-16 21:23:10,00065E61B2,K7
2013-05-16 21:24:37,00061D4D10,K7
2013-05-16 21:24:59,00065EBF3C,K7
2013-05-16 21:27:04,000697A0CF,K7
2013-05-16 21:30:47,0006B2C073,K7
2013-05-16 21:32:41,0006B294D3,K7
2013-05-16 21:32:52,00068E1A0D,K7
2013-05-16 21:33:30,0006B2A1D2,K7
2013-05-16 23:32:39,0006B35440,K7
2013-05-17 04:27:33,0006B2A1D2,K7
2013-05-17 04:29:29,00061D4D10,K7
2013-05-17 04:33:46,000697CE1D,K7
2013-05-17 04:37:13,0006B2A1D2,K7
2013-05-17 04:37:36,000697A0CF,K7
2013-05-17 04:43:17,0006B3775E,K7
2013-05-17 04:47:26,0006B2C073,K7
2013-05-17 04:50:08,00065EBF3C,K7
2013-05-17 04:52:40,0006B35440,K7
2013-05-18 21:26:55,0006B35DED,K110
2013-05-18 21:27:15,000697CE1D,K110
2013-05-18 21:28:02,0006B34F91,K110
2013-05-18 21:28:48,00061D4D10,K110
2013-05-18 21:29:17,0006B2C073,K110
2013-05-18 21:30:10,00065EBF3C,K110
2013-05-18 21:30:12,0006E24D01,K110
2013-05-18 21:31:04,0006B34FCA,K110
2013-05-18 21:31:24,0006B3775E,K110
2013-05-18 21:32:16,00065E61B2,K110
2013-05-18 21:32:27,00068E1F36,K110
2013-05-18 21:32:33,0006B35440,K110
2013-05-18 21:32:43,0006B2A1D2,K110
2013-05-18 21:33:33,000697A0CF,K110
2013-05-18 21:33:52,00068E1A0D,K110
2013-05-18 21:34:18,0006B294D3,K110
2013-05-19 04:27:44,0006B2A1D2,K110
2013-05-19 04:29:46,00061D4D10,K110
2013-05-19 04:31:28,0006B35DED,K110
2013-05-19 04:33:35,00068E1F36,K110
2013-05-19 04:35:21,0006B34FCA,K110
2013-05-19 04:37:39,0006B294D3,K110
2013-05-19 04:40:11,0006E24D01,K110
2013-05-19 04:55:25,0006B34F91,K110
2013-05-19 21:42:01,000697CE1D,K110
2013-05-19 21:43:32,0006B34F91,K110
2013-05-19 21:53:26,00068E1F36,K110
2013-05-19 21:54:25,00065EBF3C,K110
2013-05-19 21:56:11,0006B34F91,K110
2013-05-19 21:59:03,0006B2C073,K110
2013-05-19 22:02:42,00061D4D10,K110
2013-05-19 22:02:58,0006B2A1D2,K110
2013-05-19 22:03:36,00065E61B2,K110
2013-05-19 22:03:38,0006E24D01,K110
2013-05-19 22:03:56,0006B3775E,K110
2013-05-19 22:04:22,000697A0CF,K110
2013-05-19 22:05:54,0006B35DED,K110
2013-05-19 22:07:02,00068E1A0D,K110
2013-05-19 22:08:37,0006B34FCA,K110
2013-05-19 22:08:54,0006B35440,K110
2013-05-19 22:24:15,0006B294D3,K110
2013-05-19 23:43:59,0006B294D3,K110
2013-05-20 04:00:17,0006B294D3,K110
2013-05-20 04:12:26,00065E61B2,K110
2013-05-20 04:13:11,0006E24D01,K110
2013-05-20 04:15:35,00068E1A0D,K110
2013-05-20 04:44:18,0006B34F91,K110
2013-05-20 21:19:14,00065EBF3C,K110
2013-05-20 21:21:18,0006B2C073,K110
2013-05-20 21:21:23,0006B34F91,K110
2013-05-20 21:21:56,000697CE1D,K110
2013-05-20 21:23:44,00065E61B2,K110
2013-05-20 21:23:46,0006B2A1D2,K110
2013-05-20 21:24:54,0006E24D01,K110
2013-05-20 21:25:18,000697A0CF,K110
2013-05-20 21:28:22,00061D4D10,K110
2013-05-20 21:28:28,00068E1A0D,K110
2013-05-21 02:07:49,00061D4D10,K110
2013-05-21 04:22:51,0006B35DED,K110
2013-05-21 04:36:03,00068E1F36,K110
2013-05-21 04:36:14,0006B3775E,K110
2013-05-21 04:36:26,0006B2A1D2,K110
2013-05-21 04:38:22,0006B34F91,K110
2013-05-21 04:40:32,00068E1A0D,K110
2013-05-21 04:43:14,00061D4D10,K110
2013-05-21 04:43:38,0006B35440,K110
2013-05-21 04:49:03,0006B35DED,K110
2013-05-21 21:13:33,0006B3775E,K110
2013-05-21 21:14:54,00068E1F36,K110
2013-05-21 21:16:10,0006B35DED,K110
2013-05-21 21:27:45,0006B35440,K110
2013-05-21 21:29:11,00061D4D10,K110
2013-05-21 21:29:17,000697CE1D,K110
2013-05-21 21:31:50,0006B34F91,K110
2013-05-21 21:32:12,0006B2A1D2,K110
2013-05-21 21:34:07,00065EBF3C,K110
2013-05-21 21:34:49,0006B294D3,K110
2013-05-21 21:35:54,0006E24D01,K110
2013-05-21 21:36:38,0006B2C073,K110
2013-05-21 21:36:55,00068E1A0D,K110
2013-05-21 21:37:32,0006B34FCA,K110
2013-05-21 21:38:28,000697A0CF,K110
2013-05-22 04:19:14,0006B34FCA,K110
2013-05-22 04:21:32,0006B3775E,K110
2013-05-22 04:34:08,0006B3775E,K110
2013-05-22 04:38:11,0006B34F91,K110
2013-05-22 21:46:53,00068E1F36,K110
2013-05-22 21:48:09,0006B34F91,K110
2013-05-22 21:48:38,000697CE1D,K110
2013-05-22 21:48:51,00065E61B2,K110
2013-05-22 21:51:40,00061D4D10,K110
2013-05-22 21:52:57,0006B2C073,K110
2013-05-22 21:53:22,0006B35DED,K110
2013-05-22 21:55:32,0006E24D01,K110
2013-05-22 21:55:36,0006B35440,K110
2013-05-22 21:58:51,00068E1A0D,K110
2013-05-22 22:00:06,000697A0CF,K110
2013-05-22 22:00:17,0006B34FCA,K110
2013-05-22 22:01:38,0006B2A1D2,K110
2013-05-22 22:03:06,0006B3775E,K110
2013-05-22 22:03:33,0006B294D3,K110
2013-05-23 21:47:42,0006B35DED,K6
2013-05-23 21:51:04,0006B34F91,K6
2013-05-23 21:53:28,00065EBF3C,K6
2013-05-23 21:54:12,00068E1A0D,K6
2013-05-23 21:54:56,00068E1F36,K6
2013-05-23 21:55:34,00065E61B2,K6
2013-05-23 21:55:39,0006B2C073,K6
2013-05-23 21:55:58,0006E24D01,K6
2013-05-23 21:56:00,00061D4D10,K6
2013-05-23 21:58:09,000697A0CF,K6
2013-05-23 22:01:23,0006B2A1D2,K6
2013-05-23 22:03:11,0006B3775E,K6
2013-05-23 22:03:22,0006B34FCA,K6
2013-05-23 22:11:50,0006B35440,K6
2013-05-23 22:19:19,0006B294D3,K6
2013-05-26 22:35:54,00061D4D10,K6
2013-05-26 23:14:16,00068E1F36,K6
2013-05-26 23:21:36,0006B2C073,K6
2013-05-26 23:25:19,0006B35440,K6
2013-05-26 23:31:17,00065EBF3C,K6
2013-05-27 00:23:38,0006E24D01,K6
2013-05-27 00:23:46,0006B34F91,K6
2013-05-27 00:24:33,00065E61B2,K6
2013-05-27 00:25:48,000697A0CF,K6
2013-05-27 00:26:02,00068E1A0D,K6
2013-05-28 21:31:32,00065E61B2,K32
2013-05-28 21:31:36,0006B3775E,K32
2013-05-28 21:32:36,0006B2C073,K32
2013-05-28 21:32:46,0006E24D01,K32
2013-05-28 21:33:12,0006B35DED,K32
2013-05-28 21:33:24,00061D4D10,K6
2013-05-28 21:34:10,0006B34FCA,K32
2013-05-28 21:34:12,0006B34F91,K6
2013-05-28 21:35:01,000697A0CF,K32
2013-05-28 21:35:09,0006B2A1D2,K6
2013-05-28 21:35:17,000697CE1D,K6
2013-05-28 21:35:37,00068E1F36,K6
2013-05-28 21:36:08,00068E1A0D,K6
2013-05-28 21:36:33,0006B35440,K6
2013-05-28 23:17:12,000697CE1D,K32
2013-05-28 23:17:26,0006B34FCA,K32
2013-05-28 23:47:12,0006B2A1D2,K32
2013-05-29 01:56:40,0006B34F91,K32
2013-05-29 02:37:31,0006B2A1D2,K32
2013-05-29 02:41:21,0006B34F91,K32
2013-05-29 02:54:40,00061D4D10,K32
2013-05-29 02:54:56,0006B34F91,K32
2013-05-29 04:00:45,0006E24D01,K6
2013-05-29 04:03:34,0006B2C073,K6
2013-05-29 04:22:59,00065EBF3C,K6
2013-05-29 04:23:17,000697CE1D,K6
2013-05-29 04:29:46,000697CE1D,K6
2013-05-29 04:30:04,00065EBF3C,K6
2013-05-29 04:34:42,00065E61B2,K6
2013-05-29 04:34:52,000697A0CF,K6
2013-05-29 04:40:31,0006B35DED,K6
2013-05-29 04:45:28,0006B2A1D2,K32
2013-05-29 04:45:37,00068E1A0D,K6
2013-05-29 04:45:46,00068E1F36,K6
2013-05-29 04:46:17,000697A0CF,K6
2013-05-29 04:48:42,0006B35DED,K6
2013-05-29 04:49:40,0006B2C073,K6
2013-05-29 04:50:16,00061D4D10,K6
2013-05-29 04:55:42,0006B2C073,K32
2013-05-29 04:56:11,000697CE1D,K32
2013-05-29 21:49:51,00065E61B2,K32
2013-05-29 21:54:52,0006B35DED,K32
2013-05-29 21:56:49,000697CE1D,K32
2013-05-29 21:56:55,0006B2A1D2,K32
2013-05-29 21:57:09,00068E1A0D,K32
2013-05-29 21:58:22,0006B2C073,K32
2013-05-29 21:59:24,0006E24D01,K32
2013-05-29 21:59:42,00061D4D10,K32
2013-05-29 22:02:07,000697A0CF,K32
2013-05-30 22:27:15,0006B35DED,K23
2013-05-30 22:27:23,0006B34FCA,K23
2013-05-30 22:48:13,0006B3775E,K6
2013-05-30 22:48:59,000697CE1D,K6
2013-05-30 23:01:45,0006B35440,K6
2013-05-30 23:05:21,0006B2C073,K6
2013-05-30 23:07:01,0006B2A1D2,K6
2013-05-30 23:10:09,0006B34F91,K6
2013-05-30 23:13:11,00065E61B2,K6
2013-05-30 23:20:50,000697A0CF,K6
2013-05-30 23:27:51,00068E1F36,K23
2013-05-31 00:27:04,0006E24D01,K6
2013-05-31 00:39:48,0006E24D01,K6
2013-06-01 21:37:41,0006B34F91,K6
2013-06-01 21:40:07,0006B3775E,K6
2013-06-01 21:40:39,00068E1F36,K2
2013-06-01 21:40:53,000697A0CF,K2
2013-06-01 21:41:14,00065E61B2,K2
2013-06-01 21:41:38,0006E24D01,K6
2013-06-01 21:42:46,00068E1A0D,K6
2013-06-01 21:44:14,0006B2A1D2,K6
2013-06-01 21:45:06,000697CE1D,K2
2013-06-01 21:45:15,0006B35DED,K2
2013-06-01 21:45:28,0006B294D3,K2
2013-06-01 21:47:48,0006B2C073,K2
2013-06-02 21:38:34,0006B34F91,K110
2013-06-02 21:40:33,0006B35440,K110
2013-06-02 21:44:24,0006B35DED,K110
2013-06-02 21:48:53,00065E61B2,K110
2013-06-02 21:49:26,00068E1A0D,K110
2013-06-02 21:51:10,0006B2C073,K110
2013-06-02 21:51:24,00068E1F36,K110
2013-06-02 21:52:01,000697CE1D,K110
2013-06-02 21:53:24,0006B294D3,K110
2013-06-02 21:53:27,0006B34FCA,K110
2013-06-02 21:53:46,0006B2A1D2,K110
2013-06-02 21:56:08,000697A0CF,K110
2013-06-03 03:10:04,00061D4D10,K110
2013-06-03 03:59:36,0006E24D01,K110
2013-06-03 04:00:49,00065EBF3C,K110
2013-06-03 04:10:44,0006E24D01,K110
2013-06-03 04:14:20,0006B294D3,K110
2013-06-03 04:42:00,00065EBF3C,K110
2013-06-03 21:55:58,000697A0CF,K110
2013-06-03 22:01:42,0006B294D3,K110
2013-06-03 22:04:57,00068E1A0D,K110
2013-06-03 22:10:00,00068E1F36,K110
2013-06-03 22:13:53,00061D4D10,K110
2013-06-03 22:15:10,00065EBF3C,K110
2013-06-03 22:16:24,0006B2A1D2,K110
2013-06-03 22:16:37,0006B2C073,K110
2013-06-03 22:22:22,0006E24D01,K110
2013-06-04 21:35:49,0006B34F91,K20
2013-06-04 21:41:40,0006B35DED,K20
2013-06-04 21:42:13,000697CE1D,K20
2013-06-04 21:44:55,00068E1F36,K20
2013-06-04 21:45:01,00065E61B2,K20
2013-06-04 21:46:29,0006B2C073,K20
2013-06-04 21:46:45,0006B35440,K20
2013-06-04 21:46:47,0006B34FCA,K20
2013-06-04 21:47:54,00068E1A0D,K20
2013-06-04 21:47:58,00065EBF3C,K20
2013-06-04 21:52:12,0006E24D01,K20
2013-06-04 21:52:23,000697A0CF,K20
2013-06-05 00:51:37,0006B294D3,K20
2013-06-05 01:14:05,000697CE1D,K20
2013-06-05 01:47:31,0006B294D3,K20
2013-06-05 04:14:22,00065E61B2,K20
2013-06-05 04:26:13,0006B294D3,K20
2013-06-05 04:26:20,00068E1A0D,K20
2013-06-05 04:26:29,000697CE1D,K20
2013-06-05 04:26:47,0006B34FCA,K20
2013-06-05 04:27:30,00065EBF3C,K20
2013-06-05 04:31:11,0006B3775E,K20
2013-06-05 04:32:18,0006B35440,K20
2013-06-05 04:36:37,0006B34F91,K20
2013-06-05 21:55:24,0006B35440,K20
2013-06-05 21:56:12,0006B34F91,K20
2013-06-05 21:56:18,00065EBF3C,K20
2013-06-05 21:59:11,00068E1F36,K20
2013-06-05 21:59:30,0006B2A1D2,K20
2013-06-05 22:03:33,0006B35DED,K20
2013-06-05 22:04:18,0006B34FCA,K20
2013-06-05 22:04:22,0006B2C073,K20
2013-06-05 22:04:42,00068E1A0D,K20
2013-06-05 22:04:59,0006E24D01,K20
2013-06-05 22:05:13,000697A0CF,K20
2013-06-05 22:05:34,00065E61B2,K20
2013-06-06 01:51:52,0006B35DED,K20
2013-06-06 04:16:55,00065EBF3C,K20
2013-06-06 04:18:08,0006B3775E,K20
2013-06-06 04:24:06,0006B34FCA,K20
2013-06-06 04:29:50,000697CE1D,K20
2013-06-06 04:41:12,0006B35440,K20
2013-06-06 04:45:35,0006B34F91,K20
2013-06-06 21:53:22,0006B34F91,K20
2013-06-06 21:59:22,0006B35440,K20
2013-06-06 21:59:26,0006B2C073,K20
2013-06-06 22:00:05,0006B294D3,K20
2013-06-06 22:03:11,0006B34FCA,K20
2013-06-06 22:03:24,0006B2A1D2,K20
2013-06-06 22:04:03,000697A0CF,K20
2013-06-06 22:05:35,0006E24D01,K20
2013-06-06 22:09:15,00068E1A0D,K20
2013-06-07 04:19:18,00065EBF3C,K20
2013-06-07 04:33:15,0006B3775E,K20
2013-06-07 04:36:44,00068E1A0D,K20
2013-06-07 04:46:30,0006B35440,K20
2013-06-07 04:52:00,0006B34F91,K20
2013-06-07 22:01:03,0006B34F91,K20
2013-06-07 22:04:58,00065EBF3C,K20
2013-06-07 22:05:09,000697CE1D,K20
2013-06-07 22:06:34,0006B2C073,K20
2013-06-07 22:06:45,0006B35440,K20
2013-06-07 22:07:28,00061D4D10,K20
2013-06-07 22:07:30,000697A0CF,K20
2013-06-07 22:08:43,0006B34FCA,K20
2013-06-07 22:08:53,0006B3775E,K20
2013-06-07 22:09:07,0006B2A1D2,K20
2013-06-07 22:13:58,0006E24D01,K20
2013-06-07 22:15:10,00068E1A0D,K20
2013-06-08 04:23:33,0006B3775E,K20
2013-06-08 04:24:46,0006B2A1D2,K20
2013-06-08 04:26:16,000697CE1D,K20
2013-06-08 04:31:20,000697CE1D,K20
2013-06-08 04:43:07,0006B35440,K20
2013-06-08 04:53:15,0006B34F91,K20
2013-06-08 21:45:58,0006B34F91,K20
2013-06-08 21:52:55,0006B35440,K20
2013-06-08 21:54:10,0006B34FCA,K20
2013-06-08 21:54:32,0006B2A1D2,K20
2013-06-08 21:59:13,0006B35DED,K20
2013-06-08 22:02:38,0006B2C073,K28
2013-06-08 22:03:07,000697A0CF,K28
2013-06-09 00:01:12,0006B34FCA,K28
2013-06-09 02:49:02,0006B35DED,K28
2013-06-09 02:52:26,0006E24D01,K28
2013-06-09 04:02:22,0006B2A1D2,K28
2013-06-09 21:51:21,000697CE1D,K2
2013-06-09 21:58:18,0006B294D3,K2
2013-06-09 21:58:22,0006B3775E,K26
2013-06-09 22:01:22,00061D4D10,K2
2013-06-09 22:01:33,00068E1F36,K2
2013-06-09 22:02:29,0006B2A1D2,K26
2013-06-09 22:03:14,0006B34F91,K2
2013-06-09 22:03:18,0006B34FCA,K26
2013-06-09 22:03:25,0006B35440,K26
2013-06-09 22:03:29,0006B2C073,K26
2013-06-09 22:03:35,0006B35DED,K26
2013-06-09 22:04:25,000697A0CF,K26
2013-06-09 22:05:11,00068E1A0D,K2
2013-06-09 22:06:40,0006E24D01,K2
2013-06-10 01:13:12,0006B294D3,K2
2013-06-10 01:14:12,0006B35440,K2
2013-06-10 04:02:51,0006B34FCA,K26
2013-06-10 04:05:36,0006B294D3,K2
2013-06-10 04:07:26,0006B3775E,K2
2013-06-10 04:08:32,0006B2C073,K2
2013-06-10 04:09:24,00065E61B2,K2
2013-06-10 04:13:49,000697CE1D,K2
2013-06-10 04:14:06,0006B2A1D2,K2
2013-06-10 04:17:39,0006B34FCA,K26
2013-06-10 04:20:04,00065EBF3C,K26
2013-06-10 04:30:59,0006B34FCA,K2
2013-06-10 04:35:17,0006B35DED,K26
2013-06-10 04:35:41,00065EBF3C,K26
2013-06-10 04:35:49,000697A0CF,K26
2013-06-10 04:46:13,000697CE1D,K2
2013-06-10 04:48:16,0006B35440,K2
2013-06-10 04:50:53,00065EBF3C,K2
2013-06-10 04:54:25,0006B34F91,K2
2013-06-10 15:03:07,0006B35440,K2
2013-06-10 21:58:38,0006B294D3,K2
2013-06-10 22:03:21,0006B34F91,K2
2013-06-10 22:03:55,0006B3775E,K2
2013-06-10 22:04:12,0006B2C073,K2
2013-06-10 22:04:24,0006B2A1D2,K2
2013-06-10 22:04:45,0006B35440,K2
2013-06-10 22:05:47,00061D4D10,K2
2013-06-10 22:05:49,00065E61B2,K2
2013-06-10 22:05:52,000697CE1D,K2
2013-06-10 22:06:00,0006B34FCA,K2
2013-06-10 22:07:31,00068E1F36,K2
2013-06-10 22:08:08,0006B35DED,K2
2013-06-10 22:09:20,000697A0CF,K2
2013-06-10 22:11:39,0006E24D01,K2
2013-06-10 22:12:24,00068E1A0D,K2
2013-06-11 04:10:12,0006B35DED,K2
2013-06-11 04:23:06,0006B34FCA,K2
2013-06-11 04:23:41,0006B2C073,K2
2013-06-11 04:25:00,00065E61B2,K2
2013-06-11 04:25:12,0006B3775E,K2
2013-06-11 04:25:33,00065EBF3C,K2
2013-06-11 04:26:22,0006B294D3,K2
2013-06-11 04:26:53,0006B34F91,K2
2013-06-11 04:39:04,0006B35440,K2
2013-06-11 04:41:37,000697CE1D,K2
2013-06-11 21:57:58,0006B35440,K2
2013-06-11 22:02:50,0006B2A1D2,K2
2013-06-11 22:03:05,0006B34F91,K2
2013-06-11 22:03:27,00068E1F36,K2
2013-06-11 22:03:59,0006B3775E,K2
2013-06-11 22:05:17,000697CE1D,K2
2013-06-11 22:06:21,0006B35DED,K2
2013-06-11 22:06:30,0006B34FCA,K2
2013-06-11 22:06:51,00061D4D10,K2
2013-06-11 22:08:03,0006B2C073,K2
2013-06-11 22:09:22,000697A0CF,K2
2013-06-11 22:09:28,00065E61B2,K2
2013-06-11 22:11:46,00068E1A0D,K2
2013-06-11 22:12:10,0006E24D01,K2
2013-06-12 04:18:42,00065EBF3C,K2
2013-06-12 04:30:01,00065E61B2,K2
2013-06-12 04:30:51,00068E1F36,K2
2013-06-12 04:31:00,000697CE1D,K2
2013-06-12 04:31:21,0006B2C073,K2
2013-06-12 04:31:28,0006B294D3,K2
2013-06-12 04:31:51,0006B3775E,K2
2013-06-12 04:47:03,0006B35440,K2
2013-06-12 04:49:12,0006B34F91,K2
2013-06-12 22:00:06,000697CE1D,K2
2013-06-12 22:00:25,0006B35440,K2
2013-06-12 22:00:35,0006B34F91,K2
2013-06-12 22:01:33,0006B294D3,K2
2013-06-12 22:01:59,00065E61B2,K2
2013-06-12 22:02:18,00068E1F36,K2
2013-06-12 22:02:53,0006B2C073,K2
2013-06-12 22:02:58,0006B2A1D2,K2
2013-06-12 22:04:54,000697A0CF,K2
2013-06-12 22:05:05,0006B34FCA,K2
2013-06-12 22:07:40,00068E1A0D,K2
2013-06-12 22:09:51,0006E24D01,K2
2013-06-13 21:48:10,00068E1F36,K5
2013-06-13 21:50:33,0006B35440,K5
2013-06-13 21:50:47,0006B294D3,K6
2013-06-13 21:51:06,0006B34F91,K5
2013-06-13 21:51:37,00061D4D10,K5
2013-06-13 21:54:37,0006B34FCA,K6
2013-06-13 21:54:41,0006B2A1D2,K5
2013-06-13 21:55:00,0006B35DED,K6
2013-06-13 21:55:16,0006B2C073,K6
2013-06-13 21:56:57,000697A0CF,K5
2013-06-13 21:57:28,00065EBF3C,K6
2013-06-13 21:58:51,0006E24D01,K6
2013-06-13 22:21:28,0006B34F91,K5
2013-06-13 22:32:52,0006E24D01,K6
2013-06-13 22:38:04,0006B34F91,K5
2013-06-13 22:38:22,00068E1A0D,K5
2013-06-13 22:43:24,000697A0CF,K5
2013-06-13 22:45:17,00065E61B2,K6
2013-06-13 22:45:21,0006B2C073,K6
2013-06-13 22:53:47,0006E24D01,K6
2013-06-14 00:40:20,00065E61B2,K6
2013-06-14 00:49:21,00065E61B2,K6
2013-06-14 01:00:30,0006B3775E,K6
2013-06-14 01:00:41,0006B34F91,K6
2013-06-14 02:02:49,00068E1A0D,K6
2013-06-14 02:39:59,00068E1A0D,K6
2013-06-14 03:29:19,0006B3775E,K6
2013-06-14 03:38:55,0006B35DED,K6
2013-06-14 04:47:59,00065EBF3C,K6
2013-06-14 04:48:22,00068E1A0D,K6
2013-06-14 04:51:13,00061D4D10,K6
2013-06-14 04:58:57,00068E1A0D,K6
2013-06-14 04:59:23,00065EBF3C,K6
2013-06-14 05:01:30,00061D4D10,K6
2013-06-14 21:51:33,00061D4D10,K32
2013-06-14 22:03:21,00068E1A0D,K32
2013-06-14 22:04:34,00065EBF3C,K32
2013-06-15 02:11:03,000697A0CF,K32
2013-06-15 02:11:20,000697CE1D,K32
2013-06-15 03:58:04,000697A0CF,K32
2013-06-15 03:59:26,00065EBF3C,K32
2013-06-15 04:06:19,00065EBF3C,K32
2013-06-15 04:22:42,0006E24D01,K32
2013-06-15 04:26:05,0006B2C073,K32
2013-06-15 21:42:00,00061D4D10,K20
2013-06-15 21:42:10,0006B35440,K20
2013-06-15 21:43:37,000697CE1D,K20
2013-06-15 21:43:42,0006B35DED,K20
2013-06-15 21:44:12,0006B34F91,K20
2013-06-15 21:44:24,0006B34FCA,K20
2013-06-15 21:44:33,00068E1F36,K20
2013-06-15 21:44:55,0006B2A1D2,K20
2013-06-15 21:44:56,0006B2C073,K20
2013-06-15 21:45:36,0006B294D3,K20
2013-06-15 21:47:49,00065E61B2,K20
2013-06-15 21:48:31,00065EBF3C,K20
2013-06-15 21:48:51,0006B3775E,K20
2013-06-15 21:48:53,0006E24D01,K20
2013-06-15 21:51:26,000697A0CF,K20
2013-06-15 21:52:17,00068E1A0D,K20
2013-06-16 04:12:31,000697A0CF,K20
2013-06-16 04:17:00,0006B35DED,K20
2013-06-16 04:19:35,00065EBF3C,K20
2013-06-16 04:23:41,00068E1A0D,K20
2013-06-16 04:25:33,0006B2C073,K20
2013-06-16 04:37:47,0006B3775E,K20
2013-06-16 04:37:56,0006B35440,K20
2013-06-16 04:38:36,0006B34FCA,K20
2013-06-16 04:53:33,0006B34F91,K20
2013-06-16 21:57:29,0006B34F91,K20
2013-06-16 21:58:31,0006B35440,K20
2013-06-16 21:59:37,000697CE1D,K20
2013-06-16 22:00:28,00068E1F36,K20
2013-06-16 22:00:41,0006B34FCA,K20
2013-06-16 22:03:57,0006B294D3,K20
2013-06-16 22:04:11,0006B35DED,K20
2013-06-16 22:04:56,00061D4D10,K20
2013-06-16 22:06:04,0006B2C073,K20
2013-06-16 22:06:17,0006B2A1D2,K20
2013-06-16 22:09:50,000697A0CF,K20
2013-06-16 22:10:08,00068E1A0D,K20
2013-06-16 22:12:07,0006E24D01,K20
2013-06-17 22:02:03,000697A0CF,K235
2013-06-17 22:04:08,00068E1F36,K235
2013-06-17 22:04:18,0006B2A1D2,K235
2013-06-17 22:04:26,00065E61B2,K235
2013-06-17 22:04:47,0006B2C073,K235
2013-06-17 22:04:51,0006E24D01,K235
2013-06-18 04:16:18,00065EBF3C,K235
2013-06-18 04:17:43,0006E24D01,K235
2013-06-18 04:42:00,00068E1A0D,K235
2013-06-18 15:15:53,0006B2C073,K235
2013-06-18 15:20:54,0006B2C073,K235
2013-06-18 21:57:41,0006B294D3,K235
2013-06-18 21:58:53,00068E1F36,K235
2013-06-18 22:00:07,000697A0CF,K235
2013-06-18 22:00:29,0006B34F91,K26
2013-06-18 22:00:46,000697CE1D,K26
2013-06-18 22:01:17,0006B2A1D2,K26
2013-06-18 22:01:31,0006B3775E,K26
2013-06-18 22:01:34,00065EBF3C,K235
2013-06-18 22:01:36,0006B35440,K26
2013-06-18 22:01:44,0006B34FCA,K26
2013-06-18 22:03:35,0006B2C073,K235
2013-06-19 01:03:11,000697CE1D,K235
2013-06-19 01:03:38,0006B34FCA,K235
2013-06-19 01:05:48,0006B35440,K235
2013-06-19 01:16:11,0006B3775E,K235
2013-06-19 13:37:50,0006B3775E,K5
2013-06-19 21:56:28,0006B3775E,K5
2013-06-19 21:57:41,0006B35440,K5
2013-06-19 21:57:47,000697CE1D,K5
2013-06-19 21:57:58,0006B34F91,K5
2013-06-19 21:58:04,0006B34FCA,K5
2013-06-19 21:58:21,0006B294D3,K19
2013-06-19 22:04:55,000697A0CF,K5
2013-06-19 22:05:24,00061D4D10,K5
2013-06-19 22:06:44,00065E61B2,K19
2013-06-19 22:06:52,00068E1A0D,K5
2013-06-19 22:06:56,0006B2A1D2,K19
2013-06-19 22:06:59,0006B2C073,K19
2013-06-19 22:07:30,0006B35DED,K19
2013-06-19 22:09:07,00065EBF3C,K19
2013-06-19 22:11:01,0006E24D01,K19
2013-06-20 02:11:53,00065EBF3C,K19
2013-06-20 02:12:05,0006B3775E,K19
2013-06-20 03:58:16,00061D4D10,K5
2013-06-20 03:59:51,0006B35DED,K5
2013-06-20 04:01:11,00068E1A0D,K5
2013-06-20 04:09:34,0006B2C073,K5
2013-06-20 04:17:37,0006B35DED,K5
2013-06-20 04:20:47,000697CE1D,K5
2013-06-20 04:37:45,0006B34FCA,K5
2013-06-20 04:40:00,0006B35DED,K19
2013-06-20 04:45:02,0006B35DED,K19
2013-06-20 04:45:14,000697CE1D,K5
2013-06-20 04:46:33,0006B3775E,K5
2013-06-20 04:48:26,0006B34F91,K5
2013-06-20 04:52:25,0006B35440,K5
2013-06-20 05:12:46,0006B294D3,K19
2013-06-20 21:49:52,0006B35440,K5
2013-06-20 21:50:20,000697CE1D,K5
2013-06-20 21:52:17,0006B34F91,K5
2013-06-20 21:52:49,0006B34FCA,K5
2013-06-20 21:55:22,0006B35DED,K5
2013-06-20 21:55:51,0006B2A1D2,K5
2013-06-20 21:55:59,0006B3775E,K5
2013-06-20 21:56:56,00061D4D10,K5
2013-06-20 21:59:10,000697A0CF,K5
2013-06-20 22:00:41,00068E1A0D,K5
2013-06-20 22:02:01,0006B2C073,K5
2013-06-20 22:02:27,00065EBF3C,K19
2013-06-20 22:03:41,00068E1F36,K19
2013-06-20 22:04:06,00065E61B2,K19
2013-06-20 22:05:43,0006E24D01,K19
2013-06-20 23:31:23,0006B2C073,K5
2013-06-20 23:45:43,0006B2C073,K5
2013-06-21 04:07:53,0006B3775E,K19
2013-06-21 04:22:30,00068E1A0D,K5
2013-06-21 04:22:52,00065EBF3C,K5
2013-06-21 04:24:28,0006B2C073,K19
2013-06-21 04:24:47,00061D4D10,K5
2013-06-21 04:29:05,0006B294D3,K5
2013-06-21 04:29:14,0006B3775E,K5
2013-06-21 04:31:51,0006B35440,K5
2013-06-21 04:34:07,0006B35DED,K5
2013-06-21 04:34:37,0006B3775E,K5
2013-06-21 04:46:15,0006B34F91,K5
2013-06-21 21:54:31,0006B34F91,K5
2013-06-21 21:57:22,0006B2A1D2,K5
2013-06-21 21:58:03,0006B35440,K5
2013-06-21 21:58:12,0006B294D3,K5
2013-06-21 21:58:21,0006B35DED,K5
2013-06-21 21:58:31,00061D4D10,K5
2013-06-21 21:58:42,00065E61B2,K5
2013-06-21 22:01:53,00065EBF3C,K5
2013-06-21 22:04:45,000697A0CF,K5
2013-06-21 22:04:48,0006B2C073,K5
2013-06-21 22:05:34,00068E1A0D,K5
2013-06-22 04:16:53,0006B2C073,K5
2013-06-22 21:51:10,0006E24D01,K24
2013-06-22 21:55:13,0006B34F91,K24
2013-06-22 21:55:38,000697CE1D,K24
2013-06-22 21:55:48,0006B3775E,K24
2013-06-22 21:56:06,0006B34FCA,K24
2013-06-22 21:57:35,00061D4D10,K24
2013-06-22 21:57:36,0006B35440,K24
2013-06-22 22:00:33,0006B2A1D2,K24
2013-06-22 22:01:14,0006B294D3,K24
2013-06-22 22:02:11,00065EBF3C,K24
2013-06-22 22:04:09,0006B2C073,K24
2013-06-22 22:04:15,0006B35DED,K24
2013-06-22 22:04:18,000697A0CF,K24
2013-06-22 22:04:33,00065E61B2,K24
2013-06-22 22:05:40,00068E1A0D,K24
2013-06-23 02:58:42,000697A0CF,K24
2013-06-23 04:11:21,0006E24D01,K24
2013-06-23 04:20:04,0006B2C073,K24
2013-06-23 04:22:47,00068E1F36,K24
2013-06-23 04:30:36,0006B2C073,K24
2013-06-23 04:34:51,0006B34FCA,K24
2013-06-23 04:35:49,00065E61B2,K24
2013-06-23 04:42:58,0006B3775E,K24
2013-06-23 04:50:17,00068E1F36,K24
2013-06-23 04:51:47,0006B34F91,K24
2013-06-23 04:55:08,0006B35440,K24
2013-06-23 21:58:19,00065EBF3C,K2
2013-06-23 21:59:50,0006B34F91,K24
2013-06-23 21:59:56,0006B3775E,K24
2013-06-23 22:00:12,0006B294D3,K24
2013-06-23 22:03:52,0006B35440,K24
2013-06-23 22:05:59,0006B34FCA,K24
2013-06-23 22:06:52,0006E24D01,K24
2013-06-23 22:08:47,0006B2A1D2,K2
2013-06-23 22:09:02,0006B35DED,K2
2013-06-23 22:09:41,000697A0CF,K2
2013-06-23 22:09:54,0006B2C073,K2
2013-06-23 22:10:50,00065E61B2,K2
2013-06-23 22:11:04,00068E1F36,K2
2013-06-23 22:11:45,00065EBF3C,K2
2013-06-23 22:30:37,00068E1A0D,K2
2013-06-23 22:39:03,00068E1A0D,K2
2013-06-23 22:55:33,00068E1A0D,K2
2013-06-23 22:56:10,00065EBF3C,K2
2013-06-23 23:05:33,00068E1A0D,K2
2013-06-23 23:14:18,00065EBF3C,K2
2013-06-23 23:19:19,00068E1A0D,K2
2013-06-23 23:32:45,00068E1A0D,K2
2013-06-23 23:55:56,00065EBF3C,K2
2013-06-23 23:56:29,00068E1A0D,K2
2013-06-24 00:10:16,00068E1A0D,K2
2013-06-24 00:13:20,00065EBF3C,K2
2013-06-24 00:16:37,0006B34FCA,K2
2013-06-24 00:28:25,00065EBF3C,K2
2013-06-24 00:31:14,00068E1A0D,K2
2013-06-24 00:44:43,00065EBF3C,K2
2013-06-24 00:45:59,0006B3775E,K2
2013-06-24 00:49:32,00068E1A0D,K2
2013-06-24 01:05:12,00065EBF3C,K2
2013-06-24 01:13:46,00068E1A0D,K2
2013-06-24 01:24:49,00065EBF3C,K2
2013-06-24 01:28:31,00068E1A0D,K2
2013-06-24 01:30:11,00068E1F36,K2
2013-06-24 01:37:37,0006B2C073,K2
2013-06-24 01:44:19,0006B35DED,K2
2013-06-24 01:53:10,0006B35DED,K2
2013-06-24 01:53:18,0006B2C073,K2
2013-06-24 01:54:14,00065EBF3C,K2
2013-06-24 01:57:41,000697A0CF,K2
2013-06-24 02:09:05,00068E1A0D,K2
2013-06-24 02:11:39,00065EBF3C,K2
2013-06-24 02:12:26,0006B34F91,K2
2013-06-24 02:26:08,00065EBF3C,K2
2013-06-24 03:05:27,0006B2C073,K2
2013-06-24 03:29:57,00065EBF3C,K2
2013-06-24 04:20:41,0006B294D3,K2
2013-06-24 04:34:34,00065EBF3C,K2
2013-06-24 04:43:06,0006B34F91,K2
2013-06-24 04:52:32,0006B35440,K2
2013-06-24 04:55:22,0006B3775E,K2
2013-06-24 04:58:06,0006B34F91,K2
2013-06-24 05:00:37,0006B3775E,K24
2013-06-24 21:58:58,0006B2A1D2,K2
2013-06-24 22:01:16,000697A0CF,K2
2013-06-24 22:03:55,00065E61B2,K2
2013-06-24 22:04:08,0006B35440,K2
2013-06-24 22:04:13,00061D4D10,K2
2013-06-24 22:04:14,0006B3775E,K2
2013-06-24 22:05:09,000697CE1D,K2
2013-06-24 22:05:15,00068E1A0D,K2
2013-06-24 22:05:37,0006B2C073,K2
2013-06-24 22:05:40,0006B35DED,K2
2013-06-24 22:05:43,00065EBF3C,K2
2013-06-24 22:05:56,0006B34FCA,K2
2013-06-24 22:08:09,00068E1F36,K2
2013-06-24 22:08:15,0006E24D01,K2
2013-06-24 22:19:15,00068E1A0D,K2
2013-06-24 22:34:36,00068E1A0D,K2
2013-06-24 22:48:06,00065EBF3C,K2
2013-06-24 22:53:53,00068E1A0D,K2
2013-06-24 22:59:07,000697A0CF,K2
2013-06-24 23:10:05,00068E1A0D,K2
2013-06-24 23:12:25,00065EBF3C,K2
2013-06-24 23:31:13,00065EBF3C,K2
2013-06-24 23:32:05,000697A0CF,K2
2013-06-24 23:35:49,00068E1A0D,K2
2013-06-24 23:37:37,00065EBF3C,K2
2013-06-24 23:55:29,00068E1A0D,K2
2013-06-25 00:07:16,000697A0CF,K2
2013-06-25 00:13:25,00068E1A0D,K2
2013-06-25 00:27:02,00065EBF3C,K2
2013-06-25 00:29:13,00068E1A0D,K2
2013-06-25 00:36:43,000697A0CF,K2
2013-06-25 00:37:16,0006E24D01,K2
2013-06-25 00:38:38,00065EBF3C,K2
2013-06-25 00:55:48,00068E1A0D,K2
2013-06-25 00:58:54,000697A0CF,K2
2013-06-25 01:07:29,00065EBF3C,K2
2013-06-25 01:23:46,00068E1A0D,K2
2013-06-25 01:28:16,0006B2C073,K2
2013-06-25 01:29:19,00065EBF3C,K2
2013-06-25 01:35:09,000697A0CF,K2
2013-06-25 01:55:15,00065EBF3C,K2
2013-06-25 01:59:37,00068E1A0D,K2
2013-06-25 02:14:31,000697A0CF,K2
2013-06-25 02:17:19,00068E1A0D,K2
2013-06-25 02:18:12,00065EBF3C,K2
2013-06-25 02:47:16,00068E1A0D,K2
2013-06-25 02:59:55,00065EBF3C,K2
2013-06-25 03:06:32,000697A0CF,K2
2013-06-25 03:12:16,0006B2C073,K2
2013-06-25 03:13:52,00065EBF3C,K2
2013-06-25 03:45:27,00068E1A0D,K2
2013-06-25 04:00:20,00068E1A0D,K2
2013-06-25 04:18:16,00065EBF3C,K2
2013-06-25 04:29:44,00068E1A0D,K2
2013-06-25 04:34:33,000697CE1D,K2
2013-06-25 04:34:45,0006B294D3,K2
2013-06-25 04:40:55,00068E1F36,K2
2013-06-25 04:44:22,0006E24D01,K2
2013-06-25 04:52:13,00065EBF3C,K2
2013-06-25 04:57:23,000697A0CF,K2
2013-06-25 22:01:26,0006B34F91,K6
2013-06-25 22:08:47,00061D4D10,K235
2013-06-25 22:10:01,000697A0CF,K6
2013-06-25 22:10:38,0006B3775E,K235
2013-06-25 22:11:00,00068E1F36,K235
2013-06-25 22:11:45,0006B35440,K235
2013-06-25 22:14:44,00065E61B2,K235
2013-06-25 22:15:27,0006B2C073,K235
2013-06-25 22:16:20,00068E1A0D,K235
2013-06-25 22:17:11,0006B2A1D2,K235
2013-06-25 22:18:26,0006E24D01,K235
2013-06-25 22:31:44,00065EBF3C,K6
2013-06-25 22:32:43,0006B294D3,K19
2013-06-25 22:32:54,0006B2A1D2,K235
2013-06-25 22:40:32,000697A0CF,K6
2013-06-25 22:44:42,0006E24D01,K235
2013-06-25 22:51:42,000697A0CF,K19
2013-06-25 22:52:01,00068E1A0D,K235
2013-06-25 22:52:29,0006B2A1D2,K235
2013-06-25 23:00:37,00068E1A0D,K235
2013-06-25 23:00:56,0006B2A1D2,K235
2013-06-25 23:02:42,00065EBF3C,K235
2013-06-25 23:06:02,000697A0CF,K6
2013-06-25 23:09:15,00065EBF3C,K19
2013-06-25 23:17:25,000697A0CF,K19
2013-06-25 23:21:08,00061D4D10,K235
2013-06-25 23:23:25,0006B2A1D2,K235
2013-06-25 23:23:42,00065EBF3C,K6
2013-06-25 23:28:29,000697A0CF,K19
2013-06-25 23:29:09,00065EBF3C,K235
2013-06-25 23:34:47,0006B2A1D2,K6
2013-06-25 23:37:18,00061D4D10,K235
2013-06-25 23:41:34,00065EBF3C,K6
2013-06-25 23:44:21,00068E1A0D,K235
2013-06-25 23:47:47,000697A0CF,K235
2013-06-25 23:51:16,00061D4D10,K235
2013-06-25 23:52:43,0006B2A1D2,K235
2013-06-25 23:56:26,00068E1A0D,K235
2013-06-25 23:58:24,00061D4D10,K235
2013-06-26 00:01:20,0006B2A1D2,K6
2013-06-26 00:03:54,00068E1A0D,K235
2013-06-26 00:07:39,0006B2A1D2,K6
2013-06-26 00:13:19,0006B2A1D2,K6
2013-06-26 00:17:34,00068E1A0D,K6
2013-06-26 00:21:57,00061D4D10,K235
2013-06-26 00:22:31,00065EBF3C,K235
2013-06-26 00:27:04,0006B2A1D2,K19
2013-06-26 00:27:57,000697A0CF,K235
2013-06-26 00:32:09,00068E1A0D,K235
2013-06-26 00:34:46,00061D4D10,K19
2013-06-26 00:35:31,0006B2A1D2,K6
2013-06-26 00:38:33,000697A0CF,K235
2013-06-26 00:44:47,0006B2A1D2,K6
2013-06-26 00:52:45,00065EBF3C,K6
2013-06-26 00:56:19,0006B2A1D2,K235
2013-06-26 00:56:28,000697A0CF,K235
2013-06-26 01:07:06,00061D4D10,K6
2013-06-26 01:15:11,000697A0CF,K6
2013-06-26 01:19:45,0006B2A1D2,K6
2013-06-26 01:20:36,00065EBF3C,K6
2013-06-26 01:27:59,00068E1A0D,K6
2013-06-26 01:48:54,00068E1A0D,K6
2013-06-26 01:54:54,00061D4D10,K6
2013-06-26 01:56:30,0006B2C073,K6
2013-06-26 02:05:06,00065EBF3C,K6
2013-06-26 02:06:17,0006B35440,K6
2013-06-26 02:11:54,00068E1A0D,K6
2013-06-26 02:15:32,000697A0CF,K6
2013-06-26 02:17:22,00061D4D10,K6
2013-06-26 02:24:14,0006B2A1D2,K6
2013-06-26 02:28:00,0006E24D01,K235
2013-06-26 02:32:13,00065EBF3C,K6
2013-06-26 02:42:09,00068E1A0D,K6
2013-06-26 02:48:35,0006E24D01,K6
2013-06-26 02:53:26,0006B2C073,K6
2013-06-26 02:55:46,00065E61B2,K6
2013-06-26 02:59:03,0006B3775E,K6
2013-06-26 03:05:13,0006B3775E,K6
2013-06-26 03:08:10,000697A0CF,K6
2013-06-26 03:08:33,00065E61B2,K6
2013-06-26 03:08:38,0006B2A1D2,K6
2013-06-26 03:09:19,0006B35DED,K6
2013-06-26 03:10:30,00068E1A0D,K6
2013-06-26 03:38:46,0006B2C073,K6
2013-06-26 04:10:13,0006B34F91,K6
2013-06-26 04:13:53,00065E61B2,K6
2013-06-26 04:15:30,00068E1A0D,K6
2013-06-26 04:17:33,0006B35DED,K6
2013-06-26 04:19:36,0006B34FCA,K6
2013-06-26 04:24:46,0006B3775E,K6
2013-06-26 21:59:03,000697A0CF,K6
2013-06-26 22:00:19,0006B34F91,K6
2013-06-26 22:06:15,00065EBF3C,K6
2013-06-26 22:08:12,0006B35DED,K6
2013-06-26 22:13:00,0006B3775E,K6
2013-06-26 22:15:41,0006B34FCA,K6
2013-06-26 22:20:00,0006B2C073,K6
2013-06-26 22:21:08,00068E1A0D,K6
2013-06-26 22:24:20,0006E24D01,K6
2013-06-26 22:26:00,0006B2A1D2,K6
2013-06-26 22:45:14,00061D4D10,K6
2013-06-26 22:56:07,00065EBF3C,K6
2013-06-26 23:05:21,0006B2A1D2,K6
2013-06-26 23:08:27,00068E1A0D,K6
2013-06-26 23:42:44,00068E1A0D,K6
2013-06-26 23:49:08,0006E24D01,K6
2013-06-26 23:57:12,0006B2A1D2,K6
2013-06-26 23:59:39,000697A0CF,K6
2013-06-27 00:11:58,00061D4D10,K6
2013-06-27 00:25:05,00068E1A0D,K6
2013-06-27 00:50:47,00068E1A0D,K6
2013-06-27 00:52:06,0006B2A1D2,K6
2013-06-27 01:04:26,0006B2C073,K6
2013-06-27 01:08:56,0006E24D01,K6
2013-06-27 01:25:00,000697A0CF,K6
2013-06-27 01:27:56,00065EBF3C,K6
2013-06-27 01:35:39,00068E1A0D,K6
2013-06-27 02:05:27,00068E1A0D,K6
2013-06-27 02:09:48,000697A0CF,K6
2013-06-27 02:11:19,0006B35440,K6
2013-06-27 02:14:10,0006B2A1D2,K6
2013-06-27 02:20:35,00061D4D10,K6
2013-06-27 02:32:01,0006E24D01,K6
2013-06-27 02:49:25,00068E1A0D,K6
2013-06-27 02:56:53,0006B2A1D2,K6
2013-06-27 03:01:16,000697A0CF,K6
2013-06-27 03:01:27,00068E1A0D,K6
2013-06-27 03:05:07,00065EBF3C,K6
2013-06-27 03:06:59,00068E1A0D,K6
2013-06-27 03:21:38,00065EBF3C,K6
2013-06-27 03:45:40,0006E24D01,K6
2013-06-27 04:17:59,000697A0CF,K6
2013-06-27 04:21:31,0006B34F91,K6
2013-06-27 04:28:05,00065EBF3C,K6
2013-06-27 04:29:03,0006B34F91,K6
2013-06-27 04:29:39,0006B3775E,K6
2013-06-27 04:31:12,0006B34FCA,K6
2013-06-27 21:56:44,0006B2A1D2,K19
2013-06-27 22:02:32,00068E1F36,K19
2013-06-27 22:04:03,00065EBF3C,K19
2013-06-27 22:09:47,0006B2C073,K19
2013-06-27 22:10:18,0006B35440,K19
2013-06-27 22:10:23,0006B35DED,K19
2013-06-27 22:12:38,0006B34F91,K6
2013-06-27 22:13:54,000697CE1D,K6
2013-06-27 22:14:01,00068E1A0D,K19
2013-06-27 22:14:09,000697A0CF,K19
2013-06-27 22:18:13,0006B3775E,K6
2013-06-27 22:18:20,0006B34FCA,K6
2013-06-27 22:20:00,0006E24D01,K19
2013-06-27 22:36:38,0006B2C073,K19
2013-06-27 22:51:08,00068E1A0D,K19
2013-06-27 22:54:47,0006E24D01,K19
2013-06-27 23:03:18,00065EBF3C,K19
2013-06-27 23:18:57,00068E1A0D,K19
2013-06-27 23:20:01,0006E24D01,K19
2013-06-27 23:24:50,0006B2C073,K19
2013-06-27 23:32:38,00065EBF3C,K6
2013-06-27 23:33:40,00061D4D10,K6
2013-06-27 23:35:50,0006B2A1D2,K19
2013-06-27 23:47:55,000697A0CF,K19
2013-06-27 23:49:53,00061D4D10,K19
2013-06-27 23:52:10,0006B2C073,K19
2013-06-27 23:54:52,0006E24D01,K19
2013-06-27 23:57:50,00068E1A0D,K19
2013-06-27 23:57:55,00065EBF3C,K19
2013-06-28 00:00:23,000697CE1D,K19
2013-06-28 00:07:27,00061D4D10,K19
2013-06-28 00:12:17,00065EBF3C,K19
2013-06-28 00:15:55,00068E1A0D,K19
2013-06-28 00:31:53,0006B2C073,K19
2013-06-28 00:34:15,0006B2A1D2,K19
2013-06-28 00:38:28,0006B3775E,K19
2013-06-28 00:38:37,000697A0CF,K19
2013-06-28 00:41:44,00061D4D10,K19
2013-06-28 00:43:30,0006B34F91,K19
2013-06-28 00:44:21,0006E24D01,K19
2013-06-28 00:46:21,00065EBF3C,K19
2013-06-28 01:02:21,0006B2C073,K19
2013-06-28 01:04:30,00061D4D10,K19
2013-06-28 01:10:24,00068E1A0D,K19
2013-06-28 01:27:23,00065EBF3C,K19
2013-06-28 01:31:14,00068E1A0D,K19
2013-06-28 01:41:17,0006B2C073,K19
2013-06-28 01:45:00,0006B2A1D2,K19
2013-06-28 01:45:53,00061D4D10,K19
2013-06-28 01:46:12,0006E24D01,K19
2013-06-28 01:49:22,00065E61B2,K19
2013-06-28 02:05:57,000697A0CF,K19
2013-06-28 02:10:17,00065E61B2,K19
2013-06-28 02:16:20,0006B2C073,K19
2013-06-28 02:16:22,00068E1A0D,K19
2013-06-28 02:17:08,00061D4D10,K19
2013-06-28 02:31:36,0006B294D3,K19
2013-06-28 02:32:35,0006B2A1D2,K19
2013-06-28 02:37:12,00068E1A0D,K19
2013-06-28 02:37:25,0006B294D3,K19
2013-06-28 03:00:01,0006B2A1D2,K19
2013-06-28 03:01:08,000697A0CF,K19
2013-06-28 03:08:21,0006B2C073,K19
2013-06-28 03:09:53,00061D4D10,K19
2013-06-28 03:23:59,0006B294D3,K19
2013-06-28 03:24:40,0006B35DED,K19
2013-06-28 03:25:15,0006E24D01,K19
2013-06-28 03:33:31,0006B35440,K19
2013-06-28 03:35:29,00065E61B2,K19
2013-06-28 03:39:24,0006E24D01,K19
2013-06-28 03:44:30,00061D4D10,K19
2013-06-28 03:44:43,0006B35440,K19
2013-06-28 03:50:23,0006B34F91,K19
2013-06-28 03:59:23,00065EBF3C,K19
2013-06-28 04:05:17,0006B35440,K19
2013-06-28 04:06:36,0006B2C073,K19
2013-06-28 04:12:44,00061D4D10,K19
2013-06-28 04:18:54,00068E1A0D,K19
2013-06-28 04:22:30,0006B3775E,K19
2013-06-28 21:42:17,000697A0CF,K19
2013-06-28 21:51:52,00065EBF3C,K19
2013-06-28 21:53:08,0006B2A1D2,K19
2013-06-28 21:53:16,00068E1A0D,K19
2013-06-28 21:53:40,0006B35440,K19
2013-06-28 21:54:23,000697A0CF,K19
2013-06-28 21:55:04,0006B2C073,K19
2013-06-28 21:56:22,0006B294D3,K19
2013-06-28 22:31:34,00068E1A0D,K19
2013-06-28 22:33:18,00061D4D10,K19
2013-06-28 22:41:09,0006B2C073,K19
2013-06-28 22:46:08,000697A0CF,K19
2013-06-28 22:47:03,00068E1A0D,K19
2013-06-28 22:57:47,00061D4D10,K19
2013-06-28 23:03:15,0006B2A1D2,K19
2013-06-28 23:08:25,00065E61B2,K19
2013-06-28 23:17:38,000697A0CF,K19
2013-06-28 23:31:03,00061D4D10,K19
2013-06-28 23:34:17,00068E1A0D,K19
2013-06-28 23:36:56,0006E24D01,K19
2013-06-28 23:37:24,0006B2C073,K19
2013-06-28 23:41:24,00065E61B2,K19
2013-06-28 23:50:20,00068E1A0D,K19
2013-06-28 23:50:38,00065EBF3C,K19
2013-06-28 23:55:13,00061D4D10,K19
2013-06-29 00:04:21,000697A0CF,K19
2013-06-29 00:04:30,0006B2C073,K19
2013-06-29 00:04:36,0006B2A1D2,K19
2013-06-29 00:18:02,00065E61B2,K19
2013-06-29 00:25:03,00061D4D10,K19
2013-06-29 00:32:18,0006B2A1D2,K19
2013-06-29 00:36:27,0006B2C073,K19
2013-06-29 00:39:55,000697A0CF,K19
2013-06-29 00:47:35,00065E61B2,K19
2013-06-29 00:50:57,00068E1A0D,K19
2013-06-29 00:56:00,0006B2A1D2,K19
2013-06-29 00:56:52,00065EBF3C,K19
2013-06-29 01:01:45,00068E1A0D,K19
2013-06-29 01:21:08,0006B34FCA,K19
2013-06-29 01:28:17,000697A0CF,K19
2013-06-29 01:40:57,0006B2A1D2,K19
2013-06-29 01:42:37,00061D4D10,K19
2013-06-29 01:43:48,0006B2C073,K19
2013-06-29 01:50:25,00068E1A0D,K19
2013-06-29 01:54:08,0006E24D01,K19
2013-06-29 02:00:48,00065EBF3C,K19
2013-06-29 02:12:57,0006B2C073,K19
2013-06-29 02:13:23,00068E1A0D,K19
2013-06-29 02:16:51,000697A0CF,K19
2013-06-29 02:21:28,0006B2A1D2,K19
2013-06-29 02:49:27,0006B2A1D2,K19
2013-06-29 02:53:18,0006B2C073,K19
2013-06-29 03:14:17,000697A0CF,K19
2013-06-29 03:14:36,0006E24D01,K19
2013-06-29 03:27:42,0006B2C073,K19
2013-06-29 03:27:48,000697CE1D,K19
2013-06-29 03:39:09,00061D4D10,K19
2013-06-29 03:42:25,0006B35DED,K19
2013-06-29 03:47:48,0006B35DED,K19
2013-06-29 03:52:18,00065E61B2,K19
2013-06-29 03:56:06,0006B2C073,K19
2013-06-29 04:03:49,00068E1F36,K19
2013-06-29 04:12:21,0006B2A1D2,K19
2013-06-29 04:16:12,0006B294D3,K19
2013-06-29 04:24:49,00065EBF3C,K19
2013-06-29 04:25:10,00068E1A0D,K19
2013-06-29 04:26:06,00061D4D10,K19
2013-06-29 04:26:34,0006B34FCA,K19
2013-06-29 04:26:55,000697A0CF,K19
2013-06-29 04:27:47,0006B2C073,K19
2013-06-29 04:31:16,00065E61B2,K19
2013-06-29 04:33:14,000697CE1D,K19
2013-06-29 04:36:20,0006B35440,K19
2013-06-29 04:59:57,0006B3775E,K19
2013-06-29 05:00:55,0006B34F91,K19
2013-06-29 21:56:59,00065EBF3C,K19
2013-06-29 21:57:05,00061D4D10,K19
2013-06-29 21:58:48,00068E1A0D,K19
2013-06-29 22:00:12,0006B2C073,K19
2013-06-29 22:00:40,00065E61B2,K19
2013-06-29 22:00:45,000697A0CF,K19
2013-06-29 22:05:06,0006B35440,K19
2013-06-29 22:07:26,0006B2A1D2,K19
2013-06-29 22:33:25,0006E24D01,K19
2013-06-29 22:53:30,0006B2C073,K19
2013-06-29 22:55:01,00061D4D10,K19
2013-06-29 23:07:58,0006E24D01,K19
2013-06-29 23:09:19,00068E1A0D,K19
2013-06-29 23:36:19,00068E1A0D,K19
2013-06-29 23:36:40,000697A0CF,K19
2013-06-29 23:37:44,0006B2A1D2,K19
2013-06-29 23:40:16,0006B2C073,K19
2013-06-29 23:43:25,00061D4D10,K19
2013-06-29 23:50:43,00065EBF3C,K19
2013-06-29 23:51:08,0006B2C073,K19
2013-06-30 00:02:36,00068E1A0D,K19
2013-06-30 00:11:46,00065E61B2,K19
2013-06-30 00:17:24,00061D4D10,K19
2013-06-30 00:23:25,00061D4D10,K19
2013-06-30 00:31:10,0006E24D01,K19
2013-06-30 00:50:07,0006B2A1D2,K19
2013-06-30 01:22:12,00061D4D10,K19
2013-06-30 01:31:55,0006E24D01,K19
2013-06-30 01:34:22,000697A0CF,K19
2013-06-30 01:41:36,00061D4D10,K19
2013-06-30 01:51:54,000697A0CF,K19
2013-06-30 02:01:01,0006E24D01,K19
2013-06-30 02:21:32,000697A0CF,K19
2013-06-30 02:34:53,00065EBF3C,K19
2013-06-30 02:52:52,00068E1A0D,K19
2013-06-30 03:17:14,0006E24D01,K19
2013-06-30 03:50:00,0006E24D01,K19
2013-06-30 17:37:03,0006B2C073,K5
2013-06-30 21:56:08,0006B34F91,K5
2013-06-30 22:00:22,0006E24D01,K5
2013-06-30 22:03:07,000697A0CF,K5
2013-06-30 22:03:46,0006B294D3,K5
2013-06-30 22:04:26,0006B35440,K5
2013-06-30 22:05:09,00061D4D10,K5
2013-06-30 22:05:15,000697CE1D,K5
2013-06-30 22:05:16,0006B3775E,K5
2013-06-30 22:07:24,00065E61B2,K5
2013-06-30 22:07:38,00065EBF3C,K5
2013-06-30 22:08:30,0006B2A1D2,K5
2013-06-30 22:10:42,0006B2C073,K5
2013-06-30 22:11:57,0006B35DED,K5
2013-06-30 22:12:02,00068E1A0D,K5
2013-06-30 22:12:06,0006B34FCA,K5
2013-06-30 22:17:25,00068E1F36,K5
2013-06-30 22:49:31,0006B2C073,K5
2013-06-30 23:16:43,0006E24D01,K5
2013-06-30 23:32:18,0006E24D01,K5
2013-06-30 23:33:56,00068E1A0D,K5
2013-06-30 23:43:42,00065EBF3C,K5
2013-06-30 23:55:02,000697A0CF,K5
2013-06-30 23:58:16,00061D4D10,K5
2013-07-01 00:02:20,0006E24D01,K5
2013-07-01 00:03:45,00068E1A0D,K5
2013-07-01 00:04:38,0006B2A1D2,K5
2013-07-01 00:09:11,0006B2C073,K5
2013-07-01 00:17:09,00065EBF3C,K5
2013-07-01 00:29:13,0006E24D01,K5
2013-07-01 00:37:45,0006B35DED,K5
2013-07-01 00:42:02,00065E61B2,K5
2013-07-01 00:50:59,00068E1A0D,K5
2013-07-01 01:01:17,0006E24D01,K5
2013-07-01 01:14:02,00068E1A0D,K5
2013-07-01 01:25:59,0006B2A1D2,K5
2013-07-01 01:26:15,0006B2C073,K5
2013-07-01 01:28:24,000697A0CF,K5
2013-07-01 01:28:44,0006E24D01,K5
2013-07-01 01:40:22,00068E1A0D,K5
2013-07-01 01:47:47,000697A0CF,K5
2013-07-01 01:53:35,00065EBF3C,K5
2013-07-01 02:02:00,00065E61B2,K5
2013-07-01 02:19:42,00061D4D10,K5
2013-07-01 02:37:46,00061D4D10,K5
2013-07-01 02:56:54,0006B2A1D2,K5
2013-07-01 03:12:05,0006B2A1D2,K5
2013-07-01 03:24:58,00068E1F36,K5
2013-07-01 04:02:27,0006E24D01,K5
2013-07-01 04:32:19,0006B35440,K5
2013-07-01 04:39:14,0006B34F91,K5
2013-07-01 04:45:07,0006B34F91,K5
2013-07-01 04:49:27,0006B2A1D2,K5
2013-07-01 05:04:14,0006B34F91,K5
2013-07-01 05:05:13,0006B2A1D2,K5
2013-07-01 21:56:25,0006B2A1D2,K28
2013-07-01 21:57:30,0006B34F91,K28
2013-07-01 22:43:42,0006B2A1D2,K28
2013-07-01 22:57:25,0006B2A1D2,K28
2013-07-01 23:38:39,0006B2A1D2,K28
2013-07-02 00:02:32,00061D4D10,K28
2013-07-02 00:02:46,00068E1A0D,K28
2013-07-02 00:02:50,000697A0CF,K28
2013-07-02 00:15:37,0006B2C073,K28
2013-07-02 00:32:59,0006B3775E,K28
2013-07-02 00:33:24,0006B2C073,K28
2013-07-02 00:33:30,00068E1A0D,K28
2013-07-02 00:33:31,000697CE1D,K28
2013-07-02 01:52:37,00068E1A0D,K28
2013-07-02 01:52:43,0006B2C073,K28
2013-07-02 02:22:35,00065EBF3C,K28
2013-07-02 02:22:39,00068E1A0D,K28
2013-07-02 05:04:44,0006B34F91,K28
2013-07-02 05:12:46,0006B34F91,K28
2013-07-02 21:43:33,0006B34F91,K28
2013-07-03 01:10:56,00061D4D10,K28
2013-07-03 01:12:26,00065E61B2,K28
2013-07-03 01:13:26,00065EBF3C,K28
2013-07-03 01:15:05,00068E1A0D,K28
2013-07-03 01:16:48,00061D4D10,K28
2013-07-03 01:44:43,00065E61B2,K28
2013-07-03 01:46:18,0006B2C073,K28
2013-07-03 01:46:33,000697A0CF,K28
2013-07-03 01:47:41,0006B34FCA,K28
2013-07-03 01:58:25,0006E24D01,K28
2013-07-03 01:58:59,00065E61B2,K28
2013-07-03 02:05:30,0006B2C073,K28
2013-07-03 02:07:27,0006B2A1D2,K28
2013-07-03 02:08:20,00065E61B2,K28
2013-07-03 02:09:55,00068E1A0D,K28
2013-07-03 02:10:35,000697A0CF,K28
2013-07-03 02:12:30,00068E1F36,K28
2013-07-03 02:13:36,0006B2A1D2,K28
2013-07-03 02:19:21,0006B2A1D2,K28
2013-07-03 02:21:28,00065E61B2,K28
2013-07-03 02:22:37,00065EBF3C,K28
2013-07-03 02:25:21,000697A0CF,K28
2013-07-03 02:27:39,00065EBF3C,K28
2013-07-03 02:27:48,0006B2A1D2,K28
2013-07-03 02:30:46,0006B2CB66,K28
2013-07-03 02:32:48,0006E24D01,K28
2013-07-03 02:35:28,0006B2A1D2,K28
2013-07-03 02:35:37,00065EBF3C,K28
2013-07-03 02:37:50,0006E24D01,K28
2013-07-03 02:39:19,00068E1F36,K28
2013-07-03 02:40:11,00068E1A0D,K28
2013-07-03 02:40:45,00065EBF3C,K28
2013-07-03 02:42:31,000697A0CF,K28
2013-07-03 02:42:34,0006B2C073,K28
2013-07-03 02:44:46,00061D4D10,K28
2013-07-03 02:47:07,00068E1F36,K28
2013-07-03 02:49:16,0006B2A1D2,K28
2013-07-03 02:49:54,0006E24D01,K28
2013-07-03 02:50:18,00068E1A0D,K28
2013-07-03 02:59:00,0006B2A1D2,K28
2013-07-03 02:59:30,000697A0CF,K28
2013-07-03 03:08:12,0006B2C073,K28
2013-07-03 03:08:14,00061D4D10,K28
2013-07-03 03:10:48,000697A0CF,K28
2013-07-03 03:13:17,00065E61B2,K28
2013-07-03 03:14:22,00061D4D10,K28
2013-07-03 03:17:03,00068E1A0D,K28
2013-07-03 03:19:56,00061D4D10,K28
2013-07-03 03:21:51,00068E1F36,K28
2013-07-03 03:28:32,00068E1A0D,K28
2013-07-03 03:29:09,0006B2A1D2,K28
2013-07-03 03:30:39,00065E61B2,K28
2013-07-03 03:34:17,0006B2C073,K28
2013-07-03 03:35:30,00068E1F36,K28
2013-07-03 03:40:01,00061D4D10,K28
2013-07-03 03:53:07,00065EBF3C,K28
2013-07-03 04:20:11,0006E24D01,K28
2013-07-03 04:30:41,0006B2A1D2,K28
2013-07-03 04:33:02,000697A0CF,K28
2013-07-03 04:38:03,0006B34FCA,K28
2013-07-03 04:40:33,0006B2C073,K28
2013-07-03 04:41:57,00065E61B2,K28
2013-07-03 05:07:11,0006B34F91,K28
2013-07-03 21:52:15,000697A0CF,K28
2013-07-03 21:53:26,0006B34F91,K28
2013-07-03 21:54:44,0006B35440,K28
2013-07-03 21:55:40,000697CE1D,K28
2013-07-03 21:55:48,0006B2A1D2,K28
2013-07-03 21:55:52,0006B3775E,K28
2013-07-03 21:56:01,00065E61B2,K28
2013-07-03 21:56:43,00065EBF3C,K28
2013-07-03 21:57:25,0006B294D3,K28
2013-07-03 21:58:29,0006B35DED,K28
2013-07-03 21:58:30,00068E1A0D,K28
2013-07-03 22:00:39,0006B2C073,K28
2013-07-03 22:03:52,0006B34FCA,K28
2013-07-03 22:04:06,0006E24D01,K28
2013-07-03 22:04:32,00068E1F36,K28
2013-07-03 23:13:26,0006B2A1D2,K28
2013-07-03 23:23:07,00061D4D10,K28
2013-07-03 23:24:24,0006B2C073,K28
2013-07-03 23:26:15,00068E1A0D,K28
2013-07-03 23:34:01,000697A0CF,K28
2013-07-03 23:38:14,00068E1A0D,K28
2013-07-03 23:38:38,00061D4D10,K28
2013-07-03 23:46:30,0006B2A1D2,K28
2013-07-03 23:47:53,000697A0CF,K28
2013-07-03 23:53:11,00068E1F36,K28
2013-07-03 23:55:07,00065EBF3C,K28
2013-07-03 23:56:42,00068E1A0D,K28
2013-07-04 00:00:41,0006B2C073,K28
2013-07-04 00:02:19,00065E61B2,K28
2013-07-04 00:02:23,0006B2A1D2,K28
2013-07-04 00:07:45,00065EBF3C,K28
2013-07-04 00:08:14,0006B2C073,K28
2013-07-04 00:29:06,000697A0CF,K28
2013-07-04 00:34:10,0006B2A1D2,K28
2013-07-04 00:42:15,00061D4D10,K28
2013-07-04 00:44:47,00065E61B2,K28
2013-07-04 00:54:56,00065EBF3C,K28
2013-07-04 01:06:17,0006E24D01,K28
2013-07-04 01:18:54,00068E1F36,K28
2013-07-04 04:45:27,0006B34F91,K28
2013-07-04 21:53:12,00065EBF3C,K20
2013-07-04 21:54:10,00061D4D10,K20
2013-07-04 21:55:51,0006B3775E,K20
2013-07-04 21:55:54,00068E1F36,K20
2013-07-04 21:56:03,000697CE1D,K20
2013-07-04 21:56:41,0006E24D01,K20
2013-07-04 21:57:31,0006B2C073,K20
2013-07-04 21:57:38,0006B294D3,K20
2013-07-04 21:57:55,000697A0CF,K20
2013-07-04 21:58:04,0006B35DED,K20
2013-07-04 21:58:05,0006B2A1D2,K20
2013-07-04 21:58:15,00065E61B2,K20
2013-07-04 21:58:36,0006B35440,K20
2013-07-04 21:58:57,0006B34F91,K20
2013-07-04 21:59:02,0006B34FCA,K20
2013-07-04 22:01:53,00068E1A0D,K20
2013-07-04 23:27:31,000697A0CF,K20
2013-07-04 23:28:21,0006B2C073,K20
2013-07-04 23:36:08,00068E1A0D,K20
2013-07-04 23:40:26,000697A0CF,K20
2013-07-04 23:47:29,00061D4D10,K20
2013-07-04 23:55:36,00068E1A0D,K20
2013-07-04 23:58:21,0006B2C073,K20
2013-07-05 00:02:28,00065E61B2,K20
2013-07-05 00:02:48,00068E1F36,K20
2013-07-05 00:19:56,0006B2A1D2,K20
2013-07-05 00:34:04,000697A0CF,K20
2013-07-05 00:43:57,0006B2A1D2,K20
2013-07-05 00:47:46,00065EBF3C,K20
2013-07-05 00:48:45,000697A0CF,K20
2013-07-05 00:57:25,00065EBF3C,K20
2013-07-05 01:12:24,0006B2C073,K20
2013-07-05 01:16:20,00065E61B2,K20
2013-07-05 01:37:32,00068E1F36,K20
2013-07-05 01:45:23,00061D4D10,K20
2013-07-05 01:51:17,000697A0CF,K20
2013-07-05 01:54:33,00068E1A0D,K20
2013-07-05 02:04:57,000697A0CF,K20
2013-07-05 02:07:38,00068E1A0D,K20
2013-07-05 02:07:44,00065E61B2,K20
2013-07-05 02:10:14,00061D4D10,K20
2013-07-05 02:15:55,0006B2A1D2,K20
2013-07-05 02:16:20,00065EBF3C,K20
2013-07-05 02:17:44,00065E61B2,K20
2013-07-05 02:24:05,00065E61B2,K20
2013-07-05 02:29:14,00065EBF3C,K20
2013-07-05 02:30:27,00068E1F36,K20
2013-07-05 03:20:04,0006B2A1D2,K20
2013-07-05 03:42:27,00068E1F36,K20
2013-07-05 04:46:18,0006B34FCA,K20
2013-07-05 04:49:29,0006B35DED,K20
2013-07-05 04:52:40,00065EBF3C,K20
2013-07-05 04:58:21,00065EBF3C,K20
2013-07-05 05:01:11,0006B34FCA,K20
2013-07-05 05:04:39,0006B294D3,K20
2013-07-05 10:35:40,0006B34FCA,K7
2013-07-05 21:49:53,00065EBF3C,K7
2013-07-05 21:50:04,00068E1A0D,K7
2013-07-05 21:50:51,00061D4D10,K7
2013-07-05 21:51:07,000697A0CF,K7
2013-07-05 21:51:14,0006B3775E,K7
2013-07-05 21:51:29,0006B2C073,K7
2013-07-05 21:51:43,000697CE1D,K7
2013-07-05 21:52:24,00068E1F36,K7
2013-07-05 21:52:47,0006B2A1D2,K7
2013-07-05 21:52:59,0006B35DED,K7
2013-07-05 21:53:05,00065E61B2,K7
2013-07-05 21:53:19,0006E24D01,K7
2013-07-05 21:53:29,0006B34FCA,K7
2013-07-05 21:53:44,0006B34F91,K7
2013-07-05 21:53:57,0006B35440,K7
2013-07-05 23:18:32,00068E1F36,K7
2013-07-05 23:37:10,00065E61B2,K7
2013-07-05 23:44:12,0006B2A1D2,K7
2013-07-05 23:46:24,000697A0CF,K7
2013-07-05 23:48:07,00061D4D10,K7
2013-07-05 23:54:36,0006B2C073,K7
2013-07-05 23:58:26,00065EBF3C,K7
2013-07-06 00:05:29,0006B2A1D2,K7
2013-07-06 00:06:26,00065E61B2,K7
2013-07-06 00:06:51,0006B2C073,K7
2013-07-06 00:08:19,00065EBF3C,K7
2013-07-06 00:13:01,00068E1F36,K7
2013-07-06 00:15:02,0006B2C073,K7
2013-07-06 00:45:02,00065E61B2,K7
2013-07-06 00:45:36,00061D4D10,K7
2013-07-06 00:46:34,000697A0CF,K7
2013-07-06 00:57:02,00068E1F36,K7
2013-07-06 00:57:34,00065EBF3C,K7
2013-07-06 01:01:01,0006B2A1D2,K7
2013-07-06 01:09:20,00068E1A0D,K7
2013-07-06 01:09:58,00061D4D10,K7
2013-07-06 01:22:43,0006B2C073,K7
2013-07-06 01:30:44,000697A0CF,K7
2013-07-06 14:42:34,0006B2C073,K6
2013-07-06 21:35:33,00068E1F36,K6
2013-07-06 21:36:17,00061D4D10,K6
2013-07-06 21:36:58,0006B294D3,K6
2013-07-06 21:37:19,0006B3775E,K6
2013-07-06 21:37:22,000697CE1D,K6
2013-07-06 21:37:45,000697A0CF,K6
2013-07-06 21:38:35,00065EBF3C,K6
2013-07-06 21:38:41,00065E61B2,K6
2013-07-06 21:38:46,0006B34F91,K6
2013-07-06 21:38:48,00068E1A0D,K6
2013-07-06 21:39:23,0006B2A1D2,K6
2013-07-06 21:43:16,0006B2C073,K6
2013-07-06 21:43:21,000697A0CF,K6
2013-07-06 21:43:25,0006B35DED,K6
2013-07-06 21:44:10,0006B35440,K6
2013-07-06 21:45:41,0006B34FCA,K6
2013-07-06 21:47:09,0006E24D01,K6
2013-07-06 23:36:33,00065E61B2,K6
2013-07-06 23:39:04,00068E1F36,K6
2013-07-06 23:39:25,0006B2A1D2,K6
2013-07-06 23:50:09,00068E1A0D,K6
2013-07-06 23:51:43,0006B2A1D2,K6
2013-07-06 23:53:56,00061D4D10,K6
2013-07-06 23:57:42,00065E61B2,K6
2013-07-07 00:02:04,00065EBF3C,K6
2013-07-07 00:07:21,00068E1A0D,K6
2013-07-07 00:11:43,0006B2C073,K6
2013-07-07 00:28:47,0006B2C073,K6
2013-07-07 00:29:29,000697A0CF,K6
2013-07-07 01:01:48,00068E1F36,K6
2013-07-07 01:11:04,00065EBF3C,K6
2013-07-07 01:20:35,00068E1A0D,K6
2013-07-07 01:22:36,0006B2A1D2,K6
2013-07-07 01:22:45,00065EBF3C,K6
2013-07-07 01:25:47,00061D4D10,K6
2013-07-07 01:26:44,00068E1A0D,K6
2013-07-07 01:28:28,00065E61B2,K6
2013-07-07 01:29:01,0006B2C073,K6
2013-07-07 01:32:48,000697A0CF,K6
2013-07-07 01:32:49,00068E1A0D,K6
2013-07-07 01:33:36,0006B2A1D2,K6
2013-07-07 01:34:45,0006B2C073,K6
2013-07-07 01:40:00,00068E1F36,K6
2013-07-07 01:45:07,000697A0CF,K6
2013-07-07 01:51:14,00065E61B2,K6
2013-07-07 02:02:57,0006B2C073,K6
2013-07-07 02:07:42,00065EBF3C,K6
2013-07-07 02:07:54,0006B2A1D2,K6
2013-07-07 02:08:55,000697A0CF,K6
2013-07-07 02:21:13,0006E24D01,K6
2013-07-07 02:21:34,0006B2A1D2,K6
2013-07-07 02:22:18,00065EBF3C,K6
2013-07-07 02:31:04,00068E1F36,K6
2013-07-07 02:35:00,00061D4D10,K6
2013-07-07 02:38:59,00065EBF3C,K6
2013-07-07 02:49:23,00061D4D10,K6
2013-07-07 02:50:07,00065EBF3C,K6
2013-07-07 02:54:47,00065E61B2,K6
2013-07-07 03:03:54,00068E1F36,K6
2013-07-07 03:14:00,000697A0CF,K6
2013-07-07 03:22:11,00061D4D10,K6
2013-07-07 03:27:49,000697A0CF,K6
2013-07-07 03:30:14,00061D4D10,K6
2013-07-07 03:41:46,00065EBF3C,K6
2013-07-07 04:49:43,0006B35DED,K6
2013-07-07 04:50:48,0006B294D3,K6
2013-07-07 04:59:19,0006B34F91,K6
2013-07-07 05:00:06,0006B3775E,K6
2013-07-07 21:37:19,00065EBF3C,K26
2013-07-07 21:40:10,000697A0CF,K26
2013-07-07 21:41:28,00061D4D10,K26
2013-07-07 21:43:21,0006B34FCA,K26
2013-07-07 21:44:14,0006B2A1D2,K6
2013-07-07 21:45:47,000697CE1D,K6
2013-07-07 21:46:16,00068E1F36,K6
2013-07-07 21:46:31,0006B35DED,K26
2013-07-07 21:46:34,00065E61B2,K6
2013-07-07 21:46:36,0006B2C073,K26
2013-07-07 21:46:56,0006B3775E,K6
2013-07-07 21:47:15,0006B35440,K6
2013-07-07 21:47:41,0006B294D3,K6
2013-07-07 21:47:45,0006B34F91,K6
2013-07-07 22:57:44,00065E61B2,K26
2013-07-07 23:07:15,00068E1F36,K26
2013-07-07 23:11:19,0006B2C073,K26
2013-07-07 23:12:16,00068E1F36,K6
2013-07-07 23:12:30,00065E61B2,K26
2013-07-07 23:20:08,00068E1F36,K26
2013-07-07 23:32:32,0006B2C073,K26
2013-07-07 23:43:30,00068E1A0D,K26
2013-07-07 23:43:39,0006B2A1D2,K26
2013-07-07 23:50:48,0006B2A1D2,K6
2013-07-07 23:59:25,00065EBF3C,K26
2013-07-08 00:04:09,00068E1A0D,K26
2013-07-08 00:04:22,0006B2A1D2,K26
2013-07-08 00:16:21,00061D4D10,K26
2013-07-08 00:16:34,000697A0CF,K26
2013-07-08 00:53:43,0006B2A1D2,K26
2013-07-08 00:58:47,00068E1F36,K26
2013-07-08 01:04:11,000697A0CF,K26
2013-07-08 01:06:13,0006B2A1D2,K26
2013-07-08 02:15:22,0006B2A1D2,K26
2013-07-08 02:27:02,0006B2C073,K26
2013-07-08 02:29:38,00068E1F36,K26
2013-07-08 02:35:37,000697A0CF,K26
2013-07-08 02:35:43,00061D4D10,K26
2013-07-08 02:36:13,0006B2C073,K26
2013-07-08 03:25:33,0006B2C073,K26
2013-07-08 03:34:10,0006B2C073,K26
2013-07-08 03:36:23,000697A0CF,K26
2013-07-08 03:42:22,0006B2A1D2,K26
2013-07-08 04:50:06,0006B2C073,K26
2013-07-08 21:36:01,0006B2A1D2,K26
2013-07-08 21:36:39,00061D4D10,K26
2013-07-08 21:38:38,00065E61B2,K26
2013-07-08 21:43:05,000697A0CF,K26
2013-07-08 21:44:52,0006B34F91,K26
2013-07-08 21:45:58,0006B3775E,K26
2013-07-08 21:46:39,0006B2C073,K26
2013-07-08 21:49:04,0006E24D01,K26
2013-07-08 21:49:35,0006B35DED,K26
2013-07-08 21:51:04,0006B294D3,K1
2013-07-08 21:51:19,0006B34FCA,K1
2013-07-08 21:51:46,000697CE1D,K1
2013-07-08 21:54:01,0006B35440,K1
2013-07-08 23:32:59,0006B2C073,K26
2013-07-08 23:41:28,000697A0CF,K26
2013-07-08 23:44:50,00068E1F36,K26
2013-07-08 23:50:27,0006B2C073,K26
2013-07-08 23:56:20,0006B2A1D2,K26
2013-07-08 23:57:26,00065E61B2,K26
2013-07-09 00:00:17,00068E1A0D,K26
2013-07-09 00:16:13,00065EBF3C,K26
2013-07-09 00:19:48,000697A0CF,K26
2013-07-09 00:52:12,0006B34FCA,K1
2013-07-09 00:58:09,0006B2C073,K1
2013-07-09 01:01:54,00068E1F36,K26
2013-07-09 01:08:04,000697A0CF,K26
2013-07-09 01:30:55,00065E61B2,K26
2013-07-09 01:32:54,0006B2A1D2,K26
2013-07-09 01:42:46,00065E61B2,K26
2013-07-09 01:54:25,0006B2C073,K1
2013-07-09 01:56:24,00068E1F36,K1
2013-07-09 01:56:52,00068E1A0D,K1
2013-07-09 02:00:49,00061D4D10,K26
2013-07-09 02:01:56,000697A0CF,K26
2013-07-09 02:12:58,0006B2C073,K26
2013-07-09 02:22:32,00068E1A0D,K26
2013-07-09 02:31:04,00065EBF3C,K26
2013-07-09 02:42:29,0006B2A1D2,K26
2013-07-09 02:46:00,00061D4D10,K26
2013-07-09 03:14:26,0006B2C073,K26
2013-07-09 03:16:37,00065EBF3C,K26
2013-07-09 03:17:16,000697A0CF,K26
2013-07-09 03:17:33,00068E1A0D,K1
2013-07-09 03:18:33,00068E1F36,K26
2013-07-09 03:26:26,00065E61B2,K26
2013-07-09 03:28:56,0006B2C073,K26
2013-07-09 03:29:33,00068E1A0D,K26
2013-07-09 04:53:54,00068E1A0D,K1
2013-07-09 04:57:04,00061D4D10,K26
2013-07-09 04:58:02,0006B3775E,K26
2013-07-09 05:00:00,000697CE1D,K1
2013-07-09 05:05:11,0006B2C073,K26
2013-07-09 05:07:00,00068E1A0D,K1
2013-07-09 21:40:34,00065EBF3C,K26
2013-07-09 21:42:51,00061D4D10,K26
2013-07-09 21:43:07,0006B3775E,K26
2013-07-09 21:43:40,0006B2A1D2,K26
2013-07-09 21:47:30,0006B34F91,K26
2013-07-09 21:48:24,000697A0CF,K26
2013-07-09 21:48:46,0006B2C073,K26
2013-07-09 21:52:04,000697CE1D,K1
2013-07-09 21:52:39,0006B294D3,K1
2013-07-09 21:53:11,0006B34FCA,K1
2013-07-09 21:53:25,0006B35440,K1
2013-07-09 23:20:31,0006B2A1D2,K26
2013-07-09 23:26:10,0006B2C073,K26
2013-07-09 23:38:23,0006B2C073,K26
2013-07-09 23:53:11,00065E61B2,K26
2013-07-10 00:00:13,00061D4D10,K26
2013-07-10 00:05:14,000697A0CF,K26
2013-07-10 00:05:53,00065E61B2,K26
2013-07-10 00:10:15,00065EBF3C,K26
2013-07-10 00:23:59,00068E1A0D,K26
2013-07-10 00:27:15,0006B2A1D2,K1
2013-07-10 00:31:14,00068E1F36,K26
2013-07-10 00:32:17,00068E1A0D,K26
2013-07-10 00:42:57,0006B2A1D2,K26
2013-07-10 00:43:09,00065EBF3C,K1
2013-07-10 00:43:24,0006B3775E,K1
2013-07-10 00:45:42,0006B2C073,K1
2013-07-10 00:49:02,00065EBF3C,K1
2013-07-10 00:54:16,00065EBF3C,K26
2013-07-10 00:56:12,0006B2C073,K26
2013-07-10 01:06:16,0006B2C073,K1
2013-07-10 01:08:24,000697A0CF,K26
2013-07-10 01:14:39,00068E1A0D,K1
2013-07-10 01:14:49,0006B34F91,K1
2013-07-10 01:22:48,00068E1F36,K1
2013-07-10 01:26:49,0006B2A1D2,K1
2013-07-10 01:29:07,0006B34F91,K1
2013-07-10 01:30:00,00068E1F36,K1
2013-07-10 01:30:24,00065EBF3C,K1
2013-07-10 01:33:07,0006B2A1D2,K1
2013-07-10 01:37:29,00065EBF3C,K26
2013-07-10 01:38:02,0006B35DED,K1
2013-07-10 01:39:20,00061D4D10,K26
2013-07-10 01:40:16,0006B2C073,K1
2013-07-10 01:42:11,0006B2A1D2,K26
2013-07-10 01:43:26,00068E1F36,K26
2013-07-10 01:51:16,0006B35DED,K1
2013-07-10 01:51:57,00061D4D10,K26
2013-07-10 01:56:09,00065EBF3C,K1
2013-07-10 01:56:28,00065E61B2,K26
2013-07-10 01:59:37,0006B2C073,K1
2013-07-10 02:03:14,00068E1A0D,K26
2013-07-10 02:10:24,00068E1A0D,K26
2013-07-10 02:16:21,0006B294D3,K1
2013-07-10 02:18:17,000697A0CF,K1
2013-07-10 02:20:25,00068E1A0D,K1
2013-07-10 02:22:35,0006B2A1D2,K26
2013-07-10 02:27:36,000697A0CF,K26
2013-07-10 02:29:19,0006B2A1D2,K26
2013-07-10 02:30:56,0006E24D01,K1
2013-07-10 02:40:31,00068E1A0D,K26
2013-07-10 02:42:57,00068E1F36,K1
2013-07-10 02:43:01,0006B2A1D2,K26
2013-07-10 02:43:18,000697A0CF,K26
2013-07-10 02:47:50,00068E1A0D,K1
2013-07-10 02:48:27,0006B2C073,K1
2013-07-10 02:48:50,0006B2A1D2,K1
2013-07-10 02:51:10,00065E61B2,K1
2013-07-10 02:53:16,00068E1F36,K26
2013-07-10 02:54:08,0006B2A1D2,K1
2013-07-10 02:55:01,0006B2C073,K1
2013-07-10 02:56:34,00065E61B2,K1
2013-07-10 03:02:06,00065EBF3C,K1
2013-07-10 03:02:29,0006B2A1D2,K26
2013-07-10 03:04:26,00061D4D10,K1
2013-07-10 03:10:11,00065E61B2,K1
2013-07-10 03:10:14,0006B2A1D2,K26
2013-07-10 03:16:44,0006B2A1D2,K26
2013-07-10 03:17:17,00065E61B2,K26
2013-07-10 03:19:33,00065EBF3C,K1
2013-07-10 03:24:16,0006B2A1D2,K1
2013-07-10 03:26:23,0006B3775E,K1
2013-07-10 03:26:57,00061D4D10,K1
2013-07-10 03:27:38,00065EBF3C,K1
2013-07-10 03:29:08,00065E61B2,K1
2013-07-10 03:38:24,000697A0CF,K26
2013-07-10 03:40:50,00068E1F36,K1
2013-07-10 03:43:39,000697A0CF,K1
2013-07-10 03:47:57,00068E1F36,K26
2013-07-10 04:05:08,000697A0CF,K1
2013-07-10 04:30:44,0006B35DED,K1
2013-07-10 04:33:29,0006E24D01,K1
2013-07-10 04:35:51,0006B294D3,K1
2013-07-10 04:43:41,0006E24D01,K1
2013-07-10 04:51:01,0006B2A1D2,K1
2013-07-10 04:53:29,0006B2C073,K1
2013-07-10 04:57:15,00065EBF3C,K1
2013-07-10 04:59:21,000697CE1D,K1
2013-07-10 05:04:41,0006B3775E,K1
2013-07-10 21:34:27,00065EBF3C,K1
2013-07-10 21:35:49,00061D4D10,K1
2013-07-10 21:38:08,00068E1F36,K1
2013-07-10 21:38:12,0006B2A1D2,K1
2013-07-10 21:39:23,0006B2C073,K1
2013-07-10 21:39:58,0006B35440,K1
2013-07-10 21:42:21,0006B294D3,K1
2013-07-10 21:42:29,00065E61B2,K1
2013-07-10 21:42:56,000697A0CF,K16
2013-07-10 21:45:00,0006E24D01,K1
2013-07-10 21:45:10,0006B34FCA,K16
2013-07-10 21:45:17,0006B34F91,K16
2013-07-10 21:45:32,0006B3775E,K1
2013-07-10 21:45:38,000697CE1D,K1
2013-07-10 21:50:47,0006B35DED,K1
2013-07-10 23:38:16,000697A0CF,K1
2013-07-10 23:44:38,0006B2C073,K1
2013-07-10 23:47:12,000697A0CF,K1
2013-07-10 23:53:41,00065EBF3C,K1
2013-07-11 00:05:07,0006B2C073,K1
2013-07-11 00:07:36,00065E61B2,K1
2013-07-11 00:09:13,00068E1F36,K1
2013-07-11 00:21:58,00068E1A0D,K16
2013-07-11 00:44:57,0006B2A1D2,K1
2013-07-11 01:33:17,000697A0CF,K1
2013-07-11 01:36:22,00068E1F36,K1
2013-07-11 01:48:23,00068E1A0D,K1
2013-07-11 01:49:39,0006B2C073,K1
2013-07-11 01:56:11,00065E61B2,K1
2013-07-11 02:07:39,0006B2C073,K1
2013-07-11 02:16:14,00061D4D10,K1
2013-07-11 02:39:04,00065EBF3C,K1
2013-07-11 02:52:58,00068E1A0D,K1
2013-07-11 03:04:49,000697A0CF,K1
2013-07-11 03:06:12,00068E1A0D,K1
2013-07-11 03:18:00,0006B2A1D2,K1
2013-07-11 03:22:56,00065E61B2,K1
2013-07-11 03:31:11,0006B2A1D2,K1
2013-07-11 03:31:53,0006B2C073,K1
2013-07-11 03:40:54,00065E61B2,K1
2013-07-11 03:41:30,0006B2C073,K1
2013-07-11 04:29:19,0006B294D3,K1
2013-07-11 04:37:21,0006E24D01,K1
2013-07-11 04:45:08,0006B34F91,K1
2013-07-11 04:46:51,00065EBF3C,K1
2013-07-11 04:47:41,000697CE1D,K1
2013-07-11 04:48:25,0006B34FCA,K1
2013-07-11 04:49:42,0006B35440,K1
2013-07-11 04:51:15,0006B3775E,K1
2013-07-11 04:52:41,00068E1A0D,K1
2013-07-11 05:02:15,0006B2C073,K1
2013-07-11 21:39:29,00068E1A0D,K1
2013-07-11 21:41:36,00065EBF3C,K1
2013-07-11 21:41:56,0006B2C073,K1
2013-07-11 21:42:11,0006B2A1D2,K1
2013-07-11 21:45:31,0006B35DED,K1
2013-07-11 21:46:33,00068E1F36,K1
2013-07-11 21:48:41,000697A0CF,K1
2013-07-11 21:48:55,0006B35440,K1
2013-07-11 21:49:31,00065E61B2,K1
2013-07-11 21:50:00,0006B294D3,K1
2013-07-11 21:50:09,0006B34F91,K1
2013-07-11 21:50:28,000697CE1D,K1
2013-07-11 21:51:46,0006B3775E,K1
2013-07-11 21:53:14,0006E24D01,K1
2013-07-11 23:08:27,0006B2C073,K1
2013-07-11 23:22:19,000697A0CF,K1
2013-07-11 23:23:40,0006B2C073,K1
2013-07-12 00:00:26,00068E1A0D,K1
2013-07-12 00:05:22,00065EBF3C,K1
2013-07-12 00:10:00,00068E1A0D,K1
2013-07-12 00:11:37,00065EBF3C,K1
2013-07-12 00:13:35,00061D4D10,K1
2013-07-12 00:16:17,0006B2A1D2,K1
2013-07-12 00:21:38,00065E61B2,K1
2013-07-12 00:27:51,00065E61B2,K1
2013-07-12 00:35:03,0006B2A1D2,K1
2013-07-12 00:51:03,000697A0CF,K1
2013-07-12 01:12:29,0006B2C073,K1
2013-07-12 01:12:40,00065EBF3C,K1
2013-07-12 01:23:56,0006B2C073,K1
2013-07-12 01:26:17,00065EBF3C,K1
2013-07-12 01:58:37,00068E1A0D,K1
2013-07-12 01:58:40,0006B2A1D2,K1
2013-07-12 02:00:40,000697A0CF,K1
2013-07-12 02:02:58,00065E61B2,K1
2013-07-12 02:10:03,00061D4D10,K1
2013-07-12 02:11:19,0006B2A1D2,K1
2013-07-12 02:13:15,00068E1A0D,K1
2013-07-12 02:14:10,00065E61B2,K1
2013-07-12 02:24:04,0006E24D01,K1
2013-07-12 02:37:20,0006B2C073,K1
2013-07-12 02:39:15,00068E1F36,K1
2013-07-12 02:50:45,00061D4D10,K1
2013-07-12 02:52:29,0006B2C073,K1
2013-07-12 03:04:43,00065EBF3C,K1
2013-07-12 03:05:12,00068E1A0D,K1
2013-07-12 03:12:07,000697A0CF,K1
2013-07-12 03:16:05,00065EBF3C,K1
2013-07-12 03:19:03,000697A0CF,K1
2013-07-12 03:23:58,00068E1A0D,K1
2013-07-12 03:39:39,00065E61B2,K1
2013-07-12 03:44:11,00068E1F36,K1
2013-07-12 03:52:55,00065E61B2,K1
2013-07-12 04:39:01,0006B34FCA,K1
2013-07-12 04:41:26,0006B3775E,K1
2013-07-12 04:41:46,00065EBF3C,K1
2013-07-12 04:49:05,000697CE1D,K1
2013-07-12 04:49:28,00068E1A0D,K1
2013-07-12 04:55:28,0006B34F91,K1
2013-07-12 04:57:30,0006B2C073,K1
2013-07-12 05:00:53,0006B35440,K1
2013-07-12 05:01:51,00065E61B2,K1
2013-07-12 21:41:35,00068E1F36,K1
2013-07-12 21:42:34,00065EBF3C,K1
2013-07-12 21:44:03,00068E1A0D,K1
2013-07-12 21:44:19,000697A0CF,K1
2013-07-12 21:44:59,0006B294D3,K1
2013-07-12 21:45:16,0006B2A1D2,K1
2013-07-12 21:47:11,0006B35440,K1
2013-07-12 21:47:17,0006B2C073,K1
2013-07-12 21:47:38,0006B3775E,K1
2013-07-12 21:48:17,00065E61B2,K1
2013-07-12 21:48:27,0006B35DED,K1
2013-07-12 21:48:35,000697CE1D,K1
2013-07-12 21:52:37,0006E24D01,K1
2013-07-12 23:20:47,0006B2C073,K1
2013-07-12 23:36:33,00068E1A0D,K1
2013-07-12 23:40:50,00065EBF3C,K1
2013-07-12 23:44:20,0006B2C073,K1
2013-07-12 23:53:01,000697A0CF,K1
2013-07-12 23:53:08,00065EBF3C,K1
2013-07-12 23:53:27,00068E1A0D,K1
2013-07-13 00:02:06,000697A0CF,K1
2013-07-13 00:02:25,00061D4D10,K1
2013-07-13 00:07:45,0006B2A1D2,K1
2013-07-13 00:22:26,00065E61B2,K1
2013-07-13 00:29:11,00068E1F36,K1
2013-07-13 01:20:22,0006B2C073,K1
2013-07-13 01:27:23,00065EBF3C,K1
2013-07-13 01:41:29,00068E1F36,K1
2013-07-13 01:42:22,00065EBF3C,K1
2013-07-13 01:44:58,0006B2A1D2,K1
2013-07-13 01:50:04,00065E61B2,K1
2013-07-13 01:58:14,0006B2A1D2,K1
2013-07-13 02:01:11,0006B2C073,K1
2013-07-13 02:07:39,000697A0CF,K1
2013-07-13 02:17:40,00061D4D10,K1
2013-07-13 02:51:27,00065EBF3C,K1
2013-07-13 03:00:36,00068E1A0D,K1
2013-07-13 03:02:51,0006B2C073,K1
2013-07-13 03:09:47,00065EBF3C,K1
2013-07-13 03:10:51,00061D4D10,K1
2013-07-13 03:12:51,00068E1F36,K1
2013-07-13 03:13:14,00068E1A0D,K1
2013-07-13 03:13:54,0006B2C073,K1
2013-07-13 03:21:02,00065E61B2,K1
2013-07-13 03:24:26,000697A0CF,K1
2013-07-13 03:36:39,00065E61B2,K1
2013-07-13 03:48:20,0006B2A1D2,K1
2013-07-13 03:54:54,0006B2A1D2,K1
2013-07-13 04:38:33,00068E1A0D,K1
2013-07-13 04:40:11,0006B294D3,K1
2013-07-13 04:45:31,0006B34FCA,K1
2013-07-13 05:00:35,0006B3775E,K1
2013-07-13 05:00:58,0006B35440,K1
2013-07-13 05:01:18,0006B34F91,K1
2013-07-13 05:01:45,00061D4D10,K1
2013-07-13 05:02:41,00065EBF3C,K1
2013-07-13 05:03:45,0006B2C073,K1
2013-07-13 05:03:51,00065E61B2,K1
2013-07-13 21:37:12,00068E1A0D,K1
2013-07-13 21:39:08,0006B2C073,K1
2013-07-13 21:39:33,00068E1F36,K1
2013-07-13 21:39:45,0006B2A1D2,K1
2013-07-13 21:40:13,00061D4D10,K1
2013-07-13 21:40:19,00065E61B2,K1
2013-07-13 21:42:56,00065EBF3C,K1
2013-07-13 21:42:59,0006B294D3,K1
2013-07-13 21:43:49,0006B34F91,K1
2013-07-13 21:43:54,000697CE1D,K1
2013-07-13 21:44:06,0006B35440,K1
2013-07-13 21:49:01,000697A0CF,K1
2013-07-13 21:50:03,0006B35DED,K1
2013-07-13 21:50:11,0006B34FCA,K1
2013-07-13 21:54:59,0006E24D01,K1
2013-07-13 23:00:27,00065E61B2,K1
2013-07-13 23:03:55,0006B2C073,K1
2013-07-13 23:08:44,00065E61B2,K1
2013-07-13 23:11:55,0006B2C073,K1
2013-07-13 23:40:56,00068E1A0D,K1
2013-07-13 23:48:49,00068E1A0D,K1
2013-07-13 23:56:51,0006B2C073,K1
2013-07-13 23:57:38,000697A0CF,K1
2013-07-13 23:59:12,00061D4D10,K1
2013-07-14 00:05:32,000697A0CF,K1
2013-07-14 00:09:45,00061D4D10,K1
2013-07-14 00:12:59,0006B2C073,K1
2013-07-14 00:25:40,00065EBF3C,K1
2013-07-14 00:29:41,0006B2A1D2,K1
2013-07-14 00:33:23,00065EBF3C,K1
2013-07-14 00:40:15,00068E1F36,K1
2013-07-14 00:58:52,00065E61B2,K1
2013-07-14 01:09:37,00065E61B2,K1
2013-07-14 01:18:36,000697A0CF,K1
2013-07-14 01:30:02,0006B2C073,K1
2013-07-14 01:37:43,00068E1A0D,K1
2013-07-14 01:38:46,0006B2C073,K1
2013-07-14 01:39:32,00061D4D10,K1
2013-07-14 01:41:56,0006B2A1D2,K1
2013-07-14 01:51:49,00061D4D10,K1
2013-07-14 01:53:45,00068E1A0D,K1
2013-07-14 01:58:20,00065EBF3C,K1
2013-07-14 02:00:51,00068E1F36,K1
2013-07-14 02:06:47,00065EBF3C,K1
2013-07-14 02:21:47,0006B2C073,K1
2013-07-14 02:30:03,0006B2C073,K1
2013-07-14 02:34:06,000697A0CF,K1
2013-07-14 02:49:46,00065E61B2,K1
2013-07-14 02:50:24,000697A0CF,K1
2013-07-14 03:14:33,00068E1A0D,K1
2013-07-14 03:14:59,0006B2C073,K1
2013-07-14 03:15:37,0006B2A1D2,K1
2013-07-14 03:21:05,00068E1F36,K1
2013-07-14 03:22:14,0006B2C073,K1
2013-07-14 03:22:44,00068E1A0D,K1
2013-07-14 03:23:19,0006B2A1D2,K1
2013-07-14 03:26:44,00065EBF3C,K1
2013-07-14 04:43:28,000697A0CF,K1
2013-07-14 04:45:13,0006E24D01,K1
2013-07-14 04:51:02,00065EBF3C,K1
2013-07-14 04:56:55,0006B34F91,K1
2013-07-14 04:59:34,00068E1A0D,K1
2013-07-14 05:00:18,0006B35440,K1
2013-07-14 05:00:51,0006B3775E,K1
2013-07-14 05:04:31,0006B2C073,K1
2013-07-14 05:06:09,0006B2A1D2,K1
2013-07-14 21:35:19,000697A0CF,K1
2013-07-14 21:36:14,00065EBF3C,K1
2013-07-14 21:37:14,00065E61B2,K1
2013-07-14 21:38:12,0006B2A1D2,K1
2013-07-14 21:38:18,00068E1A0D,K1
2013-07-14 21:42:59,0006B35440,K1
2013-07-14 21:43:15,0006B3775E,K233
2013-07-14 21:43:28,0006B2C073,K1
2013-07-14 21:43:34,0006B34F91,K1
2013-07-14 21:44:13,0006B35DED,K1
2013-07-14 21:45:02,0006B34FCA,K233
2013-07-14 21:45:57,00068E1F36,K1
2013-07-14 21:52:44,0006E24D01,K1
2013-07-14 23:22:38,0006B2C073,K233
2013-07-14 23:31:53,00061D4D10,K1
2013-07-14 23:38:30,0006B2C073,K1
2013-07-14 23:40:41,00065E61B2,K1
2013-07-14 23:41:05,00061D4D10,K1
2013-07-14 23:47:51,00065E61B2,K1
2013-07-15 00:10:52,00068E1A0D,K1
2013-07-15 00:20:47,00068E1A0D,K1
2013-07-15 00:23:40,00068E1F36,K1
2013-07-15 00:25:37,00065EBF3C,K1
2013-07-15 00:29:11,00068E1F36,K1
2013-07-15 00:30:14,0006B2A1D2,K1
2013-07-15 00:32:21,000697A0CF,K1
2013-07-15 00:33:49,00065EBF3C,K1
2013-07-15 00:38:27,0006B2A1D2,K1
2013-07-15 00:48:39,0006B2C073,K233
2013-07-15 01:02:38,0006B2C073,K1
2013-07-15 01:19:21,00065E61B2,K1
2013-07-15 01:21:02,00068E1A0D,K1
2013-07-15 01:21:19,00068E1F36,K1
2013-07-15 01:21:32,0006B34FCA,K233
2013-07-15 01:22:27,00065EBF3C,K1
2013-07-15 01:24:35,000697A0CF,K1
2013-07-15 01:34:40,00061D4D10,K1
2013-07-15 01:54:04,0006B2C073,K233
2013-07-15 01:54:42,00068E1F36,K1
2013-07-15 02:05:51,0006B2A1D2,K1
2013-07-15 02:06:15,0006B2C073,K1
2013-07-15 02:12:19,0006B2A1D2,K1
2013-07-15 02:17:05,000697A0CF,K1
2013-07-15 02:19:18,00068E1A0D,K1
2013-07-15 02:20:32,00065EBF3C,K1
2013-07-15 02:23:59,00068E1F36,K1
2013-07-15 02:24:14,000697A0CF,K1
2013-07-15 02:27:05,00065EBF3C,K1
2013-07-15 02:27:45,00068E1A0D,K1
2013-07-15 02:38:18,00061D4D10,K1
2013-07-15 02:38:33,00065E61B2,K1
2013-07-15 02:48:38,00061D4D10,K1
2013-07-15 02:50:56,00065E61B2,K1
2013-07-15 02:56:38,0006B2C073,K1
2013-07-15 03:01:34,00065E61B2,K1
2013-07-15 03:04:02,0006B2C073,K1
2013-07-15 03:13:00,0006B2A1D2,K1
2013-07-15 03:18:29,0006B2A1D2,K1
2013-07-15 03:22:38,00065EBF3C,K1
2013-07-15 03:30:51,00061D4D10,K1
2013-07-15 03:36:48,00061D4D10,K1
2013-07-15 04:03:38,0006B2C073,K1
2013-07-15 04:09:20,0006B2C073,K1
2013-07-15 04:52:50,000697A0CF,K1
2013-07-15 05:08:44,000697A0CF,K1
2013-07-15 05:22:42,000697A0CF,K233
2013-07-15 21:31:54,00065EBF3C,K23
2013-07-15 21:34:07,00065E61B2,K23
2013-07-15 21:34:18,00068E1F36,K23
2013-07-15 21:34:20,00068E1A0D,K23
2013-07-15 21:39:35,0006B35DED,K233
2013-07-15 21:39:51,0006B2C073,K233
2013-07-15 21:39:55,000697A0CF,K233
2013-07-15 21:40:32,0006B34FCA,K233
2013-07-15 22:04:29,000697A0CF,K233
2013-07-15 22:24:18,000697A0CF,K233
2013-07-15 22:49:58,00065E61B2,K233
2013-07-15 22:53:56,000697A0CF,K233
2013-07-15 23:01:13,00065E61B2,K23
2013-07-15 23:13:32,000697A0CF,K23
2013-07-15 23:20:11,00068E1A0D,K23
2013-07-15 23:22:58,0006B2C073,K233
2013-07-15 23:25:47,00068E1A0D,K23
2013-07-15 23:30:03,0006B2C073,K233
2013-07-15 23:30:47,00065EBF3C,K23
2013-07-15 23:31:37,0006B2A1D2,K233
2013-07-15 23:38:24,0006B2A1D2,K23
2013-07-15 23:38:48,00065EBF3C,K23
2013-07-15 23:39:19,0006B2C073,K23
2013-07-15 23:52:50,00065E61B2,K233
2013-07-15 23:58:18,00065E61B2,K233
2013-07-16 00:04:19,00065EBF3C,K23
2013-07-16 00:08:40,00061D4D10,K23
2013-07-16 00:09:00,00065E61B2,K23
2013-07-16 00:28:48,00061D4D10,K23
2013-07-16 00:38:54,0006B2A1D2,K23
2013-07-16 00:45:19,0006E24D01,K23
2013-07-16 01:12:35,00065EBF3C,K23
2013-07-16 01:21:13,000697A0CF,K23
2013-07-16 01:30:40,0006B34F91,K233
2013-07-16 01:35:07,000697A0CF,K23
2013-07-16 01:42:54,00065EBF3C,K233
2013-07-16 01:49:39,00068E1A0D,K23
2013-07-16 01:49:53,00068E1F36,K233
2013-07-16 01:55:34,0006B2C073,K23
2013-07-16 02:03:22,0006B2A1D2,K23
2013-07-16 02:15:52,00065EBF3C,K23
2013-07-16 02:19:28,0006B2A1D2,K23
2013-07-16 02:25:19,0006B2A1D2,K233
2013-07-16 02:26:49,000697A0CF,K233
2013-07-16 02:29:28,00065EBF3C,K23
2013-07-16 02:32:52,0006B2A1D2,K23
2013-07-16 02:41:07,000697A0CF,K23
2013-07-16 02:43:23,00068E1F36,K23
2013-07-16 02:48:00,0006B2C073,K23
2013-07-16 02:50:06,00068E1A0D,K23
2013-07-16 02:52:50,00065E61B2,K23
2013-07-16 02:59:12,00065EBF3C,K23
2013-07-16 02:59:56,00061D4D10,K23
2013-07-16 03:24:19,00065E61B2,K23
2013-07-16 03:25:31,0006B2A1D2,K23
2013-07-16 03:32:50,00068E1F36,K23
2013-07-16 04:41:27,000697A0CF,K23
2013-07-16 04:48:48,0006B2C073,K23
2013-07-16 04:52:33,0006B2A1D2,K233
2013-07-16 04:55:13,0006B34F91,K23
2013-07-16 04:59:09,0006B2A1D2,K23
2013-07-16 05:06:08,00068E1F36,K23
2013-07-16 05:06:16,00068E1A0D,K23
2013-07-16 05:09:14,0006B2A1D2,K23
2013-07-16 05:10:10,00065EBF3C,K23
2013-07-16 05:15:32,00065EBF3C,K23
2013-07-16 05:16:04,0006B2A1D2,K233
2013-07-16 05:20:50,00068E1F36,K23
2013-07-16 21:37:05,0006B3775E,K233
2013-07-16 21:40:57,000697A0CF,K23
2013-07-16 21:43:04,000697CE1D,K233
2013-07-16 21:43:11,00061D4D10,K23
2013-07-16 21:43:35,00068E1F36,K23
2013-07-16 21:44:09,0006B2A1D2,K23
2013-07-16 21:44:20,00065E61B2,K23
2013-07-16 21:44:56,00068E1A0D,K23
2013-07-16 21:46:49,0006B34F91,K23
2013-07-16 21:46:53,0006B2C073,K23
2013-07-16 21:53:14,00065EBF3C,K23
2013-07-16 21:59:36,00065EBF3C,K23
2013-07-16 22:56:52,0006B2C073,K23
2013-07-16 23:03:56,0006B2C073,K23
2013-07-16 23:17:09,00068E1F36,K23
2013-07-16 23:23:17,00065E61B2,K23
2013-07-16 23:23:32,00065EBF3C,K23
2013-07-16 23:52:21,00061D4D10,K23
2013-07-17 00:13:34,0006B2A1D2,K23
2013-07-17 00:19:03,0006B2C073,K23
2013-07-17 00:34:04,00065EBF3C,K23
2013-07-17 00:40:09,00065E61B2,K23
2013-07-17 00:42:45,00065EBF3C,K23
2013-07-17 00:51:53,00065E61B2,K23
2013-07-17 00:54:00,00068E1F36,K23
2013-07-17 00:55:42,000697A0CF,K23
2013-07-17 01:03:42,000697A0CF,K23
2013-07-17 01:50:40,0006B2C073,K23
2013-07-17 01:51:04,00068E1A0D,K23
2013-07-17 01:52:03,00065EBF3C,K23
2013-07-17 01:55:03,00061D4D10,K23
2013-07-17 01:57:48,00068E1A0D,K23
2013-07-17 01:57:51,0006B2C073,K23
2013-07-17 01:58:35,00065EBF3C,K23
2013-07-17 01:59:13,000697A0CF,K23
2013-07-17 02:04:36,00068E1F36,K23
2013-07-17 02:05:40,0006B2A1D2,K23
2013-07-17 02:06:35,000697A0CF,K23
2013-07-17 02:13:07,00065E61B2,K23
2013-07-17 02:13:16,000697A0CF,K23
2013-07-17 02:35:41,000697A0CF,K233
2013-07-17 02:36:44,0006B2C073,K233
2013-07-17 02:39:38,00068E1A0D,K23
2013-07-17 02:43:50,0006B2C073,K23
2013-07-17 02:45:42,00068E1F36,K23
2013-07-17 02:47:31,000697A0CF,K23
2013-07-17 02:50:16,0006B2C073,K23
2013-07-17 02:58:10,00068E1F36,K23
2013-07-17 03:02:08,00065EBF3C,K23
2013-07-17 03:09:08,00065EBF3C,K23
2013-07-17 03:25:58,00068E1A0D,K23
2013-07-17 03:32:40,000697A0CF,K23
2013-07-17 03:38:43,0006B2A1D2,K23
2013-07-17 03:39:54,0006B2C073,K23
2013-07-17 03:40:57,00068E1F36,K23
2013-07-17 03:43:50,00065EBF3C,K23
2013-07-17 03:45:39,0006B2C073,K23
2013-07-17 03:51:18,00065EBF3C,K23
2013-07-17 04:56:13,0006B2A1D2,K23
2013-07-17 04:58:50,000697A0CF,K23
2013-07-17 05:00:47,0006B2C073,K23
2013-07-17 05:01:34,00065EBF3C,K23
2013-07-17 05:01:53,0006B35440,K23
2013-07-17 21:32:51,00061D4D10,K23
2013-07-17 21:32:58,00068E1A0D,K23
2013-07-17 21:33:29,0006B2A1D2,K23
2013-07-17 21:34:35,00065E61B2,K23
2013-07-17 21:35:34,000697A0CF,K23
2013-07-17 21:36:44,00068E1F36,K23
2013-07-17 21:37:16,0006B2C073,K23
2013-07-17 21:43:06,0006B34FCA,K32
2013-07-17 21:43:34,0006B35DED,K32
2013-07-17 21:46:06,0006B35440,K32
2013-07-17 23:00:59,00065E61B2,K23
2013-07-17 23:16:19,00068E1F36,K23
2013-07-17 23:22:09,0006B2C073,K23
2013-07-17 23:29:00,0006B2C073,K23
2013-07-17 23:49:04,000697A0CF,K32
2013-07-17 23:52:28,00065E61B2,K23
2013-07-17 23:54:05,000697A0CF,K23
2013-07-17 23:54:49,00068E1F36,K23
2013-07-17 23:57:11,00068E1A0D,K23
2013-07-18 00:05:37,00068E1A0D,K23
2013-07-18 00:14:56,00061D4D10,K23
2013-07-18 00:18:21,0006B2A1D2,K23
2013-07-18 00:23:36,00065EBF3C,K23
2013-07-18 00:28:37,0006B2A1D2,K23
2013-07-18 00:29:51,00068E1F36,K23
2013-07-18 00:31:05,00065EBF3C,K32
2013-07-18 00:37:20,0006B2C073,K32
2013-07-18 00:46:27,0006B2C073,K23
2013-07-18 01:06:48,0006B2A1D2,K32
2013-07-18 01:14:04,0006B2A1D2,K23
2013-07-18 01:14:37,0006E24D01,K32
2013-07-18 01:18:22,0006B2C073,K32
2013-07-18 01:20:54,000697A0CF,K32
2013-07-18 01:25:36,0006B2C073,K23
2013-07-18 01:26:41,00061D4D10,K23
2013-07-18 01:28:06,0006B2A1D2,K23
2013-07-18 01:36:35,0006B2A1D2,K32
2013-07-18 01:38:57,0006B2C073,K32
2013-07-18 01:46:45,00068E1F36,K23
2013-07-18 01:57:06,000697A0CF,K32
2013-07-18 02:02:37,00065EBF3C,K23
2013-07-18 02:06:09,00068E1F36,K23
2013-07-18 02:07:01,000697A0CF,K23
2013-07-18 02:09:32,0006B2C073,K32
2013-07-18 02:11:58,00068E1F36,K23
2013-07-18 02:12:31,000697A0CF,K23
2013-07-18 02:24:31,0006B2C073,K32
2013-07-18 02:30:40,0006B2A1D2,K23
2013-07-18 02:38:14,0006B2A1D2,K23
2013-07-18 02:40:43,00061D4D10,K23
2013-07-18 02:45:10,0006B2A1D2,K23
2013-07-18 02:54:00,0006B2A1D2,K32
2013-07-18 03:51:43,000697A0CF,K32
2013-07-18 04:51:07,0006B34FCA,K32
2013-07-18 04:55:25,00065EBF3C,K32
2013-07-18 05:05:39,0006B34F91,K32
2013-07-18 21:28:04,00068E1A0D,K32
2013-07-18 21:28:12,00061D4D10,K32
2013-07-18 21:32:32,0006B2C073,K32
2013-07-18 21:35:46,000697A0CF,K32
2013-07-18 21:36:09,0006B2A1D2,K32
2013-07-18 23:48:00,00065EBF3C,K32
2013-07-19 00:09:57,000697A0CF,K32
2013-07-19 00:41:59,0006B2A1D2,K32
2013-07-19 00:49:06,0006B2A1D2,K32
2013-07-19 01:12:52,00065EBF3C,K32
2013-07-19 01:18:39,00065EBF3C,K32
2013-07-19 01:27:54,00068E1F36,K32
2013-07-19 01:46:09,000697A0CF,K32
2013-07-19 02:18:22,0006B2C073,K32
2013-07-19 02:29:07,0006B2C073,K32
2013-07-19 02:34:00,00065EBF3C,K32
2013-07-19 02:44:12,0006B2A1D2,K32
2013-07-19 03:38:59,0006B2A1D2,K32
2013-07-19 03:42:21,000697A0CF,K32
2013-07-19 04:54:37,00065EBF3C,K32
2013-07-19 21:30:06,00068E1A0D,K32
2013-07-19 21:30:25,00061D4D10,K32
2013-07-19 21:32:33,000697A0CF,K32
2013-07-19 21:32:38,00065EBF3C,K32
2013-07-19 21:34:48,0006B2A1D2,K32
2013-07-19 21:35:13,0006B2C073,K32
2013-07-19 21:36:37,000697CE1D,K32
2013-07-19 21:37:22,00065E61B2,K32
2013-07-19 21:38:49,0006B34F91,K32
2013-07-19 21:40:21,00068E1F36,K32
2013-07-19 21:40:54,0006B294D3,K32
2013-07-19 21:41:14,0006B35DED,K32
2013-07-19 21:46:22,0006B35440,K32
2013-07-19 23:00:34,000697A0CF,K32
2013-07-19 23:22:46,0006B2C073,K32
2013-07-19 23:24:27,00065E61B2,K32
2013-07-19 23:37:43,0006B2C073,K32
2013-07-19 23:42:45,0006B2C073,K32
2013-07-19 23:47:08,00065E61B2,K32
2013-07-19 23:51:02,00068E1F36,K32
2013-07-20 00:10:04,00065E61B2,K32
2013-07-20 00:17:48,0006B2C073,K32
2013-07-20 00:20:59,00065E61B2,K32
2013-07-20 00:21:40,0006B2A1D2,K32
2013-07-20 00:29:48,00068E1A0D,K32
2013-07-20 00:29:53,00065EBF3C,K32
2013-07-20 00:34:22,0006B2C073,K32
2013-07-20 00:39:40,00065EBF3C,K32
2013-07-20 00:46:43,0006B2C073,K32
2013-07-20 00:53:54,0006B2C073,K32
2013-07-20 01:15:10,00068E1F36,K32
2013-07-20 02:09:29,00065EBF3C,K32
2013-07-20 02:09:40,0006B2C073,K32
2013-07-20 03:30:23,0006B2A1D2,K32
2013-07-20 03:41:15,0006B2C073,K32
2013-07-20 03:47:28,0006B2C073,K32
2013-07-20 04:51:04,00068E1A0D,K32
2013-07-20 21:30:50,00061D4D10,K32
2013-07-20 21:36:23,000697A0CF,K32
2013-07-20 21:36:33,0006B2C073,K32
2013-07-20 21:37:19,00068E1A0D,K32
2013-07-20 21:38:36,0006B35440,K32
2013-07-20 21:52:23,0006B35DED,K32
2013-07-20 23:30:29,00061D4D10,K32
2013-07-20 23:37:45,0006B2C073,K32
2013-07-20 23:51:38,00065E61B2,K32
2013-07-21 00:03:48,0006B2C073,K32
2013-07-21 00:21:35,0006B2C073,K32
2013-07-21 00:38:24,0006B2A1D2,K32
2013-07-21 01:06:02,00065EBF3C,K32
2013-07-21 01:46:23,0006B2C073,K32
2013-07-21 02:41:13,0006B2A1D2,K32
2013-07-21 03:07:22,000697A0CF,K32
2013-07-21 03:08:20,00065EBF3C,K32
2013-07-21 03:19:25,0006B2C073,K32
2013-07-21 03:56:51,00061D4D10,K32
2013-07-21 03:56:58,0006B2A1D2,K32
2013-07-21 04:49:37,00065EBF3C,K32
2013-07-21 05:15:22,000697CE1D,K32
2013-07-21 21:30:12,0006B3775E,K32
2013-07-21 21:32:23,0006B294D3,K32
2013-07-21 21:32:25,000697A0CF,K32
2013-07-21 21:32:28,0006B34F91,K32
2013-07-21 21:32:48,0006B2C073,K32
2013-07-21 21:33:42,00061D4D10,K32
2013-07-21 21:35:18,00068E1A0D,K32
2013-07-21 21:36:18,00065E61B2,K32
2013-07-21 21:36:47,0006B2A1D2,K32
2013-07-21 21:39:55,00068E1F36,K32
2013-07-21 21:39:58,0006B34FCA,K32
2013-07-21 21:40:29,0006B35440,K32
2013-07-21 21:44:02,0006E24D01,K32
2013-07-21 21:45:05,0006B35DED,K32
2013-07-21 23:27:03,0006B2C073,K32
2013-07-22 00:16:35,0006B2C073,K32
2013-07-22 00:18:25,00065EBF3C,K32
2013-07-22 00:33:35,00065E61B2,K32
2013-07-22 01:29:48,00068E1F36,K32
2013-07-22 01:39:56,0006B2A1D2,K32
2013-07-22 01:46:20,0006B2C073,K32
2013-07-22 02:00:38,00065EBF3C,K32
2013-07-22 02:09:41,00065EBF3C,K32
2013-07-22 02:28:09,00065E61B2,K32
2013-07-22 02:40:46,000697A0CF,K32
2013-07-22 02:50:03,00061D4D10,K32
2013-07-22 02:58:46,0006B2C073,K32
2013-07-22 03:42:15,0006B2A1D2,K32
2013-07-22 03:53:27,00061D4D10,K32
2013-07-22 04:09:29,00065E61B2,K32
2013-07-22 04:13:02,0006B2C073,K32
2013-07-22 05:18:07,0006B35440,K32
2013-07-22 05:18:49,000697CE1D,K32
2013-07-22 14:15:49,0006B3775E,K32
2013-07-22 21:22:44,00068E1F36,K32
2013-07-22 21:24:27,00065EBF3C,K32
2013-07-22 21:24:31,000697A0CF,K32
2013-07-22 21:24:35,0006B2A1D2,K32
2013-07-22 21:25:19,000697CE1D,K32
2013-07-22 21:26:35,00068E1A0D,K32
2013-07-22 21:28:13,0006B35440,K32
2013-07-22 21:30:12,00065E61B2,K32
2013-07-22 21:30:14,0006B2C073,K32
2013-07-22 21:31:26,0006B34FCA,K32
2013-07-22 21:32:31,0006B35DED,K32
2013-07-22 21:32:36,0006E24D01,K32
2013-07-22 23:50:06,00068E1F36,K32
2013-07-22 23:57:49,0006B2C073,K32
2013-07-23 00:48:25,0006B2A1D2,K32
2013-07-23 01:54:51,00061D4D10,K32
2013-07-23 01:58:04,00065E61B2,K32
2013-07-23 21:19:50,000697A0CF,K24
2013-07-23 21:30:02,0006B2C073,K24
2013-07-23 21:30:14,00068E1A0D,K24
2013-07-23 21:31:47,0006B2A1D2,K24
2013-07-23 21:32:05,0006B34F91,K24
2013-07-23 21:32:43,0006B34FCA,K24
2013-07-23 21:39:14,0006B35440,K24
2013-07-23 23:48:59,0006B2C073,K24
2013-07-23 23:52:40,00068E1A0D,K24
2013-07-24 00:02:58,0006B2C073,K24
2013-07-24 00:28:40,00061D4D10,K24
2013-07-24 01:58:24,0006B2C073,K24
2013-07-24 03:16:30,0006B2A1D2,K24
2013-07-24 03:21:42,0006B2C073,K24
2013-07-24 03:22:54,0006B2A1D2,K24
2013-07-24 21:36:50,000697A0CF,K24
2013-07-24 21:41:45,0006B2A1D2,K24
2013-07-24 21:42:05,0006B34FCA,K24
2013-07-25 00:50:45,0006B2C073,K24
2013-07-25 01:01:00,0006B2C073,K24
2013-07-25 01:10:18,0006B2A1D2,K24
2013-07-25 03:28:32,000697A0CF,K24
2013-07-25 21:37:00,0006B2C073,K19
2013-07-25 21:38:50,000697A0CF,K24
2013-07-25 21:39:01,00068E1F36,K24
2013-07-25 21:39:18,0006B34F91,K24
2013-07-25 21:40:00,0006B294D3,K19
2013-07-25 21:40:32,0006B34FCA,K19
2013-07-25 21:41:00,0006B2A1D2,K19
2013-07-25 21:42:59,0006B35440,K19
2013-07-25 21:46:01,0006E24D01,K19
2013-07-26 00:09:16,00065EBF3C,K19
2013-07-26 00:14:00,00068E1F36,K19
2013-07-26 00:19:24,00068E1F36,K19
2013-07-26 00:19:40,00068E1A0D,K19
2013-07-26 00:27:09,00068E1A0D,K19
2013-07-26 01:11:15,00065EBF3C,K19
2013-07-26 01:21:11,00065EBF3C,K19
2013-07-26 01:48:07,00068E1A0D,K19
2013-07-26 01:52:42,00065E61B2,K19
2013-07-26 01:55:02,00068E1F36,K19
2013-07-26 02:00:03,00068E1A0D,K19
2013-07-26 02:18:08,00065E61B2,K19
2013-07-26 02:36:19,0006B2C073,K19
2013-07-26 03:15:02,000697A0CF,K19
2013-07-26 03:29:04,0006B2C073,K19
2013-07-26 03:30:28,0006B2A1D2,K19
2013-07-26 03:31:52,00068E1F36,K19
2013-07-26 03:32:43,00065EBF3C,K19
2013-07-26 03:36:11,000697A0CF,K19
2013-07-26 03:37:21,0006B2C073,K19
2013-07-26 04:07:34,00065E61B2,K19
2013-07-26 04:59:51,0006B35DED,K19
2013-07-26 05:06:26,00065EBF3C,K19
2013-07-26 05:07:24,00068E1A0D,K19
2013-07-26 05:19:24,0006B2C073,K19
2013-07-26 05:20:15,0006B34F91,K19
2013-07-26 21:27:10,00061D4D10,K18
2013-07-26 21:27:25,0006B3775E,K18
2013-07-26 21:32:09,0006B2A1D2,K19
2013-07-26 21:34:03,00068E1A0D,K19
2013-07-26 21:34:52,000697A0CF,K19
2013-07-26 21:34:59,00068E1F36,K19
2013-07-26 21:35:19,0006B2C073,K19
2013-07-26 21:35:59,0006B34F91,K19
2013-07-26 21:36:14,00065EBF3C,K19
2013-07-26 21:37:00,00065E61B2,K19
2013-07-26 21:40:20,0006B294D3,K18
2013-07-26 21:41:13,0006E24D01,K19
2013-07-26 21:42:07,0006B35440,K18
2013-07-26 21:42:18,0006B34FCA,K18
2013-07-26 21:43:25,0006B35DED,K19
2013-07-27 00:37:58,00061D4D10,K18
2013-07-27 00:38:29,00068E1A0D,K18
2013-07-27 00:45:05,00068E1A0D,K18
2013-07-27 00:48:18,00061D4D10,K18
2013-07-27 01:09:17,00068E1A0D,K18
2013-07-27 01:17:56,00068E1A0D,K18
2013-07-27 03:12:27,000697A0CF,K18
2013-07-27 03:40:52,000697A0CF,K18
2013-07-27 03:52:25,0006B2A1D2,K18
2013-07-27 04:13:13,0006B2A1D2,K18
2013-07-27 05:06:20,00068E1A0D,K18
2013-07-27 05:09:33,0006B294D3,K18
2013-07-27 05:15:07,0006B35440,K18
2013-07-27 21:18:28,00068E1F36,K18
2013-07-27 21:23:29,00061D4D10,K18
2013-07-27 21:25:15,00068E1F36,K18
2013-07-27 21:25:34,000697A0CF,K18
2013-07-27 21:27:03,00065E61B2,K18
2013-07-27 21:27:11,0006B34F91,K21
2013-07-27 21:27:41,0006B2A1D2,K18
2013-07-27 21:27:47,0006B2C073,K21
2013-07-27 21:28:15,00068E1A0D,K18
2013-07-27 21:29:14,0006B294D3,K18
2013-07-27 21:34:43,0006B34FCA,K18
2013-07-27 21:36:05,0006B35440,K18
2013-07-27 21:43:44,0006E24D01,K18
2013-07-28 00:21:20,0006B2C073,K18
2013-07-28 00:22:09,00068E1F36,K18
2013-07-28 00:25:34,0006B240A2,K18
2013-07-28 00:37:09,00068E1F36,K18
2013-07-28 00:54:20,00068E1F36,K18
2013-07-28 01:01:26,00065E61B2,K18
2013-07-28 01:22:15,0006B2C073,K18
2013-07-28 01:36:52,0006B2C073,K18
2013-07-28 02:54:13,0006B2C073,K18
2013-07-28 03:03:30,0006B2C073,K18
2013-07-28 03:04:11,00068E1A0D,K18
2013-07-28 03:11:06,00068E1A0D,K18
2013-07-28 03:15:04,0006B2C073,K18
2013-07-28 03:35:22,00068E1F36,K18
2013-07-28 03:56:48,0006B2A1D2,K18
2013-07-28 04:02:21,00068E1F36,K18
2013-07-28 04:02:54,0006B2A1D2,K18
2013-07-28 04:46:17,00068E1A0D,K18
2013-07-28 04:46:31,0006B2C073,K18
2013-07-28 05:34:13,0006B34FCA,K18
2013-07-28 05:37:34,0006B34F91,K18
2013-07-28 21:50:42,00065E61B2,K18
2013-07-28 21:51:07,0006B34FCA,K18
2013-07-28 21:54:44,0006B2C073,K18
2013-07-28 21:56:12,000697A0CF,K18
2013-07-28 21:59:27,0006B2A1D2,K18
2013-07-28 23:41:50,0006B2C073,K18
2013-07-29 01:05:23,0006B2C073,K18
2013-07-29 04:57:47,0006B35440,K18
2013-07-29 22:01:14,0006B34FCA,K18
2013-07-30 21:19:11,0006CC2E5A,K240
2013-07-30 21:21:25,0006B34F91,K18
2013-07-30 21:28:44,0006B2C073,K18
2013-07-30 21:29:25,0006B2A1D2,K18
2013-07-30 23:27:41,00068E1A0D,K18
2013-07-30 23:43:35,00065E61B2,K18
2013-07-30 23:54:27,0006B2A1D2,K18
2013-07-31 00:54:10,0006B240A2,K18
2013-07-31 01:00:44,0006B240A2,K18
2013-07-31 01:58:06,0006B2C073,K18
2013-07-31 03:06:18,0006CC2E5A,K240
2013-07-31 03:23:11,0006CC2E5A,K240
2013-07-31 04:10:40,0006CC2E5A,K240
2013-07-31 04:51:16,0006CC2E5A,K240
2013-07-31 04:57:02,0006CC2E5A,K240
2013-07-31 21:17:16,0006B35DED,K9
2013-07-31 21:17:17,0006B2C073,K9
2013-07-31 21:22:14,0006B2A1D2,K9
2013-07-31 21:22:52,00061D4D10,K9
2013-07-31 21:23:27,0006B34F91,K9
2013-07-31 21:23:43,000697A0CF,K9
2013-07-31 21:26:21,00068E1A0D,K9
2013-07-31 21:28:27,0006B34FCA,K9
2013-07-31 21:28:48,0006E24D01,K9
2013-08-01 02:47:07,00061D4D10,K9
2013-08-01 21:18:19,0006B2C073,K31
2013-08-01 21:19:15,000697A0CF,K31
2013-08-01 21:20:42,00061D4D10,K31
2013-08-01 21:22:25,0006B34FCA,K31
2013-08-01 21:32:21,0006B2A1D2,K31
2013-08-02 02:57:12,00061D4D10,K31
2013-08-02 03:24:08,0006B2C073,K31
2013-08-02 03:26:42,00068E1A0D,K31
2013-08-02 03:50:18,0006B2C073,K31
2013-08-02 05:09:10,0006B2C073,K31
2013-08-02 21:16:07,00068E1A0D,K31
2013-08-02 21:18:36,000697A0CF,K31
2013-08-02 21:18:43,0006B34FCA,K31
2013-08-02 21:21:20,0006B2A1D2,K31
2013-08-02 21:21:26,0006B2C073,K31
2013-08-02 21:25:09,0006B35DED,K31
2013-08-02 21:25:31,0006B35440,K31
2013-08-02 21:26:12,0006E24D01,K31
2013-08-03 05:12:36,0006B2C073,K31
2013-08-03 05:16:31,00065EBF3C,K31
2013-08-03 05:23:35,00061D4D10,K31
2013-08-03 05:37:20,0006B3775E,K31
2013-08-03 21:16:59,000697A0CF,K31
2013-08-03 21:24:03,0006B2C073,K31
2013-08-03 21:24:14,0006B35DED,K31
2013-08-03 21:24:33,00065E61B2,K31
2013-08-03 21:24:38,00065EBF3C,K31
2013-08-03 21:24:42,00068E1F36,K31
2013-08-03 21:24:48,00061D4D10,K31
2013-08-03 21:25:14,0006B2A1D2,K31
2013-08-03 21:25:16,0006B3775E,K31
2013-08-03 21:26:22,00068E1A0D,K31
2013-08-03 21:28:22,0006B34FCA,K31
2013-08-03 23:40:14,0006B2C073,K31
2013-08-03 23:49:26,0006B2C073,K31
2013-08-04 04:51:18,0006B2C073,K31
2013-08-04 05:02:45,00068E1A0D,K31
2013-08-04 05:06:16,000697A0CF,K31
2013-08-04 05:10:56,00065EBF3C,K31
2013-08-04 05:14:42,0006B294D3,K31
2013-08-04 05:15:45,00061D4D10,K31
2013-08-04 21:23:39,000697A0CF,K31
2013-08-04 21:24:39,0006B2C073,K31
2013-08-04 21:25:46,0006B34FCA,K31
2013-08-04 21:28:50,0006B2A1D2,K31
2013-08-06 17:20:21,0006B35971,K19
2013-08-06 21:22:23,00074F0832,K19
2013-08-06 21:25:51,0006B3A093,K19
2013-08-06 21:25:53,0006B34FCA,K19
2013-08-06 21:25:54,00074FA4F8,K19
2013-08-06 21:30:30,0006B35971,K19
2013-08-06 21:30:43,0006B3900E,K19
2013-08-06 23:50:43,00074FA4F8,K19
2013-08-06 23:55:11,0006B3900E,K19
2013-08-07 00:01:40,00074F0832,K19
2013-08-07 00:13:21,00074FA4F8,K19
2013-08-07 00:16:34,0006B3900E,K19
2013-08-07 04:40:13,00068E1A0D,K19
2013-08-07 04:56:01,00061D4D10,K19
2013-08-07 04:57:06,00074F0832,K19
2013-08-07 04:57:59,0006B35971,K19
2013-08-07 05:05:49,00074F0832,K19
2013-08-07 05:06:01,00074FA4F8,K19
2013-08-07 05:12:26,0006B3A093,K19
2013-08-07 05:13:28,0006B294D3,K19
2013-08-07 05:16:22,0006B35440,K19
2013-08-07 05:22:51,00074F0832,K19
2013-08-07 21:15:32,00065E61B2,K19
2013-08-07 21:17:08,000697A0CF,K19
2013-08-07 21:17:39,0006B2C073,K19
2013-08-07 21:19:15,00061D4D10,K19
2013-08-07 21:21:09,0006B294D3,K19
2013-08-07 21:22:21,00068E1A0D,K19
2013-08-07 21:22:24,00074FA4F8,K19
2013-08-07 21:22:30,00074F0832,K19
2013-08-07 21:23:49,0006B35971,K19
2013-08-07 21:23:58,0006B34F91,K19
2013-08-07 21:24:02,0006B35440,K19
2013-08-07 21:25:22,000697CE1D,K19
2013-08-07 21:33:00,0006B3A093,K19
2013-08-08 03:10:32,0006B2C073,K19
2013-08-08 03:11:25,0006E24D01,K19
2013-08-08 03:30:28,00074F0832,K19
2013-08-08 03:52:31,00065EBF3C,K19
2013-08-08 03:54:34,00074FA4F8,K19
2013-08-08 04:01:24,00065EBF3C,K19
2013-08-08 04:01:26,0006B3900E,K19
2013-08-08 04:25:43,00068E1A0D,K19
2013-08-08 05:05:42,00061D4D10,K19
2013-08-08 05:08:30,0006B3775E,K19
2013-08-08 05:24:43,0006B35971,K19
2013-08-09 21:11:14,00074F0832,K5
2013-08-09 21:12:20,0006B34F91,K5
2013-08-09 21:13:04,000697CE1D,K5
2013-08-09 21:13:08,0006B35971,K5
2013-08-09 21:13:16,0006B3775E,K5
2013-08-09 21:14:06,0006B35440,K5
2013-08-09 21:14:13,0006E24D01,K5
2013-08-09 21:14:30,0006B2C073,K5
2013-08-09 21:15:45,00068E1A0D,K5
2013-08-09 21:17:18,0006B2A1D2,K5
2013-08-09 21:17:42,0006B34FCA,K5
2013-08-09 21:17:58,0006B35DED,K5
2013-08-09 21:18:23,00061D4D10,K5
2013-08-09 21:18:51,000697A0CF,K5
2013-08-09 21:19:00,00074FA4F8,K5
2013-08-09 21:19:55,00065E61B2,K5
2013-08-09 21:20:04,00065EBF3C,K5
2013-08-09 21:20:51,0006B3900E,K5
2013-08-09 21:21:39,00068E1F36,K5
2013-08-09 21:21:45,0006B294D3,K5
2013-08-09 21:21:54,0006B3A093,K5
2013-08-10 03:52:32,0006B2C073,K5
2013-08-10 21:15:34,0006B2C073,K2
2013-08-10 21:16:14,0006B35DED,K2
2013-08-10 21:16:18,00065EBF3C,K2
2013-08-10 21:16:51,000697CE1D,K2
2013-08-10 21:17:03,0006B35440,K2
2013-08-10 21:17:05,00074F0832,K2
2013-08-10 21:18:44,00068E1A0D,K2
2013-08-10 21:19:51,0006B3775E,K2
2013-08-10 21:21:14,00068E1F36,K2
2013-08-10 21:21:47,0006B3900E,K2
2013-08-10 21:22:15,0006E24D01,K2
2013-08-10 21:22:34,000697A0CF,K2
2013-08-10 21:22:45,0006B34FCA,K2
2013-08-10 21:22:58,0006B2A1D2,K2
2013-08-10 21:24:31,0006B35971,K2
2013-08-10 21:24:42,0006B34F91,K2
2013-08-10 21:33:39,0006B3A093,K2
2013-08-11 00:39:43,0006B3A093,K2
2013-08-11 00:54:56,0006B3A093,K2
2013-08-11 02:15:07,0006B2C073,K2
2013-08-11 02:40:42,0006B2C073,K2
2013-08-11 02:58:42,0006B3900E,K2
2013-08-11 03:02:47,0006E24D01,K2
2013-08-11 05:12:44,00074FA4F8,K2
2013-08-11 05:14:00,0006B35971,K2
2013-08-11 05:14:29,0006B3775E,K2
2013-08-11 05:16:13,0006B2C073,K2
2013-08-11 05:18:07,0006B3A093,K2
2013-08-11 05:19:24,00068E1A0D,K2
2013-08-11 05:21:44,0006B3900E,K2
2013-08-11 05:24:58,000697CE1D,K2
2013-08-11 05:38:37,00074FA4F8,K2
2013-08-11 21:16:54,0006B35971,K2
2013-08-11 21:17:05,0006B34F91,K2
2013-08-11 21:17:12,00061D4D10,K2
2013-08-11 21:18:28,00074FA4F8,K2
2013-08-11 21:18:39,0006B2C073,K2
2013-08-11 21:18:56,000697CE1D,K2
2013-08-11 21:18:58,00074F0832,K2
2013-08-11 21:19:47,0006B34FCA,K2
2013-08-11 21:20:21,00065EBF3C,K2
2013-08-11 21:20:25,000697A0CF,K2
2013-08-11 21:23:02,0006E24D01,K2
2013-08-11 21:25:12,0006B35440,K2
2013-08-11 21:25:30,00068E1A0D,K2
2013-08-11 21:25:44,0006B3900E,K2
2013-08-11 21:25:53,00065E61B2,K2
2013-08-11 21:27:04,0006B2A1D2,K2
2013-08-11 21:28:51,0006B3A093,K2
2013-08-12 04:02:48,0006E24D01,K2
2013-08-12 20:35:09,0006E24D01,K17
2013-08-12 21:07:24,00074F0832,K17
2013-08-12 21:14:46,00074FA4F8,K17
2013-08-12 21:16:36,0006B2C073,K17
2013-08-12 21:19:54,0006B3775E,K6
2013-08-12 21:19:58,0006B35971,K6
2013-08-12 21:20:03,000697A0CF,K17
2013-08-12 21:20:17,0006B34F91,K6
2013-08-12 21:20:24,0006B34FCA,K17
2013-08-12 21:21:31,0006B3A093,K6
2013-08-12 21:22:43,00061D4D10,K6
2013-08-12 21:46:01,00074F0832,K17
2013-08-12 21:51:02,00074F0832,K17
2013-08-12 21:56:07,00074FA4F8,K17
2013-08-12 22:29:36,00074FA4F8,K17
2013-08-12 22:48:59,00074F0832,K17
2013-08-13 03:56:25,00074FA4F8,K17
2013-08-13 04:26:59,0006B2C073,K17
2013-08-13 04:31:53,0006B3900E,K17
2013-08-13 04:31:57,00074F0832,K17
2013-08-13 04:48:07,0006B2C073,K17
2013-08-13 04:48:49,0006B3900E,K17
2013-08-13 04:54:27,0006B35971,K17
2013-08-13 04:55:31,00074F0832,K17
2013-08-13 05:02:34,00074FA4F8,K17
2013-08-13 21:13:24,0006B35971,K17
2013-08-13 21:13:47,00074F0832,K17
2013-08-13 21:16:12,00074FA4F8,K17
2013-08-13 21:16:54,0006B2C073,K17
2013-08-13 21:18:18,0006B2A1D2,K17
2013-08-13 21:18:53,0006B34FCA,K17
2013-08-14 14:22:24,0006E24D01,K17
2013-08-14 21:06:01,0006B2A1D2,K235
2013-08-14 21:07:06,0006B34F91,K235
2013-08-14 21:08:34,0006B2C073,K235
2013-08-14 21:13:48,00068E1A0D,K235
2013-08-14 21:13:56,00065E61B2,K235
2013-08-14 21:14:00,0006B3775E,K235
2013-08-14 21:14:38,0006B3A093,K235
2013-08-14 21:15:00,000697A0CF,K235
2013-08-14 21:15:23,0006B35DED,K235
2013-08-14 21:15:39,00068E1F36,K235
2013-08-15 05:05:46,00065EBF3C,K235
2013-08-15 05:07:15,0006B35971,K235
2013-08-15 05:07:48,0006B3900E,K235
2013-08-15 05:11:40,0006B2A1D2,K235
2013-08-15 05:14:13,000697A0CF,K235
2013-08-15 05:14:34,00065EBF3C,K235
2013-08-15 05:18:15,0006B34FCA,K235
2013-08-15 05:18:20,0006B35440,K235
2013-08-15 05:18:27,00068E1A0D,K235
2013-08-15 05:19:44,000697CE1D,K235
2013-08-15 05:22:10,00068E1F36,K235
2013-08-15 05:22:31,00074F0832,K235
2013-08-15 05:23:19,0006B3A093,K235
2013-08-15 05:23:22,0006B35971,K235
2013-08-15 05:28:50,0006B3775E,K235
2013-08-15 05:29:15,0006B3900E,K235
2013-08-15 05:43:30,0006B34F91,K235
2013-08-15 05:45:30,0006B3775E,K235
2013-08-15 21:03:30,0006B34F91,K235
2013-08-15 21:07:12,0006B34FCA,K235
2013-08-15 21:08:04,000697CE1D,K235
2013-08-15 21:08:25,00065E61B2,K235
2013-08-15 21:09:01,0006B2A1D2,K235
2013-08-15 21:09:04,0006B35971,K235
2013-08-15 21:09:26,0006B2C073,K235
2013-08-15 21:10:42,0006B3775E,K235
2013-08-15 21:11:55,000697A0CF,K235
2013-08-15 21:12:12,0006B35DED,K235
2013-08-15 21:13:54,00068E1F36,K235
2013-08-15 21:14:08,0006B294D3,K235
2013-08-15 21:14:11,0006B3900E,K235
2013-08-15 21:14:23,00074FA4F8,K235
2013-08-15 21:14:31,00068E1A0D,K235
2013-08-15 21:16:24,0006B3A093,K235
2013-08-16 05:18:15,00065EBF3C,K235
2013-08-16 05:20:33,00068E1F36,K235
2013-08-16 05:30:12,0006B2A1D2,K235
2013-08-16 05:31:18,0006B34FCA,K235
2013-08-16 05:31:54,0006B3900E,K235
2013-08-16 05:42:25,00074FA4F8,K235
2013-08-16 15:04:34,00074FA4F8,K235
2013-08-16 21:02:30,00061D4D10,K235
2013-08-16 21:03:21,000697CE1D,K235
2013-08-16 21:05:32,0006B35971,K235
2013-08-16 21:06:45,0006B2C073,K235
2013-08-16 21:06:49,000697A0CF,K235
2013-08-16 21:08:32,0006B35DED,K235
2013-08-16 21:09:02,00065EBF3C,K235
2013-08-16 21:09:04,0006B3775E,K235
2013-08-16 21:09:35,0006B35440,K235
2013-08-16 21:10:00,00065E61B2,K235
2013-08-16 21:11:51,00068E1A0D,K235
2013-08-16 21:12:03,00068E1F36,K235
2013-08-16 21:12:22,0006B34FCA,K235
2013-08-16 21:12:24,0006B2A1D2,K235
2013-08-16 21:13:08,0006B3900E,K235
2013-08-16 21:13:18,0006B3A093,K235
2013-08-17 05:46:29,0006B35971,K235
2013-08-17 05:58:50,0006B35971,K235
2013-08-17 13:46:18,00074FA4F8,K28
2013-08-17 14:51:06,00074F0832,K28
2013-08-17 16:26:48,0006B3900E,K28
2013-08-17 20:56:47,000697A0CF,K28
2013-08-17 20:57:54,00061D4D10,K28
2013-08-17 20:58:04,000697CE1D,K28
2013-08-17 20:58:06,00065EBF3C,K28
2013-08-17 20:58:10,0006B39900,K28
2013-08-17 20:58:54,0006B34F91,K28
2013-08-17 21:03:32,0006B2C073,K28
2013-08-17 21:03:38,00074F0832,K28
2013-08-17 21:03:43,0006B35971,K28
2013-08-17 21:04:10,00074FA4F8,K28
2013-08-17 21:04:54,00068E1F36,K28
2013-08-17 21:06:44,0006B3900E,K28
2013-08-17 21:06:54,0006B2A1D2,K28
2013-08-17 21:07:59,0006B3A093,K28
2013-08-17 21:09:13,0006B34FCA,K28
2013-08-17 21:09:32,00068E1A0D,K28
2013-08-17 21:10:07,00065E61B2,K28
2013-08-18 05:37:18,0006B3900E,K28
2013-08-18 06:02:31,0006B34F91,K28
2013-08-18 06:03:40,0006B35971,K28
2013-08-18 20:49:16,0006B35971,K28
2013-08-18 20:51:57,00074F0832,K28
2013-08-18 20:56:06,00074FA4F8,K28
2013-08-18 21:05:09,0006B35440,K28
2013-08-18 21:05:28,0006B3900E,K28
2013-08-18 21:05:46,0006B2C073,K28
2013-08-18 21:06:06,000697A0CF,K28
2013-08-18 21:06:32,00065E61B2,K28
2013-08-18 21:12:44,0006B2A1D2,K28
2013-08-18 21:12:55,0006B34FCA,K28
2013-08-18 21:13:31,0006B3A093,K28
2013-08-19 05:38:45,0006B39900,K28
2013-08-19 05:40:33,0006B34F91,K28
2013-08-19 05:45:16,0006B3900E,K28
2013-08-19 05:52:07,0006B35971,K28
2013-08-19 21:01:10,00074F0832,K28
2013-08-19 21:03:03,0006B35971,K28
2013-08-19 21:07:24,00074FA4F8,K28
2013-08-19 21:07:29,00061D4D10,K28
2013-08-19 21:11:05,000697A0CF,K28
2013-08-19 21:11:43,0006B34FCA,K28
2013-08-19 21:11:53,0006B3900E,K28
2013-08-19 21:13:04,0006B3A093,K28
2013-08-19 21:14:57,0006B2C073,K28
2013-08-19 21:15:29,0006B2A1D2,K28
2013-08-19 21:15:56,00068E1A0D,K28
2013-08-20 01:40:48,0006B3775E,K28
2013-08-20 05:25:40,0006B35DED,K28
2013-08-20 05:37:19,0006B39900,K28
2013-08-20 05:37:42,0006B35440,K28
2013-08-20 05:38:53,00065E61B2,K28
2013-08-20 05:40:12,00074F0832,K28
2013-08-20 05:42:24,0006B3775E,K28
2013-08-20 05:42:29,0006B3900E,K28
2013-08-20 05:42:36,00074FA4F8,K28
2013-08-20 05:42:48,0006B34F91,K28
2013-08-20 05:45:29,0006B35971,K28
2013-08-20 21:02:40,0006B35971,K28
2013-08-20 21:03:47,00074FA4F8,K28
2013-08-20 21:06:47,000697A0CF,K28
2013-08-20 21:07:49,00065EBF3C,K28
2013-08-20 21:07:52,00074F0832,K28
2013-08-20 21:08:27,0006B2C073,K28
2013-08-20 21:08:45,0006B3775E,K28
2013-08-20 21:10:39,0006B3900E,K28
2013-08-20 21:10:59,0006B34FCA,K28
2013-08-20 21:12:10,0006B2A1D2,K28
2013-08-20 21:13:49,0006B3A093,K28
2013-08-20 21:16:08,00068E1A0D,K28
2013-08-21 05:37:48,0006B39900,K28
2013-08-21 05:40:46,0006B3900E,K28
2013-08-21 21:03:29,0006B35971,K17
2013-08-21 21:03:39,0006B2C073,K17
2013-08-21 21:09:53,00074F0832,K28
2013-08-21 21:10:06,00074FA4F8,K28
2013-08-21 21:12:06,00065EBF3C,K28
2013-08-21 21:12:34,0006B39900,K28
2013-08-21 21:16:12,0006B34FCA,K28
2013-08-21 21:16:19,0006B3900E,K28
2013-08-21 21:17:32,0006B3A093,K28
2013-08-22 05:27:08,0006B35DED,K28
2013-08-22 05:36:43,0006B35971,K28
2013-08-22 05:39:25,0006B39900,K28
2013-08-22 05:44:21,0006B3900E,K28
2013-08-22 20:42:14,000697A0CF,K28
2013-08-22 20:50:43,0006B39900,K28
2013-08-22 20:51:03,0006B2A1D2,K28
2013-08-22 20:51:21,0006B3775E,K28
2013-08-22 20:51:42,00074F0832,K28
2013-08-22 20:52:23,0006B35971,K28
2013-08-22 20:52:34,0006B3900E,K28
2013-08-22 20:52:45,0006B35DED,K28
2013-08-22 20:53:52,00074FA4F8,K28
2013-08-22 20:54:30,00068E1A0D,K28
2013-08-22 20:55:13,0006B34FCA,K28
2013-08-22 20:55:20,0006B3A093,K28
2013-08-22 21:02:53,0006B2C073,K110
2013-08-23 05:54:03,0006B3900E,K28
2013-08-23 05:59:57,0006B35971,K110
2013-08-23 06:01:45,0006B34FCA,K110
2013-08-23 06:08:43,00074FA4F8,K28
2013-08-23 06:08:56,0006B39900,K28
2013-08-23 06:09:01,0006B35971,K28
2013-08-23 16:24:01,0006B3A093,K28
2013-08-23 16:27:13,00074FA4F8,K28
2013-08-23 20:49:40,000697A0CF,K28
2013-08-23 20:50:33,00074F0832,K28
2013-08-23 20:50:35,00074FA4F8,K28
2013-08-23 20:50:48,0006B39900,K28
2013-08-23 20:51:36,0006B35971,K28
2013-08-23 20:53:03,0006B35DED,K28
2013-08-23 20:53:05,0006B2A1D2,K28
2013-08-23 20:53:09,0006B3900E,K28
2013-08-23 20:57:53,00068E1F36,K28
2013-08-23 20:58:42,0006B3A093,K28
2013-08-23 20:58:59,00068E1A0D,K28
2013-08-24 05:38:24,0006B35DED,K28
2013-08-24 05:40:05,0006B39900,K28
2013-08-24 05:41:54,0006B35971,K28
2013-08-24 05:55:17,0006B34FCA,K28
2013-08-24 06:02:37,0006B34F91,K28
2013-08-24 06:02:55,0006B3900E,K28
2013-08-24 20:47:40,0006B35971,K28
2013-08-24 20:48:28,000697CE1D,K28
2013-08-24 20:48:38,00074FA4F8,K28
2013-08-24 20:48:44,0006B35DED,K28
2013-08-24 20:49:55,0006B3900E,K28
2013-08-24 20:50:01,000697A0CF,K28
2013-08-24 20:53:33,0006B34FCA,K28
2013-08-24 20:53:36,0006B2C073,K28
2013-08-24 20:53:46,0006B2A1D2,K28
2013-08-24 20:58:45,0006B3A093,K28
2013-08-25 06:02:14,0006B35971,K28
2013-08-25 06:07:23,0006B35971,K28
2013-08-25 06:08:18,0006B34F91,K28
2013-08-25 21:24:08,00074F0832,K18
2013-08-25 21:24:17,0006B2C073,K18
2013-08-25 21:24:54,00074FA4F8,K18
2013-08-25 21:24:57,0006B3A093,K18
2013-08-25 21:33:50,0006B2A1D2,K18
2013-08-25 21:36:09,0006B35DED,K18
2013-08-25 21:36:22,0006B35971,K28
2013-08-28 20:39:07,0006B39900,K5
2013-08-28 20:41:58,0006B3775E,K5
2013-08-28 20:43:03,0006B35971,K16
2013-08-28 20:43:14,00074FA4F8,K16
2013-08-28 20:43:41,0006B2C073,K5
2013-08-28 20:43:50,0006B35DED,K5
2013-08-28 20:44:27,0006B3A093,K16
2013-08-28 20:50:24,00068E1F36,K5
2013-08-28 20:51:50,0006B2A1D2,K5
2013-08-28 20:55:06,0006B34FCA,K5
2013-08-29 01:13:08,000697CE1D,K5
2013-08-29 03:23:54,00074F0832,K5
2013-08-29 05:45:59,0006B3775E,K5
2013-08-29 05:53:30,000697CE1D,K5
2013-08-29 05:56:00,0006B2C073,K5
2013-08-29 05:58:36,0006B35971,K5
2013-08-29 05:58:58,00074F0832,K5
2013-08-29 20:38:33,0006B35971,K5
2013-08-29 20:42:54,00074F0832,K5
2013-08-29 20:45:02,0006B3A093,K5
2013-08-29 20:45:39,00074FA4F8,K5
2013-08-29 20:45:43,0006B2C073,K5
2013-08-29 20:49:06,0006B2A1D2,K5
2013-08-30 20:38:23,0006B35440,K1
2013-08-30 20:38:28,00065EBF3C,K1
2013-08-30 20:38:49,0006B2C073,K1
2013-08-30 20:40:55,0006B35971,K1
2013-08-30 20:41:35,0006B2A1D2,K1
2013-08-30 20:41:56,00068E1F36,K1
2013-08-30 20:43:25,0006B3A093,K1
2013-08-30 20:43:28,00074FA4F8,K1
2013-08-30 20:43:58,0006B34F91,K16
2013-08-30 20:44:32,00068E1A0D,K1
2013-08-30 20:51:06,0006B34FCA,K16
2013-08-31 05:46:04,00065EBF3C,K1
2013-08-31 05:51:17,000697CE1D,K1
2013-08-31 05:55:06,0006B3775E,K1
2013-08-31 05:55:26,00074F0832,K1
2013-08-31 05:58:40,0006B35440,K1
2013-08-31 06:02:26,0006B2C073,K1
2013-08-31 06:02:41,0006B35971,K1
2013-08-31 20:27:09,000697CE1D,K1
2013-08-31 20:31:23,0006B35971,K1
2013-08-31 20:35:54,00074FA4F8,K1
2013-08-31 20:36:26,0006B2C073,K1
2013-08-31 20:40:48,0006B3A093,K1
2013-08-31 20:42:22,00068E1A0D,K1
2013-08-31 20:44:57,0006B34FCA,K16
2013-09-01 05:54:26,0006B35971,K16
2013-09-01 05:55:32,000697CE1D,K1
2013-09-01 06:00:32,0006B35971,K16
2013-09-01 06:01:09,0006B2C073,K1
2013-09-01 06:04:56,00068E1A0D,K1
2013-09-01 20:32:23,0006B3900E,K16
2013-09-01 20:32:42,0006B3775E,K1
2013-09-01 20:37:02,0006B35971,K16
2013-09-01 20:42:13,00074FA4F8,K1
2013-09-01 20:43:18,000697A0CF,K1
2013-09-01 20:46:33,0006B2A1D2,K1
2013-09-01 20:51:09,0006B2C073,K1
2013-09-01 20:55:11,0006B3A093,K1
2013-09-01 20:55:41,0006B34FCA,K1
2013-09-01 20:56:03,0006B35DED,K1
2013-09-02 05:44:06,0006B35DED,K1
2013-09-02 05:44:25,0006B35971,K16
2013-09-02 05:45:32,0006B3900E,K16
2013-09-02 05:49:16,0006B3A093,K16
2013-09-02 05:56:01,00065EBF3C,K1
2013-09-02 05:58:33,0006B2C073,K1
2013-09-02 06:00:15,0006B3775E,K1
2013-09-02 06:04:15,00074F0832,K1
2013-09-02 06:09:07,0006B35440,K1
2013-09-02 06:09:45,0006B35971,K1
2013-09-02 20:36:23,0006B3A093,K16
2013-09-02 20:46:34,0006B35971,K1
2013-09-02 20:46:39,0006B35440,K1
2013-09-02 20:46:56,0006B2C073,K1
2013-09-02 20:51:57,0006B34FCA,K1
2013-09-03 05:53:58,00065EBF3C,K1
2013-09-03 05:54:43,0006B39900,K1
2013-09-03 05:57:44,0006B2C073,K1
2013-09-03 05:58:40,0006B3900E,K16
2013-09-03 05:59:22,000697CE1D,K1
2013-09-03 06:08:42,00074F0832,K1
2013-09-03 06:09:39,0006B3775E,K1
2013-09-03 06:10:06,0006B35971,K1
2013-09-03 20:31:23,0006B35971,K1
2013-09-03 20:35:08,0006B3900E,K16
2013-09-03 20:36:36,0006B34FCA,K16
2013-09-03 20:37:37,0006B2C073,K1
2013-09-03 20:37:49,00074FA4F8,K1
2013-09-03 20:38:49,000697A0CF,K1
2013-09-04 05:50:30,000697A0CF,K1
2013-09-04 06:01:27,0006B3775E,K1
2013-09-04 06:01:32,00074F0832,K1
2013-09-04 06:02:52,0006B39900,K1
2013-09-04 06:03:43,0006B35971,K1
2013-09-04 06:04:46,0006B2C073,K1
2013-09-04 06:07:02,0006B35440,K1
2013-09-04 20:34:09,00065E61B2,K1
2013-09-04 20:35:13,0006B3900E,K16
2013-09-04 20:36:10,00065EBF3C,K1
2013-09-04 20:36:27,0006B2C073,K1
2013-09-04 20:36:51,0006B35DED,K1
2013-09-04 20:36:53,0006B35971,K1
2013-09-04 20:38:54,000697A0CF,K1
2013-09-04 20:39:01,00074F0832,K1
2013-09-04 20:41:06,0006B2A1D2,K16
2013-09-04 20:41:08,00074FA4F8,K1
2013-09-04 20:42:37,0006B3A093,K1
2013-09-04 20:43:45,0006B34FCA,K16
2013-09-05 06:02:15,00065EBF3C,K1
2013-09-05 06:02:19,000697CE1D,K1
2013-09-05 06:02:35,0006B3775E,K1
2013-09-05 06:02:39,0006B39900,K1
2013-09-05 06:03:09,0006B35440,K1
2013-09-05 06:04:07,0006B2C073,K1
2013-09-05 06:04:24,0006B3900E,K1
2013-09-05 06:05:08,00068E1A0D,K1
2013-09-05 06:07:58,00074F0832,K1
2013-09-05 06:09:11,0006B35971,K1
2013-09-05 20:24:03,00065EBF3C,K1
2013-09-05 20:25:29,0006B35971,K1
2013-09-05 20:27:32,0006B39900,K1
2013-09-05 20:27:46,0006B2C073,K1
2013-09-05 20:31:46,00074FA4F8,K1
2013-09-05 20:32:47,0006B2A1D2,K1
2013-09-05 20:33:14,0006B3A093,K1
2013-09-05 20:33:26,000697A0CF,K1
2013-09-05 20:34:18,0006B3900E,K1
2013-09-05 20:34:42,00068E1A0D,K1
2013-09-06 05:59:33,0006B2C073,K1
2013-09-06 06:07:08,0006B35971,K1
2013-09-06 06:09:29,00068E1A0D,K1
2013-09-06 20:21:17,00074F0832,K1
2013-09-06 20:22:27,0006B2C073,K1
2013-09-06 20:24:15,0006B3A093,K1
2013-09-06 20:25:57,0006B35971,K1
2013-09-06 20:27:45,0006B35440,K1
2013-09-06 20:29:29,00074FA4F8,K1
2013-09-06 20:29:35,0006B2A1D2,K1
2013-09-06 20:33:22,0006B3900E,K1
2013-09-07 06:19:26,00074FA4F8,K1
2013-09-07 20:16:53,00074FA4F8,K1
2013-09-07 20:21:26,0006B3775E,K1
2013-09-07 20:23:02,0006B35440,K1
2013-09-07 20:26:59,0006B3A093,K17
2013-09-07 20:30:21,0006B3900E,K17
2013-09-08 20:25:08,0006B3A093,K17
2013-09-13 20:20:09,0006B35971,K17
2013-09-13 20:25:40,0006B3A093,K17
2013-09-14 06:23:53,00068E1A0D,K17
2013-09-14 06:25:30,00074F0832,K17
2013-09-14 06:26:41,0006B35971,K17
2013-09-14 06:37:32,0006B39900,K17
2013-09-14 06:40:22,00074FA4F8,K17
2013-09-15 06:01:30,00074F0832,K17
2013-09-15 06:11:57,0006B35971,K17
2013-09-15 06:26:52,00074FA4F8,K17
2013-09-15 20:17:42,00074FA4F8,K17
2013-09-15 20:21:24,0006B35971,K17
2013-09-16 06:15:41,0006B35971,K17
2013-09-16 06:21:09,00074F0832,K17
2013-09-16 06:32:04,00074FA4F8,K17
2013-09-16 06:35:13,0006B35971,K17
2013-09-16 20:44:30,00074FA4F8,K17
2013-09-16 21:13:44,0006B35971,K17
2013-09-21 20:08:21,00068E1A0D,K17
2013-09-21 20:10:29,00074FA4F8,K17
2013-09-21 20:11:30,0006B39900,K17
2013-09-21 20:13:22,0006B35971,K17
2013-09-21 20:16:11,0006B3A093,K17
2013-09-21 21:17:54,0006CC3461,K17
2013-09-21 23:32:04,00068E1A0D,K17
2013-09-21 23:46:04,0006B39900,K17
2013-09-22 06:48:05,00074FA4F8,K17
2013-09-22 20:08:44,00074FA4F8,K17
2013-09-22 20:13:26,0006CC3461,K17
2013-09-23 04:59:26,0006CC3461,K17
2013-09-23 06:31:21,0006B3A093,K17
2013-09-23 06:34:15,0006B35971,K17
