date_time,id,box
2014-04-22 21:06:46,00060F6D0D,K85
2014-04-22 21:08:47,0006CC2C18,K85
2014-04-22 21:11:47,0006B34FE4,K85
2014-04-22 21:15:18,0006CC24E9,K85
2014-04-22 21:18:01,00061D3F49,K85
2014-04-23 00:06:18,000697A8D2,K85
2014-04-23 01:50:18,0006B34FE4,K85
2014-04-23 05:20:10,000697A8D2,K85
2014-04-23 05:22:53,0006B3AA57,K85
2014-04-23 05:26:13,0006B34FE4,K85
2014-04-23 05:26:32,00068E1731,K85
2014-04-23 05:27:05,0006B3B75C,K85
2014-04-23 05:32:03,0006CC24E9,K85
2014-04-23 05:47:41,00060F6D0D,K85
2014-04-23 21:08:53,00064407F9,K85
2014-04-23 21:14:38,0006B34FE4,K85
2014-04-23 21:15:09,00060F6D0D,K85
2014-04-23 21:18:20,0006B3B75C,K85
2014-04-23 21:18:27,00068E377E,K85
2014-04-23 21:19:47,0006CC24E9,K85
2014-04-23 21:19:53,00061D3F49,K85
2014-04-24 02:43:27,0006CC24E9,K85
2014-04-24 02:43:32,0006E241C1,K85
2014-04-24 02:55:41,0006CC24E9,K85
2014-04-24 02:55:44,0006E241C1,K85
2014-04-24 03:48:51,00064407F9,K85
2014-04-24 03:57:54,00064407F9,K85
2014-04-24 03:58:19,0006B3BF04,K85
2014-04-24 05:00:45,0006B3BF04,K85
2014-04-24 05:24:37,0006E241C1,K85
2014-04-24 05:25:07,0006B34FE4,K85
2014-04-24 05:26:07,00064407F9,K85
2014-04-24 05:27:44,0006CC24E9,K85
2014-04-24 05:30:45,0006B3B75C,K85
2014-04-24 05:33:31,000697A8D2,K85
2014-04-24 05:33:45,0006E25108,K85
2014-04-24 05:33:49,0006B3AA57,K85
2014-04-24 05:36:28,0006CC3D98,K85
2014-04-24 05:36:38,00060F6D0D,K85
2014-04-24 21:04:45,0006CC3D98,K85
2014-04-24 21:06:45,0006CC2C18,K85
2014-04-24 21:07:13,00064407F9,K85
2014-04-24 21:07:27,00068E1731,K85
2014-04-24 21:08:56,00061D3F49,K85
2014-04-24 21:09:08,0006B34FE4,K85
2014-04-24 21:10:48,00068E0D1B,K85
2014-04-24 21:12:50,0006B3AA57,K85
2014-04-24 21:12:59,0006E25108,K85
2014-04-24 21:15:57,0006E241C1,K85
2014-04-24 21:20:31,0006CC24E9,K85
2014-04-25 01:03:20,0006E241C1,K85
2014-04-25 02:11:48,00068E377E,K85
2014-04-25 02:40:04,00064407F9,K85
2014-04-25 02:54:35,0006B3BF04,K85
2014-04-25 05:29:23,000697A8D2,K85
2014-04-25 05:30:07,00060F6D0D,K85
2014-04-25 05:30:52,0006E241C1,K85
2014-04-25 05:31:27,0006B3BF04,K85
2014-04-25 05:33:03,0006E25108,K85
2014-04-25 05:33:20,0006B34FE4,K85
2014-04-25 05:37:41,0006CC24E9,K85
2014-04-25 05:38:15,0006CC3D98,K85
2014-04-25 05:40:01,0006B3B75C,K85
2014-04-25 05:42:08,0006B3AA57,K85
2014-04-25 05:44:00,0006CC2C18,K85
2014-04-25 21:09:46,00060F6D0D,K85
2014-04-25 21:11:47,0006CC3D98,K85
2014-04-25 21:13:11,0006B34FE4,K85
2014-04-25 21:13:23,0006E241C1,K85
2014-04-25 21:13:48,00064407F9,K85
2014-04-25 21:13:53,0006E25108,K85
2014-04-25 21:13:56,00068E0D1B,K85
2014-04-25 21:14:33,0006CC2C18,K85
2014-04-25 21:16:32,00061D3F49,K85
2014-04-25 21:16:47,00068E1731,K85
2014-04-25 21:16:54,00068E377E,K85
2014-04-25 21:16:59,0006B3AA57,K85
2014-04-25 21:17:30,000697B587,K85
2014-04-25 21:19:33,0006B3B75C,K85
2014-04-25 21:22:32,0006CC24E9,K85
2014-04-25 23:06:55,0006E24C7B,K85
2014-04-25 23:41:44,0001F7D726,K85
2014-04-26 00:48:30,0006E24C7B,K85
2014-04-26 01:32:43,0006B29E17,K85
2014-04-26 03:38:04,0006E24C7B,K85
2014-04-26 03:38:28,0006B3AC35,K85
2014-04-26 04:24:13,0006E24C7B,K85
2014-04-26 04:38:32,0006B3AC35,K85
2014-04-26 04:40:19,0006B3BF04,K85
2014-04-26 05:09:56,0006B3AC35,K85
2014-04-26 05:11:51,0006E24C7B,K85
2014-04-26 05:25:12,0006E24C7B,K85
2014-04-26 05:30:19,0006B3BF04,K85
2014-04-26 05:30:37,0006B3AA57,K85
2014-04-26 05:31:21,0006B34FE4,K85
2014-04-26 05:31:47,0006CC24E9,K85
2014-04-26 05:31:55,0006E241C1,K85
2014-04-26 05:32:17,0006B29E17,K85
2014-04-26 05:33:48,0006B35672,K85
2014-04-26 05:35:56,0006CC3D98,K85
2014-04-26 05:39:03,0006B3B75C,K85
2014-04-26 05:39:11,000697A8D2,K85
2014-04-26 05:39:53,00060F6D0D,K85
2014-04-26 05:40:11,00068E377E,K85
2014-04-26 05:41:51,0006E25108,K85
2014-04-26 05:54:18,0006B3AC35,K85
2014-04-26 21:04:31,0006B3BF04,K85
2014-04-26 21:12:54,00064407F9,K85
2014-04-26 21:12:57,0006CC2C18,K85
2014-04-26 21:13:28,0006E25108,K85
2014-04-26 21:13:32,00068E0D1B,K85
2014-04-26 21:14:24,0006E241C1,K85
2014-04-26 21:14:50,0006B34FE4,K85
2014-04-26 21:15:34,0006B29E17,K85
2014-04-26 21:15:41,0006CC3D98,K85
2014-04-26 21:15:52,000697B587,K85
2014-04-26 21:16:28,0006B35672,K85
2014-04-26 21:16:52,00060F6D0D,K85
2014-04-26 21:17:27,0006E24C7B,K85
2014-04-26 21:17:30,00068E377E,K85
2014-04-26 21:18:52,00061D3F49,K85
2014-04-26 21:21:43,0006B3AC35,K85
2014-04-26 21:21:54,00068E1731,K85
2014-04-26 21:21:57,0006B3AA57,K85
2014-04-26 21:22:44,0006B3B75C,K85
2014-04-26 21:23:18,0001F7D726,K85
2014-04-26 21:25:52,000697A8D2,K85
2014-04-26 21:31:04,0006CC24E9,K85
2014-04-26 23:05:45,0006E24C7B,K85
2014-04-26 23:21:58,0006B3BF04,K85
2014-04-26 23:25:20,0006B35672,K85
2014-04-26 23:32:05,0006B34FE4,K85
2014-04-26 23:42:01,0006B29E17,K85
2014-04-26 23:50:41,0006B3BF04,K85
2014-04-26 23:57:00,0006B34FE4,K85
2014-04-26 23:57:17,0006E24ECA,K85
2014-04-26 23:57:23,0006E24C7B,K85
2014-04-27 00:06:23,0006B29E17,K85
2014-04-27 00:12:31,0001F7D726,K85
2014-04-27 00:12:52,0006B35672,K85
2014-04-27 00:15:05,00061D3F49,K85
2014-04-27 00:20:33,0006B35672,K85
2014-04-27 00:22:23,0006E24C7B,K85
2014-04-27 00:24:58,000697B587,K85
2014-04-27 00:27:06,0006B29E17,K85
2014-04-27 00:27:40,0006E241C1,K85
2014-04-27 00:31:51,00068E377E,K85
2014-04-27 00:53:14,0006CC3D98,K85
2014-04-27 01:10:35,000697B587,K85
2014-04-27 01:11:49,0006B29E17,K85
2014-04-27 01:11:51,00068E377E,K85
2014-04-27 01:15:54,0006CC3D98,K85
2014-04-27 01:16:04,0006E24ECA,K85
2014-04-27 01:16:14,0006E241C1,K85
2014-04-27 01:16:24,0006B35672,K85
2014-04-27 01:17:22,0006E24C7B,K85
2014-04-27 02:19:31,00068E377E,K85
2014-04-27 02:47:06,0006E241C1,K85
2014-04-27 02:52:33,0006B29E17,K85
2014-04-27 03:53:22,0006E24C7B,K85
2014-04-27 04:07:30,0006B3AC35,K85
2014-04-27 04:12:10,0006E241C1,K85
2014-04-27 04:14:30,0006E24ECA,K85
2014-04-27 04:15:10,0006CC24E9,K85
2014-04-27 04:54:00,000697A8D2,K85
2014-04-27 04:54:15,0006CC3D98,K85
2014-04-27 04:57:37,0006B35672,K85
2014-04-27 05:01:43,0006E25108,K85
2014-04-27 05:02:39,00068E377E,K85
2014-04-27 05:03:17,00060F6D0D,K85
2014-04-27 05:05:40,0006E24C7B,K85
2014-04-27 05:11:49,00064407F9,K85
2014-04-27 05:17:54,0006B3AA57,K85
2014-04-27 05:23:07,0006B29E17,K85
2014-04-27 05:34:43,0006B34FE4,K85
2014-04-28 21:08:23,0006E241C1,K45
2014-04-28 21:11:41,0006B35672,K45
2014-04-28 23:04:28,00061D3F49,K45
2014-04-29 01:11:54,0006CC24E9,K45
2014-04-29 01:11:59,000697A8D2,K45
2014-04-29 01:37:12,0006E241C1,K45
2014-04-29 02:34:20,0006CC24E9,K45
2014-04-29 02:39:49,000697A8D2,K45
2014-04-29 02:41:25,0006B34FE4,K45
2014-04-29 02:47:43,0006CC24E9,K45
2014-04-29 03:27:07,0006CC24E9,K45
2014-04-29 03:27:23,0006B29E17,K45
2014-04-29 03:33:39,00060F6D0D,K45
2014-04-29 03:42:28,0006B34FE4,K45
2014-04-29 05:07:15,0006CC24E9,K45
2014-04-29 05:08:25,0006B3BF04,K45
2014-04-29 05:26:46,0006E25108,K45
2014-04-29 05:26:51,00060F6D0D,K45
2014-04-29 05:28:18,0006E241C1,K45
2014-04-29 05:30:16,0006B3AA57,K45
2014-04-29 05:30:38,0006B35672,K45
2014-04-29 05:30:56,0006B3BF04,K45
2014-04-29 05:33:58,000697A8D2,K45
2014-04-29 05:40:49,0006B3B75C,K45
2014-04-29 05:45:03,00060F6D0D,K45
2014-04-29 05:50:46,0006B34FE4,K45
2014-04-29 05:51:22,0006B3BF04,K45
2014-04-29 21:12:41,0006E241C1,K45
2014-04-30 21:03:43,00068E0D1B,K80
2014-04-30 21:07:46,0006B35672,K80
2014-04-30 21:08:07,00068E1731,K80
2014-04-30 21:09:25,0006B34FE4,K80
2014-04-30 21:10:58,0006CC3D98,K80
2014-04-30 21:11:37,0006E25108,K80
2014-04-30 21:11:54,0006B3B75C,K80
2014-04-30 21:16:53,0006E241C1,K5
2014-05-01 00:25:34,000697A8D2,K80
2014-05-01 01:08:03,0006B352AD,K5
2014-05-01 01:08:10,0006E25108,K5
2014-05-01 01:08:48,0006B29E17,K5
2014-05-01 01:38:26,000697A8D2,K5
2014-05-01 03:09:33,0006B3B75C,K5
2014-05-01 03:10:34,00060F6D0D,K5
2014-05-01 03:10:39,0006B3AC35,K5
2014-05-01 03:10:49,0006E24C7B,K5
2014-05-01 05:30:59,0006E25108,K5
2014-05-01 05:32:15,0006B352AD,K5
2014-05-01 05:33:15,0006E241C1,K5
2014-05-01 05:33:20,000697A8D2,K5
2014-05-01 05:35:42,0006B3AA57,K5
2014-05-01 05:36:10,0006E24C7B,K5
2014-05-01 05:38:54,0006B3B75C,K5
2014-05-01 05:39:14,00068E377E,K5
2014-05-01 05:43:42,0006B3BF04,K5
2014-05-01 05:51:25,0006B29E17,K5
2014-05-01 10:46:59,0006B3BF04,K5
2014-05-01 21:13:53,0006B3AC35,K30
2014-05-01 21:18:19,0006B34FE4,K30
2014-05-01 21:20:22,00061D3F49,K30
2014-05-01 21:20:46,0006CC3D98,K30
2014-05-01 21:20:51,00068E0D1B,K30
2014-05-01 21:21:31,0006E241C1,K5
2014-05-01 21:22:35,00060F6D0D,K5
2014-05-01 21:22:52,0006B3B75C,K5
2014-05-01 21:23:05,0006B35672,K5
2014-05-01 22:17:28,0006B352AD,K5
2014-05-02 01:00:40,0006B3AA57,K30
2014-05-02 03:00:32,0006CC3CA1,K5
2014-05-02 05:21:42,0006B352AD,K5
2014-05-02 05:23:58,0006E24C7B,K5
2014-05-02 05:24:04,0006E25108,K5
2014-05-02 05:24:24,0006B3BF04,K5
2014-05-02 05:24:31,0006B35672,K5
2014-05-02 05:24:34,0006CC24E9,K5
2014-05-02 05:30:33,0006B29E17,K5
2014-05-02 05:30:44,0006B3AA57,K5
2014-05-02 05:31:08,0006CC2C18,K5
2014-05-02 05:31:25,0006B34FE4,K5
2014-05-02 05:33:16,0006B3AC35,K5
2014-05-02 05:38:19,000697A8D2,K5
2014-05-02 05:40:22,00061D3F49,K5
2014-05-02 05:45:33,0006E241C1,K5
2014-05-02 21:14:25,0006B34FE4,K5
2014-05-02 21:22:20,0006B3BF04,K5
2014-05-02 21:23:05,0006CC2C18,K5
2014-05-02 21:25:22,0006B3B75C,K5
2014-05-02 21:25:27,0006B34FE4,K5
2014-05-02 21:26:01,0006E24C7B,K5
2014-05-02 21:30:44,00064407F9,K5
2014-05-02 21:30:46,0006E24ECA,K5
2014-05-02 21:31:49,0006E241C1,K5
2014-05-02 21:32:15,0006B29E17,K5
2014-05-02 21:33:41,00068E0D1B,K5
2014-05-02 21:34:09,0006B352AD,K5
2014-05-02 21:34:54,00068E1731,K5
2014-05-02 21:35:10,0006CC3D98,K5
2014-05-02 21:35:34,00061D3F49,K5
2014-05-02 21:35:37,0006E25108,K5
2014-05-02 21:35:43,00068E377E,K5
2014-05-02 21:36:56,0006B35672,K5
2014-05-02 21:37:10,0006B3AC35,K5
2014-05-02 21:37:13,0006B3AA57,K5
2014-05-02 21:37:36,0006CC3CA1,K5
2014-05-02 21:39:27,00060F6D0D,K5
2014-05-02 21:39:39,000697A8D2,K5
2014-05-02 21:39:40,000697B587,K5
2014-05-02 21:40:20,0001F7D726,K5
2014-05-02 21:43:02,0006CC24E9,K5
2014-05-02 23:08:34,0006B3AC35,K5
2014-05-03 02:22:35,0006E25108,K5
2014-05-03 04:09:12,0006E239ED,K5
2014-05-03 05:30:20,0006E239ED,K5
2014-05-03 05:31:43,0006B3B75C,K5
2014-05-03 05:33:43,0006B3BF04,K5
2014-05-03 05:33:59,0006B3AC35,K5
2014-05-03 05:34:02,0006CC24E9,K5
2014-05-03 05:34:35,0006B352AD,K5
2014-05-03 05:48:27,00068E377E,K5
2014-05-03 21:24:10,0006E239ED,K5
2014-05-03 21:25:04,0006B3B75C,K5
2014-05-03 21:25:49,0006B3BF04,K5
2014-05-03 21:25:54,0001F7D726,K5
2014-05-03 21:25:56,0006B3AC35,K5
2014-05-03 21:26:48,00068E0D1B,K5
2014-05-03 21:29:05,0006CC3D98,K5
2014-05-03 21:29:10,00064407F9,K5
2014-05-03 21:30:52,0006CC3CA1,K5
2014-05-03 21:31:25,000697B587,K5
2014-05-03 21:31:55,00061D3F49,K5
2014-05-03 21:35:01,0006B352AD,K5
2014-05-03 21:36:24,0006CC24E9,K5
2014-05-03 23:50:07,0006E239ED,K5
2014-05-04 05:20:06,0006E239ED,K5
2014-05-04 05:22:12,000697B587,K5
2014-05-04 05:25:19,0006E25108,K5
2014-05-04 05:25:39,0006E24C7B,K5
2014-05-04 05:29:15,0006B3B75C,K5
2014-05-04 21:18:39,000697B587,K5
2014-05-04 21:20:33,00060F6D0D,K5
2014-05-04 21:20:57,0006E239ED,K5
2014-05-04 21:21:43,00068E1731,K5
2014-05-04 21:21:48,0006B3B75C,K5
2014-05-04 21:22:39,0006B34FE4,K82
2014-05-04 21:23:17,0006E24C7B,K5
2014-05-04 21:24:10,0006CC3D98,K5
2014-05-04 21:24:35,0006E25108,K5
2014-05-04 21:25:50,0006B3AA57,K82
2014-05-04 21:27:41,00064407F9,K82
2014-05-04 21:29:08,0006B29E17,K82
2014-05-04 21:29:29,0006B3AC35,K82
2014-05-04 21:29:54,0006E241C1,K82
2014-05-04 21:29:56,00068E0D1B,K82
2014-05-04 21:30:23,00061D3F49,K82
2014-05-04 21:30:47,0006CC2C18,K82
2014-05-04 21:31:27,0006CC3CA1,K82
2014-05-04 21:32:38,0006B352AD,K82
2014-05-04 21:32:54,0006B35672,K82
2014-05-04 21:33:14,0006CC24E9,K82
2014-05-05 05:09:09,0006E25108,K5
2014-05-05 05:09:49,000697A8D2,K5
2014-05-05 05:11:27,0006B352AD,K5
2014-05-05 05:13:08,0006E24C7B,K5
2014-05-05 05:32:56,00060F6D0D,K5
2014-05-05 05:32:58,0006E24C7B,K5
2014-05-05 05:33:02,00068E1731,K5
2014-05-05 05:37:38,0006B352AD,K5
2014-05-05 05:38:02,0006E25108,K5
2014-05-05 05:39:25,0006E24C7B,K5
2014-05-05 05:40:36,00068E1731,K5
2014-05-05 05:44:03,0006B3AA57,K5
2014-05-05 20:09:12,0006E239ED,K18
2014-05-05 21:21:31,0006E239ED,K18
2014-05-05 21:21:54,00068E1731,K5
2014-05-05 21:22:04,0006B34FE4,K18
2014-05-05 21:23:21,0006B3AA57,K5
2014-05-05 21:24:51,0006E24C7B,K5
2014-05-05 21:27:29,0006B35672,K18
2014-05-05 21:30:23,0006B3BF04,K18
2014-05-05 21:31:17,0006E241C1,K18
2014-05-05 21:31:28,0006B3B75C,K18
2014-05-05 21:33:06,0006B3AC35,K18
2014-05-05 21:33:15,0006E24ECA,K18
2014-05-05 21:33:22,0006CC3D98,K18
2014-05-05 21:33:55,00061D3F49,K18
2014-05-05 21:34:15,00068E0D1B,K18
2014-05-05 21:35:35,0006CC24E9,K18
2014-05-05 21:37:34,000697B587,K18
2014-05-05 21:37:37,000697A8D2,K18
2014-05-07 21:21:28,0006B3BF04,K60
2014-05-07 21:34:30,0006E24C7B,K60
2014-05-07 21:34:34,0006B29E17,K60
2014-05-07 21:34:43,0006E241C1,K60
2014-05-07 21:34:50,0006B3B75C,K60
2014-05-07 21:35:09,00068E0D1B,K60
2014-05-07 21:36:10,0006E239ED,K60
2014-05-07 21:38:04,0006B3AA57,K60
2014-05-07 21:39:45,0006B35672,K60
2014-05-07 21:39:50,0006E24ECA,K60
2014-05-07 21:40:27,0006E25108,K60
2014-05-07 21:40:42,0001F7D726,K60
2014-05-07 21:42:45,0006B34FE4,K60
2014-05-07 21:45:52,00060F6D0D,K60
2014-05-07 21:46:49,000697A8D2,K60
2014-05-07 21:46:52,00064407F9,K60
2014-05-07 21:46:57,0006CC3D98,K60
2014-05-07 21:47:05,00068E1731,K60
2014-05-07 21:48:54,0006CC3CA1,K60
2014-05-07 21:50:00,0006B352AD,K60
2014-05-07 21:51:12,00061D3F49,K60
2014-05-07 21:52:10,0006CC24E9,K60
2014-05-08 03:13:15,0006E241C1,K60
2014-05-08 04:19:20,0006CC24E9,K60
2014-05-08 04:33:29,0006E241C1,K60
2014-05-08 04:33:58,0006E24C7B,K60
2014-05-08 04:34:48,00064407F9,K60
2014-05-08 04:35:50,0006B3AA57,K60
2014-05-08 04:40:52,0006CC3CA1,K60
2014-05-08 04:41:58,0006E239ED,K60
2014-05-08 04:43:26,0006B352AD,K60
2014-05-08 04:43:47,0006B34FE4,K60
2014-05-08 04:44:01,0006E25108,K60
2014-05-08 04:46:58,00060F6D0D,K60
2014-05-08 04:51:12,0006B35672,K60
2014-05-08 04:53:09,0006CC3D98,K60
2014-05-08 04:56:02,0006B3BF04,K60
2014-05-08 05:05:17,00068E0D1B,K60
2014-05-08 05:06:30,0006E239ED,K60
2014-05-08 05:06:54,0006CC2C18,K60
2014-05-08 05:08:39,0006B3AC35,K60
2014-05-08 05:09:01,000697B587,K60
2014-05-08 05:16:00,000697A8D2,K60
2014-05-08 05:17:04,0006B29E17,K60
2014-05-08 05:19:56,0006E239ED,K60
2014-05-08 21:37:02,0006E241C1,K60
2014-05-08 21:37:05,0006E24C7B,K60
2014-05-08 21:44:15,000697B587,K60
2014-05-08 21:44:30,0006B3BF04,K60
2014-05-08 21:44:57,0006E239ED,K60
2014-05-08 21:45:04,0006B34FE4,K60
2014-05-08 21:47:16,00060F6D0D,K60
2014-05-08 21:47:17,0006E24ECA,K60
2014-05-08 21:48:48,00068E1731,K60
2014-05-08 21:49:19,0006CC3CA1,K60
2014-05-08 21:50:07,0006B35672,K60
2014-05-08 21:50:24,0006CC3D98,K60
2014-05-08 21:51:20,0006B3AC35,K60
2014-05-08 21:54:09,000697A8D2,K60
2014-05-08 21:54:11,0006CC24E9,K60
2014-05-08 21:54:30,00061D3F49,K60
2014-05-08 21:55:44,00068E377E,K60
2014-05-08 21:55:50,0006B352AD,K60
2014-05-08 21:56:15,00068E0D1B,K60
2014-05-08 22:25:03,0006B34FE4,K60
2014-05-08 22:29:31,0006E241C1,K60
2014-05-08 22:36:23,0006E239ED,K60
2014-05-08 22:38:59,0006CC3CA1,K60
2014-05-08 22:46:18,0006E241C1,K60
2014-05-08 23:35:40,0006B35672,K60
2014-05-08 23:43:22,0006E239ED,K60
2014-05-08 23:48:44,0006B3AC35,K60
2014-05-09 00:40:19,0006CC24E9,K60
2014-05-09 00:46:15,0006B3BF04,K60
2014-05-09 00:57:55,0006CC3CA1,K60
2014-05-09 01:15:12,0001F7D726,K60
2014-05-09 01:17:03,0006E24ECA,K60
2014-05-09 01:17:43,0006B3BF04,K60
2014-05-09 01:18:13,0006B3AC35,K60
2014-05-09 01:18:42,0006E239ED,K60
2014-05-09 01:19:13,00068E377E,K60
2014-05-09 01:19:22,00061D3F49,K60
2014-05-09 01:19:28,0006B34FE4,K60
2014-05-09 01:19:44,0006B35672,K60
2014-05-09 01:21:00,0006CC2C18,K60
2014-05-09 01:21:50,0006E241C1,K60
2014-05-09 01:22:11,0006CC24E9,K60
2014-05-09 05:08:24,000697A8D2,K60
2014-05-09 05:13:26,0006E24C7B,K60
2014-05-10 21:29:07,0006B35672,K94
2014-05-10 21:35:23,0006CC3D98,K94
2014-05-10 21:35:46,0006B34FE4,K94
2014-05-10 21:38:44,00068E0D1B,K94
2014-05-10 21:38:46,0006B3B75C,K94
2014-05-10 21:44:36,0001F7D726,K4
2014-05-10 21:44:44,00068E1731,K4
2014-05-10 21:45:01,0006E241C1,K4
2014-05-10 21:45:28,0006E24C7B,K4
2014-05-10 21:46:03,00060F6D0D,K4
2014-05-10 21:46:12,0006B3BF04,K4
2014-05-10 21:47:35,0006E239ED,K4
2014-05-10 21:51:06,0006B3AC35,K4
2014-05-10 21:54:29,00068E377E,K4
2014-05-10 21:54:38,0006B352AD,K4
2014-05-10 21:54:44,0006E25108,K4
2014-05-10 21:54:52,0006CC3CA1,K4
2014-05-10 21:56:32,0006CC24E9,K4
2014-05-10 22:35:36,0006CC3CA1,K4
2014-05-10 22:53:30,0006B35672,K4
2014-05-10 23:09:27,0006CC3CA1,K4
2014-05-10 23:10:17,0006B35672,K4
2014-05-11 00:35:45,0006E241C1,K4
2014-05-11 00:40:06,0006CC3CA1,K4
2014-05-11 00:41:01,0006CC24E9,K4
2014-05-11 00:44:19,0006B352AD,K4
2014-05-11 01:15:44,0006B352AD,K4
2014-05-11 01:17:48,0001F7D726,K4
2014-05-11 01:21:38,0006CC3CA1,K4
2014-05-11 01:22:24,0006CC24E9,K4
2014-05-11 02:08:35,0006E24C7B,K94
2014-05-11 02:09:06,0006B34FE4,K94
2014-05-11 05:11:35,0006B3AA57,K94
2014-05-11 05:17:20,0006CC3D98,K94
2014-05-11 05:17:38,0006CC24E9,K94
2014-05-11 05:18:43,0006B3BF04,K4
2014-05-11 05:19:20,0006E239ED,K4
2014-05-11 05:19:39,0006E241C1,K94
2014-05-11 05:28:35,0006B3BF04,K4
2014-05-11 05:32:35,00064407F9,K4
2014-05-11 05:35:23,0006B3BF04,K4
2014-05-11 05:43:04,00064407F9,K4
2014-05-11 05:43:33,0006E239ED,K4
2014-05-11 05:43:42,0006B3BF04,K4
2014-05-11 21:30:16,0006B3BF04,K4
2014-05-11 21:32:54,0006E239ED,K4
2014-05-11 21:34:29,00064407F9,K4
2014-05-11 21:40:17,0006B34FE4,K94
2014-05-11 21:40:21,0006E241C1,K94
2014-05-11 21:43:24,00068E0D1B,K94
2014-05-11 21:45:31,0006B35672,K94
2014-05-11 21:46:17,0006E24C7B,K94
2014-05-12 01:37:22,0006E241C1,K4
2014-05-12 21:36:27,00060F6D0D,K7
2014-05-12 21:36:32,0006B34FE4,K7
2014-05-12 21:38:06,0006B35672,K7
2014-05-12 21:38:07,0006E241C1,K7
2014-05-12 21:38:11,0006B3AC35,K7
2014-05-12 21:38:17,0006E24C7B,K7
2014-05-12 21:38:23,00068E1731,K7
2014-05-12 21:38:30,0006B29E17,K7
2014-05-12 21:40:39,0001F7D726,K7
2014-05-12 21:40:42,0006E239ED,K7
2014-05-12 21:41:03,00068E0D1B,K7
2014-05-12 21:41:06,0006CC2C18,K7
2014-05-12 21:42:48,0006E24ECA,K7
2014-05-12 21:43:24,0006B3B75C,K7
2014-05-12 21:47:07,0006CC3D98,K7
2014-05-12 21:47:48,00064407F9,K7
2014-05-12 21:49:33,000697A8D2,K7
2014-05-12 21:50:23,0006B352AD,K7
2014-05-12 21:50:44,0006E25108,K7
2014-05-12 21:50:58,00061D3F49,K7
2014-05-12 21:52:16,000697B587,K7
2014-05-12 21:56:56,0006CC24E9,K7
2014-05-12 23:19:27,0006E24ECA,K7
2014-05-13 00:56:05,0006CC24E9,K7
2014-05-13 01:29:03,0006CC2C18,K7
2014-05-13 01:37:56,0006E239ED,K7
2014-05-13 01:46:21,00061D3F49,K7
2014-05-13 01:47:25,0006E239ED,K7
2014-05-13 01:55:47,0006E24ECA,K7
2014-05-13 21:33:38,0006B34FE4,K17
2014-05-13 21:40:40,0006CC3D98,K45
2014-05-13 21:41:08,0006B3BF04,K45
2014-05-13 21:42:26,0006E239ED,K45
2014-05-13 21:42:31,00068E1731,K45
2014-05-13 21:42:34,0006E241C1,K45
2014-05-13 21:44:11,0006B3AA57,K45
2014-05-13 21:45:25,0006CC2C18,K45
2014-05-13 21:45:29,0006B3AC35,K45
2014-05-13 21:45:42,0006E24C7B,K45
2014-05-13 21:46:18,00068E0D1B,K45
2014-05-13 21:46:35,0006B35672,K45
2014-05-13 21:47:22,0006B3B75C,K45
2014-05-13 21:47:38,0006E25108,K45
2014-05-13 21:47:49,0006B29E17,K45
2014-05-13 21:47:56,00064407F9,K45
2014-05-13 21:48:16,000697B587,K45
2014-05-13 21:49:31,000697A8D2,K45
2014-05-13 21:49:42,0006B352AD,K45
2014-05-13 21:51:01,00061D3F49,K45
2014-05-13 23:39:06,0006B35672,K17
2014-05-13 23:55:01,0006B35672,K17
2014-05-14 02:27:00,0006B35672,K17
2014-05-14 03:02:46,0006B35672,K17
2014-05-14 03:33:52,0006B35672,K17
2014-05-14 03:51:15,0006B3AC35,K17
2014-05-14 04:04:11,0006B35672,K17
2014-05-14 05:35:24,0006B29E17,K17
2014-05-14 05:35:31,0006CC3CA1,K17
2014-05-14 05:38:38,00068E377E,K17
2014-05-14 21:30:50,0006B352AD,K108
2014-05-14 21:34:50,0006E24C7B,K108
2014-05-14 21:36:44,0006B29E17,K108
2014-05-14 21:37:47,0006B3AC35,K108
2014-05-14 21:39:38,0006E241C1,K108
2014-05-14 21:39:53,00068E1731,K108
2014-05-14 21:40:00,0006E24ECA,K9
2014-05-14 21:40:55,0006E25108,K108
2014-05-14 21:40:58,0006B35672,K108
2014-05-14 21:41:02,00064407F9,K108
2014-05-14 21:43:38,0006CC3D98,K9
2014-05-14 21:44:42,0006B3BF04,K9
2014-05-14 21:45:26,00068E0D1B,K9
2014-05-14 21:45:40,0006B34FE4,K9
2014-05-14 21:45:49,00061D3F49,K108
2014-05-14 21:46:52,0006B3B75C,K9
2014-05-14 21:48:26,0006B3AA57,K9
2014-05-14 21:48:55,00060F6D0D,K9
2014-05-14 21:49:43,000697B587,K9
2014-05-14 22:46:49,0006B35672,K17
2014-05-14 23:27:21,0006B35672,K17
2014-05-14 23:56:54,0006B35672,K17
2014-05-15 00:05:12,0006E239ED,K17
2014-05-15 00:12:26,0006CC3CA1,K17
2014-05-15 00:13:45,00061D3F49,K9
2014-05-15 00:14:30,0006B3AC35,K9
2014-05-15 00:14:50,0006CC24E9,K9
2014-05-15 00:18:15,0006CC2C18,K17
2014-05-15 00:28:37,0006B3AC35,K9
2014-05-15 00:28:57,0006E24ECA,K9
2014-05-15 00:29:02,000697A8D2,K17
2014-05-15 00:29:51,00061D3F49,K9
2014-05-15 00:29:59,0006CC24E9,K9
2014-05-15 00:32:34,0006CC3CA1,K17
2014-05-15 00:37:24,0006B35672,K17
2014-05-15 00:44:48,0006CC24E9,K108
2014-05-15 00:58:09,00068E1731,K108
2014-05-15 00:58:12,0006CC24E9,K108
2014-05-15 01:05:01,0006CC2C18,K17
2014-05-15 01:20:42,0006B35672,K17
2014-05-15 01:22:13,0006CC3CA1,K17
2014-05-15 01:45:19,0006B3AC35,K17
2014-05-15 01:46:59,0006CC2C18,K17
2014-05-15 01:49:35,0006E25108,K9
2014-05-15 02:04:16,00064407F9,K17
2014-05-15 02:04:35,0006CC3CA1,K17
2014-05-15 02:04:42,0006B35672,K17
2014-05-15 02:05:29,0006E239ED,K17
2014-05-15 02:07:08,000697A8D2,K17
2014-05-15 02:09:31,0006B3AC35,K17
2014-05-15 02:23:43,0006E239ED,K17
2014-05-15 02:30:20,000697A8D2,K17
2014-05-15 02:32:28,0006E25108,K9
2014-05-15 02:41:15,0006CC3CA1,K17
2014-05-15 02:42:01,0006B3BF04,K17
2014-05-15 02:46:36,0006CC2C18,K17
2014-05-15 02:56:41,0006E239ED,K17
2014-05-15 02:59:48,00061D3F49,K9
2014-05-15 03:02:50,0006CC24E9,K17
2014-05-15 03:03:29,0006CC3CA1,K17
2014-05-15 03:05:34,0006B3BF04,K17
2014-05-15 03:12:36,00064407F9,K17
2014-05-15 03:15:56,0006CC2C18,K17
2014-05-15 03:22:24,0006B35672,K17
2014-05-15 03:25:12,0006CC24E9,K17
2014-05-15 03:27:12,0006CC3CA1,K17
2014-05-15 03:29:50,0006E241C1,K17
2014-05-15 03:34:42,0006B35672,K17
2014-05-15 03:38:53,0006CC3CA1,K17
2014-05-15 03:42:17,0006E24ECA,K17
2014-05-15 04:28:36,0006E241C1,K17
2014-05-15 04:53:25,0006B35672,K17
2014-05-15 04:54:19,0006CC24E9,K17
2014-05-15 04:54:33,0006B29E17,K17
2014-05-15 04:58:42,0006B3AA57,K17
2014-05-15 04:58:57,0006CC2C18,K17
2014-05-15 04:59:39,0006B34FE4,K17
2014-05-15 04:59:57,0006E25108,K17
2014-05-15 05:00:48,0006B352AD,K17
2014-05-15 05:03:16,000697A8D2,K17
2014-05-15 05:05:48,0006CC3CA1,K17
2014-05-15 05:07:50,00061D3F49,K17
2014-05-15 05:08:19,0006B3BF04,K17
2014-05-15 05:09:40,0006E239ED,K17
2014-05-15 05:10:42,0006E24C7B,K108
2014-05-15 05:11:36,0006B3B75C,K17
2014-05-15 05:13:23,00060F6D0D,K17
2014-05-15 05:16:04,0006E24C7B,K108
2014-05-15 05:18:48,0006B3AC35,K17
2014-05-15 05:23:13,0006E24C7B,K17
2014-05-15 05:24:26,0006CC3D98,K17
2014-05-16 21:53:33,0006B34FE4,K9
2014-05-16 21:55:46,0006E241C1,K9
2014-05-16 21:56:31,0006E24C7B,K9
2014-05-16 22:00:56,0006B3AC35,K9
2014-05-16 22:01:12,00068E1731,K9
2014-05-16 22:01:16,0006E25108,K9
2014-05-16 22:01:23,00061D3F49,K9
2014-05-16 22:01:28,0006B35672,K9
2014-05-16 22:01:55,0006B352AD,K9
2014-05-17 21:47:03,0006E239ED,K71
2014-05-17 21:51:20,0006B34FE4,K71
2014-05-17 21:57:45,0006CC3D98,K71
2014-05-17 21:58:00,0006B35672,K71
2014-05-18 01:06:10,0006B3BF04,K71
2014-05-18 01:06:41,0006E239ED,K71
2014-05-18 01:13:15,0006E239ED,K71
2014-05-18 01:13:19,0006B3BF04,K71
2014-05-18 21:41:00,0006E24C7B,K52
2014-05-18 21:42:23,00068E1731,K52
2014-05-18 21:43:38,0006CC3D98,K52
2014-05-18 21:43:51,0006E239ED,K52
2014-05-18 21:44:02,0006E241C1,K52
2014-05-18 21:46:11,0006B34FE4,K4
2014-05-18 21:48:24,00064407F9,K52
2014-05-18 21:48:30,0006B35672,K4
2014-05-18 21:56:22,0006B352AD,K4
2014-05-18 21:57:23,0006B3B75C,K4
2014-05-19 01:17:23,0006E241C1,K4
2014-05-19 01:17:47,0006E25108,K4
2014-05-19 05:08:30,000697A8D2,K4
2014-05-19 05:09:13,0006E241C1,K4
2014-05-19 05:09:59,0006CC24E9,K4
2014-05-19 05:10:13,0006E24C7B,K4
2014-05-19 05:10:33,0006B35672,K4
2014-05-19 05:10:41,0006B29E17,K4
2014-05-19 05:11:05,0006E25108,K4
2014-05-19 05:11:59,0006B3B75C,K4
2014-05-19 05:12:30,0006B3BF04,K4
2014-05-19 05:12:48,00061D3F49,K4
2014-05-19 05:13:08,0006CC3D98,K4
2014-05-19 05:13:42,0006B3AC35,K4
2014-05-19 05:14:44,00068E377E,K4
2014-05-19 21:48:20,0006E239ED,K15
2014-05-19 21:48:37,0006CC2C18,K15
2014-05-19 21:49:02,00068E0D1B,K15
2014-05-19 21:49:25,0006B3AA57,K15
2014-05-19 21:50:51,0006CC3CA1,K15
2014-05-19 21:53:51,0006B3B75C,K4
2014-05-20 04:58:43,0006B35672,K4
2014-05-20 05:00:16,0006CC3D98,K4
2014-05-20 05:00:24,0006E241C1,K4
2014-05-20 21:53:29,0006E239ED,K4
2014-05-20 21:53:34,0006B34FE4,K4
2014-05-20 21:56:01,0006B352AD,K4
2014-05-20 21:56:25,00060F6D0D,K4
2014-05-20 21:56:40,00068E1731,K4
2014-05-20 21:57:33,0006E24ECA,K4
2014-05-20 21:58:01,0006E24C7B,K4
2014-05-20 21:59:02,0006B35672,K4
2014-05-20 21:59:06,0006CC3D98,K4
2014-05-20 22:02:12,0006E241C1,K4
2014-05-20 22:02:30,0006B3AC35,K4
2014-05-21 04:44:57,0006E241C1,K4
2014-05-21 04:49:41,0006E24C7B,K4
2014-05-21 04:58:48,0006E24C7B,K4
2014-05-21 04:58:55,0006E239ED,K4
2014-05-21 04:59:29,0006B352AD,K4
2014-05-21 05:16:06,0006CC3D98,K4
2014-05-21 05:19:24,0006B35672,K4
2014-05-21 21:50:44,0006CC3D98,K4
2014-05-21 21:53:43,00068E1731,K4
2014-05-21 21:55:47,0006B35672,K4
2014-05-22 21:54:39,0006E1EF37,K74
2014-05-22 21:57:22,0006B38BBC,K74
2014-05-22 21:58:10,0006B364E7,K74
2014-05-22 21:59:10,0006B3A701,K74
2014-05-22 21:59:14,0006E22F8C,K74
2014-05-22 22:01:20,0006B3AA57,K41
2014-05-22 22:02:34,0006CC3D98,K41
2014-05-22 22:02:51,0006B34FE4,K4
2014-05-22 22:03:33,0006B35672,K4
2014-05-22 22:04:21,0006E24C7B,K4
2014-05-22 22:06:05,0006E239ED,K4
2014-05-22 22:06:06,00064407F9,K4
2014-05-22 22:06:15,0006E241C1,K4
2014-05-22 22:06:18,0006B3B75C,K4
2014-05-22 22:16:36,0006B352AD,K4
2014-05-22 23:04:42,0006B38CB1,K74
2014-05-22 23:05:49,0006B364E7,K74
2014-05-23 05:06:53,0006E239ED,K4
2014-05-23 05:07:47,0006B364E7,K74
2014-05-23 05:10:00,0006B3AC35,K4
2014-05-23 05:13:22,0006B352AD,K4
2014-05-23 05:16:00,0006E24C7B,K4
2014-05-23 05:21:36,00068E0D1B,K4
2014-05-23 05:24:20,00060F6D0D,K4
2014-05-23 05:24:21,00068E377E,K4
2014-05-23 21:28:50,0006B351BD,K74
2014-05-23 21:33:22,0006B364E7,K74
2014-05-23 21:33:28,0006B3A701,K74
2014-05-23 21:35:16,0006B38BBC,K74
2014-05-23 21:35:20,0006E22F8C,K74
2014-05-23 21:39:20,0006B38CB1,K74
2014-05-23 21:52:47,0006B34FE4,K82
2014-05-23 21:59:10,0006CC2C18,K82
2014-05-23 21:59:35,00061D3F49,K82
2014-05-23 21:59:45,0006B3AA57,K82
2014-05-23 21:59:55,0006B3BF04,K82
2014-05-23 22:00:06,0006B29E17,K82
2014-05-23 22:00:51,0006CC24E9,K82
2014-05-23 22:02:01,0006E25108,K82
2014-05-23 22:02:05,0006E24ECA,K82
2014-05-23 22:04:06,0006CC3D98,K82
2014-05-23 22:04:28,0006B35672,K82
2014-05-23 22:05:21,0006B3AC35,K82
2014-05-23 22:06:56,0006B3B75C,K82
2014-05-23 22:07:09,0006E241C1,K82
2014-05-23 22:07:24,00060F6D0D,K82
2014-05-23 22:08:07,0001F7D726,K82
2014-05-23 22:09:11,00068E0D1B,K82
2014-05-23 22:10:24,000697A8D2,K82
2014-05-23 22:14:08,0006CC3CA1,K82
2014-05-24 04:44:12,0006CC24E9,K82
2014-05-24 04:47:46,0006E239ED,K82
2014-05-24 04:50:20,0006B352AD,K82
2014-05-24 04:53:18,0006E24C7B,K82
2014-05-24 04:53:46,0006CC3D98,K82
2014-05-24 04:55:45,0006B3BF04,K82
2014-05-24 04:59:10,000697A8D2,K82
2014-05-24 04:59:47,0006B3AC35,K82
2014-05-24 05:00:03,00061D3F49,K82
2014-05-24 05:02:16,0006B35672,K82
2014-05-24 05:02:22,0006B29E17,K82
2014-05-24 05:03:46,0006CC3CA1,K82
2014-05-24 05:04:06,0006E241C1,K82
2014-05-24 05:04:20,0006E25108,K82
2014-05-24 05:07:56,0006B3AA57,K82
2014-05-24 05:11:41,00068E1731,K82
2014-05-24 21:29:00,0006B3A701,K74
2014-05-24 21:32:53,0006E22F8C,K74
2014-05-24 21:33:41,0006B38BBC,K74
2014-05-24 21:35:55,0006B351BD,K154
2014-05-24 21:36:04,0006E1EF37,K154
2014-05-24 21:37:27,0006B38CB1,K74
2014-05-24 21:37:30,0006B364E7,K74
2014-05-24 21:51:15,00064407F9,K82
2014-05-24 21:53:02,00060F6D0D,K82
2014-05-24 21:53:13,0006E24C7B,K82
2014-05-24 21:53:26,0006B34FE4,K82
2014-05-24 21:55:38,0006CC3D98,K82
2014-05-24 21:55:59,0006B35672,K82
2014-05-24 21:56:29,0006E239ED,K82
2014-05-24 21:56:32,0006B3AC35,K82
2014-05-24 21:56:38,0006E25108,K82
2014-05-24 21:57:56,0006B3AA57,K82
2014-05-24 21:58:23,0006E24ECA,K82
2014-05-24 21:58:34,0006E241C1,K82
2014-05-24 21:58:38,0006B29E17,K82
2014-05-24 22:01:26,0006B3B75C,K82
2014-05-24 22:01:31,000697B587,K82
2014-05-24 22:02:24,0006CC2C18,K82
2014-05-24 22:02:42,0006B352AD,K82
2014-05-24 22:03:00,0006B3BF04,K82
2014-05-24 22:05:23,00068E1731,K82
2014-05-24 22:05:34,00068E377E,K82
2014-05-24 22:07:21,00061D3F49,K82
2014-05-24 22:10:47,0006CC24E9,K82
2014-05-24 22:10:48,000697A8D2,K82
2014-05-24 22:10:55,0006CC3CA1,K82
2014-05-25 01:04:47,0006E241C1,K82
2014-05-25 01:54:43,0006CC24E9,K82
2014-05-25 01:54:48,0006E241C1,K82
2014-05-25 04:44:45,0006CC24E9,K82
2014-05-25 04:44:52,0006E241C1,K82
2014-05-25 04:45:21,0006E24C7B,K82
2014-05-25 04:45:59,0006E239ED,K82
2014-05-25 04:46:10,0006B34FE4,K82
2014-05-25 04:47:02,0006B3AC35,K82
2014-05-25 04:47:59,0006B29E17,K82
2014-05-25 04:48:19,0006CC3D98,K82
2014-05-25 04:48:33,0006E24ECA,K82
2014-05-25 04:49:49,0006B35672,K82
2014-05-25 04:49:54,0006B3BF04,K82
2014-05-25 04:51:05,000697A8D2,K82
2014-05-25 04:53:17,0006B352AD,K82
2014-05-25 04:53:21,0006CC3CA1,K82
2014-05-25 04:53:41,0006E25108,K82
2014-05-25 04:53:42,0006B3AA57,K82
2014-05-25 04:54:06,00068E1731,K82
2014-05-25 04:56:24,0006B3B75C,K82
2014-05-25 05:05:17,00060F6D0D,K82
2014-05-25 21:31:34,0006E1EF37,K14
2014-05-25 21:34:59,0006B364E7,K14
2014-05-25 21:35:13,0006E22F8C,K14
2014-05-25 21:35:14,0006B3A701,K14
2014-05-25 21:48:07,0006B38CB1,K14
2014-05-25 21:48:22,0006B38BBC,K14
2014-05-25 21:50:13,0006B34FE4,
2014-05-25 21:51:39,0006B3BF04,
2014-05-25 21:51:49,0006E24ECA,
2014-05-25 21:56:12,0006E241C1,
2014-05-25 21:56:16,0006B3AC35,
2014-05-25 21:56:40,0006CC2C18,
2014-05-25 21:57:23,00064407F9,
2014-05-25 21:57:28,0006E25108,
2014-05-25 21:58:49,00068E0D1B,
2014-05-25 22:00:15,0006B3B75C,
2014-05-25 22:00:16,0006E239ED,
2014-05-25 22:01:35,0006B35672,
2014-05-25 22:01:54,0006B3AA57,
2014-05-25 22:03:01,0001F7D726,
2014-05-25 22:03:07,00068E1731,
2014-05-25 22:03:11,000697B587,
2014-05-25 22:03:17,0006E24C7B,
2014-05-25 22:05:24,0006B352AD,
2014-05-25 22:06:37,0006CC3D98,
2014-05-25 22:07:03,00068E377E,
2014-05-25 22:08:56,0006CC24E9,
2014-05-25 22:09:01,0006CC3CA1,
2014-05-25 22:09:33,00061D3F49,
2014-05-26 00:24:56,0006B364E7,K14
2014-05-26 03:53:00,0006B38CB1,K14
2014-05-26 04:09:46,0006B38CB1,K14
2014-05-26 04:39:15,0006B364E7,K14
2014-05-26 04:40:41,0006B38BBC,K14
2014-05-26 04:46:30,0006B3A701,K14
2014-05-26 04:47:22,0006B351BD,K14
2014-05-26 04:48:25,0006E22F8C,K14
2014-05-26 04:49:01,0006E1EF37,K14
2014-05-26 04:58:35,0006B351BD,K14
2014-05-26 22:07:24,0006E1EF37,K14
2014-05-26 22:23:19,0006B38BBC,K14
2014-05-26 22:29:11,0006E22F8C,K14
2014-05-26 22:38:08,0006B3BF04,K71
2014-05-26 22:40:54,0006B3B75C,K71
2014-05-26 22:42:29,0006E24C7B,K71
2014-05-26 22:43:52,0006B38CB1,K14
2014-05-26 22:45:38,000697B587,K71
2014-05-26 22:50:09,0006B364E7,K14
2014-05-26 22:50:56,0006B3A701,K14
2014-05-26 22:51:01,0006B351BD,K14
2014-05-26 22:59:57,0006CC3CA1,K71
2014-05-26 23:01:05,0006B29E17,K71
2014-05-26 23:01:56,0006E25108,K71
2014-05-26 23:02:19,00068E1731,K71
2014-05-26 23:04:00,0006E241C1,K71
2014-05-26 23:04:09,0001F7D726,K71
2014-05-26 23:06:43,00060F6D0D,K71
2014-05-26 23:07:15,00064407F9,K71
2014-05-26 23:09:10,0006B352AD,K71
2014-05-26 23:11:26,000697A8D2,K94
2014-05-26 23:15:49,0006CC2C18,K94
2014-05-26 23:19:01,0006E24ECA,K94
2014-05-26 23:19:19,0006B35672,K94
2014-05-26 23:19:38,0006B34FE4,K94
2014-05-26 23:19:48,00068E0D1B,K94
2014-05-26 23:20:37,00064407F9,K71
2014-05-26 23:24:58,0006B3AC35,K94
2014-05-26 23:25:35,0006E25108,K71
2014-05-26 23:26:01,00068E377E,K94
2014-05-26 23:26:38,0006CC3D98,K94
2014-05-26 23:27:05,0006B3AA57,K94
2014-05-26 23:27:35,0006CC24E9,K94
2014-05-26 23:27:42,000697A8D2,K94
2014-05-26 23:28:59,00061D3F49,K94
2014-05-26 23:29:47,0006E239ED,K94
2014-05-26 23:32:22,0006E25108,K94
2014-05-26 23:39:27,0006B35672,K94
2014-05-26 23:44:22,0006B34FE4,K94
2014-05-26 23:51:54,0006E25108,K94
2014-05-26 23:54:01,0006B35672,K94
2014-05-26 23:55:36,0001F7D726,K71
2014-05-26 23:56:44,0006B3AA57,K94
2014-05-27 00:01:08,0006B35672,K71
2014-05-27 00:03:07,0006E241C1,K71
2014-05-27 00:03:08,0006E25108,K94
2014-05-27 00:10:10,00068E377E,K94
2014-05-27 00:15:20,000697A8D2,K94
2014-05-27 00:43:42,0006CC3CA1,K71
2014-05-27 01:03:09,0006B364E7,K14
2014-05-27 01:26:29,0006CC2C18,K94
2014-05-27 01:29:45,0006CC3CA1,K71
2014-05-27 01:37:56,0006B34FE4,K94
2014-05-27 01:42:13,00068E377E,K94
2014-05-27 01:46:52,000697A8D2,K94
2014-05-27 01:46:55,0006B3AC35,K94
2014-05-27 01:46:57,0006B3AA57,K94
2014-05-27 01:47:06,0006E25108,K94
2014-05-27 01:47:17,0006B35672,K94
2014-05-27 01:58:25,0006E241C1,K94
2014-05-27 02:00:52,0001F7D726,K94
2014-05-27 02:43:59,0006CC2C18,K94
2014-05-27 03:18:36,0006B364E7,K14
2014-05-27 03:23:36,0006B34FE4,K94
2014-05-27 03:30:17,0006E25108,K94
2014-05-27 03:30:38,0006B35672,K94
2014-05-27 03:30:42,0006E241C1,K94
2014-05-27 03:49:23,0006E25108,K94
2014-05-27 03:54:59,0006E241C1,K94
2014-05-27 04:02:30,0006CC24E9,K94
2014-05-27 04:03:16,0006E241C1,K94
2014-05-27 04:20:15,0006B3AA57,K94
2014-05-27 04:27:27,000697A8D2,K94
2014-05-27 04:27:31,0006B3AC35,K94
2014-05-27 04:31:28,0006B3BF04,K94
2014-05-27 04:44:09,000697B587,K94
2014-05-27 04:47:03,0006B35672,K94
2014-05-27 04:47:49,0006CC3D98,K94
2014-05-27 04:53:39,0006B3AC35,K94
2014-05-27 05:02:03,0006E25108,K94
2014-05-27 05:03:18,0006B29E17,K94
2014-05-27 05:08:10,0006CC3CA1,K94
2014-05-27 16:30:19,0006B3BF04,K94
2014-05-27 21:43:51,0006CC2C18,K94
2014-05-27 21:48:27,0006B3AA57,K94
2014-05-27 21:49:55,0006E24C7B,K94
2014-05-27 21:50:50,0006B3BF04,K94
2014-05-27 21:51:18,00064407F9,K94
2014-05-27 21:51:58,0006E25108,K94
2014-05-27 21:53:34,0006B3B75C,K94
2014-05-27 21:54:26,0001F7D726,K94
2014-05-27 21:56:23,0006E24ECA,K94
2014-05-27 21:56:25,0006B34FE4,K94
2014-05-27 21:57:34,000697B587,K94
2014-05-27 21:58:31,0006B29E17,K94
2014-05-27 22:00:28,00068E0D1B,K94
2014-05-27 22:00:37,00068E1731,K94
2014-05-27 22:01:40,0006E241C1,K94
2014-05-27 22:02:09,0006CC3D98,K94
2014-05-27 22:05:09,000697A8D2,K94
2014-05-27 22:05:28,0006CC3CA1,K94
2014-05-27 22:06:29,0006B35672,K94
2014-05-27 22:08:05,0006B3AC35,K94
2014-05-27 22:11:19,00061D3F49,K94
2014-05-27 22:13:10,0006CC24E9,K94
2014-05-28 00:10:23,0006B3AA57,K94
2014-05-28 01:36:43,0006B3AA57,K94
2014-05-28 02:39:47,0006B3AA57,K94
2014-05-28 21:13:06,0006B3A701,K14
2014-05-28 21:14:54,0006E1EF37,K14
2014-05-28 21:15:46,0006B351BD,K14
2014-05-28 21:16:23,0006B38BBC,K14
2014-05-28 21:20:42,0006E22F8C,K14
2014-05-28 21:24:46,0006B38CB1,K14
2014-05-28 21:29:48,0006B364E7,K14
2014-05-28 21:30:16,0006E241C1,K80
2014-05-28 21:30:30,0006B34FE4,K80
2014-05-28 21:34:55,0006B352AD,K80
2014-05-28 21:37:45,0006E25108,K80
2014-05-28 21:37:55,0006B3AA57,K80
2014-05-28 21:38:11,0006E24C7B,K80
2014-05-28 21:38:39,0006B3BF04,K80
2014-05-28 21:38:46,0006B3B75C,K80
2014-05-28 21:41:12,00064407F9,K80
2014-05-28 21:42:02,00068E1731,K80
2014-05-28 21:42:25,0006B35672,K80
2014-05-28 21:42:59,0001F7D726,K80
2014-05-28 21:43:32,000697B587,K80
2014-05-28 21:44:13,0006CC3D98,K80
2014-05-28 21:44:52,0006CC3CA1,K80
2014-05-28 21:46:11,0006E239ED,K80
2014-05-28 21:47:23,000697A8D2,K80
2014-05-28 21:47:41,00068E0D1B,K80
2014-05-28 21:47:51,0006CC24E9,K80
2014-05-28 21:48:50,00061D3F49,K80
2014-05-29 01:34:24,0006E241C1,K80
2014-05-29 02:06:50,0006B3AA57,K80
2014-05-29 03:28:14,0006B38CB1,K14
2014-05-29 04:54:06,00064407F9,K80
2014-05-29 04:54:12,0006CC24E9,K80
2014-05-29 04:54:31,00061D3F49,K80
2014-05-29 04:54:39,000697A8D2,K80
2014-05-29 04:54:54,0006B3BF04,K80
2014-05-29 04:55:00,0006E239ED,K80
2014-05-29 04:56:08,0001F7D726,K80
2014-05-29 04:56:18,0006E24ECA,K80
2014-05-29 04:56:27,0006E24C7B,K80
2014-05-29 04:56:34,0006CC2C18,K80
2014-05-29 04:58:06,000697B587,K80
2014-05-29 05:00:05,0006E241C1,K80
2014-05-29 05:00:10,0006B34FE4,K80
2014-05-29 05:01:22,0006B3AA57,K80
2014-05-29 05:02:30,0006B35672,K80
2014-05-29 05:02:33,0006E1EF37,K14
2014-05-29 05:04:11,0006E22F8C,K14
2014-05-29 05:04:31,0006CC3D98,K80
2014-05-29 05:05:28,0006B352AD,K80
2014-05-29 05:06:39,0006B364E7,K14
2014-05-29 05:09:46,0006E25108,K80
2014-05-29 05:09:50,0006CC3CA1,K80
2014-05-29 05:09:54,0006B3AC35,K80
2014-05-29 05:10:16,0006B29E17,K80
2014-05-29 05:10:39,00060F6D0D,K80
2014-05-29 05:11:20,0006B3B75C,K80
2014-05-29 05:17:42,0006B38CB1,K14
2014-05-29 21:55:39,0006B38BBC,K14
2014-05-29 22:01:57,0006B38CB1,K14
2014-05-29 22:06:02,0006E24C7B,K80
2014-05-29 22:06:22,00068E377E,K80
2014-05-29 22:06:53,0006B34FE4,K80
2014-05-29 22:09:53,00068E0D1B,K80
2014-05-29 22:10:41,0006E1EF37,K14
2014-05-29 22:11:04,0006E22F8C,K14
2014-05-29 22:14:30,0006CC2C18,K80
2014-05-29 22:14:49,0006B3B75C,K80
2014-05-29 22:14:57,0006E239ED,K80
2014-05-29 22:14:59,000697A8D2,K80
2014-05-29 22:20:04,0006B29E17,K80
2014-05-29 22:22:07,00068E1731,K80
2014-05-29 22:22:18,0006B35672,K80
2014-05-29 22:22:52,0006E241C1,K80
2014-05-29 22:23:19,00060F6D0D,K80
2014-05-29 22:24:22,000697B587,K80
2014-05-29 22:25:17,0006B351BD,K14
2014-05-29 22:25:20,0006B3A701,K14
2014-05-29 22:27:19,0001F7D726,K80
2014-05-29 22:27:59,0006E24ECA,K80
2014-05-29 22:29:15,0006CC3CA1,K80
2014-05-29 22:29:17,0006B3AA57,K80
2014-05-29 22:29:54,0006CC3D98,K80
2014-05-29 22:30:00,0006B3BF04,K80
2014-05-29 22:30:06,0006B3AC35,K80
2014-05-29 22:31:27,00061D3F49,K80
2014-05-29 22:33:25,0006B352AD,K80
2014-05-29 22:37:52,0006E25108,K80
2014-05-29 22:47:08,0006CC24E9,K80
2014-05-29 22:48:19,00061D3F49,K80
2014-05-29 22:51:38,0006B364E7,K14
2014-05-29 23:03:54,0006B3AA57,K80
2014-05-29 23:11:09,0006B3AA57,K80
2014-05-30 05:02:27,000697B587,K80
2014-05-30 05:02:42,00064407F9,K80
2014-05-30 05:08:00,000697B587,K80
2014-05-30 05:08:05,00064407F9,K80
2014-05-31 21:26:28,00068E1731,K14
2014-05-31 21:26:33,0006B3BF04,K14
2014-05-31 21:27:12,0006B35672,K14
2014-05-31 21:27:29,0006E24ECA,K14
2014-05-31 21:28:26,0006E239ED,K14
2014-05-31 21:32:56,0006B3AC35,K14
2014-05-31 21:33:05,0006B3A701,K154
2014-05-31 21:33:40,00061D3F49,K14
2014-05-31 21:35:49,0006B351BD,K154
2014-05-31 21:38:26,0006E1EF37,K154
2014-05-31 21:40:36,0006E22F8C,K154
2014-05-31 21:41:11,0006B364E7,K154
2014-05-31 21:41:18,0006B38BBC,K154
2014-05-31 21:42:39,0006B34FE4,K108
2014-05-31 21:42:57,00068E0D1B,K108
2014-05-31 21:43:14,0006E25108,K108
2014-05-31 21:46:21,00064407F9,K108
2014-05-31 21:46:27,0006B3B75C,K108
2014-05-31 21:47:31,0006E24C7B,K108
2014-05-31 21:47:47,0006B29E17,K108
2014-05-31 21:47:54,0006E241C1,K108
2014-05-31 21:48:34,000697A8D2,K108
2014-05-31 21:48:39,0006CC3D98,K108
2014-05-31 23:49:12,0006B38CB1,K154
2014-06-01 00:44:24,0006B364E7,K154
2014-06-01 00:52:56,0006B351BD,K154
2014-06-01 01:04:12,0006B38BBC,K154
2014-06-01 01:16:58,0006B38BBC,K154
2014-06-01 01:19:11,0006E22F8C,K154
2014-06-01 01:21:23,0006B38CB1,K154
2014-06-01 01:23:04,0006B364E7,K154
2014-06-01 01:23:08,0006B3A701,K154
2014-06-01 01:29:07,0006B3A701,K154
2014-06-01 02:02:59,0006E25108,K108
2014-06-01 02:14:14,0006E25108,K108
2014-06-01 02:41:28,0006CC2C18,K108
2014-06-01 02:41:36,0006B35672,K108
2014-06-01 03:15:19,000697B587,K14
2014-06-01 03:19:30,0006B364E7,K154
2014-06-01 03:27:28,0006B38CB1,K154
2014-06-01 03:34:42,0006B364E7,K154
2014-06-01 03:34:53,0006B38CB1,K154
2014-06-01 03:48:26,0006B364E7,K154
2014-06-01 03:49:11,0006B38CB1,K154
2014-06-01 03:55:13,0006B38CB1,K154
2014-06-01 04:15:32,0006E22F8C,K154
2014-06-01 04:41:56,0006B3AA57,K14
2014-06-01 04:45:10,000697B587,K14
2014-06-01 04:53:43,0006E241C1,K108
2014-06-01 04:53:59,0006E24C7B,K108
2014-06-01 04:54:07,0006B29E17,K108
2014-06-01 04:54:11,000697A8D2,K108
2014-06-01 04:54:25,0006CC2C18,K108
2014-06-01 04:54:50,0006B34FE4,K108
2014-06-01 04:57:11,0006B3AA57,K14
2014-06-01 04:57:37,00061D3F49,K14
2014-06-01 04:57:42,0006CC3CA1,K108
2014-06-01 04:57:56,0006CC3D98,K108
2014-06-01 05:12:27,0006E22F8C,K154
2014-06-01 05:13:50,0006B364E7,K154
2014-06-01 05:25:17,00061D3F49,K14
2014-06-01 05:25:18,00068E0D1B,K14
2014-06-01 21:35:07,0006E1EF37,K154
2014-06-01 21:36:41,0006B351BD,K154
2014-06-01 21:47:26,0006B364E7,K154
2014-06-01 21:47:29,0006B38BBC,K154
2014-06-01 21:48:40,0006B3A701,K154
2014-06-01 21:48:46,0006B38CB1,K154
2014-06-01 21:50:15,0006E22F8C,K154
2014-06-01 21:57:11,0006CC2C18,K108
2014-06-01 21:57:38,0006E24C7B,K108
2014-06-01 21:58:31,0006B34FE4,K108
2014-06-01 22:03:23,00068E1731,K108
2014-06-01 22:03:27,0006E241C1,K108
2014-06-01 22:03:57,0006E239ED,K5
2014-06-01 22:04:22,00068E0D1B,K108
2014-06-01 22:05:43,00061D3F49,K108
2014-06-01 22:05:59,0006CC3D98,K108
2014-06-01 22:06:03,0006B35672,K5
2014-06-01 22:08:05,000697A8D2,K108
2014-06-01 22:08:12,0006E25108,K5
2014-06-01 22:08:43,0006CC3CA1,K108
2014-06-01 22:09:20,0006CC24E9,K5
2014-06-01 22:10:00,0006B3B75C,K5
2014-06-01 23:37:26,0006E22F8C,K154
2014-06-01 23:47:39,0006B38CB1,K154
2014-06-02 00:13:49,0006E22F8C,K154
2014-06-02 00:17:40,0006B38CB1,K154
2014-06-02 00:35:13,0006B364E7,K154
2014-06-02 00:43:22,0006E24C7B,K5
2014-06-02 01:10:49,0006E22F8C,K154
2014-06-02 02:35:23,0006E22F8C,K154
2014-06-02 03:09:51,0006B38BBC,K154
2014-06-02 03:16:26,0006B364E7,K154
2014-06-02 03:17:18,0006E1EF37,K154
2014-06-02 03:18:13,0006B38BBC,K154
2014-06-02 03:30:32,0006B38CB1,K154
2014-06-02 03:32:22,0006B351BD,K154
2014-06-02 03:34:30,0006E22F8C,K154
2014-06-02 03:35:36,0006E1EF37,K154
2014-06-02 04:42:05,0006E241C1,K108
2014-06-02 04:42:14,0006B3AC35,K108
2014-06-02 04:47:03,00060F6D0D,K108
2014-06-02 04:55:06,0006E24C7B,K108
2014-06-02 04:55:37,0006B3B75C,K108
2014-06-02 04:57:06,000697B587,K108
2014-06-02 04:59:27,0006B352AD,K108
2014-06-02 04:59:57,0006B3AA57,K108
2014-06-02 04:59:58,000697A8D2,K108
2014-06-02 05:00:11,0006B3BF04,K108
2014-06-02 05:00:19,0006B29E17,K108
2014-06-02 05:03:27,0006CC24E9,K108
2014-06-02 05:03:37,00064407F9,K108
2014-06-02 05:03:46,0006E25108,K108
2014-06-02 05:03:50,0006CC3CA1,K108
2014-06-02 05:05:02,0006B34FE4,K108
2014-06-02 05:05:14,0006CC3D98,K108
2014-06-02 05:05:44,0006B35672,K108
2014-06-02 05:11:15,0006B364E7,K154
2014-06-02 05:13:20,0006E1EF37,K154
2014-06-02 05:14:29,0006B3A701,K154
2014-06-02 05:16:20,0006CC2C18,K108
2014-06-02 05:18:29,0006B38CB1,K154
2014-06-02 05:19:15,0006B351BD,K154
2014-06-02 21:48:49,0006E1EF37,K154
2014-06-02 21:49:17,0006B38BBC,K154
2014-06-02 21:50:30,0006B351BD,K154
2014-06-02 21:52:39,0006B3A701,K154
2014-06-02 21:53:40,0006B364E7,K154
2014-06-02 21:55:13,0006B38CB1,K154
2014-06-02 22:01:29,00068E0D1B,K108
2014-06-02 22:04:05,0006B3AC35,K108
2014-06-02 22:05:26,0006B34FE4,K108
2014-06-02 22:07:48,00068E1731,K108
2014-06-02 22:08:33,00064407F9,K108
2014-06-02 22:08:53,0006CC2C18,K108
2014-06-02 22:08:55,0006E24C7B,K108
2014-06-02 22:08:59,0006B29E17,K108
2014-06-02 22:09:40,0006B3BF04,K108
2014-06-02 22:09:47,0006CC3CA1,K108
2014-06-02 22:11:16,00068E377E,K108
2014-06-02 22:11:42,0006CC3D98,K108
2014-06-02 22:12:41,0006B352AD,K108
2014-06-02 22:12:46,0006E24ECA,K108
2014-06-02 22:13:29,000697B587,K108
2014-06-02 22:14:14,0006E241C1,K108
2014-06-02 22:14:21,000697A8D2,K108
2014-06-02 22:14:26,00061D3F49,K108
2014-06-02 22:14:34,0006B35672,K108
2014-06-02 22:14:57,00060F6D0D,K108
2014-06-02 22:15:03,0006B3AA57,K108
2014-06-02 22:15:05,0006B3B75C,K108
2014-06-02 22:15:08,0006E25108,K108
2014-06-02 22:15:16,0001F7D726,K108
2014-06-02 22:20:55,0006CC24E9,K108
2014-06-02 23:36:19,0006B38CB1,K154
2014-06-02 23:59:57,0006B38CB1,K154
2014-06-03 00:58:48,0006B364E7,K154
2014-06-03 02:28:37,0006B38CB1,K154
2014-06-03 03:05:04,0006E22F8C,K154
2014-06-03 03:08:55,0006B351BD,K154
2014-06-03 03:12:05,0006B38BBC,K154
2014-06-03 03:18:10,0006B38CB1,K154
2014-06-03 03:18:51,0006B364E7,K154
2014-06-03 03:19:18,0006E1EF37,K154
2014-06-03 03:42:41,0006E1EF37,K154
2014-06-03 03:53:29,0006B38BBC,K154
2014-06-03 03:53:36,0006E1EF37,K154
2014-06-03 04:54:48,0006E1EF37,K154
2014-06-03 05:00:27,000697A8D2,K108
2014-06-03 05:06:27,0006B3A701,K154
2014-06-03 05:11:32,0006B38CB1,K154
2014-06-03 05:12:14,0006E22F8C,K154
2014-06-03 05:15:18,0006CC3D98,K108
2014-06-03 05:15:38,0006B352AD,K108
2014-06-03 05:20:50,0006B352AD,K108
2014-06-03 21:41:08,0006E1EF37,K154
2014-06-03 21:42:54,0006B35672,K15
2014-06-03 21:45:44,0006B351BD,K154
2014-06-03 21:48:33,0006B3A701,K154
2014-06-03 21:50:14,0006B38CB1,K154
2014-06-03 21:50:18,0006B364E7,K154
2014-06-03 21:51:08,0006E22F8C,K154
2014-06-03 21:51:38,0006B38BBC,K154
2014-06-03 21:56:01,00061D3F49,K15
2014-06-03 21:56:29,0006E24ECA,K15
2014-06-03 21:57:21,00068E377E,K15
2014-06-03 21:57:29,0006E239ED,K15
2014-06-03 23:51:03,0006B364E7,K154
2014-06-04 00:20:20,0006B364E7,K154
2014-06-04 01:18:34,0006B38CB1,K154
2014-06-04 01:25:06,0006B38CB1,K154
2014-06-04 02:26:39,0006E22F8C,K154
2014-06-04 02:36:54,0006B38CB1,K154
2014-06-04 02:37:37,0006B38BBC,K154
2014-06-04 02:43:03,0006B364E7,K154
2014-06-04 03:15:52,0006B38CB1,K154
2014-06-04 03:19:33,0006B351BD,K154
2014-06-04 03:57:17,0006E22F8C,K154
2014-06-04 03:57:19,0006B3A701,K154
2014-06-04 04:48:10,0006E24ECA,K15
2014-06-04 04:49:28,0006B34FE4,K15
2014-06-04 05:07:02,0006E22F8C,K154
2014-06-04 05:07:09,0006B3A701,K154
2014-06-04 05:07:17,0006E1EF37,K154
2014-06-04 05:11:54,0006B364E7,K154
2014-06-04 21:57:45,0006B351BD,K154
2014-06-04 21:59:05,0006E1EF37,K154
2014-06-04 22:15:25,0006E241C1,K31
2014-06-04 22:15:50,0006B34FE4,K31
2014-06-04 22:18:49,0006B29E17,K31
2014-06-04 22:20:38,0006B35672,K31
2014-06-04 22:21:40,0006E24C7B,K31
2014-06-04 22:22:25,0006B364E7,K154
2014-06-04 22:22:43,0006E239ED,K31
2014-06-04 22:22:43,0006B38BBC,K154
2014-06-04 22:23:52,00068E0D1B,K31
2014-06-04 22:23:57,0006E24ECA,K31
2014-06-04 22:24:17,0006B3AC35,K31
2014-06-04 22:24:41,00068E377E,K31
2014-06-04 22:24:51,0006B3AA57,K31
2014-06-04 22:24:52,00060F6D0D,K31
2014-06-04 22:25:38,0006CC3D98,K31
2014-06-04 22:26:26,0006B38CB1,K154
2014-06-04 22:28:08,0006B3A701,K154
2014-06-04 22:28:48,0006E22F8C,K154
2014-06-04 22:31:13,0006B352AD,K31
2014-06-04 22:33:02,00061D3F49,K31
2014-06-04 22:33:07,0006CC24E9,K31
2014-06-04 22:34:00,0006B38CB1,K154
2014-06-04 22:37:13,0001F7D726,K31
2014-06-04 23:06:37,0006B364E7,K154
2014-06-04 23:26:02,0006E25108,K31
2014-06-04 23:26:08,0006E241C1,K31
2014-06-04 23:26:14,0001F7D726,K31
2014-06-04 23:28:32,00061D3F49,K31
2014-06-04 23:38:39,00060F6D0D,K31
2014-06-04 23:42:03,0006E25108,K31
2014-06-04 23:42:39,0006E24C7B,K31
2014-06-04 23:46:12,0001F7D726,K31
2014-06-04 23:51:05,00060F6D0D,K31
2014-06-04 23:52:17,00061D3F49,K31
2014-06-04 23:52:32,0006B3B75C,K31
2014-06-04 23:53:59,0006E24C7B,K31
2014-06-05 00:22:38,0006E25108,K31
2014-06-05 00:22:59,0001F7D726,K31
2014-06-05 00:28:31,00060F6D0D,K31
2014-06-05 00:29:19,00061D3F49,K31
2014-06-05 00:34:04,0006E24C7B,K31
2014-06-05 00:58:19,00061D3F49,K31
2014-06-05 00:58:51,0006E24C7B,K31
2014-06-05 00:59:47,0001F7D726,K31
2014-06-05 01:12:08,0006B3B75C,K31
2014-06-05 01:51:02,00060F6D0D,K31
2014-06-05 01:56:26,0006E22F8C,K154
2014-06-05 01:59:58,0001F7D726,K31
2014-06-05 02:17:56,0001F7D726,K31
2014-06-05 02:54:44,0006E25108,K31
2014-06-05 03:06:15,0006E25108,K31
2014-06-05 03:17:45,0006B364E7,K154
2014-06-05 03:19:07,0006E25108,K31
2014-06-05 03:23:52,0006CC24E9,K31
2014-06-05 03:36:35,0006CC24E9,K31
2014-06-05 03:37:53,0006B3A701,K154
2014-06-05 03:40:45,0006B351BD,K154
2014-06-05 03:44:35,0006E1EF37,K154
2014-06-05 04:23:19,00060F6D0D,K31
2014-06-05 04:30:50,0006E24C7B,K31
2014-06-05 04:31:09,0006B3BF04,K31
2014-06-05 04:31:11,00060F6D0D,K31
2014-06-05 04:35:15,0006B3AA57,K31
2014-06-05 04:36:45,0006B3BF04,K31
2014-06-05 04:37:23,0006CC3D98,K31
2014-06-05 04:37:36,0006CC3CA1,K31
2014-06-05 04:38:26,0006E241C1,K31
2014-06-05 04:41:13,0006E239ED,K31
2014-06-05 04:41:50,0001F7D726,K31
2014-06-05 04:43:37,0006CC24E9,K31
2014-06-05 04:44:01,0006B29E17,K31
2014-06-05 04:44:07,0006B35672,K31
2014-06-05 04:46:13,0006B3AC35,K31
2014-06-05 04:46:39,0006B34FE4,K31
2014-06-05 04:47:09,000697B587,K31
2014-06-05 04:47:17,0006E25108,K31
2014-06-05 04:47:47,00064407F9,K31
2014-06-05 04:47:55,000697A8D2,K31
2014-06-05 04:49:17,0006E24ECA,K31
2014-06-05 04:49:28,00061D3F49,K31
2014-06-05 04:50:05,00068E377E,K31
2014-06-05 04:52:03,0006B3BF04,K31
2014-06-05 04:56:35,0006CC2C18,K31
2014-06-05 21:41:05,0006E22F8C,K73
2014-06-05 21:42:08,0006B3A701,K73
2014-06-05 21:42:13,0006E1EF37,K73
2014-06-05 21:42:29,0006B351BD,K73
2014-06-05 21:45:10,0006B364E7,K154
2014-06-05 21:52:47,0006E241C1,K31
2014-06-05 21:56:40,00068E0D1B,K31
2014-06-05 21:57:46,0006E25108,K31
2014-06-05 22:01:27,0006E24C7B,K31
2014-06-05 22:01:50,0006B3BF04,K31
2014-06-05 22:06:27,0006E239ED,K31
2014-06-05 22:07:50,00068E377E,K31
2014-06-05 22:07:54,0006B29E17,K31
2014-06-05 22:08:48,0006B3B75C,K31
2014-06-05 22:09:00,0006B34FE4,K31
2014-06-05 22:09:09,0006CC2C18,K31
2014-06-05 22:09:45,000697A8D2,K31
2014-06-05 22:09:47,00060F6D0D,K31
2014-06-05 22:09:50,000697B587,K31
2014-06-05 22:10:00,0006B3AA57,K31
2014-06-05 22:12:05,0006E24ECA,K31
2014-06-05 22:12:23,00068E1731,K31
2014-06-05 22:12:33,0006B3AC35,K31
2014-06-05 22:12:47,0006CC3CA1,K31
2014-06-05 22:13:01,0006B35672,K31
2014-06-05 22:13:35,0006CC3D98,K31
2014-06-05 22:17:18,0001F7D726,K31
2014-06-06 00:28:21,0006E22F8C,K73
2014-06-06 00:42:35,00061D3F49,K31
2014-06-06 00:49:05,0006E22F8C,K73
2014-06-06 01:05:11,0006B38CB1,K154
2014-06-06 01:28:11,000697A8D2,K31
2014-06-06 03:25:10,0006E1EF37,K73
2014-06-06 03:25:24,0006B38BBC,K73
2014-06-06 03:31:52,0006B38BBC,K73
2014-06-06 03:37:29,0006B38BBC,K73
2014-06-06 03:42:16,0006E1EF37,K73
2014-06-06 03:42:52,0006B351BD,K73
2014-06-06 03:46:55,0006B38CB1,K73
2014-06-06 03:46:59,0006B364E7,K73
2014-06-06 04:05:48,0006B38CB1,K73
2014-06-06 04:07:36,0006B364E7,K73
2014-06-06 04:08:07,0006E22F8C,K73
2014-06-06 04:55:51,000697A8D2,K31
2014-06-06 04:57:09,00061D3F49,K31
2014-06-06 04:58:10,0006B35672,K31
2014-06-06 04:58:30,00060F6D0D,K31
2014-06-06 04:58:39,0006E24C7B,K31
2014-06-06 05:00:52,0006E25108,K31
2014-06-06 05:02:28,0006B38BBC,K73
2014-06-06 05:05:01,0006E1EF37,K73
2014-06-06 05:05:43,0006B3A701,K73
2014-06-06 05:07:06,0006B351BD,K73
2014-06-06 05:07:19,0006B352AD,K31
2014-06-06 05:07:22,0006B3AC35,K31
2014-06-06 05:07:40,000697B587,K31
2014-06-06 05:11:18,0006B364E7,K73
2014-06-06 05:11:20,0006B3BF04,K31
2014-06-06 05:11:25,0006CC3CA1,K31
2014-06-06 05:11:47,0006B38CB1,K73
2014-06-06 05:12:42,0006E239ED,K31
2014-06-06 05:12:46,0006E241C1,K31
2014-06-06 05:12:53,0006CC3D98,K31
2014-06-06 05:13:44,0006E22F8C,K73
2014-06-06 05:15:12,0006CC2C18,K31
2014-06-06 05:15:17,0006B29E17,K31
2014-06-06 21:41:37,0006E1EF37,K73
2014-06-06 21:46:52,0006B351BD,K73
2014-06-06 21:47:05,0006E24C7B,K31
2014-06-06 21:47:50,0006B38CB1,K73
2014-06-06 21:47:58,0006B38BBC,K73
2014-06-06 21:48:32,0006B3A701,K73
2014-06-06 21:50:17,0006E25108,K31
2014-06-06 21:50:19,0006B29E17,K31
2014-06-06 21:50:32,0006B364E7,K73
2014-06-06 21:51:36,00068E1731,K31
2014-06-06 21:52:28,0006E241C1,K31
2014-06-06 21:54:04,00068E377E,K31
2014-06-06 21:54:21,0006E22F8C,K73
2014-06-06 21:54:23,00060F6D0D,K31
2014-06-06 21:54:39,0006CC2C18,K31
2014-06-06 21:55:14,0006B35672,K31
2014-06-06 21:55:21,0006B352AD,K31
2014-06-06 21:55:29,000697B587,K31
2014-06-06 21:55:42,0006B3AC35,K31
2014-06-06 21:55:44,000697A8D2,K31
2014-06-06 21:55:50,0006B3B75C,K31
2014-06-06 21:56:26,0006CC3D98,K31
2014-06-06 21:57:01,0001F7D726,K31
2014-06-06 21:58:17,00061D3F49,K31
2014-06-06 21:58:24,00068E0D1B,K31
2014-06-06 21:58:38,0006B3BF04,K31
2014-06-06 21:58:52,0006E239ED,K31
2014-06-06 21:59:03,0006CC3CA1,K31
2014-06-06 23:56:53,0006B38CB1,K73
2014-06-07 00:26:16,0006B38CB1,K73
2014-06-07 00:57:33,0006B34FE4,K31
2014-06-07 01:14:59,0006B364E7,K73
2014-06-07 01:47:10,0006B364E7,K73
2014-06-07 02:55:15,0006B38CB1,K73
2014-06-07 03:03:36,0006B38CB1,K73
2014-06-07 03:47:50,0006B364E7,K73
2014-06-07 03:47:55,0006B38CB1,K73
2014-06-07 03:48:34,0006B3A701,K73
2014-06-07 03:50:35,0006B38BBC,K73
2014-06-07 03:56:20,0006B38BBC,K73
2014-06-07 03:58:11,0006E22F8C,K73
2014-06-07 04:04:15,0006B3A701,K73
2014-06-07 04:10:36,0006B38BBC,K73
2014-06-07 04:11:43,0006B38CB1,K73
2014-06-07 04:13:39,0006B364E7,K73
2014-06-07 04:24:57,0006E22F8C,K73
2014-06-07 04:59:35,0006E22F8C,K73
2014-06-07 05:01:35,0006B3A701,K73
2014-06-07 05:02:28,0006E1EF37,K73
2014-06-07 05:07:31,0006B364E7,K73
2014-06-07 21:50:58,0006E1EF37,K73
2014-06-07 21:52:52,0006B351BD,K73
2014-06-07 21:52:59,0006B38CB1,K73
2014-06-07 21:53:29,0006B38BBC,K73
2014-06-07 21:54:49,0006B3A701,K73
2014-06-07 21:58:12,0006B364E7,K73
2014-06-07 22:00:07,0006B35672,K1
2014-06-07 22:00:32,0006B3AA57,K1
2014-06-07 22:00:47,0006B38CB1,K73
2014-06-07 22:01:59,00068E0D1B,K1
2014-06-07 22:02:15,0006CC2C18,K1
2014-06-07 22:02:26,0006B3B75C,K1
2014-06-07 22:03:10,0006E239ED,K1
2014-06-07 22:05:36,00061D3F49,K1
2014-06-07 22:06:23,0001F7D726,K1
2014-06-07 22:07:00,0006CC3CA1,K1
2014-06-07 22:09:43,0006B38CB1,K73
2014-06-07 22:20:48,0006E22F8C,K73
2014-06-07 23:04:10,0006B38CB1,K73
2014-06-07 23:39:48,0006B38CB1,K73
2014-06-07 23:56:38,0006B351BD,K73
2014-06-08 00:10:06,0006B38CB1,K73
2014-06-08 00:15:43,0006E22F8C,K73
2014-06-08 00:42:29,0006B38CB1,K73
2014-06-08 00:52:23,0006E22F8C,K73
2014-06-08 01:04:22,0006B38CB1,K73
2014-06-08 01:26:40,0006B38CB1,K73
2014-06-08 01:36:34,0006E22F8C,K73
2014-06-08 01:46:10,0006E22F8C,K73
2014-06-08 01:54:24,0006B38CB1,K73
2014-06-08 01:59:24,0006E22F8C,K73
2014-06-08 02:00:07,0006B3BF04,K1
2014-06-08 02:01:22,0006B3B75C,K1
2014-06-08 02:08:50,0006E25108,K1
2014-06-08 02:10:42,0006E241C1,K1
2014-06-08 02:12:15,0006B3BF04,K1
2014-06-08 03:21:07,0006E22F8C,K73
2014-06-08 03:22:41,0006B38CB1,K73
2014-06-08 03:30:09,0006B364E7,K73
2014-06-08 03:30:17,0006E25108,K1
2014-06-08 03:34:24,0006B38CB1,K73
2014-06-08 03:47:17,0006B38BBC,K73
2014-06-08 03:48:12,0006E25108,K1
2014-06-08 03:51:51,0006E22F8C,K73
2014-06-08 03:55:14,0006E25108,K1
2014-06-08 03:55:18,0001F7D726,K1
2014-06-08 03:57:09,0006B351BD,K73
2014-06-08 03:57:22,0006B38BBC,K73
2014-06-08 03:57:52,0006CC24E9,K1
2014-06-08 03:57:54,0006E22F8C,K73
2014-06-08 03:57:59,0006E241C1,K1
2014-06-08 04:00:18,0006B364E7,K73
2014-06-08 04:03:50,00061D3F49,K1
2014-06-08 04:10:19,0006B38CB1,K73
2014-06-08 04:12:07,0006E22F8C,K73
2014-06-08 04:17:49,0006B38CB1,K73
2014-06-08 04:33:50,0006E241C1,K1
2014-06-08 04:39:14,0006CC24E9,K1
2014-06-08 04:43:52,0006E239ED,K1
2014-06-08 04:45:35,0006CC2C18,K1
2014-06-08 04:47:57,0006CC3CA1,K1
2014-06-08 04:56:31,0006E25108,K1
2014-06-08 04:56:42,0006B35672,K1
2014-06-08 04:59:59,0006B3B75C,K1
2014-06-08 21:50:44,0006E1EF37,K154
2014-06-08 21:50:48,0006B3A701,K154
2014-06-08 21:54:38,0006B38BBC,K154
2014-06-08 21:57:09,0006B351BD,K154
2014-06-08 21:59:59,0006B38CB1,K154
2014-06-08 22:02:16,0006CC2C18,K1
2014-06-08 22:04:08,0006E25108,K1
2014-06-08 22:04:23,0006B3B75C,K1
2014-06-08 22:06:35,0006E239ED,K1
2014-06-08 22:06:56,0006B35672,K1
2014-06-08 22:09:26,0001F7D726,K1
2014-06-08 22:09:31,00061D3F49,K1
2014-06-08 22:10:14,0006B364E7,K154
2014-06-08 22:10:17,0006B38CB1,K154
2014-06-08 22:10:50,0006E22F8C,K154
2014-06-08 22:11:11,0006CC3CA1,K1
2014-06-08 22:13:22,0006CC24E9,K1
2014-06-08 22:31:34,0006B364E7,K154
2014-06-08 22:50:01,0006B364E7,K154
2014-06-08 22:56:22,0006E22F8C,K154
2014-06-08 23:04:52,0006B38CB1,K154
2014-06-08 23:10:25,0006B364E7,K154
2014-06-08 23:27:38,0006B38CB1,K154
2014-06-08 23:29:31,0006E22F8C,K154
2014-06-08 23:54:06,0006E241C1,K1
2014-06-08 23:56:54,0006B38CB1,K154
2014-06-08 23:57:23,0006E22F8C,K154
2014-06-09 00:01:10,0006B364E7,K154
2014-06-09 00:03:13,0006E22F8C,K154
2014-06-09 00:18:40,0006E22F8C,K154
2014-06-09 00:20:11,0006B38CB1,K154
2014-06-09 00:20:52,0006B364E7,K154
2014-06-09 00:30:05,0006E22F8C,K154
2014-06-09 00:58:45,0006E22F8C,K154
2014-06-09 01:09:25,0006B38CB1,K154
2014-06-09 01:10:22,0006B364E7,K154
2014-06-09 01:18:09,0006B364E7,K154
2014-06-09 01:18:24,0006B38CB1,K154
2014-06-09 01:23:23,0006B364E7,K154
2014-06-09 01:35:57,0006B364E7,K154
2014-06-09 01:37:34,0006E22F8C,K154
2014-06-09 01:39:21,0006B38CB1,K154
2014-06-09 01:53:04,0006B364E7,K154
2014-06-09 01:55:44,0006B38CB1,K154
2014-06-09 02:08:03,0006B364E7,K154
2014-06-09 02:19:04,0006B38CB1,K154
2014-06-09 02:26:38,0006B38CB1,K154
2014-06-09 02:35:23,0006B38CB1,K154
2014-06-09 03:05:11,0006E25108,K1
2014-06-09 03:05:23,0006B364E7,K154
2014-06-09 03:05:26,0006E241C1,K1
2014-06-09 03:09:20,0006E22F8C,K154
2014-06-09 03:11:27,0006B3B75C,K1
2014-06-09 03:11:55,0006B3BF04,K1
2014-06-09 03:13:09,0006B38CB1,K154
2014-06-09 03:17:13,0006B3B75C,K1
2014-06-09 03:17:18,0006E241C1,K1
2014-06-09 03:19:08,0006E22F8C,K154
2014-06-09 03:22:50,000697B587,K1
2014-06-09 03:25:58,0006B3BF04,K1
2014-06-09 03:26:55,0006B364E7,K154
2014-06-09 03:29:59,00061D3F49,K1
2014-06-09 03:30:37,0006E22F8C,K154
2014-06-09 03:34:45,0006B38CB1,K154
2014-06-09 03:49:22,0006CC24E9,K1
2014-06-09 03:53:10,0006B3A701,K154
2014-06-09 03:53:18,0001F7D726,K1
2014-06-09 03:54:25,0006B38CB1,K154
2014-06-09 04:09:03,0006B38CB1,K154
2014-06-09 04:10:59,0006E1EF37,K154
2014-06-09 04:11:51,0006B3A701,K154
2014-06-09 04:16:41,0006B364E7,K154
2014-06-09 04:22:36,0006E22F8C,K154
2014-06-09 04:25:58,0006B38BBC,K154
2014-06-09 04:29:19,0006CC24E9,K1
2014-06-09 04:40:00,0006B3AA57,K1
2014-06-09 04:42:35,0006CC3CA1,K1
2014-06-09 04:45:32,0006CC2C18,K1
2014-06-09 04:52:40,0006B35672,K1
2014-06-09 04:53:05,0006E239ED,K1
2014-06-09 04:57:30,0006B3B75C,K1
2014-06-09 04:58:15,0006E25108,K1
2014-06-09 05:11:05,000697B587,K1
2014-06-09 21:47:19,0006E1EF37,K154
2014-06-09 21:49:01,0006B38BBC,K154
2014-06-09 21:49:11,0006B3A701,K154
2014-06-09 21:51:49,0006B38CB1,K154
2014-06-09 21:52:56,0006B351BD,K154
2014-06-09 22:00:04,0006B364E7,K154
2014-06-09 22:03:54,0006E25108,K1
2014-06-09 22:04:32,0006B35672,K1
2014-06-09 22:05:30,0006E22F8C,K154
2014-06-09 22:06:29,0006E239ED,K1
2014-06-09 22:06:56,0001F7D726,K1
2014-06-09 22:07:25,0006B3B75C,K1
2014-06-09 22:07:29,0006CC2C18,K1
2014-06-09 22:10:50,0006B3AA57,K1
2014-06-09 22:13:53,0006CC3CA1,K1
2014-06-09 22:14:04,00061D3F49,K1
2014-06-09 22:18:58,0006CC24E9,K1
2014-06-09 22:28:57,0006B364E7,K154
2014-06-09 22:35:57,0006E1EF37,K154
2014-06-09 22:45:45,0006B38CB1,K154
2014-06-09 22:56:51,0006B364E7,K154
2014-06-09 23:01:47,0006E22F8C,K154
2014-06-09 23:12:21,0006B38CB1,K154
2014-06-09 23:16:15,0006E1EF37,K154
2014-06-09 23:25:58,0006B364E7,K154
2014-06-09 23:30:54,0006E22F8C,K154
2014-06-09 23:42:36,0006E1EF37,K154
2014-06-09 23:46:22,0006E22F8C,K154
2014-06-09 23:55:16,0006B364E7,K154
2014-06-10 00:05:32,0006B38CB1,K154
2014-06-10 00:26:13,0006E22F8C,K154
2014-06-10 00:27:47,0006B364E7,K154
2014-06-10 00:37:33,0006E1EF37,K154
2014-06-10 00:41:28,0006B364E7,K154
2014-06-10 00:43:42,0006B38CB1,K154
2014-06-10 01:03:32,0006E1EF37,K154
2014-06-10 01:09:16,0006B364E7,K154
2014-06-10 01:19:44,0006B351BD,K154
2014-06-10 01:24:03,0006E22F8C,K154
2014-06-10 01:38:47,0006E1EF37,K154
2014-06-10 01:46:55,0006B38CB1,K154
2014-06-10 02:03:03,0006B364E7,K154
2014-06-10 02:14:50,0006E1EF37,K154
2014-06-10 02:16:51,0006E22F8C,K154
2014-06-10 02:22:40,0006B38CB1,K154
2014-06-10 02:42:26,0006B3BF04,K1
2014-06-10 02:42:33,0006E241C1,K1
2014-06-10 02:47:52,0006E241C1,K1
2014-06-10 02:49:28,0006B3BF04,K1
2014-06-10 02:49:33,0006E1EF37,K154
2014-06-10 02:49:44,0006E22F8C,K154
2014-06-10 02:57:21,0006B364E7,K154
2014-06-10 03:21:16,0006E25108,K1
2014-06-10 03:21:24,0006E241C1,K1
2014-06-10 03:21:47,0006B3B75C,K1
2014-06-10 03:23:51,0006B38CB1,K154
2014-06-10 03:25:47,0006E1EF37,K154
2014-06-10 03:27:12,0006E22F8C,K154
2014-06-10 03:34:47,0006B3A701,K154
2014-06-10 03:42:41,0006B35672,K1
2014-06-10 03:45:39,0001F7D726,K1
2014-06-10 03:47:42,0006B35672,K1
2014-06-10 03:52:53,0006E1EF37,K154
2014-06-10 03:54:50,0006B364E7,K154
2014-06-10 03:57:55,0006B38CB1,K154
2014-06-10 03:58:45,0006B38BBC,K154
2014-06-10 03:59:44,0006E22F8C,K154
2014-06-10 04:05:28,0006B38CB1,K154
2014-06-10 04:11:38,0006E22F8C,K154
2014-06-10 04:14:31,0006B38CB1,K154
2014-06-10 04:20:55,0006E1EF37,K154
2014-06-10 04:23:57,0006B364E7,K154
2014-06-10 04:24:09,0006B38CB1,K154
2014-06-10 04:32:37,0006B364E7,K154
2014-06-10 04:32:42,0006B38CB1,K154
2014-06-10 04:37:12,0006E1EF37,K154
2014-06-10 04:37:31,0006E22F8C,K154
2014-06-10 04:45:55,0006E25108,K1
2014-06-10 04:47:24,0006CC24E9,K1
2014-06-10 04:49:49,0006B35672,K1
2014-06-10 04:52:05,0006E239ED,K1
2014-06-10 04:57:41,0006B3B75C,K1
2014-06-10 21:31:39,0006E1EF37,K2
2014-06-10 21:39:11,0006B3A701,K2
2014-06-10 21:39:44,0006B38BBC,K2
2014-06-10 21:45:50,0006B364E7,K2
2014-06-10 21:46:05,0006E22F8C,K2
2014-06-10 21:46:32,0006B351BD,K2
2014-06-10 21:52:26,0006B38CB1,K2
2014-06-10 21:58:19,0006B35672,K1
2014-06-10 22:00:35,0006E25108,K1
2014-06-10 22:02:22,0006B364E7,K2
2014-06-10 22:04:26,0001F7D726,K1
2014-06-10 22:04:50,0006E239ED,K1
2014-06-10 22:10:24,0006CC24E9,K1
2014-06-10 22:15:16,0006B3B75C,K1
2014-06-10 22:17:39,0006B364E7,K2
2014-06-10 22:32:57,0006B3B75C,K1
2014-06-10 22:46:37,0006B3B75C,K1
2014-06-10 22:48:14,0006B364E7,K2
2014-06-10 22:55:58,0006B38CB1,K2
2014-06-10 22:59:32,0006E22F8C,K2
2014-06-10 23:01:56,0006B3B75C,K1
2014-06-10 23:02:22,0006E1EF37,K2
2014-06-10 23:08:56,0006B364E7,K2
2014-06-10 23:16:34,0006B38CB1,K2
2014-06-10 23:23:08,0006E22F8C,K2
2014-06-10 23:25:09,0006E1EF37,K2
2014-06-10 23:31:06,0006B38CB1,K2
2014-06-10 23:32:46,0006B3B75C,K1
2014-06-10 23:39:31,0006E22F8C,K2
2014-06-10 23:46:30,0006E22F8C,K2
2014-06-10 23:47:38,0006B364E7,K2
2014-06-10 23:56:18,0006E22F8C,K2
2014-06-11 00:00:16,0006E1EF37,K2
2014-06-11 00:04:07,0006B38CB1,K2
2014-06-11 00:06:41,0006E22F8C,K2
2014-06-11 00:25:34,0006B364E7,K2
2014-06-11 00:25:53,0006E1EF37,K2
2014-06-11 00:26:32,0006B38CB1,K2
2014-06-11 00:36:49,0006E22F8C,K2
2014-06-11 00:52:15,0006E22F8C,K2
2014-06-11 00:53:54,0006B364E7,K2
2014-06-11 01:00:29,0006E1EF37,K2
2014-06-11 01:03:51,0006B38CB1,K2
2014-06-11 01:21:07,0006B38CB1,K2
2014-06-11 01:22:15,0006E1EF37,K2
2014-06-11 01:28:24,0006B364E7,K2
2014-06-11 01:46:58,0006E1EF37,K2
2014-06-11 01:59:56,0006B38CB1,K2
2014-06-11 02:04:13,0006B364E7,K2
2014-06-11 02:18:56,0006E1EF37,K2
2014-06-11 02:19:46,0006E22F8C,K2
2014-06-11 02:20:11,0006B38CB1,K2
2014-06-11 02:52:02,0006E1EF37,K2
2014-06-11 02:57:52,0006B364E7,K2
2014-06-11 03:05:10,0006B38CB1,K2
2014-06-11 03:11:06,0006E22F8C,K2
2014-06-11 03:21:32,0006B364E7,K2
2014-06-11 03:23:32,0006E1EF37,K2
2014-06-11 03:34:54,0006E22F8C,K2
2014-06-11 03:35:17,0006B38CB1,K2
2014-06-11 03:48:41,0006B364E7,K2
2014-06-11 03:51:44,0006E1EF37,K2
2014-06-11 03:59:03,0006B3A701,K2
2014-06-11 04:00:42,0006B364E7,K2
2014-06-11 04:08:07,0006B38CB1,K2
2014-06-11 04:09:08,0006B3A701,K2
2014-06-11 04:14:31,0006E1EF37,K2
2014-06-11 04:17:26,0006B364E7,K2
2014-06-11 04:20:39,0006B38CB1,K2
2014-06-11 04:42:46,0006B3A701,K2
2014-06-11 04:43:44,0006E1EF37,K2
2014-06-11 04:44:01,0006E22F8C,K2
2014-06-11 04:45:59,0006B38CB1,K2
2014-06-11 04:48:42,0006B364E7,K2
2014-06-11 04:52:11,0006E239ED,K1
2014-06-11 04:52:37,0006E25108,K1
2014-06-11 21:47:11,0006B3A701,K2
2014-06-11 21:48:06,0006B38BBC,K2
2014-06-11 21:55:55,0006B364E7,K2
2014-06-11 21:59:22,0006E1EF37,K2
2014-06-11 22:00:25,0006E22F8C,K2
2014-06-11 22:00:42,0006B351BD,K2
2014-06-11 22:00:46,0006B38CB1,K2
2014-06-11 22:02:32,0006B364E7,K2
2014-06-11 22:04:30,0001F7D726,K1
2014-06-11 22:04:44,0006E239ED,K1
2014-06-11 22:06:21,0006E25108,K1
2014-06-11 22:09:46,0006B364E7,K2
2014-06-11 22:23:20,0006E25108,K1
2014-06-11 22:32:09,0006B364E7,K2
2014-06-11 22:59:53,0006B364E7,K2
2014-06-11 23:08:24,0006E25108,K1
2014-06-11 23:11:26,0006E22F8C,K2
2014-06-11 23:17:58,0006E25108,K1
2014-06-11 23:18:04,0006B364E7,K2
2014-06-11 23:19:44,0006E22F8C,K2
2014-06-11 23:26:47,0006E22F8C,K2
2014-06-11 23:28:42,0006B364E7,K2
2014-06-11 23:30:33,0006B38CB1,K2
2014-06-11 23:39:07,0006E1EF37,K2
2014-06-11 23:46:39,0006E241C1,K1
2014-06-11 23:49:34,0006B364E7,K2
2014-06-11 23:55:26,0006E22F8C,K2
2014-06-11 23:55:37,0006B38CB1,K2
2014-06-11 23:57:18,0006E1EF37,K2
2014-06-12 00:01:21,0006B364E7,K2
2014-06-12 00:04:05,0006E25108,K1
2014-06-12 00:09:20,0006B364E7,K2
2014-06-12 00:19:50,0001F7D726,K1
2014-06-12 00:26:31,0006E1EF37,K2
2014-06-12 00:30:02,0006E25108,K1
2014-06-12 00:42:23,0006E25108,K1
2014-06-12 00:44:35,0006B364E7,K2
2014-06-12 00:45:52,0006E1EF37,K2
2014-06-12 00:52:25,0006CC24E9,K1
2014-06-12 00:56:05,0006E1EF37,K2
2014-06-12 00:59:57,0001F7D726,K1
2014-06-12 01:01:25,0006E25108,K1
2014-06-12 01:04:47,0006B38CB1,K2
2014-06-12 01:07:09,0006E22F8C,K2
2014-06-12 01:13:46,0006B364E7,K2
2014-06-12 01:15:51,0006B38CB1,K2
2014-06-12 01:16:31,0006E25108,K1
2014-06-12 01:25:58,0006E22F8C,K2
2014-06-12 01:31:17,0006B34FE4,K1
2014-06-12 01:32:20,0006E241C1,K1
2014-06-12 01:37:12,0006B3BF04,K1
2014-06-12 01:41:16,0006B364E7,K2
2014-06-12 01:44:05,0006E1EF37,K2
2014-06-12 01:44:36,0006B38CB1,K2
2014-06-12 01:44:53,0006E25108,K1
2014-06-12 01:48:14,0006E22F8C,K2
2014-06-12 01:50:47,0006E1EF37,K2
2014-06-12 01:54:38,0006B38CB1,K2
2014-06-12 01:57:32,0006E22F8C,K2
2014-06-12 01:59:30,0006B364E7,K2
2014-06-12 01:59:49,0006E25108,K1
2014-06-12 02:11:25,0006E22F8C,K2
2014-06-12 02:13:26,0006E25108,K1
2014-06-12 02:27:00,0006E22F8C,K2
2014-06-12 02:27:56,0006B364E7,K2
2014-06-12 02:35:32,0006B364E7,K2
2014-06-12 02:39:09,0006E22F8C,K2
2014-06-12 02:46:57,0006B38CB1,K2
2014-06-12 02:49:48,0006B364E7,K2
2014-06-12 02:54:51,0006B38CB1,K2
2014-06-12 02:58:04,0006E25108,K1
2014-06-12 03:04:00,0006E25108,K1
2014-06-12 03:19:59,0006B364E7,K2
2014-06-12 03:21:45,0006E22F8C,K2
2014-06-12 03:26:35,0006B38CB1,K2
2014-06-12 04:55:33,0006B351BD,K2
2014-06-12 21:44:33,0006E25108,K86
2014-06-12 21:53:46,0006E1EF37,K14
2014-06-12 21:53:54,0006B38BBC,K14
2014-06-12 21:54:38,0006B38CB1,K14
2014-06-12 21:55:27,0001F7D726,K86
2014-06-12 21:56:16,0006B3A701,K14
2014-06-12 21:57:17,0006B351BD,K2
2014-06-12 21:57:57,0006B364E7,K14
2014-06-12 22:01:22,0006E22F8C,K14
2014-06-12 22:29:02,0006B364E7,K14
2014-06-12 22:32:42,0006E25108,K86
2014-06-12 22:44:06,0006E1EF37,K14
2014-06-12 22:47:47,0006E25108,K86
2014-06-12 22:51:06,0006B364E7,K14
2014-06-12 22:59:54,0006E25108,K86
2014-06-12 23:06:38,0006E1EF37,K14
2014-06-12 23:10:21,0006B364E7,K14
2014-06-12 23:25:15,0006B38CB1,K14
2014-06-12 23:25:16,0006E25108,K86
2014-06-12 23:34:43,0006B364E7,K14
2014-06-12 23:38:09,0006E1EF37,K14
2014-06-12 23:52:30,0006E22F8C,K14
2014-06-12 23:55:51,0006B38CB1,K14
2014-06-12 23:59:43,0006B364E7,K14
2014-06-13 00:03:48,0006E25108,K86
2014-06-13 00:04:42,0006E1EF37,K14
2014-06-13 00:17:36,0006B364E7,K14
2014-06-13 00:19:12,0006B38CB1,K14
2014-06-13 00:20:27,0006E22F8C,K14
2014-06-13 00:28:11,0006E25108,K86
2014-06-13 00:48:20,0006B364E7,K14
2014-06-13 00:56:29,0006E1EF37,K14
2014-06-13 01:06:35,0006B364E7,K14
2014-06-13 01:12:48,0006B38CB1,K14
2014-06-13 01:14:32,0006E22F8C,K14
2014-06-13 01:15:47,0006E1EF37,K14
2014-06-13 01:30:37,0006E1EF37,K14
2014-06-13 01:33:21,0006E22F8C,K14
2014-06-13 01:41:36,0006B38CB1,K14
2014-06-13 02:18:35,0006B364E7,K14
2014-06-13 02:20:20,0006B3A701,K14
2014-06-13 02:23:22,0006E1EF37,K14
2014-06-13 02:29:53,0006B38CB1,K14
2014-06-13 02:34:05,0006E22F8C,K14
2014-06-13 02:43:18,0006B364E7,K14
2014-06-13 02:57:12,0006B38BBC,K14
2014-06-13 02:59:15,0006B3A701,K14
2014-06-13 03:07:30,0006E1EF37,K14
2014-06-13 03:15:16,0006B38CB1,K14
2014-06-13 03:15:52,0006E22F8C,K14
2014-06-13 03:39:07,0006B364E7,K14
2014-06-13 03:45:42,0006B38BBC,K14
2014-06-13 03:53:41,0006B38BBC,K14
2014-06-13 04:00:10,0006E1EF37,K14
2014-06-13 04:03:22,0006B364E7,K14
2014-06-13 04:10:20,0006E1EF37,K14
2014-06-13 04:24:09,0006B38CB1,K14
2014-06-13 04:42:35,0006B3A701,K14
2014-06-13 05:05:45,0006E22F8C,K14
2014-06-13 05:06:14,0006E1EF37,K14
2014-06-13 05:08:42,0006B364E7,K14
2014-06-13 21:50:09,0006E22F8C,K14
2014-06-13 21:51:37,0006E1EF37,K14
2014-06-13 21:54:32,0006B38BBC,K14
2014-06-13 21:57:19,0006B364E7,K14
2014-06-13 21:58:57,0006B351BD,K14
2014-06-13 21:59:18,0006B3A701,K14
2014-06-13 21:59:45,0006B38CB1,K14
2014-06-13 22:53:07,0006B364E7,K14
2014-06-13 23:03:11,0006B364E7,K14
2014-06-13 23:23:15,0006E22F8C,K14
2014-06-13 23:31:53,0006B3A701,K14
2014-06-13 23:38:37,0006B38CB1,K14
2014-06-13 23:46:42,0006B364E7,K14
2014-06-13 23:55:57,0006E22F8C,K14
2014-06-13 23:56:27,0006E1EF37,K14
2014-06-14 00:00:11,0006B364E7,K14
2014-06-14 00:12:46,0006B3A701,K14
2014-06-14 00:14:18,0006E1EF37,K14
2014-06-14 00:18:05,0006B38CB1,K14
2014-06-14 00:42:48,0006B38CB1,K14
2014-06-14 00:57:23,0006B364E7,K14
2014-06-14 01:00:52,0006B3A701,K14
2014-06-14 01:25:32,0006E1EF37,K14
2014-06-14 01:30:06,0006E22F8C,K14
2014-06-14 01:34:02,0006B364E7,K14
2014-06-14 01:34:26,0006B38CB1,K14
2014-06-14 01:35:34,0006E22F8C,K14
2014-06-14 01:42:58,0006E1EF37,K14
2014-06-14 01:53:20,0006B3A701,K14
2014-06-14 01:54:12,0006E22F8C,K14
2014-06-14 02:35:01,0006B364E7,K14
2014-06-14 02:39:46,0006E1EF37,K14
2014-06-14 02:48:25,0006E22F8C,K14
2014-06-14 02:50:26,0006B38CB1,K14
2014-06-14 03:00:34,0006B364E7,K14
2014-06-14 03:09:48,0006E22F8C,K14
2014-06-14 03:16:31,0006E1EF37,K14
2014-06-14 03:38:48,0006B3A701,K14
2014-06-14 03:38:54,0006B38BBC,K14
2014-06-14 03:41:33,0006B351BD,K14
2014-06-14 03:55:12,0006B38CB1,K14
2014-06-14 04:11:37,0006B364E7,K14
2014-06-14 04:19:37,0006B364E7,K14
2014-06-14 04:23:24,0006E1EF37,K14
2014-06-14 04:32:48,0006B3A701,K14
2014-06-14 04:40:20,0006B351BD,K14
2014-06-14 04:44:16,0006E22F8C,K14
2014-06-14 05:01:50,0006B364E7,K14
2014-06-14 21:50:43,0006E22F8C,K14
2014-06-14 21:52:14,0006E1EF37,K14
2014-06-14 21:56:13,0006B364E7,K14
2014-06-14 21:58:11,0006B351BD,K14
2014-06-14 21:59:22,0006B38CB1,K14
2014-06-14 22:00:48,0006B38BBC,K14
2014-06-14 22:05:34,0006B3A701,K14
2014-06-14 23:23:31,0006B351BD,K14
2014-06-14 23:55:41,0006E1EF37,K14
2014-06-14 23:58:38,0006B364E7,K14
2014-06-15 00:06:45,0006E22F8C,K14
2014-06-15 00:11:58,0006B3A701,K14
2014-06-15 00:23:34,0006B364E7,K14
2014-06-15 00:26:59,0006E22F8C,K14
2014-06-15 00:31:07,0006B38CB1,K14
2014-06-15 00:31:26,0006E1EF37,K14
2014-06-15 01:27:59,0006B3A701,K14
2014-06-15 02:02:47,0006B38CB1,K14
2014-06-15 02:09:28,0006B364E7,K14
2014-06-15 02:28:21,0006B351BD,K14
2014-06-15 02:31:07,0006E1EF37,K14
2014-06-15 02:37:56,0006E22F8C,K14
2014-06-15 02:52:10,0006B364E7,K14
2014-06-15 02:57:57,0006B38BBC,K14
2014-06-15 03:12:40,0006E22F8C,K14
2014-06-15 03:13:02,0006B38CB1,K14
2014-06-15 03:22:55,0006E1EF37,K14
2014-06-15 03:40:36,0006B38BBC,K14
2014-06-15 03:41:30,0006E1EF37,K14
2014-06-15 03:41:57,0006B364E7,K14
2014-06-15 03:47:58,0006B3A701,K14
2014-06-15 03:48:02,0006E1EF37,K14
2014-06-15 03:53:57,0006B38CB1,K14
2014-06-15 03:55:37,0006B351BD,K14
2014-06-15 04:00:36,0006E1EF37,K14
2014-06-15 04:01:53,0006B364E7,K14
2014-06-15 04:36:03,0006B3A701,K14
2014-06-15 04:40:44,0006B38CB1,K14
2014-06-15 04:45:16,0006E22F8C,K14
2014-06-15 05:02:59,0006E1EF37,K14
2014-06-15 05:11:48,0006B364E7,K14
2014-06-15 21:51:55,0006E1EF37,K14
2014-06-15 21:54:12,0006B351BD,K14
2014-06-15 21:57:52,0006B38CB1,K14
2014-06-15 22:00:02,0006B364E7,K14
2014-06-15 22:01:28,0006E22F8C,K14
2014-06-15 22:03:55,0006B38BBC,K14
2014-06-15 22:27:08,0006B3A701,K14
2014-06-15 22:57:40,0006B351BD,K14
2014-06-15 22:58:24,0006B364E7,K14
2014-06-15 23:14:37,0006B364E7,K14
2014-06-15 23:33:20,0006B3A701,K14
2014-06-15 23:42:59,0006B38CB1,K14
2014-06-16 00:00:06,0006B38CB1,K14
2014-06-16 00:18:58,0006E22F8C,K14
2014-06-16 00:19:46,0006B351BD,K14
2014-06-16 00:25:52,0006B364E7,K14
2014-06-16 00:29:13,0006B3A701,K14
2014-06-16 00:38:02,0006E22F8C,K14
2014-06-16 00:53:01,0006B364E7,K14
2014-06-16 01:00:13,0006E1EF37,K14
2014-06-16 01:10:44,0006B38BBC,K14
2014-06-16 01:11:21,0006B3A701,K14
2014-06-16 01:16:41,0006B38BBC,K14
2014-06-16 01:21:51,0006E1EF37,K14
2014-06-16 01:43:55,0006E22F8C,K14
2014-06-16 01:55:00,0006B364E7,K14
2014-06-16 02:10:34,0006B38BBC,K14
2014-06-16 02:19:44,0006B351BD,K14
2014-06-16 02:21:20,0006E22F8C,K14
2014-06-16 02:22:47,0006B38BBC,K14
2014-06-16 02:23:25,0006B38CB1,K14
2014-06-16 02:33:03,0006B364E7,K14
2014-06-16 02:33:56,0006B3A701,K14
2014-06-16 03:01:33,0006E1EF37,K14
2014-06-16 03:14:25,0006B351BD,K14
2014-06-16 03:15:37,0006B3A701,K14
2014-06-16 03:27:07,0006E1EF37,K14
2014-06-16 03:27:16,0006B38BBC,K14
2014-06-16 03:31:29,0006B364E7,K14
2014-06-16 03:45:37,0006E22F8C,K14
2014-06-16 03:47:46,0006B364E7,K14
2014-06-16 03:52:23,0006B38BBC,K14
2014-06-16 03:58:17,0006B38CB1,K14
2014-06-16 04:02:03,0006B38BBC,K14
2014-06-16 04:02:38,0006E22F8C,K14
2014-06-16 04:04:43,0006B3A701,K14
2014-06-16 04:04:55,0006B351BD,K14
2014-06-16 04:09:52,0006B38CB1,K14
2014-06-16 04:47:56,0006B351BD,K14
2014-06-16 04:48:09,0006E1EF37,K14
2014-06-16 04:58:34,0006E22F8C,K14
2014-06-16 05:01:19,0006B364E7,K14
2014-06-16 05:03:10,0006B3A701,K14
2014-06-16 21:53:09,0006B364E7,K14
2014-06-16 21:53:16,0006E1EF37,K14
2014-06-16 21:54:32,0006E22F8C,K14
2014-06-16 21:54:54,0006B351BD,K14
2014-06-16 21:56:33,0006B38CB1,K14
2014-06-16 21:57:00,0006B3A701,K14
2014-06-16 21:59:59,0006B38BBC,K14
2014-06-16 22:53:29,0006B3A701,K14
2014-06-16 23:13:25,0006B351BD,K14
2014-06-16 23:14:15,0006B364E7,K14
2014-06-16 23:23:18,0006E1EF37,K14
2014-06-16 23:28:06,0006B3A701,K14
2014-06-16 23:30:03,0006B364E7,K14
2014-06-16 23:41:52,0006E1EF37,K14
2014-06-16 23:48:26,0006B38CB1,K14
2014-06-16 23:51:03,0006E22F8C,K14
2014-06-16 23:58:24,0006B351BD,K14
2014-06-17 00:01:55,0006E1EF37,K14
2014-06-17 00:06:03,0006B38CB1,K14
2014-06-17 00:14:56,0006B3A701,K14
2014-06-17 00:16:39,0006E22F8C,K14
2014-06-17 00:20:18,0006E1EF37,K14
2014-06-17 00:26:15,0006B351BD,K14
2014-06-17 00:34:45,0006B3A701,K14
2014-06-17 01:02:48,0006B364E7,K14
2014-06-17 01:24:46,0006B3A701,K14
2014-06-17 01:37:59,0006B38CB1,K14
2014-06-17 01:48:24,0006B364E7,K14
2014-06-17 01:48:57,0006B3A701,K14
2014-06-17 01:53:17,0006B351BD,K14
2014-06-17 01:53:49,0006E22F8C,K14
2014-06-17 01:55:34,0006B3A701,K14
2014-06-17 02:04:42,0006B38CB1,K14
2014-06-17 02:17:07,0006E1EF37,K14
2014-06-17 02:21:19,0006E22F8C,K14
2014-06-17 02:42:37,0006B38CB1,K14
2014-06-17 02:42:41,0006B364E7,K14
2014-06-17 02:47:39,0006B351BD,K14
2014-06-17 02:49:16,0006E1EF37,K14
2014-06-17 02:50:10,0006B3A701,K14
2014-06-17 02:50:12,0006B38BBC,K14
2014-06-17 03:08:47,0006B38CB1,K14
2014-06-17 03:09:08,0006B364E7,K14
2014-06-17 03:10:04,0006E1EF37,K14
2014-06-17 03:23:22,0006E22F8C,K14
2014-06-17 03:24:58,0006B38BBC,K14
2014-06-17 03:25:47,0006E1EF37,K14
2014-06-17 03:38:01,0006B3A701,K14
2014-06-17 03:38:36,0006E22F8C,K14
2014-06-17 03:47:22,0006E22F8C,K14
2014-06-17 04:00:05,0006B3A701,K14
2014-06-17 04:34:01,0006B3A701,K14
2014-06-17 04:46:58,0006E1EF37,K14
2014-06-17 04:49:46,0006B364E7,K14
2014-06-17 05:05:58,0006E22F8C,K14
2014-06-17 21:52:23,0006E1EF37,K14
2014-06-17 21:52:44,0006B351BD,K14
2014-06-17 21:58:02,0006B38BBC,K14
2014-06-17 21:58:25,0006E22F8C,K14
2014-06-17 21:59:11,0006B364E7,K14
2014-06-17 21:59:33,0006B38CB1,K14
2014-06-17 22:01:19,0006B3A701,K14
2014-06-17 23:38:44,0006B364E7,K14
2014-06-17 23:39:30,0006B38CB1,K14
2014-06-17 23:40:46,0006E1EF37,K14
2014-06-17 23:40:58,0006B3A701,K14
2014-06-17 23:51:38,0006B364E7,K14
2014-06-17 23:53:18,0006E1EF37,K14
2014-06-17 23:56:21,0006B38CB1,K14
2014-06-18 00:04:32,0006B3A701,K14
2014-06-18 00:20:03,0006E22F8C,K14
2014-06-18 00:28:47,0006E1EF37,K14
2014-06-18 00:38:34,0006E1EF37,K14
2014-06-18 00:53:26,0006E22F8C,K14
2014-06-18 00:53:47,0006B364E7,K14
2014-06-18 01:13:20,0006B38CB1,K14
2014-06-18 01:20:59,0006B364E7,K14
2014-06-18 01:35:30,0006B38CB1,K14
2014-06-18 01:45:14,0006B3A701,K14
2014-06-18 01:46:30,0006E1EF37,K14
2014-06-18 02:05:29,0006B364E7,K14
2014-06-18 02:06:39,0006E22F8C,K14
2014-06-18 02:11:05,0006B351BD,K14
2014-06-18 02:14:47,0006E1EF37,K14
2014-06-18 02:15:25,0006B3A701,K14
2014-06-18 02:21:21,0006E1EF37,K14
2014-06-18 02:30:54,0006B364E7,K14
2014-06-18 02:31:55,0006E1EF37,K14
2014-06-18 02:33:54,0006E22F8C,K14
2014-06-18 02:38:22,0006B364E7,K14
2014-06-18 02:51:38,0006B3A701,K14
2014-06-18 02:56:54,0006B364E7,K14
2014-06-18 03:03:03,0006B38CB1,K14
2014-06-18 03:14:16,0006B38BBC,K14
2014-06-18 03:15:22,0006B38CB1,K14
2014-06-18 03:20:37,0006E1EF37,K14
2014-06-18 03:25:10,0006B364E7,K14
2014-06-18 03:28:04,0006B3A701,K14
2014-06-18 03:29:25,0006B351BD,K14
2014-06-18 03:36:22,0006B364E7,K14
2014-06-18 03:38:27,0006E1EF37,K14
2014-06-18 03:47:46,0006B3A701,K14
2014-06-18 04:43:32,0006E1EF37,K14
2014-06-18 04:47:50,0006B364E7,K14
2014-06-18 04:56:09,0006E22F8C,K14
2014-06-18 04:56:51,0006B3A701,K14
2014-06-18 21:58:58,0006B364E7,K14
2014-06-18 21:59:24,0006E1EF37,K14
2014-06-18 21:59:58,0006B38BBC,K14
2014-06-18 22:00:27,0006E22F8C,K14
2014-06-18 22:01:39,0006B38CB1,K14
2014-06-18 22:05:10,0006B351BD,K14
2014-06-18 22:05:25,0006B3A701,K14
2014-06-18 23:12:51,0006B364E7,K14
2014-06-18 23:13:51,0006B3A701,K14
2014-06-18 23:16:58,0006E1EF37,K14
2014-06-18 23:23:04,0006E1EF37,K14
2014-06-18 23:25:31,0006B364E7,K14
2014-06-18 23:33:02,0006B3A701,K14
2014-06-18 23:33:10,0006B351BD,K14
2014-06-18 23:43:50,0006E1EF37,K14
2014-06-18 23:53:07,0006B38CB1,K14
2014-06-18 23:55:00,0006B3A701,K14
2014-06-19 00:01:32,0006E22F8C,K14
2014-06-19 00:04:47,0006E1EF37,K14
2014-06-19 00:17:47,0006B3A701,K14
2014-06-19 00:23:19,0006E22F8C,K14
2014-06-19 00:24:42,0006B364E7,K14
2014-06-19 00:49:46,0006E1EF37,K14
2014-06-19 00:51:52,0006B364E7,K14
2014-06-19 01:04:35,0006B364E7,K14
2014-06-19 01:10:08,0006B364E7,K14
2014-06-19 02:16:50,0006B3A701,K14
2014-06-19 02:41:39,0006B351BD,K14
2014-06-19 02:43:40,0006E22F8C,K14
2014-06-21 21:53:42,0006E1EF37,K19
2014-06-21 21:53:53,0006B38BBC,K19
2014-06-21 21:55:38,0006B3A701,K19
2014-06-21 21:56:58,0006E22F8C,K19
2014-06-21 21:59:34,0006B38BBC,K19
2014-06-21 22:04:27,0006B38CB1,K19
2014-06-21 22:09:27,0006B364E7,K19
2014-06-21 23:08:06,0006B364E7,K19
2014-06-21 23:22:48,0006B364E7,K19
2014-06-21 23:43:41,0006B351BD,K19
2014-06-22 00:04:35,0006B3A701,K19
2014-06-22 00:08:57,0006E22F8C,K19
2014-06-22 00:20:07,0006B3A701,K19
2014-06-22 00:24:11,0006E22F8C,K19
2014-06-22 00:28:38,0006E1EF37,K19
2014-06-22 00:36:56,0006B38CB1,K19
2014-06-22 00:46:12,0006E1EF37,K19
2014-06-22 00:49:03,0006B364E7,K19
2014-06-22 00:49:46,0006B38CB1,K19
2014-06-22 00:59:45,0006B364E7,K19
2014-06-22 01:07:19,0006B3A701,K19
2014-06-22 01:09:16,0006B364E7,K19
2014-06-22 01:16:28,0006B3A701,K19
2014-06-22 01:28:20,0006B364E7,K19
2014-06-22 01:29:17,0006B351BD,K19
2014-06-22 01:58:06,0006E22F8C,K19
2014-06-28 21:53:46,0006E25108,K5
2014-06-28 21:56:07,0006E241C1,K5
2014-06-28 21:57:23,0006CC3D98,K5
2014-06-28 22:54:42,0006E241C1,K5
2014-06-28 23:28:19,0006B3AC35,K5
2014-06-29 01:01:28,0006E25108,K5
2014-06-29 01:01:36,0006B3AC35,K5
2014-06-29 01:25:40,000697A8D2,K5
2014-06-29 02:13:48,000697A8D2,K5
2014-06-29 22:10:09,0006B3AC35,K5
2014-06-29 22:12:06,0006E241C1,K5
2014-06-29 22:18:30,0006E25108,K5
2014-06-29 22:43:16,0006E25108,K5
2014-06-29 23:01:51,0006E25108,K5
2014-06-30 00:11:29,0006B3AC35,K5
2014-06-30 01:09:57,0006B3AC35,K5
2014-06-30 01:21:10,0006B3AC35,K5
2014-06-30 02:18:43,0006CC2C18,K5
2014-06-30 02:48:16,0006CC2C18,K5
2014-06-30 02:53:32,0006CC2C18,K5
2014-06-30 21:59:01,0006CC24E9,K5
2014-06-30 21:59:24,0006CC2C18,K5
2014-06-30 22:15:40,0006E25108,K5
2014-06-30 22:20:15,0006CC3CA1,K5
2014-06-30 22:20:18,0001F7D726,K5
2014-06-30 22:22:46,0006B3AC35,K5
2014-06-30 22:37:29,0006B3AC35,K5
2014-06-30 22:40:52,0006E241C1,K5
2014-06-30 22:46:29,0006B3AC35,K5
2014-06-30 23:09:33,000697A8D2,K5
2014-06-30 23:25:31,0006CC24E9,K5
2014-06-30 23:25:34,0006E241C1,K5
2014-06-30 23:43:44,0006B3BF04,K5
2014-06-30 23:50:51,0006B35672,K5
2014-06-30 23:57:41,0006B352AD,K5
2014-07-01 00:09:50,0006CC3CA1,K5
2014-07-01 00:25:56,0006CC24E9,K5
2014-07-01 00:26:56,0006E241C1,K5
2014-07-01 00:31:23,0006CC2C18,K5
2014-07-01 00:34:17,0006CC24E9,K5
2014-07-01 00:37:43,000697A8D2,K5
2014-07-01 00:40:21,0006CC3D98,K5
2014-07-01 00:42:44,0006CC24E9,K5
2014-07-01 00:43:13,000697A8D2,K5
2014-07-01 00:57:26,0006B352AD,K5
2014-07-01 01:03:46,0006CC24E9,K5
2014-07-01 01:10:23,0006B3AC35,K5
2014-07-01 01:12:49,0006E24C7B,K5
2014-07-01 01:27:14,0006CC24E9,K5
2014-07-01 01:27:16,0006E241C1,K5
2014-07-01 01:27:41,000697B587,K5
2014-07-01 01:44:51,0006B3AA57,K5
2014-07-01 02:02:17,000697B587,K5
2014-07-01 02:03:05,0006CC3CA1,K5
2014-07-01 02:07:50,0006CC24E9,K5
2014-07-01 02:16:36,000697A8D2,K5
2014-07-01 02:43:31,0006E24C7B,K5
2014-07-01 02:44:44,0006B3BF04,K5
2014-07-01 02:47:02,000697B587,K5
2014-07-01 02:50:15,0006E24C7B,K5
2014-07-01 03:06:32,0006E241C1,K5
2014-07-01 03:10:57,0006B352AD,K5
2014-07-01 03:19:49,0006B3AC35,K5
2014-07-01 03:22:38,0001F7D726,K5
2014-07-01 03:31:56,0006E241C1,K5
2014-07-01 03:33:07,0006B3AC35,K5
2014-07-01 03:36:56,00061D3F49,K5
2014-07-01 03:37:00,0006B3BF04,K5
2014-07-01 03:44:28,0006B3BF04,K5
2014-07-01 04:16:21,0006E241C1,K5
2014-07-01 04:26:59,00061D3F49,K5
2014-07-01 04:28:14,0006E24ECA,K5
2014-07-01 04:28:16,0006CC2C18,K5
2014-07-01 04:38:50,000697B587,K5
2014-07-01 04:55:22,0006B3AC35,K5
2014-07-01 05:07:32,0006E24C7B,K5
2014-07-01 05:08:48,00061D3F49,K5
2014-07-01 05:19:03,000697B587,K5
2014-07-01 21:44:22,0006CC2C18,K5
2014-07-01 21:44:35,0006E24C7B,K5
2014-07-01 21:44:44,0006CC3CA1,K5
2014-07-01 21:53:37,0001F7D726,K5
2014-07-01 21:55:34,0006E241C1,K5
2014-07-01 21:56:02,0006B3AC35,K5
2014-07-01 21:57:07,00061D3F49,K5
2014-07-01 23:01:21,00061D3F49,K5
2014-07-01 23:20:53,0006B3AC35,K5
2014-07-01 23:33:46,0006B3AC35,K5
2014-07-01 23:46:07,0006CC24E9,K5
2014-07-01 23:48:36,0006E24ECA,K5
2014-07-01 23:49:30,0006E241C1,K5
2014-07-01 23:54:33,0006CC24E9,K5
2014-07-02 00:05:41,0006CC3CA1,K5
2014-07-02 00:16:46,0006E24C7B,K5
2014-07-02 00:19:20,0006B3B75C,K5
2014-07-02 00:21:59,000697A8D2,K5
2014-07-02 00:30:24,0006B3AC35,K5
2014-07-02 00:34:49,0006E24ECA,K5
2014-07-02 00:34:58,000697A8D2,K5
2014-07-02 00:45:03,0006B3AC35,K5
2014-07-02 00:45:17,00061D3F49,K5
2014-07-02 00:45:39,0006E24ECA,K5
2014-07-02 00:48:01,0001F7D726,K5
2014-07-02 00:52:28,0006E25108,K5
2014-07-02 00:54:21,000697B587,K5
2014-07-02 00:54:38,00061D3F49,K5
2014-07-02 01:03:03,0006B3B75C,K5
2014-07-02 01:03:25,0006E24ECA,K5
2014-07-02 01:08:30,0006B3B75C,K5
2014-07-02 01:09:04,0006CC3CA1,K5
2014-07-02 01:16:19,0006B3B75C,K5
2014-07-02 01:22:31,0006B3AC35,K5
2014-07-02 01:23:03,000697B587,K5
2014-07-02 01:27:13,00068E377E,K5
2014-07-02 01:28:17,0006CC24E9,K5
2014-07-02 01:28:33,000697A8D2,K5
2014-07-02 01:32:06,0006B3AC35,K5
2014-07-02 01:38:39,0006CC24E9,K5
2014-07-02 01:40:31,0006E241C1,K5
2014-07-02 01:44:19,0006B35672,K5
2014-07-02 01:48:16,0006CC24E9,K5
2014-07-02 01:50:22,00068E377E,K5
2014-07-02 01:52:13,0006B35672,K5
2014-07-02 01:56:58,0006B3AA57,K5
2014-07-02 02:07:02,00060F6D0D,K5
2014-07-02 02:09:22,0006B29E17,K5
2014-07-02 02:15:46,00064407F9,K5
2014-07-02 02:18:58,0006E24C7B,K5
2014-07-02 02:24:00,0006E25108,K5
2014-07-02 02:24:37,000697B587,K5
2014-07-02 02:25:29,0006B29E17,K5
2014-07-02 02:27:28,0006B352AD,K5
2014-07-02 02:27:33,0006B35672,K5
2014-07-02 02:28:10,0006B3AA57,K5
2014-07-02 02:28:31,0006CC2C18,K5
2014-07-02 02:28:34,00064407F9,K5
2014-07-02 02:35:32,0006B352AD,K5
2014-07-02 02:40:13,0006E24ECA,K5
2014-07-02 02:45:37,0006B3AC35,K5
2014-07-02 02:54:34,0006CC24E9,K5
2014-07-02 03:02:39,0006B3AC35,K5
2014-07-02 03:03:00,0006B352AD,K5
2014-07-02 03:03:40,0006B3BF04,K5
2014-07-02 03:03:43,0001F7D726,K5
2014-07-02 03:04:01,00060F6D0D,K5
2014-07-02 03:04:29,0006B3B75C,K5
2014-07-02 03:05:42,0006E24C7B,K5
2014-07-02 03:13:42,000697A8D2,K5
2014-07-02 03:16:44,0006CC24E9,K5
2014-07-02 03:19:19,00068E377E,K5
2014-07-02 03:23:57,0006E239ED,K5
2014-07-02 03:27:21,0006CC3CA1,K5
2014-07-02 03:27:24,0006B3BF04,K5
2014-07-02 03:31:06,00068E1731,K5
2014-07-02 03:32:12,0006E239ED,K5
2014-07-02 03:34:13,000697A8D2,K5
2014-07-02 03:49:53,00061D3F49,K5
2014-07-02 03:49:57,000697B587,K5
2014-07-02 03:51:38,0006B34FE4,K5
2014-07-02 03:55:46,0006E239ED,K5
2014-07-02 03:57:28,00068E0D1B,K5
2014-07-02 04:05:48,0006B34FE4,K5
2014-07-02 04:10:27,00061D3F49,K5
2014-07-02 04:11:28,00068E1731,K5
2014-07-02 04:16:33,0006E241C1,K5
2014-07-02 04:21:13,00068E0D1B,K5
2014-07-02 04:52:32,0006B3BF04,K5
2014-07-02 04:52:51,0006CC24E9,K5
2014-07-02 04:53:05,0006B352AD,K5
2014-07-02 04:56:11,0006E239ED,K5
2014-07-02 04:58:18,0006B29E17,K5
2014-07-02 04:59:10,0006CC3D98,K5
2014-07-02 05:04:35,00061D3F49,K5
2014-07-02 05:04:48,0006B3AC35,K5
2014-07-02 05:05:49,0006CC3D98,K5
2014-07-02 05:06:42,000697A8D2,K5
2014-07-02 05:07:48,0006B3AA57,K5
2014-07-02 05:11:32,0006E24C7B,K5
2014-07-02 05:13:00,0006E25108,K5
2014-07-02 21:36:47,0006B35672,K5
2014-07-02 21:38:50,00060F6D0D,K5
2014-07-02 21:38:57,0006B352AD,K5
2014-07-02 21:39:04,0001F7D726,K5
2014-07-02 21:39:30,0006CC2C18,K5
2014-07-02 21:39:40,00061D3F49,K5
2014-07-02 21:39:46,000697B587,K5
2014-07-02 21:39:48,00068E377E,K5
2014-07-02 21:39:53,0006B3AC35,K5
2014-07-02 21:39:56,0006CC3CA1,K5
2014-07-02 21:40:03,0006CC3D98,K5
2014-07-02 21:40:24,0006B34FE4,K5
2014-07-02 21:40:43,0006B3BF04,K5
2014-07-02 21:41:25,0006B3B75C,K5
2014-07-02 21:42:19,0006E24C7B,K5
2014-07-02 21:44:54,00064407F9,K5
2014-07-02 21:45:33,000697A8D2,K5
2014-07-02 21:45:37,0006B29E17,K5
2014-07-02 21:45:38,00068E0D1B,K5
2014-07-02 21:45:46,0006E239ED,K5
2014-07-02 21:46:03,0006E25108,K5
2014-07-02 21:46:18,0006E24ECA,K5
2014-07-02 21:52:43,0006E241C1,K5
2014-07-02 21:53:03,00068E1731,K5
2014-07-02 22:01:39,0006B3AA57,K5
2014-07-02 22:03:00,0006CC24E9,K5
2014-07-02 23:38:07,0006B352AD,K5
2014-07-02 23:40:37,000697A8D2,K5
2014-07-02 23:43:19,0006B29E17,K5
2014-07-02 23:43:39,00064407F9,K5
2014-07-02 23:50:00,000697A8D2,K5
2014-07-03 00:04:29,0006B29E17,K5
2014-07-03 00:06:25,0006E239ED,K5
2014-07-03 00:06:39,0006B3AC35,K5
2014-07-03 00:07:47,0006E24ECA,K5
2014-07-03 00:07:49,000697B587,K5
2014-07-03 00:10:08,0006E24C7B,K5
2014-07-03 00:12:55,00068E377E,K5
2014-07-03 00:16:19,0006B3B75C,K5
2014-07-03 00:18:41,0006B352AD,K5
2014-07-03 00:20:56,0006E239ED,K5
2014-07-03 00:21:37,0006CC3D98,K5
2014-07-03 00:21:51,0006E24C7B,K5
2014-07-03 00:22:16,00068E0D1B,K5
2014-07-03 00:24:53,0006CC24E9,K5
2014-07-03 00:27:07,0006E25108,K5
2014-07-03 00:35:38,0006CC3D98,K5
2014-07-03 00:36:22,0006B34FE4,K5
2014-07-03 00:36:43,0006CC24E9,K5
2014-07-03 00:37:10,0006E25108,K5
2014-07-03 00:37:32,00060F6D0D,K5
2014-07-03 00:39:20,0006B3BF04,K5
2014-07-03 00:40:47,0001F7D726,K5
2014-07-03 00:43:33,00061D3F49,K5
2014-07-03 00:44:24,0006B3AC35,K5
2014-07-03 00:45:44,0006CC3CA1,K5
2014-07-03 00:51:11,0001F7D726,K5
2014-07-03 00:51:46,0006B3BF04,K5
2014-07-03 00:51:51,0006B3AC35,K5
2014-07-03 00:56:41,0006B35672,K5
2014-07-03 01:01:27,00064407F9,K5
2014-07-03 01:06:10,0006B3B75C,K5
2014-07-03 01:06:36,0006CC24E9,K5
2014-07-03 01:12:00,000697B587,K5
2014-07-03 01:15:48,0006CC24E9,K5
2014-07-03 01:18:31,0006E24C7B,K5
2014-07-03 01:18:37,0006E24ECA,K5
2014-07-03 01:23:23,0006B29E17,K5
2014-07-03 01:24:53,0006E24C7B,K5
2014-07-03 01:28:20,000697A8D2,K5
2014-07-03 01:40:18,0006B3AA57,K5
2014-07-03 01:48:27,0006B3AC35,K5
2014-07-03 01:51:47,00068E377E,K5
2014-07-03 01:51:49,0006B352AD,K5
2014-07-03 01:55:55,00068E1731,K5
2014-07-03 02:01:28,0006B3AC35,K5
2014-07-03 02:14:01,0006B352AD,K5
2014-07-03 02:22:44,000697B587,K5
2014-07-03 02:23:42,0006B3BF04,K5
2014-07-03 02:35:59,0006E239ED,K5
2014-07-03 02:41:22,0006B3BF04,K5
2014-07-03 02:42:18,00064407F9,K5
2014-07-03 02:43:29,0006B29E17,K5
2014-07-03 02:44:20,00068E0D1B,K5
2014-07-03 02:46:59,0006CC24E9,K5
2014-07-03 02:48:01,0006E24C7B,K5
2014-07-03 02:51:50,0006B29E17,K5
2014-07-03 02:53:45,0006E239ED,K5
2014-07-03 02:55:13,0006B3B75C,K5
2014-07-03 02:58:06,0006E24ECA,K5
2014-07-03 03:02:40,0006E24C7B,K5
2014-07-03 03:03:35,0006CC24E9,K5
2014-07-03 03:07:26,000697A8D2,K5
2014-07-03 03:09:05,0006E25108,K5
2014-07-03 03:13:44,0006B34FE4,K5
2014-07-03 03:15:02,00068E377E,K5
2014-07-03 03:20:11,000697A8D2,K5
2014-07-03 03:22:33,0006CC3D98,K5
2014-07-03 03:22:34,0001F7D726,K5
2014-07-03 03:22:51,0006B3AC35,K5
2014-07-03 03:23:45,0006B352AD,K5
2014-07-03 03:32:05,0006B3AC35,K5
2014-07-03 03:35:58,0006CC3D98,K5
2014-07-03 03:37:55,0006B352AD,K5
2014-07-03 03:40:20,00061D3F49,K5
2014-07-03 03:41:25,0006E24C7B,K5
2014-07-03 03:41:50,000697B587,K5
2014-07-03 03:43:19,00064407F9,K5
2014-07-03 03:54:18,00068E1731,K5
2014-07-03 04:03:07,0006B3AA57,K5
2014-07-03 04:05:55,00060F6D0D,K5
2014-07-03 04:14:17,00068E0D1B,K5
2014-07-03 04:16:35,0006B3AA57,K5
2014-07-03 04:39:39,0006CC2C18,K5
2014-07-03 04:56:40,0006E239ED,K5
2014-07-03 04:59:01,0006B352AD,K5
2014-07-03 05:04:50,0006CC24E9,K5
2014-07-03 05:04:55,0006E241C1,K5
2014-07-03 05:07:16,0006B29E17,K5
2014-07-03 05:07:21,0006CC3D98,K5
2014-07-03 05:09:13,0006E25108,K5
2014-07-03 05:11:26,0006B3AA57,K5
2014-07-03 05:12:00,0006E241C1,K5
2014-07-03 05:13:05,0006E24C7B,K5
2014-07-03 05:15:05,0006B3AC35,K5
2014-07-03 21:45:26,0006B35672,K5
2014-07-03 21:47:12,00068E0D1B,K5
2014-07-03 21:49:11,000697B587,K5
2014-07-03 21:49:15,0006B3BF04,K5
2014-07-03 21:49:29,0006CC2C18,K5
2014-07-03 21:49:31,00060F6D0D,K5
2014-07-03 21:49:32,0006E24C7B,K5
2014-07-03 21:49:50,0006E239ED,K5
2014-07-03 21:50:11,00068E1731,K5
2014-07-03 21:50:15,0001F7D726,K5
2014-07-03 21:51:00,0006B3AC35,K5
2014-07-03 21:52:05,0006B34FE4,K5
2014-07-03 21:52:42,00064407F9,K5
2014-07-03 21:52:49,0006E24ECA,K5
2014-07-03 21:52:50,0006B3B75C,K5
2014-07-03 21:53:04,0006CC24E9,K5
2014-07-03 21:54:58,00061D3F49,K5
2014-07-03 21:55:59,00068E377E,K5
2014-07-03 21:57:13,0006B3AA57,K5
2014-07-03 21:58:43,0006E241C1,K5
2014-07-03 21:59:11,0006B352AD,K5
2014-07-03 22:01:19,0006CC3CA1,K5
2014-07-03 22:01:44,0006CC3D98,K5
2014-07-03 23:04:07,0006CC3CA1,K5
2014-07-03 23:15:41,0006CC24E9,K5
2014-07-03 23:23:35,0006CC24E9,K5
2014-07-03 23:24:35,0006B352AD,K5
2014-07-03 23:32:39,0006B3BF04,K5
2014-07-03 23:33:20,0006E24C7B,K5
2014-07-03 23:37:22,0006B352AD,K5
2014-07-03 23:38:11,00064407F9,K5
2014-07-03 23:39:11,0006E25108,K5
2014-07-03 23:39:45,0006E24C7B,K5
2014-07-03 23:41:00,0006E239ED,K5
2014-07-03 23:49:19,0006E239ED,K5
2014-07-03 23:49:49,0006B3B75C,K5
2014-07-03 23:51:04,00068E377E,K5
2014-07-03 23:51:43,000697B587,K5
2014-07-03 23:51:57,0006CC2C18,K5
2014-07-03 23:53:11,0006E24ECA,K5
2014-07-03 23:54:10,0006B29E17,K5
2014-07-03 23:54:46,0006CC3D98,K5
2014-07-03 23:55:40,0006B3BF04,K5
2014-07-03 23:57:06,00060F6D0D,K5
2014-07-03 23:58:09,0006B3AC35,K5
2014-07-04 00:01:44,0006CC3D98,K5
2014-07-04 00:02:09,0006B29E17,K5
2014-07-04 00:03:23,0006B34FE4,K5
2014-07-04 00:03:50,00068E0D1B,K5
2014-07-04 00:05:28,0006B3AC35,K5
2014-07-04 00:08:06,0006B3AA57,K5
2014-07-04 00:11:02,0006B35672,K5
2014-07-04 00:12:19,00068E1731,K5
2014-07-04 00:16:06,0006B3AA57,K5
2014-07-04 00:17:42,0001F7D726,K5
2014-07-04 00:17:48,0006E25108,K5
2014-07-04 00:24:50,0006CC3CA1,K5
2014-07-04 00:26:19,0006E24ECA,K5
2014-07-04 00:27:05,0006E239ED,K5
2014-07-04 00:28:52,0006B3BF04,K5
2014-07-04 00:28:55,00060F6D0D,K5
2014-07-04 00:28:58,0006E25108,K5
2014-07-04 00:29:33,0001F7D726,K5
2014-07-04 00:31:26,0006CC24E9,K5
2014-07-04 00:33:48,0006B352AD,K5
2014-07-04 00:35:59,0006E24C7B,K5
2014-07-04 00:36:41,0006CC24E9,K5
2014-07-04 00:37:27,00061D3F49,K5
2014-07-04 00:41:53,0006B35672,K5
2014-07-04 00:42:54,0006B3AC35,K5
2014-07-04 00:43:08,0006B352AD,K5
2014-07-04 00:43:37,00068E377E,K5
2014-07-04 00:48:08,00061D3F49,K5
2014-07-04 00:49:37,00064407F9,K5
2014-07-04 00:50:09,0006B3AC35,K5
2014-07-04 00:59:36,0006CC3D98,K5
2014-07-04 01:03:14,0006B3BF04,K5
2014-07-04 01:03:22,0006B3B75C,K5
2014-07-04 01:05:29,000697B587,K5
2014-07-04 01:05:34,0006E239ED,K5
2014-07-04 01:06:14,0006CC3D98,K5
2014-07-04 01:14:46,0006B3BF04,K5
2014-07-04 01:15:18,0006B3AA57,K5
2014-07-04 01:15:52,00068E377E,K5
2014-07-04 01:16:37,0006E239ED,K5
2014-07-04 01:16:56,0006B29E17,K5
2014-07-04 01:20:50,0006CC3CA1,K5
2014-07-04 01:21:21,0006E24C7B,K5
2014-07-04 01:22:37,0006B3AA57,K5
2014-07-04 01:23:07,0006CC24E9,K5
2014-07-04 01:23:51,00068E0D1B,K5
2014-07-04 01:24:46,0006B29E17,K5
2014-07-04 01:29:02,0006B3AC35,K5
2014-07-04 01:29:18,0006CC24E9,K5
2014-07-04 01:33:49,0006E24ECA,K5
2014-07-04 01:36:44,0006B3B75C,K5
2014-07-04 01:36:49,0006CC24E9,K5
2014-07-04 01:40:11,0006E24ECA,K5
2014-07-04 01:41:40,0006CC2C18,K5
2014-07-04 01:43:49,00068E1731,K5
2014-07-04 01:47:14,000697B587,K5
2014-07-04 01:47:31,0006E24ECA,K5
2014-07-04 01:50:18,00064407F9,K5
2014-07-04 01:51:50,0006B3AC35,K5
2014-07-04 01:52:12,0006B352AD,K5
2014-07-04 01:57:14,00068E377E,K5
2014-07-04 01:59:07,00060F6D0D,K5
2014-07-04 02:00:32,0006B34FE4,K5
2014-07-04 02:02:05,0006CC3D98,K5
2014-07-04 02:02:26,0006E25108,K5
2014-07-04 02:04:40,0001F7D726,K5
2014-07-04 02:04:52,00068E377E,K5
2014-07-04 02:05:28,0006B3BF04,K5
2014-07-04 02:07:12,0006B34FE4,K5
2014-07-04 02:07:52,0006B352AD,K5
2014-07-04 02:08:08,0006E25108,K5
2014-07-04 02:08:14,0006CC3D98,K5
2014-07-04 02:10:14,00068E377E,K5
2014-07-04 02:12:16,0006E239ED,K5
2014-07-04 02:12:32,0006B35672,K5
2014-07-04 02:13:06,0006B352AD,K5
2014-07-04 02:15:16,00068E377E,K5
2014-07-04 02:21:36,00064407F9,K5
2014-07-04 02:23:01,0006B35672,K5
2014-07-04 02:29:27,0006CC3CA1,K5
2014-07-04 02:30:06,00064407F9,K5
2014-07-04 02:36:05,0006B3B75C,K5
2014-07-04 02:38:56,00061D3F49,K5
2014-07-04 02:40:49,0006B29E17,K5
2014-07-04 02:41:53,0006B3B75C,K5
2014-07-04 02:49:16,0006CC2C18,K5
2014-07-04 02:52:04,0006B3AA57,K5
2014-07-04 02:58:36,00060F6D0D,K5
2014-07-04 03:00:06,0006B34FE4,K5
2014-07-04 03:00:55,00068E0D1B,K5
2014-07-04 03:03:33,0006B3AA57,K5
2014-07-04 03:03:59,00064407F9,K5
2014-07-04 03:10:25,0006B352AD,K5
2014-07-04 03:11:11,00064407F9,K5
2014-07-04 03:16:54,0006CC24E9,K5
2014-07-04 03:30:23,00068E1731,K5
2014-07-04 03:35:59,00061D3F49,K5
2014-07-04 03:45:42,0001F7D726,K5
2014-07-04 04:12:47,00068E0D1B,K5
2014-07-04 04:14:56,00068E1731,K5
2014-07-04 21:30:16,0001F7D726,K5
2014-07-04 21:30:33,0006B34FE4,K5
2014-07-04 21:30:34,00068E0D1B,K5
2014-07-04 21:32:57,000697B587,K1
2014-07-04 21:34:06,0006B3BF04,K1
2014-07-04 21:35:16,00060F6D0D,K1
2014-07-04 21:38:20,00061D3F49,K1
2014-07-04 21:39:01,0006CC2C18,K1
2014-07-04 21:39:53,0006E24ECA,K1
2014-07-04 21:40:07,0006B352AD,K1
2014-07-04 21:41:43,0006B3B75C,K1
2014-07-04 21:42:19,0006B29E17,K1
2014-07-04 21:42:23,0006E24C7B,K1
2014-07-04 21:43:08,0006CC3CA1,K1
2014-07-04 21:46:02,00068E1731,K5
2014-07-04 21:46:47,00068E377E,K1
2014-07-04 21:47:01,0006B3AA57,K1
2014-07-04 21:47:28,0006E241C1,K1
2014-07-04 21:55:41,0006E239ED,K1
2014-07-04 21:55:43,0006CC3D98,K1
2014-07-04 22:11:23,0006B3AA57,K5
2014-07-04 22:24:36,0006B3AA57,K5
2014-07-04 22:28:13,0006B352AD,K1
2014-07-04 23:04:46,0006B29E17,K1
2014-07-04 23:08:41,0006CC3CA1,K1
2014-07-04 23:15:18,0001F7D726,K5
2014-07-04 23:17:16,0006B34FE4,K5
2014-07-04 23:19:39,00068E0D1B,K1
2014-07-04 23:22:18,0006B3BF04,K1
2014-07-04 23:22:45,0006E24ECA,K1
2014-07-04 23:35:48,00068E1731,K5
2014-07-05 00:16:53,0006B3AA57,K5
2014-07-05 00:18:58,0006B3BF04,K5
2014-07-05 00:24:01,0006B34FE4,K5
2014-07-05 00:28:04,0006B3AA57,K5
2014-07-05 00:31:11,0006B34FE4,K5
2014-07-05 00:34:21,0006B29E17,K5
2014-07-05 00:37:52,0006B34FE4,K5
2014-07-05 01:01:27,0006B3AA57,K1
2014-07-05 01:06:15,0006B34FE4,K5
2014-07-05 01:39:50,0006E24C7B,K1
2014-07-05 02:03:18,0006B3B75C,K1
2014-07-05 02:04:08,0006E239ED,K1
2014-07-05 02:04:52,0006B3BF04,K1
2014-07-05 02:07:29,0006B3AA57,K5
2014-07-05 02:10:56,00068E0D1B,K1
2014-07-05 15:25:10,0006E241C1,K91
2014-07-05 16:15:03,0006E241C1,K91
2014-07-05 19:41:03,0006E241C1,K91
2014-07-05 19:46:15,0006E241C1,K91
2014-07-05 19:51:16,0006E241C1,K91
2014-07-05 19:56:17,0006E241C1,K91
2014-07-05 20:01:18,0006E241C1,K91
2014-07-05 20:06:19,0006E241C1,K91
2014-07-05 20:11:20,0006E241C1,K91
2014-07-05 20:16:21,0006E241C1,K91
2014-07-05 20:21:22,0006E241C1,K91
2014-07-05 20:26:23,0006E241C1,K91
2014-07-05 20:31:24,0006E241C1,K91
2014-07-05 21:30:34,0006B34FE4,K1
2014-07-05 21:34:05,000697B587,K1
2014-07-05 21:36:39,0006E25108,K1
2014-07-05 21:37:03,0006B3B75C,K1
2014-07-05 21:37:16,0006B3AC35,K1
2014-07-05 21:37:49,0006B35672,K1
2014-07-05 21:38:47,00061D3F49,K1
2014-07-05 21:38:51,0006CC24E9,K1
2014-07-05 21:39:41,00068E0D1B,K1
2014-07-05 21:42:08,0006E24C7B,K1
2014-07-05 21:42:11,0006B29E17,K1
2014-07-05 21:42:25,00060F6D0D,K1
2014-07-05 21:43:46,00068E1731,K1
2014-07-05 21:43:50,0006E24ECA,K1
2014-07-05 21:44:41,00064407F9,K1
2014-07-05 21:45:43,0006E239ED,K1
2014-07-05 21:46:26,0006B3BF04,K1
2014-07-05 21:49:01,0006B352AD,K1
2014-07-05 21:51:41,0006CC3D98,K1
2014-07-05 21:52:53,0001F7D726,K1
2014-07-05 21:54:11,0006CC3CA1,K1
2014-07-05 21:54:43,00068E377E,K1
2014-07-05 21:55:36,0006B3AA57,K1
2014-07-05 23:09:26,0006E24C7B,K1
2014-07-05 23:32:25,0006CC3CA1,K1
2014-07-05 23:47:49,000697B587,K1
2014-07-05 23:48:30,00068E0D1B,K1
2014-07-05 23:48:34,0006B352AD,K1
2014-07-05 23:52:03,0006CC24E9,K1
2014-07-05 23:52:07,0006CC3D98,K1
2014-07-05 23:56:32,000697B587,K1
2014-07-06 00:06:36,0006B352AD,K1
2014-07-06 00:11:26,0006B34FE4,K1
2014-07-06 00:13:56,0006B3B75C,K1
2014-07-06 00:19:09,0006B3B75C,K1
2014-07-06 00:31:36,0006E24C7B,K1
2014-07-06 00:33:55,0006CC24E9,K1
2014-07-06 00:35:26,00068E0D1B,K1
2014-07-06 00:37:01,0006E24C7B,K1
2014-07-06 00:39:49,0006E239ED,K1
2014-07-06 00:41:03,0006B3BF04,K1
2014-07-06 00:46:14,00068E0D1B,K1
2014-07-06 00:48:54,0006B29E17,K1
2014-07-06 00:49:18,0006E239ED,K1
2014-07-06 00:55:20,0006B3AC35,K1
2014-07-06 01:06:51,0006CC3D98,K1
2014-07-06 01:08:15,0006B3B75C,K1
2014-07-06 01:15:11,0006B3B75C,K1
2014-07-06 01:16:40,000697B587,K1
2014-07-06 01:23:45,0006B3AA57,K1
2014-07-06 01:24:11,00061D3F49,K1
2014-07-06 01:32:25,0006E24C7B,K1
2014-07-06 01:47:22,0006B3B75C,K1
2014-07-06 01:49:49,0006B3BF04,K1
2014-07-06 01:57:34,0006B3B75C,K1
2014-07-06 01:59:01,0006B34FE4,K1
2014-07-06 02:01:26,0006B352AD,K1
2014-07-06 02:01:58,0006B3BF04,K1
2014-07-06 02:08:33,0006B29E17,K1
2014-07-06 02:08:37,0006B35672,K1
2014-07-06 02:11:19,0006E239ED,K1
2014-07-06 02:13:26,0006B3BF04,K1
2014-07-06 02:15:02,0006B35672,K1
2014-07-06 02:23:11,0006B3AC35,K1
2014-07-06 02:29:32,0006E24ECA,K1
2014-07-06 02:29:59,0006E239ED,K1
2014-07-06 02:31:13,0006B3AC35,K1
2014-07-06 02:31:40,0006E24C7B,K1
2014-07-06 02:34:26,00068E0D1B,K1
2014-07-06 02:42:38,00068E377E,K1
2014-07-06 02:43:32,000697B587,K1
2014-07-06 02:47:00,0006E25108,K1
2014-07-06 02:50:27,00061D3F49,K1
2014-07-06 02:52:33,0006B3BF04,K1
2014-07-06 03:08:02,0006CC3D98,K1
2014-07-06 03:09:59,0006B3B75C,K1
2014-07-06 03:14:34,0006B3BF04,K1
2014-07-06 03:26:56,00068E0D1B,K1
2014-07-06 03:32:10,000697B587,K1
2014-07-06 03:39:39,0006B3AC35,K1
2014-07-06 03:43:14,0006B35672,K1
2014-07-06 03:44:22,0006B352AD,K1
2014-07-06 03:47:57,00060F6D0D,K1
2014-07-06 04:14:28,0006E239ED,K1
2014-07-06 05:02:25,000697B587,K1
2014-07-06 05:03:34,00061D3F49,K1
2014-07-06 05:05:59,0006B29E17,K1
2014-07-06 05:07:25,0006B352AD,K1
2014-07-06 05:09:01,0006E239ED,K1
2014-07-06 05:11:48,0006CC3D98,K1
2014-07-06 05:17:36,0006E24C7B,K1
2014-07-06 05:25:49,00060F6D0D,K1
2014-07-06 13:34:54,00068E1731,K1
2014-07-06 14:36:45,0006B3AC35,K1
2014-07-06 23:23:59,00060F6D0D,K1
2014-07-06 23:42:51,0006B3BF04,K1
2014-07-06 23:44:17,000697B587,K1
2014-07-07 00:01:14,0006E24C7B,K1
2014-07-07 00:33:56,0006B3BF04,K1
2014-07-07 00:59:53,0006E24C7B,K1
2014-07-07 01:31:58,0006CC3D98,K1
2014-07-07 04:09:06,0006E239ED,K1
2014-07-07 04:10:01,0006E24ECA,K1
2014-07-07 04:12:36,00060F6D0D,K1
2014-07-07 16:43:38,0006CC3D98,K104
2014-07-07 16:53:04,0006CC3D98,K104
2014-07-07 16:58:38,0006CC3D98,K104
2014-07-07 17:17:08,0006CC3D98,K104
2014-07-07 21:37:26,0006E25108,K104
2014-07-07 21:40:20,0001F7D726,K104
2014-07-07 21:45:55,0006E1EF37,K92
2014-07-07 21:46:10,0006B38BBC,K92
2014-07-07 21:47:46,0006B351BD,K92
2014-07-07 21:49:37,0006E22F8C,K92
2014-07-07 21:50:58,0006B38CB1,K92
2014-07-07 21:51:25,0006E24ECA,K1
2014-07-07 21:51:46,0006B3A701,K92
2014-07-07 21:57:21,0006B364E7,K92
2014-07-07 21:59:51,0006B3B75C,K1
2014-07-07 22:00:02,0006CC3D98,K104
2014-07-07 22:01:01,0006B3AC35,K104
2014-07-07 22:06:47,0006E239ED,K1
2014-07-07 22:09:43,0006E24C7B,K1
2014-07-07 22:18:09,0006B3AC35,K1
2014-07-07 22:29:58,0006E24C7B,K1
2014-07-07 22:46:29,0006B34FE4,K104
2014-07-07 22:51:34,0006B34FE4,K1
2014-07-07 23:06:15,0006CC3CA1,K104
2014-07-07 23:17:26,0006B3B75C,K104
2014-07-07 23:24:30,0006CC3CA1,K1
2014-07-07 23:27:18,0006B38CB1,K92
2014-07-07 23:29:18,0006B3B75C,K1
2014-07-07 23:30:24,0001F7D726,K104
2014-07-07 23:33:03,0006E25108,K104
2014-07-07 23:33:38,0006CC24E9,K104
2014-07-07 23:37:47,000697B587,K1
2014-07-07 23:37:58,0006CC3D98,K104
2014-07-07 23:41:13,0006CC2C18,K104
2014-07-07 23:44:15,0006CC3D98,K104
2014-07-07 23:44:50,0006B3A701,K92
2014-07-07 23:45:25,0006B35672,K104
2014-07-07 23:46:51,0006E25108,K104
2014-07-07 23:47:20,0006E241C1,K104
2014-07-07 23:49:55,00061D3F49,K104
2014-07-07 23:52:26,0006E25108,K104
2014-07-07 23:55:52,0006B352AD,K104
2014-07-07 23:57:17,00068E0D1B,K104
2014-07-08 00:00:40,0006B29E17,K104
2014-07-08 00:00:56,0006B351BD,K92
2014-07-08 00:01:04,0006B352AD,K104
2014-07-08 00:01:46,0006B3A701,K92
2014-07-08 00:03:53,00061D3F49,K104
2014-07-08 00:06:52,0006B351BD,K92
2014-07-08 00:07:02,0006B364E7,K92
2014-07-08 00:08:49,0006B352AD,K104
2014-07-08 00:09:07,00068E0D1B,K104
2014-07-08 00:09:44,0006B3A701,K92
2014-07-08 00:10:17,0006B3AC35,K104
2014-07-08 00:11:20,000697B587,K104
2014-07-08 00:12:05,0006B351BD,K92
2014-07-08 00:15:57,0006B3AC35,K104
2014-07-08 00:16:22,0006B3BF04,K104
2014-07-08 00:19:06,00060F6D0D,K104
2014-07-08 00:19:55,0006B29E17,K104
2014-07-08 00:21:59,0006B3BF04,K104
2014-07-08 00:22:07,0006B3AC35,K104
2014-07-08 00:22:28,000697B587,K104
2014-07-08 00:23:24,0006CC3D98,K104
2014-07-08 00:23:25,0006E24C7B,K1
2014-07-08 00:25:53,0006B351BD,K92
2014-07-08 00:26:27,0006B38CB1,K92
2014-07-08 00:27:04,00068E377E,K104
2014-07-08 00:27:49,0006B29E17,K104
2014-07-08 00:28:33,00061D3F49,K104
2014-07-08 00:29:24,0006B352AD,K104
2014-07-08 00:29:28,000697B587,K104
2014-07-08 00:29:52,00064407F9,K104
2014-07-08 00:32:29,0006CC3D98,K104
2014-07-08 00:33:15,0006B29E17,K104
2014-07-08 00:35:17,00064407F9,K104
2014-07-08 00:36:22,0006B3A701,K92
2014-07-08 00:36:25,0006B38CB1,K92
2014-07-08 00:36:35,0006B364E7,K92
2014-07-08 00:37:19,0006B3BF04,K104
2014-07-08 00:37:50,00068E1731,K104
2014-07-08 00:38:25,000697B587,K104
2014-07-08 00:40:18,0006E24ECA,K104
2014-07-08 00:41:48,0006B364E7,K92
2014-07-08 00:41:51,0006CC2C18,K104
2014-07-08 00:43:56,0006B29E17,K104
2014-07-08 00:45:09,0006B3A701,K92
2014-07-08 00:45:18,0006B38CB1,K92
2014-07-08 00:45:25,0006B35672,K104
2014-07-08 00:45:35,0006E25108,K104
2014-07-08 00:45:43,0006E22F8C,K92
2014-07-08 00:46:13,00068E1731,K104
2014-07-08 00:46:48,0006E24ECA,K104
2014-07-08 00:48:53,000697B587,K104
2014-07-08 00:51:00,0006CC24E9,K104
2014-07-08 00:52:11,0006E24ECA,K104
2014-07-08 00:54:21,00068E0D1B,K104
2014-07-08 00:54:42,0006B35672,K104
2014-07-08 00:56:52,0006CC3CA1,K104
2014-07-08 00:56:56,0006B364E7,K92
2014-07-08 00:57:41,0006E22F8C,K92
2014-07-08 00:58:29,0006E24ECA,K104
2014-07-08 00:58:59,0006E25108,K104
2014-07-08 01:00:23,00068E1731,K104
2014-07-08 01:01:17,0006B3BF04,K104
2014-07-08 01:02:00,0006CC24E9,K104
2014-07-08 01:04:49,0006E24ECA,K104
2014-07-08 01:07:13,0006B3BF04,K104
2014-07-08 01:07:45,0006E24C7B,K1
2014-07-08 01:08:54,0006CC2C18,K104
2014-07-08 01:16:48,0006B29E17,K104
2014-07-08 01:19:03,0006E24C7B,K104
2014-07-08 01:20:05,0006CC3CA1,K104
2014-07-08 01:28:06,0006E24C7B,K104
2014-07-08 01:29:56,0006CC3CA1,K104
2014-07-08 01:30:37,00060F6D0D,K104
2014-07-08 01:30:54,0006B3AC35,K104
2014-07-08 01:32:37,0006B3B75C,K1
2014-07-08 01:33:37,0006E241C1,K104
2014-07-08 01:34:09,0006B351BD,K92
2014-07-08 01:34:31,0006B3A701,K92
2014-07-08 01:34:33,0006B364E7,K92
2014-07-08 01:34:48,0006E1EF37,K92
2014-07-08 01:34:58,0006B38CB1,K92
2014-07-08 01:35:29,0006E239ED,K1
2014-07-08 01:35:33,000697B587,K104
2014-07-08 01:37:16,0006B3AA57,K104
2014-07-08 01:38:43,00060F6D0D,K104
2014-07-08 01:40:37,0006E1EF37,K92
2014-07-08 01:40:40,0006B38CB1,K92
2014-07-08 01:41:11,0006B3AC35,K104
2014-07-08 01:41:47,0006B3B75C,K104
2014-07-08 01:42:55,0006E24C7B,K104
2014-07-08 01:45:13,0001F7D726,K104
2014-07-08 01:45:27,0006B29E17,K104
2014-07-08 01:45:28,0006E241C1,K104
2014-07-08 01:45:54,0006B35672,K104
2014-07-08 01:47:31,0006B38CB1,K92
2014-07-08 01:48:20,0006B3AC35,K104
2014-07-08 01:49:37,0006CC3CA1,K104
2014-07-08 01:51:06,0006E25108,K104
2014-07-08 01:57:06,0006B3B75C,K104
2014-07-08 01:57:35,000697B587,K104
2014-07-08 01:59:07,0006CC24E9,K104
2014-07-08 02:10:58,0006B352AD,K104
2014-07-08 02:26:45,0006B3AA57,K104
2014-07-08 02:33:38,0006B364E7,K92
2014-07-08 02:38:45,0006CC3D98,K104
2014-07-08 02:39:13,00060F6D0D,K104
2014-07-08 02:39:27,0006E239ED,K1
2014-07-08 02:40:03,00064407F9,K104
2014-07-08 02:40:10,00068E377E,K104
2014-07-08 02:40:16,000697B587,K104
2014-07-08 02:40:25,0006B3B75C,K104
2014-07-08 02:43:53,0006B34FE4,K104
2014-07-08 02:47:06,0006E239ED,K104
2014-07-08 02:47:15,0006B3BF04,K104
2014-07-08 02:50:53,00060F6D0D,K104
2014-07-08 02:52:11,0006E239ED,K104
2014-07-08 02:55:40,00068E0D1B,K104
2014-07-08 02:55:59,0006E24C7B,K104
2014-07-08 02:58:22,00064407F9,K104
2014-07-08 02:59:18,0006E239ED,K104
2014-07-08 03:01:01,0006B35672,K104
2014-07-08 03:01:30,0006B34FE4,K104
2014-07-08 03:01:43,0006B3AC35,K104
2014-07-08 03:05:29,0006CC24E9,K104
2014-07-08 03:05:45,00064407F9,K104
2014-07-08 03:07:07,0006CC3CA1,K104
2014-07-08 03:08:10,0006B3A701,K92
2014-07-08 03:10:21,0006B3BF04,K104
2014-07-08 03:15:38,0006B38CB1,K92
2014-07-08 03:17:13,00068E377E,K104
2014-07-08 03:22:32,00064407F9,K104
2014-07-08 03:22:51,0006B352AD,K104
2014-07-08 03:23:46,0006E239ED,K104
2014-07-08 03:25:35,0006B29E17,K104
2014-07-08 03:26:21,0006B34FE4,K104
2014-07-08 03:29:08,00060F6D0D,K104
2014-07-08 03:29:35,00061D3F49,K104
2014-07-08 03:29:47,0006B3AA57,K104
2014-07-08 03:30:18,0006CC2C18,K104
2014-07-08 03:30:46,0006B3AC35,K104
2014-07-08 03:34:13,0006B34FE4,K104
2014-07-08 03:35:53,00060F6D0D,K104
2014-07-08 03:36:55,0006CC3CA1,K104
2014-07-08 03:41:26,0006CC24E9,K104
2014-07-08 03:43:19,0006B29E17,K104
2014-07-08 03:44:23,0006B3B75C,K104
2014-07-08 03:45:05,0006E24ECA,K104
2014-07-08 03:51:43,0006E239ED,K104
2014-07-08 03:52:36,0006B38BBC,K92
2014-07-08 03:57:03,0006B3BF04,K104
2014-07-08 04:03:19,0006B352AD,K104
2014-07-08 04:05:34,0006B38CB1,K92
2014-07-08 04:13:11,0006E239ED,K104
2014-07-08 04:36:44,0006B35672,K104
2014-07-08 04:38:40,0006B3A701,K92
2014-07-08 04:40:58,0006E24ECA,K104
2014-07-08 04:41:01,0006E25108,K104
2014-07-08 04:41:02,0006E239ED,K104
2014-07-08 04:41:12,0006B351BD,K92
2014-07-08 04:41:17,0006B38CB1,K92
2014-07-08 04:41:19,0006E22F8C,K92
2014-07-08 04:42:24,0006B29E17,K104
2014-07-08 04:42:31,0006B364E7,K92
2014-07-08 04:43:51,0006B34FE4,K104
2014-07-08 04:44:46,0006CC24E9,K104
2014-07-08 04:48:21,0006CC3CA1,K104
2014-07-08 04:49:08,0006E241C1,K104
2014-07-08 04:52:20,000697B587,K104
2014-07-08 04:52:54,0006B34FE4,K104
2014-07-08 05:02:40,0006B3AA57,K104
2014-07-08 05:12:21,0006B364E7,K92
2014-07-08 05:13:08,0006E22F8C,K92
2014-07-08 05:14:29,0006E24ECA,K104
2014-07-08 05:16:33,0006CC24E9,K104
2014-07-08 05:19:23,0006B3A701,K92
2014-07-08 05:23:06,0006B38CB1,K92
2014-07-08 05:23:34,0006CC3CA1,K104
2014-07-08 05:24:42,0006B351BD,K92
2014-07-08 05:25:04,0006E239ED,K104
2014-07-08 05:25:10,0006B29E17,K104
2014-07-08 05:29:21,00060F6D0D,K104
2014-07-08 05:30:49,0006E241C1,K104
2014-07-08 05:34:53,0006E1EF37,K92
2014-07-08 05:50:55,0006E25108,K104
2014-07-08 22:27:56,0006B3B75C,K104
2014-07-08 22:36:39,0006E22F8C,K92
2014-07-08 22:37:43,0006B38CB1,K92
2014-07-08 22:45:43,0006B3B75C,K104
2014-07-08 22:50:41,0006E241C1,K104
2014-07-08 22:53:08,0006E24ECA,K104
2014-07-08 22:54:36,0006B29E17,K104
2014-07-08 22:55:00,0006B3B75C,K104
2014-07-08 22:57:40,0006B3AA57,K104
2014-07-08 23:06:24,00068E1731,K104
2014-07-08 23:12:38,0006B3BF04,K104
2014-07-08 23:19:14,00068E0D1B,K104
2014-07-08 23:23:12,0006B3A701,K92
2014-07-08 23:25:16,0006B364E7,K92
2014-07-08 23:30:46,0006CC3D98,K104
2014-07-08 23:32:34,0006B3BF04,K104
2014-07-08 23:34:00,0006B352AD,K104
2014-07-08 23:41:30,0006B351BD,K92
2014-07-09 23:13:44,0006B38CB1,K9
2014-07-09 23:35:41,0006B3A701,K9
2014-07-09 23:37:52,0006B3AA57,K104
2014-07-09 23:39:05,0006E1EF37,K9
2014-07-10 00:09:58,0006B364E7,K9
2014-07-10 00:12:51,0006B38CB1,K9
2014-07-10 00:25:46,0006B3A701,K9
2014-07-10 00:58:22,0006E22F8C,K9
2014-07-10 01:30:57,0006E1EF37,K9
2014-07-10 21:07:14,00060F6D0D,K104
2014-07-10 21:09:52,0006E239ED,K104
2014-07-10 21:19:34,00061D3F49,K104
2014-07-10 21:21:00,0001F7D726,K104
2014-07-10 21:23:47,0006B3A701,K9
2014-07-10 21:25:42,0006B3BF04,K104
2014-07-10 21:31:47,0006CC24E9,K104
2014-07-10 21:43:02,0006B34FE4,K104
2014-07-10 21:44:52,0006E25108,K104
2014-07-10 21:46:39,0006E1EF37,K9
2014-07-10 21:47:33,000697B587,K104
2014-07-10 21:50:23,0006B364E7,K9
2014-07-10 21:57:43,0006B351BD,K9
2014-07-10 22:03:06,0006B351BD,K9
2014-07-10 22:03:50,0006CC24E9,K104
2014-07-10 22:04:51,0006B3AA57,K104
2014-07-10 22:09:35,0006B38CB1,K9
2014-07-10 22:11:41,0006B351BD,K9
2014-07-10 22:18:23,0006CC24E9,K104
2014-07-10 22:22:37,0006E24C7B,K104
2014-07-10 22:24:24,0006B29E17,K104
2014-07-10 22:26:02,00068E0D1B,K104
2014-07-10 22:33:56,0006B352AD,K104
2014-07-10 22:34:40,0006B3BF04,K104
2014-07-10 22:37:12,0006E24C7B,K104
2014-07-10 22:38:27,0006B34FE4,K104
2014-07-10 22:40:43,00068E1731,K104
2014-07-10 22:43:30,00068E377E,K104
2014-07-10 22:46:21,0006B352AD,K104
2014-07-10 22:53:03,0006CC3CA1,K104
2014-07-10 22:53:32,0006B3BF04,K104
2014-07-10 22:54:16,0006CC3D98,K104
2014-07-10 22:56:03,00060F6D0D,K104
2014-07-10 22:57:12,0006B3A701,K9
2014-07-10 22:58:19,0006E24ECA,K104
2014-07-10 23:02:13,0006B3A701,K9
2014-07-10 23:03:57,0006B3B75C,K104
2014-07-10 23:07:19,0006CC3D98,K104
2014-07-10 23:09:30,00060F6D0D,K104
2014-07-10 23:10:15,0006E239ED,K104
2014-07-10 23:19:05,00068E377E,K104
2014-07-10 23:20:33,0006B38CB1,K9
2014-07-10 23:20:34,0006E22F8C,K9
2014-07-10 23:28:17,0006B352AD,K104
2014-07-10 23:31:40,0006B38CB1,K9
2014-07-10 23:31:47,0006CC24E9,K104
2014-07-10 23:32:46,0006B351BD,K9
2014-07-10 23:34:25,0006B38BBC,K9
2014-07-10 23:40:23,0006E25108,K104
2014-07-10 23:42:21,0006B34FE4,K104
2014-07-10 23:42:40,0006B351BD,K9
2014-07-10 23:42:45,0006B38BBC,K9
2014-07-10 23:43:24,00068E0D1B,K104
2014-07-10 23:45:04,0006B29E17,K104
2014-07-10 23:49:05,0006E22F8C,K9
2014-07-10 23:49:09,000697B587,K104
2014-07-10 23:50:13,0006B38CB1,K9
2014-07-10 23:54:11,0006B352AD,K104
2014-07-10 23:55:46,0006E1EF37,K9
2014-07-10 23:57:30,0006B3AC35,K104
2014-07-10 23:58:04,0001F7D726,K104
2014-07-10 23:58:18,0006B364E7,K9
2014-07-11 00:05:03,0006B29E17,K104
2014-07-11 00:09:50,0006B3AC35,K104
2014-07-11 00:14:07,0006CC24E9,K104
2014-07-11 00:14:15,0006E241C1,K104
2014-07-11 00:15:42,0006B35672,K104
2014-07-11 00:19:05,0006B3BF04,K104
2014-07-11 00:26:04,0006B3AA57,K104
2014-07-11 00:27:29,0006B364E7,K9
2014-07-11 00:28:33,0006E241C1,K104
2014-07-11 00:29:14,0006CC24E9,K104
2014-07-11 00:34:17,0006CC3D98,K104
2014-07-11 00:34:33,0006CC3CA1,K104
2014-07-11 00:34:34,0006B364E7,K9
2014-07-11 00:36:30,0006E24ECA,K104
2014-07-11 00:52:27,0006E239ED,K104
2014-07-11 00:54:26,0006B3AC35,K104
2014-07-11 00:54:33,0006B351BD,K9
2014-07-11 00:54:43,0006E24C7B,K104
2014-07-11 00:56:35,0006CC3D98,K104
2014-07-11 00:59:34,0006B3B75C,K104
2014-07-11 01:00:14,000697B587,K104
2014-07-11 01:09:15,0006B3AC35,K104
2014-07-11 01:09:47,0006B352AD,K104
2014-07-11 01:10:16,0006E24C7B,K104
2014-07-11 01:16:55,0006CC3CA1,K104
2014-07-11 01:25:26,00060F6D0D,K104
2014-07-11 01:29:46,0006B29E17,K104
2014-07-11 01:30:33,00068E377E,K104
2014-07-11 01:35:52,0006CC24E9,K104
2014-07-11 01:46:45,00068E0D1B,K104
2014-07-11 01:54:46,0006CC24E9,K104
2014-07-11 02:00:22,0006E241C1,K104
2014-07-11 02:12:24,0006B38CB1,K9
2014-07-11 02:13:06,0006CC3D98,K104
2014-07-11 02:15:53,0006B34FE4,K104
2014-07-11 02:16:26,0006E24ECA,K104
2014-07-11 02:19:59,000697B587,K104
2014-07-11 02:30:47,0006B34FE4,K104
2014-07-11 02:31:18,0006CC3D98,K104
2014-07-11 02:33:50,0006E24C7B,K104
2014-07-11 02:43:08,0006B38CB1,K9
2014-07-11 02:45:18,0006CC24E9,K104
2014-07-11 02:47:20,0006E25108,K104
2014-07-11 02:57:12,00060F6D0D,K104
2014-07-11 03:03:07,0006E24C7B,K104
2014-07-11 03:08:19,0006B3AC35,K104
2014-07-11 03:08:28,0006E25108,K104
2014-07-11 03:16:50,0006E239ED,K104
2014-07-11 03:18:48,0006B3B75C,K104
2014-07-11 03:24:30,0006CC3CA1,K104
2014-07-11 03:26:06,0006B3AC35,K104
2014-07-11 03:26:45,00068E377E,K104
2014-07-11 03:27:03,000697B587,K104
2014-07-11 03:29:13,0006B3AA57,K104
2014-07-11 03:30:23,0006E239ED,K104
2014-07-11 03:31:05,0006B352AD,K104
2014-07-11 03:31:46,00068E1731,K104
2014-07-11 03:42:06,0006E24ECA,K104
2014-07-11 03:45:20,00061D3F49,K104
2014-07-11 03:49:54,00068E0D1B,K104
2014-07-11 03:52:03,00064407F9,K104
2014-07-11 04:02:17,0006E24ECA,K104
2014-07-11 04:19:42,0006B34FE4,K104
2014-07-11 04:29:54,0006B34FE4,K104
2014-07-11 04:33:39,000697B587,K104
2014-07-11 04:41:27,00061D3F49,K104
2014-07-11 05:12:07,0006B352AD,K104
2014-07-11 05:12:50,0006E239ED,K104
2014-07-11 05:15:47,0006B29E17,K104
2014-07-11 05:16:45,0006CC24E9,K104
2014-07-11 05:17:15,0006CC3D98,K104
2014-07-11 05:18:02,00060F6D0D,K104
2014-07-11 05:18:14,0006E24C7B,K104
2014-07-11 05:19:27,0006CC3CA1,K104
2014-07-11 05:19:32,0006B3AC35,K104
2014-07-11 05:21:53,0006B3BF04,K104
2014-07-11 05:24:52,0006E241C1,K104
2014-07-11 05:26:14,0006B34FE4,K104
2014-07-11 05:34:12,0006E25108,K104
2014-07-11 21:35:46,0006CC2C18,K104
2014-07-11 21:36:00,0006B34FE4,K104
2014-07-11 21:36:33,0006B35672,K104
2014-07-11 21:37:27,0006B352AD,K104
2014-07-11 21:38:07,00061D3F49,K104
2014-07-11 21:39:50,0006B3BF04,K104
2014-07-11 21:40:29,0006E25108,K104
2014-07-11 21:41:15,0006B3B75C,K104
2014-07-11 21:42:13,0006CC3CA1,K104
2014-07-11 21:42:19,0006B3AC35,K104
2014-07-11 21:42:29,0006E24ECA,K104
2014-07-11 21:42:40,000697B587,K104
2014-07-11 21:44:16,0006E239ED,K104
2014-07-11 21:44:25,0006B3AA57,K104
2014-07-11 21:45:41,0006CC3D98,K104
2014-07-11 21:50:06,0006B29E17,K104
2014-07-11 21:50:22,00060F6D0D,K104
2014-07-11 21:50:57,00068E0D1B,K104
2014-07-11 21:51:32,00068E377E,K104
2014-07-11 21:56:42,0006CC24E9,K104
2014-07-11 23:27:20,0006B34FE4,K104
2014-07-11 23:29:28,0006B3BF04,K104
2014-07-11 23:29:32,0006CC3D98,K104
2014-07-11 23:30:01,00061D3F49,K104
2014-07-11 23:31:01,0006B352AD,K104
2014-07-11 23:33:54,0006B34FE4,K104
2014-07-11 23:34:47,0006E239ED,K104
2014-07-11 23:35:07,0006B3BF04,K104
2014-07-11 23:37:32,0006B352AD,K104
2014-07-11 23:37:35,0006CC3D98,K104
2014-07-11 23:38:34,0006E25108,K104
2014-07-11 23:44:31,0006E239ED,K104
2014-07-11 23:45:32,00068E0D1B,K104
2014-07-11 23:46:42,0006E24C7B,K104
2014-07-11 23:51:39,0006CC3CA1,K104
2014-07-11 23:52:05,0006E24C7B,K104
2014-07-12 00:00:09,0006CC24E9,K104
2014-07-12 00:03:14,0006B3B75C,K104
2014-07-12 00:09:47,0006B35672,K104
2014-07-12 00:13:16,000697B587,K104
2014-07-12 00:14:50,0006B29E17,K104
2014-07-12 00:21:30,0006CC24E9,K104
2014-07-12 00:25:04,0006B3AC35,K104
2014-07-12 00:27:01,0006B29E17,K104
2014-07-12 00:29:07,0006E24C7B,K104
2014-07-12 00:29:30,000697B587,K104
2014-07-12 00:30:12,0006B352AD,K104
2014-07-12 00:31:21,0006B3AC35,K104
2014-07-12 00:33:09,0006E239ED,K104
2014-07-12 00:33:49,00060F6D0D,K104
2014-07-12 00:36:46,0006E24C7B,K104
2014-07-12 00:42:13,00068E377E,K104
2014-07-12 00:45:17,00060F6D0D,K104
2014-07-12 00:47:41,0006B3AA57,K104
2014-07-12 00:50:00,0006E239ED,K104
2014-07-12 00:52:01,00068E377E,K104
2014-07-12 00:53:38,0006CC3D98,K104
2014-07-12 00:54:05,0006B3BF04,K104
2014-07-12 00:55:22,00060F6D0D,K104
2014-07-12 01:06:46,0006B3BF04,K104
2014-07-12 01:09:03,00061D3F49,K104
2014-07-12 01:13:33,0006B3BF04,K104
2014-07-12 01:13:51,0006B34FE4,K104
2014-07-12 01:15:53,0006CC3D98,K104
2014-07-12 01:22:31,0006CC24E9,K104
2014-07-12 01:22:53,0006B34FE4,K104
2014-07-12 01:24:58,0006B352AD,K104
2014-07-12 01:29:26,00060F6D0D,K104
2014-07-12 01:29:43,0006CC3CA1,K104
2014-07-12 01:32:02,00068E0D1B,K104
2014-07-12 01:47:25,0006E24C7B,K104
2014-07-12 01:47:36,0006B29E17,K104
2014-07-12 01:47:41,00060F6D0D,K104
2014-07-12 01:49:01,0006B3AC35,K104
2014-07-12 01:52:41,0006B352AD,K104
2014-07-12 01:53:39,0006E24ECA,K104
2014-07-12 01:55:24,0006E24C7B,K104
2014-07-12 01:56:55,0006B3BF04,K104
2014-07-12 02:00:55,0006B3B75C,K104
2014-07-12 02:03:00,00068E377E,K104
2014-07-12 02:06:37,0006B3BF04,K104
2014-07-12 02:08:18,0006B3B75C,K104
2014-07-12 02:13:25,0006B3B75C,K104
2014-07-12 02:15:57,0006B3BF04,K104
2014-07-12 02:19:57,0006CC3D98,K104
2014-07-12 02:20:42,0006B3B75C,K104
2014-07-12 02:27:23,0006B3AC35,K104
2014-07-12 02:27:33,0006CC3D98,K104
2014-07-12 02:34:19,0006CC3D98,K104
2014-07-12 02:36:18,0006B3AC35,K104
2014-07-12 02:36:28,0006CC3CA1,K104
2014-07-12 02:38:43,0006E239ED,K104
2014-07-12 02:39:48,000697B587,K104
2014-07-12 02:42:31,0006CC3D98,K104
2014-07-12 02:44:50,0006CC24E9,K104
2014-07-12 02:46:11,0006E24C7B,K104
2014-07-12 02:49:37,00060F6D0D,K104
2014-07-12 02:51:25,000697B587,K104
2014-07-12 02:53:45,0006B35672,K104
2014-07-12 02:54:03,0006CC24E9,K104
2014-07-12 02:56:06,0006E24C7B,K104
2014-07-12 02:56:21,00060F6D0D,K104
2014-07-12 02:57:09,00068E1731,K104
2014-07-12 02:59:03,0006B35672,K104
2014-07-12 02:59:48,0006CC24E9,K104
2014-07-12 03:04:23,0006B29E17,K104
2014-07-12 03:04:49,0006CC24E9,K104
2014-07-12 03:09:37,0006CC3CA1,K104
2014-07-12 03:13:56,0006E24C7B,K104
2014-07-12 03:27:47,0006B3AA57,K104
2014-07-12 03:42:45,0006E25108,K104
2014-07-12 21:41:44,0006B34FE4,K45
2014-07-12 21:42:48,0006B3AC35,K45
2014-07-12 21:45:05,0006B35672,K45
2014-07-12 21:45:46,00068E0D1B,K45
2014-07-12 21:45:52,000697B587,K45
2014-07-12 21:46:45,0006E24C7B,K45
2014-07-12 21:49:09,0006CC2C18,K45
2014-07-12 21:51:06,00061D3F49,K45
2014-07-12 21:51:12,0006E25108,K45
2014-07-12 21:51:34,00064407F9,K45
2014-07-12 21:53:32,0006B3BF04,K45
2014-07-12 21:54:00,0006CC3D98,K45
2014-07-12 21:54:01,0006CC3CA1,K45
2014-07-12 21:55:18,0006B3AA57,K45
2014-07-12 21:55:59,0006E241C1,K45
2014-07-12 21:56:23,0006B3B75C,K45
2014-07-12 21:56:42,0006E24ECA,K45
2014-07-12 21:56:51,0006E239ED,K45
2014-07-12 21:56:54,00068E377E,K45
2014-07-12 21:58:04,0006CC24E9,K45
2014-07-12 21:58:25,0006B29E17,K45
2014-07-12 21:59:22,0006B352AD,K45
2014-07-12 21:59:27,00060F6D0D,K45
2014-07-12 23:04:32,0006B352AD,K45
2014-07-12 23:21:51,00068E0D1B,K45
2014-07-12 23:31:23,0006B352AD,K45
2014-07-12 23:40:33,0006E24C7B,K45
2014-07-12 23:58:31,00064407F9,K45
2014-07-12 23:59:03,0006B3BF04,K45
2014-07-13 00:23:59,000697B587,K45
2014-07-13 00:24:17,0006B3BF04,K45
2014-07-13 00:33:45,0006B29E17,K45
2014-07-13 01:00:05,0006E24C7B,K45
2014-07-13 01:02:04,0006B3BF04,K45
2014-07-13 01:03:40,00068E0D1B,K45
2014-07-13 01:09:06,0006E24C7B,K45
2014-07-13 01:27:01,0006B3BF04,K45
2014-07-13 01:31:00,0006B3AA57,K45
2014-07-13 01:41:06,00064407F9,K45
2014-07-13 01:46:57,0006E24C7B,K45
2014-07-13 01:49:43,0001F7D726,K45
2014-07-13 01:50:37,0006B35672,K45
2014-07-13 01:51:04,0006E239ED,K45
2014-07-13 01:51:57,00060F6D0D,K45
2014-07-13 01:57:05,0006E24C7B,K45
2014-07-13 01:59:41,0006E239ED,K45
2014-07-13 02:05:34,0006E239ED,K45
2014-07-13 02:07:08,0006CC24E9,K45
2014-07-13 02:16:12,000697B587,K45
2014-07-13 02:16:15,0006B3AC35,K45
2014-07-13 02:22:06,0006B29E17,K45
2014-07-13 02:24:32,0006E239ED,K45
2014-07-13 02:29:37,00060F6D0D,K45
2014-07-13 02:35:06,000697B587,K45
2014-07-13 02:43:16,00060F6D0D,K45
2014-07-13 02:44:30,0006CC24E9,K45
2014-07-13 02:46:20,00064407F9,K45
2014-07-13 02:59:42,00064407F9,K45
2014-07-13 03:03:19,0006CC24E9,K45
2014-07-13 03:05:07,00061D3F49,K45
2014-07-13 03:15:15,0006CC3D98,K45
2014-07-13 03:21:09,0006B352AD,K45
2014-07-13 03:24:53,00064407F9,K45
2014-07-13 03:30:10,0006CC24E9,K45
2014-07-13 03:30:14,0006B29E17,K45
2014-07-13 03:30:43,0006B35672,K45
2014-07-13 03:30:44,00064407F9,K45
2014-07-13 03:32:15,0001F7D726,K45
2014-07-13 03:32:50,0006B3AC35,K45
2014-07-13 03:41:29,0006B35672,K45
2014-07-13 03:47:14,0006CC24E9,K45
2014-07-13 03:47:40,00068E0D1B,K45
2014-07-13 03:55:43,0006CC3CA1,K45
2014-07-13 03:58:21,0006CC3D98,K45
2014-07-13 03:58:51,0006B35672,K45
2014-07-13 04:01:11,00068E0D1B,K45
2014-07-13 04:14:19,0006CC24E9,K45
2014-07-13 04:23:53,00061D3F49,K45
2014-07-13 04:23:55,0006B29E17,K45
2014-07-13 05:26:34,0006E241C1,K45
2014-07-13 21:38:21,0006B34FE4,K91
2014-07-13 21:40:44,00068E0D1B,K91
2014-07-13 21:41:21,0006B35672,K91
2014-07-13 21:43:13,0006B352AD,K91
2014-07-13 21:43:39,0006E24C7B,K91
2014-07-13 21:43:53,0006B3BF04,K91
2014-07-13 21:44:58,000697B587,K91
2014-07-13 21:45:13,0006E25108,K91
2014-07-13 21:51:21,0006CC3CA1,K45
2014-07-13 21:53:52,0006E24ECA,K91
2014-07-13 21:54:49,0006B29E17,K91
2014-07-13 21:54:51,00068E1731,K91
2014-07-13 21:57:53,0006B3AA57,K91
2014-07-13 21:58:17,0006CC2C18,K91
2014-07-13 21:58:50,00060F6D0D,K91
2014-07-13 21:59:08,0006CC24E9,K91
2014-07-13 22:04:07,00061D3F49,K91
2014-07-13 22:06:01,0001F7D726,K91
2014-07-13 22:06:07,0006B3B75C,K91
2014-07-13 22:06:10,00068E377E,K91
2014-07-13 22:09:15,0006CC3D98,K91
2014-07-13 22:16:17,0006B3AC35,K91
2014-07-13 22:20:29,0006CC3D98,K45
2014-07-13 22:27:06,0006B35672,K45
2014-07-13 22:39:43,0006CC24E9,K45
2014-07-13 22:46:18,0006CC24E9,K45
2014-07-13 23:04:21,0006E24C7B,K91
2014-07-13 23:04:27,00060F6D0D,K91
2014-07-13 23:05:21,0006B352AD,K91
2014-07-13 23:13:20,0006E24C7B,K91
2014-07-13 23:14:41,0006B3BF04,K91
2014-07-13 23:15:12,00064407F9,K91
2014-07-13 23:16:54,0006CC3CA1,K91
2014-07-13 23:19:57,00060F6D0D,K91
2014-07-13 23:25:21,0006B3BF04,K91
2014-07-13 23:27:16,00068E377E,K91
2014-07-13 23:27:57,00068E0D1B,K91
2014-07-13 23:33:21,0006B29E17,K45
2014-07-13 23:33:41,0006CC3D98,K45
2014-07-13 23:35:17,0006CC3CA1,K45
2014-07-13 23:36:11,0006CC24E9,K45
2014-07-13 23:41:32,0006CC24E9,K45
2014-07-13 23:49:01,00064407F9,K91
2014-07-13 23:51:11,0006B35672,K45
2014-07-13 23:53:34,0006B3AA57,K91
2014-07-13 23:54:34,0001F7D726,K45
2014-07-13 23:54:44,0006E25108,K91
2014-07-13 23:55:56,0006B34FE4,K91
2014-07-13 23:56:48,0006E239ED,K91
2014-07-14 00:02:58,0006B3AC35,K91
2014-07-14 00:03:05,0006CC3CA1,K91
2014-07-14 00:03:45,0006B3AA57,K91
2014-07-14 00:04:12,0006CC24E9,K45
2014-07-14 00:04:51,00064407F9,K91
2014-07-14 00:07:26,00060F6D0D,K91
2014-07-14 00:09:03,0006E24C7B,K91
2014-07-14 00:09:15,0006E239ED,K91
2014-07-14 00:09:52,0006B3BF04,K91
2014-07-14 00:11:58,0006E25108,K91
2014-07-14 00:12:52,0006CC2C18,K91
2014-07-14 00:15:29,0006E24C7B,K91
2014-07-14 00:17:12,0006B352AD,K91
2014-07-14 00:19:57,0006B3BF04,K91
2014-07-14 00:20:51,0006CC3CA1,K45
2014-07-14 00:22:11,0006B3AC35,K91
2014-07-14 00:23:18,000697B587,K91
2014-07-14 00:24:45,0006CC24E9,K91
2014-07-14 00:25:34,0006B3B75C,K91
2014-07-14 00:32:14,0006E24ECA,K91
2014-07-14 00:42:01,0006CC3CA1,K91
2014-07-14 00:42:44,0006B3BF04,K91
2014-07-14 00:44:56,0006B35672,K91
2014-07-14 00:46:06,0006E25108,K91
2014-07-14 00:55:18,00068E1731,K91
2014-07-14 00:55:27,00068E377E,K91
2014-07-14 00:56:04,0006B3BF04,K91
2014-07-14 01:01:04,0006CC3D98,K45
2014-07-14 01:02:26,00068E0D1B,K91
2014-07-14 01:02:50,0006E25108,K91
2014-07-14 01:05:25,0006B29E17,K45
2014-07-14 01:06:08,0006E24C7B,K91
2014-07-14 01:11:52,0006B35672,K91
2014-07-14 01:13:27,0006B29E17,K91
2014-07-14 01:16:56,0006E24C7B,K91
2014-07-14 01:18:00,00060F6D0D,K91
2014-07-14 01:24:21,0006B3AA57,K91
2014-07-14 01:26:37,0006B34FE4,K91
2014-07-14 01:31:08,0006B3AA57,K91
2014-07-14 01:31:30,00060F6D0D,K91
2014-07-14 01:37:26,00061D3F49,K91
2014-07-14 01:38:39,00060F6D0D,K91
2014-07-14 01:39:00,0006E239ED,K91
2014-07-14 01:39:14,0006CC2C18,K91
2014-07-14 01:39:23,0006B352AD,K91
2014-07-14 01:50:17,0006E239ED,K91
2014-07-14 02:05:26,0006CC2C18,K91
2014-07-14 02:08:55,00060F6D0D,K91
2014-07-14 02:09:33,0006E24C7B,K91
2014-07-14 02:10:35,00068E0D1B,K91
2014-07-14 02:11:47,00064407F9,K91
2014-07-14 02:14:46,00060F6D0D,K91
2014-07-14 02:15:12,0006E24ECA,K91
2014-07-14 02:21:11,0006E24C7B,K91
2014-07-14 02:22:45,0006CC24E9,K91
2014-07-14 02:22:55,0006E241C1,K91
2014-07-14 02:23:10,00061D3F49,K91
2014-07-14 02:25:01,0006CC3CA1,K91
2014-07-14 02:27:14,0006B3B75C,K91
2014-07-14 02:27:18,0006E24C7B,K91
2014-07-14 02:29:57,00068E377E,K91
2014-07-14 02:31:28,0006B3BF04,K91
2014-07-14 02:32:07,00061D3F49,K91
2014-07-14 02:32:43,0006B35672,K91
2014-07-14 02:39:57,00061D3F49,K91
2014-07-14 02:42:15,00064407F9,K91
2014-07-14 02:48:58,0006E25108,K91
2014-07-14 02:49:17,0006B3BF04,K91
2014-07-14 02:50:26,00068E1731,K91
2014-07-14 02:52:29,0006B3AC35,K91
2014-07-14 02:53:32,0006CC3CA1,K91
2014-07-14 02:56:30,00064407F9,K91
2014-07-14 03:02:33,0006E25108,K91
2014-07-14 03:03:43,0006CC3CA1,K91
2014-07-14 03:11:44,0006B3BF04,K91
2014-07-14 03:12:31,0006E25108,K91
2014-07-14 03:15:06,0006B29E17,K91
2014-07-14 03:21:02,0006E25108,K91
2014-07-14 03:22:03,0006B3BF04,K91
2014-07-14 03:22:23,0006B34FE4,K91
2014-07-14 03:27:05,0006E24ECA,K91
2014-07-14 03:28:17,0006E25108,K91
2014-07-14 03:30:27,0006B29E17,K91
2014-07-14 03:36:23,0006B29E17,K91
2014-07-14 03:37:31,0006E25108,K91
2014-07-14 03:42:33,0006E25108,K91
2014-07-14 03:43:23,00068E0D1B,K91
2014-07-14 03:44:40,0006B3AA57,K91
2014-07-14 03:49:25,0006E25108,K91
2014-07-14 03:51:13,0006B3AA57,K91
2014-07-14 03:57:22,0006B3BF04,K91
2014-07-14 04:08:00,0006B34FE4,K91
2014-07-14 04:10:11,0006B3BF04,K91
2014-07-14 04:15:53,0006B3BF04,K91
2014-07-14 04:16:01,0006B34FE4,K91
2014-07-14 04:22:02,0006B34FE4,K91
2014-07-14 04:23:06,0006B3BF04,K91
2014-07-14 04:26:58,0006B3AC35,K91
2014-07-14 05:24:32,0006E24ECA,K91
2014-07-15 21:56:11,0006B3A701,K19
2014-07-15 21:57:13,0006E1EF37,K19
2014-07-15 21:57:49,0006B351BD,K19
2014-07-15 21:58:09,0006E22F8C,K19
2014-07-15 22:03:22,0006B38BBC,K19
2014-07-15 22:06:21,0006B38CB1,K19
2014-07-15 22:10:11,0006B364E7,K19
2014-07-16 02:02:57,0006B3A701,K19
2014-07-16 02:17:02,0006B3A701,K19
2014-07-16 02:52:53,0006B364E7,K19
2014-07-16 04:31:09,0006B364E7,K19
2014-07-16 04:31:29,0006B38CB1,K19
2014-07-16 04:41:06,0006B364E7,K19
2014-07-16 04:51:01,0006B3A701,K19
2014-07-16 04:57:22,0006B351BD,K19
2014-07-16 05:17:22,0006E1EF37,K19
2014-07-16 05:20:35,0006B364E7,K19
2014-07-16 05:25:19,0006B3A701,K19
2014-07-16 05:26:52,0006B38CB1,K19
2014-07-16 05:32:18,0006B3A701,K19
2014-07-16 21:55:31,0006B38BBC,K19
2014-07-16 21:56:07,0006E22F8C,K19
2014-07-16 21:57:09,0006B351BD,K19
2014-07-16 21:58:41,0006B3A701,K19
2014-07-16 22:00:23,0006E1EF37,K19
2014-07-16 22:00:59,0006B38CB1,K19
2014-07-16 22:03:36,0006B364E7,K19
2014-07-17 03:21:10,0006B364E7,K19
2014-07-17 03:34:02,0006B364E7,K19
2014-07-17 04:29:58,0006B3A701,K19
2014-07-17 04:55:06,0006B351BD,K19
2014-07-17 04:55:45,0006B38CB1,K19
2014-07-17 05:03:36,0006E24ECA,K19
2014-07-17 05:16:06,0006B364E7,K19
2014-07-17 05:16:43,0006E1EF37,K19
2014-07-17 05:19:39,0006E22F8C,K19
2014-07-17 05:24:40,0006B38CB1,K19
2014-07-17 05:29:14,0006B3A701,K19
2014-07-17 21:47:37,0001F7D726,K31
2014-07-17 21:50:24,00061D3F49,K31
2014-07-17 21:50:34,0006CC2C18,K31
2014-07-17 21:51:57,0006E22F8C,K19
2014-07-17 21:52:46,0006B3AC35,K31
2014-07-17 21:54:35,00068E0D1B,K18
2014-07-17 21:55:51,0006B3AA57,K18
2014-07-17 21:55:57,0006B3A701,K19
2014-07-17 21:57:26,0006B38BBC,K19
2014-07-17 21:58:41,000697B587,K18
2014-07-17 22:00:08,0006E1EF37,K19
2014-07-17 22:04:30,0006B38CB1,K19
2014-07-17 22:04:36,0006B364E7,K19
2014-07-17 22:18:05,0001F7D726,K31
2014-07-17 22:21:15,0006B3AA57,K31
2014-07-17 22:26:56,0001F7D726,K31
2014-07-17 22:31:55,0006B3AA57,K18
2014-07-17 22:39:33,0006B3AA57,K18
2014-07-17 22:45:43,0006B3AA57,K18
2014-07-17 22:52:39,00061D3F49,K31
2014-07-17 22:56:38,0006B3AA57,K18
2014-07-17 23:07:43,0006B3AA57,K18
2014-07-17 23:10:28,0006B352AD,K18
2014-07-17 23:12:19,0006CC3D98,K18
2014-07-17 23:12:45,0006B3AA57,K18
2014-07-17 23:21:50,0006CC3D98,K18
2014-07-17 23:33:25,0006CC3D98,K18
2014-07-18 01:38:28,0006E24C7B,K18
2014-07-18 02:22:10,0006CC3D98,K18
2014-07-18 02:24:25,00068E1731,K18
2014-07-18 03:22:09,00061D3F49,K18
2014-07-18 04:03:48,0006B3AC35,K18
2014-07-18 04:05:55,0006B29E17,K18
2014-07-18 04:09:37,0006B35672,K18
2014-07-18 04:15:36,0006B29E17,K18
2014-07-18 04:19:37,0006B364E7,K19
2014-07-18 04:20:14,0006B34FE4,K18
2014-07-18 04:21:18,0006B3A701,K19
2014-07-18 04:28:23,0006CC3D98,K18
2014-07-18 04:29:36,0006B364E7,K19
2014-07-18 04:29:57,0006B3A701,K19
2014-07-18 05:19:21,0006CC3D98,K18
2014-07-18 05:22:16,0006E241C1,K18
2014-07-18 05:27:59,0006B364E7,K19
2014-07-18 05:28:11,0006E1EF37,K19
2014-07-18 05:28:29,0006B38CB1,K19
2014-07-18 05:37:38,0006B3A701,K19
2014-07-18 15:18:48,0006E239ED,K33
2014-07-18 20:34:41,0006E24C7B,K33
2014-07-18 21:39:35,0006B3BF04,K102
2014-07-18 21:39:44,0006B3A701,K19
2014-07-18 21:40:32,000697B587,K33
2014-07-18 21:43:36,0006E24C7B,K33
2014-07-18 21:43:40,0006E25108,K33
2014-07-18 21:44:30,00064407F9,K33
2014-07-18 21:44:45,0006B35672,K33
2014-07-18 21:45:04,0001F7D726,K33
2014-07-18 21:45:05,00068E0D1B,K33
2014-07-18 21:46:40,0006B29E17,K33
2014-07-18 21:46:44,0006B352AD,K33
2014-07-18 21:47:40,0006CC2C18,K33
2014-07-18 21:48:01,00068E377E,K33
2014-07-18 21:48:03,0006E239ED,K33
2014-07-18 21:50:15,0006B351BD,K19
2014-07-18 21:52:57,0006B3B75C,K33
2014-07-18 21:53:24,00068E1731,K33
2014-07-18 21:54:07,0006B38CB1,K19
2014-07-18 21:56:06,0006B3AA57,K33
2014-07-18 21:56:27,0006CC3CA1,K33
2014-07-18 21:59:07,00061D3F49,K33
2014-07-18 22:01:29,0006E1EF37,K19
2014-07-18 22:01:49,0006B364E7,K19
2014-07-18 22:11:02,0006CC24E9,K33
2014-07-18 22:13:20,0006B34FE4,K18
2014-07-18 22:19:02,0006CC3D98,K18
2014-07-18 23:02:39,0006B3BF04,K102
2014-07-18 23:08:19,0006B3BF04,K102
2014-07-18 23:18:06,0006B352AD,K33
2014-07-18 23:23:26,0006B352AD,K33
2014-07-18 23:44:54,0006CC3CA1,K33
2014-07-18 23:46:37,0001F7D726,K33
2014-07-18 23:52:57,0006CC3CA1,K33
2014-07-18 23:58:49,0006E239ED,K33
2014-07-19 00:03:11,0006B29E17,K33
2014-07-19 00:03:18,0001F7D726,K33
2014-07-19 00:04:44,00061D3F49,K33
2014-07-19 00:06:57,0006E24ECA,K33
2014-07-19 00:11:25,0006E239ED,K33
2014-07-19 00:11:58,0006B35672,K33
2014-07-19 00:17:56,0006B34FE4,K33
2014-07-19 00:29:25,00064407F9,K33
2014-07-19 00:29:50,00061D3F49,K33
2014-07-19 00:30:22,0006E24C7B,K33
2014-07-19 00:38:07,00060F6D0D,K33
2014-07-19 00:40:23,0006B3AA57,K33
2014-07-19 00:40:37,0006CC3CA1,K33
2014-07-19 00:43:58,00068E377E,K33
2014-07-19 00:47:30,0006B352AD,K33
2014-07-19 00:47:41,0006CC3CA1,K33
2014-07-19 00:48:13,00068E0D1B,K33
2014-07-19 00:52:35,0006B29E17,K33
2014-07-19 00:54:21,0006B35672,K33
2014-07-19 00:55:00,0006B352AD,K33
2014-07-19 00:56:25,00068E377E,K33
2014-07-19 01:09:21,00068E377E,K33
2014-07-19 01:15:03,0006B29E17,K33
2014-07-19 01:22:52,0006B29E17,K33
2014-07-19 01:33:57,0006B29E17,K33
2014-07-19 01:36:11,0006E24C7B,K33
2014-07-19 01:42:48,0006B352AD,K33
2014-07-19 01:44:25,0006E239ED,K33
2014-07-19 01:45:25,0006B29E17,K33
2014-07-19 01:46:42,0006E24C7B,K33
2014-07-19 01:47:20,0006B3B75C,K33
2014-07-19 01:51:08,0006B29E17,K33
2014-07-19 01:52:21,0006B3B75C,K33
2014-07-19 01:53:48,0006B352AD,K33
2014-07-19 01:55:10,0006CC2C18,K33
2014-07-19 01:55:57,0006E25108,K33
2014-07-19 01:57:08,0006CC3CA1,K33
2014-07-19 01:59:19,0006B35672,K33
2014-07-19 01:59:46,0001F7D726,K33
2014-07-19 02:00:30,0006B29E17,K33
2014-07-19 02:01:51,0006E25108,K33
2014-07-19 02:03:59,0006B3B75C,K33
2014-07-19 02:08:52,0006E25108,K33
2014-07-19 02:09:48,0006B29E17,K33
2014-07-19 02:10:25,0006CC3CA1,K33
2014-07-19 02:13:04,0006B3B75C,K33
2014-07-19 02:14:29,0006B34FE4,K33
2014-07-19 02:16:51,0006E24ECA,K33
2014-07-19 02:19:25,0006B352AD,K33
2014-07-19 02:21:10,0006B29E17,K33
2014-07-19 02:35:07,0006B352AD,K33
2014-07-19 02:35:34,00068E377E,K33
2014-07-19 02:36:36,0006CC3CA1,K33
2014-07-19 02:38:35,0006CC2C18,K33
2014-07-19 02:55:11,0006CC3CA1,K33
2014-07-19 03:00:43,0006CC3CA1,K33
2014-07-19 03:01:53,00060F6D0D,K33
2014-07-19 03:03:20,0006CC2C18,K33
2014-07-19 03:04:25,00068E0D1B,K33
2014-07-19 03:06:55,0006CC3CA1,K33
2014-07-19 03:11:21,00068E0D1B,K33
2014-07-19 03:11:27,0006B352AD,K33
2014-07-19 03:13:01,0006E24C7B,K33
2014-07-19 03:13:16,0006B29E17,K33
2014-07-19 03:22:21,0006E24C7B,K33
2014-07-19 03:24:44,0006B35672,K33
2014-07-19 03:26:25,0006B3B75C,K33
2014-07-19 03:27:41,0006B352AD,K33
2014-07-19 03:32:25,0006CC3CA1,K33
2014-07-19 03:34:51,0006B35672,K33
2014-07-19 03:35:09,00060F6D0D,K33
2014-07-19 03:35:27,0006B29E17,K33
2014-07-19 03:36:06,0006E25108,K33
2014-07-19 03:38:04,0001F7D726,K33
2014-07-19 03:40:02,0006CC3CA1,K33
2014-07-19 03:41:32,0006B29E17,K33
2014-07-19 03:44:03,0006B34FE4,K33
2014-07-19 03:44:40,00060F6D0D,K33
2014-07-19 03:47:47,000697B587,K33
2014-07-19 03:48:02,0006E25108,K33
2014-07-19 03:53:32,0006E25108,K33
2014-07-19 03:56:46,0006B3B75C,K33
2014-07-19 03:57:33,0006B29E17,K33
2014-07-19 04:01:53,00060F6D0D,K33
2014-07-19 04:02:22,0006CC3CA1,K33
2014-07-19 04:04:02,0006B29E17,K33
2014-07-19 04:06:03,0006CC2C18,K33
2014-07-19 04:10:37,0006CC3CA1,K33
2014-07-19 04:12:06,0006B364E7,K19
2014-07-19 04:13:51,0006B3AA57,K33
2014-07-19 04:15:24,00060F6D0D,K33
2014-07-19 04:18:08,0006CC3CA1,K33
2014-07-19 04:18:17,0006B29E17,K33
2014-07-19 04:19:00,0001F7D726,K33
2014-07-19 04:23:27,0006CC3CA1,K33
2014-07-19 04:24:13,00068E377E,K33
2014-07-19 04:32:29,0006CC3CA1,K33
2014-07-19 04:38:47,0006CC3CA1,K33
2014-07-19 04:39:13,0006CC2C18,K33
2014-07-19 04:47:00,0006CC3CA1,K33
2014-07-19 05:11:12,0006B352AD,K33
2014-07-19 05:16:15,0006B3B75C,K33
2014-07-19 05:19:24,0006B29E17,K33
2014-07-19 05:28:41,0006E241C1,K33
2014-07-19 05:29:04,0006B364E7,K19
2014-07-19 05:32:39,0006E25108,K33
2014-07-19 21:47:50,00060F6D0D,K33
2014-07-19 21:48:59,000697B587,K33
2014-07-19 21:49:17,0006E24C7B,K33
2014-07-19 21:49:27,0006E24ECA,K33
2014-07-19 21:50:18,0006CC2C18,K33
2014-07-19 21:50:20,0006E25108,K33
2014-07-19 21:50:51,00068E0D1B,K33
2014-07-19 21:51:26,0006B29E17,K33
2014-07-19 21:51:41,0006B364E7,K19
2014-07-19 21:52:00,0006B352AD,K33
2014-07-19 21:53:45,0006B3B75C,K33
2014-07-19 21:56:21,0006E241C1,K33
2014-07-19 23:41:11,0006B352AD,K33
2014-07-19 23:51:52,0006B352AD,K33
2014-07-20 00:23:54,0006B29E17,K33
2014-07-20 00:24:03,0006B352AD,K33
2014-07-20 00:27:50,0006E24C7B,K33
2014-07-20 00:27:57,0006CC2C18,K33
2014-07-20 00:28:31,0001F7D726,K33
2014-07-20 00:28:34,00060F6D0D,K33
2014-07-20 00:34:46,00060F6D0D,K33
2014-07-20 00:35:49,0006B352AD,K33
2014-07-20 00:38:05,0006CC3CA1,K33
2014-07-20 00:44:46,00060F6D0D,K33
2014-07-20 00:46:12,0006CC2C18,K33
2014-07-20 00:49:17,0006B29E17,K33
2014-07-20 00:49:35,0006B352AD,K33
2014-07-20 00:52:49,00060F6D0D,K33
2014-07-20 00:52:56,0001F7D726,K33
2014-07-20 21:33:42,0006B35672,K95
2014-07-20 21:41:27,00060F6D0D,K95
2014-07-20 21:41:36,0006B34FE4,K95
2014-07-20 21:41:51,0006E25108,K95
2014-07-20 21:42:28,0006E24C7B,K95
2014-07-20 21:42:42,0001F7D726,K95
2014-07-20 21:43:03,0006B352AD,K95
2014-07-20 21:43:05,0006B3AA57,K95
2014-07-20 21:44:07,000697B587,K95
2014-07-20 21:44:11,00068E0D1B,K95
2014-07-20 21:47:17,0006B3B75C,K95
2014-07-20 21:48:49,0006CC3D98,K95
2014-07-20 21:56:15,0006CC2C18,K95
2014-07-20 22:05:40,0006CC2C18,K95
2014-07-20 22:17:28,0006CC2C18,K95
2014-07-20 22:33:28,0006B352AD,K95
2014-07-20 22:43:25,0006B352AD,K95
2014-07-20 22:46:38,00060F6D0D,K95
2014-07-20 23:37:13,0006B34FE4,K95
2014-07-20 23:44:13,0006CC2C18,K95
2014-07-20 23:53:18,0006CC2C18,K95
2014-07-21 00:04:52,0006B352AD,K95
2014-07-21 00:14:16,0006B352AD,K95
2014-07-21 00:36:30,0006CC3D98,K95
2014-07-21 00:36:36,0006B352AD,K95
2014-07-21 00:38:16,0006E24C7B,K95
2014-07-21 00:40:23,0006B3B75C,K95
2014-07-21 00:43:33,0006E24C7B,K95
2014-07-21 00:45:48,0006B352AD,K95
2014-07-21 00:52:28,0001F7D726,K95
2014-07-21 00:57:55,0006E25108,K95
2014-07-21 01:03:12,0001F7D726,K95
2014-07-21 01:20:10,0006B34FE4,K95
2014-07-21 01:34:00,0006B35672,K95
2014-07-21 01:36:59,0006E25108,K95
2014-07-21 01:55:59,0006E24C7B,K95
2014-07-21 02:18:42,0006E24C7B,K95
2014-07-21 02:35:42,0006B35672,K95
2014-07-21 02:55:20,0006B35672,K95
2014-07-21 03:05:53,000697B587,K95
2014-07-21 03:37:30,0006E24C7B,K95
2014-07-21 03:43:42,0006E24C7B,K95
2014-07-21 04:06:21,0006B35672,K95
2014-07-21 04:34:50,0006B35672,K95
2014-07-21 05:08:29,0006E24C7B,K95
2014-07-21 05:21:50,0006E24C7B,K95
2014-07-21 05:39:45,0006E24C7B,K95
2014-07-21 21:44:16,0006E24C7B,K95
2014-07-22 21:48:45,0006B38CB1,K83
2014-07-22 21:50:16,0006E1EF37,K83
2014-07-22 21:54:34,0006B38BBC,K83
2014-07-22 21:55:10,0006B364E7,K83
2014-07-23 21:43:12,0006B38CB1,K85
2014-07-23 21:45:32,0006B38BBC,K85
2014-07-23 21:45:45,0006B351BD,K85
2014-07-23 21:47:22,0006E22F8C,K85
2014-07-23 21:49:09,0006E1EF37,K85
2014-07-23 21:50:16,0006B3A701,K85
2014-07-23 21:55:05,0006B364E7,K85
2014-07-24 03:36:33,0006B364E7,K85
2014-07-24 03:57:07,0006B364E7,K85
2014-07-24 03:57:31,0006B351BD,K85
2014-07-24 03:57:44,0006B38CB1,K85
2014-07-24 03:59:31,0006B38BBC,K85
2014-07-24 04:02:32,0006B364E7,K85
2014-07-24 04:02:49,0006B38CB1,K85
2014-07-24 04:15:59,0006B364E7,K85
2014-07-24 04:28:10,0006B364E7,K85
2014-07-24 05:26:45,0006B351BD,K85
2014-07-24 05:27:22,0006E1EF37,K85
2014-07-24 05:29:36,0006E22F8C,K85
2014-07-24 05:30:07,0006B3A701,K85
2014-07-24 05:30:16,0006B364E7,K85
2014-07-24 05:37:49,0006B38CB1,K85
2014-07-24 21:47:08,0006B38BBC,K85
2014-07-24 21:47:11,0006B3A701,K85
2014-07-24 21:49:03,0006E22F8C,K85
2014-07-24 21:51:00,0006B38CB1,K85
2014-07-24 21:53:09,0006E1EF37,K85
2014-07-25 03:54:14,0006B364E7,K85
2014-07-25 04:03:14,0006B3A701,K85
2014-07-25 04:09:48,0006B351BD,K85
2014-07-25 04:10:36,0006E1EF37,K85
2014-07-25 04:17:47,0006E1EF37,K85
2014-07-25 04:25:25,0006B364E7,K85
2014-07-25 05:29:05,0006E1EF37,K85
2014-07-25 05:29:53,0006B364E7,K85
2014-07-25 05:31:16,0006E22F8C,K85
2014-07-25 05:42:45,0006B38CB1,K85
2014-07-25 21:46:39,0006B38CB1,K85
2014-07-25 21:48:35,0006B3A701,K85
2014-07-25 21:49:20,0006E1EF37,K85
2014-07-25 21:49:23,0006B38BBC,K85
2014-07-25 21:53:05,0006B351BD,K85
2014-07-25 21:55:54,0006E22F8C,K85
2014-07-25 21:59:18,0006B364E7,K85
2014-07-26 04:22:14,0006B364E7,K85
2014-07-26 05:36:01,0006E1EF37,K85
2014-07-26 05:37:54,0006E22F8C,K85
2014-07-26 05:39:52,0006B351BD,K85
2014-07-28 21:45:56,0006CC3D98,K31
2014-07-28 21:46:31,0006B3AA57,K31
2014-07-28 21:47:34,00068E0D1B,K86
2014-07-28 21:48:16,000697B587,K86
2014-07-28 21:49:55,0006B29E17,K86
2014-07-28 21:53:24,00068E1731,K86
2014-07-28 21:54:56,0006CC24E9,K86
2014-07-28 23:36:31,00060F6D0D,K86
2014-07-28 23:47:07,00060F6D0D,K86
2014-07-29 00:20:12,0006CC3CA1,K86
2014-07-29 00:23:01,0001F7D726,K86
2014-07-29 00:28:05,0006CC3CA1,K86
2014-07-29 00:30:46,0001F7D726,K86
2014-07-29 01:02:16,0001F7D726,K86
2014-07-29 01:25:29,0006CC3CA1,K86
2014-07-29 02:13:32,00064407F9,K31
2014-07-29 02:15:38,0006B3AC35,K31
2014-07-29 02:21:47,0006E25108,K31
2014-07-29 02:28:42,0006B352AD,K31
2014-07-29 02:29:15,0006E25108,K31
2014-07-29 02:30:41,0006B3AC35,K31
2014-07-29 03:07:18,0006E24C7B,K31
2014-07-29 03:12:16,0006B352AD,K31
2014-07-29 03:12:37,0006E24C7B,K31
2014-07-29 03:30:54,0006B34FE4,K31
2014-07-29 03:35:57,0006B35672,K31
2014-07-29 03:38:43,0006E24C7B,K31
2014-07-29 03:50:01,0006E24C7B,K31
2014-07-29 03:53:40,0006E241C1,K31
2014-07-29 03:54:54,0006E24ECA,K31
2014-07-29 04:01:01,0006E239ED,K31
2014-07-29 04:11:44,00061D3F49,K31
2014-07-29 04:13:32,0006E239ED,K31
2014-07-29 04:18:39,0006B3B75C,K31
2014-07-29 04:25:09,0006B35672,K31
2014-07-29 04:31:14,0006CC3D98,K31
2014-07-29 04:47:37,0006CC3D98,K31
2014-07-29 05:11:45,0006E239ED,K31
2014-07-29 05:16:31,0006B3BF04,K31
2014-07-29 05:17:40,00064407F9,K31
2014-07-29 05:25:23,0006E24C7B,K31
2014-07-29 05:33:40,0006B3AA57,K31
2014-07-29 05:33:50,00060F6D0D,K31
2014-07-29 05:35:56,0006B29E17,K31
2014-07-29 05:46:09,0006B29E17,K86
2014-07-29 05:46:37,0006E241C1,K86
2014-07-29 05:48:13,0006B3AC35,K86
2014-07-30 15:17:30,00075CC950,K9
2014-07-30 17:31:13,00075CC950,K9
2014-07-30 19:24:39,00075D076C,K9
2014-07-30 21:08:44,00075D6BD8,K86
2014-07-30 21:36:04,0006B35672,K102
2014-07-30 21:37:29,0006E24C7B,K9
2014-07-30 21:37:35,00075B29B2,K9
2014-07-30 21:37:59,00068E0D1B,K102
2014-07-30 21:38:02,0006E239ED,K9
2014-07-30 21:38:07,0006B3AA57,K9
2014-07-30 21:38:53,0006CC2C18,K9
2014-07-30 21:39:00,00075CEE00,K102
2014-07-30 21:39:18,00075B22B0,K102
2014-07-30 21:39:18,00075D6BD8,K86
2014-07-30 21:41:15,0006B3BF04,K102
2014-07-30 21:42:08,0006B34FE4,K9
2014-07-30 21:42:27,00075CC950,K9
2014-07-30 21:42:30,0006CC3CA1,K102
2014-07-30 21:42:48,00060F6D0D,K9
2014-07-30 21:42:57,0001F7D726,K94
2014-07-30 21:43:18,00075CE063,K9
2014-07-30 21:43:31,00064407F9,K9
2014-07-30 21:43:58,00075B5ACA,K102
2014-07-30 21:44:05,00068E1731,K102
2014-07-30 21:45:00,0006B3AC35,K9
2014-07-30 21:45:48,00075D879F,K102
2014-07-30 21:45:58,0006E25108,K102
2014-07-30 21:46:38,0006E241C1,K9
2014-07-30 21:47:05,0006E24ECA,K9
2014-07-30 21:47:53,000697B587,K9
2014-07-30 21:47:56,00061D3F49,K9
2014-07-30 21:48:01,0006B3B75C,K9
2014-07-30 21:48:40,00075D076C,K9
2014-07-30 21:49:03,0006B352AD,K9
2014-07-30 21:49:52,0006CC3D98,K94
2014-07-30 21:49:53,00068E377E,K9
2014-07-30 23:43:25,00075D6BD8,K94
2014-07-30 23:59:58,00075D6BD8,K94
2014-07-31 00:01:45,0001F7D726,K94
2014-07-31 00:23:22,0006CC3CA1,K102
2014-07-31 00:32:11,00075B5ACA,K102
2014-07-31 01:00:16,0001F7D726,K94
2014-07-31 01:00:17,00075D6BD8,K94
2014-07-31 01:42:23,0006B34FE4,K9
2014-07-31 01:42:45,00075B5ACA,K102
2014-07-31 01:47:27,0006B3BF04,K102
2014-07-31 01:51:51,0006B3AC35,K9
2014-07-31 01:55:09,0006B352AD,K102
2014-07-31 01:55:37,00075B5ACA,K102
2014-07-31 02:00:34,0006B3BF04,K102
2014-07-31 02:07:38,0006B352AD,K9
2014-07-31 02:07:51,00064407F9,K9
2014-07-31 02:07:57,0006B3AC35,K9
2014-07-31 02:11:27,0006B3BF04,K102
2014-07-31 02:11:44,00075CEE00,K102
2014-07-31 02:27:04,00064407F9,K102
2014-07-31 02:28:00,0006E24C7B,K102
2014-07-31 02:29:46,0006B29E17,K102
2014-07-31 02:41:36,0006CC3D98,K102
2014-07-31 02:49:30,0006E24C7B,K102
2014-07-31 03:02:47,0006B3B75C,K102
2014-07-31 03:04:22,00075D6BD8,K102
2014-07-31 03:04:46,00075CEE00,K102
2014-07-31 03:28:39,0006B3AA57,K94
2014-07-31 03:30:21,0006B35672,K102
2014-07-31 03:36:12,0006CC3D98,K102
2014-07-31 03:38:04,00075B22B0,K102
2014-07-31 03:38:12,0006B35672,K102
2014-07-31 03:40:48,00061D3F49,K9
2014-07-31 04:00:38,0006E239ED,K102
2014-07-31 04:06:46,00075D6BD8,K102
2014-07-31 04:08:44,0006B3AC35,K102
2014-07-31 04:16:23,00060F6D0D,K102
2014-07-31 04:23:09,0006B352AD,K102
2014-07-31 04:34:10,00068E0D1B,K102
2014-07-31 04:38:41,00068E377E,K102
2014-07-31 04:40:02,00075B5ACA,K102
2014-07-31 04:48:54,00061D3F49,K9
2014-07-31 04:58:02,00075B5ACA,K9
2014-07-31 05:00:08,0006E25108,K102
2014-07-31 05:06:57,00075B29B2,K9
2014-07-31 05:10:13,00075CC950,K9
2014-07-31 05:10:38,00075D076C,K9
2014-07-31 05:14:17,0001F7D726,K102
2014-07-31 05:16:46,0006E239ED,K102
2014-07-31 05:17:19,00075D6BD8,K102
2014-07-31 05:17:34,0006B34FE4,K9
2014-07-31 05:22:35,0006E24ECA,K9
2014-07-31 05:22:52,00068E1731,K9
2014-07-31 05:24:30,0006E239ED,K9
2014-07-31 05:24:45,0006B3AA57,K9
2014-07-31 05:24:48,0006CC24E9,K9
2014-07-31 05:29:19,0006B34FE4,K9
2014-07-31 05:29:22,0006B29E17,K102
2014-07-31 05:31:38,00075D879F,K102
2014-07-31 05:34:30,0006E241C1,K9
2014-07-31 05:36:58,0006B3BF04,K102
2014-07-31 05:38:13,0006B35672,K102
2014-07-31 05:40:22,0006E25108,K9
2014-07-31 05:42:03,00061D3F49,K9
2014-07-31 21:19:26,00075D879F,K102
2014-07-31 21:31:29,0006B35672,K102
2014-07-31 21:32:42,0006B3BF04,K102
2014-07-31 21:33:06,0006E24C7B,K102
2014-07-31 21:34:55,0006B3AC35,K102
2014-07-31 21:36:44,00068E0D1B,K102
2014-07-31 21:37:17,0006B34FE4,K9
2014-07-31 21:37:39,00075B29B2,K9
2014-07-31 21:38:40,0006B29E17,K102
2014-07-31 21:39:09,0006E25108,K9
2014-07-31 21:39:18,0006E24ECA,K9
2014-07-31 21:40:12,0006E241C1,K9
2014-07-31 21:40:26,00075B5ACA,K102
2014-07-31 21:40:50,0006E22F8C,K5
2014-07-31 21:40:54,00068E377E,K102
2014-07-31 21:41:01,0006CC2C18,K9
2014-07-31 21:41:12,0006CC3D98,K102
2014-07-31 21:41:13,00061D3F49,K9
2014-07-31 21:41:45,00075CC950,K9
2014-07-31 21:41:47,0006B38CB1,K5
2014-07-31 21:43:05,00075D6BD8,K102
2014-07-31 21:43:19,0006B352AD,K102
2014-07-31 21:43:27,0006B3B75C,K102
2014-07-31 21:44:01,000697B587,K9
2014-07-31 21:44:04,0006B38BBC,K5
2014-07-31 21:44:48,0006CC24E9,K9
2014-07-31 21:44:55,0006B351BD,K5
2014-07-31 21:45:15,0006E1EF37,K5
2014-07-31 21:45:23,0006B3AA57,K9
2014-07-31 21:48:07,0006B364E7,K5
2014-08-01 20:37:58,00075B22B0,K78
2014-08-01 21:02:05,00075CC950,K78
2014-08-01 21:34:54,00075D879F,K78
2014-08-01 21:35:28,0006E24C7B,K78
2014-08-01 21:38:01,00075CC950,K78
2014-08-01 21:38:09,0006B38CB1,K5
2014-08-01 21:38:22,0006CC2C18,K78
2014-08-01 21:39:52,0006B38BBC,K5
2014-08-01 21:41:03,0006B351BD,K5
2014-08-01 21:42:22,0006E239ED,K78
2014-08-01 21:42:33,0006B34FE4,K78
2014-08-01 21:42:37,0006B3BF04,K78
2014-08-01 21:43:16,00068E0D1B,K78
2014-08-01 21:43:51,00075B5ACA,K78
2014-08-01 21:44:08,00068E1731,K78
2014-08-01 21:44:14,00075D076C,K78
2014-08-01 21:44:19,0006B3AA57,K78
2014-08-01 21:45:07,00075B29B2,K78
2014-08-01 21:45:26,0006B352AD,K78
2014-08-01 21:48:53,00068E377E,K78
2014-08-01 21:49:05,0006B3B75C,K78
2014-08-02 05:05:27,00061D3F49,K78
2014-08-02 06:00:11,00075D879F,K78
2014-08-02 18:12:49,00075CC950,K9
2014-08-02 21:13:59,00075D879F,K78
2014-08-02 21:30:13,00075B22B0,K94
2014-08-02 21:31:10,00075CEE00,K94
2014-08-02 21:31:18,0006E24C7B,K9
2014-08-02 21:33:34,0001F7D726,K9
2014-08-02 21:33:42,0006B29E17,K9
2014-08-02 21:33:46,00075B29B2,K9
2014-08-02 21:34:39,0006B3BF04,K94
2014-08-02 21:35:17,0006E241C1,K94
2014-08-02 21:35:46,00075CC950,K9
2014-08-02 21:36:04,00060F6D0D,K94
2014-08-02 21:36:18,00075D076C,K94
2014-08-02 21:36:34,0006B3AA57,K94
2014-08-02 21:37:21,0006CC2C18,K94
2014-08-02 21:38:03,0006B34FE4,K94
2014-08-02 21:39:00,000697B587,K9
2014-08-02 21:39:06,0006E239ED,K9
2014-08-02 21:39:28,0006B3AC35,K9
2014-08-02 21:39:33,00068E0D1B,K94
2014-08-02 21:40:28,0006E24ECA,K94
2014-08-02 21:41:40,0006CC3CA1,K9
2014-08-02 21:42:05,0006CC3D98,K94
2014-08-02 21:43:01,00075D6BD8,K9
2014-08-02 21:43:02,00068E377E,K94
2014-08-02 21:43:06,00064407F9,K9
2014-08-02 21:43:08,00068E1731,K9
2014-08-02 21:43:18,00075CC950,K9
2014-08-02 21:43:36,00075B5ACA,K9
2014-08-02 21:44:03,0006B3B75C,K9
2014-08-02 21:44:07,0006CC24E9,K9
2014-08-02 21:44:22,00061D3F49,K9
2014-08-02 21:44:34,0006B352AD,K94
2014-08-03 02:37:36,00061D3F49,K9
2014-08-03 02:57:55,00061D3F49,K9
2014-08-03 03:22:29,00064407F9,K5
2014-08-03 14:37:40,00075CC950,K11
2014-08-03 20:35:41,00075CC950,K11
2014-08-03 21:12:03,00075B29B2,K11
2014-08-03 21:23:57,00075D879F,K11
2014-08-03 21:24:04,0006B29E17,K11
2014-08-03 21:25:11,00075B5ACA,K11
2014-08-03 21:25:55,00075CEE00,K11
2014-08-03 21:27:36,0006B3BF04,K11
2014-08-03 21:28:47,0001F7D726,K11
2014-08-03 21:29:37,00075CE063,K11
2014-08-03 21:30:42,0006B34FE4,K11
2014-08-03 21:31:01,0006CC24E9,K11
2014-08-03 21:31:05,000697B587,K11
2014-08-03 21:31:13,0006E24C7B,K11
2014-08-03 21:34:46,00064407F9,K11
2014-08-03 21:34:51,0006CC3CA1,K11
2014-08-03 21:35:43,00075B29B2,K11
2014-08-03 21:36:22,0006B35672,K11
2014-08-03 21:36:23,00075D076C,K11
2014-08-03 21:36:31,0006B3AA57,K11
2014-08-03 21:36:46,00068E1731,K11
2014-08-03 21:37:31,00075D6BD8,K11
2014-08-03 21:39:04,0006E25108,K11
2014-08-03 21:39:12,00068E377E,K11
2014-08-03 21:39:50,00068E0D1B,K11
2014-08-03 21:39:53,00075CC950,K11
2014-08-03 21:40:35,0006E241C1,K11
2014-08-03 21:40:44,0006B352AD,K11
2014-08-03 21:40:55,00061D3F49,K11
2014-08-03 21:40:56,00060F6D0D,K11
2014-08-04 03:37:49,0001F7D726,K11
2014-08-04 13:27:13,00075CC950,K19
2014-08-04 14:04:20,00075D076C,K19
2014-08-04 21:09:55,00075CC950,K19
2014-08-04 21:33:39,0006CC2C18,K19
2014-08-04 21:33:56,00075CEE00,K71
2014-08-04 21:36:17,00075D076C,K19
2014-08-04 21:37:42,00075CC950,K19
2014-08-04 21:37:47,0006B34FE4,K19
2014-08-04 21:38:31,0006B3AC35,K19
2014-08-04 21:38:35,0006E239ED,K19
2014-08-04 21:38:40,00075D879F,K19
2014-08-04 21:39:18,00061D3F49,K71
2014-08-04 21:40:21,0006E24C7B,K19
2014-08-04 21:40:26,00060F6D0D,K19
2014-08-04 21:40:38,0006E241C1,K19
2014-08-04 21:40:42,0006B29E17,K19
2014-08-04 21:42:33,0006E24ECA,K19
2014-08-04 21:42:39,0006B3BF04,K19
2014-08-04 21:42:49,0006E25108,K19
2014-08-04 21:43:06,000697B587,K19
2014-08-04 21:43:13,0006CC24E9,K19
2014-08-04 21:43:56,00064407F9,K19
2014-08-04 23:19:33,0001F7D726,K19
2014-08-04 23:19:38,00075D6BD8,K19
2014-08-04 23:35:07,0001F7D726,K19
2014-08-05 02:07:48,00075B5ACA,K19
2014-08-05 03:22:00,0001F7D726,K19
2014-08-05 03:22:03,00075D6BD8,K19
2014-08-05 03:34:45,0006B34FE4,K19
2014-08-05 03:49:38,0001F7D726,K19
2014-08-05 05:24:48,00075D6BD8,K19
2014-08-05 05:25:25,0006E239ED,K19
2014-08-05 05:25:33,0006CC24E9,K19
2014-08-05 05:31:39,0006E239ED,K19
2014-08-05 05:32:00,0006CC3D98,K19
2014-08-05 05:34:21,0006CC3CA1,K19
2014-08-05 05:34:32,0006B29E17,K19
2014-08-05 05:37:19,0006E25108,K19
2014-08-05 05:37:51,00075D879F,K19
2014-08-05 05:38:01,00075B22B0,K19
2014-08-05 05:41:08,0006B3AA57,K19
2014-08-05 05:41:18,0006B3BF04,K19
2014-08-05 05:41:50,0006B34FE4,K19
2014-08-05 05:42:27,00060F6D0D,K19
2014-08-05 05:43:40,00075D076C,K19
2014-08-05 05:45:47,0006E241C1,K19
2014-08-05 05:48:25,0006CC3CA1,K19
2014-08-05 19:31:22,00075CC950,K83
2014-08-05 21:14:49,00075B5ACA,K83
2014-08-05 21:19:24,00075CEE00,K83
2014-08-05 21:23:14,00075D879F,K19
2014-08-05 21:25:07,0006E24C7B,K83
2014-08-05 21:25:25,0006CC2C18,K83
2014-08-05 21:25:34,0006B352AD,K83
2014-08-05 21:26:26,0006E241C1,K19
2014-08-05 21:26:27,00075CE063,K83
2014-08-05 21:26:33,00075D076C,K19
2014-08-05 21:27:13,00060F6D0D,K19
2014-08-05 21:28:00,0001F7D726,K19
2014-08-05 21:28:10,00075CC950,K83
2014-08-05 21:29:38,000697B587,K83
2014-08-05 21:30:22,00068E1731,K83
2014-08-05 21:31:12,00075B22B0,K19
2014-08-05 21:31:23,0006B29E17,K19
2014-08-05 21:31:27,00061D3F49,K83
2014-08-05 21:31:29,0006B3B75C,K83
2014-08-05 21:31:33,0006CC3CA1,K19
2014-08-05 21:32:25,0006B34FE4,K19
2014-08-05 21:32:42,0006E24ECA,K19
2014-08-05 21:32:58,0006B3BF04,K19
2014-08-05 21:33:00,00075B29B2,K19
2014-08-05 21:33:31,00068E377E,K83
2014-08-05 21:33:45,0006E239ED,K19
2014-08-05 21:34:05,00068E0D1B,K19
2014-08-05 21:34:26,0006B38CB1,K85
2014-08-05 21:34:32,0006B35672,K19
2014-08-05 21:35:29,0006B3AA57,K19
2014-08-05 21:35:50,00064407F9,K83
2014-08-05 21:35:58,0006E25108,K19
2014-08-05 21:36:55,0006CC3D98,K19
2014-08-05 21:38:36,0006E22F8C,K85
2014-08-05 21:38:49,00075D6BD8,K19
2014-08-05 21:39:42,0006CC24E9,K19
2014-08-05 21:40:41,0006B3A701,K85
2014-08-05 21:42:09,0006B38BBC,K85
2014-08-05 21:47:10,0006B351BD,K85
2014-08-05 21:47:21,0006E1EF37,K85
2014-08-05 21:48:24,0006B364E7,K85
2014-08-06 01:48:43,0006CC3CA1,K83
2014-08-06 02:08:02,0006CC3CA1,K83
2014-08-06 02:08:14,00075B5ACA,K83
2014-08-06 02:08:46,00064407F9,K83
2014-08-06 03:15:12,0006CC3CA1,K83
2014-08-06 03:15:23,00075B5ACA,K83
2014-08-06 03:29:36,00064407F9,K83
2014-08-06 03:34:04,00075B5ACA,K83
2014-08-06 03:37:54,00075B22B0,K83
2014-08-06 03:40:10,0006CC3CA1,K83
2014-08-06 03:40:48,0006B35672,K83
2014-08-06 03:44:06,0006B3AA57,K83
2014-08-06 03:44:12,00075D076C,K83
2014-08-06 04:00:49,0006B352AD,K83
2014-08-06 04:04:52,0001F7D726,K83
2014-08-06 04:04:58,0006B34FE4,K83
2014-08-06 04:07:24,0006B352AD,K83
2014-08-06 04:17:49,00075D6BD8,K83
2014-08-06 04:24:19,00075D6BD8,K83
2014-08-06 04:31:15,0001F7D726,K83
2014-08-06 05:17:34,0006B35672,K83
2014-08-06 05:28:54,00075D879F,K83
2014-08-06 05:29:18,0006B29E17,K83
2014-08-06 05:31:45,00075B29B2,K83
2014-08-06 05:39:21,0006CC3CA1,K83
2014-08-06 05:46:24,0006B3AA57,K83
2014-08-06 05:48:47,0006B351BD,K85
2014-08-06 05:49:45,0006B364E7,K85
2014-08-06 05:50:36,0006E1EF37,K85
2014-08-06 05:53:45,0006E22F8C,K85
2014-08-06 05:53:53,0006B3A701,K85
2014-08-06 06:01:15,0006E25108,K83
2014-08-06 06:05:22,0006B38CB1,K85
2014-08-06 21:18:42,00075B22B0,K1
2014-08-06 21:22:25,00075D879F,K83
2014-08-06 21:24:55,00075CE063,K1
2014-08-06 21:25:53,0006B29E17,K83
2014-08-06 21:26:41,0001F7D726,K83
2014-08-06 21:26:45,0006E241C1,K1
2014-08-06 21:28:09,0006E24C7B,K1
2014-08-06 21:28:14,00075B5ACA,K83
2014-08-06 21:28:46,0006CC3CA1,K83
2014-08-06 21:29:58,0006E24ECA,K83
2014-08-06 21:30:13,00075B29B2,K83
2014-08-06 21:30:24,0006B3AC35,K1
2014-08-06 21:31:11,0006B34FE4,K83
2014-08-06 21:31:13,00075D6BD8,K83
2014-08-06 21:31:17,0006B35672,K83
2014-08-06 21:32:45,0006B38BBC,K85
2014-08-06 21:32:50,00075CEE00,K1
2014-08-06 21:33:13,00075D076C,K1
2014-08-06 21:33:54,0006B3AA57,K83
2014-08-06 21:33:59,000697B587,K83
2014-08-06 21:34:30,00061D3F49,K1
2014-08-06 21:35:05,00068E0D1B,K83
2014-08-06 21:35:16,0006E25108,K83
2014-08-06 21:35:42,00075CC950,K1
2014-08-06 21:36:12,0006B3BF04,K1
2014-08-06 21:36:33,0006E239ED,K1
2014-08-06 21:36:34,0006B38CB1,K85
2014-08-06 21:36:41,0006CC24E9,K1
2014-08-06 21:36:58,0006CC2C18,K1
2014-08-06 21:37:27,00068E1731,K83
2014-08-06 21:39:21,0006B352AD,K1
2014-08-06 21:40:13,00064407F9,K1
2014-08-06 21:40:28,00068E377E,K1
2014-08-06 21:40:59,0006E22F8C,K85
2014-08-06 21:41:07,0006B3B75C,K1
2014-08-06 21:43:07,0006B3A701,K85
2014-08-06 21:45:00,0006E1EF37,K85
2014-08-06 21:46:26,0006B364E7,K85
2014-08-06 23:55:10,00061D3F49,K1
2014-08-06 23:56:58,0006B352AD,K1
2014-08-07 00:12:44,00061D3F49,K1
2014-08-07 00:18:36,0006B352AD,K1
2014-08-07 00:53:25,0006CC2C18,K83
2014-08-07 00:56:11,00064407F9,K1
2014-08-07 00:56:22,00075D6BD8,K83
2014-08-07 00:56:34,0001F7D726,K83
2014-08-07 00:58:41,00061D3F49,K1
2014-08-07 03:24:03,0006B35672,K1
2014-08-07 03:24:49,00061D3F49,K1
2014-08-07 03:30:06,00064407F9,K1
2014-08-07 03:31:38,0006CC3CA1,K1
2014-08-07 03:31:56,00068E377E,K1
2014-08-07 03:54:33,00060F6D0D,K1
2014-08-07 04:19:05,0006CC3CA1,K1
2014-08-07 04:19:37,00075B5ACA,K1
2014-08-07 04:32:09,00061D3F49,K1
2014-08-07 04:33:54,0006CC3CA1,K1
2014-08-07 04:33:56,00075B5ACA,K1
2014-08-07 04:53:46,00075D6BD8,K83
2014-08-07 04:58:24,0001F7D726,K83
2014-08-07 05:29:30,00061D3F49,K1
2014-08-07 05:32:00,0006B352AD,K1
2014-08-07 05:33:44,0006E239ED,K1
2014-08-07 05:47:39,00060F6D0D,K1
2014-08-07 05:51:46,0006B3BF04,K1
2014-08-07 05:54:26,0006B364E7,K85
2014-08-07 05:55:21,0006E1EF37,K85
2014-08-07 05:56:05,0006CC3CA1,K1
2014-08-07 05:57:15,0006E22F8C,K85
2014-08-07 05:57:23,00075D879F,K1
2014-08-07 05:58:15,0006CC24E9,K1
2014-08-07 05:59:18,0006E241C1,K1
2014-08-07 05:59:58,0006B3AC35,K1
2014-08-07 06:01:48,0006B29E17,K1
2014-08-07 06:05:12,00075D076C,K1
2014-08-07 06:06:23,0006E25108,K1
2014-08-07 06:08:30,0006B38CB1,K85
2014-08-07 13:07:41,00075CC950,K1
2014-08-07 16:14:38,00075B5ACA,K1
2014-08-07 16:27:30,00075CC950,K1
2014-08-07 16:41:40,00075CC950,K1
2014-08-07 21:22:01,00075D879F,K1
2014-08-07 21:22:39,0001F7D726,K1
2014-08-07 21:22:42,00075B22B0,K1
2014-08-07 21:25:34,0006B35672,K1
2014-08-07 21:26:00,0006E25108,K1
2014-08-07 21:27:08,0006E24C7B,K1
2014-08-07 21:27:11,00075B5ACA,K1
2014-08-07 21:27:39,0006CC3CA1,K1
2014-08-07 21:27:50,0006CC2C18,K1
2014-08-07 21:29:00,00061D3F49,K1
2014-08-07 21:29:44,00075CE063,K1
2014-08-07 21:29:54,0006B34FE4,K1
2014-08-07 21:30:09,00075D076C,K1
2014-08-07 21:30:32,0006B29E17,K1
2014-08-07 21:30:41,0006E24ECA,K1
2014-08-07 21:31:26,0006E241C1,K1
2014-08-07 21:31:38,0006B3AC35,K1
2014-08-07 21:32:05,0006B38BBC,K85
2014-08-07 21:32:58,0006B3BF04,K1
2014-08-07 21:33:09,00060F6D0D,K1
2014-08-07 21:33:10,00064407F9,K1
2014-08-07 21:33:12,00068E0D1B,K1
2014-08-07 21:33:27,0006B3AA57,K1
2014-08-07 21:33:47,0006E22F8C,K85
2014-08-07 21:34:25,00075D6BD8,K1
2014-08-07 21:34:50,0006E239ED,K1
2014-08-07 21:34:53,000697B587,K1
2014-08-07 21:34:58,0006CC24E9,K1
2014-08-07 21:35:39,00075CEE00,K1
2014-08-07 21:35:58,00068E1731,K1
2014-08-07 21:38:16,0006B38CB1,K85
2014-08-07 21:38:35,00075CC950,K1
2014-08-07 21:39:27,00075B29B2,K1
2014-08-07 21:39:59,00068E377E,K1
2014-08-07 21:41:16,0006B3A701,K85
2014-08-07 21:41:31,0006E1EF37,K85
2014-08-07 21:41:46,0006B364E7,K85
2014-08-07 21:45:17,0006B3B75C,K1
2014-08-07 21:45:40,0006B352AD,K1
2014-08-08 02:53:10,00061D3F49,K1
2014-08-08 05:50:23,0006B364E7,K85
2014-08-08 05:51:38,0006E1EF37,K85
2014-08-08 05:51:46,0006B3A701,K85
2014-08-08 05:53:24,0006B351BD,K85
2014-08-08 05:59:06,0006B38CB1,K85
2014-08-08 06:08:05,0006E22F8C,K85
2014-08-08 19:39:12,00075D879F,K5
2014-08-08 21:15:36,00075CEE00,K5
2014-08-08 21:16:39,00075D879F,K5
2014-08-08 21:17:51,0006B35672,K5
2014-08-08 21:22:45,00075B22B0,K5
2014-08-08 21:23:06,00075CE063,K5
2014-08-08 21:24:25,0006E241C1,K5
2014-08-08 21:25:16,0006CC3CA1,K5
2014-08-08 21:25:17,0006E24ECA,K5
2014-08-08 21:25:46,0001F7D726,K5
2014-08-08 21:25:53,0006B3AC35,K5
2014-08-08 21:26:17,0006B34FE4,K5
2014-08-08 21:26:38,00075B5ACA,K5
2014-08-08 21:27:20,00075CC950,K5
2014-08-08 21:27:35,0006E24C7B,K5
2014-08-08 21:27:37,00075B29B2,K5
2014-08-08 21:28:40,00075D6BD8,K5
2014-08-08 21:28:42,00068E0D1B,K5
2014-08-08 21:28:45,00061D3F49,K5
2014-08-08 21:28:55,000697B587,K5
2014-08-08 21:30:54,0006B38BBC,K85
2014-08-08 21:32:56,0006B3BF04,K5
2014-08-08 21:33:07,00060F6D0D,K5
2014-08-08 21:33:16,0006CC2C18,K5
2014-08-08 21:33:29,0006B38CB1,K85
2014-08-08 21:35:30,0006E239ED,K5
2014-08-08 21:35:49,0006E22F8C,K85
2014-08-08 21:35:59,00068E377E,K5
2014-08-08 21:36:07,0006B3B75C,K5
2014-08-08 21:37:10,00064407F9,K5
2014-08-08 21:38:01,0006B352AD,K5
2014-08-08 21:38:32,0006B3AA57,K5
2014-08-08 21:39:21,0006B364E7,K85
2014-08-08 21:39:36,0006E1EF37,K85
2014-08-08 21:41:08,0006B3A701,K85
2014-08-09 04:23:41,0001F7D726,K5
2014-08-09 04:32:28,00075D6BD8,K5
2014-08-09 04:37:59,00061D3F49,K5
2014-08-09 04:42:48,0001F7D726,K5
2014-08-09 04:45:18,0006B364E7,K85
2014-08-09 05:17:52,00064407F9,K5
2014-08-09 05:23:41,0006E24C7B,K5
2014-08-09 05:35:20,0006B352AD,K5
2014-08-09 05:36:03,0006B3AA57,K5
2014-08-09 05:36:05,00075D879F,K5
2014-08-09 05:36:11,0006E239ED,K5
2014-08-09 05:43:47,0006B29E17,K5
2014-08-09 05:44:14,00075CE063,K5
2014-08-09 05:44:20,00068E377E,K5
2014-08-09 05:44:59,00075CEE00,K5
2014-08-09 05:45:26,0006B34FE4,K5
2014-08-09 05:45:50,00075D076C,K5
2014-08-09 05:46:17,0006E1EF37,K85
2014-08-09 05:47:13,0006B3BF04,K5
2014-08-09 05:49:22,0006B3B75C,K5
2014-08-09 05:49:28,0006CC3CA1,K5
2014-08-09 05:51:48,00075B22B0,K5
2014-08-09 05:53:22,00075D6BD8,K5
2014-08-09 05:53:44,0006B3AC35,K5
2014-08-09 05:54:35,0006B3A701,K85
2014-08-09 05:56:26,0006E241C1,K5
2014-08-09 06:00:49,0006E25108,K5
2014-08-09 06:06:59,0006E22F8C,K85
2014-08-09 07:38:33,00075CC950,K5
2014-08-09 09:37:17,00075CC950,K5
2014-08-09 21:15:05,0006B364E7,K85
2014-08-09 21:18:28,00075B22B0,K5
2014-08-09 21:20:11,0006B29E17,K5
2014-08-09 21:22:36,0006E241C1,K5
2014-08-09 21:22:52,00075D076C,K5
2014-08-09 21:23:31,00075B5ACA,K5
2014-08-09 21:24:43,00075CC950,K5
2014-08-09 21:24:57,00075D879F,K5
2014-08-09 21:25:43,00075D6BD8,K5
2014-08-09 21:25:47,0006E24C7B,K5
2014-08-09 21:27:08,0001F7D726,K5
2014-08-09 21:27:23,00075CEE00,K5
2014-08-09 21:27:26,0006B3BF04,K5
2014-08-09 21:27:45,0006E25108,K5
2014-08-09 21:28:19,0006CC3CA1,K5
2014-08-09 21:28:24,00068E0D1B,K5
2014-08-09 21:29:19,00075B29B2,K5
2014-08-09 21:29:53,0006B38CB1,K85
2014-08-09 21:29:57,0006B38BBC,K85
2014-08-09 21:30:15,0006E22F8C,K85
2014-08-09 21:31:03,0006B35672,K5
2014-08-09 21:31:06,0006CC2C18,K5
2014-08-09 21:32:01,0006E24ECA,K5
2014-08-09 21:32:03,0006E1EF37,K85
2014-08-09 21:32:14,0006B3AC35,K5
2014-08-09 21:32:16,0006B3A701,K85
2014-08-09 21:33:30,00061D3F49,K5
2014-08-09 21:34:39,00075CE063,K5
2014-08-09 21:34:43,0006E239ED,K5
2014-08-09 21:34:53,0006B34FE4,K5
2014-08-09 21:34:58,0006B3AA57,K5
2014-08-09 21:37:23,00068E377E,K5
2014-08-09 21:37:38,00068E1731,K5
2014-08-09 21:38:34,0006B3B75C,K5
2014-08-09 21:39:23,0006B352AD,K5
2014-08-09 21:39:25,00064407F9,K5
2014-08-09 21:39:30,000697B587,K5
2014-08-10 04:03:03,0001F7D726,K5
2014-08-10 04:18:32,00075D6BD8,K5
2014-08-10 04:19:08,00075B5ACA,K5
2014-08-10 04:19:43,0006E25108,K5
2014-08-10 04:41:03,0001F7D726,K5
2014-08-10 04:41:26,00075D6BD8,K5
2014-08-10 04:53:37,00075D6BD8,K5
2014-08-10 04:58:33,00060F6D0D,K5
2014-08-10 05:01:02,00075B29B2,K5
2014-08-10 05:03:39,0006E24ECA,K5
2014-08-10 05:03:47,0006B35672,K5
2014-08-10 05:32:20,0001F7D726,K5
2014-08-10 05:34:26,0006B29E17,K5
2014-08-10 05:34:41,0006E239ED,K5
2014-08-10 05:35:52,0006B364E7,K85
2014-08-10 05:36:18,0006B3A701,K85
2014-08-10 05:37:11,0006E1EF37,K85
2014-08-10 05:37:29,00075D6BD8,K5
2014-08-10 05:38:44,0006E22F8C,K85
2014-08-10 05:38:47,0006B38CB1,K85
2014-08-10 21:38:23,0006B38CB1,K85
2014-08-10 21:45:45,0006E1EF37,K85
2014-08-10 21:47:12,0006B3A701,K85
2014-08-10 22:12:55,0006B3A701,K85
2014-08-11 05:32:46,0006B364E7,K85
2014-08-11 05:41:07,0006B364E7,K85
2014-08-11 05:41:44,0006E1EF37,K85
2014-08-11 05:57:23,0006B3A701,K85
2014-08-11 06:03:29,0006E22F8C,K85
2014-08-11 06:14:41,0006B38CB1,K85
2014-08-11 21:11:09,00075B22B0,K105
2014-08-11 21:11:25,00075CEE00,K105
2014-08-11 21:12:15,00075B29B2,K105
2014-08-11 21:13:42,0006E25108,K105
2014-08-11 21:15:34,00075CC950,K105
2014-08-11 21:15:38,0006E24C7B,K105
2014-08-11 21:16:08,00075B5ACA,K9
2014-08-11 21:16:43,00060F6D0D,K9
2014-08-11 21:17:27,0006E241C1,K105
2014-08-11 21:17:45,0006B38CB1,K85
2014-08-11 21:17:48,00068E0D1B,K9
2014-08-11 21:18:25,0006E24ECA,K9
2014-08-11 21:19:20,0006B34FE4,K105
2014-08-11 21:20:13,0006CC3CA1,K105
2014-08-11 21:21:26,0006B3BF04,K105
2014-08-11 21:21:53,000697B587,K105
2014-08-11 21:21:55,0006B35672,K105
2014-08-11 21:23:24,0006E239ED,K105
2014-08-11 21:23:34,00075D076C,K105
2014-08-11 21:23:40,0006B3AA57,K105
2014-08-11 21:24:41,00068E1731,K105
2014-08-11 21:26:01,0006B3B75C,K105
2014-08-11 21:26:36,0006B38BBC,K85
2014-08-11 21:27:50,0006E1EF37,K85
2014-08-11 21:27:57,00061D3F49,K105
2014-08-11 21:28:03,0006B3A701,K85
2014-08-11 21:28:49,00064407F9,K105
2014-08-11 21:30:18,0006B364E7,K85
2014-08-11 21:30:21,0006E22F8C,K85
2014-08-11 21:31:11,0006B352AD,K105
2014-08-11 22:24:14,00075CEE00,K105
2014-08-12 01:08:49,00075CEE00,K105
2014-08-12 02:45:13,00061D3F49,K105
2014-08-12 03:07:04,0006E24C7B,K105
2014-08-12 03:14:51,0006B364E7,K85
2014-08-12 03:17:59,0006E1EF37,K85
2014-08-12 03:23:09,0006B364E7,K85
2014-08-12 03:26:21,0006B3A701,K85
2014-08-12 03:41:32,0006E25108,K9
2014-08-12 03:49:46,0006B3A701,K85
2014-08-12 04:39:50,0006B352AD,K105
2014-08-12 04:49:23,00064407F9,K105
2014-08-12 04:51:26,0006B352AD,K105
2014-08-12 05:04:21,00064407F9,K105
2014-08-12 05:29:41,00075B29B2,K105
2014-08-12 05:36:16,0006B352AD,K105
2014-08-12 05:38:21,00075B29B2,K105
2014-08-12 05:40:08,000697B587,K9
2014-08-12 05:40:14,0006B34FE4,K105
2014-08-12 05:41:59,00064407F9,K105
2014-08-12 05:43:07,0006CC2C18,K105
2014-08-12 05:43:25,0006E25108,K105
2014-08-12 05:44:42,0006E24C7B,K105
2014-08-12 05:45:00,0006E239ED,K105
2014-08-12 05:47:23,0006B3AA57,K105
2014-08-12 05:47:24,000697B587,K105
2014-08-12 05:48:02,0006CC3CA1,K105
2014-08-12 05:48:54,00061D3F49,K105
2014-08-12 05:50:49,00075D076C,K105
2014-08-12 05:54:20,0006E1EF37,K85
2014-08-12 05:54:54,0006B351BD,K85
2014-08-12 05:56:08,0006B35672,K105
2014-08-12 05:57:47,0006B3AC35,K105
2014-08-12 05:58:34,00075B22B0,K105
2014-08-12 05:58:40,0006E241C1,K105
2014-08-12 05:58:55,0006B3B75C,K105
2014-08-12 06:00:17,0006B364E7,K85
2014-08-12 06:00:36,0006B3BF04,K105
2014-08-12 06:11:02,0006B3A701,K85
2014-08-12 06:11:23,0006E22F8C,K85
2014-08-12 06:12:33,0006B38CB1,K85
2014-08-12 21:12:10,0006B38BBC,K85
2014-08-12 21:14:44,0006CC2C18,K105
2014-08-12 21:14:59,00075CEE00,K105
2014-08-12 21:17:01,00075B29B2,K105
2014-08-12 21:17:29,0006E25108,K105
2014-08-12 21:18:37,0006E239ED,K105
2014-08-12 21:20:27,0006E24C7B,K105
2014-08-12 21:20:28,0006CC24E9,K92
2014-08-12 21:20:41,0006B3B75C,K105
2014-08-12 21:21:01,00075B22B0,K105
2014-08-12 21:21:07,0006B35672,K105
2014-08-12 21:21:42,0006B3AA57,K105
2014-08-12 21:22:21,0001F7D726,K92
2014-08-12 21:22:41,00075B5ACA,K92
2014-08-12 21:22:53,0006B3BF04,K105
2014-08-12 21:23:06,0006B38CB1,K85
2014-08-12 21:23:21,0006B3AC35,K105
2014-08-12 21:24:48,0006E24ECA,K92
2014-08-12 21:25:00,0006B34FE4,K105
2014-08-12 21:25:37,00068E0D1B,K92
2014-08-12 21:26:34,0006CC3CA1,K105
2014-08-12 21:26:37,0006E241C1,K105
2014-08-12 21:26:41,00075D076C,K105
2014-08-12 21:27:15,00064407F9,K105
2014-08-12 21:27:16,0006E1EF37,K85
2014-08-12 21:27:29,0006B364E7,K85
2014-08-12 21:27:53,00075CC950,K105
2014-08-12 21:28:26,0006B3A701,K85
2014-08-12 21:28:28,00068E377E,K105
2014-08-12 21:28:32,0006E22F8C,K85
2014-08-12 21:28:47,000697B587,K105
2014-08-12 21:32:33,00061D3F49,K105
2014-08-12 21:33:42,00068E1731,K105
2014-08-12 21:35:12,0006B351BD,K85
2014-08-12 21:35:49,0006B352AD,K105
2014-08-13 03:28:22,0006B3A701,K85
2014-08-13 04:28:44,00061D3F49,K105
2014-08-13 05:46:16,0006B364E7,K85
2014-08-13 05:48:16,0006E1EF37,K85
2014-08-13 05:55:01,0006B352AD,K105
2014-08-13 05:56:13,00075B29B2,K105
2014-08-13 05:56:30,0006E24C7B,K105
2014-08-13 05:56:45,000697B587,K105
2014-08-13 05:57:49,0006B3AC35,K105
2014-08-13 05:58:25,0006B38CB1,K85
2014-08-13 05:58:28,0006E24ECA,K105
2014-08-13 05:58:48,0006B3A701,K85
2014-08-13 05:59:40,0006E22F8C,K85
2014-08-13 06:00:12,0006B3BF04,K105
2014-08-13 15:29:18,00075CC950,K105
2014-08-13 17:22:20,00075D879F,K108
2014-08-13 21:17:36,0006B38BBC,K85
2014-08-13 21:19:53,00075CC950,K105
2014-08-13 21:21:07,00075B22B0,K108
2014-08-13 21:22:47,00075D879F,K108
2014-08-13 21:24:52,0006B38CB1,K85
2014-08-13 21:26:25,00075D076C,K108
2014-08-13 21:28:20,00075B29B2,K105
2014-08-13 21:28:28,0006E241C1,K105
2014-08-13 21:28:52,0006E22F8C,K85
2014-08-13 21:29:00,00075CEE00,K105
2014-08-13 21:31:14,0006E24C7B,K105
2014-08-13 21:31:22,0006B3AA57,K108
2014-08-13 21:31:49,0006B34FE4,K108
2014-08-13 21:32:12,0006B35672,K108
2014-08-13 21:32:15,0006E24ECA,K105
2014-08-13 21:32:43,0006B3BF04,K105
2014-08-13 21:32:58,0006CC2C18,K108
2014-08-13 21:33:08,00068E0D1B,K108
2014-08-13 21:36:11,0006E1EF37,K85
2014-08-13 21:36:24,0006B364E7,K85
2014-08-13 21:36:39,000697B587,K105
2014-08-13 21:37:24,0006B3A701,K85
2014-08-13 21:37:29,0006E239ED,K92
2014-08-13 21:37:35,0006B351BD,K85
2014-08-13 21:37:47,0006CC24E9,K108
2014-08-13 21:40:46,0006B3B75C,K108
2014-08-13 21:46:01,0006B352AD,K108
2014-08-13 21:46:16,0006CC3CA1,K108
2014-08-13 21:46:27,00064407F9,K108
2014-08-13 21:49:29,00061D3F49,K108
2014-08-14 01:18:50,00075D879F,K105
2014-08-14 03:08:07,00075D879F,K105
2014-08-14 05:58:45,0006B38CB1,K85
2014-08-14 06:07:25,0006B3AC35,K92
2014-08-14 06:09:57,0006E22F8C,K85
2014-08-14 21:08:09,00075CC950,K9
2014-08-14 21:11:12,00075CE063,K9
2014-08-14 21:13:05,0006B38CB1,K85
2014-08-14 21:14:21,0006E22F8C,K85
2014-08-14 21:19:43,00075D879F,K9
2014-08-14 22:23:18,00075B29B2,K105
2014-08-15 00:17:15,00075D879F,K105
2014-08-15 00:17:51,00068E377E,K105
2014-08-15 00:19:13,00075B5ACA,K105
2014-08-15 00:22:18,00075D879F,K105
2014-08-15 00:38:23,00075CE063,K105
2014-08-15 00:38:34,00068E377E,K105
2014-08-15 00:47:19,00068E377E,K105
2014-08-15 01:01:11,00075B5ACA,K105
2014-08-15 01:14:21,0006B3BF04,K9
2014-08-15 01:14:43,00075D879F,K9
2014-08-15 01:14:49,0006B352AD,K105
2014-08-15 01:15:02,0006E25108,K9
2014-08-15 01:15:58,00068E377E,K105
2014-08-15 01:16:00,00075CE063,K105
2014-08-15 01:25:48,00068E377E,K105
2014-08-15 03:22:49,0006E25108,K9
2014-08-15 04:03:33,0006B3BF04,K105
2014-08-15 04:17:47,0006B3BF04,K9
2014-08-15 05:58:40,0006E1EF37,K85
2014-08-15 05:59:06,0006E22F8C,K85
2014-08-15 06:10:44,0006B351BD,K85
2014-08-15 21:08:26,0006E1EF37,K85
2014-08-15 21:08:32,0006B351BD,K85
2014-08-15 21:10:50,0006E22F8C,K85
2014-08-15 21:17:49,00075D879F,K92
2014-08-16 02:33:39,00075D076C,K92
2014-08-16 03:21:08,0006B3A701,K85
2014-08-16 03:58:33,0006E25108,K92
2014-08-16 04:06:03,0006B34FE4,K92
2014-08-16 04:06:08,00064407F9,K92
2014-08-16 04:08:32,0006B352AD,K92
2014-08-16 05:06:54,00075B5ACA,K92
2014-08-16 05:31:38,0006B364E7,K85
2014-08-16 05:38:20,00075D879F,K92
2014-08-16 06:03:44,0006B3AC35,K92
2014-08-16 06:04:55,0006B3A701,K85
2014-08-16 06:06:57,0006E1EF37,K85
2014-08-16 06:11:19,0006B351BD,K85
2014-08-16 06:11:27,0006E22F8C,K85
2014-08-16 21:04:56,0006B351BD,K85
2014-08-16 21:05:20,0006E1EF37,K85
2014-08-16 21:07:32,0006E22F8C,K85
2014-08-16 21:08:21,00075D879F,K92
2014-08-16 21:10:14,0006B3A701,K85
2014-08-16 21:34:05,00068E0D1B,K92
2014-08-17 00:05:50,00075D879F,K92
2014-08-17 01:02:00,00075D879F,K92
2014-08-17 01:11:51,00075D076C,K92
2014-08-17 04:31:30,0006B364E7,K85
2014-08-17 04:46:23,0006B351BD,K85
2014-08-17 04:49:28,0006B38BBC,K85
2014-08-17 05:02:42,0006B38BBC,K85
2014-08-17 05:02:48,0006B351BD,K85
2014-08-17 05:04:12,0006B38CB1,K85
2014-08-17 05:06:59,0006B364E7,K85
2014-08-17 05:44:28,00075D076C,K92
2014-08-17 05:51:22,0006B351BD,K85
2014-08-17 06:13:53,0006B3A701,K85
2014-08-17 06:16:19,0006E22F8C,K85
2014-08-17 21:00:32,0006B38BBC,K85
2014-08-17 21:05:43,00075D879F,K102
2014-08-17 21:05:55,0006E22F8C,K85
2014-08-17 21:07:13,0006B3A701,K85
2014-08-17 21:07:45,0006CC2C18,K102
2014-08-17 21:09:43,00075CC950,K102
2014-08-17 21:12:41,00075D6BD8,K102
2014-08-17 21:13:03,0006B3AC35,K102
2014-08-17 21:13:12,00068E0D1B,K92
2014-08-17 21:13:23,00075B5ACA,K102
2014-08-17 21:14:21,00075CEE00,K102
2014-08-17 21:14:33,0006E24C7B,K102
2014-08-17 21:15:41,0006E239ED,K102
2014-08-17 21:16:06,0006E241C1,K102
2014-08-17 21:17:13,00060F6D0D,K102
2014-08-17 21:17:25,0006B3BF04,K102
2014-08-17 21:17:51,00068E377E,K102
2014-08-17 21:18:11,0006B35672,K102
2014-08-17 21:18:36,00075CE063,K102
2014-08-17 21:20:42,00064407F9,K102
2014-08-17 21:22:37,00068E1731,K102
2014-08-17 21:23:53,0006B352AD,K102
2014-08-17 21:25:37,0006B3B75C,K102
2014-08-18 05:49:53,0006CC3CA1,K102
2014-08-18 05:52:27,0006B352AD,K102
2014-08-18 05:52:40,0006E239ED,K102
2014-08-18 05:53:34,00068E1731,K102
2014-08-18 05:54:32,0006B3BF04,K102
2014-08-18 05:56:38,0006CC24E9,K102
2014-08-18 05:57:03,0006B35672,K102
2014-08-18 05:58:57,0006B29E17,K102
2014-08-18 06:02:25,00075D076C,K102
2014-08-18 06:05:06,0006B3AA57,K102
2014-08-18 06:07:20,0006E241C1,K102
2014-08-18 06:09:43,0006B3AC35,K102
2014-08-18 06:25:46,0006B3A701,K85
2014-08-18 20:58:51,00075D879F,K105
2014-08-18 20:59:00,0006B3A701,K85
2014-08-18 21:03:40,000697B587,K105
2014-08-18 21:06:39,0006E24C7B,K102
2014-08-18 21:06:42,00075CC950,K102
2014-08-18 21:07:42,0006B34FE4,K102
2014-08-18 21:08:12,0006B3AC35,K105
2014-08-18 21:08:16,0006E25108,K105
2014-08-18 21:08:31,00075CEE00,K102
2014-08-18 21:09:58,00075D076C,K102
2014-08-18 21:10:10,0006B35672,K102
2014-08-18 21:10:14,0006B29E17,K102
2014-08-18 21:10:19,00060F6D0D,K102
2014-08-18 21:11:24,00068E1731,K105
2014-08-18 21:11:29,00075CE063,K102
2014-08-18 21:13:18,0001F7D726,K105
2014-08-18 21:13:43,0006B3B75C,K105
2014-08-18 21:13:52,0006CC24E9,K105
2014-08-18 21:16:41,0006B3BF04,K102
2014-08-18 21:18:36,00075D6BD8,K102
2014-08-18 21:19:19,0006E24ECA,K102
2014-08-18 21:19:46,0006B352AD,K102
2014-08-18 21:21:43,00075B29B2,K102
2014-08-18 21:23:56,00064407F9,K102
2014-08-18 21:24:06,0006B3AA57,K102
2014-08-18 23:17:52,00075D6BD8,K102
2014-08-19 03:37:39,00061D3F49,K105
2014-08-19 06:00:13,0006B3BF04,K102
2014-08-19 06:00:16,0006B3AC35,K105
2014-08-19 06:11:44,0006B3AC35,K105
2014-08-19 20:59:00,00075B22B0,K33
2014-08-19 21:09:10,0001F7D726,K102
2014-08-19 21:09:41,0006E25108,K33
2014-08-19 21:09:44,00075CE063,K102
2014-08-19 21:09:49,00068E0D1B,K33
2014-08-19 21:09:53,00075CEE00,K102
2014-08-19 21:11:20,0006B35672,K33
2014-08-19 21:11:41,0006CC2C18,K33
2014-08-19 21:13:29,0006B34FE4,K33
2014-08-19 21:13:43,0006CC3CA1,K102
2014-08-19 21:14:28,0006B3BF04,K102
2014-08-19 21:14:44,00075D879F,K33
2014-08-19 21:15:54,0006B3AA57,K33
2014-08-19 21:18:08,0006B3AC35,K33
2014-08-19 21:18:17,00075B5ACA,K33
2014-08-19 21:19:17,00068E377E,K33
2014-08-19 21:21:55,00075D076C,K33
2014-08-19 21:24:54,0006B352AD,K33
2014-08-19 21:29:39,00061D3F49,K33
2014-08-19 21:35:44,00075B22B0,K33
2014-08-20 03:08:14,00075D6BD8,K102
2014-08-20 05:34:39,00075D6BD8,K102
2014-08-20 05:37:05,00075D879F,K102
2014-08-20 05:39:59,0006B29E17,K102
2014-08-20 05:44:26,00068E377E,K102
2014-08-20 05:44:45,0006B3AA57,K102
2014-08-20 05:47:14,00075D076C,K102
2014-08-20 05:54:17,0006B3AC35,K102
2014-08-20 06:00:15,00075D076C,K102
2014-08-20 06:21:17,00075D076C,K102
2014-08-20 20:48:38,00075B22B0,K108
2014-08-20 20:49:20,00075B29B2,K102
2014-08-20 21:05:20,0006CC2C18,K108
2014-08-20 21:05:38,0006E239ED,K108
2014-08-20 21:05:49,0001F7D726,K108
2014-08-20 21:06:07,0006B35672,K108
2014-08-20 21:06:22,00075D879F,K102
2014-08-20 21:06:37,00060F6D0D,K102
2014-08-20 21:06:56,00068E0D1B,K108
2014-08-20 21:07:02,0006B34FE4,K108
2014-08-20 21:08:51,0006B3AA57,K102
2014-08-20 21:08:54,00075CE063,K108
2014-08-20 21:10:20,0006E24C7B,K102
2014-08-20 21:10:42,00075D6BD8,K102
2014-08-20 21:10:49,0006B3AC35,K108
2014-08-20 21:11:30,000697B587,K108
2014-08-20 21:12:58,0006E25108,K108
2014-08-20 21:14:10,0006B3BF04,K108
2014-08-20 21:14:29,00075D076C,K102
2014-08-20 21:15:13,0006B352AD,K108
2014-08-20 21:15:27,00068E377E,K102
2014-08-20 21:15:37,00061D3F49,K108
2014-08-20 21:16:23,00064407F9,K102
2014-08-20 21:16:25,00075CEE00,K102
2014-08-20 21:16:30,00075CC950,K102
2014-08-21 04:23:57,0006E24ECA,K102
2014-08-21 04:24:02,00075B29B2,K102
2014-08-21 05:53:34,00075D076C,K102
2014-08-21 06:03:50,00075D879F,K102
2014-08-21 06:09:56,0006B3BF04,K108
2014-08-21 06:11:44,0006B3AC35,K108
2014-08-21 06:12:04,0006E25108,K108
2014-08-21 06:13:18,00068E0D1B,K108
2014-08-21 20:44:41,00075B22B0,K108
2014-08-21 20:53:32,00075CEE00,K108
2014-08-21 20:54:13,0006B3AC35,K108
2014-08-21 20:55:24,00075D6BD8,K102
2014-08-21 20:55:27,00068E0D1B,K108
2014-08-21 20:57:28,00075CE063,K102
2014-08-21 20:58:17,00075D879F,K102
2014-08-21 20:59:08,0006B3BF04,K108
2014-08-21 20:59:09,00075B5ACA,K19
2014-08-21 20:59:17,0006E25108,K108
2014-08-21 20:59:25,0006E24C7B,K19
2014-08-21 21:01:48,00075CC950,K19
2014-08-21 21:02:02,0006B34FE4,K19
2014-08-21 21:02:31,0006B35672,K19
2014-08-21 21:02:41,0006E24ECA,K102
2014-08-21 21:02:51,0001F7D726,K19
2014-08-21 21:05:02,000697B587,K19
2014-08-21 21:05:53,00060F6D0D,K19
2014-08-21 21:07:23,0006B3AA57,K19
2014-08-21 21:07:55,00061D3F49,K19
2014-08-21 21:08:34,0006E239ED,K19
2014-08-21 21:08:40,00075D076C,K102
2014-08-21 21:10:03,00068E377E,K102
2014-08-21 21:10:17,00075B29B2,K102
2014-08-21 21:13:28,0006CC24E9,K19
2014-08-21 21:13:51,00064407F9,K19
2014-08-21 21:14:11,0006B352AD,K19
2014-08-22 00:39:24,00075D6BD8,K108
2014-08-22 00:39:32,0001F7D726,K108
2014-08-22 00:51:54,0001F7D726,K108
2014-08-22 00:51:56,00075D6BD8,K108
2014-08-22 01:06:27,00075B5ACA,K19
2014-08-22 01:46:05,00064407F9,K19
2014-08-22 03:01:12,00075CEE00,K108
2014-08-22 04:49:17,00075D6BD8,K102
2014-08-22 05:17:23,0006E24C7B,K108
2014-08-22 05:18:54,000697B587,K19
2014-08-22 05:25:12,00075D6BD8,K108
2014-08-22 05:26:59,00075B5ACA,K108
2014-08-22 05:27:47,0006E241C1,K108
2014-08-22 05:29:03,000697B587,K108
2014-08-22 05:30:47,00075CC950,K108
2014-08-22 05:33:02,00061D3F49,K108
2014-08-22 05:35:04,0006B3BF04,K108
2014-08-22 05:36:00,00060F6D0D,K108
2014-08-22 05:39:21,0006E239ED,K108
2014-08-22 05:39:31,0006B35672,K108
2014-08-22 05:43:39,0006E24C7B,K108
2014-08-22 05:45:01,0006B352AD,K108
2014-08-22 05:45:22,0006B3AA57,K108
2014-08-22 05:45:40,0001F7D726,K108
2014-08-22 05:45:53,0006E25108,K108
2014-08-22 05:46:14,0006B3B75C,K108
2014-08-22 05:47:35,0006CC2C18,K108
2014-08-22 05:49:42,0006B3AC35,K108
2014-08-22 05:52:37,00075D6BD8,K108
2014-08-22 05:54:24,00075D076C,K108
2014-08-22 05:55:00,00075CE063,K108
2014-08-22 06:03:36,0006E239ED,K108
2014-08-22 06:09:50,0006B3AC35,K108
2014-08-22 20:49:58,00075B22B0,K108
2014-08-22 20:50:23,00075CE063,K108
2014-08-22 20:50:58,00075D879F,K108
2014-08-22 20:56:02,0006B3AC35,K108
2014-08-22 20:56:57,0006B34FE4,K108
2014-08-22 20:57:03,0006B35672,K108
2014-08-22 20:58:39,00060F6D0D,K108
2014-08-22 20:58:48,00075B5ACA,K108
2014-08-22 20:59:36,000697B587,K108
2014-08-22 20:59:53,00075CEE00,K108
2014-08-22 21:00:52,00068E0D1B,K108
2014-08-22 21:01:06,00075CC950,K108
2014-08-22 21:01:10,0006B3AA57,K108
2014-08-22 21:02:07,00075D6BD8,K108
2014-08-22 21:02:09,0006E241C1,K108
2014-08-22 21:02:37,00068E1731,K108
2014-08-22 21:03:24,0001F7D726,K108
2014-08-22 21:03:40,00061D3F49,K108
2014-08-22 21:03:45,00075D076C,K108
2014-08-22 21:04:38,0006E239ED,K108
2014-08-22 21:04:47,0006E24C7B,K108
2014-08-22 21:07:30,0006B352AD,K108
2014-08-22 21:09:22,0006B3BF04,K108
2014-08-22 21:11:26,0006E25108,K108
2014-08-22 21:11:37,00075B29B2,K108
2014-08-22 21:11:39,00068E377E,K108
2014-08-23 00:26:37,00075D6BD8,K108
2014-08-23 18:43:05,00075CEE00,K19
2014-08-23 20:47:31,00075D6BD8,K19
2014-08-23 20:47:37,00075B22B0,K19
2014-08-23 20:50:45,00075D879F,K19
2014-08-23 20:53:07,00075CE063,K19
2014-08-23 20:53:11,0006B3AC35,K19
2014-08-23 20:55:01,00075B5ACA,K19
2014-08-23 20:56:26,00075D076C,K19
2014-08-23 20:56:43,0001F7D726,K19
2014-08-23 20:57:01,0006E24C7B,K19
2014-08-23 20:58:43,0006B35672,K19
2014-08-23 20:58:58,0006E241C1,K19
2014-08-23 20:59:38,00075CEE00,K19
2014-08-23 21:04:49,000697B587,K76
2014-08-23 21:06:47,0006B352AD,K19
2014-08-23 21:07:00,0006E25108,K19
2014-08-23 21:07:42,00075CC950,K76
2014-08-23 21:08:47,00068E377E,K76
2014-08-23 21:09:02,0006B3B75C,K19
2014-08-23 21:09:06,0006E239ED,K19
2014-08-23 21:09:12,00060F6D0D,K19
2014-08-23 21:10:16,00068E0D1B,K19
2014-08-23 21:14:49,00075B29B2,K19
2014-08-23 21:15:09,0006B3BF04,K19
2014-08-23 21:16:46,0006CC24E9,K19
2014-08-23 21:20:29,00061D3F49,K19
2014-08-23 21:24:24,00064407F9,K19
2014-08-24 01:14:21,00075B29B2,K76
2014-08-24 03:07:50,00075D6BD8,K19
2014-08-24 04:06:31,00075B29B2,K76
2014-08-24 04:17:38,0006B3AC35,K76
2014-08-24 04:17:41,00075B22B0,K76
2014-08-24 04:18:27,00061D3F49,K76
2014-08-24 04:24:49,0006B35672,K76
2014-08-24 04:35:04,0006B35672,K76
2014-08-24 04:36:07,00061D3F49,K76
2014-08-24 05:02:48,00075D076C,K76
2014-08-24 05:15:33,00075D879F,K19
2014-08-24 05:16:47,0006CC24E9,K19
2014-08-24 05:17:40,0006B352AD,K19
2014-08-24 05:20:47,0006B34FE4,K76
2014-08-24 05:44:57,0006B3BF04,K19
2014-08-24 05:54:24,00075CEE00,K19
2014-08-24 05:54:59,0001F7D726,K19
2014-08-24 05:59:53,0006E239ED,K19
2014-08-24 06:05:46,0006B34FE4,K76
2014-08-24 06:18:40,0006E25108,K19
2014-08-24 06:19:12,00075CE063,K19
2014-08-24 20:57:30,00075B22B0,K19
2014-08-24 21:00:19,00075D879F,K19
2014-08-24 21:00:43,0006E25108,K19
2014-08-24 21:04:54,00075CE063,K19
2014-08-24 21:06:19,00075D6BD8,K19
2014-08-24 21:07:32,0006B34FE4,K76
2014-08-24 21:07:51,00075B5ACA,K19
2014-08-24 21:07:55,00075CEE00,K19
2014-08-24 21:10:50,0006B3AC35,K76
2014-08-24 21:10:59,0001F7D726,K19
2014-08-24 21:11:14,00075CC950,K76
2014-08-24 21:12:13,00068E0D1B,K19
2014-08-24 21:13:24,00075D076C,K76
2014-08-24 21:14:09,000697B587,K76
2014-08-24 21:14:38,0006B35672,K76
2014-08-24 21:15:09,00075B29B2,K76
2014-08-24 21:15:17,0006CC24E9,K19
2014-08-24 21:16:32,0006E24ECA,K76
2014-08-24 21:17:16,0006B3AA57,K76
2014-08-24 21:19:36,00068E377E,K76
2014-08-24 21:20:57,0006B352AD,K19
2014-08-24 21:24:27,0006B3BF04,K19
2014-08-24 22:21:20,00075D6BD8,K19
2014-08-24 22:42:54,0001F7D726,K19
2014-08-25 05:16:29,00068E377E,K76
2014-08-25 05:19:16,000697B587,K76
2014-08-25 06:09:12,00075B5ACA,K19
2014-08-25 06:10:29,0006B3AC35,K19
2014-08-25 06:15:45,0006E25108,K19
2014-08-25 20:54:27,00075B22B0,K19
2014-08-25 20:56:37,00075D879F,K19
2014-08-25 20:59:19,0006B3AC35,K19
2014-08-25 21:00:04,00075CE063,K19
2014-08-25 21:00:57,0006E25108,K19
2014-08-25 21:03:59,0006B3AA57,K76
2014-08-25 21:05:14,00075CC950,K76
2014-08-25 21:05:29,000697B587,K76
2014-08-25 21:05:35,00075D076C,K76
2014-08-28 20:39:48,00075D879F,K76
2014-08-28 20:45:53,00075CC950,K76
2014-08-28 20:47:23,00068E0D1B,K76
2014-08-28 20:50:00,0006E24ECA,K76
2014-08-28 20:50:45,00075D076C,K84
2014-08-28 20:51:23,0006CC2C18,K84
2014-08-28 20:52:29,00075CEE00,K84
2014-08-28 20:53:20,00075CE063,K84
2014-08-28 20:54:24,00060F6D0D,K84
2014-08-28 20:54:25,0006B352AD,K76
2014-08-28 20:55:33,0006B34FE4,K84
2014-08-28 20:56:05,0006E241C1,K84
2014-08-28 20:56:59,0006B3BF04,K84
2014-08-28 20:57:41,00075D6BD8,K84
2014-08-28 20:57:57,00068E377E,K84
2014-08-28 20:59:38,0006E24C7B,K84
2014-08-29 06:10:00,0006B35672,K84
2014-08-29 06:11:26,0006E239ED,K84
2014-08-29 06:13:09,0006B352AD,K84
2014-08-29 06:15:54,0006B3AC35,K84
2014-08-29 06:16:17,0006B29E17,K84
2014-08-29 06:18:24,0006E24C7B,K84
2014-08-29 06:19:26,0006B3BF04,K84
2014-08-29 06:20:44,00075D076C,K84
2014-08-29 06:21:42,0006E241C1,K84
2014-08-29 06:24:09,00075D6BD8,K84
2014-08-29 20:43:16,0006B3AC35,K84
2014-08-29 20:43:43,00075CEE00,K84
2014-08-29 20:45:19,0006E24C7B,K84
2014-08-29 20:45:23,0006E241C1,K84
2014-08-29 20:45:29,00064407F9,K84
2014-08-29 20:46:05,0006B35672,K84
2014-08-29 20:46:22,00075D6BD8,K84
2014-08-29 20:46:25,0006B29E17,K84
2014-08-29 20:46:58,00075D076C,K84
2014-08-29 20:49:16,00068E377E,K84
2014-08-29 20:49:41,0006E25108,K84
2014-08-29 20:50:49,00060F6D0D,K84
2014-08-29 20:51:51,0006B3BF04,K84
2014-08-29 20:53:41,0006E239ED,K84
2014-08-29 20:54:12,0006B3B75C,K84
2014-08-29 20:54:14,00061D3F49,K84
2014-08-29 20:54:52,0006B34FE4,K84
2014-08-29 20:55:10,0006B352AD,K84
2014-08-29 20:55:31,0006B3AA57,K84
2014-08-30 05:14:30,00075D6BD8,K84
2014-08-30 05:18:09,0006B29E17,K84
2014-08-30 05:18:39,00060F6D0D,K84
2014-08-30 05:33:00,0006B352AD,K84
2014-08-30 05:38:54,0006B3AA57,K84
2014-08-30 05:50:21,00075D076C,K84
2014-08-30 20:35:01,0001F7D726,K84
2014-08-30 20:43:53,00075D879F,K9
2014-08-30 20:43:58,00075B5ACA,K84
2014-08-30 20:44:34,0006B34FE4,K84
2014-08-30 20:45:01,0006E24C7B,K84
2014-08-30 20:45:46,0006E241C1,K84
2014-08-30 20:45:52,00064407F9,K84
2014-08-30 20:45:56,0006CC24E9,K84
2014-08-30 20:46:34,00075CE063,K9
2014-08-30 20:47:01,0006E25108,K84
2014-08-30 20:47:14,00075CC950,K9
2014-08-30 20:49:30,0006E239ED,K9
2014-08-30 20:49:39,00061D3F49,K84
2014-08-30 20:49:51,0006B3BF04,K84
2014-08-30 20:49:57,0006E24ECA,K84
2014-08-30 20:51:03,00060F6D0D,K84
2014-08-30 20:51:24,00075D076C,K84
2014-08-30 20:51:43,0006B3AC35,K9
2014-08-30 20:52:45,00075B29B2,K9
2014-08-30 20:52:52,00075CEE00,K9
2014-08-30 20:54:07,0006B3B75C,K9
2014-08-30 20:57:32,0006B352AD,K84
2014-08-31 04:47:45,00075D076C,K84
2014-08-31 05:02:49,00060F6D0D,K84
2014-08-31 05:19:55,0006B3BF04,K84
2014-08-31 05:24:18,00075CEE00,K9
2014-08-31 05:27:38,0006B352AD,K84
2014-08-31 05:42:14,0006E239ED,K9
2014-08-31 05:55:34,0006E239ED,K9
2014-08-31 05:57:42,00075B29B2,K9
2014-08-31 06:17:58,0006E25108,K84
2014-08-31 06:24:25,00075D6BD8,K84
2014-08-31 20:42:06,00075D879F,K84
2014-08-31 20:44:00,00075B29B2,K9
2014-08-31 20:44:42,00075CE063,K9
2014-08-31 20:51:34,00064407F9,K84
2014-08-31 20:52:04,00075CC950,K9
2014-08-31 20:52:16,0006E239ED,K9
2014-08-31 20:55:14,00075B5ACA,K84
2014-08-31 20:55:18,0006E25108,K84
2014-08-31 20:55:21,00075D076C,K84
2014-08-31 20:59:10,00075CEE00,K84
2014-08-31 21:01:33,0006B3BF04,K84
2014-08-31 21:02:14,00061D3F49,K84
2014-08-31 21:05:10,0006B352AD,K84
2014-08-31 23:20:04,00075CEE00,K84
2014-09-01 05:58:39,00075D879F,K9
2014-09-01 06:05:30,0006B34FE4,K9
2014-09-01 06:05:46,00075D879F,K9
2014-09-01 06:09:04,0006B3BF04,K9
2014-09-01 06:14:53,00075CEE00,K9
2014-09-01 06:28:34,00075D6BD8,K84
2014-09-01 06:34:23,00075D6BD8,K84
2014-09-01 20:39:04,00075D879F,K9
2014-09-01 20:43:41,00075CE063,K9
2014-09-01 20:46:49,00075D6BD8,K9
2014-09-01 20:47:06,0006B34FE4,K9
2014-09-01 20:49:48,00075CC950,K9
2014-09-01 20:56:25,0006B3BF04,K9
2014-09-01 20:59:54,00075CEE00,K9
2014-09-02 00:51:12,0001F7D726,K9
2014-09-02 03:47:23,00061D3F49,K9
2014-09-02 05:30:04,0001F7D726,K9
2014-09-02 05:30:22,0006E241C1,K9
2014-09-02 05:30:32,0006E24C7B,K9
2014-09-02 05:30:37,0006B3AC35,K9
2014-09-02 05:33:35,0006B3AA57,K9
2014-09-02 05:33:55,00075B29B2,K9
2014-09-02 05:35:40,0006B352AD,K9
2014-09-02 05:35:50,00064407F9,K9
2014-09-02 05:35:54,0006B35672,K9
2014-09-02 05:39:43,0006B29E17,K9
2014-09-02 05:42:36,0006B3AC35,K9
2014-09-02 05:50:22,0006CC24E9,K9
2014-09-02 06:00:24,00075D076C,K9
2014-09-02 06:00:35,00068E0D1B,K9
2014-09-02 06:06:27,0006E239ED,K9
2014-09-02 06:12:29,0006B3BF04,K9
2014-09-02 06:15:38,0006B3B75C,K9
2014-09-02 06:16:14,00075CEE00,K9
2014-09-02 06:16:59,0006B3AC35,K9
2014-09-02 06:17:23,00075D879F,K9
2014-09-02 06:23:36,00075CE063,K9
2014-09-02 06:25:51,0006E25108,K9
2014-09-02 20:27:23,00075B29B2,K9
2014-09-02 20:30:20,00075B22B0,K9
2014-09-02 20:33:52,00075B5ACA,K9
2014-09-02 20:34:25,00075CE063,K9
2014-09-02 20:36:24,0006B29E17,K9
2014-09-02 20:36:27,00075D879F,K9
2014-09-02 20:36:30,00075CC950,K9
2014-09-02 20:36:36,00064407F9,K9
2014-09-02 20:36:52,0006CC2C18,K9
2014-09-02 20:37:22,00075CEE00,K9
2014-09-02 20:37:41,0006E25108,K9
2014-09-02 20:38:04,0006E241C1,K9
2014-09-02 20:38:20,0006B3B75C,K9
2014-09-02 20:38:23,0001F7D726,K9
2014-09-02 20:38:51,00061D3F49,K9
2014-09-02 20:41:30,0006E24ECA,K9
2014-09-02 20:42:17,0006B34FE4,K9
2014-09-02 20:42:47,0006CC24E9,K9
2014-09-02 20:42:52,00068E0D1B,K9
2014-09-02 20:44:03,0006B3AC35,K9
2014-09-02 20:44:12,0006E24C7B,K9
2014-09-02 20:45:38,00075D076C,K9
2014-09-02 20:45:51,0006B35672,K9
2014-09-02 20:45:57,000697B587,K9
2014-09-02 20:47:53,00068E377E,K9
2014-09-02 20:48:20,0006E239ED,K9
2014-09-02 20:48:52,0006B3BF04,K9
2014-09-02 20:52:04,0006B352AD,K9
2014-09-03 03:01:25,00064407F9,K9
2014-09-03 05:41:06,00068E377E,K9
2014-09-03 05:52:14,0006B29E17,K9
2014-09-03 05:53:47,0006E241C1,K9
2014-09-03 05:55:09,00060F6D0D,K9
2014-09-03 05:56:52,0006B35672,K9
2014-09-03 06:00:49,00075D879F,K9
2014-09-03 06:01:09,0006B352AD,K9
2014-09-03 06:05:02,0006B3AC35,K9
2014-09-03 06:05:09,00075D076C,K9
2014-09-03 06:05:15,0006E239ED,K9
2014-09-03 06:07:39,0006B3AA57,K9
2014-09-03 06:08:56,0006B3BF04,K9
2014-09-03 06:09:09,00075CEE00,K9
2014-09-03 06:11:14,0006E25108,K9
2014-09-03 06:39:39,0006E24C7B,K9
2014-09-03 20:27:01,00075B22B0,K9
2014-09-03 20:34:17,00075CC950,K9
2014-09-03 20:34:25,00075D879F,K9
2014-09-03 20:35:09,00075D6BD8,K9
2014-09-03 20:35:18,0006B29E17,K9
2014-09-03 20:35:34,00075B5ACA,K9
2014-09-03 20:35:43,00068E0D1B,K9
2014-09-03 20:36:38,0006E24ECA,K9
2014-09-03 20:43:49,00075CEE00,K9
2014-09-03 20:46:14,00075CE063,K9
2014-09-03 20:47:17,0006E25108,K9
2014-09-03 20:47:20,0006E239ED,K9
2014-09-03 20:47:28,00060F6D0D,K9
2014-09-03 20:48:50,00075D076C,K9
2014-09-03 20:48:57,0006E241C1,K9
2014-09-03 20:50:21,0006B3BF04,K9
2014-09-03 20:50:45,00061D3F49,K9
2014-09-03 20:52:01,0006E24C7B,K9
2014-09-03 20:52:10,000697B587,K9
2014-09-03 20:53:45,0006B3B75C,K9
2014-09-03 20:53:52,00075B29B2,K9
2014-09-03 20:56:52,0006B3AA57,K9
2014-09-03 20:57:15,0006B35672,K9
2014-09-03 20:58:15,0001F7D726,K9
2014-09-03 21:00:06,0006B352AD,K9
2014-09-04 06:15:54,00060F6D0D,K9
2014-09-04 06:16:06,0006E24C7B,K9
2014-09-04 06:16:35,00068E377E,K9
2014-09-04 06:19:27,00075D076C,K9
2014-09-04 06:20:53,0006E239ED,K9
2014-09-04 06:24:20,0006B3BF04,K9
2014-09-04 06:25:40,0006B29E17,K9
2014-09-04 06:29:25,0006B35672,K9
2014-09-04 06:29:30,0006B3AA57,K9
2014-09-04 06:30:16,0006B352AD,K9
2014-09-04 06:31:45,00075B5ACA,K9
2014-09-04 06:33:04,0006E25108,K9
2014-09-04 06:33:46,0006E241C1,K9
2014-09-04 06:36:03,00075B29B2,K9
2014-09-05 12:14:47,00075B5ACA,K105
2014-09-05 20:30:08,0006E241C1,K105
2014-09-05 20:30:15,0006CC2C18,K105
2014-09-05 20:32:01,00075D879F,K92
2014-09-05 20:35:09,0001F7D726,K92
2014-09-05 20:35:53,0006E24ECA,K92
2014-09-05 20:36:27,0006E24C7B,K92
2014-09-05 20:36:29,00075B5ACA,K105
2014-09-05 20:36:55,0006E25108,K105
2014-09-05 20:37:19,00075CC950,K92
2014-09-05 20:37:24,000697B587,K92
2014-09-05 20:39:32,0006CC24E9,K92
2014-09-05 20:39:46,0006E239ED,K105
2014-09-05 20:40:03,00075D6BD8,K105
2014-09-05 20:40:15,00064407F9,K92
2014-09-05 20:40:24,0006B3BF04,K105
2014-09-05 20:45:58,0006B352AD,K92
2014-09-06 06:02:35,0006B29E17,K76
2014-09-06 06:15:36,0006E239ED,K105
2014-09-06 06:15:53,00075B5ACA,K105
2014-09-06 06:16:15,00075CE063,K105
2014-09-06 06:16:27,00064407F9,K105
2014-09-06 06:25:00,0006B3AA57,K76
2014-09-06 06:26:50,00075D879F,K76
2014-09-06 06:27:22,0006E25108,K105
2014-09-06 06:30:29,0006B3AA57,K105
2014-09-06 20:26:45,00064407F9,K105
2014-09-06 20:27:37,00075CE063,K105
2014-09-06 20:27:53,00075B5ACA,K105
2014-09-06 20:28:03,0006E25108,K105
2014-09-06 20:30:31,0006E239ED,K105
2014-09-06 20:30:43,00075CEE00,K105
2014-09-06 20:31:06,0006B3AA57,K105
2014-09-07 00:24:02,00075CEE00,K105
2014-09-07 00:43:49,00075CEE00,K105
2014-09-07 06:10:50,00075CE063,K105
2014-09-07 06:12:43,0006E239ED,K105
2014-09-07 06:13:32,0006B3BF04,K105
2014-09-07 06:17:43,0006E24C7B,K105
2014-09-07 06:19:17,00075B29B2,K105
2014-09-07 06:19:56,0006E25108,K105
2014-09-07 06:21:12,00075D6BD8,K105
2014-09-07 16:27:18,00075CC950,K95
2014-09-07 20:18:54,00075D6BD8,K105
2014-09-07 20:21:11,00075CE063,K105
2014-09-07 20:22:51,00075B5ACA,K95
2014-09-07 20:23:23,000697B587,K95
2014-09-07 20:24:59,00075B22B0,K95
2014-09-07 20:25:20,0006E24C7B,K105
2014-09-07 20:25:23,00075D879F,K95
2014-09-07 20:25:52,0006E241C1,K95
2014-09-07 20:26:18,0006E24ECA,K95
2014-09-07 20:27:06,0006CC2C18,K95
2014-09-07 20:27:18,0006E25108,K105
2014-09-07 20:27:32,00075B29B2,K105
2014-09-07 20:27:43,0006B35672,K95
2014-09-07 20:28:00,0006B3AC35,K95
2014-09-07 20:28:17,00075CC950,K95
2014-09-07 20:28:22,00068E0D1B,K95
2014-09-07 20:29:37,00075CEE00,K105
2014-09-07 20:29:51,0006E239ED,K105
2014-09-07 20:30:15,0006B3BF04,K105
2014-09-07 20:31:38,00075D076C,K95
2014-09-07 20:31:43,00064407F9,K95
2014-09-07 20:32:21,00061D3F49,K95
2014-09-07 20:32:37,0006B34FE4,K95
2014-09-07 20:32:41,0006CC24E9,K95
2014-09-07 20:32:51,0006B3AA57,K95
2014-09-07 20:33:10,0001F7D726,K95
2014-09-07 20:34:56,00068E377E,K95
2014-09-07 20:35:29,0006B352AD,K95
2014-09-07 20:36:32,0006B3B75C,K95
2014-09-08 06:55:57,00075CEE00,K105
2014-09-08 20:18:01,00075B22B0,K94
2014-09-08 20:23:22,0006B35672,K94
2014-09-08 20:24:32,00075CEE00,K94
2014-09-08 20:24:42,0006B29E17,K94
2014-09-08 20:25:34,0006E24ECA,K94
2014-09-08 20:25:45,00075CE063,K94
2014-09-08 20:25:53,00075B5ACA,K94
2014-09-08 20:25:59,00068E0D1B,K94
2014-09-08 20:26:16,0006E24C7B,K94
2014-09-08 20:27:14,00075B29B2,K94
2014-09-08 20:27:22,0006B34FE4,K94
2014-09-08 20:28:18,000697B587,K94
2014-09-08 20:28:24,0006E241C1,K94
2014-09-08 20:28:59,0006E25108,K94
2014-09-08 20:29:01,00075CC950,K94
2014-09-08 20:29:33,0001F7D726,K94
2014-09-08 20:30:25,00075D6BD8,K94
2014-09-08 20:31:00,0006CC2C18,K94
2014-09-08 20:31:07,0006E239ED,K94
2014-09-08 20:34:31,0006CC24E9,K94
2014-09-08 20:34:35,0006B3B75C,K94
2014-09-08 20:35:45,00068E377E,K94
2014-09-08 20:36:07,00075D076C,K94
2014-09-08 20:36:17,0006B3AA57,K94
2014-09-08 20:38:08,0006B3BF04,K94
2014-09-08 20:41:30,0006B352AD,K94
2014-09-09 05:42:06,0006CC2C18,K94
2014-09-09 05:59:35,0006B34FE4,K94
2014-09-09 06:08:10,0006B352AD,K94
2014-09-09 06:11:09,0006CC24E9,K94
2014-09-09 06:16:48,00075B22B0,K94
2014-09-09 06:21:52,00068E377E,K94
2014-09-09 06:27:58,0006B3B75C,K94
2014-09-09 06:31:51,0006E25108,K94
2014-09-09 06:40:35,00075D076C,K94
2014-09-09 06:42:23,0006B35672,K94
2014-09-09 20:12:00,00075B22B0,K94
2014-09-09 20:18:26,00075CC950,K94
2014-09-09 20:18:29,00075D879F,K94
2014-09-09 20:19:53,0006B29E17,K94
2014-09-09 20:21:32,00075B29B2,K94
2014-09-09 20:21:45,000697B587,K94
2014-09-09 20:21:48,0006E24C7B,K94
2014-09-09 20:22:39,00075CEE00,K94
2014-09-09 20:23:28,00075CE063,K94
2014-09-09 20:24:40,0001F7D726,K94
2014-09-09 20:25:07,00064407F9,K94
2014-09-09 20:25:44,0006E24ECA,K94
2014-09-09 20:26:05,0006CC24E9,K94
2014-09-09 20:26:30,00075B5ACA,K94
2014-09-09 20:27:04,00075D6BD8,K94
2014-09-09 20:28:10,0006B3BF04,K94
2014-09-09 20:28:23,0006B3AA57,K94
2014-09-09 20:29:07,0006B34FE4,K94
2014-09-09 20:30:13,0006CC2C18,K94
2014-09-09 20:30:18,0006E239ED,K94
2014-09-09 20:34:59,00061D3F49,K1
2014-09-09 20:35:10,0006B3AC35,K1
2014-09-09 20:35:34,00075D076C,K94
2014-09-09 20:36:52,0006B3B75C,K94
2014-09-09 20:39:41,0006B352AD,K94
2014-09-10 01:09:35,00061D3F49,K1
2014-09-10 01:25:21,00061D3F49,K1
2014-09-10 01:48:54,00064407F9,K94
2014-09-10 04:12:03,00064407F9,K94
2014-09-10 05:37:58,00075B22B0,K94
2014-09-10 06:16:51,00075D076C,K94
2014-09-10 06:21:01,00075CE063,K94
2014-09-10 06:22:03,00075CC950,K94
2014-09-10 06:27:04,0006E25108,K94
2014-09-10 06:29:08,00061D3F49,K1
2014-09-10 06:35:40,00075CEE00,K94
2014-09-10 06:37:01,00061D3F49,K1
2014-09-10 06:45:52,0006E241C1,K94
2014-09-10 06:47:58,00061D3F49,K1
2014-09-10 06:53:21,00061D3F49,K94
2014-09-10 20:14:44,00075D879F,K9
2014-09-10 20:16:19,0006E241C1,K9
2014-09-10 20:21:08,00075B22B0,K9
2014-09-10 20:26:15,00075D6BD8,K9
2014-09-10 20:26:22,0006E24ECA,K9
2014-09-10 20:26:31,00075CC950,K9
2014-09-10 20:26:54,00075CEE00,K9
2014-09-10 20:31:08,00075B5ACA,K9
2014-09-10 20:31:24,00075B29B2,K9
2014-09-10 20:32:18,00061D3F49,K9
2014-09-10 20:33:11,00075D076C,K9
2014-09-10 20:34:25,0006B3AA57,K9
2014-09-10 20:34:34,00075CE063,K9
2014-09-10 20:42:45,0006E25108,K9
2014-09-10 20:51:35,0006B3AC35,K9
2014-09-10 20:52:23,0006B352AD,K9
2014-09-10 20:56:59,00064407F9,K9
2014-09-10 22:17:19,00068E377E,K9
2014-09-11 00:37:53,00075CE063,K9
2014-09-11 01:29:06,00075D076C,K9
2014-09-11 02:57:43,00075D879F,K9
2014-09-11 05:43:12,00075D6BD8,K9
2014-09-11 06:39:52,0006E241C1,K9
2014-09-11 20:31:09,00075CC950,K94
2014-09-11 20:31:32,00075B22B0,K94
2014-09-11 21:04:31,00075D879F,K94
2014-09-11 21:13:40,0006E241C1,K94
2014-09-11 21:18:56,00075B5ACA,K94
2014-09-11 21:21:41,00075B29B2,K94
2014-09-11 21:29:12,0006B3BF04,K94
2014-09-11 21:30:14,0006B3AA57,K94
2014-09-11 22:36:09,00075D6BD8,K94
2014-09-13 19:58:39,00075CEE00,K94
2014-09-13 20:01:31,00075D879F,K94
2014-09-13 20:04:03,0006E24C7B,K94
2014-09-13 20:11:14,00060F6D0D,K94
2014-09-13 20:13:01,00075D076C,K94
2014-09-13 20:15:51,00075B29B2,K94
2014-09-13 20:17:23,00075CC950,K94
2014-09-13 20:19:21,00075D6BD8,K94
2014-09-13 20:22:53,0006E24ECA,K94
2014-09-13 20:40:26,0006B3AA57,K94
2014-09-14 20:04:30,0006E24C7B,K7
2014-09-14 20:04:49,00075B29B2,K94
2014-09-14 20:06:55,00075CE063,K7
2014-09-14 20:07:14,00075B22B0,K94
2014-09-14 20:09:16,00075D076C,K94
2014-09-14 20:09:19,0006E24ECA,K94
2014-09-14 20:13:21,00075B5ACA,K7
2014-09-14 20:13:36,0006B34FE4,K7
2014-09-14 20:17:01,00060F6D0D,K7
2014-09-14 20:18:19,0006B352AD,K7
2014-09-14 20:18:39,0006E239ED,K7
2014-09-14 20:19:10,00075CEE00,K7
2014-09-14 20:20:25,0006B3BF04,K7
2014-09-14 20:21:25,00068E377E,K7
2014-09-14 20:25:29,000697B587,K7
2014-09-15 06:34:23,00060F6D0D,K7
2014-09-15 06:43:26,0001F7D726,K7
2014-09-15 06:43:49,0006CC24E9,K7
2014-09-15 06:44:20,0006E239ED,K7
2014-09-15 06:48:07,0006B3BF04,K7
2014-09-15 06:57:42,00061D3F49,K7
2014-09-15 20:00:47,0006E24ECA,K7
2014-09-15 20:02:07,00075D879F,K7
2014-09-15 20:02:12,00075CEE00,K7
2014-09-15 20:02:36,00075B5ACA,K7
2014-09-15 20:04:00,0006B35672,K7
2014-09-15 20:09:45,0006E239ED,K7
2014-09-15 20:09:54,0006B3BF04,K7
2014-09-15 20:10:05,0006B352AD,K7
2014-09-15 20:10:27,00068E377E,K7
2014-09-15 20:12:59,0006E24C7B,K107
2014-09-15 20:15:39,00075CC950,K107
2014-09-15 20:18:37,00061D3F49,K107
2014-09-16 04:01:09,0006E24ECA,K107
2014-09-16 04:03:40,00061D3F49,K107
2014-09-16 04:03:57,00075B29B2,K107
2014-09-16 04:49:07,00061D3F49,K107
2014-09-16 06:08:13,0006B3AA57,K107
2014-09-16 06:08:26,00075D076C,K107
2014-09-16 06:10:48,000697B587,K107
2014-09-16 06:14:20,0006E24C7B,K107
2014-09-16 06:16:11,0006E24ECA,K107
2014-09-16 06:23:08,00060F6D0D,K107
2014-09-16 06:37:23,00061D3F49,K107
2014-09-16 06:38:44,0006E25108,K107
2014-09-16 06:39:22,0006B34FE4,K107
2014-09-16 06:40:43,00075D076C,K107
2014-09-16 06:46:54,00075B5ACA,K107
2014-09-16 06:48:38,0006B29E17,K107
2014-09-16 06:51:12,0006B35672,K107
2014-09-16 06:52:58,00075D076C,K107
2014-09-16 20:07:19,00075CE063,K107
2014-09-16 20:07:45,0006B352AD,K11
2014-09-16 20:08:01,00075B29B2,K107
2014-09-16 20:08:24,00075B5ACA,K107
2014-09-16 20:10:09,00075CC950,K107
2014-09-16 20:10:58,00075D076C,K107
2014-09-16 20:11:27,00075B22B0,K78
2014-09-16 20:12:11,0006E239ED,K78
2014-09-16 20:12:14,00075CEE00,K78
2014-09-16 20:13:33,0006B34FE4,K107
2014-09-16 20:14:52,0006E24C7B,K107
2014-09-16 20:15:18,00061D3F49,K107
2014-09-16 20:18:50,00064407F9,K78
2014-09-16 20:19:39,0006CC24E9,K78
2014-09-16 20:30:49,0006B3BF04,K18
2014-09-16 22:03:44,00060F6D0D,K107
2014-09-16 22:07:18,0006B29E17,K107
2014-09-17 01:58:57,0006B29E17,K107
2014-09-17 03:17:09,0006B35672,K107
2014-09-17 03:33:12,00061D3F49,K107
2014-09-17 03:55:14,00075B5ACA,K107
2014-09-17 05:40:36,0006B29E17,K107
2014-09-17 05:53:09,0006B3BF04,K107
2014-09-17 05:53:40,0006B352AD,K107
2014-09-17 05:53:53,000697B587,K107
2014-09-17 05:54:36,0001F7D726,K107
2014-09-17 06:00:10,0006E24ECA,K107
2014-09-17 06:00:34,00075B29B2,K107
2014-09-17 06:01:57,0006B3AA57,K107
2014-09-17 06:08:19,00060F6D0D,K107
2014-09-17 06:12:08,0006B35672,K107
2014-09-17 06:20:06,00075B5ACA,K107
2014-09-17 06:29:43,0006E25108,K107
2014-09-17 06:30:07,00075D076C,K107
2014-09-17 06:33:37,0006E24C7B,K107
2014-09-17 06:33:44,00075CEE00,K78
2014-09-17 06:40:21,00061D3F49,K107
2014-09-17 06:44:36,0006B3AC35,K78
2014-09-17 06:45:16,000697B587,K107
2014-09-17 06:47:25,0006E241C1,K107
2014-09-17 06:50:54,00075D879F,K107
2014-09-17 06:51:12,00075B29B2,K107
2014-09-17 19:42:07,00075CE063,K107
2014-09-17 20:00:13,00075D076C,K107
2014-09-17 20:05:03,00075CEE00,K78
2014-09-17 20:10:04,00068E377E,K107
2014-09-17 20:10:24,00075CC950,K107
2014-09-17 20:10:47,0006E24C7B,K107
2014-09-17 20:11:07,00061D3F49,K107
2014-09-17 20:13:03,0006B3BF04,K107
2014-09-17 20:14:05,00064407F9,K78
2014-09-17 20:17:18,0006B352AD,K107
2014-09-18 05:16:21,00075B5ACA,K107
2014-09-18 06:06:05,0006B29E17,K107
2014-09-18 06:11:02,0006E24C7B,K107
2014-09-18 06:17:35,0006B352AD,K107
2014-09-18 06:18:06,0006E24ECA,K107
2014-09-18 06:25:41,00064407F9,K107
2014-09-18 06:29:21,00060F6D0D,K107
2014-09-18 06:41:29,0006E25108,K107
2014-09-18 06:46:30,0006B3AC35,K107
2014-09-18 06:48:19,00061D3F49,K78
2014-09-18 06:49:03,0006B34FE4,K78
2014-09-18 06:54:13,0006B35672,K107
2014-09-18 06:55:09,00075D879F,K107
2014-09-18 06:56:39,00075B29B2,K107
2014-09-18 06:59:23,0006E241C1,K107
2014-09-18 06:59:42,0006B3BF04,K107
2014-09-18 07:02:03,00061D3F49,K107
2014-09-18 19:50:43,00075CEE00,K107
2014-09-18 19:55:49,0006E24C7B,K107
2014-09-18 19:58:26,0006E24ECA,K107
2014-09-18 20:07:13,0006B3BF04,K107
2014-09-19 20:07:16,0006E24C7B,K78
2014-09-19 20:07:18,0006B3AC35,K78
2014-09-19 20:07:23,00061D3F49,K78
2014-09-19 20:08:35,0006B34FE4,K78
2014-09-19 20:08:53,00075CEE00,K78
2014-09-19 20:11:15,0006E24ECA,K78
2014-09-19 20:11:49,00075CC950,K78
2014-09-19 20:14:38,00075D076C,K78
2014-09-19 20:15:12,0006E239ED,K78
2014-09-19 20:16:12,0006B352AD,K78
2014-09-19 20:16:15,00064407F9,K78
2014-09-20 03:55:10,00075B5ACA,K78
2014-09-20 06:04:43,00075B5ACA,K78
2014-09-20 06:09:24,0006B29E17,K78
2014-09-20 06:28:15,00075D076C,K78
2014-09-20 06:30:36,0006E24C7B,K78
2014-09-20 06:49:57,00061D3F49,K78
2014-09-20 07:07:29,00061D3F49,K78
