date_time,id,box
2021-05-04 17:28:36,0006B36D8B,K32
2021-05-04 21:22:34,00074F238E,K32
2021-05-04 21:24:55,0007ACA1CE,K32
2021-05-04 21:25:41,00075D2562,K32
2021-05-04 21:27:05,0007ABEDDE,K32
2021-05-04 21:43:41,00071E101F,K32
2021-05-04 21:58:32,00071E101F,K32
2021-05-04 23:08:57,00075D110D,K32
2021-05-04 23:09:05,00075D1E39,K32
2021-05-04 23:56:29,000786B5F7,K32
2021-05-05 04:46:35,00071E101F,K32
2021-05-05 04:59:59,0007ABEDDE,K32
2021-05-05 05:01:11,00075D1E39,K32
2021-05-05 05:04:38,0007ACA1CE,K32
2021-05-05 05:22:07,00071E101F,K32
2021-05-05 09:45:52,0006B36D8B,K32
2021-05-09 11:14:18,0006B36D8B,K1
2021-05-09 21:12:45,00068E1A0D,K1
2021-05-09 21:16:43,00074F4107,K1
2021-05-09 21:18:10,0007AC4999,K1
2021-05-09 21:18:25,00074BE89B,K1
2021-05-09 21:20:40,0007ACA1CE,K1
2021-05-09 21:21:21,00071E101F,K1
2021-05-09 21:21:46,00074FA4F8,K1
2021-05-09 21:27:48,00075D2562,K1
2021-05-09 21:28:40,00075D110D,K1
2021-05-09 21:28:55,00074F238E,K1
2021-05-09 21:31:06,0006B35440,K1
2021-05-09 21:31:14,00075D1E39,K1
2021-05-09 21:34:06,0007ABEDDE,K1
2021-05-09 21:34:21,000786B311,K1
2021-05-09 21:34:46,000786B5F7,K1
2021-05-09 21:36:42,00074F4107,K1
2021-05-09 21:38:22,000770D8F5,K1
2021-05-09 22:17:18,00074F4107,K1
2021-05-10 02:58:06,00078850FB,K1
2021-05-10 04:27:51,00074F4107,K1
2021-05-10 04:31:21,00075D110D,K1
2021-05-10 04:37:27,00075D2562,K1
2021-05-10 04:42:06,0007AC4999,K1
2021-05-10 04:42:26,0007ABEDDE,K1
2021-05-10 04:43:05,00074F238E,K1
2021-05-10 04:44:01,00074FA4F8,K1
2021-05-10 04:54:23,00071E101F,K1
2021-05-10 04:54:27,0007AC7789,K1
2021-05-10 14:35:28,0006B36D8B,K1
2021-05-10 21:20:30,00074F4107,K1
2021-05-10 21:30:57,0007ABEDDE,K1
2021-05-10 21:32:44,00071E101F,K1
2021-05-10 21:33:06,00068E1A0D,K1
2021-05-10 21:33:27,0007AC7789,K1
2021-05-10 21:33:49,00075D110D,K1
2021-05-10 21:34:23,00074FA4F8,K1
2021-05-10 21:34:33,00075D2562,K1
2021-05-10 21:36:04,00075D1E39,K1
2021-05-10 21:36:58,0007ACA1CE,K1
2021-05-10 21:37:21,00074BE89B,K1
2021-05-10 21:37:49,0007AC4999,K1
2021-05-10 21:37:58,00078850FB,K1
2021-05-10 21:39:06,000786B311,K1
2021-05-10 21:40:40,000786B5F7,K1
2021-05-10 21:41:24,000770D8F5,K1
2021-05-11 03:48:19,0007ACA41C,K1
2021-05-11 04:34:59,00068E1A0D,K1
2021-05-11 04:37:04,00075D110D,K1
2021-05-11 04:40:43,00074FA4F8,K1
2021-05-11 04:41:04,0007AC4999,K1
2021-05-11 04:49:19,00074F4107,K1
2021-05-11 04:49:24,000786B311,K1
2021-05-11 04:51:54,0006B35440,K1
2021-05-11 04:52:46,0007AC48AB,K1
2021-05-11 04:56:20,00075D2562,K1
2021-05-11 16:24:18,0006B36D8B,K1
2021-05-11 21:49:44,00074F238E,K1
2021-05-11 21:59:43,0007ACA1CE,K1
2021-05-11 22:00:33,000770D8F5,K1
2021-05-11 22:03:55,0007AC48AB,K1
2021-05-11 22:04:39,0006B35440,K1
2021-05-11 22:04:41,00074BE89B,K1
2021-05-11 22:05:03,00075D1E39,K1
2021-05-11 22:05:21,00071E101F,K1
2021-05-11 22:05:50,00075D2562,K1
2021-05-11 22:07:45,00074FA4F8,K1
2021-05-11 22:08:39,00075D110D,K1
2021-05-11 22:12:41,00078850FB,K1
2021-05-11 22:13:12,000786B5F7,K1
2021-05-11 22:13:16,000786B311,K1
2021-05-11 22:15:58,00068E1A0D,K1
2021-05-11 22:26:11,0007AC7789,K1
2021-05-11 22:26:38,00074F4107,K1
2021-05-12 04:59:00,0007ABEDDE,K1
2021-05-12 05:00:23,00074BE89B,K1
2021-05-12 05:00:34,0007AC4999,K1
2021-05-12 05:03:31,0006B35440,K1
2021-05-12 11:25:57,0006B36D8B,K1
2021-05-13 16:37:23,0006B36D8B,K281
2021-05-13 16:52:03,0006B36D8B,K1
2021-05-13 21:13:24,0007AC48AB,K281
2021-05-13 21:19:07,0007ABEDDE,K281
2021-05-13 21:23:21,0007AC7789,K281
2021-05-13 21:23:32,00068E1A0D,K281
2021-05-13 21:23:37,00074FA4F8,K281
2021-05-13 21:25:54,00075D1E39,K281
2021-05-13 21:26:07,000786B5F7,K281
2021-05-13 21:28:35,00075D2562,K281
2021-05-13 21:31:50,0006B35440,K281
2021-05-13 21:32:32,0007ACA1CE,K281
2021-05-13 21:32:53,00074BE89B,K281
2021-05-13 21:33:26,00071E101F,K281
2021-05-13 21:35:16,00078850FB,K281
2021-05-13 21:35:37,000786B311,K281
2021-05-13 21:37:23,0007AC4999,K281
2021-05-13 21:37:51,00075D110D,K281
2021-05-13 21:40:14,000770D8F5,K281
2021-05-14 02:34:57,0007ACA41C,K1
2021-05-14 03:04:40,0007ACA41C,K1
2021-05-14 15:56:36,0006B36D8B,K1
2021-05-14 16:16:23,0006B36D8B,K156
2021-05-14 21:29:55,00068E1A0D,K156
2021-05-14 21:34:51,00075D1E39,K156
2021-05-14 21:36:49,00074FA4F8,K156
2021-05-14 21:37:27,0007AC9B39,K156
2021-05-14 21:37:44,00075D110D,K156
2021-05-14 21:37:55,0007ACA1CE,K156
2021-05-14 21:38:31,0007AC4999,K156
2021-05-14 21:38:56,00074BE89B,K156
2021-05-14 21:39:46,00078850FB,K156
2021-05-14 21:41:49,0007AC7789,K156
2021-05-14 21:42:16,00071E101F,K156
2021-05-14 21:43:14,000770D8F5,K156
2021-05-14 21:45:31,000786B311,K156
2021-05-14 21:46:19,00075D2562,K156
2021-05-15 19:49:32,0006B36D8B,K18
2021-05-15 20:09:32,0006B36D8B,K6
2021-05-15 21:36:35,0007AC9B39,K18
2021-05-15 21:37:25,00078850FB,K18
2021-05-15 21:40:40,00074F4107,K18
2021-05-15 21:41:21,0007AC4999,K18
2021-05-15 21:41:25,0007ACA41C,K18
2021-05-15 21:41:54,0007AC48AB,K18
2021-05-15 21:43:38,000786B5F7,K18
2021-05-15 21:43:53,0007ACA1CE,K18
2021-05-15 21:44:51,00075D110D,K18
2021-05-15 21:45:01,000786B311,K18
2021-05-15 21:46:02,000770D8F5,K18
2021-05-15 21:47:03,00068E1A0D,K6
2021-05-15 21:52:08,00075D2562,K6
2021-05-15 21:53:14,00075D1E39,K6
2021-05-15 21:53:30,0007AC7789,K6
2021-05-15 21:53:37,0007ABEDDE,K6
2021-05-15 21:54:12,00074FA4F8,K6
2021-05-15 21:54:31,00074BE89B,K6
2021-05-15 21:55:16,0006B35440,K6
2021-05-15 21:55:55,00074F238E,K6
2021-05-15 21:56:46,00071E101F,K6
2021-05-15 22:04:39,00074F4107,K18
2021-05-15 23:06:26,00074F4107,K18
2021-05-16 01:36:29,0007ACA1CE,K6
2021-05-16 04:04:14,0007ACA41C,K18
2021-05-16 04:51:40,0007ACA41C,K18
2021-05-17 11:27:11,0006B36D8B,K18
2021-05-17 11:43:23,0006B36D8B,K6
2021-05-17 11:56:29,0006B36D8B,K233
2021-05-17 12:09:07,0006B36D8B,K7
2021-05-17 21:35:26,0007AC48AB,K7
2021-05-17 21:45:32,0007AC7789,K233
2021-05-17 21:45:56,00078850FB,K233
2021-05-17 21:47:11,000786B5F7,K233
2021-05-17 21:55:11,00068E1A0D,K7
2021-05-17 21:56:34,0007AC9B39,K7
2021-05-17 21:58:28,00075D1E39,K7
2021-05-17 22:02:37,0007ACA41C,K7
2021-05-17 22:03:03,00075D2562,K7
2021-05-17 22:03:49,00071E101F,K7
2021-05-17 22:04:05,0007ACA1CE,K7
2021-05-17 22:05:13,00074F238E,K7
2021-05-17 22:06:18,0007AC4999,K7
2021-05-17 22:07:37,0006B35440,K7
2021-05-17 22:09:32,00074FA4F8,K7
2021-05-17 22:09:44,00075D110D,K7
2021-05-17 22:09:58,000786B311,K7
2021-05-17 22:10:01,00074BE89B,K7
2021-05-17 22:42:59,0007AC7789,K7
2021-05-18 09:54:28,0006B36D8B,K7
2021-05-18 19:40:56,0006B34C74,K6
2021-05-18 21:44:58,0007AC48AB,K6
2021-05-18 21:47:11,0007AC7789,K6
2021-05-18 21:47:16,0007AC9B39,K6
2021-05-18 21:48:14,000770D8F5,K6
2021-05-18 21:48:20,00075D2562,K6
2021-05-18 21:48:40,00074FA4F8,K6
2021-05-18 21:50:42,0007ACA41C,K6
2021-05-18 21:50:47,0007AC4999,K6
2021-05-18 21:50:50,000786B311,K6
2021-05-18 21:51:55,00074F238E,K6
2021-05-18 21:52:17,00074BE89B,K6
2021-05-18 21:52:23,0007ACA1CE,K6
2021-05-18 21:52:26,0006B35440,K6
2021-05-18 21:53:03,00071E101F,K6
2021-05-18 21:54:11,00075D110D,K6
2021-05-19 21:37:36,00074BE89B,K18
2021-05-19 21:38:05,00074F4107,K18
2021-05-19 21:39:27,00074FA4F8,K18
2021-05-19 21:39:43,000786B311,K18
2021-05-19 21:39:45,0007AC7789,K18
2021-05-19 21:39:52,00071E101F,K18
2021-05-19 21:40:28,00074F238E,K18
2021-05-20 21:33:05,00074FA4F8,K281
2021-05-20 21:37:59,0007AC7789,K281
2021-05-20 21:39:22,00075D2562,K281
2021-05-20 21:39:24,0007AC48AB,K281
2021-05-20 21:40:56,0006B35440,K281
2021-05-20 21:42:44,0007AC9B39,K281
2021-05-20 21:42:48,0007AC4999,K281
2021-05-20 21:42:52,0007ACA41C,K281
2021-05-20 21:42:53,00074BE89B,K281
2021-05-20 21:46:34,00074F4107,K281
2021-05-20 21:46:45,00078850FB,K281
2021-05-20 21:46:49,000786B5F7,K281
2021-05-20 21:47:25,00075D1E39,K281
2021-05-20 21:47:43,00068E1A0D,K281
2021-05-20 21:49:26,00074F238E,K281
2021-05-20 21:50:58,000786B311,K281
2021-05-20 21:51:26,00071E101F,K281
2021-05-20 21:51:50,00075D110D,K281
2021-05-20 21:53:08,000770D8F5,K281
2021-05-20 22:20:51,00074F4107,K281
2021-05-21 00:26:26,000786B5F7,K281
2021-05-21 03:34:47,00074F4107,K281
2021-05-21 04:31:21,00075D110D,K281
2021-05-21 04:34:55,0007AC4999,K281
2021-05-21 04:35:12,0007ACA41C,K281
2021-05-21 04:35:31,0007AC9B39,K281
2021-05-21 04:39:59,000786B311,K281
2021-05-21 04:40:03,0007ACA1CE,K281
2021-05-21 04:41:45,00074FA4F8,K281
2021-05-21 04:41:57,000770D8F5,K281
2021-05-21 04:42:12,0007AC48AB,K281
2021-05-21 04:44:20,0007AC7789,K281
2021-05-21 04:45:14,00075D2562,K281
2021-05-21 04:57:21,0007ABEDDE,K281
2021-05-21 05:02:25,00075D1E39,K281
2021-05-21 05:13:23,0007ABEDDE,K281
2021-05-21 21:27:31,0007AC48AB,K281
2021-05-21 21:36:02,00068E1A0D,K281
2021-05-21 21:36:43,0007AC9B39,K281
2021-05-21 21:37:57,00074F4107,K281
2021-05-21 21:38:28,0007ABEDDE,K281
2021-05-21 21:39:32,0007AC4999,K281
2021-05-21 21:40:13,000786B311,K281
2021-05-21 21:40:22,00074BE89B,K281
2021-05-21 21:40:39,00074FA4F8,K281
2021-05-21 21:42:47,00075D2562,K281
2021-05-21 21:43:36,000786B5F7,K281
2021-05-21 21:43:40,0007ACA41C,K281
2021-05-21 21:46:18,0007AC7789,K281
2021-05-21 21:46:24,0006B35440,K281
2021-05-21 21:47:10,00078850FB,K281
2021-05-21 21:47:48,000770D8F5,K281
2021-05-21 21:47:53,0007ACA1CE,K281
2021-05-21 21:48:24,00071E101F,K281
2021-05-21 21:50:19,00075D110D,K281
2021-05-21 21:50:51,00074F238E,K281
2021-05-21 21:52:33,00074F4107,K281
2021-05-21 22:08:13,00074F4107,K281
2021-05-23 21:14:05,00074F4107,K1
2021-05-23 21:31:17,00068E1A0D,K1
2021-05-23 21:34:03,00074F4107,K1
2021-05-23 21:35:33,0007AC9B39,K1
2021-05-23 21:36:16,0007ACA41C,K1
2021-05-23 21:38:05,0007AC48AB,K1
2021-05-23 21:39:25,00074FA4F8,K1
2021-05-23 21:39:51,000786B5F7,K18
2021-05-23 21:40:12,0007ABEDDE,K1
2021-05-23 21:41:43,00075D1E39,K18
2021-05-23 21:42:13,00074BE89B,K18
2021-05-23 21:42:52,000770D8F5,K18
2021-05-23 21:43:19,00075D2562,K1
2021-05-23 21:44:08,0007AC7789,K1
2021-05-23 21:45:35,000786B311,K1
2021-05-23 21:45:58,00075D110D,K1
2021-05-23 21:46:08,00074F238E,K1
2021-05-23 21:46:15,00078850FB,K1
2021-05-23 22:46:12,00074F4107,K1
2021-05-24 03:53:17,00074F4107,K1
2021-05-24 04:28:48,00075D110D,K1
2021-05-24 04:30:12,0007AC9B39,K1
2021-05-24 04:31:11,00074FA4F8,K1
2021-05-24 04:31:31,0007AC4999,K1
2021-05-24 04:36:54,0007AC7789,K1
2021-05-24 04:38:03,00068E1A0D,K1
2021-05-24 04:39:06,00075D2562,K1
2021-05-24 04:58:14,00075D1E39,K1
2021-05-24 21:21:23,0007AC48AB,K1
2021-05-24 21:26:56,00068E1A0D,K1
2021-05-24 21:27:05,00075D1E39,K1
2021-05-24 21:27:09,0007ABEDDE,K1
2021-05-24 21:31:11,0007AC9B39,K1
2021-05-24 21:31:19,0006B35440,K1
2021-05-24 21:32:23,00074F238E,K1
2021-05-24 21:32:59,0007ACA41C,K1
2021-05-24 21:33:56,0007AC4999,K1
2021-05-24 21:34:07,0007AC7789,K1
2021-05-24 21:34:50,000786B311,K1
2021-05-24 21:35:15,00074FA4F8,K1
2021-05-24 21:36:06,000786B5F7,K1
2021-05-24 21:37:35,0007ACA1CE,K1
2021-05-24 21:38:14,00071E101F,K1
2021-05-24 21:38:53,00078850FB,K1
2021-05-24 21:39:21,00075D2562,K1
2021-05-24 21:45:22,00075D110D,K1
2021-05-25 04:03:38,000770D8F5,K1
2021-05-25 04:31:54,00075D110D,K1
2021-05-25 04:32:12,0007AC4999,K1
2021-05-25 04:33:21,0007AC9B39,K1
2021-05-25 04:34:58,00075D1E39,K1
2021-05-25 04:36:30,00068E1A0D,K1
2021-05-25 04:36:44,000770D8F5,K1
2021-05-25 04:39:07,000786B311,K1
2021-05-25 04:40:48,00075D2562,K1
2021-05-25 04:46:44,00074FA4F8,K1
2021-05-25 21:39:03,00075D1E39,K1
2021-05-25 21:40:54,0007ABEDDE,K1
2021-05-25 21:50:22,0007AC7789,K1
2021-05-25 21:50:35,0007AC4999,K1
2021-05-25 21:52:22,0006B35440,K1
2021-05-25 21:52:25,00074BE89B,K1
2021-05-25 21:52:32,00074F238E,K1
2021-05-25 21:53:05,00075D2562,K1
2021-05-25 21:53:25,0007AC9B39,K1
2021-05-25 21:53:35,00068E1A0D,K1
2021-05-25 21:57:18,000786B311,K1
2021-05-25 21:57:33,00074FA4F8,K1
2021-05-25 21:58:14,00078850FB,K1
2021-05-25 21:59:02,000770D8F5,K1
2021-05-25 21:59:59,00075D110D,K1
2021-05-26 04:50:38,00068E1A0D,K1
2021-05-26 04:51:05,0006B35440,K1
2021-05-26 04:52:03,00075D2562,K1
2021-05-26 04:53:14,00071E101F,K1
2021-05-26 05:01:57,00075D110D,K1
2021-05-26 21:49:42,0007AC48AB,K1
2021-05-26 21:51:35,0007ACA41C,K235
2021-05-26 21:54:50,00075D2562,K1
2021-05-26 21:59:37,00075D1E39,K235
2021-05-26 21:59:40,0007AC9B39,K235
2021-05-26 22:00:09,0007ABEDDE,K1
2021-05-26 22:03:12,00074F238E,K1
2021-05-26 22:04:52,000786B5F7,K235
2021-05-26 22:06:21,00074FA4F8,K235
2021-05-26 22:10:17,0007AC7789,K235
2021-05-26 22:10:49,00078850FB,K235
2021-05-26 22:11:21,0007AC4999,K235
2021-05-26 22:12:40,0007AC9B39,K235
2021-05-26 22:13:00,000786B311,K235
2021-05-26 22:13:13,000770D8F5,K235
2021-05-26 22:16:52,0006B35440,K1
2021-05-26 22:21:18,00075D110D,K1
2021-05-26 22:21:57,00071E101F,K1
2021-05-26 22:22:16,00068E1A0D,K1
2021-05-26 22:31:39,00074BE89B,K1
2021-05-26 22:58:59,0007AC7789,K235
2021-05-27 03:52:30,0007AC7789,K235
2021-05-27 04:07:53,0007AC7789,K235
2021-05-27 04:08:44,000786B5F7,K235
2021-05-27 04:36:55,0007AC7789,K235
2021-05-28 21:29:59,0007AC48AB,K18
2021-05-28 21:31:19,00074FA4F8,K18
2021-05-28 21:31:34,00074F238E,K18
2021-05-28 21:33:15,0007ACA41C,K18
2021-05-28 21:34:32,000786B5F7,K18
2021-05-28 21:34:50,0007AC7789,K18
2021-05-28 21:35:18,00078850FB,K18
2021-05-29 21:28:16,00074F238E,K22
2021-05-29 21:29:33,0007ABEDDE,K22
2021-05-29 21:30:06,0006B35440,K22
2021-05-29 21:31:57,0007ACA1CE,K22
2021-05-29 21:32:09,000786B311,K22
2021-05-29 21:32:14,00074BE89B,K22
2021-05-29 21:33:07,00075D2562,K235
2021-05-29 21:33:11,0007AC48AB,K235
2021-05-29 21:33:31,00068E1A0D,K235
2021-05-29 21:35:16,00071E101F,K22
2021-05-29 21:35:22,000770D8F5,K22
2021-05-29 21:35:49,0007AC9B39,K235
2021-05-29 21:36:35,0007AC4999,K235
2021-05-29 21:39:40,00075D1E39,K235
2021-05-29 21:39:49,0007AC7789,K22
2021-05-29 21:45:32,00075D110D,K235
2021-05-29 21:47:10,000786B5F7,K235
2021-05-29 21:50:02,00078850FB,K235
2021-05-30 04:19:18,0007AC4999,K235
2021-05-30 04:35:13,00078850FB,K235
2021-05-30 04:35:47,0007AC9B39,K235
2021-05-30 04:37:10,0007AC4999,K235
2021-05-30 04:37:32,00075D110D,K235
2021-05-30 04:42:01,0007AC48AB,K235
2021-05-30 04:46:12,00075D2562,K235
2021-05-30 21:35:13,00074FA4F8,K32
2021-05-30 21:35:49,0007AC48AB,K235
2021-05-30 21:36:56,0007AC4999,K235
2021-05-30 21:37:58,0007ACA41C,K235
2021-05-30 21:39:55,00068E1A0D,K32
2021-05-30 21:40:43,00075D2562,K235
2021-05-30 21:42:21,0007AC9B39,K235
2021-05-30 21:43:06,00075D1E39,K32
2021-05-30 21:43:14,000786B311,K32
2021-05-30 21:43:21,0006B35440,K32
2021-05-30 21:44:11,00071E101F,K32
2021-05-30 21:44:18,0007ABEDDE,K32
2021-05-30 21:46:17,0007AC7789,K32
2021-05-30 21:51:17,000786B5F7,K32
2021-05-30 21:51:55,00074BE89B,K32
2021-05-30 21:53:19,000770D8F5,K32
2021-05-30 21:55:08,00075D110D,K235
2021-05-30 21:57:25,00078850FB,K235
2021-05-31 04:23:33,0007AC4999,K22
2021-05-31 04:23:38,00074FA4F8,K22
2021-05-31 04:24:03,000770D8F5,K22
2021-05-31 04:24:10,000786B311,K22
2021-05-31 04:29:35,00078850FB,K22
2021-05-31 04:34:24,0006B35440,K22
2021-05-31 04:40:32,00068E1A0D,K32
2021-05-31 04:43:06,0007ABEDDE,K32
2021-05-31 04:46:13,0007ACA41C,K235
2021-05-31 04:49:02,00075D2562,K235
2021-05-31 04:56:14,0007ACA41C,K235
2021-05-31 21:04:50,00074F4107,K233
2021-05-31 21:40:51,0007ACA41C,K235
2021-05-31 21:43:55,00071E101F,K22
2021-05-31 21:44:04,0007AC48AB,K22
2021-05-31 21:44:11,00068E1A0D,K22
2021-05-31 21:45:03,0007AC9B39,K22
2021-05-31 21:46:01,00075D1E39,K22
2021-05-31 21:46:10,000786B5F7,K22
2021-05-31 21:48:27,0007AC7789,K22
2021-05-31 21:48:43,0007ABEDDE,K22
2021-05-31 21:49:15,00074BE89B,K22
2021-05-31 21:49:20,0007AC4999,K22
2021-05-31 21:51:25,000786B311,K22
2021-05-31 21:51:30,0006B35440,K22
2021-05-31 21:51:38,00074F238E,K22
2021-05-31 21:52:09,00074FA4F8,K22
2021-05-31 21:52:13,00075D2562,K235
2021-05-31 21:52:57,000770D8F5,K22
2021-05-31 21:55:17,0007ACA1CE,K22
2021-05-31 21:56:15,00078850FB,K22
2021-05-31 21:57:59,00075D110D,K22
2021-06-01 03:43:29,00074F4107,K233
2021-06-01 04:22:12,00074FA4F8,K22
2021-06-01 04:25:12,00078850FB,K22
2021-06-01 04:26:31,0007AC4999,K22
2021-06-01 04:26:58,000786B311,K22
2021-06-01 04:37:46,00068E1A0D,K22
2021-06-01 04:40:49,0007ABEDDE,K22
2021-06-01 04:44:18,00075D2562,K22
2021-06-01 04:46:18,00071E101F,K22
2021-06-01 05:02:06,0007ACA41C,K235
2021-06-01 21:43:46,00068E1A0D,K22
2021-06-01 21:43:54,0007AC48AB,K22
2021-06-01 21:45:18,00071E101F,K22
2021-06-01 21:45:22,0007ABEDDE,K22
2021-06-01 21:46:51,0007AC4999,K22
2021-06-01 21:47:20,0007AC9B39,K22
2021-06-01 21:48:35,0007AC7789,K22
2021-06-01 21:48:51,00075D2562,K22
2021-06-01 21:49:10,000786B311,K22
2021-06-01 21:49:18,00074F238E,K22
2021-06-01 21:51:11,0006B35440,K22
2021-06-01 21:51:23,00075D1E39,K22
2021-06-01 21:51:47,00074BE89B,K22
2021-06-01 21:52:00,0007ACA1CE,K22
2021-06-01 21:52:26,00074FA4F8,K22
2021-06-01 21:52:42,000770D8F5,K22
2021-06-01 21:55:06,00075D110D,K22
2021-06-01 21:56:02,000786B5F7,K22
2021-06-01 21:56:39,00078850FB,K22
2021-06-02 04:34:44,00078850FB,K22
2021-06-02 04:36:45,00074FA4F8,K22
2021-06-02 04:37:03,00075D110D,K22
2021-06-02 04:37:31,000786B311,K22
2021-06-02 04:40:17,00075D2562,K22
2021-06-02 04:42:33,0007AC4999,K22
2021-06-02 04:45:37,00068E1A0D,K22
2021-06-02 21:41:25,0007AC48AB,K22
2021-06-02 21:41:34,00068E1A0D,K22
2021-06-02 21:42:30,0007ABEDDE,K22
2021-06-02 21:43:11,0007AC9B39,K22
2021-06-02 21:43:18,00071E101F,K22
2021-06-02 21:44:44,00075D1E39,K22
2021-06-02 21:44:58,000786B311,K22
2021-06-02 21:45:22,00074FA4F8,K22
2021-06-02 21:45:35,0006B35440,K22
2021-06-02 21:46:08,0007AC4999,K22
2021-06-02 21:49:56,00075D110D,K22
2021-06-02 21:50:30,000786B5F7,K22
2021-06-02 21:52:18,000770D8F5,K22
2021-06-02 21:52:30,00074BE89B,K22
2021-06-02 21:52:32,00078850FB,K22
2021-06-02 21:52:38,0007AC7789,K22
2021-06-02 21:53:35,00075D2562,K22
2021-06-03 04:39:51,00075D2562,K22
2021-06-03 04:43:44,00068E1A0D,K22
2021-06-03 21:15:18,00074F4107,K2
2021-06-03 21:25:59,0007AC48AB,K22
2021-06-03 21:26:50,00074F238E,K22
2021-06-03 21:34:04,00068E1A0D,K22
2021-06-03 21:40:56,0007ACA1CE,K22
2021-06-03 21:41:13,0007ACA41C,K2
2021-06-03 21:41:32,0007AC7789,K22
2021-06-03 21:45:52,00075D2562,K22
2021-06-03 21:45:55,0007AC4999,K2
2021-06-03 21:47:16,0007ABEDDE,K2
2021-06-03 21:48:38,0007AC9B39,K2
2021-06-03 21:48:41,00075D1E39,K2
2021-06-03 21:50:00,000770D8F5,K2
2021-06-03 21:50:51,00078850FB,K2
2021-06-03 21:51:33,000786B5F7,K2
2021-06-03 21:52:12,00074FA4F8,K2
2021-06-03 21:52:41,0006B35440,K2
2021-06-03 21:53:19,00074BE89B,K2
2021-06-03 21:53:26,00071E101F,K2
2021-06-03 21:55:58,000786B311,K2
2021-06-03 21:59:19,00075D110D,K2
2021-06-04 04:41:35,00075D110D,K22
2021-06-04 04:43:41,00075D2562,K22
2021-06-04 04:47:30,0007AC48AB,K22
2021-06-04 04:56:28,0007ACA41C,K22
2021-06-04 04:58:09,0007AC48AB,K22
2021-06-04 04:59:45,00075D2562,K22
2021-06-04 21:42:42,0007AC9B39,K233
2021-06-04 21:44:48,0007AC4999,K233
2021-06-04 21:45:39,00074F238E,K31
2021-06-04 21:45:54,00068E1A0D,K233
2021-06-04 21:46:46,00075D1E39,K31
2021-06-04 21:47:21,0007AC7789,K233
2021-06-04 21:48:07,00074FA4F8,K31
2021-06-04 21:49:41,000786B5F7,K31
2021-06-04 21:49:57,0007ACA1CE,K31
2021-06-04 21:50:43,0006B35440,K31
2021-06-04 21:50:43,00078850FB,K233
2021-06-04 21:51:13,000786B311,K31
2021-06-04 21:51:15,000770D8F5,K233
2021-06-04 21:53:09,00071E101F,K233
2021-06-04 21:53:39,00075D110D,K233
2021-06-05 04:28:34,00075D110D,K233
2021-06-05 04:28:51,00074BE89B,K233
2021-06-05 04:29:49,0007AC48AB,K233
2021-06-05 04:30:27,00068E1A0D,K233
2021-06-05 04:35:05,0007ABEDDE,K233
2021-06-05 04:40:06,0007AC4999,K233
2021-06-05 05:04:34,0007ACA1CE,K233
2021-06-05 21:44:20,00068E1A0D,K233
2021-06-05 21:45:08,0007AC9B39,K233
2021-06-05 21:46:56,0007AC48AB,K233
2021-06-05 21:47:12,0007ABEDDE,K233
2021-06-05 21:47:28,0007AC4999,K233
2021-06-05 21:48:56,00074F238E,K233
2021-06-05 21:49:23,0007ACA1CE,K233
2021-06-05 21:51:33,000770D8F5,K233
2021-06-05 21:51:41,000786B5F7,K233
2021-06-05 21:51:57,0007AC7789,K233
2021-06-05 21:53:24,00075D1E39,K109
2021-06-05 21:54:58,00075D2562,K233
2021-06-05 21:56:22,0006B35440,K109
2021-06-05 21:56:39,00074FA4F8,K109
2021-06-05 21:58:08,000786B311,K109
2021-06-05 21:59:25,00078850FB,K109
2021-06-05 22:01:04,00075D110D,K233
2021-06-06 04:28:15,00074F4107,K233
2021-06-06 04:34:39,00075D110D,K233
2021-06-06 04:35:43,0007AC4999,K233
2021-06-06 04:37:04,00068E1A0D,K233
2021-06-06 04:41:56,0007AC48AB,K233
2021-06-06 21:55:48,0007AC48AB,K233
2021-06-06 21:56:30,0007ABEDDE,K233
2021-06-06 21:56:32,00074FA4F8,K233
2021-06-06 21:56:41,00075D1E39,K233
2021-06-06 21:59:22,00074F4107,K233
2021-06-06 21:59:45,0007AC7789,K233
2021-06-06 21:59:56,00068E1A0D,K233
2021-06-06 22:00:03,0007AC4999,K233
2021-06-06 22:01:55,00075D110D,K233
2021-06-06 22:05:07,000770D8F5,K233
2021-06-06 22:05:52,00074F238E,K233
2021-06-06 22:06:12,0007ACA1CE,K233
2021-06-06 22:06:21,00078850FB,K233
2021-06-06 22:06:41,0007AC9B39,K233
2021-06-06 22:06:45,000786B311,K233
2021-06-06 22:07:05,00075D2562,K233
2021-06-06 22:07:35,000786B5F7,K233
2021-06-06 22:22:05,00068E1A0D,K233
2021-06-06 23:50:58,0007ABEDDE,K233
2021-06-06 23:51:56,00075D1E39,K233
2021-06-06 23:52:15,000770D8F5,K233
2021-06-06 23:52:27,000786B311,K233
2021-06-06 23:52:36,000786B5F7,K233
2021-06-07 04:15:21,000786B5F7,K233
2021-06-07 04:23:20,00074BE89B,K233
2021-06-07 04:27:22,00075D110D,K233
2021-06-07 04:32:10,0007AC48AB,K233
2021-06-07 04:35:25,0007ACA1CE,K233
2021-06-07 04:36:44,0007AC4999,K233
2021-06-07 21:35:04,0007AC48AB,K233
2021-06-07 21:44:00,0007AC9B39,K233
2021-06-07 21:44:04,0007ABEDDE,K233
2021-06-07 21:44:22,0007ACA41C,K233
2021-06-07 21:45:27,00075D1E39,K233
2021-06-07 21:45:57,00074F238E,K233
2021-06-07 21:47:51,0007AC7789,K233
2021-06-07 21:48:02,000770D8F5,K233
2021-06-07 21:48:06,00074FA4F8,K233
2021-06-07 21:48:29,00071E101F,K233
2021-06-07 21:49:48,00074BE89B,K233
2021-06-07 21:50:00,000786B311,K233
2021-06-07 21:50:02,0007AC4999,K233
2021-06-07 21:50:14,000786B5F7,K233
2021-06-07 21:50:43,00078850FB,K233
2021-06-07 21:51:55,0007ACA1CE,K233
2021-06-07 21:52:48,00075D110D,K233
2021-06-07 21:53:10,00075D2562,K233
2021-06-08 21:32:51,00068E1A0D,K1
2021-06-08 21:40:53,0007ABEDDE,K1
2021-06-08 21:41:49,0007AC9B39,K1
2021-06-08 21:42:18,0007AC48AB,K1
2021-06-08 21:42:24,0007AC7789,K1
2021-06-08 21:44:34,0006B35440,K1
2021-06-08 21:44:40,0007ACA41C,K1
2021-06-08 21:45:46,00074F4107,K1
2021-06-08 21:46:45,00075D1E39,K1
2021-06-08 21:46:53,000786B5F7,K1
2021-06-08 21:47:03,000786B311,K1
2021-06-08 21:49:27,00074FA4F8,K1
2021-06-08 21:49:56,00074F238E,K1
2021-06-08 21:50:09,000770D8F5,K1
2021-06-08 21:50:36,0007AC4999,K1
2021-06-08 21:52:07,00074BE89B,K1
2021-06-08 21:52:18,00071E101F,K1
2021-06-08 21:53:39,00075D2562,K1
2021-06-08 21:53:47,00078850FB,K1
2021-06-08 21:54:08,00075D110D,K1
2021-06-08 21:54:12,0007ACA1CE,K1
2021-06-08 23:21:42,00074BE89B,K1
2021-06-08 23:28:16,0007ABEDDE,K1
2021-06-08 23:28:32,000770D8F5,K1
2021-06-09 04:26:45,000786B311,K1
2021-06-09 04:28:36,00074BE89B,K1
2021-06-09 04:28:42,00068E1A0D,K1
2021-06-09 04:29:11,00075D110D,K1
2021-06-09 04:29:15,0007ACA1CE,K1
2021-06-09 04:32:59,00074FA4F8,K1
2021-06-09 04:33:15,00075D2562,K1
2021-06-09 04:33:40,00071E101F,K1
2021-06-09 04:41:26,0006B35440,K1
2021-06-09 04:41:59,0007AC4999,K1
2021-06-09 21:39:44,0007AC9B39,K1
2021-06-09 21:39:59,0007AC48AB,K1
2021-06-09 21:40:47,0007AC7789,K1
2021-06-09 21:41:07,00074F238E,K1
2021-06-09 21:41:16,0007ABEDDE,K1
2021-06-09 21:42:20,000786B5F7,K1
2021-06-09 21:45:00,0007ACA41C,K1
2021-06-09 21:45:15,000770D8F5,K1
2021-06-09 21:45:25,00075D1E39,K1
2021-06-09 21:45:55,00074FA4F8,K1
2021-06-09 21:46:58,0006B35440,K1
2021-06-09 21:47:07,00068E1A0D,K1
2021-06-09 21:48:03,000786B311,K1
2021-06-09 21:50:13,00075D2562,K1
2021-06-09 21:50:24,00075D110D,K1
2021-06-09 21:50:35,00074BE89B,K1
2021-06-09 21:50:58,00071E101F,K1
2021-06-09 21:51:54,00078850FB,K1
2021-06-10 04:30:32,00075D110D,K1
2021-06-10 04:31:10,000786B311,K1
2021-06-10 04:31:32,00071E101F,K1
2021-06-10 04:31:37,00074BE89B,K1
2021-06-10 04:32:53,000770D8F5,K1
2021-06-10 04:33:00,0007AC4999,K1
2021-06-10 04:33:07,00074FA4F8,K1
2021-06-10 04:33:27,00068E1A0D,K1
2021-06-10 04:37:29,0006B35440,K1
2021-06-10 04:40:19,00075D2562,K1
2021-06-10 21:35:15,0007AC9B39,K1
2021-06-10 21:42:48,0007AC7789,K1
2021-06-10 21:46:46,0007AC48AB,K1
2021-06-10 21:47:40,00071E101F,K1
2021-06-10 21:48:03,00075D1E39,K1
2021-06-10 21:48:13,00074FA4F8,K1
2021-06-10 21:48:52,0007ABEDDE,K1
2021-06-10 21:49:27,00068E1A0D,K1
2021-06-10 21:50:44,0007AC4999,K1
2021-06-10 21:51:30,00074F238E,K1
2021-06-10 21:53:42,0006B35440,K1
2021-06-10 21:53:47,000786B311,K1
2021-06-10 21:53:57,000770D8F5,K1
2021-06-10 21:54:07,00074BE89B,K1
2021-06-10 21:55:39,000786B5F7,K1
2021-06-10 21:56:13,0007ACA1CE,K1
2021-06-10 21:57:21,00075D110D,K1
2021-06-10 21:59:26,00075D2562,K1
2021-06-10 22:01:55,00078850FB,K1
2021-06-11 04:29:30,00075D110D,K1
2021-06-11 04:29:59,000786B311,K1
2021-06-11 04:30:11,0007AC4999,K1
2021-06-11 04:31:06,00074FA4F8,K1
2021-06-11 04:31:31,0007AC9B39,K1
2021-06-11 04:33:34,00068E1A0D,K1
2021-06-11 04:33:36,000786B5F7,K1
2021-06-11 04:35:30,0007ACA41C,K1
2021-06-11 04:36:35,00075D2562,K1
2021-06-11 04:36:56,0006B35440,K1
2021-06-11 21:49:59,0007ACA41C,K1
2021-06-11 21:53:29,0007AC48AB,K1
2021-06-11 21:54:50,0007AC9B39,K1
2021-06-11 21:55:56,00068E1A0D,K1
2021-06-11 21:56:01,00075D2562,K1
2021-06-11 21:56:19,0007AC7789,K1
2021-06-11 21:56:23,00074F238E,K1
2021-06-11 21:56:35,000786B311,K1
2021-06-11 21:57:37,00075D1E39,K1
2021-06-11 21:57:49,00074BE89B,K1
2021-06-11 21:58:36,00074FA4F8,K1
2021-06-11 21:58:46,000770D8F5,K1
2021-06-11 21:58:48,0007ABEDDE,K1
2021-06-11 21:59:00,0007AC4999,K1
2021-06-11 21:59:12,000786B5F7,K1
2021-06-11 22:04:44,00075D110D,K1
2021-06-11 22:05:41,00078850FB,K1
2021-06-13 21:55:08,0007ACA41C,K31
2021-06-13 21:57:35,0007AC48AB,K31
2021-06-13 21:58:23,0007AC9B39,K31
2021-06-13 21:59:46,00075D1E39,K31
2021-06-13 22:00:01,0007AC7789,K31
2021-06-13 22:00:29,0007ABEDDE,K31
2021-06-13 22:00:56,00074F238E,K31
2021-06-13 22:01:52,000786B311,K31
2021-06-13 22:02:24,00071E101F,K31
2021-06-13 22:03:34,00068E1A0D,K31
2021-06-13 22:03:41,0007AC4999,K31
2021-06-13 22:04:02,00074FA4F8,K31
2021-06-13 22:07:10,00074BE89B,K31
2021-06-13 22:08:00,0007ACA1CE,K31
2021-06-13 22:09:10,000770D8F5,K31
2021-06-13 22:10:56,000786B5F7,K31
2021-06-13 22:11:07,0006B35440,K31
2021-06-13 22:11:41,00075D110D,K31
2021-06-13 22:11:56,00075D2562,K31
2021-06-14 04:21:50,00075D2562,K31
2021-06-14 04:22:28,00075D1E39,K31
2021-06-14 04:22:39,0007AC4999,K31
2021-06-14 04:22:48,00068E1A0D,K31
2021-06-14 04:22:53,0007ACA1CE,K31
2021-06-14 21:52:14,0007AC48AB,K31
2021-06-14 21:56:18,00068E1A0D,K31
2021-06-14 21:57:25,0007AC9B39,K31
2021-06-14 21:57:31,00075D1E39,K31
2021-06-14 21:59:38,0007ACA41C,K35
2021-06-14 21:59:40,00074F238E,K35
2021-06-14 21:59:50,00074FA4F8,K35
2021-06-14 22:00:55,000786B5F7,K31
2021-06-14 22:01:03,0007ACA1CE,K31
2021-06-14 22:01:11,0007AC7789,K35
2021-06-14 22:01:12,0007ABEDDE,K31
2021-06-14 22:01:15,0007AC4999,K31
2021-06-14 22:02:18,00075D2562,K31
2021-06-14 22:07:35,000786B311,K35
2021-06-14 22:07:42,00074BE89B,K35
2021-06-14 22:07:49,00071E101F,K35
2021-06-14 22:08:42,000770D8F5,K35
2021-06-14 22:12:19,00075D110D,K35
2021-06-15 04:16:19,00075D110D,K35
2021-06-15 04:17:23,00075D1E39,K35
2021-06-15 04:17:36,000770D8F5,K35
2021-06-15 04:18:05,0007AC4999,K35
2021-06-15 04:20:14,00074FA4F8,K35
2021-06-15 04:30:55,0007AC48AB,K35
2021-06-15 04:36:58,00075D2562,K35
2021-06-15 21:52:06,0007ACA41C,K35
2021-06-15 21:54:18,00075D1E39,K35
2021-06-15 21:55:06,0007AC9B39,K35
2021-06-15 21:55:12,0007AC48AB,K35
2021-06-15 21:55:55,0007AC7789,K35
2021-06-15 21:58:43,00074FA4F8,K35
2021-06-15 21:59:08,00074F238E,K35
2021-06-15 21:59:15,00071E101F,K35
2021-06-15 22:00:28,0007AC4999,K35
2021-06-15 22:01:33,00068E1A0D,K35
2021-06-15 22:02:14,0007ABEDDE,K35
2021-06-15 22:02:43,00074BE89B,K35
2021-06-15 22:03:06,000786B5F7,K35
2021-06-15 22:03:48,000786B311,K35
2021-06-15 22:06:00,0007ACA1CE,K35
2021-06-15 22:06:30,000770D8F5,K35
2021-06-15 22:07:01,00075D110D,K35
2021-06-15 22:07:32,00075D2562,K35
2021-06-16 04:24:21,00075D110D,K35
2021-06-16 04:24:51,00075D2562,K35
2021-06-16 04:25:04,000770D8F5,K35
2021-06-16 04:25:18,00075D1E39,K35
2021-06-16 04:26:47,0006B35440,K35
2021-06-16 04:28:17,00074FA4F8,K35
2021-06-16 04:34:35,0007AC4999,K35
2021-06-16 04:35:32,0007AC9B39,K35
2021-06-16 13:16:00,000770D8F5,K35
2021-06-16 21:53:55,0007AC48AB,K35
2021-06-16 22:00:23,0007AC9B39,K35
2021-06-16 22:01:17,0007AC7789,K35
2021-06-16 22:02:09,00074BE89B,K35
2021-06-16 22:02:12,00075D1E39,K35
2021-06-16 22:02:26,00071E101F,K35
2021-06-16 22:03:06,0007ACA41C,K35
2021-06-16 22:03:23,00074F238E,K35
2021-06-16 22:03:40,00074FA4F8,K35
2021-06-16 22:05:08,0007AC4999,K35
2021-06-16 22:05:21,00068E1A0D,K35
2021-06-16 22:05:50,000786B311,K35
2021-06-16 22:06:09,0007ABEDDE,K35
2021-06-16 22:07:35,000786B5F7,K35
2021-06-16 22:07:38,0007ACA1CE,K35
2021-06-16 22:07:48,000770D8F5,K35
2021-06-16 22:07:55,00075D2562,K35
2021-06-16 22:14:49,00075D110D,K35
2021-06-17 04:26:17,00075D110D,K35
2021-06-17 04:26:39,0007AC4999,K35
2021-06-17 04:28:03,00074FA4F8,K35
2021-06-17 04:33:09,00075D2562,K35
2021-06-17 04:38:10,0007AC9B39,K35
2021-06-17 21:49:55,0007AC9B39,K35
2021-06-17 21:51:22,0007AC48AB,K26
2021-06-17 21:53:25,00074FA4F8,K35
2021-06-17 21:54:46,0007AC7789,K26
2021-06-17 21:56:48,00075D1E39,K26
2021-06-17 21:56:53,0007ACA1CE,K26
2021-06-17 21:56:55,000786B5F7,K26
2021-06-17 21:57:46,00071E101F,K35
2021-06-17 21:57:48,00068E1A0D,K35
2021-06-17 21:58:43,0007ACA41C,K35
2021-06-17 21:58:54,000770D8F5,K26
2021-06-17 21:59:04,00074BE89B,K26
2021-06-17 21:59:37,0007ABEDDE,K26
2021-06-17 21:59:40,000786B311,K26
2021-06-17 22:00:12,00074F238E,K35
2021-06-17 22:01:54,00075D2562,K35
2021-06-17 22:02:21,0006B35440,K35
2021-06-17 22:03:03,0007AC4999,K35
2021-06-17 22:05:58,00075D110D,K35
2021-06-18 04:21:49,00075D1E39,K26
2021-06-18 04:22:22,0007AC7789,K26
2021-06-18 04:23:00,00075D110D,K26
2021-06-18 04:23:37,0007AC9B39,K26
2021-06-18 04:24:23,00068E1A0D,K26
2021-06-18 04:24:32,00074BE89B,K26
2021-06-18 04:25:48,0007ACA1CE,K26
2021-06-18 04:26:06,0006B35440,K26
2021-06-18 04:27:58,00074FA4F8,K26
2021-06-18 04:33:56,0007AC4999,K26
2021-06-18 04:42:20,00075D2562,K26
2021-06-18 16:19:06,000770D8F5,K26
2021-06-18 21:48:28,0007AC9B39,K26
2021-06-18 21:51:35,0007AC48AB,K26
2021-06-18 21:55:43,00074F238E,K26
2021-06-18 21:56:31,00075D1E39,K26
2021-06-18 21:57:18,0007AC7789,K26
2021-06-18 21:57:26,00074FA4F8,K26
2021-06-18 21:57:31,0007ACA41C,K26
2021-06-18 21:57:35,000770D8F5,K26
2021-06-18 21:57:47,0007AC4999,K26
2021-06-18 21:58:10,0006B35440,K26
2021-06-18 21:58:36,00071E101F,K26
2021-06-18 21:58:50,0007ACA1CE,K26
2021-06-18 21:59:47,000786B5F7,K26
2021-06-18 21:59:54,00074BE89B,K26
2021-06-18 22:00:28,00068E1A0D,K26
2021-06-18 22:01:42,0007ABEDDE,K26
2021-06-18 22:09:56,00075D2562,K26
2021-06-18 22:11:51,00075D110D,K26
2021-06-19 04:26:24,00075D110D,K26
2021-06-19 04:27:41,0007ABEDDE,K26
2021-06-19 04:27:52,00075D1E39,K26
2021-06-19 04:28:43,00068E1A0D,K26
2021-06-19 04:30:17,00074FA4F8,K26
2021-06-19 04:30:52,0006B35440,K26
2021-06-19 04:31:39,0007AC7789,K26
2021-06-19 04:33:09,0007AC4999,K26
2021-06-19 04:34:06,00075D2562,K26
2021-06-19 04:37:19,00074BE89B,K26
2021-06-19 04:52:14,0007AC48AB,K26
2021-06-19 14:05:29,0007AC4999,K26
2021-06-19 18:05:20,0007ACA41C,K26
2021-06-19 21:52:13,0007AC9B39,K26
2021-06-19 21:52:21,00071E101F,K26
2021-06-19 21:54:46,0007AC7789,K26
2021-06-19 21:56:57,00074F238E,K26
2021-06-19 21:58:19,00068E1A0D,K26
2021-06-19 22:00:09,00075D1E39,K26
2021-06-19 22:00:21,000770D8F5,K26
2021-06-19 22:01:31,0006B35440,K26
2021-06-19 22:01:40,00074FA4F8,K26
2021-06-19 22:02:14,000786B311,K26
2021-06-19 22:02:20,00074BE89B,K26
2021-06-19 22:03:29,000786B5F7,K26
2021-06-19 22:03:45,0007ABEDDE,K26
2021-06-19 22:04:27,0007AC4999,K26
2021-06-19 22:09:15,00075D2562,K26
2021-06-19 22:10:00,00075D110D,K26
2021-06-20 21:47:13,0007AC48AB,K12
2021-06-20 21:47:28,0007AC9B39,K12
2021-06-20 21:51:42,0007AC7789,K12
2021-06-20 21:51:54,0007ACA41C,K12
2021-06-20 21:52:08,00074F238E,K12
2021-06-20 21:52:21,00071E101F,K12
2021-06-20 22:01:12,0007ACA1CE,K12
2021-06-20 22:02:19,00074F238E,K12
2021-06-20 22:02:28,00075D1E39,K12
2021-06-20 22:04:19,00068E1A0D,K12
2021-06-20 22:04:31,00074BE89B,K12
2021-06-20 22:04:43,00074FA4F8,K12
2021-06-20 22:04:53,000770D8F5,K12
2021-06-20 22:05:08,0006B35440,K12
2021-06-20 22:06:03,0007ABEDDE,K12
2021-06-20 22:17:50,0007AC4999,K12
2021-06-20 22:18:21,00075D2562,K12
2021-06-20 22:18:41,000786B311,K12
2021-06-20 22:29:36,000786B5F7,K12
2021-06-20 22:50:57,00075D110D,K12
2021-06-20 22:51:11,000786B311,K12
2021-06-21 21:43:49,0007AC9B39,K31
2021-06-21 21:47:20,00075D1E39,K31
2021-06-21 21:47:31,00074BE89B,K31
2021-06-21 21:47:34,000770D8F5,K31
2021-06-21 21:48:00,00074F238E,K31
2021-06-21 21:49:07,00068E1A0D,K31
2021-06-21 21:50:21,0006B35440,K31
2021-06-21 21:51:03,000786B311,K31
2021-06-21 21:51:37,0007ABEDDE,K31
2021-06-21 21:54:49,00075D2562,K31
2021-06-21 22:05:19,00075D110D,K31
2021-06-22 04:16:18,00075D2562,K31
2021-06-22 04:16:30,00075D1E39,K31
2021-06-22 04:16:58,00068E1A0D,K31
2021-06-22 04:17:22,000786B311,K31
2021-06-22 04:17:35,00074FA4F8,K31
2021-06-22 04:17:51,0007AC4999,K31
2021-06-22 04:19:24,00074BE89B,K31
2021-06-22 04:20:41,00075D110D,K31
2021-06-22 04:31:05,0007ACA1CE,K31
2021-06-22 21:51:35,0007AC48AB,K31
2021-06-22 21:58:34,0007AC9B39,K31
2021-06-22 21:58:39,0007AC7789,K31
2021-06-22 22:04:45,00075D1E39,K31
2021-06-22 22:04:47,00071E101F,K31
2021-06-22 22:08:04,00074FA4F8,K31
2021-06-22 22:08:21,00074BE89B,K31
2021-06-22 22:10:50,000770D8F5,K31
2021-06-22 22:11:01,00074F238E,K31
2021-06-22 22:11:42,000786B311,K31
2021-06-22 22:12:07,00075D2562,K31
2021-06-22 22:12:18,0007ACA1CE,K31
2021-06-22 22:12:23,0007AC4999,K31
2021-06-22 22:12:25,0006B35440,K31
2021-06-23 04:22:31,000786B311,K31
2021-06-23 04:22:37,000770D8F5,K31
2021-06-23 04:26:01,00074BE89B,K31
2021-06-23 04:27:35,00074FA4F8,K31
2021-06-23 04:27:50,00068E1A0D,K31
2021-06-23 04:30:40,0007ACA1CE,K31
2021-06-23 04:31:30,00075D2562,K31
2021-06-23 04:31:44,0007AC4999,K31
2021-06-23 04:38:47,00075D110D,K31
2021-06-23 22:03:27,0007AC9B39,K31
2021-06-23 22:05:01,00075D1E39,K31
2021-06-23 22:05:55,0007AC7789,K31
2021-06-23 22:05:58,0007AC48AB,K31
2021-06-23 22:10:47,00071E101F,K31
2021-06-23 22:10:59,00068E1A0D,K31
2021-06-23 22:13:12,00074F238E,K31
2021-06-23 22:13:43,00074FA4F8,K31
2021-06-23 22:14:00,000770D8F5,K31
2021-06-23 22:14:44,00074BE89B,K31
2021-06-23 22:17:58,00075D2562,K31
2021-06-24 04:35:40,0007ABEDDE,K31
2021-06-24 04:36:29,00075D2562,K31
2021-06-24 04:36:51,0007ACA1CE,K31
2021-06-24 04:36:53,00074BE89B,K31
2021-06-24 04:39:44,0007AC4999,K31
2021-06-24 21:41:54,0007AC48AB,K31
2021-06-24 22:12:09,00075D2562,K31
2021-06-24 22:12:32,00074BE89B,K31
2021-06-24 22:13:41,0007AC9B39,K6
2021-06-24 22:15:36,000786B5F7,K6
2021-06-24 22:17:01,00074FA4F8,K6
2021-06-24 22:17:07,0006B35440,K6
2021-06-24 22:22:27,00068E1A0D,K6
2021-06-24 22:24:12,000786B311,K6
2021-06-24 22:26:09,00071E101F,K23
2021-06-24 22:28:55,0007ABEDDE,K23
2021-06-24 22:32:26,00075D1E39,K23
2021-06-24 22:33:37,000770D8F5,K23
2021-06-24 22:34:13,0007AC7789,K23
2021-06-24 22:46:17,00074F238E,K23
2021-06-25 01:05:00,0006B35440,K6
2021-06-25 02:31:20,00075D2562,K23
2021-06-25 03:27:26,000786B5F7,K6
2021-06-25 03:43:08,000770D8F5,K6
2021-06-25 03:44:09,00075D1E39,K6
2021-06-25 04:26:46,00074F238E,K23
2021-06-25 04:26:49,00074FA4F8,K23
2021-06-25 04:26:59,00075D2562,K23
2021-06-25 04:28:53,0007AC4999,K23
2021-06-25 21:51:42,0007AC48AB,K23
2021-06-25 21:55:27,000786B5F7,K6
2021-06-25 21:55:52,00074F238E,K23
2021-06-25 21:58:23,00075D1E39,K6
2021-06-25 22:00:49,0007AC7789,K6
2021-06-25 22:01:42,000770D8F5,K6
2021-06-25 22:02:33,00074FA4F8,K23
2021-06-25 22:05:17,0006B35440,K23
2021-06-25 22:05:34,00071E101F,K23
2021-06-25 22:05:58,00074BE89B,K6
2021-06-25 22:06:34,0007AC4999,K23
2021-06-25 22:06:50,00068E1A0D,K6
2021-06-25 22:07:13,00075D2562,K23
2021-06-25 22:07:49,0007ACA41C,K23
2021-06-25 22:13:04,000786B311,K6
2021-06-26 01:37:27,00074F238E,K23
2021-06-26 03:22:02,00075D2562,K23
2021-06-26 03:22:05,0007AC48AB,K23
2021-06-26 03:55:48,000770D8F5,K6
2021-06-26 03:57:22,0007AC9B39,K6
2021-06-26 03:57:28,0007AC7789,K6
2021-06-26 04:10:55,0007ABEDDE,K23
2021-06-26 04:11:01,00075D1E39,K23
2021-06-26 04:11:04,000770D8F5,K23
2021-06-26 04:11:15,0007AC7789,K23
2021-06-26 04:13:40,00075D2562,K23
2021-06-26 04:21:41,0007AC9B39,K6
2021-06-26 04:27:07,0007ACA41C,K23
2021-06-26 04:29:24,00074FA4F8,K23
2021-06-26 04:48:25,0007AC48AB,K23
2021-06-26 04:48:28,00071E101F,K23
2021-06-26 04:49:58,00075D2562,K23
2021-06-26 04:59:25,0007AC48AB,K23
2021-06-26 21:36:58,0007AC48AB,K23
2021-06-26 21:38:06,00068E1A0D,K6
2021-06-26 21:38:59,0007AC7789,K6
2021-06-26 21:42:13,0007AC9B39,K6
2021-06-26 21:44:33,00074FA4F8,K6
2021-06-26 21:44:44,000770D8F5,K6
2021-06-26 21:46:44,00075D1E39,K6
2021-06-26 21:47:05,0007ACA41C,K6
2021-06-26 21:49:21,0006B35440,K6
2021-06-26 21:49:40,0007ABEDDE,K6
2021-06-26 21:50:50,00071E101F,K23
2021-06-26 21:51:13,00074F238E,K6
2021-06-26 21:52:17,00075D110D,K6
2021-06-26 21:52:51,0007ACA1CE,K6
2021-06-26 21:53:49,000786B311,K6
2021-06-26 21:54:43,00075D2562,K23
2021-06-26 23:30:11,00074F238E,K6
2021-06-26 23:50:18,00074F238E,K6
2021-06-27 00:23:33,00074F238E,K6
2021-06-27 00:50:45,00074F238E,K6
2021-06-27 01:05:22,00074F238E,K6
2021-06-27 01:33:26,00074F238E,K6
2021-06-27 02:04:50,00074F238E,K6
2021-06-27 02:41:56,00074F238E,K6
2021-06-27 03:08:41,00074F238E,K6
2021-06-27 03:32:13,00074F238E,K23
2021-06-27 03:54:05,0007AC7789,K23
2021-06-27 04:17:40,0007AC4999,K6
2021-06-27 04:20:58,0007AC9B39,K6
2021-06-27 04:25:35,0007ACA1CE,K6
2021-06-27 04:28:53,0007ACA41C,K23
2021-06-27 04:39:09,0007AC48AB,K23
2021-06-27 05:03:50,00074F238E,K23
2021-06-27 05:14:43,00074F238E,K6
2021-06-27 18:01:02,000770D8F5,K6
2021-06-27 21:47:15,00074F238E,K6
2021-06-27 21:49:40,0007AC48AB,K6
2021-06-27 21:49:55,00074FA4F8,K6
2021-06-27 21:50:58,0007AC9B39,K6
2021-06-27 21:55:07,00068E1A0D,K6
2021-06-27 21:55:20,00075D1E39,K6
2021-06-27 21:55:45,0007ACA41C,K6
2021-06-27 21:57:42,00071E101F,K6
2021-06-27 21:58:02,00074BE89B,K6
2021-06-27 21:58:53,0006B35440,K6
2021-06-27 21:59:02,0007AC4999,K6
2021-06-27 21:59:36,0007AC7789,K6
2021-06-27 22:00:24,000770D8F5,K6
2021-06-27 22:03:01,00075D2562,K6
2021-06-27 22:05:05,000786B5F7,K6
2021-06-27 22:05:54,000786B311,K6
2021-06-27 22:08:31,0007ACA1CE,K6
2021-06-27 22:15:27,00075D110D,K6
2021-06-27 22:35:37,0006B35440,K6
2021-06-27 22:46:33,000786B5F7,K6
2021-06-27 22:49:56,00074F238E,K6
2021-06-27 23:00:01,0006B35440,K6
2021-06-27 23:09:11,0007AC7789,K6
2021-06-27 23:15:14,000786B5F7,K6
2021-06-27 23:15:24,000786B311,K6
2021-06-27 23:23:09,0006B35440,K6
2021-06-27 23:34:12,00074F238E,K6
2021-06-27 23:44:55,0006B35440,K6
2021-06-27 23:51:14,000786B311,K6
2021-06-27 23:52:05,0007AC7789,K6
2021-06-27 23:55:53,000786B5F7,K6
2021-06-28 00:07:11,000786B5F7,K6
2021-06-28 00:16:22,0006B35440,K6
2021-06-28 00:25:32,00075D1E39,K23
2021-06-28 00:26:45,0006B35440,K6
2021-06-28 00:38:47,0007AC7789,K23
2021-06-28 01:00:45,0006B35440,K6
2021-06-28 01:12:14,00074F238E,K6
2021-06-28 01:12:57,0007AC7789,K23
2021-06-28 01:18:26,0006B35440,K6
2021-06-28 01:26:48,0007AC7789,K6
2021-06-28 01:31:29,0006B35440,K6
2021-06-28 01:32:37,000786B5F7,K6
2021-06-28 01:45:50,000786B5F7,K6
2021-06-28 01:49:58,0007AC7789,K6
2021-06-28 01:50:19,00074F238E,K6
2021-06-28 01:50:44,0006B35440,K6
2021-06-28 02:12:02,0006B35440,K6
2021-06-28 02:12:06,000786B311,K6
2021-06-28 02:12:09,00075D1E39,K23
2021-06-28 02:16:24,0007AC7789,K23
2021-06-28 02:24:30,000786B5F7,K6
2021-06-28 02:37:23,0006B35440,K6
2021-06-28 02:54:48,00074F238E,K6
2021-06-28 03:06:29,0006B35440,K6
2021-06-28 03:08:33,000786B5F7,K6
2021-06-28 03:27:19,0006B35440,K6
2021-06-28 03:46:16,0006B35440,K6
2021-06-28 03:46:20,000786B311,K6
2021-06-28 04:21:12,0007AC4999,K23
2021-06-28 04:30:35,0007AC9B39,K6
2021-06-28 04:32:58,000786B311,K23
2021-06-28 04:42:03,00074F238E,K6
2021-06-28 04:54:28,000786B311,K23
2021-06-28 04:58:02,0007ABEDDE,K6
2021-06-28 04:58:09,0007AC9B39,K6
2021-06-28 04:58:48,0007ACA41C,K23
2021-06-28 21:24:47,0007AC48AB,K23
2021-06-28 21:56:53,00074F238E,K6
2021-06-28 21:59:21,00071E101F,K6
2021-06-28 21:59:35,0007ACA41C,K23
2021-06-28 21:59:48,0007AC4999,K23
2021-06-28 22:00:20,00074FA4F8,K23
2021-06-28 22:00:34,000770D8F5,K23
2021-06-28 22:00:57,00075D1E39,K23
2021-06-28 22:01:25,00075D2562,K6
2021-06-28 22:05:34,0007AC7789,K6
2021-06-28 22:06:54,0007ACA1CE,K6
2021-06-28 22:07:14,00074BE89B,K6
2021-06-28 22:07:20,000786B5F7,K6
2021-06-28 22:07:48,0006B35440,K6
2021-06-28 22:08:04,000786B311,K6
2021-06-28 22:52:05,000786B311,K6
2021-06-28 22:52:41,0007AC4999,K23
2021-06-28 22:54:29,000786B5F7,K6
2021-06-29 00:19:18,00075D1E39,K23
2021-06-29 00:19:58,0007AC4999,K23
2021-06-29 00:44:54,0007AC7789,K6
2021-06-29 00:46:05,000770D8F5,K6
2021-06-29 00:48:15,00068E1A0D,K6
2021-06-29 00:50:47,000786B5F7,K6
2021-06-29 00:51:02,000786B311,K6
2021-06-29 00:51:08,0006B35440,K6
2021-06-29 00:57:08,00074BE89B,K6
2021-06-29 01:04:01,00075D1E39,K23
2021-06-29 01:18:25,00074BE89B,K6
2021-06-29 01:28:56,00075D1E39,K6
2021-06-29 01:31:16,00074BE89B,K6
2021-06-29 01:43:13,00074BE89B,K6
2021-06-29 01:54:18,0006B35440,K6
2021-06-29 01:54:36,00074F238E,K6
2021-06-29 01:58:45,000786B5F7,K6
2021-06-29 02:03:00,00075D1E39,K23
2021-06-29 02:14:10,00075D110D,K6
2021-06-29 02:16:16,00075D1E39,K6
2021-06-29 02:18:46,00074BE89B,K6
2021-06-29 02:26:35,00075D1E39,K23
2021-06-29 02:27:10,0006B35440,K6
2021-06-29 02:31:07,00074BE89B,K6
2021-06-29 02:44:17,00074BE89B,K6
2021-06-29 03:09:45,00074BE89B,K6
2021-06-29 03:12:44,0006B35440,K6
2021-06-29 03:14:35,000786B5F7,K6
2021-06-29 03:27:18,00075D1E39,K6
2021-06-29 03:34:31,00074BE89B,K6
2021-06-29 03:48:10,00074BE89B,K6
2021-06-29 04:15:07,000786B5F7,K6
2021-06-29 04:18:17,00074FA4F8,K23
2021-06-29 04:21:31,0007AC4999,K6
2021-06-29 04:22:06,0007AC9B39,K6
2021-06-29 04:23:38,00068E1A0D,K6
2021-06-29 04:30:56,0006B35440,K6
2021-06-29 04:42:16,0007AC7789,K6
2021-06-29 16:51:08,0007ACA41C,K6
2021-06-29 21:40:28,00075D1E39,K6
2021-06-29 21:41:25,0007AC48AB,K6
2021-06-29 21:42:36,00074F238E,K6
2021-06-29 21:44:45,0007AC9B39,K6
2021-06-29 21:47:06,000786B5F7,K6
2021-06-29 21:47:41,000770D8F5,K6
2021-06-29 21:51:08,00074FA4F8,K6
2021-06-29 21:52:20,00071E101F,K6
2021-06-29 21:53:47,00074BE89B,K6
2021-06-29 21:55:25,00075D2562,K6
2021-06-29 22:00:38,0007ABEDDE,K6
2021-06-29 22:04:01,0007ACA1CE,K6
2021-06-29 22:24:56,000786B311,K6
2021-06-29 22:38:43,00075D1E39,K6
2021-06-29 22:39:15,00074FA4F8,K6
2021-06-29 22:49:18,00074BE89B,K6
2021-06-29 22:50:56,00075D2562,K6
2021-06-29 22:51:09,0007AC7789,K6
2021-06-29 23:05:13,0006B35440,K6
2021-06-29 23:07:10,0007ABEDDE,K6
2021-06-29 23:21:45,000786B5F7,K6
2021-06-29 23:27:03,00074FA4F8,K6
2021-06-29 23:27:18,00075D1E39,K6
2021-06-29 23:32:55,00074F238E,K6
2021-06-29 23:34:21,00074BE89B,K6
2021-06-29 23:42:23,00075D2562,K6
2021-06-29 23:44:36,00074F238E,K6
2021-06-29 23:48:05,00074FA4F8,K6
2021-06-30 00:05:11,0006B35440,K6
2021-06-30 00:09:06,0007ABEDDE,K6
2021-06-30 00:17:27,00074BE89B,K6
2021-06-30 00:18:06,000786B5F7,K6
2021-06-30 00:54:16,00075D2562,K6
2021-06-30 00:55:39,0007AC48AB,K6
2021-06-30 00:56:44,0007ACA1CE,K6
2021-06-30 00:58:46,00074BE89B,K6
2021-06-30 01:01:29,0007AC7789,K6
2021-06-30 01:03:08,00074FA4F8,K6
2021-06-30 01:11:50,0007ABEDDE,K6
2021-06-30 01:12:17,0007AC48AB,K6
2021-06-30 01:14:08,000786B5F7,K6
2021-06-30 01:42:35,00075D2562,K6
2021-06-30 01:49:05,00075D1E39,K6
2021-06-30 01:59:51,0006B35440,K6
2021-06-30 02:23:46,0007AC7789,K6
2021-06-30 02:25:27,00074FA4F8,K6
2021-06-30 02:28:44,0007ABEDDE,K6
2021-06-30 02:35:52,00075D2562,K6
2021-06-30 02:43:20,000786B5F7,K6
2021-06-30 03:04:27,00074BE89B,K6
2021-06-30 03:05:06,00075D1E39,K6
2021-06-30 03:22:20,00075D2562,K6
2021-06-30 03:27:11,0007ABEDDE,K6
2021-06-30 03:31:43,00074FA4F8,K6
2021-06-30 04:13:42,0007AC4999,K6
2021-06-30 04:20:36,00075D110D,K6
2021-06-30 21:44:45,00068E1A0D,K6
2021-06-30 21:48:38,000770D8F5,K6
2021-06-30 21:48:42,0007AC9B39,K6
2021-06-30 21:49:19,00074FA4F8,K6
2021-06-30 21:49:22,0007AC7789,K6
2021-06-30 21:49:27,00074BE89B,K6
2021-06-30 21:51:09,00071E101F,K6
2021-06-30 22:28:21,000786B311,K6
2021-06-30 22:29:40,00074FA4F8,K6
2021-06-30 22:49:43,00074BE89B,K6
2021-06-30 22:53:55,0007ABEDDE,K6
2021-06-30 22:59:00,00075D2562,K6
2021-06-30 23:16:09,0006B35440,K6
2021-06-30 23:17:18,000786B5F7,K6
2021-06-30 23:18:16,00075D1E39,K6
2021-06-30 23:38:31,00074FA4F8,K6
2021-06-30 23:43:57,0007ABEDDE,K6
2021-06-30 23:52:14,00075D2562,K6
2021-07-01 00:16:01,000786B5F7,K6
2021-07-01 00:18:27,00074FA4F8,K6
2021-07-01 00:21:48,0007AC7789,K6
2021-07-01 00:29:22,0007ABEDDE,K6
2021-07-01 00:29:42,0006B35440,K6
2021-07-01 00:35:07,00074F238E,K6
2021-07-01 00:36:06,00075D1E39,K6
2021-07-01 01:11:17,00075D2562,K6
2021-07-01 01:12:24,0007ABEDDE,K6
2021-07-01 01:24:19,00074FA4F8,K6
2021-07-01 01:24:59,000786B5F7,K6
2021-07-01 01:31:10,0007ABEDDE,K6
2021-07-01 02:39:32,0007AC7789,K6
2021-07-01 03:40:43,00075D2562,K6
2021-07-01 03:45:29,00075D1E39,K6
2021-07-01 05:02:29,0007AC4999,K6
2021-07-01 21:37:03,00075D1E39,K6
2021-07-01 21:37:57,00074FA4F8,K6
2021-07-01 21:38:01,00074BE89B,K6
2021-07-01 21:38:03,0007ACA1CE,K6
2021-07-01 21:38:37,0007AC7789,K6
2021-07-01 21:45:00,00075D2562,K6
2021-07-01 21:48:32,0006B35440,K6
2021-07-01 22:05:20,0007AC4999,K6
2021-07-01 22:05:24,0007AC48AB,K6
2021-07-01 22:32:27,0007AC48AB,K6
2021-07-01 22:36:36,0007ABEDDE,K6
2021-07-01 22:38:17,000786B5F7,K6
2021-07-01 22:47:50,00074BE89B,K6
2021-07-01 23:08:56,0007AC48AB,K6
2021-07-01 23:11:35,00075D1E39,K6
2021-07-01 23:14:24,00074FA4F8,K6
2021-07-01 23:17:49,0007ABEDDE,K6
2021-07-01 23:19:01,000770D8F5,K6
2021-07-01 23:28:18,0006B35440,K6
2021-07-01 23:30:20,00074BE89B,K6
2021-07-01 23:31:15,0007ACA1CE,K6
2021-07-01 23:35:25,0007AC48AB,K6
2021-07-01 23:46:59,0006B35440,K6
2021-07-01 23:47:22,000786B311,K6
2021-07-02 00:00:16,000786B311,K6
2021-07-02 00:01:46,0007AC7789,K6
2021-07-02 00:14:56,00075D1E39,K6
2021-07-02 00:31:57,000770D8F5,K6
2021-07-02 00:33:26,0007AC48AB,K6
2021-07-02 00:37:25,00074FA4F8,K6
2021-07-02 00:39:59,0007ABEDDE,K6
2021-07-02 01:01:36,0006B35440,K6
2021-07-02 01:22:57,0006B35440,K6
2021-07-02 01:29:16,000770D8F5,K6
2021-07-02 01:29:28,00074BE89B,K6
2021-07-02 01:34:17,00075D1E39,K6
2021-07-02 01:39:23,0007AC7789,K6
2021-07-02 01:46:51,0007ABEDDE,K6
2021-07-02 01:47:01,00074BE89B,K6
2021-07-02 01:51:28,00074FA4F8,K6
2021-07-02 02:02:22,000786B5F7,K6
2021-07-02 02:17:41,00074BE89B,K6
2021-07-02 02:20:37,0007ABEDDE,K6
2021-07-02 02:24:44,00075D2562,K6
2021-07-02 02:43:08,000770D8F5,K6
2021-07-02 02:55:09,00075D1E39,K6
2021-07-02 03:00:34,0007AC7789,K6
2021-07-02 03:09:01,0007ABEDDE,K6
2021-07-02 03:11:33,0006B35440,K6
2021-07-02 03:17:46,00074FA4F8,K6
2021-07-02 04:11:22,000786B311,K6
2021-07-02 04:13:48,0007AC4999,K6
2021-07-02 21:19:24,00068E1A0D,K6
2021-07-02 21:22:06,0007AC48AB,K6
2021-07-02 21:22:30,00074F238E,K6
2021-07-02 21:29:19,0007AC7789,K6
2021-07-02 21:30:22,0007AC9B39,K6
2021-07-02 21:30:27,0007ABEDDE,K6
2021-07-02 21:30:29,00075D110D,K6
2021-07-02 21:30:31,00074BE89B,K6
2021-07-02 21:30:42,00075D1E39,K6
2021-07-02 21:30:58,000770D8F5,K6
2021-07-02 21:31:55,00074FA4F8,K6
2021-07-02 21:35:49,00075D2562,K6
2021-07-02 21:35:57,00071E101F,K6
2021-07-02 21:41:18,0006B35440,K6
2021-07-02 21:44:28,00075D110D,K6
2021-07-02 21:44:34,000786B311,K6
2021-07-02 22:07:23,0007AC4999,K6
2021-07-02 22:19:33,00075D110D,K6
2021-07-02 22:22:43,00068E1A0D,K6
2021-07-02 22:26:43,0007AC4999,K6
2021-07-02 22:35:53,00074FA4F8,K6
2021-07-02 22:36:35,00068E1A0D,K6
2021-07-02 22:44:56,00075D1E39,K6
2021-07-02 22:57:09,00074BE89B,K6
2021-07-02 22:57:52,0007AC4999,K6
2021-07-02 23:08:03,0007AC48AB,K6
2021-07-02 23:14:37,000786B311,K6
2021-07-02 23:15:18,00075D2562,K6
2021-07-02 23:26:39,0006B35440,K6
2021-07-02 23:33:13,0007ABEDDE,K6
2021-07-02 23:33:57,00074F238E,K6
2021-07-02 23:36:45,00075D1E39,K6
2021-07-02 23:39:02,0007AC4999,K6
2021-07-02 23:40:17,0006B35440,K6
2021-07-02 23:45:50,00074FA4F8,K6
2021-07-02 23:46:44,00074BE89B,K6
2021-07-02 23:49:38,000770D8F5,K6
2021-07-02 23:57:00,00074BE89B,K6
2021-07-03 00:06:29,0007AC48AB,K6
2021-07-03 00:12:51,0007AC7789,K6
2021-07-03 00:14:35,0007AC4999,K6
2021-07-03 00:18:04,00075D2562,K6
2021-07-03 00:21:09,00074FA4F8,K6
2021-07-03 00:28:55,0007ABEDDE,K6
2021-07-03 00:35:08,00074BE89B,K6
2021-07-03 00:35:33,00074FA4F8,K6
2021-07-03 00:35:35,0007ACA1CE,K6
2021-07-03 00:35:38,0007AC48AB,K6
2021-07-03 00:36:03,000770D8F5,K6
2021-07-03 00:47:05,0007AC48AB,K6
2021-07-03 00:54:52,00075D1E39,K6
2021-07-03 01:00:02,0006B35440,K6
2021-07-03 01:02:59,0007AC4999,K6
2021-07-03 01:12:49,0007AC9B39,K6
2021-07-03 01:19:35,00074F238E,K6
2021-07-03 01:19:41,000786B5F7,K6
2021-07-03 01:25:19,00075D110D,K6
2021-07-03 01:28:44,0006B35440,K6
2021-07-03 01:30:56,000770D8F5,K6
2021-07-03 01:31:55,00074BE89B,K6
2021-07-03 01:32:31,0007AC4999,K6
2021-07-03 01:33:29,0007ABEDDE,K6
2021-07-03 01:47:10,0007AC48AB,K6
2021-07-03 01:49:23,00075D2562,K6
2021-07-03 02:01:26,00075D1E39,K6
2021-07-03 02:10:08,0007AC7789,K6
2021-07-03 02:12:20,00074FA4F8,K6
2021-07-03 02:20:48,0007AC7789,K6
2021-07-03 02:25:27,0007ABEDDE,K6
2021-07-03 02:28:25,0007AC4999,K6
2021-07-03 02:29:05,00074BE89B,K6
2021-07-03 02:39:32,0007AC48AB,K6
2021-07-03 02:43:32,000786B311,K6
2021-07-03 02:47:09,00075D2562,K6
2021-07-03 02:50:24,0006B35440,K6
2021-07-03 02:54:34,000770D8F5,K6
2021-07-03 03:03:19,00075D1E39,K6
2021-07-03 03:07:12,0007AC7789,K6
2021-07-03 03:15:08,00074BE89B,K6
2021-07-03 03:21:56,00074FA4F8,K6
2021-07-03 03:28:57,0007ABEDDE,K6
2021-07-03 03:57:39,0007AC4999,K6
2021-07-04 15:16:54,000770D8F5,K6
2021-07-04 16:57:48,0007ACA41C,K6
2021-07-04 21:40:16,0007AC48AB,K6
2021-07-04 21:43:28,0007ABEDDE,K6
2021-07-04 21:45:39,000770D8F5,K6
2021-07-04 21:46:11,0007AC4999,K6
2021-07-04 21:46:25,0007ACA1CE,K6
2021-07-04 21:47:17,00068E1A0D,K6
2021-07-04 21:47:19,0007AC7789,K6
2021-07-04 21:47:22,0007AC9B39,K6
2021-07-04 21:47:36,00075D110D,K6
2021-07-04 21:49:02,00074F238E,K6
2021-07-04 21:49:06,00074BE89B,K6
2021-07-04 21:49:17,00071E101F,K6
2021-07-04 21:53:05,00074FA4F8,K6
2021-07-04 21:55:00,00075D2562,K6
2021-07-04 21:55:11,000786B311,K6
2021-07-04 21:55:17,0006B35440,K6
2021-07-04 21:56:27,000786B5F7,K6
2021-07-04 22:54:06,00068E1A0D,K6
2021-07-04 23:02:24,000770D8F5,K6
2021-07-04 23:09:24,0007ABEDDE,K6
2021-07-04 23:11:43,00074FA4F8,K6
2021-07-04 23:17:00,0007AC7789,K6
2021-07-04 23:17:59,0007AC4999,K6
2021-07-04 23:31:33,00074BE89B,K6
2021-07-04 23:31:52,0007AC4999,K6
2021-07-04 23:37:03,0007AC48AB,K6
2021-07-04 23:38:06,00068E1A0D,K6
2021-07-04 23:39:03,0006B35440,K6
2021-07-04 23:47:54,000770D8F5,K6
2021-07-04 23:51:17,0007ACA1CE,K6
2021-07-04 23:57:54,000786B5F7,K6
2021-07-05 00:01:55,00075D1E39,K6
2021-07-05 00:02:35,000770D8F5,K6
2021-07-05 00:02:41,00074F238E,K6
2021-07-05 00:07:59,00074FA4F8,K6
2021-07-05 00:13:53,000786B311,K6
2021-07-05 00:25:06,0007ABEDDE,K6
2021-07-05 00:32:17,00075D2562,K6
2021-07-05 00:32:22,00074BE89B,K6
2021-07-05 00:38:50,000770D8F5,K6
2021-07-05 00:42:47,0007AC4999,K6
2021-07-05 00:43:48,00075D110D,K6
2021-07-05 00:43:59,00068E1A0D,K6
2021-07-05 00:48:36,0006B35440,K6
2021-07-05 00:51:22,00074BE89B,K6
2021-07-05 00:54:50,0007AC7789,K6
2021-07-05 00:55:32,000770D8F5,K6
2021-07-05 00:58:35,00075D110D,K6
2021-07-05 01:01:15,000786B5F7,K6
2021-07-05 01:02:29,00068E1A0D,K6
2021-07-05 01:03:45,0007AC48AB,K6
2021-07-05 01:03:58,0007AC4999,K6
2021-07-05 01:05:30,000786B311,K6
2021-07-05 01:14:51,0006B35440,K6
2021-07-05 01:19:00,0007ABEDDE,K6
2021-07-05 01:19:25,000786B311,K6
2021-07-05 01:28:05,0007AC9B39,K6
2021-07-05 01:29:42,00075D1E39,K6
2021-07-05 01:42:08,0007AC7789,K6
2021-07-05 01:44:00,00068E1A0D,K6
2021-07-05 01:46:42,00074BE89B,K6
2021-07-05 01:50:03,0007AC4999,K6
2021-07-05 01:51:33,00074FA4F8,K6
2021-07-05 01:58:43,0007ACA1CE,K6
2021-07-05 02:00:07,00074BE89B,K6
2021-07-05 02:01:15,000770D8F5,K6
2021-07-05 02:07:25,0007AC4999,K6
2021-07-05 02:13:21,00075D110D,K6
2021-07-05 02:16:30,0006B35440,K6
2021-07-05 02:20:21,000786B5F7,K6
2021-07-05 02:20:37,00068E1A0D,K6
2021-07-05 02:26:32,000770D8F5,K6
2021-07-05 02:27:50,00075D110D,K6
2021-07-05 02:28:08,0007ABEDDE,K6
2021-07-05 02:31:32,00075D2562,K6
2021-07-05 02:43:41,00075D1E39,K6
2021-07-05 02:45:25,0006B35440,K6
2021-07-05 02:47:24,00074BE89B,K6
2021-07-05 02:55:00,0007AC48AB,K6
2021-07-05 02:55:59,0007AC7789,K6
2021-07-05 03:05:36,0007ACA1CE,K6
2021-07-05 03:09:40,0007ABEDDE,K6
2021-07-05 03:12:01,0007AC4999,K6
2021-07-05 03:12:59,00074FA4F8,K6
2021-07-05 03:13:41,00074F238E,K6
2021-07-05 03:17:00,00075D1E39,K6
2021-07-05 03:23:53,0007ABEDDE,K6
2021-07-05 03:30:59,00075D110D,K6
2021-07-05 03:43:35,00074BE89B,K6
2021-07-05 04:04:30,000786B311,K6
2021-07-05 04:09:39,0007AC4999,K6
2021-07-05 04:13:58,00075D110D,K6
2021-07-05 04:17:44,0007AC9B39,K6
2021-07-05 04:18:54,00075D1E39,K6
2021-07-05 04:20:19,0007AC48AB,K6
2021-07-05 04:26:18,00074BE89B,K6
2021-07-05 04:30:15,0007ACA1CE,K6
2021-07-05 21:30:26,0007AC48AB,K6
2021-07-05 21:33:02,000770D8F5,K6
2021-07-05 21:33:27,0007AC7789,K6
2021-07-05 21:40:24,00074FA4F8,K6
2021-07-05 21:40:30,00075D110D,K6
2021-07-05 21:40:33,0007AC4999,K6
2021-07-05 21:40:35,0007ACA1CE,K6
2021-07-05 21:43:52,00075D1E39,K6
2021-07-05 21:44:29,00074BE89B,K6
2021-07-05 21:44:40,0007ABEDDE,K6
2021-07-05 21:45:35,00068E1A0D,K6
2021-07-05 21:45:55,0007AC9B39,K6
2021-07-05 21:46:32,00074F238E,K6
2021-07-05 21:47:04,00071E101F,K6
2021-07-05 21:48:07,00075D2562,K6
2021-07-05 21:48:25,000786B5F7,K6
2021-07-05 21:48:33,0006B35440,K6
2021-07-05 21:48:41,000786B311,K6
2021-07-05 21:49:11,0007ACA41C,K6
2021-07-05 22:34:52,00068E1A0D,K6
2021-07-05 22:59:55,000770D8F5,K6
2021-07-05 23:07:24,000786B5F7,K6
2021-07-05 23:08:23,00074BE89B,K6
2021-07-05 23:17:00,0007ABEDDE,K6
2021-07-05 23:18:59,00074BE89B,K6
2021-07-05 23:29:11,0007AC4999,K6
2021-07-05 23:33:52,00075D1E39,K6
2021-07-05 23:37:14,0007ACA1CE,K6
2021-07-05 23:41:25,0007AC7789,K6
2021-07-05 23:41:40,0006B35440,K6
2021-07-05 23:43:11,0007AC4999,K6
2021-07-05 23:44:04,00075D2562,K6
2021-07-05 23:46:22,0007AC48AB,K6
2021-07-05 23:48:58,000770D8F5,K6
2021-07-06 00:06:55,000770D8F5,K6
2021-07-06 00:10:46,00074F238E,K6
2021-07-06 00:18:07,00075D110D,K6
2021-07-06 00:24:57,00074BE89B,K6
2021-07-06 00:27:25,000786B5F7,K6
2021-07-06 00:36:49,0007ABEDDE,K6
2021-07-06 00:44:22,00074FA4F8,K6
2021-07-06 00:45:38,00068E1A0D,K6
2021-07-06 00:47:30,0007AC7789,K6
2021-07-06 00:53:48,0007AC4999,K6
2021-07-06 01:00:45,00075D1E39,K6
2021-07-06 01:05:11,0007AC48AB,K6
2021-07-06 01:14:42,00075D1E39,K6
2021-07-06 01:17:13,0006B35440,K6
2021-07-06 01:30:18,0007ACA1CE,K6
2021-07-06 01:32:08,0007ABEDDE,K6
2021-07-06 01:39:22,0007AC9B39,K6
2021-07-06 01:40:17,00074F238E,K6
2021-07-06 01:40:22,00074BE89B,K6
2021-07-06 01:40:48,0007AC7789,K6
2021-07-06 01:45:49,0007ABEDDE,K6
2021-07-06 01:51:43,00075D2562,K6
2021-07-06 01:59:20,0007AC4999,K6
2021-07-06 02:03:59,000770D8F5,K6
2021-07-06 02:09:49,00074F238E,K6
2021-07-06 02:12:09,000786B5F7,K6
2021-07-06 02:16:42,00075D110D,K6
2021-07-06 02:17:38,00074BE89B,K6
2021-07-06 02:20:17,00075D1E39,K6
2021-07-06 02:24:36,000786B311,K6
2021-07-06 02:27:10,0007ACA41C,K6
2021-07-06 02:28:34,00075D110D,K6
2021-07-06 02:30:15,00074BE89B,K6
2021-07-06 02:34:46,00075D1E39,K6
2021-07-06 02:41:05,00074FA4F8,K6
2021-07-06 02:46:44,000786B5F7,K6
2021-07-06 02:47:50,0007AC48AB,K6
2021-07-06 03:01:29,0006B35440,K6
2021-07-06 03:08:13,00074FA4F8,K6
2021-07-06 03:10:08,00074BE89B,K6
2021-07-06 03:11:53,0007ACA1CE,K6
2021-07-06 03:15:09,000770D8F5,K6
2021-07-06 03:16:20,0007AC7789,K6
2021-07-06 03:22:27,00075D110D,K6
2021-07-06 03:26:05,00075D2562,K6
2021-07-06 03:34:09,0007ABEDDE,K6
2021-07-06 03:36:20,00074F238E,K6
2021-07-06 04:01:53,0007AC4999,K6
2021-07-06 04:24:52,00075D2562,K6
2021-07-06 04:33:36,00075D1E39,K6
2021-07-06 04:36:01,0007ACA41C,K6
2021-07-06 04:40:08,0006B35440,K6
2021-07-06 04:45:20,0007ACA1CE,K6
2021-07-06 04:56:02,0007ABEDDE,K6
2021-07-06 10:56:41,000770D8F5,K6
2021-07-06 13:04:24,000770D8F5,K6
2021-07-06 15:07:57,0007ACA41C,K6
2021-07-06 21:32:39,0007AC48AB,K6
2021-07-06 21:40:04,0007AC7789,K6
2021-07-06 21:44:24,000770D8F5,K6
2021-07-06 21:49:33,0007AC48AB,K6
2021-07-06 22:04:27,0007ABEDDE,K6
2021-07-06 22:07:37,00075D110D,K6
2021-07-06 22:09:56,00074BE89B,K6
2021-07-06 22:16:31,0007AC7789,K6
2021-07-06 22:21:09,00074F238E,K6
2021-07-06 22:28:20,00075D1E39,K6
2021-07-06 22:32:44,00071E101F,K6
2021-07-06 22:33:31,0007ACA1CE,K6
2021-07-06 22:36:52,0007AC7789,K6
2021-07-06 22:38:36,0007AC4999,K6
2021-07-06 22:39:03,00074BE89B,K6
2021-07-06 22:42:36,000770D8F5,K6
2021-07-06 22:42:46,0006B35440,K6
2021-07-06 22:44:09,000786B5F7,K6
2021-07-06 22:44:30,00075D2562,K6
2021-07-06 22:44:32,00074FA4F8,K6
2021-07-06 22:50:30,0007ABEDDE,K6
2021-07-06 22:53:17,00075D110D,K6
2021-07-06 22:53:31,0007AC9B39,K6
2021-07-06 23:14:44,000786B5F7,K6
2021-07-06 23:15:35,0006B35440,K6
2021-07-06 23:29:31,0007AC7789,K6
2021-07-06 23:33:45,00075D110D,K6
2021-07-06 23:39:45,000786B5F7,K6
2021-07-06 23:50:40,00075D110D,K6
2021-07-07 00:05:18,0006B35440,K6
2021-07-07 00:05:23,000786B311,K6
2021-07-07 00:12:30,0007ABEDDE,K6
2021-07-07 00:17:34,0007AC48AB,K6
2021-07-07 00:21:41,000770D8F5,K6
2021-07-07 00:27:37,00074FA4F8,K6
2021-07-07 00:29:52,000786B311,K6
2021-07-07 00:36:40,00074BE89B,K6
2021-07-07 00:51:24,00074BE89B,K6
2021-07-07 00:54:56,00075D110D,K6
2021-07-07 00:56:25,0007ACA1CE,K6
2021-07-07 01:04:11,00068E1A0D,K6
2021-07-07 01:05:34,000786B5F7,K6
2021-07-07 01:08:49,0007ACA1CE,K6
2021-07-07 01:33:24,00075D1E39,K6
2021-07-07 01:34:32,0007ABEDDE,K6
2021-07-07 01:37:21,00074F238E,K6
2021-07-07 01:38:06,00075D110D,K6
2021-07-07 01:48:15,00075D2562,K6
2021-07-07 01:49:45,0007AC48AB,K6
2021-07-07 01:58:55,00068E1A0D,K6
2021-07-07 02:28:00,0007AC4999,K6
2021-07-07 02:31:37,00074BE89B,K6
2021-07-07 02:44:40,0007AC7789,K6
2021-07-07 02:46:44,000770D8F5,K6
2021-07-07 02:47:20,0007ACA1CE,K6
2021-07-07 02:53:09,0006B35440,K6
2021-07-07 02:58:44,0007ACA1CE,K6
2021-07-07 02:59:44,0007ABEDDE,K6
2021-07-07 03:13:58,00074FA4F8,K6
2021-07-07 03:16:36,00075D110D,K6
2021-07-07 03:17:20,00075D1E39,K6
2021-07-07 03:19:20,0006B35440,K6
2021-07-07 03:31:46,00068E1A0D,K6
2021-07-07 04:40:09,00075D110D,K6
2021-07-07 04:42:50,00074FA4F8,K6
2021-07-07 04:43:31,00074BE89B,K6
2021-07-07 04:44:35,0007AC4999,K6
2021-07-07 04:50:21,0007ACA1CE,K6
2021-07-07 04:51:11,00075D1E39,K6
2021-07-07 04:53:52,0007AC7789,K6
2021-07-07 05:04:15,0007AC48AB,K6
2021-07-07 06:08:06,000786B311,K6
2021-07-07 07:10:07,00074BE89B,K6
2021-07-07 07:10:58,000786B311,K6
2021-07-07 18:48:37,0007AC4999,K6
2021-07-07 19:23:59,0006B35440,K6
2021-07-07 21:28:06,0007AC9B39,K6
2021-07-07 21:29:49,0007AC7789,K6
2021-07-07 21:31:14,0007AC48AB,K6
2021-07-07 21:33:24,0007AC4999,K6
2021-07-07 21:33:46,000770D8F5,K6
2021-07-07 21:34:38,00075D1E39,K6
2021-07-07 21:35:25,0007ABEDDE,K6
2021-07-07 21:35:28,00075D2562,K6
2021-07-07 21:37:03,000786B5F7,K6
2021-07-07 21:37:17,00074BE89B,K6
2021-07-07 21:37:49,0007ACA1CE,K6
2021-07-07 21:38:10,00074FA4F8,K6
2021-07-07 21:39:07,00075D110D,K6
2021-07-07 21:39:41,00071E101F,K6
2021-07-07 21:41:50,00074F238E,K6
2021-07-07 21:46:54,000786B311,K6
2021-07-07 21:48:06,0006B35440,K6
2021-07-07 21:51:11,0007ACA41C,K6
2021-07-07 22:38:37,0007AC4999,K6
2021-07-07 22:49:44,0007AC4999,K6
2021-07-07 23:11:41,000786B5F7,K6
2021-07-07 23:25:21,0007ABEDDE,K6
2021-07-07 23:32:56,00075D1E39,K6
2021-07-07 23:42:10,0007ABEDDE,K6
2021-07-08 00:00:45,00074F238E,K6
2021-07-08 00:02:51,000786B5F7,K6
2021-07-08 00:03:04,0006B35440,K6
2021-07-08 00:09:56,0007AC4999,K6
2021-07-08 00:10:59,000770D8F5,K6
2021-07-08 00:13:06,0007AC7789,K6
2021-07-08 00:16:09,00068E1A0D,K6
2021-07-08 00:25:55,00075D110D,K6
2021-07-08 00:28:29,0007AC48AB,K6
2021-07-08 00:28:50,00074FA4F8,K6
2021-07-08 00:35:36,00075D2562,K6
2021-07-08 00:45:58,0007ACA1CE,K6
2021-07-08 00:50:31,00075D2562,K6
2021-07-08 00:56:35,00075D110D,K6
2021-07-08 01:03:10,00075D1E39,K6
2021-07-08 01:03:50,0007ABEDDE,K6
2021-07-08 01:10:36,0007AC4999,K6
2021-07-08 01:11:49,000770D8F5,K6
2021-07-08 01:14:38,0007ABEDDE,K6
2021-07-08 01:18:51,00074BE89B,K6
2021-07-08 01:23:17,0007AC4999,K6
2021-07-08 01:27:27,0006B35440,K6
2021-07-08 01:42:44,00074F238E,K6
2021-07-08 01:42:50,00068E1A0D,K6
2021-07-08 01:47:52,0007AC7789,K6
2021-07-08 01:58:43,000786B5F7,K6
2021-07-08 02:08:47,00075D110D,K6
2021-07-08 02:15:11,0007AC48AB,K6
2021-07-08 02:17:55,0007ACA1CE,K6
2021-07-08 02:19:20,00075D2562,K6
2021-07-08 02:20:30,0007AC4999,K6
2021-07-08 02:21:29,000786B5F7,K6
2021-07-08 02:23:07,00075D1E39,K6
2021-07-08 02:26:16,00074BE89B,K6
2021-07-08 02:27:08,0007AC48AB,K6
2021-07-08 02:27:46,0007ABEDDE,K6
2021-07-08 02:35:51,00075D1E39,K6
2021-07-08 02:38:13,00074FA4F8,K6
2021-07-08 02:39:48,00074BE89B,K6
2021-07-08 02:42:49,00074F238E,K6
2021-07-08 02:46:12,0007AC7789,K6
2021-07-08 02:52:54,0006B35440,K6
2021-07-08 02:58:47,00074FA4F8,K6
2021-07-08 02:59:21,0007AC7789,K6
2021-07-08 03:07:12,00075D110D,K6
2021-07-08 03:08:54,000770D8F5,K6
2021-07-08 03:11:46,0006B35440,K6
2021-07-08 03:16:27,0007ABEDDE,K6
2021-07-08 03:17:29,00075D110D,K6
2021-07-08 03:22:41,00074BE89B,K6
2021-07-08 03:34:19,0007ACA1CE,K6
2021-07-08 03:36:29,00074BE89B,K6
2021-07-08 03:37:11,0007AC4999,K6
2021-07-08 03:38:22,0006B35440,K6
2021-07-08 03:39:48,0007AC48AB,K6
2021-07-08 03:42:25,00075D2562,K6
2021-07-08 03:43:47,00068E1A0D,K6
2021-07-08 03:48:10,00075D1E39,K6
2021-07-08 04:06:50,0007AC7789,K6
2021-07-08 04:21:28,0007AC4999,K6
2021-07-08 04:37:09,0006B35440,K6
2021-07-08 04:40:50,00074BE89B,K6
2021-07-08 04:53:30,0007ACA41C,K6
2021-07-08 04:55:51,0006B35440,K6
2021-07-08 05:05:00,00075D1E39,K6
2021-07-08 05:05:39,0007ABEDDE,K6
2021-07-08 05:22:17,00075D110D,K6
2021-07-08 05:37:41,0007AC7789,K6
2021-07-08 05:58:49,00068E1A0D,K6
2021-07-08 06:12:21,000770D8F5,K6
2021-07-08 08:41:33,000770D8F5,K6
2021-07-08 09:55:21,000770D8F5,K6
2021-07-08 10:16:12,00068E1A0D,K6
2021-07-08 11:12:16,000770D8F5,K6
2021-07-08 13:52:34,000770D8F5,K6
2021-07-08 21:33:47,0007AC48AB,K6
2021-07-08 21:44:04,0007AC48AB,K6
2021-07-08 21:46:39,0007AC7789,K6
2021-07-08 21:46:48,000770D8F5,K6
2021-07-08 21:47:09,00075D1E39,K6
2021-07-08 21:49:06,00074F238E,K6
2021-07-08 21:49:10,0007ABEDDE,K6
2021-07-08 21:50:48,00074FA4F8,K6
2021-07-08 21:52:09,0006B35440,K6
2021-07-08 21:53:58,00074BE89B,K6
2021-07-08 21:54:03,00075D2562,K6
2021-07-08 21:56:48,0007AC9B39,K6
2021-07-08 21:59:47,00075D110D,K6
2021-07-08 22:02:35,000786B5F7,K6
2021-07-08 22:03:07,0007ACA41C,K6
2021-07-08 22:05:47,00068E1A0D,K6
2021-07-08 22:06:21,000786B311,K6
2021-07-08 23:22:39,000770D8F5,K6
2021-07-08 23:25:23,00075D110D,K6
2021-07-08 23:30:10,0006B35440,K6
2021-07-08 23:35:59,00068E1A0D,K6
2021-07-08 23:40:03,00075D110D,K6
2021-07-08 23:46:14,0007ABEDDE,K6
2021-07-08 23:46:24,0006B35440,K6
2021-07-08 23:54:41,00074BE89B,K6
2021-07-09 00:03:27,0007AC4999,K6
2021-07-09 00:10:23,000786B5F7,K6
2021-07-09 00:12:15,0007ACA1CE,K6
2021-07-09 00:14:23,0007AC48AB,K6
2021-07-09 00:16:19,0007AC4999,K6
2021-07-09 00:20:35,0007AC7789,K6
2021-07-09 00:23:13,000770D8F5,K6
2021-07-09 00:24:28,00068E1A0D,K6
2021-07-09 00:27:42,00075D1E39,K6
2021-07-09 00:29:33,0007AC48AB,K6
2021-07-09 00:31:09,00075D2562,K6
2021-07-09 00:38:11,0007AC7789,K6
2021-07-09 00:48:21,00074F238E,K6
2021-07-09 00:51:36,0007ABEDDE,K6
2021-07-09 00:51:41,0007AC9B39,K6
2021-07-09 01:07:42,00074BE89B,K6
2021-07-09 01:26:28,0007AC7789,K6
2021-07-09 01:35:46,0007AC48AB,K6
2021-07-09 01:38:29,00075D1E39,K6
2021-07-09 01:38:50,00075D110D,K6
2021-07-09 02:13:51,00075D1E39,K6
2021-07-09 02:14:04,00075D110D,K6
2021-07-09 02:15:21,0007AC7789,K6
2021-07-09 02:27:54,0007AC48AB,K6
2021-07-09 02:28:01,00074BE89B,K6
2021-07-09 02:29:24,00075D110D,K6
2021-07-09 02:45:13,0007AC48AB,K6
2021-07-09 03:09:19,00075D110D,K6
2021-07-09 03:31:07,0007AC7789,K6
2021-07-09 03:33:38,000770D8F5,K6
2021-07-09 03:37:25,00075D1E39,K6
2021-07-09 03:37:43,00075D110D,K6
2021-07-09 03:38:20,0007ABEDDE,K6
2021-07-09 03:38:42,00074FA4F8,K6
2021-07-09 03:39:41,0007AC4999,K6
2021-07-09 03:42:06,0007AC48AB,K6
2021-07-09 03:45:20,0007AC7789,K6
2021-07-09 03:57:33,000770D8F5,K6
2021-07-09 03:57:54,000786B5F7,K6
2021-07-09 04:06:12,0007AC48AB,K6
2021-07-09 04:08:11,00075D1E39,K6
2021-07-09 04:13:54,0007ACA1CE,K6
2021-07-09 21:29:11,000770D8F5,K6
2021-07-09 21:30:19,0007AC48AB,K6
2021-07-09 21:30:54,0007AC4999,K6
2021-07-09 21:30:58,0007ABEDDE,K6
2021-07-09 21:32:59,00068E1A0D,K6
2021-07-09 21:33:38,0007AC7789,K6
2021-07-09 21:33:47,0007ACA1CE,K6
2021-07-09 21:34:32,000786B5F7,K6
2021-07-09 21:35:37,00074BE89B,K6
2021-07-09 21:35:47,00075D1E39,K6
2021-07-09 21:36:38,00074FA4F8,K6
2021-07-09 21:36:47,000786B311,K6
2021-07-09 21:37:28,0006B35440,K6
2021-07-09 21:39:11,0007AC9B39,K6
2021-07-09 21:57:50,00075D2562,K6
2021-07-09 22:07:06,00074F238E,K6
2021-07-09 22:10:49,00075D2562,K6
2021-07-09 22:59:09,0007AC4999,K6
2021-07-09 23:09:23,000786B5F7,K6
2021-07-09 23:10:28,0007AC4999,K6
2021-07-09 23:13:31,000770D8F5,K6
2021-07-09 23:13:57,00074BE89B,K6
2021-07-09 23:26:22,00074BE89B,K6
2021-07-09 23:27:34,00075D110D,K6
2021-07-10 00:09:21,0007AC7789,K6
2021-07-10 00:10:05,00075D1E39,K6
2021-07-10 00:12:32,00068E1A0D,K6
2021-07-10 00:12:42,000770D8F5,K6
2021-07-10 00:20:06,00074BE89B,K6
2021-07-10 00:23:48,0007AC7789,K6
2021-07-10 00:23:59,000786B5F7,K6
2021-07-10 00:24:24,0007AC48AB,K6
2021-07-10 00:25:52,00074F238E,K6
2021-07-10 00:27:03,00075D1E39,K6
2021-07-10 00:30:04,00068E1A0D,K6
2021-07-10 00:31:55,00074FA4F8,K6
2021-07-10 00:32:20,0007AC4999,K6
2021-07-10 00:33:46,0006B35440,K6
2021-07-10 00:41:59,000786B5F7,K6
2021-07-10 00:45:15,00074FA4F8,K6
2021-07-10 00:51:53,0006B35440,K6
2021-07-10 01:03:37,0007ABEDDE,K6
2021-07-10 01:07:51,00075D110D,K6
2021-07-10 01:13:46,00075D2562,K6
2021-07-10 01:19:26,00074BE89B,K6
2021-07-10 01:19:36,0007ACA1CE,K6
2021-07-10 01:24:28,00075D110D,K6
2021-07-10 01:32:02,00074BE89B,K6
2021-07-10 01:32:59,0007ABEDDE,K6
2021-07-10 01:39:29,0007AC4999,K6
2021-07-10 01:53:23,0007AC4999,K6
2021-07-10 01:55:02,000770D8F5,K6
2021-07-10 02:06:43,00075D110D,K6
2021-07-10 02:08:30,0007AC7789,K6
2021-07-10 02:09:21,000770D8F5,K6
2021-07-10 02:10:05,0007ABEDDE,K6
2021-07-10 02:16:31,00074F238E,K6
2021-07-10 02:24:08,00068E1A0D,K6
2021-07-10 02:26:42,0007AC7789,K6
2021-07-10 02:28:49,00074F238E,K6
2021-07-10 02:30:47,000786B5F7,K6
2021-07-10 02:37:29,0007AC48AB,K6
2021-07-10 02:38:00,00075D1E39,K6
2021-07-10 02:40:14,0006B35440,K6
2021-07-10 02:41:52,0007ACA1CE,K6
2021-07-10 02:43:30,000786B5F7,K6
2021-07-10 02:44:30,00074BE89B,K6
2021-07-10 02:47:30,0007AC7789,K6
2021-07-10 02:48:16,0007AC48AB,K6
2021-07-10 02:49:56,00075D110D,K6
2021-07-10 02:50:07,00074FA4F8,K6
2021-07-10 02:50:20,00068E1A0D,K6
2021-07-10 02:50:26,0007ABEDDE,K6
2021-07-10 02:55:16,0007AC9B39,K6
2021-07-10 02:59:11,0007AC4999,K6
2021-07-10 03:01:27,0007AC7789,K6
2021-07-10 03:01:51,00075D2562,K6
2021-07-10 03:03:56,0006B35440,K6
2021-07-10 03:04:53,00074FA4F8,K6
2021-07-10 03:07:34,000770D8F5,K6
2021-07-10 03:12:22,0007ABEDDE,K6
2021-07-10 03:13:31,00075D2562,K6
2021-07-10 03:22:57,00068E1A0D,K6
2021-07-10 03:26:31,00075D110D,K6
2021-07-10 03:27:49,00075D1E39,K6
2021-07-10 03:27:52,0007AC9B39,K6
2021-07-10 04:21:19,00068E1A0D,K6
2021-07-10 04:23:05,0007ABEDDE,K6
2021-07-10 04:23:27,00074FA4F8,K6
2021-07-10 04:24:13,000786B5F7,K6
2021-07-10 04:24:32,00074F238E,K6
2021-07-10 04:28:12,0006B35440,K6
2021-07-10 04:28:19,00075D110D,K6
2021-07-10 04:28:58,00071E101F,K6
2021-07-10 04:30:15,0007AC7789,K6
2021-07-10 04:32:04,000770D8F5,K6
2021-07-10 04:34:32,0007AC4999,K6
2021-07-10 04:34:42,00075D1E39,K6
2021-07-10 04:37:14,0007AC9B39,K6
2021-07-10 04:52:01,0007AC48AB,K6
2021-07-10 05:02:46,0007AC48AB,K6
2021-07-10 06:05:40,000770D8F5,K6
2021-07-10 08:24:43,000770D8F5,K6
2021-07-10 08:34:44,000770D8F5,K6
2021-07-10 08:45:01,000770D8F5,K6
2021-07-10 08:58:51,000770D8F5,K6
2021-07-10 09:55:13,00068E1A0D,K6
2021-07-10 10:20:15,0007AC7789,K6
2021-07-10 11:20:43,0007AC7789,K6
2021-07-10 11:25:15,000770D8F5,K6
2021-07-10 14:56:43,000770D8F5,K6
2021-07-10 16:05:12,000770D8F5,K6
2021-07-10 16:15:13,000770D8F5,K6
2021-07-10 18:56:23,00074BE89B,K6
2021-07-10 19:27:16,00074FA4F8,K6
2021-07-10 21:18:00,000770D8F5,K6
2021-07-10 21:21:01,0007AC7789,K6
2021-07-10 21:24:28,00075D1E39,K6
2021-07-10 21:25:51,00075D2562,K6
2021-07-10 21:25:54,0007ABEDDE,K6
2021-07-10 21:26:38,0007AC48AB,K6
2021-07-10 21:27:05,00074F238E,K6
2021-07-10 21:28:36,0007AC4999,K6
2021-07-10 21:30:41,0007AC9B39,K6
2021-07-10 21:30:51,00074BE89B,K6
2021-07-10 21:34:56,00071E101F,K6
2021-07-10 21:35:05,000786B5F7,K6
2021-07-10 21:35:09,0006B35440,K6
2021-07-10 21:35:41,0007ACA41C,K6
2021-07-10 21:35:53,00068E1A0D,K6
2021-07-10 21:35:54,00074FA4F8,K6
2021-07-10 21:36:46,000786B311,K6
2021-07-10 21:45:37,00075D110D,K6
2021-07-10 23:18:14,00075D110D,K6
2021-07-10 23:20:40,0007AC4999,K6
2021-07-10 23:30:07,00075D1E39,K6
2021-07-10 23:31:32,0007AC4999,K6
2021-07-10 23:40:13,000786B5F7,K6
2021-07-10 23:42:41,0006B35440,K6
2021-07-10 23:47:06,00074BE89B,K6
2021-07-10 23:51:44,0007ACA1CE,K6
2021-07-10 23:55:37,00075D2562,K6
2021-07-10 23:58:06,00074F238E,K6
2021-07-11 00:04:38,0006B35440,K6
2021-07-11 00:09:01,0007ABEDDE,K6
2021-07-11 00:27:22,000770D8F5,K6
2021-07-11 00:38:47,00068E1A0D,K6
2021-07-11 00:48:41,00074FA4F8,K6
2021-07-11 01:48:03,0007AC7789,K6
2021-07-11 01:58:17,0007AC48AB,K6
2021-07-11 02:11:10,0007ABEDDE,K6
2021-07-11 02:12:03,000770D8F5,K6
2021-07-11 02:12:58,00074BE89B,K6
2021-07-11 02:16:55,0007AC7789,K6
2021-07-11 02:25:57,000786B5F7,K6
2021-07-11 02:27:25,0006B35440,K6
2021-07-11 02:31:57,000770D8F5,K6
2021-07-11 02:32:08,00075D1E39,K6
2021-07-11 02:41:00,0007AC4999,K6
2021-07-11 02:41:18,00074BE89B,K6
2021-07-11 02:45:35,000786B5F7,K6
2021-07-11 02:57:51,000786B311,K6
2021-07-11 02:58:10,00075D110D,K6
2021-07-11 02:58:23,00074FA4F8,K6
2021-07-11 02:58:35,0007ABEDDE,K6
2021-07-11 03:18:32,00075D1E39,K6
2021-07-11 03:18:42,0007AC7789,K6
2021-07-11 03:19:04,0007AC4999,K6
2021-07-11 03:25:55,0007AC48AB,K6
2021-07-11 03:47:45,0006B35440,K6
2021-07-11 03:51:53,000786B311,K6
2021-07-11 03:52:51,00074F238E,K6
2021-07-11 03:55:06,00068E1A0D,K6
2021-07-11 03:55:38,00075D2562,K6
2021-07-11 04:01:12,0007ACA1CE,K6
2021-07-11 04:13:28,00074BE89B,K6
2021-07-11 04:14:00,0007ACA1CE,K6
2021-07-11 04:31:27,0006B35440,K6
2021-07-11 04:33:09,00074BE89B,K6
2021-07-11 04:35:20,0007AC4999,K6
2021-07-11 04:53:46,0007ACA1CE,K6
2021-07-11 18:29:30,000770D8F5,K6
2021-07-11 21:25:15,0007AC48AB,K6
2021-07-11 21:25:57,000770D8F5,K6
2021-07-11 21:30:28,00074F238E,K6
2021-07-11 21:30:50,0007AC4999,K6
2021-07-11 21:31:18,0007AC7789,K6
2021-07-11 21:32:43,000786B5F7,K6
2021-07-11 21:32:46,00075D1E39,K6
2021-07-11 21:32:52,00074FA4F8,K6
2021-07-11 21:33:13,00068E1A0D,K6
2021-07-11 21:33:22,0007ABEDDE,K6
2021-07-11 21:35:51,0007ACA1CE,K6
2021-07-11 21:43:35,0006B35440,K6
2021-07-11 21:47:02,000786B311,K6
2021-07-11 22:26:44,0007AC4999,K6
2021-07-11 22:30:47,00075D2562,K6
2021-07-11 22:38:17,0007AC4999,K6
2021-07-11 22:59:13,0007ABEDDE,K6
2021-07-11 23:05:18,00075D1E39,K6
2021-07-11 23:15:49,00074FA4F8,K6
2021-07-11 23:34:16,0007AC7789,K6
2021-07-11 23:45:04,0007ABEDDE,K6
2021-07-11 23:48:48,00074BE89B,K6
2021-07-11 23:51:08,0006B35440,K6
2021-07-11 23:52:07,00074F238E,K6
2021-07-11 23:59:09,000770D8F5,K6
2021-07-12 00:01:35,00075D110D,K6
2021-07-12 00:02:09,000786B5F7,K6
2021-07-12 00:03:56,00068E1A0D,K6
2021-07-12 00:20:34,0007AC4999,K6
2021-07-12 00:26:51,0007ACA1CE,K6
2021-07-12 00:31:16,0007AC48AB,K6
2021-07-12 00:32:31,00075D2562,K6
2021-07-12 00:32:48,0007AC4999,K6
2021-07-12 00:34:33,00075D1E39,K6
2021-07-12 00:50:25,00075D2562,K6
2021-07-12 00:52:28,00074FA4F8,K6
2021-07-12 00:54:55,0007AC7789,K6
2021-07-12 00:59:36,0006B35440,K6
2021-07-12 01:03:17,00074BE89B,K6
2021-07-12 01:10:45,0007ABEDDE,K6
2021-07-12 01:14:49,0006B35440,K6
2021-07-12 01:41:18,0007AC48AB,K6
2021-07-12 01:46:56,00074BE89B,K6
2021-07-12 01:51:05,00074F238E,K6
2021-07-12 01:54:07,000770D8F5,K6
2021-07-12 02:00:44,0007AC4999,K6
2021-07-12 02:04:58,0007ACA1CE,K6
2021-07-12 02:07:30,0007AC7789,K6
2021-07-12 02:11:32,000770D8F5,K6
2021-07-12 02:13:41,0007ABEDDE,K6
2021-07-12 02:22:01,000786B5F7,K6
2021-07-12 02:34:20,00074F238E,K6
2021-07-12 02:39:11,00075D1E39,K6
2021-07-12 02:44:29,00075D2562,K6
2021-07-12 02:55:51,00074BE89B,K6
2021-07-12 02:57:47,0007AC48AB,K6
2021-07-12 03:03:39,000786B311,K6
2021-07-12 03:10:02,0007AC48AB,K6
2021-07-12 03:11:33,0006B35440,K6
2021-07-12 03:11:52,0007AC7789,K6
2021-07-12 03:15:51,0007AC4999,K6
2021-07-12 03:22:48,0007ABEDDE,K6
2021-07-12 03:23:20,00074FA4F8,K6
2021-07-12 03:27:31,0007ACA1CE,K6
2021-07-12 03:49:06,00068E1A0D,K6
2021-07-12 04:28:14,000770D8F5,K6
2021-07-12 04:37:12,0007AC4999,K6
2021-07-12 04:37:18,0006B35440,K6
2021-07-12 04:42:07,00068E1A0D,K6
2021-07-12 04:55:20,0007ACA1CE,K6
2021-07-12 05:13:57,000770D8F5,K6
2021-07-12 05:37:09,0007AC7789,K6
2021-07-12 09:20:09,00068E1A0D,K6
2021-07-12 09:20:17,0007AC7789,K6
2021-07-12 10:55:48,000770D8F5,K6
2021-07-12 13:55:36,000770D8F5,K6
2021-07-12 14:37:39,00068E1A0D,K6
2021-07-12 14:57:08,000770D8F5,K6
2021-07-12 15:32:56,000770D8F5,K6
2021-07-12 16:32:25,000770D8F5,K6
2021-07-12 17:48:47,00068E1A0D,K6
2021-07-12 17:58:48,00068E1A0D,K6
2021-07-12 18:18:53,000770D8F5,K6
2021-07-12 18:28:54,000770D8F5,K6
2021-07-12 18:31:26,00068E1A0D,K6
2021-07-12 18:41:27,00068E1A0D,K6
2021-07-12 18:49:10,0007ACA1CE,K6
2021-07-12 18:58:31,00068E1A0D,K6
2021-07-12 19:11:50,0007ACA1CE,K6
2021-07-12 19:11:56,00075D110D,K6
2021-07-12 19:12:04,00068E1A0D,K6
2021-07-12 19:27:32,000770D8F5,K6
2021-07-12 19:34:50,00068E1A0D,K6
2021-07-12 19:44:51,00068E1A0D,K6
2021-07-12 19:54:52,00068E1A0D,K6
2021-07-12 20:04:53,00068E1A0D,K6
2021-07-12 20:08:44,000770D8F5,K6
2021-07-12 20:14:54,00068E1A0D,K6
2021-07-12 20:24:55,00068E1A0D,K6
2021-07-13 11:20:41,0007AC7789,K6
2021-07-13 11:59:51,00068E1A0D,K6
2021-07-13 12:06:24,000770D8F5,K6
2021-07-13 12:16:25,000770D8F5,K6
2021-07-13 12:18:19,00068E1A0D,K6
2021-07-13 12:28:21,00068E1A0D,K6
2021-07-13 13:08:14,00068E1A0D,K6
2021-07-13 13:23:15,000770D8F5,K6
2021-07-13 21:33:25,000770D8F5,K6
2021-07-13 21:35:24,0007ABEDDE,K6
2021-07-13 21:35:53,0007AC7789,K6
2021-07-13 21:35:59,00075D1E39,K6
2021-07-13 21:36:09,0007AC48AB,K6
2021-07-13 21:38:04,0007ACA1CE,K6
2021-07-13 21:41:46,00074BE89B,K6
2021-07-13 21:41:58,00074F238E,K6
2021-07-13 21:44:02,0007AC4999,K6
2021-07-13 21:46:22,00075D2562,K6
2021-07-13 21:46:44,000786B5F7,K6
2021-07-13 21:48:09,0006B35440,K6
2021-07-13 21:49:22,00074FA4F8,K6
2021-07-13 21:52:24,00068E1A0D,K6
2021-07-13 21:59:54,00071E101F,K6
2021-07-13 22:06:48,0007AC9B39,K6
2021-07-13 22:08:17,000786B311,K6
2021-07-13 23:09:43,000786B5F7,K6
2021-07-13 23:23:53,00075D110D,K6
2021-07-13 23:24:27,00068E1A0D,K6
2021-07-13 23:36:25,0007ABEDDE,K6
2021-07-13 23:40:27,0006B35440,K6
2021-07-13 23:41:24,00074BE89B,K6
2021-07-14 00:02:54,0006B35440,K6
2021-07-14 00:05:27,0007AC48AB,K6
2021-07-14 00:07:56,00074F238E,K6
2021-07-14 00:08:27,000770D8F5,K6
2021-07-14 00:09:46,0007AC7789,K6
2021-07-14 00:11:27,0007ACA1CE,K6
2021-07-14 00:14:22,000786B5F7,K6
2021-07-14 00:19:57,00075D2562,K6
2021-07-14 00:26:42,0007AC4999,K6
2021-07-14 00:35:44,00074FA4F8,K6
2021-07-14 00:37:06,0007AC4999,K6
2021-07-14 00:41:12,00075D1E39,K6
2021-07-14 00:42:50,0007AC7789,K6
2021-07-14 00:53:43,00074BE89B,K6
2021-07-14 01:10:37,000770D8F5,K6
2021-07-14 01:17:34,0006B35440,K6
2021-07-14 01:24:40,0007ABEDDE,K6
2021-07-14 01:47:49,00074BE89B,K6
2021-07-14 01:58:52,0007AC4999,K6
2021-07-14 02:06:00,00074F238E,K6
2021-07-14 02:06:03,000786B5F7,K6
2021-07-14 02:09:42,0007AC4999,K6
2021-07-14 02:12:21,0007AC48AB,K6
2021-07-14 02:23:54,0006B35440,K6
2021-07-14 02:27:56,000770D8F5,K6
2021-07-14 02:33:06,00074BE89B,K6
2021-07-14 02:33:58,00075D2562,K6
2021-07-14 02:35:47,0007AC7789,K6
2021-07-14 02:36:07,0007ABEDDE,K6
2021-07-14 02:36:41,00068E1A0D,K6
2021-07-14 02:57:00,0007AC7789,K6
2021-07-14 02:59:39,00074FA4F8,K6
2021-07-14 03:05:49,0007AC4999,K6
2021-07-14 03:08:25,0006B35440,K6
2021-07-14 03:08:37,000786B311,K6
2021-07-14 03:10:39,0007AC7789,K6
2021-07-14 03:28:44,0007ACA1CE,K6
2021-07-14 03:31:56,0007AC48AB,K6
2021-07-14 03:33:51,00075D1E39,K6
2021-07-14 03:37:52,000770D8F5,K6
2021-07-14 03:45:55,00074BE89B,K6
2021-07-14 04:05:31,0007ABEDDE,K6
2021-07-14 04:51:09,0007ACA1CE,K6
2021-07-14 05:06:29,0007AC9B39,K6
2021-07-14 05:07:47,0007AC4999,K6
2021-07-14 05:12:05,0007AC48AB,K6
2021-07-14 05:29:51,00075D110D,K6
2021-07-14 05:42:49,0007AC7789,K6
2021-07-14 06:47:17,0006B35440,K6
2021-07-14 09:32:57,00068E1A0D,K6
2021-07-14 09:44:39,00068E1A0D,K6
2021-07-14 21:33:32,0007ABEDDE,K6
2021-07-14 21:33:49,00075D1E39,K6
2021-07-14 21:34:54,0007AC48AB,K6
2021-07-14 21:35:06,0007AC4999,K6
2021-07-14 21:35:26,000770D8F5,K6
2021-07-14 21:36:21,00074F238E,K6
2021-07-14 21:38:31,0007AC7789,K6
2021-07-14 21:42:29,00074BE89B,K6
2021-07-14 21:43:10,000786B5F7,K6
2021-07-14 21:43:12,00075D2562,K6
2021-07-14 21:44:18,00074FA4F8,K6
2021-07-14 21:44:40,00075D110D,K6
2021-07-14 21:46:52,0007ACA1CE,K6
2021-07-14 21:48:36,0006B35440,K6
2021-07-14 21:49:50,00068E1A0D,K6
2021-07-14 21:49:55,00071E101F,K6
2021-07-14 21:56:31,0007ACA41C,K6
2021-07-14 21:59:03,0007AC9B39,K6
2021-07-14 22:00:30,000786B311,K6
2021-07-14 23:12:56,0007AC7789,K6
2021-07-14 23:16:25,0007ABEDDE,K6
2021-07-14 23:24:14,0007AC4999,K6
2021-07-14 23:38:25,00075D110D,K6
2021-07-14 23:42:14,000786B5F7,K6
2021-07-14 23:43:27,0007AC48AB,K6
2021-07-14 23:44:58,00074F238E,K6
2021-07-14 23:52:44,00075D2562,K6
2021-07-14 23:58:54,00074F238E,K6
2021-07-15 00:01:38,000770D8F5,K6
2021-07-15 00:09:21,0006B35440,K6
2021-07-15 00:09:52,000786B5F7,K6
2021-07-15 00:09:53,0007ABEDDE,K6
2021-07-15 00:11:48,00074BE89B,K6
2021-07-15 00:12:12,00075D1E39,K6
2021-07-15 00:12:40,000770D8F5,K6
2021-07-15 00:28:43,00074FA4F8,K6
2021-07-15 00:48:17,00074F238E,K6
2021-07-15 00:57:51,0007AC7789,K6
2021-07-15 00:59:29,0007ACA1CE,K6
2021-07-15 01:05:39,00075D1E39,K6
2021-07-15 01:13:04,0007AC4999,K6
2021-07-15 01:17:35,00074BE89B,K6
2021-07-15 01:17:49,0006B35440,K6
2021-07-15 01:19:22,0007ABEDDE,K6
2021-07-15 01:23:22,0007AC4999,K6
2021-07-15 01:27:17,0007AC48AB,K6
2021-07-15 01:36:18,0007AC7789,K6
2021-07-15 01:36:36,0006B35440,K6
2021-07-15 01:38:06,00075D2562,K6
2021-07-15 01:41:41,000770D8F5,K6
2021-07-15 01:52:56,00075D110D,K6
2021-07-15 02:03:03,00074BE89B,K6
2021-07-15 02:10:30,000786B5F7,K6
2021-07-15 02:18:55,00074BE89B,K6
2021-07-15 02:26:55,00074F238E,K6
2021-07-15 02:34:09,0007AC4999,K6
2021-07-15 02:44:20,0007ABEDDE,K6
2021-07-15 02:50:55,0006B35440,K6
2021-07-15 02:51:50,0007AC7789,K6
2021-07-15 02:52:39,00075D1E39,K6
2021-07-15 02:56:17,00074FA4F8,K6
2021-07-15 03:09:54,00074FA4F8,K6
2021-07-15 03:10:32,0007AC48AB,K6
2021-07-15 03:12:39,00075D2562,K6
2021-07-15 03:15:12,00074BE89B,K6
2021-07-15 03:16:22,000786B5F7,K6
2021-07-15 03:16:23,0007ACA1CE,K6
2021-07-15 03:18:39,000770D8F5,K6
2021-07-15 03:38:36,0007AC7789,K6
2021-07-15 03:45:20,00075D2562,K6
2021-07-15 03:45:34,0007ABEDDE,K6
2021-07-15 03:57:16,00074F238E,K6
2021-07-15 05:00:18,0006B35440,K6
2021-07-15 05:07:35,0007AC4999,K6
2021-07-15 05:08:46,0007ACA1CE,K6
2021-07-15 05:23:53,00068E1A0D,K6
2021-07-15 05:34:56,00068E1A0D,K6
2021-07-15 06:25:39,000770D8F5,K6
2021-07-15 07:10:04,00068E1A0D,K6
2021-07-15 07:20:05,00068E1A0D,K6
2021-07-15 07:30:06,00068E1A0D,K6
2021-07-15 10:05:00,00068E1A0D,K6
2021-07-15 14:33:37,00074FA4F8,K6
2021-07-15 14:59:25,0007AC7789,K6
2021-07-15 15:16:58,00074FA4F8,K6
2021-07-15 17:56:55,00068E1A0D,K6
2021-07-15 18:16:01,0007ACA1CE,K6
2021-07-15 18:16:38,00068E1A0D,K6
2021-07-15 18:21:14,000770D8F5,K6
2021-07-15 18:50:30,000770D8F5,K6
2021-07-15 19:02:27,000770D8F5,K6
2021-07-15 19:12:28,000770D8F5,K6
2021-07-15 19:24:46,0007ACA41C,K6
2021-07-15 20:12:45,0007ACA1CE,K6
2021-07-15 21:25:30,000786B5F7,K6
2021-07-15 21:30:02,0007ABEDDE,K6
2021-07-15 21:35:37,0007AC7789,K6
2021-07-15 21:35:42,0007AC48AB,K6
2021-07-15 21:39:04,00068E1A0D,K6
2021-07-15 21:41:09,0007AC9B39,K6
2021-07-15 21:41:22,00074BE89B,K6
2021-07-15 21:41:49,00074F238E,K6
2021-07-15 21:42:11,000770D8F5,K6
2021-07-15 21:42:20,000786B5F7,K6
2021-07-15 21:42:38,00075D2562,K6
2021-07-15 21:43:38,00074FA4F8,K6
2021-07-15 21:46:06,0006B35440,K6
2021-07-15 21:47:16,00075D110D,K6
2021-07-15 21:49:41,0007ACA1CE,K6
2021-07-15 21:58:16,00071E101F,K6
2021-07-15 21:58:51,0007ACA41C,K6
2021-07-15 22:08:05,000786B311,K6
2021-07-15 23:17:09,0007AC4999,K6
2021-07-15 23:18:00,0007ABEDDE,K6
2021-07-15 23:32:17,00074BE89B,K6
2021-07-15 23:35:08,000786B5F7,K6
2021-07-15 23:39:12,0006B35440,K6
2021-07-15 23:44:17,00075D1E39,K6
2021-07-15 23:49:03,00075D110D,K6
2021-07-15 23:49:22,00074FA4F8,K6
2021-07-15 23:49:27,0007AC48AB,K6
2021-07-16 00:01:55,0007AC48AB,K6
2021-07-16 00:03:10,00075D110D,K6
2021-07-16 00:14:17,000770D8F5,K6
2021-07-16 00:15:58,00074F238E,K6
2021-07-16 00:16:20,0006B35440,K6
2021-07-16 00:18:43,00075D2562,K6
2021-07-16 00:21:19,0007AC7789,K6
2021-07-16 00:30:11,0006B35440,K6
2021-07-16 00:30:44,000786B5F7,K6
2021-07-16 00:33:27,0007ACA1CE,K6
2021-07-16 00:36:17,00074BE89B,K6
2021-07-16 00:38:18,0007AC4999,K6
2021-07-16 00:51:48,00075D110D,K6
2021-07-16 00:52:19,0007AC4999,K6
2021-07-16 00:57:53,0007ACA1CE,K6
2021-07-16 01:00:35,0007ABEDDE,K6
2021-07-16 01:06:21,00074FA4F8,K6
2021-07-16 01:28:00,0007AC7789,K6
2021-07-16 01:31:44,00075D1E39,K6
2021-07-16 01:32:49,0006B35440,K6
2021-07-16 01:41:54,00075D1E39,K6
2021-07-16 01:49:18,0006B35440,K6
2021-07-16 01:51:21,000786B5F7,K6
2021-07-16 01:55:29,0007ABEDDE,K6
2021-07-16 01:55:32,00074F238E,K6
2021-07-16 01:55:50,00074BE89B,K6
2021-07-16 02:00:28,0007AC48AB,K6
2021-07-16 02:09:24,000770D8F5,K6
2021-07-16 02:19:01,0007AC4999,K6
2021-07-16 02:19:25,00075D2562,K6
2021-07-16 02:20:28,0007AC7789,K6
2021-07-16 02:30:56,0007AC4999,K6
2021-07-16 02:31:06,00075D110D,K6
2021-07-16 02:39:53,0007ACA1CE,K6
2021-07-16 02:58:08,0007AC9B39,K6
2021-07-16 02:58:53,00074F238E,K6
2021-07-16 03:02:11,00075D2562,K6
2021-07-16 03:03:05,0006B35440,K6
2021-07-16 03:14:12,00074BE89B,K6
2021-07-16 03:16:13,00075D1E39,K6
2021-07-16 03:21:06,0006B35440,K6
2021-07-16 03:25:30,0007ABEDDE,K6
2021-07-16 03:27:01,0007AC7789,K6
2021-07-16 03:29:23,00074FA4F8,K6
2021-07-16 03:29:53,000770D8F5,K6
2021-07-16 03:40:58,0007AC4999,K6
2021-07-16 03:58:19,00075D2562,K6
2021-07-16 04:36:50,000786B311,K6
2021-07-16 04:47:09,0007AC4999,K6
2021-07-16 04:52:18,00075D1E39,K6
2021-07-16 04:54:24,0007ACA1CE,K6
2021-07-16 05:06:20,0007AC9B39,K6
2021-07-16 05:29:11,0006B35440,K6
2021-07-16 05:59:08,000770D8F5,K6
2021-07-16 09:33:28,000770D8F5,K6
2021-07-16 11:35:50,00074BE89B,K6
2021-07-16 12:34:24,000770D8F5,K6
2021-07-16 12:55:12,000770D8F5,K6
2021-07-16 13:05:42,000770D8F5,K6
2021-07-16 13:16:08,000770D8F5,K6
2021-07-16 13:24:30,00068E1A0D,K6
2021-07-16 13:44:17,00068E1A0D,K6
2021-07-16 13:54:24,00068E1A0D,K6
2021-07-16 14:04:25,00068E1A0D,K6
2021-07-16 14:14:26,00068E1A0D,K6
2021-07-16 15:20:07,00074FA4F8,K6
2021-07-16 15:47:11,000770D8F5,K6
2021-07-16 15:50:27,000786B311,K6
2021-07-16 16:37:41,00068E1A0D,K6
2021-07-16 16:47:42,00068E1A0D,K6
2021-07-16 16:56:53,000786B5F7,K6
2021-07-16 16:58:05,00068E1A0D,K6
2021-07-16 17:08:06,00068E1A0D,K6
2021-07-16 17:18:07,00068E1A0D,K6
2021-07-16 17:28:08,00068E1A0D,K6
2021-07-17 13:24:15,0007AC48AB,K6
2021-07-17 17:01:37,00068E1A0D,K6
2021-07-17 18:22:22,000770D8F5,K6
2021-07-17 18:25:51,00074BE89B,K6
2021-07-17 18:42:12,000770D8F5,K6
2021-07-17 18:52:13,000770D8F5,K6
2021-07-17 19:02:14,000770D8F5,K6
2021-07-17 19:15:48,000770D8F5,K6
2021-07-17 20:36:21,000770D8F5,K6
2021-07-17 20:47:52,000770D8F5,K6
2021-07-17 20:48:51,00075D110D,K6
2021-07-17 21:00:16,00075D110D,K6
2021-07-17 21:10:17,00075D110D,K6
2021-07-17 21:27:51,0007AC48AB,K6
2021-07-17 21:31:14,00075D1E39,K6
2021-07-17 21:32:01,00075D2562,K6
2021-07-17 21:32:11,0007AC7789,K6
2021-07-17 21:32:17,00074BE89B,K6
2021-07-17 21:32:20,0007ABEDDE,K6
2021-07-17 21:33:45,000770D8F5,K6
2021-07-17 21:33:48,00075D110D,K6
2021-07-17 21:33:51,0006B35440,K6
2021-07-17 21:36:17,00074FA4F8,K6
2021-07-17 21:36:19,0007ACA1CE,K6
2021-07-17 21:36:30,000786B5F7,K6
2021-07-17 21:40:25,0007AC9B39,K6
2021-07-17 21:56:11,000786B311,K6
2021-07-17 21:56:34,0007ACA41C,K6
2021-07-17 21:57:26,00071E101F,K6
2021-07-17 23:19:46,000786B5F7,K6
2021-07-17 23:22:56,00074BE89B,K6
2021-07-17 23:26:20,00074FA4F8,K6
2021-07-17 23:27:11,0006B35440,K6
2021-07-17 23:27:14,0007AC7789,K6
2021-07-17 23:40:57,0007ACA1CE,K6
2021-07-17 23:45:26,000770D8F5,K6
2021-07-17 23:55:19,00075D110D,K6
2021-07-17 23:56:56,0007ABEDDE,K6
2021-07-18 00:03:18,00074BE89B,K6
2021-07-18 00:09:30,0007ABEDDE,K6
2021-07-18 00:09:55,0007AC48AB,K6
2021-07-18 00:10:02,0007AC4999,K6
2021-07-18 00:10:11,000770D8F5,K6
2021-07-18 00:10:45,000786B5F7,K6
2021-07-18 00:23:39,0007AC7789,K6
2021-07-18 00:30:23,00074F238E,K6
2021-07-18 00:32:17,00075D1E39,K6
2021-07-18 00:34:55,0006B35440,K6
2021-07-18 00:39:00,0007ACA1CE,K6
2021-07-18 00:39:23,00075D2562,K6
2021-07-18 00:46:20,0006B35440,K6
2021-07-18 00:56:42,00075D2562,K6
2021-07-18 00:57:48,00074FA4F8,K6
2021-07-18 00:58:51,00074BE89B,K6
2021-07-18 01:05:49,00075D1E39,K6
2021-07-18 01:05:53,0007AC4999,K6
2021-07-18 01:09:38,00074FA4F8,K6
2021-07-18 01:20:24,00075D110D,K6
2021-07-18 01:34:31,00074FA4F8,K6
2021-07-18 01:45:16,00074F238E,K6
2021-07-18 01:52:03,000770D8F5,K6
2021-07-18 01:55:16,0007AC48AB,K6
2021-07-18 01:55:29,00074FA4F8,K6
2021-07-18 01:58:14,0007AC4999,K6
2021-07-18 02:00:19,00074F238E,K6
2021-07-18 02:01:53,000786B5F7,K6
2021-07-18 02:02:24,0007AC7789,K6
2021-07-18 02:11:51,00075D2562,K6
2021-07-18 02:14:35,0006B35440,K6
2021-07-18 02:16:18,00075D110D,K6
2021-07-18 02:19:44,0007ABEDDE,K6
2021-07-18 02:36:49,0007AC7789,K6
2021-07-18 02:37:23,0007AC4999,K6
2021-07-18 02:48:04,0007AC4999,K6
2021-07-18 02:51:28,000786B5F7,K6
2021-07-18 03:18:50,0007AC4999,K6
2021-07-18 03:29:29,00075D2562,K6
2021-07-18 03:35:22,0007AC48AB,K6
2021-07-18 04:46:59,0007AC4999,K6
2021-07-18 21:19:18,00075D2562,K6
2021-07-18 21:22:11,0007AC4999,K6
2021-07-18 21:25:14,000770D8F5,K21
2021-07-18 21:25:54,0007AC48AB,K21
2021-07-18 21:28:24,00075D1E39,K21
2021-07-18 21:28:32,00074F238E,K21
2021-07-18 21:30:07,0007AC9B39,K21
2021-07-18 21:30:14,00074FA4F8,K21
2021-07-18 21:32:02,0007AC7789,K21
2021-07-18 21:32:36,0007ABEDDE,K21
2021-07-18 21:32:42,00074BE89B,K21
2021-07-18 21:32:44,00075D110D,K21
2021-07-18 21:32:54,000786B5F7,K6
2021-07-18 21:35:44,000786B311,K21
2021-07-18 21:36:05,00068E1A0D,K21
2021-07-18 21:39:07,0006B35440,K21
2021-07-18 21:39:29,00071E101F,K21
2021-07-18 21:46:06,0007ACA41C,K21
2021-07-18 22:38:50,000786B5F7,K6
2021-07-18 23:07:10,0007ABEDDE,K21
2021-07-18 23:11:39,00075D1E39,K21
2021-07-18 23:13:47,0007AC4999,K21
2021-07-18 23:13:52,00075D2562,K21
2021-07-18 23:13:59,0007AC7789,K21
2021-07-18 23:23:12,00074BE89B,K21
2021-07-18 23:30:04,00075D2562,K21
2021-07-18 23:30:50,0006B35440,K21
2021-07-18 23:31:56,000786B5F7,K21
2021-07-18 23:33:20,0007ABEDDE,K21
2021-07-18 23:34:59,00074FA4F8,K21
2021-07-18 23:43:13,0007AC4999,K21
2021-07-18 23:46:29,000770D8F5,K21
2021-07-18 23:47:20,000786B5F7,K21
2021-07-18 23:48:02,00075D110D,K21
2021-07-18 23:53:19,0007ACA1CE,K21
2021-07-18 23:55:18,0007AC48AB,K21
2021-07-19 00:00:13,000786B5F7,K21
2021-07-19 00:01:39,0006B35440,K21
2021-07-19 00:03:15,0007AC7789,K21
2021-07-19 00:06:40,0007AC48AB,K21
2021-07-19 00:12:43,0007AC4999,K21
2021-07-19 00:12:54,000786B5F7,K21
2021-07-19 00:14:24,0006B35440,K21
2021-07-19 00:14:36,00074F238E,K21
2021-07-19 00:16:22,00074BE89B,K21
2021-07-19 00:20:18,0007AC7789,K21
2021-07-19 00:27:51,00074F238E,K21
2021-07-19 00:28:17,0007AC4999,K21
2021-07-19 00:32:06,00074BE89B,K21
2021-07-19 00:43:29,00075D2562,K21
2021-07-19 00:53:55,0007ABEDDE,K21
2021-07-19 00:57:17,00075D2562,K21
2021-07-19 00:58:19,00074F238E,K21
2021-07-19 00:59:04,0007AC4999,K21
2021-07-19 01:03:32,00074FA4F8,K21
2021-07-19 01:06:05,000770D8F5,K21
2021-07-19 01:06:18,00075D1E39,K21
2021-07-19 01:09:11,0007AC4999,K6
2021-07-19 01:10:39,0007AC7789,K21
2021-07-19 01:16:06,000770D8F5,K21
2021-07-19 01:16:56,00075D110D,K21
2021-07-19 01:17:11,00074FA4F8,K21
2021-07-19 01:19:39,000786B5F7,K21
2021-07-19 01:21:37,00075D1E39,K21
2021-07-19 01:22:15,0007AC7789,K21
2021-07-19 01:37:43,0007ABEDDE,K21
2021-07-19 01:37:46,0007AC4999,K21
2021-07-19 01:43:39,0006B35440,K21
2021-07-19 01:46:17,0007AC48AB,K21
2021-07-19 01:48:45,0007AC4999,K21
2021-07-19 01:51:54,0007ACA1CE,K21
2021-07-19 01:59:44,00075D1E39,K21
2021-07-19 02:00:02,0006B35440,K21
2021-07-19 02:06:00,00074BE89B,K21
2021-07-19 02:06:05,0007AC7789,K21
2021-07-19 02:11:18,00074F238E,K21
2021-07-19 02:23:49,00075D2562,K21
2021-07-19 02:24:49,0007AC7789,K21
2021-07-19 02:29:09,0007AC4999,K21
2021-07-19 02:34:20,00075D2562,K21
2021-07-19 02:38:42,00075D110D,K21
2021-07-19 02:38:50,0007ABEDDE,K21
2021-07-19 02:45:51,00074FA4F8,K21
2021-07-19 02:46:23,000770D8F5,K21
2021-07-19 02:48:29,0007AC48AB,K21
2021-07-19 03:01:54,0007ACA1CE,K21
2021-07-19 03:02:21,0007AC48AB,K21
2021-07-19 03:02:34,000770D8F5,K21
2021-07-19 03:05:54,00074BE89B,K21
2021-07-19 03:14:00,0006B35440,K21
2021-07-19 03:18:05,00075D1E39,K21
2021-07-19 03:18:17,000786B5F7,K21
2021-07-19 03:18:40,0007ACA1CE,K21
2021-07-19 03:21:10,00075D110D,K21
2021-07-19 03:22:32,0007ABEDDE,K21
2021-07-19 03:25:21,0007AC7789,K21
2021-07-19 03:26:15,00075D2562,K21
2021-07-19 03:29:03,00075D1E39,K21
2021-07-19 03:31:40,0007AC4999,K21
2021-07-19 03:35:38,0006B35440,K21
2021-07-19 03:37:45,00074F238E,K21
2021-07-19 03:50:07,00074BE89B,K21
2021-07-19 03:51:03,00074F238E,K21
2021-07-19 04:02:50,0007AC7789,K21
2021-07-19 04:27:12,000786B311,K21
2021-07-19 04:43:34,00074FA4F8,K21
2021-07-19 04:44:10,000770D8F5,K21
2021-07-19 04:44:18,00068E1A0D,K21
2021-07-19 04:46:46,0007AC9B39,K21
2021-07-19 04:51:09,0007AC4999,K21
2021-07-19 04:55:17,00075D110D,K21
2021-07-19 04:56:11,00074F238E,K21
2021-07-19 04:56:42,0007ACA1CE,K21
2021-07-19 04:56:50,0007ACA41C,K21
2021-07-19 04:58:30,00075D1E39,K21
2021-07-19 05:03:30,0007AC9B39,K21
2021-07-19 05:04:34,0007AC48AB,K21
2021-07-19 05:04:43,00075D2562,K21
2021-07-19 05:06:15,0007AC7789,K21
2021-07-19 05:06:18,00071E101F,K21
2021-07-19 05:06:29,00074BE89B,K21
2021-07-19 05:09:15,0006B35440,K21
2021-07-19 05:15:23,0007ABEDDE,K21
2021-07-19 05:28:02,0007AC9B39,K21
2021-07-19 07:29:37,000770D8F5,K21
2021-07-19 21:21:50,0007AC48AB,K21
2021-07-19 21:22:14,00074F238E,K21
2021-07-19 21:23:16,0007ABEDDE,K21
2021-07-19 21:23:22,0007AC4999,K21
2021-07-19 21:24:32,00075D1E39,K21
2021-07-19 21:25:23,00068E1A0D,K21
2021-07-19 21:25:31,00074BE89B,K21
2021-07-19 21:25:47,0007AC7789,K21
2021-07-19 21:27:03,0007ACA1CE,K21
2021-07-19 21:27:07,00074FA4F8,K21
2021-07-19 21:27:23,000786B5F7,K21
2021-07-19 21:28:23,000770D8F5,K21
2021-07-19 21:30:17,0006B35440,K21
2021-07-19 21:33:08,00075D2562,K21
2021-07-19 21:42:52,00075D110D,K21
2021-07-19 21:43:58,000786B311,K21
2021-07-19 21:46:21,0007ACA41C,K21
2021-07-19 23:24:33,000770D8F5,K21
2021-07-19 23:24:42,00075D110D,K21
2021-07-19 23:25:24,0007AC48AB,K21
2021-07-19 23:35:36,00075D110D,K21
2021-07-19 23:37:21,0007AC48AB,K21
2021-07-19 23:40:56,0007AC7789,K21
2021-07-19 23:42:12,0007ABEDDE,K21
2021-07-19 23:44:55,000786B5F7,K21
2021-07-19 23:51:32,00074FA4F8,K21
2021-07-20 00:01:55,0006B35440,K21
2021-07-20 00:03:43,00074FA4F8,K21
2021-07-20 00:13:58,0006B35440,K21
2021-07-20 00:21:05,00074BE89B,K21
2021-07-20 00:28:34,0007AC4999,K21
2021-07-20 00:28:48,00074FA4F8,K21
2021-07-20 00:32:36,00074BE89B,K21
2021-07-20 00:33:20,0007AC7789,K21
2021-07-20 00:36:05,00075D110D,K21
2021-07-20 00:43:50,0007AC4999,K21
2021-07-20 00:44:06,00074FA4F8,K21
2021-07-20 00:50:42,00075D1E39,K21
2021-07-20 00:56:42,00075D2562,K21
2021-07-20 01:00:01,00074BE89B,K21
2021-07-20 01:00:26,000786B5F7,K21
2021-07-20 01:07:38,00074FA4F8,K21
2021-07-20 01:08:09,00074F238E,K21
2021-07-20 01:12:12,00075D2562,K21
2021-07-20 01:15:02,0007AC7789,K21
2021-07-20 01:15:55,0007AC48AB,K21
2021-07-20 01:16:41,0007ABEDDE,K21
2021-07-20 01:19:16,00074BE89B,K21
2021-07-20 01:19:21,0007AC4999,K21
2021-07-20 01:20:32,0006B35440,K21
2021-07-20 01:29:46,0007ABEDDE,K21
2021-07-20 01:32:00,00074BE89B,K21
2021-07-20 01:32:31,0007AC48AB,K21
2021-07-20 01:35:39,0006B35440,K21
2021-07-20 01:46:21,000770D8F5,K21
2021-07-20 01:49:57,00075D110D,K21
2021-07-20 01:56:22,000770D8F5,K21
2021-07-20 02:07:14,00074BE89B,K21
2021-07-20 02:12:00,000770D8F5,K21
2021-07-20 02:16:05,0007AC7789,K21
2021-07-20 02:21:13,00074BE89B,K21
2021-07-20 02:25:22,0007ABEDDE,K21
2021-07-20 02:26:43,0006B35440,K21
2021-07-20 02:35:15,0007AC4999,K21
2021-07-20 02:36:28,00074FA4F8,K21
2021-07-20 02:39:29,0006B35440,K21
2021-07-20 02:43:43,00075D1E39,K21
2021-07-20 02:45:23,00075D110D,K21
2021-07-20 02:48:33,00074FA4F8,K21
2021-07-20 02:48:57,000770D8F5,K21
2021-07-20 02:49:51,0006B35440,K21
2021-07-20 02:57:31,0007ACA1CE,K21
2021-07-20 02:58:29,000786B5F7,K21
2021-07-20 03:00:58,0007AC48AB,K21
2021-07-20 03:05:44,00075D2562,K21
2021-07-20 03:08:00,00074BE89B,K21
2021-07-20 03:08:18,0007AC7789,K21
2021-07-20 03:13:56,0007AC48AB,K21
2021-07-20 03:15:14,0006B35440,K21
2021-07-20 03:16:52,00075D2562,K21
2021-07-20 03:20:13,0007ABEDDE,K21
2021-07-20 03:20:21,00074F238E,K21
2021-07-20 03:20:53,0007AC7789,K21
2021-07-20 03:22:42,00074BE89B,K21
2021-07-20 03:24:39,0007AC4999,K21
2021-07-20 03:30:01,0006B35440,K21
2021-07-20 03:31:32,00074F238E,K21
2021-07-20 03:35:49,0007AC4999,K21
2021-07-20 03:48:17,0007ABEDDE,K21
2021-07-20 03:51:30,00075D1E39,K21
2021-07-20 03:52:01,0007ACA1CE,K21
2021-07-20 04:38:06,0007AC9B39,K21
2021-07-20 04:39:02,00074FA4F8,K21
2021-07-20 04:40:44,000786B5F7,K21
2021-07-20 04:45:06,000770D8F5,K21
2021-07-20 04:45:17,0007AC48AB,K21
2021-07-20 04:47:41,00074F238E,K21
2021-07-20 04:47:59,00068E1A0D,K21
2021-07-20 04:48:24,00074BE89B,K21
2021-07-20 04:50:27,0006B35440,K21
2021-07-20 04:53:55,00075D110D,K21
2021-07-20 04:54:24,0007ACA1CE,K21
2021-07-20 04:55:42,000786B311,K21
2021-07-20 04:57:26,00075D1E39,K21
2021-07-20 05:00:33,00075D2562,K21
2021-07-20 05:01:05,0007AC4999,K21
2021-07-20 05:02:41,0007AC7789,K21
2021-07-20 05:04:18,00068E1A0D,K21
2021-07-20 05:11:52,0007ABEDDE,K21
2021-07-20 05:17:03,0007AC7789,K21
2021-07-20 19:56:19,000770D8F5,K21
2021-07-20 21:17:38,0007AC48AB,K21
2021-07-20 21:21:48,000770D8F5,K21
2021-07-20 21:22:09,00074F238E,K21
2021-07-20 21:22:23,0007AC4999,K21
2021-07-20 21:22:27,00075D1E39,K21
2021-07-20 21:22:29,0007ABEDDE,K21
2021-07-20 21:23:24,0007AC7789,K21
2021-07-20 21:23:29,00074FA4F8,K21
2021-07-20 21:26:12,00075D2562,K21
2021-07-20 21:29:26,00074BE89B,K21
2021-07-20 21:32:08,0007AC9B39,K21
2021-07-20 21:32:30,0006B35440,K21
2021-07-20 21:32:33,000786B5F7,K21
2021-07-20 21:34:07,0007ACA1CE,K21
2021-07-20 21:42:11,00075D110D,K21
2021-07-20 21:42:20,000786B311,K21
2021-07-20 22:34:09,0007AC4999,K21
2021-07-20 23:22:37,0007AC48AB,K21
2021-07-20 23:31:25,0007AC7789,K21
2021-07-20 23:32:16,00074BE89B,K21
2021-07-20 23:41:32,000770D8F5,K21
2021-07-20 23:42:05,00074FA4F8,K21
2021-07-20 23:45:27,0007ACA1CE,K21
2021-07-20 23:52:24,000770D8F5,K21
2021-07-20 23:57:07,00074BE89B,K21
2021-07-21 00:02:48,00074F238E,K21
2021-07-21 00:02:53,0007ABEDDE,K21
2021-07-21 00:08:22,00075D110D,K21
2021-07-21 00:10:17,0006B35440,K21
2021-07-21 00:12:59,00074FA4F8,K21
2021-07-21 00:13:09,00074F238E,K21
2021-07-21 00:19:50,0007AC7789,K21
2021-07-21 00:23:16,00074FA4F8,K21
2021-07-21 00:23:56,00075D2562,K21
2021-07-21 00:26:12,0006B35440,K21
2021-07-21 00:33:00,0007AC4999,K21
2021-07-21 00:34:16,00075D2562,K21
2021-07-21 00:35:56,000770D8F5,K21
2021-07-21 00:46:03,000786B5F7,K21
2021-07-21 00:50:15,00074FA4F8,K21
2021-07-21 00:50:17,0007AC4999,K21
2021-07-21 00:56:47,000786B5F7,K21
2021-07-21 00:59:10,0007ACA1CE,K21
2021-07-21 01:08:13,0007ABEDDE,K21
2021-07-21 01:08:46,00074BE89B,K21
2021-07-21 01:11:43,0007AC48AB,K21
2021-07-21 01:19:00,0007ACA1CE,K21
2021-07-21 01:30:45,00074F238E,K21
2021-07-21 01:33:52,0006B35440,K21
2021-07-21 01:39:16,00075D1E39,K21
2021-07-21 01:43:07,00074F238E,K21
2021-07-21 01:46:18,00074BE89B,K21
2021-07-21 01:50:53,00075D1E39,K21
2021-07-21 01:51:34,0007AC7789,K21
2021-07-21 01:55:52,00075D110D,K21
2021-07-21 01:58:45,000770D8F5,K21
2021-07-21 02:02:54,0007ABEDDE,K21
2021-07-21 02:07:24,00075D110D,K21
2021-07-21 02:11:26,0007AC4999,K21
2021-07-21 02:13:50,0007ABEDDE,K21
2021-07-21 02:20:12,000770D8F5,K21
2021-07-21 02:22:05,0007AC4999,K21
2021-07-21 02:25:53,0006B35440,K21
2021-07-21 02:35:33,00075D2562,K21
2021-07-21 02:37:01,0006B35440,K21
2021-07-21 02:39:18,00074FA4F8,K21
2021-07-21 02:44:17,000786B5F7,K21
2021-07-21 02:51:32,0007AC48AB,K21
2021-07-21 02:53:21,0007AC7789,K21
2021-07-21 02:55:35,00074BE89B,K21
2021-07-21 02:56:58,0006B35440,K21
2021-07-21 02:58:47,00074FA4F8,K21
2021-07-21 03:07:28,00074BE89B,K21
2021-07-21 03:11:03,00075D110D,K21
2021-07-21 03:12:10,00074F238E,K21
2021-07-21 03:14:22,0007ABEDDE,K21
2021-07-21 03:20:22,000770D8F5,K21
2021-07-21 03:26:11,00075D1E39,K21
2021-07-21 03:26:26,0007AC4999,K21
2021-07-21 03:28:16,00068E1A0D,K21
2021-07-21 03:28:50,00074BE89B,K21
2021-07-21 03:30:15,0007ACA1CE,K21
2021-07-21 03:31:51,000770D8F5,K21
2021-07-21 03:38:56,00075D2562,K21
2021-07-21 03:40:01,0007AC7789,K21
2021-07-21 03:40:30,00075D110D,K21
2021-07-21 03:41:20,0007ACA1CE,K21
2021-07-21 03:42:04,0007ABEDDE,K21
2021-07-21 03:46:16,00074BE89B,K21
2021-07-21 03:47:02,0006B35440,K21
2021-07-21 04:20:07,0006B35440,K21
2021-07-21 04:35:26,00074FA4F8,K21
2021-07-21 04:38:39,0006B35440,K21
2021-07-21 04:39:05,000786B311,K21
2021-07-21 04:40:46,00074F238E,K21
2021-07-21 04:41:48,0007AC48AB,K21
2021-07-21 04:45:45,00075D110D,K21
2021-07-21 04:47:05,00075D2562,K21
2021-07-21 04:47:17,0007ABEDDE,K21
2021-07-21 04:47:35,00074BE89B,K21
2021-07-21 04:50:07,000770D8F5,K21
2021-07-21 04:50:35,0007AC7789,K21
2021-07-21 04:52:34,00075D1E39,K21
2021-07-21 04:52:51,0007ACA1CE,K21
2021-07-21 04:55:15,0007AC4999,K21
2021-07-21 14:28:02,000770D8F5,K21
2021-07-21 16:59:57,0007AC48AB,K21
2021-07-21 19:15:36,00068E1A0D,K21
2021-07-21 19:35:20,000770D8F5,K21
2021-07-21 21:08:40,00068E1A0D,K21
2021-07-21 21:22:14,0007AC48AB,K21
2021-07-21 21:23:48,0007AC7789,K21
2021-07-21 21:23:51,0007AC4999,K21
2021-07-21 21:23:52,0007ABEDDE,K21
2021-07-21 21:27:02,000770D8F5,K21
2021-07-21 21:29:07,00074BE89B,K21
2021-07-21 21:30:49,00075D1E39,K21
2021-07-21 21:30:58,00075D2562,K21
2021-07-21 21:31:08,000786B5F7,K21
2021-07-21 21:31:10,00074FA4F8,K21
2021-07-21 21:31:18,00068E1A0D,K21
2021-07-21 21:32:40,00074F238E,K21
2021-07-21 21:34:31,00075D110D,K21
2021-07-21 21:34:35,00071E101F,K21
2021-07-21 21:48:14,000786B311,K21
2021-07-21 21:54:04,0006B35440,K21
2021-07-21 21:54:58,0007AC9B39,K21
2021-07-21 23:29:39,00075D2562,K21
2021-07-21 23:31:10,0007AC48AB,K21
2021-07-21 23:37:25,000786B5F7,K21
2021-07-21 23:53:44,0007AC48AB,K21
2021-07-21 23:56:23,0007AC7789,K21
2021-07-21 23:58:36,00075D1E39,K21
2021-07-21 23:58:55,00074BE89B,K21
2021-07-22 00:06:54,0007AC7789,K21
2021-07-22 00:07:16,00075D110D,K21
2021-07-22 00:07:35,000770D8F5,K21
2021-07-22 00:14:19,0007ABEDDE,K21
2021-07-22 00:14:40,00075D1E39,K21
2021-07-22 00:19:50,00075D110D,K21
2021-07-22 00:30:16,0007AC48AB,K21
2021-07-22 00:40:21,0007AC48AB,K21
2021-07-22 00:54:18,000786B5F7,K21
2021-07-22 21:15:34,00074F238E,K19
2021-07-22 21:16:18,00075D2562,K19
2021-07-22 21:16:20,0007AC4999,K19
2021-07-22 21:17:08,0007AC48AB,K19
2021-07-22 21:21:12,0007AC7789,K19
2021-07-22 21:22:24,000770D8F5,K19
2021-07-22 21:22:47,00074FA4F8,K19
2021-07-22 21:23:14,0007ACA1CE,K19
2021-07-22 21:24:47,000786B5F7,K19
2021-07-22 21:25:45,0007ABEDDE,K19
2021-07-22 21:25:55,00074BE89B,K19
2021-07-22 21:27:10,00075D1E39,K19
2021-07-22 21:28:42,0006B35440,K19
2021-07-22 21:29:46,00071E101F,K19
2021-07-22 21:38:54,00068E1A0D,K7
2021-07-22 21:45:39,0007ACA41C,K7
2021-07-22 21:46:02,0007AC9B39,K7
2021-07-22 21:46:50,000786B311,K7
2021-07-22 23:10:05,0007AC4999,K19
2021-07-22 23:17:05,0007AC9B39,K19
2021-07-22 23:32:50,00074FA4F8,K19
2021-07-22 23:36:34,000770D8F5,K19
2021-07-22 23:36:45,00074BE89B,K19
2021-07-22 23:39:09,0007AC7789,K19
2021-07-22 23:44:55,0007AC4999,K19
2021-07-22 23:46:51,0007AC48AB,K19
2021-07-22 23:48:46,000770D8F5,K19
2021-07-22 23:53:37,00074F238E,K19
2021-07-22 23:54:17,0007ABEDDE,K19
2021-07-22 23:56:31,00074FA4F8,K19
2021-07-22 23:58:53,0007AC7789,K19
2021-07-23 00:06:56,00075D2562,K19
2021-07-23 00:12:48,00075D1E39,K19
2021-07-23 00:17:19,00075D2562,K19
2021-07-23 00:23:28,00075D1E39,K19
2021-07-23 00:27:47,0007AC9B39,K19
2021-07-23 00:32:52,00075D110D,K19
2021-07-23 00:37:41,00075D2562,K19
2021-07-23 00:40:49,0007AC7789,K19
2021-07-23 00:41:05,000770D8F5,K19
2021-07-23 00:44:46,00075D1E39,K19
2021-07-23 00:49:01,0007ABEDDE,K19
2021-07-23 00:52:48,00075D2562,K19
2021-07-23 00:52:52,0007ACA1CE,K19
2021-07-23 00:54:37,000770D8F5,K19
2021-07-23 01:00:18,00074F238E,K19
2021-07-23 01:03:21,0007AC4999,K19
2021-07-23 01:04:19,000786B5F7,K19
2021-07-23 01:08:40,0007AC7789,K19
2021-07-23 01:10:08,0006B35440,K19
2021-07-23 01:14:54,00074FA4F8,K19
2021-07-23 01:16:03,000786B5F7,K19
2021-07-23 01:16:37,0007ABEDDE,K19
2021-07-23 01:25:14,00075D1E39,K19
2021-07-23 01:29:56,000786B5F7,K19
2021-07-23 01:30:18,0007AC48AB,K19
2021-07-23 01:34:13,00074BE89B,K19
2021-07-23 01:35:23,0007AC4999,K19
2021-07-23 01:36:50,0006B35440,K19
2021-07-23 01:37:10,00074FA4F8,K19
2021-07-23 01:54:38,0007AC4999,K19
2021-07-23 02:06:18,00074BE89B,K19
2021-07-23 02:22:42,00075D2562,K19
2021-07-23 02:28:31,000770D8F5,K19
2021-07-23 02:35:08,00075D110D,K19
2021-07-23 02:35:38,00075D2562,K19
2021-07-23 02:39:16,00074F238E,K19
2021-07-23 02:46:49,0007ABEDDE,K19
2021-07-23 02:52:15,0007ACA1CE,K19
2021-07-23 02:57:25,0007AC7789,K19
2021-07-23 03:01:05,0007AC4999,K19
2021-07-23 03:04:50,0007ACA1CE,K19
2021-07-23 03:05:59,00074BE89B,K19
2021-07-23 03:08:14,00074FA4F8,K19
2021-07-23 03:12:49,0007AC4999,K19
2021-07-23 03:14:23,0007ABEDDE,K19
2021-07-23 03:18:15,00075D1E39,K19
2021-07-23 03:22:51,00068E1A0D,K19
2021-07-23 03:27:11,00074FA4F8,K19
2021-07-23 03:34:22,0007AC48AB,K19
2021-07-23 03:34:47,000786B5F7,K19
2021-07-23 03:40:20,0007ACA1CE,K19
2021-07-23 03:48:57,0007AC7789,K19
2021-07-23 03:56:48,00075D110D,K19
2021-07-23 03:59:15,0006B35440,K19
2021-07-23 04:01:34,00075D2562,K19
2021-07-23 04:05:51,0007ABEDDE,K19
2021-07-23 04:11:57,00075D2562,K19
2021-07-23 04:43:12,00074FA4F8,K19
2021-07-23 04:49:25,000770D8F5,K19
2021-07-23 05:02:00,0007AC4999,K19
2021-07-23 05:03:40,00075D2562,K19
2021-07-23 11:55:56,000770D8F5,K19
2021-07-23 18:15:23,0007AC48AB,K19
2021-07-23 20:11:51,000770D8F5,K19
2021-07-23 21:08:21,00075D1E39,K19
2021-07-23 21:21:40,0007AC48AB,K19
2021-07-23 21:22:00,00075D1E39,K19
2021-07-23 21:25:23,000770D8F5,K19
2021-07-23 21:25:58,0007ABEDDE,K19
2021-07-23 21:26:01,0007AC4999,K19
2021-07-23 21:26:29,00068E1A0D,K19
2021-07-23 21:30:29,0007AC7789,K19
2021-07-23 21:30:53,000786B5F7,K19
2021-07-23 21:31:13,00075D2562,K19
2021-07-23 21:32:06,00074FA4F8,K19
2021-07-23 21:32:57,0006B35440,K19
2021-07-23 21:37:41,00074F238E,K19
2021-07-23 21:38:04,000786B311,K19
2021-07-23 21:38:27,0007ACA1CE,K19
2021-07-23 21:39:13,00075D110D,K19
2021-07-23 21:41:50,0007AC9B39,K19
2021-07-23 21:50:21,00071E101F,K19
2021-07-24 01:05:53,00075D2562,K19
2021-07-24 01:14:53,000786B5F7,K19
2021-07-24 01:17:45,00074F238E,K19
2021-07-24 01:21:22,00075D2562,K19
2021-07-24 01:22:13,00075D110D,K19
2021-07-24 01:29:04,0007ACA1CE,K19
2021-07-24 01:31:22,000786B5F7,K19
2021-07-24 01:39:43,00074F238E,K19
2021-07-24 01:39:51,0007ABEDDE,K19
2021-07-24 01:42:57,0007ACA1CE,K19
2021-07-24 01:47:37,000786B5F7,K19
2021-07-24 01:54:48,000770D8F5,K19
2021-07-24 02:32:51,00075D1E39,K19
2021-07-24 02:38:53,0007AC48AB,K19
2021-07-24 02:55:33,00074FA4F8,K19
2021-07-24 03:00:39,00075D110D,K19
2021-07-24 03:12:20,0007ABEDDE,K19
2021-07-24 03:13:01,00075D2562,K19
2021-07-24 03:20:44,0006B35440,K19
2021-07-24 03:24:06,0007AC4999,K19
2021-07-24 03:27:20,000770D8F5,K19
2021-07-24 03:28:41,00075D2562,K19
2021-07-24 03:35:45,0007ACA1CE,K19
2021-07-24 03:35:50,0007AC48AB,K19
2021-07-24 03:39:25,00074F238E,K19
2021-07-24 03:42:29,00075D110D,K19
2021-07-24 03:43:32,00075D1E39,K19
2021-07-24 03:45:42,00074BE89B,K19
2021-07-24 03:47:25,0007ABEDDE,K19
2021-07-24 03:55:45,00074BE89B,K19
2021-07-24 04:00:38,00075D110D,K19
2021-07-24 04:43:59,0007AC7789,K19
2021-07-24 04:58:37,000770D8F5,K19
2021-07-24 05:01:19,0007AC4999,K19
2021-07-24 05:02:30,00074FA4F8,K19
2021-07-24 05:04:06,00075D2562,K19
2021-07-24 05:07:07,00074F238E,K19
2021-07-24 05:19:40,00068E1A0D,K19
2021-07-24 05:26:37,0007ACA1CE,K19
2021-07-24 09:25:30,0007AC48AB,K19
2021-07-24 17:33:54,00068E1A0D,K19
2021-07-24 21:06:33,0007AC48AB,K19
2021-07-24 21:15:19,0007AC4999,K19
2021-07-24 21:16:50,0007AC7789,K19
2021-07-24 21:18:26,00075D2562,K19
2021-07-24 21:23:28,00074F238E,K19
2021-07-24 21:23:30,00068E1A0D,K19
2021-07-24 21:24:27,00074FA4F8,K19
2021-07-24 21:24:31,000786B5F7,K19
2021-07-24 21:24:33,00074BE89B,K19
2021-07-24 21:24:36,0007ABEDDE,K19
2021-07-24 21:29:03,000770D8F5,K19
2021-07-24 21:29:39,000786B311,K19
2021-07-24 21:30:47,0007ACA1CE,K19
2021-07-24 21:32:19,00075D110D,K19
2021-07-24 21:33:13,0006B35440,K19
2021-07-24 23:24:26,0007AC48AB,K19
2021-07-24 23:30:31,000786B5F7,K19
2021-07-24 23:36:52,00075D1E39,K19
2021-07-24 23:54:31,00074BE89B,K19
2021-07-25 00:06:33,0007AC4999,K19
2021-07-25 00:08:32,00075D1E39,K19
2021-07-25 00:12:50,00075D2562,K19
2021-07-25 00:21:59,0007AC4999,K19
2021-07-25 00:30:40,000770D8F5,K19
2021-07-25 00:36:35,0007ABEDDE,K19
2021-07-25 00:40:59,00075D1E39,K19
2021-07-25 00:42:33,00074F238E,K19
2021-07-25 00:56:36,00075D110D,K19
2021-07-25 00:59:20,00075D2562,K19
2021-07-25 01:07:57,0007ACA1CE,K19
2021-07-25 01:22:29,0007AC7789,K19
2021-07-25 01:23:42,00074FA4F8,K19
2021-07-25 01:37:04,00074F238E,K19
2021-07-25 01:37:57,00074FA4F8,K19
2021-07-25 01:40:59,0007AC48AB,K19
2021-07-25 01:41:56,0007ABEDDE,K19
2021-07-25 01:55:09,00074BE89B,K19
2021-07-25 01:58:11,00074F238E,K19
2021-07-25 01:58:59,0007AC4999,K19
2021-07-25 02:13:53,00075D1E39,K19
2021-07-25 02:14:09,000770D8F5,K19
2021-07-25 02:20:26,0007AC7789,K19
2021-07-25 02:26:35,000770D8F5,K19
2021-07-25 02:29:50,00075D1E39,K19
2021-07-25 02:34:19,00075D110D,K19
2021-07-25 02:35:30,0006B35440,K19
2021-07-25 02:39:32,000786B5F7,K19
2021-07-25 02:54:38,00075D2562,K19
2021-07-25 03:02:49,0007AC4999,K19
2021-07-25 03:10:17,00075D2562,K19
2021-07-25 03:12:24,00074BE89B,K19
2021-07-25 03:13:10,0007AC4999,K19
2021-07-25 03:17:28,00075D110D,K19
2021-07-25 03:19:57,0007ABEDDE,K19
2021-07-25 04:04:16,0006B35440,K19
2021-07-25 04:08:58,0007ABEDDE,K19
2021-07-25 04:38:26,00074F238E,K19
2021-07-25 04:51:34,00074FA4F8,K19
2021-07-25 04:53:07,0007AC9B39,K19
2021-07-25 05:03:11,0007AC4999,K19
2021-07-25 05:05:00,000770D8F5,K19
2021-07-25 05:19:08,00075D2562,K19
2021-07-25 14:41:46,000770D8F5,K19
2021-07-25 15:39:35,00074FA4F8,K19
2021-07-25 21:00:18,0007AC48AB,K19
2021-07-25 21:05:45,00074F238E,K19
2021-07-25 21:10:46,0007AC48AB,K19
2021-07-25 21:11:53,0007AC7789,K19
2021-07-25 21:12:11,0007AC4999,K19
2021-07-25 21:14:10,0007ABEDDE,K19
2021-07-25 21:15:16,00074FA4F8,K19
2021-07-25 21:17:05,00074F238E,K19
2021-07-25 21:17:10,00075D1E39,K19
2021-07-25 21:17:21,000786B5F7,K19
2021-07-25 21:17:25,000770D8F5,K19
2021-07-25 21:21:41,00075D2562,K19
2021-07-25 21:21:43,00074BE89B,K19
2021-07-25 21:24:49,00075D110D,K19
2021-07-25 21:25:11,0006B35440,K19
2021-07-25 21:30:20,0007ACA41C,K19
2021-07-25 21:31:03,00068E1A0D,K19
2021-07-25 21:31:12,0007AC9B39,K19
2021-07-25 21:31:36,00071E101F,K19
2021-07-25 21:32:03,000786B311,K19
2021-07-26 21:15:34,00075D1E39,K7
2021-07-26 21:16:24,0007AC7789,K7
2021-07-26 21:16:29,000770D8F5,K7
2021-07-26 21:17:19,0007AC48AB,K7
2021-07-26 21:17:31,0007ABEDDE,K7
2021-07-26 21:17:42,00074FA4F8,K7
2021-07-26 21:23:02,0007AC4999,K7
2021-07-26 21:23:27,0007AC9B39,K7
2021-07-26 21:23:32,000786B5F7,K7
2021-07-26 21:23:47,00068E1A0D,K7
2021-07-26 21:25:52,00075D2562,K7
2021-07-26 21:25:57,00074BE89B,K7
2021-07-26 21:26:38,0006B35440,K7
2021-07-26 21:27:43,0007ACA1CE,K7
2021-07-26 21:28:29,00075D110D,K7
2021-07-26 21:29:48,00074F238E,K7
2021-07-26 21:30:09,00071E101F,K7
2021-07-26 21:30:35,000786B311,K7
2021-07-26 21:32:14,0007ACA41C,K7
2021-07-26 21:53:18,0007AC4999,K7
2021-07-26 23:33:34,000770D8F5,K7
2021-07-26 23:50:21,0007AC48AB,K7
2021-07-27 00:01:05,0007AC48AB,K7
2021-07-27 00:09:03,00075D110D,K7
2021-07-27 01:02:30,00075D2562,K7
2021-07-27 01:03:22,00074FA4F8,K7
2021-07-27 01:13:49,00075D110D,K7
2021-07-27 01:16:50,00074FA4F8,K7
2021-07-27 01:22:20,00074F238E,K7
2021-07-27 01:22:46,00074BE89B,K7
2021-07-27 01:26:13,00075D110D,K7
2021-07-27 01:31:13,0007AC48AB,K7
2021-07-27 01:46:22,000786B5F7,K7
2021-07-27 01:58:48,00074BE89B,K7
2021-07-27 02:05:46,000770D8F5,K7
2021-07-27 02:08:25,00074F238E,K7
2021-07-27 02:26:21,00075D1E39,K7
2021-07-27 02:29:34,0007AC4999,K7
2021-07-27 02:40:42,0007AC4999,K7
2021-07-27 02:50:36,0007ABEDDE,K7
2021-07-27 02:57:50,000786B5F7,K7
2021-07-27 02:59:34,00075D110D,K7
2021-07-27 03:14:53,00074F238E,K7
2021-07-27 03:18:05,00074FA4F8,K7
2021-07-27 03:27:49,00075D1E39,K7
2021-07-27 03:28:43,00075D110D,K7
2021-07-27 03:30:57,00074FA4F8,K7
2021-07-27 03:32:44,00074F238E,K7
2021-07-27 03:33:27,00075D2562,K7
2021-07-27 03:40:41,00075D110D,K7
2021-07-27 03:41:33,00075D1E39,K7
2021-07-27 03:48:17,000770D8F5,K7
2021-07-27 03:51:48,0007AC4999,K7
2021-07-27 03:53:07,00074BE89B,K7
2021-07-27 04:11:34,0006B35440,K7
2021-07-27 04:12:26,0007AC7789,K7
2021-07-27 04:23:54,0007ABEDDE,K7
2021-07-27 04:29:13,0006B35440,K7
2021-07-27 04:55:52,00071E101F,K7
2021-07-27 04:58:15,00074FA4F8,K7
2021-07-27 04:59:43,00075D110D,K7
2021-07-27 05:00:51,00075D2562,K7
2021-07-27 05:01:38,00075D1E39,K7
2021-07-27 05:02:56,0006B35440,K7
2021-07-27 05:02:59,0007AC4999,K7
2021-07-27 21:06:24,0007AC48AB,K7
2021-07-27 21:06:56,00075D2562,K7
2021-07-27 21:07:19,0007AC7789,K7
2021-07-27 21:09:43,000770D8F5,K7
2021-07-27 21:13:44,0007ABEDDE,K7
2021-07-27 21:13:49,000786B5F7,K7
2021-07-27 21:14:00,0006B35440,K7
2021-07-27 21:14:43,00074BE89B,K7
2021-07-27 21:15:08,00074FA4F8,K7
2021-07-27 21:15:22,00074F238E,K7
2021-07-27 21:15:26,0007AC9B39,K7
2021-07-27 21:22:14,0007ACA41C,K7
2021-07-27 21:23:07,00071E101F,K7
2021-07-27 21:24:44,0007ACA1CE,K7
2021-07-28 05:25:40,00074F238E,K7
2021-07-28 21:17:30,0007ABEDDE,K6
2021-07-28 21:17:32,0007AC48AB,K6
2021-07-28 21:17:36,0007AC9B39,K6
2021-07-28 21:17:54,000770D8F5,K6
2021-07-28 21:21:20,0007AC7789,K6
2021-07-28 21:21:33,00074FA4F8,K6
2021-07-28 21:21:54,000786B5F7,K6
2021-07-28 21:24:59,00075D1E39,K6
2021-07-28 21:25:50,00075D2562,K6
2021-07-28 21:25:57,00074BE89B,K6
2021-07-28 21:26:03,00075D110D,K6
2021-07-28 21:28:22,0006B35440,K6
2021-07-28 21:28:43,0007ACA41C,K6
2021-07-28 21:30:19,0007ACA1CE,K6
2021-07-28 21:32:47,00068E1A0D,K6
2021-07-28 21:38:43,000786B311,K6
2021-07-28 23:27:33,0007AC7789,K6
2021-07-28 23:32:39,00075D110D,K6
2021-07-29 00:29:38,000770D8F5,K6
2021-07-29 00:37:20,0007AC48AB,K6
2021-07-29 00:43:57,00074BE89B,K6
2021-07-29 00:56:46,00075D1E39,K6
2021-07-29 01:09:24,00075D2562,K6
2021-07-29 01:10:13,00075D1E39,K6
2021-07-29 01:10:32,00074F238E,K6
2021-07-29 01:12:42,0007ABEDDE,K6
2021-07-29 01:22:40,0006B35440,K6
2021-07-29 01:36:43,00075D1E39,K6
2021-07-29 01:37:40,00074BE89B,K6
2021-07-29 01:38:26,0007AC7789,K6
2021-07-29 01:39:53,00074F238E,K6
2021-07-29 01:40:27,0007ABEDDE,K6
2021-07-29 01:49:38,00074FA4F8,K6
2021-07-29 01:53:35,000770D8F5,K6
2021-07-29 01:56:50,0007AC4999,K6
2021-07-29 02:05:40,00075D1E39,K6
2021-07-29 02:15:08,0006B35440,K6
2021-07-29 02:16:27,00075D2562,K6
2021-07-29 02:16:36,00075D110D,K6
2021-07-29 02:39:58,00075D2562,K6
2021-07-29 02:42:08,00075D110D,K6
2021-07-29 03:00:50,00074BE89B,K6
2021-07-29 03:02:59,000770D8F5,K6
2021-07-29 03:06:39,0007AC4999,K6
2021-07-29 03:07:57,00075D2562,K6
2021-07-29 03:15:21,00074BE89B,K6
2021-07-29 03:25:25,0007AC4999,K6
2021-07-29 03:31:32,00074F238E,K6
2021-07-29 03:36:17,0007AC4999,K6
2021-07-29 03:38:15,000786B5F7,K6
2021-07-29 03:40:32,0007AC7789,K6
2021-07-29 03:42:18,000770D8F5,K6
2021-07-29 03:43:58,00074BE89B,K6
2021-07-29 03:52:33,0007AC4999,K6
2021-07-29 03:57:02,0007ABEDDE,K6
2021-07-29 03:59:55,00074BE89B,K6
2021-07-29 04:03:11,0006B35440,K6
2021-07-29 04:05:09,0007AC7789,K6
2021-07-29 04:12:34,0007AC48AB,K6
2021-07-29 04:19:12,0007ACA1CE,K6
2021-07-29 04:20:46,00075D1E39,K6
2021-07-29 04:23:10,0007ABEDDE,K6
2021-07-29 04:41:12,00074BE89B,K6
2021-07-29 04:49:46,00074FA4F8,K6
2021-07-29 04:51:15,000786B5F7,K6
2021-07-29 04:57:56,00071E101F,K6
2021-07-29 05:04:15,0007AC48AB,K6
2021-07-29 05:06:24,0007AC7789,K6
2021-07-29 05:07:16,0007AC4999,K6
2021-07-29 06:48:47,000770D8F5,K6
2021-07-29 07:37:25,000770D8F5,K6
2021-07-29 10:56:06,00068E1A0D,K6
2021-07-29 11:59:26,00074BE89B,K6
2021-07-29 16:40:12,00068E1A0D,K6
2021-07-29 16:50:44,00068E1A0D,K6
2021-07-29 20:34:10,000770D8F5,K6
2021-07-29 21:00:05,00074FA4F8,K6
2021-07-29 21:03:59,0007AC48AB,K6
2021-07-29 21:08:41,0007AC9B39,K6
2021-07-29 21:08:48,000770D8F5,K6
2021-07-29 21:09:01,00075D1E39,K6
2021-07-29 21:09:12,00075D2562,K6
2021-07-29 21:09:15,0007AC4999,K6
2021-07-29 21:09:17,0007AC7789,K6
2021-07-29 21:09:19,0006B35440,K6
2021-07-29 21:12:01,000786B5F7,K6
2021-07-29 21:12:10,0007ABEDDE,K6
2021-07-29 21:12:26,00074BE89B,K6
2021-07-29 21:15:28,00068E1A0D,K6
2021-07-29 21:16:05,00074F238E,K6
2021-07-29 21:19:33,000786B311,K6
2021-07-29 21:20:03,0007ACA1CE,K6
2021-07-29 21:20:22,00071E101F,K6
2021-07-29 21:30:01,00075D110D,K6
2021-07-29 23:33:56,00075D110D,K6
2021-07-29 23:42:05,000770D8F5,K6
2021-07-29 23:44:42,00075D1E39,K6
2021-07-29 23:45:23,00074BE89B,K6
2021-07-30 00:00:05,000770D8F5,K6
2021-07-30 00:00:16,00075D1E39,K6
2021-07-30 00:17:59,00074FA4F8,K6
2021-07-30 00:22:56,00075D1E39,K6
2021-07-30 00:28:20,0007AC48AB,K6
2021-07-30 00:29:46,00074BE89B,K6
2021-07-30 00:33:37,00074FA4F8,K6
2021-07-30 00:36:06,00075D1E39,K6
2021-07-30 00:39:33,0007AC48AB,K6
2021-07-30 00:52:39,00075D1E39,K6
2021-07-30 01:10:14,00075D1E39,K6
2021-07-30 01:33:42,00074FA4F8,K6
2021-07-30 01:37:19,00075D2562,K6
2021-07-30 01:58:09,00074FA4F8,K6
2021-07-30 02:04:45,00075D1E39,K6
2021-07-30 02:13:52,00074FA4F8,K6
2021-07-30 02:15:03,00075D1E39,K6
2021-07-30 02:16:12,00074F238E,K6
2021-07-30 02:19:36,00075D110D,K6
2021-07-30 02:20:55,00074BE89B,K6
2021-07-30 02:22:02,0007AC4999,K6
2021-07-30 02:28:10,0007AC7789,K6
2021-07-30 02:32:21,0007AC4999,K6
2021-07-30 02:39:55,00075D1E39,K6
2021-07-30 02:44:10,00074F238E,K6
2021-07-30 02:49:21,0007ABEDDE,K6
2021-07-30 02:56:03,0006B35440,K6
2021-07-30 03:10:19,00075D2562,K6
2021-07-30 03:20:14,00074BE89B,K6
2021-07-30 03:25:55,000786B5F7,K6
2021-07-30 03:26:49,0006B35440,K6
2021-07-30 03:28:00,0007ABEDDE,K6
2021-07-30 03:28:17,000770D8F5,K6
2021-07-30 03:28:41,00075D110D,K6
2021-07-30 03:31:10,0007AC48AB,K6
2021-07-30 03:39:59,00075D2562,K6
2021-07-30 03:41:17,0007AC7789,K6
2021-07-30 03:41:34,0007AC48AB,K6
2021-07-30 03:46:03,000770D8F5,K6
2021-07-30 03:51:43,00075D1E39,K6
2021-07-30 03:59:36,0007AC48AB,K6
2021-07-30 04:01:53,00074BE89B,K6
2021-07-30 04:18:42,0007ABEDDE,K6
2021-07-30 04:22:42,00075D2562,K6
2021-07-30 05:05:31,0007AC4999,K6
2021-07-30 05:21:27,0007ACA41C,K6
2021-07-30 11:36:29,000770D8F5,K6
2021-07-30 15:07:31,000770D8F5,K6
2021-07-30 15:24:16,000770D8F5,K6
2021-07-30 15:59:22,000770D8F5,K6
2021-07-30 16:43:24,000770D8F5,K6
2021-07-30 17:01:05,000770D8F5,K6
2021-07-30 18:20:07,000770D8F5,K6
2021-07-30 18:53:08,00074BE89B,K6
2021-07-30 18:53:43,00074FA4F8,K6
2021-07-30 18:55:04,000770D8F5,K6
2021-07-30 20:34:50,00075D110D,K6
2021-07-30 21:17:48,00074FA4F8,K6
2021-07-30 21:20:29,000786B5F7,K6
2021-07-30 21:20:31,0007AC4999,K6
2021-07-30 21:20:40,0007ABEDDE,K6
2021-07-30 21:20:52,0007AC48AB,K6
2021-07-30 21:21:23,0007AC7789,K6
2021-07-30 21:21:30,0006B35440,K6
2021-07-30 21:22:54,00074BE89B,K6
2021-07-30 21:24:48,00068E1A0D,K6
2021-07-30 21:24:57,00074F238E,K6
2021-07-30 21:25:39,000770D8F5,K6
2021-07-30 21:25:42,0007ACA41C,K6
2021-07-30 21:26:15,0007ACA1CE,K6
2021-07-30 21:26:23,00075D2562,K6
2021-07-30 21:32:10,00075D110D,K6
2021-07-31 21:08:17,0007AC48AB,K28
2021-07-31 21:09:02,0007ABEDDE,K28
2021-07-31 21:09:09,0007AC7789,K28
2021-07-31 21:11:42,00068E1A0D,K28
2021-07-31 21:11:47,0007AC4999,K28
2021-07-31 21:11:58,000770D8F5,K28
2021-07-31 21:12:01,00075D2562,K28
2021-07-31 21:13:00,00074F238E,K28
2021-07-31 21:16:33,00075D1E39,K28
2021-07-31 21:16:35,0006B35440,K28
2021-07-31 21:16:46,000786B5F7,K28
2021-07-31 21:17:25,00071E101F,K28
2021-07-31 21:18:46,0007AC9B39,K28
2021-07-31 21:18:49,00075D110D,K28
2021-07-31 21:18:52,0007ACA41C,K28
2021-07-31 21:19:47,0007ACA1CE,K28
2021-07-31 21:24:55,00074BE89B,K28
2021-07-31 23:55:08,00075D110D,K28
2021-08-01 21:20:40,0007AC4999,K10
2021-08-01 21:20:51,0007AC48AB,K10
2021-08-01 21:21:50,00075D2562,K10
2021-08-01 21:23:01,00075D1E39,K10
2021-08-01 21:24:34,0007AC7789,K10
2021-08-01 21:25:34,00074BE89B,K10
2021-08-01 21:25:52,0007ABEDDE,K10
2021-08-01 21:25:54,00074F238E,K10
2021-08-01 21:26:01,00068E1A0D,K10
2021-08-01 21:26:17,000770D8F5,K10
2021-08-01 21:27:45,0007ACA1CE,K10
2021-08-01 21:28:09,000786B5F7,K10
2021-08-01 21:28:39,00075D110D,K10
2021-08-01 21:28:56,0007ACA41C,K10
2021-08-01 21:32:30,000786B311,K10
2021-08-01 21:32:44,0006B35440,K10
2021-08-01 21:32:47,0007AC9B39,K10
2021-08-01 21:35:36,00071E101F,K10
2021-08-02 01:21:09,00075D1E39,K10
2021-08-02 01:22:25,0007AC4999,K10
2021-08-02 01:33:32,00075D1E39,K10
2021-08-02 01:58:10,000770D8F5,K10
2021-08-02 02:01:55,0007ABEDDE,K10
2021-08-02 02:03:35,00074BE89B,K10
2021-08-02 02:04:45,0006B35440,K10
2021-08-02 02:15:36,0007AC7789,K10
2021-08-02 02:16:53,00075D1E39,K10
2021-08-02 02:17:18,0006B35440,K10
2021-08-02 02:24:32,0007ACA41C,K10
2021-08-02 02:29:14,000786B5F7,K10
2021-08-02 02:40:30,00075D1E39,K10
2021-08-02 02:42:50,0007ABEDDE,K10
2021-08-02 02:43:52,000786B5F7,K10
2021-08-02 02:46:44,0006B35440,K10
2021-08-02 02:48:50,0007AC7789,K10
2021-08-02 02:54:24,00074BE89B,K10
2021-08-02 03:06:41,00075D2562,K10
2021-08-02 03:08:48,00074BE89B,K10
2021-08-02 03:19:41,00075D110D,K10
2021-08-02 03:31:26,0006B35440,K10
2021-08-02 03:34:20,00075D110D,K10
2021-08-02 03:35:38,00075D1E39,K10
2021-08-02 03:42:11,0007AC4999,K10
2021-08-02 03:44:01,0006B35440,K10
2021-08-02 03:59:12,0007ACA1CE,K10
2021-08-02 04:01:18,00074BE89B,K10
2021-08-02 04:02:06,0007AC7789,K10
2021-08-02 04:15:39,00074BE89B,K10
2021-08-02 04:36:46,00075D1E39,K10
2021-08-02 04:42:55,0007AC48AB,K10
2021-08-02 04:43:26,00068E1A0D,K10
2021-08-02 04:48:42,000786B5F7,K10
2021-08-02 04:48:49,000770D8F5,K10
2021-08-02 04:49:45,000786B311,K10
2021-08-02 04:49:53,0006B35440,K10
2021-08-02 04:53:23,00075D110D,K10
2021-08-02 04:54:39,00074F238E,K10
2021-08-02 04:55:20,0007AC9B39,K10
2021-08-02 04:59:43,0007AC4999,K10
2021-08-02 05:00:56,00074BE89B,K10
2021-08-02 05:01:44,00068E1A0D,K10
2021-08-02 05:05:34,0007ACA1CE,K10
2021-08-02 05:07:09,00075D2562,K10
2021-08-02 21:15:46,0007AC4999,K10
2021-08-02 21:16:03,0007AC48AB,K10
2021-08-02 21:16:45,000770D8F5,K10
2021-08-02 21:17:03,0007AC7789,K10
2021-08-02 21:17:11,00075D1E39,K10
2021-08-02 21:19:13,0007ABEDDE,K10
2021-08-02 21:20:29,00074F238E,K10
2021-08-02 21:20:35,00075D2562,K10
2021-08-02 21:22:04,0007ACA41C,K10
2021-08-02 21:23:11,00068E1A0D,K10
2021-08-02 21:25:12,000786B5F7,K10
2021-08-02 21:25:26,00074BE89B,K10
2021-08-02 21:26:16,0007AC9B39,K10
2021-08-02 21:26:34,0006B35440,K10
2021-08-02 21:27:30,00075D110D,K10
2021-08-02 23:01:22,00075D1E39,K10
2021-08-02 23:49:30,00075D110D,K10
2021-08-03 00:06:04,00075D110D,K10
2021-08-03 00:12:28,00075D1E39,K10
2021-08-03 00:25:11,0007AC7789,K10
2021-08-03 00:40:29,00075D1E39,K10
2021-08-03 00:41:56,00074BE89B,K10
2021-08-03 00:43:57,0007AC7789,K10
2021-08-03 00:46:21,000786B5F7,K10
2021-08-03 01:07:54,0007ABEDDE,K10
2021-08-03 01:19:49,0007ABEDDE,K10
2021-08-03 01:22:55,00075D1E39,K10
2021-08-03 01:45:37,00075D1E39,K10
2021-08-03 01:46:54,0006B35440,K10
2021-08-03 01:53:51,0007AC4999,K10
2021-08-03 01:54:12,000770D8F5,K10
2021-08-03 01:54:35,0007ABEDDE,K10
2021-08-03 01:56:27,0007AC7789,K10
2021-08-03 01:59:29,0006B35440,K10
2021-08-03 02:03:57,0007AC4999,K10
2021-08-03 02:04:56,000770D8F5,K10
2021-08-03 02:30:03,00074BE89B,K10
2021-08-03 02:30:20,00075D1E39,K10
2021-08-03 02:41:45,0007AC4999,K10
2021-08-03 02:41:50,00074BE89B,K10
2021-08-03 02:42:54,00075D110D,K10
2021-08-03 02:45:20,0006B35440,K10
2021-08-03 02:56:35,0007AC7789,K10
2021-08-03 02:57:17,000770D8F5,K10
2021-08-03 02:59:32,00075D110D,K10
2021-08-03 03:02:28,0007AC4999,K10
2021-08-03 03:03:40,0006B35440,K10
2021-08-03 03:06:24,00074BE89B,K10
2021-08-03 03:09:43,000770D8F5,K10
2021-08-03 03:12:23,00075D1E39,K10
2021-08-03 03:21:00,00074BE89B,K10
2021-08-03 03:29:59,00075D110D,K10
2021-08-03 03:40:38,00075D110D,K10
2021-08-03 03:46:26,0007AC7789,K10
2021-08-03 03:50:12,00075D1E39,K10
2021-08-03 04:01:02,00075D1E39,K10
2021-08-03 04:28:00,00075D1E39,K10
2021-08-03 04:37:15,0007AC48AB,K10
2021-08-03 04:37:48,00074F238E,K10
2021-08-03 04:44:32,00068E1A0D,K10
2021-08-03 04:49:32,00075D2562,K10
2021-08-03 04:49:59,000786B5F7,K10
2021-08-03 04:50:14,000770D8F5,K10
2021-08-03 04:51:26,00074BE89B,K10
2021-08-03 04:54:44,0007AC7789,K10
2021-08-03 04:59:28,0006B35440,K10
2021-08-03 05:00:05,0007AC4999,K10
2021-08-03 05:01:13,0007AC9B39,K10
2021-08-03 05:02:24,00075D110D,K10
2021-08-03 05:02:59,000786B311,K10
2021-08-03 05:03:52,0007ACA1CE,K10
2021-08-03 21:17:39,00075D2562,K10
2021-08-03 21:17:56,0007AC48AB,K10
2021-08-03 21:18:47,0007AC4999,K10
2021-08-03 21:20:25,00068E1A0D,K10
2021-08-03 21:22:45,0007ABEDDE,K10
2021-08-03 21:22:55,0007ACA41C,K10
2021-08-03 21:23:08,00075D1E39,K10
2021-08-03 21:23:25,0007AC7789,K10
2021-08-03 21:23:56,000770D8F5,K10
2021-08-03 21:24:26,00074F238E,K10
2021-08-03 21:25:19,0007AC9B39,K10
2021-08-03 21:25:28,00074BE89B,K10
2021-08-03 21:27:40,0006B35440,K10
2021-08-03 21:32:09,000786B311,K10
2021-08-03 23:58:58,00075D110D,K10
2021-08-04 00:40:41,00075D1E39,K10
2021-08-04 01:27:57,00075D1E39,K10
2021-08-04 01:31:18,0006B35440,K10
2021-08-04 01:37:08,00075D110D,K10
2021-08-04 01:38:18,00074BE89B,K10
2021-08-04 01:41:44,0006B35440,K10
2021-08-04 01:48:07,00075D110D,K10
2021-08-04 01:53:55,00074BE89B,K10
2021-08-04 01:59:02,0006B35440,K10
2021-08-04 02:06:40,00075D1E39,K10
2021-08-04 02:11:17,0006B35440,K10
2021-08-04 02:24:47,0007AC7789,K10
2021-08-04 02:44:05,0006B35440,K10
2021-08-04 02:46:21,00075D2562,K10
2021-08-04 02:48:32,0007ABEDDE,K10
2021-08-04 02:58:59,00075D1E39,K10
2021-08-04 03:02:07,00075D2562,K10
2021-08-04 03:07:01,000786B5F7,K10
2021-08-04 03:07:07,0007AC4999,K10
2021-08-04 03:12:10,00075D110D,K10
2021-08-04 03:19:23,0007AC4999,K10
2021-08-04 03:20:59,00075D1E39,K10
2021-08-04 03:22:42,00075D110D,K10
2021-08-04 21:02:34,0007AC48AB,K4
2021-08-04 21:09:53,0007AC4999,K4
2021-08-04 21:14:33,0007AC48AB,K4
2021-08-04 21:14:53,0007ABEDDE,K4
2021-08-04 21:16:17,000770D8F5,K4
2021-08-04 21:16:46,0007AC7789,K4
2021-08-04 21:17:16,00074BE89B,K4
2021-08-04 21:18:55,00075D1E39,K4
2021-08-04 21:19:10,0007ACA41C,K4
2021-08-04 21:19:16,00075D2562,K4
2021-08-04 21:19:20,00074F238E,K4
2021-08-04 21:19:35,00068E1A0D,K4
2021-08-04 21:22:08,0007AC9B39,K4
2021-08-04 21:22:25,0006B35440,K4
2021-08-04 21:23:11,000786B5F7,K4
2021-08-04 21:25:07,00071E101F,K4
2021-08-04 21:25:22,000786B311,K4
2021-08-04 21:26:54,00075D110D,K4
2021-08-05 02:09:44,00075D110D,K4
2021-08-05 02:09:57,00075D1E39,K4
2021-08-05 02:17:24,0007AC7789,K4
2021-08-05 02:18:46,00075D2562,K4
2021-08-05 02:24:01,00075D1E39,K4
2021-08-05 02:29:33,0007AC7789,K4
2021-08-05 02:45:01,00075D1E39,K4
2021-08-05 02:51:27,00075D2562,K4
2021-08-05 03:12:50,00075D1E39,K4
2021-08-05 03:13:40,0007AC4999,K4
2021-08-05 03:18:10,0007AC48AB,K4
2021-08-05 03:57:50,00075D2562,K4
2021-08-05 04:00:40,00074BE89B,K4
2021-08-05 04:14:58,00075D2562,K4
2021-08-05 04:18:08,0007AC7789,K4
2021-08-05 04:56:20,00068E1A0D,K4
2021-08-05 04:58:46,00075D1E39,K4
2021-08-05 05:01:14,000770D8F5,K4
2021-08-05 05:01:40,000786B311,K4
2021-08-05 05:04:43,00075D110D,K4
2021-08-05 05:07:39,00075D2562,K4
2021-08-05 05:09:23,0007AC4999,K4
2021-08-05 05:17:08,0007AC9B39,K4
2021-08-05 06:06:55,0007ACA41C,K4
2021-08-05 18:05:21,00068E1A0D,K4
2021-08-05 18:28:18,00068E1A0D,K4
2021-08-05 18:45:00,00068E1A0D,K4
2021-08-05 20:06:43,00075D110D,K4
2021-08-05 21:17:26,0007ACA1CE,K4
2021-08-05 21:17:34,00068E1A0D,K4
2021-08-05 21:18:21,0007AC48AB,K4
2021-08-05 21:18:30,0007AC7789,K4
2021-08-05 21:19:02,00074F238E,K4
2021-08-05 21:19:06,00074BE89B,K4
2021-08-05 21:19:11,0007ABEDDE,K4
2021-08-05 21:19:57,0006B35440,K4
2021-08-05 21:20:01,00075D1E39,K4
2021-08-05 21:20:37,000770D8F5,K4
2021-08-05 21:20:48,0007AC9B39,K4
2021-08-05 21:25:06,00075D2562,K4
2021-08-05 21:25:08,0007AC4999,K4
2021-08-05 21:26:04,00071E101F,K4
2021-08-05 21:28:55,000786B311,K4
2021-08-06 01:41:59,00075D110D,K4
2021-08-06 05:02:52,00075D1E39,K4
2021-08-06 05:10:54,0006B35440,K4
2021-08-06 05:11:41,00075D2562,K4
2021-08-06 05:13:00,00075D110D,K4
2021-08-06 05:18:57,0007AC4999,K4
2021-08-06 05:34:26,00068E1A0D,K4
2021-08-06 05:54:46,0007ACA1CE,K4
2021-08-07 10:45:11,0007ABCF71,K236
2021-08-07 12:43:34,0007ABCF71,K236
2021-08-07 14:00:50,000783ED95,K236
2021-08-07 14:06:13,0007ABD3B0,K236
2021-08-07 16:07:49,000770D8F5,K236
2021-08-07 21:13:09,0007ABEDDE,K236
2021-08-07 21:13:29,00075D2562,K236
2021-08-07 21:13:34,00068E1A0D,K236
2021-08-07 21:15:18,0007AC48AB,K236
2021-08-07 21:15:59,0007AC9B39,K236
2021-08-07 21:16:02,0007AC4999,K236
2021-08-07 21:16:39,000783ED95,K236
2021-08-07 21:16:41,0007AC7789,K236
2021-08-07 21:16:54,00074F238E,K236
2021-08-07 21:18:44,0007AC37F2,K236
2021-08-07 21:19:05,0007ACA41C,K236
2021-08-07 21:19:23,000786B311,K236
2021-08-07 21:19:41,000786B5F7,K236
2021-08-07 21:22:08,0007ABD3B0,K236
2021-08-07 21:22:27,000770D8F5,K236
2021-08-07 21:22:45,0007AC8E4B,K236
2021-08-07 21:22:50,0007ABCF71,K236
2021-08-07 21:23:17,00074BE89B,K236
2021-08-07 21:23:32,00075D1E39,K236
2021-08-07 21:24:43,00071E101F,K236
2021-08-07 21:24:57,00075D110D,K236
2021-08-07 21:25:29,0006B35440,K236
2021-08-07 21:29:31,0007AC8EBE,K236
2021-08-08 13:41:28,0007AC8EBE,K35
2021-08-08 21:14:53,00068E1A0D,K31
2021-08-08 21:17:49,0007AC9B39,K31
2021-08-08 21:18:10,0007ACA1CE,K31
2021-08-08 21:18:34,0007AC4999,K31
2021-08-08 21:19:16,0007AC7789,K31
2021-08-08 21:20:40,0007AC48AB,K31
2021-08-08 21:20:46,000770D8F5,K31
2021-08-08 21:21:09,00075D110D,K31
2021-08-08 21:21:54,000786B5F7,K31
2021-08-08 21:22:26,000783ED95,K31
2021-08-08 21:22:45,0007ABCF71,K31
2021-08-08 21:23:14,0007ABEDDE,K31
2021-08-08 21:28:15,00074F238E,K35
2021-08-08 21:28:21,0007ACA41C,K35
2021-08-08 21:29:37,0007AC8E4B,K35
2021-08-08 21:30:49,000786B311,K35
2021-08-08 21:31:12,00075D2562,K35
2021-08-08 21:31:38,0007ABD3B0,K35
2021-08-08 21:31:48,00071E101F,K35
2021-08-08 21:32:25,0007AC4999,K31
2021-08-08 21:32:46,0006B35440,K35
2021-08-08 21:33:44,0007AC37F2,K35
2021-08-08 21:35:10,00074BE89B,K35
2021-08-08 21:35:30,00075D1E39,K35
2021-08-08 21:41:24,0007AC8EBE,K35
2021-08-08 23:02:11,000770D8F5,K31
2021-08-08 23:02:15,000783ED95,K31
2021-08-08 23:40:48,00075D2562,K35
2021-08-08 23:41:01,0007ABCF71,K35
2021-08-09 00:00:45,00075D2562,K35
2021-08-09 00:00:46,0007ABCF71,K35
2021-08-09 00:15:05,0007ABCF71,K35
2021-08-09 00:15:54,00074BE89B,K35
2021-08-09 00:27:13,0007ABCF71,K35
2021-08-09 00:47:25,00075D110D,K31
2021-08-09 00:49:04,0007AC4999,K31
2021-08-09 00:49:06,0007AC48AB,K31
2021-08-09 00:51:19,000786B5F7,K31
2021-08-09 00:57:44,0007ABD3B0,K31
2021-08-09 01:00:35,0007AC8EBE,K31
2021-08-09 01:26:18,00075D110D,K31
2021-08-09 01:36:35,000783ED95,K31
2021-08-09 01:42:03,0007ACA41C,K31
2021-08-09 01:49:36,0007ABCF71,K35
2021-08-09 01:54:05,0007AC8EBE,K31
2021-08-09 02:09:44,00075D110D,K31
2021-08-09 02:15:16,0007ABCF71,K31
2021-08-09 02:21:47,0007AC8EBE,K31
2021-08-09 02:31:27,0007AC8E4B,K31
2021-08-09 02:32:25,00075D110D,K31
2021-08-09 02:36:14,000783ED95,K31
2021-08-09 02:46:44,00075D1E39,K31
2021-08-09 02:46:46,0007AC8E4B,K31
2021-08-09 02:47:28,000786B5F7,K31
2021-08-09 02:47:30,0007ABD3B0,K31
2021-08-09 03:08:43,00075D110D,K31
2021-08-09 03:09:06,000770D8F5,K35
2021-08-09 03:18:24,0007AC4999,K31
2021-08-09 03:18:28,0007AC8EBE,K31
2021-08-09 03:22:00,0007ACA41C,K31
2021-08-09 03:28:43,000770D8F5,K35
2021-08-09 03:28:52,000783ED95,K35
2021-08-09 03:32:05,0007AC8EBE,K31
2021-08-09 03:39:35,000770D8F5,K35
2021-08-09 03:45:40,0007AC7789,K31
2021-08-09 03:53:28,00074BE89B,K31
2021-08-09 03:53:34,00075D1E39,K31
2021-08-09 03:57:35,0007AC7789,K35
2021-08-09 03:58:10,0007ABEDDE,K35
2021-08-09 04:13:12,000783ED95,K35
2021-08-09 04:47:44,0007AC8EBE,K31
2021-08-09 04:55:20,00075D110D,K31
2021-08-09 04:57:46,00075D2562,K31
2021-08-09 04:57:49,0007AC4999,K31
2021-08-09 05:02:36,000770D8F5,K35
2021-08-09 05:03:03,0007AC9B39,K35
2021-08-09 05:03:49,0007AC8E4B,K35
2021-08-09 05:04:55,0007AC7789,K31
2021-08-09 05:07:26,0007ACA1CE,K31
2021-08-09 05:11:34,00071E101F,K31
2021-08-09 05:12:24,00068E1A0D,K31
2021-08-09 05:19:00,0007AC7789,K31
2021-08-09 05:31:06,0007AC8E4B,K35
2021-08-09 19:58:56,0007ABCF71,K31
2021-08-09 21:00:55,00068E1A0D,K31
2021-08-09 21:10:49,00075D1E39,K31
2021-08-09 21:10:54,000786B5F7,K31
2021-08-09 21:10:59,0007AC7789,K31
2021-08-09 21:12:30,00074BE89B,K31
2021-08-09 21:13:40,0006B35440,K31
2021-08-09 21:14:01,0007AC48AB,K31
2021-08-09 21:14:24,00075D110D,K31
2021-08-09 21:14:39,0007ACA41C,K31
2021-08-09 21:14:46,0007ABD3B0,K31
2021-08-09 21:14:50,0007ABCF71,K31
2021-08-09 21:14:52,00075D2562,K31
2021-08-09 21:16:23,000786B311,K31
2021-08-09 21:16:28,00071E101F,K31
2021-08-09 21:17:55,0007AC8E4B,K31
2021-08-09 21:18:05,0007AC37F2,K31
2021-08-09 21:27:00,0007AC8EBE,K31
2021-08-10 17:10:21,000783ED95,K7
2021-08-10 20:55:37,00068E1A0D,K7
2021-08-10 21:04:51,00075D1E39,K7
2021-08-10 21:11:22,0007AC4999,K7
2021-08-10 21:11:32,0007AC37F2,K7
2021-08-10 21:12:16,000783ED95,K7
2021-08-10 21:12:59,0007AC7789,K7
2021-08-10 21:14:22,0007AC8EBE,K7
2021-08-10 21:14:24,00074BE89B,K7
2021-08-10 21:14:34,0007ABCF71,K7
2021-08-10 21:14:53,000770D8F5,K7
2021-08-10 21:16:20,00075D110D,K7
2021-08-10 21:17:27,0007ABD3B0,K7
2021-08-11 12:57:50,000783ED95,K18
2021-08-11 14:31:44,0007ABD3B0,K18
2021-08-11 14:35:51,0007AC37F2,K18
2021-08-11 15:48:27,0007ABCF71,K18
2021-08-11 18:46:58,0007ABCF71,K18
2021-08-11 20:01:27,0007AC37F2,K18
2021-08-11 20:34:33,000783ED95,K18
2021-08-11 20:56:45,00074F238E,K18
2021-08-11 20:57:03,0006B35440,K18
2021-08-11 21:00:58,00068E1A0D,K18
2021-08-11 21:01:07,0007AC48AB,K18
2021-08-11 21:01:10,00071E101F,K18
2021-08-11 21:01:26,00075D2562,K18
2021-08-11 21:02:01,00074BE89B,K18
2021-08-11 21:02:36,0007AC4999,K18
2021-08-11 21:04:58,000783ED95,K18
2021-08-11 21:05:51,00075D1E39,K18
2021-08-11 21:07:19,0007ACA1CE,K18
2021-08-11 21:08:00,0007AC9B39,K18
2021-08-11 21:08:31,000770D8F5,K18
2021-08-11 21:08:34,000786B5F7,K18
2021-08-11 21:08:40,0007ABD3B0,K18
2021-08-11 21:08:48,0007AC7789,K18
2021-08-11 21:09:24,0007AC37F2,K18
2021-08-11 21:11:08,000786B311,K18
2021-08-11 21:12:10,0007ABEDDE,K18
2021-08-11 21:12:18,0007ABCF71,K18
2021-08-11 21:14:13,00075D110D,K18
2021-08-12 05:08:09,0007ABD3B0,K18
2021-08-12 05:08:16,000786B5F7,K18
2021-08-12 05:08:26,00075D110D,K18
2021-08-12 05:10:07,00074F238E,K18
2021-08-12 05:10:47,00075D2562,K18
2021-08-12 05:10:53,0007ACA1CE,K18
2021-08-12 05:13:31,0007AC8EBE,K18
2021-08-12 05:14:32,0007AC4999,K18
2021-08-12 05:16:59,00068E1A0D,K18
2021-08-12 05:21:20,0007ABCF71,K18
2021-08-12 05:21:59,0007AC37F2,K18
2021-08-12 05:28:24,0006B35440,K18
2021-08-12 05:31:41,0007AC9B39,K18
2021-08-12 05:39:40,000783ED95,K18
2021-08-12 07:33:44,0007ABCF71,K18
2021-08-12 11:44:34,0007AC8EBE,K18
2021-08-12 12:14:22,000783ED95,K18
2021-08-12 12:34:38,000783ED95,K18
2021-08-12 12:35:32,0007AC8EBE,K18
2021-08-12 12:45:33,0007AC8EBE,K18
2021-08-12 12:54:32,0007ABD3B0,K18
2021-08-12 13:15:31,000783ED95,K18
2021-08-12 13:46:38,000783ED95,K18
2021-08-12 13:58:54,000783ED95,K18
2021-08-12 15:16:50,0007ABCF71,K18
2021-08-12 15:26:51,0007ABCF71,K18
2021-08-12 15:39:48,000783ED95,K18
2021-08-12 15:49:49,000783ED95,K18
2021-08-12 15:59:50,000783ED95,K18
2021-08-12 16:23:12,000783ED95,K18
2021-08-12 16:33:13,000783ED95,K18
2021-08-12 16:43:14,000783ED95,K18
2021-08-12 16:53:15,000783ED95,K18
2021-08-12 16:59:20,0007AC8EBE,K18
2021-08-12 17:28:18,0007AC8EBE,K18
2021-08-12 17:43:06,0007AC8EBE,K18
2021-08-12 17:43:59,000770D8F5,K18
2021-08-12 18:46:49,000783ED95,K18
2021-08-12 19:10:09,000783ED95,K18
2021-08-12 19:44:20,000783ED95,K18
2021-08-12 19:54:21,000783ED95,K18
2021-08-12 20:04:22,000783ED95,K18
2021-08-12 20:52:27,00074F238E,K18
2021-08-12 20:52:46,0007AC48AB,K18
2021-08-12 20:55:20,00075D1E39,K18
2021-08-12 20:55:27,0007AC4999,K18
2021-08-12 20:57:37,00075D2562,K18
2021-08-12 20:57:54,0007AC7789,K18
2021-08-12 20:58:31,00068E1A0D,K18
2021-08-12 20:59:33,0007AC8EBE,K18
2021-08-12 21:00:03,0007ABCF71,K18
2021-08-12 21:01:27,000770D8F5,K18
2021-08-12 21:01:33,000786B311,K18
2021-08-12 21:01:45,0007AC37F2,K18
2021-08-12 21:01:54,0007ACA41C,K18
2021-08-12 21:03:24,0006B35440,K18
2021-08-12 21:05:24,00071E101F,K18
2021-08-12 21:05:48,00074BE89B,K18
2021-08-12 21:05:56,000783ED95,K18
2021-08-12 21:06:15,000786B5F7,K18
2021-08-12 21:09:57,0007ABD3B0,K18
2021-08-12 21:10:16,0007ABEDDE,K18
2021-08-12 21:10:24,00075D110D,K18
2021-08-13 11:05:32,0007ABCF71,K12
2021-08-13 12:20:25,000783ED95,K12
2021-08-13 13:20:52,000783ED95,K12
2021-08-13 13:37:43,0007AC37F2,K12
2021-08-13 14:00:18,0007AC8EBE,K12
2021-08-13 14:02:00,000783ED95,K12
2021-08-13 14:21:13,000783ED95,K12
2021-08-13 14:31:14,000783ED95,K12
2021-08-13 14:41:30,000783ED95,K12
2021-08-13 14:51:35,000783ED95,K12
2021-08-13 14:52:22,0007AC37F2,K12
2021-08-13 14:53:35,0007AC8EBE,K12
2021-08-13 15:24:25,000783ED95,K12
2021-08-13 15:34:26,000783ED95,K12
2021-08-13 15:36:32,0007AC8EBE,K12
2021-08-13 15:44:29,000783ED95,K12
2021-08-13 15:48:35,0007ABCF71,K12
2021-08-13 15:55:14,0007AC8EBE,K12
2021-08-13 15:55:20,0007AC37F2,K12
2021-08-13 16:05:15,0007AC8EBE,K12
2021-08-13 16:08:23,000783ED95,K12
2021-08-13 16:15:16,0007AC8EBE,K12
2021-08-13 16:19:55,000783ED95,K12
2021-08-13 16:25:46,0007AC8EBE,K12
2021-08-13 16:31:12,0007ABCF71,K12
2021-08-13 16:35:10,000783ED95,K12
2021-08-13 16:36:41,0007AC37F2,K12
2021-08-13 16:40:52,0007AC8EBE,K12
2021-08-13 16:50:53,0007AC8EBE,K12
2021-08-13 17:00:54,0007AC8EBE,K12
2021-08-13 17:12:36,000783ED95,K12
2021-08-13 17:15:12,0007ABD3B0,K12
2021-08-13 17:44:12,0007ACA41C,K12
2021-08-13 17:55:13,0007ABCF71,K12
2021-08-13 17:55:45,0007AC8EBE,K12
2021-08-13 17:55:52,000783ED95,K12
2021-08-13 18:06:07,0007ABCF71,K12
2021-08-13 18:12:37,000783ED95,K12
2021-08-13 18:22:38,000783ED95,K12
2021-08-14 12:25:27,0007ABCF71,K35
2021-08-14 14:55:05,0007ABD3B0,K1
2021-08-14 20:03:48,000783ED95,K1
2021-08-14 20:56:24,0007AC4999,K35
2021-08-14 20:56:26,00075D2562,K35
2021-08-14 20:57:38,0007AC7789,K35
2021-08-14 20:58:37,0007ACA41C,K35
2021-08-14 21:00:37,0007AC48AB,K1
2021-08-14 21:00:40,0007AC9B39,K1
2021-08-14 21:01:13,00068E1A0D,K1
2021-08-14 21:02:07,00071E101F,K35
2021-08-14 21:02:35,0007AC37F2,K1
2021-08-14 21:02:59,000786B5F7,K1
2021-08-14 21:03:04,00074F238E,K35
2021-08-14 21:04:10,000783ED95,K1
2021-08-14 21:04:40,0007ABCF71,K35
2021-08-14 21:05:11,00074BE89B,K35
2021-08-14 21:05:40,0007ACA1CE,K35
2021-08-14 21:06:59,0007ABEDDE,K35
2021-08-14 21:07:55,000786B311,K1
2021-08-14 21:07:56,0007ABD3B0,K1
2021-08-14 21:07:57,000770D8F5,K35
2021-08-14 21:08:15,0006B35440,K1
2021-08-14 21:08:18,00075D1E39,K1
2021-08-14 21:10:22,00075D110D,K35
2021-08-15 05:11:49,00075D110D,K35
2021-08-15 05:15:33,000786B5F7,K35
2021-08-15 05:17:43,0006B35440,K35
2021-08-15 05:18:31,00068E1A0D,K1
2021-08-15 05:19:09,0007AC8EBE,K1
2021-08-15 05:19:14,0007AC4999,K1
2021-08-15 05:19:38,000786B311,K1
2021-08-15 05:21:09,00075D2562,K1
2021-08-15 05:27:44,0007AC48AB,K35
2021-08-15 05:27:55,0007ABEDDE,K35
2021-08-15 05:30:26,000783ED95,K35
2021-08-15 05:40:14,0006B35440,K1
2021-08-15 05:43:22,0007ACA1CE,K1
2021-08-15 09:55:15,0007ABCF71,K1
2021-08-15 12:34:17,0007AC37F2,K1
2021-08-15 12:50:47,000783ED95,K1
2021-08-15 13:22:00,0007AC37F2,K1
2021-08-15 14:21:22,000783ED95,K1
2021-08-15 15:12:10,0007AC8EBE,K1
2021-08-15 16:43:48,000783ED95,K1
2021-08-15 17:32:05,0007ABCF71,K1
2021-08-15 18:24:06,000783ED95,K1
2021-08-15 20:49:30,00074F238E,K35
2021-08-15 20:49:44,0007ABCF71,K1
2021-08-15 20:50:05,0007AC48AB,K1
2021-08-15 20:50:47,00075D2562,K1
2021-08-15 20:51:41,0007AC4999,K1
2021-08-15 20:52:00,0007AC9B39,K1
2021-08-15 20:52:05,00068E1A0D,K1
2021-08-15 20:52:42,0007AC7789,K1
2021-08-15 20:53:10,000786B311,K1
2021-08-15 20:53:41,000786B5F7,K35
2021-08-15 20:53:59,00074BE89B,K35
2021-08-15 20:54:01,000783ED95,K1
2021-08-15 20:54:04,0006B35440,K1
2021-08-15 20:55:16,0007ACA1CE,K35
2021-08-15 20:55:26,0007AC37F2,K1
2021-08-15 20:56:08,00075D1E39,K35
2021-08-15 20:56:34,0007ABD3B0,K1
2021-08-15 20:57:01,0007AC8EBE,K1
2021-08-15 21:01:41,0007ABEDDE,K1
2021-08-15 21:12:37,00075D110D,K35
2021-08-16 05:30:43,00075D110D,K35
2021-08-16 05:31:13,0007AC4999,K35
2021-08-16 05:31:24,0007ABCF71,K35
2021-08-16 05:32:01,000770D8F5,K35
2021-08-16 05:32:58,00075D2562,K35
2021-08-16 05:33:37,0007ACA1CE,K35
2021-08-16 05:40:50,00068E1A0D,K35
2021-08-16 05:42:46,0007AC37F2,K35
2021-08-16 05:44:43,00071E101F,K35
2021-08-16 06:02:01,0007AC37F2,K35
2021-08-16 13:18:28,0007AC37F2,K35
2021-08-16 13:28:17,0007ABCF71,K35
2021-08-16 17:24:21,0007AC37F2,K35
2021-08-16 20:57:16,0007ABCF71,K35
2021-08-16 20:58:50,000783ED95,K35
2021-08-16 20:58:58,0007AC37F2,K35
2021-08-16 21:01:18,00075D1E39,K35
2021-08-16 21:01:22,0007AC7789,K35
2021-08-16 21:01:34,0007AC48AB,K35
2021-08-16 21:06:07,0007ABD3B0,K35
2021-08-16 21:06:17,00074F238E,K35
2021-08-16 21:06:25,00075D2562,K35
2021-08-16 21:06:49,000786B311,K35
2021-08-16 21:06:57,0007AC4999,K35
2021-08-16 21:07:09,00074BE89B,K35
2021-08-16 21:08:24,000786B5F7,K35
2021-08-16 21:08:52,0006B35440,K35
2021-08-16 21:11:17,0007ABEDDE,K35
2021-08-16 21:12:30,0007ABCF71,K35
2021-08-16 21:18:18,00075D110D,K35
2021-08-16 21:18:24,000770D8F5,K35
2021-08-16 21:53:48,0007AC8EBE,K35
2021-08-16 21:54:00,0007ABCF71,K35
2021-08-16 21:54:02,0007ABD3B0,K35
2021-08-17 02:50:35,0007AC8EBE,K35
2021-08-17 05:02:43,0007AC8EBE,K35
2021-08-17 05:02:48,0007AC4999,K35
2021-08-17 05:03:27,0007ABCF71,K35
2021-08-17 05:06:18,000770D8F5,K35
2021-08-17 05:06:51,00075D2562,K35
2021-08-17 05:07:46,000783ED95,K35
2021-08-17 05:14:15,0007AC37F2,K35
2021-08-17 05:18:15,0007ACA1CE,K35
2021-08-17 20:45:49,0007ACA41C,K35
2021-08-17 20:47:43,0007AC8EBE,K35
2021-08-17 20:47:50,0007AC48AB,K35
2021-08-17 20:49:16,0007AC9B39,K35
2021-08-17 20:53:55,0007ABCF71,K35
2021-08-17 20:54:07,0007AC37F2,K35
2021-08-17 20:54:33,0007ACA1CE,K35
2021-08-17 20:55:52,000786B5F7,K35
2021-08-17 20:56:04,000786B311,K35
2021-08-17 20:56:09,000783ED95,K35
2021-08-17 20:58:45,0007ABD3B0,K35
2021-08-17 21:23:37,00074BE89B,K35
2021-08-17 21:25:10,00075D2562,K35
2021-08-17 21:25:46,0007ABEDDE,K35
2021-08-17 21:27:09,000770D8F5,K35
2021-08-17 21:37:24,0007ABCF71,K35
2021-08-17 21:41:05,00075D1E39,K35
2021-08-17 21:43:18,000783ED95,K35
2021-08-18 05:00:16,000786B5F7,K35
2021-08-18 18:38:05,000783ED95,K6
2021-08-18 18:54:40,0007AC8EBE,K6
2021-08-18 20:42:33,00074F238E,K6
2021-08-18 20:45:20,00075D1E39,K6
2021-08-18 20:45:27,0007AC7789,K6
2021-08-18 20:50:58,000786B5F7,K6
2021-08-18 20:52:46,0007AC48AB,K6
2021-08-18 20:54:02,0007ACA1CE,K6
2021-08-18 20:54:09,0007ABD3B0,K6
2021-08-18 20:54:39,0007AC37F2,K6
2021-08-18 20:55:19,0007AC9B39,K6
2021-08-18 20:55:59,00071E101F,K6
2021-08-18 20:57:09,00075D2562,K6
2021-08-18 20:57:50,0007ACA41C,K6
2021-08-18 20:58:05,0007ABEDDE,K6
2021-08-18 20:59:02,0007AC8EBE,K6
2021-08-18 21:02:51,000783ED95,K6
2021-08-18 21:04:39,000770D8F5,K6
2021-08-19 05:28:02,000786B5F7,K6
2021-08-19 05:28:18,0007ABD3B0,K6
2021-08-21 16:40:51,000783ED95,K28
2021-08-21 17:20:00,000783ED95,K28
2021-08-21 17:30:01,000783ED95,K28
2021-08-21 18:11:25,000783ED95,K28
2021-08-21 18:21:26,000783ED95,K28
2021-08-21 18:51:36,0007ABCF71,K28
2021-08-21 20:37:17,00068E1A0D,K28
2021-08-21 20:40:14,0007AC4999,K28
2021-08-21 20:43:00,000783ED95,K28
2021-08-21 20:43:21,0007ACA41C,K28
2021-08-21 20:44:22,0007AC8EBE,K28
2021-08-21 20:44:58,0007AC7789,K28
2021-08-21 20:45:48,0007AC48AB,K28
2021-08-21 20:45:54,00074F238E,K28
2021-08-21 20:46:56,00075D1E39,K28
2021-08-21 20:47:01,0007ABD3B0,K28
2021-08-21 20:47:06,00075D2562,K28
2021-08-21 20:47:10,0006B35440,K28
2021-08-21 20:47:22,0007AC37F2,K28
2021-08-21 20:48:56,000786B5F7,K28
2021-08-21 20:49:44,000770D8F5,K28
2021-08-21 20:59:39,0007ACA1CE,K28
2021-08-21 21:00:28,00074BE89B,K28
2021-08-21 21:01:18,00075D110D,K28
2021-08-22 05:40:35,000786B5F7,K28
2021-08-22 05:42:11,0007AC4999,K28
2021-08-22 05:44:34,00075D2562,K28
2021-08-22 05:46:22,0007AC7789,K28
2021-08-22 05:47:30,0007AC37F2,K28
2021-08-22 21:09:05,0007AC37F2,K28
2021-08-22 21:09:12,0007ACA41C,K28
2021-08-22 21:09:17,0007AC7789,K28
2021-08-22 21:10:43,0007AC9B39,K28
2021-08-22 21:10:49,0007ABD3B0,K28
2021-08-22 21:10:58,000786B5F7,K28
2021-08-22 21:11:24,000783ED95,K28
2021-08-22 21:14:39,0007AC48AB,K28
2021-08-22 21:14:50,00074BE89B,K28
2021-08-22 21:17:24,0007ABCF71,K28
2021-08-22 21:17:34,0007ACA1CE,K28
2021-08-22 21:18:24,00075D1E39,K28
2021-08-22 21:18:34,0007ABEDDE,K28
2021-08-22 21:18:58,000786B311,K28
2021-08-22 21:20:02,00068E1A0D,K28
2021-08-22 21:21:41,00075D110D,K28
2021-08-23 20:47:30,000786B5F7,K17
2021-08-23 20:47:45,0007ACA41C,K17
2021-08-23 20:48:09,000783ED95,K17
2021-08-23 20:48:53,000786B311,K17
2021-08-23 20:49:00,0007ABCF71,K17
2021-08-23 20:49:07,000770D8F5,K17
2021-08-23 20:49:30,0007ABD3B0,K17
2021-08-23 20:50:10,0007AC7789,K17
2021-08-24 20:54:19,0007ABD3B0,K7
2021-08-24 20:54:28,00074F238E,K7
2021-08-24 20:54:58,0007AC48AB,K7
2021-08-24 20:56:03,00075D1E39,K7
2021-08-24 20:56:14,0007ACA41C,K7
2021-08-24 20:56:38,000786B5F7,K7
2021-08-24 20:57:19,00074BE89B,K7
2021-08-24 20:58:56,0007ACA1CE,K7
2021-08-24 20:59:14,000783ED95,K7
2021-08-24 21:02:56,00075D110D,K7
2021-08-24 21:04:09,000770D8F5,K7
2021-08-24 21:05:24,0007ABCF71,K7
2021-08-24 23:40:19,0007AC8EBE,K7
2021-08-24 23:56:24,0007AC8EBE,K7
2021-08-25 05:19:46,0007ABD3B0,K7
2021-08-25 05:28:02,0007ACA41C,K7
2021-08-25 05:29:55,0007ABD3B0,K7
2021-08-25 05:30:34,0007AC8EBE,K7
2021-08-25 05:52:00,000770D8F5,K7
2021-08-25 05:53:18,0007ABEDDE,K7
2021-08-25 05:54:28,00074BE89B,K7
2021-08-25 20:47:44,000786B5F7,K7
2021-08-25 20:53:27,00074F238E,K7
2021-08-25 20:53:37,0007ABD3B0,K7
2021-08-25 20:54:30,0007ABCF71,K7
2021-08-25 20:55:55,0007ACA1CE,K7
2021-08-25 20:56:48,0007ACA41C,K7
2021-08-25 20:57:51,0007ABEDDE,K7
2021-08-25 20:58:40,000770D8F5,K7
2021-08-25 20:59:12,0007AC8EBE,K7
2021-08-26 14:14:44,0007ABCF71,K21
2021-08-26 20:31:28,0007ACA41C,K21
2021-08-26 20:33:40,00068E1A0D,K21
2021-08-26 20:35:36,0007AC7789,K21
2021-08-26 20:36:20,0007ABCF71,K21
2021-08-26 20:37:52,0007ABD3B0,K21
2021-08-26 20:38:55,00075D1E39,K21
2021-08-26 20:39:09,0007AC9B39,K21
2021-08-26 20:39:13,000786B5F7,K21
2021-08-26 20:39:33,000783ED95,K21
2021-08-26 20:40:04,00074F238E,K21
2021-08-26 20:41:53,000786B311,K21
2021-08-26 20:42:40,0007AC48AB,K21
2021-08-26 20:42:57,0007AC8EBE,K21
2021-08-26 20:46:09,0007AC4999,K21
2021-08-26 20:47:12,00075D110D,K21
2021-08-26 20:47:44,0006B35440,K21
2021-08-26 20:48:56,000770D8F5,K21
2021-08-26 20:49:17,0007ACA1CE,K21
2021-08-27 05:32:14,0006B35440,K21
2021-08-28 15:18:10,0007AC8EBE,K15
2021-08-28 15:18:35,0007ABCF71,K15
2021-08-28 15:57:58,000783ED95,K15
2021-08-28 21:04:01,000783ED95,K15
2021-08-28 21:06:02,0007ABD3B0,K15
2021-08-28 21:09:00,0007ABCF71,K15
2021-08-29 05:21:14,0007AC8EBE,K15
2021-08-30 17:11:50,0007ABCF71,K27
2021-08-30 20:32:58,000783ED95,K27
2021-08-30 20:34:04,0007ABCF71,K27
2021-08-30 20:39:57,000770D8F5,K27
2021-08-31 05:37:27,00075D1E39,K27
2021-08-31 05:38:12,0007ABEDDE,K27
2021-08-31 05:38:15,0007ABD3B0,K27
2021-08-31 05:42:27,0007AC8EBE,K27
2021-08-31 20:35:09,0007AC48AB,K35
2021-08-31 20:38:40,0007AC9B39,K35
2021-08-31 20:38:50,0007ABD3B0,K35
2021-08-31 20:40:16,00075D1E39,K35
2021-08-31 20:41:27,00074F238E,K35
2021-08-31 20:41:31,0007ACA41C,K35
2021-08-31 20:41:45,000786B311,K35
2021-08-31 20:43:07,000783ED95,K35
2021-08-31 20:43:20,0007AC4999,K35
2021-08-31 20:44:46,00071E101F,K35
2021-08-31 20:46:50,0007ABEDDE,K35
2021-08-31 20:49:25,0007ABCF71,K35
2021-08-31 20:49:44,0007ACA1CE,K35
2021-08-31 20:50:13,00075D2562,K35
2021-08-31 20:51:59,000786B5F7,K35
2021-09-01 05:40:56,00075D110D,K35
2021-09-01 05:41:11,000770D8F5,K35
2021-09-01 05:41:22,00075D2562,K35
2021-09-01 05:41:50,00068E1A0D,K35
2021-09-01 05:42:26,0007ABCF71,K35
2021-09-01 05:43:15,0007AC4999,K35
2021-09-01 05:43:37,0007ACA1CE,K35
2021-09-01 05:46:52,00075D1E39,K35
2021-09-01 05:50:39,000783ED95,K35
2021-09-01 05:50:44,0007AC9B39,K35
2021-09-01 20:32:01,00074F238E,K35
2021-09-01 20:33:23,0007ABCF71,K35
2021-09-01 20:33:29,0007AC48AB,K35
2021-09-01 20:35:20,0007AC7789,K35
2021-09-01 20:36:10,00075D1E39,K35
2021-09-01 20:37:46,000783ED95,K35
2021-09-01 20:38:33,0007AC9B39,K35
2021-09-01 20:42:51,0007AC4999,K35
2021-09-01 20:45:44,0007ABD3B0,K35
2021-09-01 20:48:58,000786B5F7,K35
2021-09-01 20:51:11,00075D2562,K35
2021-09-02 05:40:54,00075D2562,K35
2021-09-02 05:41:08,00068E1A0D,K35
2021-09-02 05:42:19,000770D8F5,K35
2021-09-02 05:46:50,0007AC4999,K35
2021-09-02 05:47:20,00075D110D,K35
2021-09-02 05:49:24,0007ACA1CE,K35
2021-09-02 20:31:01,0007AC8EBE,K35
2021-09-02 20:33:28,0007AC9B39,K35
2021-09-02 20:36:52,00074F238E,K32
2021-09-02 20:37:38,00068E1A0D,K35
2021-09-02 20:38:25,0007AC48AB,K35
2021-09-02 20:38:49,0007ABEDDE,K32
2021-09-02 20:40:21,00075D1E39,K32
2021-09-02 20:40:46,0007ABCF71,K35
2021-09-02 20:40:51,00071E101F,K35
2021-09-02 20:40:53,000786B5F7,K32
2021-09-02 20:42:15,000786B311,K32
2021-09-02 20:42:16,00075D2562,K35
2021-09-02 20:42:54,000770D8F5,K35
2021-09-02 20:43:02,0006B35440,K32
2021-09-02 20:43:23,00075D110D,K35
2021-09-03 05:40:31,0007ABD3B0,K32
2021-09-03 05:40:57,00075D110D,K32
2021-09-03 05:44:11,000770D8F5,K32
2021-09-03 05:44:16,00068E1A0D,K32
2021-09-03 05:45:22,0007AC4999,K32
2021-09-03 05:46:25,00075D2562,K32
2021-09-03 05:47:23,0007ABEDDE,K32
2021-09-03 05:47:38,000786B311,K32
2021-09-03 05:52:23,0007AC9B39,K32
2021-09-03 05:53:27,0007ACA41C,K32
2021-09-03 06:05:27,0007ABEDDE,K32
2021-09-03 20:21:24,00075D1E39,K32
2021-09-03 20:21:50,00074F238E,K32
2021-09-03 20:22:28,00068E1A0D,K32
2021-09-03 20:22:43,0007AC48AB,K32
2021-09-03 20:22:48,0007AC9B39,K32
2021-09-03 20:22:50,0007ACA41C,K32
2021-09-03 20:24:34,0007AC8EBE,K32
2021-09-03 20:26:43,0006B35440,K32
2021-09-03 20:27:33,000786B311,K32
2021-09-03 20:28:07,000786B5F7,K32
2021-09-03 20:28:11,0007AC7789,K32
2021-09-03 20:28:29,000783ED95,K32
2021-09-03 20:28:40,00075D2562,K32
2021-09-03 20:29:40,0007ABD3B0,K32
2021-09-03 20:30:18,0007ABEDDE,K32
2021-09-03 20:31:13,00071E101F,K32
2021-09-03 20:31:17,00074BE89B,K32
2021-09-03 20:31:21,0007ACA1CE,K32
2021-09-03 20:33:59,000770D8F5,K32
2021-09-04 05:38:29,00075D1E39,K32
2021-09-04 05:39:14,00068E1A0D,K32
2021-09-04 05:39:23,0007ABD3B0,K32
2021-09-04 05:43:41,00075D110D,K32
2021-09-04 05:43:48,000786B311,K32
2021-09-04 05:47:55,0007AC4999,K32
2021-09-04 06:03:42,00075D2562,K32
2021-09-04 20:14:31,0007AC4999,K32
2021-09-04 20:15:07,0007AC9B39,K32
2021-09-04 20:15:12,0007AC48AB,K32
2021-09-04 20:16:14,00068E1A0D,K32
2021-09-04 20:17:19,00075D1E39,K32
2021-09-04 20:19:59,000783ED95,K32
2021-09-04 20:21:35,00071E101F,K32
2021-09-04 20:21:48,0007ABD3B0,K32
2021-09-04 20:22:15,0007AC7789,K32
2021-09-04 20:22:23,000786B311,K32
2021-09-04 20:23:40,0007ABEDDE,K32
2021-09-04 20:25:27,000786B5F7,K32
2021-09-04 20:25:50,0006B35440,K32
2021-09-04 20:29:27,000770D8F5,K32
2021-09-05 05:42:39,0007ABD3B0,K32
2021-09-05 05:46:28,0007ABEDDE,K32
2021-09-05 05:47:40,00075D110D,K32
2021-09-05 05:50:58,000786B311,K32
2021-09-05 05:51:58,0007AC8EBE,K32
2021-09-05 05:53:34,00068E1A0D,K32
2021-09-05 06:01:13,0007AC4999,K32
2021-09-05 06:03:00,00075D2562,K32
2021-09-05 20:11:53,00075D1E39,K32
2021-09-05 20:13:24,0007AC9B39,K32
2021-09-05 20:14:45,0007AC8EBE,K32
2021-09-05 20:16:49,00075D2562,K32
2021-09-05 20:17:00,00071E101F,K32
2021-09-05 20:17:18,00068E1A0D,K32
2021-09-05 20:17:58,000783ED95,K32
2021-09-05 20:20:44,0007ABCF71,K32
2021-09-05 20:25:21,0006B35440,K32
2021-09-05 20:27:20,000770D8F5,K32
2021-09-05 20:28:10,000786B5F7,K32
2021-09-05 20:28:17,0007ACA1CE,K32
2021-09-05 20:28:29,00075D110D,K32
2021-09-05 20:28:52,0007ABD3B0,K32
2021-09-06 20:03:02,00075D1E39,K19
2021-09-06 20:03:20,00071E101F,K19
2021-09-06 20:05:19,0007AC9B39,K19
2021-09-06 20:06:18,00068E1A0D,K19
2021-09-06 20:11:15,0007AC7789,K19
2021-09-06 20:13:07,00075D2562,K19
2021-09-06 20:13:17,00074BE89B,K19
2021-09-06 20:14:09,0007AC4999,K19
2021-09-06 20:15:36,00074F238E,K19
2021-09-06 20:15:56,000786B311,K19
2021-09-06 20:17:02,000783ED95,K19
2021-09-06 20:17:39,0007ABEDDE,K19
2021-09-06 20:19:01,0007ABCF71,K19
2021-09-06 20:20:08,0006B35440,K19
2021-09-06 20:25:01,000770D8F5,K19
2021-09-06 20:27:58,0007ACA1CE,K19
2021-09-06 20:28:53,00075D110D,K19
2021-09-07 20:05:06,00068E1A0D,K7
2021-09-07 20:12:46,00075D2562,K7
2021-09-07 20:13:31,0007AC7789,K7
2021-09-07 20:15:01,000783ED95,K7
2021-09-07 20:15:13,0007ACA41C,K7
2021-09-07 20:15:56,0006B35440,K7
2021-09-07 20:18:19,000786B311,K7
2021-09-07 20:19:00,0007ABCF71,K7
2021-09-07 20:20:27,0007ABEDDE,K7
2021-09-07 20:22:55,000786B5F7,K7
2021-09-07 20:24:23,00075D110D,K7
2021-09-07 20:24:52,000770D8F5,K7
2021-09-08 20:03:33,00075D2562,K26
2021-09-08 20:06:01,00068E1A0D,K26
2021-09-08 20:11:44,0007AC7789,K26
2021-09-08 20:13:35,0007AC4999,K26
2021-09-08 20:13:53,0007AC8EBE,K26
2021-09-08 20:14:01,0007ABD3B0,K26
2021-09-08 20:14:06,0007ACA41C,K26
2021-09-08 20:18:04,00075D110D,K26
2021-09-08 20:20:33,0007ABEDDE,K26
2021-09-09 05:47:44,0007AC4999,K26
2021-09-09 05:48:01,0007AC8EBE,K26
2021-09-09 05:49:59,00075D2562,K26
2021-09-09 05:52:54,0007ABEDDE,K26
2021-09-09 05:53:44,00075D1E39,K26
2021-09-09 05:54:54,00068E1A0D,K26
2021-09-09 05:58:51,00075D110D,K26
2021-09-09 19:53:12,00075D1E39,K26
2021-09-09 19:58:48,00068E1A0D,K26
2021-09-09 20:00:32,0007AC4999,K26
2021-09-09 20:02:17,000786B5F7,K26
2021-09-09 20:05:34,00075D2562,K26
2021-09-09 20:09:04,0007ACA41C,K26
2021-09-09 20:12:26,0007ABD3B0,K26
2021-09-09 20:17:28,0007ABEDDE,K26
2021-09-09 20:17:46,0007ACA1CE,K26
2021-09-09 20:18:11,00075D110D,K26
2021-09-10 05:51:56,000786B5F7,K26
2021-09-10 05:56:06,00075D1E39,K26
2021-09-10 06:02:04,00075D2562,K26
2021-09-10 06:02:07,0007AC4999,K26
2021-09-10 06:04:14,00075D110D,K26
2021-09-10 19:57:17,00068E1A0D,K26
2021-09-10 20:01:20,0007AC4999,K26
2021-09-10 20:02:10,00075D1E39,K26
2021-09-10 20:02:47,00075D2562,K26
2021-09-10 20:10:49,0007ACA41C,K26
2021-09-10 20:12:27,0007AC8EBE,K26
2021-09-10 20:12:46,0007ABD3B0,K26
2021-09-10 20:14:16,00075D110D,K26
2021-09-11 05:59:54,0007AC48AB,K26
2021-09-11 20:05:01,00068E1A0D,K31
2021-09-11 20:08:05,0007AC4999,K31
2021-09-11 20:14:44,0007ABD3B0,K31
2021-09-11 20:16:12,00075D110D,K31
2021-09-12 05:59:43,00075D2562,K31
2021-09-12 05:59:53,00075D110D,K31
2021-09-12 06:00:31,0007AC8EBE,K31
2021-09-12 06:01:43,0007AC4999,K31
2021-09-12 06:01:55,00068E1A0D,K31
2021-09-12 20:01:58,00075D2562,K31
2021-09-12 20:08:24,00068E1A0D,K31
2021-09-12 20:09:26,0007ACA41C,K31
2021-09-12 20:13:47,0007ABD3B0,K31
2021-09-12 20:13:55,00071E101F,K31
2021-09-12 20:15:49,00075D110D,K31
2021-09-13 05:53:04,00068E1A0D,K31
2021-09-13 06:00:10,00075D110D,K31
2021-09-13 06:03:42,0007AC4999,K31
